{
  "dataset": {
    "source_csv": "C:\\競輪AI\\data_official\\training\\008_historical_training_dataset.csv",
    "row_count": 2565,
    "feature_count": 181,
    "categorical_feature_count": 36,
    "numeric_feature_count": 145,
    "date_count": 34,
    "first_date": "20260601",
    "last_date": "20260704"
  },
  "split": {
    "method": "date_order_80_20",
    "train_date_count": 27,
    "test_date_count": 7,
    "train_first_date": "20260601",
    "train_last_date": "20260627",
    "test_first_date": "20260628",
    "test_last_date": "20260704",
    "train_race_count": 2064,
    "test_race_count": 501
  },
  "targets": {
    "is_20000_plus": {
      "train_distribution": {
        "0": 1731,
        "1": 333
      },
      "test_distribution": {
        "0": 422,
        "1": 79
      },
      "models": {
        "logistic_regression": {
          "accuracy": 0.6167664670658682,
          "precision": 0.1912568306010929,
          "recall": 0.4430379746835443,
          "f1": 0.26717557251908397,
          "roc_auc": 0.5651508788769571,
          "pr_auc": 0.22006746648963052,
          "confusion_matrix": {
            "tn": 274,
            "fp": 148,
            "fn": 44,
            "tp": 35
          },
          "predicted_positive_count": 183,
          "actual_positive_count": 79
        },
        "random_forest": {
          "accuracy": 0.8003992015968064,
          "precision": 0.21621621621621623,
          "recall": 0.10126582278481013,
          "f1": 0.13793103448275862,
          "roc_auc": 0.579458875757394,
          "pr_auc": 0.1976524140573267,
          "confusion_matrix": {
            "tn": 393,
            "fp": 29,
            "fn": 71,
            "tp": 8
          },
          "predicted_positive_count": 37,
          "actual_positive_count": 79
        }
      }
    },
    "is_50000_plus": {
      "train_distribution": {
        "0": 1939,
        "1": 125
      },
      "test_distribution": {
        "0": 469,
        "1": 32
      },
      "models": {
        "logistic_regression": {
          "accuracy": 0.7964071856287425,
          "precision": 0.039473684210526314,
          "recall": 0.09375,
          "f1": 0.05555555555555555,
          "roc_auc": 0.44716151385927505,
          "pr_auc": 0.056983633098446035,
          "confusion_matrix": {
            "tn": 396,
            "fp": 73,
            "fn": 29,
            "tp": 3
          },
          "predicted_positive_count": 76,
          "actual_positive_count": 32
        },
        "random_forest": {
          "accuracy": 0.93812375249501,
          "precision": 1.0,
          "recall": 0.03125,
          "f1": 0.06060606060606061,
          "roc_auc": 0.5013992537313433,
          "pr_auc": 0.10003478061304498,
          "confusion_matrix": {
            "tn": 469,
            "fp": 0,
            "fn": 31,
            "tp": 1
          },
          "predicted_positive_count": 1,
          "actual_positive_count": 32
        }
      }
    }
  }
}