race_key,date,jo_code,jo_name,race_no,1-2-3,1-2-4,1-2-5,1-2-6,1-2-7,1-2-8,1-2-9,1-3-2,1-3-4,1-3-5,1-3-6,1-3-7,1-3-8,1-3-9,1-4-2,1-4-3,1-4-5,1-4-6,1-4-7,1-4-8,1-4-9,1-5-2,1-5-3,1-5-4,1-5-6,1-5-7,1-5-8,1-5-9,1-6-2,1-6-3,1-6-4,1-6-5,1-6-7,1-6-8,1-6-9,1-7-2,1-7-3,1-7-4,1-7-5,1-7-6,1-7-8,1-7-9,1-8-2,1-8-3,1-8-4,1-8-5,1-8-6,1-8-7,1-8-9,1-9-2,1-9-3,1-9-4,1-9-5,1-9-6,1-9-7,1-9-8,2-1-3,2-1-4,2-1-5,2-1-6,2-1-7,2-1-8,2-1-9,2-3-1,2-3-4,2-3-5,2-3-6,2-3-7,2-3-8,2-3-9,2-4-1,2-4-3,2-4-5,2-4-6,2-4-7,2-4-8,2-4-9,2-5-1,2-5-3,2-5-4,2-5-6,2-5-7,2-5-8,2-5-9,2-6-1,2-6-3,2-6-4,2-6-5,2-6-7,2-6-8,2-6-9,2-7-1,2-7-3,2-7-4,2-7-5,2-7-6,2-7-8,2-7-9,2-8-1,2-8-3,2-8-4,2-8-5,2-8-6,2-8-7,2-8-9,2-9-1,2-9-3,2-9-4,2-9-5,2-9-6,2-9-7,2-9-8,3-1-2,3-1-4,3-1-5,3-1-6,3-1-7,3-1-8,3-1-9,3-2-1,3-2-4,3-2-5,3-2-6,3-2-7,3-2-8,3-2-9,3-4-1,3-4-2,3-4-5,3-4-6,3-4-7,3-4-8,3-4-9,3-5-1,3-5-2,3-5-4,3-5-6,3-5-7,3-5-8,3-5-9,3-6-1,3-6-2,3-6-4,3-6-5,3-6-7,3-6-8,3-6-9,3-7-1,3-7-2,3-7-4,3-7-5,3-7-6,3-7-8,3-7-9,3-8-1,3-8-2,3-8-4,3-8-5,3-8-6,3-8-7,3-8-9,3-9-1,3-9-2,3-9-4,3-9-5,3-9-6,3-9-7,3-9-8,4-1-2,4-1-3,4-1-5,4-1-6,4-1-7,4-1-8,4-1-9,4-2-1,4-2-3,4-2-5,4-2-6,4-2-7,4-2-8,4-2-9,4-3-1,4-3-2,4-3-5,4-3-6,4-3-7,4-3-8,4-3-9,4-5-1,4-5-2,4-5-3,4-5-6,4-5-7,4-5-8,4-5-9,4-6-1,4-6-2,4-6-3,4-6-5,4-6-7,4-6-8,4-6-9,4-7-1,4-7-2,4-7-3,4-7-5,4-7-6,4-7-8,4-7-9,4-8-1,4-8-2,4-8-3,4-8-5,4-8-6,4-8-7,4-8-9,4-9-1,4-9-2,4-9-3,4-9-5,4-9-6,4-9-7,4-9-8,5-1-2,5-1-3,5-1-4,5-1-6,5-1-7,5-1-8,5-1-9,5-2-1,5-2-3,5-2-4,5-2-6,5-2-7,5-2-8,5-2-9,5-3-1,5-3-2,5-3-4,5-3-6,5-3-7,5-3-8,5-3-9,5-4-1,5-4-2,5-4-3,5-4-6,5-4-7,5-4-8,5-4-9,5-6-1,5-6-2,5-6-3,5-6-4,5-6-7,5-6-8,5-6-9,5-7-1,5-7-2,5-7-3,5-7-4,5-7-6,5-7-8,5-7-9,5-8-1,5-8-2,5-8-3,5-8-4,5-8-6,5-8-7,5-8-9,5-9-1,5-9-2,5-9-3,5-9-4,5-9-6,5-9-7,5-9-8,6-1-2,6-1-3,6-1-4,6-1-5,6-1-7,6-1-8,6-1-9,6-2-1,6-2-3,6-2-4,6-2-5,6-2-7,6-2-8,6-2-9,6-3-1,6-3-2,6-3-4,6-3-5,6-3-7,6-3-8,6-3-9,6-4-1,6-4-2,6-4-3,6-4-5,6-4-7,6-4-8,6-4-9,6-5-1,6-5-2,6-5-3,6-5-4,6-5-7,6-5-8,6-5-9,6-7-1,6-7-2,6-7-3,6-7-4,6-7-5,6-7-8,6-7-9,6-8-1,6-8-2,6-8-3,6-8-4,6-8-5,6-8-7,6-8-9,6-9-1,6-9-2,6-9-3,6-9-4,6-9-5,6-9-7,6-9-8,7-1-2,7-1-3,7-1-4,7-1-5,7-1-6,7-1-8,7-1-9,7-2-1,7-2-3,7-2-4,7-2-5,7-2-6,7-2-8,7-2-9,7-3-1,7-3-2,7-3-4,7-3-5,7-3-6,7-3-8,7-3-9,7-4-1,7-4-2,7-4-3,7-4-5,7-4-6,7-4-8,7-4-9,7-5-1,7-5-2,7-5-3,7-5-4,7-5-6,7-5-8,7-5-9,7-6-1,7-6-2,7-6-3,7-6-4,7-6-5,7-6-8,7-6-9,7-8-1,7-8-2,7-8-3,7-8-4,7-8-5,7-8-6,7-8-9,7-9-1,7-9-2,7-9-3,7-9-4,7-9-5,7-9-6,7-9-8,8-1-2,8-1-3,8-1-4,8-1-5,8-1-6,8-1-7,8-1-9,8-2-1,8-2-3,8-2-4,8-2-5,8-2-6,8-2-7,8-2-9,8-3-1,8-3-2,8-3-4,8-3-5,8-3-6,8-3-7,8-3-9,8-4-1,8-4-2,8-4-3,8-4-5,8-4-6,8-4-7,8-4-9,8-5-1,8-5-2,8-5-3,8-5-4,8-5-6,8-5-7,8-5-9,8-6-1,8-6-2,8-6-3,8-6-4,8-6-5,8-6-7,8-6-9,8-7-1,8-7-2,8-7-3,8-7-4,8-7-5,8-7-6,8-7-9,8-9-1,8-9-2,8-9-3,8-9-4,8-9-5,8-9-6,8-9-7,9-1-2,9-1-3,9-1-4,9-1-5,9-1-6,9-1-7,9-1-8,9-2-1,9-2-3,9-2-4,9-2-5,9-2-6,9-2-7,9-2-8,9-3-1,9-3-2,9-3-4,9-3-5,9-3-6,9-3-7,9-3-8,9-4-1,9-4-2,9-4-3,9-4-5,9-4-6,9-4-7,9-4-8,9-5-1,9-5-2,9-5-3,9-5-4,9-5-6,9-5-7,9-5-8,9-6-1,9-6-2,9-6-3,9-6-4,9-6-5,9-6-7,9-6-8,9-7-1,9-7-2,9-7-3,9-7-4,9-7-5,9-7-6,9-7-8,9-8-1,9-8-2,9-8-3,9-8-4,9-8-5,9-8-6,9-8-7
20260906_青森_1R,20260906,12,青森,1,309.6,120.0,89.3,167.3,220.9,,,643.5,893.9,397.6,317.6,710.8,,,105.4,476.5,85.3,214.2,229.0,,,29.4,120.5,47.8,39.4,14.1,,,128.9,103.2,206.6,79.8,210.8,,,253.9,569.5,347.3,73.1,336.5,,,,,,,,,,,,,,,,,661.4,199.3,195.1,511.3,421.6,,,1140.4,493.3,736.1,537.3,1061.5,,,78.5,177.5,60.9,86.1,165.4,,,209.7,460.3,161.6,412.8,269.5,,,418.2,258.1,158.2,351.7,483.2,,,714.0,874.2,404.0,479.4,974.5,,,,,,,,,,,,,,,,,1554.1,1657.0,714.0,665.1,1335.8,,,1585.2,784.7,1145.9,634.0,1472.3,,,1458.7,744.2,1210.0,655.0,1481.5,,,738.4,1151.4,1534.0,620.8,779.6,,,290.3,215.8,267.1,202.2,236.8,,,1534.0,1579.9,1965.1,988.7,808.7,,,,,,,,,,,,,,,,,81.7,443.6,59.3,184.2,164.1,,,44.2,68.7,29.2,41.3,62.6,,,792.6,277.4,679.3,281.7,782.1,,,49.0,63.6,342.3,168.1,73.9,,,263.0,77.1,107.7,213.9,298.5,,,295.3,195.5,633.2,188.1,463.5,,,,,,,,,,,,,,,,,56.4,160.0,59.5,73.1,18.2,,,182.2,544.7,193.3,429.9,266.4,,,463.9,892.2,1251.4,620.8,536.1,,,106.3,142.9,628.2,329.1,176.3,,,150.5,407.1,300.4,405.4,185.2,,,37.0,149.5,234.2,165.0,154.5,,,,,,,,,,,,,,,,,183.6,90.4,230.1,68.9,199.8,,,137.2,81.2,111.5,110.8,169.3,,,53.9,49.8,61.4,40.7,53.1,,,203.4,70.9,96.3,155.8,266.8,,,90.1,146.3,104.8,217.9,79.6,,,350.9,379.5,193.1,519.1,175.4,,,,,,,,,,,,,,,,,449.9,919.8,511.3,121.7,523.1,,,671.7,1165.6,486.7,492.3,1194.8,,,1306.5,1617.5,1925.3,882.3,852.2,,,518.6,392.3,1171.3,372.1,943.5,,,69.4,218.0,332.3,267.9,229.1,,,675.5,840.2,406.8,902.4,372.4,,,,,,,,,,,,,,,,,,,,,,,,,,,,,,,,,,,,,,,,,,,,,,,,,,,,,,,,,,,,,,,,,,,,,,,,,,,,,,,,,,,,,,,,,,,,,,,,,,,,,,,,,,,,,,,,,,,,,,,,,,,,,,,,
20260906_青森_2R,20260906,12,青森,2,408.8,396.9,122.7,263.0,164.7,,,365.2,130.6,90.0,185.0,390.7,,,484.2,239.2,158.7,352.5,548.5,,,31.2,43.7,53.9,12.8,25.6,,,174.8,207.2,246.9,47.6,179.0,,,114.2,332.0,352.3,67.2,170.0,,,,,,,,,,,,,,,,,571.4,469.3,201.2,427.3,152.1,,,441.4,294.6,548.5,1262.2,222.8,,,486.4,564.0,795.2,1229.4,284.8,,,181.5,425.9,560.4,762.5,141.5,,,1111.2,1992.5,1793.3,1490.1,1000.1,,,61.2,114.9,103.0,85.7,276.7,,,,,,,,,,,,,,,,,200.5,92.6,86.0,144.3,349.0,,,430.8,293.8,557.4,790.3,354.7,,,57.7,88.0,80.7,141.4,182.5,,,188.0,472.3,199.2,584.3,321.2,,,810.0,1420.9,970.2,1238.2,1919.0,,,484.6,311.2,319.0,425.9,1330.0,,,,,,,,,,,,,,,,,385.5,344.8,214.0,458.6,456.5,,,379.0,601.2,801.3,1316.6,333.3,,,108.7,174.3,199.7,377.1,206.8,,,222.8,659.1,438.8,1173.9,686.1,,,1520.6,2342.6,1610.1,2071.9,3006.1,,,491.0,341.2,481.9,587.6,1762.9,,,,,,,,,,,,,,,,,19.8,36.0,47.0,10.0,15.3,,,72.9,163.7,215.3,293.8,67.0,,,121.7,231.2,132.3,397.9,175.5,,,153.0,332.3,234.2,668.4,362.1,,,106.3,444.1,619.1,722.3,279.0,,,38.1,50.1,104.1,209.2,142.9,,,,,,,,,,,,,,,,,580.4,655.8,730.4,155.8,614.0,,,1118.4,2080.2,2407.7,1683.0,1477.4,,,1061.3,2251.3,1566.4,1898.0,2873.2,,,1733.5,2561.8,1992.5,2639.9,3399.1,,,214.2,1226.5,1340.3,1615.1,796.4,,,1003.9,1247.1,2524.5,2921.7,1057.0,,,,,,,,,,,,,,,,,87.4,254.9,284.8,66.3,173.9,,,35.8,73.2,65.2,47.5,163.4,,,345.0,223.7,256.1,313.6,998.2,,,293.4,225.4,324.4,393.6,1268.4,,,57.8,70.0,150.6,264.6,283.8,,,568.9,695.2,1610.1,1620.1,674.5,,,,,,,,,,,,,,,,,,,,,,,,,,,,,,,,,,,,,,,,,,,,,,,,,,,,,,,,,,,,,,,,,,,,,,,,,,,,,,,,,,,,,,,,,,,,,,,,,,,,,,,,,,,,,,,,,,,,,,,,,,,,,,,,
20260906_青森_3R,20260906,12,青森,3,30.2,45.6,114.5,58.0,83.5,123.6,,66.7,109.6,296.9,154.4,221.3,368.6,,78.3,108.2,130.1,79.0,87.5,178.0,,207.9,361.2,152.9,228.9,187.1,164.2,,50.3,67.8,30.4,87.4,43.0,97.4,,162.1,207.8,121.2,208.1,136.5,299.0,,228.1,323.9,236.2,125.6,275.8,337.9,,,,,,,,,29.9,39.9,106.0,63.2,123.0,180.6,,22.4,17.1,46.3,61.0,49.8,97.9,,65.2,45.3,146.6,139.7,155.6,294.5,,234.6,175.3,221.3,611.4,294.4,338.0,,146.9,165.3,204.5,620.4,501.8,504.3,,257.8,153.1,258.6,333.5,769.0,525.0,,476.7,381.5,571.7,359.0,1212.8,979.5,,,,,,,,,124.1,222.8,524.5,357.3,633.0,1089.7,,65.1,48.2,121.5,157.9,137.5,276.7,,244.1,100.7,423.4,505.2,454.6,864.7,,958.8,375.2,769.0,1546.2,1167.2,851.0,,621.7,570.1,844.9,1596.3,1663.8,2721.8,,1167.2,439.7,699.8,1303.8,1869.1,1324.3,,2237.3,1169.6,1768.4,1327.3,3810.6,2391.2,,,,,,,,,96.0,164.1,267.2,133.5,208.2,485.7,,84.0,55.9,203.7,210.2,185.6,381.5,,182.1,63.1,230.6,383.2,191.2,316.1,,498.4,400.1,522.2,724.7,514.0,488.9,,240.1,366.8,499.2,734.6,587.1,943.5,,303.6,219.2,239.2,278.3,500.9,325.6,,747.6,346.6,389.3,325.7,971.4,371.7,,,,,,,,,579.0,836.6,442.7,748.6,474.4,453.6,,543.3,365.2,437.8,1514.4,668.1,608.2,,1043.5,436.2,843.7,1962.2,1195.6,1004.5,,469.1,497.5,671.9,1071.9,427.3,444.0,,1240.8,2280.5,2187.5,1645.2,1955.7,1917.6,,601.4,754.3,976.2,471.0,1609.4,475.5,,306.8,404.2,435.9,243.8,847.4,254.3,,,,,,,,,190.9,235.4,144.1,423.4,183.9,453.9,,346.8,424.9,514.0,1476.6,1272.9,1618.2,,625.0,665.8,862.2,2015.8,2036.7,3645.9,,332.5,581.9,786.4,1101.9,848.6,1562.5,,1233.0,2502.7,2362.6,1811.8,2579.2,2410.8,,705.6,1905.3,2391.2,1174.2,2079.7,1834.3,,1413.0,2502.7,3835.3,2124.6,2709.4,2179.5,,,,,,,,,493.8,608.9,362.5,633.0,361.6,939.0,,698.9,395.8,561.9,1001.1,1712.0,1396.3,,1339.3,699.8,903.1,1627.1,2601.9,2648.6,,485.7,595.4,710.7,734.6,1056.6,1112.3,,888.1,1138.0,1312.5,748.6,2072.4,934.5,,957.2,2391.2,2590.5,1562.5,2391.2,2853.3,,1737.2,2316.2,2568.0,1732.1,1058.5,2881.2,,,,,,,,,726.5,1091.7,682.8,341.2,764.1,937.5,,958.8,871.1,1018.3,709.0,2072.4,1923.9,,2022.7,1235.6,1495.3,1306.7,3210.0,2524.1,,1215.3,1153.6,1526.2,694.8,1757.8,1256.7,,353.6,417.7,536.4,311.8,826.0,342.0,,1936.5,2579.2,3394.5,1995.4,1975.4,2684.7,,2072.4,2245.8,2601.9,1514.4,869.8,2760.0,,,,,,,,,,,,,,,,,,,,,,,,,,,,,,,,,,,,,,,,,,,,,,,,,,,,,,,,,,,,,,,,
20260906_青森_4R,20260906,12,青森,4,1379.8,4224.4,1400.3,1503.3,2060.4,5479.5,1328.9,888.5,1919.2,358.8,747.2,1118.6,2408.2,133.5,5109.2,3635.4,3600.8,3743.4,4667.7,9999.9,3360.7,1031.6,427.2,2537.5,914.3,1006.8,2408.2,347.5,1170.5,1188.9,3000.6,1421.3,2681.4,5179.2,979.5,2800.6,2298.4,4177.7,2179.1,3858.0,4667.7,1308.2,9110.5,5907.6,9999.9,4847.2,9221.6,5325.1,3743.4,490.7,81.6,1072.5,188.7,323.7,435.8,994.9,2634.7,4816.4,2512.2,2326.6,4474.4,7486.8,2341.1,2291.4,4555.2,1848.8,979.5,4528.0,6147.7,1454.1,4296.4,4000.9,3799.8,1060.5,4154.8,6751.5,4942.3,1895.1,1948.9,3500.8,764.5,2204.5,3979.8,1979.5,684.9,394.2,670.3,305.2,553.1,996.2,363.8,4448.0,5519.5,4501.0,2811.0,1885.7,5362.9,4847.2,9999.9,8219.3,9999.9,6463.0,5251.2,5401.2,6518.7,1710.8,1479.7,4501.0,1964.0,1183.3,4022.2,7716.0,357.6,750.1,145.4,309.2,566.8,982.0,60.1,594.9,1476.9,575.9,293.5,1135.3,1826.5,402.6,664.4,983.3,703.4,450.9,1530.7,2616.5,710.0,149.5,344.1,620.8,231.0,368.8,805.2,90.1,249.0,127.6,406.5,184.5,434.8,782.7,112.3,865.1,1581.9,1929.0,731.3,1172.3,997.5,593.0,1835.3,2720.0,4528.0,1585.2,2546.0,1125.2,1324.3,13.5,116.1,196.1,36.2,39.1,118.8,314.4,3217.7,2598.5,3061.4,2853.4,3819.0,9999.9,2953.8,3550.1,3583.7,3468.6,968.2,3979.8,8044.4,4022.2,1395.1,2043.7,2038.2,1150.9,3331.1,4974.8,1235.5,2423.6,3124.6,2250.5,1521.4,4200.9,6751.5,2312.4,784.4,284.2,688.0,909.9,2172.9,1904.7,1033.0,4974.8,5954.1,5401.2,4582.8,4501.0,5861.8,8309.6,9999.9,9110.5,9999.9,9694.5,4610.8,6249.3,9999.9,980.7,3780.8,1482.6,3012.6,1839.8,6098.1,9820.4,475.8,180.7,1143.9,390.7,558.4,499.7,137.4,530.6,722.9,1555.9,398.8,918.8,1424.0,614.7,130.2,377.7,665.0,255.0,390.3,686.1,76.3,1086.4,1281.6,1012.2,737.7,2211.0,2811.0,1095.9,179.2,102.3,226.2,505.4,387.9,779.5,207.0,545.1,636.5,542.4,1572.0,599.6,409.4,476.7,508.8,1418.7,526.5,2821.5,1454.1,546.3,496.5,58.4,300.9,50.8,634.9,160.6,264.4,354.8,230.7,379.0,1081.7,352.0,1374.8,1661.9,331.8,79.4,75.7,162.7,58.1,133.0,192.1,72.4,205.2,100.3,434.5,187.8,691.8,916.5,134.3,441.4,162.9,345.4,519.7,1077.1,1306.0,563.0,171.4,87.5,175.7,586.1,452.5,703.4,164.5,1268.7,465.9,1183.3,1665.5,777.9,1145.7,940.5,1890.4,690.5,2032.7,2333.8,1651.0,931.2,1080.2,131.7,124.7,132.6,726.3,200.1,446.9,742.8,3204.1,2027.2,4582.8,1969.2,3670.7,3375.7,1372.3,2710.3,3024.7,3858.0,2634.7,2077.4,3024.7,2908.3,1474.0,2930.9,3979.8,1326.6,2154.3,2066.0,1161.5,4321.0,5179.2,4816.4,4422.0,4087.4,5325.1,6198.1,1047.3,1454.1,993.6,2580.8,1150.9,657.5,998.9,2142.1,1213.7,1974.3,2643.9,1288.2,2277.6,1598.6,1262.3,1813.3,1400.3,2005.7,582.5,1213.7,795.1,843.9,2691.0,966.9,4224.4,1331.2,1703.0,1722.4,9452.2,6463.0,5643.1,5440.1,8130.9,5907.6,4109.6,8792.7,9999.9,9999.9,7561.7,5861.8,6463.0,9999.9,3959.0,6463.0,9002.0,3670.7,7959.7,3137.6,3163.9,9999.9,9999.9,9999.9,8044.4,4501.0,8896.1,9999.9,4272.1,4910.2,3959.0,8592.9,5144.0,1209.8,3452.8,7413.4,3600.8,6937.3,4345.8,5287.9,3360.7,7270.9,2005.7,2130.0,1462.6,2319.5,620.8,1454.1,1183.3,2780.0,8496.3,2326.6,9999.9,3670.7,7270.9,2739.7,108.3,14.8,212.5,43.2,64.9,134.5,223.9,285.2,392.0,1871.7,725.0,511.6,1382.4,2520.5,7.7,104.7,140.2,23.1,29.5,84.1,243.5,459.1,1881.0,447.9,921.0,791.8,2672.0,5251.2,68.4,378.0,55.5,590.7,156.2,305.2,787.6,104.1,228.0,97.4,602.0,215.3,477.9,742.0,315.5,1223.5,334.5,2886.1,729.1,786.8,1147.4,793.4,3390.9,978.2,4878.5,1643.8,1179.6,1321.9
20260906_青森_5R,20260906,12,青森,5,563.7,463.2,719.1,802.5,1243.8,2056.0,406.1,330.2,288.7,91.5,781.0,415.8,1403.7,87.3,559.6,1051.2,2369.6,3000.2,2542.0,775.8,1336.6,342.5,107.1,935.8,954.9,441.0,2219.2,152.1,1122.0,1811.0,3039.3,1985.9,3698.6,5377.3,1392.5,1506.5,1207.3,2150.9,1228.5,3883.6,3819.9,416.1,5974.8,6472.7,3410.0,6786.9,9446.6,8525.0,4064.2,111.1,46.1,303.1,93.2,451.2,42.0,860.9,600.5,560.5,673.4,643.1,1692.6,2050.0,430.9,706.8,313.6,232.4,539.8,1073.8,1149.7,358.3,448.3,204.4,331.3,140.8,589.4,138.7,236.4,779.3,282.5,481.1,802.5,1136.6,1756.4,530.3,437.4,231.3,103.9,419.0,890.5,499.6,268.3,2427.2,1829.9,1035.6,2008.7,2470.1,2668.1,1147.8,3000.2,1610.7,614.8,3079.5,1373.3,2853.2,1684.4,475.8,386.8,456.3,552.1,647.2,588.9,1462.4,318.7,291.2,72.5,736.6,438.2,1365.3,78.8,409.2,246.7,123.6,453.0,537.7,813.7,190.9,1017.5,579.6,307.2,1316.4,844.2,871.6,576.3,29.9,25.9,66.8,70.5,55.8,143.3,14.1,1028.0,438.5,995.8,257.1,1384.2,3221.4,482.1,924.6,878.2,677.3,307.6,1668.3,1660.4,407.1,3819.9,2124.7,1533.0,909.0,4993.2,2841.6,1429.5,70.5,110.7,287.7,41.9,357.2,108.9,783.6,1629.4,3000.2,3344.7,4211.1,3177.5,3949.4,3426.7,910.2,514.3,725.9,441.6,1149.7,387.9,575.8,1717.5,1157.3,977.6,3093.1,2774.0,2402.2,1825.2,3778.6,1553.4,1684.4,4993.2,4888.4,4236.6,3443.6,4691.6,698.3,2505.5,4599.0,5216.8,1778.7,3106.9,4064.2,2579.5,4185.9,4369.0,6853.4,5029.1,3426.7,3679.2,1131.1,3000.2,4288.6,2026.2,4341.9,3698.6,2307.1,1349.5,2038.0,2924.9,3410.0,2291.9,3266.6,266.7,101.0,819.5,763.1,379.9,1820.4,107.9,411.9,136.0,210.7,495.0,507.6,1078.7,235.1,29.1,26.4,56.1,80.7,54.6,134.5,13.7,1684.4,583.0,444.1,2177.7,1854.2,1509.8,1264.1,1389.7,695.5,476.8,1829.9,2164.2,3738.2,1072.1,1075.4,883.7,445.2,1529.6,2226.2,2658.0,509.8,3718.3,2598.7,1370.6,2949.5,7436.7,3738.2,3530.5,98.3,159.8,51.2,457.7,587.9,124.1,972.2,824.3,813.7,3328.8,1106.0,4185.9,6132.0,870.5,428.8,193.8,110.6,458.6,821.4,681.3,239.6,988.7,362.5,777.5,381.3,1599.6,2247.7,451.8,2888.6,428.0,1127.5,2949.5,3066.0,1306.6,1578.0,1721.8,838.1,491.9,3026.2,4922.9,5336.2,1060.7,5377.3,3659.9,2720.0,5683.3,8738.1,9986.4,4112.0,9999.9,2763.0,7358.4,2647.9,9999.9,9999.9,9999.9,969.5,468.8,488.1,1213.6,893.9,1007.2,3052.6,3460.6,2752.1,3738.2,2570.0,6472.7,8322.0,730.4,2785.0,2361.6,2269.6,2589.0,4315.1,4185.9,1539.7,2523.6,2752.1,3622.0,990.1,6413.3,4691.6,1147.8,4369.0,3093.1,4788.0,5683.3,9446.6,6241.5,3443.6,2752.1,2807.4,1268.7,4957.8,7281.8,6186.3,1500.1,7133.2,5548.0,7133.2,9078.6,9078.6,9999.9,4888.4,9999.9,8525.0,7061.1,8128.5,8035.1,9999.9,5029.1,410.7,962.8,743.6,1676.3,1034.1,2369.6,3120.7,9198.0,9709.0,3698.6,7436.7,9999.9,9999.9,7061.1,7133.2,6241.5,1709.1,7206.7,3659.9,8525.0,6786.9,8224.1,6853.4,6078.7,3177.5,8224.1,9999.9,8322.0,5729.9,1752.0,5825.4,5419.0,3281.9,7943.7,6533.2,9999.9,6921.3,4288.6,7206.7,9999.9,8322.0,3236.3,9999.9,3679.2,9999.9,3862.1,9999.9,9999.9,9999.9,9999.9,9999.9,9999.9,8848.7,6721.6,9999.9,8738.1,7598.4,7516.7,6413.3,8128.5,9576.0,9999.9,6853.4,76.2,43.5,324.8,71.2,357.5,32.3,722.9,172.4,187.8,403.8,321.4,589.9,242.5,1230.7,80.8,135.0,465.4,66.5,520.9,109.8,1067.2,823.3,956.2,1083.8,1676.3,1969.1,769.8,1991.6,114.7,221.4,74.6,665.1,767.3,156.9,1316.4,754.9,719.1,833.1,1392.5,1398.1,792.5,3927.2,66.3,162.0,124.0,383.4,179.4,534.0,787.2,2487.7,3640.9,3512.8,3738.2,4755.4,8128.5,2410.5
20260906_青森_6R,20260906,12,青森,6,796.7,365.0,256.8,570.7,459.1,409.2,489.5,1693.2,2379.6,943.6,1804.1,1110.4,1369.5,749.2,648.2,2163.9,604.4,1113.9,983.8,815.7,1115.6,110.2,242.0,166.6,143.3,63.5,37.1,62.4,876.6,1377.4,1108.7,414.7,718.4,560.4,800.2,322.4,544.2,533.7,125.1,530.1,206.5,126.4,372.6,709.1,516.7,105.1,355.6,336.9,287.3,494.6,318.3,771.8,190.5,689.3,185.5,325.5,433.8,111.8,125.2,184.6,266.5,171.0,238.9,1030.5,891.9,1540.3,1069.0,949.9,2576.4,595.3,58.9,267.4,134.0,61.5,101.9,201.2,92.2,135.2,998.9,332.6,551.8,411.4,964.0,587.5,332.3,822.3,187.6,537.3,484.9,609.0,541.3,227.7,513.0,162.4,376.9,388.8,1135.1,106.3,1085.2,3022.2,1530.4,1813.3,1721.7,2513.2,2058.2,217.2,215.6,230.4,557.8,475.9,142.0,971.8,1817.9,2100.4,1147.8,1709.4,1146.0,1650.3,702.9,1701.3,1547.0,2245.3,1517.5,1415.5,3914.0,1159.0,3410.7,2643.0,4533.3,2935.5,3750.0,6338.6,2672.6,1412.7,2469.8,2865.0,2106.6,1574.2,2604.5,1319.0,1734.2,1855.6,2371.7,2911.6,1441.1,3255.7,989.3,729.3,1228.5,1846.0,1250.0,1062.7,2088.2,182.3,3378.6,6395.2,7461.0,4394.2,4872.5,4448.8,3692.0,332.0,423.3,766.0,697.4,346.6,112.9,1126.2,826.1,3316.0,1226.4,1646.5,1527.2,2259.5,1850.8,318.3,780.2,575.7,231.4,406.0,975.8,421.3,2672.6,2288.3,5116.1,3211.9,3635.8,7162.6,2787.0,1307.0,1369.5,4116.4,2157.4,2371.7,4367.4,2744.3,1507.9,507.9,2183.7,2076.1,1894.8,2310.5,1591.6,1772.9,982.5,2436.2,2387.5,2273.8,4651.0,1292.8,4340.9,3394.6,8328.6,6632.0,4116.4,6694.0,6338.6,1813.3,1166.5,1935.8,2876.5,2144.5,1390.8,4872.5,149.3,286.7,160.5,120.8,64.3,27.4,75.7,251.2,1088.5,349.5,837.7,536.5,1511.1,791.4,1053.3,1899.9,1827.2,2348.4,1452.8,3022.2,839.6,530.9,708.4,2604.5,1297.5,965.3,1197.7,1026.1,385.5,1382.7,2469.8,1517.5,784.5,1705.3,1098.5,97.3,446.8,662.5,842.6,550.1,816.7,127.3,347.5,1346.3,1616.8,2567.2,1265.4,1709.4,1338.8,233.6,812.0,380.7,841.6,1044.1,194.1,958.8,593.4,1261.0,642.3,402.6,824.2,560.8,764.4,478.1,1091.8,294.3,827.0,690.0,814.8,886.4,1860.4,1709.4,1827.2,2947.5,1540.3,3114.1,1003.1,727.9,363.9,1609.5,1024.6,1591.6,1003.1,1267.7,480.3,1646.5,2643.0,1995.1,1288.2,2379.6,1717.6,543.8,858.8,1059.5,1393.5,1288.2,2070.1,336.2,1563.8,2252.4,2923.5,2203.8,3285.6,3477.0,2444.5,822.3,1316.6,619.6,1388.1,1808.7,440.2,2356.1,203.5,267.4,367.3,94.3,234.3,111.9,72.0,240.8,431.7,209.6,300.0,404.6,1131.5,134.0,411.4,597.8,1095.2,628.8,600.8,1560.4,103.9,750.8,490.5,1333.8,1272.2,889.7,2504.4,436.2,85.8,265.4,476.5,682.8,529.3,854.7,145.0,252.8,577.1,653.5,796.7,730.1,1441.1,204.1,806.6,3074.0,2522.0,3789.7,1962.3,2245.3,989.3,25.1,52.1,16.2,102.6,53.7,71.7,200.6,1199.7,2023.3,1855.6,470.6,1045.6,1504.7,1369.5,2713.1,7162.6,4092.9,4533.3,3617.4,6070.0,5919.5,3830.2,8426.6,9182.8,4533.3,6395.2,4712.2,5116.1,4591.4,5595.8,9811.8,7958.4,4164.3,8426.6,8953.2,594.4,1935.8,2444.5,4681.4,1759.8,3183.3,2266.6,2238.3,3270.6,4421.3,3316.0,5190.3,5552.4,4807.1,2461.3,6452.8,4533.3,7022.1,3511.0,5552.4,2379.6,2487.0,7539.6,3545.8,7539.6,6228.3,5044.1,2487.0,432.7,226.3,670.6,263.7,627.7,144.3,469.6,328.7,289.3,416.6,798.5,820.4,187.7,1786.1,121.5,166.1,302.9,268.2,184.5,40.6,597.3,832.8,725.6,886.4,2029.0,1730.1,552.2,4092.9,305.1,879.9,483.3,1311.8,1224.3,284.1,1742.7,865.0,1290.5,547.6,1605.9,1588.1,390.9,2325.5,33.0,59.5,16.0,125.0,79.2,116.9,267.0,1557.0,3914.0,1817.9,4263.4,3850.8,3316.0,1197.7
20260906_青森_7R,20260906,12,青森,7,529.8,1111.9,289.1,405.8,514.7,496.4,276.4,1472.5,2581.3,1993.8,716.7,1211.3,1571.2,1103.4,1857.2,2457.0,2306.7,1624.2,815.9,2157.5,1700.6,712.6,1513.6,2550.9,1363.7,1576.9,1624.2,1191.3,410.8,303.0,914.9,742.5,479.1,453.6,410.0,690.5,698.8,570.6,1199.6,768.2,1037.4,801.5,552.4,718.5,1853.2,1124.9,567.6,789.9,956.2,418.7,541.4,1237.2,750.9,452.9,627.5,913.9,312.1,556.3,76.5,233.9,286.0,220.3,92.0,606.0,1452.8,253.4,1443.1,698.8,821.3,247.6,491.1,962.6,246.1,1253.3,283.6,589.6,224.7,38.5,77.6,125.9,146.1,57.7,59.1,18.1,615.5,1497.9,2492.3,442.5,1609.1,1025.2,583.2,239.3,404.7,220.4,122.5,851.1,327.4,96.0,212.1,355.6,460.8,114.1,665.6,296.2,117.6,33.5,63.5,73.0,10.8,160.7,30.2,57.5,2110.2,4293.6,2363.2,1526.9,2040.7,2021.7,2079.9,1700.6,3086.5,1189.7,3804.0,1710.7,1953.4,1110.5,3837.7,4358.4,5524.3,5706.0,1497.9,3837.7,3497.2,3260.6,1966.7,6151.2,5782.1,2652.3,2693.5,2550.9,2528.6,5387.1,6377.3,6472.5,4900.1,4818.4,4358.4,1777.3,1893.7,1304.2,2325.2,3754.6,1755.7,1773.6,1009.6,1230.2,2146.8,1407.9,2612.4,1394.4,1594.3,1671.1,1247.9,3022.0,2017.0,3996.8,1780.9,2089.9,1330.2,1881.4,1562.7,1326.1,687.2,1537.8,1612.1,565.7,1086.8,344.0,1440.7,257.9,656.0,339.7,2003.0,2693.5,3441.7,3871.9,807.5,2652.3,2125.7,1435.9,745.1,2120.6,3131.1,819.7,1383.2,1251.5,3043.2,3511.4,4564.8,4470.7,2521.2,2506.7,4688.2,157.5,168.3,151.7,350.1,675.4,190.4,187.2,1070.7,746.4,1398.9,1389.9,1407.9,386.3,914.9,902.5,424.9,867.3,1204.6,2528.6,295.6,1061.5,413.6,1336.4,1957.8,1355.1,1226.7,1228.5,813.6,184.1,324.9,419.4,546.8,272.3,245.8,99.7,1841.4,1262.4,3387.9,3335.8,1865.2,2492.3,1135.2,1748.6,982.2,3511.4,4517.3,1513.6,1849.3,2195.7,3260.6,1953.4,4130.1,6570.6,4956.1,4380.4,3820.8,1219.8,694.9,1524.2,1443.1,3628.9,1387.7,1168.9,1269.8,574.0,1703.9,2581.3,2485.1,1318.1,1043.7,606.0,176.1,636.3,1576.9,1671.1,871.6,819.0,958.3,684.0,1857.2,1535.0,1111.9,1053.8,958.3,2031.2,3511.4,5420.7,2409.2,4015.3,3053.9,1953.4,1518.9,4688.2,3889.3,5353.8,4034.0,3804.0,3854.7,4110.5,6195.1,4956.1,7608.1,4663.0,3889.3,7476.9,3644.2,3820.8,6424.6,8503.1,7288.4,6330.8,5981.5,2389.3,5042.5,4071.9,4251.5,6775.9,4230.8,5820.9,1687.4,2871.9,3401.2,3706.5,4638.1,3675.1,4272.5,1861.2,2628.2,3441.7,6239.7,4034.0,5224.8,4336.6,440.0,350.4,258.5,750.2,411.2,585.2,433.6,287.6,452.6,208.3,213.8,987.8,373.2,136.7,387.5,659.5,248.4,797.9,921.7,523.7,503.0,115.3,112.4,129.8,314.9,528.8,146.0,175.2,969.0,552.7,903.4,755.5,2521.2,1021.5,876.9,1526.9,2596.7,1885.4,1703.9,3569.2,2499.4,2753.4,508.9,422.8,506.0,259.9,743.8,1184.8,435.8,309.4,159.0,328.6,273.3,482.1,1535.0,351.4,168.4,250.7,661.0,303.0,272.7,311.3,215.4,115.5,192.0,366.8,81.1,364.2,226.6,87.4,374.8,378.2,882.3,511.6,722.1,413.0,494.4,739.4,583.6,1039.9,1084.1,994.6,295.1,616.4,535.0,262.1,693.3,1189.7,1093.7,673.9,472.3,576.6,673.3,788.4,1095.1,1300.3,978.9,901.5,389.6,300.1,404.9,252.8,468.5,789.1,339.9,214.5,129.0,278.7,492.7,286.7,734.3,345.4,226.1,274.9,510.4,345.9,213.9,296.9,453.1,66.8,95.5,102.3,19.7,246.2,51.2,105.7,434.9,428.3,752.2,521.8,1136.7,420.0,693.3,414.3,325.6,413.8,519.6,1540.5,130.1,629.4,341.6,113.5,333.9,819.0,1109.1,437.6,542.0,713.2,1173.6,1271.7,2788.8,1893.7,1873.2,2031.2,162.0,138.6,148.9,143.1,318.0,942.7,280.2,404.9,268.6,413.4,685.0,566.5,1184.8,418.1
20260906_青森_8R,20260906,12,青森,8,236.8,253.7,67.7,650.4,56.9,826.2,255.1,447.8,1475.3,281.0,1468.5,235.6,808.2,1400.2,386.7,1345.5,301.5,2045.4,223.0,2355.4,1800.7,34.2,81.1,113.4,120.3,10.6,201.9,161.3,1455.2,1958.1,3345.0,480.0,442.7,3528.8,3748.5,18.7,50.5,62.4,5.0,108.1,90.1,123.1,1243.0,929.9,3368.4,603.2,3299.2,407.5,3200.6,683.7,1687.1,2946.1,560.4,2760.4,483.8,3705.3,508.3,412.2,226.4,827.6,164.2,1608.3,410.6,915.7,1308.9,1507.6,2408.4,1326.9,1589.7,1211.8,304.5,552.0,638.0,1111.1,394.0,1214.8,200.3,421.2,1274.3,1173.4,2502.3,568.0,3001.2,887.0,3097.7,3705.3,3345.0,4339.5,3608.1,6296.6,2668.6,227.6,852.5,561.7,444.3,1579.3,1270.9,328.1,2603.7,2155.2,2858.7,3528.8,6059.0,2160.0,1526.7,391.7,755.0,279.7,614.0,1156.5,463.1,938.0,971.1,2752.5,690.6,2515.3,539.1,1204.2,3288.0,1062.1,1576.7,1926.7,2691.0,1505.2,1498.2,1693.1,3663.0,2085.2,4399.0,4991.6,3211.2,3932.1,6175.5,1172.0,2250.9,4676.6,3822.9,1303.6,1635.6,3792.8,2955.1,3211.2,5235.8,4117.0,3010.5,1613.7,4439.5,625.5,1356.8,2179.6,1173.4,2250.9,1132.0,2698.5,576.8,658.0,1605.6,831.9,692.0,768.8,1336.1,5293.3,3299.2,6553.6,5293.3,5179.5,5124.4,3932.1,720.0,2470.2,696.0,3254.6,532.8,4379.0,2875.7,395.9,866.3,794.2,1541.4,519.6,1386.1,291.1,3179.4,2528.5,4816.9,5179.5,3232.8,4940.4,6784.4,1174.8,1729.6,3869.0,5412.2,1797.3,5768.7,3900.3,7298.3,5124.4,6930.8,9999.9,7585.7,6832.5,9931.8,695.5,563.7,1970.1,1427.2,3029.5,3010.5,2562.2,6136.2,4609.5,4699.4,7189.4,6097.3,5412.2,9088.5,5633.8,1406.4,7298.3,5946.8,8920.2,5910.3,7896.6,84.4,149.8,255.1,194.7,31.1,365.8,309.1,262.6,794.2,892.8,1349.2,344.8,1807.4,726.5,679.3,1176.2,2668.6,2214.6,814.3,1482.1,2199.5,729.2,1264.2,2752.5,3265.7,1058.6,4152.5,3594.7,1010.9,2349.7,2698.5,5235.8,1354.9,4722.4,4014.1,53.3,185.4,266.3,551.1,403.2,651.3,634.2,1521.9,2816.9,1770.9,5070.4,4865.5,1551.3,4339.5,1159.3,1368.4,2569.0,4047.8,3333.5,1435.7,4320.1,2760.4,2808.7,6021.1,1227.2,946.3,5568.7,4940.4,3077.9,3869.0,3465.4,4281.7,4047.8,7243.5,3010.5,3169.0,4117.0,4991.6,5352.1,4152.5,2713.7,5207.5,7354.1,3997.4,8164.3,9088.5,7961.8,7298.3,9999.9,1824.5,5179.5,5734.4,9175.1,2729.1,8601.6,6553.6,908.8,2408.4,3068.1,4262.7,2224.9,3503.2,4359.2,5505.0,6981.0,2808.7,7083.7,9088.5,5293.3,9830.4,7961.8,5666.9,6136.2,9999.9,7032.0,8525.5,8920.2,22.4,69.5,72.3,5.9,146.5,57.1,139.1,82.6,312.9,146.9,147.7,695.0,283.9,96.5,244.2,331.2,802.8,436.1,850.2,381.9,1018.3,303.7,134.5,950.0,571.7,1566.4,1360.7,927.2,38.2,151.3,264.7,370.2,482.6,348.1,553.6,506.5,800.1,1228.8,2019.6,925.4,1616.4,1978.2,202.3,304.9,209.9,1009.8,387.0,1652.4,845.8,662.5,361.9,1790.6,1693.1,1142.8,2402.4,1316.1,1702.0,1044.8,3322.0,1007.7,4399.0,746.2,4522.9,2189.5,1658.1,3068.1,2867.2,5070.4,2019.6,1531.6,550.5,682.7,1529.1,871.8,829.7,685.1,1423.0,5017.6,3333.5,3621.7,5734.4,4320.1,5264.4,9731.1,2108.0,3490.5,2126.6,7032.0,6644.0,2045.4,5838.7,6338.0,6509.3,2361.2,6981.0,7468.1,7243.5,8601.6,681.8,1022.7,794.2,3211.2,1291.4,4064.9,3356.7,6509.3,3635.4,3568.1,9999.9,7243.5,8305.0,7189.4,1500.6,3763.2,4915.2,1531.6,5097.2,1141.4,6465.6,1065.6,1994.5,853.3,1264.2,2991.8,1128.0,2396.4,6021.1,3980.9,9999.9,5412.2,6465.6,5666.9,6021.1,6784.4,1616.4,7832.4,6736.9,9999.9,5983.7,9999.9,2002.8,2058.5,4565.8,6338.0,6296.6,2282.9,8305.0,9999.9,5473.7,7354.1,9999.9,7354.1,8234.0,9999.9,1374.3,1390.1,3869.0,4134.7,2495.8,4940.4,5097.2,8601.6,5352.1,7136.2,9999.9,8450.7,9999.9,6690.1
20260906_青森_9R,20260906,12,青森,9,1607.9,883.2,549.4,4968.5,1195.4,3882.8,2016.0,2556.9,3541.7,1145.7,4538.3,2594.9,5636.3,2582.1,951.3,2309.1,398.6,5215.7,1172.6,1062.1,1764.9,331.5,416.1,218.1,1205.0,94.0,946.1,310.6,9999.9,7708.5,9984.4,4831.1,9999.9,9999.9,9999.9,1093.1,1927.1,1462.1,268.3,5321.6,3565.8,1952.2,8736.4,9618.0,5321.6,3392.7,9999.9,5728.7,9890.2,3003.9,1832.8,3129.4,1220.4,7488.3,2708.9,6315.4,1715.8,872.1,496.1,5348.8,1036.9,3056.4,1963.2,2563.2,1294.2,1345.7,2744.4,2404.5,2969.8,1615.3,460.0,483.5,135.2,1308.8,423.7,193.9,402.2,299.7,720.5,191.0,2100.9,182.5,867.1,523.6,9797.8,5016.1,5792.0,5922.9,8664.2,8523.3,6511.6,1534.9,2856.5,1090.9,604.2,6942.8,3553.7,1878.7,5040.2,2730.1,1001.3,1836.0,4063.4,2880.1,2833.4,1966.9,1144.5,997.4,896.0,4127.4,1710.2,2289.0,3392.7,4921.9,1287.9,4350.0,3225.7,8064.3,3120.1,3360.1,2122.2,1989.3,4809.0,4499.4,6852.0,2289.0,3186.5,1685.4,860.7,1690.9,2152.7,1785.9,885.4,1025.8,1617.8,779.4,1021.8,526.0,2004.5,480.9,4831.1,4499.4,2936.6,1521.5,3986.1,5215.7,883.9,3854.2,5189.9,3426.0,1349.2,3911.8,4722.3,2304.1,9196.2,7823.6,4016.7,3038.7,5517.7,5922.9,4442.2,1015.8,941.9,305.0,197.6,189.5,539.8,821.6,572.2,1205.0,259.8,3038.7,698.4,504.0,791.8,295.3,295.8,80.5,850.9,279.1,105.8,199.0,1014.8,573.8,281.4,1117.6,725.5,318.6,338.0,107.4,79.3,122.7,545.7,46.0,44.5,64.8,6025.1,2904.0,2818.1,2399.0,4765.3,1664.0,3317.6,866.4,634.6,922.8,250.0,2361.1,498.0,632.3,360.0,151.9,149.9,53.1,582.7,200.4,93.3,569.7,261.3,150.0,115.8,1063.2,288.6,113.7,72.5,90.7,35.8,357.6,13.8,199.8,50.4,126.9,306.8,85.2,1224.7,65.1,516.9,205.2,231.4,427.2,238.2,280.1,83.8,567.6,111.2,58.4,60.3,116.8,511.6,21.2,66.7,65.0,1664.0,3225.7,1173.9,1764.9,580.8,3414.8,1482.8,12.8,30.2,25.8,16.1,117.7,62.4,15.6,803.3,1010.9,757.4,357.8,2109.3,290.1,639.6,99.9,205.6,59.7,117.4,457.4,36.1,365.0,9999.9,9999.9,9999.9,8960.4,9999.9,9999.9,9999.9,9999.9,9999.9,8190.3,9999.9,9999.9,9999.9,9999.9,9999.9,9999.9,4898.9,5956.6,9999.9,9999.9,2259.4,9999.9,7708.5,6353.7,6942.8,9999.9,6763.6,9999.9,7131.7,9999.9,6353.7,6763.6,4001.4,9999.9,7882.4,9999.9,9999.9,9999.9,9999.9,8190.3,9999.9,9999.9,9999.9,9999.9,9999.9,8960.4,9999.9,9999.9,9999.9,9999.9,9999.9,2432.4,9999.9,8809.8,9999.9,9999.9,1620.3,2825.7,1810.6,482.2,7083.5,5488.8,2382.6,1756.0,3381.8,1440.0,745.1,6635.2,4386.4,2157.1,3578.0,5113.9,3370.9,1148.2,3897.2,5922.9,2063.7,1823.2,1605.4,2279.0,450.7,4765.3,1826.4,1807.5,210.4,332.1,254.3,204.5,923.6,576.9,176.8,9999.9,9999.9,7882.4,9707.1,4722.3,9999.9,9999.9,9360.4,9797.8,4945.1,3826.1,2848.8,9999.9,4831.1,2848.8,2563.2,1460.1,2055.6,534.8,4350.0,4032.1,9999.9,9999.9,5889.7,7230.1,9999.9,9999.9,9999.9,7180.6,5606.2,1620.3,4423.5,6852.0,7652.3,9196.2,9999.9,9999.9,4016.7,5460.2,9999.9,9999.9,6897.1,2744.4,1000.3,1532.7,601.1,3255.8,1934.2,1127.2,5431.9,5215.7,3854.2,1096.6,9707.1,2221.1,3840.1,9999.9,9999.9,9999.9,7652.3,9999.9,9999.9,9999.9,9999.9,9999.9,9999.9,4261.6,4111.2,9999.9,8454.5,9999.9,9999.9,5488.8,2627.4,4992.2,9999.9,8064.3,2751.6,2012.2,2556.9,1034.9,5517.7,2544.5,6095.1,2254.5,1191.3,1000.3,890.7,3868.5,1779.9,3590.3,635.3,536.2,128.2,86.2,131.1,266.6,433.7,1251.0,521.3,233.2,212.4,1418.6,454.2,260.9,329.1,567.6,121.8,198.3,840.7,102.6,464.4,7131.7,5856.8,1229.0,4160.1,1913.0,5040.2,5666.8,2161.5,1858.8,880.9,1139.5,424.9,2864.3,2324.5,5139.0,3971.0,1693.6,1050.4,1192.6,4386.4,2438.0
20260906_青森_10R,20260906,12,青森,10,237.0,1488.1,73.0,2278.9,177.7,252.8,323.8,376.3,1715.5,148.0,997.7,482.1,467.8,931.5,3665.2,2899.5,1188.8,8637.8,3421.6,3499.1,6238.4,27.2,32.0,284.8,372.2,35.3,18.4,92.9,8073.2,5324.1,9999.9,2093.5,6862.2,5000.8,9999.9,197.6,348.9,1660.2,93.9,2217.6,229.8,654.5,308.7,395.1,1666.9,104.1,1460.0,265.5,601.6,876.6,1161.9,4318.9,478.5,5062.3,1245.1,1277.3,197.6,1402.0,72.5,1923.9,201.8,296.3,212.1,196.0,492.5,103.3,198.7,188.3,876.6,158.8,3049.8,1216.9,1921.0,5589.1,2515.6,3824.1,2589.5,42.3,55.3,679.8,1056.6,87.8,435.8,65.9,7181.4,3119.2,7768.5,4863.0,4769.1,9803.2,4678.8,218.2,156.4,1273.4,127.3,1426.3,746.7,130.0,1392.5,2155.6,5233.9,1579.5,6978.5,1557.6,1606.2,94.5,64.6,708.6,58.1,826.2,72.3,495.0,632.7,1784.9,282.8,1034.5,760.5,1256.5,1489.9,554.6,1198.0,311.1,520.9,503.7,2339.4,570.2,1456.6,1426.3,1001.7,678.3,1282.6,3233.5,2058.6,181.7,267.4,828.9,535.8,337.0,974.9,773.4,1335.3,1149.0,1390.9,1075.0,1053.9,3431.1,1811.1,685.8,552.4,1416.5,438.7,802.6,2178.4,1189.9,2933.9,4825.0,6433.3,2769.5,4411.4,4117.3,7098.8,2155.6,1276.0,3338.3,1567.5,2370.8,1923.9,4696.5,5146.6,5041.6,2622.5,9803.2,4643.6,7098.8,9999.9,5826.4,3743.0,3997.4,9999.9,5062.3,9999.9,4769.1,2947.9,1797.9,1431.2,1449.7,2650.6,6640.8,2045.0,2417.2,2133.3,1689.7,9726.0,3800.6,7531.7,2393.8,9999.9,9999.9,4732.5,9999.9,9999.9,9999.9,9999.9,5021.1,3643.6,3402.7,4696.5,9881.6,9650.0,7768.5,9999.9,9999.9,9999.9,9999.9,9999.9,9999.9,9999.9,9999.9,2611.4,2714.7,2775.7,9999.9,9803.2,9999.9,12.6,13.9,158.4,206.3,19.8,15.0,42.7,26.8,38.3,367.5,502.9,50.1,204.5,45.6,55.7,66.3,233.4,143.0,92.0,299.2,178.8,654.5,898.3,443.0,2650.6,1219.3,2366.2,1173.0,1311.2,2605.9,1493.5,4349.3,2115.0,4063.1,3384.1,55.5,77.6,85.5,525.8,641.3,296.4,172.9,201.0,762.0,685.4,2254.0,2417.2,685.0,1138.4,172.0,135.1,260.2,868.0,1289.3,265.7,741.8,6900.5,5640.2,9999.9,9803.2,9999.9,9999.9,9999.9,9999.9,7098.8,9999.9,9999.9,9999.9,9999.9,9999.9,8950.7,7352.4,4076.5,6605.3,6367.0,9999.9,8180.1,9999.9,9999.9,5910.0,9999.9,9999.9,9999.9,9999.9,4714.5,9999.9,7223.4,9999.9,9999.9,9999.9,9999.9,9999.9,9999.9,7058.3,9999.9,9999.9,9999.9,9999.9,9999.9,9999.9,9999.9,9999.9,9999.9,9999.9,9999.9,9999.9,9999.9,9999.9,9999.9,9999.9,9999.9,9999.9,217.8,282.4,1312.6,108.0,1627.4,256.3,551.6,187.8,209.3,1160.9,153.4,1293.4,801.0,151.9,296.1,276.3,798.4,221.8,417.8,1103.8,514.8,2714.7,2578.7,1453.1,2024.9,3933.7,5000.8,3676.2,92.0,146.9,145.6,945.0,1130.1,517.2,333.3,4863.0,4714.5,2927.0,5910.0,4427.2,6900.5,6640.8,707.8,2205.7,2167.0,4574.8,1559.6,5233.9,2475.3,835.1,369.0,661.5,2118.7,642.6,2541.5,1493.5,1824.5,2398.4,3559.6,649.0,6676.7,1671.4,3005.3,2820.1,5640.2,9999.9,3393.4,9999.9,5189.9,5614.5,4806.2,8345.9,9999.9,5370.4,9999.9,7018.2,9999.9,9999.9,9999.9,9999.9,9999.9,9999.9,9999.9,9999.9,854.8,2990.8,3549.4,9961.3,9999.9,2685.2,5799.0,9999.9,9999.9,9999.9,9999.9,9999.9,9999.9,9999.9,2403.1,5000.8,4750.7,9501.5,2788.2,9999.9,5771.9,6467.0,7396.4,9961.3,9999.9,9082.3,9999.9,7624.7,1283.9,2097.1,7181.4,1300.2,8460.3,2313.1,3836.0,451.2,429.7,1506.3,362.1,1948.2,354.0,1225.4,2254.0,967.2,2229.6,1360.3,4411.4,2011.7,6025.3,9999.9,2190.0,2600.4,2708.7,9999.9,7486.0,9999.9,888.6,511.0,1042.3,2111.4,5146.6,1157.6,3384.1,9999.9,7396.4,7223.4,9999.9,9999.9,9999.9,9999.9,1851.8,593.8,1463.5,5489.8,1161.9,5393.9,3479.4,6302.0,5614.5,9999.9,9999.9,7223.4,9999.9,7440.9
20260906_青森_11R,20260906,12,青森,11,93.0,324.3,161.9,496.9,44.3,284.2,88.7,110.6,540.8,98.2,680.0,69.8,459.8,301.0,839.1,1330.7,1138.7,911.1,382.9,1776.1,1746.7,202.9,130.2,589.5,827.5,98.3,575.8,459.3,1179.1,1390.8,642.3,1557.1,467.9,2231.2,2094.3,9.8,18.2,58.3,17.8,85.8,11.0,31.2,673.1,1026.7,1570.7,992.0,2046.7,185.1,1143.9,144.7,394.2,1221.3,551.4,1409.4,142.9,778.5,215.5,724.9,397.7,992.8,107.6,735.0,190.7,307.2,1295.2,421.2,1380.1,517.7,2014.1,515.2,1893.3,2471.3,2551.2,2369.3,1722.8,4913.9,1998.2,671.0,591.7,1594.5,2338.6,762.6,2158.7,881.2,2263.2,2800.1,2364.9,4100.2,2598.5,7700.4,2255.1,142.6,476.3,999.1,597.6,1523.3,611.2,313.1,2147.7,3971.3,5819.7,4009.1,9495.3,1801.5,2598.5,167.6,341.6,616.3,366.1,711.4,195.0,925.8,200.9,925.8,126.0,1127.5,88.6,913.8,612.1,250.5,1104.8,291.1,1211.9,356.1,1781.2,508.1,2603.8,2727.5,1737.1,2923.3,2787.8,6900.9,5261.9,74.2,148.4,448.9,502.5,86.3,738.0,335.2,2291.9,2636.4,2456.9,2155.0,3095.2,5901.2,3971.3,123.7,354.9,1323.7,195.0,1933.9,660.4,878.8,2515.6,3781.0,6410.5,3087.7,8956.5,1954.9,6900.9,1092.4,857.9,3781.0,1030.9,3714.3,1275.6,4266.4,2219.4,3958.8,4073.7,3087.7,1396.9,7216.4,3826.8,2769.4,4324.9,3862.0,4462.4,3567.4,9218.0,4913.9,4339.7,5351.1,4894.8,6314.3,6346.1,9999.9,9999.9,5846.6,5154.5,4526.4,4526.4,5766.5,9999.9,9495.3,1985.6,2466.5,3165.1,2620.0,2203.9,3238.1,3996.4,1701.9,4400.2,6100.8,5283.9,4660.0,4952.4,9354.6,9999.9,9999.9,9999.9,9999.9,8709.4,8709.4,9999.9,7892.9,5112.8,9354.6,9999.9,9151.2,9999.9,9999.9,610.9,363.1,1718.1,2400.9,336.9,1704.2,1387.7,860.2,629.2,1985.6,3238.1,969.2,3254.8,1344.9,235.8,320.5,799.2,1015.9,260.4,1423.7,826.4,3358.7,3441.0,2267.2,3608.2,3703.4,8363.4,6476.2,4167.9,4310.1,2279.5,2957.5,4747.6,9999.9,6160.3,502.5,1030.0,555.8,2806.3,4100.2,1788.7,2030.3,4237.8,5612.7,4034.7,9999.9,9999.9,3714.3,9999.9,2471.3,1773.7,1819.7,6938.8,6789.6,2636.4,7134.8,2614.6,2263.2,1409.4,4310.1,1062.1,5261.9,3769.7,3035.7,3488.6,2636.4,5306.1,3035.7,8475.6,3441.0,3577.5,4354.7,3305.9,3597.9,5051.5,9640.2,5637.8,1018.4,1668.2,2080.5,1988.7,1218.9,3087.7,2844.3,5306.1,6042.4,3238.1,3271.6,6346.1,9999.9,8475.6,948.1,2715.8,3014.0,1657.3,5154.5,3149.3,4237.8,9999.9,9999.9,9999.9,7299.8,9999.9,7562.1,9999.9,6611.9,3873.8,6251.8,6160.3,7843.9,6410.5,9789.7,14.2,27.2,78.7,28.8,106.9,9.6,32.0,67.9,255.0,602.2,323.7,938.9,238.2,211.7,104.2,315.7,1216.6,265.0,1711.2,488.7,681.1,490.8,1835.5,2806.3,2530.8,2505.7,1715.8,3213.4,194.2,527.9,368.8,1451.5,2279.5,659.1,1035.9,477.2,1697.4,2481.0,1713.5,2686.9,1663.8,2923.3,58.8,200.0,356.3,667.1,382.2,810.5,288.9,91.6,170.5,638.4,1357.9,732.1,1791.3,263.9,2251.1,3340.9,4875.9,3587.7,7517.1,520.5,4415.6,3157.1,6577.4,8147.5,5637.8,9999.9,2572.0,5688.6,4952.4,7942.6,9999.9,6900.9,9999.9,4009.1,9999.9,9999.9,9999.9,9999.9,9999.9,7795.5,7795.5,9999.9,5637.8,6130.4,7892.9,9999.9,9999.9,4592.2,9999.9,9999.9,9999.9,9999.9,9285.8,9999.9,9085.4,9999.9,388.3,1216.6,2073.6,2943.7,1879.2,3358.7,1931.0,6251.8,5846.6,9999.9,9999.9,9999.9,9999.9,3133.6,256.8,817.3,2387.2,1063.0,2461.7,170.4,937.5,171.7,439.7,771.4,442.8,900.7,158.1,965.5,1344.9,1126.5,5538.9,1374.1,4991.6,1441.6,6646.7,4494.2,3671.1,6900.9,7216.4,5663.1,4113.6,9999.9,1598.5,1213.1,1435.0,4729.8,4857.2,1499.8,6346.1,4510.2,3403.9,3507.9,4140.5,5587.9,4354.7,9218.0,149.2,205.1,870.9,1674.9,958.1,2118.9,351.0,1400.0,1412.6,6789.6,9999.9,6509.6,9424.4,568.3
20260906_青森_12R,20260906,12,青森,12,227.8,439.8,114.9,455.6,150.3,455.5,296.9,520.0,1114.8,442.2,1286.2,1130.9,1128.9,870.7,985.8,1409.9,828.3,2208.4,1814.2,1852.7,1693.2,77.5,159.6,317.4,85.9,151.6,372.2,80.0,764.7,1127.8,1474.4,336.1,1366.2,1521.3,459.8,226.3,765.3,1136.5,284.6,1079.3,1259.4,848.3,1322.9,1845.1,2297.8,1308.0,2735.0,2802.5,1868.7,639.9,950.5,1532.1,407.4,612.0,1485.5,1507.7,239.9,382.3,107.1,487.3,117.7,399.1,251.5,278.2,149.6,142.0,483.6,93.0,141.8,239.6,476.6,188.0,257.7,679.7,152.1,217.0,335.0,102.5,142.1,215.3,163.1,65.0,227.7,102.3,922.7,843.4,1036.4,424.2,463.5,1055.7,504.4,57.1,38.2,60.5,27.2,128.2,55.7,69.0,490.1,175.8,227.3,254.5,702.7,140.9,316.4,541.0,451.9,537.3,256.2,554.2,309.3,594.0,763.3,1567.5,539.3,1822.2,1449.0,1690.0,1381.6,576.2,335.1,308.1,925.7,253.0,317.2,442.8,905.6,329.8,385.9,1041.2,817.9,280.8,529.8,438.8,423.0,701.3,540.1,877.3,706.0,381.3,2275.9,1714.9,2196.7,982.2,3738.9,2420.2,791.9,1371.6,377.8,1100.5,807.4,2982.8,1074.7,1415.6,1354.0,437.3,341.7,486.8,1448.6,1005.2,597.9,1600.1,913.6,1006.1,698.1,919.6,2426.7,1028.9,899.4,1279.3,500.5,2016.3,1628.2,1556.3,1183.9,641.4,296.8,347.9,771.5,310.0,314.6,377.1,786.6,308.9,333.7,726.6,754.5,241.9,404.7,450.1,444.7,458.9,400.9,993.1,517.4,342.4,2568.0,1311.0,1089.9,713.9,2998.5,934.9,1057.4,1319.0,333.8,889.7,872.7,2728.4,1126.7,1273.5,878.1,321.4,283.2,408.8,837.3,889.8,382.3,1359.3,713.7,838.9,724.7,1319.4,2184.0,825.2,69.6,154.1,258.6,60.1,127.2,322.1,65.4,103.7,181.3,276.4,159.1,98.0,317.9,119.7,328.0,332.0,655.0,397.6,647.1,726.5,325.9,484.9,509.9,698.9,519.1,1064.9,881.0,509.2,82.5,112.9,162.5,230.5,197.0,260.5,49.4,195.6,116.1,415.4,652.5,286.1,757.2,317.8,607.2,583.3,722.9,984.5,588.0,1300.9,503.5,123.1,159.7,223.4,339.6,89.4,350.7,357.9,1261.5,1873.3,2590.0,542.5,2478.3,2621.3,727.7,1273.2,989.7,1398.2,504.0,1148.3,1260.5,590.8,2500.2,1549.4,2087.7,866.7,3643.0,2203.1,710.0,3380.1,2122.8,2250.0,1147.4,4414.8,1989.8,1323.2,261.0,231.4,272.6,389.1,489.6,378.9,94.0,2866.1,1347.2,3192.4,3830.4,1084.7,3521.6,1641.8,3651.8,2103.1,2468.9,2178.8,1190.1,4273.6,1310.3,536.3,341.9,300.1,516.9,159.8,862.1,464.6,208.6,643.9,942.1,231.7,974.8,1011.5,701.8,67.3,39.2,65.6,33.5,147.8,69.2,73.6,861.0,189.2,618.4,511.9,1457.4,596.8,755.5,1233.8,330.0,764.9,822.6,1987.2,982.0,1155.6,180.1,92.5,306.4,491.7,247.0,491.0,209.7,1488.9,569.8,1490.9,1885.7,586.8,1952.2,791.4,1784.3,423.9,882.7,1069.9,1089.6,2245.6,1136.8,1189.8,464.4,1055.0,1434.4,712.3,1081.3,1266.8,1912.7,2860.7,2873.4,1096.7,4070.6,3795.2,2594.4,972.9,456.2,473.5,532.4,1246.3,458.6,691.7,1859.5,592.2,475.1,777.3,1830.3,1158.8,887.6,1176.6,426.3,403.2,564.2,1070.9,925.2,642.2,715.5,659.5,762.0,908.5,704.7,1605.8,570.3,3742.0,2311.8,2552.1,2042.6,1350.8,4314.2,1623.6,3077.8,750.7,1737.9,2055.5,1805.5,3960.6,2369.7,2278.2,1326.3,1316.7,1122.5,1018.3,1710.4,2600.3,1340.4,2368.5,2084.8,760.8,1173.2,2606.3,3082.0,1202.1,943.8,956.9,653.1,940.9,868.9,1278.2,2410.0,1402.5,1436.7,1123.6,1043.1,3217.3,1680.0,2107.0,1208.8,1549.4,1589.5,1885.7,3714.5,1519.3,385.5,485.9,694.3,931.2,277.6,995.5,951.5,913.5,618.3,537.5,888.1,291.5,1480.7,792.6,2708.9,1103.9,3228.7,3672.4,1524.9,2705.7,3347.7,2821.6,1716.2,1860.3,1367.5,1524.9,1685.0,2982.8
20260906_豊橋_1R,20260906,45,豊橋,1,84.2,124.3,31.8,171.2,84.6,,,124.9,122.5,23.1,55.6,110.5,,,306.4,305.2,98.9,463.9,340.6,,,13.7,7.0,37.4,28.1,29.6,,,249.7,86.5,166.3,64.7,271.0,,,205.8,297.9,230.9,137.3,492.9,,,,,,,,,,,,,,,,,88.2,109.3,35.3,169.9,77.4,,,478.8,948.5,574.1,886.7,881.5,,,234.8,723.9,300.9,381.3,156.9,,,51.5,203.6,151.5,197.9,100.0,,,367.3,713.6,462.5,361.9,489.7,,,47.2,298.5,32.9,110.6,233.4,,,,,,,,,,,,,,,,,604.2,481.8,118.7,424.5,792.9,,,985.9,1545.0,1170.8,2417.1,2171.9,,,1291.9,1998.2,1529.2,2540.0,2724.8,,,197.4,942.5,1170.8,731.0,1400.6,,,827.9,2724.8,1483.8,886.7,2341.6,,,1946.3,2676.1,2341.6,2456.8,3257.9,,,,,,,,,,,,,,,,,402.8,640.4,212.8,753.0,515.0,,,439.4,1594.3,561.2,760.7,277.0,,,415.1,2270.6,1594.3,2378.8,2775.2,,,390.2,565.5,1048.0,846.6,1033.5,,,1101.9,936.6,1326.2,954.5,1628.9,,,488.1,228.8,1763.1,810.0,1055.3,,,,,,,,,,,,,,,,,23.0,12.4,33.5,54.3,45.9,,,47.2,176.5,128.9,177.5,87.1,,,92.3,339.0,455.5,299.1,509.7,,,133.9,268.5,511.4,458.3,331.5,,,164.6,355.9,344.5,397.5,478.8,,,208.1,207.5,606.7,257.5,648.7,,,,,,,,,,,,,,,,,346.9,186.1,356.8,140.5,415.1,,,438.2,1101.9,640.4,491.3,515.0,,,387.2,1529.2,700.3,486.5,1026.4,,,681.2,756.8,1005.8,693.8,876.4,,,193.3,444.7,429.4,483.4,760.7,,,936.6,640.4,1338.0,643.2,1144.0,,,,,,,,,,,,,,,,,194.3,640.4,197.1,165.7,654.4,,,85.1,776.5,40.3,202.5,451.4,,,1628.9,2417.1,2456.8,2540.0,3257.9,,,193.6,95.7,1483.8,350.1,594.7,,,256.1,407.2,1441.0,330.1,1189.4,,,1259.3,954.5,2305.6,837.2,1611.4,,,,,,,,,,,,,,,,,,,,,,,,,,,,,,,,,,,,,,,,,,,,,,,,,,,,,,,,,,,,,,,,,,,,,,,,,,,,,,,,,,,,,,,,,,,,,,,,,,,,,,,,,,,,,,,,,,,,,,,,,,,,,,,,
20260906_豊橋_2R,20260906,45,豊橋,2,485.1,485.1,424.0,610.1,275.3,,,618.8,391.7,670.9,796.0,188.7,,,411.0,257.5,346.1,738.9,84.4,,,269.4,437.8,331.0,907.3,141.6,,,1326.7,1700.2,1287.7,1768.9,643.8,,,90.4,65.0,36.9,85.4,182.9,,,,,,,,,,,,,,,,,803.3,972.9,391.7,854.2,352.3,,,1006.4,1326.7,426.1,709.0,814.5,,,962.2,1137.1,444.4,1144.6,574.1,,,116.3,126.7,144.1,70.8,65.8,,,563.1,486.4,946.6,215.4,337.4,,,223.0,554.2,312.1,161.5,384.8,,,,,,,,,,,,,,,,,614.4,559.5,634.5,912.1,240.2,,,717.7,951.7,440.0,601.8,678.7,,,616.6,898.0,496.1,2189.0,377.4,,,545.5,365.6,621.0,907.3,349.5,,,1191.3,846.0,2162.0,1250.9,989.4,,,165.2,441.1,343.3,417.9,799.6,,,,,,,,,,,,,,,,,477.1,479.8,280.2,668.4,50.7,,,597.7,742.0,399.8,754.8,378.2,,,655.9,1144.6,720.6,2538.0,364.0,,,185.7,204.3,348.8,748.4,82.9,,,1435.4,1577.7,2335.0,1903.5,833.9,,,12.1,128.3,133.1,67.0,250.8,,,,,,,,,,,,,,,,,98.4,145.5,153.6,340.7,53.8,,,35.2,54.9,68.9,29.4,19.2,,,269.8,236.6,438.9,616.6,249.4,,,155.9,154.4,240.2,467.0,60.4,,,398.9,160.8,507.6,754.8,280.6,,,24.1,37.0,85.8,59.2,174.6,,,,,,,,,,,,,,,,,1787.0,2245.2,3019.4,2501.8,1006.4,,,1336.8,1036.2,2694.2,570.4,995.0,,,1368.1,1536.2,3019.4,2274.3,1401.0,,,3574.0,3648.4,3367.8,2736.3,1863.0,,,1733.9,457.2,1577.7,2274.3,1094.5,,,459.6,1368.1,1536.2,1067.8,1577.7,,,,,,,,,,,,,,,,,36.4,25.3,13.6,23.3,107.4,,,83.3,310.5,154.0,93.3,390.9,,,91.4,355.2,128.3,255.6,300.9,,,13.3,72.0,76.9,49.5,309.4,,,38.3,61.1,125.4,63.8,376.6,,,342.7,956.9,893.5,610.1,829.9,,,,,,,,,,,,,,,,,,,,,,,,,,,,,,,,,,,,,,,,,,,,,,,,,,,,,,,,,,,,,,,,,,,,,,,,,,,,,,,,,,,,,,,,,,,,,,,,,,,,,,,,,,,,,,,,,,,,,,,,,,,,,,,,
20260906_豊橋_3R,20260906,45,豊橋,3,1497.7,724.6,605.8,3209.3,265.8,,,2324.0,3209.3,2026.9,2265.4,878.1,,,1321.5,3456.2,1531.7,3412.5,738.5,,,527.5,807.1,668.9,1809.3,156.2,,,4992.3,3369.8,4279.1,4147.5,1624.0,,,106.5,205.0,178.2,71.7,364.8,,,,,,,,,,,,,,,,,1069.7,459.2,441.2,1739.2,205.9,,,1418.8,949.2,797.5,1123.2,687.7,,,354.7,558.1,271.4,783.6,176.7,,,374.9,526.5,325.1,804.7,143.3,,,3594.5,2026.9,2344.2,1953.5,1859.2,,,102.7,217.9,103.4,94.7,477.9,,,,,,,,,,,,,,,,,2089.8,2695.8,1604.6,1821.5,910.7,,,1898.5,1411.4,1259.7,1624.0,913.8,,,3797.0,2324.0,2962.5,3287.6,2669.1,,,1259.7,1074.0,1664.1,837.2,512.5,,,1095.8,1187.6,1514.5,567.5,622.6,,,366.7,473.7,959.3,378.1,354.7,,,,,,,,,,,,,,,,,1271.6,4023.6,1846.4,3209.3,861.3,,,672.2,1053.0,464.8,1375.4,336.1,,,3248.0,2385.7,3098.7,4023.6,2962.5,,,1762.0,872.4,2284.6,3134.7,895.6,,,6126.9,3594.5,4348.1,4648.0,5860.5,,,742.6,439.7,1695.5,722.7,2364.8,,,,,,,,,,,,,,,,,235.2,483.9,370.8,757.2,95.0,,,190.2,261.2,170.5,597.7,101.8,,,707.5,398.7,837.2,537.0,289.8,,,549.0,339.9,936.0,847.7,315.3,,,1773.6,1785.3,1013.4,1643.8,858.5,,,32.4,35.0,60.7,61.6,177.4,,,,,,,,,,,,,,,,,6269.4,3797.0,5860.5,5286.0,2304.1,,,6269.4,3287.6,4648.0,4814.0,3412.5,,,1846.4,2174.0,1982.2,1078.3,1040.8,,,7488.5,5086.5,5184.3,4901.5,7286.1,,,4648.0,4569.2,1728.1,5286.0,2543.2,,,1833.9,2643.0,1762.0,4729.6,2246.5,,,,,,,,,,,,,,,,,10.8,12.8,19.9,7.6,74.5,,,22.4,41.1,22.7,17.7,148.3,,,34.8,58.6,133.1,45.3,56.8,,,107.7,59.7,183.1,82.2,295.9,,,11.3,12.8,22.8,29.8,93.7,,,349.6,448.5,214.8,527.5,275.3,,,,,,,,,,,,,,,,,,,,,,,,,,,,,,,,,,,,,,,,,,,,,,,,,,,,,,,,,,,,,,,,,,,,,,,,,,,,,,,,,,,,,,,,,,,,,,,,,,,,,,,,,,,,,,,,,,,,,,,,,,,,,,,,
20260906_豊橋_4R,20260906,45,豊橋,4,94.0,22.0,198.1,274.1,49.8,,,253.5,94.8,218.0,913.5,372.0,,,15.2,31.0,70.3,134.4,26.9,,,554.6,374.0,279.4,1298.8,640.1,,,644.7,1910.1,731.9,2018.0,811.8,,,91.9,326.8,97.3,442.6,291.5,,,,,,,,,,,,,,,,,77.8,16.7,140.7,202.2,38.6,,,140.9,147.8,168.9,391.6,138.7,,,16.0,80.1,147.1,150.0,30.5,,,487.3,412.4,533.1,1137.5,401.3,,,416.7,682.9,500.2,1223.2,187.8,,,25.1,58.4,21.3,121.9,22.8,,,,,,,,,,,,,,,,,330.4,122.6,218.8,1047.4,574.2,,,322.3,305.8,314.7,693.5,279.0,,,116.7,374.8,187.9,360.8,261.8,,,129.7,227.3,113.2,239.2,139.4,,,2164.8,2018.0,1653.6,1313.2,1332.8,,,720.1,507.3,321.5,269.9,314.4,,,,,,,,,,,,,,,,,16.5,31.7,67.9,123.9,27.7,,,24.5,118.3,210.7,267.1,52.5,,,75.7,256.2,278.1,881.9,361.5,,,246.6,739.5,431.3,1337.8,564.2,,,455.0,935.0,1742.4,2191.3,871.2,,,81.7,98.2,278.1,348.4,325.3,,,,,,,,,,,,,,,,,1223.2,647.0,626.6,2706.0,1587.5,,,779.8,879.7,1289.5,2857.5,1141.1,,,258.2,429.3,293.2,704.5,463.8,,,596.3,1358.1,718.6,2349.9,1284.8,,,4013.4,3882.5,2232.4,3369.7,2164.8,,,2113.5,1303.6,1206.7,1526.4,1507.1,,,,,,,,,,,,,,,,,2413.4,4153.4,1899.9,3840.7,2151.7,,,1794.9,1962.5,1332.8,2381.2,538.7,,,4464.9,3189.2,3079.2,3133.2,2480.5,,,1962.5,2029.5,3276.9,4105.6,1870.1,,,4826.9,4153.4,3189.2,4638.8,2857.5,,,1482.1,404.5,1423.0,1198.6,1488.3,,,,,,,,,,,,,,,,,153.8,621.2,176.9,741.0,443.7,,,71.0,113.8,64.9,169.4,44.9,,,989.4,386.5,832.6,623.3,529.9,,,181.5,155.7,590.4,625.5,435.6,,,1322.9,614.7,939.9,986.7,899.7,,,485.3,125.0,354.7,443.7,483.3,,,,,,,,,,,,,,,,,,,,,,,,,,,,,,,,,,,,,,,,,,,,,,,,,,,,,,,,,,,,,,,,,,,,,,,,,,,,,,,,,,,,,,,,,,,,,,,,,,,,,,,,,,,,,,,,,,,,,,,,,,,,,,,,
20260906_豊橋_5R,20260906,45,豊橋,5,923.2,840.6,1276.5,989.5,1342.9,,,899.1,715.6,935.7,547.1,1016.2,,,944.3,844.1,942.1,639.2,800.0,,,1709.1,1436.1,1334.2,1487.8,1702.1,,,723.1,506.8,486.0,874.4,714.3,,,1622.0,1397.3,1068.7,1615.6,1111.8,,,,,,,,,,,,,,,,,498.9,209.8,671.4,537.8,681.4,,,311.9,127.8,318.6,251.7,391.6,,,140.8,89.7,58.8,42.7,53.0,,,474.8,277.4,88.0,178.6,171.0,,,252.0,181.6,57.6,130.5,120.4,,,533.7,353.8,100.5,214.3,194.7,,,,,,,,,,,,,,,,,381.9,252.5,315.9,217.2,364.7,,,300.3,213.4,293.9,226.7,326.9,,,220.9,220.5,151.2,118.1,167.8,,,369.6,373.6,208.5,242.0,294.8,,,149.6,207.9,113.2,175.3,171.7,,,367.3,376.7,220.1,282.5,222.0,,,,,,,,,,,,,,,,,322.8,261.4,296.0,209.7,287.2,,,189.9,132.4,71.8,54.2,62.8,,,164.5,160.6,110.5,91.9,114.1,,,192.2,76.5,89.9,45.2,36.6,,,104.2,44.1,56.7,31.2,21.5,,,170.8,62.1,78.7,39.3,30.0,,,,,,,,,,,,,,,,,1300.6,1052.4,953.0,944.3,1261.0,,,735.9,555.9,255.4,413.2,381.5,,,683.6,689.3,362.1,414.4,520.9,,,452.0,197.2,234.0,140.8,125.7,,,472.1,378.4,329.5,178.0,271.0,,,844.1,460.0,449.0,214.5,340.1,,,,,,,,,,,,,,,,,214.5,124.3,109.4,154.7,189.0,,,175.0,132.6,69.1,126.4,116.6,,,92.3,131.1,67.3,111.6,114.2,,,84.4,49.9,57.5,41.3,27.4,,,152.5,152.0,122.8,71.4,117.7,,,141.8,117.6,106.5,47.4,88.2,,,,,,,,,,,,,,,,,1148.9,658.6,535.7,840.6,580.1,,,760.3,492.4,215.2,382.6,321.8,,,494.7,595.9,234.2,367.6,305.2,,,360.9,152.0,165.1,111.5,83.4,,,638.2,432.6,341.2,156.3,283.8,,,314.5,235.2,193.2,88.6,170.4,,,,,,,,,,,,,,,,,,,,,,,,,,,,,,,,,,,,,,,,,,,,,,,,,,,,,,,,,,,,,,,,,,,,,,,,,,,,,,,,,,,,,,,,,,,,,,,,,,,,,,,,,,,,,,,,,,,,,,,,,,,,,,,,
20260906_豊橋_6R,20260906,45,豊橋,6,127.9,110.7,218.6,1067.9,119.3,,,105.5,110.5,101.0,1038.2,194.4,,,44.6,52.0,65.7,289.5,129.6,,,172.2,113.2,144.6,306.7,354.2,,,2845.1,3030.2,1972.0,1444.6,4187.8,,,126.1,245.2,243.1,348.3,1678.8,,,,,,,,,,,,,,,,,103.6,89.5,186.1,799.8,79.3,,,81.7,103.0,40.2,504.3,36.3,,,103.3,150.2,158.3,920.2,123.7,,,191.6,65.6,190.5,445.8,71.7,,,2823.5,1993.1,2468.3,1854.3,1272.0,,,43.1,23.5,54.3,27.3,259.3,,,,,,,,,,,,,,,,,87.9,87.8,79.8,742.4,163.6,,,67.4,80.8,30.2,376.0,36.6,,,141.5,144.3,116.2,1136.3,239.9,,,37.0,16.0,44.1,65.7,31.6,,,1694.1,1298.6,1836.0,480.3,1901.6,,,154.7,51.7,148.8,72.9,676.4,,,,,,,,,,,,,,,,,51.1,73.8,105.8,498.2,98.7,,,103.1,134.2,207.8,924.8,136.2,,,139.1,155.6,236.0,1484.9,217.5,,,353.9,380.3,381.8,1150.3,812.0,,,2358.9,3055.0,3549.6,3185.5,3240.9,,,215.9,191.3,268.5,476.6,1210.1,,,,,,,,,,,,,,,,,344.4,184.4,389.0,642.6,547.3,,,265.0,76.5,269.6,480.9,142.1,,,85.5,35.1,86.2,93.2,68.1,,,524.9,537.8,345.1,1340.7,1029.5,,,953.2,889.5,343.1,1280.8,1004.6,,,485.9,187.7,153.9,726.5,843.2,,,,,,,,,,,,,,,,,5823.6,6011.5,5401.6,2082.2,7454.2,,,5916.1,3185.5,4284.0,3803.2,3764.7,,,4601.4,3240.9,4051.2,920.2,4904.1,,,4904.1,5176.5,4904.1,4490.5,5734.0,,,1901.6,3080.2,870.8,4601.4,4007.6,,,7308.1,4284.0,5105.6,5823.6,4778.3,,,,,,,,,,,,,,,,,133.9,242.0,304.2,404.6,1540.1,,,63.5,35.2,74.5,46.2,329.8,,,211.2,78.0,325.2,118.5,991.2,,,361.1,256.8,466.4,525.6,2231.8,,,371.5,127.3,151.9,511.2,642.6,,,4141.2,1951.3,2845.1,3764.7,2205.4,,,,,,,,,,,,,,,,,,,,,,,,,,,,,,,,,,,,,,,,,,,,,,,,,,,,,,,,,,,,,,,,,,,,,,,,,,,,,,,,,,,,,,,,,,,,,,,,,,,,,,,,,,,,,,,,,,,,,,,,,,,,,,,,
20260906_豊橋_7R,20260906,45,豊橋,7,215.1,286.6,53.1,166.7,48.3,,,695.4,1916.2,719.5,2049.9,361.2,,,821.9,2335.0,1071.7,1500.4,968.6,,,65.1,259.0,479.7,351.8,40.9,,,457.9,1624.8,897.1,773.2,710.8,,,67.8,88.9,355.4,54.1,346.7,,,,,,,,,,,,,,,,,34.1,45.1,8.3,30.5,5.0,,,169.6,453.7,411.9,461.5,122.8,,,52.9,212.9,104.2,23.3,94.1,,,13.3,117.4,89.4,69.8,33.0,,,21.2,156.2,9.2,53.2,44.2,,,20.8,41.7,127.9,62.6,95.6,,,,,,,,,,,,,,,,,1905.9,5596.8,1948.0,5509.3,1301.1,,,1410.3,2776.3,2231.6,3039.6,1745.5,,,6410.8,4099.9,5424.6,5976.2,5262.6,,,2149.9,2203.7,5342.4,4966.1,2592.6,,,4701.3,3423.2,4639.4,4148.2,4830.1,,,1463.0,1865.6,4579.2,2350.6,4701.3,,,,,,,,,,,,,,,,,774.9,3326.4,1588.2,1457.0,1191.2,,,392.6,1068.4,649.3,222.4,463.3,,,4407.4,3264.8,4639.4,4099.9,4463.2,,,1254.8,1071.7,2465.7,2203.7,1022.0,,,1095.0,261.1,2573.7,1916.2,1259.2,,,1948.0,1133.7,3390.3,2500.7,2038.1,,,,,,,,,,,,,,,,,103.8,544.1,657.8,524.7,92.9,,,79.7,618.5,318.5,272.0,169.1,,,1703.3,1980.8,4520.5,3525.9,1916.2,,,1546.4,1062.0,3456.8,2014.8,1916.2,,,1361.3,764.8,2890.1,1513.3,1371.9,,,291.1,354.7,781.8,1937.3,1581.1,,,,,,,,,,,,,,,,,420.2,2733.3,847.5,1167.5,947.8,,,155.1,637.6,81.3,321.4,286.8,,,4639.4,2651.1,3561.6,4701.3,4579.2,,,718.1,196.1,1817.5,1259.2,987.6,,,1553.2,879.2,3326.4,1687.0,1865.6,,,1533.0,890.4,3358.0,1679.0,2518.5,,,,,,,,,,,,,,,,,185.3,213.0,491.7,222.6,649.3,,,187.4,598.6,721.0,373.5,742.3,,,633.0,1163.6,2136.9,1183.2,2335.0,,,1546.4,1433.3,3264.8,2776.3,2415.0,,,407.1,540.7,810.5,1808.2,1817.5,,,1855.7,1445.0,3092.9,2245.8,2518.5,,,,,,,,,,,,,,,,,,,,,,,,,,,,,,,,,,,,,,,,,,,,,,,,,,,,,,,,,,,,,,,,,,,,,,,,,,,,,,,,,,,,,,,,,,,,,,,,,,,,,,,,,,,,,,,,,,,,,,,,,,,,,,,,
20260906_豊橋_8R,20260906,45,豊橋,8,175.6,54.9,178.6,251.8,42.2,,,231.2,132.2,429.8,175.1,163.6,,,34.5,58.6,6.1,57.5,9.8,,,271.7,531.3,41.4,396.0,132.7,,,422.2,173.6,112.0,326.4,234.0,,,30.7,90.3,26.0,84.5,111.1,,,,,,,,,,,,,,,,,274.9,60.7,215.8,398.0,47.4,,,365.5,388.4,1191.6,569.7,272.3,,,162.3,877.5,185.7,917.4,149.0,,,629.3,1806.1,434.0,1782.2,360.2,,,589.7,636.3,647.5,1374.6,345.1,,,33.3,147.8,36.0,86.2,126.5,,,,,,,,,,,,,,,,,474.4,290.6,662.4,263.9,394.4,,,494.8,499.1,1316.2,299.6,332.0,,,381.4,947.7,511.1,586.2,732.3,,,1247.0,2165.4,1154.1,1657.5,2044.5,,,146.7,183.8,183.6,490.0,127.7,,,348.1,256.3,345.7,723.1,199.9,,,,,,,,,,,,,,,,,74.9,127.7,13.3,161.3,26.4,,,245.8,871.8,439.7,1109.5,318.9,,,369.1,1091.5,727.0,782.1,889.1,,,42.8,401.1,484.6,473.3,164.1,,,590.5,1736.1,984.7,747.2,1227.9,,,94.9,251.2,594.0,181.1,643.4,,,,,,,,,,,,,,,,,999.4,1398.5,159.0,1758.8,534.9,,,1311.9,2615.4,1418.2,3764.3,1433.3,,,2013.9,3196.6,2153.9,2940.0,3533.1,,,131.9,963.5,1188.1,1065.5,425.3,,,3171.5,5163.8,3222.2,1890.9,2581.9,,,739.0,1097.4,2667.4,659.2,2441.1,,,,,,,,,,,,,,,,,1085.6,278.9,289.5,782.1,612.1,,,1150.8,436.8,1290.9,2685.2,712.8,,,185.0,263.2,289.7,583.7,176.4,,,432.1,1379.3,547.2,494.2,855.1,,,1356.1,3196.6,1254.7,1006.9,2003.8,,,750.0,650.6,324.5,822.0,1324.9,,,,,,,,,,,,,,,,,51.8,189.1,64.6,204.5,253.1,,,42.9,105.1,55.4,167.8,120.7,,,245.5,169.0,329.8,773.0,196.2,,,104.1,139.6,426.6,181.1,521.7,,,534.9,605.6,1184.6,423.0,1423.2,,,372.2,232.1,215.3,424.4,945.4,,,,,,,,,,,,,,,,,,,,,,,,,,,,,,,,,,,,,,,,,,,,,,,,,,,,,,,,,,,,,,,,,,,,,,,,,,,,,,,,,,,,,,,,,,,,,,,,,,,,,,,,,,,,,,,,,,,,,,,,,,,,,,,,
20260906_豊橋_9R,20260906,45,豊橋,9,831.1,413.4,360.7,1454.4,897.0,,,821.0,270.9,274.9,601.5,843.1,,,77.0,49.4,8.0,75.7,57.5,,,62.9,104.6,21.8,205.9,72.6,,,1366.5,436.9,214.5,260.2,1097.6,,,439.7,432.7,140.6,127.6,587.6,,,,,,,,,,,,,,,,,2696.9,1548.4,940.5,2056.7,2262.4,,,3257.9,4286.7,2056.7,3636.1,4332.3,,,1747.8,3992.5,1194.2,3806.0,2696.9,,,599.7,1097.6,731.1,1868.0,414.2,,,2225.3,4155.5,4524.9,2929.8,4680.9,,,2067.2,3992.5,1939.2,697.3,3636.1,,,,,,,,,,,,,,,,,1794.0,732.4,607.8,936.1,1920.9,,,2867.9,3206.6,1648.7,2483.1,3603.9,,,720.7,2237.6,729.8,1057.7,1986.5,,,598.8,949.2,801.6,685.5,1010.5,,,434.6,990.8,699.7,353.5,1150.4,,,3108.7,3953.8,2972.5,1566.3,2453.2,,,,,,,,,,,,,,,,,85.2,50.7,7.3,76.7,55.3,,,477.4,947.0,380.6,1394.6,803.2,,,316.4,1143.9,359.4,685.5,921.3,,,17.2,57.4,104.7,185.4,56.2,,,313.9,1548.4,669.8,424.2,1000.5,,,173.8,579.2,570.3,146.2,625.5,,,,,,,,,,,,,,,,,34.9,97.5,18.9,190.4,41.5,,,41.8,105.7,66.4,190.5,37.6,,,235.4,250.6,374.3,435.5,310.6,,,17.2,48.9,124.3,223.8,44.2,,,288.2,245.1,287.1,390.4,272.9,,,32.1,21.3,117.9,43.3,175.8,,,,,,,,,,,,,,,,,642.3,272.9,470.8,255.1,1389.9,,,2016.0,1548.4,2468.1,1371.1,2696.9,,,200.1,425.0,449.4,157.6,765.4,,,498.4,2262.4,683.2,544.4,1794.0,,,246.0,320.1,220.0,560.9,545.1,,,911.0,2213.2,873.9,1103.6,694.9,,,,,,,,,,,,,,,,,554.0,653.6,224.2,134.2,567.1,,,1264.7,1859.5,1740.3,393.0,2099.1,,,1560.3,3108.7,2468.1,862.8,2110.0,,,225.8,1046.8,844.9,198.6,855.5,,,85.0,75.9,360.3,112.5,313.5,,,670.9,2046.4,743.1,981.3,502.7,,,,,,,,,,,,,,,,,,,,,,,,,,,,,,,,,,,,,,,,,,,,,,,,,,,,,,,,,,,,,,,,,,,,,,,,,,,,,,,,,,,,,,,,,,,,,,,,,,,,,,,,,,,,,,,,,,,,,,,,,,,,,,,,
20260906_豊橋_10R,20260906,45,豊橋,10,165.7,449.8,765.8,605.0,356.7,,,32.4,18.6,30.3,19.7,30.4,,,346.5,65.2,237.8,193.7,251.3,,,456.2,79.1,172.9,233.2,350.7,,,673.7,101.9,220.9,474.5,403.8,,,429.3,142.3,305.5,471.1,442.2,,,,,,,,,,,,,,,,,400.6,770.7,1371.8,1212.4,573.4,,,324.3,326.6,704.3,1050.3,197.8,,,869.2,553.5,647.0,1306.6,254.5,,,1148.0,764.8,517.0,1400.4,325.0,,,3954.2,3558.8,2510.3,4087.8,2951.2,,,285.5,172.7,114.4,240.4,625.6,,,,,,,,,,,,,,,,,29.3,9.8,15.6,14.7,13.4,,,105.1,89.2,217.1,360.3,50.9,,,28.9,67.0,52.0,162.9,47.7,,,44.7,151.6,62.5,273.2,93.5,,,175.6,829.9,424.2,614.8,656.1,,,51.9,71.2,47.7,78.8,337.6,,,,,,,,,,,,,,,,,523.8,110.5,319.4,424.2,312.1,,,761.0,507.5,640.2,1200.3,286.3,,,71.3,187.8,147.7,407.9,144.9,,,273.6,347.7,213.3,856.9,321.9,,,826.5,2391.3,1242.3,2130.2,2079.0,,,337.6,285.3,311.3,386.0,1179.3,,,,,,,,,,,,,,,,,345.1,91.7,161.2,239.8,334.4,,,405.7,287.2,208.0,831.0,156.6,,,69.0,161.2,98.7,427.2,187.1,,,132.5,164.2,115.2,454.8,169.5,,,1074.6,1635.1,1397.2,1214.8,1675.9,,,404.1,251.8,348.3,244.7,1057.6,,,,,,,,,,,,,,,,,3025.0,425.1,751.5,1571.4,954.2,,,5550.4,5307.0,5000.0,6875.0,5401.7,,,498.3,4201.3,1583.7,2922.7,3342.5,,,1090.0,4801.5,2216.1,3781.2,4006.6,,,2563.5,5127.1,3184.2,3361.1,3734.5,,,1198.0,5873.7,4230.7,4260.5,3757.7,,,,,,,,,,,,,,,,,556.5,260.5,345.3,572.9,609.2,,,327.3,204.5,108.8,243.3,656.8,,,174.4,229.8,214.5,278.0,929.3,,,279.8,133.2,276.5,273.5,767.7,,,491.8,319.0,365.3,398.2,1400.4,,,1011.7,1926.7,2309.1,1855.8,2265.9,,,,,,,,,,,,,,,,,,,,,,,,,,,,,,,,,,,,,,,,,,,,,,,,,,,,,,,,,,,,,,,,,,,,,,,,,,,,,,,,,,,,,,,,,,,,,,,,,,,,,,,,,,,,,,,,,,,,,,,,,,,,,,,,
20260906_豊橋_11R,20260906,45,豊橋,11,80.1,11.2,20.5,36.9,32.8,,,278.2,172.5,252.0,322.3,376.9,,,6.9,58.8,6.8,18.0,15.1,,,24.4,135.1,12.7,54.1,51.3,,,66.5,220.9,40.3,75.6,80.6,,,51.9,212.5,30.4,57.6,70.8,,,,,,,,,,,,,,,,,776.0,134.4,243.5,454.3,397.2,,,2271.5,3021.4,3208.3,4787.8,4610.4,,,211.5,2331.1,715.4,1227.6,1318.6,,,635.1,2384.7,835.4,1945.0,1450.8,,,1921.0,5508.1,2357.6,2868.2,4121.9,,,1350.1,4715.2,1903.4,2199.3,3477.1,,,,,,,,,,,,,,,,,2908.4,2146.2,2908.4,3842.0,3293.2,,,3618.7,5412.3,5508.1,7684.1,7154.2,,,2992.3,4205.5,4263.1,7979.7,3989.8,,,4414.3,6287.0,6839.7,8189.6,8083.3,,,5230.3,8766.4,8526.2,6915.7,7979.7,,,4679.8,8189.6,4094.8,7878.6,7878.6,,,,,,,,,,,,,,,,,20.0,134.3,17.8,51.2,60.0,,,57.2,836.5,177.6,447.1,433.7,,,606.0,1988.5,2095.6,2530.1,2222.9,,,50.8,153.5,822.2,366.7,418.5,,,218.6,727.9,1857.9,623.0,1027.0,,,200.2,641.0,1548.3,713.7,981.7,,,,,,,,,,,,,,,,,138.4,837.7,78.2,360.1,433.4,,,332.1,2357.6,527.9,1587.7,1571.7,,,2949.8,4939.8,4414.3,5459.7,6621.4,,,128.3,430.1,2034.0,1167.7,1080.5,,,1067.6,2040.7,4862.6,1474.9,3208.3,,,1165.5,1874.7,4576.5,1733.7,3036.1,,,,,,,,,,,,,,,,,1471.4,2829.1,776.0,1414.5,1383.1,,,2637.3,6993.4,3112.0,4445.8,5927.7,,,4787.8,7684.1,6839.7,7072.9,7590.4,,,1095.8,2881.5,5508.1,2803.6,4015.5,,,2255.1,4510.2,4610.4,3890.1,5365.6,,,2102.7,6351.1,6162.5,5365.6,5019.4,,,,,,,,,,,,,,,,,658.6,1536.8,362.7,643.6,849.1,,,1424.2,4900.9,2460.1,2339.9,3795.2,,,3914.5,7498.9,5019.4,7684.1,6102.1,,,587.1,1788.5,2949.8,1461.0,2271.5,,,1471.4,2440.8,4939.8,2117.0,3556.6,,,2060.9,5412.3,6351.1,4543.1,3865.9,,,,,,,,,,,,,,,,,,,,,,,,,,,,,,,,,,,,,,,,,,,,,,,,,,,,,,,,,,,,,,,,,,,,,,,,,,,,,,,,,,,,,,,,,,,,,,,,,,,,,,,,,,,,,,,,,,,,,,,,,,,,,,,,
20260906_豊橋_12R,20260906,45,豊橋,12,37.3,42.5,58.4,238.5,59.9,,,40.1,36.1,39.4,72.6,27.6,,,51.0,51.8,59.3,281.0,52.3,,,56.3,44.1,48.3,207.2,46.3,,,368.4,156.6,399.5,399.2,303.2,,,45.2,24.5,35.1,42.8,155.2,,,,,,,,,,,,,,,,,116.9,115.4,140.3,488.0,233.4,,,174.0,299.9,266.0,459.6,805.2,,,175.4,334.0,231.9,1064.4,893.3,,,162.8,248.7,209.0,903.8,628.1,,,857.3,972.1,1687.7,1600.1,2591.8,,,565.9,1386.2,1349.8,1364.7,2507.5,,,,,,,,,,,,,,,,,56.2,56.9,53.2,59.1,46.4,,,100.5,150.8,158.2,207.4,469.2,,,99.2,147.7,129.7,195.0,369.0,,,66.6,113.3,107.9,140.1,281.1,,,91.8,179.5,168.4,153.3,304.0,,,176.2,649.6,501.5,493.0,515.5,,,,,,,,,,,,,,,,,92.4,95.0,101.9,398.4,142.6,,,130.0,238.0,191.4,973.7,697.0,,,135.2,237.8,177.1,430.3,497.8,,,91.6,127.6,128.6,622.7,389.8,,,753.6,1546.0,788.8,1243.6,2116.1,,,340.7,1163.8,918.6,707.8,2179.7,,,,,,,,,,,,,,,,,44.8,36.4,38.0,156.9,64.6,,,65.6,103.3,89.5,427.6,336.5,,,52.9,95.4,84.9,172.3,254.3,,,50.4,81.0,73.6,372.1,260.6,,,280.5,672.6,318.2,616.2,803.7,,,147.0,553.4,444.4,415.9,845.0,,,,,,,,,,,,,,,,,676.7,313.1,761.5,599.1,696.6,,,1325.1,1028.0,1808.9,1770.0,2522.9,,,205.2,418.9,383.2,344.9,554.4,,,1277.1,1830.4,987.7,1454.8,2759.9,,,670.8,1495.4,602.9,1228.8,1542.1,,,1026.3,2664.6,1414.8,2591.8,1892.2,,,,,,,,,,,,,,,,,210.8,132.9,176.7,175.5,497.0,,,597.7,1523.1,1706.3,1422.9,2816.7,,,251.2,1201.2,830.2,822.4,1216.6,,,492.3,1699.3,1214.2,1408.3,2619.3,,,363.8,1267.9,924.8,1204.8,1869.2,,,1129.7,2965.6,1634.0,2875.8,2009.3,,,,,,,,,,,,,,,,,,,,,,,,,,,,,,,,,,,,,,,,,,,,,,,,,,,,,,,,,,,,,,,,,,,,,,,,,,,,,,,,,,,,,,,,,,,,,,,,,,,,,,,,,,,,,,,,,,,,,,,,,,,,,,,,
20260906_西武園_1R,20260906,26,西武園,1,1466.5,1367.8,3844.7,1823.7,2540.2,,,704.2,237.8,954.7,794.7,342.7,,,497.3,186.4,808.2,451.6,304.6,,,3844.7,3092.5,2123.2,4588.8,2332.0,,,1354.8,1580.6,1038.3,2789.3,3469.6,,,1513.3,632.2,690.5,1394.6,2155.3,,,,,,,,,,,,,,,,,1616.5,2155.3,4905.3,1922.3,2586.4,,,1001.7,794.7,1800.7,623.9,551.3,,,1580.6,1085.9,4445.4,1497.4,1800.7,,,3161.2,2188.5,3233.0,5927.3,2634.3,,,935.8,573.6,785.9,1734.8,942.0,,,2903.1,1185.4,2332.0,2634.3,2452.6,,,,,,,,,,,,,,,,,58.8,15.7,131.2,99.7,38.5,,,131.2,121.7,309.2,101.6,132.9,,,8.7,52.9,70.1,77.3,17.5,,,184.0,362.8,175.4,474.1,48.6,,,169.1,93.8,146.0,361.9,101.7,,,9.6,33.6,6.1,3.4,39.2,,,,,,,,,,,,,,,,,376.3,57.4,725.7,337.8,165.2,,,1138.0,1030.8,3647.5,1563.2,2091.9,,,61.7,371.4,364.7,435.0,62.4,,,1654.1,3387.0,856.9,5268.7,1226.3,,,942.0,878.1,948.3,4310.7,2222.7,,,488.8,1305.0,259.1,718.4,1756.2,,,,,,,,,,,,,,,,,5690.2,3743.5,4064.4,7112.7,3844.7,,,5690.2,3161.2,4741.8,5471.3,2495.7,,,2495.7,2411.1,836.7,2963.6,343.6,,,4183.9,7487.1,1077.6,8890.9,1823.7,,,6774.0,7112.7,4905.3,9999.9,8367.9,,,3387.0,2222.7,369.4,1800.7,5927.3,,,,,,,,,,,,,,,,,1635.1,1215.8,1138.0,3844.7,2963.6,,,785.9,375.3,748.7,1529.6,906.0,,,987.8,528.8,729.5,1922.3,532.7,,,1422.5,1293.2,942.0,3951.5,2684.0,,,4741.8,5471.3,3743.5,6185.0,5690.2,,,4183.9,2684.0,1394.6,4064.4,4310.7,,,,,,,,,,,,,,,,,1270.1,423.3,808.2,1546.2,3556.3,,,680.6,693.9,2294.4,2091.9,2903.1,,,92.3,180.9,63.0,37.9,286.8,,,777.3,1778.1,250.0,790.3,2411.1,,,1258.8,1673.5,162.5,841.7,2370.9,,,3951.5,3308.2,846.7,4183.9,3647.5,,,,,,,,,,,,,,,,,,,,,,,,,,,,,,,,,,,,,,,,,,,,,,,,,,,,,,,,,,,,,,,,,,,,,,,,,,,,,,,,,,,,,,,,,,,,,,,,,,,,,,,,,,,,,,,,,,,,,,,,,,,,,,,,
20260906_西武園_2R,20260906,26,西武園,2,487.4,566.6,121.2,1187.5,157.2,,,1529.1,1572.2,2657.8,1449.7,1529.1,,,1150.8,1162.8,720.1,505.1,141.4,,,100.0,749.1,197.9,706.5,54.2,,,3189.4,1572.2,780.6,2067.2,938.0,,,54.4,369.6,15.0,36.9,161.3,,,,,,,,,,,,,,,,,351.0,652.8,91.2,979.2,127.5,,,739.2,826.8,109.2,395.8,393.0,,,885.9,954.1,416.5,1014.8,627.1,,,25.9,9.4,72.6,60.2,7.7,,,1594.7,996.7,1361.3,387.6,954.1,,,99.7,228.2,182.4,35.9,427.7,,,,,,,,,,,,,,,,,4134.4,3189.4,3100.8,5074.1,2722.7,,,3849.3,3189.4,623.6,3189.4,2537.0,,,6976.9,3721.0,7973.6,6201.7,5074.1,,,3986.8,693.3,6976.9,5315.7,3986.8,,,5315.7,5875.3,6201.7,5074.1,6566.5,,,2790.7,3600.9,4134.4,3600.9,7442.0,,,,,,,,,,,,,,,,,1254.2,1691.3,2146.7,1298.0,361.2,,,2596.0,3600.9,1666.1,2862.3,1268.5,,,3986.8,4651.2,7442.0,9302.5,6201.7,,,1717.3,1617.8,5581.5,6201.7,1691.3,,,3100.8,4293.4,7442.0,5315.7,2596.0,,,321.7,878.9,3283.2,1378.1,1268.5,,,,,,,,,,,,,,,,,71.2,361.2,209.8,524.0,29.0,,,21.5,14.8,73.0,83.6,6.3,,,996.7,292.2,1993.4,1572.2,900.2,,,620.1,315.3,1361.3,962.3,292.2,,,1313.3,512.0,1993.4,1594.7,697.6,,,36.5,24.7,241.1,59.4,254.8,,,,,,,,,,,,,,,,,3488.4,6566.5,3488.4,3189.4,1254.2,,,3283.2,3986.8,3283.2,1431.1,2426.7,,,4293.4,6566.5,7973.6,6976.9,9999.9,,,2722.7,5074.1,6566.5,7442.0,3721.0,,,2426.7,1298.0,4293.4,3986.8,2146.7,,,1395.3,2278.1,6566.5,2537.0,2375.1,,,,,,,,,,,,,,,,,43.9,354.3,22.7,46.9,163.6,,,86.7,394.4,119.2,62.5,416.5,,,1431.1,1744.2,1830.0,1924.6,3721.0,,,63.8,135.4,660.5,162.4,296.1,,,78.7,51.4,547.2,122.6,471.0,,,720.1,1550.4,3189.4,858.6,1226.7,,,,,,,,,,,,,,,,,,,,,,,,,,,,,,,,,,,,,,,,,,,,,,,,,,,,,,,,,,,,,,,,,,,,,,,,,,,,,,,,,,,,,,,,,,,,,,,,,,,,,,,,,,,,,,,,,,,,,,,,,,,,,,,,
20260906_西武園_3R,20260906,26,西武園,3,809.0,2469.3,1927.2,5926.3,2394.4,,,752.5,2155.0,777.2,2418.9,1657.7,,,3292.4,2548.9,1185.2,4017.8,3950.9,,,1112.9,586.7,630.4,1705.4,1316.9,,,7183.4,3435.5,4741.0,3950.9,7646.9,,,3203.4,3039.1,4648.1,2963.1,6584.8,,,,,,,,,,,,,,,,,514.2,1234.6,1260.9,3823.4,1411.0,,,93.9,276.6,62.4,222.5,26.2,,,2663.5,1795.8,5267.8,7183.4,2756.4,,,828.8,272.1,2324.0,2788.8,691.1,,,5926.3,1436.6,6772.9,4017.8,4017.8,,,963.6,156.7,1717.7,595.6,1316.9,,,,,,,,,,,,,,,,,59.3,81.5,28.7,223.8,138.3,,,10.3,58.0,7.6,34.4,1.7,,,278.5,344.0,344.0,740.7,561.7,,,15.6,28.6,110.9,157.8,68.0,,,568.4,356.4,868.3,586.7,455.8,,,130.8,20.5,292.2,100.6,147.5,,,,,,,,,,,,,,,,,5781.8,4741.0,2174.8,5043.7,5512.8,,,7183.4,3486.0,7183.4,9999.9,5926.3,,,3950.9,3435.5,4233.1,9999.9,9482.1,,,2324.0,9482.1,4472.7,9999.9,9877.2,,,9877.2,9999.9,9999.9,9999.9,9999.9,,,6584.8,9999.9,9999.9,9877.2,9999.9,,,,,,,,,,,,,,,,,653.0,462.9,439.8,1623.6,1529.3,,,701.3,299.3,2370.5,2495.3,940.6,,,275.9,171.9,745.4,858.8,604.7,,,1519.5,4741.0,2324.0,6406.8,6238.2,,,4472.7,7646.9,2495.3,7901.8,6078.3,,,4087.1,1428.0,1173.5,6584.8,8174.2,,,,,,,,,,,,,,,,,8779.7,4837.8,9877.2,5267.8,9999.9,,,7646.9,2061.3,8779.7,7646.9,5781.8,,,3591.7,1927.2,7646.9,3703.9,4648.1,,,9999.9,9999.9,9999.9,9999.9,9999.9,,,4741.0,7901.8,4158.8,9999.9,4741.0,,,9999.9,6078.3,4741.0,9999.9,9999.9,,,,,,,,,,,,,,,,,3486.0,3703.9,5781.8,4389.8,7183.4,,,1454.3,287.6,3886.1,1378.2,2495.3,,,1463.2,277.5,3591.7,1058.2,2174.8,,,8466.2,9999.9,7901.8,9999.9,9999.9,,,4233.1,1851.9,1428.0,9999.9,7646.9,,,9482.1,6584.8,4558.7,9482.1,9877.2,,,,,,,,,,,,,,,,,,,,,,,,,,,,,,,,,,,,,,,,,,,,,,,,,,,,,,,,,,,,,,,,,,,,,,,,,,,,,,,,,,,,,,,,,,,,,,,,,,,,,,,,,,,,,,,,,,,,,,,,,,,,,,,,
20260906_西武園_4R,20260906,26,西武園,4,67.2,20.0,158.2,29.3,29.6,,,149.8,95.4,79.3,242.3,77.5,,,11.4,43.4,100.7,46.0,2.7,,,503.3,129.6,351.0,667.4,343.0,,,71.6,186.5,89.9,143.3,164.8,,,43.4,57.3,8.6,131.1,104.9,,,,,,,,,,,,,,,,,152.2,32.9,339.1,56.7,54.5,,,463.1,953.8,803.4,585.1,928.4,,,82.3,489.2,680.4,158.8,130.7,,,953.8,1147.8,1460.8,1481.5,994.7,,,49.0,200.2,91.0,322.8,112.6,,,171.6,614.4,245.1,849.1,345.2,,,,,,,,,,,,,,,,,856.1,558.5,508.2,1547.4,567.6,,,985.3,2110.1,1657.9,1339.1,2131.6,,,1088.0,2429.0,2861.6,4747.7,1848.6,,,673.8,1055.0,1305.6,1450.7,920.2,,,2295.6,1740.8,4178.0,2246.2,3941.5,,,1200.5,3213.8,2295.6,1865.1,6144.1,,,,,,,,,,,,,,,,,97.9,229.5,392.6,251.0,21.8,,,232.1,1450.7,2579.0,768.0,474.7,,,1004.3,2861.6,3072.0,4096.1,1989.5,,,2678.2,6144.1,4858.1,6144.1,3117.9,,,1019.0,1273.7,3664.9,4178.0,1421.1,,,52.6,395.6,746.0,1421.1,720.3,,,,,,,,,,,,,,,,,3165.1,1671.2,2198.9,5802.8,3601.7,,,4017.3,4096.1,4973.8,4444.7,3264.0,,,1402.0,2401.1,2861.6,3213.8,2611.2,,,3027.5,7460.7,6963.4,5497.4,3730.3,,,6528.1,5356.4,5968.6,8034.6,6738.7,,,5968.6,4444.7,5222.5,7203.5,6963.4,,,,,,,,,,,,,,,,,362.0,1200.5,557.0,1632.0,687.1,,,183.0,423.7,316.9,794.3,406.4,,,1632.0,1221.6,2516.8,2579.0,3601.7,,,1029.0,945.2,3315.9,3601.7,1236.1,,,4178.0,2486.9,3868.5,5222.5,5356.4,,,1200.5,1111.1,2984.3,1513.7,2942.2,,,,,,,,,,,,,,,,,253.8,424.5,61.8,727.8,482.4,,,458.1,2153.6,730.4,2401.1,1024.0,,,953.8,3798.2,1060.4,2984.3,6330.3,,,104.2,625.4,1060.4,1524.8,874.0,,,3072.0,4642.2,4096.1,5095.1,5497.4,,,1558.9,1536.0,3664.9,2089.0,3264.0,,,,,,,,,,,,,,,,,,,,,,,,,,,,,,,,,,,,,,,,,,,,,,,,,,,,,,,,,,,,,,,,,,,,,,,,,,,,,,,,,,,,,,,,,,,,,,,,,,,,,,,,,,,,,,,,,,,,,,,,,,,,,,,,
20260906_西武園_5R,20260906,26,西武園,5,79.3,25.5,116.3,40.8,230.3,,,91.5,23.7,162.1,40.9,297.3,,,13.1,10.4,25.7,4.5,61.6,,,305.5,291.7,98.6,188.1,674.4,,,28.8,20.6,7.1,65.9,99.0,,,629.0,896.6,258.8,1030.9,422.4,,,,,,,,,,,,,,,,,975.0,494.7,1659.7,750.0,2052.8,,,3000.2,4680.4,4178.9,6158.4,9999.9,,,639.3,2753.1,3714.6,1329.6,4680.4,,,2853.9,7313.1,4034.8,3900.3,5442.3,,,1409.7,4588.6,1695.7,4680.4,6000.5,,,4588.6,9999.9,6000.5,6000.5,6158.4,,,,,,,,,,,,,,,,,738.2,286.4,866.7,406.2,1613.9,,,2052.8,3162.4,4105.6,3714.6,6882.9,,,287.4,818.2,1462.6,507.6,2272.0,,,3343.1,8357.8,4588.6,4979.1,9999.9,,,740.5,2187.1,987.4,2600.2,3343.1,,,4178.9,9750.8,6500.5,8357.8,9999.9,,,,,,,,,,,,,,,,,24.2,16.2,30.6,13.8,91.2,,,110.9,373.2,630.7,321.8,1193.9,,,42.2,269.2,266.5,159.4,609.4,,,131.3,549.3,337.6,367.3,917.7,,,41.2,208.9,169.8,288.2,474.6,,,674.4,2571.6,1842.6,2925.2,1708.1,,,,,,,,,,,,,,,,,2489.5,2187.1,1193.9,1828.2,4415.4,,,2659.3,7091.5,5087.3,3391.5,4254.9,,,4178.9,9750.8,6500.5,6686.2,9999.9,,,1231.6,4500.3,3836.3,2207.7,5850.5,,,3079.2,5850.5,5200.4,4105.6,5707.8,,,9999.9,4415.4,9999.9,9999.9,8357.8,,,,,,,,,,,,,,,,,280.5,245.3,85.2,529.4,644.6,,,1000.0,2437.7,1264.9,3250.2,4333.7,,,600.0,2543.6,759.8,3545.7,4254.9,,,148.4,646.4,509.8,1068.5,1314.7,,,1549.8,3441.4,3441.4,2689.8,4500.3,,,2489.5,8069.6,9999.9,3966.4,6882.9,,,,,,,,,,,,,,,,,5442.3,6158.4,2187.1,8069.6,3836.3,,,4775.9,8357.8,7091.5,7800.6,7313.1,,,4979.1,9999.9,9999.9,9999.9,9999.9,,,2753.1,6882.9,9750.8,8667.4,4500.3,,,9360.8,9750.8,8667.4,9999.9,9999.9,,,4333.7,9750.8,9999.9,5442.3,9999.9,,,,,,,,,,,,,,,,,,,,,,,,,,,,,,,,,,,,,,,,,,,,,,,,,,,,,,,,,,,,,,,,,,,,,,,,,,,,,,,,,,,,,,,,,,,,,,,,,,,,,,,,,,,,,,,,,,,,,,,,,,,,,,,,
20260906_西武園_6R,20260906,26,西武園,6,115.6,479.3,416.1,130.9,53.6,,,74.0,113.0,172.6,36.9,10.8,,,756.5,264.8,1239.8,448.5,94.0,,,943.4,526.2,1322.9,565.1,198.5,,,136.6,62.5,286.0,277.6,27.2,,,25.8,4.5,21.7,59.1,8.6,,,,,,,,,,,,,,,,,1034.1,3882.1,3243.9,1266.3,684.4,,,1384.8,9999.9,8457.5,3115.9,2466.7,,,6231.8,9999.9,9999.9,9999.9,5775.8,,,5775.8,9472.4,9999.9,8165.9,4643.3,,,2392.0,4305.6,7400.3,6578.1,4305.6,,,756.5,1589.3,4013.7,4643.3,2234.0,,,,,,,,,,,,,,,,,227.9,414.0,541.9,125.8,50.4,,,802.7,5148.0,5262.4,1557.9,1086.2,,,2213.1,4013.7,7639.0,6766.0,2234.0,,,2059.2,7639.0,8457.5,4228.7,2441.3,,,407.5,1568.2,2574.0,2441.3,441.8,,,66.8,320.8,456.2,805.4,175.2,,,,,,,,,,,,,,,,,4643.3,3643.2,4933.5,3075.4,1489.3,,,5920.2,9999.9,8770.8,8457.5,6965.0,,,3700.1,9999.9,9999.9,9867.1,6766.0,,,5507.2,9999.9,9999.9,6231.8,8770.8,,,4736.2,9999.9,9999.9,9108.1,8165.9,,,1691.5,4933.5,4305.6,8165.9,4933.5,,,,,,,,,,,,,,,,,3700.1,2786.0,4013.7,2786.0,1518.0,,,4736.2,9867.1,7400.3,8165.9,5382.0,,,3335.3,9999.9,9999.9,5775.8,5148.0,,,5148.0,9999.9,9999.9,8457.5,9472.4,,,3588.0,7639.0,4933.5,7893.7,4832.8,,,1864.6,4736.2,4154.5,8457.5,4736.2,,,,,,,,,,,,,,,,,574.7,289.5,990.8,893.6,129.0,,,1220.6,1578.7,4082.9,4228.7,1368.8,,,445.9,1941.0,2574.0,2691.0,482.3,,,2392.0,9108.1,5775.8,5920.2,2887.9,,,2299.1,5382.0,3534.5,5038.5,2960.1,,,170.0,910.8,359.8,1101.4,1633.1,,,,,,,,,,,,,,,,,30.0,7.1,26.2,86.7,13.7,,,118.4,288.0,825.1,1003.4,367.7,,,15.8,127.6,134.4,274.7,63.1,,,90.0,947.2,267.2,1330.4,528.5,,,268.1,925.0,771.3,1679.5,761.4,,,42.6,279.9,107.2,334.9,429.7,,,,,,,,,,,,,,,,,,,,,,,,,,,,,,,,,,,,,,,,,,,,,,,,,,,,,,,,,,,,,,,,,,,,,,,,,,,,,,,,,,,,,,,,,,,,,,,,,,,,,,,,,,,,,,,,,,,,,,,,,,,,,,,,
20260906_西武園_7R,20260906,26,西武園,7,396.2,241.4,63.1,155.6,213.8,,,633.8,769.3,154.1,802.8,208.8,,,292.1,860.1,123.1,334.9,449.6,,,15.6,38.8,32.6,9.6,13.8,,,233.3,521.6,343.2,76.1,454.0,,,248.1,153.1,231.2,57.0,318.0,,,,,,,,,,,,,,,,,1442.6,742.5,261.0,834.2,812.2,,,2387.7,2769.8,1668.5,4616.3,1371.2,,,824.3,2098.3,854.8,1547.3,1135.1,,,281.4,498.1,396.2,499.9,765.1,,,2473.0,5539.6,2588.6,1964.4,6441.4,,,1163.7,1276.4,1242.0,1236.5,3377.8,,,,,,,,,,,,,,,,,1465.5,1473.3,257.8,1629.3,342.8,,,2308.1,3506.1,2082.5,6924.5,1465.5,,,3183.7,3846.9,1699.2,7289.0,1247.6,,,231.9,1057.1,763.0,1125.9,159.0,,,6755.6,9551.1,7102.1,3846.9,3956.8,,,215.7,595.6,354.6,152.4,1378.0,,,,,,,,,,,,,,,,,989.2,2429.6,414.0,1378.0,1010.8,,,982.2,2797.8,1149.3,2163.9,1306.5,,,3077.5,4014.2,1923.4,8655.7,1364.4,,,351.9,1057.1,1022.0,1742.0,528.5,,,4946.1,5652.7,9999.9,6594.8,7913.7,,,978.7,1306.5,1112.3,862.8,3297.4,,,,,,,,,,,,,,,,,25.2,12.8,28.2,4.3,10.9,,,146.7,319.1,256.4,322.0,272.3,,,42.1,284.3,148.5,172.5,27.9,,,111.6,334.9,229.8,317.6,158.2,,,84.2,425.4,426.1,412.7,394.5,,,35.8,150.5,50.1,86.0,175.8,,,,,,,,,,,,,,,,,1638.9,2408.5,1834.3,345.3,2036.6,,,2826.3,9999.9,3956.8,4616.3,9551.1,,,7486.0,9999.9,9232.7,6021.3,6441.4,,,6021.3,8934.9,9999.9,7693.9,8655.7,,,360.6,2251.8,2588.6,2715.5,2082.5,,,5652.7,7693.9,6155.1,6021.3,3597.1,,,,,,,,,,,,,,,,,341.5,163.3,235.1,77.4,528.5,,,630.9,678.8,742.5,775.8,1753.0,,,115.7,286.7,169.2,112.6,769.3,,,456.3,654.8,429.4,436.8,1858.9,,,69.4,340.2,98.2,217.7,573.4,,,2408.5,4540.6,2797.8,3597.1,2021.7,,,,,,,,,,,,,,,,,,,,,,,,,,,,,,,,,,,,,,,,,,,,,,,,,,,,,,,,,,,,,,,,,,,,,,,,,,,,,,,,,,,,,,,,,,,,,,,,,,,,,,,,,,,,,,,,,,,,,,,,,,,,,,,,
20260906_西武園_8R,20260906,26,西武園,8,780.7,218.5,480.1,1023.7,160.7,,,1391.2,991.0,1107.3,2284.6,1069.1,,,77.7,285.2,78.9,218.1,46.0,,,440.2,1315.3,259.9,1496.8,401.9,,,2107.1,3056.8,831.5,2646.7,1750.3,,,91.2,515.5,103.5,345.0,756.2,,,,,,,,,,,,,,,,,691.2,202.2,392.4,777.9,101.7,,,1348.0,1079.7,702.3,1517.7,312.7,,,164.6,689.0,230.4,502.4,73.5,,,465.7,485.5,279.3,704.6,93.4,,,1496.8,2028.3,960.3,1038.4,327.8,,,27.4,42.1,12.6,17.3,48.5,,,,,,,,,,,,,,,,,1973.0,1476.4,1226.1,3391.2,1446.9,,,2107.1,1644.2,864.6,2411.5,596.2,,,1466.4,1619.6,844.5,1708.9,1339.7,,,803.8,457.8,455.9,495.5,369.1,,,4019.2,3145.4,2308.9,1299.6,3288.4,,,1291.8,395.3,911.9,510.6,1955.2,,,,,,,,,,,,,,,,,59.1,245.5,67.4,223.5,51.3,,,111.9,721.0,268.6,494.3,93.6,,,653.7,1391.2,718.6,1219.3,1107.3,,,194.1,355.2,645.9,735.7,289.3,,,604.5,973.2,1205.7,847.8,964.6,,,80.7,69.4,647.8,204.3,473.8,,,,,,,,,,,,,,,,,1254.5,1348.0,645.9,2047.5,1018.9,,,951.9,780.7,456.9,1124.5,220.3,,,783.5,479.1,501.2,565.2,446.5,,,477.0,546.6,775.1,991.0,539.8,,,2411.5,792.1,689.0,1023.7,728.3,,,713.9,171.7,433.2,393.1,557.9,,,,,,,,,,,,,,,,,1808.6,3445.0,1074.4,2148.8,1539.2,,,1669.5,2170.3,1307.4,1185.9,565.2,,,3617.2,2679.4,1764.5,1619.6,2932.9,,,919.6,1269.2,1855.0,1043.4,1118.7,,,2260.8,1154.4,1409.3,1043.4,1069.1,,,1418.5,338.0,2107.1,642.1,806.8,,,,,,,,,,,,,,,,,38.4,242.4,44.4,140.0,176.3,,,13.9,24.6,5.0,10.2,21.7,,,557.9,174.7,379.4,218.3,851.1,,,40.4,28.9,241.4,68.2,187.7,,,249.7,68.3,245.5,112.7,290.1,,,426.3,191.8,1446.9,321.0,553.6,,,,,,,,,,,,,,,,,,,,,,,,,,,,,,,,,,,,,,,,,,,,,,,,,,,,,,,,,,,,,,,,,,,,,,,,,,,,,,,,,,,,,,,,,,,,,,,,,,,,,,,,,,,,,,,,,,,,,,,,,,,,,,,,
20260906_西武園_9R,20260906,26,西武園,9,887.0,297.6,692.9,463.3,208.5,,,1442.9,757.4,1193.6,2235.1,770.2,,,212.0,269.8,163.0,546.7,81.8,,,719.1,507.7,165.5,1424.8,328.5,,,1055.4,2714.0,1252.6,2999.7,991.2,,,70.0,111.0,46.7,105.5,246.4,,,,,,,,,,,,,,,,,649.5,241.7,476.9,320.6,204.4,,,1206.2,945.9,949.9,1530.0,1965.3,,,128.7,288.9,136.4,172.3,131.7,,,599.9,471.0,206.6,548.0,688.7,,,202.6,421.4,154.6,280.7,317.5,,,195.3,820.0,194.5,532.6,483.0,,,,,,,,,,,,,,,,,2885.8,1022.3,1767.3,3677.1,1884.1,,,3737.4,1452.1,2110.9,4221.9,3930.7,,,735.4,1085.6,185.2,2350.3,1013.2,,,1442.9,1727.1,208.3,2533.1,1853.5,,,6161.6,5999.5,3864.1,4301.5,6513.7,,,2399.8,3930.7,1664.1,3123.0,6513.7,,,,,,,,,,,,,,,,,67.2,108.0,59.5,206.6,27.6,,,64.2,184.9,98.7,86.5,60.9,,,177.8,280.7,53.6,680.5,308.0,,,12.9,30.7,7.5,149.9,25.6,,,611.2,327.0,926.7,668.5,814.2,,,16.3,45.2,130.2,57.6,193.3,,,,,,,,,,,,,,,,,420.6,278.0,102.2,1031.5,200.8,,,595.2,572.8,191.1,1080.4,923.0,,,305.6,462.4,61.7,1163.1,595.2,,,21.4,45.8,10.3,177.0,33.1,,,2960.8,2505.3,1357.0,745.0,4071.1,,,208.0,447.9,420.6,153.0,1357.0,,,,,,,,,,,,,,,,,2171.2,4956.1,3123.0,6705.3,2533.1,,,887.0,1433.8,512.3,986.9,1169.1,,,4850.6,5181.4,3999.6,6332.8,9999.9,,,2171.2,772.8,2960.8,1550.9,2714.0,,,5066.2,2780.2,3080.8,2091.5,5999.5,,,2814.6,2326.3,7354.2,3080.8,6705.3,,,,,,,,,,,,,,,,,39.9,74.5,20.9,51.3,178.9,,,173.8,863.5,182.3,556.0,649.5,,,670.5,1390.1,844.3,1065.3,3402.7,,,31.1,88.1,217.1,92.0,419.8,,,194.8,387.7,291.5,127.9,1060.3,,,1273.6,1640.1,3999.6,1884.1,2922.8,,,,,,,,,,,,,,,,,,,,,,,,,,,,,,,,,,,,,,,,,,,,,,,,,,,,,,,,,,,,,,,,,,,,,,,,,,,,,,,,,,,,,,,,,,,,,,,,,,,,,,,,,,,,,,,,,,,,,,,,,,,,,,,,
20260906_西武園_10R,20260906,26,西武園,10,789.0,2754.1,1397.6,2080.8,2421.7,,,720.3,1518.4,653.3,927.1,493.7,,,4761.3,2701.1,2229.5,3304.9,2837.5,,,1978.3,915.0,1605.2,1789.2,1363.6,,,1318.8,1017.8,1872.7,1271.1,1282.7,,,2754.1,753.1,3745.5,1294.5,2283.8,,,,,,,,,,,,,,,,,610.6,2302.6,1210.8,1712.9,1397.6,,,340.5,379.6,175.3,1048.2,243.0,,,1812.3,883.3,561.8,2021.0,1766.7,,,688.5,232.1,236.4,1032.7,601.5,,,2625.4,2837.5,3555.9,2553.8,4256.3,,,1836.0,489.4,1578.1,955.5,4071.2,,,,,,,,,,,,,,,,,54.3,51.2,23.8,47.8,33.8,,,42.0,66.2,12.7,175.7,42.3,,,90.2,112.8,42.6,296.3,119.1,,,23.9,10.6,9.5,126.5,21.9,,,251.9,416.7,447.3,324.0,356.4,,,7.2,9.4,24.4,4.9,63.2,,,,,,,,,,,,,,,,,3511.4,3228.9,2896.0,3468.1,4459.0,,,3511.4,1156.0,880.6,4192.8,3192.2,,,1950.8,1044.3,707.6,3020.6,1276.9,,,1744.8,691.9,745.1,2442.7,1662.2,,,4843.4,5402.2,4389.3,4131.1,4843.4,,,3468.1,3956.6,1964.4,2701.1,4681.9,,,,,,,,,,,,,,,,,1114.7,836.0,1200.5,1924.1,1248.5,,,541.2,193.3,209.6,1097.3,505.2,,,399.0,212.0,292.3,1128.1,226.3,,,639.9,356.4,383.2,1180.3,861.7,,,2035.6,1872.7,2096.4,2006.5,1885.3,,,968.6,877.8,368.1,1014.1,1924.1,,,,,,,,,,,,,,,,,2035.6,1633.2,3121.3,2021.0,1924.1,,,3425.8,3156.3,4761.3,3425.8,4928.4,,,1885.3,2988.5,3555.9,2508.2,1860.3,,,4256.3,4389.3,4013.1,3696.3,4761.3,,,3156.3,3696.3,2988.5,3344.2,2486.0,,,2988.5,4761.3,2866.5,5402.2,1885.3,,,,,,,,,,,,,,,,,2360.6,634.1,3121.3,1265.4,2601.1,,,1734.0,508.9,2553.8,1175.3,4389.3,,,154.2,169.0,294.7,96.5,470.5,,,3304.9,3425.8,1243.0,1662.2,4389.3,,,999.7,1097.3,327.7,1110.3,1964.4,,,3384.5,5107.6,2006.5,4681.9,2265.4,,,,,,,,,,,,,,,,,,,,,,,,,,,,,,,,,,,,,,,,,,,,,,,,,,,,,,,,,,,,,,,,,,,,,,,,,,,,,,,,,,,,,,,,,,,,,,,,,,,,,,,,,,,,,,,,,,,,,,,,,,,,,,,,
20260906_西武園_11R,20260906,26,西武園,11,292.8,283.9,194.9,115.5,88.7,,,431.0,247.4,312.3,262.3,535.1,,,284.1,144.5,280.0,232.6,271.1,,,275.5,336.9,320.9,135.0,274.7,,,143.1,141.1,144.3,110.6,135.9,,,151.0,345.3,377.2,370.1,239.2,,,,,,,,,,,,,,,,,177.3,157.6,222.0,128.7,57.8,,,194.7,84.9,263.2,365.7,88.9,,,102.7,50.5,203.1,242.1,42.9,,,309.1,330.3,309.1,712.5,144.6,,,115.2,458.6,367.9,675.0,207.3,,,14.3,22.3,16.6,26.1,66.6,,,,,,,,,,,,,,,,,408.7,259.2,470.2,555.1,443.3,,,224.6,99.3,357.3,469.6,147.3,,,87.4,58.5,65.8,197.4,60.3,,,450.8,520.9,205.5,789.7,448.6,,,617.8,981.4,542.2,1047.7,877.2,,,289.9,192.2,160.2,288.1,726.4,,,,,,,,,,,,,,,,,168.5,122.1,304.6,268.7,198.2,,,116.9,58.4,242.1,297.5,60.6,,,53.5,31.4,45.2,132.1,38.5,,,513.7,428.0,231.6,678.7,414.6,,,252.6,515.1,320.1,826.5,623.0,,,178.3,83.7,90.6,224.6,467.8,,,,,,,,,,,,,,,,,877.2,1041.8,1062.7,768.5,806.8,,,521.6,539.0,479.9,1393.0,274.7,,,920.6,824.7,515.1,1235.7,843.4,,,1188.3,843.4,512.3,1078.1,1053.7,,,1059.7,1675.4,1841.3,1347.6,1151.5,,,458.0,260.6,455.8,471.4,1081.2,,,,,,,,,,,,,,,,,124.8,178.3,142.0,124.6,157.4,,,196.2,646.8,484.3,822.9,292.4,,,501.9,839.6,466.1,1090.7,1084.4,,,285.6,650.2,456.3,1078.1,839.6,,,577.5,1199.8,1309.7,1180.8,981.4,,,347.9,346.9,916.1,879.3,651.4,,,,,,,,,,,,,,,,,116.0,327.1,314.4,332.6,294.5,,,24.8,29.2,27.2,29.3,87.4,,,303.6,111.2,180.2,252.1,619.9,,,151.3,65.9,99.9,202.0,555.9,,,258.1,90.5,195.5,226.3,546.9,,,360.4,264.9,845.3,793.0,624.0,,,,,,,,,,,,,,,,,,,,,,,,,,,,,,,,,,,,,,,,,,,,,,,,,,,,,,,,,,,,,,,,,,,,,,,,,,,,,,,,,,,,,,,,,,,,,,,,,,,,,,,,,,,,,,,,,,,,,,,,,,,,,,,,
20260906_松阪_1R,20260906,47,松阪,1,22.5,26.8,105.5,139.1,56.3,,,11.6,30.8,54.4,16.3,77.7,,,40.2,55.8,247.3,191.1,173.9,,,502.2,342.7,611.8,813.9,916.1,,,443.5,149.8,356.7,750.2,1283.9,,,234.0,339.5,348.5,706.6,954.5,,,,,,,,,,,,,,,,,46.8,41.7,139.0,281.3,121.0,,,91.4,96.2,210.7,261.9,199.0,,,25.6,34.9,47.9,152.4,12.5,,,308.4,320.9,152.5,641.9,217.0,,,703.9,569.7,603.7,939.7,880.7,,,119.5,153.7,22.8,102.4,360.3,,,,,,,,,,,,,,,,,48.0,66.8,83.7,32.4,179.6,,,124.0,189.7,446.8,299.3,342.0,,,182.1,245.7,709.4,344.6,667.8,,,162.9,836.3,1066.1,576.9,1402.4,,,52.0,141.0,349.2,178.0,630.8,,,670.2,695.8,964.6,1571.7,1007.2,,,,,,,,,,,,,,,,,61.2,55.8,335.1,224.2,251.4,,,39.9,57.8,90.2,179.2,15.0,,,114.7,177.8,495.4,237.7,433.0,,,782.4,431.0,772.5,747.2,709.4,,,513.5,536.2,531.5,813.9,911.5,,,442.5,78.9,455.7,345.2,672.7,,,,,,,,,,,,,,,,,911.5,519.4,1111.6,1413.3,1627.8,,,844.0,902.5,549.1,1293.0,651.1,,,517.9,1118.5,1391.7,1072.4,1532.0,,,1161.2,655.8,1532.0,2025.7,1350.5,,,1770.0,1482.2,1340.5,2430.9,2196.5,,,1841.5,685.4,1599.2,1494.4,2170.4,,,,,,,,,,,,,,,,,744.1,222.8,796.1,1001.7,1627.8,,,1012.8,658.1,1231.8,1613.4,1860.3,,,115.7,264.9,653.4,293.1,1085.2,,,1139.4,1132.4,885.0,2278.9,3143.4,,,1506.7,2025.7,1066.1,2398.9,1919.1,,,3198.5,2940.6,2463.7,3506.1,2367.7,,,,,,,,,,,,,,,,,554.1,690.5,934.9,1283.9,2196.5,,,313.2,289.8,49.0,186.4,720.6,,,1053.8,639.7,893.7,1413.3,1657.4,,,750.2,90.5,605.7,354.0,1482.2,,,1506.7,486.1,1248.7,695.8,1787.4,,,2893.9,1703.9,2071.7,2567.8,1899.1,,,,,,,,,,,,,,,,,,,,,,,,,,,,,,,,,,,,,,,,,,,,,,,,,,,,,,,,,,,,,,,,,,,,,,,,,,,,,,,,,,,,,,,,,,,,,,,,,,,,,,,,,,,,,,,,,,,,,,,,,,,,,,,,
20260906_松阪_2R,20260906,47,松阪,2,37.3,26.8,108.5,39.8,128.9,,,84.8,239.9,459.1,229.2,188.7,,,67.9,179.5,138.4,220.6,466.9,,,345.3,564.3,367.2,740.2,1107.8,,,34.3,109.8,81.2,208.0,153.6,,,247.6,277.4,500.2,821.2,338.6,,,,,,,,,,,,,,,,,24.1,21.3,81.1,32.0,82.2,,,34.0,52.2,134.9,160.2,42.3,,,14.3,23.2,7.6,39.6,50.7,,,216.0,290.1,67.1,435.5,351.2,,,83.1,268.6,103.7,290.3,343.5,,,144.4,86.2,126.1,323.6,339.2,,,,,,,,,,,,,,,,,102.5,266.4,448.5,330.7,215.7,,,67.5,94.8,232.8,270.8,91.8,,,350.8,175.6,387.0,743.5,385.6,,,911.9,589.5,510.2,1304.8,965.3,,,733.6,741.8,1336.5,1375.5,1009.5,,,133.7,81.4,171.0,322.7,326.2,,,,,,,,,,,,,,,,,88.2,294.7,201.7,405.0,628.8,,,32.7,56.8,16.1,101.9,133.3,,,399.6,192.3,531.6,1162.4,617.0,,,251.4,64.3,456.6,564.3,732.0,,,767.7,454.1,1675.8,982.5,1467.2,,,1082.4,472.2,1034.9,1048.0,1756.0,,,,,,,,,,,,,,,,,702.4,1041.4,711.4,2076.3,3001.2,,,489.0,606.8,212.8,1304.8,887.4,,,1919.3,1315.2,1728.4,2921.5,3174.3,,,615.9,233.8,803.2,1304.8,1587.1,,,2728.3,2409.7,3334.7,2076.3,2641.0,,,3977.5,2063.3,3268.6,2751.1,2947.6,,,,,,,,,,,,,,,,,113.5,238.5,230.3,420.5,360.8,,,217.1,837.9,406.5,1158.3,1213.7,,,753.7,1000.4,1813.9,2579.1,1579.5,,,780.4,692.1,2116.2,1535.5,2025.3,,,1813.9,2050.5,3001.2,1897.3,2215.6,,,1166.5,1447.9,1602.6,1746.7,1746.7,,,,,,,,,,,,,,,,,247.2,240.4,370.9,1018.9,376.4,,,223.8,151.7,226.2,620.5,412.1,,,190.7,127.1,266.6,555.7,382.5,,,991.3,508.6,647.3,943.2,1304.8,,,2641.0,1594.8,1667.3,1675.8,1988.7,,,951.3,1122.9,945.9,1435.3,1765.4,,,,,,,,,,,,,,,,,,,,,,,,,,,,,,,,,,,,,,,,,,,,,,,,,,,,,,,,,,,,,,,,,,,,,,,,,,,,,,,,,,,,,,,,,,,,,,,,,,,,,,,,,,,,,,,,,,,,,,,,,,,,,,,,
20260906_松阪_3R,20260906,47,松阪,3,104.7,293.8,402.6,169.7,244.2,,,44.2,19.5,44.5,44.2,19.3,,,150.2,40.4,98.0,165.1,191.2,,,434.5,134.7,177.6,427.1,330.7,,,86.6,68.7,193.0,347.0,144.2,,,292.2,90.9,366.8,377.0,286.9,,,,,,,,,,,,,,,,,376.3,674.9,671.3,367.5,814.0,,,480.7,715.7,1178.0,690.9,1542.0,,,748.1,719.8,957.9,676.1,2244.5,,,914.0,1548.3,1196.6,1047.8,2416.1,,,126.5,311.1,314.0,201.8,495.8,,,2095.7,2940.5,3793.3,4168.5,2271.4,,,,,,,,,,,,,,,,,58.0,13.8,28.2,49.4,15.8,,,233.7,320.1,546.5,351.8,918.4,,,19.4,107.7,31.9,103.7,163.7,,,107.1,444.7,84.5,309.1,660.8,,,148.6,239.6,241.1,349.2,605.9,,,218.8,884.2,535.7,709.0,1053.7,,,,,,,,,,,,,,,,,136.8,25.8,44.3,124.1,98.3,,,347.3,292.2,407.0,417.7,1105.9,,,19.5,133.2,35.3,119.8,202.5,,,25.9,121.9,28.3,56.7,189.5,,,134.7,197.4,194.4,145.8,694.7,,,588.1,1756.1,683.4,948.3,1685.9,,,,,,,,,,,,,,,,,693.4,261.9,249.3,663.1,793.5,,,835.5,1163.6,837.3,1185.4,2545.8,,,283.5,1047.8,195.9,866.0,1200.4,,,112.9,320.6,111.4,203.1,628.0,,,688.4,777.3,998.2,488.8,2028.5,,,1256.0,3059.1,2167.6,1850.4,2809.9,,,,,,,,,,,,,,,,,65.4,72.6,148.7,250.0,124.5,,,46.1,94.7,127.5,119.2,173.6,,,136.9,207.7,316.1,514.0,423.8,,,244.2,260.5,305.4,280.7,837.3,,,499.7,481.3,810.5,486.3,1285.8,,,775.7,922.9,1096.3,2061.6,1635.0,,,,,,,,,,,,,,,,,1859.4,466.5,1394.6,1359.6,1815.0,,,2563.0,3187.7,5342.7,5747.5,3793.3,,,545.0,2963.5,1724.2,3059.1,3270.1,,,1593.8,4926.4,1996.5,3298.5,4991.2,,,1685.9,4991.2,3831.6,4214.8,4863.2,,,2271.4,3298.5,3647.4,4863.2,3951.4,,,,,,,,,,,,,,,,,,,,,,,,,,,,,,,,,,,,,,,,,,,,,,,,,,,,,,,,,,,,,,,,,,,,,,,,,,,,,,,,,,,,,,,,,,,,,,,,,,,,,,,,,,,,,,,,,,,,,,,,,,,,,,,,
20260906_松阪_4R,20260906,47,松阪,4,45.6,20.9,29.9,43.0,303.3,,,69.5,109.2,12.7,111.2,137.9,,,23.6,76.3,51.7,89.3,299.8,,,12.5,2.3,22.7,28.5,71.0,,,77.0,99.4,147.9,91.1,354.0,,,884.2,632.2,1067.2,438.4,724.9,,,,,,,,,,,,,,,,,201.8,89.9,135.8,212.9,880.0,,,552.1,1019.7,658.4,1232.6,2392.7,,,112.3,372.0,290.5,214.0,1216.2,,,274.6,585.7,502.1,830.1,2056.6,,,460.4,710.8,386.9,1045.9,2614.8,,,3211.2,4881.1,4410.6,5383.5,5632.0,,,,,,,,,,,,,,,,,422.2,809.9,162.4,736.5,936.2,,,809.9,1936.9,705.3,1839.6,3453.6,,,1345.8,2542.2,2560.0,4464.4,5904.5,,,219.7,910.6,1340.9,1253.7,1070.4,,,1743.2,3268.6,5229.7,2524.7,5546.7,,,2316.9,4633.9,7040.0,2542.2,5720.0,,,,,,,,,,,,,,,,,108.7,276.2,195.0,275.0,586.6,,,118.3,438.9,333.7,260.3,1355.8,,,1079.8,1525.3,1656.4,2952.2,4207.8,,,440.5,841.5,924.4,1584.7,4306.8,,,729.2,616.3,2361.8,1916.6,3421.3,,,3421.3,5546.7,6101.3,6311.7,5546.7,,,,,,,,,,,,,,,,,76.0,11.0,116.4,123.5,217.0,,,261.6,560.6,782.2,1266.7,2816.0,,,84.3,473.5,765.8,679.1,528.2,,,471.1,958.3,924.4,1598.6,4306.8,,,568.4,1619.8,1083.0,1848.9,2408.4,,,1112.7,3358.5,1887.0,6101.3,4358.1,,,,,,,,,,,,,,,,,574.6,739.5,675.4,382.5,1821.3,,,764.2,1506.5,609.1,1326.3,3554.2,,,1224.3,2011.4,4113.2,1458.4,4113.2,,,984.0,722.0,2614.8,1812.2,4464.4,,,663.1,1768.5,1284.5,1830.4,3050.6,,,4358.1,5720.0,5810.8,7626.7,4754.3,,,,,,,,,,,,,,,,,4113.2,2773.3,4067.5,2952.2,5810.8,,,3774.0,7471.0,9386.7,8928.8,7040.0,,,2952.2,7626.7,9633.7,3211.2,8135.1,,,5229.7,8513.5,9633.7,9999.9,9894.1,,,3076.3,8513.5,2905.4,9999.9,6907.2,,,7178.1,9386.7,8513.5,9894.1,6001.3,,,,,,,,,,,,,,,,,,,,,,,,,,,,,,,,,,,,,,,,,,,,,,,,,,,,,,,,,,,,,,,,,,,,,,,,,,,,,,,,,,,,,,,,,,,,,,,,,,,,,,,,,,,,,,,,,,,,,,,,,,,,,,,,
20260906_松阪_5R,20260906,47,松阪,5,78.2,31.6,97.9,263.9,176.8,,,49.5,15.9,18.4,89.9,173.1,,,16.2,16.3,14.7,65.3,186.6,,,50.5,15.1,9.5,118.7,146.1,,,417.8,341.6,214.2,451.7,1278.2,,,336.9,404.8,442.0,384.0,1163.7,,,,,,,,,,,,,,,,,178.6,87.3,320.0,558.5,338.7,,,168.2,282.9,579.2,479.5,291.3,,,207.5,374.5,853.0,919.4,606.3,,,552.9,928.2,1025.9,1422.8,1020.5,,,759.9,840.2,1076.9,2130.3,874.1,,,221.1,288.1,329.5,767.4,521.2,,,,,,,,,,,,,,,,,39.6,14.3,17.0,59.6,138.4,,,63.3,103.6,179.4,170.9,155.6,,,51.1,124.7,112.7,210.6,507.6,,,45.6,188.3,108.8,203.1,314.4,,,82.5,165.4,187.8,263.2,532.5,,,282.5,203.1,680.3,417.4,622.7,,,,,,,,,,,,,,,,,92.9,91.1,87.1,369.1,678.0,,,251.3,578.4,1143.2,1443.9,1150.0,,,124.2,416.0,377.7,787.5,1392.3,,,217.9,997.0,521.2,1813.3,1687.7,,,1174.2,2118.8,1796.5,3169.6,4697.1,,,1702.4,1788.3,1939.6,2548.1,4147.4,,,,,,,,,,,,,,,,,117.1,56.5,36.5,307.4,307.9,,,355.3,494.7,505.0,1167.2,860.6,,,89.6,350.9,228.6,601.6,575.0,,,140.2,721.9,371.2,1218.3,1184.9,,,957.8,1911.0,1160.3,1725.0,1911.0,,,742.5,1036.8,1012.6,1428.0,1813.3,,,,,,,,,,,,,,,,,617.8,501.1,352.8,849.3,2348.5,,,819.0,824.2,1174.2,2531.5,1397.3,,,289.0,443.0,505.6,734.2,1363.1,,,1007.3,1597.7,1438.6,2845.7,4147.4,,,1237.6,2548.1,1397.3,2406.5,3094.1,,,2531.5,1572.0,1892.5,3576.7,2707.3,,,,,,,,,,,,,,,,,502.3,917.3,601.6,847.5,1959.1,,,256.4,321.4,453.8,787.5,604.4,,,860.6,663.0,2009.5,1257.6,2020.0,,,1732.7,1412.5,2616.5,3195.5,4641.2,,,1257.6,1978.9,1604.3,2825.0,2825.0,,,2953.4,1358.4,2564.8,4430.2,2784.7,,,,,,,,,,,,,,,,,,,,,,,,,,,,,,,,,,,,,,,,,,,,,,,,,,,,,,,,,,,,,,,,,,,,,,,,,,,,,,,,,,,,,,,,,,,,,,,,,,,,,,,,,,,,,,,,,,,,,,,,,,,,,,,,
20260906_松阪_6R,20260906,47,松阪,6,37.6,26.2,82.0,32.9,401.8,,,59.8,67.7,218.3,84.1,852.2,,,20.1,45.4,73.0,12.9,314.6,,,250.9,355.4,181.9,255.3,1102.1,,,22.0,40.1,11.1,109.3,300.7,,,1195.6,2167.9,1319.6,1924.7,1170.8,,,,,,,,,,,,,,,,,32.9,43.0,41.9,45.6,297.1,,,22.2,89.2,15.5,52.3,157.4,,,84.3,175.8,135.0,203.0,1137.0,,,30.3,25.3,68.5,78.1,142.8,,,76.3,92.4,160.4,115.4,609.8,,,1276.9,932.7,2216.6,934.9,2055.0,,,,,,,,,,,,,,,,,76.0,105.7,226.7,124.5,1342.0,,,49.1,185.2,56.0,89.6,417.5,,,301.6,481.7,1096.0,789.1,3687.5,,,430.7,276.6,1147.0,764.6,1370.0,,,169.1,188.9,439.8,513.7,2192.0,,,3315.7,1852.4,4641.9,2721.1,4067.7,,,,,,,,,,,,,,,,,102.9,139.2,198.1,49.3,939.4,,,213.6,558.0,501.9,471.9,2362.6,,,438.4,741.6,1324.0,979.0,4110.1,,,577.7,1022.2,1730.5,1240.7,3401.4,,,185.4,528.9,714.8,960.0,2901.2,,,2901.2,4384.1,4641.9,4288.8,4932.1,,,,,,,,,,,,,,,,,411.4,595.1,377.2,496.3,2087.6,,,189.5,175.5,413.5,497.5,757.3,,,590.6,373.6,1424.4,1049.3,1972.8,,,669.8,988.8,1523.4,1535.2,3868.3,,,761.7,867.1,1081.0,1337.5,2922.7,,,3343.8,1869.9,2497.2,3868.3,3260.9,,,,,,,,,,,,,,,,,54.0,72.0,37.2,169.7,503.2,,,99.1,121.4,263.9,215.7,1214.0,,,144.8,162.7,430.2,513.7,1878.9,,,139.8,394.9,506.5,797.1,2229.2,,,567.7,615.5,844.9,1081.0,1943.6,,,1835.2,2666.0,3207.8,3722.3,2613.0,,,,,,,,,,,,,,,,,4433.3,7173.9,3522.9,5124.2,3868.3,,,4335.9,2901.2,6687.6,2989.1,5058.5,,,7045.8,3401.4,8967.4,4932.1,7444.7,,,4483.7,6802.9,9394.5,7587.8,7736.6,,,5332.0,3011.9,4335.9,7045.8,4697.2,,,4197.5,4994.5,6070.3,6687.6,4433.3,,,,,,,,,,,,,,,,,,,,,,,,,,,,,,,,,,,,,,,,,,,,,,,,,,,,,,,,,,,,,,,,,,,,,,,,,,,,,,,,,,,,,,,,,,,,,,,,,,,,,,,,,,,,,,,,,,,,,,,,,,,,,,,,
20260906_松阪_7R,20260906,47,松阪,7,78.9,20.5,88.8,63.6,311.9,,,181.1,141.6,177.4,424.8,1087.8,,,16.0,48.7,50.7,60.2,222.1,,,154.0,134.6,109.3,418.3,998.4,,,146.9,382.0,164.5,402.5,624.4,,,986.5,2006.6,855.8,1805.1,1041.2,,,,,,,,,,,,,,,,,37.9,9.0,41.8,24.1,157.4,,,94.2,122.2,62.7,139.6,609.6,,,13.0,66.3,58.6,38.3,225.3,,,45.8,30.6,63.9,73.4,431.0,,,21.9,51.1,30.0,52.6,41.5,,,551.1,1079.2,706.6,868.4,303.7,,,,,,,,,,,,,,,,,347.0,412.9,327.8,757.0,2152.9,,,240.3,515.4,221.8,588.0,1602.2,,,622.5,845.3,720.1,1660.1,3229.4,,,184.2,168.2,322.1,507.8,924.7,,,1065.3,959.0,1554.0,1114.2,2793.0,,,3533.0,3626.0,4052.6,2737.5,3444.7,,,,,,,,,,,,,,,,,20.6,75.8,73.0,73.9,290.9,,,31.9,161.4,115.5,101.1,460.8,,,286.6,369.7,472.9,1030.8,1744.1,,,194.8,220.4,320.1,487.4,1096.4,,,212.4,190.4,854.0,625.3,742.1,,,1248.8,1571.7,3388.2,2567.5,2109.0,,,,,,,,,,,,,,,,,184.9,195.8,266.0,543.9,1177.6,,,103.0,63.8,161.2,225.3,838.4,,,93.8,74.6,172.3,294.2,656.1,,,272.1,294.8,360.7,761.2,1701.1,,,810.5,520.6,841.8,1008.2,908.5,,,2066.8,1701.1,1829.0,2362.1,1715.2,,,,,,,,,,,,,,,,,247.9,757.0,384.1,1033.4,1068.1,,,128.6,292.7,165.9,307.1,183.3,,,1003.3,820.1,2098.3,1715.2,2222.4,,,427.4,322.9,1525.3,1135.6,1145.0,,,1308.1,720.1,1621.0,1387.1,1486.9,,,1212.2,477.8,1666.8,1554.0,1364.2,,,,,,,,,,,,,,,,,2362.1,4542.5,2417.3,4921.0,2973.8,,,1722.3,3724.0,2737.5,3204.4,933.1,,,4542.5,5167.1,6889.5,4542.5,4542.5,,,2666.9,3108.0,6359.5,5232.5,4444.8,,,5662.6,4351.2,3360.7,5439.0,3503.1,,,2890.6,883.2,3724.0,3724.0,2850.8,,,,,,,,,,,,,,,,,,,,,,,,,,,,,,,,,,,,,,,,,,,,,,,,,,,,,,,,,,,,,,,,,,,,,,,,,,,,,,,,,,,,,,,,,,,,,,,,,,,,,,,,,,,,,,,,,,,,,,,,,,,,,,,,
20260906_松阪_8R,20260906,47,松阪,8,9.7,19.7,50.4,73.2,284.5,,,9.4,19.9,59.9,101.0,317.0,,,7.8,10.7,23.6,29.7,182.7,,,141.6,152.6,114.3,133.3,328.1,,,184.1,241.2,115.3,120.2,784.8,,,1195.3,1308.8,928.5,1021.0,1757.2,,,,,,,,,,,,,,,,,26.4,57.8,149.5,212.5,699.0,,,18.9,54.6,67.7,90.7,429.4,,,111.0,120.4,407.2,687.0,1580.9,,,400.9,296.2,560.4,622.1,1253.0,,,544.5,380.2,1052.6,662.2,2436.8,,,2464.1,2042.0,3196.2,2625.4,4410.7,,,,,,,,,,,,,,,,,22.4,39.3,93.5,135.3,445.5,,,18.1,54.6,57.8,71.0,381.5,,,91.9,134.9,300.2,411.4,1023.3,,,318.0,328.1,523.8,413.7,712.5,,,377.6,363.3,725.4,316.1,1282.2,,,1771.3,1861.0,2722.7,1977.9,3021.0,,,,,,,,,,,,,,,,,73.3,62.1,146.2,227.2,605.0,,,194.3,262.0,761.7,958.8,2070.7,,,162.2,247.5,649.5,1086.3,1822.6,,,545.2,1274.7,1446.1,1564.1,3173.2,,,960.9,2100.3,2216.4,1778.5,4324.2,,,2464.1,4692.3,5128.8,4084.0,5654.8,,,,,,,,,,,,,,,,,836.9,676.5,549.2,697.9,1263.8,,,995.6,891.0,1387.0,1526.2,2491.9,,,780.6,902.0,1235.5,1441.4,1664.4,,,735.1,1830.1,1757.2,2042.0,3000.5,,,804.8,930.5,1113.8,1113.8,393.1,,,1771.3,2506.1,2464.1,2756.7,751.4,,,,,,,,,,,,,,,,,1045.2,779.2,882.1,703.4,2673.2,,,1195.3,727.8,1807.6,1208.4,3445.9,,,772.4,753.9,1764.3,1154.6,2261.9,,,1308.8,2216.4,2261.9,2090.4,3903.3,,,824.4,796.1,984.5,1235.5,527.6,,,3645.2,4161.1,3445.9,4161.1,960.9,,,,,,,,,,,,,,,,,4046.5,3737.9,3084.4,4847.0,5728.2,,,5803.6,5583.2,7001.2,6891.8,9801.7,,,4009.8,5960.5,6683.0,6042.1,7738.2,,,4410.7,7230.7,8168.1,8482.2,9384.6,,,4847.0,6042.1,5445.4,6392.4,1470.2,,,6212.3,9001.5,6486.4,7876.3,1418.2,,,,,,,,,,,,,,,,,,,,,,,,,,,,,,,,,,,,,,,,,,,,,,,,,,,,,,,,,,,,,,,,,,,,,,,,,,,,,,,,,,,,,,,,,,,,,,,,,,,,,,,,,,,,,,,,,,,,,,,,,,,,,,,,
20260906_松阪_9R,20260906,47,松阪,9,16.5,23.7,47.1,82.3,15.8,,,70.9,236.6,392.9,215.5,241.6,,,79.0,301.2,258.2,715.3,399.1,,,235.0,749.2,399.1,1104.2,851.3,,,486.7,597.0,1141.6,1397.0,1444.9,,,105.9,541.4,572.7,659.3,863.0,,,,,,,,,,,,,,,,,8.1,8.6,24.3,50.8,9.8,,,21.3,41.0,78.8,56.9,134.2,,,20.9,49.5,42.7,122.7,158.2,,,119.3,194.4,122.4,384.2,507.2,,,261.0,210.8,407.1,563.1,931.3,,,149.2,508.7,588.0,827.7,947.0,,,,,,,,,,,,,,,,,53.3,232.4,296.9,157.3,210.7,,,31.0,82.2,142.3,89.3,189.8,,,222.7,170.2,248.1,389.0,926.2,,,619.7,444.0,621.2,666.3,1500.6,,,125.9,141.3,313.7,411.8,362.2,,,1058.0,1042.7,2396.8,2661.7,1845.7,,,,,,,,,,,,,,,,,47.2,332.0,123.3,653.3,285.8,,,28.2,99.8,59.7,258.8,225.0,,,253.3,175.9,349.9,636.1,948.8,,,79.3,81.4,293.5,384.2,604.9,,,1173.3,1165.2,1167.9,1152.0,3121.7,,,1141.6,1189.9,1975.5,1975.5,3718.6,,,,,,,,,,,,,,,,,504.7,1157.2,589.4,1793.3,1762.1,,,380.2,577.9,410.1,1491.8,1768.2,,,1239.5,811.7,1051.4,1610.6,3349.2,,,258.5,302.4,663.6,763.9,1337.9,,,2455.0,2873.4,1575.4,2161.2,3221.2,,,4285.8,3241.8,5380.1,3718.6,5213.7,,,,,,,,,,,,,,,,,1363.1,1248.7,2825.3,3010.2,3327.1,,,1106.6,751.4,1595.3,2319.8,3371.5,,,670.7,577.3,893.5,1236.5,1762.1,,,2431.3,2341.3,2116.0,2528.6,4910.0,,,3802.4,3982.1,2794.0,3241.8,4862.7,,,6167.4,5619.2,5108.3,6834.1,5323.4,,,,,,,,,,,,,,,,,280.0,1774.4,1799.7,1945.1,1975.5,,,490.0,1922.9,2189.3,2940.2,3512.0,,,2957.4,2778.7,5323.4,6321.6,4682.6,,,3417.0,2957.4,5437.9,5323.4,6093.1,,,5619.2,4958.1,6401.6,5880.5,5812.9,,,5057.3,5323.4,5557.4,6743.0,4958.1,,,,,,,,,,,,,,,,,,,,,,,,,,,,,,,,,,,,,,,,,,,,,,,,,,,,,,,,,,,,,,,,,,,,,,,,,,,,,,,,,,,,,,,,,,,,,,,,,,,,,,,,,,,,,,,,,,,,,,,,,,,,,,,,
20260906_防府_1R,20260906,63,防府,1,84.8,67.9,11.4,48.4,297.8,,,161.2,127.8,78.7,370.7,517.2,,,207.5,210.3,125.1,381.2,261.7,,,4.6,14.1,13.2,7.9,48.5,,,82.0,374.2,230.7,45.8,654.8,,,939.9,1235.4,579.7,463.7,996.1,,,,,,,,,,,,,,,,,156.9,130.0,22.6,69.6,460.0,,,378.2,310.8,408.8,1092.3,1489.0,,,473.0,696.8,584.5,936.7,792.4,,,43.7,221.5,222.4,147.8,783.6,,,334.4,1571.7,1088.1,472.3,2338.1,,,1825.2,2595.5,1654.4,2619.5,3674.2,,,,,,,,,,,,,,,,,371.7,218.9,134.9,740.6,955.7,,,496.3,693.4,522.9,1704.2,1779.3,,,214.6,379.2,333.2,1360.1,139.9,,,124.3,421.6,263.6,1380.0,1978.4,,,2481.6,3178.8,5547.3,3581.1,7254.1,,,3627.0,3581.1,1063.5,5337.9,4637.9,,,,,,,,,,,,,,,,,884.1,832.0,667.2,1067.5,906.7,,,1136.1,1421.6,2035.3,2668.9,1825.2,,,438.6,528.8,688.3,1861.2,313.6,,,918.5,2245.3,1504.8,3075.1,2080.2,,,3722.5,5773.7,4222.5,4352.5,2595.5,,,1263.0,1322.0,696.8,2481.6,4286.5,,,,,,,,,,,,,,,,,13.8,17.2,18.4,22.9,61.7,,,51.9,197.4,305.1,242.6,744.5,,,91.7,240.3,98.7,824.8,693.4,,,276.5,640.0,282.9,1521.0,507.0,,,213.5,482.7,1291.8,1164.2,1951.1,,,1224.7,2006.4,2773.6,1450.8,3009.7,,,,,,,,,,,,,,,,,472.3,1790.5,1545.9,217.6,3450.1,,,710.8,2035.3,2571.9,1131.6,4420.5,,,3251.8,4963.3,4286.5,4877.8,8083.2,,,3581.1,5052.0,5773.7,4160.4,6900.3,,,276.5,1021.3,2720.3,2595.5,4563.1,,,5658.2,5440.6,6019.4,6900.3,5239.1,,,,,,,,,,,,,,,,,3492.7,6579.3,4100.1,1849.1,4286.5,,,3492.7,4563.1,3929.3,3984.6,4877.8,,,6900.3,6286.9,1768.2,7254.1,7445.0,,,4222.5,4286.5,1746.3,5773.7,8083.2,,,2978.0,4877.8,7072.8,6429.8,6429.8,,,7072.8,5052.0,7445.0,9126.2,1219.4,,,,,,,,,,,,,,,,,,,,,,,,,,,,,,,,,,,,,,,,,,,,,,,,,,,,,,,,,,,,,,,,,,,,,,,,,,,,,,,,,,,,,,,,,,,,,,,,,,,,,,,,,,,,,,,,,,,,,,,,,,,,,,,,
20260906_防府_2R,20260906,63,防府,2,487.9,317.9,294.8,1635.7,1469.4,,,480.7,878.6,172.4,1340.6,2080.6,,,365.8,1576.2,600.6,1844.5,1538.9,,,167.0,106.2,286.4,600.6,915.7,,,2261.6,2477.0,2500.8,1566.7,3514.6,,,2343.1,4334.7,2681.3,3024.2,3940.7,,,,,,,,,,,,,,,,,245.8,132.7,94.1,718.4,655.1,,,142.3,88.7,58.0,413.4,413.4,,,28.6,51.6,18.8,86.7,18.6,,,28.7,62.3,54.5,328.3,199.3,,,855.5,893.7,372.0,651.8,988.9,,,884.6,1326.9,200.0,655.1,1083.6,,,,,,,,,,,,,,,,,194.6,444.5,73.3,656.7,1238.5,,,94.1,69.1,44.8,328.3,379.1,,,343.1,92.8,74.7,623.7,351.9,,,8.6,18.2,25.9,104.2,196.7,,,774.0,655.1,1215.3,502.0,2000.6,,,919.0,1166.3,1293.9,1150.8,2709.2,,,,,,,,,,,,,,,,,160.0,1079.1,361.7,1274.9,635.9,,,39.9,68.8,26.0,94.2,18.0,,,610.5,172.5,265.9,896.8,562.9,,,158.5,85.0,264.5,461.9,220.2,,,925.5,347.7,1004.1,596.5,542.9,,,516.0,117.2,815.3,312.9,398.2,,,,,,,,,,,,,,,,,36.2,22.2,70.6,261.1,261.9,,,41.9,71.5,89.8,468.6,283.9,,,10.5,34.4,55.1,157.4,298.9,,,137.1,140.7,201.9,539.5,373.6,,,648.5,836.2,522.2,935.5,1615.4,,,1057.2,1150.8,1376.1,1130.8,2261.6,,,,,,,,,,,,,,,,,1857.7,2261.6,1548.1,1268.7,2989.5,,,1116.2,881.6,462.7,912.5,1065.9,,,1486.2,1052.9,1193.0,828.3,2477.0,,,429.8,249.6,461.1,352.8,376.3,,,724.4,812.7,736.7,812.7,1287.5,,,2737.7,1844.5,3514.6,1452.9,2322.2,,,,,,,,,,,,,,,,,3612.3,4816.4,2955.5,4334.7,4562.9,,,2301.6,3024.2,467.7,2261.6,1985.3,,,5307.8,4644.4,4128.3,3251.0,5779.7,,,1806.1,440.0,2766.8,1520.9,1354.6,,,3824.8,3377.7,3251.0,2737.7,4816.4,,,4907.2,3467.8,4907.2,2681.3,3715.5,,,,,,,,,,,,,,,,,,,,,,,,,,,,,,,,,,,,,,,,,,,,,,,,,,,,,,,,,,,,,,,,,,,,,,,,,,,,,,,,,,,,,,,,,,,,,,,,,,,,,,,,,,,,,,,,,,,,,,,,,,,,,,,,
20260906_防府_3R,20260906,63,防府,3,504.5,259.6,156.9,180.6,765.9,,,409.3,202.4,80.0,156.8,137.5,,,73.7,170.2,35.6,46.4,248.5,,,44.6,21.7,18.5,6.2,33.0,,,69.5,80.6,43.3,13.0,112.9,,,416.8,134.9,313.9,88.4,127.5,,,,,,,,,,,,,,,,,1064.0,569.6,649.5,589.3,1510.8,,,1775.6,1571.5,2056.0,3375.9,1687.9,,,314.6,562.6,550.2,467.4,785.7,,,1020.3,2056.0,1188.9,1860.2,1996.0,,,969.6,3695.3,1544.9,2485.9,4634.8,,,2170.2,1353.7,1544.9,2357.3,3038.3,,,,,,,,,,,,,,,,,687.0,311.0,147.0,326.7,179.7,,,1168.6,1194.1,1599.1,1787.2,1001.6,,,402.1,579.3,743.0,1076.5,203.7,,,235.9,1055.8,733.1,905.4,267.5,,,926.9,2654.9,2119.8,1536.2,1510.8,,,96.7,270.4,128.9,152.5,366.0,,,,,,,,,,,,,,,,,54.9,204.3,44.8,49.5,316.4,,,53.8,162.8,136.1,96.0,150.0,,,421.3,377.7,727.2,973.1,246.3,,,171.8,216.5,573.2,479.7,641.9,,,214.3,406.3,857.2,585.5,1627.7,,,386.2,198.5,212.8,745.1,926.9,,,,,,,,,,,,,,,,,97.4,44.4,53.5,12.3,46.1,,,460.3,998.0,614.5,1102.6,1107.1,,,137.2,544.7,437.5,359.8,179.9,,,200.7,242.8,467.4,593.1,631.5,,,94.7,604.9,514.9,487.4,553.5,,,126.2,553.5,100.3,400.9,356.5,,,,,,,,,,,,,,,,,185.7,284.5,161.9,61.6,448.2,,,628.6,2337.2,1277.8,1580.6,3143.1,,,949.4,2555.6,2136.3,1810.9,2103.5,,,302.8,655.7,1752.9,1012.7,2654.9,,,126.7,779.0,685.3,680.2,806.6,,,1226.2,2878.4,1698.4,4207.0,1925.7,,,,,,,,,,,,,,,,,322.8,110.7,329.0,105.4,103.8,,,568.5,430.6,579.3,1248.6,1068.1,,,52.9,80.6,97.2,95.4,114.9,,,264.4,188.7,190.6,631.5,813.8,,,112.7,563.8,137.4,505.4,403.9,,,473.9,1168.6,602.3,1308.3,770.2,,,,,,,,,,,,,,,,,,,,,,,,,,,,,,,,,,,,,,,,,,,,,,,,,,,,,,,,,,,,,,,,,,,,,,,,,,,,,,,,,,,,,,,,,,,,,,,,,,,,,,,,,,,,,,,,,,,,,,,,,,,,,,,,
20260906_防府_4R,20260906,63,防府,4,1311.4,1439.1,1118.0,1559.1,1909.1,,,1252.8,1469.3,646.6,1136.2,1083.5,,,1083.5,1096.2,528.5,1039.4,1776.2,,,542.8,333.7,228.9,155.3,543.8,,,1417.3,988.1,858.2,227.7,1122.5,,,1594.5,957.8,2019.0,1067.0,1439.1,,,,,,,,,,,,,,,,,1199.3,1492.7,1576.6,2319.3,1870.9,,,396.9,208.8,240.0,682.8,60.7,,,1067.0,486.3,871.5,1576.6,748.3,,,1122.5,543.8,1225.5,1541.9,781.7,,,2598.5,1559.1,1516.9,1396.2,1184.1,,,808.7,89.6,410.2,476.4,885.3,,,,,,,,,,,,,,,,,491.4,682.8,420.1,1047.1,340.5,,,179.4,95.4,72.9,269.3,15.9,,,734.6,304.3,490.6,1067.0,261.5,,,162.5,141.4,196.3,183.0,97.6,,,935.4,463.1,1031.7,390.8,243.8,,,49.0,5.3,40.5,17.4,79.0,,,,,,,,,,,,,,,,,616.7,721.4,372.6,736.5,1016.8,,,627.8,410.2,770.9,1299.2,825.4,,,565.8,274.6,427.8,797.2,340.5,,,227.6,542.8,274.3,366.8,456.3,,,1241.7,1622.2,1424.5,719.5,1500.7,,,1230.8,533.5,269.8,430.4,1127.0,,,,,,,,,,,,,,,,,197.7,114.4,78.0,55.1,194.2,,,502.0,427.1,758.4,754.4,604.8,,,159.0,219.9,228.9,196.1,181.0,,,211.1,642.2,425.8,337.3,536.5,,,28.5,217.0,118.3,155.7,172.0,,,214.3,342.6,147.3,418.2,248.5,,,,,,,,,,,,,,,,,1087.7,569.2,603.5,125.1,532.5,,,1765.0,1087.7,1670.4,1091.9,1091.9,,,825.4,528.5,905.2,456.3,286.6,,,1275.6,1550.5,1477.0,756.4,1559.1,,,35.8,236.0,160.5,224.5,153.2,,,468.5,594.5,163.1,770.9,228.5,,,,,,,,,,,,,,,,,744.4,418.2,728.9,378.2,679.5,,,478.0,42.0,192.8,183.9,476.4,,,58.3,5.5,54.2,16.8,71.1,,,775.2,292.9,173.9,234.6,815.8,,,86.8,110.2,51.9,195.2,117.9,,,470.8,365.8,152.0,560.1,84.6,,,,,,,,,,,,,,,,,,,,,,,,,,,,,,,,,,,,,,,,,,,,,,,,,,,,,,,,,,,,,,,,,,,,,,,,,,,,,,,,,,,,,,,,,,,,,,,,,,,,,,,,,,,,,,,,,,,,,,,,,,,,,,,,
20260906_防府_5R,20260906,63,防府,5,108.3,394.6,78.7,175.0,367.9,,,82.5,367.2,74.5,320.0,161.1,,,675.2,852.0,685.0,1627.6,1313.3,,,76.3,91.7,306.9,264.3,198.2,,,561.7,877.5,2127.7,689.9,1755.1,,,422.2,303.2,1529.5,283.1,1201.4,,,,,,,,,,,,,,,,,70.1,157.6,49.6,75.6,205.2,,,38.0,45.4,68.1,22.1,38.0,,,106.0,63.0,145.5,40.2,172.8,,,114.9,221.1,281.2,146.2,444.4,,,36.7,27.2,60.1,48.0,57.9,,,237.2,106.3,251.2,352.6,141.9,,,,,,,,,,,,,,,,,28.9,117.3,24.6,94.6,53.2,,,18.3,30.7,37.2,13.2,20.2,,,176.8,69.9,310.1,266.3,190.4,,,86.7,116.6,415.7,324.4,156.9,,,236.5,82.3,335.8,297.5,208.9,,,37.0,23.9,82.0,69.7,70.8,,,,,,,,,,,,,,,,,1066.8,1322.4,979.0,1857.8,2004.5,,,400.0,250.8,532.6,170.1,473.1,,,857.8,346.5,1548.2,1060.9,589.5,,,1973.3,1876.1,2590.9,2740.0,3431.2,,,2151.7,447.5,1476.2,2176.3,1876.1,,,1943.1,801.8,857.8,2473.1,2025.8,,,,,,,,,,,,,,,,,299.8,267.4,911.1,883.6,633.7,,,531.1,632.6,1228.5,898.2,1390.0,,,326.3,531.1,1670.4,1641.6,602.6,,,2151.7,2151.7,2457.1,3559.4,4095.3,,,2069.9,1771.4,2701.1,3926.4,3808.6,,,1193.9,1788.0,887.7,3147.6,3733.9,,,,,,,,,,,,,,,,,766.3,1168.2,3046.9,1426.4,2740.0,,,336.4,152.7,323.8,469.6,350.3,,,961.7,227.3,1299.8,1459.2,838.9,,,2975.5,507.1,1607.0,2489.3,2441.4,,,1796.5,1244.6,2188.8,3593.0,3662.1,,,2720.4,911.1,1130.1,2590.9,3255.2,,,,,,,,,,,,,,,,,211.3,244.3,1082.0,153.3,1055.0,,,153.3,111.6,277.8,251.2,142.8,,,87.6,56.4,158.4,173.2,155.0,,,742.4,342.8,382.7,1459.2,873.5,,,453.4,622.3,537.1,2151.7,1634.6,,,952.1,511.2,646.6,1085.0,1400.2,,,,,,,,,,,,,,,,,,,,,,,,,,,,,,,,,,,,,,,,,,,,,,,,,,,,,,,,,,,,,,,,,,,,,,,,,,,,,,,,,,,,,,,,,,,,,,,,,,,,,,,,,,,,,,,,,,,,,,,,,,,,,,,,
20260906_防府_6R,20260906,63,防府,6,1930.0,623.2,627.4,1345.4,1771.2,,,2665.2,2072.9,1496.5,1984.7,2945.8,,,282.3,1114.9,128.2,182.6,252.5,,,284.9,758.4,92.6,144.8,221.5,,,697.8,1435.1,201.1,199.4,456.5,,,1512.7,2915.1,307.5,447.0,723.1,,,,,,,,,,,,,,,,,2915.1,1106.1,1760.0,2591.2,2798.5,,,3781.7,4115.4,3587.8,3833.5,4372.6,,,945.4,2312.8,595.4,756.3,1617.6,,,1060.0,2412.5,603.1,717.5,1170.9,,,2088.4,1984.7,861.0,958.3,1771.2,,,3412.8,4664.2,2544.1,2591.2,2915.1,,,,,,,,,,,,,,,,,4176.9,3634.4,2915.1,3009.1,4997.3,,,4825.0,5182.4,4372.6,4743.2,4825.0,,,2498.6,3682.2,1572.2,1749.0,3254.1,,,2885.0,4442.1,1716.8,1665.7,3634.4,,,2221.0,2665.2,1716.8,1529.2,2221.0,,,4909.6,5182.4,4176.9,3634.4,3075.3,,,,,,,,,,,,,,,,,180.9,584.2,63.9,83.7,167.9,,,263.5,827.9,139.6,189.6,538.1,,,1133.0,1260.5,429.8,666.3,1206.2,,,38.4,59.7,182.3,19.3,60.0,,,61.0,93.5,193.6,21.1,58.3,,,221.4,362.9,441.4,122.6,131.6,,,,,,,,,,,,,,,,,102.6,278.1,39.5,51.5,81.0,,,150.7,571.1,93.5,122.9,205.0,,,615.0,971.7,315.8,461.8,556.3,,,33.7,54.4,123.3,14.4,37.1,,,45.5,75.4,171.4,13.6,33.3,,,101.0,160.5,297.3,58.9,64.7,,,,,,,,,,,,,,,,,318.0,534.0,90.4,77.6,191.9,,,464.8,672.7,178.3,166.6,431.2,,,869.1,926.6,380.2,418.3,738.3,,,49.8,67.2,151.1,12.0,34.4,,,44.3,66.9,184.3,12.5,30.8,,,179.5,233.5,338.8,67.1,57.4,,,,,,,,,,,,,,,,,2072.9,3331.5,874.5,811.1,1156.4,,,2690.8,3886.8,1970.7,1957.0,2057.7,,,4176.9,3682.2,2945.8,2690.8,2433.5,,,699.6,1036.4,848.0,283.2,271.9,,,482.5,758.4,1295.6,279.5,216.9,,,717.5,891.2,644.8,227.5,166.3,,,,,,,,,,,,,,,,,,,,,,,,,,,,,,,,,,,,,,,,,,,,,,,,,,,,,,,,,,,,,,,,,,,,,,,,,,,,,,,,,,,,,,,,,,,,,,,,,,,,,,,,,,,,,,,,,,,,,,,,,,,,,,,,
20260906_防府_7R,20260906,63,防府,7,8.8,22.1,25.9,7.5,35.8,,,13.9,37.4,37.2,14.7,61.6,,,37.5,44.1,70.0,35.5,101.1,,,65.1,61.8,97.4,44.9,130.1,,,10.5,12.2,26.4,26.6,15.5,,,81.0,88.9,166.6,190.9,53.7,,,,,,,,,,,,,,,,,76.2,134.1,155.2,63.6,262.5,,,264.3,1016.7,851.3,447.9,1486.3,,,544.6,1420.1,1213.7,815.7,1896.0,,,747.9,1552.0,1745.1,1222.1,2263.0,,,202.6,436.2,767.5,825.3,1209.5,,,1217.9,2806.1,3438.9,2698.2,2165.2,,,,,,,,,,,,,,,,,139.5,311.7,291.8,151.8,481.8,,,326.6,1431.7,1408.7,650.7,1846.1,,,1308.8,2370.0,2923.0,2470.2,3731.5,,,1243.8,2307.6,3340.6,2178.6,3247.8,,,349.3,821.4,2051.2,1736.4,2419.1,,,2192.3,3941.2,5010.9,4277.6,3653.8,,,,,,,,,,,,,,,,,405.5,523.5,611.0,366.5,982.5,,,883.5,2740.3,2263.0,1580.0,3941.2,,,1364.8,2898.9,4226.1,2947.6,5846.1,,,1896.0,3104.1,5158.3,3438.9,5314.6,,,786.4,1937.9,2698.2,3372.7,4031.8,,,3507.6,6263.7,7625.4,6495.7,7015.3,,,,,,,,,,,,,,,,,587.5,610.0,808.2,458.5,1157.6,,,1205.3,1808.0,2657.3,1836.4,4078.7,,,1437.5,2851.7,4277.6,3247.8,4871.8,,,2113.0,3986.0,5314.6,4497.0,5945.2,,,899.4,2523.5,2761.9,3812.7,3941.2,,,4175.8,6495.7,6618.2,7625.4,5846.1,,,,,,,,,,,,,,,,,84.9,99.7,168.9,197.5,179.0,,,220.7,506.8,890.2,1127.8,1338.8,,,277.7,643.6,1386.4,1702.7,1727.9,,,542.9,1338.8,1639.1,2192.3,2370.0,,,645.9,1662.4,1959.6,2487.7,2698.2,,,879.1,2234.2,2505.4,3653.8,3731.5,,,,,,,,,,,,,,,,,1727.9,2277.7,2923.0,2677.6,1623.9,,,3050.1,6263.7,7972.0,7307.7,6745.5,,,3579.2,9480.2,9999.9,8351.6,6495.7,,,5010.9,9480.2,9480.2,9480.2,9230.7,,,5083.6,9999.9,8351.6,9999.9,8994.0,,,2806.1,7015.3,7463.1,9480.2,6377.6,,,,,,,,,,,,,,,,,,,,,,,,,,,,,,,,,,,,,,,,,,,,,,,,,,,,,,,,,,,,,,,,,,,,,,,,,,,,,,,,,,,,,,,,,,,,,,,,,,,,,,,,,,,,,,,,,,,,,,,,,,,,,,,,
20260906_久留米_1R,20260906,83,久留米,1,36.9,119.0,48.9,251.6,156.1,,,21.5,68.8,7.4,160.4,34.4,,,184.4,104.3,155.6,210.6,511.8,,,21.1,5.0,40.6,112.6,51.9,,,431.2,322.6,337.4,412.6,953.5,,,563.3,231.9,1208.7,338.3,1775.6,,,,,,,,,,,,,,,,,117.2,236.2,138.9,328.3,547.7,,,262.1,957.1,471.5,1139.2,1025.7,,,250.6,510.8,327.9,138.7,1369.4,,,192.5,220.2,220.2,310.5,429.1,,,315.1,521.1,184.5,967.9,1471.2,,,1893.1,2011.4,3526.8,2362.0,2993.7,,,,,,,,,,,,,,,,,138.9,312.8,55.5,540.8,170.7,,,282.3,994.0,507.8,1293.7,881.7,,,723.2,1046.5,1170.2,1274.5,1560.3,,,132.9,333.5,833.2,1197.5,344.2,,,1550.9,1727.9,1569.8,2549.1,2600.6,,,602.9,1231.8,2043.3,982.6,2574.6,,,,,,,,,,,,,,,,,194.7,113.4,136.5,180.8,417.2,,,226.0,350.2,273.3,175.2,897.0,,,361.0,511.8,645.2,529.7,897.0,,,240.1,201.7,288.3,176.4,1086.3,,,99.6,83.9,173.3,146.3,355.1,,,2959.3,2798.5,3218.2,3300.8,2475.6,,,,,,,,,,,,,,,,,61.1,6.6,53.6,104.4,89.0,,,159.2,77.9,127.8,225.2,168.6,,,46.0,113.5,249.4,384.8,121.1,,,150.5,139.0,144.9,108.1,593.2,,,494.1,333.0,357.5,234.0,1104.9,,,735.6,1009.6,598.7,2428.8,2549.1,,,,,,,,,,,,,,,,,440.1,548.9,338.7,705.3,1639.8,,,245.6,531.9,87.9,727.2,1109.7,,,978.9,1226.0,814.7,2383.9,2499.6,,,151.3,61.1,275.0,312.0,723.2,,,777.8,986.4,1550.9,569.6,2145.5,,,3731.3,3300.8,4767.8,2738.9,3731.3,,,,,,,,,,,,,,,,,1950.4,855.3,2798.5,1347.9,4681.1,,,1682.7,2925.7,4767.8,4022.8,4516.8,,,960.6,2738.9,4363.7,2110.3,4152.6,,,4857.7,4363.7,4516.8,4681.1,4767.8,,,1661.0,3626.2,2059.7,5048.2,4767.8,,,4363.7,4152.6,5851.4,4152.6,5477.9,,,,,,,,,,,,,,,,,,,,,,,,,,,,,,,,,,,,,,,,,,,,,,,,,,,,,,,,,,,,,,,,,,,,,,,,,,,,,,,,,,,,,,,,,,,,,,,,,,,,,,,,,,,,,,,,,,,,,,,,,,,,,,,,
20260906_久留米_2R,20260906,83,久留米,2,37.6,103.9,161.5,21.6,198.3,,,43.9,124.4,230.5,29.7,132.7,,,247.6,260.8,318.4,169.1,757.1,,,290.3,445.0,290.6,240.6,671.0,,,9.2,16.5,48.7,66.9,126.8,,,416.4,394.8,971.0,823.3,448.1,,,,,,,,,,,,,,,,,189.0,455.8,593.4,124.7,609.9,,,267.0,1416.5,1674.6,464.4,1119.6,,,1152.2,2113.5,2159.7,1909.3,3728.5,,,1335.2,2884.8,2195.7,2232.9,2297.8,,,197.1,613.7,902.3,1152.2,1411.5,,,1508.5,1946.9,3407.1,2823.0,2549.8,,,,,,,,,,,,,,,,,34.4,116.3,134.2,26.6,52.6,,,99.3,513.9,600.6,178.7,231.2,,,181.6,493.4,206.8,241.1,218.2,,,208.2,525.5,219.9,390.1,182.7,,,55.0,184.6,209.8,196.6,129.4,,,49.9,177.8,127.1,72.5,113.6,,,,,,,,,,,,,,,,,282.1,303.0,181.0,211.5,725.1,,,752.8,1447.7,952.3,1250.7,2533.5,,,354.4,1062.4,240.4,515.9,393.2,,,92.9,226.7,147.0,121.7,141.6,,,187.8,698.2,411.6,137.9,571.9,,,842.7,1421.6,586.3,372.1,1344.3,,,,,,,,,,,,,,,,,600.6,722.5,321.3,462.7,906.4,,,966.3,2424.7,1053.9,1788.3,2258.4,,,542.8,1313.0,383.3,1103.9,579.5,,,181.3,380.3,231.6,217.2,235.5,,,467.7,1048.3,938.7,282.3,1034.6,,,898.2,1274.9,697.0,476.1,1406.5,,,,,,,,,,,,,,,,,9.7,21.2,38.7,28.7,53.3,,,62.1,289.7,420.0,290.8,369.3,,,47.1,149.3,118.3,135.6,81.7,,,66.0,248.1,150.9,63.5,260.3,,,82.6,221.7,199.9,87.5,229.7,,,185.4,393.2,184.1,446.5,282.9,,,,,,,,,,,,,,,,,1023.9,616.5,1480.2,1201.2,1008.2,,,1531.8,1681.8,3764.0,2271.4,2652.5,,,304.2,553.5,427.2,264.5,394.4,,,1613.1,2823.0,1056.7,853.6,2501.4,,,1040.0,1580.9,641.6,744.3,1600.1,,,943.2,1976.1,726.5,1780.3,1135.7,,,,,,,,,,,,,,,,,,,,,,,,,,,,,,,,,,,,,,,,,,,,,,,,,,,,,,,,,,,,,,,,,,,,,,,,,,,,,,,,,,,,,,,,,,,,,,,,,,,,,,,,,,,,,,,,,,,,,,,,,,,,,,,,
20260906_久留米_3R,20260906,83,久留米,3,7.9,7.0,16.4,38.3,36.6,,,39.7,83.1,48.4,182.9,366.6,,,38.4,85.3,108.9,199.6,75.5,,,168.4,146.9,347.6,206.8,797.5,,,337.7,436.5,640.8,301.7,1074.2,,,205.0,599.1,213.7,618.2,977.4,,,,,,,,,,,,,,,,,12.7,8.4,17.9,47.9,50.4,,,67.4,180.6,161.6,535.5,833.6,,,57.9,167.5,284.3,407.6,211.7,,,248.9,286.5,575.7,481.0,1240.6,,,420.6,993.2,1020.7,683.6,1815.1,,,359.8,1330.2,529.4,1169.7,1220.1,,,,,,,,,,,,,,,,,53.0,111.0,58.5,192.1,499.9,,,69.6,229.2,130.4,349.2,758.1,,,157.7,234.8,174.6,559.1,418.7,,,68.3,103.9,159.7,41.1,330.1,,,513.2,789.0,940.0,133.9,1616.1,,,995.8,1411.8,930.5,980.0,1698.0,,,,,,,,,,,,,,,,,62.9,143.6,205.7,374.4,144.6,,,80.5,219.8,329.5,532.4,204.8,,,238.9,315.7,183.1,649.8,423.5,,,617.2,850.9,414.4,422.5,802.7,,,896.5,1200.2,1083.7,676.1,1071.1,,,88.5,145.0,161.5,151.3,229.8,,,,,,,,,,,,,,,,,610.0,583.9,1316.0,1192.4,2317.4,,,620.3,438.1,1275.0,1292.9,2206.4,,,281.7,199.3,408.5,156.0,539.5,,,1861.0,2129.9,1151.5,1870.4,2424.2,,,1266.2,1130.3,254.1,1385.2,1401.0,,,3838.3,3962.1,2456.5,3176.5,2392.7,,,,,,,,,,,,,,,,,1096.6,1462.2,2024.6,1479.8,3760.0,,,1151.5,1833.2,2206.4,2142.3,3411.8,,,1224.1,1698.0,1659.8,553.2,2613.3,,,1949.6,2180.3,2105.6,1981.0,2377.2,,,1349.7,1433.7,586.7,1349.7,1682.5,,,5189.8,4335.0,4335.0,3149.4,2709.4,,,,,,,,,,,,,,,,,785.6,1981.0,587.6,2332.1,3577.4,,,811.6,2523.8,742.9,2506.6,3149.4,,,2456.5,3232.2,1468.0,2506.6,4187.2,,,345.0,369.5,617.2,593.3,787.3,,,4187.2,3722.0,3684.8,2233.2,2558.8,,,4785.4,4140.2,4549.1,2456.5,2670.1,,,,,,,,,,,,,,,,,,,,,,,,,,,,,,,,,,,,,,,,,,,,,,,,,,,,,,,,,,,,,,,,,,,,,,,,,,,,,,,,,,,,,,,,,,,,,,,,,,,,,,,,,,,,,,,,,,,,,,,,,,,,,,,,
20260906_久留米_4R,20260906,83,久留米,4,28.6,303.4,154.8,103.4,305.4,,,7.9,65.5,18.4,21.1,34.2,,,813.7,327.9,561.9,1389.8,1586.9,,,418.7,153.4,320.5,656.3,644.1,,,161.2,98.9,960.9,538.5,740.9,,,611.7,195.2,1545.4,612.6,1002.8,,,,,,,,,,,,,,,,,33.5,222.5,146.1,81.3,291.8,,,40.9,302.5,154.2,75.1,339.4,,,435.0,649.1,394.0,563.5,1394.5,,,225.4,250.4,180.9,191.7,344.0,,,49.9,55.5,176.9,73.2,113.0,,,467.4,522.2,908.2,214.1,197.8,,,,,,,,,,,,,,,,,7.3,29.7,12.0,20.4,33.9,,,26.6,193.1,86.9,57.5,161.6,,,277.2,753.0,316.6,1125.4,1064.7,,,63.4,155.1,90.4,302.1,186.9,,,72.0,76.5,502.6,267.2,377.5,,,149.4,329.5,588.3,168.9,505.1,,,,,,,,,,,,,,,,,2010.5,1166.7,1656.7,2958.4,3633.1,,,2689.4,3982.5,2010.5,3001.3,5916.8,,,1755.0,3731.3,1857.3,4816.0,5752.5,,,1098.6,1506.1,1443.1,2179.9,939.1,,,3665.3,3799.8,5310.0,4183.6,5177.2,,,3090.9,4602.0,6002.6,1140.9,4551.4,,,,,,,,,,,,,,,,,584.1,335.9,333.7,1290.2,744.9,,,523.6,544.9,386.3,587.4,613.6,,,309.7,540.0,405.2,1051.2,597.6,,,267.9,412.9,438.2,757.1,263.9,,,1232.6,818.5,1147.3,993.2,815.3,,,360.7,320.8,453.6,164.1,662.6,,,,,,,,,,,,,,,,,123.3,108.0,1294.3,591.6,764.1,,,68.3,74.0,548.5,208.2,268.9,,,103.4,120.2,1176.6,556.6,665.8,,,2779.7,2179.9,3313.4,2572.5,5113.3,,,1092.8,638.1,972.2,862.8,885.0,,,1183.3,785.9,1243.7,3161.6,1038.0,,,,,,,,,,,,,,,,,780.0,302.7,1605.3,627.5,1243.7,,,815.3,914.3,1816.5,495.4,681.2,,,280.9,647.1,1740.2,454.6,1200.5,,,2638.1,3731.3,3540.0,698.4,4141.8,,,354.0,295.6,348.6,199.2,614.5,,,1637.0,866.4,1298.3,3210.7,954.3,,,,,,,,,,,,,,,,,,,,,,,,,,,,,,,,,,,,,,,,,,,,,,,,,,,,,,,,,,,,,,,,,,,,,,,,,,,,,,,,,,,,,,,,,,,,,,,,,,,,,,,,,,,,,,,,,,,,,,,,,,,,,,,,
20260906_久留米_5R,20260906,83,久留米,5,18.1,54.1,43.0,149.7,30.5,,,24.6,50.4,65.4,183.9,38.8,,,54.0,47.7,94.4,61.3,26.9,,,23.4,37.4,52.1,124.5,26.7,,,561.4,659.8,220.0,440.8,377.4,,,15.2,17.6,13.3,29.3,97.1,,,,,,,,,,,,,,,,,103.0,329.3,167.0,879.7,147.4,,,97.0,154.4,320.3,409.2,212.1,,,360.9,254.4,1182.8,422.1,423.5,,,414.0,707.9,1694.1,2365.6,1204.8,,,2440.0,2242.6,1747.6,4359.2,2751.5,,,279.1,332.1,430.1,979.7,919.3,,,,,,,,,,,,,,,,,70.2,180.0,146.6,374.1,164.2,,,61.7,137.0,260.9,215.2,154.7,,,291.4,208.3,1121.3,350.4,268.1,,,467.9,685.4,1643.9,2732.1,1375.7,,,1284.6,1023.6,1190.0,3527.0,1616.5,,,194.0,264.2,361.2,889.8,827.2,,,,,,,,,,,,,,,,,262.3,387.5,355.9,177.4,90.5,,,316.7,309.8,1204.8,271.4,188.1,,,342.1,243.0,1366.0,432.0,260.3,,,795.0,1911.1,2255.6,1603.1,1051.4,,,332.4,357.5,748.9,1062.9,87.7,,,60.3,61.4,135.8,255.5,26.2,,,,,,,,,,,,,,,,,217.8,313.3,354.6,994.7,267.0,,,461.3,1031.8,2074.7,3918.8,1643.9,,,790.1,1127.8,2917.0,3958.8,1865.2,,,1190.0,2984.3,2732.1,2519.2,1892.5,,,3625.8,5314.6,5038.5,4041.3,4263.4,,,541.8,1356.5,1342.4,1630.1,3344.5,,,,,,,,,,,,,,,,,3879.7,3559.3,2191.9,3495.2,2216.9,,,4310.7,4217.0,3180.0,6806.5,3803.6,,,3464.0,4618.6,3559.3,6575.7,4731.3,,,1609.8,2120.0,2895.3,3730.4,625.7,,,2216.9,6928.0,6806.5,4731.3,5464.3,,,1939.8,2424.8,3103.7,780.6,3918.8,,,,,,,,,,,,,,,,,59.2,57.2,50.3,78.2,207.2,,,119.5,175.4,214.8,417.6,448.5,,,112.0,163.1,244.0,577.3,748.9,,,62.1,89.9,120.7,276.7,41.3,,,232.7,485.5,687.8,664.3,1447.6,,,621.7,806.5,1310.7,334.7,1375.7,,,,,,,,,,,,,,,,,,,,,,,,,,,,,,,,,,,,,,,,,,,,,,,,,,,,,,,,,,,,,,,,,,,,,,,,,,,,,,,,,,,,,,,,,,,,,,,,,,,,,,,,,,,,,,,,,,,,,,,,,,,,,,,,
20260906_久留米_6R,20260906,83,久留米,6,16.5,16.1,41.5,63.4,39.9,,,50.3,98.8,256.0,342.8,199.3,,,31.2,83.2,66.1,116.8,73.1,,,75.7,302.4,75.0,71.2,190.9,,,197.6,645.1,158.4,130.1,476.2,,,41.5,113.0,44.0,95.9,203.7,,,,,,,,,,,,,,,,,16.2,13.1,48.1,69.5,46.3,,,21.3,25.4,92.6,158.7,127.0,,,25.9,47.2,55.1,88.6,198.9,,,90.7,264.0,94.4,94.1,835.2,,,215.3,456.5,141.7,152.7,1290.3,,,147.5,323.0,307.3,744.3,868.8,,,,,,,,,,,,,,,,,102.6,213.6,505.2,557.5,464.9,,,70.5,84.7,195.8,300.7,299.7,,,307.1,169.6,686.2,916.9,951.3,,,772.3,787.8,1278.8,1723.8,3145.7,,,1759.0,1231.3,1710.2,1857.6,3591.4,,,920.8,890.4,1533.7,2835.3,3503.8,,,,,,,,,,,,,,,,,54.3,149.6,96.3,153.1,141.2,,,49.1,79.7,77.1,121.9,306.9,,,255.3,146.5,573.8,692.8,764.1,,,173.7,152.7,665.0,137.7,1014.0,,,247.1,207.9,833.6,177.4,1334.2,,,337.7,671.2,936.8,1011.6,1177.5,,,,,,,,,,,,,,,,,213.1,926.8,231.9,202.6,556.0,,,235.5,766.8,225.1,247.2,1826.1,,,1359.5,1249.1,1567.1,1810.8,3240.3,,,389.6,305.6,1309.9,286.1,1976.9,,,230.8,225.8,890.4,150.9,822.4,,,1134.1,2112.6,3591.4,2144.1,1590.3,,,,,,,,,,,,,,,,,499.9,1710.2,452.2,349.2,1338.4,,,435.7,1119.4,289.2,316.4,2367.9,,,2317.0,1737.7,2448.7,2627.8,4536.5,,,410.0,327.2,1614.1,252.3,2004.5,,,256.8,251.7,1334.2,177.5,1278.8,,,1873.7,3990.4,4735.9,3715.2,2052.2,,,,,,,,,,,,,,,,,131.6,255.7,139.7,367.4,515.5,,,261.3,723.1,753.4,1486.1,1898.5,,,814.6,1134.1,1696.7,2505.6,3264.9,,,392.8,903.5,1512.1,1608.1,1932.6,,,1155.4,2931.7,3240.3,2367.9,1638.6,,,1561.4,3780.4,3847.9,3145.7,1780.8,,,,,,,,,,,,,,,,,,,,,,,,,,,,,,,,,,,,,,,,,,,,,,,,,,,,,,,,,,,,,,,,,,,,,,,,,,,,,,,,,,,,,,,,,,,,,,,,,,,,,,,,,,,,,,,,,,,,,,,,,,,,,,,,
20260906_久留米_7R,20260906,83,久留米,7,39.5,21.3,140.2,175.5,106.6,,,19.3,18.7,62.4,66.0,159.8,,,12.6,23.5,69.5,88.7,119.0,,,275.1,203.7,218.1,251.7,766.0,,,221.6,173.8,226.9,145.4,963.2,,,427.5,574.2,384.7,1116.0,1110.0,,,,,,,,,,,,,,,,,122.1,49.8,344.5,433.8,249.3,,,212.8,210.3,704.8,1092.5,804.6,,,30.0,67.2,99.2,100.3,22.6,,,728.3,965.5,451.7,714.5,1196.4,,,902.5,1330.6,397.6,718.2,1221.1,,,545.5,675.0,150.2,790.8,1061.8,,,,,,,,,,,,,,,,,83.5,86.6,184.0,237.2,436.5,,,205.3,293.6,837.0,1182.8,1064.5,,,150.6,259.4,898.6,986.1,1179.4,,,469.6,1075.5,1297.4,922.6,2767.8,,,636.7,1641.0,1634.5,932.9,3295.0,,,1560.8,2208.3,2594.8,4324.7,4236.4,,,,,,,,,,,,,,,,,11.1,19.7,54.5,75.8,85.3,,,12.6,29.4,65.6,59.1,16.6,,,54.8,72.4,306.4,362.2,343.9,,,200.5,229.5,429.3,217.8,555.7,,,194.9,178.9,486.1,167.6,628.1,,,307.0,167.4,644.6,780.4,879.6,,,,,,,,,,,,,,,,,590.5,690.8,550.6,561.8,2075.8,,,840.4,890.9,629.0,560.2,1729.8,,,941.4,1072.8,1441.5,763.1,2767.8,,,549.9,587.2,967.7,541.2,2005.6,,,242.9,120.9,130.7,217.8,376.0,,,3518.4,3610.2,4464.2,3193.6,1744.4,,,,,,,,,,,,,,,,,593.9,437.9,456.7,363.8,1931.0,,,789.3,389.8,268.8,257.8,1293.3,,,1005.2,1131.2,1122.0,656.9,2923.7,,,339.7,211.5,407.8,243.9,1285.3,,,176.5,79.5,91.5,128.1,383.3,,,3403.0,3193.6,3916.7,2661.3,1654.0,,,,,,,,,,,,,,,,,1628.1,2516.2,1116.0,4884.4,4464.2,,,1515.2,2140.0,458.7,3098.3,3808.9,,,3518.4,3488.8,4772.1,6806.1,7283.7,,,1110.0,488.4,2749.5,3375.4,3674.1,,,6590.0,5462.8,6696.3,4110.6,3030.4,,,6806.1,6696.3,7036.8,5002.1,3121.6,,,,,,,,,,,,,,,,,,,,,,,,,,,,,,,,,,,,,,,,,,,,,,,,,,,,,,,,,,,,,,,,,,,,,,,,,,,,,,,,,,,,,,,,,,,,,,,,,,,,,,,,,,,,,,,,,,,,,,,,,,,,,,,,
20260906_久留米_8R,20260906,83,久留米,8,30.1,24.1,111.3,95.2,106.5,,,40.2,46.0,75.4,53.5,134.8,,,14.1,18.2,72.4,83.4,9.5,,,218.5,84.4,147.9,363.6,500.5,,,218.6,137.3,261.9,431.6,689.3,,,290.5,254.5,60.9,675.8,684.4,,,,,,,,,,,,,,,,,32.3,18.2,103.0,92.1,77.5,,,51.7,74.5,71.9,61.0,237.4,,,23.2,61.4,154.7,112.2,56.0,,,136.4,99.8,221.2,304.2,621.8,,,194.8,132.3,285.5,342.9,655.6,,,255.3,531.4,237.0,1035.4,741.2,,,,,,,,,,,,,,,,,95.9,133.0,114.1,119.0,361.4,,,93.2,146.5,107.6,94.9,453.5,,,193.4,249.5,367.7,362.8,618.6,,,109.4,84.6,155.1,54.4,443.1,,,123.9,81.8,154.7,70.4,426.6,,,900.2,1355.4,1340.3,1556.5,1340.3,,,,,,,,,,,,,,,,,47.6,85.6,187.9,254.1,31.6,,,69.9,203.5,428.1,464.4,181.0,,,195.5,290.5,666.4,625.0,801.5,,,558.4,988.8,955.5,1961.5,2002.2,,,606.9,1212.4,946.1,2388.8,1630.2,,,120.4,380.2,594.9,1489.3,1013.7,,,,,,,,,,,,,,,,,426.6,160.6,230.8,707.5,1033.2,,,419.9,264.6,630.7,723.4,1754.6,,,118.5,199.8,255.5,81.9,679.6,,,457.3,1116.9,685.4,1457.8,1402.7,,,1140.7,555.9,215.2,1834.7,2286.9,,,2353.8,3305.0,2331.1,2805.4,4089.3,,,,,,,,,,,,,,,,,583.4,326.4,646.8,1005.2,1390.6,,,516.0,281.5,690.3,625.0,1453.4,,,243.9,202.4,387.8,151.6,777.0,,,1003.2,1322.0,1037.7,2437.0,1922.4,,,1042.2,556.5,229.5,1489.3,2286.9,,,2594.3,3374.4,2276.1,3260.4,3860.3,,,,,,,,,,,,,,,,,875.7,852.5,194.5,2805.4,1608.4,,,863.2,1382.6,872.5,3683.5,2053.3,,,1355.4,2651.3,2244.3,2821.8,2608.3,,,189.7,1051.2,1151.6,3238.5,2580.4,,,3955.2,5133.4,3153.8,3955.2,3496.6,,,3282.5,4196.0,3350.9,3711.8,4684.8,,,,,,,,,,,,,,,,,,,,,,,,,,,,,,,,,,,,,,,,,,,,,,,,,,,,,,,,,,,,,,,,,,,,,,,,,,,,,,,,,,,,,,,,,,,,,,,,,,,,,,,,,,,,,,,,,,,,,,,,,,,,,,,,
20260906_久留米_9R,20260906,83,久留米,9,38.0,29.9,119.5,236.4,90.5,,,13.0,16.0,29.0,13.2,37.3,,,21.9,37.6,89.6,182.4,57.7,,,261.5,203.8,242.6,647.0,217.9,,,504.1,167.2,462.3,1042.2,796.6,,,84.2,48.3,80.8,62.4,264.5,,,,,,,,,,,,,,,,,105.7,71.4,306.3,559.2,257.2,,,149.8,152.3,605.4,615.5,466.0,,,41.6,57.7,108.0,274.5,78.2,,,636.9,884.6,376.5,1669.6,582.6,,,1284.5,1227.9,897.2,2006.4,1803.7,,,350.3,455.9,176.2,434.0,1206.6,,,,,,,,,,,,,,,,,52.0,61.8,117.2,42.6,96.4,,,137.1,209.6,659.3,553.4,348.6,,,157.6,197.0,583.6,452.9,263.3,,,544.3,1261.3,1268.1,1710.6,519.1,,,221.8,693.4,863.8,1311.1,617.2,,,212.3,394.0,263.8,371.5,455.6,,,,,,,,,,,,,,,,,31.7,47.7,132.2,208.7,79.3,,,21.5,29.2,51.8,143.5,48.0,,,79.9,72.1,357.4,286.7,252.9,,,234.5,166.0,345.5,480.8,189.4,,,844.9,644.6,882.4,1234.4,1036.0,,,105.5,89.3,185.0,124.0,344.6,,,,,,,,,,,,,,,,,1082.7,600.2,951.1,2617.4,591.0,,,1117.5,1582.3,719.2,3136.2,776.1,,,783.1,1669.6,1744.9,2522.6,1025.3,,,872.4,679.9,1331.2,2617.4,503.0,,,3570.4,4672.7,3825.4,4801.6,2384.3,,,358.3,395.5,353.9,349.3,640.5,,,,,,,,,,,,,,,,,2451.5,640.5,1550.6,3516.3,3664.4,,,2751.9,2417.4,2360.1,5045.2,4641.5,,,743.0,2451.5,2065.9,4071.5,3463.8,,,2513.4,2468.9,2773.8,4736.3,3588.8,,,4271.4,6387.5,5119.4,6161.4,3825.4,,,3933.5,5234.8,3703.4,4324.4,3429.7,,,,,,,,,,,,,,,,,167.3,84.6,114.7,123.6,513.0,,,236.0,357.2,178.8,241.6,991.7,,,183.1,406.2,351.4,355.4,505.9,,,111.7,130.1,232.9,129.0,556.5,,,128.8,157.9,167.0,147.8,372.7,,,1740.5,2282.7,1604.2,1841.9,1349.3,,,,,,,,,,,,,,,,,,,,,,,,,,,,,,,,,,,,,,,,,,,,,,,,,,,,,,,,,,,,,,,,,,,,,,,,,,,,,,,,,,,,,,,,,,,,,,,,,,,,,,,,,,,,,,,,,,,,,,,,,,,,,,,,
