race_key,date,jo_code,jo_name,race_no,1-2-3,1-2-4,1-2-5,1-2-6,1-2-7,1-2-8,1-2-9,1-3-2,1-3-4,1-3-5,1-3-6,1-3-7,1-3-8,1-3-9,1-4-2,1-4-3,1-4-5,1-4-6,1-4-7,1-4-8,1-4-9,1-5-2,1-5-3,1-5-4,1-5-6,1-5-7,1-5-8,1-5-9,1-6-2,1-6-3,1-6-4,1-6-5,1-6-7,1-6-8,1-6-9,1-7-2,1-7-3,1-7-4,1-7-5,1-7-6,1-7-8,1-7-9,1-8-2,1-8-3,1-8-4,1-8-5,1-8-6,1-8-7,1-8-9,1-9-2,1-9-3,1-9-4,1-9-5,1-9-6,1-9-7,1-9-8,2-1-3,2-1-4,2-1-5,2-1-6,2-1-7,2-1-8,2-1-9,2-3-1,2-3-4,2-3-5,2-3-6,2-3-7,2-3-8,2-3-9,2-4-1,2-4-3,2-4-5,2-4-6,2-4-7,2-4-8,2-4-9,2-5-1,2-5-3,2-5-4,2-5-6,2-5-7,2-5-8,2-5-9,2-6-1,2-6-3,2-6-4,2-6-5,2-6-7,2-6-8,2-6-9,2-7-1,2-7-3,2-7-4,2-7-5,2-7-6,2-7-8,2-7-9,2-8-1,2-8-3,2-8-4,2-8-5,2-8-6,2-8-7,2-8-9,2-9-1,2-9-3,2-9-4,2-9-5,2-9-6,2-9-7,2-9-8,3-1-2,3-1-4,3-1-5,3-1-6,3-1-7,3-1-8,3-1-9,3-2-1,3-2-4,3-2-5,3-2-6,3-2-7,3-2-8,3-2-9,3-4-1,3-4-2,3-4-5,3-4-6,3-4-7,3-4-8,3-4-9,3-5-1,3-5-2,3-5-4,3-5-6,3-5-7,3-5-8,3-5-9,3-6-1,3-6-2,3-6-4,3-6-5,3-6-7,3-6-8,3-6-9,3-7-1,3-7-2,3-7-4,3-7-5,3-7-6,3-7-8,3-7-9,3-8-1,3-8-2,3-8-4,3-8-5,3-8-6,3-8-7,3-8-9,3-9-1,3-9-2,3-9-4,3-9-5,3-9-6,3-9-7,3-9-8,4-1-2,4-1-3,4-1-5,4-1-6,4-1-7,4-1-8,4-1-9,4-2-1,4-2-3,4-2-5,4-2-6,4-2-7,4-2-8,4-2-9,4-3-1,4-3-2,4-3-5,4-3-6,4-3-7,4-3-8,4-3-9,4-5-1,4-5-2,4-5-3,4-5-6,4-5-7,4-5-8,4-5-9,4-6-1,4-6-2,4-6-3,4-6-5,4-6-7,4-6-8,4-6-9,4-7-1,4-7-2,4-7-3,4-7-5,4-7-6,4-7-8,4-7-9,4-8-1,4-8-2,4-8-3,4-8-5,4-8-6,4-8-7,4-8-9,4-9-1,4-9-2,4-9-3,4-9-5,4-9-6,4-9-7,4-9-8,5-1-2,5-1-3,5-1-4,5-1-6,5-1-7,5-1-8,5-1-9,5-2-1,5-2-3,5-2-4,5-2-6,5-2-7,5-2-8,5-2-9,5-3-1,5-3-2,5-3-4,5-3-6,5-3-7,5-3-8,5-3-9,5-4-1,5-4-2,5-4-3,5-4-6,5-4-7,5-4-8,5-4-9,5-6-1,5-6-2,5-6-3,5-6-4,5-6-7,5-6-8,5-6-9,5-7-1,5-7-2,5-7-3,5-7-4,5-7-6,5-7-8,5-7-9,5-8-1,5-8-2,5-8-3,5-8-4,5-8-6,5-8-7,5-8-9,5-9-1,5-9-2,5-9-3,5-9-4,5-9-6,5-9-7,5-9-8,6-1-2,6-1-3,6-1-4,6-1-5,6-1-7,6-1-8,6-1-9,6-2-1,6-2-3,6-2-4,6-2-5,6-2-7,6-2-8,6-2-9,6-3-1,6-3-2,6-3-4,6-3-5,6-3-7,6-3-8,6-3-9,6-4-1,6-4-2,6-4-3,6-4-5,6-4-7,6-4-8,6-4-9,6-5-1,6-5-2,6-5-3,6-5-4,6-5-7,6-5-8,6-5-9,6-7-1,6-7-2,6-7-3,6-7-4,6-7-5,6-7-8,6-7-9,6-8-1,6-8-2,6-8-3,6-8-4,6-8-5,6-8-7,6-8-9,6-9-1,6-9-2,6-9-3,6-9-4,6-9-5,6-9-7,6-9-8,7-1-2,7-1-3,7-1-4,7-1-5,7-1-6,7-1-8,7-1-9,7-2-1,7-2-3,7-2-4,7-2-5,7-2-6,7-2-8,7-2-9,7-3-1,7-3-2,7-3-4,7-3-5,7-3-6,7-3-8,7-3-9,7-4-1,7-4-2,7-4-3,7-4-5,7-4-6,7-4-8,7-4-9,7-5-1,7-5-2,7-5-3,7-5-4,7-5-6,7-5-8,7-5-9,7-6-1,7-6-2,7-6-3,7-6-4,7-6-5,7-6-8,7-6-9,7-8-1,7-8-2,7-8-3,7-8-4,7-8-5,7-8-6,7-8-9,7-9-1,7-9-2,7-9-3,7-9-4,7-9-5,7-9-6,7-9-8,8-1-2,8-1-3,8-1-4,8-1-5,8-1-6,8-1-7,8-1-9,8-2-1,8-2-3,8-2-4,8-2-5,8-2-6,8-2-7,8-2-9,8-3-1,8-3-2,8-3-4,8-3-5,8-3-6,8-3-7,8-3-9,8-4-1,8-4-2,8-4-3,8-4-5,8-4-6,8-4-7,8-4-9,8-5-1,8-5-2,8-5-3,8-5-4,8-5-6,8-5-7,8-5-9,8-6-1,8-6-2,8-6-3,8-6-4,8-6-5,8-6-7,8-6-9,8-7-1,8-7-2,8-7-3,8-7-4,8-7-5,8-7-6,8-7-9,8-9-1,8-9-2,8-9-3,8-9-4,8-9-5,8-9-6,8-9-7,9-1-2,9-1-3,9-1-4,9-1-5,9-1-6,9-1-7,9-1-8,9-2-1,9-2-3,9-2-4,9-2-5,9-2-6,9-2-7,9-2-8,9-3-1,9-3-2,9-3-4,9-3-5,9-3-6,9-3-7,9-3-8,9-4-1,9-4-2,9-4-3,9-4-5,9-4-6,9-4-7,9-4-8,9-5-1,9-5-2,9-5-3,9-5-4,9-5-6,9-5-7,9-5-8,9-6-1,9-6-2,9-6-3,9-6-4,9-6-5,9-6-7,9-6-8,9-7-1,9-7-2,9-7-3,9-7-4,9-7-5,9-7-6,9-7-8,9-8-1,9-8-2,9-8-3,9-8-4,9-8-5,9-8-6,9-8-7
20260915_青森_1R,20260915,12,青森,1,9.1,3.9,37.7,132.3,78.7,,,22.5,38.8,126.2,466.2,431.4,,,7.9,23.9,66.4,274.6,177.9,,,142.4,238.8,204.3,1287.1,1171.0,,,714.4,1605.6,1153.6,2938.5,2049.2,,,297.2,731.1,572.5,1557.4,1790.1,,,,,,,,,,,,,,,,,11.1,5.8,45.8,164.8,101.1,,,24.6,51.0,195.4,721.0,546.4,,,13.7,44.8,156.6,526.1,309.6,,,173.8,346.0,325.8,1589.2,1245.9,,,763.4,1922.7,1876.4,3460.9,2639.7,,,395.2,1198.0,832.8,1832.2,2553.1,,,,,,,,,,,,,,,,,161.2,292.2,659.9,2104.6,1946.7,,,199.9,353.1,855.7,2472.1,2595.7,,,533.3,519.1,701.5,3798.6,3313.6,,,1996.7,2553.1,2995.0,8652.4,8652.4,,,4209.2,7416.3,8652.4,9999.9,9999.9,,,3893.5,4866.9,4326.2,9733.9,9733.9,,,,,,,,,,,,,,,,,49.0,100.7,329.2,1031.4,620.4,,,59.2,182.3,542.6,1542.0,865.2,,,360.5,400.3,1226.3,4719.5,2257.1,,,1276.5,1469.2,2193.5,5768.2,4098.5,,,3798.6,4866.9,7787.1,9733.9,7079.2,,,2324.5,2324.5,3798.6,5370.4,6771.4,,,,,,,,,,,,,,,,,1145.1,2396.0,1971.4,9999.9,3798.6,,,1162.2,2257.1,2359.7,9999.9,2433.4,,,2781.1,2359.7,4719.5,9999.9,9999.9,,,2595.7,3178.4,5191.4,9999.9,9733.9,,,9999.9,9999.9,9999.9,9999.9,7079.2,,,9733.9,4209.2,9999.9,8197.0,8197.0,,,,,,,,,,,,,,,,,3798.6,6229.7,6229.7,9999.9,9733.9,,,5023.9,9733.9,5562.2,9999.9,9999.9,,,8197.0,9733.9,7079.2,9999.9,9999.9,,,9733.9,9161.3,9999.9,9999.9,8652.4,,,9999.9,9999.9,9999.9,9999.9,9161.3,,,7416.3,9999.9,9999.9,9161.3,9999.9,,,,,,,,,,,,,,,,,905.4,3178.4,1455.5,5768.2,6771.4,,,1112.4,3313.6,2359.7,3114.8,9999.9,,,3539.6,5562.2,4449.8,9999.9,9999.9,,,3178.4,3244.6,5191.4,5370.4,7416.3,,,9733.9,9999.9,9999.9,5990.1,9999.9,,,6771.4,9999.9,9999.9,8197.0,6229.7,,,,,,,,,,,,,,,,,,,,,,,,,,,,,,,,,,,,,,,,,,,,,,,,,,,,,,,,,,,,,,,,,,,,,,,,,,,,,,,,,,,,,,,,,,,,,,,,,,,,,,,,,,,,,,,,,,,,,,,,,,,,,,,,
20260915_青森_2R,20260915,12,青森,2,3.6,3.2,11.3,33.0,155.8,,,8.2,20.3,36.2,102.9,328.5,,,8.2,21.3,31.4,103.8,304.2,,,24.2,49.9,41.6,189.1,495.4,,,83.3,187.5,143.2,310.1,840.3,,,458.8,1006.4,912.6,1152.2,1299.1,,,,,,,,,,,,,,,,,100.0,110.6,300.9,551.1,893.4,,,287.4,609.1,2195.1,2926.9,6882.1,,,347.3,735.9,1831.9,2652.5,5417.8,,,971.9,3183.0,2861.1,5305.0,7275.4,,,1591.5,4315.9,4629.8,9999.9,9999.9,,,3586.4,9999.9,8488.0,9999.9,9999.9,,,,,,,,,,,,,,,,,305.6,599.1,1236.1,2070.2,3800.6,,,457.1,1157.4,4244.0,4467.3,9431.1,,,943.1,1224.2,4107.1,6882.1,9999.9,,,3105.3,6529.2,5535.6,9999.9,9999.9,,,5305.0,6210.7,9999.9,9999.9,6529.2,,,9999.9,9999.9,9999.9,9999.9,9999.9,,,,,,,,,,,,,,,,,446.7,721.3,1414.6,2995.7,6210.7,,,639.8,1230.1,3917.5,5092.8,9999.9,,,1107.1,1543.2,4244.0,9094.3,9999.9,,,3223.3,5921.8,6882.1,9431.1,7073.3,,,6529.2,7489.4,9094.3,9999.9,9999.9,,,9999.9,9999.9,9999.9,9999.9,9431.1,,,,,,,,,,,,,,,,,1708.9,2273.5,2357.7,6366.0,6882.1,,,2087.2,7073.3,7073.3,9999.9,9999.9,,,3264.6,4315.9,7957.5,9999.9,9999.9,,,3744.7,9431.1,8488.0,9999.9,9999.9,,,9999.9,9999.9,9999.9,9999.9,9999.9,,,9999.9,9999.9,9999.9,9999.9,9999.9,,,,,,,,,,,,,,,,,2680.4,5305.0,7073.3,9999.9,9999.9,,,4992.9,7073.3,7275.4,9999.9,9999.9,,,7275.4,9431.1,9094.3,9999.9,9999.9,,,9793.8,9094.3,9999.9,9999.9,9999.9,,,9999.9,9999.9,9999.9,9999.9,9999.9,,,9999.9,9999.9,9999.9,9999.9,9999.9,,,,,,,,,,,,,,,,,6062.8,9999.9,9999.9,9999.9,9999.9,,,9431.1,9999.9,9999.9,9999.9,9999.9,,,9999.9,9999.9,9999.9,9999.9,9999.9,,,9999.9,9999.9,9999.9,9999.9,9999.9,,,9999.9,9999.9,9999.9,9999.9,9999.9,,,9999.9,9999.9,9999.9,9999.9,9999.9,,,,,,,,,,,,,,,,,,,,,,,,,,,,,,,,,,,,,,,,,,,,,,,,,,,,,,,,,,,,,,,,,,,,,,,,,,,,,,,,,,,,,,,,,,,,,,,,,,,,,,,,,,,,,,,,,,,,,,,,,,,,,,,,
20260915_青森_3R,20260915,12,青森,3,12.5,31.4,95.2,77.7,42.2,,,7.2,17.3,32.3,31.2,5.8,,,116.0,71.2,379.0,331.0,152.9,,,206.4,102.0,315.3,229.6,204.4,,,157.2,85.0,258.7,236.5,172.7,,,108.1,34.4,132.1,181.8,174.7,,,,,,,,,,,,,,,,,19.5,29.3,94.6,85.6,53.8,,,64.8,127.9,327.3,223.3,263.5,,,49.5,102.9,172.8,132.6,255.0,,,300.5,538.2,375.5,410.9,802.8,,,243.2,454.4,341.0,486.2,752.8,,,413.0,648.3,835.6,1378.6,1286.3,,,,,,,,,,,,,,,,,42.0,45.4,140.8,123.4,19.9,,,114.8,243.6,625.9,518.6,307.6,,,378.6,577.2,1625.5,1361.4,1175.3,,,422.6,1134.5,1378.6,1115.1,1296.6,,,372.5,707.2,1188.1,1074.8,1445.7,,,308.2,883.0,1350.1,1805.2,1728.8,,,,,,,,,,,,,,,,,345.3,437.4,1333.6,1138.4,1005.3,,,218.1,401.8,652.1,544.5,1100.1,,,693.7,710.3,2094.5,2700.3,2192.9,,,1856.5,1188.1,2635.0,1992.3,4876.7,,,1011.5,767.0,2317.3,2475.3,3984.6,,,2284.9,3082.4,3984.6,4735.4,4667.7,,,,,,,,,,,,,,,,,221.0,103.1,260.1,275.5,172.8,,,292.7,846.4,435.0,842.1,1710.7,,,190.5,930.8,1439.4,1071.2,1609.5,,,699.6,1040.5,1766.1,1317.5,2081.1,,,176.5,608.4,661.4,777.9,869.0,,,1107.6,2792.6,2420.3,3799.3,1586.1,,,,,,,,,,,,,,,,,163.3,70.9,218.4,186.3,195.3,,,270.2,467.4,380.8,513.7,1166.9,,,131.9,263.5,693.7,309.4,910.1,,,540.0,618.8,1158.6,1219.1,1719.7,,,126.6,304.2,253.4,628.3,779.8,,,1154.5,2192.9,1756.6,2042.1,1692.9,,,,,,,,,,,,,,,,,812.7,413.6,1350.1,1071.2,961.0,,,1067.7,1541.2,2769.0,3476.0,4084.3,,,558.5,1658.6,2943.6,3235.0,3439.4,,,2420.3,3755.6,4475.9,5732.3,5356.4,,,1625.5,4356.5,2997.6,5445.7,2004.5,,,1465.2,4950.6,3755.6,4356.5,1728.8,,,,,,,,,,,,,,,,,,,,,,,,,,,,,,,,,,,,,,,,,,,,,,,,,,,,,,,,,,,,,,,,,,,,,,,,,,,,,,,,,,,,,,,,,,,,,,,,,,,,,,,,,,,,,,,,,,,,,,,,,,,,,,,,
20260915_青森_4R,20260915,12,青森,4,21.9,49.5,154.6,140.9,133.2,,,7.9,16.4,48.1,76.1,70.2,,,104.7,68.1,378.9,325.6,377.9,,,391.7,233.4,614.7,882.6,475.4,,,370.7,265.3,490.7,1019.4,988.1,,,214.6,166.2,361.9,312.6,723.8,,,,,,,,,,,,,,,,,19.9,47.0,209.1,132.3,156.4,,,20.6,39.5,191.8,129.2,262.9,,,66.4,49.0,194.4,130.6,288.0,,,428.9,348.8,391.2,901.9,558.9,,,314.3,277.3,210.8,786.7,919.1,,,284.9,418.9,413.6,451.6,827.2,,,,,,,,,,,,,,,,,11.6,21.8,69.1,85.2,110.8,,,19.1,48.4,164.4,166.4,324.5,,,64.0,94.5,520.7,338.2,695.9,,,351.3,415.3,761.9,1447.6,1096.6,,,249.5,451.6,673.3,1523.8,2227.1,,,348.4,681.2,930.9,924.9,1723.3,,,,,,,,,,,,,,,,,60.3,48.9,330.1,285.5,421.4,,,38.6,28.8,125.2,83.5,241.8,,,44.2,48.6,369.7,171.2,535.1,,,450.2,270.8,485.7,834.3,606.9,,,235.0,123.3,226.9,659.5,885.3,,,514.2,391.7,601.9,508.8,1316.0,,,,,,,,,,,,,,,,,949.2,772.0,1372.1,2160.6,991.5,,,765.9,707.8,523.5,1328.0,702.7,,,746.1,841.6,1264.3,1969.5,1292.5,,,1298.3,667.1,1454.8,1359.2,1064.4,,,1917.3,1983.0,1765.3,1582.1,1122.1,,,515.1,436.0,667.1,626.6,718.4,,,,,,,,,,,,,,,,,320.2,176.2,564.3,1352.9,1754.6,,,292.1,224.9,219.6,795.3,1372.1,,,267.3,402.1,625.3,1269.8,2160.6,,,330.1,162.0,335.0,827.2,1477.1,,,1564.9,1310.0,1844.1,1500.1,1433.2,,,1969.5,1703.0,2038.9,2010.5,1419.2,,,,,,,,,,,,,,,,,297.8,321.6,551.4,493.2,1264.3,,,393.3,616.0,679.6,442.6,1365.6,,,336.6,543.1,998.3,810.9,1744.1,,,859.1,776.2,1117.8,829.5,1765.3,,,310.6,273.6,364.1,472.3,765.9,,,1723.3,1776.2,2010.5,2279.7,1322.0,,,,,,,,,,,,,,,,,,,,,,,,,,,,,,,,,,,,,,,,,,,,,,,,,,,,,,,,,,,,,,,,,,,,,,,,,,,,,,,,,,,,,,,,,,,,,,,,,,,,,,,,,,,,,,,,,,,,,,,,,,,,,,,,
20260915_青森_5R,20260915,12,青森,5,20.6,45.4,33.8,61.8,36.7,,,62.8,182.4,206.9,278.6,216.0,,,152.3,204.1,223.3,284.4,276.6,,,50.8,145.8,167.1,220.9,65.0,,,177.3,322.1,381.1,352.0,400.2,,,76.0,222.0,255.4,57.6,300.4,,,,,,,,,,,,,,,,,26.7,59.8,64.3,73.8,70.7,,,55.9,169.8,281.5,308.4,274.4,,,148.5,230.6,365.1,476.1,621.2,,,113.8,300.7,437.0,470.2,229.2,,,176.6,368.2,612.4,656.1,755.6,,,188.0,354.4,673.5,277.6,719.8,,,,,,,,,,,,,,,,,140.8,227.5,257.2,429.0,369.5,,,167.3,271.4,451.3,491.5,538.6,,,203.0,234.5,272.6,262.7,409.4,,,299.5,418.4,366.4,526.4,315.4,,,427.2,483.7,346.3,562.5,656.1,,,449.3,605.1,553.3,394.5,719.8,,,,,,,,,,,,,,,,,97.0,172.7,119.1,139.4,228.0,,,192.6,265.7,399.1,348.7,530.1,,,180.0,193.2,221.8,211.9,309.3,,,125.9,192.8,235.3,178.2,160.2,,,168.8,210.3,279.7,219.8,414.9,,,302.8,433.9,408.3,206.7,376.4,,,,,,,,,,,,,,,,,38.2,97.6,106.9,173.0,38.8,,,71.5,170.9,254.4,302.8,116.3,,,135.1,176.8,258.7,348.3,106.5,,,168.7,236.5,260.9,355.7,150.7,,,264.3,343.6,333.4,405.5,182.9,,,20.4,37.0,30.9,55.8,76.3,,,,,,,,,,,,,,,,,142.6,306.2,353.6,263.9,448.7,,,248.1,399.1,506.2,365.1,750.0,,,232.6,297.2,234.9,321.4,525.5,,,337.5,373.6,279.7,398.6,532.0,,,192.6,231.8,264.1,345.9,209.5,,,402.8,511.4,502.9,477.6,241.8,,,,,,,,,,,,,,,,,83.3,335.6,305.6,54.6,336.0,,,133.1,481.4,563.5,125.0,647.7,,,370.9,642.2,558.4,250.6,748.2,,,437.7,675.0,605.1,234.3,627.6,,,35.7,56.9,75.2,105.6,85.1,,,434.5,649.0,676.5,597.9,196.1,,,,,,,,,,,,,,,,,,,,,,,,,,,,,,,,,,,,,,,,,,,,,,,,,,,,,,,,,,,,,,,,,,,,,,,,,,,,,,,,,,,,,,,,,,,,,,,,,,,,,,,,,,,,,,,,,,,,,,,,,,,,,,,,
20260915_青森_6R,20260915,12,青森,6,2.4,24.6,71.2,28.5,64.2,,,14.6,137.1,271.7,106.9,325.2,,,118.5,198.0,517.2,448.3,767.0,,,360.1,655.6,807.7,1225.2,1308.4,,,198.3,281.2,385.5,1332.5,1784.9,,,337.0,717.5,1018.1,1142.9,1268.2,,,,,,,,,,,,,,,,,2.6,26.0,58.6,30.4,66.4,,,41.8,210.7,367.8,142.3,309.9,,,98.3,154.7,279.3,352.2,347.9,,,274.8,394.4,591.3,790.0,845.5,,,299.6,414.8,713.9,1087.0,1138.4,,,219.5,231.1,308.2,371.1,651.2,,,,,,,,,,,,,,,,,94.9,411.3,773.1,472.4,951.1,,,129.1,674.0,1251.7,715.7,1410.5,,,1156.6,1351.2,3076.1,2920.8,3362.3,,,2294.9,3012.1,3212.9,4190.7,4130.8,,,1273.8,1633.6,2862.9,3012.1,4518.1,,,2981.0,2110.6,3804.7,5354.8,5669.8,,,,,,,,,,,,,,,,,261.4,472.4,1180.2,767.0,1521.9,,,284.8,623.1,1029.0,1235.7,1363.9,,,976.9,1070.9,2294.9,2389.7,2862.9,,,1383.5,1671.4,1914.9,2095.3,1180.2,,,2141.9,1538.0,2891.6,3249.0,3855.5,,,2008.0,1763.1,2471.4,1580.1,3212.9,,,,,,,,,,,,,,,,,993.6,1513.9,2331.9,2862.9,2891.6,,,1194.8,2581.8,2241.5,2492.7,2862.9,,,3076.1,2981.0,4315.8,5257.5,6884.8,,,2141.9,2981.0,3076.1,3907.6,2110.6,,,4315.8,5073.0,6884.8,5073.0,5073.0,,,2981.0,3855.5,5669.8,2008.0,4072.7,,,,,,,,,,,,,,,,,1043.9,1204.8,2981.0,3961.1,5560.8,,,1087.0,2110.6,3285.9,4819.3,5901.2,,,1774.0,2492.7,4016.1,7414.4,5783.2,,,3109.2,3076.1,4985.5,5560.8,7052.7,,,5073.0,4663.9,7052.7,5783.2,6884.8,,,6425.8,7229.0,9999.9,7052.7,7052.7,,,,,,,,,,,,,,,,,713.9,1460.4,2224.3,2492.7,3076.1,,,593.7,1302.5,1314.3,1642.9,2141.9,,,2065.4,3483.8,3401.9,4663.9,5354.8,,,3043.8,2652.8,3569.9,2389.7,4072.7,,,3401.9,4130.8,3569.9,2331.9,4448.6,,,5257.5,5560.8,7229.0,5901.2,5560.8,,,,,,,,,,,,,,,,,,,,,,,,,,,,,,,,,,,,,,,,,,,,,,,,,,,,,,,,,,,,,,,,,,,,,,,,,,,,,,,,,,,,,,,,,,,,,,,,,,,,,,,,,,,,,,,,,,,,,,,,,,,,,,,,
20260915_青森_7R,20260915,12,青森,7,123.4,28.0,137.6,109.8,220.2,,,176.0,123.6,137.6,231.1,565.8,,,9.7,35.6,41.8,30.2,61.4,,,216.3,188.9,151.0,293.4,594.2,,,128.1,216.8,75.9,267.9,111.8,,,422.3,779.6,263.3,653.3,190.2,,,,,,,,,,,,,,,,,139.6,40.1,167.9,180.8,377.4,,,120.8,111.8,83.1,262.7,522.4,,,24.8,85.7,93.9,157.5,334.3,,,233.5,140.2,203.8,316.1,636.9,,,209.6,300.9,180.2,311.1,255.4,,,650.9,1101.7,659.4,958.8,398.6,,,,,,,,,,,,,,,,,248.7,184.8,157.6,266.5,646.1,,,240.5,193.3,112.5,283.5,746.8,,,207.4,214.3,192.7,461.3,1133.4,,,90.2,51.7,70.7,73.4,242.9,,,254.3,321.0,422.3,172.2,476.8,,,1182.5,1223.3,1612.5,695.6,691.5,,,,,,,,,,,,,,,,,12.8,44.6,49.6,51.2,108.1,,,22.5,116.9,119.5,176.0,439.0,,,127.3,216.0,251.7,553.4,1231.8,,,171.5,281.7,340.1,468.0,951.1,,,159.2,239.2,631.2,498.9,455.4,,,355.1,648.5,1665.5,1231.8,660.6,,,,,,,,,,,,,,,,,383.9,236.0,341.1,359.7,740.6,,,375.0,152.4,289.8,369.5,867.3,,,124.0,81.9,131.9,124.3,302.4,,,355.4,411.0,350.5,477.4,1091.5,,,366.8,405.4,239.3,495.4,330.9,,,836.7,1133.4,673.1,1338.7,437.9,,,,,,,,,,,,,,,,,149.4,249.4,135.9,252.3,99.0,,,88.6,159.9,99.9,220.6,119.3,,,299.8,329.7,494.0,243.8,364.2,,,148.6,160.3,461.3,430.0,180.0,,,278.0,316.7,253.9,430.0,280.2,,,55.3,73.9,161.8,81.3,156.0,,,,,,,,,,,,,,,,,838.6,1186.4,442.8,1081.5,317.8,,,884.6,1472.0,1088.2,1478.1,520.1,,,1364.4,1730.5,2086.8,1062.1,811.8,,,579.6,1094.9,2050.6,1598.0,577.7,,,1318.8,1496.8,1037.3,1619.9,560.4,,,142.5,173.9,404.5,164.7,292.2,,,,,,,,,,,,,,,,,,,,,,,,,,,,,,,,,,,,,,,,,,,,,,,,,,,,,,,,,,,,,,,,,,,,,,,,,,,,,,,,,,,,,,,,,,,,,,,,,,,,,,,,,,,,,,,,,,,,,,,,,,,,,,,,
20260915_青森_8R,20260915,12,青森,8,64.5,83.1,273.6,121.5,144.0,,,134.2,191.3,418.6,290.7,354.7,,,44.2,70.2,107.2,30.0,63.9,,,544.8,539.8,341.8,481.7,326.2,,,188.0,219.5,91.0,338.3,235.1,,,201.6,331.7,149.2,197.8,280.9,,,,,,,,,,,,,,,,,21.0,42.8,165.9,54.7,91.2,,,7.8,28.9,27.1,65.5,24.6,,,50.7,80.5,243.6,380.3,171.8,,,260.5,158.9,368.2,641.4,129.7,,,446.3,458.8,875.1,1052.7,875.1,,,107.2,63.5,136.7,84.2,406.2,,,,,,,,,,,,,,,,,132.8,366.7,521.7,505.5,445.1,,,37.0,75.1,59.1,197.8,55.2,,,493.7,279.8,920.1,1503.9,790.1,,,639.1,300.2,986.0,1431.7,420.1,,,1360.9,951.9,2324.2,1966.6,2156.2,,,423.0,157.3,579.1,328.0,1282.9,,,,,,,,,,,,,,,,,46.5,72.1,91.2,38.7,66.7,,,90.7,134.3,429.1,699.0,272.1,,,282.0,252.2,802.5,1234.2,677.9,,,407.2,860.4,1125.5,1503.9,596.5,,,359.0,1657.1,1576.8,2069.0,1729.1,,,165.1,322.1,586.7,310.7,1049.6,,,,,,,,,,,,,,,,,811.6,747.2,674.0,1118.5,372.4,,,443.5,296.5,590.6,994.2,204.4,,,602.5,386.5,957.0,1729.1,324.5,,,881.6,1414.7,1345.6,2840.7,700.4,,,2117.9,2818.4,2774.7,3509.2,1398.1,,,156.0,143.9,144.9,258.2,423.5,,,,,,,,,,,,,,,,,920.1,986.0,620.3,1536.2,1536.2,,,1217.4,1556.2,2294.4,2958.1,2169.3,,,2143.3,2022.2,2651.4,3345.2,2556.7,,,922.5,2209.5,2818.4,3441.7,2863.5,,,2933.9,3728.5,3615.5,3977.1,2732.3,,,2143.3,2434.9,2886.6,3224.6,2796.3,,,,,,,,,,,,,,,,,123.1,167.1,107.8,113.6,182.4,,,76.5,51.2,93.8,70.1,343.1,,,146.8,71.9,167.7,91.7,519.5,,,121.6,185.4,334.5,212.6,763.1,,,30.7,44.8,34.1,91.7,219.5,,,838.2,983.3,1115.0,1251.5,836.3,,,,,,,,,,,,,,,,,,,,,,,,,,,,,,,,,,,,,,,,,,,,,,,,,,,,,,,,,,,,,,,,,,,,,,,,,,,,,,,,,,,,,,,,,,,,,,,,,,,,,,,,,,,,,,,,,,,,,,,,,,,,,,,,
20260915_青森_9R,20260915,12,青森,9,19.3,43.1,12.5,50.7,18.8,,,6.3,26.3,13.3,39.4,61.7,,,79.8,83.7,124.2,78.2,218.9,,,21.2,40.4,94.0,106.2,102.1,,,141.1,159.5,138.2,268.1,258.4,,,159.1,241.2,355.1,248.3,261.9,,,,,,,,,,,,,,,,,61.9,113.5,43.0,180.2,41.3,,,124.5,414.6,188.8,511.8,250.4,,,169.4,406.7,172.8,305.9,188.8,,,40.5,101.1,140.8,195.5,35.1,,,402.9,793.4,455.6,428.8,324.9,,,91.3,203.8,155.9,54.0,204.0,,,,,,,,,,,,,,,,,24.7,57.9,33.4,121.4,192.2,,,101.7,465.0,224.9,590.8,482.4,,,207.7,697.5,917.8,851.1,1603.3,,,142.5,276.4,801.6,1100.8,947.0,,,552.8,1254.5,1129.8,1748.4,2313.8,,,836.3,1318.8,2430.2,1971.5,2610.9,,,,,,,,,,,,,,,,,188.2,148.4,419.1,173.3,637.6,,,230.4,312.6,402.5,209.2,400.4,,,263.5,630.3,1014.2,644.0,1474.8,,,644.0,670.8,1050.0,769.7,1469.2,,,151.5,161.7,235.3,521.4,532.2,,,1441.8,1178.0,1866.7,1139.8,1410.2,,,,,,,,,,,,,,,,,116.4,143.8,374.4,603.7,405.0,,,94.4,200.9,342.5,455.1,126.9,,,233.7,420.0,1207.5,2111.5,1400.0,,,779.0,856.7,1355.8,1318.8,2023.1,,,1410.2,1420.6,3018.8,1680.0,2525.5,,,1150.0,539.6,1840.0,1922.4,2146.7,,,,,,,,,,,,,,,,,1097.7,970.8,743.1,1583.6,2370.6,,,1314.3,1630.4,937.9,1564.4,1491.9,,,1254.5,2100.0,1558.1,3903.1,3645.4,,,484.8,462.7,696.2,1076.3,1033.1,,,1857.7,2341.9,3715.5,2066.3,3512.8,,,2972.4,2779.9,3983.6,2525.5,2012.5,,,,,,,,,,,,,,,,,1100.8,1740.6,2445.6,1539.5,2995.4,,,917.8,1355.8,1380.0,532.9,1694.8,,,1903.5,2195.5,4493.2,3680.1,4546.0,,,3577.9,2820.5,4600.1,2646.6,3274.7,,,2044.5,827.4,2995.4,2576.1,4025.1,,,4341.7,3389.6,4770.5,3577.9,4830.1,,,,,,,,,,,,,,,,,,,,,,,,,,,,,,,,,,,,,,,,,,,,,,,,,,,,,,,,,,,,,,,,,,,,,,,,,,,,,,,,,,,,,,,,,,,,,,,,,,,,,,,,,,,,,,,,,,,,,,,,,,,,,,,,
20260915_いわき平_1R,20260915,13,いわき平,1,1012.9,338.7,267.2,1298.6,432.8,,,2979.1,1387.5,524.8,2979.1,983.4,,,187.5,366.9,133.4,613.8,137.2,,,334.2,533.1,280.5,460.4,357.9,,,2302.0,4403.9,1716.8,559.6,2597.2,,,413.4,675.2,327.8,332.1,1250.5,,,,,,,,,,,,,,,,,489.3,92.2,102.9,382.2,150.9,,,486.9,290.2,201.7,363.0,84.4,,,68.8,288.5,73.1,245.8,73.9,,,34.0,74.8,26.8,12.6,15.0,,,625.2,572.2,327.8,113.9,232.8,,,55.1,27.7,46.1,27.5,78.3,,,,,,,,,,,,,,,,,2737.6,1841.6,454.2,2532.2,773.2,,,1688.1,1332.7,522.1,1055.1,192.5,,,1426.6,1350.5,1841.6,2894.0,471.1,,,578.8,629.1,2355.6,1023.1,383.6,,,2532.2,1947.9,3895.8,1808.7,844.0,,,229.6,89.0,209.2,119.0,218.3,,,,,,,,,,,,,,,,,89.3,235.5,72.5,279.8,77.9,,,138.5,379.3,108.9,337.6,156.3,,,844.0,810.3,708.3,1688.1,416.8,,,111.0,69.5,382.2,153.7,171.1,,,480.0,739.3,2067.1,733.9,1164.2,,,140.4,154.1,160.5,197.8,456.2,,,,,,,,,,,,,,,,,238.3,454.2,266.5,365.6,281.3,,,60.9,93.8,61.9,23.3,33.0,,,454.2,405.1,1489.5,684.4,355.4,,,192.9,112.7,491.7,239.4,267.2,,,303.2,87.5,544.5,477.7,204.6,,,145.1,60.7,164.4,280.5,150.9,,,,,,,,,,,,,,,,,4051.6,4823.3,4220.4,645.1,3376.3,,,3376.3,3069.4,1660.5,582.1,1235.2,,,4403.9,3751.5,6752.7,3617.5,2597.2,,,3492.8,1660.5,5627.2,1911.1,2532.2,,,582.1,460.4,2302.0,1716.8,920.8,,,3165.3,1100.9,1633.7,1986.1,1138.1,,,,,,,,,,,,,,,,,209.2,244.6,169.9,150.2,572.2,,,79.9,30.4,112.2,30.8,104.1,,,92.6,30.0,64.2,35.5,92.0,,,125.5,136.1,115.8,161.5,432.8,,,118.7,33.8,65.3,174.9,117.7,,,1002.8,401.9,389.5,1012.9,380.7,,,,,,,,,,,,,,,,,,,,,,,,,,,,,,,,,,,,,,,,,,,,,,,,,,,,,,,,,,,,,,,,,,,,,,,,,,,,,,,,,,,,,,,,,,,,,,,,,,,,,,,,,,,,,,,,,,,,,,,,,,,,,,,,
20260915_いわき平_2R,20260915,13,いわき平,2,1132.1,921.4,489.1,1299.1,1100.6,,,428.3,183.4,145.6,1042.7,262.4,,,495.3,248.4,223.2,834.1,233.7,,,447.7,260.6,324.7,514.6,379.1,,,2264.2,4402.7,2641.6,604.9,2830.3,,,215.3,215.3,152.1,163.0,628.9,,,,,,,,,,,,,,,,,1686.1,1219.2,531.8,1842.9,1440.8,,,1440.8,384.7,733.7,1440.8,2476.5,,,419.3,258.1,384.7,210.2,800.4,,,535.4,784.6,852.1,1842.9,1584.9,,,2085.4,1495.2,531.8,2830.3,1722.7,,,2264.2,3302.0,1722.7,1981.2,1617.3,,,,,,,,,,,,,,,,,412.7,94.3,84.4,695.1,240.8,,,350.6,101.3,171.9,394.2,776.9,,,17.2,20.1,6.3,81.1,40.0,,,31.2,47.7,6.5,126.3,75.8,,,1584.9,943.4,628.9,1029.2,1981.2,,,433.0,861.3,319.5,358.5,910.9,,,,,,,,,,,,,,,,,231.7,87.2,93.1,468.9,94.1,,,155.0,54.0,87.0,53.0,297.9,,,21.7,31.1,5.9,105.6,49.2,,,95.1,95.7,19.9,210.2,167.1,,,649.5,279.0,582.7,466.1,1200.7,,,370.3,784.6,361.8,412.7,966.4,,,,,,,,,,,,,,,,,492.2,233.0,332.9,582.7,423.7,,,433.0,341.5,471.7,2264.2,1651.0,,,104.1,144.6,36.5,455.4,222.6,,,215.9,338.6,56.3,921.4,517.9,,,671.5,4170.9,1495.2,2556.4,3048.0,,,368.5,2201.3,792.4,1366.3,2401.4,,,,,,,,,,,,,,,,,2476.5,4953.0,5283.2,677.3,5283.2,,,2401.4,2641.6,843.0,7204.4,2264.2,,,5660.6,3048.0,2476.5,5283.2,6604.0,,,3602.2,900.5,2401.4,3962.4,3773.7,,,713.9,9906.0,5283.2,7924.8,3302.0,,,4661.6,2641.6,6604.0,4661.6,4402.7,,,,,,,,,,,,,,,,,1116.1,727.0,609.6,430.6,1553.8,,,2201.3,1981.2,2085.4,2732.7,2830.3,,,943.4,2641.6,1278.2,843.0,4402.7,,,990.6,1722.7,1257.9,1686.1,4170.9,,,566.0,3048.0,1278.2,2264.2,3048.0,,,2935.1,2732.7,3962.4,3962.4,3602.2,,,,,,,,,,,,,,,,,,,,,,,,,,,,,,,,,,,,,,,,,,,,,,,,,,,,,,,,,,,,,,,,,,,,,,,,,,,,,,,,,,,,,,,,,,,,,,,,,,,,,,,,,,,,,,,,,,,,,,,,,,,,,,,,
20260915_いわき平_3R,20260915,13,いわき平,3,1922.8,2706.2,1082.4,4871.1,1897.8,,,3247.4,1304.7,757.1,3845.6,1554.6,,,1782.1,974.2,712.8,3109.2,1897.8,,,640.9,370.9,488.7,1074.5,667.2,,,6642.5,4714.0,5412.4,1679.7,7691.3,,,1948.4,3398.4,2357.0,1378.6,7306.7,,,,,,,,,,,,,,,,,1293.2,1217.7,679.6,2922.7,769.1,,,611.4,89.5,259.1,961.4,171.5,,,350.4,92.3,173.9,738.0,105.5,,,527.5,369.0,303.8,1353.1,344.6,,,2982.3,3176.8,2982.3,3845.6,1739.7,,,225.5,107.7,87.1,161.1,423.5,,,,,,,,,,,,,,,,,1090.5,250.6,463.9,1849.8,930.7,,,547.3,61.3,201.2,798.5,184.9,,,54.8,15.8,6.2,66.9,16.1,,,204.6,171.9,21.5,727.0,206.9,,,2810.2,2087.6,502.1,2087.6,2519.5,,,702.5,272.6,129.4,338.2,1197.8,,,,,,,,,,,,,,,,,579.9,321.8,285.9,1522.2,606.3,,,347.9,55.4,112.1,667.2,90.7,,,51.6,12.8,5.3,89.1,16.1,,,89.1,100.6,25.7,619.2,133.8,,,913.3,2476.8,699.2,2248.2,2395.6,,,480.7,138.2,117.6,230.8,1051.3,,,,,,,,,,,,,,,,,256.8,115.1,91.7,459.5,295.2,,,459.5,276.7,240.7,1804.1,316.9,,,111.1,183.1,19.3,682.8,211.7,,,67.6,120.2,20.7,712.8,142.7,,,1641.9,3398.4,1922.8,2117.9,2657.0,,,451.0,415.1,404.8,356.4,1679.7,,,,,,,,,,,,,,,,,6088.9,6353.7,8118.6,2248.2,9742.3,,,5620.5,6958.8,6088.9,7691.3,5039.1,,,4175.2,5845.4,1739.7,3845.6,5219.1,,,7306.7,4298.0,1922.8,3747.0,6088.9,,,2149.0,8596.1,5039.1,6642.5,6958.8,,,9133.4,5845.4,2922.7,6088.9,8118.6,,,,,,,,,,,,,,,,,825.6,2609.5,2058.2,1378.6,1719.2,,,368.0,219.0,218.4,317.6,543.2,,,1281.8,445.5,355.5,794.2,1826.6,,,994.1,308.3,312.9,624.5,1826.6,,,974.2,652.3,835.0,844.7,3176.8,,,2214.1,1238.4,4428.3,5412.4,5845.4,,,,,,,,,,,,,,,,,,,,,,,,,,,,,,,,,,,,,,,,,,,,,,,,,,,,,,,,,,,,,,,,,,,,,,,,,,,,,,,,,,,,,,,,,,,,,,,,,,,,,,,,,,,,,,,,,,,,,,,,,,,,,,,,
20260915_いわき平_4R,20260915,13,いわき平,4,2602.8,787.1,1169.3,2123.3,532.5,,,4890.1,3227.5,2408.5,5763.4,2831.1,,,318.9,794.9,202.4,1014.9,113.7,,,906.6,960.5,502.7,2095.7,214.3,,,3433.5,9999.9,3361.9,3103.3,3103.3,,,190.0,412.7,100.1,89.4,560.3,,,,,,,,,,,,,,,,,3842.2,761.2,1241.3,1898.5,550.7,,,5042.9,5976.8,4610.7,5205.6,3361.9,,,648.0,3586.1,1428.0,2095.7,954.8,,,1152.6,1428.0,1280.7,1630.0,466.4,,,1566.7,2782.3,1536.9,1367.5,901.5,,,236.9,853.8,395.5,221.3,582.5,,,,,,,,,,,,,,,,,6455.0,3508.1,3752.9,8068.7,3433.5,,,6723.9,8965.2,2068.9,8493.4,5763.4,,,5763.4,9999.9,5379.1,9999.9,5205.6,,,3227.5,3508.1,2735.1,6723.9,608.9,,,9999.9,9999.9,9999.9,9999.9,9999.9,,,3103.3,1967.9,3103.3,593.2,6455.0,,,,,,,,,,,,,,,,,410.6,1204.2,326.6,1250.9,197.0,,,972.1,3361.9,1921.1,2602.8,1367.5,,,4246.7,7684.5,3164.2,6206.7,3752.9,,,858.3,2017.1,1754.0,3293.3,635.3,,,1367.5,4137.8,6455.0,5379.1,5379.1,,,283.1,757.6,1403.2,418.0,2017.1,,,,,,,,,,,,,,,,,840.4,775.8,529.0,1680.9,202.9,,,966.3,783.3,1280.7,2241.3,422.4,,,1160.9,1379.2,1415.5,3433.5,320.8,,,901.5,1992.2,1597.7,3508.1,476.0,,,5042.9,4246.7,4890.1,4890.1,1597.7,,,44.9,96.8,54.4,90.9,252.5,,,,,,,,,,,,,,,,,4610.7,9999.9,5205.6,5042.9,5205.6,,,3044.8,4482.6,3667.6,2561.5,2068.9,,,9999.9,9999.9,9999.9,9492.6,9999.9,,,9999.9,6723.9,9999.9,9999.9,9999.9,,,4361.4,6455.0,7016.3,4482.6,4361.4,,,3508.1,2445.0,9999.9,5564.6,2521.4,,,,,,,,,,,,,,,,,35.8,81.5,12.0,16.9,149.8,,,44.9,167.5,65.0,41.6,99.9,,,320.1,556.4,423.5,98.3,949.2,,,26.1,75.3,197.0,50.0,250.9,,,3.5,13.8,4.3,8.3,83.7,,,411.6,289.2,1160.9,532.5,405.4,,,,,,,,,,,,,,,,,,,,,,,,,,,,,,,,,,,,,,,,,,,,,,,,,,,,,,,,,,,,,,,,,,,,,,,,,,,,,,,,,,,,,,,,,,,,,,,,,,,,,,,,,,,,,,,,,,,,,,,,,,,,,,,,
20260915_いわき平_5R,20260915,13,いわき平,5,1747.9,484.6,1102.7,1226.1,1507.3,,,4440.6,7143.7,1825.6,5665.7,6846.0,,,562.6,4832.5,1467.0,1747.9,1693.8,,,1785.9,2282.0,1867.1,2003.7,2161.9,,,3286.1,9999.9,2650.0,2190.7,3423.0,,,2882.5,8647.6,2416.2,2079.8,5476.8,,,,,,,,,,,,,,,,,531.7,27.4,146.5,152.1,154.2,,,1053.2,336.0,1467.0,1480.2,1711.5,,,11.3,116.1,17.0,8.7,10.2,,,147.7,928.2,50.5,233.3,241.2,,,110.3,484.6,31.3,150.4,89.7,,,108.8,432.3,32.7,149.7,88.0,,,,,,,,,,,,,,,,,8647.6,7468.4,2282.0,9999.9,9999.9,,,7468.4,3821.0,5134.5,6085.3,7824.0,,,8647.6,2832.8,6319.4,4694.4,5868.0,,,2347.2,6572.2,9665.0,9999.9,7468.4,,,9999.9,9999.9,7468.4,9665.0,7824.0,,,9999.9,5300.1,7824.0,8215.2,8215.2,,,,,,,,,,,,,,,,,24.6,549.5,209.5,205.6,192.3,,,10.4,95.5,18.7,7.3,9.1,,,1073.8,292.3,873.9,1066.9,1404.3,,,251.2,51.0,809.3,243.4,281.8,,,107.3,21.1,484.6,139.1,66.7,,,80.3,24.1,472.1,157.3,58.1,,,,,,,,,,,,,,,,,1676.5,2416.2,1805.5,2161.9,2250.7,,,1441.2,4323.8,644.3,1805.5,1956.0,,,2381.2,3423.0,4832.5,9999.9,9999.9,,,1507.3,693.2,4978.9,1785.9,2693.5,,,2190.7,3286.1,7824.0,2987.3,4978.9,,,2053.8,1579.8,8215.2,3100.1,4694.4,,,,,,,,,,,,,,,,,1979.5,7143.7,2567.2,2133.8,4832.5,,,1148.9,2934.0,243.7,1595.1,696.2,,,8647.6,8215.2,4107.6,9665.0,7143.7,,,851.3,212.5,2738.4,1190.6,508.6,,,2053.8,3286.1,7824.0,2738.4,4978.9,,,2693.5,955.2,4832.5,805.4,3100.1,,,,,,,,,,,,,,,,,1766.7,6085.3,1441.2,1805.5,2161.9,,,1033.3,3221.6,275.6,1226.1,714.3,,,9999.9,7824.0,5868.0,9665.0,8647.6,,,902.7,235.3,2452.3,860.2,389.3,,,1693.8,1933.0,5476.8,1910.5,2693.5,,,1729.5,864.7,4212.9,696.2,2416.2,,,,,,,,,,,,,,,,,,,,,,,,,,,,,,,,,,,,,,,,,,,,,,,,,,,,,,,,,,,,,,,,,,,,,,,,,,,,,,,,,,,,,,,,,,,,,,,,,,,,,,,,,,,,,,,,,,,,,,,,,,,,,,,,
20260915_いわき平_6R,20260915,13,いわき平,6,4227.8,7904.3,9999.9,9999.9,9999.9,,,9999.9,8263.6,9999.9,9999.9,9999.9,,,5681.2,5347.0,4661.5,3787.4,6733.3,,,9999.9,9999.9,7904.3,2796.9,9999.9,,,9999.9,9999.9,6059.9,2634.7,9999.9,,,9999.9,9999.9,9999.9,9568.3,9999.9,,,,,,,,,,,,,,,,,9568.3,5681.2,7271.9,9999.9,9999.9,,,8263.6,3189.4,5194.2,5194.2,7271.9,,,2042.6,1289.3,375.6,236.7,745.0,,,6268.9,3787.4,895.5,787.0,3029.9,,,6268.9,3366.6,448.8,807.9,2392.0,,,9999.9,6268.9,2597.1,5049.9,4328.5,,,,,,,,,,,,,,,,,9999.9,7271.9,9999.9,9999.9,9999.9,,,9999.9,4784.1,5681.2,8657.1,9999.9,,,6492.8,3496.1,3710.1,2089.6,4227.8,,,9999.9,8263.6,6492.8,2524.9,9999.9,,,9999.9,9999.9,3430.1,2597.1,9089.9,,,9999.9,9089.9,7904.3,9999.9,9999.9,,,,,,,,,,,,,,,,,605.9,569.9,549.2,401.3,745.0,,,131.4,61.5,8.6,6.3,23.2,,,506.4,210.9,181.0,168.4,303.5,,,125.5,7.0,54.3,5.4,20.7,,,95.7,6.6,48.3,6.2,17.4,,,559.3,61.4,202.2,76.3,49.9,,,,,,,,,,,,,,,,,9999.9,9999.9,3635.9,2560.5,9568.3,,,7574.9,4131.8,849.5,865.7,2980.3,,,8657.1,3029.9,3787.4,2524.9,9999.9,,,1346.6,279.2,1298.5,150.7,599.9,,,2138.8,707.3,1934.0,343.0,1366.9,,,8263.6,5194.2,9999.9,2423.9,2164.2,,,,,,,,,,,,,,,,,6268.9,8657.1,3787.4,2490.4,9089.9,,,3496.1,2361.0,365.7,569.9,1280.2,,,6492.8,4784.1,1893.7,2164.2,6492.8,,,509.2,110.9,362.8,99.8,215.4,,,1637.8,515.0,1454.3,270.5,972.1,,,4131.8,1817.9,3496.1,849.5,1253.7,,,,,,,,,,,,,,,,,9999.9,9999.9,5347.0,9999.9,7904.3,,,9999.9,8657.1,4328.5,2330.7,2456.7,,,9999.9,9999.9,5864.4,9999.9,9999.9,,,5049.9,2392.0,3787.4,2330.7,1356.7,,,9999.9,7574.9,9999.9,3952.1,2301.2,,,6268.9,2089.6,6492.8,1913.6,1228.3,,,,,,,,,,,,,,,,,,,,,,,,,,,,,,,,,,,,,,,,,,,,,,,,,,,,,,,,,,,,,,,,,,,,,,,,,,,,,,,,,,,,,,,,,,,,,,,,,,,,,,,,,,,,,,,,,,,,,,,,,,,,,,,,
20260915_いわき平_7R,20260915,13,いわき平,7,1766.8,1912.3,409.4,1868.3,2138.8,,,1505.0,2621.7,549.1,627.6,325.1,,,3533.7,3125.9,1169.4,3010.1,4925.7,,,395.5,588.9,1022.3,658.0,639.9,,,961.8,547.3,1389.3,556.6,766.7,,,1675.7,373.6,2902.6,655.4,1083.6,,,,,,,,,,,,,,,,,1847.1,1625.5,498.6,1890.1,1310.8,,,873.9,211.3,105.7,1069.4,225.4,,,1195.2,235.5,131.5,1354.5,752.5,,,299.3,94.0,57.0,556.6,196.5,,,2462.8,2257.6,1826.4,1641.9,2709.1,,,1451.3,469.7,1161.0,527.7,2322.1,,,,,,,,,,,,,,,,,489.6,792.9,192.3,281.2,107.0,,,277.8,207.8,74.5,447.7,74.0,,,1022.3,632.4,580.5,1240.8,425.5,,,83.4,33.9,142.5,200.6,17.0,,,345.1,625.1,1169.4,407.3,196.7,,,10.8,8.6,51.9,3.6,32.0,,,,,,,,,,,,,,,,,4925.7,4167.9,1069.4,5605.1,3386.4,,,2902.6,1912.3,622.7,2580.1,3010.1,,,4277.6,2289.4,2902.6,4277.6,2539.8,,,1177.9,774.0,2621.7,2196.6,3694.3,,,3458.5,2955.4,4277.6,3386.4,6020.3,,,5805.3,4515.2,3010.1,3780.2,4644.3,,,,,,,,,,,,,,,,,323.1,371.1,637.4,570.3,379.7,,,145.0,76.4,32.2,611.0,100.2,,,157.3,57.7,215.8,486.6,36.6,,,770.3,189.0,763.1,2955.4,777.7,,,716.0,1195.2,1009.6,2802.5,939.5,,,228.6,115.7,51.1,287.7,759.5,,,,,,,,,,,,,,,,,888.2,674.4,1609.4,532.9,945.0,,,2111.0,2426.1,3251.0,2031.8,2955.4,,,745.6,1609.4,3780.2,1062.4,580.5,,,4277.6,4644.3,5605.1,6772.9,6772.9,,,745.6,1389.3,1269.9,3533.7,1240.8,,,1451.3,2196.6,666.1,2709.1,1593.6,,,,,,,,,,,,,,,,,570.3,146.4,1438.5,371.1,478.0,,,763.1,209.2,908.1,389.8,1290.0,,,19.6,26.6,95.0,12.8,46.3,,,2083.9,1847.1,599.8,1533.4,2955.4,,,198.4,159.6,44.4,420.0,370.2,,,864.6,1250.3,266.9,2500.7,860.0,,,,,,,,,,,,,,,,,,,,,,,,,,,,,,,,,,,,,,,,,,,,,,,,,,,,,,,,,,,,,,,,,,,,,,,,,,,,,,,,,,,,,,,,,,,,,,,,,,,,,,,,,,,,,,,,,,,,,,,,,,,,,,,,
20260915_いわき平_8R,20260915,13,いわき平,8,2234.6,3025.3,2935.0,2891.8,2458.0,,,1080.4,481.9,237.7,444.9,573.3,,,1804.1,885.7,1375.1,1611.8,1252.5,,,2427.7,447.9,1456.6,1346.8,1163.5,,,2114.4,983.2,1755.7,1625.1,2234.6,,,2114.4,802.6,1302.2,1252.5,2184.9,,,,,,,,,,,,,,,,,3511.5,2587.4,3449.9,3932.9,2458.0,,,2341.0,1445.9,1501.1,1804.1,1652.4,,,1909.1,978.3,1787.7,774.2,477.2,,,3025.3,1755.7,2458.0,2891.8,1787.7,,,3025.3,1804.1,1199.0,3575.4,1986.3,,,2160.9,1598.7,694.8,2069.9,2048.4,,,,,,,,,,,,,,,,,325.5,71.6,26.5,81.5,125.3,,,786.5,655.4,477.2,870.1,796.1,,,91.8,194.7,51.6,139.5,91.3,,,12.9,100.4,17.8,54.0,20.7,,,106.1,432.1,164.9,102.0,393.2,,,96.1,271.6,65.8,45.9,225.7,,,,,,,,,,,,,,,,,918.9,590.5,851.2,959.2,478.4,,,477.2,158.5,325.5,229.7,74.0,,,210.0,136.5,95.3,236.3,62.7,,,467.0,240.3,116.9,429.3,104.1,,,725.6,332.1,356.8,715.0,284.5,,,140.2,21.0,24.3,47.1,109.6,,,,,,,,,,,,,,,,,1328.6,230.2,973.5,1104.7,722.9,,,1947.0,709.9,936.4,2027.2,1104.7,,,29.8,177.8,44.3,169.5,43.2,,,461.6,286.2,99.2,634.3,141.6,,,1337.7,1724.9,425.6,1013.6,771.1,,,263.9,371.7,63.3,115.2,396.4,,,,,,,,,,,,,,,,,1130.1,574.9,998.2,1260.5,1206.4,,,1104.7,870.1,725.6,1855.1,1285.2,,,104.4,182.7,116.4,134.5,269.0,,,244.2,174.9,166.5,491.6,221.2,,,893.8,1548.4,200.8,522.9,436.9,,,668.8,762.1,185.3,170.2,296.1,,,,,,,,,,,,,,,,,973.5,321.3,447.9,489.1,733.7,,,927.5,384.0,195.6,620.3,866.2,,,45.4,200.6,36.8,30.8,221.6,,,98.1,20.5,15.5,33.2,95.1,,,251.7,209.1,33.9,67.2,246.1,,,709.9,725.6,236.0,187.9,359.5,,,,,,,,,,,,,,,,,,,,,,,,,,,,,,,,,,,,,,,,,,,,,,,,,,,,,,,,,,,,,,,,,,,,,,,,,,,,,,,,,,,,,,,,,,,,,,,,,,,,,,,,,,,,,,,,,,,,,,,,,,,,,,,,
20260915_いわき平_9R,20260915,13,いわき平,9,218.5,196.6,264.1,105.6,54.5,,,424.6,257.2,891.1,612.4,155.1,,,300.4,188.4,741.5,430.7,112.1,,,918.7,1159.9,1075.8,1235.9,228.4,,,128.8,395.4,343.7,558.1,110.1,,,14.7,32.1,26.2,18.5,35.9,,,,,,,,,,,,,,,,,539.3,523.0,974.8,213.3,162.4,,,840.6,902.7,1622.1,671.9,683.0,,,744.2,644.8,2015.8,486.2,736.2,,,2185.6,3460.5,4237.4,1412.4,1940.5,,,141.4,243.1,250.7,533.7,137.8,,,161.7,440.8,573.5,555.1,277.5,,,,,,,,,,,,,,,,,865.1,407.1,1730.2,1250.8,251.9,,,887.3,771.8,2256.8,1140.8,902.7,,,168.2,209.7,520.3,387.3,106.5,,,3053.4,4071.2,1940.5,5064.2,2307.0,,,1584.9,1412.4,1153.5,4152.6,1289.6,,,229.4,517.7,320.4,633.0,939.5,,,,,,,,,,,,,,,,,364.9,195.3,687.5,543.5,112.4,,,411.9,302.6,965.7,410.3,371.4,,,74.3,91.8,169.2,233.5,40.3,,,1977.4,2595.4,1393.5,3775.1,1504.5,,,755.0,567.3,596.6,2015.8,703.8,,,77.2,261.8,97.6,186.0,469.7,,,,,,,,,,,,,,,,,1789.9,2768.4,2532.1,2501.6,516.5,,,2696.5,3992.9,4237.4,3775.1,2097.3,,,3579.9,3244.2,3403.8,5611.7,3348.9,,,3775.1,4828.7,3519.2,6106.8,3460.5,,,3009.1,4513.7,6291.9,7415.5,1870.5,,,192.9,898.8,1092.8,1431.9,1128.4,,,,,,,,,,,,,,,,,130.4,458.3,457.3,650.8,91.0,,,72.8,155.1,146.8,326.4,60.2,,,774.7,567.3,725.9,1837.4,708.6,,,725.9,480.6,780.5,1515.5,663.3,,,1701.9,1393.5,3403.8,4152.6,1200.1,,,83.2,119.5,285.2,432.5,178.5,,,,,,,,,,,,,,,,,9.8,23.9,16.5,6.6,26.6,,,45.5,188.2,227.1,189.9,125.9,,,59.1,297.8,146.1,199.8,506.4,,,58.3,231.2,140.2,234.0,432.5,,,21.6,134.2,177.9,206.1,261.5,,,70.4,132.9,287.5,410.3,148.5,,,,,,,,,,,,,,,,,,,,,,,,,,,,,,,,,,,,,,,,,,,,,,,,,,,,,,,,,,,,,,,,,,,,,,,,,,,,,,,,,,,,,,,,,,,,,,,,,,,,,,,,,,,,,,,,,,,,,,,,,,,,,,,,
20260915_いわき平_10R,20260915,13,いわき平,10,327.0,333.2,117.9,598.7,311.0,,,291.6,128.1,42.5,559.4,65.0,,,311.4,132.3,37.7,452.8,137.3,,,37.6,13.6,7.0,140.9,12.5,,,1294.6,864.6,889.5,498.5,1155.5,,,192.2,33.1,90.7,24.6,523.9,,,,,,,,,,,,,,,,,402.0,442.3,195.3,616.6,351.2,,,708.5,1075.1,655.9,824.2,473.7,,,1498.6,2169.1,1845.3,1480.7,2289.6,,,254.6,452.8,940.2,457.0,495.5,,,516.2,666.5,989.1,692.6,753.9,,,373.5,294.0,1565.0,516.2,838.2,,,,,,,,,,,,,,,,,433.0,277.2,124.4,1047.8,112.8,,,790.0,1454.5,816.1,1103.9,484.8,,,1021.8,2377.7,873.7,3130.1,895.9,,,211.1,654.1,541.0,1463.2,230.6,,,2010.4,2060.6,4263.4,2575.8,1397.0,,,45.1,141.1,165.4,94.7,322.8,,,,,,,,,,,,,,,,,1108.8,808.1,196.5,1693.7,642.2,,,2077.9,3387.4,2717.3,3297.0,4755.4,,,1322.3,3804.3,1845.3,4415.7,1916.9,,,408.7,2355.0,1526.4,2810.0,1741.4,,,3804.3,4665.6,4945.6,4191.2,5151.7,,,1206.2,3988.4,1766.2,1887.6,4121.3,,,,,,,,,,,,,,,,,89.0,36.9,22.1,288.8,34.7,,,254.9,513.0,867.6,503.6,463.0,,,166.8,541.0,521.6,1287.9,210.6,,,229.8,1329.4,585.9,1766.2,829.8,,,1322.3,1705.3,2311.0,3804.3,2026.8,,,94.0,462.2,138.6,591.5,1155.5,,,,,,,,,,,,,,,,,2909.1,3341.6,3211.4,2332.8,3297.0,,,1343.9,1274.6,2523.2,1626.8,1648.5,,,3052.8,2448.3,6683.2,5046.5,3253.7,,,5495.1,5495.1,8831.4,7493.3,7065.1,,,2523.2,2687.8,4191.2,7065.1,5495.1,,,2717.3,2523.2,1113.8,5495.1,1351.2,,,,,,,,,,,,,,,,,151.7,15.2,52.3,21.0,338.7,,,231.3,169.3,993.0,314.6,666.5,,,7.1,58.1,76.3,25.5,145.1,,,420.5,1322.3,465.6,775.1,1729.2,,,41.8,263.9,61.8,367.9,838.2,,,1255.2,1498.6,526.1,2717.3,929.6,,,,,,,,,,,,,,,,,,,,,,,,,,,,,,,,,,,,,,,,,,,,,,,,,,,,,,,,,,,,,,,,,,,,,,,,,,,,,,,,,,,,,,,,,,,,,,,,,,,,,,,,,,,,,,,,,,,,,,,,,,,,,,,,
20260915_いわき平_11R,20260915,13,いわき平,11,1691.2,2136.8,1558.3,2175.9,1468.5,,,2230.3,1614.7,1928.9,1544.8,786.0,,,1421.7,1311.9,1372.5,1558.3,239.3,,,1499.4,2302.3,1766.6,2724.1,1377.8,,,2244.4,1644.5,2136.8,2703.4,1667.5,,,944.0,675.8,230.5,996.8,1209.6,,,,,,,,,,,,,,,,,2099.1,1629.5,1132.8,1971.6,1217.9,,,1279.0,427.8,290.1,526.3,494.2,,,1094.6,515.6,316.3,759.2,451.7,,,320.3,125.8,167.3,273.4,167.1,,,1652.1,677.1,1068.4,757.6,1052.6,,,847.6,762.5,479.6,446.0,977.7,,,,,,,,,,,,,,,,,1081.3,527.9,1016.6,501.9,519.4,,,574.6,179.2,140.2,187.3,198.4,,,164.1,135.7,93.4,56.2,38.5,,,443.8,75.0,130.3,125.9,166.2,,,89.0,67.2,31.9,52.6,30.8,,,128.7,173.6,49.5,135.2,68.9,,,,,,,,,,,,,,,,,491.5,385.7,470.7,637.2,98.2,,,434.6,163.0,148.1,311.9,156.9,,,210.4,139.4,102.7,69.5,49.0,,,187.9,75.9,114.0,243.0,52.4,,,367.1,324.4,117.1,321.4,148.5,,,10.9,41.4,16.1,22.0,48.8,,,,,,,,,,,,,,,,,590.8,1247.7,818.4,1399.4,683.6,,,121.7,54.6,52.4,153.8,50.0,,,672.0,102.8,199.5,220.5,260.6,,,245.0,72.6,166.6,294.4,64.7,,,681.0,433.6,351.5,459.8,439.4,,,228.7,139.6,247.4,99.8,342.4,,,,,,,,,,,,,,,,,1544.8,605.8,910.3,1723.9,1074.8,,,1037.3,347.8,694.2,683.6,659.6,,,164.6,113.2,67.8,107.7,74.0,,,354.7,430.4,135.2,382.0,202.4,,,805.5,628.2,317.4,549.8,573.7,,,391.2,479.0,161.6,248.5,363.4,,,,,,,,,,,,,,,,,400.5,344.4,87.7,461.0,477.7,,,515.6,551.5,229.4,466.4,741.9,,,259.1,400.5,88.4,303.1,211.0,,,18.5,69.0,32.8,41.1,86.0,,,402.3,340.8,318.0,131.8,630.4,,,475.1,589.8,241.9,216.6,501.9,,,,,,,,,,,,,,,,,,,,,,,,,,,,,,,,,,,,,,,,,,,,,,,,,,,,,,,,,,,,,,,,,,,,,,,,,,,,,,,,,,,,,,,,,,,,,,,,,,,,,,,,,,,,,,,,,,,,,,,,,,,,,,,,
20260915_大宮_1R,20260915,25,大宮,1,559.5,242.0,371.9,341.5,198.0,,,834.5,422.7,657.3,783.4,841.8,,,236.3,268.8,100.0,221.6,182.4,,,386.1,494.6,168.0,337.9,285.6,,,236.9,357.4,124.4,138.9,122.8,,,234.6,635.5,220.3,232.0,278.1,,,,,,,,,,,,,,,,,397.3,155.1,236.6,234.9,87.2,,,435.2,127.2,179.0,708.2,243.8,,,96.1,78.3,34.3,254.8,55.6,,,164.8,163.9,63.7,471.5,107.6,,,249.5,687.9,468.1,588.7,249.2,,,37.2,73.0,23.6,36.4,121.9,,,,,,,,,,,,,,,,,1122.4,562.8,746.8,1031.9,974.2,,,884.5,412.7,705.6,1163.2,561.2,,,241.7,228.2,76.3,597.9,262.2,,,583.3,613.2,167.7,1072.2,613.2,,,1184.7,1411.3,1207.1,1421.7,1523.3,,,1103.0,721.5,596.0,845.5,1487.8,,,,,,,,,,,,,,,,,118.8,128.6,36.4,143.3,100.2,,,110.5,110.1,62.3,328.0,96.6,,,65.3,75.1,20.7,215.6,80.8,,,18.5,32.0,15.7,66.4,31.8,,,187.6,585.1,498.5,142.0,502.4,,,129.9,160.4,171.5,79.6,501.1,,,,,,,,,,,,,,,,,349.6,334.9,116.8,365.5,219.1,,,299.4,428.4,153.1,767.7,283.0,,,198.2,390.1,83.6,809.8,276.5,,,36.8,76.7,38.3,151.4,59.9,,,419.0,1096.7,1004.9,429.3,841.8,,,196.8,299.4,319.3,147.1,743.9,,,,,,,,,,,,,,,,,225.5,319.8,99.6,128.7,103.0,,,306.1,945.5,661.8,959.6,404.9,,,537.6,1054.5,657.3,945.5,1078.2,,,176.9,713.5,724.2,182.4,424.6,,,276.1,1060.4,999.6,283.5,554.7,,,185.9,482.2,927.2,439.2,377.0,,,,,,,,,,,,,,,,,199.7,735.3,310.5,311.0,371.2,,,75.7,90.2,46.6,67.5,192.9,,,841.8,340.3,369.1,525.8,1314.6,,,279.3,125.1,229.0,144.0,690.4,,,380.8,265.8,572.9,232.3,849.2,,,411.0,374.8,1177.5,690.4,816.7,,,,,,,,,,,,,,,,,,,,,,,,,,,,,,,,,,,,,,,,,,,,,,,,,,,,,,,,,,,,,,,,,,,,,,,,,,,,,,,,,,,,,,,,,,,,,,,,,,,,,,,,,,,,,,,,,,,,,,,,,,,,,,,,
20260915_大宮_2R,20260915,25,大宮,2,377.5,234.3,130.1,746.6,63.8,,,823.1,1406.2,1132.5,1171.8,408.5,,,428.2,1231.7,634.3,1721.9,149.4,,,193.2,860.9,556.9,1442.2,142.0,,,1854.3,1548.1,2481.5,2008.8,730.5,,,28.8,108.5,16.1,45.9,217.4,,,,,,,,,,,,,,,,,298.6,161.0,91.9,604.8,42.6,,,444.0,815.1,317.7,505.2,254.1,,,269.5,756.7,291.4,1041.6,146.3,,,54.8,133.7,96.1,320.2,27.7,,,1259.3,1249.9,1493.3,953.3,644.0,,,19.1,126.4,27.8,33.0,258.4,,,,,,,,,,,,,,,,,847.9,1480.2,1081.7,1231.7,310.7,,,666.9,1205.3,419.7,656.6,358.2,,,1874.9,1577.0,1534.0,1638.3,803.5,,,942.7,490.5,1155.7,792.2,512.9,,,819.1,712.0,811.2,620.3,359.0,,,179.1,359.0,179.9,483.5,530.6,,,,,,,,,,,,,,,,,767.0,2860.1,1454.7,2909.4,242.8,,,666.9,2518.6,942.7,2280.3,389.7,,,2860.1,2960.4,2311.5,2136.0,1081.7,,,1328.7,1188.3,2249.9,2518.6,615.8,,,4115.7,2860.1,1962.1,2812.4,1430.0,,,119.5,256.8,596.2,353.7,803.5,,,,,,,,,,,,,,,,,290.9,1074.8,688.7,1739.6,252.9,,,132.8,243.5,248.5,511.3,68.4,,,1155.7,499.2,1349.9,992.6,803.5,,,839.5,551.4,1874.9,2249.9,416.6,,,2343.6,1259.3,1480.2,2596.0,1298.0,,,178.9,122.2,535.7,184.6,694.4,,,,,,,,,,,,,,,,,2909.4,2376.7,3749.9,4115.7,1328.7,,,2678.5,1874.9,3374.9,2191.5,1854.3,,,1406.2,1231.7,1214.0,1214.0,688.7,,,3749.9,3183.8,2163.4,3245.1,2376.7,,,3013.3,2136.0,1757.7,3374.9,1776.2,,,860.9,1308.1,1035.2,1278.3,1298.0,,,,,,,,,,,,,,,,,9.9,49.3,5.9,28.7,101.4,,,16.8,98.7,31.0,40.1,225.5,,,137.9,234.3,172.8,343.6,338.8,,,16.8,35.7,106.8,58.8,195.3,,,88.3,88.4,253.3,89.3,361.3,,,292.4,560.6,537.4,408.5,564.3,,,,,,,,,,,,,,,,,,,,,,,,,,,,,,,,,,,,,,,,,,,,,,,,,,,,,,,,,,,,,,,,,,,,,,,,,,,,,,,,,,,,,,,,,,,,,,,,,,,,,,,,,,,,,,,,,,,,,,,,,,,,,,,,
20260915_大宮_3R,20260915,25,大宮,3,209.5,232.8,189.5,526.5,279.7,,,122.5,81.3,40.9,83.9,180.9,,,199.1,118.3,52.8,218.1,170.2,,,83.4,26.1,20.1,76.6,89.9,,,590.6,153.5,339.2,191.7,469.1,,,368.3,342.8,332.8,253.8,649.5,,,,,,,,,,,,,,,,,291.9,336.7,326.6,690.8,300.3,,,194.0,695.0,149.3,173.3,125.1,,,1004.3,1145.6,1509.8,1767.3,876.8,,,346.4,236.2,850.6,805.5,333.3,,,721.4,247.0,1333.2,811.3,481.9,,,143.7,109.8,306.0,184.3,247.5,,,,,,,,,,,,,,,,,56.7,55.2,14.5,33.3,89.6,,,76.9,296.8,74.4,69.9,68.4,,,216.7,432.6,335.2,251.6,545.4,,,20.3,61.1,136.5,34.4,97.2,,,21.5,41.7,118.8,22.3,62.2,,,162.3,99.4,426.1,166.8,161.9,,,,,,,,,,,,,,,,,754.9,531.4,276.6,930.5,733.0,,,1134.2,2072.5,1884.1,3211.0,1509.8,,,714.6,2035.5,1199.9,823.0,1740.3,,,419.0,1965.3,1096.0,1868.7,1899.8,,,2213.4,3402.7,716.9,1915.8,2960.8,,,1416.0,1550.9,1932.0,1932.0,2350.3,,,,,,,,,,,,,,,,,95.6,28.3,16.7,68.8,67.5,,,244.3,314.0,695.0,686.6,291.1,,,35.6,148.0,121.2,60.1,144.7,,,139.8,742.6,361.8,658.9,525.3,,,128.2,586.0,93.2,447.0,524.1,,,206.1,396.4,381.2,464.3,901.1,,,,,,,,,,,,,,,,,574.2,149.8,548.0,268.5,624.6,,,719.1,185.9,1499.8,788.8,575.7,,,57.9,83.6,209.7,57.2,116.2,,,1605.5,2590.7,521.7,1550.9,2235.1,,,209.1,611.2,104.6,904.6,730.7,,,1085.6,829.0,338.7,1605.5,919.2,,,,,,,,,,,,,,,,,560.1,583.0,621.2,503.2,1181.2,,,306.4,292.2,666.6,366.5,571.3,,,486.1,416.7,1026.9,507.7,518.1,,,1259.5,1499.8,1740.3,1652.0,2425.3,,,553.3,690.8,716.9,1169.1,1884.1,,,1452.1,1036.2,645.8,2072.5,1442.9,,,,,,,,,,,,,,,,,,,,,,,,,,,,,,,,,,,,,,,,,,,,,,,,,,,,,,,,,,,,,,,,,,,,,,,,,,,,,,,,,,,,,,,,,,,,,,,,,,,,,,,,,,,,,,,,,,,,,,,,,,,,,,,,
20260915_大宮_4R,20260915,25,大宮,4,159.1,68.0,200.3,157.6,104.9,,,268.6,165.3,504.1,201.4,334.8,,,50.9,74.2,91.1,27.6,70.2,,,448.9,693.0,228.0,478.9,487.0,,,174.9,151.0,50.4,305.0,223.5,,,218.0,506.3,244.5,363.5,431.2,,,,,,,,,,,,,,,,,92.2,43.7,103.3,108.2,49.4,,,159.4,111.1,135.5,361.2,81.9,,,45.4,53.2,90.7,180.6,27.3,,,113.1,110.2,133.9,374.8,33.4,,,280.4,510.9,413.3,563.6,393.4,,,19.8,32.0,21.3,10.7,131.9,,,,,,,,,,,,,,,,,414.8,261.8,456.9,397.5,606.8,,,316.4,275.7,277.3,759.5,223.1,,,231.9,352.3,479.9,802.0,619.9,,,539.7,443.7,608.4,1006.1,452.4,,,649.8,1281.5,1015.0,1108.2,1880.3,,,747.2,337.8,822.2,427.1,1373.6,,,,,,,,,,,,,,,,,41.1,66.2,66.7,27.4,79.3,,,59.9,95.6,102.6,207.4,46.5,,,152.8,213.7,250.9,474.9,375.4,,,207.0,241.2,287.4,582.2,320.8,,,108.6,381.0,394.8,471.0,603.6,,,226.0,134.1,357.3,172.4,744.8,,,,,,,,,,,,,,,,,527.3,688.8,367.6,819.2,454.2,,,312.9,306.2,385.5,1006.1,91.7,,,496.5,408.1,589.7,1057.1,363.5,,,460.6,533.4,603.6,1724.8,505.2,,,1082.0,1751.1,1357.3,1549.9,1365.4,,,244.0,92.6,267.3,337.3,859.1,,,,,,,,,,,,,,,,,367.0,351.2,117.8,495.4,648.0,,,559.5,1226.7,769.7,1296.0,947.9,,,467.2,1130.0,603.6,936.3,1519.1,,,166.1,598.9,514.3,742.3,913.9,,,889.1,1407.3,1038.0,1038.0,1349.4,,,1416.0,1489.6,2414.7,1593.0,1194.7,,,,,,,,,,,,,,,,,217.4,547.4,361.2,342.8,693.0,,,53.4,56.9,70.2,24.1,262.7,,,546.1,254.3,831.1,358.4,1479.9,,,312.1,189.8,574.9,261.8,1152.7,,,166.5,56.6,165.5,213.7,514.3,,,1341.5,984.5,1711.9,1994.7,1113.5,,,,,,,,,,,,,,,,,,,,,,,,,,,,,,,,,,,,,,,,,,,,,,,,,,,,,,,,,,,,,,,,,,,,,,,,,,,,,,,,,,,,,,,,,,,,,,,,,,,,,,,,,,,,,,,,,,,,,,,,,,,,,,,,
20260915_大宮_5R,20260915,25,大宮,5,81.6,127.1,84.1,176.4,67.7,,,90.8,22.4,45.1,246.7,27.4,,,110.5,16.5,35.8,196.1,18.1,,,58.4,46.8,52.9,215.7,33.9,,,277.4,431.1,409.7,416.1,170.3,,,38.8,14.6,12.2,18.2,84.8,,,,,,,,,,,,,,,,,178.7,266.8,191.2,254.1,186.1,,,238.8,297.8,308.6,431.9,801.5,,,296.3,239.5,398.7,647.3,904.7,,,196.1,247.5,333.6,247.2,566.0,,,214.8,323.2,499.7,265.1,654.4,,,300.0,721.6,897.9,549.1,904.7,,,,,,,,,,,,,,,,,233.7,61.7,108.6,439.8,101.5,,,306.2,349.2,398.0,955.4,982.9,,,48.4,199.7,84.7,397.4,127.5,,,228.7,362.4,207.3,856.1,490.4,,,874.9,1474.4,809.6,1029.5,1895.7,,,206.0,785.7,244.2,387.7,1206.3,,,,,,,,,,,,,,,,,178.1,36.9,74.4,394.1,59.1,,,300.4,207.3,432.7,1016.4,862.3,,,37.0,121.4,56.4,381.5,99.9,,,265.3,484.5,194.3,1110.9,462.0,,,887.9,1038.5,790.9,1483.5,1153.9,,,147.9,645.5,188.3,400.0,850.0,,,,,,,,,,,,,,,,,177.0,132.7,221.7,674.7,167.5,,,280.6,340.2,509.2,528.4,978.9,,,241.7,383.4,323.2,1413.3,633.5,,,331.2,540.4,263.3,1636.0,753.4,,,1110.9,678.5,1613.9,2253.3,2077.0,,,282.6,908.2,719.4,841.0,1581.8,,,,,,,,,,,,,,,,,439.0,859.2,1025.1,1003.6,690.3,,,310.2,476.7,773.0,348.6,737.2,,,1188.3,1218.6,1126.6,1910.8,2341.7,,,1034.0,1137.4,1284.1,2296.7,1694.0,,,1396.8,801.5,1910.8,2745.5,2777.4,,,806.9,1284.1,1866.0,1502.2,1880.7,,,,,,,,,,,,,,,,,56.4,50.7,50.7,45.3,197.4,,,199.5,371.4,526.1,428.0,649.0,,,184.1,760.6,264.8,491.4,1430.2,,,125.6,765.5,197.4,385.8,871.7,,,206.4,581.1,594.1,708.7,1319.6,,,420.5,778.0,1142.8,1016.4,1312.4,,,,,,,,,,,,,,,,,,,,,,,,,,,,,,,,,,,,,,,,,,,,,,,,,,,,,,,,,,,,,,,,,,,,,,,,,,,,,,,,,,,,,,,,,,,,,,,,,,,,,,,,,,,,,,,,,,,,,,,,,,,,,,,,
20260915_大宮_6R,20260915,25,大宮,6,663.0,311.5,514.4,1113.4,392.1,,,711.3,310.8,581.2,824.6,773.8,,,131.1,169.9,44.1,316.0,114.8,,,421.5,519.4,79.8,859.6,367.0,,,1367.3,1007.2,771.6,1205.0,1332.8,,,281.3,642.0,193.8,351.3,909.9,,,,,,,,,,,,,,,,,663.0,387.5,603.8,1118.2,298.5,,,683.6,462.1,668.0,519.4,306.1,,,219.5,362.9,248.7,599.7,140.4,,,483.3,521.5,273.7,613.7,232.9,,,952.6,546.3,769.3,1152.3,482.4,,,111.2,101.6,62.6,106.6,190.8,,,,,,,,,,,,,,,,,386.9,269.8,395.6,462.9,458.9,,,420.2,410.4,556.7,477.2,337.0,,,184.0,310.1,195.0,130.2,329.8,,,345.4,388.6,195.1,375.3,317.5,,,277.4,264.1,110.9,277.4,250.6,,,352.3,182.2,319.8,300.5,326.6,,,,,,,,,,,,,,,,,53.3,78.3,19.0,156.1,41.2,,,102.6,254.9,106.6,416.8,100.3,,,151.9,322.2,146.2,159.1,287.1,,,15.5,52.0,79.6,138.1,30.4,,,270.9,557.9,176.4,253.9,379.1,,,42.8,51.4,144.4,42.9,250.8,,,,,,,,,,,,,,,,,305.4,431.9,65.9,669.7,261.0,,,335.3,455.7,194.9,792.4,218.8,,,386.3,565.0,241.8,556.7,302.2,,,21.4,90.1,120.0,225.9,61.0,,,843.1,1003.4,612.2,492.3,557.9,,,185.7,93.7,222.3,107.8,274.3,,,,,,,,,,,,,,,,,1490.9,854.0,1077.1,1426.4,1619.0,,,1299.9,572.4,1022.8,1457.9,807.0,,,328.2,335.3,122.3,433.3,370.6,,,591.6,843.1,213.3,616.5,649.9,,,1244.7,1099.5,762.7,656.4,963.1,,,1167.6,674.9,612.2,709.4,780.7,,,,,,,,,,,,,,,,,95.9,316.0,89.1,176.2,509.4,,,31.0,47.6,21.0,36.0,91.5,,,217.0,108.2,171.1,181.3,226.9,,,35.7,33.2,108.6,42.6,188.0,,,111.8,70.5,156.0,48.6,260.7,,,493.2,260.5,255.9,375.9,433.3,,,,,,,,,,,,,,,,,,,,,,,,,,,,,,,,,,,,,,,,,,,,,,,,,,,,,,,,,,,,,,,,,,,,,,,,,,,,,,,,,,,,,,,,,,,,,,,,,,,,,,,,,,,,,,,,,,,,,,,,,,,,,,,,
20260915_大宮_7R,20260915,25,大宮,7,499.4,1001.0,522.9,1078.8,575.7,,,957.9,1984.2,953.7,1777.8,2136.8,,,1010.1,1683.5,529.1,2038.8,1792.2,,,322.5,506.2,283.0,450.7,526.6,,,1314.9,1932.4,2136.8,979.0,2116.5,,,575.7,2314.9,1646.1,620.7,922.1,,,,,,,,,,,,,,,,,171.7,463.9,234.9,394.7,190.1,,,53.6,24.6,17.1,48.9,5.5,,,208.8,48.6,66.4,245.0,67.6,,,100.7,58.0,88.7,193.2,58.3,,,428.1,131.3,613.9,306.5,187.3,,,48.8,7.0,40.8,20.4,41.9,,,,,,,,,,,,,,,,,501.6,1089.3,384.4,690.1,1175.8,,,119.7,75.3,30.5,87.5,16.8,,,329.7,145.3,106.4,571.2,438.3,,,171.2,131.5,182.0,373.5,416.1,,,878.3,320.2,941.6,496.0,705.5,,,829.2,90.1,647.9,408.5,370.3,,,,,,,,,,,,,,,,,753.3,987.7,289.3,1122.3,1048.2,,,264.8,88.6,99.3,420.8,110.2,,,324.4,134.3,140.5,546.0,462.0,,,56.4,77.7,112.7,300.3,229.3,,,1777.8,1481.5,1471.7,899.7,1932.4,,,1116.7,451.6,868.0,683.7,1397.6,,,,,,,,,,,,,,,,,192.0,303.5,122.9,286.0,387.8,,,202.2,183.6,183.0,486.2,221.5,,,395.4,274.0,333.6,881.8,878.3,,,88.6,114.3,216.6,378.5,320.6,,,829.2,1292.0,1622.1,1122.3,1792.2,,,817.0,466.8,992.1,970.4,1658.4,,,,,,,,,,,,,,,,,2442.1,2963.1,2389.6,1806.7,2677.5,,,1763.7,587.9,1501.5,1139.6,669.3,,,2645.6,848.2,1722.7,1462.0,1821.5,,,3086.5,1851.9,2157.6,1736.1,2849.1,,,1415.4,1610.3,2038.8,1670.9,2364.1,,,957.9,622.5,2076.9,2886.1,2200.3,,,,,,,,,,,,,,,,,431.5,1565.0,1397.6,595.7,748.2,,,119.1,32.7,143.4,83.5,100.3,,,766.3,117.3,694.4,420.8,501.6,,,1424.5,619.0,1063.3,929.8,1696.4,,,826.1,394.7,903.3,1024.1,1227.8,,,777.0,378.5,677.5,1346.8,892.5,,,,,,,,,,,,,,,,,,,,,,,,,,,,,,,,,,,,,,,,,,,,,,,,,,,,,,,,,,,,,,,,,,,,,,,,,,,,,,,,,,,,,,,,,,,,,,,,,,,,,,,,,,,,,,,,,,,,,,,,,,,,,,,,
20260915_大宮_8R,20260915,25,大宮,8,585.8,348.9,110.3,611.6,132.0,,,2084.7,2102.2,1471.5,2605.8,1367.0,,,608.6,774.5,404.1,1185.6,321.1,,,67.0,369.5,137.8,88.9,47.8,,,1421.3,1701.8,1446.0,551.0,1121.8,,,80.6,360.4,93.4,78.6,533.4,,,,,,,,,,,,,,,,,406.1,199.4,67.7,397.0,98.8,,,1289.5,620.7,710.6,1880.9,521.1,,,309.2,265.8,169.9,672.4,76.2,,,58.1,285.5,86.8,126.9,48.4,,,1051.1,1573.3,940.4,537.9,617.6,,,40.2,97.7,11.0,22.5,168.1,,,,,,,,,,,,,,,,,2138.1,3166.6,1895.1,4313.1,2526.9,,,2138.1,1413.3,1924.3,2779.6,984.9,,,2719.1,1593.4,1106.9,3426.9,769.7,,,2274.2,1969.8,1969.8,3127.0,1866.9,,,4034.9,4169.4,4313.1,3733.8,4467.2,,,2213.8,868.6,681.6,1152.8,2875.4,,,,,,,,,,,,,,,,,996.6,1583.3,817.5,2102.2,605.7,,,767.3,512.6,421.1,1330.6,159.7,,,1397.5,776.9,772.1,1866.9,460.7,,,742.3,483.8,853.8,842.3,361.5,,,3014.0,2661.3,2194.4,1895.1,1895.1,,,347.4,86.8,228.4,204.7,753.5,,,,,,,,,,,,,,,,,43.5,222.9,64.8,34.2,36.1,,,71.2,432.8,107.8,124.8,66.7,,,714.7,977.2,919.7,1004.6,850.9,,,163.6,191.2,388.4,300.6,149.1,,,89.6,192.4,416.2,239.1,153.7,,,66.5,71.0,271.6,73.9,144.2,,,,,,,,,,,,,,,,,2274.2,2810.8,2428.7,913.0,1969.8,,,2316.3,3678.9,3014.0,1180.0,1563.5,,,4101.0,5211.7,3678.9,4720.1,5211.7,,,3733.8,3474.5,4169.4,2337.9,3050.7,,,617.6,965.8,1812.7,1238.4,725.1,,,2337.9,1645.8,3166.6,1507.0,1012.8,,,,,,,,,,,,,,,,,54.3,278.8,69.3,73.9,499.3,,,27.0,59.1,6.8,18.7,140.2,,,540.3,230.5,166.1,287.2,1296.1,,,61.6,13.8,53.2,37.6,282.9,,,82.2,48.8,193.1,56.3,213.8,,,1111.8,588.6,1180.0,718.8,607.1,,,,,,,,,,,,,,,,,,,,,,,,,,,,,,,,,,,,,,,,,,,,,,,,,,,,,,,,,,,,,,,,,,,,,,,,,,,,,,,,,,,,,,,,,,,,,,,,,,,,,,,,,,,,,,,,,,,,,,,,,,,,,,,,
20260915_大宮_9R,20260915,25,大宮,9,100.3,304.4,116.6,364.0,137.4,,,34.3,38.2,20.2,62.3,14.9,,,275.4,92.4,190.9,203.1,151.2,,,73.5,51.0,178.0,261.1,72.5,,,396.7,202.4,328.1,424.4,323.6,,,82.8,33.3,154.2,63.9,201.5,,,,,,,,,,,,,,,,,219.5,582.2,166.2,526.5,247.3,,,322.9,795.7,323.6,1198.6,991.2,,,761.8,945.4,495.6,663.1,1302.1,,,68.7,156.0,149.2,132.2,177.6,,,927.0,1302.1,698.7,605.6,1320.1,,,601.8,930.0,1574.0,675.6,1469.0,,,,,,,,,,,,,,,,,52.0,45.7,29.6,61.8,18.5,,,150.6,349.7,181.3,475.0,404.6,,,70.2,253.9,151.1,113.8,251.7,,,92.9,124.7,169.7,277.0,297.1,,,176.8,436.0,168.4,337.8,640.8,,,89.9,419.4,536.4,378.4,818.4,,,,,,,,,,,,,,,,,172.3,59.9,127.6,84.3,72.2,,,224.1,537.4,242.1,262.0,416.3,,,56.9,253.2,167.0,120.2,284.4,,,136.1,107.1,238.5,153.0,397.8,,,35.2,73.9,58.9,57.8,131.2,,,232.3,624.1,646.6,830.3,453.9,,,,,,,,,,,,,,,,,42.4,66.4,164.5,142.3,70.8,,,23.2,79.0,83.8,53.5,71.2,,,113.3,141.2,224.6,392.9,387.6,,,231.5,167.1,271.7,271.2,640.8,,,326.2,201.0,343.4,247.3,510.6,,,314.1,345.1,567.2,945.4,639.4,,,,,,,,,,,,,,,,,721.5,420.0,329.6,714.3,515.2,,,847.5,1155.1,572.9,837.6,1565.4,,,423.1,870.7,288.1,732.6,1397.4,,,144.9,218.8,210.6,185.7,455.4,,,678.8,394.0,509.7,330.7,1037.9,,,1219.0,2427.7,2387.2,1219.0,1989.3,,,,,,,,,,,,,,,,,322.2,97.8,423.1,249.5,582.2,,,598.0,1072.9,1836.3,802.4,2003.2,,,199.2,1030.4,1114.6,591.8,1922.6,,,617.3,2427.7,1351.2,2170.2,1344.9,,,535.4,710.8,804.6,1909.8,1922.6,,,1476.6,2702.5,2557.7,1461.5,2367.5,,,,,,,,,,,,,,,,,,,,,,,,,,,,,,,,,,,,,,,,,,,,,,,,,,,,,,,,,,,,,,,,,,,,,,,,,,,,,,,,,,,,,,,,,,,,,,,,,,,,,,,,,,,,,,,,,,,,,,,,,,,,,,,,
20260915_大宮_10R,20260915,25,大宮,10,148.0,99.7,103.8,143.1,196.3,,,116.9,60.3,45.6,181.8,47.7,,,59.4,40.9,21.6,84.5,43.5,,,87.3,54.5,36.7,157.9,48.5,,,153.2,309.9,140.4,256.2,311.5,,,159.2,70.6,95.6,64.2,322.8,,,,,,,,,,,,,,,,,315.1,227.1,233.0,244.5,482.4,,,405.8,515.0,376.7,426.3,438.6,,,245.8,530.3,281.3,260.6,724.7,,,247.8,272.7,245.0,189.0,313.8,,,148.7,233.9,150.1,122.1,311.2,,,751.6,432.4,892.7,512.4,632.8,,,,,,,,,,,,,,,,,160.6,76.6,84.1,235.0,55.3,,,275.2,452.9,234.8,286.1,162.0,,,210.8,519.4,259.7,631.5,227.3,,,106.9,196.1,218.0,354.3,55.4,,,301.3,167.6,507.3,319.7,157.2,,,34.2,57.1,59.1,21.0,74.8,,,,,,,,,,,,,,,,,142.5,114.3,60.6,176.7,162.6,,,300.8,753.4,441.8,492.5,591.0,,,201.9,809.6,325.2,916.9,531.2,,,103.7,301.9,280.5,415.2,390.2,,,309.6,461.9,969.4,630.2,1268.3,,,450.9,1024.9,704.6,628.9,1435.9,,,,,,,,,,,,,,,,,131.6,82.0,56.6,220.1,87.1,,,211.9,243.9,191.5,154.7,231.8,,,95.5,214.3,196.2,364.5,68.5,,,100.8,195.2,253.4,228.1,251.9,,,433.6,203.4,499.8,280.3,472.6,,,101.6,167.5,55.5,162.6,280.3,,,,,,,,,,,,,,,,,230.6,347.8,180.2,313.8,410.2,,,129.3,149.9,160.7,96.7,168.9,,,339.3,227.3,381.4,319.4,244.3,,,242.9,365.0,724.7,438.0,788.6,,,445.0,223.3,425.1,396.3,360.6,,,611.2,438.0,349.4,679.4,343.5,,,,,,,,,,,,,,,,,349.0,136.0,226.4,151.9,561.6,,,601.6,377.2,535.9,444.3,774.5,,,68.2,135.2,126.5,35.8,204.0,,,373.9,805.3,413.6,441.8,1184.4,,,124.6,214.9,56.7,220.5,344.7,,,1021.5,663.2,508.1,1257.8,685.6,,,,,,,,,,,,,,,,,,,,,,,,,,,,,,,,,,,,,,,,,,,,,,,,,,,,,,,,,,,,,,,,,,,,,,,,,,,,,,,,,,,,,,,,,,,,,,,,,,,,,,,,,,,,,,,,,,,,,,,,,,,,,,,,
20260915_大宮_11R,20260915,25,大宮,11,162.4,58.0,73.1,133.7,70.7,,,141.9,79.3,48.3,277.9,94.6,,,39.5,75.3,29.6,88.1,29.4,,,41.0,26.3,26.2,116.8,29.7,,,168.0,476.7,139.2,240.0,283.0,,,37.2,72.5,15.8,30.5,162.0,,,,,,,,,,,,,,,,,354.7,253.4,190.4,264.0,285.2,,,430.6,1006.1,242.3,621.1,1025.0,,,588.5,1273.1,861.3,823.9,1265.7,,,141.9,148.4,426.4,253.2,409.2,,,189.0,340.3,475.1,220.7,547.9,,,386.4,979.1,1189.8,713.5,735.1,,,,,,,,,,,,,,,,,237.4,167.6,68.6,432.3,158.7,,,292.6,554.8,186.4,407.7,778.4,,,531.8,963.9,511.9,1427.0,1029.9,,,41.4,77.0,164.1,171.0,113.0,,,549.2,601.4,1404.1,429.8,1291.9,,,347.6,856.2,915.4,291.9,1111.1,,,,,,,,,,,,,,,,,287.1,412.7,218.1,547.9,249.8,,,557.7,1599.5,992.4,1237.0,1819.5,,,831.7,1505.8,921.2,2205.4,1712.4,,,360.6,857.9,866.4,1311.3,983.5,,,1230.1,1427.0,2298.3,1858.2,2553.7,,,470.0,1692.5,1660.4,1196.4,2161.8,,,,,,,,,,,,,,,,,38.8,23.1,33.9,121.0,33.9,,,67.5,68.6,180.8,151.4,139.2,,,17.2,35.7,89.7,113.0,58.1,,,167.8,351.0,248.6,611.6,406.2,,,215.1,222.2,268.0,554.1,488.4,,,56.1,122.3,130.7,213.1,483.0,,,,,,,,,,,,,,,,,216.8,718.2,284.3,285.6,418.2,,,162.9,458.7,333.6,206.5,407.7,,,1039.7,974.7,1666.7,891.1,1804.4,,,963.9,994.7,2310.5,1882.2,2286.3,,,445.5,445.5,725.3,1054.7,1140.1,,,997.0,1080.9,1898.6,2040.5,1582.1,,,,,,,,,,,,,,,,,79.0,199.9,56.2,74.2,413.1,,,232.4,603.9,778.4,283.1,470.0,,,381.0,625.6,1001.5,300.7,939.1,,,310.5,1265.7,1480.2,875.1,1789.6,,,107.6,196.4,211.5,379.3,648.8,,,710.0,496.2,933.0,1686.0,755.5,,,,,,,,,,,,,,,,,,,,,,,,,,,,,,,,,,,,,,,,,,,,,,,,,,,,,,,,,,,,,,,,,,,,,,,,,,,,,,,,,,,,,,,,,,,,,,,,,,,,,,,,,,,,,,,,,,,,,,,,,,,,,,,,
20260915_大宮_12R,20260915,25,大宮,12,123.7,74.3,125.6,334.5,88.0,,,234.4,306.0,411.6,908.9,225.9,,,82.1,240.0,172.2,424.0,134.1,,,247.8,436.1,250.4,437.3,377.3,,,843.9,1422.4,879.2,670.7,1061.5,,,117.4,151.5,134.0,237.6,528.2,,,,,,,,,,,,,,,,,63.3,25.2,60.0,149.9,37.2,,,79.1,85.5,71.1,202.1,36.4,,,52.1,134.4,95.0,254.4,94.2,,,61.7,90.6,70.2,96.0,70.3,,,298.4,361.0,317.5,122.2,271.6,,,28.9,22.6,46.7,39.8,109.9,,,,,,,,,,,,,,,,,201.8,245.1,317.8,743.8,172.1,,,131.9,144.1,122.7,339.9,62.9,,,382.1,346.1,436.3,867.4,312.4,,,356.1,207.3,369.1,383.1,167.7,,,1076.2,743.1,1129.3,572.9,560.1,,,79.1,42.5,100.0,71.2,203.5,,,,,,,,,,,,,,,,,150.9,357.4,270.2,554.2,231.2,,,172.9,333.6,305.6,691.6,249.9,,,562.2,419.0,784.3,1257.0,577.6,,,459.5,412.1,746.0,652.2,640.9,,,1211.9,1242.9,1568.7,970.1,1575.0,,,373.0,318.1,416.0,486.6,1067.3,,,,,,,,,,,,,,,,,160.5,397.8,122.4,388.6,272.4,,,116.7,186.4,140.8,176.7,131.7,,,439.8,267.0,549.8,453.7,252.6,,,239.2,226.9,491.8,527.8,356.9,,,307.3,201.1,379.7,387.6,246.7,,,262.3,181.5,243.6,318.1,326.6,,,,,,,,,,,,,,,,,1013.1,1470.8,785.9,750.3,1339.2,,,813.9,703.5,869.3,317.4,640.9,,,1446.2,880.2,1021.1,692.2,987.4,,,1023.8,1177.1,1292.5,828.6,1307.7,,,497.1,259.3,553.8,475.9,338.3,,,899.5,581.1,680.1,924.1,399.0,,,,,,,,,,,,,,,,,64.2,73.2,68.9,131.2,317.9,,,42.0,25.6,62.0,45.7,145.1,,,49.1,27.2,69.4,48.3,166.6,,,145.1,142.7,132.3,197.7,562.2,,,186.5,88.2,82.8,181.6,210.4,,,499.1,296.6,281.1,584.1,223.5,,,,,,,,,,,,,,,,,,,,,,,,,,,,,,,,,,,,,,,,,,,,,,,,,,,,,,,,,,,,,,,,,,,,,,,,,,,,,,,,,,,,,,,,,,,,,,,,,,,,,,,,,,,,,,,,,,,,,,,,,,,,,,,,
20260915_伊東_1R,20260915,37,伊東,1,6.6,4.4,12.2,15.2,163.8,,,25.0,42.9,90.9,100.8,492.8,,,7.6,25.8,22.0,28.9,252.4,,,33.8,90.1,46.1,97.8,492.8,,,48.4,150.3,72.8,147.8,683.0,,,501.9,1327.2,871.6,1322.2,1436.0,,,,,,,,,,,,,,,,,16.7,11.4,38.3,48.6,256.5,,,99.8,216.6,476.7,466.5,1629.7,,,52.8,158.0,238.1,266.0,1208.2,,,240.6,878.1,535.7,1027.5,2189.9,,,279.4,905.4,753.5,1342.4,2895.7,,,1049.0,3274.6,3046.8,5561.7,4671.8,,,,,,,,,,,,,,,,,334.3,608.3,1119.4,1233.7,2969.4,,,411.7,924.5,2557.6,1796.8,5078.1,,,1006.8,1220.8,3539.3,3649.9,7007.8,,,3073.6,4273.0,4171.3,7150.8,8342.6,,,2539.0,2576.4,4325.8,5308.9,6611.1,,,6738.3,9999.9,9999.9,9999.9,9999.9,,,,,,,,,,,,,,,,,124.4,323.2,418.6,475.4,1171.8,,,179.9,579.1,941.9,1342.4,3305.5,,,803.6,976.0,2895.7,3575.4,5561.7,,,832.2,1358.1,2351.6,2674.7,3767.6,,,1599.9,2162.9,2895.7,3401.8,8546.1,,,5152.8,8342.6,9470.0,7617.2,9999.9,,,,,,,,,,,,,,,,,1088.1,2275.2,1094.9,2576.4,4550.5,,,1363.3,4866.5,2969.4,4171.3,5561.7,,,4325.8,4799.8,7617.2,9999.9,9999.9,,,1660.6,3435.2,7786.4,5561.7,8148.6,,,4435.3,5651.4,9999.9,7007.8,8546.1,,,9470.0,9999.9,8546.1,9999.9,9999.9,,,,,,,,,,,,,,,,,1199.9,2654.4,1968.4,3073.6,7786.4,,,1424.3,2848.7,3244.3,4550.5,9470.0,,,3469.2,2919.9,3767.6,9999.9,9999.9,,,2595.4,3612.2,5474.8,6488.7,9999.9,,,4799.8,4799.8,9733.1,5839.8,9999.9,,,9999.9,8984.4,9999.9,9999.9,9999.9,,,,,,,,,,,,,,,,,5390.6,6738.3,4799.8,6256.9,7617.2,,,6611.1,8148.6,9470.0,9733.1,9999.9,,,8984.4,9999.9,9999.9,9999.9,9999.9,,,7299.8,8148.6,9999.9,9220.8,9999.9,,,8546.1,9999.9,9999.9,9999.9,9470.0,,,9999.9,9999.9,9999.9,9999.9,9999.9,,,,,,,,,,,,,,,,,,,,,,,,,,,,,,,,,,,,,,,,,,,,,,,,,,,,,,,,,,,,,,,,,,,,,,,,,,,,,,,,,,,,,,,,,,,,,,,,,,,,,,,,,,,,,,,,,,,,,,,,,,,,,,,,
20260915_伊東_2R,20260915,37,伊東,2,4.5,6.8,11.9,6.8,132.2,,,9.2,34.4,46.8,32.8,377.1,,,20.6,57.5,74.1,46.6,452.6,,,30.4,79.0,101.7,80.8,596.2,,,12.2,36.0,40.9,52.3,327.3,,,308.8,853.8,897.5,965.4,803.3,,,,,,,,,,,,,,,,,25.5,42.3,55.3,50.3,366.9,,,133.3,496.3,702.7,678.9,2664.1,,,232.1,614.5,759.8,630.1,2751.2,,,288.1,929.2,1014.3,1150.0,3660.3,,,186.0,642.6,563.5,1096.1,2943.6,,,1683.7,6577.1,4430.9,7942.1,6013.3,,,,,,,,,,,,,,,,,312.0,703.9,1116.5,952.3,2985.3,,,438.9,1446.5,3118.0,2169.7,5011.1,,,1497.9,1994.9,4526.1,3826.6,9999.9,,,2806.2,4209.3,5328.3,5466.7,9999.9,,,1913.3,3288.5,4047.4,5612.4,9999.9,,,7795.1,9999.9,9999.9,9999.9,9999.9,,,,,,,,,,,,,,,,,462.0,919.0,1606.6,954.5,3933.9,,,657.7,1690.5,3288.5,2287.6,8956.0,,,1466.6,1985.5,5196.7,4384.7,9999.9,,,3660.3,4575.3,7795.1,5846.3,8769.5,,,1697.3,2647.3,3567.2,7942.1,9999.9,,,7795.1,9999.9,9999.9,9999.9,9999.9,,,,,,,,,,,,,,,,,545.2,1417.2,2043.3,1939.7,6190.2,,,965.4,3478.8,4209.3,4677.0,9999.9,,,3394.6,4008.9,8253.6,8253.6,9999.9,,,5538.6,7942.1,9999.9,9999.9,9999.9,,,3933.9,7015.6,9566.7,8253.6,4478.0,,,9999.9,9999.9,9999.9,9999.9,9999.9,,,,,,,,,,,,,,,,,206.6,574.2,439.3,651.6,2943.6,,,343.3,1436.6,1291.2,2582.4,7015.6,,,1718.1,2825.0,3118.0,7384.8,9999.9,,,1461.5,1791.2,2351.5,5846.3,9999.9,,,3050.2,4575.3,8418.7,6577.1,7257.5,,,8253.6,9999.9,9999.9,9999.9,9789.2,,,,,,,,,,,,,,,,,4894.6,9354.1,6013.3,8253.6,6377.8,,,6282.6,9999.9,9999.9,9999.9,9999.9,,,9999.9,9999.9,9999.9,9999.9,9999.9,,,9999.9,9999.9,9999.9,9999.9,9999.9,,,9999.9,9999.9,9999.9,9999.9,8418.7,,,8769.5,9999.9,9999.9,9999.9,9354.1,,,,,,,,,,,,,,,,,,,,,,,,,,,,,,,,,,,,,,,,,,,,,,,,,,,,,,,,,,,,,,,,,,,,,,,,,,,,,,,,,,,,,,,,,,,,,,,,,,,,,,,,,,,,,,,,,,,,,,,,,,,,,,,,
20260915_伊東_3R,20260915,37,伊東,3,51.5,30.8,72.6,38.0,83.5,,,44.2,71.6,183.1,38.5,61.3,,,23.6,54.6,122.3,33.7,74.3,,,229.3,437.5,370.1,244.0,363.4,,,16.2,23.6,25.3,86.4,15.8,,,76.7,65.5,129.5,234.7,52.0,,,,,,,,,,,,,,,,,128.2,55.7,104.0,113.1,241.1,,,224.0,201.5,305.8,502.7,944.3,,,38.5,86.8,43.8,89.8,340.0,,,173.0,250.4,121.2,437.5,832.1,,,236.3,498.6,177.0,507.7,1159.4,,,817.5,1733.8,1135.9,1632.7,2043.8,,,,,,,,,,,,,,,,,122.3,231.7,374.5,111.9,225.5,,,218.5,261.4,309.9,522.4,930.2,,,325.0,245.8,753.7,617.4,1323.9,,,890.3,750.6,1117.8,1937.7,1978.8,,,246.9,450.5,682.9,1382.7,1079.0,,,741.7,1336.5,1830.1,2137.4,1538.5,,,,,,,,,,,,,,,,,22.7,64.5,110.8,45.7,98.1,,,18.8,61.8,23.1,53.3,170.4,,,172.4,166.1,463.5,329.6,460.9,,,310.2,169.4,604.1,686.3,1336.5,,,79.5,59.9,186.9,396.6,388.6,,,577.3,709.7,1042.8,1651.9,1222.7,,,,,,,,,,,,,,,,,540.5,1372.6,991.1,1604.6,2267.2,,,500.4,733.0,352.8,1466.0,1891.9,,,1717.8,1108.9,2029.0,3414.7,3589.8,,,844.6,436.8,1733.8,2170.6,3373.6,,,2240.0,2393.2,4210.6,2814.1,4553.0,,,3237.1,2604.7,4590.3,3971.7,5283.2,,,,,,,,,,,,,,,,,36.8,85.0,71.9,240.1,56.2,,,152.0,435.1,164.0,352.6,1010.8,,,279.8,469.4,553.3,1296.3,1191.5,,,138.5,85.7,301.8,688.8,679.6,,,1183.9,1044.8,1824.1,1600.0,2994.7,,,550.1,1454.6,1400.0,1525.9,2477.9,,,,,,,,,,,,,,,,,692.2,706.2,784.3,1296.3,558.3,,,1244.4,2445.5,3027.1,3163.9,3733.4,,,1106.7,2488.9,3414.7,3862.2,2963.0,,,1222.7,2828.3,3733.4,2978.8,3544.4,,,2058.9,3181.9,4480.1,2842.7,5333.5,,,890.3,2842.7,2424.3,3043.5,4210.6,,,,,,,,,,,,,,,,,,,,,,,,,,,,,,,,,,,,,,,,,,,,,,,,,,,,,,,,,,,,,,,,,,,,,,,,,,,,,,,,,,,,,,,,,,,,,,,,,,,,,,,,,,,,,,,,,,,,,,,,,,,,,,,,
20260915_伊東_4R,20260915,37,伊東,4,21.9,42.2,89.9,106.2,97.1,,,18.3,54.7,12.2,82.6,78.8,,,89.2,144.6,368.1,389.9,362.3,,,381.2,135.6,569.8,512.3,571.0,,,214.3,208.3,466.5,627.2,311.1,,,253.6,160.4,422.3,489.0,210.1,,,,,,,,,,,,,,,,,15.7,27.2,74.2,86.2,76.3,,,19.5,38.1,62.1,127.1,98.1,,,17.7,23.0,73.8,59.1,65.4,,,336.3,263.6,392.7,915.2,795.6,,,201.0,224.2,160.3,712.9,193.7,,,167.6,170.6,126.7,436.8,106.3,,,,,,,,,,,,,,,,,20.0,67.9,23.8,115.8,71.2,,,31.4,75.4,76.2,222.9,125.6,,,208.6,186.3,379.6,724.2,665.3,,,92.4,142.2,283.0,447.5,232.6,,,419.4,563.4,973.7,717.5,670.2,,,282.1,313.9,718.5,473.0,536.9,,,,,,,,,,,,,,,,,126.3,256.2,846.0,638.9,617.3,,,57.2,67.2,306.7,166.9,146.8,,,336.9,181.4,672.6,721.3,711.0,,,1877.4,903.1,1398.5,2635.6,2661.2,,,1245.9,517.1,892.8,2458.4,699.2,,,754.0,313.4,1144.5,2060.9,590.1,,,,,,,,,,,,,,,,,1243.1,551.5,2192.9,2931.6,2293.8,,,1092.0,721.3,1337.1,2900.6,1791.5,,,403.7,539.0,1220.9,1757.1,1085.5,,,2561.8,1631.6,1734.8,3405.1,3405.1,,,2782.8,3514.2,2201.7,2931.6,2610.5,,,2265.3,2491.9,1676.5,3263.2,1890.4,,,,,,,,,,,,,,,,,706.4,547.6,1337.1,2425.7,718.5,,,622.9,732.9,706.4,1950.9,627.2,,,753.0,946.8,1423.9,1617.1,973.7,,,1527.0,1096.4,1740.3,3342.8,1263.1,,,3224.8,3679.3,2855.3,3754.9,2623.0,,,319.1,446.8,359.7,576.4,774.3,,,,,,,,,,,,,,,,,379.6,170.4,641.1,577.0,230.6,,,172.0,197.9,217.6,547.1,134.5,,,307.4,395.8,801.4,367.6,306.2,,,611.1,387.9,888.5,1676.5,392.1,,,1340.4,1420.2,1007.7,2053.2,912.1,,,87.9,116.1,111.4,165.4,260.6,,,,,,,,,,,,,,,,,,,,,,,,,,,,,,,,,,,,,,,,,,,,,,,,,,,,,,,,,,,,,,,,,,,,,,,,,,,,,,,,,,,,,,,,,,,,,,,,,,,,,,,,,,,,,,,,,,,,,,,,,,,,,,,,
20260915_伊東_5R,20260915,37,伊東,5,104.3,108.6,293.1,237.0,208.7,,,121.9,97.6,220.0,56.5,208.1,,,101.5,145.6,113.4,294.1,191.4,,,735.9,556.5,419.8,862.8,660.6,,,628.1,170.0,566.1,818.8,582.4,,,219.1,190.6,194.7,394.4,358.5,,,,,,,,,,,,,,,,,111.2,115.6,268.7,277.4,175.0,,,239.1,193.8,448.7,436.5,435.6,,,52.9,57.0,16.0,147.1,51.9,,,445.2,446.8,92.8,825.3,280.4,,,1013.9,833.0,772.3,1377.9,1119.1,,,182.1,339.6,106.7,248.6,735.1,,,,,,,,,,,,,,,,,209.7,160.6,323.9,179.2,271.6,,,341.1,339.0,853.4,754.6,742.1,,,295.2,307.4,430.8,617.5,500.0,,,1034.0,1405.8,771.3,1511.1,1139.5,,,345.8,904.0,741.2,1047.9,830.8,,,417.3,676.3,515.7,894.9,837.4,,,,,,,,,,,,,,,,,54.4,146.8,88.2,314.2,138.0,,,23.5,35.0,7.0,120.1,20.6,,,222.7,133.2,205.5,418.7,288.8,,,77.2,16.5,90.7,136.5,29.2,,,620.6,452.0,580.8,373.4,628.7,,,114.8,29.5,155.5,32.5,265.8,,,,,,,,,,,,,,,,,1387.1,1342.4,768.5,2843.6,1256.2,,,1040.9,896.2,177.3,902.7,422.9,,,1468.5,1655.0,886.1,2768.1,1567.9,,,384.5,108.0,388.8,531.5,176.1,,,4198.6,2780.4,2662.1,2179.7,1525.8,,,1086.1,529.7,889.9,299.6,1076.7,,,,,,,,,,,,,,,,,2818.0,679.9,2202.8,2780.4,1979.7,,,2343.0,1936.8,2078.4,3275.3,2696.5,,,614.5,1967.2,1276.7,1757.3,1325.4,,,2250.3,1954.9,1641.9,1587.8,1884.3,,,3959.4,3934.5,3127.9,3036.8,2187.4,,,1829.2,2387.7,1496.6,1672.7,1845.4,,,,,,,,,,,,,,,,,68.8,68.2,90.1,156.3,151.7,,,59.0,141.2,40.6,118.9,323.3,,,204.5,359.3,247.9,396.9,232.3,,,88.0,27.8,106.3,26.9,142.6,,,417.3,201.6,408.3,79.7,328.5,,,334.0,494.1,287.2,363.5,469.3,,,,,,,,,,,,,,,,,,,,,,,,,,,,,,,,,,,,,,,,,,,,,,,,,,,,,,,,,,,,,,,,,,,,,,,,,,,,,,,,,,,,,,,,,,,,,,,,,,,,,,,,,,,,,,,,,,,,,,,,,,,,,,,,
20260915_伊東_6R,20260915,37,伊東,6,4.6,20.8,36.3,37.7,74.9,,,14.0,35.2,49.4,51.9,95.5,,,92.8,92.8,131.9,239.4,412.0,,,133.1,102.2,117.2,301.6,638.5,,,83.3,78.5,186.1,257.1,121.1,,,282.5,268.4,623.0,864.3,252.0,,,,,,,,,,,,,,,,,8.4,24.2,43.3,40.2,84.3,,,76.5,346.3,461.7,456.5,914.5,,,100.9,331.9,179.6,308.8,641.4,,,172.9,560.2,204.0,341.9,820.5,,,133.1,453.9,338.7,402.7,258.4,,,395.4,1235.3,962.6,1084.1,429.8,,,,,,,,,,,,,,,,,92.7,240.0,326.0,285.3,465.9,,,157.2,694.0,1053.9,1059.8,1707.8,,,644.3,1001.7,864.3,1811.5,2010.6,,,959.4,1382.9,984.3,2003.5,3016.0,,,781.0,1406.9,2054.3,2046.9,1265.6,,,1382.9,3032.1,2953.1,3780.0,1566.3,,,,,,,,,,,,,,,,,158.1,198.3,163.6,276.1,443.6,,,184.4,519.2,227.7,437.5,685.6,,,519.2,782.0,627.9,1453.8,1728.6,,,89.3,131.1,241.3,142.0,278.7,,,263.7,350.2,637.0,215.5,354.8,,,776.7,1291.5,1597.2,703.4,668.6,,,,,,,,,,,,,,,,,166.2,182.6,152.0,548.3,924.9,,,274.0,662.3,286.2,573.3,1134.0,,,757.0,1094.6,788.6,1883.7,2508.8,,,70.2,124.8,188.5,215.8,312.4,,,507.6,540.5,1196.2,375.5,385.9,,,1340.4,1366.2,2164.1,945.0,530.4,,,,,,,,,,,,,,,,,87.8,106.2,224.7,316.5,132.4,,,77.5,446.8,242.7,374.2,133.6,,,501.3,928.0,1086.2,1566.3,675.8,,,221.5,291.6,698.2,288.2,260.8,,,405.2,458.3,1084.1,232.0,302.7,,,58.8,76.2,200.2,132.3,153.6,,,,,,,,,,,,,,,,,680.6,913.0,972.5,1777.4,402.9,,,601.2,1697.6,786.4,1766.3,452.5,,,1941.8,3355.0,3395.2,4361.6,1597.2,,,975.9,846.2,1846.9,1111.7,538.4,,,1739.2,2259.0,2520.0,1232.6,608.3,,,239.3,291.6,607.0,330.6,437.1,,,,,,,,,,,,,,,,,,,,,,,,,,,,,,,,,,,,,,,,,,,,,,,,,,,,,,,,,,,,,,,,,,,,,,,,,,,,,,,,,,,,,,,,,,,,,,,,,,,,,,,,,,,,,,,,,,,,,,,,,,,,,,,,
20260915_伊東_7R,20260915,37,伊東,7,53.7,57.1,87.4,186.0,213.3,,,39.1,16.1,40.0,56.1,53.8,,,39.0,10.6,47.9,58.3,61.4,,,133.2,71.3,119.0,282.1,268.3,,,203.0,94.1,101.3,252.4,101.2,,,202.3,91.7,102.8,251.9,86.1,,,,,,,,,,,,,,,,,66.3,88.7,63.5,222.2,189.6,,,255.0,605.7,396.7,786.2,855.7,,,204.6,571.3,361.6,585.0,824.1,,,36.1,99.4,152.0,131.1,86.9,,,377.2,791.3,646.1,345.6,450.6,,,247.5,589.6,529.8,201.0,378.5,,,,,,,,,,,,,,,,,182.7,90.3,165.6,235.7,234.3,,,345.6,644.4,682.0,1049.8,1383.3,,,176.6,660.0,563.0,620.5,826.8,,,432.3,808.7,771.4,1023.5,1385.9,,,444.4,1258.0,785.4,1017.8,852.7,,,392.4,1589.4,1032.1,1357.8,608.2,,,,,,,,,,,,,,,,,133.2,26.5,113.8,123.6,109.3,,,289.0,785.4,552.0,786.2,1009.5,,,166.1,663.0,618.4,661.2,727.2,,,276.6,670.2,750.1,858.7,943.5,,,203.9,744.1,516.8,692.9,252.7,,,176.3,802.5,485.7,587.8,236.4,,,,,,,,,,,,,,,,,138.0,131.5,230.9,471.7,484.1,,,64.8,166.8,249.6,211.3,187.3,,,389.7,584.0,1063.4,1232.7,1391.1,,,316.1,521.5,713.8,808.7,1061.9,,,514.6,515.3,968.3,1206.4,532.1,,,654.7,636.0,1249.4,1511.1,778.7,,,,,,,,,,,,,,,,,178.1,74.4,79.8,191.3,63.3,,,284.5,589.2,563.9,305.1,342.1,,,210.4,653.0,532.8,688.4,316.6,,,94.3,489.6,322.3,445.2,175.1,,,304.1,424.6,679.5,813.1,355.6,,,31.7,147.7,97.3,98.5,115.3,,,,,,,,,,,,,,,,,165.7,74.4,84.6,166.0,38.4,,,231.8,683.3,537.9,222.7,245.8,,,240.5,736.6,488.3,673.9,243.7,,,126.1,548.3,373.3,434.9,136.6,,,280.0,365.4,692.3,583.6,268.0,,,27.5,119.5,95.0,84.8,104.3,,,,,,,,,,,,,,,,,,,,,,,,,,,,,,,,,,,,,,,,,,,,,,,,,,,,,,,,,,,,,,,,,,,,,,,,,,,,,,,,,,,,,,,,,,,,,,,,,,,,,,,,,,,,,,,,,,,,,,,,,,,,,,,,
20260915_伊東_8R,20260915,37,伊東,8,10.1,21.1,14.6,58.4,38.1,,,28.5,39.1,48.4,150.6,143.3,,,62.5,60.3,109.7,225.8,279.0,,,36.7,51.8,76.9,93.0,159.4,,,160.7,235.9,295.7,168.1,609.1,,,134.5,218.6,369.4,240.9,655.0,,,,,,,,,,,,,,,,,41.0,79.6,46.7,157.4,105.2,,,149.0,322.9,433.2,954.8,923.4,,,253.0,345.1,716.1,1033.1,1493.7,,,109.9,348.1,361.5,396.1,641.2,,,457.9,1437.8,1675.2,785.4,1963.5,,,558.8,1830.6,2057.5,1426.6,1902.1,,,,,,,,,,,,,,,,,54.3,50.6,64.5,202.9,174.1,,,104.1,188.3,282.5,536.6,690.3,,,38.5,112.9,66.1,204.1,176.5,,,80.2,221.2,104.5,242.7,288.5,,,369.2,753.7,422.7,389.7,1057.0,,,397.8,868.5,518.0,576.5,1103.3,,,,,,,,,,,,,,,,,157.2,100.7,211.1,521.3,407.8,,,254.5,303.5,583.4,930.4,1191.5,,,53.5,125.4,81.5,310.5,243.7,,,149.1,245.9,109.1,384.6,453.3,,,874.7,1383.3,667.0,711.2,1739.1,,,918.7,1790.2,671.9,985.7,2142.0,,,,,,,,,,,,,,,,,30.8,38.8,53.4,77.3,88.7,,,54.2,176.3,171.3,208.6,241.9,,,49.5,131.2,52.6,147.1,157.4,,,85.6,166.1,64.5,221.7,186.9,,,83.2,177.2,151.4,201.5,211.2,,,124.0,236.3,180.3,213.3,268.2,,,,,,,,,,,,,,,,,402.8,683.9,1111.7,365.5,1340.2,,,574.2,1892.2,1872.8,954.8,2656.0,,,833.8,1743.2,884.2,740.0,2220.1,,,1472.6,2028.9,1120.2,1006.0,2745.9,,,155.4,341.7,304.0,493.5,471.5,,,2186.9,3246.3,2921.7,3217.7,1049.4,,,,,,,,,,,,,,,,,388.5,670.7,940.0,641.8,1404.6,,,558.0,2129.5,2200.0,1722.7,2571.9,,,756.1,1937.4,846.3,1027.3,1979.4,,,1449.2,2518.7,1106.7,1544.2,2745.9,,,546.3,1083.7,705.0,981.7,716.1,,,2046.0,2993.5,2809.3,2945.2,921.0,,,,,,,,,,,,,,,,,,,,,,,,,,,,,,,,,,,,,,,,,,,,,,,,,,,,,,,,,,,,,,,,,,,,,,,,,,,,,,,,,,,,,,,,,,,,,,,,,,,,,,,,,,,,,,,,,,,,,,,,,,,,,,,,
20260915_伊東_9R,20260915,37,伊東,9,24.8,34.3,127.1,92.2,43.8,,,9.1,20.9,36.8,27.3,7.4,,,33.0,47.5,178.6,158.5,67.6,,,158.9,93.7,197.7,126.2,152.5,,,93.4,65.1,163.3,121.1,107.9,,,24.9,16.4,50.3,83.7,61.3,,,,,,,,,,,,,,,,,117.0,82.2,301.6,227.9,172.3,,,193.7,450.4,596.9,903.2,774.9,,,55.3,210.0,287.1,217.0,297.1,,,588.9,1154.3,563.6,805.8,1481.5,,,397.2,1060.9,492.6,697.7,1045.5,,,482.0,1016.0,841.4,1460.1,1348.8,,,,,,,,,,,,,,,,,46.8,72.0,83.0,63.2,36.4,,,161.4,493.6,575.2,892.0,702.1,,,268.3,442.1,1145.2,910.5,1117.3,,,293.0,936.7,1182.8,505.4,1055.3,,,204.9,757.4,957.2,452.4,849.2,,,148.6,608.1,878.8,961.8,998.9,,,,,,,,,,,,,,,,,44.1,110.8,394.4,219.4,138.9,,,33.8,159.9,299.4,148.9,198.7,,,206.5,333.8,1288.5,977.6,1121.0,,,583.1,575.2,986.2,620.1,1707.1,,,281.9,261.8,855.0,680.3,580.5,,,609.6,809.0,1417.0,2183.8,1659.4,,,,,,,,,,,,,,,,,280.6,232.2,369.4,219.2,367.4,,,573.2,1359.7,822.9,687.7,1531.0,,,414.1,1258.0,1588.8,640.1,1470.7,,,749.0,669.9,1141.3,791.9,2013.8,,,164.6,274.9,319.5,350.8,543.0,,,1171.8,2379.5,2242.0,2734.2,1779.4,,,,,,,,,,,,,,,,,132.3,118.1,233.6,159.0,241.4,,,253.4,745.6,493.8,452.8,1186.9,,,193.9,702.1,1068.7,481.1,1251.7,,,363.1,379.7,1020.1,516.6,1102.6,,,124.4,218.8,270.0,290.4,518.9,,,931.6,1692.8,2017.8,2088.8,1505.8,,,,,,,,,,,,,,,,,171.0,136.3,287.6,346.9,367.6,,,570.9,1166.3,1559.3,2613.8,2106.3,,,311.7,696.2,1900.0,1093.0,1524.0,,,900.0,1499.1,2534.9,3057.3,3048.1,,,1365.2,3113.9,2396.5,3479.0,2613.8,,,1184.1,2528.6,2826.1,3213.1,2503.5,,,,,,,,,,,,,,,,,,,,,,,,,,,,,,,,,,,,,,,,,,,,,,,,,,,,,,,,,,,,,,,,,,,,,,,,,,,,,,,,,,,,,,,,,,,,,,,,,,,,,,,,,,,,,,,,,,,,,,,,,,,,,,,,
20260915_岐阜_1R,20260915,43,岐阜,1,98.9,146.9,30.2,314.8,82.4,,,178.4,75.4,90.3,546.9,130.1,,,229.4,97.2,91.1,395.2,125.3,,,17.2,43.4,46.3,109.3,29.8,,,752.0,820.4,685.4,304.1,410.2,,,42.1,47.7,54.0,25.5,86.0,,,,,,,,,,,,,,,,,190.9,262.2,53.9,515.6,159.7,,,310.2,374.7,221.9,1289.2,676.8,,,456.9,455.0,299.1,1190.0,880.4,,,33.2,102.2,108.2,232.8,143.0,,,1021.6,2123.4,2082.5,846.0,1424.9,,,274.1,652.3,762.6,254.8,1082.9,,,,,,,,,,,,,,,,,234.4,126.0,119.1,644.6,210.6,,,276.9,280.5,165.0,752.0,582.2,,,82.7,111.9,43.5,156.2,126.3,,,68.2,66.2,48.2,303.3,159.2,,,1304.7,1388.3,717.1,917.7,1336.9,,,399.6,370.8,290.3,340.5,1041.2,,,,,,,,,,,,,,,,,388.1,176.9,188.3,762.6,297.5,,,455.0,360.9,291.1,1388.3,814.2,,,123.7,221.9,88.8,230.4,203.1,,,193.0,215.2,124.1,528.2,392.3,,,1304.7,1835.4,676.8,1041.2,1289.2,,,523.1,1336.9,604.9,731.7,1203.2,,,,,,,,,,,,,,,,,19.0,44.4,54.9,110.5,34.8,,,18.3,36.1,42.0,89.6,61.9,,,75.9,56.3,42.9,258.4,147.9,,,87.9,71.0,54.5,279.1,165.8,,,334.2,306.7,477.0,411.7,541.4,,,83.3,120.5,193.0,194.7,305.0,,,,,,,,,,,,,,,,,2043.2,1406.4,1370.8,520.6,859.4,,,2354.2,2641.3,3281.6,1592.5,3493.3,,,1933.8,2776.7,1370.8,2082.5,2707.3,,,2304.1,2578.4,1424.9,2210.0,2578.4,,,503.6,966.9,1190.0,1177.1,1259.2,,,941.6,2578.4,2849.8,2082.5,1666.0,,,,,,,,,,,,,,,,,161.8,145.1,223.2,99.8,369.6,,,405.5,814.2,1177.1,510.8,1592.5,,,492.2,1072.2,808.1,933.5,1592.5,,,549.7,1304.7,894.9,1051.3,1051.3,,,168.6,300.8,625.9,625.9,598.3,,,689.7,2043.2,2165.8,1775.3,1274.0,,,,,,,,,,,,,,,,,,,,,,,,,,,,,,,,,,,,,,,,,,,,,,,,,,,,,,,,,,,,,,,,,,,,,,,,,,,,,,,,,,,,,,,,,,,,,,,,,,,,,,,,,,,,,,,,,,,,,,,,,,,,,,,,
20260915_岐阜_2R,20260915,43,岐阜,2,340.4,189.5,485.4,807.8,807.8,,,189.5,21.0,91.9,340.4,291.0,,,55.4,12.7,44.4,184.1,145.8,,,501.1,169.6,140.9,839.1,622.1,,,1273.6,933.2,731.4,1503.5,2165.1,,,1691.5,1011.7,513.0,966.5,2303.3,,,,,,,,,,,,,,,,,303.2,225.0,528.0,762.3,1592.0,,,279.7,274.7,487.6,852.4,1370.3,,,109.6,178.6,195.7,211.4,832.7,,,366.9,365.7,265.3,454.8,813.9,,,438.2,569.7,343.6,370.7,813.9,,,2405.7,2577.5,1774.6,1546.5,1774.6,,,,,,,,,,,,,,,,,139.5,14.2,52.6,273.3,205.4,,,259.6,230.3,402.4,680.8,1040.9,,,16.2,106.3,57.4,322.1,282.6,,,80.5,305.8,78.9,558.0,341.5,,,873.0,909.7,894.6,1021.2,1353.2,,,778.8,1387.9,820.1,767.7,1899.2,,,,,,,,,,,,,,,,,30.7,4.6,24.8,94.1,106.5,,,65.0,77.1,93.0,104.8,301.5,,,11.3,77.7,57.5,264.0,284.1,,,50.7,140.2,69.5,285.6,252.9,,,231.8,329.0,489.8,336.2,958.0,,,342.5,1189.6,917.4,362.0,1462.9,,,,,,,,,,,,,,,,,292.5,95.1,68.7,454.8,168.3,,,269.9,244.9,182.8,370.7,447.3,,,76.9,266.6,70.7,479.0,269.9,,,53.6,159.2,64.0,370.7,171.2,,,611.6,445.5,636.8,644.3,503.5,,,165.5,563.8,293.3,213.9,503.5,,,,,,,,,,,,,,,,,1176.7,1320.2,966.5,2460.3,2640.4,,,680.8,762.3,598.1,558.0,1002.3,,,1405.9,1273.6,1288.7,1968.3,2577.5,,,859.1,741.4,1202.8,1370.3,2517.5,,,1370.3,685.1,1443.4,1244.3,1082.5,,,2405.7,1546.5,2775.8,2640.4,1568.9,,,,,,,,,,,,,,,,,2640.4,1804.2,1202.8,1370.3,3866.3,,,2577.5,3383.0,2460.3,1804.2,3280.5,,,2255.3,3732.9,2577.5,1665.4,5412.8,,,1258.7,3007.1,2165.1,1353.2,3280.5,,,1273.6,1482.9,1104.6,1216.3,1691.5,,,6014.2,3007.1,4706.8,6014.2,2303.3,,,,,,,,,,,,,,,,,,,,,,,,,,,,,,,,,,,,,,,,,,,,,,,,,,,,,,,,,,,,,,,,,,,,,,,,,,,,,,,,,,,,,,,,,,,,,,,,,,,,,,,,,,,,,,,,,,,,,,,,,,,,,,,,
20260915_岐阜_3R,20260915,43,岐阜,3,103.9,66.9,70.2,139.7,60.4,,,244.0,234.1,236.6,338.9,327.9,,,44.8,97.1,18.2,37.4,38.1,,,32.6,93.3,13.4,18.7,21.9,,,119.9,216.1,55.2,43.2,108.2,,,36.1,137.8,35.8,30.3,81.0,,,,,,,,,,,,,,,,,149.5,137.0,177.3,394.1,89.7,,,109.5,94.0,376.0,472.0,65.2,,,108.8,106.6,392.3,620.3,97.8,,,294.2,505.4,557.9,1456.2,304.6,,,1218.7,1353.0,1311.7,2490.4,1684.7,,,50.1,41.7,76.0,142.4,455.8,,,,,,,,,,,,,,,,,545.5,668.6,668.6,1254.3,810.5,,,340.9,278.9,1028.9,788.2,255.3,,,607.2,490.9,1591.1,1468.7,753.6,,,899.6,1952.7,2148.0,4296.0,2231.7,,,2175.2,2021.6,2564.8,4522.1,3996.3,,,867.8,484.0,895.0,1888.3,3369.4,,,,,,,,,,,,,,,,,76.2,155.5,40.7,97.8,68.4,,,120.7,185.7,324.2,453.4,149.6,,,358.0,350.6,818.2,799.2,478.6,,,94.6,333.0,679.2,396.8,295.7,,,327.9,671.2,928.8,641.2,692.9,,,116.0,130.1,310.1,253.8,486.8,,,,,,,,,,,,,,,,,78.0,268.5,53.7,73.1,83.5,,,244.4,629.4,480.0,2291.2,405.2,,,671.2,1047.8,1606.0,2912.5,1652.3,,,136.2,463.1,944.1,734.3,557.9,,,381.0,1998.1,3369.4,1123.1,1930.8,,,181.6,352.1,944.1,525.5,1301.8,,,,,,,,,,,,,,,,,1145.6,1321.8,636.4,395.0,1161.0,,,1867.8,2527.0,2527.0,5207.3,4406.2,,,2490.4,2685.0,3182.2,6609.3,5543.2,,,993.3,2148.0,2175.2,1701.4,2231.7,,,565.2,5207.3,5207.3,1684.7,3996.3,,,2070.3,3580.0,4909.7,2322.1,5207.3,,,,,,,,,,,,,,,,,44.0,148.3,52.7,56.6,109.1,,,33.8,32.2,65.2,133.1,279.8,,,448.6,218.9,493.7,1004.9,1735.7,,,111.9,128.2,276.2,260.7,522.3,,,152.0,261.1,602.9,285.4,704.2,,,770.5,1311.7,1790.0,1080.7,1606.0,,,,,,,,,,,,,,,,,,,,,,,,,,,,,,,,,,,,,,,,,,,,,,,,,,,,,,,,,,,,,,,,,,,,,,,,,,,,,,,,,,,,,,,,,,,,,,,,,,,,,,,,,,,,,,,,,,,,,,,,,,,,,,,,
20260915_岐阜_4R,20260915,43,岐阜,4,573.8,646.7,1124.3,2685.9,279.0,,,703.2,855.6,359.4,2248.6,383.7,,,1039.7,1098.7,1297.8,2685.9,676.1,,,1401.3,604.3,1487.5,2417.3,664.5,,,3516.1,2886.3,3119.1,3334.2,2975.1,,,174.3,203.1,292.5,290.3,1137.5,,,,,,,,,,,,,,,,,552.5,478.6,867.2,2079.4,206.1,,,729.7,554.1,749.5,1933.8,246.6,,,286.4,339.8,483.4,338.0,69.2,,,1223.9,1092.5,903.6,1973.3,397.9,,,2843.9,2479.3,903.6,3069.6,570.4,,,48.5,61.1,10.4,88.7,164.8,,,,,,,,,,,,,,,,,619.8,485.8,259.2,1681.6,308.9,,,664.5,688.2,666.8,1652.8,318.5,,,903.6,1151.1,1092.5,2035.6,740.9,,,364.1,562.1,570.4,2172.8,468.2,,,3581.2,3648.7,3453.3,2930.0,3867.7,,,178.0,187.3,272.3,203.5,899.4,,,,,,,,,,,,,,,,,867.2,1432.4,2035.6,2544.5,657.7,,,617.8,700.6,899.4,957.3,146.9,,,1696.3,1239.6,1534.8,3277.7,895.3,,,2387.4,1476.2,1742.2,3453.3,1280.7,,,1611.5,1454.0,3581.2,3392.7,1667.1,,,377.7,115.4,461.5,562.1,700.6,,,,,,,,,,,,,,,,,1499.1,623.8,1465.0,2975.1,683.3,,,1534.8,981.6,920.8,2613.3,528.3,,,473.9,895.3,1068.4,2649.1,604.3,,,1774.1,1742.2,1547.0,2930.0,1371.5,,,3791.8,3718.9,3392.7,4114.5,3334.2,,,364.8,369.7,369.0,547.8,1454.0,,,,,,,,,,,,,,,,,5860.1,4958.6,5371.8,4604.4,5226.6,,,4716.7,4958.6,2723.7,4297.4,2762.6,,,4395.1,8057.7,5687.8,5525.3,6906.6,,,5226.6,3119.1,6668.4,5226.6,3516.1,,,6906.6,6043.3,6446.2,7162.4,5371.8,,,3223.1,2102.0,5687.8,2248.6,2843.9,,,,,,,,,,,,,,,,,31.4,26.5,35.0,34.9,203.7,,,14.5,20.7,2.7,31.5,87.0,,,36.0,47.1,49.0,44.2,238.7,,,50.3,15.5,64.7,83.1,110.8,,,55.5,81.0,53.7,79.8,269.7,,,497.1,326.6,596.8,394.6,544.7,,,,,,,,,,,,,,,,,,,,,,,,,,,,,,,,,,,,,,,,,,,,,,,,,,,,,,,,,,,,,,,,,,,,,,,,,,,,,,,,,,,,,,,,,,,,,,,,,,,,,,,,,,,,,,,,,,,,,,,,,,,,,,,,
20260915_岐阜_5R,20260915,43,岐阜,5,254.3,252.4,221.0,315.5,,,,173.3,80.6,74.4,116.1,,,,227.7,129.1,128.5,198.3,,,,143.4,85.0,84.2,111.1,,,,319.3,244.0,236.1,207.6,,,,,,,,,,,,,,,,,,,,,,,,,242.4,261.0,230.0,323.1,,,,185.9,177.1,154.3,254.3,,,,246.0,225.6,205.5,279.3,,,,167.2,171.4,162.1,202.6,,,,315.5,364.5,313.3,311.2,,,,,,,,,,,,,,,,,,,,,,,,,114.2,83.9,65.7,107.5,,,,118.4,119.5,93.9,176.4,,,,48.9,65.7,17.3,39.5,,,,46.5,72.0,19.2,38.3,,,,125.1,140.6,82.3,61.2,,,,,,,,,,,,,,,,,,,,,,,,,224.1,118.4,125.3,180.5,,,,245.8,192.2,181.6,242.7,,,,64.2,86.3,25.5,51.1,,,,74.4,90.3,26.8,53.1,,,,198.7,218.2,104.8,107.4,,,,,,,,,,,,,,,,,,,,,,,,,56.9,62.3,48.3,57.9,,,,57.5,63.7,54.0,71.5,,,,52.4,66.4,19.2,41.8,,,,38.5,47.8,16.5,33.2,,,,66.0,78.0,57.7,49.3,,,,,,,,,,,,,,,,,,,,,,,,,628.2,465.7,441.3,384.8,,,,555.8,585.9,542.4,501.1,,,,354.5,446.5,209.8,224.5,,,,342.3,399.0,207.3,206.0,,,,260.4,325.0,187.5,161.4,,,,,,,,,,,,,,,,,,,,,,,,,,,,,,,,,,,,,,,,,,,,,,,,,,,,,,,,,,,,,,,,,,,,,,,,,,,,,,,,,,,,,,,,,,,,,,,,,,,,,,,,,,,,,,,,,,,,,,,,,,,,,,,,,,,,,,,,,,,,,,,,,,,,,,,,,,,,,,,,,,,,,,,,,,,,,,,,,,,,,,,,,,,,,,,,
20260915_岐阜_6R,20260915,43,岐阜,6,597.1,823.9,441.3,1733.2,335.9,,,603.5,364.4,394.2,389.9,190.3,,,627.4,377.9,576.5,831.1,207.0,,,491.7,418.6,740.2,1155.4,238.6,,,2493.4,1347.1,2090.0,2560.8,1160.2,,,168.3,119.4,175.0,115.1,376.9,,,,,,,,,,,,,,,,,515.8,217.1,171.2,1018.8,269.9,,,422.3,251.1,137.9,250.4,309.3,,,158.7,305.9,104.0,628.8,249.5,,,81.4,61.8,67.4,229.0,63.7,,,1643.0,668.8,1214.7,785.2,1199.3,,,230.7,263.4,293.6,153.8,670.4,,,,,,,,,,,,,,,,,400.9,101.1,229.6,153.8,104.9,,,424.8,159.7,152.8,202.4,300.7,,,57.7,62.2,26.1,14.9,27.3,,,179.4,132.0,82.8,109.3,104.3,,,152.9,173.3,35.7,106.2,120.2,,,120.4,235.5,70.5,120.1,145.8,,,,,,,,,,,,,,,,,442.0,201.0,340.4,568.5,146.2,,,292.4,230.3,156.1,774.5,266.6,,,90.4,93.5,40.7,17.6,60.6,,,287.4,196.3,93.7,237.2,245.8,,,696.6,1160.2,135.9,437.3,678.4,,,182.2,259.5,147.8,205.0,475.3,,,,,,,,,,,,,,,,,171.0,205.3,400.9,587.2,123.7,,,73.7,38.3,75.5,183.9,42.8,,,158.1,85.1,109.2,117.2,100.0,,,339.2,165.7,111.0,476.1,245.4,,,805.2,608.6,258.4,710.6,582.4,,,92.3,86.8,90.1,194.5,329.7,,,,,,,,,,,,,,,,,3023.9,1520.0,2388.6,2960.9,1536.4,,,2707.1,983.5,2203.5,1579.1,2238.2,,,778.7,609.9,138.3,374.5,434.6,,,1933.6,1895.0,248.2,997.3,1366.5,,,2493.4,1315.9,597.1,1615.0,1407.1,,,1340.8,1933.6,780.9,1488.2,1179.4,,,,,,,,,,,,,,,,,80.2,56.0,90.7,48.9,177.8,,,126.6,154.8,194.4,100.5,462.1,,,96.5,170.1,88.5,96.1,129.6,,,119.2,183.2,112.5,142.9,348.3,,,70.0,76.5,55.7,133.8,230.1,,,500.4,833.5,361.6,556.2,521.5,,,,,,,,,,,,,,,,,,,,,,,,,,,,,,,,,,,,,,,,,,,,,,,,,,,,,,,,,,,,,,,,,,,,,,,,,,,,,,,,,,,,,,,,,,,,,,,,,,,,,,,,,,,,,,,,,,,,,,,,,,,,,,,,
20260915_岐阜_7R,20260915,43,岐阜,7,1112.7,874.0,1161.9,1643.9,682.3,,,771.5,527.9,1037.0,2143.1,419.3,,,303.9,274.2,58.3,294.6,125.6,,,1274.5,1411.3,438.3,861.0,638.6,,,3444.3,3909.8,1139.0,1195.5,2127.4,,,264.4,207.7,70.5,142.3,511.1,,,,,,,,,,,,,,,,,1241.7,1033.3,1333.3,2352.2,765.4,,,709.1,334.0,767.4,555.3,96.8,,,898.5,515.7,765.4,1190.6,512.0,,,1425.2,1581.0,1055.9,1446.6,1468.6,,,2630.2,1087.6,1152.6,1634.6,1231.1,,,435.0,85.5,266.4,622.2,456.3,,,,,,,,,,,,,,,,,716.1,779.8,1236.4,1995.3,404.0,,,495.4,236.5,567.3,365.7,65.2,,,595.3,293.7,497.9,817.3,234.4,,,1643.9,1358.3,1125.7,2278.1,980.7,,,3485.8,845.9,1607.3,2808.9,759.3,,,130.1,23.5,59.9,221.5,197.0,,,,,,,,,,,,,,,,,148.6,154.3,24.0,119.9,100.3,,,394.7,234.0,187.3,253.5,418.1,,,272.6,159.3,132.4,293.7,228.5,,,32.3,73.5,44.1,31.0,108.1,,,294.3,342.3,372.8,100.0,486.2,,,88.4,209.6,138.8,99.5,155.0,,,,,,,,,,,,,,,,,1274.5,1236.4,483.8,997.6,945.5,,,1572.4,1616.3,730.6,1711.9,1819.6,,,1682.1,1397.7,777.7,2278.1,1701.9,,,206.6,188.9,127.9,104.1,377.2,,,1231.1,1831.1,1981.6,588.0,2314.6,,,974.1,1538.9,984.1,615.5,2009.2,,,,,,,,,,,,,,,,,2922.4,3909.8,1241.7,1732.4,2583.2,,,2982.7,1425.2,1616.3,2159.1,1764.1,,,4254.8,1321.1,1928.8,3364.2,1252.4,,,836.2,904.1,1166.6,343.2,1029.6,,,1446.6,2081.4,2371.5,679.1,2560.4,,,1653.2,1104.3,882.0,882.0,1701.9,,,,,,,,,,,,,,,,,99.7,76.8,26.9,75.2,199.2,,,112.7,17.7,67.2,186.1,122.4,,,35.7,5.1,10.9,73.2,67.5,,,24.0,52.8,36.0,25.3,71.7,,,244.5,358.9,281.4,138.5,336.4,,,528.9,226.7,209.8,181.5,395.7,,,,,,,,,,,,,,,,,,,,,,,,,,,,,,,,,,,,,,,,,,,,,,,,,,,,,,,,,,,,,,,,,,,,,,,,,,,,,,,,,,,,,,,,,,,,,,,,,,,,,,,,,,,,,,,,,,,,,,,,,,,,,,,,
20260915_岐阜_8R,20260915,43,岐阜,8,234.1,84.8,139.6,121.8,103.1,,,307.3,127.7,515.7,456.7,459.4,,,54.6,60.1,143.3,94.1,128.7,,,223.0,569.7,372.1,292.2,706.0,,,79.4,238.9,77.2,149.2,282.8,,,355.0,648.0,660.2,869.4,1156.1,,,,,,,,,,,,,,,,,258.2,94.8,118.2,216.0,111.0,,,258.7,77.8,151.5,526.0,140.9,,,65.7,43.8,32.8,157.9,40.5,,,81.0,94.8,33.1,163.1,30.8,,,456.7,769.8,401.0,521.6,493.9,,,147.9,173.8,62.4,74.0,312.8,,,,,,,,,,,,,,,,,396.0,154.7,597.7,710.8,547.0,,,315.6,94.2,255.9,698.2,196.8,,,54.4,33.5,78.3,155.2,79.1,,,633.7,438.3,303.7,1461.2,956.4,,,912.1,1111.3,605.7,1835.0,2118.2,,,753.2,445.1,674.4,1724.7,2355.3,,,,,,,,,,,,,,,,,48.4,38.0,122.0,86.6,139.0,,,41.6,18.9,31.7,108.5,47.7,,,21.9,10.3,32.4,66.8,40.4,,,188.3,63.3,83.0,399.0,203.6,,,166.9,225.7,197.7,518.2,447.6,,,228.7,146.6,142.1,332.2,471.0,,,,,,,,,,,,,,,,,307.9,884.0,428.8,605.7,860.0,,,124.9,233.9,59.7,291.1,50.8,,,904.3,442.6,444.5,2238.4,1293.5,,,245.0,90.3,206.8,767.9,248.7,,,727.2,644.1,2391.0,753.2,950.6,,,1062.6,366.1,1793.3,807.2,2036.2,,,,,,,,,,,,,,,,,175.6,386.3,168.6,267.4,473.1,,,353.8,1209.2,570.7,567.6,879.1,,,874.2,1304.2,824.0,2465.7,2652.2,,,257.4,471.0,642.8,1014.8,867.0,,,431.7,572.8,2566.0,1139.4,2023.2,,,1384.3,2161.7,2922.4,1985.0,2652.2,,,,,,,,,,,,,,,,,992.5,2793.1,1396.5,1320.5,2320.7,,,508.2,681.6,233.6,253.9,860.0,,,2373.0,1252.4,1191.0,2270.6,4508.8,,,906.9,271.8,864.7,466.2,1428.1,,,1247.5,366.5,1901.3,551.7,2446.6,,,2608.4,2485.2,3064.2,3064.2,2446.6,,,,,,,,,,,,,,,,,,,,,,,,,,,,,,,,,,,,,,,,,,,,,,,,,,,,,,,,,,,,,,,,,,,,,,,,,,,,,,,,,,,,,,,,,,,,,,,,,,,,,,,,,,,,,,,,,,,,,,,,,,,,,,,,
20260915_岐阜_9R,20260915,43,岐阜,9,97.4,293.6,68.2,125.2,125.7,,,87.9,233.8,55.7,198.3,71.0,,,780.3,866.3,157.9,1047.3,983.1,,,45.6,56.2,22.9,92.4,49.4,,,183.6,284.0,579.6,150.6,286.7,,,162.2,108.4,486.8,104.9,281.0,,,,,,,,,,,,,,,,,81.5,201.8,46.8,100.9,113.7,,,63.4,316.8,107.1,76.7,50.5,,,564.1,778.8,342.5,457.9,788.0,,,90.8,179.7,128.8,128.9,175.0,,,45.4,46.2,150.6,47.4,49.0,,,122.8,53.2,327.1,105.2,99.9,,,,,,,,,,,,,,,,,63.7,217.8,41.3,167.8,60.5,,,47.6,311.4,95.1,83.2,46.0,,,727.9,737.3,512.9,905.4,623.8,,,113.8,152.4,197.3,279.5,153.2,,,178.8,147.6,594.2,243.5,165.3,,,33.9,26.1,161.4,50.6,81.6,,,,,,,,,,,,,,,,,1966.2,2656.4,764.0,2571.3,2805.0,,,1782.7,2240.9,1536.8,1685.3,2571.3,,,2345.7,2359.5,2005.6,2885.7,1919.2,,,606.8,1289.7,1650.7,1585.4,1714.2,,,2728.7,1910.1,2906.6,2554.9,3158.4,,,3370.7,3015.9,1985.7,2522.7,3457.9,,,,,,,,,,,,,,,,,105.3,152.0,59.8,236.5,104.4,,,199.2,405.5,332.6,379.1,433.1,,,260.8,404.3,557.8,802.2,407.6,,,165.5,402.7,755.4,709.9,713.7,,,421.7,461.5,734.6,706.2,803.8,,,256.9,397.1,486.8,658.6,596.0,,,,,,,,,,,,,,,,,126.6,186.3,368.6,69.4,277.0,,,50.7,52.8,146.8,44.4,57.9,,,135.9,114.6,537.6,178.8,106.9,,,1012.9,603.1,1306.5,525.0,1238.0,,,159.2,147.5,252.9,183.0,238.4,,,263.3,146.7,159.3,535.5,253.3,,,,,,,,,,,,,,,,,255.9,157.1,946.0,299.7,536.2,,,211.6,90.6,717.5,267.7,216.3,,,77.6,56.2,327.9,97.7,134.7,,,2015.6,1249.6,1087.0,1573.0,1448.1,,,374.8,369.6,294.7,777.3,515.5,,,607.7,342.5,261.3,1277.4,589.0,,,,,,,,,,,,,,,,,,,,,,,,,,,,,,,,,,,,,,,,,,,,,,,,,,,,,,,,,,,,,,,,,,,,,,,,,,,,,,,,,,,,,,,,,,,,,,,,,,,,,,,,,,,,,,,,,,,,,,,,,,,,,,,,
20260915_岐阜_10R,20260915,43,岐阜,10,324.7,141.6,176.1,220.9,219.5,,,401.6,1048.7,383.7,643.3,285.5,,,484.1,1739.3,636.7,1367.6,1114.2,,,116.2,283.8,251.1,397.1,129.0,,,406.5,740.6,969.3,567.9,788.6,,,183.1,319.7,518.9,184.3,832.0,,,,,,,,,,,,,,,,,253.1,146.6,194.6,111.7,221.9,,,173.6,65.8,139.4,47.5,54.1,,,128.3,67.1,112.0,25.4,44.4,,,326.7,258.9,200.8,153.8,273.9,,,89.6,36.3,16.5,89.7,34.9,,,176.6,59.4,43.2,167.0,47.8,,,,,,,,,,,,,,,,,192.7,444.5,155.5,329.7,152.4,,,106.9,41.0,70.3,39.7,27.7,,,512.0,156.4,442.9,384.5,206.0,,,189.5,148.4,322.2,269.2,117.8,,,294.1,82.1,251.6,247.2,102.5,,,69.3,18.6,55.8,43.2,66.0,,,,,,,,,,,,,,,,,1226.5,2483.6,2142.5,2435.1,2179.9,,,670.9,394.6,539.6,197.7,267.2,,,2161.0,581.1,1890.9,1442.7,832.0,,,2289.9,1174.6,2161.0,2311.1,2037.5,,,2142.5,370.3,1352.8,2080.0,1106.8,,,1862.7,413.2,833.3,1579.7,1371.4,,,,,,,,,,,,,,,,,213.7,259.0,532.7,468.2,232.9,,,364.1,391.2,484.6,490.8,417.3,,,397.4,408.1,800.0,679.1,279.8,,,1379.0,1027.1,1244.9,2115.2,1185.7,,,789.8,597.8,832.0,1521.9,747.3,,,335.9,395.8,284.6,781.2,839.0,,,,,,,,,,,,,,,,,356.8,489.4,929.6,468.7,567.2,,,146.7,73.2,36.7,150.4,77.3,,,370.0,133.7,375.6,372.2,167.2,,,1018.7,214.1,624.7,927.8,683.8,,,699.1,426.3,569.8,1044.3,653.4,,,506.8,172.3,197.9,515.1,438.6,,,,,,,,,,,,,,,,,130.2,221.1,320.2,136.4,609.5,,,152.0,59.3,27.0,115.8,62.4,,,106.9,31.2,96.4,79.4,111.6,,,542.0,100.6,289.7,377.6,423.4,,,202.7,139.2,194.9,267.6,484.1,,,484.1,89.9,186.6,295.7,322.9,,,,,,,,,,,,,,,,,,,,,,,,,,,,,,,,,,,,,,,,,,,,,,,,,,,,,,,,,,,,,,,,,,,,,,,,,,,,,,,,,,,,,,,,,,,,,,,,,,,,,,,,,,,,,,,,,,,,,,,,,,,,,,,,
20260915_岐阜_11R,20260915,43,岐阜,11,41.2,42.0,18.6,89.7,53.2,,,56.8,49.0,17.8,100.5,52.4,,,54.8,46.2,19.4,131.6,58.6,,,14.2,7.2,8.0,33.1,10.5,,,203.3,182.7,221.5,88.5,210.1,,,62.7,58.5,68.4,26.4,134.2,,,,,,,,,,,,,,,,,840.6,1117.9,527.0,1577.3,1242.8,,,1814.9,4092.0,3143.2,5103.0,4664.1,,,2295.0,3979.4,2816.6,5422.0,4471.7,,,812.2,2271.0,2075.4,2891.7,2105.6,,,3120.5,5422.0,5163.8,4873.7,5490.6,,,2816.6,4819.5,4337.6,3143.2,5561.0,,,,,,,,,,,,,,,,,842.2,586.1,268.4,1506.1,765.0,,,1624.5,3076.3,2566.6,4565.9,3907.7,,,1065.7,3261.3,1235.7,4053.8,2450.6,,,392.9,1681.2,857.2,1814.9,1147.5,,,2745.3,5163.8,4381.4,3286.0,4211.2,,,1560.2,3311.1,2370.2,1845.7,3645.0,,,,,,,,,,,,,,,,,238.9,184.5,108.6,451.8,273.8,,,915.1,1630.6,1347.0,2853.6,2179.7,,,618.7,1668.3,818.4,2319.5,1372.6,,,148.3,389.3,315.6,775.9,439.0,,,1465.4,3362.4,2930.8,1945.1,2728.0,,,735.1,1945.1,1470.3,928.8,2409.7,,,,,,,,,,,,,,,,,40.2,26.3,27.0,85.3,32.6,,,133.0,318.9,389.3,744.0,453.7,,,101.1,319.4,270.2,536.8,292.2,,,78.6,262.7,184.2,461.9,213.9,,,250.1,784.3,659.2,713.4,547.6,,,85.7,342.3,242.1,252.3,435.9,,,,,,,,,,,,,,,,,1721.2,1465.4,1538.1,853.8,1445.8,,,2970.9,3872.8,3943.2,3707.3,4092.0,,,3098.2,5043.7,3675.9,3388.7,4471.7,,,2872.5,4929.1,4471.7,3555.4,4092.0,,,942.9,2911.1,2224.4,2566.6,1571.6,,,1674.7,3584.8,3675.9,2628.8,1721.2,,,,,,,,,,,,,,,,,502.6,403.4,450.8,193.5,800.2,,,1422.1,2046.0,2551.5,1694.3,3526.5,,,1006.4,2235.8,1792.4,1377.0,3470.0,,,827.7,2190.7,1538.1,1071.0,2711.0,,,242.8,953.3,694.0,750.4,1087.1,,,1253.6,2891.7,2492.8,2295.0,1322.4,,,,,,,,,,,,,,,,,,,,,,,,,,,,,,,,,,,,,,,,,,,,,,,,,,,,,,,,,,,,,,,,,,,,,,,,,,,,,,,,,,,,,,,,,,,,,,,,,,,,,,,,,,,,,,,,,,,,,,,,,,,,,,,,
20260915_岐阜_12R,20260915,43,岐阜,12,583.1,553.6,181.3,1120.3,330.6,,,475.9,481.0,162.7,534.1,291.6,,,574.5,687.0,217.8,1304.9,225.5,,,70.9,109.3,83.5,280.2,42.8,,,1685.8,1113.4,1904.6,1051.9,1130.2,,,281.9,311.0,99.7,74.8,769.7,,,,,,,,,,,,,,,,,551.2,449.3,175.3,1058.1,296.3,,,472.6,287.5,233.9,286.0,174.8,,,392.1,293.6,171.9,413.0,118.1,,,137.8,164.5,128.3,296.7,84.1,,,1299.2,603.6,836.6,742.8,713.8,,,241.4,172.6,72.2,87.5,282.0,,,,,,,,,,,,,,,,,350.3,352.4,99.4,340.8,212.6,,,318.6,196.0,147.4,217.9,147.1,,,351.7,183.9,160.3,256.7,85.8,,,134.6,117.8,130.7,181.5,71.6,,,305.7,122.0,131.1,134.3,73.8,,,180.9,91.9,38.0,60.8,119.1,,,,,,,,,,,,,,,,,415.3,619.5,277.6,1089.0,233.9,,,428.3,264.7,199.2,476.1,110.0,,,465.7,256.4,281.1,437.5,135.7,,,185.0,196.9,304.9,564.0,114.4,,,1607.1,953.3,906.0,965.6,602.0,,,96.4,45.7,64.8,45.7,154.1,,,,,,,,,,,,,,,,,76.1,123.1,107.9,301.0,59.7,,,108.6,163.8,132.9,342.8,88.7,,,179.9,191.2,270.3,372.6,141.8,,,179.2,175.0,283.4,530.0,110.3,,,771.0,778.4,797.8,859.9,596.3,,,50.3,63.6,86.4,45.3,254.1,,,,,,,,,,,,,,,,,2387.1,1540.7,2720.9,2167.5,2412.9,,,2204.8,721.9,1514.6,1525.0,1370.8,,,873.3,452.5,621.6,594.0,437.9,,,2579.7,1581.6,1217.9,1601.4,1177.8,,,1993.7,1479.6,1146.2,1562.2,1271.5,,,2162.2,1280.6,644.0,890.7,944.2,,,,,,,,,,,,,,,,,204.6,229.4,107.3,95.0,620.3,,,176.9,120.1,53.0,67.0,292.0,,,171.7,92.9,56.0,80.4,207.9,,,56.8,19.2,28.6,17.2,98.1,,,48.5,41.0,56.9,26.4,198.7,,,896.0,539.2,411.2,354.2,425.0,,,,,,,,,,,,,,,,,,,,,,,,,,,,,,,,,,,,,,,,,,,,,,,,,,,,,,,,,,,,,,,,,,,,,,,,,,,,,,,,,,,,,,,,,,,,,,,,,,,,,,,,,,,,,,,,,,,,,,,,,,,,,,,,
20260915_大垣_1R,20260915,44,大垣,1,101.6,31.0,64.4,196.8,,,,127.4,129.2,99.7,81.8,,,,61.0,143.7,109.0,193.3,,,,81.7,90.2,99.3,71.9,,,,296.2,109.6,333.9,119.0,,,,,,,,,,,,,,,,,,,,,,,,,97.0,28.3,70.9,199.2,,,,109.1,56.5,182.4,135.3,,,,15.4,26.4,26.6,50.6,,,,138.9,242.8,90.4,275.4,,,,359.5,186.8,216.8,315.6,,,,,,,,,,,,,,,,,,,,,,,,,105.5,109.4,92.2,63.2,,,,86.5,67.2,150.9,92.7,,,,86.9,59.0,68.2,44.1,,,,129.9,184.2,107.3,51.3,,,,32.3,45.7,33.4,18.6,,,,,,,,,,,,,,,,,,,,,,,,,89.3,135.0,114.5,210.3,,,,35.7,49.6,35.3,61.6,,,,108.6,74.1,67.8,44.0,,,,130.4,90.9,97.4,102.4,,,,218.1,190.7,81.7,120.1,,,,,,,,,,,,,,,,,,,,,,,,,219.7,209.5,229.7,249.4,,,,264.5,328.2,211.5,554.5,,,,209.2,317.4,193.4,100.4,,,,233.3,184.5,186.8,216.8,,,,328.2,508.1,150.5,287.7,,,,,,,,,,,,,,,,,,,,,,,,,434.8,126.9,414.5,147.2,,,,443.0,236.3,316.8,403.8,,,,84.9,139.2,78.9,33.0,,,,424.6,300.0,173.4,217.8,,,,125.3,317.1,63.3,176.5,,,,,,,,,,,,,,,,,,,,,,,,,,,,,,,,,,,,,,,,,,,,,,,,,,,,,,,,,,,,,,,,,,,,,,,,,,,,,,,,,,,,,,,,,,,,,,,,,,,,,,,,,,,,,,,,,,,,,,,,,,,,,,,,,,,,,,,,,,,,,,,,,,,,,,,,,,,,,,,,,,,,,,,,,,,,,,,,,,,,,,,,,,,,,,,,
20260915_大垣_2R,20260915,44,大垣,2,86.5,65.7,94.2,155.8,,,,184.1,248.5,337.8,355.1,,,,45.2,114.0,63.4,66.0,,,,145.4,256.5,85.8,283.9,,,,225.1,463.8,148.0,299.7,,,,,,,,,,,,,,,,,,,,,,,,,44.4,54.2,36.5,157.4,,,,25.2,35.6,11.8,143.7,,,,55.0,63.6,56.3,270.7,,,,14.4,7.2,22.9,110.6,,,,456.9,448.3,785.4,362.3,,,,,,,,,,,,,,,,,,,,,,,,,162.7,278.7,182.5,518.6,,,,77.4,108.3,42.3,266.6,,,,311.0,219.3,176.5,857.4,,,,153.7,81.2,150.6,551.8,,,,1044.7,662.2,1039.7,703.3,,,,,,,,,,,,,,,,,,,,,,,,,51.4,129.1,41.1,101.7,,,,95.6,113.6,95.6,381.5,,,,288.1,208.1,253.2,927.6,,,,29.5,101.0,136.9,280.2,,,,353.4,911.9,1229.8,584.8,,,,,,,,,,,,,,,,,,,,,,,,,92.8,175.6,37.9,154.5,,,,24.0,17.2,40.4,164.7,,,,220.2,77.8,183.0,678.9,,,,15.6,56.8,74.8,193.0,,,,549.0,739.5,1039.7,648.2,,,,,,,,,,,,,,,,,,,,,,,,,581.6,1157.1,478.2,666.3,,,,717.4,900.5,1258.6,698.7,,,,1425.3,1336.7,1655.5,1169.6,,,,638.6,1115.1,1694.6,752.5,,,,1144.7,1202.3,1505.0,1024.8,,,,,,,,,,,,,,,,,,,,,,,,,,,,,,,,,,,,,,,,,,,,,,,,,,,,,,,,,,,,,,,,,,,,,,,,,,,,,,,,,,,,,,,,,,,,,,,,,,,,,,,,,,,,,,,,,,,,,,,,,,,,,,,,,,,,,,,,,,,,,,,,,,,,,,,,,,,,,,,,,,,,,,,,,,,,,,,,,,,,,,,,,,,,,,,,
20260915_大垣_3R,20260915,44,大垣,3,613.9,613.9,466.6,925.0,,,,950.1,1296.1,1076.8,1543.9,,,,780.5,1009.5,954.4,1280.3,,,,463.5,724.0,642.1,482.7,,,,1428.4,1825.9,1707.1,878.5,,,,,,,,,,,,,,,,,,,,,,,,,60.2,95.1,48.1,302.1,,,,37.4,5.2,23.9,239.9,,,,31.9,2.2,21.9,193.1,,,,19.8,27.2,41.2,260.1,,,,646.0,721.5,783.5,693.0,,,,,,,,,,,,,,,,,,,,,,,,,472.9,668.7,726.5,1409.2,,,,128.9,27.1,78.2,612.1,,,,258.2,32.0,178.8,937.4,,,,558.4,218.5,344.7,1280.3,,,,2257.8,1615.2,2386.1,2019.0,,,,,,,,,,,,,,,,,,,,,,,,,355.2,442.9,542.5,1199.8,,,,112.2,12.2,66.1,367.7,,,,233.5,29.5,171.6,920.9,,,,573.7,210.1,372.3,1328.9,,,,2876.4,1532.6,2164.7,2386.1,,,,,,,,,,,,,,,,,,,,,,,,,290.8,512.1,453.5,422.4,,,,146.1,116.5,127.2,760.7,,,,640.1,238.8,390.2,1602.8,,,,613.9,237.2,374.9,1288.2,,,,1280.3,2019.0,2762.8,2799.7,,,,,,,,,,,,,,,,,,,,,,,,,2099.7,3181.5,2657.9,1653.3,,,,2233.8,2333.1,1764.5,2413.5,,,,2999.7,2038.6,3181.5,3961.8,,,,3749.6,2019.0,4117.2,4038.0,,,,1926.4,3087.9,3961.8,3749.6,,,,,,,,,,,,,,,,,,,,,,,,,,,,,,,,,,,,,,,,,,,,,,,,,,,,,,,,,,,,,,,,,,,,,,,,,,,,,,,,,,,,,,,,,,,,,,,,,,,,,,,,,,,,,,,,,,,,,,,,,,,,,,,,,,,,,,,,,,,,,,,,,,,,,,,,,,,,,,,,,,,,,,,,,,,,,,,,,,,,,,,,,,,,,,,,
20260915_大垣_4R,20260915,44,大垣,4,1965.2,926.3,1418.2,1030.4,2779.1,,,1951.2,1937.5,989.6,893.2,1096.1,,,1054.1,1993.7,1389.5,911.0,2645.5,,,879.0,804.4,851.8,138.1,1175.7,,,626.7,755.8,585.3,116.8,870.6,,,1859.0,1206.7,2456.5,1730.3,1410.9,,,,,,,,,,,,,,,,,958.6,452.5,753.7,533.2,1677.6,,,975.6,321.7,614.1,718.3,526.0,,,137.3,179.4,125.8,127.4,279.8,,,618.2,664.5,295.2,357.7,1368.8,,,471.9,879.0,392.4,410.6,1440.4,,,1822.0,714.6,622.4,1410.9,1545.6,,,,,,,,,,,,,,,,,494.8,491.3,326.3,266.0,327.1,,,419.4,148.1,266.0,315.1,175.0,,,252.6,70.7,76.4,159.5,60.9,,,140.5,132.9,66.0,32.1,27.1,,,111.1,214.4,172.0,55.3,79.7,,,61.0,33.0,18.8,13.0,22.1,,,,,,,,,,,,,,,,,387.5,1066.4,701.8,444.4,1083.2,,,85.1,93.7,81.2,59.4,79.4,,,503.9,146.8,205.0,353.6,151.6,,,313.0,179.1,329.5,151.0,559.2,,,181.3,150.3,369.8,157.3,328.7,,,600.7,245.4,186.4,457.7,460.0,,,,,,,,,,,,,,,,,253.3,282.7,214.1,37.4,322.5,,,258.3,423.2,157.3,149.6,661.3,,,134.9,245.8,159.9,57.2,75.4,,,179.0,104.2,262.2,84.6,388.0,,,13.0,70.1,55.7,53.3,105.6,,,294.5,493.0,139.3,354.0,187.1,,,,,,,,,,,,,,,,,296.1,348.2,286.0,47.1,480.1,,,471.9,986.1,437.4,333.0,1122.9,,,290.2,718.3,470.3,212.1,359.6,,,286.8,329.5,582.9,242.1,770.6,,,28.4,163.5,143.5,136.2,226.2,,,659.7,1418.2,633.9,1074.7,510.4,,,,,,,,,,,,,,,,,1448.0,496.6,1109.4,873.4,811.6,,,1403.7,319.9,463.1,1054.1,1196.2,,,122.9,65.5,36.1,34.1,62.0,,,779.4,163.9,98.6,332.2,504.8,,,530.1,622.4,96.0,390.8,172.3,,,596.8,831.2,245.4,664.5,305.7,,,,,,,,,,,,,,,,,,,,,,,,,,,,,,,,,,,,,,,,,,,,,,,,,,,,,,,,,,,,,,,,,,,,,,,,,,,,,,,,,,,,,,,,,,,,,,,,,,,,,,,,,,,,,,,,,,,,,,,,,,,,,,,,
20260915_大垣_5R,20260915,44,大垣,5,302.2,74.2,256.1,501.7,63.0,,,529.9,165.4,830.0,398.7,400.7,,,24.9,13.6,167.4,141.2,17.5,,,893.6,1083.4,713.8,1549.7,868.2,,,1123.1,999.4,588.5,1138.8,652.9,,,36.9,74.8,26.9,170.5,192.9,,,,,,,,,,,,,,,,,501.7,139.9,361.6,715.9,111.6,,,1218.1,827.2,1218.1,1621.5,800.1,,,114.4,273.8,215.3,400.7,92.3,,,647.7,967.8,450.9,767.5,190.8,,,1218.1,1549.7,903.5,1224.2,591.4,,,48.9,167.3,31.1,38.0,160.6,,,,,,,,,,,,,,,,,1748.9,516.5,1927.9,1800.3,1383.3,,,2225.9,1423.5,3060.6,3354.1,2147.8,,,315.9,774.8,1654.4,999.4,606.0,,,3139.1,3766.9,3448.6,5322.9,6278.3,,,2720.6,3497.9,2331.9,4221.6,3766.9,,,1212.1,1761.5,1112.9,3709.9,2524.2,,,,,,,,,,,,,,,,,26.4,14.9,165.5,108.6,22.7,,,72.8,150.0,265.2,317.1,83.9,,,48.3,135.6,372.1,178.5,150.2,,,718.0,871.3,659.9,1883.4,1281.9,,,345.3,587.1,486.7,1171.5,590.0,,,39.9,55.4,85.1,343.4,274.5,,,,,,,,,,,,,,,,,2331.9,3099.4,2424.2,5564.8,3099.4,,,2377.2,2950.0,1530.3,2632.8,813.4,,,3600.7,4295.6,3548.6,6443.5,5972.0,,,2880.6,2092.7,4080.9,5441.2,3886.5,,,5564.8,3654.5,5829.8,5209.6,3060.6,,,2129.1,903.5,3949.2,2847.1,4150.0,,,,,,,,,,,,,,,,,1813.7,1883.4,1069.2,2914.9,1262.1,,,1665.6,2498.5,1440.3,2007.0,1415.3,,,2377.2,2847.1,1475.0,3766.9,3354.1,,,835.6,1128.3,971.6,2400.5,1330.7,,,4372.3,3308.8,4619.8,4295.6,4897.0,,,910.2,1024.4,1854.9,1073.9,2782.4,,,,,,,,,,,,,,,,,38.9,72.4,23.4,156.8,162.3,,,16.9,77.5,10.6,22.3,126.1,,,356.4,446.0,288.0,975.5,525.4,,,19.5,32.1,37.7,192.3,152.1,,,654.6,240.5,927.4,697.5,865.2,,,513.3,535.7,724.4,520.9,910.2,,,,,,,,,,,,,,,,,,,,,,,,,,,,,,,,,,,,,,,,,,,,,,,,,,,,,,,,,,,,,,,,,,,,,,,,,,,,,,,,,,,,,,,,,,,,,,,,,,,,,,,,,,,,,,,,,,,,,,,,,,,,,,,,
20260915_大垣_6R,20260915,44,大垣,6,389.6,781.7,198.8,641.1,241.3,,,583.9,1049.1,714.9,1067.6,850.3,,,1694.7,1434.0,1296.0,1756.1,1731.0,,,151.1,319.3,452.9,160.9,266.9,,,1062.9,784.3,1563.5,296.2,1132.4,,,302.1,805.1,1122.0,464.2,1242.8,,,,,,,,,,,,,,,,,99.0,195.1,52.7,120.0,59.7,,,56.7,44.7,53.5,240.6,23.9,,,238.5,101.7,257.5,594.0,130.9,,,26.7,49.2,149.7,172.3,33.1,,,409.3,706.5,1170.7,629.4,523.4,,,10.4,5.7,23.5,7.7,43.4,,,,,,,,,,,,,,,,,357.9,437.4,306.3,503.8,473.3,,,143.0,74.9,132.1,484.7,40.2,,,188.4,81.6,202.1,490.5,90.3,,,223.3,240.6,395.3,900.9,288.5,,,1096.6,1782.0,2002.9,2223.4,2472.9,,,246.2,59.1,132.7,252.4,859.4,,,,,,,,,,,,,,,,,1584.0,1317.1,1249.2,2144.7,1808.6,,,1062.9,371.1,868.6,2376.0,495.6,,,439.8,261.4,497.6,939.3,368.3,,,1086.7,1122.0,1077.1,2605.9,1694.7,,,4327.7,4406.4,3728.5,4660.6,4752.0,,,1384.8,648.0,748.0,1302.9,3067.7,,,,,,,,,,,,,,,,,131.3,274.7,427.4,154.0,275.4,,,91.6,174.3,349.2,492.5,90.5,,,327.0,300.6,531.4,1275.5,334.2,,,939.3,649.7,853.3,2107.4,727.7,,,774.2,1563.5,2183.3,2663.2,1893.3,,,433.5,142.0,381.0,571.5,1049.1,,,,,,,,,,,,,,,,,2423.5,2223.4,6058.8,762.1,3147.4,,,2634.2,2663.2,3786.7,2955.5,2376.0,,,2578.2,3413.4,4107.6,5385.6,4752.0,,,7573.5,5911.0,6732.0,6924.3,7817.8,,,1324.3,2754.0,5049.0,5508.0,4660.6,,,3728.5,3067.7,5156.4,5911.0,5385.6,,,,,,,,,,,,,,,,,195.7,524.5,807.8,521.1,1014.0,,,34.0,17.9,54.8,24.6,166.5,,,285.1,57.3,271.6,209.4,1122.0,,,1022.5,347.2,545.8,1044.6,2663.2,,,372.8,94.1,260.5,727.7,1132.4,,,1970.3,1377.0,2423.5,3728.5,2605.9,,,,,,,,,,,,,,,,,,,,,,,,,,,,,,,,,,,,,,,,,,,,,,,,,,,,,,,,,,,,,,,,,,,,,,,,,,,,,,,,,,,,,,,,,,,,,,,,,,,,,,,,,,,,,,,,,,,,,,,,,,,,,,,,
20260915_大垣_7R,20260915,44,大垣,7,1574.6,946.2,751.2,967.2,872.8,,,2050.2,1282.2,1381.2,1416.0,1856.8,,,779.5,811.6,367.9,583.1,827.0,,,458.2,627.8,275.2,263.8,509.2,,,800.1,962.4,588.4,375.2,863.2,,,1038.6,1814.0,1269.8,994.0,1245.7,,,,,,,,,,,,,,,,,1241.8,560.7,563.1,584.0,603.7,,,1491.1,488.4,939.5,667.2,915.4,,,255.4,254.1,102.4,69.9,70.9,,,319.7,617.0,146.4,158.6,126.0,,,389.3,397.6,91.5,167.5,99.9,,,288.8,394.8,106.2,86.3,59.8,,,,,,,,,,,,,,,,,2249.4,1338.9,1395.9,1463.4,2151.1,,,2262.3,1154.4,1998.2,1320.9,1920.2,,,500.8,531.9,385.5,293.3,617.9,,,1307.8,1797.5,719.6,1046.9,1910.9,,,1161.2,1017.1,446.8,946.2,1230.1,,,2329.3,2224.0,1329.9,2400.3,1734.1,,,,,,,,,,,,,,,,,276.8,305.1,149.9,216.4,303.5,,,157.7,137.2,50.0,38.8,44.8,,,153.5,115.9,70.6,52.5,113.2,,,51.2,39.6,65.7,20.1,70.2,,,108.8,29.6,56.5,21.8,55.6,,,248.9,82.4,192.9,115.0,124.2,,,,,,,,,,,,,,,,,160.0,259.3,100.8,76.7,157.5,,,173.9,599.1,125.3,114.9,86.8,,,659.3,1001.6,384.8,584.9,1011.9,,,70.8,74.7,102.1,41.2,108.8,,,52.5,73.9,261.0,45.8,72.6,,,273.9,141.1,684.6,251.6,168.5,,,,,,,,,,,,,,,,,325.0,476.5,242.2,177.9,379.9,,,184.4,236.9,52.9,76.9,50.6,,,480.6,370.3,142.5,369.2,457.7,,,99.3,30.9,56.2,23.7,50.7,,,54.7,64.6,216.4,35.9,65.8,,,301.1,85.7,421.0,122.6,123.7,,,,,,,,,,,,,,,,,867.0,1765.2,1049.7,1131.1,1203.8,,,402.0,524.8,198.2,140.5,121.9,,,1689.5,1237.9,1118.3,1892.5,1474.3,,,535.5,217.2,542.9,335.3,306.1,,,693.0,246.3,1004.2,453.5,349.6,,,768.8,176.2,779.5,359.8,306.5,,,,,,,,,,,,,,,,,,,,,,,,,,,,,,,,,,,,,,,,,,,,,,,,,,,,,,,,,,,,,,,,,,,,,,,,,,,,,,,,,,,,,,,,,,,,,,,,,,,,,,,,,,,,,,,,,,,,,,,,,,,,,,,,
20260915_岸和田_1R,20260915,56,岸和田,1,100.9,84.1,37.8,309.3,77.2,,,105.6,234.5,39.1,126.3,221.5,,,203.4,465.2,171.0,754.5,512.2,,,6.6,9.6,42.0,16.5,11.9,,,397.3,118.9,630.8,77.7,526.7,,,87.2,267.1,278.4,40.5,491.9,,,,,,,,,,,,,,,,,332.3,155.5,187.6,720.4,205.6,,,526.7,345.7,865.6,676.7,434.5,,,156.3,226.5,325.5,347.8,92.8,,,251.5,725.1,406.0,1227.1,340.4,,,1187.9,706.7,645.4,1959.0,720.4,,,146.5,265.8,63.9,245.4,410.5,,,,,,,,,,,,,,,,,311.0,377.2,107.4,143.9,404.5,,,514.5,443.1,865.6,539.4,685.0,,,620.3,634.4,1413.5,552.8,979.5,,,166.1,645.4,809.1,316.3,680.8,,,123.6,259.6,233.6,260.2,273.6,,,715.8,711.2,915.3,1151.2,645.4,,,,,,,,,,,,,,,,,390.4,1043.6,386.3,1139.4,780.8,,,312.7,531.7,676.7,803.3,251.5,,,946.3,872.4,2147.4,872.4,1572.7,,,668.6,1329.3,2189.5,2938.6,1892.6,,,2189.5,1772.5,1105.6,3850.6,3284.3,,,770.1,421.3,1450.2,1313.7,1529.6,,,,,,,,,,,,,,,,,23.4,19.5,37.0,16.1,12.7,,,140.9,471.1,266.5,827.1,211.0,,,91.9,422.9,434.5,273.0,400.2,,,240.6,597.1,827.1,1254.6,668.6,,,111.5,791.9,203.0,775.4,524.2,,,91.3,182.4,421.3,452.0,593.9,,,,,,,,,,,,,,,,,459.5,177.2,879.2,194.2,555.5,,,1187.9,702.3,930.5,1666.6,1227.1,,,126.1,209.5,341.4,212.7,267.1,,,1618.3,1861.1,1298.4,3101.8,2537.8,,,278.4,1329.3,394.5,2030.3,1298.4,,,1378.6,1084.1,930.5,2427.5,1830.6,,,,,,,,,,,,,,,,,189.2,550.0,387.7,153.1,638.1,,,200.4,359.0,104.4,284.1,603.6,,,833.3,597.1,858.9,1395.8,962.6,,,668.6,313.6,1175.4,1015.1,1488.9,,,210.6,439.6,922.8,852.4,1378.6,,,1509.0,1313.7,1073.7,2326.4,1959.0,,,,,,,,,,,,,,,,,,,,,,,,,,,,,,,,,,,,,,,,,,,,,,,,,,,,,,,,,,,,,,,,,,,,,,,,,,,,,,,,,,,,,,,,,,,,,,,,,,,,,,,,,,,,,,,,,,,,,,,,,,,,,,,,
20260915_岸和田_2R,20260915,56,岸和田,2,841.0,390.9,752.4,2502.0,463.3,,,1888.3,481.1,1299.7,1787.1,794.3,,,181.9,225.4,307.9,380.5,26.2,,,962.3,1755.8,901.6,2042.4,1137.2,,,4351.4,2001.6,1205.8,1755.8,1099.8,,,348.7,406.8,49.7,510.6,427.7,,,,,,,,,,,,,,,,,424.0,183.3,335.8,1177.4,129.3,,,515.8,105.2,173.1,1150.3,165.4,,,43.1,38.7,23.2,266.1,20.0,,,96.7,80.1,36.9,415.2,45.6,,,2566.2,2327.4,1099.8,2224.0,2042.4,,,133.2,209.8,58.4,127.1,335.8,,,,,,,,,,,,,,,,,1191.4,505.4,1220.5,1614.2,625.5,,,592.2,91.3,181.6,1177.4,340.4,,,244.1,64.3,203.8,695.0,134.3,,,1316.8,360.0,403.5,2001.6,841.0,,,2943.5,2780.0,1640.6,2633.7,2224.0,,,510.6,485.8,274.9,735.8,971.6,,,,,,,,,,,,,,,,,52.0,76.5,119.4,179.0,6.9,,,56.2,22.9,13.9,208.5,18.5,,,135.0,46.8,120.5,495.4,56.8,,,233.2,81.7,161.6,578.5,164.3,,,746.8,735.8,730.5,1042.5,415.2,,,11.9,33.1,49.3,98.7,72.0,,,,,,,,,,,,,,,,,568.6,1787.1,1053.4,2704.9,870.2,,,190.9,137.4,87.7,505.4,101.0,,,1352.4,377.6,559.1,2502.0,841.0,,,523.9,207.2,478.8,2129.4,335.8,,,3127.5,2780.0,3127.5,2859.4,2502.0,,,1021.2,300.5,918.1,490.5,1539.7,,,,,,,,,,,,,,,,,8340.1,2859.4,2780.0,3451.1,2382.9,,,9999.9,5004.1,3574.3,5887.1,9999.9,,,3706.7,5267.4,1888.3,4003.2,2704.9,,,3574.3,2704.9,2502.0,7148.7,2224.0,,,5267.4,5887.1,7148.7,7148.7,5004.1,,,2129.4,7698.6,1819.6,1539.7,2224.0,,,,,,,,,,,,,,,,,296.1,296.9,53.3,474.3,238.8,,,324.9,347.5,149.5,307.0,521.2,,,444.8,411.8,246.5,690.2,714.8,,,40.2,95.6,115.0,245.9,146.5,,,735.8,440.8,855.4,472.0,1137.2,,,794.3,1220.5,862.7,521.2,953.1,,,,,,,,,,,,,,,,,,,,,,,,,,,,,,,,,,,,,,,,,,,,,,,,,,,,,,,,,,,,,,,,,,,,,,,,,,,,,,,,,,,,,,,,,,,,,,,,,,,,,,,,,,,,,,,,,,,,,,,,,,,,,,,,
20260915_岸和田_3R,20260915,56,岸和田,3,299.6,66.7,163.9,922.3,379.6,,,641.6,307.4,781.8,440.5,462.9,,,34.2,87.7,61.2,161.2,110.2,,,244.9,578.7,195.1,868.1,792.3,,,2035.5,819.8,711.2,1595.4,1617.3,,,648.7,394.8,309.0,868.1,825.6,,,,,,,,,,,,,,,,,145.5,42.4,69.0,575.9,198.0,,,167.2,89.3,77.5,135.2,128.7,,,29.3,76.5,36.5,331.6,90.6,,,30.2,30.8,17.4,54.1,48.2,,,1311.8,575.9,1103.4,412.8,1093.1,,,246.9,87.6,169.1,95.2,394.8,,,,,,,,,,,,,,,,,674.6,432.4,702.7,544.0,508.8,,,481.8,314.0,341.2,327.9,190.4,,,279.7,233.3,332.5,262.9,136.1,,,567.6,476.0,641.6,389.6,546.5,,,345.2,511.1,268.3,400.2,78.0,,,181.3,93.3,68.2,170.3,25.0,,,,,,,,,,,,,,,,,16.2,47.8,28.6,131.6,51.5,,,33.8,143.9,50.4,455.8,116.7,,,202.8,266.5,435.6,212.7,205.3,,,72.8,65.4,272.6,596.2,318.2,,,711.2,1256.0,776.7,1311.8,1009.0,,,182.1,252.8,166.2,347.2,464.8,,,,,,,,,,,,,,,,,242.9,825.6,265.9,1533.3,967.7,,,92.6,158.0,62.1,268.9,163.9,,,1341.6,539.1,1000.5,894.4,1026.6,,,175.6,118.3,593.2,952.1,602.3,,,3577.7,1405.5,1935.4,2811.0,2361.2,,,1736.2,476.0,868.1,1124.4,1617.3,,,,,,,,,,,,,,,,,4216.5,3027.2,2512.0,2745.6,4540.9,,,3577.7,2001.0,3106.9,1762.1,3689.5,,,1204.7,1686.6,1372.8,1217.1,387.0,,,1639.7,2811.0,1935.4,3027.2,2683.2,,,2071.3,2459.6,1617.3,3808.5,2361.2,,,2459.6,3027.2,366.6,1686.6,2459.6,,,,,,,,,,,,,,,,,397.5,216.6,210.4,504.5,504.5,,,271.4,91.7,187.1,92.1,450.6,,,76.3,52.0,34.5,62.0,15.3,,,107.0,240.4,97.0,270.1,353.4,,,634.7,267.1,221.0,344.2,575.9,,,831.4,975.7,117.7,638.1,781.8,,,,,,,,,,,,,,,,,,,,,,,,,,,,,,,,,,,,,,,,,,,,,,,,,,,,,,,,,,,,,,,,,,,,,,,,,,,,,,,,,,,,,,,,,,,,,,,,,,,,,,,,,,,,,,,,,,,,,,,,,,,,,,,,
20260915_岸和田_4R,20260915,56,岸和田,4,1630.5,411.2,1117.6,3149.8,753.2,,,3079.8,2519.8,2566.5,5543.7,2948.8,,,184.0,1108.7,163.0,1372.2,64.1,,,1164.6,2132.2,364.7,2038.1,718.1,,,6929.7,8152.5,3745.7,4331.0,6929.7,,,741.1,1847.9,172.1,669.5,2665.2,,,,,,,,,,,,,,,,,2132.2,354.4,1082.7,3079.8,815.2,,,3553.6,2566.5,1539.9,3380.3,3149.8,,,201.7,1539.9,319.3,1399.9,155.7,,,1042.0,1669.8,556.6,1399.9,1042.0,,,4949.7,4619.8,3647.2,4199.8,3647.2,,,905.8,2474.8,262.9,942.8,2474.8,,,,,,,,,,,,,,,,,2389.5,2038.1,1649.9,5774.7,2235.3,,,2389.5,3849.8,2887.3,4619.8,3849.8,,,765.7,2165.5,448.5,2948.8,696.4,,,1066.1,1271.5,422.5,561.1,679.3,,,6025.8,5133.1,6025.8,1823.6,6299.7,,,1557.2,2132.2,721.8,672.7,3464.8,,,,,,,,,,,,,,,,,25.2,172.5,23.8,273.9,5.2,,,59.2,294.2,140.7,820.0,51.0,,,317.1,733.3,319.3,1574.9,202.3,,,39.7,91.7,147.4,207.1,28.5,,,1108.7,2132.2,2431.4,1019.0,796.5,,,3.0,19.1,65.8,12.3,163.0,,,,,,,,,,,,,,,,,659.9,638.6,211.2,737.2,418.7,,,686.1,753.2,353.5,1004.3,575.0,,,454.4,535.1,177.4,209.6,293.0,,,72.1,166.5,145.7,209.9,66.5,,,597.3,653.7,438.5,296.1,613.2,,,289.9,539.2,319.3,112.5,437.2,,,,,,,,,,,,,,,,,4470.7,6299.7,4619.8,7294.4,3149.8,,,6025.8,4331.0,8662.1,8152.5,2887.3,,,5330.5,2948.8,6929.7,3464.8,4619.8,,,3647.2,9999.9,5330.5,3849.8,4779.1,,,6299.7,4470.7,2948.8,2665.2,6025.8,,,6299.7,3464.8,4619.8,4076.2,6599.7,,,,,,,,,,,,,,,,,481.2,894.1,111.1,340.5,1979.9,,,635.7,1649.9,286.3,624.2,1474.4,,,810.4,1799.9,402.8,301.2,2199.9,,,12.4,97.8,135.7,30.7,486.2,,,271.2,537.1,250.6,106.5,386.0,,,2887.3,2431.4,3299.8,2474.8,2948.8,,,,,,,,,,,,,,,,,,,,,,,,,,,,,,,,,,,,,,,,,,,,,,,,,,,,,,,,,,,,,,,,,,,,,,,,,,,,,,,,,,,,,,,,,,,,,,,,,,,,,,,,,,,,,,,,,,,,,,,,,,,,,,,,
20260915_岸和田_5R,20260915,56,岸和田,5,66.9,76.8,144.9,83.6,40.3,,,49.7,18.4,49.7,27.1,7.2,,,68.7,23.4,76.9,46.3,14.5,,,257.8,97.4,142.6,117.2,52.7,,,102.6,44.0,57.6,92.6,23.1,,,30.4,4.9,6.6,18.4,12.3,,,,,,,,,,,,,,,,,4232.4,4232.4,5860.2,3906.8,2344.1,,,4915.0,8019.3,9999.9,8464.8,4761.4,,,5078.9,8962.8,8019.3,6624.6,6925.8,,,8464.8,9999.9,8962.8,8962.8,8962.8,,,5078.9,6348.6,6925.8,8464.8,7618.3,,,4118.0,6624.6,6094.7,6925.8,9999.9,,,,,,,,,,,,,,,,,891.0,343.1,906.9,558.1,196.3,,,2344.1,4617.2,6624.6,5643.2,3906.8,,,797.7,5078.9,4617.2,3109.5,1009.0,,,3109.5,7618.3,3312.3,6094.7,4009.6,,,1259.2,2770.3,3716.2,4617.2,2087.2,,,314.8,1978.8,785.4,2673.1,1656.1,,,,,,,,,,,,,,,,,1638.3,501.2,1638.3,891.0,274.5,,,3462.9,6925.8,7618.3,6094.7,4353.3,,,870.6,5441.7,6348.6,5078.9,715.3,,,2770.3,8962.8,4617.2,5441.7,4353.3,,,1881.0,5860.2,4915.0,6094.7,3241.8,,,454.8,3716.2,1073.0,3809.1,2418.5,,,,,,,,,,,,,,,,,6094.7,3385.9,3312.3,3906.8,1465.0,,,6925.8,9999.9,9999.9,8464.8,6624.6,,,5643.2,9999.9,6925.8,9999.9,6925.8,,,3716.2,9522.9,8962.8,8962.8,5078.9,,,4009.6,7255.6,8962.8,6925.8,4761.4,,,3385.9,9522.9,6925.8,6348.6,8019.3,,,,,,,,,,,,,,,,,1451.1,523.6,686.3,1259.2,283.2,,,3627.8,4353.3,4481.4,8962.8,6624.6,,,1096.1,7255.6,3906.8,6624.6,2208.2,,,1731.4,8464.8,6624.6,7618.3,3174.3,,,2930.1,9522.9,5860.2,5860.2,5078.9,,,440.3,5254.0,1731.4,2087.2,3627.8,,,,,,,,,,,,,,,,,190.2,49.2,60.0,174.9,105.2,,,929.0,1539.0,1858.1,3241.8,3047.3,,,173.5,1050.8,379.9,1751.3,705.4,,,238.0,1437.4,448.1,1792.5,958.2,,,983.0,5643.2,2582.5,3241.8,3385.9,,,384.7,1928.7,1036.5,1145.6,2004.8,,,,,,,,,,,,,,,,,,,,,,,,,,,,,,,,,,,,,,,,,,,,,,,,,,,,,,,,,,,,,,,,,,,,,,,,,,,,,,,,,,,,,,,,,,,,,,,,,,,,,,,,,,,,,,,,,,,,,,,,,,,,,,,,
20260915_岸和田_6R,20260915,56,岸和田,6,4606.3,9999.9,9999.9,7758.0,9999.9,,,9999.9,9999.9,9999.9,7019.1,9999.9,,,9999.9,9999.9,9826.8,9999.9,9212.6,,,9999.9,9212.6,6700.1,3350.0,9999.9,,,9999.9,9999.9,8189.0,4754.9,9999.9,,,9999.9,9826.8,9999.9,5669.3,8670.7,,,,,,,,,,,,,,,,,9999.9,9999.9,7370.1,9999.9,9999.9,,,9999.9,6408.8,2948.0,4913.4,5082.8,,,8189.0,6408.8,2416.4,3685.0,9999.9,,,2167.6,796.7,1208.2,189.7,489.7,,,4913.4,2233.3,2834.6,273.9,1100.0,,,5896.1,6408.8,7019.1,1208.2,1675.0,,,,,,,,,,,,,,,,,9999.9,9999.9,6700.1,9826.8,9999.9,,,9999.9,9826.8,3983.8,6141.7,8189.0,,,9999.9,9999.9,6700.1,9999.9,9999.9,,,6408.8,3070.8,5669.3,1914.3,3983.8,,,6141.7,6408.8,9826.8,2456.7,7370.1,,,9999.9,6408.8,5082.8,8670.7,9999.9,,,,,,,,,,,,,,,,,9999.9,9826.8,8670.7,9999.9,9999.9,,,9999.9,9999.9,3070.8,5082.8,7370.1,,,9999.9,9999.9,9999.9,9999.9,9999.9,,,5082.8,2781.1,6700.1,1179.2,4335.3,,,9999.9,5082.8,8670.7,2167.6,3779.5,,,9999.9,9999.9,9999.9,5669.3,3427.9,,,,,,,,,,,,,,,,,504.8,877.3,1009.6,268.4,1009.6,,,122.9,22.2,50.9,4.1,13.4,,,472.4,39.3,281.8,32.4,99.8,,,887.9,166.5,454.9,114.0,329.7,,,98.7,2.8,13.1,33.3,7.0,,,311.6,20.2,62.4,150.4,16.3,,,,,,,,,,,,,,,,,5264.3,5459.3,8189.0,3685.0,8189.0,,,2498.3,969.7,1675.0,181.5,580.3,,,5082.8,2632.1,4606.3,1619.8,2586.0,,,4913.4,3427.9,3983.8,1327.9,2416.4,,,614.1,62.2,216.7,294.8,126.5,,,3879.0,837.5,1914.3,2136.2,534.0,,,,,,,,,,,,,,,,,5082.8,7019.1,4913.4,5264.3,4913.4,,,9999.9,5669.3,8189.0,1316.0,2019.2,,,9999.9,9999.9,9999.9,5264.3,9999.9,,,9826.8,9999.9,9999.9,5082.8,9826.8,,,4913.4,1016.5,2498.3,2834.6,801.1,,,7019.1,1535.4,5459.3,3275.6,1038.0,,,,,,,,,,,,,,,,,,,,,,,,,,,,,,,,,,,,,,,,,,,,,,,,,,,,,,,,,,,,,,,,,,,,,,,,,,,,,,,,,,,,,,,,,,,,,,,,,,,,,,,,,,,,,,,,,,,,,,,,,,,,,,,,
20260915_岸和田_7R,20260915,56,岸和田,7,960.0,797.6,1346.6,3703.2,2356.5,,,951.2,227.8,1139.4,2206.1,1885.2,,,351.4,173.6,329.1,526.3,418.1,,,1547.6,2206.1,768.0,3456.3,2206.1,,,4937.6,3240.3,2160.2,4508.2,4713.1,,,1620.1,2411.3,1329.3,1699.8,2802.4,,,,,,,,,,,,,,,,,1026.6,756.8,1016.5,2802.4,1620.1,,,668.9,246.2,441.2,1460.4,773.8,,,268.6,155.6,124.1,673.3,202.5,,,592.5,521.0,167.2,1068.9,257.2,,,3240.3,2073.7,1672.4,2073.7,2411.3,,,1460.4,1152.1,426.7,473.4,1885.2,,,,,,,,,,,,,,,,,620.8,146.2,602.8,1620.1,951.2,,,715.1,292.0,682.1,1956.4,1219.8,,,32.1,105.6,89.0,303.1,163.8,,,878.7,725.1,275.7,1819.1,791.5,,,2073.7,3142.1,1234.4,3344.8,3344.8,,,1382.5,1280.1,469.1,1249.2,3456.3,,,,,,,,,,,,,,,,,67.0,24.6,47.9,179.3,76.0,,,50.4,36.6,22.5,91.7,40.1,,,3.4,13.4,12.1,84.9,25.3,,,29.2,21.6,31.6,86.4,19.1,,,389.8,235.6,346.7,222.0,379.8,,,56.7,43.0,52.9,26.9,155.4,,,,,,,,,,,,,,,,,1114.9,1152.1,579.2,1956.4,1127.0,,,756.8,606.3,212.9,1249.2,343.3,,,803.7,660.4,258.5,1401.2,705.3,,,198.2,144.0,134.3,526.3,150.7,,,3575.5,2116.1,2468.8,1672.4,1728.1,,,745.9,367.6,534.4,246.2,1219.8,,,,,,,,,,,,,,,,,4713.1,3840.3,3988.0,4508.2,4713.1,,,5760.5,2802.4,2658.7,3344.8,3240.3,,,3575.5,3142.1,2033.1,3840.3,4320.4,,,2356.5,2116.1,1672.4,2116.1,1851.6,,,4320.4,3344.8,3988.0,3240.3,2962.5,,,4320.4,3703.2,4320.4,2592.2,3575.5,,,,,,,,,,,,,,,,,1364.3,1296.1,705.3,1068.9,1620.1,,,1139.4,1036.8,467.0,482.2,1571.0,,,1152.1,1103.0,491.4,969.0,1787.7,,,286.4,242.2,240.0,182.2,756.8,,,797.6,439.3,705.3,256.0,1219.8,,,3240.3,2802.4,3344.8,2529.0,2468.8,,,,,,,,,,,,,,,,,,,,,,,,,,,,,,,,,,,,,,,,,,,,,,,,,,,,,,,,,,,,,,,,,,,,,,,,,,,,,,,,,,,,,,,,,,,,,,,,,,,,,,,,,,,,,,,,,,,,,,,,,,,,,,,,
20260915_岸和田_8R,20260915,56,岸和田,8,1404.9,2927.0,2701.8,3763.3,2450.5,,,1672.5,892.9,1699.5,1572.7,2290.7,,,1211.1,468.3,504.1,352.4,616.2,,,1505.3,804.3,511.5,829.7,519.0,,,1816.7,702.4,321.2,949.3,932.5,,,1317.1,1988.1,1157.9,780.5,1549.6,,,,,,,,,,,,,,,,,2927.0,3193.1,2927.0,5854.0,3193.1,,,2450.5,2290.7,892.9,3763.3,1785.9,,,3399.1,2026.4,731.7,3010.6,1285.0,,,1727.4,688.7,511.5,2066.1,278.0,,,3763.3,4214.9,3633.5,3633.5,3399.1,,,2066.1,1239.6,908.3,272.9,2394.8,,,,,,,,,,,,,,,,,1756.2,736.8,994.0,1881.6,1572.7,,,2290.7,1549.6,1075.2,3399.1,1317.1,,,769.1,1368.4,460.1,1756.2,1033.0,,,966.7,654.4,419.8,975.6,291.0,,,1988.1,4052.8,1951.3,1183.9,2772.9,,,2241.9,1023.0,1211.1,490.1,2847.9,,,,,,,,,,,,,,,,,1033.0,311.7,312.6,300.2,406.8,,,1727.4,816.8,612.6,1915.8,823.2,,,365.8,464.2,196.9,940.8,272.9,,,214.1,215.4,108.4,400.6,73.3,,,423.1,1443.4,675.4,602.1,900.6,,,688.7,414.8,324.2,144.7,1053.7,,,,,,,,,,,,,,,,,322.2,128.6,69.1,204.6,91.7,,,357.1,185.8,95.8,458.1,50.2,,,177.9,169.1,79.5,296.8,73.9,,,50.8,66.4,33.1,106.7,22.7,,,160.6,291.0,232.6,141.2,116.0,,,20.5,2.6,14.4,6.4,47.8,,,,,,,,,,,,,,,,,1596.5,1225.2,298.5,736.8,994.0,,,3010.6,3193.1,2341.6,2394.8,2847.9,,,2570.0,3763.3,2341.6,1463.5,3763.3,,,554.5,1484.1,966.7,721.7,932.5,,,609.0,1013.2,786.3,444.6,284.7,,,1053.7,1727.4,2927.0,1145.3,490.1,,,,,,,,,,,,,,,,,1075.2,537.6,332.4,524.2,940.8,,,662.7,421.4,333.4,93.8,994.0,,,1133.0,769.1,716.8,309.0,2026.4,,,534.8,446.4,524.2,162.8,1197.4,,,101.2,14.2,44.6,35.2,174.1,,,885.4,1170.8,1727.4,1197.4,421.4,,,,,,,,,,,,,,,,,,,,,,,,,,,,,,,,,,,,,,,,,,,,,,,,,,,,,,,,,,,,,,,,,,,,,,,,,,,,,,,,,,,,,,,,,,,,,,,,,,,,,,,,,,,,,,,,,,,,,,,,,,,,,,,,
20260915_岸和田_9R,20260915,56,岸和田,9,107.4,43.9,184.8,342.0,40.7,,,144.0,61.4,116.4,250.3,197.1,,,25.2,27.7,59.4,131.9,30.8,,,427.5,272.8,206.8,534.8,357.1,,,1124.2,586.5,441.5,731.4,814.8,,,59.8,194.2,73.9,214.1,421.5,,,,,,,,,,,,,,,,,80.8,45.5,145.0,314.5,23.1,,,79.0,216.4,96.5,343.9,68.8,,,66.4,230.3,268.0,433.6,80.7,,,251.3,172.9,371.3,377.0,134.9,,,674.5,678.2,926.8,722.7,505.8,,,13.7,27.6,32.7,43.0,126.7,,,,,,,,,,,,,,,,,150.4,59.3,93.8,213.0,162.5,,,128.4,307.3,173.2,443.1,104.3,,,94.2,444.7,283.6,798.7,381.8,,,105.0,166.5,221.9,67.8,149.5,,,518.8,995.2,1291.6,266.2,1020.2,,,207.9,154.8,307.3,206.1,583.7,,,,,,,,,,,,,,,,,34.0,32.4,57.9,171.7,37.1,,,83.4,323.7,344.9,659.8,113.4,,,130.9,432.0,342.9,879.8,454.7,,,235.7,479.9,375.8,468.7,491.5,,,763.6,1349.0,1395.5,1084.0,1134.7,,,97.1,112.8,263.3,263.3,629.0,,,,,,,,,,,,,,,,,613.2,551.8,446.3,693.8,642.4,,,510.1,192.1,516.6,321.2,360.2,,,245.2,131.6,257.7,103.0,235.7,,,489.5,722.7,384.2,1074.4,941.2,,,562.1,356.0,170.2,758.8,512.3,,,578.1,433.6,396.7,663.4,583.7,,,,,,,,,,,,,,,,,2290.8,2428.3,1462.8,2057.8,1686.3,,,1958.3,1839.6,2057.8,1927.2,1686.3,,,1734.5,1686.3,1897.1,749.4,1812.1,,,1480.6,2290.8,2477.8,2477.8,2093.3,,,1305.5,1785.5,678.2,2023.5,1291.6,,,1897.1,1759.6,2639.4,2207.5,1597.5,,,,,,,,,,,,,,,,,61.8,236.2,100.0,289.7,580.9,,,25.8,54.8,56.7,64.2,238.0,,,262.8,157.0,352.9,337.2,778.3,,,125.1,101.8,323.7,390.4,649.2,,,377.0,231.7,387.9,578.1,544.4,,,861.1,722.7,1264.7,1214.1,926.8,,,,,,,,,,,,,,,,,,,,,,,,,,,,,,,,,,,,,,,,,,,,,,,,,,,,,,,,,,,,,,,,,,,,,,,,,,,,,,,,,,,,,,,,,,,,,,,,,,,,,,,,,,,,,,,,,,,,,,,,,,,,,,,,
20260915_岸和田_10R,20260915,56,岸和田,10,129.2,131.6,211.6,584.4,128.9,,,197.3,309.7,209.3,451.0,68.7,,,232.5,378.6,361.3,933.4,332.7,,,126.3,111.5,157.5,195.6,90.4,,,1050.1,800.1,1200.1,742.6,790.6,,,161.9,63.6,248.0,177.0,481.7,,,,,,,,,,,,,,,,,97.1,72.2,140.3,488.7,126.5,,,175.9,101.9,173.4,429.4,64.8,,,41.6,34.6,38.8,107.0,32.4,,,140.6,153.2,94.7,311.8,120.4,,,1129.5,939.9,652.5,1058.4,840.1,,,120.6,55.2,69.6,144.6,394.1,,,,,,,,,,,,,,,,,210.6,255.0,195.6,442.1,86.7,,,196.5,135.6,277.1,463.5,71.8,,,343.7,218.2,471.6,637.0,138.8,,,257.0,347.3,465.1,613.7,179.2,,,1110.8,829.7,867.2,908.2,290.9,,,30.1,26.2,28.5,35.7,54.4,,,,,,,,,,,,,,,,,324.6,416.1,378.6,1026.0,408.5,,,109.2,101.8,90.6,209.0,72.8,,,414.8,245.2,553.1,755.1,253.6,,,282.9,177.8,468.3,703.7,263.0,,,1723.2,872.8,1305.0,1026.0,1330.8,,,287.8,165.3,193.6,324.6,819.6,,,,,,,,,,,,,,,,,118.5,148.8,165.5,221.4,120.4,,,177.5,257.9,206.4,628.1,241.3,,,240.8,289.6,435.0,576.8,210.6,,,296.0,314.0,465.1,689.3,473.3,,,616.5,1084.0,884.3,856.1,902.1,,,192.5,276.0,160.2,333.5,707.4,,,,,,,,,,,,,,,,,1841.3,1866.9,2168.0,1120.1,1639.2,,,2100.2,1445.3,726.5,1920.2,1680.2,,,1723.2,1600.2,1429.9,1445.3,613.7,,,2278.2,1200.1,1545.0,1414.9,2036.6,,,1317.8,2278.2,1385.7,1429.9,2133.6,,,1545.0,1317.8,407.3,1445.3,1976.7,,,,,,,,,,,,,,,,,132.9,51.5,139.4,127.2,412.3,,,127.2,42.4,79.3,197.9,471.6,,,19.1,16.0,18.4,25.3,35.9,,,165.5,129.1,97.3,323.8,628.1,,,155.9,294.7,97.1,360.3,576.8,,,861.6,960.1,284.7,1101.7,829.7,,,,,,,,,,,,,,,,,,,,,,,,,,,,,,,,,,,,,,,,,,,,,,,,,,,,,,,,,,,,,,,,,,,,,,,,,,,,,,,,,,,,,,,,,,,,,,,,,,,,,,,,,,,,,,,,,,,,,,,,,,,,,,,,
20260915_岸和田_11R,20260915,56,岸和田,11,1140.3,621.4,1230.6,1195.1,1445.2,,,963.5,127.8,305.3,817.7,217.6,,,144.3,45.2,33.0,139.1,64.7,,,624.5,448.7,151.9,828.6,600.4,,,834.1,963.5,293.8,956.1,1195.1,,,1044.4,240.4,198.5,364.4,1090.2,,,,,,,,,,,,,,,,,2644.5,1172.5,1534.4,1396.5,2536.5,,,2890.5,1775.6,791.6,1827.8,1614.1,,,1109.7,1322.2,1479.6,927.5,2004.7,,,2071.5,796.7,2390.2,2004.7,3270.8,,,801.8,978.6,744.2,1573.3,1129.9,,,2959.3,1445.2,2485.8,3107.3,2106.6,,,,,,,,,,,,,,,,,430.0,88.2,211.7,430.0,118.9,,,786.6,481.7,1010.5,612.2,334.1,,,39.1,148.4,87.7,144.6,25.6,,,557.3,1090.2,373.2,1183.7,357.1,,,526.6,526.6,309.9,786.6,241.3,,,43.9,84.6,19.2,80.6,100.1,,,,,,,,,,,,,,,,,44.2,9.0,6.8,51.7,17.6,,,163.3,123.4,369.9,200.1,153.4,,,21.3,65.4,51.1,85.7,15.0,,,66.7,472.5,148.3,415.6,207.5,,,139.9,109.7,130.1,376.6,191.5,,,55.1,88.0,20.7,107.3,170.2,,,,,,,,,,,,,,,,,1750.6,1206.7,348.1,1912.2,1365.8,,,2485.8,3107.3,2890.5,3107.3,2485.8,,,1462.2,2071.5,963.5,3031.5,1035.7,,,387.2,2219.5,913.9,1972.9,1614.1,,,2219.5,3107.3,3031.5,2301.7,2536.5,,,1679.6,2824.8,1035.7,1912.2,3452.5,,,,,,,,,,,,,,,,,225.9,262.2,142.3,458.6,796.7,,,197.9,234.0,201.4,753.2,562.4,,,357.1,368.8,293.1,1071.4,365.5,,,121.0,189.1,178.3,489.3,335.0,,,1140.3,1365.8,1573.3,1206.7,2219.5,,,986.4,834.1,458.6,586.2,1534.4,,,,,,,,,,,,,,,,,875.3,162.9,149.9,367.7,807.0,,,1218.5,627.7,869.1,1412.4,1412.4,,,78.4,207.1,46.0,170.9,204.0,,,119.7,603.3,76.6,376.6,381.2,,,791.6,2004.7,657.6,1044.4,2345.1,,,994.3,1161.6,487.4,630.9,1657.2,,,,,,,,,,,,,,,,,,,,,,,,,,,,,,,,,,,,,,,,,,,,,,,,,,,,,,,,,,,,,,,,,,,,,,,,,,,,,,,,,,,,,,,,,,,,,,,,,,,,,,,,,,,,,,,,,,,,,,,,,,,,,,,,
20260915_防府_1R,20260915,63,防府,1,744.7,713.6,456.0,583.9,934.2,,,367.0,36.2,36.7,194.6,235.3,,,577.3,70.4,76.2,392.2,351.1,,,150.3,40.2,40.9,105.0,21.0,,,284.9,267.6,357.6,115.8,744.7,,,901.5,510.4,597.5,114.9,1176.7,,,,,,,,,,,,,,,,,1771.9,1926.9,2202.2,1401.4,3022.6,,,1440.7,759.3,1951.3,667.3,3279.9,,,2083.2,994.5,2908.6,1167.8,3853.9,,,2234.1,2234.1,2802.8,1751.7,3279.9,,,730.6,507.0,619.1,807.1,1926.9,,,3503.5,4056.7,4282.1,3853.9,3351.2,,,,,,,,,,,,,,,,,259.9,22.2,28.1,98.6,151.4,,,471.4,182.8,386.3,200.2,1063.1,,,4.4,30.6,8.5,12.3,36.9,,,113.4,325.2,118.3,314.6,240.1,,,111.4,110.9,54.8,226.0,338.0,,,429.4,981.8,310.8,520.8,720.3,,,,,,,,,,,,,,,,,626.6,68.0,210.8,327.9,394.2,,,906.8,448.1,1204.3,912.1,2371.6,,,13.0,66.1,25.4,28.8,73.9,,,377.8,1048.6,229.0,727.1,634.3,,,428.2,566.7,140.7,707.1,917.6,,,685.1,2028.3,513.8,1589.2,1573.0,,,,,,,,,,,,,,,,,717.0,251.8,288.6,682.1,143.0,,,1976.3,2234.1,2408.7,2408.7,2752.8,,,460.1,1813.6,405.6,1078.0,1125.2,,,639.6,2028.3,510.4,1243.2,1482.2,,,1078.0,1622.7,1468.1,1639.9,1482.2,,,425.8,2446.9,1223.4,1511.3,2111.7,,,,,,,,,,,,,,,,,367.0,347.2,458.8,167.9,1041.6,,,236.8,275.7,307.6,228.0,1014.1,,,231.4,281.3,106.4,418.9,751.9,,,430.6,552.5,170.5,616.6,891.0,,,498.8,786.5,744.7,815.6,856.4,,,1926.9,2408.7,1454.3,1751.7,1926.9,,,,,,,,,,,,,,,,,2083.2,1352.2,1454.3,513.8,1976.3,,,2802.8,3279.9,3503.5,3022.6,3759.9,,,1496.6,2202.2,824.3,1813.6,1496.6,,,1926.9,3853.9,1223.4,3083.1,2486.4,,,637.0,2854.7,1639.9,2202.2,2964.5,,,3083.1,3503.5,1976.3,2408.7,2569.2,,,,,,,,,,,,,,,,,,,,,,,,,,,,,,,,,,,,,,,,,,,,,,,,,,,,,,,,,,,,,,,,,,,,,,,,,,,,,,,,,,,,,,,,,,,,,,,,,,,,,,,,,,,,,,,,,,,,,,,,,,,,,,,,
20260915_防府_2R,20260915,63,防府,2,505.8,1003.7,297.6,784.7,419.0,,,1363.0,3083.0,1198.9,2158.1,1505.6,,,1639.1,4624.6,2194.7,2158.1,1282.0,,,205.8,628.5,1166.5,799.3,186.3,,,2397.9,3407.6,2877.5,2088.5,752.8,,,209.5,570.4,692.4,171.9,264.8,,,,,,,,,,,,,,,,,433.0,911.8,206.5,880.8,441.9,,,275.5,380.8,38.6,1106.7,637.8,,,1377.5,1307.9,613.6,2312.3,1294.8,,,30.9,6.1,96.4,299.0,52.2,,,3499.7,2877.5,5395.4,1681.6,4465.1,,,465.7,723.4,1145.9,270.3,1798.4,,,,,,,,,,,,,,,,,1932.6,5885.8,1422.9,3499.7,3808.5,,,1422.9,1438.7,206.5,2055.3,1932.6,,,5395.4,2642.6,3499.7,4177.0,5395.4,,,1079.0,238.0,2088.5,2354.3,2023.2,,,4177.0,3923.9,4980.3,4624.6,7617.0,,,3499.7,2942.9,5885.8,3011.3,6474.4,,,,,,,,,,,,,,,,,1992.1,4316.3,2312.3,4465.1,1773.8,,,1773.8,1798.4,980.9,3699.7,1488.3,,,4465.1,2055.3,2397.9,4046.5,1992.1,,,1438.7,727.4,2122.7,3596.9,1505.6,,,5629.9,3923.9,3596.9,3237.2,4316.3,,,1703.8,1798.4,2055.3,1749.8,4795.9,,,,,,,,,,,,,,,,,34.5,96.9,266.9,176.1,32.5,,,7.8,2.3,63.2,136.0,12.1,,,173.3,46.8,360.6,1019.6,297.6,,,580.6,280.8,555.7,1166.5,484.9,,,959.1,1003.7,1471.4,2232.5,1145.9,,,17.0,35.4,117.8,299.0,354.7,,,,,,,,,,,,,,,,,5885.8,4465.1,5629.9,4795.9,2194.7,,,4465.1,4316.3,7617.0,5395.4,5629.9,,,4624.6,6166.1,3923.9,6474.4,6166.1,,,6474.4,9999.9,6474.4,5885.8,7617.0,,,4795.9,4465.1,4624.6,6166.1,7193.8,,,2397.9,8093.1,6474.4,6815.2,7617.0,,,,,,,,,,,,,,,,,135.4,387.6,699.9,120.0,196.4,,,420.4,575.5,1334.9,212.6,1849.8,,,1639.1,1773.8,4465.1,2023.2,5179.5,,,1233.2,1823.7,4316.3,2589.7,4177.0,,,103.2,115.6,424.5,770.7,1116.2,,,1269.5,4177.0,4316.3,5395.4,3320.2,,,,,,,,,,,,,,,,,,,,,,,,,,,,,,,,,,,,,,,,,,,,,,,,,,,,,,,,,,,,,,,,,,,,,,,,,,,,,,,,,,,,,,,,,,,,,,,,,,,,,,,,,,,,,,,,,,,,,,,,,,,,,,,,
20260915_防府_3R,20260915,63,防府,3,186.6,579.7,98.7,765.1,227.2,,,167.6,245.0,32.7,397.5,295.0,,,1265.3,455.3,300.4,1430.4,1415.0,,,28.3,6.2,81.6,102.0,76.3,,,1342.8,877.3,1415.0,380.3,1964.1,,,370.6,711.3,1430.4,333.1,1879.9,,,,,,,,,,,,,,,,,236.2,577.1,121.2,760.6,217.1,,,392.8,827.6,254.0,1342.8,456.9,,,974.8,974.8,617.8,1302.9,473.3,,,75.8,92.0,234.9,379.2,58.4,,,1356.6,1802.7,1665.7,1087.5,1052.7,,,111.1,143.1,145.4,65.5,310.3,,,,,,,,,,,,,,,,,404.9,774.1,86.0,788.0,592.7,,,641.9,1687.1,435.7,2437.0,1044.4,,,2122.5,3060.4,1277.6,4112.4,4537.8,,,88.0,268.5,522.2,832.8,520.1,,,1993.9,2860.8,3759.9,1430.4,1415.0,,,1644.9,1277.6,3209.7,939.9,3133.2,,,,,,,,,,,,,,,,,2268.9,1218.5,838.2,2482.9,3655.5,,,1802.7,1174.9,907.5,2392.6,756.3,,,2308.7,2056.2,1290.1,2990.8,2349.9,,,548.3,574.6,617.8,1430.4,1134.4,,,2349.9,2024.5,2024.5,1566.6,2157.3,,,4112.4,1495.4,2685.6,2349.9,3133.2,,,,,,,,,,,,,,,,,12.7,2.8,58.3,70.8,53.6,,,24.9,29.5,112.5,173.3,33.5,,,17.0,53.6,120.4,265.3,133.0,,,215.3,244.1,217.1,569.6,487.4,,,204.9,302.5,391.6,543.7,480.2,,,209.5,126.1,208.8,413.8,600.9,,,,,,,,,,,,,,,,,1196.3,778.6,1495.4,478.5,1853.4,,,1174.9,1399.9,1446.1,1096.6,901.3,,,1144.3,1853.4,1853.4,1196.3,2268.9,,,1342.8,1687.1,1495.4,1265.3,1665.7,,,286.7,584.8,559.9,849.0,1052.7,,,2631.9,1644.9,2157.3,1174.9,2024.5,,,,,,,,,,,,,,,,,707.5,1229.8,1709.0,838.2,2860.8,,,318.6,465.0,438.6,249.7,778.6,,,1907.2,1385.2,4245.0,1399.9,4386.6,,,2741.6,1478.6,3655.5,1964.1,2580.3,,,671.4,395.1,760.6,1154.3,1687.1,,,3463.1,2088.8,4386.6,2799.9,1879.9,,,,,,,,,,,,,,,,,,,,,,,,,,,,,,,,,,,,,,,,,,,,,,,,,,,,,,,,,,,,,,,,,,,,,,,,,,,,,,,,,,,,,,,,,,,,,,,,,,,,,,,,,,,,,,,,,,,,,,,,,,,,,,,,
20260915_防府_4R,20260915,63,防府,4,700.4,743.3,1533.5,1387.5,1867.8,,,290.2,187.9,134.8,958.4,304.7,,,476.1,216.8,344.4,1033.2,774.9,,,1400.8,307.3,783.2,2241.3,516.6,,,3311.1,2973.2,2349.8,3311.1,3833.9,,,1798.6,823.1,1471.6,939.9,3035.2,,,,,,,,,,,,,,,,,1120.6,1174.9,1942.5,2142.4,2312.5,,,531.7,622.6,308.6,578.1,933.9,,,1120.6,1361.5,2388.3,1694.0,3035.2,,,1517.6,545.6,1892.0,1517.6,1011.7,,,916.2,594.6,922.0,791.7,1174.9,,,3833.9,3237.5,3553.4,2511.8,4552.8,,,,,,,,,,,,,,,,,50.2,30.5,26.3,162.2,62.5,,,98.5,121.7,105.8,166.6,232.7,,,33.8,96.5,73.4,357.0,154.3,,,7.4,26.7,19.3,104.1,2.1,,,813.9,471.4,1165.5,455.2,927.9,,,106.3,253.8,190.4,30.2,553.9,,,,,,,,,,,,,,,,,562.5,242.8,518.4,1501.9,933.9,,,1079.1,1312.5,1968.7,1892.0,4046.9,,,279.6,952.2,446.9,3035.2,922.0,,,1277.9,2428.1,728.4,5203.2,1428.3,,,2856.6,2913.7,4699.6,5603.4,6937.6,,,2511.8,4552.8,2856.6,2601.6,6622.2,,,,,,,,,,,,,,,,,888.3,175.1,604.5,1694.0,427.2,,,1387.5,456.7,1336.6,1942.5,1079.1,,,33.0,73.5,68.3,217.7,7.9,,,809.3,1549.8,386.4,3468.8,977.7,,,3553.4,3388.1,1018.8,8093.8,2555.9,,,354.4,677.6,75.7,533.6,1428.3,,,,,,,,,,,,,,,,,4552.8,4699.6,3099.7,8569.9,8569.9,,,3311.1,1501.9,2697.9,2697.9,4699.6,,,4699.6,1867.8,5827.5,2207.4,7667.8,,,3388.1,3167.1,6070.4,9999.9,9999.9,,,6937.6,4046.9,2428.1,9105.6,4699.6,,,7667.8,8093.8,8569.9,9105.6,7667.8,,,,,,,,,,,,,,,,,2856.6,1071.2,2111.4,1266.8,4162.5,,,4284.9,3468.8,4552.8,2913.7,6070.4,,,630.6,1442.4,1374.4,209.0,2801.7,,,2555.9,4046.9,3642.2,3388.1,7284.4,,,762.7,1156.2,223.7,1245.2,2349.8,,,5603.4,7667.8,5827.5,9999.9,4414.8,,,,,,,,,,,,,,,,,,,,,,,,,,,,,,,,,,,,,,,,,,,,,,,,,,,,,,,,,,,,,,,,,,,,,,,,,,,,,,,,,,,,,,,,,,,,,,,,,,,,,,,,,,,,,,,,,,,,,,,,,,,,,,,,
20260915_防府_5R,20260915,63,防府,5,231.7,159.4,183.5,332.3,273.9,,,97.7,84.2,21.2,21.1,44.2,,,72.5,124.3,110.2,177.7,149.3,,,56.9,17.3,51.6,27.6,25.7,,,213.1,39.5,185.3,75.3,82.8,,,174.9,84.2,148.6,76.9,119.0,,,,,,,,,,,,,,,,,693.9,579.3,719.6,1158.6,828.1,,,777.2,701.6,1079.4,898.9,1238.2,,,256.1,330.1,385.0,383.8,298.9,,,740.7,1343.5,1238.2,1468.5,1256.6,,,1512.5,1220.2,1197.1,2004.7,1494.6,,,1084.1,1322.4,765.4,1308.7,1395.5,,,,,,,,,,,,,,,,,113.0,106.9,29.8,29.3,60.7,,,297.8,260.1,456.7,245.0,392.2,,,207.7,128.8,434.0,137.2,346.0,,,72.4,289.0,319.3,141.9,151.6,,,23.7,59.4,46.2,71.3,31.7,,,123.2,320.9,310.3,195.3,103.1,,,,,,,,,,,,,,,,,203.3,379.8,285.4,470.3,472.1,,,120.1,152.7,264.7,131.2,120.3,,,370.9,222.1,883.2,212.6,512.3,,,717.6,807.0,1295.3,1451.6,1079.4,,,680.8,316.1,292.3,1006.3,715.5,,,594.3,354.7,634.6,1031.0,637.8,,,,,,,,,,,,,,,,,151.3,58.8,160.6,95.6,90.0,,,469.5,908.6,828.1,1244.3,770.1,,,124.2,651.0,613.0,360.8,316.1,,,463.4,822.7,1079.4,1559.2,990.5,,,369.2,1250.4,499.2,1443.4,550.3,,,217.7,661.2,394.0,707.5,565.0,,,,,,,,,,,,,,,,,413.4,65.2,435.5,206.0,181.0,,,971.5,348.8,986.7,1174.8,865.0,,,36.9,89.8,64.5,94.9,41.9,,,511.3,445.4,140.5,1220.2,430.3,,,341.8,889.4,242.1,1031.0,484.8,,,214.2,560.0,87.1,350.3,325.5,,,,,,,,,,,,,,,,,345.5,128.3,369.2,156.2,159.1,,,605.7,668.2,445.4,670.0,682.6,,,123.0,387.4,374.7,248.1,116.1,,,418.2,199.0,332.3,677.1,354.2,,,215.7,582.0,320.1,661.2,402.2,,,170.5,319.3,93.6,267.8,316.1,,,,,,,,,,,,,,,,,,,,,,,,,,,,,,,,,,,,,,,,,,,,,,,,,,,,,,,,,,,,,,,,,,,,,,,,,,,,,,,,,,,,,,,,,,,,,,,,,,,,,,,,,,,,,,,,,,,,,,,,,,,,,,,,
20260915_防府_6R,20260915,63,防府,6,888.9,730.2,312.8,839.7,526.1,,,1490.1,1047.9,467.8,1007.0,1074.1,,,654.2,608.0,146.4,272.5,353.1,,,94.7,77.4,43.1,42.1,44.2,,,442.9,295.9,126.5,83.6,219.3,,,415.7,453.0,379.6,125.4,379.1,,,,,,,,,,,,,,,,,1199.0,1074.1,413.7,1696.0,917.4,,,1983.0,2029.8,736.5,3630.8,1233.4,,,1393.4,2113.0,683.7,2864.3,1308.5,,,172.4,194.5,236.2,422.6,175.7,,,2963.1,4603.4,4091.9,2184.6,4369.3,,,742.9,764.9,1101.6,329.6,1923.8,,,,,,,,,,,,,,,,,2630.5,2527.3,795.6,2184.6,1895.5,,,3222.4,3305.0,969.1,5054.7,2241.6,,,3222.4,4603.4,1150.8,4028.0,2963.1,,,602.3,834.2,692.9,1416.4,418.4,,,2929.4,6444.8,4157.9,2577.9,5155.8,,,2045.9,2261.3,2455.1,588.5,4522.6,,,,,,,,,,,,,,,,,708.2,724.1,210.0,482.7,500.5,,,999.1,1581.5,546.1,2045.9,1047.9,,,1543.6,2527.3,718.0,1938.2,1216.0,,,132.8,248.8,224.3,329.2,143.2,,,842.4,2832.8,1707.2,895.1,1730.1,,,823.6,1060.8,734.4,313.2,1276.1,,,,,,,,,,,,,,,,,46.0,32.2,17.3,15.9,22.2,,,27.8,15.8,43.5,170.6,34.1,,,63.3,92.0,92.5,246.6,43.6,,,38.0,98.6,66.9,107.0,61.1,,,103.9,428.9,367.2,194.4,234.9,,,16.7,27.9,5.3,29.4,80.9,,,,,,,,,,,,,,,,,1621.3,1083.1,501.5,351.2,619.6,,,2657.6,4957.5,4157.9,2432.0,3182.6,,,3392.0,6444.8,4028.0,3437.2,4091.9,,,1043.6,4028.0,3847.6,1187.9,3032.8,,,523.9,1777.8,1684.9,923.9,885.8,,,1456.4,4157.9,3143.8,2864.3,1263.6,,,,,,,,,,,,,,,,,494.8,543.8,531.5,153.3,696.7,,,493.8,426.1,730.2,234.1,1087.7,,,785.9,704.3,788.3,141.1,1923.8,,,927.3,1448.2,987.7,364.6,1841.3,,,47.4,64.2,20.6,68.3,239.8,,,1187.9,2771.9,2014.0,2045.9,818.3,,,,,,,,,,,,,,,,,,,,,,,,,,,,,,,,,,,,,,,,,,,,,,,,,,,,,,,,,,,,,,,,,,,,,,,,,,,,,,,,,,,,,,,,,,,,,,,,,,,,,,,,,,,,,,,,,,,,,,,,,,,,,,,,
20260915_防府_7R,20260915,63,防府,7,190.9,534.0,147.6,556.0,242.8,,,72.8,168.2,28.5,101.0,211.8,,,623.7,556.0,157.8,1222.7,948.0,,,39.7,14.2,9.5,79.9,69.0,,,578.5,162.2,1005.6,244.5,978.2,,,502.8,483.6,987.1,326.0,1126.7,,,,,,,,,,,,,,,,,317.8,604.5,220.2,847.2,332.1,,,248.2,580.0,231.6,297.2,206.3,,,1434.6,1668.2,1138.6,1974.3,1243.9,,,157.1,265.6,283.5,656.1,200.1,,,1005.6,563.3,1570.8,919.6,904.2,,,205.1,187.1,319.7,138.3,514.8,,,,,,,,,,,,,,,,,69.1,139.6,18.9,55.0,145.0,,,87.7,288.0,76.1,92.0,63.3,,,424.4,788.2,249.6,540.7,672.5,,,21.7,66.0,63.1,52.1,109.0,,,47.8,65.6,148.3,33.3,110.8,,,223.9,189.4,449.2,185.8,276.9,,,,,,,,,,,,,,,,,2418.0,1454.0,437.4,2869.3,2195.9,,,2314.0,2794.8,2152.0,3527.9,2690.0,,,1594.1,3310.8,1024.7,2445.5,2908.1,,,349.9,1582.3,800.0,2195.9,1735.5,,,3586.7,3527.9,2473.6,3527.9,3842.9,,,3710.4,5248.8,3647.5,2908.1,5248.8,,,,,,,,,,,,,,,,,31.2,11.9,8.5,67.5,68.3,,,103.9,203.5,243.9,609.6,261.8,,,28.2,126.2,92.4,136.6,187.2,,,49.5,218.7,150.7,483.6,298.4,,,167.4,722.1,275.1,573.8,853.9,,,218.7,420.3,375.5,410.6,1081.4,,,,,,,,,,,,,,,,,850.6,259.9,1150.8,302.2,1265.9,,,1010.3,501.6,1749.6,939.7,1236.8,,,106.0,153.6,323.1,90.5,346.5,,,2794.8,3212.0,1921.4,2724.1,3362.5,,,337.8,908.0,330.0,850.6,1251.1,,,1618.0,2130.7,1236.8,2218.6,1642.7,,,,,,,,,,,,,,,,,771.3,1015.1,1763.9,794.1,1793.3,,,531.3,413.0,860.8,395.5,915.7,,,1000.9,631.0,1887.7,860.8,1195.5,,,3260.6,2831.6,3310.8,2624.4,4219.6,,,812.0,834.1,821.3,1188.9,1559.4,,,1618.0,1763.9,1144.7,3310.8,1839.3,,,,,,,,,,,,,,,,,,,,,,,,,,,,,,,,,,,,,,,,,,,,,,,,,,,,,,,,,,,,,,,,,,,,,,,,,,,,,,,,,,,,,,,,,,,,,,,,,,,,,,,,,,,,,,,,,,,,,,,,,,,,,,,,
20260915_防府_8R,20260915,63,防府,8,755.5,1608.7,977.0,2303.8,1681.1,,,498.9,814.8,130.5,971.9,484.7,,,1985.2,1529.5,1760.4,3732.1,2628.3,,,605.8,172.4,1314.1,1760.4,937.7,,,3970.4,2591.8,3732.1,3392.9,3520.9,,,1542.2,1084.9,2275.7,1278.1,2704.4,,,,,,,,,,,,,,,,,603.9,588.6,856.0,987.3,1392.6,,,281.4,126.4,136.3,165.2,244.2,,,252.1,79.4,84.0,43.6,165.5,,,385.5,102.0,112.3,192.3,292.9,,,428.0,144.6,83.1,249.1,148.3,,,1104.1,609.8,371.7,717.7,424.1,,,,,,,,,,,,,,,,,134.6,243.9,28.7,377.7,128.9,,,163.4,186.7,78.6,280.6,289.7,,,324.5,259.1,90.9,688.5,563.7,,,5.6,13.2,25.0,95.2,28.5,,,1054.2,840.5,1517.1,455.1,1492.8,,,293.4,514.0,818.4,128.7,686.0,,,,,,,,,,,,,,,,,992.6,961.9,1072.4,1636.9,1260.8,,,284.0,95.7,67.2,45.4,208.7,,,344.9,242.0,150.2,811.3,630.4,,,394.5,94.9,94.3,492.3,436.0,,,1794.3,383.1,1084.9,956.9,1244.0,,,1794.3,528.6,1151.9,852.0,1382.2,,,,,,,,,,,,,,,,,246.5,79.7,343.6,524.1,408.3,,,167.2,48.7,63.6,122.7,173.2,,,6.3,10.0,20.3,74.3,32.4,,,231.8,62.7,68.2,329.6,281.0,,,1372.1,590.5,613.8,937.7,1104.1,,,550.4,304.4,169.7,518.3,594.2,,,,,,,,,,,,,,,,,4665.2,4443.0,6019.6,5183.6,4551.4,,,1760.4,594.2,388.7,1227.6,577.7,,,2915.7,1529.5,2628.3,1727.8,3162.8,,,3659.0,784.0,3162.8,3162.8,3162.8,,,4551.4,2221.5,1829.5,3732.1,4056.7,,,4146.8,2120.5,4146.8,3520.9,4784.8,,,,,,,,,,,,,,,,,1581.4,961.9,1622.6,1269.4,1964.3,,,1124.1,514.0,565.4,555.3,622.0,,,345.5,411.9,863.9,198.5,1025.3,,,1884.9,581.3,1019.7,804.3,1727.8,,,723.2,387.9,184.7,701.5,1151.9,,,2195.4,1555.0,2050.6,2169.8,1985.2,,,,,,,,,,,,,,,,,,,,,,,,,,,,,,,,,,,,,,,,,,,,,,,,,,,,,,,,,,,,,,,,,,,,,,,,,,,,,,,,,,,,,,,,,,,,,,,,,,,,,,,,,,,,,,,,,,,,,,,,,,,,,,,,
20260915_防府_9R,20260915,63,防府,9,356.3,45.1,257.5,189.2,70.9,,,705.9,284.3,724.9,628.3,513.6,,,16.8,64.8,12.9,4.3,6.4,,,449.8,504.0,58.1,164.9,216.1,,,171.2,289.5,22.9,85.0,84.6,,,77.9,165.3,30.3,126.8,85.9,,,,,,,,,,,,,,,,,628.3,117.2,376.2,340.2,139.5,,,1653.4,2386.0,2071.4,4097.7,567.7,,,196.1,880.8,915.0,705.9,168.3,,,1327.4,2654.9,1713.6,3040.2,928.5,,,1484.2,3249.9,1745.3,3927.0,1963.5,,,94.9,63.8,151.4,339.6,459.7,,,,,,,,,,,,,,,,,2945.2,1597.4,2142.0,2731.8,1484.2,,,3249.9,3556.5,3194.8,4488.0,1256.6,,,1984.1,4284.0,3846.9,4712.4,2142.0,,,3366.0,3769.9,3927.0,4833.2,2217.6,,,3927.0,5890.5,4284.0,4833.2,5385.6,,,1520.1,884.9,1812.4,1584.0,3927.0,,,,,,,,,,,,,,,,,35.7,78.6,51.5,9.3,17.5,,,120.7,476.0,522.1,526.5,91.0,,,682.9,1282.3,1532.5,1963.5,608.0,,,229.5,928.5,1232.0,788.6,494.7,,,186.6,897.6,1417.2,837.7,551.1,,,82.0,115.7,135.7,439.3,380.0,,,,,,,,,,,,,,,,,849.0,992.0,232.4,535.5,505.3,,,1532.5,2327.1,1668.1,2945.2,976.6,,,1557.8,2005.3,2327.1,2731.8,1438.9,,,347.1,1496.0,2117.9,1461.2,966.6,,,1484.2,2856.0,3556.5,2166.6,2298.7,,,795.3,889.1,889.1,992.0,1570.8,,,,,,,,,,,,,,,,,1346.4,1884.9,327.2,1163.5,966.6,,,2654.9,4488.0,3366.0,6283.2,3769.9,,,4383.6,6981.4,5236.0,7539.9,6283.2,,,464.2,2945.2,4383.6,2448.0,2327.1,,,2582.1,6283.2,6499.9,3927.0,3624.9,,,2142.0,4188.8,6283.2,3556.5,5236.0,,,,,,,,,,,,,,,,,117.1,158.8,147.3,376.9,424.5,,,80.3,65.7,206.2,243.8,585.3,,,173.0,129.1,427.4,343.3,1115.3,,,142.3,187.0,205.5,722.2,876.7,,,778.9,714.0,604.1,1058.9,1984.1,,,1128.7,1830.0,1812.4,1520.1,2142.0,,,,,,,,,,,,,,,,,,,,,,,,,,,,,,,,,,,,,,,,,,,,,,,,,,,,,,,,,,,,,,,,,,,,,,,,,,,,,,,,,,,,,,,,,,,,,,,,,,,,,,,,,,,,,,,,,,,,,,,,,,,,,,,,
20260915_防府_10R,20260915,63,防府,10,811.8,1134.6,509.0,480.4,321.4,,,369.3,946.4,309.2,291.5,201.0,,,2116.3,2003.7,2140.3,1416.1,1023.6,,,498.2,629.9,1696.8,708.0,560.5,,,139.0,136.0,221.3,199.3,60.2,,,229.9,112.4,146.2,372.2,171.0,,,,,,,,,,,,,,,,,1034.9,1596.2,439.0,679.9,484.1,,,1012.6,778.3,302.3,1298.9,196.6,,,2354.4,1023.6,833.4,2446.1,632.0,,,172.6,144.2,255.5,311.3,56.1,,,1326.4,2164.9,2729.7,876.0,991.3,,,382.8,120.5,156.3,102.0,596.0,,,,,,,,,,,,,,,,,558.9,1012.6,514.6,432.9,300.4,,,493.0,427.1,162.6,872.0,164.6,,,1281.3,778.3,1052.2,2269.3,221.0,,,507.6,113.2,539.6,756.4,179.5,,,826.1,1199.6,2215.9,1317.1,856.1,,,84.7,36.0,17.3,36.6,149.2,,,,,,,,,,,,,,,,,4280.7,5090.5,3767.0,3622.1,2296.9,,,3363.4,1828.6,2769.8,4829.5,1405.6,,,4708.8,1596.2,2769.8,4185.6,489.2,,,3924.0,3087.7,3087.7,3488.0,1728.0,,,4380.2,4484.5,4280.7,4185.6,3488.0,,,1569.6,781.5,342.4,986.1,2190.1,,,,,,,,,,,,,,,,,569.0,956.1,1448.8,808.3,784.8,,,158.5,90.2,231.9,294.7,38.0,,,647.2,204.2,840.8,1034.9,243.6,,,1405.6,1101.4,1264.1,1556.6,1082.4,,,1395.2,1058.1,2269.3,2215.9,1355.0,,,264.5,87.8,99.8,194.5,481.7,,,,,,,,,,,,,,,,,460.5,511.8,860.0,623.6,250.8,,,1569.6,3087.7,4593.9,1793.8,1569.6,,,1076.2,2690.7,3488.0,2897.7,1177.2,,,3622.1,5232.0,5539.7,5090.5,3139.2,,,1652.2,1811.0,2897.7,4280.7,2769.8,,,700.1,1255.6,932.4,1064.1,1811.0,,,,,,,,,,,,,,,,,215.7,74.2,128.0,298.4,249.8,,,151.6,25.4,57.1,45.7,200.3,,,26.4,8.6,4.0,12.1,65.3,,,116.1,57.3,19.5,90.9,211.8,,,166.2,52.5,36.6,86.4,342.4,,,405.9,576.0,226.6,346.2,826.1,,,,,,,,,,,,,,,,,,,,,,,,,,,,,,,,,,,,,,,,,,,,,,,,,,,,,,,,,,,,,,,,,,,,,,,,,,,,,,,,,,,,,,,,,,,,,,,,,,,,,,,,,,,,,,,,,,,,,,,,,,,,,,,,
20260915_防府_11R,20260915,63,防府,11,568.6,1326.7,665.4,1054.7,1178.5,,,461.6,724.9,305.7,527.3,1263.2,,,669.7,470.8,468.7,337.5,958.9,,,397.2,217.4,390.6,248.4,735.0,,,388.5,210.3,169.1,157.6,633.5,,,1715.1,2812.7,2244.2,1834.4,2971.2,,,,,,,,,,,,,,,,,585.9,1226.5,663.3,1212.4,1039.2,,,274.6,370.1,24.2,581.1,113.6,,,1326.7,985.7,796.0,1900.5,1122.1,,,265.3,27.5,338.6,520.8,73.3,,,1335.1,1110.3,1866.8,958.9,1622.7,,,513.2,255.0,404.1,247.6,1024.0,,,,,,,,,,,,,,,,,307.5,729.9,158.1,592.5,1087.4,,,176.9,302.6,18.0,402.5,125.4,,,1081.8,814.5,517.0,1917.8,1715.1,,,49.4,5.2,101.0,92.3,58.3,,,651.1,639.2,1310.3,383.5,1900.5,,,1834.4,477.2,1866.8,432.2,3245.5,,,,,,,,,,,,,,,,,1352.2,1116.1,1263.2,886.3,1715.1,,,1648.1,1352.2,1159.1,2370.3,2424.8,,,1757.9,1326.7,837.1,2604.4,2572.6,,,1044.3,805.1,647.1,1318.4,1622.7,,,1198.6,2130.8,2174.8,1803.0,2971.2,,,3148.6,3296.2,3057.3,3245.5,3980.3,,,,,,,,,,,,,,,,,109.5,66.5,118.0,84.9,274.6,,,85.9,12.0,153.8,185.8,47.8,,,18.1,3.2,71.1,39.6,43.5,,,265.0,285.4,247.6,457.6,539.5,,,71.1,172.3,110.3,256.9,307.5,,,615.0,263.3,324.0,669.7,901.5,,,,,,,,,,,,,,,,,248.7,164.9,115.6,85.5,324.5,,,732.4,606.2,1454.8,543.7,1278.5,,,393.5,489.4,995.0,282.0,1326.7,,,929.3,1757.9,1900.5,1278.5,2572.6,,,109.7,285.4,141.7,460.6,522.1,,,2197.4,3701.0,3057.3,3057.3,2088.6,,,,,,,,,,,,,,,,,3057.3,3906.6,3013.6,3013.6,3906.6,,,1701.2,1335.1,1900.5,1140.3,2971.2,,,3057.3,1326.7,3906.6,1674.2,6027.3,,,4056.8,3575.5,5551.5,4906.0,3980.3,,,1900.5,1294.2,1270.8,3013.6,3057.3,,,2971.2,4056.8,4136.4,4394.9,2971.2,,,,,,,,,,,,,,,,,,,,,,,,,,,,,,,,,,,,,,,,,,,,,,,,,,,,,,,,,,,,,,,,,,,,,,,,,,,,,,,,,,,,,,,,,,,,,,,,,,,,,,,,,,,,,,,,,,,,,,,,,,,,,,,,
20260915_防府_12R,20260915,63,防府,12,1737.6,2232.4,1648.5,2453.9,1033.6,,,2329.5,1858.2,1615.4,2844.8,942.7,,,2613.5,2047.5,2009.2,2635.0,962.4,,,1373.8,1509.2,1806.0,1737.6,332.0,,,2922.4,3314.1,3151.6,2034.6,1481.4,,,683.9,574.0,629.1,301.2,1093.4,,,,,,,,,,,,,,,,,980.0,1199.5,1030.3,1004.6,704.9,,,490.7,79.4,160.1,107.0,115.2,,,516.8,78.0,181.0,117.5,121.8,,,472.7,124.0,147.3,181.4,78.6,,,488.5,62.7,101.3,135.4,86.5,,,275.9,129.1,158.5,95.7,163.1,,,,,,,,,,,,,,,,,1075.1,878.3,890.5,1631.8,614.6,,,560.0,130.0,203.4,230.2,165.4,,,433.8,130.7,194.2,299.8,84.7,,,596.4,231.2,252.5,515.1,139.8,,,1826.5,293.0,536.6,747.6,483.4,,,270.3,181.4,151.7,121.3,478.3,,,,,,,,,,,,,,,,,1226.9,929.1,1255.7,1996.7,613.4,,,548.5,116.3,273.1,230.6,165.0,,,356.3,85.0,145.6,193.5,61.1,,,691.3,268.3,235.5,443.4,176.6,,,1560.5,246.1,294.6,474.8,411.0,,,225.7,147.1,86.6,160.0,374.2,,,,,,,,,,,,,,,,,465.9,472.7,595.3,971.2,177.5,,,252.5,66.4,84.4,150.7,48.1,,,336.9,122.9,160.9,354.0,88.2,,,487.8,177.4,182.3,577.1,132.6,,,897.9,204.7,439.1,637.8,214.0,,,19.0,16.5,21.3,30.9,70.8,,,,,,,,,,,,,,,,,1640.1,2009.2,2511.5,2279.9,1391.6,,,575.0,108.2,144.4,201.6,121.8,,,1631.8,333.8,572.0,1007.7,611.1,,,2312.7,436.7,620.6,1270.6,671.1,,,1367.9,327.6,619.4,910.6,326.6,,,519.3,241.8,374.2,484.1,302.1,,,,,,,,,,,,,,,,,111.6,73.4,106.5,44.8,299.0,,,146.9,109.7,129.7,61.7,197.5,,,102.5,122.2,107.8,53.2,379.5,,,157.1,181.9,122.1,95.9,521.8,,,13.4,16.2,17.1,27.4,73.2,,,426.9,196.1,392.5,539.3,204.4,,,,,,,,,,,,,,,,,,,,,,,,,,,,,,,,,,,,,,,,,,,,,,,,,,,,,,,,,,,,,,,,,,,,,,,,,,,,,,,,,,,,,,,,,,,,,,,,,,,,,,,,,,,,,,,,,,,,,,,,,,,,,,,,
