race_key,date,jo_code,jo_name,race_no,1-2-3,1-2-4,1-2-5,1-2-6,1-2-7,1-2-8,1-2-9,1-3-2,1-3-4,1-3-5,1-3-6,1-3-7,1-3-8,1-3-9,1-4-2,1-4-3,1-4-5,1-4-6,1-4-7,1-4-8,1-4-9,1-5-2,1-5-3,1-5-4,1-5-6,1-5-7,1-5-8,1-5-9,1-6-2,1-6-3,1-6-4,1-6-5,1-6-7,1-6-8,1-6-9,1-7-2,1-7-3,1-7-4,1-7-5,1-7-6,1-7-8,1-7-9,1-8-2,1-8-3,1-8-4,1-8-5,1-8-6,1-8-7,1-8-9,1-9-2,1-9-3,1-9-4,1-9-5,1-9-6,1-9-7,1-9-8,2-1-3,2-1-4,2-1-5,2-1-6,2-1-7,2-1-8,2-1-9,2-3-1,2-3-4,2-3-5,2-3-6,2-3-7,2-3-8,2-3-9,2-4-1,2-4-3,2-4-5,2-4-6,2-4-7,2-4-8,2-4-9,2-5-1,2-5-3,2-5-4,2-5-6,2-5-7,2-5-8,2-5-9,2-6-1,2-6-3,2-6-4,2-6-5,2-6-7,2-6-8,2-6-9,2-7-1,2-7-3,2-7-4,2-7-5,2-7-6,2-7-8,2-7-9,2-8-1,2-8-3,2-8-4,2-8-5,2-8-6,2-8-7,2-8-9,2-9-1,2-9-3,2-9-4,2-9-5,2-9-6,2-9-7,2-9-8,3-1-2,3-1-4,3-1-5,3-1-6,3-1-7,3-1-8,3-1-9,3-2-1,3-2-4,3-2-5,3-2-6,3-2-7,3-2-8,3-2-9,3-4-1,3-4-2,3-4-5,3-4-6,3-4-7,3-4-8,3-4-9,3-5-1,3-5-2,3-5-4,3-5-6,3-5-7,3-5-8,3-5-9,3-6-1,3-6-2,3-6-4,3-6-5,3-6-7,3-6-8,3-6-9,3-7-1,3-7-2,3-7-4,3-7-5,3-7-6,3-7-8,3-7-9,3-8-1,3-8-2,3-8-4,3-8-5,3-8-6,3-8-7,3-8-9,3-9-1,3-9-2,3-9-4,3-9-5,3-9-6,3-9-7,3-9-8,4-1-2,4-1-3,4-1-5,4-1-6,4-1-7,4-1-8,4-1-9,4-2-1,4-2-3,4-2-5,4-2-6,4-2-7,4-2-8,4-2-9,4-3-1,4-3-2,4-3-5,4-3-6,4-3-7,4-3-8,4-3-9,4-5-1,4-5-2,4-5-3,4-5-6,4-5-7,4-5-8,4-5-9,4-6-1,4-6-2,4-6-3,4-6-5,4-6-7,4-6-8,4-6-9,4-7-1,4-7-2,4-7-3,4-7-5,4-7-6,4-7-8,4-7-9,4-8-1,4-8-2,4-8-3,4-8-5,4-8-6,4-8-7,4-8-9,4-9-1,4-9-2,4-9-3,4-9-5,4-9-6,4-9-7,4-9-8,5-1-2,5-1-3,5-1-4,5-1-6,5-1-7,5-1-8,5-1-9,5-2-1,5-2-3,5-2-4,5-2-6,5-2-7,5-2-8,5-2-9,5-3-1,5-3-2,5-3-4,5-3-6,5-3-7,5-3-8,5-3-9,5-4-1,5-4-2,5-4-3,5-4-6,5-4-7,5-4-8,5-4-9,5-6-1,5-6-2,5-6-3,5-6-4,5-6-7,5-6-8,5-6-9,5-7-1,5-7-2,5-7-3,5-7-4,5-7-6,5-7-8,5-7-9,5-8-1,5-8-2,5-8-3,5-8-4,5-8-6,5-8-7,5-8-9,5-9-1,5-9-2,5-9-3,5-9-4,5-9-6,5-9-7,5-9-8,6-1-2,6-1-3,6-1-4,6-1-5,6-1-7,6-1-8,6-1-9,6-2-1,6-2-3,6-2-4,6-2-5,6-2-7,6-2-8,6-2-9,6-3-1,6-3-2,6-3-4,6-3-5,6-3-7,6-3-8,6-3-9,6-4-1,6-4-2,6-4-3,6-4-5,6-4-7,6-4-8,6-4-9,6-5-1,6-5-2,6-5-3,6-5-4,6-5-7,6-5-8,6-5-9,6-7-1,6-7-2,6-7-3,6-7-4,6-7-5,6-7-8,6-7-9,6-8-1,6-8-2,6-8-3,6-8-4,6-8-5,6-8-7,6-8-9,6-9-1,6-9-2,6-9-3,6-9-4,6-9-5,6-9-7,6-9-8,7-1-2,7-1-3,7-1-4,7-1-5,7-1-6,7-1-8,7-1-9,7-2-1,7-2-3,7-2-4,7-2-5,7-2-6,7-2-8,7-2-9,7-3-1,7-3-2,7-3-4,7-3-5,7-3-6,7-3-8,7-3-9,7-4-1,7-4-2,7-4-3,7-4-5,7-4-6,7-4-8,7-4-9,7-5-1,7-5-2,7-5-3,7-5-4,7-5-6,7-5-8,7-5-9,7-6-1,7-6-2,7-6-3,7-6-4,7-6-5,7-6-8,7-6-9,7-8-1,7-8-2,7-8-3,7-8-4,7-8-5,7-8-6,7-8-9,7-9-1,7-9-2,7-9-3,7-9-4,7-9-5,7-9-6,7-9-8,8-1-2,8-1-3,8-1-4,8-1-5,8-1-6,8-1-7,8-1-9,8-2-1,8-2-3,8-2-4,8-2-5,8-2-6,8-2-7,8-2-9,8-3-1,8-3-2,8-3-4,8-3-5,8-3-6,8-3-7,8-3-9,8-4-1,8-4-2,8-4-3,8-4-5,8-4-6,8-4-7,8-4-9,8-5-1,8-5-2,8-5-3,8-5-4,8-5-6,8-5-7,8-5-9,8-6-1,8-6-2,8-6-3,8-6-4,8-6-5,8-6-7,8-6-9,8-7-1,8-7-2,8-7-3,8-7-4,8-7-5,8-7-6,8-7-9,8-9-1,8-9-2,8-9-3,8-9-4,8-9-5,8-9-6,8-9-7,9-1-2,9-1-3,9-1-4,9-1-5,9-1-6,9-1-7,9-1-8,9-2-1,9-2-3,9-2-4,9-2-5,9-2-6,9-2-7,9-2-8,9-3-1,9-3-2,9-3-4,9-3-5,9-3-6,9-3-7,9-3-8,9-4-1,9-4-2,9-4-3,9-4-5,9-4-6,9-4-7,9-4-8,9-5-1,9-5-2,9-5-3,9-5-4,9-5-6,9-5-7,9-5-8,9-6-1,9-6-2,9-6-3,9-6-4,9-6-5,9-6-7,9-6-8,9-7-1,9-7-2,9-7-3,9-7-4,9-7-5,9-7-6,9-7-8,9-8-1,9-8-2,9-8-3,9-8-4,9-8-5,9-8-6,9-8-7
20260907_いわき平_1R,20260907,13,いわき平,1,295.6,597.9,996.5,768.7,395.7,,,102.5,44.4,23.4,25.2,29.7,,,318.4,38.3,239.1,115.4,55.8,,,660.3,120.1,487.0,230.9,220.1,,,287.0,26.9,95.9,180.8,106.4,,,131.7,46.6,44.9,210.2,145.4,,,,,,,,,,,,,,,,,969.6,803.2,1582.8,1328.7,640.6,,,1416.2,2242.3,1681.7,2759.7,1630.7,,,604.6,1281.3,1237.1,1098.2,143.7,,,2242.3,2030.7,1993.1,2690.7,1630.7,,,1888.2,3165.6,1515.9,2989.7,2339.8,,,335.3,636.8,101.0,581.7,1025.0,,,,,,,,,,,,,,,,,183.0,239.1,94.9,128.5,101.1,,,867.9,2759.7,2069.8,1956.9,1281.3,,,498.2,1793.8,1237.1,1055.2,530.2,,,387.1,1195.9,1681.7,1015.3,747.4,,,383.0,2562.6,1416.2,1312.5,1098.2,,,305.7,791.4,549.1,861.0,904.4,,,,,,,,,,,,,,,,,177.0,51.5,232.4,92.2,50.0,,,336.3,618.5,689.9,535.4,88.8,,,199.6,703.4,273.1,458.0,201.1,,,732.1,1121.1,400.1,1065.6,362.3,,,120.6,328.1,314.7,480.4,112.2,,,14.7,13.4,40.1,87.7,50.6,,,,,,,,,,,,,,,,,1223.0,591.3,1055.2,1157.3,1065.6,,,2832.4,2152.6,2391.8,3711.4,1494.8,,,809.2,3165.6,2391.8,2625.1,1793.8,,,1515.9,1956.9,2069.8,2290.0,737.2,,,1582.8,1281.3,2391.8,2339.8,1956.9,,,1630.7,1251.5,1993.1,834.3,1993.1,,,,,,,,,,,,,,,,,694.3,76.2,197.8,484.8,212.7,,,1345.3,2759.7,1379.8,2759.7,1735.9,,,344.9,2562.6,952.4,1435.0,960.9,,,224.2,608.0,566.4,660.3,136.9,,,1182.7,3711.4,2069.8,1266.2,1993.1,,,425.4,791.4,732.1,219.6,952.4,,,,,,,,,,,,,,,,,112.9,86.9,46.0,277.4,215.2,,,105.5,187.8,28.6,244.0,391.3,,,205.0,418.8,162.8,543.5,768.7,,,10.8,7.6,26.4,54.8,46.2,,,747.4,708.1,987.4,348.3,1345.3,,,337.4,569.4,660.3,183.0,840.8,,,,,,,,,,,,,,,,,,,,,,,,,,,,,,,,,,,,,,,,,,,,,,,,,,,,,,,,,,,,,,,,,,,,,,,,,,,,,,,,,,,,,,,,,,,,,,,,,,,,,,,,,,,,,,,,,,,,,,,,,,,,,,,,
20260907_いわき平_2R,20260907,13,いわき平,2,87.1,61.1,17.9,202.7,38.0,,,310.9,837.5,319.8,690.7,752.8,,,241.0,822.1,166.2,1340.1,556.0,,,23.6,127.2,26.8,255.7,61.3,,,744.5,1080.7,1381.5,807.2,1786.8,,,88.1,485.5,337.5,133.0,1015.2,,,,,,,,,,,,,,,,,56.9,45.1,9.5,107.6,19.9,,,141.5,385.0,105.8,201.5,139.8,,,189.8,542.5,129.4,783.6,293.2,,,19.2,91.7,38.7,229.0,32.4,,,523.4,443.7,802.4,606.3,485.5,,,13.3,42.3,60.7,14.9,84.9,,,,,,,,,,,,,,,,,301.8,957.2,198.8,435.0,709.0,,,285.7,864.5,184.8,312.3,282.1,,,1654.4,1696.3,525.5,1763.2,2233.5,,,269.6,263.2,250.9,343.6,971.0,,,224.8,203.9,614.7,148.0,342.7,,,732.2,394.1,1425.6,650.5,570.2,,,,,,,,,,,,,,,,,606.3,2161.4,350.8,1718.0,1107.5,,,650.5,2161.4,647.3,3116.5,1165.3,,,3268.5,4060.9,2791.8,5154.2,4467.0,,,235.5,525.5,1472.6,2030.4,917.8,,,4187.8,5154.2,4322.9,4786.0,6381.4,,,1353.6,1740.3,3941.4,1654.4,5826.5,,,,,,,,,,,,,,,,,25.2,152.9,14.8,285.7,96.4,,,33.3,295.8,52.5,687.2,116.5,,,233.4,381.7,363.1,1030.8,1276.2,,,36.2,103.0,347.1,653.7,259.7,,,812.1,1353.6,1425.6,1252.4,2061.6,,,225.6,191.7,937.1,305.9,1207.2,,,,,,,,,,,,,,,,,1353.6,1165.3,2577.1,1038.8,4187.8,,,1185.9,1080.7,3526.5,1558.2,1942.1,,,598.2,575.1,1145.3,544.7,1000.0,,,4187.8,5826.5,3941.4,4786.0,7053.1,,,1353.6,2127.1,1440.9,2436.5,2851.2,,,3526.5,2393.0,3116.5,6091.3,2627.6,,,,,,,,,,,,,,,,,140.4,582.6,644.2,262.7,1654.4,,,55.6,112.0,183.0,61.0,276.8,,,1007.5,429.5,1740.3,1007.5,1098.4,,,1540.3,765.7,2851.2,1301.0,4963.3,,,354.5,208.7,971.0,620.4,1675.1,,,3350.2,1015.2,1505.7,2000.1,2577.1,,,,,,,,,,,,,,,,,,,,,,,,,,,,,,,,,,,,,,,,,,,,,,,,,,,,,,,,,,,,,,,,,,,,,,,,,,,,,,,,,,,,,,,,,,,,,,,,,,,,,,,,,,,,,,,,,,,,,,,,,,,,,,,,
20260907_いわき平_3R,20260907,13,いわき平,3,2398.9,2575.3,1137.1,1199.4,1326.7,,,1805.4,758.1,1389.8,723.6,1435.4,,,1903.5,1167.5,1768.9,1357.5,1903.5,,,601.8,1191.3,1412.3,469.5,472.0,,,470.7,548.9,570.4,205.5,216.7,,,841.9,1378.9,1945.8,440.0,485.1,,,,,,,,,,,,,,,,,2538.0,3072.3,2135.6,2870.9,2466.5,,,1447.3,781.8,547.2,2304.2,1152.1,,,2779.7,1159.7,846.0,2398.9,1768.9,,,732.7,350.9,380.7,361.0,92.3,,,1883.0,2274.3,1863.0,862.6,1621.5,,,1592.0,893.5,1191.3,155.3,1336.8,,,,,,,,,,,,,,,,,1175.3,430.2,591.6,574.1,764.7,,,926.5,296.3,201.9,893.5,467.0,,,119.8,96.1,24.6,124.7,55.2,,,290.4,70.7,48.5,281.5,44.9,,,533.9,745.2,321.3,314.4,527.4,,,467.0,277.5,110.1,71.0,459.6,,,,,,,,,,,,,,,,,1471.6,554.1,1030.1,972.9,1459.3,,,1536.1,566.7,612.3,1447.3,1259.9,,,176.3,165.9,54.7,175.6,116.2,,,703.3,264.5,136.9,501.7,233.8,,,946.6,1259.9,490.5,660.8,1067.8,,,1087.7,829.9,257.9,264.9,792.4,,,,,,,,,,,,,,,,,334.8,665.8,871.2,411.0,269.4,,,210.4,65.5,67.1,94.1,13.9,,,340.0,69.6,62.7,274.0,40.3,,,643.8,140.6,113.1,384.0,105.1,,,250.5,129.6,232.5,262.5,96.9,,,76.0,5.7,16.7,26.3,41.9,,,,,,,,,,,,,,,,,364.8,373.4,428.1,114.5,135.9,,,754.8,1250.9,1401.0,444.4,742.0,,,651.0,931.5,399.8,380.7,651.0,,,807.0,1250.9,579.8,561.3,967.5,,,146.3,186.5,311.0,371.0,105.1,,,178.3,469.5,533.9,577.9,109.8,,,,,,,,,,,,,,,,,822.1,781.8,898.0,370.2,525.9,,,568.5,367.9,456.0,79.8,570.4,,,449.0,280.6,125.3,77.1,436.7,,,862.6,491.9,219.1,173.2,568.5,,,98.2,9.6,27.0,42.2,47.0,,,220.0,353.0,358.8,435.6,93.3,,,,,,,,,,,,,,,,,,,,,,,,,,,,,,,,,,,,,,,,,,,,,,,,,,,,,,,,,,,,,,,,,,,,,,,,,,,,,,,,,,,,,,,,,,,,,,,,,,,,,,,,,,,,,,,,,,,,,,,,,,,,,,,,
20260907_いわき平_4R,20260907,13,いわき平,4,1322.9,213.8,673.5,767.1,1077.7,,,818.2,111.6,518.6,605.2,219.8,,,32.4,17.8,28.7,9.1,14.4,,,869.8,1032.3,230.1,924.3,1047.0,,,589.1,586.0,90.8,636.6,507.8,,,605.2,163.1,56.7,465.1,371.9,,,,,,,,,,,,,,,,,2045.6,578.3,932.1,1472.8,1600.9,,,3156.1,2796.5,2661.8,6136.9,3201.9,,,624.0,1739.6,786.2,2539.4,1544.9,,,489.8,869.8,519.8,1057.0,800.4,,,3111.7,6904.1,3347.4,3111.7,6312.3,,,2427.8,2325.5,2144.9,1972.6,8182.6,,,,,,,,,,,,,,,,,1888.3,327.3,1057.0,1175.1,318.3,,,2796.5,2906.9,2599.1,5021.1,1990.3,,,256.8,1407.2,995.1,1482.7,199.2,,,1921.1,2906.9,2124.3,5137.9,1227.3,,,3026.4,7364.3,4802.8,6694.8,4248.6,,,169.8,509.0,142.7,368.2,883.7,,,,,,,,,,,,,,,,,22.0,9.1,17.8,5.9,5.7,,,173.1,400.9,240.9,818.2,308.5,,,52.8,284.3,227.5,371.3,50.2,,,167.1,316.0,364.5,1018.1,313.3,,,109.6,909.1,667.4,894.4,500.9,,,22.6,144.7,28.9,110.6,187.7,,,,,,,,,,,,,,,,,1372.2,2727.5,883.7,1781.7,2482.3,,,821.3,1110.2,821.3,1578.0,981.9,,,2906.9,3682.1,3563.4,7364.3,2454.7,,,806.3,1686.4,2375.6,4331.9,1872.2,,,3945.2,2568.9,6312.3,6904.1,6497.9,,,2661.8,2008.4,2104.1,2510.5,5523.2,,,,,,,,,,,,,,,,,2301.3,2124.3,315.1,2277.6,2064.7,,,4508.8,9999.9,5260.2,5137.9,9605.7,,,3809.1,9205.4,5813.9,9999.9,6312.3,,,363.3,3744.5,3156.1,3347.4,1796.1,,,4168.5,4802.8,6694.8,5137.9,8182.6,,,3068.4,9605.7,6904.1,3297.4,4700.6,,,,,,,,,,,,,,,,,712.6,148.8,68.2,606.9,480.2,,,1648.7,1416.2,1389.5,1534.2,3347.4,,,80.0,388.9,72.6,284.7,562.1,,,57.7,425.6,70.8,313.8,533.6,,,1600.9,1810.9,1338.9,1355.4,3201.9,,,2124.3,7126.8,3111.7,2026.8,3809.1,,,,,,,,,,,,,,,,,,,,,,,,,,,,,,,,,,,,,,,,,,,,,,,,,,,,,,,,,,,,,,,,,,,,,,,,,,,,,,,,,,,,,,,,,,,,,,,,,,,,,,,,,,,,,,,,,,,,,,,,,,,,,,,,
20260907_いわき平_5R,20260907,13,いわき平,5,129.4,39.4,28.6,42.2,211.1,,,213.5,181.5,279.7,121.9,138.7,,,58.9,151.2,70.0,46.4,139.2,,,58.3,264.6,96.1,91.7,300.7,,,20.2,51.6,16.1,26.9,78.0,,,383.8,251.8,228.4,368.5,268.1,,,,,,,,,,,,,,,,,193.1,73.7,52.4,71.3,257.9,,,379.7,434.2,331.8,727.9,450.5,,,109.2,337.7,74.3,180.5,358.7,,,37.7,109.6,22.9,54.7,116.0,,,129.8,554.6,183.6,164.7,649.1,,,724.6,584.7,561.4,470.8,1120.8,,,,,,,,,,,,,,,,,424.5,320.7,462.7,335.6,374.0,,,620.5,647.8,496.0,975.6,573.3,,,427.3,610.0,424.5,605.4,276.3,,,650.4,707.2,532.7,1275.3,637.6,,,437.7,832.7,586.8,1109.3,583.6,,,332.2,402.3,185.9,390.2,419.5,,,,,,,,,,,,,,,,,52.8,185.4,74.7,46.9,212.1,,,64.0,246.5,55.3,90.8,286.4,,,323.2,332.9,370.2,480.6,284.6,,,106.6,53.1,288.9,124.3,279.2,,,59.4,109.1,284.6,143.2,321.3,,,296.0,386.0,240.8,293.1,464.7,,,,,,,,,,,,,,,,,129.7,581.5,201.8,254.6,793.9,,,75.1,160.2,30.1,125.2,209.7,,,877.8,476.3,643.9,1372.5,803.7,,,201.0,63.1,346.0,247.2,508.5,,,326.8,312.0,1038.2,357.5,964.0,,,1295.7,702.6,972.7,925.5,1439.6,,,,,,,,,,,,,,,,,35.1,101.0,25.1,51.2,147.7,,,103.6,423.4,193.3,221.2,820.0,,,285.4,807.8,496.0,1165.2,658.3,,,68.4,184.1,301.6,223.5,472.2,,,181.6,321.3,894.8,299.1,841.3,,,569.2,1439.6,880.2,861.5,1087.0,,,,,,,,,,,,,,,,,928.1,518.2,576.3,938.9,715.0,,,1465.7,1005.9,1255.5,984.5,1830.1,,,354.7,479.1,290.2,464.7,517.4,,,426.2,707.2,284.6,507.7,834.8,,,904.8,718.2,698.1,824.2,1101.8,,,1152.7,1861.6,1105.5,1723.0,1627.7,,,,,,,,,,,,,,,,,,,,,,,,,,,,,,,,,,,,,,,,,,,,,,,,,,,,,,,,,,,,,,,,,,,,,,,,,,,,,,,,,,,,,,,,,,,,,,,,,,,,,,,,,,,,,,,,,,,,,,,,,,,,,,,,
20260907_いわき平_6R,20260907,13,いわき平,6,384.6,231.3,254.5,292.1,84.3,,,475.3,228.3,929.5,556.7,156.0,,,189.4,176.2,427.2,285.4,57.2,,,590.4,1363.8,775.0,819.7,286.2,,,350.9,700.2,359.4,674.5,88.0,,,19.8,40.1,14.1,63.0,14.4,,,,,,,,,,,,,,,,,325.3,188.3,131.3,262.2,106.1,,,585.9,286.0,577.3,1927.9,451.3,,,186.2,150.0,157.3,778.8,182.5,,,100.2,254.5,134.1,308.0,141.0,,,1210.5,4056.2,2788.6,1413.2,1406.8,,,134.4,270.6,166.0,220.8,709.8,,,,,,,,,,,,,,,,,479.7,126.4,853.3,461.3,178.5,,,519.6,207.8,494.9,1661.3,375.8,,,41.0,59.1,161.6,260.4,36.3,,,976.0,988.3,652.0,2402.5,1037.6,,,2384.1,4661.6,1609.9,4880.1,2865.4,,,124.9,205.2,69.2,400.9,835.1,,,,,,,,,,,,,,,,,185.7,141.8,396.3,431.3,85.4,,,179.1,119.8,158.2,796.7,140.1,,,48.6,59.4,174.3,328.0,38.9,,,564.7,389.9,345.4,1357.9,506.2,,,1323.4,2330.8,1375.8,2459.2,1323.4,,,55.5,83.0,58.2,199.8,387.5,,,,,,,,,,,,,,,,,982.1,2518.7,1480.2,2384.1,869.9,,,443.6,642.6,460.6,1220.0,389.9,,,2296.5,1501.5,1523.5,4461.8,1618.2,,,1538.5,1030.7,1452.6,3092.3,1618.2,,,6006.3,2669.4,8008.4,4461.8,3808.8,,,929.5,686.4,1553.8,1192.0,2518.7,,,,,,,,,,,,,,,,,1643.8,2279.7,1531.0,3123.2,461.3,,,2865.4,4880.1,3674.4,3589.9,4004.2,,,3322.6,5678.7,4337.9,6246.5,4957.6,,,2296.5,3674.4,3674.4,4004.2,2602.7,,,5205.4,3904.1,6246.5,4164.3,5037.5,,,498.1,2539.2,2891.9,2096.1,2918.9,,,,,,,,,,,,,,,,,20.1,33.5,10.5,64.5,13.8,,,69.0,111.5,54.6,92.5,382.7,,,101.4,119.4,62.5,296.3,537.5,,,26.9,32.0,34.8,100.7,172.6,,,258.5,223.8,395.8,296.3,932.3,,,211.6,921.3,1111.4,667.3,1290.6,,,,,,,,,,,,,,,,,,,,,,,,,,,,,,,,,,,,,,,,,,,,,,,,,,,,,,,,,,,,,,,,,,,,,,,,,,,,,,,,,,,,,,,,,,,,,,,,,,,,,,,,,,,,,,,,,,,,,,,,,,,,,,,,
20260907_いわき平_7R,20260907,13,いわき平,7,1553.3,1259.0,840.6,3175.6,742.3,,,1242.6,949.5,628.1,1299.1,282.4,,,637.9,621.3,396.4,1579.0,212.1,,,410.6,584.4,464.7,1820.4,245.5,,,2485.2,3073.2,3760.6,6081.0,2598.2,,,257.2,160.5,115.5,143.6,595.4,,,,,,,,,,,,,,,,,2362.0,2101.5,1066.4,5014.1,1090.8,,,2132.9,2485.2,703.9,1892.7,618.6,,,2485.2,3402.4,1633.1,5392.6,2422.1,,,328.5,310.6,548.5,1043.0,138.6,,,8165.9,4609.8,7145.2,3969.5,4330.4,,,577.3,433.0,1129.6,243.0,1579.0,,,,,,,,,,,,,,,,,826.0,814.2,417.2,630.9,200.4,,,916.0,1211.0,408.8,853.1,232.9,,,1221.4,1753.4,1237.2,1596.6,550.6,,,231.7,192.7,431.7,257.9,49.1,,,700.5,946.3,1242.6,484.4,125.7,,,43.7,53.0,79.4,18.5,15.8,,,,,,,,,,,,,,,,,1024.4,952.6,637.9,2304.9,481.9,,,1753.4,2671.1,1797.5,4763.4,2181.7,,,1691.1,3211.3,2250.4,3810.7,1237.2,,,814.2,1323.1,1855.9,3711.8,772.4,,,5954.3,6970.9,5716.1,6495.6,5604.1,,,571.6,1614.7,895.9,669.3,3362.4,,,,,,,,,,,,,,,,,234.8,355.4,318.2,1323.1,159.7,,,128.3,95.6,169.9,394.2,38.4,,,277.2,159.7,480.3,365.9,68.2,,,467.0,479.5,884.8,2268.3,386.2,,,2646.3,1090.8,1458.2,3485.4,924.9,,,58.3,32.0,38.1,98.4,216.0,,,,,,,,,,,,,,,,,8660.8,5103.7,5716.1,7328.4,5014.1,,,8660.8,4844.2,6804.9,5604.1,5103.7,,,2886.9,2622.1,3073.2,2056.1,461.7,,,7939.1,7939.1,7724.5,8660.8,7724.5,,,5392.6,4265.8,3175.6,7145.2,2086.1,,,3285.1,3443.4,512.2,5196.5,1587.8,,,,,,,,,,,,,,,,,90.9,50.9,41.4,41.8,198.0,,,145.4,102.6,234.8,57.0,373.6,,,16.7,25.1,35.6,6.1,13.7,,,108.0,229.3,153.5,113.2,617.2,,,25.9,13.3,12.7,43.4,112.4,,,531.2,591.7,146.0,740.4,367.8,,,,,,,,,,,,,,,,,,,,,,,,,,,,,,,,,,,,,,,,,,,,,,,,,,,,,,,,,,,,,,,,,,,,,,,,,,,,,,,,,,,,,,,,,,,,,,,,,,,,,,,,,,,,,,,,,,,,,,,,,,,,,,,,
20260907_いわき平_8R,20260907,13,いわき平,8,109.5,314.4,70.9,101.1,78.9,,,94.8,223.0,51.3,393.3,39.6,,,806.1,633.6,478.3,1807.5,414.7,,,41.6,32.1,131.9,166.0,27.0,,,408.8,862.8,1152.4,472.3,553.9,,,107.8,49.2,124.7,60.8,298.3,,,,,,,,,,,,,,,,,136.6,183.2,132.2,70.2,71.4,,,203.9,614.3,573.3,335.3,145.7,,,892.0,1291.0,2336.2,735.3,586.0,,,364.9,748.2,1449.0,696.6,672.0,,,49.9,108.2,111.6,245.4,48.2,,,97.1,84.9,106.7,364.5,87.1,,,,,,,,,,,,,,,,,75.1,159.1,47.2,294.2,28.6,,,153.3,564.8,401.6,376.5,131.3,,,456.0,903.7,743.3,1918.5,183.8,,,88.7,276.7,352.9,467.2,90.8,,,1168.1,951.3,1866.4,1597.3,682.7,,,13.3,43.1,11.8,38.6,171.3,,,,,,,,,,,,,,,,,2838.2,1262.5,2215.6,3540.4,1059.9,,,3039.1,3093.9,6025.0,3366.9,1267.2,,,1148.5,2662.2,2435.6,3615.0,412.7,,,2769.5,5723.7,2704.1,5203.4,2725.6,,,5203.4,4088.4,4518.7,7805.1,4088.4,,,751.4,1160.2,320.9,1761.1,2244.6,,,,,,,,,,,,,,,,,93.3,50.9,200.3,263.7,51.0,,,392.4,650.4,1442.9,782.2,659.1,,,99.5,359.2,455.4,706.6,105.2,,,967.3,2769.5,1063.2,3858.7,1271.9,,,1107.8,1176.1,1526.3,2747.4,1546.9,,,142.9,465.3,114.5,387.1,953.9,,,,,,,,,,,,,,,,,1083.3,2119.9,2506.7,1568.1,1627.6,,,345.4,617.6,764.8,736.9,381.1,,,2910.3,1876.6,3577.3,4292.8,1659.0,,,4836.9,3179.8,4518.7,6479.7,3815.8,,,1929.3,2068.8,4188.1,5723.7,3468.9,,,1798.0,1320.8,1675.2,2230.0,2769.5,,,,,,,,,,,,,,,,,157.6,49.1,131.4,122.8,418.3,,,173.9,93.6,193.9,448.9,282.4,,,14.7,32.8,13.4,39.6,138.3,,,152.0,192.5,63.0,381.1,512.5,,,176.3,482.3,114.3,376.1,1184.2,,,873.8,789.4,621.0,953.9,1770.2,,,,,,,,,,,,,,,,,,,,,,,,,,,,,,,,,,,,,,,,,,,,,,,,,,,,,,,,,,,,,,,,,,,,,,,,,,,,,,,,,,,,,,,,,,,,,,,,,,,,,,,,,,,,,,,,,,,,,,,,,,,,,,,,
20260907_いわき平_9R,20260907,13,いわき平,9,596.9,264.5,401.9,392.3,717.2,,,444.2,122.1,101.4,500.5,388.9,,,66.4,37.4,13.7,52.5,7.3,,,194.2,52.4,34.7,213.9,119.6,,,292.6,832.3,224.4,332.9,615.1,,,686.0,529.8,83.6,326.0,742.1,,,,,,,,,,,,,,,,,1870.7,751.3,1247.1,970.3,1796.6,,,2708.3,1842.2,1247.1,1900.1,3820.2,,,704.7,1499.6,1255.7,693.9,1005.3,,,1401.2,967.7,1166.9,975.5,2341.4,,,488.4,617.2,346.6,511.1,767.2,,,2974.7,3902.3,1910.1,3703.2,2403.4,,,,,,,,,,,,,,,,,857.9,262.9,149.1,1025.2,727.3,,,1627.4,1166.9,487.1,1787.7,1994.0,,,245.3,730.2,123.7,972.9,451.9,,,78.5,160.3,54.6,199.4,201.8,,,1753.2,1728.2,1605.8,870.3,3024.3,,,1499.6,2356.6,975.5,547.3,3665.8,,,,,,,,,,,,,,,,,44.1,28.5,16.0,50.7,7.9,,,166.4,476.2,453.0,279.8,234.5,,,95.5,397.9,108.5,568.8,194.5,,,37.3,233.2,55.0,306.5,81.7,,,121.9,222.3,532.9,449.7,190.7,,,26.4,125.1,117.0,93.8,160.8,,,,,,,,,,,,,,,,,224.8,66.2,57.0,256.1,193.6,,,577.9,358.2,512.6,656.2,1127.0,,,38.5,81.7,21.1,113.8,109.4,,,40.2,219.8,37.6,296.9,81.7,,,614.0,560.0,474.4,602.8,1197.7,,,576.9,1166.9,506.1,375.3,1711.8,,,,,,,,,,,,,,,,,560.9,930.5,296.9,790.6,1130.6,,,271.8,337.2,168.0,481.9,324.3,,,1045.8,1395.8,1440.1,586.3,2688.3,,,160.5,230.5,526.7,703.3,278.1,,,999.7,914.1,528.2,1022.3,2027.5,,,1940.7,1642.1,3183.5,1234.4,2749.4,,,,,,,,,,,,,,,,,1048.9,905.0,189.0,794.1,1537.8,,,2005.0,1930.4,1417.6,1890.2,1814.6,,,1401.2,1951.1,975.5,1134.1,3024.3,,,129.5,490.4,445.8,371.8,756.0,,,1093.1,1814.6,972.9,756.0,2629.8,,,2326.4,1900.1,3155.8,1584.8,2926.7,,,,,,,,,,,,,,,,,,,,,,,,,,,,,,,,,,,,,,,,,,,,,,,,,,,,,,,,,,,,,,,,,,,,,,,,,,,,,,,,,,,,,,,,,,,,,,,,,,,,,,,,,,,,,,,,,,,,,,,,,,,,,,,,
20260907_いわき平_10R,20260907,13,いわき平,10,511.7,128.9,1022.1,590.5,184.6,,,374.6,242.5,341.3,309.2,80.8,,,112.6,262.3,546.3,351.9,98.9,,,1506.3,567.1,954.0,877.5,276.2,,,296.7,189.2,197.5,217.4,80.6,,,123.4,58.3,69.2,54.4,108.4,,,,,,,,,,,,,,,,,760.8,283.5,1576.5,1104.0,395.8,,,565.4,383.5,1357.8,1470.6,360.8,,,168.6,236.5,658.5,632.7,104.4,,,2676.7,1937.8,1879.1,3445.0,1447.7,,,1287.4,2033.1,1219.8,3875.6,2033.1,,,376.5,388.7,183.8,464.4,1482.3,,,,,,,,,,,,,,,,,243.3,191.9,199.3,246.8,67.3,,,313.7,228.6,593.4,907.4,224.2,,,266.1,211.3,498.0,887.9,151.8,,,292.7,645.9,606.9,600.1,97.2,,,385.9,968.9,1274.1,896.5,461.0,,,22.1,69.3,40.0,14.0,120.8,,,,,,,,,,,,,,,,,212.3,498.0,1063.0,739.6,278.4,,,145.1,221.5,498.7,447.7,102.2,,,491.4,278.6,1173.7,1888.6,259.6,,,1851.0,1081.5,2055.5,3207.4,914.1,,,971.4,971.4,2676.7,2354.8,1367.8,,,245.7,146.1,232.1,322.1,1022.1,,,,,,,,,,,,,,,,,1927.7,608.9,1269.8,1372.9,413.8,,,3351.9,1425.5,2715.7,4709.6,1141.2,,,726.6,1531.1,1603.7,2044.3,215.8,,,2354.8,2884.2,2497.0,4895.5,1420.0,,,2480.4,2929.6,2513.9,4088.6,1282.9,,,243.0,593.4,123.4,440.3,561.1,,,,,,,,,,,,,,,,,575.9,312.9,417.1,305.7,142.0,,,1823.8,2385.0,1646.2,4326.3,2463.9,,,744.1,1908.0,2415.9,1738.6,784.9,,,1617.6,1797.4,2862.0,3049.6,2113.9,,,1151.8,4537.3,2113.9,3647.6,1151.8,,,241.4,1506.3,527.0,1091.0,355.7,,,,,,,,,,,,,,,,,134.6,24.2,66.7,33.1,105.8,,,211.6,133.2,124.0,178.0,793.3,,,10.7,46.9,27.6,5.4,70.3,,,98.9,98.6,85.4,94.6,538.4,,,26.8,97.5,14.0,55.4,97.9,,,186.7,896.5,174.5,625.3,180.8,,,,,,,,,,,,,,,,,,,,,,,,,,,,,,,,,,,,,,,,,,,,,,,,,,,,,,,,,,,,,,,,,,,,,,,,,,,,,,,,,,,,,,,,,,,,,,,,,,,,,,,,,,,,,,,,,,,,,,,,,,,,,,,,
20260907_いわき平_11R,20260907,13,いわき平,11,207.5,141.9,46.1,373.2,27.2,,,350.8,268.4,157.8,332.7,66.1,,,206.0,248.4,129.9,495.2,32.5,,,45.9,85.6,86.8,268.6,16.1,,,687.4,334.1,834.4,279.7,117.4,,,9.1,17.7,8.7,4.8,27.4,,,,,,,,,,,,,,,,,518.5,390.6,103.4,839.8,93.1,,,1177.8,2182.6,751.6,2099.6,1724.6,,,1129.6,2327.3,958.6,3219.4,2233.1,,,103.2,310.8,215.5,680.1,158.0,,,2370.1,1430.8,4024.2,1266.6,2664.3,,,172.3,868.1,1085.2,269.2,1764.0,,,,,,,,,,,,,,,,,919.8,711.4,395.4,561.5,264.7,,,1332.1,2313.3,1254.3,2246.1,1941.3,,,1153.2,2508.6,1630.0,1327.6,1576.8,,,590.7,1214.8,1266.6,1457.8,838.0,,,492.1,1058.4,689.8,751.6,803.1,,,377.6,2012.1,1196.0,768.0,1637.0,,,,,,,,,,,,,,,,,970.6,958.6,472.8,1884.5,219.2,,,1515.0,2445.1,1441.5,3902.3,2158.2,,,1557.7,2759.5,2033.3,2022.6,1857.3,,,886.0,1214.8,1748.1,2541.6,1129.6,,,3219.4,5083.3,2525.0,3330.4,3714.7,,,340.3,2134.4,1658.0,1064.2,2720.6,,,,,,,,,,,,,,,,,95.7,186.9,213.0,572.3,51.2,,,76.8,199.9,182.8,509.6,109.9,,,483.5,726.1,1003.4,1409.9,681.3,,,519.2,581.8,924.2,1922.0,740.1,,,1238.2,1420.3,1643.9,2610.3,1485.8,,,67.5,167.9,336.8,406.6,830.8,,,,,,,,,,,,,,,,,1570.4,664.9,2001.7,750.1,357.0,,,2285.9,2195.0,4492.2,2779.3,3825.0,,,559.0,1520.9,836.2,843.5,1160.1,,,3090.6,5599.0,2525.0,3610.5,4492.2,,,1207.2,2628.1,1884.5,3090.6,1981.1,,,627.1,3577.1,1468.9,3090.6,1805.2,,,,,,,,,,,,,,,,,25.8,42.6,32.1,15.0,61.6,,,104.0,553.4,716.7,184.1,1203.5,,,219.6,1085.2,935.4,503.0,1246.2,,,195.9,1058.4,1030.2,666.0,1839.6,,,49.8,138.2,213.0,308.5,634.3,,,466.0,2207.6,1044.1,2099.6,1106.9,,,,,,,,,,,,,,,,,,,,,,,,,,,,,,,,,,,,,,,,,,,,,,,,,,,,,,,,,,,,,,,,,,,,,,,,,,,,,,,,,,,,,,,,,,,,,,,,,,,,,,,,,,,,,,,,,,,,,,,,,,,,,,,,
20260907_いわき平_12R,20260907,13,いわき平,12,895.5,801.2,872.4,1276.9,1595.0,,,949.8,518.6,427.6,1401.9,640.9,,,781.2,480.3,260.9,946.6,781.2,,,467.5,275.0,221.1,441.4,386.5,,,1183.9,1361.2,1418.3,1195.7,1704.3,,,1622.5,728.1,922.8,746.1,1670.6,,,,,,,,,,,,,,,,,867.0,753.4,643.3,841.9,1374.5,,,496.9,192.0,277.8,221.7,242.1,,,410.1,183.8,193.8,141.6,331.2,,,435.3,321.3,261.7,173.1,524.7,,,415.2,197.7,136.8,111.1,210.4,,,1145.4,400.2,499.3,572.7,460.9,,,,,,,,,,,,,,,,,412.1,232.3,156.6,577.0,193.2,,,299.7,117.8,160.9,171.9,131.0,,,107.5,68.1,31.2,79.6,25.5,,,114.2,126.2,46.8,148.8,48.0,,,528.3,224.9,205.2,260.5,187.8,,,72.7,57.1,18.4,21.9,56.2,,,,,,,,,,,,,,,,,324.2,197.5,65.2,298.9,275.1,,,221.0,86.4,94.8,68.6,157.0,,,95.4,52.4,27.5,61.0,22.0,,,61.0,75.3,38.7,68.5,62.0,,,240.6,104.2,110.4,94.3,131.3,,,142.6,136.7,32.5,56.8,106.9,,,,,,,,,,,,,,,,,209.6,149.1,115.6,222.5,208.1,,,323.7,271.6,279.0,237.9,496.6,,,151.8,200.2,82.5,243.3,104.9,,,102.9,161.4,76.4,178.5,152.4,,,369.9,252.1,403.9,339.9,438.9,,,305.2,455.7,133.2,215.9,374.7,,,,,,,,,,,,,,,,,921.8,1354.7,1452.5,1071.4,1694.1,,,408.3,212.1,166.2,184.5,252.5,,,841.1,333.2,366.2,567.3,475.1,,,889.8,239.6,386.3,418.4,560.2,,,799.0,292.0,641.8,525.3,735.1,,,1638.3,559.4,754.7,746.7,772.7,,,,,,,,,,,,,,,,,1211.1,446.1,633.7,501.4,1488.3,,,1054.0,299.0,500.2,560.2,685.6,,,131.3,93.2,37.7,41.4,110.3,,,387.2,315.3,55.8,138.1,345.0,,,407.0,442.8,88.3,178.1,444.6,,,1348.2,787.1,341.5,626.1,529.6,,,,,,,,,,,,,,,,,,,,,,,,,,,,,,,,,,,,,,,,,,,,,,,,,,,,,,,,,,,,,,,,,,,,,,,,,,,,,,,,,,,,,,,,,,,,,,,,,,,,,,,,,,,,,,,,,,,,,,,,,,,,,,,,
20260907_大垣_1R,20260907,44,大垣,1,213.8,181.7,197.7,1218.0,301.5,,,133.2,111.3,38.3,159.9,77.9,,,105.1,94.0,110.7,659.2,119.7,,,119.0,44.2,128.0,382.3,171.4,,,2163.8,836.0,1313.7,1436.9,1128.3,,,297.6,113.3,199.6,195.2,321.5,,,,,,,,,,,,,,,,,300.0,254.7,258.6,2021.1,512.3,,,330.2,343.7,164.8,1005.0,948.0,,,154.0,218.1,272.4,1027.5,410.5,,,227.3,148.0,250.2,1372.5,547.3,,,5409.5,3536.9,3171.0,3678.4,4840.0,,,1304.4,1362.3,988.8,1202.1,4277.2,,,,,,,,,,,,,,,,,112.9,114.8,23.2,150.3,103.0,,,198.1,284.2,80.8,627.7,502.5,,,212.3,350.9,124.7,549.0,601.0,,,7.4,23.2,27.5,15.5,30.4,,,298.0,699.3,585.7,123.7,423.7,,,223.7,678.6,580.1,130.6,459.8,,,,,,,,,,,,,,,,,111.6,118.1,168.2,999.5,155.9,,,127.1,278.2,370.0,1362.3,379.2,,,249.5,428.7,338.7,1277.2,530.0,,,162.4,272.0,209.4,1585.5,710.1,,,2328.1,3405.9,3171.0,3405.9,5254.9,,,482.7,738.6,983.5,1069.3,3470.2,,,,,,,,,,,,,,,,,63.5,30.8,77.5,270.4,91.5,,,126.3,81.8,87.4,678.6,299.0,,,8.3,23.5,28.8,17.5,29.1,,,105.0,151.8,106.8,919.6,408.7,,,871.6,1585.5,339.9,1956.6,1178.9,,,212.1,549.0,154.1,609.0,973.1,,,,,,,,,,,,,,,,,4715.9,1876.7,3226.7,3998.3,4379.1,,,6811.9,3606.3,3015.1,5573.4,6568.6,,,1876.7,3470.2,2242.9,676.1,2829.5,,,4970.8,5409.5,4277.2,4840.0,9196.1,,,3226.7,3913.2,732.7,3171.0,4180.0,,,3678.4,5933.0,2745.1,6130.7,3606.3,,,,,,,,,,,,,,,,,536.2,147.8,276.9,318.2,354.3,,,915.0,1226.1,1021.7,1218.0,4485.9,,,146.4,928.9,553.9,214.1,338.7,,,408.7,817.4,652.2,1114.6,1915.8,,,330.7,994.1,227.3,1107.9,1613.3,,,1178.9,3998.3,1414.7,3536.9,2189.5,,,,,,,,,,,,,,,,,,,,,,,,,,,,,,,,,,,,,,,,,,,,,,,,,,,,,,,,,,,,,,,,,,,,,,,,,,,,,,,,,,,,,,,,,,,,,,,,,,,,,,,,,,,,,,,,,,,,,,,,,,,,,,,,
20260907_大垣_2R,20260907,44,大垣,2,932.5,458.2,123.9,773.1,111.9,,,2024.9,4429.5,2592.8,2238.0,1380.6,,,2024.9,5185.7,2147.6,4832.1,1687.4,,,139.5,916.4,811.5,756.6,161.4,,,1832.9,1214.9,3126.7,1168.2,843.7,,,61.9,332.7,489.9,97.1,378.3,,,,,,,,,,,,,,,,,465.2,249.8,62.2,478.8,89.2,,,784.5,652.1,214.7,524.9,555.1,,,353.1,526.2,76.3,482.1,236.2,,,9.6,29.4,8.2,18.7,5.6,,,685.8,450.4,494.4,130.5,413.6,,,63.2,236.7,122.1,28.2,243.8,,,,,,,,,,,,,,,,,2657.7,5315.4,2592.8,2336.4,1757.1,,,1932.8,1898.3,711.0,1095.9,1236.1,,,6442.9,4168.9,6253.4,4011.6,6442.9,,,2084.4,885.9,2561.6,1136.9,1574.9,,,944.9,685.8,1742.7,718.2,679.2,,,1801.8,1563.3,3730.1,1757.1,1757.1,,,,,,,,,,,,,,,,,3126.7,5451.7,3730.1,4832.1,3429.3,,,2624.8,4011.6,494.4,2953.0,1771.8,,,7874.6,3485.5,9244.2,3865.7,3603.6,,,3665.8,555.1,4832.1,3485.5,2261.8,,,8504.6,3543.6,3796.7,5315.4,4622.1,,,3173.3,2388.9,6074.7,3081.4,6253.4,,,,,,,,,,,,,,,,,101.5,508.6,428.6,462.2,103.0,,,17.5,45.1,11.6,36.0,7.6,,,725.6,315.9,1095.9,530.2,730.6,,,970.8,257.7,957.7,1586.6,814.6,,,519.8,184.8,391.5,1052.5,330.1,,,69.5,35.5,261.1,219.6,214.3,,,,,,,,,,,,,,,,,1648.1,1574.9,4523.7,1296.4,1090.3,,,1068.4,559.5,970.8,293.6,584.1,,,648.2,353.7,932.5,439.2,494.4,,,6074.7,2797.5,3603.6,3485.5,5315.4,,,949.1,374.3,830.5,1771.8,704.0,,,837.0,932.5,1296.4,3485.5,860.7,,,,,,,,,,,,,,,,,71.0,279.7,353.7,110.1,340.7,,,95.2,364.6,243.2,59.4,411.2,,,953.4,970.8,2362.4,1280.8,1497.3,,,1507.9,1304.3,2834.8,1635.5,2994.6,,,119.3,68.7,545.1,475.6,445.7,,,830.5,940.7,1540.7,3221.4,843.7,,,,,,,,,,,,,,,,,,,,,,,,,,,,,,,,,,,,,,,,,,,,,,,,,,,,,,,,,,,,,,,,,,,,,,,,,,,,,,,,,,,,,,,,,,,,,,,,,,,,,,,,,,,,,,,,,,,,,,,,,,,,,,,,
20260907_大垣_3R,20260907,44,大垣,3,259.0,33.4,148.2,869.4,167.8,,,453.4,398.8,500.4,1103.6,974.6,,,23.9,158.9,96.2,582.4,177.9,,,164.9,365.6,145.0,974.6,518.6,,,2158.1,1129.4,1272.1,2065.8,3503.0,,,512.0,1622.1,586.6,1184.8,3836.6,,,,,,,,,,,,,,,,,394.9,53.6,276.8,1278.8,253.6,,,646.2,161.1,459.5,1108.7,653.2,,,19.8,27.1,13.5,120.4,6.0,,,364.0,452.6,90.6,1655.5,373.5,,,3607.5,1817.3,619.7,3554.5,2656.1,,,358.0,704.6,64.6,315.9,1845.0,,,,,,,,,,,,,,,,,1365.5,1272.1,1373.3,1845.0,2517.7,,,1220.7,228.8,570.0,1903.2,1011.3,,,819.3,182.2,358.0,1335.4,1145.5,,,1777.2,590.9,626.1,2912.1,2258.9,,,1313.6,1320.8,1272.1,1600.7,3776.6,,,5895.3,3311.0,3962.4,3503.0,8334.7,,,,,,,,,,,,,,,,,36.9,183.2,112.0,391.1,167.7,,,14.0,13.1,9.2,90.2,4.1,,,227.3,60.0,105.7,462.1,362.9,,,143.9,50.8,160.1,671.4,256.8,,,760.0,399.5,509.9,1365.5,1751.5,,,381.2,75.5,567.3,329.7,1539.5,,,,,,,,,,,,,,,,,515.3,962.9,463.0,2139.0,1285.6,,,669.5,684.7,170.6,2491.8,626.1,,,1529.7,736.9,851.0,3021.3,3311.0,,,420.3,139.9,406.2,1738.9,779.7,,,4739.3,5493.3,2544.2,4394.6,4834.1,,,3266.3,1456.0,5371.2,2197.3,6197.6,,,,,,,,,,,,,,,,,4648.2,2258.9,2466.4,6905.9,7324.4,,,5621.1,2912.1,1335.4,8952.1,4316.2,,,1397.1,1873.7,1108.7,2101.8,4560.5,,,2778.2,1108.7,1764.2,4316.2,5035.5,,,7797.0,8632.4,4834.1,6532.6,7109.0,,,8632.4,7553.3,9296.4,6714.1,6360.7,,,,,,,,,,,,,,,,,915.5,5142.7,1032.9,3180.3,6714.1,,,784.7,2656.1,181.4,866.3,4096.7,,,5895.3,4739.3,5754.9,7109.0,9999.9,,,1046.3,208.3,3098.8,1529.7,5895.3,,,5142.7,1405.2,6532.6,2301.9,9668.3,,,4648.2,6905.9,5895.3,7324.4,7553.3,,,,,,,,,,,,,,,,,,,,,,,,,,,,,,,,,,,,,,,,,,,,,,,,,,,,,,,,,,,,,,,,,,,,,,,,,,,,,,,,,,,,,,,,,,,,,,,,,,,,,,,,,,,,,,,,,,,,,,,,,,,,,,,,
20260907_大垣_4R,20260907,44,大垣,4,1063.8,1189.6,1481.5,1654.0,509.4,,,862.4,325.9,470.7,1189.6,123.1,,,568.2,244.6,266.2,1291.4,39.3,,,1032.0,658.0,451.3,2256.9,207.2,,,1700.6,1815.7,2118.4,3449.9,954.5,,,88.8,35.0,5.4,28.4,215.8,,,,,,,,,,,,,,,,,3659.0,2215.5,2945.1,4093.1,1139.1,,,4236.8,5890.2,2775.8,2945.1,2909.6,,,2874.9,5488.6,4556.5,5488.6,2624.9,,,2775.8,3263.4,4236.8,3551.4,2439.3,,,3018.7,2029.3,3833.3,2195.4,2236.0,,,1036.4,2713.4,1568.1,2489.6,3018.7,,,,,,,,,,,,,,,,,950.7,199.4,264.5,1036.4,73.8,,,1843.5,2391.0,1677.0,1712.7,1588.8,,,318.1,1642.8,638.8,2414.9,240.2,,,449.7,1149.9,519.3,1931.9,223.1,,,1901.5,1788.8,4829.9,2322.1,2344.6,,,46.5,659.8,71.2,124.1,1002.0,,,,,,,,,,,,,,,,,878.1,370.9,421.4,1775.7,57.8,,,1916.6,2945.1,2569.1,4312.4,1558.0,,,600.7,2775.8,1387.9,4928.5,465.3,,,1045.4,2215.5,1872.0,4472.1,874.9,,,5031.2,6899.9,6899.9,7790.2,5249.9,,,28.4,475.3,201.5,201.2,1312.4,,,,,,,,,,,,,,,,,2367.6,1558.0,1040.9,3833.3,428.1,,,3018.7,3056.9,3308.1,3833.3,2118.4,,,943.3,2344.6,1642.8,3773.4,643.9,,,1312.4,4312.4,1379.9,5616.2,1144.5,,,5890.2,4093.1,3499.9,7790.2,4236.8,,,321.1,1356.7,789.2,541.4,2775.8,,,,,,,,,,,,,,,,,2683.3,3449.9,3308.1,4472.1,1762.7,,,2439.3,2099.9,3715.3,2841.1,2156.2,,,3958.9,4312.4,5890.2,5366.6,5138.2,,,5616.2,8944.3,8327.5,8944.3,6526.9,,,9659.9,5890.2,7546.8,9659.9,5890.2,,,1490.7,3833.3,4644.2,3958.9,4236.8,,,,,,,,,,,,,,,,,53.6,19.9,2.3,20.0,153.2,,,324.5,1045.4,521.5,918.2,1548.0,,,57.9,632.1,102.1,214.6,1271.0,,,8.0,166.5,62.8,46.6,540.2,,,119.0,650.9,354.1,159.4,1654.0,,,718.7,1886.7,2195.4,1395.9,2195.4,,,,,,,,,,,,,,,,,,,,,,,,,,,,,,,,,,,,,,,,,,,,,,,,,,,,,,,,,,,,,,,,,,,,,,,,,,,,,,,,,,,,,,,,,,,,,,,,,,,,,,,,,,,,,,,,,,,,,,,,,,,,,,,,
20260907_大垣_5R,20260907,44,大垣,5,1369.2,779.5,1238.6,3012.3,2461.0,,,1110.7,245.6,950.8,1101.0,523.7,,,253.9,128.2,254.2,561.1,201.5,,,1562.4,1426.3,815.0,3332.2,2080.3,,,4827.4,2164.0,2295.9,4827.4,3691.6,,,1845.8,676.0,558.6,1892.1,2874.3,,,,,,,,,,,,,,,,,1137.5,599.5,728.3,1971.4,1191.5,,,589.2,168.0,150.7,338.0,243.2,,,264.9,159.2,76.2,607.3,202.2,,,217.4,84.8,39.9,198.4,110.1,,,3332.2,1420.9,1518.3,941.3,2127.3,,,1500.1,411.0,340.1,275.0,1562.4,,,,,,,,,,,,,,,,,416.9,109.8,336.8,274.4,148.4,,,332.0,124.3,119.9,151.8,116.9,,,32.0,58.5,55.4,28.7,14.0,,,395.1,160.9,146.2,179.6,144.1,,,171.0,138.8,52.3,92.8,40.0,,,78.7,85.9,17.8,67.3,18.6,,,,,,,,,,,,,,,,,49.5,17.6,50.5,120.5,41.4,,,104.3,66.2,52.3,338.0,149.9,,,18.2,32.9,36.6,27.3,12.1,,,124.9,87.8,80.8,241.3,162.4,,,413.7,632.8,188.9,502.0,422.6,,,74.0,167.3,31.0,128.3,226.9,,,,,,,,,,,,,,,,,1017.6,1176.6,744.1,2728.5,1524.4,,,363.1,152.5,130.8,601.5,263.8,,,792.7,256.8,261.3,838.6,511.6,,,422.6,195.9,208.3,1078.9,519.3,,,3655.7,2103.5,2068.9,2241.3,2789.2,,,1609.1,627.5,558.6,736.8,1873.3,,,,,,,,,,,,,,,,,5457.1,2429.3,3486.5,5303.4,4005.7,,,5537.4,2670.5,3486.5,3963.6,4766.3,,,1588.7,1680.9,728.3,1442.6,588.3,,,2689.5,2874.3,811.5,2728.5,2127.3,,,4827.4,4092.8,2544.2,3392.2,3881.8,,,3423.1,4648.6,799.4,2670.5,3586.1,,,,,,,,,,,,,,,,,1575.4,541.0,420.7,1743.2,2057.6,,,1651.5,633.9,690.9,594.8,2151.6,,,234.7,282.6,72.8,223.4,101.9,,,243.2,458.6,99.2,395.5,678.4,,,1582.1,776.3,475.4,672.3,1623.0,,,2151.6,2708.9,541.7,1543.2,2046.4,,,,,,,,,,,,,,,,,,,,,,,,,,,,,,,,,,,,,,,,,,,,,,,,,,,,,,,,,,,,,,,,,,,,,,,,,,,,,,,,,,,,,,,,,,,,,,,,,,,,,,,,,,,,,,,,,,,,,,,,,,,,,,,,
20260907_大垣_6R,20260907,44,大垣,6,4541.1,3912.3,8769.0,9082.2,5779.5,,,6520.5,5913.9,9082.2,8476.7,5913.9,,,2923.0,4101.6,4310.1,5913.9,1941.2,,,9780.8,9082.2,3739.7,7479.4,8769.0,,,6054.8,8203.2,7479.4,7479.4,8769.0,,,3632.8,5779.5,3632.8,7706.1,9082.2,,,,,,,,,,,,,,,,,3178.7,1883.7,4384.5,4798.1,2676.8,,,1436.7,39.3,170.6,439.9,70.0,,,413.4,18.3,41.6,138.0,17.9,,,2648.9,450.8,247.8,1695.3,403.6,,,4461.4,1177.3,532.0,1926.5,815.0,,,966.9,66.6,32.0,149.7,306.7,,,,,,,,,,,,,,,,,3685.5,2734.4,4890.4,6520.5,3302.6,,,2594.9,122.3,416.8,1290.8,235.0,,,934.9,83.5,159.8,538.7,79.2,,,4798.1,1234.4,524.3,4709.2,1009.1,,,5913.9,3483.5,2734.4,6357.5,3436.5,,,2493.1,243.3,149.9,595.5,1531.9,,,,,,,,,,,,,,,,,726.5,921.3,1271.5,1436.7,580.5,,,233.5,13.5,30.2,92.7,7.5,,,335.0,17.2,54.5,144.9,15.6,,,492.8,51.8,81.7,278.2,43.6,,,1609.5,217.5,344.5,676.3,223.8,,,180.8,6.3,9.5,26.8,103.2,,,,,,,,,,,,,,,,,8476.7,9780.8,3739.7,6692.1,5913.9,,,6520.5,1856.2,770.6,3739.7,1046.5,,,6202.4,2211.3,1290.8,6692.1,1956.1,,,2211.3,634.1,704.4,2002.3,490.9,,,8203.2,6692.1,8476.7,3739.7,4101.6,,,6202.4,1100.8,1651.3,730.7,3302.6,,,,,,,,,,,,,,,,,8476.7,7706.1,5528.2,9418.5,9418.5,,,7946.9,6520.5,2119.1,8203.2,3739.7,,,7706.1,6202.4,3795.5,9082.2,5410.6,,,5779.5,2354.6,3390.6,3632.8,1428.6,,,7706.1,8476.7,8769.0,4384.5,5779.5,,,8476.7,4890.4,5410.6,1651.3,5189.8,,,,,,,,,,,,,,,,,3063.8,3390.6,1166.5,4168.8,5651.1,,,1073.0,97.3,45.9,169.4,416.2,,,1856.2,131.8,88.6,361.7,862.0,,,385.3,24.4,34.7,71.1,180.9,,,2794.5,473.5,571.4,273.1,1599.3,,,5297.9,1029.5,1662.1,647.0,2084.4,,,,,,,,,,,,,,,,,,,,,,,,,,,,,,,,,,,,,,,,,,,,,,,,,,,,,,,,,,,,,,,,,,,,,,,,,,,,,,,,,,,,,,,,,,,,,,,,,,,,,,,,,,,,,,,,,,,,,,,,,,,,,,,,
20260907_大垣_7R,20260907,44,大垣,7,1398.9,1049.2,1466.4,681.8,3120.8,,,616.2,31.1,76.7,26.6,617.8,,,193.6,16.2,22.3,5.9,216.7,,,803.3,112.0,48.7,41.3,816.8,,,151.1,12.3,4.0,19.3,168.3,,,2386.5,1776.8,1031.4,1655.9,878.7,,,,,,,,,,,,,,,,,4868.4,4507.8,6241.6,3245.6,8693.7,,,6241.6,9015.6,6761.7,8393.9,9999.9,,,3579.7,6085.5,6085.5,3926.1,4425.8,,,6405.8,7159.5,6405.8,5409.4,7376.4,,,4425.8,8693.7,3863.8,5937.1,9015.6,,,9015.6,9999.9,8693.7,5532.3,9999.9,,,,,,,,,,,,,,,,,2645.9,313.2,635.5,270.7,2253.9,,,5532.3,6579.0,8693.7,9999.9,6954.9,,,433.1,4592.9,1274.4,635.5,4346.8,,,1153.6,5179.2,1702.2,2062.9,5291.8,,,383.9,4270.5,630.6,1398.9,4773.0,,,5795.8,9999.9,7159.5,6579.0,9999.9,,,,,,,,,,,,,,,,,297.9,43.9,45.5,16.2,404.3,,,1248.3,2340.6,1887.0,1858.1,2434.2,,,116.4,1644.7,357.9,172.5,1751.2,,,143.1,1274.4,391.9,226.8,1550.4,,,28.5,515.7,83.8,98.1,538.5,,,1667.2,2797.9,3161.3,2797.9,2434.2,,,,,,,,,,,,,,,,,3744.9,1096.5,534.9,553.2,3161.3,,,8393.9,7376.4,4425.8,6405.8,4868.4,,,1763.9,5071.3,2253.9,2735.0,6954.9,,,645.6,3803.4,1521.3,744.4,4057.0,,,792.9,5532.3,2135.2,878.7,3633.1,,,7606.9,7606.9,8693.7,8114.1,6579.0,,,,,,,,,,,,,,,,,260.6,33.3,13.4,39.8,287.3,,,1337.4,3245.6,1887.0,2863.8,4773.0,,,107.1,1484.2,160.6,362.7,1901.7,,,25.8,373.3,71.9,85.1,411.8,,,118.1,2173.4,339.0,204.5,1776.8,,,1738.7,5179.2,3863.8,2154.1,3202.9,,,,,,,,,,,,,,,,,6579.0,4967.8,3005.2,4346.8,3334.5,,,9999.9,9999.9,8393.9,9015.6,9999.9,,,5661.0,9999.9,7852.3,9015.6,9999.9,,,4057.0,4196.9,8693.7,5179.2,4967.8,,,7606.9,9999.9,9736.9,5532.3,7159.5,,,4196.9,9736.9,9999.9,4507.8,5795.8,,,,,,,,,,,,,,,,,,,,,,,,,,,,,,,,,,,,,,,,,,,,,,,,,,,,,,,,,,,,,,,,,,,,,,,,,,,,,,,,,,,,,,,,,,,,,,,,,,,,,,,,,,,,,,,,,,,,,,,,,,,,,,,,
20260907_大垣_8R,20260907,44,大垣,8,63.6,40.2,353.8,156.3,73.3,,,68.7,40.1,123.2,353.4,44.5,,,16.2,13.7,111.8,93.6,14.8,,,1128.3,646.1,429.5,1996.2,935.2,,,282.8,552.1,237.5,1497.2,573.5,,,48.0,27.9,23.5,256.9,217.3,,,,,,,,,,,,,,,,,135.9,117.1,695.1,310.4,145.5,,,159.2,244.0,280.8,471.1,88.1,,,181.1,255.6,1166.3,503.9,288.0,,,1468.9,1088.8,1946.3,1983.5,1371.9,,,275.8,240.6,399.7,855.5,372.9,,,195.2,87.0,267.0,690.5,446.1,,,,,,,,,,,,,,,,,155.0,128.3,202.0,674.0,82.5,,,220.5,351.8,315.5,698.2,122.8,,,163.9,312.9,347.1,991.7,131.2,,,254.2,340.7,476.9,887.2,108.2,,,1588.8,1166.3,2009.1,1377.9,882.2,,,36.6,52.5,61.2,32.3,275.3,,,,,,,,,,,,,,,,,38.1,28.4,220.3,169.5,31.8,,,159.6,207.2,869.8,536.9,260.8,,,114.7,260.8,300.0,630.4,103.2,,,830.4,1276.3,991.7,2306.8,976.2,,,546.3,639.4,1534.1,2552.6,1014.4,,,87.0,173.7,95.5,418.5,445.5,,,,,,,,,,,,,,,,,2009.1,1647.7,1455.2,3621.1,1779.5,,,2595.1,1934.3,2395.5,3752.0,2118.5,,,1475.9,1580.8,1789.7,3460.2,570.3,,,1580.8,2965.9,2324.0,3313.0,2224.4,,,4865.9,4448.8,4865.9,5278.3,4386.2,,,2273.1,2661.7,675.5,2531.8,3992.5,,,,,,,,,,,,,,,,,587.5,1045.0,678.4,2755.9,1330.8,,,379.7,382.5,512.2,1096.5,512.2,,,1564.9,1197.7,1864.8,1692.5,1308.4,,,1027.7,949.4,2022.2,3663.7,1821.1,,,4152.3,2910.4,3422.2,4325.3,3422.2,,,1504.4,1081.3,982.4,1701.7,2341.5,,,,,,,,,,,,,,,,,60.4,33.0,37.9,213.4,263.9,,,117.4,83.6,170.4,406.5,377.4,,,21.6,30.4,36.4,28.0,226.8,,,69.3,146.6,78.8,394.2,471.8,,,746.8,889.7,284.9,724.2,1810.5,,,857.9,688.9,707.7,1038.0,1789.7,,,,,,,,,,,,,,,,,,,,,,,,,,,,,,,,,,,,,,,,,,,,,,,,,,,,,,,,,,,,,,,,,,,,,,,,,,,,,,,,,,,,,,,,,,,,,,,,,,,,,,,,,,,,,,,,,,,,,,,,,,,,,,,,
20260907_大垣_9R,20260907,44,大垣,9,833.9,1197.7,831.9,1395.7,1474.9,,,877.3,628.9,1172.7,1468.5,2297.7,,,1260.3,881.8,1549.3,2746.0,2937.0,,,1039.2,1501.1,1255.6,1825.7,3216.8,,,881.8,951.4,1269.7,1206.3,2034.7,,,2329.4,3838.2,4119.0,4119.0,4503.5,,,,,,,,,,,,,,,,,305.9,334.7,160.3,791.0,409.9,,,119.3,22.3,19.2,344.6,62.4,,,207.7,52.7,57.4,658.4,153.3,,,40.6,14.3,23.4,120.5,14.8,,,1020.4,1118.4,1373.0,672.8,1144.9,,,230.2,136.5,163.7,72.1,676.8,,,,,,,,,,,,,,,,,259.2,192.8,360.8,563.8,715.6,,,82.2,13.6,16.4,242.1,54.6,,,36.3,7.1,20.1,112.9,85.7,,,198.5,41.8,46.2,434.1,255.4,,,740.7,844.4,570.5,948.7,1806.2,,,1197.7,491.6,449.7,660.9,2222.1,,,,,,,,,,,,,,,,,823.8,539.5,1228.2,1723.2,1886.9,,,413.9,85.6,199.5,1079.1,470.4,,,98.9,33.0,63.5,278.4,243.5,,,879.5,289.9,197.4,1986.8,1210.6,,,2746.0,2395.4,1462.1,4069.4,5447.8,,,2447.5,1528.3,1039.2,2034.7,5361.3,,,,,,,,,,,,,,,,,265.9,404.5,419.5,485.9,697.8,,,50.2,18.2,29.3,129.7,22.8,,,293.9,53.1,60.6,624.3,393.2,,,471.7,139.2,121.1,1197.7,734.2,,,623.1,578.3,859.4,1437.2,2022.5,,,1096.6,433.5,1023.5,959.5,2329.4,,,,,,,,,,,,,,,,,956.8,872.7,1443.4,1274.5,2282.1,,,1886.9,2084.9,2361.9,2022.5,2886.8,,,1930.0,2072.1,1168.7,2297.7,6755.2,,,3795.1,3216.8,1963.7,6031.5,8660.6,,,1600.7,1845.7,2282.1,4386.5,5629.4,,,5117.6,5629.4,8042.0,8660.6,5823.5,,,,,,,,,,,,,,,,,2791.4,3973.7,4021.0,4021.0,5724.8,,,1219.3,674.1,1351.0,475.0,3752.9,,,3377.6,1314.2,1759.1,1897.5,7854.9,,,5277.5,2501.9,2022.5,3098.7,9382.3,,,1623.8,609.6,1125.8,1474.9,4626.9,,,5925.6,7036.7,7854.9,8660.6,6141.1,,,,,,,,,,,,,,,,,,,,,,,,,,,,,,,,,,,,,,,,,,,,,,,,,,,,,,,,,,,,,,,,,,,,,,,,,,,,,,,,,,,,,,,,,,,,,,,,,,,,,,,,,,,,,,,,,,,,,,,,,,,,,,,,
20260907_大垣_10R,20260907,44,大垣,10,152.7,145.4,335.7,106.7,71.2,,,127.1,43.3,219.3,71.0,105.1,,,91.4,28.2,165.0,39.6,47.2,,,537.4,377.0,350.7,93.8,398.3,,,34.1,23.2,18.0,14.1,28.3,,,46.6,84.4,57.1,187.5,53.4,,,,,,,,,,,,,,,,,361.8,332.7,909.5,335.7,176.3,,,599.7,413.8,1477.9,1054.3,408.7,,,359.0,283.6,1221.6,701.4,238.1,,,2095.3,2163.8,2489.2,1958.9,1118.4,,,516.4,1031.3,968.0,1122.2,568.8,,,119.6,150.8,142.7,364.6,215.8,,,,,,,,,,,,,,,,,339.2,111.9,443.7,186.0,290.1,,,566.8,335.7,1356.8,982.4,555.4,,,73.3,113.4,215.6,138.4,108.9,,,1819.0,2348.0,777.1,1982.4,2252.1,,,280.3,951.3,279.8,575.7,982.4,,,405.2,517.2,240.6,1217.1,917.0,,,,,,,,,,,,,,,,,133.4,52.8,309.7,76.9,96.6,,,207.9,155.5,778.9,416.9,166.0,,,36.4,60.9,118.6,80.4,57.2,,,878.1,1638.9,567.8,771.7,1408.8,,,135.1,472.2,168.1,401.2,335.0,,,139.9,156.0,128.8,581.8,283.2,,,,,,,,,,,,,,,,,1947.4,1427.0,1303.4,277.0,1239.9,,,2955.9,2713.6,2489.2,2736.1,1789.5,,,2489.2,3153.0,2108.7,3094.1,3245.7,,,1761.0,3484.9,2178.0,2069.1,2929.8,,,247.2,1539.8,1239.9,1420.8,857.6,,,1638.9,1829.1,2805.6,2758.9,1663.6,,,,,,,,,,,,,,,,,70.1,54.0,41.8,22.8,53.3,,,357.5,833.9,799.6,825.6,556.4,,,231.6,959.6,302.0,481.2,745.6,,,141.8,691.1,238.3,382.7,435.6,,,92.7,423.9,283.4,363.4,389.9,,,163.9,375.7,517.2,413.3,364.2,,,,,,,,,,,,,,,,,66.1,127.5,82.9,274.2,74.2,,,48.4,72.6,61.9,172.0,74.7,,,237.6,245.7,160.4,754.1,442.6,,,121.8,119.2,107.3,547.2,182.3,,,778.9,853.2,1161.6,968.0,782.6,,,126.4,159.7,245.6,188.6,275.8,,,,,,,,,,,,,,,,,,,,,,,,,,,,,,,,,,,,,,,,,,,,,,,,,,,,,,,,,,,,,,,,,,,,,,,,,,,,,,,,,,,,,,,,,,,,,,,,,,,,,,,,,,,,,,,,,,,,,,,,,,,,,,,,
20260907_大垣_11R,20260907,44,大垣,11,410.8,244.5,164.7,143.5,481.5,,,378.7,92.4,110.7,175.5,395.0,,,123.4,33.0,23.2,49.3,141.7,,,38.7,27.2,13.0,16.4,42.0,,,64.6,82.0,38.4,26.3,204.7,,,1063.0,935.1,580.8,376.5,758.8,,,,,,,,,,,,,,,,,1847.3,1036.2,763.9,486.2,2096.5,,,2605.5,1810.2,2782.4,1522.8,3414.8,,,1183.0,1497.5,1854.9,695.6,2871.0,,,896.1,2384.9,1847.3,927.4,2126.1,,,282.4,574.2,361.4,428.4,452.5,,,3266.3,3314.3,3440.8,2561.1,1228.2,,,,,,,,,,,,,,,,,1463.4,281.3,343.5,568.4,865.1,,,2335.5,1245.1,2651.4,1727.0,2817.2,,,143.0,407.1,207.3,213.5,295.5,,,507.6,1760.7,522.3,1080.9,1353.6,,,718.9,1276.9,484.6,1284.1,2253.7,,,2359.9,3219.6,1121.2,2335.5,3787.8,,,,,,,,,,,,,,,,,140.6,25.6,19.5,40.8,90.0,,,336.1,335.6,548.3,282.2,830.1,,,22.6,109.8,47.5,46.8,61.2,,,55.9,473.4,142.9,155.2,223.2,,,62.5,115.4,80.4,135.0,341.2,,,564.1,1627.2,511.6,918.0,1063.0,,,,,,,,,,,,,,,,,126.5,82.5,51.8,58.7,110.0,,,557.8,1370.0,1149.8,889.0,1512.5,,,324.0,1248.6,476.9,912.4,1302.7,,,138.3,899.7,300.3,358.8,793.5,,,121.1,453.0,562.0,322.1,690.2,,,564.1,2253.7,1951.3,1533.1,1454.0,,,,,,,,,,,,,,,,,50.6,84.1,35.8,21.9,168.2,,,57.9,130.4,68.7,83.6,124.2,,,231.3,329.2,166.9,349.9,686.0,,,66.1,116.2,91.0,103.2,296.5,,,46.4,132.3,187.2,107.9,258.3,,,610.7,556.4,977.7,887.3,724.6,,,,,,,,,,,,,,,,,3414.8,3196.8,2058.2,1205.2,2167.0,,,3440.8,4419.1,4097.7,3694.7,1994.4,,,3242.8,4462.9,2188.1,3266.3,4462.9,,,2590.5,3635.1,2198.7,3606.0,3174.3,,,1492.5,3338.9,3066.3,1926.2,2253.7,,,2096.5,2039.6,3467.3,2590.5,1893.9,,,,,,,,,,,,,,,,,,,,,,,,,,,,,,,,,,,,,,,,,,,,,,,,,,,,,,,,,,,,,,,,,,,,,,,,,,,,,,,,,,,,,,,,,,,,,,,,,,,,,,,,,,,,,,,,,,,,,,,,,,,,,,,,
20260907_大垣_12R,20260907,44,大垣,12,302.0,437.9,163.6,433.4,294.1,,,287.7,166.1,129.0,573.1,211.0,,,437.9,168.0,145.1,806.5,374.5,,,49.6,44.6,70.7,163.8,30.5,,,559.3,917.7,1084.7,465.3,921.7,,,357.6,314.3,444.5,144.9,662.3,,,,,,,,,,,,,,,,,409.3,510.9,233.1,403.0,380.0,,,311.6,112.8,189.4,202.9,141.6,,,396.1,124.2,260.0,232.2,199.6,,,180.4,179.6,266.2,195.8,129.6,,,189.2,81.8,162.2,84.6,57.9,,,339.0,164.5,246.4,154.0,157.7,,,,,,,,,,,,,,,,,339.5,151.1,188.8,792.2,278.9,,,301.4,77.2,168.0,302.2,133.1,,,67.7,30.8,35.4,137.6,20.0,,,190.7,166.9,85.5,534.4,154.5,,,1169.8,369.4,312.6,820.2,591.0,,,195.8,101.2,43.0,115.6,371.6,,,,,,,,,,,,,,,,,336.1,169.8,125.3,667.2,331.1,,,258.4,72.5,140.3,206.2,115.6,,,69.3,30.4,35.9,110.3,21.9,,,142.7,140.7,80.8,378.8,131.9,,,731.1,204.6,267.0,443.5,458.1,,,293.2,159.6,67.5,207.1,480.7,,,,,,,,,,,,,,,,,52.1,48.5,80.0,145.1,32.5,,,108.4,143.1,197.5,207.7,111.6,,,126.9,145.0,96.6,453.2,132.6,,,161.9,204.5,118.5,481.8,206.6,,,395.8,283.7,586.0,654.0,427.8,,,75.5,114.1,131.0,218.5,310.4,,,,,,,,,,,,,,,,,580.5,1037.9,1165.5,580.5,961.4,,,204.4,91.7,189.9,98.8,84.6,,,846.9,253.3,351.0,612.4,439.8,,,991.8,328.5,377.2,726.9,702.4,,,496.3,287.4,563.3,715.2,457.1,,,830.0,303.2,576.8,734.6,584.9,,,,,,,,,,,,,,,,,638.6,581.1,575.7,304.1,1148.4,,,519.8,224.3,293.2,271.8,328.3,,,252.9,140.8,67.4,154.4,475.5,,,371.0,212.8,94.7,270.3,602.9,,,232.9,242.7,230.7,346.5,625.2,,,1331.6,468.1,856.2,895.3,863.2,,,,,,,,,,,,,,,,,,,,,,,,,,,,,,,,,,,,,,,,,,,,,,,,,,,,,,,,,,,,,,,,,,,,,,,,,,,,,,,,,,,,,,,,,,,,,,,,,,,,,,,,,,,,,,,,,,,,,,,,,,,,,,,,
20260907_弥彦_1R,20260907,21,弥彦,1,1000.5,1605.9,1661.7,3538.9,1165.2,,,955.5,2691.5,380.6,2171.6,1721.6,,,3538.9,4777.5,3981.3,7077.8,3412.5,,,1158.2,331.2,3185.0,1691.1,1930.3,,,3747.1,3082.3,4343.2,3538.9,5791.0,,,1528.8,2171.6,2940.0,2419.0,5460.0,,,,,,,,,,,,,,,,,403.1,432.3,602.8,1158.2,314.8,,,132.3,55.7,40.5,182.0,26.6,,,202.4,76.7,104.1,66.5,19.2,,,293.5,86.3,160.3,438.3,92.1,,,758.3,412.7,158.4,597.1,153.1,,,64.0,16.6,8.2,40.1,72.4,,,,,,,,,,,,,,,,,295.3,897.1,124.0,743.5,555.5,,,109.2,53.8,31.4,197.6,24.5,,,1055.8,228.0,436.3,1209.5,359.2,,,27.9,19.3,149.8,184.1,55.2,,,595.3,304.7,905.7,347.4,512.3,,,237.1,44.4,204.8,87.5,343.7,,,,,,,,,,,,,,,,,1950.0,3981.3,3675.0,4444.2,3900.0,,,672.8,388.4,684.9,536.8,135.6,,,2419.0,589.8,2033.0,3822.0,1130.7,,,2852.2,1300.0,2419.0,3352.6,2769.6,,,4661.0,1124.1,4900.0,3352.6,2654.2,,,2852.2,242.8,1249.0,2359.2,2514.5,,,,,,,,,,,,,,,,,274.1,122.5,1032.9,823.7,390.0,,,234.4,101.3,456.0,860.8,169.8,,,50.8,44.8,319.5,269.5,85.8,,,1911.0,1265.5,1151.2,2514.5,2388.7,,,1706.2,1516.6,980.0,2617.8,1837.5,,,505.5,214.2,204.3,1374.8,1721.6,,,,,,,,,,,,,,,,,918.7,1085.8,1855.3,1426.1,1516.6,,,520.7,379.9,228.0,770.5,156.6,,,586.2,276.5,1217.2,390.8,462.7,,,2419.0,697.4,2419.0,2691.5,1384.8,,,914.3,1172.4,965.1,1619.5,1179.6,,,830.8,125.8,455.0,652.2,985.0,,,,,,,,,,,,,,,,,275.7,466.1,746.4,517.8,1085.8,,,55.2,20.3,9.8,41.4,56.7,,,183.0,43.6,245.9,86.6,294.4,,,980.0,121.5,620.4,995.3,985.0,,,237.1,116.9,117.5,682.5,980.0,,,740.7,142.2,384.5,597.1,758.3,,,,,,,,,,,,,,,,,,,,,,,,,,,,,,,,,,,,,,,,,,,,,,,,,,,,,,,,,,,,,,,,,,,,,,,,,,,,,,,,,,,,,,,,,,,,,,,,,,,,,,,,,,,,,,,,,,,,,,,,,,,,,,,,
20260907_弥彦_2R,20260907,21,弥彦,2,1197.6,895.0,246.4,1771.4,280.1,,,2125.7,3470.6,2464.6,5485.8,2267.4,,,1206.1,2464.6,1141.3,4596.2,1259.7,,,304.7,1604.3,1133.7,2616.3,195.2,,,3696.9,5485.8,4049.0,4251.5,4596.2,,,266.9,1546.0,749.1,154.8,2429.4,,,,,,,,,,,,,,,,,189.3,98.5,50.1,272.9,44.0,,,127.8,124.2,54.8,81.3,81.9,,,58.1,98.3,33.0,169.5,39.2,,,18.5,35.6,32.3,84.5,6.2,,,365.7,177.8,295.2,218.8,305.8,,,18.4,69.8,46.6,8.7,147.2,,,,,,,,,,,,,,,,,1771.4,3334.5,1771.4,3779.1,2099.5,,,787.3,691.3,287.7,484.5,568.7,,,2882.3,1349.6,1977.4,2834.3,3270.4,,,1149.0,393.6,1790.1,1076.3,436.0,,,1429.0,543.3,1197.6,867.6,1278.6,,,1619.6,854.5,2073.9,783.6,2616.3,,,,,,,,,,,,,,,,,1619.6,4596.2,1771.4,4475.2,1453.5,,,745.8,805.9,476.3,1083.1,510.6,,,3401.2,1635.2,1868.8,2024.5,2699.3,,,1619.6,723.6,2180.2,4049.0,809.8,,,5001.7,2125.7,3270.4,5668.7,6540.8,,,1308.1,780.0,4049.0,783.6,4360.5,,,,,,,,,,,,,,,,,127.9,459.6,462.1,994.5,68.6,,,51.2,78.2,104.3,193.2,19.0,,,477.6,202.6,634.5,402.9,266.9,,,629.8,351.3,641.7,1149.0,388.2,,,1889.5,586.4,850.3,1932.5,616.1,,,21.4,19.9,116.7,141.3,173.7,,,,,,,,,,,,,,,,,3542.9,3696.9,4723.9,5153.3,4596.2,,,1868.8,561.2,1589.3,895.0,1269.1,,,2329.6,656.6,1241.3,1232.3,1683.7,,,4723.9,2361.9,2395.2,5314.4,5485.8,,,3954.9,1478.7,1848.4,4475.2,1651.0,,,3779.1,2180.2,2983.5,5668.7,1977.4,,,,,,,,,,,,,,,,,90.1,524.8,296.2,56.6,881.1,,,58.7,205.3,139.5,23.1,352.8,,,994.5,627.5,1700.6,533.1,1889.5,,,634.5,454.7,1848.4,425.1,2073.9,,,24.2,23.2,159.3,160.8,246.8,,,1954.7,1318.3,2395.2,2882.3,950.0,,,,,,,,,,,,,,,,,,,,,,,,,,,,,,,,,,,,,,,,,,,,,,,,,,,,,,,,,,,,,,,,,,,,,,,,,,,,,,,,,,,,,,,,,,,,,,,,,,,,,,,,,,,,,,,,,,,,,,,,,,,,,,,,
20260907_弥彦_3R,20260907,21,弥彦,3,2213.6,1354.6,1344.5,4321.8,1296.5,,,3424.8,4776.7,4321.8,9075.8,4905.8,,,1578.4,4537.9,2593.0,5500.5,991.8,,,2357.3,3704.4,3129.5,5672.3,3946.0,,,5500.5,8250.7,4321.8,8250.7,5672.3,,,1260.5,3630.3,848.2,2792.5,2486.5,,,,,,,,,,,,,,,,,343.1,97.0,187.9,290.4,68.6,,,196.0,82.5,19.7,102.8,102.1,,,30.3,45.1,19.1,93.9,6.4,,,44.5,2.9,10.4,47.3,14.1,,,416.3,226.3,314.5,232.4,282.2,,,23.3,91.9,12.0,39.0,122.9,,,,,,,,,,,,,,,,,5672.3,9075.8,5500.5,4905.8,7260.6,,,2709.2,868.5,251.7,2927.6,2135.4,,,6981.4,1171.0,1407.1,7892.0,6981.4,,,3946.0,343.7,1385.6,3490.7,2836.1,,,6482.7,5042.1,7892.0,5338.7,8250.7,,,6259.1,3424.8,3025.2,4321.8,8250.7,,,,,,,,,,,,,,,,,981.1,2975.6,1463.8,2110.6,595.1,,,251.4,275.8,100.8,511.3,81.5,,,2297.6,810.3,930.8,4125.3,1650.1,,,1055.3,264.9,726.0,3300.3,652.9,,,5042.1,2792.5,3862.0,4125.3,2709.2,,,194.9,152.1,955.3,423.1,1002.8,,,,,,,,,,,,,,,,,1525.3,4427.2,2593.0,6259.1,1025.5,,,292.7,50.4,115.6,487.9,146.5,,,2709.2,210.8,821.3,2327.1,1475.7,,,1852.2,238.5,746.9,4221.3,1141.6,,,7563.1,1500.1,2975.6,4033.7,4654.2,,,753.1,527.6,1635.2,1194.1,3630.3,,,,,,,,,,,,,,,,,6259.1,8250.7,6722.8,8643.6,4654.2,,,4321.8,2975.6,2086.3,1407.1,2452.9,,,8250.7,4654.2,7563.1,4654.2,7563.1,,,5186.1,3424.8,7260.6,6050.5,3630.3,,,5855.3,1951.7,3361.4,6050.5,4321.8,,,3184.5,3424.8,6050.5,3184.5,4125.3,,,,,,,,,,,,,,,,,921.4,2268.9,563.7,796.1,1833.5,,,497.3,991.8,292.7,374.2,1171.0,,,4321.8,2556.5,4776.7,3241.3,6722.8,,,283.1,246.9,1234.8,601.0,1031.3,,,916.7,717.4,1606.3,1106.8,3630.3,,,3300.3,3241.3,6482.7,2556.5,4125.3,,,,,,,,,,,,,,,,,,,,,,,,,,,,,,,,,,,,,,,,,,,,,,,,,,,,,,,,,,,,,,,,,,,,,,,,,,,,,,,,,,,,,,,,,,,,,,,,,,,,,,,,,,,,,,,,,,,,,,,,,,,,,,,,
20260907_弥彦_4R,20260907,21,弥彦,4,5071.9,3888.5,4166.2,6862.0,3381.3,,,3333.0,3954.4,1388.7,4574.7,3240.4,,,2651.2,3381.3,2046.5,7070.0,3030.0,,,2482.0,1014.3,1794.6,2991.1,2160.2,,,9999.9,8332.5,6480.8,6139.7,9999.9,,,2083.1,5302.5,2482.0,4402.0,8641.1,,,,,,,,,,,,,,,,,5302.5,4486.7,3888.5,8045.1,3645.4,,,3431.0,6139.7,702.7,3381.3,1767.5,,,4166.2,7290.9,3703.3,8641.1,4242.0,,,1274.9,441.0,1944.2,1994.1,642.7,,,9999.9,4964.0,8641.1,4574.7,6666.0,,,1495.5,1149.3,2222.0,662.8,3535.0,,,,,,,,,,,,,,,,,2744.8,3196.0,713.4,2916.3,2535.9,,,2508.7,3824.7,495.3,2243.3,1241.0,,,3069.8,4093.1,911.3,3954.4,3589.3,,,128.2,88.2,148.9,54.7,76.8,,,3110.8,1495.5,3535.0,322.2,1296.1,,,2356.6,1184.3,1794.6,423.4,1364.3,,,,,,,,,,,,,,,,,2810.9,3069.8,1254.3,4402.0,2681.7,,,3703.3,6666.0,3763.0,9999.9,3482.2,,,4242.0,5982.3,1364.3,5690.4,5071.9,,,1534.9,2621.4,851.4,3703.3,1960.5,,,9721.2,9999.9,5832.7,6480.8,9999.9,,,3824.7,3763.0,6139.7,2991.1,9999.9,,,,,,,,,,,,,,,,,107.3,68.9,75.8,258.3,130.9,,,68.1,38.8,66.8,202.1,26.9,,,11.1,4.9,7.0,3.1,6.9,,,48.1,95.0,54.8,320.9,145.3,,,562.1,404.3,101.4,555.5,346.1,,,124.2,27.1,44.4,116.4,222.6,,,,,,,,,,,,,,,,,9999.9,9332.4,9999.9,8045.1,9999.9,,,9999.9,2953.2,9999.9,6139.7,6305.6,,,6305.6,4860.6,6139.7,453.0,2777.5,,,9999.9,9999.9,9999.9,8641.1,9999.9,,,5555.0,4486.7,453.0,5832.7,2064.6,,,8973.4,8332.5,2810.9,9999.9,2265.1,,,,,,,,,,,,,,,,,3069.8,3589.3,3196.0,3482.2,5982.3,,,1534.9,956.1,1576.4,531.4,2405.2,,,1794.6,1267.9,3535.0,538.8,1715.5,,,2916.3,2916.3,3240.4,2953.2,9721.2,,,1495.5,554.1,309.0,1794.6,1261.1,,,7526.1,4166.2,1928.1,9999.9,2333.1,,,,,,,,,,,,,,,,,,,,,,,,,,,,,,,,,,,,,,,,,,,,,,,,,,,,,,,,,,,,,,,,,,,,,,,,,,,,,,,,,,,,,,,,,,,,,,,,,,,,,,,,,,,,,,,,,,,,,,,,,,,,,,,,
20260907_弥彦_5R,20260907,21,弥彦,5,682.6,1462.7,494.3,141.9,938.9,,,1902.8,4778.3,3981.9,2128.9,5000.5,,,4300.5,9999.9,7679.4,3707.3,7414.6,,,799.3,3308.0,5375.6,669.8,3772.3,,,137.5,814.4,1156.0,447.9,1004.7,,,1777.0,6719.5,4886.9,5244.5,2654.6,,,,,,,,,,,,,,,,,139.0,382.6,94.8,31.4,207.9,,,378.5,1228.7,408.7,122.2,759.8,,,1250.1,2171.9,1272.3,334.4,2108.0,,,144.5,258.1,482.1,49.2,333.3,,,7.2,15.4,71.7,9.9,38.5,,,457.5,881.2,1201.2,592.3,167.2,,,,,,,,,,,,,,,,,3413.0,9348.9,4388.2,3162.1,7414.6,,,2047.8,5375.6,2654.6,1038.7,5244.5,,,9999.9,9999.9,8959.3,7679.4,9999.9,,,1569.5,3707.3,8959.3,3525.0,9999.9,,,2687.8,1048.9,7414.6,2150.2,5972.9,,,9999.9,8959.3,7963.8,9999.9,9999.9,,,,,,,,,,,,,,,,,5658.5,9348.9,9348.9,4135.0,5658.5,,,4388.2,7414.6,5375.6,1919.8,5375.6,,,7963.8,8601.0,9999.9,9773.8,9773.8,,,9773.8,6143.5,9773.8,4216.1,7679.4,,,4057.0,1972.7,6719.5,3707.3,6936.2,,,9348.9,6719.5,8959.3,9773.8,9773.8,,,,,,,,,,,,,,,,,799.3,3162.1,4674.4,793.4,3644.4,,,481.0,1108.3,1869.7,224.9,1303.1,,,3308.0,2389.1,5119.6,1886.1,2108.0,,,5375.6,4057.0,7679.4,2721.8,6936.2,,,403.4,180.0,888.5,1187.9,802.3,,,5000.5,2721.8,5658.5,6324.2,2150.2,,,,,,,,,,,,,,,,,16.4,105.8,248.2,66.9,189.4,,,4.4,9.5,55.0,5.7,24.6,,,178.8,58.4,995.4,265.4,632.4,,,623.2,260.0,1493.2,721.5,1311.1,,,73.1,24.9,153.4,265.7,192.5,,,265.7,97.7,481.0,716.7,312.0,,,,,,,,,,,,,,,,,2792.5,7963.8,7679.4,7414.6,4300.5,,,1837.8,3209.3,5972.9,2687.8,1080.5,,,9999.9,9999.9,9999.9,9999.9,8270.1,,,9348.9,9348.9,9773.8,7414.6,7963.8,,,7679.4,4778.3,7963.8,7963.8,2867.0,,,2471.5,1080.5,3583.7,4778.3,2087.6,,,,,,,,,,,,,,,,,,,,,,,,,,,,,,,,,,,,,,,,,,,,,,,,,,,,,,,,,,,,,,,,,,,,,,,,,,,,,,,,,,,,,,,,,,,,,,,,,,,,,,,,,,,,,,,,,,,,,,,,,,,,,,,,
20260907_弥彦_6R,20260907,21,弥彦,6,9999.9,9999.9,8004.6,9999.9,9999.9,,,9999.9,7388.9,5488.9,9999.9,5336.4,,,8732.3,7684.5,4087.5,9999.9,4802.8,,,4269.1,2867.3,2668.2,4574.1,1011.1,,,9605.6,4925.9,5821.5,9999.9,9999.9,,,6003.5,5336.4,4087.5,2134.5,9148.2,,,,,,,,,,,,,,,,,9999.9,9999.9,8004.6,9999.9,9999.9,,,9999.9,9999.9,4366.1,9999.9,8352.7,,,9999.9,9999.9,3920.6,9999.9,7115.2,,,5821.5,3149.3,2596.1,4002.3,1231.4,,,7684.5,9605.6,9148.2,4925.9,9999.9,,,4802.8,8352.7,4366.1,2088.1,9999.9,,,,,,,,,,,,,,,,,9999.9,9999.9,2910.7,7684.5,5821.5,,,9999.9,9999.9,5336.4,9999.9,7388.9,,,5821.5,7115.2,869.2,5336.4,1298.0,,,2462.9,1921.1,550.4,1700.1,319.6,,,5192.2,8732.3,6403.7,1628.0,5650.3,,,4802.8,4176.3,919.1,398.5,5336.4,,,,,,,,,,,,,,,,,7388.9,5192.2,2705.8,4802.8,4574.1,,,6624.5,8004.6,3492.9,3370.3,3492.9,,,5192.2,6861.1,817.5,3001.7,1067.2,,,1392.1,1574.6,519.2,1489.2,320.1,,,6624.5,7388.9,6003.5,3256.1,5192.2,,,4269.1,2596.1,1016.4,438.6,4087.5,,,,,,,,,,,,,,,,,353.7,178.7,143.3,280.0,47.1,,,335.8,118.2,105.6,264.6,47.5,,,118.0,63.9,26.3,74.0,11.9,,,112.4,62.3,30.8,78.0,11.8,,,269.0,235.1,122.9,121.2,37.0,,,17.6,15.5,3.8,3.7,11.7,,,,,,,,,,,,,,,,,7115.2,8352.7,9999.9,9605.6,7684.5,,,5488.9,8004.6,9148.2,3920.6,9999.9,,,8004.6,9148.2,5192.2,5650.3,5821.5,,,9605.6,5055.5,6403.7,4366.1,7115.2,,,4574.1,4002.3,1372.2,2867.3,1208.2,,,9999.9,9148.2,6003.5,4802.8,1883.4,,,,,,,,,,,,,,,,,4176.3,2260.1,2561.5,575.1,5055.5,,,3842.2,2527.7,1812.3,733.2,3557.6,,,1466.5,1902.1,462.9,226.8,1193.2,,,1795.4,1512.6,506.8,214.4,1392.1,,,117.8,127.4,42.9,42.6,107.1,,,3766.9,3920.6,2111.1,2744.4,642.5,,,,,,,,,,,,,,,,,,,,,,,,,,,,,,,,,,,,,,,,,,,,,,,,,,,,,,,,,,,,,,,,,,,,,,,,,,,,,,,,,,,,,,,,,,,,,,,,,,,,,,,,,,,,,,,,,,,,,,,,,,,,,,,,
20260907_弥彦_7R,20260907,21,弥彦,7,824.4,172.4,303.3,2129.0,961.8,,,1015.2,435.9,1049.2,2885.4,1113.1,,,87.3,145.0,77.1,726.1,274.8,,,299.9,870.2,194.0,1179.0,1107.5,,,4385.9,3915.9,1461.9,2847.9,3780.9,,,1080.2,1054.3,556.5,1452.2,3915.9,,,,,,,,,,,,,,,,,646.8,179.1,233.7,1533.5,983.3,,,468.5,200.8,178.2,945.2,491.6,,,68.7,88.7,23.1,210.4,295.1,,,127.9,56.9,21.2,35.8,191.6,,,2811.4,2011.8,1005.9,411.4,3004.0,,,1423.9,800.3,733.4,571.0,2192.9,,,,,,,,,,,,,,,,,633.8,294.7,519.6,1768.5,532.2,,,388.8,171.7,118.9,837.0,326.3,,,131.7,110.9,53.2,415.3,105.1,,,329.7,131.7,93.2,276.5,218.8,,,2409.8,2088.5,1433.3,1118.8,1624.4,,,351.9,297.1,120.6,129.4,628.3,,,,,,,,,,,,,,,,,20.6,42.9,14.9,181.5,77.8,,,24.2,50.7,13.0,201.9,135.7,,,72.9,83.5,47.7,382.7,127.2,,,23.0,13.6,42.4,33.8,69.2,,,471.6,591.0,898.7,200.4,1225.1,,,184.9,197.9,153.0,105.4,866.7,,,,,,,,,,,,,,,,,215.8,484.0,157.6,586.3,751.0,,,91.1,43.5,21.6,32.4,154.6,,,309.7,117.0,129.7,249.7,332.2,,,60.9,30.2,64.1,94.3,186.1,,,615.9,106.6,259.2,182.4,597.5,,,1329.0,431.6,563.7,540.1,656.5,,,,,,,,,,,,,,,,,3780.9,3716.8,3132.7,3322.6,4568.6,,,3480.8,2549.9,1577.6,602.4,4137.6,,,5482.3,3915.9,3088.6,2642.1,4767.2,,,2520.6,1512.3,2284.3,1414.8,3847.2,,,2308.3,428.3,1502.0,1015.2,2579.9,,,5926.9,5348.6,3847.2,5622.9,3224.9,,,,,,,,,,,,,,,,,1782.8,949.3,818.2,1768.5,3654.9,,,1782.8,906.1,1107.5,853.2,3178.1,,,630.1,607.4,251.4,322.4,1136.2,,,674.7,786.0,483.0,327.7,2332.9,,,1858.4,941.1,777.6,696.1,974.6,,,4983.9,4983.9,2847.9,3780.9,2237.7,,,,,,,,,,,,,,,,,,,,,,,,,,,,,,,,,,,,,,,,,,,,,,,,,,,,,,,,,,,,,,,,,,,,,,,,,,,,,,,,,,,,,,,,,,,,,,,,,,,,,,,,,,,,,,,,,,,,,,,,,,,,,,,,
20260907_弥彦_8R,20260907,21,弥彦,8,559.6,704.2,517.1,1037.2,257.9,,,327.9,91.3,156.4,667.2,65.8,,,318.6,74.8,119.1,540.6,38.9,,,260.7,126.3,146.4,506.2,28.5,,,1170.8,1090.5,1163.6,1103.1,551.5,,,60.7,15.3,13.4,5.1,122.0,,,,,,,,,,,,,,,,,887.6,1424.2,815.5,1343.9,338.9,,,1026.0,1163.6,2385.5,1539.0,1031.6,,,1603.7,1393.0,2765.8,1750.8,1539.0,,,2074.4,2726.3,3407.9,4060.5,2511.1,,,801.8,1037.2,1026.0,1719.3,988.8,,,353.4,851.9,1185.3,1223.3,1382.9,,,,,,,,,,,,,,,,,341.4,57.1,229.3,525.7,62.0,,,709.4,602.0,1490.9,1103.1,1042.8,,,30.7,156.4,203.8,288.2,49.2,,,859.6,1551.5,725.6,2271.9,1163.6,,,1307.1,1403.2,1048.6,3290.4,1719.3,,,66.4,506.2,73.1,400.0,822.6,,,,,,,,,,,,,,,,,290.9,50.3,96.7,518.6,35.1,,,660.3,504.8,1526.7,1215.5,739.7,,,25.8,131.8,133.4,276.9,27.5,,,500.9,1835.0,619.6,2806.5,649.1,,,1767.0,1750.8,754.3,3078.1,1719.3,,,46.0,366.3,60.7,272.6,840.7,,,,,,,,,,,,,,,,,1343.9,930.9,775.7,1539.0,151.5,,,3234.6,4060.5,2848.4,4771.1,1767.0,,,1783.6,3534.1,2385.5,5301.2,2271.9,,,949.4,3128.6,1871.0,3600.8,1116.0,,,3816.9,4438.2,6361.5,5783.2,3348.1,,,205.6,2446.7,1734.9,1142.7,2848.4,,,,,,,,,,,,,,,,,1767.0,1734.9,2299.3,2385.5,1042.8,,,968.7,1239.2,1037.2,2052.1,1445.8,,,2120.5,1927.7,1750.8,4543.9,2848.4,,,2765.8,1382.9,2245.2,4438.2,2936.1,,,4060.5,3975.9,5613.1,5022.2,4060.5,,,1129.2,1502.7,2650.6,2385.5,3469.9,,,,,,,,,,,,,,,,,66.8,15.2,18.6,8.3,150.9,,,283.9,731.2,772.6,1060.2,1122.6,,,51.4,312.8,85.1,245.3,642.5,,,49.4,342.0,74.6,278.2,772.6,,,113.2,1289.5,455.4,503.5,1871.0,,,731.2,1514.6,1490.9,1363.1,2144.3,,,,,,,,,,,,,,,,,,,,,,,,,,,,,,,,,,,,,,,,,,,,,,,,,,,,,,,,,,,,,,,,,,,,,,,,,,,,,,,,,,,,,,,,,,,,,,,,,,,,,,,,,,,,,,,,,,,,,,,,,,,,,,,,
20260907_弥彦_9R,20260907,21,弥彦,9,661.7,204.9,622.9,989.4,199.8,,,441.6,60.0,120.7,300.8,97.1,,,52.2,15.8,32.1,14.9,7.9,,,684.2,140.8,152.4,630.7,273.5,,,1431.5,688.8,159.5,1354.6,542.5,,,83.4,73.8,28.4,134.3,232.8,,,,,,,,,,,,,,,,,965.7,228.0,1180.3,1421.4,218.4,,,1725.1,1959.6,1959.6,3669.9,975.1,,,177.5,925.9,1160.0,679.6,183.6,,,2038.8,2523.0,2523.0,4294.6,1277.5,,,2925.3,4036.9,1922.3,4119.3,2147.3,,,146.5,227.5,120.9,462.9,600.7,,,,,,,,,,,,,,,,,893.1,151.5,224.7,617.2,226.2,,,1452.1,1851.8,1627.7,4387.9,1073.6,,,188.2,1140.3,424.0,548.4,411.9,,,221.5,731.3,293.3,807.3,284.6,,,1327.9,5606.8,1382.5,2170.3,2347.0,,,311.4,827.2,417.9,401.2,1121.3,,,,,,,,,,,,,,,,,35.5,17.5,28.1,8.3,9.2,,,97.1,598.9,810.6,455.6,163.5,,,68.5,644.8,256.8,205.1,214.2,,,114.1,1133.9,229.8,342.1,303.5,,,39.9,500.8,188.2,372.4,184.5,,,26.0,110.5,116.2,193.8,137.7,,,,,,,,,,,,,,,,,1024.6,230.9,288.3,1363.8,659.6,,,1223.3,2218.0,2691.2,6960.2,1589.3,,,156.8,938.8,218.6,628.8,231.7,,,224.7,2347.0,375.8,750.3,723.4,,,3421.1,8073.8,3058.2,3012.6,4923.0,,,747.5,1215.9,462.9,841.0,3012.6,,,,,,,,,,,,,,,,,4294.6,2170.3,322.9,4587.4,1073.6,,,4119.3,6728.2,2523.0,9611.7,5175.5,,,2691.2,7475.8,2267.9,5936.6,5767.0,,,271.6,2267.9,1654.4,2968.3,1067.9,,,4923.0,9999.9,5936.6,3957.7,6307.7,,,1940.8,4119.3,4694.1,1431.5,5046.1,,,,,,,,,,,,,,,,,100.6,124.5,40.4,279.9,348.0,,,85.0,183.9,87.2,315.8,406.9,,,197.6,395.7,281.1,332.5,666.1,,,43.7,114.2,151.8,257.4,191.5,,,566.9,726.0,403.6,553.0,1517.6,,,934.4,1215.9,1654.4,753.1,2102.5,,,,,,,,,,,,,,,,,,,,,,,,,,,,,,,,,,,,,,,,,,,,,,,,,,,,,,,,,,,,,,,,,,,,,,,,,,,,,,,,,,,,,,,,,,,,,,,,,,,,,,,,,,,,,,,,,,,,,,,,,,,,,,,,
20260907_弥彦_10R,20260907,21,弥彦,10,1778.9,381.6,404.1,1178.9,661.9,,,3831.4,4859.4,3831.4,6870.2,4066.0,,,542.8,3495.3,1113.0,3113.0,840.6,,,383.1,2012.5,729.8,558.0,881.5,,,2587.5,3622.5,2887.5,1346.1,4528.1,,,926.6,3376.9,986.3,1794.9,3831.4,,,,,,,,,,,,,,,,,207.9,53.1,26.9,107.8,57.1,,,476.6,211.2,521.5,967.1,206.6,,,15.1,41.0,23.7,158.5,1.7,,,19.3,216.5,43.3,221.6,51.7,,,591.2,1498.0,746.2,760.4,901.5,,,58.4,49.7,8.9,78.1,347.1,,,,,,,,,,,,,,,,,6226.1,6037.5,4743.7,7115.6,6037.5,,,3984.7,1827.8,5108.6,7115.6,2033.0,,,4743.7,1897.5,7969.5,9961.8,3113.0,,,4859.4,4528.1,6427.0,7115.6,5384.7,,,8301.5,7379.1,9961.8,9961.8,8662.5,,,5108.6,2459.7,1646.5,5534.3,5534.3,,,,,,,,,,,,,,,,,328.2,1593.9,866.2,1633.0,562.8,,,70.8,148.0,104.9,354.5,14.3,,,2165.6,909.7,2621.5,5243.0,1310.7,,,813.2,367.5,1778.9,2264.0,749.0,,,4331.2,1972.6,7379.1,6641.2,3266.1,,,404.1,88.9,464.4,601.9,1606.7,,,,,,,,,,,,,,,,,272.1,2189.4,510.8,471.0,760.4,,,177.1,1094.7,207.3,1260.9,322.3,,,2806.1,3435.1,6226.1,8301.5,5534.3,,,833.6,415.0,3906.6,3376.9,967.1,,,1934.3,3495.3,9999.9,6226.1,4150.7,,,1454.2,706.5,3759.1,1364.6,3266.1,,,,,,,,,,,,,,,,,4427.5,8301.5,7115.6,2429.7,7969.5,,,4528.1,5859.9,2033.0,5108.6,4427.5,,,9056.2,8662.5,9999.9,9999.9,9999.9,,,7662.9,3689.5,9999.9,8662.5,6037.5,,,2429.7,5108.6,9999.9,5534.3,4528.1,,,6427.0,3831.4,8301.5,4980.9,4633.4,,,,,,,,,,,,,,,,,1011.3,3435.1,1132.0,2119.5,3266.1,,,472.1,485.9,82.4,601.9,1827.8,,,3320.6,1897.5,1747.6,3376.9,5243.0,,,751.8,109.2,763.3,1383.5,2264.0,,,2119.5,996.1,3831.4,1593.9,3435.1,,,7969.5,4980.9,8301.5,7969.5,5108.6,,,,,,,,,,,,,,,,,,,,,,,,,,,,,,,,,,,,,,,,,,,,,,,,,,,,,,,,,,,,,,,,,,,,,,,,,,,,,,,,,,,,,,,,,,,,,,,,,,,,,,,,,,,,,,,,,,,,,,,,,,,,,,,,
20260907_弥彦_11R,20260907,21,弥彦,11,1371.3,1170.1,768.9,1656.1,758.1,,,1092.9,474.2,1189.5,1035.1,362.4,,,782.9,324.2,435.8,424.6,87.0,,,1121.3,1464.6,1244.5,1304.8,780.0,,,1464.6,948.4,518.7,1151.3,459.0,,,534.2,270.1,108.2,490.4,470.0,,,,,,,,,,,,,,,,,1055.4,868.1,414.8,1454.7,513.8,,,685.6,390.0,194.6,844.3,291.7,,,507.7,371.8,185.4,662.4,154.5,,,187.2,162.9,157.4,217.0,120.8,,,1163.7,878.7,886.0,414.8,585.0,,,342.8,406.9,293.7,227.3,908.4,,,,,,,,,,,,,,,,,569.5,294.9,487.1,546.4,284.4,,,640.7,389.3,231.2,727.3,336.9,,,118.1,205.6,273.9,175.3,37.0,,,1115.5,504.2,900.8,1251.7,760.7,,,705.9,785.7,434.0,996.7,560.6,,,177.3,403.9,100.7,516.3,521.3,,,,,,,,,,,,,,,,,263.5,79.2,159.2,129.9,25.4,,,247.4,172.7,117.2,395.0,74.4,,,44.2,112.1,153.1,59.9,10.7,,,277.4,266.4,308.8,606.4,141.3,,,111.9,385.1,144.5,346.7,48.6,,,4.5,50.5,8.0,43.0,20.4,,,,,,,,,,,,,,,,,1474.6,2725.3,1750.4,2196.9,1708.7,,,536.9,585.0,545.0,560.6,363.0,,,2196.9,1189.5,1779.3,2474.7,1750.4,,,1708.7,1098.4,1571.5,1856.0,1020.3,,,1957.2,1145.2,2110.8,1872.1,1722.4,,,1354.0,1244.5,1824.5,1389.0,2110.8,,,,,,,,,,,,,,,,,744.9,506.5,269.8,527.7,260.0,,,666.5,527.7,530.2,294.9,414.8,,,332.2,507.7,171.6,672.8,264.4,,,95.3,343.9,128.0,232.2,44.8,,,636.9,479.5,818.6,361.2,365.5,,,120.7,523.8,312.9,78.9,321.8,,,,,,,,,,,,,,,,,350.6,199.3,67.8,353.5,316.6,,,498.3,683.4,428.0,419.6,1182.9,,,188.2,527.7,98.9,609.9,256.3,,,23.8,151.4,44.8,135.3,71.9,,,685.6,824.9,878.7,648.4,1266.4,,,503.0,1196.1,712.9,233.2,916.1,,,,,,,,,,,,,,,,,,,,,,,,,,,,,,,,,,,,,,,,,,,,,,,,,,,,,,,,,,,,,,,,,,,,,,,,,,,,,,,,,,,,,,,,,,,,,,,,,,,,,,,,,,,,,,,,,,,,,,,,,,,,,,,,
20260907_西武園_1R,20260907,26,西武園,1,208.8,121.4,436.9,745.7,162.8,,,159.2,85.7,44.5,214.6,16.7,,,115.4,122.0,178.0,474.5,64.7,,,446.7,104.0,207.0,392.0,131.9,,,1305.1,644.0,734.7,751.4,751.4,,,54.8,7.8,31.9,46.7,211.9,,,,,,,,,,,,,,,,,157.4,96.2,354.2,740.2,160.7,,,406.5,452.9,757.1,1549.8,608.5,,,37.0,115.3,67.2,118.3,71.9,,,440.8,506.0,233.3,819.7,554.1,,,1127.1,1653.1,461.3,935.7,1195.0,,,131.5,237.2,118.2,314.8,757.1,,,,,,,,,,,,,,,,,503.4,349.2,183.6,703.4,96.3,,,826.5,909.9,1340.3,3005.7,1239.8,,,519.3,665.6,751.4,1599.8,1089.9,,,321.0,1066.5,751.4,1358.7,674.7,,,1195.0,2833.9,2110.4,1377.6,2610.2,,,108.0,740.2,679.3,433.1,1078.1,,,,,,,,,,,,,,,,,58.1,113.4,123.6,273.2,91.3,,,27.8,85.2,49.9,79.1,56.5,,,261.7,279.4,413.2,703.4,576.6,,,106.3,85.9,258.3,153.7,301.4,,,257.6,156.4,679.3,211.9,729.3,,,128.3,144.3,411.5,355.5,684.0,,,,,,,,,,,,,,,,,436.9,124.6,147.1,277.8,175.8,,,530.4,597.5,290.8,944.6,399.9,,,161.5,847.7,261.0,336.2,486.2,,,154.2,209.7,220.9,366.0,481.5,,,503.4,724.0,563.5,544.9,1055.2,,,206.2,446.7,331.7,498.4,935.7,,,,,,,,,,,,,,,,,1549.8,648.2,1180.8,918.4,893.5,,,1437.5,972.4,548.0,787.2,1599.8,,,1305.1,2156.2,1397.0,1180.8,1740.1,,,840.5,488.6,935.7,570.0,1458.6,,,870.0,787.2,688.8,623.8,1089.9,,,623.8,1044.0,991.8,1140.1,813.0,,,,,,,,,,,,,,,,,34.0,7.6,30.0,48.4,162.6,,,66.6,126.0,67.5,162.6,467.8,,,49.7,250.4,265.9,184.0,422.0,,,131.0,118.3,215.6,217.5,560.3,,,135.3,274.7,193.7,299.6,542.0,,,387.4,768.9,563.5,793.5,557.2,,,,,,,,,,,,,,,,,,,,,,,,,,,,,,,,,,,,,,,,,,,,,,,,,,,,,,,,,,,,,,,,,,,,,,,,,,,,,,,,,,,,,,,,,,,,,,,,,,,,,,,,,,,,,,,,,,,,,,,,,,,,,,,,
20260907_西武園_2R,20260907,26,西武園,2,1957.6,2242.3,1601.7,1868.6,2569.4,,,1434.0,376.0,956.0,132.6,1601.7,,,1813.6,948.7,1927.0,795.6,1401.4,,,1298.2,948.7,1644.4,1121.1,2126.4,,,844.7,139.5,264.0,800.8,1063.2,,,2202.3,2163.7,1897.4,2516.9,1989.2,,,,,,,,,,,,,,,,,1840.7,1622.7,1091.4,1644.4,1450.9,,,1385.7,659.5,256.4,408.3,850.5,,,1111.0,1010.9,434.2,770.8,371.4,,,250.1,148.2,142.2,156.3,47.0,,,756.6,503.3,685.1,358.5,756.6,,,587.2,862.4,246.6,126.7,649.1,,,,,,,,,,,,,,,,,656.0,136.2,384.2,75.8,1101.1,,,499.3,311.4,140.6,200.2,416.6,,,109.5,261.8,184.9,64.3,354.4,,,108.0,72.4,60.3,29.6,194.8,,,10.4,76.6,28.0,36.0,138.7,,,1010.9,800.8,527.0,780.5,632.4,,,,,,,,,,,,,,,,,689.0,379.4,785.5,270.4,548.1,,,497.3,529.3,266.3,468.9,229.6,,,158.5,349.3,236.7,97.4,404.3,,,312.2,157.7,255.8,269.8,266.3,,,107.3,399.1,126.8,336.0,309.8,,,362.7,315.4,673.9,413.8,461.9,,,,,,,,,,,,,,,,,458.4,322.0,386.6,275.9,844.7,,,91.5,37.4,49.6,33.5,13.1,,,68.1,49.8,46.7,18.9,147.8,,,186.5,85.5,119.3,120.2,151.1,,,65.6,78.7,24.6,68.2,188.2,,,461.9,93.5,394.0,185.7,391.5,,,,,,,,,,,,,,,,,267.5,41.1,83.3,215.6,377.1,,,412.4,266.3,453.4,247.6,729.7,,,13.7,82.7,32.7,50.1,167.7,,,98.7,419.4,104.1,337.8,318.6,,,212.2,243.7,105.8,249.6,520.3,,,592.9,1063.2,712.8,747.4,1111.0,,,,,,,,,,,,,,,,,1468.2,2624.0,1027.7,2126.4,1989.2,,,656.0,1163.5,322.0,191.8,833.3,,,1504.0,1340.5,1131.4,1666.6,1209.1,,,581.7,420.9,1111.0,598.6,811.3,,,1081.8,233.5,1245.7,555.5,978.8,,,1019.2,1370.3,1450.9,1072.4,1504.0,,,,,,,,,,,,,,,,,,,,,,,,,,,,,,,,,,,,,,,,,,,,,,,,,,,,,,,,,,,,,,,,,,,,,,,,,,,,,,,,,,,,,,,,,,,,,,,,,,,,,,,,,,,,,,,,,,,,,,,,,,,,,,,,
20260907_西武園_3R,20260907,26,西武園,3,29.6,5.8,14.8,318.8,34.3,,,77.1,98.7,65.4,949.3,212.8,,,7.7,52.5,41.2,410.5,31.3,,,16.4,17.7,23.3,474.6,101.6,,,1265.8,2169.9,1576.2,2610.7,2386.9,,,144.7,304.3,113.7,364.8,913.0,,,,,,,,,,,,,,,,,62.2,18.6,38.3,494.3,71.2,,,230.7,397.8,528.7,2353.3,874.7,,,24.8,115.3,116.7,383.2,22.7,,,175.5,417.7,325.0,2198.4,702.0,,,1722.5,5967.3,2288.8,6426.3,3713.0,,,304.3,609.8,144.2,971.4,943.9,,,,,,,,,,,,,,,,,345.9,454.0,241.1,2694.9,788.1,,,465.4,609.8,908.0,3885.7,1392.3,,,673.7,652.6,1295.2,3632.2,739.3,,,392.2,856.8,954.7,4284.2,1722.5,,,6426.3,7594.8,6961.9,5761.5,6188.3,,,1704.9,1856.5,1415.9,1942.8,3978.2,,,,,,,,,,,,,,,,,33.3,107.1,113.3,630.5,75.5,,,29.1,88.9,139.1,324.4,22.9,,,345.2,317.0,684.7,1796.6,438.5,,,313.4,395.0,592.5,2739.1,702.0,,,2831.9,1836.1,4641.2,5389.8,1704.9,,,130.4,52.8,192.2,344.5,399.7,,,,,,,,,,,,,,,,,174.9,113.3,150.2,1380.8,523.7,,,408.5,762.9,673.7,4396.9,1532.8,,,347.3,988.6,988.6,4075.2,2037.6,,,344.5,756.0,1152.3,4641.2,1193.4,,,7594.8,9828.5,9282.5,8354.2,6426.3,,,1856.5,2652.1,3480.9,1942.8,4284.2,,,,,,,,,,,,,,,,,8793.9,8354.2,6683.4,9999.9,9999.9,,,9999.9,3885.7,4177.1,4914.2,6426.3,,,9282.5,9282.5,9999.9,5389.8,9828.5,,,6961.9,4284.2,6188.3,8793.9,4396.9,,,9999.9,6426.3,9999.9,9828.5,6961.9,,,9999.9,5063.2,9999.9,4075.2,7594.8,,,,,,,,,,,,,,,,,717.1,1358.4,542.4,1920.5,5063.2,,,756.0,1326.0,325.0,2088.5,2037.6,,,1740.4,2227.8,1561.5,2457.1,4641.2,,,443.1,229.8,745.9,1295.2,1176.6,,,2694.9,3341.7,3885.7,2457.1,5389.8,,,6961.9,3480.9,5761.5,2531.6,6426.3,,,,,,,,,,,,,,,,,,,,,,,,,,,,,,,,,,,,,,,,,,,,,,,,,,,,,,,,,,,,,,,,,,,,,,,,,,,,,,,,,,,,,,,,,,,,,,,,,,,,,,,,,,,,,,,,,,,,,,,,,,,,,,,,
20260907_西武園_4R,20260907,26,西武園,4,383.2,335.3,719.3,338.8,628.0,,,319.7,78.0,283.1,240.6,164.3,,,39.8,16.7,12.3,21.2,1.4,,,983.6,506.0,124.7,628.0,239.7,,,154.3,237.1,126.0,348.6,312.4,,,393.4,163.9,27.9,123.6,311.4,,,,,,,,,,,,,,,,,5073.6,2241.8,4284.4,3855.9,4590.4,,,7415.3,6648.2,9639.9,4483.6,9180.8,,,2073.0,4819.9,5508.5,2715.4,3707.6,,,6219.2,9999.9,9999.9,9180.8,7140.6,,,2677.7,3109.6,2641.0,4819.9,5073.6,,,7711.9,9639.9,6426.6,8382.5,9180.8,,,,,,,,,,,,,,,,,1967.3,306.5,1367.3,1204.9,799.9,,,4191.2,4381.7,5842.3,3060.2,4284.4,,,378.0,3213.3,2471.7,2570.6,706.2,,,2794.1,6219.2,4381.7,8033.2,4191.2,,,1908.8,2570.6,2794.1,5073.6,4590.4,,,1647.8,3707.6,1853.8,4102.0,6885.6,,,,,,,,,,,,,,,,,128.4,56.6,42.5,113.2,7.6,,,1004.1,2409.9,3637.6,1987.6,1987.6,,,320.2,2008.3,1662.0,1580.3,653.5,,,411.9,2794.1,1567.4,1836.1,587.7,,,450.4,733.0,1494.5,1338.8,1095.4,,,67.6,945.0,436.1,266.2,747.2,,,,,,,,,,,,,,,,,4590.4,6024.9,954.4,3855.9,1417.6,,,6024.9,9999.9,7711.9,9999.9,8382.5,,,9180.8,9999.9,5670.5,9180.8,6426.6,,,1071.1,8033.2,5508.5,6219.2,1449.6,,,7711.9,9180.8,9999.9,6648.2,4943.5,,,1633.8,6885.6,5508.5,1407.2,4284.4,,,,,,,,,,,,,,,,,1147.6,1836.1,584.2,1580.3,1853.8,,,1417.6,1243.8,1736.9,3855.9,2877.5,,,2536.8,3707.6,3570.3,6648.2,4483.6,,,676.4,1647.8,2073.0,1871.8,2351.1,,,3780.3,6648.2,7140.6,4284.4,3934.6,,,3855.9,5210.7,5842.3,3637.6,4483.6,,,,,,,,,,,,,,,,,3060.2,1494.5,200.4,1014.7,2241.8,,,5073.6,6426.6,4943.5,7140.6,6219.2,,,2216.0,7711.9,2503.8,5210.7,5355.5,,,206.4,3324.1,1721.4,940.4,2471.7,,,1407.2,8763.5,4943.5,1348.2,3855.9,,,4102.0,8382.5,8382.5,4590.4,4819.9,,,,,,,,,,,,,,,,,,,,,,,,,,,,,,,,,,,,,,,,,,,,,,,,,,,,,,,,,,,,,,,,,,,,,,,,,,,,,,,,,,,,,,,,,,,,,,,,,,,,,,,,,,,,,,,,,,,,,,,,,,,,,,,,
20260907_西武園_5R,20260907,26,西武園,5,1658.4,437.8,733.8,3008.9,2314.5,,,3008.9,1583.6,2449.1,3974.1,3761.2,,,273.1,638.2,198.5,702.0,377.4,,,697.4,1607.8,303.9,2340.3,1002.9,,,4212.5,5692.6,1847.6,3695.2,5850.7,,,1897.5,3829.6,648.0,1376.6,4298.5,,,,,,,,,,,,,,,,,2085.4,388.6,632.5,2885.3,1632.7,,,3569.9,1333.0,2044.9,5692.6,4680.6,,,116.0,241.2,49.5,228.4,180.3,,,380.1,672.9,97.2,863.2,488.6,,,4680.6,7020.9,1367.7,2340.3,5137.2,,,1968.4,3569.9,551.3,835.8,3397.2,,,,,,,,,,,,,,,,,5400.7,4129.9,4680.6,9157.7,9157.7,,,5542.8,4898.3,5014.9,8776.1,8101.0,,,3097.4,3052.5,1863.9,9574.0,5850.7,,,5265.7,6794.4,3397.2,9999.9,8776.1,,,9999.9,9999.9,9999.9,9999.9,9999.9,,,9999.9,9999.9,9157.7,9999.9,9999.9,,,,,,,,,,,,,,,,,37.0,172.5,27.5,189.2,96.8,,,20.3,66.6,6.7,58.0,25.7,,,265.2,192.5,114.6,503.8,322.5,,,9.8,3.8,38.1,45.5,12.0,,,305.2,185.4,580.2,114.8,314.3,,,110.9,59.4,203.5,36.0,192.8,,,,,,,,,,,,,,,,,250.4,567.7,91.9,713.9,338.0,,,206.9,395.9,40.3,385.0,215.3,,,683.8,619.4,253.7,2064.9,829.2,,,38.3,16.7,56.5,68.1,34.9,,,863.2,746.9,2217.1,296.2,1017.5,,,319.1,232.7,744.2,90.4,752.2,,,,,,,,,,,,,,,,,8425.1,9999.9,6382.6,9999.9,9999.9,,,8101.0,4212.5,3900.5,6194.9,6382.6,,,9574.0,9999.9,9999.9,9999.9,9999.9,,,3569.9,2846.3,3510.4,2366.6,5014.9,,,7522.4,7020.9,9999.9,2966.5,5400.7,,,9999.9,7020.9,9999.9,6582.1,6017.9,,,,,,,,,,,,,,,,,3695.2,7020.9,1246.3,2600.3,6582.1,,,3510.4,6582.1,1231.7,2005.9,7020.9,,,9999.9,9999.9,6794.4,8776.1,9999.9,,,881.2,603.5,1769.9,439.7,1560.2,,,1712.4,1284.3,3397.2,470.1,2666.1,,,9999.9,9999.9,9999.9,5014.9,6017.9,,,,,,,,,,,,,,,,,,,,,,,,,,,,,,,,,,,,,,,,,,,,,,,,,,,,,,,,,,,,,,,,,,,,,,,,,,,,,,,,,,,,,,,,,,,,,,,,,,,,,,,,,,,,,,,,,,,,,,,,,,,,,,,,
20260907_西武園_6R,20260907,26,西武園,6,7988.0,9999.9,1725.4,9999.9,8295.3,,,9999.9,4147.6,1609.5,8295.3,2178.5,,,9999.9,5829.1,1843.4,8986.5,3423.4,,,1925.6,1725.4,1943.0,1711.7,1827.7,,,9999.9,7988.0,5675.7,1960.7,4901.7,,,5991.0,2344.3,3423.4,1585.8,6739.9,,,,,,,,,,,,,,,,,9803.5,9999.9,1908.6,9999.9,6162.2,,,9999.9,4401.5,5675.7,5260.4,2114.4,,,9803.5,4792.8,8627.1,8295.3,3219.0,,,1812.4,6535.7,9999.9,8986.5,8627.1,,,9999.9,6162.2,8295.3,9999.9,6535.7,,,6739.9,1960.7,2537.3,5530.2,6162.2,,,,,,,,,,,,,,,,,2093.9,465.8,496.9,1017.3,144.0,,,1457.2,835.9,1198.2,1117.5,264.3,,,147.5,153.7,67.9,66.9,8.7,,,383.0,589.2,134.8,331.8,43.3,,,607.5,820.0,148.6,317.1,50.9,,,25.1,60.0,4.0,17.5,16.3,,,,,,,,,,,,,,,,,8295.3,3851.3,1621.6,3994.0,2875.7,,,5391.9,3594.6,5391.9,5829.1,2765.1,,,707.1,937.7,359.4,388.6,83.1,,,1391.4,4313.5,1365.0,2954.4,1315.1,,,3318.1,3783.8,816.9,2765.1,781.4,,,626.9,704.8,77.5,368.0,334.3,,,,,,,,,,,,,,,,,1739.3,1646.3,1609.5,1812.4,1684.9,,,1698.2,5015.7,8295.3,9999.9,4228.9,,,1261.2,3318.1,1997.0,3783.8,792.9,,,1659.0,8986.5,3081.1,9803.5,4069.4,,,1827.7,9999.9,4401.5,7437.1,3851.3,,,1508.2,3994.0,880.3,2423.3,3594.6,,,,,,,,,,,,,,,,,9999.9,6535.7,6343.4,1827.7,7437.1,,,8986.5,2837.8,3423.4,9999.9,2837.8,,,2801.0,3423.4,1036.9,2995.5,540.5,,,5135.1,7702.7,1057.2,8295.3,1185.0,,,1711.7,8627.1,4228.9,7189.2,4228.9,,,3171.7,1739.3,498.1,826.3,2662.6,,,,,,,,,,,,,,,,,1671.9,146.5,605.8,792.9,975.9,,,1291.4,248.1,638.1,1178.5,880.3,,,32.3,66.7,4.3,23.1,19.4,,,135.1,187.5,11.6,84.6,69.5,,,547.4,835.9,66.8,256.7,476.1,,,529.9,540.5,53.3,158.7,381.7,,,,,,,,,,,,,,,,,,,,,,,,,,,,,,,,,,,,,,,,,,,,,,,,,,,,,,,,,,,,,,,,,,,,,,,,,,,,,,,,,,,,,,,,,,,,,,,,,,,,,,,,,,,,,,,,,,,,,,,,,,,,,,,,
20260907_西武園_7R,20260907,26,西武園,7,167.8,71.7,284.4,484.7,45.2,,,241.5,90.6,291.6,406.2,131.9,,,51.0,46.2,148.1,247.6,28.7,,,706.0,845.5,602.6,1864.5,438.9,,,894.0,589.6,563.7,1569.4,653.1,,,29.8,73.1,41.9,89.7,242.1,,,,,,,,,,,,,,,,,249.6,60.0,281.8,584.8,66.6,,,407.7,466.1,1101.7,779.1,268.3,,,55.0,387.4,623.2,653.1,167.2,,,865.6,1246.5,1363.4,3116.4,345.7,,,1096.2,940.3,1298.5,3635.9,879.6,,,32.8,89.7,77.6,47.6,232.3,,,,,,,,,,,,,,,,,410.0,180.8,548.1,476.3,229.1,,,563.7,663.0,1154.2,940.3,384.0,,,174.9,634.1,779.1,1000.7,397.3,,,1064.1,1338.3,1101.7,2001.4,1154.2,,,359.9,528.2,371.6,858.8,490.2,,,214.2,254.5,251.3,271.6,566.6,,,,,,,,,,,,,,,,,47.4,49.0,163.5,417.9,48.2,,,58.2,370.3,706.0,865.6,196.5,,,155.0,538.6,773.5,1085.3,336.6,,,869.1,2097.6,1547.1,4958.0,1592.3,,,973.9,1514.9,1580.8,3827.2,1745.2,,,91.0,150.5,223.7,211.8,862.2,,,,,,,,,,,,,,,,,2371.2,2597.0,2249.0,4544.8,1090.7,,,2019.9,2566.5,2988.4,5740.8,521.8,,,3761.2,3635.9,5073.3,5320.8,2226.0,,,2507.5,3576.2,5194.1,8079.7,2908.7,,,7522.5,7522.5,5740.8,8390.5,3356.2,,,784.7,359.9,1338.3,1435.2,2249.0,,,,,,,,,,,,,,,,,2507.5,1444.7,1665.2,4116.1,1717.7,,,2138.7,1290.8,2159.9,4277.5,1474.0,,,575.6,760.1,625.0,1398.4,669.1,,,2159.9,2796.8,2001.4,6817.3,3116.4,,,7271.8,8079.7,4641.5,7791.2,4641.5,,,1652.6,1232.5,1389.5,2988.4,1640.2,,,,,,,,,,,,,,,,,17.3,54.8,38.6,47.1,260.0,,,9.1,23.6,23.5,9.8,112.9,,,60.7,56.8,70.7,60.9,319.4,,,38.1,54.1,83.7,70.6,653.1,,,73.8,36.4,61.1,95.1,374.1,,,559.3,362.3,478.4,1048.8,464.1,,,,,,,,,,,,,,,,,,,,,,,,,,,,,,,,,,,,,,,,,,,,,,,,,,,,,,,,,,,,,,,,,,,,,,,,,,,,,,,,,,,,,,,,,,,,,,,,,,,,,,,,,,,,,,,,,,,,,,,,,,,,,,,,
20260907_西武園_8R,20260907,26,西武園,8,19.1,115.0,31.4,131.8,29.0,,,78.1,559.3,364.2,409.4,185.7,,,172.5,474.5,533.1,383.7,77.9,,,45.1,173.7,336.7,273.5,95.9,,,140.5,348.5,346.5,441.1,174.7,,,15.2,53.1,12.6,43.3,69.9,,,,,,,,,,,,,,,,,35.8,276.8,56.7,272.3,51.3,,,42.7,196.6,30.3,104.7,72.9,,,699.9,501.1,1216.3,1423.7,810.9,,,57.8,23.5,356.9,201.1,82.6,,,488.4,216.7,808.3,426.8,471.0,,,117.0,126.4,317.1,206.9,428.3,,,,,,,,,,,,,,,,,481.8,2847.4,1339.9,2217.4,960.0,,,290.3,1144.1,206.0,523.1,458.9,,,3579.6,2409.3,4176.2,3915.2,3171.8,,,1509.4,463.1,3855.0,1856.1,2913.6,,,2505.7,1193.2,3386.1,1869.9,2456.6,,,1070.8,1176.4,2753.5,2694.3,2665.6,,,,,,,,,,,,,,,,,553.1,1298.3,1339.9,838.0,98.8,,,931.5,917.8,2217.4,1815.7,805.7,,,2880.1,2070.8,5966.0,3684.9,1957.6,,,2004.6,2637.6,4818.7,3480.2,2432.7,,,1154.7,1575.9,2409.3,3341.0,971.2,,,81.8,394.6,849.4,1291.6,525.3,,,,,,,,,,,,,,,,,110.5,374.5,520.9,499.1,154.0,,,86.1,48.5,412.8,313.6,123.8,,,766.2,341.8,2178.9,1407.7,1234.3,,,1252.8,1575.9,2847.4,2665.6,1546.7,,,798.0,754.7,1311.9,1973.0,907.8,,,221.1,286.6,724.2,618.7,864.0,,,,,,,,,,,,,,,,,113.3,307.4,159.8,332.3,69.1,,,128.6,78.0,138.5,240.7,100.7,,,771.0,281.8,798.0,1123.6,647.4,,,453.1,507.2,675.4,1448.4,264.5,,,644.1,370.6,1052.8,1234.3,771.0,,,66.8,77.4,240.2,84.9,399.6,,,,,,,,,,,,,,,,,21.3,125.7,10.3,78.2,76.1,,,74.9,188.9,182.9,272.0,368.4,,,459.7,523.1,843.6,1842.4,1728.1,,,35.7,142.9,447.4,517.7,199.0,,,219.4,313.2,1031.1,581.3,1002.3,,,201.7,383.7,1014.4,306.7,870.0,,,,,,,,,,,,,,,,,,,,,,,,,,,,,,,,,,,,,,,,,,,,,,,,,,,,,,,,,,,,,,,,,,,,,,,,,,,,,,,,,,,,,,,,,,,,,,,,,,,,,,,,,,,,,,,,,,,,,,,,,,,,,,,,
20260907_西武園_9R,20260907,26,西武園,9,349.8,227.3,276.5,1071.9,856.3,,,279.5,77.6,266.4,704.0,456.9,,,98.7,46.2,65.6,416.8,246.8,,,296.4,335.0,224.3,1326.2,618.5,,,2715.7,1469.8,1314.0,2970.3,5002.6,,,2008.1,1345.0,1122.6,1469.8,4386.9,,,,,,,,,,,,,,,,,192.2,151.0,156.7,1163.8,550.4,,,100.4,91.0,67.0,446.9,220.0,,,88.7,118.5,68.3,544.1,258.7,,,57.1,42.4,36.3,289.7,31.3,,,1541.3,682.1,1076.0,891.0,2008.1,,,648.0,611.9,514.7,197.4,1888.4,,,,,,,,,,,,,,,,,72.2,21.7,82.0,240.4,141.5,,,45.9,40.0,35.0,245.1,127.9,,,14.1,45.2,49.6,201.5,141.1,,,93.0,67.9,73.7,409.1,129.1,,,230.8,281.4,218.0,330.8,711.1,,,407.3,423.7,453.3,382.2,1390.9,,,,,,,,,,,,,,,,,31.3,15.1,14.5,218.1,117.9,,,66.4,93.6,52.4,488.2,275.2,,,23.1,80.0,46.2,296.7,197.8,,,38.1,42.8,48.1,504.6,88.7,,,848.6,1067.9,781.2,1154.4,2851.5,,,500.2,623.9,630.8,373.7,2281.2,,,,,,,,,,,,,,,,,152.8,262.0,188.5,1267.3,379.6,,,70.7,59.5,51.1,303.9,41.1,,,228.6,114.8,168.6,682.1,261.1,,,107.9,70.8,101.4,805.5,124.7,,,2640.2,944.2,1485.1,1913.7,1432.9,,,361.4,129.7,300.1,291.2,966.6,,,,,,,,,,,,,,,,,3802.0,1793.4,1913.7,4132.6,5940.6,,,2939.7,1261.7,2337.3,2036.7,3960.4,,,1056.1,1092.5,861.4,1218.5,1827.8,,,1677.3,2318.3,1223.8,2616.0,5703.0,,,3315.7,2008.1,1953.0,3001.5,2640.2,,,4455.4,3906.1,3315.7,5591.2,2501.3,,,,,,,,,,,,,,,,,3277.6,3033.5,1966.5,1966.5,6480.7,,,1804.7,1345.0,1390.9,426.8,3655.7,,,3001.5,2768.4,2356.6,1717.7,4455.4,,,2008.1,2245.2,2416.5,1425.7,5002.6,,,1118.2,385.8,877.3,916.8,2299.6,,,7311.5,5184.5,4526.2,6336.7,2851.5,,,,,,,,,,,,,,,,,,,,,,,,,,,,,,,,,,,,,,,,,,,,,,,,,,,,,,,,,,,,,,,,,,,,,,,,,,,,,,,,,,,,,,,,,,,,,,,,,,,,,,,,,,,,,,,,,,,,,,,,,,,,,,,,
20260907_西武園_10R,20260907,26,西武園,10,97.1,151.5,50.3,304.4,119.2,,,183.9,145.4,90.5,568.7,428.8,,,248.9,138.2,167.7,625.2,706.0,,,14.1,17.4,21.3,9.2,40.7,,,664.1,669.5,729.1,130.9,850.2,,,307.1,716.3,923.7,250.7,1300.1,,,,,,,,,,,,,,,,,224.1,397.6,66.4,448.3,183.2,,,487.5,832.9,426.5,2082.3,740.1,,,859.1,1045.6,1192.8,2824.3,920.2,,,59.9,267.3,605.2,286.3,178.4,,,1045.6,2792.2,3191.1,847.3,1412.1,,,175.5,359.7,418.6,144.2,690.2,,,,,,,,,,,,,,,,,586.4,407.4,188.1,1555.1,1041.1,,,671.3,1096.9,440.3,2824.3,1050.0,,,564.8,694.1,410.2,1627.2,1096.9,,,257.8,589.2,816.3,1011.1,1335.4,,,3150.2,5584.5,4550.3,2586.5,6641.0,,,2385.6,2233.8,2014.0,1683.0,5714.4,,,,,,,,,,,,,,,,,1142.8,712.2,593.5,2457.1,1997.7,,,1480.2,1706.3,2275.1,5119.1,2670.8,,,644.9,956.1,528.4,1875.7,1350.1,,,614.2,2082.3,1127.1,1627.2,2890.8,,,6300.5,7446.0,5341.7,5341.7,8190.6,,,2996.5,3561.1,2559.5,2824.3,6641.0,,,,,,,,,,,,,,,,,7.7,9.9,13.4,4.0,26.5,,,42.9,160.9,385.7,200.5,183.3,,,90.7,287.3,359.7,415.0,662.3,,,137.3,819.0,453.3,597.8,1365.1,,,43.1,246.4,299.6,460.1,337.9,,,237.6,473.4,785.0,1127.1,726.9,,,,,,,,,,,,,,,,,1545.4,2482.0,3561.1,303.3,2409.0,,,1730.4,2233.8,5993.1,1181.3,2457.1,,,3900.3,4914.3,4164.7,3561.1,8190.6,,,5584.5,7926.4,2533.1,3963.2,8775.6,,,224.1,956.1,1706.3,2254.3,1328.2,,,5993.1,4164.7,7446.0,7926.4,2136.6,,,,,,,,,,,,,,,,,700.0,2064.8,1965.7,708.1,3191.1,,,416.4,574.1,612.7,350.0,1253.6,,,2385.6,1606.0,3071.4,1934.7,5714.4,,,2760.8,1396.1,2118.2,1919.6,6466.3,,,638.2,667.7,1694.6,2155.4,1396.1,,,4914.3,3723.0,5714.4,6466.3,2507.3,,,,,,,,,,,,,,,,,,,,,,,,,,,,,,,,,,,,,,,,,,,,,,,,,,,,,,,,,,,,,,,,,,,,,,,,,,,,,,,,,,,,,,,,,,,,,,,,,,,,,,,,,,,,,,,,,,,,,,,,,,,,,,,,
20260907_西武園_11R,20260907,26,西武園,11,873.5,1254.6,339.5,2558.6,371.7,,,2425.0,4391.2,1747.0,4451.3,2461.7,,,1911.4,2272.3,1624.7,2558.6,595.1,,,198.3,771.8,659.1,1160.5,152.4,,,5077.3,6017.5,4275.6,4451.3,2981.1,,,184.7,427.0,106.8,154.4,839.6,,,,,,,,,,,,,,,,,726.9,1418.9,246.5,2599.6,366.7,,,717.3,800.3,76.1,707.9,265.4,,,1969.3,1444.2,674.1,2825.6,990.7,,,59.5,9.1,102.7,151.6,15.2,,,4011.7,2272.3,4011.7,970.0,2558.6,,,291.9,322.3,458.3,123.4,1025.0,,,,,,,,,,,,,,,,,3456.9,7385.2,3094.7,7556.9,3868.4,,,2663.5,2518.9,349.4,2461.7,950.1,,,6769.7,4011.7,3610.5,6913.8,4332.6,,,2825.6,409.2,2499.6,2641.8,1112.8,,,8551.3,6017.5,8782.4,5415.8,6913.8,,,4011.7,1284.3,3350.0,1310.2,5415.8,,,,,,,,,,,,,,,,,3124.5,3868.4,2620.5,3154.8,912.7,,,4275.6,3494.0,2069.7,4332.6,2083.0,,,6371.5,4332.6,4166.0,4576.7,3915.0,,,2180.8,1497.4,2901.3,3094.7,1348.3,,,6249.0,7221.1,7925.6,5077.3,4642.1,,,764.5,1279.3,1889.2,1284.3,2123.8,,,,,,,,,,,,,,,,,55.5,190.4,158.8,431.5,23.0,,,16.1,3.7,42.3,94.7,4.5,,,338.1,69.6,503.0,591.8,184.7,,,313.0,246.9,467.5,768.2,137.9,,,887.8,555.4,1294.6,1348.3,647.3,,,18.7,19.7,41.8,22.0,173.1,,,,,,,,,,,,,,,,,6017.5,7736.9,5602.5,4923.4,5241.1,,,7221.1,3008.7,7064.1,2518.9,5077.3,,,7064.1,4709.4,5602.5,5157.9,7736.9,,,6913.8,6249.0,5077.3,5241.1,4220.1,,,4642.1,2256.5,4778.6,4709.4,2685.5,,,3384.8,4923.4,6913.8,3350.0,2777.3,,,,,,,,,,,,,,,,,152.1,523.2,86.9,104.3,692.8,,,257.8,388.6,380.5,175.4,1305.0,,,1532.7,846.2,1394.6,967.1,3532.0,,,216.4,346.4,728.5,391.9,915.3,,,128.6,96.6,329.8,208.7,743.5,,,2753.8,3217.3,5241.1,2641.8,2166.3,,,,,,,,,,,,,,,,,,,,,,,,,,,,,,,,,,,,,,,,,,,,,,,,,,,,,,,,,,,,,,,,,,,,,,,,,,,,,,,,,,,,,,,,,,,,,,,,,,,,,,,,,,,,,,,,,,,,,,,,,,,,,,,,
20260907_伊東_1R,20260907,37,伊東,1,783.3,2257.9,1048.0,1279.5,1408.6,,,732.9,1734.9,1096.7,2147.4,587.1,,,3302.0,2924.6,4265.0,4149.8,1981.2,,,1176.5,1543.1,3337.8,1955.9,1981.2,,,1764.8,2418.0,4094.4,2517.1,3337.8,,,1112.6,762.0,1383.2,1706.0,2580.5,,,,,,,,,,,,,,,,,697.9,1010.1,410.5,487.4,572.9,,,271.7,338.5,62.5,196.0,91.3,,,1764.8,724.2,927.7,1154.4,674.9,,,85.9,44.4,236.9,35.4,48.7,,,163.7,275.1,587.1,87.3,215.1,,,365.5,95.3,246.6,101.0,229.1,,,,,,,,,,,,,,,,,449.6,924.9,463.1,977.9,333.4,,,162.6,151.3,29.2,132.4,42.4,,,490.5,320.2,441.2,968.7,106.4,,,167.3,19.5,134.1,199.2,45.6,,,857.7,538.7,1253.4,686.9,699.5,,,61.1,12.3,7.8,19.7,118.6,,,,,,,,,,,,,,,,,3374.5,2496.6,3337.8,4149.8,2326.4,,,2399.1,990.6,2476.5,2624.6,1133.1,,,1715.5,981.1,1248.3,3655.7,293.3,,,2981.4,2476.5,1696.6,4953.0,2060.9,,,4450.5,3412.0,4094.4,5483.6,4450.5,,,1243.2,725.9,223.9,1238.2,2693.7,,,,,,,,,,,,,,,,,845.9,1158.8,2437.1,1591.1,1497.9,,,202.8,52.8,310.5,46.6,67.6,,,302.5,46.3,411.0,260.2,85.8,,,2020.3,1096.7,1248.3,1795.8,1190.2,,,1128.9,318.5,895.2,2308.9,812.3,,,608.0,137.1,96.3,296.4,486.6,,,,,,,,,,,,,,,,,1520.2,3070.8,4206.6,2089.0,3266.8,,,389.7,913.9,1651.0,240.6,900.5,,,1981.2,1395.8,2670.3,1919.2,1566.7,,,5118.1,3988.1,3489.6,5387.4,3198.8,,,478.3,287.2,1543.1,2981.4,1185.6,,,3412.0,1696.6,2089.0,3489.6,1872.4,,,,,,,,,,,,,,,,,867.4,385.7,715.8,1306.7,1558.8,,,325.6,53.0,116.5,109.1,322.5,,,54.5,13.4,6.5,20.7,104.2,,,305.5,148.4,35.7,226.4,669.0,,,485.8,105.2,68.8,180.8,487.4,,,2241.5,1194.8,666.1,1389.5,1055.2,,,,,,,,,,,,,,,,,,,,,,,,,,,,,,,,,,,,,,,,,,,,,,,,,,,,,,,,,,,,,,,,,,,,,,,,,,,,,,,,,,,,,,,,,,,,,,,,,,,,,,,,,,,,,,,,,,,,,,,,,,,,,,,,
20260907_伊東_2R,20260907,37,伊東,2,106.5,89.8,534.2,589.9,392.9,,,36.4,22.8,202.1,144.9,17.1,,,59.0,46.6,640.4,572.4,173.5,,,1667.9,895.1,1188.9,1948.3,1769.8,,,1288.0,564.1,1109.3,2547.8,1182.9,,,528.1,173.2,465.5,1556.0,571.0,,,,,,,,,,,,,,,,,139.3,101.6,484.0,1207.5,579.6,,,109.1,93.6,322.9,673.9,245.0,,,41.0,33.6,35.3,213.4,135.9,,,553.3,413.2,141.2,912.7,1053.8,,,2051.7,1380.0,772.8,1854.8,2727.6,,,1142.1,750.3,666.2,1486.2,2250.9,,,,,,,,,,,,,,,,,12.4,13.2,102.6,58.5,4.6,,,43.0,71.9,239.0,266.8,79.8,,,24.3,38.3,253.9,238.7,60.4,,,458.2,717.8,878.2,1667.9,566.8,,,250.3,611.7,636.9,1340.1,390.3,,,20.7,66.5,96.5,264.3,118.5,,,,,,,,,,,,,,,,,74.3,56.8,428.5,585.4,200.9,,,37.4,23.8,42.2,203.0,120.4,,,34.0,40.0,231.8,326.0,87.9,,,920.0,383.8,724.5,1743.2,1769.8,,,1120.0,706.8,868.3,1932.0,1730.2,,,603.7,600.6,411.0,1811.3,1577.2,,,,,,,,,,,,,,,,,2972.4,2070.0,2295.5,3997.4,3409.5,,,2033.7,1413.7,653.1,3220.1,2760.1,,,2033.7,2827.4,3360.1,5269.3,2862.3,,,2793.3,843.0,2576.1,3409.5,5944.8,,,5269.3,5391.8,5944.8,4731.6,5269.3,,,5152.2,4458.6,3220.1,6101.3,5269.3,,,,,,,,,,,,,,,,,2934.8,825.0,2415.1,4293.5,3176.0,,,4067.5,2466.4,1783.4,4546.0,4637.0,,,796.7,2146.7,1440.0,4546.0,1840.0,,,3011.0,1422.3,1869.7,4293.5,4637.0,,,5391.8,6624.3,6101.3,4215.4,4932.9,,,5520.2,5520.2,3409.5,5944.8,5654.8,,,,,,,,,,,,,,,,,1566.5,318.0,1449.0,3312.1,1535.4,,,2088.7,1165.0,2016.0,3312.1,3220.1,,,228.1,715.5,651.2,1449.0,1073.3,,,1916.1,2051.7,1063.5,5152.2,2934.8,,,5391.8,4731.6,2318.5,5944.8,4731.6,,,3739.5,3997.4,2208.1,4458.6,4458.6,,,,,,,,,,,,,,,,,,,,,,,,,,,,,,,,,,,,,,,,,,,,,,,,,,,,,,,,,,,,,,,,,,,,,,,,,,,,,,,,,,,,,,,,,,,,,,,,,,,,,,,,,,,,,,,,,,,,,,,,,,,,,,,,
20260907_伊東_3R,20260907,37,伊東,3,657.4,845.3,441.2,1876.2,1171.4,,,275.0,220.2,70.9,608.9,141.4,,,498.4,225.8,46.3,353.9,246.0,,,64.8,13.7,7.0,70.1,23.1,,,1761.6,1189.5,824.2,348.6,1254.2,,,452.5,141.9,216.4,74.8,665.0,,,,,,,,,,,,,,,,,1189.5,2508.4,1078.4,3393.8,1817.1,,,680.7,1955.7,941.9,1221.0,353.4,,,4196.0,3978.9,3722.2,4354.3,4273.7,,,1007.7,1183.4,3496.6,3161.3,1390.2,,,4121.0,1972.4,3250.4,4615.6,3550.4,,,1398.6,459.7,2849.1,1488.9,1580.6,,,,,,,,,,,,,,,,,164.4,352.3,103.2,568.4,93.9,,,139.6,693.0,188.2,421.1,73.9,,,1078.4,1508.3,1208.2,3496.6,1177.4,,,98.0,162.1,546.8,710.0,103.1,,,1460.6,1424.5,3077.0,2098.0,1034.8,,,47.1,34.2,334.4,71.8,278.3,,,,,,,,,,,,,,,,,1846.2,994.7,242.9,1479.3,1214.6,,,3393.8,3393.8,5628.7,5245.0,4615.6,,,1407.1,3663.1,1817.1,5494.7,2455.1,,,246.0,2747.3,1120.2,3077.0,2240.5,,,2354.9,5128.4,5769.5,5366.9,6410.5,,,1648.4,4709.8,3118.6,2429.2,4438.0,,,,,,,,,,,,,,,,,26.4,8.3,5.7,63.9,13.7,,,258.1,262.8,716.7,812.6,383.9,,,44.0,79.6,211.3,447.2,47.9,,,109.9,877.4,394.4,749.2,650.0,,,345.4,1518.2,965.6,1424.5,836.1,,,47.5,127.9,37.4,239.1,343.4,,,,,,,,,,,,,,,,,2997.1,1817.1,1846.2,754.1,2307.8,,,5494.7,3161.3,5366.9,5917.4,4525.1,,,2219.0,2747.3,4196.0,2921.2,1876.2,,,2958.7,6073.1,5494.7,5016.9,5494.7,,,815.4,4525.1,2958.7,3496.6,2024.3,,,2536.0,3161.3,1831.5,3444.4,2429.2,,,,,,,,,,,,,,,,,391.8,121.2,252.7,93.8,630.5,,,537.9,191.0,1660.2,568.4,857.9,,,56.3,39.4,333.9,70.2,244.4,,,1030.2,2455.1,1021.1,1303.8,2884.7,,,76.8,294.7,86.1,437.9,518.6,,,1580.6,1802.9,891.0,2593.0,1261.0,,,,,,,,,,,,,,,,,,,,,,,,,,,,,,,,,,,,,,,,,,,,,,,,,,,,,,,,,,,,,,,,,,,,,,,,,,,,,,,,,,,,,,,,,,,,,,,,,,,,,,,,,,,,,,,,,,,,,,,,,,,,,,,,
20260907_伊東_4R,20260907,37,伊東,4,529.6,271.8,640.5,445.0,772.2,,,417.3,88.5,431.8,308.7,121.0,,,77.3,52.5,98.6,26.1,96.0,,,401.1,572.4,185.4,364.0,885.3,,,275.7,284.6,58.1,407.0,395.3,,,662.7,207.9,247.1,908.0,621.2,,,,,,,,,,,,,,,,,772.2,576.4,655.7,774.6,888.4,,,588.8,393.4,321.9,991.5,233.8,,,559.5,477.6,530.8,603.1,575.1,,,231.6,195.1,249.3,310.2,257.4,,,1392.6,1578.8,843.1,1101.7,1599.2,,,812.7,295.8,610.5,642.1,1024.3,,,,,,,,,,,,,,,,,164.0,52.1,186.8,79.9,41.1,,,162.3,124.0,101.3,189.9,58.5,,,34.9,88.0,127.1,84.2,25.9,,,235.6,76.2,205.0,433.3,96.6,,,172.1,385.5,203.1,894.8,200.3,,,9.8,13.8,9.4,23.9,26.8,,,,,,,,,,,,,,,,,72.6,47.4,111.9,19.9,74.3,,,282.9,312.5,393.4,335.8,401.1,,,81.1,167.9,226.7,262.3,52.5,,,311.4,314.9,365.0,879.0,546.0,,,97.0,390.9,425.1,1020.1,640.5,,,225.1,388.5,111.8,615.1,642.1,,,,,,,,,,,,,,,,,272.4,603.1,305.6,354.6,875.9,,,106.0,84.3,117.4,142.8,143.2,,,381.9,159.3,433.3,935.4,289.9,,,379.0,288.2,528.5,843.1,863.7,,,888.4,772.2,1836.2,1589.0,2295.2,,,1045.9,572.4,483.2,882.1,1999.0,,,,,,,,,,,,,,,,,911.3,769.8,182.8,1652.5,1369.5,,,1686.3,2274.1,1277.7,2555.5,2882.4,,,1063.8,2816.8,1493.2,3645.3,1400.4,,,243.7,710.2,1059.3,2015.3,1003.5,,,2213.2,2582.1,3873.2,3060.3,3998.1,,,2478.8,3219.3,1936.6,2582.1,3873.2,,,,,,,,,,,,,,,,,804.8,206.4,411.0,1197.5,869.7,,,564.6,177.8,490.8,531.9,1203.3,,,49.4,56.9,42.1,96.9,154.3,,,400.4,464.2,126.6,748.9,964.5,,,1007.6,786.9,326.1,960.8,1999.0,,,1822.6,2478.8,857.7,1863.8,3219.3,,,,,,,,,,,,,,,,,,,,,,,,,,,,,,,,,,,,,,,,,,,,,,,,,,,,,,,,,,,,,,,,,,,,,,,,,,,,,,,,,,,,,,,,,,,,,,,,,,,,,,,,,,,,,,,,,,,,,,,,,,,,,,,,
20260907_伊東_5R,20260907,37,伊東,5,1319.8,1095.8,1372.9,2171.8,820.9,,,404.2,74.4,75.0,672.9,41.3,,,414.7,126.2,194.7,933.2,95.9,,,585.5,130.2,161.5,894.7,44.1,,,2844.0,2152.2,2365.3,2745.9,1397.0,,,158.6,26.7,37.2,14.5,300.1,,,,,,,,,,,,,,,,,2152.2,1990.8,3853.2,4343.6,1896.0,,,1896.0,751.2,3619.6,2253.7,2212.0,,,1782.8,643.9,3272.5,1312.6,1926.6,,,4424.0,5429.5,4777.9,5688.0,2949.3,,,5308.8,2059.4,1769.6,5826.8,5688.0,,,1911.1,2297.1,2041.8,3916.3,6636.1,,,,,,,,,,,,,,,,,156.9,34.2,46.9,349.7,16.3,,,411.8,177.2,1038.6,514.8,439.1,,,8.9,15.8,59.6,102.3,12.0,,,196.3,859.3,332.7,1372.9,280.3,,,1176.8,881.5,598.7,1881.1,1422.0,,,12.5,127.8,31.4,83.9,384.0,,,,,,,,,,,,,,,,,342.2,108.5,325.0,862.4,137.8,,,462.0,167.4,1561.4,488.5,571.5,,,34.9,31.7,190.6,190.3,40.2,,,637.0,1743.7,765.7,2654.4,933.2,,,2133.0,1264.0,807.0,3853.2,3364.7,,,141.5,390.9,111.5,563.4,1143.0,,,,,,,,,,,,,,,,,1823.6,625.3,730.5,2319.4,291.6,,,4191.2,4777.9,3272.5,6456.7,4049.1,,,768.1,3916.3,1405.2,4684.3,1106.0,,,1357.3,3732.8,1541.2,3732.8,2388.9,,,4777.9,7706.4,6456.7,6825.7,5429.5,,,336.9,2745.9,987.1,1493.1,3102.5,,,,,,,,,,,,,,,,,4875.5,3619.6,5688.0,4875.5,4977.0,,,5193.4,3272.5,2714.7,9954.1,7706.4,,,3853.2,3318.0,2212.0,7465.6,5972.4,,,4977.0,2878.3,2253.7,6456.7,6825.7,,,5308.8,8848.1,6636.1,7706.4,4977.0,,,3853.2,7239.3,4684.3,4777.9,3853.2,,,,,,,,,,,,,,,,,146.5,15.9,23.7,25.4,348.7,,,466.6,788.4,618.9,987.1,1896.0,,,23.0,268.1,49.5,126.2,612.5,,,68.6,254.4,74.1,243.5,829.5,,,138.8,798.9,323.2,404.9,1706.4,,,1551.2,4049.1,2514.7,3318.0,2878.3,,,,,,,,,,,,,,,,,,,,,,,,,,,,,,,,,,,,,,,,,,,,,,,,,,,,,,,,,,,,,,,,,,,,,,,,,,,,,,,,,,,,,,,,,,,,,,,,,,,,,,,,,,,,,,,,,,,,,,,,,,,,,,,,
20260907_伊東_6R,20260907,37,伊東,6,310.8,132.0,262.0,816.6,314.5,,,682.9,393.2,743.8,1745.3,1136.3,,,27.1,124.7,6.7,137.6,50.7,,,160.4,367.8,23.1,365.8,335.8,,,1341.8,1893.8,482.0,887.1,2054.1,,,274.4,737.6,160.5,419.2,1202.8,,,,,,,,,,,,,,,,,297.0,171.5,354.6,884.2,241.0,,,231.4,271.3,593.4,472.6,105.2,,,130.0,230.6,435.6,721.7,152.5,,,693.6,1136.3,845.0,2384.2,1098.9,,,1500.2,1031.0,1428.0,2567.6,679.4,,,106.2,54.2,101.1,344.1,267.8,,,,,,,,,,,,,,,,,1136.3,869.8,1412.8,3423.5,1780.2,,,855.8,731.6,1525.9,1156.0,375.5,,,867.0,943.5,1768.4,3179.0,1007.6,,,2086.2,2902.5,2188.8,5236.0,3217.3,,,3761.0,2263.0,3608.6,3513.6,3608.6,,,1483.5,452.6,978.1,2322.0,2934.4,,,,,,,,,,,,,,,,,11.1,47.6,4.0,80.0,19.7,,,44.9,54.5,120.1,266.2,48.3,,,210.2,160.1,500.0,1108.0,300.0,,,32.0,154.4,348.6,513.5,217.6,,,367.8,725.6,1161.0,911.3,861.4,,,39.4,20.5,94.9,133.6,361.8,,,,,,,,,,,,,,,,,416.5,682.9,70.1,725.6,785.4,,,752.2,1570.8,756.4,2119.3,1734.0,,,1383.6,2519.2,1816.5,3814.8,2840.8,,,84.5,579.2,842.3,960.5,911.3,,,1648.3,2670.3,3179.0,1525.9,2810.9,,,1055.4,1804.3,1854.4,1277.6,3658.0,,,,,,,,,,,,,,,,,1015.3,1383.6,451.8,592.0,1589.5,,,1213.8,964.0,1491.8,1816.5,1192.1,,,1628.2,1224.9,1570.8,1700.8,3000.4,,,518.5,978.1,1315.4,806.7,1561.6,,,1283.8,2322.0,2449.8,1181.5,2519.2,,,2322.0,1483.5,2472.5,1768.4,3000.4,,,,,,,,,,,,,,,,,217.9,540.5,148.6,412.0,1459.2,,,96.4,27.0,72.3,295.7,542.7,,,643.4,174.5,579.2,1208.3,1963.5,,,72.0,54.5,254.3,324.4,758.6,,,824.1,847.7,1491.8,752.2,3000.4,,,2342.4,1508.6,2643.9,1780.2,2724.8,,,,,,,,,,,,,,,,,,,,,,,,,,,,,,,,,,,,,,,,,,,,,,,,,,,,,,,,,,,,,,,,,,,,,,,,,,,,,,,,,,,,,,,,,,,,,,,,,,,,,,,,,,,,,,,,,,,,,,,,,,,,,,,,
20260907_伊東_7R,20260907,37,伊東,7,286.8,87.2,194.4,504.0,99.7,,,292.5,119.9,213.1,193.6,141.9,,,27.3,73.1,8.9,95.1,3.9,,,189.9,297.0,50.3,332.7,74.8,,,342.1,153.9,134.7,347.7,123.2,,,39.7,53.8,3.3,23.4,45.1,,,,,,,,,,,,,,,,,712.5,205.9,431.2,1084.6,267.9,,,1113.4,1732.8,1722.6,929.6,1501.7,,,482.4,1645.2,903.8,2019.6,903.8,,,1061.0,2185.4,1278.8,2958.0,1479.0,,,1764.1,1027.5,2361.6,3445.2,1841.8,,,348.6,450.5,677.8,473.0,520.1,,,,,,,,,,,,,,,,,944.6,488.0,750.8,493.8,568.6,,,1020.3,1582.9,1702.6,741.3,2062.3,,,848.8,2440.3,2305.8,1732.8,1743.1,,,1785.6,2153.2,2686.6,1774.8,3082.6,,,362.4,527.6,920.9,834.3,569.7,,,752.8,1673.4,1337.2,1853.4,1009.8,,,,,,,,,,,,,,,,,145.4,331.2,70.6,352.4,44.9,,,410.7,986.0,944.6,2287.8,861.3,,,1162.0,2342.7,2502.9,1939.3,1785.6,,,206.9,793.6,1355.7,1284.4,420.7,,,989.3,2928.4,2843.1,3082.6,1764.1,,,94.5,629.7,1126.3,280.7,1349.5,,,,,,,,,,,,,,,,,982.7,1796.6,280.5,1978.6,367.8,,,1195.2,3754.4,1501.7,4880.7,2342.7,,,2928.4,4437.0,4370.8,4723.3,4505.3,,,343.3,1414.7,3327.8,4505.3,851.3,,,4723.3,5856.9,5976.4,5525.4,5525.4,,,551.5,1926.6,3327.8,947.7,3445.2,,,,,,,,,,,,,,,,,1278.8,616.5,401.1,1301.5,473.8,,,1785.6,1435.5,2638.2,3706.9,3528.2,,,498.8,568.6,635.2,1045.8,876.7,,,1225.3,2789.0,2153.2,2711.5,1841.8,,,2843.1,3019.0,3327.8,3082.6,3571.3,,,602.5,2270.1,960.1,1290.0,2270.1,,,,,,,,,,,,,,,,,113.5,127.9,16.8,71.0,129.0,,,326.4,421.3,496.3,403.3,504.0,,,489.7,806.7,898.3,836.7,469.3,,,79.9,464.1,776.7,223.0,829.5,,,313.5,950.8,1195.2,480.8,1557.6,,,416.5,1148.4,340.1,530.5,915.1,,,,,,,,,,,,,,,,,,,,,,,,,,,,,,,,,,,,,,,,,,,,,,,,,,,,,,,,,,,,,,,,,,,,,,,,,,,,,,,,,,,,,,,,,,,,,,,,,,,,,,,,,,,,,,,,,,,,,,,,,,,,,,,,
20260907_松阪_1R,20260907,47,松阪,1,13.8,33.3,35.0,127.8,,,,7.8,60.0,2.3,28.4,,,,115.5,201.9,290.8,391.3,,,,63.0,19.1,187.1,95.6,,,,344.2,219.9,516.4,287.2,,,,,,,,,,,,,,,,,,,,,,,,,36.7,89.9,105.8,367.5,,,,62.2,284.7,189.0,551.2,,,,161.8,200.2,478.5,574.5,,,,350.9,447.0,1165.6,872.6,,,,1141.1,1990.0,1525.0,2472.4,,,,,,,,,,,,,,,,,,,,,,,,,29.4,138.1,6.2,66.1,,,,66.9,400.9,196.8,602.1,,,,679.9,906.5,854.3,1525.0,,,,29.1,169.8,511.5,230.8,,,,458.3,1245.6,1569.0,518.0,,,,,,,,,,,,,,,,,,,,,,,,,439.8,1026.3,1554.1,1326.7,,,,309.6,832.5,1191.1,1305.4,,,,1444.1,1754.6,2472.4,3138.1,,,,2590.2,2862.8,3794.9,2813.5,,,,2399.7,2914.0,4410.3,3708.7,,,,,,,,,,,,,,,,,,,,,,,,,318.7,93.4,799.9,497.5,,,,455.8,634.9,1682.3,1990.0,,,,88.7,509.9,1284.9,570.5,,,,2092.1,2632.0,2298.3,2472.4,,,,1149.1,2331.2,1117.7,2175.7,,,,,,,,,,,,,,,,,,,,,,,,,1125.4,836.8,2065.6,1457.0,,,,1682.3,2298.3,2119.2,3078.9,,,,602.1,2331.2,2549.7,1793.2,,,,2914.0,2862.8,3263.6,3547.4,,,,1497.1,3399.6,1773.7,3078.9,,,,,,,,,,,,,,,,,,,,,,,,,,,,,,,,,,,,,,,,,,,,,,,,,,,,,,,,,,,,,,,,,,,,,,,,,,,,,,,,,,,,,,,,,,,,,,,,,,,,,,,,,,,,,,,,,,,,,,,,,,,,,,,,,,,,,,,,,,,,,,,,,,,,,,,,,,,,,,,,,,,,,,,,,,,,,,,,,,,,,,,,,,,,,,,,
20260907_松阪_2R,20260907,47,松阪,2,117.1,60.7,27.4,36.1,60.2,,,374.6,351.5,467.1,155.5,884.3,,,222.0,262.2,207.7,105.4,341.6,,,71.6,248.7,136.2,84.0,212.4,,,30.1,20.1,34.8,47.7,88.9,,,319.3,1097.7,463.7,333.9,376.8,,,,,,,,,,,,,,,,,154.4,60.5,22.6,49.3,58.5,,,467.1,280.0,322.3,390.9,480.0,,,93.9,230.1,56.7,153.2,77.4,,,16.4,94.3,18.8,35.9,10.2,,,97.5,227.1,137.4,81.9,122.9,,,76.2,239.1,47.2,27.0,90.2,,,,,,,,,,,,,,,,,1180.2,1364.9,839.4,475.6,2906.9,,,1250.7,1276.2,1071.4,1154.2,1835.9,,,1937.9,1724.9,2472.0,1184.7,2660.5,,,1137.4,1401.5,2683.3,2325.5,2880.2,,,451.0,1198.2,874.5,1635.1,2360.5,,,4185.9,2753.9,3608.6,2880.2,3782.5,,,,,,,,,,,,,,,,,374.6,472.8,353.5,183.1,638.1,,,305.3,649.9,208.3,356.7,287.7,,,700.7,1117.2,1376.9,484.4,1313.5,,,349.9,253.3,779.0,377.3,382.3,,,227.1,540.3,258.8,443.4,548.8,,,855.4,481.5,971.9,433.6,599.1,,,,,,,,,,,,,,,,,113.8,392.4,217.2,121.4,316.7,,,57.9,212.7,84.7,109.6,35.3,,,786.8,796.8,981.0,1019.3,1661.1,,,316.1,206.4,630.4,281.8,256.4,,,162.8,263.6,297.2,253.1,346.5,,,495.1,157.3,1049.9,273.4,520.6,,,,,,,,,,,,,,,,,67.2,36.8,70.7,93.5,168.9,,,172.6,371.9,311.4,253.1,436.0,,,114.7,431.2,199.7,480.0,548.8,,,196.2,407.1,240.2,364.2,497.5,,,205.0,340.8,391.9,315.2,651.3,,,660.9,855.4,841.6,615.5,752.8,,,,,,,,,,,,,,,,,850.8,2660.5,1125.2,874.5,1231.1,,,585.7,971.9,303.3,148.6,522.3,,,3339.8,2107.0,1577.6,2121.2,2491.6,,,951.3,509.6,1137.4,477.8,721.7,,,813.3,233.2,1744.1,502.3,912.6,,,1265.9,1149.9,1407.8,990.3,1145.7,,,,,,,,,,,,,,,,,,,,,,,,,,,,,,,,,,,,,,,,,,,,,,,,,,,,,,,,,,,,,,,,,,,,,,,,,,,,,,,,,,,,,,,,,,,,,,,,,,,,,,,,,,,,,,,,,,,,,,,,,,,,,,,,
20260907_松阪_3R,20260907,47,松阪,3,332.6,197.3,314.4,209.6,448.5,,,395.3,245.0,410.5,333.5,1244.0,,,163.1,157.3,209.7,49.4,420.7,,,332.3,402.1,289.7,309.2,884.4,,,185.3,257.0,53.6,238.9,554.5,,,969.4,1933.7,1215.7,1435.4,1235.8,,,,,,,,,,,,,,,,,423.1,283.6,344.9,308.7,573.3,,,329.9,260.4,180.9,416.5,419.8,,,214.2,264.1,205.8,182.1,467.1,,,230.3,177.7,184.3,253.2,274.8,,,304.6,618.9,279.5,459.6,1019.7,,,625.1,601.9,583.1,400.8,822.0,,,,,,,,,,,,,,,,,205.9,161.7,209.6,255.2,746.4,,,166.1,128.6,109.4,232.5,241.0,,,97.8,82.9,62.0,103.9,241.8,,,136.7,84.7,69.8,151.3,223.2,,,218.5,329.9,163.9,262.2,852.1,,,697.6,331.4,344.6,359.5,859.9,,,,,,,,,,,,,,,,,84.3,93.6,113.6,28.2,260.0,,,75.0,112.0,98.3,78.8,220.8,,,97.3,104.3,78.8,101.1,350.4,,,60.8,60.4,42.0,73.7,161.2,,,8.9,37.9,52.8,51.0,193.3,,,506.4,406.5,548.0,501.6,508.4,,,,,,,,,,,,,,,,,185.6,198.8,135.5,179.8,471.2,,,123.2,89.4,90.3,138.5,132.3,,,106.3,73.7,54.6,105.4,215.4,,,48.8,52.3,30.8,46.8,93.1,,,128.3,184.3,170.6,98.6,400.4,,,249.4,169.7,220.4,200.4,250.4,,,,,,,,,,,,,,,,,137.3,193.4,42.5,195.0,524.9,,,212.7,496.9,196.3,429.4,952.0,,,271.4,462.4,212.1,385.5,1078.6,,,17.7,66.8,88.0,89.0,271.0,,,239.8,328.2,323.9,154.4,649.0,,,1309.5,1704.2,2318.1,1114.0,1777.2,,,,,,,,,,,,,,,,,1295.9,2646.9,1481.0,1829.5,1995.8,,,905.8,844.3,838.6,592.4,1184.8,,,1777.2,779.1,1151.9,959.4,2120.5,,,1151.9,859.9,1392.6,987.3,984.7,,,1181.0,512.6,905.8,863.9,1323.4,,,1752.2,1866.1,2893.1,1517.1,1964.3,,,,,,,,,,,,,,,,,,,,,,,,,,,,,,,,,,,,,,,,,,,,,,,,,,,,,,,,,,,,,,,,,,,,,,,,,,,,,,,,,,,,,,,,,,,,,,,,,,,,,,,,,,,,,,,,,,,,,,,,,,,,,,,,
20260907_松阪_4R,20260907,47,松阪,4,5.0,12.9,16.3,36.8,142.5,,,6.0,48.3,77.8,99.4,359.6,,,57.2,133.9,151.8,171.2,309.7,,,87.5,198.7,200.1,309.2,645.1,,,110.4,237.9,216.1,413.2,1051.5,,,701.7,1488.5,1138.5,1057.9,1685.5,,,,,,,,,,,,,,,,,17.0,36.7,38.6,88.5,259.9,,,42.2,266.3,374.9,453.0,1051.5,,,130.4,386.7,443.1,358.5,952.4,,,138.0,584.7,461.5,952.4,1501.5,,,198.5,794.1,516.2,1077.8,2795.5,,,1555.8,3998.2,2566.0,3473.2,4584.6,,,,,,,,,,,,,,,,,13.0,70.5,157.2,173.6,653.7,,,36.4,256.7,432.5,402.1,1002.4,,,287.2,449.4,836.6,471.0,1098.5,,,421.3,703.1,971.3,1614.3,2707.4,,,399.3,569.2,351.5,907.2,1889.2,,,2491.6,2528.3,3125.9,3863.4,4584.6,,,,,,,,,,,,,,,,,81.4,271.3,219.7,182.9,280.9,,,156.6,503.4,438.0,249.5,558.1,,,407.8,610.7,1038.8,476.2,1259.5,,,281.8,467.1,1041.9,337.7,554.5,,,77.2,88.8,250.6,180.5,135.1,,,489.1,672.8,1327.6,524.9,292.6,,,,,,,,,,,,,,,,,61.6,276.4,273.5,547.5,851.1,,,107.9,524.1,394.7,820.6,1185.6,,,363.0,652.4,1123.6,1332.7,2889.4,,,331.5,374.9,982.4,459.6,742.6,,,639.1,759.0,1332.7,619.5,1450.8,,,1337.9,1838.7,3863.4,1910.2,2034.6,,,,,,,,,,,,,,,,,82.1,298.9,216.9,587.7,1302.4,,,157.1,507.1,219.7,728.4,1727.8,,,419.3,534.7,447.1,1088.1,2323.3,,,69.3,83.0,225.0,224.2,162.2,,,711.9,776.1,1528.2,459.6,2109.5,,,2938.8,3274.7,4142.7,716.3,2707.4,,,,,,,,,,,,,,,,,2071.3,3998.2,2122.5,1653.1,3778.5,,,2795.5,6032.4,3473.2,3657.9,6367.5,,,5056.6,7315.9,5056.6,6487.7,6612.4,,,2190.1,2686.3,4142.7,1999.1,1177.5,,,1889.2,4408.3,5209.8,2841.7,5132.0,,,6140.1,5545.9,6487.7,1375.3,4584.6,,,,,,,,,,,,,,,,,,,,,,,,,,,,,,,,,,,,,,,,,,,,,,,,,,,,,,,,,,,,,,,,,,,,,,,,,,,,,,,,,,,,,,,,,,,,,,,,,,,,,,,,,,,,,,,,,,,,,,,,,,,,,,,,
20260907_松阪_5R,20260907,47,松阪,5,45.7,121.9,117.4,289.8,142.2,,,30.9,62.3,37.4,138.5,98.0,,,196.3,182.6,294.0,156.2,166.0,,,179.6,91.2,283.6,303.9,321.5,,,539.9,395.1,286.5,483.0,505.3,,,229.0,215.0,236.9,301.0,466.0,,,,,,,,,,,,,,,,,20.8,43.3,63.1,104.4,53.0,,,22.3,73.0,145.6,203.6,70.6,,,34.8,74.0,197.9,42.6,27.8,,,208.4,391.6,485.1,692.1,516.9,,,163.7,352.8,98.9,717.6,206.7,,,60.3,77.0,47.6,247.7,150.9,,,,,,,,,,,,,,,,,35.2,50.7,41.9,120.7,102.9,,,52.0,123.1,257.1,272.4,146.5,,,132.7,155.8,486.1,161.2,160.9,,,311.7,549.1,1044.7,1522.8,941.7,,,472.3,549.8,323.8,1670.0,1109.2,,,170.2,174.1,208.0,614.5,584.9,,,,,,,,,,,,,,,,,142.7,167.7,317.9,117.7,98.7,,,83.2,158.7,375.3,75.6,58.5,,,155.2,186.3,674.5,191.3,173.9,,,920.5,961.9,1581.8,1062.0,880.8,,,77.4,75.9,160.2,465.5,30.0,,,61.0,46.1,131.8,296.7,30.1,,,,,,,,,,,,,,,,,713.0,431.5,1230.7,1657.6,1309.7,,,796.5,1106.4,1533.2,2191.3,1160.8,,,548.5,1290.9,2468.3,3906.4,2060.7,,,2079.7,1887.5,2790.2,2495.7,2292.0,,,3035.3,3186.0,4047.1,3593.8,2879.7,,,1492.4,1549.0,2119.0,2509.7,2509.7,,,,,,,,,,,,,,,,,659.6,608.7,350.9,784.0,593.4,,,503.6,821.2,282.5,1533.2,532.2,,,619.6,812.3,556.6,2843.2,1395.1,,,122.6,173.9,273.5,721.0,58.1,,,1670.0,2428.3,3377.7,1748.0,2246.1,,,552.5,588.7,1201.1,165.1,1517.6,,,,,,,,,,,,,,,,,181.7,181.8,177.8,315.6,420.6,,,116.8,138.6,93.2,361.7,311.9,,,151.9,184.1,232.7,556.6,642.6,,,77.5,68.3,145.9,339.0,50.9,,,774.5,743.7,939.8,996.0,1337.0,,,496.3,547.8,875.7,177.5,1191.6,,,,,,,,,,,,,,,,,,,,,,,,,,,,,,,,,,,,,,,,,,,,,,,,,,,,,,,,,,,,,,,,,,,,,,,,,,,,,,,,,,,,,,,,,,,,,,,,,,,,,,,,,,,,,,,,,,,,,,,,,,,,,,,,
20260907_松阪_6R,20260907,47,松阪,6,20.6,57.3,105.0,224.6,87.4,,,18.6,45.3,78.4,135.3,35.5,,,103.8,93.3,49.2,69.0,87.7,,,236.1,191.3,75.6,370.8,176.4,,,490.4,494.5,243.6,592.8,468.5,,,67.8,41.5,48.5,89.2,159.6,,,,,,,,,,,,,,,,,21.0,50.3,89.0,197.3,95.9,,,13.6,22.2,47.6,101.5,83.4,,,94.5,83.2,100.9,164.5,360.0,,,175.3,155.8,138.7,452.9,553.4,,,516.4,485.7,423.8,821.3,1274.2,,,329.5,386.6,696.8,953.4,1372.5,,,,,,,,,,,,,,,,,31.7,99.3,151.6,220.5,96.1,,,21.9,42.0,65.8,178.7,110.9,,,171.5,122.2,169.5,267.8,437.0,,,335.2,247.2,325.6,978.5,897.0,,,712.6,603.2,553.4,1168.6,1298.5,,,343.4,392.1,591.0,1030.3,1290.3,,,,,,,,,,,,,,,,,149.2,169.0,80.2,96.8,174.0,,,167.0,142.5,156.5,216.3,654.4,,,211.6,149.5,157.2,206.8,549.0,,,47.8,109.7,94.0,31.3,288.0,,,104.0,197.6,185.7,37.5,332.8,,,639.1,1311.0,1217.3,727.8,785.0,,,,,,,,,,,,,,,,,426.9,480.0,158.8,699.2,436.5,,,347.2,355.0,277.3,833.0,1243.2,,,553.4,448.0,311.2,1067.9,1328.0,,,101.3,195.9,167.0,57.3,433.7,,,938.1,1224.6,1349.9,225.2,1579.2,,,1022.5,1976.0,2086.9,1294.4,2005.0,,,,,,,,,,,,,,,,,923.3,971.5,538.9,1145.7,1336.7,,,1002.5,1062.4,750.5,1509.3,2297.9,,,1196.0,1213.7,689.7,1610.3,2065.8,,,321.8,485.7,459.5,116.0,670.5,,,971.5,1363.4,1232.0,213.4,1445.3,,,2572.5,3272.2,3272.2,1733.1,2464.0,,,,,,,,,,,,,,,,,387.7,297.0,333.0,593.6,535.3,,,664.0,872.1,1549.3,1911.3,2763.7,,,667.2,980.8,1133.0,1826.0,2272.4,,,923.3,1911.3,1966.5,1893.6,1902.4,,,1158.7,2337.3,2285.1,1859.2,2860.3,,,2187.3,3437.2,3408.6,2247.4,2656.0,,,,,,,,,,,,,,,,,,,,,,,,,,,,,,,,,,,,,,,,,,,,,,,,,,,,,,,,,,,,,,,,,,,,,,,,,,,,,,,,,,,,,,,,,,,,,,,,,,,,,,,,,,,,,,,,,,,,,,,,,,,,,,,,
20260907_松阪_7R,20260907,47,松阪,7,28.7,35.7,104.9,82.0,186.9,,,14.8,28.1,57.8,19.2,100.9,,,42.9,51.0,138.2,113.8,207.6,,,208.4,169.6,271.5,252.7,305.5,,,119.3,66.0,154.2,164.9,253.4,,,415.5,338.8,525.9,279.1,387.2,,,,,,,,,,,,,,,,,32.0,22.4,101.6,125.6,179.5,,,35.3,38.2,201.7,249.7,290.3,,,13.1,23.8,51.0,140.2,91.3,,,197.8,309.5,102.1,623.0,150.6,,,539.4,886.6,472.8,1055.9,1658.7,,,291.4,462.9,119.8,143.1,874.9,,,,,,,,,,,,,,,,,21.4,49.0,83.9,37.9,164.9,,,40.1,47.5,184.9,209.0,368.6,,,73.3,64.7,386.1,499.5,441.8,,,358.0,507.1,831.1,1391.9,789.9,,,356.4,854.3,1121.4,1331.4,2020.8,,,528.7,753.9,764.1,469.4,1860.3,,,,,,,,,,,,,,,,,45.5,72.5,175.3,139.1,223.9,,,25.0,35.0,78.6,220.4,119.2,,,97.6,76.0,399.7,593.3,334.5,,,361.9,257.1,629.9,1087.7,508.4,,,771.5,748.3,1318.2,1834.6,2151.9,,,509.7,319.2,595.0,452.9,1502.3,,,,,,,,,,,,,,,,,514.3,519.7,654.7,968.6,427.1,,,470.5,845.2,467.8,1519.5,396.5,,,691.1,1108.9,1753.7,2927.2,623.0,,,642.1,567.9,1416.7,2568.4,571.1,,,1665.7,2412.7,4629.2,3941.6,1665.7,,,312.7,325.5,460.2,463.4,954.7,,,,,,,,,,,,,,,,,1026.0,440.3,1288.3,1372.7,2503.8,,,1406.7,2535.7,1809.5,2602.0,3941.6,,,530.1,2084.3,2472.7,3619.1,4374.8,,,1826.1,2128.9,3523.1,4855.0,5687.3,,,1715.9,3039.0,5379.8,4374.8,2689.9,,,4104.2,5379.8,5854.5,5769.7,2535.7,,,,,,,,,,,,,,,,,694.7,594.1,749.7,391.8,565.4,,,499.5,788.3,190.6,163.1,1228.7,,,712.1,1206.3,961.6,576.9,2062.7,,,802.6,515.0,925.8,492.1,2442.4,,,242.7,152.4,367.2,190.3,667.9,,,2175.4,3015.9,2864.1,3827.9,1537.1,,,,,,,,,,,,,,,,,,,,,,,,,,,,,,,,,,,,,,,,,,,,,,,,,,,,,,,,,,,,,,,,,,,,,,,,,,,,,,,,,,,,,,,,,,,,,,,,,,,,,,,,,,,,,,,,,,,,,,,,,,,,,,,,
20260907_松阪_8R,20260907,47,松阪,8,97.2,46.4,137.1,209.3,221.8,,,235.1,350.6,502.4,793.8,1390.4,,,65.8,193.6,227.6,245.0,402.3,,,339.0,577.2,461.5,963.2,1529.9,,,520.1,1040.3,540.5,1245.5,1939.2,,,670.9,1662.2,995.8,1584.7,1991.6,,,,,,,,,,,,,,,,,15.7,7.6,21.7,28.6,58.3,,,25.3,34.1,22.4,62.7,97.2,,,8.9,23.5,29.4,51.8,85.4,,,32.2,16.8,37.4,78.9,99.4,,,59.8,98.7,85.4,106.1,170.0,,,59.7,75.2,72.5,88.2,93.3,,,,,,,,,,,,,,,,,199.9,396.1,290.6,750.6,1252.5,,,128.8,172.9,121.7,340.9,489.6,,,387.5,302.8,385.8,904.1,1625.5,,,211.7,148.1,299.7,350.6,826.4,,,1081.0,824.9,1218.0,786.7,2484.0,,,2018.9,1529.9,2456.4,1713.7,2889.8,,,,,,,,,,,,,,,,,52.6,86.9,188.4,107.8,431.7,,,39.8,97.9,113.5,233.9,262.0,,,228.8,259.0,338.2,764.9,1483.7,,,329.2,233.6,329.4,805.3,1386.0,,,621.8,674.0,1179.0,1430.9,2555.8,,,1139.5,1033.0,2279.1,2047.0,2555.8,,,,,,,,,,,,,,,,,332.6,394.0,550.6,1139.5,1740.7,,,203.4,131.5,197.7,449.3,519.5,,,191.8,142.2,274.6,337.5,872.0,,,486.4,300.5,473.9,1172.8,1804.7,,,1939.2,1175.9,1065.4,1947.8,2889.8,,,2327.1,1514.2,2279.1,2816.2,3349.6,,,,,,,,,,,,,,,,,557.5,921.1,895.0,1754.5,1289.0,,,446.6,508.2,565.4,829.5,705.1,,,980.3,741.8,1939.2,1343.9,1498.8,,,946.7,843.8,1782.8,2095.5,3481.5,,,2115.5,1308.1,1312.0,2403.0,3275.2,,,1637.6,1142.5,1625.5,4511.7,3912.8,,,,,,,,,,,,,,,,,1408.1,3565.7,1965.1,3324.4,5201.8,,,713.1,1108.1,950.8,1130.8,1368.8,,,3427.5,2364.4,5895.3,4334.8,5327.1,,,2290.9,1668.5,5141.3,3654.1,5975.0,,,3180.9,2136.0,3275.2,4019.5,4171.2,,,5458.6,2729.3,4654.2,6699.2,4654.2,,,,,,,,,,,,,,,,,,,,,,,,,,,,,,,,,,,,,,,,,,,,,,,,,,,,,,,,,,,,,,,,,,,,,,,,,,,,,,,,,,,,,,,,,,,,,,,,,,,,,,,,,,,,,,,,,,,,,,,,,,,,,,,,
20260907_松阪_9R,20260907,47,松阪,9,94.0,72.5,150.6,177.7,192.3,,,39.7,23.3,47.7,19.7,25.7,,,34.4,34.7,91.4,72.6,83.8,,,120.6,71.1,112.4,97.4,114.1,,,97.4,38.9,80.3,96.3,52.2,,,148.3,52.3,107.3,136.9,65.7,,,,,,,,,,,,,,,,,297.4,282.1,581.0,573.7,632.7,,,402.7,440.9,1334.0,794.8,855.8,,,220.3,252.7,636.6,553.5,512.5,,,1071.9,1956.1,1623.5,2311.2,2555.4,,,1019.2,929.2,809.9,2718.1,1496.3,,,1070.4,1061.0,1109.6,2582.7,1687.7,,,,,,,,,,,,,,,,,55.2,36.3,60.3,29.9,32.9,,,172.9,196.6,546.0,300.8,327.4,,,65.6,84.3,338.9,131.1,116.0,,,258.3,759.1,719.2,598.3,601.7,,,45.1,150.6,121.1,242.8,57.0,,,53.3,181.8,114.1,308.8,70.2,,,,,,,,,,,,,,,,,58.7,76.2,172.4,149.2,157.0,,,54.7,70.2,192.0,144.8,143.4,,,94.0,111.6,513.2,198.4,177.2,,,545.6,834.1,1035.2,1364.1,1656.9,,,206.7,207.4,244.9,1056.3,335.6,,,209.1,272.8,210.4,1268.7,324.7,,,,,,,,,,,,,,,,,703.9,405.8,539.9,615.0,575.5,,,1125.1,2140.8,1814.3,2658.3,2769.9,,,547.7,2021.5,1761.5,1695.6,1564.0,,,949.9,1870.4,1993.7,2371.6,2707.9,,,1017.8,3211.2,2061.7,2687.9,1778.7,,,836.1,3036.5,1619.9,2678.0,2004.8,,,,,,,,,,,,,,,,,125.4,72.7,140.4,182.3,115.4,,,366.9,418.0,330.9,1048.7,659.1,,,76.2,173.7,163.1,392.7,103.7,,,194.0,135.8,214.0,691.1,295.0,,,617.1,1478.0,1067.2,1428.6,1148.3,,,138.3,307.6,126.8,259.1,606.8,,,,,,,,,,,,,,,,,210.1,65.2,164.6,257.0,93.2,,,513.6,595.8,650.3,1291.3,763.1,,,63.1,241.0,147.7,398.7,85.5,,,206.1,334.1,200.7,1026.5,319.5,,,588.5,1472.0,839.9,1472.0,966.3,,,111.1,347.0,98.0,264.3,555.6,,,,,,,,,,,,,,,,,,,,,,,,,,,,,,,,,,,,,,,,,,,,,,,,,,,,,,,,,,,,,,,,,,,,,,,,,,,,,,,,,,,,,,,,,,,,,,,,,,,,,,,,,,,,,,,,,,,,,,,,,,,,,,,,
20260907_久留米_1R,20260907,83,久留米,1,121.1,102.4,195.6,88.9,94.6,,,408.8,805.3,905.0,566.6,939.2,,,110.6,462.0,87.9,109.9,271.1,,,228.2,696.9,119.9,188.2,565.8,,,44.9,223.4,40.1,92.0,120.2,,,143.9,637.4,289.0,554.8,259.3,,,,,,,,,,,,,,,,,123.9,99.1,180.7,112.5,87.0,,,131.2,181.0,259.8,279.3,67.1,,,64.7,150.6,79.5,258.5,109.8,,,190.9,346.8,134.1,517.9,323.9,,,147.0,267.8,432.0,549.9,199.9,,,45.1,26.1,82.7,137.9,84.0,,,,,,,,,,,,,,,,,571.0,1503.5,1540.8,1312.9,1932.0,,,364.5,514.3,661.1,748.7,274.9,,,1750.6,837.9,1322.2,2824.9,2246.3,,,1912.2,1165.2,1351.0,3359.3,2453.2,,,1687.2,1247.1,3420.9,3389.8,2936.1,,,1810.1,376.6,2273.7,2469.4,2589.5,,,,,,,,,,,,,,,,,72.5,346.5,43.6,87.3,145.9,,,56.8,106.8,52.3,146.1,101.3,,,650.7,458.0,554.8,1176.3,1041.5,,,16.9,25.7,124.1,61.9,67.4,,,114.3,152.5,515.7,163.3,341.4,,,223.6,104.4,567.5,178.3,294.0,,,,,,,,,,,,,,,,,207.5,606.3,85.6,242.1,460.3,,,258.7,581.7,148.6,550.7,502.5,,,1183.7,1147.3,764.1,2060.1,1972.9,,,32.4,53.6,248.2,130.7,163.1,,,338.3,629.8,1365.8,289.2,920.7,,,617.3,627.7,1540.8,353.7,978.7,,,,,,,,,,,,,,,,,35.7,170.1,75.1,112.2,99.5,,,74.8,167.8,274.7,373.6,140.0,,,703.5,588.1,1726.3,2259.9,1428.6,,,144.5,191.1,603.3,181.5,388.4,,,306.9,441.8,1573.3,335.0,1264.0,,,157.1,144.8,703.5,411.1,655.3,,,,,,,,,,,,,,,,,79.0,370.2,260.0,510.1,118.7,,,28.0,17.5,51.1,85.9,45.5,,,603.3,140.0,883.6,1401.8,913.9,,,218.9,91.6,493.2,195.2,294.5,,,527.4,298.3,1032.9,322.2,772.0,,,112.7,106.0,503.9,340.5,534.2,,,,,,,,,,,,,,,,,,,,,,,,,,,,,,,,,,,,,,,,,,,,,,,,,,,,,,,,,,,,,,,,,,,,,,,,,,,,,,,,,,,,,,,,,,,,,,,,,,,,,,,,,,,,,,,,,,,,,,,,,,,,,,,,
20260907_久留米_2R,20260907,83,久留米,2,61.0,112.3,211.4,198.7,301.9,,,16.0,23.3,6.4,77.0,68.0,,,84.8,72.0,241.1,321.1,436.1,,,177.1,56.0,368.3,623.3,226.5,,,672.7,356.6,1138.7,1290.6,1659.3,,,644.1,428.0,776.1,627.8,936.7,,,,,,,,,,,,,,,,,213.9,410.4,580.7,793.7,1271.7,,,203.7,387.1,451.3,746.1,1345.4,,,304.3,270.3,600.8,245.7,767.5,,,862.5,837.6,1197.5,1699.8,2233.7,,,1285.8,1146.2,695.5,1968.7,1787.0,,,2722.4,3030.1,2543.5,3707.1,3416.3,,,,,,,,,,,,,,,,,9.2,14.2,3.0,66.2,44.6,,,51.9,146.1,111.8,229.8,289.9,,,67.2,139.5,156.4,521.6,504.3,,,14.1,47.2,103.7,192.5,98.9,,,450.2,802.9,1464.1,931.7,2037.8,,,278.7,536.1,818.0,348.8,1716.6,,,,,,,,,,,,,,,,,133.3,141.7,377.9,516.2,1161.5,,,182.1,236.7,337.6,85.5,518.5,,,155.7,237.0,200.1,926.7,1319.9,,,926.7,1165.4,1092.3,2307.7,2262.8,,,1863.4,575.9,2086.6,2489.0,2562.2,,,2787.7,2660.0,3287.4,4978.1,3256.7,,,,,,,,,,,,,,,,,633.5,165.1,989.9,1699.8,981.6,,,965.2,808.5,1458.0,2086.6,2543.5,,,92.2,213.9,621.1,1046.4,561.1,,,1521.7,2111.9,1393.8,4302.1,4411.0,,,4052.0,4148.4,3629.9,5712.6,5201.0,,,2639.9,4355.9,2419.9,5531.3,7575.4,,,,,,,,,,,,,,,,,2722.4,1605.8,3592.5,4249.6,5906.3,,,2978.3,2525.1,1410.8,4978.1,4773.5,,,1583.9,2543.5,3707.1,3915.4,6453.1,,,4302.1,1699.8,4099.6,5279.8,5906.3,,,5531.3,5906.3,4302.1,6008.1,8935.1,,,7111.6,7575.4,6969.4,5361.1,8935.1,,,,,,,,,,,,,,,,,3871.9,1495.5,2928.3,2765.6,6008.1,,,5361.1,4839.8,3787.7,6335.8,4839.8,,,1405.1,2879.9,3450.2,1991.2,5620.5,,,4908.0,5050.3,5279.8,7111.6,5620.5,,,3707.1,5279.8,2787.7,5531.3,6222.7,,,8935.1,7111.6,8104.0,5712.6,6832.7,,,,,,,,,,,,,,,,,,,,,,,,,,,,,,,,,,,,,,,,,,,,,,,,,,,,,,,,,,,,,,,,,,,,,,,,,,,,,,,,,,,,,,,,,,,,,,,,,,,,,,,,,,,,,,,,,,,,,,,,,,,,,,,,
20260907_久留米_3R,20260907,83,久留米,3,463.7,259.2,89.7,1021.4,623.0,,,682.1,455.5,421.4,849.3,904.7,,,263.8,551.3,100.1,720.1,333.1,,,38.6,153.6,35.1,336.0,181.6,,,1311.3,1240.1,737.9,803.6,2381.3,,,704.4,888.2,403.4,359.0,1603.9,,,,,,,,,,,,,,,,,435.1,226.0,83.4,671.5,650.1,,,349.0,1057.6,232.0,441.0,557.6,,,652.3,1453.7,570.8,1366.7,1475.8,,,18.4,111.7,123.8,163.5,189.7,,,574.1,486.4,1035.0,406.0,1072.2,,,721.4,992.7,1179.8,516.1,1194.3,,,,,,,,,,,,,,,,,367.2,262.6,219.0,330.6,465.4,,,380.5,718.8,222.3,393.2,491.3,,,495.0,1240.1,609.3,536.1,817.1,,,102.1,170.2,206.1,191.1,244.2,,,118.2,170.9,171.4,107.1,155.0,,,392.0,426.5,470.4,253.6,288.1,,,,,,,,,,,,,,,,,779.4,1740.6,391.6,2144.5,939.8,,,975.2,4173.7,956.0,4043.2,2536.9,,,1950.5,4265.4,2132.7,2833.2,2896.6,,,268.6,758.1,1902.7,1487.1,1016.1,,,2064.6,3881.5,2940.5,1839.5,3346.1,,,874.2,2324.2,2536.9,1046.2,3105.2,,,,,,,,,,,,,,,,,7.7,55.7,9.9,102.3,48.6,,,4.3,49.0,30.6,76.0,63.1,,,82.9,113.2,170.7,172.9,211.8,,,45.6,150.5,310.7,443.6,267.1,,,166.3,188.8,211.6,380.1,354.8,,,69.5,109.2,188.5,207.2,365.4,,,,,,,,,,,,,,,,,937.5,822.3,599.0,538.3,1565.1,,,553.7,521.7,1005.5,366.8,1272.6,,,234.5,223.2,294.2,107.1,173.5,,,1043.4,2352.4,1637.7,1128.3,2205.4,,,242.1,275.8,293.8,601.7,561.7,,,858.7,1352.4,447.1,1487.1,621.0,,,,,,,,,,,,,,,,,373.2,442.0,167.4,141.3,785.7,,,227.1,520.3,607.4,159.9,793.7,,,181.6,382.0,253.5,151.2,258.7,,,271.6,765.5,774.7,347.8,1096.4,,,34.5,93.9,109.2,105.6,307.5,,,450.8,665.7,322.9,742.1,380.5,,,,,,,,,,,,,,,,,,,,,,,,,,,,,,,,,,,,,,,,,,,,,,,,,,,,,,,,,,,,,,,,,,,,,,,,,,,,,,,,,,,,,,,,,,,,,,,,,,,,,,,,,,,,,,,,,,,,,,,,,,,,,,,,
20260907_久留米_4R,20260907,83,久留米,4,10.7,68.1,11.9,19.0,60.4,,,47.0,416.6,137.6,165.6,290.6,,,363.2,1429.2,1112.4,959.4,1535.8,,,43.0,164.7,459.3,176.0,285.6,,,63.6,148.5,614.3,247.9,582.2,,,319.8,756.6,892.8,459.9,859.3,,,,,,,,,,,,,,,,,8.8,23.5,6.5,9.4,31.2,,,94.2,819.9,252.0,401.5,644.1,,,239.5,1159.4,306.2,327.2,627.4,,,16.3,128.3,114.4,43.4,87.7,,,44.1,420.0,306.0,90.3,376.9,,,180.7,770.8,325.3,193.3,444.9,,,,,,,,,,,,,,,,,123.9,1016.3,362.0,521.0,872.0,,,138.7,1978.9,596.5,1103.5,1589.2,,,2464.7,4900.2,4900.2,5638.6,5081.7,,,600.9,738.9,3579.2,1774.2,1729.4,,,1011.3,1680.0,3846.8,2037.7,4474.1,,,1978.9,3004.5,4075.4,2494.6,3675.1,,,,,,,,,,,,,,,,,984.7,3518.1,2037.7,2286.7,2588.7,,,866.5,5416.0,1941.5,2672.8,3292.9,,,3811.2,5277.1,5210.3,3642.6,5345.6,,,1496.7,1888.1,5081.7,1707.9,862.9,,,2393.1,3004.5,6332.5,2435.6,4157.7,,,2479.6,4378.9,4677.4,973.0,3142.1,,,,,,,,,,,,,,,,,43.3,168.8,330.6,155.3,183.3,,,30.9,203.1,267.2,100.8,132.7,,,366.5,447.4,1659.7,824.8,1172.7,,,585.5,733.7,1789.6,583.0,459.9,,,266.5,197.0,914.7,566.1,500.7,,,177.4,200.4,656.4,191.3,337.6,,,,,,,,,,,,,,,,,76.5,188.2,731.1,270.6,717.1,,,106.6,638.1,838.3,268.1,1179.4,,,760.8,1196.5,2556.6,2100.0,3118.3,,,1290.3,1914.5,3996.2,1424.2,2638.5,,,284.2,253.6,1186.2,1052.7,890.9,,,1419.3,1813.2,2800.1,1507.7,1042.0,,,,,,,,,,,,,,,,,571.6,1217.8,999.0,612.5,1491.3,,,484.2,1577.0,1112.4,522.3,1659.7,,,1932.4,2919.2,3373.9,2201.1,2878.4,,,1063.6,1797.4,2299.5,604.4,1530.1,,,284.4,329.8,773.7,273.3,443.0,,,1896.8,2655.6,3920.1,1950.7,1115.4,,,,,,,,,,,,,,,,,,,,,,,,,,,,,,,,,,,,,,,,,,,,,,,,,,,,,,,,,,,,,,,,,,,,,,,,,,,,,,,,,,,,,,,,,,,,,,,,,,,,,,,,,,,,,,,,,,,,,,,,,,,,,,,,
20260907_久留米_5R,20260907,83,久留米,5,7.7,13.2,13.5,69.4,3.7,,,56.4,301.1,235.1,328.7,184.4,,,79.3,364.1,204.8,1193.9,169.2,,,69.2,305.2,179.8,869.0,182.3,,,536.4,600.5,1683.5,1468.5,1127.0,,,22.1,146.1,125.4,139.4,509.3,,,,,,,,,,,,,,,,,14.9,21.3,19.3,122.1,9.6,,,56.3,118.2,100.2,104.6,196.8,,,81.7,104.2,58.6,509.3,164.5,,,85.5,111.8,77.0,453.1,188.1,,,632.6,505.4,1345.7,1179.9,1603.0,,,103.4,320.6,432.1,405.2,1127.0,,,,,,,,,,,,,,,,,133.5,642.7,479.5,463.5,431.7,,,132.7,297.3,288.6,345.0,601.4,,,967.2,646.9,1061.6,2128.9,3143.5,,,817.8,778.2,1078.7,1354.7,2273.2,,,421.7,334.4,807.9,688.9,1406.8,,,1169.6,1226.7,3657.9,2453.4,2915.7,,,,,,,,,,,,,,,,,252.1,1387.4,611.5,2774.9,484.2,,,268.0,639.7,504.2,1982.1,549.6,,,1897.9,951.2,1553.5,2874.0,4847.8,,,426.6,515.8,852.4,1265.3,937.9,,,3624.9,3657.9,4191.3,4148.1,7059.1,,,1862.8,2755.9,6489.8,2718.7,6937.4,,,,,,,,,,,,,,,,,119.6,419.5,254.0,912.4,288.6,,,181.4,545.9,401.5,1392.2,826.2,,,578.1,845.3,1162.9,1479.3,1972.4,,,292.2,425.7,576.4,1577.9,1061.6,,,2128.9,2647.1,2647.1,3944.8,3119.1,,,1319.2,1635.6,2755.9,2312.4,3691.4,,,,,,,,,,,,,,,,,1916.0,955.7,4064.3,4235.4,3244.9,,,1854.2,1982.1,3983.8,3657.9,4967.5,,,754.9,1293.8,2247.8,2140.2,2813.7,,,4967.5,5437.4,5093.3,4373.6,8382.7,,,4572.4,4148.1,4470.8,5294.3,6596.2,,,6596.2,7591.9,7451.3,9813.9,6096.5,,,,,,,,,,,,,,,,,168.4,998.4,1061.6,1253.4,2380.8,,,226.1,874.7,1234.2,1547.5,3560.8,,,1690.6,1772.5,6005.5,3624.9,5667.2,,,1764.7,1764.7,2438.6,3095.1,8941.6,,,2210.8,2325.8,3832.1,3409.9,4967.5,,,5831.4,7059.1,8941.6,9999.9,4967.5,,,,,,,,,,,,,,,,,,,,,,,,,,,,,,,,,,,,,,,,,,,,,,,,,,,,,,,,,,,,,,,,,,,,,,,,,,,,,,,,,,,,,,,,,,,,,,,,,,,,,,,,,,,,,,,,,,,,,,,,,,,,,,,,
20260907_久留米_6R,20260907,83,久留米,6,6.7,9.5,10.2,23.8,10.1,,,53.4,95.7,122.2,281.8,180.6,,,58.1,64.3,165.3,360.8,213.7,,,33.8,88.7,104.0,61.8,96.6,,,139.4,352.5,470.0,145.2,222.7,,,55.8,199.2,156.6,169.9,239.9,,,,,,,,,,,,,,,,,22.4,32.2,34.5,67.1,35.2,,,112.4,350.4,430.1,804.9,554.4,,,145.5,374.5,904.1,1343.3,771.4,,,142.4,475.7,881.6,683.5,781.3,,,388.8,1676.5,2419.5,1106.0,1781.7,,,157.5,611.8,764.5,836.6,1103.1,,,,,,,,,,,,,,,,,188.0,288.5,363.6,679.1,589.7,,,245.1,431.4,690.1,1241.5,826.8,,,183.7,187.7,303.5,405.1,204.5,,,503.9,767.2,701.5,1075.3,1433.7,,,1263.6,2047.2,1631.5,1696.5,2565.2,,,767.2,921.7,456.9,1494.1,1731.0,,,,,,,,,,,,,,,,,109.8,135.4,449.6,739.2,372.8,,,184.1,250.7,981.1,1373.6,629.9,,,89.6,114.8,285.9,327.0,90.6,,,599.7,1036.0,618.0,1078.0,1583.0,,,1259.8,2161.5,1290.4,1414.7,1884.2,,,489.4,682.4,218.1,1157.1,1387.0,,,,,,,,,,,,,,,,,62.9,144.0,199.5,102.3,188.0,,,123.6,407.8,622.5,396.8,642.2,,,327.3,517.4,503.3,629.9,921.7,,,430.5,781.3,373.5,687.9,1163.4,,,145.9,251.3,315.9,368.6,169.3,,,446.3,833.3,1160.3,1405.3,522.4,,,,,,,,,,,,,,,,,581.7,963.4,1220.1,525.7,747.0,,,812.6,1971.4,2998.8,1223.6,1433.7,,,1396.1,2118.5,2183.7,1644.1,2957.1,,,1804.3,3519.2,2326.9,1827.6,3131.1,,,405.9,603.1,736.7,836.6,306.3,,,1314.3,2057.1,2490.2,2712.3,950.5,,,,,,,,,,,,,,,,,51.7,130.9,119.4,216.5,180.2,,,71.2,162.3,138.3,300.9,218.9,,,432.3,527.6,358.4,826.8,954.7,,,352.5,518.0,282.0,727.9,772.8,,,472.6,677.0,879.8,1046.2,383.2,,,635.5,965.6,983.4,1018.7,558.1,,,,,,,,,,,,,,,,,,,,,,,,,,,,,,,,,,,,,,,,,,,,,,,,,,,,,,,,,,,,,,,,,,,,,,,,,,,,,,,,,,,,,,,,,,,,,,,,,,,,,,,,,,,,,,,,,,,,,,,,,,,,,,,,
20260907_久留米_7R,20260907,83,久留米,7,31.6,126.5,36.6,205.7,276.7,,,36.9,147.4,32.4,72.1,223.0,,,167.4,105.5,70.6,236.5,77.5,,,12.3,8.8,20.6,53.2,45.4,,,515.9,203.1,634.6,317.1,525.2,,,631.2,427.7,249.8,267.1,519.9,,,,,,,,,,,,,,,,,60.9,210.1,71.7,283.0,433.8,,,38.8,80.7,48.1,39.2,152.7,,,431.3,269.8,518.2,750.8,373.0,,,101.9,111.9,363.0,389.9,541.2,,,661.8,207.4,932.2,658.1,975.3,,,1197.1,639.9,749.6,1065.0,1335.1,,,,,,,,,,,,,,,,,53.3,300.8,78.9,107.7,488.7,,,39.1,106.4,53.3,34.9,179.0,,,311.1,225.1,552.8,363.9,631.2,,,156.4,147.0,455.5,304.0,696.6,,,115.4,69.3,281.8,245.2,429.3,,,1279.8,533.7,1025.0,1416.8,1005.0,,,,,,,,,,,,,,,,,312.2,184.4,95.5,452.8,121.2,,,424.2,217.6,622.7,777.3,365.0,,,294.7,298.7,393.6,206.9,240.1,,,161.5,554.8,349.9,705.1,272.8,,,820.0,971.2,386.7,1052.9,527.0,,,117.5,228.9,146.6,197.6,272.6,,,,,,,,,,,,,,,,,18.5,16.2,31.8,71.2,71.5,,,70.1,101.7,304.0,364.8,483.1,,,85.4,129.8,328.1,265.0,483.6,,,112.8,427.0,328.8,840.8,288.8,,,375.4,1041.1,581.3,1438.8,963.2,,,317.7,996.3,825.8,560.9,1116.3,,,,,,,,,,,,,,,,,1416.8,657.1,1748.3,985.7,3068.2,,,1697.0,410.7,2351.8,2068.3,3068.2,,,519.4,253.4,884.1,811.3,1077.4,,,2588.2,2807.9,1286.9,3068.2,1565.2,,,1127.2,2249.0,1374.7,2774.2,4028.7,,,4928.7,4289.8,2632.4,2573.9,5035.9,,,,,,,,,,,,,,,,,2195.7,2859.9,1149.6,1319.9,3736.3,,,2014.3,1194.0,1297.7,1883.3,2086.9,,,2774.2,1290.5,1429.9,1728.7,1666.5,,,628.6,675.3,648.8,626.0,663.7,,,1539.2,2932.3,3217.3,1666.5,4289.8,,,4876.8,2400.5,2175.1,1831.2,2249.0,,,,,,,,,,,,,,,,,,,,,,,,,,,,,,,,,,,,,,,,,,,,,,,,,,,,,,,,,,,,,,,,,,,,,,,,,,,,,,,,,,,,,,,,,,,,,,,,,,,,,,,,,,,,,,,,,,,,,,,,,,,,,,,,
20260907_久留米_8R,20260907,83,久留米,8,42.9,116.5,41.1,90.7,61.1,,,14.8,8.7,31.4,46.9,25.4,,,207.4,73.9,347.9,381.6,236.1,,,51.1,85.9,237.4,239.1,150.2,,,159.0,107.8,318.6,292.0,92.2,,,49.9,35.2,112.8,110.8,49.9,,,,,,,,,,,,,,,,,137.0,297.8,114.2,178.2,178.9,,,243.1,590.7,375.0,607.3,494.7,,,871.5,936.7,860.8,1485.4,1546.7,,,88.8,190.7,310.5,124.8,142.4,,,303.6,391.7,679.1,306.9,248.0,,,207.5,299.9,577.4,241.1,218.8,,,,,,,,,,,,,,,,,46.8,13.3,51.7,74.3,42.9,,,167.7,366.2,301.5,517.9,453.3,,,46.5,207.2,267.3,205.0,160.2,,,178.7,312.9,371.3,835.3,582.2,,,239.9,678.3,402.4,915.4,408.5,,,106.1,422.9,163.0,500.4,307.3,,,,,,,,,,,,,,,,,776.5,197.4,1146.6,851.7,590.7,,,1101.7,1315.4,1082.6,1792.9,2108.6,,,154.1,677.4,839.0,456.6,374.3,,,1641.3,1458.5,1670.6,2108.6,2800.9,,,1346.8,1948.0,1110.4,2963.1,1568.2,,,905.1,2025.1,772.2,2800.9,1282.4,,,,,,,,,,,,,,,,,70.1,144.1,326.3,256.2,188.7,,,55.1,188.1,186.6,96.2,99.6,,,219.1,309.6,448.2,996.4,650.1,,,751.6,537.2,1093.2,1792.9,1585.9,,,554.1,301.8,1226.5,1555.2,606.0,,,232.4,169.9,620.7,1027.3,487.0,,,,,,,,,,,,,,,,,488.7,221.3,695.9,746.6,198.1,,,434.7,512.2,1052.3,457.7,331.5,,,341.0,804.2,576.8,1144.3,433.4,,,1297.2,1726.9,862.1,2365.5,1262.3,,,1001.7,529.6,1400.4,2017.9,908.0,,,149.7,249.4,208.4,546.6,541.8,,,,,,,,,,,,,,,,,68.4,47.8,158.4,149.1,57.2,,,146.3,192.8,435.7,142.2,155.3,,,112.8,266.9,166.5,390.9,201.0,,,475.5,777.6,414.5,1153.6,698.5,,,238.2,150.3,474.3,871.5,441.9,,,72.4,116.3,107.3,236.7,236.9,,,,,,,,,,,,,,,,,,,,,,,,,,,,,,,,,,,,,,,,,,,,,,,,,,,,,,,,,,,,,,,,,,,,,,,,,,,,,,,,,,,,,,,,,,,,,,,,,,,,,,,,,,,,,,,,,,,,,,,,,,,,,,,,
20260907_久留米_9R,20260907,83,久留米,9,100.6,158.3,34.4,81.9,81.5,,,113.9,105.8,135.6,181.1,179.8,,,190.3,143.4,179.0,306.2,261.6,,,31.3,133.3,150.5,99.6,87.5,,,210.0,365.9,476.6,265.5,214.0,,,71.4,144.8,216.8,94.3,62.8,,,,,,,,,,,,,,,,,194.1,245.9,49.2,121.5,181.8,,,222.9,210.2,126.5,267.5,551.3,,,293.7,220.1,144.2,314.5,676.9,,,25.1,58.9,77.1,28.9,93.9,,,178.4,338.6,376.0,83.4,611.7,,,587.2,927.5,1015.4,361.7,826.7,,,,,,,,,,,,,,,,,158.4,103.5,111.6,148.9,197.1,,,150.8,131.4,111.7,214.0,358.0,,,47.1,57.6,38.3,63.2,184.7,,,106.5,101.4,91.0,175.9,337.8,,,173.8,252.6,150.6,186.1,308.2,,,356.3,604.1,464.7,386.9,442.5,,,,,,,,,,,,,,,,,232.6,135.8,184.3,257.1,379.3,,,191.6,104.5,119.6,180.6,485.4,,,55.8,45.3,40.8,51.3,211.7,,,137.6,136.4,88.0,165.1,423.9,,,336.9,258.1,151.2,224.0,536.6,,,557.0,911.0,594.3,749.5,675.2,,,,,,,,,,,,,,,,,33.7,110.1,126.1,107.3,83.5,,,18.6,42.4,58.3,24.2,96.4,,,111.9,88.5,82.4,154.9,353.0,,,132.0,114.9,80.3,179.0,326.9,,,232.8,123.0,278.1,286.9,398.3,,,379.2,462.0,767.4,801.6,693.4,,,,,,,,,,,,,,,,,578.3,539.7,708.2,589.2,649.1,,,654.5,549.5,643.9,299.2,924.1,,,493.3,519.5,305.5,467.3,817.5,,,730.9,648.3,360.8,502.7,856.3,,,523.7,326.0,537.4,527.5,1015.4,,,1108.5,1251.7,1221.9,1035.9,1017.4,,,,,,,,,,,,,,,,,578.9,796.6,728.3,538.8,581.9,,,1001.6,2030.9,2406.7,955.9,1987.7,,,1154.6,2488.3,1882.1,1991.6,2357.0,,,955.9,2406.7,1753.7,1946.3,1815.6,,,816.2,996.7,1610.7,2015.0,1815.6,,,1250.2,2389.9,2140.9,1906.6,1858.3,,,,,,,,,,,,,,,,,,,,,,,,,,,,,,,,,,,,,,,,,,,,,,,,,,,,,,,,,,,,,,,,,,,,,,,,,,,,,,,,,,,,,,,,,,,,,,,,,,,,,,,,,,,,,,,,,,,,,,,,,,,,,,,,
