race_key,date,jo_code,jo_name,race_no,1-2-3,1-2-4,1-2-5,1-2-6,1-2-7,1-2-8,1-2-9,1-3-2,1-3-4,1-3-5,1-3-6,1-3-7,1-3-8,1-3-9,1-4-2,1-4-3,1-4-5,1-4-6,1-4-7,1-4-8,1-4-9,1-5-2,1-5-3,1-5-4,1-5-6,1-5-7,1-5-8,1-5-9,1-6-2,1-6-3,1-6-4,1-6-5,1-6-7,1-6-8,1-6-9,1-7-2,1-7-3,1-7-4,1-7-5,1-7-6,1-7-8,1-7-9,1-8-2,1-8-3,1-8-4,1-8-5,1-8-6,1-8-7,1-8-9,1-9-2,1-9-3,1-9-4,1-9-5,1-9-6,1-9-7,1-9-8,2-1-3,2-1-4,2-1-5,2-1-6,2-1-7,2-1-8,2-1-9,2-3-1,2-3-4,2-3-5,2-3-6,2-3-7,2-3-8,2-3-9,2-4-1,2-4-3,2-4-5,2-4-6,2-4-7,2-4-8,2-4-9,2-5-1,2-5-3,2-5-4,2-5-6,2-5-7,2-5-8,2-5-9,2-6-1,2-6-3,2-6-4,2-6-5,2-6-7,2-6-8,2-6-9,2-7-1,2-7-3,2-7-4,2-7-5,2-7-6,2-7-8,2-7-9,2-8-1,2-8-3,2-8-4,2-8-5,2-8-6,2-8-7,2-8-9,2-9-1,2-9-3,2-9-4,2-9-5,2-9-6,2-9-7,2-9-8,3-1-2,3-1-4,3-1-5,3-1-6,3-1-7,3-1-8,3-1-9,3-2-1,3-2-4,3-2-5,3-2-6,3-2-7,3-2-8,3-2-9,3-4-1,3-4-2,3-4-5,3-4-6,3-4-7,3-4-8,3-4-9,3-5-1,3-5-2,3-5-4,3-5-6,3-5-7,3-5-8,3-5-9,3-6-1,3-6-2,3-6-4,3-6-5,3-6-7,3-6-8,3-6-9,3-7-1,3-7-2,3-7-4,3-7-5,3-7-6,3-7-8,3-7-9,3-8-1,3-8-2,3-8-4,3-8-5,3-8-6,3-8-7,3-8-9,3-9-1,3-9-2,3-9-4,3-9-5,3-9-6,3-9-7,3-9-8,4-1-2,4-1-3,4-1-5,4-1-6,4-1-7,4-1-8,4-1-9,4-2-1,4-2-3,4-2-5,4-2-6,4-2-7,4-2-8,4-2-9,4-3-1,4-3-2,4-3-5,4-3-6,4-3-7,4-3-8,4-3-9,4-5-1,4-5-2,4-5-3,4-5-6,4-5-7,4-5-8,4-5-9,4-6-1,4-6-2,4-6-3,4-6-5,4-6-7,4-6-8,4-6-9,4-7-1,4-7-2,4-7-3,4-7-5,4-7-6,4-7-8,4-7-9,4-8-1,4-8-2,4-8-3,4-8-5,4-8-6,4-8-7,4-8-9,4-9-1,4-9-2,4-9-3,4-9-5,4-9-6,4-9-7,4-9-8,5-1-2,5-1-3,5-1-4,5-1-6,5-1-7,5-1-8,5-1-9,5-2-1,5-2-3,5-2-4,5-2-6,5-2-7,5-2-8,5-2-9,5-3-1,5-3-2,5-3-4,5-3-6,5-3-7,5-3-8,5-3-9,5-4-1,5-4-2,5-4-3,5-4-6,5-4-7,5-4-8,5-4-9,5-6-1,5-6-2,5-6-3,5-6-4,5-6-7,5-6-8,5-6-9,5-7-1,5-7-2,5-7-3,5-7-4,5-7-6,5-7-8,5-7-9,5-8-1,5-8-2,5-8-3,5-8-4,5-8-6,5-8-7,5-8-9,5-9-1,5-9-2,5-9-3,5-9-4,5-9-6,5-9-7,5-9-8,6-1-2,6-1-3,6-1-4,6-1-5,6-1-7,6-1-8,6-1-9,6-2-1,6-2-3,6-2-4,6-2-5,6-2-7,6-2-8,6-2-9,6-3-1,6-3-2,6-3-4,6-3-5,6-3-7,6-3-8,6-3-9,6-4-1,6-4-2,6-4-3,6-4-5,6-4-7,6-4-8,6-4-9,6-5-1,6-5-2,6-5-3,6-5-4,6-5-7,6-5-8,6-5-9,6-7-1,6-7-2,6-7-3,6-7-4,6-7-5,6-7-8,6-7-9,6-8-1,6-8-2,6-8-3,6-8-4,6-8-5,6-8-7,6-8-9,6-9-1,6-9-2,6-9-3,6-9-4,6-9-5,6-9-7,6-9-8,7-1-2,7-1-3,7-1-4,7-1-5,7-1-6,7-1-8,7-1-9,7-2-1,7-2-3,7-2-4,7-2-5,7-2-6,7-2-8,7-2-9,7-3-1,7-3-2,7-3-4,7-3-5,7-3-6,7-3-8,7-3-9,7-4-1,7-4-2,7-4-3,7-4-5,7-4-6,7-4-8,7-4-9,7-5-1,7-5-2,7-5-3,7-5-4,7-5-6,7-5-8,7-5-9,7-6-1,7-6-2,7-6-3,7-6-4,7-6-5,7-6-8,7-6-9,7-8-1,7-8-2,7-8-3,7-8-4,7-8-5,7-8-6,7-8-9,7-9-1,7-9-2,7-9-3,7-9-4,7-9-5,7-9-6,7-9-8,8-1-2,8-1-3,8-1-4,8-1-5,8-1-6,8-1-7,8-1-9,8-2-1,8-2-3,8-2-4,8-2-5,8-2-6,8-2-7,8-2-9,8-3-1,8-3-2,8-3-4,8-3-5,8-3-6,8-3-7,8-3-9,8-4-1,8-4-2,8-4-3,8-4-5,8-4-6,8-4-7,8-4-9,8-5-1,8-5-2,8-5-3,8-5-4,8-5-6,8-5-7,8-5-9,8-6-1,8-6-2,8-6-3,8-6-4,8-6-5,8-6-7,8-6-9,8-7-1,8-7-2,8-7-3,8-7-4,8-7-5,8-7-6,8-7-9,8-9-1,8-9-2,8-9-3,8-9-4,8-9-5,8-9-6,8-9-7,9-1-2,9-1-3,9-1-4,9-1-5,9-1-6,9-1-7,9-1-8,9-2-1,9-2-3,9-2-4,9-2-5,9-2-6,9-2-7,9-2-8,9-3-1,9-3-2,9-3-4,9-3-5,9-3-6,9-3-7,9-3-8,9-4-1,9-4-2,9-4-3,9-4-5,9-4-6,9-4-7,9-4-8,9-5-1,9-5-2,9-5-3,9-5-4,9-5-6,9-5-7,9-5-8,9-6-1,9-6-2,9-6-3,9-6-4,9-6-5,9-6-7,9-6-8,9-7-1,9-7-2,9-7-3,9-7-4,9-7-5,9-7-6,9-7-8,9-8-1,9-8-2,9-8-3,9-8-4,9-8-5,9-8-6,9-8-7
20260908_いわき平_1R,20260908,13,いわき平,1,377.4,120.4,412.5,1128.7,453.2,,,418.3,116.9,787.1,607.3,601.2,,,53.7,37.1,114.9,26.0,76.6,,,1128.7,1022.6,543.8,3323.6,1734.0,,,1246.3,580.8,196.7,1961.5,1929.8,,,448.1,529.4,132.6,1139.5,1899.2,,,,,,,,,,,,,,,,,276.9,86.2,201.4,629.7,242.2,,,219.9,60.0,40.1,364.7,60.9,,,62.5,81.7,62.4,179.3,107.5,,,99.1,18.8,24.1,140.7,10.2,,,1068.3,813.9,592.3,619.9,699.7,,,93.1,29.3,32.0,5.9,193.6,,,,,,,,,,,,,,,,,318.2,108.0,522.4,551.3,575.2,,,276.3,110.6,75.5,559.1,126.7,,,112.8,147.3,255.6,223.6,343.8,,,825.1,215.5,306.8,1459.1,443.1,,,980.7,1107.8,626.4,1553.9,1899.2,,,708.0,165.0,273.1,371.5,1514.5,,,,,,,,,,,,,,,,,79.0,52.6,169.2,33.5,135.9,,,141.2,184.0,203.4,176.7,288.3,,,111.5,222.8,474.8,203.1,578.0,,,515.7,509.1,752.5,598.2,997.1,,,111.0,266.4,197.4,572.4,598.2,,,323.3,296.9,626.4,792.3,575.2,,,,,,,,,,,,,,,,,1220.9,1534.0,1031.4,3739.1,1961.5,,,354.0,105.3,119.2,345.8,72.3,,,1391.3,235.0,415.4,1441.5,443.1,,,1014.0,364.7,546.3,854.6,1005.4,,,3519.1,1759.5,2719.3,1661.8,1869.5,,,1424.4,135.0,498.5,830.9,1961.5,,,,,,,,,,,,,,,,,1685.2,1344.4,268.8,3988.4,2719.3,,,2028.0,1424.4,1173.0,1994.2,1994.2,,,1424.4,1314.8,899.6,2492.7,2545.7,,,236.4,848.5,556.5,1391.3,1314.8,,,4786.0,2918.3,3859.7,1961.5,4602.0,,,2848.8,1961.5,2658.9,1553.9,4985.5,,,,,,,,,,,,,,,,,354.0,567.0,118.7,867.0,1286.5,,,127.9,53.7,45.0,18.1,267.0,,,643.2,146.8,263.5,291.8,1220.9,,,159.5,177.0,277.6,357.1,416.9,,,988.8,80.4,342.8,393.5,1424.4,,,1994.2,1161.6,1994.2,1139.5,2545.7,,,,,,,,,,,,,,,,,,,,,,,,,,,,,,,,,,,,,,,,,,,,,,,,,,,,,,,,,,,,,,,,,,,,,,,,,,,,,,,,,,,,,,,,,,,,,,,,,,,,,,,,,,,,,,,,,,,,,,,,,,,,,,,,
20260908_いわき平_2R,20260908,13,いわき平,2,149.0,350.0,259.1,220.8,116.3,,,408.2,962.1,755.9,498.5,694.8,,,739.7,1228.4,535.3,1389.7,1262.2,,,545.9,772.9,539.5,1074.9,838.9,,,365.9,385.4,1137.0,1137.0,1100.7,,,192.9,429.9,1058.3,652.0,636.9,,,,,,,,,,,,,,,,,41.4,107.7,68.8,65.0,33.1,,,32.3,52.4,32.0,15.3,22.1,,,142.1,61.4,28.4,122.0,84.1,,,75.4,50.1,38.8,95.6,62.8,,,64.1,15.3,109.8,78.8,37.3,,,12.2,8.8,34.0,22.8,19.4,,,,,,,,,,,,,,,,,527.1,1034.5,681.1,322.2,905.1,,,227.4,351.8,214.3,89.1,171.7,,,1146.5,664.6,513.3,587.9,1495.5,,,712.8,493.1,539.5,446.7,962.1,,,179.3,85.7,303.0,215.9,243.9,,,997.0,346.5,1965.5,844.1,642.9,,,,,,,,,,,,,,,,,1146.5,1511.9,606.1,1418.4,1719.8,,,799.9,371.8,174.6,709.2,458.6,,,1403.9,809.3,566.2,905.1,1965.5,,,338.0,186.4,255.7,477.7,464.8,,,1618.6,1118.6,1389.7,795.3,1810.3,,,2116.7,1166.0,3620.7,1206.9,2807.9,,,,,,,,,,,,,,,,,804.6,1058.3,466.4,1196.4,1322.9,,,533.2,397.6,300.4,568.5,342.2,,,1011.6,600.8,539.5,636.9,1206.9,,,351.8,239.2,307.1,515.3,487.9,,,1741.6,1050.2,1091.9,760.1,2219.1,,,1698.6,545.9,1298.0,935.9,2053.5,,,,,,,,,,,,,,,,,374.9,463.2,1166.0,1262.2,982.7,,,130.7,52.3,288.4,238.4,97.0,,,116.3,49.4,271.3,257.1,131.4,,,1677.9,751.8,760.1,881.9,1859.3,,,1310.3,606.1,838.9,948.8,1741.6,,,655.1,257.1,428.6,1186.1,1186.1,,,,,,,,,,,,,,,,,229.6,580.5,1166.0,1137.0,705.5,,,88.1,78.3,288.4,149.7,148.4,,,923.4,307.8,2501.6,899.2,849.3,,,2807.9,1186.1,3439.7,1937.8,2807.9,,,1637.9,568.5,1273.9,1563.5,2053.5,,,1127.7,467.9,833.8,2084.6,1910.9,,,,,,,,,,,,,,,,,,,,,,,,,,,,,,,,,,,,,,,,,,,,,,,,,,,,,,,,,,,,,,,,,,,,,,,,,,,,,,,,,,,,,,,,,,,,,,,,,,,,,,,,,,,,,,,,,,,,,,,,,,,,,,,,
20260908_いわき平_3R,20260908,13,いわき平,3,1129.1,711.3,846.8,1368.0,516.7,,,1604.5,589.5,1359.2,3138.3,503.3,,,1100.0,521.7,1192.2,2540.5,338.2,,,936.0,1451.7,1368.0,2319.6,583.0,,,3092.8,4850.1,3233.4,4540.6,2371.2,,,142.1,191.9,150.8,180.7,572.1,,,,,,,,,,,,,,,,,1198.9,908.1,596.1,908.1,487.2,,,1056.4,255.8,287.2,432.0,529.5,,,654.6,221.8,159.8,210.2,258.6,,,200.0,121.8,87.4,43.7,97.3,,,817.6,432.8,288.0,120.7,347.0,,,272.9,291.5,208.6,117.8,183.4,,,,,,,,,,,,,,,,,770.4,289.1,681.8,1763.7,289.1,,,695.1,172.1,270.8,441.8,371.7,,,100.4,69.7,47.0,224.6,30.7,,,625.8,267.4,93.8,817.6,155.3,,,3442.0,1482.0,889.2,1735.0,1524.3,,,197.2,271.1,57.5,140.8,764.9,,,,,,,,,,,,,,,,,420.0,232.9,412.7,1147.3,146.9,,,386.6,79.8,85.5,113.1,75.9,,,76.9,35.6,34.5,84.7,18.2,,,297.2,75.1,69.1,235.0,82.5,,,1094.4,290.3,296.4,460.9,303.5,,,46.5,36.3,22.5,47.3,114.1,,,,,,,,,,,,,,,,,584.6,1011.4,754.0,1604.5,464.9,,,245.8,132.0,96.6,69.0,104.4,,,702.0,295.5,132.7,827.1,240.8,,,433.7,150.1,108.8,473.1,155.7,,,1461.7,398.1,1309.2,923.8,983.4,,,231.9,138.3,198.5,150.9,474.2,,,,,,,,,,,,,,,,,4355.2,5335.2,3334.5,5335.2,3556.8,,,1957.8,1293.3,904.2,440.9,1262.7,,,3880.1,2319.6,1385.7,3005.7,2808.0,,,3617.0,1432.2,1502.8,1922.6,1749.2,,,2923.4,584.6,2071.9,1629.0,1957.8,,,3048.6,1735.0,2883.9,1569.1,2270.3,,,,,,,,,,,,,,,,,30.4,47.8,23.4,45.6,169.2,,,84.3,92.3,62.1,49.9,100.1,,,91.9,109.1,30.3,92.9,451.1,,,44.9,45.0,20.3,52.0,111.7,,,128.6,61.8,104.9,74.0,300.5,,,908.1,506.9,1035.9,564.5,720.9,,,,,,,,,,,,,,,,,,,,,,,,,,,,,,,,,,,,,,,,,,,,,,,,,,,,,,,,,,,,,,,,,,,,,,,,,,,,,,,,,,,,,,,,,,,,,,,,,,,,,,,,,,,,,,,,,,,,,,,,,,,,,,,,
20260908_いわき平_4R,20260908,13,いわき平,4,717.2,232.3,785.2,953.5,193.9,,,880.1,440.0,949.7,855.1,576.2,,,88.8,120.1,106.0,131.2,29.8,,,1465.1,1969.5,700.5,1953.5,903.3,,,1009.5,525.7,366.8,1219.7,510.1,,,87.0,219.6,43.8,285.3,263.7,,,,,,,,,,,,,,,,,1063.2,407.9,1456.2,1511.2,257.8,,,2089.4,1540.2,1806.6,1530.4,698.5,,,353.3,831.4,924.1,1264.6,211.1,,,2332.8,2427.1,1601.8,1922.2,553.6,,,1862.6,1320.2,1421.8,1892.0,547.3,,,119.7,176.2,86.4,172.7,200.5,,,,,,,,,,,,,,,,,2107.7,858.1,1937.7,1087.2,755.6,,,2966.4,1657.1,2794.0,1716.3,1232.2,,,552.3,1492.4,1213.5,583.2,465.6,,,2930.2,2611.7,1820.3,968.8,1907.0,,,558.8,476.7,254.2,360.2,405.8,,,798.2,852.0,520.0,1511.2,593.2,,,,,,,,,,,,,,,,,55.0,53.8,53.3,82.1,18.5,,,143.2,352.3,361.3,547.3,124.4,,,168.8,449.1,295.9,227.7,182.3,,,171.0,408.6,312.4,409.3,220.6,,,201.9,544.8,229.2,391.3,234.4,,,19.0,39.4,80.8,89.7,118.8,,,,,,,,,,,,,,,,,3337.2,3533.5,843.1,4290.7,1570.4,,,3586.3,3533.5,1728.6,3161.6,1373.0,,,3939.0,3939.0,2669.8,2036.3,3482.3,,,1155.2,1834.2,2288.4,2402.8,1251.4,,,2894.9,4215.5,2355.7,2730.5,3203.7,,,1160.7,1044.7,1953.5,968.8,2126.4,,,,,,,,,,,,,,,,,1219.7,537.5,442.5,1465.1,606.7,,,1474.1,831.4,1213.5,1421.8,674.9,,,270.8,321.2,118.4,252.6,136.5,,,271.5,820.0,237.6,748.5,248.9,,,2826.8,2451.8,1298.8,1680.3,2089.4,,,342.2,459.4,166.7,165.1,968.8,,,,,,,,,,,,,,,,,37.8,86.0,14.3,156.3,125.4,,,24.4,47.2,10.0,44.3,46.1,,,178.3,184.4,100.6,315.3,136.6,,,7.5,14.7,35.0,48.9,47.5,,,454.2,319.1,596.2,342.7,811.7,,,175.1,212.6,81.2,71.9,564.0,,,,,,,,,,,,,,,,,,,,,,,,,,,,,,,,,,,,,,,,,,,,,,,,,,,,,,,,,,,,,,,,,,,,,,,,,,,,,,,,,,,,,,,,,,,,,,,,,,,,,,,,,,,,,,,,,,,,,,,,,,,,,,,,
20260908_いわき平_5R,20260908,13,いわき平,5,236.6,156.9,67.1,262.2,173.2,,,375.9,463.5,116.7,838.0,172.0,,,182.8,261.1,102.9,638.2,232.1,,,10.6,24.4,26.4,57.7,3.7,,,484.2,855.3,987.7,317.8,725.6,,,87.4,66.0,161.1,16.3,247.1,,,,,,,,,,,,,,,,,455.8,264.7,200.2,411.4,424.7,,,643.1,681.9,905.1,660.2,1190.9,,,146.4,252.9,190.5,103.9,410.0,,,188.7,613.0,281.2,458.3,665.5,,,457.5,466.9,245.9,576.1,1157.7,,,780.2,1659.3,1185.2,987.7,1565.4,,,,,,,,,,,,,,,,,785.1,1082.1,265.3,1455.5,427.6,,,763.5,895.3,1091.6,840.8,1072.8,,,1101.3,1157.7,1185.2,1422.3,1740.5,,,349.0,1232.2,1157.7,2109.3,979.9,,,1991.2,1765.2,2539.8,3072.9,2765.6,,,835.2,2242.3,2109.3,1323.9,2828.4,,,,,,,,,,,,,,,,,271.1,419.7,120.6,797.7,304.2,,,140.8,388.3,202.0,154.2,431.3,,,421.8,734.2,693.3,1338.2,999.6,,,103.6,255.0,455.0,835.2,430.6,,,1152.3,563.1,1096.5,1390.5,1269.9,,,763.5,713.1,953.6,747.4,1447.1,,,,,,,,,,,,,,,,,11.2,33.0,30.4,81.9,6.1,,,68.5,259.0,127.8,210.9,290.0,,,193.7,473.2,532.9,1157.7,541.0,,,70.6,106.0,279.9,532.9,284.1,,,605.6,660.2,1257.0,1190.9,1147.0,,,76.9,299.1,401.4,341.4,685.6,,,,,,,,,,,,,,,,,1352.7,1626.8,2040.2,1152.3,1929.5,,,946.4,775.4,446.8,1352.7,1843.7,,,1816.8,1545.9,1900.0,2705.4,2998.8,,,1499.4,510.0,1028.5,2023.6,1740.5,,,1382.8,1616.2,2202.7,2393.3,2566.0,,,2514.1,3555.7,3715.0,2894.2,2860.9,,,,,,,,,,,,,,,,,408.0,380.5,594.0,89.9,995.6,,,745.2,2620.0,1605.8,1250.7,2440.2,,,840.8,2074.2,2894.2,1296.3,2796.6,,,1024.3,1575.3,2348.1,1116.1,1740.5,,,152.4,715.2,772.9,858.2,1390.5,,,2489.0,3318.7,3232.5,2262.7,2489.0,,,,,,,,,,,,,,,,,,,,,,,,,,,,,,,,,,,,,,,,,,,,,,,,,,,,,,,,,,,,,,,,,,,,,,,,,,,,,,,,,,,,,,,,,,,,,,,,,,,,,,,,,,,,,,,,,,,,,,,,,,,,,,,,
20260908_いわき平_6R,20260908,13,いわき平,6,672.1,255.1,395.5,779.3,652.4,,,777.2,523.3,400.5,1153.4,296.6,,,131.6,304.1,192.6,213.7,339.2,,,235.2,231.2,137.2,390.2,338.8,,,1478.7,2045.1,730.0,1310.7,2252.8,,,562.1,308.7,517.7,461.3,1666.8,,,,,,,,,,,,,,,,,309.4,105.9,163.0,209.7,324.0,,,245.6,100.6,341.2,304.5,94.0,,,34.2,35.0,73.7,5.3,30.3,,,269.4,520.5,191.0,416.7,609.6,,,298.2,356.8,37.9,473.5,349.1,,,261.9,63.7,77.0,414.3,190.4,,,,,,,,,,,,,,,,,438.2,456.9,286.3,948.5,130.4,,,546.1,259.3,768.9,868.5,258.8,,,329.9,225.9,506.7,365.0,188.2,,,649.4,1026.2,739.3,1167.4,543.0,,,2104.8,1486.4,892.7,1716.4,1029.8,,,102.9,117.6,96.8,203.2,263.8,,,,,,,,,,,,,,,,,42.5,162.7,106.4,66.4,152.8,,,18.4,29.1,53.0,8.1,31.1,,,208.2,96.0,380.9,154.9,139.1,,,219.6,210.3,417.3,272.0,507.6,,,58.1,22.6,111.8,165.2,118.0,,,172.6,85.3,97.2,349.5,138.6,,,,,,,,,,,,,,,,,409.6,377.4,210.9,439.5,440.2,,,705.0,1304.8,436.2,1517.6,1335.0,,,843.1,1335.0,967.6,1610.9,1092.2,,,368.7,428.4,694.8,479.8,1242.9,,,1360.1,1791.0,1629.1,936.2,1791.0,,,701.6,1386.3,884.5,961.2,1441.8,,,,,,,,,,,,,,,,,2059.7,2574.6,777.2,2443.7,3353.0,,,1328.8,1386.3,165.1,1747.6,1620.0,,,2912.7,2059.7,980.8,2942.4,2059.7,,,413.7,105.7,508.5,595.7,567.6,,,2306.8,2074.5,1988.7,1176.9,2218.1,,,3432.8,2184.5,1666.8,1033.5,3744.9,,,,,,,,,,,,,,,,,229.5,148.1,279.9,339.6,1056.2,,,267.2,128.6,148.6,622.8,487.9,,,64.7,62.8,53.2,179.1,188.9,,,192.2,97.1,98.4,447.7,186.2,,,773.0,997.7,589.6,787.8,1413.5,,,1575.7,1172.2,683.3,680.0,2325.5,,,,,,,,,,,,,,,,,,,,,,,,,,,,,,,,,,,,,,,,,,,,,,,,,,,,,,,,,,,,,,,,,,,,,,,,,,,,,,,,,,,,,,,,,,,,,,,,,,,,,,,,,,,,,,,,,,,,,,,,,,,,,,,,
20260908_いわき平_7R,20260908,13,いわき平,7,158.6,0.0,73.5,224.1,79.5,,,230.8,0.0,140.1,228.9,256.6,,,0.0,0.0,0.0,0.0,0.0,,,22.3,49.3,0.0,53.0,43.5,,,303.6,195.4,0.0,166.3,338.4,,,116.2,258.7,0.0,107.4,281.6,,,,,,,,,,,,,,,,,110.2,0.0,63.6,129.0,43.6,,,149.6,0.0,187.0,88.2,64.8,,,0.0,0.0,0.0,0.0,0.0,,,53.6,135.9,0.0,131.9,35.8,,,145.0,64.9,0.0,175.3,38.5,,,18.6,32.0,0.0,18.5,22.9,,,,,,,,,,,,,,,,,286.1,0.0,213.5,220.6,397.4,,,269.7,0.0,338.4,208.9,210.3,,,0.0,0.0,0.0,0.0,0.0,,,261.7,311.6,0.0,308.2,440.4,,,117.5,93.5,0.0,155.9,140.9,,,387.5,232.5,0.0,357.4,272.9,,,,,,,,,,,,,,,,,0.0,0.0,0.0,0.0,0.0,,,0.0,0.0,0.0,0.0,0.0,,,0.0,0.0,0.0,0.0,0.0,,,0.0,0.0,0.0,0.0,0.0,,,0.0,0.0,0.0,0.0,0.0,,,0.0,0.0,0.0,0.0,0.0,,,,,,,,,,,,,,,,,15.8,47.6,0.0,45.2,38.9,,,50.8,154.1,0.0,161.6,51.2,,,186.2,247.6,0.0,297.8,367.4,,,0.0,0.0,0.0,0.0,0.0,,,172.7,245.4,220.6,0.0,210.3,,,85.1,74.5,224.3,0.0,180.7,,,,,,,,,,,,,,,,,231.7,146.2,0.0,201.6,272.0,,,157.0,59.8,0.0,178.5,54.8,,,65.7,40.5,0.0,97.2,82.2,,,0.0,0.0,0.0,0.0,0.0,,,212.6,249.6,207.0,0.0,208.0,,,260.9,83.6,139.0,0.0,240.7,,,,,,,,,,,,,,,,,95.5,308.5,0.0,119.4,306.6,,,36.2,37.0,0.0,28.4,45.1,,,318.4,113.0,0.0,262.0,212.6,,,0.0,0.0,0.0,0.0,0.0,,,80.1,66.5,208.3,0.0,197.6,,,322.1,121.1,141.3,0.0,264.2,,,,,,,,,,,,,,,,,,,,,,,,,,,,,,,,,,,,,,,,,,,,,,,,,,,,,,,,,,,,,,,,,,,,,,,,,,,,,,,,,,,,,,,,,,,,,,,,,,,,,,,,,,,,,,,,,,,,,,,,,,,,,,,,
20260908_いわき平_8R,20260908,13,いわき平,8,137.9,123.4,83.4,263.4,86.1,,,178.6,224.5,128.6,197.9,267.3,,,180.5,282.4,148.8,278.0,162.3,,,81.9,95.7,88.6,104.5,99.7,,,376.7,311.3,227.2,200.9,353.1,,,181.7,496.0,159.6,224.4,590.1,,,,,,,,,,,,,,,,,29.5,32.1,28.3,92.0,25.4,,,62.8,83.6,167.9,138.4,90.1,,,42.4,63.6,108.9,184.1,14.6,,,42.8,177.4,140.3,267.1,124.9,,,395.9,444.0,505.3,699.8,508.1,,,16.8,43.2,6.1,59.6,125.0,,,,,,,,,,,,,,,,,143.8,160.2,148.0,121.4,163.5,,,125.9,151.3,257.9,203.0,130.5,,,257.2,241.8,608.6,243.7,201.9,,,238.0,416.7,611.4,514.9,612.7,,,141.0,280.3,168.7,502.5,180.8,,,225.7,189.2,144.9,626.9,223.6,,,,,,,,,,,,,,,,,233.0,439.7,311.3,382.5,242.9,,,130.8,168.8,331.9,361.1,49.6,,,423.8,283.0,940.4,672.1,343.7,,,550.5,547.1,1440.7,1736.2,767.2,,,813.3,1003.1,1214.6,2006.3,767.2,,,174.1,51.0,180.6,328.7,289.0,,,,,,,,,,,,,,,,,156.1,227.2,186.7,250.3,216.6,,,159.6,392.5,392.5,635.8,230.5,,,473.5,728.1,1177.6,970.8,1133.2,,,611.4,742.0,1703.5,1842.5,960.4,,,1198.4,2604.3,2276.1,2792.3,1661.6,,,334.8,279.5,953.7,392.5,1101.0,,,,,,,,,,,,,,,,,1714.2,950.3,1271.6,1133.2,1123.8,,,1327.7,859.8,1277.6,1817.8,1114.6,,,641.8,953.7,756.5,1714.2,778.3,,,1934.6,1671.9,1612.2,3343.9,1830.1,,,1934.6,3343.9,2912.4,3343.9,2531.3,,,2202.0,1631.6,1842.5,1418.0,2295.3,,,,,,,,,,,,,,,,,186.6,699.8,256.9,429.9,771.6,,,77.7,134.0,24.7,171.9,293.4,,,651.0,308.4,441.8,1123.8,957.0,,,177.6,37.5,236.9,383.6,296.0,,,520.8,372.0,950.3,497.8,1033.8,,,2202.0,1138.0,1793.7,896.8,1920.9,,,,,,,,,,,,,,,,,,,,,,,,,,,,,,,,,,,,,,,,,,,,,,,,,,,,,,,,,,,,,,,,,,,,,,,,,,,,,,,,,,,,,,,,,,,,,,,,,,,,,,,,,,,,,,,,,,,,,,,,,,,,,,,,
20260908_いわき平_9R,20260908,13,いわき平,9,1127.0,625.6,915.7,1145.3,857.6,,,639.3,141.4,266.5,354.1,223.6,,,204.4,42.5,68.3,51.8,49.9,,,341.0,138.7,72.7,153.3,73.2,,,421.6,198.8,46.3,140.8,168.4,,,252.2,173.0,104.9,91.4,284.7,,,,,,,,,,,,,,,,,2585.5,2170.5,2328.7,3907.0,1119.8,,,3031.3,3286.2,2131.1,3588.0,1483.6,,,2882.2,4236.5,3701.4,4186.1,2408.4,,,1749.4,1715.2,2254.0,3057.6,428.8,,,4688.4,4288.2,5096.1,4626.7,3255.8,,,791.9,722.0,1025.1,326.1,1870.3,,,,,,,,,,,,,,,,,632.4,127.3,182.6,387.2,177.4,,,1337.0,1860.4,1046.5,2157.2,843.2,,,290.1,1292.7,552.8,1013.3,631.2,,,194.1,453.1,404.1,280.6,157.1,,,400.4,1841.0,942.7,450.8,982.2,,,191.4,285.8,280.8,126.1,719.0,,,,,,,,,,,,,,,,,477.7,155.4,185.3,197.6,162.7,,,1620.4,2684.2,2835.7,3662.8,2020.8,,,397.7,1627.9,872.5,1373.5,887.9,,,276.2,1784.9,841.2,1229.4,470.0,,,553.7,3662.8,1900.7,1620.4,1997.9,,,431.9,963.3,827.3,475.1,1706.9,,,,,,,,,,,,,,,,,161.2,62.6,32.5,57.1,35.3,,,440.6,514.0,788.4,935.1,145.1,,,143.0,388.1,248.8,288.2,114.3,,,107.9,604.1,304.1,367.8,173.8,,,49.7,406.9,238.7,173.3,165.1,,,10.8,9.5,24.9,42.9,47.2,,,,,,,,,,,,,,,,,602.1,357.3,79.5,133.5,295.9,,,2511.6,3196.6,3995.8,2813.0,2858.8,,,960.7,2283.3,1635.5,793.7,1605.6,,,326.1,3111.8,1522.2,821.5,1715.2,,,107.2,726.5,365.1,331.7,292.2,,,542.6,843.2,1068.7,1598.3,381.3,,,,,,,,,,,,,,,,,118.2,139.3,109.2,54.9,268.4,,,116.2,135.8,326.1,43.7,463.2,,,205.2,193.4,466.9,93.9,737.1,,,268.0,458.4,589.0,262.2,1321.9,,,14.0,8.9,20.6,60.2,61.2,,,335.2,479.7,746.5,1156.6,191.5,,,,,,,,,,,,,,,,,,,,,,,,,,,,,,,,,,,,,,,,,,,,,,,,,,,,,,,,,,,,,,,,,,,,,,,,,,,,,,,,,,,,,,,,,,,,,,,,,,,,,,,,,,,,,,,,,,,,,,,,,,,,,,,,
20260908_いわき平_10R,20260908,13,いわき平,10,549.2,289.6,298.9,786.5,148.3,,,841.4,332.0,790.7,726.3,701.2,,,260.0,243.1,379.8,580.7,216.0,,,173.9,306.5,197.9,414.4,150.5,,,1501.6,1249.2,1120.5,1491.6,1627.6,,,111.7,307.3,181.0,242.2,557.4,,,,,,,,,,,,,,,,,331.3,227.1,160.0,538.6,78.9,,,326.2,222.5,551.9,364.9,130.6,,,179.0,141.2,294.1,430.0,48.2,,,139.0,469.9,371.0,591.4,88.2,,,806.4,697.9,948.9,1327.3,372.9,,,25.0,30.9,21.9,36.9,85.9,,,,,,,,,,,,,,,,,803.5,354.5,767.6,561.6,652.0,,,552.6,261.2,856.0,472.4,269.9,,,146.5,114.5,278.3,57.6,101.6,,,821.3,1186.1,563.1,984.5,1101.2,,,498.8,440.2,130.6,653.9,430.9,,,380.8,190.7,172.5,638.0,317.2,,,,,,,,,,,,,,,,,228.4,169.4,313.8,418.7,198.3,,,144.3,94.0,271.4,282.0,45.2,,,99.3,62.6,218.4,41.5,60.9,,,388.1,482.1,638.9,1064.4,468.4,,,534.1,514.4,162.0,1085.1,453.2,,,72.8,34.1,68.5,211.9,208.5,,,,,,,,,,,,,,,,,97.0,181.9,192.3,381.5,138.1,,,159.7,362.0,353.9,874.4,188.6,,,640.7,919.5,668.6,910.1,1032.3,,,531.5,819.8,944.8,1748.9,752.0,,,1587.1,1973.4,1881.8,2241.1,1633.6,,,226.9,245.9,680.8,426.3,796.4,,,,,,,,,,,,,,,,,2252.4,1522.1,1604.2,2787.4,2263.9,,,2055.2,1256.3,1304.0,2133.9,986.7,,,883.1,851.1,289.0,1511.8,838.3,,,1242.3,1155.4,375.7,1827.8,1032.3,,,2858.9,2736.1,2397.7,2423.8,2144.1,,,1721.9,925.2,980.1,1002.2,1670.3,,,,,,,,,,,,,,,,,50.2,142.1,82.9,108.6,268.1,,,13.7,15.2,10.6,30.9,52.8,,,110.0,62.5,59.5,212.4,132.8,,,58.5,25.2,42.1,147.8,147.7,,,127.4,102.0,311.0,198.7,389.5,,,576.9,270.7,324.1,343.8,488.4,,,,,,,,,,,,,,,,,,,,,,,,,,,,,,,,,,,,,,,,,,,,,,,,,,,,,,,,,,,,,,,,,,,,,,,,,,,,,,,,,,,,,,,,,,,,,,,,,,,,,,,,,,,,,,,,,,,,,,,,,,,,,,,,
20260908_いわき平_11R,20260908,13,いわき平,11,688.5,196.2,713.9,789.6,528.9,,,749.2,296.5,635.2,1052.2,932.6,,,99.1,147.9,181.1,106.5,181.4,,,1006.2,925.4,542.0,1297.6,1195.1,,,1318.8,1624.2,373.1,1371.1,1772.9,,,606.5,1012.6,434.8,663.9,1503.1,,,,,,,,,,,,,,,,,467.6,142.6,408.8,542.6,294.9,,,460.1,155.8,205.9,517.1,233.4,,,54.2,74.5,59.6,47.2,37.9,,,356.1,218.0,101.4,363.3,183.6,,,809.4,804.0,242.7,588.8,447.7,,,136.9,118.7,31.2,76.2,149.4,,,,,,,,,,,,,,,,,714.9,262.2,360.6,904.7,827.3,,,542.6,208.9,207.8,841.7,392.2,,,162.7,147.5,115.2,224.2,338.0,,,203.9,117.4,92.1,434.4,296.0,,,1657.6,2327.0,1059.1,1359.6,2444.5,,,1049.9,567.4,624.5,512.1,1624.2,,,,,,,,,,,,,,,,,18.4,52.8,50.6,15.3,50.3,,,18.3,34.7,31.0,16.4,21.0,,,81.0,67.7,75.0,80.8,188.2,,,109.0,59.7,100.0,84.5,167.8,,,32.7,21.7,76.7,59.4,55.1,,,76.8,27.6,168.2,143.1,52.1,,,,,,,,,,,,,,,,,868.9,619.7,550.6,1301.1,1144.2,,,549.4,246.9,148.4,478.7,276.4,,,238.4,139.1,125.8,583.8,355.6,,,322.9,132.7,204.0,248.3,327.7,,,1576.6,1189.2,1386.9,1021.1,2042.3,,,930.8,331.2,673.1,410.1,796.0,,,,,,,,,,,,,,,,,1943.8,2261.8,523.8,2016.7,2689.0,,,2059.6,2220.3,611.9,1546.4,1698.3,,,2814.1,3205.4,1493.9,2898.3,4283.4,,,366.4,325.5,835.9,714.9,767.0,,,1806.0,1983.7,2734.6,1571.5,3205.4,,,3143.0,2025.2,4136.9,1597.4,3432.8,,,,,,,,,,,,,,,,,437.6,886.4,403.3,894.6,1367.3,,,213.4,163.0,50.5,138.0,195.7,,,947.2,484.9,776.9,898.0,1991.8,,,219.1,66.5,300.2,274.2,146.4,,,1073.2,349.7,789.6,475.9,932.6,,,2104.4,1177.6,2915.8,991.8,2534.1,,,,,,,,,,,,,,,,,,,,,,,,,,,,,,,,,,,,,,,,,,,,,,,,,,,,,,,,,,,,,,,,,,,,,,,,,,,,,,,,,,,,,,,,,,,,,,,,,,,,,,,,,,,,,,,,,,,,,,,,,,,,,,,,
20260908_いわき平_12R,20260908,13,いわき平,12,482.7,359.1,711.9,455.0,140.4,,,504.2,254.9,709.7,758.0,172.2,,,199.7,148.4,270.4,399.6,28.5,,,780.3,963.4,595.7,1121.7,159.1,,,564.9,815.4,703.9,1002.6,259.0,,,25.6,40.2,9.2,8.1,59.0,,,,,,,,,,,,,,,,,1171.2,753.9,1301.5,683.0,311.0,,,1185.3,570.1,2536.1,1029.6,869.9,,,613.7,519.0,1193.5,799.3,364.8,,,1859.4,4258.3,2886.3,1948.7,1574.9,,,484.7,758.0,489.5,1014.4,392.8,,,276.2,756.4,334.5,466.4,556.7,,,,,,,,,,,,,,,,,866.6,328.3,995.4,1094.9,284.2,,,1089.8,539.3,2463.7,1229.6,776.8,,,181.3,231.4,450.8,514.8,105.5,,,1759.8,3093.4,2142.3,3669.3,1820.1,,,1506.2,1279.8,1082.9,3649.9,1716.0,,,269.1,570.5,232.8,446.7,1238.5,,,,,,,,,,,,,,,,,160.2,104.7,291.9,384.5,33.3,,,223.6,222.6,463.6,430.8,154.7,,,87.1,120.1,328.8,324.1,58.5,,,561.3,868.8,1045.2,2028.9,417.3,,,582.6,500.2,599.8,1483.5,465.1,,,26.2,77.8,66.7,57.4,287.7,,,,,,,,,,,,,,,,,1976.6,2011.2,1326.6,2412.0,406.9,,,2261.7,5109.9,3592.9,3964.6,2225.3,,,1999.5,3832.4,3466.5,4757.5,2203.9,,,1593.1,4130.8,3790.3,5563.2,1368.7,,,2804.2,4568.5,6051.2,5797.0,2109.6,,,304.9,1187.3,1615.5,950.2,1600.5,,,,,,,,,,,,,,,,,572.0,901.7,862.3,1187.3,275.7,,,375.5,575.8,413.3,850.6,305.2,,,1181.2,950.2,652.6,2850.6,1349.9,,,1001.2,740.1,898.2,2142.3,841.2,,,2090.4,2517.6,4034.1,3964.6,1582.2,,,294.9,523.0,1076.2,569.6,545.3,,,,,,,,,,,,,,,,,23.5,40.8,9.5,5.6,66.3,,,112.6,357.2,180.3,220.7,385.6,,,134.1,405.5,186.8,280.4,769.9,,,27.4,110.6,96.5,73.8,296.9,,,36.2,171.6,245.9,107.5,342.3,,,201.2,448.5,813.4,499.8,421.4,,,,,,,,,,,,,,,,,,,,,,,,,,,,,,,,,,,,,,,,,,,,,,,,,,,,,,,,,,,,,,,,,,,,,,,,,,,,,,,,,,,,,,,,,,,,,,,,,,,,,,,,,,,,,,,,,,,,,,,,,,,,,,,,
20260908_大垣_1R,20260908,44,大垣,1,285.8,91.6,113.9,1101.8,501.1,,,605.0,823.6,564.0,1697.7,736.1,,,146.0,579.7,171.8,1341.7,803.7,,,64.0,137.9,79.4,332.7,269.6,,,1934.6,1386.5,2054.0,1363.7,3081.1,,,1109.2,1250.9,2029.0,1422.0,5546.0,,,,,,,,,,,,,,,,,111.8,35.1,59.3,515.1,273.2,,,330.1,81.3,422.2,639.9,175.6,,,8.6,17.1,10.9,75.3,31.5,,,45.3,156.8,30.0,364.8,301.9,,,1027.0,853.2,284.4,967.3,1789.0,,,411.8,295.0,143.4,714.0,2640.9,,,,,,,,,,,,,,,,,1002.2,1647.3,875.6,1957.4,914.1,,,899.3,338.8,1289.7,1459.4,487.9,,,1270.0,412.8,1214.4,2160.7,894.5,,,1087.4,1250.9,1848.6,1848.6,1434.3,,,1289.7,766.7,1139.5,934.7,206.1,,,668.1,385.1,662.8,1163.5,340.2,,,,,,,,,,,,,,,,,79.0,332.7,107.0,567.8,415.9,,,18.8,20.8,19.0,111.7,34.3,,,600.6,188.8,560.2,840.3,270.0,,,65.7,45.0,246.1,305.2,386.9,,,1320.4,545.5,1008.3,1073.4,2343.3,,,956.2,323.6,490.7,1352.6,2820.0,,,,,,,,,,,,,,,,,11.0,42.7,23.3,174.0,77.7,,,24.8,97.1,20.4,303.6,195.9,,,249.0,351.0,483.6,642.3,398.9,,,41.9,26.6,197.1,355.5,336.8,,,487.9,984.5,717.1,924.3,1341.7,,,462.1,577.7,550.9,857.6,2160.7,,,,,,,,,,,,,,,,,3139.2,2868.6,3781.3,3139.2,5737.2,,,2248.3,1680.6,889.7,2133.0,4621.6,,,1680.6,1188.4,1310.0,1680.6,304.1,,,2868.6,831.9,1770.0,1808.4,5041.8,,,1980.7,2820.0,2376.8,1934.6,3616.9,,,4496.7,4378.4,1066.5,5737.2,3540.0,,,,,,,,,,,,,,,,,1512.5,1554.9,1828.3,2727.5,5041.8,,,1147.4,759.7,609.4,1890.6,4893.5,,,978.7,618.5,1046.4,1631.1,670.8,,,1934.6,1020.7,1459.4,2343.3,5546.0,,,2483.2,1680.6,1934.6,2971.0,4159.5,,,5546.0,5199.3,723.3,5942.1,3540.0,,,,,,,,,,,,,,,,,,,,,,,,,,,,,,,,,,,,,,,,,,,,,,,,,,,,,,,,,,,,,,,,,,,,,,,,,,,,,,,,,,,,,,,,,,,,,,,,,,,,,,,,,,,,,,,,,,,,,,,,,,,,,,,,
20260908_大垣_2R,20260908,44,大垣,2,117.2,70.1,141.1,685.9,40.9,,,185.2,150.3,283.3,955.0,140.8,,,45.3,73.4,64.9,328.2,39.8,,,133.4,242.9,97.3,836.1,122.4,,,1273.4,1160.0,832.9,1351.0,1801.4,,,52.5,140.0,82.5,157.9,1148.0,,,,,,,,,,,,,,,,,106.5,49.5,75.2,380.0,30.2,,,189.3,353.3,324.4,493.4,132.8,,,61.9,191.3,129.9,393.5,72.6,,,60.1,150.5,113.2,405.8,29.6,,,814.6,586.1,842.5,938.8,540.4,,,12.4,29.2,29.3,14.0,139.0,,,,,,,,,,,,,,,,,517.7,435.3,673.4,1507.3,397.0,,,597.2,875.8,633.0,1367.7,354.5,,,738.5,882.7,989.1,1594.0,1266.1,,,724.1,681.7,938.8,832.9,736.1,,,908.1,893.4,1130.4,555.3,1011.7,,,600.4,435.3,1251.8,852.2,2606.7,,,,,,,,,,,,,,,,,54.6,118.8,68.0,279.7,71.2,,,90.8,276.2,178.9,478.5,104.7,,,516.4,717.0,823.7,1594.0,875.8,,,168.7,246.7,549.8,772.0,331.7,,,788.5,879.2,1251.8,1217.4,1334.8,,,190.0,148.2,667.4,367.4,1237.8,,,,,,,,,,,,,,,,,73.6,163.6,60.0,387.3,67.6,,,54.4,140.9,107.7,338.2,26.9,,,240.3,227.4,398.5,445.8,269.5,,,104.0,178.6,363.2,587.7,220.9,,,761.4,811.6,548.4,889.8,882.7,,,73.7,31.4,172.8,166.5,480.6,,,,,,,,,,,,,,,,,2517.9,1653.5,1786.9,2576.4,2915.4,,,2110.2,1217.4,1411.3,2382.5,1318.9,,,976.1,868.9,1086.1,746.0,1025.8,,,1334.8,1594.0,1831.2,3632.4,3120.8,,,2130.5,2308.1,1487.0,2702.1,2308.1,,,3517.1,2032.8,2606.7,4521.9,3632.4,,,,,,,,,,,,,,,,,81.0,312.9,163.7,199.6,1172.3,,,22.5,58.8,51.4,23.7,261.2,,,571.0,275.9,1011.7,671.4,2215.7,,,221.1,149.7,665.3,390.7,1251.8,,,125.6,50.7,264.7,247.8,791.3,,,2130.5,942.8,1910.1,1877.7,1560.4,,,,,,,,,,,,,,,,,,,,,,,,,,,,,,,,,,,,,,,,,,,,,,,,,,,,,,,,,,,,,,,,,,,,,,,,,,,,,,,,,,,,,,,,,,,,,,,,,,,,,,,,,,,,,,,,,,,,,,,,,,,,,,,,
20260908_大垣_3R,20260908,44,大垣,3,22.7,30.6,59.1,331.1,39.5,,,21.8,32.1,54.8,109.3,11.8,,,60.5,70.3,66.7,468.6,87.9,,,109.5,129.7,93.0,714.7,139.6,,,1495.9,340.3,1225.2,1196.7,460.2,,,46.1,17.6,55.4,67.3,122.2,,,,,,,,,,,,,,,,,23.8,27.3,61.1,331.9,33.4,,,58.0,83.9,158.0,722.7,191.0,,,14.3,49.3,9.8,218.6,103.0,,,124.2,229.7,41.1,702.9,348.6,,,2162.1,2404.6,1123.5,1837.8,3256.9,,,155.7,286.2,347.6,559.3,1949.2,,,,,,,,,,,,,,,,,56.4,92.6,139.8,392.8,41.0,,,110.3,113.5,251.5,1429.4,398.9,,,352.4,244.3,284.6,2572.9,1033.3,,,458.6,502.5,467.8,1726.8,878.1,,,1437.4,4084.0,3783.7,3216.1,2858.8,,,214.2,622.9,949.4,1001.1,1681.6,,,,,,,,,,,,,,,,,177.3,339.4,259.1,1242.9,413.6,,,73.3,129.3,23.9,443.6,347.2,,,503.5,304.8,512.5,2890.9,1185.6,,,188.3,42.2,375.6,684.2,601.1,,,2598.9,1750.3,3573.5,2827.4,5360.3,,,1104.2,1076.5,2144.1,1273.7,4764.7,,,,,,,,,,,,,,,,,274.3,472.1,270.2,1219.4,532.7,,,303.4,487.3,66.3,1099.5,896.5,,,603.9,693.5,673.5,2180.4,1347.0,,,254.7,51.3,480.0,1037.4,857.6,,,2360.5,2890.9,2427.3,2890.9,3298.6,,,915.6,1762.2,1608.0,1588.2,2427.3,,,,,,,,,,,,,,,,,3430.6,1703.9,3623.8,3176.4,2473.9,,,3385.4,3298.6,2180.4,4594.5,5250.9,,,2450.4,5360.3,7351.3,5474.3,5717.6,,,3958.3,2473.9,6597.3,3898.4,5145.9,,,4360.9,5145.9,5145.9,4436.1,4854.6,,,3524.5,6275.5,5717.6,5983.6,4513.9,,,,,,,,,,,,,,,,,399.5,164.6,449.8,423.1,720.7,,,561.7,967.2,1164.2,1559.3,4084.0,,,236.7,786.8,1033.3,1045.9,1513.5,,,1081.0,1905.8,1811.9,1964.0,4020.2,,,949.4,1851.0,1513.5,1905.8,2547.4,,,2108.9,5593.3,2652.5,4513.9,3385.4,,,,,,,,,,,,,,,,,,,,,,,,,,,,,,,,,,,,,,,,,,,,,,,,,,,,,,,,,,,,,,,,,,,,,,,,,,,,,,,,,,,,,,,,,,,,,,,,,,,,,,,,,,,,,,,,,,,,,,,,,,,,,,,,
20260908_大垣_4R,20260908,44,大垣,4,142.8,232.7,27.3,28.4,45.7,,,287.6,223.8,168.2,323.8,126.6,,,529.2,526.3,370.8,563.7,428.1,,,14.5,42.8,88.1,21.1,14.3,,,32.3,165.9,217.0,40.5,69.5,,,46.4,55.5,140.2,28.9,84.4,,,,,,,,,,,,,,,,,229.1,372.2,69.7,53.1,103.2,,,749.2,966.1,1019.8,515.2,673.6,,,1112.5,1631.7,1579.1,887.3,1329.0,,,148.5,442.3,917.8,180.9,374.1,,,37.8,130.8,240.5,79.3,59.5,,,157.4,336.8,539.9,283.5,126.8,,,,,,,,,,,,,,,,,1045.2,559.4,356.8,1151.8,279.7,,,1293.9,1432.7,1631.7,1260.5,1079.8,,,982.3,1446.8,1353.5,1737.9,392.1,,,545.9,1907.2,1717.6,2576.4,988.9,,,1347.3,1147.3,1945.1,2331.1,1385.4,,,210.2,491.1,169.1,484.6,670.5,,,,,,,,,,,,,,,,,1801.9,1847.2,1223.8,1537.7,1317.1,,,1737.9,2719.6,2468.2,2039.7,2554.0,,,1554.0,1790.9,2175.6,2242.1,595.7,,,1659.4,2824.2,3263.5,3059.5,3300.2,,,1858.9,2225.1,2646.1,2879.5,3124.6,,,1353.5,1882.8,684.6,2908.1,2719.6,,,,,,,,,,,,,,,,,84.6,159.3,268.2,96.3,75.9,,,264.8,1293.9,1323.0,489.5,669.0,,,491.1,1758.7,923.6,1870.8,995.6,,,1151.8,2745.0,1184.3,2622.4,2879.5,,,258.7,523.5,1554.0,1707.6,707.7,,,201.7,711.1,779.0,1483.4,791.6,,,,,,,,,,,,,,,,,45.3,190.2,287.6,52.7,95.7,,,32.9,113.8,213.9,74.1,46.3,,,574.7,477.5,394.2,906.5,486.2,,,737.9,666.0,1009.3,1009.3,1179.5,,,145.6,242.5,638.5,606.8,356.0,,,143.7,90.3,163.6,575.9,321.0,,,,,,,,,,,,,,,,,58.5,43.8,157.3,39.8,126.9,,,89.7,123.4,248.2,196.3,72.3,,,36.6,64.8,26.3,95.7,126.4,,,365.3,454.6,138.0,622.2,848.8,,,133.3,379.4,291.3,606.8,637.1,,,129.3,62.3,123.8,426.9,339.5,,,,,,,,,,,,,,,,,,,,,,,,,,,,,,,,,,,,,,,,,,,,,,,,,,,,,,,,,,,,,,,,,,,,,,,,,,,,,,,,,,,,,,,,,,,,,,,,,,,,,,,,,,,,,,,,,,,,,,,,,,,,,,,,
20260908_大垣_5R,20260908,44,大垣,5,59.1,22.8,45.2,388.7,125.6,,,45.6,29.1,25.4,213.9,22.4,,,20.9,27.7,18.7,247.4,40.9,,,15.9,7.8,5.5,93.5,10.0,,,1611.5,1039.2,1217.4,622.3,722.0,,,123.6,38.3,71.2,57.6,151.7,,,,,,,,,,,,,,,,,298.1,73.6,178.8,2111.3,625.8,,,398.5,319.2,1052.3,3207.5,676.6,,,55.8,146.4,207.4,1001.7,209.8,,,565.4,1437.8,751.3,4276.7,1728.4,,,6415.1,6949.7,4978.9,9811.4,5559.8,,,1221.9,1221.9,894.3,2152.1,2585.9,,,,,,,,,,,,,,,,,183.0,118.1,87.0,779.4,92.6,,,356.3,351.5,809.6,2452.8,620.0,,,264.3,388.7,589.3,1973.9,373.5,,,264.3,794.2,705.2,2223.9,515.5,,,2712.1,4276.7,4276.7,4222.6,926.6,,,117.5,371.4,191.0,302.1,201.4,,,,,,,,,,,,,,,,,118.9,187.1,112.0,1187.1,307.4,,,113.6,238.6,297.8,1134.6,341.0,,,353.0,438.9,772.1,2779.9,627.0,,,291.8,602.1,868.7,2690.2,1123.1,,,4765.5,3790.7,6294.1,6540.9,4169.8,,,756.4,819.6,877.8,1258.8,1676.3,,,,,,,,,,,,,,,,,90.0,66.9,48.2,359.0,76.4,,,448.3,1263.5,731.5,4068.1,1997.5,,,304.3,1273.2,873.2,2690.2,894.3,,,272.7,758.1,811.6,3177.0,1065.7,,,2489.4,8553.5,6949.7,7097.6,2827.0,,,525.3,1863.6,1213.0,1566.1,1774.4,,,,,,,,,,,,,,,,,7757.8,5852.4,7413.1,3748.1,6807.9,,,6671.7,7942.6,8339.7,9999.9,9999.9,,,4978.9,7251.9,6540.9,8339.7,1603.7,,,8136.3,9999.9,9999.9,9531.1,7757.8,,,4905.7,9999.9,9999.9,9999.9,3834.3,,,5852.4,6065.2,1523.2,5559.8,3369.5,,,,,,,,,,,,,,,,,850.9,262.6,579.1,421.7,861.9,,,1793.4,1437.8,1710.7,2452.8,3625.9,,,207.5,544.1,408.8,423.3,277.7,,,986.9,1659.6,1079.5,1793.4,1973.9,,,817.6,2434.9,931.8,1684.7,1482.6,,,2084.9,3335.8,733.1,2471.0,1884.6,,,,,,,,,,,,,,,,,,,,,,,,,,,,,,,,,,,,,,,,,,,,,,,,,,,,,,,,,,,,,,,,,,,,,,,,,,,,,,,,,,,,,,,,,,,,,,,,,,,,,,,,,,,,,,,,,,,,,,,,,,,,,,,,
20260908_大垣_6R,20260908,44,大垣,6,3224.3,5419.5,5306.6,5923.7,9434.1,,,5094.4,5419.5,3106.3,7491.7,9434.1,,,7075.5,4468.7,2070.9,6064.7,8783.4,,,4317.3,2653.3,1744.6,2315.6,5660.4,,,6064.7,6368.0,4994.5,5660.4,9999.9,,,6531.3,9999.9,9999.9,5660.4,9999.9,,,,,,,,,,,,,,,,,4994.5,7718.8,5419.5,7491.7,6884.3,,,4391.7,1190.2,731.9,2862.0,6064.7,,,4468.7,1212.9,692.1,2625.9,6212.7,,,2294.7,582.8,465.6,961.2,2380.5,,,6531.3,2799.1,3691.6,1886.8,9999.9,,,8783.4,9097.1,9999.9,5537.4,9999.9,,,,,,,,,,,,,,,,,2195.8,1553.1,846.2,3918.7,4175.7,,,1793.8,539.6,320.4,1083.9,3224.3,,,721.5,254.4,66.7,250.2,1721.0,,,212.4,96.8,32.4,74.2,713.5,,,2521.9,968.5,527.3,268.4,3442.1,,,6212.7,5923.7,4468.7,2054.2,6703.1,,,,,,,,,,,,,,,,,1525.2,778.9,404.3,1195.8,3068.9,,,1179.2,293.7,177.1,534.0,2681.2,,,380.7,196.2,39.6,199.0,1472.3,,,98.3,25.9,18.1,28.4,376.2,,,788.6,482.4,208.2,89.3,1347.7,,,6703.1,7491.7,5094.4,3106.3,6703.1,,,,,,,,,,,,,,,,,433.1,132.1,96.2,319.5,1384.3,,,336.9,40.1,30.1,92.6,582.8,,,59.3,16.1,6.0,15.7,239.6,,,37.4,11.7,4.4,12.0,202.1,,,164.1,56.8,23.7,21.7,308.7,,,1959.3,1543.7,791.0,653.1,1147.3,,,,,,,,,,,,,,,,,4994.5,5419.5,5094.4,3106.3,9999.9,,,3801.8,1900.9,2021.5,1280.0,6884.3,,,2862.0,1267.2,658.1,348.9,4043.1,,,2927.8,1248.6,673.8,335.1,2336.8,,,808.6,408.8,170.0,183.1,1168.4,,,9097.1,7491.7,9796.9,9999.9,4108.4,,,,,,,,,,,,,,,,,9796.9,9999.9,6212.7,7491.7,9999.9,,,9999.9,6531.3,7718.8,6212.7,9999.9,,,9999.9,7277.7,9999.9,4806.0,6531.3,,,9999.9,9097.1,9999.9,5923.7,9999.9,,,6212.7,5198.3,3308.0,3801.8,5306.6,,,9999.9,9999.9,9999.9,9999.9,6212.7,,,,,,,,,,,,,,,,,,,,,,,,,,,,,,,,,,,,,,,,,,,,,,,,,,,,,,,,,,,,,,,,,,,,,,,,,,,,,,,,,,,,,,,,,,,,,,,,,,,,,,,,,,,,,,,,,,,,,,,,,,,,,,,,
20260908_大垣_7R,20260908,44,大垣,7,5586.7,6016.5,9776.8,7569.1,5586.7,,,6901.3,6016.5,2861.5,3170.8,1862.2,,,9999.9,7569.1,8690.5,5866.1,6174.8,,,8091.2,3666.3,6517.9,6704.1,3450.6,,,6901.3,4116.5,6517.9,7821.5,6517.9,,,3214.3,2793.3,6704.1,3352.0,5214.3,,,,,,,,,,,,,,,,,4692.9,9024.8,6016.5,6704.1,3258.9,,,2370.1,2523.0,259.5,392.3,246.9,,,4427.2,4427.2,6901.3,5723.0,4116.5,,,2896.8,287.9,2933.0,752.0,277.3,,,3047.3,454.7,3609.9,1052.2,756.9,,,1282.2,169.0,1139.0,189.6,427.4,,,,,,,,,,,,,,,,,2728.4,4600.8,1203.3,2076.5,872.2,,,1261.5,1466.5,114.7,270.3,92.7,,,3555.2,2300.4,1818.9,2234.7,1047.5,,,432.9,62.8,657.2,72.0,23.5,,,1430.7,273.4,1877.1,149.2,100.8,,,221.1,34.8,384.6,14.0,37.5,,,,,,,,,,,,,,,,,9999.9,7332.6,5866.1,4692.9,4692.9,,,4600.8,9385.8,8690.5,8690.5,7110.4,,,9024.8,9999.9,6517.9,6704.1,6016.5,,,9776.8,9776.8,6704.1,6901.3,5456.8,,,6704.1,9776.8,7821.5,8380.1,6341.7,,,4788.6,6016.5,4190.0,4692.9,4692.9,,,,,,,,,,,,,,,,,2760.5,1533.6,1939.2,2172.6,1209.5,,,990.0,93.7,1015.7,254.7,76.4,,,526.1,64.5,637.6,75.7,26.9,,,3450.6,3502.1,2152.7,2760.5,1877.1,,,1209.5,238.2,121.0,1475.7,89.0,,,359.3,35.7,18.5,413.1,42.6,,,,,,,,,,,,,,,,,6517.9,4427.2,7110.4,5866.1,4888.4,,,4992.4,1122.7,5100.9,1185.0,946.1,,,3450.6,853.2,3555.2,414.5,390.4,,,8690.5,9999.9,7821.5,6174.8,5723.0,,,4266.2,882.1,454.7,4600.8,384.0,,,2213.6,439.4,216.8,2058.2,201.0,,,,,,,,,,,,,,,,,1042.8,499.2,2040.3,642.8,1222.1,,,455.6,23.8,488.8,25.5,68.5,,,136.3,16.7,235.3,6.2,16.7,,,2550.4,1047.5,620.7,752.0,1122.7,,,229.5,17.0,6.9,273.4,19.6,,,504.6,67.1,28.3,586.6,31.8,,,,,,,,,,,,,,,,,,,,,,,,,,,,,,,,,,,,,,,,,,,,,,,,,,,,,,,,,,,,,,,,,,,,,,,,,,,,,,,,,,,,,,,,,,,,,,,,,,,,,,,,,,,,,,,,,,,,,,,,,,,,,,,,
20260908_大垣_8R,20260908,44,大垣,8,402.9,142.6,654.2,1014.2,236.6,,,212.6,41.6,75.0,280.3,85.5,,,27.7,8.5,18.4,62.7,4.7,,,569.5,160.0,110.0,849.9,237.8,,,1078.3,502.4,335.5,950.6,528.7,,,77.5,65.3,21.2,143.8,269.8,,,,,,,,,,,,,,,,,1234.5,375.7,1771.5,2728.2,871.6,,,1515.7,2414.3,1507.3,2623.3,3789.2,,,487.1,1783.1,2372.4,2526.1,1894.6,,,2480.2,1748.8,2526.1,3410.3,2965.5,,,4330.5,3209.7,3497.7,5052.3,8525.8,,,1694.5,5804.8,2674.7,4624.1,8267.4,,,,,,,,,,,,,,,,,336.8,96.1,94.8,320.5,227.5,,,868.8,1234.5,557.9,1151.1,1855.9,,,98.5,568.3,114.2,398.2,441.4,,,62.0,122.7,97.8,108.5,273.9,,,393.6,641.9,395.4,144.5,974.3,,,836.8,2573.8,1201.8,857.9,2526.1,,,,,,,,,,,,,,,,,38.5,8.8,18.0,49.6,6.1,,,262.0,816.8,885.7,1643.5,924.8,,,46.1,295.2,64.7,238.4,229.2,,,120.7,473.6,150.5,692.4,472.8,,,300.1,974.3,278.3,648.0,1118.1,,,120.0,604.9,441.4,582.9,1136.7,,,,,,,,,,,,,,,,,915.5,322.1,313.5,1894.6,857.9,,,1274.8,855.2,1499.0,2755.8,2312.0,,,146.9,257.3,233.7,268.5,595.6,,,345.7,1234.5,444.3,2051.3,1567.9,,,2312.0,2435.9,809.5,2674.7,2701.2,,,1595.4,3247.9,1633.6,2393.2,4472.5,,,,,,,,,,,,,,,,,2812.6,1122.7,880.0,2480.2,2020.9,,,4072.0,2623.3,4400.4,3897.5,6995.5,,,821.7,1524.1,829.2,372.2,2098.6,,,819.2,3031.4,1003.0,2623.3,3589.8,,,3172.3,3637.6,999.3,3737.3,5147.6,,,3897.5,6995.5,4960.4,5683.8,6820.6,,,,,,,,,,,,,,,,,654.2,585.4,171.6,1021.8,1843.4,,,1515.7,3368.2,2648.7,3897.5,5456.5,,,1207.1,3327.1,1715.8,1684.1,4960.4,,,270.9,1818.8,1337.3,1794.9,3897.5,,,2292.6,4703.8,2254.7,2414.3,6495.8,,,5456.5,7578.5,6062.8,7795.0,5931.0,,,,,,,,,,,,,,,,,,,,,,,,,,,,,,,,,,,,,,,,,,,,,,,,,,,,,,,,,,,,,,,,,,,,,,,,,,,,,,,,,,,,,,,,,,,,,,,,,,,,,,,,,,,,,,,,,,,,,,,,,,,,,,,,
20260908_大垣_9R,20260908,44,大垣,9,249.8,90.3,54.8,409.2,150.2,,,350.8,118.6,120.2,269.4,124.2,,,36.9,38.3,10.7,121.5,11.6,,,25.3,54.4,15.4,174.4,17.9,,,860.5,191.3,426.5,387.5,523.4,,,133.6,122.1,38.6,44.0,368.0,,,,,,,,,,,,,,,,,565.9,186.6,92.6,878.6,256.2,,,1030.2,1721.1,647.3,1762.6,1300.4,,,273.9,1214.0,223.0,1701.1,483.6,,,64.4,180.5,89.2,384.4,47.8,,,1762.6,1634.5,2458.7,1002.0,2566.5,,,546.9,1112.5,727.8,241.4,1863.6,,,,,,,,,,,,,,,,,1161.0,482.8,409.7,664.9,395.9,,,1393.2,2359.6,894.7,1354.5,1434.2,,,603.2,2233.5,1026.6,1711.0,824.2,,,359.8,450.1,629.2,774.0,335.9,,,401.3,1134.0,614.6,277.6,244.0,,,462.2,1485.2,574.8,341.4,425.2,,,,,,,,,,,,,,,,,83.7,107.6,27.3,267.4,26.2,,,250.7,1219.1,330.6,1887.6,634.6,,,393.2,1887.6,903.0,2199.9,873.4,,,73.2,265.7,381.4,1091.7,152.4,,,905.8,3079.9,2216.6,2322.1,2438.2,,,62.3,603.2,482.8,190.1,1245.0,,,,,,,,,,,,,,,,,39.5,98.6,29.9,302.8,34.9,,,37.8,101.5,55.9,284.8,35.7,,,215.1,251.1,434.1,573.7,194.5,,,67.8,149.6,301.3,840.7,117.7,,,937.7,776.1,651.6,1434.2,675.7,,,49.2,69.4,98.7,74.5,261.4,,,,,,,,,,,,,,,,,2017.8,547.9,1067.8,1099.9,1317.9,,,2199.9,1752.0,3525.2,1184.5,3180.3,,,347.4,1056.2,477.3,315.9,235.0,,,1762.6,3442.2,1937.6,2544.2,2760.3,,,1229.3,1590.1,729.6,1976.9,900.2,,,2167.3,3146.1,928.8,2868.5,1607.6,,,,,,,,,,,,,,,,,303.5,306.0,100.5,105.2,920.1,,,591.0,1116.7,934.7,279.4,1990.4,,,508.8,1336.0,686.8,388.0,876.0,,,122.1,511.5,486.8,241.0,1427.2,,,119.0,169.4,245.6,186.1,594.6,,,1470.3,2522.3,634.6,2378.7,1116.7,,,,,,,,,,,,,,,,,,,,,,,,,,,,,,,,,,,,,,,,,,,,,,,,,,,,,,,,,,,,,,,,,,,,,,,,,,,,,,,,,,,,,,,,,,,,,,,,,,,,,,,,,,,,,,,,,,,,,,,,,,,,,,,,
20260908_大垣_10R,20260908,44,大垣,10,235.1,278.3,1126.7,167.9,356.0,,,289.9,599.1,645.2,183.9,247.1,,,713.7,882.6,2386.8,557.7,1489.7,,,3104.5,1964.3,3388.9,1775.8,3240.5,,,105.6,88.4,234.6,522.9,149.1,,,499.3,310.4,1074.9,1740.9,305.3,,,,,,,,,,,,,,,,,92.0,92.3,436.9,98.8,168.6,,,65.6,47.5,100.1,105.7,34.1,,,50.3,34.1,235.7,102.9,82.7,,,1283.0,710.3,1159.1,1602.7,1190.2,,,115.5,151.3,160.2,668.6,229.3,,,184.3,71.9,139.3,469.2,245.0,,,,,,,,,,,,,,,,,176.5,368.1,236.1,164.0,89.9,,,85.5,85.4,100.4,103.8,27.9,,,595.9,278.3,561.2,749.9,257.8,,,197.3,166.8,397.0,247.4,58.5,,,105.5,120.5,412.9,182.5,69.8,,,16.6,10.7,49.5,10.5,24.5,,,,,,,,,,,,,,,,,958.8,1465.1,2979.5,1257.6,1913.5,,,339.1,238.6,870.4,396.0,373.3,,,1455.5,548.0,1955.7,1396.0,792.7,,,5162.2,3669.0,4310.1,5348.8,4530.1,,,1286.8,757.5,1525.6,2999.6,2074.5,,,2253.5,858.7,1002.1,2522.4,2596.2,,,,,,,,,,,,,,,,,4932.7,2845.8,3794.4,3762.2,3860.4,,,4310.1,1596.9,3020.0,4439.5,2723.6,,,1436.7,1085.4,2144.6,1247.0,387.3,,,5044.8,5102.8,4530.1,6936.7,5999.3,,,2134.3,4352.4,1546.8,6081.5,2596.2,,,2707.0,2348.9,510.8,3894.3,2566.1,,,,,,,,,,,,,,,,,66.6,51.6,183.5,257.6,96.7,,,131.6,173.8,178.7,842.4,267.2,,,89.2,121.4,318.2,161.9,71.9,,,589.5,448.8,688.2,1714.0,1216.3,,,1015.9,1707.5,799.9,2399.7,1247.0,,,224.3,348.7,110.0,804.2,829.8,,,,,,,,,,,,,,,,,311.3,125.4,727.7,1008.9,278.6,,,194.8,59.9,195.5,581.0,292.4,,,19.3,14.5,72.6,22.3,36.4,,,1479.8,628.8,524.7,1614.3,1585.5,,,1313.4,1247.0,295.1,2064.8,1520.3,,,235.2,369.0,120.4,712.6,971.4,,,,,,,,,,,,,,,,,,,,,,,,,,,,,,,,,,,,,,,,,,,,,,,,,,,,,,,,,,,,,,,,,,,,,,,,,,,,,,,,,,,,,,,,,,,,,,,,,,,,,,,,,,,,,,,,,,,,,,,,,,,,,,,,
20260908_大垣_11R,20260908,44,大垣,11,22.9,31.6,15.5,58.3,13.8,,,19.9,25.4,67.5,110.8,47.1,,,79.5,77.1,217.0,234.4,100.2,,,26.5,78.4,138.0,209.7,84.5,,,115.6,159.3,321.4,399.9,161.8,,,8.6,22.5,29.3,31.6,36.5,,,,,,,,,,,,,,,,,80.5,99.9,50.0,182.5,50.4,,,149.9,172.5,207.5,517.2,524.0,,,313.3,367.2,540.6,789.9,695.3,,,68.4,147.5,211.2,264.0,164.0,,,593.9,943.2,1013.5,683.4,1156.1,,,139.6,603.7,531.6,336.8,764.6,,,,,,,,,,,,,,,,,38.6,40.9,158.8,192.4,95.1,,,91.9,90.5,133.4,269.7,324.2,,,52.6,41.7,200.8,146.8,160.0,,,440.6,215.0,521.7,1825.0,1531.6,,,605.2,517.7,583.0,2290.1,1832.1,,,335.2,557.1,550.0,1713.4,1521.8,,,,,,,,,,,,,,,,,304.7,246.1,733.9,847.5,396.2,,,430.3,413.8,948.8,1105.2,909.0,,,166.0,137.6,365.5,236.5,307.5,,,1326.8,1266.8,921.3,2802.0,2393.6,,,1566.9,1110.3,924.9,2676.1,2785.6,,,750.1,1158.9,893.7,2393.6,2430.3,,,,,,,,,,,,,,,,,79.4,193.6,463.8,446.0,218.1,,,108.2,191.4,318.6,377.4,266.7,,,567.7,456.7,821.2,2080.1,1725.8,,,1128.7,1028.8,1136.8,2753.4,2418.0,,,1566.9,1312.2,3133.8,3113.3,2107.7,,,486.0,578.7,1913.0,2205.3,1897.7,,,,,,,,,,,,,,,,,388.2,613.8,1131.4,1193.8,411.7,,,735.1,1243.7,1341.8,1087.5,1413.4,,,1028.8,1112.9,960.3,2737.6,2381.7,,,1636.9,1128.7,1164.6,2818.6,2617.2,,,1976.5,1421.9,2886.9,2922.3,2574.8,,,618.6,1744.8,2706.5,2358.1,2381.7,,,,,,,,,,,,,,,,,56.3,132.5,141.9,134.8,154.4,,,166.2,932.1,902.1,546.8,1243.7,,,455.3,1330.5,1488.5,2165.2,2691.2,,,634.2,1421.9,1825.0,2977.1,3093.1,,,529.2,718.4,2117.0,2455.3,2661.1,,,564.3,1944.2,3093.1,3378.3,2706.5,,,,,,,,,,,,,,,,,,,,,,,,,,,,,,,,,,,,,,,,,,,,,,,,,,,,,,,,,,,,,,,,,,,,,,,,,,,,,,,,,,,,,,,,,,,,,,,,,,,,,,,,,,,,,,,,,,,,,,,,,,,,,,,,
20260908_大垣_12R,20260908,44,大垣,12,91.5,26.7,33.8,119.4,58.3,,,172.0,180.2,183.9,220.4,486.6,,,19.1,83.0,25.9,100.0,90.7,,,41.7,104.5,41.8,145.8,159.0,,,181.9,297.6,280.2,278.2,698.3,,,106.4,549.6,230.9,288.8,628.3,,,,,,,,,,,,,,,,,135.7,59.3,45.3,161.0,61.8,,,235.7,586.9,175.7,262.7,257.4,,,131.6,632.8,242.0,690.9,319.1,,,53.8,115.7,162.7,146.6,64.1,,,295.6,404.0,962.5,245.9,423.6,,,49.6,149.3,152.4,63.8,178.6,,,,,,,,,,,,,,,,,217.1,289.9,206.9,225.0,571.6,,,206.1,563.7,208.5,223.0,410.3,,,418.2,893.9,654.0,636.6,1343.2,,,168.2,143.0,350.3,102.7,438.0,,,93.5,96.5,299.3,75.6,344.8,,,851.9,658.9,1188.5,735.3,740.5,,,,,,,,,,,,,,,,,42.2,162.9,64.5,149.9,207.1,,,108.5,701.1,305.9,608.7,322.0,,,473.9,873.1,861.7,772.0,1755.1,,,127.7,263.0,682.0,583.0,818.8,,,473.5,767.5,909.3,945.3,2002.0,,,499.0,425.3,1698.5,1152.1,1942.9,,,,,,,,,,,,,,,,,25.5,77.7,43.7,86.1,120.9,,,28.0,65.5,88.1,68.7,58.0,,,103.8,84.9,254.7,75.8,283.8,,,60.1,109.6,367.1,316.8,483.9,,,111.9,101.0,105.7,282.1,317.9,,,130.0,60.6,494.3,482.6,420.2,,,,,,,,,,,,,,,,,214.3,279.1,495.7,301.0,835.7,,,246.3,366.4,688.2,380.9,523.3,,,122.7,110.7,332.6,102.3,422.2,,,509.7,787.0,846.5,975.0,1880.4,,,239.3,253.7,179.3,648.4,583.0,,,1078.9,754.3,898.5,1867.1,930.2,,,,,,,,,,,,,,,,,102.3,858.9,477.3,331.3,783.5,,,45.4,226.9,152.0,75.0,224.7,,,1024.3,591.6,1389.2,918.9,1117.9,,,523.3,417.5,1790.9,1132.3,2131.7,,,367.6,164.4,860.3,922.1,938.5,,,948.7,526.5,1199.3,2166.8,909.3,,,,,,,,,,,,,,,,,,,,,,,,,,,,,,,,,,,,,,,,,,,,,,,,,,,,,,,,,,,,,,,,,,,,,,,,,,,,,,,,,,,,,,,,,,,,,,,,,,,,,,,,,,,,,,,,,,,,,,,,,,,,,,,,
20260908_弥彦_1R,20260908,21,弥彦,1,106.3,66.2,51.7,105.9,,,,115.0,63.1,179.4,339.6,,,,50.0,49.8,72.1,92.9,,,,55.3,216.9,149.3,297.6,,,,95.9,173.9,119.5,164.5,,,,,,,,,,,,,,,,,,,,,,,,,220.0,133.7,82.8,203.2,,,,242.8,55.4,95.7,216.3,,,,88.5,33.4,29.3,86.0,,,,46.0,61.7,32.3,75.1,,,,238.6,240.5,164.5,156.9,,,,,,,,,,,,,,,,,,,,,,,,,304.6,124.0,358.5,388.5,,,,281.8,73.8,163.6,307.8,,,,46.5,31.6,38.2,71.6,,,,340.2,159.7,97.6,396.2,,,,544.2,387.7,163.6,427.1,,,,,,,,,,,,,,,,,,,,,,,,,69.0,42.1,82.3,126.5,,,,59.7,23.7,32.5,108.7,,,,20.7,12.6,18.6,40.5,,,,109.4,39.5,46.4,147.6,,,,185.5,126.7,83.1,167.1,,,,,,,,,,,,,,,,,,,,,,,,,132.2,487.0,268.8,544.2,,,,68.9,95.8,50.5,141.1,,,,386.0,141.7,132.9,436.4,,,,205.0,75.1,94.7,260.3,,,,631.7,300.6,526.7,393.6,,,,,,,,,,,,,,,,,,,,,,,,,141.4,278.8,158.3,264.1,,,,230.4,250.9,162.4,188.6,,,,355.6,249.9,94.5,341.5,,,,155.6,121.0,86.0,197.6,,,,408.7,174.2,386.9,287.2,,,,,,,,,,,,,,,,,,,,,,,,,,,,,,,,,,,,,,,,,,,,,,,,,,,,,,,,,,,,,,,,,,,,,,,,,,,,,,,,,,,,,,,,,,,,,,,,,,,,,,,,,,,,,,,,,,,,,,,,,,,,,,,,,,,,,,,,,,,,,,,,,,,,,,,,,,,,,,,,,,,,,,,,,,,,,,,,,,,,,,,,,,,,,,,,
20260908_弥彦_2R,20260908,21,弥彦,2,592.1,264.6,359.8,995.3,,,,625.8,347.8,241.7,442.3,,,,113.0,143.3,82.4,378.8,,,,158.0,147.1,62.4,380.3,,,,1264.4,1407.0,1281.7,1207.3,,,,,,,,,,,,,,,,,,,,,,,,,553.6,276.4,263.9,949.9,,,,634.3,466.6,225.4,411.2,,,,259.1,307.2,275.6,508.5,,,,95.7,121.9,124.6,172.3,,,,1450.6,935.6,1299.5,665.9,,,,,,,,,,,,,,,,,,,,,,,,,464.3,283.9,145.9,314.5,,,,560.2,458.6,196.1,296.0,,,,313.4,399.8,128.5,283.1,,,,53.5,56.3,42.9,13.7,,,,357.8,245.9,253.2,62.9,,,,,,,,,,,,,,,,,,,,,,,,,99.5,113.1,84.8,326.5,,,,197.8,324.8,246.5,508.5,,,,265.0,359.1,172.6,263.9,,,,91.7,140.8,95.6,251.5,,,,908.4,806.6,782.9,687.9,,,,,,,,,,,,,,,,,,,,,,,,,30.7,39.2,8.6,88.8,,,,38.9,46.5,38.9,66.9,,,,21.2,18.4,12.8,4.6,,,,24.8,34.6,32.6,68.3,,,,168.8,81.3,31.3,89.1,,,,,,,,,,,,,,,,,,,,,,,,,2175.9,1670.8,1748.9,1716.8,,,,1990.7,1247.5,1909.5,1247.5,,,,1051.3,555.2,623.7,151.5,,,,1816.8,1799.3,842.9,1308.6,,,,846.7,476.1,170.1,561.9,,,,,,,,,,,,,,,,,,,,,,,,,,,,,,,,,,,,,,,,,,,,,,,,,,,,,,,,,,,,,,,,,,,,,,,,,,,,,,,,,,,,,,,,,,,,,,,,,,,,,,,,,,,,,,,,,,,,,,,,,,,,,,,,,,,,,,,,,,,,,,,,,,,,,,,,,,,,,,,,,,,,,,,,,,,,,,,,,,,,,,,,,,,,,,,,
20260908_弥彦_3R,20260908,21,弥彦,3,395.9,1745.5,442.0,784.7,859.6,,,229.6,256.8,127.3,138.2,61.0,,,1819.8,1103.6,1513.8,1437.5,1781.9,,,446.6,445.4,698.2,647.9,692.5,,,537.9,310.4,398.7,334.7,428.7,,,706.8,215.7,895.6,721.7,784.7,,,,,,,,,,,,,,,,,454.9,1644.8,473.8,1049.4,842.6,,,309.9,734.1,136.4,846.8,191.5,,,2165.3,1879.8,1474.7,3718.8,2311.7,,,249.7,134.2,218.7,546.5,243.6,,,1745.5,2111.9,2591.9,1336.4,3110.2,,,966.4,334.1,1379.5,560.8,2221.6,,,,,,,,,,,,,,,,,51.3,78.8,29.8,48.6,17.4,,,53.8,135.1,24.5,133.4,31.5,,,235.3,281.3,251.1,452.5,103.3,,,59.8,34.9,75.4,147.4,35.3,,,191.3,385.2,518.3,349.8,229.0,,,6.3,8.4,7.2,5.0,26.7,,,,,,,,,,,,,,,,,2851.1,2221.6,3167.8,2086.1,2715.3,,,3001.1,2631.7,2138.3,5518.2,2591.9,,,2250.8,2250.8,2375.9,4276.6,727.9,,,3639.7,2443.8,2443.8,3801.4,3563.8,,,3227.6,5702.2,4751.8,4386.3,5898.8,,,3887.8,2221.6,919.7,2672.9,5183.8,,,,,,,,,,,,,,,,,706.8,560.8,1221.9,1043.0,1030.5,,,370.2,208.8,301.7,626.6,345.5,,,389.6,206.1,712.7,877.2,230.8,,,1613.8,750.2,2036.5,3289.7,1900.7,,,1368.5,1763.5,2061.0,3491.1,1989.1,,,1248.6,715.7,411.2,1276.6,1541.1,,,,,,,,,,,,,,,,,1132.8,663.0,1248.6,905.1,1187.9,,,2631.7,2672.9,3978.2,2221.6,6109.5,,,1196.2,2515.6,3718.8,1922.0,1727.9,,,1859.4,7437.6,5031.3,5702.2,7127.7,,,1839.4,2631.7,2479.2,3491.1,3639.7,,,3563.8,4276.6,2036.5,4751.8,2375.9,,,,,,,,,,,,,,,,,851.0,302.7,1437.5,1103.6,1555.1,,,784.7,300.1,1315.8,777.5,1710.6,,,70.3,81.0,83.2,56.3,178.5,,,1943.9,2280.8,476.5,1781.9,3421.3,,,1000.3,803.1,307.6,1326.0,1413.7,,,2759.1,3639.7,1024.3,3801.4,2409.3,,,,,,,,,,,,,,,,,,,,,,,,,,,,,,,,,,,,,,,,,,,,,,,,,,,,,,,,,,,,,,,,,,,,,,,,,,,,,,,,,,,,,,,,,,,,,,,,,,,,,,,,,,,,,,,,,,,,,,,,,,,,,,,,
20260908_弥彦_4R,20260908,21,弥彦,4,3694.8,1329.3,5025.0,1820.6,989.1,,,4568.2,2761.0,3101.8,3538.7,1932.7,,,1097.1,2010.0,2203.9,1060.1,558.3,,,4407.9,4052.4,3180.3,2392.8,3305.9,,,2165.9,3350.0,1419.5,3180.3,1064.6,,,647.5,1111.7,442.3,1889.1,863.4,,,,,,,,,,,,,,,,,4926.5,1460.7,3988.1,2955.9,815.7,,,4652.8,2887.9,4052.4,5127.5,1411.5,,,1082.9,2147.4,3027.1,2147.4,209.3,,,4926.5,5345.7,5583.3,6790.5,2590.2,,,3750.0,5583.3,3180.3,6128.0,1875.0,,,392.5,524.5,172.4,763.6,719.9,,,,,,,,,,,,,,,,,4258.5,2701.6,2129.2,2921.5,1322.3,,,5025.0,2791.6,3350.0,4831.7,1380.5,,,2415.8,1861.1,1281.8,2730.9,703.7,,,2129.2,2348.1,977.6,2991.0,897.3,,,4331.9,5843.0,3925.8,2617.2,2791.6,,,756.7,598.2,366.7,480.4,1469.3,,,,,,,,,,,,,,,,,405.8,854.5,719.9,565.8,226.9,,,369.4,766.0,775.4,800.1,133.0,,,826.4,782.7,501.5,1403.6,335.0,,,1268.9,1179.5,907.0,2076.4,657.7,,,629.7,977.6,1903.4,1590.1,555.8,,,61.1,42.7,76.2,127.7,159.9,,,,,,,,,,,,,,,,,5234.4,3865.4,4331.9,4926.5,3101.8,,,5345.7,5710.2,5461.9,9663.5,2284.1,,,2305.0,3221.1,1744.8,4258.5,1495.5,,,4331.9,4831.7,1697.6,6442.3,2439.3,,,8375.0,8375.0,6979.2,7851.6,4740.5,,,2823.0,1889.1,1452.3,1732.7,4407.9,,,,,,,,,,,,,,,,,2392.8,3101.8,1038.2,4331.9,1106.8,,,3441.8,5025.0,4052.4,8973.2,1833.9,,,3064.0,4407.9,3641.3,6281.2,3806.8,,,2392.8,3988.1,3806.8,5843.0,1663.9,,,6611.8,9999.9,5461.9,8663.8,5982.1,,,997.0,1147.2,2701.6,1308.6,4568.2,,,,,,,,,,,,,,,,,59.0,43.3,21.6,74.7,50.5,,,19.9,26.2,9.1,60.1,38.5,,,25.9,36.9,9.5,20.3,70.0,,,8.5,9.7,6.7,23.4,31.0,,,150.7,166.6,67.2,85.5,256.6,,,48.8,91.6,145.5,84.7,177.5,,,,,,,,,,,,,,,,,,,,,,,,,,,,,,,,,,,,,,,,,,,,,,,,,,,,,,,,,,,,,,,,,,,,,,,,,,,,,,,,,,,,,,,,,,,,,,,,,,,,,,,,,,,,,,,,,,,,,,,,,,,,,,,,
20260908_弥彦_5R,20260908,21,弥彦,5,3556.1,5156.4,2989.2,8967.6,6445.5,,,1892.2,1704.6,268.5,3437.6,669.6,,,6066.3,3618.5,3381.2,9999.9,6445.5,,,1165.2,202.6,1305.4,1875.0,349.5,,,8594.0,7366.3,9999.9,6250.2,8250.2,,,3125.1,623.1,3891.6,565.0,5427.8,,,,,,,,,,,,,,,,,6066.3,8594.0,4209.3,9999.9,8594.0,,,4687.6,7112.3,1624.0,9999.9,4297.0,,,7639.1,8250.2,7112.3,9999.9,9821.7,,,2578.2,1356.9,6066.3,5574.5,1983.2,,,9999.9,9999.9,8967.6,9999.9,9999.9,,,8250.2,4687.6,9999.9,2787.2,9375.3,,,,,,,,,,,,,,,,,463.4,661.0,72.1,1265.3,172.5,,,713.6,2022.1,308.3,3437.6,852.3,,,1036.4,2217.8,407.6,3891.6,1432.3,,,19.2,50.6,92.2,181.8,23.8,,,2750.0,6066.3,5574.5,1375.0,4297.0,,,217.1,514.3,758.2,98.6,1574.4,,,,,,,,,,,,,,,,,7932.9,5156.4,3966.4,5574.5,4388.4,,,7639.1,5427.8,9999.9,9999.9,9999.9,,,3326.7,6250.2,1356.9,9999.9,3966.4,,,2022.1,4483.8,1085.5,4209.3,2291.7,,,9999.9,9999.9,9999.9,8250.2,9999.9,,,6250.2,9999.9,5156.4,3125.1,9999.9,,,,,,,,,,,,,,,,,63.5,9.6,141.2,241.8,27.8,,,145.6,49.1,446.4,603.0,161.7,,,3.2,12.0,26.4,61.8,3.8,,,279.8,685.2,98.9,1006.1,289.2,,,477.4,873.9,205.0,1091.3,446.4,,,28.9,73.5,13.8,135.6,223.7,,,,,,,,,,,,,,,,,9999.9,8250.2,9999.9,7366.3,9999.9,,,9999.9,9999.9,9999.9,9999.9,9999.9,,,6445.5,7366.3,7639.1,5427.8,9821.7,,,9999.9,9999.9,9999.9,7366.3,9999.9,,,5156.4,9999.9,3033.1,6875.2,5030.6,,,8250.2,9999.9,9999.9,9999.9,6066.3,,,,,,,,,,,,,,,,,1841.5,769.6,3273.9,554.4,3891.6,,,4483.8,2864.6,5893.0,1462.8,9999.9,,,486.4,1257.6,1892.2,200.4,2989.2,,,5288.6,9375.3,3891.6,2787.2,9999.9,,,225.4,601.3,120.3,877.6,1273.1,,,6250.2,9999.9,5729.3,7932.9,3891.6,,,,,,,,,,,,,,,,,,,,,,,,,,,,,,,,,,,,,,,,,,,,,,,,,,,,,,,,,,,,,,,,,,,,,,,,,,,,,,,,,,,,,,,,,,,,,,,,,,,,,,,,,,,,,,,,,,,,,,,,,,,,,,,,
20260908_弥彦_6R,20260908,21,弥彦,6,5992.3,2772.5,1752.4,7430.5,9999.9,,,9999.9,7740.1,2019.1,5307.5,8845.8,,,2238.1,4888.5,677.9,2996.1,5992.3,,,1643.9,1955.4,840.5,1643.9,2238.1,,,7144.7,4763.1,5463.6,1857.6,9999.9,,,7144.7,9999.9,9777.0,2293.3,9999.9,,,,,,,,,,,,,,,,,5992.3,2948.6,1643.9,5805.1,9999.9,,,9999.9,5992.3,4644.0,7430.5,9999.9,,,1486.1,2351.4,336.5,767.6,2731.8,,,1376.0,3870.0,503.4,1355.9,3870.0,,,4422.9,3715.2,1175.7,1821.2,8076.6,,,9999.9,3096.0,5160.1,9999.9,7740.1,,,,,,,,,,,,,,,,,9999.9,7430.5,1486.1,4763.1,4038.3,,,9999.9,5629.2,5992.3,5307.5,9999.9,,,6192.1,5629.2,1255.1,3504.9,8443.8,,,1615.3,5992.3,1535.2,3642.4,7740.1,,,5307.5,6880.1,4422.9,4763.1,9999.9,,,9999.9,9999.9,9777.0,9999.9,9999.9,,,,,,,,,,,,,,,,,109.4,203.0,38.1,162.5,344.6,,,72.5,120.6,15.0,64.0,250.0,,,245.7,218.8,48.5,255.5,536.8,,,6.4,3.0,11.5,5.6,24.4,,,172.8,92.2,247.6,25.8,395.2,,,649.5,589.7,746.0,170.7,445.4,,,,,,,,,,,,,,,,,578.7,942.9,253.7,677.9,1198.4,,,451.9,790.4,127.4,347.2,1009.5,,,957.5,1510.2,353.1,1418.0,3148.5,,,27.8,15.0,36.7,24.7,67.0,,,740.0,540.0,1032.0,183.9,1281.1,,,1587.7,3715.2,3870.0,740.0,2544.7,,,,,,,,,,,,,,,,,6192.1,5020.6,3377.5,1839.2,9999.9,,,4530.8,4422.9,1055.4,884.5,5020.6,,,1601.4,4530.8,2211.4,4128.0,8076.6,,,1462.7,668.2,1498.0,260.5,2351.4,,,1386.2,1317.4,2381.5,349.8,4320.0,,,9999.9,5463.6,9999.9,5020.6,9999.9,,,,,,,,,,,,,,,,,9999.9,9999.9,9999.9,2238.1,9999.9,,,9999.9,9999.9,6634.4,9999.9,7430.5,,,9999.9,9999.9,9999.9,9999.9,9999.9,,,9777.0,7144.7,9999.9,2857.9,6405.6,,,2351.4,9999.9,9777.0,2948.6,9777.0,,,9999.9,8845.8,9999.9,6405.6,9777.0,,,,,,,,,,,,,,,,,,,,,,,,,,,,,,,,,,,,,,,,,,,,,,,,,,,,,,,,,,,,,,,,,,,,,,,,,,,,,,,,,,,,,,,,,,,,,,,,,,,,,,,,,,,,,,,,,,,,,,,,,,,,,,,,
20260908_弥彦_7R,20260908,21,弥彦,7,600.5,1641.1,472.3,1442.2,726.6,,,321.0,542.3,93.0,1182.4,169.0,,,1453.2,1160.8,583.9,2884.4,318.3,,,158.9,114.4,404.1,1012.6,187.7,,,2841.4,6141.1,3807.4,4881.4,2504.9,,,246.9,143.0,55.6,96.2,897.9,,,,,,,,,,,,,,,,,1069.5,2799.6,906.5,2350.3,1312.9,,,861.4,1573.3,104.1,566.5,928.6,,,2644.0,2321.6,956.6,2047.0,1586.4,,,435.6,49.2,413.8,202.0,220.5,,,2644.0,1487.3,2293.6,783.4,2841.4,,,1075.5,755.4,861.4,437.6,1962.6,,,,,,,,,,,,,,,,,260.4,315.7,74.3,865.3,117.0,,,357.8,451.1,42.0,276.3,348.0,,,729.4,699.9,298.8,1420.7,445.8,,,35.5,6.4,64.1,96.2,33.5,,,3070.5,1431.3,3461.3,910.8,2884.4,,,145.7,286.7,129.2,95.1,1277.6,,,,,,,,,,,,,,,,,2350.3,2379.6,1212.5,2719.6,670.3,,,3070.5,3226.6,1442.2,2644.0,1699.7,,,2379.6,2841.4,1252.4,4138.5,1669.9,,,1399.8,675.0,976.2,1684.7,849.8,,,5439.2,3525.4,5949.2,3282.3,3966.1,,,325.9,893.7,915.2,442.7,1746.5,,,,,,,,,,,,,,,,,152.2,92.1,466.6,824.1,156.6,,,92.9,8.5,153.5,68.2,50.2,,,27.9,3.7,108.5,111.0,24.5,,,767.6,304.1,319.4,857.5,457.6,,,2047.0,500.9,578.6,2139.0,1340.6,,,127.6,101.1,70.3,188.1,598.6,,,,,,,,,,,,,,,,,4326.6,5949.2,5949.2,6345.8,4230.5,,,4138.5,3732.8,5009.8,2163.3,4881.4,,,7322.1,4138.5,7932.2,2607.8,7614.9,,,6564.6,4643.2,6345.8,5439.2,5599.2,,,5949.2,1420.7,1942.5,5145.2,3807.4,,,4643.2,5009.8,6345.8,2799.6,4326.6,,,,,,,,,,,,,,,,,233.0,138.7,32.6,73.6,564.9,,,369.6,515.9,383.8,266.6,1040.2,,,193.8,422.1,186.6,121.2,1113.3,,,51.8,146.2,173.2,71.3,338.7,,,117.3,124.5,107.1,96.2,612.1,,,1746.5,2884.4,4050.5,1399.8,2069.2,,,,,,,,,,,,,,,,,,,,,,,,,,,,,,,,,,,,,,,,,,,,,,,,,,,,,,,,,,,,,,,,,,,,,,,,,,,,,,,,,,,,,,,,,,,,,,,,,,,,,,,,,,,,,,,,,,,,,,,,,,,,,,,,
20260908_弥彦_8R,20260908,21,弥彦,8,1905.8,1400.4,1987.7,1015.7,446.5,,,1966.6,760.7,767.0,2149.5,616.2,,,1021.3,514.9,507.8,1266.1,102.3,,,1455.6,763.9,702.9,1593.6,446.5,,,1455.6,2934.3,1925.6,2400.8,1369.3,,,153.0,224.0,71.1,252.5,396.7,,,,,,,,,,,,,,,,,1650.5,1257.5,1987.7,745.4,395.0,,,1502.9,2603.7,1455.6,1379.5,906.1,,,1389.9,2498.1,1467.1,1455.6,803.7,,,1444.2,1339.5,1224.2,1478.9,1100.3,,,356.8,906.1,876.1,828.9,286.6,,,168.0,674.6,427.9,1141.1,368.2,,,,,,,,,,,,,,,,,1540.5,618.2,491.6,2532.3,364.6,,,943.1,1886.3,780.0,1216.2,494.2,,,447.6,1155.4,204.9,1249.0,216.2,,,166.8,219.5,105.5,387.5,63.6,,,2640.9,1467.1,2498.1,1050.3,1257.5,,,92.6,326.6,140.4,134.3,653.2,,,,,,,,,,,,,,,,,314.9,245.5,286.1,653.2,62.1,,,548.5,1379.5,967.8,915.1,326.0,,,205.6,906.1,135.6,421.1,127.3,,,188.4,713.7,110.9,439.1,114.8,,,1249.0,711.0,1593.6,1760.6,657.8,,,14.9,87.8,46.8,56.5,227.6,,,,,,,,,,,,,,,,,396.7,302.5,411.7,855.8,127.3,,,391.6,361.7,780.0,563.6,243.8,,,92.6,120.2,78.1,235.7,36.0,,,190.3,608.1,123.7,814.3,122.5,,,897.4,522.2,588.7,1004.6,414.4,,,38.7,144.2,59.7,94.1,318.7,,,,,,,,,,,,,,,,,687.2,3488.0,1696.0,1830.3,893.0,,,176.0,733.5,264.8,545.3,132.9,,,3243.2,1467.1,2640.9,1760.6,2100.7,,,1515.2,767.0,2077.1,2567.5,682.1,,,1339.5,1162.6,1422.0,1848.6,1208.2,,,144.3,196.0,1320.4,299.6,828.9,,,,,,,,,,,,,,,,,28.9,39.3,9.5,43.9,74.3,,,57.2,283.5,147.8,575.9,228.5,,,65.6,338.5,43.6,66.3,468.0,,,5.2,56.0,19.5,21.6,130.0,,,70.9,278.8,68.7,52.6,540.5,,,154.9,258.1,919.7,305.0,807.2,,,,,,,,,,,,,,,,,,,,,,,,,,,,,,,,,,,,,,,,,,,,,,,,,,,,,,,,,,,,,,,,,,,,,,,,,,,,,,,,,,,,,,,,,,,,,,,,,,,,,,,,,,,,,,,,,,,,,,,,,,,,,,,,
20260908_弥彦_9R,20260908,21,弥彦,9,468.4,427.2,299.6,1281.7,381.3,,,310.1,285.2,73.3,842.7,67.1,,,258.8,262.5,156.6,424.2,262.1,,,71.9,22.7,46.5,230.7,16.6,,,2307.0,2714.2,1647.9,1264.1,2250.8,,,125.6,26.6,124.8,26.8,549.3,,,,,,,,,,,,,,,,,634.2,842.7,468.4,1902.7,549.3,,,878.8,1042.7,981.7,2028.2,541.2,,,511.2,541.2,486.9,130.6,402.9,,,571.4,813.0,765.8,1963.4,549.3,,,3355.7,3482.4,478.1,3182.1,2883.8,,,463.7,280.9,573.1,571.4,1757.7,,,,,,,,,,,,,,,,,663.9,609.1,141.8,1512.8,112.8,,,1098.6,1367.1,1105.1,2929.6,521.3,,,1036.8,1408.9,802.4,1066.8,333.1,,,153.0,778.7,467.2,1441.9,100.1,,,3076.1,5126.8,2883.8,3618.9,1550.9,,,40.5,178.4,75.8,27.0,277.5,,,,,,,,,,,,,,,,,744.2,1031.1,613.1,827.6,827.6,,,441.5,411.9,386.9,142.7,378.9,,,1564.1,1118.5,1290.6,1111.8,521.3,,,788.7,874.7,971.4,802.4,704.4,,,956.3,295.3,1125.4,756.4,838.9,,,823.9,546.0,385.3,627.7,701.7,,,,,,,,,,,,,,,,,84.6,25.0,56.4,272.2,18.4,,,207.8,691.2,640.8,2197.2,549.3,,,70.0,521.3,296.7,1019.7,76.7,,,198.0,611.1,516.9,696.4,423.3,,,1222.3,3845.1,2528.3,1633.3,1724.9,,,31.7,281.3,35.0,154.9,593.4,,,,,,,,,,,,,,,,,4857.0,6364.3,4101.5,4101.5,5273.3,,,4732.5,5126.8,904.7,6591.6,4857.0,,,6591.6,6152.2,4614.1,6591.6,4988.3,,,3295.8,683.5,2976.8,2171.3,2396.9,,,3845.1,7690.3,4732.5,2563.4,3128.2,,,4988.3,5953.7,4101.5,3076.1,2714.2,,,,,,,,,,,,,,,,,179.8,27.6,117.4,30.6,547.6,,,307.6,167.6,267.1,328.9,1048.6,,,11.1,62.8,24.5,7.6,86.6,,,320.4,261.4,125.1,251.4,327.8,,,26.5,181.8,20.1,103.7,405.6,,,1864.3,2121.4,550.9,750.2,1206.3,,,,,,,,,,,,,,,,,,,,,,,,,,,,,,,,,,,,,,,,,,,,,,,,,,,,,,,,,,,,,,,,,,,,,,,,,,,,,,,,,,,,,,,,,,,,,,,,,,,,,,,,,,,,,,,,,,,,,,,,,,,,,,,,
20260908_弥彦_10R,20260908,21,弥彦,10,62.8,44.4,82.4,141.4,25.3,,,38.4,16.2,17.7,27.7,36.0,,,19.8,9.4,16.6,8.6,22.9,,,104.1,63.6,78.6,144.7,122.6,,,173.4,146.3,81.7,190.0,216.4,,,19.9,69.5,54.9,105.7,168.0,,,,,,,,,,,,,,,,,533.6,403.0,636.8,1097.7,226.2,,,1164.2,2040.0,2533.2,4520.0,2426.5,,,841.3,2174.7,3073.6,2777.4,1953.5,,,1578.9,2881.5,2712.0,5488.6,2260.0,,,2328.5,4191.3,3907.1,6403.4,4191.3,,,199.9,850.6,579.2,922.0,1414.2,,,,,,,,,,,,,,,,,163.2,50.1,53.3,155.4,157.4,,,658.6,1431.8,1302.3,2478.7,1568.1,,,74.8,536.1,199.9,419.1,743.6,,,147.1,640.3,292.5,1152.6,750.8,,,803.2,2955.4,1219.7,2134.4,2114.9,,,700.6,1206.9,1623.4,1506.6,3033.2,,,,,,,,,,,,,,,,,58.6,15.1,33.8,15.7,58.1,,,374.8,879.8,1422.9,1422.9,997.9,,,52.3,422.2,168.6,265.5,532.3,,,226.8,1364.0,342.5,879.8,1206.9,,,144.5,900.4,384.8,820.3,1067.2,,,400.9,893.5,1057.4,1536.8,1970.2,,,,,,,,,,,,,,,,,918.4,343.0,430.0,1087.3,1006.6,,,1516.6,2533.2,2845.9,4433.1,2426.5,,,276.7,1295.0,532.3,2058.2,1380.3,,,563.6,3546.5,688.1,2744.3,3440.6,,,1970.2,3157.8,3201.7,3115.1,3293.2,,,2426.5,3546.5,3390.0,3659.1,5622.5,,,,,,,,,,,,,,,,,1859.0,838.2,680.0,1623.4,2401.2,,,2712.0,5361.0,5122.7,5361.0,5122.7,,,1188.2,5910.8,1623.4,4610.4,5122.7,,,746.0,5011.4,1440.7,3440.6,7436.2,,,2376.5,5763.1,4704.5,3974.5,5361.0,,,3842.0,5622.5,6586.4,8233.0,6066.4,,,,,,,,,,,,,,,,,205.8,474.3,383.5,684.0,1047.8,,,160.4,528.7,446.7,731.8,1158.4,,,896.9,1568.1,2238.1,2328.5,4116.5,,,750.8,1547.1,2022.1,2918.0,4610.4,,,1953.5,2305.2,3115.1,3492.7,4704.5,,,2881.5,4349.5,5011.4,5239.1,4610.4,,,,,,,,,,,,,,,,,,,,,,,,,,,,,,,,,,,,,,,,,,,,,,,,,,,,,,,,,,,,,,,,,,,,,,,,,,,,,,,,,,,,,,,,,,,,,,,,,,,,,,,,,,,,,,,,,,,,,,,,,,,,,,,,
20260908_弥彦_11R,20260908,21,弥彦,11,1152.3,572.2,497.7,1529.4,1264.9,,,1367.8,1210.3,1345.9,2002.8,1294.1,,,266.2,445.0,316.8,532.4,340.5,,,479.3,1390.4,734.6,2002.8,1557.8,,,2027.0,2588.3,2213.7,3364.8,2474.1,,,1193.2,1450.3,1284.2,2027.0,1557.8,,,,,,,,,,,,,,,,,722.0,342.6,149.9,880.8,576.1,,,429.1,340.5,67.9,632.4,256.8,,,139.1,317.4,53.5,443.9,227.6,,,20.5,13.6,9.7,49.2,11.7,,,1144.5,1176.5,1114.1,338.5,871.7,,,458.4,327.9,361.0,92.0,506.7,,,,,,,,,,,,,,,,,961.3,761.2,734.6,1356.7,586.2,,,373.8,345.4,87.4,578.1,230.7,,,537.5,535.8,476.6,1356.7,611.7,,,385.8,46.6,307.0,446.2,172.2,,,1324.7,744.4,1184.8,683.9,361.0,,,393.0,166.2,364.1,202.9,139.3,,,,,,,,,,,,,,,,,97.0,249.2,104.0,279.0,123.7,,,117.8,458.4,69.6,623.1,263.2,,,522.4,539.2,698.1,1848.8,558.9,,,124.3,60.6,364.9,734.6,215.9,,,972.5,1210.3,1617.7,1335.2,1038.5,,,462.2,502.2,560.8,546.2,652.1,,,,,,,,,,,,,,,,,142.2,535.8,262.4,961.3,549.8,,,21.7,11.7,8.4,50.2,8.6,,,260.0,42.6,187.7,327.3,56.8,,,100.2,49.7,209.5,475.2,142.8,,,1228.0,307.0,407.3,894.9,373.0,,,325.4,62.4,118.2,251.1,202.9,,,,,,,,,,,,,,,,,1848.8,1367.8,1379.0,2304.6,1789.8,,,1184.8,1001.4,1176.5,654.6,845.4,,,1557.8,1152.3,1390.4,1114.1,368.1,,,1264.9,1356.7,1168.3,1890.3,1475.8,,,2051.7,584.1,1071.6,1602.3,824.7,,,662.3,659.7,279.9,914.3,634.8,,,,,,,,,,,,,,,,,1160.2,1136.7,1092.4,1587.1,1025.8,,,786.1,447.4,741.1,221.0,627.7,,,404.4,265.3,409.3,249.6,175.2,,,709.8,876.2,652.1,945.1,722.0,,,950.5,136.5,319.8,768.2,475.2,,,695.2,594.4,235.3,634.8,551.6,,,,,,,,,,,,,,,,,,,,,,,,,,,,,,,,,,,,,,,,,,,,,,,,,,,,,,,,,,,,,,,,,,,,,,,,,,,,,,,,,,,,,,,,,,,,,,,,,,,,,,,,,,,,,,,,,,,,,,,,,,,,,,,,
20260908_西武園_1R,20260908,26,西武園,1,41.4,39.0,27.4,147.6,,,,126.7,186.2,160.9,659.3,,,,30.8,61.0,4.8,103.1,,,,31.2,86.4,9.1,57.3,,,,637.4,1113.9,462.6,324.1,,,,,,,,,,,,,,,,,,,,,,,,,23.0,26.2,14.4,155.2,,,,13.6,34.8,31.6,84.4,,,,29.9,53.0,133.5,565.1,,,,60.1,121.2,141.1,252.7,,,,712.6,856.2,1147.3,980.6,,,,,,,,,,,,,,,,,,,,,,,,,160.0,337.4,290.4,1470.9,,,,85.7,222.3,164.6,426.5,,,,403.9,531.1,1233.7,2012.8,,,,917.8,556.9,1434.1,1550.4,,,,2494.2,1738.4,2731.7,2494.2,,,,,,,,,,,,,,,,,,,,,,,,,39.9,46.3,8.8,112.9,,,,60.6,94.9,201.9,556.9,,,,214.8,280.5,730.7,1147.3,,,,63.9,202.7,626.9,395.6,,,,831.4,1289.1,1639.0,1170.7,,,,,,,,,,,,,,,,,,,,,,,,,140.7,250.5,57.7,205.9,,,,207.4,466.4,354.1,932.8,,,,644.5,551.6,1220.5,1470.9,,,,102.2,345.5,730.7,603.8,,,,620.1,1470.9,1639.0,972.3,,,,,,,,,,,,,,,,,,,,,,,,,1662.8,2390.3,997.6,956.1,,,,1978.1,1662.8,1821.1,2441.1,,,,2494.2,2549.6,3374.5,2798.4,,,,1416.4,2549.6,3585.4,2012.8,,,,1124.8,2607.6,2941.9,1738.4,,,,,,,,,,,,,,,,,,,,,,,,,,,,,,,,,,,,,,,,,,,,,,,,,,,,,,,,,,,,,,,,,,,,,,,,,,,,,,,,,,,,,,,,,,,,,,,,,,,,,,,,,,,,,,,,,,,,,,,,,,,,,,,,,,,,,,,,,,,,,,,,,,,,,,,,,,,,,,,,,,,,,,,,,,,,,,,,,,,,,,,,,,,,,,,,
20260908_西武園_2R,20260908,26,西武園,2,244.0,325.8,593.6,1568.8,350.8,,,151.6,106.1,367.2,930.6,448.2,,,109.2,93.7,30.6,490.2,300.0,,,642.2,790.0,166.8,1614.9,989.3,,,2153.2,2196.3,1155.9,3327.7,5229.3,,,900.1,1323.0,1132.1,1390.0,4774.6,,,,,,,,,,,,,,,,,282.3,396.4,790.0,2287.8,465.3,,,86.5,35.7,74.4,184.5,24.3,,,311.0,184.2,334.8,1016.8,319.2,,,1233.9,557.4,900.1,1715.8,737.0,,,3660.5,1098.1,1484.0,2196.3,2387.3,,,434.0,88.9,400.7,361.2,1066.1,,,,,,,,,,,,,,,,,49.7,25.0,90.0,315.5,147.4,,,15.7,6.7,27.2,98.6,5.5,,,18.8,30.2,23.4,192.3,109.8,,,208.7,204.1,93.5,566.0,409.7,,,813.4,488.0,747.0,767.9,1355.7,,,269.8,50.1,289.7,287.4,1007.4,,,,,,,,,,,,,,,,,69.9,72.6,13.4,271.1,137.6,,,149.0,144.1,136.4,722.4,262.7,,,70.5,86.2,72.6,581.0,305.8,,,24.9,93.4,129.9,278.0,138.6,,,752.1,1045.8,1504.3,727.2,3660.5,,,392.2,603.3,938.6,311.0,3327.7,,,,,,,,,,,,,,,,,946.7,1098.1,278.0,2336.5,1206.7,,,1262.2,922.8,864.7,2287.8,922.8,,,1233.9,695.0,566.0,1689.4,1743.1,,,129.3,349.7,353.1,801.5,506.0,,,3327.7,2815.8,2495.8,1715.8,4575.7,,,2111.8,1484.0,1893.4,1591.5,3431.7,,,,,,,,,,,,,,,,,1893.4,1614.9,1291.9,1996.6,3431.7,,,2153.2,946.7,1390.0,2440.3,1407.9,,,1323.0,638.4,1372.7,1715.8,2072.0,,,1220.1,1639.0,1614.9,1132.1,3660.5,,,2440.3,2495.8,1996.6,1861.3,2553.8,,,4774.6,2968.0,4067.3,4774.6,3786.8,,,,,,,,,,,,,,,,,1504.3,2336.5,1291.9,2440.3,6100.9,,,773.3,175.9,778.8,807.4,2241.1,,,1504.3,195.0,1109.2,1743.1,3050.4,,,1390.0,1444.9,2033.6,1639.0,6100.9,,,2387.3,1591.5,1926.6,2553.8,3431.7,,,6863.5,3922.0,5490.8,6863.5,4575.7,,,,,,,,,,,,,,,,,,,,,,,,,,,,,,,,,,,,,,,,,,,,,,,,,,,,,,,,,,,,,,,,,,,,,,,,,,,,,,,,,,,,,,,,,,,,,,,,,,,,,,,,,,,,,,,,,,,,,,,,,,,,,,,,
20260908_西武園_3R,20260908,26,西武園,3,477.6,251.4,289.3,1255.3,370.1,,,480.0,102.7,318.1,1238.6,597.3,,,133.8,44.0,47.8,390.3,181.2,,,210.4,120.0,57.8,335.3,140.9,,,2477.2,2580.4,1752.7,1955.6,1548.2,,,480.0,844.5,448.7,420.3,722.9,,,,,,,,,,,,,,,,,595.4,293.0,452.0,1451.4,361.4,,,880.5,393.6,1139.8,2238.4,764.5,,,208.2,144.6,383.8,440.2,80.1,,,864.1,1574.4,852.2,1915.3,888.9,,,3259.4,3148.9,1895.8,2510.6,514.6,,,234.8,311.7,110.5,221.7,65.9,,,,,,,,,,,,,,,,,711.8,165.8,506.2,1644.1,688.1,,,988.2,457.6,2064.3,3045.7,1198.6,,,55.0,104.6,89.6,342.1,113.3,,,670.7,1658.8,390.3,2211.7,1238.6,,,4038.9,5308.3,1673.7,3440.5,2902.9,,,1803.7,1658.8,693.2,1915.3,1821.4,,,,,,,,,,,,,,,,,22.8,15.2,11.6,110.5,33.1,,,35.9,36.8,81.4,168.4,14.2,,,5.4,11.7,14.3,88.0,17.3,,,36.2,118.0,57.6,257.6,120.6,,,580.5,690.6,625.5,683.0,340.2,,,52.5,44.5,76.5,131.3,85.4,,,,,,,,,,,,,,,,,476.3,387.8,201.7,1327.0,587.9,,,967.6,2238.4,1080.1,2858.3,1418.2,,,844.5,2412.8,601.2,3096.5,1720.2,,,234.5,790.5,312.2,1112.5,811.3,,,3642.9,3642.9,2772.9,2692.6,1839.5,,,1126.0,1214.3,1498.3,1246.9,1246.9,,,,,,,,,,,,,,,,,4644.7,5021.3,3203.2,4423.5,3505.4,,,4531.4,5160.8,2692.6,4763.8,860.1,,,4320.7,5630.0,3440.5,5308.3,4038.9,,,2654.1,2732.2,1821.4,3096.5,1935.3,,,3642.9,4320.7,4128.6,3317.6,2732.2,,,3259.4,800.8,3505.4,2019.4,2949.0,,,,,,,,,,,,,,,,,749.1,1561.2,743.1,1139.8,1486.3,,,380.7,526.3,307.0,532.3,194.9,,,1752.7,1396.9,901.8,1574.4,1587.9,,,514.6,428.0,517.5,787.2,688.1,,,1190.9,933.6,1327.0,1146.8,943.1,,,1821.4,462.1,1895.8,1214.3,1281.3,,,,,,,,,,,,,,,,,,,,,,,,,,,,,,,,,,,,,,,,,,,,,,,,,,,,,,,,,,,,,,,,,,,,,,,,,,,,,,,,,,,,,,,,,,,,,,,,,,,,,,,,,,,,,,,,,,,,,,,,,,,,,,,,
20260908_西武園_4R,20260908,26,西武園,4,162.6,145.7,68.5,325.2,112.6,,,356.2,500.6,227.7,1141.0,392.9,,,225.9,424.1,161.0,791.4,313.0,,,58.2,102.4,91.7,239.6,74.6,,,619.2,956.5,910.0,399.9,756.8,,,144.8,287.0,291.9,102.9,425.7,,,,,,,,,,,,,,,,,111.3,93.2,45.4,232.6,84.8,,,197.8,309.6,132.2,516.7,280.9,,,130.3,222.1,68.0,269.5,160.5,,,29.7,57.3,36.1,68.9,17.8,,,335.9,395.7,274.7,151.8,228.8,,,90.2,117.8,106.4,34.3,175.7,,,,,,,,,,,,,,,,,944.4,1337.9,522.7,1498.5,661.1,,,817.3,1135.2,522.7,921.2,823.3,,,1571.8,1508.5,1075.4,1702.8,1594.1,,,477.2,486.5,744.2,775.0,499.5,,,1798.2,1469.1,1729.0,1152.7,1702.8,,,783.1,925.0,1413.6,583.8,1550.1,,,,,,,,,,,,,,,,,417.0,835.6,327.6,1215.0,571.9,,,371.5,559.1,191.9,655.3,381.6,,,1314.4,1135.2,925.0,1857.6,1396.1,,,229.1,125.8,320.6,276.8,217.3,,,1550.1,964.7,1560.9,704.6,1060.2,,,764.5,431.4,1026.3,416.2,994.5,,,,,,,,,,,,,,,,,35.3,60.3,47.4,164.5,53.3,,,29.1,58.8,27.0,57.5,14.2,,,90.3,93.2,120.2,315.2,129.4,,,48.6,40.4,75.1,119.6,63.3,,,203.7,102.7,252.8,185.6,111.9,,,53.2,23.5,74.5,53.2,86.8,,,,,,,,,,,,,,,,,666.9,1176.8,1387.5,509.7,791.4,,,483.3,477.2,428.1,238.8,365.4,,,1413.6,913.7,1508.5,981.5,867.8,,,1060.2,473.2,985.8,530.1,677.0,,,326.2,177.5,373.3,300.9,219.2,,,634.9,401.3,597.8,640.3,302.5,,,,,,,,,,,,,,,,,169.1,246.7,359.6,129.7,556.3,,,137.9,215.9,190.9,67.3,254.8,,,448.6,485.4,854.6,304.9,999.0,,,467.3,341.0,627.8,269.5,767.1,,,103.2,56.3,130.8,131.1,169.9,,,544.2,376.5,593.0,576.3,277.8,,,,,,,,,,,,,,,,,,,,,,,,,,,,,,,,,,,,,,,,,,,,,,,,,,,,,,,,,,,,,,,,,,,,,,,,,,,,,,,,,,,,,,,,,,,,,,,,,,,,,,,,,,,,,,,,,,,,,,,,,,,,,,,,
20260908_西武園_5R,20260908,26,西武園,5,2486.1,1864.5,1043.3,2549.0,1480.7,,,1065.4,207.1,303.7,381.3,76.5,,,991.9,350.2,459.7,945.4,83.8,,,792.8,556.2,664.6,643.3,442.5,,,1022.2,537.0,1227.9,651.7,671.2,,,336.7,53.3,16.4,137.2,171.3,,,,,,,,,,,,,,,,,4475.0,4109.7,1379.2,6495.9,2876.7,,,4284.5,2918.4,2188.8,2615.2,2341.5,,,3729.1,3471.9,2237.5,5593.7,1094.4,,,1205.8,1936.3,1573.2,1611.0,1213.1,,,5442.5,2918.4,4576.7,2165.3,4109.7,,,2188.8,2237.5,545.7,1847.4,3005.6,,,,,,,,,,,,,,,,,977.5,219.3,287.6,322.2,79.3,,,2034.0,1611.0,949.8,864.2,895.0,,,353.9,704.1,572.0,474.9,154.5,,,389.5,370.1,537.0,146.4,258.5,,,280.0,194.0,162.9,50.1,73.0,,,71.5,400.3,46.1,137.6,99.3,,,,,,,,,,,,,,,,,694.3,458.7,400.3,898.9,85.5,,,1782.0,1664.2,1469.8,1814.1,340.1,,,565.6,1198.6,808.7,898.9,236.3,,,465.0,732.2,949.8,729.6,218.8,,,1448.7,1797.9,927.9,1011.9,325.3,,,23.2,51.2,101.2,35.4,82.4,,,,,,,,,,,,,,,,,927.9,789.7,835.5,846.1,606.5,,,786.6,507.2,534.1,422.1,401.9,,,696.8,410.9,777.5,228.0,366.1,,,660.2,721.7,1017.0,795.9,323.2,,,802.2,345.4,198.2,572.0,280.0,,,396.4,425.7,422.1,143.1,364.1,,,,,,,,,,,,,,,,,2615.2,915.3,2013.7,842.5,895.0,,,3799.5,1137.7,2188.8,1164.0,1611.0,,,519.0,309.8,356.4,90.3,166.9,,,2369.1,1993.8,825.3,903.0,578.6,,,729.6,355.1,173.7,594.0,293.1,,,714.0,1011.9,275.4,252.9,382.1,,,,,,,,,,,,,,,,,169.5,31.3,5.7,65.2,82.2,,,577.0,919.5,166.1,699.2,1131.3,,,51.3,465.0,45.6,187.5,145.0,,,5.8,27.4,27.7,14.4,29.7,,,174.8,306.0,313.6,96.6,250.1,,,288.9,649.5,230.1,115.6,229.6,,,,,,,,,,,,,,,,,,,,,,,,,,,,,,,,,,,,,,,,,,,,,,,,,,,,,,,,,,,,,,,,,,,,,,,,,,,,,,,,,,,,,,,,,,,,,,,,,,,,,,,,,,,,,,,,,,,,,,,,,,,,,,,,
20260908_西武園_6R,20260908,26,西武園,6,816.1,678.6,568.6,1352.4,837.8,,,683.5,189.3,161.4,719.9,134.3,,,331.0,163.2,157.5,792.2,178.6,,,513.1,176.6,217.1,928.1,210.1,,,2427.5,1632.2,2058.1,1856.3,1803.2,,,981.0,218.8,369.0,297.7,676.2,,,,,,,,,,,,,,,,,760.4,819.6,639.6,1539.3,823.2,,,1094.4,1352.4,395.2,1514.7,480.5,,,1237.5,1646.4,1161.6,1490.9,1705.8,,,362.0,214.6,495.6,742.5,264.0,,,3786.9,2396.7,2704.9,2058.1,3381.1,,,1288.0,514.5,1705.8,769.6,1786.2,,,,,,,,,,,,,,,,,309.8,126.8,76.1,299.5,62.8,,,347.4,618.7,126.3,841.5,195.2,,,94.1,517.3,159.5,655.1,94.0,,,45.4,62.5,83.5,119.6,20.7,,,593.5,981.0,928.1,345.5,81.4,,,14.6,52.8,25.5,9.3,8.9,,,,,,,,,,,,,,,,,335.1,158.4,184.1,550.4,117.8,,,766.5,1168.8,849.0,1604.6,1147.5,,,194.5,1012.5,335.7,1237.5,225.1,,,234.0,942.0,373.4,1577.8,362.7,,,1737.1,2337.6,1912.5,2459.0,1972.3,,,274.8,1372.0,311.9,593.5,826.8,,,,,,,,,,,,,,,,,221.7,134.9,184.5,511.7,118.3,,,150.1,93.7,212.5,374.9,97.4,,,61.1,74.5,124.3,185.6,26.9,,,143.0,479.3,229.5,1040.3,232.6,,,872.5,1063.7,603.0,1333.4,396.1,,,94.1,133.0,39.3,227.0,146.2,,,,,,,,,,,,,,,,,4733.6,2744.1,2826.0,1514.7,2227.5,,,3712.6,2593.7,2558.7,2396.7,3005.4,,,1147.5,1660.9,1786.2,841.5,223.8,,,3155.7,2868.8,2459.0,2744.1,2524.6,,,1874.7,2427.5,1183.4,3104.0,856.7,,,923.6,2396.7,195.4,1237.5,555.2,,,,,,,,,,,,,,,,,782.4,122.8,354.5,246.5,455.1,,,1100.8,320.9,1206.0,427.4,919.1,,,25.1,60.9,41.1,13.4,15.5,,,379.4,1057.7,202.5,597.3,711.8,,,141.6,237.2,36.9,306.8,166.8,,,424.5,769.6,72.5,593.5,228.4,,,,,,,,,,,,,,,,,,,,,,,,,,,,,,,,,,,,,,,,,,,,,,,,,,,,,,,,,,,,,,,,,,,,,,,,,,,,,,,,,,,,,,,,,,,,,,,,,,,,,,,,,,,,,,,,,,,,,,,,,,,,,,,,
20260908_西武園_7R,20260908,26,西武園,7,396.5,329.9,236.0,321.6,201.7,,,712.5,381.3,614.6,659.0,721.5,,,329.0,274.7,224.8,319.3,391.7,,,249.7,347.5,295.7,185.6,263.9,,,185.2,241.8,170.9,90.6,214.9,,,297.2,575.8,565.8,450.6,506.7,,,,,,,,,,,,,,,,,231.9,206.9,192.0,224.2,112.8,,,228.7,61.7,500.0,274.3,92.5,,,107.5,41.3,300.8,153.8,41.7,,,651.4,926.9,757.5,794.4,553.4,,,162.0,288.2,253.6,600.0,145.9,,,33.3,33.8,26.9,108.3,48.1,,,,,,,,,,,,,,,,,548.1,175.2,636.9,526.6,423.8,,,385.8,76.9,755.0,361.3,162.4,,,41.9,33.8,178.1,57.6,55.5,,,1425.1,1288.2,655.2,1965.6,1628.7,,,411.5,645.9,237.2,1200.1,847.6,,,534.0,317.1,207.2,1027.1,870.3,,,,,,,,,,,,,,,,,138.3,100.5,139.4,137.1,172.7,,,53.2,22.2,215.3,99.9,19.0,,,15.0,9.0,85.3,22.2,21.5,,,522.9,575.8,400.7,653.3,750.0,,,72.9,147.9,71.4,313.6,225.0,,,143.0,49.4,79.4,400.0,251.9,,,,,,,,,,,,,,,,,1123.2,1288.2,1212.8,572.9,954.0,,,1594.5,2111.2,1500.1,2091.9,1530.3,,,2111.2,2303.2,2054.2,2923.3,2303.2,,,1824.1,2035.8,1753.9,2562.0,2326.7,,,857.2,2072.9,2620.9,2213.7,1652.3,,,1212.8,1112.2,1381.9,1325.6,1295.5,,,,,,,,,,,,,,,,,155.6,196.0,166.5,84.3,198.9,,,231.9,513.5,286.0,745.1,248.1,,,266.3,578.7,184.9,1065.5,531.5,,,159.4,250.8,146.1,477.0,441.0,,,451.5,1163.3,1471.0,1065.5,970.2,,,453.3,383.8,1112.2,772.9,966.1,,,,,,,,,,,,,,,,,238.0,531.5,505.5,584.6,571.4,,,70.8,73.4,55.9,197.0,92.2,,,517.0,242.5,285.0,1112.2,912.0,,,338.8,120.2,197.2,703.7,580.2,,,857.2,668.6,1112.2,1080.6,1175.3,,,526.6,327.6,1041.1,930.6,1252.8,,,,,,,,,,,,,,,,,,,,,,,,,,,,,,,,,,,,,,,,,,,,,,,,,,,,,,,,,,,,,,,,,,,,,,,,,,,,,,,,,,,,,,,,,,,,,,,,,,,,,,,,,,,,,,,,,,,,,,,,,,,,,,,,
20260908_西武園_8R,20260908,26,西武園,8,284.2,530.1,375.7,433.3,165.4,,,162.2,149.0,48.7,115.9,76.9,,,654.4,393.1,387.6,393.8,286.8,,,337.7,78.4,264.7,219.2,150.1,,,246.7,133.0,170.9,154.1,100.3,,,113.0,110.4,149.9,106.8,131.9,,,,,,,,,,,,,,,,,609.2,911.3,335.1,882.2,216.6,,,374.4,658.3,185.9,922.8,249.7,,,1328.6,1131.0,1086.4,1837.9,666.3,,,338.7,258.8,678.6,1154.7,239.2,,,918.9,1086.4,1289.7,2120.6,930.6,,,138.1,222.5,216.8,134.1,575.8,,,,,,,,,,,,,,,,,90.7,73.0,22.5,75.2,41.9,,,130.1,389.6,74.6,466.2,76.0,,,197.0,363.3,59.5,436.7,261.6,,,10.5,23.1,16.4,32.5,14.8,,,65.3,366.3,392.4,114.5,170.4,,,60.9,87.9,185.3,50.7,232.6,,,,,,,,,,,,,,,,,915.1,540.5,398.8,697.9,520.1,,,1060.3,926.6,868.3,1658.2,720.7,,,212.4,315.9,98.5,597.7,276.7,,,210.2,322.4,102.4,631.9,287.9,,,713.7,1645.9,1205.2,1297.3,1312.8,,,548.6,626.5,689.2,641.1,1395.9,,,,,,,,,,,,,,,,,335.6,57.0,233.1,325.7,160.8,,,435.8,131.9,537.9,1125.2,341.9,,,19.7,33.0,23.6,61.9,27.5,,,249.2,449.1,74.5,592.8,369.4,,,377.6,1148.7,252.0,787.6,946.5,,,179.4,302.1,85.3,387.6,755.3,,,,,,,,,,,,,,,,,475.3,203.0,349.5,268.3,251.7,,,652.5,1490.2,1658.2,2321.6,832.2,,,162.4,882.2,515.3,195.3,568.4,,,1045.2,1969.2,1470.3,1917.8,2042.1,,,388.9,1683.6,352.3,980.2,1267.5,,,548.6,1320.6,1091.8,1404.7,1185.7,,,,,,,,,,,,,,,,,195.3,185.3,302.9,205.3,331.6,,,164.8,230.7,239.2,223.2,650.5,,,159.3,261.6,421.7,136.9,414.5,,,559.7,520.1,755.3,664.3,1282.2,,,223.0,307.1,166.7,448.2,742.6,,,543.2,915.1,614.3,1225.2,1148.7,,,,,,,,,,,,,,,,,,,,,,,,,,,,,,,,,,,,,,,,,,,,,,,,,,,,,,,,,,,,,,,,,,,,,,,,,,,,,,,,,,,,,,,,,,,,,,,,,,,,,,,,,,,,,,,,,,,,,,,,,,,,,,,,
20260908_西武園_9R,20260908,26,西武園,9,637.3,276.6,545.1,1256.6,763.7,,,1357.7,729.1,1703.7,2060.3,2122.0,,,55.8,127.1,17.8,71.9,58.3,,,441.3,831.8,140.0,427.9,809.0,,,1640.6,1884.9,528.1,906.3,2228.7,,,527.3,1261.1,230.8,641.9,1247.8,,,,,,,,,,,,,,,,,1173.4,603.7,1036.1,2513.3,1158.0,,,1107.4,1039.2,1695.5,1798.8,952.6,,,490.1,955.1,1243.4,2025.0,715.9,,,1679.5,2134.7,1655.9,2705.1,3311.9,,,5211.4,4429.7,4725.0,6006.3,6109.9,,,824.1,630.5,698.9,2072.3,2812.5,,,,,,,,,,,,,,,,,2495.6,1476.5,1789.7,3730.2,2316.1,,,1711.9,1663.7,2625.0,2410.7,1293.3,,,1103.9,1836.1,3474.2,3081.5,1884.9,,,3937.5,6443.2,5906.2,5062.5,7539.9,,,6686.3,5451.9,4921.8,6814.9,5809.4,,,2857.8,1671.5,2316.1,5451.9,4543.2,,,,,,,,,,,,,,,,,8.0,32.4,2.6,12.4,3.8,,,76.2,105.2,210.0,316.4,58.4,,,213.7,218.0,572.4,518.8,329.6,,,70.8,269.4,480.8,219.8,312.2,,,199.3,633.9,598.6,380.2,518.0,,,23.1,27.7,115.3,127.7,192.1,,,,,,,,,,,,,,,,,1603.5,3508.6,537.7,1789.7,2122.0,,,1798.8,4543.2,2394.4,7875.0,2768.5,,,5809.4,7382.8,6443.2,7087.5,8437.5,,,582.8,1270.1,3810.5,2301.1,2812.5,,,3164.0,6562.5,4854.4,3311.9,3653.3,,,2134.7,2271.6,3769.9,2362.5,3251.1,,,,,,,,,,,,,,,,,5906.2,5906.2,1395.1,4429.7,7232.1,,,6217.1,7232.1,4485.7,8859.4,9086.5,,,6948.5,7087.5,5369.3,8241.3,8643.3,,,1226.2,4269.5,4218.7,3221.6,3281.2,,,4854.4,7875.0,6443.2,3474.2,7087.5,,,7703.8,6814.9,7875.0,4027.0,7087.5,,,,,,,,,,,,,,,,,450.2,1205.3,221.4,976.2,1957.8,,,444.6,356.8,306.5,1256.6,2048.4,,,1936.4,1110.8,1763.0,4218.7,3691.4,,,109.3,184.7,604.7,610.9,787.5,,,1875.0,2228.7,3003.1,1687.5,2460.9,,,4027.0,3653.3,4543.2,2201.0,3851.9,,,,,,,,,,,,,,,,,,,,,,,,,,,,,,,,,,,,,,,,,,,,,,,,,,,,,,,,,,,,,,,,,,,,,,,,,,,,,,,,,,,,,,,,,,,,,,,,,,,,,,,,,,,,,,,,,,,,,,,,,,,,,,,,
20260908_西武園_10R,20260908,26,西武園,10,837.9,665.5,2377.6,1802.2,536.2,,,1174.6,1414.6,3523.9,2860.0,1127.6,,,830.9,1356.2,3107.7,2168.5,603.4,,,4643.3,5193.1,4933.5,4485.0,4698.5,,,3523.9,4027.3,2596.5,4536.5,4027.3,,,632.5,1285.6,661.1,2392.0,2268.2,,,,,,,,,,,,,,,,,128.8,116.3,403.5,267.2,90.3,,,88.2,39.5,353.3,134.0,29.7,,,51.2,27.2,220.3,76.3,13.6,,,854.2,716.3,553.5,726.8,483.0,,,379.5,176.4,144.9,748.9,98.3,,,33.0,20.3,9.3,139.1,38.4,,,,,,,,,,,,,,,,,353.3,457.3,1370.4,1025.1,360.1,,,160.3,61.1,300.8,181.6,42.3,,,255.1,81.9,694.8,311.5,82.1,,,1777.8,1380.0,1578.7,2421.3,1370.4,,,955.6,324.3,426.6,1879.4,365.4,,,157.8,44.7,70.1,357.1,221.6,,,,,,,,,,,,,,,,,195.1,314.9,913.6,560.6,203.7,,,75.9,48.3,268.3,123.1,23.9,,,222.9,80.3,654.5,338.2,90.4,,,1019.8,610.9,946.4,1105.5,725.5,,,709.8,304.3,380.2,1342.4,283.7,,,67.5,21.3,52.6,233.2,112.3,,,,,,,,,,,,,,,,,4243.8,4589.3,5262.4,5193.1,5060.0,,,3182.9,2860.0,2268.2,3654.4,2055.6,,,2466.7,3261.8,4243.8,4813.1,3555.6,,,4872.6,2880.8,3907.7,4872.6,3235.1,,,5720.0,4933.5,5262.4,5481.6,3688.6,,,2721.9,1897.5,2579.6,2349.2,2923.5,,,,,,,,,,,,,,,,,3012.8,3986.6,3107.7,4337.1,3432.0,,,1879.4,1052.4,935.2,1794.0,651.2,,,2760.0,1069.5,1206.9,3946.8,1144.0,,,2860.0,1027.8,1672.3,4154.5,1134.1,,,4755.2,4589.3,5262.4,5193.1,4154.5,,,1870.5,645.9,1265.0,1041.3,2703.3,,,,,,,,,,,,,,,,,131.4,286.8,163.4,657.8,431.3,,,45.8,26.2,11.1,181.7,76.8,,,156.0,61.0,85.6,540.6,266.4,,,56.9,16.2,44.9,271.8,114.7,,,1210.6,546.6,999.1,763.4,1196.0,,,623.5,204.7,332.7,257.7,1093.3,,,,,,,,,,,,,,,,,,,,,,,,,,,,,,,,,,,,,,,,,,,,,,,,,,,,,,,,,,,,,,,,,,,,,,,,,,,,,,,,,,,,,,,,,,,,,,,,,,,,,,,,,,,,,,,,,,,,,,,,,,,,,,,,
20260908_西武園_11R,20260908,26,西武園,11,59.1,508.2,162.3,342.6,235.4,,,14.1,74.4,31.7,19.3,41.2,,,578.7,197.0,728.2,789.6,436.7,,,364.7,170.2,984.8,563.4,634.6,,,488.1,162.9,941.3,521.1,790.6,,,209.1,116.3,445.2,364.3,619.3,,,,,,,,,,,,,,,,,79.3,577.1,97.5,504.5,169.1,,,42.3,302.5,62.0,490.4,80.4,,,847.0,579.8,677.8,1854.4,549.3,,,56.5,54.9,450.0,376.9,57.5,,,1749.3,1779.5,3528.6,1720.1,1769.3,,,64.1,46.6,225.7,26.8,480.1,,,,,,,,,,,,,,,,,8.5,37.3,17.0,16.6,21.5,,,29.3,230.3,60.8,337.8,94.2,,,63.9,198.8,456.0,373.1,159.7,,,84.0,139.8,879.6,803.0,373.1,,,317.6,929.9,1116.6,1124.8,1281.1,,,39.9,83.5,165.5,198.1,480.5,,,,,,,,,,,,,,,,,686.1,245.4,817.9,945.6,390.8,,,884.6,590.3,1135.1,2321.4,568.6,,,126.6,297.0,727.3,727.3,244.6,,,1192.1,1795.1,2024.6,3134.6,1651.1,,,2044.7,3430.6,2018.0,3632.4,3319.9,,,349.8,321.1,256.3,666.8,941.3,,,,,,,,,,,,,,,,,544.0,463.6,1369.2,1213.1,923.0,,,251.5,264.0,1225.2,1012.3,317.6,,,423.5,445.2,2058.3,2393.4,806.1,,,1419.5,2253.7,2650.2,4200.7,2100.3,,,1678.0,2872.1,3883.7,5103.4,4089.5,,,804.0,446.8,883.4,1687.2,2832.6,,,,,,,,,,,,,,,,,2983.1,1062.8,3675.6,1687.2,3788.4,,,3267.2,3508.6,5323.4,3883.7,4678.1,,,1068.3,3835.5,2650.2,4116.7,2912.8,,,4442.5,5464.7,3835.5,6175.1,5061.6,,,1905.9,4750.1,5233.1,6569.3,5145.9,,,3983.9,4318.3,3933.2,5277.9,5277.9,,,,,,,,,,,,,,,,,126.3,71.7,306.4,248.4,502.8,,,44.7,32.9,155.2,25.4,398.6,,,34.0,59.9,132.5,150.2,381.6,,,242.1,248.6,166.7,436.0,860.0,,,365.6,174.8,333.0,705.7,1466.7,,,1749.3,1810.9,1821.5,2806.8,2510.2,,,,,,,,,,,,,,,,,,,,,,,,,,,,,,,,,,,,,,,,,,,,,,,,,,,,,,,,,,,,,,,,,,,,,,,,,,,,,,,,,,,,,,,,,,,,,,,,,,,,,,,,,,,,,,,,,,,,,,,,,,,,,,,,
20260908_京王閣_1R,20260908,27,京王閣,1,5.8,15.5,37.9,37.4,209.9,,,7.3,32.9,76.4,26.2,430.8,,,19.8,22.2,76.6,108.2,289.8,,,100.0,171.4,179.1,338.8,291.5,,,167.9,222.1,372.5,676.6,1664.3,,,674.4,1677.9,1186.1,867.1,2219.1,,,,,,,,,,,,,,,,,16.1,32.9,53.7,66.6,281.1,,,15.6,55.2,74.6,19.9,312.2,,,109.1,157.6,413.5,346.2,1115.5,,,142.0,212.3,406.2,390.1,452.5,,,233.2,144.4,519.8,543.1,1281.8,,,897.3,1599.8,2516.8,1281.8,2043.4,,,,,,,,,,,,,,,,,30.4,161.9,299.5,109.0,992.2,,,19.0,86.3,98.8,19.2,465.8,,,376.6,354.6,1031.9,734.4,3175.1,,,687.9,389.4,1159.4,699.6,2023.3,,,181.6,83.0,568.5,544.5,1474.1,,,3498.0,1910.9,4486.6,3328.7,3224.7,,,,,,,,,,,,,,,,,199.4,258.6,655.1,809.3,1199.9,,,319.4,507.0,1517.5,1152.9,3383.3,,,435.4,596.4,1705.6,1910.9,4486.6,,,1340.1,2149.8,2267.9,2948.3,2715.5,,,1810.3,2084.6,2788.9,3685.4,3328.7,,,3620.7,5577.9,5159.6,3080.3,4127.7,,,,,,,,,,,,,,,,,306.2,530.5,608.8,997.0,731.8,,,339.4,459.6,828.8,775.8,812.5,,,825.5,591.3,1152.9,1243.2,1625.0,,,925.4,1206.9,1306.2,1749.0,1719.8,,,1506.4,1214.0,1587.5,1947.0,1314.5,,,543.1,663.6,964.4,959.9,997.0,,,,,,,,,,,,,,,,,724.1,982.7,2043.4,3080.3,5896.7,,,714.1,349.2,1551.7,1734.3,4486.6,,,799.9,371.8,1691.6,2345.2,5896.7,,,3558.3,2243.3,3620.7,4690.5,4913.9,,,4391.1,2456.9,4299.6,4127.7,3685.4,,,7643.8,5577.9,5033.7,5033.7,3821.9,,,,,,,,,,,,,,,,,2866.4,4799.6,3685.4,2612.4,5033.7,,,3752.4,3275.9,5159.6,2579.8,5732.9,,,5732.9,4586.3,8255.4,4913.9,6254.0,,,4211.9,5896.7,7937.8,3620.7,4690.5,,,1385.1,1403.9,1810.3,1794.6,1734.3,,,7643.8,4586.3,6879.5,5431.1,3439.7,,,,,,,,,,,,,,,,,,,,,,,,,,,,,,,,,,,,,,,,,,,,,,,,,,,,,,,,,,,,,,,,,,,,,,,,,,,,,,,,,,,,,,,,,,,,,,,,,,,,,,,,,,,,,,,,,,,,,,,,,,,,,,,,
20260908_京王閣_2R,20260908,27,京王閣,2,16.4,21.8,123.4,99.6,355.9,,,5.6,11.3,60.8,3.0,73.1,,,53.3,60.2,144.8,237.3,689.6,,,280.9,284.3,284.3,656.2,1304.0,,,300.4,88.6,344.0,707.6,461.5,,,1051.4,632.6,1315.4,1631.7,841.1,,,,,,,,,,,,,,,,,44.7,61.6,269.7,300.7,827.1,,,79.9,174.6,566.6,277.2,1463.8,,,113.9,127.2,162.8,476.2,1233.9,,,712.6,1161.9,522.9,1640.7,2195.7,,,1066.4,1036.8,1579.9,2596.6,3513.1,,,2764.9,4035.3,2871.3,4594.0,4665.8,,,,,,,,,,,,,,,,,19.3,20.8,100.2,7.5,131.0,,,94.5,210.1,672.5,286.0,1471.0,,,136.6,291.6,584.3,429.0,1696.6,,,569.8,1376.1,995.3,1456.6,3210.9,,,74.9,242.1,237.5,785.8,575.3,,,899.4,2956.5,3317.9,3878.1,1456.6,,,,,,,,,,,,,,,,,305.0,312.6,649.1,1019.1,2059.4,,,287.9,309.4,263.3,855.6,1563.4,,,401.9,492.7,1002.0,963.2,3078.5,,,1026.1,627.3,1058.9,1493.0,2817.1,,,2245.2,2552.2,1866.3,2530.6,3981.5,,,5742.6,3779.9,6221.1,5634.2,4665.8,,,,,,,,,,,,,,,,,1287.1,979.0,1415.2,2332.9,3472.2,,,1571.6,2102.9,913.1,3355.2,4456.9,,,1005.4,2245.2,1571.6,2369.9,3929.1,,,1327.1,811.4,1408.5,1832.0,3686.6,,,4391.4,6221.1,4327.7,4035.3,3929.1,,,3554.9,3779.9,4665.8,4524.4,3929.1,,,,,,,,,,,,,,,,,1539.2,417.0,2488.4,3245.8,2666.2,,,1588.3,1579.9,2927.6,6094.2,5855.2,,,370.9,1276.1,1428.7,3143.3,2467.9,,,2986.1,3554.9,2642.6,3176.7,6635.9,,,4665.8,7283.3,4895.3,4147.4,6944.5,,,3281.4,6094.2,3355.2,6221.1,6094.2,,,,,,,,,,,,,,,,,5972.3,2509.3,5634.2,6944.5,4035.3,,,7109.9,6491.6,5529.9,8070.7,7656.8,,,2764.9,8531.8,6635.9,8294.8,4524.4,,,7109.9,6635.9,7283.3,7109.9,9048.9,,,4594.0,4739.9,5529.9,5238.8,5634.2,,,4147.4,7109.9,5238.8,7283.3,7656.8,,,,,,,,,,,,,,,,,,,,,,,,,,,,,,,,,,,,,,,,,,,,,,,,,,,,,,,,,,,,,,,,,,,,,,,,,,,,,,,,,,,,,,,,,,,,,,,,,,,,,,,,,,,,,,,,,,,,,,,,,,,,,,,,
20260908_京王閣_3R,20260908,27,京王閣,3,37.3,71.7,53.8,166.6,284.4,,,40.4,68.9,95.1,373.2,670.4,,,160.0,167.1,226.1,674.5,1192.9,,,87.9,93.1,144.2,288.2,454.1,,,399.4,499.2,590.8,401.6,491.9,,,1314.7,1809.1,1954.4,724.8,1119.7,,,,,,,,,,,,,,,,,18.6,26.4,23.0,68.0,156.5,,,13.3,4.1,64.2,58.6,161.8,,,56.1,16.5,167.2,159.1,333.6,,,96.6,258.2,294.8,564.9,983.8,,,95.7,106.1,140.5,293.6,108.3,,,421.7,565.6,644.7,941.5,290.5,,,,,,,,,,,,,,,,,45.4,88.7,162.2,526.8,764.0,,,20.1,7.9,103.7,116.5,260.5,,,107.7,27.3,294.8,318.8,624.5,,,550.6,577.5,988.2,2200.0,3061.5,,,935.4,497.5,919.7,1911.8,1272.6,,,2545.3,1114.0,2341.2,3679.0,1412.2,,,,,,,,,,,,,,,,,212.7,258.7,465.2,680.8,1302.9,,,150.7,43.9,355.3,328.1,647.6,,,173.9,47.0,423.8,398.0,788.8,,,819.8,935.4,1306.8,2094.7,2753.4,,,1306.8,816.8,1039.9,2328.7,1250.8,,,2958.1,1839.5,2575.3,3874.3,1772.4,,,,,,,,,,,,,,,,,356.5,403.1,579.1,603.8,798.9,,,629.9,1078.3,1489.1,2036.3,2861.4,,,810.7,1192.9,2432.2,4250.5,4919.1,,,951.7,1758.2,2280.2,3105.0,3840.4,,,1122.5,2605.9,4016.5,4758.7,2353.7,,,1314.7,3710.2,6166.2,5685.7,2918.7,,,,,,,,,,,,,,,,,478.4,738.2,858.4,585.3,726.0,,,399.4,355.0,581.4,702.7,488.6,,,1222.9,658.3,1049.8,2861.4,1359.6,,,1801.6,1180.0,1430.7,3367.7,2074.9,,,1032.5,2178.1,3267.2,3219.1,2530.6,,,530.0,520.5,835.5,1140.1,1276.4,,,,,,,,,,,,,,,,,2918.7,4091.6,3807.0,1421.4,1963.2,,,2958.1,2824.5,2806.4,3710.2,1847.2,,,5405.0,3618.2,4016.5,6345.0,3559.3,,,6633.4,3679.0,4560.4,7817.9,3908.9,,,1499.3,3807.0,6633.4,5685.7,3474.6,,,1372.4,1295.2,1801.6,1895.2,1963.2,,,,,,,,,,,,,,,,,,,,,,,,,,,,,,,,,,,,,,,,,,,,,,,,,,,,,,,,,,,,,,,,,,,,,,,,,,,,,,,,,,,,,,,,,,,,,,,,,,,,,,,,,,,,,,,,,,,,,,,,,,,,,,,,
20260908_京王閣_4R,20260908,27,京王閣,4,5.2,11.4,25.5,3.3,60.9,,,23.5,10.9,18.4,109.8,97.0,,,39.5,14.1,68.7,158.0,152.9,,,109.8,68.1,113.2,297.4,236.7,,,56.1,181.0,242.2,335.0,231.4,,,190.6,198.3,279.5,270.8,297.0,,,,,,,,,,,,,,,,,81.2,127.1,259.3,50.7,245.1,,,329.5,549.7,826.0,767.6,1535.3,,,454.8,621.0,1400.1,1033.0,1944.3,,,767.6,1294.3,2051.8,2307.0,2731.6,,,267.7,774.3,1067.7,1705.9,1298.1,,,941.3,2161.4,2682.2,2968.3,2005.6,,,,,,,,,,,,,,,,,191.8,125.7,225.3,538.4,514.1,,,327.3,472.1,672.5,982.9,955.4,,,106.4,193.3,127.1,632.4,358.5,,,322.6,582.0,228.2,1264.9,560.0,,,871.3,1567.8,1746.1,2446.4,1514.4,,,916.1,1080.7,859.5,927.6,1418.0,,,,,,,,,,,,,,,,,167.0,106.4,348.9,596.8,614.1,,,377.6,480.8,947.3,1099.4,1636.9,,,106.0,193.6,156.7,656.7,445.7,,,617.5,1193.7,326.9,2120.2,1625.0,,,1309.5,1817.3,1686.5,2419.8,3113.6,,,1436.3,2307.0,1052.6,2271.7,2544.3,,,,,,,,,,,,,,,,,829.1,664.5,851.3,1440.9,1395.7,,,1065.2,1530.0,1725.8,2731.6,3157.8,,,635.1,1264.9,440.8,2182.6,1190.5,,,823.0,1712.5,477.2,2343.4,1613.2,,,1773.9,3805.6,3298.2,3451.6,3157.8,,,1455.0,2948.7,1902.8,2381.0,2748.5,,,,,,,,,,,,,,,,,430.2,1264.9,1705.9,1705.9,1732.5,,,445.7,1546.0,1961.4,3562.0,2988.3,,,1619.1,2295.1,2515.5,4947.3,5497.0,,,2271.7,3373.1,2765.5,4084.9,5497.0,,,2204.2,6016.9,6016.9,4787.7,5636.1,,,2515.5,4408.4,5177.4,5782.5,5636.1,,,,,,,,,,,,,,,,,885.2,989.4,1418.0,1325.1,1422.5,,,1216.5,1400.1,2619.1,2948.7,2393.8,,,1072.9,1298.1,1177.9,1190.5,1546.0,,,1795.3,2619.1,1257.7,2682.2,2818.0,,,1413.5,2698.5,1209.9,2381.0,2782.8,,,1795.3,2748.5,1766.8,3533.7,3425.0,,,,,,,,,,,,,,,,,,,,,,,,,,,,,,,,,,,,,,,,,,,,,,,,,,,,,,,,,,,,,,,,,,,,,,,,,,,,,,,,,,,,,,,,,,,,,,,,,,,,,,,,,,,,,,,,,,,,,,,,,,,,,,,,
20260908_京王閣_5R,20260908,27,京王閣,5,37.7,52.6,38.0,63.1,218.5,,,37.9,74.4,37.4,94.0,245.9,,,101.9,126.8,90.3,202.7,312.5,,,18.5,24.1,41.3,20.0,69.7,,,68.6,121.4,111.9,42.5,213.6,,,450.8,464.0,576.0,242.9,425.6,,,,,,,,,,,,,,,,,55.5,89.3,126.1,231.8,391.5,,,23.6,12.6,81.4,168.4,112.1,,,64.0,33.2,231.3,342.8,269.0,,,204.4,184.2,306.7,757.7,869.0,,,595.9,474.0,737.9,1162.1,1303.5,,,723.1,390.4,604.0,1329.8,1745.7,,,,,,,,,,,,,,,,,41.3,78.4,44.7,112.5,242.5,,,20.3,14.6,70.8,175.5,106.5,,,117.2,54.9,290.1,571.0,379.5,,,75.0,129.6,237.2,404.7,404.7,,,300.6,516.0,906.8,786.2,1312.2,,,537.7,406.8,772.4,886.5,1410.2,,,,,,,,,,,,,,,,,184.2,238.1,236.8,520.7,648.5,,,138.2,64.0,397.0,506.1,314.0,,,262.6,105.1,576.8,1103.8,610.6,,,308.1,545.1,857.7,1357.1,1258.0,,,1145.3,1211.8,1952.1,2107.9,1777.0,,,1024.0,643.3,1037.4,1843.2,1905.2,,,,,,,,,,,,,,,,,35.8,47.2,54.5,41.0,102.3,,,176.0,174.0,185.1,739.3,894.5,,,108.0,136.5,333.0,658.2,673.9,,,240.1,335.2,494.7,971.2,896.5,,,334.1,1325.3,961.8,1316.5,1560.1,,,400.2,995.7,874.8,898.6,1172.4,,,,,,,,,,,,,,,,,612.5,694.0,762.0,263.6,1254.0,,,1048.3,1651.2,1896.1,2573.3,2733.0,,,1091.7,2085.7,2913.8,2957.3,3923.6,,,1338.8,2201.6,3072.0,3096.0,2431.2,,,422.4,2607.1,2461.4,3002.1,3096.0,,,2142.1,3602.6,3885.1,2913.8,3738.5,,,,,,,,,,,,,,,,,1197.2,1223.1,1456.9,703.8,1524.1,,,1366.5,876.7,1441.0,2317.4,2677.6,,,1395.3,1018.7,2053.3,1761.2,3635.6,,,2042.7,1878.1,2508.1,2850.9,2344.9,,,698.9,1708.1,1738.1,2331.1,2524.1,,,2446.2,3330.1,3962.8,2508.1,3387.0,,,,,,,,,,,,,,,,,,,,,,,,,,,,,,,,,,,,,,,,,,,,,,,,,,,,,,,,,,,,,,,,,,,,,,,,,,,,,,,,,,,,,,,,,,,,,,,,,,,,,,,,,,,,,,,,,,,,,,,,,,,,,,,,
20260908_京王閣_6R,20260908,27,京王閣,6,7.9,14.5,33.1,5.4,28.2,,,22.5,100.5,78.3,55.4,180.4,,,66.2,146.1,294.4,165.0,166.9,,,164.8,190.8,380.9,309.0,502.0,,,24.1,87.8,102.2,179.6,155.9,,,82.3,205.7,128.3,296.6,174.7,,,,,,,,,,,,,,,,,25.6,42.4,75.1,18.8,72.8,,,85.5,134.9,90.9,226.1,291.8,,,239.3,201.9,507.2,505.2,194.0,,,320.2,350.9,969.3,1075.8,1112.5,,,153.3,416.1,499.4,910.7,573.3,,,204.2,293.9,152.4,428.4,420.6,,,,,,,,,,,,,,,,,36.9,122.3,62.9,72.3,275.7,,,60.4,135.4,95.2,260.7,336.1,,,206.6,365.9,233.9,635.7,382.8,,,75.9,146.7,188.5,235.9,410.0,,,247.8,417.0,719.8,415.7,1553.9,,,534.2,674.0,489.5,741.6,1279.7,,,,,,,,,,,,,,,,,178.6,258.8,491.3,344.4,283.9,,,279.1,380.5,930.1,660.3,433.1,,,277.9,465.0,277.3,880.0,427.9,,,694.3,1434.4,738.8,2225.0,1084.7,,,1165.4,939.1,952.8,2344.9,936.8,,,215.1,314.5,287.9,527.0,600.6,,,,,,,,,,,,,,,,,511.9,386.9,682.2,738.8,784.7,,,591.5,625.5,1560.1,2250.6,1958.0,,,228.6,416.6,535.7,904.4,866.3,,,858.7,1821.4,1093.8,3209.8,1618.2,,,1004.1,2879.4,2478.5,3035.7,2738.5,,,827.9,1967.8,1322.9,1579.0,2510.2,,,,,,,,,,,,,,,,,225.0,619.6,1052.7,797.5,1078.8,,,285.8,1084.7,1279.7,2593.4,945.9,,,643.0,868.3,1821.4,1341.1,3527.9,,,1855.9,2139.9,2128.2,3765.4,2663.9,,,1075.8,4166.0,3012.3,4256.5,3801.9,,,1618.2,1041.5,2797.1,2494.3,3659.8,,,,,,,,,,,,,,,,,115.0,248.7,150.2,351.8,245.9,,,152.9,311.0,225.1,654.8,376.1,,,417.4,480.4,412.2,523.5,874.1,,,136.8,176.3,214.4,359.6,401.6,,,540.1,1038.7,663.7,758.9,1305.3,,,641.9,603.3,1041.5,776.9,1393.6,,,,,,,,,,,,,,,,,,,,,,,,,,,,,,,,,,,,,,,,,,,,,,,,,,,,,,,,,,,,,,,,,,,,,,,,,,,,,,,,,,,,,,,,,,,,,,,,,,,,,,,,,,,,,,,,,,,,,,,,,,,,,,,,
20260908_京王閣_7R,20260908,27,京王閣,7,9.0,14.8,5.0,57.2,31.4,,,62.1,120.4,159.2,334.0,240.5,,,75.3,146.0,209.4,602.9,247.5,,,41.1,155.6,212.9,424.6,288.7,,,382.7,462.0,1221.2,815.9,723.5,,,164.0,324.7,512.6,330.8,470.5,,,,,,,,,,,,,,,,,8.4,15.7,6.9,36.6,27.2,,,43.8,94.8,218.3,289.6,257.8,,,88.1,138.3,288.7,577.5,367.3,,,127.2,435.7,519.6,1025.3,821.1,,,378.9,824.6,1179.9,1463.6,889.7,,,186.3,411.0,521.7,854.0,508.5,,,,,,,,,,,,,,,,,85.1,97.2,251.6,345.1,215.0,,,89.9,116.3,459.8,722.1,352.1,,,68.6,88.3,316.6,238.0,165.1,,,740.3,1278.2,1144.7,2427.1,2427.1,,,561.4,1059.3,760.8,2324.1,1317.8,,,480.5,961.1,489.7,2050.7,928.5,,,,,,,,,,,,,,,,,122.6,154.9,291.4,679.9,475.7,,,137.3,217.2,632.8,1009.1,635.9,,,72.7,103.5,380.4,259.8,200.4,,,689.7,908.7,1291.1,2072.8,1213.5,,,1044.9,1527.8,906.5,2367.1,1374.4,,,618.5,719.4,658.9,1137.9,1108.3,,,,,,,,,,,,,,,,,242.2,805.6,1050.6,1861.5,1480.6,,,287.9,2029.0,1834.8,3423.9,2644.7,,,1638.8,2719.7,2840.6,4734.3,4980.3,,,1674.5,1907.8,2396.7,4079.6,4214.1,,,3652.2,5045.8,5253.1,6727.7,2539.6,,,2255.7,3393.6,3953.4,4123.4,3334.6,,,,,,,,,,,,,,,,,1253.2,1025.3,3019.5,2018.3,1179.9,,,1384.4,2799.1,2799.1,4980.3,2681.7,,,1033.6,3043.5,2107.0,4676.6,3043.5,,,2949.8,3759.6,2522.9,6391.3,3305.8,,,3454.8,5639.4,5113.1,7235.5,4308.8,,,793.9,1565.2,1527.8,1936.7,2130.4,,,,,,,,,,,,,,,,,297.7,446.9,743.1,394.9,397.3,,,278.0,693.4,902.3,1350.2,768.5,,,451.1,819.4,694.7,1826.1,711.4,,,919.6,973.3,807.3,2018.3,1253.2,,,1336.1,1956.5,2072.8,2458.2,1889.0,,,254.4,500.6,453.8,697.2,1036.4,,,,,,,,,,,,,,,,,,,,,,,,,,,,,,,,,,,,,,,,,,,,,,,,,,,,,,,,,,,,,,,,,,,,,,,,,,,,,,,,,,,,,,,,,,,,,,,,,,,,,,,,,,,,,,,,,,,,,,,,,,,,,,,,
20260908_京王閣_8R,20260908,27,京王閣,8,9.7,26.4,2.8,17.9,19.1,,,42.0,96.6,65.2,171.8,183.1,,,110.6,152.1,161.6,263.1,292.6,,,10.4,59.0,92.5,52.9,66.6,,,55.0,227.9,285.9,81.5,101.3,,,63.3,219.2,299.3,102.6,125.0,,,,,,,,,,,,,,,,,42.1,92.3,20.4,86.0,73.5,,,170.8,415.5,402.4,809.1,837.0,,,371.9,630.9,909.7,1733.9,1568.8,,,165.1,583.1,1207.4,881.8,761.1,,,359.2,1267.1,1882.5,1239.8,977.1,,,320.9,1116.7,1760.4,1144.4,1080.1,,,,,,,,,,,,,,,,,99.2,147.7,114.7,406.0,330.8,,,182.8,360.0,685.3,844.7,835.5,,,141.3,253.8,710.6,406.3,306.0,,,547.1,1306.6,2022.9,2548.2,1823.0,,,695.6,1260.1,1220.1,1478.3,1356.5,,,507.9,1167.6,807.7,1478.3,1436.8,,,,,,,,,,,,,,,,,528.3,443.0,1100.7,1340.7,1147.3,,,730.9,871.8,2919.1,3054.5,3203.0,,,334.4,637.9,1517.2,1000.5,747.5,,,2591.1,4155.2,4081.7,4521.8,6496.2,,,2068.3,4270.6,1988.0,3875.9,2697.2,,,1665.1,3116.4,1432.3,4706.4,3074.8,,,,,,,,,,,,,,,,,179.5,544.5,710.6,543.9,545.1,,,307.0,1773.9,3014.5,2317.7,2087.0,,,1144.4,2317.7,3603.3,4754.9,4081.7,,,2829.6,4612.3,4658.9,5068.4,6988.3,,,1445.8,2812.3,5490.8,4566.6,2666.0,,,1522.2,2937.7,4118.1,5363.1,3203.0,,,,,,,,,,,,,,,,,92.6,382.1,489.1,114.3,117.7,,,373.1,1082.7,1767.1,888.6,807.7,,,806.3,1302.9,1284.7,1445.8,1401.9,,,1406.1,2620.6,1867.3,2795.3,1929.8,,,804.9,1497.5,2778.5,2605.8,1532.3,,,299.3,594.3,943.2,1075.1,601.3,,,,,,,,,,,,,,,,,82.2,249.8,350.4,119.3,141.3,,,197.2,979.2,1226.6,511.3,806.3,,,368.1,933.6,549.7,1844.9,1198.0,,,740.3,1760.4,802.1,2294.6,1552.9,,,719.5,1260.1,2306.1,2620.6,1497.5,,,226.4,620.7,926.1,922.4,680.2,,,,,,,,,,,,,,,,,,,,,,,,,,,,,,,,,,,,,,,,,,,,,,,,,,,,,,,,,,,,,,,,,,,,,,,,,,,,,,,,,,,,,,,,,,,,,,,,,,,,,,,,,,,,,,,,,,,,,,,,,,,,,,,,
20260908_京王閣_9R,20260908,27,京王閣,9,227.1,168.0,187.6,376.1,251.5,,,144.2,32.3,46.3,68.6,100.2,,,56.8,18.7,12.4,44.6,53.2,,,104.1,57.8,26.9,101.9,105.2,,,318.6,130.7,140.4,183.1,378.7,,,141.7,182.2,112.8,105.2,319.7,,,,,,,,,,,,,,,,,526.7,440.2,565.7,679.2,431.8,,,607.0,880.4,1260.7,633.3,485.1,,,637.0,1069.7,1298.0,1258.3,617.9,,,990.6,1780.0,1746.8,1710.5,1083.8,,,860.8,708.5,1089.2,1459.6,723.3,,,217.6,226.8,282.6,333.0,316.3,,,,,,,,,,,,,,,,,117.6,25.5,36.2,37.1,90.2,,,261.6,375.5,504.4,254.4,272.8,,,45.2,221.2,151.5,76.0,154.4,,,123.3,506.8,254.1,292.3,568.6,,,30.7,93.9,48.7,101.5,99.2,,,142.0,163.8,219.8,419.4,178.7,,,,,,,,,,,,,,,,,76.3,47.6,17.6,87.7,71.2,,,272.5,511.1,481.9,625.5,274.3,,,82.3,269.4,226.3,121.7,188.9,,,135.0,492.7,503.7,587.5,652.9,,,229.5,493.4,164.1,515.1,583.8,,,137.5,159.5,292.9,345.1,432.4,,,,,,,,,,,,,,,,,510.3,219.3,148.7,527.5,515.9,,,1192.0,2052.6,1926.1,2125.6,1332.3,,,280.6,1371.2,810.9,1023.1,1710.5,,,255.4,1412.5,996.7,1359.9,1746.8,,,872.2,1263.1,853.0,1094.7,1571.3,,,918.6,1503.0,1834.7,1671.3,1742.2,,,,,,,,,,,,,,,,,433.2,175.2,311.0,364.5,625.5,,,631.5,389.8,803.9,1115.1,519.2,,,105.2,138.9,136.3,212.5,172.7,,,414.4,888.8,302.4,942.3,1047.5,,,710.0,1091.0,582.2,981.8,1427.8,,,650.9,370.8,290.2,882.8,1032.7,,,,,,,,,,,,,,,,,89.0,154.6,108.5,91.7,183.0,,,58.8,66.4,66.5,92.5,92.9,,,159.3,142.6,268.6,479.4,157.4,,,105.4,151.2,308.6,441.7,394.2,,,254.4,293.7,679.9,598.2,400.2,,,380.1,223.4,244.2,506.4,571.1,,,,,,,,,,,,,,,,,,,,,,,,,,,,,,,,,,,,,,,,,,,,,,,,,,,,,,,,,,,,,,,,,,,,,,,,,,,,,,,,,,,,,,,,,,,,,,,,,,,,,,,,,,,,,,,,,,,,,,,,,,,,,,,,
20260908_伊東_1R,20260908,37,伊東,1,616.7,605.0,651.7,483.6,708.1,,,271.3,39.0,68.0,134.5,26.5,,,140.3,39.7,64.0,94.8,28.7,,,389.6,137.4,107.0,158.8,159.8,,,189.5,191.9,129.0,140.5,223.7,,,289.0,24.5,35.8,102.6,152.3,,,,,,,,,,,,,,,,,1170.5,975.4,1133.5,696.0,1792.4,,,1340.1,3186.4,1696.9,1558.6,1485.9,,,2451.1,3373.9,2956.5,1677.1,3296.3,,,1268.9,1815.0,2731.2,253.3,1696.9,,,489.3,1194.9,861.2,256.0,1170.5,,,2156.2,1667.3,3258.9,2240.5,2258.1,,,,,,,,,,,,,,,,,200.8,35.1,41.0,100.8,18.5,,,526.2,1138.0,708.1,650.3,518.5,,,148.5,1035.3,455.9,674.7,185.9,,,88.1,379.3,319.7,114.2,63.8,,,181.3,232.5,531.0,152.2,156.5,,,11.2,107.0,32.5,22.7,45.1,,,,,,,,,,,,,,,,,530.1,263.8,382.3,590.0,167.4,,,1911.8,3050.8,3334.7,2409.9,3151.4,,,473.2,2631.0,1463.1,2276.0,545.2,,,893.4,3083.7,2156.2,1707.0,2124.3,,,1246.8,1533.6,2451.1,2048.4,2705.5,,,546.2,2757.5,701.1,1567.1,1886.7,,,,,,,,,,,,,,,,,431.2,138.2,141.9,225.8,164.9,,,691.0,648.8,1533.6,211.1,805.5,,,142.8,443.2,553.6,233.9,101.2,,,531.0,2430.3,1220.3,1180.1,1062.1,,,144.4,80.1,179.8,448.8,168.1,,,205.7,833.6,132.0,708.1,328.5,,,,,,,,,,,,,,,,,131.7,209.6,124.0,102.5,151.7,,,136.5,328.5,359.3,85.0,226.7,,,223.1,305.7,451.6,234.3,213.8,,,692.7,787.8,1309.5,925.1,1013.3,,,78.1,58.7,179.9,256.9,132.4,,,280.0,497.8,293.5,543.1,350.1,,,,,,,,,,,,,,,,,303.7,23.5,54.1,121.6,180.9,,,1050.4,620.7,2140.1,1333.8,1359.1,,,16.5,120.3,54.5,37.4,59.9,,,238.3,1638.7,208.8,814.7,946.4,,,209.9,877.0,98.7,645.9,348.4,,,464.8,807.8,268.2,992.3,486.0,,,,,,,,,,,,,,,,,,,,,,,,,,,,,,,,,,,,,,,,,,,,,,,,,,,,,,,,,,,,,,,,,,,,,,,,,,,,,,,,,,,,,,,,,,,,,,,,,,,,,,,,,,,,,,,,,,,,,,,,,,,,,,,,
20260908_伊東_2R,20260908,37,伊東,2,63.8,50.8,39.9,111.6,12.7,,,166.5,224.6,94.5,143.4,104.0,,,178.5,207.4,225.0,434.2,92.9,,,29.9,34.0,70.3,8.3,25.2,,,197.1,100.7,290.0,23.7,157.6,,,19.3,86.1,44.8,61.0,171.7,,,,,,,,,,,,,,,,,120.2,84.1,84.2,205.6,24.5,,,410.6,661.1,680.3,796.0,307.5,,,276.0,463.4,815.5,1130.6,80.2,,,156.0,600.1,625.8,527.1,249.2,,,624.1,1472.0,1490.7,907.1,841.9,,,28.7,103.9,14.2,95.1,247.4,,,,,,,,,,,,,,,,,549.4,702.8,350.3,620.8,242.5,,,622.4,910.7,1625.3,1278.9,555.9,,,1966.8,1814.3,3162.8,3966.9,1481.3,,,471.8,1857.5,1966.8,983.4,1130.6,,,1293.1,3250.7,2889.5,1393.1,2854.2,,,345.7,854.2,1093.6,1219.0,2571.9,,,,,,,,,,,,,,,,,698.6,943.7,804.3,1592.1,361.7,,,540.5,752.5,1272.0,1746.6,162.1,,,1152.9,1219.0,2208.0,2819.9,910.7,,,1026.5,2000.4,2659.6,2412.9,1225.4,,,1950.4,2819.9,3343.5,2388.2,1800.3,,,272.1,137.5,337.2,694.5,1054.2,,,,,,,,,,,,,,,,,89.9,73.0,157.1,29.4,62.8,,,221.2,1008.8,983.4,762.3,390.0,,,231.0,1251.6,1887.5,362.3,824.1,,,793.3,2317.3,2721.5,1384.9,1368.7,,,67.1,722.3,269.0,835.8,274.0,,,234.5,463.4,733.7,617.5,540.5,,,,,,,,,,,,,,,,,536.8,223.5,639.4,48.8,276.0,,,835.8,2053.0,2463.7,1352.9,1360.7,,,636.0,2854.2,2250.4,780.1,2294.6,,,1539.8,2571.9,2690.2,2364.1,1983.4,,,87.0,1000.2,450.0,1194.1,700.7,,,1265.1,1966.8,2659.6,1708.4,1453.7,,,,,,,,,,,,,,,,,64.1,174.0,122.7,174.2,506.6,,,48.1,115.0,38.1,113.3,315.8,,,184.4,405.6,265.6,704.9,1278.9,,,108.6,68.3,124.5,301.2,527.1,,,268.1,352.4,632.5,435.0,644.7,,,1368.7,1418.4,2053.0,971.1,1194.1,,,,,,,,,,,,,,,,,,,,,,,,,,,,,,,,,,,,,,,,,,,,,,,,,,,,,,,,,,,,,,,,,,,,,,,,,,,,,,,,,,,,,,,,,,,,,,,,,,,,,,,,,,,,,,,,,,,,,,,,,,,,,,,,
20260908_伊東_3R,20260908,37,伊東,3,269.8,357.7,227.3,147.4,137.7,,,359.2,411.0,63.2,169.3,186.6,,,717.5,574.6,452.2,513.7,593.2,,,249.1,101.8,154.5,177.2,248.6,,,85.4,83.1,155.1,63.4,87.7,,,98.5,144.3,377.2,169.4,118.5,,,,,,,,,,,,,,,,,477.4,1015.3,545.4,551.2,194.1,,,427.4,727.7,232.9,958.5,143.9,,,2123.0,1511.1,1411.4,1931.4,859.1,,,586.5,288.9,590.5,834.0,194.0,,,742.4,1566.3,1917.0,1217.4,590.5,,,63.5,52.9,215.6,50.8,125.1,,,,,,,,,,,,,,,,,280.7,372.3,111.2,268.7,174.2,,,258.4,336.2,148.3,603.0,126.7,,,383.9,377.7,76.8,709.6,336.6,,,55.0,60.7,10.7,142.2,38.1,,,676.0,1211.7,1167.6,490.2,944.4,,,112.8,70.4,175.7,51.5,342.0,,,,,,,,,,,,,,,,,2854.3,1848.1,1359.2,2233.8,1747.5,,,3293.4,1960.9,2055.1,3211.1,1960.9,,,1566.3,1679.0,292.2,2356.7,1121.7,,,731.8,1057.1,201.0,1419.2,1015.3,,,3058.2,3952.1,3519.0,2732.8,3952.1,,,1615.6,1459.5,1035.8,1538.2,2987.0,,,,,,,,,,,,,,,,,495.9,171.8,264.5,498.8,355.3,,,544.2,245.1,398.2,1040.0,280.4,,,78.6,97.3,15.9,173.9,65.5,,,192.7,268.1,38.8,422.5,262.9,,,831.3,1162.3,575.9,831.3,973.0,,,260.8,200.5,109.7,204.5,762.2,,,,,,,,,,,,,,,,,138.4,148.5,429.5,164.9,124.8,,,227.7,927.3,1396.1,842.2,662.0,,,242.1,1178.3,1194.8,834.0,1035.8,,,1271.7,2704.0,3058.2,2335.3,3022.2,,,330.1,1136.6,1093.1,1189.3,1381.1,,,172.9,384.5,862.0,1724.0,969.3,,,,,,,,,,,,,,,,,59.5,81.7,274.7,95.6,88.1,,,21.4,17.1,80.9,16.5,52.4,,,65.1,40.4,154.8,24.3,252.5,,,507.6,316.7,314.0,268.1,643.8,,,135.3,77.2,38.1,63.2,316.3,,,159.1,169.7,319.5,552.4,413.0,,,,,,,,,,,,,,,,,,,,,,,,,,,,,,,,,,,,,,,,,,,,,,,,,,,,,,,,,,,,,,,,,,,,,,,,,,,,,,,,,,,,,,,,,,,,,,,,,,,,,,,,,,,,,,,,,,,,,,,,,,,,,,,,
20260908_伊東_4R,20260908,37,伊東,4,1901.0,1425.7,1230.6,1870.6,882.3,,,2270.1,1313.6,1498.9,2125.7,1745.0,,,958.3,882.3,219.5,1841.1,654.9,,,892.4,859.6,194.6,1646.6,853.3,,,3711.5,3076.7,4772.0,2718.9,3203.1,,,1118.8,1443.3,829.1,942.8,2069.2,,,,,,,,,,,,,,,,,1425.7,1016.6,850.2,866.0,593.4,,,505.0,360.2,195.5,103.2,91.5,,,344.8,290.8,94.1,121.6,80.4,,,310.9,325.6,150.6,156.4,117.9,,,294.1,74.2,126.6,87.1,35.1,,,154.6,51.2,46.5,39.3,20.0,,,,,,,,,,,,,,,,,2386.0,1981.6,1461.4,2783.6,1870.6,,,1211.5,862.8,708.5,400.3,399.0,,,1151.8,1062.8,454.0,1870.6,1113.4,,,856.5,974.2,542.5,1841.1,1062.8,,,2851.5,862.8,2657.1,1798.6,1623.8,,,1313.6,546.3,909.8,1039.2,999.2,,,,,,,,,,,,,,,,,303.2,375.9,81.9,631.9,307.2,,,123.6,134.6,36.9,78.6,45.3,,,517.3,422.0,239.8,739.9,469.5,,,7.4,11.3,47.4,75.2,17.7,,,1277.7,336.4,835.1,386.4,482.1,,,127.5,49.1,173.4,56.0,150.0,,,,,,,,,,,,,,,,,138.1,165.4,39.1,236.6,223.5,,,255.5,476.2,138.9,334.0,208.9,,,531.4,660.5,334.5,1998.5,1021.0,,,12.1,35.8,93.6,101.5,51.9,,,823.3,931.5,1359.4,525.4,920.5,,,195.6,229.4,670.0,136.5,566.1,,,,,,,,,,,,,,,,,2687.7,4175.5,4330.1,3653.6,4175.5,,,844.1,246.9,541.2,500.7,145.3,,,1489.3,346.4,1146.2,1012.2,375.3,,,4584.9,1067.7,2338.3,1528.3,1590.6,,,2922.8,1682.2,3247.6,1635.1,2248.3,,,1328.5,262.4,602.6,869.2,899.3,,,,,,,,,,,,,,,,,542.5,702.1,601.1,693.8,882.3,,,155.4,95.4,46.5,67.0,19.5,,,737.6,376.5,583.1,721.6,516.1,,,246.9,58.0,296.3,81.8,189.4,,,258.0,192.6,620.2,137.2,476.2,,,733.0,132.7,354.2,425.1,575.9,,,,,,,,,,,,,,,,,,,,,,,,,,,,,,,,,,,,,,,,,,,,,,,,,,,,,,,,,,,,,,,,,,,,,,,,,,,,,,,,,,,,,,,,,,,,,,,,,,,,,,,,,,,,,,,,,,,,,,,,,,,,,,,,
20260908_伊東_5R,20260908,37,伊東,5,206.5,95.5,57.0,735.7,97.6,,,190.9,109.0,208.5,770.4,76.2,,,24.9,36.0,22.1,144.8,11.8,,,88.1,239.0,119.8,230.0,99.8,,,770.4,1884.7,841.9,480.4,641.4,,,66.7,39.7,29.6,52.2,408.3,,,,,,,,,,,,,,,,,369.0,144.2,91.2,1004.1,155.4,,,581.9,629.8,307.4,1644.4,249.5,,,226.4,581.9,209.4,1144.9,250.7,,,60.8,163.5,78.3,50.0,28.2,,,1814.9,2916.8,2552.2,602.0,1408.1,,,144.3,154.8,183.5,44.6,452.0,,,,,,,,,,,,,,,,,442.2,208.1,332.0,1324.4,121.1,,,667.6,763.2,324.0,1737.7,318.6,,,307.4,811.3,700.0,2024.9,205.0,,,569.8,503.1,964.6,1118.7,279.3,,,3450.9,4152.8,4152.8,2450.1,1884.7,,,64.2,125.4,76.7,79.6,457.1,,,,,,,,,,,,,,,,,49.4,68.0,47.1,299.8,24.0,,,157.0,529.1,146.6,1346.2,214.3,,,229.2,523.5,611.0,1828.4,210.1,,,204.6,250.2,660.4,760.9,337.0,,,1361.2,3311.0,3311.0,2333.4,2227.4,,,68.4,170.8,149.9,213.2,887.7,,,,,,,,,,,,,,,,,210.8,731.3,352.5,581.9,355.6,,,118.5,223.9,153.3,58.5,57.0,,,976.1,532.6,1449.8,1177.9,525.7,,,429.8,341.7,1161.2,803.3,508.3,,,976.1,203.5,1353.6,785.3,381.6,,,387.0,119.1,390.7,478.5,374.0,,,,,,,,,,,,,,,,,3889.1,5326.4,2355.9,3141.2,4375.2,,,4224.4,4224.4,4375.2,1016.6,5213.1,,,5698.0,6622.0,4454.8,5444.8,4224.4,,,2634.5,4900.3,5698.0,4083.6,4804.2,,,2402.1,565.8,3951.8,2500.1,907.4,,,5000.3,5104.5,4804.2,4804.2,3828.3,,,,,,,,,,,,,,,,,98.6,40.3,47.8,112.8,621.8,,,86.0,71.3,138.4,58.7,461.4,,,26.2,49.2,32.9,44.9,301.0,,,82.3,195.7,91.1,201.4,865.7,,,139.6,75.5,100.7,235.1,279.3,,,1801.5,1750.1,1166.7,1775.4,1201.0,,,,,,,,,,,,,,,,,,,,,,,,,,,,,,,,,,,,,,,,,,,,,,,,,,,,,,,,,,,,,,,,,,,,,,,,,,,,,,,,,,,,,,,,,,,,,,,,,,,,,,,,,,,,,,,,,,,,,,,,,,,,,,,,
20260908_伊東_6R,20260908,37,伊東,6,843.3,96.8,293.0,584.6,173.8,,,956.4,254.2,568.6,432.6,745.2,,,24.2,41.2,6.9,28.0,25.0,,,179.4,378.8,38.7,324.2,153.2,,,437.9,300.0,83.4,260.3,370.9,,,260.5,667.4,107.6,255.5,558.4,,,,,,,,,,,,,,,,,1477.1,276.4,607.4,1002.5,364.4,,,1631.6,1451.4,2971.9,758.7,852.0,,,309.7,1356.7,1104.6,854.9,338.7,,,1920.3,4092.5,2080.3,2743.3,1965.6,,,934.9,697.3,928.0,2713.5,496.3,,,166.7,367.1,220.7,512.6,372.0,,,,,,,,,,,,,,,,,1104.6,402.0,697.3,359.7,869.8,,,1044.5,971.3,2333.1,428.9,663.9,,,349.1,547.4,1320.8,235.9,695.3,,,2355.1,3726.0,2971.9,1905.6,3242.1,,,138.0,163.8,142.0,484.7,183.1,,,1014.8,638.4,719.4,2377.5,433.4,,,,,,,,,,,,,,,,,16.6,17.9,5.4,15.6,20.7,,,90.2,268.4,277.6,233.9,116.6,,,71.8,141.3,227.7,88.8,175.6,,,77.4,390.0,458.0,385.2,465.7,,,47.1,172.4,87.5,232.6,149.9,,,114.8,187.5,349.1,444.9,305.5,,,,,,,,,,,,,,,,,1334.9,1709.8,164.9,998.5,901.2,,,2521.6,4623.0,2249.0,3671.2,2333.1,,,3284.7,5673.6,4623.0,3962.5,4992.8,,,207.0,2046.2,3044.4,1114.4,1770.5,,,1410.4,2936.9,2902.8,1200.2,2423.7,,,1698.2,2836.8,3328.5,2627.8,3467.2,,,,,,,,,,,,,,,,,290.6,172.6,67.4,234.4,267.2,,,446.5,375.4,461.4,763.4,222.8,,,68.5,102.8,64.4,353.1,125.0,,,47.5,213.5,131.3,320.4,193.2,,,792.5,1402.4,1286.8,695.3,1580.0,,,414.6,275.8,468.3,382.8,1188.7,,,,,,,,,,,,,,,,,285.6,1031.5,177.4,391.9,671.0,,,143.7,419.5,216.3,502.2,353.6,,,1242.0,1040.1,960.1,1905.6,568.6,,,201.4,339.1,1217.7,978.9,705.2,,,1286.8,1570.0,2971.9,1795.9,2655.7,,,603.0,532.2,687.7,693.4,1418.4,,,,,,,,,,,,,,,,,,,,,,,,,,,,,,,,,,,,,,,,,,,,,,,,,,,,,,,,,,,,,,,,,,,,,,,,,,,,,,,,,,,,,,,,,,,,,,,,,,,,,,,,,,,,,,,,,,,,,,,,,,,,,,,,
20260908_伊東_7R,20260908,37,伊東,7,104.9,115.8,95.9,412.4,29.3,,,201.8,786.1,222.9,1832.7,214.1,,,497.8,1192.0,1086.0,1132.1,511.7,,,173.1,185.4,510.8,1602.3,164.0,,,2008.4,3449.8,2506.3,2992.2,2290.9,,,17.8,62.5,165.0,61.0,377.8,,,,,,,,,,,,,,,,,54.7,62.1,57.5,238.2,17.5,,,57.1,47.4,24.0,170.1,41.1,,,43.7,33.3,51.2,24.7,21.5,,,63.7,29.5,59.6,180.7,61.8,,,720.4,587.6,188.8,622.5,561.7,,,14.1,35.7,30.8,49.2,158.9,,,,,,,,,,,,,,,,,198.0,885.9,163.8,1929.1,234.2,,,137.2,159.6,65.0,551.1,125.0,,,1451.6,511.7,691.5,1675.6,1226.9,,,108.8,59.8,259.2,496.1,130.6,,,4654.5,2327.2,3620.2,1519.3,4130.1,,,404.4,343.7,910.6,366.0,1891.8,,,,,,,,,,,,,,,,,625.2,2036.3,2109.6,1551.5,842.6,,,242.9,234.9,271.5,99.4,153.8,,,2204.7,716.9,1473.5,2364.8,1954.9,,,1832.7,598.4,1389.7,807.8,877.9,,,1370.2,292.6,1458.8,1488.5,1303.2,,,812.2,505.5,1891.8,1844.2,1704.8,,,,,,,,,,,,,,,,,160.9,207.5,472.2,1409.7,176.4,,,95.8,61.8,106.1,415.9,107.0,,,100.5,41.3,197.4,404.4,112.5,,,1007.6,418.3,605.8,952.0,1004.2,,,3222.3,1821.3,1968.0,2204.7,2641.7,,,243.5,223.5,270.0,757.7,1481.0,,,,,,,,,,,,,,,,,3576.0,7152.1,4376.6,6516.4,4376.6,,,3490.9,2740.5,527.4,2819.5,2874.8,,,6374.7,4130.1,5532.7,6374.7,6664.5,,,4016.9,535.1,4443.0,4312.3,4189.1,,,5984.4,3759.4,4807.1,5236.3,6664.5,,,4887.3,3808.2,6819.4,5532.7,6374.7,,,,,,,,,,,,,,,,,20.9,77.3,168.4,95.7,314.6,,,33.3,104.2,115.3,127.8,324.7,,,307.3,269.0,955.1,405.5,2008.4,,,525.5,370.7,1291.7,1326.8,1032.5,,,267.3,271.5,377.3,888.6,2221.5,,,2036.3,2008.4,4654.5,3023.0,3620.2,,,,,,,,,,,,,,,,,,,,,,,,,,,,,,,,,,,,,,,,,,,,,,,,,,,,,,,,,,,,,,,,,,,,,,,,,,,,,,,,,,,,,,,,,,,,,,,,,,,,,,,,,,,,,,,,,,,,,,,,,,,,,,,,
20260908_玉野_1R,20260908,61,玉野,1,4.5,6.6,9.8,10.6,86.3,,,12.5,47.6,68.3,62.8,438.5,,,28.8,95.7,161.6,122.9,816.3,,,22.1,104.2,137.7,111.4,413.1,,,25.7,70.7,110.4,124.5,409.4,,,370.7,1254.8,1652.7,684.4,951.0,,,,,,,,,,,,,,,,,15.6,20.2,25.6,29.7,175.5,,,65.1,192.9,271.0,282.6,1173.3,,,94.8,241.5,433.6,398.0,1465.1,,,79.0,295.8,350.1,357.5,1038.4,,,94.3,318.8,321.9,365.7,1449.4,,,718.9,3045.4,2420.0,2101.1,3115.4,,,,,,,,,,,,,,,,,203.6,437.1,461.7,554.2,1856.4,,,262.1,711.4,1226.4,989.2,3764.5,,,915.6,1018.9,2631.4,2946.1,5212.3,,,752.9,2377.5,4371.6,4235.0,9999.9,,,1030.5,1585.0,3011.6,3115.4,5892.2,,,7971.8,9680.1,9999.9,9999.9,9999.9,,,,,,,,,,,,,,,,,406.9,669.2,757.1,1322.1,3346.2,,,487.4,847.0,1936.0,1531.3,4235.0,,,882.8,1266.5,4045.4,4045.4,8213.4,,,833.9,2883.4,4928.0,3928.1,9034.8,,,2084.9,1806.9,4045.4,4169.9,5892.2,,,7529.0,9680.1,9034.8,9999.9,7325.5,,,,,,,,,,,,,,,,,241.1,506.6,633.2,499.1,885.7,,,267.3,857.7,740.5,982.0,2737.8,,,844.3,1964.0,3430.9,3474.9,8213.4,,,1050.5,2296.9,5646.7,5019.3,9680.1,,,648.4,989.2,1726.3,1869.2,1704.6,,,1215.4,4235.0,9034.8,7132.7,6023.2,,,,,,,,,,,,,,,,,114.0,203.6,346.6,354.7,1362.0,,,178.3,651.5,787.9,610.4,2883.4,,,531.4,1034.5,2084.9,2853.0,6453.4,,,891.5,1481.1,2883.4,3613.9,5892.2,,,451.7,951.0,1411.6,1715.4,2007.7,,,3045.4,6160.0,8213.4,6949.8,6776.1,,,,,,,,,,,,,,,,,2533.1,6610.8,3346.2,1362.0,5766.8,,,2765.7,9680.1,9680.1,6949.8,8743.3,,,9346.3,9999.9,9999.9,9999.9,9999.9,,,8470.1,9999.9,9999.9,9999.9,9034.8,,,1404.3,7325.5,9999.9,9999.9,9999.9,,,5531.5,7971.8,9999.9,8213.4,8213.4,,,,,,,,,,,,,,,,,,,,,,,,,,,,,,,,,,,,,,,,,,,,,,,,,,,,,,,,,,,,,,,,,,,,,,,,,,,,,,,,,,,,,,,,,,,,,,,,,,,,,,,,,,,,,,,,,,,,,,,,,,,,,,,,
20260908_玉野_2R,20260908,61,玉野,2,3.5,6.5,22.3,44.0,85.4,,,5.0,10.0,19.4,43.5,77.5,,,10.3,12.5,24.2,56.5,89.0,,,44.3,45.7,55.5,179.3,236.5,,,132.7,149.4,173.9,213.9,326.2,,,264.0,376.3,389.8,445.4,625.4,,,,,,,,,,,,,,,,,130.7,241.0,547.3,774.3,1018.9,,,253.9,777.3,1951.2,1646.6,3982.1,,,714.7,1016.2,2807.5,2748.2,4384.8,,,1450.7,3788.8,5273.6,6846.5,7504.8,,,2912.3,4645.8,5655.8,7226.8,9999.9,,,3001.9,6846.5,6728.4,6614.4,9999.9,,,,,,,,,,,,,,,,,254.7,487.2,672.8,1548.6,2109.4,,,357.7,1154.5,2379.5,2956.4,5203.3,,,1144.4,1858.3,3364.2,6397.5,7805.0,,,1450.7,4759.1,5912.9,9756.3,9518.3,,,3198.7,6294.3,8130.2,7652.0,9999.9,,,6614.4,9999.9,9999.9,9999.9,9999.9,,,,,,,,,,,,,,,,,516.8,687.0,931.3,1922.4,2584.4,,,998.0,1711.6,4759.1,4645.8,9999.9,,,1403.7,1913.0,4196.2,6846.5,9291.7,,,1689.4,8483.7,6504.2,9756.3,9518.3,,,3902.5,5345.9,5003.2,6194.4,7652.0,,,6504.2,9999.9,9999.9,9999.9,9999.9,,,,,,,,,,,,,,,,,1029.6,965.9,1345.6,2180.1,2282.1,,,1806.7,4817.9,6728.4,9999.9,9999.9,,,1296.5,2485.6,5739.0,9999.9,9999.9,,,1757.8,9999.9,9518.3,9999.9,9999.9,,,2654.7,9999.9,9999.9,9999.9,8303.2,,,2691.3,9999.9,9999.9,9999.9,9999.9,,,,,,,,,,,,,,,,,2827.9,3484.3,5655.8,2408.9,9075.6,,,3982.1,6614.4,9999.9,9999.9,9999.9,,,3941.9,7504.8,9518.3,9999.9,9999.9,,,6397.5,7226.8,8130.2,9075.6,9518.3,,,2672.9,9999.9,7805.0,9999.9,9999.9,,,9999.9,9999.9,9999.9,9999.9,9999.9,,,,,,,,,,,,,,,,,4434.6,6614.4,4434.6,2534.1,7363.2,,,5575.0,9999.9,9999.9,9999.9,9999.9,,,7964.3,9999.9,9999.9,9999.9,9999.9,,,7964.3,9999.9,9999.9,9999.9,9999.9,,,2767.7,9999.9,9999.9,9999.9,9999.9,,,9999.9,9999.9,9999.9,9999.9,9999.9,,,,,,,,,,,,,,,,,,,,,,,,,,,,,,,,,,,,,,,,,,,,,,,,,,,,,,,,,,,,,,,,,,,,,,,,,,,,,,,,,,,,,,,,,,,,,,,,,,,,,,,,,,,,,,,,,,,,,,,,,,,,,,,,
20260908_玉野_3R,20260908,61,玉野,3,21.8,16.9,3.7,56.7,58.5,,,99.5,172.3,175.8,686.6,617.0,,,62.9,131.7,120.6,747.3,701.9,,,16.4,105.1,119.1,221.0,340.3,,,348.5,1073.6,1216.7,491.8,924.7,,,247.3,937.2,944.8,545.2,914.9,,,,,,,,,,,,,,,,,28.9,19.8,4.8,57.7,61.2,,,150.3,187.8,359.7,683.9,630.5,,,73.4,99.5,208.1,509.2,360.8,,,25.3,221.2,181.6,373.6,284.7,,,341.9,985.1,1163.6,793.5,562.0,,,202.7,532.6,461.7,467.3,230.4,,,,,,,,,,,,,,,,,235.1,314.9,387.4,1359.9,1344.0,,,338.3,478.9,804.5,1992.9,1659.2,,,126.9,230.4,400.8,614.8,748.9,,,968.6,1344.0,1298.7,3399.7,5254.1,,,2512.8,3096.2,2359.0,4079.7,3399.7,,,1742.5,2140.5,1555.0,4445.8,3096.2,,,,,,,,,,,,,,,,,44.7,65.5,69.0,501.8,501.1,,,66.9,116.2,232.4,592.7,584.7,,,32.5,50.7,109.2,276.0,357.5,,,239.4,346.4,393.1,979.5,1381.5,,,1115.0,1438.9,1179.5,1612.9,1274.9,,,854.1,856.2,763.8,1444.9,847.8,,,,,,,,,,,,,,,,,64.1,408.9,428.1,999.3,1002.2,,,78.2,622.5,599.9,1501.1,1035.1,,,1293.9,1507.7,1742.5,3728.7,5684.8,,,804.5,996.4,1501.1,3366.7,5175.7,,,3433.4,3334.3,4445.8,4953.9,4128.2,,,2064.1,1725.2,4623.6,3940.6,3538.5,,,,,,,,,,,,,,,,,1152.0,2688.1,3896.3,1854.4,1691.5,,,1229.7,3068.8,3240.8,2494.7,1708.2,,,3502.7,3728.7,3366.7,6192.4,3940.6,,,3399.7,3728.7,3181.4,4953.9,3467.7,,,3240.8,3041.8,5175.7,4884.1,3467.7,,,1129.5,1104.3,1825.1,2004.4,2222.9,,,,,,,,,,,,,,,,,383.1,1208.2,922.2,665.5,968.6,,,307.6,1002.2,893.7,847.8,688.0,,,1444.9,1376.0,1520.9,2127.4,1628.0,,,1129.5,1100.8,955.3,1825.1,1050.8,,,1115.0,1148.2,1894.9,1992.9,1541.2,,,666.8,640.9,1067.0,1008.0,1073.6,,,,,,,,,,,,,,,,,,,,,,,,,,,,,,,,,,,,,,,,,,,,,,,,,,,,,,,,,,,,,,,,,,,,,,,,,,,,,,,,,,,,,,,,,,,,,,,,,,,,,,,,,,,,,,,,,,,,,,,,,,,,,,,,
20260908_玉野_4R,20260908,61,玉野,4,61.0,63.6,103.8,175.8,514.2,,,32.2,44.8,111.2,76.5,233.3,,,87.8,77.2,206.7,216.4,505.6,,,353.4,375.6,504.3,694.4,1466.3,,,370.7,243.1,424.1,668.5,761.4,,,1166.9,651.9,1439.5,1636.6,1163.5,,,,,,,,,,,,,,,,,77.1,52.3,97.1,192.5,542.5,,,94.0,75.7,161.5,347.2,898.4,,,16.3,26.3,8.5,59.7,219.8,,,123.1,219.3,49.0,191.5,547.8,,,344.1,454.4,184.4,267.2,788.8,,,1268.2,1671.3,880.4,1350.8,1636.6,,,,,,,,,,,,,,,,,35.9,40.4,115.1,83.7,276.2,,,69.3,86.2,128.3,255.4,714.5,,,43.7,82.9,212.0,161.1,601.2,,,365.9,482.7,581.7,808.2,1603.4,,,275.2,565.1,419.6,758.5,1060.3,,,921.5,2228.4,2306.6,3057.6,2203.5,,,,,,,,,,,,,,,,,56.9,41.1,136.7,155.6,409.1,,,21.7,20.0,6.7,52.8,211.8,,,23.5,65.9,129.1,110.7,550.8,,,317.8,85.7,347.5,447.2,614.3,,,185.7,137.5,161.1,327.8,472.3,,,1114.2,991.0,1565.2,1753.0,1160.1,,,,,,,,,,,,,,,,,665.1,1019.2,1240.3,2376.1,3287.0,,,429.2,557.1,144.4,556.3,1001.1,,,925.9,884.3,1784.7,2758.3,4482.2,,,894.4,186.2,1104.8,1256.1,2683.2,,,2544.7,976.3,2921.7,2098.0,2595.0,,,4066.3,1590.4,5122.6,4241.2,3553.5,,,,,,,,,,,,,,,,,358.5,228.3,295.9,524.5,578.3,,,292.8,389.3,180.3,286.2,507.6,,,228.1,476.9,241.9,971.5,1080.6,,,173.5,126.2,114.1,392.4,437.2,,,1224.9,841.0,1403.7,1024.5,1460.8,,,661.8,687.1,917.3,560.2,850.0,,,,,,,,,,,,,,,,,2720.2,1471.7,3130.4,4586.5,3010.9,,,3105.8,4196.1,2512.3,3792.6,3400.3,,,1540.7,5800.5,5330.2,6466.2,4810.2,,,2900.2,2612.1,4533.8,4752.2,2528.4,,,4810.2,4695.7,5800.5,5190.0,3944.4,,,1388.8,1511.2,2629.6,1730.0,1616.5,,,,,,,,,,,,,,,,,,,,,,,,,,,,,,,,,,,,,,,,,,,,,,,,,,,,,,,,,,,,,,,,,,,,,,,,,,,,,,,,,,,,,,,,,,,,,,,,,,,,,,,,,,,,,,,,,,,,,,,,,,,,,,,,
20260908_玉野_5R,20260908,61,玉野,5,26.3,25.1,38.2,87.6,190.5,,,46.1,81.3,226.9,353.7,397.1,,,11.3,33.7,90.5,64.1,26.9,,,248.3,630.1,363.4,820.6,1024.1,,,322.7,591.0,317.7,667.4,980.9,,,652.2,917.9,299.0,1446.5,1295.3,,,,,,,,,,,,,,,,,39.4,31.7,57.0,118.0,278.8,,,27.2,27.9,19.6,68.0,260.3,,,37.6,52.6,69.5,108.0,210.6,,,121.2,61.2,108.9,108.2,634.4,,,216.7,185.0,251.7,204.3,893.6,,,878.8,1038.4,769.7,1273.1,889.3,,,,,,,,,,,,,,,,,69.1,135.5,280.3,479.7,626.9,,,46.4,65.3,52.2,174.3,434.8,,,142.3,118.6,362.3,472.3,462.9,,,733.2,326.3,1071.3,1273.1,2529.0,,,902.3,575.4,994.0,1226.9,1517.4,,,1926.2,2161.4,983.5,4040.9,3150.5,,,,,,,,,,,,,,,,,8.6,28.8,60.2,37.9,16.7,,,25.4,63.5,110.6,123.9,131.4,,,84.4,79.2,365.9,280.1,376.6,,,296.7,453.9,948.3,689.7,1446.5,,,165.0,245.3,656.8,618.5,380.1,,,130.4,281.2,578.1,885.1,312.9,,,,,,,,,,,,,,,,,763.3,1475.2,902.3,3410.7,1967.0,,,822.4,464.1,760.2,1239.2,2398.5,,,1795.9,586.3,2239.5,2239.5,5023.8,,,1536.2,1273.1,2655.4,2859.7,4085.3,,,4373.7,2529.0,3680.8,3379.7,3261.1,,,6094.5,3717.6,5808.8,4828.1,4177.1,,,,,,,,,,,,,,,,,696.1,1637.7,678.4,2693.9,2837.9,,,606.4,743.5,717.6,929.4,1616.3,,,1667.1,1074.4,1956.6,3319.3,4891.6,,,643.1,806.4,1868.1,1446.5,1214.9,,,4085.3,1721.1,3540.6,1956.6,2529.0,,,4224.6,3609.4,5719.5,2462.0,4322.8,,,,,,,,,,,,,,,,,2112.3,3204.8,688.4,4322.8,3204.8,,,2753.8,4130.7,2161.4,4891.6,3379.7,,,3832.6,5901.0,4373.7,8449.2,7435.3,,,717.6,1936.2,3232.7,4828.1,2478.4,,,7149.3,6638.7,8081.9,5548.7,6522.2,,,5548.7,4956.9,7909.9,3507.2,5548.7,,,,,,,,,,,,,,,,,,,,,,,,,,,,,,,,,,,,,,,,,,,,,,,,,,,,,,,,,,,,,,,,,,,,,,,,,,,,,,,,,,,,,,,,,,,,,,,,,,,,,,,,,,,,,,,,,,,,,,,,,,,,,,,,
20260908_玉野_6R,20260908,61,玉野,6,64.9,43.4,191.1,377.9,59.7,,,121.9,207.6,239.4,231.0,152.8,,,93.5,186.2,328.3,594.5,122.7,,,329.6,293.4,474.4,563.6,287.0,,,729.0,543.2,786.3,828.0,493.7,,,35.3,70.7,63.5,156.8,214.6,,,,,,,,,,,,,,,,,39.0,22.3,81.3,148.4,26.8,,,42.6,38.3,59.3,106.1,122.4,,,10.6,16.1,40.0,103.4,27.4,,,127.8,91.1,157.3,654.4,354.2,,,409.2,450.3,517.2,922.0,857.2,,,45.3,174.3,86.7,271.2,430.0,,,,,,,,,,,,,,,,,125.6,195.8,138.6,88.3,136.2,,,91.7,87.9,97.1,125.2,196.5,,,248.2,183.4,345.4,323.1,507.1,,,77.3,105.9,187.8,51.9,242.5,,,87.1,154.7,231.4,101.5,293.4,,,164.9,295.7,461.5,408.4,324.7,,,,,,,,,,,,,,,,,86.6,284.0,450.3,642.5,238.4,,,28.4,43.5,88.0,214.6,53.9,,,325.8,142.0,532.8,637.3,644.6,,,580.4,293.4,554.8,1295.7,967.8,,,1171.2,791.1,1283.0,1756.9,1611.7,,,278.5,166.5,646.8,849.7,1322.1,,,,,,,,,,,,,,,,,354.8,211.0,343.9,417.5,278.7,,,259.1,272.3,277.6,1029.1,604.7,,,122.6,231.4,209.3,108.9,251.3,,,569.3,359.8,457.7,1160.8,866.7,,,760.2,1258.1,373.5,1340.3,982.4,,,457.2,744.3,577.8,840.5,1185.5,,,,,,,,,,,,,,,,,1291.5,896.6,1449.9,1164.2,1167.7,,,1368.5,1174.8,1483.0,2063.6,1749.0,,,560.3,864.8,1059.8,547.8,1477.4,,,1866.1,1659.7,1764.8,2254.5,2096.9,,,1423.4,2500.2,697.7,2708.5,2096.9,,,1605.0,2166.8,2216.1,2321.6,2468.5,,,,,,,,,,,,,,,,,43.4,92.7,65.5,184.8,257.1,,,69.6,231.7,97.4,493.0,795.9,,,221.4,380.1,633.1,601.9,371.8,,,137.4,129.7,513.8,733.1,1048.4,,,453.5,766.2,690.3,942.1,1344.9,,,963.0,1822.5,1308.8,1703.2,1618.3,,,,,,,,,,,,,,,,,,,,,,,,,,,,,,,,,,,,,,,,,,,,,,,,,,,,,,,,,,,,,,,,,,,,,,,,,,,,,,,,,,,,,,,,,,,,,,,,,,,,,,,,,,,,,,,,,,,,,,,,,,,,,,,,
20260908_玉野_7R,20260908,61,玉野,7,2.8,24.2,14.3,78.1,100.2,,,5.5,61.6,30.1,37.9,181.1,,,58.9,81.3,63.9,502.6,394.8,,,52.2,72.6,71.7,312.2,187.4,,,393.1,363.7,954.0,967.3,1407.8,,,434.5,611.8,1170.0,590.9,1673.0,,,,,,,,,,,,,,,,,10.3,37.8,44.7,156.9,189.3,,,61.1,249.5,276.1,383.5,814.8,,,82.4,206.0,118.8,691.2,478.3,,,134.0,308.9,198.4,828.5,340.5,,,503.3,1065.6,1649.1,1173.9,2886.0,,,643.7,1776.0,1379.7,671.1,2815.6,,,,,,,,,,,,,,,,,60.6,323.3,205.4,219.0,749.6,,,114.4,560.3,679.0,781.7,1822.7,,,556.7,717.0,1102.9,2137.8,3428.9,,,596.0,1142.9,1610.8,1913.3,2178.1,,,836.5,1595.9,2960.0,2527.9,3684.2,,,2151.0,3891.2,5019.1,2862.1,4877.7,,,,,,,,,,,,,,,,,89.5,132.9,110.0,685.7,654.6,,,116.8,287.1,255.5,962.0,757.8,,,323.9,431.8,536.1,863.6,928.4,,,90.4,167.2,265.7,659.6,138.6,,,1706.0,2164.5,1342.3,2372.0,3428.9,,,1135.4,1486.3,1228.0,688.5,2770.5,,,,,,,,,,,,,,,,,352.6,388.6,210.1,1473.7,526.3,,,518.4,918.6,437.8,2910.2,740.0,,,673.7,1390.8,881.2,2137.8,1186.0,,,132.3,263.3,396.7,836.5,208.0,,,2815.6,5169.0,3533.9,2025.2,1581.3,,,628.5,921.0,1006.7,457.4,1358.1,,,,,,,,,,,,,,,,,1706.0,1455.1,5328.0,4223.4,5019.1,,,1657.0,2584.5,3848.0,6534.4,7215.0,,,1618.3,3236.6,4680.0,6296.7,6534.4,,,6075.8,5411.3,6075.8,4877.7,4617.6,,,4617.6,8245.8,6660.0,4617.6,6296.7,,,7067.8,8245.8,8880.0,9113.7,6534.4,,,,,,,,,,,,,,,,,2049.2,3645.5,3298.3,2934.9,5869.8,,,2263.5,4947.4,3498.2,3206.7,6926.4,,,3570.3,6413.4,5677.4,5411.3,5772.0,,,3177.2,4027.0,6296.7,1574.1,6926.4,,,1967.7,2546.4,3206.7,1210.9,3607.5,,,6534.4,9113.7,8658.0,7696.0,6296.7,,,,,,,,,,,,,,,,,,,,,,,,,,,,,,,,,,,,,,,,,,,,,,,,,,,,,,,,,,,,,,,,,,,,,,,,,,,,,,,,,,,,,,,,,,,,,,,,,,,,,,,,,,,,,,,,,,,,,,,,,,,,,,,,
20260908_玉野_8R,20260908,61,玉野,8,14.4,74.7,407.5,305.1,583.6,,,3.8,23.6,146.6,140.2,226.0,,,67.1,40.0,464.7,179.0,312.4,,,864.7,651.7,1134.7,1870.7,961.5,,,685.7,640.5,521.7,1579.8,1767.1,,,697.5,730.5,888.8,929.5,1726.2,,,,,,,,,,,,,,,,,25.3,131.0,604.1,510.9,740.2,,,19.5,144.8,818.8,552.6,1140.5,,,182.8,151.4,1739.6,1011.5,1886.5,,,2089.2,2340.8,3605.6,3821.3,4609.2,,,1870.7,2089.2,2118.9,4426.7,7329.5,,,2191.6,3170.9,3287.5,4706.3,6387.1,,,,,,,,,,,,,,,,,4.2,28.9,143.6,152.6,233.8,,,10.7,74.1,497.8,345.5,627.0,,,44.0,81.3,470.6,349.8,897.7,,,955.3,1753.3,2258.0,3725.8,3020.9,,,854.8,1252.3,824.9,2677.2,3821.3,,,1140.5,2180.9,2118.9,2170.3,3991.9,,,,,,,,,,,,,,,,,41.5,21.5,303.7,109.2,381.4,,,68.3,61.6,748.9,258.2,837.2,,,20.3,31.1,315.5,107.3,505.7,,,1120.5,1619.9,1195.4,1547.0,1995.9,,,185.2,253.3,191.1,753.9,748.9,,,989.1,1668.2,1218.2,1700.0,1423.8,,,,,,,,,,,,,,,,,3336.5,1788.4,3465.8,5961.3,1935.5,,,4139.8,3605.6,4562.2,7708.6,6575.0,,,1927.1,3439.2,4706.3,9935.5,6297.1,,,4101.8,5198.8,4383.3,5260.0,7329.5,,,8942.0,8435.8,8435.8,5806.5,4756.3,,,2483.8,4756.3,3465.8,4383.3,4383.3,,,,,,,,,,,,,,,,,2540.3,1788.4,1428.4,5961.3,4807.5,,,3311.8,3576.8,2497.7,9314.5,9999.9,,,1918.8,2980.6,1326.7,7329.5,7983.9,,,1061.9,1531.1,1072.1,2777.0,2292.8,,,7983.9,9999.9,8766.6,5806.5,7329.5,,,5806.5,9999.9,8435.8,3854.3,6041.8,,,,,,,,,,,,,,,,,2443.1,1746.4,1943.9,2353.1,3465.8,,,3439.2,3576.8,4101.8,5322.6,5961.3,,,1442.2,3148.5,3757.1,3548.4,5386.7,,,2202.4,4609.2,3439.2,4217.9,3170.9,,,1847.5,3576.8,2353.1,2630.0,3336.5,,,5260.0,7211.2,6774.2,3788.9,4471.0,,,,,,,,,,,,,,,,,,,,,,,,,,,,,,,,,,,,,,,,,,,,,,,,,,,,,,,,,,,,,,,,,,,,,,,,,,,,,,,,,,,,,,,,,,,,,,,,,,,,,,,,,,,,,,,,,,,,,,,,,,,,,,,,
20260908_玉野_9R,20260908,61,玉野,9,99.2,101.3,228.6,159.4,186.9,,,58.8,30.6,38.5,111.2,43.2,,,39.5,32.7,65.1,72.0,27.5,,,233.2,99.3,163.5,363.0,178.0,,,108.1,165.8,110.9,371.1,212.0,,,95.2,51.1,29.2,82.8,154.4,,,,,,,,,,,,,,,,,161.7,214.3,392.4,263.3,548.4,,,154.0,350.2,285.8,229.9,594.7,,,380.6,907.3,1116.3,660.0,1321.3,,,530.8,496.4,1036.7,611.2,1246.5,,,154.1,154.5,305.6,304.8,418.8,,,730.4,922.2,1690.1,1495.3,986.0,,,,,,,,,,,,,,,,,38.5,17.1,18.7,73.8,26.1,,,74.7,174.6,95.1,118.4,187.3,,,97.3,239.7,177.6,341.3,289.3,,,14.8,41.1,56.9,70.2,56.0,,,76.2,55.9,197.0,120.5,279.1,,,64.6,213.5,190.2,116.5,295.5,,,,,,,,,,,,,,,,,176.6,140.6,289.7,265.8,183.9,,,424.0,876.6,1275.0,951.2,1539.7,,,217.2,533.5,459.0,706.9,885.2,,,592.7,1295.4,798.6,1882.7,1772.5,,,613.2,772.3,1045.6,1781.2,1863.4,,,408.5,1495.3,1068.7,1659.2,1927.7,,,,,,,,,,,,,,,,,364.2,140.1,323.8,546.4,302.0,,,537.5,405.1,943.8,913.0,1250.8,,,66.4,130.0,183.9,202.9,156.6,,,578.6,1047.1,646.5,1651.7,1411.1,,,725.3,885.2,608.6,1474.1,1318.9,,,379.5,1233.8,356.4,1201.2,1360.9,,,,,,,,,,,,,,,,,87.2,123.5,99.8,390.7,304.0,,,57.1,55.0,109.1,222.3,269.7,,,96.2,66.2,179.3,164.5,509.2,,,358.1,362.4,612.2,1126.7,1104.4,,,453.3,490.7,352.2,952.4,1102.8,,,410.5,517.9,829.6,1144.4,1389.5,,,,,,,,,,,,,,,,,256.5,113.2,113.8,235.4,355.0,,,628.1,736.3,1321.3,1307.1,986.0,,,168.2,531.2,550.9,331.6,619.0,,,357.8,1148.1,822.1,1164.6,1368.6,,,425.0,1277.2,447.7,1321.3,1562.9,,,723.1,754.6,1023.5,1659.2,1590.2,,,,,,,,,,,,,,,,,,,,,,,,,,,,,,,,,,,,,,,,,,,,,,,,,,,,,,,,,,,,,,,,,,,,,,,,,,,,,,,,,,,,,,,,,,,,,,,,,,,,,,,,,,,,,,,,,,,,,,,,,,,,,,,,
