race_key,date,jo_code,jo_name,race_no,1-2-3,1-2-4,1-2-5,1-2-6,1-2-7,1-2-8,1-2-9,1-3-2,1-3-4,1-3-5,1-3-6,1-3-7,1-3-8,1-3-9,1-4-2,1-4-3,1-4-5,1-4-6,1-4-7,1-4-8,1-4-9,1-5-2,1-5-3,1-5-4,1-5-6,1-5-7,1-5-8,1-5-9,1-6-2,1-6-3,1-6-4,1-6-5,1-6-7,1-6-8,1-6-9,1-7-2,1-7-3,1-7-4,1-7-5,1-7-6,1-7-8,1-7-9,1-8-2,1-8-3,1-8-4,1-8-5,1-8-6,1-8-7,1-8-9,1-9-2,1-9-3,1-9-4,1-9-5,1-9-6,1-9-7,1-9-8,2-1-3,2-1-4,2-1-5,2-1-6,2-1-7,2-1-8,2-1-9,2-3-1,2-3-4,2-3-5,2-3-6,2-3-7,2-3-8,2-3-9,2-4-1,2-4-3,2-4-5,2-4-6,2-4-7,2-4-8,2-4-9,2-5-1,2-5-3,2-5-4,2-5-6,2-5-7,2-5-8,2-5-9,2-6-1,2-6-3,2-6-4,2-6-5,2-6-7,2-6-8,2-6-9,2-7-1,2-7-3,2-7-4,2-7-5,2-7-6,2-7-8,2-7-9,2-8-1,2-8-3,2-8-4,2-8-5,2-8-6,2-8-7,2-8-9,2-9-1,2-9-3,2-9-4,2-9-5,2-9-6,2-9-7,2-9-8,3-1-2,3-1-4,3-1-5,3-1-6,3-1-7,3-1-8,3-1-9,3-2-1,3-2-4,3-2-5,3-2-6,3-2-7,3-2-8,3-2-9,3-4-1,3-4-2,3-4-5,3-4-6,3-4-7,3-4-8,3-4-9,3-5-1,3-5-2,3-5-4,3-5-6,3-5-7,3-5-8,3-5-9,3-6-1,3-6-2,3-6-4,3-6-5,3-6-7,3-6-8,3-6-9,3-7-1,3-7-2,3-7-4,3-7-5,3-7-6,3-7-8,3-7-9,3-8-1,3-8-2,3-8-4,3-8-5,3-8-6,3-8-7,3-8-9,3-9-1,3-9-2,3-9-4,3-9-5,3-9-6,3-9-7,3-9-8,4-1-2,4-1-3,4-1-5,4-1-6,4-1-7,4-1-8,4-1-9,4-2-1,4-2-3,4-2-5,4-2-6,4-2-7,4-2-8,4-2-9,4-3-1,4-3-2,4-3-5,4-3-6,4-3-7,4-3-8,4-3-9,4-5-1,4-5-2,4-5-3,4-5-6,4-5-7,4-5-8,4-5-9,4-6-1,4-6-2,4-6-3,4-6-5,4-6-7,4-6-8,4-6-9,4-7-1,4-7-2,4-7-3,4-7-5,4-7-6,4-7-8,4-7-9,4-8-1,4-8-2,4-8-3,4-8-5,4-8-6,4-8-7,4-8-9,4-9-1,4-9-2,4-9-3,4-9-5,4-9-6,4-9-7,4-9-8,5-1-2,5-1-3,5-1-4,5-1-6,5-1-7,5-1-8,5-1-9,5-2-1,5-2-3,5-2-4,5-2-6,5-2-7,5-2-8,5-2-9,5-3-1,5-3-2,5-3-4,5-3-6,5-3-7,5-3-8,5-3-9,5-4-1,5-4-2,5-4-3,5-4-6,5-4-7,5-4-8,5-4-9,5-6-1,5-6-2,5-6-3,5-6-4,5-6-7,5-6-8,5-6-9,5-7-1,5-7-2,5-7-3,5-7-4,5-7-6,5-7-8,5-7-9,5-8-1,5-8-2,5-8-3,5-8-4,5-8-6,5-8-7,5-8-9,5-9-1,5-9-2,5-9-3,5-9-4,5-9-6,5-9-7,5-9-8,6-1-2,6-1-3,6-1-4,6-1-5,6-1-7,6-1-8,6-1-9,6-2-1,6-2-3,6-2-4,6-2-5,6-2-7,6-2-8,6-2-9,6-3-1,6-3-2,6-3-4,6-3-5,6-3-7,6-3-8,6-3-9,6-4-1,6-4-2,6-4-3,6-4-5,6-4-7,6-4-8,6-4-9,6-5-1,6-5-2,6-5-3,6-5-4,6-5-7,6-5-8,6-5-9,6-7-1,6-7-2,6-7-3,6-7-4,6-7-5,6-7-8,6-7-9,6-8-1,6-8-2,6-8-3,6-8-4,6-8-5,6-8-7,6-8-9,6-9-1,6-9-2,6-9-3,6-9-4,6-9-5,6-9-7,6-9-8,7-1-2,7-1-3,7-1-4,7-1-5,7-1-6,7-1-8,7-1-9,7-2-1,7-2-3,7-2-4,7-2-5,7-2-6,7-2-8,7-2-9,7-3-1,7-3-2,7-3-4,7-3-5,7-3-6,7-3-8,7-3-9,7-4-1,7-4-2,7-4-3,7-4-5,7-4-6,7-4-8,7-4-9,7-5-1,7-5-2,7-5-3,7-5-4,7-5-6,7-5-8,7-5-9,7-6-1,7-6-2,7-6-3,7-6-4,7-6-5,7-6-8,7-6-9,7-8-1,7-8-2,7-8-3,7-8-4,7-8-5,7-8-6,7-8-9,7-9-1,7-9-2,7-9-3,7-9-4,7-9-5,7-9-6,7-9-8,8-1-2,8-1-3,8-1-4,8-1-5,8-1-6,8-1-7,8-1-9,8-2-1,8-2-3,8-2-4,8-2-5,8-2-6,8-2-7,8-2-9,8-3-1,8-3-2,8-3-4,8-3-5,8-3-6,8-3-7,8-3-9,8-4-1,8-4-2,8-4-3,8-4-5,8-4-6,8-4-7,8-4-9,8-5-1,8-5-2,8-5-3,8-5-4,8-5-6,8-5-7,8-5-9,8-6-1,8-6-2,8-6-3,8-6-4,8-6-5,8-6-7,8-6-9,8-7-1,8-7-2,8-7-3,8-7-4,8-7-5,8-7-6,8-7-9,8-9-1,8-9-2,8-9-3,8-9-4,8-9-5,8-9-6,8-9-7,9-1-2,9-1-3,9-1-4,9-1-5,9-1-6,9-1-7,9-1-8,9-2-1,9-2-3,9-2-4,9-2-5,9-2-6,9-2-7,9-2-8,9-3-1,9-3-2,9-3-4,9-3-5,9-3-6,9-3-7,9-3-8,9-4-1,9-4-2,9-4-3,9-4-5,9-4-6,9-4-7,9-4-8,9-5-1,9-5-2,9-5-3,9-5-4,9-5-6,9-5-7,9-5-8,9-6-1,9-6-2,9-6-3,9-6-4,9-6-5,9-6-7,9-6-8,9-7-1,9-7-2,9-7-3,9-7-4,9-7-5,9-7-6,9-7-8,9-8-1,9-8-2,9-8-3,9-8-4,9-8-5,9-8-6,9-8-7
20261009_弥彦_1R,20261009,21,弥彦,1,959.6,1202.6,643.9,1087.5,306.0,1245.0,199.4,2178.8,2695.8,2853.0,4480.4,3181.1,3809.7,1184.7,3809.7,2695.8,3515.0,3903.2,2419.1,7312.9,1957.6,1022.8,1922.1,2650.9,3229.5,1963.6,2373.9,246.8,2586.2,4328.0,5049.4,4678.1,3331.0,2065.6,1614.7,413.9,1782.1,1202.6,1295.7,1887.9,2264.1,374.2,3348.5,4213.4,5783.8,3554.3,2827.6,4449.1,1202.6,98.7,248.8,377.1,36.1,467.4,152.2,325.9,508.1,829.5,382.5,646.5,140.6,769.3,117.8,639.4,284.6,493.9,453.4,135.0,444.2,195.7,1161.0,263.0,948.1,907.6,205.5,955.2,333.4,445.8,413.9,737.2,826.2,228.5,756.5,166.2,664.8,425.2,705.3,727.9,133.6,207.7,185.1,62.7,41.1,57.6,71.7,59.6,71.9,13.1,1353.6,563.5,934.2,959.6,355.6,226.3,289.9,56.5,79.7,152.9,44.6,126.8,21.7,137.7,3103.5,3832.6,3699.0,4819.9,3457.7,6059.3,1893.5,2224.5,905.0,1623.0,1298.4,607.0,1747.8,642.0,2232.3,669.7,1223.5,1389.1,1452.5,1198.1,573.6,4418.2,3384.1,3348.5,6627.3,4449.1,4387.7,1899.1,5089.8,2707.3,2827.6,5089.8,6059.3,2524.7,2106.7,3656.4,1240.2,2347.7,3594.5,5836.9,4131.3,1522.0,5891.0,3229.5,2986.9,4610.3,3001.0,4328.0,2575.8,1096.9,582.0,711.6,684.1,1951.6,1106.4,1733.5,3832.6,4241.5,5301.9,7854.6,3165.3,8715.4,2650.9,3149.6,1100.7,2815.1,2742.3,1186.9,2878.8,1091.3,2113.7,590.1,1112.2,1322.7,1386.1,1122.0,497.8,7952.8,5214.9,3787.0,7758.8,7069.2,8156.7,1963.6,8371.4,3246.0,2544.9,7574.1,6559.0,934.2,3149.6,3457.7,1710.2,2544.9,4418.2,6559.0,5836.9,1833.5,9999.9,4480.4,2959.2,7574.1,1230.6,8053.5,4269.9,1724.1,807.3,704.5,636.2,2485.2,1618.9,3088.4,1792.1,2565.4,2673.2,4894.0,2419.1,3855.9,430.4,1223.5,1380.1,2248.1,2514.7,771.1,2149.4,421.0,4104.6,2272.2,2865.8,5731.7,3976.4,3699.0,1295.7,5437.8,4747.9,3088.4,9639.8,7398.0,7665.3,2085.9,7312.9,4894.0,6117.5,9639.8,2662.0,2534.7,2032.6,2596.8,1275.0,3149.6,5130.8,5836.9,4213.4,991.0,5484.7,4856.7,3515.0,7069.2,5130.8,5946.0,1777.1,116.0,207.8,358.8,399.1,747.6,424.1,453.1,2000.7,3951.7,5301.9,4185.7,3029.6,1963.6,1163.1,887.3,385.3,514.7,508.9,297.3,190.3,194.4,4001.4,1563.2,1797.2,3088.4,3246.0,1202.6,1386.1,5172.5,2045.7,1767.3,3927.3,3927.3,837.1,1904.8,3976.4,2437.6,3656.4,5049.4,4026.7,1988.2,1426.5,2466.0,731.2,2419.1,2840.3,2918.4,991.0,1055.1,730.4,113.2,178.2,256.5,345.0,407.8,106.5,637.5,280.8,435.1,566.5,342.6,707.7,250.8,360.2,1639.7,1733.5,1080.1,2171.4,2127.8,218.9,106.4,100.1,100.8,108.8,128.6,130.5,21.8,2193.8,574.2,1158.8,2065.6,2193.8,1982.0,818.8,2878.8,886.1,1189.2,3181.1,4932.0,3879.4,1163.1,1350.8,648.5,1420.1,2524.7,3296.5,2437.6,437.5,2409.9,592.9,2495.0,3635.5,3384.1,1116.1,935.6,3229.5,738.0,2142.1,2973.0,2730.5,1398.3,786.4,168.4,73.0,356.0,535.9,101.9,616.5,504.5,4078.3,6117.5,8483.0,4328.0,4026.7,6002.1,2356.4,2815.1,1423.3,1724.1,2171.4,719.7,1189.2,777.7,5391.7,2504.8,2865.8,4712.8,1802.3,4449.1,2565.4,9788.1,3809.7,3044.1,7069.2,1116.1,8597.6,3903.2,6841.1,5532.4,5484.7,8371.4,3515.0,5891.0,2447.0,1353.6,253.2,360.2,512.6,897.3,901.1,249.3,5172.5,1705.7,4241.5,6237.5,4026.7,2134.9,1910.5,1398.3,930.1,1525.7,2409.9,920.7,830.5,1710.2,39.4,117.2,191.7,20.4,243.2,76.2,192.5,49.9,97.4,212.3,38.7,178.9,33.9,178.5,299.1,237.0,435.1,225.7,922.0,455.4,793.3,493.9,564.0,501.7,320.5,1333.8,928.8,1728.8,30.7,37.9,82.4,147.4,186.6,87.7,136.2,460.3,398.6,810.4,1230.6,359.8,761.9,499.7,122.0,67.6,300.1,526.2,111.9,464.0,452.5,473.3,550.3,961.0,1533.0,329.1,680.4,926.0
20261009_弥彦_2R,20261009,21,弥彦,2,299.9,442.0,149.4,1919.9,324.9,476.7,109.4,373.0,772.1,601.7,2687.9,341.0,1466.1,145.4,384.2,736.9,750.6,2276.0,735.9,2179.4,208.4,314.4,666.4,843.7,2970.9,601.7,1439.9,269.1,3689.3,3118.6,2713.8,4060.9,6414.4,6640.8,1585.5,424.7,419.0,842.4,524.1,4150.5,2052.6,231.9,679.2,1994.6,2196.3,1149.6,3689.3,2239.9,513.1,25.7,36.2,51.3,56.6,324.5,49.5,154.7,470.0,727.4,210.5,2138.1,503.9,425.6,171.5,552.8,1026.3,278.8,2412.2,462.3,479.5,424.4,706.4,758.6,206.9,2542.6,721.8,586.1,435.8,127.0,166.1,142.3,845.0,143.0,63.6,87.2,4743.4,4589.2,3207.2,2433.0,4150.5,3400.4,2894.7,655.6,507.6,824.0,238.4,2909.6,487.0,445.5,257.0,514.5,549.6,69.9,1585.5,586.1,185.0,110.9,259.2,460.7,103.3,1497.2,254.1,202.1,400.9,877.8,591.6,2464.9,356.3,1533.8,196.3,364.6,707.3,174.5,1670.0,195.3,577.1,235.0,1053.1,684.2,1262.8,3281.8,435.5,2894.7,679.2,898.8,488.7,1489.3,4031.9,625.1,1894.2,698.6,4665.0,4444.6,3689.3,6069.5,3641.7,9253.6,3171.1,168.4,103.1,232.5,183.6,907.5,702.0,109.4,1690.0,1397.2,2196.3,2222.3,6342.3,1875.3,1710.5,139.0,183.9,524.6,279.3,1542.2,151.5,831.3,489.1,971.5,857.8,2222.3,865.7,2637.7,313.9,468.0,523.1,184.5,2023.1,437.2,513.1,325.3,988.5,553.4,1216.5,3244.0,411.7,3207.2,565.0,1312.7,411.7,1454.8,4552.1,1073.1,2171.0,825.2,2508.7,1626.7,2554.1,2894.7,2402.0,3153.4,1919.9,901.7,546.4,527.0,1020.7,3244.0,2625.4,630.6,3421.0,759.7,4181.2,2052.6,5534.0,3689.3,2114.1,218.3,252.4,509.4,485.7,1529.7,522.1,1243.3,463.8,1221.8,1334.4,5701.7,1113.3,2106.2,569.0,208.9,275.2,217.8,1458.5,208.2,152.3,175.7,1594.5,703.8,2090.6,7330.8,1087.6,2322.9,1168.6,1563.6,475.5,1803.4,5819.3,1529.7,2909.6,1079.2,9999.9,4995.3,9903.0,8063.8,7145.2,9999.9,8819.8,1432.6,639.9,1306.6,1585.5,6202.9,2222.3,1100.3,1973.6,436.5,2443.6,3441.9,7330.8,2650.1,1550.7,348.8,222.4,534.5,868.4,4479.9,465.3,764.8,5039.9,8684.1,7628.0,9999.9,9999.9,9999.9,3947.3,7055.9,5275.4,6005.0,5178.6,6342.3,5759.9,5275.4,7950.3,7950.3,5039.9,9253.6,5039.9,9999.9,5644.7,4003.3,2836.5,4552.1,4908.4,3814.0,5226.5,2970.9,9999.9,7839.8,9999.9,9999.9,9999.9,9999.9,9999.9,9999.9,6271.9,8819.8,7732.5,9999.9,9999.9,7950.3,9999.9,4444.6,9999.9,9567.3,9999.9,9999.9,7526.3,2625.4,4409.9,5039.9,4908.4,7628.0,6883.8,7145.2,575.4,510.8,1232.4,736.9,5178.6,3067.7,393.9,542.2,426.3,1000.8,345.2,3281.8,1022.5,446.5,261.3,194.3,375.8,345.8,1477.6,1069.0,189.2,1665.1,942.3,741.7,1797.6,3919.9,4409.9,1180.9,894.5,632.1,728.3,2045.1,6719.9,3171.1,895.9,9407.8,5701.7,4308.9,4783.6,8063.8,9732.2,6414.4,5085.3,2162.7,2303.9,6135.5,4120.2,9567.3,2497.6,342.1,398.6,319.8,888.9,618.2,3340.0,1660.2,645.1,2179.4,2577.5,985.1,2433.0,2662.6,569.0,284.9,799.5,835.0,129.2,1418.2,756.6,210.3,2986.6,2015.9,3919.9,3067.7,5375.9,2713.8,1856.8,4120.2,1753.0,4665.0,3171.1,5819.3,4626.8,2924.7,2023.1,468.0,2391.8,3320.4,5178.6,2687.9,1300.6,3618.4,2740.1,9999.9,5178.6,3892.9,9732.2,2924.7,3919.9,2475.7,3400.4,4951.5,2955.3,9253.6,2955.3,445.1,409.3,881.9,1418.2,661.7,1758.4,1356.9,11.7,18.0,32.4,27.2,205.9,26.9,92.1,37.6,72.4,154.4,33.5,666.4,82.2,123.0,63.4,94.1,209.7,162.9,1022.5,94.3,534.5,103.1,111.7,190.7,228.3,890.3,208.7,547.5,97.3,69.7,164.8,307.7,1462.3,177.6,373.0,1035.7,1650.5,2204.9,1517.3,1509.2,2850.8,3463.0,116.0,150.8,149.2,301.5,244.3,1660.2,738.8,292.9,211.7,636.3,730.2,425.0,1710.5,726.4
20261009_弥彦_3R,20261009,21,弥彦,3,356.9,1053.3,381.6,3640.0,419.7,1996.9,352.6,318.8,464.5,275.5,2738.6,681.4,1310.0,427.9,1489.9,688.7,635.4,7280.0,1667.0,4832.9,2436.9,171.6,151.5,301.4,1112.4,336.9,630.6,298.7,6929.1,4753.0,9128.9,3885.9,9128.9,4528.5,9999.9,499.6,763.7,974.7,465.3,5477.3,3249.2,1059.1,3710.4,2337.8,6846.6,2386.3,5530.0,5929.0,4390.2,494.5,621.7,2186.7,672.6,6610.5,1132.1,3443.8,248.1,657.2,359.6,2778.3,228.6,1517.4,178.1,139.3,136.3,156.6,911.4,52.1,348.7,40.7,1049.4,308.8,1079.0,4675.7,379.3,2203.5,287.2,308.7,262.6,838.3,2602.3,207.9,1223.6,148.1,5044.9,2712.8,6118.3,5135.0,1898.0,3423.3,1831.5,69.8,28.2,133.0,78.8,465.3,219.5,11.2,2500.5,1000.2,3572.1,2186.7,3249.2,1043.7,702.2,48.0,18.9,110.1,64.7,364.0,11.9,153.3,154.4,173.0,174.4,1513.4,367.4,799.8,287.4,139.5,106.3,180.6,884.8,73.3,351.1,55.5,97.4,61.1,115.3,763.7,139.8,303.0,120.5,211.2,221.7,241.0,2032.2,456.4,835.9,346.6,3783.6,2979.9,3324.4,5001.0,5530.0,3383.0,3212.9,393.3,126.7,284.9,375.8,2046.6,924.6,206.8,1489.9,968.2,1127.6,1580.0,2614.1,1676.7,1028.8,321.8,87.8,227.4,268.6,1521.4,208.7,528.6,744.9,437.0,558.9,4753.0,1328.2,3834.1,1990.0,1379.1,393.9,1409.6,6390.2,783.5,3485.5,611.8,213.0,123.5,198.6,1437.8,270.3,667.9,221.4,1059.1,1525.5,533.5,7189.0,2478.9,5809.3,2337.8,9999.9,9999.9,6053.9,9999.9,9999.9,5089.5,9999.9,2061.3,1154.8,624.4,2300.4,8100.3,5425.6,2054.0,8335.0,6929.1,2626.1,9128.9,7100.2,9999.9,9915.8,2791.8,930.6,703.9,2712.8,9999.9,2237.8,5751.2,95.3,80.9,168.1,828.7,191.1,350.8,162.9,195.8,211.1,628.5,3443.8,191.8,1456.0,128.4,158.4,210.5,256.6,2170.2,467.5,804.3,308.0,527.6,862.2,308.7,6462.0,1350.0,3758.9,1416.5,4493.1,7189.0,5929.0,9585.3,5425.6,3324.4,8713.9,258.5,216.6,391.7,876.7,3464.5,1624.6,453.2,1580.0,2106.6,1474.6,3572.1,4957.9,2738.6,3267.7,335.5,226.3,374.9,1213.3,4078.8,533.5,1802.8,7100.2,7567.3,9999.9,7567.3,9999.9,9585.3,9999.9,8713.9,4050.1,8100.3,9585.3,4957.9,5530.0,4021.8,7100.2,5374.9,5477.3,8848.0,9276.1,6929.1,6320.0,9999.9,9999.9,6535.4,9999.9,9999.9,8713.9,9999.9,6251.3,9999.9,9999.9,9999.9,9999.9,7987.8,9999.9,9999.9,5583.7,9999.9,9999.9,9999.9,7987.8,9999.9,5276.3,3231.0,3710.4,4753.0,5751.2,4915.5,4915.5,9999.9,3734.5,6766.1,9999.9,9999.9,9128.9,8713.9,356.3,572.8,872.7,375.8,4356.9,2890.0,697.9,119.3,60.5,249.6,134.6,734.5,353.9,26.6,406.4,137.0,411.6,412.8,2544.7,1055.2,232.9,1786.0,799.8,494.5,1686.5,7189.0,4714.1,1434.2,254.8,245.0,365.8,843.2,3710.4,1399.3,444.1,7668.2,3286.4,5638.4,8986.2,7567.3,3758.9,6184.1,4390.2,1691.5,1898.0,5181.2,3142.7,4714.1,2010.9,537.4,70.9,211.9,902.8,414.0,2511.4,915.7,4228.8,3324.4,6766.1,3011.1,7100.2,5868.5,6535.4,3383.0,1657.4,5374.9,4228.8,4600.9,2457.7,1597.5,2765.0,1537.7,2556.0,3160.0,3912.3,2765.0,1949.5,9999.9,9128.9,3939.1,9999.9,7189.0,9999.9,9999.9,4564.4,5325.2,3464.5,9999.9,7373.3,4832.9,7100.2,4753.0,2738.6,3267.7,5228.3,5374.9,5374.9,4050.1,5638.4,2904.6,2725.6,8713.9,3423.3,7878.3,3443.8,6053.9,2154.0,2025.0,8335.0,6766.1,6184.1,3363.2,295.9,429.5,1063.0,658.7,4021.8,743.0,2567.5,85.3,35.2,170.1,111.3,635.4,26.1,263.4,343.3,87.4,384.4,279.3,1843.3,191.8,628.5,2195.1,677.4,628.5,1962.8,9585.3,1325.1,3142.7,585.6,346.0,525.2,1867.2,5530.0,744.9,2511.4,7373.3,3550.1,3108.7,9747.8,7771.9,5638.4,4915.5,468.7,62.6,164.1,606.0,355.2,2328.4,923.1,3160.0,1188.2,1275.2,3663.1,3783.6,3885.9,1786.0
20261009_弥彦_4R,20261009,21,弥彦,4,143.9,83.7,152.9,986.3,133.6,741.5,156.3,95.9,30.5,54.4,457.9,107.7,299.9,23.4,43.7,19.9,21.4,210.7,50.5,87.3,23.4,96.3,45.5,16.6,323.6,117.2,205.6,46.6,2327.3,1025.4,529.7,954.5,2344.9,960.4,1263.0,184.0,235.7,124.3,223.6,1270.7,810.1,273.5,1333.4,706.1,302.5,677.6,1213.6,984.8,745.0,84.0,17.1,30.0,51.8,431.5,110.1,314.0,339.0,222.1,469.6,2024.1,216.9,1168.0,339.3,404.8,1111.6,1493.7,2876.8,514.8,2099.3,412.0,616.4,1888.7,2917.4,7767.6,1319.3,5862.3,1960.2,1250.3,1923.8,3612.8,7966.7,1801.1,6340.9,1652.6,4438.6,5221.9,8877.2,7671.7,3550.9,4470.5,5598.2,177.3,275.6,497.5,781.6,948.7,762.4,351.4,3721.0,3721.0,8752.2,7142.6,6406.2,3031.2,4035.1,475.8,519.5,1342.1,1500.9,3358.9,642.6,2106.4,161.6,97.4,136.4,786.5,188.5,513.1,43.1,285.5,816.5,897.9,1966.4,351.0,1451.8,225.8,318.9,1076.9,950.1,3377.2,1076.9,2172.7,383.8,386.9,1393.2,1129.8,3031.2,1286.5,2099.3,428.5,2301.5,4470.5,4569.1,4376.1,5221.9,3287.8,1448.5,472.5,637.9,1161.5,1064.0,2824.5,1333.4,351.0,1688.6,3340.9,3743.4,3471.5,4035.1,2301.5,1148.6,23.6,61.3,100.8,120.8,315.9,77.9,223.6,384.0,214.2,212.8,1438.4,452.5,785.5,250.9,1071.3,3046.1,4854.7,9999.9,2485.6,6904.5,3571.3,508.5,2267.9,2456.1,6214.0,2310.0,4603.0,967.9,594.0,3766.1,2515.8,7142.6,2931.1,4198.7,2917.4,5403.5,9999.9,9999.9,9999.9,9999.9,7397.7,9999.9,1345.0,2701.7,3395.6,3340.9,7865.9,5499.1,4198.7,4142.7,9999.9,7865.9,9709.5,9999.9,8176.4,9999.9,527.9,2644.2,947.2,2690.0,9138.3,2485.6,6033.1,446.7,199.8,63.9,1140.2,503.9,592.3,167.7,1345.0,2876.8,3510.7,6473.0,1906.1,5598.2,2811.8,474.3,2318.6,1795.9,4345.5,2071.3,3236.5,676.9,417.8,3530.7,1954.1,5701.0,2837.4,3414.3,1972.7,3510.7,7671.7,4407.1,9999.9,8070.2,4407.1,5266.1,1735.7,3001.9,3287.8,4035.1,9709.5,5701.0,3766.1,2142.7,9999.9,3414.3,6610.7,7578.1,7578.1,2850.5,433.3,2465.9,536.1,1538.1,4780.0,2235.2,1843.9,3859.6,2219.3,1230.5,2465.9,5598.2,1795.9,2610.9,5499.1,5975.0,9999.9,9999.9,5221.9,5862.3,8397.4,3358.9,6681.8,5975.0,7397.7,7225.6,5499.1,3016.5,3170.4,9999.9,9999.9,9999.9,9999.9,9999.9,9999.9,3883.8,9999.9,8752.2,9999.9,9999.9,6754.4,9999.9,9138.3,7397.7,9999.9,9999.9,9999.9,7397.7,9999.9,1589.2,4115.2,3203.1,3591.9,4780.0,3721.0,2427.3,3236.5,4780.0,2284.5,9999.9,7865.9,9863.6,4502.9,603.3,773.8,592.9,1263.0,4603.0,2436.9,834.1,267.3,389.5,793.6,1165.8,1500.9,958.9,539.8,882.6,1035.6,2417.9,2824.5,6681.8,3061.1,935.8,1472.5,2505.6,3766.1,4707.6,9709.5,7486.8,4088.2,2318.6,3491.0,3530.7,5178.4,9999.9,6610.7,4142.7,9138.3,6681.8,9005.9,9999.9,9999.9,6828.6,9999.9,4672.2,4315.3,4892.9,9274.7,7966.7,8285.4,5450.9,1069.5,1125.7,954.5,2259.6,3107.0,7578.1,3550.9,3655.3,2917.4,2071.3,2589.2,3340.9,5093.5,3219.7,5221.9,7061.4,9999.9,9999.9,7225.6,6152.5,9138.3,3859.6,7865.9,9999.9,9709.5,6276.8,7397.7,3591.9,5052.1,9999.9,9999.9,9999.9,9999.9,9999.9,9999.9,5266.1,9999.9,7671.7,9999.9,9415.2,9709.5,9863.6,2380.8,4637.3,3395.6,5011.3,5649.1,3908.2,3571.3,6473.0,5918.1,5918.1,9274.7,5807.5,7865.9,8397.4,3676.9,9138.3,3001.9,9999.9,9005.9,5753.7,7966.7,110.8,27.6,54.9,101.0,627.0,156.9,406.9,317.2,266.4,815.4,916.5,2557.2,424.7,1639.6,18.1,57.1,80.1,106.0,310.3,79.4,210.2,215.5,655.4,256.4,786.5,2515.8,798.7,1711.8,288.2,1300.0,370.7,888.9,3170.4,1451.8,1755.3,1707.1,4931.8,1412.2,3323.0,4470.5,4672.2,2310.0,511.8,688.9,423.0,1133.9,1415.5,3236.5,1838.4,1289.2,3270.5,1181.3,2917.4,3789.0,3203.1,2362.7
20261009_弥彦_5R,20261009,21,弥彦,5,187.8,213.3,60.0,633.4,51.1,224.5,51.7,492.5,810.9,869.8,1268.0,896.3,1224.1,430.4,302.2,695.1,612.0,2278.4,486.4,262.5,234.5,120.8,495.3,425.7,1195.1,252.7,478.2,146.7,1844.1,1825.1,3514.0,2706.1,3622.1,3859.6,1619.9,140.0,710.5,614.7,330.6,2186.7,675.8,270.5,273.6,847.9,206.8,628.3,2153.3,550.9,223.1,39.8,120.3,112.2,97.8,428.5,105.4,124.6,190.4,212.5,41.3,636.3,39.7,196.8,53.0,499.5,1093.3,372.9,1404.2,409.2,1573.0,806.2,381.5,1001.8,303.6,2410.6,302.2,340.3,671.4,24.0,90.0,90.6,307.7,12.4,89.2,53.6,1761.3,1706.0,4059.2,1124.7,1277.2,3797.3,2871.1,27.9,109.6,112.8,17.6,379.9,116.0,62.3,316.0,1135.5,328.0,210.4,2114.7,233.6,498.4,110.1,463.4,560.1,142.4,1528.8,148.4,595.5,960.9,1792.6,1340.2,1650.2,1714.3,2478.2,968.8,959.6,2153.3,1013.3,1989.6,1052.6,2942.9,1765.7,2285.8,2695.8,4179.3,3923.9,3153.1,2386.1,3945.8,1770.2,1224.1,3084.3,2836.6,2249.4,2871.1,2655.3,1421.1,1701.9,2967.7,1961.9,3379.4,2645.3,1834.5,2346.5,1646.4,3567.2,2695.8,5935.4,4939.2,3640.7,2665.3,3331.6,2256.5,3428.7,4359.9,4130.4,4646.8,1426.8,2053.2,3603.6,3125.2,3005.5,3139.1,3838.6,619.5,1279.5,983.7,3496.6,919.6,291.3,469.6,680.4,1538.8,688.4,3990.4,613.6,524.3,1183.1,1898.6,2285.8,3697.9,4527.6,3125.2,1515.6,2606.3,1096.7,849.9,2418.8,5045.1,1631.2,747.4,2047.2,7134.4,5475.3,5081.3,9809.9,8408.5,2695.8,8613.5,1462.3,1075.0,3239.9,1978.4,7677.3,1205.3,2568.4,126.7,187.8,410.8,402.4,1043.2,401.5,401.5,887.3,1627.4,2980.2,2635.5,7761.6,2606.3,896.3,102.1,397.2,301.9,790.0,210.5,278.1,130.5,44.7,143.1,107.0,542.0,15.9,101.5,100.7,565.9,483.1,691.7,818.4,896.3,900.9,864.5,404.5,335.2,717.0,1898.6,608.8,298.0,724.4,2394.2,1646.4,1051.0,3777.0,3005.5,3111.5,3125.2,266.6,73.9,602.6,471.1,1387.6,464.0,394.3,320.3,233.4,859.2,211.5,2263.8,524.7,783.9,236.0,309.5,970.2,786.5,2655.3,600.0,849.9,2748.3,2645.3,5475.3,3549.3,5231.9,6036.8,2452.4,2706.1,1792.6,3514.0,1693.7,2153.3,4616.4,3697.9,1757.0,1426.8,2242.2,2207.2,2596.7,2549.8,2214.1,7134.4,6726.8,6036.8,9417.5,9999.9,5045.1,9544.7,3239.9,2338.7,3316.0,3859.6,3084.3,4616.4,5518.0,7594.7,4154.7,6421.0,9172.9,7434.8,9999.9,9948.0,5605.6,6924.6,5696.0,2825.2,4306.7,9417.5,9055.3,3316.0,4442.2,4179.3,9172.9,7677.3,8940.6,9417.5,238.9,1493.2,761.9,561.4,4130.4,1358.2,570.9,120.2,373.5,347.5,71.0,1031.1,345.2,265.0,2323.4,1432.6,3139.1,2955.2,6726.8,5310.6,2814.0,1217.7,855.1,2418.8,1555.7,5310.6,1252.3,1898.6,581.3,136.5,1205.3,1035.6,3479.3,1130.1,902.0,6539.9,4646.8,7207.2,9999.9,7677.3,9999.9,9999.9,1722.7,784.7,4442.2,1305.5,1573.0,9809.9,2759.0,931.8,668.2,2242.2,2023.8,1363.5,8026.2,2540.6,254.3,702.1,168.0,388.7,1757.0,401.7,220.5,266.6,871.9,216.5,220.5,1951.1,196.4,567.7,1159.7,1480.7,967.5,1701.9,3167.3,2133.8,1972.9,82.9,96.0,279.2,176.4,811.8,184.7,191.5,345.8,249.4,1057.3,256.4,2114.7,494.2,642.6,4974.0,5350.8,3697.9,3167.3,5391.7,8026.2,7281.5,838.8,488.7,2378.1,643.2,882.8,6663.3,1714.3,541.2,944.2,1878.4,618.4,1493.2,5271.0,1409.8,87.5,206.2,199.5,180.2,673.3,196.2,238.7,173.0,675.8,712.7,283.6,1989.6,330.5,955.7,949.3,1390.3,2540.6,2278.4,3044.4,2095.8,3428.7,704.9,1322.6,2443.9,2315.7,6663.3,2018.0,1079.9,371.1,403.1,1801.8,1797.2,3737.1,979.6,1929.8,2625.7,4359.9,3737.1,7207.2,6601.0,8026.2,7207.2,599.0,571.4,1566.1,1509.2,1148.4,6195.7,2427.1,639.1,1317.7,3496.6,925.7,2221.1,5789.4,2133.8
20261009_弥彦_6R,20261009,21,弥彦,6,232.0,508.3,84.8,471.5,93.8,759.4,203.5,350.2,813.5,201.3,1195.3,348.1,537.0,315.7,541.8,697.2,245.5,1328.4,565.5,1140.8,310.5,17.2,32.2,65.4,15.7,15.7,88.1,21.1,860.8,1410.4,1568.0,196.2,839.1,2373.0,976.4,77.3,252.9,515.6,77.3,428.3,680.0,182.3,889.5,357.3,1407.9,370.5,1676.5,823.5,862.6,165.0,194.5,236.1,84.9,601.7,183.5,545.5,653.8,1279.5,211.4,1083.6,200.1,1529.0,502.9,1232.2,3492.1,1190.0,3432.2,705.8,2138.2,1753.7,2077.1,3651.6,2304.6,5159.3,1773.1,5794.9,1881.6,170.8,658.1,1289.8,698.4,209.8,1753.7,507.4,2683.5,4346.2,5712.1,1964.8,2499.0,8985.4,4369.9,127.9,210.7,585.8,123.4,780.9,548.8,242.0,2720.0,1979.4,7204.5,2738.7,5712.1,1642.1,4299.4,751.6,1269.3,1596.2,834.7,2613.4,534.5,2776.7,894.5,2729.3,548.8,2776.7,938.6,1486.4,734.3,1773.1,4442.8,1659.1,3958.9,1483.6,2530.7,2304.6,4253.7,6664.2,5477.4,9999.9,6953.9,8244.3,5159.3,620.4,1448.7,3403.0,2132.5,1433.1,1645.4,1781.0,5440.1,6199.2,9999.9,4231.2,9999.9,9999.9,6449.2,1825.8,1540.8,4967.1,1917.7,7689.4,2506.9,2499.0,1095.4,1632.0,3403.0,1107.6,4186.9,1296.1,1341.7,1405.4,2538.7,3432.2,2196.9,6296.8,2579.6,2866.3,1211.6,2246.3,510.9,2648.0,1300.3,2929.3,825.2,1705.1,3772.1,2115.6,5631.7,1969.7,6449.2,1927.0,4369.9,4346.2,4322.7,9999.9,4817.5,6664.2,3719.5,466.5,1459.3,2538.7,1687.1,1769.2,3461.9,791.7,5712.1,8330.2,9999.9,4704.1,9999.9,9408.3,6664.2,2104.4,1936.3,5126.3,2324.7,7270.0,5440.1,2110.0,5553.5,6609.1,4253.7,6664.2,9999.9,8077.8,4596.0,634.6,963.5,1632.0,644.9,2475.8,1188.2,1927.0,12.8,28.9,59.1,8.8,11.9,77.4,20.6,61.3,280.5,639.2,258.6,112.6,961.1,270.0,157.0,447.2,1690.7,771.1,507.7,974.0,760.1,231.5,929.8,1514.5,826.1,1053.6,2291.4,556.5,61.6,250.6,513.2,635.6,225.7,937.5,321.9,52.9,91.7,287.3,631.6,227.3,849.8,257.3,372.6,1697.8,912.9,2596.4,1673.0,1589.8,2066.4,109.1,352.6,561.1,540.7,431.5,352.6,1350.8,2184.9,4231.2,4442.8,420.4,2710.8,7014.9,2786.4,2995.1,4731.9,6449.2,2430.7,4038.9,9999.9,4731.9,6953.9,6104.6,9192.0,6449.2,9999.9,9999.9,7014.9,6397.6,9087.5,9999.9,5553.5,9999.9,9999.9,8417.9,342.3,1269.3,2701.7,2866.3,1321.8,4676.6,1746.0,3790.0,4393.9,9999.9,9635.0,2345.1,9999.9,8077.8,9999.9,9999.9,9999.9,9999.9,9999.9,9999.9,9999.9,5403.4,1855.4,6835.0,8077.8,3719.5,8077.8,9996.3,141.9,656.5,1181.2,175.9,1091.0,1326.2,503.9,109.0,218.0,604.4,87.0,741.1,443.7,213.8,1388.3,691.1,4122.1,1306.7,5671.6,2408.7,1922.3,2061.0,1864.1,6012.8,2445.5,6720.2,6554.9,1558.8,133.9,164.2,589.3,1224.6,504.8,1503.2,505.5,2767.1,2491.2,7077.0,7997.0,1628.7,9192.0,5477.4,2530.7,1433.1,1851.1,7077.0,2648.0,8417.9,3702.3,857.1,435.8,1425.5,1388.3,676.5,3554.2,3087.6,1838.4,602.1,3136.1,658.1,5296.0,1789.0,2805.9,2579.6,1842.6,8985.4,2796.1,9999.9,2311.2,4876.2,591.4,904.6,3198.8,643.8,3901.0,811.0,1267.3,4876.2,8985.4,6894.0,6449.2,9999.9,9872.9,2815.8,553.4,2082.5,930.9,6609.1,3476.9,2071.7,3198.8,9996.3,9999.9,9999.9,9999.9,9999.9,9999.9,9999.9,2729.3,1697.8,1605.8,9298.9,2554.9,9999.9,5592.3,3173.4,4998.1,1761.4,3099.6,2866.3,9752.5,4760.1,498.2,539.2,605.8,223.6,1753.7,551.1,2029.7,783.2,1241.7,1127.9,785.5,2674.6,536.7,3304.5,1052.2,1480.9,2265.4,1497.5,4186.9,1632.0,2252.6,563.5,908.7,1273.4,508.3,2445.5,899.5,1842.6,244.2,698.4,1044.0,755.8,1226.5,620.4,2613.4,4080.1,4876.2,5261.2,5403.4,3052.3,5837.2,9087.5,779.4,413.0,1583.5,1126.3,748.0,4038.9,3318.2,3570.1,4676.6,2209.1,3754.4,3882.0,8787.9,3754.4
20261009_弥彦_7R,20261009,21,弥彦,7,84.5,219.4,116.8,1050.6,124.1,66.2,48.3,64.9,164.9,258.2,1004.2,42.4,52.7,66.4,239.2,209.7,624.3,1330.9,241.1,81.1,212.6,314.5,656.6,1317.1,1946.8,701.2,416.9,409.4,3859.8,3362.7,4148.4,4373.2,4529.3,3312.5,4351.7,143.2,81.1,324.8,425.1,1653.1,100.3,151.4,45.9,50.2,91.9,147.1,922.8,51.0,46.1,47.7,73.5,186.5,200.1,1130.9,107.9,44.8,115.1,503.2,133.5,1226.1,173.3,210.3,61.8,117.9,847.1,205.0,1434.1,156.7,751.7,91.5,1102.8,1811.7,1733.9,4623.7,2064.5,3275.8,969.1,140.9,238.3,930.5,513.7,263.1,821.2,81.9,3653.3,5044.1,7787.3,2342.3,5347.9,7997.8,1853.3,273.7,265.5,1355.3,407.7,2514.9,1109.7,223.5,872.9,2093.7,5044.1,1896.9,6990.2,2367.3,1091.9,25.1,42.5,355.3,27.7,492.3,71.5,294.4,67.1,241.4,246.5,1046.8,43.1,91.3,73.9,89.4,750.4,176.7,1330.9,98.4,432.0,84.4,484.3,1343.0,2558.3,5222.1,797.6,2258.9,866.1,694.6,638.2,2493.7,2438.9,661.0,1786.2,1004.2,3275.8,4483.6,8619.0,6341.1,3454.3,9999.9,4247.6,23.6,35.9,278.3,154.2,610.1,223.5,67.7,564.3,1297.8,3114.9,2486.7,5413.1,764.6,1130.9,110.5,110.6,597.0,490.4,1560.2,140.0,498.1,979.8,741.6,2031.4,3638.3,861.9,473.2,813.7,1697.4,3082.5,3699.0,8619.0,3275.8,5879.2,2040.8,969.1,2565.7,5102.0,9999.9,1345.0,3251.8,1391.4,6341.1,5727.4,8877.6,9999.9,6725.4,9999.9,7276.7,9999.9,9999.9,9999.9,9999.9,9999.9,9999.9,9999.9,1560.2,3508.9,1747.5,4747.3,8967.2,4697.1,3009.3,1620.0,7045.7,5840.5,9999.9,9999.9,6039.1,3730.0,1326.9,2022.2,1552.0,5514.0,9999.9,2882.3,4959.5,937.4,1585.2,2241.8,3608.7,1737.3,2305.8,1286.6,608.8,865.2,2311.8,1307.4,960.7,2165.2,442.1,1826.6,1533.2,5222.1,4798.7,2022.2,5072.9,2293.9,5413.1,6480.0,8220.0,9999.9,7653.1,9999.9,8375.1,6296.1,3414.4,6776.8,8070.5,5618.7,8877.6,5072.9,2108.6,1868.9,2367.3,5727.4,5802.3,4576.0,2706.5,4552.6,6080.5,6674.9,9999.9,9999.9,6251.8,6674.9,1628.9,828.9,2213.8,5191.5,3843.1,2507.8,4877.8,7523.4,9444.2,9999.9,9999.9,9999.9,9999.9,9999.9,8703.5,9344.8,9999.9,5015.6,9999.9,9999.9,6576.0,9999.9,9999.9,9999.9,9999.9,9999.9,9999.9,9247.5,9999.9,9999.9,9999.9,9999.9,9999.9,9999.9,9999.9,9999.9,5548.5,9999.9,9999.9,9999.9,9999.9,9247.5,9999.9,9999.9,9999.9,9999.9,9999.9,9999.9,9999.9,9999.9,9999.9,9999.9,9999.9,9999.9,9999.9,9999.9,9999.9,4268.0,9999.9,9999.9,9058.7,9999.9,9999.9,279.0,127.8,664.9,767.9,3009.3,419.1,334.8,359.2,284.4,1730.5,630.5,3362.7,1221.1,377.2,53.3,88.4,433.6,273.6,1069.5,382.3,133.8,1138.1,2929.9,1303.6,4035.2,6935.6,4091.0,2208.3,1387.1,1376.3,1014.5,4091.0,4697.1,3467.8,1811.7,9999.9,9999.9,6039.1,9999.9,9999.9,9999.9,9999.9,1297.8,3104.0,1717.1,4824.7,4416.7,9999.9,2765.6,390.9,406.2,327.7,1681.3,959.7,5191.5,1543.9,628.7,698.4,1129.4,1484.5,4772.9,808.5,668.9,1797.0,4851.1,9974.8,4959.5,9999.9,4987.4,2698.3,1393.6,4506.4,8789.7,5879.2,9999.9,3170.5,2642.1,1588.1,9999.9,9999.9,9999.9,9999.9,9999.9,9999.9,5413.1,8070.5,9864.0,9999.9,9999.9,7719.6,9999.9,9999.9,9999.9,9999.9,9999.9,9999.9,9999.9,9999.9,2522.0,5654.5,3536.9,9974.8,5840.5,9999.9,5840.5,1565.7,2154.7,4017.0,8967.2,8703.5,9999.9,4309.5,55.5,80.6,298.5,206.2,1336.9,115.7,55.6,29.3,55.2,424.7,50.0,664.9,82.7,238.1,110.4,110.5,752.9,416.0,1959.7,150.8,470.2,699.0,1245.1,1152.9,2920.2,6527.6,1845.6,3040.2,728.8,374.4,1222.8,2989.0,2305.8,1204.5,2500.7,4647.9,3362.7,5690.7,9999.9,5222.1,8789.7,9999.9,270.3,281.4,266.9,1431.8,905.8,3893.6,979.8,559.7,1125.1,1690.9,3893.6,2891.7,8220.0,1576.8
20261009_弥彦_8R,20261009,21,弥彦,8,42.8,47.5,16.2,293.5,44.0,267.7,87.0,96.2,336.0,73.5,175.4,327.3,298.7,235.0,445.3,1108.3,589.3,2669.3,1229.1,3379.1,1634.4,7.7,19.1,94.3,122.0,67.3,170.1,11.6,1429.8,729.9,3329.2,758.8,3922.7,3456.7,3667.5,155.7,393.9,775.7,195.9,1800.8,772.4,755.6,1068.9,783.1,3007.4,829.2,3132.7,1591.2,2541.4,369.0,524.2,1150.7,146.3,2307.4,1033.4,1667.6,60.0,53.4,23.6,318.0,46.2,348.3,147.4,114.1,155.9,110.7,130.6,166.4,351.8,423.1,112.7,145.7,137.3,577.6,101.6,568.1,449.9,37.3,115.3,115.2,300.0,103.6,570.6,153.1,864.1,431.0,1190.2,721.7,1035.8,2701.2,2661.4,51.3,67.0,42.7,57.3,325.2,301.9,262.1,941.7,514.3,1016.0,1013.7,2098.1,812.0,2471.8,566.3,903.1,986.0,576.5,2418.8,805.5,2445.0,254.5,922.5,196.2,433.5,854.3,628.2,988.1,259.1,496.2,289.8,377.9,631.3,809.8,1020.6,1692.7,1317.1,1903.4,4824.7,4064.0,6309.2,6096.1,381.9,499.0,1469.4,396.9,1398.7,815.7,1053.9,675.8,582.4,1982.9,425.1,2041.2,484.2,1725.0,1547.5,1211.0,3470.0,1776.0,2412.3,2238.7,3456.7,621.3,664.3,2425.3,641.6,374.8,1445.8,2132.9,2405.9,2349.5,5535.1,2238.7,3510.5,3790.8,4082.4,1457.5,4674.7,2278.3,7581.7,3176.8,9999.9,5783.4,1018.3,1619.7,1405.3,3743.6,863.3,4748.5,3048.0,4556.6,2819.4,6096.1,9497.0,6096.1,9999.9,8932.9,2901.0,2585.1,5974.9,9999.9,5276.1,9999.9,6309.2,9999.9,9999.9,9999.9,9999.9,9999.9,9999.9,9999.9,4157.7,1294.4,6309.2,4275.9,9999.9,9999.9,9999.9,9999.9,9999.9,9999.9,9999.9,9999.9,9999.9,9999.9,7160.5,6993.9,9999.9,8277.2,9999.9,9999.9,9999.9,17.8,39.2,158.9,179.3,121.3,251.5,16.0,58.2,196.0,319.3,590.0,271.0,933.0,216.5,216.4,330.6,1237.6,448.6,1075.3,1263.6,500.9,1055.2,1398.7,2607.5,7275.9,3121.8,7711.3,2910.3,1035.8,2355.6,1147.8,6179.6,5435.0,7104.1,3068.7,439.0,544.1,1159.6,1875.7,3496.9,2331.3,1176.3,1315.1,2506.1,1996.0,7217.7,6633.9,3872.2,3233.7,99.0,307.2,494.9,1263.6,1161.1,926.3,1524.0,2759.0,2846.1,9999.9,2742.3,9999.9,9999.9,9206.3,4275.9,1907.4,6055.1,3510.5,8511.5,9301.2,8592.6,1927.8,1783.0,6055.1,1390.1,6137.5,1725.0,5245.4,9999.9,9999.9,9999.9,9999.9,9999.9,9999.9,9999.9,2418.8,4930.1,2534.3,9999.9,9999.9,9999.9,9497.0,9999.9,9999.9,9999.9,9999.9,9999.9,9999.9,9999.9,9999.9,9999.9,3524.3,9999.9,9999.9,9999.9,9999.9,9999.9,6993.9,8592.6,9999.9,9999.9,9999.9,9999.9,360.8,1088.3,1826.3,466.5,3922.7,1725.0,2018.3,191.9,309.1,268.7,240.9,1322.9,896.8,946.7,1496.2,1176.3,3608.8,1711.9,1438.9,1936.1,3417.5,2810.6,1055.2,4466.4,2938.8,9022.2,7518.5,5097.3,598.2,615.8,1486.3,2465.0,5783.4,2855.1,1738.3,9022.2,6993.9,5402.5,9999.9,9999.9,9999.9,9999.9,2750.6,2506.1,2205.9,7845.4,3790.8,8932.9,6309.2,3855.6,2759.0,4626.7,5569.2,2901.0,9999.9,6733.0,2431.8,2148.1,6940.1,1481.4,7914.2,3391.8,6265.4,2284.1,1871.8,3292.7,2485.4,5040.3,3007.4,6444.4,1414.1,1469.4,4422.6,1619.7,632.2,2929.2,3855.6,9999.9,9301.2,9999.9,9999.9,9999.9,9999.9,9999.9,2485.4,3483.4,2855.1,9999.9,8277.2,5638.8,6096.1,2810.6,7456.3,2117.8,9999.9,8431.9,9999.9,9999.9,3268.9,3443.6,3470.0,9914.5,4157.7,9999.9,9701.3,9999.9,9999.9,6733.0,9999.9,9999.9,9999.9,9999.9,1113.8,2295.7,3697.6,314.3,6633.9,2793.2,5276.1,1267.1,2205.9,3154.6,1279.7,4930.1,2200.5,5402.5,2846.1,3111.1,8845.3,3068.7,6309.2,4903.3,3992.1,5674.3,5603.8,9497.0,5276.1,9999.9,7984.2,9999.9,279.3,1070.2,1944.4,3538.1,5783.4,2793.2,3905.7,9999.9,9398.1,8592.6,9999.9,9999.9,9999.9,9999.9,3974.5,3637.9,4957.2,6993.9,3728.1,9999.9,7984.2,9398.1,9999.9,9206.3,9999.9,9113.3,9999.9,9999.9
20261009_弥彦_9R,20261009,21,弥彦,9,480.6,982.1,239.4,2189.0,506.6,939.4,339.2,749.1,2745.9,717.8,5303.6,1370.9,2225.7,468.5,1140.2,2128.7,870.6,6629.5,638.7,3819.5,1033.5,158.5,352.9,444.3,1731.6,339.8,121.4,186.1,4398.7,7670.6,8141.6,5491.9,9189.5,9999.9,6066.2,681.4,1375.0,631.3,679.4,5016.9,2189.0,776.6,2076.3,3424.8,5729.2,827.9,3515.6,3412.2,2838.3,181.2,165.4,460.1,119.9,2349.7,326.0,815.5,498.4,921.6,255.4,1487.4,501.6,918.9,316.5,643.6,921.6,455.8,1019.9,499.0,1262.7,158.1,1131.8,900.2,886.4,1589.2,368.1,2297.3,734.2,275.3,439.0,839.1,1188.4,501.6,324.7,342.7,1362.9,1068.0,1581.1,1222.8,1131.8,2501.7,965.8,667.2,440.2,315.9,504.1,1114.2,1057.1,308.5,1925.6,2204.6,3200.4,1104.9,5729.2,2067.1,1795.2,189.7,93.0,343.3,183.7,536.8,168.9,520.2,1276.6,3556.1,964.8,4735.4,1841.5,3362.8,561.4,856.2,1240.8,513.6,1660.3,578.6,1611.3,175.2,3583.5,1747.9,2436.0,7085.0,1206.9,5127.8,698.3,1052.3,681.9,2231.1,4070.8,985.2,1242.4,363.9,7545.8,3211.5,9999.9,7799.5,7308.2,9999.9,1706.1,1684.4,781.2,1085.5,1024.4,4277.1,2220.4,378.6,5625.1,3788.3,8756.0,2937.1,9999.9,4398.7,1506.7,123.9,51.0,173.0,70.1,387.0,75.1,291.5,1539.2,2355.6,979.0,6229.1,802.1,4257.5,1229.3,1066.8,1040.5,961.8,2812.5,395.6,2199.3,737.2,2754.1,1393.6,1898.0,8515.0,836.9,4784.2,675.9,1084.2,1259.3,1958.1,6490.5,709.5,1562.5,966.8,9999.9,4440.8,9999.9,9999.9,4617.6,9999.9,8437.6,325.0,196.9,336.7,295.3,1423.5,1005.5,207.2,7607.7,6445.4,9011.1,4199.7,9999.9,4035.4,4378.0,389.4,360.8,294.9,373.0,2225.7,199.1,1101.0,193.9,385.7,480.1,1473.2,360.0,110.5,210.7,336.0,637.8,1051.1,2076.3,680.4,389.4,468.2,782.5,733.7,2153.4,5837.3,1205.3,902.8,429.6,1091.9,1372.9,2119.0,5764.8,860.1,1242.4,1247.5,5364.9,4296.9,6271.2,8286.9,6400.9,5099.6,4859.3,809.8,798.0,1237.5,949.9,4549.7,883.9,768.9,221.3,381.3,666.7,949.0,1890.3,654.5,576.1,243.7,296.4,245.2,635.2,1489.7,383.2,375.0,7799.5,9999.9,9999.9,9999.9,9999.9,9999.9,8924.4,4527.5,2515.2,3851.2,3233.9,3053.1,6677.2,2071.7,9999.9,4687.5,8141.6,9999.9,9999.9,9999.9,2937.1,9999.9,6490.5,9999.9,9999.9,5625.1,9999.9,9999.9,9999.9,7932.8,9999.9,9999.9,9999.9,9999.9,9999.9,9999.9,4527.5,9769.9,4664.0,9568.4,9999.9,8070.8,9999.9,9999.9,9999.9,9999.9,9999.9,9999.9,9999.9,9099.4,2269.3,2488.3,8286.9,7366.2,8001.2,9999.9,836.9,1567.8,788.5,791.9,4143.4,2770.5,825.0,582.2,501.1,363.8,489.5,1239.1,1041.6,312.8,1450.2,708.5,830.1,1012.1,3611.4,2209.8,409.7,444.5,262.4,406.9,384.1,1271.4,1064.3,241.3,857.0,695.2,1007.7,709.0,3256.6,1129.1,675.0,7308.2,2385.9,6187.6,2713.8,5949.6,6978.5,4162.0,4640.7,2918.6,4505.5,3003.7,2571.0,8515.0,2556.8,401.7,204.6,190.3,221.3,309.3,1583.8,868.2,5837.3,7485.0,8924.4,1445.7,9999.9,7194.9,5214.2,4859.3,5694.1,9375.1,2721.8,9999.9,5016.9,3966.4,9099.4,7085.0,9999.9,4106.8,9999.9,7932.8,3146.2,9999.9,7799.5,9999.9,6677.2,9999.9,7425.1,5729.2,853.0,1443.4,1744.6,2332.0,2812.5,1747.9,1475.5,9999.9,9999.9,9999.9,9999.9,9999.9,9999.9,9999.9,7799.5,5364.9,6629.5,6187.6,3819.5,9999.9,4549.7,2252.7,1970.5,1312.7,2314.5,1552.0,3073.3,2026.5,58.1,55.2,122.3,35.6,698.9,96.0,243.7,62.1,25.1,94.6,42.5,174.3,38.8,154.8,30.2,12.7,38.6,17.3,140.5,16.8,99.2,137.9,93.5,88.4,121.4,666.7,46.0,339.8,49.4,53.6,52.2,132.6,508.5,71.8,83.6,1823.4,434.1,658.7,1534.1,1252.5,1214.8,1379.1,79.6,40.2,40.2,49.5,60.6,383.2,209.6,771.5,522.0,467.5,1042.8,334.3,1734.8,660.1
20261009_弥彦_10R,20261009,21,弥彦,10,70.1,87.0,60.7,424.8,74.4,269.4,25.7,150.9,218.9,189.1,753.7,109.5,451.0,196.1,77.7,131.8,88.9,571.7,130.2,321.8,110.4,80.9,131.5,115.3,478.2,141.6,258.4,105.9,1292.9,1477.9,1543.7,1471.1,1923.9,1551.2,1962.2,118.0,88.7,194.9,163.2,960.5,497.8,148.6,446.4,516.4,610.7,444.6,766.3,612.2,551.5,39.3,126.0,145.2,105.3,684.8,124.4,379.8,102.5,162.1,87.6,611.3,106.9,374.3,32.0,225.2,944.2,404.7,1719.9,285.0,1033.3,187.0,457.6,1412.7,1104.6,3967.0,1220.3,2959.2,472.9,137.3,290.6,541.5,952.6,269.3,563.9,91.2,2070.0,2905.5,5694.8,3319.5,4817.1,3319.5,1028.3,176.8,215.1,777.0,299.5,1827.8,994.8,127.1,889.2,1710.7,3036.3,1340.3,1820.0,1789.5,467.4,21.9,56.4,164.2,44.7,326.7,55.6,179.1,249.0,601.5,347.1,1479.6,148.6,1118.1,371.4,294.0,1395.8,565.2,1980.4,284.5,1581.9,312.2,1112.2,2593.8,2841.1,8776.3,1344.5,6779.6,3619.6,414.2,609.2,1777.1,2779.4,198.6,1511.0,746.7,3148.2,3779.7,9999.9,4947.2,2304.5,5959.7,6072.7,67.8,102.1,412.2,92.0,624.7,327.8,139.8,2050.1,2732.0,7079.2,2697.5,4609.1,1386.7,3148.2,516.4,400.0,1560.7,938.7,3871.1,403.5,2060.0,205.8,366.5,200.2,1350.2,375.9,931.2,309.0,503.8,1672.7,1207.6,5877.7,1651.2,3629.8,638.1,1344.5,2945.6,3757.6,9999.9,2408.5,6190.0,4016.7,388.5,930.5,1570.2,3859.4,1579.9,2986.8,1802.1,5361.2,9999.9,9999.9,9856.5,9999.9,5571.0,9999.9,1117.1,2459.4,2097.1,2572.9,9999.9,6779.6,3029.1,3768.6,7813.1,8109.8,6250.4,5669.6,9999.9,7581.9,852.5,817.1,2011.5,1456.0,9999.9,2918.7,4728.2,71.5,114.7,149.2,464.2,133.6,227.6,96.2,80.9,178.4,366.7,645.5,196.0,318.3,69.9,235.8,328.1,1004.1,1411.1,153.2,783.6,368.9,262.3,785.6,1149.1,3156.0,953.3,1889.8,778.9,1302.1,1646.9,2255.8,3569.2,2114.4,1576.0,2186.6,169.1,226.7,103.5,736.8,1472.8,717.8,267.1,547.8,720.6,889.8,2021.0,1137.9,1003.4,789.0,127.0,77.4,240.0,516.6,1088.6,229.3,405.8,3243.9,4042.1,4853.5,3703.3,5084.7,4029.3,4693.5,3714.0,4201.1,8161.4,5720.3,7909.5,5273.0,2216.8,5571.0,5523.0,9999.9,7449.7,5546.9,8836.8,8542.3,6537.4,9999.9,9999.9,9999.9,9999.9,6471.4,9999.9,3802.2,5452.5,6015.7,8898.2,6504.3,4067.7,6815.6,5771.8,7813.1,4781.1,9999.9,7040.3,6639.1,8960.4,3072.7,3836.3,5166.7,4799.0,3328.1,5064.6,5229.9,6220.1,2408.5,7958.6,9999.9,8320.4,8776.3,8898.2,151.4,112.5,390.2,220.9,1341.7,715.0,202.7,163.3,179.9,835.2,317.1,1692.6,881.2,149.2,64.0,94.5,428.1,83.6,641.3,290.1,128.7,770.5,1681.5,1267.4,1784.6,6130.8,5229.9,1977.3,272.3,318.1,166.6,1037.5,2135.5,1077.6,393.0,3000.8,4328.8,2300.4,8008.4,4080.7,4173.7,5187.6,1748.0,2284.0,1471.1,5475.8,2390.5,3277.1,2027.4,314.0,189.1,265.1,1226.1,419.4,2847.4,1452.7,1134.9,1589.7,2296.3,1303.5,1921.0,1774.7,1835.7,1436.4,2296.3,4817.1,2056.7,2879.4,3000.8,913.9,2834.8,3252.1,8776.3,3380.8,5669.6,2860.1,4543.7,4449.1,8716.6,9999.9,7198.5,7537.3,9999.9,9218.3,1593.7,2179.1,2743.7,4659.4,2552.4,3043.5,2364.1,2040.3,2390.5,3671.4,4133.3,2507.5,3500.9,3599.2,2979.8,3859.4,2562.6,9491.4,3472.4,5251.4,3757.6,2317.0,1247.6,3195.3,6673.6,2834.8,4403.2,3407.8,65.4,250.3,352.9,195.2,1327.8,223.8,600.7,40.2,102.2,221.1,70.4,452.9,91.0,196.3,424.9,348.2,1777.1,726.3,3589.2,413.0,1767.3,759.9,652.0,1740.9,1347.3,7718.9,1950.3,4947.2,278.3,138.7,572.7,927.8,2449.9,396.9,964.8,3979.3,1812.3,5987.6,9999.9,4947.2,6743.9,4966.4,363.6,220.5,335.7,1503.9,447.7,3703.3,1782.1,1355.9,757.7,2149.9,4480.2,1787.0,2686.2,2135.5
20261009_弥彦_11R,20261009,21,弥彦,11,343.2,1930.0,1170.6,3921.0,471.5,423.0,675.1,419.2,1681.1,1224.0,4638.7,844.7,504.3,850.4,3455.6,3034.2,5031.0,9999.9,5049.5,2886.9,6055.0,2045.4,2012.4,4330.4,7164.5,3034.2,1518.7,1152.8,9002.8,9437.4,9999.9,8944.0,9999.9,3103.0,9999.9,752.7,1136.5,3219.8,1935.5,8194.2,962.3,1668.8,261.6,271.7,1193.0,498.3,1416.6,444.0,349.4,1025.0,989.4,4146.7,816.9,8447.1,1634.9,846.8,84.3,541.3,243.8,1108.9,104.4,83.2,165.4,36.6,71.5,49.4,331.0,15.6,46.6,27.8,781.5,235.0,903.2,2210.7,433.7,1043.0,780.6,362.0,176.4,742.9,1795.8,196.8,486.2,185.5,1954.9,1240.6,3258.1,2868.8,1221.8,1613.7,2315.4,30.6,11.7,115.7,45.5,279.7,39.1,22.5,58.0,90.7,572.0,281.2,906.2,110.8,193.8,156.7,72.7,424.7,98.4,946.3,81.4,228.0,144.2,584.5,280.3,1683.1,219.6,106.9,212.3,52.0,105.2,70.6,453.2,22.5,65.9,42.8,310.0,189.8,493.4,1608.0,324.4,594.9,330.6,420.6,233.5,640.6,2646.8,411.6,615.5,188.9,3160.3,1829.4,3790.6,4654.5,3790.6,2168.6,3235.0,145.2,45.4,309.6,204.4,1216.3,217.9,133.8,67.0,110.7,699.2,379.8,1623.2,221.9,214.0,149.9,76.7,332.6,61.6,1183.7,127.7,183.2,4784.7,3759.4,6516.3,9999.9,5585.4,4607.5,8344.1,3591.6,839.0,4134.2,8097.2,1695.7,4561.4,3289.5,1683.1,650.0,1983.2,5473.7,1318.3,2601.5,1609.9,9122.9,6774.4,4121.7,9999.9,8944.0,9999.9,6610.8,9999.9,9999.9,9999.9,9999.9,9999.9,7017.6,9999.9,6248.5,2128.2,2158.4,5749.7,9999.9,8660.9,5451.9,4330.4,7164.5,4702.5,9999.9,9999.9,9999.9,8772.0,8828.6,5408.8,4084.8,5540.2,9999.9,8344.1,9705.2,2538.8,2770.1,4472.0,8660.9,3658.9,2974.8,1387.8,1954.9,841.0,3020.8,6364.8,1033.5,2443.6,963.6,2186.0,921.5,2899.2,9916.2,1672.9,3089.0,1209.9,7910.0,6485.4,4236.6,9999.9,9309.0,9999.9,6220.1,9999.9,9999.9,9999.9,9999.9,9999.9,9999.9,9999.9,3688.5,1278.9,1952.1,6164.1,9999.9,4638.7,1846.7,2974.8,3854.7,3943.6,9999.9,9999.9,6136.4,3898.6,614.4,798.8,765.7,2874.8,4887.2,1089.5,1819.7,9999.9,9999.9,9999.9,9999.9,9999.9,4654.5,3182.4,9774.5,5068.2,9999.9,9999.9,5451.9,7396.9,9999.9,9999.9,5949.7,9999.9,9999.9,9999.9,9999.9,9999.9,9999.9,9999.9,9999.9,9999.9,9999.9,9999.9,9999.9,9999.9,9999.9,9999.9,9999.9,9999.9,9999.9,9999.9,9999.9,7127.2,9999.9,9999.9,9999.9,9999.9,9999.9,2646.8,7477.7,9122.9,9999.9,9999.9,9999.9,9999.9,9999.9,7053.7,9999.9,9999.9,9999.9,9999.9,9999.9,343.2,718.3,2182.5,1469.8,4654.5,713.0,943.7,61.3,28.4,208.6,80.3,446.7,65.6,47.7,311.0,70.2,560.1,358.4,2189.4,462.1,227.1,3054.5,859.0,1310.7,3197.2,8243.5,4516.2,2688.4,1634.9,480.6,882.8,2764.5,7053.7,2265.6,945.7,8097.2,2379.8,6741.0,9999.9,9999.9,6516.3,9844.8,575.6,359.2,943.7,3601.1,2057.7,5087.1,1261.2,767.4,188.7,368.2,1691.5,504.0,5031.0,1066.5,160.6,167.3,1066.5,270.7,1017.4,248.8,206.3,154.6,280.9,2200.0,1054.2,2833.2,384.6,640.6,179.6,325.9,1754.4,1190.9,3921.0,760.6,679.1,2562.6,4994.2,3620.2,8194.2,9999.9,9372.8,8097.2,1250.8,2439.2,2524.7,8499.6,9999.9,3421.0,1903.2,1827.0,4976.1,4887.2,7775.2,7910.0,7240.4,7164.5,471.3,568.0,1144.1,5430.3,2641.7,6055.0,1879.7,439.8,897.9,957.6,4940.2,994.5,5848.0,1743.2,934.7,980.2,3943.6,673.4,7602.4,1502.1,965.7,607.1,224.5,1585.6,382.6,2994.3,289.1,868.8,407.8,220.2,1322.1,232.2,3811.8,420.6,632.0,7278.9,4109.4,2899.2,4223.5,9999.9,5701.8,7864.5,372.4,398.1,354.4,1952.1,3865.6,531.8,845.2,9999.9,9002.8,9062.4,9999.9,9999.9,9999.9,9999.9,1329.8,374.8,607.3,3227.4,638.8,8243.5,1668.8,647.6,1277.7,1203.5,6081.9,1383.6,7956.0,1714.8
20261009_弥彦_12R,20261009,21,弥彦,12,248.0,54.6,62.8,700.2,67.1,118.3,198.9,456.3,597.2,573.8,2817.9,798.9,874.0,832.0,61.0,347.4,86.8,660.2,144.3,98.9,264.3,133.3,589.2,141.2,1509.2,314.5,244.3,233.8,2081.4,4189.1,1517.8,2336.3,4023.8,1517.8,4595.7,136.9,680.4,262.3,273.5,2262.5,420.5,750.5,150.3,740.9,136.5,187.0,962.5,322.1,684.4,308.2,715.9,398.1,183.8,2876.0,738.0,633.1,207.6,44.1,44.2,574.2,42.0,93.1,132.3,405.5,530.3,405.7,2147.1,429.1,879.5,695.6,67.0,355.6,86.4,721.7,96.7,148.1,230.3,83.7,376.3,134.1,1055.2,104.1,185.0,146.2,1704.1,3642.4,1790.4,1880.6,1808.8,1691.1,4209.0,37.7,207.0,61.2,51.1,571.3,121.2,126.7,157.2,696.7,189.3,170.0,934.3,215.2,495.9,219.7,575.5,299.2,107.7,1898.1,238.3,490.2,658.3,935.0,743.6,3981.5,1262.1,1259.7,1305.6,532.0,753.7,523.6,2559.5,722.9,1095.3,1182.7,1048.9,1214.1,1242.6,5777.1,1964.2,2136.7,2177.1,911.8,758.0,1309.4,2946.3,1511.8,1315.3,523.7,7708.5,6012.9,9999.9,6612.7,9999.9,7015.1,6959.9,1720.7,1093.9,2178.9,1545.2,6799.3,2814.9,2499.2,1111.8,1114.6,1796.5,1063.2,4104.8,2198.7,1929.9,1073.5,910.3,1371.1,290.6,3127.0,1726.3,1699.8,60.5,361.7,84.7,658.1,137.6,105.6,289.5,66.6,401.5,102.6,853.1,114.8,154.7,308.6,620.4,653.6,790.1,3916.8,1140.5,1236.8,1300.5,169.2,205.8,768.1,1445.0,408.9,294.3,288.6,1588.8,2224.6,5230.2,2496.9,4276.9,1219.1,5512.9,275.0,218.4,982.1,407.4,2609.9,541.2,1073.5,162.0,196.9,1041.1,255.3,903.4,408.7,815.4,403.9,360.8,1088.5,203.0,3521.5,1134.6,752.2,175.9,745.9,250.9,2001.3,418.3,382.7,262.7,142.9,591.5,228.3,1677.2,216.2,330.1,197.9,926.5,843.4,1297.9,3793.6,1482.2,1664.6,494.7,299.2,294.5,1099.8,2322.0,725.7,471.6,396.4,4456.6,3871.1,6283.7,3911.1,5654.0,4517.4,3772.0,502.7,343.2,1344.6,815.1,3281.8,1291.0,577.7,472.3,417.8,1491.4,556.7,3218.1,1323.8,724.3,84.8,79.9,205.8,114.7,739.0,192.7,229.8,4449.2,9968.8,3865.4,5346.2,8868.6,3854.2,9999.9,4143.3,6181.1,4795.1,4668.5,5050.9,4786.5,9538.5,9999.9,8184.3,9999.9,9999.9,9999.9,9999.9,9999.9,3999.5,5230.2,9607.7,5666.0,8665.7,2700.3,9999.9,7166.8,6499.3,9999.9,8286.6,9999.9,7868.6,9370.0,9999.9,5827.9,9999.9,9999.9,9999.9,7822.2,9999.9,2972.7,3479.9,6547.4,2186.0,4117.5,5618.0,5905.8,9999.9,8365.0,9999.9,9999.9,7799.1,9999.9,9894.5,214.1,1271.8,444.8,445.5,3617.6,857.0,1178.5,97.4,400.4,157.5,108.3,961.1,247.2,268.3,1660.4,988.3,2133.3,1485.5,8184.3,3065.5,2513.4,545.0,387.8,1907.7,775.8,4368.5,1213.6,1666.7,557.6,328.8,1299.8,845.8,3761.3,1251.4,712.2,7776.3,3761.3,9999.9,6596.3,5777.1,5582.5,9999.9,986.8,545.1,2332.2,1207.5,1135.6,3516.8,2217.1,1360.5,676.2,2178.9,1703.1,610.0,7033.7,2537.5,254.6,1115.1,237.1,332.4,1070.1,526.2,965.6,252.5,1039.4,337.7,287.3,1232.7,439.8,867.1,1540.8,1583.1,1951.2,1458.5,4449.2,2857.4,2817.9,273.3,343.9,1527.4,441.1,1078.3,713.2,1163.0,473.1,442.6,1629.8,580.5,2501.6,1339.2,857.3,1609.0,1840.1,3993.5,1383.2,2058.7,3327.1,3708.7,913.4,547.8,2426.0,1070.1,1218.6,2996.3,2714.1,1147.4,1111.3,2007.3,1538.1,645.3,3588.2,2791.2,192.7,567.3,245.8,102.1,2692.1,702.2,427.6,165.9,423.7,193.7,70.1,1958.4,265.7,320.6,480.5,407.5,592.8,115.0,2485.2,1043.9,975.6,293.1,251.8,747.3,116.9,3622.5,1116.0,566.8,38.2,29.4,72.4,42.3,454.0,103.6,77.5,5250.9,4397.5,6515.2,6764.6,2898.0,7868.6,4509.7,827.6,366.6,1455.3,1116.0,399.2,5240.5,1715.2,517.9,440.4,1281.6,614.8,212.0,2725.3,1460.2
20261009_川崎_1R,20261009,34,川崎,1,8.3,78.6,43.3,3.6,95.9,,,38.2,371.3,318.7,164.1,735.5,,,478.0,980.7,2360.9,1086.5,3414.9,,,347.0,635.3,1607.0,975.7,2148.7,,,16.8,88.2,363.5,440.6,145.2,,,724.3,1874.8,3297.2,3749.7,1300.9,,,,,,,,,,,,,,,,,7.8,83.0,44.4,3.5,92.0,,,31.2,95.6,113.3,109.0,442.6,,,514.0,424.9,1233.7,744.1,1971.5,,,285.8,171.9,906.3,654.9,1517.7,,,30.5,168.6,481.7,460.8,503.2,,,783.7,1482.4,2771.5,3241.3,1677.5,,,,,,,,,,,,,,,,,63.2,366.3,341.4,247.7,1395.8,,,69.4,165.8,201.5,257.3,1001.2,,,344.5,314.0,361.5,965.8,764.9,,,323.5,282.8,236.9,1062.4,1356.2,,,546.3,661.7,1662.9,1804.1,3902.8,,,2988.0,2390.4,2451.7,3749.7,5312.1,,,,,,,,,,,,,,,,,1300.9,2619.6,6594.4,2897.5,7968.2,,,1099.0,1554.7,3241.3,1692.3,7649.5,,,1233.7,1395.8,1249.9,3135.0,2451.7,,,6829.9,7082.8,1893.4,7968.2,8692.6,,,3902.8,2101.5,6374.6,9999.9,9999.9,,,9999.9,9999.9,5168.5,8314.6,9999.9,,,,,,,,,,,,,,,,,771.1,937.4,3677.6,1554.7,5463.9,,,729.9,721.6,3824.7,1912.3,4249.7,,,612.9,581.2,605.1,1692.3,2812.3,,,4780.9,5168.5,1634.5,4249.7,7082.8,,,3241.3,2656.0,3902.8,9999.9,9999.9,,,9999.9,6374.6,6374.6,7355.3,9999.9,,,,,,,,,,,,,,,,,56.7,213.4,806.9,1225.8,379.4,,,81.2,382.4,853.7,1482.4,1249.9,,,678.1,729.9,1931.6,3477.0,4157.3,,,2451.7,1620.6,3824.7,8314.6,4447.3,,,2771.5,3084.4,3414.9,7355.3,7082.8,,,2771.5,2897.5,5795.0,7082.8,7649.5,,,,,,,,,,,,,,,,,1754.4,5976.1,5976.1,6374.6,2771.5,,,1648.6,3984.1,6594.4,4664.3,3241.3,,,6168.9,5624.6,4447.3,5624.6,8692.6,,,9999.9,9999.9,5463.9,8692.6,9999.9,,,9999.9,6829.9,6594.4,5976.1,8692.6,,,3541.4,4068.8,8314.6,9561.9,9999.9,,,,,,,,,,,,,,,,,,,,,,,,,,,,,,,,,,,,,,,,,,,,,,,,,,,,,,,,,,,,,,,,,,,,,,,,,,,,,,,,,,,,,,,,,,,,,,,,,,,,,,,,,,,,,,,,,,,,,,,,,,,,,,,,
20261009_川崎_2R,20261009,34,川崎,2,5.2,8.1,24.3,83.6,4.1,,,36.8,52.1,130.9,368.3,182.8,,,50.3,59.6,133.6,322.4,266.0,,,154.1,279.7,321.3,326.6,644.8,,,322.0,1009.7,753.8,612.0,1311.1,,,54.5,295.2,366.9,570.4,875.5,,,,,,,,,,,,,,,,,13.1,14.7,32.3,122.9,5.3,,,76.6,183.3,545.6,1637.0,314.7,,,132.6,326.6,974.1,1617.8,691.6,,,297.1,1076.4,1571.9,2064.6,1729.1,,,733.8,2912.2,2660.1,2712.3,2561.6,,,63.7,338.6,458.0,967.3,1172.2,,,,,,,,,,,,,,,,,100.6,213.6,586.1,1383.2,497.5,,,109.9,234.6,919.1,1962.1,409.8,,,196.2,197.0,562.3,1440.9,813.7,,,1554.2,2305.4,1907.9,3502.0,4009.5,,,3073.9,3640.2,4322.8,4689.1,8383.6,,,1157.5,1051.9,2161.4,4689.1,8924.4,,,,,,,,,,,,,,,,,284.9,381.5,1076.4,1418.7,1006.0,,,330.5,481.9,1138.5,1773.4,1084.9,,,283.7,285.5,610.7,1343.0,960.6,,,2384.9,2344.5,1666.6,2561.6,3592.9,,,3293.5,3373.8,3738.6,4940.3,7684.9,,,2049.3,2448.3,2538.1,4462.2,7904.5,,,,,,,,,,,,,,,,,848.6,1545.5,2178.4,1856.7,2912.2,,,872.7,2286.4,2852.1,3415.5,3007.1,,,1921.2,4009.5,3143.8,6147.9,6433.9,,,3040.2,3842.4,3254.8,2852.1,6147.9,,,1495.4,2344.5,3143.8,3254.8,2943.1,,,5320.3,5646.1,7093.8,6433.9,7904.5,,,,,,,,,,,,,,,,,2766.5,4853.6,4610.9,3458.2,4462.2,,,2852.1,6587.1,3842.4,4853.6,4769.9,,,5320.3,9221.9,8137.0,8924.4,9999.9,,,6287.7,5646.1,9221.9,8137.0,9221.9,,,2794.5,3640.2,5320.3,3842.4,4689.1,,,9221.9,6147.9,9999.9,9999.9,9880.6,,,,,,,,,,,,,,,,,235.8,1102.2,1456.1,2766.5,3952.2,,,225.6,1006.0,1921.2,2881.8,5030.1,,,1487.4,1495.4,3458.2,5763.7,9999.9,,,3040.2,3640.2,3952.2,7280.5,9999.9,,,3842.4,4769.9,7093.8,6287.7,7093.8,,,6287.7,8137.0,9880.6,9999.9,9221.9,,,,,,,,,,,,,,,,,,,,,,,,,,,,,,,,,,,,,,,,,,,,,,,,,,,,,,,,,,,,,,,,,,,,,,,,,,,,,,,,,,,,,,,,,,,,,,,,,,,,,,,,,,,,,,,,,,,,,,,,,,,,,,,,
20261009_川崎_3R,20261009,34,川崎,3,16.6,7.7,6.7,41.5,43.2,,,35.7,96.7,64.5,78.6,144.3,,,38.1,111.9,87.4,217.5,196.0,,,6.5,25.9,26.4,34.6,28.9,,,131.8,98.8,395.3,187.0,336.7,,,92.2,187.5,161.7,122.1,367.1,,,,,,,,,,,,,,,,,48.4,17.0,12.6,97.6,109.0,,,163.8,359.4,359.9,552.1,905.7,,,36.2,155.4,69.9,342.1,288.1,,,43.4,227.3,117.0,528.9,384.4,,,471.3,676.0,1074.2,1126.6,1710.9,,,397.0,965.7,829.8,801.0,1254.1,,,,,,,,,,,,,,,,,254.7,791.9,392.0,561.0,1117.6,,,328.3,1018.9,1026.5,1140.6,2099.7,,,1399.8,1574.8,1531.3,3380.0,3796.8,,,741.0,1451.1,2023.1,1911.5,3339.3,,,714.3,1117.6,1811.5,1242.9,1184.4,,,1754.2,2948.5,4697.7,3299.6,1898.4,,,,,,,,,,,,,,,,,222.9,1004.2,478.7,1630.3,1602.1,,,203.3,643.0,353.9,1108.6,1145.3,,,1458.7,1295.1,2329.1,3260.7,4778.7,,,664.6,684.3,1860.1,3260.7,3185.8,,,3339.3,2717.3,4075.9,4399.4,6760.1,,,2857.3,2639.6,5229.5,5039.4,7106.8,,,,,,,,,,,,,,,,,47.5,199.1,144.5,282.8,238.5,,,96.6,669.4,291.1,1150.0,874.3,,,592.2,979.3,1640.0,2148.5,3380.0,,,455.8,590.9,1602.1,2253.3,2828.2,,,1070.1,2431.2,2329.1,3849.5,2410.1,,,655.2,1847.7,3599.5,2887.1,2665.0,,,,,,,,,,,,,,,,,815.1,936.3,2037.9,735.1,1823.4,,,1057.8,1659.6,2165.3,2948.5,3903.7,,,926.9,1086.9,1710.9,1732.2,1406.9,,,3299.6,2665.0,3599.5,4619.4,4949.4,,,1421.3,3508.4,3079.6,4264.1,3695.5,,,2744.2,4399.4,2799.6,5434.6,4016.9,,,,,,,,,,,,,,,,,361.8,516.1,512.3,433.7,1659.6,,,765.6,2497.0,1690.0,1721.5,3185.8,,,2182.4,3553.4,3959.5,4136.8,2068.4,,,2519.7,2828.2,5039.4,4136.8,6599.2,,,747.0,1965.7,3260.7,2639.6,2980.2,,,2639.6,3745.5,1938.2,5132.7,3185.8,,,,,,,,,,,,,,,,,,,,,,,,,,,,,,,,,,,,,,,,,,,,,,,,,,,,,,,,,,,,,,,,,,,,,,,,,,,,,,,,,,,,,,,,,,,,,,,,,,,,,,,,,,,,,,,,,,,,,,,,,,,,,,,,
20261009_川崎_4R,20261009,34,川崎,4,8.9,1.7,31.2,42.3,44.4,,,30.5,76.8,49.6,171.0,380.3,,,36.1,159.3,336.6,310.3,207.1,,,184.9,177.8,399.2,426.2,816.4,,,279.4,546.8,567.1,798.4,1228.1,,,432.5,1168.6,762.7,1441.9,1601.3,,,,,,,,,,,,,,,,,21.9,4.2,86.6,86.2,87.9,,,134.0,398.1,655.7,972.6,1478.7,,,69.1,347.5,944.0,840.1,715.6,,,645.5,1265.6,1789.1,2435.6,2683.6,,,616.6,2162.9,1767.2,3492.0,3970.3,,,862.6,3083.3,1822.8,2708.7,4751.4,,,,,,,,,,,,,,,,,110.5,358.7,292.4,730.0,1154.7,,,154.7,562.7,657.2,1212.7,1675.3,,,992.5,1127.7,2659.0,2813.9,2683.6,,,611.4,883.6,1715.0,823.3,2356.3,,,2070.2,2988.0,5796.7,2542.4,3970.3,,,3916.7,4830.6,5915.0,6740.3,3813.6,,,,,,,,,,,,,,,,,194.7,1093.7,2477.2,1822.8,2070.2,,,209.4,920.1,2477.2,2131.1,1971.6,,,1367.1,1393.4,3409.8,6038.2,4912.4,,,4830.6,5175.6,5683.0,7245.9,8051.0,,,3864.4,4325.9,9999.9,9999.9,9999.9,,,3622.9,3534.5,6038.2,6900.8,9999.9,,,,,,,,,,,,,,,,,1164.0,1501.7,3370.1,3715.8,8524.6,,,1478.7,2264.3,4912.4,6300.7,5796.7,,,1249.2,1958.3,3578.2,2435.6,7069.1,,,5175.6,8524.6,6440.8,9999.9,9999.9,,,7833.4,9661.2,4912.4,9999.9,9999.9,,,9999.9,9349.5,9999.9,9999.9,9999.9,,,,,,,,,,,,,,,,,1016.9,2456.2,3331.4,4200.5,5915.0,,,1233.3,3864.4,3370.1,8051.0,9661.2,,,2841.5,3813.6,6440.8,4600.5,9999.9,,,6440.8,4830.6,9999.9,9999.9,9999.9,,,6440.8,7833.4,4459.0,9999.9,9999.9,,,9661.2,9999.9,9999.9,9999.9,9999.9,,,,,,,,,,,,,,,,,2085.1,6587.1,4140.5,8051.0,8782.9,,,2415.3,7627.2,3764.1,5683.0,9999.9,,,7627.2,9999.9,9057.3,7431.7,9999.9,,,5175.6,4600.5,9057.3,9999.9,9999.9,,,9999.9,7627.2,9057.3,8782.9,9999.9,,,9999.9,9999.9,9999.9,9999.9,9999.9,,,,,,,,,,,,,,,,,,,,,,,,,,,,,,,,,,,,,,,,,,,,,,,,,,,,,,,,,,,,,,,,,,,,,,,,,,,,,,,,,,,,,,,,,,,,,,,,,,,,,,,,,,,,,,,,,,,,,,,,,,,,,,,,
20261009_川崎_5R,20261009,34,川崎,5,100.0,238.1,153.9,314.5,490.9,,,51.9,26.3,84.5,125.0,596.6,,,347.9,97.2,628.5,591.3,1727.8,,,198.0,193.6,501.4,563.7,1026.0,,,407.2,245.1,531.4,714.0,1235.7,,,1727.8,1856.4,3245.0,2526.2,3271.6,,,,,,,,,,,,,,,,,93.9,275.4,132.5,274.8,346.7,,,69.7,53.8,72.3,131.2,136.4,,,336.8,106.1,267.5,318.5,290.0,,,82.9,40.2,94.9,108.6,38.6,,,343.4,131.1,228.8,215.0,212.1,,,505.2,169.5,307.9,133.8,268.6,,,,,,,,,,,,,,,,,19.9,10.1,44.9,52.7,352.6,,,48.1,53.9,79.1,127.9,343.4,,,13.1,30.1,90.7,33.8,278.3,,,98.7,129.5,167.2,305.1,898.9,,,52.2,99.4,44.3,255.5,493.9,,,1050.3,1312.9,1050.3,2205.2,1635.8,,,,,,,,,,,,,,,,,484.9,126.3,966.4,571.8,2134.4,,,473.4,157.9,507.8,442.5,621.7,,,32.3,74.4,263.1,87.9,339.6,,,1400.5,712.7,505.2,1677.0,3563.7,,,431.5,349.2,130.1,1160.3,1184.4,,,3411.4,2608.7,1295.9,4072.8,2575.1,,,,,,,,,,,,,,,,,261.5,229.9,766.1,816.2,1500.5,,,146.3,45.0,113.4,159.9,78.3,,,148.2,127.6,129.9,435.7,860.2,,,1007.9,451.0,295.6,1259.1,2293.9,,,1000.3,272.8,465.2,939.1,1400.5,,,2733.8,712.7,1900.6,2913.4,2390.0,,,,,,,,,,,,,,,,,253.7,103.4,282.6,635.5,1339.4,,,212.4,64.2,131.6,130.0,124.0,,,43.1,67.7,22.9,246.0,440.0,,,179.2,117.9,50.4,461.9,661.9,,,681.1,127.3,208.5,465.7,1205.8,,,2255.0,636.5,835.0,1529.2,1847.8,,,,,,,,,,,,,,,,,3801.3,4157.7,4989.2,5467.7,6236.6,,,3118.3,1995.7,3354.1,1163.6,2111.8,,,2892.3,2810.8,2791.2,3951.9,4338.5,,,6437.7,4338.5,4031.7,4867.6,5467.7,,,6236.6,1494.9,4157.7,4246.2,4695.8,,,5784.6,2830.8,3695.7,5467.7,4484.7,,,,,,,,,,,,,,,,,,,,,,,,,,,,,,,,,,,,,,,,,,,,,,,,,,,,,,,,,,,,,,,,,,,,,,,,,,,,,,,,,,,,,,,,,,,,,,,,,,,,,,,,,,,,,,,,,,,,,,,,,,,,,,,,
20261009_川崎_6R,20261009,34,川崎,6,7.5,19.4,5.6,50.5,22.9,,,28.7,59.4,60.7,133.1,216.0,,,41.5,51.9,75.5,265.6,373.8,,,5.3,32.1,39.8,179.2,105.4,,,261.2,311.6,498.7,478.3,984.9,,,190.8,413.9,701.3,321.6,968.6,,,,,,,,,,,,,,,,,41.2,90.4,32.8,282.7,131.2,,,123.2,261.2,306.5,732.0,906.0,,,235.0,328.3,553.9,1318.2,1369.7,,,94.6,278.0,429.7,1192.6,682.2,,,958.0,1448.9,2125.1,2369.2,3103.1,,,404.9,1075.6,1593.8,960.6,2138.1,,,,,,,,,,,,,,,,,78.7,69.0,158.1,141.4,413.0,,,132.1,257.4,348.9,483.6,872.2,,,49.5,121.0,161.2,58.1,354.9,,,337.8,433.9,434.5,1059.3,1504.9,,,187.6,451.8,135.4,791.5,722.9,,,1046.7,1402.6,1099.2,1816.8,1826.3,,,,,,,,,,,,,,,,,88.4,103.1,167.5,490.4,806.0,,,299.1,389.6,629.5,1284.4,1544.7,,,81.4,163.3,138.3,107.9,524.9,,,328.9,589.3,290.5,1226.0,1200.8,,,1213.3,1875.1,461.3,2597.4,2718.2,,,1646.2,2026.8,1593.8,2636.4,2997.0,,,,,,,,,,,,,,,,,39.1,137.8,167.6,712.7,500.9,,,107.6,258.9,418.4,1113.1,910.7,,,294.1,348.9,319.0,1408.2,2026.8,,,345.4,566.4,283.0,1270.4,1333.2,,,2559.5,3159.0,2897.9,3103.1,3652.6,,,979.4,1145.9,2401.7,2205.3,3187.7,,,,,,,,,,,,,,,,,1916.1,1043.6,2656.4,3770.4,4077.3,,,2099.7,2385.3,2676.7,4613.8,4613.8,,,863.6,1744.5,572.9,3216.9,2636.4,,,2850.8,3103.1,724.4,5156.6,4675.3,,,4174.4,5009.3,4938.7,5844.2,6743.3,,,4738.5,4938.7,4495.5,5233.6,6743.3,,,,,,,,,,,,,,,,,596.3,1623.3,2247.7,1375.1,3277.1,,,768.9,2718.2,3187.7,2540.9,4276.2,,,1981.0,2827.8,2177.9,3578.0,3578.0,,,2435.0,3578.0,2191.5,3022.8,4613.8,,,1608.4,2522.6,3614.9,2718.2,5655.6,,,4438.6,4495.5,4077.3,5009.3,6045.7,,,,,,,,,,,,,,,,,,,,,,,,,,,,,,,,,,,,,,,,,,,,,,,,,,,,,,,,,,,,,,,,,,,,,,,,,,,,,,,,,,,,,,,,,,,,,,,,,,,,,,,,,,,,,,,,,,,,,,,,,,,,,,,,
20261009_川崎_7R,20261009,34,川崎,7,24.7,42.0,22.8,235.3,148.8,,,15.9,21.8,37.0,135.8,88.3,,,83.2,48.9,106.4,60.6,98.1,,,45.7,86.8,96.0,520.9,334.5,,,734.0,489.6,240.5,997.6,1324.7,,,369.7,354.0,132.8,550.3,1102.1,,,,,,,,,,,,,,,,,39.4,57.1,30.8,247.1,187.0,,,64.4,114.3,69.8,358.4,364.3,,,77.8,125.8,47.0,115.5,143.8,,,16.4,23.2,18.3,96.3,77.6,,,599.8,734.0,364.0,363.0,1123.7,,,271.6,520.9,185.9,167.1,570.7,,,,,,,,,,,,,,,,,81.1,101.3,125.4,436.7,308.9,,,135.9,303.7,187.3,819.8,714.4,,,314.5,480.8,798.5,919.7,1149.6,,,261.4,244.5,649.4,1492.8,1460.1,,,1320.3,1802.1,1951.5,2381.3,3419.4,,,945.7,1544.6,1389.1,2150.9,3053.9,,,,,,,,,,,,,,,,,170.8,125.6,235.6,109.2,206.6,,,147.6,188.8,109.2,136.3,227.9,,,210.3,288.6,436.2,313.7,546.5,,,266.1,137.8,259.9,192.1,378.1,,,142.7,162.3,229.6,217.3,125.4,,,199.5,209.2,334.2,278.0,91.9,,,,,,,,,,,,,,,,,62.2,95.2,124.7,516.8,375.6,,,26.0,34.8,28.5,142.6,120.6,,,111.4,96.6,285.5,715.6,767.8,,,214.7,119.4,269.0,224.1,339.9,,,1212.3,720.8,1360.7,835.2,1778.0,,,749.1,382.8,982.9,428.3,1329.1,,,,,,,,,,,,,,,,,2072.9,1653.1,1099.0,2685.0,2899.0,,,1896.0,2041.1,968.6,1515.4,3077.4,,,2273.1,2312.5,1932.7,4256.0,4041.1,,,585.7,644.2,830.0,975.7,520.2,,,3361.9,2139.4,4396.3,1600.2,4301.8,,,3390.4,2703.1,3604.2,865.9,3509.4,,,,,,,,,,,,,,,,,775.3,835.2,490.8,1093.0,1923.4,,,463.0,779.8,322.3,306.3,1078.3,,,864.0,1126.9,1126.9,1860.7,2564.5,,,341.9,312.0,570.7,437.7,188.5,,,1194.2,608.0,1538.7,793.7,2116.7,,,2532.0,2273.1,2703.1,713.1,2581.1,,,,,,,,,,,,,,,,,,,,,,,,,,,,,,,,,,,,,,,,,,,,,,,,,,,,,,,,,,,,,,,,,,,,,,,,,,,,,,,,,,,,,,,,,,,,,,,,,,,,,,,,,,,,,,,,,,,,,,,,,,,,,,,,
20261009_川崎_8R,20261009,34,川崎,8,1.7,8.9,24.6,32.2,23.7,,,41.4,137.7,282.9,344.0,224.6,,,37.9,66.4,84.8,96.4,279.3,,,129.8,261.3,195.4,312.1,664.2,,,167.5,342.4,225.6,368.8,670.5,,,325.9,548.7,839.3,1070.8,1083.9,,,,,,,,,,,,,,,,,5.5,30.8,77.2,98.2,76.0,,,76.1,408.0,797.6,1090.6,651.9,,,156.8,433.0,696.9,799.4,1275.6,,,444.4,1125.3,1177.8,1643.5,2994.6,,,512.8,1749.3,1385.7,1963.1,3840.9,,,837.3,1952.3,2598.2,3799.6,5196.5,,,,,,,,,,,,,,,,,253.6,1054.8,1707.0,2066.4,2103.3,,,226.3,1087.2,1899.8,2637.0,2208.5,,,1628.4,1284.9,4309.3,6199.4,7211.5,,,3046.2,3533.6,5699.4,8834.1,7361.8,,,3605.7,5699.4,7681.8,6667.3,9550.4,,,4362.5,4473.0,7518.4,7518.4,8834.1,,,,,,,,,,,,,,,,,94.0,327.4,435.1,519.6,1248.6,,,135.7,367.7,849.4,1067.5,1674.7,,,973.4,1030.2,3072.7,4589.1,4775.2,,,1003.8,1143.5,2294.5,968.1,4061.6,,,947.3,1353.8,2994.6,1577.5,5436.4,,,3569.3,3533.6,7067.3,7681.8,9999.9,,,,,,,,,,,,,,,,,428.8,1070.8,1266.5,1643.5,3397.7,,,375.5,934.8,2054.4,2804.5,3926.3,,,3397.7,3759.2,4840.6,9999.9,9550.4,,,1707.0,1830.9,3719.6,1682.7,7067.3,,,2236.5,3365.4,7067.3,1910.0,7211.5,,,7361.8,8217.8,9999.9,9999.9,9999.9,,,,,,,,,,,,,,,,,360.5,906.0,748.6,1430.6,2194.8,,,452.4,1074.0,1549.8,3072.7,4530.3,,,2637.0,3020.2,3464.3,7518.4,6795.5,,,1374.9,1651.2,3498.6,1690.7,6543.8,,,2078.6,2656.8,5521.3,1758.0,5989.2,,,5889.4,5792.9,9999.9,6310.1,9299.1,,,,,,,,,,,,,,,,,1963.1,4206.7,6092.5,7681.8,6928.7,,,2078.6,4157.2,6928.7,8834.1,9999.9,,,5274.1,6310.1,9999.9,9550.4,9999.9,,,8217.8,8834.1,9999.9,9999.9,9999.9,,,9999.9,9999.9,9999.9,9999.9,9999.9,,,8217.8,9999.9,9999.9,9999.9,9999.9,,,,,,,,,,,,,,,,,,,,,,,,,,,,,,,,,,,,,,,,,,,,,,,,,,,,,,,,,,,,,,,,,,,,,,,,,,,,,,,,,,,,,,,,,,,,,,,,,,,,,,,,,,,,,,,,,,,,,,,,,,,,,,,,
20261009_川崎_9R,20261009,34,川崎,9,69.8,113.8,191.3,179.2,76.1,,,31.0,34.0,54.4,8.4,9.5,,,119.4,59.9,130.6,154.9,32.8,,,223.2,243.0,248.3,328.9,119.2,,,175.3,45.6,207.4,278.1,127.5,,,36.8,21.0,15.1,21.3,72.2,,,,,,,,,,,,,,,,,199.8,322.4,539.3,456.3,258.0,,,326.1,856.6,1159.7,515.2,669.8,,,524.8,924.1,1033.1,1122.0,659.3,,,824.1,1552.4,1202.4,1625.5,669.8,,,628.9,601.8,1003.1,1132.8,1033.1,,,378.3,620.9,485.7,386.3,922.6,,,,,,,,,,,,,,,,,78.4,162.4,203.0,27.3,57.7,,,147.0,855.4,1003.1,294.2,519.3,,,429.2,1010.0,1783.6,865.5,568.0,,,567.5,1789.0,2231.2,1410.6,768.0,,,55.1,155.8,628.2,555.6,203.6,,,124.6,501.5,404.6,481.7,286.3,,,,,,,,,,,,,,,,,207.5,182.9,395.9,335.8,129.1,,,287.9,436.6,941.9,455.6,487.7,,,342.5,786.6,1390.5,873.2,486.9,,,801.6,869.3,1459.7,1805.5,337.8,,,632.3,873.2,898.6,1270.1,949.5,,,92.0,241.4,233.7,81.0,410.9,,,,,,,,,,,,,,,,,1047.8,883.7,1115.6,1240.6,578.1,,,984.5,1943.0,1146.1,1789.0,736.2,,,1111.3,2486.5,2256.9,1911.4,1374.2,,,1157.4,1055.4,2465.6,2274.4,534.9,,,1448.9,2716.7,2631.4,2551.3,1686.2,,,442.8,418.8,709.5,222.5,966.7,,,,,,,,,,,,,,,,,432.4,184.5,865.5,788.7,470.9,,,585.6,548.4,937.4,1098.9,1078.7,,,117.3,272.1,969.9,1027.6,324.7,,,1090.7,1324.6,1122.0,1560.6,1676.6,,,1318.6,2679.5,2292.2,2434.9,1969.1,,,604.9,957.2,591.5,1261.9,1321.6,,,,,,,,,,,,,,,,,106.8,60.6,54.7,72.5,199.8,,,164.1,246.9,178.5,168.8,369.5,,,113.1,303.1,199.8,215.8,300.3,,,49.0,81.5,95.9,26.0,225.5,,,86.1,85.5,122.4,38.8,308.8,,,336.6,510.7,399.1,542.8,564.7,,,,,,,,,,,,,,,,,,,,,,,,,,,,,,,,,,,,,,,,,,,,,,,,,,,,,,,,,,,,,,,,,,,,,,,,,,,,,,,,,,,,,,,,,,,,,,,,,,,,,,,,,,,,,,,,,,,,,,,,,,,,,,,,
20261009_平塚_1R,20261009,35,平塚,1,18.4,85.8,21.8,84.2,,,,4.7,11.3,4.7,6.1,,,,184.4,82.7,146.5,59.0,,,,28.6,26.7,84.3,85.7,,,,149.1,56.7,35.1,144.3,,,,,,,,,,,,,,,,,,,,,,,,,100.5,277.9,84.8,384.6,,,,138.3,730.4,190.3,1083.1,,,,1239.9,2298.3,923.8,1570.5,,,,117.2,195.5,299.1,471.1,,,,1192.8,2243.6,1406.4,1544.8,,,,,,,,,,,,,,,,,,,,,,,,,30.4,52.4,25.1,21.8,,,,109.7,991.9,220.1,856.6,,,,397.6,1365.7,933.0,741.9,,,,134.2,303.9,632.4,592.6,,,,191.1,897.4,547.8,856.6,,,,,,,,,,,,,,,,,,,,,,,,,1308.8,826.6,1346.1,600.2,,,,1544.8,2094.0,1327.2,1777.9,,,,1208.1,1745.0,1713.3,1108.6,,,,1963.2,2546.8,1682.7,1653.2,,,,663.6,1121.8,833.9,1223.8,,,,,,,,,,,,,,,,,,,,,,,,,146.5,116.1,529.4,450.8,,,,148.1,212.7,455.2,387.7,,,,180.5,409.7,1083.1,933.0,,,,1273.4,1495.7,1519.8,1346.1,,,,1024.2,1223.8,1406.4,991.9,,,,,,,,,,,,,,,,,,,,,,,,,951.8,301.0,475.9,933.0,,,,1449.7,2191.4,1812.1,1847.7,,,,571.1,1472.4,1177.9,1682.7,,,,632.4,1223.8,703.2,1239.9,,,,1365.7,1847.7,2416.2,1653.2,,,,,,,,,,,,,,,,,,,,,,,,,,,,,,,,,,,,,,,,,,,,,,,,,,,,,,,,,,,,,,,,,,,,,,,,,,,,,,,,,,,,,,,,,,,,,,,,,,,,,,,,,,,,,,,,,,,,,,,,,,,,,,,,,,,,,,,,,,,,,,,,,,,,,,,,,,,,,,,,,,,,,,,,,,,,,,,,,,,,,,,,,,,,,,,,
20261009_平塚_2R,20261009,35,平塚,2,83.3,90.6,306.0,556.5,79.8,,,130.3,224.8,172.5,344.0,174.6,,,138.2,200.5,525.6,1113.1,70.0,,,597.5,276.9,793.9,2102.5,600.7,,,1669.6,1290.1,2769.1,3153.7,2142.1,,,97.2,102.6,67.2,300.3,962.1,,,,,,,,,,,,,,,,,267.1,157.9,714.0,1013.7,157.4,,,597.5,683.9,540.6,853.6,559.2,,,189.5,452.3,783.0,1534.2,101.8,,,1493.9,847.2,1493.9,2415.6,1004.7,,,2580.3,2142.1,3915.0,3548.0,3548.0,,,267.7,371.0,126.2,530.5,1774.0,,,,,,,,,,,,,,,,,277.5,436.6,257.4,473.0,327.1,,,371.0,386.1,186.4,300.3,329.0,,,461.5,316.2,223.0,617.0,161.2,,,180.5,105.5,150.9,73.1,109.1,,,455.9,276.2,520.8,148.0,426.8,,,270.3,196.4,137.1,117.7,254.5,,,,,,,,,,,,,,,,,188.5,369.8,742.0,1621.9,81.7,,,152.8,260.4,467.2,1384.5,42.8,,,440.0,241.5,253.9,692.2,104.9,,,908.2,692.2,338.9,2317.0,234.5,,,4541.4,3548.0,2142.1,3548.0,1102.2,,,25.7,12.6,19.5,58.3,255.1,,,,,,,,,,,,,,,,,1774.0,772.3,1102.2,3153.7,1102.2,,,1384.5,756.9,1032.1,2468.1,866.6,,,348.2,300.3,237.5,250.6,151.3,,,915.6,860.1,445.2,2027.4,338.9,,,2640.3,2640.3,995.9,3153.7,2102.5,,,509.1,207.5,112.6,141.3,938.3,,,,,,,,,,,,,,,,,4541.4,3548.0,5160.7,8109.7,4936.3,,,4205.0,2838.4,5676.8,7096.0,5975.6,,,2580.3,1720.2,2640.3,777.6,2064.3,,,4936.3,5676.8,4205.0,8733.5,3068.5,,,9461.3,9461.3,1305.0,8109.7,5676.8,,,4730.6,6307.5,2703.2,3440.5,4541.4,,,,,,,,,,,,,,,,,106.7,103.6,69.9,163.3,506.8,,,82.3,107.3,48.9,150.3,440.0,,,68.2,68.6,48.8,33.9,132.9,,,16.4,6.9,10.8,15.6,132.6,,,145.1,107.3,36.5,47.1,411.3,,,805.2,688.1,530.5,535.5,727.7,,,,,,,,,,,,,,,,,,,,,,,,,,,,,,,,,,,,,,,,,,,,,,,,,,,,,,,,,,,,,,,,,,,,,,,,,,,,,,,,,,,,,,,,,,,,,,,,,,,,,,,,,,,,,,,,,,,,,,,,,,,,,,,,
20261009_平塚_3R,20261009,35,平塚,3,340.7,304.6,582.6,1498.8,271.7,,,186.5,63.9,42.4,376.0,27.3,,,233.4,106.1,221.4,725.7,77.9,,,541.4,91.5,236.1,465.8,130.6,,,1988.8,872.7,1520.8,1195.5,811.1,,,83.8,14.2,24.4,40.2,265.1,,,,,,,,,,,,,,,,,660.8,496.0,1209.5,2997.6,522.3,,,630.6,599.5,774.6,1783.0,887.7,,,298.8,203.9,395.4,953.1,301.5,,,1397.5,1149.1,1077.2,1880.3,2110.5,,,3628.7,3283.1,2462.3,3087.1,4221.1,,,488.9,935.9,517.0,1231.1,2651.7,,,,,,,,,,,,,,,,,137.6,43.2,21.8,218.8,14.8,,,275.7,215.2,284.5,887.7,354.7,,,76.5,124.8,65.8,265.5,80.5,,,15.7,103.4,29.2,37.0,18.6,,,632.5,1591.0,606.5,259.1,662.9,,,23.7,225.8,73.1,44.3,319.1,,,,,,,,,,,,,,,,,309.6,186.0,330.9,1049.9,120.7,,,251.3,171.7,287.6,763.2,206.0,,,167.6,188.8,136.0,545.7,124.5,,,455.5,590.9,274.6,1082.9,534.4,,,2433.3,1783.0,1915.1,2350.4,2377.4,,,122.1,267.9,148.6,392.4,1261.2,,,,,,,,,,,,,,,,,1124.1,168.0,446.7,935.9,324.1,,,1641.5,927.5,1209.5,2177.2,2272.9,,,86.5,284.1,126.5,110.6,100.3,,,610.1,1055.2,321.1,1767.8,786.4,,,1360.7,1951.3,354.7,1555.1,980.2,,,379.5,1767.8,290.0,801.6,1209.5,,,,,,,,,,,,,,,,,5590.2,2350.4,3447.3,3041.7,2872.7,,,5443.1,3977.6,3566.1,3566.1,6267.8,,,1863.4,3693.5,2522.4,744.0,1969.8,,,3390.7,3447.3,3087.1,4055.6,4596.4,,,2522.4,3041.7,725.7,3231.8,2833.3,,,2997.6,5590.2,2618.2,4221.1,3390.7,,,,,,,,,,,,,,,,,69.7,13.0,21.1,42.5,274.6,,,242.4,542.8,366.0,953.1,1846.7,,,29.2,417.0,85.4,82.3,569.8,,,63.7,248.3,105.6,305.9,1436.3,,,199.8,1142.7,207.8,509.4,919.2,,,1008.9,3283.1,975.6,2651.7,2248.2,,,,,,,,,,,,,,,,,,,,,,,,,,,,,,,,,,,,,,,,,,,,,,,,,,,,,,,,,,,,,,,,,,,,,,,,,,,,,,,,,,,,,,,,,,,,,,,,,,,,,,,,,,,,,,,,,,,,,,,,,,,,,,,,
20261009_平塚_4R,20261009,35,平塚,4,2648.7,2719.3,2344.2,3237.3,2487.2,,,2146.8,1499.6,723.2,1056.7,2517.9,,,2832.6,1924.0,1436.2,2019.3,2683.5,,,819.0,444.3,574.5,532.5,1024.8,,,3137.7,1581.0,2039.5,1773.5,3578.1,,,2193.0,3044.0,2955.8,2102.6,3343.4,,,,,,,,,,,,,,,,,2344.2,2719.3,2019.3,3044.0,1522.0,,,1743.1,971.2,629.4,599.8,404.6,,,3186.7,1685.5,2216.8,1789.0,1266.7,,,994.8,812.5,1522.0,1658.1,398.3,,,3237.3,1051.3,1446.4,2169.7,999.7,,,582.7,261.1,529.7,220.7,670.8,,,,,,,,,,,,,,,,,457.2,389.2,143.4,337.6,450.2,,,303.0,213.5,106.6,154.8,82.7,,,142.7,137.6,44.8,21.5,93.9,,,22.7,62.9,29.1,31.7,48.6,,,65.6,65.8,6.3,16.2,53.0,,,257.8,49.8,110.3,74.5,107.9,,,,,,,,,,,,,,,,,1980.1,1396.9,922.8,1133.0,1854.1,,,2193.0,1185.7,1545.0,1307.3,1568.8,,,267.3,266.6,100.1,54.4,195.7,,,524.3,867.8,181.1,236.8,637.3,,,463.5,448.2,55.8,177.6,417.0,,,1888.4,1096.5,542.4,781.4,736.2,,,,,,,,,,,,,,,,,184.9,57.5,82.4,94.0,177.9,,,408.7,365.5,599.8,619.9,337.1,,,38.8,153.2,50.6,50.7,109.5,,,172.2,438.6,106.0,156.6,409.5,,,116.9,445.3,65.3,86.8,450.2,,,168.9,215.1,190.9,368.8,598.1,,,,,,,,,,,,,,,,,1658.1,649.5,953.0,1009.6,1961.0,,,1773.5,607.0,871.5,1568.8,922.8,,,104.0,162.1,10.4,40.6,128.3,,,334.3,372.1,29.7,123.9,308.5,,,241.3,677.5,100.3,140.8,603.4,,,1436.2,359.7,236.8,287.6,460.3,,,,,,,,,,,,,,,,,1456.8,2146.8,1888.4,1251.2,3044.0,,,352.2,103.1,259.4,127.7,373.5,,,867.8,133.7,263.5,161.3,190.4,,,1804.8,755.3,444.3,815.8,631.4,,,288.4,238.5,210.6,478.7,761.0,,,1499.6,327.8,210.9,261.4,420.5,,,,,,,,,,,,,,,,,,,,,,,,,,,,,,,,,,,,,,,,,,,,,,,,,,,,,,,,,,,,,,,,,,,,,,,,,,,,,,,,,,,,,,,,,,,,,,,,,,,,,,,,,,,,,,,,,,,,,,,,,,,,,,,,
20261009_平塚_5R,20261009,35,平塚,5,439.7,472.6,1722.6,633.5,302.5,,,448.2,906.2,964.9,555.8,120.6,,,685.6,1052.7,1680.9,1278.7,721.2,,,2742.5,2541.9,3206.7,2171.2,1766.4,,,334.5,311.5,469.4,459.1,194.2,,,185.4,58.8,252.9,523.7,105.2,,,,,,,,,,,,,,,,,462.1,521.0,2171.2,683.3,371.5,,,519.7,334.5,898.4,1102.8,99.6,,,242.9,144.1,242.0,337.8,109.9,,,2573.2,1694.6,1478.2,3532.8,1628.4,,,906.2,1603.3,1031.8,2023.6,969.4,,,193.5,47.3,96.7,588.8,333.4,,,,,,,,,,,,,,,,,557.3,1114.6,1021.7,978.5,188.4,,,649.3,641.3,987.8,1427.6,155.8,,,1417.9,934.6,1615.7,1985.1,322.6,,,1499.5,1362.3,1615.7,2395.8,361.8,,,1680.9,2638.4,2194.0,2779.1,733.9,,,37.7,29.2,56.7,43.1,86.2,,,,,,,,,,,,,,,,,1138.9,2171.2,2779.1,1417.9,1026.7,,,692.4,488.1,555.8,823.8,384.5,,,2241.2,1151.5,2452.1,2148.8,597.2,,,3158.1,1912.2,1567.1,3789.7,2638.4,,,2935.7,1929.9,2672.2,4631.9,2672.2,,,694.7,460.1,410.3,1603.3,1336.1,,,,,,,,,,,,,,,,,4342.4,2742.5,3859.9,3473.9,2315.9,,,4531.2,3789.7,2265.6,6947.8,3361.8,,,3110.9,3532.8,3206.7,4962.7,827.1,,,4531.2,3473.9,3932.7,5955.3,3473.9,,,5633.4,5344.5,5955.3,7187.4,4531.2,,,2290.5,2148.8,731.3,2605.4,3361.8,,,,,,,,,,,,,,,,,837.0,1102.8,1226.0,983.1,572.6,,,1302.7,2290.5,1966.3,4086.9,1302.7,,,2023.6,3859.9,3859.9,4434.8,1294.6,,,3158.1,2605.4,3020.8,5083.8,3308.5,,,2894.9,5789.8,4168.7,6130.4,4168.7,,,665.9,1170.9,840.4,1985.1,2395.8,,,,,,,,,,,,,,,,,52.2,25.8,72.8,149.6,44.5,,,59.0,22.8,36.9,142.8,104.0,,,6.2,4.4,10.5,8.5,17.7,,,132.4,86.6,80.5,265.5,234.1,,,403.9,361.8,139.2,411.9,531.7,,,103.9,179.9,122.7,206.1,296.4,,,,,,,,,,,,,,,,,,,,,,,,,,,,,,,,,,,,,,,,,,,,,,,,,,,,,,,,,,,,,,,,,,,,,,,,,,,,,,,,,,,,,,,,,,,,,,,,,,,,,,,,,,,,,,,,,,,,,,,,,,,,,,,,
20261009_平塚_6R,20261009,35,平塚,6,299.8,12.7,323.1,49.2,917.2,,,1370.5,784.4,3640.4,1738.7,3640.4,,,5.3,129.5,128.0,9.1,368.0,,,987.2,3426.3,543.0,1503.1,4396.0,,,63.7,656.3,28.5,766.4,1532.8,,,4087.5,6656.8,2118.0,5295.2,5064.9,,,,,,,,,,,,,,,,,395.5,24.7,454.1,74.6,1147.7,,,1820.2,1595.8,3328.4,2452.5,5547.3,,,18.8,259.1,268.4,35.3,768.9,,,1093.8,3584.4,939.4,2218.9,4568.4,,,155.6,1088.7,101.5,987.2,2505.2,,,3328.4,5064.9,2617.8,3584.4,4480.5,,,,,,,,,,,,,,,,,970.7,3948.9,8034.1,8321.0,9999.9,,,5418.3,5064.9,7515.7,8034.1,9999.9,,,3281.5,4017.0,6852.6,4957.2,7280.9,,,9999.9,8629.2,9319.5,9999.9,9999.9,,,7060.2,7766.3,7060.2,9999.9,9999.9,,,9999.9,9999.9,6852.6,9999.9,9999.9,,,,,,,,,,,,,,,,,5.4,95.7,88.8,11.7,284.4,,,6.1,134.3,144.2,16.1,401.0,,,437.9,586.8,1688.3,719.1,2262.0,,,356.2,556.0,1792.2,693.4,2377.4,,,25.2,29.2,265.6,264.4,546.9,,,1331.3,2061.8,3426.3,4480.5,1676.1,,,,,,,,,,,,,,,,,3819.5,7280.9,3106.5,3584.4,8034.1,,,3698.2,9999.9,3426.3,3426.3,9999.9,,,9999.9,9999.9,8321.0,8034.1,9707.9,,,3106.5,3191.6,6131.3,3757.8,9999.9,,,6297.0,5682.6,9999.9,3883.1,9999.9,,,6852.6,9999.9,9999.9,9999.9,9319.5,,,,,,,,,,,,,,,,,494.6,2987.0,256.0,2560.3,4957.2,,,481.3,2426.9,338.6,3281.5,5177.5,,,6131.3,6297.0,3584.4,9319.5,6131.3,,,261.1,245.5,1765.0,1792.2,3328.4,,,2532.4,2588.7,7060.2,2137.5,9999.9,,,9999.9,9999.9,9999.9,7515.7,9999.9,,,,,,,,,,,,,,,,,9999.9,9999.9,5418.3,9999.9,9999.9,,,6852.6,5974.0,8034.1,9999.9,9999.9,,,9999.9,9707.9,9319.5,8629.2,9999.9,,,5974.0,8034.1,8629.2,8629.2,6656.8,,,9999.9,9999.9,9999.9,9999.9,9999.9,,,9999.9,9999.9,9999.9,9999.9,9999.9,,,,,,,,,,,,,,,,,,,,,,,,,,,,,,,,,,,,,,,,,,,,,,,,,,,,,,,,,,,,,,,,,,,,,,,,,,,,,,,,,,,,,,,,,,,,,,,,,,,,,,,,,,,,,,,,,,,,,,,,,,,,,,,,
20261009_平塚_7R,20261009,35,平塚,7,3111.4,4109.5,6222.9,9999.9,9999.9,,,5312.2,1122.6,1183.7,5185.8,5065.2,,,4634.1,878.2,1910.5,2624.1,1845.7,,,9999.9,7778.7,4734.8,9999.9,9469.7,,,9999.9,8377.0,4356.0,9999.9,9999.9,,,9999.9,5731.6,4033.4,6806.3,9999.9,,,,,,,,,,,,,,,,,6405.9,7025.9,9999.9,9999.9,9999.9,,,8712.1,7510.4,7778.7,9999.9,9900.1,,,5065.2,5584.7,9999.9,5065.2,6050.1,,,9999.9,9999.9,9999.9,9469.7,9999.9,,,9999.9,9999.9,6405.9,9900.1,9999.9,,,9999.9,9999.9,7778.7,8712.1,9999.9,,,,,,,,,,,,,,,,,3025.0,373.5,1196.7,2757.0,1273.7,,,5584.7,1893.9,3350.8,6806.3,4356.0,,,73.2,332.5,28.0,158.0,28.5,,,797.8,2074.3,157.8,1601.4,312.9,,,4537.5,7778.7,907.5,4634.1,3300.0,,,844.2,2983.6,140.6,417.2,2074.3,,,,,,,,,,,,,,,,,416.4,28.4,79.1,170.6,75.6,,,786.2,355.3,700.3,1152.4,644.3,,,12.5,85.0,4.2,31.3,4.7,,,36.6,169.6,6.3,65.5,12.4,,,286.9,806.6,115.6,192.4,212.6,,,48.9,215.8,8.8,18.1,100.7,,,,,,,,,,,,,,,,,9469.7,4950.0,3630.0,8066.8,7025.9,,,9999.9,9900.1,5312.2,5886.5,7510.4,,,3630.0,7025.9,368.5,4270.6,1037.1,,,867.7,1555.7,223.8,1100.0,369.1,,,9999.9,8377.0,9999.9,7510.4,8712.1,,,4356.0,7260.1,1273.7,738.3,4109.5,,,,,,,,,,,,,,,,,9999.9,9999.9,5312.2,9999.9,9999.9,,,9999.9,9999.9,7025.9,9999.9,9999.9,,,7778.7,9999.9,2532.6,9999.9,9469.7,,,4444.9,7025.9,2420.0,8066.8,2943.2,,,9999.9,9999.9,8377.0,9999.9,9999.9,,,9999.9,9999.9,9999.9,8066.8,9999.9,,,,,,,,,,,,,,,,,8712.1,8066.8,3111.4,6806.3,9999.9,,,9469.7,5584.7,5445.0,9900.1,9469.7,,,2367.4,5185.8,325.0,985.5,5185.8,,,1078.2,2317.0,243.6,482.9,1785.2,,,7778.7,8377.0,1183.7,881.7,6405.9,,,9999.9,9999.9,9999.9,6050.1,8066.8,,,,,,,,,,,,,,,,,,,,,,,,,,,,,,,,,,,,,,,,,,,,,,,,,,,,,,,,,,,,,,,,,,,,,,,,,,,,,,,,,,,,,,,,,,,,,,,,,,,,,,,,,,,,,,,,,,,,,,,,,,,,,,,,
20261009_平塚_8R,20261009,35,平塚,8,130.8,126.0,74.2,164.2,147.2,,,122.3,88.7,100.6,63.3,354.8,,,61.9,87.1,82.2,55.7,206.7,,,72.0,102.0,133.4,148.6,280.9,,,115.8,38.3,77.0,106.8,316.4,,,438.3,776.9,697.5,653.0,856.6,,,,,,,,,,,,,,,,,203.7,270.4,93.7,250.8,166.7,,,226.8,651.1,157.6,231.5,308.6,,,496.2,979.5,486.6,733.8,876.6,,,46.5,73.2,141.7,92.5,31.0,,,318.6,234.9,520.3,233.9,403.0,,,178.1,308.2,467.4,85.9,316.8,,,,,,,,,,,,,,,,,119.0,65.0,106.8,68.4,367.5,,,167.5,513.2,122.7,130.0,197.1,,,341.3,840.6,866.5,530.1,1816.9,,,123.9,48.3,528.8,129.5,327.0,,,21.5,48.4,131.3,30.6,152.8,,,975.3,641.8,1609.3,863.2,822.2,,,,,,,,,,,,,,,,,256.3,306.9,232.2,296.8,666.5,,,618.9,1179.6,771.5,1052.8,1211.3,,,731.5,1341.1,1609.3,954.6,2781.5,,,624.1,686.9,1251.7,1294.8,1831.7,,,552.2,1126.5,748.5,1294.8,2145.7,,,1802.4,2299.0,2747.6,2816.3,2475.8,,,,,,,,,,,,,,,,,79.5,146.3,151.4,210.5,290.7,,,45.6,59.8,148.9,65.2,24.7,,,164.0,73.2,591.3,181.4,371.1,,,435.7,498.4,971.1,856.6,1115.3,,,219.5,148.8,157.1,500.6,444.3,,,527.6,170.5,523.9,1231.1,706.2,,,,,,,,,,,,,,,,,77.6,22.1,65.8,85.7,292.6,,,143.0,77.3,291.0,100.1,263.5,,,11.8,28.9,59.4,21.6,157.7,,,221.1,440.0,240.1,496.2,942.7,,,130.8,88.4,69.8,312.9,418.0,,,782.3,684.8,537.7,1088.4,883.5,,,,,,,,,,,,,,,,,1099.0,1733.1,2067.0,1492.0,1733.1,,,670.5,912.1,1333.1,302.8,1155.4,,,1909.3,1802.4,3576.2,1925.6,1681.3,,,3086.3,3129.2,3755.1,3466.2,3313.3,,,1272.9,389.1,1553.8,2396.8,1746.5,,,2105.6,2086.1,1846.7,3218.6,2299.0,,,,,,,,,,,,,,,,,,,,,,,,,,,,,,,,,,,,,,,,,,,,,,,,,,,,,,,,,,,,,,,,,,,,,,,,,,,,,,,,,,,,,,,,,,,,,,,,,,,,,,,,,,,,,,,,,,,,,,,,,,,,,,,,
20261009_平塚_9R,20261009,35,平塚,9,303.4,215.0,238.6,339.8,480.0,,,228.2,87.7,178.0,113.9,161.0,,,146.2,98.9,251.4,59.4,184.0,,,166.9,195.5,197.2,309.7,284.0,,,194.8,99.5,38.2,257.3,209.1,,,489.3,172.5,179.4,304.5,280.2,,,,,,,,,,,,,,,,,335.7,405.2,173.6,596.8,454.9,,,265.4,684.2,109.3,986.2,243.2,,,1112.2,1467.9,928.2,2576.3,1870.2,,,47.7,47.1,245.6,183.7,72.2,,,1034.7,1402.6,2295.3,703.2,1803.4,,,461.5,228.9,1127.1,191.8,1256.1,,,,,,,,,,,,,,,,,148.5,66.2,115.9,76.9,73.4,,,162.3,418.7,105.9,667.9,132.3,,,297.3,786.5,791.4,986.2,476.3,,,91.4,70.3,278.9,420.8,61.3,,,125.9,796.4,252.2,608.3,205.9,,,16.7,26.0,80.5,31.6,53.8,,,,,,,,,,,,,,,,,659.2,505.9,1137.3,289.2,1009.9,,,1502.8,2337.8,2316.3,3458.6,3458.6,,,1034.7,2069.5,1661.0,2970.3,1493.9,,,1418.4,1418.4,847.2,3005.7,1957.2,,,736.1,3041.9,2970.3,3659.1,3659.1,,,1729.3,3279.0,2104.0,2295.3,2935.8,,,,,,,,,,,,,,,,,67.3,93.8,82.5,111.9,140.6,,,18.7,17.9,126.6,65.1,35.0,,,70.0,53.1,326.2,353.1,62.0,,,376.8,506.9,781.6,963.6,1018.0,,,148.7,219.5,432.3,699.4,521.6,,,112.6,83.8,61.1,490.2,361.7,,,,,,,,,,,,,,,,,200.8,98.0,55.3,318.7,290.5,,,471.0,569.9,1628.9,518.4,1729.3,,,137.8,559.8,268.0,541.8,436.8,,,459.8,2499.8,1683.2,2451.2,3156.0,,,358.6,524.9,1069.8,1587.9,1268.7,,,444.5,2104.0,383.7,1988.0,1256.1,,,,,,,,,,,,,,,,,269.4,85.7,138.1,187.0,217.2,,,262.1,125.6,740.4,153.9,942.1,,,18.1,28.2,67.9,34.7,47.3,,,588.5,1418.4,605.4,1132.2,1729.3,,,136.8,95.4,60.8,479.0,498.9,,,276.5,1315.0,281.4,1179.8,858.7,,,,,,,,,,,,,,,,,,,,,,,,,,,,,,,,,,,,,,,,,,,,,,,,,,,,,,,,,,,,,,,,,,,,,,,,,,,,,,,,,,,,,,,,,,,,,,,,,,,,,,,,,,,,,,,,,,,,,,,,,,,,,,,,
20261009_平塚_10R,20261009,35,平塚,10,119.5,54.4,39.1,180.3,54.5,,,137.0,25.5,124.7,161.1,93.1,,,40.5,14.4,47.4,22.6,42.6,,,70.3,156.4,78.4,245.3,96.0,,,529.4,366.9,178.7,357.4,573.0,,,41.2,89.6,24.8,71.5,219.6,,,,,,,,,,,,,,,,,531.3,274.6,268.6,965.8,232.9,,,673.6,542.1,765.6,1620.5,655.5,,,371.5,424.5,454.3,883.9,414.9,,,305.7,697.8,370.1,1100.7,150.9,,,2832.0,3277.5,2352.4,2390.9,2700.9,,,177.5,311.6,218.5,95.6,814.8,,,,,,,,,,,,,,,,,347.6,79.1,354.4,319.8,208.2,,,547.2,357.4,427.7,1268.2,542.1,,,49.2,106.2,166.9,40.8,77.4,,,865.5,870.7,648.2,1846.2,1045.5,,,847.9,1800.6,297.6,1746.7,1535.2,,,273.6,395.7,163.5,531.3,992.1,,,,,,,,,,,,,,,,,108.8,30.8,135.4,76.5,79.8,,,211.2,182.5,281.8,399.0,263.0,,,16.6,50.7,94.5,16.2,27.3,,,393.1,488.6,347.2,417.9,545.2,,,134.6,255.2,42.2,235.8,215.1,,,99.5,158.0,67.0,232.6,113.8,,,,,,,,,,,,,,,,,435.3,903.0,440.6,1215.4,407.9,,,416.7,1135.0,537.2,1363.0,323.3,,,1246.5,1695.9,1338.0,2916.9,1778.6,,,799.1,982.1,1041.7,1495.8,1012.8,,,2472.0,2888.1,4289.7,2261.2,3601.2,,,405.7,368.7,1429.9,691.2,2098.5,,,,,,,,,,,,,,,,,2888.1,1789.5,1005.8,2726.1,2726.1,,,3352.8,3692.4,2410.7,3788.3,4557.8,,,1834.5,3277.5,464.4,3601.2,3007.2,,,835.8,1620.5,382.3,1789.5,1559.8,,,2726.1,3514.4,3692.4,2558.7,3692.4,,,3241.1,4419.6,3352.8,2261.2,4630.1,,,,,,,,,,,,,,,,,109.9,154.5,71.1,153.8,453.6,,,108.8,196.9,48.7,33.3,416.1,,,213.5,308.6,92.0,444.6,533.2,,,110.0,88.2,71.7,155.7,73.6,,,295.5,176.0,751.8,309.9,1096.6,,,1344.2,1511.3,1389.0,510.8,1593.9,,,,,,,,,,,,,,,,,,,,,,,,,,,,,,,,,,,,,,,,,,,,,,,,,,,,,,,,,,,,,,,,,,,,,,,,,,,,,,,,,,,,,,,,,,,,,,,,,,,,,,,,,,,,,,,,,,,,,,,,,,,,,,,,
20261009_平塚_11R,20261009,35,平塚,11,956.8,1465.5,1365.6,1777.7,1151.1,,,528.9,417.8,139.0,966.0,200.4,,,1329.4,670.6,698.7,1410.5,439.2,,,1011.6,177.8,676.6,1323.5,347.7,,,2612.5,2115.8,2259.0,2503.7,2209.1,,,486.9,178.9,155.9,206.4,776.3,,,,,,,,,,,,,,,,,528.0,679.7,1295.0,1341.2,1018.4,,,288.3,758.7,216.4,273.3,653.1,,,2756.4,3097.3,3755.5,2384.5,3851.8,,,805.4,308.1,1820.8,678.2,1100.5,,,587.9,350.1,1437.5,510.0,1054.2,,,988.3,904.9,2384.5,1371.9,1989.7,,,,,,,,,,,,,,,,,100.4,68.0,31.2,181.1,40.0,,,117.9,346.1,71.5,119.3,188.4,,,229.3,875.9,311.0,1076.8,262.1,,,4.4,11.5,37.9,25.5,5.7,,,385.1,248.5,823.1,206.0,511.8,,,34.4,158.4,143.2,37.6,249.7,,,,,,,,,,,,,,,,,2442.6,1697.4,1866.1,2706.7,1192.2,,,2888.9,5007.4,5092.3,3129.6,5563.8,,,2161.4,5563.8,1809.9,4418.3,1938.3,,,2546.1,5365.1,1472.7,5180.1,3097.3,,,5668.8,4231.6,6392.5,6259.3,6392.5,,,1472.7,6008.9,2002.9,3301.6,5365.1,,,,,,,,,,,,,,,,,358.9,67.4,334.9,611.9,190.7,,,375.0,95.5,1116.9,182.6,518.9,,,11.4,21.8,68.5,40.4,14.7,,,1341.2,2682.5,470.9,2503.7,1799.0,,,1226.3,915.9,291.9,1938.3,1317.7,,,208.4,507.5,74.8,698.7,790.6,,,,,,,,,,,,,,,,,2442.6,2781.9,2442.6,2945.5,3338.3,,,902.2,851.1,1736.6,780.3,1889.6,,,1548.6,1329.4,4060.1,762.5,2807.9,,,4622.2,4552.2,5777.8,4769.0,6259.3,,,1976.6,1390.9,796.9,4292.1,2635.5,,,3301.6,3004.4,3338.3,5092.3,3097.3,,,,,,,,,,,,,,,,,374.1,65.8,75.3,108.8,705.2,,,644.7,764.4,1472.7,1039.6,1548.6,,,65.5,427.3,504.9,81.3,894.1,,,832.2,2311.1,1192.2,1687.9,3493.5,,,207.9,786.5,105.9,786.5,1155.5,,,2030.0,2442.6,2612.5,4005.9,2442.6,,,,,,,,,,,,,,,,,,,,,,,,,,,,,,,,,,,,,,,,,,,,,,,,,,,,,,,,,,,,,,,,,,,,,,,,,,,,,,,,,,,,,,,,,,,,,,,,,,,,,,,,,,,,,,,,,,,,,,,,,,,,,,,,
20261009_平塚_12R,20261009,35,平塚,12,1342.8,1507.3,304.8,1003.5,1279.7,,,1036.3,631.4,141.6,1230.2,439.8,,,955.8,532.6,96.8,878.7,537.1,,,49.3,21.7,9.8,44.8,17.5,,,1501.4,1765.5,1672.6,413.6,1842.3,,,868.7,347.6,540.1,108.5,1011.5,,,,,,,,,,,,,,,,,2028.5,1658.1,586.7,1222.3,1965.8,,,2630.1,4333.7,1466.7,2256.6,1790.4,,,3435.7,6575.2,4145.2,4190.8,6053.4,,,410.9,1092.7,1897.3,503.1,886.8,,,622.1,1288.4,1694.9,413.6,948.6,,,2804.1,1851.2,4145.2,1366.9,3100.5,,,,,,,,,,,,,,,,,1121.6,482.1,165.8,960.6,321.2,,,2050.3,3702.5,1218.4,2061.4,1254.4,,,1234.1,3891.4,1362.0,3178.0,2106.9,,,128.7,673.7,410.5,663.2,162.1,,,1589.0,1975.9,2933.5,1519.3,1569.4,,,178.8,568.3,645.2,147.9,483.9,,,,,,,,,,,,,,,,,2154.6,1357.1,454.5,1629.7,1860.3,,,3931.6,8474.8,5958.8,5448.0,7945.1,,,2230.2,7945.1,2283.6,4767.0,5084.8,,,491.4,2704.7,1338.1,2724.0,1842.3,,,3316.2,6053.4,8114.1,6810.1,7945.1,,,4889.3,9999.9,5608.3,3204.7,6933.9,,,,,,,,,,,,,,,,,16.7,8.1,4.0,17.7,5.5,,,89.5,244.6,485.8,112.9,224.4,,,47.2,217.7,227.1,244.9,60.0,,,100.0,640.9,354.1,587.6,394.7,,,130.8,199.5,315.4,491.4,275.3,,,37.2,152.1,40.3,212.9,198.2,,,,,,,,,,,,,,,,,1816.0,2559.5,2191.7,739.0,3125.9,,,749.2,1381.7,1816.0,718.2,1095.8,,,2612.1,2648.3,4057.0,2154.6,2270.0,,,2933.5,4767.0,6575.2,4650.8,6575.2,,,577.8,895.2,1672.6,2612.1,1347.5,,,3259.5,2525.6,2007.1,5296.7,1916.4,,,,,,,,,,,,,,,,,1059.3,247.4,616.1,150.9,1279.7,,,1402.0,951.0,2142.5,1086.5,2368.7,,,129.1,569.2,694.6,107.7,463.9,,,2460.4,6690.6,2804.1,2460.4,6053.4,,,108.1,537.8,127.0,594.0,752.2,,,2270.0,2460.4,1765.5,4100.7,1665.3,,,,,,,,,,,,,,,,,,,,,,,,,,,,,,,,,,,,,,,,,,,,,,,,,,,,,,,,,,,,,,,,,,,,,,,,,,,,,,,,,,,,,,,,,,,,,,,,,,,,,,,,,,,,,,,,,,,,,,,,,,,,,,,,
20261009_静岡_1R,20261009,38,静岡,1,111.6,69.2,95.4,627.8,21.4,,,445.5,959.2,1381.3,3733.3,670.5,,,108.4,337.7,361.6,1211.7,146.7,,,297.0,1079.1,701.1,2762.6,212.1,,,2423.4,5312.8,3212.4,5525.3,2511.5,,,34.9,188.4,99.0,36.9,827.1,,,,,,,,,,,,,,,,,49.7,26.1,51.5,293.9,6.4,,,179.1,218.2,370.3,1079.1,185.9,,,12.8,29.6,44.6,51.5,9.5,,,169.6,209.9,219.9,1341.1,73.3,,,1233.3,1606.2,458.9,1892.2,1625.1,,,14.3,105.1,44.9,16.1,442.7,,,,,,,,,,,,,,,,,780.4,1918.5,1817.5,4933.3,1008.2,,,535.4,657.7,1096.3,2511.5,827.1,,,1534.8,852.6,1233.3,2466.6,1817.5,,,2302.2,1793.9,2511.5,4604.4,1793.9,,,6005.8,4455.9,3946.6,4455.9,6005.8,,,1046.4,1279.0,1552.0,1381.3,3837.0,,,,,,,,,,,,,,,,,129.9,611.2,561.5,822.2,215.8,,,33.2,74.1,74.9,77.3,21.3,,,1395.2,521.2,1625.1,1841.7,1315.5,,,1087.6,417.3,1705.3,2423.4,573.1,,,1664.2,346.2,1267.2,1945.5,1038.6,,,257.2,108.7,683.8,266.6,1141.6,,,,,,,,,,,,,,,,,803.1,1892.2,1664.2,4604.4,426.3,,,543.8,471.4,817.3,3541.9,302.9,,,2606.3,2302.2,2877.7,4763.2,1569.7,,,1180.6,1141.6,2656.4,4185.8,822.2,,,9866.7,8125.5,5312.8,4763.2,5755.5,,,187.9,229.8,525.2,486.3,2192.6,,,,,,,,,,,,,,,,,4763.2,9999.9,9999.9,9999.9,3288.9,,,4316.6,5525.3,879.8,6005.8,6278.8,,,9999.9,5312.8,6577.8,7674.1,8125.5,,,6278.8,933.3,5116.0,5312.8,6005.8,,,9999.9,9999.9,9999.9,9208.9,8125.5,,,4062.7,6278.8,9999.9,8633.3,6005.8,,,,,,,,,,,,,,,,,53.5,243.1,149.3,31.2,837.1,,,46.1,297.0,130.5,41.3,1070.8,,,639.5,727.0,1132.2,525.2,4185.8,,,261.1,161.9,742.6,238.1,1644.4,,,43.4,59.8,175.9,159.5,1606.2,,,2466.6,4763.2,6577.8,4763.2,4604.4,,,,,,,,,,,,,,,,,,,,,,,,,,,,,,,,,,,,,,,,,,,,,,,,,,,,,,,,,,,,,,,,,,,,,,,,,,,,,,,,,,,,,,,,,,,,,,,,,,,,,,,,,,,,,,,,,,,,,,,,,,,,,,,,
20261009_静岡_2R,20261009,38,静岡,2,397.8,88.8,120.1,241.5,57.4,,,599.6,124.4,253.6,316.1,220.9,,,62.1,21.1,21.9,17.4,26.4,,,43.2,56.1,11.8,36.3,14.4,,,190.3,140.1,25.2,65.3,70.9,,,67.7,136.8,55.1,44.2,97.5,,,,,,,,,,,,,,,,,1190.7,635.9,328.5,752.9,262.3,,,2180.4,1485.8,2238.6,2665.0,1322.0,,,714.4,770.1,1149.9,453.7,418.6,,,412.5,1805.3,1387.5,1975.2,599.6,,,1149.9,1646.0,445.3,2125.2,374.7,,,132.5,295.5,152.4,273.0,165.5,,,,,,,,,,,,,,,,,1824.9,453.7,897.8,1281.6,1281.6,,,2299.9,1767.3,3292.1,2708.0,1695.9,,,308.0,869.9,490.9,237.8,504.1,,,1262.3,3167.8,1199.2,2469.0,1165.9,,,1252.9,2469.0,389.5,1845.0,1599.0,,,1554.6,1805.3,1055.9,1886.4,1952.3,,,,,,,,,,,,,,,,,322.2,103.5,105.0,61.5,135.5,,,593.2,597.5,902.6,300.8,408.5,,,104.2,364.2,195.0,49.0,156.3,,,209.6,784.5,389.5,361.0,408.5,,,47.8,158.2,19.8,138.1,54.5,,,227.5,364.2,166.0,423.9,109.5,,,,,,,,,,,,,,,,,114.4,218.6,66.7,193.4,59.7,,,331.8,1748.9,937.9,1435.0,516.6,,,865.4,2364.7,1104.5,1886.4,1199.2,,,165.2,959.4,696.6,717.5,305.2,,,554.1,1907.9,1678.9,869.9,1119.3,,,202.2,441.8,831.1,408.5,843.7,,,,,,,,,,,,,,,,,539.8,410.5,87.9,211.7,230.6,,,739.6,1207.8,408.5,1614.4,314.4,,,720.5,1713.2,223.2,1207.8,799.5,,,56.3,203.5,27.7,166.0,65.9,,,495.2,1569.1,1157.9,608.3,1049.3,,,347.6,346.1,413.5,184.0,690.9,,,,,,,,,,,,,,,,,117.8,379.0,143.5,88.6,326.0,,,93.7,254.0,128.4,137.3,186.5,,,1005.3,827.0,573.0,879.0,1097.3,,,243.3,293.5,305.2,301.9,217.7,,,180.9,299.8,617.2,352.7,597.5,,,489.4,387.7,599.6,252.4,696.6,,,,,,,,,,,,,,,,,,,,,,,,,,,,,,,,,,,,,,,,,,,,,,,,,,,,,,,,,,,,,,,,,,,,,,,,,,,,,,,,,,,,,,,,,,,,,,,,,,,,,,,,,,,,,,,,,,,,,,,,,,,,,,,,
20261009_静岡_3R,20261009,38,静岡,3,1078.9,2334.5,661.8,2469.2,655.1,,,823.0,1200.0,885.5,1712.0,1078.9,,,2334.5,1351.5,1735.1,2252.6,1689.4,,,501.5,495.7,1510.5,980.1,661.8,,,2675.0,1712.0,2006.2,2140.0,2568.0,,,930.4,1177.9,2422.6,897.9,2422.6,,,,,,,,,,,,,,,,,439.7,802.5,268.0,1395.6,333.5,,,339.6,360.6,82.5,463.5,94.6,,,1043.9,972.7,563.1,1052.4,679.3,,,58.6,24.0,148.0,97.9,5.0,,,879.4,797.5,1222.8,377.6,473.8,,,116.1,38.5,210.4,11.6,156.5,,,,,,,,,,,,,,,,,580.9,917.1,648.4,1271.2,879.4,,,578.3,675.7,140.9,742.1,182.9,,,1126.3,1106.8,1395.6,987.6,1296.9,,,442.7,158.9,725.4,672.2,236.4,,,1188.8,1177.9,1222.8,951.1,1222.8,,,833.7,237.7,972.7,304.9,1011.0,,,,,,,,,,,,,,,,,2918.1,2006.2,2469.2,1916.4,2213.7,,,2213.7,1945.4,797.5,2104.9,1167.2,,,1735.1,1945.4,1783.3,1585.1,1860.8,,,2176.2,1126.3,1585.1,1808.4,1234.6,,,2918.1,2675.0,1860.8,1834.2,2620.4,,,3292.3,1646.1,2176.2,1916.4,2853.3,,,,,,,,,,,,,,,,,100.3,86.9,204.4,254.2,134.8,,,42.5,21.0,94.2,84.7,4.4,,,89.7,54.5,137.3,168.9,70.0,,,475.5,365.8,299.3,470.3,379.8,,,382.1,258.3,256.8,439.7,265.2,,,113.4,15.3,47.1,211.8,159.9,,,,,,,,,,,,,,,,,1246.6,797.5,1097.4,447.3,1043.9,,,617.3,672.2,972.7,270.8,372.1,,,812.6,746.5,768.8,356.6,717.3,,,1078.9,1188.8,844.7,479.1,1211.3,,,280.3,204.4,249.3,330.0,238.2,,,1052.4,665.2,310.1,1351.5,372.1,,,,,,,,,,,,,,,,,583.6,823.0,778.1,632.5,1585.1,,,156.9,66.7,294.4,22.1,236.0,,,546.3,169.3,655.1,214.0,632.5,,,1585.1,1027.2,1296.9,1146.4,1888.2,,,218.3,30.6,91.9,360.6,174.9,,,1546.9,651.7,733.7,1296.9,682.9,,,,,,,,,,,,,,,,,,,,,,,,,,,,,,,,,,,,,,,,,,,,,,,,,,,,,,,,,,,,,,,,,,,,,,,,,,,,,,,,,,,,,,,,,,,,,,,,,,,,,,,,,,,,,,,,,,,,,,,,,,,,,,,,
20261009_静岡_4R,20261009,38,静岡,4,69.8,42.4,116.7,250.4,91.4,,,150.0,235.2,291.0,757.4,469.7,,,96.4,312.2,497.8,971.1,235.5,,,522.4,865.0,761.0,493.1,915.0,,,1227.1,1552.0,1819.6,1172.6,2110.7,,,277.7,584.1,357.3,807.6,1465.7,,,,,,,,,,,,,,,,,39.1,26.4,85.1,169.1,49.4,,,77.2,104.2,98.2,155.6,102.5,,,8.9,21.5,19.4,56.8,3.7,,,87.0,95.8,70.0,32.5,60.3,,,332.5,255.7,276.2,87.6,271.5,,,53.6,47.1,13.5,55.2,137.6,,,,,,,,,,,,,,,,,358.9,736.3,783.6,1702.2,1130.7,,,299.8,434.9,615.9,1507.6,779.8,,,803.5,611.2,2398.5,5106.6,1479.4,,,1778.7,1439.1,3368.2,1798.9,4059.1,,,2931.5,3441.4,5863.1,2777.2,5276.8,,,1114.8,1426.1,1758.9,2878.2,6332.2,,,,,,,,,,,,,,,,,144.8,640.9,761.0,1507.6,345.6,,,40.1,80.8,58.2,212.7,13.2,,,995.6,426.6,1778.7,4165.9,936.7,,,1388.6,369.8,1027.9,1091.7,947.9,,,4278.5,1164.0,4523.0,2168.5,2931.5,,,283.1,46.4,393.7,473.9,1021.3,,,,,,,,,,,,,,,,,855.7,1567.3,1720.7,1319.2,2198.6,,,613.5,665.1,443.4,289.9,577.7,,,2198.6,1666.3,4059.1,1552.0,4165.9,,,2294.2,828.8,3441.4,1599.0,2029.5,,,803.5,385.1,795.5,860.3,1048.3,,,2683.1,1246.5,3769.1,2729.4,1978.8,,,,,,,,,,,,,,,,,1720.7,2777.2,5276.8,2294.2,5653.7,,,2435.4,2398.5,1341.5,942.2,2595.1,,,3441.4,4656.0,5863.1,2512.7,8331.8,,,6088.6,2261.5,7915.2,3298.0,5106.6,,,1181.3,811.8,1297.5,1287.0,1819.6,,,5863.1,4059.1,6882.8,6332.2,4059.1,,,,,,,,,,,,,,,,,410.1,1130.7,582.0,1567.3,2683.1,,,222.6,244.2,69.7,259.9,691.2,,,1376.5,1076.9,1364.7,2683.1,4523.0,,,394.7,72.4,479.7,665.1,1615.3,,,2553.3,869.8,1954.3,1615.3,1840.7,,,3957.6,3104.0,4656.0,4397.3,3230.7,,,,,,,,,,,,,,,,,,,,,,,,,,,,,,,,,,,,,,,,,,,,,,,,,,,,,,,,,,,,,,,,,,,,,,,,,,,,,,,,,,,,,,,,,,,,,,,,,,,,,,,,,,,,,,,,,,,,,,,,,,,,,,,,
20261009_静岡_5R,20261009,38,静岡,5,368.4,311.4,160.8,601.3,838.3,,,642.4,360.8,614.4,1879.2,1186.9,,,308.9,259.8,355.1,1334.4,368.4,,,124.3,270.7,198.1,649.8,512.5,,,718.2,2147.7,1848.4,1464.3,3132.1,,,1610.8,1961.0,1303.5,1748.1,4602.3,,,,,,,,,,,,,,,,,476.7,300.2,234.4,438.7,698.1,,,265.6,62.2,352.3,179.8,229.1,,,148.1,50.6,165.4,98.9,74.7,,,294.7,638.8,372.1,491.3,769.6,,,190.4,98.1,53.2,161.1,129.9,,,963.7,348.5,220.0,832.1,437.8,,,,,,,,,,,,,,,,,261.9,203.7,420.7,898.4,734.5,,,145.3,48.0,273.0,162.3,154.8,,,47.6,14.3,65.5,77.0,14.8,,,595.0,698.1,438.7,1358.5,1180.7,,,1079.0,209.0,342.7,1326.5,1116.4,,,638.8,281.8,132.0,685.4,1020.4,,,,,,,,,,,,,,,,,189.6,115.9,288.3,715.9,165.5,,,98.1,23.4,105.6,53.8,27.2,,,27.1,7.7,41.8,47.6,5.7,,,462.1,315.4,212.7,1063.7,299.0,,,732.1,78.6,115.0,832.1,186.2,,,91.2,28.6,19.3,92.8,142.4,,,,,,,,,,,,,,,,,328.7,729.8,407.8,1358.5,1168.4,,,468.8,1493.4,997.8,1577.0,1646.0,,,894.9,1748.1,811.2,2592.1,1927.4,,,928.0,963.7,802.5,2592.1,1445.6,,,3523.6,2013.5,3888.1,3523.6,5244.5,,,3579.6,2684.7,3469.4,3089.2,6833.7,,,,,,,,,,,,,,,,,722.8,2717.0,1927.4,1658.2,3579.6,,,213.3,88.8,48.6,174.9,156.4,,,2050.1,268.4,373.3,2107.6,1409.4,,,1232.3,92.1,205.9,980.5,267.5,,,2255.1,1048.9,2684.7,2478.1,4100.2,,,4602.3,1025.0,2168.4,1670.4,3888.1,,,,,,,,,,,,,,,,,2854.6,3822.2,2068.9,3888.1,5934.6,,,2050.1,720.4,579.7,1818.6,1610.8,,,2399.0,525.6,245.6,2653.1,2653.1,,,1025.0,369.0,218.0,1225.6,1089.4,,,5244.5,3047.5,3416.8,2967.3,6833.7,,,6833.7,2324.8,3132.1,3176.2,6264.3,,,,,,,,,,,,,,,,,,,,,,,,,,,,,,,,,,,,,,,,,,,,,,,,,,,,,,,,,,,,,,,,,,,,,,,,,,,,,,,,,,,,,,,,,,,,,,,,,,,,,,,,,,,,,,,,,,,,,,,,,,,,,,,,
20261009_静岡_6R,20261009,38,静岡,6,544.8,271.7,721.8,1198.0,314.7,,,613.4,432.5,826.0,443.4,183.3,,,211.2,442.5,651.9,794.5,139.9,,,1230.2,1346.0,1155.6,1466.7,657.5,,,1338.1,637.3,994.8,1089.6,669.0,,,96.0,112.9,72.7,102.2,228.8,,,,,,,,,,,,,,,,,613.4,279.0,863.4,1198.0,413.7,,,467.9,96.0,427.7,401.4,270.1,,,77.9,27.3,51.6,95.9,25.1,,,957.4,757.6,289.2,1161.5,562.2,,,1694.9,770.4,341.5,1403.8,1059.3,,,291.1,222.8,96.3,281.4,528.4,,,,,,,,,,,,,,,,,427.7,268.5,491.0,404.9,86.8,,,425.3,72.3,294.8,227.4,171.5,,,167.5,35.9,134.6,72.6,49.3,,,765.2,403.5,320.9,320.4,228.8,,,185.1,86.3,65.9,77.4,70.7,,,96.1,106.9,77.1,102.1,117.5,,,,,,,,,,,,,,,,,142.9,276.6,436.6,655.6,81.1,,,36.7,11.2,23.3,43.1,10.7,,,140.8,27.1,124.6,67.6,38.0,,,691.3,170.3,365.5,860.2,238.1,,,1012.4,307.9,292.9,704.0,669.0,,,64.2,26.2,58.5,73.5,250.8,,,,,,,,,,,,,,,,,1746.7,1556.6,1395.2,1816.0,961.4,,,1378.4,969.5,430.1,1430.1,740.5,,,1179.4,1079.3,918.9,693.3,897.3,,,1204.3,421.4,1003.5,1353.9,685.0,,,1378.4,1430.1,738.1,1476.2,1105.4,,,770.4,731.0,1044.8,780.9,1121.6,,,,,,,,,,,,,,,,,1495.5,829.0,1362.0,1567.2,994.8,,,1634.4,393.1,314.7,595.8,982.0,,,403.5,218.3,130.9,194.5,334.5,,,1403.8,382.0,292.9,558.0,922.6,,,1271.2,620.1,395.1,579.2,1026.1,,,1069.2,1094.8,676.9,1116.1,1116.1,,,,,,,,,,,,,,,,,81.5,101.8,60.6,63.7,177.6,,,161.5,178.9,87.6,171.7,363.2,,,152.9,191.4,145.7,210.8,296.0,,,84.3,51.0,151.8,109.9,455.8,,,170.0,231.8,333.5,201.0,470.8,,,535.8,794.5,466.9,823.0,757.6,,,,,,,,,,,,,,,,,,,,,,,,,,,,,,,,,,,,,,,,,,,,,,,,,,,,,,,,,,,,,,,,,,,,,,,,,,,,,,,,,,,,,,,,,,,,,,,,,,,,,,,,,,,,,,,,,,,,,,,,,,,,,,,,
20261009_静岡_7R,20261009,38,静岡,7,959.6,887.6,1024.2,859.0,365.4,,,803.9,2109.3,435.6,717.3,930.3,,,1936.7,3132.9,3043.4,2068.3,2766.7,,,747.5,369.8,1449.2,540.7,586.8,,,357.4,309.6,563.6,303.0,332.3,,,263.3,855.5,1034.1,613.9,568.1,,,,,,,,,,,,,,,,,800.9,722.1,771.8,1070.5,303.4,,,553.3,479.8,163.3,990.9,163.3,,,606.9,635.9,475.5,995.5,216.9,,,410.4,143.8,348.1,771.8,127.8,,,1004.9,1307.0,1139.2,1268.1,632.1,,,96.3,67.5,28.2,61.2,169.2,,,,,,,,,,,,,,,,,500.1,1183.5,164.3,543.4,416.1,,,306.5,328.7,77.7,585.2,110.3,,,1543.7,838.7,547.6,2696.7,1014.4,,,36.6,20.9,156.9,81.9,14.9,,,503.6,898.9,1566.4,263.3,755.4,,,185.9,62.5,376.4,40.1,440.1,,,,,,,,,,,,,,,,,2803.2,4841.8,3737.6,2878.9,3737.6,,,1954.5,2068.3,1651.5,2566.7,930.3,,,2878.9,2315.6,2448.7,5606.4,2918.4,,,3179.7,2048.4,2341.1,5757.9,2173.9,,,3737.6,3804.3,6086.9,5917.8,5072.4,,,3737.6,1164.1,3381.6,2315.6,5072.4,,,,,,,,,,,,,,,,,300.4,138.2,712.5,299.2,252.4,,,210.7,68.5,205.2,390.1,63.5,,,28.5,14.5,145.4,82.5,10.1,,,1224.3,665.7,507.2,1746.2,682.8,,,363.5,628.4,293.4,1183.5,324.2,,,102.1,37.3,22.0,232.8,197.4,,,,,,,,,,,,,,,,,224.4,190.0,492.0,207.2,282.5,,,729.6,938.5,1081.4,1092.5,513.3,,,337.0,466.1,1356.9,283.3,635.9,,,1805.4,2173.9,3227.9,3737.6,2663.0,,,519.6,968.3,378.4,2009.8,605.2,,,359.2,216.0,842.0,2130.4,687.2,,,,,,,,,,,,,,,,,91.2,275.9,291.0,236.4,275.9,,,32.8,22.7,15.2,21.0,75.8,,,110.6,39.0,189.5,26.6,295.0,,,866.0,244.0,803.9,691.6,1510.9,,,125.5,33.5,29.5,229.0,237.5,,,206.6,185.5,556.2,1268.1,431.2,,,,,,,,,,,,,,,,,,,,,,,,,,,,,,,,,,,,,,,,,,,,,,,,,,,,,,,,,,,,,,,,,,,,,,,,,,,,,,,,,,,,,,,,,,,,,,,,,,,,,,,,,,,,,,,,,,,,,,,,,,,,,,,,
20261009_静岡_8R,20261009,38,静岡,8,394.0,428.9,197.1,346.2,328.8,,,437.3,254.4,809.5,333.2,998.3,,,360.2,272.1,765.0,336.8,1159.5,,,213.4,757.2,781.1,522.5,809.5,,,125.6,199.8,225.5,320.3,330.7,,,759.8,1712.5,2319.0,1601.6,1349.2,,,,,,,,,,,,,,,,,265.6,377.3,159.4,265.9,180.8,,,198.7,78.9,78.8,432.2,131.3,,,178.1,47.9,43.0,290.2,84.7,,,27.2,16.1,22.9,72.8,6.3,,,258.2,575.2,604.9,236.5,291.0,,,60.6,73.5,89.8,16.4,126.1,,,,,,,,,,,,,,,,,398.2,249.3,836.9,476.7,706.7,,,346.7,106.4,169.4,641.5,286.5,,,107.7,52.0,111.6,129.5,269.5,,,789.4,232.1,243.5,1294.3,773.0,,,658.6,773.0,300.0,2005.6,2393.8,,,943.3,744.5,757.2,1236.8,2818.0,,,,,,,,,,,,,,,,,244.3,194.7,544.3,278.6,935.4,,,204.0,47.2,58.8,359.6,104.7,,,67.4,30.0,62.1,82.6,170.8,,,381.8,87.3,130.3,693.5,433.1,,,396.8,537.7,248.7,1055.0,1766.8,,,1153.5,585.8,613.2,901.3,2023.8,,,,,,,,,,,,,,,,,129.1,391.9,399.6,339.3,487.1,,,40.4,28.5,26.2,76.9,9.5,,,338.8,114.1,152.4,812.5,321.2,,,323.5,60.1,100.1,588.9,372.9,,,435.6,320.7,1365.8,883.4,1474.3,,,706.7,108.1,496.9,770.3,1301.9,,,,,,,,,,,,,,,,,153.7,230.7,431.4,522.5,324.5,,,306.6,562.1,972.1,621.8,411.5,,,459.9,628.8,414.5,1855.2,976.4,,,824.5,1030.6,452.4,2204.2,2473.6,,,1050.1,879.9,2818.0,2891.2,2271.6,,,1649.0,1391.4,3478.5,3905.7,2529.8,,,,,,,,,,,,,,,,,1250.7,2446.4,2968.3,1886.6,2061.3,,,407.7,481.8,526.3,147.0,691.3,,,1752.9,1147.5,1673.8,1886.6,3649.5,,,2891.2,1223.2,1649.0,2080.6,2501.4,,,1546.0,313.5,1504.2,2005.6,2204.2,,,2226.2,1699.4,4200.4,3773.3,2968.3,,,,,,,,,,,,,,,,,,,,,,,,,,,,,,,,,,,,,,,,,,,,,,,,,,,,,,,,,,,,,,,,,,,,,,,,,,,,,,,,,,,,,,,,,,,,,,,,,,,,,,,,,,,,,,,,,,,,,,,,,,,,,,,,
20261009_静岡_9R,20261009,38,静岡,9,657.4,343.7,561.3,339.5,286.0,,,1015.1,1088.4,646.5,753.5,366.8,,,390.2,1094.5,1125.9,739.3,765.3,,,759.3,539.7,1194.6,715.0,371.7,,,273.6,318.0,339.5,358.1,74.8,,,278.6,354.9,441.2,272.1,145.5,,,,,,,,,,,,,,,,,170.8,93.8,153.0,105.1,125.6,,,95.3,44.3,26.5,114.8,255.1,,,15.7,10.0,9.5,19.5,62.0,,,72.9,18.3,29.9,69.6,161.3,,,64.7,151.1,79.7,120.6,191.3,,,264.7,498.5,314.9,401.4,435.3,,,,,,,,,,,,,,,,,759.3,1020.4,474.3,682.6,974.7,,,395.7,184.3,118.5,415.0,1015.1,,,802.9,294.6,311.4,1070.5,1484.2,,,135.0,82.7,117.1,141.9,244.8,,,377.4,441.2,911.2,289.8,1088.4,,,1688.9,2040.8,2152.9,955.6,2304.9,,,,,,,,,,,,,,,,,106.0,525.2,629.9,217.6,489.7,,,38.6,34.2,36.0,40.9,156.6,,,532.3,115.7,160.4,697.2,1201.9,,,491.0,93.4,126.3,516.9,1119.5,,,181.5,97.8,666.3,657.4,780.5,,,1567.3,492.2,1999.1,1848.2,2084.2,,,,,,,,,,,,,,,,,403.9,226.4,550.3,246.7,276.7,,,152.9,47.4,69.6,133.9,319.6,,,61.7,42.5,64.4,47.8,106.7,,,429.6,118.8,174.1,452.4,960.3,,,184.8,340.1,172.9,685.0,623.9,,,697.2,890.5,462.0,1166.1,1232.1,,,,,,,,,,,,,,,,,158.5,214.5,193.7,260.8,69.6,,,117.0,341.9,133.2,248.3,352.3,,,334.3,442.2,677.9,275.5,666.3,,,237.7,167.7,657.4,638.1,689.8,,,274.0,384.9,217.6,707.2,673.2,,,289.8,799.6,1064.7,1152.4,1009.8,,,,,,,,,,,,,,,,,1341.8,1495.5,1920.7,1495.5,675.5,,,1507.0,2577.8,1389.4,2389.2,2332.3,,,715.0,3696.5,3628.0,1749.2,3562.1,,,3211.7,1379.6,3562.1,3767.6,3377.8,,,2418.7,2924.1,1224.4,3109.7,3437.1,,,863.0,2647.5,2798.8,3377.8,3320.6,,,,,,,,,,,,,,,,,,,,,,,,,,,,,,,,,,,,,,,,,,,,,,,,,,,,,,,,,,,,,,,,,,,,,,,,,,,,,,,,,,,,,,,,,,,,,,,,,,,,,,,,,,,,,,,,,,,,,,,,,,,,,,,,
20261009_静岡_10R,20261009,38,静岡,10,260.6,273.6,482.9,209.2,268.0,,,79.9,30.9,54.8,88.1,52.9,,,70.0,26.3,9.6,47.5,21.1,,,201.5,96.6,28.2,173.4,89.9,,,66.1,158.4,96.5,295.6,47.5,,,78.9,50.1,35.1,75.5,20.2,,,,,,,,,,,,,,,,,1908.1,1318.1,2051.5,807.2,2115.1,,,3136.3,3843.1,3368.6,4134.2,7579.4,,,1466.9,2812.9,1176.1,2067.1,2098.9,,,2574.1,3590.2,1831.2,3543.6,3248.3,,,770.7,2458.2,1474.9,1559.2,836.9,,,1749.1,3789.7,1749.1,2480.5,812.0,,,,,,,,,,,,,,,,,697.8,212.6,324.4,760.0,460.9,,,2165.5,4197.8,4547.6,4072.5,4400.9,,,298.8,2165.5,611.7,3100.6,1614.5,,,725.6,3172.7,829.3,3100.6,1705.3,,,2675.1,3248.3,4197.8,4704.4,4787.0,,,915.6,3136.3,1673.9,1935.1,2965.8,,,,,,,,,,,,,,,,,108.5,32.5,13.9,80.6,31.8,,,417.2,809.6,535.0,723.7,701.4,,,101.5,628.7,164.5,621.5,448.0,,,14.8,126.5,53.7,86.2,43.9,,,252.1,262.1,675.3,333.5,265.4,,,75.8,298.8,310.4,108.4,139.3,,,,,,,,,,,,,,,,,511.9,283.9,75.6,481.2,218.1,,,1451.3,2115.1,1014.3,1819.0,1949.0,,,590.6,1921.5,589.3,2165.5,1350.7,,,51.9,238.3,175.5,241.4,106.2,,,1082.7,921.8,1633.8,816.9,1141.6,,,378.9,960.7,934.4,251.7,731.5,,,,,,,,,,,,,,,,,247.8,855.3,440.0,967.5,148.6,,,283.0,836.9,407.8,735.4,208.4,,,2236.5,2332.1,2812.9,4197.8,2728.6,,,637.5,468.8,1605.0,718.0,452.5,,,1595.6,1541.5,2998.4,891.7,1399.2,,,79.8,72.0,725.6,220.9,477.8,,,,,,,,,,,,,,,,,168.0,133.5,77.8,193.9,45.8,,,539.2,1550.3,655.9,1223.5,246.9,,,535.0,1515.8,995.8,1033.5,1196.7,,,112.7,339.8,533.9,161.9,158.9,,,348.4,716.1,739.4,245.8,509.0,,,50.2,33.7,334.3,90.1,263.3,,,,,,,,,,,,,,,,,,,,,,,,,,,,,,,,,,,,,,,,,,,,,,,,,,,,,,,,,,,,,,,,,,,,,,,,,,,,,,,,,,,,,,,,,,,,,,,,,,,,,,,,,,,,,,,,,,,,,,,,,,,,,,,,
20261009_静岡_11R,20261009,38,静岡,11,115.5,87.1,81.6,331.3,148.5,,,57.5,50.8,84.0,124.9,94.2,,,26.7,19.4,10.8,126.7,75.1,,,54.9,52.0,17.7,219.4,120.0,,,1405.8,1070.0,994.0,1063.2,1244.4,,,350.7,391.6,326.2,246.8,653.6,,,,,,,,,,,,,,,,,343.2,171.2,92.7,763.6,156.2,,,933.3,2086.9,1080.3,3169.7,1942.1,,,230.6,1138.9,214.5,1631.0,432.4,,,37.8,379.2,72.6,271.8,24.1,,,2196.0,4666.6,3775.2,1249.0,1119.9,,,138.7,850.6,306.8,56.5,257.4,,,,,,,,,,,,,,,,,660.1,382.2,610.9,1499.9,1018.1,,,1513.5,3262.1,2270.2,3294.1,3140.1,,,641.2,2731.6,1768.4,5014.9,4097.5,,,1015.1,1942.1,1749.9,3499.9,2799.9,,,3952.9,6339.5,6339.5,5419.3,6461.5,,,2921.7,4941.1,5249.9,5508.1,5508.1,,,,,,,,,,,,,,,,,57.9,44.5,18.6,284.0,156.0,,,191.4,674.6,245.2,1302.3,468.6,,,312.5,1146.7,783.2,2333.3,2167.7,,,22.0,147.2,220.0,424.2,266.4,,,1836.0,3428.5,4307.6,2687.9,3733.3,,,702.9,1030.6,2239.9,807.6,2181.8,,,,,,,,,,,,,,,,,37.2,34.6,12.6,243.6,64.6,,,16.4,151.1,29.0,157.1,14.2,,,283.0,516.1,457.7,1090.9,732.0,,,13.1,62.7,133.8,315.4,98.2,,,968.2,859.3,1866.6,1239.8,724.1,,,140.7,95.0,765.3,214.6,223.4,,,,,,,,,,,,,,,,,3463.9,3612.8,3294.1,3199.9,3692.2,,,4941.1,7304.3,6719.9,3111.0,2921.7,,,5999.9,9333.2,7148.9,8195.0,8615.3,,,3952.9,7813.9,6719.9,5599.9,9333.2,,,3262.1,3111.0,5599.9,4253.1,3692.2,,,3952.9,3082.5,6222.1,8399.9,3463.9,,,,,,,,,,,,,,,,,893.6,1787.2,1046.7,837.9,1898.2,,,550.8,1976.4,962.7,276.5,758.4,,,2999.9,5419.3,5169.2,4799.9,6339.5,,,1377.0,1806.4,5249.9,1705.5,4479.9,,,573.3,355.9,2584.6,971.0,803.8,,,2526.3,2074.0,4602.7,5090.8,1964.9,,,,,,,,,,,,,,,,,,,,,,,,,,,,,,,,,,,,,,,,,,,,,,,,,,,,,,,,,,,,,,,,,,,,,,,,,,,,,,,,,,,,,,,,,,,,,,,,,,,,,,,,,,,,,,,,,,,,,,,,,,,,,,,,
20261009_四日市_1R,20261009,48,四日市,1,184.1,141.3,394.5,310.9,404.0,,,217.4,161.7,267.5,643.9,432.0,,,114.4,111.1,212.8,375.2,78.4,,,567.0,373.8,426.5,767.7,950.5,,,557.5,570.3,459.9,988.2,1174.2,,,702.8,678.9,309.9,818.1,1467.7,,,,,,,,,,,,,,,,,73.2,56.3,133.6,93.4,264.0,,,44.3,30.8,28.4,35.9,99.0,,,41.3,38.7,132.5,60.1,71.0,,,186.9,63.6,138.0,139.0,365.5,,,52.4,25.7,27.4,91.0,78.1,,,298.8,219.8,152.6,533.7,204.1,,,,,,,,,,,,,,,,,132.5,84.2,111.3,276.4,281.9,,,74.0,42.5,31.4,52.8,112.3,,,78.1,64.8,61.2,108.7,65.1,,,83.7,40.1,46.8,88.2,121.5,,,172.6,73.8,81.8,103.1,265.4,,,314.8,220.8,129.9,202.8,365.5,,,,,,,,,,,,,,,,,73.1,99.5,217.9,222.7,56.8,,,119.2,112.2,241.6,189.7,142.3,,,159.1,113.9,177.2,391.4,145.7,,,417.6,328.3,213.7,891.1,308.0,,,536.6,340.6,475.2,1147.2,337.1,,,79.5,114.3,139.0,239.3,222.7,,,,,,,,,,,,,,,,,739.3,389.8,539.5,932.7,643.9,,,517.1,148.7,376.6,433.9,891.1,,,120.3,76.3,100.7,177.2,297.0,,,525.3,373.8,180.4,998.0,397.6,,,969.0,573.6,548.3,1018.4,1691.6,,,1121.4,1405.7,616.1,845.8,1782.2,,,,,,,,,,,,,,,,,517.1,590.5,338.3,1008.1,1512.2,,,124.2,56.0,67.7,210.1,183.1,,,257.2,117.1,113.6,205.3,433.9,,,417.6,261.9,293.5,969.0,306.1,,,1061.7,597.6,525.3,853.0,1957.0,,,1814.7,750.4,824.8,583.6,1883.1,,,,,,,,,,,,,,,,,891.1,1147.2,359.0,1446.5,1636.2,,,707.8,396.0,260.5,1039.6,468.5,,,652.3,340.6,200.0,466.3,739.3,,,187.6,220.3,174.7,402.4,409.0,,,1559.5,1425.8,804.9,907.3,1782.2,,,1782.2,838.7,978.5,665.3,1883.1,,,,,,,,,,,,,,,,,,,,,,,,,,,,,,,,,,,,,,,,,,,,,,,,,,,,,,,,,,,,,,,,,,,,,,,,,,,,,,,,,,,,,,,,,,,,,,,,,,,,,,,,,,,,,,,,,,,,,,,,,,,,,,,,
20261009_四日市_2R,20261009,48,四日市,2,125.7,516.4,189.6,440.0,214.7,,,74.1,175.7,83.8,159.8,24.7,,,1190.2,796.0,1542.8,1837.8,880.0,,,175.2,171.1,735.1,790.9,318.8,,,392.9,302.5,999.7,822.1,337.7,,,179.0,54.1,400.5,350.0,276.4,,,,,,,,,,,,,,,,,86.1,164.0,60.1,241.7,170.2,,,65.2,63.2,34.1,133.9,109.1,,,114.1,76.2,35.2,162.5,116.3,,,21.2,17.3,15.0,49.0,76.5,,,265.3,211.1,176.7,107.2,462.8,,,324.6,226.3,203.2,201.2,664.7,,,,,,,,,,,,,,,,,62.5,111.2,54.6,131.4,12.6,,,90.4,91.0,76.0,182.9,129.3,,,332.3,398.0,499.8,1086.7,452.7,,,88.1,72.5,261.4,295.4,150.7,,,169.1,220.4,844.4,381.0,377.5,,,50.7,216.2,298.2,221.9,427.9,,,,,,,,,,,,,,,,,1542.8,1711.9,1893.5,2048.7,2082.8,,,557.9,706.0,264.7,654.3,984.0,,,1115.8,1420.1,1865.2,1952.6,1542.8,,,1358.3,456.1,1581.9,1041.4,2658.9,,,2658.9,1785.3,2550.4,2840.2,3787.0,,,2777.1,2603.5,2499.4,3675.6,5433.5,,,,,,,,,,,,,,,,,76.9,80.8,313.2,354.0,194.0,,,26.3,23.1,29.3,77.4,103.9,,,67.7,51.4,191.9,274.6,214.3,,,806.2,237.5,552.9,739.4,1125.8,,,493.9,215.0,417.9,838.7,781.0,,,543.3,516.4,508.0,1157.1,968.7,,,,,,,,,,,,,,,,,131.5,134.6,259.8,275.8,119.8,,,123.0,142.3,107.7,100.5,212.9,,,73.8,119.0,407.0,244.0,200.5,,,976.3,606.6,961.3,844.4,1115.8,,,341.4,144.3,306.3,514.2,592.2,,,398.0,560.4,374.1,861.8,855.9,,,,,,,,,,,,,,,,,443.1,146.6,861.8,905.5,612.6,,,603.7,631.1,589.4,661.2,1524.0,,,156.8,597.9,634.3,912.2,1050.1,,,1711.9,1358.3,1213.3,2450.4,3124.3,,,1125.8,781.0,1032.8,2403.3,1922.6,,,873.9,1167.9,961.3,1760.1,1735.7,,,,,,,,,,,,,,,,,,,,,,,,,,,,,,,,,,,,,,,,,,,,,,,,,,,,,,,,,,,,,,,,,,,,,,,,,,,,,,,,,,,,,,,,,,,,,,,,,,,,,,,,,,,,,,,,,,,,,,,,,,,,,,,,
20261009_四日市_3R,20261009,48,四日市,3,134.6,251.6,38.3,544.7,41.1,,,199.0,616.0,93.3,400.8,204.8,,,540.9,837.4,108.3,1590.0,518.3,,,29.5,61.8,13.5,237.4,27.0,,,1278.9,884.6,1961.0,737.7,1136.8,,,77.5,210.6,337.6,54.0,698.3,,,,,,,,,,,,,,,,,113.1,211.0,24.1,454.3,25.7,,,154.1,471.5,158.4,311.6,74.5,,,469.7,922.8,362.6,1480.0,346.0,,,47.9,146.7,102.4,432.5,46.6,,,1005.6,730.8,1693.0,1041.2,484.2,,,13.1,17.3,76.7,11.7,123.6,,,,,,,,,,,,,,,,,283.5,622.5,103.7,367.1,295.6,,,211.4,564.3,182.0,206.6,108.3,,,1041.2,1392.4,800.4,1360.2,1164.9,,,130.0,195.6,190.5,157.0,169.4,,,188.7,171.2,308.8,147.9,169.6,,,265.6,112.0,494.3,205.1,283.5,,,,,,,,,,,,,,,,,1225.6,2503.4,488.2,2674.1,1409.1,,,1258.4,2530.4,1089.4,5006.9,1164.9,,,2941.5,2978.8,1769.3,3460.6,2978.8,,,277.8,784.4,744.7,1518.2,471.5,,,4525.5,5603.0,5603.0,3795.6,4357.9,,,1568.8,1452.6,2530.4,831.5,3676.9,,,,,,,,,,,,,,,,,48.1,108.9,27.0,294.5,55.0,,,77.0,240.6,160.5,630.9,102.4,,,171.6,352.8,364.8,334.2,267.1,,,74.1,209.5,268.6,728.5,178.6,,,795.0,1961.0,1206.8,1867.6,1705.2,,,135.3,153.9,288.7,215.8,855.7,,,,,,,,,,,,,,,,,3795.6,1994.3,4278.6,2158.9,3676.9,,,3180.1,1322.0,5115.8,3620.4,1743.1,,,858.8,769.0,1245.1,696.2,819.9,,,4902.6,5603.0,3795.6,3795.6,4525.5,,,1994.3,3460.6,1611.8,2477.1,2530.4,,,3056.2,2082.5,1769.3,3620.4,2353.2,,,,,,,,,,,,,,,,,104.3,258.3,696.2,149.4,933.8,,,29.1,30.5,91.2,23.3,120.3,,,250.3,109.9,759.1,286.2,477.3,,,988.7,582.4,1232.0,648.2,2178.9,,,140.5,104.4,242.6,204.9,678.1,,,1461.6,651.8,984.6,1994.3,1376.1,,,,,,,,,,,,,,,,,,,,,,,,,,,,,,,,,,,,,,,,,,,,,,,,,,,,,,,,,,,,,,,,,,,,,,,,,,,,,,,,,,,,,,,,,,,,,,,,,,,,,,,,,,,,,,,,,,,,,,,,,,,,,,,,
20261009_四日市_4R,20261009,48,四日市,4,1221.9,1181.6,2906.2,1973.0,448.9,,,1433.7,1463.0,2793.0,1853.9,619.7,,,1483.1,1706.8,3413.6,3209.8,811.5,,,3773.0,3645.1,3116.8,5245.3,3707.9,,,2560.2,2471.9,3209.8,4135.7,1414.8,,,221.7,317.6,318.1,1009.6,712.1,,,,,,,,,,,,,,,,,805.4,759.9,1807.2,1720.4,331.3,,,541.7,278.5,447.1,304.6,111.1,,,649.7,291.4,867.1,799.4,195.5,,,2722.2,919.0,1463.0,1629.2,1059.4,,,1886.5,539.0,1168.8,1097.2,602.4,,,128.7,65.0,95.9,247.7,185.7,,,,,,,,,,,,,,,,,578.1,609.2,1000.2,733.9,250.9,,,372.0,176.8,261.6,161.4,74.6,,,344.0,186.8,251.5,181.3,81.7,,,951.5,455.6,326.3,114.2,204.8,,,295.8,127.6,105.6,40.4,42.8,,,76.8,25.1,37.9,65.9,29.8,,,,,,,,,,,,,,,,,830.3,986.5,1617.0,1405.6,552.8,,,605.8,323.4,746.7,724.1,225.4,,,379.2,270.5,298.6,232.2,115.3,,,1604.9,1131.9,558.6,647.7,616.2,,,995.6,724.1,230.2,299.1,244.3,,,258.1,143.2,84.1,157.6,167.4,,,,,,,,,,,,,,,,,4057.7,4135.7,3584.3,4480.4,3162.6,,,4575.7,1762.7,1734.3,1748.4,2087.9,,,2217.1,1319.3,607.5,293.3,528.4,,,3645.1,2471.9,931.0,1108.5,1188.1,,,2217.1,1680.1,251.5,533.6,532.3,,,2028.8,1525.2,403.4,632.5,524.5,,,,,,,,,,,,,,,,,2240.2,1748.4,2530.1,2722.2,1361.1,,,1503.9,519.4,1473.0,1108.5,612.7,,,487.6,230.5,208.7,69.3,99.1,,,1838.1,1453.1,516.9,636.2,647.7,,,1667.1,782.0,179.8,409.6,394.6,,,782.0,421.6,117.9,373.3,276.7,,,,,,,,,,,,,,,,,37.6,45.8,48.4,177.8,130.4,,,37.4,11.9,22.4,57.5,43.7,,,40.2,13.6,21.0,27.5,14.1,,,86.4,45.8,34.3,87.3,77.1,,,494.3,228.7,96.2,174.5,124.8,,,235.2,119.0,31.0,108.5,62.1,,,,,,,,,,,,,,,,,,,,,,,,,,,,,,,,,,,,,,,,,,,,,,,,,,,,,,,,,,,,,,,,,,,,,,,,,,,,,,,,,,,,,,,,,,,,,,,,,,,,,,,,,,,,,,,,,,,,,,,,,,,,,,,,
20261009_四日市_5R,20261009,48,四日市,5,64.3,37.7,76.8,20.0,,,,264.3,421.0,950.7,494.4,,,,79.1,207.4,452.8,159.5,,,,536.0,1511.7,1035.1,529.2,,,,43.3,188.2,104.1,133.1,,,,,,,,,,,,,,,,,,,,,,,,,22.4,13.7,48.1,6.3,,,,91.9,40.3,195.6,90.2,,,,9.0,5.1,68.9,18.3,,,,178.9,311.2,237.1,194.2,,,,28.0,92.0,61.3,120.6,,,,,,,,,,,,,,,,,,,,,,,,,566.3,802.0,1591.8,986.5,,,,353.7,153.2,580.4,427.0,,,,638.6,154.9,805.0,742.4,,,,2166.2,1297.0,1667.6,1751.0,,,,1258.2,921.6,1105.9,1827.1,,,,,,,,,,,,,,,,,,,,,,,,,67.1,184.4,510.0,168.7,,,,21.9,13.8,95.4,41.9,,,,215.9,58.2,350.7,289.8,,,,1050.6,512.5,719.6,991.1,,,,263.9,159.5,398.7,750.4,,,,,,,,,,,,,,,,,,,,,,,,,805.0,1963.8,1305.1,814.4,,,,520.1,830.5,526.6,629.1,,,,2235.3,1449.1,1591.8,1641.6,,,,1591.8,1015.1,1400.8,1604.0,,,,817.6,1154.5,1616.3,1604.0,,,,,,,,,,,,,,,,,,,,,,,,,109.9,407.2,214.6,323.2,,,,135.9,451.8,216.4,536.0,,,,1088.7,977.3,1055.9,2001.2,,,,418.5,319.8,479.7,1123.6,,,,729.6,1141.9,2060.0,1490.2,,,,,,,,,,,,,,,,,,,,,,,,,,,,,,,,,,,,,,,,,,,,,,,,,,,,,,,,,,,,,,,,,,,,,,,,,,,,,,,,,,,,,,,,,,,,,,,,,,,,,,,,,,,,,,,,,,,,,,,,,,,,,,,,,,,,,,,,,,,,,,,,,,,,,,,,,,,,,,,,,,,,,,,,,,,,,,,,,,,,,,,,,,,,,,,,
20261009_四日市_6R,20261009,48,四日市,6,533.1,702.4,1341.3,1970.1,1626.9,,,155.0,47.2,282.0,1073.0,68.4,,,352.2,74.1,518.8,1320.3,298.4,,,1334.2,840.5,826.8,3362.3,1703.9,,,4134.0,2865.6,3002.1,8134.7,7004.9,,,1146.2,225.3,429.6,1441.0,3551.7,,,,,,,,,,,,,,,,,275.3,416.1,488.7,1363.1,951.6,,,111.0,134.7,174.6,499.3,247.4,,,146.7,99.8,89.7,146.1,273.5,,,133.1,78.8,69.5,170.0,325.8,,,428.8,502.3,226.7,218.7,1224.1,,,816.1,374.7,513.6,593.3,1260.8,,,,,,,,,,,,,,,,,48.9,14.1,86.2,390.3,19.9,,,113.2,115.5,245.5,521.0,202.0,,,13.2,47.7,75.6,368.6,24.6,,,137.7,215.9,134.6,1183.9,248.6,,,1218.2,1606.2,1313.4,2424.7,1260.8,,,20.8,102.3,30.8,145.5,582.3,,,,,,,,,,,,,,,,,96.6,27.7,174.7,409.3,76.7,,,92.7,42.4,44.8,91.2,104.7,,,10.0,33.6,62.0,189.8,17.4,,,157.3,59.9,80.2,313.6,110.8,,,635.2,342.1,461.0,583.7,810.8,,,94.0,116.9,48.4,109.7,465.2,,,,,,,,,,,,,,,,,1086.9,425.9,509.4,4758.0,1378.0,,,148.2,93.1,89.2,232.8,379.7,,,141.9,234.5,175.9,1120.7,442.4,,,316.4,199.5,197.4,917.0,446.3,,,4202.9,884.8,3075.3,1954.8,2599.7,,,1077.6,498.3,641.6,473.1,2334.9,,,,,,,,,,,,,,,,,5731.3,4202.9,4134.0,9006.3,7004.9,,,3038.2,1681.1,1055.1,1055.1,5603.9,,,2050.2,3002.1,1985.6,6150.6,4944.6,,,2898.5,1254.6,1457.6,2771.1,4067.3,,,6815.6,1242.2,5603.9,3454.4,7205.0,,,7880.5,9006.3,5864.5,3940.2,7205.0,,,,,,,,,,,,,,,,,793.0,169.9,380.3,1000.7,2711.5,,,869.5,537.6,689.0,638.4,1393.2,,,45.0,297.3,105.4,359.7,1224.1,,,268.5,424.5,148.1,414.0,1576.1,,,1230.1,494.4,685.2,455.1,2001.4,,,6304.4,4585.0,4347.8,3407.8,3820.8,,,,,,,,,,,,,,,,,,,,,,,,,,,,,,,,,,,,,,,,,,,,,,,,,,,,,,,,,,,,,,,,,,,,,,,,,,,,,,,,,,,,,,,,,,,,,,,,,,,,,,,,,,,,,,,,,,,,,,,,,,,,,,,,
20261009_四日市_7R,20261009,48,四日市,7,260.1,848.1,594.2,998.6,238.6,,,307.1,583.0,1186.1,764.4,215.7,,,1306.2,1005.1,2063.9,1864.9,472.6,,,1495.5,2077.7,1984.5,2976.7,1101.7,,,1446.6,1363.8,1655.5,2496.6,459.3,,,119.1,132.9,183.9,302.6,61.8,,,,,,,,,,,,,,,,,140.5,471.2,278.9,797.9,137.9,,,87.3,57.1,17.9,192.8,16.9,,,425.2,121.7,162.3,629.2,152.2,,,300.2,43.7,113.3,448.6,63.2,,,1311.8,644.9,1042.3,918.6,510.8,,,96.5,35.7,124.3,75.2,137.2,,,,,,,,,,,,,,,,,188.4,366.3,553.8,491.4,119.5,,,88.3,72.5,33.8,127.1,19.9,,,445.4,179.2,531.9,639.6,201.5,,,691.0,166.3,745.9,1109.6,372.0,,,955.5,343.2,773.9,1357.8,249.6,,,56.7,34.3,104.0,149.9,62.3,,,,,,,,,,,,,,,,,812.5,877.0,1488.3,1199.9,309.2,,,360.8,111.4,213.2,471.9,129.5,,,589.6,163.8,520.3,740.6,179.3,,,1532.6,608.2,887.0,1289.9,492.9,,,1328.6,949.6,1253.3,1105.6,342.4,,,127.7,111.3,149.2,199.7,60.8,,,,,,,,,,,,,,,,,3005.6,3005.6,3729.9,4914.0,2601.5,,,1317.3,134.3,584.1,1263.6,220.3,,,2227.2,280.1,1317.3,1971.8,1105.6,,,3685.5,1357.8,2195.6,3005.6,1426.6,,,5431.3,3328.8,4360.3,3402.0,2195.6,,,1258.4,738.8,1021.7,1172.6,867.1,,,,,,,,,,,,,,,,,2293.2,2789.0,2789.0,4240.9,647.6,,,2457.0,1426.6,2106.0,1947.0,1129.8,,,2558.5,1769.0,2692.0,3775.4,1001.8,,,3065.2,2363.2,2866.5,4020.6,985.9,,,4837.2,3159.0,3518.0,3822.0,1959.4,,,228.3,428.1,533.7,373.4,692.5,,,,,,,,,,,,,,,,,28.4,34.1,57.8,122.4,14.1,,,48.1,28.8,87.0,78.9,59.6,,,43.3,31.4,105.4,163.1,59.7,,,112.6,136.5,178.1,220.0,59.5,,,290.1,251.2,354.2,324.1,192.7,,,23.3,46.1,65.8,42.2,92.8,,,,,,,,,,,,,,,,,,,,,,,,,,,,,,,,,,,,,,,,,,,,,,,,,,,,,,,,,,,,,,,,,,,,,,,,,,,,,,,,,,,,,,,,,,,,,,,,,,,,,,,,,,,,,,,,,,,,,,,,,,,,,,,,
20261009_四日市_8R,20261009,48,四日市,8,87.5,71.3,166.6,215.8,57.0,,,83.8,42.9,95.0,60.0,73.9,,,23.2,20.5,53.4,29.0,24.2,,,190.7,166.5,119.4,110.1,257.4,,,213.6,91.3,101.2,49.9,175.0,,,46.4,86.8,56.9,134.4,114.9,,,,,,,,,,,,,,,,,342.6,274.2,552.8,603.9,160.0,,,351.7,806.2,617.8,546.1,252.8,,,482.7,1019.3,1245.4,1155.4,446.4,,,853.5,865.0,1275.1,784.4,597.1,,,949.7,678.1,1135.0,543.4,517.9,,,92.5,129.4,161.8,194.9,177.1,,,,,,,,,,,,,,,,,134.3,77.4,97.0,80.9,121.9,,,226.3,492.4,314.4,254.2,201.6,,,118.1,484.2,241.5,165.5,422.2,,,263.6,411.9,495.4,121.1,455.9,,,58.1,121.7,103.3,29.9,155.3,,,168.1,196.3,352.8,326.2,227.4,,,,,,,,,,,,,,,,,104.0,91.9,138.2,103.4,107.2,,,377.4,1039.1,1311.7,1107.5,584.0,,,210.8,855.8,602.7,427.3,771.2,,,495.4,1624.7,1290.6,1052.8,1624.7,,,388.4,1115.2,606.1,720.8,1260.1,,,247.5,461.1,708.1,1081.3,917.1,,,,,,,,,,,,,,,,,623.9,407.2,289.3,287.0,591.6,,,855.8,776.8,1255.1,679.5,469.3,,,420.5,600.5,735.7,182.6,682.4,,,418.3,1576.7,1176.7,1107.5,1808.3,,,147.4,202.7,83.2,266.2,334.1,,,651.8,399.0,744.3,1403.8,590.5,,,,,,,,,,,,,,,,,413.5,152.4,195.0,102.7,381.4,,,675.2,415.1,844.5,281.7,514.5,,,116.4,195.7,179.4,26.5,218.9,,,500.8,946.9,489.4,461.1,1074.0,,,67.9,98.6,30.4,156.8,139.4,,,487.9,346.0,334.4,904.1,241.3,,,,,,,,,,,,,,,,,55.4,110.5,66.5,171.7,154.9,,,41.4,73.3,69.9,65.0,79.8,,,185.7,167.3,305.9,233.9,141.1,,,132.9,170.8,405.1,571.5,478.4,,,285.5,212.2,283.2,540.6,254.8,,,265.8,179.7,249.0,482.0,104.5,,,,,,,,,,,,,,,,,,,,,,,,,,,,,,,,,,,,,,,,,,,,,,,,,,,,,,,,,,,,,,,,,,,,,,,,,,,,,,,,,,,,,,,,,,,,,,,,,,,,,,,,,,,,,,,,,,,,,,,,,,,,,,,,
20261009_四日市_9R,20261009,48,四日市,9,49.9,145.8,189.3,144.3,39.6,,,44.0,97.3,35.5,115.8,51.0,,,129.1,113.4,223.5,63.6,208.7,,,205.2,71.6,281.0,384.2,288.0,,,230.5,204.4,126.9,474.2,377.2,,,41.6,71.4,274.0,241.0,261.4,,,,,,,,,,,,,,,,,86.3,168.2,227.2,196.8,54.8,,,102.2,192.6,118.5,310.0,109.7,,,230.2,255.5,431.8,332.2,326.0,,,361.9,221.8,489.5,984.5,404.3,,,405.7,537.8,484.0,1019.1,640.6,,,40.5,57.9,160.2,169.7,222.8,,,,,,,,,,,,,,,,,55.0,107.4,28.3,164.0,68.4,,,75.6,154.0,70.9,258.9,88.0,,,154.6,164.3,84.6,229.6,276.1,,,24.8,35.1,51.2,137.5,55.1,,,319.7,542.8,465.9,369.6,730.6,,,106.4,103.2,320.6,98.8,598.8,,,,,,,,,,,,,,,,,139.0,110.9,215.2,61.6,241.2,,,172.1,195.8,329.1,166.8,275.5,,,110.7,149.8,76.3,111.3,294.1,,,241.7,323.3,91.6,187.3,552.3,,,33.5,77.8,56.5,108.1,101.7,,,351.3,275.5,420.9,636.0,301.2,,,,,,,,,,,,,,,,,341.7,101.9,364.5,520.2,510.3,,,368.0,222.1,548.8,1031.1,595.7,,,46.2,75.2,102.0,163.4,119.2,,,371.1,499.3,189.6,329.7,736.8,,,873.5,1366.8,657.6,656.3,1542.2,,,653.9,589.7,320.3,1040.4,1434.3,,,,,,,,,,,,,,,,,443.4,496.4,230.6,839.8,541.2,,,595.7,848.0,549.7,1377.6,900.6,,,599.8,788.5,558.5,701.2,1106.4,,,126.0,314.5,256.2,438.9,306.0,,,1181.4,1464.4,1019.1,856.3,1522.0,,,697.0,907.6,1214.4,721.6,1377.6,,,,,,,,,,,,,,,,,60.1,122.2,429.2,411.9,364.9,,,35.0,53.2,230.2,244.4,222.9,,,131.6,113.4,480.7,183.5,694.2,,,629.1,476.7,746.3,1010.2,651.4,,,684.7,614.7,313.7,1124.3,1452.2,,,812.4,721.6,1106.4,1043.5,1405.3,,,,,,,,,,,,,,,,,,,,,,,,,,,,,,,,,,,,,,,,,,,,,,,,,,,,,,,,,,,,,,,,,,,,,,,,,,,,,,,,,,,,,,,,,,,,,,,,,,,,,,,,,,,,,,,,,,,,,,,,,,,,,,,,
20261009_四日市_10R,20261009,48,四日市,10,403.4,335.0,593.3,700.3,896.6,,,217.4,78.9,61.6,325.0,117.3,,,100.6,38.2,63.3,48.3,161.4,,,305.8,75.5,88.5,447.6,280.3,,,891.7,760.7,302.4,927.1,1623.7,,,1026.3,458.3,677.1,633.7,1726.8,,,,,,,,,,,,,,,,,780.7,515.5,845.5,1001.1,1554.1,,,638.6,363.4,234.4,643.7,357.4,,,361.0,234.4,642.4,195.7,697.3,,,843.3,381.2,870.3,1525.0,1026.3,,,775.2,379.9,285.5,1412.8,1165.5,,,2052.6,712.5,1717.7,1425.1,2092.1,,,,,,,,,,,,,,,,,204.4,84.1,49.8,426.0,102.9,,,354.7,175.7,89.6,427.1,135.8,,,86.9,108.0,49.6,149.0,85.3,,,25.2,37.7,18.4,158.0,8.7,,,836.8,730.1,544.8,634.9,805.8,,,127.7,92.4,84.3,29.0,339.9,,,,,,,,,,,,,,,,,45.2,34.3,73.0,25.4,164.3,,,115.5,125.1,445.8,112.1,457.0,,,80.4,129.4,116.1,122.7,171.0,,,114.5,336.1,132.6,254.9,471.6,,,49.5,70.1,84.7,340.3,383.9,,,627.6,1077.1,636.1,932.4,773.3,,,,,,,,,,,,,,,,,218.7,60.9,61.2,332.0,188.3,,,446.4,227.5,350.5,674.3,495.9,,,26.6,50.2,25.4,141.1,10.9,,,72.9,210.9,75.3,151.7,194.9,,,805.8,1010.4,730.1,631.2,1388.7,,,444.6,490.7,131.8,408.9,986.0,,,,,,,,,,,,,,,,,1255.2,1623.7,513.9,2039.7,2765.8,,,1049.4,438.6,323.7,1539.4,1476.7,,,1773.7,1305.4,899.0,1260.1,1656.6,,,272.4,223.3,278.9,924.5,983.0,,,2314.6,2453.8,1875.6,1726.8,3547.4,,,4079.5,3471.9,2994.1,2435.5,3794.9,,,,,,,,,,,,,,,,,3050.1,1213.2,1665.1,1450.5,2175.7,,,2940.2,867.9,2175.7,1843.8,2940.2,,,753.7,521.3,544.8,207.8,1561.5,,,1931.1,2549.7,1245.6,1875.6,2298.3,,,1337.5,1406.7,281.3,1406.7,2472.4,,,5439.4,4410.3,3050.1,3435.4,4131.2,,,,,,,,,,,,,,,,,,,,,,,,,,,,,,,,,,,,,,,,,,,,,,,,,,,,,,,,,,,,,,,,,,,,,,,,,,,,,,,,,,,,,,,,,,,,,,,,,,,,,,,,,,,,,,,,,,,,,,,,,,,,,,,,
20261009_四日市_11R,20261009,48,四日市,11,46.8,156.2,62.9,306.5,59.3,,,69.0,180.6,60.7,334.1,133.0,,,191.9,178.3,191.0,203.7,220.8,,,55.9,38.7,138.4,234.2,120.3,,,726.9,481.7,496.8,586.3,676.9,,,85.3,98.9,200.7,135.8,426.5,,,,,,,,,,,,,,,,,66.0,157.7,123.8,412.2,59.4,,,40.6,52.6,62.5,129.9,18.3,,,189.0,96.6,326.7,173.0,88.6,,,158.1,148.6,488.1,846.5,170.9,,,856.3,467.5,507.1,1093.1,449.4,,,30.7,15.2,39.6,68.7,117.0,,,,,,,,,,,,,,,,,78.3,196.5,84.6,465.0,131.0,,,48.8,74.2,84.2,154.3,28.1,,,198.8,124.9,272.1,201.1,228.2,,,125.0,170.4,434.4,729.3,326.7,,,706.0,510.0,394.5,918.5,818.3,,,116.0,52.3,189.8,178.2,476.0,,,,,,,,,,,,,,,,,178.2,151.4,155.1,199.6,203.5,,,148.8,59.0,210.1,105.0,84.0,,,157.8,82.1,176.0,117.9,171.9,,,319.6,453.1,314.8,457.8,689.5,,,129.2,66.2,53.2,126.7,145.4,,,213.4,128.1,169.5,441.8,237.0,,,,,,,,,,,,,,,,,238.1,119.4,486.5,880.1,477.5,,,382.9,393.5,1010.7,1480.6,635.1,,,170.6,291.4,695.0,1243.6,527.0,,,912.8,1275.8,1085.1,1516.1,1689.7,,,2088.3,2342.4,2258.7,2059.1,2971.2,,,773.9,741.5,658.8,1639.7,2367.5,,,,,,,,,,,,,,,,,1683.3,1370.6,1020.0,1941.7,2282.0,,,2021.5,997.1,804.9,1958.9,1418.9,,,1349.7,990.4,571.2,1844.6,1664.3,,,553.4,366.1,294.5,616.6,697.2,,,2393.0,2635.2,2419.2,1785.1,3628.8,,,2635.2,1405.4,1958.9,1432.7,2767.0,,,,,,,,,,,,,,,,,99.1,129.4,246.7,165.6,756.7,,,45.7,24.9,64.5,72.9,173.4,,,147.1,64.0,223.7,183.6,507.1,,,282.8,174.0,263.0,627.9,368.9,,,355.6,358.1,296.5,874.9,1329.4,,,1362.2,741.5,859.6,861.3,1683.3,,,,,,,,,,,,,,,,,,,,,,,,,,,,,,,,,,,,,,,,,,,,,,,,,,,,,,,,,,,,,,,,,,,,,,,,,,,,,,,,,,,,,,,,,,,,,,,,,,,,,,,,,,,,,,,,,,,,,,,,,,,,,,,,
20261009_四日市_12R,20261009,48,四日市,12,155.1,62.6,156.7,272.1,149.6,,,262.9,109.3,201.6,359.1,461.8,,,72.1,58.5,22.2,178.1,148.8,,,261.2,148.4,48.4,361.9,495.4,,,437.7,339.8,252.5,400.5,977.4,,,347.8,599.8,375.7,687.0,1307.3,,,,,,,,,,,,,,,,,92.6,45.3,104.4,169.5,86.8,,,112.1,52.1,99.2,85.3,46.5,,,52.3,44.8,45.7,117.7,56.2,,,194.6,140.4,83.3,210.2,170.0,,,211.2,85.4,139.5,152.4,83.8,,,56.4,22.9,24.6,70.4,42.1,,,,,,,,,,,,,,,,,324.5,169.2,263.1,405.6,622.6,,,210.8,134.8,197.0,149.4,100.3,,,174.9,161.3,96.7,151.7,286.3,,,367.0,340.0,147.0,202.7,556.6,,,182.7,88.6,73.9,75.6,113.1,,,685.2,154.6,351.6,548.4,272.3,,,,,,,,,,,,,,,,,103.9,106.0,49.9,293.3,205.5,,,116.4,142.3,136.1,293.9,153.0,,,190.9,195.4,122.8,266.1,366.1,,,69.8,160.7,83.6,192.6,282.9,,,557.4,499.6,366.0,363.6,870.4,,,535.5,313.2,501.0,511.3,954.3,,,,,,,,,,,,,,,,,514.5,252.4,92.0,769.0,1056.1,,,434.5,322.9,205.6,534.2,482.2,,,288.2,335.9,143.8,272.3,600.5,,,78.0,201.8,102.6,253.5,345.3,,,860.4,628.2,375.1,409.9,960.4,,,1569.1,869.7,1142.2,806.8,1571.5,,,,,,,,,,,,,,,,,374.9,210.7,166.3,287.3,686.5,,,241.3,108.8,174.7,182.5,106.0,,,124.8,72.9,58.3,53.3,104.0,,,289.1,266.7,148.7,151.8,380.9,,,405.7,378.5,163.6,181.5,458.8,,,847.2,222.0,274.5,429.3,546.7,,,,,,,,,,,,,,,,,558.6,1266.3,770.1,1583.3,2003.3,,,195.0,82.2,103.2,215.0,137.0,,,995.0,219.1,532.8,932.3,550.4,,,775.8,319.5,682.1,843.1,1105.0,,,1912.1,719.5,1322.1,1092.3,1650.5,,,1712.5,298.4,456.2,842.5,837.1,,,,,,,,,,,,,,,,,,,,,,,,,,,,,,,,,,,,,,,,,,,,,,,,,,,,,,,,,,,,,,,,,,,,,,,,,,,,,,,,,,,,,,,,,,,,,,,,,,,,,,,,,,,,,,,,,,,,,,,,,,,,,,,,
20261009_奈良_1R,20261009,53,奈良,1,10.5,25.1,49.6,31.8,136.4,,,59.0,245.2,560.9,230.6,879.4,,,162.7,418.2,482.1,895.8,1714.9,,,373.9,1182.6,747.9,1936.1,2964.0,,,267.0,400.8,876.2,1263.6,956.5,,,691.8,2286.5,2609.6,2964.0,1765.3,,,,,,,,,,,,,,,,,3.4,7.6,16.1,10.6,52.8,,,21.5,82.1,210.2,52.4,285.4,,,61.4,122.3,151.3,249.8,516.3,,,160.4,486.9,314.2,727.5,1176.9,,,112.4,133.9,346.4,510.8,365.9,,,511.9,992.0,1304.8,1655.7,992.0,,,,,,,,,,,,,,,,,55.4,285.8,577.1,162.9,404.8,,,32.4,158.8,274.3,81.5,405.5,,,345.4,285.1,379.2,337.2,948.9,,,741.0,1243.9,779.5,750.2,2449.8,,,50.2,59.2,207.3,160.7,85.5,,,1106.3,1319.1,1805.1,3118.0,302.3,,,,,,,,,,,,,,,,,192.5,473.5,341.0,992.0,1905.4,,,141.3,302.3,332.5,650.6,1270.3,,,460.8,376.9,531.1,367.1,1194.4,,,199.4,211.5,390.3,495.0,1290.7,,,1250.4,764.6,687.9,892.5,1714.9,,,3159.0,2728.2,2927.8,2034.6,2182.6,,,,,,,,,,,,,,,,,988.0,2527.2,1043.8,3935.8,4899.7,,,808.3,2087.7,1043.8,3039.0,3530.7,,,2286.5,2791.7,1984.1,2449.8,4801.7,,,518.5,784.6,1071.8,1071.8,2475.1,,,3872.3,3479.5,3530.7,3530.7,4617.0,,,7502.7,6488.8,8892.1,4801.7,6318.0,,,,,,,,,,,,,,,,,459.9,424.1,1875.6,2308.5,2034.6,,,358.8,477.3,1062.3,2106.0,1529.2,,,81.1,113.7,266.7,162.3,93.1,,,1132.4,988.0,577.1,926.9,2500.9,,,1600.5,3334.5,1057.6,1622.2,4801.7,,,1446.3,1752.4,738.7,2106.0,2052.0,,,,,,,,,,,,,,,,,2052.0,4707.6,5335.2,6859.6,4617.0,,,1765.3,3637.6,3751.3,5716.3,4069.2,,,3693.6,4069.2,5108.2,7744.7,1237.5,,,5716.3,6002.1,5716.3,4365.2,8002.9,,,7744.7,5583.4,8892.1,6318.0,7502.7,,,3693.6,3583.3,1121.9,5108.2,5456.5,,,,,,,,,,,,,,,,,,,,,,,,,,,,,,,,,,,,,,,,,,,,,,,,,,,,,,,,,,,,,,,,,,,,,,,,,,,,,,,,,,,,,,,,,,,,,,,,,,,,,,,,,,,,,,,,,,,,,,,,,,,,,,,,
20261009_奈良_2R,20261009,53,奈良,2,11.3,16.5,45.5,56.1,179.1,,,25.6,49.1,98.4,162.3,337.8,,,8.4,16.9,34.7,11.5,110.4,,,69.5,153.9,90.1,332.7,196.2,,,222.1,277.8,121.0,486.6,889.3,,,442.1,692.4,486.6,367.5,1004.8,,,,,,,,,,,,,,,,,22.5,41.1,108.6,138.8,311.6,,,21.7,45.8,59.6,148.8,216.2,,,107.0,123.0,425.1,371.9,988.8,,,136.2,124.1,291.4,979.4,343.1,,,823.1,565.8,976.3,2009.7,2557.8,,,857.3,829.7,1682.0,973.2,2763.4,,,,,,,,,,,,,,,,,50.7,92.8,229.0,306.4,680.2,,,25.6,61.1,98.1,178.9,324.4,,,141.3,150.4,548.7,393.2,1194.9,,,360.3,255.1,675.7,1637.5,631.6,,,1181.3,1125.4,1439.5,2738.9,4239.7,,,2036.2,1328.3,2947.6,1672.9,4689.4,,,,,,,,,,,,,,,,,28.9,41.4,66.5,26.0,173.1,,,109.5,167.3,457.8,345.8,1089.8,,,127.3,173.9,583.9,370.2,1038.6,,,320.7,791.5,881.7,952.3,1322.6,,,157.1,297.8,571.0,705.0,1387.9,,,1172.3,3126.2,3917.7,2622.9,3774.4,,,,,,,,,,,,,,,,,100.0,273.8,93.1,567.8,265.6,,,136.3,202.2,383.0,894.5,346.9,,,368.4,189.9,716.4,1532.1,650.2,,,299.6,605.6,766.0,546.8,620.2,,,1595.3,2226.6,3223.9,1820.6,2022.8,,,140.1,192.3,415.9,350.9,683.2,,,,,,,,,,,,,,,,,1284.2,1709.9,479.8,2788.3,4551.5,,,1809.9,2344.7,1971.3,3438.9,6068.6,,,1910.5,2417.9,2292.6,5429.8,7034.1,,,440.2,1294.9,2309.7,3004.8,4551.5,,,4359.2,4359.2,6190.0,5158.3,5731.5,,,6728.3,6877.8,8597.3,7197.7,6728.3,,,,,,,,,,,,,,,,,1369.4,1922.3,1194.9,1176.8,2738.9,,,1971.3,2557.8,3967.9,2105.4,5245.8,,,3517.0,2714.9,4239.7,2975.9,8144.8,,,2077.2,3917.7,4689.4,2892.5,4991.9,,,580.6,709.8,910.3,797.6,2134.5,,,5627.3,6447.9,8364.9,6877.8,5526.8,,,,,,,,,,,,,,,,,,,,,,,,,,,,,,,,,,,,,,,,,,,,,,,,,,,,,,,,,,,,,,,,,,,,,,,,,,,,,,,,,,,,,,,,,,,,,,,,,,,,,,,,,,,,,,,,,,,,,,,,,,,,,,,,
20261009_奈良_3R,20261009,53,奈良,3,6.3,12.4,1.9,16.7,43.1,,,16.4,79.9,55.3,17.8,83.8,,,151.2,298.0,280.2,508.1,697.2,,,45.1,160.2,172.9,351.0,459.1,,,57.2,33.1,245.3,199.7,99.8,,,291.3,313.3,684.5,574.3,350.6,,,,,,,,,,,,,,,,,80.6,110.8,36.3,198.3,308.7,,,184.3,1059.4,606.9,934.0,1934.4,,,724.2,1897.6,1281.3,2096.7,4836.0,,,200.9,669.2,881.8,1897.6,1946.9,,,620.7,1016.3,2540.9,2418.0,3612.4,,,1249.3,3527.4,4475.1,2306.4,6246.5,,,,,,,,,,,,,,,,,67.3,358.2,224.2,119.0,469.2,,,129.6,727.7,387.3,464.8,1026.8,,,1114.6,1082.4,3028.6,2677.0,5169.5,,,692.4,859.1,2939.5,1985.6,2653.3,,,182.0,312.0,1144.3,948.8,613.1,,,1529.7,2053.6,5081.8,4409.2,1985.6,,,,,,,,,,,,,,,,,1090.2,2653.3,3407.1,3945.1,7495.8,,,1414.3,4409.2,3446.3,4684.8,9999.9,,,2725.7,4836.0,9672.0,7312.9,9999.9,,,3747.9,4475.1,8103.5,9369.7,9999.9,,,4915.2,5996.6,9994.4,9999.9,9999.9,,,9999.9,9999.9,9999.9,9999.9,9999.9,,,,,,,,,,,,,,,,,397.6,1204.1,1817.1,3997.7,3893.9,,,436.4,1199.3,1972.5,4836.0,4684.8,,,1394.5,1578.0,6119.0,6814.3,8566.6,,,3331.4,3747.9,5766.0,9999.9,9999.9,,,7688.0,8328.6,7495.8,9999.9,9999.9,,,6814.3,8818.5,9999.9,9999.9,9999.9,,,,,,,,,,,,,,,,,418.1,309.4,1862.3,2053.6,1127.1,,,719.0,1030.3,3156.1,3123.2,2324.2,,,338.4,610.6,1972.5,2067.8,837.5,,,3893.9,5766.0,4684.8,9999.9,9999.9,,,4684.8,5169.5,4684.8,7312.9,7495.8,,,3259.0,4345.3,2630.1,8103.5,7890.3,,,,,,,,,,,,,,,,,1620.7,2968.6,5169.5,3701.6,3795.3,,,2288.7,5879.0,8818.5,5169.5,8103.5,,,3331.4,6972.8,9085.8,7495.8,4612.8,,,7688.0,9999.9,9999.9,9999.9,9999.9,,,6662.9,7688.0,9672.0,8566.6,9999.9,,,4915.2,8566.6,3747.9,8818.5,9672.0,,,,,,,,,,,,,,,,,,,,,,,,,,,,,,,,,,,,,,,,,,,,,,,,,,,,,,,,,,,,,,,,,,,,,,,,,,,,,,,,,,,,,,,,,,,,,,,,,,,,,,,,,,,,,,,,,,,,,,,,,,,,,,,,
20261009_奈良_4R,20261009,53,奈良,4,3.4,31.6,9.0,7.6,28.3,,,26.7,51.7,30.7,100.6,267.5,,,242.8,238.8,420.3,671.2,1117.1,,,58.9,45.4,193.6,161.8,427.4,,,66.2,120.5,362.9,185.2,143.2,,,260.1,562.4,874.1,635.0,343.6,,,,,,,,,,,,,,,,,7.5,52.5,16.5,12.1,48.4,,,109.4,481.8,311.2,563.3,1216.1,,,621.8,1156.3,2168.2,2099.1,2916.5,,,194.2,414.0,1420.5,1046.2,1800.9,,,195.4,708.7,1762.4,1207.2,925.7,,,768.2,2535.1,2769.4,3362.9,2182.5,,,,,,,,,,,,,,,,,97.2,256.4,163.3,371.9,977.9,,,160.4,688.0,375.7,832.2,1504.8,,,618.3,755.8,421.9,1181.2,2034.3,,,186.6,295.5,242.1,689.4,1152.3,,,944.3,1267.5,1734.5,1356.2,2059.8,,,3138.7,4280.1,4019.1,3621.6,3199.7,,,,,,,,,,,,,,,,,1238.9,1810.8,2615.6,3506.0,5885.1,,,1367.5,2515.8,4225.2,3703.0,6591.4,,,1771.8,2701.3,1177.0,3433.0,5402.7,,,3877.2,7664.4,1445.4,9416.2,9999.9,,,6103.1,4280.1,5585.9,9999.9,8239.2,,,9693.2,8672.9,9986.9,9999.9,9999.9,,,,,,,,,,,,,,,,,211.2,238.9,1140.3,675.3,1672.9,,,332.5,611.4,2226.8,1743.7,2916.5,,,198.2,388.6,181.5,992.6,1716.5,,,2021.9,3469.1,925.7,4225.2,4708.1,,,1243.6,2890.9,2226.8,6725.9,2441.2,,,3788.1,5992.1,4776.3,8672.9,3582.2,,,,,,,,,,,,,,,,,101.3,319.6,1229.7,558.5,349.4,,,187.0,757.6,1584.4,1498.0,910.4,,,724.3,1105.9,1373.2,1211.6,1464.7,,,4577.3,4394.2,3231.0,5402.7,4641.8,,,1017.1,1927.3,1185.5,3703.0,2182.5,,,466.8,817.7,754.1,1426.7,1384.7,,,,,,,,,,,,,,,,,1445.4,4993.4,6462.1,4776.3,1861.9,,,1800.9,6725.9,7323.7,6866.0,4453.6,,,5992.1,6725.9,7012.1,7490.2,5149.5,,,9693.2,9999.9,9986.9,8907.3,9999.9,,,7164.5,7664.4,7164.5,6866.0,4993.4,,,1426.7,2034.3,2272.8,4918.9,2595.0,,,,,,,,,,,,,,,,,,,,,,,,,,,,,,,,,,,,,,,,,,,,,,,,,,,,,,,,,,,,,,,,,,,,,,,,,,,,,,,,,,,,,,,,,,,,,,,,,,,,,,,,,,,,,,,,,,,,,,,,,,,,,,,,
20261009_奈良_5R,20261009,53,奈良,5,60.8,156.8,191.4,242.7,232.9,,,15.0,11.1,27.1,35.4,8.3,,,130.8,34.3,78.4,389.9,117.8,,,247.7,99.9,136.7,696.3,326.7,,,203.0,133.4,459.8,682.0,398.0,,,346.1,71.6,189.1,434.7,626.2,,,,,,,,,,,,,,,,,179.7,324.1,556.8,317.4,750.4,,,199.6,371.4,700.3,453.6,981.1,,,403.2,446.9,576.0,639.3,1951.9,,,826.5,1108.6,839.7,1305.9,2479.5,,,123.4,349.4,482.8,626.2,1092.1,,,1698.9,2759.1,3336.0,3397.8,3336.0,,,,,,,,,,,,,,,,,22.6,14.6,26.0,31.5,10.3,,,100.6,162.3,295.2,217.5,442.1,,,59.6,136.8,82.2,313.6,359.0,,,134.7,420.8,126.9,855.4,613.6,,,169.5,251.3,383.8,753.5,1054.5,,,234.1,1125.6,857.4,1195.3,1369.2,,,,,,,,,,,,,,,,,91.7,30.4,40.7,228.3,129.3,,,248.9,253.4,239.6,530.2,929.0,,,51.9,162.0,82.8,255.0,265.7,,,32.0,87.3,47.1,237.3,260.0,,,557.7,507.5,726.6,762.9,1675.6,,,779.1,2061.6,1227.3,1261.0,2146.0,,,,,,,,,,,,,,,,,562.8,257.3,132.8,922.0,796.0,,,777.4,1129.1,538.0,1485.6,2479.5,,,255.9,853.4,260.2,1872.2,1790.0,,,56.0,211.3,141.0,322.7,607.5,,,892.8,1354.1,2912.4,873.7,4530.4,,,2983.4,4218.0,4828.5,2382.9,6327.0,,,,,,,,,,,,,,,,,137.4,133.9,390.8,477.8,461.5,,,66.3,198.2,256.6,372.9,744.3,,,157.2,495.9,733.9,1645.5,1853.3,,,563.6,685.9,1164.9,873.7,3903.9,,,931.3,1292.1,2801.2,1315.2,4828.5,,,3136.4,3032.7,3247.5,5396.5,5168.5,,,,,,,,,,,,,,,,,1881.8,387.0,1243.9,2659.1,3247.5,,,2367.5,5096.7,5645.6,6015.8,6015.8,,,434.2,4077.4,2621.1,4892.9,5096.7,,,1834.8,5242.3,3366.6,3336.0,9174.1,,,3862.8,5918.8,6795.6,3988.7,9918.0,,,4421.2,5733.8,5242.3,9174.1,8534.1,,,,,,,,,,,,,,,,,,,,,,,,,,,,,,,,,,,,,,,,,,,,,,,,,,,,,,,,,,,,,,,,,,,,,,,,,,,,,,,,,,,,,,,,,,,,,,,,,,,,,,,,,,,,,,,,,,,,,,,,,,,,,,,,
20261009_奈良_6R,20261009,53,奈良,6,21.9,4.5,105.0,275.9,66.4,,,75.1,204.6,607.8,973.3,191.3,,,43.9,244.1,322.7,1321.9,547.4,,,624.1,1672.5,1125.3,3153.3,2543.8,,,1271.9,1903.9,2383.6,3290.4,2543.8,,,292.4,354.0,890.3,2293.3,1085.0,,,,,,,,,,,,,,,,,17.2,2.4,59.8,252.6,53.6,,,50.6,80.8,352.0,909.0,247.1,,,6.1,56.0,46.6,411.8,154.6,,,289.9,957.9,340.5,2802.9,1215.7,,,964.0,2727.2,1299.2,3831.9,2655.4,,,218.0,404.1,359.1,1062.1,1339.4,,,,,,,,,,,,,,,,,111.9,355.3,989.2,1133.7,431.8,,,111.4,191.3,922.9,1256.1,416.3,,,552.4,447.1,1521.2,4090.8,1880.2,,,2501.8,3691.7,4962.6,6306.7,6727.1,,,2146.9,2997.2,4146.8,4518.2,1521.2,,,458.6,397.7,922.9,1791.2,434.3,,,,,,,,,,,,,,,,,39.4,340.1,339.3,1521.2,872.3,,,24.8,199.4,171.0,976.5,418.1,,,570.0,458.6,2193.6,3881.0,2018.1,,,736.5,485.9,1720.0,2383.6,1345.4,,,4090.8,2883.0,6727.1,7762.1,5711.7,,,1536.6,1142.3,2802.9,2177.8,4730.0,,,,,,,,,,,,,,,,,1636.3,4324.6,2855.8,7040.0,6880.0,,,1576.6,5219.3,1054.7,5935.7,5045.3,,,4387.2,7568.0,7762.1,9999.9,9999.9,,,2565.4,1069.6,4657.2,6178.0,6054.4,,,9999.9,8903.6,9999.9,9999.9,7568.0,,,9999.9,7762.1,9999.9,9173.4,7762.1,,,,,,,,,,,,,,,,,4090.8,4962.6,6727.1,9999.9,7207.6,,,3220.4,7040.0,4146.8,7207.6,6727.1,,,4146.8,5935.7,7383.4,8903.6,3326.6,,,6880.0,5045.3,9999.9,9999.9,9999.9,,,9999.9,9999.9,9999.9,8408.9,9999.9,,,6727.1,6178.0,3120.8,9173.4,8181.6,,,,,,,,,,,,,,,,,805.1,1129.5,1940.5,6054.4,2102.2,,,681.8,928.5,1133.7,3057.8,2383.6,,,747.4,628.0,1483.9,3089.0,684.8,,,3363.5,2242.3,3255.0,5605.9,5711.7,,,9999.9,6727.1,9999.9,7568.0,9999.9,,,4090.8,3440.0,1691.1,5310.9,6178.0,,,,,,,,,,,,,,,,,,,,,,,,,,,,,,,,,,,,,,,,,,,,,,,,,,,,,,,,,,,,,,,,,,,,,,,,,,,,,,,,,,,,,,,,,,,,,,,,,,,,,,,,,,,,,,,,,,,,,,,,,,,,,,,,
20261009_奈良_7R,20261009,53,奈良,7,115.9,186.7,391.4,463.1,626.2,,,117.8,136.9,522.9,306.8,661.4,,,125.3,69.6,240.7,343.8,222.6,,,687.6,559.0,592.6,1423.7,508.3,,,794.0,547.2,925.0,2292.3,2413.7,,,1175.7,1047.3,765.7,646.2,2292.3,,,,,,,,,,,,,,,,,60.3,95.4,224.9,192.7,332.5,,,14.1,25.1,29.4,7.9,59.0,,,107.1,104.0,344.8,259.0,762.5,,,189.3,94.3,406.3,324.2,123.7,,,249.6,73.8,427.2,544.0,826.4,,,402.2,278.2,806.3,307.3,1349.9,,,,,,,,,,,,,,,,,54.6,106.5,269.3,139.0,418.9,,,11.7,25.0,39.0,5.6,70.3,,,104.0,84.4,435.4,218.5,851.5,,,255.4,121.6,513.3,348.7,440.7,,,77.4,25.4,157.6,239.4,400.0,,,600.4,301.9,1446.3,665.1,828.3,,,,,,,,,,,,,,,,,50.4,35.2,158.8,202.7,135.0,,,116.7,121.2,645.0,471.5,1128.4,,,65.0,73.4,582.2,209.5,585.0,,,363.0,934.5,795.8,2047.6,777.1,,,690.3,797.5,654.3,2144.0,2429.8,,,685.1,1795.4,1391.1,1111.2,2869.9,,,,,,,,,,,,,,,,,417.0,325.4,436.5,1081.5,364.4,,,219.5,94.7,652.0,359.8,183.3,,,204.9,96.5,682.5,324.8,230.9,,,397.4,1111.2,884.6,2397.8,891.1,,,2082.7,1418.2,1396.4,2720.0,1878.7,,,127.3,193.5,114.4,268.9,646.2,,,,,,,,,,,,,,,,,745.3,593.6,1457.9,1850.1,2847.5,,,533.6,142.1,768.9,1068.8,1499.9,,,292.0,102.8,440.1,663.8,1032.5,,,1434.9,1256.8,1059.5,2963.2,3471.2,,,2761.2,1898.3,1695.2,3225.4,2397.8,,,3197.1,3504.6,2531.1,4141.8,3142.0,,,,,,,,,,,,,,,,,1499.9,874.0,428.8,352.8,2496.4,,,1206.8,859.6,2156.6,882.5,2869.9,,,959.1,861.6,1928.4,745.3,1840.8,,,432.8,2059.2,1634.4,522.1,3225.4,,,189.3,459.0,281.2,374.5,1223.0,,,4141.8,3961.7,3142.0,4859.7,2803.6,,,,,,,,,,,,,,,,,,,,,,,,,,,,,,,,,,,,,,,,,,,,,,,,,,,,,,,,,,,,,,,,,,,,,,,,,,,,,,,,,,,,,,,,,,,,,,,,,,,,,,,,,,,,,,,,,,,,,,,,,,,,,,,,
20261009_奈良_8R,20261009,53,奈良,8,18.9,26.7,33.8,17.5,236.8,,,4.0,5.9,10.4,6.2,141.4,,,29.0,19.9,18.4,61.5,272.9,,,75.7,77.2,41.2,138.0,173.4,,,22.1,44.2,83.7,122.2,511.6,,,726.9,632.9,726.9,590.5,1026.9,,,,,,,,,,,,,,,,,195.5,402.6,486.2,292.3,1403.0,,,339.6,1053.9,1439.6,1082.4,4156.0,,,959.7,1463.5,1656.1,1425.7,4405.4,,,1106.8,2842.2,2224.9,2407.3,4195.6,,,431.4,821.9,1109.6,1177.9,2488.9,,,2898.3,7595.5,5576.4,5647.9,5873.9,,,,,,,,,,,,,,,,,70.3,126.9,137.0,116.6,594.5,,,263.6,782.4,1138.3,760.8,2753.3,,,526.9,1024.5,1508.7,1783.5,3169.3,,,673.6,2180.9,2049.0,3102.4,4637.2,,,400.1,994.4,1923.7,2282.6,4686.6,,,3080.7,6384.6,5244.5,7222.0,7466.8,,,,,,,,,,,,,,,,,391.5,250.3,268.4,675.6,2247.6,,,1003.5,1540.3,2128.2,2180.9,5796.6,,,676.7,1579.0,2191.7,3080.7,4949.9,,,440.9,1184.2,1458.7,1643.8,839.1,,,1425.7,2447.4,4361.8,3581.6,8009.8,,,2702.7,6777.5,6478.5,2719.4,4079.1,,,,,,,,,,,,,,,,,961.8,650.7,755.6,1216.9,1866.7,,,1280.6,3765.3,2976.6,3933.4,5063.7,,,1053.9,5063.7,3388.7,6883.4,7466.8,,,795.2,1584.6,1334.9,1631.6,1159.3,,,2180.9,5307.7,3733.4,5721.3,8638.1,,,1966.7,4841.1,5647.9,2474.9,7342.3,,,,,,,,,,,,,,,,,417.5,308.2,985.5,1193.8,4319.0,,,477.8,895.4,1213.6,1584.6,3765.3,,,459.3,1389.7,2860.6,3671.1,9373.2,,,1573.3,2898.3,5372.4,3312.3,9999.9,,,2107.8,4949.9,6777.5,4195.6,8312.1,,,9577.0,9999.9,9999.9,9999.9,9999.9,,,,,,,,,,,,,,,,,6034.8,6034.8,7342.3,2591.4,9999.9,,,6384.6,9999.9,9999.9,9999.9,9999.9,,,6293.4,9999.9,9999.9,9999.9,9999.9,,,8990.6,9999.9,9999.9,4319.0,9999.9,,,2860.6,9789.8,9999.9,3702.0,9999.9,,,9999.9,9999.9,9999.9,9999.9,9999.9,,,,,,,,,,,,,,,,,,,,,,,,,,,,,,,,,,,,,,,,,,,,,,,,,,,,,,,,,,,,,,,,,,,,,,,,,,,,,,,,,,,,,,,,,,,,,,,,,,,,,,,,,,,,,,,,,,,,,,,,,,,,,,,,
20261009_奈良_9R,20261009,53,奈良,9,0.0,0.0,0.0,0.0,0.0,,,0.0,38.0,48.7,18.0,52.0,,,0.0,33.9,24.3,16.8,73.3,,,0.0,47.3,29.0,21.5,88.7,,,0.0,9.9,9.8,13.5,56.7,,,0.0,129.2,153.8,172.7,125.2,,,,,,,,,,,,,,,,,0.0,0.0,0.0,0.0,0.0,,,0.0,0.0,0.0,0.0,0.0,,,0.0,0.0,0.0,0.0,0.0,,,0.0,0.0,0.0,0.0,0.0,,,0.0,0.0,0.0,0.0,0.0,,,0.0,0.0,0.0,0.0,0.0,,,,,,,,,,,,,,,,,0.0,170.2,198.4,138.6,185.8,,,0.0,0.0,0.0,0.0,0.0,,,266.6,0.0,340.8,450.7,279.7,,,331.9,0.0,410.2,667.7,383.1,,,164.6,0.0,341.7,503.1,328.1,,,189.0,0.0,220.3,296.9,360.7,,,,,,,,,,,,,,,,,0.0,45.6,34.4,36.0,90.2,,,0.0,0.0,0.0,0.0,0.0,,,93.9,0.0,145.1,145.1,104.3,,,40.0,0.0,77.6,87.8,131.3,,,56.7,0.0,120.8,137.0,315.0,,,210.4,0.0,193.7,263.2,371.0,,,,,,,,,,,,,,,,,0.0,106.0,66.0,72.0,168.7,,,0.0,0.0,0.0,0.0,0.0,,,212.0,0.0,252.7,354.2,265.5,,,73.0,0.0,136.8,150.2,198.9,,,135.9,0.0,303.8,234.5,447.3,,,296.0,0.0,366.0,353.8,544.4,,,,,,,,,,,,,,,,,0.0,34.1,32.1,49.8,140.5,,,0.0,0.0,0.0,0.0,0.0,,,116.1,0.0,180.8,245.1,209.2,,,88.3,0.0,214.4,190.9,364.2,,,117.6,0.0,237.9,171.5,407.6,,,463.5,0.0,600.4,790.5,782.9,,,,,,,,,,,,,,,,,0.0,342.1,372.5,418.1,325.3,,,0.0,0.0,0.0,0.0,0.0,,,283.7,0.0,328.1,428.1,462.2,,,401.1,0.0,465.5,520.4,816.3,,,454.5,0.0,600.9,526.8,823.6,,,466.9,0.0,776.3,1001.5,1055.3,,,,,,,,,,,,,,,,,,,,,,,,,,,,,,,,,,,,,,,,,,,,,,,,,,,,,,,,,,,,,,,,,,,,,,,,,,,,,,,,,,,,,,,,,,,,,,,,,,,,,,,,,,,,,,,,,,,,,,,,,,,,,,,,
20261009_高知_1R,20261009,74,高知,1,1431.8,582.9,2141.0,848.4,1309.0,,,609.2,80.4,338.3,203.2,124.1,,,74.3,32.0,113.4,17.3,32.6,,,1547.9,858.0,526.6,1055.7,569.8,,,309.1,220.2,77.0,824.0,356.8,,,585.9,195.9,130.3,218.5,469.4,,,,,,,,,,,,,,,,,3818.1,1245.0,4675.3,1893.3,3524.4,,,3320.1,3095.8,4581.8,2101.7,3014.3,,,574.1,2633.2,2437.1,469.4,1648.1,,,4581.8,5327.6,4405.5,2517.4,3755.5,,,1106.7,1893.3,643.5,1789.7,1974.9,,,3368.9,3579.5,2361.7,3138.2,2490.1,,,,,,,,,,,,,,,,,639.9,78.3,315.1,189.9,118.6,,,1636.3,1101.3,1722.4,1009.2,1193.1,,,51.6,299.4,157.2,52.5,52.8,,,639.9,1134.1,302.6,830.0,118.1,,,326.8,537.7,210.7,612.5,219.4,,,73.9,203.9,35.8,20.8,121.5,,,,,,,,,,,,,,,,,34.4,19.5,78.1,6.1,24.0,,,143.2,548.0,614.1,142.5,326.3,,,52.8,380.5,241.4,63.3,80.6,,,196.1,485.3,421.8,431.4,232.8,,,9.4,34.0,70.5,165.4,55.7,,,57.6,199.0,103.7,106.2,130.6,,,,,,,,,,,,,,,,,2975.2,1339.7,909.0,2202.7,1301.6,,,3419.2,4090.9,1877.7,2268.2,2663.8,,,1294.2,2899.8,974.8,1624.7,354.0,,,620.8,1279.8,991.7,1168.8,545.4,,,1762.2,1487.6,1590.9,1388.4,1331.9,,,891.4,1055.7,259.7,438.8,901.9,,,,,,,,,,,,,,,,,378.0,409.0,84.7,909.0,526.6,,,350.2,912.7,206.3,1065.5,447.4,,,534.0,935.0,335.9,1055.7,671.8,,,38.3,74.5,206.7,259.7,109.1,,,1507.1,1478.0,1355.5,1128.5,1251.8,,,746.2,685.8,920.0,358.5,809.5,,,,,,,,,,,,,,,,,1205.7,289.9,260.9,435.5,836.0,,,2101.7,711.4,1431.8,582.9,1696.9,,,179.8,541.5,112.2,51.7,316.4,,,161.7,461.8,170.3,183.2,334.9,,,502.3,478.2,112.1,203.4,537.7,,,1101.3,974.8,787.2,700.5,784.5,,,,,,,,,,,,,,,,,,,,,,,,,,,,,,,,,,,,,,,,,,,,,,,,,,,,,,,,,,,,,,,,,,,,,,,,,,,,,,,,,,,,,,,,,,,,,,,,,,,,,,,,,,,,,,,,,,,,,,,,,,,,,,,,
20261009_高知_2R,20261009,74,高知,2,460.6,223.0,314.2,238.4,216.7,,,541.4,422.2,340.1,731.9,222.5,,,215.0,343.7,366.6,508.0,206.7,,,502.8,278.7,563.0,538.5,172.1,,,368.7,737.4,478.5,418.7,389.8,,,119.2,96.7,146.8,63.9,194.9,,,,,,,,,,,,,,,,,784.2,121.6,286.4,131.9,263.8,,,726.5,335.5,734.6,723.9,400.0,,,59.8,193.3,92.8,24.8,67.7,,,341.3,998.1,245.8,312.2,300.8,,,69.7,561.4,35.6,147.3,117.7,,,221.3,274.8,122.6,128.6,210.4,,,,,,,,,,,,,,,,,710.9,457.4,423.1,848.2,263.8,,,688.6,255.3,647.9,681.4,279.1,,,284.3,158.9,244.2,426.8,88.0,,,472.8,781.1,484.3,1162.5,161.3,,,1062.5,1235.2,1091.9,1362.9,910.7,,,99.7,114.9,61.8,27.2,286.8,,,,,,,,,,,,,,,,,181.8,323.9,325.5,402.5,142.0,,,73.4,111.6,122.2,42.6,35.5,,,261.4,145.5,319.2,389.8,85.4,,,394.4,444.1,555.1,745.7,230.0,,,333.2,173.9,830.3,665.4,457.4,,,57.7,48.9,44.0,50.5,222.5,,,,,,,,,,,,,,,,,890.2,674.5,766.0,1003.2,318.2,,,859.2,1660.7,914.9,1283.3,676.8,,,627.4,1485.9,1155.7,1593.8,280.3,,,945.6,1212.4,1110.3,1581.0,572.8,,,914.9,1421.8,1581.0,1718.5,1116.5,,,163.4,361.3,121.8,338.9,608.1,,,,,,,,,,,,,,,,,143.7,700.8,271.8,216.4,202.0,,,82.8,691.0,58.2,192.6,155.2,,,1227.5,1581.0,1205.0,1335.3,978.3,,,391.3,173.2,1162.5,734.6,537.0,,,404.1,615.6,1463.9,1079.9,271.1,,,312.7,423.1,641.6,645.8,166.3,,,,,,,,,,,,,,,,,109.4,58.3,111.4,44.2,241.6,,,174.4,153.0,138.4,142.0,408.3,,,30.5,47.4,28.5,11.8,200.4,,,70.2,74.2,52.2,70.3,281.5,,,32.2,81.5,22.5,88.7,213.6,,,447.1,581.2,629.4,723.9,381.5,,,,,,,,,,,,,,,,,,,,,,,,,,,,,,,,,,,,,,,,,,,,,,,,,,,,,,,,,,,,,,,,,,,,,,,,,,,,,,,,,,,,,,,,,,,,,,,,,,,,,,,,,,,,,,,,,,,,,,,,,,,,,,,,
20261009_高知_3R,20261009,74,高知,3,2108.4,2254.8,836.8,2004.3,811.7,,,2286.6,2423.1,2661.4,2193.9,2286.6,,,1824.1,2352.9,2164.6,2618.5,1708.9,,,594.6,1956.0,2254.8,1824.1,652.0,,,1979.8,2319.3,2705.8,2497.7,2751.7,,,702.8,1764.6,1784.0,577.7,2081.4,,,,,,,,,,,,,,,,,1151.4,1034.0,267.0,1546.2,251.3,,,784.3,372.3,209.7,586.1,113.0,,,788.1,535.8,306.3,649.4,228.3,,,76.2,186.6,233.5,484.6,32.0,,,1239.3,972.1,1054.2,906.9,603.5,,,64.1,42.3,72.1,8.6,142.0,,,,,,,,,,,,,,,,,1623.5,1708.9,1229.9,1202.6,1111.9,,,762.2,381.1,237.3,413.1,142.9,,,1341.7,636.6,892.0,282.8,354.4,,,561.7,419.5,922.4,699.7,344.6,,,397.9,329.9,317.7,389.3,204.7,,,278.9,91.2,137.2,131.1,118.1,,,,,,,,,,,,,,,,,1176.4,395.9,933.0,342.5,322.1,,,682.1,490.4,407.9,696.7,249.7,,,331.3,537.5,679.2,121.8,146.5,,,406.8,421.6,803.7,955.0,360.7,,,906.9,906.9,679.2,1096.9,634.1,,,143.4,116.1,74.4,145.7,127.0,,,,,,,,,,,,,,,,,256.4,966.3,1021.0,933.0,244.1,,,108.0,354.4,469.2,338.9,36.3,,,896.9,520.3,1068.0,1047.4,474.7,,,949.4,744.7,1364.2,1639.9,690.8,,,1258.5,1387.6,1576.2,2108.4,1673.7,,,83.0,34.4,308.6,435.2,548.4,,,,,,,,,,,,,,,,,2799.1,2286.6,2848.2,1956.0,2319.3,,,2029.3,1503.2,1910.0,1475.9,1229.9,,,983.9,718.3,480.3,748.1,507.3,,,2081.4,1803.9,1278.3,1364.2,906.9,,,1784.0,2319.3,2254.8,3006.5,2254.8,,,1708.9,1002.1,788.1,1193.7,1462.6,,,,,,,,,,,,,,,,,128.2,401.8,507.3,123.8,603.5,,,23.5,17.6,36.7,4.7,57.6,,,112.8,33.7,47.3,38.4,42.3,,,211.6,99.1,77.0,138.9,141.9,,,29.0,11.9,83.7,125.4,155.3,,,432.9,260.5,147.9,247.8,304.0,,,,,,,,,,,,,,,,,,,,,,,,,,,,,,,,,,,,,,,,,,,,,,,,,,,,,,,,,,,,,,,,,,,,,,,,,,,,,,,,,,,,,,,,,,,,,,,,,,,,,,,,,,,,,,,,,,,,,,,,,,,,,,,,
20261009_高知_4R,20261009,74,高知,4,287.1,291.9,144.5,500.7,240.5,,,452.3,47.9,179.7,321.4,191.1,,,79.1,8.2,24.3,86.2,28.4,,,41.7,79.9,41.8,145.4,26.0,,,555.5,479.1,278.6,290.0,396.8,,,111.4,91.9,45.2,27.6,187.5,,,,,,,,,,,,,,,,,1742.8,867.1,522.8,1616.1,646.4,,,2402.3,1616.1,1378.0,2091.4,2308.7,,,1064.5,1532.5,823.0,1316.8,1587.2,,,306.5,460.5,325.5,356.9,97.2,,,1616.1,1725.9,1226.0,897.8,1367.4,,,604.6,1519.4,1004.3,216.2,1185.1,,,,,,,,,,,,,,,,,2067.1,232.0,982.1,740.7,1832.6,,,2576.4,2020.1,1911.5,2020.1,3118.8,,,198.8,1316.8,811.7,594.5,1316.8,,,1097.3,1630.9,1021.6,1795.6,1630.9,,,1457.1,2339.1,1307.1,1911.5,3418.6,,,1953.5,2914.2,1457.1,1760.1,3950.4,,,,,,,,,,,,,,,,,217.5,27.3,52.9,94.2,72.6,,,596.5,1051.9,681.1,1226.0,1251.9,,,70.5,613.0,249.6,196.2,294.8,,,137.7,347.2,270.9,352.7,229.9,,,274.7,862.9,365.7,466.5,834.6,,,140.6,750.0,283.0,233.9,632.6,,,,,,,,,,,,,,,,,73.2,206.9,70.9,196.8,47.5,,,86.0,214.4,112.7,143.1,24.7,,,644.1,537.0,586.7,888.8,424.2,,,131.9,205.5,305.4,356.2,154.3,,,288.1,260.6,617.2,328.5,171.7,,,29.0,12.8,117.8,50.7,80.4,,,,,,,,,,,,,,,,,637.1,637.1,405.8,298.7,548.6,,,1015.8,1058.1,925.8,545.3,982.1,,,1177.2,1481.4,911.6,1234.5,1677.0,,,224.7,428.3,295.3,284.4,413.4,,,230.8,194.2,307.5,237.9,190.1,,,867.1,976.7,743.8,566.1,431.4,,,,,,,,,,,,,,,,,166.9,236.7,69.8,54.2,264.9,,,334.1,766.2,487.0,134.0,797.1,,,586.7,1378.0,540.3,783.1,1532.5,,,125.7,452.3,253.2,171.9,485.7,,,31.5,21.2,162.7,58.2,150.2,,,602.6,1077.4,743.8,516.7,512.3,,,,,,,,,,,,,,,,,,,,,,,,,,,,,,,,,,,,,,,,,,,,,,,,,,,,,,,,,,,,,,,,,,,,,,,,,,,,,,,,,,,,,,,,,,,,,,,,,,,,,,,,,,,,,,,,,,,,,,,,,,,,,,,,
20261009_高知_5R,20261009,74,高知,5,667.3,532.3,529.3,1570.1,443.8,,,390.9,245.2,134.6,498.2,312.4,,,80.0,111.4,33.8,249.4,35.1,,,43.9,26.0,12.5,19.8,19.9,,,1583.4,689.4,925.0,293.7,1021.0,,,145.7,254.2,95.0,84.3,549.5,,,,,,,,,,,,,,,,,2965.9,1698.6,2031.0,4791.0,2306.8,,,2874.6,2335.6,2031.0,3336.6,2053.3,,,1746.2,1762.7,2919.5,3166.9,857.1,,,1906.6,2172.6,3397.3,3975.5,2919.5,,,7186.6,4671.3,3114.2,5190.3,8493.2,,,1966.8,1730.1,785.0,2009.1,4345.3,,,,,,,,,,,,,,,,,889.7,457.9,157.5,637.7,402.6,,,1557.1,1506.8,1254.0,1404.9,1205.4,,,622.8,885.5,686.9,1946.3,519.0,,,113.8,651.0,486.5,298.4,335.4,,,1167.8,1987.7,2426.6,968.1,2009.1,,,681.9,775.3,684.4,566.2,1583.4,,,,,,,,,,,,,,,,,94.3,150.6,36.0,383.6,38.6,,,319.9,360.0,456.8,1118.8,120.8,,,349.2,342.2,362.8,1344.2,306.3,,,31.1,189.1,187.0,254.5,90.7,,,1850.0,2335.6,1966.8,1544.2,2788.8,,,38.8,21.1,79.3,54.0,391.7,,,,,,,,,,,,,,,,,76.8,13.5,8.6,12.7,13.0,,,423.7,1080.0,747.4,1394.4,920.4,,,49.8,486.5,237.4,159.8,206.2,,,29.4,280.9,193.6,254.2,109.2,,,79.1,689.4,195.4,356.5,284.8,,,58.3,240.7,187.6,129.2,346.0,,,,,,,,,,,,,,,,,4448.8,2631.7,3114.2,750.4,4557.3,,,9834.3,6027.4,6673.2,5338.6,6443.1,,,2053.3,3525.5,2559.6,1966.8,2965.9,,,4557.3,6228.4,4345.3,3737.0,7785.5,,,486.5,3114.2,1297.5,2076.1,1354.0,,,5839.1,4671.3,6443.1,6443.1,3892.7,,,,,,,,,,,,,,,,,449.1,639.9,304.3,262.4,1668.3,,,684.4,329.5,208.0,580.2,2009.1,,,721.4,384.4,334.8,633.3,2251.2,,,190.6,99.7,211.8,186.2,1092.7,,,282.6,582.0,480.3,316.1,911.4,,,3737.0,3892.7,3737.0,3114.2,2335.6,,,,,,,,,,,,,,,,,,,,,,,,,,,,,,,,,,,,,,,,,,,,,,,,,,,,,,,,,,,,,,,,,,,,,,,,,,,,,,,,,,,,,,,,,,,,,,,,,,,,,,,,,,,,,,,,,,,,,,,,,,,,,,,,
20261009_高知_6R,20261009,74,高知,6,431.1,50.9,438.6,200.1,151.2,,,1072.4,359.6,745.2,1659.3,661.2,,,10.4,35.5,15.6,17.3,3.2,,,641.9,342.1,108.1,761.4,306.4,,,191.6,857.9,103.5,810.5,228.1,,,116.5,238.9,26.8,205.2,183.0,,,,,,,,,,,,,,,,,726.8,112.5,523.4,265.2,308.5,,,2198.6,1691.2,1628.6,1675.1,2981.1,,,109.4,739.0,474.0,207.6,462.8,,,1092.4,1196.5,1542.8,1395.9,2314.3,,,173.1,582.4,170.1,483.2,458.0,,,920.8,3318.6,1046.9,3257.2,1490.5,,,,,,,,,,,,,,,,,1911.8,1418.4,1570.4,2021.7,2586.6,,,3664.3,2931.4,2705.9,1741.4,2836.9,,,1516.2,3032.5,2093.9,3997.4,4289.9,,,966.4,1441.7,1221.4,1584.5,2477.3,,,3197.9,2981.1,3823.6,2981.1,6764.9,,,5025.4,5862.9,5173.2,9999.9,8375.6,,,,,,,,,,,,,,,,,13.4,58.1,30.3,30.0,5.5,,,69.7,239.3,229.9,89.7,231.1,,,556.6,875.0,628.1,1005.0,1418.4,,,288.3,588.2,397.9,634.9,999.3,,,127.8,92.1,297.1,280.0,368.7,,,91.1,309.1,841.5,610.7,408.0,,,,,,,,,,,,,,,,,1407.1,350.3,329.3,1776.6,810.5,,,1707.6,1851.4,1832.1,2376.8,3517.7,,,621.5,1256.3,706.3,1265.3,1134.7,,,452.1,1570.4,751.6,1871.1,1643.8,,,3032.5,2021.7,2705.9,2931.4,4289.9,,,2284.2,3908.6,3197.9,3382.4,4628.6,,,,,,,,,,,,,,,,,230.5,829.6,161.3,1010.8,277.8,,,141.8,529.7,130.8,477.9,407.1,,,2093.9,1891.2,1352.9,1832.1,2512.7,,,165.6,154.4,348.2,349.6,491.3,,,1851.4,1832.1,1213.0,1342.6,2586.6,,,1256.3,1556.5,3257.2,1478.0,4187.8,,,,,,,,,,,,,,,,,906.6,2069.2,169.6,2314.3,1465.7,,,1142.1,3664.3,1478.0,3517.7,2836.9,,,4397.2,5329.9,4628.6,6065.1,8794.4,,,217.4,1164.8,3823.6,2549.1,1758.8,,,3517.7,5173.2,3257.2,1976.2,4289.9,,,2171.4,2549.1,6281.7,2119.1,4628.6,,,,,,,,,,,,,,,,,,,,,,,,,,,,,,,,,,,,,,,,,,,,,,,,,,,,,,,,,,,,,,,,,,,,,,,,,,,,,,,,,,,,,,,,,,,,,,,,,,,,,,,,,,,,,,,,,,,,,,,,,,,,,,,,
20261009_高知_7R,20261009,74,高知,7,80.7,167.1,35.1,343.3,47.5,,,215.2,678.5,323.5,1360.7,403.9,,,718.1,1332.6,975.6,1873.4,930.0,,,50.5,200.7,417.0,429.4,127.4,,,1339.5,2971.7,2371.9,1009.9,1586.1,,,64.7,209.8,334.8,102.1,443.4,,,,,,,,,,,,,,,,,27.0,85.9,11.1,177.6,16.1,,,29.5,37.0,15.7,328.9,66.1,,,241.6,193.2,234.8,599.8,297.8,,,9.2,9.7,53.5,57.3,20.4,,,590.2,979.3,920.0,335.7,708.3,,,32.4,68.6,150.5,43.5,251.9,,,,,,,,,,,,,,,,,340.1,1013.8,499.1,1887.1,656.1,,,178.5,182.7,107.8,1180.5,307.4,,,882.3,472.6,647.9,1700.9,1143.9,,,460.0,178.4,647.9,1175.1,696.8,,,3401.8,3077.8,3641.4,2559.8,4457.5,,,1030.0,683.9,1390.0,916.8,2937.9,,,,,,,,,,,,,,,,,1452.4,2371.9,1873.4,3401.8,2004.1,,,1159.3,797.9,831.3,2119.1,1511.9,,,1360.7,776.3,1678.8,2810.2,1846.7,,,1873.4,1219.5,2019.8,2393.8,2585.4,,,4971.9,3858.8,4971.9,3541.6,5875.9,,,1615.8,1973.5,2329.1,2810.2,6305.8,,,,,,,,,,,,,,,,,35.0,136.6,239.6,322.7,93.1,,,21.3,27.4,95.4,86.3,38.9,,,197.9,80.4,249.7,438.9,279.2,,,639.9,407.7,695.0,1013.8,930.0,,,347.0,201.8,627.5,732.4,373.0,,,141.0,99.8,240.9,487.8,364.1,,,,,,,,,,,,,,,,,2638.1,6305.8,4787.7,2393.8,2904.9,,,2416.2,3447.2,3357.6,1063.9,3114.9,,,5276.3,4616.7,3858.8,3231.7,5069.4,,,4971.9,4535.7,4309.0,4700.7,6803.6,,,1452.4,818.1,2371.9,2393.8,1566.9,,,3447.2,3314.6,6463.5,6987.5,2462.2,,,,,,,,,,,,,,,,,109.5,326.8,492.4,193.6,657.8,,,103.2,233.3,403.9,96.6,656.1,,,639.9,521.2,1428.3,485.9,2154.5,,,1068.3,1009.9,1626.0,1063.9,2393.8,,,275.6,166.6,351.2,708.3,736.5,,,2248.1,1887.1,3357.6,2872.6,1646.7,,,,,,,,,,,,,,,,,,,,,,,,,,,,,,,,,,,,,,,,,,,,,,,,,,,,,,,,,,,,,,,,,,,,,,,,,,,,,,,,,,,,,,,,,,,,,,,,,,,,,,,,,,,,,,,,,,,,,,,,,,,,,,,,
20261009_武雄_1R,20261009,84,武雄,1,1672.3,465.8,1108.8,3290.7,713.3,,,4163.8,3045.1,7035.4,7847.1,4080.5,,,165.6,429.5,165.3,1244.0,67.2,,,1426.7,3000.3,379.9,4163.8,875.6,,,9273.9,6182.6,5514.2,8870.7,6375.8,,,490.4,1307.8,119.5,470.1,2582.6,,,,,,,,,,,,,,,,,3091.3,775.7,1324.8,5369.1,1307.8,,,6182.6,2582.6,4080.5,8870.7,6581.5,,,255.3,637.5,295.6,1214.4,169.0,,,2518.8,7847.1,1500.1,4435.3,1961.7,,,7847.1,9999.9,3187.9,6375.8,8161.0,,,1096.9,2615.7,458.4,1299.5,5100.6,,,,,,,,,,,,,,,,,5369.1,4744.8,7286.6,5667.4,7556.5,,,5369.1,3778.2,5667.4,4744.8,5829.3,,,3238.5,2914.6,3849.5,6000.7,1500.1,,,8870.7,7286.6,4341.0,9999.9,5667.4,,,5829.3,9999.9,8161.0,9273.9,9999.9,,,6375.8,7556.5,2684.5,5231.4,9999.9,,,,,,,,,,,,,,,,,20.6,76.0,23.7,230.7,9.3,,,14.8,72.7,18.3,182.1,9.4,,,153.0,196.5,310.0,793.8,116.3,,,30.0,35.3,153.8,212.3,22.5,,,860.8,705.9,1244.0,919.0,512.6,,,5.5,7.3,45.8,9.8,118.4,,,,,,,,,,,,,,,,,2615.7,4857.7,429.5,6375.8,1040.9,,,2345.1,5369.1,1351.1,6375.8,1980.8,,,6000.7,9999.9,6182.6,9999.9,6581.5,,,336.6,546.9,2372.4,2684.5,308.6,,,7556.5,9999.9,9999.9,5514.2,3849.5,,,971.5,1889.1,4341.0,506.2,3045.1,,,,,,,,,,,,,,,,,5231.4,9273.9,7556.5,9999.9,9999.9,,,9999.9,9999.9,3643.3,9999.9,6581.5,,,9999.9,9999.9,5514.2,9999.9,9999.9,,,4000.5,3344.7,8501.1,6581.5,3400.4,,,9999.9,9999.9,9999.9,8161.0,5369.1,,,5514.2,6581.5,9999.9,5514.2,5829.3,,,,,,,,,,,,,,,,,250.3,603.6,59.6,248.2,1369.3,,,285.3,860.8,112.7,359.2,1645.3,,,1522.5,2266.9,525.8,2318.4,5829.3,,,25.1,36.9,103.8,48.5,376.4,,,397.7,497.6,1079.5,157.1,1096.9,,,4341.0,4080.5,6800.9,1714.5,2488.1,,,,,,,,,,,,,,,,,,,,,,,,,,,,,,,,,,,,,,,,,,,,,,,,,,,,,,,,,,,,,,,,,,,,,,,,,,,,,,,,,,,,,,,,,,,,,,,,,,,,,,,,,,,,,,,,,,,,,,,,,,,,,,,,
20261009_武雄_2R,20261009,84,武雄,2,9509.0,9999.9,8007.5,9999.9,9999.9,,,9999.9,6915.6,3901.1,2494.1,7244.9,,,9999.9,5246.3,5851.7,4346.9,8949.6,,,9999.9,5851.7,8452.4,2453.9,4907.8,,,6614.9,1601.5,2237.4,2237.4,6085.7,,,6915.6,7607.2,9999.9,5433.7,5851.7,,,,,,,,,,,,,,,,,9999.9,9999.9,9999.9,9999.9,9999.9,,,9999.9,8949.6,9509.0,6915.6,9999.9,,,6915.6,9999.9,9509.0,3042.8,9999.9,,,9999.9,9999.9,9999.9,6339.3,9999.9,,,4754.5,5071.4,2578.7,5433.7,9509.0,,,9999.9,9999.9,9999.9,9509.0,9999.9,,,,,,,,,,,,,,,,,9999.9,1584.8,1491.6,549.2,2716.8,,,5851.7,3237.1,4003.7,2001.8,4907.8,,,788.3,2623.1,259.1,84.9,497.2,,,717.6,2340.6,238.0,82.3,531.9,,,104.2,670.2,33.6,33.1,83.2,,,2001.8,4754.5,788.3,859.5,259.6,,,,,,,,,,,,,,,,,7244.9,3538.2,4610.4,1435.3,4610.4,,,7607.2,6339.3,4754.5,3538.2,9509.0,,,1421.9,3237.1,344.9,133.1,636.5,,,2453.9,5071.4,459.6,236.6,1152.6,,,365.7,894.9,62.0,89.0,187.6,,,3169.6,6614.9,1322.9,1901.8,738.5,,,,,,,,,,,,,,,,,9999.9,2453.9,2623.1,1267.8,8452.4,,,9509.0,6915.6,6915.6,6085.7,9999.9,,,1300.3,3622.4,403.5,103.2,944.9,,,2578.7,6339.3,498.8,190.4,1671.9,,,242.6,1552.4,54.2,72.1,189.7,,,4346.9,9999.9,1601.5,2056.0,498.8,,,,,,,,,,,,,,,,,1247.0,104.9,138.6,124.1,293.7,,,1601.5,817.9,987.9,596.6,1289.3,,,31.6,210.1,5.6,5.5,22.2,,,55.6,296.0,8.1,13.1,29.6,,,51.2,311.7,8.5,14.0,29.7,,,176.7,486.0,39.5,53.5,48.6,,,,,,,,,,,,,,,,,6339.3,9999.9,6915.6,3803.6,6339.3,,,8452.4,9999.9,9999.9,6915.6,4474.8,,,4474.8,9509.0,1975.8,2817.4,1014.2,,,4346.9,8949.6,1769.1,3457.8,1370.6,,,4474.8,7607.2,2270.8,3237.1,1477.1,,,1769.1,2669.1,531.9,673.2,710.9,,,,,,,,,,,,,,,,,,,,,,,,,,,,,,,,,,,,,,,,,,,,,,,,,,,,,,,,,,,,,,,,,,,,,,,,,,,,,,,,,,,,,,,,,,,,,,,,,,,,,,,,,,,,,,,,,,,,,,,,,,,,,,,,
20261009_武雄_3R,20261009,84,武雄,3,2084.5,1410.1,971.8,5531.9,1057.5,,,2615.1,3126.7,3595.7,4358.5,2615.1,,,1005.8,2319.8,691.4,3595.7,306.6,,,757.0,2212.7,665.8,3344.8,733.8,,,9999.9,5992.9,5753.2,6537.7,7191.5,,,453.7,1097.9,191.2,456.6,1943.6,,,,,,,,,,,,,,,,,1424.0,1065.4,653.7,3887.3,856.1,,,893.3,339.2,129.2,1027.3,325.4,,,499.4,273.4,102.1,1188.6,174.1,,,166.4,40.7,44.3,374.5,49.7,,,3687.9,2179.2,2283.0,1452.8,3268.8,,,460.9,495.9,267.8,185.8,1712.2,,,,,,,,,,,,,,,,,2876.6,5136.8,3126.7,3995.2,3785.0,,,1797.8,1319.5,401.7,2357.8,1356.8,,,3424.5,1546.5,2212.7,8989.4,2357.8,,,1892.5,466.9,1272.8,3268.8,1892.5,,,3344.8,4639.6,7570.0,4494.7,8460.6,,,2820.2,2357.8,2615.1,2283.0,8460.6,,,,,,,,,,,,,,,,,370.6,817.2,233.8,1410.1,86.3,,,213.0,132.5,49.1,749.1,63.4,,,1438.3,675.2,688.1,3268.8,769.1,,,78.7,32.6,162.3,366.9,21.3,,,2212.7,1692.1,2935.3,1410.1,2025.7,,,14.4,30.5,125.2,20.4,443.9,,,,,,,,,,,,,,,,,177.3,391.9,139.5,1616.0,124.7,,,42.0,6.9,9.5,204.8,17.4,,,462.4,84.2,285.9,1250.7,357.7,,,54.3,17.7,89.8,271.3,10.7,,,2319.8,1073.3,2319.8,1218.9,1089.6,,,43.7,48.4,192.8,24.6,482.6,,,,,,,,,,,,,,,,,5753.2,4494.7,6537.7,8460.6,7191.5,,,5136.8,3785.0,2084.5,3196.2,5753.2,,,4794.3,5136.8,5136.8,7990.5,7570.0,,,4230.3,3887.3,7990.5,3687.9,3687.9,,,5753.2,3595.7,6253.5,3268.8,5327.0,,,5136.8,5327.0,8989.4,4959.6,5136.8,,,,,,,,,,,,,,,,,192.0,582.3,64.0,219.5,1106.3,,,329.1,609.4,205.4,227.2,1530.1,,,1261.6,1424.0,1159.9,1732.8,5136.8,,,28.6,70.0,363.2,45.6,596.8,,,144.2,126.8,479.4,76.1,1159.9,,,2523.3,3687.9,5327.0,2319.8,2935.3,,,,,,,,,,,,,,,,,,,,,,,,,,,,,,,,,,,,,,,,,,,,,,,,,,,,,,,,,,,,,,,,,,,,,,,,,,,,,,,,,,,,,,,,,,,,,,,,,,,,,,,,,,,,,,,,,,,,,,,,,,,,,,,,
20261009_武雄_4R,20261009,84,武雄,4,593.7,1374.8,615.3,681.2,489.1,,,372.2,377.7,72.8,169.7,276.4,,,2347.7,930.5,857.3,1774.4,2826.0,,,461.0,94.4,378.6,313.3,313.3,,,349.2,152.6,598.4,141.3,295.7,,,232.6,258.6,1304.3,231.2,479.8,,,,,,,,,,,,,,,,,630.6,1734.1,646.6,877.0,398.4,,,305.2,978.2,136.4,607.9,202.3,,,1931.7,1734.1,1557.1,2826.0,1838.6,,,598.4,195.8,723.2,1138.8,347.6,,,867.0,892.4,2180.0,1059.7,1038.1,,,99.0,131.8,1074.6,147.0,529.8,,,,,,,,,,,,,,,,,163.9,189.8,40.2,150.0,165.6,,,153.8,541.1,78.3,389.2,105.5,,,461.0,965.8,143.1,990.9,924.8,,,7.4,18.6,7.2,18.4,14.1,,,165.6,478.3,646.6,89.7,501.9,,,200.7,228.7,790.7,135.6,580.2,,,,,,,,,,,,,,,,,3912.9,2007.9,1623.4,3052.1,5450.1,,,3548.9,3468.3,2422.3,4922.7,5086.8,,,1557.1,3317.5,400.5,4488.3,4360.1,,,877.0,1884.0,311.4,1956.4,2244.1,,,3052.1,4360.1,3633.4,4239.0,5450.1,,,6104.2,4015.9,4124.4,3815.1,8478.0,,,,,,,,,,,,,,,,,390.2,63.5,248.5,287.9,295.1,,,442.3,138.3,554.9,803.1,428.6,,,8.9,23.4,8.1,33.2,20.6,,,287.9,535.4,86.8,569.4,573.7,,,280.5,713.1,146.7,515.5,675.2,,,312.0,416.9,209.6,755.4,882.1,,,,,,,,,,,,,,,,,423.9,182.5,607.9,158.1,343.7,,,829.3,997.4,2149.3,892.4,652.1,,,227.7,716.4,759.2,100.9,703.2,,,1884.0,2725.0,2090.4,1240.6,3317.5,,,389.2,770.7,196.1,481.4,748.0,,,748.0,867.0,1230.6,2244.1,892.4,,,,,,,,,,,,,,,,,256.0,300.4,2586.5,273.9,843.1,,,144.9,213.1,1350.4,214.9,646.6,,,571.5,481.4,2461.3,398.4,1861.0,,,5450.1,4015.9,4624.4,4124.4,8976.7,,,571.5,633.2,411.3,1211.1,1956.4,,,1130.4,959.7,1931.7,4239.0,1589.6,,,,,,,,,,,,,,,,,,,,,,,,,,,,,,,,,,,,,,,,,,,,,,,,,,,,,,,,,,,,,,,,,,,,,,,,,,,,,,,,,,,,,,,,,,,,,,,,,,,,,,,,,,,,,,,,,,,,,,,,,,,,,,,,
20261009_武雄_5R,20261009,84,武雄,5,947.0,539.0,184.2,1748.3,378.8,,,1868.1,2783.1,897.1,3685.7,652.5,,,1041.0,2573.0,617.0,3171.4,1377.5,,,83.0,161.9,194.5,439.9,29.5,,,3588.7,4132.5,3685.7,1976.4,3496.7,,,202.9,107.6,592.9,58.2,745.2,,,,,,,,,,,,,,,,,1683.6,592.9,202.0,2130.8,547.6,,,2392.5,2841.1,1196.2,6818.6,2199.5,,,518.5,1420.5,135.5,797.5,536.9,,,61.3,174.8,32.2,305.7,52.5,,,4545.7,8021.9,1794.3,1567.5,6493.9,,,614.2,1025.3,806.9,234.7,2901.5,,,,,,,,,,,,,,,,,2727.4,3099.3,1585.7,2272.8,921.4,,,3685.7,3896.3,1894.0,4870.4,4399.1,,,4545.7,4545.7,4545.7,7177.5,7177.5,,,1482.3,1663.0,1976.4,5050.8,1498.6,,,4261.6,5245.1,5929.2,6493.9,5929.2,,,619.8,2199.5,2235.6,1196.2,2479.5,,,,,,,,,,,,,,,,,1286.5,2783.1,745.2,3171.4,1482.3,,,836.6,1391.5,213.4,1175.6,868.6,,,3896.3,4261.6,2841.1,7576.2,4261.6,,,328.6,183.2,1251.1,1217.6,640.2,,,5050.8,3788.1,4261.6,3326.1,8523.3,,,2066.2,1868.1,2435.2,1391.5,7576.2,,,,,,,,,,,,,,,,,24.0,60.1,57.6,176.6,8.1,,,6.8,50.4,6.3,102.2,7.1,,,198.5,334.2,598.1,625.5,110.0,,,111.2,36.4,401.0,330.2,161.1,,,729.2,643.2,1482.3,1041.0,665.2,,,10.6,33.5,17.9,111.4,221.3,,,,,,,,,,,,,,,,,4010.9,5050.8,7177.5,3246.9,4702.5,,,4545.7,5929.2,2964.6,2525.4,4399.1,,,8523.3,8021.9,3788.1,7576.2,5050.8,,,7576.2,3896.3,8021.9,4010.9,9999.9,,,2005.4,2235.6,4399.1,3685.7,4132.5,,,4870.4,4261.6,4702.5,9091.5,3896.3,,,,,,,,,,,,,,,,,202.6,42.3,501.3,72.8,598.1,,,450.0,563.5,852.3,305.7,1748.3,,,99.5,348.7,811.7,196.5,668.4,,,1623.4,1704.6,1549.6,1311.2,3788.1,,,68.7,203.5,78.3,572.9,921.4,,,2964.6,5454.9,1842.8,5682.2,3099.3,,,,,,,,,,,,,,,,,,,,,,,,,,,,,,,,,,,,,,,,,,,,,,,,,,,,,,,,,,,,,,,,,,,,,,,,,,,,,,,,,,,,,,,,,,,,,,,,,,,,,,,,,,,,,,,,,,,,,,,,,,,,,,,,
20261009_武雄_6R,20261009,84,武雄,6,4119.7,6797.5,4119.7,9999.9,3674.3,,,6179.6,3998.5,4248.4,8496.9,4687.9,,,7155.3,4687.9,1493.9,6179.6,1527.5,,,1544.9,2304.2,1022.1,5035.2,193.9,,,9999.9,7552.8,6797.5,7997.1,9999.9,,,1562.6,2192.7,944.1,205.9,4531.7,,,,,,,,,,,,,,,,,6179.6,9063.4,7155.3,9999.9,7552.8,,,9710.8,3577.6,4531.7,7155.3,5910.9,,,3884.3,3674.3,3089.8,3998.5,4119.7,,,3089.8,3674.3,3776.4,6797.5,1562.6,,,9999.9,9999.9,6179.6,7997.1,9999.9,,,3315.8,3236.9,2265.8,1007.0,6797.5,,,,,,,,,,,,,,,,,5664.6,3884.3,3089.8,6179.6,3485.9,,,5228.9,2471.8,3776.4,4248.4,4385.5,,,1580.8,1888.2,776.8,690.1,557.1,,,1837.1,3021.1,1258.8,4531.7,785.8,,,5438.0,6473.8,2832.3,6797.5,9063.4,,,1493.9,2343.9,644.3,561.7,4119.7,,,,,,,,,,,,,,,,,3577.6,2719.0,992.3,3315.8,944.1,,,3021.1,1862.3,2304.2,2517.6,2091.5,,,964.1,900.3,417.0,623.6,329.9,,,470.4,1123.5,576.0,1527.5,176.5,,,2304.2,2665.7,1282.5,2124.2,1812.6,,,470.4,742.9,353.1,146.3,763.7,,,,,,,,,,,,,,,,,365.4,730.9,240.1,2427.7,75.8,,,1247.2,2343.9,1401.5,4531.7,632.3,,,912.4,2091.5,659.9,3577.6,405.8,,,335.6,871.4,335.6,1862.3,127.8,,,6797.5,9999.9,9999.9,5035.2,2427.7,,,5.8,51.8,55.9,18.8,313.9,,,,,,,,,,,,,,,,,8496.9,6797.5,8496.9,9999.9,9999.9,,,8496.9,7155.3,5664.6,9999.9,9063.4,,,9063.4,9999.9,1812.6,9999.9,9710.8,,,6473.8,7997.1,2517.6,6179.6,8496.9,,,7552.8,9999.9,9999.9,8496.9,7997.1,,,9063.4,8496.9,9999.9,7997.1,6473.8,,,,,,,,,,,,,,,,,170.5,410.7,136.4,44.7,999.6,,,465.5,571.2,265.5,202.3,1132.9,,,190.4,368.4,67.4,97.1,644.3,,,89.9,141.9,54.1,34.6,177.9,,,1.9,23.5,19.1,5.8,163.4,,,2228.7,2892.5,2343.9,1203.1,1319.9,,,,,,,,,,,,,,,,,,,,,,,,,,,,,,,,,,,,,,,,,,,,,,,,,,,,,,,,,,,,,,,,,,,,,,,,,,,,,,,,,,,,,,,,,,,,,,,,,,,,,,,,,,,,,,,,,,,,,,,,,,,,,,,,
20261009_武雄_7R,20261009,84,武雄,7,523.5,1220.4,1865.6,4773.9,1639.5,,,614.8,1229.6,2135.7,5796.9,2459.3,,,917.0,823.9,555.8,2751.1,2003.8,,,2193.4,2286.1,932.8,3688.9,3688.9,,,5597.0,5235.9,4386.9,3864.6,7057.2,,,2422.6,3312.5,4637.5,3864.6,4637.5,,,,,,,,,,,,,,,,,241.5,687.7,1330.4,3121.4,634.0,,,20.4,19.4,95.1,155.3,2.3,,,467.7,139.8,1909.5,1745.3,437.5,,,2422.6,1053.9,4773.9,4386.9,2751.1,,,5410.5,1278.0,2798.5,7057.2,3005.8,,,216.1,16.8,250.8,724.6,741.1,,,,,,,,,,,,,,,,,108.9,97.5,298.3,1047.1,346.0,,,11.2,8.6,74.8,139.4,3.3,,,76.8,80.6,427.1,954.7,222.0,,,1151.1,927.5,1288.2,2352.4,1887.3,,,2028.9,1330.4,2751.1,3607.0,3005.8,,,327.9,54.6,301.1,971.9,1211.3,,,,,,,,,,,,,,,,,917.0,693.6,393.0,1844.4,2107.9,,,1184.7,305.6,1708.5,4161.9,877.3,,,603.4,265.2,1475.5,2459.3,641.5,,,1607.0,5597.0,2617.9,4918.6,5597.0,,,7377.9,7729.3,6242.9,9999.9,9017.5,,,4057.8,1708.5,1449.2,4508.7,5597.0,,,,,,,,,,,,,,,,,4637.5,3607.0,1462.3,5597.0,5597.0,,,5410.5,2751.1,6763.1,9547.9,4386.9,,,5410.5,3062.5,6011.6,9999.9,5410.5,,,2422.6,9999.9,9017.5,9999.9,9999.9,,,9999.9,9999.9,9999.9,9999.9,9999.9,,,4637.5,6492.6,5597.0,7057.2,9999.9,,,,,,,,,,,,,,,,,7057.2,6242.9,6242.9,9999.9,8115.7,,,8115.7,2951.1,8115.7,9999.9,4386.9,,,6492.6,3182.6,2798.5,9999.9,5796.9,,,6763.1,9999.9,9999.9,9999.9,9999.9,,,9999.9,9999.9,9999.9,9999.9,9999.9,,,8542.9,5796.9,9999.9,9999.9,9999.9,,,,,,,,,,,,,,,,,2193.4,3182.6,4161.9,5235.9,7057.2,,,784.1,110.2,711.9,1865.6,1545.8,,,1803.5,165.6,1135.0,3182.6,4918.6,,,2898.4,1708.5,1423.8,5597.0,9999.9,,,3453.5,4773.9,3774.7,3121.4,7729.3,,,8542.9,8542.9,9999.9,8115.7,9999.9,,,,,,,,,,,,,,,,,,,,,,,,,,,,,,,,,,,,,,,,,,,,,,,,,,,,,,,,,,,,,,,,,,,,,,,,,,,,,,,,,,,,,,,,,,,,,,,,,,,,,,,,,,,,,,,,,,,,,,,,,,,,,,,,
