race_key,date,jo_code,jo_name,race_no,1-2-3,1-2-4,1-2-5,1-2-6,1-2-7,1-2-8,1-2-9,1-3-2,1-3-4,1-3-5,1-3-6,1-3-7,1-3-8,1-3-9,1-4-2,1-4-3,1-4-5,1-4-6,1-4-7,1-4-8,1-4-9,1-5-2,1-5-3,1-5-4,1-5-6,1-5-7,1-5-8,1-5-9,1-6-2,1-6-3,1-6-4,1-6-5,1-6-7,1-6-8,1-6-9,1-7-2,1-7-3,1-7-4,1-7-5,1-7-6,1-7-8,1-7-9,1-8-2,1-8-3,1-8-4,1-8-5,1-8-6,1-8-7,1-8-9,1-9-2,1-9-3,1-9-4,1-9-5,1-9-6,1-9-7,1-9-8,2-1-3,2-1-4,2-1-5,2-1-6,2-1-7,2-1-8,2-1-9,2-3-1,2-3-4,2-3-5,2-3-6,2-3-7,2-3-8,2-3-9,2-4-1,2-4-3,2-4-5,2-4-6,2-4-7,2-4-8,2-4-9,2-5-1,2-5-3,2-5-4,2-5-6,2-5-7,2-5-8,2-5-9,2-6-1,2-6-3,2-6-4,2-6-5,2-6-7,2-6-8,2-6-9,2-7-1,2-7-3,2-7-4,2-7-5,2-7-6,2-7-8,2-7-9,2-8-1,2-8-3,2-8-4,2-8-5,2-8-6,2-8-7,2-8-9,2-9-1,2-9-3,2-9-4,2-9-5,2-9-6,2-9-7,2-9-8,3-1-2,3-1-4,3-1-5,3-1-6,3-1-7,3-1-8,3-1-9,3-2-1,3-2-4,3-2-5,3-2-6,3-2-7,3-2-8,3-2-9,3-4-1,3-4-2,3-4-5,3-4-6,3-4-7,3-4-8,3-4-9,3-5-1,3-5-2,3-5-4,3-5-6,3-5-7,3-5-8,3-5-9,3-6-1,3-6-2,3-6-4,3-6-5,3-6-7,3-6-8,3-6-9,3-7-1,3-7-2,3-7-4,3-7-5,3-7-6,3-7-8,3-7-9,3-8-1,3-8-2,3-8-4,3-8-5,3-8-6,3-8-7,3-8-9,3-9-1,3-9-2,3-9-4,3-9-5,3-9-6,3-9-7,3-9-8,4-1-2,4-1-3,4-1-5,4-1-6,4-1-7,4-1-8,4-1-9,4-2-1,4-2-3,4-2-5,4-2-6,4-2-7,4-2-8,4-2-9,4-3-1,4-3-2,4-3-5,4-3-6,4-3-7,4-3-8,4-3-9,4-5-1,4-5-2,4-5-3,4-5-6,4-5-7,4-5-8,4-5-9,4-6-1,4-6-2,4-6-3,4-6-5,4-6-7,4-6-8,4-6-9,4-7-1,4-7-2,4-7-3,4-7-5,4-7-6,4-7-8,4-7-9,4-8-1,4-8-2,4-8-3,4-8-5,4-8-6,4-8-7,4-8-9,4-9-1,4-9-2,4-9-3,4-9-5,4-9-6,4-9-7,4-9-8,5-1-2,5-1-3,5-1-4,5-1-6,5-1-7,5-1-8,5-1-9,5-2-1,5-2-3,5-2-4,5-2-6,5-2-7,5-2-8,5-2-9,5-3-1,5-3-2,5-3-4,5-3-6,5-3-7,5-3-8,5-3-9,5-4-1,5-4-2,5-4-3,5-4-6,5-4-7,5-4-8,5-4-9,5-6-1,5-6-2,5-6-3,5-6-4,5-6-7,5-6-8,5-6-9,5-7-1,5-7-2,5-7-3,5-7-4,5-7-6,5-7-8,5-7-9,5-8-1,5-8-2,5-8-3,5-8-4,5-8-6,5-8-7,5-8-9,5-9-1,5-9-2,5-9-3,5-9-4,5-9-6,5-9-7,5-9-8,6-1-2,6-1-3,6-1-4,6-1-5,6-1-7,6-1-8,6-1-9,6-2-1,6-2-3,6-2-4,6-2-5,6-2-7,6-2-8,6-2-9,6-3-1,6-3-2,6-3-4,6-3-5,6-3-7,6-3-8,6-3-9,6-4-1,6-4-2,6-4-3,6-4-5,6-4-7,6-4-8,6-4-9,6-5-1,6-5-2,6-5-3,6-5-4,6-5-7,6-5-8,6-5-9,6-7-1,6-7-2,6-7-3,6-7-4,6-7-5,6-7-8,6-7-9,6-8-1,6-8-2,6-8-3,6-8-4,6-8-5,6-8-7,6-8-9,6-9-1,6-9-2,6-9-3,6-9-4,6-9-5,6-9-7,6-9-8,7-1-2,7-1-3,7-1-4,7-1-5,7-1-6,7-1-8,7-1-9,7-2-1,7-2-3,7-2-4,7-2-5,7-2-6,7-2-8,7-2-9,7-3-1,7-3-2,7-3-4,7-3-5,7-3-6,7-3-8,7-3-9,7-4-1,7-4-2,7-4-3,7-4-5,7-4-6,7-4-8,7-4-9,7-5-1,7-5-2,7-5-3,7-5-4,7-5-6,7-5-8,7-5-9,7-6-1,7-6-2,7-6-3,7-6-4,7-6-5,7-6-8,7-6-9,7-8-1,7-8-2,7-8-3,7-8-4,7-8-5,7-8-6,7-8-9,7-9-1,7-9-2,7-9-3,7-9-4,7-9-5,7-9-6,7-9-8,8-1-2,8-1-3,8-1-4,8-1-5,8-1-6,8-1-7,8-1-9,8-2-1,8-2-3,8-2-4,8-2-5,8-2-6,8-2-7,8-2-9,8-3-1,8-3-2,8-3-4,8-3-5,8-3-6,8-3-7,8-3-9,8-4-1,8-4-2,8-4-3,8-4-5,8-4-6,8-4-7,8-4-9,8-5-1,8-5-2,8-5-3,8-5-4,8-5-6,8-5-7,8-5-9,8-6-1,8-6-2,8-6-3,8-6-4,8-6-5,8-6-7,8-6-9,8-7-1,8-7-2,8-7-3,8-7-4,8-7-5,8-7-6,8-7-9,8-9-1,8-9-2,8-9-3,8-9-4,8-9-5,8-9-6,8-9-7,9-1-2,9-1-3,9-1-4,9-1-5,9-1-6,9-1-7,9-1-8,9-2-1,9-2-3,9-2-4,9-2-5,9-2-6,9-2-7,9-2-8,9-3-1,9-3-2,9-3-4,9-3-5,9-3-6,9-3-7,9-3-8,9-4-1,9-4-2,9-4-3,9-4-5,9-4-6,9-4-7,9-4-8,9-5-1,9-5-2,9-5-3,9-5-4,9-5-6,9-5-7,9-5-8,9-6-1,9-6-2,9-6-3,9-6-4,9-6-5,9-6-7,9-6-8,9-7-1,9-7-2,9-7-3,9-7-4,9-7-5,9-7-6,9-7-8,9-8-1,9-8-2,9-8-3,9-8-4,9-8-5,9-8-6,9-8-7
20261002_青森_1R,20261002,12,青森,1,7.0,10.8,25.7,62.4,72.1,,,15.2,29.8,50.1,184.1,138.5,,,19.8,41.2,66.4,133.8,159.5,,,96.0,122.9,149.5,473.1,456.4,,,264.3,374.5,349.3,743.4,880.5,,,158.4,208.9,226.7,379.4,503.1,,,,,,,,,,,,,,,,,11.7,17.9,41.2,108.1,110.3,,,30.0,66.4,112.1,359.4,325.5,,,46.6,107.3,196.3,451.6,466.1,,,165.2,288.1,355.0,701.5,999.1,,,432.0,1219.2,1367.4,1884.8,2356.0,,,373.7,743.4,915.2,1483.7,2404.7,,,,,,,,,,,,,,,,,26.9,47.1,70.3,303.2,246.9,,,35.9,61.6,105.7,379.8,330.8,,,66.6,73.6,123.4,552.6,453.4,,,198.5,258.2,296.0,1037.7,982.2,,,976.7,1128.4,1895.0,2152.4,3032.1,,,681.0,876.1,1121.1,1330.8,2582.9,,,,,,,,,,,,,,,,,48.4,62.4,116.0,324.0,321.9,,,72.0,95.2,219.5,590.0,560.5,,,81.8,84.5,160.7,678.3,552.6,,,245.9,373.3,355.8,876.1,803.4,,,697.3,1502.9,1937.1,2724.1,3352.8,,,885.0,1086.2,1356.7,1660.4,3005.9,,,,,,,,,,,,,,,,,192.7,137.8,247.2,1103.4,905.6,,,256.3,192.3,354.3,1471.2,1121.1,,,170.1,196.4,220.6,1584.9,1367.4,,,371.3,454.0,246.5,2113.2,1835.2,,,2881.7,2834.8,2930.1,4201.1,3594.7,,,1981.2,2179.3,2039.1,2812.0,4054.5,,,,,,,,,,,,,,,,,1752.2,2682.2,3113.3,5364.4,4911.1,,,1835.2,2858.1,3005.9,5534.7,5910.0,,,2812.0,3199.0,5127.8,7116.1,8504.6,,,4151.0,3831.7,6339.8,7748.7,8717.3,,,6339.8,6705.6,6837.1,8940.8,6837.1,,,6226.6,6705.6,7418.9,6973.8,6705.6,,,,,,,,,,,,,,,,,500.2,748.2,828.2,1150.7,1254.2,,,965.9,2003.9,2100.5,1310.8,5283.2,,,1346.3,2075.5,2812.0,3917.8,6117.4,,,1770.0,2490.6,3320.8,4712.0,6339.8,,,3199.0,4470.4,3418.5,4358.6,5364.4,,,3709.4,6339.8,6457.2,5534.7,5204.3,,,,,,,,,,,,,,,,,,,,,,,,,,,,,,,,,,,,,,,,,,,,,,,,,,,,,,,,,,,,,,,,,,,,,,,,,,,,,,,,,,,,,,,,,,,,,,,,,,,,,,,,,,,,,,,,,,,,,,,,,,,,,,,,
20261002_青森_2R,20261002,12,青森,2,38.9,48.7,102.0,325.3,134.3,,,105.9,243.1,245.2,1301.3,486.0,,,80.4,171.1,275.7,780.3,455.8,,,330.4,453.2,667.9,2373.1,1533.9,,,1405.6,2017.1,2007.1,3842.2,3477.8,,,444.3,513.9,778.8,1114.4,2415.7,,,,,,,,,,,,,,,,,12.9,14.9,36.0,171.4,48.4,,,9.2,16.4,7.9,104.1,13.0,,,25.1,24.5,76.3,262.4,98.4,,,78.9,39.9,129.3,334.5,200.7,,,264.8,138.9,295.3,306.5,255.3,,,42.7,7.2,52.9,59.5,144.7,,,,,,,,,,,,,,,,,126.9,309.6,226.0,988.8,499.2,,,50.0,108.8,45.3,348.6,97.3,,,480.2,295.3,550.3,2861.2,1260.7,,,256.9,140.2,426.4,1353.7,671.2,,,2145.9,1090.3,4802.7,2944.7,3955.2,,,681.4,285.9,1084.4,754.0,2966.4,,,,,,,,,,,,,,,,,154.3,333.6,487.8,1539.8,821.6,,,131.0,178.3,326.9,791.0,417.1,,,510.6,336.7,706.5,3103.3,1488.6,,,1268.6,962.8,1186.5,5451.7,4246.6,,,3390.1,2373.1,5763.3,8770.2,5451.7,,,1376.9,1078.6,1850.6,3390.1,4802.7,,,,,,,,,,,,,,,,,505.5,506.8,1183.0,3770.3,2966.4,,,366.7,210.0,673.5,1911.9,892.5,,,393.5,227.2,748.4,2134.5,1322.7,,,1391.1,1280.7,1226.2,6955.7,4860.6,,,6506.9,5172.2,5603.2,8965.1,8233.3,,,3477.8,2007.1,2537.3,5526.4,8965.1,,,,,,,,,,,,,,,,,3253.4,6021.3,5379.0,9999.9,8404.8,,,1825.4,1340.3,1724.0,2359.2,1738.9,,,2490.3,1582.0,6955.7,4919.8,5763.3,,,8583.6,4246.6,9999.9,9999.9,9999.9,,,8583.6,6303.6,6403.6,9999.9,9999.9,,,4291.8,2415.7,5526.4,7758.3,5451.7,,,,,,,,,,,,,,,,,744.3,1169.3,1435.7,2725.8,3334.1,,,292.1,83.0,455.8,415.9,736.1,,,1001.0,279.1,1793.0,1090.3,3279.9,,,1528.1,1305.6,2017.1,3253.4,5682.1,,,3955.2,1977.6,2101.2,5106.7,5682.1,,,4116.6,1842.1,3994.3,6506.9,5763.3,,,,,,,,,,,,,,,,,,,,,,,,,,,,,,,,,,,,,,,,,,,,,,,,,,,,,,,,,,,,,,,,,,,,,,,,,,,,,,,,,,,,,,,,,,,,,,,,,,,,,,,,,,,,,,,,,,,,,,,,,,,,,,,,
20261002_青森_3R,20261002,12,青森,3,8.4,30.6,4.4,21.6,58.6,,,64.4,370.7,207.3,81.5,165.8,,,300.7,960.3,691.4,1349.4,2975.4,,,72.7,313.7,414.3,518.5,1291.8,,,83.7,67.7,475.7,380.1,401.9,,,804.8,605.0,2771.0,1930.8,1194.0,,,,,,,,,,,,,,,,,13.9,25.8,3.3,38.5,117.1,,,89.1,279.6,136.9,225.1,447.0,,,169.7,521.5,203.5,889.7,1833.3,,,13.1,78.9,57.2,179.2,453.1,,,146.3,214.9,690.1,298.2,1049.1,,,983.7,1110.0,2880.9,1417.9,2160.7,,,,,,,,,,,,,,,,,207.1,1083.5,564.5,367.4,623.7,,,187.7,748.4,310.2,259.4,529.1,,,2283.0,1680.5,1941.1,2520.8,2813.9,,,828.7,614.2,1606.2,1134.3,1861.5,,,209.4,177.6,870.5,548.3,177.3,,,656.4,508.4,1712.2,1334.5,328.5,,,,,,,,,,,,,,,,,753.1,4172.4,1920.6,3781.2,6722.2,,,717.3,2592.8,975.8,3558.8,7117.6,,,4905.4,3392.5,3903.2,6482.1,5338.2,,,1712.2,1016.8,3524.2,3989.0,7723.4,,,5338.2,4840.0,5854.8,7117.6,9999.9,,,9999.9,9999.9,9999.9,9999.9,9999.9,,,,,,,,,,,,,,,,,150.5,876.8,603.9,1551.2,3102.5,,,75.6,335.1,246.1,673.4,1287.2,,,983.7,647.0,2122.8,1788.1,2975.4,,,812.0,589.2,1941.1,2771.0,4321.4,,,2341.9,1354.4,2357.1,3212.4,5671.9,,,6980.8,3300.0,5671.9,7408.2,9810.8,,,,,,,,,,,,,,,,,184.4,290.1,1218.1,823.1,1457.8,,,218.9,304.7,817.5,445.9,1305.7,,,239.9,197.2,918.9,698.0,161.4,,,3821.0,3156.5,4172.4,3989.0,6722.2,,,1910.5,1282.6,1900.5,3300.0,4537.5,,,3524.2,3050.4,723.1,5584.6,4653.8,,,,,,,,,,,,,,,,,4033.3,4594.9,9810.8,9999.9,7723.4,,,3630.0,3989.0,8250.0,1712.2,7117.6,,,3102.5,2708.9,4972.6,4172.4,1019.6,,,9999.9,9999.9,9999.9,9999.9,9999.9,,,9999.9,7408.2,6722.2,8853.7,9552.6,,,7408.2,6722.2,1375.0,7723.4,9075.0,,,,,,,,,,,,,,,,,,,,,,,,,,,,,,,,,,,,,,,,,,,,,,,,,,,,,,,,,,,,,,,,,,,,,,,,,,,,,,,,,,,,,,,,,,,,,,,,,,,,,,,,,,,,,,,,,,,,,,,,,,,,,,,,
20261002_青森_4R,20261002,12,青森,4,22.9,102.1,120.8,88.2,58.5,,,14.9,34.7,39.3,14.0,46.5,,,130.1,56.3,83.4,133.7,332.8,,,188.2,80.1,124.4,231.2,362.4,,,67.0,15.6,119.8,129.5,160.4,,,127.8,100.7,450.1,360.7,264.0,,,,,,,,,,,,,,,,,15.7,88.4,68.5,91.6,27.1,,,72.8,307.3,310.2,307.9,166.7,,,167.2,274.8,182.5,569.1,174.8,,,159.8,321.3,196.8,633.5,166.8,,,338.9,482.3,952.9,1306.2,554.2,,,17.6,37.1,62.7,44.7,150.6,,,,,,,,,,,,,,,,,76.6,157.5,141.0,90.9,163.2,,,140.4,493.6,600.8,607.0,459.0,,,333.3,664.3,768.6,1195.4,1462.3,,,381.1,722.0,910.0,1614.6,1336.2,,,266.9,968.8,1253.4,1457.7,1631.6,,,499.4,660.5,1587.1,1162.5,1620.2,,,,,,,,,,,,,,,,,110.3,59.3,60.5,143.3,234.3,,,178.8,344.4,210.2,652.2,287.0,,,241.4,456.8,421.9,884.0,949.0,,,36.9,60.9,98.1,240.1,109.3,,,417.4,1000.0,1000.0,682.8,1970.4,,,635.2,533.8,1112.4,588.6,2193.5,,,,,,,,,,,,,,,,,250.2,172.9,124.8,508.2,265.1,,,279.2,552.9,242.4,1096.7,283.2,,,435.8,767.3,549.6,1625.9,1086.5,,,72.4,116.7,161.1,356.3,197.9,,,747.6,1703.3,1571.0,885.7,2183.2,,,328.8,281.8,1142.5,616.7,2203.9,,,,,,,,,,,,,,,,,284.4,80.7,368.1,410.4,576.9,,,615.1,1010.9,1277.5,2422.0,1177.2,,,287.2,1024.2,1295.3,1637.4,1444.1,,,642.2,1270.5,1485.7,1226.9,3039.3,,,884.0,2133.1,1937.6,1270.5,2612.4,,,1529.6,1875.0,2541.1,3907.7,3163.4,,,,,,,,,,,,,,,,,132.2,208.9,742.8,536.3,616.7,,,50.5,120.7,119.4,118.5,285.6,,,424.2,381.7,1598.0,1448.6,2123.4,,,869.2,379.6,1375.8,964.7,2735.4,,,635.2,446.2,1313.6,1049.7,2657.2,,,1281.0,790.8,2384.7,3577.1,2784.5,,,,,,,,,,,,,,,,,,,,,,,,,,,,,,,,,,,,,,,,,,,,,,,,,,,,,,,,,,,,,,,,,,,,,,,,,,,,,,,,,,,,,,,,,,,,,,,,,,,,,,,,,,,,,,,,,,,,,,,,,,,,,,,,
20261002_青森_5R,20261002,12,青森,5,29.3,39.5,132.1,274.1,218.5,,,28.1,28.6,100.2,98.0,169.0,,,18.7,9.9,6.4,128.4,55.7,,,284.4,176.9,53.5,725.8,397.0,,,750.6,480.4,624.6,1131.8,1011.8,,,382.5,295.1,191.4,415.8,787.0,,,,,,,,,,,,,,,,,76.3,93.9,311.8,567.3,454.6,,,59.9,69.9,219.5,111.5,255.7,,,135.8,179.0,257.5,595.0,674.5,,,652.5,659.3,550.3,1097.8,2553.1,,,1251.1,459.3,1000.3,1449.3,2240.5,,,874.8,789.8,1359.5,2453.3,2152.6,,,,,,,,,,,,,,,,,96.4,103.3,273.7,312.1,459.8,,,63.9,83.1,239.8,98.2,243.1,,,133.8,192.1,276.7,517.2,567.3,,,571.0,642.0,499.6,1579.6,1814.6,,,536.2,286.2,583.9,1007.2,774.5,,,807.2,646.7,787.0,1435.1,944.4,,,,,,,,,,,,,,,,,51.8,23.5,6.8,199.3,69.2,,,160.2,222.1,359.0,934.3,699.2,,,84.9,203.8,111.4,474.2,334.9,,,16.1,268.1,66.7,297.9,114.5,,,846.1,1996.1,1237.0,1030.8,2014.4,,,123.2,698.1,232.9,156.8,460.8,,,,,,,,,,,,,,,,,885.3,532.3,103.7,1574.0,844.5,,,1403.0,1756.5,1385.3,4879.4,4305.3,,,755.8,1614.5,406.6,2373.7,2005.2,,,60.3,652.5,194.7,493.9,219.5,,,3629.3,6273.5,4622.6,1579.6,4879.4,,,710.5,4182.3,2091.1,585.5,3513.1,,,,,,,,,,,,,,,,,2426.2,1770.7,2081.2,4825.8,4066.2,,,2426.2,782.7,2677.7,5558.8,3818.6,,,1493.7,631.8,1749.6,3136.7,1960.4,,,2217.9,3205.4,2598.5,3049.6,4879.4,,,5166.4,6970.6,5558.8,4825.8,6364.4,,,4263.5,4825.8,3570.3,4825.8,6099.3,,,,,,,,,,,,,,,,,505.3,407.3,174.1,508.8,1089.7,,,743.0,609.0,958.8,1272.8,1792.4,,,296.1,367.1,225.6,345.5,346.8,,,89.1,445.8,129.2,103.5,267.7,,,550.3,1884.7,647.7,327.7,1535.4,,,2052.1,2495.1,1509.1,1585.3,2091.1,,,,,,,,,,,,,,,,,,,,,,,,,,,,,,,,,,,,,,,,,,,,,,,,,,,,,,,,,,,,,,,,,,,,,,,,,,,,,,,,,,,,,,,,,,,,,,,,,,,,,,,,,,,,,,,,,,,,,,,,,,,,,,,,
20261002_青森_6R,20261002,12,青森,6,5.9,16.2,37.6,49.9,85.1,,,7.2,21.9,37.6,32.1,64.9,,,40.0,40.1,157.2,138.2,237.6,,,81.8,64.3,223.3,292.7,427.4,,,145.1,126.4,326.3,400.0,571.7,,,163.4,164.9,399.0,543.3,472.2,,,,,,,,,,,,,,,,,12.3,28.0,56.3,73.3,148.1,,,19.3,52.1,100.2,126.7,277.8,,,68.2,94.8,283.3,270.2,515.9,,,158.5,269.4,473.6,681.7,1056.7,,,319.2,479.5,918.9,1279.5,1846.1,,,385.0,718.5,1276.9,1484.0,1353.0,,,,,,,,,,,,,,,,,17.1,34.6,69.1,78.5,155.4,,,19.8,47.6,107.6,124.8,300.8,,,108.6,123.0,323.6,365.7,835.0,,,197.8,268.9,487.6,760.4,1218.5,,,392.1,437.8,969.8,1225.8,2029.5,,,652.7,766.1,1625.7,1851.7,1661.0,,,,,,,,,,,,,,,,,225.8,284.0,425.6,781.7,1233.2,,,313.5,398.0,781.7,1312.4,2278.5,,,369.8,418.6,783.7,1592.0,2877.5,,,1108.3,2366.4,2253.3,4751.3,4714.7,,,2619.3,3584.3,4086.1,6965.0,8882.9,,,4346.9,5893.4,6662.1,9999.9,6965.0,,,,,,,,,,,,,,,,,250.6,338.2,593.9,1185.5,1432.0,,,433.4,595.6,1082.8,1702.5,2150.5,,,443.8,572.2,1014.7,1840.6,2491.5,,,1555.6,1903.4,1909.4,4903.3,6590.5,,,2864.1,3295.2,3806.9,6318.7,6318.7,,,3670.1,4751.3,4227.0,8756.0,6662.1,,,,,,,,,,,,,,,,,1469.8,1945.7,2204.7,4378.0,3192.2,,,2003.0,3331.0,4113.5,8172.2,9999.9,,,2189.0,3386.2,5424.0,7296.6,8756.0,,,4506.7,5424.0,8396.1,9999.9,9999.9,,,5623.1,8396.1,7566.9,9999.9,9999.9,,,9429.5,9999.9,9999.9,9999.9,9999.9,,,,,,,,,,,,,,,,,1575.6,2748.5,4540.1,4141.3,6068.5,,,1532.3,3563.4,4751.3,4346.9,9576.8,,,3095.5,3980.0,7758.4,6662.1,8882.9,,,7126.9,9286.6,9999.9,9999.9,9999.9,,,6810.2,9148.0,7960.0,9999.9,9999.9,,,9885.8,9999.9,9999.9,9999.9,9885.8,,,,,,,,,,,,,,,,,,,,,,,,,,,,,,,,,,,,,,,,,,,,,,,,,,,,,,,,,,,,,,,,,,,,,,,,,,,,,,,,,,,,,,,,,,,,,,,,,,,,,,,,,,,,,,,,,,,,,,,,,,,,,,,,
20261002_青森_7R,20261002,12,青森,7,13.6,67.0,28.2,18.9,101.6,,,15.4,80.4,37.9,105.5,159.6,,,293.9,289.7,284.7,664.2,649.9,,,100.9,74.0,128.5,307.6,320.8,,,183.7,421.6,718.7,603.9,766.6,,,359.2,434.7,790.9,657.0,856.4,,,,,,,,,,,,,,,,,29.6,76.0,44.3,16.4,120.5,,,59.9,198.9,95.0,88.5,303.7,,,244.6,446.1,270.0,241.1,507.5,,,115.3,159.4,135.3,152.7,217.6,,,32.4,85.3,54.3,58.0,38.1,,,311.7,574.7,426.4,432.5,205.8,,,,,,,,,,,,,,,,,18.5,94.9,41.1,152.0,168.3,,,35.3,136.4,50.7,66.9,191.3,,,210.7,227.7,63.2,417.2,283.6,,,38.2,36.2,14.2,135.3,111.0,,,420.6,192.9,715.2,257.0,750.9,,,373.9,425.8,537.3,359.3,834.1,,,,,,,,,,,,,,,,,800.8,796.4,799.5,1958.4,1765.9,,,861.4,905.6,987.7,1347.7,1741.9,,,604.6,643.3,218.1,1199.3,713.7,,,623.0,610.7,177.9,1118.2,665.5,,,2702.5,2256.1,2510.4,2450.4,3039.4,,,2271.1,2421.4,1668.2,1590.4,2977.5,,,,,,,,,,,,,,,,,218.2,159.7,258.9,835.4,713.2,,,248.9,206.8,267.4,697.2,770.1,,,95.1,93.2,30.1,305.0,193.3,,,329.1,308.8,79.8,770.7,388.2,,,1928.9,1446.7,1103.7,1399.2,2480.0,,,1286.7,1175.9,661.2,935.4,2125.0,,,,,,,,,,,,,,,,,473.3,1200.7,2129.4,1896.8,2008.3,,,256.3,248.6,279.4,269.9,242.8,,,1373.0,676.0,2291.4,1620.6,2612.9,,,3402.9,1882.8,3460.4,3414.2,3556.5,,,2813.9,1497.4,1778.2,2547.9,3414.2,,,2660.4,1258.3,3314.8,3325.5,3066.7,,,,,,,,,,,,,,,,,317.4,406.9,718.7,1197.9,1434.5,,,331.6,452.6,666.4,1011.1,756.4,,,394.1,454.6,617.7,715.7,1704.2,,,2020.2,2077.6,1687.4,2004.4,2994.9,,,1517.4,1406.9,862.1,1323.3,2256.1,,,2170.0,1306.4,2688.3,2934.8,2535.3,,,,,,,,,,,,,,,,,,,,,,,,,,,,,,,,,,,,,,,,,,,,,,,,,,,,,,,,,,,,,,,,,,,,,,,,,,,,,,,,,,,,,,,,,,,,,,,,,,,,,,,,,,,,,,,,,,,,,,,,,,,,,,,,
20261002_前橋_1R,20261002,22,前橋,1,103.0,117.6,96.8,143.3,1229.8,,,80.5,64.5,155.7,206.3,1012.8,,,148.2,99.3,300.0,196.5,696.6,,,154.7,373.5,361.5,287.1,1943.9,,,133.5,126.5,126.8,188.4,704.8,,,2892.5,2847.0,2303.0,3199.7,2658.6,,,,,,,,,,,,,,,,,121.0,159.9,38.4,70.6,1305.3,,,85.2,40.2,42.7,256.4,682.2,,,144.1,59.3,85.8,377.8,561.4,,,10.1,17.8,28.2,42.1,446.9,,,295.8,643.3,792.9,306.1,2939.6,,,2698.2,2303.0,2245.7,1614.1,3013.1,,,,,,,,,,,,,,,,,43.0,33.9,58.0,102.5,454.2,,,39.7,28.2,32.9,205.3,383.0,,,14.7,13.5,23.1,71.5,61.2,,,83.4,69.8,95.9,461.7,827.3,,,293.0,504.2,331.4,675.8,1636.0,,,1746.7,1406.8,504.2,1954.4,2303.0,,,,,,,,,,,,,,,,,154.1,86.5,292.0,264.5,553.7,,,146.8,65.1,133.2,411.3,465.9,,,29.5,24.4,52.0,120.4,70.6,,,399.5,272.4,214.3,706.1,1119.4,,,634.3,1129.9,504.9,1109.1,1826.1,,,956.5,1041.9,382.6,1119.4,1585.8,,,,,,,,,,,,,,,,,133.8,313.8,344.3,530.1,2288.4,,,30.7,66.0,101.2,158.7,730.4,,,475.7,198.2,307.1,1209.2,2678.3,,,662.2,311.4,328.1,1246.8,1997.6,,,1185.4,833.1,1913.0,1883.1,3443.5,,,5240.1,2317.7,5317.2,5649.5,5317.2,,,,,,,,,,,,,,,,,375.0,368.1,435.1,468.3,1636.0,,,764.4,1092.3,1277.6,1112.5,4953.0,,,688.7,1041.9,718.8,1519.2,3652.2,,,1004.3,1572.0,946.5,1816.9,2493.6,,,1344.1,1264.2,2066.1,1816.9,5562.6,,,4953.0,8034.9,6456.6,6026.2,6456.6,,,,,,,,,,,,,,,,,5831.8,5927.4,3973.3,5562.6,4635.5,,,5562.6,3973.3,3689.5,2564.3,7860.2,,,5831.8,3652.2,1030.1,5240.1,6343.3,,,3476.6,3064.1,971.9,4253.7,4304.4,,,6822.1,2459.6,5478.3,5478.3,7231.4,,,7231.4,8408.6,7231.4,6953.3,6695.7,,,,,,,,,,,,,,,,,,,,,,,,,,,,,,,,,,,,,,,,,,,,,,,,,,,,,,,,,,,,,,,,,,,,,,,,,,,,,,,,,,,,,,,,,,,,,,,,,,,,,,,,,,,,,,,,,,,,,,,,,,,,,,,,
20261002_前橋_2R,20261002,22,前橋,2,60.4,75.8,74.1,121.4,162.5,,,52.2,38.5,109.4,170.3,75.9,,,32.7,27.2,76.5,111.0,25.8,,,125.1,202.1,238.1,282.7,179.6,,,177.7,270.7,255.6,258.7,283.8,,,158.7,106.7,86.5,173.4,386.8,,,,,,,,,,,,,,,,,76.1,123.7,77.4,92.5,333.8,,,55.2,178.7,30.9,41.4,459.8,,,206.2,288.0,297.4,283.1,1202.4,,,28.5,23.1,176.9,16.0,235.3,,,34.2,36.1,174.9,15.1,415.8,,,1097.7,1171.6,2228.9,932.5,1050.4,,,,,,,,,,,,,,,,,48.5,60.5,93.9,156.9,128.5,,,56.8,155.2,38.8,59.5,353.5,,,120.2,226.2,366.6,414.4,578.3,,,170.1,81.5,437.2,169.9,424.0,,,220.8,110.8,486.1,178.1,744.4,,,555.5,814.1,990.6,794.6,1422.3,,,,,,,,,,,,,,,,,80.4,98.3,118.5,191.1,55.2,,,253.1,443.0,253.5,345.8,1422.3,,,233.7,417.7,598.2,719.5,1084.7,,,509.1,475.3,759.9,967.0,2150.2,,,384.3,398.2,796.4,836.4,1827.7,,,565.8,2503.7,1791.9,2996.2,3293.2,,,,,,,,,,,,,,,,,210.9,353.5,599.2,414.9,578.3,,,119.6,86.8,375.6,40.6,416.8,,,257.6,119.8,683.2,228.3,578.3,,,852.0,769.5,1117.8,1568.8,3481.4,,,368.4,89.6,298.1,1018.2,1264.8,,,1954.8,1589.3,1732.4,5375.7,3071.8,,,,,,,,,,,,,,,,,203.4,316.7,319.5,294.3,337.5,,,99.5,74.8,274.0,27.4,422.5,,,322.3,152.5,610.2,221.4,1273.6,,,249.3,365.1,640.1,930.1,2188.9,,,287.8,73.3,242.5,1160.4,1305.5,,,2328.3,2420.8,3416.3,4107.2,2901.1,,,,,,,,,,,,,,,,,1450.5,964.5,651.6,2030.8,2611.0,,,2215.4,2611.0,4627.1,2769.3,4351.7,,,1334.1,2150.2,2790.4,2453.3,4017.0,,,832.6,5077.0,3021.0,5895.9,5077.0,,,4061.6,3263.8,3481.4,8307.9,5992.5,,,4627.1,4809.8,5077.0,7310.9,6092.4,,,,,,,,,,,,,,,,,,,,,,,,,,,,,,,,,,,,,,,,,,,,,,,,,,,,,,,,,,,,,,,,,,,,,,,,,,,,,,,,,,,,,,,,,,,,,,,,,,,,,,,,,,,,,,,,,,,,,,,,,,,,,,,,
20261002_前橋_3R,20261002,22,前橋,3,7.3,11.9,16.1,60.3,49.2,,,26.3,20.7,71.8,269.7,262.3,,,31.1,22.9,110.5,329.6,488.0,,,57.0,86.0,130.0,111.5,733.0,,,489.3,673.5,730.1,460.3,1746.9,,,618.9,966.0,1083.6,1062.0,2411.8,,,,,,,,,,,,,,,,,62.3,77.6,90.8,217.2,269.3,,,158.8,223.7,388.6,756.7,1198.2,,,171.8,237.9,522.1,1065.0,1590.8,,,310.2,560.4,580.5,855.4,1999.1,,,1024.2,1814.7,1832.5,1483.5,3977.0,,,1083.6,2351.2,2199.0,3168.1,4984.5,,,,,,,,,,,,,,,,,66.3,40.4,106.5,373.4,202.8,,,110.1,92.5,201.9,422.4,572.5,,,22.8,35.6,30.2,120.8,58.3,,,146.6,195.1,66.0,283.4,550.5,,,1007.6,1150.2,484.8,725.9,1771.7,,,673.5,953.6,287.3,986.3,1632.5,,,,,,,,,,,,,,,,,67.0,49.0,140.7,295.7,467.8,,,125.3,144.3,295.9,650.1,855.4,,,20.1,39.0,35.3,116.9,109.7,,,156.9,247.9,76.1,182.3,749.1,,,892.2,1062.0,559.6,568.1,2009.9,,,1437.8,1668.9,579.6,1746.9,2769.2,,,,,,,,,,,,,,,,,69.3,127.9,203.8,176.6,847.7,,,209.4,290.2,328.5,404.1,1221.7,,,107.4,150.6,75.0,227.6,629.3,,,194.4,234.5,80.5,210.8,894.3,,,94.5,156.8,170.6,171.0,338.9,,,1771.7,1999.1,1410.7,1814.7,1400.1,,,,,,,,,,,,,,,,,1062.0,1869.2,1730.7,1168.2,4297.0,,,1302.5,2525.9,1797.3,1814.7,6128.5,,,1869.2,2148.5,1183.0,1339.9,3701.4,,,2148.5,2459.5,1339.9,1183.0,5051.9,,,694.8,744.7,717.5,746.1,1186.8,,,6230.7,7189.3,6923.0,5497.7,3222.7,,,,,,,,,,,,,,,,,1059.0,2238.5,2492.2,4063.5,6029.7,,,1483.5,3665.1,3367.9,4673.0,7053.6,,,2148.5,3250.8,1024.2,3089.6,5934.0,,,3014.8,3701.4,1059.0,4615.3,8307.6,,,4559.0,4398.1,3814.7,4732.2,3250.8,,,6797.1,7954.1,7330.2,8307.6,3894.2,,,,,,,,,,,,,,,,,,,,,,,,,,,,,,,,,,,,,,,,,,,,,,,,,,,,,,,,,,,,,,,,,,,,,,,,,,,,,,,,,,,,,,,,,,,,,,,,,,,,,,,,,,,,,,,,,,,,,,,,,,,,,,,,
20261002_前橋_4R,20261002,22,前橋,4,58.9,223.0,280.5,460.7,147.0,,,38.1,93.8,100.1,102.6,94.5,,,377.7,380.2,484.1,832.2,902.1,,,447.5,292.7,491.0,1141.9,1007.9,,,836.2,461.9,914.1,1263.6,1223.1,,,220.7,245.8,554.3,890.4,859.2,,,,,,,,,,,,,,,,,18.1,84.7,96.5,182.6,56.0,,,13.5,71.4,74.9,154.0,35.4,,,128.2,133.6,119.8,258.2,159.2,,,133.2,131.7,93.3,316.2,116.6,,,428.5,379.7,491.0,582.5,258.8,,,17.8,11.0,37.9,28.8,25.0,,,,,,,,,,,,,,,,,23.5,55.9,63.2,31.0,42.3,,,31.3,130.0,131.1,228.2,72.7,,,211.2,318.2,335.0,615.9,599.8,,,188.8,299.1,278.0,874.5,631.8,,,329.8,629.5,941.6,1161.2,954.7,,,88.1,88.3,336.3,399.2,244.4,,,,,,,,,,,,,,,,,429.6,450.4,440.0,736.0,952.1,,,384.9,422.7,378.5,694.3,595.6,,,418.6,500.3,537.0,1141.9,1177.1,,,194.6,274.5,205.8,218.6,389.7,,,1005.0,1064.1,1263.6,586.5,1591.2,,,1181.1,732.8,1420.3,846.5,1456.4,,,,,,,,,,,,,,,,,540.4,324.8,330.8,1130.6,1181.1,,,323.9,302.5,203.2,697.1,285.4,,,249.4,486.8,305.2,1223.1,850.7,,,143.8,180.0,125.2,158.6,201.0,,,1332.2,1287.3,1684.8,589.5,1500.9,,,939.1,348.2,939.1,359.1,960.1,,,,,,,,,,,,,,,,,1064.1,770.6,976.4,1462.6,1363.9,,,897.4,826.2,987.6,1353.2,747.2,,,558.8,993.4,1282.5,1753.6,1576.6,,,1070.7,1181.1,1562.3,844.5,1562.3,,,1562.3,1613.6,1888.5,848.6,2161.7,,,1157.2,795.6,1468.8,1507.5,1727.2,,,,,,,,,,,,,,,,,127.3,233.3,471.4,740.7,434.5,,,37.3,22.6,68.2,56.1,43.1,,,172.2,99.1,657.2,618.1,425.3,,,747.2,312.1,923.9,644.8,1026.0,,,914.1,206.3,844.5,367.2,962.7,,,707.2,271.2,852.8,996.2,1197.6,,,,,,,,,,,,,,,,,,,,,,,,,,,,,,,,,,,,,,,,,,,,,,,,,,,,,,,,,,,,,,,,,,,,,,,,,,,,,,,,,,,,,,,,,,,,,,,,,,,,,,,,,,,,,,,,,,,,,,,,,,,,,,,,
20261002_前橋_5R,20261002,22,前橋,5,59.5,76.2,119.5,390.9,212.1,,,36.9,48.5,29.7,100.9,60.8,,,149.7,158.5,200.2,448.1,325.9,,,114.9,62.6,160.7,109.0,63.0,,,702.4,441.1,735.5,347.4,562.8,,,215.7,119.8,256.6,73.1,287.6,,,,,,,,,,,,,,,,,132.7,128.6,177.1,469.9,312.4,,,154.0,221.4,242.5,674.2,321.7,,,81.9,106.6,69.3,238.3,101.4,,,150.5,168.8,113.8,216.4,89.1,,,829.8,1305.6,688.5,528.6,883.1,,,260.6,225.6,146.6,108.2,548.5,,,,,,,,,,,,,,,,,64.7,86.4,40.7,176.9,72.3,,,187.6,329.7,370.7,915.3,524.9,,,433.1,631.9,631.0,1659.6,1051.2,,,102.0,341.4,523.1,213.2,140.2,,,775.8,1623.9,1969.8,689.6,1556.9,,,213.6,477.4,683.3,212.1,897.1,,,,,,,,,,,,,,,,,282.2,443.7,393.9,747.6,646.3,,,147.2,288.9,171.8,289.1,239.9,,,471.4,677.2,864.6,2097.5,1415.8,,,495.7,390.9,934.1,319.2,377.8,,,1290.8,1025.0,2618.9,1043.9,1769.8,,,702.4,402.3,961.9,359.5,740.3,,,,,,,,,,,,,,,,,110.6,63.1,181.3,73.6,50.3,,,150.5,225.0,188.8,114.8,72.6,,,84.8,233.9,394.6,134.4,86.3,,,356.1,362.4,507.9,354.7,226.6,,,62.8,81.2,95.0,154.0,22.8,,,23.0,33.3,40.9,75.6,10.6,,,,,,,,,,,,,,,,,1641.5,1287.1,1684.2,503.4,1121.4,,,1635.6,2157.4,1461.5,879.7,1927.9,,,1305.6,2188.7,2665.1,997.9,2147.2,,,1978.4,1797.9,3331.4,1201.7,2059.4,,,305.7,491.9,429.0,576.4,133.2,,,911.6,1227.8,1452.1,1251.5,193.9,,,,,,,,,,,,,,,,,241.7,166.3,315.7,91.3,331.4,,,246.7,336.8,169.0,174.7,540.0,,,161.7,386.2,636.3,170.5,703.5,,,491.4,317.5,803.3,307.5,832.8,,,41.0,75.1,86.2,95.7,19.4,,,570.6,624.0,779.8,842.1,134.0,,,,,,,,,,,,,,,,,,,,,,,,,,,,,,,,,,,,,,,,,,,,,,,,,,,,,,,,,,,,,,,,,,,,,,,,,,,,,,,,,,,,,,,,,,,,,,,,,,,,,,,,,,,,,,,,,,,,,,,,,,,,,,,,
20261002_前橋_6R,20261002,22,前橋,6,33.6,90.6,78.0,400.2,370.7,,,41.5,69.0,152.3,288.5,395.8,,,77.5,92.8,236.8,352.1,386.6,,,267.0,371.0,536.8,1572.7,1567.4,,,722.1,856.8,754.7,2140.0,997.1,,,859.9,666.6,859.9,1450.9,686.1,,,,,,,,,,,,,,,,,14.8,62.8,36.1,390.8,294.0,,,5.9,44.5,3.7,68.0,75.1,,,164.6,145.0,178.4,943.0,1043.8,,,50.3,22.3,113.6,395.5,324.5,,,1043.8,547.5,1446.5,954.5,1189.5,,,522.4,252.2,887.6,487.1,759.5,,,,,,,,,,,,,,,,,34.2,46.9,99.3,216.6,270.4,,,12.9,62.7,9.9,83.6,96.6,,,302.7,374.0,716.6,1354.5,1189.5,,,310.7,129.2,654.5,1312.8,1079.8,,,526.0,490.7,1403.2,1415.9,610.2,,,397.5,291.2,758.3,871.1,333.5,,,,,,,,,,,,,,,,,324.3,329.8,844.4,978.4,1160.0,,,638.5,745.1,1291.1,2331.6,2875.2,,,517.8,757.1,1761.9,2911.0,2840.4,,,1735.8,2159.7,3063.2,5150.2,5858.3,,,2985.1,4005.7,5646.6,6166.7,4881.9,,,2678.1,4380.1,4222.2,5325.8,3577.6,,,,,,,,,,,,,,,,,572.2,753.4,1301.8,3166.6,2709.0,,,416.5,189.8,1043.8,1837.9,1390.7,,,725.4,262.2,1809.5,3323.9,2632.9,,,1788.8,2231.7,2724.8,6333.3,7101.0,,,6420.1,3523.8,6420.1,8080.5,5265.9,,,3841.5,3124.4,3810.3,6892.2,5094.2,,,,,,,,,,,,,,,,,948.7,1546.7,1180.5,3277.4,1077.4,,,1097.5,1217.3,2806.4,2320.1,1969.2,,,1433.2,1335.2,2857.7,3254.6,1378.4,,,3323.9,4734.0,5715.5,6601.0,3497.5,,,5039.4,4550.2,6333.3,6695.3,4421.4,,,465.4,926.2,785.0,1183.5,1572.7,,,,,,,,,,,,,,,,,763.3,538.0,635.0,1277.0,493.8,,,571.5,312.0,1018.8,594.0,580.0,,,243.3,237.7,405.7,642.8,190.5,,,1469.1,2379.0,2159.7,3396.1,1735.8,,,2547.1,1667.8,1823.6,3232.2,2179.8,,,144.3,335.4,198.7,323.6,627.4,,,,,,,,,,,,,,,,,,,,,,,,,,,,,,,,,,,,,,,,,,,,,,,,,,,,,,,,,,,,,,,,,,,,,,,,,,,,,,,,,,,,,,,,,,,,,,,,,,,,,,,,,,,,,,,,,,,,,,,,,,,,,,,,
20261002_前橋_7R,20261002,22,前橋,7,14.9,105.5,16.7,39.7,41.0,,,16.2,89.2,33.6,41.8,46.4,,,227.5,199.5,316.3,156.9,122.9,,,38.1,63.5,228.9,96.6,108.8,,,24.4,27.2,66.3,47.2,46.1,,,48.4,54.4,41.9,90.1,61.1,,,,,,,,,,,,,,,,,44.7,202.5,49.2,107.5,108.8,,,71.1,396.4,100.4,349.9,234.2,,,546.3,748.0,635.1,1052.3,684.4,,,35.5,50.8,135.8,106.9,64.8,,,294.0,531.3,929.7,445.0,907.0,,,179.6,283.4,280.4,167.2,748.6,,,,,,,,,,,,,,,,,26.3,111.9,43.1,57.5,62.9,,,49.9,287.1,70.7,266.3,192.8,,,406.7,574.4,679.9,981.0,505.2,,,106.0,102.5,433.7,402.4,331.5,,,254.4,473.9,884.4,543.4,838.0,,,176.4,254.0,207.1,366.6,606.0,,,,,,,,,,,,,,,,,801.0,809.4,1088.2,810.9,599.3,,,1017.6,1591.1,1369.9,1699.2,1340.1,,,983.0,1422.5,1791.2,2168.7,1004.4,,,1591.1,1974.5,2138.7,2332.6,1837.4,,,1819.3,1867.0,2692.0,2653.4,2338.5,,,393.4,667.1,502.2,786.1,977.8,,,,,,,,,,,,,,,,,145.7,189.0,774.9,425.1,522.0,,,95.4,120.0,342.0,238.0,148.7,,,214.9,199.1,1024.4,1004.4,739.0,,,1479.3,1351.9,1767.2,2194.4,1901.5,,,935.4,899.9,1508.2,2362.4,1882.2,,,907.9,448.2,989.3,1328.6,1830.1,,,,,,,,,,,,,,,,,251.2,287.0,590.9,438.0,533.4,,,365.3,990.4,1371.9,1119.7,2000.1,,,518.8,1063.2,1777.4,1588.4,2124.0,,,1662.5,1893.7,2537.1,2572.4,2476.1,,,1073.0,1585.7,1671.5,2756.1,2823.3,,,1194.9,2502.8,2572.4,2178.9,2715.7,,,,,,,,,,,,,,,,,116.4,123.3,90.3,204.7,161.5,,,186.7,331.6,228.0,180.0,704.7,,,200.0,322.7,245.7,494.9,933.5,,,108.1,165.9,139.3,260.5,337.8,,,565.0,319.1,680.4,653.5,1351.9,,,721.2,1319.1,1467.6,1256.5,1561.6,,,,,,,,,,,,,,,,,,,,,,,,,,,,,,,,,,,,,,,,,,,,,,,,,,,,,,,,,,,,,,,,,,,,,,,,,,,,,,,,,,,,,,,,,,,,,,,,,,,,,,,,,,,,,,,,,,,,,,,,,,,,,,,,
20261002_大宮_1R,20261002,25,大宮,1,522.8,287.2,246.4,1035.9,191.5,,,632.0,541.7,2110.9,2172.4,1339.8,,,331.0,547.0,804.9,1462.5,753.4,,,633.8,3339.7,1434.3,3609.0,1864.6,,,828.7,1398.5,1316.2,2015.8,1060.4,,,256.6,1017.1,676.0,1183.9,1243.1,,,,,,,,,,,,,,,,,376.0,206.0,150.2,758.5,96.4,,,350.7,116.6,165.8,1153.4,89.5,,,151.4,122.1,74.4,654.2,40.7,,,102.1,165.1,68.0,405.3,20.2,,,1222.7,1609.8,1501.7,968.6,537.8,,,20.6,31.1,10.5,4.7,121.4,,,,,,,,,,,,,,,,,359.1,331.5,1196.5,1416.2,847.5,,,287.2,96.4,184.1,1216.1,112.4,,,126.2,57.0,237.2,590.4,103.8,,,2071.8,750.8,981.4,5327.6,1928.9,,,2110.9,2632.5,1657.5,6780.7,2542.7,,,430.3,138.6,150.0,810.7,1339.8,,,,,,,,,,,,,,,,,316.9,425.4,745.8,1416.2,616.4,,,249.1,154.3,171.7,920.8,100.3,,,140.9,74.3,322.8,478.1,76.0,,,1147.5,513.2,895.0,3151.5,731.2,,,1928.9,2151.5,1491.7,5203.7,2514.1,,,253.9,99.4,128.0,442.2,1257.0,,,,,,,,,,,,,,,,,1364.4,4387.5,2306.8,3857.9,2193.7,,,578.1,793.4,412.0,1381.2,112.1,,,4566.5,1928.9,2193.7,6393.2,3339.7,,,2193.7,787.8,2052.8,4143.7,1165.4,,,4387.5,2983.5,7991.5,6215.6,4221.9,,,1775.8,154.8,2283.2,998.9,2632.5,,,,,,,,,,,,,,,,,1236.2,2193.7,1880.3,3925.6,1407.3,,,2306.8,3339.7,2868.7,2283.2,1472.1,,,3609.0,3925.6,2406.0,9999.9,3729.3,,,2542.7,4864.4,2868.7,7991.5,4068.4,,,3925.6,3668.2,7715.9,6780.7,5457.6,,,1657.5,1721.2,3729.3,3668.2,5888.5,,,,,,,,,,,,,,,,,109.5,302.3,166.7,475.0,587.3,,,17.8,28.0,12.2,7.3,140.3,,,216.6,100.2,79.8,483.2,736.0,,,110.6,50.9,65.4,211.0,579.6,,,540.4,85.0,667.9,368.0,1381.2,,,750.8,678.0,1080.9,1381.2,2131.0,,,,,,,,,,,,,,,,,,,,,,,,,,,,,,,,,,,,,,,,,,,,,,,,,,,,,,,,,,,,,,,,,,,,,,,,,,,,,,,,,,,,,,,,,,,,,,,,,,,,,,,,,,,,,,,,,,,,,,,,,,,,,,,,
20261002_大宮_2R,20261002,25,大宮,2,258.4,304.0,179.4,948.0,381.1,,,154.3,80.0,97.2,151.1,188.5,,,307.7,160.0,384.0,720.0,461.8,,,123.6,114.7,219.0,291.8,97.1,,,1764.6,768.9,1375.1,1282.7,1557.5,,,490.0,466.7,841.0,225.8,1102.1,,,,,,,,,,,,,,,,,148.1,178.6,126.4,790.8,153.6,,,95.6,32.7,57.9,212.0,142.3,,,102.5,33.9,66.1,428.7,109.9,,,62.2,39.3,61.4,296.9,21.2,,,1659.1,1086.4,1387.6,1350.8,2312.7,,,200.4,245.2,272.3,72.9,1413.3,,,,,,,,,,,,,,,,,148.9,53.2,98.5,136.3,328.2,,,110.4,40.5,73.2,209.6,400.6,,,15.8,18.2,19.6,25.4,106.2,,,123.3,104.8,80.0,228.8,208.3,,,209.8,344.5,114.2,300.4,721.7,,,684.4,811.9,399.0,649.5,1206.6,,,,,,,,,,,,,,,,,157.0,70.1,228.5,417.6,210.9,,,82.2,35.7,49.8,306.2,89.6,,,22.1,22.2,31.4,22.3,42.1,,,318.3,152.6,133.3,877.2,163.4,,,687.5,1152.0,206.8,1598.3,1606.7,,,343.0,251.0,168.9,249.0,1511.3,,,,,,,,,,,,,,,,,168.2,226.4,411.4,916.7,143.3,,,82.8,78.1,127.0,545.1,60.6,,,267.0,152.6,218.0,640.0,258.0,,,520.9,286.9,256.1,1828.0,540.3,,,2523.0,2008.4,1872.9,3282.6,1861.5,,,145.5,109.5,234.1,545.1,1134.8,,,,,,,,,,,,,,,,,4489.5,1650.1,2907.4,3083.7,4125.4,,,4361.2,2565.4,3115.1,3864.3,5986.0,,,1078.7,1774.9,461.8,1774.9,1932.1,,,1982.3,2677.9,675.4,3864.3,5088.1,,,3964.7,4299.8,3115.1,4361.2,3247.7,,,4845.8,8033.8,3913.9,6938.3,4625.5,,,,,,,,,,,,,,,,,801.2,879.7,1211.4,372.7,3634.3,,,646.7,994.4,1362.8,311.1,4625.5,,,1321.5,1453.7,936.4,1056.3,2312.7,,,1288.1,1387.6,975.3,1216.2,5870.8,,,291.3,250.4,582.6,1114.1,2609.2,,,5004.7,6938.3,3964.7,6105.7,3768.9,,,,,,,,,,,,,,,,,,,,,,,,,,,,,,,,,,,,,,,,,,,,,,,,,,,,,,,,,,,,,,,,,,,,,,,,,,,,,,,,,,,,,,,,,,,,,,,,,,,,,,,,,,,,,,,,,,,,,,,,,,,,,,,,
20261002_大宮_3R,20261002,25,大宮,3,479.0,388.9,519.6,460.3,203.6,,,515.4,321.1,176.0,1409.4,222.4,,,510.4,332.5,406.8,1481.5,92.2,,,586.6,130.3,346.9,1488.4,190.8,,,1004.8,1561.4,2949.4,2431.5,1154.1,,,69.9,60.3,19.2,58.4,254.0,,,,,,,,,,,,,,,,,371.6,384.7,409.9,361.1,143.8,,,429.8,395.2,143.1,386.5,260.2,,,409.9,496.9,542.6,478.2,217.4,,,432.7,126.5,420.2,422.4,281.6,,,230.8,194.4,211.3,208.0,109.9,,,85.1,167.9,74.1,195.6,151.6,,,,,,,,,,,,,,,,,559.8,451.8,198.4,1569.1,248.2,,,530.0,605.5,209.9,697.0,491.5,,,511.2,936.8,249.2,1731.1,302.5,,,72.1,78.4,60.0,230.9,36.0,,,1310.8,971.1,2068.4,1065.3,1750.2,,,198.4,445.5,134.5,123.8,1102.2,,,,,,,,,,,,,,,,,844.9,559.8,582.3,1703.4,139.5,,,798.3,931.3,1102.2,1239.4,496.9,,,604.4,945.2,364.4,1907.4,338.8,,,747.7,1166.8,356.7,2722.5,416.3,,,2308.2,2508.1,3500.4,4977.1,2055.0,,,72.2,244.6,157.6,182.9,590.9,,,,,,,,,,,,,,,,,570.8,120.0,367.8,1553.8,160.7,,,447.3,131.9,447.3,415.8,293.3,,,38.1,53.7,27.1,118.6,17.6,,,504.8,765.7,135.5,1040.9,229.4,,,1502.5,851.7,391.8,683.5,605.5,,,100.2,273.8,46.9,78.8,431.6,,,,,,,,,,,,,,,,,1873.7,4616.4,4900.5,4900.5,1769.6,,,827.3,663.6,788.4,700.0,580.2,,,2610.9,1244.2,3462.3,2291.6,3579.0,,,5137.6,2342.1,4486.4,5308.9,3747.4,,,4684.3,1474.7,1954.2,4304.5,3217.5,,,1731.1,1397.0,3747.4,2152.2,3033.6,,,,,,,,,,,,,,,,,33.1,27.7,6.7,29.8,132.0,,,88.6,230.6,85.4,209.7,246.1,,,97.8,368.2,58.9,72.8,899.8,,,15.6,60.1,35.0,43.5,206.3,,,82.1,262.6,42.9,51.2,692.4,,,778.8,825.2,1349.7,902.3,1422.0,,,,,,,,,,,,,,,,,,,,,,,,,,,,,,,,,,,,,,,,,,,,,,,,,,,,,,,,,,,,,,,,,,,,,,,,,,,,,,,,,,,,,,,,,,,,,,,,,,,,,,,,,,,,,,,,,,,,,,,,,,,,,,,,
20261002_大宮_4R,20261002,25,大宮,4,313.7,37.2,95.3,192.0,282.1,,,659.5,360.1,734.4,2168.2,846.4,,,14.2,87.1,11.9,105.3,64.0,,,165.8,515.5,64.6,463.4,390.8,,,572.4,2277.4,523.2,850.9,1486.2,,,663.6,995.4,354.8,719.4,1720.4,,,,,,,,,,,,,,,,,168.8,18.5,49.4,54.3,136.0,,,387.0,256.5,953.5,444.6,237.8,,,14.1,100.1,112.7,39.2,56.9,,,197.3,936.5,283.1,378.6,557.3,,,40.3,185.7,38.5,130.5,105.9,,,289.6,358.5,189.4,729.4,308.2,,,,,,,,,,,,,,,,,846.4,436.0,677.8,2029.2,811.7,,,837.4,509.7,1778.4,1048.2,595.0,,,335.7,429.5,1103.0,1798.6,337.1,,,2261.1,3230.2,2594.8,4587.9,2573.7,,,3597.3,1692.8,3014.9,4522.3,1918.5,,,374.1,459.4,272.6,795.3,781.6,,,,,,,,,,,,,,,,,6.0,48.3,5.9,69.8,30.3,,,17.1,96.5,106.8,58.5,59.1,,,168.9,183.5,508.9,737.9,109.4,,,94.7,227.2,569.3,753.7,393.7,,,441.5,312.8,1008.1,1062.3,857.9,,,136.5,183.0,211.3,458.1,644.7,,,,,,,,,,,,,,,,,548.6,1692.8,212.1,1413.2,1382.3,,,793.3,3297.5,876.9,2016.3,2931.1,,,3134.3,4007.1,3297.5,5862.3,4165.3,,,250.0,648.7,2512.4,2552.9,2261.1,,,3134.3,3681.0,9310.7,4058.5,4870.2,,,2877.8,5276.1,6207.1,3367.7,4336.5,,,,,,,,,,,,,,,,,986.1,5105.9,1069.4,1631.7,3367.7,,,411.6,807.5,380.4,759.1,634.4,,,7194.6,2532.5,5458.0,7537.2,3517.4,,,1163.8,864.9,3724.3,3440.9,3681.0,,,3197.6,3043.9,8117.0,4522.3,4655.3,,,3908.2,1966.2,3908.2,4655.3,4007.1,,,,,,,,,,,,,,,,,1840.5,1400.7,580.8,1185.6,3014.9,,,1286.8,1058.7,942.1,3103.5,1748.9,,,506.5,726.0,449.6,1376.3,1281.6,,,561.2,1044.7,708.2,1788.5,2752.7,,,2110.4,5276.1,4458.6,3165.6,5365.5,,,2552.9,2573.7,3440.9,4796.4,4165.3,,,,,,,,,,,,,,,,,,,,,,,,,,,,,,,,,,,,,,,,,,,,,,,,,,,,,,,,,,,,,,,,,,,,,,,,,,,,,,,,,,,,,,,,,,,,,,,,,,,,,,,,,,,,,,,,,,,,,,,,,,,,,,,,
20261002_大宮_5R,20261002,25,大宮,5,520.7,187.1,77.2,267.2,301.9,,,786.0,306.3,259.5,1222.1,486.0,,,68.8,52.6,16.8,269.6,30.5,,,6.7,35.4,2.8,39.1,9.5,,,609.9,1355.7,787.9,412.8,1146.7,,,244.7,325.7,65.8,66.9,574.3,,,,,,,,,,,,,,,,,1850.0,511.2,203.4,538.3,1014.7,,,3939.5,2293.5,3639.7,4293.0,5400.9,,,943.2,1097.9,1254.1,1282.9,1339.4,,,255.0,2160.3,905.0,764.5,1389.4,,,509.6,1494.9,700.5,572.4,1355.7,,,1829.8,3762.4,1810.0,2203.0,2293.5,,,,,,,,,,,,,,,,,4134.0,1515.2,1268.4,3805.2,2498.9,,,6201.1,4650.8,6697.2,4406.0,5874.7,,,1217.6,2426.5,1231.1,3452.1,608.8,,,1981.4,5773.4,2426.5,7787.4,5073.6,,,8167.3,6201.1,6439.6,8586.1,9301.6,,,3016.7,6439.6,912.4,3416.9,9848.8,,,,,,,,,,,,,,,,,352.4,205.6,61.7,759.3,89.2,,,822.7,905.0,822.7,1594.5,943.2,,,331.8,648.9,369.6,1049.7,193.1,,,113.0,580.3,378.8,1094.3,182.7,,,2556.1,2616.0,2017.2,3044.1,2217.6,,,80.9,305.8,100.8,99.8,724.8,,,,,,,,,,,,,,,,,24.7,73.3,10.6,77.5,34.3,,,171.6,1617.6,529.8,712.4,932.7,,,690.4,2837.8,1053.0,4348.8,2160.3,,,90.5,470.9,329.2,1142.8,257.5,,,679.2,1717.2,3720.6,2146.5,2989.8,,,216.8,1036.7,1350.2,412.8,2262.5,,,,,,,,,,,,,,,,,2146.5,5315.2,3100.5,1494.9,3986.4,,,1339.4,2247.3,1529.0,1328.8,2595.8,,,7279.5,5232.1,5151.7,9999.9,9301.6,,,4238.7,4134.0,3016.7,1935.6,5073.6,,,1790.6,2963.3,8167.3,4293.0,5874.7,,,5073.6,6565.8,8371.5,5151.7,6318.1,,,,,,,,,,,,,,,,,787.9,742.4,189.8,164.3,1297.9,,,1455.9,2963.3,1334.1,1625.5,2409.0,,,1744.0,3986.4,612.1,2262.5,5151.7,,,137.6,494.6,162.7,196.0,1378.0,,,228.1,1323.5,1127.4,328.6,2029.4,,,3679.7,4650.8,7610.4,4293.0,3986.4,,,,,,,,,,,,,,,,,,,,,,,,,,,,,,,,,,,,,,,,,,,,,,,,,,,,,,,,,,,,,,,,,,,,,,,,,,,,,,,,,,,,,,,,,,,,,,,,,,,,,,,,,,,,,,,,,,,,,,,,,,,,,,,,
20261002_大宮_6R,20261002,25,大宮,6,19.1,19.0,15.8,,,,,20.5,6.7,49.2,,,,,14.7,6.1,41.2,,,,,18.7,48.1,59.2,,,,,,,,,,,,,,,,,,,,,,,,,,,,,,,,,73.6,65.2,56.1,,,,,142.4,191.3,322.0,,,,,115.5,174.1,272.4,,,,,71.1,180.2,209.4,,,,,,,,,,,,,,,,,,,,,,,,,,,,,,,,,65.9,18.4,134.1,,,,,161.5,188.6,341.4,,,,,18.5,48.4,61.5,,,,,312.9,401.2,191.6,,,,,,,,,,,,,,,,,,,,,,,,,,,,,,,,,46.5,24.1,100.0,,,,,114.1,136.1,233.8,,,,,17.6,40.3,47.1,,,,,204.3,169.6,122.6,,,,,,,,,,,,,,,,,,,,,,,,,,,,,,,,,54.8,181.0,160.6,,,,,47.3,130.5,143.1,,,,,303.5,301.0,221.8,,,,,281.3,196.9,171.9,,,,,,,,,,,,,,,,,,,,,,,,,,,,,,,,,,,,,,,,,,,,,,,,,,,,,,,,,,,,,,,,,,,,,,,,,,,,,,,,,,,,,,,,,,,,,,,,,,,,,,,,,,,,,,,,,,,,,,,,,,,,,,,,,,,,,,,,,,,,,,,,,,,,,,,,,,,,,,,,,,,,,,,,,,,,,,,,,,,,,,,,,,,,,,,,,,,,,,,,,,,,,,,,,,,,,,,,,,,,,,,,,,,,,,,,,,,,,,,,,,,,,,,,,,,,,,,,
20261002_大宮_7R,20261002,25,大宮,7,37.0,73.3,112.9,298.2,,,,16.2,25.6,57.5,44.8,,,,27.7,12.0,5.3,109.9,,,,160.5,84.5,26.5,244.3,,,,577.3,275.7,436.2,473.3,,,,,,,,,,,,,,,,,,,,,,,,,87.6,110.6,151.4,405.4,,,,54.7,68.3,66.2,31.8,,,,203.7,206.7,164.9,685.2,,,,323.9,232.7,261.1,598.0,,,,741.5,187.2,798.3,689.4,,,,,,,,,,,,,,,,,,,,,,,,,82.2,98.4,169.6,181.6,,,,61.1,84.7,101.9,38.6,,,,142.3,230.1,185.9,311.3,,,,334.0,276.9,305.8,345.1,,,,262.9,94.9,272.6,247.0,,,,,,,,,,,,,,,,,,,,,,,,,64.4,25.1,6.0,154.6,,,,197.9,318.4,241.8,1087.0,,,,80.4,229.6,134.0,370.7,,,,19.8,179.9,81.8,283.2,,,,658.2,1917.9,1076.5,897.0,,,,,,,,,,,,,,,,,,,,,,,,,379.2,176.1,55.3,359.6,,,,483.6,355.3,409.4,892.2,,,,298.2,326.2,289.9,366.7,,,,39.3,234.1,135.5,285.7,,,,948.0,1087.0,689.4,836.3,,,,,,,,,,,,,,,,,,,,,,,,,2490.4,1222.4,1794.1,2166.9,,,,2085.7,478.1,1906.9,1420.0,,,,806.0,347.2,760.1,763.6,,,,1813.6,2435.8,1432.2,1463.6,,,,2153.0,2224.7,1420.0,1414.0,,,,,,,,,,,,,,,,,,,,,,,,,,,,,,,,,,,,,,,,,,,,,,,,,,,,,,,,,,,,,,,,,,,,,,,,,,,,,,,,,,,,,,,,,,,,,,,,,,,,,,,,,,,,,,,,,,,,,,,,,,,,,,,,,,,,,,,,,,,,,,,,,,,,,,,,,,,,,,,,,,,,,,,,,,,,,,,,,,,,,,,,,,,,,,,,
20261002_大宮_8R,20261002,25,大宮,8,244.8,110.5,141.1,304.0,217.0,,,238.8,31.8,55.0,495.8,47.5,,,44.2,9.2,5.1,113.7,12.3,,,51.7,21.3,4.2,103.4,19.7,,,719.7,907.1,491.5,564.2,844.6,,,176.1,53.9,35.7,60.0,405.3,,,,,,,,,,,,,,,,,746.3,368.3,461.7,639.7,676.5,,,953.1,2059.3,1720.2,1492.7,1403.6,,,647.0,2121.2,1752.3,1972.8,1986.7,,,656.1,1265.1,1469.3,857.5,993.3,,,693.1,892.7,1389.7,1044.9,827.3,,,736.6,1052.7,1541.6,1185.3,1242.8,,,,,,,,,,,,,,,,,638.2,150.3,158.5,937.2,161.4,,,1276.5,1796.9,1567.3,1270.8,1210.8,,,350.4,1454.2,635.4,2059.3,586.5,,,328.8,536.3,383.3,1630.7,343.6,,,2059.3,1720.2,3319.1,3616.9,2074.4,,,198.1,651.5,403.0,434.0,895.6,,,,,,,,,,,,,,,,,295.7,110.9,53.5,535.3,103.1,,,857.5,2029.6,1986.7,2496.6,1741.5,,,370.7,1659.5,794.7,2541.6,587.7,,,112.1,1300.1,610.6,1720.2,560.8,,,2312.4,3864.7,4274.6,4340.3,3399.0,,,300.7,1439.4,595.1,693.1,2029.6,,,,,,,,,,,,,,,,,125.1,93.6,18.9,225.3,72.2,,,371.2,660.7,654.5,355.7,535.3,,,306.6,438.7,314.1,1085.0,295.4,,,102.4,714.2,378.1,1324.5,413.6,,,1369.5,1180.4,1972.8,1796.9,1621.4,,,272.8,514.8,339.9,417.9,822.5,,,,,,,,,,,,,,,,,2293.6,3134.7,1945.6,2612.2,3712.1,,,1541.6,1593.9,2712.7,2370.7,1558.6,,,3205.9,1752.3,5877.5,6133.1,2821.2,,,2636.6,4210.8,6269.4,7233.9,5642.4,,,3483.0,3526.5,6717.2,6269.4,6002.6,,,2849.7,2000.8,3169.9,5129.5,6133.1,,,,,,,,,,,,,,,,,543.5,164.7,140.9,195.2,1018.5,,,783.6,907.1,1424.8,1093.5,1216.0,,,209.6,766.6,440.8,501.1,1018.5,,,291.7,1349.8,593.9,714.2,2137.3,,,331.5,889.9,556.4,638.2,1500.6,,,2411.3,2074.4,2137.3,3319.1,3358.6,,,,,,,,,,,,,,,,,,,,,,,,,,,,,,,,,,,,,,,,,,,,,,,,,,,,,,,,,,,,,,,,,,,,,,,,,,,,,,,,,,,,,,,,,,,,,,,,,,,,,,,,,,,,,,,,,,,,,,,,,,,,,,,,
20261002_大宮_9R,20261002,25,大宮,9,435.9,368.6,388.2,1169.7,832.5,,,380.8,205.9,163.1,521.1,933.4,,,174.0,154.9,120.7,122.7,367.6,,,284.3,131.1,151.9,505.9,789.8,,,720.1,543.6,139.3,488.0,1237.6,,,858.3,1200.1,858.3,1140.9,2217.9,,,,,,,,,,,,,,,,,418.7,406.5,385.5,1414.4,598.7,,,384.5,863.6,158.6,1836.0,369.1,,,770.1,1372.4,1062.2,2149.1,1451.5,,,270.4,119.4,454.4,1265.9,257.8,,,2008.9,2858.1,2828.9,2475.3,2453.4,,,357.2,182.2,526.0,144.2,1042.2,,,,,,,,,,,,,,,,,175.2,84.9,76.7,231.4,398.9,,,187.4,308.0,91.0,753.3,216.7,,,189.7,566.9,212.4,1078.7,1195.0,,,11.8,11.6,32.2,37.6,36.9,,,287.8,1008.1,956.0,338.9,1812.0,,,291.8,155.3,696.5,203.7,936.6,,,,,,,,,,,,,,,,,272.0,257.6,188.5,204.9,609.3,,,705.4,1407.3,1210.6,2640.3,1848.2,,,426.5,1140.9,450.7,2132.6,2369.5,,,247.9,792.1,302.9,1184.7,1593.3,,,582.4,3261.6,3150.4,2272.4,5134.0,,,1743.6,1823.9,3080.4,2640.3,5134.0,,,,,,,,,,,,,,,,,87.2,31.6,52.8,182.2,226.3,,,89.0,39.5,144.3,512.4,138.8,,,5.1,5.7,17.5,30.8,26.8,,,95.8,248.8,78.3,495.9,533.1,,,232.7,669.6,154.8,437.9,1082.9,,,225.0,126.3,81.9,429.1,792.1,,,,,,,,,,,,,,,,,1271.7,798.9,302.3,770.1,2272.4,,,2329.7,3600.5,4137.9,4200.6,4400.6,,,830.0,2235.8,2182.9,805.9,3746.4,,,729.5,3647.9,2858.1,2390.0,5775.8,,,765.8,2149.1,578.7,1650.2,3150.4,,,3960.5,4471.6,4950.7,5544.8,4698.9,,,,,,,,,,,,,,,,,672.9,900.1,743.2,817.8,2116.3,,,265.3,191.3,497.7,155.1,993.6,,,514.3,327.7,1210.6,299.0,2023.6,,,1407.3,1557.5,1994.5,1690.4,4780.0,,,538.3,187.3,161.5,942.9,1732.7,,,2828.9,2253.9,3904.7,4780.0,3115.0,,,,,,,,,,,,,,,,,,,,,,,,,,,,,,,,,,,,,,,,,,,,,,,,,,,,,,,,,,,,,,,,,,,,,,,,,,,,,,,,,,,,,,,,,,,,,,,,,,,,,,,,,,,,,,,,,,,,,,,,,,,,,,,,
20261002_大宮_10R,20261002,25,大宮,10,40.6,133.8,222.6,386.0,38.5,,,18.4,27.9,61.6,96.7,11.7,,,83.3,34.5,204.8,340.5,54.9,,,519.4,289.4,671.0,1468.4,263.1,,,1007.4,357.1,871.7,1558.3,994.2,,,25.9,23.0,90.3,51.6,376.5,,,,,,,,,,,,,,,,,85.4,301.1,403.1,644.9,71.2,,,92.9,361.5,289.9,471.3,57.5,,,433.8,391.5,1260.0,2009.5,318.7,,,1153.4,745.7,2157.1,1988.5,393.6,,,1909.0,909.0,3235.6,2416.5,1792.5,,,64.6,50.9,263.3,92.1,596.5,,,,,,,,,,,,,,,,,20.8,30.9,63.5,78.5,12.4,,,36.7,170.0,131.0,207.0,19.9,,,133.2,321.1,463.3,528.0,213.8,,,266.4,340.5,621.8,696.7,149.0,,,155.2,251.0,343.0,455.0,196.1,,,22.6,21.1,107.0,31.1,151.2,,,,,,,,,,,,,,,,,256.4,170.4,528.8,768.2,214.8,,,551.7,535.4,2386.2,2528.5,454.5,,,341.2,837.2,1491.4,1479.8,634.2,,,2063.8,3535.2,2300.0,5873.9,2386.2,,,2133.0,4545.3,2232.7,6259.1,4545.3,,,576.7,765.1,668.6,1235.6,3006.3,,,,,,,,,,,,,,,,,2086.3,1040.3,2194.2,3856.6,1018.1,,,2041.7,1378.3,3129.5,3378.8,575.0,,,904.7,1126.2,2286.2,2313.9,668.6,,,3636.2,4713.6,3291.4,7636.1,3235.6,,,6698.3,4388.5,3439.7,6060.4,3408.9,,,835.4,414.5,603.1,1844.4,2259.2,,,,,,,,,,,,,,,,,2495.4,763.6,2219.8,3936.1,2356.8,,,2727.1,1196.8,3895.9,3895.9,2597.3,,,530.2,730.0,1066.5,1414.1,771.3,,,3104.1,4894.9,2615.1,7954.3,5614.8,,,5784.9,4491.8,3235.6,8300.1,3671.2,,,2495.4,2342.3,1564.7,3743.2,1880.8,,,,,,,,,,,,,,,,,81.9,70.6,233.2,136.7,661.7,,,63.7,51.1,254.3,68.8,479.6,,,75.1,70.4,271.3,96.1,384.1,,,578.4,595.6,528.0,848.4,2181.7,,,201.0,137.8,152.1,564.8,861.8,,,1652.8,1312.0,1012.7,2707.8,1268.4,,,,,,,,,,,,,,,,,,,,,,,,,,,,,,,,,,,,,,,,,,,,,,,,,,,,,,,,,,,,,,,,,,,,,,,,,,,,,,,,,,,,,,,,,,,,,,,,,,,,,,,,,,,,,,,,,,,,,,,,,,,,,,,,
20261002_大宮_11R,20261002,25,大宮,11,100.7,122.7,95.1,693.2,223.5,,,95.3,50.6,33.7,174.6,140.7,,,86.7,46.8,15.3,274.4,127.3,,,31.9,11.9,4.2,112.8,45.3,,,1366.0,357.2,629.5,521.8,1699.2,,,195.7,219.3,187.1,157.5,965.3,,,,,,,,,,,,,,,,,192.1,296.4,313.3,694.3,245.6,,,160.1,556.6,270.7,295.8,201.1,,,912.7,1259.0,1778.7,2629.0,1498.2,,,339.0,407.8,1094.2,816.4,407.0,,,856.5,406.2,2235.3,720.7,655.1,,,100.7,105.8,485.5,289.6,443.2,,,,,,,,,,,,,,,,,63.8,53.2,42.1,123.2,88.7,,,73.6,326.8,183.7,204.6,113.6,,,183.0,572.6,401.9,704.9,751.8,,,71.6,244.4,268.8,330.7,198.2,,,129.1,222.7,464.4,314.5,401.5,,,72.2,69.3,473.9,202.1,481.5,,,,,,,,,,,,,,,,,442.8,231.8,86.0,1058.2,545.7,,,1114.7,1841.4,2732.1,3906.7,2458.9,,,403.4,1398.0,806.9,2121.9,1441.4,,,159.7,1786.3,746.4,2750.1,1471.8,,,3835.0,5726.2,3483.4,6635.1,6531.5,,,1142.1,2375.0,2009.6,2271.8,5036.3,,,,,,,,,,,,,,,,,48.8,22.0,9.8,143.7,59.2,,,275.9,473.4,849.6,1741.7,516.0,,,73.3,331.7,271.2,533.1,262.0,,,103.2,806.9,346.3,1461.5,800.7,,,623.9,2548.8,858.3,1891.4,2235.3,,,216.8,351.2,459.3,614.7,1720.2,,,,,,,,,,,,,,,,,2430.3,836.0,1626.5,1344.1,2714.3,,,1542.4,849.6,3800.1,1962.5,2100.5,,,415.1,563.3,1063.6,743.8,943.6,,,3265.7,6333.5,2750.1,5573.5,6531.5,,,1613.9,4446.9,1553.9,4976.3,3870.5,,,4098.2,2902.8,1833.4,5573.5,3512.7,,,,,,,,,,,,,,,,,252.7,290.4,266.4,277.7,1509.0,,,71.2,79.8,257.7,353.6,726.9,,,116.8,93.5,401.5,350.6,1027.0,,,761.4,1339.7,1344.1,1917.5,4804.7,,,318.3,572.6,822.8,1298.1,2223.4,,,1857.8,1825.4,1706.1,4804.7,2503.0,,,,,,,,,,,,,,,,,,,,,,,,,,,,,,,,,,,,,,,,,,,,,,,,,,,,,,,,,,,,,,,,,,,,,,,,,,,,,,,,,,,,,,,,,,,,,,,,,,,,,,,,,,,,,,,,,,,,,,,,,,,,,,,,
20261002_大宮_12R,20261002,25,大宮,12,57.4,75.6,27.2,150.7,19.8,,,108.9,248.5,152.8,132.1,92.4,,,240.7,449.5,441.6,694.5,82.3,,,70.8,132.0,275.2,218.7,79.2,,,306.9,192.5,637.0,326.7,169.1,,,6.7,26.8,5.1,20.2,34.2,,,,,,,,,,,,,,,,,136.2,155.6,66.6,365.9,40.6,,,435.6,1639.8,669.5,994.9,748.8,,,689.1,2059.3,1526.7,2059.3,799.5,,,110.9,296.6,414.2,438.9,129.6,,,1204.7,1416.8,3107.0,1500.8,1798.0,,,57.4,427.7,233.4,194.8,657.1,,,,,,,,,,,,,,,,,235.1,556.0,415.7,265.3,162.2,,,410.9,1835.2,792.4,747.2,810.5,,,1662.9,2530.0,3134.5,2566.7,1825.8,,,866.0,927.2,2186.4,1221.4,1292.7,,,253.7,460.6,942.0,664.5,412.8,,,222.2,752.0,711.2,1044.8,787.1,,,,,,,,,,,,,,,,,1029.6,2200.0,1694.7,2833.6,265.5,,,1225.6,4660.6,3191.0,6107.0,1326.6,,,3310.3,5903.4,6003.4,6945.2,3107.0,,,2789.0,5208.9,5713.0,6559.3,3892.3,,,7700.1,9321.2,8237.3,9999.9,6945.2,,,245.2,1066.8,2083.5,2095.8,3768.1,,,,,,,,,,,,,,,,,277.8,552.5,725.8,819.9,258.9,,,236.7,593.3,748.8,835.3,291.5,,,1168.9,1311.8,3027.4,1935.5,2001.1,,,2663.2,2976.5,4852.1,6003.4,2879.7,,,2512.1,2108.3,2241.8,4372.9,2377.2,,,379.2,547.4,1469.7,1060.4,1762.2,,,,,,,,,,,,,,,,,1192.6,641.6,2663.2,1400.0,501.7,,,1513.7,983.9,4427.5,1439.8,1662.9,,,506.0,664.5,1389.0,808.6,714.1,,,5622.3,7379.2,4919.5,7228.6,5208.9,,,3162.5,2951.7,3053.5,6003.4,3191.0,,,626.9,2530.0,1946.1,2643.3,2833.6,,,,,,,,,,,,,,,,,11.8,41.9,6.8,35.9,69.5,,,51.7,384.5,203.4,232.2,697.2,,,214.1,704.1,737.9,1014.9,967.7,,,70.2,312.3,648.7,535.0,905.8,,,213.1,519.3,1079.8,691.8,1251.6,,,354.5,1624.7,1362.3,1196.6,1711.1,,,,,,,,,,,,,,,,,,,,,,,,,,,,,,,,,,,,,,,,,,,,,,,,,,,,,,,,,,,,,,,,,,,,,,,,,,,,,,,,,,,,,,,,,,,,,,,,,,,,,,,,,,,,,,,,,,,,,,,,,,,,,,,,
20261002_川崎_1R,20261002,34,川崎,1,888.9,1206.3,126.7,1185.2,616.9,,,1850.8,4503.8,1986.9,2290.0,2757.4,,,3377.8,4503.8,2502.1,3142.2,2047.2,,,170.3,1351.1,2047.2,1930.2,871.7,,,1986.9,2111.1,4825.5,3002.5,4659.1,,,1080.9,2111.1,2874.7,1080.9,3070.8,,,,,,,,,,,,,,,,,289.3,479.1,52.1,491.3,238.2,,,458.0,1324.6,177.3,276.3,655.9,,,668.8,1351.1,321.7,931.8,672.2,,,11.4,39.5,78.6,61.3,28.5,,,418.3,270.2,1185.2,205.9,860.6,,,258.3,504.1,509.8,154.2,742.3,,,,,,,,,,,,,,,,,1107.5,2370.4,1125.9,742.3,1535.4,,,259.8,746.4,109.5,115.7,445.9,,,2215.0,1262.7,1422.2,531.9,659.1,,,413.1,74.0,714.8,88.1,269.6,,,228.2,72.6,284.4,77.2,150.6,,,1063.9,549.2,582.3,614.1,399.7,,,,,,,,,,,,,,,,,1518.1,4358.5,1825.8,6141.6,1378.7,,,763.3,1710.3,434.4,1023.6,534.0,,,3217.0,1553.0,1589.5,965.1,834.0,,,1000.8,190.5,1274.6,1228.3,254.9,,,4094.4,1732.2,925.4,1571.1,675.5,,,300.9,150.9,265.9,132.7,406.9,,,,,,,,,,,,,,,,,54.7,332.7,534.0,515.7,218.2,,,4.5,12.6,40.7,23.8,10.9,,,185.8,51.0,299.5,67.3,144.5,,,419.6,151.1,361.2,389.3,107.4,,,289.9,73.1,69.9,443.0,178.7,,,118.3,48.9,147.5,73.4,248.3,,,,,,,,,,,,,,,,,866.1,951.5,2215.0,1337.7,2179.2,,,246.5,143.7,1116.6,151.6,646.4,,,173.2,56.8,209.8,55.6,121.0,,,2757.4,1311.8,714.8,1080.9,603.1,,,489.5,73.1,111.1,726.4,297.6,,,1023.6,422.2,312.0,527.7,383.8,,,,,,,,,,,,,,,,,391.6,1125.9,544.8,529.8,1930.2,,,171.9,472.4,225.9,149.6,763.3,,,931.8,496.7,486.0,515.7,430.3,,,233.7,127.3,217.5,110.7,370.1,,,274.6,98.6,331.9,185.0,547.0,,,1185.2,567.7,456.4,579.8,572.5,,,,,,,,,,,,,,,,,,,,,,,,,,,,,,,,,,,,,,,,,,,,,,,,,,,,,,,,,,,,,,,,,,,,,,,,,,,,,,,,,,,,,,,,,,,,,,,,,,,,,,,,,,,,,,,,,,,,,,,,,,,,,,,,
20261002_川崎_2R,20261002,34,川崎,2,1082.6,501.0,344.1,1008.9,472.3,,,1440.0,689.8,1648.0,2431.4,969.4,,,551.3,365.3,857.3,1059.4,267.7,,,647.6,1483.2,950.7,1877.4,1044.5,,,525.9,801.7,472.3,828.6,437.5,,,381.2,563.9,206.0,612.8,593.2,,,,,,,,,,,,,,,,,938.7,442.7,263.9,1236.0,537.3,,,915.5,169.8,195.1,2060.0,268.6,,,392.3,78.9,79.0,647.6,74.6,,,140.1,70.6,39.3,377.4,49.6,,,2004.3,2798.4,1724.6,1348.3,2696.7,,,284.1,199.6,84.7,75.6,1132.2,,,,,,,,,,,,,,,,,1648.0,793.1,1483.2,3155.7,1186.5,,,1440.0,161.2,226.7,2089.0,266.7,,,296.0,83.3,92.0,647.6,27.1,,,1498.1,378.3,292.5,2602.1,516.7,,,3617.5,3296.0,2149.5,3803.0,3296.0,,,642.0,217.1,51.0,299.6,1594.8,,,,,,,,,,,,,,,,,723.5,502.7,877.6,1412.5,308.3,,,345.7,70.4,143.5,788.9,74.7,,,169.1,48.8,55.9,421.3,12.1,,,723.5,250.9,154.1,1196.1,173.6,,,2317.5,1685.4,1215.7,2557.2,956.9,,,74.6,22.3,5.0,31.8,212.1,,,,,,,,,,,,,,,,,814.9,2317.5,1312.5,2317.5,1704.8,,,325.2,204.0,103.8,586.2,147.2,,,2149.5,602.9,561.8,3617.5,995.4,,,1082.6,263.4,331.0,1877.4,309.0,,,3370.9,1831.1,5114.4,4362.3,3708.0,,,1196.1,293.1,720.0,330.3,2908.2,,,,,,,,,,,,,,,,,689.8,1577.8,734.2,1030.0,797.4,,,1267.6,4008.6,1685.4,1412.5,2602.1,,,3903.1,4494.5,3617.5,9270.0,6448.6,,,1786.9,2004.3,2247.2,3090.0,1877.4,,,2118.8,2149.5,5704.6,3449.3,4944.0,,,1483.2,2557.2,4784.5,1765.7,4237.7,,,,,,,,,,,,,,,,,261.1,412.0,146.7,420.1,368.9,,,172.0,75.4,43.0,28.5,595.6,,,420.1,157.2,38.3,229.2,1002.1,,,71.5,19.5,6.6,31.1,174.9,,,347.3,103.8,277.7,127.6,963.1,,,780.6,1149.7,2089.0,806.0,1724.6,,,,,,,,,,,,,,,,,,,,,,,,,,,,,,,,,,,,,,,,,,,,,,,,,,,,,,,,,,,,,,,,,,,,,,,,,,,,,,,,,,,,,,,,,,,,,,,,,,,,,,,,,,,,,,,,,,,,,,,,,,,,,,,,
20261002_川崎_3R,20261002,34,川崎,3,150.8,133.5,159.6,782.8,140.2,,,111.1,57.0,33.7,96.0,290.4,,,118.9,50.4,80.7,167.0,205.9,,,121.5,56.1,77.5,315.6,254.8,,,1460.9,542.4,793.3,850.4,2186.0,,,245.5,641.5,347.6,667.6,1954.4,,,,,,,,,,,,,,,,,124.7,121.3,137.3,575.2,93.8,,,89.6,265.8,48.3,172.4,122.5,,,457.5,860.3,1000.3,1696.0,587.8,,,94.2,50.6,320.4,298.7,72.5,,,1305.8,638.7,1648.6,899.7,1122.1,,,39.2,69.8,109.5,76.0,368.4,,,,,,,,,,,,,,,,,90.7,117.0,32.4,107.1,321.4,,,82.9,332.3,42.1,141.4,185.4,,,289.3,700.9,239.7,350.0,1057.7,,,15.5,15.4,71.6,17.5,70.2,,,180.7,232.5,281.8,68.0,487.7,,,611.0,409.3,973.9,309.9,699.3,,,,,,,,,,,,,,,,,473.7,387.2,498.5,1109.4,676.8,,,945.8,1715.7,2049.4,3988.0,1756.6,,,801.9,1482.9,961.2,1255.8,1630.4,,,1069.2,1639.5,1185.2,2544.1,2566.2,,,2980.9,5269.9,2049.4,3688.9,6148.2,,,1725.8,1980.6,2021.3,2921.9,4540.2,,,,,,,,,,,,,,,,,69.8,35.7,50.9,253.5,132.2,,,58.1,34.4,219.7,248.8,42.2,,,14.6,13.3,69.6,16.7,37.1,,,257.2,629.2,412.1,1166.4,808.5,,,497.6,571.9,127.5,964.4,1024.7,,,249.8,113.2,168.8,554.7,1042.8,,,,,,,,,,,,,,,,,2611.6,1166.4,2049.4,1941.5,4215.9,,,2360.9,987.0,3934.8,1735.9,2658.7,,,692.7,719.7,910.8,196.7,1255.8,,,2758.1,3934.8,2169.9,3173.2,5001.9,,,1097.0,1224.5,239.3,1746.2,2479.9,,,5269.9,3643.4,3139.5,4339.9,5088.2,,,,,,,,,,,,,,,,,475.2,1379.0,817.4,1545.1,3513.2,,,129.2,189.4,362.1,310.3,894.2,,,1135.0,566.4,1586.6,687.9,1453.7,,,1767.1,1359.9,2218.9,3555.6,4277.0,,,1261.1,523.2,666.1,2287.7,2479.9,,,5177.4,2784.1,2837.6,4759.9,3883.1,,,,,,,,,,,,,,,,,,,,,,,,,,,,,,,,,,,,,,,,,,,,,,,,,,,,,,,,,,,,,,,,,,,,,,,,,,,,,,,,,,,,,,,,,,,,,,,,,,,,,,,,,,,,,,,,,,,,,,,,,,,,,,,,
20261002_川崎_4R,20261002,34,川崎,4,377.6,148.5,354.3,485.1,148.8,,,217.5,27.3,29.2,635.9,126.3,,,21.1,12.7,8.9,95.8,13.1,,,269.3,63.3,61.8,607.7,142.2,,,1407.6,1978.4,749.7,1754.3,1515.4,,,99.8,129.1,46.8,120.8,501.5,,,,,,,,,,,,,,,,,1119.8,369.8,894.7,965.1,374.0,,,1056.7,793.1,920.2,901.5,723.8,,,416.0,967.7,962.4,665.6,455.4,,,1245.1,1099.1,1402.0,1299.7,868.5,,,1134.1,1294.9,1003.1,1276.4,410.2,,,189.0,357.9,208.7,285.1,161.4,,,,,,,,,,,,,,,,,291.6,39.7,37.8,757.7,182.1,,,665.6,578.1,443.4,752.9,495.9,,,71.2,464.9,94.5,952.2,273.7,,,35.6,131.1,51.0,224.2,94.0,,,2374.1,1835.6,2225.7,1502.6,2422.6,,,227.9,262.4,303.3,160.4,1089.0,,,,,,,,,,,,,,,,,31.1,29.7,23.2,144.0,21.1,,,199.5,494.6,549.5,633.6,318.8,,,99.0,453.0,187.4,1232.2,233.9,,,123.6,476.1,228.1,807.5,315.7,,,839.9,1568.8,2543.7,2198.2,2374.1,,,66.7,216.8,233.8,237.7,803.8,,,,,,,,,,,,,,,,,569.7,169.5,156.4,1314.1,335.6,,,818.6,703.8,908.4,1191.0,856.0,,,86.3,242.4,120.7,522.9,188.8,,,208.2,639.3,286.2,1348.9,507.2,,,3748.6,2543.7,2282.8,3018.0,3179.6,,,476.7,740.3,361.9,480.5,1946.0,,,,,,,,,,,,,,,,,3491.4,4239.5,2562.0,5015.8,2543.7,,,3096.7,3096.7,2107.2,2895.3,696.9,,,4624.9,4140.9,4565.6,4451.5,5237.1,,,1502.6,2543.7,4396.5,4290.6,3788.5,,,6247.7,3956.9,4812.4,4239.5,5478.8,,,2507.9,834.0,4565.6,4093.3,4507.8,,,,,,,,,,,,,,,,,103.3,162.0,49.0,134.7,412.1,,,46.8,111.6,50.2,83.0,80.0,,,199.6,255.4,227.1,159.9,839.9,,,45.0,87.6,177.4,159.5,485.1,,,176.8,198.7,148.3,213.3,740.3,,,1095.7,500.1,1679.8,1290.3,1509.0,,,,,,,,,,,,,,,,,,,,,,,,,,,,,,,,,,,,,,,,,,,,,,,,,,,,,,,,,,,,,,,,,,,,,,,,,,,,,,,,,,,,,,,,,,,,,,,,,,,,,,,,,,,,,,,,,,,,,,,,,,,,,,,,
20261002_川崎_5R,20261002,34,川崎,5,61.0,20.5,77.7,180.4,53.0,,,38.8,19.6,15.0,164.3,28.1,,,20.1,33.5,52.6,37.0,37.4,,,84.9,26.1,61.8,237.5,61.5,,,381.6,487.2,193.0,490.3,418.7,,,21.0,13.5,11.1,18.1,91.2,,,,,,,,,,,,,,,,,346.3,131.9,460.0,625.7,201.9,,,605.7,487.2,774.2,1564.4,1194.2,,,100.9,243.7,217.4,103.1,242.3,,,941.7,815.9,702.3,1638.9,1402.1,,,1461.7,2426.8,509.5,2138.9,1912.0,,,390.2,1186.7,605.7,1386.7,1846.7,,,,,,,,,,,,,,,,,119.2,47.6,38.8,346.0,62.1,,,396.0,287.4,331.5,1217.3,835.7,,,124.9,220.1,156.6,278.7,364.7,,,39.5,112.8,71.6,286.5,108.6,,,1597.4,2138.9,856.5,1386.7,2825.2,,,233.4,810.6,626.7,367.9,1728.7,,,,,,,,,,,,,,,,,94.4,195.4,298.0,166.3,204.0,,,88.3,192.7,207.2,72.0,269.0,,,290.9,308.5,430.2,423.4,852.6,,,564.2,647.1,581.5,758.6,1084.7,,,239.7,137.5,317.3,577.1,658.4,,,435.1,658.4,1209.5,1172.0,985.9,,,,,,,,,,,,,,,,,411.0,121.3,290.5,1012.2,237.0,,,903.5,632.0,797.0,2151.0,1611.0,,,91.9,240.0,164.7,554.2,234.7,,,535.4,843.1,433.6,951.2,1057.5,,,2743.3,3128.8,2151.0,2442.4,4253.7,,,560.0,1631.8,624.7,1417.9,2366.1,,,,,,,,,,,,,,,,,2253.4,3053.1,1292.1,3263.6,2846.5,,,2366.1,3640.2,694.6,3824.1,4453.9,,,3675.5,4402.1,2889.9,3263.6,7143.1,,,996.2,533.9,1624.8,1736.6,2091.6,,,3902.9,4616.9,3441.6,3004.6,6416.7,,,3863.1,6309.7,7280.5,4070.8,6760.4,,,,,,,,,,,,,,,,,128.0,97.4,93.2,125.3,408.8,,,389.8,899.2,687.0,1496.3,2201.0,,,270.4,892.8,1020.4,598.0,2685.0,,,383.9,748.1,1140.3,1120.0,1161.3,,,540.8,1883.5,689.5,1564.4,3538.1,,,2396.1,5047.8,5567.4,3263.6,5258.1,,,,,,,,,,,,,,,,,,,,,,,,,,,,,,,,,,,,,,,,,,,,,,,,,,,,,,,,,,,,,,,,,,,,,,,,,,,,,,,,,,,,,,,,,,,,,,,,,,,,,,,,,,,,,,,,,,,,,,,,,,,,,,,,
20261002_川崎_6R,20261002,34,川崎,6,62.9,28.2,16.9,69.3,,,,114.2,40.0,40.8,426.3,,,,31.9,23.3,15.7,207.7,,,,7.2,12.9,5.9,68.7,,,,256.4,582.7,394.7,264.0,,,,,,,,,,,,,,,,,,,,,,,,,148.2,42.0,48.5,72.8,,,,387.4,247.5,622.3,530.0,,,,55.5,118.6,149.2,124.7,,,,114.9,525.3,232.4,406.4,,,,63.5,307.7,80.3,247.5,,,,,,,,,,,,,,,,,,,,,,,,,305.8,117.4,155.4,1038.5,,,,528.4,394.3,799.2,906.7,,,,70.6,153.5,145.6,502.4,,,,279.5,808.2,354.0,1638.7,,,,1841.5,1452.2,1476.2,2205.2,,,,,,,,,,,,,,,,,,,,,,,,,47.0,35.2,41.5,393.8,,,,59.2,88.2,130.6,319.5,,,,31.0,55.8,67.9,287.8,,,,61.2,137.7,114.9,579.0,,,,978.7,801.0,877.7,1526.7,,,,,,,,,,,,,,,,,,,,,,,,,41.8,61.3,34.5,167.0,,,,139.1,447.6,319.8,704.6,,,,226.1,615.9,352.6,1677.2,,,,92.1,253.5,220.7,1032.5,,,,846.5,1308.6,2246.8,2077.0,,,,,,,,,,,,,,,,,,,,,,,,,599.4,1249.1,1476.2,1123.4,,,,390.4,774.9,528.4,802.8,,,,2515.8,1429.0,1638.7,3161.5,,,,1742.6,1020.7,1890.2,2813.0,,,,1429.0,1587.7,3277.5,2791.0,,,,,,,,,,,,,,,,,,,,,,,,,,,,,,,,,,,,,,,,,,,,,,,,,,,,,,,,,,,,,,,,,,,,,,,,,,,,,,,,,,,,,,,,,,,,,,,,,,,,,,,,,,,,,,,,,,,,,,,,,,,,,,,,,,,,,,,,,,,,,,,,,,,,,,,,,,,,,,,,,,,,,,,,,,,,,,,,,,,,,,,,,,,,,,,,
20261002_川崎_7R,20261002,34,川崎,7,170.5,83.6,81.3,122.5,37.2,,,407.7,547.0,220.2,533.0,250.7,,,189.4,453.2,243.2,223.3,105.0,,,89.8,58.4,146.5,140.2,47.7,,,216.0,374.2,248.4,258.2,115.2,,,15.3,34.8,25.8,22.5,23.1,,,,,,,,,,,,,,,,,156.3,44.2,60.9,92.7,28.9,,,283.8,200.6,163.0,311.3,276.6,,,51.2,108.6,84.0,49.8,56.0,,,71.9,118.4,99.7,212.1,103.9,,,144.3,326.0,91.9,224.7,178.5,,,35.5,186.4,68.5,108.7,152.7,,,,,,,,,,,,,,,,,821.1,1139.2,460.2,1391.5,552.1,,,705.2,494.2,306.7,927.7,753.9,,,1373.1,788.3,582.4,1133.0,1287.8,,,237.3,225.0,351.7,390.1,316.7,,,978.0,809.9,829.3,513.8,964.3,,,657.1,940.3,1283.8,643.9,1639.0,,,,,,,,,,,,,,,,,237.3,749.8,398.7,379.7,182.6,,,151.6,232.5,237.5,114.8,132.8,,,999.2,530.2,621.7,811.5,863.9,,,485.0,412.6,410.1,640.9,635.0,,,459.2,172.2,589.0,622.6,502.0,,,266.6,305.5,849.7,694.6,782.4,,,,,,,,,,,,,,,,,114.5,82.8,177.9,195.9,63.0,,,112.7,113.1,176.6,312.0,136.4,,,79.1,100.7,134.8,100.5,109.3,,,313.9,339.0,254.5,504.4,432.4,,,363.4,524.2,219.0,565.7,417.1,,,104.4,174.4,179.3,312.2,378.7,,,,,,,,,,,,,,,,,367.6,921.5,397.9,656.1,260.1,,,307.6,661.3,163.3,575.9,483.3,,,1018.8,762.2,717.4,674.2,966.6,,,370.9,181.6,791.3,740.5,651.0,,,694.6,802.1,473.9,862.1,841.1,,,323.9,686.5,929.7,789.8,1094.1,,,,,,,,,,,,,,,,,26.3,82.6,51.7,45.1,53.6,,,46.6,286.1,116.4,140.5,212.6,,,392.3,672.1,842.8,550.7,1350.7,,,176.4,264.8,760.8,620.7,663.4,,,132.4,213.6,348.7,456.2,758.1,,,234.0,656.1,1237.8,737.8,837.7,,,,,,,,,,,,,,,,,,,,,,,,,,,,,,,,,,,,,,,,,,,,,,,,,,,,,,,,,,,,,,,,,,,,,,,,,,,,,,,,,,,,,,,,,,,,,,,,,,,,,,,,,,,,,,,,,,,,,,,,,,,,,,,,
20261002_川崎_8R,20261002,34,川崎,8,2565.1,4894.0,725.0,3834.5,3381.3,,,2384.2,1653.1,748.3,2565.1,1475.9,,,5722.3,2496.3,2479.6,3999.4,3795.4,,,383.4,573.1,944.0,639.0,1333.1,,,4708.2,3262.7,5095.2,2601.0,6304.2,,,3542.3,2089.6,4325.0,1788.2,5165.9,,,,,,,,,,,,,,,,,1660.4,3262.7,488.1,2281.9,2384.2,,,573.9,247.3,140.9,956.1,208.8,,,2513.1,709.8,1227.5,2775.7,1430.5,,,67.2,90.1,384.6,382.2,235.1,,,3834.5,2861.1,4427.9,2547.6,3834.5,,,1106.9,336.6,913.8,304.1,1536.9,,,,,,,,,,,,,,,,,796.4,305.3,204.8,1002.5,267.7,,,380.7,115.4,95.1,521.6,101.6,,,92.2,58.3,20.1,59.3,5.4,,,56.5,99.1,37.8,138.5,34.2,,,1243.9,1252.3,341.5,654.8,381.0,,,64.6,36.8,3.2,13.0,76.6,,,,,,,,,,,,,,,,,3611.1,1927.2,2113.3,3152.1,3073.9,,,2928.7,862.9,1805.5,3542.3,1917.2,,,455.8,390.7,177.7,307.6,62.5,,,1347.6,1624.2,381.4,1771.1,701.7,,,3381.3,4375.8,963.6,3443.9,2999.6,,,1746.2,1291.4,105.5,584.8,1382.7,,,,,,,,,,,,,,,,,160.5,201.8,449.2,341.5,575.7,,,62.0,118.6,335.9,320.9,253.1,,,140.0,174.3,138.0,345.6,128.8,,,796.4,1053.6,320.9,1493.7,647.9,,,1328.3,1549.7,1223.5,2431.0,1957.6,,,453.5,416.9,196.2,516.5,1269.4,,,,,,,,,,,,,,,,,5903.9,4375.8,4708.2,3381.3,6304.2,,,5811.7,3508.9,4591.9,3234.3,2619.3,,,3262.7,3320.9,934.5,2310.2,1309.6,,,4275.2,4959.3,1430.5,4427.9,3834.5,,,2324.6,3476.1,2565.1,3956.9,4325.0,,,5390.5,4275.2,1706.1,3476.1,3476.1,,,,,,,,,,,,,,,,,1436.1,881.3,1631.3,889.8,2162.5,,,601.8,200.0,536.7,143.2,951.2,,,149.7,72.9,14.0,30.8,183.1,,,909.4,597.9,69.0,327.7,796.4,,,233.3,175.2,82.9,234.8,639.0,,,2619.3,2267.9,798.1,1869.0,1645.7,,,,,,,,,,,,,,,,,,,,,,,,,,,,,,,,,,,,,,,,,,,,,,,,,,,,,,,,,,,,,,,,,,,,,,,,,,,,,,,,,,,,,,,,,,,,,,,,,,,,,,,,,,,,,,,,,,,,,,,,,,,,,,,,
20261002_川崎_9R,20261002,34,川崎,9,1557.9,797.7,2466.0,1472.9,2201.8,,,1699.0,291.4,1580.8,1740.1,861.4,,,243.1,152.8,540.8,132.8,353.1,,,3657.3,2584.2,2397.5,4591.1,3959.2,,,1123.8,1575.0,393.0,2935.8,2055.0,,,2115.5,920.1,731.4,2438.2,2016.6,,,,,,,,,,,,,,,,,2259.4,1226.0,2731.4,2731.4,2599.7,,,1943.9,873.6,1095.3,1961.6,576.1,,,741.5,733.9,1909.5,897.2,1185.6,,,3626.5,2084.8,3566.6,4359.2,2466.0,,,3294.3,3319.7,1438.5,5077.2,3752.7,,,2271.3,699.4,1192.1,1798.1,2615.5,,,,,,,,,,,,,,,,,631.8,202.2,525.0,630.0,328.6,,,788.9,380.5,236.7,861.4,167.1,,,69.0,112.3,84.6,123.1,38.6,,,262.0,114.6,96.6,309.1,27.8,,,610.4,705.1,193.7,398.4,255.6,,,53.2,37.6,7.3,5.5,60.5,,,,,,,,,,,,,,,,,92.9,74.1,241.2,35.4,109.3,,,263.9,303.7,940.2,325.9,520.5,,,75.8,132.7,174.0,99.0,65.9,,,678.5,1311.7,474.7,549.0,599.3,,,24.6,139.2,70.5,219.4,68.7,,,99.4,276.1,69.2,305.8,90.8,,,,,,,,,,,,,,,,,4403.7,3082.5,2996.9,5262.9,4071.3,,,4403.7,2295.5,3269.4,4149.6,2283.4,,,1254.5,726.5,620.0,1327.8,201.1,,,1852.2,3537.4,946.4,3150.0,1247.2,,,6254.5,6254.5,5018.1,4189.9,4149.6,,,2714.2,2480.2,307.6,1243.6,3537.4,,,,,,,,,,,,,,,,,1172.7,1410.3,324.9,3017.9,1514.2,,,1935.2,2553.6,794.7,4449.1,2663.9,,,1179.1,1112.2,315.7,961.1,409.8,,,62.9,323.7,145.7,534.1,135.5,,,4231.0,4071.3,2935.8,2523.7,2802.3,,,772.0,1010.6,376.5,234.2,1813.2,,,,,,,,,,,,,,,,,715.6,298.2,153.0,895.3,356.9,,,871.8,315.2,524.3,799.1,1138.6,,,57.2,63.7,9.6,10.9,69.5,,,55.5,154.4,37.5,173.8,67.0,,,1062.9,784.6,124.9,406.7,1022.6,,,284.6,551.1,234.1,120.5,754.4,,,,,,,,,,,,,,,,,,,,,,,,,,,,,,,,,,,,,,,,,,,,,,,,,,,,,,,,,,,,,,,,,,,,,,,,,,,,,,,,,,,,,,,,,,,,,,,,,,,,,,,,,,,,,,,,,,,,,,,,,,,,,,,,
20261002_川崎_10R,20261002,34,川崎,10,500.3,273.6,386.2,621.5,205.0,,,588.5,269.3,257.5,598.9,364.4,,,106.7,104.2,40.6,82.5,32.2,,,370.9,168.9,119.0,337.8,132.8,,,1104.4,1015.6,420.8,800.8,729.2,,,118.2,248.7,78.9,132.9,233.0,,,,,,,,,,,,,,,,,599.5,328.0,475.5,630.6,222.5,,,685.7,536.1,249.5,376.5,209.1,,,333.8,586.4,415.9,569.3,231.8,,,546.6,285.1,429.5,537.0,181.3,,,807.9,696.8,909.4,773.0,381.2,,,128.7,105.8,90.5,78.4,106.6,,,,,,,,,,,,,,,,,723.4,350.5,239.7,559.9,433.3,,,720.2,702.1,249.6,436.5,243.8,,,292.8,754.8,119.1,426.7,313.3,,,109.7,106.5,52.5,42.9,31.4,,,848.3,641.9,649.1,219.8,406.5,,,300.8,124.9,233.3,72.4,158.7,,,,,,,,,,,,,,,,,108.7,91.0,43.4,50.0,38.7,,,274.4,557.0,401.6,528.6,278.6,,,250.4,641.3,158.1,446.8,385.3,,,110.2,366.6,115.5,135.6,144.7,,,125.8,471.7,354.7,163.5,210.2,,,98.0,134.2,260.6,108.6,158.8,,,,,,,,,,,,,,,,,277.3,143.9,123.5,287.3,155.8,,,354.7,155.7,309.4,280.5,141.7,,,94.5,124.8,64.9,65.8,45.9,,,157.2,405.2,124.0,208.5,174.7,,,304.0,399.1,145.0,252.1,221.5,,,187.1,147.4,114.1,151.4,208.1,,,,,,,,,,,,,,,,,894.3,1160.1,594.0,951.1,948.3,,,1010.8,961.0,901.8,767.4,449.0,,,1014.0,888.1,841.7,428.7,774.8,,,488.9,855.1,775.7,433.9,533.9,,,828.7,792.0,415.4,510.2,506.2,,,565.3,171.5,434.1,456.9,273.5,,,,,,,,,,,,,,,,,80.2,255.2,82.3,129.1,230.1,,,54.7,46.9,39.3,26.1,34.1,,,269.6,74.5,175.9,93.0,143.7,,,69.8,72.2,154.9,80.3,104.7,,,134.3,55.4,92.8,88.6,96.7,,,218.9,51.5,136.7,119.1,94.3,,,,,,,,,,,,,,,,,,,,,,,,,,,,,,,,,,,,,,,,,,,,,,,,,,,,,,,,,,,,,,,,,,,,,,,,,,,,,,,,,,,,,,,,,,,,,,,,,,,,,,,,,,,,,,,,,,,,,,,,,,,,,,,,
20261002_川崎_11R,20261002,34,川崎,11,601.7,685.4,270.2,624.2,1198.4,,,829.3,971.7,558.7,2031.3,2179.0,,,895.4,936.3,631.3,2404.9,2404.9,,,221.4,371.2,390.3,657.9,278.0,,,1393.5,2614.8,3099.5,1619.5,3524.9,,,1510.6,1510.6,2663.2,539.4,2683.1,,,,,,,,,,,,,,,,,192.3,205.7,74.0,169.9,487.8,,,91.4,20.7,33.8,49.1,196.1,,,104.4,27.4,54.0,56.1,171.7,,,27.3,43.7,63.7,41.5,74.5,,,52.6,34.0,40.6,24.8,106.3,,,320.3,380.0,409.9,110.3,300.1,,,,,,,,,,,,,,,,,395.7,350.7,243.8,921.9,1057.4,,,131.6,37.8,53.6,83.6,255.9,,,84.8,27.5,33.4,89.6,133.7,,,109.0,97.3,75.3,296.6,271.8,,,603.2,183.2,251.9,446.0,1079.7,,,1007.1,518.0,357.5,331.9,680.3,,,,,,,,,,,,,,,,,173.8,201.1,181.0,759.3,917.2,,,73.4,30.0,55.5,58.3,162.6,,,61.9,20.3,29.9,71.9,113.8,,,92.1,113.1,74.9,314.1,264.3,,,707.7,242.1,257.7,483.9,1135.9,,,531.0,496.9,308.6,279.9,1198.4,,,,,,,,,,,,,,,,,72.7,114.8,152.3,222.7,106.3,,,67.2,101.6,150.0,127.3,107.7,,,141.2,145.4,124.3,502.5,309.9,,,171.3,246.7,150.4,542.7,463.0,,,504.9,367.0,816.2,763.3,712.6,,,98.0,145.5,245.8,332.6,377.6,,,,,,,,,,,,,,,,,1102.8,2586.6,2703.3,1590.8,3140.1,,,283.5,143.2,152.7,146.9,427.0,,,1526.7,289.0,381.8,855.0,1848.5,,,1672.2,380.8,510.3,927.8,2140.1,,,938.7,427.0,1019.9,997.3,1334.1,,,2876.3,1239.8,2429.3,2713.5,1834.4,,,,,,,,,,,,,,,,,1349.1,2297.3,2179.0,364.4,2787.1,,,993.2,780.7,665.8,281.3,519.1,,,2019.9,1040.6,622.0,628.0,1028.7,,,1858.1,1128.8,803.4,904.5,2140.1,,,118.9,243.0,424.4,735.2,794.5,,,3073.0,1382.8,2462.6,3059.9,1703.9,,,,,,,,,,,,,,,,,,,,,,,,,,,,,,,,,,,,,,,,,,,,,,,,,,,,,,,,,,,,,,,,,,,,,,,,,,,,,,,,,,,,,,,,,,,,,,,,,,,,,,,,,,,,,,,,,,,,,,,,,,,,,,,,
20261002_川崎_12R,20261002,34,川崎,12,4750.3,1135.6,2258.9,3421.0,2027.5,,,5542.0,2032.5,3761.5,6023.9,2534.4,,,619.4,973.4,169.8,1428.3,298.2,,,2605.9,2699.0,259.3,4670.2,1157.8,,,6870.2,8230.7,4241.3,9035.9,7697.2,,,1889.3,1374.0,492.4,1057.6,3435.1,,,,,,,,,,,,,,,,,2837.2,641.9,1408.9,1508.7,1154.5,,,3352.0,1371.7,2503.9,1746.4,1261.4,,,132.5,574.9,142.9,197.8,137.9,,,1199.5,1855.5,402.7,863.2,748.2,,,660.8,1138.7,320.4,803.1,531.5,,,563.9,600.2,173.0,512.5,470.1,,,,,,,,,,,,,,,,,5542.0,1568.5,3478.2,4115.3,1649.4,,,4805.2,2115.2,3260.0,2153.6,1440.7,,,779.1,1511.4,541.2,2846.9,349.4,,,2734.5,2990.3,783.5,5163.3,936.1,,,6023.9,3744.6,5469.1,7166.4,4015.9,,,810.2,782.7,249.9,554.2,1536.6,,,,,,,,,,,,,,,,,47.2,115.2,12.5,138.8,19.7,,,65.1,304.0,59.4,142.7,75.5,,,229.0,404.3,195.5,842.2,146.4,,,5.2,28.9,48.0,106.5,6.1,,,516.3,604.5,1525.3,483.0,670.9,,,19.0,39.9,56.1,13.4,146.5,,,,,,,,,,,,,,,,,1170.8,1639.6,215.9,2856.7,630.7,,,1278.9,1746.4,412.7,1290.8,665.5,,,2022.6,1843.2,647.9,4035.4,516.6,,,21.3,74.3,132.9,341.3,17.1,,,5328.8,3492.8,6545.7,1682.8,3045.0,,,284.5,230.4,318.6,72.8,741.5,,,,,,,,,,,,,,,,,5616.9,9999.9,5895.7,9999.9,8230.7,,,2503.9,2589.7,1053.6,2258.9,1937.7,,,9999.9,4918.9,6870.2,9999.9,7044.9,,,3421.0,2003.1,6650.4,2630.7,3222.1,,,9555.2,6813.9,9999.9,3022.9,7842.5,,,7356.6,3977.5,6597.6,3011.9,5469.1,,,,,,,,,,,,,,,,,629.3,517.9,215.1,403.1,1182.5,,,392.6,249.1,96.2,189.3,291.3,,,286.2,237.8,96.2,208.6,516.6,,,45.3,53.9,63.0,31.7,165.4,,,234.1,191.3,211.4,61.9,553.8,,,1750.1,1134.1,1229.7,811.0,1772.5,,,,,,,,,,,,,,,,,,,,,,,,,,,,,,,,,,,,,,,,,,,,,,,,,,,,,,,,,,,,,,,,,,,,,,,,,,,,,,,,,,,,,,,,,,,,,,,,,,,,,,,,,,,,,,,,,,,,,,,,,,,,,,,,
20261002_松阪_1R,20261002,47,松阪,1,276.1,244.6,319.1,427.3,171.7,250.9,294.8,229.2,454.2,277.5,996.6,119.7,223.1,134.0,271.3,745.4,1009.4,2015.7,458.5,373.1,1141.8,544.1,579.3,1300.6,1703.5,333.8,387.9,465.0,1521.5,2558.7,2943.1,3058.0,1615.7,1990.1,2943.1,41.1,55.2,152.5,71.0,294.5,13.4,39.6,158.9,238.6,463.3,160.3,720.5,37.7,203.6,238.5,125.7,702.0,278.1,1141.8,114.7,206.2,396.5,252.1,430.5,338.6,251.6,437.7,437.1,314.0,339.2,353.1,388.4,553.7,1393.0,260.4,102.9,263.0,138.8,56.1,172.6,499.9,144.2,620.0,702.0,377.8,525.4,999.8,1503.3,584.7,396.2,566.2,141.0,375.8,608.6,1207.8,518.5,247.0,741.0,304.9,838.0,513.4,1075.2,874.3,850.5,2773.8,1287.2,1770.8,1619.8,1899.6,2679.0,534.4,443.6,499.5,603.3,625.0,848.2,1689.7,126.1,226.9,117.1,519.3,86.4,169.4,73.2,107.5,179.1,121.3,201.3,182.6,506.3,85.4,505.1,328.5,699.6,1297.9,765.4,1377.7,515.9,393.7,408.9,896.8,954.1,709.9,873.1,198.7,1269.0,691.1,1575.1,1066.1,2383.6,3231.4,739.2,133.0,347.3,608.6,333.4,1468.1,603.3,195.2,536.7,1390.0,2009.2,844.8,3198.4,1200.9,813.0,27.2,40.8,159.5,30.2,198.3,63.7,200.0,341.6,1189.5,1575.1,2191.9,592.5,421.0,1649.7,153.4,382.2,191.1,94.1,258.0,655.7,173.0,1185.0,839.2,1882.5,2713.8,1431.2,2875.6,1217.2,2725.6,1077.1,3561.8,1786.0,3918.0,6268.9,1888.2,3248.1,588.0,3407.0,1671.7,5138.4,4446.0,2169.1,468.1,597.0,1765.8,2374.5,3822.5,2356.7,2279.6,1457.8,2271.3,4859.6,2902.2,7375.2,4151.6,7123.7,2068.9,1160.9,1583.0,2392.7,4510.0,3150.2,5804.5,912.5,882.9,1751.0,3282.1,674.8,813.0,815.2,1082.7,1020.9,1009.4,1377.7,1544.0,2103.6,996.6,867.0,938.4,1806.6,3013.9,1587.0,1865.7,417.0,2737.5,1339.5,2207.3,3869.7,4124.2,5647.6,2263.1,5858.8,3118.8,4975.3,5224.1,6740.7,7935.3,4785.4,653.6,1521.5,1731.7,3334.5,6146.0,2184.2,1641.0,1478.5,3134.4,2548.3,7123.7,7836.1,3013.9,3231.4,707.5,952.7,362.1,2330.4,2702.1,1064.3,1822.3,2836.6,4936.1,6888.9,5858.8,4383.8,6146.0,7205.6,1399.3,1636.7,613.3,1741.3,2068.9,3893.7,2184.2,4207.3,2263.1,4235.7,5096.6,7375.2,8955.6,2943.1,5268.0,920.5,5312.6,5547.7,9356.5,9999.9,8955.6,7289.4,3425.6,6814.0,6462.8,2191.9,9999.9,7123.7,5597.2,5096.6,9999.9,9999.9,9999.9,9999.9,9999.9,8587.5,6965.4,9999.9,9999.9,9999.9,9999.9,9999.9,7463.0,3463.4,3623.6,9999.9,6888.9,9999.9,9999.9,42.3,61.8,137.9,68.4,293.2,12.5,56.0,145.5,512.5,251.3,562.7,488.9,553.7,551.8,147.7,467.8,962.9,601.0,2392.7,678.4,250.1,368.5,369.4,1251.2,1615.7,2601.2,1595.1,1529.0,288.2,925.9,999.8,2082.6,3753.8,1178.3,993.4,1899.6,2015.7,5404.2,4859.6,4383.8,5914.0,4785.4,91.9,771.0,1048.3,1871.3,934.2,3265.0,905.9,181.4,503.5,272.9,1269.0,510.0,2487.6,771.0,427.6,608.6,1152.3,327.7,1607.4,92.1,526.3,1139.8,4477.8,2176.7,2679.0,3502.1,2458.4,3561.8,1043.0,3299.4,5499.0,1698.8,6396.8,2702.1,2420.4,2601.2,3388.6,7375.2,7123.7,9498.3,5547.7,8587.5,1099.8,2761.6,2601.2,7645.0,5404.2,2411.1,3248.1,6598.8,7645.0,9999.9,9999.9,9999.9,9999.9,9999.9,173.6,1619.8,2015.7,3822.5,1471.5,6206.8,1946.8,1043.0,3753.8,2117.8,6814.0,3043.1,7739.4,2811.1,288.7,132.5,794.5,278.7,1064.3,174.3,404.1,472.4,322.1,770.1,559.2,938.4,789.5,1418.3,52.0,84.1,334.1,58.1,377.8,105.9,349.0,1676.1,1127.5,937.0,1775.8,3425.6,2339.1,4897.5,279.6,394.0,144.9,1353.9,844.8,444.6,1154.4,3753.8,1662.8,1246.3,6530.1,2009.2,5751.3,6268.9,200.6,547.0,255.5,1167.3,470.6,2401.8,1111.5,1253.7,2527.7,1261.3,5914.0,2132.2,5358.0,2271.3
20261002_松阪_2R,20261002,47,松阪,2,93.7,39.8,96.3,339.7,111.6,157.4,59.9,124.1,177.0,219.1,455.8,183.5,552.6,154.7,120.8,278.0,405.1,875.6,331.3,197.6,173.8,110.5,181.6,312.7,941.7,77.6,792.6,144.4,751.0,595.9,1553.8,1591.8,1618.2,1985.7,922.5,145.7,192.5,216.8,83.8,884.8,606.4,149.3,651.6,1334.3,664.1,1717.8,2776.2,1733.1,798.0,42.8,79.1,68.0,100.6,266.7,64.8,192.4,110.9,47.6,82.2,436.1,94.7,141.8,72.5,167.9,124.1,252.9,402.3,283.8,295.7,368.1,36.9,80.6,57.6,256.1,65.5,15.0,104.9,94.1,167.8,88.8,588.7,59.3,296.3,257.2,1076.8,661.1,892.9,1359.1,1889.6,2034.0,2261.7,148.9,272.4,146.4,87.7,950.9,425.4,341.7,369.1,479.7,101.7,629.2,1802.4,706.6,784.1,174.4,440.7,264.8,481.7,1557.9,486.9,669.4,215.5,447.1,477.4,422.3,400.6,549.0,248.3,250.5,182.1,386.1,428.2,455.5,455.8,553.6,629.2,343.1,973.0,735.9,1120.0,491.0,918.1,549.5,381.1,906.8,860.1,293.9,1212.8,839.2,416.6,439.4,616.6,617.2,717.8,1038.6,705.7,702.3,567.0,1051.6,340.5,1375.1,1541.5,999.6,1707.8,1298.8,1398.0,2315.3,2492.7,2514.1,2362.0,496.0,913.8,781.0,1490.5,1394.7,764.7,943.3,269.5,644.4,680.3,1049.8,826.2,446.4,502.8,118.6,201.3,184.6,561.6,210.9,42.6,282.9,669.4,540.9,1279.0,835.6,1566.2,739.6,1008.2,804.6,445.4,1545.6,2899.9,743.3,1331.3,1668.9,3366.6,1533.4,1865.5,4339.2,4649.1,2006.1,4922.6,943.3,546.4,1693.0,661.9,2471.7,1468.1,2107.1,581.1,121.2,717.0,992.8,1178.6,976.3,947.8,974.7,787.3,2261.7,1631.7,2699.5,2524.9,1498.1,154.7,319.4,327.0,879.5,106.7,825.0,199.9,130.3,233.2,127.8,740.5,89.9,445.8,375.5,427.2,279.6,810.2,710.0,226.9,1197.9,708.3,508.9,286.0,857.6,1802.4,350.9,698.2,994.5,1769.7,1457.2,977.9,2737.3,866.5,4275.8,3201.0,41.0,36.0,86.1,107.4,222.9,276.8,102.7,2062.6,1011.7,1939.7,1490.5,5093.8,1146.3,2662.7,484.9,740.5,1090.8,1148.6,2514.1,361.8,2193.9,2161.6,1618.2,4154.5,2626.8,2662.7,5687.3,2177.6,2306.2,1205.3,1688.1,2558.0,3828.7,4964.3,4841.2,974.7,883.5,829.7,1120.0,1135.2,2048.2,1166.9,3132.5,1865.5,1952.6,4649.1,5743.0,2297.2,4471.7,2482.1,2914.4,1920.6,4471.7,1865.5,7322.4,5799.9,3931.5,4471.7,2420.6,5374.2,2202.2,7057.7,6298.8,9448.3,7607.7,6437.3,4214.3,9999.9,9999.9,9999.9,2724.6,4922.6,2324.5,4404.4,4881.6,5857.9,7143.8,221.2,455.5,316.1,117.2,1733.1,987.8,390.0,209.8,582.3,231.5,127.8,1525.5,1038.6,623.8,760.7,932.7,1078.8,326.8,1830.6,2514.1,1446.4,718.7,497.2,1325.3,425.1,2041.1,1529.4,1475.5,73.2,65.4,129.7,149.7,458.0,470.8,164.9,3638.4,3466.2,2202.2,4801.6,1428.7,6231.8,4096.4,3779.3,2400.8,4068.0,2899.9,1702.8,7607.7,3905.3,729.5,1115.8,1378.3,1529.4,405.6,3879.4,3132.5,2343.1,5579.0,2210.5,4437.8,9999.9,6367.3,3707.5,1688.1,2592.0,350.1,2048.2,6733.2,3149.4,2750.2,4762.5,3466.2,3616.0,3958.0,6811.5,6581.9,7916.1,1549.7,325.2,2099.6,2270.5,2763.1,2227.3,2750.2,4471.7,2535.9,3828.7,3779.3,9999.9,3051.0,8250.6,9999.9,8368.5,7143.8,4506.1,9999.9,9999.9,9999.9,8614.6,4612.5,8250.6,4612.5,3035.2,9999.9,9999.9,5138.5,3486.8,7322.4,5579.0,8875.6,9999.9,9999.9,221.5,325.2,318.3,362.2,798.0,317.3,689.9,401.5,1105.2,694.0,1130.8,2569.2,1235.8,1659.4,908.2,1842.1,2279.3,2253.0,2202.2,2244.4,3684.2,740.5,828.5,2145.7,1618.2,2569.2,2381.2,1785.9,813.6,1509.7,1920.6,2244.4,4881.6,600.8,4184.2,2615.1,4724.1,2829.9,6166.2,4762.5,6508.8,7232.0,870.4,1859.6,2227.3,2185.8,634.6,5474.7,3931.5,2843.6,2914.4,5474.7,4068.0,6581.9,9928.7,6508.8
20261002_松阪_3R,20261002,47,松阪,3,649.7,1001.3,312.7,735.9,798.4,311.6,445.5,3148.4,4271.3,1152.4,6108.0,4362.8,2128.2,2545.0,2287.6,3701.8,1983.1,3841.5,1313.5,1478.9,3116.3,429.8,342.7,1049.4,1440.5,1054.9,385.1,319.4,1817.8,3657.4,3592.9,2472.8,5708.4,2189.2,5311.3,1007.9,2840.9,977.2,977.2,2776.3,1351.3,1310.7,302.9,562.9,628.3,262.2,985.1,942.5,456.8,694.8,1291.3,2056.5,274.0,3614.2,1135.3,754.0,644.9,598.8,238.0,405.3,548.2,293.3,386.3,975.7,955.8,192.8,583.3,1009.5,1388.1,416.6,780.0,816.5,359.7,398.1,293.9,892.9,567.6,125.3,39.7,112.7,71.3,115.5,196.9,29.3,113.5,166.2,133.6,52.1,171.3,226.9,97.8,492.9,529.2,152.7,169.0,342.5,1009.5,224.7,677.9,1375.6,1067.8,567.6,885.2,1715.7,839.0,277.2,179.5,269.4,47.1,162.7,181.3,434.7,6362.5,7020.7,2143.1,3450.8,6786.6,3915.3,4771.8,3470.4,3164.7,517.6,1299.5,2867.6,4558.2,1269.8,8602.8,4925.8,2814.7,7540.7,4592.4,9396.9,6497.8,1100.5,359.0,913.0,1523.1,785.0,1049.4,191.7,8254.0,3231.7,5873.0,3164.7,9543.7,9999.9,4698.4,6169.7,3412.2,2678.9,1885.1,9999.9,6362.5,2965.0,4558.2,7830.7,9999.9,3164.7,9999.9,9543.7,2854.2,3319.5,1339.4,2922.4,293.5,3023.7,2279.1,2322.4,3530.6,5988.2,2513.5,5090.0,1628.8,2965.0,5090.0,2340.2,2908.5,1163.4,1951.4,609.5,3490.2,1145.9,8982.3,4592.4,2908.5,7448.7,3337.7,9999.9,7102.3,2881.1,1167.8,1515.6,2827.7,551.7,3657.4,911.6,7359.0,3100.5,5552.7,3992.1,3450.8,4592.4,6639.1,598.2,268.0,1042.3,216.9,1430.4,1053.1,444.5,3915.3,5502.7,8982.3,5603.6,5873.0,3431.4,7540.7,3283.8,1457.7,4072.0,1096.5,6047.5,860.2,6108.0,561.3,513.2,996.4,1682.6,1148.1,689.3,343.7,220.3,58.5,212.6,158.4,149.0,370.8,39.9,261.8,82.2,237.9,352.6,183.5,297.9,39.8,1641.9,653.9,599.4,1603.1,576.7,1725.4,405.5,1628.8,484.3,706.1,1397.7,1216.7,1873.6,526.5,685.5,215.0,163.9,256.7,887.7,825.4,109.9,1275.1,1167.8,890.3,2304.9,2994.1,2523.9,687.8,101.3,22.9,13.0,85.5,149.7,55.9,132.1,2165.9,7932.4,6567.7,4394.2,7932.4,4212.4,7271.4,401.5,764.4,429.5,231.8,772.1,706.9,506.4,8852.1,2443.2,5502.7,3197.9,9999.9,9999.9,4458.4,5311.3,2714.6,6108.0,4362.8,4524.4,5552.7,7635.0,3393.3,779.0,1720.5,1963.9,1586.4,4394.2,1302.3,9396.9,2726.7,9543.7,3635.7,3966.2,9999.9,5817.1,5357.9,3701.8,9999.9,6296.9,6862.9,9999.9,9254.5,7448.7,1437.1,3679.5,6940.9,1493.4,5603.6,7731.6,1202.3,2922.4,732.3,989.9,4458.4,1277.8,1094.6,723.6,763.5,178.3,195.2,532.0,1204.7,276.5,3214.7,1664.3,1086.8,711.8,4965.8,3915.3,1327.8,237.9,92.5,314.5,66.6,744.8,515.8,109.8,745.7,235.1,128.4,140.1,929.6,751.2,88.9,4965.8,1420.4,4271.3,1902.8,1989.5,4771.8,3100.5,2827.7,3054.0,4809.4,1845.3,2181.4,5502.7,2588.1,857.8,262.7,544.8,182.2,91.7,1706.1,1615.8,951.4,1839.7,1319.2,898.2,2135.6,2181.4,1430.4,1369.5,5006.5,3148.4,1655.2,2577.2,5311.3,2453.0,4734.8,8144.0,9254.5,3374.5,9999.9,9999.9,4394.2,4458.4,6429.4,9999.9,6497.8,6232.6,5311.3,9851.6,1873.6,2165.9,2221.0,5176.2,5988.2,4524.4,1801.7,5603.6,3940.6,9999.9,5873.0,6862.9,9999.9,9999.9,5502.7,7359.0,7635.0,4458.4,4155.1,9999.9,6429.4,3116.3,2545.0,3132.3,8254.0,2385.9,7830.7,5357.9,518.9,812.2,939.6,233.3,1920.7,741.2,472.3,274.6,138.0,227.1,34.9,144.7,128.4,489.0,873.8,356.7,969.5,85.4,1251.6,767.3,1129.0,1650.8,556.2,1104.5,307.7,2331.3,235.8,1932.9,92.4,22.3,9.1,75.3,198.7,35.9,198.2,2894.7,577.3,1902.8,2385.9,798.4,2322.4,2678.9,524.2,153.3,270.0,105.6,68.2,1275.1,998.0,1226.5,1475.3,2213.0,2994.1,877.5,3356.0,2349.2
20261002_松阪_4R,20261002,47,松阪,4,50.5,203.1,24.4,268.8,15.1,182.8,27.6,119.4,616.0,118.1,1119.8,72.1,436.7,163.0,595.4,844.8,346.1,848.1,464.8,731.9,460.6,20.5,43.8,72.2,110.1,19.1,39.3,13.8,612.6,1030.2,527.1,350.0,689.0,758.1,440.8,26.1,31.1,220.9,39.4,379.9,188.6,56.1,552.8,821.6,914.2,233.0,1514.5,408.0,387.3,24.4,70.1,125.1,11.8,180.5,34.6,101.4,108.7,321.7,67.7,488.3,43.1,402.5,59.5,307.0,1145.1,882.3,2080.1,163.5,1550.2,441.4,1317.2,1979.9,3254.0,1720.7,1380.9,3388.2,2347.5,317.2,895.5,1883.4,2306.4,480.5,1905.2,670.7,1500.7,2266.6,2134.1,4661.8,1627.0,5477.7,2060.5,42.0,38.5,236.7,180.9,439.0,321.1,89.1,2060.5,3423.5,4324.5,4695.1,6201.1,1762.2,2974.3,145.0,251.8,723.1,520.0,1099.2,128.4,991.4,661.9,2598.1,920.6,2528.1,508.7,2547.7,1075.8,713.7,1757.5,2306.4,2047.7,377.5,3959.8,1341.4,6260.2,4108.2,9129.5,4869.0,5017.7,9129.5,9999.9,2016.3,3459.6,7733.2,9526.4,2857.9,6919.2,5258.6,5570.5,7385.6,4441.3,9999.9,7825.3,9999.9,7385.6,420.2,278.7,1497.3,1518.0,2274.4,1635.1,1299.0,6086.3,8649.0,8882.7,8320.5,9999.9,4441.3,5216.8,1627.0,1694.1,3336.6,4942.3,6444.3,2086.7,3145.1,2452.7,5017.7,1939.0,2471.1,2148.1,3983.8,2251.1,2705.0,3821.6,7469.6,4324.5,3303.1,8016.1,5135.3,7733.2,4268.3,9999.9,5258.6,5975.7,9999.9,9999.9,4008.0,9999.9,9999.9,7385.6,9999.9,9999.9,9999.9,1490.5,2322.7,2330.9,3441.5,2390.2,791.9,2528.1,3254.0,4082.7,4695.1,6639.6,6143.2,8427.2,8016.1,4441.3,9129.5,9390.3,9999.9,1973.9,7733.2,9999.9,2895.7,6444.3,9999.9,9999.9,5301.0,9999.9,9666.5,384.8,691.9,670.7,1125.5,368.0,615.4,230.7,736.9,2921.4,4564.7,6381.8,1576.3,6381.8,2452.7,2191.0,3959.8,9666.5,8649.0,3734.8,9959.5,6573.2,3206.4,9526.4,9999.9,7733.2,9526.4,9999.9,9999.9,3303.1,9999.9,9999.9,6776.5,9999.9,9999.9,9999.9,899.2,1767.0,2693.9,5666.6,7555.4,5301.0,2672.0,2080.1,8764.3,8427.2,9999.9,9999.9,7555.4,9004.4,391.7,2682.9,3534.0,6201.1,7385.6,2274.4,5715.8,2198.4,3799.5,1386.7,1171.7,2773.5,2895.7,1557.6,3115.2,4353.1,3631.6,7385.6,3086.0,8649.0,5135.3,6992.8,6444.3,3423.5,9999.9,7068.0,9999.9,8536.7,1095.5,1820.8,2251.1,2705.0,1962.1,823.7,2073.5,3001.4,9999.9,9999.9,5975.7,9999.9,9999.9,9999.9,4596.6,4108.2,4596.6,4661.8,9258.1,9999.9,8016.1,9258.1,9999.9,9999.9,2120.4,9999.9,9999.9,9999.9,2425.5,5618.1,6776.5,4564.7,8536.7,9004.4,9999.9,76.8,112.6,577.6,208.8,994.4,631.4,168.3,50.6,47.4,291.7,264.9,489.8,362.5,130.9,144.0,103.5,614.3,564.7,955.4,528.3,443.5,1781.3,1762.2,1899.7,4213.6,4324.5,5056.3,4134.1,605.2,821.6,1068.8,2947.6,4905.4,2870.4,1378.0,3777.7,2373.0,3115.2,3713.7,7223.3,7555.4,5387.9,2306.4,1867.4,2528.1,5344.1,4502.2,9390.3,3734.8,350.5,273.7,626.6,1950.5,1041.7,2693.9,1973.9,3534.0,4905.4,4108.2,1639.2,7643.3,3553.1,1607.1,4564.7,9959.5,9999.9,9999.9,9999.9,4471.6,7469.6,9526.4,9999.9,9999.9,9526.4,9999.9,7385.6,9999.9,5921.8,9999.9,9999.9,9999.9,2661.2,9999.9,9999.9,2870.4,9999.9,9999.9,9999.9,9999.9,9129.5,9999.9,9999.9,9999.9,9999.9,2716.2,9999.9,9999.9,9999.9,4869.0,4160.2,5056.3,9959.5,5570.5,9999.9,8216.5,2290.3,9999.9,9999.9,9999.9,9999.9,9999.9,9526.4,125.7,408.2,633.2,95.8,876.4,180.9,591.1,230.3,427.1,1694.1,800.6,1639.2,199.7,1568.7,1065.3,945.7,5523.7,2290.3,5570.5,1507.6,5570.5,1991.9,3799.5,6381.8,5344.1,3353.7,4942.3,5301.0,319.8,1344.2,2537.9,4728.9,6201.1,1422.7,3799.5,2785.2,4268.3,5766.0,2845.5,6381.8,7223.3,4869.0,460.6,301.5,845.9,2785.2,1355.3,3912.6,2845.5,2028.7,5618.1,9999.9,9999.9,7555.4,9999.9,6086.3
20261002_松阪_5R,20261002,47,松阪,5,3182.2,5221.5,1059.2,5043.9,2463.3,2583.4,3514.0,4029.6,5660.0,546.7,2686.4,1507.0,2399.5,4189.0,9886.1,8723.0,4142.2,7414.6,5931.6,8425.6,9999.9,433.8,203.6,1128.5,519.5,145.6,99.4,383.7,8522.5,3370.2,5617.1,1935.9,5979.5,6929.5,9999.9,1409.6,1345.6,3965.0,336.8,2161.6,1961.5,1528.7,3634.6,2896.3,7723.5,422.9,5221.5,2399.5,4783.6,4261.2,3616.8,9999.9,1298.5,7723.5,1881.8,4910.3,4493.7,6283.5,1348.1,6230.7,3209.7,4029.6,4722.6,6447.4,8059.3,1786.6,3599.3,3841.7,6561.5,6802.3,8621.6,9999.9,6127.7,2725.9,7565.9,9999.9,9999.9,719.1,816.5,2317.0,1385.9,507.5,755.8,1121.7,9756.0,6230.7,7565.9,4493.7,7643.9,9999.9,9999.9,4029.6,3310.0,6283.5,1217.5,6337.2,6561.5,2281.4,6561.5,9268.2,9999.9,3026.3,9999.9,6561.5,7198.6,5334.2,5372.9,9385.5,2463.3,9999.9,2447.0,8723.0,1748.7,2042.5,335.0,892.2,1019.8,1853.6,2118.4,2295.5,3355.0,624.1,993.9,1790.9,2715.9,2620.0,3089.4,4548.8,848.3,584.7,1608.3,3707.3,2610.7,165.1,224.6,207.4,72.0,84.8,244.5,147.9,575.2,744.4,176.1,106.7,220.6,744.4,325.4,726.2,1007.4,790.4,172.4,387.3,1151.3,351.5,2896.3,4310.8,4073.9,853.2,2338.9,2556.7,3763.7,2200.1,2513.4,1987.8,295.0,464.8,363.1,2353.8,9999.9,9886.1,4814.6,7887.8,5113.5,6127.7,9999.9,8723.0,9756.0,5451.9,9153.8,7972.6,9999.9,9385.5,9505.9,9999.9,2415.1,1074.5,3688.8,9999.9,7723.5,4722.6,6230.7,2384.1,2260.5,2777.0,5979.5,5009.8,7804.8,9268.2,1060.7,2274.4,3744.7,5931.6,5979.5,7414.6,9999.9,4051.6,2989.7,5009.8,9999.9,5372.9,9999.9,9999.9,9999.9,7643.9,9999.9,9999.9,9999.9,9999.9,9999.9,9999.9,7341.1,8933.2,6178.8,9999.9,68.1,27.6,207.7,100.4,23.9,14.7,62.5,97.4,78.6,318.9,183.3,60.4,80.5,109.2,44.4,76.2,77.1,18.9,22.0,63.2,45.7,757.3,832.1,270.4,254.3,328.9,704.8,542.3,304.0,445.5,49.0,129.2,137.1,415.3,247.7,33.4,56.3,16.1,113.5,59.6,48.9,10.5,87.4,176.4,116.9,465.7,316.3,119.9,203.0,146.6,144.3,53.2,261.0,127.2,16.9,175.6,8826.9,4236.9,8331.0,1769.5,7198.6,9505.9,9999.9,9629.3,4212.8,6283.5,1910.9,8059.3,9999.9,9999.9,1720.3,1930.8,337.0,354.4,616.8,1925.8,1142.4,4976.2,5492.3,701.4,1479.9,2288.4,4752.9,3725.9,1940.9,2504.9,574.7,1071.4,844.4,2989.7,1728.3,5412.1,5931.6,1203.6,2471.5,795.5,5258.5,2423.0,9999.9,9999.9,7565.9,8522.5,2180.7,8826.9,9999.9,9999.9,9999.9,2686.4,4261.2,1551.1,2989.7,9999.9,882.6,889.0,2368.8,246.0,2161.6,1307.6,660.2,925.6,1538.2,3051.2,455.1,3266.3,2274.4,946.9,679.6,989.9,870.2,185.5,426.6,1180.6,305.5,3841.7,4466.6,2455.1,1404.2,2423.0,4576.9,2020.3,121.0,216.4,92.4,434.1,246.5,207.9,64.8,2797.9,3385.6,696.2,1462.4,532.2,2756.3,1025.5,2521.9,4119.2,2415.1,4096.4,798.9,3209.7,1412.3,421.7,477.4,194.3,549.2,83.1,349.2,545.1,6504.0,6802.3,7887.8,1077.7,9153.8,5979.5,9999.9,6679.8,9999.9,9999.9,3155.1,9999.9,9042.2,9999.9,7723.5,9999.9,9999.9,2399.5,5838.2,7565.9,9999.9,9999.9,9999.9,9999.9,6230.7,9886.1,9999.9,9999.9,966.7,1704.5,1436.9,3564.7,3115.3,1584.3,3026.3,9999.9,9999.9,9385.5,8933.2,5703.5,9999.9,9999.9,7061.5,9153.8,5747.7,9886.1,2149.1,9268.2,4846.1,9999.9,9999.9,9153.8,9999.9,4814.6,9999.9,4846.1,4189.0,4212.8,5838.2,1471.1,2620.0,1651.3,5574.8,4387.3,3076.5,7269.2,1881.8,2471.5,1773.8,7061.5,2965.8,3310.0,4029.6,639.1,1303.0,658.4,4119.2,9999.9,9268.2,7269.2,4413.4,5334.2,3195.9,9999.9,814.7,756.5,246.7,1500.9,450.4,97.5,1154.9,8147.9,6337.2,2155.4,3599.3,1977.2,1886.6,7269.2,765.9,822.0,244.4,842.5,117.3,341.3,848.3,8059.3,9153.8,5979.5,9999.9,3223.7,8238.4,2657.5
20261002_松阪_6R,20261002,47,松阪,6,203.5,54.7,154.1,866.0,39.7,337.5,32.3,540.3,1181.0,1339.9,3304.8,668.7,968.4,308.2,253.3,1135.5,851.9,3190.3,430.2,1554.7,327.1,591.9,1516.4,1253.3,3543.1,788.2,1997.2,235.3,3858.4,4635.0,5226.7,6141.4,5712.9,4521.3,2709.4,71.7,370.1,300.6,235.2,1468.0,784.8,78.5,1364.7,1468.0,2362.0,2416.3,2260.6,1682.5,882.6,19.9,105.8,112.1,27.1,460.0,47.9,186.6,154.4,35.0,167.1,739.1,27.4,249.4,27.0,310.8,206.6,1166.0,1784.4,185.5,503.7,281.2,33.7,94.2,192.2,376.1,23.0,153.4,39.7,726.0,1758.8,707.2,2878.8,558.3,2167.5,606.5,3162.9,4848.5,1914.2,5848.9,1674.9,4724.1,3476.2,19.7,89.2,12.9,148.1,440.2,160.1,28.7,1116.6,1309.0,721.1,2377.3,2219.7,681.1,1045.3,45.4,171.1,56.8,143.1,931.6,51.5,315.4,813.4,1702.0,1713.8,2253.7,846.1,1255.4,445.5,632.5,430.9,1729.9,1393.1,433.0,774.1,467.6,2558.9,1182.9,5047.7,4694.0,1746.3,3526.1,2481.3,3459.9,3349.8,6887.6,5625.7,3543.1,3543.1,1354.7,5757.6,5541.1,4848.5,9212.1,6823.8,1584.8,4577.4,964.6,817.0,1584.8,2622.6,4848.5,1522.6,727.5,792.4,687.4,1401.0,1616.1,393.4,972.2,735.5,455.4,523.0,1656.1,745.9,2834.5,628.8,1093.4,386.8,2186.8,1986.4,4049.3,684.9,2105.6,723.9,193.8,511.0,673.6,1049.8,142.7,629.8,232.0,3380.6,1302.0,8188.5,6464.6,2173.9,5153.6,2971.6,3380.6,2148.6,9448.3,2332.1,2924.4,5848.9,3290.0,9999.9,4880.6,8374.6,3492.7,9999.9,7369.7,9999.9,856.9,280.2,1690.3,1750.5,3509.3,2432.2,934.0,5226.7,3032.8,7225.2,9999.9,8010.5,6464.6,6952.5,950.9,578.4,2424.2,2310.2,5943.3,1216.1,2641.4,2142.3,4360.7,2161.2,8879.1,2369.6,6193.0,508.6,2377.3,6193.0,2448.4,8374.6,2253.7,7597.6,1763.0,6193.0,5712.9,8773.4,6761.2,4979.5,7597.6,1667.3,5541.1,3666.5,9999.9,9999.9,6040.7,9999.9,6761.2,9999.9,8670.2,9999.9,9999.9,9999.9,9999.9,9999.9,3190.3,2567.8,5226.7,5712.9,9999.9,7840.1,2878.8,9999.9,9999.9,8987.4,9999.9,9999.9,9448.3,8280.5,408.2,1286.1,1385.2,3526.1,6245.5,2154.8,4816.8,8670.2,9826.3,9999.9,9999.9,9999.9,9999.9,8987.4,9826.3,8470.9,5541.1,9999.9,6580.1,9999.9,9999.9,9999.9,9999.9,7520.1,9999.9,9999.9,2199.9,9999.9,9999.9,6464.6,9999.9,9999.9,9999.9,9999.9,9999.9,9999.9,9999.9,9999.9,9999.9,9999.9,9999.9,9999.9,9999.9,8374.6,9999.9,9999.9,9999.9,9999.9,9999.9,9999.9,8470.9,2052.8,9999.9,9999.9,9999.9,9999.9,9999.9,9999.9,9999.9,9999.9,9999.9,9999.9,9999.9,77.0,544.6,392.2,301.7,2087.7,985.2,86.6,29.8,188.3,27.7,267.1,748.9,282.7,60.7,758.9,484.5,1051.3,2489.7,4187.3,1072.7,561.2,626.1,227.3,1525.8,1746.3,3962.2,3008.0,896.5,1532.1,1369.8,3057.9,2424.2,8670.2,4259.9,1725.9,8098.6,4913.1,9098.4,9999.9,9999.9,6887.6,9999.9,3008.0,1750.5,2481.3,5459.0,4466.5,3204.2,2729.5,146.0,194.0,592.4,692.6,415.4,2834.5,1409.1,3349.8,3290.0,5848.9,6761.2,6193.0,4466.5,2613.3,3176.6,2971.6,3032.8,6699.7,3443.8,3032.8,3176.6,1652.4,1568.0,2867.6,2481.3,603.0,2142.3,1425.4,7520.1,5226.7,9999.9,9999.9,9697.0,8670.2,9999.9,9999.9,9999.9,9999.9,9999.9,9999.9,7676.8,9999.9,5153.6,4140.2,1259.7,6699.7,8773.4,6699.7,4848.5,6040.7,4413.0,4724.1,9826.3,6464.6,9999.9,5669.0,2802.1,3703.3,2392.7,8470.9,5991.6,4259.9,4606.0,36.3,146.3,156.6,33.3,582.1,80.4,235.2,83.4,319.0,163.3,182.4,1459.3,123.9,619.3,441.5,569.5,1623.2,831.7,4235.4,711.3,1551.5,608.5,492.9,2075.9,1160.5,4466.5,1012.3,3057.9,107.7,283.5,590.9,791.5,2148.6,553.2,1035.0,3411.9,5264.0,7018.7,9999.9,5943.3,8773.4,5301.9,206.7,217.3,559.5,576.2,484.8,2890.0,1422.7,1387.8,2041.4,2267.6,3962.2,2093.6,3648.3,2558.9
20261002_松阪_7R,20261002,47,松阪,7,623.3,2037.0,396.6,2006.1,191.9,2841.3,601.8,508.8,908.1,367.3,1085.2,93.5,1532.4,137.5,4012.3,2425.0,2680.2,6073.6,1013.8,5092.5,1565.0,406.1,451.8,1491.0,1902.3,195.9,1958.6,426.2,3637.5,1724.0,5092.5,1988.0,577.1,1789.2,1746.7,47.2,34.1,214.4,44.8,148.1,213.7,26.5,6365.6,4443.1,5212.8,3917.3,3559.3,1177.9,2770.0,405.1,108.5,381.3,244.9,986.6,88.3,1129.7,904.4,2627.1,445.5,2546.2,418.4,3310.1,904.4,853.1,2680.2,622.7,2691.1,956.6,3637.5,747.2,4216.7,4597.4,3277.3,3009.2,3826.7,8946.3,3009.2,225.4,312.5,614.6,936.3,218.0,1295.5,221.3,3917.3,4327.0,6755.4,2903.6,3540.2,4298.9,4036.7,311.1,624.5,1602.9,336.9,2121.8,2407.3,450.3,5756.7,6427.4,9999.9,3466.1,6187.2,5053.6,5296.2,535.1,334.6,530.4,295.6,1870.1,378.9,2606.4,417.9,718.8,281.9,795.7,94.5,1337.4,123.4,583.2,1808.8,327.2,1283.0,611.2,2322.9,332.0,1798.9,2995.6,2853.5,3578.5,1646.8,5707.1,475.2,452.2,398.3,1756.0,2121.8,438.4,1952.8,241.5,2156.4,3412.5,3137.5,3804.7,2372.8,2170.5,1167.6,52.3,293.0,525.0,210.6,736.4,1013.8,60.2,2724.4,4903.9,6554.7,3430.2,2758.4,2658.7,1779.6,40.2,106.4,34.9,83.3,340.0,29.2,415.8,5516.9,4503.6,4565.7,7976.2,2214.1,6825.0,2713.2,6687.1,7976.2,6755.4,9999.9,6245.5,9999.9,4061.5,4695.2,5658.3,6490.5,6825.0,3657.6,9999.9,834.8,6687.1,6825.0,8380.1,9999.9,7976.2,9999.9,5296.2,9999.9,9999.9,9324.3,9999.9,9999.9,7438.5,9999.9,2735.6,6490.5,4061.5,6427.4,9999.9,9999.9,2536.5,9999.9,9999.9,9999.9,9999.9,9999.9,9999.9,9999.9,1970.3,2702.1,528.3,3484.3,2108.3,1896.9,5610.4,568.7,729.1,1467.9,2648.1,439.3,2479.5,658.7,296.3,564.8,1205.8,1382.1,315.1,1417.6,366.9,919.4,975.0,3137.5,3093.6,866.5,3761.5,696.1,4384.3,4036.7,5092.5,9999.9,4216.7,9999.9,3637.5,4503.6,3167.6,5296.2,9068.9,4298.9,4443.1,4832.3,296.3,485.3,682.5,2108.3,2616.7,2390.0,682.5,5254.2,4163.7,5382.3,9881.0,6129.9,4762.8,5212.8,611.2,782.5,536.9,1249.1,3213.7,723.5,2968.7,5053.6,3597.9,8827.0,4762.8,2068.8,3849.0,3245.2,6365.6,5516.9,9881.0,4443.1,6129.9,6687.1,7438.5,3740.2,6129.9,5172.1,7355.9,4271.1,4977.6,1952.8,9999.9,9999.9,8597.8,9999.9,9999.9,9594.6,8380.1,5563.2,4271.1,7523.0,9999.9,6245.5,6825.0,6490.5,1880.7,5132.0,3310.1,9324.3,5053.6,2982.1,3412.5,2214.1,3213.7,2586.0,3277.3,3036.8,1880.7,2006.1,2192.1,6187.2,929.8,1693.1,4597.4,2347.6,3698.4,38.8,16.8,132.7,25.9,117.8,142.0,11.5,152.7,296.6,1141.4,199.4,1249.1,1032.8,239.4,41.0,193.5,367.9,139.8,505.3,642.1,40.1,681.1,2390.0,1083.5,1849.2,3261.2,4190.0,768.9,119.8,217.2,211.2,846.5,1054.1,1010.7,205.4,598.0,1976.2,1118.2,2770.0,1436.0,962.2,1105.2,817.3,3064.9,2006.1,3698.4,2037.0,1650.9,1305.7,30.9,140.4,28.8,123.3,98.0,361.5,402.6,7438.5,6187.2,7042.8,5382.3,4271.1,2616.7,4298.9,8275.3,9999.9,9999.9,5471.3,7118.6,8073.5,7438.5,6755.4,9999.9,9999.9,6825.0,6305.0,6687.1,4012.3,9999.9,9999.9,9999.9,9999.9,9324.3,9999.9,9999.9,7195.9,6073.6,7881.3,9999.9,7609.5,6687.1,8073.5,2398.6,3484.3,2841.3,3430.2,3036.8,2101.6,2355.9,2451.9,6896.1,5132.0,8827.0,3940.6,3719.2,3657.6,4384.3,8946.3,2903.6,6896.1,5964.2,5610.4,3871.5,364.3,79.8,216.7,255.6,734.7,98.4,908.1,493.3,257.9,607.9,464.9,2068.8,427.3,2347.6,36.4,108.3,27.9,75.1,246.4,31.5,303.5,286.3,486.0,76.7,486.7,808.3,262.3,1195.0,409.9,590.5,207.7,564.8,2101.6,415.5,2101.6,1491.0,3093.6,565.8,1203.6,2955.4,1491.0,2339.3,64.2,252.9,48.0,150.3,190.9,581.2,706.5,2339.3,4629.5,1261.0,2322.9,3122.7,3395.0,1988.0
20261002_松阪_8R,20261002,47,松阪,8,70.4,684.5,83.5,218.0,167.5,291.3,63.0,72.7,635.2,159.3,252.0,112.5,838.8,64.1,2066.7,2411.1,2106.4,4056.8,2216.0,4915.0,1941.1,132.5,195.0,1317.4,410.6,433.6,1010.2,190.2,479.2,597.6,2077.9,690.1,847.2,1567.9,290.1,312.7,291.2,805.4,576.0,824.4,1621.0,324.3,1946.0,3633.8,5722.0,3392.6,4618.9,4283.5,2118.0,47.2,57.0,511.5,118.5,81.1,126.9,539.5,69.6,571.3,75.8,323.1,148.4,184.7,78.4,54.1,321.0,72.5,676.1,58.5,138.3,96.0,1746.5,1463.2,2100.6,3248.9,1530.4,2228.9,2281.9,60.2,70.6,493.4,629.5,135.6,89.4,114.7,1783.1,2530.5,6037.3,2718.9,4259.7,3651.1,3392.6,250.2,149.8,550.8,289.3,1627.9,476.8,357.4,288.6,288.7,1092.2,261.1,1457.6,469.2,501.7,114.9,154.3,878.2,176.7,1238.6,329.9,398.3,28.5,266.3,87.8,152.9,43.1,385.8,29.1,26.8,157.3,42.3,335.5,29.9,85.4,51.2,796.2,573.4,1825.5,3142.4,225.2,2937.7,1103.2,200.3,132.1,965.6,1259.0,246.8,1000.9,308.5,1168.8,1494.6,3319.2,2818.9,1966.0,4457.8,1946.0,18.1,16.8,20.5,79.4,301.9,229.9,50.6,1762.6,941.9,3533.4,2426.4,4406.6,1452.1,2288.8,54.7,82.4,522.6,263.4,787.2,119.2,871.3,4167.1,5324.6,5853.0,9830.1,3079.3,9020.5,4675.3,3469.4,3469.4,5476.7,9999.9,3795.7,9237.9,4356.5,3872.4,3030.6,4618.9,9957.7,662.1,9999.9,4883.7,7904.6,6553.4,8156.9,9999.9,7233.4,9999.9,9705.6,9999.9,9999.9,9999.9,9999.9,9999.9,9999.9,9999.9,2522.2,2949.0,610.4,3722.0,9957.7,7034.4,4100.2,9999.9,9999.9,9999.9,9999.9,9999.9,9999.9,9999.9,2915.3,5722.0,3668.6,9999.9,9999.9,6183.4,9999.9,174.8,266.1,1787.2,579.1,598.0,1232.7,313.0,124.3,149.7,1132.5,1153.0,336.7,216.2,238.1,437.8,332.7,2808.6,3517.2,708.6,2497.5,785.6,5111.6,4189.8,6183.4,9999.9,5765.0,9999.9,7986.9,4762.4,5476.7,8915.6,9999.9,9999.9,9999.9,8156.9,1349.9,1096.9,1117.7,2118.0,6133.9,4100.2,2001.9,3362.9,1007.5,3758.5,6389.5,9020.5,5808.7,4883.7,533.5,411.1,506.1,4189.8,3616.7,1614.2,2788.1,2718.9,3248.9,9957.7,4035.5,5765.0,8813.2,1201.8,3777.0,4762.4,9999.9,8713.0,9999.9,9999.9,9237.9,5111.6,5765.0,8425.8,9999.9,9127.9,9999.9,8519.4,9999.9,9999.9,9999.9,9999.9,9999.9,9999.9,9999.9,7302.3,9957.7,9999.9,9999.9,9999.9,9999.9,9999.9,9999.9,9999.9,9999.9,9999.9,9999.9,9999.9,9999.9,9999.9,9999.9,9999.9,9999.9,9999.9,9999.9,9999.9,1468.8,9466.0,7099.5,9999.9,9999.9,9999.9,9999.9,498.2,350.2,940.7,1054.6,2634.8,3042.6,631.0,438.1,222.3,814.8,634.7,3235.2,1256.9,685.2,96.9,88.3,61.6,219.6,881.3,711.2,186.1,1010.2,938.4,224.0,1829.9,4056.8,3221.6,1696.3,1634.8,1139.3,803.7,2441.8,8519.4,3993.4,2159.8,6133.9,8334.2,4236.1,9957.7,9999.9,9999.9,9999.9,6907.6,4259.7,3407.7,8425.8,7744.9,9999.9,9127.9,696.4,824.4,495.3,1707.6,1600.7,5943.7,4703.9,4056.8,7744.9,9999.9,6037.3,9999.9,9999.9,6233.7,2366.5,2309.4,7444.1,1399.1,8071.0,4307.5,4035.5,9020.5,3686.2,9999.9,7372.5,9999.9,7591.5,9999.9,9999.9,9999.9,9999.9,9999.9,9999.9,9999.9,9999.9,6970.4,1703.8,9350.6,9999.9,9999.9,9957.7,9999.9,9999.9,9999.9,9999.9,9999.9,9999.9,9999.9,9999.9,9999.9,8156.9,8244.6,9999.9,6553.4,9999.9,9999.9,8156.9,6443.2,9705.6,9999.9,9999.9,9999.9,9999.9,67.1,91.9,633.6,219.0,162.5,193.8,663.2,133.5,222.0,1087.5,287.9,1290.8,434.9,538.4,144.3,193.7,1280.0,555.2,1681.4,223.0,1430.5,2497.5,3290.7,3533.4,4618.9,8156.9,3030.6,7904.6,500.1,497.8,867.3,3485.2,3333.6,1435.8,2778.0,1026.4,3892.1,3566.2,8813.2,5361.8,6284.8,6907.6,446.8,635.7,400.8,1170.6,964.4,3208.1,2748.2,3208.1,2995.1,5111.6,9999.9,5990.2,9020.5,6183.4
20261002_松阪_9R,20261002,47,松阪,9,503.5,254.2,53.9,1150.6,351.1,391.5,1013.3,559.3,771.1,106.7,1597.3,254.2,550.6,758.1,481.8,1114.1,138.3,1554.2,831.5,831.5,1858.6,9.0,18.6,25.3,35.2,9.1,6.7,54.7,1902.4,1939.0,1519.0,189.9,1448.1,1351.1,1227.7,307.8,182.1,571.2,52.6,880.6,375.3,738.6,466.8,555.1,659.0,59.4,1043.5,456.7,906.3,1659.7,1355.6,2489.6,258.1,1745.9,1360.2,1606.8,1055.8,388.1,138.2,2047.3,786.9,718.2,1920.5,1716.2,2311.2,1663.1,5680.5,1420.1,7075.7,4979.2,335.8,1032.8,374.8,1218.4,777.8,1584.7,1850.0,187.0,1229.6,564.8,2122.7,830.7,1539.3,2386.5,4223.2,6953.7,3878.0,3239.5,5073.1,8962.6,3102.4,1432.7,1280.3,1719.9,1294.7,4557.2,5377.5,4115.4,3043.9,9837.0,6558.0,3717.2,9999.9,7138.3,9999.9,3522.4,6157.5,4557.2,4115.4,4948.6,5306.8,9999.9,1412.6,1953.1,326.3,1991.6,431.8,1772.8,1812.6,1738.4,2191.9,1636.1,2781.5,1260.3,6666.4,4013.1,3090.5,3683.2,2536.5,5413.6,2338.0,9999.9,6894.3,381.5,1331.0,1884.6,2830.3,481.5,2047.3,2162.5,4830.1,8147.8,4662.6,4689.7,3537.8,9999.9,2912.0,238.0,550.9,765.3,267.8,1111.0,1469.2,878.6,4531.6,9999.9,9999.9,4773.0,9999.9,4223.2,9999.9,3067.0,6157.5,7075.7,4073.9,3150.9,2593.6,7075.7,840.2,2203.9,378.3,2820.4,1545.2,1572.3,3954.1,517.4,1147.4,628.2,1796.5,1074.0,2762.4,1867.2,3150.9,3347.0,2593.6,5341.9,2073.6,9999.9,8402.4,408.2,986.1,1551.2,2001.5,1344.3,3787.0,3717.2,4456.5,4801.4,5413.6,4918.5,7831.4,9063.3,6019.6,2528.6,2781.5,1324.5,1656.3,3078.7,8402.4,7609.7,5237.9,8864.1,9999.9,8147.8,9999.9,9999.9,9999.9,7014.2,6019.6,9999.9,7908.2,7756.1,9999.9,9999.9,15.1,21.1,35.8,45.7,10.8,13.1,74.9,110.8,512.4,283.2,1044.8,382.4,744.1,1031.5,163.0,513.1,862.7,1410.2,209.7,937.9,1054.4,229.8,418.3,835.0,1170.7,760.2,1513.3,1897.9,365.9,1694.6,2422.3,1986.7,1128.1,2560.7,966.0,59.5,266.6,131.0,522.7,584.5,542.0,698.9,156.3,1036.8,1158.9,1616.5,1893.5,814.7,2291.5,477.8,1871.5,1677.0,2544.5,1222.1,1591.0,2670.9,2489.6,3102.4,2311.2,419.2,2057.7,2298.1,1680.4,4336.7,6401.8,3617.2,3522.4,5306.8,9999.9,4689.7,5413.6,7831.4,5105.3,5137.8,3804.8,9999.9,3717.2,3804.8,3751.8,5170.7,3954.1,6401.8,9958.4,5640.8,530.6,2618.9,3973.5,3126.5,2278.6,4245.4,1673.5,3175.7,5272.1,4013.1,6558.0,2850.3,9999.9,3822.9,7538.6,9999.9,9999.9,9999.9,9489.8,9999.9,9999.9,1242.8,2743.6,2084.3,2618.9,1296.8,2618.9,3666.5,649.4,262.1,852.6,83.9,1272.2,615.2,1126.5,1181.0,1160.6,1548.2,1200.3,3461.9,3279.0,3163.2,178.4,437.2,641.7,174.8,1013.3,1114.1,780.1,2026.7,2272.2,1884.6,1796.5,5306.8,7267.0,6019.6,91.6,500.7,239.2,916.6,1051.6,987.3,1211.1,2489.6,4432.0,3360.9,5450.2,2291.5,9166.3,3150.9,2021.6,7202.1,3915.7,8767.8,2078.9,9999.9,7014.2,1437.8,4918.5,2393.5,6953.7,1597.3,4313.5,7400.3,2734.3,3633.5,3347.0,226.3,5341.9,1981.9,4801.4,4073.9,9999.9,9999.9,6453.1,9999.9,9999.9,9999.9,6721.9,9999.9,9999.9,7609.7,9999.9,7756.1,9999.9,6157.5,9999.9,9999.9,9999.9,9999.9,9999.9,9999.9,250.1,3878.0,5272.1,6778.4,9063.3,2324.6,7986.5,9999.9,9999.9,9999.9,9999.9,9999.9,9999.9,9999.9,2753.0,9999.9,6835.9,9999.9,2688.7,9999.9,9999.9,7075.7,9999.9,9999.9,9999.9,9999.9,9999.9,9999.9,4157.9,3896.8,4290.6,887.3,3476.8,3700.1,3617.2,5010.1,5306.8,4506.3,5487.3,5137.8,6558.0,9999.9,4201.2,7075.7,9999.9,4918.5,4609.3,4481.3,9999.9,7609.7,7075.7,9999.9,7682.2,7682.2,9379.5,9999.9,1066.9,5137.8,5137.8,6064.9,3032.4,3934.8,6157.5,1824.9,3491.9,2386.5,3666.5,1948.4,3389.2,4773.0,3553.4,7468.8,4557.2,9999.9,4157.9,5450.2,9837.0,6721.9,9999.9,9999.9,9999.9,9999.9,9999.9,9999.9
20261002_松阪_10R,20261002,47,松阪,10,113.8,101.4,58.3,474.2,55.1,354.8,34.0,145.4,146.0,63.6,1015.3,213.7,641.5,54.8,85.2,162.3,74.4,408.4,129.3,317.5,30.5,46.8,40.1,64.3,412.1,67.8,238.0,19.9,1727.2,2213.7,1241.5,1376.3,2381.5,1359.6,562.1,53.0,172.6,126.5,85.0,693.0,407.2,46.2,966.6,1416.0,760.7,817.7,1018.0,1239.5,306.0,10.0,20.4,5.8,6.5,97.1,15.2,60.9,674.0,541.9,335.9,1802.5,203.5,1373.9,257.8,1265.5,5037.8,1410.9,5694.9,1640.7,5999.2,3011.1,2381.5,7630.0,5653.9,4390.4,4595.8,9999.9,5821.4,518.7,1180.0,2868.2,3344.2,781.2,3081.9,1043.6,5419.9,9245.8,9999.9,6660.1,6441.7,5736.4,9999.9,186.8,833.4,1544.0,424.5,1544.0,1491.2,521.8,3949.2,8272.6,9999.9,6495.0,4542.7,4248.1,7781.1,474.5,2543.3,2767.2,1150.6,5037.8,922.4,4677.9,630.7,478.6,207.9,2051.9,834.2,2057.3,264.9,1458.0,4911.8,1697.4,3234.1,1989.6,6774.9,3402.1,2777.0,7781.1,5953.7,9823.7,9823.7,9999.9,8102.0,252.5,681.0,1627.1,2816.8,872.2,1187.1,663.7,5778.6,9999.9,8542.3,9823.7,9999.9,9999.9,9999.9,1505.5,1819.2,4677.9,1675.6,7704.8,5495.7,3181.7,4677.9,9999.9,9999.9,5457.6,6833.9,8542.3,9999.9,765.9,3358.5,5070.3,1431.5,7414.1,2543.3,5999.2,1862.3,2291.2,1162.5,4734.3,2025.5,4009.6,438.8,2213.7,9245.8,7484.7,9999.9,4225.2,9999.9,4763.0,4009.6,9999.9,9999.9,9999.9,9999.9,9999.9,9999.9,1893.7,9033.3,8930.6,9999.9,9999.9,9999.9,7556.7,9999.9,9999.9,9999.9,9999.9,9999.9,9999.9,9999.9,3431.8,7414.1,9999.9,9138.3,9999.9,9999.9,9999.9,8830.3,9999.9,9999.9,9999.9,9999.9,9999.9,9999.9,593.1,7556.7,9999.9,6717.0,9999.9,9138.3,9999.9,156.0,120.0,234.1,988.5,184.8,539.7,94.4,326.2,788.2,1790.2,2921.5,470.8,2057.3,772.7,138.5,348.3,1125.9,1823.4,543.8,823.7,368.2,1129.1,3605.0,3852.4,9999.9,5694.9,7938.3,3572.2,3274.5,7414.1,6833.9,9999.9,8019.3,8732.2,8830.3,328.6,499.6,883.0,2518.9,3707.0,1502.6,1012.7,1738.7,4734.3,3057.9,9999.9,5037.8,2095.7,5204.6,198.6,688.7,558.1,1505.5,2932.4,878.0,2284.5,8102.0,9999.9,8102.0,6893.8,9999.9,6495.0,3689.6,9584.1,9999.9,9999.9,9999.9,9999.9,8930.6,9999.9,9999.9,9999.9,9999.9,9999.9,9999.9,9999.9,9999.9,9999.9,9999.9,9999.9,9999.9,9999.9,9999.9,9999.9,8102.0,9999.9,9999.9,9999.9,9999.9,9999.9,9999.9,9999.9,9999.9,9999.9,9999.9,9999.9,9999.9,9999.9,5495.7,6660.1,9999.9,9999.9,9999.9,9999.9,9999.9,5821.4,9999.9,9999.9,9999.9,9999.9,9999.9,9999.9,182.3,676.3,405.9,256.0,2440.6,1723.4,252.5,188.9,937.8,1534.9,412.5,2183.0,1150.6,480.9,1520.1,2220.0,5909.0,1466.2,7858.9,6774.9,3288.2,2585.1,5382.8,9823.7,6441.7,9999.9,9999.9,7630.0,408.8,709.2,1336.5,3815.0,5821.4,1565.5,1637.2,7704.8,9138.3,9999.9,9999.9,9999.9,9468.6,9999.9,4792.0,5653.9,9033.3,9999.9,2471.3,5864.9,5778.6,563.3,1261.4,2673.1,3815.0,1697.4,8542.3,5136.5,5239.3,5457.6,3181.7,2796.7,4136.3,6717.0,1810.8,7276.8,9999.9,9999.9,9999.9,7556.7,8542.3,9999.9,8636.2,9999.9,9999.9,4821.4,9999.9,9999.9,9999.9,7484.7,9999.9,9999.9,9999.9,9999.9,9999.9,9999.9,3638.4,9999.9,6495.0,9999.9,9999.9,9999.9,9999.9,3402.1,5736.4,9999.9,9999.9,7344.8,9468.6,8102.0,9999.9,9999.9,9999.9,9999.9,7704.8,9999.9,9999.9,3022.6,9999.9,9999.9,9999.9,9999.9,9999.9,9999.9,84.9,143.5,72.2,68.4,492.7,100.3,312.4,430.6,2271.3,2518.9,1110.0,5419.9,1028.6,4180.3,651.1,2837.1,5005.7,1090.0,7016.9,2664.0,6092.2,458.7,3260.9,4490.8,2719.3,8830.3,3492.8,7414.1,258.6,871.2,805.2,1770.0,4415.1,1150.6,3069.9,2738.3,9999.9,9999.9,9999.9,9823.7,9999.9,8930.6,568.2,1116.3,2673.1,3081.9,1526.0,7414.1,4490.8,1902.9,9999.9,7556.7,9999.9,7016.9,7630.0,7210.0
20261002_松阪_11R,20261002,47,松阪,11,596.6,1704.8,2027.4,1581.8,450.0,2339.4,780.4,320.3,917.9,202.7,1118.3,103.8,490.7,85.4,2670.7,2822.7,4011.8,6782.6,1654.0,6004.9,2709.1,2561.9,916.2,3403.5,6831.7,1205.6,3308.0,1510.8,4385.0,4028.9,8978.8,9820.6,3771.1,9334.4,6547.1,126.1,56.6,568.6,315.7,682.1,81.1,84.3,3284.9,1729.8,6285.2,5748.6,7989.6,489.7,1820.0,357.5,107.9,1001.8,611.0,1388.4,140.7,508.5,1364.3,2362.8,4135.0,3080.9,1390.5,4554.5,1855.8,1295.0,1029.2,1445.9,1282.6,1171.1,3428.3,600.1,1282.6,753.0,3355.0,338.0,1119.6,3367.0,888.5,5208.7,3185.0,6782.6,6202.5,4063.7,9999.9,4468.1,2781.0,1498.8,655.6,3848.0,2554.9,4859.7,2172.3,1543.0,1318.5,1795.7,2964.7,2611.5,3557.6,1628.2,9523.0,6983.5,9999.9,9999.9,9999.9,7088.5,7482.4,1337.2,612.5,897.0,2429.8,1874.3,1279.2,3911.9,316.2,685.6,127.2,880.2,88.6,623.5,55.0,507.9,678.7,438.2,647.0,455.4,1566.0,188.0,1457.1,784.9,1137.2,2305.0,1356.5,4208.8,402.2,126.3,213.6,492.0,640.0,97.8,467.6,30.1,2223.5,1633.9,2781.0,1920.1,2500.7,4028.9,796.9,103.5,250.2,675.8,116.5,930.6,337.0,52.4,1943.8,2964.7,5387.3,1692.6,4621.4,1272.3,645.2,16.9,28.8,58.6,6.5,141.6,12.4,117.7,4081.3,3584.7,6686.4,8649.3,2618.8,9620.2,3517.8,1295.0,730.8,3944.6,466.7,1187.3,4713.9,680.7,1532.9,1102.6,1622.6,3308.0,2255.4,7308.3,640.0,9999.9,9999.9,5966.9,9999.9,9999.9,9999.9,9153.2,9523.0,1508.4,4884.8,9999.9,9924.0,9999.9,9523.0,2514.0,3273.5,3031.4,8417.7,9999.9,6831.7,2640.8,9999.9,9999.9,9999.9,9999.9,9999.9,9999.9,9999.9,1893.1,736.5,775.3,2590.0,6592.8,2392.8,8894.1,5208.7,1881.8,3697.1,9999.9,2597.1,8417.7,2626.1,6932.2,3403.5,7365.4,7922.5,4737.6,9999.9,5180.1,1022.5,1545.5,3041.2,3379.1,742.3,2527.5,224.2,9999.9,9999.9,6547.1,9999.9,9999.9,9999.9,9999.9,9999.9,9999.9,9153.2,9999.9,9999.9,9999.9,9999.9,3174.3,4690.4,1441.5,9427.8,9820.6,5237.6,1968.2,9999.9,9999.9,5481.2,9999.9,9999.9,8343.2,9999.9,2468.0,3640.0,282.6,6413.4,6285.2,1459.4,6243.5,8729.4,9065.2,9999.9,9999.9,9242.9,9999.9,9999.9,5449.6,2316.4,1208.6,8649.3,4962.0,9820.6,4644.2,7922.5,3217.6,5578.5,6782.6,7035.6,9999.9,2481.0,9427.8,1329.7,5713.8,9999.9,8894.1,9999.9,9999.9,9999.9,9999.9,9999.9,9999.9,9999.9,9999.9,9999.9,9999.9,9153.2,9334.4,9999.9,9999.9,9999.9,9999.9,9999.9,9999.9,9999.9,9999.9,9999.9,9999.9,9999.9,9999.9,6161.9,3002.4,9999.9,9999.9,9999.9,9999.9,153.2,67.2,645.7,442.2,800.3,82.7,99.4,652.4,787.6,2076.6,2147.5,2474.4,1364.3,856.2,146.2,406.1,1131.7,314.6,1409.2,356.7,128.8,1739.4,3153.1,2266.3,7542.2,7922.5,4834.7,2398.9,1501.2,2839.7,953.2,5237.6,7088.5,2740.6,1243.7,4304.9,5892.3,4598.9,9999.9,7922.5,6592.8,3771.1,215.8,690.1,388.1,2548.0,1686.5,2618.8,340.2,164.1,391.0,132.8,1142.7,648.4,1931.9,306.0,9999.9,4324.6,9999.9,9999.9,9999.9,729.7,4667.2,9999.9,9999.9,9999.9,9999.9,9999.9,9924.0,9999.9,3994.8,8811.0,9999.9,4324.6,9999.9,2701.3,2118.6,9999.9,9999.9,9999.9,9999.9,9999.9,9999.9,9999.9,9999.9,9999.9,7727.7,9999.9,9999.9,8978.8,9999.9,9999.9,9999.9,9999.9,9999.9,9999.9,9999.9,9999.9,583.7,4667.2,1823.5,8343.2,4426.2,8978.8,1665.6,4761.5,9523.0,2187.4,9999.9,9999.9,9999.9,2455.1,188.5,66.0,584.8,304.5,681.6,80.6,470.2,301.2,146.5,151.7,726.8,313.7,279.7,1127.7,19.4,23.1,50.2,10.1,153.4,14.3,151.3,676.3,179.8,214.7,1852.2,1284.4,532.9,2814.2,606.2,835.8,141.4,1904.6,1997.4,464.4,1736.2,2590.0,1296.8,994.4,3355.0,3531.0,2137.8,4099.0,87.0,202.3,61.4,533.5,302.4,836.5,239.7,1525.5,2244.7,801.0,4246.7,3174.3,3961.2,871.3
20261002_松阪_12R,20261002,47,松阪,12,261.7,308.5,147.1,527.6,438.9,1016.0,404.9,181.8,364.5,47.2,808.5,84.7,162.7,141.4,448.9,745.3,344.5,2054.7,768.2,1910.7,848.6,24.8,10.8,54.9,204.7,32.2,107.1,4.1,1996.5,2320.9,3858.3,1351.2,4195.6,5239.9,3438.2,412.2,152.7,634.2,133.1,1384.0,874.6,337.7,3030.1,1020.3,3539.6,831.5,4545.2,2112.5,2097.8,355.9,220.4,574.6,52.0,1318.6,377.6,845.6,896.8,1073.3,446.5,1739.0,1304.2,3508.6,1532.5,1346.7,2810.1,1772.4,2135.1,2553.0,3726.5,3934.2,941.1,1854.6,1268.4,733.4,2877.5,4181.0,2912.5,596.1,1739.0,1820.8,3351.8,2268.3,5660.1,1210.8,2803.6,3182.8,1501.8,3921.4,6593.1,9523.4,6282.4,2268.3,2790.5,4040.2,3076.8,8275.5,9599.6,4477.4,8275.5,7361.6,9999.9,9999.9,9999.9,9999.9,9999.9,2474.1,5128.0,5020.7,1901.6,9999.9,4615.2,9999.9,449.4,843.2,101.8,1406.7,173.2,252.0,419.1,815.7,2013.3,1047.9,1615.0,1185.7,1675.9,2061.7,2281.2,2857.0,3053.3,6348.9,2941.0,3738.1,6486.2,168.2,683.7,1307.1,2708.6,334.2,457.4,418.3,4545.2,5128.0,6521.4,7842.8,6856.8,9022.2,9835.6,180.4,610.0,1134.1,222.2,2348.2,195.0,691.6,405.6,1423.4,1746.6,459.0,3785.3,360.3,1554.3,961.5,2362.1,3947.2,958.4,4742.8,1552.3,2127.5,1408.3,2385.5,673.3,5555.3,2238.7,5769.0,2690.4,974.7,2037.2,1377.6,861.4,3296.5,5504.3,2830.0,3389.6,4195.6,4331.9,8954.8,4761.7,8695.3,9999.9,796.2,2003.2,3908.6,8450.3,5309.5,9999.9,1741.5,9999.9,2404.7,9999.9,9999.9,9999.9,9999.9,9999.9,3100.6,7316.7,5309.5,6629.5,9999.9,9999.9,8053.3,9999.9,9999.9,9999.9,9999.9,9999.9,9999.9,9999.9,4331.9,7058.5,9999.9,4877.8,9999.9,9999.9,9999.9,33.5,17.2,83.5,265.1,45.8,157.1,3.7,231.4,616.3,898.1,2020.1,1012.6,2316.5,512.1,99.5,401.9,857.1,2105.1,301.2,580.8,247.1,411.6,1234.5,1736.5,5911.0,2294.3,4742.8,941.8,1585.1,6741.3,6091.1,9159.9,7692.0,9999.9,5686.9,232.9,1205.9,463.3,1935.4,5286.1,2197.7,569.7,1018.6,6348.9,2037.2,9022.2,9999.9,4300.9,3100.6,17.8,225.3,146.8,415.4,997.4,261.4,688.8,8571.0,9835.6,9999.9,5825.0,9999.9,9999.9,9999.9,7692.0,4979.0,2285.6,9999.9,9999.9,9999.9,9999.9,9999.9,6976.4,9999.9,9999.9,9999.9,9999.9,9999.9,9999.9,2558.5,9999.9,9999.9,9999.9,9999.9,9999.9,6703.6,9999.9,9999.9,9999.9,9999.9,9999.9,9999.9,9999.9,9999.9,9999.9,9999.9,9999.9,9999.9,9999.9,9999.9,9999.9,9999.9,9999.9,9999.9,9999.9,9999.9,9999.9,9999.9,9999.9,9999.9,9999.9,9999.9,9999.9,1065.6,404.7,1443.9,317.9,2702.5,1910.7,780.2,2112.5,2242.9,3418.6,2784.1,4979.0,4858.1,4411.5,292.6,946.3,1736.5,426.4,3468.0,373.8,1127.7,2285.6,3625.2,3947.2,5128.0,9999.9,9999.9,6282.4,459.0,1898.6,749.9,3370.6,8888.5,3182.8,1075.2,9999.9,9999.9,9999.9,9999.9,9999.9,9999.9,9999.9,4444.2,9090.5,1532.5,9999.9,6557.1,9999.9,7228.6,1892.6,5128.0,3351.8,6029.9,2242.9,9999.9,6416.8,9448.4,3053.3,8632.7,2708.6,9999.9,5633.5,7407.1,9999.9,9916.9,9999.9,9999.9,9999.9,9999.9,9999.9,1980.1,6557.1,9230.4,2348.2,9999.9,1264.4,7453.1,9999.9,9999.9,9999.9,9999.9,9999.9,9999.9,9999.9,3243.1,9999.9,4917.8,9999.9,9999.9,9999.9,9523.4,9999.9,9999.9,9999.9,9999.9,9999.9,9999.9,9999.9,7100.3,9999.9,1709.3,9999.9,7017.2,9999.9,9999.9,9022.2,9999.9,9999.9,9999.9,9999.9,9999.9,9999.9,922.3,654.9,1431.9,90.0,3234.3,526.7,2006.6,2376.1,3921.4,4958.4,1777.7,7894.4,5194.6,8450.3,1127.7,3068.9,6217.3,1233.2,6521.4,2696.5,4195.6,2771.2,4858.1,7692.0,3858.3,9999.9,5911.0,8218.8,73.5,684.1,496.2,1309.9,2708.6,817.9,1880.8,9301.9,9999.9,9999.9,9999.9,9999.9,9999.9,9999.9,1694.8,4579.9,3361.2,5882.1,2316.5,9999.9,6741.3,6153.6,9999.9,8888.5,9999.9,8510.3,9999.9,8888.5
20261002_奈良_1R,20261002,53,奈良,1,117.3,95.0,496.2,590.1,1160.0,,,100.0,48.0,403.9,780.0,1729.0,,,55.4,29.3,306.3,611.4,1185.4,,,798.4,550.6,657.2,1262.6,4378.4,,,1774.2,1569.1,1491.5,2088.1,6169.5,,,3270.6,3934.2,4051.6,5655.4,8483.1,,,,,,,,,,,,,,,,,301.2,272.2,901.8,1324.2,2154.4,,,253.7,297.0,994.3,1081.5,4051.6,,,241.0,294.7,1298.8,1228.3,5775.7,,,1696.6,1578.2,2120.7,1578.2,4308.9,,,2072.2,2950.6,2610.2,2154.4,8226.1,,,4847.5,6463.3,7984.1,8756.8,9999.9,,,,,,,,,,,,,,,,,54.0,29.9,195.8,267.7,1170.0,,,73.6,85.4,301.2,283.0,1911.7,,,4.0,19.1,51.5,61.3,567.9,,,125.2,172.9,112.5,99.4,1751.3,,,308.8,371.3,329.0,264.3,3120.2,,,2585.3,4308.9,1785.9,3231.6,5220.4,,,,,,,,,,,,,,,,,32.9,7.9,163.9,323.1,701.4,,,93.2,106.8,595.3,777.8,2072.2,,,2.8,24.3,93.0,125.9,380.1,,,312.0,480.4,247.9,523.0,1925.2,,,644.8,987.1,762.5,987.1,5322.7,,,2423.7,3823.4,1797.7,4176.3,6960.5,,,,,,,,,,,,,,,,,678.6,595.3,529.1,966.0,4601.0,,,901.8,758.2,1233.9,870.0,6313.0,,,288.1,377.0,224.7,204.7,2513.5,,,332.6,688.9,279.5,532.2,3878.0,,,256.0,257.7,252.9,298.3,754.0,,,7540.6,7756.0,5775.7,6786.5,2661.3,,,,,,,,,,,,,,,,,2010.8,2687.7,2467.8,2560.9,8483.1,,,1996.0,2798.5,2137.4,2025.8,9695.0,,,1686.0,1967.1,1377.9,1135.8,6169.5,,,1665.4,1952.9,1428.7,1377.9,7336.8,,,566.7,583.7,646.3,714.3,1729.0,,,9999.9,9999.9,9999.9,9360.7,3571.8,,,,,,,,,,,,,,,,,5655.4,6786.5,5429.2,8226.1,9999.9,,,6463.3,7143.7,9999.9,7143.7,9999.9,,,4601.0,7756.0,3084.7,6621.0,9360.7,,,4935.6,9999.9,3084.7,9999.9,9999.9,,,9048.7,9360.7,6621.0,9999.9,3878.0,,,9999.9,9999.9,9360.7,7984.1,3619.4,,,,,,,,,,,,,,,,,,,,,,,,,,,,,,,,,,,,,,,,,,,,,,,,,,,,,,,,,,,,,,,,,,,,,,,,,,,,,,,,,,,,,,,,,,,,,,,,,,,,,,,,,,,,,,,,,,,,,,,,,,,,,,,,
20261002_奈良_2R,20261002,53,奈良,2,17.9,2.6,20.9,140.9,50.8,,,144.2,284.5,297.8,301.5,278.3,,,37.4,202.0,164.0,840.3,467.8,,,118.4,289.1,202.1,759.4,597.0,,,924.4,905.6,1823.6,1531.8,2046.4,,,186.8,157.4,417.5,435.1,859.2,,,,,,,,,,,,,,,,,26.1,2.8,19.9,189.9,67.4,,,177.4,304.9,463.8,934.0,878.9,,,16.1,154.0,69.2,712.9,311.3,,,145.1,529.8,184.5,1654.8,1410.9,,,1039.0,2311.0,1752.1,2602.7,5827.8,,,262.5,1000.3,548.2,1381.8,3527.3,,,,,,,,,,,,,,,,,333.0,786.1,940.6,1080.9,896.5,,,300.2,542.6,1023.2,1367.7,1107.7,,,1107.7,967.8,2372.3,3574.4,3672.3,,,1418.4,1489.3,2529.0,1540.6,2161.9,,,1558.6,1567.7,2654.2,981.9,881.8,,,795.4,856.4,1811.3,1035.0,551.6,,,,,,,,,,,,,,,,,97.2,587.8,484.7,1914.8,1347.1,,,73.3,406.7,347.7,1523.1,663.5,,,985.5,876.0,2030.9,3942.3,3829.7,,,696.3,800.2,1605.2,3527.3,4061.8,,,6234.4,5827.8,6538.5,8647.7,9999.9,,,2978.6,2763.7,3885.2,6702.0,9999.9,,,,,,,,,,,,,,,,,369.7,964.3,617.6,2000.6,1558.6,,,371.3,1098.6,433.7,2763.7,1942.6,,,1586.2,1481.1,2110.8,1914.8,2505.4,,,812.3,817.3,1549.5,2945.9,2945.9,,,5471.0,4188.7,3481.5,4874.1,4787.1,,,2735.5,4622.0,2654.2,4622.0,4061.8,,,,,,,,,,,,,,,,,3942.3,4188.7,7884.7,8377.5,9928.9,,,3527.3,5155.3,4001.2,9999.9,9999.9,,,2271.8,2529.0,4874.1,2851.9,1367.7,,,8123.6,6538.5,9244.1,8936.0,9999.9,,,6873.8,9999.9,5585.0,9574.3,8123.6,,,9574.3,9999.9,1823.6,9999.9,7446.6,,,,,,,,,,,,,,,,,342.3,503.9,861.9,1374.7,1799.1,,,342.8,1019.3,668.5,2351.5,4255.2,,,632.2,696.3,1202.1,1007.8,416.9,,,2553.1,2459.4,3527.3,4787.1,9574.3,,,2628.2,4001.2,2144.6,4543.7,4964.4,,,4703.1,3672.3,1270.5,8123.6,3081.3,,,,,,,,,,,,,,,,,,,,,,,,,,,,,,,,,,,,,,,,,,,,,,,,,,,,,,,,,,,,,,,,,,,,,,,,,,,,,,,,,,,,,,,,,,,,,,,,,,,,,,,,,,,,,,,,,,,,,,,,,,,,,,,,
20261002_奈良_3R,20261002,53,奈良,3,11.2,19.8,3.3,60.2,59.1,,,26.5,5.3,24.2,99.9,38.6,,,85.2,31.1,121.9,387.2,121.8,,,23.5,81.5,144.3,56.9,107.0,,,346.8,363.3,683.6,177.0,364.9,,,105.7,77.4,90.5,77.6,187.8,,,,,,,,,,,,,,,,,45.6,63.2,15.3,193.8,149.5,,,173.2,433.0,300.6,1752.7,1438.9,,,434.7,652.5,836.3,3295.1,2226.4,,,85.9,300.3,622.9,467.4,644.8,,,1109.4,5230.4,4992.6,1390.3,4992.6,,,907.7,2679.0,3108.6,2211.5,5230.4,,,,,,,,,,,,,,,,,117.3,27.7,149.9,364.1,153.7,,,197.0,332.1,385.4,1181.0,784.5,,,75.8,226.6,347.2,905.2,265.9,,,536.6,836.3,1202.6,2534.7,2288.3,,,2046.6,5884.2,4335.7,4707.3,5781.0,,,562.3,2405.2,895.4,2554.3,4513.9,,,,,,,,,,,,,,,,,468.0,276.9,972.0,2241.6,972.0,,,660.3,842.7,1432.6,4513.9,3199.1,,,229.9,408.8,673.8,1539.7,574.0,,,1743.4,2554.3,1973.1,4845.8,4576.6,,,5069.4,7845.6,5585.0,8237.9,9999.9,,,1707.3,3138.2,1438.9,2496.3,5230.4,,,,,,,,,,,,,,,,,208.5,578.1,1032.9,707.1,1307.6,,,245.7,743.8,1350.4,1083.9,1781.1,,,779.0,1198.2,1949.8,5069.4,3831.5,,,1830.6,2679.0,2422.9,7011.0,5314.7,,,2125.9,2098.8,5991.2,5314.7,3168.4,,,3432.4,5230.4,4576.6,7011.0,5491.9,,,,,,,,,,,,,,,,,2353.6,3661.3,5401.9,2337.0,4845.8,,,2816.3,9985.3,5681.3,3468.6,9999.9,,,3543.1,8671.5,8905.8,9999.9,9999.9,,,9999.9,9999.9,9999.9,9999.9,9999.9,,,3744.5,3505.5,9691.6,9999.9,8037.0,,,7845.6,9999.9,8037.0,9153.2,7322.6,,,,,,,,,,,,,,,,,424.0,462.8,730.6,907.7,1599.5,,,1164.3,2657.3,3661.3,2387.8,6590.3,,,832.1,1851.2,780.8,2009.2,4641.0,,,1591.8,2574.3,1532.6,2615.2,3432.4,,,2256.9,3262.5,3079.5,4335.7,3138.2,,,3702.4,7163.4,6102.1,6102.1,3702.4,,,,,,,,,,,,,,,,,,,,,,,,,,,,,,,,,,,,,,,,,,,,,,,,,,,,,,,,,,,,,,,,,,,,,,,,,,,,,,,,,,,,,,,,,,,,,,,,,,,,,,,,,,,,,,,,,,,,,,,,,,,,,,,,
20261002_奈良_4R,20261002,53,奈良,4,23.0,75.9,36.5,197.4,426.4,,,18.0,43.9,29.2,100.8,209.7,,,100.6,91.7,157.9,400.1,351.9,,,60.3,68.3,185.5,160.5,660.5,,,483.3,462.0,815.0,426.9,1992.2,,,1091.4,851.9,863.6,1246.8,2164.0,,,,,,,,,,,,,,,,,39.1,89.8,44.7,204.6,492.8,,,69.4,172.7,102.8,400.5,808.0,,,117.4,160.5,53.8,180.5,257.2,,,27.1,48.2,35.2,30.0,208.9,,,424.5,660.5,552.9,181.6,1609.1,,,1034.4,1644.2,829.3,879.7,2151.6,,,,,,,,,,,,,,,,,18.9,49.8,18.6,72.3,264.0,,,86.4,224.5,150.9,568.7,943.7,,,119.2,266.4,347.0,996.1,646.9,,,83.5,128.6,374.2,259.1,1426.2,,,614.2,1226.5,1719.3,905.1,3803.4,,,1107.4,2254.7,1293.9,2614.8,3922.3,,,,,,,,,,,,,,,,,80.1,70.4,112.7,353.2,232.2,,,76.5,105.8,42.2,250.8,110.1,,,67.0,134.0,208.8,603.4,216.7,,,120.8,59.9,223.5,149.4,316.6,,,731.1,543.3,1130.7,506.7,1234.5,,,134.1,111.3,177.0,219.5,492.8,,,,,,,,,,,,,,,,,56.3,84.9,208.9,101.7,797.7,,,35.6,52.4,68.3,21.6,243.8,,,67.9,79.5,358.9,224.3,1230.5,,,181.8,97.4,317.4,233.0,643.6,,,85.9,41.6,163.8,226.4,507.4,,,1854.8,1104.2,2768.6,1630.0,1195.3,,,,,,,,,,,,,,,,,1004.1,1006.7,1568.9,823.9,4092.8,,,948.4,1001.4,1091.4,290.5,3361.9,,,996.1,1658.7,2413.7,1276.4,5229.7,,,1658.7,1255.1,2544.1,1203.0,2852.5,,,457.5,231.4,608.3,628.6,1588.7,,,5705.1,6073.2,6605.9,4378.3,4005.7,,,,,,,,,,,,,,,,,2368.1,2024.4,1369.2,3361.9,4591.9,,,2176.5,3423.1,1384.3,1961.1,5705.1,,,2068.9,3137.8,1673.5,4328.0,6492.0,,,644.7,797.7,1085.1,1097.7,1602.3,,,3728.1,2579.0,3691.5,2176.5,2091.8,,,5883.4,6605.9,7383.1,4005.7,4328.0,,,,,,,,,,,,,,,,,,,,,,,,,,,,,,,,,,,,,,,,,,,,,,,,,,,,,,,,,,,,,,,,,,,,,,,,,,,,,,,,,,,,,,,,,,,,,,,,,,,,,,,,,,,,,,,,,,,,,,,,,,,,,,,,
20261002_奈良_5R,20261002,53,奈良,5,17.3,41.9,66.4,36.5,12.0,,,52.2,86.5,375.2,171.3,273.0,,,211.5,224.6,690.0,563.6,676.9,,,458.1,918.3,1340.1,885.3,1300.3,,,136.4,268.0,454.9,622.4,484.6,,,137.2,500.6,741.9,610.8,596.9,,,,,,,,,,,,,,,,,15.4,30.1,33.9,18.5,5.1,,,61.4,108.8,376.6,230.1,141.4,,,206.8,276.6,630.3,410.8,433.4,,,261.2,754.7,843.6,465.7,492.4,,,54.6,220.6,258.1,211.5,98.1,,,26.2,190.3,206.4,131.6,90.9,,,,,,,,,,,,,,,,,43.8,57.2,331.3,210.5,321.6,,,49.6,54.1,266.2,217.4,92.6,,,43.5,37.8,41.5,101.6,115.3,,,935.8,797.5,351.7,1235.0,1575.9,,,318.7,252.5,198.0,481.0,1070.6,,,800.7,657.7,684.0,953.9,1470.1,,,,,,,,,,,,,,,,,533.1,466.8,1641.6,1179.6,1690.9,,,552.5,551.8,1628.0,812.3,920.5,,,304.7,286.1,276.0,457.5,707.3,,,2095.7,2213.4,1135.4,1676.5,4282.5,,,1427.5,1053.4,812.3,1326.5,2592.0,,,3283.2,2575.1,2525.5,5116.7,4061.7,,,,,,,,,,,,,,,,,901.5,1876.1,2251.3,1758.8,2774.5,,,802.4,2073.6,2041.4,1056.2,1503.7,,,1940.8,1876.1,1304.6,2331.3,2814.2,,,2609.2,2680.2,1894.1,2095.7,4329.5,,,914.1,662.1,1349.2,1020.7,963.3,,,4282.5,2984.7,5184.1,5397.1,2834.4,,,,,,,,,,,,,,,,,65.3,203.0,314.4,311.7,290.3,,,37.8,144.6,144.9,94.9,63.1,,,237.0,144.2,97.3,277.2,522.5,,,445.1,338.4,337.0,415.6,672.3,,,163.2,110.2,259.8,264.6,195.3,,,518.4,364.1,965.6,858.3,567.7,,,,,,,,,,,,,,,,,227.2,1042.3,1353.9,1669.4,1235.0,,,154.8,648.0,729.6,747.6,491.8,,,1735.6,1340.1,2290.6,3486.6,3151.9,,,2736.0,2164.7,2626.6,4528.6,3900.9,,,3396.4,2304.0,4581.3,4864.1,2558.3,,,1588.6,958.6,2774.5,3078.0,2141.2,,,,,,,,,,,,,,,,,,,,,,,,,,,,,,,,,,,,,,,,,,,,,,,,,,,,,,,,,,,,,,,,,,,,,,,,,,,,,,,,,,,,,,,,,,,,,,,,,,,,,,,,,,,,,,,,,,,,,,,,,,,,,,,,
20261002_奈良_6R,20261002,53,奈良,6,10.5,25.5,52.2,22.6,18.7,,,34.0,15.8,109.7,22.8,194.6,,,72.0,43.9,99.3,78.3,217.2,,,285.6,401.3,380.0,556.7,501.7,,,29.5,31.1,51.0,144.4,148.4,,,136.3,349.8,331.3,516.5,387.0,,,,,,,,,,,,,,,,,83.3,128.0,293.5,145.1,153.1,,,220.0,215.6,902.9,451.9,1040.5,,,355.8,293.1,1081.7,735.7,1156.1,,,1252.2,1649.1,1741.1,2714.4,2819.5,,,323.4,560.2,691.4,1950.9,1851.7,,,447.7,1165.3,1129.2,1968.5,1959.7,,,,,,,,,,,,,,,,,74.3,42.4,193.5,62.7,359.0,,,126.0,119.1,438.3,224.3,665.1,,,27.2,52.5,29.7,23.4,177.0,,,449.6,738.2,214.4,467.9,858.5,,,66.9,107.1,25.9,129.8,350.7,,,956.2,1538.8,835.6,1741.1,1308.4,,,,,,,,,,,,,,,,,163.9,119.1,226.3,180.8,569.0,,,305.6,242.9,581.1,580.3,809.3,,,56.2,90.3,41.1,53.4,223.3,,,341.6,472.4,196.5,371.3,349.3,,,260.5,489.3,127.8,219.4,697.0,,,1432.8,1687.3,1025.8,993.2,1762.1,,,,,,,,,,,,,,,,,1512.1,1300.6,1369.9,1968.5,1900.0,,,1762.1,2142.2,2218.3,3361.7,2952.8,,,1461.6,2229.7,709.4,1805.8,3800.1,,,1114.8,1409.7,639.8,1171.6,2061.4,,,2427.9,3524.3,1843.9,1875.6,3261.3,,,3441.1,4414.3,4600.2,2714.4,4802.4,,,,,,,,,,,,,,,,,43.6,66.4,100.3,245.2,300.7,,,180.5,375.7,461.4,1071.1,765.3,,,57.4,134.0,31.2,157.9,404.2,,,187.9,349.3,95.1,231.7,712.9,,,990.9,1734.2,823.0,719.9,1748.0,,,1055.6,1630.6,1300.6,1312.3,1560.7,,,,,,,,,,,,,,,,,592.9,1512.1,1486.4,1720.5,1776.5,,,760.0,1968.5,1942.3,1791.0,2856.3,,,1859.6,2765.9,1572.0,3144.0,2664.7,,,2388.1,3414.2,1734.2,2362.2,3441.1,,,3582.1,3361.7,4284.5,4084.3,5141.4,,,1481.4,2375.1,1916.7,2648.6,2540.8,,,,,,,,,,,,,,,,,,,,,,,,,,,,,,,,,,,,,,,,,,,,,,,,,,,,,,,,,,,,,,,,,,,,,,,,,,,,,,,,,,,,,,,,,,,,,,,,,,,,,,,,,,,,,,,,,,,,,,,,,,,,,,,,
20261002_奈良_7R,20261002,53,奈良,7,5.4,5.7,10.8,58.6,7.9,,,14.4,31.0,17.3,140.1,56.6,,,23.0,47.4,69.7,67.2,107.6,,,60.8,39.9,87.9,238.7,79.1,,,350.4,538.6,323.7,654.1,511.3,,,75.5,95.3,178.3,110.3,386.6,,,,,,,,,,,,,,,,,39.7,44.8,64.2,163.5,100.5,,,166.1,471.9,425.7,1464.3,1157.6,,,186.2,578.8,773.7,680.2,1381.9,,,349.0,628.6,914.4,1503.8,1420.3,,,932.4,3022.5,1229.5,2894.1,3630.5,,,478.2,1947.8,2152.8,1992.1,3162.7,,,,,,,,,,,,,,,,,44.8,129.3,51.5,407.9,204.9,,,135.7,505.4,309.8,1259.8,951.2,,,305.4,608.0,543.9,925.4,1460.8,,,113.5,226.8,331.4,809.4,459.6,,,1627.5,3212.4,2018.3,2840.6,4320.9,,,823.5,2255.7,2280.9,1357.4,4010.2,,,,,,,,,,,,,,,,,92.0,202.1,312.0,216.9,485.0,,,215.8,671.3,921.2,648.5,1254.7,,,364.5,700.4,645.1,1027.7,1748.0,,,742.8,1207.8,907.6,1345.5,1972.8,,,353.4,505.4,925.4,1015.8,573.4,,,1291.7,2168.0,2567.2,2464.1,1748.0,,,,,,,,,,,,,,,,,400.7,351.4,636.4,1763.1,682.5,,,656.9,856.9,1815.2,2494.1,2332.9,,,294.1,569.1,713.4,1627.5,999.2,,,1065.2,1713.8,1155.4,1809.9,2545.9,,,4117.9,3352.8,4202.5,3447.0,3883.3,,,1417.0,2921.7,1972.8,3466.4,4202.5,,,,,,,,,,,,,,,,,1743.0,3007.6,1636.1,4793.5,4173.9,,,1985.6,5429.8,1699.6,5843.5,7218.4,,,3098.8,5335.3,2702.9,7218.4,9439.5,,,1308.2,1297.1,2123.0,2788.9,1899.5,,,5843.5,6458.6,6597.5,5527.6,6597.5,,,5734.2,8291.4,8641.8,4145.7,7218.4,,,,,,,,,,,,,,,,,370.5,694.8,955.7,898.3,1893.7,,,616.6,2359.8,2776.3,2332.9,3984.2,,,1166.4,2396.7,2894.1,2045.2,5289.3,,,1561.2,2763.8,2776.3,2880.6,2454.2,,,1426.9,2444.5,1820.6,2935.7,3652.2,,,3764.2,5156.0,6074.9,3162.7,4382.6,,,,,,,,,,,,,,,,,,,,,,,,,,,,,,,,,,,,,,,,,,,,,,,,,,,,,,,,,,,,,,,,,,,,,,,,,,,,,,,,,,,,,,,,,,,,,,,,,,,,,,,,,,,,,,,,,,,,,,,,,,,,,,,,
20261002_久留米_1R,20261002,83,久留米,1,1314.0,1181.6,1088.8,1451.7,1065.9,,,1555.4,1259.7,1494.4,2146.9,379.1,,,1291.7,977.1,871.0,1361.0,806.5,,,1929.5,2458.5,1587.8,2088.1,1656.8,,,1096.6,1451.7,1438.0,935.1,1200.2,,,983.4,200.5,597.7,923.8,1029.9,,,,,,,,,,,,,,,,,344.0,341.7,363.8,380.1,298.8,,,127.9,141.6,133.3,105.9,66.7,,,212.8,201.0,164.0,160.9,263.7,,,283.3,206.2,196.6,63.6,348.0,,,70.0,47.5,53.9,13.6,49.9,,,102.1,102.0,266.0,328.5,137.8,,,,,,,,,,,,,,,,,702.4,523.8,798.0,842.1,214.0,,,314.9,264.1,410.8,181.9,106.9,,,501.4,624.7,1002.8,617.1,414.2,,,856.3,946.7,1029.9,456.3,573.0,,,501.4,139.7,163.2,104.6,111.0,,,48.4,115.6,111.1,159.9,66.3,,,,,,,,,,,,,,,,,554.2,503.0,477.8,617.1,439.2,,,318.8,298.3,261.4,226.4,400.0,,,363.8,418.7,570.9,600.1,302.4,,,453.6,570.9,1044.0,332.0,765.9,,,292.0,163.7,312.3,145.7,318.2,,,264.1,668.5,325.7,719.0,538.6,,,,,,,,,,,,,,,,,1772.4,2381.7,1621.6,2117.1,1732.1,,,912.7,846.8,719.0,118.9,677.4,,,2177.6,1587.8,2059.8,1181.6,1881.8,,,1154.7,977.1,1509.2,354.4,1314.0,,,540.5,77.7,392.8,178.9,257.0,,,1172.5,958.6,1424.6,1752.0,602.4,,,,,,,,,,,,,,,,,228.8,384.9,315.5,218.0,344.8,,,55.5,34.6,40.8,8.4,33.0,,,285.9,84.5,104.9,77.1,105.5,,,242.7,96.7,202.9,69.6,238.5,,,82.5,13.4,62.7,29.8,55.3,,,191.7,130.7,187.0,241.1,128.4,,,,,,,,,,,,,,,,,259.2,44.1,97.7,207.9,186.5,,,226.8,224.4,466.1,440.5,202.9,,,22.4,118.6,56.2,117.5,47.4,,,201.3,648.6,226.1,648.6,396.9,,,436.7,648.6,699.2,856.3,313.6,,,242.7,186.3,181.6,278.6,232.3,,,,,,,,,,,,,,,,,,,,,,,,,,,,,,,,,,,,,,,,,,,,,,,,,,,,,,,,,,,,,,,,,,,,,,,,,,,,,,,,,,,,,,,,,,,,,,,,,,,,,,,,,,,,,,,,,,,,,,,,,,,,,,,,
20261002_久留米_2R,20261002,83,久留米,2,904.1,308.7,425.2,1443.4,814.6,,,721.7,384.4,360.8,543.0,335.8,,,139.6,195.2,106.6,666.2,140.6,,,183.4,171.2,97.8,398.4,165.0,,,2654.1,1406.4,1828.4,1714.1,1732.1,,,632.9,281.7,238.1,319.5,600.5,,,,,,,,,,,,,,,,,1275.6,350.8,650.4,1891.4,1097.0,,,1150.7,527.4,1246.6,1183.8,979.5,,,83.8,118.9,101.8,323.2,87.6,,,548.5,1201.1,286.6,2789.1,1509.7,,,2837.2,2991.9,1848.9,5674.4,3501.2,,,1119.4,914.2,410.3,1645.5,2254.2,,,,,,,,,,,,,,,,,481.1,379.1,325.8,237.8,150.2,,,655.6,389.0,1061.6,682.8,362.4,,,237.8,198.0,360.0,251.6,98.3,,,295.9,909.1,569.4,594.0,298.6,,,277.5,492.6,431.9,609.4,120.8,,,54.0,107.7,58.8,119.9,37.2,,,,,,,,,,,,,,,,,46.4,66.4,20.1,247.8,44.7,,,12.2,20.9,13.3,109.6,14.2,,,85.1,76.8,133.5,160.2,20.8,,,31.7,62.8,114.6,424.1,84.5,,,1009.5,787.3,565.4,1696.4,822.7,,,20.7,40.8,14.0,62.6,173.5,,,,,,,,,,,,,,,,,114.3,98.8,63.2,157.3,72.7,,,346.4,706.2,240.2,2006.8,1061.6,,,230.7,585.6,292.8,408.3,325.2,,,96.4,120.2,256.3,700.2,248.9,,,1750.6,3164.5,1769.4,2456.0,2938.5,,,209.8,709.3,277.9,415.5,1175.4,,,,,,,,,,,,,,,,,5674.4,3428.2,3501.2,4571.0,3577.3,,,7154.7,3104.8,2456.0,6856.5,5674.4,,,1913.4,2223.7,1218.9,2194.1,691.4,,,3047.3,2654.1,1696.4,4330.4,2612.0,,,4571.0,7836.1,2886.9,5142.4,6329.1,,,3291.1,5674.4,810.6,2742.6,6329.1,,,,,,,,,,,,,,,,,459.6,189.1,184.6,285.6,436.4,,,577.3,471.5,291.2,1158.8,1418.6,,,70.1,154.9,69.7,154.9,59.1,,,94.2,87.2,77.8,198.2,445.9,,,231.4,1111.8,357.7,458.3,1597.6,,,1127.1,2194.1,483.9,1443.4,2571.2,,,,,,,,,,,,,,,,,,,,,,,,,,,,,,,,,,,,,,,,,,,,,,,,,,,,,,,,,,,,,,,,,,,,,,,,,,,,,,,,,,,,,,,,,,,,,,,,,,,,,,,,,,,,,,,,,,,,,,,,,,,,,,,,
20261002_久留米_3R,20261002,83,久留米,3,1207.2,1946.7,2182.7,2298.8,844.1,,,745.1,652.8,639.3,1059.2,282.4,,,834.3,437.4,564.2,474.9,93.8,,,1964.4,648.9,900.3,1155.5,335.0,,,2077.8,1161.7,854.1,1394.1,404.6,,,94.5,28.1,9.6,58.4,69.1,,,,,,,,,,,,,,,,,1912.3,2603.5,4001.7,2881.2,1227.8,,,1005.0,2542.2,552.6,973.3,771.7,,,4410.0,5402.3,8311.3,5686.6,4077.2,,,4597.7,915.6,8003.5,3274.1,2960.1,,,3430.0,1800.7,5540.8,4001.7,3542.5,,,1000.4,720.3,2274.6,1470.0,1688.2,,,,,,,,,,,,,,,,,1220.8,969.0,774.5,1800.7,441.0,,,656.8,2205.0,377.7,1014.5,596.9,,,1964.4,5540.8,3791.1,6752.9,1815.9,,,509.6,281.7,1946.7,1014.5,341.3,,,1946.7,1785.9,3928.9,1756.8,1771.2,,,301.8,487.7,904.1,327.4,1069.7,,,,,,,,,,,,,,,,,4077.2,1624.7,3177.8,2770.4,255.7,,,5686.6,6355.7,8643.7,9395.4,5402.3,,,2118.5,5840.3,6548.3,6970.7,1982.5,,,5025.4,9822.4,7451.5,8311.3,5686.6,,,3662.6,7451.5,6970.7,6355.7,5025.4,,,278.4,3725.7,1815.9,2667.8,3225.2,,,,,,,,,,,,,,,,,2323.5,794.4,1263.7,2374.6,436.5,,,2572.5,771.7,5686.6,3324.5,1637.0,,,565.6,273.5,1649.5,722.7,178.1,,,2374.6,6355.7,4410.0,6970.7,3662.6,,,3485.3,2960.1,1715.0,2960.1,1532.5,,,278.8,385.8,132.8,986.7,494.4,,,,,,,,,,,,,,,,,2455.6,1879.0,1715.0,2250.9,633.7,,,3791.1,2323.5,4410.0,4597.7,4410.0,,,2274.6,2250.9,3858.8,2455.6,2019.5,,,2806.4,5540.8,5025.4,6174.1,3274.1,,,3177.8,4697.7,2701.1,6970.7,2428.0,,,503.7,2374.6,1286.2,1637.0,1500.6,,,,,,,,,,,,,,,,,31.0,5.5,2.8,14.5,28.5,,,163.3,62.6,459.7,133.1,240.3,,,47.4,31.9,160.9,20.3,111.9,,,61.8,701.6,306.5,439.2,322.5,,,61.0,79.9,12.9,147.3,123.3,,,159.1,397.2,164.0,373.8,206.7,,,,,,,,,,,,,,,,,,,,,,,,,,,,,,,,,,,,,,,,,,,,,,,,,,,,,,,,,,,,,,,,,,,,,,,,,,,,,,,,,,,,,,,,,,,,,,,,,,,,,,,,,,,,,,,,,,,,,,,,,,,,,,,,
20261002_久留米_4R,20261002,83,久留米,4,12.8,98.4,97.5,9.7,9.5,,,59.1,133.0,576.7,298.4,36.5,,,639.0,596.1,1763.1,1679.7,731.1,,,527.8,1150.9,1763.1,737.6,1161.6,,,30.8,203.7,670.0,205.4,170.6,,,23.7,12.2,159.5,426.4,137.7,,,,,,,,,,,,,,,,,9.7,79.6,80.5,11.6,6.1,,,75.0,279.3,433.0,220.9,153.2,,,601.9,789.2,2219.6,1161.6,1172.6,,,439.9,924.1,1614.2,250.3,884.6,,,14.0,78.7,297.0,39.6,66.9,,,38.8,87.6,369.3,511.5,172.1,,,,,,,,,,,,,,,,,355.1,851.3,1702.7,1268.3,300.6,,,389.6,1763.1,1897.7,974.8,839.8,,,1288.0,2536.7,3551.4,3655.8,1281.4,,,4075.3,4213.5,4874.4,4780.7,3946.0,,,2219.6,1775.7,3884.3,2857.4,2959.5,,,380.7,872.2,796.7,2437.2,1841.4,,,,,,,,,,,,,,,,,1973.0,2199.9,4971.9,4361.3,2089.0,,,2239.6,3766.6,6542.0,4143.3,4519.9,,,2143.0,3710.4,4286.1,4361.3,1841.4,,,7533.2,8019.3,9207.3,8019.3,7533.2,,,7533.2,4780.7,7102.8,7311.7,8878.5,,,2239.6,5289.3,2301.8,6214.9,8572.3,,,,,,,,,,,,,,,,,2824.9,4361.3,7533.2,3314.6,5404.3,,,2219.6,3501.3,5649.9,561.1,3766.6,,,4971.9,5179.1,6214.9,5404.3,4971.9,,,7102.8,8019.3,8019.3,7768.7,6718.8,,,2824.9,527.8,3228.5,4143.3,2616.8,,,6063.3,5073.4,4971.9,8019.3,4075.3,,,,,,,,,,,,,,,,,120.1,558.6,1726.3,708.2,447.9,,,59.4,159.1,652.4,89.5,178.7,,,1308.4,494.2,1750.6,618.4,659.4,,,5179.1,2959.5,3946.0,4519.9,5289.3,,,1014.6,245.8,542.7,2199.9,535.7,,,729.0,430.8,549.9,2323.3,554.9,,,,,,,,,,,,,,,,,137.3,107.8,479.9,1603.8,431.5,,,183.7,407.5,1453.7,1897.7,630.9,,,231.9,568.8,552.4,2037.6,866.1,,,1381.1,2793.2,1343.7,4690.5,4213.5,,,3710.4,3766.6,2890.6,5781.3,3452.7,,,978.7,927.6,1156.2,3452.7,1714.4,,,,,,,,,,,,,,,,,,,,,,,,,,,,,,,,,,,,,,,,,,,,,,,,,,,,,,,,,,,,,,,,,,,,,,,,,,,,,,,,,,,,,,,,,,,,,,,,,,,,,,,,,,,,,,,,,,,,,,,,,,,,,,,,
20261002_久留米_5R,20261002,83,久留米,5,3917.4,6458.4,5689.5,3144.2,4425.2,,,7708.4,9999.9,9999.9,7965.4,9190.8,,,9999.9,9999.9,9999.9,9999.9,9999.9,,,9999.9,9999.9,9999.9,9999.9,9999.9,,,5557.2,3620.6,5828.3,9999.9,9999.9,,,9190.8,9190.8,9999.9,9999.9,9999.9,,,,,,,,,,,,,,,,,775.8,1012.5,1305.8,560.9,1405.6,,,230.4,11.4,34.5,6.0,78.3,,,318.6,14.4,53.1,8.4,112.8,,,783.4,52.0,76.6,41.2,377.5,,,135.6,4.2,5.2,24.9,54.6,,,1320.2,232.9,282.7,428.2,175.9,,,,,,,,,,,,,,,,,5828.3,9999.9,7708.4,7028.2,9999.9,,,868.9,88.1,221.2,61.1,518.3,,,2811.3,281.1,1106.3,410.5,2233.2,,,8534.3,1194.8,2625.9,2342.7,4344.7,,,1896.5,145.4,364.8,894.9,1744.2,,,9558.4,3103.4,5557.2,8240.0,6458.4,,,,,,,,,,,,,,,,,5557.2,9999.9,9999.9,6458.4,8850.4,,,1810.3,195.2,480.8,148.7,1121.8,,,6458.4,478.8,2914.1,812.7,3917.4,,,8850.4,1974.8,3566.5,3917.4,5430.9,,,4876.7,302.8,673.1,2746.6,3566.5,,,9999.9,5310.2,9999.9,9999.9,9999.9,,,,,,,,,,,,,,,,,9956.7,9999.9,9999.9,8534.3,9999.9,,,5557.2,304.0,403.6,237.7,1719.1,,,9999.9,801.8,2914.1,1757.0,9190.8,,,9999.9,1244.5,3229.2,2844.7,9999.9,,,6288.4,412.0,1522.0,2212.6,6288.4,,,9999.9,8534.3,9999.9,9999.9,9999.9,,,,,,,,,,,,,,,,,2060.0,5194.8,4876.7,7467.5,6288.4,,,360.4,27.0,34.8,92.5,209.6,,,1430.9,81.0,210.1,555.7,1071.5,,,1796.7,123.8,245.5,669.3,1312.9,,,4508.7,294.6,821.1,1160.0,2077.9,,,7965.4,1365.4,4685.5,4779.2,6127.2,,,,,,,,,,,,,,,,,4685.5,5828.3,9999.9,5194.8,9999.9,,,4779.2,3063.6,4978.3,5310.2,2413.7,,,9999.9,5557.2,7028.2,9999.9,8240.0,,,9999.9,7028.2,9999.9,7965.4,9999.9,,,9999.9,9999.9,9999.9,9999.9,9999.9,,,9999.9,3620.6,7965.4,9999.9,9999.9,,,,,,,,,,,,,,,,,,,,,,,,,,,,,,,,,,,,,,,,,,,,,,,,,,,,,,,,,,,,,,,,,,,,,,,,,,,,,,,,,,,,,,,,,,,,,,,,,,,,,,,,,,,,,,,,,,,,,,,,,,,,,,,,
20261002_久留米_6R,20261002,83,久留米,6,9999.9,1307.9,9999.9,9999.9,6433.1,,,9850.7,9999.9,9999.9,9999.9,9999.9,,,827.3,6567.1,5628.9,3152.2,2204.3,,,9999.9,9999.9,9006.3,9999.9,9999.9,,,9999.9,7688.3,5167.5,9999.9,9999.9,,,9271.2,9999.9,4503.1,9999.9,6706.8,,,,,,,,,,,,,,,,,5434.8,796.0,6433.1,3060.4,2300.9,,,8082.6,2300.9,9999.9,6433.1,7004.9,,,200.2,442.7,568.9,134.9,94.2,,,9999.9,9999.9,3582.0,7880.5,9850.7,,,2891.9,2973.8,501.9,3990.1,585.9,,,1843.4,3463.9,400.5,3940.2,677.9,,,,,,,,,,,,,,,,,9999.9,9999.9,9999.9,9999.9,9999.9,,,9999.9,4635.6,9999.9,4776.1,9999.9,,,8295.3,4704.8,9999.9,9999.9,6852.6,,,9999.9,9999.9,9999.9,9999.9,9999.9,,,9999.9,9999.9,9999.9,9999.9,9999.9,,,9999.9,9999.9,8295.3,9999.9,9999.9,,,,,,,,,,,,,,,,,15.3,205.8,207.7,43.0,38.1,,,6.6,39.0,92.0,5.0,3.1,,,441.4,210.5,880.5,410.4,383.4,,,405.6,366.9,1109.9,607.3,526.2,,,41.8,8.7,144.1,220.2,21.9,,,33.0,7.6,130.6,202.0,20.5,,,,,,,,,,,,,,,,,9999.9,9999.9,9999.9,9999.9,9999.9,,,9999.9,9999.9,6433.1,9999.9,6433.1,,,9999.9,9999.9,9999.9,9999.9,9999.9,,,8756.2,6852.6,9999.9,9999.9,9999.9,,,9999.9,9999.9,9999.9,9999.9,9999.9,,,9999.9,9999.9,9999.9,9999.9,9999.9,,,,,,,,,,,,,,,,,9850.7,9999.9,4925.3,9999.9,9999.9,,,6852.6,5530.2,916.3,9999.9,2007.7,,,9999.9,9999.9,9999.9,9999.9,9999.9,,,2115.5,580.5,4776.1,6304.4,1036.9,,,9999.9,9999.9,9999.9,9999.9,9999.9,,,8756.2,2424.7,9999.9,1537.6,9999.9,,,,,,,,,,,,,,,,,6567.1,9999.9,3353.4,9999.9,9999.9,,,4439.7,7004.9,590.3,9999.9,2284.2,,,9999.9,9999.9,5167.5,9999.9,9999.9,,,1600.1,471.8,3623.2,4635.6,916.3,,,9999.9,9999.9,9999.9,8295.3,9999.9,,,9850.7,1865.2,9999.9,1560.5,9999.9,,,,,,,,,,,,,,,,,,,,,,,,,,,,,,,,,,,,,,,,,,,,,,,,,,,,,,,,,,,,,,,,,,,,,,,,,,,,,,,,,,,,,,,,,,,,,,,,,,,,,,,,,,,,,,,,,,,,,,,,,,,,,,,,
20261002_久留米_7R,20261002,83,久留米,7,133.3,58.6,106.5,263.6,191.7,,,81.5,39.6,65.3,170.8,34.8,,,13.5,14.3,17.5,6.8,21.4,,,95.1,105.7,71.3,283.5,162.0,,,297.4,326.0,62.0,369.0,565.1,,,131.1,68.1,88.0,144.9,335.5,,,,,,,,,,,,,,,,,851.6,363.5,524.9,1092.2,1059.0,,,1281.9,2364.8,1522.3,4059.6,1399.8,,,407.3,1948.6,1032.1,768.3,1551.4,,,605.9,1171.0,926.1,1541.6,1127.6,,,1996.5,5182.4,1467.3,2676.6,5799.4,,,1503.5,1117.3,1845.2,1512.8,3690.5,,,,,,,,,,,,,,,,,269.7,88.9,219.0,496.0,93.2,,,722.7,1092.2,1014.9,2155.5,639.3,,,115.2,469.3,374.1,457.8,179.6,,,442.8,676.6,548.5,1679.8,472.0,,,1571.4,3044.7,1383.9,3163.3,2214.3,,,87.1,121.0,78.1,126.0,548.5,,,,,,,,,,,,,,,,,21.0,29.3,24.6,6.8,38.5,,,133.4,803.8,407.3,283.2,672.8,,,103.4,487.1,394.1,367.3,199.9,,,136.3,344.5,437.3,345.4,631.0,,,40.9,197.3,395.4,254.5,448.5,,,169.5,426.5,331.3,549.8,690.0,,,,,,,,,,,,,,,,,367.3,433.4,215.3,879.3,511.7,,,464.8,848.6,610.4,1217.8,775.7,,,637.6,768.3,770.8,1656.9,678.4,,,240.2,490.0,667.3,710.1,839.9,,,1703.3,1948.6,3530.0,1503.5,2297.8,,,814.6,716.4,718.5,908.8,1602.4,,,,,,,,,,,,,,,,,669.1,1449.8,127.9,1262.0,1791.0,,,2364.8,3805.8,1592.0,3291.5,4595.7,,,2619.1,3805.8,1933.1,5412.8,3866.2,,,134.9,814.6,1316.6,1049.8,1623.8,,,2485.4,3530.0,5074.5,2194.3,3866.2,,,3044.7,4199.5,3690.5,2865.6,3866.2,,,,,,,,,,,,,,,,,335.0,197.2,233.5,431.8,733.6,,,588.3,291.7,661.8,389.1,2155.5,,,123.3,100.5,159.0,140.7,729.2,,,242.3,571.7,325.2,682.2,1194.0,,,581.3,437.3,355.5,783.2,2342.0,,,2563.9,3928.6,2342.0,1933.1,2865.6,,,,,,,,,,,,,,,,,,,,,,,,,,,,,,,,,,,,,,,,,,,,,,,,,,,,,,,,,,,,,,,,,,,,,,,,,,,,,,,,,,,,,,,,,,,,,,,,,,,,,,,,,,,,,,,,,,,,,,,,,,,,,,,,
20261002_久留米_8R,20261002,83,久留米,8,725.8,388.9,234.5,525.5,163.5,,,949.0,1409.8,266.8,2345.9,353.7,,,801.2,1821.4,694.9,1629.1,796.8,,,94.6,44.4,200.8,325.8,11.3,,,585.3,1879.8,1247.8,720.5,467.7,,,37.4,75.0,156.3,5.2,132.0,,,,,,,,,,,,,,,,,905.0,479.1,370.7,742.4,375.9,,,1620.1,1458.9,1611.2,1942.0,2403.6,,,295.9,671.0,405.6,237.4,498.7,,,563.9,1062.4,814.5,1326.9,718.7,,,587.6,1159.0,236.6,775.7,505.6,,,301.3,1098.3,455.3,567.2,468.4,,,,,,,,,,,,,,,,,2291.0,2903.4,706.6,3909.9,1032.5,,,3153.2,3222.5,2690.3,4729.8,3576.2,,,4017.1,3712.0,3332.3,7717.0,4312.4,,,619.9,1695.0,2050.6,3258.3,922.1,,,5430.5,5984.6,8145.8,5056.0,4729.8,,,1136.6,3962.8,4072.9,1086.1,4654.7,,,,,,,,,,,,,,,,,1226.9,3023.1,1675.7,2595.1,1777.2,,,507.3,997.4,596.0,414.7,872.7,,,3858.5,2464.2,3712.0,4729.8,4249.9,,,1832.8,1551.5,2715.2,3332.3,1810.1,,,3153.2,755.7,4970.3,3332.3,2364.9,,,1172.9,1363.9,3808.4,1879.8,1568.1,,,,,,,,,,,,,,,,,187.9,71.8,397.8,532.2,21.8,,,570.5,1119.2,967.8,1232.1,607.1,,,245.8,593.6,694.9,1451.7,325.1,,,1206.7,1376.7,1942.0,2715.2,1444.5,,,1451.7,1149.9,2874.9,2962.1,1196.9,,,57.9,314.6,262.5,677.2,821.4,,,,,,,,,,,,,,,,,696.5,3258.3,2874.9,830.7,604.6,,,365.1,1576.6,156.5,559.6,238.0,,,4443.1,3491.0,5749.9,4970.3,4376.8,,,3533.1,781.9,5144.7,2992.3,2443.7,,,1451.7,1253.2,3086.8,3620.3,1221.8,,,461.0,194.7,2403.6,939.9,845.0,,,,,,,,,,,,,,,,,20.5,59.2,77.1,2.8,77.4,,,78.0,273.5,37.3,81.3,43.8,,,298.6,784.0,916.4,275.0,1274.9,,,324.3,164.8,701.5,329.1,353.3,,,16.6,110.3,89.2,218.5,162.1,,,217.7,42.2,561.7,151.2,167.4,,,,,,,,,,,,,,,,,,,,,,,,,,,,,,,,,,,,,,,,,,,,,,,,,,,,,,,,,,,,,,,,,,,,,,,,,,,,,,,,,,,,,,,,,,,,,,,,,,,,,,,,,,,,,,,,,,,,,,,,,,,,,,,,
20261002_久留米_9R,20261002,83,久留米,9,85.4,83.3,18.0,181.0,86.5,,,125.7,109.5,59.8,294.4,66.4,,,82.7,68.0,23.5,41.8,65.6,,,10.3,27.5,14.9,65.5,25.3,,,297.9,376.7,124.3,163.7,441.4,,,95.2,43.8,102.4,27.2,326.9,,,,,,,,,,,,,,,,,343.9,253.1,59.1,494.8,227.1,,,790.6,1881.5,551.4,2045.6,1120.5,,,623.8,1891.6,373.9,866.6,1651.8,,,48.1,136.6,107.4,321.0,77.9,,,1138.6,2393.5,1288.8,948.3,3141.4,,,662.6,719.5,1691.5,265.1,2199.0,,,,,,,,,,,,,,,,,476.1,462.9,252.7,1056.5,291.0,,,703.6,1922.6,616.1,1965.6,1102.9,,,689.8,2158.5,916.2,1667.5,796.0,,,368.8,561.1,737.6,1523.1,290.3,,,1881.5,2837.4,2057.5,2057.5,2606.2,,,254.0,624.9,478.7,173.1,1221.6,,,,,,,,,,,,,,,,,232.7,138.7,52.4,83.4,155.1,,,518.1,1369.0,233.9,766.5,1303.1,,,555.8,1613.9,416.8,888.5,489.3,,,94.8,124.4,246.5,184.3,142.8,,,94.4,359.0,266.3,89.7,232.8,,,314.7,823.9,308.6,193.2,602.4,,,,,,,,,,,,,,,,,22.5,68.5,42.8,151.7,69.3,,,24.7,77.5,65.2,167.5,62.4,,,197.6,252.0,354.6,773.2,195.5,,,83.5,105.1,224.8,186.5,183.3,,,380.7,447.6,729.9,416.8,1037.8,,,102.5,103.8,110.6,210.3,649.1,,,,,,,,,,,,,,,,,785.3,1120.5,356.8,569.3,1453.9,,,1127.7,2956.6,1157.3,1025.7,3383.1,,,2069.6,3288.2,1529.7,2212.8,4044.2,,,298.1,713.6,733.0,428.5,991.1,,,758.2,991.1,1707.9,750.2,1484.5,,,2531.2,5026.3,5251.4,2907.8,3198.6,,,,,,,,,,,,,,,,,412.9,133.1,394.0,103.9,1307.9,,,751.8,725.4,2106.8,241.8,3866.4,,,144.8,401.1,284.4,96.4,1153.5,,,557.6,1823.0,442.0,307.8,1261.0,,,119.8,165.3,129.5,287.6,1120.5,,,2860.5,4629.5,3198.6,3198.6,2284.7,,,,,,,,,,,,,,,,,,,,,,,,,,,,,,,,,,,,,,,,,,,,,,,,,,,,,,,,,,,,,,,,,,,,,,,,,,,,,,,,,,,,,,,,,,,,,,,,,,,,,,,,,,,,,,,,,,,,,,,,,,,,,,,,
20261002_久留米_10R,20261002,83,久留米,10,302.6,783.3,113.4,1221.3,324.8,,,367.5,1397.3,98.9,624.1,840.7,,,2315.0,3649.6,1650.1,3335.7,2872.4,,,50.2,19.4,320.1,264.9,163.6,,,2350.1,1348.7,2846.0,1128.0,4924.1,,,683.3,1115.9,1331.4,783.3,3607.2,,,,,,,,,,,,,,,,,266.2,621.6,94.4,978.6,301.7,,,310.2,1231.0,170.7,997.4,619.2,,,1742.8,2297.9,1221.3,2215.8,864.1,,,38.7,42.0,391.2,487.7,156.5,,,2154.3,2846.0,2846.0,1824.8,4136.2,,,352.1,454.2,217.6,192.5,1551.1,,,,,,,,,,,,,,,,,398.7,888.8,72.2,443.8,713.1,,,481.7,1846.5,271.8,1193.1,1111.9,,,3133.5,4081.8,1590.8,4249.6,2926.6,,,35.3,134.4,315.2,123.5,224.3,,,1048.0,2027.5,2423.6,597.7,2264.3,,,1752.6,1926.8,1772.6,969.4,2982.9,,,,,,,,,,,,,,,,,5965.8,6743.9,2982.9,6082.7,4772.6,,,5348.6,5257.9,3231.4,5539.6,1551.1,,,6331.0,5744.8,3041.3,5965.8,4192.1,,,3165.5,4249.6,3300.2,9999.9,3165.5,,,9999.9,9400.6,9124.1,9999.9,7214.4,,,4081.8,1360.6,3165.5,2096.0,6082.7,,,,,,,,,,,,,,,,,14.8,2.7,106.5,87.6,53.8,,,20.9,26.9,268.3,298.5,106.9,,,3.9,26.0,64.8,25.5,51.9,,,574.4,896.5,512.7,1658.9,1023.8,,,403.4,945.7,328.2,1207.0,1184.0,,,261.7,286.1,229.9,441.9,975.5,,,,,,,,,,,,,,,,,6204.4,2794.7,8617.2,2297.9,7755.5,,,7050.4,6082.7,5539.6,6082.7,9694.4,,,2899.2,4562.0,6204.4,1491.4,7050.4,,,9999.9,8863.4,9999.9,9999.9,9694.4,,,1868.8,4369.3,1348.7,5348.6,5170.3,,,8617.2,8384.3,9999.9,7214.4,9999.9,,,,,,,,,,,,,,,,,1599.0,2769.8,2423.6,1202.4,5853.2,,,733.3,928.8,338.6,356.9,2585.1,,,3231.4,2068.1,2350.1,1650.1,5257.9,,,2954.4,701.8,1868.8,1041.0,4081.8,,,1292.5,646.2,966.4,923.2,3737.6,,,7386.2,6082.7,7755.5,6082.7,8384.3,,,,,,,,,,,,,,,,,,,,,,,,,,,,,,,,,,,,,,,,,,,,,,,,,,,,,,,,,,,,,,,,,,,,,,,,,,,,,,,,,,,,,,,,,,,,,,,,,,,,,,,,,,,,,,,,,,,,,,,,,,,,,,,,
20261002_久留米_11R,20261002,83,久留米,11,38.2,93.7,9.2,182.3,55.9,,,63.0,129.9,55.0,97.9,90.0,,,109.5,139.6,85.4,300.8,41.5,,,5.6,24.4,39.4,126.0,21.2,,,553.5,321.8,770.6,529.3,775.1,,,28.9,53.4,10.1,19.9,197.7,,,,,,,,,,,,,,,,,284.6,445.7,88.3,720.7,240.8,,,512.4,1529.5,405.6,651.6,1416.0,,,968.0,2098.1,1051.8,2226.4,1603.0,,,75.1,195.5,439.4,382.0,224.2,,,1727.3,1207.0,3710.6,1175.2,5343.3,,,417.4,1218.0,919.1,500.3,2316.4,,,,,,,,,,,,,,,,,336.4,462.7,216.8,345.7,358.7,,,487.5,1318.2,460.6,601.7,1229.3,,,858.1,1945.4,987.0,1926.6,1662.8,,,166.7,216.6,1051.8,738.0,1104.0,,,446.7,543.7,919.1,610.9,811.2,,,809.6,1719.9,1151.5,1436.3,1742.4,,,,,,,,,,,,,,,,,678.0,896.5,531.5,1584.0,218.5,,,1260.2,3484.8,1750.0,4218.4,1974.1,,,1734.8,3396.2,2428.8,3643.2,2109.2,,,790.4,1431.2,2214.1,4131.4,1185.6,,,3745.3,5489.7,4606.3,7030.7,4947.5,,,240.6,1260.2,1401.2,914.9,2473.7,,,,,,,,,,,,,,,,,12.6,40.2,56.2,186.7,37.1,,,16.4,49.2,165.0,288.3,102.4,,,88.2,134.2,543.0,327.9,646.3,,,328.7,545.2,769.1,1642.4,570.8,,,1244.5,1541.3,1229.3,3180.5,3130.8,,,158.0,252.8,554.2,393.6,1229.3,,,,,,,,,,,,,,,,,3745.3,1846.7,3454.7,3155.5,3515.3,,,4947.5,2189.9,4947.5,2990.6,7286.4,,,1189.1,1353.8,1805.1,2013.8,1974.1,,,4947.5,5981.3,4770.8,6463.7,6569.7,,,3610.3,3258.1,4174.5,5343.3,7421.3,,,4309.1,7706.7,5725.0,3710.6,7706.7,,,,,,,,,,,,,,,,,146.4,241.5,56.1,126.9,545.2,,,456.9,1669.8,1091.9,521.8,3853.3,,,1022.3,2726.2,1518.0,2251.4,3745.3,,,160.8,838.3,936.3,626.1,2013.8,,,297.9,576.6,1154.9,713.0,3231.8,,,2473.7,5415.5,4403.8,3339.6,5072.8,,,,,,,,,,,,,,,,,,,,,,,,,,,,,,,,,,,,,,,,,,,,,,,,,,,,,,,,,,,,,,,,,,,,,,,,,,,,,,,,,,,,,,,,,,,,,,,,,,,,,,,,,,,,,,,,,,,,,,,,,,,,,,,,
20261002_佐世保_1R,20261002,85,佐世保,1,200.4,222.3,190.3,439.5,581.0,,,71.0,29.1,14.8,81.7,129.7,,,141.5,50.0,39.5,120.5,155.3,,,66.0,11.7,18.4,61.7,91.3,,,400.6,180.5,195.5,156.9,458.4,,,634.8,278.4,290.8,225.7,511.7,,,,,,,,,,,,,,,,,585.3,794.6,665.7,1472.3,1732.7,,,738.4,944.8,933.8,1690.0,2666.5,,,1021.2,1071.3,1076.1,1420.0,2637.2,,,729.4,882.3,977.5,1387.2,1999.8,,,1991.5,2105.1,1714.1,1999.8,3453.0,,,2499.8,3310.1,3096.6,2411.9,3529.2,,,,,,,,,,,,,,,,,103.4,47.4,26.6,114.7,236.5,,,342.1,380.6,351.1,650.3,1344.4,,,67.5,222.0,49.3,149.3,332.6,,,30.3,147.0,38.2,95.4,241.4,,,268.5,644.2,295.3,222.1,821.8,,,635.7,1790.9,759.4,671.2,1276.5,,,,,,,,,,,,,,,,,190.8,74.9,64.8,172.7,180.6,,,552.3,582.4,541.1,948.5,1355.8,,,84.1,228.4,63.1,176.3,317.6,,,53.9,180.9,51.3,126.2,217.1,,,340.1,801.2,352.1,298.3,942.9,,,402.3,1344.4,519.4,478.0,1052.5,,,,,,,,,,,,,,,,,83.6,17.9,26.1,72.5,91.2,,,207.9,283.3,289.8,567.3,526.8,,,24.4,125.8,33.6,99.7,129.8,,,36.3,143.9,40.3,112.9,131.2,,,138.5,397.3,159.4,174.7,309.6,,,193.4,555.5,242.9,255.7,365.5,,,,,,,,,,,,,,,,,720.6,203.2,245.5,200.4,606.7,,,1256.4,1259.7,1276.5,1329.5,2142.7,,,238.7,794.6,350.3,284.8,907.3,,,278.5,883.9,372.3,360.6,981.5,,,167.2,583.2,218.8,252.7,539.2,,,826.1,1696.0,1209.0,1215.1,860.1,,,,,,,,,,,,,,,,,1068.9,454.9,488.7,430.8,840.5,,,2201.7,3018.7,2608.5,2553.0,3096.6,,,817.6,2696.4,1167.8,915.9,2181.7,,,759.4,2191.6,939.2,861.7,1666.5,,,419.1,1286.7,488.7,549.1,926.5,,,1273.1,2133.2,1739.0,1811.2,677.9,,,,,,,,,,,,,,,,,,,,,,,,,,,,,,,,,,,,,,,,,,,,,,,,,,,,,,,,,,,,,,,,,,,,,,,,,,,,,,,,,,,,,,,,,,,,,,,,,,,,,,,,,,,,,,,,,,,,,,,,,,,,,,,,
20261002_佐世保_2R,20261002,85,佐世保,2,185.9,110.8,87.4,101.9,37.5,,,136.2,92.7,28.2,293.6,51.6,,,94.7,123.7,55.3,228.7,42.8,,,33.7,12.5,20.2,92.7,12.8,,,286.5,561.4,431.0,363.5,276.2,,,13.4,30.2,15.3,10.2,60.6,,,,,,,,,,,,,,,,,773.7,423.9,364.7,359.1,182.7,,,1015.8,2374.2,1282.3,2233.8,3271.5,,,642.1,2518.1,1527.5,986.9,2270.4,,,396.8,739.3,1087.6,1041.3,1604.2,,,415.9,1384.9,717.6,1125.9,1314.8,,,816.2,3995.1,2387.8,2807.3,2580.6,,,,,,,,,,,,,,,,,296.3,305.7,74.0,841.0,122.0,,,631.4,1344.6,803.6,860.2,1822.3,,,536.8,1314.8,340.0,2210.0,1062.6,,,50.5,194.7,103.8,464.2,137.8,,,2334.2,2826.4,3297.5,1997.5,3957.0,,,309.8,1240.2,1116.9,376.3,2613.1,,,,,,,,,,,,,,,,,140.7,230.5,110.7,536.8,79.0,,,336.9,1157.3,705.4,692.4,1190.5,,,482.0,1018.3,333.1,2077.4,1157.3,,,110.1,260.1,150.0,607.4,299.5,,,1398.9,1082.0,2518.1,1888.6,2152.8,,,385.4,1432.7,1302.4,776.6,1510.8,,,,,,,,,,,,,,,,,41.1,24.6,35.9,211.4,29.7,,,105.6,177.4,277.1,361.6,410.5,,,30.4,84.3,60.6,308.4,98.5,,,62.9,176.6,72.6,396.0,147.4,,,606.5,1010.9,819.5,1073.6,889.7,,,124.7,551.0,211.6,308.2,712.6,,,,,,,,,,,,,,,,,862.0,2429.7,1846.6,1668.6,1062.6,,,642.1,1863.1,783.9,1463.0,1463.0,,,2865.4,3171.6,3405.6,3100.6,4946.3,,,2119.8,1282.3,3676.9,3246.0,3644.6,,,1775.6,2826.4,2680.5,3171.6,3271.5,,,1838.4,2715.6,5852.0,4113.7,3491.5,,,,,,,,,,,,,,,,,153.7,213.1,144.5,118.9,340.2,,,836.0,3147.6,2258.1,2164.0,2245.9,,,491.1,2680.5,1661.9,581.9,3957.0,,,373.6,2119.8,2360.7,1222.0,2518.1,,,256.1,1783.2,463.7,839.3,1888.6,,,1286.3,2596.8,5129.5,3521.1,3246.0,,,,,,,,,,,,,,,,,,,,,,,,,,,,,,,,,,,,,,,,,,,,,,,,,,,,,,,,,,,,,,,,,,,,,,,,,,,,,,,,,,,,,,,,,,,,,,,,,,,,,,,,,,,,,,,,,,,,,,,,,,,,,,,,
20261002_佐世保_3R,20261002,85,佐世保,3,168.0,424.1,161.7,396.5,90.6,,,121.2,225.2,51.1,408.8,50.2,,,749.7,701.8,712.2,1258.6,162.1,,,114.3,35.8,155.2,363.8,32.7,,,425.5,772.4,1390.8,660.7,380.4,,,26.1,20.8,11.3,11.8,113.1,,,,,,,,,,,,,,,,,412.3,929.5,291.4,660.7,183.3,,,461.4,1470.8,337.0,851.1,550.7,,,1669.0,2647.4,2399.2,1566.8,1854.5,,,502.4,355.1,1421.8,705.6,543.7,,,450.0,578.1,899.0,490.2,520.8,,,315.9,609.3,714.8,609.3,957.3,,,,,,,,,,,,,,,,,151.0,344.2,66.5,395.3,57.5,,,238.2,804.7,194.7,449.5,284.3,,,868.5,1810.7,632.4,1777.2,580.7,,,37.4,65.6,159.8,137.6,34.0,,,823.7,537.6,1891.0,490.2,799.7,,,76.6,198.3,198.3,81.4,464.7,,,,,,,,,,,,,,,,,2206.2,2231.8,2020.4,2802.0,391.3,,,2781.7,3877.6,3838.8,2703.4,2576.4,,,2271.5,4313.3,2399.2,4739.3,1760.9,,,2542.2,3957.5,1881.7,4625.1,1881.7,,,3727.0,2722.6,5051.1,5051.1,3877.6,,,341.8,1737.0,1380.8,1258.6,2525.5,,,,,,,,,,,,,,,,,148.9,27.4,218.7,396.1,53.3,,,293.4,108.7,689.2,468.7,274.5,,,16.6,29.5,99.5,106.3,14.6,,,976.8,1713.7,498.5,2908.2,651.7,,,798.1,572.1,269.9,1978.7,778.6,,,71.1,152.1,42.4,149.8,468.1,,,,,,,,,,,,,,,,,600.7,1612.9,1989.0,1048.8,398.6,,,305.3,482.8,804.7,372.7,370.1,,,1371.0,860.7,3046.7,629.3,1683.7,,,2593.8,2271.5,5331.7,4625.1,3225.9,,,1203.4,815.0,716.2,2999.1,1192.1,,,743.9,914.0,2231.8,1579.7,1401.0,,,,,,,,,,,,,,,,,53.5,38.4,15.3,32.2,156.3,,,183.8,371.6,365.9,395.3,853.0,,,89.0,234.3,199.7,102.8,599.8,,,88.1,346.1,305.1,283.7,633.4,,,97.7,244.6,90.7,204.7,629.3,,,634.5,1010.2,1288.2,1060.4,1210.9,,,,,,,,,,,,,,,,,,,,,,,,,,,,,,,,,,,,,,,,,,,,,,,,,,,,,,,,,,,,,,,,,,,,,,,,,,,,,,,,,,,,,,,,,,,,,,,,,,,,,,,,,,,,,,,,,,,,,,,,,,,,,,,,
20261002_佐世保_4R,20261002,85,佐世保,4,723.6,1031.8,1465.9,1214.8,1690.5,,,392.9,441.4,192.9,181.7,227.6,,,1608.3,1337.6,1765.6,1873.9,2283.1,,,1269.2,290.1,1203.8,632.5,409.1,,,551.7,179.7,713.2,391.3,416.8,,,1570.2,348.7,1683.3,502.2,998.1,,,,,,,,,,,,,,,,,551.7,650.1,1141.5,1008.2,1182.3,,,221.8,91.8,126.6,349.4,139.6,,,249.3,97.0,241.2,323.2,233.8,,,1175.3,314.0,549.4,1614.9,500.3,,,786.6,644.9,993.1,1865.1,1891.7,,,1269.2,273.9,661.0,570.7,1847.7,,,,,,,,,,,,,,,,,72.9,119.3,61.0,47.5,79.8,,,45.7,27.2,46.6,64.7,65.3,,,122.0,68.3,143.7,179.1,195.1,,,15.6,17.6,44.6,51.6,14.3,,,37.4,87.9,135.1,121.0,132.9,,,32.9,30.2,58.1,13.1,59.8,,,,,,,,,,,,,,,,,1814.0,1750.0,3032.5,2579.6,3366.6,,,593.8,304.8,637.6,934.7,746.7,,,819.1,399.6,831.1,1245.3,896.7,,,3009.6,1564.0,1564.0,5227.2,2016.5,,,3152.9,2467.5,2648.4,5842.2,5842.2,,,3611.5,2147.4,1493.4,2364.7,5757.5,,,,,,,,,,,,,,,,,618.8,142.3,727.6,491.6,219.8,,,604.6,239.6,409.5,1141.5,322.7,,,30.6,44.1,91.2,113.7,20.6,,,1182.3,692.1,556.4,2135.8,650.1,,,471.2,1269.2,391.3,1595.4,536.8,,,114.0,173.7,31.7,250.4,288.7,,,,,,,,,,,,,,,,,230.3,74.1,438.9,201.8,169.8,,,674.4,583.3,863.6,1196.5,1423.9,,,69.5,329.9,652.3,161.2,135.2,,,2079.9,2124.4,2101.9,2797.6,3128.1,,,456.6,1439.3,331.3,1937.9,491.6,,,455.0,1847.7,248.1,2296.3,589.4,,,,,,,,,,,,,,,,,1031.8,203.4,1115.9,331.6,831.1,,,1065.0,257.2,665.4,474.6,1873.9,,,56.5,68.0,99.7,22.8,117.9,,,1648.4,1138.3,526.1,894.7,3055.9,,,185.3,269.1,36.8,345.4,414.2,,,845.2,2006.4,399.2,2546.6,739.7,,,,,,,,,,,,,,,,,,,,,,,,,,,,,,,,,,,,,,,,,,,,,,,,,,,,,,,,,,,,,,,,,,,,,,,,,,,,,,,,,,,,,,,,,,,,,,,,,,,,,,,,,,,,,,,,,,,,,,,,,,,,,,,,
20261002_佐世保_5R,20261002,85,佐世保,5,63.1,97.8,98.5,319.0,177.4,,,32.8,71.4,6.7,40.0,85.0,,,146.5,110.8,125.3,509.3,545.3,,,22.5,3.2,31.0,39.4,83.1,,,494.0,148.2,607.4,149.6,878.1,,,368.9,244.4,818.0,365.4,990.9,,,,,,,,,,,,,,,,,223.1,137.4,207.5,516.9,161.1,,,474.4,395.9,626.0,1495.0,479.7,,,65.2,129.5,109.5,214.9,39.5,,,279.9,485.7,199.5,1381.8,380.3,,,1060.7,1683.7,645.9,1864.7,786.5,,,127.4,245.6,66.3,285.0,288.3,,,,,,,,,,,,,,,,,234.0,464.9,64.8,218.5,427.1,,,709.3,862.8,1225.6,2297.0,1360.1,,,1659.5,1806.5,2028.3,2709.7,3651.0,,,127.1,950.2,1208.5,1080.5,1555.3,,,709.3,1381.8,2252.2,1451.2,2375.6,,,1926.9,2442.6,3986.7,3241.5,3335.0,,,,,,,,,,,,,,,,,302.6,313.0,265.1,900.9,790.0,,,145.0,226.4,197.2,424.0,89.6,,,1279.8,968.8,1404.2,2459.9,3042.5,,,242.0,275.2,665.7,1118.8,1404.2,,,1620.7,1212.7,1874.8,1885.0,2990.0,,,1451.2,460.0,1835.1,2281.9,2028.3,,,,,,,,,,,,,,,,,39.3,9.3,39.4,75.2,122.3,,,188.0,323.5,130.0,947.6,351.7,,,80.4,405.6,509.3,525.5,924.9,,,165.3,147.7,282.4,710.7,893.9,,,404.7,1252.1,850.1,979.8,1742.9,,,689.5,1029.2,1576.5,1620.7,2209.2,,,,,,,,,,,,,,,,,659.4,225.0,343.4,189.5,1148.5,,,1047.8,1183.7,873.6,1495.0,1175.7,,,638.7,2089.4,1427.3,1026.1,2408.6,,,437.3,898.5,523.1,458.7,1708.6,,,239.7,1349.6,411.9,420.9,1797.1,,,2569.2,2064.5,2647.7,3096.8,3853.8,,,,,,,,,,,,,,,,,875.8,1011.2,1937.7,1284.6,2237.7,,,444.6,706.4,265.5,893.9,612.8,,,2016.5,2076.9,3770.1,3897.1,3335.0,,,1926.9,700.7,2914.7,2890.4,2392.0,,,1691.9,2223.3,3468.4,3272.1,4129.1,,,2607.8,1691.9,2819.9,3096.8,3770.1,,,,,,,,,,,,,,,,,,,,,,,,,,,,,,,,,,,,,,,,,,,,,,,,,,,,,,,,,,,,,,,,,,,,,,,,,,,,,,,,,,,,,,,,,,,,,,,,,,,,,,,,,,,,,,,,,,,,,,,,,,,,,,,,
20261002_佐世保_6R,20261002,85,佐世保,6,76.6,83.2,342.5,655.1,259.8,,,68.0,82.7,342.5,668.2,248.9,,,74.8,78.8,305.8,515.7,219.6,,,515.2,588.3,497.3,1390.1,1480.3,,,1872.5,1629.3,2031.7,2401.1,2952.0,,,333.4,354.4,357.4,1088.5,1724.5,,,,,,,,,,,,,,,,,76.8,79.1,318.2,612.0,215.1,,,35.4,15.4,102.3,260.0,56.3,,,55.0,21.5,110.2,249.3,82.4,,,488.6,333.6,323.9,1695.4,796.5,,,1568.2,976.3,939.7,2867.6,1879.5,,,300.3,170.1,175.4,677.2,907.4,,,,,,,,,,,,,,,,,46.6,57.1,217.7,492.0,132.2,,,24.2,10.4,83.4,169.0,38.6,,,27.9,10.4,52.7,164.8,39.3,,,353.1,197.8,179.7,974.4,534.4,,,1290.0,670.9,673.6,1937.6,1645.3,,,215.3,105.2,119.5,414.7,773.2,,,,,,,,,,,,,,,,,38.5,43.5,146.3,326.0,132.3,,,32.9,16.5,66.0,137.6,59.9,,,31.8,13.2,51.4,190.2,51.0,,,158.0,89.6,91.0,442.1,286.9,,,1105.3,671.8,664.6,1608.4,1280.2,,,177.9,87.4,94.0,388.1,621.8,,,,,,,,,,,,,,,,,2772.6,2547.4,1454.6,2788.0,3584.5,,,2600.2,1390.1,961.3,5069.1,2803.5,,,2144.6,1382.4,1060.9,5173.6,2819.3,,,1390.1,1036.8,910.7,2281.1,2472.1,,,9999.9,8652.4,9999.9,8094.2,9999.9,,,4521.1,2987.1,2987.1,3156.2,9650.8,,,,,,,,,,,,,,,,,7490.1,7273.0,5974.3,9999.9,9999.9,,,9999.9,3690.0,4182.0,9999.9,7841.2,,,7490.1,3636.5,3663.0,9999.9,9999.9,,,6781.6,4646.6,4252.9,8961.4,9999.9,,,9999.9,9999.9,9999.9,8961.4,9999.9,,,9999.9,6433.8,9999.9,9999.9,9999.9,,,,,,,,,,,,,,,,,729.4,763.8,785.3,2560.4,3437.2,,,641.7,357.4,414.4,1520.7,2117.4,,,609.7,347.5,405.0,1598.2,2367.1,,,677.2,375.3,402.4,1446.2,2424.3,,,3280.0,2378.3,2281.1,2356.0,4779.4,,,6874.5,4080.0,5396.1,3890.2,7841.2,,,,,,,,,,,,,,,,,,,,,,,,,,,,,,,,,,,,,,,,,,,,,,,,,,,,,,,,,,,,,,,,,,,,,,,,,,,,,,,,,,,,,,,,,,,,,,,,,,,,,,,,,,,,,,,,,,,,,,,,,,,,,,,,
20261002_佐世保_7R,20261002,85,佐世保,7,530.0,90.2,420.7,926.5,161.1,,,779.5,147.5,865.2,762.1,576.8,,,24.5,34.4,61.9,71.7,15.3,,,832.3,1027.2,312.9,1696.9,532.7,,,1509.3,822.3,229.1,1678.4,1202.1,,,157.9,342.4,73.5,212.4,660.5,,,,,,,,,,,,,,,,,804.0,119.7,482.5,1380.4,289.2,,,930.7,591.2,829.0,962.8,549.9,,,78.3,326.7,185.3,591.2,96.6,,,556.9,903.3,354.6,1755.1,179.3,,,2250.1,989.2,1209.2,2075.3,1226.1,,,148.1,261.9,87.1,37.2,517.0,,,,,,,,,,,,,,,,,1129.2,426.5,1226.1,843.8,1028.9,,,1190.4,806.1,1048.2,882.6,733.0,,,303.9,582.2,773.6,447.7,567.2,,,1442.0,1629.4,1246.0,1211.6,1185.8,,,320.1,457.4,337.8,389.5,331.8,,,1059.1,887.7,824.5,712.6,1087.2,,,,,,,,,,,,,,,,,11.3,17.5,27.7,36.6,7.2,,,41.0,135.1,85.2,218.7,30.7,,,85.3,170.5,190.3,156.1,119.2,,,115.5,144.9,277.9,428.3,83.8,,,153.0,302.1,144.5,419.0,272.2,,,27.6,29.0,61.6,24.5,161.7,,,,,,,,,,,,,,,,,1365.1,1696.9,684.8,2870.5,764.0,,,1039.4,1442.0,640.5,2283.6,289.4,,,1988.0,2014.0,1828.2,2061.3,1042.9,,,500.6,641.2,1139.6,1555.1,353.6,,,3656.5,3118.2,1943.9,2318.0,1347.1,,,285.8,164.7,359.0,236.8,669.8,,,,,,,,,,,,,,,,,2476.9,1197.4,524.1,3216.2,2283.6,,,2911.3,1233.5,1221.2,2843.9,1551.2,,,412.5,429.2,296.3,491.0,467.1,,,343.5,820.1,448.7,1396.1,929.3,,,3102.5,3267.5,1711.1,2193.9,2020.7,,,2437.6,1037.6,1516.7,1293.2,926.5,,,,,,,,,,,,,,,,,239.3,449.3,144.5,239.8,992.4,,,123.9,221.6,91.0,31.2,467.5,,,782.5,669.8,612.4,312.4,1248.5,,,83.3,83.8,181.6,61.5,390.2,,,124.7,55.2,123.2,79.5,295.3,,,1120.9,677.2,1095.0,766.9,441.9,,,,,,,,,,,,,,,,,,,,,,,,,,,,,,,,,,,,,,,,,,,,,,,,,,,,,,,,,,,,,,,,,,,,,,,,,,,,,,,,,,,,,,,,,,,,,,,,,,,,,,,,,,,,,,,,,,,,,,,,,,,,,,,,
