race_key,date,jo_code,jo_name,race_no,1-2-3,1-2-4,1-2-5,1-2-6,1-2-7,1-2-8,1-2-9,1-3-2,1-3-4,1-3-5,1-3-6,1-3-7,1-3-8,1-3-9,1-4-2,1-4-3,1-4-5,1-4-6,1-4-7,1-4-8,1-4-9,1-5-2,1-5-3,1-5-4,1-5-6,1-5-7,1-5-8,1-5-9,1-6-2,1-6-3,1-6-4,1-6-5,1-6-7,1-6-8,1-6-9,1-7-2,1-7-3,1-7-4,1-7-5,1-7-6,1-7-8,1-7-9,1-8-2,1-8-3,1-8-4,1-8-5,1-8-6,1-8-7,1-8-9,1-9-2,1-9-3,1-9-4,1-9-5,1-9-6,1-9-7,1-9-8,2-1-3,2-1-4,2-1-5,2-1-6,2-1-7,2-1-8,2-1-9,2-3-1,2-3-4,2-3-5,2-3-6,2-3-7,2-3-8,2-3-9,2-4-1,2-4-3,2-4-5,2-4-6,2-4-7,2-4-8,2-4-9,2-5-1,2-5-3,2-5-4,2-5-6,2-5-7,2-5-8,2-5-9,2-6-1,2-6-3,2-6-4,2-6-5,2-6-7,2-6-8,2-6-9,2-7-1,2-7-3,2-7-4,2-7-5,2-7-6,2-7-8,2-7-9,2-8-1,2-8-3,2-8-4,2-8-5,2-8-6,2-8-7,2-8-9,2-9-1,2-9-3,2-9-4,2-9-5,2-9-6,2-9-7,2-9-8,3-1-2,3-1-4,3-1-5,3-1-6,3-1-7,3-1-8,3-1-9,3-2-1,3-2-4,3-2-5,3-2-6,3-2-7,3-2-8,3-2-9,3-4-1,3-4-2,3-4-5,3-4-6,3-4-7,3-4-8,3-4-9,3-5-1,3-5-2,3-5-4,3-5-6,3-5-7,3-5-8,3-5-9,3-6-1,3-6-2,3-6-4,3-6-5,3-6-7,3-6-8,3-6-9,3-7-1,3-7-2,3-7-4,3-7-5,3-7-6,3-7-8,3-7-9,3-8-1,3-8-2,3-8-4,3-8-5,3-8-6,3-8-7,3-8-9,3-9-1,3-9-2,3-9-4,3-9-5,3-9-6,3-9-7,3-9-8,4-1-2,4-1-3,4-1-5,4-1-6,4-1-7,4-1-8,4-1-9,4-2-1,4-2-3,4-2-5,4-2-6,4-2-7,4-2-8,4-2-9,4-3-1,4-3-2,4-3-5,4-3-6,4-3-7,4-3-8,4-3-9,4-5-1,4-5-2,4-5-3,4-5-6,4-5-7,4-5-8,4-5-9,4-6-1,4-6-2,4-6-3,4-6-5,4-6-7,4-6-8,4-6-9,4-7-1,4-7-2,4-7-3,4-7-5,4-7-6,4-7-8,4-7-9,4-8-1,4-8-2,4-8-3,4-8-5,4-8-6,4-8-7,4-8-9,4-9-1,4-9-2,4-9-3,4-9-5,4-9-6,4-9-7,4-9-8,5-1-2,5-1-3,5-1-4,5-1-6,5-1-7,5-1-8,5-1-9,5-2-1,5-2-3,5-2-4,5-2-6,5-2-7,5-2-8,5-2-9,5-3-1,5-3-2,5-3-4,5-3-6,5-3-7,5-3-8,5-3-9,5-4-1,5-4-2,5-4-3,5-4-6,5-4-7,5-4-8,5-4-9,5-6-1,5-6-2,5-6-3,5-6-4,5-6-7,5-6-8,5-6-9,5-7-1,5-7-2,5-7-3,5-7-4,5-7-6,5-7-8,5-7-9,5-8-1,5-8-2,5-8-3,5-8-4,5-8-6,5-8-7,5-8-9,5-9-1,5-9-2,5-9-3,5-9-4,5-9-6,5-9-7,5-9-8,6-1-2,6-1-3,6-1-4,6-1-5,6-1-7,6-1-8,6-1-9,6-2-1,6-2-3,6-2-4,6-2-5,6-2-7,6-2-8,6-2-9,6-3-1,6-3-2,6-3-4,6-3-5,6-3-7,6-3-8,6-3-9,6-4-1,6-4-2,6-4-3,6-4-5,6-4-7,6-4-8,6-4-9,6-5-1,6-5-2,6-5-3,6-5-4,6-5-7,6-5-8,6-5-9,6-7-1,6-7-2,6-7-3,6-7-4,6-7-5,6-7-8,6-7-9,6-8-1,6-8-2,6-8-3,6-8-4,6-8-5,6-8-7,6-8-9,6-9-1,6-9-2,6-9-3,6-9-4,6-9-5,6-9-7,6-9-8,7-1-2,7-1-3,7-1-4,7-1-5,7-1-6,7-1-8,7-1-9,7-2-1,7-2-3,7-2-4,7-2-5,7-2-6,7-2-8,7-2-9,7-3-1,7-3-2,7-3-4,7-3-5,7-3-6,7-3-8,7-3-9,7-4-1,7-4-2,7-4-3,7-4-5,7-4-6,7-4-8,7-4-9,7-5-1,7-5-2,7-5-3,7-5-4,7-5-6,7-5-8,7-5-9,7-6-1,7-6-2,7-6-3,7-6-4,7-6-5,7-6-8,7-6-9,7-8-1,7-8-2,7-8-3,7-8-4,7-8-5,7-8-6,7-8-9,7-9-1,7-9-2,7-9-3,7-9-4,7-9-5,7-9-6,7-9-8,8-1-2,8-1-3,8-1-4,8-1-5,8-1-6,8-1-7,8-1-9,8-2-1,8-2-3,8-2-4,8-2-5,8-2-6,8-2-7,8-2-9,8-3-1,8-3-2,8-3-4,8-3-5,8-3-6,8-3-7,8-3-9,8-4-1,8-4-2,8-4-3,8-4-5,8-4-6,8-4-7,8-4-9,8-5-1,8-5-2,8-5-3,8-5-4,8-5-6,8-5-7,8-5-9,8-6-1,8-6-2,8-6-3,8-6-4,8-6-5,8-6-7,8-6-9,8-7-1,8-7-2,8-7-3,8-7-4,8-7-5,8-7-6,8-7-9,8-9-1,8-9-2,8-9-3,8-9-4,8-9-5,8-9-6,8-9-7,9-1-2,9-1-3,9-1-4,9-1-5,9-1-6,9-1-7,9-1-8,9-2-1,9-2-3,9-2-4,9-2-5,9-2-6,9-2-7,9-2-8,9-3-1,9-3-2,9-3-4,9-3-5,9-3-6,9-3-7,9-3-8,9-4-1,9-4-2,9-4-3,9-4-5,9-4-6,9-4-7,9-4-8,9-5-1,9-5-2,9-5-3,9-5-4,9-5-6,9-5-7,9-5-8,9-6-1,9-6-2,9-6-3,9-6-4,9-6-5,9-6-7,9-6-8,9-7-1,9-7-2,9-7-3,9-7-4,9-7-5,9-7-6,9-7-8,9-8-1,9-8-2,9-8-3,9-8-4,9-8-5,9-8-6,9-8-7
20260905_青森_1R,20260905,12,青森,1,96.6,203.0,67.2,381.9,37.3,491.0,39.4,226.7,317.9,300.8,1290.7,126.6,773.1,334.9,273.2,295.4,301.2,1497.7,114.7,691.2,291.3,110.2,217.2,237.4,318.7,92.4,84.4,178.3,805.8,1368.6,1777.1,404.6,391.3,1526.5,1153.2,23.2,36.4,36.8,40.6,116.8,112.1,46.7,1056.0,1202.7,902.0,420.7,2851.9,469.2,1026.4,92.3,262.7,280.3,218.7,1013.3,114.7,600.6,113.3,257.7,84.5,440.9,47.9,559.6,47.6,99.0,308.2,324.8,1221.2,145.7,1053.7,165.2,509.9,498.7,523.3,2126.2,589.4,1592.9,256.0,157.0,248.8,429.8,512.1,194.6,248.9,127.5,1039.9,2035.3,2184.7,1170.2,1392.6,3014.4,1075.1,52.4,96.9,246.9,152.3,819.7,599.8,65.5,1659.5,2236.0,2174.7,1205.7,4105.8,1882.5,1000.5,33.8,53.9,79.0,51.0,335.1,34.3,233.3,396.8,596.0,564.3,1943.9,257.1,1810.9,590.9,222.8,252.2,496.6,1682.9,209.4,1546.3,202.9,549.9,302.2,643.6,1992.7,329.8,1360.7,370.0,782.0,852.0,1000.5,1648.0,712.9,771.9,771.9,3154.1,3527.9,3239.9,2493.6,4105.8,6266.8,3903.9,195.1,225.1,288.4,465.5,2126.2,1164.4,296.0,2958.2,3502.0,2588.4,1968.0,6185.4,2061.8,2493.6,745.3,446.7,655.1,914.1,3527.9,603.6,2061.8,694.2,708.7,788.5,2660.7,308.0,1777.1,780.7,831.2,824.0,1312.0,3720.9,1089.8,2706.1,463.3,743.0,671.7,1107.6,2851.9,788.5,1867.7,865.9,1250.0,1488.3,1456.5,1976.2,1744.6,718.3,1297.7,6106.1,5013.4,3903.9,2785.2,6436.1,4810.8,3720.9,387.8,1110.2,932.0,1294.2,3330.6,2267.9,1196.6,3936.1,3872.1,3239.9,2300.8,5953.4,4290.7,3810.2,1006.9,649.7,1084.9,1483.7,4535.9,1256.6,1968.0,221.5,448.4,454.0,598.3,219.6,148.2,417.7,264.8,471.5,536.9,661.4,381.6,273.4,257.8,631.6,612.9,815.5,1273.4,647.1,372.6,832.6,678.4,757.1,801.8,1283.7,939.4,352.5,707.6,611.3,601.3,862.8,939.4,739.5,199.8,958.3,247.2,442.2,623.4,891.9,1319.3,391.9,620.1,184.4,240.1,241.6,207.2,275.1,269.8,193.2,612.9,387.5,862.8,650.6,1240.3,656.0,267.4,1587.5,3033.6,3840.9,1123.2,1360.7,4493.1,3284.6,1587.5,3154.1,3903.9,1959.9,3750.2,4535.9,2289.7,4252.4,5013.4,3033.6,3284.6,6028.8,7559.9,5738.2,6803.9,5351.4,4290.7,3502.0,6266.8,5669.9,6185.4,1002.6,1276.8,1609.0,2145.3,1744.6,480.1,1846.0,1905.1,3779.9,5233.8,6185.4,2574.4,4910.0,6436.1,7327.3,5291.9,7327.3,5808.2,1642.3,6902.5,7108.6,4493.1,3072.7,6350.3,4961.2,3239.9,5808.2,7108.6,46.0,58.5,77.0,76.4,251.5,286.5,84.7,66.5,156.7,392.6,230.7,1147.6,808.6,117.8,125.1,270.4,419.2,403.9,1797.2,1161.6,370.3,228.7,864.3,659.6,990.1,2958.2,2278.8,979.9,195.9,392.6,471.5,880.3,1356.9,776.9,522.2,935.7,2904.1,3476.4,3779.9,1763.9,4810.8,3720.9,1136.7,2602.6,2834.9,3377.8,1860.4,5953.4,2044.1,189.9,210.8,428.6,763.2,487.4,2164.8,1694.9,3377.8,5603.2,3872.1,1976.2,6614.9,2493.6,5351.4,3133.4,5233.8,4290.7,2381.3,5603.2,4579.5,2939.9,4961.2,5538.1,4214.8,2602.6,8072.5,5013.4,5233.8,4252.4,4141.5,3554.3,2357.8,6106.1,4369.5,4214.8,1493.0,1502.4,1193.6,1150.4,1392.6,1642.3,1625.5,8355.7,6803.9,8355.7,6028.8,1936.0,7681.8,7807.8,1959.9,4579.5,5121.2,4214.8,2533.3,7559.9,4329.7,5879.9,3581.0,4290.7,5351.4,3354.0,9159.1,4669.3,182.1,606.7,608.2,562.9,2026.7,280.6,1521.6,95.1,112.8,96.9,152.9,706.6,115.8,353.0,730.4,306.4,647.9,977.9,3377.8,867.5,1936.0,734.9,309.8,743.0,996.3,3936.1,859.7,1551.3,764.4,385.0,1009.0,946.8,2107.4,834.1,585.1,3053.0,1810.9,4036.2,4715.6,2480.6,3750.2,5412.2,293.9,269.6,724.9,902.0,706.6,2834.9,1875.1,2675.7,1349.2,2834.9,2346.1,1625.5,6902.5,2546.9
20260905_青森_2R,20260905,12,青森,2,212.5,511.7,268.6,712.6,126.1,123.0,74.7,385.1,787.4,530.1,585.8,170.0,310.4,338.1,876.4,1054.2,1787.2,4048.9,502.7,1039.8,929.9,1003.3,918.7,1875.1,1752.9,575.5,512.3,558.6,1407.7,756.2,2859.5,1787.2,564.1,614.9,1361.6,113.6,104.3,280.8,146.4,399.5,38.0,114.2,123.0,160.9,417.0,209.4,412.1,32.6,94.3,120.7,243.7,368.0,354.6,913.2,183.7,172.7,129.6,214.4,219.5,533.2,63.1,90.9,54.7,165.0,372.5,355.7,276.9,419.3,529.5,147.7,319.0,457.5,652.6,1353.6,708.2,1035.1,99.1,608.4,732.0,1223.3,2210.2,1599.7,1794.2,522.8,757.5,342.2,1500.0,2024.4,1963.6,1170.1,486.2,235.8,645.3,1074.0,886.6,1997.9,884.9,429.2,136.7,407.0,728.5,1126.9,996.7,490.3,185.7,23.0,38.5,16.5,102.8,135.5,108.0,73.9,368.9,628.4,438.6,385.1,207.6,436.5,349.5,365.1,699.5,607.6,442.4,766.3,1018.9,212.1,1094.5,990.3,1386.4,1378.1,2513.9,3750.2,1025.8,450.3,654.5,929.9,334.4,926.1,1118.6,648.0,171.1,285.2,425.2,177.6,424.4,669.8,195.3,503.3,1121.3,2570.3,1028.1,1510.0,1780.2,1341.7,539.5,1129.7,2322.4,1210.3,1155.3,1318.5,1337.8,337.6,216.3,503.3,614.9,433.2,1005.5,1025.8,1099.8,1963.6,2370.6,3781.2,967.2,2500.1,1005.5,626.7,797.0,1220.0,2178.7,1520.0,2334.3,199.5,1808.4,1260.4,2446.6,2772.9,2895.7,5579.6,1179.2,2420.7,831.8,902.4,3602.5,2789.8,4530.0,647.1,4621.5,4121.8,2756.2,5719.1,6828.8,6100.4,2079.6,1997.9,2584.9,3631.1,4275.9,8170.1,5140.7,2446.6,2756.2,3112.4,5382.7,7038.9,6932.2,6020.1,2382.9,337.1,95.8,307.2,374.7,929.9,742.7,853.6,1657.7,1525.1,2951.8,3719.7,1278.0,1852.3,1707.2,1694.5,1963.6,2806.9,4236.3,3030.0,3492.5,1071.4,1457.1,1780.2,3091.4,967.2,2500.1,2723.3,1726.5,3689.7,3466.1,3910.5,5579.6,5320.1,5791.5,2584.9,4236.3,4867.3,1149.5,6444.0,5320.1,5140.7,3781.2,2382.9,4867.3,3177.2,7262.3,5579.6,4530.0,4275.9,2370.6,3291.5,3155.3,6354.5,4765.9,4668.6,3492.5,1540.5,933.7,1773.3,1457.1,3222.0,2970.9,3222.0,1378.1,525.8,1688.3,1651.7,645.3,647.1,969.3,1307.2,812.6,2486.5,2877.5,3112.4,1682.0,639.0,183.1,278.4,315.9,152.9,539.5,500.0,158.8,3877.3,3602.5,1707.2,3030.0,6020.1,5320.1,1914.3,2614.4,3602.5,776.7,4765.9,4716.8,3440.0,2824.2,2660.0,6100.4,3091.4,8170.1,5719.1,4530.0,6100.4,1794.2,2322.4,1594.1,5382.7,4197.5,3844.7,2723.3,535.7,383.8,306.0,526.5,563.4,1540.5,902.4,357.1,327.5,695.3,468.7,1035.1,168.5,402.0,603.6,1682.0,2433.6,2382.9,4716.8,1438.7,969.3,866.5,1859.8,852.0,1875.1,3177.2,2932.8,1963.6,2556.0,3910.5,5258.9,4973.1,9150.6,6182.8,3112.4,1700.8,3877.3,2500.1,5027.8,6828.8,3719.7,3389.1,2806.9,6444.0,3750.2,9150.6,4973.1,5865.7,5579.6,338.4,1867.4,1955.2,3689.7,2660.0,3978.5,1429.7,981.8,1054.2,2118.1,2408.0,2877.5,4530.0,1766.5,109.6,128.0,238.6,250.2,373.4,35.7,100.5,169.0,557.2,629.3,1049.3,1149.5,478.5,202.8,289.9,788.8,1216.8,1353.6,729.7,696.3,874.8,791.5,1176.1,1773.3,2486.5,4236.3,1739.6,890.1,933.7,1369.8,1794.2,3268.0,3030.0,1867.4,1780.2,664.0,1382.2,688.0,2970.9,3112.4,1434.2,1434.2,186.5,794.3,1059.0,1550.9,1333.9,2310.7,684.9,175.3,180.9,469.7,288.8,760.0,1051.7,434.9,87.1,224.1,195.3,393.7,755.0,250.7,239.2,26.0,41.4,14.2,88.3,135.3,133.7,84.7,258.9,151.7,298.6,521.1,397.8,848.8,909.6,127.0,31.0,148.7,171.1,472.1,319.7,288.1,575.5,271.2,436.9,343.4,1545.7,1299.8,1434.2,791.5,353.0,401.6,656.4,1158.3,2210.2,1599.7,628.4,579.8,1333.9,1061.5,1700.8,3364.1,1296.1,253.4,193.2,739.1,332.9,953.1,1314.7,741.5
20260905_青森_3R,20260905,12,青森,3,216.4,350.5,424.8,480.5,117.0,1423.2,121.6,232.7,268.5,86.9,134.7,279.0,707.7,81.9,588.5,407.9,552.9,646.2,496.1,1463.2,93.1,518.8,152.5,470.1,590.5,534.2,637.5,239.8,469.7,62.9,318.9,312.8,260.8,1261.2,102.9,168.7,315.7,449.0,544.8,300.5,1479.8,169.4,3668.3,1840.6,2815.7,1765.7,4305.0,2591.5,1056.6,46.1,26.4,14.8,70.5,43.9,48.4,289.2,476.1,661.0,689.9,1063.0,241.7,2170.4,233.2,775.1,1578.5,552.3,1205.8,603.5,2315.1,938.5,1074.0,1860.3,2325.4,3176.2,907.5,4269.7,899.6,1092.0,743.0,2143.6,2378.5,904.3,1753.8,1360.0,1936.4,1302.2,3496.0,2800.5,1349.4,6128.3,2578.7,162.7,178.2,316.2,258.6,430.1,800.1,111.7,5370.1,4778.9,6128.3,3496.0,7774.7,3157.0,4868.2,203.6,494.6,359.2,680.9,1748.0,232.7,2516.4,402.5,537.5,135.0,259.9,456.1,785.6,156.9,645.4,1378.0,298.6,1056.6,667.8,1777.8,868.1,1246.1,2170.4,871.0,1578.5,1664.2,3100.6,1033.5,89.7,139.2,365.0,104.8,205.5,76.0,125.4,162.5,456.9,686.3,90.0,468.4,419.4,207.5,905.9,830.7,1602.7,495.6,1015.4,1973.1,856.7,1702.3,2566.0,3119.1,452.1,1332.2,1929.2,1771.7,221.8,758.2,519.3,264.8,415.3,586.6,1037.6,917.0,1027.4,1222.7,1840.6,917.0,2862.1,234.6,1276.7,2161.4,2993.7,4038.0,1261.2,6128.3,1069.6,1653.6,2657.6,1680.3,2480.5,2411.6,5541.5,1295.7,2019.0,4069.5,1880.5,5008.7,3404.6,4235.0,1777.8,3100.6,5209.0,2411.6,5106.9,5483.2,4692.8,2893.9,1356.5,1496.8,2034.7,2644.1,4377.3,4490.5,1249.1,5209.0,8268.3,7892.5,6511.3,9138.6,6201.2,5315.3,159.8,678.2,636.8,901.2,1442.9,569.2,2100.4,720.4,234.7,909.0,997.9,732.6,832.1,443.3,1001.7,365.8,1847.1,2026.8,1015.4,1381.7,1160.1,133.8,170.2,475.2,167.3,295.6,117.0,191.9,1632.9,3046.2,1167.9,3449.7,2216.6,2528.6,1356.5,1056.6,2255.0,280.0,2367.7,1648.4,990.3,1142.3,1411.6,1459.1,769.4,2091.9,2264.8,1847.1,1237.3,863.8,1103.6,371.5,1325.4,1270.5,1043.8,816.4,518.8,1255.1,458.9,836.1,1488.3,1134.8,1103.6,565.5,105.9,488.1,359.7,484.5,1501.1,138.0,1346.0,933.5,2993.7,2400.4,907.5,4452.1,1648.4,118.1,418.7,353.6,53.0,229.5,419.4,145.2,1101.2,3774.6,1103.6,2179.5,2630.8,4823.2,959.3,728.5,2188.6,164.8,1713.5,1240.2,1039.7,745.2,806.3,930.1,463.4,1973.1,1129.9,3617.4,802.6,5209.0,6854.0,2325.4,6765.0,2713.0,6201.2,4735.5,162.2,1518.6,222.8,302.6,653.5,684.5,2959.6,360.2,801.3,1103.6,1021.3,861.0,3082.2,316.2,211.2,308.5,475.7,400.3,311.3,902.7,189.4,1063.0,947.1,2067.0,833.4,845.6,2685.0,1089.7,1612.7,1559.5,2400.4,2578.7,4609.7,5106.9,1167.9,1475.6,1208.5,1225.6,2617.6,2075.3,2698.9,1536.5,1025.4,844.2,613.5,2698.9,1396.5,4490.5,1058.7,7441.5,3887.3,5008.7,7549.3,4914.2,7892.5,4529.6,255.3,375.0,859.5,585.2,1092.0,1035.5,3360.6,8401.7,5426.1,6275.9,2893.9,7549.3,6765.0,2785.5,9999.9,9999.9,9999.9,7039.2,9999.9,7135.6,8981.1,5261.6,8828.9,9999.9,1255.1,3360.6,7234.8,6854.0,5106.9,9301.8,9999.9,5919.3,9646.4,7774.7,6430.9,3064.1,4101.6,1160.1,3916.5,2926.4,3642.6,3592.4,8981.1,9999.9,3668.3,9999.9,3802.2,9301.8,7892.5,9471.0,7336.7,6945.4,7774.7,4650.9,9999.9,7660.3,2877.9,9999.9,5008.7,6945.4,4961.0,7135.6,7135.6,43.1,31.2,9.5,67.6,36.7,41.8,289.2,105.2,367.8,249.1,639.1,926.8,175.2,2188.6,108.0,497.9,221.9,234.9,287.6,406.0,1031.4,35.0,221.4,156.1,235.4,252.7,158.9,928.5,232.6,966.4,405.6,494.2,888.9,727.5,1353.0,100.7,1031.4,216.4,264.6,491.4,769.4,3195.7,113.3,175.5,456.9,291.9,630.6,761.5,2304.8,869.6,5483.2,3519.6,2959.6,2831.0,7135.6,4200.8
20260905_青森_4R,20260905,12,青森,4,109.0,82.2,142.8,221.0,57.3,267.7,315.7,113.7,130.6,101.2,305.2,42.5,173.7,214.4,153.2,252.3,342.5,197.3,125.8,421.3,575.9,209.5,158.6,330.8,501.3,82.5,379.4,128.1,477.9,542.1,482.3,746.1,270.5,1141.4,1104.0,25.6,20.8,37.3,24.8,93.0,41.2,65.5,212.7,226.4,390.6,276.5,493.9,52.3,508.9,628.3,361.0,779.6,258.1,826.8,217.5,795.8,145.9,86.6,228.7,207.1,80.6,334.9,429.8,183.8,180.8,409.3,605.7,410.1,900.9,621.4,61.5,126.2,190.6,55.8,200.7,596.2,441.1,501.3,746.1,569.0,1447.0,928.7,2438.3,622.8,632.4,1017.8,309.0,1582.9,1439.7,3047.9,2417.8,216.3,632.4,436.4,977.8,1169.4,1511.9,1465.5,566.2,1897.4,1785.1,2604.6,3148.4,2348.4,3696.9,1081.1,1916.4,1443.3,1176.6,2558.1,2068.6,3673.2,67.4,76.8,63.2,149.2,25.2,136.4,124.9,87.8,79.0,286.3,351.3,276.0,700.5,448.0,103.2,107.1,164.9,119.2,182.4,735.5,305.6,84.8,272.7,180.3,339.8,183.7,628.3,79.0,488.9,729.0,459.1,848.9,1110.5,2984.4,1338.8,87.3,360.1,346.8,273.1,619.4,720.7,432.4,272.0,1112.6,948.7,1370.8,3274.4,987.9,2114.4,215.3,547.8,488.9,150.0,606.3,398.2,1188.8,172.0,273.9,399.5,203.4,244.5,804.8,877.5,100.5,136.2,193.9,70.6,311.0,701.3,508.4,239.9,179.4,280.3,229.0,501.3,1219.1,771.2,602.5,507.5,484.3,486.4,1332.6,3080.7,742.2,218.2,128.0,319.4,456.2,729.0,1183.9,779.6,573.0,792.5,1067.0,1367.5,1281.9,2808.9,2221.0,1532.1,1454.3,2513.2,3871.7,1969.1,4476.7,6366.9,1515.9,1345.1,1942.4,1428.9,1421.8,2652.8,4696.9,419.4,281.1,533.0,1012.4,170.2,916.8,209.5,598.1,868.2,763.0,1801.9,1106.2,2938.5,764.0,235.6,654.1,515.3,1019.6,508.4,1532.1,165.4,824.4,774.3,812.7,851.4,1519.9,3255.8,744.1,2665.2,3047.9,2850.8,1969.1,3255.8,6095.9,2130.1,354.1,1394.2,851.4,1665.7,2407.6,2438.3,913.9,2017.6,4407.8,3031.8,5788.1,6821.6,3898.1,2292.0,122.7,425.7,145.0,328.7,640.2,376.9,948.7,1418.3,1656.1,1127.9,2329.3,1169.4,4341.0,3794.8,1361.0,1731.1,550.4,2969.0,2212.4,5257.0,4547.7,1854.4,2076.1,1308.2,2836.7,3331.5,8682.1,4182.6,739.3,432.1,900.9,1196.2,1891.1,3219.2,1866.5,3255.8,3537.1,3696.9,2428.0,4511.9,8682.1,3649.8,1695.3,2768.2,4035.3,3559.1,4374.2,7640.3,7849.6,5847.1,7162.7,9999.9,5405.8,9999.9,3451.9,9999.9,4476.7,6663.0,3794.8,5617.8,4035.3,5673.4,9999.9,84.1,71.9,123.4,96.6,236.7,151.1,175.6,252.5,744.1,720.7,1041.8,1384.1,1507.9,1715.6,163.1,756.9,809.3,692.8,1503.9,1439.7,1150.6,535.5,1000.0,1186.3,1774.0,1461.7,2923.5,2604.6,325.3,1150.6,747.0,1428.9,2162.3,1641.8,837.7,1032.4,2010.6,2628.5,2665.2,2728.6,4735.7,3979.3,481.9,2652.8,2273.8,3183.4,2836.7,4407.8,2923.5,547.2,2592.8,1548.7,2238.3,1273.3,3979.3,2387.5,646.0,794.7,1273.3,1061.1,1757.7,206.1,1725.9,1377.4,3559.1,2628.5,5355.3,5907.4,3537.1,6161.5,1361.0,3845.7,4658.7,4122.4,8682.1,3845.7,5305.7,1605.1,2091.3,3451.9,3820.1,2491.4,4856.1,7539.7,2953.7,6741.4,4442.0,7346.4,8682.1,4658.7,3097.4,4584.1,6438.4,5355.3,4696.9,9712.2,8304.6,9393.8,532.5,4308.4,3255.8,4374.2,3559.1,5673.4,2822.7,3064.2,7441.8,4897.6,9242.2,3626.7,8304.6,4511.9,1148.3,851.4,1484.5,493.1,2865.1,737.4,1377.4,1736.4,2407.6,2407.6,1532.1,4374.2,2894.0,4696.9,816.2,1476.8,2061.2,414.6,3097.4,1747.0,3673.2,2187.1,2178.7,2417.8,1596.1,3047.9,2894.0,5563.3,241.7,703.0,280.7,615.4,1136.9,672.5,1136.9,3924.8,5673.4,3979.3,5070.9,3201.2,7162.7,9095.5,919.7,2754.9,2187.1,2546.7,1323.3,5209.2,2061.2,2908.7,5907.4,5116.2,8682.1,2865.1,8186.0,4939.8
20260905_青森_5R,20260905,12,青森,5,253.5,584.8,325.4,352.7,380.9,261.0,187.9,180.8,118.1,133.9,149.7,117.8,213.1,66.4,906.5,318.0,673.6,651.1,732.0,1415.6,243.7,310.0,191.2,421.4,237.1,87.6,472.9,116.1,237.1,134.3,300.1,143.2,152.1,297.5,28.0,299.2,155.2,445.7,69.5,202.6,426.4,96.7,234.3,292.1,809.4,481.0,356.0,458.4,196.8,120.4,52.0,86.0,64.3,33.3,77.3,153.3,349.1,595.1,336.6,485.7,389.2,206.1,231.0,331.2,380.9,458.4,1221.8,502.5,318.6,934.1,957.8,766.9,1409.4,2491.1,1652.2,1083.8,1890.3,425.6,570.7,1074.7,1505.1,413.0,557.4,1098.6,757.9,1770.5,2530.3,1895.8,2033.8,1172.8,2462.4,478.5,533.8,1245.5,373.8,1647.9,358.0,1333.4,127.4,181.4,437.5,235.8,590.7,286.5,427.9,707.8,1737.0,1841.5,1501.6,1941.7,2053.3,1119.7,142.2,61.1,102.2,159.2,105.0,208.1,57.8,206.6,243.9,342.5,822.9,355.2,295.2,628.8,43.4,127.7,80.8,373.8,105.7,221.1,176.0,175.4,378.0,183.7,770.6,125.5,525.0,392.6,253.0,1303.6,605.1,976.7,735.3,1441.0,1131.5,150.6,364.5,200.4,118.9,549.7,489.8,425.0,289.7,287.9,409.3,555.9,1217.2,496.3,897.6,236.2,981.2,361.8,642.0,1255.2,662.5,1280.2,1221.8,510.0,1158.0,1805.3,1275.2,2560.5,1012.1,1785.3,1196.8,1995.9,4093.6,2700.4,2380.4,3418.6,262.9,479.2,435.4,1243.1,511.7,945.1,774.3,1361.6,2121.1,1012.1,3550.8,1406.3,2934.7,2975.5,3150.5,6363.4,2345.6,4590.7,6427.0,5100.8,6239.8,1810.4,2581.1,1106.2,1096.7,4526.1,2311.9,4146.5,3135.1,2644.8,1836.3,3570.6,5896.4,4623.8,5400.9,1825.8,5141.6,2328.6,3693.7,5493.2,4982.2,5540.5,358.4,230.6,517.0,402.9,99.2,653.1,215.9,484.3,561.3,898.8,1544.9,369.5,704.7,1252.8,279.9,565.2,351.7,1245.5,147.9,771.5,814.5,907.7,1325.1,716.5,2425.3,706.2,2121.1,2008.4,737.0,1989.8,1709.3,2540.3,583.7,1989.8,1846.8,39.1,131.5,73.8,213.7,327.0,259.8,194.6,898.8,706.2,1002.6,1989.8,1953.5,543.2,1935.8,577.9,1737.0,1201.3,1454.0,1907.1,564.7,2453.0,484.3,242.5,577.9,311.5,268.9,610.9,64.9,960.7,1723.0,2734.9,2114.1,2550.4,1421.9,2856.4,494.7,1477.4,831.4,1370.3,1094.9,1852.1,1765.6,1737.0,4657.3,1836.3,3736.6,4372.1,4256.3,4146.5,757.0,2434.5,1995.9,2770.2,850.1,3181.7,2086.7,474.6,1614.8,1110.0,2171.3,631.3,1586.9,1862.9,845.6,1265.1,2079.9,2550.4,2434.5,2263.0,2655.8,329.4,3347.4,1918.5,2540.3,1983.6,2247.2,3135.1,294.9,178.6,414.9,76.2,242.8,476.7,77.0,419.5,515.4,1074.7,305.3,1484.3,604.0,1181.4,183.9,526.3,280.9,134.5,786.6,704.7,500.9,845.6,1704.7,686.6,567.2,2989.3,1800.3,1665.0,35.6,129.9,62.8,149.5,237.6,209.8,114.2,295.7,1713.8,825.0,2295.3,454.5,1751.2,1487.7,546.5,577.4,721.3,2008.4,459.0,1751.2,1314.3,327.5,1470.7,874.4,1260.2,417.8,1709.3,1959.4,120.0,167.1,519.1,230.1,279.9,227.1,141.5,71.3,111.4,374.7,141.3,370.4,182.9,273.8,282.3,283.3,410.6,468.7,1285.4,526.8,870.8,1228.8,1330.6,1080.1,1918.5,3246.0,2425.3,2354.2,575.9,438.4,651.1,1250.4,1344.5,505.6,1151.8,433.0,731.1,1062.3,2510.5,1541.2,1723.0,1226.5,299.3,346.2,371.2,1344.5,271.4,1344.5,1123.6,699.3,1166.4,1627.1,2581.1,2053.3,2255.1,2303.6,653.8,381.8,474.3,347.4,181.3,397.2,853.5,1409.4,2591.5,3166.0,2570.8,4313.4,3017.4,2471.9,614.4,2895.0,1290.5,1935.8,2948.2,2287.2,3825.6,1800.3,3610.7,2570.8,2471.9,4760.8,3246.0,5268.1,757.9,2666.8,1977.5,2002.2,2700.4,938.2,3213.5,540.0,4284.7,2882.1,3871.7,2337.1,3474.1,4463.2,806.4,3364.9,2178.6,3474.1,1021.7,3550.8,3651.7,1841.5,3017.4,5021.1,5100.8,3492.9,5311.6,4200.7
20260905_青森_6R,20260905,12,青森,6,275.2,659.3,200.3,2020.8,911.9,1032.7,231.3,274.7,1049.3,173.4,1288.9,336.9,1039.3,412.5,1148.7,1972.1,1237.7,5155.6,2313.6,3784.7,2204.5,95.2,95.5,539.7,892.0,358.9,92.9,216.5,4144.0,1925.7,5456.3,2705.6,6177.0,6965.5,4850.1,1276.3,1012.0,2518.3,1128.9,5596.2,2859.2,2480.1,2059.0,2897.1,7356.9,899.4,8083.5,4118.0,3178.4,694.3,1085.8,2321.8,801.4,4515.6,2265.6,1755.4,301.5,403.6,202.6,1769.6,861.5,1154.7,182.4,182.2,108.2,70.3,336.6,86.8,389.7,34.4,241.0,97.3,118.1,576.8,234.0,469.7,18.7,148.5,84.5,136.8,791.7,291.9,168.7,55.0,2608.6,568.3,1076.9,1417.2,1788.9,4578.7,434.7,1080.4,279.5,590.9,514.7,2072.0,1188.3,185.4,2305.5,1115.4,1344.4,786.9,5794.3,1860.1,397.3,92.6,32.9,21.2,32.9,271.4,84.5,95.4,160.8,516.3,98.1,749.1,110.3,677.1,342.8,105.8,89.3,41.6,233.5,30.6,219.7,27.0,716.3,181.7,386.2,842.6,189.3,1657.6,508.3,88.4,56.9,272.4,368.8,46.3,136.4,125.4,626.5,220.6,710.9,315.8,128.6,1240.0,515.1,51.2,16.9,78.8,20.9,108.6,151.3,62.0,1709.5,477.2,3446.1,553.9,3482.7,406.4,689.2,531.8,104.7,548.3,213.0,935.3,149.7,480.3,1144.6,2125.8,1294.0,4484.6,2434.0,4336.1,2518.3,645.0,215.3,325.7,1358.4,739.8,1107.8,56.0,1411.1,350.5,788.8,1700.6,523.8,2936.1,806.3,1325.4,663.3,1068.1,3944.3,2650.8,1471.3,1420.3,6482.8,1984.1,1666.0,4066.8,8503.4,8969.3,6681.2,3375.0,1628.7,1320.0,2989.7,6965.5,5196.5,2923.0,9999.9,3446.1,7275.1,5596.2,9999.9,9772.6,6419.2,3193.9,325.5,1764.8,1925.7,6356.9,3678.4,2588.0,72.5,76.6,330.1,665.4,290.6,81.0,208.7,139.4,100.2,225.5,911.9,390.4,181.0,110.6,134.9,104.9,390.2,647.0,191.8,220.1,269.0,635.6,451.5,584.0,2661.6,2091.8,1278.8,1106.0,2072.0,1908.9,1336.2,3257.5,2640.1,2072.0,3074.0,977.2,894.4,436.2,2289.3,3074.0,911.9,1544.2,222.8,264.3,350.1,1132.8,1533.4,695.0,366.1,622.9,269.0,436.2,1032.7,2297.4,1106.0,458.8,5644.5,3241.4,7794.8,4307.6,9999.9,9999.9,8288.1,4066.8,692.1,2273.4,2774.4,3410.2,8730.1,1223.8,1687.5,558.6,1341.7,855.9,376.0,3464.3,1301.7,7275.1,2810.1,2508.6,6750.1,9999.9,9999.9,8969.3,3482.7,3273.8,1068.1,6295.8,4886.3,4336.1,4279.5,7526.0,3741.5,914.4,8730.1,5155.6,8969.3,8083.5,9999.9,9999.9,9999.9,9999.9,9999.9,9999.9,9999.9,9999.9,3428.0,3410.2,9489.3,7117.0,8730.1,9999.9,1937.1,1235.4,3392.5,1897.8,6482.8,5196.5,3340.6,1876.1,516.7,1657.6,1175.5,3290.2,2443.1,765.8,443.6,214.9,527.1,239.0,627.7,909.3,455.9,4744.6,2480.1,1769.6,4454.1,7117.0,8083.5,5036.6,1808.7,1478.0,600.1,3637.5,4886.3,1996.2,2380.9,7794.8,4041.7,1208.0,6820.4,4850.1,9999.9,9999.9,9920.6,6613.7,3968.2,9999.9,6119.2,9999.9,5280.3,4710.5,1876.1,1515.6,4611.0,2751.1,9999.9,3763.0,6892.2,6613.7,9999.9,1408.0,9999.9,9628.8,9489.3,6820.4,4710.5,5366.9,2884.4,9999.9,6892.2,2204.5,5898.7,4016.9,9999.9,2372.3,8394.4,3617.4,5196.5,9489.3,8288.1,9999.9,7275.1,9999.9,9999.9,9999.9,1338.9,1769.6,2242.3,6177.0,5502.2,3806.7,2846.8,9999.9,9999.9,9999.9,9999.9,9772.6,9999.9,9999.9,9999.9,7703.1,5366.9,9999.9,4923.0,9999.9,8288.1,9772.6,3920.7,4578.7,9999.9,4224.2,9999.9,7526.0,1002.7,2033.4,3482.7,1217.0,7794.8,3558.5,4578.7,425.4,164.6,130.5,183.5,1228.4,343.8,491.9,1177.6,292.1,1244.7,564.4,3074.0,786.0,2204.5,3357.7,468.0,2033.4,1727.6,6007.0,3501.4,4710.5,1117.3,354.1,652.1,1468.0,3806.7,1925.7,913.1,9222.0,3720.2,4744.6,8288.1,5693.6,9999.9,9999.9,2219.5,1015.1,1214.7,2470.8,1779.2,7440.5,3944.3,6547.6,1954.5,3699.2,7356.9,2461.5,9999.9,3806.7
20260905_青森_7R,20260905,12,青森,7,549.7,670.6,782.0,696.9,154.7,738.7,475.8,596.9,1517.7,1342.7,3481.0,298.1,1380.4,605.3,892.0,1486.0,1309.8,3234.8,293.0,2511.8,1123.7,1510.6,2052.9,1528.6,3519.2,487.4,4298.7,1809.3,2039.8,4357.2,4241.7,5428.0,1663.6,4815.8,3929.5,53.2,93.6,68.6,119.0,375.2,249.0,89.0,858.5,1489.5,2603.6,3858.4,3789.9,668.5,2463.4,621.8,494.2,1175.2,1154.0,2603.6,305.7,2086.3,269.4,216.9,366.0,176.0,95.4,292.8,258.3,247.5,296.8,269.3,101.1,135.8,212.3,91.2,312.4,436.0,432.7,166.6,276.5,353.0,326.9,432.1,428.1,453.6,179.5,323.1,442.0,420.0,111.9,79.3,84.7,102.4,61.2,80.9,80.3,35.3,80.6,110.5,139.5,49.2,94.4,76.7,195.9,175.8,204.5,269.3,51.6,112.4,147.1,243.9,107.8,209.2,282.7,129.6,143.0,180.5,687.2,1371.5,1215.3,2993.0,362.6,2381.0,504.7,537.3,795.6,645.0,403.5,355.8,596.3,218.0,2593.1,1935.0,2501.9,4213.8,1923.4,4053.8,986.9,1672.3,1357.0,2201.0,3335.9,1231.7,2748.9,752.6,4575.0,1597.2,4744.5,4387.0,3301.5,6671.9,2625.0,226.7,312.4,879.8,647.6,1459.0,1096.7,184.2,2796.9,1229.3,3406.9,2691.2,4542.6,1521.3,1137.6,200.0,140.1,175.2,215.9,716.4,98.7,381.9,2463.4,4241.7,2625.0,5428.0,825.3,4542.6,3598.3,2039.8,2255.3,2389.9,1976.8,1265.8,2389.9,2163.8,4447.9,3462.2,5207.3,6962.0,3371.1,8895.9,2312.3,2859.4,3139.7,4447.9,6042.5,2846.7,6218.5,3202.5,9150.1,4028.3,8211.6,7038.5,9999.9,7535.4,9999.9,648.2,1569.8,2872.2,2287.5,5618.5,3558.3,2186.0,4327.7,2435.3,5876.2,6158.7,5165.3,4675.2,5428.0,3406.9,3079.3,2093.1,3905.5,7362.1,2760.8,6813.9,1830.0,2201.0,1655.0,4003.1,815.9,4779.9,1995.3,1258.3,1436.1,1093.0,541.8,840.5,1374.4,1197.2,1906.2,1824.8,2463.4,3371.1,1326.1,3538.7,922.9,1703.4,1663.6,2186.0,3953.7,1500.0,4186.3,1867.3,7447.7,1426.5,5521.6,4675.2,4417.3,8006.3,5474.4,464.4,973.4,1241.2,1158.2,2614.3,2760.8,904.6,5083.4,2231.7,3598.3,4447.9,5770.3,4417.3,4327.7,1856.5,1514.2,882.2,1750.0,3007.0,939.1,3681.0,2398.9,7278.5,6813.9,7716.9,2521.6,5986.0,5003.9,1177.4,1036.4,1227.0,918.9,739.6,830.7,1215.3,6887.1,2247.4,4675.2,9419.2,5428.0,8211.6,4447.9,6962.0,3371.1,6535.8,6962.0,8427.7,7716.9,9021.2,9999.9,1667.9,9419.2,8107.7,8895.9,9999.9,9999.9,2279.3,1119.7,4186.3,6405.0,6218.5,4779.9,4926.9,7535.4,1222.3,8318.2,6535.8,7625.1,5428.0,8006.3,7811.0,3021.2,4417.3,9419.2,7625.1,5668.2,9999.9,11.9,23.5,22.8,38.1,143.5,103.0,22.0,26.7,60.9,112.2,108.5,55.3,113.1,56.6,88.1,136.4,401.5,316.4,753.5,587.0,85.1,198.1,477.6,828.6,776.3,1676.7,1357.0,546.0,255.5,443.2,554.0,661.6,1293.9,1162.4,473.7,618.2,443.8,1190.5,1331.6,1395.4,2001.5,1307.1,339.4,256.1,821.1,1115.8,1246.1,1459.0,540.0,71.7,109.7,76.8,278.4,230.7,716.4,421.9,1166.6,3443.5,2911.4,3929.5,4417.3,967.5,3124.4,499.6,674.9,757.1,939.1,251.6,389.3,540.5,3353.4,1774.2,4965.1,3881.8,5986.0,2444.6,1774.2,1923.4,1731.1,4889.3,3745.6,4387.0,3335.9,3558.3,5003.9,2346.1,4815.8,4213.8,6535.8,4298.7,5718.8,4926.9,1026.4,5569.6,4889.3,5668.2,3978.3,4779.9,629.1,625.4,1558.4,2329.1,2372.2,2725.5,1462.3,3500.0,1345.6,1617.4,3789.9,3723.8,6158.7,1861.9,596.9,455.2,954.5,982.3,2668.7,335.6,2149.3,543.7,257.7,639.8,733.6,710.8,338.5,594.7,180.3,144.9,135.6,199.5,665.8,111.9,343.9,1028.1,946.0,408.2,1177.4,3050.0,784.9,1940.9,1173.0,1011.8,549.3,1151.9,2809.2,858.5,2531.6,4510.6,2100.0,2911.4,4709.6,4447.9,3500.0,4926.9,200.0,288.1,162.0,485.2,522.0,1581.5,866.7,2679.9,997.6,1083.7,2247.4,2834.1,3905.5,1621.5
20260905_青森_8R,20260905,12,青森,8,1018.5,1357.2,578.5,728.9,832.0,1587.0,321.3,760.3,1207.0,195.7,1608.3,610.9,1414.8,197.7,1621.3,1759.2,1009.9,2272.4,1481.2,955.2,412.5,345.9,153.2,510.1,671.7,130.4,548.3,80.5,712.4,1790.7,1954.1,1236.9,1910.5,1840.2,395.2,705.7,699.2,1127.6,267.9,1530.3,1271.0,267.5,2013.1,2531.2,1348.1,1209.5,3014.6,2361.8,517.1,51.1,41.7,69.4,21.6,101.0,66.2,92.1,1979.9,3191.0,1530.3,1234.3,1916.6,3092.3,604.7,2608.3,4166.0,1260.3,1801.5,3225.3,5216.6,2390.0,3821.1,3999.4,2940.7,2281.0,3242.7,2597.0,2898.1,1249.8,959.8,2563.7,1020.2,654.9,2520.6,738.8,689.5,890.0,930.0,397.8,864.4,1204.6,443.3,2033.6,3108.3,3140.9,1336.1,2157.9,3845.6,1993.0,4957.9,5503.7,3467.7,2631.2,2940.7,4686.8,2856.7,441.4,1582.8,1898.4,636.1,723.6,1336.1,1947.7,1187.9,1685.1,315.7,2026.7,812.8,1960.5,360.7,1666.4,2380.6,698.3,1574.5,1714.0,3749.4,1538.2,2334.2,2642.7,1158.1,2969.8,2843.1,2112.3,2520.6,180.6,203.3,509.6,509.6,47.7,510.1,104.8,2803.3,1418.2,3773.0,1518.7,3635.8,4957.9,2221.9,966.0,1661.8,2040.5,264.1,2856.7,2205.5,799.8,2829.7,3845.6,2690.1,1404.9,5041.2,2428.8,2940.7,266.5,627.5,1315.6,186.5,1257.6,499.9,1414.8,2552.8,2399.6,1518.7,2764.5,1857.3,1354.2,570.2,3140.9,2999.5,2289.7,2112.3,2631.2,2054.4,2361.8,2083.0,2884.2,1204.6,3389.3,3389.3,2325.2,2870.4,1295.7,1608.3,991.5,2343.4,789.3,961.4,980.2,3157.4,1863.0,3332.8,3208.0,5127.4,1694.6,3092.3,2165.7,2468.7,3157.4,1424.9,4108.9,1801.5,1947.7,820.6,672.5,1271.0,491.3,953.7,958.3,415.4,446.6,1342.0,1785.4,721.9,2343.4,1652.6,722.7,410.6,157.2,436.9,707.4,150.6,626.8,99.1,422.4,346.5,600.5,841.3,275.6,1284.6,327.6,81.1,150.6,237.5,410.8,33.1,320.2,62.3,1094.7,1530.3,806.3,2213.7,653.5,1084.8,949.2,1224.3,855.7,850.9,2230.1,728.0,2714.5,921.5,79.8,117.3,42.7,169.3,309.2,214.6,53.0,1617.0,1604.0,922.9,1675.7,3296.2,650.6,964.4,64.3,194.2,92.9,325.8,451.0,66.0,406.9,770.1,2173.6,2999.5,1318.4,2054.4,3092.3,432.8,291.0,498.2,507.1,207.8,410.3,840.2,181.1,2478.9,1363.4,2726.8,1375.9,3680.4,5356.3,2165.7,3658.0,1728.8,3508.2,3332.8,5453.7,2040.5,3260.4,503.2,381.8,837.8,1418.2,512.7,1817.9,400.7,2790.2,1418.2,3428.0,4999.2,1424.9,3999.4,1834.5,4476.9,2399.6,6382.0,2690.1,3549.7,4579.4,3278.2,219.0,225.6,868.1,1125.5,315.9,534.6,1418.2,1003.2,966.0,899.4,393.6,2090.2,1868.8,439.4,1459.6,2127.3,2409.2,900.7,2127.3,2343.4,1375.9,1100.7,1625.7,2574.7,288.9,3076.4,2654.4,970.7,2047.4,2999.5,3680.4,1318.4,5404.6,2739.3,2026.7,211.2,308.2,119.4,416.6,581.8,444.0,161.9,3314.4,1863.0,4081.0,4614.7,1324.3,5404.6,2230.1,2631.2,3140.9,3658.0,3140.9,1499.7,5127.4,1973.4,351.2,865.6,761.3,1324.3,280.5,1570.4,1229.3,3140.9,3370.3,1834.5,1857.3,3408.6,3157.4,817.3,3592.2,3680.4,2083.0,1935.2,3225.3,3613.9,1863.0,3332.8,3680.4,3108.3,1769.6,6184.6,3999.4,3045.2,1106.8,928.6,1546.1,679.4,1315.6,1401.6,691.1,1780.1,1442.1,1445.5,1608.3,3260.4,999.8,1003.2,5881.5,2764.5,5939.7,2631.2,3749.4,5768.4,3726.1,3972.9,3796.9,3972.9,2884.2,1749.0,5606.6,2371.2,574.6,1117.1,2142.5,1013.3,808.5,2468.7,1728.8,27.8,24.5,47.2,10.7,53.2,32.6,58.8,112.8,400.7,701.6,215.7,340.4,322.5,673.3,78.5,298.1,620.3,92.6,552.4,220.7,712.4,208.5,880.9,1129.7,457.9,1262.9,973.8,489.3,27.6,107.7,54.3,247.8,215.6,52.3,225.4,129.5,203.2,451.7,907.5,283.3,453.1,844.9,107.3,282.7,284.7,694.3,126.5,598.7,483.8,222.4,764.2,1136.2,611.5,453.7,1418.2,664.3
20260905_青森_9R,20260905,12,青森,9,726.6,1018.3,3333.6,5310.0,797.6,3071.9,1906.1,498.9,410.9,756.2,2065.0,134.9,1163.3,168.3,1068.1,585.8,2148.5,3717.0,402.7,696.7,928.1,2733.1,1292.8,3591.3,3318.7,1552.0,4646.3,2205.9,8169.3,4130.0,8352.9,3333.6,3644.1,8956.7,7217.5,350.4,101.4,189.5,358.7,949.4,605.8,200.0,4890.8,2733.1,1844.6,5547.8,9999.9,1982.4,3190.5,1568.3,372.0,1356.5,1469.1,4347.4,532.5,2429.4,876.6,1416.0,4153.1,7288.3,959.2,3662.1,2232.4,737.5,352.1,1778.4,3457.7,577.1,2065.0,513.0,794.2,303.4,1218.7,1987.7,504.6,264.2,841.9,3680.2,3289.4,3608.7,5547.8,3473.8,6697.3,5235.2,9292.6,5426.3,5091.8,5387.0,6883.4,9065.9,9999.9,882.9,670.3,850.5,2645.5,4646.3,3046.7,1659.3,4398.8,3304.0,982.0,6300.0,7148.1,4646.3,4560.7,2105.9,1101.3,1612.5,3698.5,7434.0,2382.7,3975.4,163.7,104.4,259.4,659.6,34.9,357.0,51.3,213.6,70.8,452.1,1051.4,138.9,505.7,104.5,91.9,68.0,128.6,406.9,45.8,43.5,36.8,466.0,778.4,325.0,680.1,262.2,847.6,164.1,1925.9,2330.4,1359.0,849.6,1304.2,2421.5,634.3,22.4,81.8,30.9,67.5,270.4,119.1,17.6,690.2,785.0,181.4,726.6,1648.3,383.3,290.1,17.7,33.1,12.2,27.1,78.5,7.2,57.3,894.5,587.6,2003.7,4107.2,436.5,647.5,909.9,601.9,245.3,802.8,1460.5,365.6,174.3,543.8,277.8,226.3,590.4,1437.9,184.0,144.1,160.3,2926.8,1774.2,1322.7,3021.9,1542.3,1083.6,2161.0,7585.7,3490.1,4248.0,3851.8,5506.7,1835.5,7148.1,428.2,504.6,310.1,962.9,2494.6,354.0,582.6,391.2,248.7,162.5,585.3,788.3,234.1,297.0,1243.1,953.0,438.5,1674.3,3473.8,706.6,644.7,2985.5,1941.0,5091.8,5718.5,2232.4,6521.1,3773.6,5235.2,3680.2,2733.1,5348.2,4588.9,8850.0,4827.3,2025.6,3246.3,2413.6,2837.4,1329.8,3218.2,1131.5,5762.8,3218.2,3009.7,4451.5,3996.8,3754.5,4735.0,3034.3,3333.6,2136.2,2545.9,2009.2,3662.1,2445.4,2117.9,5023.0,1697.2,3425.8,3698.5,5631.8,2743.2,8352.9,9999.9,5272.3,6195.0,9999.9,8447.8,6883.4,3260.5,6521.1,1356.5,4451.5,4153.1,2599.3,5807.8,9781.6,7080.0,9999.9,7217.5,5631.8,9999.9,9177.8,9654.6,5348.2,6353.9,8850.0,9410.2,9999.9,9999.9,5387.0,6143.8,4675.5,3591.3,4923.2,9999.9,2608.4,9999.9,5272.3,6578.8,6578.8,8644.2,3218.2,9999.9,3912.6,4617.4,2870.3,3490.1,3289.4,4248.0,3698.5,4796.1,8169.3,5310.0,8644.2,5162.5,9999.9,9781.6,9999.9,9999.9,9999.9,4560.7,9999.9,9999.9,9999.9,9999.9,9999.9,3136.7,9999.9,6043.9,9781.6,9999.9,201.4,61.9,106.7,237.8,528.7,342.5,116.4,489.0,514.8,511.6,1454.8,2626.8,1507.9,1025.3,58.8,218.9,104.2,257.3,631.6,306.3,53.2,246.0,430.2,215.9,673.3,1492.7,344.6,383.5,685.8,2130.1,596.6,1075.8,1822.0,2117.9,1031.0,1941.0,3662.1,2345.1,3556.9,1935.9,5674.8,3851.8,1344.3,2794.7,1145.4,933.9,2445.4,4956.0,1663.1,264.1,864.4,148.8,376.2,656.7,1322.7,942.2,8080.5,4372.9,2961.7,5995.2,9999.9,3473.8,5506.7,5807.8,4505.5,1251.5,8956.7,7585.7,6758.2,5718.5,2486.3,3556.9,825.0,4223.9,8169.3,1882.0,1472.0,1149.0,770.3,563.1,1724.8,1585.0,822.3,1086.8,8352.9,9999.9,6697.3,5126.9,8850.0,8080.5,9999.9,9999.9,9999.9,9999.9,3425.8,9654.6,9999.9,9999.9,2563.4,5853.6,1891.6,1454.8,4425.0,9999.9,4107.2,5235.2,7288.3,2199.4,2693.5,7908.5,9999.9,5426.3,1210.7,330.6,1247.3,1264.2,3975.4,484.3,2360.0,1966.6,766.4,1437.9,3318.7,6143.8,1982.4,4223.9,96.0,173.8,94.0,160.7,276.1,63.5,271.4,1364.0,745.6,400.7,1971.9,3441.7,867.4,1266.4,2076.5,3812.3,770.3,2784.3,2938.3,1626.7,3912.6,7434.0,8080.5,1804.3,8352.9,3304.0,6697.3,9177.8,443.2,1266.4,196.7,692.1,999.2,2881.4,1644.7,3523.2,5547.8,1495.7,2323.1,4646.3,9999.9,3304.0
20260905_青森_10R,20260905,12,青森,10,621.7,1838.9,909.2,849.0,201.8,3063.4,539.2,791.2,3277.5,2599.6,2498.4,386.4,2331.2,1057.4,2257.8,3368.1,4077.7,5567.3,608.1,6417.1,904.4,815.0,2241.2,3473.6,1078.0,421.8,4976.5,1581.3,892.5,2204.8,4936.2,1719.6,549.9,5947.5,2274.7,30.7,54.8,103.8,78.9,81.7,224.9,35.6,5210.4,2916.8,7716.8,7620.3,8965.1,1398.2,4600.9,414.0,715.1,840.2,1479.6,1867.1,192.8,3191.7,790.1,2070.0,1073.2,715.1,212.1,3086.7,590.1,1031.5,2300.4,1606.3,904.4,667.3,2386.0,1053.8,2409.5,2478.1,2733.7,1808.9,1380.8,4175.5,1541.4,819.9,1048.3,2098.5,299.9,456.9,3118.3,776.1,339.8,290.5,921.5,225.6,157.7,1202.4,273.6,107.0,258.0,631.0,310.8,146.1,875.2,180.7,3094.5,2419.1,5833.7,5122.9,2727.6,2154.1,3142.4,557.7,815.0,1123.7,1040.3,646.1,358.1,2783.6,1229.0,3846.2,2622.0,3175.1,524.8,1604.2,1654.3,1407.9,2594.1,1938.4,1460.1,895.1,2157.9,1350.2,3672.4,3003.0,5443.1,5567.3,2362.8,3126.2,2185.0,3010.5,1957.0,5618.6,2752.2,1772.1,2923.8,3705.9,3102.4,1672.5,6157.8,3040.5,2228.9,4976.5,3575.5,328.0,569.7,1442.9,1112.4,1377.6,762.9,690.0,1001.8,1221.6,1681.7,1798.3,2105.7,750.3,1219.2,1625.6,1134.1,1825.2,2916.8,2809.3,911.9,2025.3,2102.1,3251.3,3650.4,4781.3,771.1,6555.1,816.6,1878.6,1953.9,2463.1,2208.7,1391.8,5080.2,1001.8,2959.3,1960.2,5347.6,5618.6,1988.9,3895.3,1707.6,3260.0,2224.9,3834.1,2169.4,2513.9,5890.1,1597.9,5166.3,2478.1,4838.3,3617.9,4204.3,6189.1,3694.7,379.1,996.1,1322.4,1887.3,2400.1,2889.2,279.5,8586.3,6662.5,2667.9,8708.9,8408.6,5418.9,3405.7,343.7,295.9,537.3,934.2,1286.1,192.5,1707.6,603.2,1643.2,3032.9,1019.4,387.4,6189.1,928.6,530.3,640.7,1490.5,151.5,353.2,2945.0,469.1,1966.5,819.3,4133.0,1585.5,1209.5,2697.4,1396.6,2966.5,1998.7,3277.5,2372.0,1972.9,6157.8,1099.4,424.5,75.7,660.1,1271.3,215.6,2304.8,422.1,153.0,206.7,608.4,1201.2,264.0,1602.1,331.2,4600.9,4583.6,2257.8,7968.9,4050.6,4385.8,4433.6,671.7,398.9,973.0,1011.8,722.3,433.5,3586.0,977.7,2679.6,5188.3,1861.4,733.6,5778.4,2113.0,391.0,326.8,976.1,233.4,180.6,1236.5,312.3,3200.1,1284.7,4583.6,2362.8,2386.0,5232.8,2973.7,6157.8,2685.5,5017.5,3483.5,3763.1,6927.5,3565.0,798.9,203.4,888.6,1867.1,442.5,2577.7,765.3,335.9,210.6,630.1,1652.1,462.5,2296.1,502.3,7815.7,4248.2,6065.9,8021.4,6189.1,5697.4,7968.9,2783.6,1114.4,2508.7,3260.0,1881.5,1520.2,7480.0,9.9,17.7,34.9,27.9,23.2,90.2,10.2,28.5,90.3,193.5,87.3,52.3,333.4,57.7,74.8,139.3,399.3,308.8,324.7,218.4,146.2,130.3,307.0,448.5,585.0,679.6,1042.0,102.9,67.0,87.1,246.0,421.5,108.3,658.7,144.0,75.9,62.0,265.1,505.4,131.6,730.9,181.0,328.1,696.7,314.8,1210.7,1101.4,1213.1,625.5,30.9,51.8,86.5,77.9,135.9,142.7,328.4,6773.6,3728.6,9999.9,6967.1,9999.9,2224.9,8128.3,3650.4,2822.3,7620.3,5947.5,3358.8,2656.3,3586.0,1614.9,1527.8,2142.8,2249.5,2923.8,1019.4,1800.9,9754.0,8771.6,4744.1,8294.2,8586.3,6126.9,4838.3,7526.2,5278.1,5080.2,9999.9,4896.6,5210.4,7917.2,9378.8,4549.4,6967.1,9993.8,5947.5,7620.3,9999.9,1095.4,2483.2,1441.2,4689.4,3717.2,4838.3,2703.4,7047.7,6626.3,3607.2,5516.9,9236.7,9999.9,3586.0,454.9,756.8,736.7,1371.4,1309.6,225.0,3304.2,455.1,573.4,736.7,948.0,694.7,317.6,2583.1,1168.9,767.7,1254.3,2196.8,2233.0,758.2,2204.8,353.1,305.8,447.2,766.8,888.0,204.4,1279.3,1369.9,794.3,1923.1,1479.6,1250.5,824.9,4308.3,2173.3,1097.4,2098.5,2102.1,1767.0,1326.7,6157.8,110.0,173.2,290.7,213.2,407.0,469.4,1035.0,4653.6,4189.8,2828.8,3358.8,6126.9,6811.4,2463.1
20260905_青森_11R,20260905,12,青森,11,453.5,1304.4,229.6,1784.8,263.2,1370.1,307.4,318.6,677.8,90.0,894.1,55.8,935.4,303.0,2167.4,1328.9,695.8,3283.9,692.1,1171.6,1894.7,74.4,48.4,176.2,38.4,19.4,201.6,71.1,3306.9,2554.8,3547.3,869.3,1665.1,4409.2,3734.5,99.9,28.7,225.1,25.7,383.7,346.9,89.3,2509.5,2452.9,1397.2,1030.1,4814.2,1201.5,2513.9,290.5,401.7,1163.0,219.9,1530.1,230.1,1341.5,742.2,2115.6,372.8,2973.4,374.0,2063.2,468.2,820.5,3194.9,1432.5,5572.3,449.6,4328.3,802.3,3556.2,4199.9,5019.0,7410.3,2695.9,4551.0,3306.9,502.7,1493.0,2491.8,2282.8,636.6,3231.4,769.6,6375.5,8736.8,9999.9,7112.4,5922.0,9999.9,6522.4,337.3,307.5,1480.5,445.3,2764.4,1579.6,277.9,4749.5,6522.4,5464.7,5922.0,9999.9,3764.2,3601.4,248.0,484.8,1020.4,333.5,1703.2,192.2,824.3,435.0,914.3,71.9,1350.5,57.5,1112.7,397.8,532.0,2221.9,770.9,3469.0,290.2,2660.4,524.4,1653.4,3187.7,1996.3,6613.9,824.8,1493.0,2830.7,164.1,839.4,1583.1,866.2,150.9,1558.7,744.1,4395.5,7333.5,9563.3,4090.6,3090.3,9999.9,7609.5,17.5,64.9,140.5,30.5,528.3,199.9,46.7,2431.9,4423.0,2808.2,2496.2,9999.9,1170.7,3486.1,532.8,434.8,2305.1,649.2,4090.6,231.9,1938.8,3291.5,2403.0,916.1,5707.1,1236.1,2160.8,3261.2,3998.2,5054.9,5422.8,9999.9,3322.4,4625.4,3909.8,2621.0,3998.2,3986.9,9999.9,1404.1,3909.8,4138.5,1526.8,5753.5,4610.3,4507.5,2786.1,3794.5,4931.6,9999.9,9999.9,9999.9,9999.9,9999.9,6870.7,9999.9,1247.0,2461.5,1149.7,2004.7,7148.3,1441.3,2640.6,1331.4,2655.4,2611.3,2297.6,3657.3,1441.3,2711.4,4212.4,3353.9,5261.6,5550.4,9999.9,3503.4,4450.8,122.9,100.0,297.9,52.5,35.3,315.5,123.3,386.9,1223.3,2001.9,1838.1,606.9,2930.3,759.3,239.8,929.9,1912.6,1336.5,226.2,2411.2,855.2,1211.7,3538.4,3676.3,4315.1,2290.2,3246.2,4090.6,427.6,1952.2,2239.5,3435.3,1072.2,3103.8,1816.9,75.4,327.7,144.0,889.6,493.3,971.4,324.1,1520.2,5320.9,4717.9,4655.8,4671.2,2842.1,5997.3,363.7,661.0,1009.5,2343.3,1705.2,570.7,2930.3,8958.0,8375.0,9999.9,2027.7,5800.7,9999.9,9628.4,9999.9,9999.9,9999.9,9999.9,9563.3,9999.9,9250.8,9628.4,9999.9,9999.9,9999.9,8901.7,9999.9,9999.9,9999.9,9999.9,9999.9,9999.9,9999.9,9999.9,9999.9,1899.8,9563.3,9999.9,9999.9,5707.1,9999.9,9897.7,6772.1,9015.1,6938.1,9999.9,5897.4,9999.9,9999.9,9999.9,9999.9,9999.9,9999.9,9999.9,9999.9,9999.9,9999.9,9999.9,9999.9,9999.9,9999.9,9999.9,9999.9,85.5,19.3,202.1,25.8,493.6,277.4,67.1,146.0,100.4,733.7,205.8,1406.9,677.8,120.8,15.9,46.5,112.2,25.8,411.3,135.7,33.3,490.4,941.7,333.4,804.6,3246.2,642.1,957.6,50.7,165.5,56.2,477.3,357.4,473.2,160.8,1910.0,3638.5,1691.0,5443.7,2190.9,5872.9,3909.8,843.4,1332.7,465.8,917.8,1132.3,4355.0,1243.7,108.2,101.8,74.5,561.2,180.9,1508.9,641.6,5301.0,4610.3,3299.2,1982.3,9999.9,2797.1,6074.5,6644.9,9999.9,6462.9,8424.8,9999.9,5281.2,5707.1,5320.9,9628.4,6346.9,7951.5,9999.9,2680.6,9999.9,1917.8,2882.6,3017.8,2706.2,3815.0,1717.6,3452.1,2737.6,7568.8,7951.5,6100.7,9999.9,4162.8,9250.8,9999.9,9999.9,9999.9,9999.9,9999.9,9999.9,9999.9,2541.0,4187.5,2007.6,2297.6,3124.4,9999.9,4702.2,5616.5,5753.5,6707.9,6404.4,9131.4,9999.9,5381.6,332.0,561.6,1592.0,307.9,2010.4,207.6,1740.9,174.4,317.6,737.1,224.2,1225.4,113.1,636.4,615.6,549.4,2407.1,900.3,4464.9,257.4,2621.0,3556.2,2961.0,4551.0,4423.0,8526.3,2630.8,3998.2,366.0,526.7,951.1,2021.9,1423.9,482.2,2308.9,7148.3,5222.7,9999.9,9999.9,5109.6,6583.1,9999.9,164.0,143.3,154.8,998.8,301.7,1859.8,1139.5,2961.0,2748.3,5091.2,4199.9,3194.9,9999.9,2650.5
20260905_青森_12R,20260905,12,青森,12,345.8,242.8,138.9,284.2,114.2,531.9,42.0,582.9,1394.8,182.4,1826.6,486.6,1081.3,233.0,366.9,1055.9,482.7,945.9,381.0,1001.6,113.8,183.4,233.1,425.4,907.7,167.8,169.3,87.7,1087.1,3641.0,2260.9,2008.2,1764.8,3347.0,693.2,110.4,288.3,247.3,135.5,596.0,389.2,46.0,1079.1,1853.9,1618.2,574.2,3004.8,871.9,435.1,12.8,64.4,12.9,22.4,145.5,18.5,103.2,690.8,338.5,263.2,405.8,187.6,892.6,61.3,1284.0,3867.4,1239.7,2537.8,2366.9,4478.1,1680.4,735.8,5265.8,3061.7,1798.2,1370.0,5036.1,792.0,573.8,1347.1,2557.9,1668.3,866.3,776.8,760.4,541.9,1725.3,1469.6,1108.0,543.7,2056.7,481.5,158.9,1059.3,795.9,447.3,384.7,1088.6,192.7,2456.8,6518.6,7059.4,2167.0,4782.8,2549.8,2787.2,50.5,804.6,224.3,348.7,355.3,216.5,1159.6,1382.9,2607.4,438.1,4429.0,1180.0,2977.1,443.6,1798.2,6054.7,1637.9,3742.1,3108.8,6364.6,2582.4,5214.8,8463.9,7184.9,9999.9,7153.1,9999.9,5921.6,502.6,984.5,3299.2,4515.6,897.6,384.9,656.3,7090.4,6735.8,9999.9,9999.9,9999.9,9999.9,9453.8,1379.3,2721.5,6100.4,1211.8,9031.3,4490.5,2187.5,5300.3,7847.6,9999.9,1812.3,9999.9,4840.1,6217.7,473.3,2041.1,2196.4,1049.7,5921.6,2018.2,3682.4,957.1,3157.4,1404.5,2332.7,979.1,2624.3,287.8,1210.0,7449.8,4854.6,2982.6,2088.6,8463.9,1324.0,5652.4,7924.5,9999.9,9999.9,8164.7,7153.1,4072.0,2599.0,7153.1,9082.0,9999.9,5836.1,8248.0,2960.8,5943.4,8206.1,9999.9,9999.9,9999.9,8691.4,8553.5,1461.6,2988.1,7589.7,4566.7,6764.0,6314.8,1728.9,5773.6,9999.9,9999.9,9622.7,9999.9,8738.4,7184.9,246.9,864.0,3785.9,1710.7,3114.8,972.6,2856.2,600.3,659.5,1229.3,2498.6,474.3,557.4,270.1,886.3,1730.8,3016.0,2816.4,1404.5,1419.3,1246.4,676.9,1317.5,3506.7,3699.3,999.1,513.8,1011.0,2498.6,4958.9,7519.1,9999.9,6054.7,6339.6,2960.8,5712.4,5732.6,6571.6,9999.9,5836.1,5498.6,7519.1,643.0,1012.2,1184.3,2549.8,3616.5,870.0,1004.1,712.1,1087.8,800.3,3340.1,3360.9,872.9,1041.6,319.4,1027.7,1333.8,1338.2,3600.4,1000.9,1040.9,2522.0,9738.6,7282.0,5794.3,5132.1,9509.4,1816.4,1794.2,3608.5,4103.0,3674.1,1899.6,5443.1,2158.3,9999.9,7348.2,9999.9,9999.9,9999.9,9999.9,9999.9,9680.3,8738.4,9999.9,9999.9,9999.9,9999.9,9999.9,7381.7,7963.6,9999.9,9999.9,9999.9,9797.6,9999.9,5517.4,2566.0,9999.9,9999.9,8882.4,9999.9,7090.4,9999.9,9999.9,9999.9,9999.9,9999.9,9999.9,9999.9,1685.7,3484.0,9999.9,6598.4,9082.0,6998.3,9999.9,87.6,245.3,181.7,142.1,614.6,417.2,30.3,97.0,654.7,406.7,262.2,288.0,604.3,107.2,481.1,927.4,2861.2,386.6,4231.9,1764.8,665.2,549.6,1014.1,3514.3,1484.4,2918.0,2680.9,595.2,339.8,501.1,553.8,917.4,1560.4,413.0,419.8,1683.9,1214.5,5388.7,4334.0,2982.6,4369.2,2322.7,1180.0,1390.0,2912.8,3004.8,1010.3,3724.9,1330.5,32.3,105.8,477.0,145.2,213.3,668.8,528.1,2861.2,5443.1,4392.9,1405.7,7348.2,2299.5,1049.0,4453.4,9999.9,9999.9,4768.7,9999.9,6652.7,6146.8,6625.4,9999.9,9999.9,2902.3,9999.9,9031.3,9082.0,6735.8,9999.9,9999.9,9237.7,9999.9,9999.9,8419.8,1392.4,2423.7,1721.6,5283.0,6054.7,1792.2,2193.5,9999.9,9999.9,9999.9,9999.9,9999.9,9999.9,9999.9,2871.4,4913.7,4490.5,7519.1,2064.6,8833.9,3506.7,1005.3,4840.1,5921.6,4528.3,2836.1,8931.5,3707.8,11.9,70.1,11.5,26.6,140.9,20.9,123.6,35.6,586.1,157.0,265.3,426.3,166.4,1023.1,263.0,1040.2,1348.3,793.2,3923.8,1136.0,3120.8,55.4,224.4,897.6,390.2,925.8,285.7,1027.7,124.3,444.6,832.0,438.1,1772.6,456.2,744.2,621.5,1879.7,5164.9,2442.0,3454.3,3360.9,5214.8,51.9,179.6,618.9,251.8,315.3,1162.1,870.0,515.6,2851.1,4768.7,2306.1,1719.8,5692.3,2184.6
20260905_立川_1R,20260905,28,立川,1,256.7,253.3,285.9,651.9,151.2,,,462.3,504.2,548.6,1067.2,357.3,,,136.8,287.4,139.2,194.5,47.8,,,278.7,535.4,245.3,885.3,82.9,,,1512.7,1623.0,738.4,1527.6,1171.5,,,76.1,156.4,32.1,45.1,260.1,,,,,,,,,,,,,,,,,234.3,153.0,148.9,221.9,88.9,,,222.2,347.8,232.2,252.9,158.3,,,295.1,558.4,574.9,570.7,335.8,,,279.7,354.9,466.5,502.6,142.9,,,660.2,583.5,842.2,911.2,517.6,,,57.8,107.6,152.3,53.3,151.7,,,,,,,,,,,,,,,,,425.7,440.1,583.5,794.9,401.5,,,300.8,476.5,397.4,360.6,231.8,,,865.6,921.9,1256.5,880.3,1005.2,,,794.9,663.0,1246.5,1074.6,299.0,,,1067.2,698.7,786.9,1059.9,544.8,,,252.9,256.2,502.6,184.1,438.9,,,,,,,,,,,,,,,,,270.0,592.4,287.4,449.0,121.9,,,496.2,921.9,1011.7,1226.9,579.2,,,1120.9,1378.9,1606.3,2105.6,1366.8,,,701.8,1137.3,2360.8,1900.2,613.4,,,1005.2,2023.5,2473.2,2513.1,1947.7,,,169.5,467.9,860.8,359.8,1011.7,,,,,,,,,,,,,,,,,354.1,683.4,380.9,1189.4,120.9,,,452.9,628.2,683.4,986.1,211.7,,,1018.4,745.5,1469.9,1378.9,357.3,,,574.9,875.3,1246.5,1573.9,402.6,,,1750.7,1573.9,1558.1,2105.6,441.4,,,43.6,76.4,105.8,88.1,107.9,,,,,,,,,,,,,,,,,1854.9,1877.3,1469.9,2134.4,1712.2,,,1623.0,1045.7,1731.3,2050.2,1331.7,,,1770.6,967.8,1791.0,2258.2,1512.7,,,1854.9,2077.5,2434.6,2885.5,2596.9,,,2473.2,1854.9,1972.3,2473.2,856.1,,,890.3,1226.9,1366.8,1573.9,625.7,,,,,,,,,,,,,,,,,24.2,53.2,10.4,15.3,85.4,,,31.8,53.0,66.2,34.8,124.2,,,97.0,86.9,194.7,84.4,200.5,,,27.6,89.0,162.6,68.4,185.4,,,8.8,18.3,29.5,17.8,28.8,,,219.4,319.9,354.9,251.3,169.1,,,,,,,,,,,,,,,,,,,,,,,,,,,,,,,,,,,,,,,,,,,,,,,,,,,,,,,,,,,,,,,,,,,,,,,,,,,,,,,,,,,,,,,,,,,,,,,,,,,,,,,,,,,,,,,,,,,,,,,,,,,,,,,,
20260905_立川_2R,20260905,28,立川,2,1340.7,2304.9,1010.5,817.2,817.2,,,1178.9,967.6,601.5,2304.9,326.1,,,4364.6,1935.2,2385.3,4022.2,1250.8,,,693.0,524.6,1306.6,1108.8,395.2,,,1465.2,3308.6,4102.7,2031.0,2889.2,,,377.0,160.3,569.8,289.7,1085.3,,,,,,,,,,,,,,,,,1565.9,2629.9,976.8,1358.5,1000.6,,,1340.7,1036.0,1000.6,1376.7,340.7,,,3944.9,2229.7,3362.8,3944.9,1414.7,,,1199.6,1133.3,2471.5,1235.7,823.8,,,1530.8,1424.5,2889.2,1005.5,895.7,,,487.2,199.1,566.6,356.7,569.8,,,,,,,,,,,,,,,,,1497.3,1120.9,704.9,2849.1,399.0,,,1332.0,748.6,820.5,1395.4,299.4,,,807.6,695.3,403.8,1358.5,125.9,,,635.0,707.3,466.2,2136.8,173.1,,,4459.4,2596.6,3061.7,3061.7,1367.5,,,80.9,67.9,21.7,49.0,198.9,,,,,,,,,,,,,,,,,5398.3,4459.4,3536.8,4558.5,1972.4,,,3205.2,2229.7,3663.1,3870.4,1508.3,,,2051.3,1654.3,1036.0,3536.8,300.3,,,4022.2,3798.8,1577.9,5128.4,1444.6,,,7597.6,6410.5,6837.8,6837.8,5398.3,,,1165.5,1139.6,324.5,990.9,2532.5,,,,,,,,,,,,,,,,,661.7,515.4,1221.0,1274.1,398.3,,,1041.3,840.7,1768.4,1235.7,645.0,,,649.1,505.2,519.3,1628.0,166.6,,,2357.8,2735.1,932.4,3798.8,1041.3,,,2385.3,1695.3,2501.6,5698.2,2357.8,,,304.8,325.0,111.3,415.2,880.4,,,,,,,,,,,,,,,,,2699.1,4558.5,5861.0,3476.8,4459.4,,,2093.2,2357.8,4022.2,1799.4,1917.1,,,4186.4,2849.1,3362.8,4186.4,3061.7,,,9999.9,8205.4,7889.8,9324.3,7073.6,,,3663.1,2279.2,4102.7,7326.2,4364.6,,,3362.8,1681.4,1799.4,3663.1,2889.2,,,,,,,,,,,,,,,,,90.3,49.8,140.9,60.1,223.7,,,77.5,36.0,105.5,52.6,100.9,,,11.8,8.0,2.4,6.9,56.4,,,227.6,200.9,48.6,174.4,555.9,,,63.3,76.6,33.7,102.3,206.7,,,486.1,309.4,361.1,727.4,363.0,,,,,,,,,,,,,,,,,,,,,,,,,,,,,,,,,,,,,,,,,,,,,,,,,,,,,,,,,,,,,,,,,,,,,,,,,,,,,,,,,,,,,,,,,,,,,,,,,,,,,,,,,,,,,,,,,,,,,,,,,,,,,,,,
20260905_立川_3R,20260905,28,立川,3,163.3,48.2,79.2,355.5,79.2,,,182.1,156.7,168.4,335.8,54.4,,,38.1,116.8,105.9,437.7,69.7,,,42.7,68.2,78.8,148.8,29.2,,,831.3,616.9,788.1,647.7,250.4,,,51.6,27.1,66.3,42.4,39.5,,,,,,,,,,,,,,,,,400.4,81.5,148.4,772.4,158.6,,,621.1,356.9,891.1,1604.0,413.1,,,44.1,140.6,83.9,405.1,54.9,,,250.1,631.2,217.8,1398.4,358.8,,,2392.0,3325.4,1482.0,2900.9,1567.1,,,212.8,267.3,129.9,245.0,286.4,,,,,,,,,,,,,,,,,518.4,317.0,451.4,783.5,153.4,,,710.1,501.2,1077.8,1531.9,426.0,,,295.7,381.3,713.8,1356.6,220.0,,,757.4,1498.2,1052.8,1805.8,410.6,,,1256.6,2622.0,2035.0,1933.9,298.6,,,74.6,151.3,116.2,144.3,31.6,,,,,,,,,,,,,,,,,74.6,130.7,128.9,640.1,97.0,,,37.0,105.6,83.6,265.7,40.7,,,203.6,222.9,520.4,1017.5,118.2,,,245.2,277.1,430.1,1398.4,292.2,,,1498.2,1450.4,2350.7,3029.8,908.9,,,95.5,87.1,97.9,180.1,102.9,,,,,,,,,,,,,,,,,139.9,240.4,222.4,410.6,110.3,,,292.5,882.4,322.3,1006.2,411.2,,,528.4,826.3,1082.1,1576.2,335.4,,,343.8,358.3,826.3,1736.8,389.5,,,1759.2,2673.4,2622.0,3588.0,772.4,,,207.6,273.2,171.5,475.0,161.2,,,,,,,,,,,,,,,,,3408.6,2235.1,2647.4,2870.4,1317.3,,,3787.3,4328.4,2782.5,4544.8,2996.5,,,2050.3,4195.2,4398.2,4070.0,779.1,,,2964.0,2964.0,5453.8,6650.9,2548.5,,,3208.1,4010.1,5145.0,5681.0,2622.0,,,966.9,1514.9,505.9,2019.9,1317.3,,,,,,,,,,,,,,,,,132.9,53.8,106.8,119.7,59.9,,,196.3,155.1,149.0,302.9,109.8,,,23.8,62.6,50.6,65.2,12.6,,,110.8,107.3,98.4,274.6,95.6,,,209.4,357.3,133.8,348.2,107.3,,,90.3,108.2,29.0,149.4,89.5,,,,,,,,,,,,,,,,,,,,,,,,,,,,,,,,,,,,,,,,,,,,,,,,,,,,,,,,,,,,,,,,,,,,,,,,,,,,,,,,,,,,,,,,,,,,,,,,,,,,,,,,,,,,,,,,,,,,,,,,,,,,,,,,
20260905_立川_4R,20260905,28,立川,4,82.2,55.7,154.5,258.3,142.9,,,99.5,75.1,253.4,518.2,387.7,,,12.5,27.6,20.7,44.5,49.9,,,172.6,331.6,85.1,212.8,499.7,,,442.0,870.3,189.3,321.9,1111.8,,,390.7,667.7,308.1,729.4,1168.5,,,,,,,,,,,,,,,,,77.3,91.6,169.1,312.7,103.5,,,35.6,53.1,77.4,158.0,19.3,,,80.3,91.4,248.6,471.7,134.3,,,367.9,302.6,559.6,662.4,322.3,,,959.6,586.9,1147.2,959.6,635.7,,,88.2,34.4,123.9,81.1,198.2,,,,,,,,,,,,,,,,,163.4,139.3,378.4,691.4,525.8,,,82.0,110.6,207.0,349.0,40.5,,,139.9,171.8,645.5,1092.6,460.5,,,1013.6,921.1,1511.3,1671.5,1314.5,,,1539.0,1402.2,2575.4,1956.5,2426.8,,,852.6,283.9,927.9,876.3,1502.3,,,,,,,,,,,,,,,,,6.5,15.8,13.8,30.9,24.9,,,32.0,38.8,138.7,274.6,45.6,,,62.6,55.6,274.0,467.4,164.4,,,156.3,344.8,492.9,428.5,355.9,,,335.1,664.2,849.8,653.8,760.2,,,220.6,199.3,358.0,457.2,762.5,,,,,,,,,,,,,,,,,617.1,1116.7,351.0,746.7,1064.9,,,895.0,867.3,1173.9,1349.7,895.0,,,1476.0,1147.2,2003.1,2273.8,2233.5,,,429.2,1042.9,1842.3,1126.7,1434.0,,,824.8,1107.0,2003.1,1152.4,1157.7,,,2403.7,1842.3,2085.9,2969.3,2575.4,,,,,,,,,,,,,,,,,1802.8,2214.0,796.2,1237.2,2804.4,,,2138.9,1815.8,2120.9,2214.0,1740.6,,,2523.9,2103.3,2273.8,3004.7,3554.8,,,948.8,2358.8,3457.4,1941.5,4006.2,,,1196.1,1883.5,2629.1,1855.8,2629.1,,,4351.6,3116.0,3711.7,5150.9,3457.4,,,,,,,,,,,,,,,,,519.3,1425.9,855.5,1450.5,1987.3,,,336.0,183.8,624.7,390.7,733.7,,,699.1,340.6,1307.7,1417.9,2085.9,,,911.1,1152.4,1740.6,2403.7,3235.8,,,2273.8,1520.4,2085.9,3004.7,2549.4,,,3321.0,2358.8,2901.1,3505.5,2450.4,,,,,,,,,,,,,,,,,,,,,,,,,,,,,,,,,,,,,,,,,,,,,,,,,,,,,,,,,,,,,,,,,,,,,,,,,,,,,,,,,,,,,,,,,,,,,,,,,,,,,,,,,,,,,,,,,,,,,,,,,,,,,,,,
20260905_立川_5R,20260905,28,立川,5,524.5,226.3,399.3,508.2,,,,685.2,555.3,366.0,976.2,,,,171.1,491.0,371.6,351.4,,,,403.9,391.7,380.8,725.7,,,,907.7,1397.7,759.2,1133.6,,,,,,,,,,,,,,,,,,,,,,,,,313.3,143.9,218.0,195.0,,,,260.0,94.1,155.3,208.3,,,,39.5,31.2,21.3,6.9,,,,135.6,131.9,51.2,108.2,,,,201.3,308.6,63.5,193.1,,,,,,,,,,,,,,,,,,,,,,,,,367.1,337.4,275.1,585.7,,,,139.3,65.8,108.0,130.2,,,,253.8,81.2,132.1,133.1,,,,177.1,102.6,101.0,283.7,,,,803.9,436.9,531.3,679.5,,,,,,,,,,,,,,,,,,,,,,,,,85.8,302.2,229.7,212.8,,,,23.8,17.8,12.1,4.2,,,,237.6,58.0,134.8,149.2,,,,141.3,35.6,102.6,91.6,,,,154.5,23.5,138.2,104.8,,,,,,,,,,,,,,,,,,,,,,,,,176.6,217.5,200.3,323.7,,,,107.2,108.2,42.2,92.2,,,,137.7,96.6,88.2,262.8,,,,131.9,37.4,94.5,75.1,,,,530.1,274.5,578.8,288.7,,,,,,,,,,,,,,,,,,,,,,,,,1274.6,1397.7,839.6,1629.2,,,,820.0,894.5,164.3,645.7,,,,1696.6,1255.1,831.1,1597.4,,,,494.0,120.5,517.9,386.2,,,,1359.1,785.9,1422.0,562.9,,,,,,,,,,,,,,,,,,,,,,,,,,,,,,,,,,,,,,,,,,,,,,,,,,,,,,,,,,,,,,,,,,,,,,,,,,,,,,,,,,,,,,,,,,,,,,,,,,,,,,,,,,,,,,,,,,,,,,,,,,,,,,,,,,,,,,,,,,,,,,,,,,,,,,,,,,,,,,,,,,,,,,,,,,,,,,,,,,,,,,,,,,,,,,,,
20260905_立川_6R,20260905,28,立川,6,1388.9,1898.5,949.2,900.6,1381.7,,,916.3,610.8,764.9,495.1,332.7,,,2443.5,1561.5,2777.9,1969.4,1885.0,,,616.5,906.8,1999.2,646.8,689.0,,,181.8,243.2,497.9,196.7,191.6,,,375.9,356.6,973.8,298.5,263.3,,,,,,,,,,,,,,,,,1570.8,1940.4,769.4,1474.3,1736.2,,,970.2,382.4,179.7,939.1,192.2,,,2314.9,783.1,773.9,2399.1,988.4,,,285.6,80.1,225.7,261.8,113.5,,,1736.2,1589.7,2466.3,868.1,2030.0,,,977.4,269.5,612.3,237.9,1064.1,,,,,,,,,,,,,,,,,692.6,348.6,358.5,479.8,162.6,,,572.4,160.0,107.7,481.5,92.8,,,255.7,90.3,74.9,248.7,22.4,,,258.7,62.1,70.7,336.1,30.0,,,762.7,703.7,553.2,747.6,311.5,,,56.2,18.9,5.2,10.8,80.2,,,,,,,,,,,,,,,,,2837.6,1926.3,3141.7,2294.8,2217.6,,,2562.1,876.7,1418.8,2294.8,1561.5,,,1055.6,478.0,367.0,906.8,128.4,,,2777.9,945.8,526.7,2443.5,812.0,,,4123.5,3340.5,1954.8,4398.4,3179.5,,,1619.0,949.2,211.1,814.5,1832.6,,,,,,,,,,,,,,,,,407.2,717.1,1482.6,658.1,696.3,,,141.5,36.3,105.0,158.9,52.5,,,333.6,62.5,92.1,380.8,44.8,,,1490.9,412.9,270.9,1300.0,517.4,,,792.5,462.1,741.3,1482.6,713.2,,,288.4,74.3,73.2,279.5,462.1,,,,,,,,,,,,,,,,,518.4,504.5,1015.0,510.4,585.1,,,1360.3,1396.3,2562.1,1059.8,2443.5,,,1007.2,1300.0,959.6,1332.8,735.1,,,2489.6,3938.8,2014.5,4326.3,2837.6,,,1059.8,620.9,1274.9,2335.4,1306.4,,,1077.1,1466.1,876.7,1783.1,1319.5,,,,,,,,,,,,,,,,,489.6,206.1,700.0,313.0,227.3,,,513.4,130.4,221.9,98.6,377.5,,,81.7,23.9,6.8,20.1,84.1,,,812.0,245.0,76.0,241.8,591.7,,,245.9,47.2,62.5,178.6,302.2,,,428.4,469.5,317.9,632.8,353.2,,,,,,,,,,,,,,,,,,,,,,,,,,,,,,,,,,,,,,,,,,,,,,,,,,,,,,,,,,,,,,,,,,,,,,,,,,,,,,,,,,,,,,,,,,,,,,,,,,,,,,,,,,,,,,,,,,,,,,,,,,,,,,,,
20260905_立川_7R,20260905,28,立川,7,492.3,194.3,468.0,1068.2,174.7,,,746.8,522.7,305.2,1313.9,656.9,,,114.3,236.9,144.3,550.9,88.2,,,391.8,288.3,226.2,1087.1,294.6,,,2670.6,2824.1,2296.2,2792.0,2100.0,,,191.9,515.0,180.5,368.3,1096.8,,,,,,,,,,,,,,,,,560.9,307.5,536.4,1420.2,255.1,,,626.7,790.0,133.3,326.7,209.2,,,294.6,816.2,406.7,1507.3,351.0,,,443.5,224.3,353.5,856.1,285.7,,,2960.2,1755.0,2586.3,1833.5,1300.0,,,215.9,162.1,299.2,170.5,249.4,,,,,,,,,,,,,,,,,658.7,528.3,185.5,742.3,555.8,,,589.2,655.2,126.0,516.1,325.8,,,367.8,600.7,140.9,596.3,372.2,,,44.3,37.9,38.8,19.9,20.7,,,742.3,608.1,1011.1,114.3,477.0,,,477.0,288.0,393.7,90.5,375.6,,,,,,,,,,,,,,,,,53.7,133.0,54.6,222.9,31.7,,,212.3,749.0,347.5,880.6,237.6,,,335.6,590.6,146.9,511.8,412.9,,,54.5,145.9,90.7,345.0,104.9,,,1436.8,2013.9,1660.1,1564.9,1279.6,,,103.8,185.0,385.1,178.0,600.7,,,,,,,,,,,,,,,,,91.1,83.5,54.2,311.0,66.6,,,133.0,97.6,142.1,261.6,90.6,,,22.3,26.9,19.8,9.1,13.2,,,26.2,82.0,48.0,188.8,49.3,,,634.8,431.8,122.7,587.8,337.5,,,58.0,57.6,40.1,56.5,164.6,,,,,,,,,,,,,,,,,4725.0,3667.1,3722.7,3460.5,3510.0,,,4635.8,2730.0,4027.9,3560.9,2457.0,,,2996.3,1997.5,2996.3,564.8,1616.4,,,4164.4,4550.0,3839.0,4387.5,3232.9,,,3190.9,2613.8,653.4,3071.2,1575.0,,,3320.3,2317.9,2233.6,2760.6,1997.5,,,,,,,,,,,,,,,,,243.0,468.8,238.5,306.7,1059.0,,,203.9,268.2,321.1,251.4,609.6,,,455.0,353.0,383.3,109.0,566.1,,,250.9,440.3,541.1,241.1,1170.0,,,207.6,199.2,99.1,154.9,472.5,,,2362.5,1806.6,1507.3,2317.9,1222.3,,,,,,,,,,,,,,,,,,,,,,,,,,,,,,,,,,,,,,,,,,,,,,,,,,,,,,,,,,,,,,,,,,,,,,,,,,,,,,,,,,,,,,,,,,,,,,,,,,,,,,,,,,,,,,,,,,,,,,,,,,,,,,,,
20260905_立川_8R,20260905,28,立川,8,113.4,95.9,73.8,154.9,191.8,,,94.0,89.5,20.0,84.9,102.2,,,164.0,177.3,172.7,251.0,239.7,,,41.0,13.8,67.5,39.1,34.1,,,125.4,60.8,125.7,52.8,21.0,,,213.6,136.1,249.9,82.1,48.7,,,,,,,,,,,,,,,,,198.1,122.8,98.4,147.7,328.7,,,302.9,312.1,239.9,610.0,756.7,,,103.6,161.7,99.1,156.0,199.9,,,116.9,127.9,148.1,363.0,410.4,,,292.5,708.8,355.5,407.1,586.1,,,818.9,939.0,854.0,1021.9,874.8,,,,,,,,,,,,,,,,,239.4,267.8,48.0,216.8,312.1,,,394.6,548.4,260.4,919.7,912.7,,,629.2,864.3,368.6,1117.4,1024.8,,,31.7,101.5,88.7,136.6,143.5,,,531.4,1276.5,1290.2,470.1,898.9,,,980.0,1820.8,1343.4,674.2,1379.6,,,,,,,,,,,,,,,,,514.6,786.6,641.6,806.0,755.1,,,342.2,434.7,340.0,441.2,512.4,,,1080.4,1093.5,836.1,2026.5,1580.1,,,681.9,556.1,605.9,1608.5,1294.9,,,1684.0,1539.4,2160.8,2061.4,2049.7,,,1482.2,1546.1,1775.7,1897.8,2423.6,,,,,,,,,,,,,,,,,34.3,14.5,67.7,32.6,26.1,,,70.1,66.8,91.1,215.3,167.5,,,13.6,32.7,40.7,50.4,29.1,,,188.4,166.9,145.8,534.5,290.4,,,121.1,298.6,152.3,501.6,177.3,,,119.3,308.6,127.0,373.2,221.0,,,,,,,,,,,,,,,,,474.4,276.3,473.8,225.8,144.8,,,838.0,1323.6,1220.0,1333.4,1157.0,,,671.7,1868.2,1887.8,840.0,1379.6,,,1668.3,1830.1,2329.2,2759.2,1830.1,,,421.5,1323.6,671.7,1897.8,977.3,,,349.2,1245.4,868.5,1090.2,1103.6,,,,,,,,,,,,,,,,,890.0,669.2,798.8,542.6,322.8,,,1708.0,1811.6,1566.3,1684.0,1637.9,,,1519.9,2637.5,2015.1,1323.6,1992.7,,,2329.2,2543.9,2391.3,2916.2,2657.0,,,926.8,2187.1,936.5,2440.1,1623.0,,,480.1,1820.8,1254.1,1630.4,1258.5,,,,,,,,,,,,,,,,,,,,,,,,,,,,,,,,,,,,,,,,,,,,,,,,,,,,,,,,,,,,,,,,,,,,,,,,,,,,,,,,,,,,,,,,,,,,,,,,,,,,,,,,,,,,,,,,,,,,,,,,,,,,,,,,
20260905_立川_9R,20260905,28,立川,9,1184.4,2276.3,798.2,1574.9,1995.7,,,1194.1,1234.6,553.9,2312.4,1664.9,,,2158.3,1245.1,922.0,2801.6,1879.8,,,362.4,325.5,524.9,573.5,210.0,,,1525.5,2624.9,3167.1,1355.2,2601.5,,,1449.6,1471.5,1694.0,318.4,2408.0,,,,,,,,,,,,,,,,,1107.8,1844.1,650.3,939.9,1765.9,,,625.2,280.1,216.4,266.3,958.4,,,1239.8,526.8,609.5,666.7,1400.8,,,209.6,155.7,403.5,137.8,341.1,,,359.2,149.9,331.8,91.4,444.1,,,1674.5,1204.0,1138.1,564.6,1051.8,,,,,,,,,,,,,,,,,621.2,489.7,278.0,1184.4,813.8,,,362.4,151.1,104.7,182.9,588.6,,,120.7,59.4,25.0,137.5,109.6,,,68.0,83.6,42.9,173.3,91.2,,,728.4,190.3,284.2,186.5,961.6,,,545.6,608.2,241.4,176.9,961.6,,,,,,,,,,,,,,,,,1224.2,662.2,542.5,1464.1,1048.1,,,893.7,354.0,419.2,617.3,991.0,,,180.9,101.7,42.1,169.4,152.6,,,119.5,225.1,64.7,298.2,149.8,,,1618.7,690.4,401.3,779.0,1250.5,,,776.9,891.0,302.5,243.6,1091.2,,,,,,,,,,,,,,,,,33.0,23.1,43.4,83.2,14.6,,,48.1,44.2,147.6,59.8,89.2,,,29.6,42.3,38.1,92.2,45.1,,,60.6,150.2,44.5,259.4,70.2,,,74.2,58.2,89.2,308.6,135.2,,,11.0,46.9,24.6,38.3,94.2,,,,,,,,,,,,,,,,,800.4,1044.3,1982.1,669.8,1324.4,,,189.4,72.1,210.2,54.8,212.6,,,580.4,203.7,417.4,189.3,834.8,,,1618.7,544.6,618.6,682.3,1266.8,,,108.7,73.0,112.0,437.4,158.1,,,1400.8,573.5,1116.3,1336.5,489.7,,,,,,,,,,,,,,,,,1116.3,825.4,844.5,226.7,1294.9,,,1116.3,922.0,793.9,451.0,781.1,,,723.0,707.2,338.4,214.0,1079.1,,,700.4,634.8,346.8,243.6,1059.5,,,61.8,153.8,97.9,128.6,258.0,,,1421.3,816.1,1250.5,1428.3,599.5,,,,,,,,,,,,,,,,,,,,,,,,,,,,,,,,,,,,,,,,,,,,,,,,,,,,,,,,,,,,,,,,,,,,,,,,,,,,,,,,,,,,,,,,,,,,,,,,,,,,,,,,,,,,,,,,,,,,,,,,,,,,,,,,
20260905_立川_10R,20260905,28,立川,10,250.6,115.2,250.4,343.0,258.7,,,288.9,89.1,459.5,523.9,235.0,,,21.4,26.6,44.4,80.4,9.2,,,445.0,657.9,274.7,755.3,527.1,,,407.8,729.1,244.4,922.9,376.8,,,196.5,170.9,48.0,328.9,414.3,,,,,,,,,,,,,,,,,303.2,186.5,225.6,267.3,440.9,,,265.6,258.7,163.6,262.3,654.1,,,110.2,219.7,103.4,92.6,508.1,,,88.1,72.5,84.8,53.1,354.9,,,137.7,135.6,67.9,31.7,246.0,,,1122.9,2066.7,1186.1,1138.0,627.3,,,,,,,,,,,,,,,,,298.9,134.8,467.8,503.5,248.7,,,350.5,327.3,220.3,296.0,632.0,,,107.7,241.8,314.5,265.0,388.1,,,672.3,422.6,557.7,691.7,1165.6,,,344.0,222.7,236.2,351.6,787.0,,,546.8,823.6,627.3,1194.5,1138.0,,,,,,,,,,,,,,,,,10.3,22.9,27.9,51.1,7.6,,,41.4,85.9,37.5,65.6,144.3,,,81.1,167.5,257.5,272.9,247.8,,,137.7,86.6,207.3,328.0,427.5,,,100.5,78.8,206.2,199.6,304.0,,,108.7,413.8,373.4,581.8,671.0,,,,,,,,,,,,,,,,,521.4,848.5,573.8,1290.6,922.9,,,204.0,167.6,197.8,120.5,534.7,,,683.3,394.4,721.3,719.8,1086.6,,,479.8,387.2,654.1,629.6,1285.7,,,1100.8,270.5,783.4,712.2,1635.3,,,1914.0,1924.9,2159.4,2441.1,2611.4,,,,,,,,,,,,,,,,,365.7,785.2,264.6,696.0,484.7,,,166.1,173.6,83.0,46.5,358.3,,,561.4,329.2,367.7,572.9,1076.2,,,143.8,122.5,326.1,336.5,523.0,,,785.2,189.8,606.9,538.1,1386.3,,,1321.0,1295.6,1161.6,1198.8,2092.3,,,,,,,,,,,,,,,,,868.2,891.1,258.5,1310.7,2260.8,,,1611.8,2784.0,1947.2,2260.8,2041.6,,,957.0,1369.3,1336.7,1773.0,2029.3,,,318.1,1471.0,2029.3,2201.7,2830.8,,,2738.7,3062.4,3368.7,3622.2,3963.2,,,1924.9,2694.9,2132.1,2105.4,3743.0,,,,,,,,,,,,,,,,,,,,,,,,,,,,,,,,,,,,,,,,,,,,,,,,,,,,,,,,,,,,,,,,,,,,,,,,,,,,,,,,,,,,,,,,,,,,,,,,,,,,,,,,,,,,,,,,,,,,,,,,,,,,,,,,
20260905_立川_11R,20260905,28,立川,11,224.2,620.4,367.9,790.7,166.1,,,129.4,89.8,114.4,153.5,9.8,,,682.7,217.1,680.0,570.4,144.1,,,405.7,313.9,658.9,858.6,177.3,,,1312.8,640.3,909.1,1552.5,396.2,,,47.1,4.2,48.2,41.6,87.2,,,,,,,,,,,,,,,,,317.1,1122.1,526.3,1581.4,255.6,,,660.2,2266.7,674.6,2518.6,458.2,,,1780.1,2328.8,1024.1,1504.5,1371.0,,,300.3,338.3,461.9,458.2,136.6,,,2251.7,3238.2,1611.4,1789.5,1596.3,,,220.2,256.6,796.2,127.7,607.1,,,,,,,,,,,,,,,,,300.3,241.1,258.7,307.4,32.3,,,745.6,2394.4,988.4,2556.5,521.4,,,695.3,2537.4,1965.4,1888.9,647.6,,,897.1,1376.5,2361.2,2742.0,865.1,,,1168.4,3119.4,2518.6,2833.4,985.5,,,57.9,476.2,447.3,451.5,381.1,,,,,,,,,,,,,,,,,926.4,238.2,809.5,735.9,165.4,,,1459.3,1780.1,936.6,1240.9,429.8,,,485.0,1538.5,1323.0,1360.0,344.1,,,1125.8,1018.0,1323.0,944.4,792.5,,,839.5,1118.4,1030.3,1008.9,378.6,,,138.2,268.5,258.9,400.4,270.0,,,,,,,,,,,,,,,,,556.4,509.7,1082.8,1552.5,346.6,,,346.2,493.4,463.8,539.7,233.0,,,887.7,1214.3,2236.9,2698.5,1160.4,,,1273.4,892.4,1942.9,1059.2,1164.4,,,2500.1,1453.0,2931.1,1581.4,1552.5,,,311.0,362.4,708.3,689.6,813.4,,,,,,,,,,,,,,,,,3617.2,1125.8,1965.4,2720.1,894.7,,,2677.2,5151.7,2956.6,2810.0,4047.8,,,1988.4,4000.2,3238.2,3541.8,2833.4,,,1626.8,2152.0,1988.4,1497.8,1210.0,,,2906.1,2956.6,3579.1,1789.5,1921.0,,,801.9,2595.5,1691.6,1283.0,1103.9,,,,,,,,,,,,,,,,,26.0,3.8,39.5,24.2,59.9,,,79.1,108.3,231.7,68.9,321.0,,,25.0,136.9,183.1,143.6,152.3,,,141.9,265.4,208.5,209.7,209.7,,,96.4,95.5,154.9,183.8,209.1,,,247.8,482.9,268.7,332.6,383.7,,,,,,,,,,,,,,,,,,,,,,,,,,,,,,,,,,,,,,,,,,,,,,,,,,,,,,,,,,,,,,,,,,,,,,,,,,,,,,,,,,,,,,,,,,,,,,,,,,,,,,,,,,,,,,,,,,,,,,,,,,,,,,,,
20260905_立川_12R,20260905,28,立川,12,844.2,542.4,608.0,1197.2,432.9,,,759.5,508.1,329.0,394.3,523.8,,,240.1,230.4,108.6,249.3,81.0,,,186.5,129.9,84.3,205.8,89.2,,,1147.2,441.3,598.6,571.6,763.0,,,187.7,397.6,111.3,178.3,523.0,,,,,,,,,,,,,,,,,1621.9,865.3,1149.2,2360.2,690.9,,,1692.8,958.5,1434.6,1192.9,771.0,,,586.3,530.1,558.5,745.7,121.6,,,1195.1,1377.6,1055.2,2335.1,698.3,,,2552.3,1208.2,1437.7,2552.3,1256.6,,,436.6,337.8,89.5,353.8,578.1,,,,,,,,,,,,,,,,,1043.5,650.6,459.2,421.0,722.0,,,1440.9,761.2,954.3,725.2,569.1,,,437.5,460.1,489.5,243.7,233.3,,,567.1,827.2,695.3,548.2,579.1,,,184.2,177.9,122.7,183.2,112.7,,,659.8,289.1,263.9,490.3,330.7,,,,,,,,,,,,,,,,,148.3,147.4,65.6,182.9,61.5,,,212.4,149.8,170.9,228.8,22.7,,,201.3,152.9,212.9,124.4,78.2,,,102.6,161.3,187.6,259.5,89.5,,,247.1,161.1,54.3,215.7,67.0,,,31.0,4.3,29.0,34.9,40.3,,,,,,,,,,,,,,,,,251.9,185.8,145.9,274.4,142.3,,,779.2,858.5,763.0,1545.7,582.2,,,531.4,915.8,820.0,699.0,627.7,,,293.5,534.9,485.2,653.2,264.7,,,730.0,1259.0,596.4,1040.2,807.9,,,376.5,335.1,575.1,293.3,899.5,,,,,,,,,,,,,,,,,1145.2,434.3,613.7,651.3,803.0,,,1513.8,583.2,932.7,1610.0,703.5,,,169.6,140.6,87.8,166.7,83.7,,,255.3,414.6,173.7,507.7,190.7,,,714.2,1182.2,492.5,790.5,653.9,,,606.3,224.5,183.6,174.8,639.9,,,,,,,,,,,,,,,,,200.2,383.7,106.6,220.9,584.8,,,127.8,90.7,26.2,89.6,202.9,,,582.2,237.1,167.5,402.5,422.6,,,44.6,11.1,50.9,43.3,81.7,,,300.5,209.7,385.7,155.9,640.5,,,752.5,382.1,378.4,230.0,748.2,,,,,,,,,,,,,,,,,,,,,,,,,,,,,,,,,,,,,,,,,,,,,,,,,,,,,,,,,,,,,,,,,,,,,,,,,,,,,,,,,,,,,,,,,,,,,,,,,,,,,,,,,,,,,,,,,,,,,,,,,,,,,,,,
20260905_豊橋_1R,20260905,45,豊橋,1,224.3,160.7,446.6,498.3,129.0,,,205.8,346.8,295.8,956.4,216.1,,,140.4,368.4,884.9,860.7,268.9,,,662.1,424.6,966.1,1040.5,553.7,,,1168.9,1820.8,1578.1,1229.6,676.3,,,72.3,140.6,145.0,240.3,154.2,,,,,,,,,,,,,,,,,236.7,126.9,488.0,534.9,153.9,,,104.1,21.3,70.7,204.5,175.9,,,41.1,19.5,55.6,68.1,56.2,,,475.8,167.8,155.9,485.5,430.3,,,666.8,509.0,261.5,795.6,845.4,,,207.1,301.5,196.8,442.4,495.7,,,,,,,,,,,,,,,,,154.7,220.2,130.0,483.0,136.6,,,92.1,23.7,46.0,157.5,109.8,,,107.9,28.1,49.2,229.8,130.0,,,58.9,29.2,36.7,81.1,58.6,,,739.7,480.6,599.2,343.0,717.3,,,181.3,171.8,175.0,171.5,434.3,,,,,,,,,,,,,,,,,106.8,258.0,466.4,528.9,199.7,,,28.3,15.5,32.2,51.1,41.3,,,135.0,24.6,68.0,218.1,141.7,,,430.3,149.3,140.9,440.4,432.3,,,816.2,334.5,544.1,776.1,996.6,,,189.7,130.9,186.0,401.2,422.7,,,,,,,,,,,,,,,,,450.8,224.9,910.4,1052.0,372.7,,,377.2,100.7,205.3,631.2,498.3,,,73.3,34.4,59.5,112.0,126.5,,,769.8,194.4,143.2,769.8,734.0,,,1479.4,1140.7,438.3,910.4,1352.6,,,809.2,662.1,446.6,1018.1,928.2,,,,,,,,,,,,,,,,,1127.2,1392.4,1113.9,1392.4,860.7,,,1075.9,734.0,514.5,1088.3,976.1,,,1279.5,706.6,845.4,734.0,1315.0,,,1168.9,428.4,1007.2,1198.5,1127.2,,,1527.1,1372.2,946.8,1434.6,1434.6,,,653.0,986.3,1315.0,1029.1,1154.7,,,,,,,,,,,,,,,,,76.5,112.9,99.3,281.8,129.3,,,121.7,249.1,206.2,498.3,428.4,,,144.1,213.2,207.6,355.9,541.0,,,135.8,152.4,206.7,639.7,553.7,,,595.5,691.1,553.7,830.5,946.8,,,304.4,910.4,868.6,876.7,1198.5,,,,,,,,,,,,,,,,,,,,,,,,,,,,,,,,,,,,,,,,,,,,,,,,,,,,,,,,,,,,,,,,,,,,,,,,,,,,,,,,,,,,,,,,,,,,,,,,,,,,,,,,,,,,,,,,,,,,,,,,,,,,,,,,
20260905_豊橋_2R,20260905,45,豊橋,2,1420.7,1894.2,684.3,631.4,695.2,,,1199.1,975.4,1089.2,1045.6,435.6,,,2376.4,2178.4,2667.4,2293.0,1420.7,,,768.8,1199.1,2142.7,877.2,583.5,,,527.0,714.2,1029.1,425.7,371.3,,,468.4,405.9,698.9,359.0,343.9,,,,,,,,,,,,,,,,,352.3,647.0,200.1,128.7,107.0,,,275.1,76.2,72.8,282.3,25.8,,,1233.0,382.1,443.0,1333.7,336.0,,,114.3,47.2,96.4,100.6,36.3,,,191.0,331.7,947.1,166.2,166.0,,,59.0,18.8,115.0,31.0,83.9,,,,,,,,,,,,,,,,,865.6,759.9,691.5,1062.6,248.9,,,660.1,285.3,209.1,877.2,63.8,,,628.3,295.7,271.7,982.7,64.2,,,531.3,226.5,260.8,883.1,80.6,,,1375.8,1210.2,1167.0,1199.1,340.3,,,64.2,24.8,11.4,32.2,88.6,,,,,,,,,,,,,,,,,2780.9,2667.4,3112.0,848.7,2010.8,,,2780.9,1080.2,1221.5,2667.4,1156.6,,,1519.8,691.5,663.4,1840.9,190.2,,,2253.5,1485.2,990.1,2841.4,877.2,,,2841.4,1697.4,3532.6,4840.9,3439.6,,,1281.4,914.0,217.1,673.7,1633.8,,,,,,,,,,,,,,,,,463.4,468.4,599.5,670.2,285.3,,,217.4,90.7,175.2,356.1,77.7,,,473.5,196.5,272.3,710.3,104.9,,,1613.6,680.7,656.8,1840.9,602.3,,,865.6,673.7,1221.5,1950.8,755.5,,,113.2,80.7,52.4,130.1,219.3,,,,,,,,,,,,,,,,,578.3,1080.2,1268.9,563.3,531.3,,,726.1,2142.7,3187.9,982.7,1080.2,,,1742.7,2420.4,1537.7,2723.0,1062.6,,,3844.3,5682.8,3844.3,5682.8,3630.7,,,792.1,1089.2,2376.4,3960.7,1188.2,,,832.5,1502.3,1256.7,2466.1,1117.1,,,,,,,,,,,,,,,,,128.2,99.0,195.9,89.3,85.9,,,112.9,55.7,152.3,52.2,184.8,,,43.3,26.8,8.0,13.8,82.1,,,409.7,284.7,66.7,189.4,575.7,,,76.8,44.1,29.8,103.6,155.6,,,219.6,383.3,354.2,619.4,272.8,,,,,,,,,,,,,,,,,,,,,,,,,,,,,,,,,,,,,,,,,,,,,,,,,,,,,,,,,,,,,,,,,,,,,,,,,,,,,,,,,,,,,,,,,,,,,,,,,,,,,,,,,,,,,,,,,,,,,,,,,,,,,,,,
20260905_豊橋_3R,20260905,45,豊橋,3,6021.5,3249.7,3529.8,4094.6,4993.4,,,5686.9,5249.5,2225.3,3937.1,5533.2,,,2658.8,4094.6,1678.1,2883.5,1844.4,,,3249.7,2249.7,1637.8,736.4,3791.3,,,4652.9,4014.3,3149.7,1516.5,5249.5,,,3529.8,6824.3,2804.5,3937.1,5118.2,,,,,,,,,,,,,,,,,4094.6,2047.3,1913.3,3937.1,2804.5,,,2326.4,223.7,213.4,1320.8,1183.4,,,603.9,140.8,58.4,304.2,75.6,,,979.5,212.1,95.1,307.8,500.5,,,2967.1,2408.6,974.9,1106.6,2924.7,,,2089.0,1312.3,357.2,812.4,1968.5,,,,,,,,,,,,,,,,,3149.7,2924.7,1204.3,2155.0,3249.7,,,1895.6,228.2,210.6,1071.8,1003.5,,,1320.8,198.1,120.7,598.6,413.5,,,421.2,154.8,69.3,99.5,348.7,,,1392.7,1780.2,1287.6,381.9,2110.6,,,3862.8,1612.0,1106.6,1204.3,2353.2,,,,,,,,,,,,,,,,,741.7,1472.8,467.4,828.8,544.4,,,203.5,38.7,10.6,90.0,13.8,,,656.1,86.9,63.5,295.4,149.6,,,94.0,14.1,25.6,14.4,16.0,,,605.7,314.4,563.9,144.7,234.2,,,195.5,27.1,127.1,20.6,99.8,,,,,,,,,,,,,,,,,905.8,514.4,433.7,322.4,1008.5,,,460.0,108.7,58.9,133.8,254.9,,,104.1,66.4,22.0,17.7,160.0,,,72.8,27.6,23.8,15.7,28.3,,,61.1,124.6,36.1,29.2,167.5,,,812.4,397.5,493.3,205.9,361.7,,,,,,,,,,,,,,,,,2466.6,2177.9,1664.4,974.9,2201.4,,,3470.0,2883.5,1483.5,1411.9,3862.8,,,2177.9,3591.7,1931.4,799.7,3356.2,,,1706.0,1060.7,1392.7,438.3,943.4,,,495.7,787.4,380.5,254.0,755.4,,,3862.8,2527.5,3791.3,1329.4,1421.7,,,,,,,,,,,,,,,,,4094.6,5249.5,2559.1,3529.8,4874.5,,,2967.1,2177.9,488.6,1060.7,2883.5,,,4761.1,2559.1,1574.8,1780.2,4450.6,,,1346.9,316.4,1071.8,311.1,654.0,,,2883.5,1233.3,1451.9,476.1,1008.5,,,5387.6,4761.1,4450.6,1320.8,1364.8,,,,,,,,,,,,,,,,,,,,,,,,,,,,,,,,,,,,,,,,,,,,,,,,,,,,,,,,,,,,,,,,,,,,,,,,,,,,,,,,,,,,,,,,,,,,,,,,,,,,,,,,,,,,,,,,,,,,,,,,,,,,,,,,
20260905_豊橋_4R,20260905,45,豊橋,4,814.6,194.8,325.0,835.1,1002.1,,,1066.5,369.3,411.7,2250.6,506.8,,,55.5,120.2,22.5,186.3,158.8,,,125.0,211.1,40.9,387.7,231.5,,,2250.6,3052.6,1383.2,1924.5,1144.7,,,1590.3,769.8,647.7,595.4,3088.1,,,,,,,,,,,,,,,,,1070.8,246.1,457.9,918.9,1599.8,,,1680.9,829.9,1459.2,1952.8,1670.3,,,95.6,235.4,108.9,95.3,257.5,,,493.6,1383.2,356.4,1144.7,1435.5,,,1680.9,2309.4,423.5,1659.8,2825.3,,,2855.7,1571.4,1169.9,2194.8,2655.8,,,,,,,,,,,,,,,,,686.2,371.9,545.3,2269.9,495.4,,,1092.9,549.8,1459.2,1735.8,965.7,,,214.1,263.4,274.3,783.4,158.0,,,549.8,1149.7,538.7,2629.5,572.3,,,4215.5,5311.6,2159.2,4426.3,4149.7,,,329.5,355.5,159.7,255.1,891.2,,,,,,,,,,,,,,,,,16.6,24.2,6.4,45.1,32.0,,,11.4,36.5,14.8,11.9,41.6,,,38.6,67.9,63.2,206.1,28.3,,,11.2,36.6,48.9,95.2,55.8,,,181.6,80.2,377.7,201.9,299.4,,,91.0,134.4,65.9,105.3,344.9,,,,,,,,,,,,,,,,,163.3,250.3,67.1,420.8,235.4,,,416.2,918.9,260.6,1005.9,1045.6,,,502.9,1252.7,584.9,2350.2,586.2,,,75.5,151.5,262.4,315.0,244.7,,,935.1,2629.5,4828.7,882.3,1149.7,,,756.6,1500.4,903.3,781.1,2737.9,,,,,,,,,,,,,,,,,3449.1,6639.5,2984.0,3199.7,8299.4,,,3541.1,5107.3,829.9,4149.7,6176.3,,,6809.8,6035.9,5010.9,9485.0,8567.1,,,3199.7,915.8,4501.3,2578.4,4023.9,,,4283.5,4742.5,7177.9,3278.7,7377.2,,,9999.9,7588.0,8047.9,5532.9,8567.1,,,,,,,,,,,,,,,,,1724.5,1355.0,990.9,1270.7,3905.6,,,3238.8,1996.8,1212.7,3017.9,3404.9,,,647.7,760.9,368.3,616.2,1580.8,,,748.1,804.7,412.3,829.9,2482.0,,,1590.3,2795.6,1270.7,1295.5,4742.5,,,8047.9,7377.2,5207.5,4426.3,6477.6,,,,,,,,,,,,,,,,,,,,,,,,,,,,,,,,,,,,,,,,,,,,,,,,,,,,,,,,,,,,,,,,,,,,,,,,,,,,,,,,,,,,,,,,,,,,,,,,,,,,,,,,,,,,,,,,,,,,,,,,,,,,,,,,
20260905_豊橋_5R,20260905,45,豊橋,5,31.7,81.2,73.4,96.2,149.2,,,11.8,11.7,14.8,20.1,38.5,,,20.9,7.7,12.6,14.6,26.4,,,54.4,21.3,36.2,42.8,22.9,,,151.1,44.4,39.8,91.6,141.3,,,179.9,86.6,105.5,64.1,116.7,,,,,,,,,,,,,,,,,403.2,703.5,1090.6,1268.6,1416.8,,,355.0,844.6,984.4,1031.3,1595.8,,,1227.5,1693.9,3093.9,2887.7,3125.8,,,1571.0,1703.4,3525.7,3093.9,2135.2,,,2120.3,2021.4,4097.4,4042.8,3697.7,,,2246.0,2279.7,2731.6,2547.9,3225.6,,,,,,,,,,,,,,,,,62.4,61.0,105.3,95.1,191.7,,,107.4,290.9,342.2,243.1,421.1,,,214.1,795.8,657.7,1166.1,1371.9,,,262.5,732.3,650.6,916.0,371.1,,,396.8,739.5,1318.3,1403.7,1423.5,,,835.2,1826.5,1815.6,835.2,1675.2,,,,,,,,,,,,,,,,,163.1,72.3,104.7,135.7,172.4,,,720.2,1161.7,2297.0,2181.3,2387.4,,,207.5,883.9,728.8,1621.4,1587.4,,,360.5,2279.7,821.7,1318.3,953.4,,,419.9,3937.8,2569.5,3062.7,2297.0,,,918.8,2943.8,2547.9,1994.8,2387.4,,,,,,,,,,,,,,,,,412.5,166.0,147.6,265.2,124.9,,,1161.7,1184.4,1630.1,2547.9,1722.7,,,309.0,902.4,781.4,927.2,656.3,,,350.9,1539.1,806.4,1041.9,1014.0,,,978.1,1956.2,1227.5,2569.5,953.4,,,165.8,727.1,387.2,487.4,370.6,,,,,,,,,,,,,,,,,1131.3,386.7,292.9,587.6,916.0,,,2915.4,2860.4,4664.7,4970.6,4890.5,,,700.2,1443.8,2135.2,2807.5,3062.7,,,659.1,4458.9,2972.6,4042.8,3191.7,,,1403.7,4664.7,3032.1,3295.7,1656.8,,,2833.7,4394.3,5139.1,3697.7,1994.8,,,,,,,,,,,,,,,,,1732.6,897.0,687.5,446.5,918.8,,,2526.7,3093.9,4153.5,3260.3,4664.7,,,1479.0,3743.3,3369.0,2048.7,4042.8,,,1384.5,4525.5,3093.9,2485.3,3191.7,,,422.3,1493.6,953.4,1403.7,881.4,,,2021.4,6064.2,2659.7,4097.4,1208.0,,,,,,,,,,,,,,,,,,,,,,,,,,,,,,,,,,,,,,,,,,,,,,,,,,,,,,,,,,,,,,,,,,,,,,,,,,,,,,,,,,,,,,,,,,,,,,,,,,,,,,,,,,,,,,,,,,,,,,,,,,,,,,,,
20260905_豊橋_6R,20260905,45,豊橋,6,26.2,18.0,65.0,0.0,134.0,,,77.6,127.0,307.7,0.0,537.9,,,45.4,118.6,197.4,0.0,447.5,,,280.6,662.1,504.3,0.0,1310.8,,,0.0,0.0,0.0,0.0,0.0,,,388.3,1324.2,952.8,1584.2,0.0,,,,,,,,,,,,,,,,,9.3,5.4,19.9,0.0,66.4,,,11.4,12.6,39.9,0.0,162.6,,,6.1,10.6,18.6,0.0,77.0,,,34.2,54.2,43.6,0.0,250.9,,,0.0,0.0,0.0,0.0,0.0,,,216.2,324.4,246.6,433.2,0.0,,,,,,,,,,,,,,,,,170.4,301.3,536.8,0.0,1324.2,,,106.5,134.9,312.6,0.0,639.1,,,346.6,268.1,1190.0,0.0,1884.9,,,1157.9,1075.9,1634.3,0.0,3038.0,,,0.0,0.0,0.0,0.0,0.0,,,2901.4,2099.4,3353.6,3637.0,0.0,,,,,,,,,,,,,,,,,67.5,172.2,264.8,0.0,686.7,,,37.4,66.1,105.0,0.0,266.4,,,217.9,172.7,580.2,0.0,1218.0,,,452.2,358.6,757.2,0.0,1666.0,,,0.0,0.0,0.0,0.0,0.0,,,1388.3,915.7,2305.6,2265.1,0.0,,,,,,,,,,,,,,,,,884.3,2049.4,1108.2,0.0,3188.0,,,696.0,1004.7,560.1,0.0,2033.3,,,2482.9,1666.0,2413.3,0.0,4303.8,,,1519.0,804.4,2188.4,0.0,3912.6,,,0.0,0.0,0.0,0.0,0.0,,,4452.2,3443.0,4872.2,4165.0,0.0,,,,,,,,,,,,,,,,,0.0,0.0,0.0,0.0,0.0,,,0.0,0.0,0.0,0.0,0.0,,,0.0,0.0,0.0,0.0,0.0,,,0.0,0.0,0.0,0.0,0.0,,,0.0,0.0,0.0,0.0,0.0,,,0.0,0.0,0.0,0.0,0.0,,,,,,,,,,,,,,,,,681.3,1941.5,1344.9,2507.1,0.0,,,855.0,1317.5,1067.0,1805.8,0.0,,,2747.1,2082.5,2436.1,2968.1,0.0,,,1676.8,1247.4,3443.0,3742.4,0.0,,,4376.8,4098.9,4782.0,4165.0,0.0,,,0.0,0.0,0.0,0.0,0.0,,,,,,,,,,,,,,,,,,,,,,,,,,,,,,,,,,,,,,,,,,,,,,,,,,,,,,,,,,,,,,,,,,,,,,,,,,,,,,,,,,,,,,,,,,,,,,,,,,,,,,,,,,,,,,,,,,,,,,,,,,,,,,,,
20260905_豊橋_7R,20260905,45,豊橋,7,2468.8,5727.6,2952.3,4853.9,7343.1,,,2002.6,3492.4,1735.6,469.4,977.4,,,6093.2,6093.2,5615.3,3291.7,5303.3,,,8423.0,3625.0,7955.0,3977.5,4274.3,,,4773.0,1052.8,5303.3,2627.3,1376.8,,,5844.5,1599.9,4619.0,3147.0,1564.9,,,,,,,,,,,,,,,,,5303.3,3014.5,5966.2,5966.2,5727.6,,,3625.0,5615.3,4694.7,2137.1,4274.3,,,5113.9,7343.1,7536.3,7955.0,9999.9,,,7343.1,7740.0,9999.9,5844.5,5507.3,,,4937.6,3818.4,3579.7,4619.0,2468.8,,,4853.9,4474.7,8182.3,5844.5,2835.4,,,,,,,,,,,,,,,,,152.0,212.6,83.5,31.8,37.4,,,265.6,604.1,378.8,77.2,105.8,,,351.8,492.0,409.1,178.3,222.3,,,53.2,209.1,243.9,17.1,22.3,,,12.7,27.6,60.0,8.1,3.3,,,17.7,50.2,83.0,14.1,4.3,,,,,,,,,,,,,,,,,7159.5,5966.2,2309.5,5507.3,5615.3,,,6364.0,8678.2,8423.0,4853.9,9238.1,,,4619.0,6818.6,7159.5,1410.7,6093.2,,,6818.6,9999.9,9546.0,7955.0,9875.2,,,8182.3,9999.9,4773.0,9238.1,5024.2,,,8182.3,7740.0,5727.6,9999.9,4211.5,,,,,,,,,,,,,,,,,6818.6,3625.0,6225.7,6093.2,5113.9,,,6364.0,4773.0,4339.1,9875.2,9999.9,,,1884.0,4150.4,4474.7,883.8,1159.4,,,5727.6,9999.9,8423.0,8423.0,9999.9,,,3923.0,8678.2,1295.8,8949.4,2490.2,,,4773.0,8949.4,2016.7,9999.9,2863.8,,,,,,,,,,,,,,,,,2952.3,732.4,3923.0,2202.9,1118.6,,,5303.3,1674.7,7159.5,6093.2,3923.0,,,145.8,265.4,464.9,151.7,41.4,,,5206.9,7740.0,2468.8,5303.3,4033.5,,,1140.9,4773.0,589.2,4694.7,1403.8,,,632.1,1636.4,167.0,1789.8,765.7,,,,,,,,,,,,,,,,,3369.2,1105.7,2892.7,2347.3,1325.8,,,5507.3,3112.8,7955.0,6364.0,4694.7,,,308.2,832.5,987.5,433.9,97.4,,,5113.9,8678.2,4274.3,6508.6,5206.9,,,3330.0,8182.3,1370.2,7740.0,1801.1,,,818.2,1988.7,204.2,2309.5,951.4,,,,,,,,,,,,,,,,,,,,,,,,,,,,,,,,,,,,,,,,,,,,,,,,,,,,,,,,,,,,,,,,,,,,,,,,,,,,,,,,,,,,,,,,,,,,,,,,,,,,,,,,,,,,,,,,,,,,,,,,,,,,,,,,
20260905_豊橋_8R,20260905,45,豊橋,8,30.8,19.0,16.3,90.8,,,,45.7,92.4,39.7,259.1,,,,67.2,172.4,144.7,326.1,,,,35.9,52.3,80.1,228.9,,,,343.9,953.5,791.9,546.7,,,,,,,,,,,,,,,,,,,,,,,,,7.6,8.1,10.7,47.4,,,,25.9,62.8,104.4,155.3,,,,5.2,30.7,37.8,10.5,,,,111.1,250.1,188.5,407.4,,,,138.1,314.0,59.2,360.6,,,,,,,,,,,,,,,,,,,,,,,,,128.9,331.0,154.3,662.1,,,,118.4,242.0,462.8,594.4,,,,455.7,498.7,1005.8,1129.7,,,,690.9,1093.5,1528.0,1752.8,,,,1778.9,1410.5,2109.5,2147.5,,,,,,,,,,,,,,,,,,,,,,,,,114.4,364.5,324.3,342.9,,,,39.8,138.5,168.2,36.9,,,,609.6,378.3,1508.7,985.0,,,,945.9,749.6,1702.7,1288.5,,,,622.4,183.7,733.4,1377.9,,,,,,,,,,,,,,,,,,,,,,,,,705.2,665.8,1108.7,2187.0,,,,735.7,1146.0,873.1,2314.3,,,,913.3,1537.9,2383.8,2943.0,,,,1471.5,1402.2,2740.0,2535.9,,,,3907.9,3557.9,3844.8,4110.0,,,,,,,,,,,,,,,,,,,,,,,,,805.3,1907.0,1228.7,2003.2,,,,720.1,1216.2,309.9,2091.0,,,,2128.4,1644.0,2708.8,2037.4,,,,1394.0,360.6,2383.8,2383.8,,,,3783.8,3357.5,3907.9,3724.7,,,,,,,,,,,,,,,,,,,,,,,,,,,,,,,,,,,,,,,,,,,,,,,,,,,,,,,,,,,,,,,,,,,,,,,,,,,,,,,,,,,,,,,,,,,,,,,,,,,,,,,,,,,,,,,,,,,,,,,,,,,,,,,,,,,,,,,,,,,,,,,,,,,,,,,,,,,,,,,,,,,,,,,,,,,,,,,,,,,,,,,,,,,,,,,,
20260905_豊橋_9R,20260905,45,豊橋,9,155.9,325.2,619.5,879.2,442.5,,,122.1,124.0,180.0,310.8,76.2,,,484.1,340.3,562.0,1693.0,746.8,,,1185.1,656.8,1085.9,2455.6,1473.4,,,3284.1,1758.5,3450.4,3734.0,3683.5,,,436.1,169.3,506.6,984.0,893.7,,,,,,,,,,,,,,,,,76.0,146.1,285.4,552.9,208.3,,,19.6,21.9,74.8,240.3,38.0,,,44.3,13.3,15.1,192.5,61.4,,,463.5,305.5,163.5,887.8,623.7,,,2271.5,1085.9,1108.0,2065.0,1947.0,,,170.1,66.5,115.8,309.7,524.1,,,,,,,,,,,,,,,,,36.2,33.1,82.7,142.6,21.8,,,31.9,34.7,128.8,304.5,44.5,,,60.4,62.0,121.9,421.3,87.3,,,263.1,418.7,333.6,1211.4,345.9,,,759.2,1117.1,1336.1,1758.5,924.0,,,16.5,43.6,50.0,117.2,220.1,,,,,,,,,,,,,,,,,238.0,253.5,397.9,1427.1,770.0,,,81.3,32.7,20.8,252.8,104.9,,,86.8,53.0,80.9,426.5,204.3,,,127.6,53.6,83.6,255.2,388.2,,,2310.0,709.8,1682.6,1336.1,2672.3,,,597.7,209.1,239.7,348.1,1449.9,,,,,,,,,,,,,,,,,1244.6,1140.5,1336.1,3324.1,2290.6,,,1117.1,781.0,344.6,2810.1,1412.3,,,683.1,902.5,734.7,3097.5,859.8,,,770.0,215.8,508.5,1279.7,1244.6,,,5799.6,4699.6,1805.1,3407.2,3206.8,,,2455.6,1841.7,1310.4,2049.4,4468.5,,,,,,,,,,,,,,,,,3494.6,2163.3,4068.3,4867.5,5678.7,,,5143.0,2672.3,1947.0,5344.7,4543.0,,,1369.7,2698.8,2198.2,4543.0,2725.8,,,4193.5,1947.0,2930.9,2781.4,6648.3,,,6195.0,6814.5,5799.6,4259.0,7571.7,,,6648.3,5799.6,2962.8,6339.1,6989.2,,,,,,,,,,,,,,,,,452.0,92.6,396.7,471.5,1383.6,,,231.7,73.8,141.0,336.9,1032.5,,,18.9,60.3,58.7,106.6,420.6,,,369.8,155.8,141.0,206.0,1632.2,,,991.2,708.0,411.7,681.4,2412.2,,,4543.0,4259.0,1867.0,5047.8,4259.0,,,,,,,,,,,,,,,,,,,,,,,,,,,,,,,,,,,,,,,,,,,,,,,,,,,,,,,,,,,,,,,,,,,,,,,,,,,,,,,,,,,,,,,,,,,,,,,,,,,,,,,,,,,,,,,,,,,,,,,,,,,,,,,,
20260905_豊橋_10R,20260905,45,豊橋,10,90.3,212.3,159.8,467.3,50.4,,,64.4,48.8,90.6,355.2,43.1,,,358.9,131.9,271.6,801.6,140.6,,,78.8,61.2,117.6,396.7,30.7,,,1579.0,1571.1,1883.4,1510.3,771.9,,,27.7,38.3,65.8,54.2,107.9,,,,,,,,,,,,,,,,,140.8,322.9,265.4,570.5,65.6,,,131.8,164.1,394.2,525.4,90.9,,,833.7,439.7,1517.7,1636.9,447.9,,,542.7,827.1,1116.6,1954.0,478.0,,,1503.1,1474.7,1966.3,2461.8,418.5,,,32.9,51.4,110.4,165.2,64.5,,,,,,,,,,,,,,,,,77.6,46.0,113.8,325.3,39.3,,,97.7,113.3,389.3,563.3,62.6,,,38.7,76.4,174.6,260.5,31.2,,,231.9,576.8,344.3,1120.6,295.7,,,1157.9,1319.2,1240.6,1636.9,856.5,,,40.1,45.1,43.2,200.6,135.1,,,,,,,,,,,,,,,,,919.5,374.8,870.8,1503.1,408.1,,,1179.8,580.0,2333.2,2442.5,749.7,,,165.0,259.8,497.0,666.6,121.5,,,1474.7,2442.5,1235.7,2583.8,1555.4,,,4060.4,4810.0,2816.6,4597.8,2649.5,,,519.3,552.3,241.8,1286.6,938.8,,,,,,,,,,,,,,,,,184.2,137.3,268.1,737.3,58.5,,,436.6,1104.7,1555.4,2977.6,509.2,,,328.4,1031.8,849.5,2583.8,449.8,,,1286.6,3126.5,1699.1,3291.0,1447.4,,,2949.5,5210.8,4737.1,4113.8,2043.4,,,153.8,291.9,443.4,903.6,613.0,,,,,,,,,,,,,,,,,3291.0,3473.9,5299.1,4342.3,1313.6,,,3291.0,3006.2,4342.3,6947.8,783.5,,,3095.5,2868.3,3256.7,5899.0,2315.9,,,7105.7,5684.5,4466.4,5899.0,3473.9,,,4225.0,7625.6,8016.6,5684.5,3722.0,,,1081.8,515.9,1776.4,2333.2,2461.8,,,,,,,,,,,,,,,,,24.4,41.2,99.0,85.4,103.8,,,12.6,16.0,55.4,75.3,24.1,,,53.3,40.1,76.0,217.4,143.8,,,224.1,220.7,156.6,650.0,417.4,,,209.4,263.3,371.7,640.6,526.3,,,238.3,108.0,293.2,410.8,519.3,,,,,,,,,,,,,,,,,,,,,,,,,,,,,,,,,,,,,,,,,,,,,,,,,,,,,,,,,,,,,,,,,,,,,,,,,,,,,,,,,,,,,,,,,,,,,,,,,,,,,,,,,,,,,,,,,,,,,,,,,,,,,,,,
20260905_豊橋_11R,20260905,45,豊橋,11,98.2,427.3,70.0,222.7,101.6,,,180.2,727.2,320.3,870.1,416.7,,,784.9,556.5,1451.4,1658.7,819.3,,,115.6,313.5,1403.0,1161.1,514.0,,,461.9,925.0,1634.6,1220.0,523.6,,,107.3,245.2,451.3,256.6,303.0,,,,,,,,,,,,,,,,,99.4,249.0,47.8,142.5,81.0,,,75.3,30.6,14.3,55.7,48.0,,,214.7,63.3,55.1,149.3,229.8,,,19.6,5.4,16.9,14.4,19.9,,,187.0,88.3,184.9,46.7,207.2,,,111.8,116.1,290.0,75.1,213.3,,,,,,,,,,,,,,,,,299.5,538.7,535.3,730.4,559.3,,,134.3,51.0,39.5,89.6,84.8,,,275.1,57.6,144.4,145.0,254.1,,,531.1,83.7,263.6,494.4,600.2,,,562.1,209.9,272.2,453.2,641.3,,,656.3,281.7,498.1,749.9,861.2,,,,,,,,,,,,,,,,,1005.1,717.9,1496.5,1595.8,1169.2,,,587.6,154.0,209.0,375.3,738.4,,,502.5,121.9,256.0,273.9,532.8,,,1588.3,374.1,435.0,1280.3,2016.3,,,1634.6,531.9,495.1,1336.2,1840.0,,,1753.8,1228.9,1341.5,2144.7,2131.2,,,,,,,,,,,,,,,,,295.1,577.5,1115.0,1341.5,827.3,,,87.7,26.1,78.4,60.6,80.1,,,585.6,107.6,402.7,753.3,807.5,,,1295.1,327.8,510.2,1265.9,1675.2,,,1530.6,287.0,927.6,1285.2,1439.0,,,1014.2,493.0,1173.2,1675.2,1709.3,,,,,,,,,,,,,,,,,422.5,716.4,1157.1,970.4,582.5,,,250.9,141.7,233.8,108.4,274.6,,,567.8,209.0,285.8,468.3,590.7,,,1052.2,374.5,390.1,863.4,1145.3,,,1017.3,186.0,604.5,930.2,1149.2,,,577.5,551.1,874.6,1380.0,1220.0,,,,,,,,,,,,,,,,,258.8,588.6,618.9,657.6,488.0,,,298.7,490.1,935.3,330.1,549.3,,,1075.8,677.5,1580.9,1762.9,1718.0,,,1611.1,1551.7,1850.1,2806.1,2806.1,,,1220.0,655.1,1735.7,2806.1,2693.8,,,786.7,967.6,1445.2,2570.4,2104.5,,,,,,,,,,,,,,,,,,,,,,,,,,,,,,,,,,,,,,,,,,,,,,,,,,,,,,,,,,,,,,,,,,,,,,,,,,,,,,,,,,,,,,,,,,,,,,,,,,,,,,,,,,,,,,,,,,,,,,,,,,,,,,,,
20260905_豊橋_12R,20260905,45,豊橋,12,171.9,74.0,36.8,366.5,349.8,,,260.3,643.5,178.2,1134.2,519.2,,,66.2,393.1,69.2,879.0,600.3,,,9.3,23.7,20.7,29.5,40.5,,,872.8,1796.6,1783.6,561.3,3217.5,,,428.4,382.2,877.5,252.1,2237.6,,,,,,,,,,,,,,,,,201.8,78.5,49.2,430.6,436.0,,,293.1,160.8,196.9,659.0,470.6,,,53.7,63.5,28.6,142.4,147.7,,,32.4,88.7,45.3,210.3,207.9,,,1036.3,1000.5,420.3,596.7,1063.2,,,778.9,400.5,295.8,391.9,970.9,,,,,,,,,,,,,,,,,747.0,1272.0,431.0,1893.3,915.0,,,659.0,652.0,367.3,1491.7,819.1,,,1552.9,865.1,869.7,2577.3,1598.3,,,301.6,379.8,656.3,1161.0,582.5,,,2781.2,2187.9,3196.6,1850.6,1770.8,,,550.6,495.2,777.6,389.1,646.0,,,,,,,,,,,,,,,,,93.2,387.9,88.3,967.1,721.8,,,63.0,96.5,45.9,164.8,238.7,,,801.7,314.3,513.8,1630.0,895.0,,,86.3,67.3,195.8,374.9,512.2,,,2524.5,961.4,2498.8,1816.5,3196.6,,,1240.0,735.8,898.3,1023.4,2437.0,,,,,,,,,,,,,,,,,7.9,23.4,21.0,27.9,61.3,,,17.2,67.3,38.3,163.6,172.1,,,84.6,132.0,192.0,463.1,276.8,,,47.9,55.9,144.4,304.2,324.5,,,188.6,484.5,681.8,799.1,904.9,,,207.7,379.8,339.0,664.3,828.7,,,,,,,,,,,,,,,,,2511.6,3442.5,3076.7,1000.5,3757.8,,,2289.6,2486.2,974.8,1086.7,1830.0,,,3038.7,2704.8,3348.8,2563.9,2333.0,,,4356.4,1598.3,5293.3,3076.7,5127.9,,,770.3,1447.8,2051.1,1796.6,2983.5,,,5127.9,4558.1,2675.4,4475.2,3442.5,,,,,,,,,,,,,,,,,860.6,643.5,1285.3,526.5,2355.4,,,463.1,270.6,545.1,265.3,928.8,,,342.1,239.7,693.3,193.5,563.8,,,1452.1,1019.2,1252.6,1295.4,2237.6,,,308.2,349.3,302.5,969.0,1040.7,,,2344.2,2279.0,1367.4,3701.3,1900.7,,,,,,,,,,,,,,,,,,,,,,,,,,,,,,,,,,,,,,,,,,,,,,,,,,,,,,,,,,,,,,,,,,,,,,,,,,,,,,,,,,,,,,,,,,,,,,,,,,,,,,,,,,,,,,,,,,,,,,,,,,,,,,,,
20260905_武雄_1R,20260905,84,武雄,1,12.0,120.9,10.1,86.6,10.8,,,21.2,215.9,23.3,42.0,40.0,,,420.6,638.6,441.9,1026.8,469.6,,,8.2,13.1,133.7,86.7,23.2,,,235.8,108.0,811.9,280.0,389.3,,,27.3,82.0,131.4,78.0,237.4,,,,,,,,,,,,,,,,,48.4,277.0,33.6,290.1,29.4,,,109.0,831.2,203.3,431.0,126.9,,,952.1,1217.8,1415.3,3378.5,775.8,,,57.7,166.7,638.6,722.3,163.3,,,367.4,638.6,2276.8,1232.1,1454.6,,,40.0,80.1,115.0,109.9,563.0,,,,,,,,,,,,,,,,,58.1,658.7,70.2,89.2,138.5,,,81.8,851.5,222.3,178.7,111.7,,,2618.3,2276.8,2992.4,2554.5,2830.6,,,127.1,276.3,1563.2,588.4,469.6,,,128.8,162.3,837.8,349.1,345.6,,,340.0,249.9,793.4,638.6,758.9,,,,,,,,,,,,,,,,,2756.1,3378.5,2380.3,2228.4,1976.1,,,2909.3,4363.9,3879.0,3491.1,1360.1,,,5818.6,3173.7,4363.9,4553.7,4028.2,,,1517.9,5512.3,4028.2,4987.3,3740.5,,,6545.9,6982.3,5236.7,9521.3,4189.4,,,2830.6,1036.9,2685.5,2014.1,3272.9,,,,,,,,,,,,,,,,,39.7,59.2,276.3,198.7,80.0,,,82.4,228.6,926.8,1114.2,286.9,,,163.3,352.6,1939.5,811.9,717.3,,,1475.1,3740.5,3740.5,5236.7,2830.6,,,818.2,2493.6,1586.8,4553.7,1904.2,,,313.5,537.1,818.2,1057.9,1689.2,,,,,,,,,,,,,,,,,1163.7,702.9,3173.7,895.1,2685.5,,,1805.7,1293.0,6160.8,3611.5,2756.1,,,623.4,805.6,1563.2,1190.1,1232.1,,,7481.0,9521.3,4760.6,8056.5,4553.7,,,1309.1,3491.1,2493.6,6982.3,4987.3,,,5512.3,2992.4,2618.3,2228.4,3879.0,,,,,,,,,,,,,,,,,225.2,612.4,952.1,385.0,1415.3,,,147.3,269.9,257.9,221.8,478.2,,,824.6,501.1,1611.3,1261.8,1805.7,,,1662.4,658.7,1837.4,1325.7,1805.7,,,469.6,616.0,1126.1,1176.8,1904.2,,,5236.7,2554.5,2756.1,2228.4,2435.7,,,,,,,,,,,,,,,,,,,,,,,,,,,,,,,,,,,,,,,,,,,,,,,,,,,,,,,,,,,,,,,,,,,,,,,,,,,,,,,,,,,,,,,,,,,,,,,,,,,,,,,,,,,,,,,,,,,,,,,,,,,,,,,,
20260905_武雄_2R,20260905,84,武雄,2,74.9,36.4,198.3,84.5,56.6,,,78.3,82.6,207.3,18.8,35.3,,,50.5,103.6,238.8,111.5,62.6,,,388.7,300.7,378.7,319.1,89.7,,,59.5,15.5,45.8,134.1,20.8,,,40.8,23.2,35.2,13.8,27.4,,,,,,,,,,,,,,,,,191.0,89.6,411.7,165.7,113.0,,,364.5,527.7,1624.2,500.6,794.4,,,75.7,324.8,529.6,210.9,161.3,,,1271.1,1624.2,1353.5,2181.8,870.1,,,142.7,258.7,184.1,1271.1,290.6,,,208.8,686.3,358.2,380.6,575.5,,,,,,,,,,,,,,,,,196.4,231.3,437.6,81.5,105.5,,,343.1,555.8,1606.4,525.8,716.5,,,306.4,661.4,1719.8,781.7,641.1,,,1405.6,2564.6,2436.3,1461.8,1433.1,,,80.7,301.4,324.1,560.0,143.8,,,171.9,580.0,566.6,305.8,287.7,,,,,,,,,,,,,,,,,131.4,274.7,643.9,316.4,166.1,,,116.7,377.7,614.2,295.9,219.8,,,400.5,495.5,1699.8,825.8,619.4,,,1491.6,1782.7,2564.6,2248.9,1476.5,,,535.4,880.6,859.9,1850.4,840.1,,,243.6,341.5,713.0,596.6,835.3,,,,,,,,,,,,,,,,,1555.1,1699.8,1538.7,1827.2,533.5,,,2058.9,2058.9,1898.4,3654.5,2088.3,,,2320.3,3748.2,3950.8,2436.3,2058.9,,,1827.2,2284.1,4176.6,3950.8,2320.3,,,2030.3,4176.6,2248.9,4299.5,2088.3,,,502.3,1624.2,1188.4,1433.1,1218.1,,,,,,,,,,,,,,,,,112.6,30.8,87.3,108.9,36.2,,,129.4,224.8,197.0,1341.1,239.6,,,40.4,155.8,175.2,271.2,50.8,,,232.4,357.4,448.4,1218.1,286.0,,,596.6,2002.5,702.8,1719.8,549.5,,,51.7,296.5,64.3,249.8,91.1,,,,,,,,,,,,,,,,,108.5,68.2,95.0,40.1,70.6,,,195.9,571.0,320.5,440.3,584.7,,,132.8,529.6,509.3,248.1,257.3,,,201.9,291.2,562.2,531.5,632.8,,,115.3,525.8,271.7,482.4,330.7,,,97.0,493.8,157.1,560.0,220.4,,,,,,,,,,,,,,,,,,,,,,,,,,,,,,,,,,,,,,,,,,,,,,,,,,,,,,,,,,,,,,,,,,,,,,,,,,,,,,,,,,,,,,,,,,,,,,,,,,,,,,,,,,,,,,,,,,,,,,,,,,,,,,,,
20260905_武雄_3R,20260905,84,武雄,3,171.7,518.9,281.0,283.0,846.1,,,111.4,249.4,87.2,190.3,281.0,,,604.3,459.4,594.9,1095.7,598.4,,,250.2,112.3,483.5,543.9,610.4,,,558.9,629.3,1692.2,1115.7,793.2,,,1416.7,846.1,1107.6,1208.7,1664.5,,,,,,,,,,,,,,,,,96.7,293.7,165.8,135.7,505.1,,,43.7,31.0,40.0,16.3,88.1,,,192.9,62.5,208.9,70.3,96.9,,,129.0,71.6,239.6,136.5,425.4,,,71.0,14.5,29.6,78.6,88.0,,,656.4,302.1,267.6,769.2,314.3,,,,,,,,,,,,,,,,,46.6,84.2,39.3,75.2,127.4,,,44.8,47.8,40.0,21.1,95.9,,,153.2,77.1,112.7,154.6,73.9,,,24.0,28.7,56.5,81.9,124.8,,,208.0,62.4,236.8,206.3,277.4,,,441.4,292.0,199.0,513.6,505.9,,,,,,,,,,,,,,,,,485.0,341.1,485.0,925.8,335.1,,,294.3,102.4,311.7,116.8,130.4,,,177.1,115.6,176.4,242.5,118.7,,,423.0,455.9,237.7,963.9,429.6,,,909.2,264.8,437.6,1001.9,484.2,,,169.8,105.8,85.7,239.8,178.1,,,,,,,,,,,,,,,,,137.1,56.8,284.6,333.6,396.6,,,161.0,79.5,303.9,254.6,678.4,,,23.3,38.3,73.4,102.0,153.2,,,380.7,414.9,180.6,834.5,500.9,,,710.0,537.2,380.7,1263.9,1646.5,,,1008.6,1523.0,635.9,1005.3,2003.9,,,,,,,,,,,,,,,,,578.0,633.2,1857.3,1258.7,2476.4,,,229.8,78.8,166.8,293.7,308.6,,,598.4,151.3,590.3,581.3,746.5,,,2175.7,400.2,793.2,2191.4,1095.7,,,1397.2,901.2,812.2,2436.8,2794.5,,,3140.2,1145.1,1927.8,1330.1,2517.4,,,,,,,,,,,,,,,,,2017.2,2017.2,1084.0,2003.9,3046.0,,,1594.7,940.1,562.0,1834.9,998.7,,,1485.8,1091.7,641.2,1711.2,1915.7,,,553.8,324.0,332.5,703.4,447.2,,,2361.2,3461.4,1891.9,1720.9,3669.9,,,3422.5,1397.2,2517.4,1485.8,2928.9,,,,,,,,,,,,,,,,,,,,,,,,,,,,,,,,,,,,,,,,,,,,,,,,,,,,,,,,,,,,,,,,,,,,,,,,,,,,,,,,,,,,,,,,,,,,,,,,,,,,,,,,,,,,,,,,,,,,,,,,,,,,,,,,
20260905_武雄_4R,20260905,84,武雄,4,603.2,184.3,314.1,994.1,375.9,,,948.0,747.7,1818.1,1882.6,1333.9,,,167.1,316.0,284.8,543.9,241.3,,,356.3,747.7,300.6,484.4,153.1,,,1669.5,1995.8,1149.1,1307.6,645.8,,,461.6,881.8,337.2,252.3,589.8,,,,,,,,,,,,,,,,,246.4,72.8,123.3,351.5,101.0,,,233.6,96.3,540.6,383.0,809.3,,,11.4,8.1,27.7,54.6,73.5,,,110.1,539.5,195.6,570.8,529.8,,,649.0,704.1,291.3,912.2,975.9,,,514.4,1769.6,606.0,1458.5,1474.7,,,,,,,,,,,,,,,,,1020.9,899.8,2123.6,2794.2,2057.7,,,472.3,174.1,1923.5,655.4,893.7,,,285.4,104.5,832.1,285.4,549.5,,,3051.1,2949.4,2552.4,4147.6,4021.9,,,924.9,814.2,632.0,2917.0,1083.4,,,3051.1,3738.7,3086.6,4915.7,5204.9,,,,,,,,,,,,,,,,,41.3,84.4,157.7,187.0,137.1,,,9.0,3.0,28.5,21.5,66.1,,,42.2,11.8,137.4,47.6,160.3,,,203.4,123.4,222.6,475.7,595.1,,,242.8,98.1,150.6,536.2,415.4,,,443.1,354.8,684.1,1223.2,1092.3,,,,,,,,,,,,,,,,,476.5,1053.3,447.6,884.8,319.4,,,316.3,1434.8,407.1,1240.4,1534.4,,,2391.4,2794.2,2158.1,3122.9,3738.7,,,569.6,480.0,909.0,1307.6,1805.7,,,2288.3,2654.5,3277.1,2268.8,4424.1,,,1070.3,2577.1,4147.6,2552.4,3636.3,,,,,,,,,,,,,,,,,1404.5,1628.5,1061.8,1525.5,1106.0,,,1164.2,1070.3,453.7,1474.7,2057.7,,,2106.7,1397.1,881.8,3686.8,3636.3,,,769.4,308.3,466.5,1347.4,1382.5,,,2026.3,2123.6,3792.1,2504.2,4083.8,,,2435.3,3360.1,4281.4,3492.7,4147.6,,,,,,,,,,,,,,,,,1561.4,2736.6,983.1,848.0,1659.0,,,1757.9,3318.1,1320.6,2577.1,3318.1,,,3198.2,4424.1,3903.6,5104.8,6032.9,,,1340.6,1307.6,2982.5,2949.4,3636.3,,,1474.7,4083.8,5417.3,3492.7,5104.8,,,1190.3,6173.2,6806.4,5898.9,5204.9,,,,,,,,,,,,,,,,,,,,,,,,,,,,,,,,,,,,,,,,,,,,,,,,,,,,,,,,,,,,,,,,,,,,,,,,,,,,,,,,,,,,,,,,,,,,,,,,,,,,,,,,,,,,,,,,,,,,,,,,,,,,,,,,
20260905_武雄_5R,20260905,84,武雄,5,230.3,47.0,54.9,101.8,259.0,,,400.4,124.5,623.0,403.0,398.3,,,27.4,38.7,38.6,35.7,76.8,,,74.2,290.5,60.5,204.0,222.6,,,257.5,498.2,150.7,417.9,718.1,,,336.9,235.6,185.0,438.2,478.0,,,,,,,,,,,,,,,,,353.2,104.5,56.4,219.6,352.4,,,708.1,438.9,203.0,514.1,545.3,,,141.2,265.3,63.6,197.7,378.1,,,29.6,53.6,22.3,25.6,46.4,,,326.1,399.9,223.1,79.6,478.7,,,403.0,291.3,406.2,101.7,415.6,,,,,,,,,,,,,,,,,1124.7,430.2,1084.8,1047.6,724.9,,,1100.4,815.8,484.8,897.1,685.9,,,411.1,838.1,1137.2,575.0,418.5,,,1116.5,529.2,849.7,1223.7,578.3,,,1253.7,1384.2,820.1,1718.6,790.5,,,345.2,371.7,210.8,385.2,369.4,,,,,,,,,,,,,,,,,82.0,84.0,98.1,102.6,190.7,,,166.0,440.8,147.5,309.0,481.7,,,237.1,624.3,740.7,447.9,380.5,,,146.8,145.9,523.8,437.0,544.3,,,328.9,532.9,556.2,695.2,1047.6,,,491.0,687.4,412.8,780.4,971.1,,,,,,,,,,,,,,,,,56.2,211.2,48.1,188.9,169.1,,,17.3,32.5,13.3,18.0,29.5,,,317.3,174.2,177.0,274.8,173.0,,,89.0,57.9,167.5,190.0,213.7,,,255.1,93.6,268.1,192.0,314.7,,,173.6,76.9,93.6,179.7,272.6,,,,,,,,,,,,,,,,,475.7,871.5,270.0,640.0,1033.5,,,514.1,644.0,427.2,165.4,786.4,,,1104.4,999.7,542.4,1176.6,565.4,,,394.7,477.2,503.1,667.9,1092.5,,,567.5,200.7,618.0,422.5,703.2,,,1185.7,1141.5,646.7,1092.5,1195.0,,,,,,,,,,,,,,,,,586.0,337.6,322.7,586.0,856.9,,,411.7,191.6,366.3,138.6,332.5,,,182.8,144.1,89.6,184.0,169.4,,,492.6,550.2,272.1,742.5,740.7,,,410.6,136.7,202.4,415.0,433.3,,,1301.8,620.5,442.0,681.3,838.1,,,,,,,,,,,,,,,,,,,,,,,,,,,,,,,,,,,,,,,,,,,,,,,,,,,,,,,,,,,,,,,,,,,,,,,,,,,,,,,,,,,,,,,,,,,,,,,,,,,,,,,,,,,,,,,,,,,,,,,,,,,,,,,,
20260905_武雄_6R,20260905,84,武雄,6,419.6,184.4,587.3,317.2,560.3,,,522.3,493.2,931.5,445.2,349.4,,,198.4,400.1,315.1,302.1,355.8,,,1091.4,1477.2,630.3,1107.9,1133.7,,,192.3,272.0,181.0,435.9,271.0,,,535.7,335.8,449.3,699.7,531.8,,,,,,,,,,,,,,,,,160.8,80.5,218.6,221.4,218.1,,,104.5,38.1,143.4,169.6,63.1,,,17.7,13.9,9.9,44.0,21.3,,,471.7,382.3,115.0,606.8,598.1,,,182.8,249.5,117.2,463.5,364.2,,,204.2,77.5,84.0,450.0,434.6,,,,,,,,,,,,,,,,,340.5,294.8,727.6,372.6,198.4,,,168.5,63.2,273.1,289.6,68.2,,,195.3,64.4,173.4,432.0,96.0,,,1379.7,715.1,611.9,1741.1,769.7,,,392.0,479.5,569.0,965.3,338.5,,,56.1,41.5,36.6,181.5,146.9,,,,,,,,,,,,,,,,,96.1,289.8,272.0,357.5,259.7,,,25.3,20.7,12.1,61.8,29.6,,,230.8,54.3,184.8,443.1,127.2,,,186.3,49.9,214.7,313.1,208.0,,,367.9,170.7,513.1,362.9,564.6,,,304.3,123.8,182.8,298.7,767.7,,,,,,,,,,,,,,,,,1426.8,2358.9,1239.4,2321.4,1863.0,,,1103.7,794.8,231.7,1440.9,1282.9,,,2500.0,1055.9,971.7,3079.0,1710.5,,,724.0,200.4,661.7,1087.3,753.8,,,2074.5,2340.0,3286.5,1671.4,2984.7,,,1839.6,2135.0,1950.0,1329.5,3323.9,,,,,,,,,,,,,,,,,97.3,226.2,93.0,195.0,158.1,,,161.0,307.2,156.4,588.5,474.0,,,366.5,437.8,491.6,1142.5,441.1,,,143.3,121.0,398.5,191.4,258.1,,,946.6,1170.0,1762.0,805.7,1643.2,,,613.2,1008.6,688.2,709.9,1710.5,,,,,,,,,,,,,,,,,484.2,259.5,449.3,1012.1,567.9,,,542.6,173.0,214.9,889.0,883.7,,,83.6,68.8,62.3,339.7,200.8,,,383.3,189.4,154.4,431.4,850.3,,,1839.6,1887.1,1184.2,1160.7,2839.8,,,889.0,1282.9,619.7,1091.4,2059.8,,,,,,,,,,,,,,,,,,,,,,,,,,,,,,,,,,,,,,,,,,,,,,,,,,,,,,,,,,,,,,,,,,,,,,,,,,,,,,,,,,,,,,,,,,,,,,,,,,,,,,,,,,,,,,,,,,,,,,,,,,,,,,,,
20260905_武雄_7R,20260905,84,武雄,7,193.5,243.0,123.6,227.8,64.7,,,252.3,104.8,164.3,488.9,75.9,,,243.2,88.2,137.6,613.2,51.8,,,92.9,91.4,129.8,235.0,25.4,,,589.7,890.0,1057.6,660.4,457.5,,,21.5,14.1,15.7,5.6,73.9,,,,,,,,,,,,,,,,,217.2,274.6,108.1,104.8,66.3,,,364.9,255.3,614.5,352.5,427.4,,,527.8,322.5,1081.1,449.8,570.1,,,518.5,1181.8,1231.7,623.7,820.0,,,104.4,278.2,362.6,208.9,155.7,,,144.0,378.6,385.6,556.0,291.6,,,,,,,,,,,,,,,,,408.2,114.8,279.3,824.6,153.2,,,482.5,265.3,1050.0,672.6,644.4,,,65.8,141.9,297.2,315.9,67.7,,,791.1,2055.7,1081.1,2495.0,1314.9,,,1758.5,1370.5,1109.9,2919.2,2753.9,,,147.3,521.2,141.3,713.7,1320.9,,,,,,,,,,,,,,,,,320.4,98.7,186.0,674.1,66.5,,,470.0,301.5,1135.8,720.7,531.7,,,48.8,117.2,232.7,234.2,48.5,,,696.7,1687.4,909.4,2115.3,856.0,,,1459.6,1057.6,1042.5,2702.9,1658.6,,,60.2,343.4,87.4,383.6,722.5,,,,,,,,,,,,,,,,,561.3,696.7,726.1,1050.0,186.2,,,1073.2,2280.6,2335.3,2100.1,1920.5,,,1396.7,3173.0,1933.2,3394.4,1790.9,,,1252.8,3434.3,1859.3,4708.3,1985.8,,,2392.7,2806.9,4111.5,3791.1,3105.5,,,268.3,1042.5,1481.8,1552.7,2041.4,,,,,,,,,,,,,,,,,1153.8,2280.6,2495.0,1528.3,1339.0,,,635.9,915.1,1027.8,1024.2,881.9,,,2702.9,1883.3,1871.2,4865.3,4357.0,,,2678.1,1586.5,1959.1,4708.3,3009.4,,,2890.2,2412.5,3791.1,3841.0,4785.5,,,1933.2,1780.0,4357.0,3434.3,4111.5,,,,,,,,,,,,,,,,,32.5,17.6,15.6,11.6,102.1,,,114.0,274.8,287.8,396.0,329.8,,,82.0,289.0,106.8,349.1,705.1,,,45.7,235.6,71.5,272.5,479.3,,,129.3,682.0,537.6,529.8,1167.6,,,713.7,817.7,1577.9,1489.3,1595.1,,,,,,,,,,,,,,,,,,,,,,,,,,,,,,,,,,,,,,,,,,,,,,,,,,,,,,,,,,,,,,,,,,,,,,,,,,,,,,,,,,,,,,,,,,,,,,,,,,,,,,,,,,,,,,,,,,,,,,,,,,,,,,,,
20260905_武雄_8R,20260905,84,武雄,8,174.9,126.8,43.9,320.6,72.5,,,291.0,278.1,100.4,489.6,500.3,,,80.6,122.9,14.5,154.9,110.2,,,15.1,25.8,9.1,20.9,28.1,,,796.8,731.0,443.2,208.4,1038.2,,,89.6,305.5,168.1,66.2,470.7,,,,,,,,,,,,,,,,,179.9,181.4,44.9,481.4,74.9,,,162.2,472.1,159.1,825.7,143.9,,,262.1,523.3,273.1,785.0,196.2,,,56.3,169.1,199.4,275.2,93.6,,,1142.4,1722.8,1920.0,913.2,910.6,,,49.8,86.1,126.0,49.2,336.2,,,,,,,,,,,,,,,,,610.5,599.1,188.0,1051.9,736.0,,,566.1,1211.9,614.1,1686.4,514.9,,,768.0,1189.2,1024.8,2198.1,1095.2,,,324.5,775.5,931.9,1028.1,996.0,,,2110.8,3035.5,3355.0,1842.3,3094.4,,,827.8,527.7,980.7,996.0,2124.8,,,,,,,,,,,,,,,,,142.8,247.0,35.9,369.3,217.5,,,351.8,583.7,395.4,885.3,312.7,,,697.4,974.7,913.2,2004.5,913.2,,,79.8,349.4,506.7,414.4,306.1,,,1322.5,2433.0,2433.0,1221.1,2433.0,,,338.7,244.4,465.9,326.2,1184.8,,,,,,,,,,,,,,,,,26.5,43.1,16.8,28.4,43.8,,,82.7,266.7,228.3,290.5,166.4,,,154.4,395.9,467.3,415.5,566.1,,,53.3,214.3,282.5,239.4,232.1,,,146.8,414.4,395.9,401.4,476.4,,,125.2,171.0,315.8,270.3,371.9,,,,,,,,,,,,,,,,,2396.4,1908.5,1668.7,589.1,2747.6,,,2845.8,3094.4,3663.5,2326.5,3581.2,,,2701.1,4619.2,4034.5,3219.5,3706.1,,,2433.0,5402.2,4980.1,2198.1,5140.8,,,618.8,1897.2,2124.8,1609.7,1920.0,,,3187.3,3541.4,4193.8,4307.1,2396.4,,,,,,,,,,,,,,,,,95.9,291.3,172.7,81.7,589.1,,,50.6,65.9,79.9,63.3,338.3,,,521.6,311.2,563.1,532.9,1221.1,,,268.9,111.4,192.0,235.5,913.2,,,105.9,153.6,309.7,235.5,463.9,,,1790.6,1770.7,2110.8,2451.7,1280.0,,,,,,,,,,,,,,,,,,,,,,,,,,,,,,,,,,,,,,,,,,,,,,,,,,,,,,,,,,,,,,,,,,,,,,,,,,,,,,,,,,,,,,,,,,,,,,,,,,,,,,,,,,,,,,,,,,,,,,,,,,,,,,,,
20260905_武雄_9R,20260905,84,武雄,9,144.1,221.2,248.4,160.3,85.7,,,194.4,107.1,330.4,353.5,114.6,,,289.6,141.2,458.5,402.4,156.1,,,335.1,412.5,394.1,673.6,74.3,,,174.0,518.5,485.6,629.8,207.1,,,33.8,46.3,45.1,12.2,67.6,,,,,,,,,,,,,,,,,251.1,368.5,324.5,223.0,128.1,,,337.8,262.3,657.5,348.6,365.6,,,453.4,267.7,492.8,257.4,283.4,,,537.1,1017.8,699.4,573.7,410.4,,,134.7,163.5,108.2,187.4,79.2,,,129.1,269.2,264.7,191.6,205.4,,,,,,,,,,,,,,,,,224.1,136.1,327.1,440.1,114.2,,,301.0,226.2,473.0,395.1,316.7,,,86.4,79.1,147.6,198.5,57.3,,,511.2,918.3,555.3,1325.6,469.6,,,874.3,465.0,538.0,1375.5,865.1,,,114.3,239.9,133.2,171.8,498.1,,,,,,,,,,,,,,,,,501.9,204.7,490.6,803.8,199.0,,,558.1,254.2,700.9,425.8,343.1,,,116.8,80.2,203.4,206.5,73.9,,,796.0,1145.5,766.3,1543.4,635.9,,,1017.8,512.0,556.2,1231.3,895.8,,,238.9,340.6,227.0,311.0,687.7,,,,,,,,,,,,,,,,,577.7,727.3,628.6,1110.6,141.9,,,738.7,1315.0,895.8,1294.3,522.6,,,999.2,1558.1,1063.9,2453.4,561.0,,,1099.5,1264.4,1182.5,1627.5,672.3,,,1806.3,1364.1,2453.4,1889.4,1191.1,,,82.5,237.8,315.8,273.7,508.9,,,,,,,,,,,,,,,,,272.1,719.3,645.8,710.0,314.0,,,149.3,189.1,95.7,153.3,63.3,,,931.3,495.8,642.1,1573.0,969.8,,,710.0,249.2,530.2,402.8,323.5,,,1024.1,683.4,1922.5,1110.6,740.4,,,247.5,135.4,635.9,294.0,207.6,,,,,,,,,,,,,,,,,22.9,34.4,28.4,6.5,48.3,,,67.3,193.2,166.2,112.2,219.9,,,85.1,246.2,161.4,136.5,440.1,,,114.2,197.8,212.6,145.3,475.0,,,15.5,48.7,84.4,60.8,149.9,,,137.3,232.3,683.4,647.1,265.5,,,,,,,,,,,,,,,,,,,,,,,,,,,,,,,,,,,,,,,,,,,,,,,,,,,,,,,,,,,,,,,,,,,,,,,,,,,,,,,,,,,,,,,,,,,,,,,,,,,,,,,,,,,,,,,,,,,,,,,,,,,,,,,,
20260905_武雄_10R,20260905,84,武雄,10,1002.2,1919.0,818.0,2410.2,1382.0,,,386.0,476.9,42.0,484.3,171.3,,,1666.3,897.8,696.9,2396.0,1242.1,,,273.7,40.3,343.4,339.4,53.7,,,2313.8,1461.8,2773.4,1150.3,1928.2,,,985.2,277.3,1173.7,185.3,975.7,,,,,,,,,,,,,,,,,1025.1,1606.8,678.2,2562.8,1401.1,,,247.0,170.9,137.9,246.6,371.1,,,1085.5,251.6,398.9,761.1,667.0,,,547.1,282.7,397.3,870.8,265.8,,,2595.6,924.4,1082.6,1238.3,1569.4,,,1575.5,968.7,1004.7,588.5,1632.7,,,,,,,,,,,,,,,,,202.8,222.7,22.2,251.8,94.7,,,93.0,71.4,47.1,93.7,160.1,,,110.3,40.5,31.3,91.5,67.1,,,14.8,52.8,53.9,97.0,11.8,,,471.3,390.1,346.6,268.8,430.3,,,118.4,290.0,214.9,54.0,258.5,,,,,,,,,,,,,,,,,1049.0,416.5,531.3,1840.5,922.3,,,692.1,122.9,261.2,504.8,391.9,,,164.1,48.5,48.1,126.1,102.7,,,328.9,249.1,99.5,599.8,170.7,,,2454.1,916.1,478.6,1060.0,1386.7,,,1060.0,702.9,283.1,332.1,987.6,,,,,,,,,,,,,,,,,121.2,26.2,126.5,144.1,19.6,,,253.8,147.8,242.3,498.6,115.1,,,26.7,69.1,67.0,112.0,19.5,,,245.1,220.7,105.3,538.4,105.1,,,326.0,599.0,303.9,642.7,221.7,,,24.3,46.5,20.3,56.8,53.7,,,,,,,,,,,,,,,,,2546.7,1594.1,2717.6,1170.3,2224.8,,,3067.6,1208.7,1461.8,1563.4,2120.0,,,1007.2,982.8,814.7,662.7,1054.4,,,3138.9,1467.1,1091.4,1632.7,1965.6,,,897.8,1293.6,774.2,1314.6,621.0,,,2120.0,2065.9,1415.8,2274.8,959.5,,,,,,,,,,,,,,,,,1163.5,420.4,1273.3,235.5,889.9,,,1038.2,1060.0,1249.7,578.4,1043.6,,,311.2,758.2,549.4,152.8,508.0,,,1118.5,1097.3,653.1,528.6,1097.3,,,86.5,184.9,92.8,207.8,211.4,,,2045.0,1783.8,1032.9,1956.1,754.0,,,,,,,,,,,,,,,,,,,,,,,,,,,,,,,,,,,,,,,,,,,,,,,,,,,,,,,,,,,,,,,,,,,,,,,,,,,,,,,,,,,,,,,,,,,,,,,,,,,,,,,,,,,,,,,,,,,,,,,,,,,,,,,,
20260905_武雄_11R,20260905,84,武雄,11,173.6,370.1,32.7,263.3,156.8,,,314.7,649.9,146.8,997.5,525.4,,,816.9,800.6,330.9,2111.8,1195.8,,,8.0,38.9,88.1,102.6,48.9,,,797.2,1580.8,2590.9,480.7,1227.2,,,270.2,559.6,1289.4,160.8,776.1,,,,,,,,,,,,,,,,,409.6,983.5,57.0,507.8,370.3,,,926.5,2520.8,760.3,3091.9,2238.5,,,2088.1,2992.7,1754.3,4909.0,4026.1,,,50.2,357.3,724.9,615.6,367.9,,,1936.4,3657.7,4272.0,1963.6,3074.9,,,806.3,2247.5,3291.9,869.0,1871.6,,,,,,,,,,,,,,,,,438.2,721.1,239.4,1416.8,756.2,,,717.4,1585.3,601.1,2194.6,1701.0,,,465.5,862.3,276.6,595.9,508.7,,,172.7,339.3,262.2,664.6,431.8,,,2005.8,2855.2,1585.3,1409.6,1822.9,,,1289.4,1701.0,1153.8,942.1,1636.3,,,,,,,,,,,,,,,,,1006.5,973.2,533.4,2840.7,1743.4,,,1580.8,2265.7,1655.7,5181.8,2992.7,,,586.0,1106.0,409.6,1139.7,1001.1,,,373.5,800.6,397.7,1776.6,1121.5,,,5769.4,5890.9,3781.3,4477.0,4441.5,,,2627.4,3272.7,2136.0,2487.2,3454.5,,,,,,,,,,,,,,,,,2.4,13.8,37.2,62.7,25.7,,,13.2,51.0,106.4,146.2,85.2,,,40.6,57.0,53.3,133.8,80.5,,,113.0,101.2,58.9,452.4,281.7,,,234.5,334.7,314.2,670.2,304.6,,,94.0,121.5,149.1,307.8,227.1,,,,,,,,,,,,,,,,,814.6,1721.9,3216.3,582.9,1465.0,,,1121.5,2303.0,3969.0,1420.3,1949.9,,,2186.0,2703.5,2186.0,2312.5,1963.6,,,4114.9,4702.8,2784.2,3755.9,3391.7,,,536.0,1044.0,1355.0,2381.4,1063.9,,,1180.6,1496.3,1476.6,2401.8,1123.7,,,,,,,,,,,,,,,,,365.5,733.4,1431.2,256.7,929.6,,,584.7,1636.3,2615.1,722.1,1589.8,,,1178.1,1660.6,1371.6,1101.6,1675.5,,,2555.4,3657.7,1834.8,2220.7,3144.0,,,256.0,497.8,657.6,1135.1,755.2,,,1006.5,1416.8,1402.5,2371.3,950.1,,,,,,,,,,,,,,,,,,,,,,,,,,,,,,,,,,,,,,,,,,,,,,,,,,,,,,,,,,,,,,,,,,,,,,,,,,,,,,,,,,,,,,,,,,,,,,,,,,,,,,,,,,,,,,,,,,,,,,,,,,,,,,,,
20260905_武雄_12R,20260905,84,武雄,12,298.4,521.3,205.9,323.8,923.2,,,294.5,467.2,306.1,302.3,946.0,,,785.1,743.8,740.2,693.3,1649.2,,,224.6,379.1,517.2,402.7,454.3,,,285.7,289.7,461.4,340.1,1034.5,,,1848.3,1763.2,2235.1,1167.2,2257.1,,,,,,,,,,,,,,,,,161.6,290.3,94.0,229.7,419.2,,,84.9,111.0,19.9,208.9,100.3,,,490.4,301.6,262.0,962.9,662.8,,,32.1,16.1,75.1,119.2,16.5,,,364.9,476.9,933.5,319.6,1006.1,,,555.4,240.4,610.8,118.5,1097.5,,,,,,,,,,,,,,,,,69.7,109.3,69.6,87.3,254.6,,,43.6,62.6,11.9,100.7,77.0,,,74.1,59.4,43.3,159.0,169.9,,,48.1,12.7,43.4,117.0,25.0,,,77.1,140.2,230.7,143.8,481.7,,,372.9,189.1,291.5,117.3,723.9,,,,,,,,,,,,,,,,,1069.4,650.1,878.2,1277.6,2111.8,,,949.0,422.5,507.2,2010.1,1505.9,,,337.9,247.3,180.3,706.1,642.4,,,846.6,512.9,334.1,1909.8,795.3,,,1433.1,2361.5,1476.9,2285.2,3352.7,,,2963.4,2319.8,1667.2,1400.3,4064.8,,,,,,,,,,,,,,,,,131.3,225.6,336.3,407.7,227.1,,,40.4,20.0,71.9,154.0,14.2,,,108.3,27.5,101.2,265.8,51.3,,,486.3,251.6,262.6,965.9,329.9,,,590.7,406.3,557.4,810.1,504.7,,,139.9,40.3,74.7,132.3,310.8,,,,,,,,,,,,,,,,,388.4,327.3,554.4,442.5,969.0,,,634.8,633.5,1467.4,421.0,1698.0,,,379.4,545.5,721.6,585.1,1331.3,,,1149.7,1746.4,1356.9,1756.5,2503.1,,,860.9,657.1,849.0,1625.9,1084.5,,,2775.3,2844.1,3223.3,3719.2,2197.7,,,,,,,,,,,,,,,,,2121.6,2059.7,2551.8,1510.9,2694.0,,,1476.9,489.1,1101.5,257.2,2349.5,,,1394.0,477.9,1084.5,346.6,2367.6,,,3156.8,2398.5,2240.6,1661.2,3588.4,,,675.4,198.4,258.4,556.4,1293.8,,,3492.9,3466.6,3519.7,3764.9,2218.9,,,,,,,,,,,,,,,,,,,,,,,,,,,,,,,,,,,,,,,,,,,,,,,,,,,,,,,,,,,,,,,,,,,,,,,,,,,,,,,,,,,,,,,,,,,,,,,,,,,,,,,,,,,,,,,,,,,,,,,,,,,,,,,,
20260905_富山_1R,20260905,46,富山,1,174.7,43.9,90.2,80.0,,,,327.7,231.7,174.0,250.5,,,,36.4,119.0,33.1,31.3,,,,147.7,132.7,88.4,108.2,,,,68.9,131.9,55.3,67.0,,,,,,,,,,,,,,,,,,,,,,,,,197.5,45.8,102.4,91.8,,,,468.6,192.1,319.0,488.4,,,,19.4,53.0,20.8,25.7,,,,161.4,169.5,55.0,215.6,,,,172.6,466.4,97.0,203.0,,,,,,,,,,,,,,,,,,,,,,,,,484.4,349.8,212.1,394.8,,,,533.4,338.8,331.3,412.7,,,,287.3,288.7,205.0,437.3,,,,136.0,173.1,143.2,198.5,,,,583.0,664.1,711.2,527.8,,,,,,,,,,,,,,,,,,,,,,,,,30.8,100.9,28.3,33.8,,,,16.7,50.1,15.8,33.6,,,,209.9,177.2,165.1,347.8,,,,45.5,43.4,70.0,102.2,,,,101.9,107.2,336.1,185.3,,,,,,,,,,,,,,,,,,,,,,,,,127.4,106.5,69.0,102.8,,,,127.7,98.9,53.4,156.8,,,,62.9,52.0,58.2,51.0,,,,59.0,46.8,72.2,112.0,,,,150.3,187.3,139.6,174.2,,,,,,,,,,,,,,,,,,,,,,,,,111.1,161.7,116.1,99.8,,,,223.6,527.8,133.7,281.9,,,,457.2,581.9,598.1,429.8,,,,174.9,123.3,373.7,267.6,,,,216.2,287.6,235.4,272.7,,,,,,,,,,,,,,,,,,,,,,,,,,,,,,,,,,,,,,,,,,,,,,,,,,,,,,,,,,,,,,,,,,,,,,,,,,,,,,,,,,,,,,,,,,,,,,,,,,,,,,,,,,,,,,,,,,,,,,,,,,,,,,,,,,,,,,,,,,,,,,,,,,,,,,,,,,,,,,,,,,,,,,,,,,,,,,,,,,,,,,,,,,,,,,,,
20260905_富山_2R,20260905,46,富山,2,345.1,491.0,731.3,355.7,,,,122.4,69.1,107.1,46.8,,,,144.0,30.9,12.8,39.8,,,,554.8,140.7,49.1,146.2,,,,278.5,36.1,53.1,105.1,,,,,,,,,,,,,,,,,,,,,,,,,666.1,766.2,1275.4,846.8,,,,466.9,213.2,382.3,127.3,,,,864.3,480.8,909.4,541.8,,,,1413.3,929.6,1083.7,1188.4,,,,760.6,179.2,362.5,744.3,,,,,,,,,,,,,,,,,,,,,,,,,124.9,85.8,204.6,62.1,,,,127.8,50.5,96.2,25.0,,,,116.5,86.4,124.9,58.1,,,,315.0,275.9,204.8,158.2,,,,31.3,13.1,19.3,45.2,,,,,,,,,,,,,,,,,,,,,,,,,113.9,37.3,13.0,45.8,,,,563.8,484.1,508.9,595.9,,,,125.9,213.8,122.9,131.3,,,,23.0,120.8,54.8,82.3,,,,106.3,329.9,124.7,139.2,,,,,,,,,,,,,,,,,,,,,,,,,508.9,249.6,88.9,272.0,,,,1067.2,810.7,716.3,1124.5,,,,355.7,438.5,265.1,270.9,,,,48.0,147.7,97.4,153.6,,,,353.3,798.3,260.4,266.1,,,,,,,,,,,,,,,,,,,,,,,,,235.5,52.6,68.3,153.2,,,,446.9,145.8,379.6,584.2,,,,32.2,17.8,33.8,35.6,,,,102.8,273.4,102.2,111.3,,,,243.7,556.3,155.7,170.4,,,,,,,,,,,,,,,,,,,,,,,,,,,,,,,,,,,,,,,,,,,,,,,,,,,,,,,,,,,,,,,,,,,,,,,,,,,,,,,,,,,,,,,,,,,,,,,,,,,,,,,,,,,,,,,,,,,,,,,,,,,,,,,,,,,,,,,,,,,,,,,,,,,,,,,,,,,,,,,,,,,,,,,,,,,,,,,,,,,,,,,,,,,,,,,,
20260905_富山_3R,20260905,46,富山,3,1448.1,941.3,1399.2,595.0,663.7,,,1197.0,855.7,425.2,488.4,641.1,,,674.5,764.1,602.0,420.9,215.7,,,986.1,333.4,618.1,395.9,458.1,,,225.0,280.9,277.2,295.0,175.6,,,314.7,536.5,218.9,429.6,332.4,,,,,,,,,,,,,,,,,2157.1,539.2,1408.7,758.5,479.3,,,2689.4,2157.1,2091.8,2157.1,1865.6,,,767.0,1557.0,1399.2,625.6,217.5,,,2353.2,2226.7,2157.1,2179.8,1468.7,,,721.5,1670.0,767.0,1593.0,502.6,,,242.4,928.6,141.7,663.7,300.1,,,,,,,,,,,,,,,,,805.7,598.5,260.1,264.4,376.5,,,1240.0,1336.0,1204.0,1197.0,793.4,,,392.2,588.3,154.8,344.0,139.3,,,88.1,286.4,115.4,103.4,90.3,,,210.8,621.8,520.3,308.6,296.2,,,356.4,260.8,189.1,206.0,345.7,,,,,,,,,,,,,,,,,391.4,403.6,306.8,305.4,130.8,,,431.4,670.1,694.9,362.6,117.0,,,184.0,463.2,68.8,191.7,143.0,,,229.0,495.4,100.3,271.7,134.0,,,203.0,208.7,301.0,383.5,95.4,,,30.8,13.8,39.4,44.1,33.4,,,,,,,,,,,,,,,,,296.6,94.5,263.4,110.8,169.6,,,586.6,562.7,1030.2,555.2,555.2,,,38.6,144.9,80.6,48.2,57.3,,,268.2,493.0,176.8,289.6,159.7,,,104.1,290.8,98.0,236.9,154.3,,,203.4,199.7,145.5,233.7,204.4,,,,,,,,,,,,,,,,,81.1,119.9,85.7,102.6,51.4,,,262.1,835.0,411.7,778.5,219.3,,,190.3,510.0,295.8,231.3,242.2,,,168.5,231.3,247.4,288.8,86.7,,,157.9,419.2,183.4,303.2,226.8,,,61.8,51.9,217.3,43.0,124.9,,,,,,,,,,,,,,,,,109.2,482.7,81.2,326.6,153.4,,,57.6,234.7,33.1,159.5,61.6,,,362.0,266.5,193.9,321.5,425.2,,,28.3,12.7,66.9,51.3,31.2,,,395.2,270.0,283.2,207.0,413.3,,,98.2,65.1,262.4,50.5,266.8,,,,,,,,,,,,,,,,,,,,,,,,,,,,,,,,,,,,,,,,,,,,,,,,,,,,,,,,,,,,,,,,,,,,,,,,,,,,,,,,,,,,,,,,,,,,,,,,,,,,,,,,,,,,,,,,,,,,,,,,,,,,,,,,
20260905_富山_4R,20260905,46,富山,4,210.5,98.9,364.9,226.1,136.5,,,306.5,268.4,472.4,540.3,627.1,,,63.3,113.4,206.7,63.4,123.3,,,760.8,678.5,792.8,994.9,1217.3,,,268.7,576.4,213.7,652.8,497.4,,,173.1,598.1,286.6,903.6,523.9,,,,,,,,,,,,,,,,,122.0,63.8,186.2,153.0,58.8,,,89.9,91.7,93.5,385.3,44.9,,,38.5,90.4,186.4,172.1,49.4,,,320.3,161.9,376.9,744.4,162.3,,,489.2,1118.6,576.4,1189.3,364.3,,,10.7,18.5,23.1,29.1,37.8,,,,,,,,,,,,,,,,,220.3,143.5,263.2,418.9,402.6,,,103.5,79.1,91.4,512.2,56.0,,,55.8,73.1,113.3,516.0,253.2,,,113.3,58.8,101.7,459.8,107.2,,,1398.2,1532.9,1182.5,1478.1,2406.3,,,404.1,85.7,349.5,307.4,1293.4,,,,,,,,,,,,,,,,,26.4,51.6,131.8,22.7,85.1,,,33.4,93.9,209.6,186.6,60.8,,,64.5,88.6,106.5,488.0,287.4,,,507.2,562.3,353.1,1579.7,1231.8,,,267.7,612.2,892.0,1655.5,1143.3,,,189.3,91.1,361.1,880.6,841.2,,,,,,,,,,,,,,,,,919.7,560.8,1301.5,1457.3,1447.1,,,811.5,357.4,1089.1,1815.3,489.2,,,294.7,121.8,346.6,766.4,156.8,,,1196.2,1447.1,711.1,2028.8,2201.5,,,3043.3,3762.6,2351.6,3507.5,3979.7,,,1616.7,586.2,708.7,2463.6,3135.5,,,,,,,,,,,,,,,,,1106.6,1739.0,623.3,2111.6,1510.5,,,1457.3,2619.5,1989.8,3762.6,1182.5,,,2274.1,2759.2,1815.3,2523.7,4311.3,,,744.4,1488.8,1655.5,2325.2,2834.8,,,3449.0,4598.7,3695.4,3449.0,5593.1,,,2090.3,1182.5,4057.7,3630.6,5047.4,,,,,,,,,,,,,,,,,136.8,533.3,284.6,685.2,419.7,,,16.7,24.7,39.6,39.8,51.1,,,573.2,102.8,479.0,325.8,1478.1,,,279.2,173.4,429.3,1019.4,1004.5,,,990.1,269.1,379.0,1039.9,2325.2,,,1301.5,608.6,2325.2,2048.9,2274.1,,,,,,,,,,,,,,,,,,,,,,,,,,,,,,,,,,,,,,,,,,,,,,,,,,,,,,,,,,,,,,,,,,,,,,,,,,,,,,,,,,,,,,,,,,,,,,,,,,,,,,,,,,,,,,,,,,,,,,,,,,,,,,,,
20260905_富山_5R,20260905,46,富山,5,76.2,64.2,98.4,463.5,47.6,,,85.0,131.3,44.2,410.3,35.0,,,111.5,161.3,236.6,575.6,95.8,,,157.4,47.0,217.4,531.2,59.8,,,927.1,824.1,901.1,905.4,327.4,,,17.5,11.3,18.2,12.9,39.1,,,,,,,,,,,,,,,,,146.6,114.9,272.7,741.7,85.7,,,240.1,200.6,208.4,1277.1,272.0,,,105.3,81.5,144.3,276.2,116.5,,,490.7,198.6,388.8,860.9,412.9,,,1988.1,1890.7,800.2,2008.9,1428.5,,,142.4,316.6,241.0,439.3,884.6,,,,,,,,,,,,,,,,,243.5,349.3,98.0,543.2,76.1,,,316.1,257.8,218.1,989.0,284.4,,,400.1,311.5,269.7,868.7,446.4,,,66.0,107.6,123.3,197.8,62.6,,,1330.0,1367.7,1127.8,750.4,1095.7,,,112.1,314.0,377.4,143.0,587.9,,,,,,,,,,,,,,,,,174.0,471.5,577.4,1020.3,242.2,,,125.1,108.0,142.1,250.7,134.6,,,254.4,163.2,203.2,676.6,406.0,,,257.4,148.4,176.9,706.4,487.0,,,1358.1,517.0,978.9,1387.4,1183.1,,,333.6,298.5,435.3,563.9,959.4,,,,,,,,,,,,,,,,,424.7,120.0,445.3,780.7,135.4,,,484.5,238.9,339.5,1303.0,445.3,,,55.4,125.0,71.3,155.4,46.7,,,365.9,255.4,195.3,671.9,490.7,,,1339.2,1418.0,616.1,2191.5,1330.0,,,94.7,356.4,86.5,203.8,693.7,,,,,,,,,,,,,,,,,1025.8,1662.5,1802.3,1042.4,487.0,,,983.9,1450.0,777.6,1418.0,1108.3,,,1102.0,1311.9,978.9,888.7,1108.3,,,2191.5,927.1,1677.0,2323.5,1677.0,,,1147.9,1141.1,1236.2,2242.5,1294.3,,,518.4,983.9,978.9,1183.1,1662.5,,,,,,,,,,,,,,,,,30.3,23.2,41.9,28.4,72.5,,,81.0,226.6,195.3,195.5,557.3,,,77.6,245.3,334.2,138.5,512.9,,,219.1,358.4,450.5,608.3,849.5,,,104.8,284.4,111.0,433.3,660.4,,,318.7,969.1,922.7,1154.8,1053.8,,,,,,,,,,,,,,,,,,,,,,,,,,,,,,,,,,,,,,,,,,,,,,,,,,,,,,,,,,,,,,,,,,,,,,,,,,,,,,,,,,,,,,,,,,,,,,,,,,,,,,,,,,,,,,,,,,,,,,,,,,,,,,,,
20260905_富山_6R,20260905,46,富山,6,200.0,147.2,280.5,548.3,315.8,,,128.4,64.1,47.2,276.1,453.0,,,92.5,55.4,122.6,35.4,250.3,,,311.2,109.5,254.6,706.9,821.2,,,1005.2,696.7,208.6,861.6,1556.4,,,842.8,1102.8,750.9,1531.7,2244.2,,,,,,,,,,,,,,,,,167.1,71.0,253.6,579.5,237.3,,,100.8,72.9,51.6,213.2,120.0,,,119.3,141.7,296.0,135.0,152.5,,,317.9,165.5,496.1,1026.6,498.7,,,722.8,649.8,412.4,1531.7,807.5,,,197.5,170.9,201.2,262.5,390.6,,,,,,,,,,,,,,,,,35.0,13.9,12.3,89.9,121.3,,,44.2,66.3,28.6,246.4,78.7,,,42.2,114.0,54.1,108.6,224.4,,,6.5,10.9,12.1,50.8,39.1,,,321.6,369.7,275.3,296.9,984.7,,,262.9,221.3,414.1,189.2,722.8,,,,,,,,,,,,,,,,,157.1,102.1,192.2,60.1,306.3,,,262.2,520.2,807.5,320.0,545.2,,,158.4,428.8,249.6,324.3,932.3,,,430.8,1048.9,443.6,1026.6,1707.9,,,115.0,346.5,336.2,667.8,559.4,,,842.8,1304.0,1910.9,1663.8,1359.1,,,,,,,,,,,,,,,,,337.4,108.7,319.0,759.8,881.2,,,408.9,204.4,658.7,1581.9,684.4,,,41.2,63.9,75.9,242.1,164.2,,,466.1,775.1,342.8,1026.6,1321.9,,,1595.0,3446.4,1304.0,1873.8,3386.0,,,1678.2,1010.4,699.2,1738.7,3446.4,,,,,,,,,,,,,,,,,2120.9,1484.6,431.7,1770.6,2608.1,,,2539.5,2443.0,1135.3,4707.4,2643.8,,,1707.9,2608.1,1213.8,1949.5,3327.6,,,324.9,881.2,842.8,1261.4,1408.7,,,2353.7,5079.0,2718.3,2443.0,6031.3,,,4288.9,3509.1,4020.9,3574.1,4488.4,,,,,,,,,,,,,,,,,1286.6,2144.4,1451.1,2838.2,3446.4,,,807.5,691.7,814.3,877.2,1707.9,,,1693.0,1000.0,2010.4,984.7,3446.4,,,1838.1,1754.5,2680.6,2880.6,2680.6,,,2643.8,1484.6,1148.8,2573.3,5361.2,,,4288.9,3063.5,3711.6,3711.6,3063.5,,,,,,,,,,,,,,,,,,,,,,,,,,,,,,,,,,,,,,,,,,,,,,,,,,,,,,,,,,,,,,,,,,,,,,,,,,,,,,,,,,,,,,,,,,,,,,,,,,,,,,,,,,,,,,,,,,,,,,,,,,,,,,,,
20260905_富山_7R,20260905,46,富山,7,301.7,264.7,644.8,594.4,748.7,,,205.2,65.8,99.5,351.5,93.4,,,83.4,31.0,94.4,61.1,105.0,,,366.9,104.6,238.5,845.1,369.8,,,762.3,757.2,373.1,1333.4,1162.1,,,639.9,255.2,354.5,567.2,1002.0,,,,,,,,,,,,,,,,,283.1,272.9,506.3,684.4,758.9,,,255.6,136.2,149.5,323.3,111.1,,,183.7,115.6,367.7,114.5,179.0,,,632.6,226.4,527.9,1162.1,636.2,,,840.9,622.1,269.9,1400.3,397.0,,,1170.2,351.9,562.5,948.1,1023.5,,,,,,,,,,,,,,,,,210.8,73.0,100.0,394.2,99.2,,,240.6,130.2,134.9,364.9,116.6,,,59.7,103.4,70.7,130.9,57.2,,,85.8,72.3,64.1,303.4,25.8,,,789.3,757.2,505.5,843.0,713.6,,,87.6,63.7,59.9,48.0,260.2,,,,,,,,,,,,,,,,,26.6,15.3,47.8,17.4,68.8,,,45.8,35.0,133.1,33.6,107.1,,,24.2,39.0,43.7,48.9,37.7,,,107.8,189.4,68.9,139.8,298.0,,,36.6,25.8,36.4,102.5,99.4,,,199.2,277.9,155.3,412.6,296.7,,,,,,,,,,,,,,,,,631.4,184.0,335.0,1360.5,625.5,,,1062.5,263.9,733.9,1507.6,794.9,,,117.5,112.2,85.4,414.2,45.3,,,323.3,576.0,178.2,594.4,627.9,,,2635.3,2836.3,1656.8,1734.1,2216.5,,,1119.3,808.4,280.3,1062.5,1945.8,,,,,,,,,,,,,,,,,1869.7,1752.3,695.8,2910.3,2910.3,,,1698.9,1388.7,713.6,2910.3,2104.9,,,1707.6,1716.3,834.6,2231.2,1890.9,,,508.6,494.3,591.3,1272.5,1170.2,,,3803.3,3847.0,2699.1,2516.4,3637.9,,,2390.6,2988.3,2390.6,2231.2,3718.8,,,,,,,,,,,,,,,,,1302.3,474.0,611.8,1203.9,2131.8,,,1212.6,555.9,984.3,1349.5,1673.4,,,289.5,332.6,242.1,248.4,745.4,,,665.3,643.6,357.5,1026.6,828.4,,,1312.5,1442.6,435.2,1302.3,2425.3,,,2743.3,2040.8,1616.8,1992.2,2836.3,,,,,,,,,,,,,,,,,,,,,,,,,,,,,,,,,,,,,,,,,,,,,,,,,,,,,,,,,,,,,,,,,,,,,,,,,,,,,,,,,,,,,,,,,,,,,,,,,,,,,,,,,,,,,,,,,,,,,,,,,,,,,,,,
20260905_松阪_1R,20260905,47,松阪,1,15.4,7.3,30.1,53.5,6.6,,,66.1,179.0,207.4,573.8,375.1,,,31.9,163.8,268.5,384.5,166.3,,,236.4,713.9,790.5,990.3,902.9,,,453.6,1547.8,1173.2,1416.9,1805.8,,,57.7,517.4,295.6,607.9,783.8,,,,,,,,,,,,,,,,,10.6,8.2,24.5,44.5,6.0,,,45.9,86.8,68.3,154.7,348.8,,,31.5,51.9,80.3,123.1,88.8,,,205.3,158.5,234.6,379.0,491.1,,,458.2,546.5,495.1,667.3,1253.0,,,161.0,635.1,337.3,780.4,949.4,,,,,,,,,,,,,,,,,106.2,344.2,342.3,815.0,586.6,,,119.0,306.9,290.0,546.5,881.3,,,435.4,444.9,944.6,1227.9,2046.6,,,395.2,369.8,758.0,292.8,1771.1,,,1574.3,1644.6,2024.1,1034.8,4847.3,,,2558.3,3611.7,5581.7,4283.6,6578.4,,,,,,,,,,,,,,,,,55.6,253.3,336.1,413.9,248.5,,,63.6,158.9,262.0,341.1,264.2,,,361.8,301.9,553.1,916.4,1384.9,,,745.7,697.7,797.3,677.1,1522.2,,,1012.0,1096.4,1674.5,1279.1,2523.2,,,787.1,872.9,2141.8,1938.9,2024.1,,,,,,,,,,,,,,,,,790.5,1211.8,1705.5,2046.6,3069.9,,,818.6,1203.9,1196.0,1860.5,1705.5,,,650.8,793.9,1029.0,526.2,1959.5,,,1689.8,1601.7,1601.7,1737.7,4186.3,,,2192.8,2331.6,829.7,1841.9,3349.0,,,5262.7,3121.9,6351.6,8008.5,7367.9,,,,,,,,,,,,,,,,,1509.8,4723.0,4385.6,4978.3,5941.8,,,1689.8,2594.3,1879.5,3231.5,4283.6,,,3121.9,2594.3,3411.0,1879.5,7674.9,,,2790.8,2302.4,4847.3,2708.7,5941.8,,,4492.6,3919.1,2046.6,3611.7,9209.8,,,7367.9,5262.7,9999.9,6578.4,9694.6,,,,,,,,,,,,,,,,,403.9,3411.0,1325.1,2833.8,3837.4,,,437.5,2167.0,1253.0,3121.9,3542.2,,,4723.0,5756.1,7084.5,5941.8,8372.6,,,1674.5,1788.3,5581.7,5417.5,4723.0,,,7084.5,5262.7,6139.9,6139.9,7367.9,,,5941.8,3919.1,9694.6,6351.6,8372.6,,,,,,,,,,,,,,,,,,,,,,,,,,,,,,,,,,,,,,,,,,,,,,,,,,,,,,,,,,,,,,,,,,,,,,,,,,,,,,,,,,,,,,,,,,,,,,,,,,,,,,,,,,,,,,,,,,,,,,,,,,,,,,,,
20260905_松阪_2R,20260905,47,松阪,2,50.8,69.6,177.0,324.1,381.4,,,104.2,186.6,333.5,461.7,763.8,,,59.3,96.7,78.9,403.9,316.6,,,222.3,353.2,186.6,1000.7,590.9,,,923.5,906.0,1206.7,2587.5,3088.3,,,914.6,1407.9,897.5,1323.5,2096.4,,,,,,,,,,,,,,,,,19.4,17.8,61.4,101.2,120.9,,,7.6,12.9,81.8,5.9,59.8,,,16.2,31.0,100.5,135.6,224.3,,,239.3,350.2,378.9,669.4,862.5,,,190.0,42.9,257.3,534.8,355.0,,,351.5,300.4,400.0,1206.7,725.2,,,,,,,,,,,,,,,,,63.3,195.7,355.9,267.1,501.2,,,19.8,35.8,142.8,12.0,81.5,,,206.7,122.9,782.6,406.2,738.3,,,1282.2,728.9,2354.2,2454.8,3227.1,,,247.8,42.0,404.5,746.0,342.7,,,747.9,359.4,1535.9,1276.5,671.0,,,,,,,,,,,,,,,,,42.5,73.2,84.6,312.1,291.2,,,37.2,55.5,152.5,341.9,368.2,,,169.2,101.3,651.2,519.3,795.6,,,518.4,830.1,1342.1,2413.5,2434.0,,,1206.7,1007.7,1265.2,3023.3,2788.4,,,1044.4,1148.8,2475.9,3263.8,3502.6,,,,,,,,,,,,,,,,,1254.2,1631.9,809.0,3635.6,2192.4,,,1227.4,1535.9,1511.6,2901.1,3419.2,,,2788.4,2209.3,3635.6,4162.5,5861.5,,,1126.3,2226.4,3829.5,8703.4,6110.9,,,6527.6,5318.7,6382.5,8447.4,5861.5,,,5318.7,7762.5,7978.1,7762.5,8703.4,,,,,,,,,,,,,,,,,1428.9,1414.8,3191.2,4487.7,5128.8,,,695.4,197.5,923.5,1401.0,1162.8,,,563.1,143.1,894.7,1329.6,755.8,,,3156.2,1953.8,2454.8,5861.5,5861.5,,,5861.5,4351.7,5419.1,7180.3,7762.5,,,4951.9,2709.5,2226.4,6243.7,6243.7,,,,,,,,,,,,,,,,,1117.5,881.0,598.3,1940.6,2393.4,,,579.0,544.9,611.0,3023.3,1829.3,,,832.5,852.2,926.4,2735.3,1511.6,,,1211.8,1472.8,2735.3,4103.0,3989.0,,,3829.5,4868.0,5419.1,5038.8,5523.3,,,4103.0,3023.3,2297.7,4632.4,4351.7,,,,,,,,,,,,,,,,,,,,,,,,,,,,,,,,,,,,,,,,,,,,,,,,,,,,,,,,,,,,,,,,,,,,,,,,,,,,,,,,,,,,,,,,,,,,,,,,,,,,,,,,,,,,,,,,,,,,,,,,,,,,,,,,
20260905_松阪_3R,20260905,47,松阪,3,2.2,9.3,80.4,50.9,82.2,,,6.4,28.7,155.3,119.7,97.1,,,26.6,40.2,255.3,151.2,373.8,,,466.5,632.9,1030.8,1158.6,1808.9,,,327.1,370.3,359.0,747.7,1263.0,,,325.2,392.7,1066.1,1933.7,1475.7,,,,,,,,,,,,,,,,,7.2,20.1,121.9,68.1,130.8,,,68.9,227.2,774.5,682.2,966.8,,,77.2,193.3,471.2,246.1,904.4,,,862.7,1752.4,1460.3,1452.8,2803.9,,,461.1,1188.1,566.4,907.4,2108.2,,,735.9,2031.8,1649.3,2982.8,3047.7,,,,,,,,,,,,,,,,,75.9,266.0,753.7,690.6,787.6,,,115.0,520.2,1820.7,1557.7,1437.9,,,503.3,728.2,2982.8,3222.8,5722.2,,,2748.9,3894.3,5722.2,5965.7,6676.0,,,2438.1,3419.4,5607.8,4673.2,8496.7,,,4123.4,4450.6,3594.7,7378.7,8011.2,,,,,,,,,,,,,,,,,69.0,81.6,383.0,228.7,656.6,,,114.8,378.3,987.2,521.1,1808.9,,,339.8,503.3,1557.7,1341.5,2776.1,,,1168.3,2031.8,3014.9,573.3,4673.2,,,335.3,535.0,860.0,303.7,1008.6,,,3014.9,3549.2,7189.5,7189.5,1584.1,,,,,,,,,,,,,,,,,2336.6,2670.4,3338.0,3840.9,5192.4,,,2317.2,4184.9,3549.2,5007.0,6838.8,,,3641.4,4673.2,5965.7,8246.8,8762.2,,,4450.6,4673.2,6095.4,2190.5,8246.8,,,3689.3,4596.5,5965.7,1808.9,3949.1,,,7578.1,9044.9,4596.5,9346.4,5841.5,,,,,,,,,,,,,,,,,1361.1,2046.6,1507.4,2596.2,3461.6,,,1611.4,3150.4,1763.4,2670.4,7578.1,,,3260.3,3894.3,3594.7,5841.5,9999.9,,,1082.5,1354.5,2696.0,739.8,2503.5,,,2156.8,3504.9,4752.4,1188.1,2861.1,,,5722.2,6520.7,9999.9,3689.3,5392.1,,,,,,,,,,,,,,,,,1219.0,2803.9,3186.2,4596.5,4248.3,,,1401.9,4919.1,5098.0,8762.2,8762.2,,,5607.8,5965.7,9999.9,9999.9,9999.9,,,5007.0,5098.0,8246.8,7378.7,4673.2,,,7788.6,8246.8,9044.9,8011.2,5607.8,,,4752.4,7578.1,9044.9,5392.1,4248.3,,,,,,,,,,,,,,,,,,,,,,,,,,,,,,,,,,,,,,,,,,,,,,,,,,,,,,,,,,,,,,,,,,,,,,,,,,,,,,,,,,,,,,,,,,,,,,,,,,,,,,,,,,,,,,,,,,,,,,,,,,,,,,,,
20260905_松阪_4R,20260905,47,松阪,4,22.8,44.8,99.8,150.5,83.8,,,18.9,33.1,84.1,100.0,69.8,,,10.7,7.3,15.7,2.7,14.6,,,102.1,99.2,62.3,192.6,53.1,,,192.6,198.2,49.9,253.0,252.3,,,124.8,117.1,57.3,55.5,156.7,,,,,,,,,,,,,,,,,279.8,439.0,955.5,1403.8,900.0,,,260.8,464.1,689.1,1021.3,663.6,,,701.9,958.2,2132.0,1632.1,2751.0,,,2080.0,2080.0,4264.0,4804.6,3158.5,,,2304.9,2966.3,3188.1,5881.5,5330.1,,,1804.9,1647.9,3668.0,3045.7,5781.8,,,,,,,,,,,,,,,,,207.3,232.8,637.6,682.2,589.1,,,206.7,405.6,596.3,955.5,623.6,,,416.0,818.0,2200.8,1122.1,2564.8,,,1697.1,1927.2,3280.0,4548.3,1884.6,,,1543.5,2436.6,1994.8,5091.4,5330.1,,,1451.6,1381.0,3344.3,2200.8,5168.5,,,,,,,,,,,,,,,,,70.3,61.3,93.1,22.6,94.9,,,367.5,798.8,1688.7,1213.9,2092.8,,,303.4,678.1,1445.4,897.7,1874.3,,,517.6,1740.4,2200.8,1624.4,1049.6,,,186.9,909.6,728.9,1172.2,1386.6,,,501.6,1971.8,2604.0,952.8,1960.5,,,,,,,,,,,,,,,,,1282.4,1249.5,503.1,1758.3,586.1,,,2159.0,2890.9,3629.0,5881.5,2819.2,,,2229.5,2526.8,4211.4,6688.7,2966.3,,,912.1,2796.1,3101.1,2665.0,2259.1,,,3218.1,4061.0,6961.7,3748.6,3748.6,,,624.7,1445.4,1705.6,1322.1,2006.6,,,,,,,,,,,,,,,,,2006.6,1616.7,454.8,2773.3,2274.1,,,2915.6,3668.0,3876.4,6961.7,6317.1,,,2042.6,4013.2,2186.7,6202.3,5685.4,,,458.5,3158.5,1971.8,4211.4,3748.6,,,3832.8,8122.0,8122.0,6688.7,4737.8,,,2966.3,5881.5,7580.6,6091.5,5685.4,,,,,,,,,,,,,,,,,921.9,780.6,321.5,441.8,1137.0,,,1731.6,2259.1,3966.5,2229.5,5330.1,,,1522.8,1655.9,3668.0,1834.0,5502.0,,,658.5,3876.4,4160.0,1983.2,2604.0,,,516.0,1327.3,1353.6,1114.7,2159.0,,,2819.2,5414.7,6091.5,5248.1,4160.0,,,,,,,,,,,,,,,,,,,,,,,,,,,,,,,,,,,,,,,,,,,,,,,,,,,,,,,,,,,,,,,,,,,,,,,,,,,,,,,,,,,,,,,,,,,,,,,,,,,,,,,,,,,,,,,,,,,,,,,,,,,,,,,,
20260905_松阪_5R,20260905,47,松阪,5,17.6,43.4,40.5,105.7,447.5,,,5.3,7.4,17.9,20.4,195.9,,,88.4,50.0,214.5,113.4,354.9,,,73.0,68.4,237.6,273.3,1148.8,,,197.1,95.2,106.4,360.6,831.6,,,1266.3,868.3,1562.2,2305.7,1943.7,,,,,,,,,,,,,,,,,47.4,119.6,101.2,199.0,910.9,,,43.5,136.4,89.7,187.2,1110.7,,,229.3,213.2,316.2,237.1,1584.4,,,93.9,69.9,195.0,232.6,1044.7,,,429.7,377.7,356.4,566.6,3067.2,,,2571.7,3277.7,2653.3,3377.0,4916.5,,,,,,,,,,,,,,,,,10.2,18.1,30.0,25.0,226.6,,,33.3,122.5,138.0,186.5,803.6,,,99.4,237.1,577.4,317.5,1247.4,,,131.3,202.3,504.2,855.0,2422.6,,,116.6,377.3,439.9,1103.3,2552.1,,,1295.8,3446.6,3799.1,4989.9,5392.3,,,,,,,,,,,,,,,,,252.3,156.1,801.7,377.7,852.8,,,297.1,406.7,702.3,376.0,1499.2,,,212.1,404.7,1247.4,483.1,1705.7,,,1499.2,1061.3,1990.0,1512.7,3377.0,,,352.2,334.3,358.7,936.4,453.0,,,1741.2,1797.4,1966.6,3277.7,868.3,,,,,,,,,,,,,,,,,95.9,87.7,435.3,621.4,1787.8,,,81.3,88.7,226.0,475.5,1075.0,,,118.4,135.2,577.4,986.2,2289.9,,,1156.8,819.4,1370.1,1499.2,3214.6,,,1422.6,1428.7,1932.5,1607.3,3519.2,,,4776.1,4232.0,4916.5,6429.3,5764.2,,,,,,,,,,,,,,,,,606.7,232.1,368.2,1007.0,1990.0,,,866.1,644.1,738.0,1750.4,4399.0,,,274.2,672.6,675.4,1910.4,3343.2,,,390.5,472.8,449.9,1311.0,534.9,,,1671.6,1955.1,2857.5,2063.7,4845.3,,,3556.6,5223.8,5223.8,1428.7,5392.3,,,,,,,,,,,,,,,,,4399.0,2611.9,4399.0,6555.4,5306.7,,,4517.9,5865.4,6429.3,6823.0,7598.3,,,4708.8,6686.5,6555.4,9999.9,8572.5,,,5143.5,6191.2,6429.3,9999.9,2001.9,,,9035.8,8154.3,9035.8,9999.9,9999.9,,,5392.3,8358.2,6965.1,1955.1,9035.8,,,,,,,,,,,,,,,,,,,,,,,,,,,,,,,,,,,,,,,,,,,,,,,,,,,,,,,,,,,,,,,,,,,,,,,,,,,,,,,,,,,,,,,,,,,,,,,,,,,,,,,,,,,,,,,,,,,,,,,,,,,,,,,,
20260905_松阪_6R,20260905,47,松阪,6,8.4,16.1,75.9,160.8,288.1,,,13.6,27.8,153.9,130.5,367.7,,,9.0,9.8,38.6,133.4,166.5,,,217.3,336.6,198.9,1318.4,747.8,,,778.5,675.7,739.0,1960.6,2782.3,,,712.6,1106.4,564.7,472.4,2239.0,,,,,,,,,,,,,,,,,18.2,23.7,92.3,189.2,311.9,,,16.4,23.7,86.1,38.3,196.2,,,54.0,69.9,282.5,352.3,546.8,,,271.2,326.7,545.2,1025.4,803.3,,,667.3,311.9,718.0,1478.1,1810.5,,,720.7,606.4,693.0,529.9,1743.7,,,,,,,,,,,,,,,,,29.7,67.3,273.2,110.9,650.1,,,20.0,30.1,92.6,35.6,205.7,,,140.6,96.6,480.8,430.9,1282.7,,,813.7,463.7,1078.0,1401.4,1689.2,,,182.4,100.5,464.8,765.9,1136.3,,,1719.9,789.9,2034.3,1109.6,1112.9,,,,,,,,,,,,,,,,,37.8,43.5,104.1,269.1,316.6,,,78.3,101.9,442.0,582.1,900.9,,,125.9,136.7,527.0,575.0,1391.1,,,645.7,1186.1,1351.4,2702.8,2067.7,,,1240.6,1507.5,1460.9,3471.5,6757.0,,,1323.0,1960.6,2574.1,2539.5,4729.9,,,,,,,,,,,,,,,,,975.2,1278.3,953.1,3861.1,2174.6,,,1062.9,1261.3,1828.0,3569.7,2265.8,,,2002.1,1411.9,2265.8,3408.9,2956.2,,,1489.7,2425.6,2845.0,5484.0,4349.3,,,7139.5,5405.6,2866.6,7276.8,6757.0,,,1666.9,1659.6,1557.1,2187.2,3027.1,,,,,,,,,,,,,,,,,2425.6,1960.6,3290.4,6413.5,8226.0,,,2473.1,796.6,2910.7,3783.9,6413.5,,,1583.2,700.7,2489.4,3746.5,6524.0,,,4025.5,3603.7,4299.9,7567.9,9999.9,,,8408.8,5647.7,6203.2,9009.4,9009.4,,,9957.8,8599.9,8408.8,9999.9,8408.8,,,,,,,,,,,,,,,,,1603.3,3348.6,1501.5,1666.9,6638.5,,,1538.2,1666.9,2056.5,1901.4,6103.1,,,3153.3,2113.9,3983.1,2379.8,5045.3,,,2321.4,3439.9,4559.0,3603.7,9999.9,,,1356.2,1265.5,1244.7,1768.2,2802.9,,,8051.0,8051.0,7139.5,9999.9,6006.3,,,,,,,,,,,,,,,,,,,,,,,,,,,,,,,,,,,,,,,,,,,,,,,,,,,,,,,,,,,,,,,,,,,,,,,,,,,,,,,,,,,,,,,,,,,,,,,,,,,,,,,,,,,,,,,,,,,,,,,,,,,,,,,,
20260905_松阪_7R,20260905,47,松阪,7,7.7,8.9,0.0,19.9,34.6,,,28.8,59.4,0.0,216.5,302.9,,,53.4,81.0,0.0,217.5,316.8,,,0.0,0.0,0.0,0.0,0.0,,,141.8,478.9,473.4,0.0,543.7,,,189.0,657.4,639.9,0.0,619.4,,,,,,,,,,,,,,,,,5.0,7.3,0.0,19.6,31.1,,,25.4,36.6,0.0,170.1,242.8,,,55.8,64.6,0.0,231.2,328.3,,,0.0,0.0,0.0,0.0,0.0,,,179.0,400.6,467.3,0.0,567.2,,,218.9,535.7,537.6,0.0,683.8,,,,,,,,,,,,,,,,,35.4,53.4,0.0,220.4,325.0,,,45.5,68.0,0.0,261.0,372.7,,,37.4,59.3,0.0,107.8,163.4,,,0.0,0.0,0.0,0.0,0.0,,,663.4,523.1,451.2,0.0,1025.8,,,1036.8,997.5,650.0,0.0,1364.5,,,,,,,,,,,,,,,,,103.8,95.7,0.0,234.4,388.8,,,113.3,111.9,0.0,316.1,570.5,,,47.8,73.3,0.0,84.2,147.4,,,0.0,0.0,0.0,0.0,0.0,,,321.7,458.4,258.2,0.0,487.8,,,783.9,1011.4,556.3,0.0,698.7,,,,,,,,,,,,,,,,,0.0,0.0,0.0,0.0,0.0,,,0.0,0.0,0.0,0.0,0.0,,,0.0,0.0,0.0,0.0,0.0,,,0.0,0.0,0.0,0.0,0.0,,,0.0,0.0,0.0,0.0,0.0,,,0.0,0.0,0.0,0.0,0.0,,,,,,,,,,,,,,,,,310.7,634.3,690.4,0.0,1015.0,,,288.9,541.7,879.2,0.0,1121.2,,,881.9,763.2,641.4,0.0,1732.2,,,665.0,1095.7,647.1,0.0,980.6,,,0.0,0.0,0.0,0.0,0.0,,,1022.1,1116.9,1425.0,871.3,0.0,,,,,,,,,,,,,,,,,348.1,728.6,755.2,0.0,1095.7,,,352.3,692.0,977.2,0.0,1108.3,,,884.6,1067.4,887.3,0.0,1701.6,,,1022.1,1279.9,777.6,0.0,1390.7,,,0.0,0.0,0.0,0.0,0.0,,,1099.9,1147.9,1522.5,1297.2,0.0,,,,,,,,,,,,,,,,,,,,,,,,,,,,,,,,,,,,,,,,,,,,,,,,,,,,,,,,,,,,,,,,,,,,,,,,,,,,,,,,,,,,,,,,,,,,,,,,,,,,,,,,,,,,,,,,,,,,,,,,,,,,,,,,
20260905_松阪_8R,20260905,47,松阪,8,4.7,13.5,2.7,30.3,12.3,,,24.6,87.2,92.7,49.2,91.1,,,79.0,116.3,310.2,326.4,87.3,,,48.7,191.9,313.7,484.0,321.6,,,240.4,188.2,463.6,618.1,487.6,,,51.0,112.9,45.7,198.8,344.6,,,,,,,,,,,,,,,,,26.2,73.0,17.7,86.6,76.3,,,123.7,893.6,369.1,512.3,864.3,,,535.9,1659.6,1325.5,2170.3,1605.6,,,127.9,414.9,1053.3,997.4,1131.8,,,610.5,1067.5,2883.2,2112.3,3910.8,,,344.0,1148.2,1266.0,1425.9,2484.2,,,,,,,,,,,,,,,,,77.3,362.7,284.3,177.8,507.0,,,84.9,633.0,304.5,236.5,819.5,,,970.5,1312.2,2705.4,1405.6,2194.4,,,811.0,885.6,3038.4,1688.0,3085.9,,,169.8,175.0,519.7,423.8,785.2,,,812.7,1282.4,1811.9,1965.1,1618.8,,,,,,,,,,,,,,,,,690.5,1325.5,1763.3,2089.9,862.4,,,903.8,2206.7,2781.6,3085.9,2194.4,,,1740.0,2484.2,3726.4,3038.4,2781.6,,,3015.2,4759.0,6269.8,7181.8,6475.4,,,4072.1,5197.3,4647.0,7181.8,5563.3,,,776.0,1338.9,1639.0,2651.0,2365.2,,,,,,,,,,,,,,,,,208.7,933.8,1586.3,2484.2,1709.9,,,243.5,918.6,2194.4,2598.6,2408.5,,,1250.0,1473.8,4937.5,3726.4,5808.8,,,3237.7,5064.1,6171.8,9875.0,9875.0,,,4488.6,4759.0,5808.8,8229.1,7452.8,,,2705.4,4030.6,5984.8,6694.9,8586.9,,,,,,,,,,,,,,,,,1115.8,1058.9,3526.7,3657.4,2781.6,,,1238.2,1338.9,4388.8,3657.4,5197.3,,,690.5,604.9,1321.0,1549.0,1926.8,,,6583.3,5895.5,4540.2,8586.9,6929.8,,,7053.5,6475.4,6076.9,8777.7,9999.9,,,3910.8,6929.8,4647.0,6269.8,8404.2,,,,,,,,,,,,,,,,,207.3,362.0,293.6,726.1,1219.1,,,347.7,1034.0,1079.2,1154.9,2668.9,,,985.0,1709.9,1872.0,3038.4,2257.1,,,421.5,641.2,1036.7,1645.8,1695.2,,,1899.0,2438.2,3405.1,3761.9,5724.6,,,3015.2,4593.0,3160.0,4030.6,5129.8,,,,,,,,,,,,,,,,,,,,,,,,,,,,,,,,,,,,,,,,,,,,,,,,,,,,,,,,,,,,,,,,,,,,,,,,,,,,,,,,,,,,,,,,,,,,,,,,,,,,,,,,,,,,,,,,,,,,,,,,,,,,,,,,
20260905_松阪_9R,20260905,47,松阪,9,36.3,39.4,37.2,82.3,70.5,,,19.7,20.6,31.7,50.9,12.2,,,43.3,37.5,83.1,72.3,42.7,,,26.5,54.0,71.0,92.9,94.1,,,43.8,41.6,29.5,73.0,56.6,,,60.8,18.1,30.7,98.1,98.6,,,,,,,,,,,,,,,,,248.6,327.6,185.3,522.0,502.5,,,325.6,733.3,343.2,1572.6,668.4,,,395.6,700.9,228.3,1264.5,758.4,,,125.7,189.7,127.4,494.9,332.9,,,1164.7,2347.1,2439.5,1643.6,2803.8,,,908.5,832.8,1166.9,700.9,2571.1,,,,,,,,,,,,,,,,,88.8,72.1,102.6,145.2,46.4,,,180.1,312.9,215.1,946.0,310.5,,,183.6,404.9,496.5,777.4,228.9,,,194.8,184.9,441.3,971.2,280.6,,,520.2,1332.5,1173.5,1634.9,947.4,,,52.3,127.6,72.1,161.1,349.8,,,,,,,,,,,,,,,,,184.9,140.6,292.6,226.4,183.4,,,299.1,417.2,349.0,923.4,455.2,,,208.7,383.9,657.7,974.2,224.9,,,480.7,371.4,739.4,1444.3,983.5,,,583.4,1285.5,1282.8,1979.6,1254.3,,,270.7,453.2,251.2,957.7,956.2,,,,,,,,,,,,,,,,,68.5,140.0,199.1,203.3,235.6,,,55.9,108.4,72.5,315.6,162.7,,,224.5,191.7,526.0,1335.4,255.4,,,376.9,256.8,683.9,1661.2,816.3,,,776.4,1326.8,1954.7,2278.0,2603.5,,,469.7,394.1,424.1,686.9,2253.2,,,,,,,,,,,,,,,,,465.1,442.6,419.5,654.3,643.4,,,1222.1,2549.9,2717.7,2329.4,3194.0,,,894.1,2682.4,2011.8,3540.8,2107.6,,,894.1,2922.8,2636.7,3295.9,2950.6,,,1267.1,2356.0,4049.9,3824.9,4076.5,,,1478.8,3423.4,2717.7,2694.0,4426.0,,,,,,,,,,,,,,,,,264.3,67.1,93.6,319.2,275.2,,,656.3,524.6,836.2,597.5,2038.2,,,68.2,201.0,82.8,251.1,338.6,,,210.9,542.1,174.7,744.7,559.2,,,596.3,585.6,470.1,860.6,1912.4,,,959.1,2303.4,1285.5,1811.8,2803.8,,,,,,,,,,,,,,,,,,,,,,,,,,,,,,,,,,,,,,,,,,,,,,,,,,,,,,,,,,,,,,,,,,,,,,,,,,,,,,,,,,,,,,,,,,,,,,,,,,,,,,,,,,,,,,,,,,,,,,,,,,,,,,,,
20260905_防府_1R,20260905,63,防府,1,178.1,139.9,50.8,351.8,49.1,,,444.5,963.5,282.7,1122.1,536.5,,,634.6,650.3,465.9,1736.2,760.4,,,12.7,41.3,80.7,31.8,12.2,,,814.3,1296.0,1769.6,291.2,897.7,,,40.5,201.5,240.8,33.0,356.6,,,,,,,,,,,,,,,,,318.9,251.0,91.5,664.4,81.9,,,699.7,484.3,497.4,1533.6,299.7,,,333.4,219.0,218.0,757.3,79.6,,,102.7,248.0,167.6,369.5,63.8,,,1314.5,2217.3,1333.6,1460.6,1269.2,,,54.6,58.8,24.7,28.5,318.9,,,,,,,,,,,,,,,,,1028.1,2329.6,338.3,1897.3,994.8,,,1057.7,968.6,880.5,2067.8,906.6,,,4089.7,2067.8,3017.0,2831.3,2968.3,,,373.3,417.3,1628.6,571.5,906.6,,,1643.2,773.2,2592.1,745.1,4718.9,,,1210.7,844.2,1533.6,1143.1,3680.8,,,,,,,,,,,,,,,,,1472.3,3119.3,796.7,2521.0,1460.6,,,1210.7,1070.0,1000.2,2487.0,288.9,,,4089.7,2359.4,3608.6,2875.6,3346.1,,,934.2,1628.6,2629.1,2921.2,2091.3,,,4381.9,4000.8,3408.1,3286.4,4488.7,,,1600.3,315.1,2272.1,1472.3,3680.8,,,,,,,,,,,,,,,,,10.1,40.3,90.1,19.8,16.2,,,56.1,206.7,163.0,218.3,73.0,,,179.9,245.3,902.1,362.9,552.6,,,308.2,496.0,1095.4,1115.3,652.6,,,102.7,147.2,277.1,984.1,318.4,,,57.0,81.6,227.7,408.0,255.9,,,,,,,,,,,,,,,,,1704.0,3346.1,4280.0,601.4,2000.4,,,1917.0,3228.7,3539.2,2592.1,2831.3,,,4488.7,4381.9,2921.2,3408.1,7668.3,,,5576.9,4843.1,3346.1,5576.9,6572.8,,,546.1,1858.9,3067.3,4000.8,1804.3,,,2390.1,2629.1,6346.2,6572.8,2067.8,,,,,,,,,,,,,,,,,55.3,213.0,280.9,34.8,391.5,,,43.6,49.8,12.4,30.7,282.7,,,697.1,259.2,575.1,541.2,1769.6,,,745.1,115.1,455.5,619.6,2022.4,,,51.5,64.8,211.0,218.8,281.8,,,1226.9,1108.6,2706.4,2487.0,948.6,,,,,,,,,,,,,,,,,,,,,,,,,,,,,,,,,,,,,,,,,,,,,,,,,,,,,,,,,,,,,,,,,,,,,,,,,,,,,,,,,,,,,,,,,,,,,,,,,,,,,,,,,,,,,,,,,,,,,,,,,,,,,,,,
20260905_防府_2R,20260905,63,防府,2,81.7,63.0,104.1,507.3,38.1,,,75.2,153.9,74.3,249.1,114.5,,,50.0,179.9,205.7,1017.5,144.1,,,36.6,30.7,110.2,41.1,87.5,,,859.9,529.3,1336.9,307.3,1137.6,,,102.2,181.1,321.3,284.4,1017.5,,,,,,,,,,,,,,,,,135.0,94.5,201.4,964.0,62.1,,,116.8,48.0,151.4,546.7,27.1,,,64.6,55.6,136.5,446.7,16.8,,,316.3,267.7,419.1,747.5,309.3,,,1680.3,1744.3,1356.7,1795.6,1103.3,,,49.2,21.1,22.1,125.7,410.6,,,,,,,,,,,,,,,,,79.4,215.4,59.1,190.7,123.4,,,61.8,66.2,65.8,152.3,25.0,,,275.8,96.4,369.2,680.8,190.0,,,51.9,76.9,289.3,105.4,112.5,,,440.2,526.3,995.4,346.8,581.4,,,143.5,65.3,174.1,196.7,408.8,,,,,,,,,,,,,,,,,69.1,211.0,199.0,1280.8,162.8,,,52.4,68.8,261.2,776.1,14.9,,,396.4,142.9,810.4,1046.6,270.9,,,533.9,629.4,939.2,1552.2,1212.9,,,3002.6,2442.1,1650.0,3104.4,3330.1,,,461.3,88.4,314.1,1137.6,1948.5,,,,,,,,,,,,,,,,,58.4,40.0,188.4,48.3,157.0,,,166.9,236.9,537.1,464.8,328.2,,,91.9,176.6,538.7,207.4,255.8,,,577.7,792.9,876.3,1727.9,1526.3,,,196.7,515.9,288.4,1052.6,618.7,,,532.4,581.4,551.6,1606.6,979.4,,,,,,,,,,,,,,,,,1665.0,1366.8,2954.2,735.5,2012.7,,,2509.0,2410.0,3270.7,2129.7,2289.5,,,1327.2,1592.7,2012.7,920.4,1501.3,,,3981.7,4259.5,2817.8,4070.2,4950.2,,,575.9,1289.8,723.9,2817.8,1377.1,,,3052.6,2206.7,2579.7,5550.3,2509.0,,,,,,,,,,,,,,,,,215.7,347.5,501.8,572.3,1526.3,,,131.2,83.5,90.0,273.7,596.6,,,273.7,114.9,295.4,406.1,814.0,,,551.6,163.0,378.4,1289.8,2378.7,,,814.0,618.7,543.5,1539.1,1592.7,,,2180.4,1888.2,1695.9,3522.3,2348.2,,,,,,,,,,,,,,,,,,,,,,,,,,,,,,,,,,,,,,,,,,,,,,,,,,,,,,,,,,,,,,,,,,,,,,,,,,,,,,,,,,,,,,,,,,,,,,,,,,,,,,,,,,,,,,,,,,,,,,,,,,,,,,,,
20260905_防府_3R,20260905,63,防府,3,1334.2,556.6,1868.0,875.6,836.4,,,2075.5,913.6,2183.3,2547.2,857.7,,,255.8,350.9,579.7,385.5,116.5,,,3113.3,3502.5,1514.6,3362.4,1648.2,,,1183.9,1868.0,734.1,2849.5,1323.7,,,793.0,522.1,241.5,724.6,1313.4,,,,,,,,,,,,,,,,,1012.7,418.2,1077.6,551.2,494.4,,,1313.4,624.9,737.3,629.6,290.8,,,280.2,556.6,1006.7,413.0,240.1,,,1542.3,1183.9,1648.2,1120.8,659.2,,,227.8,184.5,188.2,194.8,90.7,,,294.4,110.0,160.1,113.9,111.4,,,,,,,,,,,,,,,,,1664.5,939.2,1293.2,2001.4,639.2,,,1461.9,691.8,918.6,649.1,419.2,,,380.3,591.9,361.5,832.2,138.7,,,1057.3,1077.6,554.8,1698.1,189.1,,,1664.5,1514.6,1487.7,2472.3,1303.2,,,186.1,138.7,60.0,42.0,373.6,,,,,,,,,,,,,,,,,73.9,91.9,148.5,170.3,27.3,,,191.6,367.0,581.7,283.9,129.1,,,169.8,300.2,210.6,554.8,65.0,,,465.7,875.6,361.5,1236.1,185.1,,,644.1,573.7,894.2,1389.4,737.3,,,31.8,58.9,30.8,38.6,261.4,,,,,,,,,,,,,,,,,2849.5,3577.0,2802.0,4543.8,1571.2,,,3172.0,2241.6,2367.8,2668.5,1334.2,,,2586.4,1868.0,800.5,3113.3,257.8,,,2025.5,3296.4,983.1,3820.9,518.8,,,7641.8,3362.4,5604.0,5253.7,2212.1,,,709.3,624.9,158.4,388.2,903.8,,,,,,,,,,,,,,,,,1616.5,3577.0,2303.0,4944.7,2547.2,,,677.9,677.9,669.8,913.6,443.5,,,3736.0,1070.8,1664.5,3577.0,1528.3,,,2472.3,1424.7,2075.5,3654.7,1954.8,,,6724.8,2183.3,3909.7,4203.0,1827.3,,,1954.8,789.2,1135.9,1401.0,1183.9,,,,,,,,,,,,,,,,,246.1,136.5,106.1,128.3,451.9,,,148.6,47.4,88.2,53.1,97.5,,,36.9,30.3,14.0,4.4,92.2,,,38.0,71.6,22.1,30.2,213.8,,,55.7,32.9,10.4,26.8,132.3,,,703.4,329.6,317.2,503.3,351.7,,,,,,,,,,,,,,,,,,,,,,,,,,,,,,,,,,,,,,,,,,,,,,,,,,,,,,,,,,,,,,,,,,,,,,,,,,,,,,,,,,,,,,,,,,,,,,,,,,,,,,,,,,,,,,,,,,,,,,,,,,,,,,,,
20260905_防府_4R,20260905,63,防府,4,61.6,19.8,23.2,94.4,74.3,,,112.6,128.0,281.5,119.1,407.3,,,13.1,40.2,53.1,74.7,15.4,,,56.8,274.8,119.0,350.2,369.7,,,104.1,93.7,103.2,275.6,410.2,,,216.1,720.9,141.1,655.1,779.6,,,,,,,,,,,,,,,,,81.3,29.0,23.2,112.0,116.7,,,141.9,200.1,167.2,141.0,472.0,,,67.3,202.4,101.8,264.6,156.7,,,25.8,65.9,43.1,97.4,137.7,,,165.1,147.3,255.2,193.3,619.7,,,367.3,797.7,378.6,423.3,995.9,,,,,,,,,,,,,,,,,253.0,246.5,425.4,165.8,805.1,,,247.9,350.2,279.2,172.4,588.0,,,382.8,317.3,727.0,170.7,243.7,,,700.4,432.9,892.7,426.4,1935.9,,,84.4,75.1,79.8,180.9,150.6,,,1957.9,1625.5,1472.6,2571.6,865.8,,,,,,,,,,,,,,,,,40.8,113.4,101.8,159.0,29.5,,,103.6,384.6,250.8,466.9,220.9,,,478.6,445.2,1204.9,602.4,941.5,,,337.8,369.7,1057.0,1213.4,832.3,,,339.1,522.1,485.3,1104.5,622.0,,,127.8,267.5,824.4,946.7,883.6,,,,,,,,,,,,,,,,,90.0,536.7,185.2,511.2,783.1,,,43.4,118.5,60.0,128.0,133.1,,,844.6,431.8,1063.6,691.9,1776.3,,,371.3,299.6,879.0,995.9,752.4,,,714.9,301.7,469.4,874.6,1498.2,,,2027.1,706.1,2610.6,1776.3,2003.5,,,,,,,,,,,,,,,,,95.4,66.2,72.5,223.4,500.8,,,145.6,136.5,197.1,185.8,396.1,,,45.6,40.3,63.6,166.9,152.4,,,195.1,220.3,143.7,592.1,194.9,,,449.8,147.3,354.5,596.2,967.9,,,1435.8,857.2,931.3,941.5,1498.2,,,,,,,,,,,,,,,,,1133.5,2970.7,615.3,2209.0,2734.9,,,776.1,2297.3,840.5,1914.4,2393.1,,,3828.9,2970.7,3378.5,4307.5,2610.6,,,441.8,714.9,2127.2,2297.3,2075.9,,,3516.3,2051.2,5221.3,4202.5,2692.2,,,3828.9,2426.8,2393.1,3589.6,2153.7,,,,,,,,,,,,,,,,,,,,,,,,,,,,,,,,,,,,,,,,,,,,,,,,,,,,,,,,,,,,,,,,,,,,,,,,,,,,,,,,,,,,,,,,,,,,,,,,,,,,,,,,,,,,,,,,,,,,,,,,,,,,,,,,
20260905_防府_5R,20260905,63,防府,5,160.8,345.3,40.7,419.1,305.3,,,140.9,131.2,50.3,1116.9,137.8,,,773.9,390.4,444.5,1336.8,928.7,,,2.8,9.7,50.3,148.1,26.8,,,1458.4,2485.5,2178.6,1008.4,2941.1,,,275.7,132.1,461.9,105.7,1200.4,,,,,,,,,,,,,,,,,580.4,1176.4,105.0,1269.5,959.0,,,780.8,1857.5,717.3,5042.0,2005.3,,,2233.8,3393.6,2352.9,5514.7,4769.4,,,73.3,317.9,754.1,578.5,689.3,,,2178.6,5882.3,8021.3,1857.5,5882.3,,,1278.7,2076.1,4304.1,1260.5,5190.3,,,,,,,,,,,,,,,,,563.8,470.5,216.5,2321.9,436.8,,,750.9,1153.4,703.0,3393.6,1495.5,,,723.2,1138.5,588.2,2005.3,508.5,,,281.9,553.1,608.5,2801.1,670.9,,,4201.6,6302.5,3151.2,5347.5,6787.3,,,356.5,723.2,233.4,362.3,2051.9,,,,,,,,,,,,,,,,,2262.4,1782.5,1389.5,3329.6,2321.9,,,2941.1,4201.6,2205.8,6787.3,5347.5,,,1604.2,1534.5,1575.6,3393.6,1096.0,,,1200.4,2557.5,1857.5,5882.3,3460.2,,,4524.8,9999.9,3460.2,6302.5,9999.9,,,2595.1,2846.2,1400.5,3393.6,6787.3,,,,,,,,,,,,,,,,,3.1,24.7,82.4,142.3,54.8,,,9.5,101.7,257.9,216.2,208.8,,,147.1,248.9,470.5,1696.8,416.2,,,651.1,923.9,974.9,3042.5,1800.7,,,1050.4,1357.4,3267.9,4524.8,2595.1,,,208.3,366.8,505.6,1044.2,1960.7,,,,,,,,,,,,,,,,,3601.4,8823.5,4103.9,2485.5,8403.3,,,3601.4,7672.6,9999.9,3754.6,8403.3,,,6535.9,9999.9,3208.5,9999.9,9999.9,,,5692.5,8823.5,5042.0,9287.9,9999.9,,,2757.3,2633.8,9999.9,9999.9,9287.9,,,6535.9,6085.1,9999.9,9999.9,9287.9,,,,,,,,,,,,,,,,,686.6,529.9,1288.1,188.9,2991.0,,,1063.0,1633.9,2633.8,1131.2,3393.6,,,355.7,809.4,253.1,326.1,2384.7,,,1918.1,2673.7,1082.6,2126.1,4901.9,,,290.7,558.4,632.5,1547.9,3460.2,,,4769.4,8403.3,7058.8,8021.3,3529.4,,,,,,,,,,,,,,,,,,,,,,,,,,,,,,,,,,,,,,,,,,,,,,,,,,,,,,,,,,,,,,,,,,,,,,,,,,,,,,,,,,,,,,,,,,,,,,,,,,,,,,,,,,,,,,,,,,,,,,,,,,,,,,,,
20260905_防府_6R,20260905,63,防府,6,1950.4,1266.5,2408.0,1970.1,6291.8,,,2533.0,2322.0,2955.2,3362.8,8865.8,,,1182.1,2074.9,1773.1,1990.2,7501.8,,,3546.3,4644.0,2786.4,4334.4,9999.9,,,1950.4,2911.1,1696.0,2826.7,9999.9,,,5001.2,9999.9,8865.8,6966.0,9999.9,,,,,,,,,,,,,,,,,282.6,128.2,226.5,198.0,2533.0,,,213.1,61.8,125.9,98.7,1060.0,,,50.5,25.5,18.7,13.7,372.2,,,151.7,119.8,51.9,86.2,1032.0,,,111.2,68.7,28.9,59.8,761.9,,,4334.4,2349.9,1317.8,2322.0,2010.8,,,,,,,,,,,,,,,,,550.9,389.3,942.2,719.7,3750.9,,,407.1,153.7,279.8,292.4,3305.8,,,248.7,121.6,182.8,186.2,2097.2,,,783.3,336.2,290.2,520.1,4432.9,,,527.1,298.2,234.9,406.3,4063.5,,,9752.4,9999.9,6095.2,8865.8,8865.8,,,,,,,,,,,,,,,,,109.7,141.8,130.2,170.9,1741.5,,,62.1,19.7,15.3,9.2,289.3,,,119.3,42.2,73.4,52.6,711.8,,,76.2,29.0,56.8,40.8,567.0,,,118.3,17.1,36.0,37.1,427.7,,,2635.7,1026.5,1345.1,1726.0,1667.0,,,,,,,,,,,,,,,,,1071.6,1875.4,1010.6,1840.0,8127.0,,,563.7,441.2,173.8,319.2,2868.3,,,1010.6,479.2,393.2,727.7,3421.8,,,344.0,152.0,312.0,227.5,2378.6,,,866.8,301.4,633.2,281.8,2191.5,,,6966.0,4334.4,9288.0,7224.0,4876.2,,,,,,,,,,,,,,,,,163.6,280.6,186.8,260.4,1789.4,,,92.0,63.1,28.6,54.4,623.1,,,214.8,102.0,74.9,148.8,1354.5,,,93.7,26.4,51.2,49.1,540.2,,,200.4,87.8,156.7,86.7,933.2,,,2349.9,1204.0,2268.0,1560.3,1757.1,,,,,,,,,,,,,,,,,9288.0,9999.9,8127.0,6501.6,6501.6,,,5736.7,3546.3,5572.8,4536.0,5572.8,,,9288.0,9999.9,9999.9,9999.9,9999.9,,,8127.0,5001.2,3824.4,6501.6,6966.0,,,9999.9,4757.2,8127.0,7801.9,5001.2,,,9999.9,5736.7,9999.9,7801.9,2868.3,,,,,,,,,,,,,,,,,,,,,,,,,,,,,,,,,,,,,,,,,,,,,,,,,,,,,,,,,,,,,,,,,,,,,,,,,,,,,,,,,,,,,,,,,,,,,,,,,,,,,,,,,,,,,,,,,,,,,,,,,,,,,,,,
20260905_防府_7R,20260905,63,防府,7,5489.7,1178.7,842.7,4803.5,2528.1,,,9999.9,5489.7,5822.4,7390.0,8005.9,,,1524.9,6004.4,615.8,6004.4,2372.1,,,781.0,3493.4,432.7,2668.6,1143.7,,,7685.6,9999.9,5056.3,6198.1,7390.0,,,2432.1,9149.6,3256.6,2111.4,7390.0,,,,,,,,,,,,,,,,,3493.4,902.0,800.5,3202.3,1412.8,,,7390.0,6862.2,5056.3,9149.6,8353.9,,,608.0,2561.8,210.9,2158.8,642.6,,,347.4,1423.2,149.1,1091.7,353.2,,,5193.0,8733.7,4366.8,4366.8,6004.4,,,1902.3,4803.5,1011.2,946.5,6004.4,,,,,,,,,,,,,,,,,9999.9,6625.5,4269.8,9149.6,9999.9,,,8353.9,9149.6,6004.4,9999.9,9607.0,,,8353.9,9999.9,4686.3,9999.9,9999.9,,,7685.6,8005.9,4926.7,9999.9,9999.9,,,9149.6,9999.9,9999.9,9999.9,9999.9,,,8005.9,9999.9,9999.9,9999.9,9999.9,,,,,,,,,,,,,,,,,582.2,2343.1,248.2,1731.0,716.9,,,316.5,1334.3,130.3,1123.6,326.7,,,3256.6,3558.1,1247.6,5056.3,4366.8,,,37.7,27.8,205.0,157.2,52.9,,,3099.0,3312.7,4269.8,1033.0,2561.8,,,814.1,662.5,2744.8,295.6,2372.1,,,,,,,,,,,,,,,,,33.6,162.8,10.7,146.8,63.7,,,32.4,231.4,10.0,169.8,47.1,,,346.8,459.6,143.1,980.3,552.1,,,4.2,3.7,31.3,24.0,7.6,,,159.5,255.5,691.1,63.0,330.1,,,69.1,67.0,273.7,24.0,221.1,,,,,,,,,,,,,,,,,8005.9,8353.9,4366.8,6198.1,7116.3,,,9999.9,9999.9,7685.6,8733.7,9999.9,,,9999.9,9999.9,9999.9,9999.9,9999.9,,,9149.6,7390.0,9999.9,3431.1,9607.0,,,6004.4,5651.2,9999.9,2744.8,6198.1,,,8353.9,7685.6,9999.9,9999.9,9149.6,,,,,,,,,,,,,,,,,4176.9,8733.7,3921.2,2401.7,6198.1,,,3431.1,9607.0,1746.7,1372.4,9999.9,,,9607.0,9999.9,9999.9,9607.0,9999.9,,,2632.0,1847.5,9607.0,946.5,6625.5,,,1325.1,1011.2,4574.8,686.2,4002.9,,,8733.7,9999.9,9999.9,9999.9,5056.3,,,,,,,,,,,,,,,,,,,,,,,,,,,,,,,,,,,,,,,,,,,,,,,,,,,,,,,,,,,,,,,,,,,,,,,,,,,,,,,,,,,,,,,,,,,,,,,,,,,,,,,,,,,,,,,,,,,,,,,,,,,,,,,,
20260905_久留米_1R,20260905,83,久留米,1,111.2,31.3,48.4,116.7,340.6,,,476.3,621.7,621.7,1570.8,2613.4,,,42.8,247.7,59.7,345.4,974.6,,,127.6,286.7,123.8,520.8,1251.3,,,394.8,1140.2,708.2,822.6,1613.7,,,1562.5,4687.6,3474.3,2660.5,2461.0,,,,,,,,,,,,,,,,,40.3,13.8,24.8,45.6,150.8,,,279.3,302.5,321.0,836.6,1649.8,,,19.4,108.4,26.0,102.2,542.8,,,53.1,97.1,41.5,228.3,723.8,,,129.6,711.6,222.5,354.5,471.7,,,1330.2,3245.2,2008.9,2461.0,1857.3,,,,,,,,,,,,,,,,,1097.8,1312.5,1140.2,2709.3,4543.3,,,878.9,1058.4,1181.2,2155.6,3394.4,,,1122.8,1028.9,324.1,2094.4,4407.7,,,866.0,1062.3,291.8,958.8,2923.9,,,3210.0,4218.8,3281.3,1380.0,4280.0,,,6711.8,8203.3,7383.0,4922.0,6283.4,,,,,,,,,,,,,,,,,23.0,105.0,31.2,171.5,577.9,,,21.7,92.9,28.2,102.2,423.7,,,254.1,255.2,103.2,440.7,1135.8,,,12.4,13.6,12.5,51.8,260.8,,,267.0,271.9,698.1,200.2,476.3,,,1995.4,1570.8,2923.9,1278.4,1530.1,,,,,,,,,,,,,,,,,121.0,166.9,81.0,406.7,1077.8,,,108.2,128.9,66.2,365.9,1001.0,,,193.2,232.9,70.9,240.4,699.8,,,27.8,28.9,19.7,81.6,258.1,,,653.3,696.5,381.5,261.8,984.4,,,3076.2,3281.3,2481.6,1399.6,2171.4,,,,,,,,,,,,,,,,,450.8,1476.6,827.2,1190.8,881.5,,,314.8,1613.7,513.6,958.8,894.9,,,2420.6,2420.6,1406.2,1162.6,1514.4,,,523.6,481.7,1278.4,345.8,718.5,,,884.1,1001.0,503.9,433.6,981.1,,,743.8,829.5,1011.3,732.8,722.0,,,,,,,,,,,,,,,,,3835.3,6867.9,4407.7,6026.9,4543.3,,,3210.0,6152.5,5181.0,5679.2,4407.7,,,7202.9,8437.7,6711.8,4841.3,5572.0,,,5369.4,5091.7,7202.9,3394.4,3835.3,,,5572.0,7202.9,4763.2,3318.2,3645.9,,,2022.7,2709.3,2812.5,2461.0,1622.6,,,,,,,,,,,,,,,,,,,,,,,,,,,,,,,,,,,,,,,,,,,,,,,,,,,,,,,,,,,,,,,,,,,,,,,,,,,,,,,,,,,,,,,,,,,,,,,,,,,,,,,,,,,,,,,,,,,,,,,,,,,,,,,,
20260905_久留米_2R,20260905,83,久留米,2,24.6,28.4,22.8,21.5,25.5,,,50.2,240.9,27.2,44.6,113.2,,,295.4,555.4,613.4,534.5,699.2,,,29.6,14.7,209.1,30.5,78.0,,,10.2,11.3,111.7,15.3,49.3,,,28.1,61.2,262.7,76.2,76.9,,,,,,,,,,,,,,,,,153.4,165.7,167.8,145.2,82.1,,,303.9,499.8,229.7,673.7,369.1,,,324.7,437.2,607.4,718.2,289.8,,,247.9,235.0,582.5,820.1,327.0,,,281.3,915.6,1145.2,1134.6,1110.8,,,58.6,129.0,89.6,150.9,409.6,,,,,,,,,,,,,,,,,280.0,1233.0,101.4,249.6,721.0,,,436.7,1608.3,473.6,823.8,953.3,,,3302.7,3007.3,2466.0,5521.0,7113.6,,,88.4,201.8,742.7,268.2,384.1,,,397.7,1072.2,4682.4,525.4,4064.9,,,1013.4,927.0,3362.8,725.3,2959.2,,,,,,,,,,,,,,,,,1335.4,3273.5,3302.7,2066.5,4301.2,,,1237.1,2642.2,2680.5,3007.3,1364.9,,,5871.5,3332.5,5067.2,8220.2,9999.9,,,4998.7,4156.2,5871.5,8220.2,7706.4,,,3457.1,4742.4,7398.1,9999.9,9022.1,,,4932.1,1574.0,7549.1,8602.5,8602.5,,,,,,,,,,,,,,,,,86.3,43.0,468.8,83.3,218.2,,,161.6,139.2,524.6,399.9,288.5,,,44.8,71.4,403.8,124.4,161.3,,,1957.1,1988.7,1906.7,3893.7,4110.1,,,173.2,411.0,228.0,1594.4,958.3,,,431.1,347.3,300.9,2623.4,1485.5,,,,,,,,,,,,,,,,,103.0,98.5,543.9,116.9,321.1,,,332.0,762.7,1681.4,968.3,1439.3,,,349.6,994.3,2983.1,721.0,3244.8,,,2311.9,3489.7,4456.7,5871.5,7398.1,,,239.2,915.6,454.4,3302.7,1795.6,,,1044.9,1887.2,3662.4,5871.5,3302.7,,,,,,,,,,,,,,,,,68.7,136.9,816.5,217.5,215.3,,,65.8,111.1,97.5,146.7,331.4,,,462.3,456.1,1967.6,436.2,1485.5,,,2326.4,787.0,2802.3,4623.8,5284.4,,,395.6,365.5,255.1,2959.2,1237.1,,,646.6,1288.8,1673.7,4867.2,2386.5,,,,,,,,,,,,,,,,,,,,,,,,,,,,,,,,,,,,,,,,,,,,,,,,,,,,,,,,,,,,,,,,,,,,,,,,,,,,,,,,,,,,,,,,,,,,,,,,,,,,,,,,,,,,,,,,,,,,,,,,,,,,,,,,
20260905_久留米_3R,20260905,83,久留米,3,4.4,3.7,18.0,39.8,49.8,,,33.4,22.8,147.9,156.9,225.0,,,27.3,21.5,123.2,79.7,248.6,,,126.3,267.3,241.7,777.5,215.4,,,327.1,385.7,331.5,1353.1,587.7,,,529.7,1133.4,1006.0,670.0,1961.2,,,,,,,,,,,,,,,,,10.4,9.4,26.2,78.6,63.8,,,63.9,131.3,692.6,1014.8,921.1,,,75.5,137.5,577.0,523.4,926.0,,,248.6,1003.1,1057.9,2624.8,1358.3,,,923.5,3009.5,1876.9,4206.1,5541.4,,,870.5,3293.4,3262.6,2624.8,6234.0,,,,,,,,,,,,,,,,,135.5,127.5,565.8,926.0,1601.4,,,180.0,274.8,1137.1,1511.2,2017.9,,,107.7,155.0,500.1,245.6,711.0,,,1148.3,2566.9,1419.1,4593.5,2748.8,,,1994.9,3262.6,1048.3,4363.8,8951.5,,,4654.7,6347.4,3753.8,4848.7,9999.9,,,,,,,,,,,,,,,,,98.2,111.3,552.3,265.0,853.5,,,156.9,211.1,823.3,537.0,1342.7,,,92.8,110.3,365.9,153.5,589.7,,,1171.5,1442.5,1077.4,2078.0,2685.4,,,480.8,549.7,354.4,1586.8,2909.2,,,3173.7,4987.2,3356.8,5541.4,5723.0,,,,,,,,,,,,,,,,,334.0,736.5,837.1,2511.5,749.1,,,540.4,1856.9,1702.9,4475.7,1702.9,,,1292.9,2128.7,948.6,3145.1,2017.9,,,1537.9,2252.3,1220.6,2017.9,2861.5,,,5630.7,7757.9,6464.9,5059.5,5630.7,,,811.8,1108.2,839.2,1115.3,1686.5,,,,,,,,,,,,,,,,,2605.2,3878.9,3293.4,9187.0,8312.1,,,3009.5,5917.0,3636.5,9999.9,9974.5,,,4059.4,7273.0,1639.0,9999.9,9999.9,,,3262.6,3324.8,1781.1,6713.6,9697.4,,,9974.5,9999.9,9999.9,8118.8,8951.5,,,9999.9,9999.9,9999.9,9999.9,9999.9,,,,,,,,,,,,,,,,,2115.8,4206.1,4363.8,3491.0,6234.0,,,2407.6,6234.0,7934.2,4987.2,8312.1,,,6586.9,8118.8,6982.1,4782.3,9999.9,,,7427.8,8951.5,7427.8,7757.9,9999.9,,,2727.4,3713.9,3145.1,4012.7,5917.0,,,8312.1,8951.5,9999.9,9999.9,8951.5,,,,,,,,,,,,,,,,,,,,,,,,,,,,,,,,,,,,,,,,,,,,,,,,,,,,,,,,,,,,,,,,,,,,,,,,,,,,,,,,,,,,,,,,,,,,,,,,,,,,,,,,,,,,,,,,,,,,,,,,,,,,,,,,
20260905_久留米_4R,20260905,83,久留米,4,9.8,33.5,7.6,40.2,96.9,,,41.2,263.2,135.9,201.3,680.0,,,225.8,554.3,734.6,945.3,1072.9,,,59.2,199.4,331.9,478.8,773.4,,,264.3,385.9,885.8,700.8,1670.6,,,590.1,1967.0,1412.5,1257.2,1847.7,,,,,,,,,,,,,,,,,7.0,23.8,4.0,28.1,51.9,,,27.1,94.0,103.6,48.0,184.8,,,173.7,232.8,516.0,421.0,337.5,,,69.1,265.8,537.2,509.5,677.5,,,105.1,81.8,361.8,421.9,398.9,,,234.2,449.4,237.1,695.5,603.7,,,,,,,,,,,,,,,,,20.7,194.0,121.8,128.4,539.6,,,23.9,163.5,180.4,92.6,422.4,,,432.9,424.4,1187.8,619.0,1172.6,,,514.5,457.8,1597.6,1136.2,2903.6,,,84.3,79.4,243.5,405.6,428.9,,,1423.5,1105.3,1292.7,2750.8,1330.4,,,,,,,,,,,,,,,,,645.2,1261.5,1820.2,1988.3,1866.6,,,510.9,999.6,1709.6,1925.5,1618.8,,,1240.2,1180.2,3552.0,1686.0,2540.7,,,4065.1,4020.4,6307.9,5807.3,5628.6,,,2792.8,2792.8,2190.7,6097.7,3517.9,,,1168.8,1231.8,1758.9,2540.7,1604.6,,,,,,,,,,,,,,,,,318.1,907.8,1633.3,1701.6,2488.8,,,334.4,1136.2,2164.8,2576.4,3622.3,,,1306.6,1524.4,5380.3,3695.5,8130.2,,,3976.7,4813.9,7173.7,7784.2,8508.4,,,2177.7,5011.8,4813.9,7466.5,6307.9,,,4254.2,7466.5,7953.5,8711.0,9146.5,,,,,,,,,,,,,,,,,247.2,281.8,1136.2,575.2,1811.1,,,267.4,263.5,970.4,1244.4,1524.4,,,115.5,124.3,302.6,547.6,525.6,,,1655.4,1686.0,1051.3,3811.0,1956.4,,,2010.2,2594.7,2164.8,5152.9,7466.5,,,2055.4,2558.4,1626.0,1905.5,5997.7,,,,,,,,,,,,,,,,,926.2,2792.8,1767.4,1385.8,3209.3,,,785.1,1977.6,1270.3,2998.8,2974.4,,,2950.5,2540.7,1876.2,5628.6,1793.4,,,1101.9,1051.3,1440.4,2301.0,1423.5,,,3296.0,5628.6,6201.0,4631.1,7622.1,,,3419.2,3127.0,2391.2,2043.9,5460.6,,,,,,,,,,,,,,,,,,,,,,,,,,,,,,,,,,,,,,,,,,,,,,,,,,,,,,,,,,,,,,,,,,,,,,,,,,,,,,,,,,,,,,,,,,,,,,,,,,,,,,,,,,,,,,,,,,,,,,,,,,,,,,,,
20260905_久留米_5R,20260905,83,久留米,5,140.4,15.5,107.0,116.8,126.9,,,462.1,373.7,561.9,316.2,550.9,,,12.7,90.0,87.4,77.3,62.6,,,337.4,407.0,288.3,248.7,385.4,,,276.2,131.3,204.2,283.1,422.3,,,84.9,132.7,53.1,70.3,112.5,,,,,,,,,,,,,,,,,220.7,29.2,160.7,136.5,229.3,,,672.5,237.0,469.2,452.5,1925.4,,,16.0,44.9,28.2,29.5,106.4,,,247.9,557.1,85.1,112.2,1162.1,,,197.5,264.3,59.8,99.3,884.6,,,580.2,1888.4,490.3,1664.3,1623.1,,,,,,,,,,,,,,,,,1336.0,1208.6,1785.4,1558.7,2283.7,,,1336.0,1076.1,2601.3,2014.3,3889.0,,,1155.2,1012.3,1793.5,1534.3,4972.1,,,2909.6,3386.1,3415.6,1263.0,5776.4,,,1263.0,1465.6,1212.3,735.5,3538.7,,,3044.9,5951.4,6043.0,5168.3,6137.4,,,,,,,,,,,,,,,,,8.5,62.7,69.0,46.5,44.5,,,6.4,41.5,28.9,25.0,64.8,,,312.9,272.2,594.2,417.8,1254.9,,,279.1,220.7,431.1,141.1,878.7,,,167.6,132.0,158.1,216.5,620.5,,,185.9,310.0,846.5,634.5,876.7,,,,,,,,,,,,,,,,,1231.3,1454.8,1036.4,977.1,1246.9,,,1219.8,1906.7,596.0,803.2,3357.2,,,2825.8,3219.6,2601.3,1172.5,5692.7,,,1004.5,767.1,1397.8,597.8,3092.8,,,702.6,547.8,348.8,509.4,1109.5,,,2134.7,4676.1,4008.1,5380.7,2727.7,,,,,,,,,,,,,,,,,508.1,237.9,375.5,476.1,749.6,,,483.1,329.2,147.4,177.4,1810.1,,,207.1,286.5,218.3,167.8,692.7,,,371.2,232.5,212.7,281.1,2024.7,,,380.9,167.2,132.0,147.0,1058.7,,,1383.0,3193.4,1522.4,3507.1,2158.2,,,,,,,,,,,,,,,,,264.5,421.9,177.1,263.4,403.6,,,787.1,3167.7,1345.1,2672.0,3776.8,,,1058.7,4134.7,3300.8,3044.9,4676.1,,,410.0,1064.4,2338.0,2056.5,2909.6,,,896.7,3273.3,2134.7,2975.7,2424.6,,,1577.5,3415.6,2439.7,3889.0,2366.2,,,,,,,,,,,,,,,,,,,,,,,,,,,,,,,,,,,,,,,,,,,,,,,,,,,,,,,,,,,,,,,,,,,,,,,,,,,,,,,,,,,,,,,,,,,,,,,,,,,,,,,,,,,,,,,,,,,,,,,,,,,,,,,,
20260905_久留米_6R,20260905,83,久留米,6,7.9,17.3,58.0,78.8,132.5,,,17.0,63.2,157.5,156.2,292.1,,,38.4,61.2,136.9,137.5,153.4,,,132.8,226.6,200.7,382.9,233.5,,,88.2,104.2,89.8,288.4,409.4,,,354.9,609.2,380.2,397.9,1092.2,,,,,,,,,,,,,,,,,11.3,24.4,105.8,114.9,159.7,,,9.8,14.4,44.3,100.1,92.6,,,40.8,26.8,108.2,257.8,202.2,,,280.2,173.8,260.6,1114.3,450.1,,,405.9,399.2,583.3,1507.6,1813.4,,,647.2,441.4,567.8,743.6,2529.3,,,,,,,,,,,,,,,,,36.2,140.7,380.2,304.4,613.1,,,17.6,18.3,52.7,172.0,138.4,,,228.4,100.1,615.1,993.4,1098.4,,,776.6,392.3,1220.5,3314.3,1256.4,,,869.8,764.3,1544.0,3343.1,5058.6,,,1636.0,747.9,1830.7,1857.2,6102.5,,,,,,,,,,,,,,,,,77.0,127.3,271.1,267.5,503.2,,,53.0,42.1,128.5,239.5,273.2,,,186.1,80.7,475.8,850.5,669.7,,,314.3,208.3,304.4,435.4,500.5,,,746.5,928.6,1382.9,1813.4,2358.6,,,965.9,768.9,942.3,951.6,2563.0,,,,,,,,,,,,,,,,,755.3,1039.0,1117.6,1657.1,1154.5,,,787.8,523.0,588.7,2480.3,1082.9,,,1403.1,643.9,1884.6,3963.5,1992.0,,,1256.4,658.3,1575.6,2172.0,1294.4,,,3203.8,5195.4,5571.8,4271.7,3923.0,,,998.5,778.2,1201.4,944.6,1866.3,,,,,,,,,,,,,,,,,470.0,576.4,643.9,1224.3,1678.8,,,898.2,1050.4,1562.8,4133.9,4688.5,,,1201.4,1205.2,2124.0,4368.8,6990.1,,,1473.0,2100.8,3495.0,4419.0,6007.1,,,3626.9,6302.6,6744.9,5195.4,6407.6,,,3125.6,8543.5,9999.9,8543.5,8180.0,,,,,,,,,,,,,,,,,1507.6,2651.4,1884.6,1716.3,3883.4,,,1445.3,1039.0,1179.3,1197.6,5266.5,,,2869.1,1303.2,2464.4,2222.3,8543.5,,,1716.3,1056.2,2089.4,1392.9,6865.3,,,1277.2,867.8,1201.4,1011.7,3100.4,,,6302.6,7689.2,9857.9,9377.0,5571.8,,,,,,,,,,,,,,,,,,,,,,,,,,,,,,,,,,,,,,,,,,,,,,,,,,,,,,,,,,,,,,,,,,,,,,,,,,,,,,,,,,,,,,,,,,,,,,,,,,,,,,,,,,,,,,,,,,,,,,,,,,,,,,,,
20260905_久留米_7R,20260905,83,久留米,7,8.2,16.1,1.8,97.0,69.2,,,37.1,41.5,78.0,192.3,491.5,,,44.7,31.3,85.5,351.3,724.1,,,18.2,90.0,126.3,353.0,232.2,,,527.5,512.6,716.0,894.1,1763.4,,,494.0,1186.6,1641.8,634.8,1943.4,,,,,,,,,,,,,,,,,31.7,60.3,8.9,290.5,187.5,,,184.3,500.5,451.8,1286.8,1763.4,,,296.2,613.3,863.7,2128.0,3593.5,,,56.3,302.3,521.0,1375.1,548.0,,,1580.5,2626.9,3283.7,3847.6,8104.5,,,1182.9,3662.6,5217.9,1505.5,7468.8,,,,,,,,,,,,,,,,,172.7,206.0,345.6,592.4,2047.9,,,245.4,546.5,586.9,1327.2,2780.3,,,195.7,307.6,580.6,288.5,1840.1,,,873.6,1037.9,1755.3,2365.9,3431.6,,,1213.1,1600.4,758.7,1983.9,4534.6,,,5147.4,6682.6,6456.1,5217.9,7773.7,,,,,,,,,,,,,,,,,197.6,151.8,435.8,1110.5,2253.9,,,425.1,722.7,935.9,2506.0,3023.1,,,174.1,266.3,520.3,378.6,1963.4,,,1442.8,2026.1,2164.2,5217.9,4232.3,,,2682.4,3431.6,1088.3,5364.9,6348.5,,,7468.8,9999.9,9522.8,9069.3,9999.9,,,,,,,,,,,,,,,,,93.9,446.0,771.0,1715.8,1013.0,,,91.5,547.2,922.3,2441.7,999.7,,,1018.4,1426.6,2626.9,3771.4,4378.3,,,1943.4,3071.8,2701.5,5520.4,7773.7,,,4232.3,5078.8,6143.7,9069.3,6682.6,,,1692.9,1904.5,4378.3,6348.5,5012.0,,,,,,,,,,,,,,,,,1779.9,2176.6,2608.9,2441.7,5520.4,,,2280.9,3494.6,4883.5,5685.2,9767.0,,,1885.7,2720.8,940.5,3312.2,6348.5,,,2999.3,4052.2,1120.3,5217.9,9999.9,,,4279.9,6143.7,5147.4,7935.7,7468.8,,,8280.7,9999.9,9999.9,9999.9,7935.7,,,,,,,,,,,,,,,,,2092.9,4702.6,6456.1,2280.9,6925.7,,,2214.6,5951.7,9522.8,2506.0,9290.5,,,5951.7,8657.1,9999.9,6925.7,9999.9,,,9290.5,9999.9,8858.4,9767.0,9999.9,,,2336.8,2608.9,6567.4,9999.9,7325.2,,,9999.9,9999.9,9999.9,9999.9,9767.0,,,,,,,,,,,,,,,,,,,,,,,,,,,,,,,,,,,,,,,,,,,,,,,,,,,,,,,,,,,,,,,,,,,,,,,,,,,,,,,,,,,,,,,,,,,,,,,,,,,,,,,,,,,,,,,,,,,,,,,,,,,,,,,,
20260905_久留米_8R,20260905,83,久留米,8,35.8,59.5,81.4,298.9,645.2,,,14.0,6.1,44.9,86.3,235.8,,,50.1,16.9,97.9,189.3,403.6,,,203.2,210.9,248.9,822.2,1513.1,,,544.6,228.2,438.2,834.0,923.5,,,1821.7,984.2,1374.4,2233.4,1382.5,,,,,,,,,,,,,,,,,36.8,45.9,47.1,262.7,528.4,,,40.4,95.9,52.2,229.2,689.2,,,103.3,174.1,135.1,515.5,1465.4,,,18.3,28.0,45.8,97.8,198.6,,,399.0,368.6,521.3,185.2,787.3,,,1374.4,2002.3,2160.7,720.2,1228.9,,,,,,,,,,,,,,,,,26.5,7.2,42.6,113.2,262.7,,,47.9,91.0,69.2,247.2,690.2,,,29.3,142.8,219.0,425.4,1354.3,,,187.4,178.4,330.6,792.7,1683.1,,,224.2,369.2,447.1,540.8,546.5,,,918.0,2028.6,1985.2,1919.6,1395.0,,,,,,,,,,,,,,,,,126.4,36.3,152.1,404.6,844.6,,,212.9,318.4,360.1,982.1,2055.5,,,53.8,273.2,396.7,749.2,1927.5,,,468.2,465.0,720.2,1960.1,3160.2,,,790.0,1316.0,1034.6,1689.2,2748.8,,,2524.7,5104.9,4223.1,5161.6,3466.7,,,,,,,,,,,,,,,,,243.4,355.1,362.6,1382.5,2180.9,,,77.1,90.9,194.7,255.8,468.7,,,213.6,201.1,903.7,1390.8,2997.1,,,852.3,646.1,1395.0,2419.5,3936.8,,,1574.7,635.5,1903.8,2311.1,1807.5,,,2580.8,1558.8,2092.5,2299.7,2669.8,,,,,,,,,,,,,,,,,604.0,323.0,508.2,828.0,1085.3,,,591.7,519.6,796.8,370.1,918.0,,,295.8,554.3,593.2,1048.6,817.8,,,823.6,1116.7,967.8,1814.6,2170.7,,,1124.8,585.8,1354.3,1484.1,1596.3,,,447.9,653.3,571.4,1043.9,759.0,,,,,,,,,,,,,,,,,2781.7,2130.9,2580.8,3546.1,1850.7,,,2552.4,3271.4,4185.1,2140.7,2092.5,,,1836.1,3573.4,4111.0,3342.0,2370.1,,,3746.3,5735.1,4839.0,5530.3,3746.3,,,3097.0,3117.7,3573.4,5339.6,2958.9,,,869.9,843.1,888.2,1596.3,1072.8,,,,,,,,,,,,,,,,,,,,,,,,,,,,,,,,,,,,,,,,,,,,,,,,,,,,,,,,,,,,,,,,,,,,,,,,,,,,,,,,,,,,,,,,,,,,,,,,,,,,,,,,,,,,,,,,,,,,,,,,,,,,,,,,
20260905_久留米_9R,20260905,83,久留米,9,27.9,57.0,14.3,151.7,60.4,,,40.7,23.5,61.8,191.8,109.7,,,96.5,40.7,128.5,244.9,146.7,,,23.6,69.6,112.5,143.0,84.4,,,321.5,312.7,353.8,342.9,165.9,,,62.8,108.9,112.0,85.5,61.1,,,,,,,,,,,,,,,,,53.2,107.6,32.4,208.8,95.5,,,100.0,117.6,88.5,641.5,263.0,,,232.1,190.1,219.6,850.3,655.4,,,27.6,53.5,64.5,127.5,77.0,,,434.2,1069.5,1154.5,432.7,445.2,,,168.0,231.8,403.1,178.3,366.5,,,,,,,,,,,,,,,,,93.3,58.5,124.3,362.3,244.6,,,122.0,142.4,103.2,737.3,350.3,,,45.0,84.0,111.4,183.0,142.6,,,224.6,194.8,301.0,908.6,510.5,,,953.3,1483.4,717.7,1393.1,1113.6,,,398.8,418.0,367.4,567.7,692.7,,,,,,,,,,,,,,,,,242.6,87.0,318.7,585.7,433.9,,,359.3,269.7,366.3,1432.8,1095.9,,,55.2,106.0,135.0,208.4,197.4,,,521.4,458.4,434.4,1062.0,1159.8,,,1112.0,2002.8,763.4,1569.8,1400.9,,,656.5,1179.8,420.1,1089.5,940.3,,,,,,,,,,,,,,,,,50.3,137.6,217.2,210.3,139.5,,,38.0,87.3,113.3,201.4,105.2,,,217.2,172.1,354.6,913.0,498.4,,,404.4,390.2,490.3,844.6,808.4,,,566.0,636.1,1525.4,921.9,525.8,,,199.1,179.1,340.7,542.0,259.1,,,,,,,,,,,,,,,,,838.9,1102.3,1194.7,693.3,391.8,,,563.0,1708.3,1976.6,534.7,542.8,,,1457.6,1966.3,1446.5,2195.0,1457.6,,,1864.4,2630.9,1620.3,1525.4,1670.5,,,883.1,1159.8,2443.6,1343.5,734.5,,,199.1,343.2,645.3,607.9,285.8,,,,,,,,,,,,,,,,,95.2,112.8,134.0,94.0,69.6,,,141.7,186.0,315.4,110.0,197.8,,,259.5,315.6,251.3,438.4,391.4,,,428.0,721.1,414.4,649.8,590.3,,,177.4,173.5,293.1,437.4,218.1,,,66.5,142.5,158.9,147.1,102.2,,,,,,,,,,,,,,,,,,,,,,,,,,,,,,,,,,,,,,,,,,,,,,,,,,,,,,,,,,,,,,,,,,,,,,,,,,,,,,,,,,,,,,,,,,,,,,,,,,,,,,,,,,,,,,,,,,,,,,,,,,,,,,,,
