race_key,date,jo_code,jo_name,race_no,1-2-3,1-2-4,1-2-5,1-2-6,1-2-7,1-2-8,1-2-9,1-3-2,1-3-4,1-3-5,1-3-6,1-3-7,1-3-8,1-3-9,1-4-2,1-4-3,1-4-5,1-4-6,1-4-7,1-4-8,1-4-9,1-5-2,1-5-3,1-5-4,1-5-6,1-5-7,1-5-8,1-5-9,1-6-2,1-6-3,1-6-4,1-6-5,1-6-7,1-6-8,1-6-9,1-7-2,1-7-3,1-7-4,1-7-5,1-7-6,1-7-8,1-7-9,1-8-2,1-8-3,1-8-4,1-8-5,1-8-6,1-8-7,1-8-9,1-9-2,1-9-3,1-9-4,1-9-5,1-9-6,1-9-7,1-9-8,2-1-3,2-1-4,2-1-5,2-1-6,2-1-7,2-1-8,2-1-9,2-3-1,2-3-4,2-3-5,2-3-6,2-3-7,2-3-8,2-3-9,2-4-1,2-4-3,2-4-5,2-4-6,2-4-7,2-4-8,2-4-9,2-5-1,2-5-3,2-5-4,2-5-6,2-5-7,2-5-8,2-5-9,2-6-1,2-6-3,2-6-4,2-6-5,2-6-7,2-6-8,2-6-9,2-7-1,2-7-3,2-7-4,2-7-5,2-7-6,2-7-8,2-7-9,2-8-1,2-8-3,2-8-4,2-8-5,2-8-6,2-8-7,2-8-9,2-9-1,2-9-3,2-9-4,2-9-5,2-9-6,2-9-7,2-9-8,3-1-2,3-1-4,3-1-5,3-1-6,3-1-7,3-1-8,3-1-9,3-2-1,3-2-4,3-2-5,3-2-6,3-2-7,3-2-8,3-2-9,3-4-1,3-4-2,3-4-5,3-4-6,3-4-7,3-4-8,3-4-9,3-5-1,3-5-2,3-5-4,3-5-6,3-5-7,3-5-8,3-5-9,3-6-1,3-6-2,3-6-4,3-6-5,3-6-7,3-6-8,3-6-9,3-7-1,3-7-2,3-7-4,3-7-5,3-7-6,3-7-8,3-7-9,3-8-1,3-8-2,3-8-4,3-8-5,3-8-6,3-8-7,3-8-9,3-9-1,3-9-2,3-9-4,3-9-5,3-9-6,3-9-7,3-9-8,4-1-2,4-1-3,4-1-5,4-1-6,4-1-7,4-1-8,4-1-9,4-2-1,4-2-3,4-2-5,4-2-6,4-2-7,4-2-8,4-2-9,4-3-1,4-3-2,4-3-5,4-3-6,4-3-7,4-3-8,4-3-9,4-5-1,4-5-2,4-5-3,4-5-6,4-5-7,4-5-8,4-5-9,4-6-1,4-6-2,4-6-3,4-6-5,4-6-7,4-6-8,4-6-9,4-7-1,4-7-2,4-7-3,4-7-5,4-7-6,4-7-8,4-7-9,4-8-1,4-8-2,4-8-3,4-8-5,4-8-6,4-8-7,4-8-9,4-9-1,4-9-2,4-9-3,4-9-5,4-9-6,4-9-7,4-9-8,5-1-2,5-1-3,5-1-4,5-1-6,5-1-7,5-1-8,5-1-9,5-2-1,5-2-3,5-2-4,5-2-6,5-2-7,5-2-8,5-2-9,5-3-1,5-3-2,5-3-4,5-3-6,5-3-7,5-3-8,5-3-9,5-4-1,5-4-2,5-4-3,5-4-6,5-4-7,5-4-8,5-4-9,5-6-1,5-6-2,5-6-3,5-6-4,5-6-7,5-6-8,5-6-9,5-7-1,5-7-2,5-7-3,5-7-4,5-7-6,5-7-8,5-7-9,5-8-1,5-8-2,5-8-3,5-8-4,5-8-6,5-8-7,5-8-9,5-9-1,5-9-2,5-9-3,5-9-4,5-9-6,5-9-7,5-9-8,6-1-2,6-1-3,6-1-4,6-1-5,6-1-7,6-1-8,6-1-9,6-2-1,6-2-3,6-2-4,6-2-5,6-2-7,6-2-8,6-2-9,6-3-1,6-3-2,6-3-4,6-3-5,6-3-7,6-3-8,6-3-9,6-4-1,6-4-2,6-4-3,6-4-5,6-4-7,6-4-8,6-4-9,6-5-1,6-5-2,6-5-3,6-5-4,6-5-7,6-5-8,6-5-9,6-7-1,6-7-2,6-7-3,6-7-4,6-7-5,6-7-8,6-7-9,6-8-1,6-8-2,6-8-3,6-8-4,6-8-5,6-8-7,6-8-9,6-9-1,6-9-2,6-9-3,6-9-4,6-9-5,6-9-7,6-9-8,7-1-2,7-1-3,7-1-4,7-1-5,7-1-6,7-1-8,7-1-9,7-2-1,7-2-3,7-2-4,7-2-5,7-2-6,7-2-8,7-2-9,7-3-1,7-3-2,7-3-4,7-3-5,7-3-6,7-3-8,7-3-9,7-4-1,7-4-2,7-4-3,7-4-5,7-4-6,7-4-8,7-4-9,7-5-1,7-5-2,7-5-3,7-5-4,7-5-6,7-5-8,7-5-9,7-6-1,7-6-2,7-6-3,7-6-4,7-6-5,7-6-8,7-6-9,7-8-1,7-8-2,7-8-3,7-8-4,7-8-5,7-8-6,7-8-9,7-9-1,7-9-2,7-9-3,7-9-4,7-9-5,7-9-6,7-9-8,8-1-2,8-1-3,8-1-4,8-1-5,8-1-6,8-1-7,8-1-9,8-2-1,8-2-3,8-2-4,8-2-5,8-2-6,8-2-7,8-2-9,8-3-1,8-3-2,8-3-4,8-3-5,8-3-6,8-3-7,8-3-9,8-4-1,8-4-2,8-4-3,8-4-5,8-4-6,8-4-7,8-4-9,8-5-1,8-5-2,8-5-3,8-5-4,8-5-6,8-5-7,8-5-9,8-6-1,8-6-2,8-6-3,8-6-4,8-6-5,8-6-7,8-6-9,8-7-1,8-7-2,8-7-3,8-7-4,8-7-5,8-7-6,8-7-9,8-9-1,8-9-2,8-9-3,8-9-4,8-9-5,8-9-6,8-9-7,9-1-2,9-1-3,9-1-4,9-1-5,9-1-6,9-1-7,9-1-8,9-2-1,9-2-3,9-2-4,9-2-5,9-2-6,9-2-7,9-2-8,9-3-1,9-3-2,9-3-4,9-3-5,9-3-6,9-3-7,9-3-8,9-4-1,9-4-2,9-4-3,9-4-5,9-4-6,9-4-7,9-4-8,9-5-1,9-5-2,9-5-3,9-5-4,9-5-6,9-5-7,9-5-8,9-6-1,9-6-2,9-6-3,9-6-4,9-6-5,9-6-7,9-6-8,9-7-1,9-7-2,9-7-3,9-7-4,9-7-5,9-7-6,9-7-8,9-8-1,9-8-2,9-8-3,9-8-4,9-8-5,9-8-6,9-8-7
20260910_奈良_1R,20260910,53,奈良,1,212.9,858.7,101.8,1303.4,338.1,764.2,143.8,161.0,605.6,60.5,762.8,45.8,643.3,43.8,2777.6,1579.4,1022.2,2565.3,1692.2,4576.8,846.1,52.5,44.0,332.5,519.0,70.0,110.3,21.7,3799.6,2549.1,1347.0,2076.1,3413.2,5370.1,992.0,284.2,73.4,509.8,113.6,1278.6,1115.6,82.2,2918.5,2426.2,5837.1,1125.0,6712.7,2598.4,1079.7,43.1,16.4,112.5,9.6,149.5,24.9,161.6,490.5,1433.3,214.2,2961.5,799.1,1573.2,280.4,672.3,3442.4,509.1,4972.3,642.3,4794.8,1351.5,4972.3,7897.3,3910.3,7192.2,5672.7,9999.9,6293.1,116.2,190.4,879.3,1235.4,248.3,101.7,262.9,8055.2,8219.6,2758.6,2440.9,7599.3,9999.9,6712.7,1423.1,999.4,4972.3,736.3,7322.9,4629.4,2237.5,5517.3,5837.1,8055.2,1243.0,8569.4,4629.4,4525.4,652.7,1782.1,3799.6,791.2,7599.3,1839.1,3948.6,235.9,663.5,80.4,885.1,57.2,825.3,65.1,455.1,1890.9,292.4,2739.8,351.4,2142.3,725.7,2065.4,3564.2,2200.8,4576.8,1224.2,6293.1,3835.8,87.3,162.4,716.6,1094.4,57.2,315.3,111.7,3146.5,4911.7,2188.9,3146.5,1356.1,7599.3,3695.0,35.6,104.7,168.8,24.1,378.5,383.5,49.0,2486.1,4152.2,6944.2,1464.5,6712.7,1423.1,3028.3,127.5,571.2,1038.0,198.5,1525.6,134.4,1121.9,6011.4,3442.4,3472.1,5299.5,3248.0,9999.9,3384.5,3384.5,7458.5,4576.8,5593.9,8755.7,9999.9,7192.2,4109.8,7745.4,4152.2,8055.2,3274.5,9999.9,9999.9,3729.2,4683.3,3872.7,3596.1,6293.1,5923.0,4152.2,4330.7,5098.2,4068.3,2918.5,4377.8,4852.5,4972.3,4525.4,9153.7,3835.8,5593.9,6393.0,8755.7,7192.2,9999.9,9999.9,9999.9,9999.9,9366.6,9999.9,9999.9,4152.2,9999.9,9999.9,5923.0,8219.6,8390.9,9999.9,79.8,76.9,485.2,871.7,128.0,147.5,41.6,87.3,129.7,497.2,739.0,139.1,47.6,130.3,121.1,156.4,923.7,1480.7,103.7,306.5,164.7,1790.0,1839.1,2598.4,2275.5,2086.8,2355.3,1917.9,3171.3,2044.4,3301.3,2632.4,3472.1,2796.9,2897.5,256.8,295.7,173.0,1198.7,2003.8,478.9,283.2,400.3,285.4,521.0,1134.5,1699.4,559.3,474.3,89.3,216.8,185.9,851.5,1356.1,221.2,394.8,8219.6,7192.2,7599.3,8569.4,9999.9,9999.9,3872.7,9999.9,8055.2,6293.1,5163.6,9999.9,9999.9,9999.9,6944.2,9153.7,4425.9,8950.3,5230.7,9999.9,9823.5,4284.7,3764.1,3356.3,2615.3,4239.6,5672.7,4576.8,8055.2,5034.5,8055.2,4911.7,9999.9,8055.2,9999.9,9999.9,9999.9,8950.3,9999.9,5163.6,9999.9,9999.9,9999.9,9999.9,9999.9,9999.9,9999.9,9999.9,9999.9,5672.7,9999.9,9999.9,9999.9,9823.5,9999.9,9999.9,807.1,141.8,1360.6,294.2,3274.5,2369.2,225.2,1243.0,758.5,3171.3,805.5,6293.1,2649.7,1491.7,72.7,259.8,385.7,56.3,614.9,764.2,109.1,3729.2,5370.1,2023.9,3948.6,5517.3,8390.9,3502.2,365.1,536.3,189.6,1664.3,3248.0,1027.4,411.8,6196.3,9999.9,2703.1,5163.6,5923.0,9999.9,8950.3,5672.7,6712.7,3564.2,8390.9,3028.3,9999.9,5442.7,366.4,1282.6,367.1,2262.7,482.3,4239.6,2615.3,8569.4,5034.5,9589.6,2777.6,9999.9,9153.7,3413.2,8055.2,9999.9,9999.9,2097.7,9589.6,8755.7,9999.9,6011.4,9999.9,9999.9,4425.9,9999.9,6602.6,9999.9,9999.9,9999.9,9999.9,8950.3,9999.9,9999.9,9999.9,3222.1,1692.2,4330.7,7192.2,9999.9,4576.8,4683.3,9999.9,9999.9,9999.9,9999.9,9999.9,9999.9,9999.9,9999.9,9999.9,7322.9,9999.9,1408.2,9999.9,9823.5,4525.4,9999.9,7599.3,9999.9,5923.0,9999.9,9823.5,123.1,50.8,316.6,35.0,378.1,70.2,397.2,485.8,1088.5,3356.3,603.8,5517.3,1428.2,3098.1,148.0,736.3,2044.4,272.3,2777.6,284.6,2177.1,1706.6,5230.7,5163.6,2565.3,6712.7,3799.6,8055.2,111.7,410.5,293.9,1508.4,2486.1,330.6,800.7,2455.8,8755.7,4972.3,5442.7,3384.5,7897.3,9999.9,259.0,1278.6,389.5,2426.2,446.0,4239.6,2355.3,2153.8,6393.0,5837.1,9999.9,2341.6,9999.9,4738.4
20260910_奈良_2R,20260910,53,奈良,2,78.3,299.3,51.4,308.9,29.6,297.6,24.1,150.5,755.0,163.1,300.6,116.1,607.9,256.4,1118.3,1743.3,844.7,4445.5,779.9,1347.1,1975.8,91.1,190.2,436.3,652.5,25.6,683.9,171.2,1074.4,475.4,2891.4,898.1,617.4,2963.7,1352.2,15.6,39.1,162.3,4.3,179.9,183.4,35.3,1136.2,1693.5,945.8,1139.8,3704.6,769.8,1463.5,44.3,172.6,546.3,126.9,523.0,78.0,556.5,119.2,505.1,104.6,499.5,49.1,361.4,38.1,230.4,1094.3,673.5,672.3,393.8,1416.9,207.0,1362.6,1986.8,2915.1,6027.9,2577.1,2735.7,1500.6,343.2,802.8,2129.6,2265.2,364.3,1912.0,403.6,1654.1,1422.5,4806.0,2800.3,2487.0,4559.5,971.7,135.1,378.7,1256.7,222.4,1337.0,1274.7,156.0,1428.3,2092.0,1852.3,2452.7,4184.0,2104.4,819.4,31.6,66.5,309.5,106.1,283.1,56.0,189.0,390.3,1743.3,420.8,530.8,260.1,1871.8,530.8,414.0,1602.0,1143.5,779.9,685.2,2195.3,358.8,2963.7,3865.7,3419.6,4337.1,5230.1,4135.4,6839.3,1087.6,1871.8,3355.1,2222.7,1270.1,3783.4,2309.4,534.8,842.7,2079.8,902.6,889.1,2294.5,856.9,516.9,1061.6,2487.0,911.9,1559.8,3355.1,1451.6,3951.6,3556.4,3147.3,4087.9,4501.8,4284.9,5080.6,636.2,388.2,3521.2,2403.0,825.1,1209.6,2714.8,3419.6,7566.9,3262.8,9359.1,1623.9,4337.1,6350.8,2868.1,6839.3,6586.0,9119.1,5080.6,5080.6,4087.9,9612.1,6710.3,9999.9,9999.9,6586.0,6839.3,9999.9,4741.9,9999.9,9999.9,9999.9,7258.1,9612.1,8674.3,9999.9,9999.9,9999.9,9999.9,9999.9,6710.3,9999.9,2452.7,6131.8,5308.1,4939.5,9359.1,4741.9,7566.9,2386.8,2654.0,3323.8,3452.8,3233.1,2915.1,3783.4,8270.8,5645.2,9999.9,9999.9,9999.9,7903.2,7566.9,368.1,668.5,1357.4,2181.8,111.1,1986.8,678.7,549.6,1166.0,2778.4,3865.7,584.9,3013.9,900.3,1352.2,1506.9,5645.2,3783.4,1243.5,4284.9,2558.6,4618.8,6973.4,9999.9,9999.9,4184.0,6027.9,9999.9,4445.5,7566.9,4233.9,9999.9,3175.4,9999.9,7903.2,112.3,463.0,681.3,1709.8,1922.4,2079.8,745.5,5736.2,5736.2,7566.9,7409.3,9999.9,3865.7,7903.2,1222.1,1193.4,1265.6,5388.6,5009.1,1247.8,5230.1,2891.4,1158.4,5388.6,1954.1,1283.9,9999.9,2963.7,3204.0,2116.9,9119.1,5080.6,5308.1,8891.1,2355.2,639.6,1247.8,2452.7,1445.7,1209.6,3233.1,1265.6,8082.9,9999.9,9119.1,9999.9,9999.9,8082.9,9999.9,4445.5,6973.4,4445.5,9999.9,5645.2,9999.9,8674.3,2055.7,4618.8,2452.7,8467.8,2822.6,7566.9,4806.0,9999.9,9999.9,6973.4,5830.2,9999.9,9999.9,8082.9,3387.1,2469.7,2339.7,9999.9,5830.2,4559.5,7903.2,53.6,123.4,352.4,12.8,429.0,422.8,103.7,196.1,591.7,1734.8,289.3,1922.4,1526.3,321.8,479.9,1001.8,3419.6,865.3,2452.7,3233.1,1494.3,1718.1,4041.4,5009.1,2868.1,8082.9,4041.4,5308.1,53.9,227.1,386.9,1024.9,1283.9,1243.5,355.2,1616.5,3704.6,2067.7,7112.9,1975.8,6586.0,4184.0,2155.4,5736.2,6586.0,4184.0,2891.4,9879.1,4939.5,323.0,400.5,958.6,2615.0,519.9,2714.8,2055.7,2988.6,4741.9,2504.5,2822.6,8270.8,1506.9,4284.9,3743.6,5230.1,4284.9,5927.4,9999.9,5080.6,2339.7,6131.8,6466.3,3951.6,9612.1,7731.4,7731.4,9999.9,1457.5,2020.7,2250.9,2540.3,2577.1,2055.7,2868.1,6027.9,7409.3,7903.2,8082.9,9999.9,5645.2,9999.9,9999.9,9999.9,9612.1,6131.8,9999.9,9999.9,9119.1,2452.7,5645.2,6239.4,4390.7,2868.1,9612.1,8082.9,4679.5,2694.3,6973.4,4939.5,7566.9,9119.1,6973.4,65.6,368.1,948.3,192.0,898.1,97.8,1111.3,36.5,95.2,290.3,106.0,425.4,83.3,270.8,608.9,382.0,2195.3,1243.5,1222.1,1147.2,2963.7,4087.9,2577.1,6839.3,5009.1,9359.1,4806.0,5308.1,579.2,560.9,1891.7,3592.4,4871.8,882.5,4135.4,2043.9,1416.9,1469.6,9612.1,3865.7,3521.2,5388.6,283.6,324.7,1010.3,2634.4,423.3,2558.6,2250.9,3013.9,1573.6,5154.3,2939.2,4939.5,6839.3,4390.7
20260910_奈良_3R,20260910,53,奈良,3,849.6,2196.4,538.3,3529.3,445.4,1404.5,801.8,990.2,3251.4,378.4,4915.9,860.2,1485.3,949.2,2992.2,1619.3,1156.6,5580.2,1078.1,1045.4,2359.6,356.2,204.8,1110.0,2548.9,284.3,462.9,286.5,7941.1,6882.2,7373.8,5656.6,8096.8,5433.3,6163.2,274.7,634.3,822.5,294.5,3970.5,808.0,551.3,1381.0,1323.5,1050.7,576.7,2533.3,955.8,1092.4,361.9,395.1,1095.3,165.5,1843.4,337.6,495.1,708.2,1902.9,415.0,3590.7,268.8,1004.7,844.4,792.5,2548.9,385.5,4009.0,388.8,1298.5,1764.6,2949.5,3895.6,1843.4,7791.2,1179.8,2128.5,5899.1,274.9,205.6,1095.3,2716.6,103.9,496.9,858.4,6769.4,7507.9,8096.8,8785.8,3895.6,6072.6,9999.9,70.8,102.2,325.6,45.8,964.8,127.8,226.1,1080.9,1186.6,1327.7,725.7,2414.8,406.4,1658.3,1053.4,2184.8,4257.0,1552.3,8785.8,725.7,2332.9,936.3,2429.0,301.8,4009.0,786.5,1251.3,1262.8,930.0,2580.8,392.5,4346.7,534.2,1367.3,2004.5,3152.1,3654.3,990.2,6769.4,2346.2,2373.2,6352.8,76.8,107.8,327.4,797.1,76.6,120.1,221.2,7373.8,9384.9,6998.9,2847.8,9384.9,6452.1,7791.2,609.9,387.0,1529.3,194.5,3753.9,761.8,1134.4,1218.1,1385.6,1685.4,429.6,2472.6,1072.5,2208.2,1464.3,2139.5,3559.8,962.5,5505.8,995.0,2196.4,1735.0,1645.1,889.9,5433.3,1210.9,1278.4,3036.3,1619.3,3859.2,2014.3,6554.5,1448.9,2096.1,4488.4,3590.7,4639.7,1218.1,6452.1,2664.1,2457.9,7507.9,753.5,1523.7,539.7,3128.3,806.5,624.7,2548.9,7119.6,8258.7,4639.7,4392.9,6352.8,971.6,8427.2,1835.2,812.8,1975.7,1092.4,4129.3,1270.5,3859.2,338.7,696.3,493.3,240.2,288.1,490.4,856.7,2613.5,5362.8,4975.1,4088.4,8096.8,4639.7,2887.6,117.1,57.8,406.4,1176.4,104.4,165.2,120.4,114.4,70.8,370.0,657.5,61.0,257.6,342.1,19.1,24.4,98.8,215.6,17.7,27.7,61.1,403.2,627.5,305.2,1692.3,498.1,303.6,1327.7,905.5,1009.6,683.6,907.5,874.8,1678.6,1067.0,67.1,37.4,40.8,286.7,530.0,124.0,212.4,104.7,152.4,67.0,158.3,272.0,114.4,310.0,132.7,479.0,224.6,1134.4,1929.6,397.4,570.3,9176.3,9999.9,9999.9,9176.3,9999.9,4488.4,9603.1,9999.9,7941.1,9999.9,9999.9,8976.8,9831.8,9999.9,9999.9,9999.9,7941.1,6072.6,9999.9,9384.9,9999.9,9999.9,9999.9,9831.8,8258.7,9999.9,1512.5,9999.9,9999.9,9999.9,4692.4,9384.9,9999.9,4975.1,9999.9,9999.9,8096.8,9999.9,9999.9,9831.8,7791.2,9999.9,6352.8,7507.9,6882.2,1419.0,3622.2,6256.6,5816.0,7507.9,9999.9,9999.9,9999.9,9999.9,9999.9,9384.9,150.3,340.4,936.3,125.7,2294.0,380.5,346.7,39.8,58.3,203.6,25.2,597.5,49.7,123.4,295.5,194.7,944.9,125.8,2597.0,431.9,786.5,1258.9,648.2,1358.3,771.8,3753.9,800.2,2580.8,84.9,44.3,59.1,481.2,1270.5,118.7,300.0,5362.8,3559.8,4392.9,7119.6,3251.4,3529.3,8785.8,205.9,104.6,280.3,405.6,135.2,788.0,420.5,272.3,521.3,1007.1,2064.6,601.9,4746.4,1101.1,349.0,516.1,498.7,193.5,837.6,430.1,552.7,403.6,673.6,698.7,336.2,913.5,352.3,985.5,609.9,713.1,853.1,269.5,639.2,499.9,1464.3,175.6,345.8,294.5,134.2,159.7,265.0,397.0,112.8,171.2,95.7,193.3,212.9,145.6,381.6,817.6,1019.5,884.2,380.9,377.8,876.7,623.7,324.6,187.2,406.4,411.7,194.5,616.3,725.7,286.9,1061.5,1150.2,568.0,424.8,492.7,673.6,284.9,388.8,789.5,144.9,1876.9,296.2,407.6,753.5,2472.6,3686.9,1247.5,7507.9,1176.4,3201.0,1190.0,2597.0,5433.3,1302.6,7373.8,2429.0,3176.4,2220.0,6256.6,6256.6,3654.3,7507.9,4915.9,2346.2,207.9,978.5,440.7,2847.8,6554.5,856.7,1340.7,7791.2,9999.9,7507.9,9176.3,7119.6,9999.9,7244.5,496.9,750.7,1779.9,3152.1,911.5,7119.6,2161.9,514.2,2064.6,2220.0,1385.6,724.4,1638.6,1156.6
20260910_奈良_4R,20260910,53,奈良,4,314.5,1326.9,184.1,1642.5,265.5,717.1,234.5,210.6,927.9,69.4,632.5,50.7,486.1,191.5,2132.7,1930.6,905.2,1718.8,1253.4,3843.0,2546.0,56.8,32.9,195.3,211.2,19.2,29.5,55.7,2562.0,1434.3,991.1,1116.0,1265.1,3573.3,2263.1,131.4,39.7,520.9,44.1,599.0,357.6,125.3,1676.3,1503.1,3542.2,389.0,3452.2,1003.3,1718.8,261.6,259.3,1113.0,177.6,1340.0,214.9,870.4,695.1,2099.8,259.3,2439.3,330.6,1492.1,292.8,599.0,4736.7,644.5,3916.9,473.1,4792.5,775.9,3771.8,5990.6,3017.5,4736.7,2250.6,8486.7,3339.0,219.6,549.7,3133.5,3394.6,404.1,1198.1,386.8,5290.4,5737.5,3452.2,6466.0,3086.0,9999.9,2662.5,336.3,433.3,2226.0,347.5,2848.6,2382.2,312.8,5580.3,8313.5,9999.9,3771.8,9999.9,4577.1,3109.6,184.4,375.1,841.6,175.1,1095.0,137.5,1119.1,274.1,1047.2,82.4,726.1,53.8,733.9,215.0,426.5,1763.4,506.6,1868.6,267.1,2909.7,520.9,2410.4,4736.7,2790.1,3017.5,1100.9,7543.7,4333.6,95.7,427.0,1089.2,1100.9,85.0,467.6,379.6,1497.6,2546.0,1903.5,2006.7,767.1,6365.0,1818.5,20.7,61.9,167.8,23.0,149.1,241.0,47.1,1939.8,4736.7,6466.0,1543.0,7023.5,1150.7,3452.2,352.3,513.6,1726.1,512.4,1036.5,174.7,1683.3,3637.1,4792.5,2026.6,4243.3,2771.1,9999.9,7406.6,3062.8,7686.0,6466.0,6789.3,6789.3,9999.9,4380.2,7406.6,6789.3,8147.2,6570.3,2578.2,9999.9,8486.7,3481.7,8147.2,9052.5,6466.0,5504.9,9052.5,5819.4,2368.3,3573.3,2951.9,2889.1,2067.8,3285.1,2828.9,3481.7,6904.4,2628.1,4967.8,3669.9,8667.3,5092.0,9999.9,9999.9,9999.9,9999.9,7543.7,9999.9,9999.9,7833.9,9935.6,9999.9,7543.7,7023.5,6267.1,9999.9,70.8,34.7,204.9,245.3,20.1,18.6,72.3,182.1,411.8,1778.8,2026.6,402.1,574.5,392.8,102.6,418.2,1399.8,1198.1,120.4,376.8,446.1,1098.0,5156.4,4073.6,3573.3,2468.8,3807.1,4967.8,1069.1,3637.1,2250.6,2499.1,1868.6,3573.3,3807.1,56.0,406.5,122.9,1041.8,1208.7,421.2,340.6,140.6,1092.1,834.7,2016.6,1921.5,490.7,822.9,289.3,663.4,590.3,2578.2,2868.7,566.5,1086.3,4907.9,3017.5,2909.7,1868.6,2809.4,5737.5,4243.3,6466.0,4792.5,5580.3,9258.2,3339.0,9999.9,4526.2,2973.4,5737.5,3062.8,4156.7,1554.8,9999.9,3843.0,2036.8,2645.2,2314.5,2453.9,1460.0,3637.1,3040.0,2275.7,9258.2,6466.0,4476.5,3993.7,5737.5,5222.6,3109.6,6267.1,1301.4,3109.6,2396.2,8147.2,3573.3,9999.9,9999.9,9999.9,8855.7,9999.9,9999.9,9999.9,5029.1,7987.5,4156.7,5092.0,5092.0,2680.0,9999.9,181.2,39.8,579.4,56.9,638.5,489.0,146.3,347.2,200.6,1554.8,455.1,1697.3,1597.5,336.9,18.2,59.3,182.7,22.6,156.3,231.7,43.4,1537.2,2909.7,998.4,1868.6,1851.6,5092.0,2275.7,67.4,257.0,69.3,702.3,889.4,392.8,243.4,1414.4,2662.5,682.3,1508.7,1669.5,4288.0,2016.6,1560.7,3339.0,1020.9,4629.1,1191.1,5222.6,2546.0,305.8,359.5,164.9,1326.9,382.1,1376.2,1414.4,7987.5,4907.9,8147.2,819.6,9699.1,2047.0,2611.3,8667.3,9999.9,9999.9,5737.5,9999.9,8667.3,6172.1,5360.0,9999.9,9999.9,4243.3,9999.9,3573.3,8313.5,9999.9,9999.9,9999.9,9999.9,8313.5,9999.9,9999.9,657.0,4682.3,2930.6,8855.7,9999.9,1655.9,2368.3,9999.9,9999.9,9999.9,6904.4,9999.9,9999.9,9999.9,4629.1,9052.5,2995.3,9473.5,2439.3,9999.9,6904.4,7833.9,9699.1,9999.9,9999.9,7543.7,9999.9,9699.1,477.0,572.1,2078.3,479.8,2132.7,480.9,1642.5,294.5,376.1,1205.2,349.6,1103.9,277.3,1241.9,547.5,683.4,3311.8,814.7,1560.7,300.1,3669.9,5360.0,3207.5,6365.0,4792.5,4736.7,3573.3,9999.9,577.8,709.6,995.9,3258.9,3339.0,757.1,2089.0,3669.9,2930.6,2733.9,3916.9,4073.6,2909.7,8313.5,514.3,484.9,289.3,2121.6,704.7,1525.7,2226.0,5029.1,3573.3,6365.0,9999.9,4476.5,9999.9,4243.3
20260910_奈良_5R,20260910,53,奈良,5,1681.7,2677.2,356.6,2364.6,624.4,2518.0,585.9,2531.7,4955.7,2197.3,7394.3,1537.4,3981.5,1687.8,4086.3,6049.8,3818.3,9911.5,2376.7,3425.3,4122.4,345.5,1279.7,1886.0,2602.4,542.3,2061.2,526.3,5354.5,8958.5,9999.9,5896.7,7513.5,9999.9,7636.7,264.3,659.8,1063.5,311.3,2250.4,1252.2,340.0,3726.7,4394.7,2661.9,3351.3,9134.1,2477.8,2929.8,615.3,918.8,2261.3,549.3,3303.8,594.1,1917.0,773.8,1315.9,124.9,820.1,341.0,1323.4,289.7,603.4,857.9,105.4,487.2,839.3,1030.6,215.8,1855.9,2588.0,298.8,2207.7,2426.2,1026.0,1238.9,27.3,38.5,64.7,15.9,29.4,50.1,11.7,609.7,908.0,1579.1,160.5,1026.0,1286.8,488.8,290.9,902.7,1589.9,129.5,937.3,1173.4,341.0,1194.4,917.0,331.7,130.6,952.6,920.6,456.7,127.1,141.5,393.4,31.5,199.9,165.1,317.5,1651.9,3556.0,1386.4,5119.1,1109.1,2911.5,1125.2,908.0,995.3,174.6,828.9,958.5,1330.9,356.9,4436.5,3105.6,2401.2,5009.0,3611.1,2207.7,2043.1,498.7,239.3,606.5,2007.9,497.1,999.6,247.1,6561.1,4802.4,6381.4,4903.6,7513.5,6211.2,4705.4,872.3,1330.9,2857.9,935.4,6211.2,2107.8,853.1,2559.5,1657.8,1182.3,1176.3,5234.1,2079.6,1032.9,330.8,289.8,393.7,189.8,1304.8,289.3,519.9,5823.0,8172.6,4479.2,9999.9,2631.8,3947.8,5009.0,2646.8,4705.4,1290.4,6561.1,5293.6,1855.9,2545.5,5823.0,4955.7,3611.1,6295.1,5063.5,2617.0,3257.6,3476.4,1338.6,3611.1,7636.7,3981.5,1290.4,1488.3,9999.9,7394.3,6295.1,9911.5,9999.9,5823.0,9506.9,3147.5,4955.7,4522.7,4394.7,9999.9,2146.7,3611.1,1265.8,913.4,1206.8,622.7,2477.8,1012.7,532.3,3280.5,2438.9,2789.4,1460.3,7636.7,2789.4,1008.3,130.4,555.8,817.2,1209.9,256.5,909.8,213.9,28.8,47.3,81.9,31.7,33.9,69.9,13.0,576.5,173.6,837.8,1354.1,652.4,999.6,301.3,1346.3,405.7,1617.5,2929.8,1628.8,715.5,714.4,1965.5,386.5,2250.4,3400.3,2364.6,2823.2,1259.0,214.1,154.8,667.3,1127.9,1532.3,827.4,258.9,917.0,206.7,902.7,275.1,2052.1,745.3,330.8,109.1,33.4,140.9,315.8,351.5,108.9,220.6,6470.0,7636.7,9999.9,7278.7,9999.9,9506.9,7636.7,3529.1,4436.5,6850.6,827.4,6952.8,5293.6,2911.5,9999.9,5293.6,5972.3,7764.0,9999.9,7895.6,7058.2,9999.9,9999.9,6654.8,9999.9,9999.9,9134.1,9134.1,5009.0,972.5,7895.6,8172.6,6952.8,6952.8,4353.6,7895.6,8789.4,9134.1,9999.9,7394.3,9134.1,7513.5,9999.9,5751.1,8958.5,8789.4,6952.8,9999.9,8789.4,6751.3,4234.9,7636.7,9999.9,4122.4,6654.8,7895.6,245.9,533.0,784.2,257.6,1826.8,756.2,226.9,441.1,1167.5,2294.7,284.7,1957.3,1350.2,597.2,1021.5,2146.7,3611.1,1407.3,7513.5,2756.4,1301.2,2088.9,3882.0,5234.1,3400.3,9999.9,2464.7,2708.3,314.1,297.2,1088.4,1909.1,3085.0,1286.8,433.3,7166.8,8626.7,9999.9,9999.9,7636.7,6850.6,9506.9,1188.3,2426.2,3212.7,1493.0,1595.3,7058.2,1315.9,295.0,650.6,944.9,1784.8,417.0,4122.4,1164.6,1982.3,2840.5,1442.2,1507.5,5823.0,1579.1,1542.5,1056.3,924.2,275.6,152.0,1200.6,1109.1,414.0,2806.2,1841.2,1194.4,1474.1,5681.0,2531.7,1304.8,333.2,151.5,385.6,142.8,1117.1,249.2,135.7,931.6,164.9,1032.9,233.2,1917.0,712.2,339.5,6751.3,4050.8,5972.3,4903.6,4234.9,5480.4,5681.0,824.4,1488.3,2197.3,943.0,895.8,5681.0,869.1,870.7,467.2,807.3,281.1,316.4,3190.7,665.4,294.8,496.1,908.0,275.1,1606.3,280.7,815.8,150.1,148.4,401.5,34.1,226.4,176.7,252.7,262.5,136.5,417.0,112.0,993.2,232.8,314.9,1252.2,807.3,1037.5,576.5,3697.1,1125.2,399.1,127.4,35.1,124.6,260.3,420.0,114.2,148.5,3726.7,1579.1,3064.7,5234.1,1725.3,4852.5,4353.6,143.6,232.8,389.8,729.0,159.3,1706.3,398.1,441.9,249.3,397.4,186.4,187.6,1628.8,339.5
20260910_奈良_6R,20260910,53,奈良,6,1721.3,1439.1,365.5,1640.9,1894.7,2222.5,870.6,1222.1,415.4,122.8,1915.4,740.8,776.9,66.2,721.5,458.4,121.3,1227.8,177.2,690.3,170.3,80.3,33.5,28.3,142.5,69.7,10.3,15.4,1059.8,3583.2,2894.1,806.6,3901.8,5267.4,1688.2,1535.6,1142.6,626.3,280.3,3559.0,2270.4,618.2,2251.0,1535.6,1535.6,209.1,3901.8,2300.1,811.6,488.1,83.6,163.9,67.7,610.3,305.1,332.3,5725.4,3027.2,1431.3,3376.5,4661.4,5852.7,2582.0,6054.5,9081.7,5267.4,7861.8,6503.0,9999.9,4788.5,4540.8,9241.1,4389.5,6196.9,3535.1,9999.9,5603.6,1108.9,3873.1,3607.8,3535.1,2496.4,3333.8,2372.7,2959.2,5016.6,4661.4,3211.8,5164.1,6753.1,3062.4,5215.2,7215.6,4502.0,4282.4,6270.7,9577.1,4832.5,9999.9,9999.9,9999.9,7980.9,9999.9,8635.1,9999.9,2757.8,4020.9,5164.1,3271.6,5374.9,3873.1,9999.9,1929.4,795.6,228.5,2582.0,1108.9,1266.2,176.5,4353.2,4922.8,3154.1,5918.4,4180.5,7980.9,2894.1,1496.4,3762.4,1216.4,5725.4,1797.7,4540.8,879.3,190.7,1455.0,732.6,2942.6,1040.9,683.1,224.8,6930.8,6503.0,6503.0,5852.7,9999.9,9999.9,3960.4,2106.9,4353.2,2158.7,1958.1,8927.8,5064.8,1549.2,4661.4,8230.3,9938.5,2351.5,9999.9,5918.4,3376.5,100.6,592.5,267.1,118.7,894.3,447.5,828.2,1088.3,880.8,180.5,1915.4,273.3,1245.2,337.4,1531.2,3816.9,1727.0,3844.8,2141.2,6196.9,2290.1,1467.2,3559.0,1242.3,4877.2,1393.5,5663.9,880.8,147.3,1038.9,738.7,1987.7,276.2,606.8,450.2,4426.4,3789.5,5852.7,4745.4,4317.5,7861.8,5544.6,283.5,853.7,762.2,232.0,1439.1,1233.5,351.1,4180.5,9999.9,9081.7,2594.7,9406.1,4247.9,8230.3,499.7,2115.4,756.8,669.3,3062.4,609.6,3376.5,32.8,14.5,18.3,78.6,31.5,6.2,7.7,130.7,513.8,500.7,726.5,625.5,515.4,467.3,64.1,619.6,419.7,1028.7,488.1,295.9,127.1,64.8,696.7,466.9,1517.9,267.3,388.1,340.7,287.3,1057.7,1816.3,2757.8,2687.4,1135.2,1958.1,136.8,665.0,582.0,377.3,1072.7,733.6,428.2,49.4,353.5,302.5,385.6,771.2,444.5,228.9,40.9,366.5,100.0,281.9,741.8,256.6,192.8,3398.3,7524.9,4620.5,2041.6,9577.1,8779.0,4580.3,1749.9,2926.3,4922.8,2351.5,4745.4,5320.6,3292.1,9577.1,8361.0,6423.6,9406.1,9999.9,9999.9,6423.6,9999.9,7746.2,7215.6,8103.7,8495.8,9999.9,9999.9,1721.3,4213.9,8495.8,8230.3,7861.8,4020.9,6196.9,9999.9,9406.1,9999.9,7633.9,8779.0,9999.9,9999.9,9999.9,9999.9,9999.9,9999.9,9999.9,9999.9,9999.9,7524.9,8103.7,7023.2,9999.9,7418.9,9999.9,9999.9,4389.5,2362.0,1070.6,895.8,7861.8,5267.4,2158.7,4661.4,4502.0,3271.6,3376.5,7746.2,4969.2,4463.9,2926.3,6753.1,2743.4,2484.6,9999.9,6584.2,2280.2,787.3,1651.2,1443.1,677.0,2894.1,2926.3,1014.9,737.7,2372.7,2149.9,1083.8,6753.1,2461.4,1640.9,9938.5,8103.7,9577.1,6930.8,7023.2,9999.9,9999.9,9999.9,9999.9,9999.9,7633.9,5164.1,9999.9,9406.1,2862.7,4282.4,2310.2,2185.6,2372.7,9999.9,7215.6,6840.8,5544.6,3901.8,667.6,9577.1,6930.8,4317.5,9999.9,9999.9,9999.9,5788.3,9999.9,9999.9,9999.9,7215.6,9999.9,9999.9,4832.5,9999.9,9999.9,6346.3,8230.3,9999.9,9999.9,4877.2,9999.9,9999.9,9999.9,599.9,4788.5,3535.1,4502.0,7746.2,3816.9,2620.6,9999.9,9999.9,9999.9,9999.9,9999.9,9999.9,9999.9,9999.9,9999.9,9938.5,8927.8,4083.2,9999.9,9999.9,4877.2,9999.9,5544.6,9999.9,3960.4,9999.9,9241.1,973.6,179.6,416.3,140.2,1479.6,766.7,866.3,1744.1,1199.8,2816.8,1822.6,2992.8,2660.3,5918.4,126.1,472.4,242.5,109.6,752.4,380.5,829.5,665.9,2081.9,597.2,842.7,3355.0,821.7,3844.8,128.4,925.7,204.7,560.9,2049.5,664.2,655.1,3535.1,3292.1,2787.0,5918.4,3607.8,6346.3,9999.9,1563.0,2496.4,1097.3,1535.6,1386.1,4463.9,4353.2,2646.9,8230.3,2757.8,6667.6,2496.4,9999.9,4922.8
20260910_奈良_7R,20260910,53,奈良,7,186.1,369.0,43.4,641.3,183.0,954.1,41.5,491.8,1978.8,550.3,2492.9,660.4,1809.8,391.2,1281.0,2410.2,1098.4,4752.9,2192.1,5035.3,976.1,66.8,242.5,319.4,908.1,258.9,1075.1,67.3,1645.8,3302.3,3739.4,1723.9,3323.9,2841.1,1011.0,313.3,464.0,1712.3,425.5,2230.5,2456.8,287.4,2468.7,4134.6,5845.6,2939.6,4273.6,4422.3,1609.3,29.8,83.8,284.2,32.0,336.7,102.2,412.4,182.6,253.9,34.9,599.0,218.0,821.5,42.7,412.1,1522.6,214.3,1963.5,339.9,1569.6,518.4,687.2,1700.8,202.9,2857.1,1718.1,3581.4,968.7,10.0,37.1,12.0,128.8,44.6,174.2,19.1,1324.3,2410.2,3281.0,638.9,2939.6,2084.2,1772.0,468.7,283.0,1261.9,200.6,2608.0,3027.1,502.5,2492.9,4068.5,5242.9,1077.4,3120.0,4203.0,2480.8,73.8,318.0,458.5,74.1,991.3,329.1,1205.1,1219.5,4797.8,1228.4,4890.0,1075.1,4238.0,1117.7,1046.4,3606.8,605.4,5242.9,1013.0,4422.3,1509.1,6872.5,7063.4,7590.5,9999.9,5242.9,9999.9,9780.1,1202.2,739.1,2841.1,6357.0,1158.4,4168.5,1778.2,7705.5,9999.9,9595.6,9595.6,5353.3,7590.5,8337.1,872.3,663.0,2468.7,719.3,2648.7,2260.3,1440.7,8619.7,6780.9,9999.9,5353.3,9999.9,5527.9,9595.6,1277.8,1604.3,5468.4,2050.6,7265.2,1718.1,4708.9,2889.5,6278.6,2365.4,9999.9,3045.3,9999.9,2201.5,2026.1,5137.0,573.3,6966.6,4985.9,9595.6,2676.6,7705.5,7478.9,5845.6,9999.9,5035.3,9999.9,8768.4,1527.2,475.7,2956.7,3712.1,3101.0,5085.6,1729.8,9999.9,9999.9,9999.9,7824.1,9999.9,8619.7,9999.9,4101.3,6202.0,4623.3,5035.3,9999.9,8922.2,6872.5,9999.9,9999.9,9999.9,9999.9,9999.9,9999.9,9999.9,2354.4,2456.8,6780.9,2676.6,9999.9,6437.5,9999.9,54.3,251.8,185.9,884.4,328.5,1019.1,103.5,14.7,47.0,9.3,143.7,45.8,193.0,24.2,619.4,254.4,751.2,2705.1,617.9,2119.0,825.5,220.8,61.3,349.7,961.3,524.8,1177.2,290.7,2058.9,536.4,3712.1,1695.2,3323.9,2581.5,2240.3,680.8,197.8,487.1,669.1,2857.1,2809.7,890.6,3483.3,976.1,4384.2,3459.6,4422.3,5410.2,4134.6,124.5,87.7,477.0,315.6,1068.4,479.7,1404.8,2794.3,6520.0,7478.9,3139.3,6054.3,4581.6,2201.5,2421.7,4708.9,5527.9,1059.5,4937.5,3556.4,3942.3,9971.9,7478.9,7478.9,9999.9,6966.6,9999.9,9999.9,9999.9,6604.7,9999.9,7946.3,9999.9,9999.9,9999.9,2825.3,1046.4,5468.4,3459.6,5297.5,3658.7,3239.2,6278.6,6357.0,4540.7,9999.9,8072.5,5297.5,5845.6,3345.8,2635.0,4752.9,5468.4,2749.0,4101.3,3345.8,2220.8,3912.0,7265.2,8072.5,3178.5,5468.4,5714.2,839.2,634.1,2530.1,976.1,4500.5,4843.5,627.0,821.5,364.3,2332.8,325.3,4843.5,3436.2,1033.6,348.8,309.1,1656.5,315.6,1574.5,1213.7,560.0,4708.9,4581.6,5137.0,5137.0,9999.9,9999.9,5845.6,1287.5,376.7,587.2,1741.6,5410.2,4797.8,1550.5,6357.0,6520.0,4036.2,9999.9,7063.4,6278.6,8202.7,9246.6,9999.9,5242.9,9999.9,7590.5,8619.7,9417.9,922.9,1029.4,861.9,4708.9,1541.1,7162.9,6357.0,8922.2,9999.9,9780.1,6202.0,8072.5,9999.9,5297.5,8202.7,9999.9,9999.9,3823.8,7590.5,9999.9,9999.9,9999.9,9999.9,9999.9,9999.9,9999.9,9999.9,9999.9,9999.9,9999.9,9999.9,9999.9,9999.9,9999.9,9999.9,7370.5,3882.1,9971.9,9999.9,6872.5,9081.5,9999.9,5410.2,4273.6,6872.5,6202.0,4004.4,5588.6,5527.9,9999.9,9999.9,9999.9,9999.9,6780.9,9780.1,9999.9,5650.7,9999.9,9999.9,9999.9,9999.9,7946.3,9999.9,29.6,101.7,343.3,50.0,370.6,113.8,424.1,96.8,416.8,714.2,113.1,1453.0,441.8,1822.8,493.7,661.3,3606.8,847.6,3198.5,893.7,2445.0,1389.5,1741.6,4384.2,1536.4,5650.7,3139.3,6780.9,133.5,135.4,562.5,485.7,1478.3,586.5,1933.7,1495.7,2889.5,4843.5,6202.0,2421.7,4890.0,3323.9,466.5,739.1,689.1,3367.9,1140.2,3739.4,3973.1,2260.3,5035.3,6604.7,9999.9,5242.9,5297.5,5845.6
20260910_奈良_8R,20260910,53,奈良,8,809.0,687.3,50.3,918.9,79.0,524.0,145.3,2601.3,5283.9,832.9,2438.7,2574.9,5636.2,2158.5,1610.3,5967.7,853.9,5967.7,2295.2,4449.6,1100.3,19.7,114.7,123.5,145.5,26.1,16.8,14.9,2601.3,1786.1,6948.7,807.7,3404.4,7246.5,2244.5,109.8,1100.3,889.9,106.5,1725.3,879.1,295.7,2205.4,5283.9,5072.6,439.9,8454.3,2149.4,2122.4,269.8,830.2,509.8,65.1,1213.5,326.0,767.4,724.6,571.2,38.9,726.7,58.1,530.0,99.4,1824.6,3037.4,1382.1,2158.5,593.9,6340.7,1679.6,1314.1,3522.6,1088.5,3842.8,715.4,4372.9,700.6,33.1,447.3,387.5,431.3,37.9,194.0,72.5,1858.0,1871.8,4449.6,1461.8,973.6,5764.3,2205.4,29.3,214.4,186.7,26.1,241.2,330.0,39.3,2337.6,5898.3,4785.4,1016.5,7459.7,1500.7,2641.9,158.8,889.9,470.5,136.5,1176.9,121.6,1037.3,4335.5,8597.6,1958.5,3785.5,3055.7,6340.7,3074.3,5176.1,3932.2,3702.6,4785.4,1878.7,9999.9,3702.6,9755.0,9755.0,9999.9,8454.3,7459.7,9999.9,8899.3,2215.1,3450.7,9222.9,3962.9,2802.5,3757.4,3675.7,2474.4,4025.8,4696.8,2053.6,3757.4,7246.5,2438.7,4157.8,3293.8,5699.5,3962.9,7685.7,8051.7,5396.3,9999.9,9999.9,9999.9,7459.7,9999.9,9393.7,9999.9,3932.2,4335.5,9755.0,4192.2,5636.2,3251.6,8181.6,3150.6,9999.9,1943.5,9999.9,3131.2,9570.9,2450.5,2932.1,9222.9,2949.1,8597.6,2012.9,9999.9,2348.4,9999.9,9999.9,9999.9,9999.9,8597.6,9999.9,9570.9,1844.5,2983.8,7925.9,9058.2,3872.2,6111.5,1641.6,9999.9,9999.9,8315.7,9999.9,9999.9,9999.9,7144.5,4569.9,2244.5,6038.8,3675.7,9058.2,8454.3,2727.2,9999.9,9999.9,9999.9,9999.9,9999.9,9999.9,9999.9,1397.4,1844.5,3994.1,1317.5,5072.6,2149.4,5339.5,14.2,120.5,100.7,151.0,22.7,13.2,15.0,38.8,508.7,433.5,562.3,57.9,183.9,101.8,682.7,1792.4,4740.7,2078.9,1713.7,1997.0,1615.4,596.0,1261.8,3994.1,3813.9,2062.0,2186.4,677.2,672.7,2029.0,1532.5,4335.5,2370.3,2536.3,1885.7,108.2,105.9,828.8,867.1,1300.6,381.9,215.8,136.1,390.5,1243.2,1397.4,1966.1,460.3,393.2,58.9,178.1,518.6,400.6,1006.4,233.1,272.2,4489.0,2771.9,9999.9,1537.1,5574.2,9999.9,3572.2,4227.1,3450.7,8051.7,3649.3,2561.9,9999.9,5283.9,1420.8,2802.5,2756.8,1277.7,2628.2,6854.8,1527.8,9999.9,9999.9,7246.5,9999.9,9999.9,9999.9,9999.9,1620.6,3902.0,2167.7,9999.9,3597.5,6503.3,2669.7,6038.8,2771.9,4410.9,8315.7,4529.1,9999.9,6186.1,9999.9,9999.9,9999.9,9999.9,9999.9,9999.9,9999.9,4372.9,7685.7,3190.3,8899.3,3230.9,7045.2,9999.9,132.2,1491.9,949.9,169.1,2045.4,1837.8,358.2,68.0,330.6,256.9,51.5,449.6,550.1,75.5,3055.7,1317.5,4611.4,2536.3,5967.7,6587.7,3055.7,1341.9,648.6,5022.3,1246.3,4696.8,7459.7,942.8,193.8,113.9,1086.2,1152.8,1625.8,899.3,284.3,3649.3,1334.8,4157.8,6038.8,2727.2,9999.9,3427.4,5967.7,2348.4,9393.7,9570.9,3150.6,9999.9,5764.3,513.4,221.9,1899.8,806.4,394.4,2683.9,2712.6,6340.7,9999.9,9999.9,994.6,9999.9,7351.5,9393.7,6587.7,9999.9,9999.9,2727.2,9999.9,4569.9,9570.9,9999.9,9999.9,9999.9,9999.9,9999.9,9999.9,9999.9,9999.9,9999.9,9999.9,9999.9,9999.9,9999.9,9999.9,953.4,2337.6,7804.0,9222.9,9999.9,3131.2,4157.8,9999.9,9999.9,9999.9,9999.9,9999.9,9999.9,9999.9,9999.9,6111.5,9999.9,9999.9,4124.0,9999.9,9755.0,8899.3,9946.2,9999.9,9999.9,6111.5,9999.9,9999.9,453.3,1246.3,574.4,94.2,2078.9,567.4,1352.6,328.5,1575.3,796.3,271.1,2601.3,269.8,2727.2,1725.3,2536.3,3597.5,1310.7,2849.7,2381.5,9393.7,544.2,923.9,1951.0,390.5,2404.0,904.2,2698.1,92.7,319.0,827.5,348.8,1432.9,346.2,551.9,3210.5,4449.6,2523.6,4410.9,1981.4,5022.3,9755.0,750.3,414.7,2381.5,1304.0,534.5,3842.8,3842.8,3813.9,4831.0,9393.7,6262.4,2244.5,8454.3,4489.0
20260910_奈良_9R,20260910,53,奈良,9,1064.6,1145.9,218.5,3354.9,681.7,2537.0,742.2,1228.7,1795.6,285.6,3834.2,580.8,3492.8,1734.5,1175.0,2142.6,208.9,2897.4,971.3,2727.0,1808.3,30.2,43.6,12.8,187.0,25.5,116.2,39.0,5794.8,8792.2,5603.8,1274.8,6374.3,4856.6,5729.7,405.6,461.0,902.5,156.3,3035.4,2188.6,791.8,4473.2,6070.8,4856.6,862.8,5367.9,4285.2,4434.3,679.9,1412.6,1271.6,207.7,3187.1,1225.8,2416.8,2207.5,3187.1,519.8,5425.0,1564.2,4765.8,1416.5,2499.7,7845.3,1522.2,9621.7,2047.9,7082.6,3445.6,4810.8,9999.9,5367.9,9999.9,7499.2,9999.9,8946.5,355.8,1085.0,2439.9,3541.3,677.2,2524.5,686.3,8225.0,9999.9,9999.9,9999.9,9999.9,9999.9,9999.9,1717.0,2124.7,4635.9,1231.7,7082.6,5542.9,2047.9,7182.4,9999.9,9999.9,6622.7,9999.9,6985.6,4473.2,564.7,1789.3,2756.4,513.0,2771.4,800.5,1327.9,1629.2,2801.9,353.3,4512.8,639.0,3616.6,2133.6,2198.0,4214.4,1367.1,6143.9,1465.3,4950.9,2524.5,5666.1,9999.9,6622.7,9999.9,4434.3,9999.9,9999.9,224.7,801.8,2089.9,2756.4,188.8,1677.4,913.8,9271.8,9999.9,9621.7,7967.9,6143.9,9999.9,9999.9,267.9,492.7,1424.4,167.0,1265.3,855.6,533.9,5794.8,7611.2,9999.9,4179.9,9999.9,3469.0,6070.8,3399.6,2727.0,8225.0,2142.6,6622.7,2217.1,4179.9,4512.8,6891.2,852.7,8643.2,2756.4,8499.1,7390.5,4678.4,9999.9,7285.0,9999.9,9443.5,9999.9,9999.9,8946.5,9999.9,9999.0,9999.9,7611.2,9999.9,9999.9,867.2,6455.0,6985.6,9443.5,5666.1,8359.8,6070.8,9999.9,9999.9,9999.9,9999.9,9999.9,9999.9,9999.9,4249.5,9999.0,6143.9,6143.9,9999.9,7390.5,9999.9,9999.9,9999.9,9999.9,9999.9,9999.9,9999.9,9999.9,9999.9,9999.9,9999.9,9999.9,9999.9,9999.9,9999.9,9.4,12.6,6.2,78.2,7.2,43.9,13.7,62.5,149.8,423.8,709.2,107.8,411.5,89.3,56.3,131.0,419.7,681.7,40.3,430.3,160.2,165.7,855.6,1177.7,1917.1,708.2,1645.0,1096.6,621.1,1629.2,1953.8,2817.4,1214.1,1613.7,1924.3,34.5,71.1,33.2,280.8,306.4,201.1,86.5,298.3,791.8,913.8,1608.6,1249.8,636.6,855.6,83.8,66.9,209.4,625.7,806.8,150.8,514.5,6709.8,9999.9,9443.5,3777.4,8792.2,9999.9,9271.8,9621.7,9999.9,9999.9,9999.9,9999.9,9999.9,9999.9,9999.9,9999.9,9621.7,9999.9,9999.9,9999.9,9999.9,9999.9,9999.9,9999.9,9999.9,9999.9,9999.9,9999.9,2512.0,7499.2,8946.5,9999.9,6985.6,9271.8,9443.5,9999.9,9999.9,9999.9,9999.9,9621.7,9999.9,9999.9,9999.9,9999.9,9999.9,9999.9,9443.5,9999.9,9999.9,9999.9,9999.9,9999.9,9999.9,9999.9,9999.9,9999.9,606.3,408.2,965.8,200.4,2031.6,1946.3,978.7,782.1,664.8,1902.8,609.9,2771.4,2089.9,978.7,208.1,288.2,1133.2,149.0,747.7,469.1,346.9,2307.4,4047.2,3541.3,2451.6,8792.2,7845.3,5257.2,126.0,320.9,143.6,910.6,1246.8,826.5,416.2,5929.6,6143.9,3071.9,9999.9,3147.8,4434.3,7611.2,3248.0,3541.3,1783.0,7082.6,2170.0,4047.2,3290.0,1278.0,776.1,794.3,3668.7,876.2,4434.3,2615.1,8499.1,8094.4,6218.9,1740.4,9999.9,7390.5,8946.5,9443.5,9999.9,9999.9,6891.2,9999.9,9999.9,6295.6,9621.7,9999.9,9999.9,6985.6,9999.9,6537.8,9999.9,9999.9,9999.9,9999.9,9999.0,9999.9,9999.9,9999.9,1115.8,3668.7,4249.5,6622.7,8225.0,2817.4,4145.9,9999.9,9999.9,9999.9,9999.9,9806.7,9999.9,9999.9,7082.6,9999.0,5311.9,9999.9,3922.6,9621.7,9443.5,8643.2,6455.0,9999.9,9999.9,7726.5,9999.9,9999.9,754.3,2712.5,2512.0,350.0,6622.7,1645.0,3290.0,344.5,1345.5,1924.3,287.6,1854.3,525.7,1166.9,3445.6,3516.9,9999.9,2207.5,9443.5,2537.0,7082.6,7390.5,6985.6,9999.9,5542.9,9999.9,8359.8,9999.9,311.1,376.9,1504.2,2741.6,3090.6,940.8,2124.7,9999.9,8225.0,9999.9,9999.9,7390.5,9999.9,9999.9,2256.4,1517.7,2072.9,7182.4,1554.7,9621.7,4594.1,8359.8,4765.8,9999.9,9999.9,5666.1,9999.9,7285.0
20260910_奈良_10R,20260910,53,奈良,10,810.5,1415.3,304.6,2745.2,130.0,1114.9,388.5,1054.6,1930.4,1903.5,3104.0,370.1,1712.5,1011.6,2552.8,2194.0,2093.1,6352.4,441.2,5304.0,1464.6,183.8,815.3,902.9,2015.9,68.3,1023.0,213.4,6279.4,6279.4,8404.8,7587.6,1112.6,9755.5,4552.6,15.2,44.6,61.5,10.1,161.9,108.7,3.9,4046.7,6279.4,6427.2,4669.3,9999.9,968.6,3393.2,208.5,382.5,515.3,179.0,1048.5,38.4,797.5,2314.8,3035.0,820.2,5153.9,427.8,2816.0,1383.0,2691.1,5409.0,3213.6,7483.7,3310.9,5105.7,9755.5,4966.4,5058.4,4792.2,9999.9,5058.4,9755.5,9999.9,437.0,1415.3,2125.7,3741.8,504.9,524.7,1358.9,7094.9,8277.4,9999.9,9999.9,9999.9,9999.9,9999.9,381.7,1958.1,2211.7,529.3,5938.1,2134.0,1362.3,4552.6,5690.7,8404.8,1723.3,9999.9,4750.5,7917.5,2061.5,5750.6,9999.9,2494.5,9999.9,2093.1,6427.2,3194.8,4046.7,3232.6,4629.7,1157.4,7188.3,2601.4,3716.4,4076.9,3069.1,5874.3,3176.2,6352.4,9999.9,2385.6,3570.6,3902.2,1211.3,2285.8,9259.5,8153.9,4669.3,4107.6,6352.4,8153.9,2626.5,6503.7,3930.3,5750.6,5874.3,3001.7,9999.9,6503.7,9999.9,9999.9,1452.9,3139.7,2529.2,2773.1,5811.8,5938.1,5304.0,9999.9,9999.9,9999.9,8277.4,9999.9,8536.1,9999.9,7483.7,9999.9,9999.9,9999.9,9584.4,7483.7,7004.0,5938.1,5304.0,4709.5,9999.9,1376.1,9999.9,5012.0,4268.0,6208.1,3793.8,9999.9,5750.6,9999.9,9999.9,2691.1,4202.4,4405.7,1345.5,2540.9,9999.9,8671.6,5202.9,7917.5,7587.6,9999.9,5253.0,9999.9,9419.1,9999.9,9999.9,5153.9,9999.9,9999.9,9999.9,9999.9,1445.2,4750.5,2937.1,3524.6,9259.5,8955.9,6003.4,9999.9,9999.9,9999.9,9999.9,9999.9,9999.9,9999.9,7587.6,9999.9,9999.9,9999.9,9999.9,9105.2,9999.9,380.7,1538.9,1472.5,3820.3,163.5,2085.1,495.2,368.6,1276.4,1779.5,3594.1,396.4,488.6,1138.1,2953.0,3331.1,4138.7,7483.7,2540.9,6279.4,3547.4,4335.8,5632.0,4477.9,9999.9,4268.0,9999.9,8811.5,9999.9,9999.9,9999.9,9999.9,9932.9,9999.9,9999.9,182.0,296.5,1635.6,1910.1,4792.2,2334.6,993.2,7004.0,2664.9,8811.5,9999.9,9999.9,5304.0,9999.9,1513.3,2613.9,4750.5,7804.4,9584.4,1611.5,7587.6,9999.9,9999.9,9999.9,9999.9,4921.7,9999.9,9932.9,9999.9,9999.9,9999.9,8034.0,9999.9,9999.9,9999.9,7382.6,9999.9,4514.9,9999.9,9999.9,9999.9,9999.9,9999.9,9999.9,5811.8,9999.9,9999.9,9999.9,9999.9,9999.9,9999.9,9999.9,9999.9,9999.9,9999.9,9999.9,5409.0,9999.9,9999.9,9999.9,9999.9,9999.9,9999.9,9999.9,9999.9,9999.9,9999.9,9999.9,9999.9,9999.9,9999.9,9999.9,9999.9,9999.9,9999.9,9999.9,9999.9,13.4,36.3,43.3,7.0,161.8,105.0,4.3,86.7,295.4,473.4,98.9,1348.9,360.1,311.8,234.1,413.5,490.8,518.3,849.6,1056.6,767.2,359.6,1009.8,391.9,844.3,2564.8,2589.1,1635.6,61.0,49.8,348.6,468.1,1288.4,688.0,272.4,1157.4,5105.7,3372.3,5750.6,4709.5,7188.3,4834.6,973.8,1858.2,3547.4,4335.8,2589.1,6003.4,3194.8,90.2,410.7,789.4,991.4,394.7,1951.1,1241.6,9999.9,9999.9,9999.9,7188.3,9999.9,4514.9,9999.9,9999.9,6828.9,9999.9,2385.6,9999.9,9999.9,9999.9,9999.9,9999.9,9999.9,9999.9,9999.9,9999.9,9999.9,9999.9,9999.9,9999.9,9999.9,9999.9,9999.9,9999.9,9755.5,3691.3,9999.9,9999.9,9999.9,9932.9,9999.9,9999.9,9999.9,9999.9,9999.9,9999.9,9999.9,9999.9,4590.8,9999.9,9999.9,9999.9,6744.6,9999.9,9999.9,9999.9,9999.9,9999.9,9999.9,9999.9,9999.9,9999.9,1433.8,2860.2,2875.3,1103.6,4590.8,241.9,3372.3,2576.9,6208.1,9419.1,2305.1,9999.9,2396.1,9755.5,7004.0,9999.9,9999.9,7694.5,9999.9,7804.4,9999.9,8536.1,9999.9,9999.9,9999.9,9999.9,7094.9,9999.9,1870.9,3271.3,7694.5,9932.9,9999.9,1808.9,9999.9,9999.9,9999.9,9999.9,9999.9,9999.9,9999.9,9999.9,271.3,2125.7,4750.5,4834.6,1592.7,9259.5,4709.5,9999.9,9999.9,9999.9,9999.9,9999.9,9999.9,8955.9
20260910_奈良_11R,20260910,53,奈良,11,480.6,501.6,105.0,1981.2,153.4,899.1,309.5,990.6,2466.1,453.7,1276.1,1155.0,977.3,1168.9,2541.1,4675.8,1328.3,6567.1,2744.0,7590.5,2756.9,25.5,87.7,213.5,315.7,33.8,128.2,6.6,6352.9,4116.0,8232.0,1867.3,6152.3,7305.9,6958.0,136.5,590.9,947.2,117.9,1776.5,719.7,257.2,1873.3,914.6,6494.1,690.0,3108.9,1665.1,2065.2,294.4,550.8,926.2,78.0,1948.2,321.1,961.3,1349.8,929.2,260.9,2693.4,364.3,2656.7,716.2,2597.6,3870.6,2133.1,4297.6,2180.8,3585.7,4145.2,1832.2,2893.4,1187.9,6567.1,744.5,4427.8,3028.3,222.8,1043.7,759.0,2197.2,254.5,1781.9,394.1,9999.9,9999.9,9999.9,9999.9,9999.9,9999.9,9999.9,244.6,543.6,163.6,148.7,1479.6,985.6,500.8,4995.5,3976.0,6567.1,4174.8,9999.9,3870.6,7127.7,1146.0,3795.2,3607.8,969.2,9277.3,1375.2,5674.5,2951.8,8232.0,1235.6,3722.7,2487.1,2809.9,2731.1,3542.2,4713.5,2937.0,6088.2,2966.8,4235.3,6284.6,8855.6,9132.4,9999.9,7305.9,9999.9,9999.9,9999.9,1205.1,2574.7,7493.2,4266.2,2265.4,1843.7,1994.7,4751.8,6217.8,6284.6,4204.8,7493.2,1506.3,6494.1,2879.1,3438.0,6422.8,3060.0,9581.5,4058.8,5964.0,2001.6,1781.9,5903.7,1251.5,693.3,2301.0,3675.9,3458.4,8595.2,9999.9,3302.1,9906.3,6494.1,5786.8,6641.7,9999.9,3976.0,9999.9,4116.0,9999.9,6152.3,4830.3,9277.3,4953.1,9999.9,2148.8,9999.9,8855.6,9999.9,9999.9,9999.9,7215.7,9581.5,9999.9,9999.9,3652.9,8006.5,9999.9,9999.9,8991.9,9999.9,6494.1,9999.9,9999.9,7305.9,9999.9,9999.9,9999.9,9999.9,5362.1,2466.1,7793.0,7041.8,9999.9,9999.9,9999.9,9999.9,9999.9,9999.9,9999.9,9999.9,9999.9,9999.9,8349.6,9999.9,9999.9,9999.9,9999.9,9999.9,9999.9,15.3,61.7,149.4,214.8,16.4,77.2,2.6,70.1,416.8,505.1,1446.7,133.3,826.6,124.3,307.7,762.0,2292.0,1534.0,1126.1,1084.3,551.9,838.5,1922.6,4174.8,5126.9,3108.9,5265.5,1623.5,1166.6,6352.9,3699.2,7898.3,4566.2,7041.8,2519.2,45.2,77.1,413.9,722.4,1137.1,694.1,72.0,444.4,1461.1,837.3,4830.3,4530.8,1815.1,584.4,12.9,57.7,161.5,361.6,504.2,56.9,246.5,9999.9,8232.0,9999.9,4329.4,9277.3,9999.9,9999.9,9999.9,8232.0,9999.9,9999.9,9999.9,9999.9,9999.9,7590.5,9999.9,6025.5,9999.9,9999.9,2997.3,9999.9,9999.9,9999.9,6958.0,9999.9,9999.9,9999.9,9999.9,3896.5,9999.9,9999.9,9999.9,9999.9,9999.9,9277.3,9999.9,9999.9,9999.9,9999.9,9999.9,9999.9,9999.9,9999.9,9999.9,3176.4,9999.9,9999.9,9999.9,9999.9,9999.9,9999.9,9999.9,9999.9,9999.9,9999.9,9999.9,297.8,1117.5,1381.7,199.4,2982.0,1425.5,523.2,179.4,455.9,142.2,84.2,1534.0,827.8,361.6,2415.1,2001.6,4995.5,1646.4,5513.9,2356.7,3247.0,3479.0,1514.1,7215.7,3193.8,9999.9,9427.0,6567.1,112.5,145.0,807.2,1080.3,2172.7,1192.8,164.9,8470.6,9999.9,9999.9,9999.9,7398.4,9999.9,9999.9,4058.8,3896.5,3976.0,8855.6,4058.8,9999.9,5265.5,829.0,1045.5,2328.5,3398.1,540.6,6876.1,2744.0,4530.8,2508.4,9999.9,1464.8,9581.5,4911.5,6217.8,5566.4,4204.8,6641.7,4566.2,9999.9,5362.1,8470.6,1739.5,1749.9,5462.3,967.6,665.6,2487.1,3499.8,9999.9,9999.9,9999.9,9999.9,9999.9,9999.9,9999.9,1238.2,3378.4,1815.1,9906.3,9999.9,4495.9,1689.2,9999.9,9999.9,2705.9,9999.9,9999.9,9999.9,9999.9,4675.8,5126.9,5964.0,9999.9,5172.3,9999.9,7041.8,7041.8,9999.9,7041.8,9999.9,5730.1,9999.9,7690.4,814.0,1928.9,2455.7,189.7,4751.8,904.7,2609.2,1121.8,3438.0,3699.2,896.4,9581.5,1623.5,4361.7,3247.0,5038.5,8470.6,2148.8,9999.9,4870.6,6641.7,6958.0,7793.0,9999.9,4911.5,9999.9,8991.9,9999.9,130.8,503.4,1074.4,1781.9,2693.4,490.7,1655.7,9999.9,9999.9,9999.9,9999.9,6958.0,9999.9,9999.9,1215.1,1601.3,4174.8,5903.7,811.7,9999.9,4394.5,7793.0,9999.9,9581.5,9999.9,5411.8,9999.9,6958.0
20260910_奈良_12R,20260910,53,奈良,12,274.8,1148.2,543.3,1949.2,405.6,1238.1,195.9,114.6,177.3,66.1,428.4,49.2,128.9,24.6,1367.2,612.0,848.1,1416.4,631.8,2806.1,557.6,474.9,175.1,670.5,1211.7,204.1,861.0,204.6,2726.7,989.1,832.7,1686.6,1159.2,2843.4,1086.7,137.9,38.2,164.8,60.2,372.1,297.6,36.0,1682.2,304.7,2100.0,1195.1,2520.0,731.9,597.0,63.0,33.3,263.6,100.5,568.8,57.1,301.5,621.2,3079.6,1564.8,4994.4,1165.5,3218.4,410.0,584.5,1979.3,733.0,3191.7,1242.1,1542.2,244.9,4856.0,3802.4,4795.6,5571.7,5877.5,9358.4,2106.9,1961.1,1200.3,3323.8,5950.1,2097.7,3630.5,647.1,8492.6,6624.8,5771.9,9999.9,9999.9,9999.9,3665.0,1366.2,1649.1,3840.3,2262.7,7087.6,5950.1,900.4,5059.9,2477.9,9450.2,5196.3,9999.9,7302.4,2046.5,226.4,139.4,537.3,233.9,1142.7,362.8,846.2,119.6,188.1,69.2,441.2,61.1,112.8,30.0,236.5,464.8,197.1,947.3,405.8,360.3,96.8,545.0,508.7,354.1,696.2,731.0,732.7,222.9,95.4,94.1,142.0,424.4,140.9,124.2,39.2,897.0,1122.1,486.8,772.0,1393.9,958.1,452.6,137.2,305.0,487.8,195.0,1049.4,337.1,118.7,146.9,205.1,293.0,120.4,551.2,267.3,76.1,26.6,22.0,94.7,31.9,264.8,66.7,56.5,3840.3,1987.4,2822.6,4007.9,2205.7,8418.5,2079.6,5007.3,4819.6,5604.1,6279.6,6341.5,9999.9,3035.9,2120.8,3672.0,2406.7,3160.3,3750.6,2584.2,1490.9,3665.0,5196.3,2700.0,2601.6,5859.6,6812.1,2785.8,2773.8,3256.4,1979.3,1834.2,3486.1,2885.9,1912.5,3040.7,7113.8,4546.7,6120.1,6300.1,9999.9,4943.1,9999.9,9999.9,4525.4,7999.3,5461.3,9999.9,7193.4,2493.9,2170.9,1659.0,2851.8,3461.1,4656.6,6602.1,970.2,381.1,1037.5,1893.7,511.6,1577.6,418.2,1462.7,895.4,1871.6,3346.9,1581.4,2385.9,530.7,287.6,358.5,521.6,1220.9,473.2,480.2,167.2,2016.5,2415.8,1401.0,1677.8,3335.3,3958.6,1181.9,3583.3,5539.7,2688.7,1829.0,4783.7,5841.9,2929.8,624.5,1345.3,715.0,2093.2,3278.6,2437.2,703.3,2975.0,4110.5,1106.6,4200.0,6062.3,3950.4,1993.6,390.8,274.4,242.0,776.4,1670.5,625.9,1174.0,6159.2,2868.8,2806.1,4303.2,3679.0,8203.5,3064.9,8100.1,6198.8,5492.4,9404.1,9999.9,9999.9,4227.7,2443.3,3590.0,1330.4,2481.1,4312.8,3950.4,1468.2,1995.6,2198.2,1289.5,1097.2,2947.7,3323.8,1041.5,5296.2,8168.8,3974.9,2513.4,7773.5,9835.9,4341.9,4612.0,9785.9,5113.6,5355.1,7302.4,9999.9,5033.5,9999.9,9999.9,5046.7,6139.6,9999.9,9999.9,7650.1,3341.1,2146.8,1798.3,2127.8,3693.1,5508.1,6934.6,270.4,85.6,328.1,125.2,694.9,585.0,81.3,796.2,1073.4,2543.3,1523.9,5508.1,3454.9,737.5,179.5,618.6,951.0,395.5,2257.4,840.0,228.6,1300.8,3467.3,2190.7,3064.9,4058.6,7247.5,1955.2,380.0,1071.0,538.3,1743.0,2885.9,2198.2,578.4,2254.7,6934.6,3406.0,3757.9,4771.8,8381.9,3301.0,1822.1,5400.1,1805.0,6426.1,3693.1,8066.2,1931.7,158.5,295.0,230.7,910.2,379.1,2053.0,1085.4,3301.0,699.2,4172.8,2339.6,5400.1,1798.3,1076.4,4452.2,2368.3,8843.3,4612.0,8238.6,5686.8,2300.5,442.0,956.2,939.9,480.1,1517.9,802.9,309.6,7010.3,8966.7,2826.7,4994.4,4760.1,9937.3,4411.5,2912.1,3902.5,1088.5,4905.4,7530.6,3665.0,2158.8,8966.7,9999.9,3942.4,5033.5,8455.4,9358.4,5267.3,2573.8,5987.0,1730.5,8645.0,3603.4,8455.4,2180.8,1222.4,1510.8,514.3,3424.2,1839.5,4690.6,2006.0,76.8,50.9,373.6,154.2,751.5,98.7,390.3,65.2,44.2,182.8,70.4,440.6,111.6,322.5,40.1,39.5,176.0,66.2,420.0,99.0,119.3,1081.2,642.1,609.6,1023.8,1584.0,1768.6,2584.2,266.4,188.7,168.0,649.7,1362.4,420.4,899.5,1890.0,1240.5,1084.2,1506.1,2031.4,3021.6,3637.4,150.7,191.9,175.6,848.1,297.4,1542.2,911.0,776.7,777.6,367.4,2001.9,1028.7,2881.6,1211.7
20260910_四日市_1R,20260910,48,四日市,1,1399.7,1439.7,997.8,1229.0,2144.2,,,1275.7,530.4,629.8,884.0,714.7,,,812.7,470.9,393.6,671.8,498.9,,,456.0,622.1,447.9,369.1,690.2,,,924.5,978.4,832.9,501.3,978.4,,,1107.4,839.8,663.0,671.8,1007.8,,,,,,,,,,,,,,,,,2099.6,2190.8,1526.9,2056.7,2399.5,,,2144.2,1460.5,832.9,1229.0,2056.7,,,1901.5,1171.8,559.8,907.9,1550.4,,,695.0,482.2,384.6,161.7,676.3,,,1419.4,1158.4,819.3,268.7,1460.5,,,2879.4,1866.3,1708.1,1361.9,1866.3,,,,,,,,,,,,,,,,,1380.5,519.4,530.4,884.0,637.8,,,1419.4,826.0,585.9,1083.6,1132.3,,,288.7,387.6,111.3,254.4,213.0,,,421.6,292.9,138.0,201.5,333.7,,,846.9,658.7,378.8,288.7,769.3,,,704.7,579.2,296.4,449.9,556.8,,,,,,,,,,,,,,,,,419.9,233.8,171.3,314.9,253.8,,,503.9,337.0,185.9,269.4,445.9,,,102.5,138.0,40.6,94.0,84.9,,,77.7,35.0,27.7,25.0,47.5,,,225.4,97.9,92.5,47.2,127.0,,,193.4,148.8,114.1,73.9,162.5,,,,,,,,,,,,,,,,,186.9,377.4,283.0,139.3,425.2,,,118.2,92.5,56.8,13.2,79.1,,,242.8,120.9,71.3,81.3,191.9,,,119.9,44.8,37.4,27.4,71.7,,,57.1,6.0,40.9,21.5,40.6,,,317.9,124.4,210.8,138.2,96.3,,,,,,,,,,,,,,,,,787.3,752.0,663.0,339.3,907.9,,,494.0,438.1,423.4,121.2,676.3,,,769.3,596.3,284.6,223.9,704.7,,,381.7,224.4,190.1,95.1,253.8,,,106.3,18.1,72.8,50.5,88.2,,,819.3,550.7,695.0,501.3,338.1,,,,,,,,,,,,,,,,,1439.7,861.3,699.8,781.2,1072.1,,,1768.0,1308.8,1308.8,969.0,1214.2,,,752.0,1185.6,438.1,494.0,876.3,,,533.2,449.9,309.1,218.6,398.3,,,607.1,358.6,363.8,283.0,298.1,,,1107.4,769.3,924.5,735.6,408.0,,,,,,,,,,,,,,,,,,,,,,,,,,,,,,,,,,,,,,,,,,,,,,,,,,,,,,,,,,,,,,,,,,,,,,,,,,,,,,,,,,,,,,,,,,,,,,,,,,,,,,,,,,,,,,,,,,,,,,,,,,,,,,,,
20260910_四日市_2R,20260910,48,四日市,2,188.8,98.8,317.3,395.0,130.9,,,160.7,98.0,88.9,167.5,82.0,,,87.1,90.0,131.2,109.6,91.0,,,293.1,103.0,176.2,195.1,145.4,,,321.9,123.6,155.5,187.8,219.3,,,247.0,173.5,168.5,256.1,440.3,,,,,,,,,,,,,,,,,210.1,81.7,362.8,412.6,142.6,,,142.0,48.6,195.7,388.1,81.9,,,29.7,21.4,59.2,101.1,7.5,,,543.4,342.7,178.5,629.4,314.7,,,718.7,691.9,257.8,801.4,562.6,,,140.3,96.9,21.2,179.6,368.8,,,,,,,,,,,,,,,,,267.8,185.9,206.6,352.5,224.1,,,237.5,91.3,288.6,618.9,153.6,,,207.4,81.5,176.8,396.4,83.3,,,260.2,293.1,202.9,361.7,176.2,,,478.1,863.6,447.4,478.1,371.3,,,415.6,216.3,161.6,303.5,506.3,,,,,,,,,,,,,,,,,125.3,179.3,181.4,199.2,142.6,,,37.9,24.7,70.3,129.6,12.7,,,136.1,57.7,150.9,353.6,70.1,,,373.8,214.2,194.7,530.5,183.2,,,249.2,333.5,275.7,565.5,245.9,,,221.0,55.8,94.2,171.6,335.5,,,,,,,,,,,,,,,,,700.6,233.0,382.8,515.7,352.5,,,825.2,525.4,350.3,905.7,431.8,,,294.7,359.3,203.2,384.1,179.6,,,458.4,360.5,227.3,768.3,244.3,,,501.8,905.7,406.5,580.2,565.5,,,813.1,492.9,329.6,296.2,819.1,,,,,,,,,,,,,,,,,359.3,166.2,238.0,262.7,345.9,,,737.7,551.5,318.3,831.3,321.9,,,280.6,474.0,238.5,263.3,224.1,,,187.5,277.8,160.7,409.5,204.0,,,342.7,565.5,256.6,388.1,402.1,,,850.4,513.3,425.2,365.2,687.6,,,,,,,,,,,,,,,,,622.3,655.3,372.5,1003.6,675.1,,,366.4,197.5,64.7,386.8,612.1,,,640.2,353.6,214.2,495.1,1003.6,,,308.6,96.1,179.3,295.5,426.8,,,994.6,605.4,472.0,360.5,1569.0,,,2101.9,1295.4,1280.5,813.1,1954.4,,,,,,,,,,,,,,,,,,,,,,,,,,,,,,,,,,,,,,,,,,,,,,,,,,,,,,,,,,,,,,,,,,,,,,,,,,,,,,,,,,,,,,,,,,,,,,,,,,,,,,,,,,,,,,,,,,,,,,,,,,,,,,,,
20260910_四日市_3R,20260910,48,四日市,3,126.0,303.8,101.9,563.2,148.4,,,51.0,34.0,15.5,42.1,35.3,,,287.9,107.6,178.5,671.2,344.6,,,22.7,10.7,56.2,109.7,42.8,,,738.0,399.6,1126.5,631.5,992.9,,,79.5,49.7,354.7,65.3,705.6,,,,,,,,,,,,,,,,,292.3,621.4,305.2,1133.1,282.4,,,265.3,276.7,396.3,809.3,317.8,,,799.3,398.8,1366.2,1870.2,668.8,,,473.3,635.7,1366.2,1834.6,631.5,,,3704.5,2293.2,3107.0,3265.0,2320.9,,,220.6,213.3,392.3,333.8,900.1,,,,,,,,,,,,,,,,,43.3,28.4,15.7,40.3,51.1,,,113.5,105.7,155.1,234.9,153.9,,,19.1,35.5,44.8,30.4,59.4,,,48.0,103.5,113.9,192.6,185.0,,,85.3,142.4,82.6,148.8,173.5,,,72.4,71.2,109.8,187.9,109.0,,,,,,,,,,,,,,,,,410.7,164.7,287.9,830.3,408.9,,,590.9,311.2,1107.1,1605.3,533.6,,,57.4,80.1,144.0,84.6,100.9,,,442.8,783.0,394.7,1008.5,708.2,,,1751.2,1226.9,524.8,1907.2,1385.8,,,436.8,348.3,240.1,690.4,1052.6,,,,,,,,,,,,,,,,,136.9,62.6,194.7,362.0,208.7,,,476.8,655.2,1167.4,1985.9,761.4,,,129.3,391.5,302.4,573.3,657.4,,,484.0,1310.4,516.4,2116.8,1310.4,,,1646.4,2791.8,1660.6,2963.6,2832.8,,,587.3,639.9,883.6,812.8,1242.8,,,,,,,,,,,,,,,,,3567.3,1094.5,2875.1,2378.2,3634.6,,,4013.2,3057.7,4479.9,5665.7,4187.7,,,833.9,1196.5,541.1,1566.1,2006.6,,,3777.1,4378.1,743.7,3777.1,3931.3,,,2713.1,4698.4,2407.9,3634.6,4586.5,,,4479.9,3157.9,3057.7,4479.9,4280.8,,,,,,,,,,,,,,,,,137.1,92.9,469.8,156.1,1058.4,,,145.0,93.9,284.1,254.1,575.0,,,81.7,85.4,156.1,224.2,167.3,,,484.0,384.5,229.8,718.7,1126.5,,,435.8,317.3,583.7,944.2,1385.8,,,2603.1,1347.1,1113.5,2469.7,2638.8,,,,,,,,,,,,,,,,,,,,,,,,,,,,,,,,,,,,,,,,,,,,,,,,,,,,,,,,,,,,,,,,,,,,,,,,,,,,,,,,,,,,,,,,,,,,,,,,,,,,,,,,,,,,,,,,,,,,,,,,,,,,,,,,
20260910_四日市_4R,20260910,48,四日市,4,1403.2,830.8,1372.7,2716.0,1164.0,,,1365.3,1048.0,1661.7,2104.9,1683.9,,,567.6,760.8,883.1,1419.0,275.4,,,1885.0,2255.2,1695.2,2937.0,2140.5,,,3007.0,2687.1,2525.9,3460.1,3827.1,,,1002.3,1494.6,342.2,1282.1,2196.4,,,,,,,,,,,,,,,,,456.7,299.6,393.4,889.4,408.7,,,157.6,40.1,20.1,45.7,36.6,,,64.7,61.4,42.0,177.1,36.0,,,72.9,15.1,16.9,75.5,24.7,,,730.0,182.1,404.7,269.5,362.9,,,203.8,48.6,22.3,45.7,220.6,,,,,,,,,,,,,,,,,511.3,393.4,629.9,642.7,597.1,,,160.9,38.6,23.9,49.0,41.6,,,102.2,57.7,86.2,81.0,51.5,,,344.5,74.2,164.9,153.4,182.7,,,177.7,47.0,54.5,82.8,78.6,,,292.0,82.7,52.2,163.1,109.4,,,,,,,,,,,,,,,,,262.2,395.2,399.0,657.7,125.9,,,179.2,186.6,177.5,558.8,114.9,,,314.1,198.5,422.3,449.4,196.4,,,459.2,293.0,686.3,1250.4,544.3,,,1153.3,1022.6,836.3,1857.2,877.0,,,51.4,83.9,119.4,186.1,317.7,,,,,,,,,,,,,,,,,949.5,1419.0,1403.2,2500.8,1913.5,,,340.8,91.6,125.2,277.8,138.7,,,1197.1,173.8,493.3,514.4,583.3,,,971.5,409.3,801.8,1730.0,850.4,,,2604.0,825.4,1043.7,1640.1,1608.8,,,1540.1,329.7,784.4,590.1,986.6,,,,,,,,,,,,,,,,,3827.1,1958.0,2687.1,2215.7,3238.3,,,2087.5,408.0,1148.1,828.1,925.2,,,576.6,222.5,258.2,372.5,336.3,,,1411.1,1419.0,751.7,2087.5,1288.7,,,2551.4,1208.5,938.9,2177.5,1943.0,,,2177.5,1065.7,767.7,1427.0,1403.2,,,,,,,,,,,,,,,,,705.5,822.7,209.4,946.0,1468.5,,,373.6,87.6,50.3,95.6,357.2,,,454.2,114.6,66.9,253.0,203.8,,,38.9,44.8,43.7,100.7,227.5,,,754.0,253.3,449.4,436.2,998.3,,,1718.3,747.3,610.1,772.4,1226.1,,,,,,,,,,,,,,,,,,,,,,,,,,,,,,,,,,,,,,,,,,,,,,,,,,,,,,,,,,,,,,,,,,,,,,,,,,,,,,,,,,,,,,,,,,,,,,,,,,,,,,,,,,,,,,,,,,,,,,,,,,,,,,,,
20260910_四日市_5R,20260910,48,四日市,5,429.4,312.3,606.5,1132.4,609.1,,,240.4,51.7,74.7,452.2,385.7,,,94.1,34.0,41.8,288.3,138.2,,,450.0,141.7,126.3,479.2,561.6,,,1623.3,1123.3,1047.9,1604.7,3155.4,,,621.3,793.3,377.9,675.0,1350.1,,,,,,,,,,,,,,,,,510.6,410.5,644.1,1276.5,617.2,,,431.3,260.5,212.2,1071.9,459.6,,,249.4,246.3,276.4,1324.7,435.4,,,705.6,279.9,390.5,793.3,693.4,,,1847.6,1586.6,2780.5,2064.9,1237.1,,,407.6,374.4,374.9,478.4,1205.3,,,,,,,,,,,,,,,,,147.2,37.9,41.4,329.2,245.9,,,201.0,152.3,85.5,345.8,191.4,,,24.9,90.0,19.0,161.8,136.7,,,18.1,29.1,11.8,27.5,82.9,,,885.9,1105.6,648.5,218.8,1712.4,,,538.0,400.6,309.6,351.0,936.1,,,,,,,,,,,,,,,,,51.2,13.8,17.9,138.2,86.8,,,122.3,122.3,137.5,723.8,288.0,,,22.6,94.0,18.3,167.1,135.5,,,45.2,185.0,26.8,148.4,287.1,,,763.1,1722.9,626.8,657.7,2143.8,,,301.9,415.4,328.4,504.1,1478.0,,,,,,,,,,,,,,,,,491.8,114.3,161.7,471.9,656.1,,,700.3,263.6,625.4,897.2,911.8,,,40.2,72.1,23.1,34.3,144.4,,,108.3,387.8,47.2,236.3,533.9,,,665.4,825.9,147.9,505.1,1195.0,,,1002.9,754.9,392.2,725.6,656.1,,,,,,,,,,,,,,,,,4680.6,3086.1,2925.3,3343.3,6849.7,,,4070.1,4320.5,5106.1,4255.1,5400.7,,,2160.2,4011.9,1859.8,483.3,5616.7,,,3086.1,5106.1,2600.3,2400.3,7590.2,,,2194.0,3120.4,412.3,1681.6,4070.1,,,6105.1,5400.7,7020.9,6240.8,6105.1,,,,,,,,,,,,,,,,,883.1,825.9,455.1,1101.3,3265.5,,,532.8,475.1,519.1,510.6,1501.8,,,942.4,883.1,579.0,707.4,3228.0,,,618.5,769.4,602.6,958.4,2780.5,,,1604.7,1253.7,660.7,1282.3,1276.5,,,5616.7,4680.6,5616.7,5616.7,3695.2,,,,,,,,,,,,,,,,,,,,,,,,,,,,,,,,,,,,,,,,,,,,,,,,,,,,,,,,,,,,,,,,,,,,,,,,,,,,,,,,,,,,,,,,,,,,,,,,,,,,,,,,,,,,,,,,,,,,,,,,,,,,,,,,
20260910_四日市_6R,20260910,48,四日市,6,886.9,3164.2,6690.0,6003.8,7317.2,,,3164.2,1330.4,6504.2,3547.7,6690.0,,,2754.7,1393.7,4502.9,3393.5,6690.0,,,9366.0,6690.0,3716.6,7805.0,8672.2,,,5711.0,4336.1,3080.9,8672.2,9005.8,,,4257.3,8362.5,8362.5,4502.9,9366.0,,,,,,,,,,,,,,,,,2691.3,2318.3,4336.1,4417.9,6504.2,,,297.9,48.4,263.6,103.5,1984.3,,,368.7,64.0,322.5,111.8,1684.5,,,4778.6,1300.8,1561.0,1888.3,7095.5,,,1951.2,243.9,235.0,1109.7,3164.2,,,5853.7,6161.8,4037.0,7317.2,8362.5,,,,,,,,,,,,,,,,,269.1,127.8,788.3,324.7,2573.0,,,121.5,15.0,102.6,35.7,765.2,,,41.6,9.1,25.5,6.5,214.8,,,503.5,129.1,51.8,154.7,1393.7,,,115.9,31.7,12.4,88.8,648.6,,,3207.5,1219.5,616.1,3040.9,2389.3,,,,,,,,,,,,,,,,,648.6,206.1,1031.5,614.5,1773.8,,,216.6,24.4,141.9,52.7,716.0,,,64.0,8.4,30.1,6.3,170.1,,,772.7,270.3,82.7,243.9,1182.5,,,181.0,39.2,14.8,90.4,258.7,,,2573.0,2188.3,569.7,2545.1,1709.1,,,,,,,,,,,,,,,,,7095.5,6328.4,3122.0,9999.9,7317.2,,,6003.8,2787.5,2754.7,3547.7,5445.3,,,3602.3,1582.1,650.4,1238.8,3716.6,,,2413.9,1660.6,722.6,1153.4,4336.1,,,8074.1,3393.5,1829.3,1684.5,6504.2,,,7805.0,9366.0,7317.2,9005.8,9999.9,,,,,,,,,,,,,,,,,5090.2,3207.5,2722.6,7095.5,9005.8,,,1967.6,441.7,418.8,1660.6,3776.6,,,897.1,245.1,111.0,626.0,2208.9,,,1104.4,235.5,117.1,588.3,1377.3,,,5203.3,2926.8,2001.2,1571.4,5445.3,,,9999.9,9756.3,6886.8,5203.3,9756.3,,,,,,,,,,,,,,,,,9999.9,9366.0,7317.2,7805.0,9999.9,,,8362.5,8362.5,6504.2,9999.9,8672.2,,,7095.5,7095.5,2660.8,8074.1,7317.2,,,9999.9,6690.0,3001.9,9999.9,7553.2,,,9999.9,8074.1,9999.9,9999.9,9999.9,,,9999.9,9999.9,9005.8,9999.9,9999.9,,,,,,,,,,,,,,,,,,,,,,,,,,,,,,,,,,,,,,,,,,,,,,,,,,,,,,,,,,,,,,,,,,,,,,,,,,,,,,,,,,,,,,,,,,,,,,,,,,,,,,,,,,,,,,,,,,,,,,,,,,,,,,,,
20260910_四日市_7R,20260910,48,四日市,7,498.5,2338.2,3711.5,5083.1,1243.7,,,444.5,1077.5,1998.5,2338.2,563.4,,,3388.7,2541.5,4975.0,7085.6,3963.1,,,6680.7,3771.3,4771.9,6877.2,5196.1,,,9353.0,5845.6,7794.2,9353.0,9999.9,,,1230.6,935.3,2145.1,2627.2,5567.2,,,,,,,,,,,,,,,,,438.6,1400.1,2165.0,2922.8,689.7,,,136.3,184.6,398.3,574.5,88.3,,,1798.6,892.4,3489.9,4251.3,1313.6,,,3203.0,1784.9,5314.2,4251.3,3340.3,,,6319.6,3963.1,6877.2,5314.2,4676.5,,,554.0,253.3,950.5,1901.0,2627.2,,,,,,,,,,,,,,,,,13.3,27.3,106.9,124.3,21.6,,,5.7,9.0,40.4,57.6,4.0,,,37.2,14.9,130.8,158.2,23.2,,,254.4,101.9,238.1,447.9,166.0,,,313.4,129.1,295.6,567.5,207.1,,,18.8,7.1,17.8,72.2,96.1,,,,,,,,,,,,,,,,,3117.6,2226.9,4411.8,5437.8,3340.3,,,2435.6,954.3,4251.3,4584.8,1682.2,,,942.8,373.5,2087.7,2145.1,630.2,,,4975.0,7085.6,5437.8,5314.2,4175.4,,,9999.9,8993.3,7085.6,9742.7,8350.9,,,3247.5,1916.6,1284.7,5845.6,4676.5,,,,,,,,,,,,,,,,,6153.3,5196.1,4871.3,8993.3,4871.3,,,4771.9,2922.8,7542.7,6877.2,3597.3,,,3388.7,2051.1,5083.1,6319.6,3438.6,,,7794.2,9999.9,6877.2,9353.0,5567.2,,,9999.9,9999.9,9353.0,9999.9,8993.3,,,4031.4,5437.8,5845.6,8660.2,9353.0,,,,,,,,,,,,,,,,,8993.3,8062.9,8350.9,9999.9,9353.0,,,7542.7,5083.1,9999.9,9999.9,6877.2,,,4330.1,4771.9,5083.1,6495.1,5196.1,,,9999.9,9999.9,6680.7,9999.9,8062.9,,,9999.9,9999.9,8993.3,9999.9,9999.9,,,9999.9,7794.2,6680.7,7307.0,9999.9,,,,,,,,,,,,,,,,,962.2,679.7,1612.5,2541.5,3489.9,,,774.2,299.0,1224.2,2627.2,2997.7,,,293.0,163.2,363.0,669.9,1367.4,,,3653.5,2051.1,1192.9,4584.8,4496.6,,,4330.1,3833.2,2959.8,6319.6,5703.0,,,8660.2,7542.7,4330.1,7542.7,6319.6,,,,,,,,,,,,,,,,,,,,,,,,,,,,,,,,,,,,,,,,,,,,,,,,,,,,,,,,,,,,,,,,,,,,,,,,,,,,,,,,,,,,,,,,,,,,,,,,,,,,,,,,,,,,,,,,,,,,,,,,,,,,,,,,
20260910_四日市_8R,20260910,48,四日市,8,333.4,773.4,212.0,1016.7,,,,283.2,386.7,179.1,556.2,,,,922.1,531.2,783.3,745.3,,,,162.1,169.4,431.8,586.0,,,,1108.5,734.6,808.0,818.8,,,,,,,,,,,,,,,,,,,,,,,,,211.1,617.8,119.3,658.9,,,,144.5,346.5,58.5,397.7,,,,1048.0,738.1,335.5,834.4,,,,23.7,17.9,53.0,64.8,,,,1069.9,705.9,838.9,290.5,,,,,,,,,,,,,,,,,,,,,,,,,128.4,166.9,73.5,268.6,,,,114.3,217.3,52.7,318.2,,,,201.6,281.7,171.5,225.6,,,,56.1,39.1,101.1,118.0,,,,337.8,346.5,222.1,214.2,,,,,,,,,,,,,,,,,,,,,,,,,897.8,471.6,717.4,373.5,,,,656.1,664.6,375.3,468.8,,,,374.0,464.5,264.9,188.1,,,,377.6,217.4,272.2,178.7,,,,174.4,177.9,99.9,114.7,,,,,,,,,,,,,,,,,,,,,,,,,48.0,43.0,89.9,148.8,,,,7.2,5.2,16.0,27.2,,,,19.1,12.9,32.9,50.1,,,,84.9,66.6,62.8,73.4,,,,145.3,67.1,73.0,63.1,,,,,,,,,,,,,,,,,,,,,,,,,947.7,635.7,621.5,679.3,,,,661.7,480.5,511.7,302.5,,,,446.3,480.5,251.9,268.6,,,,189.9,188.6,109.5,104.3,,,,333.7,151.0,185.3,149.8,,,,,,,,,,,,,,,,,,,,,,,,,,,,,,,,,,,,,,,,,,,,,,,,,,,,,,,,,,,,,,,,,,,,,,,,,,,,,,,,,,,,,,,,,,,,,,,,,,,,,,,,,,,,,,,,,,,,,,,,,,,,,,,,,,,,,,,,,,,,,,,,,,,,,,,,,,,,,,,,,,,,,,,,,,,,,,,,,,,,,,,,,,,,,,,,
20260910_四日市_9R,20260910,48,四日市,9,43.8,154.1,28.1,290.6,70.9,,,35.8,51.9,19.4,59.7,105.9,,,268.6,101.2,122.0,550.6,526.1,,,10.2,8.2,38.3,123.2,41.7,,,697.2,376.1,1047.8,517.2,1427.0,,,110.9,182.0,496.2,99.9,928.4,,,,,,,,,,,,,,,,,51.6,159.3,44.8,211.8,72.1,,,58.0,77.8,94.9,113.5,109.6,,,195.4,89.7,266.9,993.9,338.9,,,48.7,89.6,225.0,754.6,153.5,,,860.9,666.8,1842.9,2072.0,1438.2,,,77.8,84.5,263.2,185.8,545.7,,,,,,,,,,,,,,,,,59.0,51.1,47.5,64.2,181.2,,,68.6,108.0,135.1,161.7,193.0,,,43.6,77.7,99.7,31.9,202.1,,,78.0,201.7,158.0,234.4,510.0,,,106.5,233.8,88.9,304.1,455.0,,,267.7,283.6,376.1,557.3,407.0,,,,,,,,,,,,,,,,,598.2,162.2,443.4,991.2,1069.2,,,477.5,358.1,1218.4,1852.2,1164.2,,,82.6,195.9,183.4,79.7,375.7,,,452.2,1343.4,600.2,2934.0,2306.6,,,2381.5,3860.5,837.3,4472.5,4763.0,,,1667.0,1833.7,993.9,2696.7,3492.8,,,,,,,,,,,,,,,,,36.3,29.3,104.2,204.3,119.5,,,82.9,148.4,556.5,1206.4,250.1,,,79.2,208.6,223.3,270.4,542.5,,,350.9,970.2,472.6,1971.7,1594.5,,,1210.4,2981.7,1567.3,2778.4,3901.6,,,365.6,488.3,940.3,1010.3,1780.3,,,,,,,,,,,,,,,,,3459.9,1467.0,4075.0,2412.8,5023.9,,,3560.6,2638.5,4264.5,4472.5,5239.3,,,1075.5,1982.4,835.4,2716.6,3780.9,,,4584.3,5239.3,1324.0,4584.3,7052.9,,,2601.0,6323.3,4030.2,5473.9,7803.2,,,5473.9,6791.6,6323.3,8335.2,7052.9,,,,,,,,,,,,,,,,,234.7,406.1,996.6,396.9,1824.6,,,140.8,173.9,533.0,372.3,1111.3,,,447.2,437.6,843.1,1149.6,883.7,,,1833.7,1461.1,1069.2,2250.0,4642.4,,,507.9,773.7,1239.0,2083.8,3742.3,,,4215.5,3595.6,3943.5,5730.4,6323.3,,,,,,,,,,,,,,,,,,,,,,,,,,,,,,,,,,,,,,,,,,,,,,,,,,,,,,,,,,,,,,,,,,,,,,,,,,,,,,,,,,,,,,,,,,,,,,,,,,,,,,,,,,,,,,,,,,,,,,,,,,,,,,,,
20260910_四日市_10R,20260910,48,四日市,10,305.5,230.8,621.2,587.6,289.8,,,477.1,732.2,932.4,928.5,1136.5,,,206.0,429.4,666.6,828.6,538.7,,,1063.4,1086.7,1127.8,1440.7,1445.4,,,1230.4,1329.3,1724.5,1744.7,2674.5,,,365.2,1065.9,728.6,1073.6,1884.5,,,,,,,,,,,,,,,,,60.3,41.5,157.5,117.4,43.4,,,50.1,33.0,44.3,36.1,18.9,,,20.3,29.2,85.7,86.7,17.3,,,207.4,74.8,161.0,277.2,71.7,,,186.7,87.6,211.0,374.0,103.1,,,16.8,8.9,11.2,31.6,40.3,,,,,,,,,,,,,,,,,238.4,328.4,519.9,286.6,824.0,,,104.1,89.6,111.9,77.9,99.1,,,161.7,164.3,386.7,180.0,444.4,,,330.3,126.8,297.7,149.3,348.9,,,139.7,86.6,136.5,151.6,268.0,,,719.2,206.4,511.0,571.1,497.9,,,,,,,,,,,,,,,,,132.8,256.3,502.9,545.3,367.9,,,94.5,147.1,373.1,394.5,112.6,,,388.7,262.1,740.7,631.7,634.4,,,1038.7,994.7,1145.2,2278.8,1704.7,,,1145.2,1105.5,1060.9,2919.2,2414.3,,,484.9,209.1,612.6,1357.5,1503.8,,,,,,,,,,,,,,,,,1172.3,954.3,1357.5,1519.2,1464.4,,,679.8,275.3,628.1,725.0,402.0,,,637.1,264.6,613.5,325.5,713.4,,,1404.5,1247.6,1400.1,2826.8,2278.8,,,1779.4,1815.6,852.3,3145.4,2674.5,,,1474.0,701.1,1305.9,2077.4,2350.7,,,,,,,,,,,,,,,,,577.0,617.7,837.9,1400.1,2375.7,,,226.2,146.4,258.1,719.2,304.8,,,172.5,130.1,164.7,287.9,428.6,,,368.2,511.6,375.6,2030.2,1685.4,,,1440.7,1325.3,735.8,2189.4,2414.3,,,2495.2,796.1,1005.9,2002.9,2690.6,,,,,,,,,,,,,,,,,255.9,632.6,504.6,1050.9,1321.4,,,45.1,29.5,36.4,74.7,84.7,,,494.6,150.0,380.7,580.0,435.3,,,355.6,151.0,383.3,930.5,1043.5,,,1100.1,418.6,727.4,1365.8,1589.4,,,1925.2,553.4,789.1,2255.7,2106.8,,,,,,,,,,,,,,,,,,,,,,,,,,,,,,,,,,,,,,,,,,,,,,,,,,,,,,,,,,,,,,,,,,,,,,,,,,,,,,,,,,,,,,,,,,,,,,,,,,,,,,,,,,,,,,,,,,,,,,,,,,,,,,,,
20260910_四日市_11R,20260910,48,四日市,11,280.0,942.3,519.2,679.2,364.9,,,173.8,148.2,83.3,90.2,165.3,,,1302.8,461.0,1001.6,442.4,1204.3,,,605.1,211.0,722.9,401.4,725.1,,,485.5,150.1,127.7,443.2,342.9,,,334.0,214.0,687.7,569.5,275.5,,,,,,,,,,,,,,,,,215.2,645.4,391.9,549.8,317.9,,,94.8,262.7,55.4,224.8,66.1,,,1452.3,766.7,1613.7,1414.8,1013.9,,,378.3,140.1,1007.7,745.9,283.4,,,894.5,576.8,985.6,1107.1,578.8,,,182.2,92.7,449.7,209.5,285.1,,,,,,,,,,,,,,,,,38.1,53.9,19.7,31.7,61.5,,,30.1,93.1,12.3,83.1,20.7,,,166.7,181.5,96.8,200.1,174.1,,,10.3,8.3,40.0,29.5,12.1,,,99.1,189.7,144.2,102.3,180.9,,,60.0,38.9,91.1,26.4,111.3,,,,,,,,,,,,,,,,,2669.1,1272.6,1863.3,987.5,2468.9,,,2805.6,1510.0,3336.4,2774.1,2254.7,,,1109.6,1292.6,716.6,1330.9,1210.2,,,2119.3,4080.9,1117.1,3405.5,3982.2,,,854.3,2286.1,1097.3,2728.1,2101.2,,,2992.7,2870.9,1572.6,3336.4,2612.6,,,,,,,,,,,,,,,,,467.1,201.5,663.7,370.7,635.5,,,409.7,152.1,972.0,846.9,290.1,,,50.5,62.7,138.7,124.5,79.6,,,1645.9,2397.0,625.0,2032.0,1991.1,,,1112.1,1815.4,586.4,1624.3,1443.8,,,652.3,505.9,270.4,1491.8,1127.3,,,,,,,,,,,,,,,,,995.5,404.0,343.8,899.4,825.7,,,1478.4,970.1,1406.8,1951.7,897.8,,,488.4,792.6,678.2,633.0,886.5,,,576.1,1465.2,701.4,1696.9,1418.9,,,1275.9,2165.7,897.8,1702.7,2728.1,,,1505.4,1159.1,1164.6,1822.1,2821.7,,,,,,,,,,,,,,,,,246.7,159.2,495.7,528.6,221.7,,,195.1,110.6,515.9,257.9,285.4,,,126.0,107.8,299.8,126.8,271.9,,,1582.6,1225.3,891.3,2156.3,1439.6,,,715.6,469.8,288.2,1465.2,1282.5,,,512.2,654.0,592.0,966.3,1538.3,,,,,,,,,,,,,,,,,,,,,,,,,,,,,,,,,,,,,,,,,,,,,,,,,,,,,,,,,,,,,,,,,,,,,,,,,,,,,,,,,,,,,,,,,,,,,,,,,,,,,,,,,,,,,,,,,,,,,,,,,,,,,,,,
20260910_四日市_12R,20260910,48,四日市,12,87.2,14.3,41.9,128.9,32.2,,,290.5,195.9,680.1,364.8,576.8,,,5.9,44.2,38.2,52.2,43.0,,,129.6,467.6,139.4,513.5,306.8,,,466.5,435.1,300.6,933.8,950.6,,,149.6,495.6,177.2,357.9,644.6,,,,,,,,,,,,,,,,,123.2,21.0,43.7,161.5,35.5,,,243.0,219.4,327.4,373.5,185.2,,,29.3,126.2,83.1,223.1,45.2,,,49.4,183.2,66.4,172.4,26.5,,,472.6,385.9,477.6,518.6,313.9,,,43.2,75.8,40.3,38.2,120.4,,,,,,,,,,,,,,,,,614.0,497.7,1127.9,852.9,1481.8,,,673.8,778.6,1093.9,1166.4,790.3,,,526.6,821.6,2208.6,1141.2,1262.7,,,1532.6,1544.8,2581.6,2143.4,2889.9,,,659.3,587.9,779.6,1366.7,1363.5,,,2430.4,1849.9,2351.7,3478.2,3009.6,,,,,,,,,,,,,,,,,7.3,50.9,42.5,61.9,55.6,,,23.9,141.2,105.1,241.9,79.7,,,220.5,383.9,1079.6,699.0,630.0,,,140.6,189.2,762.2,781.7,452.0,,,261.8,552.6,540.3,1409.8,1195.2,,,220.7,264.0,756.3,596.9,1013.7,,,,,,,,,,,,,,,,,300.8,994.6,329.4,1081.6,803.4,,,241.1,689.0,307.1,869.5,221.9,,,1718.5,1760.2,2628.3,2430.4,2819.7,,,353.7,448.5,1489.4,1512.6,1317.1,,,1969.0,2390.4,2430.4,3009.6,3263.3,,,1136.7,681.7,1826.6,1683.6,2727.0,,,,,,,,,,,,,,,,,939.9,953.8,633.4,1578.4,2430.4,,,1079.6,876.1,1039.1,1718.5,1117.0,,,592.7,541.8,543.8,1202.6,1145.7,,,646.8,1035.4,955.3,2536.5,2234.1,,,2003.0,3009.6,2536.5,3025.3,3499.2,,,3699.8,2450.9,2819.7,3156.9,4033.8,,,,,,,,,,,,,,,,,332.8,864.3,429.0,1077.6,1039.1,,,300.0,507.3,341.4,452.3,631.3,,,2714.3,2074.5,2933.6,3437.1,3723.5,,,650.4,643.9,2208.6,1975.7,3396.9,,,1383.0,734.3,1955.7,2074.5,3396.9,,,4538.0,2547.6,3009.6,4178.9,4334.8,,,,,,,,,,,,,,,,,,,,,,,,,,,,,,,,,,,,,,,,,,,,,,,,,,,,,,,,,,,,,,,,,,,,,,,,,,,,,,,,,,,,,,,,,,,,,,,,,,,,,,,,,,,,,,,,,,,,,,,,,,,,,,,,
20260910_高知_1R,20260910,74,高知,1,586.2,390.8,686.6,1373.2,319.5,,,345.6,36.4,211.9,217.4,116.7,,,104.2,7.0,78.3,156.3,22.0,,,554.2,360.3,264.6,739.9,316.8,,,2674.1,1209.7,846.8,1411.3,1451.6,,,63.9,72.4,48.2,128.6,341.0,,,,,,,,,,,,,,,,,1836.4,1129.0,2419.4,5256.1,846.8,,,2177.5,1621.5,2988.7,6351.1,2209.0,,,1302.8,1587.7,2875.9,3908.4,1129.0,,,2275.0,2309.5,2674.1,4619.0,1325.4,,,9526.7,7621.3,6928.5,8468.2,5256.1,,,617.1,1104.5,627.2,581.7,2721.9,,,,,,,,,,,,,,,,,455.0,46.9,260.5,203.5,182.5,,,1219.4,989.7,1479.8,1929.4,1200.2,,,18.1,290.8,108.9,140.7,95.0,,,637.7,1424.5,548.3,1424.5,977.1,,,1023.0,2875.9,758.3,1639.0,2419.4,,,240.8,769.8,169.7,600.1,1200.2,,,,,,,,,,,,,,,,,88.7,3.6,52.5,82.7,21.7,,,375.4,514.9,1348.9,2146.8,520.2,,,5.7,153.5,59.3,88.7,44.4,,,226.1,1190.8,281.7,702.4,523.8,,,708.9,3544.8,645.8,1016.1,1814.6,,,55.8,220.2,75.3,286.5,637.7,,,,,,,,,,,,,,,,,1656.8,802.2,504.7,1675.0,793.8,,,2540.4,2146.8,2241.5,5256.1,1058.5,,,1029.9,2117.0,815.1,2540.4,1424.5,,,640.4,2209.0,729.3,1073.4,1291.7,,,4119.6,6928.5,3313.6,1302.8,3387.2,,,1009.4,1373.2,1348.9,1348.9,2931.3,,,,,,,,,,,,,,,,,9526.7,2674.1,2088.0,6627.2,4483.1,,,8022.5,8022.5,9999.9,9526.7,9999.9,,,2628.0,6928.5,1752.0,5645.4,6627.2,,,2583.5,8022.5,1881.8,1398.4,6928.5,,,7258.4,9526.7,6097.1,1373.2,5256.1,,,5080.9,6928.5,6928.5,5645.4,5443.8,,,,,,,,,,,,,,,,,95.7,112.5,59.7,191.4,573.0,,,166.7,206.2,140.2,242.3,1280.9,,,202.1,459.1,127.3,499.7,1081.0,,,65.1,184.7,81.9,322.2,964.7,,,570.8,648.6,705.6,671.4,2032.3,,,2822.7,4619.0,3110.7,3048.5,2674.1,,,,,,,,,,,,,,,,,,,,,,,,,,,,,,,,,,,,,,,,,,,,,,,,,,,,,,,,,,,,,,,,,,,,,,,,,,,,,,,,,,,,,,,,,,,,,,,,,,,,,,,,,,,,,,,,,,,,,,,,,,,,,,,,
20260910_高知_2R,20260910,74,高知,2,207.4,191.1,236.3,778.7,105.9,,,150.0,165.9,29.1,152.1,36.1,,,241.7,256.9,322.9,857.6,153.6,,,111.1,29.0,163.1,196.7,24.7,,,1336.1,368.9,1175.2,480.7,385.8,,,36.3,13.1,40.7,13.7,116.4,,,,,,,,,,,,,,,,,454.9,322.9,509.7,1547.9,291.1,,,637.8,746.6,518.0,1123.2,869.3,,,240.8,394.1,518.0,869.3,386.9,,,559.1,409.4,571.7,2047.2,697.4,,,3254.6,2820.6,3254.6,4231.0,3846.3,,,343.0,913.1,610.2,773.9,2307.8,,,,,,,,,,,,,,,,,196.1,253.8,37.2,130.1,63.4,,,475.3,637.8,235.9,590.3,576.9,,,522.3,713.0,277.7,869.3,803.3,,,19.9,91.9,117.3,34.7,38.2,,,150.9,509.7,619.1,84.7,198.9,,,77.0,324.6,433.2,65.9,199.5,,,,,,,,,,,,,,,,,637.8,798.3,906.6,1458.9,522.3,,,537.8,851.8,835.0,1529.2,900.2,,,1031.9,1894.4,1256.7,1894.4,1715.2,,,1220.4,1670.1,1232.3,2700.6,1364.8,,,4533.2,5077.2,4094.5,4701.1,5288.7,,,705.1,1547.9,1282.1,1511.0,2759.3,,,,,,,,,,,,,,,,,141.1,27.9,145.7,166.1,35.4,,,339.3,308.8,308.8,1066.6,484.4,,,18.1,106.1,100.1,21.9,29.7,,,329.6,634.6,351.6,1269.3,569.1,,,414.8,1648.4,195.2,1586.6,755.5,,,42.9,299.3,62.5,340.2,446.9,,,,,,,,,,,,,,,,,3846.3,1015.4,2820.6,1308.5,947.2,,,5518.6,4376.8,5518.6,6346.5,5288.7,,,968.9,2644.3,1983.2,404.2,1143.5,,,6346.5,5518.6,4376.8,5518.6,2700.6,,,1282.1,2440.9,459.8,3430.5,1787.7,,,1787.7,4533.2,2538.6,5518.6,2394.9,,,,,,,,,,,,,,,,,67.0,23.1,47.0,23.4,97.1,,,273.5,551.8,526.6,622.2,1586.6,,,87.2,513.8,547.1,113.4,395.4,,,293.8,919.7,900.2,968.9,1923.1,,,50.3,342.1,78.8,439.2,616.1,,,881.4,2700.6,1040.4,2644.3,1350.3,,,,,,,,,,,,,,,,,,,,,,,,,,,,,,,,,,,,,,,,,,,,,,,,,,,,,,,,,,,,,,,,,,,,,,,,,,,,,,,,,,,,,,,,,,,,,,,,,,,,,,,,,,,,,,,,,,,,,,,,,,,,,,,,
20260910_高知_3R,20260910,74,高知,3,173.3,258.7,249.2,440.8,162.6,,,79.1,65.0,23.7,131.4,45.2,,,116.1,111.9,134.9,400.5,24.6,,,185.2,57.9,250.6,185.8,105.9,,,645.0,486.0,899.8,430.0,682.7,,,22.3,10.9,2.7,12.6,59.2,,,,,,,,,,,,,,,,,786.8,1096.6,1089.8,2221.0,425.8,,,938.2,2064.2,756.2,1720.2,847.6,,,1827.7,2876.4,3190.2,3509.2,1426.5,,,1671.0,1218.4,2876.4,1462.1,1486.9,,,3987.7,3133.2,3814.3,2542.9,3899.1,,,513.0,1146.8,964.0,1244.4,2785.0,,,,,,,,,,,,,,,,,194.7,164.1,86.6,227.5,106.2,,,562.3,1392.5,569.6,1415.0,649.8,,,414.8,797.5,688.0,1360.1,484.6,,,161.8,254.2,292.9,119.7,209.8,,,835.5,1110.5,2371.0,343.3,1381.5,,,136.8,551.7,240.3,342.6,1020.1,,,,,,,,,,,,,,,,,382.2,396.0,508.5,1110.5,84.2,,,890.6,1415.0,1703.5,2249.5,881.7,,,731.0,1438.2,1069.8,2741.5,980.2,,,1671.0,2221.0,1271.4,2249.5,2088.8,,,3580.8,3440.4,3249.2,3580.8,3814.3,,,74.2,433.2,413.8,642.7,1438.2,,,,,,,,,,,,,,,,,1193.6,533.3,1703.5,1177.5,611.3,,,1703.5,1044.4,2278.7,1370.7,1595.1,,,347.4,400.5,707.5,234.5,338.7,,,3733.2,3580.8,1808.8,3509.2,3078.2,,,1737.2,1154.3,446.4,2308.6,1486.9,,,756.2,1210.0,872.9,1474.4,2221.0,,,,,,,,,,,,,,,,,3580.8,2658.5,3987.7,2308.6,2403.5,,,4617.3,2973.9,4873.9,2436.9,5160.6,,,2221.0,2403.5,2113.9,808.5,3078.2,,,6266.4,5160.6,5483.1,5483.1,5660.0,,,2580.3,1671.0,615.6,3025.1,2830.0,,,2785.0,6266.4,4873.9,3899.1,4499.0,,,,,,,,,,,,,,,,,43.6,35.1,8.1,48.7,182.7,,,270.3,743.4,567.8,819.9,2088.8,,,144.5,494.2,292.9,406.1,1370.7,,,35.8,217.4,243.6,281.6,928.3,,,336.1,860.1,567.8,734.1,1720.2,,,1026.0,3733.2,4386.5,3078.2,2785.0,,,,,,,,,,,,,,,,,,,,,,,,,,,,,,,,,,,,,,,,,,,,,,,,,,,,,,,,,,,,,,,,,,,,,,,,,,,,,,,,,,,,,,,,,,,,,,,,,,,,,,,,,,,,,,,,,,,,,,,,,,,,,,,,
20260910_高知_4R,20260910,74,高知,4,82.8,74.7,104.4,470.3,28.6,,,72.1,123.2,156.6,440.6,19.8,,,68.3,117.9,190.0,653.4,41.3,,,289.8,380.9,481.9,823.0,193.0,,,1762.4,1615.5,1762.4,1407.1,765.2,,,6.7,4.2,11.4,33.8,116.1,,,,,,,,,,,,,,,,,254.7,200.3,266.7,974.7,156.9,,,739.3,1331.9,1504.1,3793.0,969.3,,,147.7,601.6,90.6,514.6,122.4,,,306.6,804.0,236.4,540.1,450.8,,,2684.3,6462.3,2052.7,1982.7,2769.5,,,186.2,533.5,154.8,350.3,1125.6,,,,,,,,,,,,,,,,,568.3,943.1,627.6,2326.4,236.7,,,1133.0,2769.5,1504.1,4985.2,1342.1,,,2154.1,3877.3,6231.5,7270.0,2860.3,,,1026.3,4591.6,4715.7,5628.4,3008.3,,,6462.3,9999.9,9999.9,7270.0,9999.9,,,332.9,1211.6,1163.2,2077.1,4057.7,,,,,,,,,,,,,,,,,154.9,271.3,365.7,899.3,98.5,,,150.6,540.1,174.4,573.9,75.7,,,1104.3,1395.8,2684.3,4473.9,1321.8,,,723.9,527.1,1982.7,1311.8,495.6,,,2528.7,2565.9,3965.5,3061.0,1780.4,,,84.2,27.2,220.5,180.9,527.1,,,,,,,,,,,,,,,,,636.7,1430.1,1063.9,1876.1,697.9,,,768.6,2423.3,712.1,1211.6,1140.4,,,2604.2,4362.0,5816.0,5816.0,3061.0,,,1163.2,908.7,3560.8,2236.9,804.0,,,636.7,2604.2,692.3,3292.1,591.4,,,793.1,1384.7,2052.7,742.4,2208.6,,,,,,,,,,,,,,,,,7270.0,4985.2,5628.4,4255.6,2726.2,,,7270.0,8308.6,3793.0,1876.1,6462.3,,,5628.4,9999.9,8724.1,9693.4,9999.9,,,9999.9,5816.0,9999.9,6710.8,4591.6,,,4154.3,4473.9,9693.4,4985.2,4057.7,,,2814.2,5452.5,8724.1,4362.0,4255.6,,,,,,,,,,,,,,,,,17.5,15.0,20.8,63.9,221.9,,,102.6,297.2,64.4,176.6,665.9,,,171.0,514.6,536.8,768.6,1677.7,,,55.7,18.6,166.8,147.9,450.8,,,439.5,508.6,1063.9,401.1,980.2,,,1147.9,1780.4,2643.6,1571.9,1246.3,,,,,,,,,,,,,,,,,,,,,,,,,,,,,,,,,,,,,,,,,,,,,,,,,,,,,,,,,,,,,,,,,,,,,,,,,,,,,,,,,,,,,,,,,,,,,,,,,,,,,,,,,,,,,,,,,,,,,,,,,,,,,,,,
20260910_高知_5R,20260910,74,高知,5,377.4,708.1,178.2,450.5,417.6,,,264.0,44.7,31.1,385.6,60.3,,,626.4,98.3,86.9,756.2,198.8,,,55.0,9.9,22.3,96.6,10.3,,,1003.5,1150.7,1203.0,525.4,1022.9,,,340.4,122.6,193.9,47.5,572.2,,,,,,,,,,,,,,,,,878.5,1779.3,364.4,843.5,860.7,,,1196.2,1138.3,1238.2,1470.4,1357.3,,,2182.9,1749.9,2075.8,1402.2,1735.5,,,426.0,1032.8,1450.2,853.7,756.2,,,912.6,1053.4,1102.8,769.9,703.4,,,1393.0,1680.4,1764.5,1323.3,1238.2,,,,,,,,,,,,,,,,,372.1,81.5,45.9,589.8,113.6,,,924.6,767.1,928.6,1348.6,971.2,,,61.6,284.2,48.0,251.7,55.2,,,42.2,403.3,73.7,446.7,88.8,,,962.4,2096.4,753.5,1512.4,966.8,,,174.5,735.2,137.2,194.2,1003.5,,,,,,,,,,,,,,,,,1275.5,290.0,235.2,1764.5,491.2,,,1924.9,1267.9,1735.5,1779.3,1592.0,,,119.4,400.2,107.8,458.3,101.0,,,182.2,1085.8,189.9,1189.5,368.2,,,3024.8,1997.5,2035.9,2520.7,2433.8,,,454.3,953.7,255.7,352.9,1252.9,,,,,,,,,,,,,,,,,47.1,7.5,18.8,78.0,9.3,,,148.1,641.6,712.9,541.5,498.2,,,32.0,341.5,72.2,502.9,86.9,,,69.4,549.9,97.4,674.3,187.0,,,418.4,1008.2,1176.3,1238.2,850.3,,,31.0,363.1,103.3,145.6,489.0,,,,,,,,,,,,,,,,,2035.9,2940.8,3921.1,1470.4,2749.8,,,1357.3,1176.3,1245.5,1003.5,1048.2,,,3113.8,2786.0,2491.0,2786.0,3113.8,,,4321.2,2075.8,3068.7,3650.7,3024.8,,,1323.3,2055.7,1978.8,2900.5,2406.1,,,3257.5,1491.1,3360.9,3113.8,3024.8,,,,,,,,,,,,,,,,,584.9,184.7,229.4,105.9,748.2,,,1008.2,962.4,1085.8,928.6,1032.8,,,190.0,840.2,170.0,244.2,1022.9,,,294.0,740.3,200.8,272.8,958.1,,,82.2,501.7,157.7,183.4,573.8,,,1523.3,1157.0,1523.3,1545.5,1223.9,,,,,,,,,,,,,,,,,,,,,,,,,,,,,,,,,,,,,,,,,,,,,,,,,,,,,,,,,,,,,,,,,,,,,,,,,,,,,,,,,,,,,,,,,,,,,,,,,,,,,,,,,,,,,,,,,,,,,,,,,,,,,,,,
20260910_高知_6R,20260910,74,高知,6,343.8,83.0,601.7,741.7,509.5,,,265.5,147.6,173.6,2134.3,176.6,,,16.1,54.8,147.7,390.7,93.1,,,609.8,392.7,376.4,2600.4,646.4,,,1571.1,3376.7,1285.4,3186.4,2900.5,,,322.7,146.5,164.4,323.6,1885.3,,,,,,,,,,,,,,,,,190.4,82.6,416.6,317.3,476.2,,,374.5,156.6,238.1,799.4,485.4,,,28.4,55.4,106.4,103.9,153.2,,,772.1,537.3,407.6,1450.2,1047.4,,,1001.0,1087.6,532.3,897.7,1885.3,,,713.6,603.3,372.7,633.7,1767.5,,,,,,,,,,,,,,,,,377.0,205.3,190.9,1469.0,219.0,,,475.2,171.5,140.6,919.6,215.8,,,135.6,109.9,93.1,611.4,115.3,,,121.9,80.0,54.0,527.3,32.8,,,2693.3,1753.8,1663.5,863.5,1869.7,,,123.0,93.9,53.4,23.8,542.5,,,,,,,,,,,,,,,,,7.4,28.1,84.1,130.5,48.5,,,7.8,20.3,53.5,58.1,53.9,,,57.6,54.7,117.9,410.6,111.2,,,189.3,133.0,217.3,934.8,466.4,,,468.4,369.6,744.2,1067.1,1172.2,,,108.6,81.2,110.0,341.2,675.3,,,,,,,,,,,,,,,,,764.3,488.6,657.6,2075.6,562.7,,,880.3,346.9,368.4,1688.3,698.2,,,180.8,141.5,73.1,702.6,66.1,,,487.5,219.6,202.7,1354.7,330.2,,,4189.6,2976.8,2218.0,3232.0,3708.8,,,435.0,430.1,141.7,271.2,1414.0,,,,,,,,,,,,,,,,,2793.1,6654.1,2154.6,5801.0,4918.2,,,2693.3,3376.7,1338.7,4436.1,4713.3,,,6464.0,4040.0,3057.3,4113.4,5518.0,,,1740.3,1256.8,3232.0,3708.8,3969.1,,,6114.6,5386.6,4436.1,5027.5,6654.1,,,4113.4,5656.0,5386.6,4524.8,6464.0,,,,,,,,,,,,,,,,,397.6,150.9,214.0,244.0,1488.4,,,608.1,236.4,281.7,606.5,1539.0,,,111.1,108.3,85.2,34.8,927.2,,,194.3,133.1,152.4,428.4,1166.1,,,577.1,635.5,130.0,518.9,1869.7,,,4040.0,3708.8,3232.0,3278.8,3535.0,,,,,,,,,,,,,,,,,,,,,,,,,,,,,,,,,,,,,,,,,,,,,,,,,,,,,,,,,,,,,,,,,,,,,,,,,,,,,,,,,,,,,,,,,,,,,,,,,,,,,,,,,,,,,,,,,,,,,,,,,,,,,,,,
20260910_高知_7R,20260910,74,高知,7,472.6,607.0,972.5,1876.2,367.0,,,154.5,82.9,103.0,439.1,42.3,,,216.9,73.4,124.1,199.7,20.5,,,379.0,95.8,141.3,530.7,56.1,,,1099.1,633.9,412.7,897.3,222.7,,,45.6,7.4,3.4,18.1,54.4,,,,,,,,,,,,,,,,,1839.1,2476.6,2995.9,4762.8,1308.1,,,1263.6,2110.8,804.1,2019.0,1336.3,,,4127.8,4422.6,6633.9,8443.2,4643.7,,,3258.7,1037.7,5159.7,4530.5,2692.0,,,5307.1,3572.1,9776.3,5991.9,6879.6,,,1289.9,1547.9,3377.2,2265.2,4127.8,,,,,,,,,,,,,,,,,229.3,253.7,216.7,755.0,117.2,,,327.6,442.2,228.7,804.1,247.0,,,687.9,852.0,1168.2,3148.3,656.3,,,145.3,129.6,475.0,475.0,174.7,,,1601.3,1735.9,2902.3,1601.3,1735.9,,,129.0,160.5,277.6,219.5,719.9,,,,,,,,,,,,,,,,,722.7,432.9,663.3,1183.1,113.0,,,2265.2,2772.4,5804.7,8443.2,2772.4,,,800.6,2265.2,1997.3,5020.2,938.1,,,1214.0,3572.1,1857.5,3790.8,1238.3,,,2579.8,6879.6,4643.7,5463.2,2381.4,,,168.7,1497.9,647.2,933.4,1735.9,,,,,,,,,,,,,,,,,355.1,168.5,214.4,829.2,103.0,,,1308.1,488.8,1246.6,2476.6,1263.6,,,133.8,187.6,338.3,571.5,187.4,,,734.1,2510.1,814.6,2814.4,863.9,,,1308.1,3504.7,1396.6,3316.9,1168.2,,,134.6,675.4,185.1,365.6,703.6,,,,,,,,,,,,,,,,,2159.8,962.4,597.2,1451.1,320.2,,,4762.8,2476.6,5020.2,5159.7,5020.2,,,1272.2,1346.0,2110.8,1289.9,1428.8,,,2019.0,4530.5,3572.1,5159.7,2692.0,,,2087.0,4530.5,1139.5,3202.6,1238.3,,,299.1,2444.0,938.1,1439.9,1132.6,,,,,,,,,,,,,,,,,63.1,13.6,8.0,24.5,79.6,,,323.6,335.8,821.9,855.9,1355.8,,,58.0,91.9,164.6,94.6,366.3,,,82.1,680.4,285.3,349.8,734.1,,,74.6,419.3,109.0,246.6,469.0,,,323.0,1629.3,745.9,867.9,764.4,,,,,,,,,,,,,,,,,,,,,,,,,,,,,,,,,,,,,,,,,,,,,,,,,,,,,,,,,,,,,,,,,,,,,,,,,,,,,,,,,,,,,,,,,,,,,,,,,,,,,,,,,,,,,,,,,,,,,,,,,,,,,,,,
20260910_高知_8R,20260910,74,高知,8,732.9,775.8,178.4,594.7,180.0,,,1203.8,886.7,898.7,1141.5,533.9,,,1115.8,794.5,804.1,1408.7,411.2,,,156.6,476.3,502.8,395.6,128.6,,,841.6,1135.0,1439.3,682.5,286.6,,,73.7,149.3,125.2,54.9,82.5,,,,,,,,,,,,,,,,,561.1,495.3,90.2,313.7,131.5,,,911.1,613.0,281.3,911.1,758.1,,,696.9,414.6,212.8,936.9,505.4,,,31.3,73.5,63.5,34.6,18.8,,,536.8,1148.1,1161.5,205.6,682.5,,,85.6,398.8,222.6,49.2,333.8,,,,,,,,,,,,,,,,,2113.0,1360.4,1154.8,1757.7,1103.5,,,2135.8,1148.1,800.9,1757.7,1389.0,,,735.6,820.7,550.2,567.5,638.6,,,911.1,613.0,782.0,1122.2,936.9,,,1856.3,2090.8,941.3,1135.0,894.7,,,1135.0,1742.3,800.9,859.8,1211.1,,,,,,,,,,,,,,,,,988.2,743.9,732.9,1324.2,410.3,,,890.7,589.4,330.4,1045.4,605.5,,,363.1,414.6,284.5,307.9,319.8,,,457.6,230.6,318.3,504.1,318.3,,,1947.3,2006.3,841.6,1241.4,2026.8,,,293.3,671.0,429.9,476.3,1109.6,,,,,,,,,,,,,,,,,48.8,196.4,219.4,138.7,67.8,,,16.0,45.7,33.5,29.4,10.4,,,402.0,131.0,390.2,505.4,321.4,,,275.4,88.6,232.5,313.7,175.3,,,199.4,77.2,328.8,417.2,190.6,,,33.1,17.4,143.0,95.3,74.0,,,,,,,,,,,,,,,,,1589.0,1324.2,2579.6,845.2,778.9,,,1655.2,1449.8,1805.7,412.0,945.8,,,2026.8,2613.5,1168.4,1175.3,831.0,,,3009.5,2422.3,1408.7,1856.3,2720.9,,,486.8,278.9,584.2,915.3,455.5,,,741.1,1168.4,1182.3,1683.3,565.8,,,,,,,,,,,,,,,,,27.0,61.5,44.4,20.8,29.0,,,52.1,274.7,196.0,40.9,224.4,,,273.2,580.7,384.9,448.3,547.1,,,125.7,341.8,214.5,244.3,539.7,,,33.1,21.9,132.8,91.2,76.5,,,192.6,476.3,732.9,814.0,316.7,,,,,,,,,,,,,,,,,,,,,,,,,,,,,,,,,,,,,,,,,,,,,,,,,,,,,,,,,,,,,,,,,,,,,,,,,,,,,,,,,,,,,,,,,,,,,,,,,,,,,,,,,,,,,,,,,,,,,,,,,,,,,,,,
20260910_高知_9R,20260910,74,高知,9,351.3,171.9,486.0,702.7,620.1,,,468.9,244.8,1233.6,961.8,467.0,,,90.8,111.1,245.6,65.0,144.0,,,734.5,1384.0,623.5,2203.7,1289.7,,,970.0,1060.6,270.2,2182.5,1565.4,,,863.0,679.6,385.3,1107.2,1621.3,,,,,,,,,,,,,,,,,107.9,47.8,106.7,385.3,175.9,,,64.4,46.8,44.1,311.7,49.9,,,16.3,37.0,27.4,79.5,74.7,,,26.4,15.5,12.7,120.9,35.6,,,455.7,843.8,270.8,549.6,999.9,,,183.3,119.7,162.0,150.2,464.1,,,,,,,,,,,,,,,,,278.8,152.0,571.7,859.8,240.7,,,147.3,107.6,99.9,435.6,97.7,,,69.1,149.7,310.0,389.3,134.4,,,497.7,168.0,391.3,1335.2,312.6,,,1289.7,1455.0,918.9,2340.0,1392.5,,,80.3,76.4,67.3,154.3,355.2,,,,,,,,,,,,,,,,,24.8,31.6,92.8,16.7,42.9,,,37.8,119.2,97.5,148.9,201.2,,,54.6,178.3,501.0,260.3,196.0,,,228.1,223.1,585.0,621.8,585.0,,,28.5,136.6,176.3,665.6,318.3,,,112.7,476.8,342.3,876.3,526.6,,,,,,,,,,,,,,,,,357.4,718.3,492.3,1335.2,922.7,,,83.0,50.2,48.5,288.7,107.3,,,588.0,165.8,447.7,1392.5,420.3,,,264.2,188.8,416.4,790.8,568.8,,,2063.5,863.0,2873.2,1473.9,2440.7,,,810.6,386.0,561.8,834.5,1956.7,,,,,,,,,,,,,,,,,1656.8,1656.8,377.6,3109.4,2161.7,,,1213.8,1845.4,774.7,1891.5,2141.3,,,1746.0,2550.4,1275.2,4365.1,2522.0,,,108.6,349.7,505.5,1464.4,1027.0,,,3242.6,2292.8,4203.4,2141.3,4282.7,,,2522.0,2702.2,3109.4,2292.8,4053.3,,,,,,,,,,,,,,,,,764.2,423.4,316.5,1261.0,1220.3,,,498.8,246.1,470.9,450.3,1075.7,,,134.8,144.5,125.5,270.5,641.2,,,171.9,591.1,311.7,1164.0,796.4,,,1152.2,621.8,561.8,1031.7,2340.0,,,1746.0,2008.7,1773.3,1644.8,2639.3,,,,,,,,,,,,,,,,,,,,,,,,,,,,,,,,,,,,,,,,,,,,,,,,,,,,,,,,,,,,,,,,,,,,,,,,,,,,,,,,,,,,,,,,,,,,,,,,,,,,,,,,,,,,,,,,,,,,,,,,,,,,,,,,
20260910_高知_10R,20260910,74,高知,10,92.3,214.5,103.7,368.4,62.0,,,50.9,32.7,16.9,50.4,20.7,,,288.2,101.5,204.6,503.6,194.9,,,26.7,9.4,58.4,114.2,19.7,,,1051.9,421.4,1230.6,778.7,1082.5,,,43.9,31.7,145.5,46.6,337.9,,,,,,,,,,,,,,,,,358.3,758.4,352.0,1402.6,162.4,,,357.8,509.5,529.2,677.6,174.9,,,1073.6,792.9,1640.8,2054.2,622.6,,,584.9,783.4,1739.3,2268.6,367.4,,,3781.0,2121.1,3302.4,3674.5,1304.4,,,104.5,83.2,233.3,161.9,426.3,,,,,,,,,,,,,,,,,109.0,65.2,35.1,54.4,44.4,,,189.4,275.2,259.0,239.5,132.4,,,69.3,125.3,93.3,52.1,78.6,,,67.1,198.8,158.0,105.1,94.3,,,122.6,184.2,110.6,106.4,114.4,,,50.8,55.1,95.3,80.7,60.8,,,,,,,,,,,,,,,,,506.5,252.8,443.7,705.1,390.5,,,703.2,564.7,945.2,988.2,577.2,,,156.7,241.5,251.8,199.0,191.2,,,812.7,2174.1,815.2,2931.4,1425.6,,,2866.9,3105.9,1060.5,3573.9,3105.9,,,557.4,692.0,437.0,1007.3,1590.8,,,,,,,,,,,,,,,,,87.3,39.7,170.7,402.6,70.4,,,495.9,701.3,1571.6,2138.4,464.2,,,112.9,478.7,399.5,359.8,264.3,,,549.2,1850.3,624.1,2532.9,1344.8,,,2121.1,3781.0,1946.9,5115.6,3069.3,,,253.5,378.6,344.6,921.8,1694.1,,,,,,,,,,,,,,,,,4831.4,1351.7,4013.7,3344.8,3344.8,,,5115.6,2438.2,4348.2,5797.6,3302.4,,,844.3,1850.3,817.8,1620.4,973.4,,,4348.2,2635.3,1149.3,5217.9,4207.9,,,4922.5,6067.3,3432.8,6522.3,4922.5,,,3893.9,2775.4,1562.2,4577.1,4207.9,,,,,,,,,,,,,,,,,75.3,78.5,306.2,127.2,708.9,,,66.7,44.8,191.8,119.1,383.1,,,67.4,48.4,131.8,122.3,148.3,,,457.7,512.5,291.8,745.4,1402.6,,,217.9,235.0,228.0,767.3,1266.4,,,1449.4,925.1,875.4,2805.3,2249.1,,,,,,,,,,,,,,,,,,,,,,,,,,,,,,,,,,,,,,,,,,,,,,,,,,,,,,,,,,,,,,,,,,,,,,,,,,,,,,,,,,,,,,,,,,,,,,,,,,,,,,,,,,,,,,,,,,,,,,,,,,,,,,,,
20260910_高知_11R,20260910,74,高知,11,111.6,83.3,55.5,186.7,251.1,,,164.6,100.0,170.3,294.6,508.4,,,74.1,45.3,59.7,70.9,271.5,,,18.9,39.4,16.7,47.2,18.3,,,182.9,229.1,95.6,108.6,435.1,,,395.8,739.0,537.2,133.0,740.6,,,,,,,,,,,,,,,,,216.7,129.6,76.8,244.4,295.1,,,303.0,126.0,248.9,265.3,420.0,,,149.8,57.2,110.1,117.4,179.3,,,53.7,105.1,85.7,201.5,50.9,,,364.1,320.5,178.9,377.8,710.5,,,402.6,437.8,407.3,149.8,860.7,,,,,,,,,,,,,,,,,822.3,603.9,664.7,1141.0,2036.6,,,753.3,256.8,672.3,549.0,1412.5,,,349.2,174.0,301.2,158.3,706.2,,,697.8,862.8,538.1,1563.8,1543.2,,,1199.6,623.3,298.8,1401.2,3046.1,,,3155.9,3127.7,1418.2,2383.0,4733.9,,,,,,,,,,,,,,,,,285.0,178.9,198.9,193.9,758.2,,,311.6,96.6,252.9,167.2,487.8,,,152.3,71.4,124.3,54.9,398.5,,,258.1,347.5,200.1,268.0,501.8,,,148.6,117.9,39.5,156.4,560.4,,,1337.0,1412.5,1055.1,1012.4,1357.7,,,,,,,,,,,,,,,,,25.9,65.8,28.3,72.1,16.5,,,59.4,161.4,141.1,235.2,60.7,,,217.8,337.4,269.0,570.5,591.7,,,107.8,207.4,131.2,222.9,258.9,,,181.2,299.6,521.2,254.9,215.9,,,33.6,49.0,193.4,102.7,234.1,,,,,,,,,,,,,,,,,257.9,375.0,148.4,129.4,535.6,,,406.3,407.3,253.6,454.3,926.7,,,596.7,395.8,172.5,790.7,1048.8,,,114.2,104.0,39.0,151.1,437.8,,,167.0,288.3,522.0,247.7,230.3,,,1297.4,1395.6,2024.9,1302.2,840.0,,,,,,,,,,,,,,,,,776.7,1873.3,1018.3,317.5,2304.6,,,816.5,898.2,973.0,223.8,1815.0,,,3072.8,2994.1,2736.7,1725.6,5004.4,,,1853.4,1692.3,2060.6,877.9,3046.1,,,126.2,122.5,434.6,276.7,598.8,,,2736.7,2825.0,4121.2,2994.1,1453.5,,,,,,,,,,,,,,,,,,,,,,,,,,,,,,,,,,,,,,,,,,,,,,,,,,,,,,,,,,,,,,,,,,,,,,,,,,,,,,,,,,,,,,,,,,,,,,,,,,,,,,,,,,,,,,,,,,,,,,,,,,,,,,,,
20260910_高知_12R,20260910,74,高知,12,775.2,1178.5,1207.0,3060.0,273.1,,,674.7,699.0,275.5,1753.0,97.4,,,985.4,1186.5,1395.3,1770.8,474.6,,,1107.4,475.2,977.1,2166.7,108.1,,,5206.7,4913.3,4152.9,5912.7,2101.5,,,64.5,29.1,58.0,15.5,236.8,,,,,,,,,,,,,,,,,977.1,942.8,1080.0,2250.6,299.6,,,969.0,706.1,1516.7,2040.0,519.8,,,635.4,665.7,1395.3,374.3,334.1,,,2016.4,2052.0,2642.8,4714.1,1677.1,,,3230.0,3033.4,1362.6,4009.7,2931.5,,,206.9,308.4,181.1,653.2,1182.5,,,,,,,,,,,,,,,,,530.9,445.5,179.4,1029.0,60.5,,,602.5,481.8,1002.4,1710.0,391.9,,,625.1,555.4,1038.2,782.1,467.0,,,415.2,1753.0,1296.8,2207.9,333.1,,,2265.2,3322.3,1770.8,2509.7,1959.8,,,45.1,184.4,178.2,144.1,542.5,,,,,,,,,,,,,,,,,1100.4,1653.3,2101.5,2088.9,782.1,,,996.7,787.4,2166.7,502.6,526.1,,,1630.1,889.9,2439.5,1826.4,894.4,,,4415.8,5130.1,5537.2,6582.0,4254.2,,,3171.3,1178.5,2456.6,6014.6,1916.7,,,510.0,485.8,621.8,1418.0,880.9,,,,,,,,,,,,,,,,,2527.8,1083.3,2265.2,4983.5,261.7,,,3964.2,4152.9,4778.7,7928.4,2603.3,,,1237.0,3876.1,3919.6,5285.6,1097.0,,,4472.4,6840.1,7119.3,8112.7,5206.7,,,9999.9,9999.9,9999.9,9999.9,4913.3,,,269.5,1592.9,734.4,1788.9,2491.7,,,,,,,,,,,,,,,,,9999.9,9967.1,7583.6,9999.9,4778.7,,,7928.4,9967.1,2546.3,9999.9,7752.2,,,9690.2,8508.5,6120.1,8944.8,5626.6,,,7928.4,2265.2,5366.9,9999.9,4714.1,,,9999.9,9999.9,9999.9,9999.9,6840.1,,,4590.1,6229.4,4714.1,4778.7,6014.6,,,,,,,,,,,,,,,,,15.2,6.1,9.0,3.8,74.7,,,38.3,55.3,28.2,138.5,190.8,,,17.3,43.6,36.5,68.6,140.2,,,48.7,40.0,51.2,161.8,73.5,,,46.3,247.2,133.8,262.2,511.5,,,382.0,550.2,412.8,306.5,766.7,,,,,,,,,,,,,,,,,,,,,,,,,,,,,,,,,,,,,,,,,,,,,,,,,,,,,,,,,,,,,,,,,,,,,,,,,,,,,,,,,,,,,,,,,,,,,,,,,,,,,,,,,,,,,,,,,,,,,,,,,,,,,,,,
20260910_京王閣_1R,20260910,27,京王閣,1,2.9,45.1,53.9,111.8,,,,7.9,93.8,82.9,134.0,,,,269.6,268.2,280.0,947.6,,,,156.7,153.9,138.2,611.0,,,,828.7,653.9,1156.4,961.0,,,,,,,,,,,,,,,,,,,,,,,,,4.4,81.0,82.2,169.3,,,,11.5,119.9,157.3,150.6,,,,326.9,368.8,620.2,922.0,,,,227.4,301.4,605.6,1066.1,,,,825.3,867.3,1483.3,1749.5,,,,,,,,,,,,,,,,,,,,,,,,,9.4,87.6,71.7,138.3,,,,9.8,83.6,108.4,113.1,,,,352.9,336.1,472.7,591.6,,,,213.4,253.9,402.1,645.7,,,,413.5,464.1,664.5,961.0,,,,,,,,,,,,,,,,,,,,,,,,,518.2,766.6,828.7,2693.3,,,,485.0,579.8,1071.7,1987.3,,,,863.6,703.4,1106.4,2201.0,,,,540.0,671.1,586.5,1055.1,,,,3411.6,3249.1,2924.2,2496.3,,,,,,,,,,,,,,,,,,,,,,,,,261.0,296.2,362.2,1118.5,,,,235.2,319.8,713.2,1637.5,,,,395.9,505.4,832.1,1599.1,,,,333.3,398.2,425.5,1149.9,,,,1987.3,3655.2,2729.2,1877.9,,,,,,,,,,,,,,,,,,,,,,,,,1691.7,1494.1,4177.4,2326.0,,,,1734.7,1734.7,3249.1,3721.7,,,,1190.0,1664.2,2132.2,2766.1,,,,4177.4,4177.4,3301.5,3010.2,,,,2380.1,4449.9,3249.1,2380.1,,,,,,,,,,,,,,,,,,,,,,,,,,,,,,,,,,,,,,,,,,,,,,,,,,,,,,,,,,,,,,,,,,,,,,,,,,,,,,,,,,,,,,,,,,,,,,,,,,,,,,,,,,,,,,,,,,,,,,,,,,,,,,,,,,,,,,,,,,,,,,,,,,,,,,,,,,,,,,,,,,,,,,,,,,,,,,,,,,,,,,,,,,,,,,,,
20260910_京王閣_2R,20260910,27,京王閣,2,347.3,373.2,448.2,1051.4,1095.9,,,141.8,78.2,120.8,468.5,684.6,,,142.9,84.2,120.9,375.9,544.1,,,455.4,318.7,326.1,923.1,1183.8,,,1076.9,777.3,651.6,1095.9,763.9,,,1211.5,1179.3,1140.3,1216.3,934.2,,,,,,,,,,,,,,,,,510.1,522.1,795.3,1095.9,1632.4,,,410.8,141.0,243.6,1033.8,1416.2,,,455.4,182.8,307.0,849.7,1325.5,,,765.8,383.8,387.2,1211.5,1824.5,,,2095.7,1868.4,1271.1,1835.3,2982.3,,,2332.0,2139.0,2247.5,3011.3,3782.5,,,,,,,,,,,,,,,,,150.8,67.3,119.2,431.3,601.0,,,157.0,45.5,59.9,546.0,736.7,,,22.5,12.3,3.4,107.7,167.8,,,76.7,28.2,10.9,238.4,380.1,,,868.8,997.3,438.7,575.4,1667.5,,,1403.4,1354.4,701.7,1170.4,2247.5,,,,,,,,,,,,,,,,,103.4,69.0,73.9,164.8,388.1,,,199.2,85.3,121.0,495.4,615.4,,,25.4,20.7,6.1,120.5,170.8,,,103.2,66.2,34.1,209.2,425.4,,,340.8,601.0,298.5,423.7,760.2,,,906.9,925.8,648.8,831.5,1170.4,,,,,,,,,,,,,,,,,814.0,469.2,486.1,1566.5,1902.8,,,690.7,279.4,247.3,1314.2,1803.2,,,252.7,157.4,57.5,599.9,942.7,,,286.9,220.4,76.9,809.8,1265.9,,,2628.5,2349.7,1527.9,1469.9,2926.1,,,2819.7,2819.7,2423.1,2332.0,3485.0,,,,,,,,,,,,,,,,,1846.2,1265.9,1088.3,1857.2,1469.9,,,2481.3,2054.0,1803.2,2385.9,3446.3,,,1271.1,1676.5,647.5,1003.7,2461.6,,,1088.3,1211.5,719.6,969.2,1914.6,,,2199.7,2040.5,1153.0,1235.7,2651.0,,,1891.2,3335.1,2819.7,2231.4,3230.9,,,,,,,,,,,,,,,,,2367.6,2247.5,1685.6,3230.9,2001.0,,,3736.9,3335.1,3782.5,4081.1,5002.6,,,2845.5,3101.6,1372.4,2297.5,4430.9,,,2769.3,3101.6,1348.5,2442.2,3299.6,,,3371.3,3524.6,2819.7,3197.5,4699.5,,,2054.0,4495.1,4368.5,3782.5,4248.8,,,,,,,,,,,,,,,,,,,,,,,,,,,,,,,,,,,,,,,,,,,,,,,,,,,,,,,,,,,,,,,,,,,,,,,,,,,,,,,,,,,,,,,,,,,,,,,,,,,,,,,,,,,,,,,,,,,,,,,,,,,,,,,,
20260910_京王閣_3R,20260910,27,京王閣,3,39.9,27.7,74.8,140.8,123.9,,,53.2,56.9,73.0,185.4,78.4,,,53.4,110.1,174.9,305.8,199.3,,,210.5,174.7,216.8,171.2,307.2,,,294.7,304.0,358.0,177.3,558.0,,,237.1,146.5,218.4,276.2,575.9,,,,,,,,,,,,,,,,,27.4,22.9,62.8,96.8,91.6,,,29.3,30.1,68.7,103.1,70.5,,,10.4,13.8,42.5,49.4,57.0,,,136.2,154.0,147.7,134.9,256.3,,,147.7,176.5,151.0,117.3,465.1,,,195.3,169.4,204.7,411.8,424.9,,,,,,,,,,,,,,,,,50.2,59.5,80.7,227.7,57.3,,,52.6,53.0,142.3,190.0,115.5,,,80.9,69.1,272.2,469.3,131.7,,,155.2,233.2,260.0,338.3,290.7,,,375.5,369.8,628.4,327.9,605.4,,,47.8,89.8,103.4,150.3,378.6,,,,,,,,,,,,,,,,,80.0,213.3,333.4,524.7,409.4,,,29.0,36.8,101.7,133.0,120.4,,,208.8,121.4,618.0,768.5,540.5,,,630.3,379.7,918.8,734.4,1142.2,,,876.0,397.5,1129.7,760.1,1627.9,,,802.9,483.6,758.7,1430.8,2247.3,,,,,,,,,,,,,,,,,496.9,426.7,571.1,366.2,801.3,,,462.0,552.8,495.8,433.8,1135.9,,,458.9,609.8,1126.7,625.5,904.8,,,786.1,693.7,1264.5,828.6,1759.5,,,269.2,359.8,428.0,450.9,561.8,,,1168.0,1767.1,1276.2,2026.9,1338.1,,,,,,,,,,,,,,,,,534.9,641.0,726.7,303.6,1158.2,,,452.4,370.1,361.7,354.6,1145.4,,,677.8,465.1,908.7,465.6,993.9,,,966.1,533.5,1155.0,595.8,1560.3,,,183.2,306.9,358.9,356.4,459.9,,,1492.7,1615.2,1296.2,1914.3,730.5,,,,,,,,,,,,,,,,,579.9,326.8,738.3,982.1,1782.3,,,712.9,668.0,790.6,1627.9,2362.8,,,240.5,492.2,634.2,565.6,1155.0,,,1044.2,908.7,1296.2,2131.4,3255.9,,,1554.5,2088.4,1382.9,2223.1,1871.0,,,2310.0,2775.1,1941.3,3445.8,1821.6,,,,,,,,,,,,,,,,,,,,,,,,,,,,,,,,,,,,,,,,,,,,,,,,,,,,,,,,,,,,,,,,,,,,,,,,,,,,,,,,,,,,,,,,,,,,,,,,,,,,,,,,,,,,,,,,,,,,,,,,,,,,,,,,
20260910_京王閣_4R,20260910,27,京王閣,4,68.2,120.2,35.2,55.7,79.1,,,129.3,112.0,167.1,176.4,161.7,,,409.1,234.5,509.2,501.7,480.5,,,40.0,72.2,200.5,64.4,181.4,,,32.7,53.8,101.1,39.1,73.5,,,158.2,110.5,237.6,270.9,242.6,,,,,,,,,,,,,,,,,57.9,119.6,29.9,55.9,63.9,,,96.3,93.9,84.8,267.1,106.2,,,386.0,217.3,273.1,792.0,465.8,,,15.2,20.7,50.0,48.2,24.6,,,106.2,235.7,485.2,147.0,301.5,,,95.8,71.1,182.6,85.5,311.0,,,,,,,,,,,,,,,,,239.8,214.7,256.8,348.1,220.6,,,196.0,183.1,222.7,539.5,189.3,,,243.5,216.5,361.7,503.4,94.3,,,386.0,277.5,495.5,675.0,430.6,,,424.8,779.4,787.8,736.7,694.1,,,145.4,117.9,60.9,192.7,340.1,,,,,,,,,,,,,,,,,1252.9,779.4,1390.3,1468.6,1435.3,,,1149.0,750.4,1092.4,2217.6,1381.7,,,605.0,655.1,1029.0,1304.5,309.9,,,1390.3,1058.5,1618.7,2384.5,1988.9,,,1589.7,2578.6,1848.0,2609.0,2640.0,,,1545.4,1263.6,478.4,2195.7,2423.6,,,,,,,,,,,,,,,,,59.9,118.2,294.7,115.2,221.6,,,27.5,38.6,80.3,78.6,46.6,,,283.7,174.5,464.4,463.4,433.1,,,835.2,526.1,742.9,1534.7,1281.8,,,272.2,250.5,392.1,1001.2,626.4,,,392.8,199.0,404.6,953.8,789.2,,,,,,,,,,,,,,,,,65.0,89.5,137.8,111.5,136.9,,,141.9,363.8,783.6,260.2,500.6,,,294.1,567.9,596.9,704.0,699.5,,,821.3,1430.7,1205.2,1719.1,1719.1,,,278.4,365.0,567.9,1143.1,785.0,,,398.5,729.4,603.4,1381.7,933.7,,,,,,,,,,,,,,,,,163.5,152.7,289.7,259.5,267.5,,,111.9,112.2,247.0,114.2,281.4,,,99.1,92.4,40.1,144.5,263.5,,,644.6,660.0,169.8,1003.4,1408.0,,,403.2,211.6,289.5,813.8,701.7,,,372.0,634.5,479.4,1125.7,508.6,,,,,,,,,,,,,,,,,,,,,,,,,,,,,,,,,,,,,,,,,,,,,,,,,,,,,,,,,,,,,,,,,,,,,,,,,,,,,,,,,,,,,,,,,,,,,,,,,,,,,,,,,,,,,,,,,,,,,,,,,,,,,,,,
20260910_京王閣_5R,20260910,27,京王閣,5,19.7,33.6,26.5,28.5,70.7,,,69.1,239.3,116.3,186.2,343.1,,,131.8,274.3,300.0,383.0,361.4,,,73.6,99.0,278.3,247.0,364.2,,,91.6,221.9,500.5,317.3,482.1,,,269.6,565.7,472.0,551.2,538.6,,,,,,,,,,,,,,,,,16.3,20.0,20.0,17.0,44.6,,,61.0,133.4,98.1,151.7,255.5,,,45.9,81.9,108.8,164.8,93.9,,,63.7,71.5,154.6,195.1,276.4,,,96.5,235.4,385.9,292.6,355.4,,,163.1,372.5,200.3,389.7,315.8,,,,,,,,,,,,,,,,,106.6,289.6,110.0,213.0,375.5,,,105.5,237.7,142.7,281.1,468.3,,,377.5,303.1,324.7,726.2,466.0,,,59.4,86.0,162.2,79.7,144.8,,,350.2,411.0,625.5,250.7,984.4,,,598.6,712.0,567.7,501.5,1005.3,,,,,,,,,,,,,,,,,146.5,360.6,429.6,331.8,323.6,,,112.0,168.4,211.6,286.8,166.2,,,433.6,350.7,442.1,607.8,462.8,,,503.7,516.9,357.0,791.8,489.1,,,518.0,502.1,600.1,1036.1,360.0,,,139.1,158.7,221.7,204.0,112.2,,,,,,,,,,,,,,,,,57.6,52.8,213.1,103.6,211.4,,,69.3,68.2,211.8,207.4,342.3,,,24.5,39.0,104.9,31.9,67.4,,,319.7,325.8,182.0,528.4,370.5,,,246.4,407.1,168.7,580.2,435.6,,,354.6,489.1,256.7,370.5,383.0,,,,,,,,,,,,,,,,,279.6,481.2,1059.3,862.4,910.5,,,276.9,532.6,859.3,954.6,1116.7,,,402.3,749.2,945.1,564.3,1368.5,,,766.1,962.4,945.1,1849.6,964.3,,,633.0,878.4,437.6,1557.5,1430.5,,,1061.6,1430.5,1573.1,1047.5,1864.2,,,,,,,,,,,,,,,,,466.9,917.6,450.5,872.0,538.6,,,486.6,1246.0,535.0,1426.2,1036.1,,,896.7,1177.8,734.1,830.7,1146.5,,,228.8,297.8,314.2,302.3,177.8,,,898.5,1470.5,755.1,746.8,1297.2,,,762.4,1195.7,1130.0,413.9,1308.0,,,,,,,,,,,,,,,,,,,,,,,,,,,,,,,,,,,,,,,,,,,,,,,,,,,,,,,,,,,,,,,,,,,,,,,,,,,,,,,,,,,,,,,,,,,,,,,,,,,,,,,,,,,,,,,,,,,,,,,,,,,,,,,,
20260910_京王閣_6R,20260910,27,京王閣,6,5.8,74.9,45.2,165.9,157.1,,,3.8,56.0,72.0,121.6,169.2,,,254.2,236.1,738.9,528.7,1069.9,,,235.3,280.8,840.5,1230.6,729.9,,,469.5,492.6,778.8,1624.2,1938.6,,,488.6,502.2,1483.9,752.7,2504.0,,,,,,,,,,,,,,,,,12.4,108.1,63.7,185.2,157.1,,,16.7,135.1,116.6,253.9,245.2,,,336.6,332.9,844.4,704.2,894.7,,,253.5,289.1,903.7,563.4,465.2,,,860.5,892.5,1076.3,1521.4,1502.4,,,453.5,466.4,1661.6,597.9,693.4,,,,,,,,,,,,,,,,,4.0,60.8,86.0,133.4,185.9,,,10.4,85.6,74.7,141.4,177.6,,,168.3,162.5,532.6,148.8,584.4,,,470.7,490.5,1051.2,1419.6,1166.9,,,423.2,530.2,264.3,1010.0,830.8,,,667.7,623.8,1039.1,1141.1,1239.1,,,,,,,,,,,,,,,,,373.6,377.1,987.9,645.0,1283.2,,,493.2,476.9,1112.9,817.6,1265.2,,,387.3,424.7,1021.4,511.4,1021.4,,,1403.0,1547.5,1700.8,1496.2,2146.3,,,491.9,587.2,575.1,1012.8,595.0,,,1868.3,1868.3,1767.5,2296.7,1141.1,,,,,,,,,,,,,,,,,959.0,993.3,2504.0,3919.4,3919.4,,,1106.1,1459.8,2931.6,3919.4,3219.5,,,1490.0,1547.5,2795.2,4807.8,4872.8,,,3308.1,4344.4,3717.4,4397.4,7512.2,,,5078.7,6439.0,5302.7,4682.9,5911.2,,,5008.1,4344.4,5723.6,8013.0,6326.1,,,,,,,,,,,,,,,,,1661.6,1226.4,1534.4,3535.1,3795.6,,,2372.2,2146.3,2212.2,4051.5,4006.5,,,1226.4,2003.2,1099.3,4097.5,3605.8,,,1155.7,1330.5,1051.2,2282.2,1112.9,,,4622.9,4744.5,4006.5,4451.7,5463.4,,,4744.5,4144.6,3836.0,1812.0,4807.8,,,,,,,,,,,,,,,,,1403.0,1239.1,2884.7,3191.0,4242.2,,,1436.6,1515.0,3004.9,2469.7,3338.7,,,1247.7,1527.9,2504.0,3055.8,3030.1,,,3570.1,3877.2,3163.0,5463.4,1758.9,,,3962.5,3795.6,4006.5,7512.2,6934.3,,,4682.9,4097.5,3605.8,1928.2,4144.6,,,,,,,,,,,,,,,,,,,,,,,,,,,,,,,,,,,,,,,,,,,,,,,,,,,,,,,,,,,,,,,,,,,,,,,,,,,,,,,,,,,,,,,,,,,,,,,,,,,,,,,,,,,,,,,,,,,,,,,,,,,,,,,,
20260910_京王閣_7R,20260910,27,京王閣,7,36.7,128.0,106.7,58.1,215.5,,,17.8,37.0,36.0,10.1,132.8,,,170.9,125.7,157.4,205.9,443.8,,,156.9,128.8,171.2,191.4,216.5,,,64.0,29.7,218.1,129.6,319.6,,,429.7,488.5,886.1,498.8,785.6,,,,,,,,,,,,,,,,,39.6,109.2,65.2,59.6,120.4,,,69.8,177.1,193.4,217.4,312.4,,,157.4,192.6,131.0,323.1,260.1,,,83.1,162.7,115.3,179.5,98.8,,,201.3,329.6,445.5,378.3,514.0,,,331.0,553.3,471.8,305.3,555.9,,,,,,,,,,,,,,,,,22.1,35.1,29.8,14.8,110.4,,,58.5,113.9,96.8,224.3,275.0,,,97.9,110.0,76.7,348.6,310.3,,,74.4,96.5,83.3,372.6,138.3,,,108.7,333.8,563.8,570.0,827.0,,,466.2,520.9,631.9,414.6,1056.9,,,,,,,,,,,,,,,,,131.3,121.9,113.8,149.3,332.2,,,165.3,211.7,166.8,479.0,308.7,,,133.0,124.4,114.1,490.5,366.2,,,56.6,60.3,96.1,264.2,46.6,,,607.4,881.1,1104.0,792.2,1535.5,,,760.3,436.9,647.5,221.7,1324.2,,,,,,,,,,,,,,,,,209.2,268.9,199.4,449.8,237.9,,,170.1,366.5,140.7,469.0,154.1,,,307.5,406.3,305.1,990.3,477.1,,,99.0,85.9,190.4,412.0,56.0,,,1088.7,946.6,1893.2,1260.4,1163.9,,,236.2,154.5,408.1,107.2,532.0,,,,,,,,,,,,,,,,,224.9,125.9,686.1,566.6,935.3,,,347.6,467.6,920.7,927.9,1071.3,,,191.6,481.5,1031.5,1199.5,1608.9,,,1339.2,1362.4,1550.7,1792.4,2266.4,,,1253.7,1313.1,1545.6,1765.6,1654.0,,,2006.0,1701.8,2368.9,2507.5,2040.7,,,,,,,,,,,,,,,,,849.3,1133.2,1362.4,906.5,1473.1,,,935.3,1193.4,908.3,633.6,1378.4,,,1257.1,1437.2,1598.0,1603.4,2604.5,,,1250.4,926.1,1309.4,446.4,2192.6,,,569.3,350.2,765.2,280.9,931.6,,,2049.6,1619.9,2909.9,3163.8,1745.9,,,,,,,,,,,,,,,,,,,,,,,,,,,,,,,,,,,,,,,,,,,,,,,,,,,,,,,,,,,,,,,,,,,,,,,,,,,,,,,,,,,,,,,,,,,,,,,,,,,,,,,,,,,,,,,,,,,,,,,,,,,,,,,,
20260910_京王閣_8R,20260910,27,京王閣,8,5.9,6.1,4.2,23.2,67.6,,,18.9,11.2,55.3,50.3,84.2,,,37.7,19.9,116.7,66.6,78.0,,,75.4,174.8,253.9,284.5,477.1,,,193.1,199.4,216.1,312.0,400.3,,,273.8,433.8,325.4,629.1,515.0,,,,,,,,,,,,,,,,,50.0,65.5,29.4,126.9,274.5,,,172.3,330.8,447.8,696.6,1265.7,,,351.2,397.6,479.7,713.2,1065.6,,,175.1,569.4,531.7,471.3,1187.7,,,753.1,1465.2,1449.5,1445.6,2779.5,,,1518.9,3618.9,2883.5,2946.5,4054.3,,,,,,,,,,,,,,,,,61.3,50.9,186.1,198.0,311.3,,,159.6,281.7,384.3,543.0,849.1,,,64.9,105.9,298.0,183.9,82.7,,,612.7,829.5,1087.1,1453.4,1536.2,,,760.5,1348.0,802.4,1527.5,2106.3,,,1518.9,2324.2,713.2,2275.2,1815.5,,,,,,,,,,,,,,,,,285.7,214.4,719.9,547.9,517.9,,,485.7,322.8,864.1,897.2,1032.9,,,127.9,151.9,431.3,230.3,134.0,,,1791.4,2122.9,1773.7,2580.0,3116.9,,,1341.3,1351.4,821.9,2081.9,1609.6,,,839.9,939.4,561.6,2165.5,1286.9,,,,,,,,,,,,,,,,,430.3,1069.8,1872.3,2428.9,3135.0,,,468.0,1430.3,1918.9,1975.1,3693.3,,,1393.3,2081.9,3248.3,4147.8,6127.5,,,2930.5,3718.7,3643.4,4947.0,6343.8,,,3851.5,3228.8,4279.5,5235.1,4730.0,,,5286.5,6127.5,8170.0,7095.0,7189.6,,,,,,,,,,,,,,,,,912.3,846.5,1104.9,1248.2,1562.9,,,1084.9,2334.3,2081.9,1865.8,3770.7,,,913.9,2617.5,850.5,1624.1,1609.6,,,1967.9,2081.9,1318.3,3228.8,1821.7,,,2946.5,2723.3,3879.3,4180.0,3029.3,,,1733.8,5135.4,1756.4,1489.5,1609.6,,,,,,,,,,,,,,,,,2682.7,3268.0,2868.2,3964.8,4456.3,,,4419.8,7929.7,6913.1,4648.4,9139.3,,,3098.9,4814.4,1344.6,5039.4,3770.7,,,3456.5,5235.1,1419.0,7189.6,3824.2,,,5861.1,7814.8,8048.1,8295.7,8295.7,,,4992.8,5039.4,3744.6,3618.9,4456.3,,,,,,,,,,,,,,,,,,,,,,,,,,,,,,,,,,,,,,,,,,,,,,,,,,,,,,,,,,,,,,,,,,,,,,,,,,,,,,,,,,,,,,,,,,,,,,,,,,,,,,,,,,,,,,,,,,,,,,,,,,,,,,,,
20260910_京王閣_9R,20260910,27,京王閣,9,337.2,135.2,193.9,286.1,218.9,,,219.6,64.8,213.7,76.7,142.5,,,40.8,22.3,27.4,16.3,12.6,,,111.3,257.5,80.6,146.0,124.2,,,141.5,62.9,43.0,117.4,74.3,,,108.0,116.7,32.8,98.0,77.1,,,,,,,,,,,,,,,,,822.7,422.4,421.0,527.8,774.0,,,814.2,1389.7,583.9,729.5,2390.7,,,536.7,1299.7,627.6,1033.6,1864.0,,,171.9,298.6,301.8,222.8,577.6,,,603.5,699.9,1023.8,587.5,1488.0,,,1227.6,3038.9,2371.0,1747.0,2016.5,,,,,,,,,,,,,,,,,251.5,109.4,252.5,84.7,192.9,,,354.4,666.9,370.8,318.3,1250.8,,,116.5,387.5,342.3,136.1,484.3,,,310.9,221.7,472.1,253.0,1000.0,,,48.3,80.1,65.7,117.0,193.7,,,641.6,1860.0,1004.7,1616.2,645.5,,,,,,,,,,,,,,,,,49.3,41.1,51.7,38.0,25.4,,,201.6,512.5,323.4,533.7,1080.1,,,102.1,316.3,304.4,99.9,567.8,,,125.1,149.8,364.6,359.3,498.8,,,107.6,281.0,134.6,310.4,376.8,,,244.5,1056.3,950.5,1227.6,798.3,,,,,,,,,,,,,,,,,85.6,296.1,110.7,101.4,136.7,,,54.9,112.5,84.1,65.0,172.0,,,380.7,198.6,458.5,262.0,1033.6,,,132.0,165.0,406.9,394.4,537.3,,,128.8,114.7,244.9,322.1,416.3,,,383.4,603.9,1511.4,624.9,909.4,,,,,,,,,,,,,,,,,147.8,59.7,66.1,90.2,111.7,,,243.5,283.7,487.6,188.5,636.9,,,36.5,101.6,59.9,101.9,150.8,,,85.4,341.8,105.9,257.6,298.0,,,108.0,119.6,184.2,288.8,384.2,,,331.4,797.6,398.8,603.9,633.2,,,,,,,,,,,,,,,,,577.3,805.0,248.7,563.3,442.5,,,1740.0,3173.0,3138.4,2538.4,2766.2,,,1421.8,3319.4,2105.0,3173.0,1532.9,,,447.4,2431.1,1798.0,2326.3,1438.4,,,662.8,1712.4,2688.6,876.2,1892.6,,,857.9,1820.8,1282.4,1493.1,1493.1,,,,,,,,,,,,,,,,,,,,,,,,,,,,,,,,,,,,,,,,,,,,,,,,,,,,,,,,,,,,,,,,,,,,,,,,,,,,,,,,,,,,,,,,,,,,,,,,,,,,,,,,,,,,,,,,,,,,,,,,,,,,,,,,
20260910_川崎_1R,20260910,34,川崎,1,938.2,81.8,310.8,609.0,360.3,,,2263.9,2479.5,3062.9,2975.4,2540.0,,,178.9,1735.6,654.9,1001.3,601.9,,,394.4,2366.8,788.9,982.4,897.7,,,1239.7,3254.4,1466.7,1554.3,2215.7,,,520.7,1301.7,1011.0,860.6,1487.7,,,,,,,,,,,,,,,,,271.2,17.1,79.4,209.5,80.6,,,360.3,234.0,469.1,1197.0,351.8,,,8.0,55.9,19.8,73.2,25.0,,,101.5,316.5,64.0,180.1,152.6,,,616.2,1285.6,385.7,408.3,749.2,,,117.0,239.9,99.4,170.7,450.8,,,,,,,,,,,,,,,,,882.5,1827.0,1051.9,2540.0,1653.0,,,441.2,347.1,493.5,1735.6,531.3,,,646.8,238.8,423.3,1426.5,362.8,,,991.8,591.7,905.5,1426.5,623.6,,,2421.8,2082.8,2540.0,1735.6,1602.1,,,378.6,223.0,209.1,285.3,616.2,,,,,,,,,,,,,,,,,64.8,609.0,226.3,539.5,216.0,,,7.4,64.0,19.5,98.2,18.2,,,351.8,142.8,309.0,754.6,104.8,,,156.3,53.9,256.5,219.2,111.8,,,833.1,411.6,1301.7,520.7,703.6,,,168.5,65.2,133.3,151.1,414.9,,,,,,,,,,,,,,,,,136.1,728.2,238.3,298.3,249.1,,,42.7,188.6,41.2,63.3,64.1,,,694.2,385.7,491.2,676.2,287.6,,,143.0,58.4,282.9,173.5,139.9,,,142.2,60.4,312.7,116.0,91.3,,,148.9,76.4,148.9,165.5,100.3,,,,,,,,,,,,,,,,,1197.0,2263.9,1554.3,1051.9,1893.4,,,654.9,890.0,477.7,296.6,410.0,,,2479.5,1765.1,2125.3,1487.7,1335.1,,,1446.4,685.1,1653.0,743.8,1446.4,,,505.5,221.5,718.2,439.4,283.7,,,1031.1,471.2,860.6,1144.4,375.9,,,,,,,,,,,,,,,,,325.4,452.7,486.6,460.8,890.0,,,130.1,191.4,141.1,189.6,452.7,,,226.8,179.2,229.8,193.9,411.6,,,326.4,135.6,244.4,259.0,728.2,,,259.7,167.9,173.2,243.3,267.7,,,982.4,635.0,638.9,1051.9,484.3,,,,,,,,,,,,,,,,,,,,,,,,,,,,,,,,,,,,,,,,,,,,,,,,,,,,,,,,,,,,,,,,,,,,,,,,,,,,,,,,,,,,,,,,,,,,,,,,,,,,,,,,,,,,,,,,,,,,,,,,,,,,,,,,
20260910_川崎_2R,20260910,34,川崎,2,974.2,856.3,856.3,2259.3,1030.9,,,1051.3,228.8,1041.0,1021.0,798.4,,,856.3,166.7,1249.2,2042.1,573.9,,,1516.9,1538.9,1608.9,3661.7,2359.7,,,3539.6,3792.4,3661.7,4424.5,4424.5,,,493.9,391.8,376.5,651.4,1193.1,,,,,,,,,,,,,,,,,667.8,610.2,606.7,1712.7,667.8,,,249.2,27.9,53.3,171.8,320.8,,,192.7,25.0,40.3,220.7,140.2,,,165.1,41.5,47.4,213.2,206.9,,,2794.4,659.5,1011.3,931.4,3539.6,,,965.3,992.4,732.3,698.6,2654.7,,,,,,,,,,,,,,,,,1117.7,274.3,1206.6,1072.6,1129.6,,,423.0,56.6,138.8,283.9,482.6,,,55.5,17.7,32.2,9.6,73.1,,,816.8,301.6,167.4,747.8,1001.7,,,1094.7,510.5,81.3,956.6,1166.9,,,1220.5,1220.5,449.9,1561.6,1830.8,,,,,,,,,,,,,,,,,349.3,123.0,505.6,823.1,259.6,,,136.8,24.5,35.4,142.7,107.2,,,23.0,6.6,11.2,4.2,34.4,,,386.1,95.2,95.7,523.1,369.9,,,1344.1,476.1,145.2,1234.7,1712.7,,,515.4,508.0,316.9,617.3,1206.6,,,,,,,,,,,,,,,,,1279.3,1516.9,1361.4,3217.8,2082.1,,,338.1,158.7,173.7,561.8,442.4,,,1117.7,331.8,328.7,823.1,1659.2,,,1072.6,305.1,253.4,1712.7,1279.3,,,7079.3,1344.1,1344.1,5309.4,7079.3,,,2949.7,1799.8,2589.9,2308.4,7079.3,,,,,,,,,,,,,,,,,7584.9,8168.4,5899.4,9999.9,8168.4,,,6246.4,1608.9,1896.2,4247.5,9653.5,,,3932.9,1516.9,487.1,3318.4,5899.4,,,6636.8,1379.0,564.8,4616.9,5309.4,,,8168.4,4084.2,4616.9,5309.4,8168.4,,,8849.1,8168.4,9653.5,7584.9,9653.5,,,,,,,,,,,,,,,,,1117.7,915.4,780.8,1179.8,1930.7,,,1659.2,1930.7,1633.6,1434.9,4084.2,,,1495.6,2654.7,1327.3,2654.7,4826.7,,,1344.1,2123.7,1279.3,2589.9,4424.5,,,4247.5,2259.3,3425.4,3932.9,5056.6,,,6636.8,8168.4,8849.1,7584.9,7584.9,,,,,,,,,,,,,,,,,,,,,,,,,,,,,,,,,,,,,,,,,,,,,,,,,,,,,,,,,,,,,,,,,,,,,,,,,,,,,,,,,,,,,,,,,,,,,,,,,,,,,,,,,,,,,,,,,,,,,,,,,,,,,,,,
20260910_川崎_3R,20260910,34,川崎,3,1204.2,1316.3,993.0,2534.3,875.2,,,1681.2,789.7,357.4,1163.0,840.6,,,1102.6,679.2,344.4,2021.4,589.5,,,704.5,238.1,377.3,1117.1,350.1,,,6792.1,3773.4,4994.2,4245.1,7382.8,,,684.6,1067.9,1102.6,560.4,3203.8,,,,,,,,,,,,,,,,,2391.6,2783.6,1463.8,5306.3,1347.6,,,1951.7,2460.9,668.5,2572.7,1316.3,,,2830.0,2979.0,2830.0,5477.5,2391.6,,,1132.0,490.7,1825.8,1586.9,489.3,,,8490.2,4851.5,6530.9,4141.5,4245.1,,,635.9,567.9,1102.6,398.6,1951.7,,,,,,,,,,,,,,,,,938.1,1054.6,225.5,998.8,741.5,,,1109.8,1171.0,285.8,922.8,604.2,,,1380.5,2149.4,566.0,2264.0,1632.7,,,41.5,42.6,64.5,11.0,24.6,,,1380.5,1369.3,1825.8,165.1,948.6,,,631.2,513.0,812.4,156.7,613.0,,,,,,,,,,,,,,,,,1750.5,1516.1,893.7,2572.7,1369.3,,,2572.7,4353.9,3612.8,8085.9,2878.0,,,2738.7,4353.9,1601.9,5855.3,3087.3,,,1124.5,3087.3,1171.0,4851.5,2534.3,,,4042.9,8085.9,8085.9,6289.0,8490.2,,,2612.3,3691.4,2878.0,3265.4,8085.9,,,,,,,,,,,,,,,,,60.8,55.4,54.9,237.4,51.1,,,87.3,53.6,107.7,184.3,29.0,,,13.7,10.5,25.5,3.8,6.5,,,151.0,249.3,183.7,575.6,274.3,,,467.7,377.3,83.1,653.0,195.1,,,43.7,18.4,30.4,97.1,78.3,,,,,,,,,,,,,,,,,9433.5,6530.9,9999.9,8085.9,9999.9,,,7075.1,7382.8,9999.9,5477.5,6792.1,,,4141.5,7718.3,4353.9,411.1,1557.8,,,9999.9,9999.9,9999.9,8085.9,9999.9,,,4851.5,4994.2,452.8,5660.1,1403.3,,,9988.5,6792.1,2149.4,9999.9,1476.5,,,,,,,,,,,,,,,,,993.0,1426.9,1171.0,621.9,3537.5,,,356.7,172.5,231.9,151.6,545.9,,,1029.1,695.9,1326.5,232.9,903.2,,,2070.7,1865.9,2234.2,1825.8,6792.1,,,404.2,139.2,114.8,287.3,439.9,,,6530.9,3265.4,1806.4,6792.1,1239.4,,,,,,,,,,,,,,,,,,,,,,,,,,,,,,,,,,,,,,,,,,,,,,,,,,,,,,,,,,,,,,,,,,,,,,,,,,,,,,,,,,,,,,,,,,,,,,,,,,,,,,,,,,,,,,,,,,,,,,,,,,,,,,,,
20260910_川崎_4R,20260910,34,川崎,4,431.8,520.0,154.3,1131.8,190.5,,,609.7,653.4,466.7,1202.5,299.6,,,569.6,611.9,358.5,504.8,80.9,,,131.6,238.8,224.3,482.3,66.2,,,1681.2,1924.1,1131.8,1332.0,603.3,,,26.2,37.1,3.1,10.2,49.8,,,,,,,,,,,,,,,,,2886.2,2164.6,967.4,6926.8,853.0,,,4557.1,8658.6,1374.3,9999.9,5772.4,,,4027.2,7871.4,3764.6,6926.8,4440.3,,,769.6,752.9,2192.0,3206.8,776.5,,,9999.9,9999.9,4440.3,6660.4,9999.9,,,879.0,3092.3,2137.9,1082.3,6660.4,,,,,,,,,,,,,,,,,2405.1,2748.7,1546.1,3848.2,916.2,,,4027.2,6184.7,701.1,8658.6,4123.1,,,4947.7,8246.2,5971.4,8658.6,5247.6,,,2192.0,1363.5,4810.3,7871.4,2509.7,,,4557.1,8658.6,9620.6,8246.2,8246.2,,,1036.9,4440.3,1697.7,2546.6,5586.1,,,,,,,,,,,,,,,,,2748.7,2664.1,1219.5,1990.4,244.2,,,3935.7,6184.7,3935.7,7529.2,3206.8,,,4680.3,6413.7,6926.8,5411.6,5247.6,,,1419.4,3395.5,5247.6,4329.3,1292.3,,,2985.7,7215.5,7215.5,5411.6,3935.7,,,211.4,1990.4,1924.1,972.8,1749.2,,,,,,,,,,,,,,,,,581.1,836.5,632.0,1396.5,175.8,,,546.2,579.1,1352.9,1882.3,515.3,,,1480.1,1110.0,3267.3,4810.3,1603.4,,,1210.9,2935.1,4557.1,3395.5,1068.9,,,5971.4,5971.4,7215.5,5093.2,3607.7,,,170.2,718.5,978.3,579.1,1228.1,,,,,,,,,,,,,,,,,9620.6,6926.8,4329.3,6926.8,2584.6,,,8246.2,8658.6,9999.9,7529.2,9999.9,,,4223.7,7215.5,7871.4,9999.9,8246.2,,,4557.1,9999.9,8658.6,6184.7,4680.3,,,5971.4,8658.6,9999.9,6413.7,5247.6,,,2473.8,9114.3,9999.9,4123.1,4947.7,,,,,,,,,,,,,,,,,28.1,39.5,2.6,8.9,38.3,,,235.2,879.0,721.5,410.3,1681.2,,,413.2,1803.8,1321.9,1055.9,2509.7,,,34.8,573.4,611.9,212.2,313.1,,,69.3,299.6,441.7,227.8,585.0,,,571.5,3607.7,3607.7,1075.6,2061.5,,,,,,,,,,,,,,,,,,,,,,,,,,,,,,,,,,,,,,,,,,,,,,,,,,,,,,,,,,,,,,,,,,,,,,,,,,,,,,,,,,,,,,,,,,,,,,,,,,,,,,,,,,,,,,,,,,,,,,,,,,,,,,,,
20260910_川崎_5R,20260910,34,川崎,5,100.3,40.7,19.7,656.2,83.6,,,176.5,186.6,79.6,2768.8,307.1,,,38.3,139.7,18.3,798.9,89.9,,,12.8,36.1,10.5,280.7,26.7,,,2350.2,5944.8,2083.7,1047.2,3425.8,,,101.0,255.5,118.8,49.3,1092.5,,,,,,,,,,,,,,,,,281.1,108.2,70.9,1837.4,235.3,,,544.8,743.1,635.6,5462.7,914.5,,,219.6,1036.5,233.1,3368.7,563.0,,,80.0,337.9,138.6,1497.2,244.1,,,4700.5,9999.9,4812.4,3743.0,4491.6,,,325.4,1403.6,507.8,309.0,3609.3,,,,,,,,,,,,,,,,,1542.9,1279.2,751.3,6737.4,2323.2,,,2041.6,4812.4,2350.2,8787.9,6124.9,,,2929.3,6316.3,2624.9,9999.9,3313.5,,,831.7,2150.2,2196.9,7486.0,3484.8,,,9999.9,9999.9,9999.9,9999.9,9999.9,,,3313.5,4393.9,2807.2,3062.4,9999.9,,,,,,,,,,,,,,,,,145.3,467.8,50.8,1010.6,163.7,,,281.1,1141.9,261.1,2972.4,620.0,,,1475.3,2558.5,1454.1,6520.1,3208.3,,,48.4,129.4,460.4,962.4,145.6,,,3313.5,4124.9,7486.0,2929.3,5614.5,,,529.1,818.3,1616.9,452.1,3674.9,,,,,,,,,,,,,,,,,8.9,43.7,7.2,242.6,23.4,,,24.5,170.8,46.2,795.7,89.7,,,135.9,330.2,257.4,1962.3,514.3,,,15.1,38.3,144.1,520.9,67.7,,,789.5,1924.9,3208.3,1312.4,1684.3,,,33.0,78.1,307.1,70.8,645.7,,,,,,,,,,,,,,,,,9999.9,9999.9,2495.3,4393.9,9999.9,,,9999.9,9999.9,8787.9,8787.9,9999.9,,,8421.8,9999.9,9999.9,9999.9,9999.9,,,8787.9,9999.9,9999.9,4700.5,9999.9,,,3484.8,6737.4,9187.4,4042.4,7486.0,,,9999.9,9999.9,9999.9,9999.9,7773.9,,,,,,,,,,,,,,,,,488.2,1321.0,436.5,278.0,3674.9,,,711.7,3674.9,1287.4,821.6,6737.4,,,3546.0,6316.3,2887.4,3425.8,9999.9,,,867.4,1247.6,2731.3,867.4,4491.6,,,287.9,488.2,1168.3,483.5,2526.5,,,9624.9,9999.9,9999.9,9187.4,4929.8,,,,,,,,,,,,,,,,,,,,,,,,,,,,,,,,,,,,,,,,,,,,,,,,,,,,,,,,,,,,,,,,,,,,,,,,,,,,,,,,,,,,,,,,,,,,,,,,,,,,,,,,,,,,,,,,,,,,,,,,,,,,,,,,
20260910_川崎_6R,20260910,34,川崎,6,5489.2,4002.5,7389.3,3557.8,4176.5,,,6404.0,5336.7,9999.9,4574.3,5821.8,,,4002.5,6624.9,4002.5,3202.0,6003.8,,,6624.9,9148.6,5055.8,5821.8,6624.9,,,2705.9,3049.5,1902.2,5336.7,2784.3,,,3430.7,6624.9,7684.8,5336.7,3842.4,,,,,,,,,,,,,,,,,6404.0,3842.4,7684.8,2825.3,2561.6,,,4087.7,701.1,3202.0,583.9,3001.9,,,2668.3,698.6,2867.4,316.5,1921.2,,,9999.9,4926.2,3694.6,2371.8,9148.6,,,901.9,294.6,179.5,1049.8,662.4,,,4926.2,3430.7,2705.9,6003.8,2314.7,,,,,,,,,,,,,,,,,6404.0,6624.9,7389.3,3624.9,7115.6,,,4926.2,853.8,3430.7,625.8,3312.4,,,4002.5,756.3,3202.0,374.5,2668.3,,,9999.9,4467.9,4467.9,3049.5,7115.6,,,923.6,276.4,194.6,946.4,576.9,,,9999.9,4176.5,2401.5,8005.0,1628.1,,,,,,,,,,,,,,,,,2158.6,2744.6,4269.3,1164.3,5055.8,,,1847.3,394.5,1685.2,209.0,784.1,,,1795.5,454.1,1865.2,245.9,865.4,,,6197.4,3370.5,3430.7,1382.1,5650.6,,,259.9,61.4,66.0,285.4,167.9,,,3202.0,1940.6,1315.9,3312.4,831.6,,,,,,,,,,,,,,,,,9606.1,9999.9,4803.0,5821.8,7389.3,,,9606.1,3557.8,3430.7,3098.7,5821.8,,,9999.9,5336.7,4803.0,5489.2,9999.9,,,7684.8,3557.8,4002.5,3767.1,7389.3,,,6404.0,2705.9,2744.6,2158.6,2371.8,,,9999.9,9999.9,9999.9,9606.1,5055.8,,,,,,,,,,,,,,,,,191.7,191.9,131.1,491.3,344.9,,,58.5,14.2,8.0,65.8,33.9,,,71.3,14.4,8.3,53.6,24.3,,,36.9,4.9,5.2,30.6,15.8,,,344.9,121.3,90.1,76.6,194.2,,,123.8,58.0,40.3,27.0,167.0,,,,,,,,,,,,,,,,,5055.8,9148.6,4803.0,9999.9,4926.2,,,5821.8,5650.6,3430.7,9999.9,3049.5,,,6861.5,6624.9,5055.8,9999.9,2784.3,,,6624.9,4926.2,4366.4,8005.0,2158.6,,,9999.9,9999.9,9999.9,8353.1,4803.0,,,2527.9,1762.5,1524.7,1215.9,2955.7,,,,,,,,,,,,,,,,,,,,,,,,,,,,,,,,,,,,,,,,,,,,,,,,,,,,,,,,,,,,,,,,,,,,,,,,,,,,,,,,,,,,,,,,,,,,,,,,,,,,,,,,,,,,,,,,,,,,,,,,,,,,,,,,
20260910_川崎_7R,20260910,34,川崎,7,1159.7,180.0,196.5,1086.9,539.5,,,3813.5,2102.8,3947.3,5000.0,4687.5,,,87.4,475.6,107.1,200.8,411.3,,,196.6,1119.4,154.1,1209.6,740.1,,,2922.0,5113.6,855.5,3000.0,4891.3,,,1113.8,3515.6,1184.2,1250.0,3515.6,,,,,,,,,,,,,,,,,681.8,103.4,83.3,991.1,242.7,,,1236.2,747.5,355.4,2250.0,868.7,,,58.6,243.7,16.8,278.8,58.7,,,24.4,88.1,6.3,189.7,7.7,,,2710.8,3688.5,1209.6,945.3,1973.6,,,257.4,398.9,102.9,31.1,1004.4,,,,,,,,,,,,,,,,,1388.8,2812.5,3358.2,5921.0,4326.9,,,2848.1,1717.5,842.6,4166.6,1814.5,,,1956.5,1717.5,2393.6,2272.7,4326.9,,,3515.6,953.3,2743.9,6818.2,3879.3,,,8035.7,6617.6,5487.8,8653.8,9999.9,,,6818.2,3125.0,3082.2,5769.2,9782.6,,,,,,,,,,,,,,,,,31.6,182.6,36.3,63.2,121.3,,,38.9,180.8,15.9,143.3,36.9,,,482.8,579.8,953.3,783.9,1470.5,,,32.2,20.6,237.8,135.4,105.4,,,210.6,277.0,493.4,389.2,632.0,,,517.2,182.4,1203.2,275.0,1022.7,,,,,,,,,,,,,,,,,96.2,609.7,61.0,827.2,358.2,,,35.6,147.0,9.9,255.6,13.0,,,1859.5,589.0,1097.5,2343.7,2083.3,,,37.4,28.6,277.4,140.8,140.2,,,2586.2,1113.8,3040.5,1300.5,2343.7,,,745.0,134.8,1771.6,371.2,1939.6,,,,,,,,,,,,,,,,,5769.2,9000.0,1371.9,5113.6,7031.2,,,5000.0,5625.0,2102.8,3629.0,4687.5,,,5487.8,8035.7,3688.5,8653.8,9999.9,,,1178.0,2045.4,3082.2,2205.8,3629.0,,,4687.5,3515.6,9000.0,2743.9,6081.1,,,9375.0,7758.6,9999.9,5625.0,6250.0,,,,,,,,,,,,,,,,,2445.6,8653.8,2586.2,3750.0,9999.9,,,1607.1,1461.0,767.9,250.8,4411.7,,,8333.3,4591.8,9000.0,8035.7,9999.9,,,2616.2,1004.4,6428.5,1153.8,3260.8,,,1771.6,364.0,4687.5,1046.5,5487.8,,,9999.9,7758.6,9782.6,5769.2,6250.0,,,,,,,,,,,,,,,,,,,,,,,,,,,,,,,,,,,,,,,,,,,,,,,,,,,,,,,,,,,,,,,,,,,,,,,,,,,,,,,,,,,,,,,,,,,,,,,,,,,,,,,,,,,,,,,,,,,,,,,,,,,,,,,,
20260910_川崎_8R,20260910,34,川崎,8,730.2,605.1,183.8,1859.3,945.2,,,379.8,109.7,113.0,796.1,179.2,,,249.6,67.8,53.2,594.9,104.0,,,23.3,46.2,23.7,329.0,57.3,,,2592.8,2691.6,1744.5,1392.2,2523.4,,,745.7,320.4,264.8,235.1,1153.5,,,,,,,,,,,,,,,,,2374.9,1441.9,329.0,2374.9,1976.3,,,2826.2,1406.0,1712.8,7246.6,2018.7,,,1378.6,1273.0,1046.7,2592.8,2109.1,,,270.7,954.8,846.1,1587.7,1153.5,,,5435.0,6893.1,4710.3,3925.2,6572.5,,,2501.0,2826.2,2798.2,1847.1,7850.5,,,,,,,,,,,,,,,,,681.0,145.4,189.6,1046.7,240.1,,,1245.0,681.0,776.4,3577.4,961.2,,,46.7,211.8,34.6,281.2,16.1,,,184.3,352.8,130.6,1005.7,189.8,,,2666.2,4095.9,1153.5,1935.7,1535.9,,,246.8,618.4,45.6,171.7,681.0,,,,,,,,,,,,,,,,,181.6,35.9,37.2,427.5,55.1,,,459.5,382.9,320.4,1035.2,605.1,,,27.8,110.3,21.3,213.4,11.7,,,35.5,66.3,39.7,443.6,56.4,,,1218.1,1935.7,793.8,1471.9,1352.2,,,133.7,344.6,35.8,92.6,663.4,,,,,,,,,,,,,,,,,11.2,26.5,18.7,255.5,38.5,,,38.3,108.0,161.3,558.5,210.9,,,106.5,186.6,117.8,645.2,174.3,,,43.5,71.9,71.6,618.4,76.6,,,1135.0,1365.3,1788.7,2033.2,1909.6,,,153.5,258.1,240.7,152.1,1302.4,,,,,,,,,,,,,,,,,6013.2,6013.2,3623.3,2913.6,5435.0,,,5138.5,6572.5,3623.3,3577.4,6572.5,,,4156.1,5767.7,1413.1,4095.9,2826.2,,,3038.9,4218.2,1871.6,3324.9,2569.2,,,2943.9,2691.6,4633.1,4095.9,4790.1,,,5541.5,6893.1,4558.4,3140.2,4633.1,,,,,,,,,,,,,,,,,1163.0,488.9,339.6,428.8,1962.6,,,2047.9,1624.2,1561.4,1495.3,4095.9,,,394.1,791.6,58.6,270.4,1125.9,,,302.5,787.2,59.2,195.0,1245.0,,,438.8,687.6,376.8,273.0,2093.4,,,3140.2,5541.5,2883.8,2523.4,3211.6,,,,,,,,,,,,,,,,,,,,,,,,,,,,,,,,,,,,,,,,,,,,,,,,,,,,,,,,,,,,,,,,,,,,,,,,,,,,,,,,,,,,,,,,,,,,,,,,,,,,,,,,,,,,,,,,,,,,,,,,,,,,,,,,
20260910_川崎_9R,20260910,34,川崎,9,348.9,347.2,407.2,935.2,474.7,,,482.9,80.0,287.7,354.6,128.4,,,243.5,61.3,81.3,346.3,68.0,,,1721.2,609.9,454.7,1395.8,446.0,,,615.2,533.3,493.9,1100.2,331.2,,,142.5,85.3,43.1,107.4,162.1,,,,,,,,,,,,,,,,,2318.7,2226.7,4187.5,1631.1,1154.5,,,2174.9,1183.8,3224.8,1275.2,2418.6,,,2244.5,1500.3,2397.9,1323.4,3951.6,,,5395.4,4599.4,3507.0,3380.3,5845.1,,,762.4,790.3,715.7,1292.9,967.4,,,1173.9,2318.7,2922.5,4383.8,1948.3,,,,,,,,,,,,,,,,,265.1,48.9,199.6,229.2,75.9,,,708.4,396.2,1154.5,546.9,847.6,,,14.9,76.6,9.2,51.4,25.5,,,345.9,723.1,113.7,715.7,403.6,,,225.1,235.9,127.2,413.2,235.7,,,78.5,322.4,80.0,234.5,245.8,,,,,,,,,,,,,,,,,416.8,42.1,74.0,306.9,102.3,,,827.6,369.1,677.6,954.3,1292.9,,,12.1,66.2,4.8,48.9,23.8,,,80.2,311.7,16.3,358.7,141.8,,,328.1,544.7,151.0,391.3,527.3,,,116.3,570.2,79.2,153.1,435.6,,,,,,,,,,,,,,,,,4453.4,1083.2,790.3,3421.5,1382.0,,,4525.2,4125.9,3843.3,4383.8,3740.8,,,941.4,2482.8,233.8,1492.3,1621.7,,,572.5,1154.5,180.0,1298.9,748.1,,,3340.0,4250.9,1787.0,1948.3,2723.9,,,1882.9,5501.2,2262.6,1640.7,3262.3,,,,,,,,,,,,,,,,,511.9,447.4,452.5,951.0,312.7,,,385.9,312.7,331.6,752.1,487.9,,,324.7,326.2,124.6,448.1,244.8,,,410.7,438.3,128.2,352.0,450.3,,,1484.4,1524.8,885.0,916.8,1424.1,,,300.3,607.2,351.5,511.0,991.3,,,,,,,,,,,,,,,,,160.4,97.9,50.5,119.2,188.1,,,546.9,1516.5,1594.1,2622.1,1402.8,,,181.4,806.2,167.0,487.0,456.2,,,102.3,790.3,152.5,177.1,539.5,,,553.3,2597.8,964.1,779.3,1845.8,,,396.2,852.7,517.6,550.1,1054.7,,,,,,,,,,,,,,,,,,,,,,,,,,,,,,,,,,,,,,,,,,,,,,,,,,,,,,,,,,,,,,,,,,,,,,,,,,,,,,,,,,,,,,,,,,,,,,,,,,,,,,,,,,,,,,,,,,,,,,,,,,,,,,,,
20260910_川崎_10R,20260910,34,川崎,10,1513.3,1091.2,463.9,1911.6,720.2,,,2290.5,1531.6,765.8,1717.9,1777.9,,,552.7,685.3,56.1,704.2,324.2,,,76.1,128.6,12.9,143.6,44.5,,,2173.0,1695.0,1366.9,623.1,1911.6,,,474.3,1059.3,419.5,151.6,1252.4,,,,,,,,,,,,,,,,,2991.1,2118.7,853.1,3435.8,1081.9,,,4383.6,7264.2,3218.3,4309.3,3684.7,,,3026.7,6519.2,3026.7,5085.0,3100.6,,,624.6,1816.0,1531.6,1469.6,528.5,,,2733.8,3911.5,7062.5,3435.8,3531.2,,,591.2,1177.0,1396.9,454.0,1338.1,,,,,,,,,,,,,,,,,4540.1,2763.5,1428.3,3218.3,2733.8,,,4168.0,6356.2,2468.4,3794.7,3259.6,,,5085.0,5409.5,3482.8,5650.0,3911.5,,,1188.0,1897.3,2568.1,685.3,1264.9,,,1303.8,1803.1,2594.3,689.0,2034.0,,,2230.2,4309.3,3301.9,1883.3,3580.9,,,,,,,,,,,,,,,,,1310.5,1683.7,98.5,1504.4,722.3,,,2704.7,6053.5,3100.6,5409.5,3435.8,,,4622.7,7477.9,3632.1,4985.2,5296.8,,,104.5,1258.6,1661.7,1359.6,662.1,,,4383.6,7945.3,6519.2,2889.2,4797.1,,,1110.2,2594.3,2676.3,974.1,3178.1,,,,,,,,,,,,,,,,,17.1,35.1,2.5,38.4,6.5,,,91.3,201.6,208.0,222.6,57.1,,,155.5,248.5,332.3,155.8,209.2,,,18.4,157.7,259.1,266.7,103.7,,,109.4,209.9,114.6,268.7,162.0,,,13.0,24.8,105.8,72.0,109.8,,,,,,,,,,,,,,,,,2270.0,1829.1,1741.4,491.7,2191.8,,,3482.8,2956.3,4100.8,2621.1,3259.6,,,777.5,1359.6,1199.2,475.2,1338.1,,,3259.6,5912.7,4622.7,2648.4,4540.1,,,390.5,1352.3,562.5,1284.0,836.3,,,2825.0,3138.8,2398.5,5085.0,1352.3,,,,,,,,,,,,,,,,,455.6,1452.8,401.0,140.3,1252.4,,,287.2,747.7,606.8,158.1,1012.9,,,1970.9,2001.9,3063.2,1216.5,2825.0,,,908.0,1672.6,2991.1,706.2,3531.2,,,37.8,118.9,416.8,272.5,470.8,,,2050.4,2101.2,2517.3,4237.5,1081.9,,,,,,,,,,,,,,,,,,,,,,,,,,,,,,,,,,,,,,,,,,,,,,,,,,,,,,,,,,,,,,,,,,,,,,,,,,,,,,,,,,,,,,,,,,,,,,,,,,,,,,,,,,,,,,,,,,,,,,,,,,,,,,,,
20260910_川崎_11R,20260910,34,川崎,11,763.3,584.2,920.0,935.9,2081.5,,,399.2,180.2,114.7,189.3,351.7,,,569.3,289.2,423.7,485.8,867.7,,,657.8,178.5,408.2,408.2,435.3,,,544.9,194.9,304.0,303.2,465.6,,,1904.6,807.0,1370.2,634.8,1058.1,,,,,,,,,,,,,,,,,761.8,551.2,812.1,1037.9,1505.6,,,499.8,170.9,220.9,764.9,492.7,,,223.6,122.2,219.5,410.0,376.0,,,763.3,274.6,337.9,1257.1,481.5,,,1286.8,1182.9,1164.8,2104.5,3283.8,,,2609.0,1517.6,1410.8,1493.8,3886.9,,,,,,,,,,,,,,,,,71.1,39.3,32.7,46.1,98.7,,,114.4,53.4,90.1,209.7,234.1,,,38.2,43.5,33.1,71.2,88.7,,,10.5,22.8,12.2,21.9,4.6,,,43.8,229.0,142.2,100.1,253.7,,,167.1,331.5,179.8,45.3,239.8,,,,,,,,,,,,,,,,,525.4,311.7,477.3,598.9,859.8,,,261.2,196.2,341.9,533.5,685.1,,,211.1,223.4,178.1,410.0,444.4,,,527.5,586.9,269.5,1013.0,644.5,,,867.7,1201.6,758.8,1511.5,2473.5,,,1771.7,1771.7,1007.7,964.3,2682.5,,,,,,,,,,,,,,,,,523.2,129.6,299.7,372.3,292.5,,,724.1,288.3,529.0,1157.8,593.3,,,34.2,76.0,41.2,70.1,13.9,,,323.9,487.7,147.8,619.3,379.4,,,507.8,1248.9,305.4,922.3,673.0,,,265.0,472.6,58.2,317.4,495.3,,,,,,,,,,,,,,,,,687.5,193.4,399.2,330.6,529.7,,,1244.8,1405.6,1400.4,2294.7,3593.5,,,248.6,940.5,578.9,378.6,940.5,,,856.0,1375.1,844.6,1499.6,2473.5,,,535.0,1529.8,419.9,1147.3,947.5,,,1269.7,3886.9,1747.3,2885.7,1649.0,,,,,,,,,,,,,,,,,2522.6,971.7,1914.1,856.0,1593.8,,,3283.8,2128.0,2201.8,2573.7,2489.6,,,710.6,1561.1,829.8,155.8,1322.6,,,2240.7,2821.6,1300.0,1123.6,3627.8,,,526.1,1209.2,126.9,683.8,1140.4,,,1470.7,4328.6,1747.3,3494.6,2116.2,,,,,,,,,,,,,,,,,,,,,,,,,,,,,,,,,,,,,,,,,,,,,,,,,,,,,,,,,,,,,,,,,,,,,,,,,,,,,,,,,,,,,,,,,,,,,,,,,,,,,,,,,,,,,,,,,,,,,,,,,,,,,,,,
20260910_富山_1R,20260910,46,富山,1,77.6,11.9,45.8,66.1,78.7,,,148.4,123.2,120.5,498.5,95.8,,,12.5,52.8,30.3,93.3,63.8,,,33.0,50.0,30.3,153.2,73.3,,,342.7,931.3,373.9,508.8,987.2,,,172.8,114.5,148.6,120.2,516.8,,,,,,,,,,,,,,,,,195.8,35.7,159.2,148.4,139.0,,,402.9,151.8,1121.8,396.4,303.7,,,17.1,33.6,88.2,8.8,39.6,,,440.7,931.3,444.6,997.1,987.2,,,190.5,204.8,39.8,496.0,189.1,,,253.7,296.4,167.6,802.6,436.8,,,,,,,,,,,,,,,,,584.1,308.5,474.6,1618.3,365.6,,,822.6,479.2,1109.2,949.2,617.0,,,334.6,362.9,1061.5,967.8,385.6,,,881.4,1935.7,1862.6,2820.6,1390.4,,,2407.8,2146.1,1673.2,2295.8,2468.0,,,246.1,238.4,185.5,481.5,577.3,,,,,,,,,,,,,,,,,31.3,80.4,56.4,160.2,104.3,,,17.9,43.0,87.2,10.6,53.1,,,195.1,206.0,525.1,527.9,178.8,,,216.4,373.9,783.5,865.9,715.3,,,539.4,136.1,725.8,931.3,836.6,,,237.8,225.3,273.4,584.1,802.6,,,,,,,,,,,,,,,,,335.7,476.9,237.8,949.2,440.7,,,671.5,2668.1,796.1,2193.8,1862.6,,,881.4,3085.0,2407.8,3656.3,2056.7,,,348.8,705.1,2193.8,2014.7,1828.1,,,1390.4,3656.3,3525.7,2903.5,3948.8,,,851.0,2407.8,2407.8,2146.1,3290.7,,,,,,,,,,,,,,,,,1645.3,2991.5,1451.7,2991.5,3404.1,,,1316.2,1134.7,239.6,2056.7,2014.7,,,3184.5,2742.2,2407.8,3796.9,4292.2,,,1518.7,296.4,1762.8,2243.6,2468.0,,,2350.5,3656.3,5484.5,3290.7,4701.0,,,3796.9,3085.0,3948.8,3656.3,3656.3,,,,,,,,,,,,,,,,,545.4,436.8,390.2,533.6,1762.8,,,671.5,809.1,465.6,1645.3,1673.2,,,378.2,446.7,369.7,725.8,889.3,,,481.5,406.2,645.2,1249.6,1410.3,,,1050.2,2468.0,1974.4,2014.7,2742.2,,,3404.1,3525.7,2407.8,2991.5,3656.3,,,,,,,,,,,,,,,,,,,,,,,,,,,,,,,,,,,,,,,,,,,,,,,,,,,,,,,,,,,,,,,,,,,,,,,,,,,,,,,,,,,,,,,,,,,,,,,,,,,,,,,,,,,,,,,,,,,,,,,,,,,,,,,,
20260910_富山_2R,20260910,46,富山,2,311.8,631.4,161.1,784.3,573.7,,,420.0,843.7,760.6,1859.3,2008.0,,,522.9,1103.3,1434.3,2231.1,1792.9,,,236.2,692.4,1035.0,1338.7,660.5,,,1338.7,2136.2,1968.6,1521.2,1645.9,,,974.7,2334.9,2281.8,760.6,2953.0,,,,,,,,,,,,,,,,,148.0,157.3,79.7,254.8,107.0,,,85.8,35.5,40.9,279.6,155.1,,,98.2,49.0,74.8,329.1,168.7,,,12.0,14.5,20.2,77.1,3.7,,,236.2,425.4,294.4,139.2,245.4,,,93.9,243.1,199.2,30.0,296.1,,,,,,,,,,,,,,,,,246.0,413.1,348.6,1103.3,1154.0,,,123.1,87.9,67.2,512.2,301.5,,,127.9,82.6,155.9,320.7,264.9,,,330.2,113.5,339.1,1167.4,545.6,,,1521.2,1270.9,1014.1,2136.2,3238.7,,,1414.1,929.6,1356.7,1004.0,3861.6,,,,,,,,,,,,,,,,,697.2,454.3,692.4,929.6,587.1,,,421.8,194.5,244.8,904.5,551.6,,,190.1,150.7,241.9,480.3,434.6,,,921.1,438.4,545.6,1761.4,896.4,,,1338.7,1645.9,1321.0,2953.0,2390.5,,,1014.1,1455.1,1375.3,1593.6,3137.5,,,,,,,,,,,,,,,,,97.5,438.4,796.8,1209.6,319.7,,,17.2,40.4,37.1,142.0,6.9,,,482.7,145.5,466.9,1930.8,660.5,,,947.1,289.3,560.9,1968.6,809.6,,,1825.5,707.0,2642.1,3137.5,1544.6,,,260.1,53.1,564.0,570.4,1024.5,,,,,,,,,,,,,,,,,462.6,888.5,608.5,560.9,570.4,,,256.1,517.5,403.2,147.6,323.8,,,929.6,836.6,475.8,1338.7,2091.7,,,656.2,760.6,778.3,974.7,1128.1,,,732.8,280.4,1859.3,1544.6,430.9,,,836.6,772.3,3238.7,2049.0,772.3,,,,,,,,,,,,,,,,,1239.5,3585.8,2510.0,1476.5,2788.9,,,489.7,1825.5,1270.9,172.8,1761.4,,,3861.6,3346.7,3137.5,4016.1,7171.6,,,3346.7,2953.0,3861.6,3238.7,7171.6,,,664.9,171.9,2953.0,1731.0,3462.1,,,3718.6,4365.3,8366.8,6693.5,4365.3,,,,,,,,,,,,,,,,,,,,,,,,,,,,,,,,,,,,,,,,,,,,,,,,,,,,,,,,,,,,,,,,,,,,,,,,,,,,,,,,,,,,,,,,,,,,,,,,,,,,,,,,,,,,,,,,,,,,,,,,,,,,,,,,
20260910_富山_3R,20260910,46,富山,3,183.2,940.1,70.9,815.6,111.3,,,192.4,662.1,81.4,273.6,313.3,,,703.7,1539.5,1620.5,2239.2,2463.2,,,72.6,99.0,1070.9,843.5,209.4,,,2414.9,1269.6,1599.4,2513.4,2620.4,,,444.6,625.1,1954.9,387.2,1924.3,,,,,,,,,,,,,,,,,394.7,1483.8,100.7,1161.8,163.7,,,301.1,1009.5,53.9,452.7,242.4,,,3622.3,3421.1,1811.1,4926.4,2864.1,,,33.2,19.6,228.0,121.8,7.2,,,2087.4,1061.7,2620.4,1089.9,1894.7,,,187.4,251.3,603.7,52.7,993.2,,,,,,,,,,,,,,,,,191.5,583.6,112.2,266.5,549.8,,,155.1,417.4,26.4,134.1,123.1,,,794.5,658.6,390.9,220.3,2087.4,,,60.9,9.2,139.0,33.4,107.4,,,221.5,76.3,48.5,41.4,513.1,,,638.1,549.8,2087.4,457.8,1256.7,,,,,,,,,,,,,,,,,4398.5,3732.1,6482.1,2932.3,4105.3,,,1894.7,1784.9,3972.9,7697.5,6482.1,,,3157.9,3079.0,2239.2,1269.6,8210.7,,,6842.2,4561.5,3732.1,9473.8,9999.9,,,4926.4,5864.7,1383.8,9999.9,9999.9,,,6842.2,6482.1,4398.5,7244.7,9473.8,,,,,,,,,,,,,,,,,77.4,135.1,867.3,746.4,198.6,,,23.9,9.2,150.9,87.9,6.0,,,80.1,12.3,180.3,49.6,88.6,,,1811.1,1080.3,926.0,2052.6,2019.0,,,1061.7,506.8,320.7,1161.8,926.0,,,320.7,74.7,284.4,1282.9,1207.4,,,,,,,,,,,,,,,,,3241.0,1687.1,3079.0,2280.7,3328.6,,,1353.4,940.1,3518.8,2019.0,3518.8,,,919.1,684.2,363.3,535.4,1620.5,,,3972.9,3732.1,837.8,3972.9,7244.7,,,2414.9,1664.3,985.2,3421.1,3003.9,,,4105.3,6482.1,3848.7,8210.7,5864.7,,,,,,,,,,,,,,,,,1001.3,1089.9,3518.8,1219.4,3518.8,,,403.8,504.7,826.5,183.8,3079.0,,,1043.7,1080.3,3848.7,933.0,2160.7,,,9473.8,5864.7,6482.1,6158.0,9999.9,,,1109.5,214.9,741.9,3241.0,2620.4,,,6158.0,6158.0,4736.9,9999.9,4736.9,,,,,,,,,,,,,,,,,,,,,,,,,,,,,,,,,,,,,,,,,,,,,,,,,,,,,,,,,,,,,,,,,,,,,,,,,,,,,,,,,,,,,,,,,,,,,,,,,,,,,,,,,,,,,,,,,,,,,,,,,,,,,,,,
20260910_富山_4R,20260910,46,富山,4,1409.6,1519.2,2909.2,9999.9,5064.2,,,551.3,201.0,230.5,2010.8,666.9,,,510.2,360.7,690.5,4021.6,1519.2,,,936.5,338.4,473.1,690.5,893.6,,,9999.9,9766.7,7196.5,3255.5,9999.9,,,1381.1,1120.7,2357.4,838.8,7596.3,,,,,,,,,,,,,,,,,1799.1,1873.0,4557.8,9999.9,7596.3,,,1314.7,317.9,2241.5,5944.9,2734.6,,,1799.1,372.5,2848.6,9999.9,5064.2,,,6511.1,5064.2,4272.9,8043.2,9999.9,,,9999.9,9999.9,9999.9,9999.9,9999.9,,,6511.1,4883.3,6215.2,8043.2,9999.9,,,,,,,,,,,,,,,,,85.8,27.1,14.9,266.0,71.5,,,188.8,34.5,192.3,651.1,178.7,,,10.3,1.9,7.8,117.2,12.5,,,37.2,133.6,51.7,157.8,96.9,,,990.8,1314.7,794.9,690.5,936.5,,,104.6,106.5,39.8,95.6,479.7,,,,,,,,,,,,,,,,,823.7,333.4,731.2,2848.6,1130.0,,,772.5,182.3,838.8,2848.6,1130.0,,,76.5,27.7,63.8,409.3,93.5,,,854.5,1254.4,410.6,3334.9,1709.1,,,9999.9,9999.9,4272.9,8043.2,9999.9,,,1799.1,1799.1,495.4,1709.1,5064.2,,,,,,,,,,,,,,,,,2398.8,613.1,983.7,962.9,1395.2,,,5469.3,4557.8,4021.6,9999.9,9766.7,,,663.7,2317.5,508.3,2441.6,1314.7,,,1439.3,3179.8,743.1,6836.7,4272.9,,,3179.8,9115.6,4883.3,8043.2,3695.5,,,2848.6,7196.5,2071.7,5064.2,4714.9,,,,,,,,,,,,,,,,,9999.9,9999.9,9766.7,4883.3,9999.9,,,9999.9,9999.9,9999.9,9999.9,9999.9,,,9999.9,9999.9,7596.3,8545.9,8545.9,,,9999.9,9999.9,9999.9,9999.9,9999.9,,,5697.2,9999.9,6511.1,9999.9,6215.2,,,9999.9,9999.9,6511.1,9999.9,5469.3,,,,,,,,,,,,,,,,,4143.4,1266.0,2103.6,1753.0,8545.9,,,5259.0,2398.8,3906.7,8043.2,9999.9,,,704.8,849.2,223.4,870.9,2909.2,,,1925.8,2317.5,610.4,2278.9,7196.5,,,2241.5,5259.0,1667.4,3906.7,3598.2,,,9999.9,9999.9,6215.2,9999.9,4883.3,,,,,,,,,,,,,,,,,,,,,,,,,,,,,,,,,,,,,,,,,,,,,,,,,,,,,,,,,,,,,,,,,,,,,,,,,,,,,,,,,,,,,,,,,,,,,,,,,,,,,,,,,,,,,,,,,,,,,,,,,,,,,,,,
20260910_富山_5R,20260910,46,富山,5,1668.2,8537.2,5805.3,4837.8,9999.9,,,3628.3,5805.3,1436.9,2459.8,7256.7,,,1630.7,9999.9,9999.9,9999.9,9999.9,,,5375.3,1511.8,5582.0,3539.8,7638.6,,,8537.2,4146.6,9999.9,5375.3,9999.9,,,4146.6,7638.6,9999.9,3455.5,9999.9,,,,,,,,,,,,,,,,,2232.8,8063.0,3922.5,3922.5,6597.0,,,628.2,748.1,122.1,262.9,1151.8,,,9675.6,2902.6,4268.6,5375.3,8537.2,,,1343.8,174.8,1511.8,472.7,1649.2,,,3023.6,592.3,3155.0,759.8,3455.5,,,9070.8,4031.5,8537.2,4837.8,8537.2,,,,,,,,,,,,,,,,,140.7,609.8,61.7,165.3,587.5,,,60.8,107.8,8.3,35.6,102.8,,,597.2,272.8,103.0,340.6,767.9,,,14.0,3.6,27.0,5.3,29.9,,,114.9,44.1,189.9,18.5,201.0,,,701.1,241.0,1022.0,104.4,446.5,,,,,,,,,,,,,,,,,6911.1,9999.9,7638.6,5183.3,7256.7,,,9999.9,1727.7,5183.3,4837.8,9999.9,,,6047.2,2845.7,1022.0,2418.9,4681.7,,,6911.1,6310.1,1284.3,3721.3,9999.9,,,9999.9,8063.0,3298.5,4681.7,5375.3,,,9999.9,9999.9,4031.5,9070.8,5582.0,,,,,,,,,,,,,,,,,551.8,171.5,1422.8,622.8,1436.9,,,364.6,54.6,566.9,171.1,633.7,,,35.9,12.0,66.5,15.9,74.9,,,2232.8,1527.7,317.5,1240.4,2591.6,,,471.2,153.0,63.3,408.8,589.9,,,2845.7,2015.7,365.5,2902.6,2073.3,,,,,,,,,,,,,,,,,3539.8,1161.0,8537.2,3023.6,9999.9,,,2902.6,382.9,2961.9,573.6,3721.3,,,425.6,154.2,582.8,88.3,843.8,,,5004.6,3628.3,1422.8,2340.8,4146.6,,,1029.3,414.6,149.9,1356.3,1577.5,,,9999.9,4398.0,2902.6,6911.1,5375.3,,,,,,,,,,,,,,,,,9999.9,9999.9,9999.9,9999.9,9999.9,,,9999.9,2015.7,9999.9,7638.6,9999.9,,,6047.2,7638.6,4837.8,2459.8,4837.8,,,9999.9,9999.9,6597.0,9999.9,7638.6,,,9999.9,8063.0,2502.3,9999.9,9999.9,,,9999.9,9999.9,5004.6,7638.6,8063.0,,,,,,,,,,,,,,,,,,,,,,,,,,,,,,,,,,,,,,,,,,,,,,,,,,,,,,,,,,,,,,,,,,,,,,,,,,,,,,,,,,,,,,,,,,,,,,,,,,,,,,,,,,,,,,,,,,,,,,,,,,,,,,,,
20260910_富山_6R,20260910,46,富山,6,4947.3,820.2,8795.2,2512.9,694.3,,,7196.1,4166.1,8332.3,8332.3,3861.3,,,402.8,1778.8,5459.1,803.6,225.1,,,9999.9,9999.9,8332.3,9999.9,7915.7,,,3166.2,7538.7,1388.7,9894.6,1308.3,,,282.2,1276.7,149.7,2029.6,502.5,,,,,,,,,,,,,,,,,5863.5,1217.8,9999.9,4397.6,1181.4,,,8332.3,7915.7,9999.9,7538.7,3441.6,,,965.3,3681.7,5277.1,977.2,314.1,,,9312.6,9999.9,9312.6,9999.9,6332.5,,,4397.6,5863.5,1364.7,9999.9,1208.5,,,440.9,889.4,195.4,2294.4,497.8,,,,,,,,,,,,,,,,,8795.2,8795.2,6596.4,8332.3,4947.3,,,9312.6,9312.6,9999.9,8332.3,4797.4,,,9999.9,7915.7,9999.9,9999.9,4797.4,,,6883.2,8795.2,9999.9,9999.9,9999.9,,,9894.6,9999.9,9999.9,9999.9,9999.9,,,4397.6,3769.3,2729.5,5277.1,6596.4,,,,,,,,,,,,,,,,,314.7,1138.9,1978.9,500.9,133.8,,,297.0,484.1,1552.1,270.6,105.4,,,2512.9,2056.0,5863.5,2512.9,1147.2,,,4278.7,4397.6,7538.7,6089.0,2229.7,,,509.0,444.7,1297.6,2029.6,196.9,,,52.5,37.0,157.6,390.9,53.4,,,,,,,,,,,,,,,,,9999.9,9999.9,7196.1,9999.9,9312.6,,,9999.9,9999.9,7538.7,8332.3,8332.3,,,8332.3,9999.9,9999.9,9999.9,9999.9,,,9312.6,9999.9,9999.9,9999.9,8795.2,,,9999.9,9999.9,9999.9,9999.9,9999.9,,,9894.6,5863.5,9999.9,5863.5,8795.2,,,,,,,,,,,,,,,,,5863.5,7196.1,3518.1,9999.9,2878.4,,,2553.4,6089.0,1649.1,9999.9,1341.6,,,9312.6,9312.6,8795.2,9999.9,9312.6,,,2827.0,1353.1,6089.0,8332.3,879.5,,,9999.9,9999.9,9894.6,9999.9,9999.9,,,1364.7,894.4,3298.2,565.4,5654.0,,,,,,,,,,,,,,,,,24.8,144.3,10.4,349.4,38.9,,,19.4,72.4,7.1,177.4,17.5,,,366.4,323.0,185.1,1048.4,412.2,,,7.9,3.7,32.9,109.0,7.7,,,1041.5,761.1,1583.1,545.9,915.1,,,36.3,40.7,169.3,16.4,365.6,,,,,,,,,,,,,,,,,,,,,,,,,,,,,,,,,,,,,,,,,,,,,,,,,,,,,,,,,,,,,,,,,,,,,,,,,,,,,,,,,,,,,,,,,,,,,,,,,,,,,,,,,,,,,,,,,,,,,,,,,,,,,,,,
20260910_富山_7R,20260910,46,富山,7,216.6,78.3,118.5,255.3,231.0,,,322.2,714.9,376.2,1875.3,187.2,,,232.5,693.2,642.6,1525.2,799.9,,,165.3,221.2,359.7,583.6,183.3,,,1611.1,2199.8,1707.3,1395.0,1759.9,,,339.4,247.6,738.0,383.8,1906.5,,,,,,,,,,,,,,,,,98.8,33.4,62.1,115.5,81.8,,,70.3,20.1,127.5,70.7,20.4,,,16.8,9.2,40.4,7.7,13.5,,,420.5,569.1,218.3,439.9,286.7,,,157.3,139.5,41.6,189.3,117.5,,,106.7,30.5,37.2,128.9,105.7,,,,,,,,,,,,,,,,,327.7,532.0,602.0,1110.6,252.5,,,111.1,42.2,252.5,123.5,31.7,,,389.0,103.7,499.5,589.6,109.1,,,1079.1,632.0,828.9,2599.8,478.6,,,1657.8,697.5,1191.6,3010.3,817.0,,,76.3,20.5,53.4,155.2,184.8,,,,,,,,,,,,,,,,,260.5,316.0,322.2,930.0,341.4,,,60.4,47.6,136.5,33.5,56.3,,,273.0,146.6,398.5,672.9,111.6,,,1143.9,1079.1,1733.2,2542.0,1938.8,,,1787.4,254.2,1191.6,1505.1,1299.9,,,680.9,244.9,196.8,937.6,1179.3,,,,,,,,,,,,,,,,,566.3,841.1,1216.9,1875.3,945.4,,,1257.0,1815.7,1285.3,2243.0,2042.7,,,1412.2,2042.7,3364.5,6020.7,1179.3,,,3364.5,2486.8,4085.4,5447.3,5199.7,,,6020.7,3690.1,5719.6,4575.7,6729.0,,,1611.1,2383.2,1412.2,5199.7,7149.6,,,,,,,,,,,,,,,,,2599.8,6020.7,4399.7,4399.7,4766.4,,,1361.8,733.2,191.6,1588.8,1110.6,,,3574.8,1429.9,2287.8,6355.2,2723.6,,,3944.6,387.7,2859.8,2933.1,3010.3,,,7149.6,3690.1,6729.0,4766.4,6355.2,,,5719.6,2486.8,3944.6,4236.8,6355.2,,,,,,,,,,,,,,,,,488.8,362.0,873.2,693.2,1634.1,,,348.7,104.0,176.2,510.6,415.9,,,149.5,60.9,137.4,263.5,393.1,,,922.5,284.5,289.6,1132.6,1191.6,,,1448.0,1361.8,853.6,2790.0,3466.4,,,4236.8,1505.1,1815.7,3010.3,4085.4,,,,,,,,,,,,,,,,,,,,,,,,,,,,,,,,,,,,,,,,,,,,,,,,,,,,,,,,,,,,,,,,,,,,,,,,,,,,,,,,,,,,,,,,,,,,,,,,,,,,,,,,,,,,,,,,,,,,,,,,,,,,,,,,
20260910_富山_8R,20260910,46,富山,8,708.8,290.7,591.2,324.0,1223.0,,,528.6,118.6,101.1,479.8,636.4,,,41.0,33.8,20.1,51.2,10.1,,,374.6,128.7,93.2,591.2,443.9,,,297.7,596.8,199.2,588.4,774.8,,,897.4,952.2,136.0,656.5,1057.2,,,,,,,,,,,,,,,,,1782.1,591.2,1732.6,897.4,2772.2,,,2012.1,1890.1,1370.8,1807.9,3465.2,,,487.3,1176.8,878.5,458.6,1006.0,,,1327.1,974.6,1048.3,1485.1,2353.7,,,410.3,537.7,227.6,439.2,770.0,,,2654.2,3564.3,1663.3,3465.2,2227.6,,,,,,,,,,,,,,,,,588.4,90.9,115.7,779.6,903.9,,,1113.8,599.7,485.4,1134.0,2188.6,,,79.3,304.2,68.1,663.5,183.9,,,57.8,97.6,35.7,215.0,208.6,,,1014.2,815.3,751.5,704.8,2545.9,,,1834.5,2114.4,1313.1,1211.1,3564.3,,,,,,,,,,,,,,,,,19.8,19.4,12.1,28.3,4.8,,,115.5,351.4,247.5,220.7,249.0,,,60.0,322.3,72.4,409.0,174.9,,,54.3,186.4,84.0,350.4,142.5,,,53.1,109.0,296.3,352.4,139.2,,,23.1,135.4,184.5,101.7,176.7,,,,,,,,,,,,,,,,,799.6,287.4,255.6,1030.9,1075.4,,,924.0,636.4,733.8,1247.5,1732.6,,,116.5,198.6,80.7,442.3,491.1,,,210.3,479.8,174.7,1006.0,495.0,,,1286.0,1579.1,1066.2,1235.1,2654.2,,,1732.6,2268.1,1782.1,1503.0,2545.9,,,,,,,,,,,,,,,,,275.3,630.0,153.6,495.0,660.0,,,111.5,298.4,45.8,240.8,199.2,,,842.9,903.9,725.2,982.2,2227.6,,,69.1,73.1,489.2,389.8,138.6,,,646.3,509.1,794.5,599.7,1299.4,,,1327.1,974.6,2772.2,799.6,1980.1,,,,,,,,,,,,,,,,,2772.2,2545.9,242.2,2446.0,3282.9,,,3898.4,4158.3,1599.3,4024.2,4990.0,,,3669.1,7796.9,2012.1,4301.7,6930.5,,,130.7,903.9,1075.4,820.7,1123.8,,,3118.7,3371.6,2545.9,1757.0,4990.0,,,2711.9,3669.1,5670.4,1757.0,4620.3,,,,,,,,,,,,,,,,,,,,,,,,,,,,,,,,,,,,,,,,,,,,,,,,,,,,,,,,,,,,,,,,,,,,,,,,,,,,,,,,,,,,,,,,,,,,,,,,,,,,,,,,,,,,,,,,,,,,,,,,,,,,,,,,
20260910_富山_9R,20260910,46,富山,9,893.9,709.9,225.1,763.8,527.0,,,260.6,36.9,21.0,250.3,58.9,,,317.5,69.7,54.5,432.5,100.8,,,28.4,6.0,10.8,37.1,4.6,,,473.2,907.4,749.6,210.6,591.5,,,189.4,100.2,79.0,25.3,275.5,,,,,,,,,,,,,,,,,3175.9,2742.8,1171.7,2943.5,2155.1,,,3175.9,2413.7,3893.1,4022.8,4022.8,,,2567.7,2567.7,3771.4,2806.6,2277.0,,,1340.9,2806.6,3261.7,3175.9,2943.5,,,1567.3,2234.9,1297.7,1856.7,1097.1,,,2277.0,3352.3,2194.2,3094.5,2011.4,,,,,,,,,,,,,,,,,413.3,63.6,59.1,400.9,122.2,,,1630.8,862.0,1724.0,1749.0,1403.3,,,29.9,180.6,60.1,246.8,42.7,,,99.4,556.1,124.6,527.0,265.2,,,1244.1,1749.0,914.2,1699.8,1885.7,,,328.8,981.1,227.7,534.0,1005.7,,,,,,,,,,,,,,,,,832.3,152.3,213.2,1005.7,235.7,,,2117.3,1219.0,3017.1,2567.7,1609.1,,,82.3,311.8,132.6,413.3,79.2,,,350.8,2045.5,324.4,2873.4,553.6,,,2514.2,2194.2,1311.8,3094.5,2011.4,,,318.4,935.5,207.0,410.4,1508.5,,,,,,,,,,,,,,,,,70.6,26.0,20.5,85.8,16.0,,,663.1,1567.3,1257.1,1419.8,855.9,,,89.4,855.9,110.4,705.7,284.6,,,166.4,868.2,219.4,1183.1,225.5,,,628.5,804.5,1699.8,1419.8,1149.3,,,165.7,722.6,477.0,252.4,1087.2,,,,,,,,,,,,,,,,,1257.1,2155.1,2234.9,826.6,1749.0,,,855.9,1527.6,783.6,1149.3,674.2,,,2567.7,2873.4,1856.7,3261.7,4469.8,,,3448.1,2080.7,2623.6,4310.2,2742.8,,,1244.1,1774.7,3175.9,2873.4,3094.5,,,2943.5,2155.1,4310.2,3448.1,3771.4,,,,,,,,,,,,,,,,,538.7,496.6,423.4,167.6,1454.0,,,2514.2,3094.5,2742.8,4022.8,3657.1,,,659.4,3448.1,663.1,1049.4,2742.8,,,701.6,2194.2,759.0,950.2,3771.4,,,230.7,2277.0,942.8,973.2,2623.6,,,3352.3,2623.6,3352.3,5485.7,4161.5,,,,,,,,,,,,,,,,,,,,,,,,,,,,,,,,,,,,,,,,,,,,,,,,,,,,,,,,,,,,,,,,,,,,,,,,,,,,,,,,,,,,,,,,,,,,,,,,,,,,,,,,,,,,,,,,,,,,,,,,,,,,,,,,
20260910_富山_10R,20260910,46,富山,10,627.4,479.0,379.6,696.5,392.3,,,447.9,238.0,131.1,737.1,195.9,,,180.1,113.9,68.5,281.7,52.6,,,109.7,40.9,39.2,192.2,16.8,,,848.3,1343.8,803.4,790.8,624.9,,,110.1,73.0,26.1,19.0,200.3,,,,,,,,,,,,,,,,,2138.7,1076.9,737.1,1150.3,914.7,,,2977.4,3996.0,1650.5,3615.5,3703.7,,,2080.1,3615.5,2372.6,2530.8,3230.8,,,536.5,937.3,1393.1,848.3,1168.0,,,778.7,1706.1,1419.1,564.5,1725.5,,,1033.0,2760.9,2664.0,1343.8,2489.3,,,,,,,,,,,,,,,,,1265.4,737.1,231.1,1745.4,507.8,,,2336.1,3230.8,1124.8,2530.8,2977.4,,,1503.4,3451.1,1332.0,5061.7,2233.1,,,81.9,241.4,325.8,290.9,219.4,,,3099.0,2664.0,4466.2,1503.4,5061.7,,,663.1,2336.1,1100.3,525.4,3301.1,,,,,,,,,,,,,,,,,961.0,668.9,386.3,1565.4,253.5,,,1946.8,3796.2,2664.0,2812.0,3163.5,,,1488.7,3451.1,1650.5,4601.5,2300.7,,,460.1,2080.1,1159.1,3451.1,867.7,,,2618.1,2812.0,5624.1,5061.7,3451.1,,,387.3,2573.7,1355.8,872.7,2865.1,,,,,,,,,,,,,,,,,50.4,15.9,11.2,100.2,7.4,,,97.9,151.7,270.6,145.7,179.7,,,9.1,36.8,39.7,43.2,24.0,,,93.3,337.4,172.9,657.3,195.4,,,158.1,135.4,209.7,499.5,442.7,,,14.8,119.8,55.5,101.3,279.6,,,,,,,,,,,,,,,,,888.0,1332.0,1518.5,1234.5,1419.1,,,562.4,1168.0,1474.2,416.0,1432.5,,,3230.8,3451.1,4338.6,2336.1,5423.2,,,1320.4,1380.4,1460.1,3615.5,4898.4,,,654.5,586.3,903.8,3037.0,2109.0,,,973.4,1224.6,1581.7,4466.2,2865.1,,,,,,,,,,,,,,,,,199.8,153.6,32.8,29.0,367.6,,,562.4,1745.4,1474.2,893.2,1533.8,,,441.4,1650.5,812.0,315.0,1946.8,,,158.3,693.3,461.5,419.4,1565.4,,,33.7,324.4,121.4,242.9,597.8,,,1047.2,1488.7,1503.4,3301.1,1474.2,,,,,,,,,,,,,,,,,,,,,,,,,,,,,,,,,,,,,,,,,,,,,,,,,,,,,,,,,,,,,,,,,,,,,,,,,,,,,,,,,,,,,,,,,,,,,,,,,,,,,,,,,,,,,,,,,,,,,,,,,,,,,,,,
20260910_富山_11R,20260910,46,富山,11,343.7,788.5,720.2,1715.3,720.2,,,233.0,157.1,80.0,287.8,64.7,,,759.7,303.0,516.7,746.1,567.8,,,495.2,116.3,383.3,433.3,209.2,,,2248.4,899.3,1331.1,862.1,1569.7,,,549.1,104.4,516.7,201.1,1020.7,,,,,,,,,,,,,,,,,342.3,541.9,354.7,1147.5,562.1,,,117.0,165.8,205.9,523.2,145.9,,,170.3,88.8,133.8,82.6,144.3,,,276.8,360.1,323.0,652.5,381.6,,,1498.9,1046.4,504.2,1033.4,1398.2,,,300.3,148.5,263.2,325.6,894.5,,,,,,,,,,,,,,,,,72.4,51.0,21.1,123.0,15.0,,,108.0,158.3,161.3,594.2,104.7,,,92.9,135.7,103.4,199.2,88.3,,,41.8,144.8,108.6,230.4,49.2,,,397.1,1163.5,679.1,620.8,625.5,,,11.4,56.3,38.3,29.9,141.8,,,,,,,,,,,,,,,,,300.8,179.4,153.7,199.5,353.2,,,77.6,42.2,58.7,37.3,86.2,,,87.6,88.5,59.7,84.2,84.4,,,90.9,97.1,60.8,52.4,179.8,,,84.0,86.8,57.9,32.9,155.3,,,202.9,177.3,99.0,153.0,186.3,,,,,,,,,,,,,,,,,583.8,187.3,501.1,457.1,286.3,,,433.3,441.3,418.0,875.7,602.8,,,99.3,365.6,284.4,504.2,172.7,,,318.1,351.0,270.1,330.7,466.0,,,652.5,1260.5,862.1,763.2,1188.4,,,227.3,569.8,216.3,533.2,723.4,,,,,,,,,,,,,,,,,3781.5,2310.9,2310.9,2054.1,3617.1,,,2521.0,2189.3,696.1,1980.8,2727.6,,,1733.2,2641.0,1320.5,2004.6,2004.6,,,1289.8,495.2,862.1,756.3,1422.1,,,1139.6,1934.7,1663.8,961.7,2004.6,,,2483.4,3466.4,2079.8,1980.8,2376.9,,,,,,,,,,,,,,,,,414.9,102.8,413.9,145.6,803.8,,,334.1,211.1,226.3,321.8,945.3,,,18.4,105.7,76.9,60.2,279.6,,,324.3,229.8,155.3,321.2,329.4,,,137.0,399.9,147.2,349.5,444.8,,,1584.6,1828.4,996.3,1279.9,1002.3,,,,,,,,,,,,,,,,,,,,,,,,,,,,,,,,,,,,,,,,,,,,,,,,,,,,,,,,,,,,,,,,,,,,,,,,,,,,,,,,,,,,,,,,,,,,,,,,,,,,,,,,,,,,,,,,,,,,,,,,,,,,,,,,
20260910_玉野_1R,20260910,61,玉野,1,17.0,45.9,63.0,111.3,,,,14.3,31.1,49.9,72.7,,,,89.6,76.3,202.1,183.0,,,,164.0,153.1,325.6,392.8,,,,275.4,265.6,399.3,562.0,,,,,,,,,,,,,,,,,,,,,,,,,14.4,36.2,63.3,97.3,,,,12.7,31.3,54.9,69.3,,,,69.4,71.2,170.8,184.2,,,,122.0,136.7,236.6,338.2,,,,223.7,190.1,399.8,472.8,,,,,,,,,,,,,,,,,,,,,,,,,8.0,21.8,38.4,43.1,,,,10.1,28.4,41.5,42.4,,,,43.1,47.2,127.0,124.6,,,,80.9,78.7,174.6,201.5,,,,86.6,84.3,155.3,196.5,,,,,,,,,,,,,,,,,,,,,,,,,106.5,98.0,202.1,296.3,,,,153.2,161.6,373.8,416.1,,,,64.4,74.5,168.5,247.7,,,,630.5,676.4,596.0,840.1,,,,624.2,797.6,791.6,1192.0,,,,,,,,,,,,,,,,,,,,,,,,,361.4,370.3,643.3,923.6,,,,342.2,396.8,785.7,987.1,,,,247.9,289.0,433.9,566.1,,,,770.4,999.6,833.4,1178.6,,,,1379.4,1449.0,1289.3,1533.4,,,,,,,,,,,,,,,,,,,,,,,,,741.5,630.5,996.4,1367.4,,,,695.7,654.0,1132.2,1196.5,,,,358.5,414.0,538.1,648.6,,,,931.8,1219.6,1100.6,1332.8,,,,1449.0,1367.4,1238.7,1533.4,,,,,,,,,,,,,,,,,,,,,,,,,,,,,,,,,,,,,,,,,,,,,,,,,,,,,,,,,,,,,,,,,,,,,,,,,,,,,,,,,,,,,,,,,,,,,,,,,,,,,,,,,,,,,,,,,,,,,,,,,,,,,,,,,,,,,,,,,,,,,,,,,,,,,,,,,,,,,,,,,,,,,,,,,,,,,,,,,,,,,,,,,,,,,,,,
20260910_玉野_2R,20260910,61,玉野,2,2.2,26.3,26.4,46.6,70.3,,,6.5,67.1,46.2,106.3,111.0,,,99.8,105.7,370.9,260.6,571.9,,,118.9,144.2,488.5,446.2,650.6,,,290.8,360.7,578.8,650.6,713.5,,,292.0,302.7,892.4,776.9,951.3,,,,,,,,,,,,,,,,,6.3,42.8,54.5,79.8,125.1,,,45.9,218.7,198.6,385.3,578.8,,,166.0,291.4,689.6,263.4,918.0,,,192.5,304.0,556.4,715.2,1104.4,,,438.0,915.1,632.1,1052.0,942.0,,,647.7,1406.1,1726.0,1836.0,1566.6,,,,,,,,,,,,,,,,,36.9,264.2,123.9,345.6,379.2,,,65.9,484.4,293.2,798.4,760.5,,,581.1,746.7,1264.2,1334.5,2719.4,,,430.8,667.2,1353.3,1628.5,2287.7,,,1075.5,2151.1,2719.4,2200.4,3313.3,,,993.9,1340.7,4575.5,1549.7,3895.3,,,,,,,,,,,,,,,,,187.5,157.6,516.5,451.8,646.3,,,282.8,609.4,1379.2,744.8,1292.6,,,565.2,818.9,1566.6,1790.4,2252.0,,,1181.3,1647.1,1601.4,1112.9,2001.7,,,379.7,678.2,794.0,768.6,228.0,,,1269.8,2620.5,2528.5,1974.3,726.0,,,,,,,,,,,,,,,,,242.6,243.2,938.9,670.3,823.5,,,326.4,571.9,1108.6,1455.8,1947.6,,,491.0,691.2,1413.0,1517.1,2001.7,,,1079.6,1656.6,1455.8,1610.3,2463.7,,,1007.8,1656.6,1601.4,1385.8,938.9,,,1592.5,2343.5,2362.7,2971.7,1316.2,,,,,,,,,,,,,,,,,852.8,1014.9,1071.5,1079.6,1176.5,,,960.8,2183.7,1427.0,1541.4,1685.7,,,1292.6,2484.9,2269.7,2463.7,2826.0,,,664.1,906.4,1275.4,892.4,352.3,,,1541.4,1859.7,1934.6,1666.2,1063.6,,,1226.6,1779.3,1705.6,581.1,860.4,,,,,,,,,,,,,,,,,1176.5,1186.2,1812.9,1908.9,2104.0,,,1379.2,3002.6,4003.5,3391.2,3558.7,,,1736.4,3695.6,4177.6,4059.9,4239.0,,,1768.4,3695.6,3843.4,3515.3,1059.7,,,2506.5,4003.5,3515.3,3792.8,2029.9,,,1666.2,2771.7,2442.8,1000.8,1463.2,,,,,,,,,,,,,,,,,,,,,,,,,,,,,,,,,,,,,,,,,,,,,,,,,,,,,,,,,,,,,,,,,,,,,,,,,,,,,,,,,,,,,,,,,,,,,,,,,,,,,,,,,,,,,,,,,,,,,,,,,,,,,,,,
20260910_玉野_3R,20260910,61,玉野,3,8.4,33.8,35.7,132.7,168.1,,,7.9,8.5,18.7,58.1,52.2,,,80.5,21.9,75.0,189.0,135.3,,,49.4,32.6,52.3,103.4,224.8,,,466.0,246.4,435.9,283.3,644.8,,,408.1,199.5,343.1,433.3,717.2,,,,,,,,,,,,,,,,,37.0,98.3,96.2,351.9,472.1,,,135.1,531.0,429.1,1162.0,1704.3,,,321.5,521.7,585.7,1340.4,1696.2,,,165.2,320.1,269.3,435.9,962.1,,,1242.7,2182.3,2056.9,1154.5,2933.6,,,1381.8,1854.4,2538.3,1696.2,2324.0,,,,,,,,,,,,,,,,,45.7,41.7,77.8,150.5,157.9,,,92.2,431.2,397.6,1118.4,1443.1,,,122.3,415.2,312.3,666.4,531.0,,,178.0,461.8,409.9,690.9,1443.1,,,618.1,1903.7,1260.2,1008.1,2068.8,,,635.7,1431.6,1091.1,1619.4,1529.5,,,,,,,,,,,,,,,,,173.9,86.3,195.8,387.7,244.9,,,356.4,581.0,677.8,1282.8,1460.8,,,132.8,420.5,341.8,666.4,340.8,,,207.2,519.4,229.8,247.3,377.1,,,641.4,1387.2,766.4,379.5,555.7,,,471.5,1255.8,491.6,461.2,536.5,,,,,,,,,,,,,,,,,54.3,30.5,64.1,110.8,209.6,,,102.9,217.3,220.2,318.7,593.5,,,91.2,264.9,166.0,326.2,585.7,,,104.4,275.9,118.9,116.4,206.5,,,121.6,260.4,216.1,70.3,191.2,,,393.7,744.0,569.0,336.0,359.7,,,,,,,,,,,,,,,,,991.4,596.5,875.0,438.0,1084.5,,,1301.4,2863.2,2933.6,1345.5,2863.2,,,718.6,2538.3,1255.8,949.3,1729.0,,,642.5,1371.2,299.5,426.5,233.0,,,311.7,676.5,544.7,263.7,370.5,,,744.0,1704.3,328.0,243.3,483.0,,,,,,,,,,,,,,,,,994.1,573.5,613.9,776.3,1132.6,,,1516.5,2691.0,2402.0,2156.0,3376.5,,,1022.5,2574.8,885.9,1873.8,1649.3,,,474.6,1612.2,229.2,530.2,248.0,,,776.3,1754.4,1150.8,606.6,525.5,,,798.9,1955.7,332.0,244.4,500.5,,,,,,,,,,,,,,,,,,,,,,,,,,,,,,,,,,,,,,,,,,,,,,,,,,,,,,,,,,,,,,,,,,,,,,,,,,,,,,,,,,,,,,,,,,,,,,,,,,,,,,,,,,,,,,,,,,,,,,,,,,,,,,,,
20260910_玉野_4R,20260910,61,玉野,4,78.1,49.4,119.5,220.4,291.1,,,61.3,31.4,81.9,275.8,96.7,,,11.8,18.7,3.4,68.1,96.9,,,175.9,218.6,34.8,365.4,650.0,,,554.8,603.2,410.1,724.9,1290.5,,,537.0,393.6,450.5,699.0,1276.5,,,,,,,,,,,,,,,,,244.3,88.9,211.2,354.0,719.0,,,275.6,358.0,808.0,551.3,621.3,,,70.5,315.1,89.4,166.8,692.1,,,362.4,1048.5,249.6,526.6,1894.2,,,414.9,620.2,359.5,653.6,998.0,,,1349.8,1249.3,1334.5,2689.4,1492.8,,,,,,,,,,,,,,,,,93.1,31.0,97.1,336.5,116.2,,,144.5,164.7,367.0,480.6,370.8,,,48.4,117.4,78.4,387.5,231.0,,,381.7,606.4,271.2,1162.7,1024.1,,,859.3,1125.6,1210.7,1505.6,1012.4,,,189.6,263.1,225.5,475.4,420.9,,,,,,,,,,,,,,,,,18.0,42.0,7.2,98.7,183.2,,,41.7,223.4,62.6,180.7,673.6,,,109.1,238.8,224.4,719.0,518.8,,,28.5,72.3,254.0,260.9,645.2,,,527.4,804.3,1631.1,915.1,2396.7,,,752.8,1355.0,1227.6,1319.5,2609.7,,,,,,,,,,,,,,,,,639.4,908.0,145.5,1449.8,2060.3,,,786.4,2036.5,545.3,1854.3,3454.1,,,1067.6,2084.7,1143.9,3595.1,3262.2,,,110.6,302.1,802.5,672.3,1685.7,,,3355.4,3488.3,4761.1,2669.1,4296.6,,,3829.5,4575.6,3829.5,3708.6,5872.0,,,,,,,,,,,,,,,,,1381.6,2036.5,1042.3,2731.1,4516.9,,,1223.3,1572.8,1162.7,1990.5,2689.4,,,1904.4,2122.4,2036.5,4003.6,2481.1,,,1227.6,1426.4,2731.1,1480.3,3670.0,,,3387.7,3420.6,4194.3,2481.1,5181.2,,,5338.2,3914.6,3011.3,4635.8,5420.3,,,,,,,,,,,,,,,,,1957.3,1253.8,1579.9,3202.9,5420.3,,,2446.6,1874.0,2429.8,4893.3,3748.1,,,834.8,1198.3,910.3,2097.1,1449.8,,,1990.5,2818.5,1874.0,3595.1,5505.0,,,5033.1,6181.0,4144.9,4697.6,6291.4,,,4962.2,4194.3,2887.8,6074.5,5181.2,,,,,,,,,,,,,,,,,,,,,,,,,,,,,,,,,,,,,,,,,,,,,,,,,,,,,,,,,,,,,,,,,,,,,,,,,,,,,,,,,,,,,,,,,,,,,,,,,,,,,,,,,,,,,,,,,,,,,,,,,,,,,,,,
20260910_玉野_5R,20260910,61,玉野,5,47.3,53.9,157.8,168.0,388.6,,,26.9,28.3,102.7,82.6,259.6,,,19.1,13.1,22.1,17.5,94.1,,,166.0,75.1,40.1,32.4,231.1,,,168.1,131.2,67.4,71.7,139.2,,,752.7,894.7,492.3,622.1,483.1,,,,,,,,,,,,,,,,,88.9,117.4,286.4,311.0,663.3,,,57.1,53.9,139.5,85.9,241.5,,,170.9,153.0,491.2,358.9,858.1,,,448.7,331.6,560.4,535.3,1133.9,,,500.1,286.9,396.6,586.5,626.5,,,1500.3,1100.0,1716.3,2120.6,1361.4,,,,,,,,,,,,,,,,,52.1,58.5,131.9,143.9,365.7,,,34.0,28.3,86.2,44.5,154.8,,,59.2,54.5,216.4,137.4,403.5,,,219.6,216.2,305.4,190.2,500.1,,,209.3,146.2,253.9,156.9,207.0,,,771.1,569.9,740.1,710.3,561.2,,,,,,,,,,,,,,,,,51.6,48.7,87.9,70.8,264.4,,,144.8,187.7,526.3,432.0,961.0,,,95.4,117.3,340.8,284.4,638.3,,,239.3,609.2,578.1,560.4,1235.5,,,249.0,561.9,412.6,678.6,582.7,,,885.7,1621.7,1764.4,2014.1,1185.7,,,,,,,,,,,,,,,,,307.8,150.5,90.8,70.6,481.0,,,437.6,385.5,553.4,508.1,1086.4,,,158.7,256.1,360.0,191.7,543.2,,,201.6,545.9,472.2,330.9,1160.8,,,72.2,205.2,116.7,112.7,49.6,,,878.6,1308.9,958.9,1218.5,308.6,,,,,,,,,,,,,,,,,519.5,366.9,321.5,252.4,314.6,,,581.9,261.7,653.4,298.2,332.6,,,371.6,224.7,477.3,168.5,195.8,,,497.8,776.5,657.3,545.9,651.5,,,168.8,225.6,177.6,226.5,77.7,,,397.7,268.1,242.3,446.0,147.1,,,,,,,,,,,,,,,,,2756.9,2722.8,1934.6,1575.3,1750.4,,,2883.0,2141.2,3196.4,2809.5,1621.7,,,1432.1,1256.7,1475.2,1136.8,940.5,,,2397.3,3446.1,2940.7,3341.7,2042.1,,,1441.5,2205.5,1510.6,2321.6,537.2,,,1395.9,1185.7,973.7,1274.8,471.7,,,,,,,,,,,,,,,,,,,,,,,,,,,,,,,,,,,,,,,,,,,,,,,,,,,,,,,,,,,,,,,,,,,,,,,,,,,,,,,,,,,,,,,,,,,,,,,,,,,,,,,,,,,,,,,,,,,,,,,,,,,,,,,,
20260910_玉野_6R,20260910,61,玉野,6,6.6,14.3,21.5,33.3,47.1,,,27.9,35.8,155.4,150.3,63.2,,,57.6,50.7,232.5,240.4,238.8,,,122.6,255.6,378.5,144.8,415.8,,,181.6,374.6,455.6,133.4,732.4,,,333.9,331.8,579.5,642.3,902.7,,,,,,,,,,,,,,,,,18.9,43.0,32.5,54.8,60.2,,,74.5,148.9,389.3,390.3,252.4,,,140.8,236.1,657.7,576.5,682.3,,,166.2,553.9,783.4,333.6,776.5,,,251.4,581.1,955.8,361.7,1518.1,,,492.4,708.8,945.5,1160.7,1492.3,,,,,,,,,,,,,,,,,36.6,44.9,194.4,189.1,72.0,,,61.9,60.7,273.7,269.0,129.7,,,29.7,31.1,127.2,102.9,22.1,,,389.3,477.9,349.0,436.1,295.8,,,368.3,438.3,196.9,267.8,268.0,,,80.8,87.7,53.1,179.9,169.4,,,,,,,,,,,,,,,,,98.5,98.7,293.0,444.0,264.1,,,180.9,233.5,677.0,645.2,636.7,,,62.7,90.5,201.9,259.1,48.6,,,654.8,957.9,635.8,698.6,1208.6,,,797.7,1001.7,790.5,743.6,1649.4,,,489.1,867.0,283.9,1054.6,1741.0,,,,,,,,,,,,,,,,,344.1,769.7,1037.2,377.5,1086.0,,,439.6,1189.0,1875.0,681.2,1687.5,,,860.2,1415.3,1107.9,1032.3,893.5,,,1279.1,2172.0,1182.6,1325.5,2204.7,,,215.3,363.5,465.2,662.7,587.3,,,2464.8,2627.2,2140.2,2708.3,1668.2,,,,,,,,,,,,,,,,,164.3,469.7,313.6,118.7,983.7,,,359.3,564.6,851.9,369.3,1401.7,,,450.0,555.3,437.4,338.5,456.0,,,821.6,939.5,752.5,628.5,1625.0,,,62.3,120.9,179.0,198.8,308.3,,,1941.3,1907.6,1242.9,2119.5,1096.8,,,,,,,,,,,,,,,,,1345.8,1290.4,2227.1,2944.6,3323.8,,,1110.7,1052.1,1410.7,1523.4,1601.2,,,572.7,646.1,399.5,891.7,867.0,,,1899.3,2596.1,655.8,2812.5,3250.0,,,1325.5,1655.6,1467.3,1783.5,1518.1,,,3323.8,4301.4,2321.4,3882.7,2691.7,,,,,,,,,,,,,,,,,,,,,,,,,,,,,,,,,,,,,,,,,,,,,,,,,,,,,,,,,,,,,,,,,,,,,,,,,,,,,,,,,,,,,,,,,,,,,,,,,,,,,,,,,,,,,,,,,,,,,,,,,,,,,,,,
20260910_玉野_7R,20260910,61,玉野,7,125.1,73.6,48.5,251.7,230.1,,,198.1,149.4,134.5,257.3,174.5,,,66.1,81.5,62.4,275.7,185.3,,,64.0,121.5,111.1,159.5,178.2,,,665.6,755.6,776.3,595.5,1189.5,,,440.5,186.4,343.0,262.9,465.1,,,,,,,,,,,,,,,,,74.2,53.1,25.0,130.6,172.3,,,140.2,267.5,98.1,347.7,307.7,,,74.4,229.4,97.0,343.5,372.8,,,10.2,28.1,30.6,10.3,67.5,,,339.9,491.5,601.5,90.1,789.3,,,368.9,266.9,651.3,251.7,769.3,,,,,,,,,,,,,,,,,315.2,262.9,189.2,347.2,284.0,,,320.2,710.1,208.2,617.2,408.3,,,402.5,909.3,845.9,1870.7,967.3,,,261.8,241.2,725.9,408.3,359.8,,,1196.2,1584.5,3145.6,1182.8,1182.8,,,107.3,267.9,379.1,110.1,293.8,,,,,,,,,,,,,,,,,65.7,83.8,66.3,297.5,244.1,,,116.7,375.4,114.8,637.6,622.6,,,274.8,752.9,725.9,2166.6,1327.0,,,203.9,245.8,577.7,441.4,1043.3,,,1444.4,1420.2,2757.5,1522.0,3629.5,,,999.1,1314.7,1203.0,1956.9,3145.6,,,,,,,,,,,,,,,,,47.3,145.4,134.1,165.3,250.5,,,13.1,27.9,36.8,11.7,55.7,,,260.6,138.0,553.6,364.5,435.1,,,221.7,145.6,415.9,482.0,699.6,,,162.8,39.7,179.5,373.1,252.1,,,501.3,196.6,345.8,980.7,413.8,,,,,,,,,,,,,,,,,1392.3,1947.9,2483.3,1275.2,3217.1,,,870.2,1138.4,1652.3,219.4,2166.6,,,2133.9,1956.9,3538.8,1620.8,2621.3,,,2637.6,2223.3,4666.5,2512.7,4937.8,,,615.4,162.1,763.7,1406.1,1043.3,,,3343.7,3077.2,2426.6,5308.2,2061.4,,,,,,,,,,,,,,,,,545.1,198.1,468.7,341.3,477.1,,,534.8,465.1,1126.4,436.4,1126.4,,,59.5,207.0,334.3,70.4,158.0,,,987.5,1627.0,962.9,2223.3,3266.6,,,497.8,280.6,261.3,1160.2,464.1,,,1912.8,1627.0,1033.2,3598.8,1001.5,,,,,,,,,,,,,,,,,,,,,,,,,,,,,,,,,,,,,,,,,,,,,,,,,,,,,,,,,,,,,,,,,,,,,,,,,,,,,,,,,,,,,,,,,,,,,,,,,,,,,,,,,,,,,,,,,,,,,,,,,,,,,,,,
20260910_玉野_8R,20260910,61,玉野,8,3.4,7.6,13.3,15.7,61.2,,,5.5,15.0,20.6,27.4,102.9,,,23.7,30.7,64.9,69.6,190.5,,,23.9,29.2,74.6,102.4,254.2,,,39.1,43.7,80.3,97.0,200.9,,,269.1,353.2,422.6,520.8,445.5,,,,,,,,,,,,,,,,,70.3,113.2,189.9,212.6,438.0,,,174.8,392.9,629.0,680.3,1372.7,,,445.9,648.6,897.7,1032.8,2134.8,,,934.9,1694.5,1772.0,2231.5,4203.5,,,753.1,1252.3,1434.5,1777.8,2453.6,,,2195.3,5768.6,5316.2,5648.4,5020.8,,,,,,,,,,,,,,,,,197.0,428.6,555.5,678.6,1291.0,,,288.7,1002.3,1580.9,1936.6,3845.7,,,1023.1,1673.6,2240.7,2869.0,5590.2,,,1694.5,2931.1,3029.3,3567.4,6305.2,,,1658.2,3227.7,4046.6,3208.6,6379.4,,,4974.8,8607.2,9999.9,8889.4,9513.2,,,,,,,,,,,,,,,,,686.3,815.4,1093.2,1957.6,2240.7,,,1106.6,1844.4,3663.8,4107.9,8607.2,,,1207.6,2023.3,3475.9,4929.5,8746.0,,,1895.9,3544.1,2169.0,4556.7,6025.0,,,3791.9,6025.0,5590.2,7858.7,9999.9,,,3266.5,9999.9,8472.7,9999.9,9999.9,,,,,,,,,,,,,,,,,1365.8,1633.2,1754.8,3063.5,4408.5,,,2287.9,3739.6,4885.1,5533.2,9513.2,,,2278.3,4046.6,4885.1,5422.5,9513.2,,,2420.7,4373.0,4338.0,5422.5,9683.1,,,5590.2,6951.9,5768.6,8093.3,5894.0,,,8889.4,9999.9,9999.9,9999.9,9999.9,,,,,,,,,,,,,,,,,1397.5,1613.8,2697.7,3098.6,4444.7,,,1916.0,4203.5,4798.7,6863.9,8215.9,,,2337.3,5533.2,5707.9,6232.8,9999.9,,,6232.8,7042.2,9859.1,6778.1,9999.9,,,5264.6,7134.9,5422.5,8093.3,9037.5,,,9999.9,9999.9,9999.9,9999.9,9999.9,,,,,,,,,,,,,,,,,5115.6,6455.4,3266.5,6778.1,7134.9,,,7134.9,9999.9,9999.9,9999.9,9999.9,,,8607.2,9999.9,9999.9,9999.9,9999.9,,,3475.9,9999.9,9999.9,9999.9,9999.9,,,9349.2,9999.9,9999.9,9999.9,9999.9,,,9999.9,9999.9,9999.9,9999.9,6951.9,,,,,,,,,,,,,,,,,,,,,,,,,,,,,,,,,,,,,,,,,,,,,,,,,,,,,,,,,,,,,,,,,,,,,,,,,,,,,,,,,,,,,,,,,,,,,,,,,,,,,,,,,,,,,,,,,,,,,,,,,,,,,,,,
20260910_玉野_9R,20260910,61,玉野,9,22.4,26.2,94.3,94.4,71.1,,,8.1,8.6,16.1,31.8,22.4,,,12.5,15.5,55.0,79.4,49.9,,,59.6,17.7,46.3,88.6,54.0,,,144.1,126.6,175.7,204.1,98.8,,,49.4,29.5,52.7,74.3,35.1,,,,,,,,,,,,,,,,,137.7,140.6,331.1,432.9,382.1,,,343.3,662.5,974.5,1396.3,1300.3,,,119.2,344.1,549.6,449.3,464.6,,,637.7,1114.0,1002.6,2219.2,1793.5,,,997.8,1921.9,1111.1,2412.2,1546.8,,,735.1,1518.6,852.6,1726.6,1102.2,,,,,,,,,,,,,,,,,162.3,154.8,152.8,336.9,285.2,,,403.6,942.4,1231.1,1809.1,1726.6,,,363.0,955.4,1515.8,2207.4,2029.8,,,310.8,1251.4,1422.6,2139.3,1549.7,,,1194.0,2792.7,2693.2,2537.2,2419.2,,,817.5,2426.3,2454.9,2000.5,1582.1,,,,,,,,,,,,,,,,,51.8,65.8,146.9,251.5,205.5,,,72.6,159.3,386.7,324.5,295.2,,,236.6,452.2,1027.4,1232.9,1168.8,,,379.8,615.0,1065.5,1038.9,869.6,,,668.9,718.6,1439.8,1028.7,745.7,,,479.1,581.1,1185.5,1053.4,767.0,,,,,,,,,,,,,,,,,221.6,96.1,178.6,289.5,186.0,,,723.0,1437.3,1177.1,2337.7,1953.5,,,268.8,1053.4,1231.1,1801.3,1190.5,,,527.0,846.6,1216.7,1785.8,1240.2,,,1031.2,2889.6,2133.9,2128.4,1035.1,,,467.5,1364.3,1333.6,1236.5,928.8,,,,,,,,,,,,,,,,,1129.2,856.1,1111.1,1056.1,603.0,,,1625.4,2728.6,1797.4,3328.8,1744.7,,,1513.1,2889.6,2821.1,2951.1,2331.1,,,1622.2,1782.0,2840.3,2821.1,1340.1,,,1615.9,3482.1,2830.6,2961.6,1576.1,,,414.4,796.3,922.6,668.9,767.0,,,,,,,,,,,,,,,,,210.5,127.8,155.5,149.5,144.5,,,571.9,1095.0,731.9,1264.7,836.4,,,450.5,1272.5,1242.1,1086.4,823.1,,,443.3,535.1,940.3,876.9,688.9,,,341.6,1312.6,977.9,920.6,803.3,,,133.7,413.2,443.6,337.2,404.3,,,,,,,,,,,,,,,,,,,,,,,,,,,,,,,,,,,,,,,,,,,,,,,,,,,,,,,,,,,,,,,,,,,,,,,,,,,,,,,,,,,,,,,,,,,,,,,,,,,,,,,,,,,,,,,,,,,,,,,,,,,,,,,,
20260910_武雄_1R,20260910,84,武雄,1,128.4,49.3,42.9,261.1,,,,272.9,60.2,252.3,579.3,,,,37.1,12.9,32.3,157.6,,,,62.5,199.6,68.2,170.5,,,,580.4,930.3,545.8,499.1,,,,,,,,,,,,,,,,,,,,,,,,,100.0,32.4,21.7,151.1,,,,252.5,142.4,234.8,737.8,,,,39.7,57.8,44.8,221.8,,,,13.4,54.5,14.6,23.3,,,,488.5,818.8,508.6,198.2,,,,,,,,,,,,,,,,,,,,,,,,,688.7,112.4,504.6,1122.2,,,,722.9,392.3,556.2,1689.3,,,,63.7,299.6,212.9,601.0,,,,588.9,528.7,377.6,827.2,,,,1877.0,2377.5,1383.5,1629.3,,,,,,,,,,,,,,,,,,,,,,,,,33.1,11.2,23.2,163.4,,,,54.6,113.2,72.3,357.0,,,,21.2,146.5,71.8,318.1,,,,53.4,105.4,77.8,226.1,,,,562.1,914.4,672.8,649.7,,,,,,,,,,,,,,,,,,,,,,,,,58.4,236.3,83.1,227.8,,,,23.0,67.8,19.8,27.0,,,,371.4,309.2,253.1,536.7,,,,91.7,78.7,132.4,207.2,,,,285.8,91.1,258.2,162.9,,,,,,,,,,,,,,,,,,,,,,,,,975.6,1354.3,946.8,869.8,,,,949.6,1193.2,853.6,331.2,,,,2031.4,1981.3,1445.8,1485.9,,,,1095.4,1126.2,1080.7,869.8,,,,705.4,262.4,876.9,531.4,,,,,,,,,,,,,,,,,,,,,,,,,,,,,,,,,,,,,,,,,,,,,,,,,,,,,,,,,,,,,,,,,,,,,,,,,,,,,,,,,,,,,,,,,,,,,,,,,,,,,,,,,,,,,,,,,,,,,,,,,,,,,,,,,,,,,,,,,,,,,,,,,,,,,,,,,,,,,,,,,,,,,,,,,,,,,,,,,,,,,,,,,,,,,,,,
20260910_武雄_2R,20260910,84,武雄,2,1078.3,1023.0,1064.0,2118.6,523.8,,,961.4,1400.0,350.0,1674.1,519.3,,,2063.8,1995.0,2258.5,2783.7,1813.6,,,741.1,296.6,1191.0,1496.2,488.5,,,4200.0,3150.0,4200.0,3627.3,2258.5,,,366.0,371.7,873.7,323.0,1023.0,,,,,,,,,,,,,,,,,708.2,631.6,831.2,1280.2,256.8,,,485.6,332.9,333.8,1103.2,115.1,,,335.7,286.7,262.5,206.9,39.1,,,555.4,411.3,514.8,1697.8,214.7,,,1885.0,1870.3,589.6,2028.8,414.1,,,53.0,26.0,9.6,50.3,44.2,,,,,,,,,,,,,,,,,680.1,1162.1,173.3,654.1,242.0,,,413.4,444.9,338.1,1098.1,193.8,,,1639.7,1322.6,1674.1,2301.9,1185.1,,,80.9,237.5,563.2,900.0,78.9,,,3279.4,3469.5,6650.0,3924.6,2493.7,,,76.2,103.9,279.0,38.7,327.4,,,,,,,,,,,,,,,,,2081.7,3573.1,3109.1,3325.0,1606.7,,,1134.6,1064.0,870.5,668.7,123.1,,,3325.0,1685.9,3279.4,5440.9,1978.5,,,2602.1,1433.5,3573.1,3683.1,1662.5,,,3069.2,1391.8,4275.0,4057.6,1639.7,,,1162.1,169.3,1093.1,1050.0,913.7,,,,,,,,,,,,,,,,,475.0,182.0,981.1,1515.2,322.2,,,811.5,529.6,837.0,2955.5,440.0,,,122.7,383.0,903.4,1554.5,158.2,,,1978.5,1617.5,2520.0,4057.6,1773.3,,,3740.6,6138.5,4694.1,5700.0,3573.1,,,305.3,314.5,191.2,880.1,1534.6,,,,,,,,,,,,,,,,,4603.8,4885.7,5320.0,5320.0,2520.0,,,4275.0,3235.1,1544.5,5700.0,1266.6,,,3990.0,3800.0,5440.9,4788.0,2689.9,,,6470.3,2063.8,6470.3,7481.3,1337.4,,,4987.5,7722.6,6470.3,6840.0,4352.7,,,1930.6,1040.8,2280.0,2063.8,2630.7,,,,,,,,,,,,,,,,,96.1,71.8,180.0,70.6,174.6,,,22.2,12.1,4.6,19.7,21.8,,,31.1,29.7,77.4,13.1,142.5,,,189.4,34.7,175.1,203.0,163.5,,,48.8,64.3,28.1,169.3,281.9,,,440.0,205.1,422.2,337.6,422.2,,,,,,,,,,,,,,,,,,,,,,,,,,,,,,,,,,,,,,,,,,,,,,,,,,,,,,,,,,,,,,,,,,,,,,,,,,,,,,,,,,,,,,,,,,,,,,,,,,,,,,,,,,,,,,,,,,,,,,,,,,,,,,,,
20260910_武雄_3R,20260910,84,武雄,3,213.8,140.2,119.5,211.7,208.2,,,215.4,141.4,118.1,504.9,200.2,,,128.3,123.2,61.9,298.7,99.5,,,42.9,45.6,23.7,67.9,8.0,,,168.4,452.4,323.4,192.8,305.2,,,153.8,112.6,69.0,24.0,349.3,,,,,,,,,,,,,,,,,624.8,472.9,317.4,430.4,593.8,,,965.0,725.2,968.9,789.8,1259.6,,,352.4,377.4,662.9,472.9,377.4,,,349.8,1001.3,779.5,624.8,555.2,,,314.4,505.9,326.9,414.0,511.3,,,480.5,568.4,509.2,1190.6,1961.6,,,,,,,,,,,,,,,,,795.0,398.2,189.0,1184.7,561.7,,,1073.2,909.9,961.1,1314.9,1128.8,,,329.6,655.6,224.9,1049.6,536.6,,,149.6,886.3,218.1,1139.6,240.7,,,1441.7,1190.6,2011.1,1329.5,2063.1,,,889.6,1772.7,1018.4,685.7,3149.0,,,,,,,,,,,,,,,,,291.8,240.2,93.6,650.3,197.4,,,551.4,624.8,561.7,598.3,683.7,,,223.2,298.7,136.1,879.8,270.7,,,95.4,227.7,140.0,828.1,148.1,,,1063.6,797.7,1772.7,1107.9,1314.9,,,225.3,567.1,338.9,215.0,1813.0,,,,,,,,,,,,,,,,,44.9,25.8,15.7,67.0,5.1,,,173.0,657.4,436.7,708.0,299.1,,,71.7,481.5,140.2,857.7,139.5,,,54.5,289.3,149.8,714.4,121.0,,,230.5,605.8,1300.6,1001.3,369.3,,,12.0,138.0,86.2,53.6,255.4,,,,,,,,,,,,,,,,,287.3,767.0,497.5,251.3,432.7,,,220.9,372.1,249.0,248.7,396.2,,,1352.1,1097.8,1869.7,1450.4,1945.7,,,920.4,729.6,1746.8,1087.8,1383.3,,,253.5,564.4,1407.7,909.9,344.3,,,927.6,1253.0,2136.8,1734.2,870.2,,,,,,,,,,,,,,,,,448.1,254.3,175.8,53.8,1092.8,,,1082.9,2175.6,1606.2,1005.5,2815.5,,,705.9,1617.0,916.9,646.8,3370.7,,,251.1,1697.3,409.8,286.2,2954.6,,,37.4,480.5,291.8,133.4,857.7,,,1945.7,2750.8,4198.6,3860.0,1994.3,,,,,,,,,,,,,,,,,,,,,,,,,,,,,,,,,,,,,,,,,,,,,,,,,,,,,,,,,,,,,,,,,,,,,,,,,,,,,,,,,,,,,,,,,,,,,,,,,,,,,,,,,,,,,,,,,,,,,,,,,,,,,,,,
20260910_武雄_4R,20260910,84,武雄,4,36.2,16.0,7.6,19.2,20.2,,,63.5,37.3,154.6,330.7,62.6,,,20.9,22.4,33.6,117.8,41.0,,,18.3,108.1,40.2,140.7,68.4,,,131.0,472.8,297.7,361.5,229.7,,,25.2,53.3,40.4,42.7,91.8,,,,,,,,,,,,,,,,,123.6,55.5,31.2,80.4,80.8,,,385.8,495.4,415.2,770.2,784.1,,,113.8,322.4,171.5,333.3,407.4,,,34.8,174.6,71.3,32.3,115.3,,,165.8,375.1,275.2,66.9,298.6,,,225.8,773.0,540.9,270.7,442.1,,,,,,,,,,,,,,,,,443.0,243.0,838.4,1482.9,383.1,,,681.2,621.0,703.1,1406.3,956.0,,,195.6,344.9,710.0,1397.3,313.6,,,1141.3,1371.0,1345.6,2868.2,1963.8,,,2505.6,3515.9,3515.9,3460.1,4192.0,,,919.7,1147.3,564.7,1786.7,2759.3,,,,,,,,,,,,,,,,,83.7,93.2,140.6,297.7,137.7,,,121.3,296.1,228.5,318.2,408.2,,,112.8,190.0,254.9,801.4,256.7,,,264.2,213.5,387.8,1106.5,681.2,,,1245.6,1217.8,1801.5,2158.3,2369.4,,,398.5,696.4,726.6,1159.5,1676.8,,,,,,,,,,,,,,,,,109.4,380.4,203.7,556.0,345.4,,,70.8,259.2,106.3,65.5,298.2,,,875.4,1009.2,1297.5,2658.4,1831.8,,,279.8,453.1,474.9,1415.5,828.8,,,1245.6,378.4,1043.0,1095.4,2179.8,,,676.9,589.1,1434.1,1482.9,1816.5,,,,,,,,,,,,,,,,,835.2,2319.0,743.9,1863.1,1879.2,,,756.9,1963.8,1602.8,350.4,1231.5,,,3353.6,3963.4,3070.2,4738.8,5069.5,,,2477.1,2076.0,3573.5,4113.0,4113.0,,,2477.1,679.0,4192.0,4541.4,3694.7,,,2422.1,2247.3,4738.8,4192.0,4113.0,,,,,,,,,,,,,,,,,243.5,494.3,256.7,368.2,681.2,,,356.7,1068.5,1063.3,825.7,1004.5,,,977.5,1743.9,1112.1,2422.1,3253.5,,,501.1,1073.8,999.9,1963.8,2724.8,,,689.8,943.6,1743.9,1614.7,2343.9,,,1463.0,2179.8,3114.1,3114.1,2868.2,,,,,,,,,,,,,,,,,,,,,,,,,,,,,,,,,,,,,,,,,,,,,,,,,,,,,,,,,,,,,,,,,,,,,,,,,,,,,,,,,,,,,,,,,,,,,,,,,,,,,,,,,,,,,,,,,,,,,,,,,,,,,,,,
20260910_武雄_5R,20260910,84,武雄,5,1886.0,1305.7,840.3,2520.9,1333.0,,,1914.3,255.8,579.9,1354.3,617.9,,,393.5,162.7,91.5,159.0,108.3,,,301.6,314.7,122.8,336.7,198.9,,,1111.8,919.1,334.1,1173.3,713.2,,,757.7,554.7,220.8,281.0,744.4,,,,,,,,,,,,,,,,,2860.8,1720.3,1069.8,3264.2,1463.3,,,2995.4,2233.4,661.3,4389.9,929.2,,,1664.1,1818.6,578.6,2926.6,843.0,,,255.3,261.9,299.1,957.1,101.2,,,4389.9,5417.3,4804.0,3182.6,4992.4,,,946.5,613.5,604.7,176.5,2797.9,,,,,,,,,,,,,,,,,854.4,181.8,247.1,816.0,234.8,,,1074.3,1248.1,445.9,2233.4,467.1,,,214.6,902.8,160.2,1092.7,249.8,,,160.4,202.5,96.5,664.7,56.0,,,2314.6,4174.0,2860.8,2860.8,1793.0,,,162.9,265.2,171.6,77.0,597.6,,,,,,,,,,,,,,,,,388.1,191.0,84.1,139.6,83.7,,,998.4,1212.4,411.9,2995.4,538.2,,,253.6,975.5,219.4,1581.4,298.8,,,67.7,138.3,89.3,445.9,37.0,,,877.9,3744.3,2233.4,1886.0,1218.2,,,146.1,298.1,222.1,74.7,495.3,,,,,,,,,,,,,,,,,108.7,50.9,27.6,153.5,37.1,,,64.4,50.3,45.6,257.9,18.0,,,62.0,89.2,43.0,316.2,28.4,,,21.3,47.8,29.6,207.6,13.6,,,762.3,994.5,986.8,866.0,502.1,,,28.2,14.7,16.7,12.8,105.5,,,,,,,,,,,,,,,,,4389.9,3917.1,1506.5,4041.5,3067.6,,,5786.6,5417.3,6062.2,5092.2,5921.2,,,4804.0,5658.1,4041.5,6062.2,4896.4,,,1697.4,5417.3,4896.4,4243.5,3978.3,,,3978.3,4896.4,6210.1,4389.9,2598.1,,,3744.3,4629.3,4466.9,3182.6,2624.8,,,,,,,,,,,,,,,,,480.4,348.3,247.9,224.1,709.2,,,471.5,253.6,332.8,99.6,1167.9,,,201.4,214.5,186.1,73.9,601.9,,,208.1,283.2,192.8,94.0,818.6,,,74.0,41.6,37.6,44.7,246.2,,,1488.9,2652.2,1471.7,2104.2,1178.7,,,,,,,,,,,,,,,,,,,,,,,,,,,,,,,,,,,,,,,,,,,,,,,,,,,,,,,,,,,,,,,,,,,,,,,,,,,,,,,,,,,,,,,,,,,,,,,,,,,,,,,,,,,,,,,,,,,,,,,,,,,,,,,,
20260910_武雄_6R,20260910,84,武雄,6,80.2,47.8,91.7,288.5,39.3,,,61.2,29.0,214.0,159.8,76.0,,,13.0,11.8,51.6,11.9,16.0,,,308.3,504.2,299.7,939.3,408.5,,,478.6,364.6,156.4,746.3,564.6,,,25.9,79.0,29.7,131.0,213.6,,,,,,,,,,,,,,,,,228.4,121.4,184.7,806.2,73.7,,,282.5,431.3,367.2,1515.2,263.8,,,244.3,568.9,550.2,969.5,272.3,,,353.9,472.6,562.5,1656.7,152.7,,,2393.0,3207.7,2337.4,2871.7,1838.5,,,39.6,130.3,77.7,34.4,397.7,,,,,,,,,,,,,,,,,61.3,24.9,201.5,156.8,89.9,,,103.3,136.3,164.2,442.7,131.4,,,36.1,90.8,242.3,156.9,187.6,,,753.8,679.1,835.2,1522.8,975.8,,,682.1,1168.7,671.5,1478.0,1794.8,,,171.0,93.7,207.5,421.7,714.5,,,,,,,,,,,,,,,,,43.2,32.2,114.9,26.7,55.6,,,225.8,463.8,797.6,905.4,474.1,,,76.4,219.4,721.3,330.9,454.7,,,823.8,1732.9,1272.2,3045.7,2217.1,,,152.9,902.7,656.9,1629.8,936.4,,,162.2,431.3,603.0,1220.7,837.5,,,,,,,,,,,,,,,,,1328.3,1970.7,1215.8,4307.5,1507.6,,,902.7,1043.3,1957.9,6030.5,664.1,,,2692.2,2319.4,3426.4,7538.2,3108.5,,,1957.9,3108.5,3816.8,6700.6,4568.6,,,8375.7,7934.9,9137.2,8149.4,8375.7,,,1983.7,963.3,2927.4,3722.5,7179.2,,,,,,,,,,,,,,,,,2355.6,1603.8,489.4,3350.3,2716.4,,,4246.8,4568.6,4500.4,6415.5,5384.4,,,2037.3,3865.7,1732.9,5384.4,4434.2,,,511.9,2818.0,1957.9,4187.8,4130.5,,,8149.4,9422.7,9422.7,8375.7,9137.2,,,4711.3,4568.6,5583.8,6554.9,8615.1,,,,,,,,,,,,,,,,,46.3,152.1,45.7,232.6,378.8,,,31.0,110.5,67.3,39.9,426.4,,,242.3,222.8,447.3,714.5,1358.2,,,115.8,264.2,545.2,844.6,712.8,,,886.8,367.2,1570.4,1310.9,3108.5,,,1693.9,2250.2,3967.4,1945.3,3387.9,,,,,,,,,,,,,,,,,,,,,,,,,,,,,,,,,,,,,,,,,,,,,,,,,,,,,,,,,,,,,,,,,,,,,,,,,,,,,,,,,,,,,,,,,,,,,,,,,,,,,,,,,,,,,,,,,,,,,,,,,,,,,,,,
20260910_武雄_7R,20260910,84,武雄,7,48.4,41.9,21.5,191.0,12.9,,,154.4,108.7,112.5,213.1,151.2,,,41.0,23.8,38.5,186.1,59.5,,,4.7,17.0,11.9,65.7,7.1,,,561.0,480.0,755.5,451.5,480.0,,,11.3,61.6,55.8,20.4,223.3,,,,,,,,,,,,,,,,,521.4,518.4,135.0,1192.6,148.6,,,1208.9,1641.7,1422.2,2659.6,985.0,,,1030.8,1248.6,1715.8,3128.9,591.0,,,230.2,933.1,1343.2,1899.7,369.9,,,3854.5,4749.3,5114.6,3594.0,3745.9,,,144.3,352.7,312.8,199.2,1117.4,,,,,,,,,,,,,,,,,1297.3,775.3,736.7,1913.3,1214.4,,,1809.2,1872.9,1955.5,2607.4,1784.9,,,531.9,775.3,777.6,414.2,889.5,,,1072.4,1984.7,1970.0,2162.2,2532.9,,,2077.8,3204.3,913.9,2922.6,3499.4,,,2180.0,1899.7,933.1,2462.6,3854.5,,,,,,,,,,,,,,,,,311.0,167.5,183.0,740.8,263.0,,,690.8,857.9,1126.9,2162.2,713.0,,,265.1,451.5,394.0,253.0,563.4,,,394.0,1042.9,714.9,1859.8,1303.7,,,2374.6,3643.3,996.1,3745.9,3911.1,,,690.8,847.0,866.3,1399.7,2741.8,,,,,,,,,,,,,,,,,41.0,100.2,97.7,268.6,50.4,,,176.9,724.6,946.4,1834.2,291.9,,,569.5,1641.7,1461.3,3366.5,2216.3,,,468.2,1651.9,1047.0,3204.3,1872.9,,,1846.9,3969.5,5114.6,4507.8,4835.6,,,205.0,277.9,1068.1,1237.0,2198.0,,,,,,,,,,,,,,,,,4289.6,4155.6,5427.7,3166.2,6332.4,,,5114.6,5114.6,6998.9,6185.1,5114.6,,,4091.7,5910.2,1161.4,6998.9,6819.5,,,5658.7,7598.8,1399.7,8579.3,9498.6,,,4749.3,6998.9,8059.4,8059.4,7387.8,,,6044.5,4925.2,6649.0,8059.4,7598.8,,,,,,,,,,,,,,,,,81.7,360.3,322.3,92.9,913.9,,,113.3,313.6,279.0,146.3,929.9,,,681.9,1176.8,1151.3,1583.1,2162.2,,,789.2,669.9,943.1,1429.8,2799.5,,,186.2,243.3,751.3,996.1,1738.3,,,1156.3,3166.2,3454.0,4155.6,4925.2,,,,,,,,,,,,,,,,,,,,,,,,,,,,,,,,,,,,,,,,,,,,,,,,,,,,,,,,,,,,,,,,,,,,,,,,,,,,,,,,,,,,,,,,,,,,,,,,,,,,,,,,,,,,,,,,,,,,,,,,,,,,,,,,
