race_key,date,jo_code,jo_name,race_no,1-2-3,1-2-4,1-2-5,1-2-6,1-2-7,1-2-8,1-2-9,1-3-2,1-3-4,1-3-5,1-3-6,1-3-7,1-3-8,1-3-9,1-4-2,1-4-3,1-4-5,1-4-6,1-4-7,1-4-8,1-4-9,1-5-2,1-5-3,1-5-4,1-5-6,1-5-7,1-5-8,1-5-9,1-6-2,1-6-3,1-6-4,1-6-5,1-6-7,1-6-8,1-6-9,1-7-2,1-7-3,1-7-4,1-7-5,1-7-6,1-7-8,1-7-9,1-8-2,1-8-3,1-8-4,1-8-5,1-8-6,1-8-7,1-8-9,1-9-2,1-9-3,1-9-4,1-9-5,1-9-6,1-9-7,1-9-8,2-1-3,2-1-4,2-1-5,2-1-6,2-1-7,2-1-8,2-1-9,2-3-1,2-3-4,2-3-5,2-3-6,2-3-7,2-3-8,2-3-9,2-4-1,2-4-3,2-4-5,2-4-6,2-4-7,2-4-8,2-4-9,2-5-1,2-5-3,2-5-4,2-5-6,2-5-7,2-5-8,2-5-9,2-6-1,2-6-3,2-6-4,2-6-5,2-6-7,2-6-8,2-6-9,2-7-1,2-7-3,2-7-4,2-7-5,2-7-6,2-7-8,2-7-9,2-8-1,2-8-3,2-8-4,2-8-5,2-8-6,2-8-7,2-8-9,2-9-1,2-9-3,2-9-4,2-9-5,2-9-6,2-9-7,2-9-8,3-1-2,3-1-4,3-1-5,3-1-6,3-1-7,3-1-8,3-1-9,3-2-1,3-2-4,3-2-5,3-2-6,3-2-7,3-2-8,3-2-9,3-4-1,3-4-2,3-4-5,3-4-6,3-4-7,3-4-8,3-4-9,3-5-1,3-5-2,3-5-4,3-5-6,3-5-7,3-5-8,3-5-9,3-6-1,3-6-2,3-6-4,3-6-5,3-6-7,3-6-8,3-6-9,3-7-1,3-7-2,3-7-4,3-7-5,3-7-6,3-7-8,3-7-9,3-8-1,3-8-2,3-8-4,3-8-5,3-8-6,3-8-7,3-8-9,3-9-1,3-9-2,3-9-4,3-9-5,3-9-6,3-9-7,3-9-8,4-1-2,4-1-3,4-1-5,4-1-6,4-1-7,4-1-8,4-1-9,4-2-1,4-2-3,4-2-5,4-2-6,4-2-7,4-2-8,4-2-9,4-3-1,4-3-2,4-3-5,4-3-6,4-3-7,4-3-8,4-3-9,4-5-1,4-5-2,4-5-3,4-5-6,4-5-7,4-5-8,4-5-9,4-6-1,4-6-2,4-6-3,4-6-5,4-6-7,4-6-8,4-6-9,4-7-1,4-7-2,4-7-3,4-7-5,4-7-6,4-7-8,4-7-9,4-8-1,4-8-2,4-8-3,4-8-5,4-8-6,4-8-7,4-8-9,4-9-1,4-9-2,4-9-3,4-9-5,4-9-6,4-9-7,4-9-8,5-1-2,5-1-3,5-1-4,5-1-6,5-1-7,5-1-8,5-1-9,5-2-1,5-2-3,5-2-4,5-2-6,5-2-7,5-2-8,5-2-9,5-3-1,5-3-2,5-3-4,5-3-6,5-3-7,5-3-8,5-3-9,5-4-1,5-4-2,5-4-3,5-4-6,5-4-7,5-4-8,5-4-9,5-6-1,5-6-2,5-6-3,5-6-4,5-6-7,5-6-8,5-6-9,5-7-1,5-7-2,5-7-3,5-7-4,5-7-6,5-7-8,5-7-9,5-8-1,5-8-2,5-8-3,5-8-4,5-8-6,5-8-7,5-8-9,5-9-1,5-9-2,5-9-3,5-9-4,5-9-6,5-9-7,5-9-8,6-1-2,6-1-3,6-1-4,6-1-5,6-1-7,6-1-8,6-1-9,6-2-1,6-2-3,6-2-4,6-2-5,6-2-7,6-2-8,6-2-9,6-3-1,6-3-2,6-3-4,6-3-5,6-3-7,6-3-8,6-3-9,6-4-1,6-4-2,6-4-3,6-4-5,6-4-7,6-4-8,6-4-9,6-5-1,6-5-2,6-5-3,6-5-4,6-5-7,6-5-8,6-5-9,6-7-1,6-7-2,6-7-3,6-7-4,6-7-5,6-7-8,6-7-9,6-8-1,6-8-2,6-8-3,6-8-4,6-8-5,6-8-7,6-8-9,6-9-1,6-9-2,6-9-3,6-9-4,6-9-5,6-9-7,6-9-8,7-1-2,7-1-3,7-1-4,7-1-5,7-1-6,7-1-8,7-1-9,7-2-1,7-2-3,7-2-4,7-2-5,7-2-6,7-2-8,7-2-9,7-3-1,7-3-2,7-3-4,7-3-5,7-3-6,7-3-8,7-3-9,7-4-1,7-4-2,7-4-3,7-4-5,7-4-6,7-4-8,7-4-9,7-5-1,7-5-2,7-5-3,7-5-4,7-5-6,7-5-8,7-5-9,7-6-1,7-6-2,7-6-3,7-6-4,7-6-5,7-6-8,7-6-9,7-8-1,7-8-2,7-8-3,7-8-4,7-8-5,7-8-6,7-8-9,7-9-1,7-9-2,7-9-3,7-9-4,7-9-5,7-9-6,7-9-8,8-1-2,8-1-3,8-1-4,8-1-5,8-1-6,8-1-7,8-1-9,8-2-1,8-2-3,8-2-4,8-2-5,8-2-6,8-2-7,8-2-9,8-3-1,8-3-2,8-3-4,8-3-5,8-3-6,8-3-7,8-3-9,8-4-1,8-4-2,8-4-3,8-4-5,8-4-6,8-4-7,8-4-9,8-5-1,8-5-2,8-5-3,8-5-4,8-5-6,8-5-7,8-5-9,8-6-1,8-6-2,8-6-3,8-6-4,8-6-5,8-6-7,8-6-9,8-7-1,8-7-2,8-7-3,8-7-4,8-7-5,8-7-6,8-7-9,8-9-1,8-9-2,8-9-3,8-9-4,8-9-5,8-9-6,8-9-7,9-1-2,9-1-3,9-1-4,9-1-5,9-1-6,9-1-7,9-1-8,9-2-1,9-2-3,9-2-4,9-2-5,9-2-6,9-2-7,9-2-8,9-3-1,9-3-2,9-3-4,9-3-5,9-3-6,9-3-7,9-3-8,9-4-1,9-4-2,9-4-3,9-4-5,9-4-6,9-4-7,9-4-8,9-5-1,9-5-2,9-5-3,9-5-4,9-5-6,9-5-7,9-5-8,9-6-1,9-6-2,9-6-3,9-6-4,9-6-5,9-6-7,9-6-8,9-7-1,9-7-2,9-7-3,9-7-4,9-7-5,9-7-6,9-7-8,9-8-1,9-8-2,9-8-3,9-8-4,9-8-5,9-8-6,9-8-7
20260903_青森_1R,20260903,12,青森,1,217.4,157.4,152.9,272.6,62.0,544.9,44.2,245.3,107.9,311.1,1260.3,132.5,368.8,239.6,602.0,414.9,751.7,2104.3,300.2,559.1,615.3,158.8,274.0,394.1,789.5,32.9,734.2,134.4,1124.9,2123.3,2772.7,1398.7,956.1,3741.0,1253.6,19.5,55.0,63.6,7.2,212.0,157.2,19.0,1267.1,1124.9,927.9,1745.8,4859.5,780.4,1659.7,31.0,120.9,131.1,97.1,305.2,33.8,456.7,774.0,850.8,496.1,635.2,199.9,1428.4,137.7,1101.3,1689.5,2756.5,1997.3,1342.9,3366.9,891.0,1714.0,2213.0,3101.1,2618.7,1870.5,2142.6,1354.5,886.0,2709.0,3041.1,2480.9,812.7,3711.6,931.5,1172.5,1877.9,2507.3,2368.7,1253.6,3206.6,482.4,262.3,1166.7,1111.7,487.9,889.3,2234.0,294.2,3465.9,5068.5,3228.5,5819.4,5679.2,4405.3,2693.5,94.2,378.6,362.8,296.2,118.4,124.3,634.4,514.6,293.1,554.5,1972.2,195.1,661.1,405.3,736.5,735.3,1689.5,1758.8,977.9,1608.7,695.2,300.8,363.7,903.0,1758.8,476.6,113.3,572.0,805.7,2058.4,1841.3,4285.2,825.5,2113.7,1778.7,4134.8,3598.2,3741.0,5014.6,5481.0,9242.6,3928.1,330.0,940.8,849.3,581.9,3517.7,1695.5,926.0,1415.5,1772.0,449.7,2678.2,8127.1,1806.0,2618.7,547.4,451.0,780.4,1636.7,2618.7,798.9,1576.5,2132.9,1302.1,2724.7,6931.9,1005.0,2031.7,2049.4,2040.5,1642.4,4098.9,4621.3,2322.0,1819.9,2322.0,837.2,956.1,2162.2,2547.9,996.5,442.1,1366.3,3801.4,5481.0,4446.9,5418.0,3366.9,5237.4,5014.6,9619.8,7365.2,4364.5,6121.7,9999.9,4532.4,9999.9,1370.2,2368.7,2152.3,3228.5,6639.0,2123.3,3770.9,2067.4,2234.0,911.7,4489.2,4446.9,2429.7,2534.2,2589.9,2076.5,2789.1,4208.6,6831.5,3654.0,3770.9,372.3,592.1,754.1,1520.5,70.8,1473.0,281.2,643.9,1988.9,1772.0,2223.4,537.4,2633.3,775.2,1029.2,2255.3,2724.7,4489.2,911.7,3184.9,1603.3,2772.7,3598.2,4063.5,4621.3,2520.7,4910.1,4324.5,3994.6,4246.6,5545.5,4761.3,2417.3,6733.9,5296.3,47.2,286.5,508.4,634.4,1103.9,1073.7,237.5,3770.9,5014.6,4098.9,5819.4,7727.4,3206.6,6202.2,483.4,733.0,1415.5,2520.7,2927.7,415.6,3654.0,3121.6,4667.0,9999.9,5014.6,3801.4,9999.9,3273.4,2927.7,3654.0,3273.4,5123.6,4063.5,6369.9,1366.3,5679.2,4761.3,4171.4,9999.9,9619.8,9999.9,5892.1,9999.9,7989.3,6121.7,7035.4,9999.9,8127.1,9999.9,5819.4,6831.5,9999.9,6202.2,4713.7,9999.9,9427.4,4063.5,4285.2,7727.4,9999.9,4171.4,9999.9,7035.4,9999.9,9999.9,9999.9,9999.9,9999.9,9999.9,9999.9,3041.1,1437.1,4713.7,9242.6,5679.2,3296.3,8893.8,37.9,87.4,125.4,12.5,349.1,312.3,38.5,149.9,661.1,733.0,251.9,876.1,1240.4,224.7,263.1,621.0,1007.2,411.6,2547.9,2142.6,713.1,706.7,1394.5,1520.5,1280.9,4532.4,2244.6,2132.9,34.3,146.3,255.6,459.8,793.5,702.4,167.4,1665.6,3101.1,4621.3,5892.1,2182.2,8729.1,4028.8,1515.6,4208.6,4324.5,2152.3,2663.1,8417.3,4028.8,103.4,190.3,497.7,841.7,181.0,1411.3,1428.4,5356.5,5611.5,3228.5,4713.7,9999.9,3682.6,4713.7,6546.8,7365.2,4859.5,7602.8,7727.4,7602.8,5966.7,3770.9,5179.9,1390.4,5014.6,9999.9,4489.2,5481.0,3184.9,3517.7,1530.4,6284.9,6931.9,3994.6,5748.4,6639.0,8127.1,5611.5,9999.9,9999.9,5892.1,8269.7,9999.9,9999.9,9999.9,9999.9,9999.9,9999.9,9999.9,4324.5,7727.4,6931.9,5237.4,4208.6,9999.9,6639.0,5356.5,5748.4,5481.0,7989.3,9999.9,9999.9,6043.2,45.4,189.2,174.5,150.3,363.7,52.5,693.1,35.0,149.4,106.7,133.6,55.1,50.5,322.1,444.2,367.1,511.8,1109.1,1695.5,535.0,1510.8,946.5,705.6,1031.4,1947.8,2964.6,1240.4,1545.4,359.2,396.7,1324.0,1576.5,1955.9,348.1,2299.3,1141.3,489.4,2442.3,4028.8,2417.3,1806.0,4859.5,84.2,122.0,433.6,523.1,153.0,824.0,1133.1,2040.5,1659.7,3002.3,1916.1,4285.2,6457.1,2789.1
20260903_青森_2R,20260903,12,青森,2,188.0,259.5,92.5,857.4,80.0,862.1,100.9,187.8,64.4,42.9,402.1,90.2,503.3,40.1,421.8,112.1,116.0,644.2,189.9,1110.5,105.7,48.7,26.4,45.0,152.9,19.9,205.1,5.8,1859.5,792.9,1378.4,611.0,704.5,2444.2,413.7,75.1,98.3,130.2,44.1,461.2,113.6,40.3,1510.1,1129.0,1436.9,713.0,2079.7,493.9,550.7,68.4,32.6,54.4,12.3,113.1,25.6,135.3,309.9,344.8,206.7,1415.4,126.4,1200.4,218.2,879.7,1339.5,1859.5,3292.9,1102.7,4516.1,2370.9,1302.7,1687.5,2963.6,3824.1,1281.5,5210.8,2945.2,516.5,1343.3,2725.2,4559.5,886.3,3512.5,1623.9,4018.5,4559.5,6872.3,8319.1,3461.2,8946.9,7773.6,111.3,352.2,299.7,480.4,1209.6,242.5,535.2,3225.7,6678.7,7295.2,6158.3,8319.1,1687.5,7077.4,1035.3,2945.2,3592.3,2279.7,7409.2,1623.9,5578.7,323.4,64.7,89.1,476.5,130.6,807.8,67.4,684.2,776.0,1454.5,2549.4,857.4,3855.2,1749.7,45.6,292.1,202.1,171.9,87.6,625.5,163.4,258.6,1165.0,455.5,2456.9,774.8,2909.1,572.6,1495.8,3733.7,956.0,3592.3,2756.9,7526.8,3316.0,217.9,629.7,239.8,684.2,1514.9,829.0,397.8,3436.1,6973.3,4196.3,4603.7,8621.6,2856.5,6774.1,402.5,1967.5,694.2,889.6,2324.4,904.9,3592.3,866.8,206.6,452.9,1182.5,453.7,1693.5,297.1,1415.4,1663.8,3119.6,4939.4,1580.6,5782.8,3292.9,80.4,614.2,503.3,293.0,187.5,981.7,398.4,933.4,3886.8,1514.9,3763.4,3020.3,7184.7,2247.3,2694.2,6239.3,1191.4,4648.9,4741.9,7295.2,7184.7,740.9,1244.5,787.6,2061.6,2856.5,1959.4,1912.0,3675.8,9297.8,5154.2,9999.9,8175.6,5154.2,9999.9,1145.3,3918.9,1564.9,2679.0,5210.8,2756.9,6973.3,171.0,117.6,178.8,549.4,95.4,821.8,34.9,531.0,1087.5,2268.8,4648.9,633.9,4350.3,1675.5,346.3,1299.1,777.3,3079.1,1170.8,4271.9,1060.8,783.7,3203.9,1317.1,3486.6,2382.8,5854.2,1919.7,1992.3,6407.9,3824.1,4350.3,3461.2,9999.9,4991.4,326.5,549.4,899.7,1623.9,2982.3,1082.6,727.2,3855.2,9297.8,6495.7,9999.9,9999.9,5782.8,8946.9,264.9,1570.1,1006.7,1423.9,2963.6,855.9,4196.3,3704.6,2052.7,3316.0,1415.4,2145.6,7077.4,1335.7,5645.1,4559.5,9677.3,8946.9,6322.5,7295.2,7903.1,2226.2,4159.5,1257.7,5854.2,4473.4,9999.9,6872.3,5388.5,9483.8,1544.5,5327.9,6495.7,9999.9,9999.9,2419.3,8175.6,6495.7,5388.5,5645.1,9999.9,7903.1,2856.5,4018.5,6239.3,5154.2,5098.8,4123.3,8621.6,9999.9,9999.9,9999.9,9999.9,9999.9,8467.6,9999.9,4789.8,9999.9,8781.3,9999.9,7295.2,9119.0,9999.9,132.7,231.7,265.2,153.9,1072.8,188.9,117.3,87.0,245.1,245.4,373.9,852.8,117.7,450.3,391.5,532.2,618.2,1302.7,2407.0,551.3,1176.6,654.9,926.1,849.8,1681.5,2927.1,1394.6,1809.8,279.0,559.8,1039.8,1652.2,2873.8,899.7,732.9,2535.7,2709.6,4473.4,4648.9,3886.8,3339.3,5854.2,326.1,244.3,649.5,1134.4,1288.5,1919.7,866.8,414.8,952.1,1575.3,1992.3,946.4,4196.3,1006.7,9677.3,6585.9,4991.4,5210.8,9999.9,3161.2,4196.3,7903.1,9999.9,9999.9,9999.9,9999.9,3316.0,9999.9,8946.9,9999.9,9999.9,8467.6,9999.9,8467.6,9999.9,5513.8,9999.9,9999.9,9999.9,9999.9,9999.9,9999.9,9297.8,9999.9,9999.9,9999.9,9999.9,8781.3,9999.9,9999.9,9999.9,9999.9,9999.9,9999.9,9999.9,9999.9,2247.3,1874.2,4516.1,6774.1,5854.2,8621.6,4838.6,7773.6,9999.9,9999.9,9999.9,9999.9,9999.9,7409.2,987.8,531.6,791.6,248.9,1309.9,387.4,1912.0,1450.1,3824.1,5578.7,3461.2,8467.6,1866.8,8781.3,929.7,4741.9,2773.0,2591.2,5645.1,2856.5,8781.3,1601.9,6678.7,2756.9,4052.9,7773.6,4350.3,9999.9,364.7,3182.4,2215.8,2927.1,5450.4,1519.8,7184.7,3387.0,9677.3,8319.1,9999.9,6973.3,9677.3,9999.9,742.0,1646.4,3140.3,4559.5,1736.9,8037.1,2756.9,4271.9,9999.9,9999.9,5044.5,9999.9,9999.9,6322.5
20260903_青森_3R,20260903,12,青森,3,196.0,1340.8,85.7,1432.3,205.4,304.7,390.6,155.7,1269.1,47.9,1021.9,77.5,412.8,283.0,2965.9,2857.2,918.7,5350.2,2059.3,3898.0,2013.7,18.8,13.0,196.8,104.0,12.4,67.1,33.4,3100.7,2662.0,4331.1,672.9,2514.8,4585.9,2036.3,186.5,89.2,636.0,55.8,1263.2,626.5,279.2,560.8,668.7,2965.9,274.6,3083.2,995.8,1541.6,575.0,439.0,834.4,134.8,1173.6,431.7,1410.1,290.2,1856.2,160.5,2036.3,277.7,368.4,526.2,332.9,2701.6,336.0,1572.7,351.8,696.0,749.6,3898.0,5148.3,5350.2,8802.0,4197.9,5805.6,3614.1,207.0,338.3,2675.1,2414.7,433.4,527.2,693.4,2887.4,4624.8,8395.8,5744.5,4916.4,5626.0,4072.6,545.1,507.6,2503.3,761.1,2140.1,1163.6,1151.3,478.7,854.0,2636.3,619.4,2447.2,885.9,897.5,719.0,1029.6,1106.9,971.0,2982.1,1318.1,1572.7,198.2,1254.5,58.4,994.0,77.5,563.7,332.5,335.2,1554.7,406.0,1424.8,301.1,877.3,793.2,3614.1,4624.8,3687.3,4547.7,2480.5,8268.6,4365.8,57.4,325.2,1629.0,1537.2,93.6,801.3,321.7,2383.0,3737.8,4664.3,3015.0,2218.4,6345.6,2255.0,53.6,118.1,523.2,57.7,455.5,420.7,146.2,1568.1,1302.4,6420.3,1428.6,4916.4,1290.1,3100.7,418.8,765.3,864.8,427.6,1819.0,320.2,2514.8,5197.4,7475.7,3031.8,9999.9,3210.1,5350.2,3687.3,5457.2,8527.0,8145.2,9999.9,6575.0,9999.9,7276.3,6996.5,9999.9,9999.9,7579.5,3983.4,9999.9,8145.2,4072.6,9999.9,9999.9,7180.6,8145.2,9999.9,5457.2,9999.9,9999.9,7475.7,7475.7,9999.9,9999.9,4401.0,4745.4,7579.5,5247.3,6345.6,9409.1,6996.5,6063.6,6063.6,9999.9,9999.9,9999.9,9999.9,9999.9,9999.9,3048.7,5197.4,5684.6,4547.7,4165.8,4787.0,8025.4,18.6,8.7,122.1,61.4,16.7,47.8,19.6,115.4,253.3,1237.4,1168.5,320.8,472.9,383.7,46.9,218.2,1614.5,1148.9,79.4,687.3,225.1,1417.4,3816.2,4165.8,4197.9,4012.7,7374.7,2526.5,1010.6,3229.1,2447.2,3926.1,2283.3,4297.0,1141.6,90.8,244.5,107.1,792.0,1196.7,717.1,373.5,415.0,444.7,1051.5,4872.5,2965.9,1559.2,1417.4,78.1,313.2,221.3,324.8,787.4,342.5,1204.7,6131.7,5053.0,9999.9,2140.1,5403.2,9922.3,3590.3,4624.8,6131.7,9999.9,8946.3,9999.9,8025.4,8268.6,5868.0,5457.2,5350.2,8802.0,6201.4,9999.9,6131.7,9095.4,9999.9,6655.2,7087.3,9999.9,9999.9,4297.0,2469.3,9999.9,9409.1,6996.5,5100.2,9999.9,5350.2,4012.7,9999.9,6201.4,9999.9,5350.2,9999.9,7374.7,9999.9,9999.9,9999.9,9999.9,9999.9,9999.9,9999.9,3229.1,5868.0,3843.1,1550.3,3614.1,4365.8,9999.9,396.6,162.5,1674.0,156.9,1801.0,1045.4,516.7,606.3,523.2,2598.7,868.9,3118.4,1374.6,1220.8,84.6,166.2,934.4,113.2,704.1,604.3,231.5,3712.4,5403.2,2965.9,5006.6,8802.0,9249.6,5298.3,178.2,583.6,183.2,2191.6,1760.4,1168.5,595.7,3662.6,6201.4,2447.2,7686.3,3475.9,8662.3,3898.0,2514.8,2393.5,1813.0,2798.6,2784.3,5744.5,3368.6,939.2,1474.9,586.1,1749.1,992.2,2784.3,2842.3,931.2,1541.6,3763.6,699.6,4961.1,1679.1,2586.3,689.9,949.0,3453.9,655.9,3191.3,1421.1,1360.9,2469.3,2352.2,9999.9,2949.8,7087.3,1783.4,5247.3,5868.0,9999.9,9999.9,9999.9,9999.9,9999.9,9999.9,761.1,1199.4,2414.7,9745.1,6655.2,2770.1,3789.7,6821.6,8662.3,9999.9,9999.9,8395.8,9999.9,5100.2,3520.8,3410.8,2949.8,9745.1,3083.2,8946.3,4829.4,3843.1,2756.2,4745.4,3816.2,4510.1,5197.4,4787.0,500.2,406.3,447.3,138.2,1194.1,538.1,2013.7,521.2,681.3,723.7,588.0,2383.0,1158.6,1732.4,380.5,671.2,681.3,387.8,1545.9,344.0,2872.2,446.2,609.7,623.6,528.8,764.3,719.9,2383.0,116.1,439.7,317.4,429.7,1100.2,509.0,1935.2,1116.0,2245.7,1541.6,555.1,1173.6,1819.0,4547.7,710.5,1402.9,570.2,1063.7,819.4,2742.3,2949.8,2436.2,1700.0,3389.6,1350.8,2264.4,4197.9,3954.5
20260903_青森_4R,20260903,12,青森,4,281.5,954.5,75.1,147.9,50.3,496.9,164.1,800.3,2414.8,650.9,989.6,837.1,2927.7,760.5,3104.7,4280.7,2853.8,3767.0,2882.9,5090.6,4216.8,128.3,304.9,993.0,65.0,105.8,857.4,189.3,132.9,489.2,1633.1,62.3,154.4,1155.5,353.3,83.3,400.7,1123.3,123.0,257.1,480.9,291.8,2215.9,4913.6,4124.5,2500.2,2811.2,2039.9,3087.7,269.5,415.1,1722.7,233.1,464.6,349.4,1364.8,112.8,467.3,42.7,79.5,21.6,190.8,64.6,304.4,538.6,621.6,734.8,168.6,912.8,235.9,1877.2,2092.8,2958.4,3156.7,1058.1,3669.2,2344.6,244.4,762.5,1600.7,706.3,296.6,1125.6,677.5,223.6,769.8,2456.8,730.0,216.3,889.8,512.7,5.3,26.8,167.2,38.7,53.6,9.8,13.5,798.1,1329.5,2533.9,1437.8,1368.1,254.6,708.1,90.3,112.4,802.6,364.0,370.2,64.6,349.6,1587.2,2716.6,1355.0,2425.1,1304.9,5886.0,1064.1,1255.6,1722.7,3266.2,2425.1,520.3,4313.4,692.4,3247.4,3021.7,4185.6,3896.9,2665.3,9417.7,1033.0,3669.2,6421.1,6209.4,7534.1,4449.3,6011.3,3037.9,4346.6,3404.0,5825.4,7534.1,8189.3,9999.9,4185.6,1258.4,675.9,1921.9,2943.0,5765.9,3192.4,703.6,7740.6,8561.5,9999.9,5594.6,9999.9,6349.0,8561.5,543.8,447.7,361.5,943.3,2003.7,387.2,2825.3,5136.9,8433.7,5886.0,7958.6,3343.5,6142.0,7435.0,4346.6,6142.0,7958.6,9999.9,3599.1,9913.4,6278.4,6647.8,6976.1,9577.3,6349.0,5232.0,9999.9,3951.4,9999.9,9999.9,9999.9,6421.1,9999.9,9999.9,9999.9,9999.9,9999.9,5948.0,9913.4,9999.9,9999.9,9999.9,5486.0,4748.4,6421.1,9113.9,9999.9,7636.0,9263.3,8309.7,9999.9,9999.9,9999.9,9999.9,9999.9,9999.9,7740.6,5948.0,4380.3,9999.9,9999.9,8309.7,9999.9,795.8,1619.0,3210.5,499.1,730.0,3247.4,1110.1,1116.7,4216.8,5650.6,2839.5,1364.8,5090.6,2897.7,5184.0,7534.1,9577.3,9999.9,6494.9,8189.3,5486.0,8433.7,9999.9,9999.9,8433.7,9999.9,9999.9,9999.9,1266.9,4036.1,5594.6,6647.8,2897.7,9913.4,5707.7,1231.0,1661.9,4280.7,6075.9,2825.3,4216.8,3323.9,7244.4,9417.7,8693.2,9999.9,9999.9,7636.0,3228.9,2603.9,3693.2,4380.3,5381.5,4956.7,3445.5,2678.0,325.6,1261.3,3192.4,150.1,427.4,2394.3,991.3,490.9,1816.9,4414.5,1902.5,423.2,1782.5,1194.6,3121.9,2825.3,3266.2,5765.9,5136.9,8969.2,3792.3,8561.5,9742.4,5433.3,7958.6,9999.9,9999.9,9999.9,799.2,3021.7,6011.3,5886.0,2364.2,7636.0,4556.9,854.8,538.6,2839.5,4484.6,1702.0,1467.6,1456.3,7063.3,5825.4,9999.9,9417.7,9999.9,3071.0,7435.0,2085.1,1623.7,2678.0,7063.3,4065.2,2108.4,5486.0,76.1,364.7,1342.1,176.9,354.9,362.2,235.2,16.8,55.1,269.9,59.0,106.2,16.8,30.4,795.8,398.4,1982.6,1696.8,2603.9,1378.2,729.1,3669.2,1475.3,3669.2,5433.3,7244.4,5184.0,4829.6,517.9,436.3,1896.1,3445.5,2047.3,1647.4,1487.0,620.9,376.9,2224.6,4414.5,1434.1,1127.8,1038.7,722.5,182.6,1250.1,1304.9,1494.8,1388.3,610.2,282.5,138.3,406.5,2085.1,946.5,908.4,494.3,4829.6,9999.9,6976.1,5650.6,8561.5,4414.5,6976.1,3717.5,6808.0,9913.4,6142.0,6142.0,974.2,3553.8,9999.9,9999.9,9999.9,9913.4,9999.9,9742.4,9999.9,8561.5,9999.9,9999.9,9999.9,9999.9,9999.9,9999.9,9913.4,9577.3,9999.9,9999.9,9999.9,7636.0,3531.6,9913.4,9742.4,9999.9,9999.9,9999.9,8309.7,9999.9,3693.2,972.5,6976.1,9417.7,4913.6,6349.0,2690.7,6891.0,4631.6,7435.0,9999.9,3445.5,9999.9,3174.5,237.6,338.7,1281.3,389.4,698.4,313.7,1441.4,172.3,223.6,1112.3,752.4,725.3,118.6,829.7,267.5,207.9,362.9,633.4,1062.1,248.8,1623.7,4669.9,3693.2,2500.2,6011.3,6011.3,3424.6,8072.3,1456.3,2190.1,2533.9,6891.0,3717.5,2173.3,2511.3,1518.9,1405.6,2207.2,6494.9,3599.1,1671.7,3870.3,360.3,184.1,410.9,1858.7,1090.8,1155.5,697.6,3383.6,2364.2,4007.5,1771.3,2580.2,5000.5,1840.6
20260903_青森_5R,20260903,12,青森,5,291.7,75.2,305.8,1052.1,65.9,632.5,113.0,510.7,484.3,789.1,1096.7,243.8,1634.0,255.2,66.8,246.5,246.6,1032.0,54.5,210.1,124.2,736.9,1023.8,780.5,2164.1,244.8,1406.7,705.6,3615.0,3219.3,3141.1,3898.1,1537.0,5135.6,2588.3,30.8,60.2,22.7,16.3,369.9,204.9,26.0,2327.6,3535.9,1157.5,2009.5,6047.5,1168.0,2246.8,136.3,117.9,155.0,316.1,754.1,73.8,687.6,443.5,109.1,518.9,1518.9,100.4,789.1,167.3,836.0,592.5,1881.0,1859.4,869.7,2003.3,611.6,57.8,203.9,348.2,681.1,77.0,52.9,86.6,1379.7,2707.4,1263.8,4589.2,1467.3,3806.3,2080.6,3718.8,3806.3,2609.2,6104.5,3945.6,7437.7,3497.7,142.7,539.6,181.1,413.4,2149.7,817.0,322.0,2094.1,2777.1,567.6,3251.6,5095.1,1725.5,1812.5,222.4,339.8,221.4,870.9,1515.4,308.1,946.0,1053.8,1017.4,1931.5,1848.8,441.9,3762.1,387.4,1209.5,908.8,3874.7,3009.7,1286.4,3235.4,815.9,975.9,792.0,2619.7,1753.6,995.5,1484.1,658.9,3655.8,5991.5,5882.5,5676.1,3335.4,6221.9,3697.6,2378.9,3141.1,3066.7,5135.6,1886.5,7437.7,833.8,441.3,1127.3,1145.2,1137.2,1578.2,3023.7,439.2,6406.7,6536.2,5303.9,5483.7,7703.4,4828.9,3994.3,211.1,319.5,294.1,981.9,252.8,198.1,1050.4,65.2,336.4,383.5,1283.9,74.9,194.6,153.7,41.6,123.7,330.1,622.7,58.3,53.9,67.1,569.1,354.7,1634.0,1698.3,628.2,658.2,407.9,1730.1,1036.9,3806.3,4257.1,1680.7,2319.3,2286.5,4342.8,2246.8,3921.7,5483.7,4828.9,3740.3,3762.1,123.0,129.4,521.4,353.4,2034.8,300.9,282.6,529.5,234.7,792.9,1419.0,1914.4,591.4,578.2,192.1,123.0,203.9,910.1,1263.8,254.8,329.9,2527.6,3655.8,2441.8,8514.2,817.0,3203.3,2396.6,3023.7,6282.3,2941.2,9244.0,3141.1,8744.4,3575.0,6221.9,7437.7,9244.0,9999.9,5095.1,9999.9,5936.5,3676.6,3370.2,7437.7,6406.7,3697.6,6162.7,4432.0,9999.9,9999.9,9999.9,8403.7,6282.3,9999.9,9999.9,770.3,2588.3,3676.6,3301.4,5777.5,5347.8,2327.6,3635.3,9804.3,9999.9,8744.4,9999.9,8627.8,3718.8,2753.5,3516.7,5437.6,4313.9,8987.3,2941.2,3575.0,6221.9,6104.5,9999.9,7033.5,3945.6,9999.9,3655.8,5483.7,6221.9,5726.4,9999.9,8514.2,9999.9,4589.2,5829.6,6221.9,3994.3,7988.7,6670.9,9999.9,2378.9,9113.8,5437.6,5829.6,7796.2,8744.4,9999.9,9999.9,9999.9,9999.9,9999.9,9657.9,7437.7,9999.9,9999.9,4939.5,9378.0,8190.9,9999.9,5829.6,9999.9,8514.2,9999.9,9999.9,9999.9,9999.9,9999.9,9999.9,9999.9,3874.7,5176.6,2557.6,9515.9,8627.8,6221.9,9113.8,35.7,71.5,41.5,12.9,368.9,205.9,34.9,127.5,587.1,174.7,308.1,2578.0,836.0,352.2,248.9,755.0,873.2,621.6,1515.4,2547.5,339.1,160.2,149.9,660.2,351.8,2451.0,608.1,361.7,84.7,381.0,487.6,383.5,1870.1,1108.0,300.8,1522.5,4622.0,3516.7,4147.9,2537.5,9515.9,2451.0,1593.8,2047.7,4828.9,1205.0,2718.8,9955.1,3405.7,106.2,307.6,210.1,360.2,272.1,1431.6,1480.7,6406.7,9999.9,3203.3,3219.3,9999.9,5218.4,6162.7,5437.6,9999.9,1625.8,9804.3,9999.9,6957.9,5392.3,9999.9,9999.9,9804.3,9999.9,9999.9,9999.9,9999.9,2901.7,1317.8,5347.8,6104.5,8744.4,3284.6,3740.3,4069.7,9999.9,9999.9,9999.9,9999.9,9999.9,4313.9,9999.9,9999.9,9999.9,9999.9,9999.9,9999.9,9999.9,6740.4,8190.9,9999.9,5347.8,6883.8,9999.9,8864.1,5882.5,6811.4,7612.7,5135.6,4229.3,9999.9,7891.2,138.5,86.1,116.7,376.6,669.8,67.4,624.6,179.2,254.4,171.5,677.5,1071.3,264.6,805.8,64.2,144.1,75.9,381.5,186.3,81.7,474.0,118.0,126.8,109.5,594.7,800.8,149.9,339.4,1100.4,1663.4,1570.5,1720.9,3676.6,1174.3,1925.8,1646.5,2047.7,879.1,1908.8,3171.9,1582.1,3535.9,104.7,274.8,162.8,247.6,372.9,876.8,935.0,2231.3,2344.5,2327.6,1003.2,2578.0,4828.9,2641.1
20260903_青森_6R,20260903,12,青森,6,305.0,192.6,101.8,1057.9,37.2,921.5,160.5,409.7,527.1,653.1,2002.1,125.6,1791.9,287.7,374.5,679.9,461.7,1387.4,79.5,1095.6,298.5,183.6,562.8,405.1,1746.1,86.0,1161.9,311.2,3042.8,2885.6,2458.5,3552.8,645.6,2218.9,2781.2,10.5,30.1,8.2,18.3,147.5,110.0,8.6,3358.7,3594.4,1707.3,2793.8,2969.3,589.3,2134.1,199.2,186.9,263.2,262.6,1024.4,54.8,740.5,521.3,376.1,122.8,1390.6,70.4,1307.7,255.2,1034.7,3088.6,1125.7,3358.7,1036.5,4017.3,1127.7,1621.7,4181.2,2164.2,6754.3,1957.4,5391.6,2615.5,113.1,536.3,734.3,944.1,150.5,839.6,272.4,4878.1,4917.1,9312.8,4043.7,4728.0,5391.6,7064.9,103.4,576.0,788.0,207.5,2042.0,1707.3,360.9,4390.3,6906.1,8907.9,3841.5,6085.6,4209.9,4519.4,394.2,703.2,1375.0,500.1,3012.9,435.6,1756.1,769.2,895.9,1191.1,3234.9,294.6,3433.7,470.2,898.6,3395.8,1613.2,4656.4,818.4,5253.4,955.9,4070.5,7064.9,7982.4,6754.3,4181.2,9999.9,4390.3,2756.2,2858.8,7317.2,9038.9,2429.4,5122.0,2768.6,7147.0,6829.4,8657.0,8419.8,8780.6,5638.9,4390.3,322.6,641.5,1449.6,1426.0,4238.9,3152.0,385.1,6829.4,9756.3,9999.9,5253.4,7683.1,4839.7,5910.0,303.9,544.9,1288.5,1111.4,1510.1,238.7,1200.4,2781.2,5439.3,3322.4,9999.9,630.4,5079.7,2243.2,3012.9,7495.7,6146.4,9999.9,4043.7,9999.9,5391.6,5038.1,9038.9,9999.9,9999.9,5537.3,9999.9,6271.9,6025.9,9312.8,9999.9,9173.8,8536.7,9999.9,8536.7,9999.9,9999.9,9756.3,9999.9,9999.9,9999.9,9999.9,771.2,3725.1,5638.9,5165.1,9999.9,5638.9,3073.2,8087.4,9999.9,9999.9,9999.9,9999.9,9999.9,9999.9,2429.4,5537.3,5208.8,8780.6,9999.9,2969.3,9999.9,448.3,1563.9,1313.3,4421.9,320.2,2593.4,740.5,261.6,974.0,1107.4,1484.6,357.7,1280.5,437.7,2672.3,2439.0,9603.8,9999.9,2626.7,6538.8,2302.0,3414.7,4486.4,9456.1,7495.7,5298.6,9999.9,7147.0,8536.7,4209.9,9456.1,9456.1,5344.7,8536.7,8419.8,353.6,542.4,1661.2,2756.2,4878.1,3286.8,817.3,6208.5,5853.7,7231.1,9999.9,9999.9,5967.4,3340.4,1109.4,1157.5,1791.9,3269.4,5038.1,1134.0,2126.8,7147.0,8195.3,8087.4,9999.9,3027.8,8536.7,6754.3,7064.9,6906.1,9999.9,7147.0,8419.8,9999.9,9999.9,9999.9,7880.1,6208.5,9999.9,9999.9,9999.9,7982.4,9999.9,9999.9,7495.7,9312.8,9999.9,9999.9,9999.9,9999.9,8536.7,9999.9,9312.8,8087.4,9999.9,9999.9,3594.4,8195.3,8195.3,9999.9,8536.7,7880.1,8536.7,4552.9,8419.8,6025.9,8657.0,9999.9,4268.3,4917.1,8419.8,9999.9,7495.7,9999.9,9999.9,8536.7,9999.9,16.9,37.0,10.8,31.4,170.2,152.1,9.4,70.6,323.4,507.9,164.3,1283.1,1005.9,155.2,193.3,479.4,1119.5,670.2,2235.0,1776.4,152.4,294.7,1140.3,1702.6,1560.0,3340.4,2983.7,829.4,172.1,265.8,561.8,986.5,1771.3,1488.2,307.9,1209.9,3340.4,3865.7,5079.7,3168.2,1970.0,2707.7,1057.9,3152.0,3414.7,1647.8,3168.2,3120.0,1212.3,52.9,128.4,94.3,307.4,194.4,755.0,516.9,7588.2,9999.9,5344.7,6754.3,9603.8,2913.0,6906.1,8419.8,9999.9,9999.9,9173.8,9999.9,9312.8,9913.6,9999.9,9999.9,9999.9,9913.6,9999.9,9999.9,9999.9,7495.7,9999.9,9999.9,9999.9,9999.9,9999.9,9999.9,9999.9,9999.9,9999.9,9999.9,9999.9,9999.9,4421.9,5344.7,9913.6,8306.0,9999.9,9999.9,5587.7,5967.4,3433.7,9999.9,7495.7,9999.9,7495.7,9603.8,3027.8,8087.4,9999.9,6469.9,9999.9,4268.3,9999.9,3168.2,455.2,333.6,685.9,704.0,1945.0,154.0,1604.8,424.7,538.6,2243.2,714.7,3322.4,436.8,2684.0,206.7,350.2,1217.1,642.2,1080.2,221.4,1085.9,1818.4,3865.7,2731.7,5298.6,9999.9,2062.5,9173.8,1296.7,1205.1,1436.0,3841.5,4956.8,1214.7,2649.3,4586.9,5798.5,3012.9,9999.9,6609.1,4519.4,4621.4,121.4,281.5,241.8,841.9,502.5,1588.2,1057.9,3492.3,4956.8,2793.8,2097.7,3201.2,5744.3,2104.9
20260903_青森_7R,20260903,12,青森,7,189.9,38.7,22.9,390.1,172.5,584.9,20.8,338.9,356.3,292.1,691.5,940.7,668.0,230.1,59.3,144.4,45.1,267.4,178.5,538.9,23.8,26.6,146.0,38.9,269.3,87.5,438.1,19.3,815.4,501.0,614.6,570.3,2131.6,2529.6,399.4,529.4,1127.0,544.6,393.6,2180.7,1836.0,327.6,2381.4,1709.2,1433.6,1505.7,4094.7,3233.8,800.5,12.3,44.2,7.0,7.3,106.0,80.0,183.7,375.6,93.0,34.4,777.5,263.5,1159.1,59.1,1040.5,4703.8,1140.6,2587.1,3387.8,3110.1,2232.0,624.0,3348.0,739.1,5036.8,2223.2,7026.7,989.8,25.2,318.3,304.8,699.2,60.8,1145.1,148.1,2092.5,3011.4,7488.9,2421.9,5691.6,8893.1,3952.5,862.3,3060.0,2610.8,562.9,4743.0,3925.2,1997.0,5036.8,7114.5,9999.9,5127.6,9999.9,6324.0,5635.2,178.7,1281.9,787.2,337.3,2077.2,1055.9,2304.3,1640.2,2040.0,1129.2,1688.9,3215.6,1745.9,1071.8,1572.2,4517.1,1635.5,3579.6,4446.5,4216.0,2776.4,4590.0,7691.4,7296.9,5991.1,7905.0,9999.9,9646.8,1594.2,2411.7,5749.1,4481.6,4008.1,2361.6,4065.4,1470.7,3233.8,4627.3,2831.6,3871.8,1077.9,2381.4,5221.6,8248.7,6324.0,4036.6,9330.5,4782.8,8623.6,1916.3,4378.1,7391.7,2552.3,2342.2,4864.6,3845.7,1364.9,4094.7,5081.8,4008.1,3898.3,6941.0,3470.5,986.4,2295.0,950.1,3952.5,1890.9,3387.8,481.5,1740.5,6857.3,3309.0,9999.9,6054.9,9999.9,4094.7,4627.3,8248.7,9985.3,6775.7,8016.3,9999.9,9999.9,1640.2,3980.1,7296.9,7488.9,5867.6,9999.9,2889.1,9999.9,9999.9,7296.9,9999.9,9999.9,9999.9,9999.9,4154.4,8016.3,8130.9,6696.0,9999.9,6618.1,6941.0,5928.7,9999.9,9999.9,9999.9,9999.9,9999.9,9999.9,875.6,3794.4,6120.0,2563.8,9985.3,5867.6,8130.9,34.6,271.8,105.9,502.7,134.6,835.7,83.3,22.9,243.1,357.2,599.1,43.9,942.3,154.2,712.3,863.6,2995.5,3348.0,1683.9,2381.4,1762.1,821.3,1242.7,3309.0,4949.2,2025.4,5991.1,1789.8,1250.9,2018.3,2817.6,4378.1,1412.3,8130.9,3845.7,238.4,182.8,832.1,1213.5,1486.0,1860.0,719.5,2749.5,4743.0,4627.3,8756.3,9999.9,4864.6,3819.8,200.0,328.8,1173.5,843.2,2249.6,577.2,1818.4,1916.3,1147.5,2552.3,1412.3,4247.4,5420.6,1156.8,3769.2,4185.0,9999.9,4154.4,9999.9,9999.9,6254.5,1071.8,2240.8,3179.6,2845.8,6054.9,1422.9,3060.0,9646.8,9999.9,5928.7,8370.0,9999.9,9999.9,9999.9,2463.9,4008.1,4247.4,5472.7,1942.5,8756.3,4627.3,9999.9,9999.9,9999.9,9999.9,5319.2,9999.9,9999.9,9999.9,9999.9,4703.8,9999.9,9999.9,9999.9,9999.9,2115.8,5174.2,4247.4,9999.9,5127.6,9999.9,9999.9,2011.1,3769.2,2342.2,1381.4,7026.7,7026.7,1866.1,2155.9,5525.8,4782.8,945.4,9646.8,5127.6,3871.8,5174.2,9999.9,7588.8,5174.2,9999.9,8494.9,8756.3,4949.2,7691.4,7796.7,5928.7,9999.9,9999.9,9999.9,1448.2,843.2,3271.0,3925.2,3925.2,5127.6,3428.6,9999.9,9999.9,9999.9,9999.9,4743.0,9999.9,9999.9,9999.9,9999.9,9999.9,2979.9,9999.9,9999.9,9999.9,3215.6,5580.0,6857.3,8248.7,4247.4,9999.9,9646.8,8893.1,6395.0,5867.6,3348.0,9999.9,9999.9,5991.1,9999.9,9999.9,9999.9,9999.9,9999.9,9999.9,9999.9,5580.0,9999.9,9999.9,6696.0,6395.0,9999.9,9999.9,7588.8,9999.9,9999.9,9999.9,9999.9,9999.9,9999.9,4412.1,9999.9,8623.6,9999.9,9999.9,9646.8,4992.6,9999.9,9999.9,6775.7,9999.9,9999.9,9999.9,9999.9,9999.9,9999.9,9999.9,9999.9,8370.0,9999.9,9999.9,7296.9,9999.9,9813.1,9999.9,5369.4,9999.9,9999.9,76.7,205.4,67.6,61.3,405.6,338.3,637.3,221.2,1305.4,904.8,353.9,1866.1,1348.7,2790.0,910.6,2659.6,3408.1,2276.6,2463.9,3408.1,2933.8,483.1,1607.8,3043.6,1152.1,6054.9,3060.0,5580.0,213.8,369.1,1336.0,806.1,2267.5,614.6,2040.0,1585.4,3491.8,2411.7,6542.1,3535.1,7114.5,9180.0,1339.2,2622.8,3348.0,3215.6,2164.1,5420.6,4311.8,2964.3,8130.9,6186.5,2845.8,3952.5,9999.9,6542.1
20260903_青森_8R,20260903,12,青森,8,911.7,693.2,1734.1,3519.0,374.6,2593.7,676.8,581.4,755.0,1775.0,4065.9,418.4,3288.2,369.4,392.2,632.0,1243.3,2164.5,224.7,1399.4,315.0,2686.4,2851.9,2486.6,5470.5,2359.8,5143.2,1910.3,7163.7,6916.7,3907.5,8131.8,7079.5,7079.5,7250.1,210.9,355.2,267.5,1028.6,2593.7,1626.3,279.4,5470.5,6761.3,3117.9,7714.8,5232.6,3519.0,3343.1,465.0,333.1,563.4,808.8,2838.4,331.9,2237.0,1173.0,802.3,2026.1,4738.2,286.4,3882.3,651.9,833.4,1439.6,1364.5,3498.5,251.4,3519.0,366.2,906.2,1845.8,3647.0,8596.5,328.4,5056.7,984.8,2407.0,2476.3,4150.0,6916.7,1251.0,7079.5,1546.9,9257.8,7163.7,9999.9,9999.9,3306.3,8721.1,6612.7,60.9,66.2,70.9,239.3,621.6,242.9,29.4,5187.5,6268.3,6334.3,8131.8,6838.1,1780.3,3380.6,450.0,300.8,700.5,589.9,2662.6,126.0,1999.1,660.5,612.7,1205.9,2921.1,346.2,1527.3,343.6,593.4,875.9,835.7,2722.8,186.9,2126.3,266.8,576.3,1294.1,1829.0,3134.1,725.8,1818.0,686.9,1563.0,1264.1,1947.4,4593.5,891.4,3361.7,357.9,4524.5,4424.6,4038.6,6017.5,2747.7,6334.3,2397.4,203.5,94.1,379.4,295.2,1179.9,1124.7,64.6,3784.6,4178.8,5958.0,4593.5,3985.1,2879.2,2305.5,134.9,99.9,220.6,60.7,781.5,46.3,649.8,445.4,584.7,1617.6,2517.8,200.5,1013.0,403.8,875.9,1874.6,4457.4,8721.1,392.5,4664.7,864.5,978.4,1941.1,3380.6,5325.2,1037.5,2172.4,838.1,4150.0,6612.7,5731.0,6997.1,5842.3,9999.9,3200.8,7079.5,9999.9,6612.7,9117.5,9999.9,6540.8,9864.8,320.9,206.2,865.8,2539.0,5143.2,2698.4,393.5,4664.7,7917.8,8596.5,9999.9,5786.1,5014.6,7163.7,645.6,565.5,622.9,1460.5,5056.7,467.2,3832.8,4178.8,4121.6,4178.8,8721.1,2907.0,8849.3,2893.0,3200.8,3306.3,4814.0,9999.9,2305.5,9117.5,2253.7,3985.1,3217.9,4593.5,8475.4,2279.3,8243.2,748.4,5056.7,7917.8,7521.9,7714.8,6997.1,9999.9,4664.7,9999.9,9999.9,9864.8,8596.5,7429.1,9999.9,7714.8,2964.3,2212.3,2359.8,5143.2,7429.1,7338.5,1223.0,9999.9,9999.9,9999.9,9999.9,9999.9,9999.9,3737.6,1563.0,1240.7,545.0,1972.9,3054.6,864.5,2032.9,9999.9,9999.9,9999.9,9999.9,9999.9,9999.9,9999.9,9999.9,8357.7,9999.9,9999.9,8131.8,9999.9,9999.9,9999.9,8243.2,4932.4,9999.9,5278.5,9999.9,5676.9,9999.9,9999.9,8475.4,8357.7,9999.9,9999.9,9999.9,9999.9,9999.9,9999.9,9117.5,9117.5,9999.9,9999.9,9999.9,6334.3,5099.6,9999.9,9999.9,9257.8,7521.9,9705.7,9999.9,9999.9,8981.4,9999.9,7429.1,6268.3,9999.9,9999.9,6017.5,9999.9,9999.9,8243.2,9999.9,83.7,206.7,115.8,503.1,1608.9,749.3,141.8,22.1,18.4,27.0,81.7,261.4,70.7,6.8,117.7,51.7,250.7,187.9,874.6,815.3,37.9,124.6,108.7,337.6,947.6,2698.4,1453.5,174.6,550.5,385.7,411.0,1402.7,2605.0,2253.7,279.2,3343.1,1709.5,2253.7,4208.1,3288.2,2539.0,1749.2,1863.0,860.8,1764.6,1934.9,2949.7,2053.7,988.1,63.0,19.5,20.5,154.1,44.9,522.3,376.5,8596.5,9705.7,4558.7,8596.5,9999.9,8023.4,8023.4,8243.2,8475.4,9999.9,9999.9,9999.9,5786.1,6203.6,9864.8,8596.5,9999.9,9999.9,9999.9,6916.7,4524.5,5899.5,9999.9,9999.9,9999.9,9551.7,8981.4,9999.9,9999.9,9999.9,9999.9,9999.9,9999.9,9999.9,4121.6,6470.5,6838.1,7815.0,6540.8,9999.9,4208.1,4738.2,9551.7,3691.7,5842.3,7815.0,7079.5,7714.8,4093.5,6470.5,6334.3,3288.2,8357.7,3235.2,6268.3,3760.9,379.4,197.6,458.6,366.9,2245.3,250.3,1829.0,245.5,107.8,503.9,219.1,1567.0,88.9,1367.6,79.9,52.7,169.3,30.0,511.6,26.7,482.5,473.8,628.7,410.7,657.6,3603.3,448.4,2893.0,256.5,201.3,72.2,468.2,1114.3,135.1,840.4,4932.4,4593.5,1851.5,7163.7,2593.7,3039.1,5143.2,110.4,41.1,31.1,265.4,63.9,823.1,621.6,3399.7,2993.8,1482.1,2662.6,1739.1,3603.3,1868.8
20260903_青森_9R,20260903,12,青森,9,615.2,1180.7,251.5,2771.4,1415.1,1425.2,357.3,1786.9,1982.1,1287.3,6046.7,2569.2,6578.2,714.3,2602.7,2267.5,2242.0,6235.6,1918.6,5251.0,2093.0,369.7,1114.7,1776.3,2823.6,1876.5,2433.4,274.7,6436.8,6506.7,6301.3,4604.7,7774.3,9999.9,2233.6,2250.4,3038.6,2850.5,2071.3,7300.2,5442.0,1937.2,6235.6,9999.9,7482.7,4500.9,9999.9,9999.9,5755.9,205.8,286.1,647.8,204.8,188.6,608.9,1330.2,338.5,705.0,117.6,2200.8,817.7,576.7,189.6,292.1,193.9,78.4,1415.1,433.4,497.6,184.1,951.7,435.0,185.6,2696.5,563.1,807.8,419.7,33.0,21.8,37.8,263.5,53.0,17.1,8.3,4750.9,4369.5,4788.9,1376.1,4245.5,3521.3,1995.4,1146.7,755.8,752.9,283.7,2850.5,1026.7,412.8,884.2,812.2,897.4,155.5,2002.0,962.4,302.9,96.0,116.8,184.5,28.2,308.5,183.0,164.3,1171.4,1162.3,1019.8,3235.8,1982.1,4713.5,526.0,398.8,180.1,129.0,2043.0,520.9,889.4,222.6,423.0,147.0,183.9,1339.2,138.2,1231.7,116.0,716.9,222.1,366.5,3271.1,627.4,1735.1,167.1,7390.4,5442.0,2637.1,3038.6,6880.7,9999.9,1882.4,1995.4,843.1,414.5,817.7,4500.9,2810.4,377.6,6301.3,3887.1,4947.3,3718.1,9999.9,4750.9,4947.3,270.0,229.3,202.4,157.4,268.2,245.6,1379.3,2413.8,2217.1,2242.0,5491.9,1876.5,5030.4,1982.1,1579.4,640.2,505.5,4306.6,779.4,2569.2,653.5,777.4,325.1,339.5,1975.6,183.4,2168.9,292.7,1146.7,448.0,555.3,3542.1,681.0,3134.1,555.8,9999.9,9813.5,5393.0,7482.7,7577.5,9999.9,7482.7,1398.6,628.1,325.5,672.6,3253.3,2347.5,397.2,6880.7,6368.3,6802.5,9070.0,9999.9,5926.9,7390.4,1021.5,664.3,487.0,592.1,1546.8,464.0,3184.1,207.1,463.3,794.9,1180.7,1125.2,1395.3,103.0,50.6,33.8,57.5,383.7,78.9,35.8,12.5,454.5,142.2,195.4,2145.6,388.9,1372.9,91.6,759.6,261.5,364.5,2153.3,364.1,1715.2,321.6,3500.7,2338.3,4569.6,4072.2,4100.1,7577.5,1309.8,1262.9,382.7,718.6,660.0,3008.1,1750.3,348.8,1864.8,489.4,2015.5,2837.0,4676.7,2602.7,801.3,64.0,33.2,67.8,186.0,87.6,151.0,281.1,9999.9,9999.9,9999.9,6108.4,9999.9,9999.9,3218.4,9999.9,7042.6,9999.9,7126.4,9999.9,9999.9,6726.1,9999.9,8200.3,5594.6,9999.9,9999.9,9999.9,7981.6,9999.9,9999.9,7876.6,9813.5,9999.9,9999.9,9999.9,6171.3,7300.2,9999.9,9209.5,8431.3,9999.9,5594.6,9999.9,9999.9,9999.9,9999.9,8314.2,9999.9,9999.9,9999.9,9999.9,9999.9,9999.9,9999.9,9999.9,9999.9,2905.9,4750.9,5344.8,9209.5,3718.1,5926.9,9999.9,2602.7,2891.9,2463.4,2569.2,7300.2,6506.7,2217.1,1949.9,1148.9,1127.3,709.2,5868.8,2064.2,882.9,2168.9,1164.6,630.1,1254.9,5205.4,4369.5,926.6,1931.0,870.0,597.4,1019.8,4467.3,3584.5,655.6,2115.2,637.5,1214.2,1351.2,4604.7,3990.8,900.1,9999.9,9999.9,9977.0,8675.7,5647.3,9999.9,7212.3,7390.4,5647.3,7390.4,2660.5,6802.5,9999.9,5647.3,1336.2,799.2,925.2,941.2,817.7,1562.9,2338.3,8934.6,9999.9,7577.5,4500.9,9999.9,9999.9,7876.6,5030.4,5116.4,5542.8,1090.3,6726.1,5926.9,1653.6,9999.9,7981.6,9999.9,9999.9,9999.9,9999.9,9999.9,8314.2,9655.2,9999.9,9999.9,9999.9,9999.9,9999.9,4676.7,1318.5,9353.4,9999.9,9999.9,7042.6,2453.3,9999.9,9999.9,9999.9,9999.9,9999.9,9999.9,9999.9,9999.9,8803.2,9813.5,9655.2,6506.7,9999.9,8675.7,6802.5,1988.7,7300.2,9999.9,2660.5,9999.9,7482.7,73.8,173.7,259.5,83.8,112.6,243.4,715.2,97.4,167.6,257.2,45.3,274.4,243.4,330.9,291.3,278.0,311.1,226.5,268.4,339.3,1686.2,671.8,539.7,446.4,612.7,1074.7,479.2,2384.9,94.9,43.8,158.4,285.6,167.7,235.4,534.0,318.7,340.9,382.2,748.2,314.4,478.8,1496.5,496.7,417.7,513.8,531.1,437.5,545.6,1055.7,2250.4,1135.9,3218.4,2015.5,1511.6,3038.6,1975.6
20260903_青森_10R,20260903,12,青森,10,829.8,1571.8,845.2,4341.3,890.0,1802.7,337.4,623.2,671.7,577.0,1477.2,341.2,2134.3,134.0,2215.8,1147.7,2390.1,4727.2,1787.6,4064.8,580.6,735.2,746.4,1818.1,4462.7,736.9,3159.2,289.5,9999.9,5501.5,7507.9,9999.9,6511.9,9999.9,2454.5,668.9,468.2,1302.3,672.4,2786.7,2013.1,110.9,5230.9,6195.8,6136.3,6318.5,9999.9,4624.4,1916.4,37.4,18.0,51.0,46.5,282.0,7.0,177.1,1957.5,3753.9,2078.7,8742.1,2473.5,2604.7,793.7,1860.5,2473.5,2134.3,3939.3,5105.4,1777.6,1697.2,4064.8,3525.8,4371.0,9384.9,6789.1,5909.0,3732.0,1014.5,1369.4,2155.9,4401.2,2637.0,478.7,804.7,9999.9,7782.6,9999.9,9999.9,9999.9,7782.6,9999.9,3710.3,5854.8,6579.1,6136.3,9999.9,4371.0,4371.0,2762.6,3487.2,5909.0,1916.4,9116.7,5749.3,1772.7,520.1,1215.5,1963.6,890.0,6511.9,2155.9,1166.6,1166.6,786.8,1210.9,1366.5,965.4,3255.9,265.6,1457.0,1434.1,1599.4,2295.5,3223.1,2715.6,1256.2,442.5,801.7,824.5,336.9,1289.2,2287.3,297.1,1916.4,1607.4,1661.9,2786.7,3667.6,3585.2,1213.2,1969.6,2562.9,934.3,3113.0,4985.7,5408.2,1491.0,1933.8,6136.3,2823.7,4064.8,6195.8,5188.4,1882.5,7090.8,6446.2,5105.4,5408.2,8078.1,6256.6,5025.0,158.0,565.2,268.1,560.2,579.1,713.0,1556.5,3545.4,1772.7,3798.6,5598.0,2223.6,5230.9,981.8,3732.0,2996.1,4254.5,9999.9,6020.5,6579.1,2738.9,923.5,1802.7,1951.6,622.0,2134.3,4171.0,590.3,6446.2,4494.1,4658.2,6077.8,8078.1,9999.9,2861.7,9999.9,9999.9,2532.4,7507.9,9999.9,9999.9,9999.9,4371.0,8181.7,4013.6,6579.1,9999.9,8742.1,3412.7,8623.9,9999.9,8863.5,9999.9,9999.9,9999.9,9999.9,692.1,1975.7,713.8,1910.7,4727.2,2279.1,4947.0,1945.6,2337.6,3341.2,9116.7,1787.6,5749.3,907.7,974.3,1375.3,2223.6,4624.4,3323.8,715.4,876.6,3239.4,2502.6,3082.9,5188.4,4762.5,6318.5,2279.1,5964.2,6136.3,4283.0,7170.5,8623.9,8509.0,4558.3,9999.9,9999.9,9999.9,8623.9,7507.9,9999.9,9999.9,5749.3,6862.1,6647.6,8623.9,7878.7,7977.1,5105.4,9525.0,4090.8,9669.3,9999.9,9999.9,9818.0,4283.0,720.2,1006.5,1411.8,2231.3,6381.7,2542.5,2512.5,9999.9,8988.3,9999.9,9999.9,9999.9,9999.9,7251.9,9999.9,6862.1,9999.9,9999.9,9999.9,9999.9,9999.9,8181.7,7012.9,2727.2,9999.9,9999.9,9999.9,6195.8,9999.9,9999.9,3565.2,9116.7,9999.9,9999.9,9999.9,9999.9,9999.9,9999.9,8623.9,9669.3,9999.9,9999.9,9999.9,9999.9,9999.9,9999.9,9999.9,9999.9,9999.9,9999.9,9999.9,9999.9,9999.9,9999.9,9999.9,9999.9,6020.5,9999.9,6256.6,9999.9,9999.9,9999.9,9999.9,2799.0,1683.8,2982.1,3024.5,8181.7,6789.1,490.9,2552.7,6579.1,6381.7,6381.7,9999.9,5318.1,4658.2,2231.3,8863.5,4526.0,7012.9,9999.9,9971.4,2263.0,4624.4,6511.9,4727.2,5964.2,9999.9,9999.9,4171.0,7878.7,6446.2,5749.3,6077.8,7597.3,9999.9,6789.1,9999.9,9999.9,9999.9,9999.9,8742.1,9999.9,9999.9,9999.9,9999.9,9999.9,3159.2,9999.9,9999.9,9999.9,502.8,3867.7,1491.0,3272.6,3844.4,9999.9,5362.8,8742.1,9999.9,6936.6,8509.0,9999.9,9999.9,6862.1,8397.0,9999.9,9999.9,4226.3,9999.9,9999.9,4834.6,9999.9,9999.9,9999.9,9999.9,9999.9,9999.9,9999.9,9669.3,9999.9,9999.9,9999.9,9999.9,9999.9,9999.9,9999.9,5801.5,9999.9,9999.9,9999.9,9999.9,5274.1,9999.9,9999.9,9999.9,9999.9,9999.9,9999.9,9999.9,9999.9,9999.9,9999.9,9999.9,9999.9,9999.9,9999.9,5749.3,5549.3,8397.0,9999.9,3988.5,9999.9,9999.9,14.4,5.4,24.4,21.9,129.6,3.5,89.8,80.1,123.7,307.2,111.1,759.7,313.7,206.5,27.8,68.7,51.1,84.4,126.2,119.5,263.9,162.5,388.1,111.8,406.7,931.6,562.2,1017.8,110.0,106.3,146.8,269.7,1072.5,393.9,580.6,1076.1,2738.9,972.8,2381.2,2681.4,2648.0,3732.0,113.8,533.5,334.6,749.9,626.2,1623.8,1037.6,779.2,906.4,1156.1,1326.7,1248.8,2692.7,1564.1
20260903_青森_11R,20260903,12,青森,11,220.3,592.1,79.9,1472.3,99.0,692.7,367.9,242.8,230.9,79.1,282.1,240.5,775.7,467.8,1048.7,270.2,257.4,2202.0,975.2,2598.2,1775.1,15.9,15.0,36.2,191.2,14.0,107.2,5.4,3525.3,1554.6,4340.4,1691.2,3367.2,4443.2,5402.2,136.9,294.0,756.9,103.3,1360.3,283.2,424.7,1960.5,2189.2,3592.8,1031.4,5108.2,1093.0,3525.3,866.0,724.1,1940.3,184.3,2833.6,668.6,1646.7,388.4,1155.2,112.7,2361.3,184.0,972.6,401.1,872.1,2080.0,1169.6,2486.4,1013.3,2554.1,3141.8,3040.1,2536.8,3428.7,8162.0,2511.3,6529.6,8939.3,89.3,383.1,1288.0,2438.0,165.9,980.2,273.0,9627.0,5776.2,9999.9,8834.1,6473.3,9999.9,9999.9,161.6,277.0,875.1,131.1,1504.8,206.2,380.0,3236.6,3931.4,9047.0,3931.4,9999.9,1217.0,6586.8,2018.5,3460.3,6529.6,1698.8,9999.9,1997.0,4015.5,673.4,647.8,193.2,571.0,742.7,2046.0,1205.3,1115.7,2040.5,1489.8,1881.9,1235.0,3680.9,3792.4,695.2,1466.6,576.2,465.5,893.9,2634.7,2478.2,232.5,1220.9,884.4,898.2,797.9,1734.1,660.4,1149.9,2139.3,1003.8,921.3,1561.1,3542.0,3428.7,1285.7,1460.9,1706.6,1105.8,1896.2,1679.8,2653.3,3870.6,4844.5,6007.2,2571.5,5325.5,2791.4,3575.7,2681.8,6529.6,5325.5,2115.2,5820.9,3592.8,6104.9,3307.9,1345.7,1028.6,5732.1,2720.6,6154.9,4752.5,3508.9,3558.7,4972.8,9999.9,3973.0,9386.3,8731.4,868.0,1991.7,725.5,775.7,1597.6,3870.6,3307.9,919.1,4315.5,1299.1,4752.5,4171.7,9386.3,2324.7,9999.9,9999.9,2921.8,5603.7,9999.9,9999.9,9999.9,4469.6,3811.7,3322.5,4496.4,8939.3,3994.1,8731.4,9386.3,9999.9,9047.0,9999.9,9999.9,8939.3,9999.9,6418.0,8939.3,7509.0,6310.1,9999.9,9999.9,9999.9,14.4,15.6,50.6,187.8,11.4,125.9,5.0,69.3,355.7,995.8,2115.2,173.8,1074.2,266.6,103.9,518.5,649.5,1062.1,411.2,1186.2,343.3,391.3,2607.3,1018.8,3870.6,2701.1,4635.2,1481.0,1460.9,9505.1,3850.8,6363.6,4693.1,9999.9,4782.8,94.7,225.3,364.1,1141.1,1813.7,683.2,273.9,933.9,4081.0,2414.4,6889.0,8731.4,2289.3,2248.2,61.4,343.1,320.4,867.0,1478.1,237.4,981.5,9999.9,5441.3,9999.9,6764.9,9999.9,9999.9,9999.9,9999.9,6473.3,9999.9,9999.9,9999.9,9999.9,9999.9,5178.6,6952.8,3077.4,5521.3,7290.3,9999.9,9999.9,9999.9,9999.9,3870.6,9386.3,9999.9,9999.9,9999.9,6007.2,9999.9,7904.2,9157.3,7904.2,9999.9,9999.9,9999.9,9999.9,9505.1,9999.9,9752.0,9999.9,9999.9,9999.9,9999.9,9999.9,9999.9,9999.9,9999.9,9999.9,9999.9,9999.9,9999.9,9999.9,9999.9,9999.9,9999.9,512.2,1009.2,2261.7,364.6,4290.8,1107.5,1554.6,311.4,431.3,1169.6,248.4,2254.9,256.5,1028.6,1310.4,1274.8,2445.9,1247.3,3870.6,1706.6,2877.0,3931.4,3115.7,3128.7,4523.5,8533.0,4693.1,7904.2,330.6,534.8,884.4,2877.0,3645.1,1025.8,881.3,9999.9,8834.1,6645.1,9999.9,6205.8,8631.1,9999.9,1858.6,802.2,1891.4,2215.0,1501.8,4940.1,2866.0,3476.4,3413.2,3811.7,9157.3,2261.7,9999.9,4391.2,6363.6,8074.2,8939.3,3064.9,9999.9,5732.1,9999.9,6055.6,7662.3,9999.9,8162.0,9999.9,3003.6,9999.9,7290.3,7434.7,9999.9,6257.5,9999.9,6418.0,9999.9,9999.9,9999.9,9999.9,9999.9,9999.9,9999.9,9999.9,3077.4,9627.0,6473.3,9999.9,9999.9,5143.1,4844.5,9999.9,9999.9,9999.9,9999.9,9999.9,9999.9,9999.9,4550.9,1896.2,4290.8,9270.4,3811.7,9999.9,7584.9,9999.9,9999.9,9999.9,9999.9,6104.9,9999.9,9999.9,2812.3,1750.3,5521.3,549.3,9999.9,2310.4,8939.3,4125.8,6645.1,9627.0,3040.1,9999.9,5006.0,9386.3,3222.7,6952.8,5776.2,2562.8,8343.4,6205.8,9999.9,9999.9,9999.9,9999.9,8343.4,9999.9,9999.9,9999.9,520.3,2877.0,2383.8,5325.5,9880.3,2503.0,4125.8,9999.9,9999.9,9999.9,9999.9,9999.9,9999.9,9999.9,3773.3,4722.6,5178.6,9047.0,3293.4,9999.9,7361.8,9999.9,9999.9,9999.9,4171.7,5603.7,9999.9,9270.4
20260903_青森_12R,20260903,12,青森,12,129.0,153.4,136.9,106.7,297.4,112.8,461.2,104.2,80.6,231.7,70.0,82.9,251.6,296.3,121.2,83.1,199.4,63.3,154.3,205.4,90.2,235.3,356.1,334.6,294.5,687.2,556.4,748.4,39.0,37.7,31.2,116.0,68.0,78.1,165.3,456.9,187.7,281.1,737.8,167.3,606.8,689.2,331.9,614.3,456.8,711.5,325.5,859.4,1082.2,623.1,457.4,201.8,824.9,379.0,741.4,833.3,255.1,309.5,189.5,308.8,446.9,187.8,901.5,343.0,590.1,551.8,1029.1,698.5,453.2,1695.0,376.9,617.4,514.9,941.1,931.7,309.5,704.9,178.7,370.3,281.0,592.2,523.3,80.2,685.0,793.4,1793.1,1486.4,1417.4,2616.2,835.2,4094.7,1141.8,1136.9,1330.0,1273.0,2346.2,843.1,2783.1,208.5,375.1,275.0,106.9,461.8,411.6,682.6,1296.2,2404.3,979.5,1604.7,3704.4,2997.8,896.9,108.1,72.2,238.3,80.8,68.3,206.4,296.6,191.3,273.7,331.0,533.9,259.1,211.5,793.4,87.2,189.4,312.4,256.6,108.2,232.5,151.9,497.3,435.3,624.8,1472.0,622.9,790.7,1483.3,184.5,604.8,423.2,1054.4,305.8,645.7,858.0,41.2,85.5,50.6,226.6,138.9,129.5,243.7,564.1,488.7,603.2,1010.1,1085.0,627.9,1421.1,480.7,827.1,253.4,1311.3,759.3,543.4,997.8,129.5,95.2,192.3,96.5,181.3,223.3,73.5,213.9,348.9,321.6,551.7,479.1,211.8,260.9,116.8,251.2,381.6,351.6,157.3,356.3,166.0,313.6,311.0,527.5,894.3,890.9,540.7,330.7,272.4,740.1,655.6,1079.5,903.4,813.3,485.0,369.9,620.2,344.1,963.2,847.5,657.8,391.3,582.8,450.4,841.8,881.0,1040.1,945.3,456.7,62.5,101.4,110.3,153.8,203.5,163.1,122.7,293.8,562.9,410.1,546.3,942.4,721.1,1077.8,195.3,392.9,279.2,685.3,536.3,79.4,763.1,673.2,785.8,974.2,2747.3,1190.7,1619.2,2295.8,373.0,383.5,722.1,1261.7,1209.6,643.2,550.8,1207.6,1796.1,3329.3,2242.8,3376.7,2377.5,5053.0,976.0,870.6,964.5,1279.1,3475.5,1936.1,3366.0,942.4,209.4,1448.1,967.6,1708.6,1610.7,1808.3,1389.7,1264.7,2409.7,1098.3,3803.3,3313.8,1642.9,153.4,139.1,122.3,318.9,159.2,189.5,414.6,750.7,1736.3,1451.0,1597.5,3084.3,1064.4,3830.5,350.9,1261.0,958.0,2733.3,655.6,2033.7,2393.5,432.7,1367.5,1088.8,1977.2,1557.9,1461.0,1200.1,1327.6,2024.1,4274.9,2743.8,5343.6,3006.2,5715.1,738.3,3653.7,1168.6,2110.0,4677.1,3469.9,4994.0,1356.2,1784.1,3723.7,2085.3,3293.4,3823.7,5508.9,1345.1,4728.8,3498.2,1692.3,5937.3,4048.2,5480.6,691.7,276.4,492.2,1108.6,255.1,682.4,1043.1,1188.1,843.1,1355.3,1684.3,2709.0,876.7,2936.0,121.8,212.2,161.0,477.9,280.0,232.3,520.5,642.2,1098.9,437.2,1627.9,1439.3,1173.7,988.1,1343.4,1402.5,1019.2,1463.0,3678.9,2135.3,3980.3,601.4,2865.2,793.1,1899.9,3288.4,2603.4,3190.2,2338.5,1632.8,1531.1,1781.2,3223.9,3019.0,3672.6,1190.7,1917.0,1216.5,947.8,2594.0,2075.2,2247.5,489.3,1157.2,928.1,778.3,888.0,920.5,2120.4,373.6,691.2,539.7,232.1,889.1,646.5,1043.1,1396.1,1138.1,1619.2,1886.5,2775.9,1866.7,2740.3,1109.2,967.1,1696.3,1679.0,1962.7,2022.1,1534.4,1426.8,434.9,1999.4,1524.5,2283.6,2254.7,2740.3,1543.2,2085.3,3987.8,2281.1,3002.0,3756.5,5669.6,2423.4,2226.5,2107.9,2572.1,2872.9,3616.6,5226.0,2622.6,1604.7,2846.1,1697.7,2499.9,4142.3,3730.2,745.5,646.9,236.6,1122.6,517.9,887.2,1051.3,981.3,1509.5,583.0,742.9,2178.8,2192.2,377.9,633.8,1050.8,328.8,1802.2,1180.9,707.7,1620.5,82.6,125.2,115.0,193.5,228.0,190.9,146.6,1355.3,709.1,2159.0,854.9,3622.8,3002.0,1096.6,943.6,2642.1,2020.2,892.4,3865.2,2779.5,3209.4,920.1,1797.6,992.7,747.6,2390.8,1886.5,1962.7,1955.5,938.3,2526.5,897.3,1692.3,3464.2,2960.4
20260903_立川_1R,20260903,28,立川,1,634.9,328.9,837.7,1675.4,433.9,,,632.6,159.8,320.8,918.5,617.5,,,97.9,54.2,72.0,229.9,75.8,,,628.2,341.4,149.0,904.7,418.8,,,2319.8,1904.7,869.9,1707.0,1660.0,,,662.8,874.1,385.8,466.3,1707.0,,,,,,,,,,,,,,,,,1239.3,646.2,988.7,2584.9,837.7,,,1145.2,512.5,626.1,1707.0,512.5,,,389.9,388.2,310.3,1283.3,113.0,,,841.6,556.7,361.1,1660.0,276.6,,,3414.0,2056.2,2128.7,2660.9,2478.7,,,420.8,231.9,131.8,221.2,913.8,,,,,,,,,,,,,,,,,479.9,142.5,225.3,849.5,456.9,,,561.9,356.8,352.0,994.2,355.4,,,86.0,162.7,51.8,380.9,115.9,,,134.4,161.5,53.7,281.8,102.0,,,1495.4,1292.4,790.1,677.7,1520.5,,,506.8,287.2,245.8,204.6,882.6,,,,,,,,,,,,,,,,,26.4,15.4,20.4,133.1,23.7,,,79.8,103.3,84.0,454.6,27.5,,,43.4,80.4,30.6,266.4,63.8,,,26.1,47.7,21.4,152.1,37.2,,,563.6,753.9,516.9,442.4,690.6,,,84.5,41.9,85.7,75.3,395.0,,,,,,,,,,,,,,,,,227.8,116.2,74.8,419.8,176.3,,,250.9,153.2,89.6,527.5,55.3,,,74.5,87.1,30.3,188.8,58.9,,,26.0,37.7,20.2,160.5,31.3,,,501.2,605.1,360.4,311.4,406.6,,,217.7,77.9,110.0,96.7,318.5,,,,,,,,,,,,,,,,,3174.5,2622.4,1739.8,2380.8,2918.4,,,3231.1,2261.8,2104.0,2261.8,2233.9,,,2104.0,2056.2,1256.5,1436.0,2827.2,,,1447.5,1601.2,1058.1,937.5,1988.4,,,1587.2,1756.7,1145.2,849.5,1145.2,,,2783.7,2033.1,2783.7,2180.0,1370.8,,,,,,,,,,,,,,,,,837.7,1247.9,378.5,715.2,1707.0,,,411.2,252.0,172.8,233.4,878.3,,,874.1,333.8,359.0,361.8,1533.4,,,258.8,187.8,311.4,221.7,1058.1,,,572.6,247.1,300.0,213.3,757.0,,,2033.1,1301.7,2478.7,1791.5,1190.4,,,,,,,,,,,,,,,,,,,,,,,,,,,,,,,,,,,,,,,,,,,,,,,,,,,,,,,,,,,,,,,,,,,,,,,,,,,,,,,,,,,,,,,,,,,,,,,,,,,,,,,,,,,,,,,,,,,,,,,,,,,,,,,,
20260903_立川_2R,20260903,28,立川,2,104.4,39.8,19.1,534.8,111.9,,,228.4,144.6,218.2,716.1,399.6,,,22.6,60.4,20.6,218.8,12.0,,,16.4,94.8,30.2,388.7,109.7,,,1922.5,1141.1,1403.9,1432.2,2634.5,,,243.3,478.4,87.6,281.9,1940.0,,,,,,,,,,,,,,,,,144.8,63.0,25.6,846.8,240.0,,,358.6,552.8,199.4,1172.5,1240.7,,,106.5,311.0,96.2,1153.5,367.9,,,11.4,44.0,27.6,250.7,115.1,,,2771.4,2371.1,3092.7,1535.2,5335.0,,,613.2,1654.2,915.8,481.7,3092.7,,,,,,,,,,,,,,,,,459.9,288.3,421.7,1226.4,1051.2,,,579.8,974.4,351.5,1413.2,1763.6,,,599.4,1192.1,911.9,1793.2,1088.7,,,418.4,291.1,754.0,1051.2,1680.3,,,961.2,1141.1,1016.2,1051.2,2371.1,,,2807.9,3334.4,2510.6,3005.6,6097.2,,,,,,,,,,,,,,,,,87.8,217.0,79.8,524.3,33.4,,,213.1,863.9,215.9,2032.4,498.6,,,770.4,1285.5,1046.0,2092.1,1185.5,,,160.4,197.5,620.3,1855.6,533.5,,,2701.2,3498.3,2319.5,3138.2,4355.1,,,148.1,380.3,987.9,635.1,2071.8,,,,,,,,,,,,,,,,,14.3,93.7,25.7,506.8,104.6,,,6.7,38.7,21.3,208.6,49.7,,,210.6,140.1,362.9,596.0,756.7,,,68.5,88.0,222.5,833.6,166.2,,,1680.3,1333.7,1376.7,1855.6,2112.8,,,477.4,388.0,1301.2,503.3,1580.7,,,,,,,,,,,,,,,,,4742.2,2963.9,3334.4,5204.9,4742.2,,,6097.2,3048.6,5471.8,3441.9,5471.8,,,1871.9,1855.6,1461.6,2013.2,4639.1,,,4540.4,5204.9,2510.6,4103.8,4026.4,,,4268.0,3138.2,3092.7,3334.4,3679.3,,,5204.9,6097.2,9278.3,8536.0,4026.4,,,,,,,,,,,,,,,,,1413.2,2963.9,492.8,940.0,4540.4,,,1513.4,4540.4,2032.4,1975.9,4962.8,,,4850.0,5615.8,5335.0,4850.0,7903.7,,,638.9,1793.2,4026.4,2134.0,6668.8,,,2051.9,1855.6,3441.9,2602.4,4268.0,,,5927.8,6668.8,9999.9,8891.7,3679.3,,,,,,,,,,,,,,,,,,,,,,,,,,,,,,,,,,,,,,,,,,,,,,,,,,,,,,,,,,,,,,,,,,,,,,,,,,,,,,,,,,,,,,,,,,,,,,,,,,,,,,,,,,,,,,,,,,,,,,,,,,,,,,,,
20260903_立川_3R,20260903,28,立川,3,1406.4,1226.5,1128.1,2318.2,1191.8,,,573.2,480.5,112.7,374.0,24.5,,,1326.8,1014.2,921.2,1917.8,857.5,,,408.8,91.8,434.9,353.3,94.5,,,2775.8,995.1,2244.3,981.2,950.2,,,387.0,24.1,408.0,58.0,355.7,,,,,,,,,,,,,,,,,3057.4,1971.6,1454.9,4305.3,2397.3,,,2424.8,2268.4,3835.7,2268.4,1024.0,,,1406.4,1270.8,1562.7,1093.0,1034.1,,,1990.2,4136.5,2812.8,5022.9,3980.4,,,4586.1,2850.8,2453.0,6392.8,3196.4,,,1539.8,967.7,1233.7,2268.4,3148.7,,,,,,,,,,,,,,,,,388.5,355.1,121.3,328.6,40.9,,,1172.0,1039.2,1586.1,1255.7,361.8,,,847.2,1060.1,933.4,1278.5,276.4,,,273.6,1205.5,840.4,761.6,137.1,,,698.5,1233.7,1098.7,882.6,159.9,,,6.3,43.1,32.3,10.6,18.7,,,,,,,,,,,,,,,,,2370.3,1415.8,1528.7,3701.1,814.5,,,1146.5,1185.1,1551.2,1009.3,981.2,,,1425.4,2293.0,2220.6,2268.4,562.5,,,2637.0,3637.3,2889.9,3102.4,3348.6,,,4906.1,1953.3,2370.3,2971.3,4305.3,,,1226.5,1286.3,531.3,1687.7,2293.0,,,,,,,,,,,,,,,,,712.7,331.7,805.2,703.2,256.9,,,1953.3,2930.0,1635.3,5701.7,2850.8,,,590.9,2775.8,2068.2,2197.5,426.1,,,1990.2,2971.3,3013.7,3458.4,2889.9,,,1883.6,5860.1,3701.1,3637.3,2109.6,,,465.7,2088.7,327.5,1635.3,1361.0,,,,,,,,,,,,,,,,,3402.6,1674.3,3906.7,1335.2,1435.1,,,4488.6,2572.7,2293.0,5409.3,3348.6,,,1335.2,1743.5,1425.4,1635.3,391.3,,,4906.1,2220.6,2318.2,2889.9,3767.2,,,1883.6,3575.6,2481.9,3057.4,1935.4,,,1165.5,1935.4,370.7,2197.5,1387.9,,,,,,,,,,,,,,,,,193.0,26.9,168.7,49.6,162.7,,,441.3,238.6,374.0,729.9,799.1,,,4.0,32.3,27.2,8.2,14.1,,,364.3,476.2,215.0,573.2,868.1,,,106.4,479.4,76.2,442.2,382.8,,,398.0,901.5,154.6,850.6,496.3,,,,,,,,,,,,,,,,,,,,,,,,,,,,,,,,,,,,,,,,,,,,,,,,,,,,,,,,,,,,,,,,,,,,,,,,,,,,,,,,,,,,,,,,,,,,,,,,,,,,,,,,,,,,,,,,,,,,,,,,,,,,,,,,
20260903_立川_4R,20260903,28,立川,4,2473.1,377.9,1261.0,1423.0,1242.5,,,3069.0,968.5,694.0,4717.2,1990.0,,,99.5,185.7,78.6,240.9,48.1,,,857.6,776.6,252.7,2158.7,477.9,,,2739.0,4717.2,1572.4,4317.4,3442.3,,,1010.8,1516.2,250.9,651.4,1793.8,,,,,,,,,,,,,,,,,3396.4,658.2,1612.2,1915.2,2215.0,,,5419.8,3691.7,2573.0,3351.7,6531.5,,,340.0,1376.9,575.0,553.7,1333.6,,,1781.3,2005.7,849.1,2547.3,3489.4,,,1562.7,2021.6,929.6,2140.6,2626.0,,,4898.6,8217.1,3106.4,6212.9,5537.6,,,,,,,,,,,,,,,,,5306.9,1612.2,1721.1,5094.6,4391.9,,,7492.1,3691.7,2894.6,3442.3,8783.8,,,1207.2,2739.0,933.0,2573.0,4994.7,,,1122.1,1632.8,854.8,3918.9,3308.2,,,8491.0,4468.9,4317.4,6368.2,8217.1,,,7719.1,9999.9,5419.8,6531.5,9434.5,,,,,,,,,,,,,,,,,6.7,29.8,4.8,42.7,2.8,,,34.9,72.6,34.5,49.0,98.8,,,130.9,146.8,65.8,263.4,272.4,,,13.6,25.6,17.4,93.6,47.3,,,204.4,131.1,328.6,219.7,454.8,,,44.0,147.8,287.5,130.7,337.3,,,,,,,,,,,,,,,,,1006.8,916.3,212.9,2473.1,545.4,,,1326.7,1768.9,606.5,2739.0,3308.2,,,633.6,929.6,436.9,2234.4,2021.6,,,117.3,292.1,311.7,816.4,469.1,,,7960.3,5419.8,6212.9,2573.0,4994.7,,,1254.8,5306.9,4631.4,1369.5,4317.4,,,,,,,,,,,,,,,,,3308.2,4717.2,2234.4,4994.7,6212.9,,,2473.1,2234.4,1043.9,2681.3,4898.6,,,8217.1,4245.5,4806.2,8783.8,9999.9,,,1900.9,1184.7,2522.0,2158.7,6212.9,,,8783.8,5419.8,7075.8,3308.2,5094.6,,,9999.9,8217.1,9999.9,9999.9,5789.3,,,,,,,,,,,,,,,,,4631.4,4898.6,528.4,1455.6,5923.9,,,5198.6,9097.5,3587.7,7960.3,8491.0,,,7278.0,9999.9,6531.5,6212.9,9999.9,,,621.2,3396.4,4391.9,1643.4,6368.2,,,1675.8,9797.3,5094.6,1886.9,5419.8,,,9999.9,9999.9,9999.9,9999.9,5094.6,,,,,,,,,,,,,,,,,,,,,,,,,,,,,,,,,,,,,,,,,,,,,,,,,,,,,,,,,,,,,,,,,,,,,,,,,,,,,,,,,,,,,,,,,,,,,,,,,,,,,,,,,,,,,,,,,,,,,,,,,,,,,,,,
20260903_立川_5R,20260903,28,立川,5,147.4,40.0,67.6,87.3,70.5,,,342.4,173.8,307.6,249.0,138.3,,,52.7,104.2,99.0,63.0,67.9,,,51.2,107.4,52.7,114.3,31.2,,,200.5,300.2,131.0,361.6,235.5,,,66.4,46.3,50.4,48.1,74.1,,,,,,,,,,,,,,,,,140.5,38.7,48.4,126.2,60.6,,,355.2,223.9,543.0,366.8,627.1,,,19.0,44.9,37.9,7.1,80.7,,,75.4,269.6,81.8,233.9,226.2,,,276.3,193.6,35.2,534.9,579.7,,,289.1,589.1,321.9,500.8,593.0,,,,,,,,,,,,,,,,,670.2,615.3,550.5,977.1,466.4,,,566.0,401.5,885.9,680.3,1182.2,,,527.9,338.8,1193.9,409.7,1021.4,,,694.7,1170.7,1371.0,2121.0,1547.5,,,1758.9,1222.3,881.6,2486.7,2452.9,,,821.3,1692.8,1534.4,2096.4,1970.4,,,,,,,,,,,,,,,,,61.1,199.3,156.4,156.5,155.8,,,23.0,38.9,52.8,10.1,99.9,,,353.8,153.4,825.1,272.9,645.0,,,232.1,134.5,534.9,388.1,591.1,,,163.0,28.1,135.9,461.1,381.5,,,554.7,376.3,888.1,885.9,668.9,,,,,,,,,,,,,,,,,94.1,252.1,115.3,290.3,88.0,,,137.6,422.2,130.4,355.9,379.1,,,721.1,912.8,1137.4,1260.7,1477.8,,,235.6,177.2,561.6,225.7,591.1,,,1425.2,1066.8,1419.6,595.0,1515.0,,,418.7,775.4,1141.0,1141.0,1515.0,,,,,,,,,,,,,,,,,1392.2,2239.6,1252.0,2671.0,2198.6,,,993.3,544.6,145.3,1907.8,1811.9,,,2239.6,1045.1,738.9,3605.8,2861.7,,,808.4,72.9,434.4,1430.8,1453.9,,,3401.7,2356.7,3679.4,2003.2,3434.1,,,3535.1,2907.9,2907.9,2557.3,3605.8,,,,,,,,,,,,,,,,,465.8,393.2,416.8,363.1,559.0,,,719.7,1448.1,971.9,1677.1,1684.9,,,917.5,2121.0,1793.9,2239.6,1767.5,,,990.6,1096.0,1733.5,2072.3,1099.3,,,693.4,2084.3,2084.3,2469.7,2671.0,,,2632.0,2861.7,2296.7,1897.8,2612.9,,,,,,,,,,,,,,,,,,,,,,,,,,,,,,,,,,,,,,,,,,,,,,,,,,,,,,,,,,,,,,,,,,,,,,,,,,,,,,,,,,,,,,,,,,,,,,,,,,,,,,,,,,,,,,,,,,,,,,,,,,,,,,,,
20260903_立川_6R,20260903,28,立川,6,484.8,605.7,80.6,651.5,294.8,,,471.1,908.6,175.6,297.8,498.3,,,1349.1,1769.1,473.6,1648.9,971.4,,,7.2,53.0,76.5,39.9,27.7,,,416.7,251.7,662.8,104.1,336.4,,,265.8,593.6,587.1,87.9,436.4,,,,,,,,,,,,,,,,,1376.9,1723.4,165.0,1701.4,716.1,,,2120.1,4109.7,1590.0,2935.5,3297.9,,,3297.9,5342.7,2302.8,4109.7,3257.7,,,108.4,776.5,902.4,950.6,420.0,,,3561.8,3001.5,4686.5,2520.1,4047.5,,,850.7,2644.9,1817.2,686.7,2644.9,,,,,,,,,,,,,,,,,639.0,1284.3,222.9,557.6,797.4,,,1064.2,1949.8,867.3,1757.4,1723.4,,,2841.8,4686.5,2343.2,1881.2,3218.4,,,185.6,395.7,967.8,440.8,609.8,,,309.1,819.4,558.8,228.1,539.6,,,1509.2,1964.2,1908.1,974.9,1254.1,,,,,,,,,,,,,,,,,1829.6,2618.9,807.0,3469.2,710.4,,,2385.1,4308.6,2364.0,4379.2,2496.5,,,3469.2,4686.5,2450.7,2406.6,3609.9,,,679.7,1225.3,2302.8,1921.8,1187.2,,,3469.2,3871.5,2568.6,1921.8,2811.9,,,1176.8,1315.9,2226.1,824.4,1949.8,,,,,,,,,,,,,,,,,2.6,27.8,43.3,31.9,13.9,,,11.8,148.6,137.6,98.1,72.7,,,95.6,218.2,607.1,243.7,355.2,,,272.5,483.0,1161.4,924.3,564.7,,,117.5,151.9,294.8,593.6,325.7,,,49.0,107.1,351.4,316.5,277.3,,,,,,,,,,,,,,,,,589.7,233.1,774.3,137.9,505.9,,,1315.9,1151.4,2428.5,614.1,2244.8,,,164.2,438.6,263.1,131.7,264.2,,,1260.0,2226.1,656.3,864.5,1214.2,,,136.6,222.6,184.1,521.7,363.9,,,544.0,1278.1,395.1,930.7,377.3,,,,,,,,,,,,,,,,,310.6,748.2,562.3,85.6,562.3,,,287.5,1428.5,470.3,232.8,1236.7,,,1072.8,1734.6,1571.3,774.3,804.6,,,664.5,701.1,1094.8,398.7,845.3,,,58.1,84.7,445.9,234.7,351.9,,,591.0,1081.5,714.2,917.9,412.8,,,,,,,,,,,,,,,,,,,,,,,,,,,,,,,,,,,,,,,,,,,,,,,,,,,,,,,,,,,,,,,,,,,,,,,,,,,,,,,,,,,,,,,,,,,,,,,,,,,,,,,,,,,,,,,,,,,,,,,,,,,,,,,,
20260903_立川_7R,20260903,28,立川,7,1344.9,2518.2,1201.5,1368.2,1392.4,,,1753.4,2659.6,903.4,1753.4,1849.3,,,3242.6,2851.9,1588.6,2996.3,2958.9,,,1160.3,751.4,876.7,1160.3,1849.3,,,910.4,954.4,1488.7,684.1,1121.8,,,1470.2,2094.7,2491.7,2040.6,2298.1,,,,,,,,,,,,,,,,,732.8,1360.4,523.6,958.3,573.1,,,448.3,263.5,84.2,608.5,131.3,,,1033.6,455.2,256.1,1578.0,426.5,,,298.1,55.7,66.6,318.1,70.6,,,768.5,863.9,1409.0,502.5,613.2,,,194.8,86.0,152.0,39.9,221.6,,,,,,,,,,,,,,,,,684.1,1166.0,356.4,903.4,966.1,,,332.4,180.8,63.1,539.2,96.4,,,763.5,253.7,80.7,1071.0,284.1,,,97.4,19.8,13.4,145.1,38.5,,,827.6,1095.8,1417.4,562.2,1360.4,,,554.3,137.0,270.2,135.8,771.0,,,,,,,,,,,,,,,,,3945.2,4081.2,2212.2,3641.7,1201.5,,,1610.2,766.0,622.9,3333.9,1047.3,,,1690.8,643.2,214.6,2233.1,921.0,,,830.5,323.8,135.7,1272.6,593.2,,,4830.8,5773.4,3034.7,2886.7,5917.8,,,3533.0,1409.0,1498.1,1166.0,5504.9,,,,,,,,,,,,,,,,,444.1,248.1,396.5,702.4,578.7,,,184.6,26.9,52.9,309.4,51.2,,,50.5,7.7,3.9,94.0,17.4,,,171.4,53.3,14.6,213.2,77.6,,,629.5,533.1,292.2,361.9,763.5,,,411.6,77.0,52.6,88.6,502.5,,,,,,,,,,,,,,,,,664.9,591.7,1075.9,467.8,917.4,,,1265.8,1678.8,2752.4,1038.2,1425.9,,,1376.2,1834.9,1779.7,879.9,2391.0,,,3641.7,4830.8,2752.4,2023.1,5773.4,,,672.4,824.7,618.0,541.6,1095.8,,,1557.3,1252.4,1715.3,2320.7,1239.3,,,,,,,,,,,,,,,,,910.4,1329.8,1740.5,1272.6,1727.8,,,241.0,92.6,204.7,49.1,310.6,,,723.8,166.6,333.3,157.5,1033.6,,,1702.9,735.1,778.6,600.7,2784.8,,,670.5,109.3,111.4,172.5,781.2,,,1307.8,1003.0,1265.8,1702.9,870.2,,,,,,,,,,,,,,,,,,,,,,,,,,,,,,,,,,,,,,,,,,,,,,,,,,,,,,,,,,,,,,,,,,,,,,,,,,,,,,,,,,,,,,,,,,,,,,,,,,,,,,,,,,,,,,,,,,,,,,,,,,,,,,,,
20260903_立川_8R,20260903,28,立川,8,106.4,115.1,163.8,189.7,180.7,,,129.4,349.7,204.3,251.2,169.5,,,200.5,468.5,480.6,581.5,344.6,,,398.3,487.8,784.7,580.2,755.1,,,148.2,178.9,371.1,182.9,253.4,,,310.1,278.3,382.5,425.0,500.0,,,,,,,,,,,,,,,,,99.1,78.0,116.2,124.7,150.6,,,76.2,23.7,36.1,208.0,21.0,,,38.4,15.9,24.8,137.1,27.7,,,102.8,48.6,69.1,193.1,71.1,,,252.9,441.5,497.1,394.7,531.6,,,126.2,40.1,54.8,57.5,322.0,,,,,,,,,,,,,,,,,164.3,374.3,235.3,452.3,148.1,,,85.0,36.7,40.7,265.5,23.0,,,279.5,72.6,150.8,624.7,84.6,,,193.5,64.4,182.7,453.8,54.5,,,895.2,735.9,1258.6,1085.5,757.3,,,58.6,16.3,45.1,23.4,213.5,,,,,,,,,,,,,,,,,235.5,541.6,597.5,1050.5,366.4,,,98.9,46.1,71.8,302.2,56.8,,,469.4,101.3,331.4,1132.7,179.1,,,968.5,345.5,632.3,1821.9,827.0,,,1887.9,1059.0,1834.7,2207.8,2685.8,,,419.5,115.3,217.2,415.5,1378.4,,,,,,,,,,,,,,,,,691.0,1063.3,1423.6,1173.5,986.8,,,630.8,299.8,382.0,1514.7,546.1,,,857.0,310.8,731.8,1821.9,361.3,,,1569.4,604.4,1021.6,2326.1,1423.6,,,1423.6,2171.1,2554.2,2347.1,2265.4,,,1497.3,752.9,502.9,1277.1,1915.6,,,,,,,,,,,,,,,,,661.2,964.9,1302.6,689.2,1063.3,,,1252.5,1541.6,1393.2,2245.9,2713.8,,,1988.7,1860.9,2305.5,2713.8,2960.5,,,2457.8,1488.7,2831.8,2457.8,4070.8,,,1072.1,2579.5,2801.4,2412.3,2579.5,,,2067.7,2481.2,2771.6,3568.9,2579.5,,,,,,,,,,,,,,,,,297.0,260.7,451.5,607.3,584.1,,,215.1,64.4,100.5,129.1,526.3,,,95.6,32.8,95.8,50.7,301.5,,,397.7,123.0,195.5,402.6,1211.7,,,832.3,421.5,291.7,702.2,1228.9,,,1588.6,1532.5,1408.2,2171.1,1488.7,,,,,,,,,,,,,,,,,,,,,,,,,,,,,,,,,,,,,,,,,,,,,,,,,,,,,,,,,,,,,,,,,,,,,,,,,,,,,,,,,,,,,,,,,,,,,,,,,,,,,,,,,,,,,,,,,,,,,,,,,,,,,,,,
20260903_立川_9R,20260903,28,立川,9,231.1,244.3,171.8,343.3,254.6,,,125.0,33.1,34.3,270.5,73.3,,,220.8,70.3,95.3,458.4,156.8,,,55.8,21.7,34.0,94.3,12.8,,,466.8,593.5,750.8,228.6,300.9,,,147.4,101.1,114.9,30.4,228.4,,,,,,,,,,,,,,,,,384.2,350.7,327.9,419.0,457.6,,,372.8,226.7,482.2,515.4,1192.2,,,443.7,287.5,581.1,631.3,971.3,,,377.9,565.7,566.9,1028.9,1462.1,,,244.1,368.9,397.4,566.9,587.3,,,904.8,2697.1,1714.8,2042.6,1736.2,,,,,,,,,,,,,,,,,89.6,25.3,36.0,156.0,50.9,,,197.3,120.3,292.7,301.6,706.8,,,8.2,29.1,28.8,63.9,81.0,,,43.3,291.1,103.4,336.3,239.2,,,176.9,315.6,211.2,403.7,887.5,,,240.9,1138.5,425.4,615.9,1274.3,,,,,,,,,,,,,,,,,265.0,77.6,174.7,526.1,260.3,,,369.9,198.5,521.2,667.7,926.0,,,17.2,42.3,55.3,92.4,133.1,,,232.0,687.6,220.1,964.5,1068.4,,,890.3,907.8,505.0,1551.9,2502.7,,,719.6,1704.3,773.8,1693.9,3086.7,,,,,,,,,,,,,,,,,107.5,39.8,71.8,74.5,13.3,,,288.7,524.1,489.0,831.7,1240.1,,,72.2,539.4,178.0,655.1,429.3,,,215.5,667.7,272.8,1172.1,967.9,,,213.6,723.4,846.9,1485.5,756.9,,,105.1,1143.2,672.6,1032.7,932.2,,,,,,,,,,,,,,,,,449.5,545.7,981.6,239.4,349.8,,,211.4,284.0,463.7,369.9,699.7,,,328.3,410.9,553.3,546.8,1956.3,,,1245.7,978.1,734.9,1803.9,2806.0,,,218.3,540.4,505.0,1439.3,1262.7,,,1375.2,2057.8,3607.8,3858.3,2354.2,,,,,,,,,,,,,,,,,1021.3,620.0,836.7,191.9,1028.9,,,1998.5,4873.7,3429.6,3561.5,4026.1,,,1085.1,4209.1,1852.0,2750.5,5447.1,,,1596.5,3472.5,2104.5,4480.7,5342.3,,,426.0,3607.8,2258.5,3347.0,2187.4,,,2277.0,3754.1,5556.0,4960.7,2502.7,,,,,,,,,,,,,,,,,,,,,,,,,,,,,,,,,,,,,,,,,,,,,,,,,,,,,,,,,,,,,,,,,,,,,,,,,,,,,,,,,,,,,,,,,,,,,,,,,,,,,,,,,,,,,,,,,,,,,,,,,,,,,,,,
20260903_立川_10R,20260903,28,立川,10,4665.5,2271.9,5679.8,4147.1,2233.0,,,3899.5,2195.5,2871.1,4665.5,1476.1,,,2839.9,2090.1,1306.3,3679.8,293.8,,,5225.4,2809.3,1879.6,5332.0,1232.4,,,4838.3,6699.2,6531.8,6372.4,4354.5,,,1070.7,974.8,211.7,691.1,2464.8,,,,,,,,,,,,,,,,,3899.5,2969.0,3628.7,2903.0,1696.5,,,3393.1,2041.1,1573.9,1519.0,1852.9,,,2195.5,2073.5,1622.8,1443.4,740.1,,,2464.8,1326.2,1718.8,2009.7,1501.5,,,656.4,794.1,493.8,842.8,384.2,,,494.8,1176.9,316.6,873.8,501.4,,,,,,,,,,,,,,,,,2214.1,1176.9,1121.3,2779.4,957.0,,,1093.1,1232.4,939.8,1382.3,1262.1,,,439.1,671.6,102.7,953.5,91.6,,,250.9,302.0,63.2,445.0,43.0,,,3349.6,1879.6,2025.3,1839.9,2252.3,,,211.5,565.5,68.2,78.1,910.3,,,,,,,,,,,,,,,,,1066.4,610.4,485.6,1404.6,143.4,,,1032.6,859.4,1066.4,1093.1,432.5,,,391.7,534.2,95.2,611.8,79.4,,,334.5,522.5,126.0,816.4,83.2,,,2839.9,1866.2,2073.5,1949.7,1150.9,,,9.4,71.8,20.9,13.5,129.8,,,,,,,,,,,,,,,,,3483.6,1299.8,1209.5,4214.0,661.4,,,2488.3,609.0,856.6,1602.8,675.1,,,315.5,267.9,115.8,489.2,72.2,,,591.1,879.7,206.2,1467.8,154.1,,,4019.5,2871.1,1907.0,2639.1,1777.3,,,297.9,663.1,146.7,138.9,913.5,,,,,,,,,,,,,,,,,4929.6,6076.0,6699.2,6875.5,5225.4,,,2441.7,1510.2,1674.8,2441.7,1353.7,,,5938.0,2779.4,2969.0,4665.5,5122.9,,,7684.4,3147.8,3307.2,3732.4,3186.2,,,7917.3,3958.6,4214.0,3732.4,3307.2,,,3530.7,2252.3,4583.7,2375.2,3110.3,,,,,,,,,,,,,,,,,174.7,115.4,21.3,89.5,287.7,,,264.9,483.8,154.7,533.2,572.9,,,119.1,342.8,51.3,80.5,589.7,,,3.2,39.9,12.5,7.3,86.4,,,112.7,390.5,81.8,44.2,403.8,,,936.4,1121.3,1187.6,499.5,1111.7,,,,,,,,,,,,,,,,,,,,,,,,,,,,,,,,,,,,,,,,,,,,,,,,,,,,,,,,,,,,,,,,,,,,,,,,,,,,,,,,,,,,,,,,,,,,,,,,,,,,,,,,,,,,,,,,,,,,,,,,,,,,,,,,
20260903_立川_11R,20260903,28,立川,11,266.5,1287.9,549.2,649.5,940.7,,,58.7,74.7,70.8,37.9,41.8,,,1393.6,327.9,1270.3,943.1,510.2,,,580.8,371.6,1343.5,694.2,902.1,,,357.0,85.8,510.2,322.8,291.5,,,661.0,162.3,450.5,592.8,469.8,,,,,,,,,,,,,,,,,587.2,3811.1,1652.6,2052.1,2787.2,,,412.2,1398.8,374.9,962.6,868.5,,,5492.5,4059.7,4499.9,5835.8,4104.3,,,1111.5,482.5,2171.4,1729.1,1343.5,,,3772.6,2558.1,7047.0,4554.7,8892.6,,,3138.5,1848.9,3591.2,2334.3,6916.5,,,,,,,,,,,,,,,,,10.8,25.8,14.7,6.0,13.6,,,30.3,110.4,18.7,56.9,66.9,,,32.5,77.3,70.9,102.7,26.9,,,38.1,25.4,128.8,80.7,57.5,,,41.4,90.0,246.0,97.6,142.7,,,9.8,25.2,25.7,20.7,42.6,,,,,,,,,,,,,,,,,3591.2,828.1,3811.1,2964.2,962.6,,,4788.3,3850.4,5658.9,7622.3,4394.0,,,584.4,1404.1,1804.3,1682.4,533.5,,,6122.8,6669.5,4499.9,4727.7,5746.0,,,4016.0,9999.9,4293.0,5412.9,9337.3,,,1266.0,3036.5,872.6,4149.9,4850.5,,,,,,,,,,,,,,,,,1935.1,904.3,3426.5,3165.1,1512.1,,,1257.5,542.0,2277.3,2291.3,1512.1,,,623.5,523.0,1690.0,1821.9,742.5,,,5335.6,5187.4,3931.5,4059.7,5335.6,,,3772.6,3931.5,3458.2,4446.3,3591.2,,,2940.8,2540.7,1279.0,4914.3,4394.0,,,,,,,,,,,,,,,,,1398.8,415.4,1965.7,1745.2,1482.1,,,3012.0,2236.4,7946.6,5047.2,7946.6,,,517.3,1778.5,1804.3,2249.9,1705.4,,,5335.6,8299.8,3219.7,4668.6,8299.8,,,3697.9,5928.4,4196.5,4394.0,4611.0,,,3973.3,8119.4,3490.5,5835.8,4499.9,,,,,,,,,,,,,,,,,1582.5,348.0,972.6,1414.7,1343.5,,,2523.6,1556.2,3276.2,2158.9,5047.2,,,171.8,425.8,274.4,306.1,594.7,,,1088.9,2940.8,650.6,2349.0,3426.5,,,2197.0,2873.0,1098.5,3426.5,3557.0,,,3247.7,8299.8,2648.8,7622.3,4244.2,,,,,,,,,,,,,,,,,,,,,,,,,,,,,,,,,,,,,,,,,,,,,,,,,,,,,,,,,,,,,,,,,,,,,,,,,,,,,,,,,,,,,,,,,,,,,,,,,,,,,,,,,,,,,,,,,,,,,,,,,,,,,,,,
20260903_立川_12R,20260903,28,立川,12,199.5,226.7,140.0,374.7,469.8,,,326.0,740.2,335.5,515.8,962.4,,,292.5,719.4,448.7,1296.0,464.4,,,148.9,246.3,290.6,341.9,429.9,,,915.8,560.9,1391.4,621.1,1768.4,,,773.7,1315.0,913.4,821.5,2075.1,,,,,,,,,,,,,,,,,85.0,88.3,48.3,153.8,149.3,,,63.7,35.7,106.1,50.3,70.6,,,27.2,18.7,48.8,47.5,7.7,,,96.0,209.8,189.9,288.5,271.1,,,180.9,101.5,165.3,247.4,311.9,,,163.8,108.1,40.1,215.7,274.2,,,,,,,,,,,,,,,,,192.8,332.7,191.2,231.0,420.3,,,87.6,58.3,159.4,64.4,124.0,,,229.8,79.6,260.1,158.0,121.3,,,351.6,367.4,517.2,333.0,570.7,,,76.2,54.6,79.4,130.3,156.4,,,478.0,301.6,287.4,489.0,448.7,,,,,,,,,,,,,,,,,121.6,392.3,230.5,645.6,138.3,,,31.9,31.1,55.4,66.2,8.6,,,274.8,82.7,403.8,267.9,133.2,,,450.4,160.3,641.0,588.5,316.0,,,796.0,219.3,472.3,649.1,399.3,,,77.4,24.1,93.8,122.1,173.3,,,,,,,,,,,,,,,,,150.5,230.4,344.5,260.5,472.3,,,227.3,504.9,481.2,804.9,920.5,,,390.6,536.6,1097.8,512.1,1402.3,,,699.8,508.4,1071.6,1237.9,825.2,,,728.1,1188.7,810.3,1441.7,1540.7,,,1114.9,1277.5,1527.6,1229.4,1413.3,,,,,,,,,,,,,,,,,521.7,336.1,1091.1,409.3,1495.8,,,290.6,160.7,381.9,590.4,667.2,,,128.8,96.7,198.7,213.9,313.5,,,1489.6,546.4,483.1,1091.1,915.8,,,604.3,886.4,501.3,970.2,1242.2,,,2087.1,1418.9,908.8,1453.4,1380.7,,,,,,,,,,,,,,,,,794.2,1386.0,681.2,879.8,2039.7,,,463.8,385.6,142.7,681.2,895.2,,,1087.8,528.7,560.9,1242.2,1014.1,,,299.1,86.8,299.9,365.2,507.0,,,1139.6,1043.5,1370.2,869.2,1296.0,,,2377.4,1465.2,1459.3,1188.7,1402.3,,,,,,,,,,,,,,,,,,,,,,,,,,,,,,,,,,,,,,,,,,,,,,,,,,,,,,,,,,,,,,,,,,,,,,,,,,,,,,,,,,,,,,,,,,,,,,,,,,,,,,,,,,,,,,,,,,,,,,,,,,,,,,,,
20260903_武雄_1R,20260903,84,武雄,1,664.7,161.8,246.7,483.6,197.5,,,630.5,140.1,137.8,400.4,616.1,,,35.8,34.4,13.4,36.1,47.0,,,121.3,46.3,24.9,106.0,138.8,,,262.5,294.0,79.5,98.5,370.7,,,98.7,519.0,106.4,218.0,462.1,,,,,,,,,,,,,,,,,2367.4,597.1,1054.2,1730.0,521.0,,,2998.8,2409.7,1955.7,1874.2,2499.0,,,725.5,1823.5,1106.1,1775.6,671.3,,,963.9,1163.3,762.4,1606.5,494.3,,,1686.8,1569.1,1391.1,1533.4,681.5,,,398.0,833.0,303.2,330.7,507.3,,,,,,,,,,,,,,,,,1708.1,331.5,276.5,1088.2,1173.4,,,2871.1,2076.0,1666.0,1775.6,2367.4,,,385.5,1349.4,274.8,838.1,1420.4,,,139.1,368.7,129.7,177.3,379.0,,,1124.5,1405.6,812.9,438.1,1984.5,,,1823.5,2499.0,1900.6,1482.9,2698.9,,,,,,,,,,,,,,,,,63.4,41.2,21.4,60.0,76.9,,,255.5,1183.7,753.8,798.4,627.6,,,174.8,827.8,188.7,465.3,865.0,,,44.0,295.9,86.8,205.3,288.3,,,188.7,859.5,445.3,358.8,822.8,,,290.8,559.9,1097.1,586.7,1173.4,,,,,,,,,,,,,,,,,147.1,35.0,21.6,88.1,148.1,,,317.5,308.0,348.6,492.5,314.5,,,24.8,66.5,13.6,23.9,99.4,,,18.6,163.1,33.0,77.0,158.7,,,112.5,346.0,62.2,76.8,299.8,,,208.5,198.7,235.5,269.3,369.7,,,,,,,,,,,,,,,,,248.0,272.6,72.5,96.7,329.9,,,808.0,865.0,753.8,833.0,494.3,,,402.8,569.3,199.0,147.9,1088.2,,,139.8,483.6,301.2,219.7,642.6,,,91.1,329.1,56.9,95.5,339.9,,,539.7,313.0,950.3,496.1,380.1,,,,,,,,,,,,,,,,,277.6,1022.3,162.5,404.0,741.4,,,182.6,411.4,168.6,170.6,269.3,,,1482.9,1349.4,859.5,1097.1,2409.7,,,341.6,404.0,1249.5,576.6,1071.0,,,401.6,278.8,410.1,480.2,661.5,,,1071.0,597.1,2212.2,937.1,692.0,,,,,,,,,,,,,,,,,,,,,,,,,,,,,,,,,,,,,,,,,,,,,,,,,,,,,,,,,,,,,,,,,,,,,,,,,,,,,,,,,,,,,,,,,,,,,,,,,,,,,,,,,,,,,,,,,,,,,,,,,,,,,,,,
20260903_武雄_2R,20260903,84,武雄,2,2555.0,1411.9,844.9,2190.0,518.4,,,1450.1,583.2,901.7,1759.1,294.0,,,1324.8,872.4,481.2,1450.1,283.1,,,362.5,576.9,314.6,750.4,108.5,,,2235.6,2190.0,1730.8,1490.4,556.0,,,97.1,58.1,49.7,27.8,101.5,,,,,,,,,,,,,,,,,3353.4,2332.8,1205.7,2900.2,886.8,,,4471.2,2617.3,1759.1,2190.0,2146.2,,,2555.0,4471.2,2235.6,3353.4,2104.1,,,576.9,1052.0,766.5,794.8,460.5,,,3251.8,2682.7,2823.9,1533.0,3066.0,,,825.4,1850.1,1153.8,616.7,2190.0,,,,,,,,,,,,,,,,,1987.2,642.5,819.1,1324.8,390.2,,,2332.8,1450.1,1141.6,1625.9,1262.4,,,328.1,662.4,225.9,474.8,139.7,,,909.4,812.9,373.9,2682.7,425.8,,,3353.4,2235.6,1578.0,4665.6,3156.1,,,205.1,984.5,135.8,340.6,1730.8,,,,,,,,,,,,,,,,,1533.0,705.9,777.6,1129.5,432.7,,,1625.9,1951.1,1375.7,2104.1,1192.3,,,328.1,596.1,208.7,424.1,156.4,,,687.8,750.4,424.1,533.8,272.3,,,1987.2,2283.2,1141.6,1219.4,2438.8,,,320.3,692.3,219.8,263.0,683.5,,,,,,,,,,,,,,,,,117.2,337.4,177.9,422.4,52.7,,,85.7,271.6,134.9,216.3,58.9,,,470.6,411.1,232.2,1292.9,261.7,,,249.5,265.6,231.7,412.7,160.8,,,1233.4,1205.7,1650.9,879.5,670.6,,,26.7,40.1,135.1,68.8,203.2,,,,,,,,,,,,,,,,,3353.4,3461.6,3461.6,2980.8,851.6,,,3066.0,2438.8,3066.0,2384.6,2555.0,,,3974.4,1951.1,1411.9,5961.7,3461.6,,,3156.1,3156.1,1470.0,1470.0,3066.0,,,2235.6,1625.9,4471.2,1117.8,1095.0,,,513.4,2235.6,2555.0,1882.6,886.8,,,,,,,,,,,,,,,,,23.6,15.7,9.5,4.2,28.5,,,175.9,452.7,277.2,136.0,539.2,,,58.6,297.2,36.6,90.6,386.0,,,58.3,177.3,48.1,51.1,241.6,,,12.1,27.0,56.5,19.8,100.5,,,253.6,696.8,783.2,599.5,247.8,,,,,,,,,,,,,,,,,,,,,,,,,,,,,,,,,,,,,,,,,,,,,,,,,,,,,,,,,,,,,,,,,,,,,,,,,,,,,,,,,,,,,,,,,,,,,,,,,,,,,,,,,,,,,,,,,,,,,,,,,,,,,,,,
20260903_武雄_3R,20260903,84,武雄,3,172.4,213.8,86.9,399.6,144.0,,,174.5,59.5,33.9,181.4,184.3,,,280.6,78.0,51.0,178.4,203.1,,,19.7,7.6,21.5,12.5,25.4,,,384.8,193.1,265.2,62.8,275.8,,,153.1,229.6,212.9,87.9,279.9,,,,,,,,,,,,,,,,,416.4,484.6,92.5,1011.7,107.6,,,569.8,433.0,513.4,2074.1,402.7,,,938.5,652.2,886.3,2765.5,717.6,,,98.0,377.8,666.9,1139.6,112.2,,,4066.9,3456.9,4509.0,4066.9,2921.3,,,78.4,263.5,270.4,97.4,759.7,,,,,,,,,,,,,,,,,214.7,70.7,45.1,335.6,241.4,,,328.1,235.9,304.5,1392.0,370.3,,,30.5,80.8,38.2,380.5,130.9,,,58.0,252.3,108.9,705.4,285.3,,,1492.1,2560.6,1686.2,1994.3,3190.9,,,389.1,527.7,394.3,466.0,2304.6,,,,,,,,,,,,,,,,,429.4,85.4,79.7,275.8,277.2,,,810.2,467.1,782.6,2529.4,846.5,,,40.0,161.0,55.8,534.5,180.5,,,94.8,624.7,162.5,1103.2,642.1,,,1672.6,4413.0,1410.9,2592.6,5761.5,,,415.6,725.2,476.8,562.0,2802.8,,,,,,,,,,,,,,,,,30.3,13.3,35.3,27.3,47.7,,,114.0,248.9,380.5,803.9,197.9,,,49.9,219.0,99.4,589.2,249.5,,,134.0,515.9,182.9,978.3,547.2,,,431.2,1607.8,1346.8,1471.0,1171.8,,,153.5,301.0,336.1,508.3,839.7,,,,,,,,,,,,,,,,,3292.2,2469.2,2921.3,867.8,3142.6,,,5605.7,4066.9,5058.8,7152.2,6913.8,,,3190.9,3841.0,2592.6,6481.6,6100.4,,,4823.5,5318.3,2729.1,3456.9,7977.4,,,913.7,5458.2,4713.9,3095.7,3142.6,,,4609.2,5605.7,6913.8,7977.4,3456.9,,,,,,,,,,,,,,,,,269.3,438.5,365.8,149.1,370.3,,,140.9,317.1,321.0,202.1,857.0,,,495.0,489.1,585.9,632.3,2330.4,,,507.1,857.0,730.3,871.4,2384.0,,,197.9,514.6,538.7,751.5,642.1,,,1788.0,2693.6,3771.1,4823.5,1772.7,,,,,,,,,,,,,,,,,,,,,,,,,,,,,,,,,,,,,,,,,,,,,,,,,,,,,,,,,,,,,,,,,,,,,,,,,,,,,,,,,,,,,,,,,,,,,,,,,,,,,,,,,,,,,,,,,,,,,,,,,,,,,,,,
20260903_武雄_4R,20260903,84,武雄,4,30.8,39.3,23.4,441.1,48.1,,,22.4,8.2,40.8,75.8,14.6,,,62.7,16.4,101.1,374.2,45.1,,,83.0,134.4,178.8,782.3,169.3,,,1415.0,539.4,1263.1,1392.1,832.6,,,19.4,8.3,19.2,31.6,141.5,,,,,,,,,,,,,,,,,91.3,91.1,56.5,1438.6,122.7,,,188.3,182.4,233.0,988.3,754.9,,,233.4,209.1,317.7,2038.9,1023.5,,,75.8,103.8,135.0,1250.9,350.4,,,3923.4,3157.9,3864.8,2942.5,5509.5,,,297.9,868.9,1052.6,725.3,2976.4,,,,,,,,,,,,,,,,,97.9,36.7,152.5,224.0,53.1,,,248.7,242.6,364.7,593.9,532.8,,,36.5,100.0,131.9,132.6,79.8,,,548.6,511.7,515.8,1263.1,854.6,,,707.5,1187.8,515.8,1362.8,1399.7,,,120.4,293.5,192.5,397.1,794.3,,,,,,,,,,,,,,,,,183.6,50.5,302.1,1061.2,133.0,,,242.0,249.4,378.5,2194.4,924.8,,,34.1,97.0,144.5,228.3,158.5,,,669.1,622.4,578.0,3046.4,1904.0,,,3452.6,4245.0,1392.1,4176.5,5509.5,,,285.4,1106.6,502.8,1399.7,3046.4,,,,,,,,,,,,,,,,,475.1,849.0,1106.6,3547.2,877.7,,,310.4,394.7,451.1,2023.0,761.6,,,1171.7,796.7,1250.9,2291.5,2007.3,,,1798.2,1003.6,1294.7,3407.2,3011.0,,,5754.4,5178.9,4708.1,5077.4,4176.5,,,1257.0,1523.2,2055.1,3011.0,3157.9,,,,,,,,,,,,,,,,,8092.1,3277.8,4795.3,7846.9,4046.0,,,7398.5,4542.9,5394.7,7616.1,7616.1,,,2725.7,2909.5,1384.7,5885.1,4979.7,,,5284.6,5284.6,2157.9,4795.3,7616.1,,,7193.0,6814.4,6022.0,4542.9,4464.6,,,4464.6,7193.0,7398.5,8353.1,4979.7,,,,,,,,,,,,,,,,,106.1,63.7,109.6,171.4,550.9,,,293.2,952.0,1182.4,1035.7,3808.0,,,217.2,658.9,402.0,866.0,1505.5,,,286.1,1233.0,533.9,1618.4,2976.4,,,838.0,1462.9,1462.9,2442.9,2784.3,,,2312.0,5077.4,4388.9,6315.8,3596.5,,,,,,,,,,,,,,,,,,,,,,,,,,,,,,,,,,,,,,,,,,,,,,,,,,,,,,,,,,,,,,,,,,,,,,,,,,,,,,,,,,,,,,,,,,,,,,,,,,,,,,,,,,,,,,,,,,,,,,,,,,,,,,,,
20260903_武雄_5R,20260903,84,武雄,5,72.4,136.4,52.0,106.6,173.4,,,58.0,32.8,48.1,56.3,155.9,,,91.8,25.3,75.8,121.6,272.3,,,12.2,10.2,21.2,38.0,5.2,,,205.2,140.0,308.9,194.3,462.1,,,236.0,247.2,426.6,70.2,296.7,,,,,,,,,,,,,,,,,288.1,419.7,82.1,191.7,265.3,,,531.9,613.9,531.0,613.9,1127.6,,,767.1,753.4,937.1,1073.9,2365.7,,,73.8,323.4,536.9,203.9,162.2,,,266.1,461.5,858.6,216.8,400.8,,,743.5,1642.2,2543.6,696.1,1094.8,,,,,,,,,,,,,,,,,430.4,297.8,266.3,629.9,1012.8,,,675.2,637.1,815.1,837.3,1858.8,,,275.4,398.4,380.5,380.5,1433.4,,,401.3,727.5,671.2,1257.6,963.8,,,1067.2,1154.6,767.1,1700.0,2916.4,,,2255.3,3417.2,3075.5,1966.8,4975.0,,,,,,,,,,,,,,,,,394.2,126.6,171.7,637.1,724.4,,,845.7,799.7,1123.9,1369.6,2543.6,,,133.9,246.3,323.7,213.7,947.6,,,287.4,625.3,438.2,1094.8,841.5,,,1990.0,1666.5,989.1,2050.3,4975.0,,,1869.0,3316.7,2562.9,2750.4,4510.7,,,,,,,,,,,,,,,,,15.1,28.3,59.9,60.1,6.8,,,50.7,269.9,486.7,289.8,131.9,,,154.5,398.9,452.2,604.1,405.1,,,202.2,522.8,396.6,1047.3,748.4,,,288.9,611.7,997.9,1212.5,604.1,,,50.7,144.9,302.0,573.3,298.3,,,,,,,,,,,,,,,,,839.4,1301.1,1458.2,604.1,1618.6,,,781.3,790.4,1397.9,709.2,1477.3,,,1708.6,1544.7,1311.2,2182.6,3758.9,,,2211.1,2075.4,1717.2,2182.6,5832.8,,,679.3,1067.2,1708.6,1496.9,1162.5,,,2941.7,3637.6,4832.9,5638.4,2487.5,,,,,,,,,,,,,,,,,1281.4,1603.3,1771.2,348.0,1933.1,,,1780.5,3316.7,5125.8,1691.5,3888.5,,,2891.5,4125.6,2025.7,2349.3,6766.1,,,2916.4,7517.9,5049.3,4393.5,9999.9,,,308.6,850.0,1286.3,2127.7,1195.4,,,4027.4,5456.5,7354.4,8674.5,2382.4,,,,,,,,,,,,,,,,,,,,,,,,,,,,,,,,,,,,,,,,,,,,,,,,,,,,,,,,,,,,,,,,,,,,,,,,,,,,,,,,,,,,,,,,,,,,,,,,,,,,,,,,,,,,,,,,,,,,,,,,,,,,,,,,
20260903_武雄_6R,20260903,84,武雄,6,117.8,87.3,20.0,211.2,37.9,,,199.8,312.1,137.6,158.2,136.2,,,177.9,335.1,116.3,567.9,191.8,,,20.1,96.5,41.5,185.8,33.6,,,265.6,218.4,408.8,186.7,252.8,,,27.2,51.0,69.8,19.8,115.8,,,,,,,,,,,,,,,,,172.5,115.7,35.2,234.9,82.1,,,342.6,693.1,199.7,364.8,612.4,,,298.4,1003.2,176.3,1173.0,743.8,,,21.7,78.6,20.7,168.4,72.9,,,339.2,510.8,822.0,332.9,1411.9,,,197.3,574.3,567.9,249.1,1048.0,,,,,,,,,,,,,,,,,334.7,526.7,234.6,183.1,250.1,,,372.8,772.1,176.5,214.6,443.2,,,1205.4,1556.0,1137.9,956.0,3112.0,,,304.9,217.2,421.2,200.6,366.5,,,146.8,157.4,457.2,130.6,328.9,,,411.0,1159.6,1980.3,673.2,636.7,,,,,,,,,,,,,,,,,554.5,1684.9,353.8,1930.2,889.1,,,525.8,2259.1,332.5,2346.0,1794.0,,,1848.3,2877.1,1648.5,1732.8,4551.9,,,272.7,199.8,1066.3,1249.9,1215.0,,,2652.0,3426.7,2346.0,2088.9,6630.0,,,1380.0,2459.5,3910.0,2364.1,6099.6,,,,,,,,,,,,,,,,,28.2,139.0,41.4,271.8,81.5,,,11.8,64.0,9.2,124.0,49.9,,,281.8,234.2,342.6,542.6,595.6,,,69.2,33.2,191.3,270.6,173.7,,,432.5,326.5,679.2,276.2,1129.5,,,145.3,132.4,478.7,211.9,691.5,,,,,,,,,,,,,,,,,469.2,401.2,959.0,378.3,536.9,,,452.4,593.3,1386.2,407.1,1459.2,,,184.0,268.2,635.3,237.5,508.3,,,1894.2,2046.8,1826.2,1509.8,4620.9,,,418.9,407.7,638.0,466.3,1276.0,,,724.4,1742.7,1349.4,3910.0,1622.2,,,,,,,,,,,,,,,,,91.4,125.4,204.2,74.9,275.2,,,278.5,993.4,1003.2,402.3,1556.0,,,286.3,1177.5,790.1,626.2,800.4,,,690.0,1630.9,2364.1,1260.2,3588.0,,,187.2,334.4,607.5,423.5,1066.3,,,778.0,1588.4,1205.4,2117.9,1260.2,,,,,,,,,,,,,,,,,,,,,,,,,,,,,,,,,,,,,,,,,,,,,,,,,,,,,,,,,,,,,,,,,,,,,,,,,,,,,,,,,,,,,,,,,,,,,,,,,,,,,,,,,,,,,,,,,,,,,,,,,,,,,,,,
20260903_武雄_7R,20260903,84,武雄,7,377.4,153.6,189.7,859.3,531.0,,,350.1,84.6,288.0,289.5,341.5,,,25.1,15.2,23.8,66.5,16.0,,,158.6,258.0,97.5,463.3,350.9,,,934.7,385.6,258.2,674.4,604.3,,,477.1,463.3,121.6,484.3,1098.6,,,,,,,,,,,,,,,,,532.8,248.4,149.5,1014.9,948.6,,,409.3,356.8,251.5,625.6,1091.1,,,153.1,299.9,103.3,644.5,724.9,,,62.1,103.0,54.5,252.7,379.2,,,1229.5,847.9,1062.1,487.3,3513.1,,,2403.7,4098.6,2517.2,1408.3,4771.5,,,,,,,,,,,,,,,,,382.8,108.2,290.8,238.4,431.4,,,432.0,430.8,366.6,494.8,1440.0,,,95.0,323.9,232.3,188.8,660.5,,,329.9,310.3,299.0,375.2,1480.0,,,151.0,279.6,154.8,277.5,675.8,,,1091.1,2421.9,1582.6,2478.2,2089.5,,,,,,,,,,,,,,,,,11.8,8.4,15.0,48.6,9.8,,,61.6,136.8,62.5,363.2,320.6,,,52.2,145.9,116.8,153.7,335.1,,,46.0,58.4,95.1,243.1,310.3,,,183.4,392.7,241.4,435.5,1141.7,,,218.8,932.0,861.7,929.3,1522.3,,,,,,,,,,,,,,,,,96.7,233.6,73.3,629.3,393.7,,,41.2,67.7,33.3,165.5,373.0,,,199.1,172.9,178.4,348.6,1473.2,,,55.4,64.8,144.9,406.7,620.7,,,544.6,390.8,401.1,485.1,2089.5,,,1656.4,1337.6,3015.9,1847.9,3134.2,,,,,,,,,,,,,,,,,843.5,430.8,356.4,903.0,1055.1,,,561.8,387.0,497.9,977.6,2732.4,,,163.8,209.2,143.0,443.4,871.1,,,259.0,487.3,257.1,815.5,1858.6,,,992.8,898.0,663.2,823.9,2368.1,,,3365.2,4918.3,2440.4,3229.2,3229.2,,,,,,,,,,,,,,,,,2075.9,1263.6,535.5,2117.1,3513.1,,,3437.5,5240.9,2987.8,3717.3,7265.8,,,2854.4,4771.5,1515.1,5328.2,5708.8,,,716.8,2880.1,2642.1,3073.9,4771.5,,,3474.9,3196.9,4771.5,3437.5,3996.1,,,5708.8,6268.5,5708.8,6268.5,3851.7,,,,,,,,,,,,,,,,,,,,,,,,,,,,,,,,,,,,,,,,,,,,,,,,,,,,,,,,,,,,,,,,,,,,,,,,,,,,,,,,,,,,,,,,,,,,,,,,,,,,,,,,,,,,,,,,,,,,,,,,,,,,,,,,
20260903_武雄_8R,20260903,84,武雄,8,283.2,494.7,206.9,1051.7,1780.6,,,210.5,60.7,52.7,985.4,248.7,,,275.6,89.5,83.1,1010.3,525.8,,,90.8,33.6,74.5,420.7,310.0,,,2220.3,2179.9,2724.9,1763.2,5213.0,,,2166.8,1303.2,1018.9,1280.0,4795.9,,,,,,,,,,,,,,,,,177.0,237.8,114.1,397.8,1120.5,,,140.2,92.7,144.1,310.0,294.5,,,133.5,99.9,139.3,266.0,685.1,,,159.2,202.4,361.5,443.5,605.5,,,352.6,309.8,261.4,325.2,619.1,,,2644.8,1543.7,1903.1,2091.2,2248.1,,,,,,,,,,,,,,,,,145.5,25.7,43.7,635.5,121.3,,,204.6,78.8,202.5,540.9,254.5,,,6.9,24.7,10.0,121.9,6.9,,,68.1,164.0,42.7,578.2,136.0,,,1763.2,1134.6,508.0,1312.7,1383.4,,,242.3,348.8,58.3,207.4,778.5,,,,,,,,,,,,,,,,,154.1,66.1,49.9,623.3,364.0,,,164.1,126.2,179.9,380.2,641.1,,,14.3,39.7,21.8,177.7,15.2,,,73.8,226.5,101.4,668.5,443.5,,,1737.6,1033.6,881.6,1474.1,2569.2,,,1001.9,1293.8,276.2,961.7,2115.8,,,,,,,,,,,,,,,,,133.6,60.7,130.4,431.8,463.5,,,270.2,424.1,676.1,954.1,1367.6,,,106.0,324.9,151.9,1021.8,446.2,,,210.5,522.8,190.1,1160.3,919.9,,,1954.8,2009.4,2079.1,2430.4,3048.2,,,1913.2,3048.2,1444.5,1873.4,3670.4,,,,,,,,,,,,,,,,,3183.1,3746.8,5709.5,3596.9,7819.5,,,1649.9,1231.8,1394.1,1649.9,2515.3,,,3996.6,1933.8,1505.0,3633.3,3708.2,,,5213.0,1998.3,1863.7,3183.1,6423.2,,,3909.7,3299.9,3996.6,3867.7,4134.4,,,9465.7,5533.8,7052.9,6661.0,5138.5,,,,,,,,,,,,,,,,,5533.8,2350.9,3183.1,3909.7,7193.9,,,6096.5,3425.7,3708.2,5709.5,6423.2,,,1816.6,2220.3,401.0,1456.2,3561.3,,,3240.5,3492.2,614.8,2463.6,4671.4,,,2924.3,5533.8,2141.0,3022.6,4496.2,,,9223.0,5896.7,6786.7,7819.5,4553.1,,,,,,,,,,,,,,,,,,,,,,,,,,,,,,,,,,,,,,,,,,,,,,,,,,,,,,,,,,,,,,,,,,,,,,,,,,,,,,,,,,,,,,,,,,,,,,,,,,,,,,,,,,,,,,,,,,,,,,,,,,,,,,,,
20260903_武雄_9R,20260903,84,武雄,9,141.6,63.7,10.2,206.6,41.6,,,255.1,443.5,137.4,456.9,284.0,,,169.3,856.2,141.8,900.8,252.6,,,3.7,45.8,50.0,102.4,15.5,,,546.5,873.5,1453.5,354.8,810.1,,,55.7,215.1,154.7,38.8,386.9,,,,,,,,,,,,,,,,,376.4,193.1,38.1,446.3,133.1,,,1188.7,3173.7,1565.3,2321.7,2135.4,,,772.1,3233.0,882.4,2620.7,1209.5,,,87.1,703.1,479.8,891.5,274.5,,,1869.9,3008.1,3603.5,1849.9,3061.3,,,246.7,1383.7,739.1,349.4,1586.8,,,,,,,,,,,,,,,,,288.7,753.6,177.8,368.4,351.9,,,701.6,1729.6,979.9,1061.1,1209.5,,,1869.9,1999.6,1300.5,1108.7,1346.0,,,230.0,573.6,720.7,367.2,339.4,,,332.6,645.4,549.1,427.0,369.1,,,418.8,845.8,900.8,475.1,527.3,,,,,,,,,,,,,,,,,578.4,2189.4,543.0,1671.1,858.4,,,971.7,2982.2,1647.3,3263.5,1537.5,,,2306.2,3294.6,2046.9,1565.3,1721.0,,,708.8,1372.7,1849.9,1976.7,1087.8,,,3061.3,3931.1,2261.0,3088.7,2488.7,,,740.7,1017.4,1551.2,773.9,1530.6,,,,,,,,,,,,,,,,,9.0,57.3,81.1,110.5,22.4,,,52.2,361.1,232.7,496.3,161.5,,,170.9,445.7,588.3,296.1,251.2,,,337.5,504.2,917.6,979.9,487.2,,,409.8,615.5,565.2,761.9,508.7,,,65.2,133.0,199.5,242.9,309.9,,,,,,,,,,,,,,,,,1320.3,1244.3,2745.5,1057.9,1647.3,,,2162.1,2148.6,3116.5,3034.5,3719.7,,,793.4,1378.2,945.1,985.5,711.8,,,3459.3,3760.1,1687.5,2812.5,2745.5,,,1394.9,2290.9,1372.7,1988.1,1671.1,,,1774.0,2907.0,979.9,2135.4,1609.0,,,,,,,,,,,,,,,,,29.8,146.9,89.8,27.9,222.1,,,81.4,386.5,195.2,139.6,513.2,,,234.3,316.7,286.6,258.9,249.9,,,133.7,173.7,429.2,190.9,420.8,,,46.7,95.3,176.6,134.3,253.6,,,549.9,750.4,478.4,643.0,516.3,,,,,,,,,,,,,,,,,,,,,,,,,,,,,,,,,,,,,,,,,,,,,,,,,,,,,,,,,,,,,,,,,,,,,,,,,,,,,,,,,,,,,,,,,,,,,,,,,,,,,,,,,,,,,,,,,,,,,,,,,,,,,,,,
20260903_武雄_10R,20260903,84,武雄,10,349.0,630.4,116.0,307.9,225.3,,,242.2,341.3,51.1,509.5,78.7,,,875.0,832.2,298.4,1256.7,438.0,,,27.3,16.6,95.1,59.8,6.4,,,264.1,693.5,1051.9,168.1,462.9,,,126.8,63.0,127.8,23.5,293.5,,,,,,,,,,,,,,,,,1076.1,895.9,320.0,484.4,492.1,,,1498.0,1940.4,1291.4,1204.2,864.9,,,2463.8,2925.8,2837.2,1694.6,1635.4,,,482.6,1023.2,2035.3,744.5,830.4,,,307.9,668.7,546.7,438.5,346.7,,,533.4,564.8,507.4,532.7,607.9,,,,,,,,,,,,,,,,,427.5,522.3,97.3,758.1,118.8,,,769.0,1445.9,893.8,950.5,439.5,,,728.6,1480.2,1066.9,1580.2,215.4,,,116.9,438.0,564.8,689.7,109.7,,,1397.4,957.8,2092.2,1282.5,1012.1,,,65.5,144.3,37.0,74.6,379.4,,,,,,,,,,,,,,,,,1586.9,1664.4,832.2,2035.3,738.6,,,2431.8,3095.1,3069.7,2480.2,1621.2,,,1818.0,1960.7,2013.5,2582.8,457.8,,,1159.4,3044.8,1826.8,3435.8,837.8,,,3942.2,2256.0,3435.8,4161.2,2837.2,,,409.7,650.1,190.5,511.6,1457.2,,,,,,,,,,,,,,,,,40.4,24.1,71.3,80.7,9.5,,,169.6,455.6,920.1,538.0,250.6,,,75.6,305.4,370.4,502.0,72.3,,,314.1,1223.8,692.2,1628.3,276.5,,,281.3,478.3,775.3,1534.8,524.5,,,33.6,139.3,46.2,60.6,282.0,,,,,,,,,,,,,,,,,195.8,860.9,1185.1,218.5,278.8,,,160.8,486.3,492.7,282.4,186.1,,,1547.5,998.6,2115.8,1600.4,1286.9,,,2858.8,1809.2,2774.1,3373.9,2002.7,,,543.5,618.0,1244.2,2046.5,847.3,,,380.6,340.1,786.7,731.4,476.4,,,,,,,,,,,,,,,,,171.9,77.3,106.4,47.7,352.6,,,271.9,265.0,272.9,395.4,606.9,,,40.3,114.3,17.4,57.3,233.6,,,102.9,186.8,36.9,125.2,369.3,,,60.4,235.9,69.8,95.6,331.4,,,727.2,496.0,638.0,508.1,759.6,,,,,,,,,,,,,,,,,,,,,,,,,,,,,,,,,,,,,,,,,,,,,,,,,,,,,,,,,,,,,,,,,,,,,,,,,,,,,,,,,,,,,,,,,,,,,,,,,,,,,,,,,,,,,,,,,,,,,,,,,,,,,,,,
20260903_武雄_11R,20260903,84,武雄,11,550.7,195.8,403.9,607.6,382.7,,,383.4,52.0,91.5,581.7,138.7,,,51.1,16.6,15.5,82.1,6.0,,,323.5,108.5,58.9,555.7,144.9,,,522.7,868.4,247.0,790.5,369.7,,,201.1,172.0,27.3,134.9,306.4,,,,,,,,,,,,,,,,,1101.4,474.1,907.5,995.1,1039.1,,,1632.9,1191.3,832.5,1266.2,2896.8,,,538.7,842.5,844.1,879.2,1830.8,,,1373.1,927.4,1346.9,1549.2,2610.7,,,513.8,868.4,645.7,756.5,1070.7,,,2214.3,4066.7,2999.5,3109.8,2877.1,,,,,,,,,,,,,,,,,354.2,63.5,85.2,510.7,179.9,,,694.4,675.6,441.0,861.3,1321.6,,,54.1,218.5,55.8,428.0,265.8,,,39.9,127.8,45.8,228.8,161.9,,,1057.3,1081.6,983.5,736.8,2416.7,,,546.4,1691.7,796.4,628.4,2273.8,,,,,,,,,,,,,,,,,53.6,13.5,13.5,85.5,7.4,,,227.9,356.3,374.2,386.9,700.2,,,46.1,189.3,40.5,351.5,191.0,,,61.2,211.5,52.8,309.6,227.8,,,384.4,465.2,687.7,679.9,1016.6,,,102.8,713.2,493.5,450.4,859.6,,,,,,,,,,,,,,,,,298.6,108.3,89.8,544.3,253.4,,,703.7,470.9,827.6,954.7,1400.4,,,51.5,137.8,59.3,248.2,209.6,,,87.9,331.1,94.3,553.5,401.6,,,1255.0,1031.5,770.3,1168.3,1863.1,,,724.2,1712.2,730.4,1076.1,2273.8,,,,,,,,,,,,,,,,,287.9,911.5,282.1,456.2,382.4,,,214.3,549.9,292.6,328.1,385.8,,,1846.8,1233.0,1414.5,1400.4,4027.9,,,565.4,731.7,1194.7,1181.3,1658.5,,,1419.2,1078.9,1251.2,1338.4,2093.7,,,1602.0,1863.1,4315.6,2659.9,2999.5,,,,,,,,,,,,,,,,,1026.5,826.0,137.0,671.3,1211.8,,,2043.1,3646.0,2711.1,3228.5,3109.8,,,1658.5,4699.3,873.8,1815.1,5422.2,,,219.7,2114.6,1428.8,1419.2,2643.3,,,1004.6,3584.2,1719.2,2146.8,3916.0,,,2237.7,3466.7,5492.6,4752.1,3356.6,,,,,,,,,,,,,,,,,,,,,,,,,,,,,,,,,,,,,,,,,,,,,,,,,,,,,,,,,,,,,,,,,,,,,,,,,,,,,,,,,,,,,,,,,,,,,,,,,,,,,,,,,,,,,,,,,,,,,,,,,,,,,,,,
20260903_武雄_12R,20260903,84,武雄,12,171.5,92.8,47.7,145.9,232.9,,,357.9,297.9,191.4,284.3,474.5,,,109.2,192.7,96.8,230.7,139.4,,,23.9,52.7,33.2,14.1,74.0,,,198.2,141.8,156.6,55.9,262.1,,,476.9,546.0,337.2,259.8,538.7,,,,,,,,,,,,,,,,,125.4,56.1,26.5,90.3,143.0,,,290.9,255.8,300.6,663.9,452.9,,,29.9,101.1,35.2,216.4,22.9,,,24.6,144.5,52.2,219.2,132.3,,,477.2,870.5,700.6,694.2,1082.2,,,296.9,398.9,136.4,320.2,816.2,,,,,,,,,,,,,,,,,563.7,550.4,326.1,643.0,861.5,,,636.6,468.4,632.3,1396.6,1035.4,,,547.8,461.9,700.6,1228.5,534.5,,,353.7,633.3,771.7,1205.4,986.5,,,1311.3,2118.0,2134.2,1880.0,2015.9,,,1212.4,1521.1,762.6,1575.5,2020.7,,,,,,,,,,,,,,,,,69.8,180.2,107.5,332.3,91.2,,,39.3,99.9,57.4,282.3,22.1,,,294.1,222.0,412.7,917.3,232.0,,,90.7,93.4,249.8,617.4,130.1,,,1036.6,901.5,1780.0,1535.0,1235.7,,,74.4,34.1,112.4,119.7,454.9,,,,,,,,,,,,,,,,,15.9,50.8,24.8,19.0,72.3,,,28.1,151.2,70.0,178.6,183.3,,,266.7,439.8,518.6,840.8,657.1,,,73.5,93.3,223.5,380.1,129.7,,,268.4,605.3,866.9,792.9,1068.4,,,349.8,492.9,704.8,363.9,1188.3,,,,,,,,,,,,,,,,,991.2,976.2,1092.1,470.5,1693.5,,,1425.2,2707.4,1880.0,2040.5,3964.9,,,1714.3,3042.2,2945.8,2904.8,3768.5,,,1768.7,2020.7,2987.8,2698.7,2966.7,,,561.1,1791.4,2376.7,2236.9,3145.1,,,3205.4,4546.7,4141.6,3653.3,4290.3,,,,,,,,,,,,,,,,,822.6,1011.6,487.2,700.6,1403.7,,,715.0,808.3,323.3,867.8,2118.0,,,1109.5,1205.4,617.4,1575.5,2497.3,,,215.2,173.5,281.1,344.0,992.4,,,674.1,1116.9,1396.6,676.3,2690.0,,,2647.5,3653.3,3428.7,2390.3,3280.8,,,,,,,,,,,,,,,,,,,,,,,,,,,,,,,,,,,,,,,,,,,,,,,,,,,,,,,,,,,,,,,,,,,,,,,,,,,,,,,,,,,,,,,,,,,,,,,,,,,,,,,,,,,,,,,,,,,,,,,,,,,,,,,,
20260903_弥彦_1R,20260903,21,弥彦,1,52.2,58.7,26.9,118.9,,,,88.5,193.3,45.8,213.0,,,,66.2,159.3,69.0,75.3,,,,7.9,4.1,28.6,53.5,,,,402.1,336.7,265.2,326.6,,,,,,,,,,,,,,,,,,,,,,,,,55.6,97.8,23.9,183.0,,,,101.4,421.6,78.9,258.1,,,,188.0,405.9,192.3,198.9,,,,21.7,35.4,120.6,153.2,,,,709.2,858.5,461.1,715.0,,,,,,,,,,,,,,,,,,,,,,,,,305.9,727.0,185.2,1125.0,,,,338.9,1092.0,415.6,1403.2,,,,1662.4,2039.1,1851.1,2157.0,,,,165.3,341.1,1019.5,1373.7,,,,2868.2,2485.8,2509.7,956.0,,,,,,,,,,,,,,,,,,,,,,,,,194.4,484.2,180.5,199.2,,,,315.2,725.0,419.6,371.2,,,,1285.7,1466.3,1466.3,1388.3,,,,246.7,466.9,423.7,739.4,,,,501.9,439.4,973.9,758.7,,,,,,,,,,,,,,,,,,,,,,,,,11.4,6.6,31.1,56.9,,,,33.7,64.3,181.3,329.9,,,,30.9,93.1,255.8,257.4,,,,157.7,340.7,293.9,446.9,,,,469.4,981.2,694.1,1202.8,,,,,,,,,,,,,,,,,,,,,,,,,1426.2,2416.7,1219.6,1267.0,,,,1352.3,1717.1,956.0,1572.3,,,,3000.1,2636.4,2250.0,3107.2,,,,1000.0,669.2,1591.5,1035.7,,,,1572.3,1905.1,2007.7,1572.3,,,,,,,,,,,,,,,,,,,,,,,,,,,,,,,,,,,,,,,,,,,,,,,,,,,,,,,,,,,,,,,,,,,,,,,,,,,,,,,,,,,,,,,,,,,,,,,,,,,,,,,,,,,,,,,,,,,,,,,,,,,,,,,,,,,,,,,,,,,,,,,,,,,,,,,,,,,,,,,,,,,,,,,,,,,,,,,,,,,,,,,,,,,,,,,,
20260903_弥彦_2R,20260903,21,弥彦,2,28.2,62.4,20.7,33.3,480.3,,,52.6,47.7,107.4,51.7,1288.2,,,138.1,85.5,249.9,159.9,791.6,,,46.7,118.6,180.0,143.1,1076.2,,,29.8,41.4,57.8,71.2,898.8,,,1667.1,2952.3,1801.4,2872.5,3295.6,,,,,,,,,,,,,,,,,19.2,53.7,13.2,39.8,397.6,,,32.1,56.4,39.9,140.4,635.4,,,132.8,113.3,130.4,316.7,660.1,,,12.4,23.0,44.3,65.9,358.1,,,91.8,248.0,306.0,159.7,1635.1,,,1580.4,2202.7,2298.0,1959.1,3374.0,,,,,,,,,,,,,,,,,45.8,40.2,97.8,51.7,1009.8,,,50.0,52.8,57.2,108.5,782.9,,,33.4,42.5,110.7,84.7,219.9,,,179.5,115.0,235.7,393.2,1371.3,,,141.3,243.4,232.6,454.6,3633.6,,,2872.5,2261.3,1207.7,3664.9,5122.0,,,,,,,,,,,,,,,,,421.7,245.7,841.8,679.1,1092.8,,,410.3,272.5,497.8,855.3,1171.1,,,122.6,151.9,340.1,307.8,408.3,,,1060.1,676.9,871.1,1568.7,3125.9,,,916.2,1320.2,836.8,1897.9,3080.6,,,1735.2,2361.8,1211.2,3602.8,4048.8,,,,,,,,,,,,,,,,,66.3,212.0,193.0,201.0,1471.0,,,38.2,82.3,85.1,103.1,557.9,,,307.6,180.4,486.4,836.8,2202.7,,,763.2,440.0,747.1,1250.3,2815.4,,,609.0,420.0,1246.7,1133.6,2972.9,,,5248.5,3036.6,5987.7,5381.4,4671.7,,,,,,,,,,,,,,,,,120.5,189.5,213.2,252.6,1568.7,,,218.9,690.1,753.7,415.5,3572.5,,,403.3,797.6,736.8,1551.5,5745.0,,,655.0,1269.0,1054.9,1824.6,4475.0,,,578.4,622.4,1476.1,1568.7,3830.0,,,5001.5,7729.7,9447.4,7591.6,5593.8,,,,,,,,,,,,,,,,,5450.4,9999.9,3149.1,9447.4,8175.6,,,5593.8,6969.4,6441.4,7729.7,8856.9,,,9662.1,7329.8,2742.7,8856.9,9999.9,,,2707.8,5450.4,2298.0,8502.6,7591.6,,,9662.1,8021.3,7085.5,9999.9,7085.5,,,9886.8,9999.9,9999.9,9999.9,5450.4,,,,,,,,,,,,,,,,,,,,,,,,,,,,,,,,,,,,,,,,,,,,,,,,,,,,,,,,,,,,,,,,,,,,,,,,,,,,,,,,,,,,,,,,,,,,,,,,,,,,,,,,,,,,,,,,,,,,,,,,,,,,,,,,
20260903_弥彦_3R,20260903,21,弥彦,3,117.2,433.8,103.6,769.4,240.6,,,120.2,171.9,71.7,351.1,197.8,,,831.6,480.7,476.0,1721.8,648.1,,,36.9,22.3,118.2,76.5,13.1,,,1663.2,941.8,2004.4,243.3,285.9,,,264.4,167.3,402.5,40.3,141.5,,,,,,,,,,,,,,,,,153.4,484.3,134.1,1166.7,419.3,,,89.8,36.8,73.8,424.3,260.3,,,609.7,161.7,487.3,1760.6,1070.8,,,108.1,90.1,232.9,736.0,359.5,,,2772.0,2079.0,4295.1,2368.8,3794.7,,,737.4,838.7,1503.3,805.8,1843.6,,,,,,,,,,,,,,,,,113.7,157.2,99.1,510.2,242.4,,,45.1,19.5,54.9,330.3,198.7,,,68.8,30.8,117.7,275.8,190.1,,,80.7,84.3,103.3,615.5,256.3,,,1474.9,1097.9,898.5,1311.6,1744.9,,,468.6,556.7,430.4,523.9,1015.2,,,,,,,,,,,,,,,,,1453.0,672.7,682.1,1352.4,789.6,,,1136.2,215.3,915.3,2025.1,1221.4,,,312.9,115.1,270.8,384.7,340.4,,,545.8,754.5,321.4,1463.8,836.9,,,2714.2,3489.8,1149.5,2938.7,2112.7,,,872.4,1870.1,809.2,1113.5,1184.4,,,,,,,,,,,,,,,,,24.9,11.9,71.9,46.5,8.1,,,58.8,38.8,130.2,384.3,155.6,,,41.0,39.0,34.6,199.9,111.9,,,156.5,241.2,86.4,350.2,257.8,,,385.0,1149.5,661.3,1170.2,341.6,,,24.0,229.5,112.6,262.3,129.8,,,,,,,,,,,,,,,,,5505.0,3585.8,7976.6,1557.2,1826.4,,,6013.2,3553.2,6979.6,4342.8,6204.0,,,3722.4,2285.7,2658.8,3722.4,4441.5,,,8496.9,7374.6,3458.9,4885.7,7238.1,,,1458.4,3652.8,3585.8,4441.5,1760.6,,,1879.1,5211.4,4202.7,5076.0,1768.5,,,,,,,,,,,,,,,,,671.5,344.9,695.4,67.6,212.6,,,1146.2,1252.7,2285.7,1198.9,2605.7,,,579.0,1180.8,666.9,571.4,1031.2,,,851.5,2473.7,886.2,1047.8,1210.0,,,61.7,623.3,279.9,604.1,279.5,,,455.5,2961.0,1221.4,1817.9,515.6,,,,,,,,,,,,,,,,,,,,,,,,,,,,,,,,,,,,,,,,,,,,,,,,,,,,,,,,,,,,,,,,,,,,,,,,,,,,,,,,,,,,,,,,,,,,,,,,,,,,,,,,,,,,,,,,,,,,,,,,,,,,,,,,
20260903_弥彦_4R,20260903,21,弥彦,4,17.4,6.7,25.3,89.1,118.2,,,109.0,217.5,273.0,469.1,510.5,,,46.3,153.1,206.3,403.1,368.7,,,66.7,174.5,176.2,117.6,395.9,,,258.2,405.8,487.3,195.6,649.0,,,381.8,655.8,738.2,779.6,1220.0,,,,,,,,,,,,,,,,,16.4,4.9,30.9,113.0,62.6,,,73.2,94.2,463.9,689.5,593.6,,,9.0,35.2,139.3,179.4,83.6,,,94.7,378.0,165.1,503.7,976.0,,,304.0,835.0,370.2,774.7,1366.4,,,215.5,685.7,287.5,1700.3,1988.2,,,,,,,,,,,,,,,,,171.9,329.0,482.3,794.4,715.7,,,80.9,100.4,665.0,827.7,269.7,,,177.7,160.7,901.1,1032.3,901.1,,,639.0,966.0,1163.3,655.8,1540.0,,,1125.0,1236.1,1450.8,802.9,1585.5,,,321.4,215.7,341.9,1619.7,1515.2,,,,,,,,,,,,,,,,,72.0,196.5,454.9,757.6,618.0,,,26.8,69.6,361.6,560.0,261.3,,,161.0,146.5,829.5,1055.5,773.2,,,619.0,683.2,1061.5,1286.9,2456.0,,,1540.0,1626.7,1772.5,1747.8,3325.4,,,1086.0,854.0,1423.4,3325.4,3239.4,,,,,,,,,,,,,,,,,56.6,154.6,167.2,111.8,317.6,,,59.1,265.0,91.9,205.7,468.5,,,357.2,478.0,685.7,378.8,916.5,,,257.7,252.5,465.0,484.2,1082.9,,,77.4,92.2,113.2,194.5,159.5,,,726.8,1061.5,1265.2,1842.0,594.5,,,,,,,,,,,,,,,,,553.4,779.6,1467.8,407.5,1232.0,,,550.9,1313.9,1073.6,833.2,1789.4,,,1244.2,1391.7,1780.9,903.3,1772.5,,,2009.5,1957.1,2223.5,1533.7,3795.7,,,287.2,318.1,366.2,555.0,415.2,,,1967.4,1988.2,2236.7,2539.0,1010.1,,,,,,,,,,,,,,,,,884.1,1640.9,1572.2,1927.0,3184.5,,,994.1,2277.4,1366.4,3385.3,4222.2,,,1592.2,1957.1,2440.1,2935.7,2913.0,,,2250.1,2348.6,3131.4,4473.5,4319.2,,,2064.7,2646.3,3131.4,3267.6,1313.9,,,3873.9,4175.3,3613.2,3684.0,1485.2,,,,,,,,,,,,,,,,,,,,,,,,,,,,,,,,,,,,,,,,,,,,,,,,,,,,,,,,,,,,,,,,,,,,,,,,,,,,,,,,,,,,,,,,,,,,,,,,,,,,,,,,,,,,,,,,,,,,,,,,,,,,,,,,
20260903_弥彦_5R,20260903,21,弥彦,5,71.6,110.9,211.4,298.1,294.7,,,34.7,21.8,184.6,140.8,76.0,,,37.0,27.4,125.8,18.2,80.8,,,538.6,725.8,741.7,1381.1,1488.4,,,315.8,284.8,164.8,914.0,663.5,,,435.3,280.6,244.6,1041.5,670.6,,,,,,,,,,,,,,,,,151.1,285.9,550.7,1001.3,614.4,,,96.2,115.6,77.9,428.1,232.3,,,357.9,255.1,740.4,626.7,814.4,,,857.1,275.0,814.4,1625.8,1197.2,,,2011.8,1273.3,1468.6,2670.2,2788.5,,,1359.8,771.6,1277.0,1478.4,2434.2,,,,,,,,,,,,,,,,,20.8,10.3,115.6,106.1,59.2,,,13.6,14.1,11.1,100.3,65.5,,,18.6,43.8,174.4,51.0,103.7,,,463.2,80.0,427.7,994.5,638.5,,,330.7,340.2,268.6,884.7,655.6,,,221.1,143.9,220.0,507.0,657.6,,,,,,,,,,,,,,,,,40.0,35.3,161.5,16.7,46.2,,,158.8,196.0,519.5,321.3,391.6,,,64.4,105.3,457.0,185.5,226.4,,,675.7,1162.5,1412.1,1118.2,2149.2,,,59.6,185.4,192.4,545.2,153.3,,,155.0,463.7,305.7,953.6,233.9,,,,,,,,,,,,,,,,,1619.8,1975.7,2331.1,3798.2,3969.3,,,1551.3,527.6,1519.2,3017.7,2088.1,,,1851.2,520.1,2225.2,4495.8,2607.0,,,2343.5,2259.4,2917.8,2997.2,5373.0,,,5797.2,4841.6,6205.5,4405.9,4196.1,,,5123.1,2703.0,3442.1,4277.5,4319.5,,,,,,,,,,,,,,,,,1958.1,1463.7,601.9,4277.5,2331.1,,,3312.7,2879.6,2434.2,5507.4,5507.4,,,1644.0,2368.7,1656.3,5439.4,4589.5,,,507.5,1210.4,1299.6,2420.8,1292.0,,,8159.1,7867.7,8159.1,5308.3,5123.1,,,2860.9,4042.1,5507.4,2078.2,3899.0,,,,,,,,,,,,,,,,,461.3,357.3,157.6,1315.2,539.2,,,618.8,435.7,384.1,578.9,1184.3,,,341.0,203.1,321.3,735.5,1307.3,,,146.7,344.7,391.2,581.2,143.8,,,2517.6,1573.5,1662.6,957.8,2517.6,,,867.3,1098.7,1319.1,492.2,1907.3,,,,,,,,,,,,,,,,,,,,,,,,,,,,,,,,,,,,,,,,,,,,,,,,,,,,,,,,,,,,,,,,,,,,,,,,,,,,,,,,,,,,,,,,,,,,,,,,,,,,,,,,,,,,,,,,,,,,,,,,,,,,,,,,
20260903_弥彦_6R,20260903,21,弥彦,6,6.8,11.4,98.9,47.7,4.6,,,24.7,25.7,400.1,160.1,160.6,,,57.2,48.6,486.5,278.6,229.5,,,402.9,967.0,1012.9,565.7,1470.2,,,144.2,379.1,382.2,355.3,610.6,,,67.9,430.2,435.4,1093.2,971.0,,,,,,,,,,,,,,,,,14.8,21.6,143.7,101.7,12.1,,,52.1,111.1,923.2,554.3,161.6,,,100.5,184.5,1116.7,770.1,327.7,,,854.3,2859.8,3006.5,2591.2,1970.6,,,427.1,1438.6,1332.4,1883.5,995.7,,,62.9,250.6,273.9,776.5,743.2,,,,,,,,,,,,,,,,,34.6,50.2,538.4,295.9,209.9,,,47.0,71.9,688.7,475.6,152.5,,,30.2,26.9,209.4,117.7,133.8,,,1387.6,1579.1,1141.1,1600.7,2726.8,,,596.7,559.0,405.3,919.6,1839.2,,,611.4,616.3,742.1,2742.7,2233.4,,,,,,,,,,,,,,,,,110.6,100.9,901.9,547.2,382.2,,,120.9,147.3,979.1,750.4,310.4,,,56.6,60.3,315.6,217.6,228.5,,,2321.8,2310.4,1579.1,2066.1,4114.1,,,1124.7,1244.0,762.6,1645.6,2468.5,,,905.4,1019.5,983.2,3126.7,2468.5,,,,,,,,,,,,,,,,,1987.3,3212.4,3065.4,2664.8,5719.7,,,2161.3,4737.5,4342.7,3474.1,4383.3,,,3500.1,5390.9,3350.1,4263.7,8086.4,,,4078.3,6171.2,4008.6,3190.5,7816.9,,,1938.0,2030.3,3212.4,1930.1,2742.7,,,9380.3,9019.5,9999.9,9019.5,4690.1,,,,,,,,,,,,,,,,,211.3,846.5,955.2,815.6,1267.6,,,372.5,1264.1,1447.5,1288.5,840.5,,,863.7,862.1,645.1,1512.9,3500.1,,,1190.3,1332.4,971.0,1589.8,3326.3,,,763.8,640.7,1130.1,1037.6,1803.9,,,3279.8,2442.7,7106.2,4835.2,3752.1,,,,,,,,,,,,,,,,,438.3,1817.8,1498.4,4737.5,3752.1,,,336.9,1584.5,1425.5,3974.7,3693.0,,,2468.5,2455.5,2758.9,7688.7,7949.4,,,2057.0,1681.0,2711.0,5453.6,5517.8,,,8849.3,9196.3,8685.4,8685.4,5583.5,,,6424.8,7444.6,9999.9,7688.7,4598.1,,,,,,,,,,,,,,,,,,,,,,,,,,,,,,,,,,,,,,,,,,,,,,,,,,,,,,,,,,,,,,,,,,,,,,,,,,,,,,,,,,,,,,,,,,,,,,,,,,,,,,,,,,,,,,,,,,,,,,,,,,,,,,,,
20260903_弥彦_7R,20260903,21,弥彦,7,7.8,12.2,1.8,102.7,50.4,,,29.8,27.7,52.6,272.1,185.4,,,47.6,29.9,86.8,414.5,251.7,,,10.1,38.4,62.4,253.1,194.7,,,498.0,624.4,762.7,675.5,446.5,,,180.6,302.3,347.5,349.5,246.9,,,,,,,,,,,,,,,,,66.5,82.5,19.7,385.1,225.1,,,392.1,864.6,732.9,2141.1,2541.3,,,489.0,917.1,1197.9,3237.2,2892.8,,,121.9,541.6,852.4,2014.2,1812.8,,,2614.6,3725.0,7251.3,5130.7,5847.8,,,1076.9,3857.1,3420.4,2107.9,2406.4,,,,,,,,,,,,,,,,,270.9,273.8,384.8,1683.7,1154.6,,,421.5,691.9,895.9,2847.4,3055.3,,,262.7,425.2,617.3,1356.2,945.8,,,785.9,1222.1,1856.1,4944.1,5493.4,,,4058.6,4608.9,3577.9,3577.9,6972.4,,,2877.5,5331.9,3161.9,5606.7,3237.2,,,,,,,,,,,,,,,,,350.1,332.0,703.5,2665.9,1580.9,,,636.0,942.5,1609.0,5082.7,3577.9,,,296.7,421.2,737.9,1604.2,1434.9,,,1688.9,2247.3,2158.1,5229.3,8915.6,,,6632.3,8771.8,4215.9,8366.9,7450.0,,,2939.7,5911.4,3336.5,8117.2,7553.5,,,,,,,,,,,,,,,,,155.5,457.0,732.9,1748.7,1590.2,,,224.9,1037.8,1398.0,3998.9,3969.7,,,917.1,1545.0,2614.6,6474.4,6798.1,,,1737.5,3161.9,2923.9,7659.9,9999.9,,,5911.4,9999.9,9999.9,9999.9,5179.5,,,3750.7,8632.6,9541.3,9999.9,6398.2,,,,,,,,,,,,,,,,,3508.7,5384.6,7251.3,4570.2,4648.3,,,6323.8,6042.8,9376.7,9711.6,9999.9,,,5606.7,5229.3,4570.2,7769.3,9064.2,,,9888.2,9999.9,5331.9,7251.3,4899.5,,,7769.3,9999.9,9999.9,9999.9,6042.8,,,3336.5,5976.4,5493.4,6632.3,4316.3,,,,,,,,,,,,,,,,,1028.0,2219.8,2238.0,2266.0,2256.6,,,1765.7,4688.3,4648.3,5280.1,6632.3,,,3857.1,6398.2,4350.8,6552.4,6884.2,,,3601.6,6972.4,3912.6,9999.9,5438.5,,,4151.5,8632.6,7997.8,9541.3,5665.1,,,2602.1,3554.6,4120.1,5082.7,3090.0,,,,,,,,,,,,,,,,,,,,,,,,,,,,,,,,,,,,,,,,,,,,,,,,,,,,,,,,,,,,,,,,,,,,,,,,,,,,,,,,,,,,,,,,,,,,,,,,,,,,,,,,,,,,,,,,,,,,,,,,,,,,,,,,
20260903_松戸_1R,20260903,31,松戸,1,358.7,214.0,644.4,1357.9,708.5,,,373.9,213.2,222.7,523.2,974.9,,,129.1,110.3,157.9,417.8,309.1,,,663.1,339.4,367.9,1584.2,1462.4,,,2534.8,1357.9,1520.9,2534.8,2236.6,,,991.9,1584.2,814.7,2479.7,2427.0,,,,,,,,,,,,,,,,,275.5,260.4,465.5,864.1,726.5,,,154.7,191.3,47.1,81.4,502.5,,,193.9,183.0,338.4,775.9,735.9,,,365.6,71.2,430.4,545.7,983.3,,,1702.5,458.1,1253.5,919.9,2427.0,,,820.6,528.0,1118.3,1152.2,1326.3,,,,,,,,,,,,,,,,,163.6,128.4,97.4,269.0,616.5,,,123.5,111.3,37.2,79.2,378.9,,,56.1,74.1,22.6,112.0,200.4,,,27.6,15.1,13.7,11.1,99.8,,,250.7,128.7,184.2,53.1,479.2,,,966.6,691.3,491.6,370.3,1027.6,,,,,,,,,,,,,,,,,31.4,20.1,40.0,73.0,153.3,,,71.8,84.4,167.9,376.4,525.6,,,30.1,52.9,15.4,38.4,171.5,,,74.9,121.0,24.6,256.9,322.2,,,726.5,775.9,332.5,504.7,1653.1,,,506.9,832.6,396.0,540.6,1200.7,,,,,,,,,,,,,,,,,475.2,216.8,251.2,1129.3,1096.8,,,410.3,108.7,394.7,626.7,1163.9,,,46.7,32.1,45.2,14.8,212.0,,,149.3,252.9,67.8,397.4,600.3,,,1541.4,1076.1,264.0,775.9,1481.4,,,2001.2,1391.0,803.3,1629.5,1677.4,,,,,,,,,,,,,,,,,3259.1,2073.9,1933.3,2851.7,2652.7,,,4073.8,877.4,1966.7,2073.9,4387.2,,,1253.5,877.4,530.5,343.5,1311.1,,,1584.2,1425.8,594.1,770.7,1391.0,,,2592.4,1810.6,523.2,1118.3,2036.9,,,3564.6,5184.9,4073.8,2851.7,2193.6,,,,,,,,,,,,,,,,,1653.1,1933.3,1096.8,2236.6,2376.4,,,1226.5,905.3,919.9,1443.9,1933.3,,,1606.6,1253.5,1175.9,1018.4,1584.2,,,1056.1,1357.9,1188.2,1326.3,2236.6,,,2592.4,2327.9,1056.1,2001.2,1702.5,,,2112.3,3001.8,2327.9,3001.8,1839.8,,,,,,,,,,,,,,,,,,,,,,,,,,,,,,,,,,,,,,,,,,,,,,,,,,,,,,,,,,,,,,,,,,,,,,,,,,,,,,,,,,,,,,,,,,,,,,,,,,,,,,,,,,,,,,,,,,,,,,,,,,,,,,,,
20260903_松戸_2R,20260903,31,松戸,2,636.4,1203.7,683.6,785.4,424.3,,,407.1,469.2,98.3,1130.0,162.3,,,1909.3,988.7,542.8,2356.2,487.8,,,592.2,187.0,129.8,1302.8,174.1,,,663.1,1757.8,2050.8,1757.8,723.8,,,130.7,55.9,107.2,49.2,311.0,,,,,,,,,,,,,,,,,605.1,1075.1,576.7,519.9,371.6,,,401.2,222.8,52.8,186.7,228.3,,,1272.9,372.8,252.2,605.1,576.7,,,441.2,77.5,99.2,229.7,206.6,,,318.2,160.7,303.4,143.2,218.4,,,309.3,300.9,392.7,229.2,370.3,,,,,,,,,,,,,,,,,467.2,553.7,144.7,1419.7,191.2,,,450.1,356.0,82.3,319.1,236.6,,,611.8,416.3,66.9,907.7,307.6,,,59.5,26.5,7.7,169.3,18.5,,,1582.0,550.9,930.6,469.2,1367.2,,,161.6,214.2,205.4,62.5,885.9,,,,,,,,,,,,,,,,,2839.5,2260.0,1538.1,2356.2,997.6,,,2575.4,1350.5,1107.4,2214.8,1703.7,,,1438.2,938.5,152.9,1401.8,687.8,,,802.4,629.2,100.3,997.6,336.6,,,2701.0,1559.7,1703.7,1559.7,3164.1,,,954.6,1559.7,865.1,692.1,2914.3,,,,,,,,,,,,,,,,,565.0,174.6,181.5,1367.2,245.0,,,427.5,71.2,185.8,413.2,188.3,,,49.8,19.1,5.3,132.6,12.6,,,181.8,161.1,18.3,517.4,76.3,,,1815.4,826.4,501.1,826.4,878.9,,,182.1,166.5,62.2,95.1,608.4,,,,,,,,,,,,,,,,,1165.7,2171.4,2171.4,2129.6,1025.4,,,508.0,304.2,625.6,295.3,405.6,,,1476.5,589.0,872.0,471.2,1496.5,,,2460.9,1318.3,1476.5,1153.5,2307.1,,,1652.8,796.7,550.9,611.8,814.2,,,962.9,845.3,1628.5,2171.4,915.2,,,,,,,,,,,,,,,,,144.5,88.8,184.8,84.0,312.8,,,282.5,357.2,562.1,283.9,510.3,,,121.6,248.8,197.4,62.8,758.5,,,492.1,938.5,570.8,429.2,2214.8,,,112.2,217.1,62.7,126.2,582.8,,,608.4,640.1,1165.7,1942.8,753.3,,,,,,,,,,,,,,,,,,,,,,,,,,,,,,,,,,,,,,,,,,,,,,,,,,,,,,,,,,,,,,,,,,,,,,,,,,,,,,,,,,,,,,,,,,,,,,,,,,,,,,,,,,,,,,,,,,,,,,,,,,,,,,,,
20260903_松戸_3R,20260903,31,松戸,3,477.5,534.7,446.0,422.3,768.9,,,310.1,244.7,225.4,134.3,382.5,,,419.9,221.4,589.9,251.7,451.4,,,393.3,300.5,677.8,238.5,396.1,,,115.6,55.5,157.3,57.6,46.0,,,495.5,426.4,519.8,440.7,127.7,,,,,,,,,,,,,,,,,616.0,844.7,748.3,750.8,1192.5,,,356.8,107.4,255.1,380.5,785.2,,,703.4,182.9,424.7,726.4,1232.0,,,768.9,583.7,753.4,1077.3,1728.7,,,671.7,721.7,1051.9,1087.8,1411.4,,,1604.3,1517.0,1827.9,1922.4,1702.3,,,,,,,,,,,,,,,,,226.6,153.6,322.7,169.0,480.6,,,117.9,23.4,61.5,91.8,240.8,,,45.3,7.7,41.3,30.0,78.6,,,486.9,242.4,213.2,490.1,719.3,,,136.8,181.4,131.4,294.9,292.6,,,493.3,370.4,237.2,593.1,353.9,,,,,,,,,,,,,,,,,189.9,125.5,319.4,117.6,236.9,,,238.0,72.8,173.4,219.0,430.5,,,54.0,8.6,65.0,43.3,81.6,,,534.7,281.5,288.4,404.7,705.7,,,85.2,143.1,121.7,263.9,136.7,,,253.4,251.9,198.2,407.6,103.1,,,,,,,,,,,,,,,,,717.0,419.9,785.2,368.0,619.4,,,884.9,673.7,902.8,1385.1,1627.8,,,418.4,475.4,401.8,661.7,1000.0,,,864.3,844.7,447.8,518.6,1120.6,,,326.0,1077.3,529.7,543.9,366.1,,,965.4,1496.7,1098.5,1126.3,557.5,,,,,,,,,,,,,,,,,67.9,31.2,100.6,34.8,21.8,,,232.7,425.5,547.9,579.2,435.5,,,83.9,197.7,161.6,190.1,194.7,,,149.2,276.0,183.6,336.3,208.2,,,121.2,573.2,194.0,395.4,153.1,,,24.6,158.3,104.4,140.6,154.9,,,,,,,,,,,,,,,,,822.9,525.9,482.7,679.9,163.7,,,1212.0,1009.0,1109.4,1252.8,867.7,,,412.2,440.7,368.0,1046.9,345.7,,,431.3,638.9,357.9,851.1,235.4,,,1143.6,1742.2,1457.5,1651.9,694.7,,,39.5,243.4,161.6,177.2,269.0,,,,,,,,,,,,,,,,,,,,,,,,,,,,,,,,,,,,,,,,,,,,,,,,,,,,,,,,,,,,,,,,,,,,,,,,,,,,,,,,,,,,,,,,,,,,,,,,,,,,,,,,,,,,,,,,,,,,,,,,,,,,,,,,
20260903_松戸_4R,20260903,31,松戸,4,40.8,58.8,80.8,68.3,351.6,,,35.7,20.0,39.4,54.4,227.1,,,53.4,22.5,58.2,60.2,226.5,,,80.7,55.1,74.4,94.4,359.3,,,93.7,74.2,84.2,102.9,378.1,,,570.0,477.3,480.2,587.2,578.5,,,,,,,,,,,,,,,,,97.8,109.3,156.6,152.0,616.3,,,125.8,139.5,219.7,191.5,814.7,,,145.0,150.0,253.6,228.0,780.0,,,213.6,241.6,255.5,272.5,1055.0,,,307.8,296.1,306.3,447.8,1225.3,,,1170.0,1302.2,1296.8,1719.5,1638.0,,,,,,,,,,,,,,,,,50.3,27.2,46.6,87.7,329.6,,,89.3,98.7,171.8,171.6,586.1,,,24.1,57.0,54.7,72.9,283.9,,,81.6,166.3,91.5,167.5,412.2,,,155.6,243.1,157.6,231.5,753.5,,,774.2,1084.4,739.2,843.4,1058.6,,,,,,,,,,,,,,,,,66.9,23.2,67.7,87.1,305.1,,,117.3,112.9,216.7,217.4,633.8,,,25.7,62.4,65.6,78.9,325.5,,,98.5,196.2,95.9,174.7,487.0,,,169.1,250.9,144.0,242.3,598.5,,,697.8,1062.2,700.9,899.5,1076.9,,,,,,,,,,,,,,,,,126.0,56.6,70.6,101.3,428.6,,,205.5,240.7,265.7,290.0,812.6,,,65.7,176.9,82.5,130.6,376.3,,,75.7,191.8,69.1,117.1,468.7,,,198.2,308.4,218.7,220.5,742.8,,,912.7,1401.9,978.7,1037.4,1055.0,,,,,,,,,,,,,,,,,401.5,292.5,300.7,449.1,1103.6,,,500.3,580.6,550.8,907.3,2021.0,,,344.6,487.0,290.0,542.2,1383.2,,,340.5,481.0,299.5,410.0,1107.5,,,507.7,776.1,533.8,488.5,1211.0,,,1778.4,2412.6,1921.1,1969.8,1604.3,,,,,,,,,,,,,,,,,1152.7,1013.7,1030.5,1296.8,1230.1,,,1571.8,1563.9,1365.0,2288.4,1969.8,,,1170.0,1518.2,1265.1,1510.8,1729.0,,,1291.4,1682.3,1307.7,1945.2,1778.4,,,1510.8,2161.3,1556.1,1969.8,1788.7,,,1909.4,2394.1,2007.9,2088.8,1933.1,,,,,,,,,,,,,,,,,,,,,,,,,,,,,,,,,,,,,,,,,,,,,,,,,,,,,,,,,,,,,,,,,,,,,,,,,,,,,,,,,,,,,,,,,,,,,,,,,,,,,,,,,,,,,,,,,,,,,,,,,,,,,,,,
20260903_松戸_5R,20260903,31,松戸,5,388.4,266.4,167.6,227.5,473.5,,,340.5,103.0,99.2,355.1,384.3,,,232.0,116.4,68.0,328.8,224.3,,,56.3,58.9,29.9,104.5,106.3,,,211.2,440.3,462.4,268.4,704.4,,,924.9,854.2,605.0,551.7,1174.1,,,,,,,,,,,,,,,,,649.3,416.0,281.6,212.1,772.1,,,716.2,462.4,928.2,413.4,883.6,,,462.4,461.6,619.6,335.2,576.5,,,216.6,832.1,561.4,194.8,1113.1,,,94.1,193.6,150.8,134.0,185.5,,,1577.5,1904.7,1242.2,2107.6,905.4,,,,,,,,,,,,,,,,,265.6,118.4,120.8,389.6,354.6,,,237.4,239.8,284.7,155.1,334.3,,,49.2,85.3,70.3,109.8,29.2,,,99.5,346.5,190.3,493.5,529.0,,,338.7,118.5,234.3,364.2,652.6,,,649.3,758.5,247.4,854.2,1212.9,,,,,,,,,,,,,,,,,140.9,68.6,58.2,258.1,94.2,,,240.3,231.6,384.3,243.7,219.9,,,23.0,60.4,29.3,59.0,13.4,,,52.2,212.3,81.8,301.0,118.8,,,333.9,217.1,197.7,472.6,315.5,,,69.6,94.3,39.6,115.6,201.3,,,,,,,,,,,,,,,,,27.2,28.2,16.2,44.8,47.6,,,121.2,464.9,258.9,183.1,596.6,,,101.8,357.6,169.8,501.2,449.5,,,40.1,158.4,73.0,275.6,117.4,,,122.7,147.8,509.1,517.3,633.3,,,444.1,1117.9,813.7,580.4,985.1,,,,,,,,,,,,,,,,,125.3,371.5,363.7,248.4,498.3,,,39.6,82.4,93.3,64.0,90.7,,,353.6,158.5,146.9,378.6,678.4,,,362.6,221.4,163.4,453.5,404.3,,,127.8,168.1,470.9,535.7,550.6,,,1260.4,779.2,1305.2,1266.6,1230.3,,,,,,,,,,,,,,,,,2197.7,2090.5,1153.0,1617.2,2295.8,,,2275.5,2889.1,1230.3,2425.8,1933.3,,,1637.8,2496.4,503.2,1962.8,2057.0,,,779.2,1062.5,371.0,889.7,1298.6,,,1260.4,2597.3,2125.0,1325.4,2057.0,,,2425.8,2160.8,1933.3,2008.8,1918.9,,,,,,,,,,,,,,,,,,,,,,,,,,,,,,,,,,,,,,,,,,,,,,,,,,,,,,,,,,,,,,,,,,,,,,,,,,,,,,,,,,,,,,,,,,,,,,,,,,,,,,,,,,,,,,,,,,,,,,,,,,,,,,,,
20260903_松戸_6R,20260903,31,松戸,6,139.2,14.3,129.9,83.5,55.4,,,265.4,155.2,434.2,832.5,467.5,,,5.3,44.5,47.7,78.7,36.3,,,357.1,470.4,329.2,582.9,625.5,,,346.4,1361.4,452.0,1071.5,701.3,,,197.6,577.1,177.2,883.3,599.6,,,,,,,,,,,,,,,,,479.1,75.7,428.6,243.1,231.4,,,844.6,823.6,1112.7,1618.5,1629.9,,,100.9,520.1,634.1,406.0,368.5,,,1665.0,1402.7,1585.2,1140.1,1553.3,,,948.5,1714.4,960.3,1052.0,646.5,,,575.7,1689.3,653.8,1285.8,568.6,,,,,,,,,,,,,,,,,271.3,162.1,316.1,709.9,496.6,,,518.9,552.3,832.5,1001.9,907.6,,,94.4,202.6,143.9,408.9,246.2,,,145.5,262.7,134.4,86.3,138.0,,,972.4,1102.1,948.5,388.3,507.5,,,695.0,575.7,563.1,389.6,651.9,,,,,,,,,,,,,,,,,3.3,20.1,37.1,56.2,29.2,,,27.7,153.9,266.3,190.0,121.1,,,49.3,94.7,53.5,173.4,126.9,,,168.3,292.6,94.3,159.5,215.0,,,316.6,351.2,419.2,442.5,333.4,,,137.0,178.3,220.6,346.4,315.7,,,,,,,,,,,,,,,,,876.6,684.7,712.1,1493.2,1419.9,,,1455.6,1257.8,1237.6,2048.2,2410.9,,,289.3,498.8,280.5,106.5,181.9,,,577.1,1174.8,428.6,893.6,1264.7,,,922.0,1455.6,296.7,1244.3,655.6,,,1596.1,1740.2,459.2,1563.8,850.9,,,,,,,,,,,,,,,,,1264.7,2085.1,1066.5,1455.6,2123.3,,,1411.2,1780.3,1353.4,2291.5,1897.1,,,1553.3,1428.6,1218.1,956.3,1330.1,,,1037.8,1096.9,1278.7,1174.8,1542.9,,,2143.0,2104.0,1140.1,1714.4,1353.4,,,1866.5,1727.2,1502.9,1596.1,1307.6,,,,,,,,,,,,,,,,,485.2,1037.8,273.9,1522.6,1596.1,,,587.4,1483.6,557.7,1665.0,1315.0,,,900.5,1102.1,817.8,695.0,968.3,,,325.5,527.2,705.6,1174.8,1237.6,,,1502.9,1629.9,847.7,1455.6,1081.5,,,1641.4,1596.1,1522.6,1483.6,1199.2,,,,,,,,,,,,,,,,,,,,,,,,,,,,,,,,,,,,,,,,,,,,,,,,,,,,,,,,,,,,,,,,,,,,,,,,,,,,,,,,,,,,,,,,,,,,,,,,,,,,,,,,,,,,,,,,,,,,,,,,,,,,,,,,
20260903_松戸_7R,20260903,31,松戸,7,332.0,577.9,218.1,473.2,277.0,,,256.2,476.3,111.9,723.5,81.2,,,997.4,980.3,272.7,1052.2,646.9,,,116.5,61.0,50.3,310.5,65.8,,,1088.0,1348.6,1751.5,1018.6,1201.9,,,209.3,87.7,291.3,105.4,435.2,,,,,,,,,,,,,,,,,357.2,502.1,136.9,286.9,220.6,,,253.0,296.4,87.5,89.5,84.2,,,768.0,827.8,448.1,461.0,839.9,,,124.7,76.4,96.8,84.9,131.8,,,129.8,54.3,154.4,32.0,89.8,,,215.8,86.2,351.1,150.0,175.2,,,,,,,,,,,,,,,,,348.1,493.5,113.8,718.1,71.8,,,426.8,763.9,238.3,304.6,125.6,,,1083.9,1342.3,565.4,1056.0,404.0,,,111.3,234.8,130.2,373.0,50.3,,,1071.8,655.8,1067.8,558.8,451.6,,,24.0,42.3,105.3,17.4,133.8,,,,,,,,,,,,,,,,,1841.3,1818.0,529.9,2159.8,1104.8,,,1927.8,2354.5,1496.1,1323.7,2176.1,,,2143.7,2684.6,1212.0,2096.7,1348.6,,,434.5,1011.4,857.4,1217.1,698.9,,,3546.3,1865.2,2298.0,2127.8,3340.1,,,1212.0,1829.6,1158.2,800.1,2735.7,,,,,,,,,,,,,,,,,88.3,51.9,26.1,220.7,52.6,,,144.1,199.7,144.7,268.9,285.8,,,93.2,215.9,61.2,264.2,44.5,,,65.7,185.9,72.7,292.5,138.5,,,612.4,484.4,389.2,460.3,518.5,,,76.4,217.4,44.6,89.9,334.0,,,,,,,,,,,,,,,,,1259.8,1720.0,2455.1,1348.6,1877.4,,,392.4,311.5,692.1,271.7,450.9,,,1305.7,842.3,1527.9,941.8,860.0,,,2434.3,1552.7,2051.8,1604.7,2901.5,,,1096.3,914.8,839.9,852.3,1096.3,,,1480.7,793.5,685.5,1994.8,1044.5,,,,,,,,,,,,,,,,,116.2,50.8,194.7,51.8,296.1,,,172.7,116.5,373.5,190.1,201.8,,,17.5,35.7,90.1,13.0,87.5,,,437.8,680.7,367.8,286.1,878.4,,,41.3,131.5,34.4,67.9,256.0,,,508.4,341.1,375.4,970.4,522.2,,,,,,,,,,,,,,,,,,,,,,,,,,,,,,,,,,,,,,,,,,,,,,,,,,,,,,,,,,,,,,,,,,,,,,,,,,,,,,,,,,,,,,,,,,,,,,,,,,,,,,,,,,,,,,,,,,,,,,,,,,,,,,,,
20260903_松戸_8R,20260903,31,松戸,8,369.9,292.8,116.5,121.2,386.9,,,546.2,667.3,377.8,100.5,540.9,,,702.1,864.1,335.6,503.7,946.6,,,131.0,291.0,165.3,122.2,317.3,,,61.6,14.4,121.1,38.4,82.9,,,472.6,513.7,759.0,398.3,205.5,,,,,,,,,,,,,,,,,362.0,300.1,107.8,80.4,347.4,,,686.4,513.7,351.4,408.0,834.2,,,615.0,495.6,104.5,392.8,550.6,,,67.3,112.0,14.4,31.9,69.0,,,149.9,156.3,284.6,112.9,336.3,,,349.9,577.0,374.8,138.7,304.7,,,,,,,,,,,,,,,,,1212.3,1063.1,656.9,169.0,706.5,,,1518.1,2146.6,1027.5,789.2,1531.9,,,2160.4,2534.0,1271.7,1112.2,1821.7,,,836.2,954.7,877.6,581.0,828.0,,,125.5,544.4,486.3,349.2,298.7,,,901.1,1636.0,1281.4,842.5,593.3,,,,,,,,,,,,,,,,,1281.4,1970.9,660.8,1009.0,1693.5,,,1230.0,1524.9,320.0,1021.2,1073.3,,,2080.3,2030.2,1296.2,1190.8,1764.5,,,503.0,217.5,645.6,445.2,422.8,,,1252.8,1465.3,1112.2,753.9,1471.7,,,1755.3,1000.0,1404.2,718.6,1465.3,,,,,,,,,,,,,,,,,161.5,434.8,208.5,195.9,384.2,,,78.1,153.7,20.1,45.2,78.7,,,625.2,554.3,494.1,463.5,660.8,,,218.4,54.1,238.6,159.8,170.0,,,191.3,176.6,242.4,200.4,232.1,,,335.6,175.2,398.3,184.0,224.3,,,,,,,,,,,,,,,,,68.8,14.2,188.1,33.2,63.9,,,146.9,172.0,456.6,173.3,360.0,,,38.7,187.6,234.2,93.2,100.1,,,564.5,879.9,508.3,449.3,882.2,,,84.2,178.6,109.2,216.4,161.1,,,136.8,306.6,148.7,386.4,171.6,,,,,,,,,,,,,,,,,175.3,206.2,352.9,164.2,57.2,,,158.3,242.4,143.4,38.4,96.0,,,238.5,314.9,270.7,187.5,136.7,,,546.2,296.1,322.2,191.3,300.9,,,168.4,53.2,99.3,56.7,66.5,,,50.8,116.2,46.4,109.5,51.5,,,,,,,,,,,,,,,,,,,,,,,,,,,,,,,,,,,,,,,,,,,,,,,,,,,,,,,,,,,,,,,,,,,,,,,,,,,,,,,,,,,,,,,,,,,,,,,,,,,,,,,,,,,,,,,,,,,,,,,,,,,,,,,,
20260903_松戸_9R,20260903,31,松戸,9,1443.8,559.8,1778.1,1146.4,1263.4,,,936.7,208.1,426.7,740.0,556.6,,,245.1,102.3,165.6,59.2,115.9,,,1561.2,673.8,548.6,1100.5,1234.9,,,1091.1,1123.0,361.6,1196.4,901.5,,,763.5,633.7,297.0,987.3,836.7,,,,,,,,,,,,,,,,,2076.0,1297.5,2299.8,2098.7,1271.7,,,1088.0,817.1,838.5,1949.6,831.3,,,1018.7,783.8,1160.3,1959.5,630.6,,,1324.3,1518.0,1684.5,3623.3,1580.5,,,4000.7,3200.6,3174.1,4465.9,3919.1,,,549.4,592.7,446.5,731.5,1342.9,,,,,,,,,,,,,,,,,262.8,56.3,87.9,221.8,186.3,,,312.2,215.8,236.4,477.1,308.7,,,24.8,81.6,19.9,111.3,32.9,,,50.5,113.9,32.4,190.9,81.0,,,801.8,1116.4,517.6,847.8,1170.9,,,196.4,131.4,83.9,130.1,430.5,,,,,,,,,,,,,,,,,64.1,15.4,37.2,7.4,22.9,,,202.0,151.9,262.7,370.0,132.1,,,15.3,56.7,11.3,74.5,18.0,,,90.8,208.3,47.2,234.6,119.8,,,106.0,489.8,278.9,453.4,329.6,,,35.5,26.3,28.5,78.3,123.1,,,,,,,,,,,,,,,,,1396.6,653.1,659.9,1200.2,1338.2,,,1990.0,1097.3,857.3,3556.2,1778.1,,,284.7,502.7,167.3,838.5,368.5,,,477.7,910.1,222.3,932.2,534.9,,,3339.7,4414.6,2667.1,1820.2,3048.2,,,1401.7,1422.5,653.1,768.1,1620.5,,,,,,,,,,,,,,,,,3802.7,2612.7,1000.1,3623.3,2977.3,,,5486.7,3369.0,3959.5,5409.5,4924.0,,,3048.2,3174.1,1288.8,4220.6,4267.5,,,960.1,2803.4,1203.9,2042.9,2415.5,,,3657.8,5409.5,4465.9,2259.2,3840.7,,,3556.2,4174.7,4129.8,3254.8,4800.9,,,,,,,,,,,,,,,,,456.6,442.9,216.7,601.9,592.7,,,215.7,217.8,139.1,241.4,458.8,,,294.3,241.1,129.5,226.7,709.9,,,86.2,80.7,87.7,192.2,339.2,,,708.6,559.0,410.3,407.7,1043.6,,,1357.1,1778.1,1846.5,1267.5,1846.5,,,,,,,,,,,,,,,,,,,,,,,,,,,,,,,,,,,,,,,,,,,,,,,,,,,,,,,,,,,,,,,,,,,,,,,,,,,,,,,,,,,,,,,,,,,,,,,,,,,,,,,,,,,,,,,,,,,,,,,,,,,,,,,,
20260903_松戸_10R,20260903,31,松戸,10,48.2,92.8,40.9,7.1,10.8,,,215.0,646.5,443.7,150.0,207.7,,,418.9,813.7,620.8,316.3,418.0,,,147.9,394.0,485.4,106.2,139.6,,,4.6,43.9,90.0,32.0,5.6,,,14.6,84.2,132.2,53.1,9.7,,,,,,,,,,,,,,,,,801.0,1009.1,809.0,192.1,272.4,,,2720.4,9999.9,7609.8,3830.8,7219.6,,,4939.7,9999.9,9082.7,7821.2,8663.5,,,2774.0,7219.6,9231.6,4266.1,5166.3,,,345.6,2376.0,3633.0,2356.1,732.2,,,594.0,3433.7,4434.0,2902.7,845.5,,,,,,,,,,,,,,,,,2733.6,6625.0,3564.1,1822.4,3609.8,,,3704.7,9999.9,9709.1,4896.7,9999.9,,,9082.7,9999.9,9879.4,8798.8,9999.9,,,6188.2,9999.9,9999.9,8404.9,7508.3,,,2141.1,3993.8,7609.8,6188.2,7508.3,,,4505.0,9999.9,9999.9,9999.9,9231.6,,,,,,,,,,,,,,,,,4399.4,5990.7,7609.8,3541.6,4399.4,,,5575.5,9999.9,9999.9,9231.6,9999.9,,,6784.6,9999.9,9999.9,8404.9,9999.9,,,9879.4,9999.9,9999.9,9999.9,9999.9,,,5262.8,7409.5,8404.9,9999.9,9999.9,,,5927.6,9385.4,9999.9,9999.9,9999.9,,,,,,,,,,,,,,,,,2595.0,4298.6,5214.1,1770.8,2480.7,,,3199.5,8532.2,1989.8,4896.7,6055.1,,,6188.2,9999.9,9999.9,9385.4,9999.9,,,8663.5,9999.9,9999.9,9999.9,9999.9,,,2279.8,3181.5,8281.3,9999.9,3541.6,,,3633.0,7714.0,9999.9,9999.9,4298.6,,,,,,,,,,,,,,,,,20.0,120.1,233.5,88.9,20.9,,,76.7,424.3,822.0,317.7,138.2,,,483.3,1161.0,2707.3,2252.5,857.1,,,1178.0,2801.6,3163.6,3680.5,3163.6,,,367.5,793.1,1743.4,2317.4,594.6,,,47.7,99.2,500.1,826.9,307.2,,,,,,,,,,,,,,,,,67.9,278.0,482.9,182.4,58.6,,,190.1,833.0,959.3,565.9,299.0,,,1581.8,2416.8,5119.3,3541.6,2631.4,,,1722.1,3779.3,6188.2,5166.3,4140.6,,,893.8,1534.4,2902.7,4266.1,1282.7,,,92.8,188.4,912.6,1237.6,452.3,,,,,,,,,,,,,,,,,,,,,,,,,,,,,,,,,,,,,,,,,,,,,,,,,,,,,,,,,,,,,,,,,,,,,,,,,,,,,,,,,,,,,,,,,,,,,,,,,,,,,,,,,,,,,,,,,,,,,,,,,,,,,,,,
20260903_松戸_11R,20260903,31,松戸,11,191.4,486.2,365.1,417.8,145.4,,,158.0,233.7,275.1,335.4,54.8,,,648.1,357.3,1034.8,450.7,253.7,,,507.5,503.1,1060.7,1306.8,351.8,,,856.5,614.9,576.4,1674.8,473.8,,,59.1,35.0,104.9,110.5,152.0,,,,,,,,,,,,,,,,,223.0,478.5,307.0,677.7,154.1,,,133.5,252.7,135.0,317.1,94.3,,,477.8,366.4,580.1,519.1,365.3,,,186.2,169.0,376.5,543.9,146.7,,,907.9,640.9,713.5,1024.8,849.7,,,69.3,110.8,329.5,201.9,509.9,,,,,,,,,,,,,,,,,71.2,119.1,130.2,152.5,27.5,,,50.5,100.0,63.6,101.7,35.7,,,113.1,113.3,152.8,70.6,73.0,,,164.8,90.8,237.3,342.1,126.0,,,181.4,221.9,122.0,332.3,147.6,,,10.4,25.9,56.7,66.9,70.8,,,,,,,,,,,,,,,,,461.8,325.8,856.5,293.5,237.4,,,370.4,387.1,694.8,387.1,314.1,,,197.4,240.0,315.5,156.1,151.7,,,819.1,651.4,557.7,562.2,688.0,,,99.8,173.1,124.0,390.4,87.6,,,108.1,333.0,198.0,675.6,209.6,,,,,,,,,,,,,,,,,629.5,718.3,1368.6,1674.8,537.5,,,278.1,234.7,403.0,607.8,247.6,,,552.9,302.3,619.7,1015.0,402.8,,,1331.4,662.9,740.0,730.7,1240.6,,,2073.1,952.7,1487.0,958.4,1529.9,,,338.5,435.9,402.3,974.6,1245.4,,,,,,,,,,,,,,,,,1097.3,719.9,584.4,1692.6,677.0,,,1205.3,772.3,607.8,1511.7,1257.7,,,481.4,578.0,253.6,930.4,459.8,,,297.2,371.3,198.4,646.1,275.8,,,1934.4,1583.1,1487.0,1194.0,1894.1,,,400.5,1031.5,426.5,410.6,1389.6,,,,,,,,,,,,,,,,,24.8,13.6,46.7,71.5,65.4,,,49.7,72.2,230.9,166.9,299.5,,,17.1,41.6,98.1,102.8,127.6,,,85.1,242.7,165.6,510.3,152.4,,,201.5,225.5,196.0,525.9,756.7,,,231.7,575.9,278.5,303.6,880.2,,,,,,,,,,,,,,,,,,,,,,,,,,,,,,,,,,,,,,,,,,,,,,,,,,,,,,,,,,,,,,,,,,,,,,,,,,,,,,,,,,,,,,,,,,,,,,,,,,,,,,,,,,,,,,,,,,,,,,,,,,,,,,,,
20260903_伊東_1R,20260903,37,伊東,1,10.7,30.6,51.4,91.7,114.7,,,12.3,29.8,64.5,125.7,103.4,,,109.8,86.7,155.1,186.7,546.8,,,145.1,159.6,160.9,432.4,938.4,,,423.1,464.9,404.3,681.7,1271.5,,,490.9,522.1,966.9,1469.9,1487.1,,,,,,,,,,,,,,,,,18.3,38.6,52.8,141.3,170.1,,,53.1,169.6,205.7,414.1,551.6,,,131.8,247.3,211.7,163.2,928.1,,,139.3,299.5,166.9,551.6,1042.2,,,966.9,1140.3,665.7,1718.2,2621.7,,,770.6,1042.2,1569.7,2291.0,2676.9,,,,,,,,,,,,,,,,,12.2,28.6,51.1,88.3,84.4,,,25.1,84.1,90.1,254.5,251.0,,,72.9,112.1,66.1,56.9,259.2,,,116.4,143.7,61.6,157.7,389.4,,,242.8,394.8,196.8,278.5,473.5,,,236.1,335.0,303.1,383.5,424.5,,,,,,,,,,,,,,,,,130.7,104.9,108.7,166.4,618.7,,,124.4,202.1,163.2,270.2,921.4,,,121.3,195.1,90.5,160.3,401.1,,,37.7,57.6,40.0,25.4,203.2,,,220.1,314.7,215.8,74.0,407.5,,,1469.9,1778.3,1005.1,772.9,1100.8,,,,,,,,,,,,,,,,,186.4,261.9,240.1,606.9,1367.2,,,137.6,320.6,264.3,784.8,1397.2,,,260.0,354.1,183.3,410.1,844.8,,,81.5,97.2,73.9,39.8,420.3,,,1359.9,1589.4,978.1,261.9,1382.1,,,2018.3,1986.7,1609.5,1461.5,2311.8,,,,,,,,,,,,,,,,,2155.1,1956.2,2084.4,4101.7,4623.7,,,2101.7,1856.2,1912.0,1013.1,5779.7,,,1741.8,1941.2,1021.3,1941.2,3139.5,,,1718.2,1695.3,993.3,443.0,2050.8,,,3685.6,3739.8,2034.4,574.0,2399.1,,,6202.6,4890.5,4709.3,3063.9,3063.9,,,,,,,,,,,,,,,,,924.7,1177.3,1741.8,3436.5,4541.1,,,1037.9,1522.7,3483.6,3632.9,5528.4,,,981.8,1382.1,1359.9,2067.5,2991.8,,,2192.3,3739.8,1778.3,1971.3,2354.6,,,3390.7,3139.5,2857.3,2311.8,3302.6,,,5298.0,4890.5,3581.7,3483.6,2857.3,,,,,,,,,,,,,,,,,,,,,,,,,,,,,,,,,,,,,,,,,,,,,,,,,,,,,,,,,,,,,,,,,,,,,,,,,,,,,,,,,,,,,,,,,,,,,,,,,,,,,,,,,,,,,,,,,,,,,,,,,,,,,,,,
20260903_伊東_2R,20260903,37,伊東,2,1.8,12.3,31.5,39.4,204.2,,,23.4,101.7,180.5,321.8,952.7,,,101.4,207.4,324.6,477.2,1114.8,,,158.1,277.2,368.4,483.3,1201.8,,,112.0,297.3,424.6,323.4,484.2,,,888.1,1607.3,1999.9,1758.3,922.5,,,,,,,,,,,,,,,,,4.4,19.8,46.7,54.0,344.2,,,27.4,168.0,480.7,545.8,1679.4,,,186.7,375.3,1023.4,1253.5,3969.6,,,432.3,1100.8,1658.2,1806.8,4295.0,,,289.8,864.6,1514.4,1480.2,2568.6,,,2201.6,3156.5,6549.9,6092.9,4851.8,,,,,,,,,,,,,,,,,40.5,257.6,332.4,970.3,1794.5,,,40.6,281.7,344.2,1065.0,2258.5,,,619.3,619.3,2220.3,2095.9,5695.5,,,1926.4,2673.4,4517.1,4851.8,7485.6,,,1832.1,1940.7,2448.5,4225.7,5954.4,,,4093.7,6717.8,9999.9,7939.3,9357.0,,,,,,,,,,,,,,,,,381.9,721.7,1617.2,1668.7,4093.7,,,458.8,973.9,3082.3,2360.3,7081.0,,,1082.6,1139.1,2977.2,3119.0,8451.5,,,3690.1,5346.8,5239.9,3046.4,9999.9,,,3011.4,4517.1,3638.8,3852.9,6894.6,,,6894.6,9999.9,9999.9,9999.9,9034.3,,,,,,,,,,,,,,,,,459.6,1679.4,1858.1,1845.0,4440.6,,,831.7,2298.2,2471.6,3852.9,7705.8,,,2787.2,3852.9,4093.7,6717.8,9999.9,,,3402.5,5574.4,4093.7,3493.3,9999.9,,,2360.3,3852.9,6717.8,3046.4,1247.6,,,4225.7,9999.9,8733.2,9999.9,2594.0,,,,,,,,,,,,,,,,,119.6,350.2,670.0,495.2,651.7,,,166.4,508.7,1096.2,853.4,2165.2,,,1393.6,1164.4,1758.3,4678.5,4851.8,,,1898.5,2568.6,1984.8,3011.4,5239.9,,,1110.1,1617.2,2847.7,2298.2,1746.6,,,876.2,906.5,2079.3,2339.2,1350.5,,,,,,,,,,,,,,,,,3447.3,6390.1,4943.3,6717.8,3402.5,,,3910.4,4030.7,9999.9,7939.3,8451.5,,,7485.6,9999.9,8733.2,9999.9,8451.5,,,8733.2,9999.9,9999.9,9999.9,9357.0,,,7485.6,9703.6,9999.9,9999.9,2757.8,,,2495.2,4158.6,4851.8,6549.9,2112.8,,,,,,,,,,,,,,,,,,,,,,,,,,,,,,,,,,,,,,,,,,,,,,,,,,,,,,,,,,,,,,,,,,,,,,,,,,,,,,,,,,,,,,,,,,,,,,,,,,,,,,,,,,,,,,,,,,,,,,,,,,,,,,,,
20260903_伊東_3R,20260903,37,伊東,3,6.6,31.7,15.6,2.2,69.8,,,20.5,17.1,67.5,104.1,147.8,,,139.1,71.0,299.6,371.2,361.8,,,166.0,323.4,474.5,235.7,542.4,,,53.3,324.6,665.2,155.7,581.0,,,488.0,690.6,1031.6,1021.9,920.8,,,,,,,,,,,,,,,,,29.6,92.1,41.7,13.7,196.9,,,78.6,355.8,432.9,356.6,1156.0,,,429.5,692.1,1352.6,1207.3,2345.2,,,322.1,840.1,1309.2,662.5,1552.3,,,142.1,466.3,973.1,469.0,1244.2,,,1468.4,3018.4,4179.4,3704.4,3360.7,,,,,,,,,,,,,,,,,29.8,46.6,101.6,212.3,227.1,,,44.4,161.0,270.7,292.6,721.2,,,69.8,105.3,357.0,425.0,300.7,,,637.9,888.2,1108.8,1689.0,2012.3,,,726.0,821.1,1352.6,1724.8,2469.6,,,1135.8,1906.3,1399.1,2546.8,3292.8,,,,,,,,,,,,,,,,,502.3,317.1,1083.0,1442.4,1516.2,,,707.1,744.2,2050.2,1724.8,2488.5,,,219.3,328.2,714.8,913.1,668.0,,,2672.0,3292.8,3018.4,3395.7,3975.5,,,4179.4,2963.5,2650.3,3662.8,5093.6,,,3880.8,3018.4,1771.7,4233.6,4865.5,,,,,,,,,,,,,,,,,737.5,973.1,2910.6,1841.7,2910.6,,,806.9,2217.6,4794.0,2694.1,5433.2,,,1417.3,2414.7,3662.8,6791.5,5821.3,,,4289.3,5433.2,4289.3,5015.2,8578.7,,,2672.0,3164.9,7761.7,4591.4,2694.1,,,5015.2,9314.1,7581.2,9999.9,3835.2,,,,,,,,,,,,,,,,,531.8,1336.0,3505.3,1841.7,4074.9,,,445.9,1417.3,3227.6,1423.5,4527.6,,,1530.4,1654.7,2910.6,6936.0,6936.0,,,7244.3,6269.1,4405.3,5927.1,9999.9,,,2217.6,2432.7,6652.9,4591.4,2507.6,,,4939.3,7086.8,9055.3,9999.9,3835.2,,,,,,,,,,,,,,,,,1358.3,2328.5,3704.4,4233.6,3835.2,,,2076.3,5174.5,8149.8,8810.6,7581.2,,,2507.6,4233.6,2587.2,7244.3,7086.8,,,5174.5,8149.8,3975.5,9999.9,9999.9,,,5344.1,9999.9,8810.6,9999.9,4074.9,,,4724.5,6936.0,8149.8,9999.9,3927.6,,,,,,,,,,,,,,,,,,,,,,,,,,,,,,,,,,,,,,,,,,,,,,,,,,,,,,,,,,,,,,,,,,,,,,,,,,,,,,,,,,,,,,,,,,,,,,,,,,,,,,,,,,,,,,,,,,,,,,,,,,,,,,,,
20260903_伊東_4R,20260903,37,伊東,4,20.0,102.8,75.6,51.7,111.9,,,26.7,28.3,65.2,59.5,96.4,,,284.6,158.9,331.9,317.9,371.0,,,88.6,90.4,149.5,7.5,74.9,,,25.5,23.1,56.5,2.6,37.7,,,127.0,112.3,227.6,90.5,90.1,,,,,,,,,,,,,,,,,159.7,495.7,329.3,260.1,521.2,,,212.6,183.9,853.1,468.0,858.1,,,1173.9,707.1,3334.9,2905.7,3025.5,,,784.7,1943.5,3965.9,1340.0,3025.5,,,506.8,922.8,1982.9,1001.6,2052.3,,,1310.1,1686.6,3057.0,3297.5,3025.5,,,,,,,,,,,,,,,,,183.0,216.7,453.6,386.6,710.6,,,192.4,139.3,583.4,490.7,715.8,,,450.8,323.9,917.1,937.6,795.3,,,1474.7,2010.1,1822.8,1905.7,2795.0,,,722.8,1133.1,1321.9,1410.9,2329.2,,,1474.7,1677.0,1845.7,2964.4,2964.4,,,,,,,,,,,,,,,,,1893.4,1686.6,2096.2,1561.0,2717.4,,,2425.4,1193.0,7723.1,5059.9,5869.5,,,1834.2,1082.9,3668.4,2667.9,3668.4,,,3025.5,8385.1,5240.7,3965.9,7723.1,,,2508.3,3714.9,3260.8,3861.5,4020.2,,,3762.5,5869.5,4380.2,6825.1,4585.6,,,,,,,,,,,,,,,,,528.7,499.9,724.6,78.4,421.6,,,1040.7,2366.7,4733.5,1552.8,4658.4,,,1482.2,2529.9,3373.3,1930.7,4515.0,,,2010.1,8631.7,4658.4,3089.2,5754.5,,,92.1,919.9,712.3,946.7,462.1,,,702.1,4076.1,1746.9,3535.8,677.7,,,,,,,,,,,,,,,,,121.7,114.5,262.9,12.5,114.7,,,488.3,808.4,2366.7,741.1,1881.2,,,646.4,1033.3,1384.3,1178.6,2310.8,,,1544.6,4446.6,1956.5,2386.0,3762.5,,,45.5,573.2,402.0,843.3,292.8,,,302.5,1658.0,968.5,1869.2,455.7,,,,,,,,,,,,,,,,,404.2,341.6,285.2,151.8,103.8,,,797.4,784.7,1857.4,2010.1,1696.4,,,848.2,1141.9,1082.9,1505.0,1202.7,,,1612.5,2768.6,2223.3,2206.6,1930.7,,,335.4,1612.5,889.3,1193.0,325.0,,,126.6,878.6,635.2,348.5,156.7,,,,,,,,,,,,,,,,,,,,,,,,,,,,,,,,,,,,,,,,,,,,,,,,,,,,,,,,,,,,,,,,,,,,,,,,,,,,,,,,,,,,,,,,,,,,,,,,,,,,,,,,,,,,,,,,,,,,,,,,,,,,,,,,
20260903_伊東_5R,20260903,37,伊東,5,20.3,11.6,5.6,41.4,81.3,,,61.1,76.5,107.4,86.2,409.4,,,6.3,18.0,11.9,65.7,104.9,,,24.2,91.6,69.5,164.2,140.0,,,98.8,98.8,195.2,268.9,565.0,,,486.9,1118.3,723.9,563.0,1070.3,,,,,,,,,,,,,,,,,51.7,26.5,17.5,107.3,146.3,,,170.7,441.2,251.9,312.7,951.0,,,103.8,317.9,171.1,439.4,620.1,,,24.6,82.6,77.3,177.1,18.1,,,387.9,479.0,774.0,568.9,1613.5,,,849.0,1663.1,1629.7,484.0,2420.3,,,,,,,,,,,,,,,,,231.1,275.5,402.3,339.6,1743.6,,,297.2,862.5,411.5,497.4,1791.8,,,458.0,1175.0,1019.8,733.7,2680.3,,,616.5,562.0,1158.2,752.4,1428.7,,,264.9,313.3,434.1,251.9,775.8,,,3603.5,3563.9,4567.8,3860.9,2948.3,,,,,,,,,,,,,,,,,123.8,216.6,180.2,406.9,653.8,,,260.4,1066.8,556.2,1130.0,2052.6,,,639.6,1743.6,1663.1,1403.9,5147.9,,,596.1,725.5,1680.4,1734.3,2316.5,,,1508.4,1663.1,1965.5,2300.1,6756.6,,,2702.6,4003.9,5591.7,3815.5,7050.4,,,,,,,,,,,,,,,,,172.5,598.3,368.1,1106.8,703.5,,,103.6,225.0,228.0,399.9,111.5,,,1007.2,719.1,1441.4,1397.9,1698.0,,,564.0,587.5,1374.2,1706.9,1654.6,,,2039.7,1351.3,1919.0,2133.6,1811.8,,,1088.3,541.4,1977.5,1762.6,1574.3,,,,,,,,,,,,,,,,,737.0,639.6,1106.8,1374.2,2283.9,,,838.0,890.9,1428.7,945.5,2948.3,,,457.4,539.6,674.2,627.3,1233.1,,,1501.4,1480.9,1544.3,2236.6,4633.1,,,2176.6,1885.5,1671.7,2402.3,2176.6,,,4633.1,5316.7,3815.5,6756.6,3059.6,,,,,,,,,,,,,,,,,2771.9,6618.7,2680.3,3450.2,6486.4,,,2795.8,5689.8,5496.9,1582.0,7721.9,,,6119.2,7050.4,9999.9,8108.0,8108.0,,,3815.5,5147.9,9538.8,5689.8,9999.9,,,3059.6,1544.3,5405.3,5791.4,3487.3,,,6618.7,9538.8,7542.3,9999.9,3603.5,,,,,,,,,,,,,,,,,,,,,,,,,,,,,,,,,,,,,,,,,,,,,,,,,,,,,,,,,,,,,,,,,,,,,,,,,,,,,,,,,,,,,,,,,,,,,,,,,,,,,,,,,,,,,,,,,,,,,,,,,,,,,,,,
20260903_伊東_6R,20260903,37,伊東,6,6.0,14.3,61.2,53.3,98.9,,,19.4,12.6,24.3,94.9,244.5,,,48.9,25.1,172.9,219.5,449.4,,,379.8,233.7,388.5,901.0,918.9,,,240.6,226.9,361.6,898.8,445.6,,,736.2,984.8,1440.9,2153.0,781.2,,,,,,,,,,,,,,,,,45.7,73.6,188.0,148.6,210.4,,,135.8,213.9,470.5,586.8,1290.3,,,247.8,291.1,867.2,656.5,1833.2,,,871.3,1095.6,1381.7,1870.2,3817.7,,,639.5,896.6,1070.2,2300.1,1435.3,,,1366.4,3192.3,4256.5,5527.1,2626.3,,,,,,,,,,,,,,,,,25.4,16.0,33.2,118.7,286.6,,,67.3,79.2,132.0,332.7,680.7,,,13.9,30.3,14.7,84.9,183.2,,,62.2,125.6,47.6,163.2,286.4,,,311.1,433.6,267.3,369.5,754.2,,,1322.5,1806.4,863.2,1361.4,1511.4,,,,,,,,,,,,,,,,,61.0,54.1,259.8,321.1,543.7,,,211.3,216.0,580.4,817.4,1179.3,,,26.8,59.6,39.1,136.1,306.5,,,533.5,1046.0,270.8,1073.3,982.2,,,758.8,776.3,466.9,1327.3,787.9,,,2230.8,3493.5,1530.2,3560.7,1980.3,,,,,,,,,,,,,,,,,1797.6,1079.6,1899.0,4256.5,5786.2,,,1675.6,1833.2,2468.7,5072.8,5878.0,,,721.8,1070.2,462.8,1549.4,2034.7,,,1938.8,2664.1,598.2,3085.9,4408.5,,,5786.2,5786.2,3085.9,3336.1,2553.9,,,8817.0,7879.0,4516.0,6496.7,3939.5,,,,,,,,,,,,,,,,,386.5,515.0,601.1,1824.2,641.7,,,593.4,787.9,1000.8,1575.8,1076.5,,,547.8,748.1,428.1,974.5,903.2,,,845.4,1108.7,619.2,1842.3,1194.5,,,3630.5,4069.4,2420.3,2045.9,2153.0,,,499.0,548.6,521.5,520.8,781.2,,,,,,,,,,,,,,,,,1990.9,2939.0,2743.0,6733.0,1815.2,,,2826.8,4408.5,5786.2,8050.3,3010.7,,,3277.1,4306.0,2893.1,3939.5,2420.3,,,3460.9,5527.1,3493.5,6171.9,3035.3,,,9032.1,9999.9,4872.5,7406.3,2939.0,,,995.4,1055.0,921.1,1052.0,1202.3,,,,,,,,,,,,,,,,,,,,,,,,,,,,,,,,,,,,,,,,,,,,,,,,,,,,,,,,,,,,,,,,,,,,,,,,,,,,,,,,,,,,,,,,,,,,,,,,,,,,,,,,,,,,,,,,,,,,,,,,,,,,,,,,
20260903_伊東_7R,20260903,37,伊東,7,18.4,12.0,11.9,48.8,180.3,,,35.4,76.3,57.9,116.4,135.8,,,40.5,101.5,85.8,170.0,416.4,,,7.3,18.0,25.1,23.7,124.1,,,133.6,211.6,262.2,127.9,439.0,,,409.5,451.5,905.9,363.8,458.5,,,,,,,,,,,,,,,,,50.6,30.4,18.4,62.0,318.4,,,65.2,67.6,161.8,127.8,149.5,,,32.1,53.1,78.9,28.3,263.4,,,47.8,184.1,141.2,159.7,898.6,,,193.0,328.3,145.5,316.4,737.4,,,1162.0,1093.3,1465.0,2144.5,1264.7,,,,,,,,,,,,,,,,,61.8,210.0,57.3,196.4,150.3,,,65.6,97.1,119.4,177.4,145.5,,,462.8,344.6,699.0,627.8,811.5,,,149.4,290.1,542.6,434.7,522.8,,,609.7,697.9,1144.1,1034.7,620.8,,,238.9,256.0,420.3,345.1,208.0,,,,,,,,,,,,,,,,,322.3,870.4,552.8,1029.9,2017.8,,,221.1,367.4,482.5,320.7,1006.6,,,1123.8,648.0,1834.3,1819.3,2452.5,,,819.0,1121.0,2103.8,2084.1,4439.1,,,1865.2,1082.7,2723.4,2706.8,3551.3,,,4148.7,3730.4,5161.8,5413.6,4987.8,,,,,,,,,,,,,,,,,50.1,79.2,138.3,88.5,432.2,,,130.4,461.9,398.8,530.3,1700.8,,,278.1,640.5,1283.0,814.5,1450.7,,,591.1,868.7,1579.7,1913.4,3312.8,,,464.3,1088.0,1585.4,2219.5,2134.2,,,1333.0,4672.8,3240.2,4825.2,3104.3,,,,,,,,,,,,,,,,,503.8,784.3,1080.0,408.3,1557.6,,,679.8,1254.0,848.7,1147.0,3126.1,,,1196.5,1427.3,1857.4,1720.6,1775.6,,,1913.4,1029.9,2658.1,2425.7,3495.4,,,605.6,1602.5,1754.6,1857.4,2208.5,,,3061.5,4072.6,2253.3,3928.4,2740.2,,,,,,,,,,,,,,,,,3216.8,1990.6,3312.8,1747.7,3928.4,,,3104.3,3019.8,5222.5,6165.5,5691.2,,,1489.6,2425.7,2723.4,2027.0,1596.8,,,4624.1,5284.7,4576.4,7927.1,7159.9,,,1905.2,6936.2,3288.2,7277.3,4624.1,,,4072.6,6081.0,2493.9,5918.9,4309.8,,,,,,,,,,,,,,,,,,,,,,,,,,,,,,,,,,,,,,,,,,,,,,,,,,,,,,,,,,,,,,,,,,,,,,,,,,,,,,,,,,,,,,,,,,,,,,,,,,,,,,,,,,,,,,,,,,,,,,,,,,,,,,,,
20260903_富山_1R,20260903,46,富山,1,392.0,106.9,47.9,211.9,111.1,,,808.5,1560.6,394.7,979.6,494.6,,,330.0,1094.1,264.0,667.7,412.5,,,11.6,58.2,35.8,20.5,11.0,,,357.9,1109.1,771.3,213.6,489.8,,,71.5,124.0,228.2,31.2,188.7,,,,,,,,,,,,,,,,,783.3,120.4,61.4,289.2,255.6,,,1485.7,1170.4,1258.2,1432.8,1112.2,,,71.3,316.7,51.2,80.7,175.4,,,40.2,402.6,56.8,134.9,176.1,,,428.3,1508.0,444.4,531.1,1134.1,,,302.9,417.2,265.4,265.7,459.1,,,,,,,,,,,,,,,,,2470.1,2938.9,938.5,2597.6,1320.1,,,2440.2,2141.6,2108.0,1789.5,1393.2,,,3170.3,2757.7,2960.5,2212.2,2548.3,,,1004.0,2108.0,2597.6,2141.6,929.8,,,2815.6,2200.2,2684.2,2815.6,1127.8,,,622.3,755.4,1021.9,467.0,588.6,,,,,,,,,,,,,,,,,816.7,2835.4,616.5,1698.8,1360.2,,,430.1,977.2,314.0,410.0,647.3,,,3355.3,2287.7,3050.2,2739.0,3121.2,,,509.6,492.8,2455.1,1227.5,1231.3,,,2485.4,1134.1,2917.6,1789.5,2835.4,,,1548.6,1109.1,2581.0,1360.2,2382.4,,,,,,,,,,,,,,,,,8.3,64.4,25.8,22.1,13.1,,,20.7,283.1,49.8,118.0,83.2,,,339.7,765.4,1103.1,1035.0,440.5,,,99.3,113.5,778.7,328.6,220.7,,,131.7,344.4,940.7,455.9,377.7,,,37.2,95.0,180.8,204.2,205.1,,,,,,,,,,,,,,,,,477.0,1758.2,1388.4,377.7,900.7,,,505.8,1691.7,684.7,775.7,1374.1,,,2548.3,2200.2,1855.4,2212.2,1713.3,,,1926.4,921.3,2064.8,1298.8,2314.0,,,311.1,583.5,1412.7,806.8,721.5,,,963.2,1198.3,1134.1,2003.1,858.5,,,,,,,,,,,,,,,,,153.0,115.0,330.3,30.0,198.4,,,236.2,394.3,222.6,211.8,493.4,,,138.2,200.7,280.5,119.6,156.8,,,805.2,637.0,1065.1,708.8,1079.4,,,31.0,149.0,122.6,298.2,169.4,,,583.5,960.9,467.0,1258.2,424.7,,,,,,,,,,,,,,,,,,,,,,,,,,,,,,,,,,,,,,,,,,,,,,,,,,,,,,,,,,,,,,,,,,,,,,,,,,,,,,,,,,,,,,,,,,,,,,,,,,,,,,,,,,,,,,,,,,,,,,,,,,,,,,,,
20260903_富山_2R,20260903,46,富山,2,216.1,138.5,137.2,461.1,108.5,,,133.1,30.1,54.2,95.7,153.4,,,97.8,26.0,42.9,123.2,65.3,,,49.0,32.4,28.7,113.1,61.1,,,789.0,361.0,345.9,442.8,543.3,,,71.1,165.3,81.5,82.3,323.9,,,,,,,,,,,,,,,,,568.9,267.6,288.4,965.3,177.3,,,836.9,545.3,1196.6,995.1,496.7,,,393.4,380.5,701.1,931.1,200.5,,,338.7,1259.0,928.1,545.3,603.3,,,1703.4,1477.5,1626.9,1856.3,825.0,,,102.8,154.8,93.8,209.0,299.1,,,,,,,,,,,,,,,,,339.4,53.9,127.1,153.9,217.9,,,600.8,377.0,931.1,681.3,642.1,,,25.3,103.4,76.8,20.9,70.1,,,320.6,778.4,276.5,504.5,746.3,,,204.6,416.6,75.5,420.3,450.3,,,354.4,571.1,213.2,691.1,550.5,,,,,,,,,,,,,,,,,110.4,31.3,49.4,124.5,63.6,,,208.1,174.3,376.0,481.0,154.4,,,16.2,60.4,63.9,16.6,40.2,,,160.4,402.7,215.3,415.4,375.1,,,258.3,588.6,116.3,448.9,427.1,,,90.0,103.0,91.9,275.5,259.9,,,,,,,,,,,,,,,,,214.5,171.8,127.2,419.6,222.9,,,335.5,1565.3,1068.6,626.8,904.9,,,460.3,1101.1,547.4,934.1,1304.4,,,286.1,891.0,449.6,931.1,799.9,,,1485.0,2280.2,1970.0,1664.3,1617.8,,,313.4,394.0,1353.2,971.7,567.8,,,,,,,,,,,,,,,,,1693.5,815.7,624.1,1372.4,1211.6,,,2068.5,1524.1,1591.1,2262.4,1832.8,,,489.1,899.3,178.8,1118.1,952.6,,,448.9,1092.7,218.5,1016.1,758.0,,,1664.3,2145.1,1930.6,1196.6,1765.8,,,1153.7,1500.4,1703.4,904.9,2053.8,,,,,,,,,,,,,,,,,82.9,170.0,85.6,108.3,356.2,,,49.8,66.1,44.3,100.9,157.9,,,253.8,257.8,150.3,585.0,304.8,,,84.5,77.9,69.8,311.3,276.5,,,247.7,284.4,774.3,550.5,451.7,,,655.1,733.1,720.3,566.7,1053.0,,,,,,,,,,,,,,,,,,,,,,,,,,,,,,,,,,,,,,,,,,,,,,,,,,,,,,,,,,,,,,,,,,,,,,,,,,,,,,,,,,,,,,,,,,,,,,,,,,,,,,,,,,,,,,,,,,,,,,,,,,,,,,,,
20260903_富山_3R,20260903,46,富山,3,133.6,26.7,28.5,154.5,97.1,,,377.6,577.2,150.8,377.6,421.5,,,49.3,389.4,59.9,301.3,156.4,,,9.5,14.9,16.0,3.4,27.6,,,289.9,188.3,454.5,54.0,383.7,,,143.8,300.9,233.1,103.4,303.4,,,,,,,,,,,,,,,,,316.2,66.0,67.6,482.3,337.1,,,1345.0,1890.8,2438.6,3143.7,4014.3,,,70.2,484.1,117.8,486.8,191.7,,,141.0,959.3,314.7,533.6,988.3,,,1175.3,2635.6,2558.1,1311.2,3106.3,,,672.5,2461.6,593.0,1266.6,2583.4,,,,,,,,,,,,,,,,,2609.3,3106.3,611.0,1824.6,2230.1,,,3143.7,4577.7,3302.9,3781.6,5672.4,,,4577.7,6068.1,4923.2,3781.6,6068.1,,,703.3,5325.1,3894.4,1799.5,3034.0,,,2268.9,4422.5,3433.3,2662.5,4208.5,,,3106.3,6523.2,5436.0,4348.8,5436.0,,,,,,,,,,,,,,,,,146.8,935.2,169.2,864.0,550.4,,,92.9,597.0,150.8,741.2,247.0,,,2635.6,1751.2,3479.0,3106.3,3574.3,,,350.7,442.2,1918.6,995.9,1134.4,,,2393.8,2899.2,2635.6,2104.2,4744.2,,,1091.7,641.1,2662.5,1208.0,3069.7,,,,,,,,,,,,,,,,,31.2,25.0,57.3,6.3,51.1,,,118.8,675.9,452.2,439.2,634.8,,,186.1,1387.9,1433.6,578.5,1219.3,,,360.9,595.7,1739.5,833.6,1380.5,,,40.3,399.5,250.1,548.1,350.7,,,230.3,788.3,1186.0,1096.3,647.4,,,,,,,,,,,,,,,,,1196.9,1087.2,2104.2,268.4,1918.6,,,1728.0,3433.3,3837.2,1787.1,4659.4,,,1932.8,3479.0,2609.3,2461.6,3479.0,,,3034.0,4923.2,3143.7,2746.6,4498.8,,,220.0,1191.4,1003.5,1581.4,1317.8,,,2999.2,4014.3,4498.8,4498.8,2508.9,,,,,,,,,,,,,,,,,429.8,945.4,688.4,251.3,941.9,,,621.2,2087.4,653.9,912.3,2372.1,,,2087.4,3261.6,2775.8,2805.7,4014.3,,,1311.2,1031.3,2558.1,1932.8,3624.0,,,337.1,795.5,1208.0,973.6,828.3,,,2121.3,3388.7,3624.0,3727.5,1553.1,,,,,,,,,,,,,,,,,,,,,,,,,,,,,,,,,,,,,,,,,,,,,,,,,,,,,,,,,,,,,,,,,,,,,,,,,,,,,,,,,,,,,,,,,,,,,,,,,,,,,,,,,,,,,,,,,,,,,,,,,,,,,,,,
20260903_富山_4R,20260903,46,富山,4,709.2,294.4,930.2,900.9,972.5,,,467.6,40.1,101.6,197.8,276.6,,,54.9,6.4,15.4,4.0,12.4,,,615.7,123.1,79.0,326.6,387.2,,,555.7,222.4,45.3,339.1,192.9,,,817.7,460.9,99.0,643.5,307.8,,,,,,,,,,,,,,,,,1277.4,409.5,1678.1,1510.3,2252.2,,,1614.8,1711.7,1316.7,3517.2,4209.1,,,386.6,1172.4,1052.2,1820.9,1484.1,,,2175.9,1365.7,1625.0,4011.8,3667.9,,,3721.1,3832.2,3616.3,5349.1,4426.8,,,2821.5,3950.1,2422.2,4209.1,4011.8,,,,,,,,,,,,,,,,,792.4,81.1,155.6,355.6,598.5,,,1458.8,1594.7,847.3,2139.6,2399.6,,,113.4,972.5,122.9,561.8,425.0,,,93.9,332.1,109.0,430.0,395.6,,,807.4,3131.2,940.5,1565.6,3566.1,,,1537.4,3832.2,900.9,1458.8,3291.7,,,,,,,,,,,,,,,,,76.0,9.9,22.6,10.5,24.4,,,310.8,289.1,266.9,705.3,354.1,,,68.1,396.2,57.7,306.3,234.2,,,93.8,239.2,33.9,296.4,173.1,,,146.8,1161.8,483.5,787.6,579.5,,,243.3,900.9,398.0,437.4,723.2,,,,,,,,,,,,,,,,,864.5,200.2,140.6,537.1,651.6,,,1556.1,1078.8,1264.8,3020.7,3020.7,,,106.4,346.9,103.1,471.1,437.4,,,193.3,663.4,115.2,719.2,494.7,,,2157.6,3667.9,1901.9,1484.1,1770.7,,,2399.6,3093.4,1645.8,1167.0,2790.8,,,,,,,,,,,,,,,,,2567.5,940.5,261.9,2917.7,1344.2,,,4141.2,3950.1,5349.1,5462.9,6113.3,,,1141.1,3093.4,1002.9,3721.1,4504.5,,,302.7,3616.3,1014.8,2334.1,1990.3,,,2399.6,6113.3,4209.1,2852.8,4279.3,,,2054.0,3131.2,4584.9,2292.4,3667.9,,,,,,,,,,,,,,,,,3517.2,1711.7,435.9,2593.5,1365.7,,,4279.3,4668.3,2821.5,4504.5,5835.4,,,2884.9,5349.1,1290.2,3890.2,5462.9,,,522.9,2951.2,737.8,1035.3,1689.2,,,4141.2,5135.1,3667.9,1418.5,4141.2,,,2157.6,5349.1,4504.5,2422.2,3775.8,,,,,,,,,,,,,,,,,,,,,,,,,,,,,,,,,,,,,,,,,,,,,,,,,,,,,,,,,,,,,,,,,,,,,,,,,,,,,,,,,,,,,,,,,,,,,,,,,,,,,,,,,,,,,,,,,,,,,,,,,,,,,,,,
20260903_富山_5R,20260903,46,富山,5,456.4,261.4,290.3,928.9,714.1,,,394.7,95.9,315.8,420.3,192.0,,,46.9,19.8,15.2,12.2,24.8,,,117.8,272.2,64.0,415.7,334.5,,,1175.5,623.6,167.0,846.0,1436.0,,,587.7,135.4,104.0,358.0,835.4,,,,,,,,,,,,,,,,,2059.4,795.4,983.9,2710.9,2159.9,,,2919.4,1681.4,2604.6,3906.9,3450.2,,,686.4,1383.6,765.6,1600.4,2310.1,,,501.2,1075.5,519.9,1509.4,1535.6,,,4830.3,3850.2,3590.1,4660.8,5109.0,,,3362.9,2554.5,2951.8,2604.6,6479.7,,,,,,,,,,,,,,,,,1553.6,201.5,903.6,1021.8,606.5,,,2393.4,1629.8,2195.6,2604.6,2630.3,,,170.4,987.6,744.1,586.4,421.0,,,1420.6,1997.5,1145.1,2604.6,1783.0,,,1681.4,3018.9,1160.1,3639.3,4087.2,,,459.6,1277.2,278.1,825.0,2159.9,,,,,,,,,,,,,,,,,26.9,10.2,7.1,3.9,22.3,,,129.2,400.1,267.8,415.1,721.9,,,53.0,229.2,215.1,177.8,154.0,,,26.9,95.5,211.5,83.3,342.8,,,34.8,185.9,211.3,116.4,391.8,,,70.7,718.0,168.5,369.4,360.9,,,,,,,,,,,,,,,,,274.1,521.9,89.3,697.2,765.6,,,238.6,507.0,176.4,843.3,669.1,,,973.1,1037.7,586.4,1819.6,1553.6,,,65.6,191.9,318.1,239.7,483.9,,,2195.6,2604.6,3450.2,1097.8,2796.5,,,1302.3,1535.6,1097.8,980.3,3018.9,,,,,,,,,,,,,,,,,3542.2,1725.1,370.5,3362.9,5534.7,,,5534.7,3795.2,3906.9,6991.3,9999.9,,,2177.6,3741.8,1398.2,6641.7,6325.4,,,293.5,2075.5,1135.3,1355.4,3741.8,,,3639.3,5421.8,6325.4,1939.1,4285.0,,,6479.7,5775.4,5903.7,6178.3,4151.0,,,,,,,,,,,,,,,,,1283.4,253.0,156.4,598.3,1844.9,,,2951.8,2530.1,2415.1,2683.5,6325.4,,,226.8,693.6,144.7,473.5,1383.6,,,131.5,1130.5,243.9,674.2,614.9,,,1093.2,1629.8,1125.7,942.0,3089.1,,,4502.8,5421.8,5775.4,4216.9,3639.3,,,,,,,,,,,,,,,,,,,,,,,,,,,,,,,,,,,,,,,,,,,,,,,,,,,,,,,,,,,,,,,,,,,,,,,,,,,,,,,,,,,,,,,,,,,,,,,,,,,,,,,,,,,,,,,,,,,,,,,,,,,,,,,,
20260903_富山_6R,20260903,46,富山,6,204.0,113.6,276.7,180.6,43.8,,,295.6,371.9,288.2,1145.1,266.7,,,84.9,222.1,188.4,470.3,100.5,,,288.8,310.8,387.3,1493.3,355.4,,,739.0,1600.6,1392.8,2162.0,1034.6,,,48.0,218.4,166.8,293.5,491.0,,,,,,,,,,,,,,,,,141.0,99.9,243.2,134.4,37.1,,,191.3,521.0,184.0,353.7,66.6,,,357.2,975.4,793.7,694.7,280.1,,,380.1,242.0,683.2,501.2,130.5,,,247.6,486.0,604.8,649.5,91.8,,,8.9,11.9,44.3,22.9,9.9,,,,,,,,,,,,,,,,,422.3,514.5,351.5,1557.5,389.9,,,354.1,877.9,203.3,649.5,128.7,,,1118.5,1549.2,1131.6,2299.3,1549.2,,,155.8,77.0,315.5,727.9,91.5,,,2519.2,1734.8,2707.5,2336.3,2178.2,,,279.3,93.0,696.4,155.3,919.7,,,,,,,,,,,,,,,,,401.2,764.4,811.5,1287.6,364.4,,,956.1,2299.3,2519.2,2130.2,872.6,,,1557.5,1600.6,2084.2,3408.3,2336.3,,,1674.6,2541.3,2084.2,2812.7,1222.4,,,3115.1,3714.2,3368.7,3255.1,4995.0,,,949.8,880.5,2414.2,2986.7,4324.0,,,,,,,,,,,,,,,,,427.9,274.0,570.2,2336.3,393.6,,,447.7,183.9,985.4,913.9,136.0,,,139.1,76.7,328.0,616.4,90.6,,,1293.3,1906.0,1101.5,2633.7,1600.6,,,4457.1,3762.4,2926.3,2986.7,2211.5,,,255.2,119.4,150.7,1005.9,820.7,,,,,,,,,,,,,,,,,1406.3,2926.3,3448.9,5912.4,1893.5,,,1212.1,1532.8,2586.7,3049.6,424.7,,,3408.3,2146.0,3292.1,4828.5,2812.7,,,4910.3,4672.7,3714.2,3292.1,6035.6,,,5680.6,4080.4,5794.2,3255.1,3082.0,,,1674.6,470.3,2317.6,4260.4,2355.3,,,,,,,,,,,,,,,,,56.6,110.4,138.4,146.7,296.8,,,13.0,12.6,55.0,16.5,13.6,,,97.9,35.3,343.2,56.1,418.0,,,397.4,341.6,816.0,956.1,1822.0,,,134.7,67.0,64.9,498.6,442.9,,,673.7,222.5,919.7,1931.4,1061.2,,,,,,,,,,,,,,,,,,,,,,,,,,,,,,,,,,,,,,,,,,,,,,,,,,,,,,,,,,,,,,,,,,,,,,,,,,,,,,,,,,,,,,,,,,,,,,,,,,,,,,,,,,,,,,,,,,,,,,,,,,,,,,,,
20260903_富山_7R,20260903,46,富山,7,433.5,302.6,575.2,695.0,379.1,,,285.4,266.9,181.4,80.1,82.9,,,369.7,436.4,531.7,651.7,349.3,,,450.1,223.1,316.5,382.5,136.7,,,596.4,121.3,568.4,409.2,241.6,,,138.2,53.0,104.5,38.3,99.2,,,,,,,,,,,,,,,,,278.3,143.5,496.3,458.1,265.3,,,217.9,102.1,747.3,165.9,245.4,,,37.2,42.8,162.0,66.3,62.2,,,1232.8,1759.6,894.0,1852.2,1817.4,,,454.8,180.2,152.2,1209.7,393.4,,,160.7,355.8,148.6,1221.1,492.5,,,,,,,,,,,,,,,,,126.3,113.2,88.0,26.7,41.1,,,176.3,128.0,503.4,105.5,214.7,,,186.1,172.3,476.7,135.0,279.1,,,316.7,1021.4,714.2,341.6,632.5,,,13.5,46.0,44.3,87.8,21.0,,,46.9,188.9,185.0,250.7,48.8,,,,,,,,,,,,,,,,,172.5,357.7,514.0,484.5,232.6,,,89.1,101.7,393.8,166.4,130.2,,,368.6,237.4,783.6,311.6,485.1,,,910.8,1066.4,1256.8,1560.9,1418.0,,,576.9,289.9,284.2,1273.4,737.3,,,253.0,253.0,598.3,1198.5,750.2,,,,,,,,,,,,,,,,,1093.5,604.8,757.5,975.1,397.8,,,1767.6,2765.1,1759.6,3024.3,2910.6,,,798.1,2598.1,1697.8,1281.8,1945.3,,,1236.7,1775.7,1879.2,2048.2,2450.1,,,1506.2,3147.2,1512.1,2360.4,1728.2,,,572.6,2615.6,1852.2,2481.5,1870.1,,,,,,,,,,,,,,,,,325.5,85.7,309.9,296.1,175.6,,,339.2,147.1,183.1,1087.4,329.1,,,29.0,65.3,56.2,152.6,37.6,,,354.5,209.7,162.9,958.2,462.5,,,939.6,2048.2,695.0,1248.7,1162.5,,,148.7,302.9,112.5,449.6,669.7,,,,,,,,,,,,,,,,,51.5,21.4,37.3,19.1,34.6,,,114.2,243.4,115.6,852.6,361.1,,,53.8,226.7,214.4,313.7,73.3,,,175.7,239.8,368.3,775.7,506.0,,,271.6,1518.1,702.5,965.3,848.9,,,92.4,384.4,88.3,366.5,531.7,,,,,,,,,,,,,,,,,,,,,,,,,,,,,,,,,,,,,,,,,,,,,,,,,,,,,,,,,,,,,,,,,,,,,,,,,,,,,,,,,,,,,,,,,,,,,,,,,,,,,,,,,,,,,,,,,,,,,,,,,,,,,,,,
20260903_玉野_1R,20260903,61,玉野,1,168.0,81.5,169.0,586.8,831.5,,,203.5,152.3,292.5,367.9,617.1,,,67.9,99.8,97.9,295.3,463.3,,,395.4,489.7,305.4,1317.0,2009.1,,,1274.3,705.7,724.3,1709.6,1176.2,,,2184.5,1495.9,1591.0,2502.3,2202.0,,,,,,,,,,,,,,,,,309.6,131.5,232.6,936.2,1256.8,,,370.4,241.2,464.1,965.8,1775.8,,,39.8,81.2,14.0,140.3,326.5,,,161.6,252.9,55.4,644.6,882.2,,,1822.8,1638.4,766.7,1581.9,4369.0,,,2808.7,4170.5,1555.1,2621.4,5856.4,,,,,,,,,,,,,,,,,208.0,145.7,255.8,311.7,535.5,,,245.5,185.8,328.8,602.3,826.5,,,93.3,96.6,112.5,136.7,409.6,,,468.1,481.2,314.9,997.2,1512.3,,,281.1,668.0,262.1,432.1,726.2,,,979.5,2352.5,1207.2,1938.4,1512.3,,,,,,,,,,,,,,,,,32.4,31.3,26.7,82.5,196.4,,,11.7,23.5,3.0,31.0,152.6,,,47.2,54.1,64.5,97.9,250.9,,,32.0,15.0,58.1,94.8,195.2,,,196.0,165.4,237.4,215.0,655.3,,,485.4,532.4,508.7,432.1,655.3,,,,,,,,,,,,,,,,,417.6,603.6,306.5,1448.7,2219.7,,,219.3,295.3,73.5,807.1,1256.8,,,703.9,722.4,422.1,1731.1,2435.8,,,129.8,59.9,162.2,285.8,495.0,,,3024.7,2117.3,3127.8,1176.2,2502.3,,,3770.5,3200.6,5097.2,1581.9,2646.6,,,,,,,,,,,,,,,,,2991.8,1775.8,2184.5,4234.6,4108.2,,,2780.3,2184.5,1228.8,2672.3,6553.6,,,1448.7,2085.2,1699.0,3876.8,3822.9,,,1742.1,1058.6,1342.6,1529.1,3356.7,,,4300.8,3200.6,4915.2,2101.1,3770.5,,,4170.5,6881.3,4745.7,4234.6,4300.8,,,,,,,,,,,,,,,,,3989.1,3316.3,2672.3,5097.2,3621.7,,,3200.6,2837.6,1885.2,3440.6,6713.4,,,2435.8,4439.5,3092.7,5505.0,3621.7,,,1720.3,1433.6,1898.2,1390.1,2372.8,,,5097.2,4512.3,5097.2,2393.5,3356.7,,,3876.8,7243.5,3670.0,4047.8,3398.1,,,,,,,,,,,,,,,,,,,,,,,,,,,,,,,,,,,,,,,,,,,,,,,,,,,,,,,,,,,,,,,,,,,,,,,,,,,,,,,,,,,,,,,,,,,,,,,,,,,,,,,,,,,,,,,,,,,,,,,,,,,,,,,,
20260903_玉野_2R,20260903,61,玉野,2,6.3,58.8,85.1,84.1,41.9,,,4.1,56.7,62.7,90.7,31.7,,,311.4,317.6,1050.7,562.4,302.0,,,232.7,228.1,985.8,409.0,659.6,,,188.9,287.1,597.8,631.2,623.3,,,92.5,89.7,173.1,507.8,426.9,,,,,,,,,,,,,,,,,27.8,166.7,209.0,217.4,134.0,,,57.3,535.8,732.6,665.9,409.9,,,615.7,1069.9,2355.4,1387.1,1096.7,,,706.1,1146.9,2658.7,1262.4,2679.0,,,713.3,1035.2,1450.2,1487.1,1468.4,,,314.7,495.0,803.1,2076.6,1110.6,,,,,,,,,,,,,,,,,5.7,76.9,89.3,48.6,56.4,,,34.0,343.0,412.4,230.1,265.4,,,297.6,446.5,945.9,556.1,399.7,,,212.1,371.7,754.7,163.3,564.2,,,144.9,207.9,462.3,267.2,428.5,,,148.2,241.3,203.9,472.3,398.8,,,,,,,,,,,,,,,,,635.7,890.7,1790.5,1319.3,412.4,,,1017.2,1720.3,3279.9,2371.3,1403.8,,,1079.8,1588.0,2741.8,2028.6,1143.1,,,2016.9,2543.1,2679.0,1248.9,1519.2,,,1746.0,1703.6,2207.2,1381.7,1240.1,,,286.0,470.4,699.1,972.1,566.9,,,,,,,,,,,,,,,,,196.3,307.0,913.9,273.5,886.2,,,513.8,895.2,1938.9,583.9,2339.7,,,266.2,566.9,1044.5,248.2,860.1,,,1319.3,1552.9,2114.2,764.6,1210.1,,,110.8,158.2,159.0,217.1,177.0,,,1011.4,1381.7,1349.8,921.1,497.1,,,,,,,,,,,,,,,,,310.8,410.9,1271.5,676.2,1026.1,,,572.5,1114.1,2101.5,1066.7,1763.6,,,519.1,745.1,1595.2,886.2,1387.1,,,1609.8,1632.3,1809.0,785.1,953.6,,,209.5,238.2,419.3,271.6,210.7,,,434.3,504.2,839.6,395.2,321.3,,,,,,,,,,,,,,,,,72.7,81.7,116.4,530.9,410.4,,,167.2,265.2,333.6,1128.4,706.1,,,162.7,280.0,323.1,560.6,489.4,,,80.0,142.3,186.7,417.8,233.6,,,904.5,1304.6,938.3,951.1,613.5,,,613.5,719.1,668.4,554.4,560.6,,,,,,,,,,,,,,,,,,,,,,,,,,,,,,,,,,,,,,,,,,,,,,,,,,,,,,,,,,,,,,,,,,,,,,,,,,,,,,,,,,,,,,,,,,,,,,,,,,,,,,,,,,,,,,,,,,,,,,,,,,,,,,,,
20260903_玉野_3R,20260903,61,玉野,3,45.5,47.2,21.7,131.5,136.4,,,24.7,3.9,72.9,97.6,58.4,,,112.1,28.3,240.6,183.1,94.0,,,150.5,305.3,427.4,399.8,518.2,,,308.9,334.2,254.4,515.6,519.9,,,415.4,266.4,305.3,611.2,471.6,,,,,,,,,,,,,,,,,89.1,100.8,50.8,255.8,243.2,,,109.7,177.9,244.0,660.7,642.9,,,338.6,383.0,604.0,1224.8,941.9,,,126.1,222.1,399.8,294.8,507.1,,,744.9,1160.6,1924.8,724.0,1912.9,,,681.0,1143.5,1395.9,833.0,1693.4,,,,,,,,,,,,,,,,,29.5,3.4,77.4,77.5,46.0,,,72.0,142.7,231.7,545.5,484.2,,,10.2,117.7,232.8,214.3,60.8,,,388.8,637.6,734.3,1143.5,1057.6,,,377.4,1296.6,543.6,1750.8,2245.6,,,193.5,837.5,202.2,1191.9,1215.2,,,,,,,,,,,,,,,,,428.0,76.3,763.2,652.4,317.1,,,600.5,617.3,1461.7,2025.4,1639.6,,,42.5,400.3,633.7,798.6,168.6,,,2167.0,2262.0,1986.5,2312.6,3973.0,,,2197.8,3481.9,1961.3,3645.8,4625.2,,,570.7,1812.2,544.6,2499.1,2604.1,,,,,,,,,,,,,,,,,566.5,863.2,1605.6,1721.6,2843.0,,,432.8,613.6,856.0,813.3,1365.1,,,999.6,1229.7,1205.8,3262.0,4187.7,,,2330.0,2152.0,2519.4,3825.8,5343.0,,,2869.3,1684.2,3562.0,3481.9,3443.2,,,4364.7,3825.8,4491.2,5436.7,3443.2,,,,,,,,,,,,,,,,,1565.1,1036.4,1693.4,2278.6,2383.8,,,2038.7,1614.0,3068.2,1313.1,4625.2,,,1050.4,1581.0,1270.0,3825.8,4364.7,,,2671.5,4245.1,2079.8,3873.6,5080.2,,,2923.5,2152.0,2479.1,3645.8,3443.2,,,2671.5,4918.9,5343.0,5533.8,3296.7,,,,,,,,,,,,,,,,,1280.5,770.8,882.8,1693.4,1191.9,,,1229.7,3481.9,3603.4,2025.4,5436.7,,,678.1,3008.6,1054.0,4024.6,4077.5,,,1169.4,3262.0,1489.8,4998.3,4918.9,,,2479.1,4767.6,5252.4,6886.5,3332.2,,,2137.2,6076.3,6076.3,6324.3,3645.8,,,,,,,,,,,,,,,,,,,,,,,,,,,,,,,,,,,,,,,,,,,,,,,,,,,,,,,,,,,,,,,,,,,,,,,,,,,,,,,,,,,,,,,,,,,,,,,,,,,,,,,,,,,,,,,,,,,,,,,,,,,,,,,,
20260903_玉野_4R,20260903,61,玉野,4,38.6,18.2,49.1,14.6,29.1,,,66.8,92.6,183.5,118.6,483.7,,,46.8,97.5,73.3,168.3,276.3,,,166.5,335.2,225.5,433.0,688.8,,,17.0,89.8,97.0,174.2,182.7,,,273.9,1086.3,898.8,1056.1,582.2,,,,,,,,,,,,,,,,,109.8,46.3,89.4,56.8,78.0,,,209.6,392.7,556.6,469.9,1159.2,,,104.3,365.2,179.3,485.5,574.3,,,314.7,835.6,424.3,878.1,1077.1,,,148.5,562.4,616.2,831.9,741.1,,,350.4,1306.6,852.5,1068.0,772.8,,,,,,,,,,,,,,,,,51.9,79.3,129.7,93.2,379.0,,,131.8,188.1,278.5,327.4,748.4,,,26.7,57.0,16.2,95.5,387.9,,,222.3,279.3,93.2,382.5,1089.4,,,82.9,277.5,159.7,240.6,568.3,,,1254.8,1810.5,1785.0,2318.4,2391.3,,,,,,,,,,,,,,,,,56.9,65.5,53.0,208.6,413.2,,,117.0,134.6,119.4,384.0,519.4,,,26.9,45.5,11.9,115.9,371.3,,,42.6,56.3,31.0,198.6,384.8,,,274.1,382.1,237.4,297.2,1288.8,,,1413.4,1372.6,1343.5,1302.1,2376.3,,,,,,,,,,,,,,,,,351.4,463.1,320.0,870.0,1551.9,,,458.6,896.7,468.2,1590.8,1496.9,,,373.4,526.6,186.1,628.4,1901.1,,,152.5,217.3,117.0,492.5,862.1,,,1259.0,1551.9,783.9,909.6,2421.7,,,2993.8,2376.3,3066.3,2172.6,3222.2,,,,,,,,,,,,,,,,,26.2,108.5,118.5,261.8,390.3,,,127.3,469.4,606.4,1013.9,805.5,,,131.3,348.5,184.2,380.9,1387.6,,,228.7,411.9,289.3,400.6,2022.4,,,907.4,1003.2,681.4,819.4,2453.0,,,1479.4,1533.1,2924.7,3456.5,2755.2,,,,,,,,,,,,,,,,,714.7,3116.5,2304.3,3168.5,1920.3,,,868.0,3017.6,2185.1,2795.7,1939.9,,,3488.2,3091.2,3691.4,4636.8,4812.9,,,2437.3,2501.4,3488.2,3091.2,5280.8,,,4132.8,3840.6,4752.7,3919.8,4002.3,,,2124.1,2604.2,4370.3,5355.2,3520.5,,,,,,,,,,,,,,,,,,,,,,,,,,,,,,,,,,,,,,,,,,,,,,,,,,,,,,,,,,,,,,,,,,,,,,,,,,,,,,,,,,,,,,,,,,,,,,,,,,,,,,,,,,,,,,,,,,,,,,,,,,,,,,,,
20260903_玉野_5R,20260903,61,玉野,5,20.8,37.6,32.8,80.7,34.7,,,22.2,14.4,33.1,80.9,100.4,,,62.9,37.6,71.0,179.0,157.7,,,14.4,15.5,28.2,7.8,60.4,,,245.3,211.3,300.4,81.7,365.6,,,53.7,142.4,162.7,119.6,227.4,,,,,,,,,,,,,,,,,134.2,176.4,99.4,212.0,140.2,,,158.7,243.0,403.6,727.9,449.0,,,351.7,407.3,947.0,1314.5,691.4,,,201.9,626.3,947.0,552.7,565.2,,,825.6,1502.3,2183.7,1373.3,1453.2,,,141.1,287.0,261.0,302.5,429.7,,,,,,,,,,,,,,,,,61.7,35.1,58.1,183.8,200.9,,,102.4,114.4,289.5,629.3,359.3,,,28.5,57.0,82.7,168.1,125.8,,,176.8,428.7,225.9,426.9,746.9,,,617.6,1241.1,685.4,965.3,1508.0,,,340.9,434.3,296.9,755.4,986.7,,,,,,,,,,,,,,,,,332.4,154.4,332.1,759.7,605.5,,,551.2,475.1,1141.8,1707.8,1158.3,,,103.7,180.3,233.2,436.2,342.1,,,597.3,1363.9,706.0,1301.7,2148.5,,,2038.9,2682.1,1378.0,2270.6,3475.0,,,1060.0,886.1,716.1,1469.2,2482.2,,,,,,,,,,,,,,,,,71.9,93.6,130.0,27.9,177.0,,,292.3,861.2,1138.5,740.0,800.8,,,296.6,794.5,611.0,800.8,1658.2,,,492.1,1531.1,935.9,1491.1,1592.1,,,151.6,759.7,947.0,754.0,709.8,,,406.5,660.5,1314.5,1272.7,725.2,,,,,,,,,,,,,,,,,1561.0,1185.8,2070.6,471.2,2611.9,,,2059.9,3445.1,3445.1,3386.7,3074.1,,,1422.1,3222.8,2114.4,2960.2,5058.6,,,2775.2,3956.7,2283.6,3415.6,4995.4,,,348.4,2378.7,2466.8,1567.1,1480.1,,,3666.3,2938.4,2917.0,4593.5,3146.7,,,,,,,,,,,,,,,,,129.9,289.5,360.6,169.4,546.6,,,110.7,238.3,243.0,184.5,438.6,,,435.8,499.5,466.3,994.1,1469.2,,,751.1,629.3,618.6,977.1,1604.9,,,300.2,428.7,1022.0,756.8,545.9,,,1297.5,1323.2,2092.3,2350.7,1332.1,,,,,,,,,,,,,,,,,,,,,,,,,,,,,,,,,,,,,,,,,,,,,,,,,,,,,,,,,,,,,,,,,,,,,,,,,,,,,,,,,,,,,,,,,,,,,,,,,,,,,,,,,,,,,,,,,,,,,,,,,,,,,,,,
20260903_玉野_6R,20260903,61,玉野,6,32.2,26.8,16.4,78.1,40.1,,,35.5,73.7,111.3,65.8,98.2,,,18.4,45.6,41.0,119.9,22.9,,,32.9,106.5,68.4,233.3,97.0,,,217.3,173.8,406.4,470.8,384.9,,,65.6,128.3,72.4,124.6,226.8,,,,,,,,,,,,,,,,,37.6,55.7,20.2,84.2,92.5,,,48.7,198.9,47.6,79.7,419.2,,,135.0,330.2,140.5,631.8,580.2,,,11.8,28.2,46.8,73.2,154.5,,,345.4,315.7,948.3,330.4,1214.7,,,524.1,1117.7,1041.1,583.3,1546.6,,,,,,,,,,,,,,,,,48.7,133.0,142.9,78.1,158.7,,,58.4,254.2,82.5,81.9,437.5,,,280.0,612.2,537.4,586.6,1426.3,,,236.7,170.8,551.3,346.8,965.6,,,73.8,85.1,312.7,213.2,300.4,,,1211.9,1434.0,2418.3,1948.8,1667.8,,,,,,,,,,,,,,,,,97.8,168.5,170.8,450.8,140.1,,,233.2,577.6,403.6,1403.8,1179.7,,,472.9,670.9,1108.4,943.3,2283.4,,,355.6,399.7,976.2,1840.9,1840.9,,,1860.3,2343.8,1920.7,2972.3,4290.6,,,637.9,2086.4,3454.8,2608.0,4547.4,,,,,,,,,,,,,,,,,48.0,172.5,106.7,383.5,138.8,,,22.8,67.5,75.3,187.9,147.5,,,251.0,199.5,664.2,428.7,1132.0,,,225.9,270.3,644.9,1415.0,1066.2,,,814.7,713.1,962.1,1705.2,2015.3,,,755.7,876.5,2145.3,1934.7,2582.7,,,,,,,,,,,,,,,,,860.9,595.1,1374.7,1184.9,1156.6,,,1049.4,894.1,2800.2,1430.2,3694.7,,,410.2,459.4,1101.5,931.7,1662.6,,,2293.3,3022.9,2254.4,3800.3,5267.7,,,1494.5,1490.3,1673.1,3500.3,4061.4,,,3855.4,5019.3,4547.4,5600.4,4972.3,,,,,,,,,,,,,,,,,917.3,675.1,707.5,593.8,778.9,,,1272.8,3129.6,3129.6,2244.9,3669.2,,,3264.0,4793.2,6568.4,6186.5,5374.2,,,926.9,3477.4,5660.0,4361.0,5320.4,,,1602.5,2557.9,4586.6,4881.1,4508.8,,,3800.3,5429.0,4926.3,6488.3,4750.4,,,,,,,,,,,,,,,,,,,,,,,,,,,,,,,,,,,,,,,,,,,,,,,,,,,,,,,,,,,,,,,,,,,,,,,,,,,,,,,,,,,,,,,,,,,,,,,,,,,,,,,,,,,,,,,,,,,,,,,,,,,,,,,,
20260903_玉野_7R,20260903,61,玉野,7,48.5,22.2,103.6,22.7,58.3,,,70.7,102.7,67.1,51.9,88.5,,,25.4,83.3,76.8,50.4,45.1,,,143.0,95.6,113.3,111.2,141.5,,,11.7,20.7,25.3,44.5,10.9,,,87.7,132.1,55.7,115.0,47.1,,,,,,,,,,,,,,,,,114.8,35.1,139.7,67.2,80.9,,,243.9,302.6,389.7,477.5,1070.6,,,28.5,143.2,116.8,147.8,154.6,,,335.8,462.5,390.2,652.5,1351.6,,,177.0,466.5,297.9,612.2,796.9,,,616.4,1914.5,781.6,1720.2,1440.1,,,,,,,,,,,,,,,,,114.2,145.7,69.5,131.0,203.5,,,237.2,355.0,339.8,573.4,1221.7,,,190.9,276.1,208.4,635.7,897.1,,,52.2,123.0,105.2,231.3,345.3,,,276.1,670.8,938.5,525.9,1299.8,,,1113.1,2458.2,2465.7,1356.1,2193.2,,,,,,,,,,,,,,,,,62.3,261.1,224.7,179.5,157.2,,,45.1,207.2,191.4,307.9,358.1,,,366.0,410.1,594.3,1468.7,2019.0,,,505.7,454.5,678.6,1561.7,2181.4,,,440.7,610.8,1509.6,1546.9,2324.8,,,962.9,1074.8,3082.1,2473.2,3537.8,,,,,,,,,,,,,,,,,269.6,183.2,353.1,328.2,561.5,,,368.6,382.5,484.3,983.9,1816.2,,,111.5,197.4,218.8,292.0,527.3,,,747.1,868.4,658.3,1520.9,2393.2,,,411.9,803.2,514.3,1028.6,1147.6,,,1836.7,3648.8,1765.0,3874.7,2407.3,,,,,,,,,,,,,,,,,40.5,59.4,64.2,74.3,46.7,,,130.4,340.7,265.8,528.0,617.3,,,206.1,405.4,717.5,436.0,813.6,,,356.2,488.4,964.0,965.2,1207.2,,,234.2,683.2,423.1,994.7,1004.5,,,330.2,1193.1,1189.6,1289.5,1223.6,,,,,,,,,,,,,,,,,892.2,1147.6,1214.4,1506.8,519.2,,,1518.0,4730.7,2730.5,5611.6,3507.3,,,2473.2,6407.0,6357.0,3507.3,4901.7,,,2305.0,3477.3,5573.2,4992.0,4814.7,,,2958.8,6118.0,3418.8,5939.3,3715.5,,,671.3,3281.0,3267.8,3462.5,2767.6,,,,,,,,,,,,,,,,,,,,,,,,,,,,,,,,,,,,,,,,,,,,,,,,,,,,,,,,,,,,,,,,,,,,,,,,,,,,,,,,,,,,,,,,,,,,,,,,,,,,,,,,,,,,,,,,,,,,,,,,,,,,,,,,
