race_key,date,jo_code,jo_name,race_no,1-2-3,1-2-4,1-2-5,1-2-6,1-2-7,1-2-8,1-2-9,1-3-2,1-3-4,1-3-5,1-3-6,1-3-7,1-3-8,1-3-9,1-4-2,1-4-3,1-4-5,1-4-6,1-4-7,1-4-8,1-4-9,1-5-2,1-5-3,1-5-4,1-5-6,1-5-7,1-5-8,1-5-9,1-6-2,1-6-3,1-6-4,1-6-5,1-6-7,1-6-8,1-6-9,1-7-2,1-7-3,1-7-4,1-7-5,1-7-6,1-7-8,1-7-9,1-8-2,1-8-3,1-8-4,1-8-5,1-8-6,1-8-7,1-8-9,1-9-2,1-9-3,1-9-4,1-9-5,1-9-6,1-9-7,1-9-8,2-1-3,2-1-4,2-1-5,2-1-6,2-1-7,2-1-8,2-1-9,2-3-1,2-3-4,2-3-5,2-3-6,2-3-7,2-3-8,2-3-9,2-4-1,2-4-3,2-4-5,2-4-6,2-4-7,2-4-8,2-4-9,2-5-1,2-5-3,2-5-4,2-5-6,2-5-7,2-5-8,2-5-9,2-6-1,2-6-3,2-6-4,2-6-5,2-6-7,2-6-8,2-6-9,2-7-1,2-7-3,2-7-4,2-7-5,2-7-6,2-7-8,2-7-9,2-8-1,2-8-3,2-8-4,2-8-5,2-8-6,2-8-7,2-8-9,2-9-1,2-9-3,2-9-4,2-9-5,2-9-6,2-9-7,2-9-8,3-1-2,3-1-4,3-1-5,3-1-6,3-1-7,3-1-8,3-1-9,3-2-1,3-2-4,3-2-5,3-2-6,3-2-7,3-2-8,3-2-9,3-4-1,3-4-2,3-4-5,3-4-6,3-4-7,3-4-8,3-4-9,3-5-1,3-5-2,3-5-4,3-5-6,3-5-7,3-5-8,3-5-9,3-6-1,3-6-2,3-6-4,3-6-5,3-6-7,3-6-8,3-6-9,3-7-1,3-7-2,3-7-4,3-7-5,3-7-6,3-7-8,3-7-9,3-8-1,3-8-2,3-8-4,3-8-5,3-8-6,3-8-7,3-8-9,3-9-1,3-9-2,3-9-4,3-9-5,3-9-6,3-9-7,3-9-8,4-1-2,4-1-3,4-1-5,4-1-6,4-1-7,4-1-8,4-1-9,4-2-1,4-2-3,4-2-5,4-2-6,4-2-7,4-2-8,4-2-9,4-3-1,4-3-2,4-3-5,4-3-6,4-3-7,4-3-8,4-3-9,4-5-1,4-5-2,4-5-3,4-5-6,4-5-7,4-5-8,4-5-9,4-6-1,4-6-2,4-6-3,4-6-5,4-6-7,4-6-8,4-6-9,4-7-1,4-7-2,4-7-3,4-7-5,4-7-6,4-7-8,4-7-9,4-8-1,4-8-2,4-8-3,4-8-5,4-8-6,4-8-7,4-8-9,4-9-1,4-9-2,4-9-3,4-9-5,4-9-6,4-9-7,4-9-8,5-1-2,5-1-3,5-1-4,5-1-6,5-1-7,5-1-8,5-1-9,5-2-1,5-2-3,5-2-4,5-2-6,5-2-7,5-2-8,5-2-9,5-3-1,5-3-2,5-3-4,5-3-6,5-3-7,5-3-8,5-3-9,5-4-1,5-4-2,5-4-3,5-4-6,5-4-7,5-4-8,5-4-9,5-6-1,5-6-2,5-6-3,5-6-4,5-6-7,5-6-8,5-6-9,5-7-1,5-7-2,5-7-3,5-7-4,5-7-6,5-7-8,5-7-9,5-8-1,5-8-2,5-8-3,5-8-4,5-8-6,5-8-7,5-8-9,5-9-1,5-9-2,5-9-3,5-9-4,5-9-6,5-9-7,5-9-8,6-1-2,6-1-3,6-1-4,6-1-5,6-1-7,6-1-8,6-1-9,6-2-1,6-2-3,6-2-4,6-2-5,6-2-7,6-2-8,6-2-9,6-3-1,6-3-2,6-3-4,6-3-5,6-3-7,6-3-8,6-3-9,6-4-1,6-4-2,6-4-3,6-4-5,6-4-7,6-4-8,6-4-9,6-5-1,6-5-2,6-5-3,6-5-4,6-5-7,6-5-8,6-5-9,6-7-1,6-7-2,6-7-3,6-7-4,6-7-5,6-7-8,6-7-9,6-8-1,6-8-2,6-8-3,6-8-4,6-8-5,6-8-7,6-8-9,6-9-1,6-9-2,6-9-3,6-9-4,6-9-5,6-9-7,6-9-8,7-1-2,7-1-3,7-1-4,7-1-5,7-1-6,7-1-8,7-1-9,7-2-1,7-2-3,7-2-4,7-2-5,7-2-6,7-2-8,7-2-9,7-3-1,7-3-2,7-3-4,7-3-5,7-3-6,7-3-8,7-3-9,7-4-1,7-4-2,7-4-3,7-4-5,7-4-6,7-4-8,7-4-9,7-5-1,7-5-2,7-5-3,7-5-4,7-5-6,7-5-8,7-5-9,7-6-1,7-6-2,7-6-3,7-6-4,7-6-5,7-6-8,7-6-9,7-8-1,7-8-2,7-8-3,7-8-4,7-8-5,7-8-6,7-8-9,7-9-1,7-9-2,7-9-3,7-9-4,7-9-5,7-9-6,7-9-8,8-1-2,8-1-3,8-1-4,8-1-5,8-1-6,8-1-7,8-1-9,8-2-1,8-2-3,8-2-4,8-2-5,8-2-6,8-2-7,8-2-9,8-3-1,8-3-2,8-3-4,8-3-5,8-3-6,8-3-7,8-3-9,8-4-1,8-4-2,8-4-3,8-4-5,8-4-6,8-4-7,8-4-9,8-5-1,8-5-2,8-5-3,8-5-4,8-5-6,8-5-7,8-5-9,8-6-1,8-6-2,8-6-3,8-6-4,8-6-5,8-6-7,8-6-9,8-7-1,8-7-2,8-7-3,8-7-4,8-7-5,8-7-6,8-7-9,8-9-1,8-9-2,8-9-3,8-9-4,8-9-5,8-9-6,8-9-7,9-1-2,9-1-3,9-1-4,9-1-5,9-1-6,9-1-7,9-1-8,9-2-1,9-2-3,9-2-4,9-2-5,9-2-6,9-2-7,9-2-8,9-3-1,9-3-2,9-3-4,9-3-5,9-3-6,9-3-7,9-3-8,9-4-1,9-4-2,9-4-3,9-4-5,9-4-6,9-4-7,9-4-8,9-5-1,9-5-2,9-5-3,9-5-4,9-5-6,9-5-7,9-5-8,9-6-1,9-6-2,9-6-3,9-6-4,9-6-5,9-6-7,9-6-8,9-7-1,9-7-2,9-7-3,9-7-4,9-7-5,9-7-6,9-7-8,9-8-1,9-8-2,9-8-3,9-8-4,9-8-5,9-8-6,9-8-7
20260822_松戸_1R,20260822,31,松戸,1,305.3,439.3,56.1,798.3,108.7,356.0,41.8,652.0,2840.5,927.6,2840.5,558.5,2348.8,577.0,1850.6,4414.7,3361.7,5725.4,1991.4,2908.1,1704.3,115.5,613.7,1728.4,1680.8,458.0,1318.0,200.6,1322.8,3331.1,5089.2,1908.4,2598.7,1398.5,987.6,245.2,594.8,387.7,597.7,2426.6,1628.5,255.3,696.6,2580.4,2426.6,1600.1,1217.3,1832.1,452.9,18.8,152.8,204.2,62.8,288.5,54.4,155.3,219.8,416.8,41.3,671.1,107.3,299.3,41.7,344.0,653.1,79.5,932.3,96.6,256.2,200.1,1174.4,1650.5,458.6,1559.2,545.2,1665.5,985.0,25.2,45.6,84.4,132.2,19.0,55.8,16.7,1318.0,1628.5,1650.5,455.1,1080.9,669.8,900.3,156.5,98.3,100.3,51.6,541.2,214.0,102.9,594.8,506.8,966.8,170.8,442.5,429.0,355.0,36.9,153.5,342.7,29.6,347.9,69.1,198.6,852.1,2598.7,913.7,3003.4,692.6,2580.4,627.4,609.6,1035.1,270.6,1928.5,214.5,766.5,429.0,3301.1,2862.7,3079.2,3186.3,846.2,4523.7,3456.8,1586.2,443.6,2862.7,3739.0,697.9,1736.6,1237.9,2379.3,3627.9,3898.1,4310.8,2333.9,3158.8,3028.3,363.8,200.1,162.8,345.6,1035.1,610.7,299.3,3186.3,1062.1,4638.3,2442.8,2598.7,1454.0,2527.0,969.3,823.4,2755.0,1290.2,3079.2,693.9,2220.7,5388.6,7633.8,4638.3,7965.7,3079.2,4885.6,5234.6,3627.9,4580.3,2734.5,4026.6,2304.5,4163.9,3857.1,6107.1,4697.7,6317.6,4310.8,1526.7,7328.5,5816.2,5910.0,4211.7,7328.5,4580.3,4071.4,8724.4,4163.9,8327.8,6210.6,4821.3,5388.6,5637.3,4885.6,7633.8,3028.3,2234.3,1736.6,2862.7,4163.9,4310.8,2475.8,4310.8,5234.6,8521.5,7633.8,5234.6,6107.1,8327.8,4468.6,4026.6,5910.0,4523.7,6913.6,3028.3,6785.6,199.7,1182.0,1928.5,1970.0,697.9,1448.3,279.7,69.6,106.3,199.9,278.6,57.3,113.7,58.7,1327.6,385.7,2410.6,2475.8,579.7,1454.0,1046.9,3739.0,1572.6,4580.3,3392.8,2142.8,4697.7,3331.1,2797.1,1209.3,3301.1,3361.7,2580.4,1600.1,2290.1,850.1,250.6,529.5,604.6,1949.0,1166.9,477.1,1778.7,579.7,1673.1,3777.5,1387.9,1579.4,1377.5,242.3,151.3,735.7,1420.2,1442.6,412.1,1017.8,2459.2,4211.7,5816.2,3392.8,4414.7,2194.1,1770.1,2155.4,2636.1,3392.8,1436.9,1796.2,1267.9,1770.1,3777.5,3301.1,3456.8,4951.7,2442.8,3331.1,3392.8,6662.2,5469.0,4026.6,4523.7,4758.7,4071.4,6785.6,3456.8,2093.8,5160.9,4580.3,4697.7,3053.5,3557.5,4638.3,3079.2,2598.7,3816.9,4310.8,2755.0,3361.7,1201.3,667.4,1539.6,1832.1,1357.1,1233.7,866.2,1643.1,1888.7,3131.8,5469.0,2598.7,3053.5,1778.7,575.2,666.2,749.3,925.3,3053.5,2118.0,467.9,321.7,217.2,237.6,189.4,1182.0,460.9,221.6,373.5,179.3,150.7,309.7,922.9,678.5,264.1,885.0,427.0,304.5,729.9,1130.9,1254.8,594.8,1009.4,338.3,520.4,895.9,2734.5,1332.4,605.6,4260.7,2655.2,1850.6,2248.0,4163.9,3003.4,3301.1,2797.1,1559.2,1393.2,1898.5,2304.5,2410.6,1526.7,482.7,328.3,449.6,567.2,589.1,2261.8,1259.1,1174.4,3361.7,2818.6,1949.0,1579.4,2655.2,623.1,902.5,800.0,1805.0,349.6,708.7,757.0,617.9,3940.0,1040.9,5160.9,1832.1,2908.1,1489.5,2544.6,4026.6,4026.6,6785.6,4885.6,4117.1,5234.6,6913.6,2130.3,487.2,2181.1,4951.7,1728.4,2207.3,1736.6,878.7,491.1,1185.8,1387.9,930.0,870.3,740.2,3105.3,1213.3,1189.6,1680.8,1526.7,1382.7,1559.2,611.7,729.9,2304.5,4260.7,1495.6,1281.2,1382.7,27.5,165.2,344.7,68.9,273.4,68.0,150.9,44.2,209.1,437.2,53.1,431.5,88.6,257.6,506.8,524.2,1938.7,798.3,2070.2,436.7,1643.1,1425.7,1357.1,2755.0,1938.7,2598.7,1152.2,3003.4,133.0,91.8,480.8,1178.2,1152.2,245.4,663.8,891.5,971.9,1898.5,3331.1,1908.4,1552.6,1152.2,212.2,176.8,315.6,477.7,289.4,1017.8,687.4,340.8,475.8,1520.4,2580.4,1055.9,761.8,959.2
20260822_松戸_2R,20260822,31,松戸,2,170.5,437.1,56.6,168.6,427.8,605.5,68.1,218.4,624.2,133.0,262.6,404.6,333.2,94.5,964.4,930.0,495.3,582.3,557.4,1672.3,282.1,33.2,71.3,184.1,63.4,201.4,291.1,24.2,157.4,192.3,355.6,92.1,414.2,572.3,58.9,1311.3,1072.2,913.6,765.8,1004.3,2250.4,490.6,1139.2,345.8,1544.7,582.3,785.7,1325.6,336.3,36.5,38.3,76.7,16.4,19.8,132.1,99.7,263.2,667.7,87.5,356.7,622.1,1132.1,140.0,378.1,1475.9,231.0,2446.7,1531.7,934.7,542.5,1274.7,1736.0,639.5,4096.2,1114.8,3142.8,2048.1,39.9,82.5,152.1,316.1,223.1,243.0,83.5,1711.5,4557.0,6510.1,1435.2,5523.7,8680.1,3962.6,2003.1,2398.4,1345.2,902.3,4926.5,3682.4,2604.0,2170.0,1146.4,4500.8,956.8,7010.8,3226.2,2071.3,268.6,824.8,1519.0,258.5,1525.3,1320.8,1680.0,219.4,920.6,151.8,540.8,944.4,261.3,133.7,407.7,1804.7,277.6,2963.9,1869.5,732.0,513.4,1172.2,2131.9,1111.4,3574.1,1029.8,1231.6,2661.0,231.4,236.2,770.7,1435.2,878.4,336.9,399.7,1960.0,5361.2,4289.0,2585.5,6751.2,3609.5,3226.2,1446.6,2848.1,1634.8,1544.7,7291.3,1481.9,2963.9,166.9,388.2,709.2,186.4,1435.2,597.6,366.0,190.1,345.2,1813.7,295.9,1949.5,1736.0,426.8,1598.9,1402.1,683.9,1270.2,531.4,2741.0,588.0,1664.6,2480.0,872.1,5976.4,1330.5,4392.3,3089.5,1578.2,3142.8,1672.3,3878.3,1111.4,2622.7,3797.5,603.5,740.9,1203.1,2250.4,448.4,3284.3,1335.4,2604.0,9114.1,4860.8,3142.8,4557.0,9999.9,8680.1,314.2,853.7,591.8,289.5,1949.5,1458.2,642.9,3226.2,5608.7,2848.1,4926.5,9999.9,3226.2,6628.4,1114.8,4392.3,3758.4,2382.7,5976.4,2025.3,4796.9,29.8,87.0,190.6,97.4,207.8,298.5,39.0,17.1,38.3,70.4,150.5,91.0,120.5,38.8,126.0,115.8,378.9,724.7,358.4,203.3,260.0,227.2,250.3,409.6,1350.2,214.4,1240.0,659.2,526.8,803.0,1464.1,1939.1,2131.9,2761.8,1139.2,455.1,473.4,666.4,471.0,2036.6,1500.2,1069.1,307.1,325.2,204.0,1199.2,1888.9,1062.8,607.6,69.1,87.1,196.8,472.2,440.8,509.1,512.7,2083.2,2236.6,3170.1,1161.0,3797.5,3837.5,672.6,3682.4,6628.4,9999.9,3142.8,5976.4,9999.9,6510.1,3837.5,9347.8,4926.5,4289.0,9347.8,4392.3,6285.6,5976.4,9999.9,5063.4,3720.0,8680.1,9999.9,9999.9,1360.3,3089.5,3962.6,3539.4,5441.2,5283.5,3539.4,7291.3,9999.9,9999.9,9114.1,6510.1,9999.9,9999.9,6285.6,9999.9,9999.9,9999.9,6510.1,9999.9,9999.9,1032.7,5063.4,5063.4,9593.8,2940.0,8478.2,6510.1,2848.1,3226.2,1860.0,2048.1,3439.3,4340.0,1446.6,2430.4,3284.3,2264.3,1761.1,9114.1,2604.0,3439.3,2680.6,4239.1,2567.3,1813.7,9114.1,3284.3,4673.9,1062.8,1949.5,1424.0,1053.6,3797.5,2567.3,2336.9,1918.7,1795.8,2463.2,1370.5,4289.0,3089.5,2782.9,5523.7,9999.9,9999.9,7595.1,4614.7,9999.9,9853.1,5786.7,7595.1,3962.6,4926.5,4340.0,9999.9,5696.3,2250.4,4796.9,4614.7,3142.8,3038.0,9999.9,5208.0,1091.5,359.8,1850.5,553.2,990.6,1744.3,549.8,1386.1,977.3,4673.9,1012.6,5696.3,3797.5,2352.0,163.2,371.6,653.3,161.7,1150.0,484.1,302.5,2804.3,6878.6,2414.3,3682.4,9999.9,3170.1,7010.8,481.5,713.4,334.4,2585.5,2700.4,1606.0,1041.6,4994.0,9999.9,4289.0,9999.9,4994.0,9999.9,7756.7,3314.2,6878.6,2059.6,4557.0,2585.5,9999.9,6179.0,589.9,2414.3,647.5,4734.6,1396.8,4096.2,3439.3,102.8,117.8,233.2,53.9,38.8,346.2,303.2,274.5,740.9,1620.2,208.5,1370.5,1475.9,1571.4,249.0,520.0,1316.1,389.4,1316.1,1179.8,753.2,782.3,3255.0,2870.5,1606.0,4392.3,1139.2,4445.9,123.4,184.0,328.7,819.2,621.0,849.8,949.3,458.5,2367.3,2398.4,4190.4,1585.0,4142.7,4445.9,1355.2,2870.5,2382.7,2322.0,2250.4,5361.2,4500.8,658.0,2236.6,607.6,3574.1,1512.7,3115.9,3012.9
20260822_松戸_3R,20260822,31,松戸,3,1024.1,2820.4,944.9,5913.7,2715.9,1622.3,807.6,1138.6,4471.3,387.5,6214.4,1300.1,1251.3,733.3,5237.8,6110.8,2695.9,9999.9,4761.7,3666.5,3333.2,957.3,233.6,1352.9,835.1,517.1,292.8,416.6,9999.9,9648.7,9999.9,7970.7,8147.8,8333.0,8729.8,3363.7,2144.1,3666.5,1527.7,6917.9,2933.2,2460.7,923.5,739.2,1666.6,253.7,2820.4,1443.5,425.3,709.1,616.2,1163.9,461.7,3900.5,1666.6,763.8,1534.1,4761.7,1259.9,7482.7,3244.7,2169.5,1018.4,2222.1,5640.8,839.0,7051.0,2528.6,3133.7,1234.5,4471.3,6917.9,4471.3,9166.3,4583.1,7051.0,2736.2,1437.8,604.0,1929.7,5237.8,823.9,2756.7,607.0,9999.9,9999.9,9999.9,9999.9,9999.9,9999.9,9999.9,4029.1,3005.3,4214.3,2048.3,7051.0,5555.3,2277.3,3458.9,5819.8,9999.9,4888.7,9999.9,8333.0,3188.2,752.8,702.3,488.8,400.2,4824.3,972.5,1636.8,854.6,2095.1,280.1,2777.6,962.3,883.5,545.6,1107.7,3216.2,492.1,4119.6,1540.5,2350.3,592.3,3458.9,4526.5,1779.8,4313.5,3426.6,7051.0,2756.7,66.5,106.3,293.5,274.0,13.6,78.6,29.1,5022.6,6666.4,4313.5,1659.0,2820.4,5640.8,3273.6,835.1,1182.7,1771.2,182.7,996.3,1415.6,502.9,760.6,2956.8,5913.7,481.8,6321.5,2131.7,1323.6,517.1,480.5,721.7,143.5,2025.7,451.5,1032.8,6789.8,9999.9,5391.9,9999.9,5313.8,4641.1,5472.4,4029.1,8526.8,6917.9,9909.5,7638.5,9999.9,3081.1,7333.0,9999.9,4824.3,6321.5,4214.3,9999.9,4526.5,6321.5,7482.7,3055.4,5640.8,4364.9,9999.9,2676.2,9999.9,9999.9,6666.4,7189.2,9999.9,9999.9,9999.9,6214.4,9648.7,7189.2,5164.1,9999.9,9999.9,7189.2,4641.1,9999.9,9999.9,9999.9,9999.9,9999.9,9401.3,4029.1,2887.0,4364.9,2656.9,9166.3,5313.8,6110.8,425.8,81.4,641.0,1149.3,135.2,172.5,156.6,472.4,155.8,1251.3,1659.0,272.1,985.6,204.4,20.3,38.3,137.2,83.4,3.2,33.4,9.6,1373.2,2546.1,709.1,2864.4,1111.0,2637.7,716.1,1454.9,2048.3,489.5,2107.1,469.4,2291.5,954.8,62.8,116.0,10.8,304.5,92.3,129.9,35.1,153.0,1111.0,119.5,1460.7,2365.5,193.5,256.5,104.4,110.0,30.4,115.6,395.0,52.1,190.2,9999.9,9999.9,9999.9,9999.9,3525.5,9648.7,9999.9,9999.9,9166.3,9999.9,9999.9,9999.9,9999.9,9999.9,9999.9,9999.9,5472.4,4313.5,5913.7,9999.9,7638.5,9999.9,9999.9,5913.7,6432.5,9999.9,9999.9,9999.9,9999.9,9999.9,3394.9,5913.7,3273.6,9999.9,7970.7,9999.9,9999.9,6010.6,9999.9,3819.2,9999.9,9999.9,9999.9,9999.9,9999.9,9999.9,9999.9,9999.9,9999.9,8147.8,9999.9,8147.8,9999.9,6432.5,9999.9,9999.9,4824.3,2956.8,4073.9,2083.2,7638.5,5913.7,2618.9,3363.7,2956.8,4583.1,2003.5,8526.8,3160.7,2182.4,1971.2,2582.0,3942.5,333.9,2396.4,3491.9,1087.9,4641.1,9909.5,5092.3,4761.7,8942.7,9999.9,6321.5,889.9,1001.7,197.7,1981.9,940.1,1318.8,442.2,7482.7,9166.3,3244.7,9999.9,2320.5,9999.9,5164.1,8147.8,9999.9,6110.8,9999.9,4073.9,9999.9,5640.8,2842.2,2305.9,1363.0,3630.2,825.7,4700.6,4888.7,1323.6,804.0,1705.3,301.7,3942.5,1615.2,522.2,2933.2,5728.9,9166.3,4824.3,9999.9,8942.7,3942.5,1210.0,5391.9,9999.9,775.1,9999.9,3273.6,2864.4,4119.6,9999.9,9999.9,9166.3,9999.9,9999.9,7801.1,288.0,3303.1,345.5,3525.5,885.6,567.5,658.2,9999.9,9999.9,9999.9,9999.9,9999.9,9999.9,9999.9,4954.7,9999.9,5472.4,9999.9,2656.9,9999.9,8942.7,1268.6,3394.9,3160.7,2396.4,1053.5,8526.8,5728.9,576.4,635.4,879.2,457.1,3273.6,1300.1,781.7,446.5,369.2,248.2,186.4,2208.7,752.8,896.4,733.3,644.3,737.7,183.2,2798.8,594.2,1432.2,608.0,529.8,790.1,276.7,2820.4,896.4,907.5,243.9,200.2,97.8,166.7,1368.1,164.1,308.8,6010.6,5237.8,4700.6,7051.0,3859.5,5913.7,8333.0,1644.1,1222.1,883.5,1651.5,572.8,3333.2,3188.2,798.8,1721.3,2107.1,1378.3,677.7,5022.6,2864.4
20260822_松戸_4R,20260822,31,松戸,4,493.3,396.1,749.1,2434.8,305.8,2309.3,387.2,800.0,1084.7,1306.1,3068.5,751.6,2909.1,450.2,266.9,564.9,728.4,1513.5,280.7,1729.7,331.1,1440.5,1659.2,1382.7,1468.8,978.1,3177.3,1082.1,3555.5,4148.1,3246.4,2589.6,3027.0,5270.6,2853.5,331.8,747.9,719.1,1049.1,2408.6,1265.5,481.7,3895.6,4148.1,2928.1,4186.9,4817.2,2682.6,2782.6,560.7,424.2,714.5,995.5,1931.0,485.3,2093.4,296.4,293.9,502.8,1422.2,168.7,1378.4,213.4,190.4,588.7,333.3,1125.6,91.3,675.7,60.9,299.4,953.2,1464.0,2666.6,364.5,2574.7,708.8,598.9,530.1,1550.1,724.9,186.0,2297.4,354.9,2274.1,2461.5,4110.1,1629.1,1169.7,6137.0,1792.0,34.4,23.9,88.8,44.1,202.9,18.7,13.9,2333.3,1594.3,3796.6,3318.5,4186.9,404.3,1151.6,135.8,56.9,366.6,260.3,551.0,43.0,376.7,382.2,978.1,1151.6,2228.8,372.0,2262.6,239.7,194.3,805.7,440.9,1280.0,123.8,1015.8,78.2,1210.8,1623.2,2448.1,3584.0,1743.2,6054.1,955.2,1588.6,1329.3,2421.6,1956.3,1054.1,2871.8,527.0,4110.1,2817.6,4618.6,3294.1,4036.0,9739.2,1566.4,261.3,121.7,868.2,607.8,1635.0,598.1,96.2,3895.6,2800.0,8960.1,4923.1,8452.9,2196.1,1843.6,84.9,56.3,245.8,149.1,392.2,46.4,462.8,212.4,395.0,553.7,1210.8,181.5,1898.3,197.7,398.9,1400.0,2185.3,3270.1,452.9,3368.4,1006.7,1169.7,1665.4,2666.6,3006.7,1498.3,5463.4,854.9,1696.9,2966.9,2698.8,1922.7,2488.9,4977.8,2333.3,3733.3,4571.4,3796.6,2619.9,7000.0,9999.9,7111.1,591.8,528.9,1400.0,2000.0,5397.6,1550.1,984.6,3500.0,4977.8,7111.1,8145.5,9999.9,8145.5,9999.9,549.0,957.2,875.0,2000.0,3612.9,805.7,4435.6,1594.3,2262.6,1799.2,1600.0,1029.8,5033.7,1220.7,822.0,775.0,2421.6,1020.5,288.2,4349.5,536.5,1973.5,1426.7,3343.3,2027.1,955.2,3612.9,659.8,1922.7,3111.1,3555.5,2297.4,2715.1,8296.3,2765.4,797.1,616.2,880.1,1435.9,433.2,3368.4,500.5,1100.7,283.3,1071.7,2217.8,914.2,1653.1,484.8,4977.8,7466.7,4869.6,9142.9,8296.3,4525.3,5894.8,943.1,663.7,602.1,2074.0,756.7,446.2,3642.3,6400.0,6892.3,5397.6,3796.6,6492.8,9999.9,4435.6,6892.3,3642.3,9955.6,3200.0,3368.4,9999.9,4307.7,7593.3,4072.7,4618.6,5033.7,7724.2,9999.9,3246.4,8000.0,9999.9,5818.2,3929.8,9999.9,9999.9,9739.2,2333.3,2174.7,2817.6,2408.6,1684.2,6787.9,1777.7,6492.8,3368.4,7000.0,9999.9,3733.3,5209.3,4036.0,9999.9,9999.9,9999.9,9999.9,9999.9,9999.9,8784.4,4186.9,4666.7,2928.1,5973.4,2909.1,3733.3,6892.3,158.2,518.5,683.9,1049.1,2000.0,810.1,307.6,34.2,22.2,92.1,52.9,197.7,18.4,12.1,247.2,72.6,779.1,476.0,1317.6,336.3,81.7,826.5,368.1,1449.8,2143.5,2835.4,1939.4,947.1,1131.3,222.4,988.9,1736.4,1125.6,1163.6,555.1,3177.3,988.9,3672.1,6309.9,2274.1,3612.9,2185.3,694.5,154.9,517.9,1298.5,1018.1,1483.4,296.4,152.9,36.4,71.3,405.0,291.2,660.7,168.3,7225.8,7344.3,4435.6,5270.6,9142.9,4525.3,5973.4,5670.9,3862.1,9142.9,7724.2,8784.4,993.3,3500.0,7724.2,5894.8,9999.9,7344.3,9999.9,4307.7,4307.7,5670.9,9999.9,9999.9,9999.9,9999.9,9999.9,9999.9,9333.4,9999.9,8452.9,9999.9,9999.9,5894.8,9999.9,9999.9,9999.9,9999.9,9999.9,9999.9,9999.9,6137.0,2853.5,876.7,2871.8,7593.3,3393.9,6492.8,1523.8,4977.8,6309.9,3419.8,9999.9,9999.9,7111.1,1866.6,352.4,246.5,551.0,679.8,1349.4,321.1,1539.5,186.7,80.6,461.8,369.3,784.5,62.9,592.5,73.7,50.0,190.1,114.9,298.2,38.3,403.9,462.3,758.0,460.9,957.2,2502.8,575.8,3068.5,617.9,469.6,300.4,955.2,577.3,282.8,2370.3,2185.3,1813.7,1025.1,4349.5,1716.4,1588.6,3829.1,171.6,56.6,75.6,447.1,309.8,694.5,258.6,1792.0,1641.0,1191.5,3446.1,3047.6,2947.4,846.8
20260822_松戸_5R,20260822,31,松戸,5,122.1,179.3,675.6,1080.4,59.8,159.0,299.4,83.3,244.4,390.0,670.3,24.8,66.7,51.2,213.1,350.6,1457.8,1513.2,127.5,292.2,641.3,1303.6,778.2,1982.8,1577.8,418.7,848.4,1622.3,2202.2,1517.6,2464.4,1474.4,561.3,1067.0,2782.4,15.9,11.3,34.5,86.3,145.5,7.6,31.8,102.2,76.4,169.7,432.7,511.9,26.7,166.7,390.2,146.4,815.0,901.6,1854.9,137.9,298.4,253.1,282.8,1132.4,1868.3,151.8,416.6,654.2,324.4,462.9,1287.3,2767.5,613.1,1730.8,385.3,157.7,249.4,762.1,1094.1,274.1,917.6,552.3,2138.5,2165.4,1685.7,2695.4,2441.1,4173.6,2627.0,3136.5,4107.4,1568.2,3317.5,5390.9,6809.6,6469.1,195.5,518.5,410.7,1347.7,2812.6,1041.3,1037.1,1200.7,3117.6,2013.7,5280.9,6389.3,1960.3,3862.1,1060.5,830.7,1262.2,1938.3,5447.7,1587.5,3044.3,134.7,253.8,386.2,721.8,47.7,103.4,52.2,255.5,416.3,883.1,1945.6,426.3,1037.1,223.8,645.3,564.3,2165.4,2363.1,909.5,1766.3,453.1,672.1,1287.3,2464.4,1967.8,1160.3,1895.7,487.7,1938.3,2211.6,3155.6,2211.6,3696.6,6235.3,1582.6,85.7,319.0,579.5,792.5,1809.5,508.8,114.0,566.2,1327.0,2174.5,3026.5,4836.7,1022.7,778.2,38.4,96.0,160.6,182.6,477.4,75.2,214.4,304.6,623.5,2095.2,2407.1,310.8,513.9,1293.8,149.0,246.5,944.4,1157.7,279.4,798.6,538.5,915.9,817.5,3569.1,3194.6,1402.5,2859.3,1265.3,4173.6,2695.4,4500.2,2341.7,4882.3,7500.4,4423.3,3520.6,1573.0,2907.4,2574.7,4043.2,2875.1,5564.8,595.5,568.7,1142.4,2250.1,3427.3,2310.4,2429.7,1139.9,1526.6,2240.4,5390.9,4043.2,2259.9,4107.4,2891.2,2095.2,2289.9,5687.1,7841.4,4349.0,6235.3,1760.3,942.6,2536.9,2600.6,703.1,1790.7,1417.9,1680.3,1582.6,1790.7,3777.6,2045.5,5505.6,1990.5,967.3,1713.6,2681.5,3805.3,1429.6,4385.8,859.6,3254.9,3117.6,2907.4,3520.6,3920.7,9999.9,3805.3,1449.6,2709.6,2192.9,2441.1,2029.5,5124.0,2957.3,852.6,2095.2,1293.8,2752.8,3473.3,3473.3,1967.8,4140.2,6635.0,4461.4,9999.9,9999.9,6900.4,6900.4,2464.4,2875.1,1531.1,4075.0,5073.8,2695.4,5447.7,3496.8,2859.3,4385.8,2723.8,1391.2,2174.5,4173.6,4349.0,4312.7,1990.5,4242.0,5948.6,7393.3,8347.3,3450.2,5024.5,3317.5,4242.0,5390.9,8922.9,3194.6,4704.8,1931.0,3008.9,3175.0,4704.8,5335.3,6017.8,1274.7,2797.4,2250.1,2407.1,2289.9,4882.3,3427.3,2061.8,5073.8,4423.3,4242.0,3062.3,5687.1,7289.2,4173.6,3254.9,8625.5,5750.3,9079.5,8086.4,9764.7,6809.6,9999.9,3777.6,7841.4,5948.6,9999.9,9999.9,40.8,22.2,72.2,151.2,296.0,14.3,51.1,129.8,262.0,259.0,958.3,1868.3,636.5,441.5,77.1,260.5,479.1,786.5,1990.5,547.6,122.1,256.5,253.4,405.2,1582.6,2341.7,1433.6,914.3,616.8,1297.0,1110.5,1708.0,2121.0,2940.5,1417.9,1333.8,3544.7,3317.5,3155.6,1754.3,4461.4,5687.1,168.5,742.5,718.7,1277.8,3099.0,3619.1,1016.7,366.5,1033.0,407.5,1612.2,1888.8,5335.3,1391.2,669.5,558.8,925.8,1730.8,2183.6,223.7,866.8,1466.1,3569.1,4011.8,7187.9,8484.1,3214.4,4882.3,935.8,2923.9,4539.7,5227.6,7724.3,1508.8,1587.5,2021.6,3696.6,4748.0,8484.1,5124.0,4791.9,6551.0,4882.3,8484.1,7393.3,9999.9,9999.9,6900.4,9999.9,4385.8,6721.2,7289.2,5447.7,7610.7,7724.3,8347.3,392.6,1822.3,1592.4,2300.1,4011.8,5750.3,3080.5,2828.0,6721.2,3026.5,8922.9,9583.9,9999.9,5625.3,1290.6,399.6,2230.7,2875.1,4423.3,734.0,1429.6,1587.5,967.3,2156.3,3044.3,7089.5,2452.7,4043.2,187.9,408.1,767.8,762.1,1337.2,361.6,991.4,3175.0,3473.3,2165.4,6161.1,8625.5,3569.1,8214.8,3833.5,4423.3,2441.1,5948.6,5814.9,4349.0,7393.3,6017.8,6993.6,3175.0,7841.4,5881.0,9999.9,9999.9,937.5,2363.1,834.7,3427.3,3862.1,8347.3,3360.6,2828.0,6389.3,2640.4,8771.7,9583.9,9999.9,4349.0
20260822_松戸_6R,20260822,31,松戸,6,566.1,817.2,1187.6,1121.2,461.0,2518.7,233.8,359.8,171.1,214.8,670.1,55.0,535.8,36.5,627.4,266.1,374.8,916.3,187.4,757.8,71.8,787.5,342.5,353.7,1268.5,181.0,372.9,84.3,1268.5,1347.2,1262.4,1990.0,936.0,2701.5,349.4,285.8,45.5,117.8,106.9,508.6,400.7,22.4,2494.6,1051.1,888.2,649.3,2555.8,903.6,241.7,49.8,10.5,11.9,20.8,76.3,6.9,59.5,2436.4,3013.8,3430.2,1804.1,1829.4,6860.4,1241.4,3279.1,8146.7,3949.9,3595.8,2228.1,7781.9,4827.6,4918.7,8276.0,6951.8,5793.2,4614.0,9999.9,7899.8,3013.8,3890.9,6951.8,2425.0,2209.2,2506.6,3198.7,1485.4,2744.1,4573.6,2327.6,1931.0,3595.8,3049.0,1945.4,1889.0,2912.7,2447.8,2729.7,4273.6,2880.6,9837.5,8547.3,9999.9,3159.9,3475.9,4418.5,6207.0,1390.3,3407.7,5858.3,3805.7,4456.3,2646.6,8547.3,778.1,384.5,409.5,1209.7,108.1,960.2,119.6,1868.7,4655.2,2673.8,2633.2,1028.3,4204.7,2482.8,1773.4,5729.5,3342.2,5488.3,1551.7,7045.8,2673.8,826.2,2359.2,3159.9,3646.0,464.6,946.2,1040.7,2413.8,2181.5,4918.7,3499.2,1379.3,3920.2,1960.1,54.4,190.6,335.2,144.4,328.1,273.1,64.1,2128.1,5266.5,7781.9,1235.5,4827.6,1206.9,2218.6,171.6,1169.0,1256.3,698.9,1511.2,184.5,1182.2,4138.0,2128.1,2593.9,6062.6,1306.7,4010.7,727.1,4783.4,8837.1,9999.9,7142.3,5993.0,9999.9,8689.8,2962.4,9999.9,6517.3,7045.8,2543.3,9999.9,4783.4,4418.5,9999.9,8409.5,5162.2,7556.3,8989.5,7781.9,9999.9,7448.4,9310.5,5013.3,9999.9,9999.9,9999.9,1909.8,6951.8,3122.1,5062.0,9999.9,9479.8,3697.8,6281.8,9999.9,9999.9,9999.9,9999.9,9999.9,9999.9,939.4,7781.9,4418.5,6436.9,9999.9,3159.9,8837.1,1010.4,587.8,868.9,1945.4,290.1,371.6,178.6,1575.1,1982.4,4073.3,2228.1,1570.4,1538.0,1835.8,805.8,1791.7,2996.5,3320.9,529.3,791.1,873.3,2606.9,6860.4,4827.6,3238.4,4655.2,3778.1,5606.3,3067.0,2228.1,3778.1,3407.7,2912.7,1409.1,4381.4,448.3,1364.8,563.6,2687.5,2758.6,521.9,687.8,308.1,1053.3,595.1,2181.5,1229.6,336.3,599.9,305.0,1533.5,734.3,2773.3,3385.6,582.5,889.7,1974.9,2773.3,3546.8,3646.0,2317.2,6517.3,1081.7,1372.0,1676.4,3407.7,2247.3,1960.1,2880.6,2085.5,3751.0,3805.7,4739.9,5924.8,2593.9,6436.9,3407.7,9310.5,7241.5,7241.5,4418.5,9999.9,9999.9,9999.9,5858.3,3546.8,3778.1,4456.3,5667.2,3805.7,8409.5,3140.9,3671.7,2494.6,8989.5,5858.3,7899.8,4138.0,8837.1,4872.8,6436.9,9999.9,3475.9,8276.0,6517.3,1506.9,3778.1,3103.5,9147.2,5924.8,4010.7,6062.6,444.8,69.1,277.1,187.8,760.0,608.3,63.3,969.1,723.1,2266.9,1357.7,2266.9,1882.2,1448.3,43.3,223.0,347.1,102.3,395.2,310.9,79.6,1030.4,3238.4,1032.4,2773.3,5375.1,4533.8,1594.4,398.0,1088.4,255.7,1974.9,2247.3,828.9,595.1,1420.6,2190.7,1081.7,4965.6,2929.1,3546.8,2327.6,1323.3,3031.3,835.5,4872.8,965.5,4073.3,1176.9,107.1,791.1,138.4,698.9,394.3,1171.6,788.7,4171.1,2593.9,2228.1,906.7,5431.1,1619.2,756.7,5162.2,8146.7,9999.9,2391.7,5013.3,4418.5,7556.3,2979.3,8689.8,9479.8,1195.8,6134.0,1681.9,2896.6,5546.7,9999.9,9999.9,7142.3,9999.9,9999.9,9999.9,610.5,1364.8,767.8,2646.6,1538.0,630.4,711.3,9837.5,4418.5,5729.5,9999.9,1990.0,9999.9,6951.8,2190.7,4573.6,1372.0,7448.4,1064.0,8837.1,1997.6,909.9,7556.3,2543.3,7556.3,1357.7,5729.5,2228.1,86.6,25.8,34.9,38.1,139.4,15.5,99.8,646.0,1671.1,2436.4,1923.9,2028.7,1281.0,3159.9,121.7,985.6,802.1,413.8,1053.3,119.3,849.1,392.9,2673.8,1336.9,2077.2,3407.7,983.7,3179.2,196.5,1184.9,505.2,1614.2,2190.7,352.0,706.4,870.4,1102.3,1773.4,3980.0,3258.6,1671.1,2929.1,80.3,643.6,122.5,533.1,288.3,728.1,617.0,524.0,3299.9,1570.4,3430.2,810.8,3085.1,953.1
20260822_松戸_7R,20260822,31,松戸,7,516.9,1058.3,824.2,470.6,180.4,1035.8,372.8,345.7,687.0,418.5,1390.0,94.6,638.7,106.5,1937.0,1478.1,2063.6,2112.4,609.0,2438.9,749.3,767.6,537.0,1404.6,1863.0,205.0,483.8,409.5,1029.8,3156.2,4327.0,3156.2,784.4,4127.3,1764.9,21.4,21.7,83.1,39.1,129.2,81.5,7.2,1697.9,1022.0,2254.4,601.5,3601.0,425.1,906.3,106.4,44.5,79.2,197.9,556.5,23.2,382.4,1368.7,2809.2,1902.6,1115.5,462.1,2780.1,972.0,1714.2,4095.8,2884.7,2838.9,2017.1,4508.9,1219.4,3553.3,5209.3,5531.5,4327.0,3291.7,8516.8,3083.6,2181.1,2948.1,5419.7,2427.8,2120.7,2181.1,1972.6,742.1,1427.0,2395.3,1411.9,984.5,2292.9,763.2,513.9,1764.9,2226.3,1640.8,1382.8,3031.4,980.9,4748.3,6464.5,9999.9,3048.6,3417.5,5014.5,4258.4,634.2,549.1,970.2,1550.7,1259.5,636.4,2809.2,609.7,878.1,576.3,1800.5,165.0,865.4,150.2,1166.4,2245.0,2017.1,2009.5,1292.9,2809.2,692.3,2040.1,2964.4,3461.6,3805.3,1764.9,3726.1,811.7,1338.0,2617.3,3484.1,4748.3,1372.2,1219.4,724.1,4127.3,3675.0,4362.2,7250.8,6028.7,8008.3,1876.0,214.8,850.3,951.3,740.0,2592.0,1092.7,203.9,1564.3,2869.3,3048.6,1242.0,5209.3,1582.7,1062.4,71.8,170.2,75.6,183.1,632.7,81.3,404.6,4471.3,4877.8,6387.6,9999.9,1958.2,5365.5,2071.6,4004.1,6624.1,7154.1,7059.9,4292.4,9999.9,3417.5,4362.2,5708.0,9094.2,5589.1,3332.6,8654.1,1661.1,6968.3,8654.1,9251.0,5419.7,6167.3,7665.1,3461.6,9999.9,7557.1,6624.1,7250.8,9999.9,9999.9,8516.8,2384.7,5061.8,4547.1,5647.9,9999.9,9999.9,2461.2,6624.1,9999.9,9094.2,8942.6,9999.9,9999.9,6706.9,1344.7,2530.9,1208.4,2579.6,5708.0,1645.8,4004.1,1666.3,1056.2,2495.6,3156.2,455.4,648.0,825.4,2063.6,3119.5,3700.4,2838.9,2172.3,1747.7,1930.0,1708.7,1937.0,3974.5,6312.4,1703.3,1189.7,1075.2,4398.0,6167.3,6464.5,4585.9,4127.3,3083.6,3048.6,5110.0,3888.1,6706.9,4258.4,4547.1,3291.7,5209.3,592.8,1818.8,1338.0,2809.2,3601.0,898.7,833.1,568.3,1153.8,894.2,1719.7,2063.6,671.5,640.2,938.0,1937.0,785.5,1458.0,3726.1,784.4,946.3,2245.0,5260.3,9999.9,6387.6,1856.6,8942.6,3439.4,1324.8,1427.0,3353.4,2273.5,1511.4,2948.1,1062.4,5531.5,2416.9,4833.8,9581.4,6706.9,9999.9,2071.6,9999.9,6706.9,5961.7,6312.4,9999.9,9999.9,9094.2,5708.0,4327.0,8129.6,5475.0,5896.2,5769.4,6543.4,2292.9,2823.9,5708.0,8796.0,7059.9,9413.3,3945.2,9999.9,5159.2,9999.9,9999.9,8254.7,9999.9,9999.9,4127.3,1753.4,1825.0,5260.3,5896.2,4362.2,9999.9,41.1,37.2,146.5,65.2,181.5,117.0,13.8,202.5,811.7,1555.2,1066.7,1131.9,1334.7,411.1,141.3,634.9,1014.2,607.6,2484.0,1052.0,196.5,848.9,2751.5,1944.0,3312.0,6167.3,4790.7,1324.8,351.3,1315.0,968.5,1951.1,2997.5,872.4,678.3,1083.9,1837.5,4004.1,7154.1,4191.8,6167.3,2630.1,489.1,2071.6,1494.5,3529.9,1197.6,4833.8,873.8,52.9,285.7,116.8,244.4,321.8,968.5,585.1,2579.6,1635.8,2980.8,951.3,5475.0,725.0,1719.7,3529.9,5159.2,7452.2,2137.6,3374.5,4434.3,3374.5,1979.9,4258.4,4625.5,1250.7,9936.2,1776.6,1555.2,5110.0,9999.9,6167.3,4398.0,9999.9,9251.0,5531.5,691.4,1348.1,1083.9,2104.1,2884.7,878.1,835.7,9999.9,5365.5,9999.9,9999.9,5589.1,9999.9,9413.3,1033.8,3048.6,1645.8,4790.7,1104.0,7452.2,1831.2,2199.0,3805.3,1242.0,2217.1,1423.2,7776.2,2154.8,150.2,37.7,58.4,216.6,597.5,26.4,471.4,358.1,206.0,288.3,751.4,714.4,264.4,1434.6,30.5,79.7,21.5,97.2,308.5,29.0,241.3,120.9,181.2,79.3,246.8,617.4,105.0,426.1,438.0,758.9,300.9,429.2,1902.6,429.9,775.3,1776.6,1528.6,881.0,1555.2,3066.0,1621.0,4706.6,40.9,205.4,55.9,83.1,241.4,761.0,529.6,1122.5,1944.0,606.9,949.6,826.7,3332.6,1081.7
20260822_松戸_8R,20260822,31,松戸,8,937.2,3112.4,968.4,5396.5,689.1,5187.3,1077.5,477.6,309.8,88.5,1779.7,202.1,1365.6,40.1,5108.1,1895.6,2974.1,9987.6,2871.9,5921.8,2331.6,324.0,56.7,763.0,1062.1,141.5,1001.7,76.2,7872.6,5353.3,9999.9,3959.6,6898.7,3738.4,4583.3,530.2,323.5,1628.1,370.7,3780.6,2655.4,373.0,9559.6,4262.2,6312.9,3329.2,5440.4,6253.9,4647.0,455.2,34.8,667.1,85.5,2151.6,205.3,1928.4,1644.1,5353.3,1677.1,8062.3,1100.6,7043.9,1950.9,1500.3,1917.4,2052.6,7043.9,721.8,5670.9,603.4,7118.8,5576.4,7691.6,9999.9,3126.9,9999.9,7691.6,2040.1,2934.9,7435.2,8160.6,1828.3,7691.6,3379.6,8804.9,9999.9,9999.9,9999.9,5623.3,8470.5,9698.1,614.4,421.6,1733.6,869.0,2496.9,2065.3,387.0,9999.9,9999.9,9999.9,9999.9,9999.9,7435.2,9999.9,1402.8,682.8,3485.2,2091.1,7353.5,607.7,5440.4,396.9,179.0,120.2,1382.5,158.4,1026.3,44.7,773.6,969.8,1248.4,4130.7,494.2,3467.2,206.0,351.4,974.0,546.2,1556.2,444.0,1338.3,88.4,347.0,1281.9,715.6,3217.1,561.3,1917.4,162.9,3636.8,5353.3,2534.7,4920.3,4583.3,3449.3,714.9,171.8,310.2,327.3,314.9,1322.4,1239.2,72.0,3414.1,6625.4,3802.1,3414.1,4080.3,3098.0,796.6,13.4,35.8,8.9,27.4,162.5,15.5,143.3,8470.5,3780.6,5353.3,9999.9,5187.3,7872.6,5719.4,6759.3,7353.5,9999.9,9999.9,5768.7,9999.9,8690.5,2323.5,6434.3,4105.3,5869.9,2731.3,9698.1,593.2,6828.3,9999.9,5818.9,7872.6,9999.9,9999.9,6898.7,9999.9,9999.9,7966.3,9294.0,9999.9,9999.9,9999.9,6196.0,7273.6,4583.3,7435.2,9999.9,9999.9,7118.8,8922.3,9999.9,9999.9,9999.9,9999.9,9999.9,9999.9,2847.5,4779.8,682.8,3280.2,9999.9,3083.7,9840.7,866.8,263.1,1789.2,2104.3,463.4,1685.5,354.2,2117.6,2922.1,5485.0,9999.9,1928.4,9166.7,3000.7,568.0,2208.4,1901.0,6253.9,995.7,3617.1,521.5,4679.5,9166.7,4884.4,6083.4,7604.2,9999.9,7118.8,5818.9,9999.9,7435.2,6312.9,8690.5,8579.1,9424.9,1132.2,1895.6,1439.0,5440.4,8579.1,4779.8,1702.7,3697.0,9999.9,4814.2,9999.9,9999.9,6898.7,9042.8,665.1,2460.1,528.5,3396.8,5818.9,1223.3,5719.4,9999.9,8470.5,9999.9,6083.4,9999.9,6139.2,8690.5,9999.9,9999.9,9999.9,9999.9,8690.5,9999.9,9999.9,6828.3,9999.9,3983.1,9999.9,9559.6,7273.6,2245.5,9999.9,9999.9,7353.5,9698.1,9999.9,9999.9,9999.9,4289.5,9999.9,9999.9,7604.2,9999.9,9999.9,9999.9,9999.9,9999.9,9999.9,9999.9,9999.9,9999.9,9999.9,6028.5,9042.8,5227.9,8470.5,9999.9,8062.3,4993.8,7604.2,8364.6,2117.6,9999.9,9999.9,9042.8,5818.9,638.5,507.7,2276.1,695.6,4552.2,4235.2,560.4,422.4,319.1,1210.0,599.6,2117.6,1296.8,302.1,429.2,440.2,972.6,639.7,3597.7,2323.5,203.1,4262.2,3959.6,3055.5,5440.4,9999.9,8804.9,4647.0,976.8,1274.6,1001.7,3597.7,6139.2,3171.4,1057.1,7781.0,4745.9,6434.3,9999.9,8690.5,7195.4,6196.0,7118.8,5108.1,4814.2,9698.1,5670.9,8364.6,4583.3,475.6,405.5,214.6,1394.1,739.4,3676.7,2709.2,9698.1,7043.9,6625.4,4031.1,6828.3,9987.6,9999.9,8922.3,9840.7,9999.9,9999.9,7604.2,9424.9,9999.9,6828.3,9999.9,7435.2,7118.8,8160.6,8690.5,3141.6,8364.6,9999.9,9999.9,9999.9,9999.9,9999.9,9999.9,5227.9,9999.9,7195.4,9999.9,9999.9,8160.6,9999.9,6196.0,9166.7,6083.4,9559.6,9999.9,8579.1,7043.9,9999.9,9999.9,8690.5,9999.9,7118.8,9999.9,8470.5,9166.7,9999.9,3264.2,9999.9,9999.9,8922.3,8160.6,328.0,42.0,388.3,102.5,1538.3,184.3,1322.4,479.6,170.9,1286.8,832.3,2655.4,184.8,2487.6,9.5,20.4,5.5,24.6,156.2,13.6,151.9,847.0,1689.8,175.8,981.1,3717.6,899.4,3126.9,256.3,1111.5,175.8,1199.2,3171.4,504.2,2687.4,3027.9,3296.4,921.7,5353.3,4920.3,3264.2,1756.3,202.9,201.6,84.3,583.4,356.8,1911.9,1379.7,3217.1,5485.0,1089.8,5818.9,4712.4,3055.5,3069.6
20260822_松戸_9R,20260822,31,松戸,9,1275.3,1312.5,500.9,2175.2,204.1,1879.7,243.0,3549.1,3937.7,3669.8,7192.9,2090.9,3350.7,1886.2,3013.8,4086.9,3350.7,5928.2,1707.1,4610.8,1899.5,1615.1,3458.1,3249.8,4149.8,1281.4,4571.8,1427.1,4732.2,8173.8,6828.7,6061.5,4315.7,6499.6,1568.2,125.8,550.4,588.3,414.9,1231.6,1037.4,88.3,3620.6,2366.1,3596.4,4995.1,7192.9,2964.1,2295.6,86.7,562.5,575.1,357.0,97.7,77.7,702.4,1332.0,1126.2,425.1,2238.4,158.1,1899.5,256.1,3853.3,4732.2,2884.8,7818.4,1015.9,3645.0,2581.2,2229.2,3853.3,1810.3,5041.8,628.0,4860.1,2020.5,544.9,1345.3,982.6,1685.8,87.6,1427.1,341.6,5041.8,9999.9,9633.4,3596.4,1768.7,9999.9,3826.0,38.6,163.3,109.7,13.2,320.1,205.0,27.4,4610.8,3330.0,7390.0,2738.4,9301.2,1023.6,3013.8,256.8,1078.9,988.0,350.0,1008.3,123.6,1550.2,4247.8,4610.8,3458.1,5394.7,3154.8,3118.3,2266.6,4995.1,4816.7,3503.0,7492.6,1906.2,3350.7,3525.9,4691.0,6200.8,6578.9,6743.4,3881.1,2544.6,5137.8,5504.8,6061.5,8563.0,9999.9,4118.1,3371.7,5994.1,7933.4,9999.9,7098.3,9999.9,9464.4,9143.6,5341.3,2509.1,1701.8,3503.0,3154.8,6916.3,1886.2,2335.3,2474.6,2497.5,1696.4,3230.3,5994.1,1712.6,2043.4,1740.2,3154.8,3192.1,3645.0,4025.9,2430.0,2809.7,3909.2,7706.7,5237.6,9464.4,1933.5,5619.5,1768.7,2568.9,5394.7,2325.3,6346.7,958.2,7192.9,2581.2,6578.9,7098.3,9999.9,8429.2,2780.7,3414.3,4904.3,7192.9,5504.8,9464.4,5739.0,4860.1,9999.9,5863.8,9999.9,8991.2,9301.2,7390.0,9999.9,9999.9,6828.7,1469.9,734.9,2964.1,2430.0,4610.8,3572.6,1135.7,5619.5,8843.8,3414.3,9999.9,9999.9,4421.9,7390.0,1841.2,2229.2,4691.0,4214.6,2766.5,1774.5,5619.5,2192.9,5041.8,4458.4,5800.7,1691.1,5739.0,2335.3,1532.5,3100.4,2295.6,2931.9,257.2,4495.6,881.4,5449.2,6346.7,9808.6,9999.9,4995.1,5394.7,5994.1,6916.3,6130.3,9999.9,5504.8,5800.7,9999.9,8991.2,9999.9,9808.6,9999.9,5089.3,7006.1,9999.9,9999.9,1345.3,279.2,2752.4,2581.2,2795.2,3100.4,823.6,5863.8,8299.6,5561.5,9999.9,9999.9,5678.6,6272.9,2051.2,1834.9,4214.6,4774.1,5137.8,1624.9,5187.2,9301.2,9999.9,9999.9,8843.8,8051.8,9999.9,2931.9,9990.2,9999.9,9999.9,9301.2,5237.6,9999.9,7492.6,9999.9,9999.9,6130.3,9999.9,9990.2,9999.9,8563.0,9999.9,9999.9,8563.0,7192.9,9999.9,9999.9,9999.9,8173.8,9999.9,9999.9,5800.7,9464.4,9999.9,9999.9,8429.2,4860.1,9999.9,9999.9,9808.6,9999.9,4949.3,9999.9,9999.9,9999.9,9999.9,9999.9,9999.9,9999.9,2795.2,6743.4,7492.6,6578.9,7290.1,4774.1,9999.9,30.1,213.3,157.7,99.4,349.1,306.8,22.2,10.1,52.6,43.3,4.2,121.1,85.5,7.0,410.5,255.0,676.8,730.9,1804.2,476.1,338.8,407.1,216.4,781.8,664.3,1287.5,961.6,335.9,187.4,52.7,491.7,437.5,752.4,651.5,144.0,1415.9,753.4,2486.0,2430.0,1675.3,2532.7,642.9,653.1,384.5,396.6,925.3,975.5,1879.7,429.5,25.2,25.1,190.6,142.7,71.9,106.3,251.3,5187.2,4056.1,4025.9,4025.9,6578.9,3289.4,3350.7,4860.1,3720.5,5619.5,3720.5,7492.6,1899.5,4458.4,2520.9,2532.7,1751.5,2780.7,5237.6,1515.3,2257.2,5394.7,8701.1,3350.7,9633.4,9999.9,5137.8,7492.6,5800.7,5561.5,6061.5,9999.9,9999.9,4495.6,9808.6,9301.2,9999.9,9999.9,9999.9,9999.9,9999.9,9999.9,2824.4,1582.0,1582.0,3720.5,2184.1,6660.1,3013.8,3173.3,6346.7,3211.1,5994.1,7192.9,4995.1,4025.9,121.8,552.1,534.6,415.2,124.9,96.2,846.8,251.0,1142.9,1035.4,448.4,870.1,172.7,1545.7,1322.2,2175.2,3392.9,2824.4,3192.1,1990.6,3414.3,1591.3,2220.0,4086.9,3799.1,3230.3,1696.4,5237.6,1133.3,1043.4,3047.8,2980.5,2780.7,897.6,3937.7,592.1,1019.8,2099.1,2325.3,2452.1,1114.6,2854.3,119.1,117.1,791.0,613.7,361.8,523.2,850.9,2509.1,2697.3,3030.7,4860.1,4949.3,4247.8,2295.6
20260822_松戸_10R,20260822,31,松戸,10,7468.8,5975.1,3597.5,9999.9,6135.1,9999.9,5632.2,9412.8,9999.9,2252.9,9999.9,3904.1,7011.6,3674.5,7989.9,9999.9,4491.0,9999.9,5726.1,9161.8,6940.7,2612.6,1503.5,2602.7,4267.9,1980.2,3578.8,303.6,9999.9,9999.9,9999.9,9999.9,9999.9,9999.9,9999.9,6607.0,3654.9,4738.8,2305.8,9999.9,8379.7,4433.1,9999.9,7989.9,9161.8,6135.1,9999.9,9999.9,9677.9,4267.9,1980.2,5089.9,434.6,6135.1,3435.6,5975.1,6362.3,4979.2,4065.9,9999.9,5923.5,9999.9,4771.7,7083.8,3505.8,2471.7,5410.5,4065.9,4294.6,5586.4,2535.5,1162.6,774.6,574.5,1997.4,3109.2,1360.6,2107.7,2188.3,1684.1,3335.6,2526.2,5368.2,966.4,6940.7,3674.5,1497.0,2987.5,7388.5,9999.9,6421.8,4979.2,4065.9,3081.3,3000.5,7720.6,8379.7,4189.8,9999.9,7157.6,7157.6,9999.9,9412.8,9999.9,9999.9,3817.4,3796.3,2260.3,1253.9,5726.1,3040.4,7157.6,5410.5,6246.7,1308.8,7989.9,2275.2,3319.5,2147.3,5166.4,2462.8,1930.1,2974.6,1924.7,2402.5,3287.7,3838.7,1713.5,997.2,3817.4,1025.5,1349.9,2223.7,570.2,1019.4,818.9,2663.3,299.2,463.6,217.8,9543.5,9412.8,8379.7,7720.6,7157.6,8923.8,7157.6,1055.5,715.0,730.2,193.9,2127.3,189.3,337.6,2282.8,1717.8,1240.3,628.0,3971.8,447.6,1113.6,1296.4,1748.4,1461.9,272.7,3597.5,520.1,877.5,4241.5,6544.1,2516.9,8589.2,5541.4,6671.2,4491.0,1214.0,419.2,317.2,359.3,1014.9,1847.1,673.6,3368.3,717.2,621.8,1565.2,923.5,1316.3,1726.4,455.9,347.5,573.5,1484.0,910.1,1388.1,201.7,9958.5,1628.2,3674.5,2684.1,9999.9,9412.8,7720.6,5052.4,2353.2,1789.4,1722.1,5015.6,3904.1,2337.2,7157.6,4348.9,2489.6,2480.6,7898.1,2863.0,4943.4,2428.0,1066.9,1803.5,409.4,3754.8,2063.4,3319.5,317.9,161.8,309.8,939.9,259.5,703.3,30.6,651.9,673.0,636.8,1500.2,1145.2,2563.9,213.9,180.9,474.5,452.6,703.3,166.0,289.8,67.1,348.9,383.0,445.6,1374.2,654.4,1080.4,106.7,2936.4,4738.8,4041.9,3418.5,5089.9,6803.3,854.6,315.3,755.9,197.7,660.7,2003.3,918.6,105.8,1428.5,3319.5,807.4,1752.9,4461.9,1487.3,486.6,3.6,32.0,8.9,19.7,117.1,18.6,81.1,9999.9,9999.9,9999.9,9999.9,9999.9,9999.9,9999.9,9999.9,6304.0,3505.8,9999.9,9999.9,9999.9,9999.9,9999.9,9999.9,7898.1,9999.9,9999.9,9999.9,9999.9,9999.9,3560.2,7989.9,5052.4,9999.9,9999.9,9999.9,8278.7,9999.9,9999.9,5774.2,9999.9,9999.9,4771.7,9999.9,9999.9,9999.9,9816.2,9999.9,9999.9,9999.9,9999.9,9999.9,9999.9,9999.9,9999.9,9999.9,9999.9,9999.9,9999.9,9999.9,9999.9,5166.4,9999.9,9999.9,4139.3,2642.8,4580.9,2337.2,9999.9,8083.9,2516.9,3949.0,2127.3,2602.7,1822.6,5089.9,3123.3,1651.7,1281.9,685.0,845.1,190.9,2216.5,171.9,261.9,4139.3,2345.1,1817.8,1817.8,5823.1,4376.6,2454.0,721.7,1073.6,240.2,1379.7,3027.0,1178.6,200.3,9999.9,9999.9,8083.9,9999.9,8589.2,9999.9,9999.9,6940.7,6027.5,773.8,4908.1,2653.0,7720.6,2544.9,1722.1,2015.0,240.4,1775.5,172.9,4189.8,1852.1,9999.9,7720.6,7898.1,4674.4,9999.9,9999.9,8697.9,9999.9,6027.5,7989.9,9161.8,7550.9,9958.5,9999.9,5632.2,5326.6,5368.2,2127.3,7083.8,1620.6,2961.7,8083.9,9816.2,7634.8,5975.1,9999.9,7011.6,6803.3,4215.5,8697.9,2337.2,6135.1,5541.4,3401.6,1461.9,9999.9,9999.9,9999.9,9999.9,9999.9,9999.9,9999.9,9999.9,5453.4,1561.6,5632.2,2275.2,9999.9,4065.9,7083.8,9999.9,2961.7,8278.7,1827.4,9999.9,4376.6,1471.3,837.9,1857.1,207.2,3287.7,1162.6,2160.8,1842.1,1281.9,971.9,414.6,1919.3,1135.7,2737.5,540.6,654.4,760.1,104.6,2321.4,188.1,365.8,1624.4,496.8,798.0,233.7,2863.0,1065.3,2369.4,7.4,34.6,10.9,26.0,173.7,19.7,113.0,5632.2,5726.1,5205.5,8483.1,1616.7,6803.3,9816.2,943.8,1101.1,128.1,855.7,119.3,2961.7,1141.4,3210.9,4706.4,1431.5,3287.7,749.3,5923.5,1963.2
20260822_松戸_11R,20260822,31,松戸,11,2318.3,883.0,877.2,3123.2,688.3,723.0,844.3,4527.7,9501.8,2985.0,6814.4,2334.3,6814.4,3323.3,2498.6,9999.9,4527.7,8649.1,3373.1,4138.8,4269.8,789.9,1682.3,1955.4,2507.9,303.3,1322.8,483.2,6746.3,9637.5,9637.5,7332.9,6133.0,7754.3,2204.6,410.8,675.3,1444.6,203.2,2128.1,774.5,358.2,1011.4,4750.9,2834.5,1770.6,5440.5,1543.7,1703.6,527.8,1173.2,1621.7,495.3,478.4,355.6,1120.6,1966.8,467.8,517.7,3459.6,286.3,422.7,570.2,3855.0,3339.7,1828.2,8995.0,1328.0,1927.5,5440.5,350.0,1206.8,239.9,1536.7,150.3,133.9,684.2,304.4,710.1,210.5,1848.3,67.3,141.4,680.7,6133.0,9369.8,5354.2,7844.5,4924.3,4324.5,7027.4,220.8,303.6,138.9,73.6,1396.7,107.6,421.3,181.5,667.2,61.2,101.5,1237.8,66.9,326.6,972.0,3108.8,1441.5,1429.3,3339.7,987.7,977.7,5354.2,8227.2,2870.7,6746.3,3212.5,6133.0,3968.4,6133.0,7254.0,2753.5,9999.9,2101.6,4652.6,8995.0,8761.4,9637.5,9999.9,7332.9,4380.7,9999.9,9999.9,4269.8,2614.8,9921.0,9999.9,560.3,3339.7,5397.0,9921.0,9999.9,8995.0,9999.9,9999.9,9999.9,8031.3,2453.2,1803.8,3011.7,477.7,8761.4,2536.2,2545.7,7332.9,5621.9,9999.9,4652.6,9999.9,3877.1,6954.9,4717.6,9999.9,9999.9,7413.5,7936.8,4717.6,6364.4,3011.7,8539.6,5397.0,9999.9,3968.4,4589.3,5072.4,1482.7,4113.6,1270.4,5229.6,961.0,1031.5,2169.2,9999.9,8328.7,9999.9,7936.8,3877.1,9999.9,9999.9,5717.2,2007.8,9999.9,6954.9,2032.0,5866.3,6746.3,9999.9,8995.0,9369.8,8432.8,9999.9,9999.9,9999.9,3811.4,1499.1,3495.4,1966.8,8227.2,3646.6,5034.5,4409.3,1522.8,9999.9,6425.0,9999.9,4527.7,8539.6,5229.6,5766.0,9999.9,8995.0,9999.9,5866.3,9999.9,320.1,711.6,1089.8,1703.6,142.6,582.0,288.6,209.0,242.3,177.5,1328.0,49.6,118.4,433.2,1183.5,544.0,2489.4,4015.6,228.8,1302.3,1423.2,2435.4,810.8,3094.6,3356.3,781.7,2286.8,3080.5,4997.2,4652.6,6023.4,4467.7,1349.2,6364.4,4527.7,22.3,10.5,11.2,117.4,281.8,34.6,52.7,457.3,191.9,837.0,1098.7,2677.1,136.3,966.5,500.0,818.7,1045.9,1938.5,1712.2,335.6,1657.5,9999.9,6304.9,9999.9,9999.9,9999.9,9999.9,3877.1,9999.9,9637.5,8328.7,9999.9,9999.9,9999.9,9999.9,9999.9,9999.9,7844.5,9999.9,9999.9,9999.9,9999.9,9999.9,9999.9,8876.7,7101.3,9999.9,9999.9,9999.9,9241.5,9999.9,9999.9,7580.1,3182.2,9999.9,9999.9,9999.9,9999.9,9999.9,9999.9,3441.9,9999.9,9116.6,9999.9,9999.9,9999.9,9999.9,9999.9,9999.9,9999.9,3922.2,9999.9,9369.8,9999.9,9999.9,9999.9,9999.9,223.3,278.8,948.8,84.5,1843.2,378.1,257.2,151.2,134.5,192.9,48.4,1033.1,111.1,270.5,304.1,198.0,878.4,61.5,1766.0,446.7,483.2,1678.1,712.3,1285.0,617.7,3550.6,1565.2,2326.3,16.2,8.0,6.4,102.2,212.2,27.4,41.3,4467.7,3646.6,3588.4,6549.8,1029.9,5072.4,3899.6,378.7,181.6,421.1,924.1,110.3,2056.8,608.8,542.3,647.4,684.9,1699.3,250.5,1649.4,1133.8,616.6,3137.8,1911.1,1060.7,4190.2,1044.3,1020.6,214.1,641.8,78.4,106.7,1263.3,102.6,499.3,4818.7,2367.1,6883.9,2318.3,9999.9,1927.5,6425.0,2342.4,635.2,4324.5,2162.2,6023.4,1789.4,3790.0,646.1,222.1,1183.5,1165.1,3627.0,140.3,1362.8,8432.8,4853.4,9999.9,8649.1,8761.4,7413.5,7413.5,518.1,184.7,556.6,839.0,139.5,2498.6,948.8,1669.8,1598.6,3768.8,3877.1,2720.2,3790.0,1900.3,871.6,1972.6,2342.4,849.6,547.1,629.3,1587.3,1743.2,3922.2,2555.4,2375.4,4467.7,1135.7,2584.7,3811.4,7332.9,9999.9,4558.3,6425.0,3588.4,8227.2,5034.5,4620.7,9999.9,7413.5,9369.8,5270.5,8539.6,1069.1,1916.5,2720.2,4324.5,4064.0,675.9,3094.6,1485.9,4558.3,5149.8,8539.6,5229.6,3152.4,6425.0,1005.4,1376.7,1463.4,3706.7,815.7,2945.9,2400.8,2764.8,3094.6,7101.3,6077.7,3945.2,6746.3,2799.2
20260822_松戸_12R,20260822,31,松戸,12,755.1,1782.5,1163.9,448.3,1208.4,669.9,1084.6,786.0,895.3,568.8,535.7,603.5,180.5,416.0,2239.3,1336.9,1221.4,1437.0,1134.4,979.3,474.5,1402.3,712.5,1193.6,716.3,246.0,489.1,659.6,434.1,492.1,799.1,519.5,527.5,373.8,519.6,1502.2,800.0,1108.1,383.2,813.6,696.1,765.0,357.0,103.0,416.7,241.9,240.9,277.2,181.0,885.4,377.0,214.3,462.7,468.8,462.2,251.6,933.8,1899.0,1485.6,514.4,1337.7,765.5,1246.2,944.5,2628.0,1590.0,746.9,1776.6,615.6,1285.7,2948.9,3745.2,4299.5,1928.0,3607.0,2885.6,2473.8,1956.1,1897.4,3588.9,1371.9,1441.8,1902.4,2493.9,275.9,417.9,748.0,545.3,602.5,290.9,439.6,1851.6,2423.6,2843.6,1789.9,1637.2,1909.2,2375.4,496.2,381.9,1343.6,1075.9,379.6,1143.4,659.8,1215.2,1331.1,1358.8,2109.6,847.0,1660.0,1091.8,655.6,874.9,492.1,508.5,548.1,157.4,364.9,725.0,1747.7,1105.2,537.5,1227.7,441.4,931.4,1170.2,2357.2,1392.3,1721.1,1371.0,616.3,727.2,593.6,1089.5,1275.0,917.9,329.8,279.9,589.4,459.2,513.4,1243.3,810.0,907.4,241.9,542.0,614.9,1249.8,1140.4,422.1,1045.6,334.3,511.2,55.8,150.9,169.4,89.5,98.7,96.7,55.1,260.3,642.2,307.5,407.6,475.1,346.6,113.8,3553.3,2431.8,2145.4,2647.5,1970.4,1585.3,694.3,3428.6,4094.8,4593.5,2700.7,4290.9,3600.9,2329.1,2499.7,3738.7,3506.9,3267.1,3124.6,1277.3,1281.9,3075.5,5070.2,3811.6,3227.8,2216.2,3804.9,1678.2,2932.8,2874.0,3428.6,3428.6,4087.0,2218.5,1851.6,2893.3,4777.2,3738.7,2532.1,4174.3,3588.9,1954.3,1606.7,3327.8,1097.3,3138.3,2227.7,2981.6,965.3,312.8,894.2,492.5,564.5,666.1,533.5,443.0,1851.6,887.2,1704.8,1107.5,351.8,525.1,907.0,2136.9,1866.1,3417.7,1607.9,1362.3,1895.7,2529.1,873.1,1524.6,1999.7,1599.5,464.1,459.3,882.8,2124.2,4290.9,2370.2,2493.9,1073.2,2253.4,1548.8,1115.6,1376.2,1454.5,2075.0,583.2,1293.4,1676.8,173.0,641.3,263.5,411.2,316.7,221.3,289.3,432.2,1203.6,329.7,1220.0,903.2,286.8,531.5,865.1,2334.1,896.1,879.9,1450.5,444.0,743.0,308.7,306.1,691.6,366.2,367.9,270.7,431.5,200.0,284.8,556.0,346.7,381.1,237.3,325.2,333.2,420.8,971.8,524.7,567.3,233.1,525.3,1172.8,1383.3,1824.9,1592.4,1510.7,1437.9,864.7,483.3,692.3,589.4,1157.0,279.4,603.0,956.7,668.4,923.8,1019.3,1287.2,515.0,841.3,1052.2,302.1,362.5,246.5,693.6,545.4,502.0,415.3,438.8,512.2,557.6,355.2,795.9,693.4,455.8,2216.2,1253.5,1963.2,530.6,1587.7,1189.0,1237.6,2407.3,2493.9,3662.3,1872.6,2267.6,2223.1,2055.2,1075.9,2306.6,2198.1,605.2,2132.7,647.9,924.6,2412.7,4745.6,2191.4,1500.1,3995.8,2412.7,2016.6,258.2,858.5,334.0,690.3,547.0,359.1,434.3,1600.7,2262.9,2223.1,3102.1,1016.9,1756.3,2160.5,894.6,1947.2,528.8,1549.9,524.8,1420.8,698.6,1149.6,2225.4,897.6,1183.1,686.8,2051.3,854.7,185.5,39.8,233.2,113.6,112.8,124.8,94.1,303.0,150.1,765.3,534.7,238.2,568.7,358.2,24.2,79.2,95.6,42.0,57.1,52.7,29.1,567.8,1164.5,283.3,909.7,797.0,782.3,405.1,193.4,531.7,100.2,598.1,393.2,111.6,253.5,180.3,284.5,124.4,444.9,328.5,302.1,272.1,255.5,661.6,138.6,614.0,198.1,373.5,290.8,78.0,224.1,39.1,85.7,152.4,175.8,155.7,481.5,248.9,129.8,280.1,272.5,311.2,134.7,670.5,760.7,637.3,1079.7,470.7,986.1,572.9,193.2,481.3,204.9,294.7,312.1,332.1,87.8,61.5,287.0,111.7,92.2,125.3,95.5,85.5,393.9,1050.7,485.4,298.8,688.5,182.8,326.5,253.9,398.3,410.9,211.0,460.3,384.9,253.4,449.8,1057.9,478.1,311.0,326.0,635.2,379.6,63.2,221.2,48.8,81.9,125.2,135.5,126.3
20260822_西武園_1R,20260822,26,西武園,1,287.3,541.5,108.3,718.3,160.5,,,186.4,107.8,70.4,477.2,204.9,,,733.2,236.6,278.2,1245.9,703.9,,,51.2,58.1,106.9,35.8,84.1,,,1676.0,1618.2,2199.8,353.7,1928.6,,,182.6,375.4,809.1,190.2,1257.0,,,,,,,,,,,,,,,,,349.3,737.1,133.3,1058.5,173.6,,,301.4,152.8,216.9,1144.6,122.6,,,957.7,250.5,487.1,1564.3,279.9,,,154.2,358.2,361.0,363.8,128.1,,,1852.5,2101.3,2308.0,1213.7,1144.6,,,79.6,70.6,103.3,50.6,376.4,,,,,,,,,,,,,,,,,60.9,38.3,20.2,217.9,73.8,,,79.0,49.3,68.6,251.8,57.6,,,17.8,16.2,11.7,119.0,23.1,,,22.1,52.1,32.1,80.0,76.6,,,584.1,729.4,495.7,384.6,1144.6,,,108.2,42.3,65.9,108.8,492.2,,,,,,,,,,,,,,,,,984.5,283.2,466.1,3199.8,1042.9,,,991.4,308.0,752.8,1547.1,612.1,,,81.2,61.3,46.8,345.0,78.3,,,469.3,696.9,213.9,737.1,920.2,,,3610.0,2607.2,1203.3,1497.7,1074.7,,,1074.7,543.5,304.7,902.5,1738.1,,,,,,,,,,,,,,,,,87.5,53.1,142.3,53.0,111.7,,,226.3,314.9,545.7,517.6,325.9,,,85.7,205.8,138.0,321.4,256.4,,,374.4,612.1,230.4,700.4,914.2,,,168.4,549.9,563.1,586.6,506.4,,,198.5,319.9,373.4,838.0,506.4,,,,,,,,,,,,,,,,,3274.2,3060.6,3805.1,648.8,3705.0,,,3274.2,2995.5,1035.2,2270.8,2101.3,,,2656.4,2933.1,1599.9,1782.1,3610.0,,,4541.6,3199.8,1955.4,1782.1,6121.3,,,554.2,1436.6,1599.9,1035.2,1135.4,,,2308.0,1497.7,4140.9,4854.8,1193.1,,,,,,,,,,,,,,,,,236.6,437.2,799.9,241.0,1451.4,,,92.5,54.3,87.6,63.5,382.5,,,317.0,94.1,115.6,251.4,1245.9,,,858.4,207.3,162.9,642.8,1782.1,,,257.3,236.2,394.3,782.1,474.0,,,2470.0,1407.9,2559.8,2995.5,1193.1,,,,,,,,,,,,,,,,,,,,,,,,,,,,,,,,,,,,,,,,,,,,,,,,,,,,,,,,,,,,,,,,,,,,,,,,,,,,,,,,,,,,,,,,,,,,,,,,,,,,,,,,,,,,,,,,,,,,,,,,,,,,,,,,
20260822_西武園_2R,20260822,26,西武園,2,326.7,96.0,65.3,90.5,150.9,,,905.5,1109.8,1701.0,2303.9,777.8,,,48.0,284.3,99.7,207.0,105.0,,,69.0,892.1,104.2,598.7,165.6,,,596.7,2600.1,1189.5,1338.2,1625.0,,,169.3,263.7,222.2,411.7,589.0,,,,,,,,,,,,,,,,,248.3,104.2,32.4,102.1,99.7,,,442.8,764.7,194.8,455.0,266.8,,,294.9,846.5,201.5,375.2,446.0,,,12.4,45.8,42.1,6.9,13.8,,,128.3,300.8,287.0,35.8,140.8,,,115.6,102.0,289.8,39.3,123.2,,,,,,,,,,,,,,,,,1300.0,2333.4,1555.6,5055.7,1205.3,,,978.5,1639.7,654.7,1028.2,401.7,,,3370.5,2935.6,4136.5,2493.2,1034.1,,,2166.7,846.5,3084.8,2676.5,767.9,,,2363.7,3033.4,2983.7,4789.6,2935.6,,,423.2,172.6,318.1,276.6,674.1,,,,,,,,,,,,,,,,,182.0,666.6,243.6,666.6,420.3,,,508.4,2275.1,671.6,1089.8,1479.7,,,2394.8,3309.2,3500.1,2843.8,2303.9,,,406.2,478.9,3033.4,2068.2,1569.0,,,2889.0,2426.7,3250.1,2426.7,4333.5,,,978.5,1389.3,1529.4,1596.5,2527.8,,,,,,,,,,,,,,,,,70.8,634.1,114.6,419.3,166.6,,,21.4,78.4,61.5,6.7,26.4,,,1151.9,385.6,1582.6,1358.2,610.7,,,358.2,369.9,1290.8,952.9,928.6,,,708.2,120.8,1467.8,1181.8,587.1,,,173.1,83.1,168.2,654.7,393.9,,,,,,,,,,,,,,,,,1857.2,5200.2,4232.7,3640.1,3872.5,,,947.9,2333.4,1978.3,327.3,952.9,,,6500.3,5200.2,2983.7,7913.4,4136.5,,,4136.5,2983.7,3193.1,2843.8,5055.7,,,1456.0,378.3,4439.2,2459.5,1221.5,,,5055.7,1767.0,4333.5,5871.2,2363.7,,,,,,,,,,,,,,,,,118.9,197.6,159.2,258.9,437.5,,,120.5,62.8,231.8,51.2,61.4,,,88.9,39.0,123.5,84.5,124.3,,,340.2,538.4,486.6,801.7,1205.3,,,151.2,70.6,120.3,514.1,383.1,,,1130.4,465.4,602.6,1338.2,784.5,,,,,,,,,,,,,,,,,,,,,,,,,,,,,,,,,,,,,,,,,,,,,,,,,,,,,,,,,,,,,,,,,,,,,,,,,,,,,,,,,,,,,,,,,,,,,,,,,,,,,,,,,,,,,,,,,,,,,,,,,,,,,,,,
20260822_西武園_3R,20260822,26,西武園,3,175.3,30.2,100.1,419.4,74.8,,,409.6,209.7,381.2,837.2,359.0,,,10.4,47.6,7.2,62.1,17.1,,,159.6,223.3,35.2,258.4,169.0,,,772.3,1101.6,279.0,575.0,654.1,,,140.0,207.8,80.9,180.2,573.4,,,,,,,,,,,,,,,,,156.2,41.1,134.6,390.5,75.0,,,325.5,249.7,1182.5,648.0,145.6,,,51.7,116.4,275.7,381.9,48.8,,,695.3,1562.0,786.8,2012.6,914.0,,,1359.1,1495.1,1300.0,1292.0,964.5,,,48.9,43.3,59.8,274.6,232.8,,,,,,,,,,,,,,,,,752.9,464.1,906.1,1368.0,615.6,,,747.5,452.0,1505.8,1125.3,288.7,,,452.0,431.5,1276.3,1414.2,529.9,,,2275.1,2867.3,2907.1,3672.1,2351.8,,,1974.6,1729.8,1885.7,2462.5,1443.5,,,451.1,239.2,527.2,1090.1,714.3,,,,,,,,,,,,,,,,,8.5,45.6,10.4,70.5,16.7,,,29.7,88.1,186.0,286.7,24.1,,,258.7,219.4,811.2,719.2,252.4,,,167.1,599.7,969.0,752.9,575.0,,,466.1,763.9,918.0,1341.7,786.8,,,93.9,64.8,139.9,399.4,388.3,,,,,,,,,,,,,,,,,1316.4,1463.7,341.4,1920.3,1156.4,,,1474.0,3171.4,1938.1,4651.4,2032.1,,,3124.1,4550.3,3672.1,5508.2,2649.5,,,455.0,1648.1,2135.8,2032.1,1902.8,,,3220.2,4867.7,4983.6,2990.2,3322.4,,,1868.8,2683.5,3270.5,3078.1,2907.1,,,,,,,,,,,,,,,,,1090.1,2180.3,690.8,729.3,1031.1,,,2093.1,1758.9,1610.1,3876.2,1463.7,,,2649.5,2012.6,2275.1,3949.3,1758.9,,,934.4,1308.2,1453.5,1956.2,1773.8,,,2649.5,4550.3,4550.3,2521.8,2990.2,,,2052.1,2012.6,1701.7,2325.7,2828.5,,,,,,,,,,,,,,,,,211.6,332.7,230.2,531.2,686.2,,,104.2,79.1,140.1,601.4,342.0,,,295.6,144.9,328.5,938.6,468.2,,,222.4,189.2,394.9,934.4,1137.5,,,1550.4,1585.7,2012.6,1920.3,2325.7,,,1852.3,1527.8,1463.7,2405.9,2828.5,,,,,,,,,,,,,,,,,,,,,,,,,,,,,,,,,,,,,,,,,,,,,,,,,,,,,,,,,,,,,,,,,,,,,,,,,,,,,,,,,,,,,,,,,,,,,,,,,,,,,,,,,,,,,,,,,,,,,,,,,,,,,,,,
20260822_西武園_4R,20260822,26,西武園,4,635.0,646.4,380.7,1499.3,1308.5,,,183.2,30.0,35.8,334.2,98.1,,,254.0,45.2,58.5,502.1,282.6,,,67.4,19.8,29.0,22.5,148.7,,,1755.3,1277.5,1478.8,471.4,2878.8,,,1468.7,583.5,749.6,830.4,3175.1,,,,,,,,,,,,,,,,,1814.3,1623.4,942.8,2917.7,2481.7,,,1449.0,817.8,867.1,3321.7,1154.6,,,1553.3,959.6,1673.7,2998.7,1769.7,,,752.3,811.7,1384.0,981.4,2076.0,,,4152.1,5266.1,5021.2,2017.8,6542.8,,,3041.0,2225.9,2957.7,2840.9,5140.7,,,,,,,,,,,,,,,,,185.8,25.1,42.7,416.0,79.7,,,411.2,226.7,338.9,1033.0,360.4,,,13.1,46.8,15.0,194.6,8.2,,,50.2,143.0,47.3,226.7,103.2,,,1411.1,2425.9,914.8,731.9,1861.3,,,79.6,133.5,35.3,87.8,504.4,,,,,,,,,,,,,,,,,269.8,53.8,67.4,543.8,320.3,,,714.9,490.7,1048.1,2036.9,1308.5,,,26.4,107.4,29.0,304.9,18.8,,,111.2,332.1,110.3,476.6,521.5,,,2203.1,2425.9,1255.3,1635.7,3855.5,,,773.8,1090.4,322.2,1058.3,2346.8,,,,,,,,,,,,,,,,,52.3,21.4,46.5,23.6,216.9,,,212.9,338.9,656.2,372.2,1028.1,,,42.5,130.7,97.3,125.3,216.1,,,137.3,327.6,128.2,480.8,635.0,,,84.5,190.0,172.0,556.4,714.9,,,946.9,1553.3,808.6,1489.0,1439.4,,,,,,,,,,,,,,,,,3373.6,3084.4,3659.5,1186.3,6350.3,,,4073.8,4593.8,4073.8,2425.9,6542.8,,,3722.6,5021.2,1962.8,2372.6,4318.2,,,3998.3,4152.1,2249.0,2346.8,7445.2,,,888.5,1542.2,1219.8,2296.9,2733.0,,,7711.1,7996.7,5997.5,7711.1,4152.1,,,,,,,,,,,,,,,,,2840.9,1509.8,1576.0,2399.0,6168.9,,,2570.3,2116.7,2957.7,2998.7,5021.2,,,652.3,1384.0,344.9,660.2,2804.0,,,1023.2,2733.0,466.3,1043.0,3787.9,,,1090.4,2665.5,867.1,1101.5,2425.9,,,6542.8,6964.9,6168.9,7445.2,3659.5,,,,,,,,,,,,,,,,,,,,,,,,,,,,,,,,,,,,,,,,,,,,,,,,,,,,,,,,,,,,,,,,,,,,,,,,,,,,,,,,,,,,,,,,,,,,,,,,,,,,,,,,,,,,,,,,,,,,,,,,,,,,,,,,
20260822_西武園_5R,20260822,26,西武園,5,426.9,167.0,95.1,1025.9,111.8,,,1110.1,550.8,754.3,3183.5,1482.7,,,373.8,534.5,205.5,340.3,466.5,,,61.2,238.6,51.9,247.1,67.2,,,4329.6,5550.8,1932.8,2517.2,4329.6,,,208.1,852.3,410.7,225.5,1462.7,,,,,,,,,,,,,,,,,195.5,104.1,50.9,409.2,50.1,,,182.5,57.9,186.6,401.6,67.8,,,99.7,44.6,92.1,61.4,28.5,,,58.6,158.8,96.9,344.7,37.6,,,1718.1,970.7,324.0,925.1,397.2,,,11.1,17.0,5.2,7.4,48.7,,,,,,,,,,,,,,,,,1056.0,997.6,1133.4,4163.1,1482.7,,,709.7,285.5,442.7,1387.7,328.5,,,458.6,174.8,389.3,88.3,237.1,,,1133.4,813.8,1133.4,3865.7,1280.9,,,3330.5,2405.3,749.0,3330.5,2740.3,,,1230.0,467.5,543.9,1077.0,2004.4,,,,,,,,,,,,,,,,,724.0,608.1,609.8,493.1,887.2,,,467.5,206.7,426.9,243.2,191.9,,,279.3,171.8,258.9,48.2,219.3,,,751.6,698.3,622.0,514.2,664.0,,,542.5,417.1,131.2,463.5,401.6,,,756.9,306.6,390.7,674.4,371.3,,,,,,,,,,,,,,,,,118.8,317.8,126.6,458.6,113.9,,,206.3,464.5,360.8,975.1,140.3,,,1035.8,764.9,1030.8,3382.5,1182.9,,,537.1,698.3,862.4,658.0,687.2,,,2122.3,2517.2,5412.1,2164.8,2004.4,,,303.6,207.5,801.7,555.0,1312.0,,,,,,,,,,,,,,,,,5850.9,6765.1,6185.2,5412.1,5850.9,,,5412.1,4810.7,2848.4,4510.0,2488.3,,,6983.3,5280.1,1396.6,6560.1,6013.4,,,4084.6,2303.0,1189.4,2608.2,2432.4,,,5850.9,5412.1,7216.1,3382.5,3330.5,,,7731.5,2546.8,7464.9,3669.2,3330.5,,,,,,,,,,,,,,,,,154.8,835.8,467.5,248.8,1557.4,,,31.5,46.0,18.9,23.7,121.3,,,1151.5,291.3,606.3,945.3,1932.8,,,601.3,158.8,503.4,440.9,392.8,,,272.3,130.7,698.3,424.4,1104.5,,,3865.7,993.0,3732.4,1304.1,2278.7,,,,,,,,,,,,,,,,,,,,,,,,,,,,,,,,,,,,,,,,,,,,,,,,,,,,,,,,,,,,,,,,,,,,,,,,,,,,,,,,,,,,,,,,,,,,,,,,,,,,,,,,,,,,,,,,,,,,,,,,,,,,,,,,
20260822_西武園_6R,20260822,26,西武園,6,1168.4,1792.8,2115.8,1909.4,544.9,,,1223.2,466.9,295.7,400.7,275.0,,,1792.8,561.8,1357.5,2302.5,818.3,,,2668.9,893.0,1586.9,1486.4,1249.2,,,2007.3,449.0,2638.9,527.7,348.4,,,451.6,237.2,690.7,394.7,256.6,,,,,,,,,,,,,,,,,1034.6,1477.1,2078.4,1505.5,452.5,,,671.0,260.6,368.7,815.5,219.4,,,752.7,179.1,812.6,672.9,240.6,,,2325.3,597.6,876.3,1012.3,1229.6,,,1486.4,1053.2,1312.0,1806.6,221.5,,,148.4,53.1,127.0,281.6,30.1,,,,,,,,,,,,,,,,,790.7,271.5,202.8,370.4,206.9,,,610.0,222.8,353.7,718.2,210.2,,,52.4,58.2,11.1,100.2,16.2,,,125.9,231.1,31.8,287.4,62.6,,,824.0,1180.2,425.4,538.6,365.8,,,151.1,96.7,41.4,63.4,124.2,,,,,,,,,,,,,,,,,1242.6,323.9,798.8,1458.7,518.4,,,618.0,182.6,671.0,807.0,178.4,,,61.5,62.9,11.3,74.9,21.0,,,602.2,1053.2,115.0,921.0,407.0,,,1449.7,1140.1,533.7,978.6,520.7,,,209.5,124.6,46.9,202.4,102.8,,,,,,,,,,,,,,,,,2796.0,1077.3,1739.7,2060.2,1806.6,,,2763.1,899.8,1180.2,1162.6,1925.1,,,521.9,970.5,172.8,896.4,335.5,,,1319.4,2135.1,279.2,1665.7,1012.3,,,2609.6,2730.9,1714.3,2042.3,1255.9,,,1665.7,1864.0,498.6,1113.1,1012.3,,,,,,,,,,,,,,,,,2194.9,505.0,2899.5,599.1,428.5,,,1739.7,1752.7,1925.1,1849.3,335.0,,,1156.9,1806.6,738.5,869.8,541.1,,,1909.4,2154.7,1123.7,1849.3,1156.9,,,2236.8,3090.3,1458.7,2078.4,1381.5,,,410.6,229.1,277.6,531.3,450.7,,,,,,,,,,,,,,,,,161.9,100.0,319.1,240.8,85.2,,,57.4,28.6,56.7,143.6,19.8,,,68.8,40.4,33.6,49.5,41.5,,,186.5,71.6,41.9,196.7,85.2,,,602.2,441.4,226.9,456.9,362.4,,,46.2,29.7,35.0,70.3,90.4,,,,,,,,,,,,,,,,,,,,,,,,,,,,,,,,,,,,,,,,,,,,,,,,,,,,,,,,,,,,,,,,,,,,,,,,,,,,,,,,,,,,,,,,,,,,,,,,,,,,,,,,,,,,,,,,,,,,,,,,,,,,,,,,
20260822_西武園_7R,20260822,26,西武園,7,375.7,368.6,534.2,1273.9,1413.8,,,320.2,128.7,213.7,1058.7,1049.1,,,240.7,160.4,201.2,149.9,674.0,,,528.1,263.4,307.9,1656.1,575.3,,,2696.1,2696.1,878.2,3739.7,4067.8,,,2665.1,2318.6,2493.1,2273.1,5269.6,,,,,,,,,,,,,,,,,135.4,164.4,249.3,709.0,711.2,,,73.7,56.3,28.3,212.3,184.4,,,93.3,72.6,79.9,88.0,253.6,,,131.4,24.6,63.2,249.5,70.9,,,846.2,417.7,320.6,453.7,1035.1,,,772.8,497.5,616.6,346.0,1147.8,,,,,,,,,,,,,,,,,178.6,78.8,132.7,722.3,602.2,,,144.6,112.8,50.3,554.7,257.3,,,135.5,131.8,66.4,126.0,340.9,,,48.8,23.3,20.4,88.3,16.2,,,1476.8,1288.1,733.7,846.2,2415.2,,,995.1,504.0,700.4,192.7,1730.3,,,,,,,,,,,,,,,,,152.3,190.9,149.4,75.3,511.8,,,185.1,252.3,191.1,177.6,654.9,,,261.9,230.4,130.3,210.0,706.9,,,218.1,214.8,136.7,197.1,338.4,,,130.7,170.9,296.8,238.7,406.7,,,1380.1,1371.9,1295.3,1012.5,813.5,,,,,,,,,,,,,,,,,289.1,117.1,208.1,938.7,342.9,,,165.6,27.6,81.9,440.8,60.2,,,35.4,13.2,14.7,51.8,7.1,,,150.1,103.7,53.1,116.3,133.0,,,1811.4,931.1,468.4,499.7,651.3,,,231.4,72.6,30.8,124.4,265.5,,,,,,,,,,,,,,,,,3091.5,3265.7,1632.8,4140.4,6101.7,,,3091.5,1704.8,1078.4,2229.4,4293.7,,,4374.8,2547.9,1525.4,2760.2,5392.2,,,946.3,843.1,1525.4,1195.1,1981.7,,,3997.6,3176.2,1692.4,1769.9,2127.1,,,7026.2,6266.6,6266.6,4140.4,2727.8,,,,,,,,,,,,,,,,,4140.4,4140.4,2793.5,3050.8,7245.7,,,2634.8,1396.7,1998.8,1058.7,3929.9,,,3265.7,1621.4,1825.7,436.6,4546.3,,,3513.1,2793.5,2295.6,1505.6,2793.5,,,1769.9,750.3,238.5,905.7,1281.0,,,7995.3,4731.9,5945.2,3622.8,2576.2,,,,,,,,,,,,,,,,,,,,,,,,,,,,,,,,,,,,,,,,,,,,,,,,,,,,,,,,,,,,,,,,,,,,,,,,,,,,,,,,,,,,,,,,,,,,,,,,,,,,,,,,,,,,,,,,,,,,,,,,,,,,,,,,
20260822_西武園_8R,20260822,26,西武園,8,207.9,388.8,167.9,265.0,398.5,,,272.4,418.6,405.0,274.4,265.7,,,854.9,941.1,722.5,1160.5,914.2,,,301.4,546.3,434.9,713.3,799.9,,,219.8,202.7,437.4,357.8,299.0,,,636.3,371.4,629.1,746.6,551.6,,,,,,,,,,,,,,,,,71.2,120.1,55.4,127.3,135.2,,,69.9,69.2,28.2,155.2,74.9,,,158.7,79.5,27.4,337.3,133.3,,,26.2,14.1,5.6,73.3,46.2,,,110.0,238.5,210.9,164.8,369.0,,,220.8,136.1,141.4,119.7,357.8,,,,,,,,,,,,,,,,,223.5,378.3,309.7,296.2,252.8,,,139.4,129.2,45.9,276.5,103.7,,,532.0,222.2,209.3,1131.2,240.3,,,270.8,47.6,113.4,413.2,112.0,,,354.4,434.0,736.7,854.9,623.9,,,142.7,79.7,103.3,83.2,237.7,,,,,,,,,,,,,,,,,965.4,1237.4,874.9,2017.8,1204.2,,,507.9,252.2,85.4,1097.9,450.6,,,986.7,355.5,348.8,1791.8,581.7,,,493.3,65.7,223.5,868.1,373.3,,,2488.7,1646.9,1930.9,1566.3,2871.6,,,1523.7,759.2,724.8,769.7,2174.6,,,,,,,,,,,,,,,,,193.5,456.1,423.4,797.1,814.4,,,53.5,23.2,9.0,111.0,77.1,,,310.2,58.6,123.4,641.7,261.9,,,238.2,29.1,91.1,494.4,170.8,,,764.4,251.1,391.5,625.6,1265.4,,,1103.3,256.5,467.6,308.5,1382.6,,,,,,,,,,,,,,,,,258.0,281.0,362.4,341.4,358.9,,,321.8,340.9,605.3,245.0,1022.7,,,477.5,656.8,1154.5,1178.8,1178.8,,,1210.7,1365.7,1777.6,1197.7,2357.7,,,636.3,307.6,441.7,600.4,1230.6,,,995.4,1722.9,1473.5,2217.6,1964.7,,,,,,,,,,,,,,,,,921.7,678.7,982.3,1204.2,1061.5,,,454.3,282.0,311.0,296.2,724.8,,,274.1,248.3,260.1,248.0,749.1,,,1399.9,623.9,647.3,684.9,2635.1,,,1473.5,444.4,641.7,434.9,1763.6,,,1166.5,1588.5,1435.8,2133.1,2195.9,,,,,,,,,,,,,,,,,,,,,,,,,,,,,,,,,,,,,,,,,,,,,,,,,,,,,,,,,,,,,,,,,,,,,,,,,,,,,,,,,,,,,,,,,,,,,,,,,,,,,,,,,,,,,,,,,,,,,,,,,,,,,,,,
20260822_西武園_9R,20260822,26,西武園,9,171.0,49.5,32.7,301.2,107.5,,,305.8,200.8,314.9,633.9,330.2,,,22.7,47.7,15.3,93.9,5.5,,,35.5,140.2,50.6,101.4,108.6,,,633.9,918.5,613.1,432.3,842.2,,,152.4,197.1,39.0,151.2,506.0,,,,,,,,,,,,,,,,,329.8,93.1,96.8,537.3,223.5,,,645.6,718.0,482.0,1235.6,1126.9,,,122.2,428.5,154.0,647.4,177.0,,,79.0,164.0,83.7,48.7,119.3,,,1511.9,1390.9,1440.3,387.6,2154.1,,,488.8,954.6,427.0,604.0,1816.6,,,,,,,,,,,,,,,,,695.4,377.9,787.7,1301.7,780.2,,,894.9,1223.2,775.2,1530.9,1301.7,,,307.3,583.7,332.0,521.2,313.6,,,555.7,399.0,361.1,376.2,460.1,,,1655.9,1375.2,894.9,661.4,1044.7,,,901.5,1484.2,583.7,833.6,1241.9,,,,,,,,,,,,,,,,,39.1,57.2,26.8,190.7,6.9,,,124.3,550.7,237.2,950.8,219.8,,,219.6,683.7,442.5,898.2,284.7,,,107.5,246.8,320.7,430.0,154.9,,,943.5,1431.9,1383.0,1001.7,1022.7,,,21.8,158.3,118.5,90.9,448.2,,,,,,,,,,,,,,,,,101.7,344.7,135.5,234.7,340.4,,,78.1,105.7,77.4,27.1,109.7,,,601.0,257.0,349.2,263.4,482.9,,,196.9,177.6,361.7,300.5,267.4,,,421.1,72.3,216.3,237.0,334.8,,,679.9,343.8,965.9,486.8,622.5,,,,,,,,,,,,,,,,,2458.8,2674.9,2410.1,1979.0,2704.7,,,3081.3,2274.9,2274.9,785.2,3633.2,,,3688.2,3120.8,2045.5,1308.7,2932.8,,,3527.8,3688.2,3120.8,1655.9,2080.5,,,1415.2,516.8,943.5,866.2,1044.7,,,4270.6,4681.2,6085.6,3289.5,2062.9,,,,,,,,,,,,,,,,,538.5,672.4,104.7,532.6,1726.4,,,755.9,1475.3,814.1,1153.6,3245.6,,,1148.2,1844.1,753.6,1511.9,2932.8,,,66.4,437.0,355.3,263.4,1148.2,,,947.1,973.6,1344.8,583.7,1415.2,,,3990.5,4773.0,4270.6,2863.8,2062.9,,,,,,,,,,,,,,,,,,,,,,,,,,,,,,,,,,,,,,,,,,,,,,,,,,,,,,,,,,,,,,,,,,,,,,,,,,,,,,,,,,,,,,,,,,,,,,,,,,,,,,,,,,,,,,,,,,,,,,,,,,,,,,,,
20260822_西武園_10R,20260822,26,西武園,10,1394.8,903.5,392.0,2193.3,890.2,,,2045.1,948.8,592.3,2501.5,1903.7,,,906.2,776.1,325.1,1584.7,818.0,,,185.0,235.3,129.7,283.4,230.1,,,2543.6,2522.4,2102.0,890.2,2293.0,,,1065.8,2004.5,1058.3,663.7,1952.8,,,,,,,,,,,,,,,,,1022.5,530.1,333.3,1719.8,505.3,,,840.8,78.2,314.9,796.5,274.4,,,299.3,75.0,98.9,173.6,66.4,,,137.8,230.3,83.3,476.6,99.4,,,1940.3,1476.5,534.7,1077.1,595.8,,,140.5,105.1,24.0,41.9,70.7,,,,,,,,,,,,,,,,,1469.3,534.7,635.9,2073.2,1521.0,,,1069.5,100.9,347.1,925.6,353.6,,,99.5,33.1,24.9,46.4,59.4,,,317.9,335.9,74.4,627.9,397.2,,,1856.9,1277.1,337.0,852.6,1235.4,,,885.0,354.8,182.2,303.5,418.6,,,,,,,,,,,,,,,,,530.1,312.3,246.2,874.8,531.0,,,317.6,83.4,101.5,226.7,100.7,,,95.6,40.7,31.7,57.0,56.7,,,85.6,78.7,47.0,167.8,121.1,,,805.0,350.3,187.7,313.9,361.6,,,366.0,129.9,148.3,154.3,222.4,,,,,,,,,,,,,,,,,33.5,58.1,17.6,61.4,39.9,,,75.4,143.6,59.9,322.0,66.3,,,157.4,202.7,52.9,413.5,260.7,,,29.5,45.9,24.2,90.8,66.1,,,333.7,584.3,656.5,299.3,398.2,,,124.4,65.4,210.6,79.0,161.4,,,,,,,,,,,,,,,,,2031.4,2655.1,1710.1,1250.7,2004.5,,,1903.7,1891.8,1092.7,1513.4,855.0,,,2162.0,1812.5,627.9,1576.5,1560.2,,,1159.7,934.2,551.3,697.4,822.5,,,717.2,1299.0,1434.5,738.2,1008.9,,,1476.5,790.3,1505.9,855.0,973.2,,,,,,,,,,,,,,,,,496.2,1407.8,555.3,567.8,1441.3,,,183.5,126.9,30.4,56.6,64.5,,,831.5,273.9,199.9,318.2,429.9,,,434.2,85.1,183.5,147.0,172.8,,,271.2,86.4,330.4,123.1,213.3,,,1026.0,185.8,501.9,248.1,415.2,,,,,,,,,,,,,,,,,,,,,,,,,,,,,,,,,,,,,,,,,,,,,,,,,,,,,,,,,,,,,,,,,,,,,,,,,,,,,,,,,,,,,,,,,,,,,,,,,,,,,,,,,,,,,,,,,,,,,,,,,,,,,,,,
20260822_西武園_11R,20260822,26,西武園,11,185.8,48.7,166.4,49.6,58.1,,,447.6,324.0,466.0,371.4,467.7,,,48.2,129.3,137.2,27.8,75.1,,,356.5,342.7,232.1,293.4,430.5,,,44.9,124.1,12.8,108.5,81.6,,,133.0,481.3,143.6,417.5,152.9,,,,,,,,,,,,,,,,,109.9,25.0,98.0,35.5,22.8,,,245.6,344.6,171.5,481.3,163.5,,,75.7,290.3,287.7,192.3,102.8,,,187.8,147.8,311.0,287.0,123.9,,,71.3,262.5,191.1,229.1,103.5,,,9.0,29.1,24.1,31.8,44.1,,,,,,,,,,,,,,,,,648.0,580.1,499.7,885.6,1091.5,,,563.0,975.9,361.1,1041.2,496.7,,,1007.5,1232.0,782.5,1585.1,1490.2,,,197.6,208.2,318.2,423.9,288.3,,,1126.0,1050.0,1276.2,785.0,2242.0,,,942.6,824.0,1068.0,653.1,2109.0,,,,,,,,,,,,,,,,,139.1,333.6,317.8,102.1,195.1,,,206.0,870.1,736.2,474.0,345.1,,,960.8,1517.4,1015.7,1438.5,1626.5,,,824.0,1367.3,1115.9,1068.0,1659.1,,,182.0,473.1,968.3,792.5,787.5,,,448.4,501.7,1446.8,1790.4,975.9,,,,,,,,,,,,,,,,,363.3,280.2,217.1,281.8,371.9,,,279.3,260.3,582.8,608.4,189.3,,,131.9,157.9,257.3,294.8,180.3,,,490.8,1015.7,717.1,891.9,1208.0,,,278.0,596.8,447.6,654.9,843.6,,,419.6,276.2,396.9,1059.0,1019.9,,,,,,,,,,,,,,,,,49.0,165.5,20.5,134.0,80.2,,,87.5,317.0,238.6,270.5,132.1,,,375.9,407.3,832.3,369.7,1269.7,,,92.9,332.2,691.2,459.1,501.7,,,330.9,535.1,385.2,581.4,837.9,,,225.8,291.0,1185.0,522.8,846.4,,,,,,,,,,,,,,,,,148.4,738.4,248.6,564.3,248.8,,,31.5,85.6,88.5,79.5,103.9,,,1007.5,507.8,1430.2,765.7,1871.1,,,424.6,390.6,1309.8,1309.8,891.9,,,464.3,278.0,557.9,1276.2,1157.5,,,320.2,328.3,1565.1,785.0,1136.3,,,,,,,,,,,,,,,,,,,,,,,,,,,,,,,,,,,,,,,,,,,,,,,,,,,,,,,,,,,,,,,,,,,,,,,,,,,,,,,,,,,,,,,,,,,,,,,,,,,,,,,,,,,,,,,,,,,,,,,,,,,,,,,,
20260822_西武園_12R,20260822,26,西武園,12,69.6,51.2,111.9,45.7,116.5,,,60.4,30.7,70.6,75.8,32.8,,,20.1,13.5,5.5,32.5,27.5,,,196.9,136.7,36.4,207.7,258.0,,,74.9,112.3,108.7,184.7,177.2,,,136.8,51.9,91.6,207.8,163.3,,,,,,,,,,,,,,,,,165.6,117.5,231.7,94.4,295.9,,,241.2,507.4,608.3,210.7,360.9,,,148.8,344.0,272.6,206.2,617.9,,,734.5,932.3,697.2,599.1,1064.6,,,50.0,81.8,109.6,140.1,238.7,,,505.0,422.4,1036.6,1180.2,563.7,,,,,,,,,,,,,,,,,157.4,78.2,126.0,186.5,76.7,,,218.5,514.9,662.0,209.9,317.0,,,179.9,581.4,265.9,606.0,335.9,,,379.6,1189.1,523.4,1046.9,700.3,,,237.8,330.3,645.7,547.1,329.9,,,58.9,118.6,124.6,194.0,123.3,,,,,,,,,,,,,,,,,56.9,43.3,14.4,77.6,75.3,,,206.5,648.4,476.7,484.0,870.5,,,186.2,700.3,476.0,908.1,483.3,,,60.3,448.2,421.8,471.7,613.1,,,383.3,673.3,1057.5,814.3,1313.0,,,347.4,1221.4,537.7,905.5,1388.2,,,,,,,,,,,,,,,,,908.1,691.0,194.2,1029.8,1212.0,,,1400.6,1231.0,1235.8,1167.1,1515.0,,,1125.4,1981.9,1465.7,2334.3,1641.3,,,188.2,897.8,812.2,972.6,1175.8,,,2158.4,2173.3,2583.0,1921.5,2369.4,,,2115.0,2562.0,1780.4,2604.4,2917.9,,,,,,,,,,,,,,,,,228.6,466.1,428.7,631.5,597.9,,,114.6,165.1,282.6,204.7,367.7,,,586.8,518.3,1050.4,1318.5,578.2,,,622.7,669.0,1167.1,978.6,1507.8,,,1522.3,1250.5,2235.0,1632.8,2143.7,,,997.2,865.7,619.1,1667.3,1921.5,,,,,,,,,,,,,,,,,307.1,115.8,263.0,641.8,398.9,,,438.9,352.1,1265.6,1352.5,521.7,,,85.8,182.3,188.0,315.7,167.7,,,445.7,1329.6,539.6,913.4,1676.2,,,1583.6,2143.7,1202.8,1994.5,2501.0,,,946.3,840.3,530.5,1432.4,1685.2,,,,,,,,,,,,,,,,,,,,,,,,,,,,,,,,,,,,,,,,,,,,,,,,,,,,,,,,,,,,,,,,,,,,,,,,,,,,,,,,,,,,,,,,,,,,,,,,,,,,,,,,,,,,,,,,,,,,,,,,,,,,,,,,
20260822_富山_1R,20260822,46,富山,1,227.3,249.2,102.9,606.0,92.8,,,513.1,684.8,259.6,472.6,496.9,,,540.2,801.5,157.2,1288.4,661.3,,,70.2,107.6,21.9,172.5,81.5,,,1739.4,1073.7,1890.7,805.3,1831.0,,,164.4,461.3,472.6,199.7,1144.3,,,,,,,,,,,,,,,,,227.3,221.0,57.3,527.1,89.3,,,234.7,290.8,115.1,154.7,115.0,,,321.5,463.8,148.7,707.0,186.4,,,42.7,98.0,34.5,203.6,29.0,,,1067.1,545.2,707.0,426.3,570.3,,,40.5,32.8,56.4,13.8,100.4,,,,,,,,,,,,,,,,,574.0,388.2,137.2,322.7,390.8,,,434.8,601.8,211.0,249.9,194.5,,,442.6,1216.4,146.4,233.7,403.5,,,75.7,219.3,34.2,59.0,99.9,,,170.7,197.6,81.6,41.8,97.9,,,454.1,196.7,501.2,210.8,250.6,,,,,,,,,,,,,,,,,1023.2,1288.4,308.4,1688.7,1144.3,,,1047.8,1656.6,637.1,1774.9,925.2,,,1688.7,2174.3,593.6,756.2,1831.0,,,103.1,461.3,370.8,275.2,352.1,,,2174.3,2635.5,1474.1,961.0,2999.0,,,988.3,1167.4,1870.3,616.8,2288.7,,,,,,,,,,,,,,,,,36.7,43.8,11.8,94.1,46.5,,,62.7,158.7,91.4,467.5,66.3,,,72.5,257.3,76.0,119.6,176.9,,,15.4,115.1,54.0,64.9,71.5,,,232.2,1136.8,214.2,163.9,593.6,,,112.1,116.6,270.1,118.0,406.4,,,,,,,,,,,,,,,,,1870.3,1474.1,2899.0,1100.9,2558.0,,,2022.6,1461.7,2319.2,2022.6,1640.9,,,824.3,910.7,409.2,233.4,553.9,,,2999.0,2717.8,1380.5,966.3,1167.4,,,1073.7,2070.7,690.2,438.1,1054.2,,,3478.9,2350.6,1688.7,2899.0,1461.7,,,,,,,,,,,,,,,,,203.2,651.4,585.6,257.3,1207.9,,,88.5,77.5,152.8,42.6,297.3,,,545.2,241.9,925.2,427.3,568.4,,,1067.1,679.4,1216.4,614.6,1890.7,,,212.6,130.3,380.6,226.1,608.2,,,2635.5,1159.6,1499.5,2147.4,1260.4,,,,,,,,,,,,,,,,,,,,,,,,,,,,,,,,,,,,,,,,,,,,,,,,,,,,,,,,,,,,,,,,,,,,,,,,,,,,,,,,,,,,,,,,,,,,,,,,,,,,,,,,,,,,,,,,,,,,,,,,,,,,,,,,
20260822_富山_2R,20260822,46,富山,2,196.3,96.1,484.4,431.7,274.1,,,178.6,47.9,290.8,599.5,100.0,,,70.7,56.0,287.8,460.4,107.0,,,1199.0,1234.5,615.0,1915.7,1312.3,,,1190.4,1602.5,1126.1,2192.9,1683.5,,,460.4,405.5,302.4,641.0,1207.7,,,,,,,,,,,,,,,,,75.6,39.4,191.7,129.6,106.9,,,68.9,40.4,206.2,124.3,241.1,,,14.0,15.9,49.0,21.8,60.8,,,312.6,357.6,193.1,233.4,428.4,,,44.7,60.6,20.6,33.9,146.5,,,292.3,641.0,289.8,570.7,829.1,,,,,,,,,,,,,,,,,182.7,43.9,301.9,658.7,120.7,,,204.2,117.5,608.2,418.7,595.2,,,32.3,63.9,201.7,238.4,169.3,,,1754.3,1436.7,905.8,2777.7,2923.9,,,1133.7,872.6,700.2,2415.4,3703.7,,,727.8,1543.2,730.9,2976.2,2450.9,,,,,,,,,,,,,,,,,37.2,21.2,140.7,213.4,48.3,,,18.8,22.4,61.3,39.9,69.7,,,7.6,33.1,143.8,148.1,53.6,,,334.0,291.8,474.8,626.5,615.0,,,253.2,143.1,251.3,385.8,527.4,,,210.4,234.0,336.7,466.8,680.2,,,,,,,,,,,,,,,,,1501.5,1792.1,1207.7,2777.7,1937.9,,,1344.0,1282.0,570.7,957.8,1792.1,,,1633.9,1718.2,1225.4,2873.5,2824.8,,,1199.0,754.1,1022.4,1388.8,1650.1,,,2450.9,1207.7,2873.5,1557.6,1872.6,,,2604.1,2525.2,4901.9,2688.1,2380.9,,,,,,,,,,,,,,,,,905.8,1302.0,1424.5,2450.9,2380.9,,,266.2,238.0,133.2,164.8,566.8,,,1262.6,813.0,813.0,2136.7,3472.2,,,508.1,249.1,421.9,730.9,1075.2,,,2380.9,837.5,2450.9,1333.3,1792.1,,,3030.3,2136.7,5376.3,2415.4,1984.1,,,,,,,,,,,,,,,,,1016.2,1133.7,734.2,1754.3,2732.2,,,805.1,2164.5,721.5,1893.9,2008.0,,,1333.3,2824.8,1488.1,4273.5,7246.4,,,805.1,771.6,1272.2,2136.7,2109.7,,,2923.9,1831.5,6410.2,3546.1,2604.1,,,3623.2,3086.4,5376.3,2688.1,2525.2,,,,,,,,,,,,,,,,,,,,,,,,,,,,,,,,,,,,,,,,,,,,,,,,,,,,,,,,,,,,,,,,,,,,,,,,,,,,,,,,,,,,,,,,,,,,,,,,,,,,,,,,,,,,,,,,,,,,,,,,,,,,,,,,
20260822_富山_3R,20260822,46,富山,3,1300.0,529.5,1275.5,1398.6,1061.8,,,2007.9,855.7,1448.6,2228.6,1152.3,,,127.6,201.9,134.1,61.7,63.9,,,874.1,1040.0,332.4,1300.0,493.4,,,1648.8,2112.5,410.5,1648.8,1275.5,,,609.0,855.7,177.5,487.5,905.3,,,,,,,,,,,,,,,,,1748.3,448.6,1267.5,2007.9,1034.7,,,1244.2,464.0,680.5,1860.5,629.8,,,217.8,302.2,252.2,314.4,173.4,,,751.1,607.2,341.4,1480.3,379.0,,,2856.4,3271.0,1283.5,3687.3,2897.2,,,669.3,517.3,246.1,392.2,1438.3,,,,,,,,,,,,,,,,,2331.0,975.0,1560.0,2567.1,1662.3,,,1572.1,692.1,984.4,2358.2,897.3,,,540.8,639.7,571.2,685.1,391.5,,,1370.3,1139.3,780.0,2633.8,714.1,,,3271.0,4506.7,1584.4,4408.8,3755.6,,,1207.1,975.0,455.7,716.6,2278.7,,,,,,,,,,,,,,,,,31.8,41.5,35.4,13.2,17.3,,,51.8,129.3,101.7,89.4,79.0,,,78.7,170.2,169.8,126.2,108.2,,,43.7,74.9,91.0,55.7,42.6,,,30.6,87.3,110.4,79.1,43.9,,,21.3,38.5,50.2,29.1,21.3,,,,,,,,,,,,,,,,,416.4,424.2,140.0,913.5,259.0,,,508.2,413.8,192.9,664.9,242.0,,,682.8,522.6,286.4,1014.0,340.8,,,80.8,104.7,112.1,74.0,59.3,,,1913.2,1524.8,2253.3,542.2,1139.3,,,135.8,123.8,163.1,43.4,320.8,,,,,,,,,,,,,,,,,3437.3,3271.0,647.9,3496.6,2331.0,,,3900.1,2134.7,1704.2,5794.4,5794.4,,,5633.4,6145.6,1763.5,6760.1,6542.1,,,484.0,1045.3,1029.4,956.6,662.7,,,4225.1,6542.1,6542.1,1513.4,2304.6,,,2600.0,5481.2,5964.8,905.3,2180.7,,,,,,,,,,,,,,,,,329.2,460.9,64.4,274.4,433.3,,,309.6,210.8,66.1,156.2,520.0,,,589.5,259.3,115.1,233.6,652.1,,,20.5,41.0,55.9,29.5,20.2,,,151.5,94.9,140.4,28.4,314.9,,,901.3,1158.8,1179.1,256.3,897.3,,,,,,,,,,,,,,,,,,,,,,,,,,,,,,,,,,,,,,,,,,,,,,,,,,,,,,,,,,,,,,,,,,,,,,,,,,,,,,,,,,,,,,,,,,,,,,,,,,,,,,,,,,,,,,,,,,,,,,,,,,,,,,,,
20260822_富山_4R,20260822,46,富山,4,44.3,22.9,17.8,89.6,45.4,,,97.1,80.6,351.3,585.6,98.4,,,10.7,26.1,80.9,106.6,6.7,,,137.9,358.9,269.3,874.5,433.4,,,286.8,775.4,313.6,882.3,587.3,,,41.1,56.6,19.0,219.6,322.2,,,,,,,,,,,,,,,,,74.8,42.2,22.2,109.8,90.6,,,114.2,208.7,45.5,167.3,344.0,,,66.0,165.7,55.3,186.7,290.2,,,24.9,21.5,52.3,27.3,150.9,,,96.7,123.9,183.9,26.0,495.0,,,358.3,794.0,622.3,333.6,1195.8,,,,,,,,,,,,,,,,,386.9,320.1,863.1,1289.0,425.0,,,398.6,806.9,290.6,775.4,794.0,,,420.5,708.9,1323.4,1061.5,898.2,,,1359.7,954.4,1872.8,2578.1,2181.5,,,1821.2,1613.9,1492.6,2481.4,3201.9,,,714.0,1515.4,1654.3,2719.4,2877.0,,,,,,,,,,,,,,,,,28.3,75.5,169.2,220.5,25.0,,,68.7,186.9,62.4,201.7,226.6,,,261.2,432.5,906.4,906.4,735.2,,,630.2,634.2,1378.6,1350.4,1515.4,,,532.2,297.1,778.5,852.0,1872.8,,,199.5,476.0,763.5,844.7,1627.2,,,,,,,,,,,,,,,,,572.1,1503.9,1102.8,2481.4,1927.3,,,293.2,214.1,533.6,351.3,784.6,,,1927.3,754.8,3151.0,2919.3,3308.6,,,1264.4,1115.2,3609.4,1563.1,2796.0,,,2157.8,886.2,2962.9,2157.8,2719.4,,,3308.6,2046.5,4962.9,2919.3,3308.6,,,,,,,,,,,,,,,,,703.9,1654.3,923.3,2134.6,1332.3,,,401.8,549.9,395.4,203.8,1515.4,,,2682.6,1756.8,1756.8,3544.9,4315.6,,,1102.8,477.2,1248.5,1538.9,2877.0,,,2157.8,852.0,3254.4,2046.5,2757.2,,,3151.0,3482.7,5514.4,3817.6,3151.0,,,,,,,,,,,,,,,,,434.3,592.5,219.6,1102.8,1563.1,,,694.1,1821.2,1563.1,1515.4,3482.7,,,1181.6,1908.8,2230.5,3364.7,4962.9,,,356.4,1350.4,1838.1,2089.6,3422.7,,,2612.0,2877.0,4962.9,2719.4,3364.7,,,3101.8,4726.6,7940.7,4841.9,3201.9,,,,,,,,,,,,,,,,,,,,,,,,,,,,,,,,,,,,,,,,,,,,,,,,,,,,,,,,,,,,,,,,,,,,,,,,,,,,,,,,,,,,,,,,,,,,,,,,,,,,,,,,,,,,,,,,,,,,,,,,,,,,,,,,
20260822_富山_5R,20260822,46,富山,5,1432.6,1121.9,2327.9,1605.5,,,,1178.7,225.1,891.0,730.3,,,,576.5,136.9,279.2,295.6,,,,2140.6,1233.3,532.1,1217.2,,,,1591.7,886.8,541.3,1432.6,,,,,,,,,,,,,,,,,,,,,,,,,1302.3,1012.1,1825.8,1201.5,,,,799.3,329.6,606.6,266.4,,,,350.0,282.1,754.0,210.4,,,,1843.9,1410.8,1421.6,631.3,,,,506.0,261.2,164.6,311.9,,,,,,,,,,,,,,,,,,,,,,,,,520.2,110.5,326.1,330.2,,,,397.9,187.1,351.3,126.7,,,,7.2,52.5,41.5,23.7,,,,323.8,635.6,212.6,313.0,,,,194.8,123.6,70.8,177.2,,,,,,,,,,,,,,,,,,,,,,,,,63.5,8.6,27.6,37.4,,,,133.7,92.6,292.3,82.5,,,,3.7,25.7,21.8,11.8,,,,60.8,327.8,62.7,146.2,,,,47.0,68.6,26.2,83.2,,,,,,,,,,,,,,,,,,,,,,,,,1591.7,935.8,484.9,1178.7,,,,1862.3,1578.2,1028.9,724.6,,,,858.2,1135.6,394.5,782.5,,,,308.3,1089.1,307.3,347.4,,,,975.0,527.5,612.6,394.5,,,,,,,,,,,,,,,,,,,,,,,,,820.4,486.2,323.8,562.6,,,,299.4,184.9,94.2,166.2,,,,255.8,160.5,73.0,226.2,,,,86.6,116.6,59.8,119.9,,,,315.6,252.3,294.2,141.0,,,,,,,,,,,,,,,,,,,,,,,,,,,,,,,,,,,,,,,,,,,,,,,,,,,,,,,,,,,,,,,,,,,,,,,,,,,,,,,,,,,,,,,,,,,,,,,,,,,,,,,,,,,,,,,,,,,,,,,,,,,,,,,,,,,,,,,,,,,,,,,,,,,,,,,,,,,,,,,,,,,,,,,,,,,,,,,,,,,,,,,,,,,,,,,,
20260822_富山_6R,20260822,46,富山,6,667.3,302.6,96.2,421.3,115.4,,,908.0,600.7,280.8,929.2,1420.4,,,171.8,442.8,102.7,451.9,291.5,,,21.1,70.8,24.6,22.7,54.4,,,278.5,598.9,281.2,81.1,479.1,,,197.0,1325.7,378.0,224.9,916.4,,,,,,,,,,,,,,,,,1390.6,571.4,238.7,1190.7,278.1,,,1912.1,916.4,1565.8,3428.6,1063.4,,,235.0,465.7,228.3,891.7,112.9,,,147.9,832.0,375.9,531.7,167.2,,,1553.5,3059.3,1149.4,960.6,476.8,,,109.2,419.5,86.7,111.7,347.0,,,,,,,,,,,,,,,,,1380.9,767.7,456.0,1325.7,2395.8,,,1841.2,1142.8,1343.6,3156.5,1371.4,,,282.4,346.4,192.5,487.4,528.8,,,331.9,920.6,430.4,767.7,1671.0,,,1775.5,2800.8,1117.1,1371.4,4058.3,,,3899.2,2395.8,1791.5,3370.5,5848.8,,,,,,,,,,,,,,,,,173.8,326.5,130.3,493.4,363.5,,,84.7,137.9,77.4,439.9,44.0,,,112.5,86.2,88.3,299.0,196.3,,,47.6,87.7,157.4,246.4,162.2,,,647.7,424.9,600.7,329.2,895.7,,,307.3,144.7,521.9,378.0,1025.0,,,,,,,,,,,,,,,,,11.1,34.4,12.0,9.0,26.5,,,53.4,283.6,129.1,146.0,55.4,,,137.1,371.0,221.9,360.2,825.1,,,44.8,113.4,165.7,151.8,157.6,,,13.6,48.6,155.1,56.2,107.0,,,116.4,112.9,989.3,233.4,325.9,,,,,,,,,,,,,,,,,344.0,825.1,446.8,112.1,674.1,,,619.5,1578.2,486.2,564.9,256.2,,,1462.2,1841.2,629.3,1092.6,2455.0,,,608.1,274.2,710.2,322.3,557.0,,,42.7,143.5,366.8,179.9,240.7,,,1390.6,534.5,3428.6,1110.9,1009.4,,,,,,,,,,,,,,,,,681.0,2761.9,1080.7,883.8,1791.5,,,276.9,879.9,205.2,305.9,821.7,,,3259.9,2185.2,2651.4,2968.0,4419.1,,,989.3,395.3,1565.8,1086.6,2008.6,,,685.7,583.1,2582.5,1242.8,895.7,,,2008.6,1046.6,3977.1,1858.5,1104.7,,,,,,,,,,,,,,,,,,,,,,,,,,,,,,,,,,,,,,,,,,,,,,,,,,,,,,,,,,,,,,,,,,,,,,,,,,,,,,,,,,,,,,,,,,,,,,,,,,,,,,,,,,,,,,,,,,,,,,,,,,,,,,,,
20260822_富山_7R,20260822,46,富山,7,205.9,189.4,496.0,623.5,323.0,,,67.1,21.2,39.5,101.7,10.7,,,97.2,51.1,114.1,153.9,73.5,,,401.7,109.8,197.2,633.6,131.9,,,629.5,237.8,219.9,679.6,402.5,,,168.0,22.8,59.4,71.0,276.2,,,,,,,,,,,,,,,,,480.2,248.9,661.3,901.0,701.5,,,467.6,305.9,704.0,1122.4,1197.7,,,135.3,182.8,143.6,98.7,326.8,,,561.2,749.7,248.3,677.3,880.8,,,825.3,850.3,210.9,730.2,1769.6,,,958.2,1664.6,696.5,1103.5,1444.3,,,,,,,,,,,,,,,,,58.4,20.2,44.0,79.4,14.2,,,221.4,165.4,428.8,625.5,545.6,,,46.0,53.8,104.3,114.1,142.8,,,155.1,374.1,233.8,469.9,353.9,,,159.8,433.6,147.0,408.3,515.5,,,102.0,538.1,271.3,436.5,595.2,,,,,,,,,,,,,,,,,85.8,89.7,157.3,154.7,155.5,,,46.4,56.5,42.4,32.6,183.5,,,74.0,83.0,176.3,133.0,287.1,,,219.9,110.6,248.9,175.0,409.2,,,61.3,24.3,85.0,117.4,318.8,,,394.4,494.7,617.7,689.2,623.5,,,,,,,,,,,,,,,,,245.2,128.0,138.4,526.6,128.2,,,430.7,574.3,268.3,641.9,825.3,,,156.5,499.8,305.9,427.9,437.4,,,153.1,125.2,203.3,221.2,268.7,,,349.5,541.1,399.2,254.4,767.3,,,426.0,1162.3,539.6,670.4,1039.3,,,,,,,,,,,,,,,,,554.8,271.6,201.2,815.0,608.1,,,679.6,701.5,166.4,738.4,1664.6,,,142.4,474.4,168.0,564.4,815.0,,,83.9,35.8,112.1,165.9,503.6,,,701.5,767.3,738.4,338.6,997.1,,,1597.0,2112.1,1251.1,1251.1,1455.0,,,,,,,,,,,,,,,,,545.6,132.5,326.2,311.3,854.0,,,1135.4,1499.4,962.9,1853.1,2486.4,,,188.8,1212.5,639.8,792.0,1190.4,,,668.1,953.5,843.0,1275.5,1476.9,,,528.0,1693.3,835.8,1091.2,1383.3,,,1413.1,2395.5,1212.5,1708.1,1413.1,,,,,,,,,,,,,,,,,,,,,,,,,,,,,,,,,,,,,,,,,,,,,,,,,,,,,,,,,,,,,,,,,,,,,,,,,,,,,,,,,,,,,,,,,,,,,,,,,,,,,,,,,,,,,,,,,,,,,,,,,,,,,,,,
20260822_富山_8R,20260822,46,富山,8,182.9,77.6,119.5,85.3,58.5,,,266.9,136.7,91.5,363.0,147.4,,,53.7,71.0,32.1,114.2,14.7,,,145.3,73.6,65.5,179.4,56.0,,,313.3,809.2,313.7,335.6,331.3,,,77.4,112.4,23.3,53.4,139.8,,,,,,,,,,,,,,,,,195.0,67.6,86.2,40.6,45.0,,,258.7,638.4,124.7,185.4,713.7,,,173.0,627.4,346.1,300.3,481.2,,,84.5,108.6,207.7,72.4,214.9,,,23.4,86.7,92.3,30.8,83.4,,,313.3,1100.0,677.6,544.1,401.4,,,,,,,,,,,,,,,,,386.1,286.8,125.9,707.8,284.5,,,376.4,841.4,184.5,272.0,1041.4,,,417.9,907.5,228.1,1024.6,1063.2,,,39.8,77.4,69.5,125.0,93.9,,,894.7,429.9,1204.3,403.9,1650.0,,,955.2,1985.2,1802.1,592.3,2352.8,,,,,,,,,,,,,,,,,130.1,155.7,57.0,226.8,34.3,,,251.8,835.8,457.0,462.8,660.0,,,432.8,833.1,251.5,1058.7,1134.4,,,99.2,351.4,230.1,441.9,287.7,,,444.2,548.8,1165.6,577.5,1257.9,,,231.8,1024.6,1176.4,668.7,1171.0,,,,,,,,,,,,,,,,,115.1,60.9,65.4,166.9,47.0,,,103.8,93.4,214.9,101.5,233.1,,,26.4,45.0,46.5,75.6,59.5,,,72.7,293.4,97.8,274.1,203.1,,,201.5,165.7,184.9,327.8,315.6,,,129.5,457.8,233.9,316.4,481.2,,,,,,,,,,,,,,,,,311.0,806.6,515.4,401.4,599.3,,,78.3,175.9,188.5,75.9,230.5,,,981.1,432.8,1403.9,431.4,1985.2,,,562.1,500.2,1388.5,717.8,1716.9,,,319.6,189.4,409.1,516.4,605.0,,,1181.9,1095.3,3061.5,2374.8,1316.6,,,,,,,,,,,,,,,,,530.5,833.1,184.4,215.7,628.9,,,794.0,2566.7,1752.4,1477.3,1411.7,,,1521.6,3025.1,2420.0,1085.9,4098.5,,,339.7,1802.1,2310.0,910.7,2248.7,,,302.1,1193.0,910.7,789.1,1251.7,,,1558.9,2082.8,3850.1,3343.5,1650.0,,,,,,,,,,,,,,,,,,,,,,,,,,,,,,,,,,,,,,,,,,,,,,,,,,,,,,,,,,,,,,,,,,,,,,,,,,,,,,,,,,,,,,,,,,,,,,,,,,,,,,,,,,,,,,,,,,,,,,,,,,,,,,,,
20260822_富山_9R,20260822,46,富山,9,375.1,193.4,237.6,715.8,120.6,,,387.8,527.8,946.0,457.7,144.3,,,117.5,456.0,720.1,664.5,122.3,,,913.7,1652.3,1587.1,1993.7,633.1,,,733.2,473.9,770.7,1517.2,356.3,,,33.2,37.5,42.8,121.5,120.9,,,,,,,,,,,,,,,,,323.3,155.5,263.0,564.9,149.7,,,227.7,76.6,116.4,197.8,123.7,,,54.6,29.3,12.1,85.5,17.2,,,209.7,106.0,37.5,256.6,79.4,,,567.6,239.3,247.4,427.7,448.4,,,93.9,91.8,45.6,90.2,263.6,,,,,,,,,,,,,,,,,294.9,489.3,697.2,288.9,170.7,,,200.0,109.5,154.1,120.3,112.2,,,422.4,116.5,419.5,174.3,211.6,,,1111.7,515.4,765.8,699.2,717.9,,,165.5,65.0,112.2,172.6,76.9,,,149.9,125.1,179.0,302.3,165.9,,,,,,,,,,,,,,,,,187.2,501.5,756.2,623.3,143.5,,,80.7,36.9,18.2,112.9,23.5,,,371.7,113.7,325.9,266.2,179.2,,,1176.7,181.7,598.6,559.7,431.5,,,728.8,277.9,312.8,575.7,476.7,,,129.0,56.1,107.3,181.3,348.1,,,,,,,,,,,,,,,,,1899.5,2153.9,2213.2,2593.9,1884.6,,,1009.3,589.8,230.8,1009.3,475.8,,,2342.1,1026.5,1311.0,1870.0,1435.9,,,1961.2,311.2,964.9,724.4,1081.7,,,2436.7,1587.1,1899.5,946.0,1841.5,,,1977.3,920.7,1479.9,1347.7,1841.5,,,,,,,,,,,,,,,,,840.5,474.8,701.2,1269.6,542.1,,,547.0,167.5,272.2,309.2,284.8,,,205.4,84.5,134.5,191.9,95.9,,,687.2,281.8,304.5,527.8,491.3,,,1402.5,1026.5,883.6,751.5,1122.0,,,408.8,274.7,192.3,523.2,426.9,,,,,,,,,,,,,,,,,31.4,46.9,46.0,125.9,131.4,,,68.9,101.6,60.8,132.4,303.4,,,111.4,120.9,154.7,329.5,233.5,,,113.8,81.0,182.6,309.2,430.7,,,544.5,464.8,689.2,726.6,1283.1,,,303.8,415.9,291.0,545.7,831.8,,,,,,,,,,,,,,,,,,,,,,,,,,,,,,,,,,,,,,,,,,,,,,,,,,,,,,,,,,,,,,,,,,,,,,,,,,,,,,,,,,,,,,,,,,,,,,,,,,,,,,,,,,,,,,,,,,,,,,,,,,,,,,,,
20260822_富山_10R,20260822,46,富山,10,218.6,312.4,267.3,661.2,97.2,,,267.8,477.8,180.0,208.1,56.0,,,297.9,437.7,450.3,936.1,142.4,,,274.0,181.3,451.1,517.4,60.5,,,838.7,253.7,1173.4,612.5,183.2,,,24.9,15.8,45.3,18.0,63.7,,,,,,,,,,,,,,,,,360.6,279.2,342.8,835.9,139.3,,,372.4,336.3,399.9,437.7,233.3,,,128.3,121.3,102.1,308.9,88.0,,,353.5,386.3,248.4,690.4,278.6,,,1207.4,512.1,654.2,972.5,716.1,,,84.5,180.5,139.7,194.2,417.9,,,,,,,,,,,,,,,,,451.1,790.9,312.8,339.1,116.5,,,469.8,476.9,481.5,449.5,339.5,,,867.8,479.7,644.1,545.7,452.7,,,290.2,370.8,471.5,203.0,173.8,,,165.7,196.6,310.4,141.8,102.8,,,102.9,221.9,380.4,164.0,175.3,,,,,,,,,,,,,,,,,379.8,718.2,661.2,1571.9,296.8,,,163.2,156.8,157.4,440.8,113.0,,,716.1,396.0,640.8,704.0,444.7,,,781.0,417.9,737.2,899.0,764.3,,,1487.7,867.8,886.3,1063.5,1059.0,,,247.4,253.4,374.7,620.1,1007.8,,,,,,,,,,,,,,,,,290.9,286.2,494.9,435.4,116.1,,,340.5,286.6,246.9,581.2,275.2,,,207.2,210.9,330.1,209.5,155.1,,,566.7,269.9,398.6,668.2,437.7,,,427.9,605.1,287.6,585.3,296.1,,,81.3,214.1,165.6,386.3,283.6,,,,,,,,,,,,,,,,,785.9,423.6,1032.8,505.9,224.5,,,915.5,560.4,677.3,838.7,759.6,,,167.5,212.3,359.6,166.8,120.1,,,1308.5,650.8,764.3,814.1,976.3,,,478.8,735.1,355.5,599.3,375.2,,,143.9,517.4,231.2,600.8,337.2,,,,,,,,,,,,,,,,,11.1,12.4,31.4,15.2,50.3,,,35.5,72.6,71.3,93.8,216.5,,,40.4,75.3,158.3,74.9,111.6,,,127.1,130.9,234.6,252.9,457.7,,,62.3,148.3,127.0,321.6,230.1,,,150.2,335.0,168.7,467.1,244.5,,,,,,,,,,,,,,,,,,,,,,,,,,,,,,,,,,,,,,,,,,,,,,,,,,,,,,,,,,,,,,,,,,,,,,,,,,,,,,,,,,,,,,,,,,,,,,,,,,,,,,,,,,,,,,,,,,,,,,,,,,,,,,,,
20260822_富山_11R,20260822,46,富山,11,195.0,71.3,84.1,95.7,48.3,,,425.5,448.6,297.1,743.7,297.8,,,99.9,207.3,128.2,210.4,59.2,,,119.2,184.2,138.5,399.3,113.2,,,259.8,688.4,400.1,619.4,323.3,,,27.5,81.2,27.6,50.6,81.6,,,,,,,,,,,,,,,,,175.8,66.8,82.8,80.8,45.2,,,336.7,282.9,215.6,311.9,462.5,,,70.5,149.6,64.9,44.1,68.7,,,81.8,105.5,67.5,80.2,128.6,,,53.9,105.1,31.6,57.5,56.9,,,88.1,249.8,121.6,219.2,135.4,,,,,,,,,,,,,,,,,773.3,923.9,571.2,1185.9,740.9,,,792.2,836.5,489.9,910.9,1121.0,,,898.3,818.9,396.1,935.0,1051.3,,,407.3,376.1,303.1,668.3,520.0,,,1691.2,1150.8,1350.6,1095.7,1752.1,,,972.4,1600.7,1446.0,906.7,1776.1,,,,,,,,,,,,,,,,,83.8,194.9,99.4,180.6,35.5,,,76.4,155.1,52.7,37.6,56.5,,,353.9,303.4,163.5,387.0,254.7,,,82.8,56.6,42.4,127.8,64.2,,,266.9,110.1,377.6,276.0,224.8,,,79.5,142.1,222.9,139.9,273.7,,,,,,,,,,,,,,,,,159.2,210.2,173.1,444.5,106.7,,,125.0,116.7,89.5,113.6,161.2,,,141.2,90.2,53.0,207.5,86.4,,,125.8,86.0,60.9,201.3,95.4,,,717.6,280.8,470.3,409.8,563.7,,,216.3,340.6,209.9,217.7,606.8,,,,,,,,,,,,,,,,,335.9,862.5,598.4,782.6,509.1,,,145.4,247.1,113.8,200.6,215.3,,,1178.7,736.7,921.7,955.7,1314.1,,,398.9,174.5,632.5,531.4,610.6,,,868.2,370.8,704.6,563.7,898.3,,,682.4,526.3,1092.6,813.7,1023.6,,,,,,,,,,,,,,,,,71.0,206.2,73.9,124.3,182.8,,,166.5,777.9,306.5,435.5,415.5,,,633.5,1332.1,1208.0,1071.5,1614.0,,,158.5,349.1,704.6,508.4,633.5,,,366.2,547.8,697.1,627.3,982.2,,,578.8,663.8,1300.9,900.4,962.8,,,,,,,,,,,,,,,,,,,,,,,,,,,,,,,,,,,,,,,,,,,,,,,,,,,,,,,,,,,,,,,,,,,,,,,,,,,,,,,,,,,,,,,,,,,,,,,,,,,,,,,,,,,,,,,,,,,,,,,,,,,,,,,,
20260822_富山_12R,20260822,46,富山,12,619.5,1192.9,303.7,597.0,369.6,,,697.0,1171.1,413.3,586.1,188.2,,,1217.9,957.5,631.1,996.3,463.5,,,93.0,193.6,295.9,173.2,65.3,,,688.1,638.0,1005.6,369.8,226.6,,,75.4,20.2,178.2,35.8,82.6,,,,,,,,,,,,,,,,,1574.0,2186.4,515.3,1263.5,743.1,,,1856.8,2938.6,596.4,1173.3,940.7,,,2390.4,2372.6,856.4,1340.2,1377.6,,,189.3,142.6,325.8,69.9,70.4,,,1013.6,779.3,1217.9,223.2,418.1,,,541.0,492.0,1150.1,210.3,444.2,,,,,,,,,,,,,,,,,1465.9,2636.3,802.7,1302.0,368.3,,,1989.5,3724.5,1139.9,1465.9,1119.9,,,3681.7,4159.9,2552.3,3319.3,2463.9,,,950.4,921.7,1712.9,1222.5,474.5,,,1482.9,1268.5,2658.2,1164.7,514.9,,,235.9,419.2,1083.9,256.0,270.3,,,,,,,,,,,,,,,,,2263.7,2426.6,1100.7,1983.3,849.6,,,2473.4,3065.2,923.0,1663.9,2053.2,,,3389.5,3619.3,2562.5,3140.3,2381.5,,,738.0,413.8,1201.9,587.1,503.6,,,2027.3,1638.4,2399.3,1038.2,1712.9,,,888.5,1547.4,1034.9,709.4,1439.6,,,,,,,,,,,,,,,,,73.2,204.7,265.7,158.7,46.3,,,42.3,51.4,59.7,18.8,18.4,,,380.4,203.7,698.6,325.3,150.1,,,293.8,93.7,432.8,234.7,181.3,,,179.2,62.1,202.8,252.5,79.0,,,52.3,33.5,42.8,153.8,66.5,,,,,,,,,,,,,,,,,606.6,492.7,848.5,329.5,159.3,,,621.9,404.9,763.5,186.1,301.4,,,634.2,493.1,1108.3,438.7,256.7,,,1211.0,982.5,1371.7,612.4,1002.5,,,194.1,78.2,181.9,272.4,93.6,,,110.1,131.4,64.9,387.3,84.4,,,,,,,,,,,,,,,,,65.0,14.0,125.2,24.5,47.9,,,229.9,139.7,788.9,134.8,254.4,,,24.2,60.3,213.4,25.9,26.5,,,418.9,853.0,415.9,328.0,655.7,,,44.0,44.7,34.4,187.0,64.4,,,97.0,138.4,46.5,421.1,77.0,,,,,,,,,,,,,,,,,,,,,,,,,,,,,,,,,,,,,,,,,,,,,,,,,,,,,,,,,,,,,,,,,,,,,,,,,,,,,,,,,,,,,,,,,,,,,,,,,,,,,,,,,,,,,,,,,,,,,,,,,,,,,,,,
20260822_立川_1R,20260822,28,立川,1,1862.2,2205.2,707.1,3643.5,786.8,,,594.3,85.0,75.4,846.4,227.1,,,2069.1,469.4,675.8,2394.3,855.1,,,152.5,25.6,154.7,464.2,26.4,,,5237.5,3223.1,4529.7,2394.3,3162.3,,,275.2,292.5,470.7,82.4,1483.2,,,,,,,,,,,,,,,,,5078.8,5779.3,1214.5,9999.9,1659.4,,,7287.0,4929.4,3566.0,6207.5,6704.1,,,7981.0,6704.1,3491.7,5779.3,1373.7,,,1074.3,2889.6,2889.6,7618.2,533.7,,,9858.9,5779.3,8821.1,9999.9,8380.1,,,1351.6,4297.5,5406.5,562.4,5406.5,,,,,,,,,,,,,,,,,1081.3,162.4,148.9,1060.7,515.7,,,4190.0,3643.5,2394.3,5779.3,4788.6,,,813.6,3566.0,1509.9,1783.0,963.2,,,377.4,1783.0,1047.5,3724.5,698.3,,,3990.5,5078.8,2264.8,6983.4,7287.0,,,1250.7,2019.3,2360.5,1021.9,5779.3,,,,,,,,,,,,,,,,,5078.8,1362.6,2264.8,7287.0,2327.8,,,5078.8,6704.1,3420.4,4190.0,3897.7,,,1362.6,4410.5,3162.3,2069.1,3223.1,,,1821.7,2703.2,3352.0,2992.9,2360.5,,,7287.0,6983.4,2793.3,3420.4,9999.9,,,3990.5,4529.7,3223.1,2992.9,9999.9,,,,,,,,,,,,,,,,,33.3,5.1,24.8,152.6,6.5,,,129.9,264.7,334.5,695.4,60.0,,,28.1,147.4,73.8,442.2,65.9,,,145.3,518.8,199.7,936.3,297.6,,,859.5,1611.5,1432.5,1232.3,564.3,,,4.5,5.5,15.2,49.7,126.2,,,,,,,,,,,,,,,,,7981.0,3286.3,9999.9,4190.0,6446.2,,,9858.9,4655.6,7981.0,9311.2,6446.2,,,7981.0,8380.1,2121.5,7287.0,9311.2,,,9311.2,8380.1,2464.7,2940.3,9999.9,,,3047.3,7618.2,5985.8,2992.9,1727.8,,,6446.2,3897.7,9311.2,9858.9,2327.8,,,,,,,,,,,,,,,,,385.2,525.3,872.9,138.6,1745.8,,,722.4,1260.1,1948.8,267.7,2148.7,,,968.8,1566.3,1060.7,637.2,3724.5,,,2176.6,3724.5,2889.6,1596.2,9858.9,,,59.0,63.9,147.5,339.9,405.8,,,5586.7,3223.1,5406.5,7287.0,1470.1,,,,,,,,,,,,,,,,,,,,,,,,,,,,,,,,,,,,,,,,,,,,,,,,,,,,,,,,,,,,,,,,,,,,,,,,,,,,,,,,,,,,,,,,,,,,,,,,,,,,,,,,,,,,,,,,,,,,,,,,,,,,,,,,
20260822_立川_2R,20260822,28,立川,2,316.3,258.8,73.7,571.6,68.1,,,550.7,267.1,178.8,1006.1,425.1,,,294.1,212.2,73.3,698.6,188.8,,,11.9,37.3,19.0,16.4,6.4,,,925.8,1397.3,1006.1,230.4,732.6,,,41.0,214.9,114.1,19.0,251.9,,,,,,,,,,,,,,,,,1437.3,642.2,294.1,2602.0,262.0,,,2286.6,1985.7,2096.0,5589.5,1143.3,,,1640.4,2219.3,1934.8,3971.5,565.2,,,340.6,1524.4,1640.4,1335.5,454.5,,,4438.7,7545.9,6036.7,4311.9,2252.5,,,192.7,385.9,391.9,205.6,815.7,,,,,,,,,,,,,,,,,1714.9,644.9,621.0,2743.9,1572.0,,,2096.0,1934.8,2012.2,4078.8,1734.6,,,261.1,613.4,416.9,1040.8,483.7,,,504.7,1479.5,736.1,1658.4,1479.5,,,4311.9,6561.6,2096.0,4716.1,6036.7,,,1347.4,1301.0,1093.6,1524.4,4573.2,,,,,,,,,,,,,,,,,529.5,294.7,139.2,1423.7,401.3,,,423.9,407.8,488.4,1640.4,375.4,,,149.2,239.5,195.4,584.9,275.9,,,139.0,503.0,376.3,496.4,482.1,,,2959.1,4078.8,1754.8,2012.2,5804.5,,,390.9,325.2,367.1,447.8,3018.3,,,,,,,,,,,,,,,,,24.8,38.9,29.9,13.9,13.9,,,137.4,567.3,631.4,631.4,211.3,,,190.3,656.1,395.0,829.2,601.2,,,86.6,421.5,365.4,404.6,366.3,,,87.5,494.8,538.9,556.8,438.7,,,46.2,130.3,379.1,283.1,252.7,,,,,,,,,,,,,,,,,4868.3,5589.5,5389.9,807.0,2902.2,,,6859.9,9999.9,9432.3,7943.0,6561.6,,,8384.3,7186.5,2321.8,7545.9,9999.9,,,6036.7,6288.2,2434.1,2743.9,5589.5,,,596.5,4311.9,4078.8,2321.8,1465.2,,,2902.2,3593.2,9999.9,5389.9,1910.3,,,,,,,,,,,,,,,,,41.6,161.5,113.6,23.1,292.4,,,39.1,119.3,92.5,55.4,271.9,,,339.1,335.3,278.4,361.0,1910.3,,,164.2,159.8,168.8,184.0,1040.8,,,26.2,70.0,223.2,148.1,126.9,,,986.3,1437.3,2474.0,2321.8,642.2,,,,,,,,,,,,,,,,,,,,,,,,,,,,,,,,,,,,,,,,,,,,,,,,,,,,,,,,,,,,,,,,,,,,,,,,,,,,,,,,,,,,,,,,,,,,,,,,,,,,,,,,,,,,,,,,,,,,,,,,,,,,,,,,
20260822_立川_3R,20260822,28,立川,3,474.9,1207.1,2199.2,3490.1,610.4,,,300.6,219.3,320.4,464.0,34.4,,,1459.5,743.2,1589.5,2721.1,1573.9,,,3415.8,1433.4,2199.2,2816.6,2508.5,,,5351.5,1672.3,4865.0,4224.9,3276.4,,,436.2,46.7,624.6,944.3,1349.1,,,,,,,,,,,,,,,,,279.6,400.3,695.0,1845.3,374.2,,,111.4,57.7,234.3,677.4,43.6,,,123.4,39.9,27.6,345.2,54.8,,,726.4,452.2,202.9,1514.5,733.0,,,3344.7,2548.3,1396.0,3490.1,3147.9,,,169.8,45.2,88.7,355.9,1016.1,,,,,,,,,,,,,,,,,135.8,106.7,238.9,306.3,18.5,,,125.0,112.8,368.2,760.8,54.7,,,229.0,164.8,182.6,750.2,123.4,,,794.7,750.2,444.7,1605.4,407.4,,,1284.3,2469.9,1605.4,4459.6,991.0,,,6.2,19.5,25.8,74.2,172.6,,,,,,,,,,,,,,,,,508.0,639.6,652.6,2360.9,1216.2,,,132.6,52.0,33.6,308.7,83.6,,,366.5,142.7,163.8,891.9,247.3,,,321.7,84.4,148.2,668.9,536.9,,,3344.7,1433.4,1500.4,1433.4,2973.0,,,768.1,206.3,230.6,383.1,1514.5,,,,,,,,,,,,,,,,,1254.2,3029.1,1244.5,4587.0,2721.1,,,1063.2,1957.8,726.4,3276.4,1888.7,,,2199.2,2140.6,1459.5,4587.0,1326.8,,,997.1,461.3,1029.1,1803.8,2548.3,,,6689.4,8449.8,5946.1,3415.8,3029.1,,,2866.9,2866.9,1326.8,2919.0,2768.0,,,,,,,,,,,,,,,,,4865.0,2508.5,6174.8,1982.0,4339.0,,,5017.0,4224.9,3415.8,6689.4,4339.0,,,2360.9,5017.0,2229.8,6689.4,2816.6,,,7645.0,3029.1,2432.5,2469.9,5733.8,,,5733.8,8027.3,8027.3,3210.9,2973.0,,,4587.0,3344.7,2866.9,6174.8,3029.1,,,,,,,,,,,,,,,,,229.3,34.6,375.9,726.4,896.9,,,124.2,38.4,74.1,290.3,753.7,,,5.7,15.3,19.8,43.0,195.3,,,358.3,116.0,91.5,150.0,1099.6,,,1558.7,666.1,298.9,485.0,955.6,,,2768.0,1911.2,1056.2,1824.3,1824.3,,,,,,,,,,,,,,,,,,,,,,,,,,,,,,,,,,,,,,,,,,,,,,,,,,,,,,,,,,,,,,,,,,,,,,,,,,,,,,,,,,,,,,,,,,,,,,,,,,,,,,,,,,,,,,,,,,,,,,,,,,,,,,,,
20260822_立川_4R,20260822,28,立川,4,1967.3,448.1,1942.1,1993.2,1105.7,,,1561.7,417.3,676.2,2913.1,1147.6,,,65.4,77.8,43.7,242.3,17.0,,,1231.5,490.2,248.3,2195.4,584.8,,,4455.4,6059.4,2103.9,4455.4,3694.7,,,810.0,964.8,157.9,631.1,1702.0,,,,,,,,,,,,,,,,,2524.7,533.3,2913.1,1646.5,1352.5,,,2913.1,2047.0,1389.7,3293.1,4590.4,,,403.9,1113.8,805.7,749.9,805.7,,,2754.2,1241.6,1485.1,2657.6,4094.1,,,1156.3,1415.7,929.3,1893.5,2611.8,,,2754.2,6059.4,2295.2,5223.6,7213.5,,,,,,,,,,,,,,,,,1761.4,556.9,636.4,2705.0,1352.5,,,1942.1,1377.1,958.7,2260.9,2330.5,,,328.6,707.8,182.5,1499.8,587.1,,,295.8,427.9,167.5,923.6,746.2,,,4590.4,3606.7,2260.9,2754.2,6586.3,,,3606.7,2524.7,2404.5,3366.3,8415.8,,,,,,,,,,,,,,,,,12.1,11.6,6.6,105.9,2.7,,,64.1,112.5,87.6,86.5,101.3,,,54.6,90.3,27.6,300.5,120.5,,,24.1,67.7,16.8,208.3,38.2,,,488.6,252.4,571.6,515.2,641.8,,,24.7,126.4,160.1,95.6,463.2,,,,,,,,,,,,,,,,,1485.1,533.3,286.9,2611.8,797.2,,,2075.1,1003.2,1174.3,2567.5,2404.5,,,257.1,490.2,155.5,940.9,753.6,,,168.3,510.0,130.7,964.8,371.2,,,4733.9,4455.4,2567.5,2227.7,2611.8,,,1530.1,3223.0,2404.5,1611.5,2295.2,,,,,,,,,,,,,,,,,5223.6,7972.8,7574.2,8415.8,7213.5,,,2366.9,2295.2,1803.3,2611.8,4207.9,,,9999.9,4455.4,2657.6,3694.7,9999.9,,,5223.6,2019.8,2330.5,2404.5,7213.5,,,6885.6,4094.1,3442.8,2754.2,2858.2,,,9999.9,5049.5,9999.9,8415.8,3606.7,,,,,,,,,,,,,,,,,2019.8,2805.2,375.8,1664.6,3606.7,,,3091.5,6311.8,2330.5,4455.4,5223.6,,,3986.4,7213.5,3029.7,4733.9,9999.9,,,229.5,2164.0,2019.8,1262.3,4733.9,,,1870.1,4590.4,2913.1,1870.1,2657.6,,,7574.2,7972.8,9999.9,7574.2,3293.1,,,,,,,,,,,,,,,,,,,,,,,,,,,,,,,,,,,,,,,,,,,,,,,,,,,,,,,,,,,,,,,,,,,,,,,,,,,,,,,,,,,,,,,,,,,,,,,,,,,,,,,,,,,,,,,,,,,,,,,,,,,,,,,,
20260822_立川_5R,20260822,28,立川,5,345.4,257.8,331.1,956.2,392.3,,,129.7,146.2,79.6,1173.8,47.1,,,176.5,270.8,233.6,1586.6,304.6,,,98.6,84.9,125.0,748.1,82.3,,,3521.6,3799.7,3609.7,2946.7,3702.2,,,276.0,59.4,276.0,115.3,1277.7,,,,,,,,,,,,,,,,,718.3,528.8,1016.8,1760.8,864.6,,,759.9,233.2,1093.8,1698.6,366.4,,,326.6,148.5,364.6,251.5,221.7,,,1443.8,1586.6,902.4,2005.4,1415.5,,,2831.1,2406.4,806.6,2887.7,2533.1,,,1053.9,465.7,347.0,1415.5,2673.8,,,,,,,,,,,,,,,,,55.3,65.6,33.0,729.2,22.7,,,100.5,37.7,180.9,294.6,66.7,,,90.9,25.5,168.4,674.7,44.8,,,133.6,227.7,257.3,1415.5,133.2,,,2256.0,1193.2,1213.3,2887.7,1102.2,,,5.2,7.7,8.8,19.5,175.2,,,,,,,,,,,,,,,,,381.9,343.7,279.2,2062.7,395.5,,,243.4,107.8,290.5,261.5,159.1,,,248.9,109.3,442.9,1128.0,118.1,,,555.3,718.3,780.4,1640.7,937.5,,,4812.9,1119.2,2033.6,2447.2,4978.9,,,458.3,332.6,174.8,711.2,2533.1,,,,,,,,,,,,,,,,,323.0,297.7,370.2,1362.1,263.4,,,949.9,1569.4,1069.5,2533.1,1458.4,,,530.8,1155.1,1300.8,4010.8,534.7,,,744.2,1164.4,1255.5,2033.6,1473.3,,,5553.4,6016.2,8021.6,3072.1,2776.7,,,625.0,1266.5,633.2,1622.3,2187.7,,,,,,,,,,,,,,,,,7219.4,6875.6,4657.7,8493.4,6875.6,,,6563.1,5775.5,1183.5,8021.6,2155.0,,,9625.9,7219.4,2776.7,9625.9,6875.6,,,9024.3,1458.4,2724.3,3138.8,8021.6,,,8021.6,8021.6,9625.9,3281.5,3208.6,,,6875.6,5553.4,6277.7,9999.9,3609.7,,,,,,,,,,,,,,,,,288.2,63.8,232.5,215.1,1415.5,,,555.3,208.6,401.0,687.5,1951.2,,,14.5,31.9,26.1,39.0,258.2,,,339.7,283.1,135.9,671.5,2221.3,,,429.7,707.7,260.6,820.3,1718.9,,,4812.9,5347.7,1951.2,5347.7,2447.2,,,,,,,,,,,,,,,,,,,,,,,,,,,,,,,,,,,,,,,,,,,,,,,,,,,,,,,,,,,,,,,,,,,,,,,,,,,,,,,,,,,,,,,,,,,,,,,,,,,,,,,,,,,,,,,,,,,,,,,,,,,,,,,,
20260822_立川_6R,20260822,28,立川,6,2610.6,745.8,1419.3,3045.7,1022.3,,,2396.6,713.1,2088.4,1571.9,1606.5,,,497.2,502.3,402.7,580.1,212.8,,,1169.5,2059.0,803.2,3951.2,742.1,,,3480.8,3110.5,1433.2,5414.6,3654.8,,,655.5,1082.9,286.0,498.9,2059.0,,,,,,,,,,,,,,,,,3178.1,1115.9,1923.6,3110.5,1067.1,,,3951.2,4715.9,2520.5,4176.9,2118.7,,,1044.2,4060.9,1067.1,2811.4,474.6,,,1015.2,1160.2,859.9,1680.3,137.5,,,3399.8,5041.1,4299.8,5041.1,3748.5,,,696.1,1124.5,485.6,116.0,1008.2,,,,,,,,,,,,,,,,,1949.2,974.6,1589.0,1447.4,1405.7,,,3178.1,4060.9,2002.6,2866.5,1680.3,,,1366.3,3322.6,2707.3,1699.9,880.6,,,1606.5,1178.9,2088.4,1642.6,891.4,,,1379.1,1606.5,1169.5,1392.3,1238.9,,,1249.5,641.2,1059.3,459.7,1198.3,,,,,,,,,,,,,,,,,220.1,319.2,201.9,225.9,72.7,,,443.0,1923.6,609.1,1661.3,374.8,,,1029.5,3045.7,3045.7,1680.3,1392.3,,,424.9,456.8,1555.2,1305.3,233.9,,,1827.4,3178.1,1949.2,2284.2,2811.4,,,51.7,111.2,443.0,62.6,564.4,,,,,,,,,,,,,,,,,777.6,1782.8,896.8,3248.7,529.6,,,562.2,765.4,484.0,908.0,86.3,,,2357.9,1392.3,2866.5,2758.3,943.1,,,562.2,582.4,2002.6,1538.8,290.6,,,5414.6,2758.3,3322.6,2357.9,1188.5,,,125.3,23.4,201.6,95.3,322.7,,,,,,,,,,,,,,,,,3565.7,2811.4,2564.8,6356.2,5041.1,,,4715.9,4873.1,4715.9,5221.2,4873.1,,,2118.7,2983.5,1392.3,2866.5,2149.9,,,3045.7,4430.1,2477.8,2758.3,5221.2,,,6961.6,3654.8,4873.1,2707.3,1606.5,,,3748.5,2811.4,3178.1,4430.1,1661.3,,,,,,,,,,,,,,,,,79.2,83.3,22.5,67.7,174.2,,,61.1,124.5,55.4,10.2,101.3,,,198.9,215.9,243.2,174.2,351.4,,,15.2,34.6,102.9,27.2,207.3,,,17.2,2.1,38.4,17.6,97.4,,,599.1,395.1,638.4,734.6,409.5,,,,,,,,,,,,,,,,,,,,,,,,,,,,,,,,,,,,,,,,,,,,,,,,,,,,,,,,,,,,,,,,,,,,,,,,,,,,,,,,,,,,,,,,,,,,,,,,,,,,,,,,,,,,,,,,,,,,,,,,,,,,,,,,
20260822_立川_7R,20260822,28,立川,7,42.6,12.9,84.4,99.2,24.0,,,177.7,354.7,351.8,1099.0,367.1,,,42.9,240.9,379.5,220.1,153.5,,,337.6,414.1,583.8,1389.7,545.9,,,575.8,1770.1,579.8,1955.3,1159.7,,,40.0,165.5,101.3,243.7,384.8,,,,,,,,,,,,,,,,,21.0,7.6,40.3,52.4,12.4,,,54.5,77.5,94.6,360.0,240.9,,,5.7,23.8,28.0,5.6,36.4,,,109.6,79.0,120.3,423.5,340.4,,,207.3,458.2,70.7,484.6,523.8,,,111.7,361.6,222.1,540.7,659.4,,,,,,,,,,,,,,,,,519.0,1218.5,836.6,2850.1,1218.5,,,479.0,564.2,667.3,2155.9,1324.1,,,1571.6,889.7,2050.7,1932.8,1889.4,,,583.8,598.4,1264.3,2437.1,1378.3,,,4425.2,4003.8,2712.2,6005.7,7006.7,,,2076.0,3114.0,3655.6,3172.8,9342.2,,,,,,,,,,,,,,,,,120.2,721.7,1167.7,566.1,428.9,,,60.8,87.9,106.9,46.7,189.1,,,1367.1,724.8,2402.3,2128.6,3821.8,,,2437.1,1099.0,2026.0,1910.9,4003.8,,,918.9,325.2,1586.4,1910.9,2076.0,,,939.4,853.6,2899.3,4204.0,2712.2,,,,,,,,,,,,,,,,,669.9,1064.3,2076.0,3910.7,1209.7,,,488.8,437.9,800.7,1955.3,1475.0,,,789.4,607.0,1264.3,2437.1,1413.1,,,2802.6,1425.0,2335.5,1889.4,4804.6,,,6228.1,4204.0,6228.1,3297.2,3057.4,,,1868.4,4544.8,1751.6,5255.0,2899.3,,,,,,,,,,,,,,,,,1770.1,5095.7,1528.7,6005.7,4425.2,,,1664.9,4003.8,514.2,5095.7,6228.1,,,7311.3,7006.7,2587.0,8007.6,7006.7,,,1648.6,508.0,2547.8,3297.2,4544.8,,,6228.1,5605.3,7006.7,3172.8,3002.8,,,5255.0,6467.7,9999.9,6005.7,3821.8,,,,,,,,,,,,,,,,,391.0,1091.9,689.1,1218.5,1868.4,,,494.5,1847.9,1159.7,2802.6,4671.1,,,2026.0,3503.3,5095.7,3821.8,8408.0,,,1542.7,1698.5,5095.7,6726.4,4544.8,,,2128.6,5424.5,2472.9,6228.1,3172.8,,,5095.7,7311.3,9999.9,7006.7,3655.6,,,,,,,,,,,,,,,,,,,,,,,,,,,,,,,,,,,,,,,,,,,,,,,,,,,,,,,,,,,,,,,,,,,,,,,,,,,,,,,,,,,,,,,,,,,,,,,,,,,,,,,,,,,,,,,,,,,,,,,,,,,,,,,,
20260822_大垣_1R,20260822,44,大垣,1,5.9,10.1,17.8,32.7,164.9,,,5.7,8.5,17.3,40.9,190.0,,,12.5,15.2,29.2,48.3,258.4,,,14.0,17.9,28.9,61.9,174.0,,,57.7,80.2,94.6,124.9,576.9,,,427.2,641.4,779.9,805.2,964.8,,,,,,,,,,,,,,,,,84.7,101.2,212.3,340.2,1165.9,,,205.5,471.2,860.9,1381.8,3497.7,,,348.6,699.5,1243.6,1622.1,2697.0,,,746.1,1492.3,1929.7,3497.7,6995.4,,,1332.4,2459.9,2798.1,4762.8,8290.9,,,4762.8,8954.2,6050.1,9327.3,9999.9,,,,,,,,,,,,,,,,,75.4,111.4,186.0,365.1,1159.8,,,191.9,399.0,699.5,1293.9,2729.9,,,411.4,578.4,1243.6,1463.1,5596.3,,,769.2,1271.9,1610.4,3244.2,5596.3,,,1735.3,3497.7,2697.0,4389.3,8290.9,,,6050.1,7994.8,9999.9,9999.9,9999.9,,,,,,,,,,,,,,,,,244.1,285.8,559.6,729.1,2331.8,,,534.2,835.2,2284.2,2261.1,4568.4,,,616.6,741.2,2433.2,2515.2,7461.8,,,1850.0,3341.1,3341.1,2092.1,9732.8,,,2194.6,3244.2,3291.9,3152.8,9999.9,,,9732.8,6218.2,9999.9,8609.8,9999.9,,,,,,,,,,,,,,,,,515.7,575.4,724.4,1453.6,2798.1,,,1153.8,2833.6,3109.1,5596.3,7994.8,,,1340.4,2459.9,3197.9,9327.3,9999.9,,,1790.8,4389.3,4568.4,2697.0,9999.9,,,2763.6,6218.2,9327.3,3341.1,3730.9,,,8609.8,9999.9,9999.9,9999.9,5459.8,,,,,,,,,,,,,,,,,1913.2,2072.7,2433.2,2984.7,7994.8,,,3610.5,7719.1,5459.8,9999.9,9999.9,,,3197.9,7994.8,3927.2,9999.9,9999.9,,,3152.8,4389.3,3927.2,3553.2,9999.9,,,3066.5,7719.1,9732.8,3025.0,5329.8,,,5459.8,9999.9,9999.9,9999.9,5890.9,,,,,,,,,,,,,,,,,3669.7,5596.3,3859.5,6995.4,7994.8,,,7221.1,9999.9,7994.8,9999.9,9999.9,,,9999.9,9999.9,9999.9,9999.9,9999.9,,,9732.8,7719.1,9999.9,9327.3,9999.9,,,9999.9,9999.9,9999.9,3859.5,5205.9,,,8609.8,9999.9,9999.9,9999.9,6050.1,,,,,,,,,,,,,,,,,,,,,,,,,,,,,,,,,,,,,,,,,,,,,,,,,,,,,,,,,,,,,,,,,,,,,,,,,,,,,,,,,,,,,,,,,,,,,,,,,,,,,,,,,,,,,,,,,,,,,,,,,,,,,,,,
20260822_大垣_2R,20260822,44,大垣,2,2.7,4.2,8.6,7.6,18.4,,,14.3,50.1,73.9,77.9,187.4,,,23.0,69.3,118.5,109.1,225.8,,,38.7,122.6,134.7,209.5,298.5,,,34.1,107.9,127.6,237.9,254.9,,,68.6,213.3,237.9,314.0,277.8,,,,,,,,,,,,,,,,,49.7,62.9,118.6,117.6,183.0,,,362.3,736.3,1330.6,1621.5,3260.9,,,500.4,1033.9,1639.4,2198.0,3190.7,,,1191.7,3225.4,3059.2,5818.4,5495.2,,,1124.0,3225.4,3027.9,6594.2,5706.5,,,1854.6,6744.1,6594.2,5495.2,7065.3,,,,,,,,,,,,,,,,,541.5,1019.7,2119.5,2373.9,4121.4,,,738.1,1798.4,3156.8,5206.0,8992.2,,,2134.8,2393.0,6450.9,5029.5,8478.3,,,4565.2,7237.6,9999.9,9273.2,9999.9,,,4864.6,8992.2,6450.9,9999.9,9999.9,,,9273.2,9999.9,9999.9,9999.9,9999.9,,,,,,,,,,,,,,,,,762.8,1639.4,3904.5,2938.0,6313.6,,,992.4,2355.1,5934.8,5298.9,9999.9,,,2005.0,1725.2,9999.9,7418.5,9999.9,,,6055.9,7418.5,9999.9,6594.2,9999.9,,,4565.2,4864.6,6744.1,6594.2,9999.9,,,8242.8,9999.9,9999.9,9999.9,9999.9,,,,,,,,,,,,,,,,,2697.6,4064.9,4121.4,8020.0,9999.9,,,3156.8,8478.3,6900.9,9999.9,9999.9,,,6182.1,9999.9,9999.9,9999.9,9999.9,,,7065.3,8727.7,9999.9,5818.4,9999.9,,,9273.2,9999.9,9999.9,8242.8,7418.5,,,9999.9,9999.9,9999.9,9999.9,8727.7,,,,,,,,,,,,,,,,,1914.4,4064.9,3709.2,9891.4,5116.2,,,3059.2,9273.2,8992.2,9999.9,9999.9,,,6900.9,9999.9,7065.3,9999.9,9999.9,,,5934.8,9999.9,6900.9,8478.3,9999.9,,,9999.9,9999.9,9999.9,8020.0,7418.5,,,6055.9,9999.9,9999.9,9999.9,8242.8,,,,,,,,,,,,,,,,,2603.0,8992.2,5116.2,9999.9,5116.2,,,3709.2,9999.9,9999.9,9999.9,9999.9,,,9999.9,9999.9,9999.9,9999.9,9999.9,,,9273.2,9999.9,9999.9,9999.9,9999.9,,,9999.9,9999.9,9999.9,9999.9,8478.3,,,6744.1,9999.9,9999.9,9999.9,7809.0,,,,,,,,,,,,,,,,,,,,,,,,,,,,,,,,,,,,,,,,,,,,,,,,,,,,,,,,,,,,,,,,,,,,,,,,,,,,,,,,,,,,,,,,,,,,,,,,,,,,,,,,,,,,,,,,,,,,,,,,,,,,,,,,
20260822_大垣_3R,20260822,44,大垣,3,141.3,201.0,326.7,462.1,488.6,,,53.1,30.7,40.3,130.6,165.9,,,37.4,9.6,19.8,21.7,32.9,,,159.7,51.9,68.9,210.4,194.0,,,321.8,141.2,68.3,223.8,73.1,,,303.2,179.5,104.3,304.2,95.1,,,,,,,,,,,,,,,,,468.9,791.7,994.2,1526.8,1457.4,,,384.5,486.7,285.0,763.4,714.5,,,964.3,852.2,1276.1,1769.0,1687.6,,,1573.7,382.8,1482.7,2331.9,1928.6,,,2490.4,1233.2,2310.9,2882.1,1710.1,,,1545.2,1038.5,1958.1,2068.6,1698.7,,,,,,,,,,,,,,,,,92.4,101.3,69.1,275.8,349.9,,,107.7,179.3,54.1,272.3,268.3,,,165.3,207.3,218.3,449.2,552.8,,,50.3,24.8,89.4,236.8,130.3,,,465.5,396.4,548.1,397.6,447.6,,,514.0,340.6,695.1,321.4,551.6,,,,,,,,,,,,,,,,,54.5,24.5,53.1,51.3,63.6,,,324.2,476.7,878.4,1215.7,1135.0,,,99.4,209.5,275.2,504.9,563.7,,,164.4,580.3,257.8,671.5,863.6,,,179.5,1009.9,499.0,712.5,458.0,,,194.9,811.7,554.0,1021.9,593.7,,,,,,,,,,,,,,,,,246.8,76.6,109.7,490.4,315.5,,,656.0,160.9,706.6,1251.2,909.6,,,55.3,14.0,69.9,262.2,121.3,,,197.6,444.5,186.5,754.4,799.1,,,819.5,1308.7,528.8,872.5,475.9,,,309.4,422.5,198.5,536.6,451.6,,,,,,,,,,,,,,,,,475.9,227.8,120.2,397.0,120.6,,,1009.9,666.2,1276.1,1198.6,724.6,,,285.9,192.5,305.3,206.5,158.3,,,183.8,739.2,356.7,563.7,301.7,,,697.0,1198.6,561.3,849.3,429.6,,,69.8,136.8,65.1,92.6,115.7,,,,,,,,,,,,,,,,,508.9,342.0,245.2,517.1,188.1,,,1017.9,669.7,1105.6,1187.5,804.1,,,322.2,234.9,496.1,275.8,349.9,,,251.4,789.2,552.8,964.3,472.4,,,364.8,490.4,209.7,666.2,444.5,,,109.2,229.8,117.9,161.5,195.9,,,,,,,,,,,,,,,,,,,,,,,,,,,,,,,,,,,,,,,,,,,,,,,,,,,,,,,,,,,,,,,,,,,,,,,,,,,,,,,,,,,,,,,,,,,,,,,,,,,,,,,,,,,,,,,,,,,,,,,,,,,,,,,,
20260822_大垣_4R,20260822,44,大垣,4,22.6,101.3,13.3,114.3,53.2,,,35.8,144.4,19.5,171.8,128.4,,,189.3,225.9,78.6,111.2,540.7,,,8.6,6.8,17.5,25.5,53.6,,,339.1,431.4,244.3,201.3,566.5,,,188.7,333.6,641.7,205.8,591.4,,,,,,,,,,,,,,,,,22.3,71.6,17.3,103.5,31.3,,,163.4,871.3,293.4,920.6,405.4,,,138.8,761.8,279.9,131.3,375.3,,,42.8,173.2,174.8,261.0,168.0,,,361.3,1062.9,283.0,558.3,600.6,,,35.9,92.8,213.7,82.0,209.8,,,,,,,,,,,,,,,,,362.6,1180.6,212.0,1387.1,1038.0,,,493.3,3032.6,901.8,2737.4,1508.9,,,2454.9,3915.5,4124.3,2761.8,4483.0,,,372.2,1162.8,3818.8,3062.6,3188.9,,,2379.4,5242.8,3156.4,5728.2,6444.3,,,2474.6,2643.8,7931.4,4418.9,6444.3,,,,,,,,,,,,,,,,,275.2,411.3,136.3,181.3,957.6,,,254.3,1562.2,493.3,291.5,738.2,,,1578.2,2713.4,2621.4,1841.2,4616.8,,,205.8,457.5,1830.3,278.9,1874.7,,,155.2,221.4,803.4,224.8,636.4,,,2048.5,1933.2,5070.9,3032.6,2104.2,,,,,,,,,,,,,,,,,23.3,30.8,35.3,46.9,145.2,,,69.0,270.1,291.8,402.2,231.8,,,226.2,652.5,1681.1,1387.1,1531.3,,,124.8,415.2,1562.2,190.2,1321.9,,,376.3,805.5,1708.9,295.1,1267.7,,,574.9,508.7,1708.9,2209.4,1327.5,,,,,,,,,,,,,,,,,1020.8,1602.7,894.0,831.5,2118.6,,,1034.5,3326.1,1242.2,1777.7,2864.1,,,2918.1,6312.8,2666.6,6065.2,6444.3,,,579.2,845.1,1438.7,747.1,1672.0,,,836.0,2090.0,4124.3,1052.1,2474.6,,,2274.4,3866.5,6444.3,4989.1,3326.1,,,,,,,,,,,,,,,,,540.7,1399.6,2274.4,1085.3,2308.4,,,303.2,771.3,972.7,543.6,1180.6,,,2474.6,2209.4,8592.4,5242.8,9097.8,,,3093.2,1874.7,6724.5,4356.7,4070.1,,,1299.6,1154.2,3256.0,4296.2,2599.3,,,3326.1,3256.0,8360.2,6186.5,2945.9,,,,,,,,,,,,,,,,,,,,,,,,,,,,,,,,,,,,,,,,,,,,,,,,,,,,,,,,,,,,,,,,,,,,,,,,,,,,,,,,,,,,,,,,,,,,,,,,,,,,,,,,,,,,,,,,,,,,,,,,,,,,,,,,
20260822_大垣_5R,20260822,44,大垣,5,39.5,122.0,211.8,100.7,238.3,,,42.8,103.8,142.5,138.6,162.0,,,217.4,245.6,256.0,288.4,560.5,,,399.1,452.2,325.0,383.2,660.1,,,79.1,103.1,137.5,158.2,128.5,,,499.2,575.6,814.6,763.2,319.4,,,,,,,,,,,,,,,,,30.1,81.8,151.1,76.8,111.6,,,11.7,14.8,32.5,46.6,27.2,,,135.0,67.1,119.1,317.6,167.1,,,264.0,156.2,184.3,559.4,304.4,,,136.9,151.9,399.7,497.5,418.9,,,188.6,113.8,215.1,248.0,455.2,,,,,,,,,,,,,,,,,34.7,80.7,108.8,128.0,147.3,,,14.6,18.2,35.2,54.4,32.5,,,100.1,54.5,92.0,342.2,151.3,,,174.5,139.6,140.6,590.2,191.8,,,204.1,158.7,464.3,547.3,605.6,,,299.5,122.1,304.4,354.0,563.9,,,,,,,,,,,,,,,,,198.1,228.3,201.8,430.6,465.8,,,173.5,92.5,134.0,418.9,292.3,,,96.2,58.1,80.7,381.1,159.3,,,133.2,98.7,115.0,227.6,149.5,,,573.2,650.9,721.7,570.9,1109.9,,,744.9,551.6,490.4,352.2,1160.8,,,,,,,,,,,,,,,,,537.8,587.7,396.3,587.7,746.9,,,369.0,287.5,295.1,841.6,517.8,,,459.7,313.3,343.9,901.6,527.6,,,202.0,186.2,206.6,320.5,216.3,,,742.9,1227.3,1165.6,773.8,1024.2,,,802.8,718.0,681.1,477.0,901.6,,,,,,,,,,,,,,,,,102.2,109.0,154.4,215.6,157.9,,,138.9,225.9,473.0,725.5,641.9,,,241.2,225.4,429.2,735.0,640.4,,,400.8,620.4,677.8,514.0,1295.8,,,496.6,1043.4,913.4,644.9,991.4,,,367.0,694.7,839.1,1020.5,1109.9,,,,,,,,,,,,,,,,,701.7,701.7,1075.6,1123.3,556.0,,,544.1,329.3,696.5,791.4,1096.8,,,660.1,339.7,725.5,744.9,1084.0,,,1146.5,977.5,873.3,652.4,1619.7,,,1151.2,954.1,931.7,669.7,1165.6,,,800.5,1443.5,1443.5,1934.7,1165.6,,,,,,,,,,,,,,,,,,,,,,,,,,,,,,,,,,,,,,,,,,,,,,,,,,,,,,,,,,,,,,,,,,,,,,,,,,,,,,,,,,,,,,,,,,,,,,,,,,,,,,,,,,,,,,,,,,,,,,,,,,,,,,,,
20260822_大垣_6R,20260822,44,大垣,6,106.7,78.1,137.0,256.6,397.7,,,187.2,216.7,292.3,399.8,620.8,,,60.2,111.1,41.5,135.0,235.5,,,130.0,168.6,79.0,144.0,224.7,,,567.7,604.8,315.2,296.5,661.1,,,855.6,1046.1,659.7,528.4,694.2,,,,,,,,,,,,,,,,,89.4,63.1,148.9,234.0,385.6,,,45.2,14.3,129.2,82.2,156.7,,,24.2,5.7,77.4,49.8,107.0,,,407.8,420.7,313.6,632.4,882.8,,,490.3,289.8,191.1,779.2,572.0,,,877.7,520.3,401.3,1161.4,680.3,,,,,,,,,,,,,,,,,212.4,275.1,469.2,477.2,771.3,,,118.0,41.0,272.4,171.8,306.9,,,241.2,69.2,435.7,266.5,451.2,,,853.2,814.5,1079.3,1519.7,1840.1,,,722.1,464.9,442.7,1038.9,767.4,,,1246.7,834.6,1064.3,1874.0,1123.0,,,,,,,,,,,,,,,,,36.0,58.2,14.3,48.1,112.3,,,25.8,9.5,67.3,61.8,127.0,,,102.7,33.3,187.9,157.5,266.7,,,87.1,235.5,327.7,174.6,383.2,,,83.8,135.7,191.7,117.8,140.8,,,257.7,302.4,401.3,336.7,233.0,,,,,,,,,,,,,,,,,362.3,580.7,291.4,395.6,625.9,,,620.8,846.1,582.9,1262.2,1642.2,,,1046.1,1427.4,1311.0,2181.8,2181.8,,,347.1,548.4,1001.5,801.7,1322.3,,,818.9,1786.3,2503.8,963.6,1272.7,,,1102.7,2588.6,3215.4,2727.3,1420.7,,,,,,,,,,,,,,,,,554.3,637.7,196.5,363.6,594.2,,,456.5,361.0,175.8,882.8,652.7,,,867.7,627.2,387.1,1139.7,893.1,,,115.2,137.5,206.5,380.4,207.9,,,865.3,1127.1,1519.7,683.3,994.9,,,442.7,576.3,654.0,227.9,729.0,,,,,,,,,,,,,,,,,1202.6,1322.3,769.4,799.6,937.0,,,1056.9,841.4,759.8,1755.5,1294.3,,,1725.7,1434.1,1407.6,2545.5,1633.4,,,431.4,525.7,803.8,643.0,437.6,,,1660.1,2909.1,3085.4,1921.1,1706.5,,,614.6,865.3,972.8,486.4,939.8,,,,,,,,,,,,,,,,,,,,,,,,,,,,,,,,,,,,,,,,,,,,,,,,,,,,,,,,,,,,,,,,,,,,,,,,,,,,,,,,,,,,,,,,,,,,,,,,,,,,,,,,,,,,,,,,,,,,,,,,,,,,,,,,
20260822_大垣_7R,20260822,44,大垣,7,23.4,84.2,119.4,40.0,296.4,,,10.7,31.0,16.0,15.1,55.8,,,156.9,77.2,243.8,118.8,428.0,,,135.2,41.2,156.7,119.7,96.1,,,62.1,49.9,58.7,174.3,325.4,,,498.5,162.3,473.7,203.9,479.8,,,,,,,,,,,,,,,,,57.3,99.3,196.9,56.1,422.5,,,97.4,332.2,398.7,156.6,782.5,,,230.9,502.3,650.8,101.5,998.6,,,426.9,552.4,659.8,383.1,648.2,,,55.8,145.4,25.1,266.6,465.7,,,1142.8,1532.5,1335.6,1065.9,1123.5,,,,,,,,,,,,,,,,,28.0,55.3,30.3,34.8,85.1,,,81.4,325.0,276.9,165.2,689.9,,,181.9,457.4,338.3,403.5,674.5,,,108.3,350.0,375.3,439.9,273.4,,,165.1,221.7,260.6,469.0,978.1,,,316.7,963.9,833.4,463.8,1115.9,,,,,,,,,,,,,,,,,431.3,255.6,647.0,266.6,1097.5,,,423.1,870.5,1183.5,218.5,1458.6,,,434.7,1013.9,846.2,747.3,1335.6,,,1004.7,1445.9,1001.7,852.7,1131.1,,,232.5,137.3,531.2,548.7,734.1,,,1837.3,2231.9,1797.6,1368.5,1646.3,,,,,,,,,,,,,,,,,128.8,65.9,113.5,79.6,59.8,,,341.4,493.4,539.8,321.6,439.9,,,97.7,341.7,366.6,439.3,224.2,,,375.3,635.8,516.4,361.8,379.2,,,132.0,186.7,395.4,138.7,140.9,,,51.7,143.9,140.3,111.8,79.2,,,,,,,,,,,,,,,,,148.7,176.4,141.1,502.3,908.6,,,92.3,212.6,33.4,289.9,571.4,,,308.2,339.0,295.3,903.7,1583.6,,,133.4,57.3,277.6,309.3,491.9,,,680.0,461.8,1209.3,352.6,580.3,,,1421.2,1368.5,2818.3,986.8,955.6,,,,,,,,,,,,,,,,,1478.0,704.5,1391.4,522.0,1324.9,,,1857.9,2748.4,2358.6,1304.1,2078.5,,,769.8,2481.8,1827.2,640.7,2681.9,,,1817.2,2445.3,2065.6,1269.3,2247.0,,,252.7,563.6,370.7,484.7,431.3,,,1889.5,2118.2,3325.6,1750.3,947.4,,,,,,,,,,,,,,,,,,,,,,,,,,,,,,,,,,,,,,,,,,,,,,,,,,,,,,,,,,,,,,,,,,,,,,,,,,,,,,,,,,,,,,,,,,,,,,,,,,,,,,,,,,,,,,,,,,,,,,,,,,,,,,,,
20260822_大垣_8R,20260822,44,大垣,8,22.6,123.9,22.4,129.6,14.2,,,20.5,160.0,100.3,174.9,58.5,,,423.9,532.5,933.7,652.8,691.0,,,153.7,345.2,652.8,760.4,250.7,,,438.8,627.3,544.7,1134.2,670.3,,,18.1,62.1,223.4,111.5,246.3,,,,,,,,,,,,,,,,,38.5,167.9,27.0,147.3,17.1,,,103.8,563.9,196.3,653.9,171.2,,,506.3,927.2,368.7,565.5,323.2,,,43.9,96.1,156.8,154.3,25.9,,,470.7,967.5,634.3,434.5,328.5,,,11.3,55.1,83.1,7.4,95.2,,,,,,,,,,,,,,,,,136.7,491.4,399.5,657.1,302.1,,,235.9,1481.6,613.9,1509.4,544.0,,,2027.8,2750.1,4779.9,2230.6,3345.9,,,1262.6,1194.9,4097.0,4837.5,2135.7,,,1587.0,2463.2,2170.3,5735.9,4562.6,,,618.6,671.4,2676.7,1498.1,3522.0,,,,,,,,,,,,,,,,,1384.5,2048.5,2867.9,1708.5,1858.8,,,1235.4,2418.7,1312.1,1487.0,1180.9,,,2888.6,2694.7,4668.7,2348.0,5147.6,,,4055.7,2007.5,5283.0,2294.3,3823.9,,,1062.2,863.4,1428.8,1338.3,1266.6,,,2059.0,1174.0,5735.9,3136.8,2361.8,,,,,,,,,,,,,,,,,428.9,1250.8,2170.3,2659.0,686.3,,,256.5,501.8,556.1,814.4,163.8,,,1408.8,1167.1,3683.6,4317.3,2218.3,,,3787.8,1476.1,4562.6,1921.1,3264.3,,,4182.4,1987.7,5353.5,2170.3,1987.7,,,635.3,246.1,1399.0,1544.2,1492.6,,,,,,,,,,,,,,,,,1032.1,1274.6,1262.6,2607.2,1652.3,,,754.7,1418.7,951.4,884.3,643.4,,,2158.6,2230.6,1885.0,4837.5,4182.4,,,582.7,546.2,865.3,942.5,898.2,,,2974.1,2069.6,3936.4,1876.2,1977.9,,,1465.3,870.9,4461.2,1254.7,1858.8,,,,,,,,,,,,,,,,,27.3,82.9,312.4,128.2,349.4,,,11.7,73.2,102.1,11.2,119.8,,,272.0,275.1,1134.2,498.1,1444.3,,,744.9,450.1,1503.8,927.2,882.4,,,232.0,96.2,406.3,589.5,655.0,,,801.4,415.2,1645.5,482.0,863.4,,,,,,,,,,,,,,,,,,,,,,,,,,,,,,,,,,,,,,,,,,,,,,,,,,,,,,,,,,,,,,,,,,,,,,,,,,,,,,,,,,,,,,,,,,,,,,,,,,,,,,,,,,,,,,,,,,,,,,,,,,,,,,,,
20260822_大垣_9R,20260822,44,大垣,9,4.7,21.3,18.7,5.8,65.7,,,14.6,29.3,13.0,82.7,76.6,,,103.1,108.8,125.9,329.1,184.5,,,51.6,25.9,76.2,178.6,195.4,,,88.8,218.7,463.2,369.5,864.6,,,323.6,365.0,221.4,434.7,1063.2,,,,,,,,,,,,,,,,,32.4,114.8,85.9,21.7,266.7,,,137.7,421.7,299.2,329.6,1287.5,,,472.6,917.8,1223.0,1120.9,1542.8,,,257.3,383.5,713.9,593.9,1845.0,,,133.5,403.0,713.9,661.2,1362.7,,,1013.0,2593.8,2227.8,3254.0,2520.7,,,,,,,,,,,,,,,,,47.4,127.7,42.3,236.2,196.8,,,97.6,304.8,140.9,330.2,705.5,,,297.2,354.6,231.3,919.3,500.3,,,45.4,64.7,109.4,264.3,203.8,,,714.9,761.5,1424.1,820.9,2855.9,,,643.7,1032.5,561.0,465.2,2440.5,,,,,,,,,,,,,,,,,455.7,615.0,573.0,1521.0,829.8,,,653.9,1287.5,1569.9,1525.3,1766.1,,,780.4,1071.6,772.5,2182.6,1355.8,,,677.9,969.1,770.3,1560.8,1362.7,,,3016.4,2711.7,2966.4,2418.5,3919.1,,,867.3,1003.5,979.7,1032.5,1826.2,,,,,,,,,,,,,,,,,129.5,91.3,253.6,438.6,558.1,,,227.4,243.0,655.5,510.8,1185.2,,,57.2,81.4,148.9,266.8,319.9,,,439.3,707.4,410.1,1050.7,1030.5,,,1127.9,1220.2,1022.7,1387.3,1966.7,,,1503.9,2200.4,963.9,1217.5,2753.4,,,,,,,,,,,,,,,,,324.2,1067.4,2105.5,1715.4,3555.7,,,314.5,962.2,1641.9,1583.8,3254.0,,,1319.2,1287.5,2462.9,2165.0,6032.8,,,3807.9,2966.4,3016.4,2671.2,4668.8,,,2200.4,2255.9,2375.7,2556.7,4036.9,,,5836.0,5651.7,7670.2,5535.2,4550.1,,,,,,,,,,,,,,,,,1223.0,1362.7,1157.1,1512.4,3314.3,,,1726.4,3121.6,2781.9,3947.9,2711.7,,,1296.9,2418.5,1149.7,1123.2,4330.0,,,957.0,1137.5,1061.1,1237.1,1995.9,,,2089.1,3486.4,1435.6,1715.4,3195.9,,,6243.2,5423.4,6883.5,5316.0,4751.5,,,,,,,,,,,,,,,,,,,,,,,,,,,,,,,,,,,,,,,,,,,,,,,,,,,,,,,,,,,,,,,,,,,,,,,,,,,,,,,,,,,,,,,,,,,,,,,,,,,,,,,,,,,,,,,,,,,,,,,,,,,,,,,,
20260822_奈良_1R,20260822,53,奈良,1,953.6,946.6,736.8,853.2,,,,329.1,89.4,92.6,99.7,,,,267.9,73.7,81.6,35.6,,,,222.4,100.8,145.2,149.0,,,,469.9,132.7,135.8,172.6,,,,,,,,,,,,,,,,,,,,,,,,,1525.8,1965.0,1337.0,1271.5,,,,1259.1,1508.0,298.1,542.6,,,,1752.6,2161.5,1508.0,771.9,,,,635.7,210.8,704.8,358.2,,,,1223.5,623.5,1045.9,665.0,,,,,,,,,,,,,,,,,,,,,,,,,128.9,47.3,38.2,45.4,,,,337.7,402.7,91.4,186.0,,,,139.3,419.7,192.9,161.9,,,,15.5,9.1,52.5,16.5,,,,53.7,129.4,110.1,45.3,,,,,,,,,,,,,,,,,,,,,,,,,280.1,137.5,154.5,57.2,,,,1089.8,1247.0,1310.0,786.0,,,,294.0,906.9,518.7,286.9,,,,404.0,571.3,360.2,369.4,,,,106.3,371.6,254.3,370.5,,,,,,,,,,,,,,,,,,,,,,,,,110.8,65.5,111.0,101.0,,,,78.3,18.4,91.5,35.5,,,,26.3,6.5,35.4,18.4,,,,169.9,195.3,131.9,150.4,,,,100.2,59.8,42.8,136.8,,,,,,,,,,,,,,,,,,,,,,,,,343.1,101.0,117.9,136.6,,,,606.0,334.2,500.7,338.6,,,,72.1,170.2,145.8,52.7,,,,166.0,458.2,297.4,280.1,,,,94.3,109.9,52.6,135.9,,,,,,,,,,,,,,,,,,,,,,,,,,,,,,,,,,,,,,,,,,,,,,,,,,,,,,,,,,,,,,,,,,,,,,,,,,,,,,,,,,,,,,,,,,,,,,,,,,,,,,,,,,,,,,,,,,,,,,,,,,,,,,,,,,,,,,,,,,,,,,,,,,,,,,,,,,,,,,,,,,,,,,,,,,,,,,,,,,,,,,,,,,,,,,,,
20260822_奈良_2R,20260822,53,奈良,2,33.4,63.9,111.7,39.6,,,,15.3,57.0,19.9,24.0,,,,199.0,225.2,369.8,341.2,,,,274.9,88.9,283.4,147.6,,,,56.8,20.1,108.2,73.4,,,,,,,,,,,,,,,,,,,,,,,,,38.0,60.4,124.9,37.6,,,,72.7,176.4,235.4,107.3,,,,102.6,148.8,122.4,39.4,,,,356.2,373.6,288.5,297.9,,,,28.3,51.4,12.0,89.5,,,,,,,,,,,,,,,,,,,,,,,,,54.7,117.9,53.1,88.0,,,,134.1,397.0,398.1,235.0,,,,411.6,480.9,867.3,800.6,,,,159.7,433.6,513.0,599.6,,,,145.1,220.4,571.4,529.8,,,,,,,,,,,,,,,,,,,,,,,,,668.4,857.1,852.1,946.2,,,,495.6,714.2,625.3,178.5,,,,1234.8,1349.2,1156.4,1267.0,,,,958.6,1156.4,1018.9,842.2,,,,580.5,221.1,952.3,465.5,,,,,,,,,,,,,,,,,,,,,,,,,514.8,154.3,434.9,226.6,,,,609.6,614.8,609.6,522.2,,,,234.2,571.4,620.0,680.9,,,,779.2,977.9,862.2,779.2,,,,165.5,418.7,287.9,314.7,,,,,,,,,,,,,,,,,,,,,,,,,48.7,10.9,57.8,30.0,,,,26.6,63.3,10.9,59.0,,,,48.1,133.5,178.7,116.2,,,,150.8,81.9,244.8,138.3,,,,54.3,220.7,103.4,138.6,,,,,,,,,,,,,,,,,,,,,,,,,,,,,,,,,,,,,,,,,,,,,,,,,,,,,,,,,,,,,,,,,,,,,,,,,,,,,,,,,,,,,,,,,,,,,,,,,,,,,,,,,,,,,,,,,,,,,,,,,,,,,,,,,,,,,,,,,,,,,,,,,,,,,,,,,,,,,,,,,,,,,,,,,,,,,,,,,,,,,,,,,,,,,,,,
20260822_奈良_3R,20260822,53,奈良,3,371.0,607.7,234.0,456.4,280.2,,,71.4,31.6,31.7,43.2,2.7,,,506.9,133.8,340.3,452.9,137.5,,,144.9,78.2,260.0,189.0,59.6,,,308.6,73.2,207.5,101.6,98.1,,,196.8,26.2,62.4,81.7,283.6,,,,,,,,,,,,,,,,,916.3,2431.0,1527.2,1401.4,1547.0,,,930.6,2647.1,1294.8,2770.2,1726.4,,,3054.4,3722.5,3970.7,3134.8,3308.9,,,1026.9,1323.5,2165.8,916.3,1353.6,,,1470.6,1588.3,2290.8,1054.1,2247.5,,,1985.3,2978.0,4411.9,2205.9,3722.5,,,,,,,,,,,,,,,,,91.9,40.3,38.8,57.7,4.7,,,458.1,1588.3,968.4,1418.1,895.6,,,127.9,1063.5,498.4,688.5,189.3,,,87.9,661.7,405.1,488.2,149.0,,,125.7,895.6,459.9,398.4,390.5,,,21.1,459.9,73.2,96.5,349.3,,,,,,,,,,,,,,,,,1418.1,393.1,821.5,1280.8,478.4,,,1952.8,2290.8,2647.1,3722.5,2905.4,,,389.2,1952.8,1073.1,895.6,506.9,,,1134.5,2431.0,1145.4,1092.8,1267.2,,,1547.0,2770.2,1092.8,1369.2,2978.0,,,788.8,2127.1,704.8,1507.8,2335.7,,,,,,,,,,,,,,,,,522.4,149.2,794.1,665.4,289.8,,,875.9,923.4,1082.9,788.8,607.7,,,133.9,930.6,721.9,735.3,221.4,,,1323.5,2053.8,1240.8,1294.8,1435.2,,,520.1,458.1,376.9,778.5,482.2,,,572.7,1092.8,454.6,1035.8,1102.9,,,,,,,,,,,,,,,,,325.4,53.4,220.1,143.0,150.5,,,773.5,676.8,1654.4,502.6,952.9,,,103.9,589.7,374.5,303.8,160.3,,,1001.0,2247.5,749.1,1018.1,1631.8,,,228.6,329.0,261.8,637.0,354.5,,,815.9,1751.8,717.6,1470.6,856.9,,,,,,,,,,,,,,,,,1113.2,106.8,394.4,578.2,1001.0,,,1921.3,2431.0,3134.8,1985.3,3842.6,,,80.1,1145.4,345.2,355.5,945.4,,,673.0,2335.7,601.6,1435.2,1952.8,,,952.9,1777.9,531.7,1507.8,1145.4,,,1527.2,3970.7,1588.3,2836.2,1294.8,,,,,,,,,,,,,,,,,,,,,,,,,,,,,,,,,,,,,,,,,,,,,,,,,,,,,,,,,,,,,,,,,,,,,,,,,,,,,,,,,,,,,,,,,,,,,,,,,,,,,,,,,,,,,,,,,,,,,,,,,,,,,,,,
20260822_奈良_4R,20260822,53,奈良,4,330.2,332.8,414.2,1585.3,655.6,,,485.7,771.6,509.9,2858.8,1959.4,,,332.1,625.0,283.1,1351.8,958.1,,,297.0,298.1,201.3,1321.1,785.5,,,2858.8,2812.7,2456.2,2294.6,3114.1,,,1311.2,2356.6,1453.2,1916.3,2768.1,,,,,,,,,,,,,,,,,173.3,153.2,242.5,717.6,222.1,,,69.4,16.0,51.1,156.9,18.0,,,45.2,17.1,47.5,108.3,14.4,,,108.9,94.2,88.4,538.2,125.1,,,723.6,480.4,417.2,979.7,372.6,,,85.4,31.5,30.0,83.1,66.5,,,,,,,,,,,,,,,,,211.1,269.5,291.1,1543.2,706.0,,,93.7,41.9,88.4,319.3,50.8,,,194.6,61.6,151.2,479.0,268.7,,,384.1,208.8,253.8,1453.2,885.2,,,1384.0,1103.7,782.0,1301.4,1875.1,,,1311.2,315.9,581.3,1291.7,1254.6,,,,,,,,,,,,,,,,,81.0,154.6,101.2,496.8,202.7,,,34.3,15.2,22.9,93.5,9.7,,,111.7,23.3,91.2,320.5,108.4,,,39.7,33.4,77.0,508.4,168.0,,,778.5,393.6,511.4,846.5,658.0,,,312.5,99.3,211.3,381.5,403.6,,,,,,,,,,,,,,,,,100.3,122.8,77.6,485.7,245.6,,,127.4,189.7,95.4,968.8,158.6,,,353.7,224.1,330.2,2051.6,863.3,,,91.2,72.5,172.6,894.3,398.1,,,2388.9,2126.7,2264.8,1726.6,2076.0,,,1282.2,834.4,2179.8,1186.3,1676.8,,,,,,,,,,,,,,,,,3633.1,3875.3,3353.6,4253.4,3633.1,,,3229.4,1761.5,1585.3,3963.4,1895.5,,,4713.2,2027.7,1516.4,4359.7,3290.3,,,2456.2,1453.2,1291.7,1693.1,2325.2,,,4982.5,5284.5,4589.2,2491.2,2858.8,,,4055.5,2207.4,2955.7,2682.9,3006.7,,,,,,,,,,,,,,,,,1351.8,3006.7,1543.2,2356.6,2388.9,,,650.7,258.3,255.3,645.8,457.7,,,2491.2,484.4,885.2,2356.6,2264.8,,,1543.2,368.6,641.1,1645.1,1186.3,,,2602.8,1743.9,2356.6,2356.6,2294.6,,,2527.4,1477.8,2325.2,1855.2,2051.6,,,,,,,,,,,,,,,,,,,,,,,,,,,,,,,,,,,,,,,,,,,,,,,,,,,,,,,,,,,,,,,,,,,,,,,,,,,,,,,,,,,,,,,,,,,,,,,,,,,,,,,,,,,,,,,,,,,,,,,,,,,,,,,,
20260822_奈良_5R,20260822,53,奈良,5,71.3,104.9,113.3,226.2,,,,33.8,7.6,10.6,38.5,,,,61.1,18.3,30.0,54.1,,,,71.2,22.5,31.8,67.3,,,,258.6,126.5,126.1,166.8,,,,,,,,,,,,,,,,,,,,,,,,,311.7,349.6,546.6,609.6,,,,379.6,623.5,777.2,836.7,,,,541.2,759.2,926.5,832.4,,,,565.5,752.3,891.3,1006.1,,,,1547.1,1726.3,2246.5,2523.1,,,,,,,,,,,,,,,,,,,,,,,,,45.7,11.6,13.8,50.5,,,,116.7,247.3,215.2,396.1,,,,25.6,126.2,45.4,161.1,,,,30.2,123.3,55.8,172.2,,,,242.9,500.0,391.4,460.6,,,,,,,,,,,,,,,,,,,,,,,,,92.8,42.3,64.5,90.4,,,,203.7,334.6,425.9,762.7,,,,57.2,175.2,99.5,187.4,,,,83.5,250.3,120.4,251.1,,,,314.7,792.2,493.9,633.2,,,,,,,,,,,,,,,,,,,,,,,,,88.9,30.7,37.9,67.6,,,,179.4,280.8,329.3,552.1,,,,36.5,141.7,63.3,152.2,,,,59.2,224.9,96.4,203.7,,,,235.9,807.8,367.7,412.0,,,,,,,,,,,,,,,,,,,,,,,,,1490.9,713.0,1071.9,1123.2,,,,2050.0,1863.6,2603.2,2928.6,,,,959.0,2102.5,1464.3,1842.7,,,,1188.4,2075.9,1389.8,1366.6,,,,1312.0,1179.8,1690.7,1413.8,,,,,,,,,,,,,,,,,,,,,,,,,,,,,,,,,,,,,,,,,,,,,,,,,,,,,,,,,,,,,,,,,,,,,,,,,,,,,,,,,,,,,,,,,,,,,,,,,,,,,,,,,,,,,,,,,,,,,,,,,,,,,,,,,,,,,,,,,,,,,,,,,,,,,,,,,,,,,,,,,,,,,,,,,,,,,,,,,,,,,,,,,,,,,,,,
20260822_奈良_6R,20260822,53,奈良,6,67.2,18.4,140.5,50.4,42.7,,,74.4,63.5,62.3,59.2,164.9,,,14.0,44.3,110.3,29.2,55.7,,,225.3,154.6,298.0,300.4,395.3,,,26.2,18.9,13.6,37.8,41.6,,,101.8,273.3,116.9,389.2,215.3,,,,,,,,,,,,,,,,,225.9,63.7,503.0,209.7,162.1,,,395.3,267.0,664.1,1121.6,667.0,,,30.4,87.5,245.0,127.8,31.8,,,1009.4,1164.7,613.0,1916.6,1164.7,,,476.1,1593.8,454.7,1966.4,805.4,,,263.3,591.4,133.4,688.2,580.1,,,,,,,,,,,,,,,,,211.4,127.8,82.6,118.6,393.2,,,328.4,284.6,425.3,970.6,458.8,,,160.0,128.7,103.2,569.2,335.7,,,88.9,215.6,95.7,317.4,177.5,,,520.3,1182.9,841.2,724.4,1966.4,,,1105.2,1044.2,641.5,633.5,1701.3,,,,,,,,,,,,,,,,,25.3,64.4,125.5,49.5,68.4,,,16.9,48.8,106.2,75.7,13.2,,,105.7,120.3,76.8,420.6,195.6,,,457.4,467.3,274.8,880.3,658.3,,,188.5,267.0,480.6,784.5,523.9,,,178.1,90.7,305.2,418.2,450.6,,,,,,,,,,,,,,,,,1682.4,647.0,983.2,1560.9,2163.0,,,1916.6,1824.2,1701.3,4326.1,1720.6,,,485.3,952.3,661.2,1328.2,1044.2,,,1499.1,1682.4,1305.3,2294.1,3882.4,,,1941.2,3785.4,2046.1,2074.1,3693.0,,,4092.3,2968.9,4588.3,4326.1,6583.3,,,,,,,,,,,,,,,,,234.0,276.3,194.8,473.1,490.0,,,571.3,1514.1,672.9,2911.8,1155.8,,,818.4,2163.0,1129.9,1261.8,2856.9,,,420.6,625.6,1037.0,1740.4,1740.4,,,1802.5,4884.3,2365.8,2259.9,5221.2,,,2046.1,1701.3,2566.3,2442.1,5047.2,,,,,,,,,,,,,,,,,589.1,1916.6,488.4,2163.0,1514.1,,,476.1,1081.5,313.4,1351.9,1081.5,,,1916.6,1802.5,1201.7,2442.1,3364.8,,,446.6,252.3,890.6,1428.4,1155.8,,,2074.1,2753.0,4731.7,3984.6,6583.3,,,2226.7,1720.6,3984.6,2804.0,5823.6,,,,,,,,,,,,,,,,,,,,,,,,,,,,,,,,,,,,,,,,,,,,,,,,,,,,,,,,,,,,,,,,,,,,,,,,,,,,,,,,,,,,,,,,,,,,,,,,,,,,,,,,,,,,,,,,,,,,,,,,,,,,,,,,
20260822_奈良_7R,20260822,53,奈良,7,283.5,203.8,590.2,158.5,166.1,,,236.2,58.4,162.9,240.4,181.2,,,111.2,34.7,171.0,90.1,72.7,,,1458.5,718.9,708.8,1203.9,1157.9,,,113.3,276.8,120.4,534.1,112.1,,,46.7,68.6,50.9,230.1,40.7,,,,,,,,,,,,,,,,,514.2,356.0,1223.3,178.0,170.4,,,671.2,329.7,705.5,343.1,852.2,,,433.4,207.2,762.2,191.0,426.1,,,2528.2,1944.7,2198.4,1068.2,3160.2,,,119.2,170.0,95.1,241.9,116.1,,,145.4,505.6,572.4,1194.4,159.1,,,,,,,,,,,,,,,,,404.5,98.0,307.6,429.7,367.2,,,674.1,323.4,642.7,578.9,966.1,,,50.3,80.9,19.2,90.8,119.5,,,472.5,592.5,152.6,448.7,948.0,,,587.9,423.7,192.2,463.8,913.8,,,668.2,1123.6,507.3,1213.5,1107.2,,,,,,,,,,,,,,,,,76.2,28.6,103.3,70.5,41.3,,,160.1,109.2,319.3,82.9,223.7,,,16.8,33.9,8.3,30.9,38.4,,,379.2,524.8,121.7,364.6,861.8,,,108.7,57.6,50.2,119.0,155.9,,,69.5,130.2,91.9,343.1,185.2,,,,,,,,,,,,,,,,,4596.7,1487.1,1458.5,4213.6,3160.2,,,3792.3,2022.5,2708.7,2571.0,3889.5,,,1366.6,1763.8,477.0,1501.9,2809.1,,,1342.4,2862.1,505.6,1580.1,3297.6,,,4099.8,2077.9,1872.7,1547.8,2407.8,,,3889.5,5056.4,1849.9,4334.0,2862.1,,,,,,,,,,,,,,,,,106.7,208.3,118.2,500.6,108.4,,,85.3,67.8,59.1,145.5,103.2,,,274.8,146.8,75.1,200.6,375.4,,,141.1,66.7,55.0,133.0,266.1,,,1516.9,537.9,762.2,572.4,1631.1,,,154.1,209.2,299.7,316.0,715.5,,,,,,,,,,,,,,,,,85.4,173.1,149.8,576.7,76.2,,,171.4,616.6,729.2,1458.5,274.8,,,519.4,1031.9,747.2,1091.3,1149.1,,,243.8,448.7,321.3,1366.6,725.8,,,1596.7,2615.3,2022.5,2528.2,1872.7,,,255.3,357.7,702.2,790.0,1274.7,,,,,,,,,,,,,,,,,,,,,,,,,,,,,,,,,,,,,,,,,,,,,,,,,,,,,,,,,,,,,,,,,,,,,,,,,,,,,,,,,,,,,,,,,,,,,,,,,,,,,,,,,,,,,,,,,,,,,,,,,,,,,,,,
20260822_奈良_8R,20260822,53,奈良,8,2180.5,1053.3,1972.8,2485.8,1080.7,,,2180.5,722.6,1515.7,1702.6,1161.5,,,359.2,302.4,180.9,108.2,66.0,,,1281.3,1445.2,476.2,1972.8,731.1,,,2142.9,1062.3,251.0,1750.5,690.5,,,578.0,801.8,110.0,505.2,594.6,,,,,,,,,,,,,,,,,2437.0,1396.5,1726.2,2589.3,1350.9,,,2536.5,2345.0,650.7,2004.6,1679.5,,,1350.9,2485.8,1308.3,1702.6,1002.3,,,1294.6,509.3,913.8,2301.6,469.0,,,2437.0,1855.0,2004.6,3186.9,2037.5,,,1195.0,1381.0,913.8,509.3,2071.5,,,,,,,,,,,,,,,,,1553.6,460.3,748.7,934.5,796.7,,,1614.1,881.4,398.3,1412.3,817.6,,,125.7,436.1,134.5,240.8,146.7,,,227.6,42.2,61.9,256.2,81.5,,,702.2,722.6,365.5,393.3,554.8,,,474.3,422.7,215.7,171.9,547.5,,,,,,,,,,,,,,,,,98.4,58.9,33.0,15.8,12.9,,,310.7,1140.2,572.7,572.7,448.7,,,118.4,524.4,168.1,196.3,169.7,,,79.1,154.5,135.5,113.1,87.3,,,12.4,157.7,95.6,48.4,28.7,,,17.5,153.0,96.8,46.2,36.0,,,,,,,,,,,,,,,,,589.0,664.6,336.8,1230.5,501.1,,,402.2,86.1,139.1,1018.7,107.3,,,230.5,28.3,72.3,305.3,56.8,,,142.0,137.6,151.3,278.6,140.7,,,963.4,1035.7,578.0,412.9,495.1,,,281.1,120.6,110.7,133.2,348.1,,,,,,,,,,,,,,,,,1553.6,894.1,230.1,1218.5,654.1,,,2824.7,1657.2,1294.6,1161.5,2345.0,,,1119.7,963.4,395.8,463.7,603.3,,,52.3,325.3,254.6,179.6,95.2,,,1071.4,1218.5,630.9,451.9,643.9,,,439.1,978.6,542.7,224.3,450.3,,,,,,,,,,,,,,,,,219.5,309.1,54.6,170.4,217.6,,,314.6,364.4,182.2,242.2,562.3,,,273.7,282.4,136.1,119.0,353.0,,,19.1,89.0,103.6,38.7,38.9,,,116.0,86.2,70.4,59.6,207.1,,,192.6,384.7,335.9,98.3,232.7,,,,,,,,,,,,,,,,,,,,,,,,,,,,,,,,,,,,,,,,,,,,,,,,,,,,,,,,,,,,,,,,,,,,,,,,,,,,,,,,,,,,,,,,,,,,,,,,,,,,,,,,,,,,,,,,,,,,,,,,,,,,,,,,
20260822_奈良_9R,20260822,53,奈良,9,25.7,76.4,106.6,45.5,12.4,,,50.1,67.4,100.2,218.3,55.0,,,260.7,245.4,768.5,716.6,334.7,,,194.0,132.8,499.2,578.2,189.0,,,176.9,320.0,816.8,871.7,308.2,,,5.9,22.1,91.9,57.0,91.7,,,,,,,,,,,,,,,,,98.3,242.3,237.4,134.7,42.8,,,183.9,415.7,235.5,621.3,260.1,,,789.2,778.7,1283.6,1283.6,865.3,,,467.2,369.6,1168.1,1112.5,432.6,,,263.6,891.7,1168.1,1668.8,744.0,,,83.8,205.6,667.5,294.2,561.6,,,,,,,,,,,,,,,,,112.0,85.3,67.0,309.0,100.7,,,153.1,218.7,159.5,556.2,278.7,,,60.8,148.4,37.9,111.6,125.0,,,43.3,100.5,25.0,154.9,77.4,,,624.6,805.6,400.0,421.7,878.3,,,95.2,231.7,159.1,131.8,344.5,,,,,,,,,,,,,,,,,1283.6,758.5,1460.2,2246.4,1312.5,,,1283.6,1043.0,1557.5,1692.9,1769.9,,,418.6,645.3,320.9,476.8,816.8,,,1358.3,2384.0,556.2,942.0,1769.9,,,1946.9,1497.6,884.9,1358.3,2384.0,,,1374.3,1145.2,1327.4,2049.4,2654.9,,,,,,,,,,,,,,,,,263.6,157.8,614.8,905.5,252.3,,,510.1,348.7,811.2,1312.5,445.8,,,67.4,190.2,40.1,397.3,157.8,,,1297.9,1717.8,361.6,1052.3,1497.6,,,1358.3,1537.0,998.4,1123.2,1061.9,,,249.0,400.0,289.8,805.6,789.2,,,,,,,,,,,,,,,,,222.5,440.8,1007.0,1112.5,292.0,,,269.7,828.4,1312.5,1622.4,1033.7,,,621.3,998.4,499.2,699.4,1327.4,,,1743.5,1854.2,822.6,1297.9,2995.2,,,1102.0,2336.3,871.7,1081.6,1407.4,,,510.1,1204.2,1256.0,2163.2,1081.6,,,,,,,,,,,,,,,,,11.4,31.3,126.4,84.7,129.9,,,54.8,162.0,444.1,249.6,415.7,,,75.4,155.5,159.3,110.1,412.7,,,530.9,934.5,535.8,891.7,1478.6,,,210.4,327.2,186.0,614.8,614.8,,,510.1,739.3,942.0,1668.8,716.6,,,,,,,,,,,,,,,,,,,,,,,,,,,,,,,,,,,,,,,,,,,,,,,,,,,,,,,,,,,,,,,,,,,,,,,,,,,,,,,,,,,,,,,,,,,,,,,,,,,,,,,,,,,,,,,,,,,,,,,,,,,,,,,,
20260822_奈良_10R,20260822,53,奈良,10,309.0,766.2,203.2,744.9,266.7,,,195.1,497.2,94.8,519.3,123.4,,,898.9,1316.6,921.0,2010.4,1147.0,,,74.7,53.9,222.8,155.1,31.5,,,1056.3,1326.0,2054.6,805.9,907.6,,,113.5,88.6,294.9,38.4,172.8,,,,,,,,,,,,,,,,,1230.0,2308.2,730.3,2633.3,949.0,,,1326.0,4451.6,1699.7,4154.9,1238.2,,,2921.4,5842.8,5499.1,4348.1,1947.6,,,736.1,1545.2,3739.4,3815.7,934.8,,,3739.4,4794.1,6677.5,4560.2,5053.2,,,989.2,1611.8,3739.4,894.5,3399.4,,,,,,,,,,,,,,,,,191.1,526.6,93.6,409.1,112.2,,,427.8,1289.4,439.9,1298.4,627.4,,,1307.4,1507.8,1112.9,1989.0,1080.7,,,49.4,132.4,275.7,286.3,44.6,,,958.8,1558.0,2149.0,816.4,1161.3,,,112.7,302.0,724.6,69.4,561.4,,,,,,,,,,,,,,,,,2199.6,3978.1,3116.1,5053.2,3666.1,,,3338.7,5842.8,4064.5,5842.8,5665.7,,,4348.1,5193.6,5842.8,4154.9,6447.2,,,3595.6,5499.1,4451.6,3666.1,3338.7,,,4348.1,6031.3,3739.4,4674.2,6924.8,,,4451.6,6031.3,4674.2,3223.6,6677.5,,,,,,,,,,,,,,,,,31.5,18.9,103.7,80.3,10.8,,,123.3,228.8,582.4,635.9,151.1,,,27.3,83.9,176.3,174.7,25.6,,,383.1,721.8,564.8,1168.5,420.1,,,210.3,613.0,280.7,1010.6,164.4,,,7.6,40.4,14.5,114.3,71.3,,,,,,,,,,,,,,,,,2428.1,2633.3,3978.1,1222.0,2366.7,,,4249.3,3739.4,5665.7,6677.5,5053.2,,,2671.0,3815.7,2832.8,3338.7,3280.1,,,6232.3,6447.2,3338.7,4674.2,7191.2,,,1154.1,3895.2,2967.7,3280.1,1044.5,,,2174.0,3595.6,3065.1,5342.0,1068.4,,,,,,,,,,,,,,,,,61.6,41.4,167.6,17.2,136.4,,,219.1,331.5,772.6,169.6,705.5,,,63.6,151.0,317.4,40.2,314.7,,,525.2,1010.6,834.6,479.4,1598.0,,,10.3,45.7,19.2,133.9,65.8,,,284.5,799.0,448.3,1684.4,216.1,,,,,,,,,,,,,,,,,,,,,,,,,,,,,,,,,,,,,,,,,,,,,,,,,,,,,,,,,,,,,,,,,,,,,,,,,,,,,,,,,,,,,,,,,,,,,,,,,,,,,,,,,,,,,,,,,,,,,,,,,,,,,,,,
20260822_奈良_11R,20260822,53,奈良,11,1031.4,364.7,541.6,1002.6,804.3,,,1140.5,1116.9,621.2,1238.9,764.4,,,95.1,574.8,97.9,264.1,210.5,,,153.6,192.9,54.9,185.9,24.4,,,624.8,862.2,297.7,319.3,645.4,,,615.9,396.2,324.1,119.5,798.4,,,,,,,,,,,,,,,,,1697.3,538.9,1094.2,1290.8,1197.6,,,1858.3,615.9,1298.6,1446.7,1083.2,,,215.3,158.0,84.3,101.8,78.6,,,783.8,728.2,248.3,792.5,371.6,,,1373.0,858.8,235.8,786.7,469.6,,,1128.6,695.3,230.8,520.6,508.4,,,,,,,,,,,,,,,,,2913.1,2694.6,925.1,2694.6,1322.5,,,2368.8,1158.9,2053.0,1890.9,1633.1,,,2799.6,723.3,1539.7,1658.2,1306.4,,,971.0,1766.9,1330.6,2913.1,592.2,,,2661.3,1573.5,2033.6,2661.3,2155.6,,,1152.7,1204.2,1088.7,565.7,1738.4,,,,,,,,,,,,,,,,,91.9,598.8,99.3,249.5,242.2,,,56.6,38.2,15.6,29.4,20.7,,,1031.4,147.0,419.3,529.6,392.6,,,88.6,36.9,179.0,114.6,47.4,,,170.8,36.7,280.3,89.0,138.3,,,320.3,78.1,215.5,114.7,313.3,,,,,,,,,,,,,,,,,176.1,104.2,58.3,154.3,15.8,,,344.9,251.5,143.8,740.7,110.8,,,294.0,298.5,216.6,1002.6,99.7,,,75.7,41.8,108.9,188.4,34.4,,,266.7,677.8,671.5,280.3,210.9,,,14.4,32.9,12.0,19.8,137.1,,,,,,,,,,,,,,,,,686.5,984.3,355.1,305.3,686.5,,,1021.6,789.6,304.9,795.4,879.8,,,1766.9,1684.1,1283.1,2033.6,1658.2,,,255.4,86.9,497.8,163.0,328.6,,,260.0,748.5,1012.0,318.4,332.6,,,1021.6,1122.7,1238.9,756.3,581.0,,,,,,,,,,,,,,,,,786.7,373.6,420.2,159.0,822.7,,,949.6,501.3,374.2,363.5,1165.2,,,460.6,426.8,349.9,179.3,937.2,,,450.0,218.4,323.1,163.4,582.6,,,67.6,111.8,34.1,66.6,283.2,,,1061.9,1338.9,1253.3,905.7,544.3,,,,,,,,,,,,,,,,,,,,,,,,,,,,,,,,,,,,,,,,,,,,,,,,,,,,,,,,,,,,,,,,,,,,,,,,,,,,,,,,,,,,,,,,,,,,,,,,,,,,,,,,,,,,,,,,,,,,,,,,,,,,,,,,
20260822_玉野_1R,20260822,61,玉野,1,13.8,33.6,25.1,23.4,,,,18.5,29.1,35.7,26.7,,,,51.7,28.6,140.9,12.7,,,,17.5,43.5,158.3,107.4,,,,18.5,15.4,2.6,71.0,,,,,,,,,,,,,,,,,,,,,,,,,189.1,348.1,230.7,278.5,,,,278.5,542.1,328.3,542.1,,,,1035.5,1121.8,1495.8,776.6,,,,271.9,271.9,762.0,708.5,,,,538.5,859.3,769.2,1302.8,,,,,,,,,,,,,,,,,,,,,,,,,198.9,295.8,335.1,234.8,,,,305.9,769.2,461.5,641.0,,,,702.3,1170.6,1795.0,498.6,,,,727.7,754.9,1835.7,1417.1,,,,382.8,662.0,469.6,1442.4,,,,,,,,,,,,,,,,,,,,,,,,,514.4,464.2,1137.6,151.2,,,,850.2,1153.9,1648.4,859.3,,,,636.0,1049.0,2307.8,626.1,,,,2019.3,2375.7,2884.8,877.9,,,,152.4,734.3,521.1,714.8,,,,,,,,,,,,,,,,,,,,,,,,,355.8,489.5,907.5,492.5,,,,269.2,357.4,762.0,690.3,,,,714.8,799.7,1524.0,1302.8,,,,1682.8,1682.8,1755.9,754.9,,,,1049.0,1223.8,1392.6,702.3,,,,,,,,,,,,,,,,,,,,,,,,,89.6,96.7,26.1,254.8,,,,365.4,607.3,511.2,1205.5,,,,416.3,807.7,508.0,928.4,,,,103.4,495.5,302.5,598.3,,,,651.4,1583.8,1648.4,727.7,,,,,,,,,,,,,,,,,,,,,,,,,,,,,,,,,,,,,,,,,,,,,,,,,,,,,,,,,,,,,,,,,,,,,,,,,,,,,,,,,,,,,,,,,,,,,,,,,,,,,,,,,,,,,,,,,,,,,,,,,,,,,,,,,,,,,,,,,,,,,,,,,,,,,,,,,,,,,,,,,,,,,,,,,,,,,,,,,,,,,,,,,,,,,,,,
20260822_玉野_2R,20260822,61,玉野,2,18.7,0.0,35.8,32.8,30.4,,,9.0,0.0,13.5,25.1,6.2,,,0.0,0.0,0.0,0.0,0.0,,,18.4,13.8,0.0,37.5,5.7,,,68.8,58.3,0.0,103.2,96.1,,,17.6,18.4,0.0,17.7,46.5,,,,,,,,,,,,,,,,,112.4,0.0,206.1,342.0,218.1,,,202.8,0.0,434.9,760.1,817.9,,,0.0,0.0,0.0,0.0,0.0,,,515.4,565.8,0.0,990.1,1030.8,,,760.1,775.8,0.0,1320.2,1368.2,,,561.5,917.7,0.0,917.7,1297.4,,,,,,,,,,,,,,,,,77.9,0.0,78.5,193.9,86.6,,,222.6,0.0,479.3,602.0,845.5,,,0.0,0.0,0.0,0.0,0.0,,,197.5,541.3,0.0,977.3,541.3,,,875.0,730.6,0.0,1980.3,1750.0,,,330.0,526.2,0.0,696.7,1710.2,,,,,,,,,,,,,,,,,0.0,0.0,0.0,0.0,0.0,,,0.0,0.0,0.0,0.0,0.0,,,0.0,0.0,0.0,0.0,0.0,,,0.0,0.0,0.0,0.0,0.0,,,0.0,0.0,0.0,0.0,0.0,,,0.0,0.0,0.0,0.0,0.0,,,,,,,,,,,,,,,,,175.0,110.3,0.0,314.8,73.2,,,508.4,875.0,0.0,1419.8,1175.8,,,327.1,616.8,0.0,1419.8,723.5,,,0.0,0.0,0.0,0.0,0.0,,,1016.9,1505.0,2150.0,0.0,665.9,,,368.8,1233.6,1123.1,0.0,637.7,,,,,,,,,,,,,,,,,430.0,393.9,0.0,505.0,537.5,,,767.8,817.9,0.0,1475.5,1672.2,,,895.8,990.1,0.0,2150.0,2213.3,,,0.0,0.0,0.0,0.0,0.0,,,845.5,1881.3,2280.3,0.0,709.9,,,895.8,1835.4,2427.5,0.0,767.8,,,,,,,,,,,,,,,,,118.3,129.7,0.0,130.6,201.7,,,545.3,1419.8,0.0,1368.2,1567.7,,,565.8,1419.8,0.0,1175.8,2351.6,,,0.0,0.0,0.0,0.0,0.0,,,498.3,1059.8,855.1,0.0,616.8,,,885.3,1601.1,2351.6,0.0,660.1,,,,,,,,,,,,,,,,,,,,,,,,,,,,,,,,,,,,,,,,,,,,,,,,,,,,,,,,,,,,,,,,,,,,,,,,,,,,,,,,,,,,,,,,,,,,,,,,,,,,,,,,,,,,,,,,,,,,,,,,,,,,,,,,
20260822_玉野_3R,20260822,61,玉野,3,1891.1,1483.8,964.4,3444.5,3111.1,,,3444.5,2679.0,1819.7,5673.3,4018.6,,,797.0,1176.1,482.2,547.9,1377.8,,,599.0,606.5,276.3,714.4,1015.2,,,3857.8,4193.3,2009.3,2352.3,4592.7,,,3709.5,3857.8,3572.1,2922.6,6429.8,,,,,,,,,,,,,,,,,909.8,861.1,567.3,2755.6,1377.8,,,544.8,229.6,25.9,709.1,151.4,,,665.1,300.4,174.4,1176.1,577.5,,,103.4,5.5,41.9,138.3,27.1,,,2473.0,964.4,1819.7,588.0,1753.5,,,1607.4,321.4,714.4,183.3,1461.3,,,,,,,,,,,,,,,,,2352.3,2836.6,1148.1,3857.8,3325.7,,,1071.6,504.9,78.2,1037.0,283.6,,,2411.1,703.9,554.2,1377.8,1358.4,,,369.5,75.2,270.1,417.5,170.4,,,2473.0,1891.1,1581.0,790.5,1358.4,,,1634.6,438.3,1015.2,294.9,974.2,,,,,,,,,,,,,,,,,413.9,719.7,236.3,365.3,1108.5,,,747.6,318.3,174.4,1095.9,918.5,,,1176.1,507.6,353.2,784.1,1004.6,,,168.9,113.2,145.9,220.1,388.8,,,777.7,547.9,753.4,472.7,1555.5,,,2143.2,1148.1,1321.1,784.1,2009.3,,,,,,,,,,,,,,,,,137.9,125.0,34.5,132.3,271.6,,,33.3,3.3,13.9,70.2,16.1,,,155.5,19.2,94.4,157.5,63.6,,,44.1,54.1,68.3,72.2,150.9,,,123.3,132.6,116.0,96.7,178.6,,,365.3,118.1,164.3,218.2,244.7,,,,,,,,,,,,,,,,,3013.9,2755.6,1418.3,1692.0,3857.8,,,3572.1,1692.0,2922.6,901.3,2755.6,,,3325.7,1439.5,1483.8,1148.1,1891.1,,,1236.5,1819.7,1252.5,984.1,2679.0,,,489.5,551.1,459.2,365.3,524.1,,,3013.9,2352.3,1753.5,3013.9,893.0,,,,,,,,,,,,,,,,,3214.9,4383.9,2096.6,2922.6,2922.6,,,1891.1,477.4,901.3,261.3,1753.5,,,2096.6,541.8,1148.1,428.6,1303.3,,,2606.6,1134.6,1506.9,1162.0,2679.0,,,945.5,198.8,282.0,507.6,521.3,,,3214.9,2606.6,1662.8,2538.0,790.5,,,,,,,,,,,,,,,,,,,,,,,,,,,,,,,,,,,,,,,,,,,,,,,,,,,,,,,,,,,,,,,,,,,,,,,,,,,,,,,,,,,,,,,,,,,,,,,,,,,,,,,,,,,,,,,,,,,,,,,,,,,,,,,,
20260822_玉野_4R,20260822,61,玉野,4,1191.4,1356.9,1198.7,1684.5,896.3,,,917.3,396.3,345.2,2354.2,290.3,,,1311.4,365.9,343.4,2078.7,294.7,,,731.8,237.1,274.0,1538.6,186.0,,,1897.1,2473.4,2412.3,2272.1,2147.2,,,657.9,243.0,251.8,221.5,1550.8,,,,,,,,,,,,,,,,,1699.1,1954.0,2326.2,1897.1,1347.6,,,1206.1,447.1,593.9,1915.7,342.8,,,1897.1,864.6,872.3,2101.1,804.1,,,1550.8,683.2,817.5,1760.3,608.7,,,2298.8,2571.0,2326.2,2246.0,1714.0,,,1136.0,528.1,647.0,568.0,1356.9,,,,,,,,,,,,,,,,,556.7,256.0,318.7,896.3,201.2,,,396.3,191.9,217.3,634.4,130.3,,,140.9,143.5,48.1,313.1,37.5,,,176.5,130.2,53.1,347.0,42.3,,,1012.4,1091.6,702.8,748.6,451.2,,,105.2,55.0,23.8,26.8,166.0,,,,,,,,,,,,,,,,,804.1,243.3,242.7,1436.7,195.2,,,896.3,455.4,493.4,967.3,393.1,,,177.8,203.1,67.9,419.3,48.4,,,152.8,182.7,57.1,350.1,49.9,,,1415.9,1260.6,723.7,737.3,734.5,,,117.7,146.1,34.0,37.9,293.3,,,,,,,,,,,,,,,,,194.2,84.6,81.8,692.9,71.7,,,261.9,164.4,208.5,884.1,152.6,,,61.4,90.5,41.3,383.8,34.0,,,57.9,106.2,42.4,373.6,33.6,,,1023.0,892.2,673.8,610.6,488.5,,,39.9,76.1,26.7,24.0,256.7,,,,,,,,,,,,,,,,,1469.1,2442.5,2752.1,2382.9,2412.3,,,1915.7,2916.4,2473.4,2505.1,1993.9,,,2640.5,2713.9,1228.9,1826.1,1954.0,,,2571.0,2382.9,1268.8,1221.2,1934.6,,,2272.1,2147.2,1729.2,1206.1,1415.9,,,2014.4,1642.0,1503.0,1684.5,1347.6,,,,,,,,,,,,,,,,,362.5,130.0,114.0,118.8,763.2,,,336.9,168.4,177.3,221.2,632.3,,,95.7,69.6,24.1,29.8,253.4,,,82.3,102.4,22.0,22.3,207.6,,,80.4,93.4,24.2,28.9,193.2,,,804.1,647.0,493.4,408.7,366.6,,,,,,,,,,,,,,,,,,,,,,,,,,,,,,,,,,,,,,,,,,,,,,,,,,,,,,,,,,,,,,,,,,,,,,,,,,,,,,,,,,,,,,,,,,,,,,,,,,,,,,,,,,,,,,,,,,,,,,,,,,,,,,,,
20260822_玉野_5R,20260822,61,玉野,5,153.0,203.3,76.3,426.9,,,,171.3,53.8,66.7,88.0,,,,284.8,80.8,142.1,386.6,,,,40.9,50.5,70.2,136.3,,,,930.0,378.1,666.9,480.6,,,,,,,,,,,,,,,,,,,,,,,,,177.1,189.0,116.2,398.2,,,,220.0,151.9,182.8,291.1,,,,175.3,105.2,165.6,463.7,,,,33.1,53.0,55.1,266.3,,,,1365.5,1323.5,1421.9,977.6,,,,,,,,,,,,,,,,,,,,,,,,,147.0,33.0,50.0,49.8,,,,201.0,130.7,167.8,286.7,,,,23.2,69.3,28.7,19.1,,,,71.0,125.4,60.4,142.9,,,,66.3,283.9,51.7,110.1,,,,,,,,,,,,,,,,,,,,,,,,,264.3,103.8,158.4,385.7,,,,176.4,110.2,172.9,565.9,,,,45.9,66.9,52.2,43.8,,,,113.6,130.9,92.6,425.8,,,,851.7,1162.5,322.2,761.3,,,,,,,,,,,,,,,,,,,,,,,,,15.6,24.2,36.1,120.0,,,,10.0,14.6,25.1,113.9,,,,40.2,50.3,40.9,120.4,,,,66.5,60.2,45.7,276.6,,,,351.1,384.0,397.3,564.1,,,,,,,,,,,,,,,,,,,,,,,,,1811.1,775.0,1255.9,1203.2,,,,1933.2,1686.8,1911.7,1773.8,,,,571.6,1293.6,343.4,831.2,,,,1068.6,1911.7,446.9,1139.4,,,,1170.4,1522.6,1082.1,1178.4,,,,,,,,,,,,,,,,,,,,,,,,,,,,,,,,,,,,,,,,,,,,,,,,,,,,,,,,,,,,,,,,,,,,,,,,,,,,,,,,,,,,,,,,,,,,,,,,,,,,,,,,,,,,,,,,,,,,,,,,,,,,,,,,,,,,,,,,,,,,,,,,,,,,,,,,,,,,,,,,,,,,,,,,,,,,,,,,,,,,,,,,,,,,,,,,
20260822_玉野_6R,20260822,61,玉野,6,87.7,126.6,624.2,205.0,62.5,,,157.3,257.7,697.8,247.3,122.0,,,202.6,387.7,630.3,510.1,210.5,,,1575.8,2123.9,1458.2,2056.8,1385.8,,,182.2,240.9,329.5,737.3,60.2,,,59.7,101.5,103.3,302.4,67.1,,,,,,,,,,,,,,,,,31.3,34.5,151.1,90.4,24.1,,,24.9,21.9,114.4,140.1,61.5,,,14.3,18.1,28.8,117.0,37.6,,,624.2,514.2,297.8,1614.8,1061.9,,,137.0,281.1,283.6,884.1,469.7,,,74.8,117.4,164.7,579.8,413.1,,,,,,,,,,,,,,,,,41.6,57.9,137.7,84.3,29.7,,,26.7,15.8,117.1,125.0,51.6,,,63.2,31.2,83.0,228.8,99.8,,,588.5,436.1,363.8,1302.6,731.8,,,66.4,218.3,344.6,857.0,309.6,,,39.4,70.7,89.4,453.3,268.4,,,,,,,,,,,,,,,,,166.5,339.2,483.6,690.4,253.1,,,65.0,61.3,46.5,326.2,124.3,,,266.9,102.5,416.6,731.8,585.0,,,576.4,184.5,740.1,1714.0,1012.4,,,904.6,700.3,1129.4,1897.1,1447.4,,,436.1,342.8,1079.5,996.9,1575.8,,,,,,,,,,,,,,,,,2605.3,3151.6,2605.3,4247.8,2831.9,,,2246.0,1934.6,962.5,5010.3,3006.1,,,2713.9,2354.2,2171.1,6303.2,4157.4,,,2354.2,849.5,1826.1,2272.1,3831.4,,,5142.1,5427.8,6738.0,2713.9,2571.0,,,2916.4,2916.4,4544.2,4544.2,2412.3,,,,,,,,,,,,,,,,,203.5,314.1,422.9,1236.7,107.4,,,258.1,400.4,498.4,1760.3,723.7,,,329.5,480.1,630.3,1934.6,791.1,,,904.6,707.9,880.1,1550.8,1405.7,,,2442.5,5010.3,4440.9,2473.4,2382.9,,,275.2,972.1,1163.1,1338.3,1684.5,,,,,,,,,,,,,,,,,83.7,144.9,117.4,381.6,108.9,,,152.7,413.9,201.2,1268.8,1163.1,,,150.4,274.4,339.2,1526.5,1056.2,,,274.4,278.3,707.9,917.3,1588.6,,,1563.2,2505.1,3101.6,2195.5,2220.4,,,225.1,868.4,1285.5,1338.3,1575.8,,,,,,,,,,,,,,,,,,,,,,,,,,,,,,,,,,,,,,,,,,,,,,,,,,,,,,,,,,,,,,,,,,,,,,,,,,,,,,,,,,,,,,,,,,,,,,,,,,,,,,,,,,,,,,,,,,,,,,,,,,,,,,,,
20260822_玉野_7R,20260822,61,玉野,7,708.2,423.4,299.7,836.1,536.4,,,688.5,516.8,169.0,1213.4,360.5,,,429.8,449.2,194.3,1326.7,453.3,,,121.4,52.7,135.0,343.7,49.9,,,2456.8,2884.1,2186.8,1206.0,1283.9,,,385.6,251.9,497.5,94.4,400.4,,,,,,,,,,,,,,,,,592.2,227.9,262.5,383.4,390.9,,,748.1,280.2,381.9,789.7,1275.6,,,81.8,123.3,46.5,28.7,156.5,,,133.1,197.2,104.4,194.9,277.5,,,313.3,676.8,85.6,245.0,312.4,,,442.2,1015.3,392.5,395.6,385.6,,,,,,,,,,,,,,,,,750.9,370.5,117.2,1592.0,276.0,,,644.0,333.3,334.4,756.6,1372.4,,,178.1,230.3,93.4,637.8,683.8,,,31.1,138.1,97.9,523.6,116.5,,,2314.0,1951.0,1566.9,1292.2,2618.4,,,359.2,1191.6,1064.1,323.5,1170.6,,,,,,,,,,,,,,,,,159.5,191.7,80.3,533.5,220.8,,,57.3,76.4,24.7,29.7,157.8,,,131.1,144.2,68.1,397.2,425.2,,,31.6,47.5,43.1,208.6,121.1,,,759.5,217.2,892.3,527.8,1020.5,,,332.2,344.2,892.3,283.4,676.8,,,,,,,,,,,,,,,,,24.7,12.2,38.5,93.5,13.2,,,40.0,68.3,80.4,206.4,118.8,,,12.3,60.6,55.7,331.1,61.1,,,37.1,64.2,52.9,275.2,147.8,,,506.3,808.9,748.1,836.1,594.0,,,37.3,154.3,113.7,265.6,322.5,,,,,,,,,,,,,,,,,3158.8,4326.1,3316.7,2314.0,2397.6,,,1913.5,1761.1,501.2,1309.2,2314.0,,,4145.9,2051.5,2211.1,2261.4,5378.5,,,2426.8,762.4,2211.1,1381.9,2689.2,,,1617.9,2117.0,2094.7,1617.9,2584.4,,,2341.2,3015.2,4234.1,3262.3,2519.0,,,,,,,,,,,,,,,,,536.4,390.9,802.4,145.7,554.3,,,614.2,1335.6,604.8,656.7,549.7,,,534.9,1842.6,1411.3,368.5,1809.1,,,759.5,619.9,1825.7,446.1,1442.0,,,112.4,495.0,268.9,621.8,527.8,,,780.4,947.6,1267.5,1932.0,843.2,,,,,,,,,,,,,,,,,,,,,,,,,,,,,,,,,,,,,,,,,,,,,,,,,,,,,,,,,,,,,,,,,,,,,,,,,,,,,,,,,,,,,,,,,,,,,,,,,,,,,,,,,,,,,,,,,,,,,,,,,,,,,,,,
20260822_玉野_8R,20260822,61,玉野,8,266.0,151.4,97.6,488.1,235.0,,,322.4,157.0,198.0,390.1,244.9,,,111.4,101.4,58.2,319.0,44.5,,,103.0,225.9,101.2,441.0,150.9,,,1372.0,387.3,409.2,721.3,1590.3,,,320.9,355.1,109.8,156.5,653.9,,,,,,,,,,,,,,,,,143.7,76.2,48.4,419.8,170.5,,,83.8,109.3,45.9,188.4,421.5,,,82.3,216.8,75.5,556.8,458.3,,,14.2,23.8,20.1,87.2,126.2,,,747.0,461.3,962.9,364.4,1874.2,,,535.5,904.8,928.8,390.1,2186.6,,,,,,,,,,,,,,,,,166.7,61.5,106.5,185.7,109.6,,,79.5,92.7,46.5,80.9,401.3,,,32.9,105.6,67.7,87.1,198.7,,,83.1,59.5,97.5,158.7,277.6,,,55.5,84.0,44.5,67.4,288.7,,,347.5,1220.4,679.3,630.3,1199.5,,,,,,,,,,,,,,,,,112.0,68.1,50.1,349.2,36.4,,,168.4,375.5,192.5,1257.0,768.9,,,74.9,235.6,144.5,194.9,361.3,,,95.1,175.6,249.0,531.4,313.7,,,920.7,1428.0,653.9,795.1,2358.6,,,259.8,999.6,833.0,606.7,2624.0,,,,,,,,,,,,,,,,,57.3,162.2,73.2,374.8,141.1,,,16.5,28.8,21.1,93.0,122.2,,,136.2,63.3,174.6,224.9,477.0,,,52.0,47.3,190.4,241.0,279.8,,,695.1,433.7,619.2,739.1,1399.4,,,287.5,331.1,954.1,757.8,990.1,,,,,,,,,,,,,,,,,2233.2,370.8,485.9,985.5,2164.1,,,1874.2,658.0,1734.8,1034.0,4284.1,,,251.4,423.2,168.4,469.6,1065.5,,,1257.0,1925.8,599.7,1532.2,4198.4,,,945.5,1242.1,932.9,1627.2,2624.0,,,3682.8,5997.7,2591.6,5524.2,3441.3,,,,,,,,,,,,,,,,,1312.0,1418.3,518.3,697.4,3180.6,,,1363.1,2798.9,2209.6,1408.8,5673.5,,,1794.1,3682.8,2624.0,2998.8,4036.9,,,688.2,1345.6,2956.6,1578.3,4881.8,,,771.7,1554.9,2762.1,1999.2,3133.1,,,3960.7,7497.1,4998.1,7774.8,3229.5,,,,,,,,,,,,,,,,,,,,,,,,,,,,,,,,,,,,,,,,,,,,,,,,,,,,,,,,,,,,,,,,,,,,,,,,,,,,,,,,,,,,,,,,,,,,,,,,,,,,,,,,,,,,,,,,,,,,,,,,,,,,,,,,
20260822_玉野_9R,20260822,61,玉野,9,1045.7,980.8,3192.9,1456.9,2143.8,,,1588.0,1485.8,2522.1,1923.9,3094.2,,,521.0,607.5,1245.3,291.6,450.6,,,4479.7,3449.8,3192.9,3410.6,4479.7,,,1230.0,1705.3,453.3,2587.4,1765.5,,,1068.1,1911.7,637.2,1333.9,1449.9,,,,,,,,,,,,,,,,,368.7,251.7,737.4,419.7,487.2,,,98.1,18.2,24.1,37.6,36.9,,,60.5,35.3,146.6,66.3,37.4,,,860.0,175.9,462.4,518.3,551.7,,,232.3,82.0,101.8,297.4,141.6,,,255.0,66.7,58.6,246.4,126.3,,,,,,,,,,,,,,,,,759.8,920.6,1056.8,1293.7,1987.6,,,149.6,52.5,37.5,83.0,104.5,,,409.4,126.9,232.8,210.4,278.6,,,685.2,143.1,276.6,288.3,699.6,,,535.0,124.4,184.3,222.4,399.1,,,1079.6,267.2,318.2,593.1,555.8,,,,,,,,,,,,,,,,,36.6,60.5,114.1,35.5,33.6,,,30.8,23.2,142.5,57.2,38.4,,,84.1,52.1,145.6,134.5,156.3,,,421.5,484.8,475.6,651.0,771.5,,,41.9,67.8,88.0,282.6,72.4,,,16.4,28.1,66.0,179.6,53.0,,,,,,,,,,,,,,,,,4227.3,3705.4,3847.9,4001.8,4413.8,,,1875.8,561.0,1345.9,1786.5,1464.0,,,1948.9,568.4,898.6,898.6,1571.4,,,1640.1,1705.3,1132.6,1299.3,1715.0,,,1887.6,1745.0,1045.7,1045.7,1456.9,,,2501.1,2565.3,1667.4,1936.3,2363.3,,,,,,,,,,,,,,,,,547.7,571.6,267.7,935.0,671.4,,,209.3,62.6,105.2,271.1,164.1,,,221.0,71.1,91.8,147.1,230.5,,,79.4,76.8,68.9,192.8,114.6,,,1013.9,501.0,391.3,428.7,952.8,,,453.3,245.4,292.8,186.5,646.8,,,,,,,,,,,,,,,,,1154.3,1364.2,373.7,1734.9,1103.4,,,516.5,134.4,116.9,599.0,302.5,,,1068.1,312.9,313.9,706.2,574.9,,,61.0,67.3,133.6,326.9,148.2,,,3410.6,1875.8,1539.1,1422.4,1555.1,,,800.3,363.8,501.0,293.6,1017.4,,,,,,,,,,,,,,,,,,,,,,,,,,,,,,,,,,,,,,,,,,,,,,,,,,,,,,,,,,,,,,,,,,,,,,,,,,,,,,,,,,,,,,,,,,,,,,,,,,,,,,,,,,,,,,,,,,,,,,,,,,,,,,,,
20260822_玉野_10R,20260822,61,玉野,10,233.6,245.5,73.5,208.4,108.9,,,243.6,198.7,84.4,179.6,113.7,,,267.7,282.1,95.5,282.1,176.2,,,26.7,51.9,58.7,41.2,14.5,,,237.7,260.8,289.3,102.0,135.9,,,56.1,74.1,103.9,22.5,66.4,,,,,,,,,,,,,,,,,624.3,465.1,206.4,622.1,375.8,,,1023.6,1135.9,629.9,1349.1,1344.0,,,515.5,1093.5,402.4,1057.4,738.2,,,194.5,438.5,313.5,418.7,279.0,,,818.9,1313.9,1177.7,640.2,1057.4,,,476.4,1067.0,798.4,383.5,939.0,,,,,,,,,,,,,,,,,1214.2,1375.5,449.7,983.6,641.4,,,1989.4,2627.8,1492.0,1967.2,2589.2,,,1967.2,2627.8,1853.3,1967.2,1956.2,,,452.0,1057.4,1008.9,967.3,543.4,,,1226.9,1834.0,1834.0,1063.8,1304.1,,,863.0,2000.7,1883.0,683.7,1214.2,,,,,,,,,,,,,,,,,444.6,503.7,199.0,507.3,355.6,,,586.8,1093.5,432.0,1070.3,757.2,,,639.0,980.8,544.2,1017.7,900.5,,,201.1,377.8,396.9,396.5,263.7,,,586.8,956.8,1017.7,496.6,830.5,,,434.1,649.6,793.0,308.8,818.9,,,,,,,,,,,,,,,,,22.6,37.5,39.7,36.3,12.4,,,61.4,136.6,111.6,134.7,78.4,,,67.6,122.4,97.3,127.0,73.1,,,62.6,126.3,133.5,130.2,86.6,,,69.6,137.6,129.5,109.9,71.1,,,18.4,47.4,46.6,63.7,50.7,,,,,,,,,,,,,,,,,495.2,631.0,628.8,245.0,324.8,,,951.7,1294.6,1380.9,815.1,929.1,,,848.5,1041.8,896.0,752.4,834.4,,,813.2,1455.0,1443.1,639.0,1051.1,,,214.7,409.4,474.5,398.7,226.8,,,328.7,511.0,588.8,694.5,268.5,,,,,,,,,,,,,,,,,106.9,116.2,156.7,40.9,109.2,,,231.2,483.6,518.6,210.7,440.1,,,248.6,544.2,392.1,157.4,339.5,,,269.2,599.8,595.8,227.9,599.8,,,37.1,96.6,81.9,141.8,81.1,,,185.7,347.2,283.9,410.4,126.9,,,,,,,,,,,,,,,,,,,,,,,,,,,,,,,,,,,,,,,,,,,,,,,,,,,,,,,,,,,,,,,,,,,,,,,,,,,,,,,,,,,,,,,,,,,,,,,,,,,,,,,,,,,,,,,,,,,,,,,,,,,,,,,,
20260822_玉野_11R,20260822,61,玉野,11,811.5,1172.0,433.8,938.6,628.1,,,539.9,260.4,101.2,311.9,263.0,,,742.6,360.1,207.3,573.1,727.1,,,99.0,40.8,58.5,25.3,66.4,,,717.2,337.8,403.4,130.4,650.5,,,435.2,483.9,686.7,177.2,570.0,,,,,,,,,,,,,,,,,1323.5,1287.0,816.2,1658.4,713.5,,,1155.8,570.8,595.1,1816.3,371.9,,,1503.8,717.2,890.8,2318.1,465.1,,,576.3,509.1,611.6,1514.7,298.4,,,3202.8,2854.2,3713.0,2760.3,2542.8,,,296.5,167.4,178.6,164.1,898.4,,,,,,,,,,,,,,,,,391.0,190.4,76.8,268.6,210.5,,,445.4,232.5,264.3,1013.4,194.2,,,119.8,112.4,61.9,360.4,109.5,,,45.6,134.6,71.2,238.3,85.8,,,894.6,1873.1,1046.3,942.8,1832.2,,,152.0,73.3,95.7,82.8,694.6,,,,,,,,,,,,,,,,,938.6,495.9,300.9,994.2,881.4,,,1159.0,595.1,753.2,2007.5,755.9,,,290.9,206.8,129.9,729.7,318.1,,,238.9,418.3,186.5,685.5,390.3,,,2834.9,3303.7,1915.8,2046.7,3467.5,,,803.7,405.3,486.7,428.1,1403.2,,,,,,,,,,,,,,,,,33.2,13.0,24.7,13.5,21.7,,,107.0,100.8,133.7,401.8,83.9,,,29.0,72.2,41.3,151.2,51.1,,,74.8,137.1,61.6,255.9,132.1,,,133.4,580.3,339.1,461.0,410.5,,,33.6,35.3,40.6,71.7,178.6,,,,,,,,,,,,,,,,,2672.4,1412.7,2497.4,512.9,2370.4,,,3648.5,3085.1,4154.2,3525.8,4767.9,,,2330.9,3277.9,2655.5,2606.0,5520.7,,,3202.8,4714.3,2815.9,2815.9,5449.0,,,581.9,3154.7,2007.5,2219.9,1793.0,,,3555.7,4463.5,5520.7,5449.0,2108.4,,,,,,,,,,,,,,,,,163.8,292.5,462.5,114.7,425.5,,,74.2,43.0,44.4,34.2,233.4,,,172.0,74.2,114.0,83.0,747.9,,,454.5,155.2,193.3,179.8,980.3,,,46.6,40.8,66.3,87.9,225.0,,,1514.7,1256.2,1816.3,1619.9,934.4,,,,,,,,,,,,,,,,,,,,,,,,,,,,,,,,,,,,,,,,,,,,,,,,,,,,,,,,,,,,,,,,,,,,,,,,,,,,,,,,,,,,,,,,,,,,,,,,,,,,,,,,,,,,,,,,,,,,,,,,,,,,,,,,
20260822_松山_1R,20260822,75,松山,1,23.1,51.2,10.2,3.5,,,,74.5,223.7,310.7,230.8,,,,236.9,420.3,586.9,541.1,,,,53.2,432.3,539.2,98.5,,,,23.5,246.1,325.3,69.4,,,,,,,,,,,,,,,,,,,,,,,,,16.9,23.7,10.3,3.3,,,,49.4,86.0,167.6,179.9,,,,137.2,164.4,354.8,365.9,,,,98.8,355.7,468.1,242.6,,,,74.4,293.4,438.5,187.7,,,,,,,,,,,,,,,,,,,,,,,,,78.9,162.3,329.5,229.4,,,,72.0,146.8,346.0,332.4,,,,125.1,119.5,370.3,376.7,,,,786.6,924.8,1045.2,1282.3,,,,531.7,643.8,1074.6,1510.9,,,,,,,,,,,,,,,,,,,,,,,,,593.7,652.1,744.4,959.7,,,,543.0,510.3,1526.0,1315.5,,,,319.2,269.6,627.9,716.4,,,,2007.9,1907.5,1350.4,2422.2,,,,1754.0,1362.5,1931.6,2180.0,,,,,,,,,,,,,,,,,,,,,,,,,363.3,1192.2,1774.4,517.2,,,,328.8,1173.8,1541.4,1024.1,,,,1412.9,1496.1,1861.0,2677.2,,,,2384.4,2347.7,2034.7,2543.3,,,,892.4,1201.5,2422.2,2034.7,,,,,,,,,,,,,,,,,,,,,,,,,205.1,748.0,1338.6,519.0,,,,274.9,774.6,1774.4,1059.7,,,,953.7,820.4,1883.9,2774.5,,,,1838.5,1774.4,2384.4,2501.6,,,,857.3,1201.5,1956.4,2211.6,,,,,,,,,,,,,,,,,,,,,,,,,,,,,,,,,,,,,,,,,,,,,,,,,,,,,,,,,,,,,,,,,,,,,,,,,,,,,,,,,,,,,,,,,,,,,,,,,,,,,,,,,,,,,,,,,,,,,,,,,,,,,,,,,,,,,,,,,,,,,,,,,,,,,,,,,,,,,,,,,,,,,,,,,,,,,,,,,,,,,,,,,,,,,,,,
20260822_松山_2R,20260822,75,松山,2,17.5,101.3,13.1,114.2,135.9,,,29.8,247.1,68.6,313.3,154.5,,,385.5,770.0,603.1,859.9,1632.3,,,42.1,107.4,286.3,458.9,341.6,,,380.2,736.7,686.6,644.4,1989.8,,,400.3,471.6,1160.0,653.7,1736.3,,,,,,,,,,,,,,,,,24.1,81.5,12.2,102.7,152.4,,,29.3,106.4,89.6,129.3,98.7,,,158.7,286.6,257.9,183.6,857.2,,,63.7,210.8,328.4,521.2,650.6,,,196.8,259.1,211.1,418.7,1497.8,,,590.0,447.6,1244.7,1024.8,1747.4,,,,,,,,,,,,,,,,,9.4,86.4,22.3,147.6,41.7,,,12.7,72.5,45.6,77.7,46.3,,,144.9,114.8,231.2,103.6,206.0,,,87.9,122.2,249.8,412.4,279.0,,,110.9,93.8,75.7,248.0,209.8,,,28.8,36.0,94.7,73.3,151.5,,,,,,,,,,,,,,,,,379.1,1002.2,734.7,668.1,2350.0,,,345.0,577.5,755.1,346.3,1854.4,,,486.7,411.7,736.7,285.7,1013.4,,,1069.0,1298.1,1323.3,700.7,3634.7,,,244.4,174.6,182.8,296.3,728.8,,,2621.2,2726.0,1867.1,3245.3,1805.3,,,,,,,,,,,,,,,,,137.1,358.2,843.9,1316.9,1155.1,,,185.1,480.7,940.0,1473.5,1405.1,,,372.9,475.7,1044.4,1497.8,1434.7,,,1279.8,1584.9,1662.2,1017.1,3634.7,,,1736.3,2234.4,2370.4,1291.9,2129.7,,,2329.9,3028.9,2329.9,4327.0,2621.2,,,,,,,,,,,,,,,,,245.8,527.2,382.8,443.2,1279.8,,,145.0,254.7,158.1,373.4,1304.3,,,229.0,195.6,123.1,418.7,543.0,,,111.4,79.3,102.7,200.8,391.1,,,882.2,980.5,1329.7,608.4,1342.8,,,1854.4,1919.7,1180.1,1108.1,1531.4,,,,,,,,,,,,,,,,,1126.4,765.7,2621.2,1829.5,4327.0,,,1273.8,734.7,2699.0,2753.5,4068.7,,,335.3,409.9,664.8,770.0,816.1,,,3734.3,3950.8,1652.1,4396.8,2455.9,,,2699.0,1933.3,1725.3,4193.9,2839.6,,,4543.4,3839.5,1662.2,2180.8,2524.1,,,,,,,,,,,,,,,,,,,,,,,,,,,,,,,,,,,,,,,,,,,,,,,,,,,,,,,,,,,,,,,,,,,,,,,,,,,,,,,,,,,,,,,,,,,,,,,,,,,,,,,,,,,,,,,,,,,,,,,,,,,,,,,,
20260822_松山_3R,20260822,75,松山,3,152.9,81.7,48.5,92.7,112.1,,,331.9,418.1,393.0,577.0,613.9,,,39.9,155.9,25.7,59.7,61.1,,,18.0,81.3,15.4,7.3,17.6,,,70.1,247.4,84.9,19.8,49.9,,,93.6,243.0,70.5,30.8,52.7,,,,,,,,,,,,,,,,,368.6,245.0,202.1,321.7,238.4,,,452.3,317.4,1114.7,1746.5,717.8,,,113.7,109.8,191.2,617.4,270.1,,,577.0,1306.4,629.3,2093.6,1555.3,,,1674.9,2996.4,1866.3,3367.1,3081.2,,,477.5,804.4,570.0,833.1,2221.8,,,,,,,,,,,,,,,,,839.6,1142.0,1280.8,2054.1,1608.9,,,841.7,725.8,2206.8,2840.1,1327.6,,,1118.5,870.9,2890.3,3629.0,2177.4,,,2028.6,3511.9,3550.1,6665.5,4536.2,,,2767.9,5535.8,3438.0,5730.0,5024.8,,,1641.2,1608.9,2237.0,2969.2,3754.1,,,,,,,,,,,,,,,,,38.0,138.6,26.0,68.2,69.9,,,27.3,27.2,61.6,213.7,106.2,,,512.7,205.8,1074.3,1624.9,938.5,,,41.2,79.6,413.9,389.2,223.2,,,449.8,920.0,1491.3,703.9,904.7,,,137.7,205.6,594.9,212.2,469.2,,,,,,,,,,,,,,,,,61.3,152.6,35.2,38.7,79.1,,,274.2,725.8,428.0,1407.8,1306.4,,,1033.5,1601.0,1932.6,3888.2,2493.2,,,78.7,115.7,637.9,628.1,358.5,,,374.5,1979.4,3299.1,1241.8,1114.7,,,224.9,952.2,1701.1,590.6,1011.1,,,,,,,,,,,,,,,,,1017.4,1491.3,539.8,313.7,575.0,,,2120.8,4354.8,3140.5,4297.5,4600.1,,,3052.4,5938.4,3797.8,7100.2,6048.3,,,1285.8,2531.8,3171.0,2237.0,2791.5,,,587.4,3711.5,5354.3,2080.3,1824.6,,,892.3,3629.0,3669.8,2455.7,1755.9,,,,,,,,,,,,,,,,,100.4,201.1,104.2,51.8,79.7,,,178.6,213.4,212.0,300.4,520.0,,,759.5,745.6,1138.0,1200.7,1296.0,,,175.2,170.7,759.5,287.7,783.2,,,159.9,634.2,892.3,444.3,579.1,,,397.8,946.7,1096.0,980.8,669.2,,,,,,,,,,,,,,,,,,,,,,,,,,,,,,,,,,,,,,,,,,,,,,,,,,,,,,,,,,,,,,,,,,,,,,,,,,,,,,,,,,,,,,,,,,,,,,,,,,,,,,,,,,,,,,,,,,,,,,,,,,,,,,,,
20260822_松山_4R,20260822,75,松山,4,22.7,3.3,8.7,11.2,33.4,,,58.1,178.2,259.6,73.7,67.4,,,4.3,98.7,71.4,59.3,112.5,,,173.2,442.4,367.8,324.3,651.4,,,23.1,57.4,81.3,132.2,57.6,,,57.7,47.2,165.1,283.4,79.7,,,,,,,,,,,,,,,,,163.2,23.1,66.8,74.0,186.2,,,650.0,1538.8,1841.2,1524.1,2016.0,,,83.6,844.9,419.1,377.4,1109.9,,,431.6,1930.5,806.4,1206.6,2028.9,,,251.6,1184.1,577.0,1129.5,950.8,,,875.1,2016.0,1942.3,2028.9,1349.7,,,,,,,,,,,,,,,,,778.8,1378.9,2746.0,1145.8,1193.0,,,1117.6,3619.8,3619.8,2895.8,3661.4,,,2081.9,2528.1,7584.3,3033.7,5399.0,,,4363.6,5492.1,9368.9,8167.7,9368.9,,,1731.2,3792.1,3353.0,8167.7,2676.8,,,1188.5,2469.3,2722.5,5137.8,1779.5,,,,,,,,,,,,,,,,,55.6,297.7,504.8,228.0,818.8,,,107.3,1259.0,682.1,589.8,1779.5,,,1789.5,3153.8,6777.5,2699.5,4304.6,,,2041.9,2081.9,6777.5,3353.0,9999.9,,,812.6,847.1,2469.3,2746.0,4136.9,,,2431.6,3217.6,4304.6,6245.9,5309.0,,,,,,,,,,,,,,,,,1305.5,4304.6,2632.5,3353.0,6010.2,,,1378.9,6010.2,2818.9,3884.6,5898.9,,,5222.0,8848.4,9652.8,9999.9,9999.9,,,3122.9,3283.9,9999.9,3318.1,9999.9,,,3388.7,4616.5,9954.4,4247.2,4136.9,,,7584.3,6777.5,9368.9,9999.9,4424.2,,,,,,,,,,,,,,,,,145.1,395.2,246.1,589.8,373.4,,,279.6,1083.4,614.9,1154.1,1239.4,,,1079.8,1481.5,1546.3,3005.1,1502.5,,,627.0,698.5,1600.7,1779.5,2977.0,,,2413.2,3250.4,5791.7,3062.9,3250.4,,,956.5,1851.9,1264.0,3092.6,2469.3,,,,,,,,,,,,,,,,,816.7,802.3,1044.4,3062.9,1014.4,,,1355.5,3425.2,3932.6,4616.5,3122.9,,,920.6,2654.5,2699.5,4486.5,1300.1,,,2818.9,4032.1,4247.2,9368.9,6924.8,,,7963.5,7078.7,7963.5,9999.9,3661.4,,,1633.5,3539.3,2166.9,6370.8,3932.6,,,,,,,,,,,,,,,,,,,,,,,,,,,,,,,,,,,,,,,,,,,,,,,,,,,,,,,,,,,,,,,,,,,,,,,,,,,,,,,,,,,,,,,,,,,,,,,,,,,,,,,,,,,,,,,,,,,,,,,,,,,,,,,,
20260822_松山_5R,20260822,75,松山,5,4.0,23.8,20.9,50.5,6.0,,,12.7,74.6,73.4,172.6,36.5,,,68.4,112.2,102.1,351.4,123.7,,,71.0,130.9,128.6,115.6,139.4,,,274.7,418.8,800.8,371.8,496.2,,,8.0,23.4,66.8,60.0,166.5,,,,,,,,,,,,,,,,,46.4,178.0,183.2,409.1,64.8,,,115.2,768.0,538.9,1269.7,400.4,,,548.4,1145.8,1293.0,2237.1,1430.8,,,692.5,1258.4,1531.9,1648.4,1985.0,,,1917.5,3708.9,4026.9,3277.7,4777.6,,,223.7,612.7,1515.5,1329.6,2936.2,,,,,,,,,,,,,,,,,32.7,166.9,141.6,319.2,100.7,,,73.6,462.8,380.4,814.6,319.9,,,474.5,687.5,568.3,1150.5,915.2,,,487.6,661.6,732.1,532.8,1247.2,,,1348.7,1971.2,1957.5,1209.8,3316.2,,,270.5,429.7,831.5,761.8,1648.4,,,,,,,,,,,,,,,,,144.8,226.0,170.9,661.6,287.6,,,405.5,699.4,805.3,1423.6,1123.0,,,511.5,772.2,519.1,1225.5,1241.7,,,150.4,289.1,256.0,95.1,568.3,,,1930.7,2494.5,1971.2,696.0,5125.1,,,658.6,1423.6,1215.0,903.4,3063.9,,,,,,,,,,,,,,,,,486.0,634.8,540.0,623.6,996.0,,,843.9,1548.8,1523.6,1305.0,2388.8,,,734.0,1638.8,883.6,737.9,2409.2,,,303.7,577.6,415.7,193.3,886.4,,,679.2,1010.3,614.1,425.8,1453.0,,,1772.8,2818.8,3167.2,2119.4,2057.5,,,,,,,,,,,,,,,,,2168.3,2329.6,3167.2,3132.0,3915.0,,,2736.7,5318.5,4777.6,5220.0,7047.0,,,2659.2,5997.5,2790.9,3915.0,9093.0,,,3970.1,4546.5,2710.4,1071.8,9396.1,,,2847.3,4336.6,2876.3,989.0,3480.0,,,4085.2,8053.8,8808.8,9999.9,4270.9,,,,,,,,,,,,,,,,,58.3,118.0,179.6,220.7,955.5,,,176.5,517.2,1132.0,1179.4,2494.5,,,366.0,652.5,1323.3,1204.6,3167.2,,,810.0,1540.3,1460.5,909.3,3480.0,,,1342.3,2202.2,2151.7,1698.0,1708.3,,,3355.7,5637.6,5527.1,6264.0,3097.6,,,,,,,,,,,,,,,,,,,,,,,,,,,,,,,,,,,,,,,,,,,,,,,,,,,,,,,,,,,,,,,,,,,,,,,,,,,,,,,,,,,,,,,,,,,,,,,,,,,,,,,,,,,,,,,,,,,,,,,,,,,,,,,,
20260822_松山_6R,20260822,75,松山,6,16.4,15.7,52.9,64.4,34.6,,,11.0,3.3,37.4,101.2,38.0,,,16.6,14.0,56.8,100.8,44.4,,,60.3,96.2,44.9,291.0,170.8,,,76.5,205.7,111.5,209.8,153.5,,,37.7,55.1,47.0,117.6,115.1,,,,,,,,,,,,,,,,,91.2,87.5,260.3,264.5,178.5,,,291.3,558.6,942.8,1494.4,1098.8,,,290.7,622.6,1322.5,1082.9,837.2,,,856.4,1717.7,1940.8,2372.1,2335.0,,,635.9,1669.7,1266.4,2819.7,803.4,,,401.1,1006.3,897.5,1953.5,996.3,,,,,,,,,,,,,,,,,47.7,17.0,91.5,238.7,132.4,,,189.8,352.8,871.4,1651.3,973.5,,,78.1,273.7,596.5,1255.8,644.1,,,513.5,1334.3,954.9,3396.4,2767.5,,,645.5,2988.9,2033.2,4094.3,4094.3,,,482.0,1230.0,1098.8,2372.1,3985.2,,,,,,,,,,,,,,,,,109.5,135.9,336.9,454.9,189.4,,,317.9,727.2,1737.7,1224.9,957.9,,,250.7,687.1,1651.3,1615.6,1573.1,,,1277.3,2959.3,3049.9,2281.6,4039.0,,,1390.1,1698.2,2005.9,2353.4,2230.5,,,625.2,1102.9,1856.4,3019.0,2391.1,,,,,,,,,,,,,,,,,683.9,725.4,721.9,1856.4,1056.1,,,1172.1,2449.9,2846.5,3321.0,3248.8,,,1102.9,1868.0,2353.4,4981.5,4395.4,,,1556.7,3081.3,2930.3,2299.1,5065.9,,,4209.7,4981.5,7472.2,3321.0,2873.9,,,2554.6,4151.2,5535.0,5639.4,3179.6,,,,,,,,,,,,,,,,,495.6,839.5,695.0,1891.7,900.2,,,951.8,2873.9,1707.9,4820.8,1390.1,,,1747.8,3435.5,1928.3,5977.8,5747.8,,,1789.7,2353.4,2197.7,3049.9,3558.2,,,4528.6,5337.3,5535.0,3081.3,3019.0,,,1215.0,1316.6,3321.0,2372.1,2873.9,,,,,,,,,,,,,,,,,152.6,257.6,171.3,537.5,522.5,,,395.8,1079.0,861.3,2047.1,1059.8,,,674.6,1352.4,1688.6,2692.7,3601.0,,,646.9,1016.6,1624.4,2873.9,2299.1,,,1953.5,3601.0,3516.3,4269.8,3049.9,,,1115.2,1102.9,3358.3,2033.2,2599.0,,,,,,,,,,,,,,,,,,,,,,,,,,,,,,,,,,,,,,,,,,,,,,,,,,,,,,,,,,,,,,,,,,,,,,,,,,,,,,,,,,,,,,,,,,,,,,,,,,,,,,,,,,,,,,,,,,,,,,,,,,,,,,,,
20260822_松山_7R,20260822,75,松山,7,44.6,93.8,245.9,197.9,453.9,,,12.3,40.1,58.3,49.8,68.4,,,224.6,184.8,472.1,695.2,936.2,,,616.0,320.8,669.8,1672.9,1023.4,,,360.9,239.6,732.3,1297.4,1248.3,,,1023.4,376.6,1345.1,941.6,1791.0,,,,,,,,,,,,,,,,,46.5,43.3,192.6,119.9,390.4,,,24.0,29.1,157.0,102.3,291.3,,,25.5,31.2,51.1,48.4,126.1,,,391.4,467.4,209.7,656.4,786.5,,,131.8,157.4,68.9,314.1,590.6,,,661.7,685.1,397.5,811.7,881.1,,,,,,,,,,,,,,,,,5.0,15.9,28.2,26.1,34.7,,,14.3,15.0,94.1,61.4,160.0,,,75.0,62.8,120.8,171.3,286.5,,,165.2,282.4,247.6,469.4,281.6,,,150.8,129.9,235.9,405.3,402.8,,,169.0,271.0,408.3,257.4,531.5,,,,,,,,,,,,,,,,,388.1,428.5,1120.9,1547.2,2320.8,,,192.3,188.1,331.2,321.5,639.9,,,371.5,264.7,631.3,830.1,1070.0,,,1599.8,1132.5,1077.0,1781.4,2197.0,,,1973.4,588.5,1091.2,1810.7,3080.0,,,3262.9,2085.8,1904.9,2769.4,3832.1,,,,,,,,,,,,,,,,,1554.5,856.0,1592.0,2942.5,1690.0,,,1361.8,1216.0,862.7,2009.5,1725.4,,,690.9,1152.3,995.6,1707.5,1140.3,,,2021.8,1631.4,1225.1,2099.1,2515.7,,,3362.8,2304.6,1504.8,2535.0,1752.9,,,1128.6,1272.4,1010.9,1518.7,1414.4,,,,,,,,,,,,,,,,,678.1,532.4,1464.7,2257.2,2594.9,,,463.5,395.1,266.2,1144.3,1172.8,,,453.9,490.4,725.9,1402.3,1451.8,,,1432.8,578.1,1029.8,1672.9,2942.5,,,3080.0,1904.9,2241.9,2197.0,2009.5,,,3505.9,2723.6,2154.0,3970.6,1647.8,,,,,,,,,,,,,,,,,1194.0,530.6,1498.0,1102.2,2969.0,,,874.1,923.1,544.7,1004.7,1681.4,,,411.4,764.6,830.1,813.7,1639.6,,,2257.2,1647.8,1781.4,1904.9,3970.6,,,668.4,737.2,612.5,944.3,972.1,,,3168.8,1408.3,2168.1,2792.8,1272.4,,,,,,,,,,,,,,,,,,,,,,,,,,,,,,,,,,,,,,,,,,,,,,,,,,,,,,,,,,,,,,,,,,,,,,,,,,,,,,,,,,,,,,,,,,,,,,,,,,,,,,,,,,,,,,,,,,,,,,,,,,,,,,,,
20260822_松山_8R,20260822,75,松山,8,37.3,17.8,27.3,62.1,419.2,,,52.5,32.6,118.6,30.8,327.6,,,7.8,12.0,11.5,15.0,121.2,,,63.0,134.7,54.5,115.5,640.0,,,136.7,69.8,66.3,156.4,242.6,,,1333.5,713.8,504.6,845.9,486.1,,,,,,,,,,,,,,,,,80.5,32.7,48.2,98.3,559.8,,,156.4,290.2,262.8,220.3,1203.9,,,74.1,261.6,157.0,301.9,833.0,,,46.4,122.6,58.8,100.6,486.1,,,325.1,339.5,471.2,424.8,847.7,,,1655.3,2446.1,1959.4,1901.2,2313.5,,,,,,,,,,,,,,,,,136.3,87.5,265.4,98.8,707.2,,,205.1,336.0,389.5,261.0,1465.8,,,144.4,336.2,512.0,233.3,1040.7,,,504.6,441.9,606.7,455.5,1737.7,,,74.9,115.1,104.5,180.8,97.8,,,2219.9,2931.6,1929.9,2461.8,632.7,,,,,,,,,,,,,,,,,26.1,35.9,34.8,51.1,273.1,,,90.5,318.9,249.3,443.4,1230.9,,,127.2,334.8,580.1,382.5,1352.2,,,197.7,383.6,664.4,586.3,2098.6,,,296.5,741.4,533.4,842.2,1396.5,,,1100.4,2430.7,2272.4,3310.7,2762.9,,,,,,,,,,,,,,,,,219.0,489.2,262.1,544.7,1593.5,,,134.3,260.7,165.9,269.8,872.8,,,603.8,438.9,735.7,682.1,1989.9,,,399.6,469.5,868.8,791.8,2299.7,,,1002.7,810.2,840.3,1029.6,1211.5,,,3254.6,2954.2,3398.6,4220.3,2356.1,,,,,,,,,,,,,,,,,595.4,277.8,395.5,827.6,820.6,,,658.7,491.7,1063.8,1119.6,1593.5,,,130.1,166.3,161.9,280.1,142.2,,,578.3,1026.8,503.3,1156.7,1627.3,,,1284.4,1477.1,872.8,1366.7,1600.2,,,1328.8,1969.4,617.4,1753.6,1449.2,,,,,,,,,,,,,,,,,3657.6,4220.3,2887.6,5647.8,2844.8,,,4042.6,6737.7,3398.6,6621.5,6096.0,,,4042.6,6400.8,2931.6,5565.9,1517.9,,,3368.8,3024.0,3173.9,5486.4,5818.9,,,6096.0,7385.6,5647.8,6858.0,3227.3,,,3097.1,5818.9,1471.4,4267.2,2954.2,,,,,,,,,,,,,,,,,,,,,,,,,,,,,,,,,,,,,,,,,,,,,,,,,,,,,,,,,,,,,,,,,,,,,,,,,,,,,,,,,,,,,,,,,,,,,,,,,,,,,,,,,,,,,,,,,,,,,,,,,,,,,,,,
20260822_松山_9R,20260822,75,松山,9,19.3,65.5,30.0,50.4,34.8,,,22.3,37.6,35.6,62.7,144.8,,,128.3,83.5,153.8,213.6,415.3,,,33.7,40.9,89.0,44.0,161.6,,,96.7,112.7,152.3,130.4,242.8,,,121.8,309.6,480.7,286.7,489.2,,,,,,,,,,,,,,,,,15.8,49.4,41.8,61.2,28.1,,,23.4,43.3,104.1,254.0,66.0,,,81.0,79.6,243.8,561.2,141.3,,,105.9,242.1,389.3,731.2,292.0,,,385.2,795.1,1085.0,1261.5,877.7,,,28.5,49.9,68.8,119.2,264.4,,,,,,,,,,,,,,,,,23.8,32.9,35.5,69.3,146.9,,,32.0,67.6,126.1,286.8,106.8,,,30.4,58.8,87.1,285.5,218.7,,,81.3,206.7,163.1,518.1,422.7,,,409.9,728.9,724.4,1044.3,1460.1,,,363.0,296.7,500.0,649.8,1310.5,,,,,,,,,,,,,,,,,270.3,146.3,358.6,561.8,963.5,,,294.5,248.8,906.3,1531.0,721.1,,,106.9,171.7,266.0,595.8,491.7,,,651.6,993.8,444.2,1979.4,2994.2,,,1659.9,2389.3,1541.0,3013.3,3942.4,,,1487.7,1299.7,1306.8,3196.5,3584.0,,,,,,,,,,,,,,,,,153.8,152.2,287.2,216.6,574.8,,,229.9,519.3,1134.5,1848.0,879.3,,,202.7,453.1,484.2,1131.7,1075.2,,,728.9,1403.8,622.4,1826.6,3175.1,,,913.3,2599.4,2766.6,2503.1,2799.3,,,1219.3,1483.0,1996.1,3530.5,2718.9,,,,,,,,,,,,,,,,,345.0,382.1,467.4,657.9,515.9,,,1024.0,1954.9,3355.2,3846.2,3072.0,,,1126.4,1971.2,2004.6,3331.6,4548.9,,,2274.4,3877.8,2365.4,3355.2,4340.2,,,1213.0,3557.0,3846.2,3032.6,3942.4,,,2628.2,3725.1,5437.8,4638.1,4380.4,,,,,,,,,,,,,,,,,241.4,818.4,927.6,874.4,955.7,,,114.4,265.4,310.0,305.6,906.3,,,838.8,474.0,1113.1,1469.2,2994.2,,,1363.3,1002.3,1614.6,3379.2,3846.2,,,1156.7,696.7,1987.7,3355.2,3052.2,,,2401.4,2401.4,5032.8,4421.4,3667.3,,,,,,,,,,,,,,,,,,,,,,,,,,,,,,,,,,,,,,,,,,,,,,,,,,,,,,,,,,,,,,,,,,,,,,,,,,,,,,,,,,,,,,,,,,,,,,,,,,,,,,,,,,,,,,,,,,,,,,,,,,,,,,,,
20260822_武雄_1R,20260822,84,武雄,1,128.2,57.9,82.3,244.9,36.8,,,182.2,131.2,360.0,928.5,96.3,,,52.1,63.6,182.2,316.1,15.5,,,199.8,469.8,296.6,1012.2,161.7,,,422.6,1128.4,460.6,1197.2,243.3,,,8.9,25.3,4.9,31.4,71.5,,,,,,,,,,,,,,,,,242.1,155.5,135.9,352.5,86.2,,,184.5,278.7,120.6,387.9,347.3,,,507.2,1076.9,679.6,1303.0,604.7,,,90.8,77.3,205.2,170.2,139.2,,,353.0,373.7,732.4,158.0,360.0,,,95.5,292.6,312.3,103.0,338.3,,,,,,,,,,,,,,,,,339.8,434.3,627.2,1582.9,228.5,,,519.5,1003.6,236.5,914.1,445.8,,,710.4,1474.0,1604.4,2087.2,1016.6,,,947.2,443.3,1572.3,2431.4,794.1,,,1917.5,1371.2,2124.8,2456.8,2406.6,,,266.5,269.8,637.4,479.3,1363.3,,,,,,,,,,,,,,,,,517.2,591.1,1161.8,1786.7,142.4,,,748.7,2406.6,1800.4,2482.6,970.5,,,1091.9,2406.6,3418.1,2163.7,1672.7,,,2591.8,2807.7,3685.2,2948.1,2087.2,,,3063.0,2742.4,2680.1,3743.7,3866.4,,,184.5,788.8,1102.1,1317.6,2710.9,,,,,,,,,,,,,,,,,395.0,1150.5,558.8,2382.3,401.7,,,374.3,305.1,775.8,491.3,294.8,,,1347.7,611.0,2144.1,3187.2,1247.9,,,2144.1,2033.2,2431.4,3230.8,1902.0,,,3804.0,1016.6,3230.8,3187.2,1387.3,,,506.1,428.0,1107.2,1185.1,1179.2,,,,,,,,,,,,,,,,,681.6,1965.4,1228.4,1786.7,544.6,,,445.8,830.4,1123.1,220.8,486.2,,,2204.2,1483.3,1917.5,3321.8,2431.4,,,3418.1,2431.4,2312.2,3628.5,3743.7,,,2536.0,677.7,3418.1,3144.7,1403.8,,,573.8,473.6,1800.4,1615.4,1029.9,,,,,,,,,,,,,,,,,12.9,36.2,8.4,44.0,95.4,,,46.4,120.7,136.6,33.0,147.0,,,163.3,162.6,311.9,285.8,668.1,,,71.4,224.8,257.4,423.4,928.5,,,190.6,127.6,281.7,437.5,551.0,,,316.5,186.1,697.7,848.3,415.9,,,,,,,,,,,,,,,,,,,,,,,,,,,,,,,,,,,,,,,,,,,,,,,,,,,,,,,,,,,,,,,,,,,,,,,,,,,,,,,,,,,,,,,,,,,,,,,,,,,,,,,,,,,,,,,,,,,,,,,,,,,,,,,,
20260822_武雄_2R,20260822,84,武雄,2,3569.0,1637.1,2005.0,2745.4,1222.2,,,2745.4,561.1,454.0,901.2,240.1,,,282.8,322.6,79.1,36.9,8.9,,,402.8,562.9,200.2,478.4,83.1,,,980.5,504.0,68.6,274.5,49.6,,,166.0,68.1,2.9,22.2,15.4,,,,,,,,,,,,,,,,,8497.6,7138.0,4352.4,6609.3,4352.4,,,7758.7,9999.9,2878.2,3076.7,8111.4,,,8497.6,6373.2,6153.4,4352.4,1525.2,,,4575.6,734.3,6609.3,3499.0,2549.3,,,8111.4,3024.5,5576.6,4696.0,4956.9,,,3499.0,6153.4,4150.0,2878.2,4956.9,,,,,,,,,,,,,,,,,4248.8,1055.9,446.1,1512.2,437.3,,,7435.4,8111.4,1652.3,2478.4,5576.6,,,2478.4,7138.0,2150.0,1939.6,1265.6,,,217.0,200.0,562.9,600.8,160.3,,,1683.5,1918.8,1898.4,1351.9,1715.8,,,354.0,1982.7,1136.6,180.6,1274.6,,,,,,,,,,,,,,,,,1166.3,924.6,325.0,149.9,44.0,,,3717.7,6863.5,4823.0,2925.4,3024.5,,,3130.7,7138.0,3569.0,2317.5,2624.2,,,1394.1,2832.5,4150.0,1525.2,837.7,,,293.9,2051.1,1579.2,1049.7,326.2,,,84.7,1699.5,1189.6,376.4,341.8,,,,,,,,,,,,,,,,,478.4,985.9,387.9,1341.7,210.6,,,1055.9,495.6,1699.5,1031.5,1055.9,,,397.4,249.2,1025.5,749.7,307.6,,,1439.1,2788.3,2788.3,1939.6,896.7,,,1512.2,1487.0,1274.6,1784.5,803.8,,,311.9,367.1,343.8,600.8,737.4,,,,,,,,,,,,,,,,,991.3,596.8,160.0,375.6,93.4,,,3796.8,2203.1,3076.7,2624.2,2925.4,,,1075.0,1525.2,934.2,759.3,934.2,,,318.0,1383.3,1122.3,697.0,331.6,,,811.1,1372.7,1025.5,959.4,561.1,,,99.6,833.8,523.3,195.8,211.9,,,,,,,,,,,,,,,,,178.2,68.2,6.4,18.9,33.5,,,1151.2,2075.0,1683.5,969.8,1820.9,,,223.6,1166.3,488.9,92.5,579.3,,,38.2,779.2,472.0,165.0,142.8,,,79.6,123.4,105.3,148.3,211.1,,,90.5,691.6,384.5,136.2,163.5,,,,,,,,,,,,,,,,,,,,,,,,,,,,,,,,,,,,,,,,,,,,,,,,,,,,,,,,,,,,,,,,,,,,,,,,,,,,,,,,,,,,,,,,,,,,,,,,,,,,,,,,,,,,,,,,,,,,,,,,,,,,,,,,
20260822_武雄_3R,20260822,84,武雄,3,176.0,746.3,163.6,703.2,291.3,,,60.7,75.2,3.6,24.3,29.1,,,956.0,407.4,377.9,962.3,599.5,,,50.4,2.8,91.5,40.0,31.4,,,1434.1,180.1,1008.8,211.0,476.4,,,325.0,116.2,390.0,121.4,432.7,,,,,,,,,,,,,,,,,653.0,1720.9,571.4,2359.3,625.1,,,1354.4,3656.9,1783.8,4875.9,2119.9,,,2659.6,3567.7,2759.9,3047.4,689.9,,,677.2,988.3,1828.4,2398.0,696.5,,,4571.2,4302.3,3656.9,4302.3,3953.4,,,415.5,988.3,344.9,614.6,1367.0,,,,,,,,,,,,,,,,,251.7,232.5,21.3,135.1,136.7,,,949.8,3656.9,1218.9,3401.8,1976.7,,,995.0,4179.3,1462.7,1643.5,981.7,,,58.5,597.0,794.9,492.5,478.0,,,630.5,3567.7,1572.8,968.7,1681.3,,,445.9,1875.3,1160.9,782.2,1783.8,,,,,,,,,,,,,,,,,2659.6,1189.2,1434.1,2566.2,1805.9,,,2398.0,3656.9,3567.7,2708.8,1294.5,,,1462.7,4063.2,2868.2,2216.3,2437.9,,,1448.3,2925.5,2321.8,2031.6,2566.2,,,2566.2,2985.2,2031.6,2285.6,3250.6,,,1448.3,1030.1,1741.4,1950.3,1851.6,,,,,,,,,,,,,,,,,95.2,7.4,228.5,129.9,73.8,,,210.7,278.6,840.6,943.7,246.2,,,41.2,255.2,658.9,357.6,339.3,,,713.5,1477.5,1294.5,1189.2,1108.1,,,597.0,1572.8,710.0,1607.4,1008.8,,,267.4,421.5,432.7,556.1,757.9,,,,,,,,,,,,,,,,,3047.4,754.0,2479.2,908.5,2398.0,,,4063.2,3250.6,2659.6,3953.4,3112.3,,,902.9,4875.9,1700.9,1851.6,2925.5,,,3482.8,3401.8,2250.4,2612.1,3482.8,,,1044.8,3250.6,1700.9,2089.6,1875.3,,,2925.5,2759.9,3401.8,2359.3,2183.2,,,,,,,,,,,,,,,,,528.0,284.0,554.0,355.9,1271.9,,,320.7,653.0,250.4,594.6,821.7,,,492.5,1116.6,1067.7,773.9,1924.7,,,541.7,474.9,826.4,1067.7,1271.9,,,494.1,975.1,794.9,1125.2,1306.0,,,2031.6,2216.3,2321.8,1976.7,1607.4,,,,,,,,,,,,,,,,,,,,,,,,,,,,,,,,,,,,,,,,,,,,,,,,,,,,,,,,,,,,,,,,,,,,,,,,,,,,,,,,,,,,,,,,,,,,,,,,,,,,,,,,,,,,,,,,,,,,,,,,,,,,,,,,
20260822_武雄_4R,20260822,84,武雄,4,166.2,173.9,117.5,427.4,555.7,,,248.3,208.7,52.3,160.8,463.8,,,206.0,307.9,169.4,383.1,407.8,,,71.7,21.4,62.4,108.7,215.8,,,751.6,336.5,613.1,311.9,1299.2,,,1114.7,980.9,912.5,781.6,1453.2,,,,,,,,,,,,,,,,,77.9,75.7,56.9,225.2,209.8,,,270.6,398.7,525.9,378.0,879.7,,,26.9,126.4,29.9,44.5,9.9,,,35.8,194.2,50.3,173.3,182.5,,,191.5,386.2,102.3,255.1,231.0,,,350.3,729.3,55.9,469.3,240.1,,,,,,,,,,,,,,,,,1011.3,751.6,257.1,671.8,1475.1,,,1442.5,1886.4,1961.9,1961.9,3382.6,,,1497.6,1353.0,2452.4,1833.5,1371.9,,,472.7,1816.6,1595.0,1736.2,3441.9,,,1181.8,2001.9,1706.0,2229.4,3503.4,,,4087.3,4904.8,3164.4,5449.8,4458.9,,,,,,,,,,,,,,,,,85.1,262.9,128.2,248.6,153.1,,,20.9,125.0,28.5,43.5,9.6,,,649.6,557.3,1072.0,700.6,745.9,,,98.9,52.5,441.8,205.2,110.7,,,341.8,139.0,335.9,417.4,152.0,,,93.8,29.8,235.8,111.6,80.3,,,,,,,,,,,,,,,,,43.7,16.7,37.8,98.0,152.2,,,59.8,220.1,32.3,221.1,215.1,,,162.4,688.3,693.2,582.1,1833.5,,,79.5,34.3,344.1,175.9,82.9,,,219.9,463.8,587.4,321.1,797.5,,,705.7,705.7,1886.4,468.2,827.8,,,,,,,,,,,,,,,,,716.0,439.8,732.0,366.7,1453.2,,,501.7,1016.5,211.4,632.8,772.4,,,1006.1,2281.3,1307.9,1751.7,3164.4,,,708.2,256.4,849.3,834.8,571.9,,,341.2,772.4,1108.4,757.5,1203.6,,,2001.9,1442.5,3065.5,875.8,1497.6,,,,,,,,,,,,,,,,,2179.9,2483.4,1582.2,2065.1,3325.3,,,1381.6,2581.4,247.4,1961.9,961.7,,,4359.8,4904.8,4003.9,6539.7,4359.8,,,845.6,182.1,1257.6,1325.6,656.1,,,2581.4,2687.5,5605.5,1886.4,1850.8,,,2651.2,1662.6,3846.9,1102.2,1720.9,,,,,,,,,,,,,,,,,,,,,,,,,,,,,,,,,,,,,,,,,,,,,,,,,,,,,,,,,,,,,,,,,,,,,,,,,,,,,,,,,,,,,,,,,,,,,,,,,,,,,,,,,,,,,,,,,,,,,,,,,,,,,,,,
20260822_武雄_5R,20260822,84,武雄,5,383.8,152.2,180.1,715.2,304.5,,,566.3,517.4,276.8,1425.5,369.5,,,86.2,248.2,26.2,240.8,82.6,,,90.1,151.5,17.6,15.7,41.0,,,1197.4,1387.7,703.2,203.8,1309.7,,,257.1,174.6,99.5,60.7,461.5,,,,,,,,,,,,,,,,,480.6,163.5,194.3,915.0,315.1,,,621.8,340.7,582.1,1871.0,446.8,,,74.3,122.4,34.8,193.1,50.0,,,202.6,555.8,126.3,294.7,353.9,,,1663.1,2253.2,802.8,851.8,1731.8,,,419.1,368.9,211.4,457.5,1204.3,,,,,,,,,,,,,,,,,844.9,805.9,530.5,1922.5,479.5,,,818.5,436.5,809.0,2721.5,541.4,,,388.0,245.9,293.9,1091.4,170.6,,,698.5,979.2,508.6,1017.2,555.8,,,3081.7,3742.0,1838.2,1922.5,1791.0,,,203.0,238.4,139.3,188.7,687.0,,,,,,,,,,,,,,,,,64.6,175.9,33.9,253.7,83.2,,,36.6,67.1,23.2,168.8,26.7,,,171.0,105.6,155.5,680.3,93.1,,,38.6,79.8,186.9,96.3,98.8,,,812.2,525.2,1074.6,411.7,818.5,,,83.8,60.9,81.7,78.4,362.5,,,,,,,,,,,,,,,,,104.7,174.4,35.0,20.1,68.8,,,183.9,665.2,170.7,304.1,395.3,,,397.6,825.0,607.4,654.8,477.3,,,80.7,173.3,351.6,163.4,178.9,,,76.5,344.6,516.1,228.5,252.7,,,134.6,370.8,309.0,219.8,235.7,,,,,,,,,,,,,,,,,2074.8,2381.3,1871.0,561.8,2229.3,,,2524.7,3127.7,720.1,1270.0,2794.0,,,3175.1,4276.6,1922.5,2095.5,2951.5,,,2277.7,1435.3,1775.9,848.4,1760.9,,,422.4,952.5,1293.5,588.6,633.1,,,2587.1,2381.3,2253.2,1791.0,841.5,,,,,,,,,,,,,,,,,234.4,125.6,82.0,46.0,333.1,,,257.1,214.9,145.7,283.9,862.3,,,95.9,119.5,61.3,82.7,389.5,,,70.7,96.1,68.8,74.4,328.4,,,62.9,242.5,142.4,97.4,158.0,,,884.2,1211.3,919.1,869.5,434.7,,,,,,,,,,,,,,,,,,,,,,,,,,,,,,,,,,,,,,,,,,,,,,,,,,,,,,,,,,,,,,,,,,,,,,,,,,,,,,,,,,,,,,,,,,,,,,,,,,,,,,,,,,,,,,,,,,,,,,,,,,,,,,,,
20260822_武雄_6R,20260822,84,武雄,6,156.2,46.4,58.1,123.5,57.2,,,264.1,167.4,94.8,438.1,478.1,,,18.0,64.3,15.4,9.5,52.1,,,62.3,53.2,39.6,105.0,92.5,,,237.0,332.0,54.1,209.8,524.8,,,115.5,436.1,151.4,186.4,549.4,,,,,,,,,,,,,,,,,215.4,67.5,81.5,130.1,53.4,,,381.7,637.5,297.3,1617.0,379.5,,,119.9,631.4,284.5,190.3,99.5,,,87.3,207.6,211.1,279.3,89.3,,,316.7,2260.2,344.1,456.1,531.8,,,28.8,174.3,41.7,38.2,158.4,,,,,,,,,,,,,,,,,412.6,271.3,135.4,715.4,690.6,,,522.0,832.2,351.4,1343.9,615.7,,,385.4,864.7,407.5,895.9,656.4,,,91.5,158.7,166.7,475.8,254.0,,,1086.8,2367.8,1617.0,1729.5,3260.6,,,1063.6,773.9,1400.7,643.6,2486.2,,,,,,,,,,,,,,,,,36.7,128.4,45.8,16.2,101.2,,,138.7,739.4,362.2,284.5,335.4,,,389.2,821.9,537.5,776.9,1075.1,,,177.2,384.7,386.9,336.5,857.3,,,57.8,246.4,610.1,289.0,550.9,,,287.0,359.0,1098.8,795.6,606.4,,,,,,,,,,,,,,,,,77.1,69.5,73.7,141.8,195.1,,,100.8,151.4,184.5,272.4,167.2,,,58.3,85.3,103.4,350.7,163.0,,,146.8,288.2,227.0,257.6,623.5,,,334.8,550.9,750.5,516.6,1117.4,,,296.4,228.6,324.4,635.4,938.2,,,,,,,,,,,,,,,,,554.0,1098.8,195.0,710.3,880.0,,,835.7,3208.0,815.1,1484.3,1291.5,,,2312.7,3616.3,1617.0,2455.5,3683.3,,,162.2,631.4,1250.9,736.6,1317.2,,,780.0,1243.1,2286.2,1156.3,1604.0,,,1266.8,1275.0,3978.0,1760.1,1671.4,,,,,,,,,,,,,,,,,142.2,707.8,202.9,300.0,447.9,,,46.8,234.5,70.3,65.4,161.1,,,678.8,619.6,1250.9,712.9,2486.2,,,295.9,271.7,1004.5,606.4,537.5,,,325.0,229.4,431.4,690.6,975.0,,,912.3,765.0,2801.4,1123.7,1362.3,,,,,,,,,,,,,,,,,,,,,,,,,,,,,,,,,,,,,,,,,,,,,,,,,,,,,,,,,,,,,,,,,,,,,,,,,,,,,,,,,,,,,,,,,,,,,,,,,,,,,,,,,,,,,,,,,,,,,,,,,,,,,,,,
20260822_武雄_7R,20260822,84,武雄,7,225.6,658.4,98.7,94.6,216.6,,,194.1,182.6,58.0,165.9,71.6,,,1144.8,618.0,484.3,777.9,766.1,,,17.6,8.5,58.8,7.8,6.7,,,55.4,93.8,319.3,22.4,52.2,,,122.1,41.8,251.2,22.2,62.4,,,,,,,,,,,,,,,,,1460.0,2518.6,649.9,330.8,1119.4,,,1918.9,2289.6,2398.7,1028.0,2289.6,,,3598.0,3303.1,4685.8,1526.4,1243.7,,,879.8,2056.0,4380.2,680.7,1599.1,,,305.7,497.5,872.2,421.5,406.2,,,1370.7,1409.0,2316.0,1611.9,392.7,,,,,,,,,,,,,,,,,1192.2,822.4,380.8,954.9,467.5,,,1586.5,1994.9,1900.8,1213.8,1503.6,,,1192.2,1815.2,1259.3,1192.2,449.7,,,534.4,2077.2,1236.1,1429.0,920.0,,,1185.2,1107.1,1308.3,1352.3,879.8,,,340.9,749.0,271.1,430.5,641.6,,,,,,,,,,,,,,,,,2878.4,2238.8,2238.8,2120.9,1994.9,,,3801.7,3534.9,5597.0,1848.5,3731.3,,,2342.9,3249.8,2760.1,1937.4,1138.3,,,2798.5,4797.4,2878.4,1848.5,3801.7,,,1334.3,1054.9,1937.4,2035.2,2214.2,,,1316.9,1624.9,1299.9,5037.3,2289.6,,,,,,,,,,,,,,,,,48.5,29.9,134.2,26.6,26.0,,,368.3,1151.3,1815.2,491.4,911.7,,,244.5,924.2,1022.8,825.7,533.0,,,1012.5,3052.9,2056.0,1574.1,2583.2,,,102.6,275.6,537.3,928.5,234.0,,,129.4,472.9,347.4,1283.3,331.9,,,,,,,,,,,,,,,,,78.9,222.3,507.5,32.5,102.4,,,94.7,226.1,345.6,146.6,175.3,,,476.3,531.6,582.3,594.3,476.3,,,1343.2,769.0,853.7,1259.3,903.5,,,68.3,192.6,353.4,687.6,238.7,,,91.7,189.7,256.3,507.5,187.7,,,,,,,,,,,,,,,,,302.0,79.5,474.1,36.2,151.9,,,580.6,605.0,1038.6,702.0,283.3,,,88.9,233.7,120.2,128.8,242.7,,,1236.1,1113.2,552.0,1561.9,876.0,,,66.8,355.3,212.3,839.5,319.8,,,148.5,199.4,269.3,550.5,228.9,,,,,,,,,,,,,,,,,,,,,,,,,,,,,,,,,,,,,,,,,,,,,,,,,,,,,,,,,,,,,,,,,,,,,,,,,,,,,,,,,,,,,,,,,,,,,,,,,,,,,,,,,,,,,,,,,,,,,,,,,,,,,,,,
