race_key,date,jo_code,jo_name,race_no,1-2-3,1-2-4,1-2-5,1-2-6,1-2-7,1-2-8,1-2-9,1-3-2,1-3-4,1-3-5,1-3-6,1-3-7,1-3-8,1-3-9,1-4-2,1-4-3,1-4-5,1-4-6,1-4-7,1-4-8,1-4-9,1-5-2,1-5-3,1-5-4,1-5-6,1-5-7,1-5-8,1-5-9,1-6-2,1-6-3,1-6-4,1-6-5,1-6-7,1-6-8,1-6-9,1-7-2,1-7-3,1-7-4,1-7-5,1-7-6,1-7-8,1-7-9,1-8-2,1-8-3,1-8-4,1-8-5,1-8-6,1-8-7,1-8-9,1-9-2,1-9-3,1-9-4,1-9-5,1-9-6,1-9-7,1-9-8,2-1-3,2-1-4,2-1-5,2-1-6,2-1-7,2-1-8,2-1-9,2-3-1,2-3-4,2-3-5,2-3-6,2-3-7,2-3-8,2-3-9,2-4-1,2-4-3,2-4-5,2-4-6,2-4-7,2-4-8,2-4-9,2-5-1,2-5-3,2-5-4,2-5-6,2-5-7,2-5-8,2-5-9,2-6-1,2-6-3,2-6-4,2-6-5,2-6-7,2-6-8,2-6-9,2-7-1,2-7-3,2-7-4,2-7-5,2-7-6,2-7-8,2-7-9,2-8-1,2-8-3,2-8-4,2-8-5,2-8-6,2-8-7,2-8-9,2-9-1,2-9-3,2-9-4,2-9-5,2-9-6,2-9-7,2-9-8,3-1-2,3-1-4,3-1-5,3-1-6,3-1-7,3-1-8,3-1-9,3-2-1,3-2-4,3-2-5,3-2-6,3-2-7,3-2-8,3-2-9,3-4-1,3-4-2,3-4-5,3-4-6,3-4-7,3-4-8,3-4-9,3-5-1,3-5-2,3-5-4,3-5-6,3-5-7,3-5-8,3-5-9,3-6-1,3-6-2,3-6-4,3-6-5,3-6-7,3-6-8,3-6-9,3-7-1,3-7-2,3-7-4,3-7-5,3-7-6,3-7-8,3-7-9,3-8-1,3-8-2,3-8-4,3-8-5,3-8-6,3-8-7,3-8-9,3-9-1,3-9-2,3-9-4,3-9-5,3-9-6,3-9-7,3-9-8,4-1-2,4-1-3,4-1-5,4-1-6,4-1-7,4-1-8,4-1-9,4-2-1,4-2-3,4-2-5,4-2-6,4-2-7,4-2-8,4-2-9,4-3-1,4-3-2,4-3-5,4-3-6,4-3-7,4-3-8,4-3-9,4-5-1,4-5-2,4-5-3,4-5-6,4-5-7,4-5-8,4-5-9,4-6-1,4-6-2,4-6-3,4-6-5,4-6-7,4-6-8,4-6-9,4-7-1,4-7-2,4-7-3,4-7-5,4-7-6,4-7-8,4-7-9,4-8-1,4-8-2,4-8-3,4-8-5,4-8-6,4-8-7,4-8-9,4-9-1,4-9-2,4-9-3,4-9-5,4-9-6,4-9-7,4-9-8,5-1-2,5-1-3,5-1-4,5-1-6,5-1-7,5-1-8,5-1-9,5-2-1,5-2-3,5-2-4,5-2-6,5-2-7,5-2-8,5-2-9,5-3-1,5-3-2,5-3-4,5-3-6,5-3-7,5-3-8,5-3-9,5-4-1,5-4-2,5-4-3,5-4-6,5-4-7,5-4-8,5-4-9,5-6-1,5-6-2,5-6-3,5-6-4,5-6-7,5-6-8,5-6-9,5-7-1,5-7-2,5-7-3,5-7-4,5-7-6,5-7-8,5-7-9,5-8-1,5-8-2,5-8-3,5-8-4,5-8-6,5-8-7,5-8-9,5-9-1,5-9-2,5-9-3,5-9-4,5-9-6,5-9-7,5-9-8,6-1-2,6-1-3,6-1-4,6-1-5,6-1-7,6-1-8,6-1-9,6-2-1,6-2-3,6-2-4,6-2-5,6-2-7,6-2-8,6-2-9,6-3-1,6-3-2,6-3-4,6-3-5,6-3-7,6-3-8,6-3-9,6-4-1,6-4-2,6-4-3,6-4-5,6-4-7,6-4-8,6-4-9,6-5-1,6-5-2,6-5-3,6-5-4,6-5-7,6-5-8,6-5-9,6-7-1,6-7-2,6-7-3,6-7-4,6-7-5,6-7-8,6-7-9,6-8-1,6-8-2,6-8-3,6-8-4,6-8-5,6-8-7,6-8-9,6-9-1,6-9-2,6-9-3,6-9-4,6-9-5,6-9-7,6-9-8,7-1-2,7-1-3,7-1-4,7-1-5,7-1-6,7-1-8,7-1-9,7-2-1,7-2-3,7-2-4,7-2-5,7-2-6,7-2-8,7-2-9,7-3-1,7-3-2,7-3-4,7-3-5,7-3-6,7-3-8,7-3-9,7-4-1,7-4-2,7-4-3,7-4-5,7-4-6,7-4-8,7-4-9,7-5-1,7-5-2,7-5-3,7-5-4,7-5-6,7-5-8,7-5-9,7-6-1,7-6-2,7-6-3,7-6-4,7-6-5,7-6-8,7-6-9,7-8-1,7-8-2,7-8-3,7-8-4,7-8-5,7-8-6,7-8-9,7-9-1,7-9-2,7-9-3,7-9-4,7-9-5,7-9-6,7-9-8,8-1-2,8-1-3,8-1-4,8-1-5,8-1-6,8-1-7,8-1-9,8-2-1,8-2-3,8-2-4,8-2-5,8-2-6,8-2-7,8-2-9,8-3-1,8-3-2,8-3-4,8-3-5,8-3-6,8-3-7,8-3-9,8-4-1,8-4-2,8-4-3,8-4-5,8-4-6,8-4-7,8-4-9,8-5-1,8-5-2,8-5-3,8-5-4,8-5-6,8-5-7,8-5-9,8-6-1,8-6-2,8-6-3,8-6-4,8-6-5,8-6-7,8-6-9,8-7-1,8-7-2,8-7-3,8-7-4,8-7-5,8-7-6,8-7-9,8-9-1,8-9-2,8-9-3,8-9-4,8-9-5,8-9-6,8-9-7,9-1-2,9-1-3,9-1-4,9-1-5,9-1-6,9-1-7,9-1-8,9-2-1,9-2-3,9-2-4,9-2-5,9-2-6,9-2-7,9-2-8,9-3-1,9-3-2,9-3-4,9-3-5,9-3-6,9-3-7,9-3-8,9-4-1,9-4-2,9-4-3,9-4-5,9-4-6,9-4-7,9-4-8,9-5-1,9-5-2,9-5-3,9-5-4,9-5-6,9-5-7,9-5-8,9-6-1,9-6-2,9-6-3,9-6-4,9-6-5,9-6-7,9-6-8,9-7-1,9-7-2,9-7-3,9-7-4,9-7-5,9-7-6,9-7-8,9-8-1,9-8-2,9-8-3,9-8-4,9-8-5,9-8-6,9-8-7
20260824_松戸_1R,20260824,31,松戸,1,112.2,39.4,52.5,224.2,41.6,,,207.0,281.9,676.7,800.1,179.0,,,17.0,73.3,49.2,14.3,20.7,,,88.2,414.7,140.5,629.7,174.6,,,638.6,1079.5,245.5,1138.2,506.6,,,53.7,115.0,46.3,169.1,182.4,,,,,,,,,,,,,,,,,180.6,55.7,76.4,425.7,62.1,,,330.5,294.7,208.9,551.8,128.2,,,88.3,286.0,145.5,277.3,114.0,,,69.9,115.9,85.0,308.4,55.7,,,1301.6,1409.5,847.4,1162.5,702.9,,,59.3,70.8,71.6,66.6,173.2,,,,,,,,,,,,,,,,,488.4,321.5,992.8,1187.9,337.1,,,555.1,412.1,478.1,692.2,164.3,,,476.4,544.0,1015.0,287.8,248.8,,,1346.7,563.2,1536.9,1778.0,788.5,,,1710.9,1353.4,1026.5,1447.0,886.1,,,150.3,77.3,96.9,394.8,194.5,,,,,,,,,,,,,,,,,29.2,107.7,80.6,35.6,29.3,,,81.5,338.7,209.5,247.5,133.3,,,349.2,616.8,1360.2,775.0,444.5,,,189.7,279.8,1214.4,485.7,430.4,,,131.2,363.2,646.1,582.5,250.7,,,76.0,138.9,265.4,347.4,181.1,,,,,,,,,,,,,,,,,207.1,1022.7,234.9,1265.3,373.6,,,135.5,266.4,175.9,463.4,129.0,,,1439.4,693.9,1679.3,3163.3,1143.0,,,305.6,374.2,1395.1,781.7,601.8,,,2989.5,2518.9,3487.7,1985.7,2000.3,,,468.2,291.2,954.5,657.1,1470.5,,,,,,,,,,,,,,,,,1985.7,2833.8,877.5,2925.2,2030.1,,,2518.9,2286.1,1721.8,3056.7,1985.7,,,3443.6,2925.2,1732.7,4250.7,2045.4,,,809.6,1478.5,1971.3,1971.3,1277.2,,,3942.7,3942.7,4610.9,2693.5,2590.9,,,2542.4,2286.1,2345.2,1511.3,2590.9,,,,,,,,,,,,,,,,,52.5,133.1,43.6,200.1,195.8,,,49.9,41.8,50.7,63.7,109.3,,,72.8,38.4,50.1,221.3,111.6,,,49.7,69.9,101.3,217.1,105.3,,,293.4,131.2,431.8,391.9,816.9,,,628.2,397.7,585.0,441.6,860.9,,,,,,,,,,,,,,,,,,,,,,,,,,,,,,,,,,,,,,,,,,,,,,,,,,,,,,,,,,,,,,,,,,,,,,,,,,,,,,,,,,,,,,,,,,,,,,,,,,,,,,,,,,,,,,,,,,,,,,,,,,,,,,,,
20260824_松戸_2R,20260824,31,松戸,2,146.4,133.4,217.5,420.3,247.4,,,85.1,66.7,284.6,138.6,266.2,,,63.1,51.8,178.3,111.7,106.6,,,567.4,651.6,576.3,1211.8,1089.6,,,592.1,402.7,405.2,919.6,1085.1,,,261.4,284.0,197.5,745.2,971.3,,,,,,,,,,,,,,,,,147.7,133.5,150.8,452.6,240.3,,,93.8,66.5,40.4,134.8,88.7,,,114.2,98.6,85.5,343.5,151.7,,,73.9,34.1,68.3,42.8,48.7,,,601.7,322.5,585.4,135.7,569.9,,,137.8,79.7,111.1,33.3,280.6,,,,,,,,,,,,,,,,,41.3,32.9,107.7,58.2,114.2,,,43.1,41.3,23.6,58.0,59.6,,,34.4,48.8,86.0,74.6,104.9,,,203.2,87.4,169.1,113.7,272.9,,,47.3,34.6,53.4,55.7,106.1,,,157.5,96.3,151.8,234.0,202.6,,,,,,,,,,,,,,,,,35.1,37.3,78.6,54.3,80.9,,,93.1,98.5,86.1,339.0,160.9,,,65.2,72.7,153.0,191.3,180.6,,,433.6,279.7,419.6,491.1,686.0,,,312.8,380.8,395.3,548.2,1017.0,,,164.9,126.7,221.0,464.7,743.1,,,,,,,,,,,,,,,,,598.9,783.5,839.2,1481.9,1223.3,,,281.8,137.3,273.8,200.4,200.1,,,524.9,184.8,453.3,394.7,623.4,,,673.6,402.0,470.6,762.7,894.2,,,1184.2,512.5,643.5,1085.1,769.5,,,1054.2,409.0,700.9,1094.2,953.4,,,,,,,,,,,,,,,,,978.6,700.9,1089.6,1440.7,1764.2,,,1037.3,649.9,1178.8,563.7,1265.0,,,482.0,384.2,535.8,562.5,836.5,,,847.5,888.1,858.7,1195.1,1788.5,,,1813.5,1067.2,1122.6,1401.8,1200.6,,,2315.5,1651.8,1481.9,1949.9,1229.1,,,,,,,,,,,,,,,,,380.2,532.5,275.6,1240.8,1562.3,,,260.3,206.4,218.6,92.5,661.5,,,454.1,240.1,382.5,556.5,900.4,,,216.2,277.9,295.3,734.6,1054.2,,,1552.9,280.0,919.6,1005.2,1029.1,,,1813.5,1343.7,1296.7,1525.5,876.1,,,,,,,,,,,,,,,,,,,,,,,,,,,,,,,,,,,,,,,,,,,,,,,,,,,,,,,,,,,,,,,,,,,,,,,,,,,,,,,,,,,,,,,,,,,,,,,,,,,,,,,,,,,,,,,,,,,,,,,,,,,,,,,,
20260824_松戸_3R,20260824,31,松戸,3,182.1,72.9,179.1,458.3,41.6,,,287.6,210.4,272.8,657.9,214.7,,,49.4,91.0,58.6,364.2,32.2,,,336.6,362.0,182.1,945.0,242.3,,,956.1,899.8,1032.7,1242.4,956.1,,,36.0,128.0,46.7,99.7,452.4,,,,,,,,,,,,,,,,,139.3,67.0,144.5,291.0,33.6,,,239.0,359.4,296.3,333.0,97.4,,,114.5,299.5,285.6,584.1,77.1,,,306.7,414.1,389.1,755.4,111.2,,,732.8,492.4,1059.5,890.0,270.1,,,11.2,21.1,19.6,17.3,83.4,,,,,,,,,,,,,,,,,340.9,324.1,391.0,728.4,259.8,,,366.9,635.7,455.8,530.9,153.6,,,695.3,956.1,772.1,1032.7,565.2,,,468.0,469.8,585.5,561.3,307.4,,,645.8,513.1,728.4,441.0,406.5,,,226.4,129.2,358.3,235.8,490.5,,,,,,,,,,,,,,,,,161.5,274.7,211.9,644.1,116.8,,,208.6,799.8,602.8,1160.0,160.7,,,737.2,1068.8,1112.5,1301.9,687.5,,,443.4,886.8,1149.1,1382.8,668.7,,,1631.7,1882.8,1631.7,1688.0,1826.6,,,236.9,245.2,555.0,458.3,1073.5,,,,,,,,,,,,,,,,,458.3,622.8,237.1,1097.6,357.8,,,281.0,536.7,334.8,797.2,125.2,,,547.5,533.2,640.7,717.7,402.5,,,371.4,691.4,810.4,1050.5,510.9,,,1431.3,1171.1,826.9,1193.9,488.5,,,208.4,105.5,376.5,260.3,507.8,,,,,,,,,,,,,,,,,1171.1,1223.8,1510.9,1897.4,1786.6,,,1092.7,797.2,1786.6,1501.6,492.4,,,807.8,562.6,824.1,539.1,639.0,,,2128.4,2497.6,1868.4,1989.9,2245.5,,,1912.2,1688.0,1171.1,1539.4,852.8,,,1653.8,527.5,1032.7,1699.7,802.5,,,,,,,,,,,,,,,,,30.1,133.5,66.6,107.8,408.6,,,10.7,21.3,19.6,13.8,85.4,,,184.3,82.4,302.9,192.1,403.2,,,139.0,93.0,319.9,271.9,762.5,,,151.3,54.3,209.3,226.2,406.5,,,923.6,233.3,557.5,1138.4,367.5,,,,,,,,,,,,,,,,,,,,,,,,,,,,,,,,,,,,,,,,,,,,,,,,,,,,,,,,,,,,,,,,,,,,,,,,,,,,,,,,,,,,,,,,,,,,,,,,,,,,,,,,,,,,,,,,,,,,,,,,,,,,,,,,
20260824_松戸_4R,20260824,31,松戸,4,705.2,702.2,1574.7,1740.2,599.6,1197.7,305.5,914.8,1992.9,850.1,2610.3,939.9,1861.6,561.7,886.1,1679.4,3098.7,2842.0,1549.3,2792.4,640.4,2463.1,1464.3,3723.3,4288.4,2079.2,4406.5,1601.0,2514.7,2808.8,2808.8,4488.8,2488.6,3505.9,799.1,540.8,503.4,1114.4,1188.8,1960.4,1356.8,291.6,3159.9,1442.3,2825.3,3245.3,4447.3,3118.8,1200.7,130.5,175.1,232.2,320.4,337.5,135.6,394.3,553.9,364.4,1030.7,1234.7,440.2,1312.3,265.9,510.9,199.9,189.9,1009.0,233.1,356.8,257.1,122.0,69.3,258.5,268.0,46.8,238.9,46.7,1482.4,536.0,884.5,3180.8,897.7,1840.2,1002.7,1392.2,1260.6,645.5,2653.6,841.1,1715.3,649.0,249.6,138.5,70.6,358.1,480.3,417.6,93.9,1291.1,453.5,441.8,1174.3,1721.5,637.8,722.2,102.0,168.1,97.8,471.3,331.9,111.3,463.1,1127.4,1968.4,555.2,2413.6,1162.9,1132.8,655.2,724.4,411.5,286.0,1364.5,363.0,446.7,389.2,1491.6,580.0,751.6,2488.6,887.8,1037.3,1101.6,371.7,246.3,585.7,1188.8,192.8,114.3,251.2,2624.6,1778.9,2668.3,1792.1,1847.3,2009.6,1263.9,726.6,385.7,690.0,231.5,1442.3,417.2,415.8,473.2,300.9,606.4,52.7,1086.6,305.5,276.0,350.8,448.4,998.5,271.3,970.3,463.1,464.0,535.4,1606.3,2438.1,2115.8,938.1,1921.2,448.0,208.9,129.1,295.9,419.4,79.6,350.3,86.6,1326.8,468.5,590.0,2001.2,862.3,1160.1,956.7,4002.5,1496.2,1721.5,3842.4,2554.8,4406.5,3406.4,2153.8,891.1,2377.7,3267.4,1628.1,1740.2,1099.1,676.4,208.2,680.3,1096.5,1341.6,1277.4,360.0,2203.2,815.4,871.7,2792.4,2043.8,1778.9,1913.5,223.3,172.9,561.1,1455.4,821.0,367.4,1162.9,3505.9,2223.6,3335.4,5278.1,2653.6,4036.2,2514.7,2928.7,1157.3,2193.1,4327.1,1765.8,3118.8,2377.7,1084.2,769.7,1639.2,3202.0,590.7,424.6,836.7,5278.1,2893.4,2792.4,4447.3,3666.4,5278.1,4901.1,5929.7,6237.7,4366.4,4574.3,2052.6,6237.7,5857.4,2653.6,1921.2,879.6,2760.3,2070.2,2377.7,2052.6,3969.4,2639.0,539.0,5336.7,6237.7,2463.1,3078.9,1590.4,3098.7,1188.8,4288.4,4213.2,2287.1,3723.3,1833.2,2193.1,2527.9,4105.2,2163.5,3312.4,769.7,1746.5,1270.6,982.2,2683.2,972.2,2052.6,841.1,2668.3,1883.5,2514.7,2298.1,1960.4,2744.6,1388.1,2858.9,1138.1,2541.3,3312.4,2183.2,2163.5,1595.7,4574.3,5584.9,4663.1,4618.3,2106.6,5929.7,5396.7,2213.4,1135.4,1792.1,1992.9,1263.9,2401.5,994.4,3873.4,2624.6,2514.7,2276.3,4851.6,2729.0,1921.2,180.1,508.2,481.7,976.2,1477.8,638.7,1280.8,353.1,436.2,611.8,514.8,1002.7,966.4,239.0,211.5,137.6,80.8,253.1,460.0,361.4,88.2,339.4,203.7,288.1,118.3,906.2,295.3,205.7,359.2,141.2,300.0,517.0,1030.7,899.4,222.0,769.7,513.1,310.8,980.2,1337.9,881.3,534.2,1206.8,992.3,1294.6,1455.4,1146.3,1805.6,623.7,879.6,461.3,190.9,1099.1,501.8,1656.2,522.0,73.7,98.9,144.1,171.2,240.2,305.9,408.4,1721.5,708.4,2425.8,1334.1,3723.3,1617.2,787.3,1122.2,243.9,479.3,653.4,1968.4,576.6,622.9,238.0,125.1,368.3,35.1,782.2,132.3,126.4,2413.6,506.6,737.8,2413.6,1812.4,1691.2,1574.7,1534.5,1138.1,208.5,3118.8,4070.4,1046.4,1291.1,3723.3,2298.1,1442.3,1819.3,3638.7,2061.4,850.1,1455.4,634.4,236.8,1569.6,526.6,2115.8,782.2,216.6,408.4,168.8,1429.4,660.6,988.2,509.3,20.7,33.0,49.9,69.9,54.7,25.5,108.9,46.4,98.4,88.9,232.3,207.8,71.3,258.9,108.8,206.5,559.1,125.6,486.6,238.8,366.9,109.7,119.2,307.8,848.6,368.6,214.6,738.9,280.7,545.1,330.1,1384.1,1294.6,536.6,1294.6,67.0,188.5,233.7,348.5,731.0,270.5,460.0,62.1,91.8,152.0,207.4,291.6,263.1,379.3,169.0,358.1,200.3,1013.3,761.1,495.6,393.0
20260824_松戸_5R,20260824,31,松戸,5,734.0,1124.0,216.2,1332.1,244.0,1425.5,882.2,1246.9,2226.6,583.7,667.0,1032.2,2216.0,1240.3,2033.0,2583.3,1291.6,3036.3,1302.4,3056.1,3801.5,124.0,182.2,343.0,258.7,104.8,196.3,257.2,3596.8,2135.1,4496.1,1484.4,2641.7,3896.6,4030.9,364.7,613.6,545.6,259.9,1408.4,1367.2,1166.0,2435.3,2626.9,2750.5,608.0,3363.9,2050.8,3515.7,1508.3,1166.0,2799.9,907.9,2500.5,1523.1,2886.3,668.9,808.9,215.3,1183.7,246.1,1092.5,850.1,560.6,531.3,265.8,220.1,142.3,1267.1,236.8,867.5,504.9,402.0,1404.1,142.9,1601.3,1003.4,115.7,215.5,314.6,452.2,92.7,232.9,370.8,2868.6,972.1,2337.9,1538.1,1097.6,4584.2,2766.8,81.8,41.1,16.9,32.6,229.7,176.2,66.4,1652.2,1543.2,2078.2,397.9,2978.3,658.5,1399.9,704.2,180.3,656.7,447.8,1105.4,179.3,966.1,1146.0,1601.3,587.4,649.4,964.1,2164.7,1043.7,824.6,754.1,402.0,299.9,276.5,1612.3,327.4,2125.4,1429.9,1157.4,1034.5,999.1,4066.0,1508.3,382.6,414.1,713.8,215.1,383.2,615.2,241.4,602.5,288.4,491.1,214.7,229.7,827.6,100.3,686.6,255.2,397.6,333.0,230.6,1171.9,304.6,2337.9,2361.5,3202.7,804.8,1233.7,2069.0,1533.0,395.9,198.9,554.6,113.2,46.6,116.1,678.6,2555.1,4289.8,2349.7,4870.7,1399.9,4101.7,5566.6,1612.3,1601.3,1425.5,2886.3,345.5,2978.3,2541.2,4289.8,2078.2,2922.4,2868.6,1484.4,6979.0,4250.8,2361.5,1932.2,2569.2,4453.2,1320.8,4370.0,4411.2,5374.6,4138.0,4138.0,6234.6,4723.1,9999.9,8992.2,933.3,256.0,723.8,684.6,1848.2,1900.7,1124.0,5501.1,5374.6,8501.7,5918.9,9999.9,4629.6,9999.9,6234.6,3929.3,4922.0,5501.1,7793.2,2397.9,8992.2,65.4,98.6,220.1,165.6,57.0,109.1,161.2,110.3,259.0,443.6,528.3,90.6,275.2,389.3,235.2,407.3,704.2,272.3,375.5,500.1,351.3,706.3,1230.5,1298.8,1940.2,818.9,1833.7,2237.2,688.6,1060.3,800.6,1916.3,950.3,1623.5,1634.9,116.5,119.7,254.9,267.3,561.3,412.3,443.2,90.2,203.9,220.8,625.9,550.7,211.4,462.0,436.1,631.0,334.2,1548.3,1115.9,678.6,874.0,4870.7,3832.7,6234.6,3832.7,5772.7,5994.8,5844.9,5772.7,2269.8,4496.1,5501.1,2750.5,7306.1,5253.8,3569.4,2373.5,3036.3,1646.4,2050.8,5844.9,937.0,8349.9,4212.5,3801.5,6494.3,6234.6,9999.9,8822.5,3653.0,4771.3,2718.5,6234.6,3864.4,6876.3,5702.3,5437.1,2959.4,2718.5,3929.3,3801.5,9351.9,6234.6,7541.8,7665.4,8501.7,9999.9,6776.7,9741.5,9168.5,6585.8,5501.1,1230.5,8822.5,4974.4,6979.0,8501.7,205.1,446.1,296.1,218.5,1253.6,1198.9,722.7,60.0,25.7,11.7,23.4,178.8,127.4,40.9,387.0,86.4,149.2,212.3,222.6,924.1,177.5,198.0,32.7,83.8,91.9,291.3,394.2,128.3,139.4,69.3,170.0,116.3,516.1,361.0,343.3,1956.4,695.8,840.9,904.4,842.5,2978.3,2226.6,1332.1,422.3,1192.8,663.2,462.9,2569.2,1140.4,568.1,99.2,137.5,149.1,289.8,944.6,877.2,3096.6,3316.2,3740.7,608.8,4870.7,2799.9,4974.4,2671.9,2718.5,2041.8,662.3,5501.1,1157.4,2487.2,2766.8,3542.3,4453.2,935.1,1972.9,3316.2,2718.5,4820.5,4922.0,6776.7,5437.1,9999.9,4250.8,9999.9,156.8,378.9,327.4,1007.7,960.1,319.8,857.9,6494.3,7925.3,6776.7,9999.9,3996.5,8822.5,6876.3,2385.6,833.5,2205.6,1171.9,679.6,5437.1,2422.7,4539.7,3076.2,2303.4,7306.1,1719.0,6072.6,3016.7,1425.5,1148.8,2671.9,677.6,2185.0,1332.1,3117.3,990.6,226.8,992.7,502.7,1513.2,243.2,1421.2,371.1,185.3,564.0,115.5,62.8,102.5,900.9,3653.0,2096.8,2164.7,2385.6,4370.0,1429.9,6679.9,420.8,612.0,309.4,1688.0,840.9,483.5,909.7,3740.7,2069.0,432.5,3515.7,1694.1,1725.4,4370.0,810.3,225.7,198.8,283.5,397.2,1018.7,1363.2,3542.3,2448.1,2087.4,5918.9,1217.6,4723.1,1757.8
20260824_松戸_6R,20260824,31,松戸,6,375.6,707.7,423.8,1587.9,894.3,434.9,742.8,167.3,121.6,68.7,74.3,123.0,168.0,33.5,611.6,135.9,174.6,774.1,115.1,522.6,354.9,139.9,43.3,98.1,229.1,101.9,140.1,111.1,1891.0,382.8,2117.2,941.9,1423.7,2252.0,900.8,706.7,191.1,192.5,210.6,796.5,668.6,502.9,203.7,177.1,417.3,235.7,1199.6,534.4,430.8,517.7,51.2,299.0,167.0,441.1,309.6,298.1,1270.3,2607.6,1553.1,3590.2,2192.2,1226.3,2014.0,924.3,1190.9,1267.1,864.6,1629.7,835.4,726.4,2831.1,2211.8,3077.3,5107.7,1613.8,1788.6,4028.0,2090.4,2381.9,4763.9,3840.6,2621.4,1958.2,4128.7,5160.9,2117.2,6193.0,4545.3,4630.3,4128.7,4198.7,2405.0,1808.2,1635.1,2464.9,3725.1,2514.9,3196.4,654.4,523.1,899.1,910.7,1624.4,1007.0,736.1,2126.3,1126.0,2315.1,3513.8,3416.8,2752.4,1220.3,172.2,128.1,67.0,74.6,97.6,163.5,25.4,392.9,609.4,536.1,384.6,548.0,387.6,219.0,188.9,598.3,387.3,231.8,208.4,576.1,108.4,208.6,536.7,628.7,285.3,427.1,616.9,163.6,115.0,231.9,205.5,170.6,162.9,229.9,47.1,211.4,466.0,251.1,334.0,220.6,416.6,115.2,271.4,269.4,541.4,571.4,268.0,372.2,110.7,16.8,63.6,52.7,50.5,15.2,37.9,51.4,1380.0,323.3,468.2,1440.2,276.6,1519.7,801.6,1801.6,1238.6,2692.6,3489.0,1027.8,1368.6,2014.0,346.2,536.1,988.9,408.7,168.8,912.4,219.1,2005.8,3440.6,2055.7,2949.0,1685.1,4198.7,3393.4,2863.8,3669.9,1361.1,3302.9,1997.7,4198.7,2914.3,221.3,366.9,113.1,438.8,679.6,526.5,263.3,1515.1,1293.5,1045.2,4423.6,4308.2,1128.5,2428.6,971.4,769.3,305.8,2452.7,1891.0,391.3,1696.7,696.8,310.2,867.6,1328.2,643.4,887.8,519.8,1769.4,2211.8,3393.4,3440.6,3196.4,2221.7,3259.5,589.1,1708.4,1795.1,973.3,1321.1,1855.6,736.1,2252.0,4954.4,2607.6,3347.6,2767.8,6351.8,4763.9,2966.7,3616.4,1133.7,3347.6,1981.7,4545.3,3489.0,1981.7,3616.4,1905.5,2580.4,2452.7,4198.7,3039.5,1869.6,1973.8,2428.6,6116.6,5004.5,4423.6,3135.7,1196.7,3870.6,973.3,3901.1,2880.5,2440.6,2831.1,4763.9,1091.2,5385.3,3932.1,4346.0,7077.8,2464.9,6519.0,1981.7,6695.2,6042.0,4763.9,5969.2,5761.0,747.2,1286.8,920.9,1043.0,922.6,984.9,345.7,8122.0,7622.2,2108.2,4271.1,3669.9,8257.4,7180.4,5444.4,6605.9,2304.4,4545.3,2880.5,5694.8,4810.1,5004.5,5270.7,1673.8,3370.3,2984.6,5270.7,4028.0,7285.9,4674.0,2182.5,7285.9,4857.3,5969.2,3811.1,2428.6,4308.2,550.4,4028.0,3302.9,3155.7,2567.0,1487.8,460.8,444.3,929.5,1981.7,1920.3,920.9,1814.8,1331.8,1000.9,1997.7,3217.1,1529.1,2272.6,399.8,969.5,351.8,887.8,593.3,971.4,349.3,263.1,625.5,209.6,755.2,907.4,786.4,423.0,1950.5,2707.3,1593.0,1905.5,2315.1,3281.1,2752.4,2649.4,3538.9,1220.3,2099.3,1303.8,3564.3,2649.4,1920.3,1834.9,1276.9,1399.5,2984.6,3590.2,1702.5,998.8,1920.3,493.4,909.0,1898.2,2201.9,1538.6,381.1,361.6,1065.4,386.1,1635.1,1011.1,720.1,275.8,140.8,331.6,449.5,589.8,408.1,296.8,393.5,264.2,573.4,661.4,339.3,548.6,204.1,1331.8,943.7,790.1,3416.8,3370.3,960.1,1750.6,1732.3,1635.1,1696.7,3870.6,2707.3,2880.5,2553.8,3302.9,1357.3,1025.7,3963.5,2405.0,3393.4,1920.3,1303.8,1051.9,800.4,1168.5,1720.3,2182.5,1235.5,828.5,506.5,188.0,1431.9,1920.3,1376.2,676.8,749.5,83.5,505.0,218.7,496.4,387.0,503.5,1247.9,383.1,1834.9,1470.1,1543.4,696.8,456.6,43.0,110.1,66.5,111.9,16.5,77.6,76.0,757.5,1795.1,273.8,1335.4,1364.8,355.9,1300.3,649.3,2337.0,517.1,1912.9,1310.7,1483.3,2047.3,1049.6,1572.8,205.9,1543.4,1303.8,1154.8,1254.2,816.2,1465.8,303.9,537.3,1241.7,1328.2,1131.1,765.7,283.1,206.8,1229.3,1427.8,1079.4,495.9
20260824_松戸_7R,20260824,31,松戸,7,478.9,230.5,85.4,228.1,117.1,585.8,158.2,946.0,2036.7,1120.0,2167.9,756.0,3841.2,933.6,258.1,1094.3,194.8,664.7,247.2,219.5,272.9,54.7,249.4,133.5,25.3,49.2,398.5,61.2,328.7,1277.5,704.8,109.3,412.3,1490.4,566.1,168.8,133.4,355.2,122.3,389.0,891.4,61.8,1079.8,3366.7,757.0,1086.0,2235.7,1050.1,1369.2,108.9,315.8,240.6,71.2,321.9,35.0,719.9,761.0,422.3,182.8,436.9,206.9,907.0,243.0,1506.1,1530.3,1933.5,1782.9,779.7,2521.3,1277.5,474.5,835.5,414.1,520.7,375.0,230.8,490.8,307.0,1379.1,561.6,407.6,584.0,955.4,698.8,726.3,1723.9,997.1,667.0,1413.1,1834.4,1441.6,319.5,281.1,479.3,502.4,1038.7,917.2,144.4,1423.7,1870.3,451.7,1054.0,1289.0,963.5,1321.8,275.4,532.9,484.6,570.0,918.6,113.5,978.3,2159.7,3427.1,2029.5,3867.1,1482.7,5503.2,1953.3,2384.7,1973.5,2738.4,2687.0,1255.1,3532.9,1673.5,3468.7,2176.2,3765.3,2521.3,1448.9,4002.3,2073.6,2778.3,2725.4,4369.0,4542.3,2384.7,4177.6,4088.1,5020.5,3127.5,4147.3,4059.1,3308.3,7949.1,3197.4,1356.2,1057.9,1312.7,1750.2,1920.6,2625.4,316.7,6503.8,4088.1,4436.7,5399.4,8671.8,4402.6,6359.3,1612.2,1518.1,2096.4,2764.9,2280.2,472.2,3489.8,264.2,980.0,219.3,555.6,290.9,249.6,345.4,278.1,530.4,259.8,292.9,197.0,131.7,317.6,1920.6,970.0,1744.9,1663.7,739.4,1222.9,1098.5,294.4,280.4,865.8,369.9,447.4,280.9,668.6,697.1,472.6,1306.7,626.1,687.0,460.4,860.6,393.3,246.3,299.0,534.3,682.1,276.6,186.6,116.5,61.5,322.0,119.9,201.3,88.8,164.0,278.7,312.5,596.1,622.1,626.1,144.2,313.2,192.5,825.8,372.8,113.8,248.6,975.0,274.6,253.4,1486.5,497.6,340.8,750.1,1471.3,846.6,1907.8,2280.2,3645.4,3668.8,1840.3,4088.1,3270.5,739.4,827.0,2477.6,868.4,1399.3,1142.3,1448.9,240.7,313.7,1486.5,449.9,624.1,1460.0,950.7,657.1,908.4,1286.1,1530.3,1100.6,2613.4,710.1,2499.3,2384.7,3867.1,2336.0,3028.2,2791.9,4208.3,491.2,869.8,1914.1,1572.3,1000.5,529.4,3233.5,729.0,2435.4,1353.0,467.9,1052.0,2876.0,1635.2,545.0,1782.9,677.3,531.9,1559.5,2425.1,1678.4,5348.9,2980.9,3327.5,5064.9,3386.6,7432.9,3668.8,1840.3,1263.4,2601.5,1340.3,2326.5,1927.0,1603.1,365.7,457.5,2280.2,641.6,1075.8,2119.7,1506.1,2905.2,2738.4,3028.2,3077.1,1870.3,5348.9,2374.8,4769.5,3765.3,5666.7,2687.0,4578.7,5666.7,7065.9,1994.2,1788.5,2649.7,1703.3,1870.3,1663.7,6024.6,306.8,348.5,575.2,348.9,983.4,1471.3,124.6,307.5,264.3,428.7,523.6,965.1,871.1,120.6,456.4,282.9,498.1,612.7,1115.6,1182.5,82.6,756.0,419.2,569.4,1151.5,1423.7,733.7,265.2,559.4,839.2,824.6,1340.3,1133.3,2044.0,478.9,2374.8,1987.2,1782.9,2613.4,1269.0,3765.3,1182.5,2965.4,1766.4,1895.1,1399.3,2699.7,4059.1,885.9,56.5,47.0,22.9,97.9,126.1,287.3,245.3,2778.3,5840.2,1204.9,2965.4,5064.9,2819.4,3692.5,2298.5,2637.5,490.8,1858.2,2725.4,1644.6,2127.6,6733.4,4402.6,3289.3,5020.5,6979.7,4691.3,6221.0,357.0,214.1,911.3,514.2,801.5,306.8,590.0,3386.6,2384.7,4653.1,1994.2,3427.1,2791.9,4891.8,5556.7,3841.2,5203.0,2435.4,4653.1,5299.4,5110.1,3347.0,2209.8,2394.7,1269.0,2404.7,4976.8,1788.5,3366.7,2253.3,3289.3,1086.0,4208.3,3645.4,1463.7,106.7,247.7,193.6,68.4,358.6,45.1,612.1,158.4,253.9,270.4,263.2,543.0,76.8,651.1,539.4,439.9,759.0,764.1,1075.8,164.4,1502.2,247.3,260.2,454.5,446.0,527.5,148.9,279.8,141.8,356.3,630.3,631.7,452.0,168.1,1194.8,814.1,800.4,856.7,752.0,815.3,675.7,1572.3,29.1,30.4,14.4,67.8,57.4,174.6,180.0,1542.6,1071.7,2044.0,700.5,1973.5,1888.9,525.0
20260824_松戸_8R,20260824,31,松戸,8,227.1,453.8,42.9,450.2,93.8,76.5,288.3,605.8,1118.3,416.6,1051.1,462.1,190.5,931.9,933.5,981.0,619.2,747.5,762.8,564.2,1584.1,35.5,146.7,302.1,226.7,65.4,40.7,85.5,767.0,995.0,392.6,452.7,579.4,290.9,1419.2,68.3,134.9,290.4,41.9,295.8,27.0,268.7,49.9,22.2,151.1,25.7,101.3,29.7,144.0,727.1,1094.3,2078.7,382.2,2004.2,718.7,526.5,342.0,514.4,48.6,471.4,111.7,110.7,256.0,2359.4,4583.5,1863.9,3308.8,3177.2,2912.4,4142.1,1079.5,3430.6,766.0,1218.2,1699.6,2410.3,2192.9,20.4,263.7,160.1,189.0,62.9,108.0,31.3,967.4,2650.2,789.8,599.9,1218.2,1553.3,1908.5,182.8,1092.1,1285.5,203.6,904.8,618.5,693.7,376.3,1285.5,2018.7,490.9,1515.4,884.8,1141.2,775.5,2565.1,1544.7,346.4,1731.2,1172.3,1234.4,3516.9,4334.8,1630.3,3965.9,2339.7,737.7,4621.4,3678.9,5482.3,3195.4,4268.6,4738.9,5429.0,7357.8,6012.8,5648.4,4621.4,4473.5,5886.2,9641.3,9999.9,1982.9,3089.4,5130.2,7876.0,4438.0,2485.3,4862.5,5824.9,4905.2,3910.4,5591.9,4948.6,7262.2,6502.2,2754.6,5886.2,5706.0,4236.3,6657.0,3856.5,7988.5,758.7,4403.1,5037.8,3106.6,5824.9,3994.2,5536.5,5764.9,7660.2,9999.9,6012.8,8603.0,6989.9,6657.0,2078.7,3141.5,1584.1,1483.2,1659.3,1889.1,4546.3,2102.2,5083.6,1736.6,2245.7,3584.5,4509.6,4621.4,7357.8,5706.0,5706.0,4142.1,5886.2,9999.9,9999.9,1699.6,1611.5,4546.3,1285.5,4301.5,4052.1,2463.4,610.4,919.7,1363.8,538.2,1433.8,891.8,1491.1,2810.0,3830.1,4659.9,4905.2,3430.6,8104.2,8104.2,2810.0,5429.0,6737.3,4473.5,3270.1,8737.4,7556.7,6578.7,5886.2,8346.2,4236.3,4948.6,7556.7,9999.9,29.5,228.8,279.7,246.6,73.4,58.4,52.8,14.9,204.3,115.3,116.2,45.8,78.4,15.4,987.9,900.4,2530.2,3251.1,2291.7,1540.4,1223.6,756.6,541.8,2102.2,788.7,1659.3,1694.5,786.4,498.3,327.0,1544.7,456.1,868.3,866.9,471.4,120.4,118.8,900.4,921.2,630.4,410.5,215.5,197.3,255.8,715.0,1118.3,986.2,608.4,400.8,71.2,53.7,449.8,263.3,293.3,230.8,193.2,496.6,1300.4,317.1,329.3,662.5,331.6,1199.9,975.9,2126.2,982.7,528.0,1394.5,1532.0,2236.7,4142.1,3910.4,2441.9,4546.3,4820.6,4173.1,5706.0,221.1,363.5,747.5,196.7,740.6,358.4,704.2,331.4,366.4,1649.5,326.6,1005.7,548.7,686.9,1731.2,1758.4,3856.5,1720.6,1710.0,2701.4,4301.5,1029.8,2033.4,2399.9,1467.7,1487.2,2518.9,2958.7,3141.5,3631.1,5130.2,3141.5,2201.5,6427.5,3607.7,196.8,534.0,766.0,112.4,944.5,84.1,653.2,296.3,1839.4,1792.2,295.5,1593.1,889.0,1234.4,2040.8,4438.0,4438.0,2838.5,5429.0,3022.6,5275.4,1928.2,3055.7,4583.5,3106.6,3177.2,5376.8,5764.9,211.5,233.6,1452.4,1764.0,1288.4,654.0,421.0,1625.5,2175.8,3703.2,1955.2,1562.0,3654.8,4438.0,488.8,1265.1,1503.2,2943.1,986.2,2990.3,1915.0,1962.0,2263.9,4659.9,5429.0,1815.5,6903.6,3308.8,258.1,81.2,452.4,124.6,385.1,199.9,446.6,559.1,1553.3,1827.4,711.4,2086.5,1460.0,1803.8,458.3,2033.4,2714.5,1172.3,2625.3,1742.0,2675.5,1934.9,4142.1,4052.1,3348.4,3177.2,5648.4,7078.4,346.2,581.2,1043.2,2033.4,1611.5,1218.2,1059.0,1143.5,2754.6,2768.2,2410.3,2142.5,3195.4,3883.3,494.8,1444.9,1415.6,3965.9,1094.3,2824.2,2637.7,1544.7,2882.4,2912.4,5226.1,1921.6,5275.4,3856.5,2379.5,3804.0,3830.1,1047.1,4236.3,2496.4,2219.0,1921.6,4583.5,3727.9,670.4,3910.4,2688.4,2838.5,4948.6,9985.6,9999.9,6502.2,9319.9,6427.5,7357.8,9019.2,8346.2,9999.9,4905.2,6012.8,7357.8,9999.9,741.6,570.6,3607.7,2310.7,2192.9,1630.3,1405.0,7876.0,6819.4,7766.6,6657.0,4236.3,9999.9,8223.4,2576.9,2943.1,5083.6,5948.8,2263.9,7988.5,4301.5,3328.5,5037.8,6502.2,9019.2,2974.4,9985.6,4403.1
20260824_松戸_9R,20260824,31,松戸,9,450.4,1482.8,678.1,1450.2,164.1,836.3,154.8,685.2,639.4,902.6,1380.4,433.5,2784.2,183.8,3999.1,1923.8,4312.8,4284.8,2749.4,5839.5,2062.0,956.3,1010.5,2299.1,929.3,917.7,1713.9,281.5,3299.3,2088.1,4124.1,2356.6,2081.6,7672.8,1018.3,72.6,243.2,1054.1,373.2,599.3,795.9,54.8,2567.5,3566.8,5639.8,3881.5,4816.5,2693.3,1754.9,54.5,52.5,382.5,24.2,167.5,24.7,413.9,574.2,1853.5,674.7,1687.6,206.0,539.1,222.1,637.5,941.3,1019.8,1256.8,285.2,633.2,450.1,3054.9,1783.4,3707.1,3509.9,1219.7,2283.2,2170.6,1469.6,2036.6,3419.0,2682.3,870.5,1890.7,939.9,3605.8,2567.5,4924.3,4341.2,1431.3,2932.7,2738.0,67.0,91.0,352.6,233.4,284.3,47.2,33.9,599.8,605.3,1281.2,1191.0,1129.9,170.2,396.3,161.3,338.0,1005.8,301.7,983.4,109.2,323.9,1120.3,1363.3,1745.6,2608.1,847.0,3013.0,367.8,772.6,548.0,1322.3,1306.6,345.2,616.6,416.0,968.9,393.0,989.3,607.6,462.0,850.3,390.4,2919.7,2844.2,2784.2,4679.9,2660.7,3349.5,1848.3,2453.0,3069.1,1593.8,4458.5,2682.3,3250.5,1975.6,740.5,352.3,937.3,1366.1,1879.9,1709.5,471.6,3814.2,2184.9,3770.6,4284.8,6225.1,3026.9,3013.0,281.8,396.3,463.0,494.6,987.8,355.7,775.4,5453.4,4428.6,6598.6,9997.9,2772.5,7672.8,2999.3,4257.2,2760.9,6945.9,6284.4,2704.3,5155.2,4713.3,2772.5,1641.4,2894.1,1428.2,1769.0,4073.2,1674.7,9999.9,7672.8,5737.9,5737.9,8569.7,9848.7,4023.5,9426.6,6945.9,2796.0,6109.8,7251.2,9999.9,8146.5,3836.4,2660.7,2682.3,5998.7,6802.7,8917.1,4341.2,9703.9,7763.1,9164.8,9999.9,9999.9,9999.9,9848.7,3218.8,5237.0,3749.2,3881.5,7019.8,4150.1,8798.2,2121.7,2518.5,4073.2,2972.3,2156.4,3858.8,824.8,2163.4,4176.3,5237.0,4176.3,1987.5,4614.4,1617.3,4048.2,4202.9,4369.9,7019.8,3547.6,6109.8,2784.2,9703.9,9848.7,6053.8,4679.9,9426.6,9999.9,5408.7,5453.4,7095.3,6873.6,5278.9,3951.3,8459.8,4229.9,2017.9,1769.0,2868.9,5278.9,3728.0,4428.6,1076.4,6109.8,6945.9,6406.4,9999.9,9999.9,7672.8,4961.4,616.6,1088.8,1472.9,2425.9,1918.2,847.0,2567.5,6945.9,6533.3,9999.9,7763.1,5364.7,9999.9,2399.5,7251.2,3665.9,8798.2,9164.8,3299.3,7414.2,5839.5,3605.8,4646.9,1764.3,8569.7,4341.2,4369.9,2919.7,9999.9,7251.2,2894.1,5944.7,9999.9,9999.9,9999.9,9999.9,9999.9,9997.9,6802.7,5639.8,9999.9,4924.3,6166.9,2307.2,4679.9,8248.3,5592.0,9848.7,3999.1,9999.9,7950.2,9999.9,9999.9,9999.9,9999.9,9999.9,1963.8,5237.0,2894.1,3749.2,2972.3,3454.8,3566.8,59.5,183.9,657.8,241.2,475.7,407.0,38.6,27.7,43.9,192.8,84.4,161.2,25.7,10.3,322.5,184.7,357.2,590.2,752.4,752.4,202.1,1731.9,1096.1,1059.1,2094.8,2796.0,3013.0,1314.4,534.7,399.1,708.7,1773.8,1180.4,913.9,289.2,1221.9,1012.0,1042.4,2062.0,1545.3,1918.2,941.3,1023.0,420.0,1129.9,2088.1,1110.8,1958.0,477.8,18.5,19.5,73.0,301.8,46.5,260.3,129.1,5278.9,7584.6,7498.4,6533.3,9999.9,4428.6,2726.7,3509.9,2906.9,2868.9,4614.4,4284.8,1188.9,2373.6,6945.9,4150.1,5788.3,6166.9,7763.1,5688.5,5839.5,9999.9,6802.7,9999.9,9999.9,9999.9,9999.9,9999.9,9703.9,7672.8,7331.8,9999.9,9999.9,7095.3,7498.4,9999.9,9999.9,9999.9,9999.9,9999.9,9999.9,9999.9,3951.3,1256.8,3927.7,7855.5,4428.6,6802.7,2075.0,2807.9,3332.6,4713.3,9999.9,5498.8,9999.9,2108.2,43.3,52.8,306.9,17.7,166.1,26.2,283.2,93.6,232.1,757.5,158.9,682.3,86.9,373.8,139.5,355.3,522.4,285.4,789.3,276.5,924.1,1004.3,2024.1,1419.0,1325.0,2868.9,1745.6,3814.2,77.1,161.4,229.7,563.9,340.6,134.9,529.5,638.7,2024.1,1325.0,2221.7,1002.8,1773.8,2283.2,31.5,37.0,109.2,526.2,73.4,422.1,299.5,956.3,1380.4,2252.1,4713.3,1563.6,3566.8,1088.8
20260824_松戸_10R,20260824,31,松戸,10,188.0,495.6,144.6,712.8,534.0,619.7,231.7,190.6,476.8,110.1,1359.5,521.5,282.6,190.2,471.7,535.9,271.4,1875.8,786.1,995.4,292.0,51.5,44.0,130.2,371.2,152.8,174.8,33.6,1866.9,2956.4,3528.4,1758.9,5222.6,4898.9,3136.3,886.7,904.9,1161.1,607.0,3456.3,1934.0,462.0,1121.6,540.6,1262.5,556.0,3302.3,2012.8,1010.6,151.7,121.1,142.1,67.5,992.9,102.9,415.1,268.4,642.9,225.0,803.7,752.2,810.3,331.1,296.5,758.9,397.1,902.9,888.0,264.6,359.1,1250.5,1012.4,1383.3,1539.6,1582.8,2356.9,479.5,294.8,441.8,753.2,863.4,733.6,755.1,458.9,1305.6,1012.4,1728.1,1356.4,1804.4,1780.0,1080.7,1489.3,1483.7,1927.7,1421.5,2719.1,2533.2,709.4,1846.6,512.3,2617.0,1320.2,2640.4,1843.7,957.6,400.5,377.4,412.3,463.4,1139.9,276.9,866.6,207.2,539.8,119.9,1368.9,625.9,240.4,217.4,232.3,492.3,266.4,631.6,556.3,160.4,237.4,688.4,546.3,682.5,2207.7,1001.3,433.7,291.5,140.9,286.4,645.3,1210.9,681.7,196.1,290.5,2849.8,1406.3,3965.0,2594.1,4005.2,1537.6,2501.1,1277.5,915.4,926.2,778.9,3239.1,653.1,447.8,123.0,68.2,222.2,80.0,413.3,185.9,51.4,180.4,148.5,148.0,180.1,823.8,117.1,99.4,641.8,684.0,361.3,2454.5,873.0,1416.4,371.0,827.3,619.0,856.6,1245.3,960.7,1247.9,433.3,763.8,561.0,852.2,2617.0,1079.7,631.2,334.3,538.3,867.2,988.7,2414.5,1301.3,1843.7,524.3,3625.5,1347.2,3103.5,3670.4,3592.5,4858.7,1772.1,1350.2,992.0,1195.1,1199.9,1790.8,1630.7,365.3,2588.5,1875.8,1364.2,2424.4,4456.9,2877.5,1155.5,156.7,118.8,113.5,148.3,601.7,52.1,315.8,87.2,71.3,240.1,415.2,291.4,261.2,74.3,230.4,375.7,771.8,795.1,801.0,699.4,409.7,165.7,380.1,848.6,1393.1,1003.8,361.9,407.2,614.9,1158.8,1199.9,2527.8,1918.3,2258.1,764.8,1401.3,1381.7,1995.8,3704.8,3507.5,2469.8,3549.5,1244.0,1639.7,2009.3,2517.0,4174.4,2628.6,922.6,847.4,1361.1,864.0,2750.6,3716.4,2419.4,1314.3,223.6,402.5,388.0,525.7,1772.1,421.3,793.5,3195.5,5413.4,7799.6,4295.4,9999.9,9999.9,5618.6,2171.3,1452.8,2560.5,2124.6,3368.0,2571.6,1959.5,5413.4,2395.0,5672.4,5672.4,8010.4,4342.6,5539.9,8717.2,3581.7,6373.8,7503.4,9999.9,9999.9,4667.4,3387.2,2912.8,4473.7,5245.7,5292.6,5340.2,4960.4,9999.9,7698.3,9999.9,9717.5,9262.0,9999.9,7903.6,9999.9,5783.1,4960.4,9999.9,9999.9,9999.9,9049.9,5957.5,3265.9,5438.2,3874.3,6443.1,3912.6,6697.9,2342.9,2849.8,2439.3,1740.8,7648.6,4631.0,923.3,2347.6,2634.5,3178.3,2682.2,4631.0,3032.0,1026.4,2856.7,2694.4,2414.5,2544.0,7185.1,2533.2,1031.8,2490.6,2215.9,2171.3,2694.4,3560.1,3079.3,663.0,2124.6,2706.7,2769.9,3221.5,5672.4,3614.4,1261.2,9999.9,7956.6,9797.8,9999.9,6513.9,9999.9,5672.4,6142.7,4667.4,3377.6,5292.6,4742.1,9717.5,1698.4,526.9,465.8,476.3,413.6,515.9,1350.2,761.4,2030.0,696.1,1696.0,898.1,6373.8,3549.5,1807.2,1718.1,464.0,1946.7,1329.0,3032.0,1774.7,1021.1,272.2,143.5,494.8,187.4,791.4,387.8,153.3,3739.8,2324.5,1368.9,3592.5,7409.6,4390.9,1740.8,1388.2,1572.3,874.9,3186.9,5340.2,2338.3,1651.1,9409.0,4440.2,3538.9,9999.9,8468.1,9999.9,6623.1,4005.2,2605.5,1821.1,4174.4,2544.0,8290.5,1566.1,1348.7,837.8,442.6,1043.6,1079.7,2501.1,627.9,133.0,110.1,93.9,73.3,845.0,77.8,344.9,201.5,131.2,120.9,196.3,570.2,85.1,261.1,132.9,99.2,76.3,144.4,731.3,66.9,98.6,63.3,52.2,50.2,69.2,230.4,16.1,138.6,138.9,202.8,196.0,148.7,1044.5,137.0,397.5,2399.8,885.3,1774.7,903.6,1878.8,856.6,2009.3,56.3,44.2,43.4,33.5,50.5,213.4,105.1,811.4,382.0,235.7,308.9,605.7,1953.1,210.1
20260824_松戸_11R,20260824,31,松戸,11,78.5,372.1,151.5,292.8,22.8,484.4,42.6,102.4,332.6,141.4,183.5,62.6,108.7,60.8,792.7,678.2,268.5,1878.7,485.2,1567.8,353.5,316.0,239.8,290.8,694.1,170.9,637.5,131.8,526.0,231.7,1872.5,1118.3,405.4,1364.7,463.1,13.7,28.5,139.1,53.7,131.7,164.2,16.4,1533.7,650.4,2031.1,1493.0,1970.7,921.7,591.1,16.0,13.5,40.9,26.4,68.1,6.6,101.1,273.0,1066.4,428.1,1245.6,65.6,1378.0,124.2,773.6,2333.8,1682.4,1881.9,491.4,987.9,1330.9,3079.9,3821.2,2378.2,7089.7,1786.4,8412.4,5194.8,1270.8,1984.6,2556.1,4386.2,932.4,5077.8,1665.0,2639.9,2223.4,6228.0,5342.5,2057.0,5871.2,4369.2,43.9,73.3,284.5,144.2,356.3,428.1,89.1,4756.4,3821.2,9999.9,8738.5,7938.5,2846.6,5933.0,245.4,806.3,2658.6,1195.4,1967.3,266.7,3038.4,738.2,2167.8,951.2,1097.6,448.5,695.4,366.5,1050.5,4175.0,2550.3,2729.4,907.6,1995.1,2079.8,4879.9,6790.7,3821.2,5218.8,3808.3,5317.3,8051.9,2445.2,4175.0,3860.5,4491.1,2254.5,2567.8,3315.5,1283.9,2533.1,3436.8,2477.5,1629.0,913.5,1803.6,470.4,763.7,1398.6,958.5,1153.8,855.9,960.1,1210.8,2151.2,3258.0,2193.1,1552.7,1343.5,1503.0,653.8,2510.6,5722.1,2790.2,3193.4,1262.3,1596.7,3914.1,4302.5,1769.6,7226.1,2016.5,5840.7,1872.5,4190.6,4403.4,4563.8,9999.9,3364.9,9999.9,7565.5,5780.8,7465.3,4420.6,7272.7,4237.8,8412.4,9999.9,1539.9,2716.3,1847.9,2493.9,1736.9,4114.1,1655.3,9634.8,9999.9,9090.9,5498.8,9999.9,9999.9,9999.9,2716.3,2429.4,2897.8,2343.6,7319.9,5055.0,4638.9,9999.9,9999.9,9999.9,9999.9,9999.9,9999.9,9999.9,3014.0,9634.8,9999.9,5077.8,9999.9,6126.4,9999.9,1809.4,1844.9,1205.6,3821.2,1046.6,3648.1,710.3,2263.5,4619.9,3782.7,6262.6,1755.8,7828.2,3248.6,2383.2,5367.9,3997.4,8051.9,2677.6,4736.4,4069.5,1495.0,3105.4,2118.9,2990.1,2034.7,4352.4,2259.0,6592.2,8168.6,6368.7,4987.9,4420.6,9802.3,9999.9,1383.1,1710.5,2585.4,3148.8,4114.1,4175.0,2114.9,8051.9,9999.9,8671.3,9999.9,9999.9,8539.9,9717.8,1405.5,4658.1,4438.0,4011.6,9393.9,2868.3,7180.0,3941.5,1970.7,7774.2,5393.6,3315.5,5243.1,1705.4,4658.1,4253.8,9999.9,8671.3,3590.0,9999.9,8168.6,1268.0,2550.3,3601.5,3914.1,1930.2,1065.4,1957.0,9999.9,9999.9,9018.1,5525.8,9999.9,9999.9,9999.9,7515.1,9553.1,9999.9,6262.6,6193.8,9999.9,9999.9,3821.2,3364.9,3022.1,8738.5,5170.9,9553.1,6516.0,8946.6,6478.5,4420.6,9999.9,9999.9,9999.9,9999.9,2776.5,9018.1,4901.1,9999.9,9999.9,8168.6,9999.9,40.6,103.2,523.5,186.4,483.1,586.8,58.2,36.8,70.9,277.3,125.3,304.1,390.3,77.8,221.1,213.9,779.0,416.8,542.4,528.9,431.9,1426.9,1053.5,1815.2,1452.6,5367.9,3648.1,2742.7,589.5,466.0,701.0,1180.3,1835.9,1960.4,908.3,1130.6,837.4,1022.0,5010.1,1900.9,4175.0,2709.7,2450.5,2053.3,2424.2,7089.7,4175.0,5996.1,3166.4,132.4,192.7,382.3,1619.6,560.8,1294.2,1509.0,8671.3,3782.7,9090.9,7994.8,8671.3,5419.5,3267.4,9472.8,8412.4,6631.0,9999.9,9999.9,8412.4,9999.9,3175.4,7367.7,9999.9,7367.7,4696.9,5147.3,5498.8,9999.9,9999.9,9999.9,9999.9,9999.9,9999.9,9999.9,9999.9,9999.9,9999.9,9999.9,9999.9,9999.9,9999.9,9802.3,9999.9,5553.0,9999.9,9999.9,9999.9,9999.9,6709.9,8350.1,6441.5,9999.9,8228.2,9999.9,9999.9,5032.4,9999.9,6093.3,9999.9,9999.9,9999.9,9999.9,63.5,57.9,181.0,90.2,259.9,32.0,298.4,234.3,903.9,2783.3,1334.0,2122.9,323.9,3447.3,360.8,1473.5,4473.3,1697.6,3006.0,879.9,1894.5,1206.9,5810.6,6060.6,3345.0,9553.1,3808.3,9999.9,640.4,2646.1,2429.4,3258.0,6478.5,1662.6,5077.8,1483.2,5996.1,4011.6,9999.9,9239.9,5419.5,9553.1,120.2,278.4,409.4,1832.9,578.6,1550.5,1343.5,1885.0,8475.7,4545.4,9999.9,8738.5,9999.9,4352.4
20260824_松戸_12R,20260824,31,松戸,12,187.8,566.0,165.6,1566.7,54.5,633.9,195.9,240.3,353.4,518.6,1872.1,134.7,831.1,490.4,1412.5,718.2,1764.5,2903.7,508.3,2500.2,1801.0,389.2,785.3,1640.6,3056.9,301.7,1356.2,798.9,4830.6,5453.4,5530.5,5360.0,1746.8,2630.4,4497.5,22.6,50.0,99.1,72.7,345.0,111.9,12.7,1274.5,1869.9,2553.2,2480.4,1493.4,417.0,1404.9,285.0,517.5,967.9,569.1,1869.9,105.1,1020.3,307.2,691.0,180.9,1422.8,64.4,647.0,210.9,435.7,692.8,577.1,2661.8,409.0,1426.7,884.7,1598.7,1296.7,1287.1,3598.0,1230.4,2666.3,2745.8,117.1,277.7,333.1,738.6,63.3,239.3,151.5,4576.4,5472.5,6285.7,3855.0,3549.0,3962.3,5996.7,30.5,185.5,381.5,62.7,690.0,225.1,45.1,1099.8,2149.9,2445.5,1013.0,1867.7,768.7,1372.9,338.3,945.7,1555.8,453.7,2265.0,221.2,1155.9,444.3,531.2,991.8,2634.9,217.2,1546.5,737.5,484.2,801.4,772.5,3253.9,469.1,1760.5,1114.7,405.5,417.7,703.1,1699.3,275.1,1080.8,653.7,1956.4,1571.4,2006.5,6260.5,1608.5,3509.2,3021.5,6894.8,6660.1,6467.5,8109.5,5550.1,6925.4,8281.1,154.4,352.5,378.7,719.9,2144.0,1161.9,242.5,2488.3,3240.4,2161.7,4700.1,3565.2,2318.7,4097.2,1283.9,1786.6,1640.6,2693.8,6440.9,728.3,3726.5,4107.9,2070.2,6804.9,9999.9,1688.3,7246.0,6414.5,3817.4,2565.8,4002.9,9999.9,3301.9,7018.5,7524.7,1304.2,1484.9,2382.2,3932.5,1103.7,2561.6,2925.4,9999.9,5453.4,5287.6,9428.5,8281.1,9999.9,9999.9,9999.9,9999.9,9999.9,9999.9,9999.9,7382.7,9999.9,1739.0,3682.6,1937.0,4742.8,9999.9,6775.5,3648.3,8414.7,8892.8,6019.7,9999.9,6660.1,8552.6,9999.9,8026.3,9999.9,9969.0,9999.9,9999.9,6235.6,9999.9,1052.5,2726.7,4151.5,6987.2,969.7,5415.7,2504.2,565.8,1014.3,1302.1,2419.0,362.3,1386.3,847.8,3267.5,2268.3,3893.3,9999.9,2914.6,8792.9,6414.5,7710.0,4471.8,5397.0,8599.6,6804.9,9999.9,9999.9,9999.9,9261.1,9999.9,9999.9,7313.7,9999.9,9999.9,786.5,662.9,2281.5,3903.0,5199.8,3380.4,1114.7,8892.8,4276.3,9485.7,9999.9,9485.7,6717.3,8026.3,2574.2,2064.8,5650.3,8599.6,9999.9,1805.2,8026.3,8325.2,9999.9,9999.9,9999.9,5415.7,7313.7,7904.7,9999.9,9316.3,9999.9,9999.9,9999.9,9999.9,9999.9,9999.9,9999.9,8743.8,9999.9,9999.9,9999.9,9999.9,9999.9,9999.9,9999.9,9999.9,9999.9,9999.9,9999.9,9999.9,9969.0,9999.9,9999.9,9999.9,9999.9,9999.9,4728.5,9999.9,9999.9,9999.9,9905.9,6521.4,7944.8,5252.1,5269.8,8369.7,6311.0,8325.2,4686.0,7524.7,8695.2,9999.9,9999.9,9999.9,9999.9,9999.9,9999.9,11.9,35.5,90.3,50.5,219.0,61.2,4.8,20.1,126.7,351.2,61.6,686.4,205.9,33.4,100.3,233.4,307.7,528.7,1695.7,835.6,187.6,438.9,1155.0,845.1,1663.2,3365.8,2271.6,731.0,166.0,215.4,669.4,1092.2,2027.3,1115.5,231.2,1038.5,3301.9,4207.3,4801.0,2680.0,2393.1,1626.9,160.7,389.3,1159.3,1668.5,1171.5,873.8,252.9,15.0,32.9,114.1,165.9,58.2,414.0,109.0,1764.5,2964.2,4129.6,3614.6,1956.4,460.2,1978.6,1778.5,3501.4,3315.9,1613.5,2164.7,672.3,2407.9,3573.3,4421.3,3087.0,6688.6,4075.8,3050.9,6285.7,6440.9,6864.6,5182.5,9999.9,5341.7,5341.7,9999.9,5712.1,3194.1,7904.7,9428.5,5165.4,3753.3,5530.5,1640.6,1714.2,2850.8,2367.8,2512.2,1048.3,2185.9,351.0,560.3,1988.7,2693.8,1796.9,966.1,385.2,3045.0,3962.3,6043.0,8026.3,5630.0,4937.3,723.9,635.7,1611.8,2305.0,1477.9,3111.6,230.7,2689.2,736.5,2195.1,3922.6,1475.1,4207.3,488.9,3136.5,2353.5,3155.5,5491.7,4644.3,9999.9,1557.3,7050.1,7114.2,9999.9,9999.9,9999.9,9999.9,4714.2,9999.9,2703.1,2404.2,5818.3,8599.6,9999.9,1772.5,8599.6,8892.8,9999.9,9999.9,9999.9,9999.9,8506.2,9999.9,163.7,342.4,803.0,1563.5,743.8,2022.1,1046.9,4471.8,6043.0,9485.7,9999.9,9661.3,7597.7,1986.2
20260824_岐阜_1R,20260824,43,岐阜,1,2001.5,1880.9,2262.6,706.4,784.5,,,1903.9,645.1,907.6,5383.5,377.1,,,2646.1,743.4,1678.7,4591.8,739.9,,,1880.9,1000.7,1345.8,2891.1,253.0,,,923.7,6004.6,3717.1,3807.8,1626.2,,,295.1,269.6,323.9,112.8,500.3,,,,,,,,,,,,,,,,,882.0,1020.4,957.8,340.1,374.3,,,484.8,240.5,553.6,443.5,229.9,,,882.0,355.6,1147.9,505.2,434.8,,,614.6,761.5,1076.7,420.8,330.0,,,82.5,222.0,150.2,182.8,39.2,,,117.1,286.9,325.2,220.8,121.7,,,,,,,,,,,,,,,,,582.5,204.0,255.9,1815.3,109.8,,,347.7,161.6,374.3,387.3,156.2,,,40.1,72.4,49.5,180.9,16.8,,,181.5,360.5,101.4,826.0,54.6,,,1459.0,471.6,513.5,1200.9,506.8,,,31.5,160.7,40.6,53.8,508.5,,,,,,,,,,,,,,,,,1432.3,553.6,1279.6,2838.5,642.4,,,1099.4,489.4,1200.9,817.3,719.4,,,139.2,147.4,127.8,289.6,53.5,,,746.9,1099.4,269.1,1432.3,318.6,,,2787.8,907.6,754.2,2168.3,1486.8,,,276.8,418.5,122.0,223.0,877.0,,,,,,,,,,,,,,,,,1027.1,551.6,515.2,1472.8,152.0,,,621.9,765.3,834.8,500.3,312.2,,,226.2,486.3,143.4,902.4,106.2,,,337.9,1047.7,214.4,1210.2,214.4,,,1393.9,390.3,1545.7,1836.7,518.6,,,22.1,87.5,39.1,74.8,160.4,,,,,,,,,,,,,,,,,563.6,3186.1,3061.2,2401.8,769.0,,,98.2,290.7,175.6,242.4,58.8,,,2559.3,672.9,857.8,1903.9,940.4,,,2478.1,765.3,918.3,1903.9,1576.9,,,1173.8,551.6,1545.7,1626.2,523.8,,,178.4,145.5,897.2,804.7,282.3,,,,,,,,,,,,,,,,,69.1,73.7,80.9,19.7,131.1,,,132.4,319.9,340.8,132.9,223.0,,,62.1,170.0,61.7,32.3,416.3,,,115.3,274.8,93.1,91.9,578.2,,,6.3,36.9,14.8,34.4,94.3,,,261.9,224.9,817.3,761.5,238.3,,,,,,,,,,,,,,,,,,,,,,,,,,,,,,,,,,,,,,,,,,,,,,,,,,,,,,,,,,,,,,,,,,,,,,,,,,,,,,,,,,,,,,,,,,,,,,,,,,,,,,,,,,,,,,,,,,,,,,,,,,,,,,,,
20260824_岐阜_2R,20260824,43,岐阜,2,292.2,81.9,45.5,175.0,308.8,,,706.7,532.6,162.6,415.2,790.3,,,93.1,249.1,34.3,133.6,117.3,,,14.6,27.2,6.2,4.9,37.8,,,175.0,179.9,109.7,27.9,292.8,,,572.0,674.3,337.1,172.9,585.7,,,,,,,,,,,,,,,,,641.9,139.8,83.3,366.6,512.2,,,1563.9,1633.4,2041.8,1960.1,2261.7,,,73.9,323.8,93.2,472.7,46.8,,,113.5,717.1,119.3,901.9,403.8,,,1336.4,1792.8,1547.5,1792.8,2534.7,,,859.7,1042.6,243.8,807.7,2773.8,,,,,,,,,,,,,,,,,2070.6,1580.7,653.3,1531.3,1792.8,,,2227.4,2827.1,2940.2,2371.1,4454.9,,,1792.8,2450.2,3000.2,3062.7,1484.9,,,742.4,2161.9,2371.1,2827.1,2722.4,,,3266.9,2534.7,2194.2,5250.4,6682.3,,,2450.2,6125.5,2579.1,4454.9,7350.6,,,,,,,,,,,,,,,,,127.7,358.5,96.8,357.6,150.4,,,67.5,228.9,103.5,335.6,37.9,,,1361.2,930.4,1792.8,1455.5,885.6,,,122.6,172.9,565.4,731.4,188.4,,,1547.5,1267.3,1563.9,1597.9,1597.9,,,180.3,83.2,273.2,210.9,615.1,,,,,,,,,,,,,,,,,23.2,58.3,11.7,15.5,49.8,,,93.8,590.4,83.3,498.3,275.8,,,496.6,1400.1,1028.0,1814.9,1455.5,,,54.9,73.1,300.0,361.2,94.2,,,183.7,683.7,1400.1,532.6,572.0,,,316.1,607.4,1122.2,318.2,930.4,,,,,,,,,,,,,,,,,1113.7,1289.5,794.6,314.1,1531.3,,,2410.0,3000.2,3062.7,3585.6,8647.8,,,3195.9,2827.1,2940.2,8167.3,8167.3,,,2579.1,3062.7,3062.7,2194.2,3127.9,,,474.2,3195.9,3675.3,1400.1,1884.7,,,5069.4,7737.5,7350.6,3675.3,3062.7,,,,,,,,,,,,,,,,,1080.9,1563.9,794.6,717.1,2130.6,,,1400.1,2773.8,410.6,1633.4,4594.1,,,2371.1,3266.9,2100.1,3127.9,6125.5,,,377.9,231.8,1050.0,515.8,1470.1,,,901.9,1547.5,2410.0,786.1,2070.6,,,4200.3,5880.5,5444.9,3341.1,3000.2,,,,,,,,,,,,,,,,,,,,,,,,,,,,,,,,,,,,,,,,,,,,,,,,,,,,,,,,,,,,,,,,,,,,,,,,,,,,,,,,,,,,,,,,,,,,,,,,,,,,,,,,,,,,,,,,,,,,,,,,,,,,,,,,
20260824_岐阜_3R,20260824,43,岐阜,3,3591.4,1883.3,1954.8,5515.5,2807.8,,,3088.6,3766.6,1795.7,5325.3,3285.8,,,2573.9,3959.8,3591.4,8128.1,2859.8,,,2375.9,1735.2,2490.8,2969.8,2531.7,,,4981.7,6714.5,6434.7,5719.7,5939.7,,,3677.0,3431.8,3591.4,3591.4,6714.5,,,,,,,,,,,,,,,,,731.9,571.9,302.2,1050.5,530.7,,,166.2,33.4,13.9,182.3,40.0,,,166.7,21.3,14.8,84.3,3.7,,,62.7,14.8,32.7,111.0,27.3,,,853.2,401.1,273.8,315.8,272.3,,,160.7,37.7,7.9,23.0,84.1,,,,,,,,,,,,,,,,,1930.4,2757.7,1022.7,2807.8,2271.0,,,527.0,142.9,73.0,534.3,189.9,,,1484.9,325.1,385.1,1297.7,553.5,,,194.2,87.6,177.1,598.5,226.7,,,4064.0,1378.8,1906.5,2304.9,3217.3,,,1575.8,534.3,753.3,630.3,2913.8,,,,,,,,,,,,,,,,,1036.4,3285.8,3028.1,3357.2,1544.3,,,320.4,90.1,64.7,217.8,16.7,,,1954.8,258.6,469.4,1575.8,584.9,,,1245.4,204.0,379.4,1009.3,311.3,,,4173.8,731.9,1775.1,1625.6,1499.3,,,683.3,56.5,301.6,215.9,509.6,,,,,,,,,,,,,,,,,808.5,476.6,1127.2,1484.9,1161.1,,,340.1,96.1,139.6,509.6,159.7,,,160.7,99.8,202.4,501.4,232.9,,,924.7,245.9,363.3,953.2,355.8,,,2969.8,1608.6,1499.3,1775.1,1754.9,,,1225.6,288.6,488.7,458.2,1152.4,,,,,,,,,,,,,,,,,5719.7,6434.7,7721.7,6434.7,5939.7,,,4679.8,1403.9,764.5,1514.0,1735.2,,,7721.7,1608.6,2339.9,4679.8,8128.1,,,6434.7,1206.5,2490.8,2005.6,2413.0,,,5147.8,2490.8,4289.8,2175.1,2573.9,,,6434.7,2086.9,6714.5,3088.6,2531.7,,,,,,,,,,,,,,,,,2032.0,3431.8,2413.0,2969.8,3431.8,,,646.1,244.3,62.6,155.2,478.1,,,1608.6,534.3,853.2,711.6,2573.9,,,953.2,78.6,494.9,301.6,705.1,,,1514.0,334.9,671.4,503.0,1095.2,,,3959.8,1342.9,3028.1,1930.4,1775.1,,,,,,,,,,,,,,,,,,,,,,,,,,,,,,,,,,,,,,,,,,,,,,,,,,,,,,,,,,,,,,,,,,,,,,,,,,,,,,,,,,,,,,,,,,,,,,,,,,,,,,,,,,,,,,,,,,,,,,,,,,,,,,,,
20260824_岐阜_4R,20260824,43,岐阜,4,1092.4,1489.7,671.5,931.0,279.1,,,920.6,604.6,465.5,1950.8,149.3,,,2156.1,947.2,1078.0,3724.2,537.2,,,484.8,347.1,589.4,871.6,62.2,,,1820.7,3034.5,3213.1,2275.9,952.7,,,76.8,47.0,106.4,16.6,170.3,,,,,,,,,,,,,,,,,947.2,987.1,465.5,677.1,217.6,,,706.3,424.5,827.6,577.0,172.4,,,1321.5,890.5,1290.3,1412.6,791.6,,,623.0,1071.0,1332.2,1321.5,568.9,,,513.6,310.3,731.5,721.8,181.8,,,98.5,102.3,260.9,188.1,144.7,,,,,,,,,,,,,,,,,795.4,480.5,392.9,1590.9,144.6,,,748.2,477.7,925.8,660.7,207.6,,,218.2,269.0,262.6,537.2,67.7,,,688.5,1250.9,815.2,1998.3,439.3,,,2686.3,1064.0,1332.2,2777.4,1005.3,,,52.9,111.5,46.3,98.8,265.1,,,,,,,,,,,,,,,,,2184.9,1400.5,1883.5,4965.7,947.2,,,1998.3,1078.0,2979.4,1998.3,1241.4,,,682.7,658.1,765.7,1137.9,247.9,,,2926.2,3344.2,2308.0,3724.2,1841.2,,,6302.6,2244.7,2184.9,3562.3,3810.8,,,637.6,620.7,274.0,881.0,1781.1,,,,,,,,,,,,,,,,,1170.4,885.7,1365.5,2048.3,159.0,,,1412.6,2214.4,1998.3,2482.8,1213.8,,,1270.2,2482.8,1841.2,4312.3,703.2,,,2409.8,3562.3,2601.0,3091.8,1974.3,,,6302.6,5120.8,6554.7,3724.2,2340.9,,,157.1,758.6,476.3,900.3,1137.9,,,,,,,,,,,,,,,,,2184.9,3996.7,5462.2,3996.7,1820.7,,,1400.5,890.5,1365.5,1998.3,572.9,,,5120.8,1517.2,2409.8,6554.7,1689.3,,,7448.5,3151.3,2979.4,4096.7,4312.3,,,5852.4,4312.3,8624.6,3810.8,2825.3,,,1622.4,910.3,1560.6,3486.5,2445.7,,,,,,,,,,,,,,,,,20.7,12.0,30.1,4.3,70.0,,,47.4,42.0,64.3,74.3,61.0,,,21.9,25.6,10.8,30.5,74.5,,,87.7,81.7,33.4,120.4,205.0,,,22.1,94.3,56.6,116.4,239.2,,,300.1,162.5,266.4,346.4,438.1,,,,,,,,,,,,,,,,,,,,,,,,,,,,,,,,,,,,,,,,,,,,,,,,,,,,,,,,,,,,,,,,,,,,,,,,,,,,,,,,,,,,,,,,,,,,,,,,,,,,,,,,,,,,,,,,,,,,,,,,,,,,,,,,
20260824_岐阜_5R,20260824,43,岐阜,5,306.5,261.0,398.6,695.9,151.0,,,416.4,327.0,842.3,1263.5,413.1,,,231.3,219.6,511.3,523.7,191.2,,,540.0,888.3,923.0,1558.6,565.8,,,1112.3,1430.2,932.9,1758.7,674.3,,,70.4,208.5,108.9,233.6,204.7,,,,,,,,,,,,,,,,,176.3,157.4,155.0,390.2,97.8,,,129.2,41.5,81.0,216.0,130.7,,,85.5,29.9,53.5,99.1,67.9,,,69.1,46.2,32.2,93.5,52.2,,,457.4,356.5,226.5,219.6,351.2,,,79.9,161.7,101.6,123.7,280.1,,,,,,,,,,,,,,,,,285.4,213.5,562.1,1001.1,320.5,,,154.7,53.0,127.9,272.2,156.7,,,71.6,31.2,81.0,93.5,78.7,,,552.6,206.2,243.7,891.4,665.7,,,1183.1,599.7,354.6,1112.3,1117.1,,,357.5,314.7,231.1,733.2,919.7,,,,,,,,,,,,,,,,,81.5,66.2,206.0,173.1,79.8,,,58.3,22.2,58.6,91.3,46.0,,,35.0,14.6,49.4,41.7,34.9,,,328.2,100.3,113.0,320.9,289.5,,,208.5,122.4,98.5,327.0,253.7,,,114.5,83.1,100.6,282.6,275.7,,,,,,,,,,,,,,,,,296.1,756.6,847.8,1454.1,450.3,,,83.4,76.0,38.3,149.3,57.4,,,664.0,168.8,229.9,1334.8,853.4,,,515.4,97.9,195.4,664.0,499.6,,,1647.4,440.4,1295.0,619.7,1045.3,,,498.6,212.3,781.6,594.2,1020.7,,,,,,,,,,,,,,,,,1008.9,1233.6,796.0,1626.8,664.0,,,788.7,574.6,342.0,427.4,551.4,,,1177.8,681.4,322.9,1399.4,1141.6,,,349.3,237.7,207.9,636.4,504.4,,,1616.7,547.9,1735.3,856.2,1222.0,,,598.3,669.1,1295.0,743.7,993.5,,,,,,,,,,,,,,,,,51.2,161.9,86.5,219.2,233.4,,,105.7,265.8,131.8,214.5,451.9,,,331.5,350.3,266.6,756.6,1146.6,,,186.8,147.3,205.4,555.0,616.8,,,443.4,214.9,662.3,602.5,946.5,,,500.5,574.6,1151.7,727.0,885.3,,,,,,,,,,,,,,,,,,,,,,,,,,,,,,,,,,,,,,,,,,,,,,,,,,,,,,,,,,,,,,,,,,,,,,,,,,,,,,,,,,,,,,,,,,,,,,,,,,,,,,,,,,,,,,,,,,,,,,,,,,,,,,,,
20260824_岐阜_6R,20260824,43,岐阜,6,3685.7,5140.6,6511.5,9999.9,5279.6,,,1860.4,1285.1,864.3,2194.8,297.3,,,6301.4,3368.0,5140.6,9999.9,3100.7,,,5008.8,1728.7,5279.6,7813.8,1502.6,,,9999.9,5426.2,9999.9,9999.9,9999.9,,,2831.0,336.2,1825.6,1122.6,4069.7,,,,,,,,,,,,,,,,,6301.4,8879.3,6976.6,9999.9,5008.8,,,4542.9,7813.8,5279.6,3906.9,2570.3,,,7235.0,8879.3,9999.9,6301.4,1860.4,,,4764.5,6104.5,9999.9,9999.9,6736.0,,,9999.9,3150.7,5426.2,9999.9,7235.0,,,3830.3,2219.8,8493.2,5581.3,7513.2,,,,,,,,,,,,,,,,,242.6,105.4,72.0,302.8,21.3,,,584.8,824.2,690.2,860.5,190.5,,,266.8,754.2,328.8,657.7,85.3,,,130.7,430.2,243.5,574.5,27.7,,,723.5,834.8,608.5,810.5,169.2,,,2.3,23.5,8.2,3.7,27.2,,,,,,,,,,,,,,,,,5581.3,3685.7,4883.6,9999.9,3100.7,,,5140.6,7235.0,9999.9,4651.0,6511.5,,,2271.4,5140.6,2915.6,2915.6,1129.1,,,8139.4,9999.9,4764.5,4651.0,5140.6,,,9999.9,6301.4,3255.7,5581.3,9999.9,,,3310.9,7813.8,1385.4,3255.7,6976.6,,,,,,,,,,,,,,,,,4542.9,1878.3,5140.6,9999.9,1526.1,,,6736.0,6976.6,7813.8,8493.2,6104.5,,,1375.6,3100.7,2790.6,5426.2,720.8,,,7513.2,9999.9,5008.8,4883.6,6104.5,,,9999.9,9999.9,9999.9,4069.7,4069.7,,,1575.3,4341.0,845.6,3906.9,2831.0,,,,,,,,,,,,,,,,,9999.9,5140.6,9999.9,9999.9,9999.9,,,9999.9,3986.6,5140.6,9999.9,8493.2,,,4341.0,2915.6,2915.6,6301.4,1934.1,,,9999.9,8493.2,3150.7,4542.9,9302.1,,,8493.2,9999.9,9999.9,3830.3,3255.7,,,9302.1,6104.5,2325.5,8139.4,3756.6,,,,,,,,,,,,,,,,,653.3,88.4,398.6,244.1,930.2,,,1385.4,561.3,2831.0,1934.1,2325.5,,,13.6,68.5,34.3,20.8,81.9,,,917.1,2504.4,345.7,1169.7,2536.9,,,352.6,1116.2,164.4,734.3,1198.4,,,2675.9,3368.0,671.2,3202.3,1915.1,,,,,,,,,,,,,,,,,,,,,,,,,,,,,,,,,,,,,,,,,,,,,,,,,,,,,,,,,,,,,,,,,,,,,,,,,,,,,,,,,,,,,,,,,,,,,,,,,,,,,,,,,,,,,,,,,,,,,,,,,,,,,,,,
20260824_岐阜_7R,20260824,43,岐阜,7,7712.8,6390.6,9999.9,7988.3,9999.9,,,9999.9,9999.9,9999.9,9999.9,9999.9,,,8284.1,9999.9,9999.9,9319.6,9999.9,,,9999.9,9999.9,9999.9,9999.9,7988.3,,,7712.8,8284.1,8946.9,9999.9,8602.7,,,9319.6,9999.9,9999.9,9999.9,9999.9,,,,,,,,,,,,,,,,,7215.2,6578.6,9319.6,3241.6,5591.8,,,4066.7,1380.6,3064.0,675.7,4473.4,,,2600.8,901.9,1789.3,298.6,1075.3,,,6213.1,2631.4,2236.7,1575.1,2631.4,,,363.6,79.5,37.2,133.4,90.3,,,3607.6,2015.0,1491.1,2150.6,527.5,,,,,,,,,,,,,,,,,9999.9,9999.9,9999.9,8284.1,9999.9,,,9999.9,3388.9,8602.7,1609.1,8946.9,,,9999.9,4473.4,9999.9,2305.9,3791.0,,,9999.9,9999.9,9999.9,7712.8,9999.9,,,6777.9,1363.8,1803.8,4862.4,3388.9,,,8284.1,9999.9,8284.1,8602.7,5325.5,,,,,,,,,,,,,,,,,6989.7,9999.9,9319.6,9999.9,6989.7,,,4301.3,2405.0,6578.6,745.5,3856.4,,,9999.9,4066.7,9999.9,2379.4,9319.6,,,9999.9,9999.9,9999.9,3338.3,9999.9,,,4385.7,493.7,1152.9,2236.7,1452.4,,,9999.9,6989.7,9724.8,9999.9,3338.3,,,,,,,,,,,,,,,,,7712.8,9999.9,9999.9,9999.9,9724.8,,,8602.7,2090.3,1355.5,3241.6,1761.2,,,9999.9,4473.4,9999.9,7988.3,9999.9,,,9999.9,4659.8,9999.9,3494.8,7712.8,,,9999.9,3241.6,5735.1,3924.0,3106.5,,,9999.9,3289.3,8946.9,7455.7,3441.1,,,,,,,,,,,,,,,,,279.9,790.3,644.5,1080.5,616.1,,,38.3,6.7,2.4,13.6,5.1,,,435.1,44.8,80.9,254.1,112.9,,,216.9,13.2,46.1,113.3,38.9,,,887.5,132.8,417.2,288.6,284.9,,,198.8,10.9,50.6,29.2,109.2,,,,,,,,,,,,,,,,,8946.9,8946.9,9999.9,6989.7,7215.2,,,5886.1,2485.2,1848.5,3195.3,663.7,,,8602.7,3856.4,3289.3,6989.7,3924.0,,,9999.9,2570.9,3791.0,9999.9,2130.2,,,9999.9,6213.1,9319.6,9999.9,3388.9,,,2110.1,232.5,572.0,431.8,1129.6,,,,,,,,,,,,,,,,,,,,,,,,,,,,,,,,,,,,,,,,,,,,,,,,,,,,,,,,,,,,,,,,,,,,,,,,,,,,,,,,,,,,,,,,,,,,,,,,,,,,,,,,,,,,,,,,,,,,,,,,,,,,,,,,
20260824_岐阜_8R,20260824,43,岐阜,8,82.2,47.0,32.5,62.9,167.0,,,61.2,30.0,34.2,28.6,32.9,,,34.5,21.2,15.8,9.3,52.5,,,27.9,32.4,24.3,33.4,69.4,,,60.7,37.9,16.9,28.3,68.7,,,220.5,89.0,130.2,120.8,154.1,,,,,,,,,,,,,,,,,136.2,117.9,51.8,106.1,272.3,,,310.5,969.7,491.1,1436.4,867.3,,,452.4,1184.7,612.9,1115.7,1585.0,,,43.2,131.0,173.4,173.8,223.5,,,753.5,1781.6,1767.9,1235.6,2872.9,,,675.9,1222.5,1795.6,741.4,1947.7,,,,,,,,,,,,,,,,,110.0,77.9,66.3,56.6,55.2,,,257.9,725.0,328.8,945.8,458.7,,,228.2,854.4,571.7,736.6,451.5,,,148.5,304.0,456.0,596.9,256.5,,,532.0,1269.8,1121.1,1190.8,1269.8,,,51.4,186.5,220.1,114.2,323.2,,,,,,,,,,,,,,,,,250.9,165.1,166.1,95.7,286.2,,,598.5,1502.2,1115.7,1981.3,2703.9,,,447.1,1436.4,1143.4,1492.4,965.7,,,457.8,1074.0,1298.5,1074.0,1868.6,,,463.3,1781.6,1552.9,1585.0,2641.8,,,1021.5,3064.5,1436.4,2033.9,3148.4,,,,,,,,,,,,,,,,,88.0,129.9,121.6,164.4,207.0,,,65.7,188.0,272.3,428.0,281.3,,,209.5,433.6,795.2,1044.7,452.4,,,315.7,640.2,978.0,1328.5,1781.6,,,611.2,1563.5,1947.7,1853.5,1853.5,,,423.2,809.2,651.0,1454.6,1445.5,,,,,,,,,,,,,,,,,586.3,478.8,275.9,433.6,894.3,,,1351.9,2419.3,2033.9,2582.4,4596.7,,,1079.0,2703.9,1964.4,2525.6,2984.9,,,502.9,2253.3,1883.9,1641.7,2703.9,,,894.3,3064.5,2445.0,1809.7,2168.2,,,2148.0,5472.3,4104.2,4032.2,2582.4,,,,,,,,,,,,,,,,,694.3,203.3,517.6,383.7,690.2,,,938.1,1104.9,3148.4,1473.3,5107.5,,,120.5,424.8,450.6,259.9,806.4,,,696.4,1630.0,696.4,1427.5,2394.1,,,487.9,1262.8,595.4,2345.2,1767.9,,,1276.8,4104.2,2253.3,2275.6,2089.4,,,,,,,,,,,,,,,,,,,,,,,,,,,,,,,,,,,,,,,,,,,,,,,,,,,,,,,,,,,,,,,,,,,,,,,,,,,,,,,,,,,,,,,,,,,,,,,,,,,,,,,,,,,,,,,,,,,,,,,,,,,,,,,,
20260824_岐阜_9R,20260824,43,岐阜,9,716.5,577.8,508.2,2559.2,328.7,,,532.1,202.9,689.0,1221.4,163.9,,,608.9,208.1,707.1,907.0,184.3,,,741.2,623.1,558.3,2193.6,347.2,,,5810.0,3358.9,3358.9,4478.6,2828.5,,,104.0,62.7,70.6,123.9,471.4,,,,,,,,,,,,,,,,,881.0,784.5,314.2,2559.2,489.6,,,600.4,139.4,177.5,942.8,432.5,,,743.8,165.2,283.6,647.5,459.3,,,214.7,109.9,105.2,513.0,132.8,,,4387.2,2171.4,2067.0,2791.8,3643.6,,,234.9,338.5,368.7,171.9,1853.2,,,,,,,,,,,,,,,,,181.5,80.9,243.1,446.0,64.3,,,256.8,104.0,166.9,493.0,153.4,,,19.1,23.6,45.5,14.1,8.6,,,509.4,210.1,203.7,922.6,271.7,,,1091.2,995.2,245.9,1405.0,762.3,,,28.6,60.8,28.4,139.1,205.3,,,,,,,,,,,,,,,,,581.0,132.2,536.0,619.5,212.8,,,534.7,118.4,447.8,526.8,381.1,,,24.9,28.8,48.9,14.6,11.8,,,910.9,528.1,238.3,856.4,680.2,,,746.4,651.4,110.4,738.7,549.8,,,92.0,179.4,39.5,279.9,256.5,,,,,,,,,,,,,,,,,796.1,1776.6,1580.6,4299.4,790.3,,,340.6,149.9,164.8,926.6,152.7,,,1242.6,399.5,368.1,2590.0,691.2,,,1580.6,426.5,355.9,1395.9,759.6,,,6142.0,2985.7,5374.3,2721.1,2756.0,,,478.7,357.0,615.9,574.7,1747.7,,,,,,,,,,,,,,,,,5657.1,4885.7,4885.7,6717.9,5243.2,,,6934.6,3161.3,3412.2,6322.7,8957.2,,,3524.1,2028.0,637.9,4134.1,2499.6,,,3208.5,2388.5,603.8,2067.0,1990.4,,,5810.0,4777.1,5971.4,2687.1,3071.0,,,4478.6,5810.0,3980.9,2791.8,3358.9,,,,,,,,,,,,,,,,,62.9,36.3,44.6,78.5,310.6,,,201.6,230.6,307.5,175.3,1592.3,,,45.6,113.0,37.2,183.2,404.0,,,82.7,174.6,40.9,269.3,275.2,,,315.2,292.0,385.9,419.8,1919.4,,,2470.9,3208.5,1706.1,1535.5,2687.1,,,,,,,,,,,,,,,,,,,,,,,,,,,,,,,,,,,,,,,,,,,,,,,,,,,,,,,,,,,,,,,,,,,,,,,,,,,,,,,,,,,,,,,,,,,,,,,,,,,,,,,,,,,,,,,,,,,,,,,,,,,,,,,,
20260824_岐阜_10R,20260824,43,岐阜,10,8906.1,5725.3,4372.1,9999.9,7514.5,,,5725.3,5865.0,2453.7,9999.9,4809.3,,,4809.3,5592.2,2796.1,9999.9,4809.3,,,2380.8,1582.0,1681.5,4537.0,1190.4,,,9999.9,9999.9,9999.9,9999.9,5465.1,,,5465.1,4372.1,4624.3,1864.0,2147.0,,,,,,,,,,,,,,,,,8291.9,4809.3,3536.2,8588.0,6011.6,,,3757.2,1123.6,473.3,4537.0,2642.4,,,1878.6,763.3,369.3,2862.6,1150.5,,,1184.5,291.8,299.8,2109.3,703.1,,,5865.0,5009.7,6870.4,6328.0,6870.4,,,3122.9,3435.2,1705.4,1987.3,4809.3,,,,,,,,,,,,,,,,,2763.9,3816.9,770.7,4715.0,2357.5,,,2147.0,641.2,246.1,2531.2,1252.4,,,2404.6,402.1,203.0,2585.6,1448.5,,,66.0,21.1,26.9,164.9,35.5,,,8588.0,4075.6,3249.5,1908.4,7072.5,,,2055.2,1681.5,2732.5,509.4,3082.8,,,,,,,,,,,,,,,,,3757.2,6165.7,2558.1,8588.0,3386.8,,,1658.3,694.9,278.6,2531.2,989.5,,,3082.8,904.0,492.7,2732.5,2055.2,,,1059.3,219.6,339.6,1457.3,689.0,,,9999.9,3757.2,3485.0,3082.8,6870.4,,,4294.0,2932.5,6328.0,2558.1,6328.0,,,,,,,,,,,,,,,,,150.9,116.3,163.5,331.2,39.0,,,81.7,23.1,14.8,165.2,33.7,,,15.7,4.2,5.3,53.4,8.4,,,108.2,13.8,28.0,213.5,45.7,,,669.8,446.9,364.8,477.1,149.2,,,39.1,41.1,51.2,48.7,46.5,,,,,,,,,,,,,,,,,9999.9,9999.9,9999.9,9999.9,8588.0,,,9999.9,4372.1,5865.0,9999.9,8906.1,,,9999.9,4453.0,3435.2,7756.9,6499.0,,,9999.9,7072.5,4075.6,4294.0,8906.1,,,7286.8,6011.6,3816.9,3082.8,1987.3,,,6165.7,6870.4,6165.7,6328.0,2479.0,,,,,,,,,,,,,,,,,4075.6,3942.0,3485.0,1742.5,1624.7,,,5725.3,3816.9,3339.8,2334.6,4453.0,,,3816.9,2829.0,4372.1,1350.9,4372.1,,,6165.7,2453.7,6011.6,3005.8,5009.7,,,1321.2,1103.0,773.2,1466.2,809.6,,,2109.3,2932.5,3757.2,4075.6,1502.9,,,,,,,,,,,,,,,,,,,,,,,,,,,,,,,,,,,,,,,,,,,,,,,,,,,,,,,,,,,,,,,,,,,,,,,,,,,,,,,,,,,,,,,,,,,,,,,,,,,,,,,,,,,,,,,,,,,,,,,,,,,,,,,,
20260824_岐阜_11R,20260824,43,岐阜,11,992.1,1080.0,572.6,3506.4,376.9,,,2348.3,5332.6,2437.7,9999.9,3656.6,,,2326.9,8257.0,5688.1,9999.9,2611.9,,,733.4,1326.2,3656.6,8826.4,1729.5,,,9999.9,9999.9,9999.9,9999.9,9999.9,,,589.7,3281.6,1599.7,2326.9,9999.9,,,,,,,,,,,,,,,,,19.4,51.5,11.0,178.1,15.7,,,126.2,430.1,253.1,723.0,257.2,,,117.8,338.5,219.1,206.7,55.7,,,16.1,145.8,148.0,350.1,29.9,,,713.0,999.8,494.1,794.9,403.0,,,3.1,50.2,3.0,6.9,44.7,,,,,,,,,,,,,,,,,3160.0,9999.9,3199.5,9999.9,4922.4,,,2942.1,7528.4,2976.3,5119.3,4653.9,,,9999.9,9999.9,9999.9,6399.1,9999.9,,,5018.9,4922.4,9999.9,9999.9,9844.9,,,9999.9,5688.1,5332.6,9999.9,9999.9,,,3459.0,5564.5,6563.2,6094.4,9999.9,,,,,,,,,,,,,,,,,2666.3,9999.9,6563.2,9999.9,2666.3,,,2187.7,3367.9,3656.6,4196.1,1354.3,,,9999.9,9844.9,9999.9,6563.2,9999.9,,,8532.2,3506.4,9999.9,4922.4,7756.5,,,9999.9,4740.1,5817.4,5688.1,7756.5,,,3160.0,1651.4,9480.2,6243.1,6918.0,,,,,,,,,,,,,,,,,764.0,1651.4,3199.5,7110.2,1939.1,,,661.4,2031.4,1924.5,5564.5,1015.7,,,3459.0,2265.1,3555.1,9999.9,5446.1,,,6243.1,3459.0,9999.9,4740.1,6094.4,,,9999.9,9844.9,9999.9,5564.5,5018.9,,,3199.5,1361.5,5952.7,4413.2,4570.8,,,,,,,,,,,,,,,,,9999.9,9999.9,9999.9,9999.9,9999.9,,,9999.9,5952.7,5952.7,9999.9,7998.9,,,9999.9,6563.2,6399.1,9999.9,9999.9,,,9999.9,7110.2,7313.3,6735.9,3083.9,,,9999.9,9999.9,9999.9,6563.2,5952.7,,,9999.9,9480.2,9999.9,9999.9,6563.2,,,,,,,,,,,,,,,,,495.1,3324.2,1514.6,1729.5,6094.4,,,79.8,437.5,65.5,161.3,398.7,,,3764.2,3412.9,6243.1,4128.5,9999.9,,,1910.2,701.2,6243.1,3937.9,4338.4,,,2265.1,1273.4,6563.2,4062.9,4128.5,,,9999.9,5018.9,9999.9,8257.0,5119.3,,,,,,,,,,,,,,,,,,,,,,,,,,,,,,,,,,,,,,,,,,,,,,,,,,,,,,,,,,,,,,,,,,,,,,,,,,,,,,,,,,,,,,,,,,,,,,,,,,,,,,,,,,,,,,,,,,,,,,,,,,,,,,,,
20260824_岐阜_12R,20260824,43,岐阜,12,104.7,205.0,73.6,115.4,259.8,,,196.2,361.5,100.0,785.8,468.1,,,488.0,485.0,450.7,1496.1,288.3,,,53.3,22.1,122.8,254.0,179.0,,,332.7,1013.0,1379.4,677.7,1574.9,,,555.7,650.5,520.0,774.9,1655.3,,,,,,,,,,,,,,,,,47.1,102.5,28.6,49.7,113.6,,,60.0,92.9,24.4,63.2,86.9,,,141.9,111.4,124.9,101.5,80.9,,,19.6,12.9,67.4,27.0,58.1,,,27.8,27.6,35.3,14.6,38.8,,,176.0,113.0,110.6,122.5,122.9,,,,,,,,,,,,,,,,,268.4,519.3,151.6,965.2,742.3,,,205.2,295.8,107.1,362.5,392.5,,,939.6,660.4,621.4,1204.3,785.8,,,79.5,95.2,197.3,368.7,255.5,,,1568.5,774.9,1374.5,1034.5,1634.4,,,1175.2,864.4,1309.7,797.1,1784.4,,,,,,,,,,,,,,,,,882.0,1200.6,1071.6,2431.2,703.4,,,623.3,598.4,580.5,511.1,343.6,,,1346.0,930.6,904.6,1369.7,1057.0,,,997.4,666.0,572.9,1379.4,752.4,,,2610.7,776.4,1211.8,1296.6,1026.3,,,611.6,378.7,598.4,558.1,836.5,,,,,,,,,,,,,,,,,38.9,13.1,80.2,223.9,132.7,,,57.7,45.8,183.0,132.7,223.0,,,21.6,46.0,120.0,219.1,146.4,,,323.3,486.2,265.8,1134.1,593.8,,,716.3,425.1,592.9,1208.0,1045.7,,,392.5,544.8,396.9,915.2,1164.6,,,,,,,,,,,,,,,,,430.3,1784.4,2493.5,1134.1,2509.6,,,164.0,220.3,182.3,143.5,221.6,,,2149.1,764.2,1648.3,1394.2,2210.2,,,2525.9,602.1,1360.1,1332.1,1095.7,,,1219.4,495.5,1161.1,1479.0,1355.4,,,3063.0,872.1,2235.6,1760.1,1870.1,,,,,,,,,,,,,,,,,1065.7,1792.6,1473.4,1713.6,2401.2,,,782.6,692.1,653.7,688.4,664.9,,,2058.2,1196.9,1728.8,1283.8,2509.6,,,1013.0,554.9,882.0,892.2,1124.2,,,1525.4,1080.5,979.8,1662.3,2036.6,,,3039.0,1161.1,2593.3,1984.6,1826.2,,,,,,,,,,,,,,,,,,,,,,,,,,,,,,,,,,,,,,,,,,,,,,,,,,,,,,,,,,,,,,,,,,,,,,,,,,,,,,,,,,,,,,,,,,,,,,,,,,,,,,,,,,,,,,,,,,,,,,,,,,,,,,,,
20260824_防府_1R,20260824,63,防府,1,64.9,105.8,40.2,168.0,,,,58.1,75.2,138.0,137.1,,,,154.0,149.3,195.9,129.2,,,,131.1,209.5,278.8,424.0,,,,203.3,163.1,117.6,248.6,,,,,,,,,,,,,,,,,,,,,,,,,43.7,47.5,34.8,76.5,,,,37.3,28.2,20.0,62.0,,,,64.4,45.5,39.1,67.6,,,,16.3,11.3,17.6,26.9,,,,142.9,130.7,103.0,96.1,,,,,,,,,,,,,,,,,,,,,,,,,74.4,59.7,147.2,83.6,,,,66.8,65.1,46.5,116.7,,,,59.9,101.4,104.2,58.8,,,,228.4,116.2,187.6,293.4,,,,71.4,100.6,53.6,145.1,,,,,,,,,,,,,,,,,,,,,,,,,213.4,175.3,217.9,132.5,,,,182.0,146.8,85.3,196.2,,,,136.9,163.7,208.4,107.7,,,,390.5,212.7,374.0,416.9,,,,113.3,178.9,109.4,189.0,,,,,,,,,,,,,,,,,,,,,,,,,160.8,384.5,425.4,601.0,,,,50.0,40.2,56.4,129.9,,,,368.5,132.5,342.9,503.3,,,,552.7,214.2,460.2,669.2,,,,764.3,322.4,628.5,658.6,,,,,,,,,,,,,,,,,,,,,,,,,190.7,135.3,97.0,194.9,,,,195.2,173.6,155.9,166.8,,,,126.7,173.9,86.2,214.2,,,,96.9,154.3,99.6,157.1,,,,394.3,331.0,429.9,311.8,,,,,,,,,,,,,,,,,,,,,,,,,,,,,,,,,,,,,,,,,,,,,,,,,,,,,,,,,,,,,,,,,,,,,,,,,,,,,,,,,,,,,,,,,,,,,,,,,,,,,,,,,,,,,,,,,,,,,,,,,,,,,,,,,,,,,,,,,,,,,,,,,,,,,,,,,,,,,,,,,,,,,,,,,,,,,,,,,,,,,,,,,,,,,,,,
20260824_防府_2R,20260824,63,防府,2,27.2,10.9,25.5,96.0,,,,65.0,39.9,143.7,201.3,,,,8.3,14.1,29.8,48.5,,,,95.4,147.7,85.4,268.4,,,,161.8,196.3,114.5,300.8,,,,,,,,,,,,,,,,,,,,,,,,,37.0,14.2,17.3,114.6,,,,125.2,176.0,131.4,341.1,,,,21.3,124.3,43.6,231.3,,,,16.7,31.4,29.3,87.8,,,,304.4,451.2,397.6,248.5,,,,,,,,,,,,,,,,,,,,,,,,,246.1,181.7,471.3,546.1,,,,273.6,451.2,317.3,680.4,,,,265.6,645.9,854.0,810.5,,,,687.8,476.6,837.1,978.8,,,,623.7,710.9,655.9,942.6,,,,,,,,,,,,,,,,,,,,,,,,,12.4,22.3,52.1,81.2,,,,40.1,154.8,91.9,310.3,,,,166.5,294.5,459.3,541.5,,,,196.0,187.1,440.3,560.5,,,,308.8,487.5,560.5,620.7,,,,,,,,,,,,,,,,,,,,,,,,,175.5,345.7,243.7,639.4,,,,101.2,143.6,135.8,243.7,,,,623.7,367.7,1018.0,1087.6,,,,405.2,249.0,978.8,1060.4,,,,1398.3,591.8,1652.6,1211.9,,,,,,,,,,,,,,,,,,,,,,,,,322.9,425.5,241.4,534.6,,,,344.8,491.3,464.4,293.8,,,,541.5,583.7,608.8,922.1,,,,298.7,536.9,761.9,785.5,,,,775.9,553.2,915.4,731.3,,,,,,,,,,,,,,,,,,,,,,,,,,,,,,,,,,,,,,,,,,,,,,,,,,,,,,,,,,,,,,,,,,,,,,,,,,,,,,,,,,,,,,,,,,,,,,,,,,,,,,,,,,,,,,,,,,,,,,,,,,,,,,,,,,,,,,,,,,,,,,,,,,,,,,,,,,,,,,,,,,,,,,,,,,,,,,,,,,,,,,,,,,,,,,,,
20260824_防府_3R,20260824,63,防府,3,1169.5,893.9,1851.7,4320.7,1388.8,,,1152.2,781.6,2356.7,2880.5,694.4,,,840.8,937.0,836.2,6481.1,1254.4,,,3309.5,2728.9,1920.3,4574.9,2681.8,,,7777.4,4444.2,7070.3,5017.6,3793.8,,,1672.5,667.5,1340.9,2190.8,2222.1,,,,,,,,,,,,,,,,,766.2,392.7,914.9,2469.0,710.2,,,313.6,37.7,217.5,571.8,68.7,,,110.6,19.5,9.8,311.0,47.1,,,506.6,467.1,135.0,1340.9,495.3,,,2636.4,1135.3,1388.8,2777.6,1340.9,,,424.9,119.6,157.2,326.7,559.5,,,,,,,,,,,,,,,,,444.4,277.7,563.5,849.9,299.1,,,232.5,39.9,176.5,417.0,64.6,,,89.4,19.3,20.2,192.7,19.0,,,513.3,326.7,137.6,1440.2,286.9,,,773.8,978.2,723.4,2046.6,429.6,,,58.6,29.4,9.7,49.2,25.9,,,,,,,,,,,,,,,,,230.4,388.8,212.4,1874.0,432.0,,,80.7,24.6,10.7,344.1,48.2,,,148.9,31.5,38.8,411.5,40.4,,,97.8,30.5,69.0,505.0,94.2,,,3174.4,1003.5,1296.2,1143.7,1587.2,,,277.2,114.5,92.9,127.1,516.7,,,,,,,,,,,,,,,,,1427.0,1896.9,954.2,3703.5,1874.0,,,1010.0,1119.0,360.9,2728.9,997.1,,,1672.5,1196.5,495.3,3309.5,864.1,,,509.9,246.5,391.8,1119.0,465.7,,,5555.3,7777.4,6762.9,2592.4,2287.4,,,2222.1,1571.1,990.7,845.3,1896.9,,,,,,,,,,,,,,,,,9999.9,5555.3,7407.0,9149.9,5555.3,,,9149.9,2073.9,2991.3,7407.0,2828.1,,,5017.6,2430.4,1440.2,9999.9,1169.5,,,7407.0,2777.6,1709.3,3456.6,2880.5,,,7407.0,9721.7,9149.9,3110.9,2549.9,,,3535.1,2880.5,1103.1,2102.0,2430.4,,,,,,,,,,,,,,,,,840.8,407.1,679.2,997.1,990.7,,,612.3,159.0,233.2,505.0,645.4,,,104.3,68.1,36.6,127.7,61.1,,,393.7,190.3,98.1,219.0,467.1,,,1127.1,789.5,436.9,501.7,1205.8,,,899.1,888.8,283.3,642.7,920.4,,,,,,,,,,,,,,,,,,,,,,,,,,,,,,,,,,,,,,,,,,,,,,,,,,,,,,,,,,,,,,,,,,,,,,,,,,,,,,,,,,,,,,,,,,,,,,,,,,,,,,,,,,,,,,,,,,,,,,,,,,,,,,,,
20260824_防府_4R,20260824,63,防府,4,175.9,339.1,105.5,329.6,744.2,,,91.6,17.5,21.0,46.6,25.0,,,247.3,54.3,116.3,174.2,226.5,,,67.5,29.1,75.2,77.7,144.9,,,162.2,40.1,97.0,69.9,147.1,,,898.8,254.2,472.6,482.3,606.9,,,,,,,,,,,,,,,,,551.9,979.0,347.0,1034.4,1430.2,,,585.3,363.0,266.5,1111.3,472.6,,,1126.5,645.0,737.5,1787.8,1495.3,,,173.5,116.4,305.1,450.6,456.8,,,1695.7,1749.8,3045.9,1481.8,3738.2,,,2530.5,2005.8,2835.9,2082.0,3426.7,,,,,,,,,,,,,,,,,118.5,25.9,32.1,109.3,44.3,,,255.0,140.1,142.9,510.8,204.8,,,22.6,71.3,16.4,107.7,15.8,,,38.7,78.3,29.4,153.5,45.4,,,344.1,679.6,305.7,392.5,480.9,,,80.1,198.4,40.0,64.4,267.0,,,,,,,,,,,,,,,,,510.8,131.1,278.3,527.1,460.7,,,765.0,463.3,577.1,1551.7,1481.8,,,76.9,207.4,70.2,278.7,38.2,,,288.0,318.7,120.0,724.5,627.7,,,1150.2,1749.8,637.5,1537.2,2492.1,,,924.0,2164.2,369.6,934.5,2164.2,,,,,,,,,,,,,,,,,91.8,47.5,104.4,136.8,215.0,,,93.1,64.3,116.6,239.4,247.7,,,44.5,68.6,49.7,159.5,54.9,,,160.4,138.8,89.1,419.6,387.9,,,344.8,444.5,321.8,676.8,696.9,,,548.2,563.2,270.9,945.3,1015.3,,,,,,,,,,,,,,,,,591.6,271.8,460.7,539.2,874.9,,,1468.6,2030.6,3289.6,2193.1,3916.2,,,551.9,2056.0,737.5,956.2,1768.6,,,1191.9,3225.1,929.2,2108.7,3655.1,,,903.7,1869.1,1158.3,1981.7,1713.3,,,2030.6,4568.9,4445.4,4445.4,2349.7,,,,,,,,,,,,,,,,,2990.6,734.3,1370.6,1566.5,2284.4,,,3426.7,3163.1,4837.7,2937.2,4328.5,,,676.8,1713.3,482.3,674.1,2885.6,,,1912.5,4445.4,655.3,2222.7,4112.0,,,1848.1,2652.9,814.2,2418.8,2316.6,,,3225.1,4568.9,3738.2,4837.7,2383.8,,,,,,,,,,,,,,,,,,,,,,,,,,,,,,,,,,,,,,,,,,,,,,,,,,,,,,,,,,,,,,,,,,,,,,,,,,,,,,,,,,,,,,,,,,,,,,,,,,,,,,,,,,,,,,,,,,,,,,,,,,,,,,,,
20260824_防府_5R,20260824,63,防府,5,514.3,136.9,110.8,643.3,262.6,,,965.0,880.2,388.1,935.0,1031.2,,,75.4,425.0,40.3,336.0,108.3,,,24.6,97.9,15.8,76.5,7.5,,,743.3,559.5,568.5,236.3,611.5,,,199.5,383.8,141.5,43.8,539.4,,,,,,,,,,,,,,,,,806.0,134.7,154.0,818.5,496.1,,,1113.0,624.2,1051.8,713.1,1813.5,,,63.2,184.3,60.8,143.3,218.9,,,130.7,602.7,104.0,351.2,430.2,,,899.0,474.8,328.1,651.3,1431.1,,,1073.3,2311.8,906.7,1188.5,2337.5,,,,,,,,,,,,,,,,,1357.2,1558.3,965.0,1062.5,1643.5,,,1481.5,1216.0,1471.1,776.2,2214.4,,,1546.8,1282.7,1298.6,828.2,2390.6,,,935.0,1357.2,1282.7,1036.3,1930.0,,,506.9,460.3,378.3,519.4,973.9,,,2286.6,2842.9,3339.2,2697.1,2125.0,,,,,,,,,,,,,,,,,53.7,282.3,41.6,232.4,109.9,,,25.2,72.3,29.4,86.3,121.8,,,613.3,405.3,649.3,496.1,1375.0,,,33.5,45.6,212.5,181.5,192.4,,,397.6,252.8,254.6,307.1,1026.2,,,542.2,568.5,1710.3,694.3,1460.9,,,,,,,,,,,,,,,,,26.8,57.1,14.7,54.3,7.8,,,88.2,329.7,64.0,226.6,213.1,,,283.5,608.0,455.3,449.5,787.9,,,32.1,35.4,204.8,178.4,166.0,,,179.0,375.6,204.2,273.2,427.5,,,116.9,377.6,821.7,414.1,604.5,,,,,,,,,,,,,,,,,317.3,236.1,386.0,181.3,405.3,,,332.3,227.9,248.0,345.4,730.4,,,160.1,166.8,167.0,201.3,518.1,,,485.8,241.5,308.9,360.8,973.9,,,225.0,467.5,372.3,362.0,635.5,,,1440.9,1643.5,1630.8,1696.5,992.3,,,,,,,,,,,,,,,,,1001.7,1767.8,525.9,212.9,2082.9,,,1558.3,2337.5,1471.1,1471.1,2697.1,,,2881.8,3236.5,4573.3,3287.1,3690.7,,,1440.9,1630.8,3756.6,1440.9,2921.8,,,326.6,1209.0,2022.8,1162.2,1259.7,,,3236.5,2732.1,2881.8,3187.5,1366.0,,,,,,,,,,,,,,,,,,,,,,,,,,,,,,,,,,,,,,,,,,,,,,,,,,,,,,,,,,,,,,,,,,,,,,,,,,,,,,,,,,,,,,,,,,,,,,,,,,,,,,,,,,,,,,,,,,,,,,,,,,,,,,,,
20260824_防府_6R,20260824,63,防府,6,1229.0,916.8,706.5,3983.6,1069.6,,,1089.8,1055.0,310.9,2139.3,494.7,,,1040.7,1203.4,519.2,2686.6,813.5,,,193.8,127.5,169.7,559.4,92.3,,,5022.9,3726.6,3000.7,1893.8,3610.2,,,1031.4,598.5,837.1,354.3,2432.1,,,,,,,,,,,,,,,,,2243.2,1627.1,1095.0,5635.4,1593.4,,,2265.2,2265.2,865.3,3000.7,1582.5,,,1530.1,1974.8,740.5,750.1,598.5,,,579.0,463.0,434.3,1235.5,395.6,,,4443.3,3000.7,1627.1,2783.7,4053.5,,,2179.7,1848.4,1017.8,849.4,3448.5,,,,,,,,,,,,,,,,,1036.1,983.2,271.8,1662.2,461.1,,,1471.6,1530.1,548.8,2458.0,974.9,,,1229.0,1417.5,527.5,1662.2,760.0,,,87.6,112.8,101.2,493.7,24.9,,,3397.8,3300.7,2625.6,2026.7,3500.8,,,525.1,627.8,542.3,136.0,1674.3,,,,,,,,,,,,,,,,,1161.0,1166.9,476.4,2718.2,805.0,,,1050.2,1359.1,634.7,1026.9,621.1,,,1184.8,1805.1,586.4,1991.8,1110.8,,,241.9,387.6,246.5,595.5,224.3,,,2432.1,1327.8,1819.3,1138.1,2044.7,,,987.4,1138.1,1283.6,482.3,2718.2,,,,,,,,,,,,,,,,,45.3,28.0,44.9,147.0,15.4,,,69.8,40.4,18.1,171.1,22.7,,,19.0,20.8,23.4,124.9,4.4,,,72.1,33.9,56.7,140.2,29.5,,,307.6,238.6,257.5,197.9,179.6,,,20.8,19.3,11.8,16.4,111.7,,,,,,,,,,,,,,,,,3610.2,2783.7,3165.1,2333.8,4715.3,,,4715.3,3300.7,1571.7,3165.1,4715.3,,,3983.6,3850.9,2817.7,2783.7,2783.7,,,3726.6,1375.3,2432.1,1662.2,3300.7,,,1235.5,1650.3,1143.8,1089.8,865.3,,,3983.6,5776.3,4715.3,3850.9,1627.1,,,,,,,,,,,,,,,,,1481.1,862.1,1359.1,453.0,3610.2,,,1724.2,1791.1,1132.6,726.5,3348.6,,,760.0,1283.6,1197.1,333.4,2119.7,,,1444.0,1248.9,1777.3,569.0,2511.4,,,230.3,247.6,162.3,224.7,640.0,,,3397.8,5251.2,4443.3,3726.6,1203.4,,,,,,,,,,,,,,,,,,,,,,,,,,,,,,,,,,,,,,,,,,,,,,,,,,,,,,,,,,,,,,,,,,,,,,,,,,,,,,,,,,,,,,,,,,,,,,,,,,,,,,,,,,,,,,,,,,,,,,,,,,,,,,,,
20260824_防府_7R,20260824,63,防府,7,206.9,77.0,184.7,89.2,130.5,,,648.6,425.7,1386.4,441.8,1056.3,,,80.1,128.8,271.8,33.8,205.7,,,713.2,1519.3,720.2,695.3,1066.4,,,54.5,148.9,15.3,241.3,106.4,,,133.1,558.7,206.3,585.3,198.9,,,,,,,,,,,,,,,,,167.2,66.9,75.8,89.0,64.1,,,373.4,631.9,275.5,617.9,258.5,,,177.3,416.1,301.8,296.5,279.7,,,59.7,88.4,134.3,146.3,23.7,,,76.7,436.6,215.3,143.3,128.8,,,15.8,47.2,66.2,6.3,38.2,,,,,,,,,,,,,,,,,935.9,815.5,2035.1,972.9,1540.4,,,866.5,1282.2,815.5,1562.1,684.6,,,1260.4,1619.2,2880.9,1529.8,1746.7,,,2240.7,1218.8,3636.5,3636.5,2112.6,,,821.5,1667.9,1205.6,3080.9,2092.7,,,1412.9,853.1,2132.9,1879.9,2411.2,,,,,,,,,,,,,,,,,291.8,335.0,660.2,171.6,654.3,,,496.2,1509.0,1377.8,806.6,968.6,,,873.3,1980.6,2918.8,1253.2,2672.6,,,2263.5,2520.8,3521.1,2153.7,2957.7,,,217.2,626.6,591.5,1312.6,1046.3,,,1328.3,1253.2,2880.9,2957.7,1719.6,,,,,,,,,,,,,,,,,1046.3,2437.7,1449.8,1693.3,1421.9,,,455.5,630.2,732.1,972.9,130.3,,,2492.4,1395.1,3124.3,3891.7,2053.9,,,2640.8,2174.8,2807.9,2310.7,2807.9,,,1895.9,1818.2,4107.9,1469.0,1205.6,,,968.6,211.2,1344.4,1509.0,1098.1,,,,,,,,,,,,,,,,,56.0,164.1,14.8,191.7,81.3,,,117.8,749.4,274.2,211.8,177.0,,,589.9,1369.3,704.2,1980.6,1395.1,,,104.2,465.0,354.9,792.2,554.5,,,866.5,1161.4,1667.9,1126.0,1092.7,,,135.7,137.5,968.6,346.6,664.1,,,,,,,,,,,,,,,,,62.6,263.7,90.9,240.3,97.7,,,15.3,77.8,64.4,9.5,47.8,,,739.4,427.4,1199.0,1022.2,1022.2,,,353.2,415.4,772.9,964.4,518.2,,,389.8,115.5,594.7,724.9,495.1,,,81.1,120.1,445.4,193.0,304.7,,,,,,,,,,,,,,,,,,,,,,,,,,,,,,,,,,,,,,,,,,,,,,,,,,,,,,,,,,,,,,,,,,,,,,,,,,,,,,,,,,,,,,,,,,,,,,,,,,,,,,,,,,,,,,,,,,,,,,,,,,,,,,,,
20260824_防府_8R,20260824,63,防府,8,314.8,810.7,279.1,752.3,523.7,,,113.3,106.2,22.5,130.0,24.5,,,833.5,549.7,657.6,1387.1,548.0,,,89.9,24.9,151.7,17.8,55.6,,,556.6,390.2,1096.0,155.6,765.3,,,273.5,55.2,196.1,121.2,567.2,,,,,,,,,,,,,,,,,500.1,1387.1,528.4,1138.1,765.3,,,373.8,638.6,508.7,986.4,247.9,,,1951.1,1455.3,2573.2,1869.0,991.9,,,660.0,874.6,1543.9,792.6,905.9,,,2088.9,1628.9,1888.8,1398.0,2017.6,,,672.5,295.4,595.8,782.1,1286.6,,,,,,,,,,,,,,,,,65.7,71.9,20.2,125.2,23.0,,,145.7,255.4,193.4,378.5,110.6,,,206.4,256.2,292.9,508.7,72.2,,,58.8,149.5,206.4,104.1,69.6,,,406.3,495.9,652.7,313.1,366.0,,,10.7,23.6,5.0,13.9,67.9,,,,,,,,,,,,,,,,,2017.6,1168.1,2192.0,3945.7,1026.3,,,1793.5,1543.9,2818.3,2536.5,1628.9,,,975.5,1152.9,1387.1,1614.1,354.4,,,2910.7,4330.6,2650.0,2573.2,2611.1,,,5222.2,4129.2,2276.3,2611.1,3228.3,,,1020.4,1076.1,302.9,1335.0,2500.7,,,,,,,,,,,,,,,,,283.6,137.2,640.9,76.6,222.2,,,727.6,1044.4,1811.8,648.0,1233.0,,,209.3,605.9,975.5,346.1,288.2,,,1929.9,3170.6,2165.3,1723.8,2064.6,,,185.1,369.1,634.1,934.5,366.8,,,585.9,1259.2,425.7,986.4,752.3,,,,,,,,,,,,,,,,,1504.7,1431.9,2690.2,775.3,2247.5,,,2219.4,1376.4,2432.2,1644.0,2863.8,,,1175.8,1233.0,1492.0,1420.4,1325.0,,,4672.5,3288.0,2336.2,2399.4,3699.0,,,445.0,570.9,1216.1,1345.1,634.1,,,2399.4,2432.2,1888.8,2017.6,1365.8,,,,,,,,,,,,,,,,,476.0,115.5,296.4,283.6,997.5,,,570.9,251.4,525.3,746.0,1233.0,,,35.8,46.0,16.0,46.1,166.7,,,408.1,365.3,90.1,662.5,1056.8,,,556.6,841.5,219.2,727.6,648.0,,,1929.9,1909.2,901.3,1775.5,1003.1,,,,,,,,,,,,,,,,,,,,,,,,,,,,,,,,,,,,,,,,,,,,,,,,,,,,,,,,,,,,,,,,,,,,,,,,,,,,,,,,,,,,,,,,,,,,,,,,,,,,,,,,,,,,,,,,,,,,,,,,,,,,,,,,
20260824_防府_9R,20260824,63,防府,9,1702.1,1368.8,1238.9,2302.9,854.7,,,615.5,164.3,137.6,350.8,64.6,,,689.2,353.9,367.2,503.2,226.0,,,331.2,226.0,207.3,172.9,56.5,,,1009.0,641.7,542.2,370.0,246.5,,,166.8,36.9,60.9,14.4,86.6,,,,,,,,,,,,,,,,,2796.3,2199.4,2151.0,3208.9,1553.5,,,2416.6,545.2,2645.2,1829.4,1418.4,,,1631.2,482.1,2199.4,1418.4,1124.9,,,2446.8,3058.5,2609.9,3434.1,2609.9,,,4164.8,2509.5,2416.6,4164.8,2836.9,,,1644.9,1541.3,1359.3,2127.6,2609.9,,,,,,,,,,,,,,,,,178.2,59.8,44.1,157.7,23.7,,,484.5,111.4,615.5,494.3,349.5,,,34.2,12.4,99.3,114.4,27.3,,,152.5,560.8,285.7,375.7,159.5,,,466.0,701.6,353.9,587.8,314.7,,,15.3,76.7,25.1,49.4,88.8,,,,,,,,,,,,,,,,,738.6,414.7,652.4,932.1,363.8,,,659.0,272.2,1331.6,724.9,758.7,,,159.0,72.3,359.8,296.1,125.0,,,1138.0,1673.0,1179.1,1296.3,1035.6,,,1449.9,1081.4,802.2,1505.7,1223.4,,,319.3,517.8,206.0,575.7,738.6,,,,,,,,,,,,,,,,,973.8,567.3,559.2,512.4,168.8,,,1578.6,2060.4,1882.1,2302.9,1529.2,,,733.1,1882.1,988.6,1763.4,580.8,,,1200.9,1795.8,1359.3,1359.3,1087.4,,,1271.0,1919.0,2082.4,1279.3,699.0,,,218.9,866.1,479.7,672.6,491.8,,,,,,,,,,,,,,,,,1541.3,1144.7,1041.2,631.4,483.3,,,2681.4,1812.4,1368.8,2224.3,1747.7,,,1418.4,1418.4,609.8,1977.2,727.6,,,1494.2,1041.2,694.1,1246.7,998.7,,,1208.3,2446.8,2018.0,1215.8,747.1,,,524.7,1200.9,646.0,755.7,623.3,,,,,,,,,,,,,,,,,89.9,18.0,38.2,7.8,70.4,,,326.2,326.2,292.1,448.9,467.1,,,21.4,80.6,23.7,55.6,94.8,,,93.7,118.7,68.1,156.5,214.3,,,47.7,296.5,121.5,188.3,172.1,,,202.4,385.3,222.9,244.6,183.8,,,,,,,,,,,,,,,,,,,,,,,,,,,,,,,,,,,,,,,,,,,,,,,,,,,,,,,,,,,,,,,,,,,,,,,,,,,,,,,,,,,,,,,,,,,,,,,,,,,,,,,,,,,,,,,,,,,,,,,,,,,,,,,,
20260824_防府_10R,20260824,63,防府,10,254.0,80.0,67.5,365.6,433.9,,,265.9,174.3,284.0,1060.6,294.6,,,27.6,82.5,40.2,19.5,126.7,,,67.4,357.3,75.5,542.1,584.8,,,893.9,1484.9,228.0,885.0,1572.3,,,968.4,673.2,552.2,1095.4,1600.5,,,,,,,,,,,,,,,,,243.2,91.3,57.2,478.1,410.5,,,232.2,206.4,79.8,552.2,212.1,,,89.1,175.7,48.9,196.6,258.0,,,19.0,24.8,13.2,82.6,52.3,,,1090.9,1323.2,614.4,515.0,1370.7,,,680.1,460.0,515.0,268.0,986.3,,,,,,,,,,,,,,,,,291.1,180.3,304.4,1020.1,304.4,,,258.0,263.3,145.6,666.5,210.4,,,126.9,214.6,233.4,166.8,151.6,,,264.9,122.2,256.7,710.8,229.0,,,1691.7,1363.7,610.2,1056.4,793.1,,,176.0,135.8,94.6,159.8,245.2,,,,,,,,,,,,,,,,,36.3,70.0,47.5,23.7,126.0,,,75.6,238.0,72.3,154.1,290.5,,,150.6,284.9,365.6,199.0,249.5,,,83.1,67.2,256.5,148.1,370.2,,,67.9,175.0,186.7,199.0,295.6,,,356.8,581.0,534.5,761.5,499.6,,,,,,,,,,,,,,,,,65.9,261.2,73.1,456.9,459.2,,,21.3,27.2,12.4,83.4,49.8,,,231.2,107.3,221.2,669.9,203.7,,,75.9,45.9,153.9,111.5,292.7,,,1069.1,584.8,1639.8,519.0,1182.7,,,674.9,272.7,418.9,591.3,893.9,,,,,,,,,,,,,,,,,1713.4,2173.1,526.1,2265.1,2595.0,,,2072.0,2104.6,1048.2,1243.2,2937.2,,,2937.2,2246.1,848.5,3037.4,1994.7,,,351.6,730.3,539.9,712.7,1152.1,,,1172.3,1303.8,3259.6,934.5,1965.3,,,3563.8,3259.6,2646.4,2040.3,2284.5,,,,,,,,,,,,,,,,,1781.9,1056.4,961.4,1724.4,2498.0,,,1162.1,701.5,890.9,614.4,1713.4,,,430.4,329.1,316.6,402.5,730.3,,,845.8,986.3,768.0,1303.8,1118.3,,,1818.3,690.6,827.5,1249.0,1735.6,,,3471.3,3037.4,2246.1,1830.7,2024.9,,,,,,,,,,,,,,,,,,,,,,,,,,,,,,,,,,,,,,,,,,,,,,,,,,,,,,,,,,,,,,,,,,,,,,,,,,,,,,,,,,,,,,,,,,,,,,,,,,,,,,,,,,,,,,,,,,,,,,,,,,,,,,,,
20260824_防府_11R,20260824,63,防府,11,2750.7,1007.9,2722.3,2901.8,1184.1,,,4001.0,2467.9,3883.4,5078.2,2400.6,,,636.3,1281.8,1118.9,1069.1,181.7,,,4191.6,3941.3,2934.1,4001.0,3220.3,,,2967.0,5501.4,2491.2,2934.1,1846.6,,,916.9,1725.9,240.0,1340.4,1326.9,,,,,,,,,,,,,,,,,2316.4,691.2,1886.2,2079.3,709.8,,,1796.4,1035.5,693.1,1354.2,895.1,,,327.6,706.0,634.7,520.8,134.1,,,1660.8,926.5,1027.5,1275.7,926.5,,,960.2,960.2,528.1,802.6,477.5,,,283.9,462.4,126.1,415.8,415.2,,,,,,,,,,,,,,,,,3385.5,1859.6,2514.9,3719.3,2336.9,,,2445.1,1184.1,865.8,1435.1,960.2,,,713.7,898.2,465.7,1281.8,362.2,,,838.3,386.6,228.4,417.8,260.9,,,3342.6,1681.9,1412.1,920.1,1031.5,,,880.2,608.4,314.3,354.4,812.5,,,,,,,,,,,,,,,,,111.1,233.2,257.1,253.4,37.7,,,129.4,311.4,370.8,280.9,60.1,,,352.0,458.4,359.7,622.8,160.0,,,398.2,533.4,356.3,631.7,168.1,,,440.1,428.6,772.1,717.5,182.7,,,5.9,13.7,36.0,37.7,55.8,,,,,,,,,,,,,,,,,3300.8,2514.9,2219.0,4259.2,2112.5,,,2164.5,1148.1,1200.3,1671.3,963.7,,,1027.5,489.0,403.7,582.9,430.0,,,1073.4,1100.2,731.4,1340.4,453.7,,,2901.8,1833.8,1133.3,1326.9,822.6,,,1450.9,913.7,663.4,537.8,892.1,,,,,,,,,,,,,,,,,1281.8,2296.2,1228.2,1600.4,892.1,,,648.8,537.8,342.5,530.2,271.3,,,1640.1,916.9,860.1,713.7,533.4,,,390.6,376.1,619.8,554.7,173.3,,,1458.9,992.7,758.8,943.1,486.3,,,237.6,161.2,230.6,103.8,196.4,,,,,,,,,,,,,,,,,171.5,399.5,62.1,382.1,378.3,,,95.7,119.3,29.5,113.8,126.4,,,279.1,130.4,84.0,64.8,293.4,,,4.2,7.7,20.2,28.2,35.5,,,389.4,206.1,162.4,152.4,313.9,,,264.8,147.8,277.6,98.4,199.4,,,,,,,,,,,,,,,,,,,,,,,,,,,,,,,,,,,,,,,,,,,,,,,,,,,,,,,,,,,,,,,,,,,,,,,,,,,,,,,,,,,,,,,,,,,,,,,,,,,,,,,,,,,,,,,,,,,,,,,,,,,,,,,,
20260824_防府_12R,20260824,63,防府,12,1967.9,1541.3,568.9,1777.8,400.6,,,2979.9,2844.5,2897.2,3328.7,1067.9,,,2629.3,2005.7,2483.3,4171.9,945.3,,,687.6,2018.7,1955.6,1448.6,376.9,,,1980.3,2564.7,3364.5,1137.8,544.1,,,85.7,188.1,227.2,80.2,77.5,,,,,,,,,,,,,,,,,2128.5,1360.4,501.4,1682.2,404.2,,,2370.4,1673.2,701.5,2099.9,790.1,,,2283.9,1992.9,1372.3,3008.6,1314.6,,,342.3,343.0,489.6,560.7,109.7,,,2388.5,2629.3,2924.2,1378.4,1158.8,,,182.1,376.9,627.0,113.0,272.5,,,,,,,,,,,,,,,,,3438.4,2674.3,3128.9,4345.8,1212.7,,,3960.7,1629.6,1564.4,3128.9,1469.0,,,1303.7,1113.5,1075.2,2072.1,482.1,,,3192.8,2045.0,2607.4,4286.2,1198.8,,,5587.4,3476.6,3067.6,4601.4,2425.5,,,678.7,956.8,591.4,732.7,968.7,,,,,,,,,,,,,,,,,2629.3,2629.3,3596.5,4966.6,1002.8,,,2629.3,2425.5,2203.5,5214.9,2114.1,,,1303.7,1053.5,1348.7,1691.3,474.8,,,3515.7,2697.4,2607.4,3192.8,1819.1,,,5303.3,5214.9,3128.9,3438.4,2564.7,,,593.7,1271.9,632.1,996.4,1158.8,,,,,,,,,,,,,,,,,790.1,1738.3,1955.6,2085.9,368.9,,,429.8,451.5,646.4,823.4,140.3,,,2267.3,1372.3,2219.1,3008.6,1036.0,,,2818.9,1777.8,1767.7,3037.8,1497.1,,,2585.9,1967.9,3192.8,3008.6,823.4,,,213.0,161.2,409.5,559.7,305.2,,,,,,,,,,,,,,,,,3160.5,3862.9,5214.9,3008.6,843.3,,,4117.0,3596.5,5689.0,2951.8,1798.2,,,5303.3,3911.2,3555.6,6017.2,2951.8,,,7449.9,6385.6,3515.7,4534.7,3476.6,,,4063.6,3911.2,5587.4,4117.0,1154.6,,,462.8,1060.6,1673.2,1798.2,737.9,,,,,,,,,,,,,,,,,7.3,20.9,26.2,5.9,4.5,,,23.9,94.4,120.4,21.1,48.5,,,75.3,142.8,113.6,113.3,112.8,,,85.7,156.6,74.6,132.9,153.4,,,19.9,24.0,70.5,109.9,39.5,,,16.4,41.0,71.5,103.6,31.5,,,,,,,,,,,,,,,,,,,,,,,,,,,,,,,,,,,,,,,,,,,,,,,,,,,,,,,,,,,,,,,,,,,,,,,,,,,,,,,,,,,,,,,,,,,,,,,,,,,,,,,,,,,,,,,,,,,,,,,,,,,,,,,,
20260824_青森_1R,20260824,12,青森,1,21.9,11.1,156.8,6.3,211.2,,,82.3,127.9,601.7,515.2,2279.3,,,37.3,99.7,576.6,185.2,1588.0,,,949.7,1052.9,954.4,2105.9,4843.6,,,52.9,423.0,291.7,905.3,556.7,,,1082.3,3229.1,4122.2,5098.6,1641.9,,,,,,,,,,,,,,,,,23.1,7.1,103.4,4.7,143.9,,,116.1,103.7,357.4,474.8,2083.3,,,14.7,39.3,202.8,99.5,654.5,,,787.5,922.6,868.8,1881.0,2807.9,,,121.7,659.0,342.3,1345.4,765.8,,,1435.1,2618.2,2083.3,2334.3,2152.7,,,,,,,,,,,,,,,,,371.1,375.4,954.4,1364.4,4843.6,,,383.6,354.8,1345.4,1562.4,5236.4,,,266.1,289.1,327.2,864.9,2807.9,,,1291.6,2452.5,654.5,2583.3,9999.9,,,2226.9,2334.3,1777.5,3027.3,7175.8,,,9999.9,9999.9,9226.0,9999.9,9999.9,,,,,,,,,,,,,,,,,17.1,67.4,271.3,68.0,872.7,,,10.9,31.9,188.1,85.6,601.7,,,64.9,51.2,79.1,315.5,1025.1,,,849.7,993.5,511.2,1777.5,4967.8,,,282.0,523.6,945.1,1588.0,2891.7,,,3340.4,3340.4,3655.6,4725.5,3655.6,,,,,,,,,,,,,,,,,2391.9,1588.0,1588.0,4725.5,9999.9,,,2176.9,2690.9,2483.9,5236.4,8423.8,,,1549.9,3725.9,864.9,4122.2,9999.9,,,1588.0,2690.9,831.5,2618.2,9226.0,,,5871.1,9226.0,5098.6,3027.3,3522.6,,,9999.9,9999.9,9999.9,9999.9,4211.9,,,,,,,,,,,,,,,,,318.1,2018.2,1003.8,3798.9,2279.3,,,350.9,2083.3,998.6,6680.9,3874.9,,,2849.2,2279.3,2039.4,4725.5,9999.9,,,1167.1,1153.2,2018.2,2849.2,8423.8,,,6458.2,9999.9,5535.6,3283.8,3587.9,,,3176.1,3798.9,6919.5,7451.8,3283.8,,,,,,,,,,,,,,,,,4967.8,9999.9,7451.8,9999.9,4505.7,,,3176.1,8806.7,6919.5,8806.7,6249.9,,,9687.3,9999.9,9999.9,9999.9,9999.9,,,6458.2,6680.9,9226.0,8423.8,7451.8,,,9999.9,9999.9,9999.9,9687.3,3459.7,,,3655.6,6249.9,9999.9,6249.9,1113.4,,,,,,,,,,,,,,,,,,,,,,,,,,,,,,,,,,,,,,,,,,,,,,,,,,,,,,,,,,,,,,,,,,,,,,,,,,,,,,,,,,,,,,,,,,,,,,,,,,,,,,,,,,,,,,,,,,,,,,,,,,,,,,,,
20260824_青森_2R,20260824,12,青森,2,58.4,127.7,89.4,213.3,85.3,,,29.9,13.6,10.6,34.3,49.2,,,132.9,40.0,16.9,138.0,228.2,,,31.0,6.3,2.5,59.0,35.7,,,351.6,160.4,365.0,296.4,404.9,,,60.4,110.2,265.0,137.8,284.0,,,,,,,,,,,,,,,,,617.3,1182.1,733.0,1663.5,935.3,,,907.8,2778.1,1615.1,1509.8,1852.0,,,2572.3,4789.8,4274.0,4873.8,5556.2,,,1683.7,2277.1,3268.3,4274.0,3516.5,,,5447.2,2864.0,5787.7,7937.4,5144.6,,,1329.2,1704.3,3912.8,2120.6,3268.3,,,,,,,,,,,,,,,,,191.0,68.1,31.9,138.7,240.3,,,540.4,1663.5,887.5,1213.1,1182.1,,,335.9,1852.0,443.0,964.6,1747.2,,,91.8,675.9,225.8,422.2,988.6,,,339.2,1167.2,961.2,661.4,995.7,,,819.5,1534.8,2458.5,1615.1,1942.7,,,,,,,,,,,,,,,,,1192.3,588.5,280.9,1673.5,2073.2,,,1725.5,6460.7,5144.6,9260.3,9260.3,,,798.3,6039.3,1518.0,1725.5,4789.8,,,402.0,3307.2,1192.3,2277.1,4340.8,,,4554.2,8961.6,4146.4,3754.2,9999.9,,,4085.4,9579.6,6945.2,8170.9,9999.9,,,,,,,,,,,,,,,,,178.5,57.9,32.1,377.4,288.1,,,862.7,1182.1,2104.6,2548.7,3387.9,,,168.8,1202.6,404.9,1036.6,1877.1,,,188.0,1634.1,594.8,1329.2,2620.8,,,1693.9,6173.5,2354.3,1942.7,3268.3,,,817.0,2834.8,2806.1,1257.0,3387.9,,,,,,,,,,,,,,,,,5447.2,1218.4,4146.4,2137.0,4708.6,,,6775.8,3754.2,9921.8,9999.9,8418.5,,,1147.9,2778.1,2778.1,2502.8,4340.8,,,7310.8,9999.9,4340.8,4554.2,9999.9,,,2436.9,9999.9,3516.5,2137.0,3858.4,,,7123.3,9921.8,6945.2,9999.9,5241.7,,,,,,,,,,,,,,,,,1072.6,1162.3,2354.3,1098.0,2750.6,,,1002.9,1683.7,4340.8,2806.1,3607.9,,,1769.4,2864.0,4789.8,3858.4,4085.4,,,4340.8,8681.6,6039.3,8681.6,8681.6,,,974.7,4146.4,3607.9,1454.5,3472.6,,,5342.5,7937.4,6460.7,9921.8,3561.6,,,,,,,,,,,,,,,,,,,,,,,,,,,,,,,,,,,,,,,,,,,,,,,,,,,,,,,,,,,,,,,,,,,,,,,,,,,,,,,,,,,,,,,,,,,,,,,,,,,,,,,,,,,,,,,,,,,,,,,,,,,,,,,,
20260824_青森_3R,20260824,12,青森,3,49.6,369.4,169.6,713.6,1094.1,,,49.2,311.7,171.2,424.7,875.9,,,857.2,759.9,1519.9,1899.9,3195.3,,,792.0,728.4,1358.3,2603.5,3559.3,,,1129.2,870.5,1825.8,2343.2,798.8,,,2162.9,2052.4,4135.1,3851.8,1313.9,,,,,,,,,,,,,,,,,76.1,367.0,277.0,787.6,1212.0,,,30.4,18.2,5.1,98.3,110.6,,,514.9,121.2,232.0,1029.9,1714.5,,,371.9,45.0,189.8,1073.2,1332.6,,,1427.3,486.4,1266.6,1579.7,1939.2,,,2556.2,997.1,2729.9,3089.9,2703.7,,,,,,,,,,,,,,,,,36.4,105.5,112.5,170.3,208.9,,,15.1,9.1,2.4,35.4,36.8,,,181.0,59.0,129.0,200.9,431.2,,,194.5,49.5,111.8,442.8,499.4,,,195.6,133.0,265.7,317.0,140.5,,,221.9,202.5,317.7,597.0,287.5,,,,,,,,,,,,,,,,,1033.7,1278.1,2959.8,3514.8,4463.3,,,928.0,366.1,1065.1,2114.1,2811.8,,,1029.9,335.5,803.3,1107.0,2510.6,,,4535.2,1634.8,1472.1,3269.6,6248.6,,,3960.4,2603.5,1528.1,4016.9,6248.6,,,7209.9,5623.7,5623.7,9696.1,8270.2,,,,,,,,,,,,,,,,,1779.6,1196.5,2898.8,4686.4,7029.7,,,1186.4,250.6,817.4,3429.1,3089.9,,,979.7,284.6,792.0,2729.9,4135.1,,,2959.8,1673.7,1283.9,2959.8,6858.2,,,8787.1,5982.7,4393.5,3471.4,2991.3,,,7599.6,7810.7,6694.9,8787.1,3960.4,,,,,,,,,,,,,,,,,2130.2,1094.1,2991.3,5207.1,1464.5,,,1939.2,684.1,1862.1,2403.3,2362.9,,,873.2,504.8,834.3,1332.6,887.0,,,3749.1,2579.7,1313.9,2756.7,4196.8,,,5623.7,4393.5,2959.8,2929.0,2756.7,,,1129.2,1487.7,1147.7,1746.5,1814.1,,,,,,,,,,,,,,,,,3308.1,4260.4,5982.7,9999.9,1966.3,,,3799.8,1874.5,7209.9,6539.2,4325.9,,,2929.0,2098.4,4393.5,6390.6,2267.6,,,8033.9,7399.6,7029.7,9999.9,7599.6,,,9696.1,8270.2,7810.7,9696.1,3749.1,,,1528.1,2231.6,1966.3,4463.3,2179.7,,,,,,,,,,,,,,,,,,,,,,,,,,,,,,,,,,,,,,,,,,,,,,,,,,,,,,,,,,,,,,,,,,,,,,,,,,,,,,,,,,,,,,,,,,,,,,,,,,,,,,,,,,,,,,,,,,,,,,,,,,,,,,,,
20260824_青森_4R,20260824,12,青森,4,6.7,21.5,3.3,32.6,109.6,,,32.2,88.1,68.4,194.5,417.3,,,110.2,236.8,274.1,676.1,850.6,,,14.0,47.8,103.7,215.6,378.2,,,116.0,283.2,534.2,376.7,1266.7,,,497.5,1070.4,1224.0,938.7,3021.7,,,,,,,,,,,,,,,,,11.6,24.1,5.4,28.8,147.4,,,72.8,145.5,281.0,193.7,716.2,,,217.7,338.8,784.0,657.7,954.2,,,68.6,243.1,452.5,587.2,1213.7,,,153.5,180.9,431.6,656.3,1457.7,,,636.1,2086.9,1696.4,2789.3,3412.8,,,,,,,,,,,,,,,,,142.6,167.9,250.7,358.1,786.1,,,206.6,414.4,569.9,545.2,1408.1,,,200.0,442.2,648.9,249.4,388.8,,,697.3,1124.3,1128.7,2000.6,3767.3,,,348.2,443.5,227.5,1028.6,895.3,,,2590.0,4329.6,1229.1,6306.2,2197.6,,,,,,,,,,,,,,,,,573.2,609.4,1078.3,1921.1,1768.8,,,573.2,1090.5,2500.7,2339.4,2072.0,,,466.3,898.1,1115.7,702.3,743.8,,,2358.4,3920.1,2377.7,2930.1,7075.3,,,2284.1,2960.0,1036.0,3453.4,2544.6,,,2544.6,2590.0,1495.2,5180.1,2661.3,,,,,,,,,,,,,,,,,111.6,314.6,520.8,1450.4,1667.1,,,176.2,587.2,935.7,2072.0,2844.0,,,765.4,1261.2,1737.0,3453.4,4604.5,,,1726.7,3453.4,2377.7,3153.1,6172.0,,,2789.3,3626.1,3816.9,3259.4,3672.0,,,4144.1,9065.2,9357.6,9357.6,4532.6,,,,,,,,,,,,,,,,,364.4,646.0,1336.8,1017.8,3334.3,,,349.0,614.5,1306.7,1657.6,3296.4,,,496.7,660.7,397.9,1726.7,1443.2,,,2590.0,2544.6,1043.4,3973.8,2397.4,,,2148.8,3153.1,2789.3,3581.3,3412.8,,,3867.8,3973.8,3412.8,3672.0,2637.1,,,,,,,,,,,,,,,,,1726.7,2000.6,2148.8,2302.2,8288.2,,,3495.0,5688.0,3334.3,8058.0,8058.0,,,4532.6,9065.2,2086.9,9999.9,3672.0,,,5920.1,3867.8,2231.4,9999.9,4029.0,,,6746.2,9999.9,9999.9,9999.9,5578.6,,,9357.6,9999.9,3767.3,4266.0,4916.7,,,,,,,,,,,,,,,,,,,,,,,,,,,,,,,,,,,,,,,,,,,,,,,,,,,,,,,,,,,,,,,,,,,,,,,,,,,,,,,,,,,,,,,,,,,,,,,,,,,,,,,,,,,,,,,,,,,,,,,,,,,,,,,,
20260824_青森_5R,20260824,12,青森,5,7.3,2.3,7.2,18.3,20.0,,,61.4,248.3,48.0,122.8,148.9,,,79.7,501.4,367.7,664.6,658.3,,,31.2,31.2,144.5,138.4,137.3,,,190.8,271.8,553.7,370.1,230.5,,,89.4,259.5,443.4,246.0,306.3,,,,,,,,,,,,,,,,,49.1,14.9,44.8,68.4,80.7,,,337.8,896.0,673.7,950.3,1506.4,,,144.3,776.9,743.4,689.9,871.1,,,193.5,405.8,561.8,798.5,1042.2,,,280.2,917.4,802.2,1218.9,393.8,,,285.5,1575.2,1039.0,1874.8,455.7,,,,,,,,,,,,,,,,,504.3,1760.0,414.1,1402.3,1682.7,,,721.6,2346.7,1071.3,1480.5,2346.7,,,4366.6,4422.6,3194.1,3484.5,3965.1,,,407.7,608.4,1254.4,761.5,991.2,,,1796.7,2090.7,2973.8,1301.7,1806.1,,,3285.4,3449.6,3415.5,2197.2,2429.3,,,,,,,,,,,,,,,,,384.1,2948.4,1916.4,5073.0,3449.6,,,379.0,2850.9,2299.7,3317.0,2827.6,,,5148.7,5564.0,4011.2,4480.1,4791.2,,,2395.6,2737.8,3382.0,4106.7,6764.1,,,6764.1,5564.0,5073.0,5390.1,9078.1,,,6272.1,4480.1,6272.1,9323.4,9999.9,,,,,,,,,,,,,,,,,103.6,152.1,360.4,476.4,541.5,,,177.2,342.5,525.8,794.8,971.7,,,188.6,257.0,729.3,461.1,511.0,,,758.1,1619.5,1282.4,1513.0,3224.0,,,898.3,1691.0,664.6,1363.5,1098.6,,,1627.2,2090.7,1533.1,3254.4,1553.9,,,,,,,,,,,,,,,,,758.1,1916.4,2759.7,1474.2,1272.9,,,416.1,1627.2,1627.2,2674.1,497.7,,,2211.3,1905.9,2850.9,2017.3,2395.6,,,4661.7,3709.3,3965.1,4661.7,5073.0,,,2240.0,3026.0,1916.4,3136.0,2156.0,,,502.1,461.1,1778.1,2330.8,1742.2,,,,,,,,,,,,,,,,,466.8,1854.6,1854.6,1519.6,1189.5,,,373.3,1733.5,1197.8,2284.5,489.3,,,2633.3,2613.4,2827.6,2129.4,2211.3,,,3349.2,2653.6,4106.7,6052.0,4928.1,,,2536.5,2923.4,2429.3,4928.1,2225.6,,,488.6,440.0,1461.7,1960.0,1486.9,,,,,,,,,,,,,,,,,,,,,,,,,,,,,,,,,,,,,,,,,,,,,,,,,,,,,,,,,,,,,,,,,,,,,,,,,,,,,,,,,,,,,,,,,,,,,,,,,,,,,,,,,,,,,,,,,,,,,,,,,,,,,,,,
20260824_青森_6R,20260824,12,青森,6,2.8,51.5,25.7,66.8,162.3,,,10.7,138.4,74.0,66.7,339.2,,,251.6,309.3,302.5,1102.4,612.7,,,67.1,68.7,88.9,389.9,507.4,,,468.0,427.7,1054.1,1019.8,2033.0,,,907.5,1090.9,1932.6,1288.4,2285.3,,,,,,,,,,,,,,,,,3.1,91.2,42.6,98.3,275.8,,,11.5,248.6,193.6,163.2,500.1,,,499.3,945.9,318.8,2566.3,2268.7,,,156.2,262.0,279.2,1204.2,1841.7,,,566.1,867.2,3295.7,3069.5,4472.7,,,1242.4,1841.7,2465.3,2899.0,4743.8,,,,,,,,,,,,,,,,,34.8,374.5,224.7,210.4,786.6,,,29.3,512.4,362.7,229.5,721.4,,,1223.0,1692.4,1897.5,2268.7,3478.8,,,465.9,703.5,1557.6,2189.4,3557.8,,,657.7,855.4,2220.5,2587.5,3517.9,,,2408.4,2566.3,3557.8,5798.0,5590.9,,,,,,,,,,,,,,,,,937.4,1534.7,1050.6,3440.5,3261.3,,,1054.1,1863.6,1343.7,3963.2,2722.5,,,2033.0,2609.1,2252.4,2746.4,3727.3,,,817.4,864.9,1391.5,1944.6,1355.3,,,6806.3,6522.7,3963.2,4174.5,9999.9,,,5306.6,3039.7,3683.4,3039.7,6661.5,,,,,,,,,,,,,,,,,94.2,145.5,178.6,948.7,1040.1,,,111.4,176.7,243.2,969.3,1177.0,,,328.5,400.8,1054.1,1416.7,2220.5,,,312.7,346.7,491.5,1391.5,910.1,,,2846.3,3727.3,2722.5,3403.1,3194.8,,,2609.1,3330.7,5132.6,3640.6,3227.7,,,,,,,,,,,,,,,,,1498.0,1373.2,4969.7,3865.3,6661.5,,,1692.4,1589.3,6261.8,5590.9,9784.1,,,1367.2,1852.6,3478.8,4892.0,8697.0,,,6261.8,8697.0,4537.5,4604.3,7636.4,,,4174.5,8697.0,5492.8,4119.6,4231.0,,,8462.0,9999.9,9999.9,9999.9,5132.6,,,,,,,,,,,,,,,,,1397.7,2484.8,4348.5,3913.6,4288.9,,,1321.0,1622.2,2676.0,4673.0,4673.0,,,2174.2,2220.5,3517.9,7636.4,3913.6,,,5590.9,3366.6,4472.7,3772.2,7281.2,,,3598.7,4066.1,5907.4,3403.1,3772.2,,,6957.6,9487.7,9784.1,9999.9,4014.0,,,,,,,,,,,,,,,,,,,,,,,,,,,,,,,,,,,,,,,,,,,,,,,,,,,,,,,,,,,,,,,,,,,,,,,,,,,,,,,,,,,,,,,,,,,,,,,,,,,,,,,,,,,,,,,,,,,,,,,,,,,,,,,,
20260824_青森_7R,20260824,12,青森,7,13.1,30.1,3.3,82.6,262.7,,,12.9,19.0,6.8,11.5,74.7,,,92.1,67.9,55.4,290.3,463.6,,,9.2,15.8,14.8,75.1,211.3,,,236.5,94.0,349.2,235.6,299.4,,,1074.2,555.5,1033.5,960.8,803.6,,,,,,,,,,,,,,,,,152.9,272.5,96.3,456.8,1084.8,,,325.5,1601.4,676.7,1539.4,5678.0,,,1285.9,2954.0,2014.7,4286.3,5534.2,,,351.7,829.6,1231.5,2033.5,5465.0,,,1613.3,2442.4,4203.9,2954.0,5083.7,,,4244.7,9999.9,6245.8,6726.2,8249.1,,,,,,,,,,,,,,,,,61.0,90.2,45.0,72.4,295.4,,,161.1,797.8,360.4,719.0,2153.7,,,298.4,1567.0,768.3,1550.3,2876.3,,,161.8,538.4,422.4,664.4,2197.0,,,227.8,563.4,867.4,623.6,560.5,,,1799.2,5204.8,3100.7,3974.6,1884.5,,,,,,,,,,,,,,,,,828.0,395.6,975.9,3287.2,1852.5,,,1132.6,1943.1,3736.8,6245.8,2289.0,,,799.2,2052.6,2363.2,3869.0,2363.2,,,1607.3,4507.2,2649.7,4651.1,9999.9,,,5465.0,8407.8,5605.2,6245.8,9504.4,,,9715.7,8407.8,9504.4,9999.9,9999.9,,,,,,,,,,,,,,,,,329.4,277.4,579.8,1297.3,2715.5,,,471.1,1165.8,1414.9,2876.3,6624.3,,,458.2,1285.9,1324.8,1806.6,5204.8,,,1305.0,2802.6,2043.0,3613.2,6726.2,,,2839.0,4372.0,3238.5,4086.0,3337.4,,,7670.2,9999.9,9999.9,9936.5,4857.8,,,,,,,,,,,,,,,,,1353.5,805.1,2571.8,2289.0,2732.5,,,2164.3,2289.0,6157.8,3903.6,6245.8,,,857.2,1777.2,2265.3,2402.2,1572.6,,,6525.4,8096.4,4372.0,6726.2,7807.2,,,3238.5,5267.5,3801.7,5534.2,4507.2,,,5465.0,7167.3,2876.3,9715.7,4602.1,,,,,,,,,,,,,,,,,3835.1,4328.7,6831.3,6429.5,5397.6,,,5752.7,9999.9,7538.0,8249.1,8922.5,,,5397.6,9999.9,9108.4,9999.9,4968.2,,,9999.9,8744.1,9999.9,9999.9,9999.9,,,9715.7,9999.9,9999.9,9108.4,5143.6,,,6624.3,9999.9,3903.6,9999.9,4752.2,,,,,,,,,,,,,,,,,,,,,,,,,,,,,,,,,,,,,,,,,,,,,,,,,,,,,,,,,,,,,,,,,,,,,,,,,,,,,,,,,,,,,,,,,,,,,,,,,,,,,,,,,,,,,,,,,,,,,,,,,,,,,,,,
20260824_宇都宮_1R,20260824,24,宇都宮,1,13.5,17.3,115.8,53.0,89.0,,,8.1,13.8,74.4,3.6,64.3,,,48.4,67.6,224.1,210.5,201.1,,,374.0,321.1,452.9,658.3,336.4,,,195.1,51.6,299.2,526.6,674.0,,,175.0,156.3,285.8,204.0,533.7,,,,,,,,,,,,,,,,,13.1,18.4,193.4,63.2,112.9,,,44.3,101.9,617.1,150.9,756.6,,,29.5,71.2,321.6,220.6,227.0,,,843.9,1381.0,1115.7,2057.2,1189.7,,,365.7,480.5,720.7,1994.8,2781.5,,,209.2,688.1,414.9,656.1,2170.2,,,,,,,,,,,,,,,,,43.7,61.6,193.6,18.9,192.3,,,115.4,355.8,1211.6,445.8,1519.1,,,256.4,533.7,1555.0,603.9,1211.6,,,918.5,2379.4,2668.8,1579.9,1936.2,,,97.9,545.5,467.9,1033.9,1325.4,,,786.8,2705.3,1898.9,1687.9,1863.1,,,,,,,,,,,,,,,,,216.5,294.7,1219.0,1211.6,1028.6,,,155.6,257.1,562.6,796.3,577.4,,,413.1,564.2,1845.7,901.7,2194.3,,,3038.3,1732.3,3237.5,2468.6,2781.5,,,1747.7,1828.6,1290.8,2379.4,6370.7,,,1747.7,1410.6,2244.2,1898.9,4388.7,,,,,,,,,,,,,,,,,1779.2,987.4,3347.3,3872.4,1519.1,,,1687.9,2821.3,2194.3,5063.9,2408.4,,,1452.1,3797.9,2992.3,2219.0,2219.0,,,3464.7,2633.2,3590.7,2633.2,3237.5,,,4293.3,7053.3,3237.5,3038.3,2323.4,,,829.8,1219.0,997.4,1154.9,1091.1,,,,,,,,,,,,,,,,,1109.5,238.5,1795.3,3291.5,3726.2,,,1381.0,1343.4,2531.9,8228.8,9404.4,,,252.2,1115.7,1109.5,3291.5,4937.3,,,2821.3,3590.7,1898.9,3405.0,8586.6,,,4702.2,9874.6,4388.7,3872.4,3134.8,,,5337.6,9999.9,6171.6,8228.8,3038.3,,,,,,,,,,,,,,,,,249.6,207.2,819.4,366.4,1115.7,,,237.9,793.1,572.4,720.7,2408.4,,,550.1,1542.9,1325.4,958.7,1390.7,,,1161.7,1242.0,1371.4,1400.6,2904.3,,,412.3,812.7,486.4,736.9,726.0,,,1898.9,4201.9,2015.2,4293.3,1381.0,,,,,,,,,,,,,,,,,,,,,,,,,,,,,,,,,,,,,,,,,,,,,,,,,,,,,,,,,,,,,,,,,,,,,,,,,,,,,,,,,,,,,,,,,,,,,,,,,,,,,,,,,,,,,,,,,,,,,,,,,,,,,,,,
20260824_宇都宮_2R,20260824,24,宇都宮,2,5.3,12.1,11.2,12.8,2.3,,,81.3,236.8,211.6,286.3,140.9,,,49.7,151.1,48.4,40.8,182.9,,,59.3,158.6,76.5,116.3,173.5,,,58.6,174.3,38.9,90.2,154.6,,,34.8,84.5,280.6,194.7,290.6,,,,,,,,,,,,,,,,,62.3,111.4,107.7,127.3,29.2,,,403.2,2245.5,1624.4,1761.8,905.3,,,461.7,1877.4,1636.0,1060.3,1722.1,,,574.0,1908.7,1709.3,1735.1,1832.3,,,536.4,1468.2,1095.9,1803.5,1908.7,,,205.0,558.6,1817.8,1396.6,1775.5,,,,,,,,,,,,,,,,,691.9,2573.5,2120.7,2516.9,1722.1,,,798.0,4873.3,3418.6,2759.5,1908.7,,,4404.7,7634.8,7157.6,2544.9,9999.9,,,3319.5,4241.5,8180.2,6190.4,5453.4,,,3694.2,3272.0,2516.9,5205.5,6544.1,,,2602.7,2516.9,9161.8,7634.8,9161.8,,,,,,,,,,,,,,,,,376.1,1558.1,768.6,399.0,1696.6,,,630.9,2337.2,2411.0,1251.6,3523.7,,,3635.6,5453.4,6362.3,2436.6,9999.9,,,1537.2,2632.7,4580.9,958.3,5586.4,,,486.2,669.7,1422.6,806.5,2462.8,,,4580.9,5453.4,4018.3,8180.2,4873.3,,,,,,,,,,,,,,,,,503.3,1308.8,938.7,916.1,1244.8,,,789.8,2436.6,2223.7,3013.7,1817.8,,,2759.5,3095.2,6362.3,5453.4,4018.3,,,1748.4,3319.5,6190.4,1111.8,5872.9,,,1396.6,3817.4,4979.2,1070.3,2411.0,,,3137.6,5205.5,5205.5,6190.4,3635.6,,,,,,,,,,,,,,,,,330.0,1162.6,355.6,636.2,1128.3,,,598.0,1775.5,1308.8,1497.0,2120.7,,,3470.3,2899.3,2223.7,4164.4,6362.3,,,410.4,727.1,1422.6,681.6,1847.1,,,1111.8,2462.8,2602.7,974.6,2101.3,,,3181.1,4491.1,6544.1,4771.7,3578.8,,,,,,,,,,,,,,,,,445.6,1516.8,3578.8,2793.2,2793.2,,,427.3,1468.2,4241.5,3882.1,4404.7,,,2063.4,2101.3,9999.9,4580.9,7388.5,,,5205.5,6027.5,9958.5,9958.5,6940.7,,,4164.4,6190.4,6362.3,9543.5,3181.1,,,3137.6,4321.6,8483.1,8809.4,2936.4,,,,,,,,,,,,,,,,,,,,,,,,,,,,,,,,,,,,,,,,,,,,,,,,,,,,,,,,,,,,,,,,,,,,,,,,,,,,,,,,,,,,,,,,,,,,,,,,,,,,,,,,,,,,,,,,,,,,,,,,,,,,,,,,
20260824_宇都宮_3R,20260824,24,宇都宮,3,72.5,113.6,75.5,206.6,457.7,,,70.4,89.0,94.8,185.2,327.5,,,111.9,86.4,154.7,345.2,916.9,,,79.3,145.9,224.2,89.8,549.4,,,344.8,430.3,999.7,148.2,989.4,,,806.5,908.2,2117.0,1235.7,1608.4,,,,,,,,,,,,,,,,,44.3,68.2,38.2,106.7,255.7,,,99.6,312.9,165.1,393.3,937.8,,,90.7,220.9,82.7,228.1,669.5,,,19.6,61.9,43.4,10.5,84.3,,,152.9,276.5,304.6,50.5,225.6,,,693.7,1351.7,1418.3,520.6,663.4,,,,,,,,,,,,,,,,,151.3,242.5,227.7,499.8,841.8,,,200.3,613.9,365.3,753.7,1608.4,,,495.5,891.3,1418.3,1461.5,4113.1,,,402.1,393.3,1214.8,623.2,1845.6,,,1194.6,891.3,1683.7,1147.0,3347.9,,,2285.0,3062.9,6695.8,3095.9,4055.2,,,,,,,,,,,,,,,,,168.6,187.0,317.4,797.5,1209.7,,,196.2,533.1,191.5,463.6,1703.6,,,580.4,1070.3,1673.9,1713.8,4429.5,,,447.0,263.9,1175.1,599.8,2617.4,,,2013.4,1133.5,1766.3,1285.3,3739.2,,,4720.0,4643.8,8468.2,5998.3,4964.1,,,,,,,,,,,,,,,,,45.5,93.7,207.1,52.1,307.9,,,19.2,57.7,49.3,5.6,68.5,,,239.1,199.2,891.3,241.3,790.9,,,263.9,112.2,520.6,241.1,1151.6,,,29.5,9.0,87.2,134.6,56.2,,,565.6,267.0,1246.4,2399.3,354.5,,,,,,,,,,,,,,,,,388.5,493.8,1291.1,147.5,944.0,,,319.9,580.4,651.4,93.0,361.7,,,1175.1,872.4,1906.7,707.4,1390.9,,,1626.6,996.2,1999.4,1013.8,2968.2,,,62.5,29.8,189.6,312.9,100.6,,,1058.5,604.8,1345.4,3599.0,504.2,,,,,,,,,,,,,,,,,2570.7,2850.7,6543.6,3599.0,3944.1,,,2379.5,3838.9,4643.8,1446.8,2231.9,,,4643.8,5141.4,9999.9,4880.0,6259.1,,,8468.2,6125.9,9287.7,8724.8,7022.4,,,3062.9,1241.0,4498.7,6398.2,1199.6,,,3309.4,2197.8,4798.6,5645.5,1020.9,,,,,,,,,,,,,,,,,,,,,,,,,,,,,,,,,,,,,,,,,,,,,,,,,,,,,,,,,,,,,,,,,,,,,,,,,,,,,,,,,,,,,,,,,,,,,,,,,,,,,,,,,,,,,,,,,,,,,,,,,,,,,,,,
20260824_宇都宮_4R,20260824,24,宇都宮,4,33.2,64.7,75.8,230.3,458.0,,,21.4,13.4,46.1,97.2,222.9,,,102.4,37.4,156.1,197.1,405.4,,,161.6,142.5,277.4,456.7,874.5,,,559.8,450.9,632.3,609.3,3174.5,,,1207.0,757.6,1083.4,1490.4,2519.4,,,,,,,,,,,,,,,,,11.2,30.1,36.0,142.9,275.3,,,10.1,58.7,34.8,106.6,281.1,,,136.0,196.3,296.9,543.5,884.2,,,20.6,26.6,110.0,28.8,242.5,,,161.3,228.5,569.9,103.8,872.1,,,724.7,797.6,992.0,685.6,1230.4,,,,,,,,,,,,,,,,,17.7,13.2,42.1,141.1,258.0,,,18.5,82.6,41.6,151.8,376.1,,,139.8,302.3,555.9,944.8,1290.4,,,126.9,84.3,408.0,258.3,959.0,,,360.3,433.6,1141.9,517.8,2369.0,,,844.2,1146.0,1856.4,1579.3,3023.3,,,,,,,,,,,,,,,,,488.3,224.5,1020.7,1679.6,1619.6,,,672.5,1113.8,1744.2,3023.3,3112.3,,,413.8,1202.4,1824.4,2834.4,2859.9,,,1706.7,1878.4,2404.9,1959.6,4471.2,,,2966.8,3734.7,3413.5,3023.3,6613.6,,,3023.3,2912.4,3566.9,6104.9,7936.3,,,,,,,,,,,,,,,,,147.2,244.5,493.7,407.5,1274.9,,,56.4,57.3,261.4,39.7,380.6,,,237.2,99.1,778.0,168.3,1339.4,,,1051.1,959.0,1563.8,1317.2,3734.7,,,263.6,61.0,170.0,690.1,848.8,,,2317.1,1274.9,2602.0,4471.2,1587.2,,,,,,,,,,,,,,,,,567.8,454.1,672.5,638.7,4738.1,,,270.6,478.8,1137.8,195.2,2499.6,,,470.3,876.9,1845.6,1137.8,4409.1,,,1603.3,3143.1,2623.5,2441.9,7054.5,,,373.9,197.1,764.9,1024.0,1595.2,,,5989.7,4471.2,5878.8,6754.3,2623.5,,,,,,,,,,,,,,,,,1867.3,1856.4,2519.4,2912.4,5038.9,,,1456.2,1835.0,2939.4,1571.5,3871.4,,,1476.5,2369.0,3450.6,2736.6,5668.8,,,3566.9,3824.7,4471.2,7382.6,9070.1,,,3143.1,2317.1,3377.1,7054.5,2334.2,,,5120.2,4883.9,7054.5,7382.6,2580.9,,,,,,,,,,,,,,,,,,,,,,,,,,,,,,,,,,,,,,,,,,,,,,,,,,,,,,,,,,,,,,,,,,,,,,,,,,,,,,,,,,,,,,,,,,,,,,,,,,,,,,,,,,,,,,,,,,,,,,,,,,,,,,,,
20260824_宇都宮_5R,20260824,24,宇都宮,5,134.1,219.6,435.7,616.8,497.6,,,85.5,143.6,204.6,292.3,59.7,,,297.8,333.1,888.9,1209.4,744.6,,,701.4,502.6,992.8,748.8,894.8,,,1007.8,923.8,1565.1,980.6,1209.4,,,517.0,206.8,915.4,829.7,1034.0,,,,,,,,,,,,,,,,,68.1,59.8,194.5,326.3,246.8,,,40.1,22.9,67.9,176.2,189.5,,,17.6,13.5,34.2,46.5,103.4,,,252.9,138.9,96.0,188.6,598.3,,,380.1,258.8,168.9,283.8,807.9,,,443.9,545.9,334.5,950.2,997.8,,,,,,,,,,,,,,,,,25.4,50.5,97.0,121.9,29.0,,,38.2,23.9,66.1,158.1,140.7,,,75.0,34.7,143.6,267.5,268.5,,,173.8,106.0,144.1,197.2,418.8,,,248.0,244.2,292.3,225.3,538.6,,,144.9,317.2,424.6,678.7,561.3,,,,,,,,,,,,,,,,,135.6,208.7,522.4,856.4,643.7,,,18.2,14.5,47.3,39.2,107.9,,,86.7,42.6,213.8,356.3,438.5,,,499.5,140.5,277.1,210.5,1251.1,,,493.9,129.1,303.5,440.0,890.9,,,950.2,492.1,836.7,2089.6,1629.0,,,,,,,,,,,,,,,,,345.8,325.8,288.3,193.8,303.9,,,245.7,171.0,126.5,153.3,588.6,,,144.9,164.5,203.8,147.2,549.0,,,266.7,132.5,267.8,120.5,414.0,,,88.5,90.4,112.4,103.2,179.8,,,973.4,1209.4,1177.3,1173.8,675.3,,,,,,,,,,,,,,,,,587.8,673.0,770.5,586.9,1072.9,,,429.1,281.2,230.4,254.8,948.0,,,431.4,343.1,382.6,276.4,1348.3,,,884.9,289.6,772.0,340.5,1629.0,,,255.3,141.1,216.4,188.7,407.2,,,1781.8,1609.3,2015.7,2205.1,954.8,,,,,,,,,,,,,,,,,651.1,255.5,968.7,1494.8,1506.1,,,689.3,854.6,563.7,2205.1,1590.1,,,253.5,713.9,1028.6,1596.4,1946.9,,,1130.6,708.9,1231.8,2956.4,2542.1,,,2145.8,2192.9,1663.0,2608.6,1489.2,,,1937.4,1691.2,2134.3,2389.9,1440.8,,,,,,,,,,,,,,,,,,,,,,,,,,,,,,,,,,,,,,,,,,,,,,,,,,,,,,,,,,,,,,,,,,,,,,,,,,,,,,,,,,,,,,,,,,,,,,,,,,,,,,,,,,,,,,,,,,,,,,,,,,,,,,,,
20260824_宇都宮_6R,20260824,24,宇都宮,6,44.1,102.9,489.5,577.2,447.5,,,10.0,16.3,54.7,63.4,31.7,,,198.1,114.7,710.9,862.5,784.2,,,1207.5,503.8,1565.3,1981.1,2438.3,,,1199.9,425.4,1468.6,1339.3,1668.3,,,860.5,276.4,1102.5,2224.4,1855.5,,,,,,,,,,,,,,,,,31.0,75.5,341.1,593.4,672.0,,,32.4,40.6,197.3,308.2,679.2,,,59.2,34.7,140.2,222.0,652.4,,,930.0,588.8,484.5,1022.5,5005.0,,,1675.6,854.7,595.2,672.0,5763.3,,,2250.7,2198.7,1675.6,4814.9,6916.0,,,,,,,,,,,,,,,,,4.6,6.4,28.2,28.6,12.6,,,18.1,18.2,114.2,121.6,241.9,,,30.9,30.7,115.6,146.3,264.5,,,216.8,299.9,312.0,278.0,1062.5,,,164.3,255.4,314.6,176.3,753.2,,,249.2,629.7,629.7,1125.3,1196.1,,,,,,,,,,,,,,,,,409.8,294.8,1683.0,1921.1,1668.3,,,249.7,229.6,592.4,868.4,1142.2,,,214.0,245.0,874.4,1003.6,1215.2,,,3117.8,1981.1,1837.5,2926.0,6447.1,,,2860.0,2186.0,2045.0,3117.8,7762.8,,,3554.9,2535.8,2736.5,6792.5,9999.9,,,,,,,,,,,,,,,,,4273.9,1316.1,4528.3,4322.5,7176.9,,,3426.8,1940.7,1584.9,3117.8,7607.6,,,1344.1,1921.1,1901.9,2090.0,5283.0,,,4814.9,2305.3,2198.7,3766.1,8846.0,,,2161.2,2641.5,1761.0,2486.1,2438.3,,,9999.9,9999.9,9999.9,9999.9,4475.0,,,,,,,,,,,,,,,,,2605.3,972.8,3223.5,2717.0,3622.6,,,2237.5,1540.0,2136.9,2237.5,5593.8,,,923.2,1215.2,1408.8,1017.0,3223.5,,,3554.9,2796.9,2319.3,3251.1,7924.5,,,1705.7,1777.4,1199.9,1632.5,2237.5,,,9999.9,9999.9,8645.0,9999.9,4475.0,,,,,,,,,,,,,,,,,3043.0,918.7,3489.7,6447.1,6037.7,,,3307.6,4046.6,2926.0,9999.9,9999.9,,,936.8,3622.6,2502.5,5943.4,5677.3,,,4226.4,3336.6,3251.1,7315.0,9999.9,,,9999.9,9999.9,7607.6,8645.0,5005.0,,,9509.5,9999.9,7607.6,9999.9,4372.1,,,,,,,,,,,,,,,,,,,,,,,,,,,,,,,,,,,,,,,,,,,,,,,,,,,,,,,,,,,,,,,,,,,,,,,,,,,,,,,,,,,,,,,,,,,,,,,,,,,,,,,,,,,,,,,,,,,,,,,,,,,,,,,,
20260824_宇都宮_7R,20260824,24,宇都宮,7,18.9,88.6,53.8,14.7,99.6,,,94.7,512.7,673.5,299.1,1115.9,,,509.2,1179.5,2220.9,1921.1,3015.2,,,408.7,1237.2,2023.5,1468.7,1517.6,,,148.0,432.7,1323.5,1135.4,1522.7,,,398.6,1724.6,2975.8,1005.0,1533.0,,,,,,,,,,,,,,,,,5.0,36.5,14.0,2.0,25.5,,,21.5,55.3,104.4,92.9,120.8,,,223.6,213.6,491.6,710.2,608.6,,,98.0,175.9,377.5,314.0,128.1,,,46.8,226.4,607.0,453.4,471.3,,,84.8,160.7,361.9,97.7,265.6,,,,,,,,,,,,,,,,,120.8,616.9,748.8,399.3,1185.6,,,81.6,342.3,485.3,316.8,626.2,,,603.0,482.3,1135.4,1614.5,1643.6,,,1580.9,1268.2,1971.0,3731.9,2421.8,,,742.7,635.0,2231.8,3891.4,3858.4,,,2005.7,1237.2,2647.1,2050.9,3959.1,,,,,,,,,,,,,,,,,1191.8,2069.5,4215.7,4139.1,5115.7,,,1161.4,1223.9,2937.4,3449.2,2776.2,,,1413.9,1129.7,2311.1,3397.7,3397.7,,,6598.5,4139.1,3891.4,5621.0,5294.2,,,6412.7,6237.0,4645.9,6898.5,9999.9,,,7588.3,3794.1,5552.4,4215.7,9999.9,,,,,,,,,,,,,,,,,954.5,3118.5,4948.9,3826.0,3347.8,,,751.3,1608.8,3097.2,2694.0,1129.7,,,3323.3,2127.5,3891.4,7227.0,4029.2,,,7716.9,4948.9,4645.9,6412.7,4843.6,,,6237.0,4693.8,9291.8,6898.5,4029.2,,,1692.5,1073.8,3035.3,3397.7,3015.2,,,,,,,,,,,,,,,,,472.3,1711.6,4507.9,3701.6,4553.0,,,460.3,1084.0,3891.4,2827.9,3229.0,,,2117.6,1468.7,2631.8,5552.4,6795.5,,,8590.5,7114.0,5058.9,6237.0,9999.9,,,6898.5,4645.9,9687.2,7114.0,4792.6,,,5990.8,4377.9,9106.0,9999.9,4420.4,,,,,,,,,,,,,,,,,616.9,2242.8,3557.0,1543.3,2117.6,,,420.4,843.1,1686.3,584.4,1575.4,,,2647.1,1492.7,2461.0,1757.9,4177.0,,,5763.3,3140.0,4215.7,4742.7,9999.9,,,1319.7,745.1,1667.7,2434.7,2220.9,,,4215.7,3475.5,5485.5,9999.9,3118.5,,,,,,,,,,,,,,,,,,,,,,,,,,,,,,,,,,,,,,,,,,,,,,,,,,,,,,,,,,,,,,,,,,,,,,,,,,,,,,,,,,,,,,,,,,,,,,,,,,,,,,,,,,,,,,,,,,,,,,,,,,,,,,,,
20260824_立川_1R,20260824,28,立川,1,74.9,38.1,32.3,93.0,,,,89.3,29.4,25.4,167.6,,,,26.3,17.8,10.2,77.4,,,,21.7,15.5,8.8,64.4,,,,247.8,332.3,265.7,205.0,,,,,,,,,,,,,,,,,,,,,,,,,72.1,58.0,45.0,102.9,,,,115.4,300.9,120.1,144.9,,,,97.7,288.4,206.4,251.6,,,,57.3,81.7,154.1,94.1,,,,77.3,68.7,171.3,48.4,,,,,,,,,,,,,,,,,,,,,,,,,222.3,91.6,65.7,305.9,,,,212.8,552.6,202.0,262.8,,,,203.3,760.5,343.1,1155.2,,,,82.3,235.9,247.0,215.6,,,,615.7,427.8,1059.4,262.2,,,,,,,,,,,,,,,,,,,,,,,,,92.1,87.6,51.2,220.3,,,,152.9,587.4,304.0,384.4,,,,309.8,962.7,475.6,990.2,,,,119.3,276.0,344.6,535.5,,,,744.1,608.0,1027.9,646.9,,,,,,,,,,,,,,,,,,,,,,,,,37.0,35.8,26.9,86.9,,,,62.9,139.5,148.4,109.2,,,,60.9,171.3,207.7,126.0,,,,70.5,173.7,202.6,331.4,,,,88.2,84.3,80.5,304.0,,,,,,,,,,,,,,,,,,,,,,,,,427.8,587.4,795.4,312.6,,,,274.1,312.2,444.3,201.6,,,,683.3,496.1,966.5,246.8,,,,912.0,888.6,1128.3,998.3,,,,135.6,116.8,112.6,558.9,,,,,,,,,,,,,,,,,,,,,,,,,,,,,,,,,,,,,,,,,,,,,,,,,,,,,,,,,,,,,,,,,,,,,,,,,,,,,,,,,,,,,,,,,,,,,,,,,,,,,,,,,,,,,,,,,,,,,,,,,,,,,,,,,,,,,,,,,,,,,,,,,,,,,,,,,,,,,,,,,,,,,,,,,,,,,,,,,,,,,,,,,,,,,,,,
20260824_立川_2R,20260824,28,立川,2,196.3,197.1,749.7,2057.6,111.0,,,71.5,93.9,48.1,967.1,41.4,,,163.5,142.9,703.3,1758.3,79.4,,,1454.3,416.8,1711.7,4605.3,991.9,,,6907.9,3581.9,6239.4,6669.7,5688.9,,,40.9,86.9,64.8,439.5,826.5,,,,,,,,,,,,,,,,,492.1,262.0,1934.2,3453.9,215.8,,,442.6,638.3,671.6,2511.9,247.6,,,193.6,314.5,952.8,879.1,49.8,,,3278.3,2149.1,2511.9,5688.9,1255.9,,,6907.9,3022.2,3119.7,8059.3,3070.2,,,82.6,86.3,25.8,382.2,419.5,,,,,,,,,,,,,,,,,86.4,107.6,43.0,934.4,51.2,,,241.1,408.0,420.4,2036.0,182.9,,,227.0,307.5,338.1,2125.5,206.4,,,145.9,484.7,438.6,1790.9,225.1,,,3022.2,3792.6,2545.0,3278.3,3947.4,,,128.5,102.8,168.7,200.0,3278.3,,,,,,,,,,,,,,,,,122.3,138.7,649.0,1039.9,90.5,,,88.2,202.9,559.0,509.0,24.7,,,206.4,261.7,475.2,1343.2,186.5,,,1807.6,1667.4,1352.6,2149.1,1151.3,,,2803.2,2149.1,2173.2,2479.7,1201.3,,,38.7,7.8,64.8,275.9,342.3,,,,,,,,,,,,,,,,,4115.3,1224.1,3170.8,9671.1,2057.6,,,3119.7,3278.3,2302.6,8791.9,2330.4,,,708.5,1896.3,1667.4,3453.9,826.5,,,3278.3,3278.3,1896.3,3453.9,2578.9,,,7163.8,9999.9,4115.3,4204.8,3581.9,,,2330.4,1362.1,1105.2,2197.9,3719.6,,,,,,,,,,,,,,,,,7163.8,5372.8,6044.4,8409.7,7163.8,,,8409.7,3581.9,3278.3,6447.4,5090.0,,,6907.9,3947.4,2803.2,4395.9,8409.7,,,5861.3,3022.2,2330.4,3792.6,2649.6,,,7163.8,7163.8,6669.7,4029.6,3719.6,,,5688.9,2125.5,5688.9,2275.5,3581.9,,,,,,,,,,,,,,,,,63.2,147.8,52.8,716.3,1352.6,,,32.0,35.8,7.6,141.9,198.1,,,147.3,90.8,156.4,290.8,1711.7,,,23.8,4.4,40.7,217.3,184.5,,,1422.2,573.9,1045.5,773.6,2249.1,,,3393.3,1711.7,2649.6,997.0,2479.7,,,,,,,,,,,,,,,,,,,,,,,,,,,,,,,,,,,,,,,,,,,,,,,,,,,,,,,,,,,,,,,,,,,,,,,,,,,,,,,,,,,,,,,,,,,,,,,,,,,,,,,,,,,,,,,,,,,,,,,,,,,,,,,,
20260824_立川_3R,20260824,28,立川,3,631.9,224.3,275.5,2246.0,297.3,,,1147.9,662.3,813.5,3689.9,1237.3,,,282.2,204.3,74.5,1861.6,261.2,,,195.4,275.8,42.2,1222.7,221.9,,,4591.9,7125.4,4591.9,4051.7,5039.9,,,329.5,816.7,423.4,444.3,898.4,,,,,,,,,,,,,,,,,102.3,26.8,38.7,531.2,51.9,,,183.8,159.5,194.7,583.7,130.1,,,33.8,79.4,54.2,436.8,45.9,,,23.1,118.8,49.1,432.2,44.2,,,1766.1,1174.0,1386.8,1601.8,442.4,,,8.7,19.4,9.8,12.4,36.4,,,,,,,,,,,,,,,,,1147.9,970.1,1252.3,3973.8,1486.6,,,879.3,883.0,662.3,1341.8,495.5,,,1110.9,1116.9,1194.4,1986.9,1147.9,,,1589.5,1201.3,1208.4,3443.9,1721.9,,,5584.8,2375.1,2375.1,5437.8,3387.5,,,1415.3,460.2,1099.1,1333.1,1913.3,,,,,,,,,,,,,,,,,179.5,306.5,140.9,1736.4,260.5,,,196.4,446.3,292.6,1577.3,181.2,,,670.9,754.1,782.7,1751.1,898.4,,,177.9,280.7,459.1,1931.2,423.4,,,5298.4,3562.7,2431.0,3332.8,3826.6,,,357.5,218.4,598.9,514.0,1931.2,,,,,,,,,,,,,,,,,96.2,241.9,30.3,1017.9,129.1,,,112.3,314.5,174.8,970.1,95.0,,,717.4,922.4,857.4,3443.9,1147.9,,,108.7,197.1,359.9,1405.7,247.4,,,4217.1,3387.5,6077.6,3443.9,2152.4,,,136.2,86.9,326.4,150.1,628.0,,,,,,,,,,,,,,,,,6457.4,8984.3,6887.9,8984.3,7653.3,,,6261.7,2792.4,4805.5,4919.9,1252.3,,,9392.6,3130.8,2582.9,9839.9,5739.9,,,8265.5,5437.8,2755.1,4396.5,5584.8,,,7947.6,5584.8,9392.6,4132.7,2830.6,,,5298.4,1054.2,4217.1,5039.9,2869.9,,,,,,,,,,,,,,,,,157.0,442.4,176.9,295.1,850.3,,,15.9,28.7,21.7,18.8,39.7,,,506.4,205.6,459.1,499.1,582.0,,,170.7,107.3,378.4,205.2,935.0,,,156.5,76.2,299.4,182.3,444.3,,,1252.3,369.6,813.5,1508.3,979.3,,,,,,,,,,,,,,,,,,,,,,,,,,,,,,,,,,,,,,,,,,,,,,,,,,,,,,,,,,,,,,,,,,,,,,,,,,,,,,,,,,,,,,,,,,,,,,,,,,,,,,,,,,,,,,,,,,,,,,,,,,,,,,,,
20260824_立川_4R,20260824,28,立川,4,1156.8,381.2,1450.2,881.6,515.8,,,649.7,229.5,181.2,281.4,345.6,,,115.4,203.8,249.5,216.5,49.6,,,784.8,210.8,272.6,482.2,245.8,,,501.5,296.9,197.3,428.5,319.1,,,317.6,260.9,74.2,176.7,306.0,,,,,,,,,,,,,,,,,2704.5,926.5,3573.8,2327.1,1299.5,,,2987.1,1981.5,3450.6,2704.5,4002.7,,,588.6,1299.5,1527.7,1439.8,180.6,,,3776.1,3228.0,2741.5,6254.2,2223.7,,,3176.7,3032.3,2704.5,6254.2,4002.7,,,1163.5,2859.0,266.8,2042.2,2741.5,,,,,,,,,,,,,,,,,733.1,183.9,111.3,247.3,254.3,,,1906.0,1539.5,1111.8,1943.0,2440.6,,,272.6,540.9,197.5,597.4,204.8,,,54.1,447.7,82.3,150.3,101.4,,,380.4,1696.0,481.0,343.2,791.0,,,289.6,897.4,237.4,204.6,641.4,,,,,,,,,,,,,,,,,44.5,173.2,171.7,146.5,23.8,,,40.9,253.0,271.9,182.6,23.0,,,184.4,380.4,170.3,424.9,131.3,,,185.1,283.0,199.5,766.8,75.8,,,447.7,651.9,976.2,1409.4,303.6,,,12.0,9.7,37.2,27.2,80.2,,,,,,,,,,,,,,,,,784.8,115.7,168.7,367.8,168.4,,,1156.8,1482.4,760.9,3280.9,709.7,,,43.3,401.0,50.4,162.1,53.2,,,157.3,242.5,131.9,667.1,72.0,,,694.9,2859.0,580.1,918.0,913.8,,,100.6,329.1,73.1,58.9,478.7,,,,,,,,,,,,,,,,,1105.7,546.8,409.2,816.8,595.6,,,2565.8,2859.0,2274.2,5559.3,3280.9,,,772.7,2440.6,953.0,935.2,1696.0,,,621.5,995.7,1058.9,1551.4,390.1,,,909.7,3392.1,948.5,1198.4,1064.5,,,649.7,2021.5,1551.4,535.1,1316.6,,,,,,,,,,,,,,,,,233.2,150.0,38.6,81.4,261.6,,,372.6,687.7,130.8,515.8,1058.9,,,152.5,483.4,120.1,91.3,396.3,,,17.0,18.7,31.4,25.4,112.9,,,61.8,241.4,45.8,45.4,353.5,,,592.1,1516.1,1070.2,507.9,784.8,,,,,,,,,,,,,,,,,,,,,,,,,,,,,,,,,,,,,,,,,,,,,,,,,,,,,,,,,,,,,,,,,,,,,,,,,,,,,,,,,,,,,,,,,,,,,,,,,,,,,,,,,,,,,,,,,,,,,,,,,,,,,,,,
20260824_立川_5R,20260824,28,立川,5,1093.9,412.2,355.5,1370.7,1387.4,,,885.3,308.7,168.5,626.8,266.7,,,107.3,240.0,28.3,161.7,178.3,,,66.8,43.8,6.0,90.6,23.0,,,482.0,758.4,222.2,177.2,815.5,,,695.8,199.4,239.5,69.0,388.9,,,,,,,,,,,,,,,,,6895.0,1912.0,1805.8,5171.3,5056.3,,,6692.2,6895.0,5417.5,3447.5,4293.1,,,2068.5,6149.6,2993.9,4293.1,3204.7,,,1673.0,5834.2,2741.4,4461.5,2420.6,,,5549.6,3500.5,4946.4,5417.5,3792.2,,,4643.6,3923.0,2556.5,2844.2,5291.5,,,,,,,,,,,,,,,,,1250.2,475.0,263.6,781.9,248.1,,,3669.9,3991.8,3033.8,2049.8,1053.4,,,1431.0,3204.7,1197.5,1673.0,771.3,,,251.9,1166.8,578.9,733.9,155.1,,,910.1,1710.8,1487.1,1126.4,532.8,,,145.2,669.2,341.6,112.1,268.0,,,,,,,,,,,,,,,,,554.9,1034.2,197.6,768.7,689.5,,,1300.2,4550.7,1978.5,2880.2,2473.2,,,1961.5,4461.5,2252.8,2209.0,2068.5,,,316.9,1315.2,1569.2,1496.9,1011.2,,,1210.3,3555.2,2298.3,1292.8,4293.1,,,1078.3,2676.9,1978.5,1185.0,3991.8,,,,,,,,,,,,,,,,,29.4,30.7,3.9,80.0,10.8,,,383.7,702.2,396.4,1120.8,589.4,,,101.6,357.2,252.8,337.5,75.2,,,71.9,123.4,439.2,573.1,226.8,,,295.5,875.1,598.7,485.1,305.8,,,20.2,124.8,23.6,49.3,122.2,,,,,,,,,,,,,,,,,693.7,576.0,251.1,125.7,679.2,,,2500.4,2087.4,2473.2,2446.6,3611.7,,,787.3,1338.4,1043.7,960.0,753.4,,,496.8,1185.0,1011.2,312.1,1506.8,,,144.7,1083.5,738.7,230.5,495.7,,,1083.5,2146.5,792.8,2031.5,655.7,,,,,,,,,,,,,,,,,458.7,134.8,168.2,48.0,478.0,,,1791.6,1636.9,1880.4,1346.3,2880.2,,,69.5,447.9,240.7,65.1,191.3,,,553.6,1602.3,830.4,667.2,1961.5,,,31.7,290.2,43.2,120.9,191.6,,,960.0,2395.1,695.8,1777.6,501.1,,,,,,,,,,,,,,,,,,,,,,,,,,,,,,,,,,,,,,,,,,,,,,,,,,,,,,,,,,,,,,,,,,,,,,,,,,,,,,,,,,,,,,,,,,,,,,,,,,,,,,,,,,,,,,,,,,,,,,,,,,,,,,,,
20260824_立川_6R,20260824,28,立川,6,378.6,447.9,207.0,716.6,112.5,,,623.1,903.8,757.2,635.0,232.5,,,727.0,951.0,872.4,1475.4,236.9,,,287.4,576.6,783.8,1061.7,176.6,,,1223.5,540.8,1365.0,1383.8,395.0,,,29.6,45.4,48.6,35.1,96.7,,,,,,,,,,,,,,,,,253.3,247.1,101.9,518.5,73.1,,,228.8,533.6,102.9,268.6,271.9,,,354.5,641.0,241.4,868.6,398.9,,,39.3,58.1,68.3,155.9,42.2,,,468.8,396.5,883.9,509.2,677.9,,,32.1,184.2,197.1,61.3,414.5,,,,,,,,,,,,,,,,,549.7,671.1,560.5,341.2,255.9,,,465.5,660.0,142.6,323.1,445.9,,,864.9,714.1,511.8,487.0,608.0,,,422.4,133.5,187.8,164.6,204.7,,,189.1,210.3,121.2,123.1,155.4,,,130.7,291.6,367.5,281.0,254.6,,,,,,,,,,,,,,,,,680.2,790.0,895.8,1238.6,282.2,,,583.3,729.6,367.5,843.1,468.8,,,805.8,846.6,732.3,631.0,802.6,,,691.9,297.7,501.6,786.9,657.9,,,1090.5,1034.3,651.5,1061.7,929.0,,,199.2,461.2,637.0,602.5,850.2,,,,,,,,,,,,,,,,,273.0,737.7,680.2,1223.5,233.6,,,97.3,80.4,85.0,225.2,77.7,,,608.0,119.6,266.1,540.8,430.6,,,737.7,170.6,262.9,666.6,545.2,,,1180.3,651.5,883.9,983.6,960.1,,,155.6,142.4,389.6,453.9,657.9,,,,,,,,,,,,,,,,,1672.2,591.9,1775.7,1760.2,604.4,,,1023.7,590.1,1929.4,969.3,1187.3,,,304.0,412.8,360.2,510.5,437.1,,,1531.7,1486.4,533.6,1672.2,1320.1,,,2047.5,1592.5,1166.6,1644.7,1531.7,,,496.6,1393.5,604.4,1133.6,1508.7,,,,,,,,,,,,,,,,,8.8,11.8,14.0,11.7,26.6,,,26.6,90.2,118.1,50.6,190.5,,,50.1,143.9,199.6,139.0,133.4,,,96.5,233.6,286.2,273.7,290.3,,,69.4,73.2,143.7,170.0,264.7,,,145.1,344.7,226.7,261.9,407.0,,,,,,,,,,,,,,,,,,,,,,,,,,,,,,,,,,,,,,,,,,,,,,,,,,,,,,,,,,,,,,,,,,,,,,,,,,,,,,,,,,,,,,,,,,,,,,,,,,,,,,,,,,,,,,,,,,,,,,,,,,,,,,,,
20260824_立川_7R,20260824,28,立川,7,1048.7,566.0,1190.6,568.0,484.8,,,1001.6,253.4,632.4,1291.7,358.9,,,412.0,200.5,457.0,569.9,145.0,,,707.3,589.0,459.5,892.1,241.3,,,1480.3,2339.5,1520.7,2478.2,1052.0,,,246.1,202.1,99.4,147.7,389.4,,,,,,,,,,,,,,,,,1454.6,1058.7,1640.0,1327.6,931.9,,,1267.2,411.5,1327.6,1093.3,674.5,,,707.3,327.6,746.7,397.8,266.3,,,1733.4,1640.0,1122.6,1520.7,834.3,,,1126.4,969.7,447.2,1291.7,526.8,,,691.2,558.5,248.7,577.8,358.2,,,,,,,,,,,,,,,,,528.5,163.4,351.4,1035.7,279.0,,,595.3,240.5,607.1,873.5,477.9,,,78.5,75.8,61.0,171.6,25.9,,,328.0,435.0,135.7,689.8,167.9,,,1507.0,1004.6,486.9,1343.6,1007.7,,,154.8,215.9,41.4,104.0,402.1,,,,,,,,,,,,,,,,,304.9,150.9,280.4,602.8,121.9,,,330.5,151.9,347.7,146.5,112.0,,,63.4,64.7,53.5,157.2,21.8,,,270.2,300.5,135.3,422.9,100.4,,,792.7,320.1,478.6,719.4,419.7,,,63.8,53.0,26.2,52.3,116.1,,,,,,,,,,,,,,,,,826.0,463.3,475.9,1182.1,187.3,,,1130.2,958.6,751.8,853.4,603.8,,,408.0,674.5,199.3,862.2,204.7,,,368.4,498.5,136.1,616.1,149.4,,,1828.1,1212.1,1405.7,1137.9,751.8,,,79.8,193.3,72.2,68.5,298.7,,,,,,,,,,,,,,,,,1480.3,2764.9,2117.4,3280.0,1789.0,,,1460.9,1216.5,868.9,1632.0,1023.1,,,2742.2,1257.7,1107.8,2720.0,1848.3,,,2356.0,862.2,1122.6,1616.2,1165.7,,,3312.4,1221.0,2884.1,1513.8,1411.6,,,1493.5,984.0,1570.7,901.7,1194.8,,,,,,,,,,,,,,,,,79.8,70.2,30.4,61.9,117.5,,,110.4,150.2,41.9,187.8,61.8,,,60.4,97.9,19.2,54.8,175.6,,,22.1,22.5,12.1,33.4,45.5,,,39.2,81.1,29.9,27.9,133.8,,,314.4,159.0,442.5,152.5,355.9,,,,,,,,,,,,,,,,,,,,,,,,,,,,,,,,,,,,,,,,,,,,,,,,,,,,,,,,,,,,,,,,,,,,,,,,,,,,,,,,,,,,,,,,,,,,,,,,,,,,,,,,,,,,,,,,,,,,,,,,,,,,,,,,
20260824_和歌山_1R,20260824,55,和歌山,1,1749.2,1537.2,3902.2,1470.4,2205.6,,,2205.6,1429.0,4611.7,1409.1,2601.5,,,1207.8,704.5,1514.3,517.6,1114.9,,,2898.8,2984.0,2305.8,1811.7,1334.9,,,1079.3,735.2,487.7,626.2,536.8,,,1449.4,1537.2,1024.8,985.0,719.5,,,,,,,,,,,,,,,,,740.5,740.5,1663.2,551.4,889.9,,,525.6,198.1,975.5,198.1,502.2,,,410.7,130.9,586.4,93.6,299.2,,,1749.2,1610.4,1470.4,1371.0,1749.2,,,204.5,157.0,106.5,291.5,208.3,,,774.4,525.6,509.8,1045.9,431.7,,,,,,,,,,,,,,,,,2070.5,1470.4,3498.5,1537.2,3074.5,,,1067.9,337.0,1492.0,378.5,874.6,,,658.8,277.9,1045.9,138.9,573.2,,,4611.7,4227.4,3170.6,4227.4,4611.7,,,593.3,390.2,179.8,1166.1,774.4,,,2669.9,1389.8,1067.9,4058.3,1334.9,,,,,,,,,,,,,,,,,396.3,299.2,774.4,189.6,412.4,,,168.2,45.1,296.6,39.0,102.3,,,120.3,35.5,246.2,12.9,82.8,,,780.4,724.7,735.2,310.2,638.1,,,37.6,16.9,3.1,79.0,34.3,,,249.2,161.3,168.8,374.3,114.7,,,,,,,,,,,,,,,,,3272.8,4058.3,2818.3,2536.4,1268.2,,,3623.5,2601.5,1914.3,2415.6,2029.1,,,4227.4,4411.2,2898.8,4227.4,5072.9,,,2536.4,2254.6,2158.7,1252.5,2254.6,,,1719.6,1878.8,2113.7,939.4,1193.6,,,1317.6,1914.3,3498.5,2029.1,1514.3,,,,,,,,,,,,,,,,,264.2,158.5,101.2,143.7,119.0,,,282.6,145.9,122.3,238.7,174.6,,,221.0,147.4,65.1,536.8,248.6,,,36.2,34.9,7.2,75.9,27.5,,,236.5,499.7,485.4,269.1,238.7,,,70.6,166.8,97.1,61.4,98.5,,,,,,,,,,,,,,,,,905.8,882.2,634.1,768.6,437.3,,,1127.3,838.5,512.4,1024.8,642.1,,,1492.0,922.3,818.2,2359.5,966.2,,,515.0,363.6,343.9,719.5,251.7,,,699.7,1317.6,1779.9,1114.9,859.8,,,210.4,326.2,305.6,203.7,331.5,,,,,,,,,,,,,,,,,,,,,,,,,,,,,,,,,,,,,,,,,,,,,,,,,,,,,,,,,,,,,,,,,,,,,,,,,,,,,,,,,,,,,,,,,,,,,,,,,,,,,,,,,,,,,,,,,,,,,,,,,,,,,,,,
20260824_和歌山_2R,20260824,55,和歌山,2,567.0,322.8,189.0,1087.1,341.5,,,684.9,454.0,665.7,1274.2,410.0,,,50.4,81.3,10.4,268.7,29.3,,,44.2,232.8,34.2,314.3,55.2,,,1377.9,1623.3,1039.5,822.9,1197.0,,,121.0,123.1,43.0,50.9,386.0,,,,,,,,,,,,,,,,,1881.0,754.8,400.3,3385.8,684.9,,,2235.9,2008.5,2755.9,1823.1,1463.0,,,709.6,1623.3,1128.6,1975.0,651.1,,,280.8,1742.7,1173.3,1394.1,495.8,,,3485.4,1881.0,2755.9,3950.1,2278.9,,,693.0,647.5,462.9,722.5,2370.0,,,,,,,,,,,,,,,,,2890.3,1539.0,2194.5,7406.4,979.3,,,3038.5,2323.6,3291.7,1881.0,1942.6,,,1173.3,1580.0,1975.0,2079.0,504.2,,,1942.6,2370.0,2323.6,6583.5,1410.7,,,6970.8,2278.9,2079.0,6583.5,2890.3,,,633.7,822.9,239.4,897.7,1539.0,,,,,,,,,,,,,,,,,56.5,73.2,12.2,321.1,29.1,,,313.5,610.8,401.7,1173.3,284.8,,,466.5,681.0,769.5,1087.1,225.2,,,51.0,144.1,459.3,601.5,108.2,,,918.6,1463.0,1197.0,933.1,933.1,,,32.2,64.2,28.2,56.6,291.1,,,,,,,,,,,,,,,,,48.9,365.7,56.7,445.5,87.6,,,114.6,429.3,329.1,701.2,189.3,,,1058.0,955.6,1539.0,4232.2,1039.5,,,84.4,204.3,858.7,1004.2,201.8,,,1377.9,1742.7,4389.0,2154.6,1580.0,,,142.9,115.3,340.5,174.5,800.7,,,,,,,,,,,,,,,,,4740.1,5925.1,2633.4,2468.8,3591.0,,,4740.1,1881.0,3385.8,3950.1,5386.5,,,5925.1,2194.5,2278.9,7900.2,4740.1,,,2235.9,2755.9,1500.0,1559.2,2154.6,,,2235.9,2693.2,5643.0,2235.9,1823.1,,,2962.5,4557.8,2323.6,1911.3,1669.0,,,,,,,,,,,,,,,,,110.8,68.4,28.0,51.8,321.1,,,241.8,165.2,116.1,243.8,1346.6,,,91.6,96.0,20.4,165.7,420.2,,,16.7,28.8,7.7,31.0,178.4,,,106.0,115.5,164.5,85.0,548.6,,,987.5,1346.6,834.5,572.4,897.7,,,,,,,,,,,,,,,,,,,,,,,,,,,,,,,,,,,,,,,,,,,,,,,,,,,,,,,,,,,,,,,,,,,,,,,,,,,,,,,,,,,,,,,,,,,,,,,,,,,,,,,,,,,,,,,,,,,,,,,,,,,,,,,,
20260824_和歌山_3R,20260824,55,和歌山,3,116.0,78.4,237.9,284.4,66.1,,,197.0,245.9,194.4,332.5,153.3,,,37.2,70.1,100.0,73.6,7.9,,,522.3,437.2,322.5,570.2,280.3,,,442.1,411.3,244.3,348.2,98.2,,,22.8,24.3,6.9,46.3,12.5,,,,,,,,,,,,,,,,,91.0,71.2,216.9,246.4,54.1,,,71.5,156.7,45.7,195.4,145.9,,,117.8,218.1,423.0,575.8,241.8,,,409.8,224.8,551.6,737.7,559.4,,,412.7,415.6,808.5,880.9,751.8,,,98.0,282.4,253.3,379.5,562.1,,,,,,,,,,,,,,,,,317.3,504.4,396.1,771.5,356.6,,,190.0,306.6,84.4,324.2,297.3,,,803.0,567.5,837.1,1513.3,1053.9,,,351.3,159.9,652.1,506.6,511.0,,,1035.4,611.6,1475.5,781.7,1710.7,,,645.0,690.3,1124.2,737.7,1553.2,,,,,,,,,,,,,,,,,60.5,118.6,173.3,94.2,16.4,,,136.3,157.3,420.0,411.3,213.4,,,500.1,417.1,573.0,1311.6,733.1,,,733.1,908.0,1297.1,1216.9,1180.4,,,281.0,641.5,1093.0,1053.9,438.8,,,50.5,244.3,457.5,584.3,262.3,,,,,,,,,,,,,,,,,929.4,1103.2,534.1,1168.7,706.8,,,936.8,522.3,808.5,2070.9,1255.7,,,880.9,504.4,1439.5,1283.0,1053.9,,,837.1,1017.6,2107.9,1735.9,1844.4,,,2409.0,2745.2,2409.0,2070.9,1372.6,,,814.0,1242.5,1283.0,1513.3,1168.7,,,,,,,,,,,,,,,,,372.3,218.6,328.8,334.4,114.1,,,761.5,489.8,1255.7,1103.2,967.5,,,334.4,461.1,929.4,367.7,493.9,,,430.8,1135.0,1326.3,1573.9,686.3,,,951.9,1494.2,944.3,1662.5,1113.6,,,195.7,1017.6,674.5,641.5,596.1,,,,,,,,,,,,,,,,,62.6,55.0,22.6,83.7,28.1,,,156.9,405.6,316.4,531.7,645.0,,,371.2,581.4,733.1,631.2,831.2,,,56.0,245.9,326.0,454.0,196.7,,,435.5,894.2,867.9,867.9,837.1,,,150.3,567.5,706.8,341.1,443.7,,,,,,,,,,,,,,,,,,,,,,,,,,,,,,,,,,,,,,,,,,,,,,,,,,,,,,,,,,,,,,,,,,,,,,,,,,,,,,,,,,,,,,,,,,,,,,,,,,,,,,,,,,,,,,,,,,,,,,,,,,,,,,,,
20260824_和歌山_4R,20260824,55,和歌山,4,577.0,880.3,504.6,3092.5,2079.4,,,325.0,134.1,159.7,906.8,571.6,,,730.9,215.7,275.9,1435.8,480.5,,,325.0,217.3,246.1,345.5,768.2,,,6347.8,4158.9,4467.0,2804.8,5743.2,,,3654.8,2044.2,2079.4,3015.2,6700.5,,,,,,,,,,,,,,,,,471.1,1148.6,831.7,2115.9,1977.1,,,242.1,134.3,82.1,513.2,506.7,,,906.8,254.4,440.1,1435.8,1057.9,,,325.9,96.4,214.6,255.5,972.6,,,3654.8,886.8,2621.9,873.9,5025.3,,,2941.6,1566.3,3769.0,2680.2,4824.3,,,,,,,,,,,,,,,,,89.4,83.9,44.4,322.4,262.1,,,65.5,34.0,9.0,143.2,103.0,,,28.2,17.3,6.2,113.9,11.4,,,26.4,6.0,12.8,35.6,82.8,,,980.5,498.3,445.0,245.6,1148.6,,,465.6,366.5,141.0,240.7,1170.9,,,,,,,,,,,,,,,,,1230.7,350.6,861.4,1914.4,988.5,,,980.5,375.7,492.2,1827.4,1230.7,,,112.2,128.7,54.1,418.7,64.2,,,681.4,382.8,171.3,689.1,631.4,,,4307.4,3769.0,1470.8,1608.1,4638.8,,,1355.1,1435.8,538.4,1526.6,3259.7,,,,,,,,,,,,,,,,,312.4,220.4,340.7,366.5,713.6,,,135.5,51.2,99.1,76.0,430.7,,,114.4,37.5,47.7,131.2,226.7,,,355.7,159.9,89.8,374.5,297.0,,,392.8,270.4,303.8,348.5,612.2,,,1652.1,920.6,563.5,873.9,1340.1,,,,,,,,,,,,,,,,,9999.9,6700.5,8614.9,4467.0,9999.9,,,7094.6,1652.1,4307.4,1453.1,7538.0,,,6700.5,2153.7,2010.1,1698.7,8040.6,,,9999.9,4307.4,2115.9,1675.1,8614.9,,,2941.6,1310.9,1566.3,1435.8,2044.2,,,9999.9,9277.6,9999.9,9277.6,2941.6,,,,,,,,,,,,,,,,,4824.3,2941.6,3015.2,5025.3,6030.4,,,6347.8,5482.2,5743.2,4158.9,8040.6,,,2566.1,3769.0,1170.9,2566.1,5025.3,,,3445.9,6700.5,1386.3,3654.8,7538.0,,,6347.8,4158.9,2512.6,3547.3,2364.8,,,9277.6,9999.9,7538.0,7538.0,2566.1,,,,,,,,,,,,,,,,,,,,,,,,,,,,,,,,,,,,,,,,,,,,,,,,,,,,,,,,,,,,,,,,,,,,,,,,,,,,,,,,,,,,,,,,,,,,,,,,,,,,,,,,,,,,,,,,,,,,,,,,,,,,,,,,
20260824_和歌山_5R,20260824,55,和歌山,5,89.2,166.3,288.4,3211.9,1490.0,,,32.6,25.6,52.3,531.3,368.7,,,166.3,71.7,196.3,1877.1,1138.0,,,458.8,177.3,358.6,1877.1,1605.9,,,8502.2,2492.0,4662.5,5353.2,6022.4,,,3613.4,1505.6,2834.0,3284.9,5781.5,,,,,,,,,,,,,,,,,267.6,454.5,850.2,5353.2,2581.0,,,199.9,299.8,478.6,1953.2,1661.3,,,870.7,694.8,1571.0,6022.4,2408.9,,,2223.6,1642.4,3011.2,9635.8,6284.2,,,9999.9,2676.6,6022.4,9999.9,9033.6,,,5781.5,3284.9,7226.8,5559.1,9999.9,,,,,,,,,,,,,,,,,7.3,5.2,12.5,171.0,115.6,,,9.7,22.3,33.9,381.3,215.7,,,6.1,14.7,16.9,238.5,153.9,,,13.6,35.0,18.8,261.3,210.6,,,631.1,1017.8,897.7,1326.0,1661.3,,,387.5,701.6,623.0,745.0,1571.0,,,,,,,,,,,,,,,,,412.9,145.7,390.6,3211.9,1605.9,,,719.0,582.8,1338.3,3525.3,3361.3,,,105.0,280.1,268.1,1350.8,1445.3,,,1094.9,2223.6,681.7,2408.9,4251.1,,,6284.2,7226.8,2535.7,3011.2,8029.8,,,4129.6,6284.2,3906.4,5353.2,8502.2,,,,,,,,,,,,,,,,,2258.4,514.3,957.2,6284.2,4662.5,,,2727.1,1376.5,2676.6,9033.6,5559.1,,,309.5,678.5,385.4,2949.7,2727.1,,,1086.7,3075.2,816.5,2676.6,7607.2,,,9033.6,9999.9,7607.2,3011.2,2676.6,,,7607.2,6569.8,4817.9,5353.2,3011.2,,,,,,,,,,,,,,,,,9999.9,5162.0,9999.9,9999.9,9999.9,,,9999.9,2834.0,6569.8,9999.9,9999.9,,,4251.1,2949.7,2834.0,9999.9,7607.2,,,9999.9,9999.9,2727.1,3361.3,9999.9,,,9999.9,9999.9,9999.9,3803.6,3803.6,,,9999.9,9999.9,9033.6,9999.9,3803.6,,,,,,,,,,,,,,,,,7607.2,3361.3,6022.4,9999.9,9999.9,,,8502.2,6569.8,8029.8,9999.9,9635.8,,,2779.5,6284.2,3803.6,5559.1,8502.2,,,7607.2,9999.9,4251.1,8029.8,9999.9,,,9999.9,7607.2,7607.2,9999.9,3142.1,,,9999.9,9999.9,9999.9,9999.9,2890.7,,,,,,,,,,,,,,,,,,,,,,,,,,,,,,,,,,,,,,,,,,,,,,,,,,,,,,,,,,,,,,,,,,,,,,,,,,,,,,,,,,,,,,,,,,,,,,,,,,,,,,,,,,,,,,,,,,,,,,,,,,,,,,,,
20260824_和歌山_6R,20260824,55,和歌山,6,5135.4,4621.8,8156.2,6932.8,9243.7,,,5332.9,3466.4,4952.0,2718.7,6302.5,,,3555.2,3151.2,3851.5,1004.7,2666.4,,,9999.9,4952.0,5332.9,3747.4,6932.8,,,2950.1,1755.1,493.4,1260.5,883.1,,,9999.9,6932.8,3224.5,4621.8,1507.1,,,,,,,,,,,,,,,,,5777.3,8666.0,9999.9,6602.6,9999.9,,,9904.0,9999.9,8156.2,3648.8,9999.9,,,9904.0,9243.7,9999.9,2888.6,2476.0,,,5332.9,9999.9,9999.9,9999.9,9999.9,,,8666.0,2773.1,3151.2,9904.0,8666.0,,,9999.9,9999.9,9999.9,9999.9,6932.8,,,,,,,,,,,,,,,,,3381.8,3466.4,3555.2,3301.3,7703.1,,,8156.2,9243.7,8666.0,3381.8,9999.9,,,2432.5,4333.0,2666.4,570.6,900.3,,,4201.7,9999.9,3466.4,3648.8,3961.6,,,1414.8,2273.0,454.6,2069.4,835.2,,,5546.2,6932.8,1612.2,3224.5,1100.4,,,,,,,,,,,,,,,,,2616.1,912.2,1414.8,250.2,924.3,,,4781.2,6602.6,6602.6,1346.1,4781.2,,,949.7,2773.1,1012.0,267.1,552.4,,,1429.4,4201.7,1359.3,388.3,1027.0,,,54.7,354.6,57.0,73.5,45.2,,,590.0,2829.7,400.7,729.7,164.0,,,,,,,,,,,,,,,,,9999.9,4621.8,6932.8,4333.0,5546.2,,,8666.0,8666.0,8156.2,9999.9,7703.1,,,4621.8,9904.0,5777.3,5332.9,9243.7,,,6302.5,9999.9,1952.9,1074.8,3555.2,,,2950.1,7703.1,2166.5,990.4,983.3,,,8666.0,9999.9,5546.2,4333.0,1711.8,,,,,,,,,,,,,,,,,390.5,57.6,15.1,82.9,52.4,,,924.3,749.4,299.4,1074.8,729.7,,,65.6,438.7,19.6,77.9,44.5,,,8.6,123.8,7.6,13.5,5.0,,,82.4,619.0,83.3,24.4,56.3,,,20.4,200.6,19.2,5.8,27.0,,,,,,,,,,,,,,,,,9243.7,4201.7,1557.9,5777.3,1083.2,,,9999.9,9999.9,8666.0,9999.9,4781.2,,,4333.0,9999.9,1205.7,2773.1,990.4,,,1238.0,3747.4,774.6,1459.5,241.1,,,5546.2,7703.1,3151.2,2718.7,1109.2,,,270.8,1575.6,251.1,122.7,338.1,,,,,,,,,,,,,,,,,,,,,,,,,,,,,,,,,,,,,,,,,,,,,,,,,,,,,,,,,,,,,,,,,,,,,,,,,,,,,,,,,,,,,,,,,,,,,,,,,,,,,,,,,,,,,,,,,,,,,,,,,,,,,,,,
20260824_和歌山_7R,20260824,55,和歌山,7,825.3,1698.5,1105.6,633.5,,,,874.6,1195.9,540.0,802.7,,,,3005.0,2663.6,2547.7,2725.5,,,,610.4,457.8,1287.8,418.5,,,,786.5,908.5,960.6,976.6,,,,,,,,,,,,,,,,,,,,,,,,,566.1,808.2,366.2,420.0,,,,244.6,89.0,124.6,25.3,,,,993.2,227.5,511.7,93.6,,,,689.4,349.8,463.2,171.3,,,,181.1,19.0,8.7,45.2,,,,,,,,,,,,,,,,,,,,,,,,,224.0,210.4,84.4,123.2,,,,145.5,52.6,58.9,10.7,,,,306.0,98.9,169.6,59.7,,,,105.5,95.1,91.7,48.9,,,,71.0,6.8,11.7,26.6,,,,,,,,,,,,,,,,,,,,,,,,,2056.1,2092.8,2547.7,1953.3,,,,1650.6,440.5,1065.4,205.9,,,,1446.8,384.2,714.6,191.8,,,,1953.3,1921.2,887.8,689.4,,,,930.1,143.4,183.9,404.1,,,,,,,,,,,,,,,,,,,,,,,,,665.9,434.0,1065.4,498.7,,,,993.2,558.0,1126.9,415.5,,,,476.4,478.3,550.2,383.0,,,,2253.8,1803.0,901.5,761.0,,,,746.4,414.1,434.0,384.2,,,,,,,,,,,,,,,,,,,,,,,,,359.5,368.5,454.2,509.5,,,,127.8,13.0,9.5,62.5,,,,134.8,16.1,28.9,76.5,,,,296.7,35.1,50.9,124.5,,,,461.4,220.2,226.6,226.6,,,,,,,,,,,,,,,,,,,,,,,,,,,,,,,,,,,,,,,,,,,,,,,,,,,,,,,,,,,,,,,,,,,,,,,,,,,,,,,,,,,,,,,,,,,,,,,,,,,,,,,,,,,,,,,,,,,,,,,,,,,,,,,,,,,,,,,,,,,,,,,,,,,,,,,,,,,,,,,,,,,,,,,,,,,,,,,,,,,,,,,,,,,,,,,,
20260824_和歌山_8R,20260824,55,和歌山,8,155.0,163.7,140.4,746.4,151.6,,,193.5,119.8,184.6,751.7,416.3,,,200.5,76.8,156.9,678.5,419.6,,,167.4,125.2,172.7,308.2,293.5,,,1471.7,1559.6,1357.0,1201.1,1935.1,,,208.1,351.8,629.4,339.2,1274.3,,,,,,,,,,,,,,,,,109.4,102.5,108.2,527.7,113.4,,,157.6,35.1,282.4,248.8,103.7,,,95.3,26.7,188.9,202.9,58.7,,,299.4,535.8,481.5,1393.2,483.7,,,885.5,535.8,522.4,1339.6,466.5,,,60.0,47.6,45.0,112.3,135.7,,,,,,,,,,,,,,,,,344.8,94.9,266.5,863.6,611.0,,,200.9,32.7,305.5,257.3,126.2,,,27.3,11.5,41.3,33.7,24.8,,,435.4,567.9,194.2,1099.9,1055.5,,,1099.9,514.7,186.9,1258.9,941.4,,,583.7,198.2,133.4,785.6,735.8,,,,,,,,,,,,,,,,,134.4,57.3,108.9,439.0,265.2,,,83.4,20.5,144.1,151.6,53.1,,,19.6,8.6,36.7,25.6,17.4,,,245.8,317.6,166.6,715.7,633.3,,,810.0,433.5,192.4,893.1,768.3,,,314.7,83.2,80.7,488.2,423.0,,,,,,,,,,,,,,,,,403.4,366.6,348.3,870.8,637.1,,,618.3,941.4,885.5,2612.4,1161.0,,,730.7,1123.6,682.9,2749.8,1833.2,,,577.3,967.5,558.8,1066.2,1148.3,,,2089.9,3483.2,2824.2,1322.7,1583.2,,,1866.0,1306.2,2322.1,2048.9,1833.2,,,,,,,,,,,,,,,,,1771.1,1658.6,1258.9,1451.3,2048.9,,,1451.3,746.4,768.3,2177.0,779.8,,,1215.0,674.1,336.0,1713.0,1099.9,,,1187.4,645.0,306.4,1088.5,1187.4,,,633.3,2374.9,2177.0,1244.0,1339.6,,,2132.5,893.1,1583.2,1412.1,1306.2,,,,,,,,,,,,,,,,,231.6,347.1,614.6,405.0,1412.1,,,135.7,100.3,103.0,203.2,274.9,,,549.9,247.6,324.5,757.2,856.5,,,574.1,189.3,225.2,995.2,1111.6,,,1412.1,710.8,1559.6,1713.0,1713.0,,,1492.8,555.8,1161.0,1451.3,995.2,,,,,,,,,,,,,,,,,,,,,,,,,,,,,,,,,,,,,,,,,,,,,,,,,,,,,,,,,,,,,,,,,,,,,,,,,,,,,,,,,,,,,,,,,,,,,,,,,,,,,,,,,,,,,,,,,,,,,,,,,,,,,,,,
20260824_和歌山_9R,20260824,55,和歌山,9,626.0,165.3,120.8,237.7,188.3,,,1099.9,1868.2,1657.7,4058.5,3097.3,,,196.1,657.5,203.9,956.9,313.8,,,89.7,613.0,88.2,318.9,170.3,,,387.1,2307.8,1089.8,668.7,1120.9,,,250.4,1634.7,496.6,287.0,905.3,,,,,,,,,,,,,,,,,379.6,99.6,89.9,105.2,151.4,,,527.7,188.0,486.3,371.2,434.3,,,52.7,26.6,38.4,18.9,10.6,,,106.9,355.5,46.0,102.7,158.8,,,46.1,89.0,14.4,41.0,30.8,,,104.5,154.2,26.3,87.0,50.0,,,,,,,,,,,,,,,,,2674.9,2558.6,2802.3,4526.8,3461.7,,,1756.7,680.3,1265.5,1041.5,1528.5,,,1165.3,661.2,1337.4,956.9,560.4,,,2615.5,1528.5,1868.2,2139.9,2737.1,,,3678.0,1569.3,1188.8,3796.7,3269.4,,,3566.6,1929.4,871.8,2737.1,3566.6,,,,,,,,,,,,,,,,,218.7,356.6,243.1,717.6,202.9,,,111.6,41.8,60.5,47.4,19.7,,,276.9,106.6,231.6,305.7,76.0,,,220.4,94.3,212.4,435.9,123.6,,,646.6,127.3,382.1,456.1,248.3,,,109.9,23.0,30.2,92.8,110.8,,,,,,,,,,,,,,,,,94.3,632.7,98.2,343.1,205.0,,,185.0,806.1,101.9,297.2,357.7,,,1634.7,1368.5,1368.5,2402.0,2558.6,,,207.5,125.2,323.3,426.4,188.0,,,817.3,518.4,1634.7,588.4,852.8,,,629.4,547.4,1612.3,363.2,1050.8,,,,,,,,,,,,,,,,,245.2,1508.9,740.2,717.6,1041.5,,,93.1,216.3,37.9,106.9,73.2,,,2615.5,547.4,859.1,2353.9,1569.3,,,650.2,115.2,472.6,480.4,288.4,,,754.4,341.1,1548.6,613.0,817.3,,,898.4,168.3,1023.4,283.6,650.2,,,,,,,,,,,,,,,,,392.3,1368.5,417.3,404.4,726.5,,,228.5,237.2,59.6,200.5,134.5,,,1898.3,764.2,568.5,2064.8,1569.3,,,349.2,58.5,158.1,297.9,292.7,,,764.2,347.1,1489.8,534.9,613.0,,,1079.8,248.3,591.4,354.5,414.4,,,,,,,,,,,,,,,,,,,,,,,,,,,,,,,,,,,,,,,,,,,,,,,,,,,,,,,,,,,,,,,,,,,,,,,,,,,,,,,,,,,,,,,,,,,,,,,,,,,,,,,,,,,,,,,,,,,,,,,,,,,,,,,,
20260824_和歌山_10R,20260824,55,和歌山,10,728.6,229.9,241.6,751.7,136.4,,,1578.7,1353.1,728.6,3946.7,599.5,,,190.5,653.2,243.5,1214.3,134.7,,,142.6,207.7,270.6,885.2,36.4,,,2202.8,2631.1,2059.1,1933.1,1064.3,,,47.1,142.4,61.1,13.1,404.7,,,,,,,,,,,,,,,,,1076.3,165.5,317.8,509.2,143.7,,,1973.3,1246.3,2015.3,1214.3,1372.7,,,56.2,344.4,110.7,78.5,33.4,,,466.6,1127.6,385.0,885.2,509.2,,,947.2,1297.5,350.8,1334.1,712.2,,,78.8,567.2,53.5,204.1,303.5,,,,,,,,,,,,,,,,,7286.3,2960.0,1821.5,5920.1,1787.2,,,5571.9,2960.0,3643.1,1578.7,2785.9,,,2560.0,3643.1,4985.4,1973.3,2870.3,,,1633.1,2706.3,3643.1,4510.6,1821.5,,,6765.9,1552.8,1933.1,5920.1,5262.3,,,1435.1,2960.0,2310.3,1722.2,4736.1,,,,,,,,,,,,,,,,,108.6,451.0,167.0,490.7,83.8,,,40.0,249.2,80.6,67.3,22.8,,,1184.0,1101.4,1527.7,1297.5,1064.3,,,321.0,334.7,830.9,653.2,263.8,,,1141.2,466.6,1480.0,1064.3,1052.4,,,40.6,31.3,310.5,116.3,292.3,,,,,,,,,,,,,,,,,315.7,314.6,457.5,1280.0,71.9,,,595.7,1214.3,691.4,1262.9,532.1,,,411.8,1064.3,2015.3,1754.1,696.4,,,676.5,717.5,1633.1,1052.4,541.2,,,4305.5,2255.3,3788.9,1633.1,1262.9,,,60.7,345.7,424.7,448.9,816.5,,,,,,,,,,,,,,,,,3157.4,4118.3,3508.2,3788.9,2202.8,,,2202.8,1894.4,770.1,2785.9,1605.4,,,6314.8,2202.8,2152.7,6314.8,3643.1,,,2492.7,877.0,2152.7,1691.4,1973.3,,,4736.1,3055.5,4736.1,1661.8,1280.0,,,2152.7,2104.9,5571.9,2706.3,1633.1,,,,,,,,,,,,,,,,,11.9,43.7,15.5,6.8,202.8,,,27.1,214.7,15.2,72.6,104.4,,,368.5,523.3,535.1,560.4,853.3,,,27.0,14.9,205.9,73.4,216.7,,,31.8,135.9,158.6,150.8,478.3,,,782.8,547.5,1661.8,676.5,816.5,,,,,,,,,,,,,,,,,,,,,,,,,,,,,,,,,,,,,,,,,,,,,,,,,,,,,,,,,,,,,,,,,,,,,,,,,,,,,,,,,,,,,,,,,,,,,,,,,,,,,,,,,,,,,,,,,,,,,,,,,,,,,,,,
20260824_和歌山_11R,20260824,55,和歌山,11,399.3,267.5,954.4,461.5,782.0,,,344.4,242.1,686.7,602.2,383.0,,,229.3,234.6,695.1,396.5,354.1,,,1462.6,1521.9,1706.3,1908.8,2047.6,,,445.1,580.5,455.9,1251.3,1340.7,,,1390.3,893.8,1126.2,1481.8,1759.7,,,,,,,,,,,,,,,,,192.1,316.3,776.7,219.5,523.8,,,110.7,102.1,205.8,43.0,100.6,,,225.6,193.1,782.0,175.6,511.9,,,1033.2,602.2,1198.1,632.7,1014.6,,,80.2,29.9,69.8,211.6,100.4,,,755.8,226.1,686.7,521.3,264.9,,,,,,,,,,,,,,,,,55.7,51.6,143.4,87.0,97.3,,,25.2,31.3,59.2,10.7,22.7,,,42.7,55.3,152.8,65.6,83.6,,,213.7,138.3,212.8,240.6,63.5,,,56.1,16.2,46.8,109.4,45.0,,,47.6,15.3,47.0,15.9,34.8,,,,,,,,,,,,,,,,,192.5,124.5,485.4,233.1,375.4,,,316.3,319.9,900.9,260.0,782.0,,,151.9,187.0,459.6,184.0,338.2,,,1309.5,1356.8,846.7,879.8,618.8,,,238.6,218.2,203.6,523.8,731.3,,,639.8,828.1,557.5,886.7,1052.5,,,,,,,,,,,,,,,,,1975.8,1975.8,2047.6,2085.5,1908.8,,,1816.4,1198.1,1759.7,1586.2,1732.6,,,1309.5,996.6,946.4,1161.0,467.3,,,2298.4,2619.1,1072.5,1279.7,2681.4,,,3128.3,1846.2,1309.5,1407.7,1104.1,,,2124.9,1608.8,366.8,2085.5,1294.5,,,,,,,,,,,,,,,,,254.2,304.3,277.3,750.8,632.7,,,88.8,28.2,73.8,200.3,103.8,,,121.4,47.0,94.4,217.8,93.2,,,216.9,140.7,153.2,362.1,443.3,,,1093.4,605.4,605.4,615.4,625.6,,,708.3,263.7,249.7,577.5,418.6,,,,,,,,,,,,,,,,,1356.8,810.2,1324.9,1632.2,1759.7,,,1005.5,263.7,1042.7,828.1,500.5,,,234.1,127.1,261.9,98.6,193.5,,,938.5,979.3,712.7,1586.2,1521.9,,,1173.1,721.9,346.5,1309.5,1005.5,,,1462.6,417.1,399.3,1309.5,712.7,,,,,,,,,,,,,,,,,,,,,,,,,,,,,,,,,,,,,,,,,,,,,,,,,,,,,,,,,,,,,,,,,,,,,,,,,,,,,,,,,,,,,,,,,,,,,,,,,,,,,,,,,,,,,,,,,,,,,,,,,,,,,,,,
20260824_熊本_1R,20260824,87,熊本,1,4.5,5.6,15.1,28.9,92.0,,,9.9,21.9,39.5,61.2,206.1,,,9.0,23.9,44.2,79.9,262.0,,,39.7,97.7,97.3,178.1,551.7,,,69.3,110.4,169.2,193.4,459.1,,,276.4,542.4,730.4,821.4,779.1,,,,,,,,,,,,,,,,,16.9,15.7,34.3,66.7,218.6,,,54.6,149.9,242.3,327.9,1108.2,,,59.7,195.6,303.9,533.4,1266.5,,,141.6,509.1,533.4,1004.3,2358.8,,,183.5,647.6,911.7,1127.7,2316.3,,,931.5,3673.1,3296.3,3428.2,4510.8,,,,,,,,,,,,,,,,,104.8,188.6,244.6,401.7,1218.5,,,159.1,479.6,680.2,772.1,3097.8,,,508.1,818.8,1412.7,1890.5,3781.1,,,1008.3,1325.3,2794.7,2856.8,5979.5,,,1285.5,1460.9,2358.8,3135.5,7142.1,,,6121.8,9999.9,9999.9,9999.9,9999.9,,,,,,,,,,,,,,,,,204.8,437.2,911.7,1016.2,1702.7,,,307.5,941.8,1761.0,2255.4,5041.5,,,666.1,1080.3,3673.1,3097.8,9999.9,,,3060.9,4285.3,6121.8,3339.2,9999.9,,,2989.7,4761.4,3895.7,3571.0,9889.1,,,5843.6,9999.9,9999.9,9999.9,9999.9,,,,,,,,,,,,,,,,,781.5,1207.1,1933.2,2921.8,5356.6,,,1049.4,2735.3,3621.3,5470.6,6271.1,,,1597.0,2706.5,5041.5,4944.5,9999.9,,,4285.3,5247.3,6427.9,3781.1,9999.9,,,4285.3,7562.3,6949.1,4147.0,5356.6,,,9182.8,9999.9,9999.9,9999.9,6121.8,,,,,,,,,,,,,,,,,551.7,1285.5,2197.5,2764.7,4591.4,,,1428.4,1962.7,4285.3,6427.9,9999.9,,,2142.6,2216.5,3135.5,7142.1,9999.9,,,3383.1,6592.7,1749.1,3895.7,9999.9,,,4433.0,8294.1,7562.3,3895.7,5142.3,,,7142.1,9999.9,9999.9,9999.9,5142.3,,,,,,,,,,,,,,,,,3571.0,6766.2,5713.7,8034.9,8866.1,,,3955.6,9999.9,8570.6,9999.9,9999.9,,,8866.1,9999.9,9999.9,9999.9,9999.9,,,7346.2,9999.9,9999.9,9999.9,9999.9,,,9999.9,9999.9,9999.9,9999.9,5356.6,,,9889.1,9999.9,9999.9,9999.9,3781.1,,,,,,,,,,,,,,,,,,,,,,,,,,,,,,,,,,,,,,,,,,,,,,,,,,,,,,,,,,,,,,,,,,,,,,,,,,,,,,,,,,,,,,,,,,,,,,,,,,,,,,,,,,,,,,,,,,,,,,,,,,,,,,,,
20260824_熊本_2R,20260824,87,熊本,2,4.7,14.7,17.7,52.3,171.4,,,3.3,7.7,10.1,38.7,126.5,,,23.5,24.7,77.7,151.7,428.5,,,38.4,41.7,99.6,231.6,581.6,,,129.9,134.7,260.5,293.7,649.6,,,634.3,608.0,967.6,923.3,900.1,,,,,,,,,,,,,,,,,49.9,117.0,170.2,327.1,809.6,,,83.6,321.2,506.6,939.4,2537.3,,,347.9,585.8,1084.9,1571.9,2598.7,,,668.5,1225.2,2014.0,3580.4,8262.6,,,1371.2,2237.7,2641.3,4354.6,8951.1,,,1564.2,7160.9,8262.6,9477.7,9999.9,,,,,,,,,,,,,,,,,27.0,63.1,78.6,196.3,557.5,,,66.0,266.7,374.2,761.8,1929.5,,,288.4,498.8,1342.6,1895.5,2459.8,,,484.5,1138.6,2052.4,3428.1,6444.8,,,734.0,1906.7,2577.9,3322.0,7160.9,,,2641.3,6576.3,8951.1,8709.2,9999.9,,,,,,,,,,,,,,,,,390.5,503.5,1202.3,1171.7,2459.8,,,467.0,1077.7,2318.2,3254.9,6576.3,,,761.8,1263.6,3791.0,4414.2,9206.9,,,2877.1,4538.6,5461.7,3882.4,9999.9,,,3159.2,4670.1,5282.6,4603.4,9477.7,,,9206.9,9999.9,9999.9,9999.9,9999.9,,,,,,,,,,,,,,,,,1146.7,1126.7,2352.1,4957.5,9999.9,,,1278.7,3464.9,4414.2,8262.6,9999.9,,,1505.8,3254.9,4957.5,8056.0,9999.9,,,4538.6,6713.3,6856.2,5197.4,9999.9,,,6318.4,9999.9,9999.9,5461.7,6196.9,,,9999.9,9999.9,9999.9,9999.9,8056.0,,,,,,,,,,,,,,,,,1704.9,1611.2,3464.9,5653.3,9999.9,,,3068.9,3620.6,5370.7,9999.9,9999.9,,,2441.2,4296.5,4184.9,7494.0,9999.9,,,5555.8,6318.4,5754.3,5370.7,9999.9,,,7005.2,9999.9,9999.9,4882.4,6318.4,,,9999.9,4882.4,9999.9,9999.9,7672.4,,,,,,,,,,,,,,,,,7859.5,4882.4,9999.9,9999.9,9999.9,,,7160.9,9999.9,9999.9,9999.9,9999.9,,,7005.2,9999.9,9999.9,9999.9,9999.9,,,9999.9,9999.9,2386.9,9999.9,9999.9,,,9999.9,9999.9,9999.9,9999.9,7494.0,,,9999.9,9999.9,9999.9,9999.9,4240.0,,,,,,,,,,,,,,,,,,,,,,,,,,,,,,,,,,,,,,,,,,,,,,,,,,,,,,,,,,,,,,,,,,,,,,,,,,,,,,,,,,,,,,,,,,,,,,,,,,,,,,,,,,,,,,,,,,,,,,,,,,,,,,,,
20260824_熊本_3R,20260824,87,熊本,3,19.9,22.2,33.3,124.7,130.6,,,4.1,9.4,41.5,2.6,19.9,,,26.5,42.8,128.9,192.0,218.7,,,197.8,287.9,312.5,794.2,652.6,,,349.8,89.6,407.4,696.1,415.2,,,403.9,230.9,592.3,557.2,567.2,,,,,,,,,,,,,,,,,110.7,150.1,277.5,663.4,881.0,,,192.9,422.0,672.9,918.3,1708.7,,,136.2,262.0,214.5,849.2,783.1,,,461.4,717.4,431.7,1762.1,1468.4,,,2273.7,2119.9,2220.0,3167.9,7048.6,,,2711.0,4027.8,2737.3,3915.9,3971.0,,,,,,,,,,,,,,,,,40.8,72.6,151.1,27.7,127.6,,,150.8,436.4,783.1,655.6,1355.5,,,241.3,555.0,1592.9,822.0,1305.3,,,1025.2,2255.5,3317.0,3971.0,5319.7,,,319.3,933.5,1003.3,2610.6,1639.2,,,807.8,3438.3,1795.8,5528.3,2711.0,,,,,,,,,,,,,,,,,139.9,142.6,443.3,713.7,610.2,,,134.1,242.6,233.9,892.2,962.2,,,243.2,420.1,955.7,965.5,1362.0,,,1101.3,734.2,1773.2,2906.6,3862.2,,,1999.6,2495.1,1999.6,3396.9,4405.4,,,1349.0,3524.3,1830.8,6713.0,5422.0,,,,,,,,,,,,,,,,,1575.1,1688.3,2185.6,4208.1,5528.3,,,1423.9,2043.0,1003.3,3661.6,3278.4,,,1719.1,2999.4,5422.0,6556.9,9095.0,,,2292.2,1293.3,4622.0,3438.3,5319.7,,,6129.2,6265.4,6876.7,4547.5,3862.2,,,7229.4,8292.5,9999.9,8810.8,4475.3,,,,,,,,,,,,,,,,,2659.8,776.7,2586.6,6129.2,4146.2,,,3810.0,2791.5,3661.6,5998.8,9999.9,,,883.8,2659.8,2292.2,8543.8,5422.0,,,3356.5,4337.6,1905.0,4271.9,8055.6,,,6556.9,7229.4,9999.9,4547.5,3862.2,,,5319.7,9999.9,6876.7,9722.3,5422.0,,,,,,,,,,,,,,,,,1072.0,751.8,2563.1,1382.0,2936.9,,,1220.5,1445.8,3759.2,1592.9,9095.0,,,962.2,1575.1,5528.3,1751.2,3862.2,,,2791.5,5034.7,6265.4,7419.6,7831.8,,,7831.8,7620.1,9999.9,8055.6,4699.1,,,4778.7,9722.3,6265.4,8292.5,3098.3,,,,,,,,,,,,,,,,,,,,,,,,,,,,,,,,,,,,,,,,,,,,,,,,,,,,,,,,,,,,,,,,,,,,,,,,,,,,,,,,,,,,,,,,,,,,,,,,,,,,,,,,,,,,,,,,,,,,,,,,,,,,,,,,
20260824_熊本_4R,20260824,87,熊本,4,10.1,14.9,6.0,114.7,76.8,,,28.7,54.7,111.9,327.8,556.9,,,60.0,83.7,173.4,240.6,743.5,,,32.7,161.2,137.9,471.1,241.4,,,477.1,982.3,723.7,1073.9,2605.4,,,413.2,1161.3,1161.3,595.6,2605.4,,,,,,,,,,,,,,,,,16.3,24.5,5.8,115.0,53.2,,,42.2,44.9,121.5,267.2,223.7,,,90.6,84.4,381.6,188.0,632.1,,,59.5,352.0,447.8,1175.0,341.6,,,723.7,809.8,633.4,1772.9,2187.0,,,421.4,698.4,722.0,670.3,2080.7,,,,,,,,,,,,,,,,,31.4,43.2,101.1,224.7,389.1,,,45.1,59.4,197.9,264.9,389.6,,,31.8,53.1,176.2,51.8,279.2,,,607.7,693.5,772.2,1872.6,1291.5,,,652.7,652.7,235.0,1406.7,1368.1,,,1139.2,1184.3,878.6,1772.9,2038.3,,,,,,,,,,,,,,,,,181.9,132.6,368.5,255.6,868.4,,,195.3,178.3,760.4,449.2,1062.5,,,54.3,102.9,276.9,49.1,363.1,,,1193.7,1646.3,1097.5,1468.7,3995.0,,,165.6,425.6,93.6,617.7,590.9,,,1908.4,1742.0,1189.0,3292.6,1805.0,,,,,,,,,,,,,,,,,264.9,1089.5,1077.8,2800.2,1291.5,,,438.6,1577.0,1783.5,4406.3,1838.2,,,1505.6,2269.9,2397.0,4472.1,4681.7,,,2095.3,3088.9,2080.7,2723.9,6375.1,,,4539.8,4993.8,4681.7,3256.8,3942.5,,,3404.9,3942.5,7682.8,5256.6,4342.4,,,,,,,,,,,,,,,,,1945.6,2416.3,1544.4,4406.3,5653.4,,,2909.0,2236.0,2171.2,5992.6,5992.6,,,2038.3,2095.3,443.8,4472.1,4104.5,,,1118.0,1637.3,376.8,2095.3,2496.9,,,5078.5,6375.1,6513.7,3088.9,4220.1,,,5875.1,5166.0,5078.5,4104.5,4472.1,,,,,,,,,,,,,,,,,1089.5,3292.6,3187.5,2080.7,5350.5,,,1002.1,3187.5,2378.0,4220.1,6375.1,,,3444.0,4681.7,2010.9,6658.4,5762.1,,,3995.0,2909.0,2416.3,5992.6,4472.1,,,4220.1,6375.1,6968.1,9363.4,5166.0,,,6658.4,5992.6,6114.9,5350.5,3444.0,,,,,,,,,,,,,,,,,,,,,,,,,,,,,,,,,,,,,,,,,,,,,,,,,,,,,,,,,,,,,,,,,,,,,,,,,,,,,,,,,,,,,,,,,,,,,,,,,,,,,,,,,,,,,,,,,,,,,,,,,,,,,,,,
20260824_熊本_5R,20260824,87,熊本,5,69.7,34.7,104.1,330.3,314.6,,,71.5,33.6,171.0,422.6,253.8,,,14.2,8.4,55.3,148.6,153.5,,,118.0,166.4,108.0,691.4,859.6,,,1156.6,1290.8,809.9,2186.3,1949.6,,,603.2,629.3,775.0,1980.2,1630.3,,,,,,,,,,,,,,,,,65.1,32.5,64.1,170.2,233.0,,,158.6,261.2,337.4,629.3,579.2,,,26.4,118.6,66.9,164.0,220.6,,,32.2,105.6,44.4,88.5,142.2,,,448.1,658.9,448.6,396.4,565.3,,,401.0,645.4,541.8,429.3,484.2,,,,,,,,,,,,,,,,,330.9,169.9,796.2,1360.5,1609.5,,,406.2,568.7,945.5,1411.3,3470.0,,,223.9,644.3,1494.9,2409.1,2521.5,,,1322.4,1112.4,1681.0,4502.7,6200.5,,,3100.2,1809.7,4023.7,6410.7,6876.9,,,3939.9,4976.7,3981.3,8222.4,6876.9,,,,,,,,,,,,,,,,,8.4,5.2,45.0,62.1,66.5,,,13.6,69.8,38.9,105.0,117.2,,,51.5,201.8,475.1,827.6,979.8,,,133.3,80.5,369.0,584.5,673.0,,,247.6,337.7,1041.9,1065.4,410.2,,,296.1,356.8,1050.6,1062.4,344.4,,,,,,,,,,,,,,,,,133.5,244.4,182.3,768.7,1149.6,,,68.5,237.7,112.1,276.4,406.7,,,849.9,779.8,1295.3,2932.0,3820.5,,,301.3,227.3,761.0,1200.7,1400.8,,,2363.9,1129.0,3602.2,2378.8,1589.2,,,3205.3,1308.7,5181.2,3001.8,1727.0,,,,,,,,,,,,,,,,,2022.6,2292.3,1775.7,3438.4,2573.0,,,1775.7,1537.5,1331.8,1531.3,1767.4,,,3407.5,1751.0,3407.5,6303.8,5909.8,,,1696.1,1438.1,3347.1,2978.2,2349.2,,,3377.0,1801.1,5645.2,3050.2,2409.1,,,1531.3,929.3,2488.3,1818.4,1644.4,,,,,,,,,,,,,,,,,2173.7,2124.9,1427.2,3377.0,2066.8,,,1427.2,3470.0,2033.5,2044.5,1252.4,,,3438.4,5403.3,4067.0,7273.7,4449.7,,,1466.0,1809.7,2626.6,3050.2,1969.9,,,5403.3,2440.2,6876.9,4249.8,2504.8,,,1039.1,851.8,2011.8,1512.9,1360.5,,,,,,,,,,,,,,,,,,,,,,,,,,,,,,,,,,,,,,,,,,,,,,,,,,,,,,,,,,,,,,,,,,,,,,,,,,,,,,,,,,,,,,,,,,,,,,,,,,,,,,,,,,,,,,,,,,,,,,,,,,,,,,,,
20260824_熊本_6R,20260824,87,熊本,6,1.7,15.9,48.5,18.4,174.5,,,9.5,66.9,81.3,69.2,430.0,,,33.1,60.5,218.5,21.8,221.0,,,304.4,340.7,550.1,511.4,1169.8,,,27.9,46.1,18.0,114.2,54.0,,,877.3,1256.4,812.0,1049.2,547.1,,,,,,,,,,,,,,,,,23.9,146.7,262.9,186.9,753.8,,,138.7,718.4,825.2,954.1,2880.4,,,482.3,922.4,2964.3,1004.3,3965.2,,,1333.3,2165.4,4924.6,6785.0,6939.2,,,598.6,948.2,1102.2,3769.4,4071.0,,,2907.8,4557.1,4071.0,8723.5,8481.2,,,,,,,,,,,,,,,,,210.1,730.4,739.2,624.3,3392.5,,,263.8,1850.4,1216.4,1394.1,3634.8,,,1565.7,2105.6,3723.4,2935.8,5871.6,,,1817.4,3115.5,4071.0,5005.3,8980.1,,,1321.7,2330.7,2678.2,5175.0,8980.1,,,9999.9,9999.9,6637.5,9999.9,9999.9,,,,,,,,,,,,,,,,,103.6,219.6,911.4,98.0,843.4,,,366.5,1063.8,3469.6,1004.3,2750.6,,,1169.8,1754.7,3283.0,1839.3,4425.0,,,3084.0,5986.7,4425.0,2348.6,9849.2,,,106.2,405.4,741.0,1650.4,487.7,,,3469.6,4182.5,5654.1,7269.6,1565.7,,,,,,,,,,,,,,,,,2502.6,2295.6,3430.6,3392.5,7446.9,,,2750.6,3914.4,8980.1,9999.9,9999.9,,,2482.3,4846.4,4557.1,7633.1,9999.9,,,5088.7,9999.9,5264.2,4182.5,9999.9,,,4182.5,9999.9,9252.2,4846.4,4182.5,,,9541.4,9999.9,9999.9,9999.9,4924.6,,,,,,,,,,,,,,,,,147.7,293.3,155.0,1007.6,480.8,,,411.4,807.7,1071.3,2609.6,1995.5,,,900.6,1573.8,1440.2,3392.5,3248.1,,,119.2,449.0,778.8,1460.8,508.0,,,2049.1,5760.8,4425.0,2750.6,3430.6,,,1369.1,1908.2,3084.0,1071.3,2385.3,,,,,,,,,,,,,,,,,5452.2,9999.9,5005.3,9999.9,3678.6,,,6496.2,9999.9,6106.5,9999.9,9999.9,,,9999.9,9999.9,6785.0,9999.9,9999.9,,,6496.2,7828.8,8034.8,9999.9,2180.8,,,9999.9,9999.9,9999.9,9999.9,5175.0,,,3864.8,8980.1,9999.9,2008.7,3723.4,,,,,,,,,,,,,,,,,,,,,,,,,,,,,,,,,,,,,,,,,,,,,,,,,,,,,,,,,,,,,,,,,,,,,,,,,,,,,,,,,,,,,,,,,,,,,,,,,,,,,,,,,,,,,,,,,,,,,,,,,,,,,,,,
20260824_熊本_7R,20260824,87,熊本,7,16.2,9.7,5.4,18.0,1.7,,,110.8,108.7,364.8,215.3,385.8,,,57.3,74.6,225.5,126.5,184.5,,,119.5,524.5,428.7,393.5,240.6,,,80.6,208.0,165.3,271.8,203.5,,,20.7,344.1,226.0,86.6,202.7,,,,,,,,,,,,,,,,,118.3,95.5,60.7,122.7,24.7,,,690.0,1761.4,2366.2,2529.1,2366.2,,,438.6,1660.6,1927.7,1527.2,1264.5,,,727.3,3382.5,2812.9,3511.7,1486.1,,,439.3,1588.8,2278.2,1790.0,1151.0,,,248.6,1502.3,1122.9,896.5,1527.2,,,,,,,,,,,,,,,,,1107.1,1021.0,2743.0,2080.5,3114.9,,,1136.7,2638.0,5569.1,3243.2,4241.1,,,1319.0,2241.2,3995.2,1514.6,3489.5,,,6563.6,9999.9,6563.6,9999.9,9999.9,,,3382.5,4836.3,2049.6,9999.9,9999.9,,,6337.3,8751.5,5352.8,9999.9,9999.9,,,,,,,,,,,,,,,,,447.1,724.5,1588.8,965.5,789.8,,,654.8,1761.4,2715.9,2689.5,1712.2,,,1060.2,1645.8,2650.7,977.5,2472.4,,,3966.5,4712.3,4556.5,4794.3,6806.7,,,1527.2,3651.3,1907.7,5513.4,5301.4,,,2268.9,2948.3,4208.7,6891.8,5803.6,,,,,,,,,,,,,,,,,1413.7,5058.2,3725.3,4836.3,3424.5,,,1962.0,9999.9,7876.3,9999.9,3828.8,,,6563.6,9999.9,7552.7,9999.9,9999.9,,,5803.6,8353.7,6337.3,7254.5,9999.9,,,6486.4,9999.9,9999.9,9189.1,5569.1,,,3995.2,5058.2,9999.9,9999.9,6265.3,,,,,,,,,,,,,,,,,316.5,1002.4,860.1,1261.6,758.3,,,479.8,1544.3,2576.3,1955.1,1230.6,,,2689.5,3995.2,1482.1,4241.1,6058.7,,,1402.9,2625.4,1439.5,3966.5,4375.7,,,4208.7,6265.3,8353.7,5405.3,3802.3,,,1914.4,2756.7,6563.6,4836.3,3750.6,,,,,,,,,,,,,,,,,479.4,3243.2,1636.0,2027.0,1888.1,,,541.0,4836.3,2461.3,2386.7,3651.3,,,6058.7,9189.1,5865.3,9999.9,9999.9,,,2702.6,3262.4,5865.3,9999.9,9038.4,,,3882.7,4054.0,9038.4,9999.9,5058.2,,,3080.1,5803.6,9999.9,8482.2,4712.3,,,,,,,,,,,,,,,,,,,,,,,,,,,,,,,,,,,,,,,,,,,,,,,,,,,,,,,,,,,,,,,,,,,,,,,,,,,,,,,,,,,,,,,,,,,,,,,,,,,,,,,,,,,,,,,,,,,,,,,,,,,,,,,,
