race_key,date,jo_code,jo_name,race_no,1-2-3,1-2-4,1-2-5,1-2-6,1-2-7,1-2-8,1-2-9,1-3-2,1-3-4,1-3-5,1-3-6,1-3-7,1-3-8,1-3-9,1-4-2,1-4-3,1-4-5,1-4-6,1-4-7,1-4-8,1-4-9,1-5-2,1-5-3,1-5-4,1-5-6,1-5-7,1-5-8,1-5-9,1-6-2,1-6-3,1-6-4,1-6-5,1-6-7,1-6-8,1-6-9,1-7-2,1-7-3,1-7-4,1-7-5,1-7-6,1-7-8,1-7-9,1-8-2,1-8-3,1-8-4,1-8-5,1-8-6,1-8-7,1-8-9,1-9-2,1-9-3,1-9-4,1-9-5,1-9-6,1-9-7,1-9-8,2-1-3,2-1-4,2-1-5,2-1-6,2-1-7,2-1-8,2-1-9,2-3-1,2-3-4,2-3-5,2-3-6,2-3-7,2-3-8,2-3-9,2-4-1,2-4-3,2-4-5,2-4-6,2-4-7,2-4-8,2-4-9,2-5-1,2-5-3,2-5-4,2-5-6,2-5-7,2-5-8,2-5-9,2-6-1,2-6-3,2-6-4,2-6-5,2-6-7,2-6-8,2-6-9,2-7-1,2-7-3,2-7-4,2-7-5,2-7-6,2-7-8,2-7-9,2-8-1,2-8-3,2-8-4,2-8-5,2-8-6,2-8-7,2-8-9,2-9-1,2-9-3,2-9-4,2-9-5,2-9-6,2-9-7,2-9-8,3-1-2,3-1-4,3-1-5,3-1-6,3-1-7,3-1-8,3-1-9,3-2-1,3-2-4,3-2-5,3-2-6,3-2-7,3-2-8,3-2-9,3-4-1,3-4-2,3-4-5,3-4-6,3-4-7,3-4-8,3-4-9,3-5-1,3-5-2,3-5-4,3-5-6,3-5-7,3-5-8,3-5-9,3-6-1,3-6-2,3-6-4,3-6-5,3-6-7,3-6-8,3-6-9,3-7-1,3-7-2,3-7-4,3-7-5,3-7-6,3-7-8,3-7-9,3-8-1,3-8-2,3-8-4,3-8-5,3-8-6,3-8-7,3-8-9,3-9-1,3-9-2,3-9-4,3-9-5,3-9-6,3-9-7,3-9-8,4-1-2,4-1-3,4-1-5,4-1-6,4-1-7,4-1-8,4-1-9,4-2-1,4-2-3,4-2-5,4-2-6,4-2-7,4-2-8,4-2-9,4-3-1,4-3-2,4-3-5,4-3-6,4-3-7,4-3-8,4-3-9,4-5-1,4-5-2,4-5-3,4-5-6,4-5-7,4-5-8,4-5-9,4-6-1,4-6-2,4-6-3,4-6-5,4-6-7,4-6-8,4-6-9,4-7-1,4-7-2,4-7-3,4-7-5,4-7-6,4-7-8,4-7-9,4-8-1,4-8-2,4-8-3,4-8-5,4-8-6,4-8-7,4-8-9,4-9-1,4-9-2,4-9-3,4-9-5,4-9-6,4-9-7,4-9-8,5-1-2,5-1-3,5-1-4,5-1-6,5-1-7,5-1-8,5-1-9,5-2-1,5-2-3,5-2-4,5-2-6,5-2-7,5-2-8,5-2-9,5-3-1,5-3-2,5-3-4,5-3-6,5-3-7,5-3-8,5-3-9,5-4-1,5-4-2,5-4-3,5-4-6,5-4-7,5-4-8,5-4-9,5-6-1,5-6-2,5-6-3,5-6-4,5-6-7,5-6-8,5-6-9,5-7-1,5-7-2,5-7-3,5-7-4,5-7-6,5-7-8,5-7-9,5-8-1,5-8-2,5-8-3,5-8-4,5-8-6,5-8-7,5-8-9,5-9-1,5-9-2,5-9-3,5-9-4,5-9-6,5-9-7,5-9-8,6-1-2,6-1-3,6-1-4,6-1-5,6-1-7,6-1-8,6-1-9,6-2-1,6-2-3,6-2-4,6-2-5,6-2-7,6-2-8,6-2-9,6-3-1,6-3-2,6-3-4,6-3-5,6-3-7,6-3-8,6-3-9,6-4-1,6-4-2,6-4-3,6-4-5,6-4-7,6-4-8,6-4-9,6-5-1,6-5-2,6-5-3,6-5-4,6-5-7,6-5-8,6-5-9,6-7-1,6-7-2,6-7-3,6-7-4,6-7-5,6-7-8,6-7-9,6-8-1,6-8-2,6-8-3,6-8-4,6-8-5,6-8-7,6-8-9,6-9-1,6-9-2,6-9-3,6-9-4,6-9-5,6-9-7,6-9-8,7-1-2,7-1-3,7-1-4,7-1-5,7-1-6,7-1-8,7-1-9,7-2-1,7-2-3,7-2-4,7-2-5,7-2-6,7-2-8,7-2-9,7-3-1,7-3-2,7-3-4,7-3-5,7-3-6,7-3-8,7-3-9,7-4-1,7-4-2,7-4-3,7-4-5,7-4-6,7-4-8,7-4-9,7-5-1,7-5-2,7-5-3,7-5-4,7-5-6,7-5-8,7-5-9,7-6-1,7-6-2,7-6-3,7-6-4,7-6-5,7-6-8,7-6-9,7-8-1,7-8-2,7-8-3,7-8-4,7-8-5,7-8-6,7-8-9,7-9-1,7-9-2,7-9-3,7-9-4,7-9-5,7-9-6,7-9-8,8-1-2,8-1-3,8-1-4,8-1-5,8-1-6,8-1-7,8-1-9,8-2-1,8-2-3,8-2-4,8-2-5,8-2-6,8-2-7,8-2-9,8-3-1,8-3-2,8-3-4,8-3-5,8-3-6,8-3-7,8-3-9,8-4-1,8-4-2,8-4-3,8-4-5,8-4-6,8-4-7,8-4-9,8-5-1,8-5-2,8-5-3,8-5-4,8-5-6,8-5-7,8-5-9,8-6-1,8-6-2,8-6-3,8-6-4,8-6-5,8-6-7,8-6-9,8-7-1,8-7-2,8-7-3,8-7-4,8-7-5,8-7-6,8-7-9,8-9-1,8-9-2,8-9-3,8-9-4,8-9-5,8-9-6,8-9-7,9-1-2,9-1-3,9-1-4,9-1-5,9-1-6,9-1-7,9-1-8,9-2-1,9-2-3,9-2-4,9-2-5,9-2-6,9-2-7,9-2-8,9-3-1,9-3-2,9-3-4,9-3-5,9-3-6,9-3-7,9-3-8,9-4-1,9-4-2,9-4-3,9-4-5,9-4-6,9-4-7,9-4-8,9-5-1,9-5-2,9-5-3,9-5-4,9-5-6,9-5-7,9-5-8,9-6-1,9-6-2,9-6-3,9-6-4,9-6-5,9-6-7,9-6-8,9-7-1,9-7-2,9-7-3,9-7-4,9-7-5,9-7-6,9-7-8,9-8-1,9-8-2,9-8-3,9-8-4,9-8-5,9-8-6,9-8-7
20260911_奈良_1R,20260911,53,奈良,1,3593.0,3479.6,2466.8,2361.1,1224.3,4031.2,,5509.3,2040.5,2344.4,4528.2,1469.1,2053.1,,2053.1,1806.3,476.3,1806.3,162.1,1377.3,,2003.4,1677.9,508.5,1219.7,212.7,1206.4,,1371.6,3305.6,1955.9,2118.9,1029.7,3632.5,,375.6,469.5,42.9,104.8,520.5,228.6,,5008.5,1806.3,1979.4,1878.2,5247.0,969.3,,,,,,,,,6886.7,5008.5,3799.5,2874.4,1846.7,6481.6,,6010.2,5509.3,3443.3,4293.0,5509.3,4528.2,,3443.3,6010.2,3089.3,2523.3,2203.7,5331.6,,2218.5,2264.1,2066.0,1306.5,1261.6,2777.8,,1721.6,2003.4,1749.0,790.8,958.1,2003.4,,1327.5,3982.6,1049.4,1343.7,1636.4,2754.6,,7687.5,3632.5,5602.7,3888.9,4132.0,3272.9,,,,,,,,,7512.8,4237.9,2644.5,5247.0,1826.3,3005.1,,6010.2,4528.2,2731.9,3305.6,3756.4,3178.4,,3305.6,6121.5,2925.3,7033.2,2092.1,4407.5,,2105.4,2160.5,2264.1,2665.8,1238.0,818.2,,5799.3,4293.0,7687.5,4293.0,5902.9,6121.5,,1495.7,3209.3,1080.2,1076.7,4528.2,972.2,,1242.7,1955.9,1749.0,539.2,2925.3,548.1,,,,,,,,,1628.3,1661.1,426.5,1456.2,145.8,1224.3,,3178.4,3756.4,2132.6,2665.8,1316.9,4081.0,,2849.6,4237.9,2665.8,6237.0,1159.8,3888.9,,352.4,1155.8,1132.0,1132.0,141.0,675.9,,2623.5,2466.8,5247.0,2092.1,989.7,2925.3,,65.9,238.5,286.6,75.7,288.7,160.1,,1899.7,3554.4,3005.1,1076.7,3843.7,544.5,,,,,,,,,1007.8,810.2,195.3,670.5,114.6,623.7,,1147.7,1090.9,863.0,633.2,603.2,1233.4,,915.6,1080.2,933.7,1530.3,548.1,470.8,,165.8,615.5,521.3,598.8,78.6,424.8,,680.1,407.5,1073.2,872.1,424.8,903.1,,45.6,229.7,185.3,28.0,229.8,125.1,,869.9,1193.3,323.7,561.2,1291.2,253.8,,,,,,,,,1189.0,4722.3,2542.7,2118.9,623.7,4861.2,,1139.8,1574.1,1017.1,616.7,492.6,1495.7,,5008.5,4528.2,5247.0,4467.0,5331.6,6746.1,,2602.8,2092.1,5699.3,2040.5,931.1,4132.0,,1437.2,723.3,1661.1,1388.9,695.9,1767.7,,479.7,539.2,2105.4,330.5,510.1,1388.9,,6356.9,3982.6,4591.1,4591.1,4407.5,4293.0,,,,,,,,,93.4,98.1,5.9,21.3,109.3,61.2,,285.4,546.3,185.0,334.5,357.7,460.3,,276.6,723.3,206.2,319.3,851.9,307.5,,6.4,36.2,48.5,8.7,44.7,19.8,,27.4,153.1,123.5,16.1,139.0,89.9,,196.8,237.1,648.1,113.0,232.1,417.9,,108.6,383.0,124.0,49.7,107.7,430.4,,,,,,,,,4132.0,2040.5,1338.3,1933.1,4790.7,816.2,,4237.9,2562.5,3843.7,2687.5,3479.6,2644.5,,876.8,1365.9,998.6,329.5,1910.7,274.0,,1495.7,4349.5,2092.1,955.3,4933.7,465.5,,1462.6,2218.5,592.4,765.1,2602.8,470.8,,5165.0,3632.5,4933.7,5509.3,4349.5,4237.9,,309.2,1266.5,215.6,139.4,199.0,1559.2,,,,,,,,,,,,,,,,,,,,,,,,,,,,,,,,,,,,,,,,,,,,,,,,,,,,,,,,,,,,,,,,
20260911_奈良_2R,20260911,53,奈良,2,424.5,302.0,104.7,319.0,139.8,676.0,133.6,524.0,679.7,250.4,653.9,639.6,398.7,401.6,447.0,813.6,257.2,431.2,746.4,1288.0,231.8,37.1,84.7,77.0,76.1,63.8,107.7,33.6,371.0,703.6,345.1,177.7,591.8,911.1,213.3,220.2,875.5,718.2,270.0,831.4,1038.1,435.2,885.7,317.9,1288.0,319.8,1610.0,976.7,579.2,85.3,282.5,90.2,42.3,164.7,209.9,366.0,653.9,395.8,153.7,418.4,200.8,902.5,175.1,1225.7,1570.1,1381.7,1314.7,611.8,1002.5,1137.6,817.1,1775.5,1061.3,1021.4,649.5,2638.6,390.1,198.5,838.7,701.0,707.5,266.2,1305.7,345.1,715.5,1323.9,846.2,915.5,546.7,1890.3,585.4,147.9,218.6,214.9,142.1,223.7,286.7,124.7,1735.0,818.8,2420.1,1589.8,2374.8,640.7,1461.4,175.1,715.5,239.2,273.5,379.5,187.3,920.0,1029.7,1091.8,556.3,971.7,1013.2,645.1,891.9,1478.4,1968.7,1826.7,1948.5,924.4,1070.3,1589.8,1407.2,2675.8,1402.0,1507.8,2567.3,1550.8,1478.4,942.8,1735.0,1352.1,1652.0,1696.2,989.5,1890.3,1213.9,1968.7,1999.8,1576.6,2360.0,1076.3,1010.5,2235.1,1357.0,2451.4,1603.2,3015.6,1319.3,1371.7,538.9,512.0,680.9,481.5,737.8,504.6,490.2,1249.8,1396.9,971.7,1637.7,1333.2,1114.2,811.8,1005.2,1792.3,587.2,1141.0,1245.7,2968.5,349.8,1194.8,2288.9,1467.0,1666.5,989.5,3333.0,481.5,2261.7,2657.1,2835.5,2620.4,2620.4,2714.0,1101.3,808.4,1759.1,1999.8,1433.8,1630.7,3551.1,575.7,1225.7,1461.4,1881.0,1172.7,1968.7,1999.8,397.4,2087.7,1417.7,2856.9,2146.7,2694.8,4175.4,942.8,3423.1,3551.1,2209.1,3653.5,3220.0,3877.2,1098.1,196.2,149.1,293.1,154.5,230.5,198.1,308.6,76.4,174.6,151.7,133.8,118.8,184.7,67.8,172.4,913.3,773.8,803.3,254.8,1589.8,373.6,758.4,1183.7,1673.8,2275.2,1213.9,1015.9,1310.2,554.6,961.9,1800.7,1381.7,1550.8,2451.4,455.5,356.7,1043.8,1809.3,1292.4,1386.7,2753.3,820.6,369.6,622.8,1266.5,1495.9,1472.7,1989.3,877.5,778.6,1484.2,831.4,2602.5,3485.9,1623.7,1484.2,118.9,339.5,786.6,308.9,507.9,570.5,1095.0,336.5,551.4,298.4,160.5,638.6,867.5,189.6,286.7,767.6,638.6,303.4,258.8,1210.0,255.0,1085.6,1305.7,1288.0,1337.9,1455.8,974.2,1005.2,694.6,961.9,873.4,698.4,1169.1,1254.0,287.4,206.3,320.9,1079.4,730.7,829.6,1455.8,272.5,1342.6,746.4,1610.0,1347.4,1217.8,2261.7,1076.3,1550.8,1783.8,545.1,1696.2,1194.8,1767.2,1070.3,134.3,204.2,334.7,122.2,157.8,332.4,523.3,405.0,1835.5,1301.2,580.1,1563.6,2516.3,836.9,290.2,558.7,545.9,305.6,546.7,646.2,289.3,2158.9,1371.7,2584.8,1844.5,2968.5,1688.7,1361.8,2248.3,1417.7,2900.5,2467.3,2694.8,3917.1,1433.8,786.6,750.9,1570.1,1979.0,2146.7,2420.1,1266.5,2042.8,1198.6,2773.4,2567.3,2235.1,3877.2,1871.7,3518.2,1844.5,1800.7,4042.2,2856.9,4317.8,2316.8,835.0,416.1,1194.8,994.6,913.3,1501.8,2031.9,1407.2,473.1,2065.0,549.0,2134.6,1433.8,961.9,1719.3,600.2,1979.0,1254.0,2122.7,594.6,1381.7,295.0,246.7,338.6,213.5,391.7,234.5,203.5,3762.0,2835.5,1198.6,2584.8,3140.2,2773.4,1073.3,770.7,1127.5,514.1,1652.0,2110.9,1120.8,1018.6,2533.1,2345.4,938.1,2467.3,3140.2,2675.8,2010.4,2146.7,1147.9,756.9,2110.9,1519.8,2302.8,1644.8,833.2,1233.6,350.5,499.3,833.2,1871.7,971.7,57.9,183.7,48.0,29.5,113.2,164.4,310.9,96.2,347.6,112.2,161.4,226.9,104.1,490.2,340.7,512.0,212.0,568.8,433.7,499.9,268.3,41.6,41.6,71.1,47.3,53.1,54.0,71.9,58.6,158.8,397.0,125.9,215.2,239.2,568.8,147.9,212.0,284.8,103.7,171.2,286.9,561.2,346.3,208.5,518.3,237.7,360.8,541.2,883.6,556.3,558.7,169.4,201.8,453.4,949.9,506.6
20260911_奈良_3R,20260911,53,奈良,3,819.6,2486.9,981.3,1737.3,2148.5,2836.7,1074.2,817.7,2098.8,730.5,1771.2,785.9,2388.8,1565.0,3241.9,2793.0,3990.0,4126.1,3705.0,3425.4,5187.1,1138.2,981.3,3705.0,2976.2,2593.5,4079.7,3241.9,1171.2,758.0,1871.6,1815.4,2404.6,1995.0,2017.2,1429.5,1779.8,3667.6,2227.5,6260.3,5856.4,5262.2,4322.5,3525.2,4428.0,5114.0,5763.4,6601.7,5856.4,1138.2,1423.9,3990.0,3393.4,2593.5,3782.2,3904.2,454.4,1124.1,607.1,1218.4,1028.6,1320.3,498.7,167.6,262.7,54.5,590.4,67.4,156.4,62.3,1214.3,585.6,1156.3,2504.1,1349.8,727.6,815.9,419.7,112.7,736.5,1330.0,296.8,517.9,220.7,1532.0,1235.0,3425.4,3157.3,3491.3,3743.2,1806.4,881.3,273.8,1163.7,442.2,3077.1,1067.9,525.4,1067.9,247.6,514.3,456.7,2074.8,573.6,293.0,140.1,39.8,214.8,106.1,444.9,167.6,134.3,321.8,850.3,198.6,653.0,297.6,738.0,569.1,137.7,242.0,33.2,506.4,42.7,174.3,61.1,1003.0,586.5,325.3,2086.7,436.4,309.5,1083.8,59.3,17.0,93.2,147.3,5.7,48.5,33.5,1163.7,1206.3,2357.7,679.9,953.0,2187.3,1824.6,112.6,38.9,162.6,17.2,387.9,99.0,79.8,546.0,259.1,201.7,109.7,1218.4,160.0,400.7,401.6,93.3,581.8,95.7,970.8,124.6,330.0,3491.3,3822.0,4271.7,4538.7,2952.0,4034.4,3822.0,2952.0,1650.4,2575.1,5339.6,3946.7,1688.8,2200.5,3595.0,1525.6,1320.3,6724.0,1344.8,596.2,2771.7,6370.1,3077.1,1852.5,7725.4,4596.1,2612.2,4841.3,5419.3,8068.8,9310.2,9999.9,9999.9,3331.1,9999.9,3990.0,3990.0,2539.1,3782.2,7410.1,3595.0,8068.8,1396.5,702.3,361.2,981.3,1852.5,1230.8,1049.4,5187.1,2161.2,3000.8,4596.1,9999.9,8856.0,3300.8,1222.5,396.8,2312.7,1380.6,1239.2,1901.0,2074.8,563.8,115.2,1058.5,1843.1,347.7,852.3,321.6,76.5,34.1,150.9,172.9,8.3,74.7,62.0,3458.0,1871.6,894.3,7119.5,2214.0,1788.6,3491.3,1712.7,4126.1,1538.5,7410.1,4715.5,8645.1,4538.7,1218.4,543.5,116.1,1599.5,2669.8,1301.4,1117.2,2200.5,1100.2,300.3,938.2,5043.0,1260.7,2028.4,1797.5,350.4,281.2,2404.6,3331.1,1093.6,2111.0,1862.0,1152.6,3103.4,1712.7,3130.1,3393.4,2161.2,3425.4,2814.7,6601.7,7564.5,8068.8,8444.1,5187.1,1779.8,2976.2,5856.4,1771.2,1815.4,9999.9,4841.3,5586.1,9310.2,9999.9,9999.9,9999.9,6051.6,9999.9,4222.0,9999.9,2357.7,9999.9,7564.5,9999.9,9813.4,8068.8,9999.9,9310.2,9999.9,9813.4,9999.9,9999.9,6601.7,9999.9,9999.9,5586.1,9999.9,9999.9,9999.9,5501.4,5114.0,4538.7,9999.9,8645.1,9999.9,9999.9,3077.1,1931.3,3525.2,3862.7,6051.6,8252.2,6260.3,2086.7,550.9,3000.8,1149.0,5952.4,1973.3,1494.2,706.4,396.8,1163.7,189.3,2521.5,592.3,860.4,4126.1,3862.7,2709.6,3630.9,6601.7,3595.0,6982.6,2269.3,1138.2,298.8,2650.3,4173.5,1862.0,2283.6,6051.6,9999.9,7410.1,9310.2,8645.1,9999.9,9999.9,6850.9,4034.4,1745.6,3491.3,2689.6,9999.9,4841.3,5114.0,1901.0,1891.1,4715.5,2709.6,9999.9,5339.6,2631.1,2227.5,2214.0,3393.4,4428.0,4482.6,4655.1,1005.8,370.1,598.1,699.6,3458.0,1134.6,597.2,571.8,284.1,209.0,168.1,2028.4,187.0,585.6,569.1,314.0,173.3,409.8,1058.5,653.0,583.7,2470.0,1160.0,355.9,1107.0,5673.4,1396.5,2298.0,3743.2,7725.4,6370.1,2904.7,9999.9,9999.9,9999.9,5419.3,3157.3,1087.1,2098.8,2006.0,9555.2,4034.4,3130.1,716.1,792.7,1243.4,2373.1,6601.7,2689.6,903.2,1339.8,3667.6,2593.5,3051.2,3743.2,4079.7,246.8,65.5,399.0,191.2,799.7,285.4,274.4,741.0,158.6,1100.2,196.6,2051.4,234.1,805.0,4322.5,1613.7,1737.3,3271.1,8645.1,4841.3,3241.9,2327.5,503.6,322.7,2631.1,4428.0,1354.8,2453.3,2593.5,2750.7,3705.0,9999.9,5856.4,9999.9,9999.9,3667.6,1103.6,1186.5,5043.0,1962.6,8645.1,4596.1,3990.0,1028.6,1100.2,2086.7,2593.5,7410.1,3077.1
20260911_奈良_4R,20260911,53,奈良,4,2323.4,2928.1,695.1,2415.3,1340.1,2831.1,1388.0,2085.4,3075.6,372.3,5411.5,639.9,1891.6,2250.0,3750.0,3288.5,1217.9,7008.3,1917.0,1811.4,4803.4,194.5,168.4,355.0,896.2,99.6,227.1,272.8,6195.8,9999.9,5856.3,3504.1,8724.7,8724.7,9500.2,495.9,486.3,1287.6,226.7,3851.4,689.5,1246.3,1357.1,2170.1,1264.8,588.8,5480.9,967.2,3031.9,1543.3,2310.8,4110.6,1152.3,6577.0,2026.1,3263.4,2261.9,3750.0,921.3,2323.4,1420.3,2888.5,1221.4,2159.1,2529.6,511.3,1425.0,365.3,1521.3,568.4,3143.4,2722.9,1113.3,1826.9,1246.3,1152.3,1759.3,588.8,480.3,775.8,482.5,220.2,525.8,305.1,1796.2,1454.1,1554.5,768.9,860.1,1439.4,565.4,823.7,306.2,923.3,246.9,685.1,728.2,355.0,1796.2,1152.3,744.7,551.6,1217.9,639.0,781.5,589.6,322.8,719.7,195.4,236.9,228.2,529.0,1875.0,2471.1,380.6,3817.0,423.6,1537.8,1744.9,1631.7,1988.4,573.8,1554.5,346.7,1425.0,632.4,3166.7,2442.9,1017.8,7772.9,667.9,1093.3,3653.9,255.0,366.9,680.7,2559.9,92.9,442.5,509.5,8550.2,4596.8,9999.9,6477.4,4318.2,8906.4,6477.4,169.4,128.4,200.4,41.4,782.9,141.0,151.8,1392.5,1560.2,907.6,611.6,4913.9,366.0,1683.1,1866.8,1042.7,3263.4,867.1,3886.4,648.7,1595.1,2831.1,3097.9,1098.9,4547.9,1595.1,738.3,3420.0,1952.1,1595.1,867.1,1988.4,863.6,560.3,1415.5,3314.0,2388.3,1146.1,7245.9,737.0,704.3,2575.3,759.3,662.8,739.6,1997.7,310.0,254.7,1058.1,6021.2,4858.0,6577.0,4803.4,4547.9,1505.3,7772.9,1047.8,663.8,441.6,314.1,2026.1,297.7,1032.6,278.5,200.8,228.3,122.8,532.3,133.2,262.4,3420.0,1781.2,3214.3,1730.8,5029.5,1631.7,785.8,71.4,65.2,138.4,274.3,36.1,104.4,113.3,178.9,231.5,294.4,288.6,94.5,227.0,128.8,121.5,199.4,282.3,1257.3,43.2,212.6,206.2,302.3,326.3,371.4,1595.1,159.1,160.1,523.9,1723.8,1190.8,2869.1,3190.3,1388.0,2888.5,2529.6,43.6,64.1,27.4,104.5,414.2,78.1,74.6,176.2,186.4,221.0,92.5,927.3,87.1,203.5,236.0,105.4,239.9,430.9,960.6,117.2,241.8,8906.4,9999.9,9999.9,8066.2,9999.9,9999.9,9999.9,8221.3,4596.8,5277.9,4596.8,4858.0,6380.7,1676.5,9999.9,7370.8,9999.9,9293.7,8066.2,9999.9,9999.9,9999.9,8221.3,9999.9,9999.9,9999.9,5277.9,9999.9,5777.1,6477.4,9500.2,9999.9,5480.9,9999.9,8221.3,9999.9,5552.0,7125.1,9999.9,5029.5,9716.1,9293.7,9999.9,8724.7,9999.9,4803.4,9999.9,9999.9,9999.9,9999.9,2065.2,9999.9,9999.9,6380.7,9999.9,9999.9,426.2,163.9,654.6,135.2,2137.5,480.3,618.6,421.1,148.1,460.6,161.9,713.7,354.4,228.4,70.5,58.7,105.3,21.4,316.9,71.8,94.9,633.3,467.2,246.8,245.4,2095.6,251.9,925.3,55.8,82.7,25.4,133.6,520.7,91.3,112.1,4318.2,2485.5,1565.9,4071.5,1850.6,3922.1,3750.0,366.3,283.4,120.6,132.3,120.2,1484.4,401.4,602.1,323.8,252.0,973.8,222.7,2310.8,607.2,799.0,1164.8,384.1,303.4,2776.0,529.0,1370.2,482.5,480.3,199.2,237.7,771.6,225.5,461.1,1022.7,682.9,391.4,398.7,2948.3,251.1,767.5,151.4,102.1,137.9,57.4,450.0,58.6,172.8,196.3,216.1,265.6,109.7,989.6,112.2,291.2,5411.5,3214.3,4750.1,1410.9,3366.2,3366.2,3817.0,211.7,180.7,142.2,87.5,86.6,1042.7,374.3,1997.7,571.5,933.4,575.3,738.3,2544.7,797.5,1943.2,3717.4,5089.4,1454.1,7634.1,2471.1,4275.1,742.2,446.2,958.5,266.5,292.4,252.8,768.9,2888.5,1027.6,3592.5,905.7,4971.0,775.8,2388.3,5777.1,2831.1,4275.1,2812.5,6895.3,2238.2,1979.2,917.4,414.2,725.8,1644.2,2705.7,395.4,901.9,8724.7,1232.0,6195.8,7916.8,4596.8,6021.2,8066.2,1834.8,615.1,822.1,1710.0,514.4,3075.6,1211.0,3592.5,1250.0,2310.8,1397.0,1214.5,4913.9,1283.8
20260911_奈良_5R,20260911,53,奈良,5,100.2,332.2,61.0,710.7,147.2,338.7,62.7,78.6,223.0,33.8,142.7,82.7,75.8,64.3,807.8,539.8,342.3,1522.6,365.7,1092.9,741.2,19.5,11.3,51.9,145.6,17.1,62.0,17.9,1721.0,836.4,1741.0,788.0,1651.4,1609.9,1592.8,151.4,95.6,113.4,54.8,774.4,357.6,185.0,517.4,114.0,959.8,217.6,1160.6,537.3,326.6,86.9,107.1,322.9,73.0,779.8,168.4,364.8,278.3,991.5,129.6,2005.3,376.8,858.8,138.1,396.4,1134.3,365.4,719.8,602.1,537.9,225.4,2223.7,2657.9,2149.2,5411.9,1444.3,4728.3,1548.9,241.2,548.4,1444.3,2879.4,709.6,1871.6,275.4,4679.0,3055.7,6153.2,4277.9,5104.4,7744.6,4403.8,541.8,527.2,590.2,575.1,3905.9,1879.4,286.4,1609.9,622.1,4447.4,1987.5,5910.3,2234.7,821.1,86.9,98.1,253.3,96.6,807.8,129.8,365.1,192.4,502.4,79.1,268.3,182.1,123.5,163.8,311.5,1128.6,410.2,599.7,577.3,353.4,234.0,1357.0,2118.8,1137.1,1741.0,1002.6,1197.8,1811.2,151.3,440.3,614.4,545.7,400.7,316.5,303.5,572.9,955.7,1386.3,684.7,931.9,327.3,743.6,307.8,536.6,365.7,382.9,557.9,317.8,544.4,100.9,173.5,392.9,158.2,105.6,204.9,150.6,339.2,366.0,1016.2,402.4,767.8,676.4,389.2,2974.7,2223.7,1207.4,4630.8,949.6,4491.8,2916.8,2789.9,3536.9,2552.2,7613.3,1741.0,7880.5,2509.4,1621.6,4198.0,2807.4,4447.4,1117.3,4083.5,1833.4,1565.1,3482.0,2626.8,7363.7,1399.3,7486.4,2789.9,7244.9,9999.9,5545.5,8318.3,4361.0,6704.3,9999.9,504.7,931.9,560.0,608.6,2005.3,1543.6,714.1,7018.5,9999.9,5284.5,9764.9,6509.9,3872.3,7613.3,3482.0,3564.9,3536.9,3536.9,9999.9,2566.7,8021.2,60.6,37.5,142.8,348.7,64.2,179.5,52.5,219.8,487.7,1095.5,2537.7,685.7,1175.8,386.5,144.7,480.4,896.5,1037.3,542.4,549.1,438.6,785.2,2441.2,1789.5,5833.6,1194.6,5047.0,2212.7,1952.9,6238.7,2376.6,7613.3,5163.0,9999.9,8318.3,210.1,733.9,534.1,632.6,3185.7,1741.0,732.7,812.2,2772.7,978.6,3482.0,5284.5,2149.2,2581.5,236.2,442.1,451.8,1090.2,2414.9,852.3,1317.2,9764.9,3141.1,9167.1,3839.2,7744.6,8167.0,6704.3,9999.9,5047.0,9999.9,9999.9,9999.9,9999.9,8807.6,2705.9,4778.6,4990.9,3940.2,5614.8,1336.8,4361.0,9999.9,9999.9,8983.7,9999.9,7880.5,9999.9,9999.9,5758.8,9999.9,5614.8,9999.9,9999.9,9999.9,9999.9,9999.9,9999.9,7018.5,6153.2,9999.9,9557.2,9999.9,8318.3,9999.9,1543.6,9999.9,9999.9,9999.9,9999.9,9999.9,8021.2,6416.9,9999.9,9999.9,9999.9,9999.9,313.2,200.1,165.6,107.0,1305.7,754.9,425.7,462.1,477.3,423.7,521.7,3231.5,1394.9,286.1,214.6,317.2,177.3,269.9,572.9,274.7,271.5,144.1,258.0,140.3,170.7,756.2,548.4,240.3,182.9,581.0,349.8,324.3,2257.2,1120.1,614.4,3872.3,5685.9,3097.8,2280.1,5347.4,4583.5,7880.5,1254.7,2303.5,603.7,1117.3,1682.3,3352.1,2402.0,763.9,442.9,530.9,465.9,715.2,4120.9,1011.6,1279.7,335.7,2291.7,458.3,2191.1,1247.7,1554.2,1796.7,887.7,5685.9,2268.6,6416.9,3743.2,1009.4,152.5,293.5,836.4,249.4,189.6,330.2,311.7,4010.6,5545.5,3402.9,6153.2,5833.6,3141.1,8021.2,1145.8,3377.3,943.6,5545.5,7880.5,2807.4,4120.9,4237.6,5545.5,1084.9,5163.0,8021.2,4537.2,8638.2,1627.4,3014.6,951.6,1961.5,1961.5,4010.6,3564.9,2509.4,2201.9,1042.2,4882.4,3482.0,6416.9,3564.9,181.4,292.6,1122.9,244.7,1721.0,680.5,1344.8,130.7,159.0,567.8,177.9,1145.8,340.0,595.7,375.5,352.0,1676.0,529.7,1377.8,905.6,758.7,2481.7,922.3,1074.6,970.1,6153.2,912.9,5477.9,320.8,413.6,612.8,1543.6,2566.7,1042.2,1682.3,5411.9,4679.0,3806.6,8983.7,5223.1,7613.3,8983.7,1142.9,504.1,737.5,790.8,758.7,5223.1,2626.8,2268.6,1754.6,1357.0,4882.4,3208.4,6509.9,2935.8
20260911_奈良_6R,20260911,53,奈良,6,318.4,488.9,1138.8,2166.9,581.9,2133.7,414.0,254.2,175.0,904.0,1348.4,232.0,785.4,227.7,198.4,121.4,553.5,183.7,258.9,816.5,185.0,2291.8,2141.9,2531.4,5459.8,2826.9,5062.8,2379.9,3788.5,3524.7,1292.1,6257.4,7843.7,7734.8,6709.7,642.3,394.4,787.7,1582.1,3480.6,2602.3,1182.3,7232.5,3814.4,6629.8,9999.9,9601.8,6401.2,6401.2,475.1,364.9,495.4,1109.3,2651.9,759.7,2542.9,216.2,277.2,911.4,2158.5,335.6,1831.9,259.8,88.3,82.3,163.6,554.6,28.8,149.1,21.6,261.8,177.9,764.9,705.8,282.2,1070.9,228.6,1295.1,553.5,1229.3,3314.9,1023.7,2651.9,298.9,4219.0,2183.9,2542.9,4455.2,4885.1,7425.4,2626.9,245.6,67.8,250.1,410.0,1831.9,805.9,125.4,5017.2,1286.1,4065.0,4251.2,8982.4,2770.6,1703.0,108.7,21.2,83.0,22.0,568.2,63.9,345.9,155.3,149.1,519.5,1021.8,106.0,318.4,176.9,84.8,92.6,166.6,545.9,25.7,136.7,19.2,166.9,215.6,570.6,403.2,117.9,411.3,153.0,1005.2,540.6,1131.9,2915.7,394.6,1286.1,311.2,2639.3,2017.7,2464.2,3663.8,1348.4,3043.2,1894.2,43.3,18.2,33.8,121.4,288.1,30.1,14.1,365.9,294.8,466.4,875.6,1672.4,156.9,247.9,149.2,32.4,137.1,85.1,666.1,48.2,181.8,240.1,166.9,770.2,209.8,320.8,1234.8,241.5,467.9,379.8,1555.6,1301.1,805.9,3076.8,511.3,274.7,342.7,1489.0,851.5,309.2,1534.1,389.1,3200.6,3182.3,2931.1,4719.5,2614.5,7425.4,3182.3,618.1,1802.2,1160.2,3502.5,1881.4,3059.9,1825.9,576.5,827.5,318.4,1751.2,1277.3,3010.3,955.2,5862.2,9281.8,5109.2,9999.9,6551.8,7734.8,9439.1,864.7,898.2,620.1,1465.5,2047.4,1409.8,4065.0,4219.0,3275.9,3547.1,7525.8,3026.6,8839.8,3547.1,3295.3,1745.7,2798.5,7734.8,2150.2,5862.2,886.7,3737.6,2227.6,4719.5,9601.8,1996.0,5801.1,1988.9,6187.8,4759.9,4842.6,7955.8,3867.4,9999.9,5459.8,9770.3,8189.8,9770.3,8567.8,8982.4,9999.9,9999.9,5303.9,2915.7,2158.5,3164.2,9999.9,8438.0,3949.7,9999.9,9999.9,9999.9,9999.9,9999.9,9999.9,9999.9,3894.4,896.7,1538.4,3502.5,7734.8,2841.3,6551.8,9601.8,7327.7,2442.5,9999.9,9439.1,9999.9,9999.9,9999.9,6629.8,8701.7,9999.9,9999.9,9999.9,9999.9,7734.8,8071.1,5406.8,9999.9,6475.6,9999.9,7327.7,2150.2,6328.5,5682.7,9999.9,8189.8,9999.9,8982.4,9999.9,9999.9,9999.9,9999.9,9999.9,9999.9,9999.9,9999.9,9999.9,5354.8,9999.9,9999.9,9999.9,9999.9,9999.9,9999.9,9999.9,9999.9,9999.9,9999.9,9999.9,9999.9,9999.9,7734.8,9999.9,9999.9,9999.9,9999.9,785.4,402.1,774.5,2330.1,3840.7,3237.8,1268.5,419.3,122.2,449.4,764.9,2497.3,966.8,206.7,115.8,46.5,82.7,284.1,599.4,100.1,47.1,751.5,854.1,325.6,862.0,1814.0,2554.6,929.7,3688.1,1657.4,1189.9,1881.4,6709.7,3949.7,2175.4,5924.5,5801.1,3026.6,4928.4,7734.8,8839.8,9999.9,4602.5,3762.9,836.2,3712.7,4419.9,9281.8,2339.9,627.1,251.1,171.5,797.8,684.1,3688.1,1395.7,9999.9,6709.7,9999.9,9999.9,9999.9,9944.8,9999.9,9999.9,4317.1,9999.9,9999.9,9999.9,9999.9,5459.8,4759.9,2946.6,5204.7,6709.7,9439.1,1338.7,2716.6,9999.9,9999.9,9999.9,9999.9,9999.9,9999.9,9999.9,9999.9,9999.9,9999.9,9999.9,9999.9,9999.9,9999.9,9999.9,9999.9,9999.9,9999.9,9999.9,9999.9,9999.9,9999.9,8438.0,1439.0,8567.8,6791.5,9999.9,7232.5,9999.9,7139.8,3814.4,9999.9,9999.9,9999.9,9999.9,462.1,548.6,1054.7,1150.6,5204.7,1031.3,3921.8,184.2,45.6,150.6,46.3,678.3,129.7,594.9,327.9,87.7,307.8,251.0,1708.3,145.1,655.1,1145.9,519.9,578.9,1131.9,2273.1,1210.6,3921.8,951.9,243.9,360.4,922.0,3639.9,785.4,2542.9,7628.8,3416.6,4094.9,6475.6,6875.4,9601.8,9999.9,932.8,283.5,226.2,951.9,633.5,3547.1,2085.8,7232.5,2841.3,2743.3,7955.8,6187.8,9999.9,4972.4
20260911_奈良_7R,20260911,53,奈良,7,210.4,1108.6,208.9,986.2,457.2,511.1,266.0,168.7,271.1,179.9,445.7,114.7,847.8,84.6,2217.2,946.8,2201.4,3021.6,1588.6,4340.8,1400.9,184.1,203.1,715.0,662.0,360.4,602.5,172.5,1348.8,636.7,1914.3,1169.6,1051.8,2505.7,387.9,439.0,142.6,806.8,348.2,645.4,2068.4,162.8,1556.5,2155.2,5870.5,2515.9,2600.8,4600.0,1781.5,131.1,54.4,327.1,113.0,64.9,85.3,609.7,141.8,688.7,109.3,890.7,273.4,301.4,246.5,114.0,328.4,89.9,1731.4,145.0,232.3,379.0,1596.9,1404.1,1100.7,7004.6,1926.2,2300.0,3901.3,38.0,37.8,304.6,689.4,84.9,51.0,144.2,3368.3,5603.7,9064.8,2691.7,7251.8,4892.1,9999.9,293.2,184.8,901.1,192.8,2668.4,414.8,647.4,274.6,270.2,1106.6,173.9,2027.6,399.7,720.9,337.2,688.7,2054.6,337.2,3926.1,901.1,938.2,84.8,71.5,95.6,224.4,35.9,421.9,37.7,94.9,217.5,109.8,1605.2,111.4,343.2,369.3,92.2,229.0,240.6,1478.1,80.8,824.0,281.9,92.8,102.4,178.8,1514.5,81.3,506.4,315.6,1652.5,5454.9,4371.6,4971.0,2047.8,7517.1,5268.4,17.9,43.0,22.3,42.4,555.3,295.2,72.1,938.2,1206.2,1914.3,1237.7,7517.1,1122.7,3161.0,58.3,332.6,235.7,297.4,1270.9,156.5,994.2,3350.0,1635.0,2992.2,5223.7,2370.7,6700.0,3331.9,2935.2,2217.2,2680.0,9999.9,2047.8,5760.8,6226.3,1208.6,1840.0,1176.3,6420.9,817.5,5313.8,2703.5,3210.4,3278.7,1363.7,8005.2,3405.5,5984.5,5984.5,8681.7,9999.9,9999.9,9999.9,9999.9,9999.9,9999.9,2691.7,4466.7,1057.3,3261.4,9999.9,6925.9,7167.5,8443.9,9999.9,9339.5,9999.9,9999.9,9999.9,9999.9,3066.7,8561.2,3502.3,5870.5,9999.9,6289.8,9064.8,80.4,93.0,312.5,405.7,170.2,302.4,96.6,40.4,40.6,249.9,631.5,93.9,59.6,138.7,98.3,85.7,183.5,952.7,101.3,353.0,258.3,1128.9,928.3,694.9,3066.7,1450.3,1975.6,1851.0,1969.3,2317.3,2739.5,3604.7,2739.5,3691.0,3462.9,263.6,244.0,143.1,846.7,1969.3,902.4,574.4,715.9,329.6,738.2,1862.2,2739.5,1257.9,1665.9,131.3,353.4,415.3,1064.6,2162.8,682.6,1042.9,7167.5,3583.7,9483.1,4741.5,5603.7,9999.9,2361.7,8561.2,9999.9,9999.9,9999.9,9999.9,9999.9,9999.9,4778.3,9999.9,9942.0,9999.9,9064.8,9999.9,9999.9,9999.9,9999.9,9999.9,9999.9,9999.9,9999.9,9999.9,5926.9,9999.9,9064.8,9999.9,9999.9,9999.9,9999.9,8443.9,9999.9,9339.5,9999.9,9999.9,9999.9,9999.9,9999.9,9999.9,9999.9,9999.9,9999.9,9999.9,9999.9,3210.4,9999.9,9339.5,9999.9,9999.9,9999.9,9999.9,371.3,98.4,517.1,315.9,610.3,1467.6,133.4,365.6,216.6,1145.7,320.7,3006.8,708.5,986.2,40.4,86.3,77.0,102.2,1034.2,498.3,147.6,1303.1,2147.7,573.4,1657.0,5553.2,4028.8,3161.0,288.9,364.0,188.3,1314.3,3261.4,1410.5,723.4,4532.4,9784.2,3261.4,9942.0,8443.9,9999.9,9999.9,3296.2,2691.7,1643.7,5707.4,2893.9,9999.9,5503.6,231.9,1560.5,504.4,2155.2,1070.1,6420.9,3583.7,2935.2,3926.1,7802.6,3604.7,9999.9,6700.0,6164.0,1485.3,1357.7,4221.9,815.3,7085.1,2257.9,3443.6,3113.1,2162.8,6848.9,2282.9,9999.9,2907.5,7609.9,9999.9,9999.9,9999.9,9483.1,9999.9,9999.9,9999.9,2147.7,881.8,1665.9,7705.0,9942.0,3193.8,5268.4,9999.9,9999.9,9999.9,9999.9,9999.9,9999.9,9999.9,5984.5,4136.9,3368.3,9999.9,3604.7,9999.9,9999.9,6773.7,7426.5,8110.6,9999.9,7705.0,9999.9,9999.9,147.7,62.5,408.4,126.3,106.5,107.6,636.7,312.2,790.2,2589.9,576.0,1975.6,1317.1,1218.1,142.2,720.9,783.2,709.3,2257.9,499.5,1552.6,1684.1,5603.7,2801.8,4634.6,9999.9,5179.8,8933.4,221.4,626.4,846.7,2300.0,3876.7,1196.9,2417.2,1617.8,8443.9,4892.1,9999.9,7426.5,9999.9,9999.9,346.2,1807.6,627.7,3758.5,1613.6,6488.4,5094.2,3097.5,4705.3,4600.0,9064.8,4565.9,9999.9,5503.6
20260911_奈良_8R,20260911,53,奈良,8,146.0,465.2,283.1,276.2,110.4,1103.1,155.2,119.1,1043.6,85.3,296.0,141.0,372.6,110.9,2826.4,3373.4,3902.1,3309.4,2937.5,6224.8,2654.2,188.1,81.8,1405.6,253.7,169.1,813.2,108.6,212.6,296.9,982.8,385.3,237.2,1247.9,122.6,68.9,132.2,938.7,191.8,188.2,1069.3,105.1,3789.0,2099.9,7066.0,3131.0,3395.3,3816.7,2091.5,80.6,66.9,537.9,103.8,50.3,77.5,552.7,346.2,1126.9,695.3,674.6,229.9,2811.2,651.9,357.1,979.1,331.7,2857.3,280.6,1151.7,1207.5,1520.0,1574.9,2091.5,4149.9,647.1,4357.4,3606.1,605.8,394.6,1456.5,3931.5,349.7,1874.1,1468.7,2501.8,5281.7,4710.7,7364.6,3227.7,8714.8,5562.6,113.9,129.6,138.8,186.6,683.5,925.4,335.8,5746.0,2954.1,6971.8,3207.9,9999.9,4053.4,7922.5,886.2,1834.7,3247.7,1754.6,3462.8,977.3,5875.1,118.9,966.5,46.1,355.4,115.7,211.8,115.1,165.5,811.9,112.2,1603.9,163.4,414.0,508.6,2601.4,2921.1,1114.9,6376.7,3309.4,4053.4,5875.1,14.3,27.8,324.3,248.2,18.9,19.6,38.9,1520.0,3351.8,6880.1,973.7,3288.6,3131.0,2273.4,111.1,100.1,901.5,56.0,945.5,245.9,228.7,291.6,509.1,1922.3,114.7,1524.4,367.7,503.2,168.2,412.3,2323.9,124.9,1136.7,308.3,339.7,5809.8,8862.5,6880.1,7578.1,4431.2,9999.9,9015.3,4321.4,5076.6,5875.1,9999.9,1714.3,9999.9,8862.5,6790.7,5746.0,5126.3,9999.9,6224.8,9999.9,9999.9,9173.5,7804.3,5683.5,9999.9,6536.1,9999.9,9999.9,9999.9,9999.9,9999.9,9999.9,9999.9,9507.0,9999.9,5809.8,1754.6,5875.1,6299.8,9999.9,9683.1,9999.9,9999.9,9999.9,9999.9,9999.9,9999.9,9999.9,9999.9,7804.3,9999.9,9999.9,9999.9,9999.9,9999.9,9999.9,163.6,65.9,1253.9,324.5,145.3,488.2,116.1,279.6,186.0,1119.6,2206.2,213.3,1221.7,770.0,17.5,33.2,372.9,328.2,32.9,39.6,54.2,4586.7,4507.6,1790.7,8433.7,4469.1,7364.6,7689.5,2142.9,5562.6,1489.7,9999.9,3131.0,5941.9,3708.4,192.1,108.4,110.1,1681.3,1520.0,1019.2,378.9,1703.2,1936.6,387.3,5390.6,4251.1,1995.7,2366.0,155.5,455.4,169.8,3708.4,1784.6,373.7,1216.0,2283.3,1760.5,6618.8,2575.8,1742.9,6299.8,798.3,3509.3,5683.5,8044.4,9999.9,4586.7,9999.9,7922.5,3040.0,6376.7,9173.5,3057.8,5177.1,8044.4,3656.5,9999.9,9999.9,9999.9,9999.9,9999.9,9999.9,9999.9,4886.8,9999.9,4216.8,9999.9,5875.1,9999.9,6618.8,3112.4,3931.5,5390.6,9999.9,6151.6,9999.9,3931.5,9999.9,9999.9,9999.9,9999.9,9999.9,9999.9,9999.9,1060.6,6536.1,4149.9,9999.9,5027.7,4216.8,8862.5,86.6,132.7,699.9,210.5,282.9,935.4,170.8,48.7,52.0,97.1,101.2,356.6,414.0,188.9,123.0,97.1,724.2,79.1,909.3,330.9,298.1,2387.6,1019.2,2550.6,2273.4,5562.6,5562.6,3873.2,260.7,157.9,123.2,1333.9,1542.4,1043.6,490.0,1766.5,2409.6,3075.8,5941.9,3395.3,6536.1,2614.4,2904.9,2723.3,1803.0,5622.4,2466.4,7364.6,3373.4,363.8,542.9,606.6,2334.3,631.5,1790.7,2303.4,9683.1,4053.4,9999.9,6010.2,9999.9,9173.5,8571.9,7469.8,5228.9,9999.9,5027.7,9999.9,9015.3,9999.9,2904.9,4085.0,9015.3,763.3,5622.4,3094.0,3417.5,9999.9,9999.9,9999.9,9999.9,9999.9,9999.9,9999.9,5746.0,4627.3,889.2,9999.9,9999.9,4710.7,6151.6,9999.9,9999.9,9999.9,9999.9,9999.9,9999.9,9999.9,9337.3,8862.5,3708.4,9999.9,4321.4,9999.9,8714.8,6703.7,9999.9,4085.0,9999.9,8044.4,9507.0,8433.7,225.3,129.7,1029.3,183.9,142.3,206.5,850.2,713.3,1091.6,2563.1,1244.9,3040.0,909.3,3991.5,241.9,732.3,3040.0,234.0,1313.7,556.8,750.2,3902.1,4710.7,5126.3,4979.9,6790.7,4627.3,7162.8,330.3,877.3,268.2,4357.4,2099.9,595.5,2293.3,716.2,3227.7,2125.5,6224.8,2811.2,2099.9,4469.1,589.5,683.5,705.6,4627.3,787.4,1988.1,3112.4,3247.7,5446.7,2234.5,6618.8,3247.7,4886.8,3373.4
20260911_奈良_9R,20260911,53,奈良,9,2689.2,5044.7,3776.6,6775.7,1291.8,8326.8,3756.1,2569.2,2953.5,4138.5,5235.8,1347.2,2903.9,2550.2,7512.2,4402.1,7679.2,8428.4,4430.3,9999.9,7052.3,5044.7,4867.1,7765.5,6340.6,3637.5,9999.9,6710.0,9215.0,6062.5,8748.4,9467.5,4163.4,8639.1,2288.5,604.6,863.9,2383.2,1585.1,2153.0,2194.0,955.9,9999.9,5665.0,9999.9,9999.9,9999.9,6226.3,9734.2,1974.6,1138.6,2867.7,3715.7,577.3,908.1,3904.6,2540.9,4833.0,3099.2,6170.8,1019.3,5618.9,3526.1,1952.3,2358.8,1181.4,8130.9,430.3,2133.1,4041.6,4766.4,3355.0,4188.6,9999.9,1599.8,7431.5,9999.9,2273.4,1221.0,3839.6,7275.0,288.8,3184.9,4214.2,9999.9,9999.9,9999.9,9999.9,4799.5,9999.9,9999.9,192.3,95.7,357.9,46.6,896.4,513.0,386.3,8975.7,3776.6,9999.9,4638.4,9999.9,2229.4,9734.2,3656.7,5857.0,9339.5,5081.8,9999.9,1862.8,7275.0,1256.6,1256.6,1607.2,2296.1,481.6,666.4,760.3,1134.8,1318.9,1068.2,5119.4,279.8,1201.9,2215.1,627.1,767.0,1483.1,3260.0,204.5,260.5,997.3,2243.9,1919.8,3322.7,8639.1,987.3,2450.8,4766.4,6981.1,9999.9,9999.9,9999.9,7125.0,7944.0,8748.4,96.4,67.6,96.9,227.7,1010.4,72.3,183.8,291.2,586.6,521.6,997.3,2208.0,181.8,415.8,801.7,2513.2,1758.6,4041.6,5044.7,710.3,673.6,8748.4,5275.8,9093.8,8326.8,3473.0,9873.2,6981.1,5711.8,3599.6,5759.4,9999.9,2153.0,9093.8,9999.9,1754.1,1614.7,3322.7,5759.4,416.5,683.6,2486.0,9999.9,9999.9,7352.4,9999.9,5196.4,9999.9,9999.9,9999.9,9999.9,9999.9,9999.9,9999.9,9999.9,9999.9,2159.7,1063.2,444.1,2916.1,8748.4,2648.0,2637.9,9999.9,9999.9,2764.5,9999.9,9999.9,5857.0,9999.9,5618.9,9999.9,6340.6,9999.9,9999.9,5711.8,9999.9,6710.0,5573.6,6981.1,8227.7,3229.5,9999.9,5573.6,4766.4,2559.7,4901.6,9734.2,563.7,6340.6,5441.9,4188.6,3085.4,6911.3,9999.9,1781.2,5573.6,8428.4,9999.9,9873.2,9093.8,9999.9,6710.0,9999.9,9999.9,9999.9,9999.9,9999.9,9999.9,9999.9,9999.9,9999.9,2222.2,501.1,1308.9,3438.4,7765.5,4669.7,3490.5,9999.9,9999.9,7944.0,9999.9,9999.9,7853.7,9999.9,7431.5,7679.2,8532.4,9999.9,9999.9,4867.1,9999.9,9999.9,9999.9,9999.9,9999.9,7853.7,9999.9,4607.5,9999.9,9999.9,9999.9,9999.9,9999.9,9999.9,9999.9,9999.9,9999.9,9999.9,9999.9,9999.9,9999.9,9999.9,9999.9,9999.9,9999.9,9999.9,9999.9,9999.9,9999.9,9999.9,9999.9,9999.9,9999.9,9999.9,9999.9,9999.9,9093.8,7853.7,9999.9,9999.9,9999.9,9999.9,9999.9,9999.9,9999.9,9999.9,9999.9,9999.9,9999.9,9999.9,5618.9,9999.9,9999.9,9999.9,9999.9,9999.9,9999.9,57.2,39.5,103.7,115.9,100.8,140.7,39.8,23.7,8.0,54.3,6.7,154.8,74.4,55.9,15.0,11.7,12.5,30.5,145.3,9.1,29.5,159.9,156.6,40.2,266.5,693.9,249.0,266.2,156.6,41.5,82.1,261.7,613.2,288.8,278.1,614.3,835.7,751.2,1410.4,1159.6,1349.8,1102.2,339.4,316.8,122.4,488.4,485.6,944.1,443.3,38.3,156.9,92.6,225.1,265.0,458.0,270.6,9999.9,6710.0,9999.9,9999.9,9999.9,7431.5,9999.9,9999.9,7431.5,9999.9,8639.1,9999.9,4833.0,9999.9,2358.8,3214.5,2658.1,5907.0,9339.5,990.1,3155.8,9999.9,9999.9,4065.4,9999.9,9999.9,6116.1,9999.9,9999.9,9734.2,9999.9,9999.9,9999.9,8975.7,9999.9,9999.9,9999.9,9999.9,9999.9,9999.9,9999.9,9999.9,5529.0,3715.7,1221.0,5081.8,5485.1,9999.9,6226.3,9999.9,9999.9,5618.9,9999.9,9999.9,9999.9,8532.4,2319.2,1204.0,3085.4,3071.6,830.6,832.6,3797.4,3926.8,3618.4,7679.2,3994.9,8532.4,2319.2,7275.0,2229.4,4402.1,3455.6,5618.9,6842.8,2063.0,2433.5,5275.8,9093.8,4402.1,9999.9,9999.9,4936.6,9999.9,7199.2,6710.0,9734.2,9999.9,9999.9,5008.1,9999.9,4266.2,9999.9,9999.9,9999.9,9999.9,9999.9,9999.9,800.8,1167.4,919.0,3155.8,3004.9,6582.1,3637.5,8860.6,9999.9,5119.4,9999.9,9999.9,9999.9,7125.0
20260911_奈良_10R,20260911,53,奈良,10,2060.7,4121.4,1011.9,5871.1,1932.7,3938.8,926.0,1275.2,2375.3,408.8,2109.6,954.5,1798.6,172.8,8082.3,4609.9,4413.7,8643.5,6286.2,7072.0,2509.4,339.1,283.3,1408.0,1349.9,213.2,1101.4,85.0,6620.6,3021.0,6914.8,3310.3,4609.9,6161.7,1146.1,921.9,839.8,2593.0,304.4,3438.3,2509.4,254.4,6914.8,4321.7,5459.0,3556.2,7072.0,6691.7,1723.9,197.8,23.5,433.0,29.4,265.3,79.7,275.9,3576.6,8082.3,1503.2,9152.0,2778.2,9288.6,1897.3,4352.0,7779.2,4382.6,9999.9,6101.3,9724.0,5606.6,7683.1,9574.4,5984.0,9999.9,7978.6,9878.3,9999.9,866.7,1897.3,2778.2,2304.9,392.8,2095.4,456.2,9152.0,9999.9,9999.9,6161.7,6838.8,9999.9,9724.0,2007.5,3191.4,3963.9,554.1,5143.2,4321.7,1567.6,9999.9,9999.9,9999.9,5762.3,9999.9,8188.6,9999.9,1414.4,3496.2,7236.4,502.6,5871.1,1521.6,4714.6,3275.4,5059.6,1071.1,4291.9,2095.4,4750.6,593.8,5319.1,8525.1,4862.0,9999.9,5709.5,9999.9,5319.1,7153.3,9999.9,9999.9,9999.9,9288.6,9999.9,9999.9,1283.1,2921.7,7408.7,6992.5,1467.7,4204.9,1089.9,9152.0,9999.9,9999.9,9999.9,9999.9,9999.9,8297.8,3938.8,4787.2,7589.4,2199.0,9999.9,6838.8,3224.5,6764.5,9999.9,9999.9,6101.3,9999.9,6838.8,6101.3,597.2,3035.7,5459.0,1005.3,4204.9,1814.3,3258.3,9999.9,9999.9,6764.5,9999.9,4900.2,9999.9,7236.4,8643.5,9999.9,7408.7,9999.9,9724.0,9999.9,9999.9,9999.9,9999.9,9999.9,9999.9,9999.9,9999.9,9999.9,7236.4,6620.6,8297.8,8890.5,5143.2,7683.1,4233.5,9999.9,9999.9,9999.9,9429.3,9999.9,1659.5,9999.9,7877.6,8643.5,9724.0,5709.5,9999.9,9999.9,8890.5,7877.6,9999.9,9999.9,7498.0,1863.2,9999.9,8643.5,5927.0,9999.9,9999.9,5411.6,9999.9,9019.3,9999.9,140.6,220.5,926.0,907.1,107.2,664.8,73.0,90.7,231.8,478.7,307.6,46.2,258.9,64.7,475.7,578.3,2176.0,2550.5,552.6,1963.2,425.6,2499.3,1920.7,3597.3,4067.5,1719.1,2540.1,1376.8,2304.9,990.9,2992.0,4204.9,1105.3,1443.9,1131.5,40.7,18.8,141.6,263.8,294.2,190.6,19.5,1629.1,1045.9,2191.3,1814.3,1868.8,955.9,1045.9,32.9,39.8,124.4,383.4,299.4,21.9,259.8,8643.5,4148.9,9999.9,5927.0,7877.6,7589.4,3241.3,9999.9,9999.9,9999.9,6764.5,8525.1,9999.9,9152.0,8643.5,9999.9,9999.9,9724.0,9999.9,9999.9,9429.3,9999.9,9019.3,9999.9,6350.3,9288.6,1897.3,9999.9,4382.6,3476.7,5507.4,5984.0,3989.3,4204.9,3419.4,7779.2,7877.6,9999.9,9999.9,5101.1,9999.9,6223.3,3963.9,5411.6,5101.1,604.7,2582.3,5274.0,3096.2,3938.8,7236.4,6992.5,9999.9,3310.3,6415.8,4233.5,701.6,721.1,2102.4,249.2,2816.0,2007.5,252.9,997.3,1457.4,2790.7,347.0,3035.7,1926.7,784.7,1629.1,2191.3,3771.7,1189.9,9999.9,3224.5,1525.3,5319.1,6161.7,6350.3,2214.7,8297.8,4714.6,3889.6,87.6,58.6,291.0,660.6,594.9,403.5,33.8,6286.2,5229.7,9288.6,8890.5,2854.7,6223.3,4321.7,4509.6,4576.0,5101.1,3889.6,1762.9,6482.6,2153.4,162.1,285.7,455.9,1321.3,45.9,1208.4,797.8,9724.0,5657.6,5556.5,4509.6,9999.9,8188.6,3419.4,9999.9,9999.9,9724.0,6286.2,9999.9,9999.9,9152.0,9574.4,9999.9,9999.9,7321.6,9019.3,9999.9,8409.9,4862.0,6101.3,7589.4,2765.9,1176.4,6350.3,4939.1,5186.1,3704.3,5229.7,4787.2,6286.2,3006.4,3006.4,4233.5,5606.6,5229.7,696.9,2637.0,4939.1,3794.7,9878.3,8525.1,8188.6,5927.0,3021.0,9019.3,4291.9,3400.7,7683.1,5319.1,4978.6,3006.4,6550.9,4176.7,98.0,9.1,301.0,11.3,184.9,30.8,180.6,369.3,755.2,1728.7,172.1,1783.2,349.4,1430.6,116.0,662.0,1629.1,213.2,1411.1,462.3,1247.1,1443.9,3438.3,2603.9,1099.5,3438.3,2153.4,1846.6,17.6,22.8,74.9,275.1,199.4,13.0,192.4,907.1,2540.1,2304.9,2519.5,740.8,1885.8,887.7,62.6,153.3,224.0,837.6,21.2,671.3,464.4,917.9,2027.1,1920.7,899.3,815.6,1395.3,1239.7
20260911_奈良_11R,20260911,53,奈良,11,3032.0,2664.8,811.0,4047.5,3225.8,7872.3,2608.1,2841.3,3300.3,689.7,9999.9,2494.4,4588.6,1322.1,3605.3,4688.9,1198.4,8846.2,4290.4,9999.9,4875.4,104.3,113.0,210.9,542.7,29.2,465.0,98.9,9999.9,9999.9,9999.9,2969.1,9999.9,9999.9,9999.9,1675.9,3000.2,3154.7,331.9,7800.7,6703.7,2869.8,9977.6,9999.9,9999.9,2576.8,9999.9,9999.9,7150.6,2087.7,1136.5,3954.2,552.8,7271.8,2067.6,3351.8,3053.6,2113.5,818.7,5645.2,3325.8,9999.9,2759.1,2724.0,1692.4,971.7,3714.6,8495.8,6920.0,1709.3,1258.1,1269.3,295.8,558.6,3325.8,4588.6,1088.9,274.5,521.6,217.5,600.0,934.7,1526.8,391.9,5430.8,4875.4,1865.3,2043.0,7872.3,9999.9,4540.1,6085.6,9999.9,7210.7,3365.0,9999.9,9999.9,9977.6,9999.9,7461.5,9999.9,5877.2,9999.9,9999.9,8580.8,2608.1,1986.3,2155.9,1046.4,5608.3,6085.6,3936.1,2523.7,3325.8,667.2,6651.7,2217.2,4564.2,1227.5,2531.2,1643.8,988.5,3590.3,4875.4,4125.3,1406.6,3325.8,1954.6,1080.7,6600.6,6173.2,4931.5,1959.0,268.3,374.7,605.1,2223.0,914.7,774.4,156.3,9999.9,7210.7,9999.9,5645.2,9999.9,9999.9,6976.2,5363.0,7210.7,7271.8,2969.1,9999.9,7150.6,5077.4,6920.0,6356.1,7210.7,3042.8,9999.9,6976.2,1726.5,593.8,652.5,1093.0,202.3,2410.3,1583.1,367.4,2831.9,5169.1,1384.0,8019.4,3460.0,7334.0,5396.7,1267.4,1135.0,320.5,405.1,1915.3,2480.0,1284.5,3972.6,2240.4,1222.3,7945.2,6403.5,6309.4,1932.6,535.9,316.1,703.3,1489.7,1206.8,1751.1,783.6,9999.9,2732.7,9999.9,6600.6,9999.9,7271.8,9999.9,6810.1,5758.9,8172.2,4740.7,9999.9,9999.9,9999.9,9999.9,9999.9,9750.9,8172.2,9999.9,9999.9,9999.9,5877.2,3620.5,2889.1,2410.3,9641.3,8330.8,6173.2,10.6,14.1,34.5,147.5,3.8,106.0,9.6,38.1,45.3,29.4,75.6,121.1,213.3,47.4,41.2,48.7,90.3,319.3,135.3,150.0,19.9,92.5,45.7,114.9,340.1,274.4,395.2,129.9,603.8,580.5,990.8,825.8,1256.3,1368.5,890.1,73.6,284.3,293.7,420.2,865.0,614.6,222.3,400.9,582.9,390.7,733.4,1127.5,797.4,237.8,33.0,51.2,19.4,106.1,319.4,105.4,57.7,9999.9,9999.9,9999.9,9999.9,9999.9,9999.9,9999.9,9999.9,9999.9,5107.6,5877.2,9999.9,9999.9,9999.9,9999.9,9999.9,9999.9,9999.9,9999.9,9999.9,9999.9,9999.9,5536.0,9999.9,9999.9,9999.9,9999.9,9999.9,6550.2,6085.6,9999.9,9999.9,9999.9,9999.9,9999.9,9999.9,9999.9,9999.9,9999.9,9999.9,9999.9,9999.9,9999.9,9999.9,9999.9,9999.9,9999.9,9999.9,9999.9,9999.9,9999.9,9999.9,9999.9,9999.9,9999.9,9999.9,4028.5,4492.5,5232.2,587.3,9999.9,9999.9,5169.1,5329.7,9226.6,7397.2,3991.0,9999.9,8580.8,8330.8,5797.8,9999.9,9999.9,4613.3,9999.9,9999.9,6864.6,8330.8,7210.7,9999.9,4988.8,9999.9,9999.9,9999.9,652.5,2561.4,2918.6,3830.7,7593.6,5200.4,2487.1,9999.9,9999.9,9999.9,9999.9,9999.9,7397.2,9999.9,9999.9,9999.9,9999.9,9999.9,9641.3,9999.9,6864.6,7461.5,9999.9,7661.4,9999.9,3936.1,9999.9,8330.8,9999.9,9999.9,9999.9,5536.0,9999.9,9999.9,9999.9,9999.9,9999.9,9999.9,8095.1,9999.9,9999.9,9999.9,9999.9,9999.9,9999.9,5264.3,9999.9,9999.9,3325.8,9999.9,9999.9,9999.9,9999.9,9999.9,9999.9,9999.9,4028.5,5608.3,4540.1,8938.3,9999.9,8250.7,3064.5,9999.9,9999.9,9999.9,9999.9,9999.9,9999.9,9999.9,9999.9,9999.9,9999.9,9999.9,8412.5,9999.9,9999.9,7461.5,9032.4,2608.1,9999.9,3000.2,9999.9,9999.9,2487.1,1306.0,4767.1,636.0,9326.9,2430.8,3325.8,2689.9,1821.8,2715.4,1271.2,4446.0,5200.4,3325.8,650.5,747.4,1386.2,202.7,2776.9,1449.4,385.1,5500.5,3351.8,2908.7,2234.5,8755.9,8495.8,7091.5,305.1,417.1,181.6,952.3,2300.4,888.2,434.4,9999.9,9999.9,9999.9,9999.9,8095.1,9999.9,9999.9,6173.2,7593.6,4931.5,9128.5,2648.4,9999.9,6217.9,3313.0,2038.1,1133.5,6042.8,998.9,8019.4,4400.4
20260911_奈良_12R,20260911,53,奈良,12,3061.9,4953.9,731.3,6819.7,1560.5,4526.9,2258.5,3918.8,3536.1,1124.4,6177.9,4086.5,7193.4,3443.4,7193.4,4086.5,1646.1,8900.3,5498.6,9999.9,4884.8,245.1,352.7,506.1,914.8,235.1,734.4,107.9,9999.9,9815.3,9999.9,3805.2,9999.9,9999.9,9999.9,1224.0,3292.2,4795.6,596.0,9815.3,6288.8,2229.8,9294.1,9999.9,9999.9,3443.4,9999.9,9999.9,9999.9,1485.4,1693.9,2846.1,254.4,4376.0,1481.3,3466.1,3088.9,4070.7,732.3,7048.6,1475.0,3963.1,2298.1,3144.4,3026.6,1109.0,3904.2,1916.5,3646.6,3847.0,5148.2,3672.1,2328.6,8078.7,3261.6,6523.2,6523.2,258.7,604.2,1288.6,2083.8,211.9,712.0,402.0,8205.0,7344.3,9377.1,4730.8,7096.2,9294.1,9999.9,712.5,746.9,1247.3,186.1,2686.0,415.9,708.1,4507.4,3750.8,6177.9,1502.4,8752.0,1735.9,5498.6,2220.3,3764.3,5441.6,986.1,9999.9,1780.0,4234.8,4054.9,3833.0,1185.3,5304.2,3409.8,8401.9,3933.4,3387.8,3366.1,1226.9,5025.0,2248.9,4118.6,4339.8,2075.5,2188.0,574.2,903.0,1845.7,5304.2,2625.6,558.6,882.5,697.8,1464.7,869.4,1849.0,681.5,6106.0,5739.0,2580.4,2165.4,5646.4,9635.2,5616.2,2488.7,1909.5,2130.3,1113.7,4839.8,5967.2,3737.5,9999.9,9999.9,9999.9,3764.3,9999.9,9461.6,9053.8,2861.6,5001.1,3918.8,1216.9,6909.4,2975.1,5707.8,6251.4,4626.6,1817.0,9907.9,5199.2,9999.9,5707.8,4907.6,4488.2,2901.2,9999.9,4394.3,8205.0,7722.3,2328.6,2067.4,616.3,986.1,2004.2,5331.1,2555.3,805.4,1610.8,684.6,2756.5,1826.5,3672.1,896.8,9999.9,9999.9,3489.1,5616.2,9999.9,9999.9,9999.9,6035.8,3764.3,4394.3,2838.4,9999.9,9212.6,7048.6,9999.9,9999.9,9999.9,8752.0,9999.9,9999.9,9999.9,5967.2,8679.6,4730.8,1798.3,9999.9,7243.0,9999.9,16.3,29.6,53.0,173.1,17.3,152.8,5.6,48.1,127.7,317.4,695.9,61.2,258.6,61.1,99.2,139.0,161.7,449.5,251.6,692.3,103.0,146.9,329.1,123.1,937.7,421.6,1189.4,133.2,828.2,1930.5,1280.7,1839.3,1974.1,2121.7,951.3,41.1,45.7,163.7,284.3,722.3,483.9,45.9,696.4,1065.1,1483.3,2234.5,2188.0,1409.7,743.2,3.5,22.1,28.2,30.2,228.7,20.4,168.1,9999.9,9999.9,9999.9,5498.6,9999.9,9999.9,9999.9,9999.9,9999.9,9999.9,8141.4,9999.9,9999.9,9999.9,9999.9,9999.9,4394.3,4930.7,9999.9,9999.9,9999.9,9999.9,9999.9,5277.6,8078.7,9999.9,9999.9,9999.9,3904.2,6775.7,4321.9,6564.0,6864.3,8679.6,5173.6,9999.9,9999.9,9999.9,9999.9,8538.5,9999.9,9999.9,9999.9,9999.9,9999.9,9999.9,9999.9,9999.9,9999.9,9999.9,9999.9,9999.9,9999.9,7448.5,9999.9,9999.9,1045.0,2121.7,3387.8,498.9,6689.4,4647.0,1620.7,500.3,594.3,1077.1,135.0,2408.8,345.4,535.8,2092.1,1462.7,2239.3,907.7,4023.9,4488.2,2853.9,4008.5,3163.3,2143.3,1875.4,6819.7,6689.4,4862.2,130.9,121.8,415.9,823.7,1555.9,890.0,161.7,8825.5,7896.5,7243.0,9999.9,4488.2,7956.3,9999.9,6955.2,2612.5,5867.2,8205.0,2941.8,9547.6,5770.5,1146.5,1017.6,1613.2,3366.1,400.0,7779.5,3366.1,9999.9,9999.9,9999.9,4526.9,9999.9,9999.9,9999.9,9724.4,9999.9,9999.9,4102.5,9999.9,4546.5,9999.9,9999.9,9999.9,9999.9,5646.4,9999.9,9999.9,9999.9,9999.9,9999.9,9999.9,9999.9,9999.9,9999.9,9999.9,3584.4,3791.4,5098.2,8679.6,9999.9,4773.8,4450.1,9999.9,9999.9,9999.9,9999.9,9999.9,9999.9,9999.9,9999.9,4606.3,9999.9,9999.9,4546.5,9999.9,9999.9,9999.9,9999.9,9999.9,9999.9,6106.0,9999.9,9999.9,1003.0,1385.5,1920.0,195.1,3135.0,1211.3,2632.1,1817.0,3070.8,4376.0,755.5,8017.1,1579.3,3524.3,2165.4,3621.5,2793.1,875.9,4626.6,2735.0,6523.2,3933.4,5556.8,1680.3,1426.9,6819.7,4839.8,9999.9,34.8,140.0,169.8,196.3,812.8,111.5,631.1,9377.1,9999.9,9212.6,9999.9,3805.2,9999.9,9999.9,1396.5,941.9,2160.9,3211.7,535.5,7610.4,3918.8,8469.7,8825.5,9999.9,9999.9,3477.6,9999.9,7193.4
20260911_四日市_1R,20260911,48,四日市,1,623.0,335.0,196.4,493.6,271.7,,,555.3,145.5,244.4,564.5,382.6,,,230.6,237.6,161.9,319.3,246.8,,,38.5,77.9,39.2,72.9,5.3,,,558.3,555.3,470.8,247.4,358.5,,,141.1,342.8,160.1,42.5,245.0,,,,,,,,,,,,,,,,,2221.2,1135.2,481.9,1161.0,946.0,,,2688.8,1731.8,2221.2,1927.8,3193.0,,,1761.6,1480.8,1202.0,1135.2,1731.8,,,356.0,1892.1,992.0,837.5,475.2,,,1231.0,1824.5,1174.4,817.4,1216.3,,,1098.6,2688.8,1502.5,912.2,1702.9,,,,,,,,,,,,,,,,,1571.9,567.6,479.7,992.0,858.6,,,3193.0,2003.4,2492.1,2376.1,3193.0,,,540.6,521.3,417.0,555.3,963.9,,,537.7,1621.8,946.0,1731.8,745.8,,,1502.5,1857.7,1525.0,2085.2,1731.8,,,1261.4,1202.0,1135.2,1293.3,1086.9,,,,,,,,,,,,,,,,,954.9,756.8,347.5,1086.9,590.6,,,1216.3,865.9,920.5,982.4,1344.4,,,604.5,690.3,475.2,817.4,1064.3,,,340.5,963.9,798.2,740.4,438.5,,,1309.9,1174.4,1064.3,954.9,1122.8,,,751.2,865.9,1380.7,654.9,785.9,,,,,,,,,,,,,,,,,20.4,85.7,26.7,56.4,2.5,,,101.7,1064.3,403.8,364.9,176.4,,,358.5,1309.9,745.8,1399.6,611.8,,,135.5,362.3,555.3,418.7,234.8,,,161.1,396.0,963.9,534.9,245.6,,,7.3,44.8,224.0,73.8,90.7,,,,,,,,,,,,,,,,,1098.6,1399.6,982.4,493.6,810.9,,,1174.4,1502.5,798.2,672.2,920.5,,,1326.9,2003.4,1231.0,2554.4,1892.1,,,1277.2,928.8,1419.1,810.9,880.8,,,342.8,567.6,1246.0,580.5,400.6,,,824.0,1439.1,1621.8,1075.5,735.0,,,,,,,,,,,,,,,,,405.4,904.2,423.9,86.1,555.3,,,804.5,2919.3,1293.3,646.6,1053.3,,,1362.3,3193.0,1675.0,1702.9,1927.8,,,561.4,681.1,1731.8,604.5,681.1,,,44.9,166.1,699.8,289.4,269.5,,,817.4,1571.9,2085.2,1261.4,681.1,,,,,,,,,,,,,,,,,,,,,,,,,,,,,,,,,,,,,,,,,,,,,,,,,,,,,,,,,,,,,,,,,,,,,,,,,,,,,,,,,,,,,,,,,,,,,,,,,,,,,,,,,,,,,,,,,,,,,,,,,,,,,,,,
20260911_四日市_2R,20260911,48,四日市,2,2316.1,1569.0,892.4,1835.4,1768.7,,,4421.8,3741.5,4229.5,5404.4,3741.5,,,1835.4,3741.5,2629.1,1706.6,2702.2,,,1024.0,3354.4,1496.6,2494.3,1520.0,,,2432.0,5722.3,2432.0,2861.1,3891.2,,,1158.0,3891.2,3040.0,1409.8,4421.8,,,,,,,,,,,,,,,,,184.2,119.9,114.0,223.1,125.3,,,240.1,211.0,69.4,305.9,85.2,,,83.2,121.4,51.2,111.8,76.1,,,25.8,16.1,25.1,48.0,1.7,,,204.8,239.6,162.4,150.1,204.3,,,105.8,40.5,94.0,13.3,174.9,,,,,,,,,,,,,,,,,3741.5,3040.0,3474.2,4632.3,3138.0,,,2779.4,1985.3,520.2,2861.1,884.3,,,4421.8,2629.1,3602.9,6948.5,3741.5,,,4229.5,680.2,3040.0,4053.3,876.3,,,6948.5,4864.0,6485.3,4229.5,6485.3,,,4053.3,1057.3,2779.4,1280.0,6080.0,,,,,,,,,,,,,,,,,1200.9,2262.3,1370.1,1409.8,1648.8,,,549.6,772.0,211.0,525.8,424.8,,,2947.8,2161.7,2161.7,3741.5,2114.7,,,1105.4,324.2,1297.0,1216.0,520.2,,,1200.9,1144.4,2779.4,1648.8,1870.7,,,1332.6,900.7,1034.8,1013.3,1945.6,,,,,,,,,,,,,,,,,555.8,1706.6,810.6,1706.6,953.7,,,87.6,50.9,86.7,139.1,9.5,,,1473.9,284.4,1544.1,1389.7,365.7,,,1263.3,318.9,1158.0,1172.0,615.6,,,2262.3,765.9,1945.6,1945.6,1080.8,,,546.5,70.7,232.1,631.6,559.0,,,,,,,,,,,,,,,,,2210.9,3891.2,2316.1,2629.1,3354.4,,,1430.5,1370.1,963.1,689.9,1093.0,,,4421.8,3602.9,4421.8,3138.0,4632.3,,,1870.7,1314.5,3242.6,2026.6,2560.0,,,1870.7,892.4,2161.7,2372.6,1172.0,,,3242.6,2210.9,3354.4,2779.4,1768.7,,,,,,,,,,,,,,,,,2026.6,3741.5,3242.6,2432.0,5722.3,,,1069.0,537.4,935.3,148.5,1451.9,,,2560.0,1057.3,2432.0,1247.1,5120.0,,,2069.7,1314.5,4421.8,2262.3,3602.9,,,1046.0,188.1,725.9,1200.9,1263.3,,,6080.0,2861.1,5722.3,5404.4,2861.1,,,,,,,,,,,,,,,,,,,,,,,,,,,,,,,,,,,,,,,,,,,,,,,,,,,,,,,,,,,,,,,,,,,,,,,,,,,,,,,,,,,,,,,,,,,,,,,,,,,,,,,,,,,,,,,,,,,,,,,,,,,,,,,,
20260911_四日市_3R,20260911,48,四日市,3,143.1,52.8,93.7,133.8,296.6,,,207.4,115.7,75.5,160.9,159.4,,,58.6,80.1,82.5,76.4,193.4,,,88.9,37.8,63.8,117.3,130.3,,,161.9,176.2,102.1,150.3,251.0,,,689.6,439.7,588.4,390.4,596.6,,,,,,,,,,,,,,,,,296.6,97.1,177.4,298.3,531.0,,,277.6,145.9,120.3,404.6,252.5,,,58.4,59.0,39.7,59.9,120.4,,,156.1,67.8,57.6,292.5,237.6,,,446.2,742.7,278.0,621.1,856.5,,,1067.4,610.4,536.4,761.3,969.9,,,,,,,,,,,,,,,,,368.7,245.2,112.7,474.1,344.8,,,367.5,264.8,149.8,659.6,537.7,,,299.6,265.5,126.9,622.9,429.1,,,42.7,57.6,33.3,122.9,30.9,,,961.1,1256.9,1026.1,472.0,1129.9,,,446.2,775.2,457.8,159.4,829.7,,,,,,,,,,,,,,,,,64.4,136.7,133.7,111.9,417.3,,,53.2,73.4,60.0,74.6,228.9,,,240.0,169.6,148.5,428.2,428.2,,,156.8,91.0,108.5,302.5,520.6,,,235.2,182.3,509.4,460.7,892.5,,,1206.9,839.6,1062.1,1235.0,1685.8,,,,,,,,,,,,,,,,,101.0,61.8,77.6,136.6,181.7,,,103.6,59.1,40.7,208.8,193.2,,,18.9,25.7,12.5,70.0,14.6,,,71.5,45.2,43.2,164.7,184.2,,,355.2,547.4,327.3,343.1,764.1,,,427.4,641.7,127.4,362.4,663.8,,,,,,,,,,,,,,,,,705.7,820.1,490.5,520.6,1235.0,,,1180.1,2042.5,724.9,1235.0,2470.0,,,1361.6,2003.9,1517.3,1006.7,1847.1,,,758.6,683.0,1506.5,1160.7,1985.2,,,792.6,1327.6,1026.1,1242.2,2124.2,,,2590.5,2870.5,3078.5,2622.5,3123.8,,,,,,,,,,,,,,,,,2832.3,1727.0,1815.5,1659.5,2212.7,,,3218.5,3078.5,2082.5,1815.5,3319.1,,,1072.8,2042.5,1154.4,291.3,1506.5,,,1931.1,1770.1,1506.5,1770.1,2441.6,,,1416.1,2284.1,360.6,1699.3,2590.5,,,2590.5,2909.8,3034.6,2723.3,2870.5,,,,,,,,,,,,,,,,,,,,,,,,,,,,,,,,,,,,,,,,,,,,,,,,,,,,,,,,,,,,,,,,,,,,,,,,,,,,,,,,,,,,,,,,,,,,,,,,,,,,,,,,,,,,,,,,,,,,,,,,,,,,,,,,
20260911_四日市_4R,20260911,48,四日市,4,108.0,54.4,132.7,106.6,154.5,,,70.1,25.4,21.0,137.6,78.4,,,29.2,9.5,14.0,64.6,3.7,,,93.1,26.8,28.0,182.9,79.8,,,230.9,329.7,231.6,352.9,398.7,,,175.2,110.9,14.8,157.3,299.2,,,,,,,,,,,,,,,,,311.0,175.5,498.9,269.4,440.8,,,529.0,860.1,569.4,673.9,1351.6,,,150.6,518.9,681.4,260.3,268.5,,,732.1,776.0,1033.6,960.9,1640.0,,,192.3,367.1,181.6,504.1,329.7,,,1177.0,2764.0,1051.3,2645.2,1351.6,,,,,,,,,,,,,,,,,286.3,119.3,81.2,649.0,324.9,,,521.1,654.2,369.3,689.0,1064.9,,,236.5,801.3,235.6,1230.0,487.1,,,75.9,205.3,103.2,336.5,257.3,,,1808.8,1413.8,1673.5,831.0,2928.6,,,872.3,2562.5,964.7,778.4,2963.9,,,,,,,,,,,,,,,,,103.2,62.0,72.7,205.6,24.6,,,275.7,1088.5,1025.0,666.6,541.8,,,248.4,1008.2,405.9,1566.9,534.7,,,185.6,750.0,354.4,1211.8,420.5,,,828.2,964.7,2016.4,2435.6,1301.6,,,79.6,452.2,458.9,475.8,717.2,,,,,,,,,,,,,,,,,223.4,76.2,74.3,562.9,297.8,,,698.8,562.9,820.0,995.9,1455.6,,,65.3,232.5,89.9,368.8,273.3,,,149.8,681.4,214.6,1177.0,308.2,,,1863.6,1211.8,1008.2,1684.9,2617.0,,,976.2,2320.7,1083.7,938.9,2928.6,,,,,,,,,,,,,,,,,729.9,2510.2,875.4,1968.0,2703.3,,,520.0,785.9,514.6,1020.7,1165.8,,,2963.9,1696.5,2277.8,2120.7,4730.8,,,1200.0,984.0,2827.6,3037.0,1708.3,,,2388.3,1921.9,1937.0,2703.3,3280.0,,,3280.0,2733.3,6150.1,3236.9,4823.6,,,,,,,,,,,,,,,,,1211.8,793.5,139.1,811.8,1732.4,,,2139.1,4169.5,1835.8,3967.8,2536.1,,,1154.9,4392.9,1597.4,1165.8,5125.0,,,142.2,1144.2,957.2,911.1,1587.1,,,1118.2,3784.6,1684.9,1336.9,4169.5,,,2827.6,3153.9,5125.0,2764.0,4823.6,,,,,,,,,,,,,,,,,,,,,,,,,,,,,,,,,,,,,,,,,,,,,,,,,,,,,,,,,,,,,,,,,,,,,,,,,,,,,,,,,,,,,,,,,,,,,,,,,,,,,,,,,,,,,,,,,,,,,,,,,,,,,,,,
20260911_四日市_5R,20260911,48,四日市,5,345.8,51.7,125.6,195.6,197.1,,,1004.1,320.9,1152.2,1534.0,1543.4,,,29.5,109.9,43.8,65.9,41.8,,,209.0,670.3,106.1,396.8,433.3,,,398.7,1275.7,183.3,593.9,755.4,,,292.1,1024.7,102.1,407.9,617.3,,,,,,,,,,,,,,,,,379.4,54.9,124.4,181.8,277.5,,,700.4,599.6,1033.2,1106.3,2155.5,,,34.7,229.3,57.0,77.9,117.1,,,198.1,886.6,125.5,399.4,540.0,,,361.8,1428.8,205.1,483.6,929.5,,,381.7,1543.4,285.7,641.1,871.2,,,,,,,,,,,,,,,,,2500.4,1256.5,2252.6,3049.3,3572.0,,,2016.4,1748.5,2874.0,2841.4,4311.1,,,893.0,1316.0,1219.7,1515.4,1700.9,,,3049.3,4032.9,1838.5,4032.9,5000.8,,,3521.7,4902.8,2451.4,3623.8,4238.0,,,3732.0,5953.4,2841.4,5000.8,5209.2,,,,,,,,,,,,,,,,,9.6,51.1,15.6,23.1,16.7,,,10.6,86.3,21.8,34.4,32.3,,,118.6,173.0,217.9,233.4,267.1,,,22.7,35.8,124.0,51.5,58.0,,,38.9,61.6,184.1,69.3,87.7,,,24.8,43.1,158.9,70.2,100.5,,,,,,,,,,,,,,,,,239.2,494.1,127.3,384.6,618.9,,,340.6,1337.1,219.5,690.7,859.2,,,1453.7,1953.4,1126.3,2174.3,2841.4,,,81.6,121.1,307.5,168.9,203.7,,,929.5,865.2,1736.4,584.2,1244.0,,,947.1,1269.2,2841.4,656.2,1389.1,,,,,,,,,,,,,,,,,980.5,2688.6,434.8,1582.5,1811.9,,,961.7,2688.6,599.6,1389.1,2315.2,,,2874.0,3677.1,1880.0,4032.9,4099.0,,,256.4,345.3,915.9,475.3,596.7,,,1437.0,1553.0,3125.5,868.2,2066.4,,,1553.0,2577.7,4546.2,1041.8,2193.3,,,,,,,,,,,,,,,,,451.3,1880.0,183.3,720.5,943.5,,,547.1,3012.5,357.7,1262.8,1736.4,,,2660.0,4546.2,2000.3,3846.8,4099.0,,,112.4,208.1,806.5,276.2,381.7,,,926.0,1404.7,3425.2,603.9,1645.0,,,1358.9,2032.8,3290.0,1008.2,1894.2,,,,,,,,,,,,,,,,,,,,,,,,,,,,,,,,,,,,,,,,,,,,,,,,,,,,,,,,,,,,,,,,,,,,,,,,,,,,,,,,,,,,,,,,,,,,,,,,,,,,,,,,,,,,,,,,,,,,,,,,,,,,,,,,
20260911_四日市_6R,20260911,48,四日市,6,213.6,151.3,122.1,,,,,155.2,67.8,58.3,,,,,25.3,14.1,3.6,,,,,24.8,24.7,10.5,,,,,,,,,,,,,,,,,,,,,,,,,,,,,,,,,713.6,436.9,518.9,,,,,765.6,626.7,391.9,,,,,382.2,715.5,392.5,,,,,297.0,209.4,278.4,,,,,,,,,,,,,,,,,,,,,,,,,,,,,,,,,298.0,92.4,87.8,,,,,466.4,385.0,171.4,,,,,100.8,219.2,104.0,,,,,54.0,32.1,51.6,,,,,,,,,,,,,,,,,,,,,,,,,,,,,,,,,24.9,31.8,7.9,,,,,99.9,390.7,138.7,,,,,76.6,225.9,86.0,,,,,31.9,53.7,76.2,,,,,,,,,,,,,,,,,,,,,,,,,,,,,,,,,63.6,52.5,34.4,,,,,80.0,43.0,75.0,,,,,51.9,20.1,50.0,,,,,51.4,69.9,76.6,,,,,,,,,,,,,,,,,,,,,,,,,,,,,,,,,,,,,,,,,,,,,,,,,,,,,,,,,,,,,,,,,,,,,,,,,,,,,,,,,,,,,,,,,,,,,,,,,,,,,,,,,,,,,,,,,,,,,,,,,,,,,,,,,,,,,,,,,,,,,,,,,,,,,,,,,,,,,,,,,,,,,,,,,,,,,,,,,,,,,,,,,,,,,,,,,,,,,,,,,,,,,,,,,,,,,,,,,,,,,,,,,,,,,,,,,,,,,,,,,,,,,,,,,,,,,,,,
20260911_四日市_7R,20260911,48,四日市,7,370.7,217.0,628.5,471.1,,,,202.2,71.9,112.1,53.6,,,,163.3,87.6,90.4,181.0,,,,685.8,236.9,239.6,416.2,,,,285.5,50.0,109.7,163.5,,,,,,,,,,,,,,,,,,,,,,,,,501.7,281.5,934.3,667.7,,,,399.4,170.2,244.8,415.5,,,,244.8,145.4,80.3,384.5,,,,1096.2,340.8,265.1,1109.3,,,,583.7,494.5,740.5,1122.7,,,,,,,,,,,,,,,,,,,,,,,,,103.0,35.6,57.8,25.6,,,,146.6,61.3,81.7,157.4,,,,30.0,23.1,8.8,29.8,,,,81.2,61.8,20.1,54.4,,,,28.6,107.2,36.5,57.8,,,,,,,,,,,,,,,,,,,,,,,,,167.4,89.5,107.2,165.7,,,,159.2,56.8,25.3,194.0,,,,53.6,33.4,13.9,63.8,,,,63.4,25.1,13.2,58.8,,,,217.3,322.2,144.9,222.2,,,,,,,,,,,,,,,,,,,,,,,,,940.7,347.1,435.0,534.4,,,,977.0,391.6,246.4,994.4,,,,211.4,178.6,59.2,182.9,,,,174.9,94.9,49.2,151.3,,,,814.1,1169.9,459.4,538.5,,,,,,,,,,,,,,,,,,,,,,,,,404.7,75.5,195.5,285.5,,,,505.3,455.7,823.8,1174.8,,,,64.2,237.1,115.1,203.9,,,,354.7,647.5,235.5,416.8,,,,613.3,1259.9,430.3,629.9,,,,,,,,,,,,,,,,,,,,,,,,,,,,,,,,,,,,,,,,,,,,,,,,,,,,,,,,,,,,,,,,,,,,,,,,,,,,,,,,,,,,,,,,,,,,,,,,,,,,,,,,,,,,,,,,,,,,,,,,,,,,,,,,,,,,,,,,,,,,,,,,,,,,,,,,,,,,,,,,,,,,,,,,,,,,,,,,,,,,,,,,,,,,,,,,
20260911_四日市_8R,20260911,48,四日市,8,1320.7,1099.3,1154.6,1462.8,1617.5,,,563.1,201.6,153.9,532.1,563.1,,,309.8,113.7,74.9,222.6,58.7,,,408.8,139.6,153.5,173.5,467.1,,,1176.8,1203.8,857.8,786.2,1845.0,,,1105.9,906.6,324.3,706.1,1354.8,,,,,,,,,,,,,,,,,2238.8,1892.6,2198.6,2497.7,2680.0,,,2159.8,2074.4,868.0,1417.6,2622.6,,,1474.5,1995.5,1266.1,1480.5,1105.9,,,1854.4,706.1,1122.8,598.0,1445.5,,,2567.6,1549.2,1401.4,1049.0,2051.2,,,2961.0,2781.6,1349.9,2051.2,2514.8,,,,,,,,,,,,,,,,,430.9,129.4,112.2,393.5,373.5,,,893.3,677.4,333.7,586.5,1031.3,,,86.3,190.9,47.8,137.0,57.7,,,45.2,66.2,20.4,20.1,77.8,,,677.4,362.8,334.4,140.3,682.4,,,515.6,794.7,201.6,292.1,724.2,,,,,,,,,,,,,,,,,113.6,53.2,35.4,114.9,18.1,,,287.0,523.0,393.5,573.7,264.1,,,71.1,244.2,49.9,218.1,50.1,,,50.9,137.4,49.7,91.1,42.1,,,349.0,460.1,478.7,289.3,279.6,,,28.0,97.6,57.9,28.2,93.2,,,,,,,,,,,,,,,,,291.6,80.6,120.6,106.8,349.3,,,509.9,151.3,314.8,114.7,537.5,,,32.0,37.5,15.8,11.5,72.4,,,73.5,125.1,42.7,71.1,75.8,,,141.4,44.6,27.6,85.8,198.4,,,436.5,539.9,228.9,211.9,384.0,,,,,,,,,,,,,,,,,1922.3,2211.8,1756.8,1457.0,2719.8,,,1715.7,846.0,853.8,596.0,1253.1,,,1486.5,786.2,834.4,367.9,1555.8,,,1349.9,948.7,1061.1,600.9,966.2,,,659.1,217.0,181.6,307.2,685.0,,,2464.2,2238.8,2464.2,1330.3,1731.9,,,,,,,,,,,,,,,,,1569.1,1240.4,370.5,951.2,1549.2,,,2110.1,2604.0,1008.7,1699.8,2062.7,,,1096.0,2051.2,418.1,649.8,1748.4,,,189.3,303.1,252.8,154.8,312.4,,,846.0,1040.1,579.1,306.7,874.2,,,2238.8,2172.6,2294.8,971.3,1529.8,,,,,,,,,,,,,,,,,,,,,,,,,,,,,,,,,,,,,,,,,,,,,,,,,,,,,,,,,,,,,,,,,,,,,,,,,,,,,,,,,,,,,,,,,,,,,,,,,,,,,,,,,,,,,,,,,,,,,,,,,,,,,,,,
20260911_四日市_9R,20260911,48,四日市,9,194.9,47.4,113.0,98.3,107.2,,,329.7,228.0,300.6,420.0,618.3,,,15.6,57.6,26.2,10.2,51.6,,,106.1,129.9,59.4,117.5,215.5,,,96.8,205.1,33.9,164.2,198.6,,,104.5,372.6,123.5,267.0,173.1,,,,,,,,,,,,,,,,,261.3,76.2,193.7,156.0,112.9,,,453.2,641.3,412.6,946.6,447.1,,,73.9,387.2,212.0,367.0,154.0,,,224.9,275.7,300.0,634.1,214.7,,,553.4,1236.6,684.6,1072.4,797.8,,,60.4,193.6,113.5,121.9,253.5,,,,,,,,,,,,,,,,,590.6,503.4,312.8,889.2,824.4,,,638.2,903.4,463.9,1476.5,843.7,,,504.1,845.5,359.0,1676.7,2029.3,,,169.2,247.1,237.3,557.3,380.1,,,1766.6,2248.4,2888.4,1582.8,3091.5,,,962.8,845.5,2327.7,922.4,2248.4,,,,,,,,,,,,,,,,,18.4,69.8,33.9,11.4,55.9,,,61.6,311.3,162.7,290.9,151.3,,,298.4,597.7,263.4,1228.9,817.6,,,82.5,193.8,170.2,475.6,332.8,,,132.9,562.9,1121.0,891.2,1038.6,,,217.0,240.7,829.6,466.1,905.5,,,,,,,,,,,,,,,,,64.3,62.9,47.1,98.5,144.6,,,78.7,86.0,153.5,340.5,145.9,,,35.7,44.8,56.1,172.8,118.1,,,49.9,142.2,98.5,295.5,329.7,,,379.4,656.2,497.1,702.8,1060.9,,,210.9,172.1,283.4,422.7,532.5,,,,,,,,,,,,,,,,,383.0,719.4,183.5,613.5,789.8,,,694.2,2139.0,1413.2,2150.6,1582.8,,,1782.5,2473.2,3020.7,2504.5,3270.4,,,306.5,1117.8,2082.7,1691.1,2150.6,,,1049.6,1939.8,1893.3,2150.6,2223.1,,,1355.2,1595.6,3020.7,2412.9,2261.2,,,,,,,,,,,,,,,,,80.6,490.3,166.8,331.4,149.7,,,50.3,206.7,115.2,149.5,178.5,,,793.0,651.9,1539.7,612.5,1676.7,,,278.8,298.4,1163.8,731.4,999.2,,,319.3,277.3,447.1,697.9,766.8,,,843.7,819.2,2008.7,1433.7,1564.1,,,,,,,,,,,,,,,,,,,,,,,,,,,,,,,,,,,,,,,,,,,,,,,,,,,,,,,,,,,,,,,,,,,,,,,,,,,,,,,,,,,,,,,,,,,,,,,,,,,,,,,,,,,,,,,,,,,,,,,,,,,,,,,,
20260911_四日市_10R,20260911,48,四日市,10,1293.7,1912.9,1174.8,2091.6,632.2,,,841.3,467.2,306.5,484.4,118.4,,,1324.3,538.0,396.8,849.3,200.8,,,660.2,270.4,293.9,431.2,92.4,,,2295.5,1055.7,1015.0,639.4,287.4,,,161.4,45.9,64.9,38.4,92.9,,,,,,,,,,,,,,,,,5813.2,5029.4,4973.5,6782.1,2984.1,,,7338.0,9523.8,7219.7,9947.1,6782.1,,,6216.9,8289.3,5738.7,6680.9,4865.4,,,5458.8,6394.6,6394.6,5889.7,3497.0,,,8776.9,8776.9,9523.8,7460.3,7717.6,,,2043.9,4032.6,3469.9,2712.8,5145.0,,,,,,,,,,,,,,,,,3087.0,1598.6,909.8,2331.3,437.1,,,5393.0,7219.7,5738.7,6994.1,1587.3,,,2906.6,8138.6,3961.2,6048.9,2295.5,,,1121.8,4304.0,3045.0,3365.5,809.4,,,4711.8,6304.5,8952.4,3858.8,4183.3,,,367.5,1741.7,928.6,517.4,1373.0,,,,,,,,,,,,,,,,,3130.2,2172.9,1689.1,3443.2,743.5,,,5266.1,7717.6,4614.6,8138.6,3892.3,,,3365.5,6886.5,4144.6,7853.0,2633.0,,,2072.3,4431.9,3961.2,5145.0,1651.7,,,5666.1,6487.2,7460.3,5393.0,3639.2,,,484.4,1929.4,1119.0,818.3,1783.3,,,,,,,,,,,,,,,,,816.8,360.6,399.3,678.2,128.2,,,2500.6,3004.1,2393.7,2906.6,1472.4,,,620.8,1921.1,1271.6,1604.3,480.2,,,836.6,2617.6,1645.6,2307.3,600.0,,,1394.4,2797.6,2025.4,2249.3,919.1,,,74.5,366.9,161.3,195.4,302.0,,,,,,,,,,,,,,,,,6886.5,3552.5,4431.9,2368.3,1293.7,,,9325.4,9135.1,9947.1,7586.8,7338.0,,,4973.5,9730.9,7853.0,5968.3,4813.1,,,6582.6,8776.9,8445.7,5889.7,3793.4,,,2984.1,7105.1,4263.0,5526.2,1741.7,,,1055.7,3469.9,2043.9,2380.9,1328.2,,,,,,,,,,,,,,,,,39.7,11.7,10.8,5.5,29.4,,,82.7,190.4,186.4,122.5,268.6,,,14.2,92.2,49.6,30.9,53.2,,,18.8,86.2,46.4,28.5,89.3,,,6.8,60.3,17.4,20.1,44.9,,,44.0,257.9,111.6,147.2,79.4,,,,,,,,,,,,,,,,,,,,,,,,,,,,,,,,,,,,,,,,,,,,,,,,,,,,,,,,,,,,,,,,,,,,,,,,,,,,,,,,,,,,,,,,,,,,,,,,,,,,,,,,,,,,,,,,,,,,,,,,,,,,,,,,
20260911_四日市_11R,20260911,48,四日市,11,460.2,330.7,267.0,748.0,537.9,,,325.1,290.5,106.7,357.1,137.4,,,240.3,337.1,174.9,601.1,296.4,,,102.6,60.8,86.7,46.5,62.0,,,888.9,621.3,867.4,198.2,681.8,,,357.7,130.1,246.0,113.4,398.5,,,,,,,,,,,,,,,,,814.0,335.6,368.1,957.4,629.7,,,718.9,417.9,507.8,1101.1,400.6,,,120.5,186.1,127.9,273.6,112.6,,,295.4,449.3,223.9,342.6,420.2,,,1303.9,1594.0,770.7,1049.8,1636.9,,,313.8,214.9,174.4,331.8,804.3,,,,,,,,,,,,,,,,,354.6,326.1,115.4,454.4,128.4,,,507.0,367.9,345.7,779.6,282.5,,,397.7,283.3,295.7,670.6,204.4,,,109.3,219.7,236.8,171.3,89.9,,,753.6,1046.2,921.2,431.5,538.8,,,77.6,110.2,94.9,48.3,204.9,,,,,,,,,,,,,,,,,256.2,459.5,192.6,712.1,366.8,,,146.6,154.7,89.9,286.5,120.1,,,472.0,273.7,339.0,730.1,311.1,,,145.0,132.8,248.8,183.0,229.4,,,1040.9,779.6,1081.5,569.0,1173.2,,,349.7,191.4,255.1,267.5,828.4,,,,,,,,,,,,,,,,,48.6,34.8,43.5,16.0,26.7,,,107.9,191.5,81.8,83.4,156.0,,,76.8,148.9,172.1,74.6,74.9,,,77.4,56.1,167.9,67.0,137.0,,,31.7,48.7,60.2,53.0,49.9,,,38.2,99.1,42.3,97.2,42.7,,,,,,,,,,,,,,,,,1964.2,1481.5,1964.2,406.4,1529.9,,,2255.2,2280.6,1700.9,1230.1,2706.3,,,1533.8,2099.7,1729.9,837.5,1496.1,,,2016.3,1615.1,2129.1,966.5,2230.5,,,266.2,625.1,430.3,569.6,450.3,,,1549.4,2475.3,1463.7,2190.3,798.0,,,,,,,,,,,,,,,,,254.6,106.1,221.1,85.7,382.0,,,267.1,148.0,144.6,277.5,506.1,,,42.9,57.5,52.8,33.4,122.4,,,230.4,115.3,143.6,225.2,582.7,,,68.0,152.6,52.4,113.7,85.6,,,654.7,887.6,470.9,951.4,370.3,,,,,,,,,,,,,,,,,,,,,,,,,,,,,,,,,,,,,,,,,,,,,,,,,,,,,,,,,,,,,,,,,,,,,,,,,,,,,,,,,,,,,,,,,,,,,,,,,,,,,,,,,,,,,,,,,,,,,,,,,,,,,,,,
20260911_四日市_12R,20260911,48,四日市,12,435.3,74.7,149.5,181.6,216.7,,,859.5,656.9,671.3,1010.1,1483.7,,,59.6,325.2,78.9,100.4,262.4,,,146.2,364.2,98.4,201.4,546.7,,,213.7,627.3,141.3,240.5,677.6,,,413.2,1515.1,541.5,844.6,1048.6,,,,,,,,,,,,,,,,,326.6,46.8,100.0,135.4,123.1,,,520.7,250.2,343.1,772.8,530.7,,,21.4,86.3,13.5,41.6,25.5,,,92.0,146.2,20.7,160.3,90.0,,,211.5,695.2,130.3,285.0,303.9,,,108.7,314.4,43.7,94.4,232.2,,,,,,,,,,,,,,,,,1485.7,1086.8,1012.0,1787.9,2591.1,,,1294.0,714.2,710.4,1815.1,1378.8,,,993.2,714.2,597.6,1504.5,1519.4,,,668.7,519.9,453.7,806.5,1103.6,,,2031.7,2253.6,1964.7,1473.5,3164.4,,,1547.9,1584.5,1812.0,1586.8,3073.7,,,,,,,,,,,,,,,,,37.0,226.3,52.4,67.5,169.9,,,22.1,96.3,14.7,39.1,34.5,,,319.4,268.3,251.9,532.6,660.1,,,40.0,17.6,91.7,67.9,124.8,,,95.7,77.2,406.9,114.6,358.8,,,256.8,128.5,593.3,255.6,447.3,,,,,,,,,,,,,,,,,131.8,257.6,89.2,172.5,524.0,,,129.2,159.8,28.5,217.7,170.2,,,322.2,231.1,148.3,420.3,624.7,,,58.9,26.4,88.8,97.3,193.0,,,213.1,237.6,410.3,167.3,797.5,,,722.3,435.7,867.9,489.6,1031.4,,,,,,,,,,,,,,,,,265.6,715.1,182.9,286.7,834.8,,,300.9,849.3,201.2,377.7,607.7,,,1061.0,1212.1,964.6,949.3,1936.3,,,159.0,164.5,682.4,194.2,635.8,,,303.1,312.8,573.6,229.2,1001.6,,,1173.6,886.5,1843.2,927.9,1300.2,,,,,,,,,,,,,,,,,597.6,2267.9,810.8,1559.2,1692.0,,,372.9,750.1,212.1,375.0,725.8,,,2357.6,1283.1,1878.7,1676.1,3145.8,,,672.1,284.3,1445.7,658.1,1154.7,,,1443.8,664.6,1418.9,805.9,1758.5,,,1997.6,1387.7,3038.9,1552.4,2149.7,,,,,,,,,,,,,,,,,,,,,,,,,,,,,,,,,,,,,,,,,,,,,,,,,,,,,,,,,,,,,,,,,,,,,,,,,,,,,,,,,,,,,,,,,,,,,,,,,,,,,,,,,,,,,,,,,,,,,,,,,,,,,,,,
20260911_高知_1R,20260911,74,高知,1,297.8,408.0,90.0,397.1,145.2,,,669.8,656.8,787.3,1150.8,1122.0,,,1068.6,1094.6,1320.0,1704.3,1496.0,,,123.5,447.3,595.7,523.9,238.3,,,669.8,739.8,1012.3,891.6,1294.6,,,278.1,1235.2,1307.2,369.9,1432.3,,,,,,,,,,,,,,,,,114.5,188.0,25.6,183.6,42.2,,,317.5,629.1,176.0,806.2,283.4,,,434.3,617.6,222.9,769.3,409.2,,,8.6,50.1,48.7,52.9,3.4,,,403.1,846.8,697.6,252.6,447.3,,,35.6,91.2,135.1,15.3,159.5,,,,,,,,,,,,,,,,,928.5,1320.0,928.5,1642.0,1512.8,,,961.7,2404.3,743.8,2362.1,1103.6,,,1547.6,2448.0,2448.0,2927.0,2864.7,,,1035.7,836.3,1980.0,1795.2,1683.0,,,2282.1,3205.8,3131.2,2805.0,4808.7,,,2040.0,1896.4,2747.8,1795.2,4080.1,,,,,,,,,,,,,,,,,1360.0,1235.2,1602.9,2009.6,2171.6,,,1035.7,1447.7,641.1,1748.6,968.6,,,1726.2,2640.0,3060.1,2805.0,3131.2,,,1307.2,735.7,1896.4,1771.6,1224.0,,,3366.1,2992.1,4080.1,3284.0,4343.3,,,2103.8,1333.1,2493.4,2103.8,3639.0,,,,,,,,,,,,,,,,,58.0,106.5,118.7,187.7,93.2,,,16.0,48.4,47.6,83.6,4.8,,,237.8,197.4,330.8,495.0,322.1,,,255.9,251.2,303.2,595.7,287.7,,,409.2,313.8,603.7,635.1,572.9,,,161.8,53.2,282.2,309.5,413.0,,,,,,,,,,,,,,,,,948.2,1417.3,1896.4,1131.4,1726.2,,,1181.0,1771.6,1923.4,620.4,1270.2,,,2321.4,2864.7,1447.7,2864.7,4080.1,,,3205.8,2747.8,2927.0,2927.0,4808.7,,,1307.2,787.3,2103.8,2040.0,1771.6,,,2404.3,1771.6,3366.1,3205.8,1980.0,,,,,,,,,,,,,,,,,367.8,1447.7,1213.0,558.6,1622.2,,,210.3,465.8,489.6,78.8,551.8,,,1795.2,1748.6,2927.0,1547.6,3740.1,,,1980.0,1748.6,3543.2,1642.0,4642.9,,,416.8,111.4,975.6,1043.7,1060.1,,,3131.2,2362.1,4808.7,4343.3,2540.4,,,,,,,,,,,,,,,,,,,,,,,,,,,,,,,,,,,,,,,,,,,,,,,,,,,,,,,,,,,,,,,,,,,,,,,,,,,,,,,,,,,,,,,,,,,,,,,,,,,,,,,,,,,,,,,,,,,,,,,,,,,,,,,,
20260911_高知_2R,20260911,74,高知,2,31.6,39.2,69.1,120.3,75.6,,,11.2,47.0,5.0,59.3,37.2,,,106.9,147.1,251.6,289.7,329.7,,,60.0,16.7,192.9,92.2,228.0,,,354.1,259.9,640.5,362.8,1037.8,,,172.7,150.5,476.4,291.6,898.5,,,,,,,,,,,,,,,,,54.6,58.2,142.2,236.9,95.5,,,62.3,80.3,299.5,315.0,133.8,,,50.5,67.8,145.2,58.0,27.4,,,471.4,656.2,503.3,577.0,587.2,,,550.9,622.7,259.9,1037.8,413.2,,,89.7,115.6,29.6,296.2,140.3,,,,,,,,,,,,,,,,,15.9,56.6,12.7,111.6,50.0,,,45.6,82.7,168.4,275.4,148.1,,,266.1,243.8,690.1,984.4,679.6,,,87.3,267.2,769.4,481.5,406.9,,,666.0,1217.1,2231.3,1834.0,2091.9,,,180.9,193.7,527.0,456.9,1054.1,,,,,,,,,,,,,,,,,261.4,520.9,847.3,765.0,852.7,,,157.3,211.8,390.3,153.5,92.2,,,611.3,417.0,1673.5,1394.6,1613.0,,,1593.8,1184.8,2308.3,1859.4,2526.0,,,1785.1,756.3,2390.7,2269.1,1940.3,,,898.5,300.1,1263.0,1613.0,1071.0,,,,,,,,,,,,,,,,,269.3,105.4,731.5,727.6,842.0,,,662.7,910.7,1062.5,1439.5,1940.3,,,173.6,806.5,1632.7,1593.8,1471.2,,,1299.8,1538.8,2348.8,2732.2,3113.5,,,2390.7,2390.7,3113.5,3265.4,3187.6,,,1521.3,2159.3,1859.4,3265.4,3042.7,,,,,,,,,,,,,,,,,1694.7,923.3,3113.5,1538.8,2625.1,,,2091.9,2789.2,1613.0,2526.0,2574.6,,,1088.4,3042.7,5149.3,2390.7,5820.9,,,4781.5,2479.3,5149.3,3265.4,5355.3,,,1716.4,2348.8,2479.3,2732.2,3825.2,,,3347.0,3042.7,5578.4,5149.3,5149.3,,,,,,,,,,,,,,,,,323.3,251.6,715.9,479.8,1275.0,,,173.4,193.7,105.2,646.7,383.6,,,228.0,349.5,796.9,649.9,1556.7,,,1071.0,351.3,1394.6,1593.8,1912.6,,,1062.5,1251.2,910.7,2269.1,2625.1,,,2789.2,1885.6,4057.0,3187.6,3718.9,,,,,,,,,,,,,,,,,,,,,,,,,,,,,,,,,,,,,,,,,,,,,,,,,,,,,,,,,,,,,,,,,,,,,,,,,,,,,,,,,,,,,,,,,,,,,,,,,,,,,,,,,,,,,,,,,,,,,,,,,,,,,,,,
20260911_高知_3R,20260911,74,高知,3,54.2,37.6,50.9,21.7,86.7,,,107.6,199.3,133.1,207.5,343.6,,,62.4,122.7,69.9,95.2,93.7,,,56.5,63.0,70.7,74.7,198.4,,,56.9,123.1,108.9,122.8,252.7,,,209.5,403.4,183.5,315.8,311.8,,,,,,,,,,,,,,,,,102.5,61.3,79.0,48.1,138.5,,,332.3,509.9,307.4,1227.4,791.9,,,119.4,373.5,180.1,596.6,219.1,,,148.5,187.6,177.3,550.7,394.1,,,354.3,1606.0,1087.6,1321.9,1790.0,,,582.5,1282.4,492.4,867.9,1847.8,,,,,,,,,,,,,,,,,340.9,356.5,185.1,445.2,522.3,,,592.5,722.0,388.7,1684.7,1145.6,,,363.3,620.3,186.7,1311.8,394.1,,,84.1,154.8,92.0,329.8,162.8,,,1004.9,3124.5,2203.1,1138.0,3182.3,,,899.7,1456.3,569.0,533.6,2070.4,,,,,,,,,,,,,,,,,42.8,86.2,44.6,106.0,41.2,,,72.3,234.1,143.3,338.9,128.8,,,164.7,321.2,111.5,638.8,149.0,,,49.1,85.2,50.5,257.6,58.7,,,486.8,993.3,1138.0,876.7,799.2,,,21.5,46.4,62.1,29.4,166.1,,,,,,,,,,,,,,,,,55.2,31.5,49.5,86.7,130.9,,,107.0,123.8,125.8,395.9,336.2,,,16.9,63.1,22.6,126.4,73.7,,,68.2,118.5,61.4,357.2,98.5,,,496.6,987.6,552.5,885.8,1292.0,,,299.9,482.7,235.7,226.7,872.3,,,,,,,,,,,,,,,,,396.8,734.3,519.1,701.4,1272.9,,,613.7,3242.4,2121.5,1909.4,4191.4,,,1374.7,2564.9,2643.8,2121.5,3905.6,,,876.7,2070.4,2643.8,2021.7,1909.4,,,1177.0,1771.6,1606.0,1930.8,3735.8,,,2771.7,4296.2,4406.3,2603.7,3905.6,,,,,,,,,,,,,,,,,590.5,788.2,236.0,523.9,999.1,,,928.9,1606.0,538.7,1087.6,3068.7,,,1138.0,2148.1,540.4,613.7,2962.9,,,101.6,178.4,215.8,104.4,578.6,,,650.9,976.4,525.5,259.9,1975.2,,,2643.8,4091.6,4191.4,2231.8,3242.4,,,,,,,,,,,,,,,,,,,,,,,,,,,,,,,,,,,,,,,,,,,,,,,,,,,,,,,,,,,,,,,,,,,,,,,,,,,,,,,,,,,,,,,,,,,,,,,,,,,,,,,,,,,,,,,,,,,,,,,,,,,,,,,,
20260911_高知_4R,20260911,74,高知,4,1609.6,607.2,1218.7,1343.4,323.7,,,2472.8,2215.8,2305.7,1741.0,1152.8,,,446.6,1796.0,820.3,716.9,161.7,,,1834.6,3159.7,2215.8,1961.1,1086.7,,,2132.8,2472.8,2941.7,2007.3,1609.6,,,158.1,570.6,83.5,343.3,371.7,,,,,,,,,,,,,,,,,646.3,256.9,394.9,400.5,111.5,,,620.4,459.9,325.6,225.6,230.8,,,180.7,284.3,255.0,149.1,41.7,,,443.1,497.4,429.7,188.5,159.0,,,267.4,237.3,180.9,122.3,74.9,,,30.3,139.8,21.9,76.6,62.2,,,,,,,,,,,,,,,,,1387.1,1523.4,1364.9,1354.1,893.3,,,922.2,656.2,682.4,523.3,444.3,,,696.4,394.0,690.7,491.7,234.0,,,1706.2,848.8,1292.6,397.7,653.7,,,503.3,296.7,382.5,147.9,200.2,,,337.2,270.8,189.1,400.5,341.2,,,,,,,,,,,,,,,,,328.1,932.3,609.3,666.5,127.0,,,282.9,429.7,431.9,289.6,80.1,,,870.5,443.1,754.9,347.5,232.1,,,1152.8,722.9,1193.1,526.6,480.6,,,732.2,348.9,369.3,255.8,198.8,,,23.7,33.6,92.0,101.3,66.7,,,,,,,,,,,,,,,,,1376.0,2215.8,1706.2,1376.0,974.9,,,1040.3,1034.0,1079.9,523.3,594.5,,,2215.8,1160.7,2132.8,515.4,1152.8,,,1917.1,1689.3,2666.0,1282.8,1046.7,,,947.9,475.2,366.9,677.0,370.9,,,741.8,609.3,1236.4,722.9,600.7,,,,,,,,,,,,,,,,,1254.5,1470.8,2055.7,1021.7,682.4,,,741.8,398.6,437.4,190.0,179.2,,,615.9,236.9,305.7,103.0,204.0,,,1027.8,566.8,501.8,434.1,300.9,,,447.8,161.8,167.7,374.1,138.0,,,306.3,212.4,380.8,200.9,189.1,,,,,,,,,,,,,,,,,23.0,164.8,14.2,100.1,77.4,,,32.1,168.9,21.8,111.3,108.4,,,229.0,239.6,118.6,384.2,289.1,,,5.6,10.2,48.2,66.4,41.0,,,233.0,243.4,568.7,185.6,287.2,,,157.2,154.5,324.9,102.1,175.9,,,,,,,,,,,,,,,,,,,,,,,,,,,,,,,,,,,,,,,,,,,,,,,,,,,,,,,,,,,,,,,,,,,,,,,,,,,,,,,,,,,,,,,,,,,,,,,,,,,,,,,,,,,,,,,,,,,,,,,,,,,,,,,,
20260911_高知_5R,20260911,74,高知,5,1700.3,519.0,1306.2,1992.3,357.9,,,2435.0,2348.1,2435.0,1429.2,1108.1,,,628.1,2098.3,1616.7,2191.5,505.7,,,1494.2,1992.3,1577.9,2435.0,384.4,,,2376.4,1408.8,2267.1,3081.9,1860.7,,,245.6,538.9,312.5,247.4,835.7,,,,,,,,,,,,,,,,,512.3,168.8,438.3,755.7,137.5,,,408.3,130.1,467.3,202.5,166.3,,,39.4,26.2,38.9,42.1,7.4,,,438.3,527.3,157.4,580.1,112.0,,,484.6,159.0,131.5,610.6,202.9,,,32.0,98.8,15.9,47.7,139.2,,,,,,,,,,,,,,,,,1643.6,1657.5,1826.3,727.8,986.2,,,1264.3,281.7,1248.3,337.7,348.4,,,1153.4,303.9,668.6,525.9,644.5,,,1603.5,1398.8,744.3,747.1,520.4,,,362.5,229.8,260.2,531.6,182.2,,,557.1,334.8,439.2,469.6,264.0,,,,,,,,,,,,,,,,,247.4,857.5,828.7,981.3,306.7,,,57.6,47.1,67.1,62.6,14.5,,,576.7,195.4,948.2,428.7,344.2,,,722.5,256.8,948.2,996.1,255.4,,,846.5,280.5,389.0,1217.5,491.8,,,108.1,43.7,172.4,165.3,294.3,,,,,,,,,,,,,,,,,1289.1,1745.5,1202.6,2739.4,377.1,,,738.7,684.8,248.1,1232.7,193.9,,,1878.5,1108.1,628.1,773.5,514.9,,,1001.2,460.8,1332.7,1730.1,467.3,,,2561.5,1083.7,498.0,1616.7,512.3,,,74.5,85.6,196.4,119.1,281.7,,,,,,,,,,,,,,,,,1289.1,655.2,1248.3,2376.4,749.9,,,680.1,195.8,221.6,1066.1,262.6,,,204.8,110.4,166.4,354.1,90.0,,,850.1,331.5,382.9,1494.2,451.3,,,1952.8,1083.7,733.2,1517.2,538.9,,,215.3,261.5,155.9,336.0,452.3,,,,,,,,,,,,,,,,,41.6,79.6,57.1,48.2,122.2,,,33.9,149.8,21.5,47.4,193.7,,,168.7,291.7,318.6,331.5,166.4,,,77.8,45.3,190.9,104.5,300.6,,,34.0,42.4,144.7,68.4,149.9,,,166.3,232.3,149.0,308.1,322.8,,,,,,,,,,,,,,,,,,,,,,,,,,,,,,,,,,,,,,,,,,,,,,,,,,,,,,,,,,,,,,,,,,,,,,,,,,,,,,,,,,,,,,,,,,,,,,,,,,,,,,,,,,,,,,,,,,,,,,,,,,,,,,,,
20260911_高知_6R,20260911,74,高知,6,675.8,631.3,524.5,2243.2,1177.9,,,563.8,292.8,287.2,1714.3,470.6,,,266.2,193.4,149.5,210.4,276.3,,,361.6,275.2,223.8,1255.1,569.8,,,2571.4,2342.9,830.1,2267.3,3978.5,,,1255.1,675.8,650.8,717.2,3055.9,,,,,,,,,,,,,,,,,766.7,729.6,420.0,2317.1,1115.6,,,395.6,195.2,67.4,954.1,117.4,,,467.5,255.9,183.9,734.7,428.5,,,150.0,43.4,60.7,363.5,72.4,,,3514.3,2451.8,2369.2,1405.7,2738.4,,,908.8,327.4,458.3,245.1,1585.4,,,,,,,,,,,,,,,,,353.2,167.7,182.7,1008.9,257.7,,,239.3,114.7,51.6,631.3,87.8,,,98.5,101.3,49.4,208.3,52.6,,,88.5,27.0,28.5,293.6,30.9,,,1585.4,1622.0,1054.3,1070.3,1018.6,,,70.9,36.4,26.4,21.9,275.6,,,,,,,,,,,,,,,,,141.9,108.6,85.7,127.2,180.6,,,254.9,196.1,124.0,511.8,346.2,,,110.3,116.6,55.8,254.9,50.6,,,82.7,64.8,40.0,206.5,94.5,,,282.6,537.9,407.8,395.6,535.1,,,349.1,304.7,114.4,236.9,798.7,,,,,,,,,,,,,,,,,175.1,157.9,145.5,786.7,349.1,,,70.0,15.2,19.7,206.9,36.6,,,82.4,25.0,27.0,273.4,31.4,,,70.2,42.1,31.0,168.8,71.7,,,1506.1,874.9,937.1,814.1,1424.7,,,383.3,128.9,71.4,178.9,850.2,,,,,,,,,,,,,,,,,4903.7,4392.9,1139.7,3978.5,5142.9,,,4583.9,3904.8,3347.0,2969.8,5406.7,,,4685.8,4303.3,2243.2,2540.5,3573.9,,,1028.5,2219.5,1849.6,1474.5,2317.1,,,3765.3,2811.4,2267.3,1849.6,4134.5,,,4685.8,4134.5,3978.5,3147.1,4134.5,,,,,,,,,,,,,,,,,1415.1,658.9,889.7,994.6,2774.4,,,1103.9,304.2,729.6,400.8,2173.8,,,187.9,83.0,75.8,58.8,584.1,,,650.8,629.4,216.9,433.8,897.2,,,656.8,290.4,143.2,422.5,1424.7,,,3244.0,3347.0,1849.6,2317.1,2317.1,,,,,,,,,,,,,,,,,,,,,,,,,,,,,,,,,,,,,,,,,,,,,,,,,,,,,,,,,,,,,,,,,,,,,,,,,,,,,,,,,,,,,,,,,,,,,,,,,,,,,,,,,,,,,,,,,,,,,,,,,,,,,,,,
20260911_高知_7R,20260911,74,高知,7,736.4,232.7,772.7,896.3,396.1,,,1032.0,866.6,933.7,1244.9,1452.4,,,157.0,399.1,294.8,360.6,258.4,,,765.1,617.5,446.9,821.2,962.3,,,519.4,679.0,407.4,716.2,739.9,,,648.2,1537.8,667.5,1318.1,1254.9,,,,,,,,,,,,,,,,,502.7,171.4,416.0,980.4,318.8,,,736.4,330.9,637.6,2148.8,746.9,,,36.1,64.4,33.0,146.6,8.1,,,297.0,554.2,150.6,1235.1,387.3,,,1005.5,2904.9,572.5,1686.7,1285.7,,,243.2,421.6,50.2,343.2,838.8,,,,,,,,,,,,,,,,,1179.4,1081.8,808.5,1705.0,1782.5,,,1153.4,682.0,838.8,3485.9,1005.5,,,608.0,497.9,344.0,2148.8,1074.4,,,421.6,426.2,308.7,992.8,750.5,,,1782.5,4128.0,3016.6,2341.2,5409.1,,,1824.0,1493.9,1254.9,1651.2,4753.5,,,,,,,,,,,,,,,,,34.8,78.3,55.9,122.3,71.3,,,12.0,19.8,13.5,77.8,3.2,,,107.2,69.7,56.6,419.4,151.2,,,54.3,38.0,38.8,208.8,97.7,,,174.2,280.6,648.2,439.3,478.2,,,98.7,26.1,164.0,135.8,399.1,,,,,,,,,,,,,,,,,464.0,411.7,295.9,906.7,772.7,,,535.3,465.4,210.2,1553.1,397.1,,,208.0,216.9,141.8,598.7,444.3,,,169.7,81.2,125.7,733.0,338.0,,,558.2,2571.5,1634.0,1206.6,2801.1,,,1413.2,980.4,1508.3,912.0,2614.4,,,,,,,,,,,,,,,,,608.0,768.9,347.8,667.5,852.5,,,1052.7,2530.0,857.1,1782.5,1067.1,,,1668.7,3921.6,3137.3,2658.7,4239.6,,,432.1,587.5,2064.0,1045.7,2011.0,,,986.5,2064.0,1553.1,1161.9,3201.3,,,1742.9,2904.9,5228.8,2852.1,4481.8,,,,,,,,,,,,,,,,,804.4,2306.8,817.0,1600.6,1782.5,,,576.7,852.5,119.8,871.4,1553.1,,,2178.6,1651.2,1388.1,2752.0,5602.3,,,552.3,122.7,800.3,656.3,1329.3,,,2119.8,1318.1,2341.2,1136.7,4357.3,,,1867.4,2959.7,4902.0,3201.3,4239.6,,,,,,,,,,,,,,,,,,,,,,,,,,,,,,,,,,,,,,,,,,,,,,,,,,,,,,,,,,,,,,,,,,,,,,,,,,,,,,,,,,,,,,,,,,,,,,,,,,,,,,,,,,,,,,,,,,,,,,,,,,,,,,,,
20260911_高知_8R,20260911,74,高知,8,287.0,379.1,213.3,276.3,92.0,,,224.1,191.7,36.4,80.3,82.6,,,563.8,457.7,415.5,310.5,126.3,,,127.1,30.2,169.7,87.8,50.5,,,148.1,58.6,112.6,56.4,37.1,,,54.3,85.8,35.2,63.1,74.3,,,,,,,,,,,,,,,,,508.5,828.1,316.3,370.3,192.6,,,464.9,1069.5,314.6,563.8,300.0,,,1282.2,1703.6,1538.7,1472.2,396.1,,,333.1,351.2,1032.4,781.9,217.8,,,769.3,803.0,1538.7,993.7,642.8,,,108.4,175.3,52.5,139.3,198.7,,,,,,,,,,,,,,,,,498.9,590.3,81.0,194.2,219.2,,,547.0,1378.6,295.5,561.1,370.9,,,1255.2,2004.2,616.2,1204.5,754.7,,,45.2,145.4,200.4,76.3,51.0,,,282.5,507.4,883.3,168.0,305.3,,,336.3,464.0,276.0,183.3,433.6,,,,,,,,,,,,,,,,,1419.6,1255.2,985.5,1119.7,588.9,,,1548.7,2315.5,1892.9,2110.6,475.1,,,1691.5,2510.5,1125.0,1753.7,1119.7,,,1296.2,1848.8,954.0,1569.1,681.4,,,1355.1,1939.0,1282.2,1538.7,803.0,,,407.0,318.0,386.5,406.3,414.0,,,,,,,,,,,,,,,,,157.1,47.7,235.2,129.1,64.2,,,240.4,228.4,511.8,470.4,141.2,,,23.4,84.6,71.3,55.1,24.7,,,514.0,839.8,254.0,666.2,185.1,,,233.1,539.6,132.3,468.5,200.9,,,72.7,99.8,55.8,44.2,138.1,,,,,,,,,,,,,,,,,345.1,121.3,208.1,119.8,78.0,,,655.2,733.8,1060.0,814.0,359.7,,,212.3,606.8,567.8,216.8,266.4,,,701.4,906.8,876.8,883.3,276.0,,,255.0,611.5,147.9,391.6,182.9,,,153.4,289.8,244.8,89.3,191.2,,,,,,,,,,,,,,,,,110.0,228.2,74.3,120.2,165.7,,,71.5,134.4,27.6,83.4,158.0,,,343.6,328.0,125.2,155.1,445.8,,,71.7,43.9,67.7,72.4,71.8,,,113.5,130.4,103.3,67.4,233.3,,,237.0,295.5,373.8,100.2,288.7,,,,,,,,,,,,,,,,,,,,,,,,,,,,,,,,,,,,,,,,,,,,,,,,,,,,,,,,,,,,,,,,,,,,,,,,,,,,,,,,,,,,,,,,,,,,,,,,,,,,,,,,,,,,,,,,,,,,,,,,,,,,,,,,
20260911_高知_9R,20260911,74,高知,9,19.8,7.9,48.3,108.5,78.8,,,98.1,192.0,150.6,594.5,210.1,,,56.9,196.7,341.5,346.5,393.4,,,207.7,164.5,398.2,885.3,569.5,,,871.1,1645.4,1011.7,1962.6,1894.1,,,409.2,555.9,754.1,822.7,1197.7,,,,,,,,,,,,,,,,,13.8,3.0,29.5,53.6,50.4,,,66.4,72.3,175.3,443.8,141.2,,,6.2,30.4,83.2,32.9,57.7,,,118.9,208.0,166.5,723.9,465.4,,,259.8,764.7,248.7,1139.1,861.8,,,182.6,316.3,179.2,717.6,930.8,,,,,,,,,,,,,,,,,256.9,542.9,447.5,1696.8,460.1,,,225.6,287.2,513.8,1044.2,404.2,,,733.7,592.3,963.8,2231.4,737.0,,,417.6,351.8,544.8,1224.8,233.3,,,4072.4,4654.2,4936.3,4402.6,4524.9,,,496.6,377.0,571.5,332.4,1679.3,,,,,,,,,,,,,,,,,77.2,291.4,610.1,443.8,429.8,,,42.3,137.1,346.5,153.8,212.9,,,569.5,455.0,1018.1,1679.3,747.2,,,1123.4,814.4,993.2,1962.6,1696.8,,,768.3,517.1,1428.9,1809.9,1480.8,,,1078.7,915.1,1335.2,2360.8,2062.0,,,,,,,,,,,,,,,,,351.8,461.4,743.8,1732.9,743.8,,,277.0,437.8,376.2,1392.2,810.4,,,432.0,327.1,490.6,1243.5,286.2,,,1085.9,1018.1,947.0,2143.4,2011.0,,,3465.9,3619.9,5817.8,3465.9,5090.5,,,1272.6,1428.9,993.2,2585.6,3465.9,,,,,,,,,,,,,,,,,1662.2,3619.9,1830.3,4791.1,3257.9,,,1234.0,3257.9,1011.7,3702.2,3541.2,,,6033.2,5090.5,4286.8,8573.6,6515.9,,,1732.9,958.2,3194.0,3073.5,3465.9,,,5617.1,4791.1,5090.5,4524.9,6515.9,,,3619.9,6265.3,5090.5,5254.7,7082.5,,,,,,,,,,,,,,,,,750.6,1494.4,1071.7,1597.0,2506.1,,,747.2,1093.2,866.4,1224.8,2506.1,,,1024.5,930.8,1147.1,904.9,2431.3,,,1566.3,1679.3,1790.0,2714.9,2714.9,,,1986.5,1662.2,1197.7,2961.7,4286.8,,,3788.3,4176.8,4936.3,3973.1,5429.9,,,,,,,,,,,,,,,,,,,,,,,,,,,,,,,,,,,,,,,,,,,,,,,,,,,,,,,,,,,,,,,,,,,,,,,,,,,,,,,,,,,,,,,,,,,,,,,,,,,,,,,,,,,,,,,,,,,,,,,,,,,,,,,,
20260911_高知_10R,20260911,74,高知,10,60.8,319.0,356.8,66.3,90.9,,,41.8,19.3,108.3,6.9,29.6,,,652.1,135.5,730.1,174.8,391.4,,,1178.3,411.8,1107.1,395.3,700.0,,,33.0,4.5,47.2,133.1,35.2,,,142.7,80.0,286.4,255.9,83.1,,,,,,,,,,,,,,,,,90.0,433.5,420.5,137.9,103.9,,,269.2,1030.4,1057.9,670.5,493.8,,,1565.9,1830.9,2833.6,2288.7,1700.2,,,975.5,1425.3,2380.2,1367.9,475.1,,,151.6,382.0,847.0,650.3,210.6,,,80.9,196.8,494.8,81.3,249.2,,,,,,,,,,,,,,,,,210.8,103.8,347.9,49.1,184.8,,,407.5,1337.2,2380.2,809.6,1081.9,,,321.6,1688.1,1166.8,621.4,1025.9,,,1220.6,3352.5,2266.9,2224.5,2106.4,,,110.7,700.0,449.1,1067.3,716.9,,,545.9,1190.1,1122.7,1128.0,1081.9,,,,,,,,,,,,,,,,,1535.6,398.7,1967.1,608.7,1155.4,,,2245.5,2704.8,4760.5,2902.7,3013.0,,,560.0,2000.2,2106.4,1196.1,1416.8,,,3305.9,3606.4,2800.3,3216.5,2356.7,,,929.7,2767.7,1279.7,2735.9,2087.9,,,1724.8,2867.8,2106.4,2644.7,2479.4,,,,,,,,,,,,,,,,,2051.9,1416.8,2833.6,1300.7,1081.9,,,2034.4,3013.0,4577.4,3400.4,853.1,,,2310.9,4103.9,4407.9,3013.0,1664.5,,,3719.1,6611.8,4250.5,4760.5,1967.1,,,1935.1,2800.3,3173.7,3131.9,1724.8,,,1017.2,641.5,1307.8,1608.2,1576.3,,,,,,,,,,,,,,,,,33.2,5.3,59.4,107.5,45.8,,,106.1,207.3,518.5,499.0,121.5,,,38.1,280.0,187.4,634.7,298.6,,,376.0,1107.1,475.1,1535.6,915.4,,,463.9,841.0,661.1,1352.4,521.9,,,169.6,224.7,311.9,615.0,271.1,,,,,,,,,,,,,,,,,237.0,263.8,668.6,330.5,354.7,,,115.6,300.5,691.9,113.6,355.2,,,510.7,944.5,1344.7,823.6,1190.1,,,1619.2,2800.3,2380.2,1239.7,2288.7,,,352.1,235.4,509.6,780.4,716.9,,,441.6,527.7,901.6,1442.5,736.9,,,,,,,,,,,,,,,,,,,,,,,,,,,,,,,,,,,,,,,,,,,,,,,,,,,,,,,,,,,,,,,,,,,,,,,,,,,,,,,,,,,,,,,,,,,,,,,,,,,,,,,,,,,,,,,,,,,,,,,,,,,,,,,,
20260911_高知_11R,20260911,74,高知,11,407.3,217.7,859.2,484.3,171.1,,,652.5,528.3,569.1,1190.9,227.9,,,186.9,367.8,714.5,822.0,94.5,,,1795.3,1028.1,1455.1,2173.9,696.6,,,1611.0,1734.9,1982.8,2673.1,731.9,,,56.7,70.8,37.8,116.1,140.3,,,,,,,,,,,,,,,,,439.0,198.1,1120.7,640.9,232.2,,,613.7,187.5,475.4,514.0,370.1,,,87.6,68.2,163.2,36.8,40.9,,,1768.9,845.1,761.3,1052.1,810.9,,,654.9,554.3,150.2,841.1,319.9,,,164.4,243.3,98.2,410.0,227.6,,,,,,,,,,,,,,,,,463.8,400.9,401.4,803.7,209.2,,,337.5,107.2,114.4,218.1,111.1,,,277.1,105.9,151.5,418.1,110.9,,,195.3,71.4,104.1,227.3,58.8,,,1409.6,878.0,1052.1,1090.2,891.0,,,126.8,97.7,104.6,76.0,296.7,,,,,,,,,,,,,,,,,78.8,168.3,359.0,314.8,49.7,,,33.8,27.4,66.8,16.4,10.9,,,180.7,78.5,117.6,355.1,82.6,,,620.0,332.9,268.5,777.7,329.8,,,652.5,193.6,656.1,939.7,348.6,,,22.2,17.3,35.7,89.4,86.2,,,,,,,,,,,,,,,,,1950.6,999.6,1555.4,2886.9,1046.0,,,2173.9,925.3,1288.8,1575.8,1086.9,,,541.8,365.6,419.1,835.3,245.8,,,1831.8,1270.6,816.4,2596.2,1227.4,,,3503.6,3165.5,2506.0,3537.9,2693.0,,,772.7,1019.4,505.4,939.7,1993.7,,,,,,,,,,,,,,,,,2343.3,2693.0,2957.9,3759.0,2374.1,,,1589.7,1331.6,562.9,1889.3,977.9,,,2754.7,2038.8,2615.0,2819.3,2421.9,,,2269.6,534.6,2050.4,2343.3,1223.2,,,3839.0,3084.3,2713.3,4347.8,3310.7,,,2050.4,1307.5,2213.9,1509.9,2754.7,,,,,,,,,,,,,,,,,39.0,44.9,28.9,68.6,87.2,,,88.8,133.2,51.6,211.9,127.2,,,89.6,128.5,89.2,87.5,325.1,,,36.5,30.5,59.0,142.6,140.8,,,248.1,305.5,165.2,311.3,614.7,,,386.3,432.1,750.2,420.1,871.6,,,,,,,,,,,,,,,,,,,,,,,,,,,,,,,,,,,,,,,,,,,,,,,,,,,,,,,,,,,,,,,,,,,,,,,,,,,,,,,,,,,,,,,,,,,,,,,,,,,,,,,,,,,,,,,,,,,,,,,,,,,,,,,,
20260911_高知_12R,20260911,74,高知,12,919.8,963.5,3039.5,1061.0,1561.2,,,635.5,346.0,1265.9,815.0,376.7,,,572.5,241.9,953.3,378.5,312.2,,,4695.4,2496.7,2496.7,3226.6,2410.6,,,1413.9,1137.7,853.7,2296.3,1344.4,,,1505.2,606.7,694.4,1176.0,1347.3,,,,,,,,,,,,,,,,,629.1,766.3,1466.6,587.4,1005.0,,,304.5,245.8,430.3,127.7,110.9,,,680.2,442.1,1600.9,490.4,714.1,,,2526.8,1449.7,2486.9,1527.1,1154.4,,,201.9,110.7,210.2,379.2,104.2,,,652.6,169.8,618.6,348.5,254.6,,,,,,,,,,,,,,,,,127.7,74.7,207.6,129.4,75.4,,,93.6,83.4,158.6,45.7,43.7,,,45.2,66.0,104.5,63.7,28.3,,,336.6,312.8,254.0,297.7,75.3,,,102.3,57.8,85.5,151.9,46.0,,,23.4,16.3,12.4,6.6,18.2,,,,,,,,,,,,,,,,,307.0,120.3,466.7,182.5,130.8,,,588.0,376.0,1358.9,467.1,607.3,,,117.7,191.3,285.3,168.0,62.2,,,1534.6,2338.9,947.5,1738.0,907.9,,,342.8,529.6,305.5,954.7,396.7,,,232.7,516.1,108.1,291.9,393.2,,,,,,,,,,,,,,,,,5519.2,3024.9,4399.9,4592.6,2287.9,,,4839.9,2199.9,2784.0,3658.0,1673.3,,,2287.9,2287.9,1388.9,2069.7,396.7,,,3515.0,2666.0,1501.6,4251.2,1395.0,,,4592.6,4839.9,2967.8,5471.2,1966.2,,,1271.0,1079.2,309.7,1019.7,1148.1,,,,,,,,,,,,,,,,,736.7,747.2,660.2,1802.8,786.4,,,327.3,129.0,280.2,570.9,150.9,,,390.3,174.0,274.0,564.8,144.9,,,420.5,544.2,409.0,1294.6,521.2,,,2247.1,1592.8,1523.4,2457.7,1182.6,,,616.2,356.8,185.3,524.3,415.0,,,,,,,,,,,,,,,,,1121.5,257.8,456.9,542.8,911.8,,,943.3,185.3,642.6,474.8,392.2,,,49.9,49.4,31.5,9.3,34.0,,,333.9,560.2,105.2,338.4,515.7,,,341.7,444.9,47.9,346.0,326.5,,,672.9,364.3,140.6,553.3,316.9,,,,,,,,,,,,,,,,,,,,,,,,,,,,,,,,,,,,,,,,,,,,,,,,,,,,,,,,,,,,,,,,,,,,,,,,,,,,,,,,,,,,,,,,,,,,,,,,,,,,,,,,,,,,,,,,,,,,,,,,,,,,,,,,
20260911_前橋_1R,20260911,22,前橋,1,4.2,14.6,23.4,14.2,75.8,,,10.9,51.7,66.5,54.7,247.4,,,40.2,90.6,155.0,169.5,654.7,,,54.6,155.1,262.2,232.0,1032.4,,,43.1,102.8,205.8,197.3,586.5,,,282.7,725.4,1813.5,940.8,1247.3,,,,,,,,,,,,,,,,,5.4,17.1,28.2,20.1,104.0,,,19.9,92.6,106.0,88.1,384.4,,,58.6,152.7,225.7,274.2,892.0,,,67.1,260.2,378.1,344.1,1241.6,,,60.7,148.5,318.6,312.1,753.1,,,361.7,813.1,1670.6,1129.7,1631.1,,,,,,,,,,,,,,,,,71.1,242.6,266.8,246.1,615.3,,,76.3,295.7,298.3,298.0,761.4,,,608.5,883.5,1158.2,2278.1,5104.7,,,1056.1,1002.3,2278.1,2964.0,6891.4,,,502.1,626.4,2439.4,1941.2,3627.0,,,3675.4,4922.4,8107.5,9505.3,7450.1,,,,,,,,,,,,,,,,,418.9,1163.1,1997.5,2012.0,4307.1,,,480.2,1338.1,2964.0,2439.4,5104.7,,,1650.6,1778.4,4446.0,7068.1,9999.9,,,2576.2,4446.0,4240.8,5865.0,8892.1,,,3489.3,4594.2,9505.3,8614.2,9999.9,,,9188.5,9999.9,9999.9,9999.9,9999.9,,,,,,,,,,,,,,,,,304.9,880.6,1420.9,1631.1,5742.8,,,328.1,991.5,1997.5,2072.6,6125.7,,,1490.0,1428.2,5011.9,7068.1,9999.9,,,2552.3,3534.0,1955.0,6410.6,8892.1,,,4114.2,5011.9,8107.5,6410.6,9188.5,,,9999.9,9999.9,9999.9,9999.9,9999.9,,,,,,,,,,,,,,,,,889.2,1371.4,3029.1,3321.1,5865.0,,,820.4,1875.2,2756.5,4176.6,3995.0,,,1680.8,2397.0,6891.4,8107.5,9999.9,,,4114.2,4594.2,9999.9,7875.9,9999.9,,,4518.9,7875.9,8107.5,7068.1,9999.9,,,9505.3,9999.9,9999.9,9999.9,9999.9,,,,,,,,,,,,,,,,,2576.2,4446.0,6563.2,9188.5,9844.8,,,2812.8,6264.9,7657.1,9999.9,9999.9,,,7450.1,7657.1,9999.9,9999.9,9999.9,,,9999.9,9999.9,9999.9,9999.9,9188.5,,,9999.9,9999.9,9999.9,9999.9,9999.9,,,9999.9,9999.9,9999.9,9999.9,9999.9,,,,,,,,,,,,,,,,,,,,,,,,,,,,,,,,,,,,,,,,,,,,,,,,,,,,,,,,,,,,,,,,,,,,,,,,,,,,,,,,,,,,,,,,,,,,,,,,,,,,,,,,,,,,,,,,,,,,,,,,,,,,,,,,
20260911_前橋_2R,20260911,22,前橋,2,3.7,5.2,12.7,21.7,109.3,,,8.9,25.6,39.1,67.6,234.3,,,13.5,22.9,54.6,87.7,336.6,,,26.0,49.1,68.7,174.5,564.2,,,61.2,86.2,161.4,226.3,685.3,,,381.3,695.0,1218.1,1325.9,1300.9,,,,,,,,,,,,,,,,,16.5,30.4,53.0,55.6,216.8,,,66.0,187.9,294.9,328.6,971.1,,,102.0,226.6,413.3,472.8,1552.8,,,170.1,430.9,554.2,712.2,1936.7,,,153.0,315.9,695.0,996.3,2238.5,,,742.9,3283.2,3447.4,4363.8,4722.5,,,,,,,,,,,,,,,,,150.2,354.6,510.7,561.4,1160.7,,,216.4,761.0,1296.0,929.2,3447.4,,,626.8,1051.0,2872.8,2427.7,6629.6,,,1424.5,2114.9,3554.0,2897.0,9999.9,,,1176.5,1498.8,3917.5,3706.9,9999.9,,,2631.6,9072.1,7334.9,9999.9,9999.9,,,,,,,,,,,,,,,,,443.6,764.3,1904.6,1581.3,4309.2,,,640.7,1373.4,3105.7,1466.9,7660.9,,,1244.5,1567.0,4104.0,5472.1,9999.9,,,4419.7,4996.2,6048.1,8017.2,9999.9,,,4008.6,3078.0,5560.3,6504.5,9999.9,,,9999.9,9999.9,9999.9,9999.9,9999.9,,,,,,,,,,,,,,,,,1473.2,2394.0,3162.7,4658.6,7494.4,,,1863.4,4008.6,4153.5,4536.0,9849.8,,,3252.2,4855.5,6048.1,5386.6,9999.9,,,5943.8,5303.7,7660.9,9999.9,9999.9,,,6048.1,5386.6,5843.1,8839.5,9999.9,,,9999.9,9999.9,9999.9,9999.9,9999.9,,,,,,,,,,,,,,,,,864.0,1894.1,3078.0,4658.6,6156.1,,,929.2,2849.1,2997.7,4153.5,7182.1,,,2498.1,3706.9,5303.7,5223.3,9999.9,,,4204.1,3078.0,6759.6,9317.3,9999.9,,,6629.6,5472.1,5472.1,9999.9,9999.9,,,9849.8,9999.9,9999.9,9999.9,9999.9,,,,,,,,,,,,,,,,,4855.5,4536.0,8618.5,9999.9,9999.9,,,5943.8,9999.9,9999.9,9999.9,9999.9,,,3482.2,9999.9,9999.9,9999.9,9999.9,,,9576.2,9999.9,9999.9,9999.9,9999.9,,,9999.9,9999.9,9999.9,9999.9,9999.9,,,9999.9,9999.9,9999.9,9999.9,9999.9,,,,,,,,,,,,,,,,,,,,,,,,,,,,,,,,,,,,,,,,,,,,,,,,,,,,,,,,,,,,,,,,,,,,,,,,,,,,,,,,,,,,,,,,,,,,,,,,,,,,,,,,,,,,,,,,,,,,,,,,,,,,,,,,
20260911_前橋_3R,20260911,22,前橋,3,17.3,64.8,116.6,55.6,146.0,,,4.1,6.4,19.4,14.9,27.9,,,81.6,35.5,100.0,202.1,281.1,,,197.3,72.9,130.8,321.5,471.6,,,91.2,54.6,222.0,314.6,417.7,,,259.5,126.3,547.3,565.4,378.1,,,,,,,,,,,,,,,,,100.6,233.6,417.1,195.4,616.5,,,152.6,392.6,882.3,411.0,1199.4,,,347.3,587.1,547.3,502.5,825.4,,,626.6,1931.1,676.3,990.5,3886.8,,,144.4,297.2,182.3,626.6,470.2,,,1566.6,2670.0,2132.3,3987.7,1764.6,,,,,,,,,,,,,,,,,12.1,14.8,31.2,30.5,48.1,,,70.8,195.3,402.9,214.1,569.6,,,107.7,241.3,318.5,566.5,834.3,,,211.6,642.3,239.7,836.6,1358.6,,,173.1,276.3,616.5,763.8,1158.7,,,518.6,1448.3,1633.2,1872.3,2147.2,,,,,,,,,,,,,,,,,229.1,136.8,241.7,483.5,596.2,,,385.7,627.9,464.5,714.0,903.1,,,203.6,485.0,470.9,1253.2,1535.2,,,185.0,207.4,333.7,523.9,446.3,,,1268.8,1077.3,1677.9,1462.1,3133.2,,,1968.3,2516.8,2558.8,1968.3,4324.7,,,,,,,,,,,,,,,,,602.0,288.5,342.6,845.8,1116.5,,,699.4,1872.3,771.5,1476.2,3886.8,,,385.7,1462.1,725.9,1981.0,3266.5,,,229.4,284.8,427.0,919.3,775.3,,,1238.1,1705.8,2717.3,1827.7,4324.7,,,1687.1,6533.1,4515.5,3266.5,6266.4,,,,,,,,,,,,,,,,,316.5,300.1,1003.4,990.5,1696.4,,,179.5,257.3,273.4,714.0,460.3,,,450.2,545.3,1590.9,2417.7,3232.1,,,1574.6,1003.4,2241.2,2766.2,5294.0,,,1329.2,1895.4,3070.5,2291.4,5386.9,,,4515.5,3744.6,5904.9,6675.1,6823.5,,,,,,,,,,,,,,,,,2436.9,1077.3,2766.2,1687.1,3198.5,,,3744.6,5033.7,5204.3,9905.0,5033.7,,,1505.1,4040.2,4515.5,4873.9,6020.7,,,3489.2,6397.0,4873.9,4952.5,8773.0,,,1907.1,9999.9,6823.5,5117.6,8773.0,,,4582.9,4582.9,5793.5,7489.2,6020.7,,,,,,,,,,,,,,,,,,,,,,,,,,,,,,,,,,,,,,,,,,,,,,,,,,,,,,,,,,,,,,,,,,,,,,,,,,,,,,,,,,,,,,,,,,,,,,,,,,,,,,,,,,,,,,,,,,,,,,,,,,,,,,,,
20260911_前橋_4R,20260911,22,前橋,4,16.0,38.4,41.1,171.6,372.4,,,30.1,44.1,136.4,237.8,558.0,,,26.3,27.6,143.6,19.9,284.1,,,260.2,343.4,524.5,815.3,1616.5,,,715.7,787.8,464.7,1595.9,1856.6,,,971.6,1293.2,1325.2,2798.8,1865.8,,,,,,,,,,,,,,,,,18.9,49.2,45.0,199.0,375.4,,,9.8,17.3,4.7,80.2,101.2,,,88.1,62.1,94.8,165.8,405.8,,,56.9,12.6,53.5,151.6,169.3,,,801.3,475.3,676.9,779.7,2005.5,,,1164.7,503.4,1202.0,817.0,2005.5,,,,,,,,,,,,,,,,,54.9,83.3,214.7,340.9,846.5,,,32.4,54.2,23.3,188.8,244.3,,,171.9,206.4,701.0,318.3,1704.7,,,477.7,190.0,701.0,1030.3,1589.1,,,1229.6,1175.6,2005.5,2419.6,4121.3,,,2106.9,1589.1,3472.5,4261.8,4167.1,,,,,,,,,,,,,,,,,68.0,130.3,294.6,71.0,347.2,,,102.5,204.6,404.1,163.2,939.9,,,215.4,288.4,899.3,420.4,1838.4,,,1053.4,1013.6,1637.7,1674.2,4464.7,,,207.7,294.1,882.4,1306.7,1030.3,,,1302.2,2106.9,3440.7,4213.9,1838.4,,,,,,,,,,,,,,,,,882.4,1245.9,2072.0,3676.8,5068.1,,,550.7,169.7,603.9,1179.3,1093.4,,,1150.4,336.0,1543.3,2193.2,2483.7,,,2373.6,1652.1,2884.9,4076.5,6818.9,,,5515.2,3906.6,6049.0,5137.5,5953.0,,,6049.0,3606.1,5682.4,6818.9,6579.6,,,,,,,,,,,,,,,,,2798.8,2095.1,1482.3,6049.0,5859.9,,,3024.5,2500.2,2907.2,4360.9,6945.1,,,2329.4,3074.0,4870.6,6049.0,9375.9,,,1198.2,2245.7,3826.9,5769.8,5000.5,,,7353.7,5137.5,6579.6,8523.6,6945.1,,,8334.2,7813.3,9999.9,7076.2,9147.3,,,,,,,,,,,,,,,,,3000.3,3538.1,2483.7,6818.9,5208.8,,,2551.2,1488.2,2435.3,1752.5,5137.5,,,4213.9,2419.6,7353.7,6697.1,9616.4,,,2641.1,3866.3,7076.2,7076.2,4213.9,,,7813.3,4167.1,6250.6,8153.0,8523.6,,,7076.2,8721.8,8153.0,6250.6,6945.1,,,,,,,,,,,,,,,,,,,,,,,,,,,,,,,,,,,,,,,,,,,,,,,,,,,,,,,,,,,,,,,,,,,,,,,,,,,,,,,,,,,,,,,,,,,,,,,,,,,,,,,,,,,,,,,,,,,,,,,,,,,,,,,,
20260911_前橋_5R,20260911,22,前橋,5,6.5,7.9,20.0,33.0,144.5,,,36.5,68.1,252.1,324.7,1091.2,,,37.9,63.9,318.1,418.7,1233.2,,,209.9,551.4,747.1,700.6,2081.5,,,338.7,777.7,889.1,1003.0,1837.3,,,909.3,2813.3,3365.5,3186.8,3601.1,,,,,,,,,,,,,,,,,6.9,7.4,12.0,26.9,138.7,,,50.4,78.6,180.5,233.0,1062.2,,,48.3,59.1,222.5,273.2,1184.5,,,156.5,359.7,395.2,296.8,1572.5,,,318.4,630.6,678.1,559.1,1052.9,,,1040.7,2748.9,3104.4,3637.5,2279.1,,,,,,,,,,,,,,,,,109.9,124.6,452.4,490.6,1358.9,,,114.3,141.7,419.2,606.2,1674.9,,,64.4,99.3,200.6,189.8,612.4,,,714.5,682.0,525.7,1128.8,3565.4,,,1014.4,1204.3,874.0,1250.3,2449.7,,,4046.2,4445.8,2976.1,6317.7,3914.2,,,,,,,,,,,,,,,,,46.7,54.4,399.2,406.9,1052.9,,,68.2,84.1,334.3,367.0,1369.2,,,27.1,37.1,81.9,92.3,302.6,,,632.8,942.7,451.8,739.4,2500.7,,,700.6,970.6,515.1,791.4,1519.4,,,2880.9,3496.2,2130.8,3530.5,2880.9,,,,,,,,,,,,,,,,,545.6,1121.8,1295.3,992.0,3957.2,,,506.4,1343.7,1506.7,928.1,3158.8,,,1364.0,1875.5,1017.2,1452.0,3830.9,,,1374.4,1800.5,796.7,1401.2,3565.4,,,566.2,747.1,648.8,758.1,279.8,,,3830.9,4558.3,4046.2,3751.1,1034.8,,,,,,,,,,,,,,,,,1281.5,1765.2,2904.1,1500.4,3334.3,,,1154.2,1885.4,2384.8,1475.8,2791.5,,,1782.7,2279.1,2046.0,2308.4,3397.2,,,2976.1,2647.8,1915.4,2069.6,2707.6,,,829.7,992.0,981.2,1157.9,420.6,,,2835.5,2880.9,3051.8,2466.5,847.3,,,,,,,,,,,,,,,,,5072.0,9002.8,9233.6,9999.9,9732.7,,,5456.2,7661.9,7828.5,8783.2,7202.2,,,9233.6,9999.9,9002.8,9999.9,8374.7,,,9999.9,8574.1,7661.9,7202.2,6668.7,,,8783.2,8783.2,8374.7,6547.5,1659.5,,,7202.2,5903.4,6925.2,5903.4,1446.2,,,,,,,,,,,,,,,,,,,,,,,,,,,,,,,,,,,,,,,,,,,,,,,,,,,,,,,,,,,,,,,,,,,,,,,,,,,,,,,,,,,,,,,,,,,,,,,,,,,,,,,,,,,,,,,,,,,,,,,,,,,,,,,,
20260911_前橋_6R,20260911,22,前橋,6,7.5,68.2,3.5,34.3,103.4,,,29.5,347.7,69.6,113.3,608.4,,,384.9,934.5,813.3,1250.1,1007.2,,,12.9,53.5,224.3,131.7,345.8,,,194.0,336.0,976.8,407.9,1530.6,,,380.0,1211.1,865.8,875.6,1833.8,,,,,,,,,,,,,,,,,8.5,84.6,4.5,43.9,93.4,,,32.2,322.3,84.9,72.8,286.5,,,566.7,825.4,1309.0,1214.9,1092.0,,,53.7,203.5,717.3,423.0,860.1,,,270.7,321.8,1113.9,808.2,1472.6,,,343.1,553.0,526.0,1218.7,1167.5,,,,,,,,,,,,,,,,,78.7,523.2,163.9,167.1,879.5,,,85.2,744.7,212.3,184.9,417.1,,,1398.4,1727.9,2591.8,1647.3,3085.5,,,478.7,593.5,1743.4,895.8,2314.1,,,216.9,265.9,809.9,461.7,1002.0,,,1825.2,1851.3,2901.3,4225.8,2184.1,,,,,,,,,,,,,,,,,1250.1,2300.4,2492.1,2879.8,1767.1,,,1647.3,2945.3,4092.4,3267.0,2234.3,,,2541.0,3774.5,4225.8,3351.5,3599.8,,,3702.6,6171.1,5325.7,4984.3,5049.1,,,3887.8,3410.3,3566.8,5325.7,3566.8,,,1393.4,1860.2,1973.5,2492.1,2014.4,,,,,,,,,,,,,,,,,60.8,249.6,635.2,441.2,1036.7,,,111.5,521.1,1574.0,895.8,2524.5,,,566.7,747.6,2184.1,1345.2,3849.3,,,2460.6,4180.4,5049.1,5475.8,4859.7,,,1495.3,1751.2,2247.2,3351.5,5183.7,,,2901.3,4272.3,5325.7,4799.7,6171.1,,,,,,,,,,,,,,,,,471.2,644.7,2260.3,1050.7,3061.2,,,484.7,646.8,2492.1,1647.3,3267.0,,,475.2,586.3,1171.0,1025.8,1626.7,,,4319.8,4319.8,3213.0,6171.1,3738.2,,,2136.1,2356.2,1963.5,5399.7,6270.6,,,4573.9,4628.3,3471.2,3135.3,7335.5,,,,,,,,,,,,,,,,,599.0,1467.1,1398.4,1287.3,3267.0,,,518.3,989.2,1174.5,2067.9,2923.1,,,1751.2,1953.6,2247.2,4468.7,2591.8,,,828.9,1042.3,1036.7,1851.3,1626.7,,,3160.8,4049.8,5981.2,4921.2,6074.7,,,4468.7,4008.0,3967.1,3633.4,5253.8,,,,,,,,,,,,,,,,,,,,,,,,,,,,,,,,,,,,,,,,,,,,,,,,,,,,,,,,,,,,,,,,,,,,,,,,,,,,,,,,,,,,,,,,,,,,,,,,,,,,,,,,,,,,,,,,,,,,,,,,,,,,,,,,
20260911_前橋_7R,20260911,22,前橋,7,7.0,1.7,26.8,35.2,39.3,,,21.1,77.1,40.0,143.9,120.3,,,29.5,178.3,348.5,406.3,360.1,,,184.9,145.9,456.2,340.9,421.7,,,222.4,370.9,549.1,520.1,528.1,,,146.3,251.9,399.7,440.5,432.2,,,,,,,,,,,,,,,,,43.2,7.0,101.3,118.2,120.3,,,193.9,586.4,764.1,1265.1,1354.4,,,122.3,634.9,1062.7,854.9,1207.6,,,790.3,1370.6,1495.2,2132.0,2272.3,,,788.5,2031.7,1897.7,2521.1,3003.4,,,510.1,1780.3,1170.8,2415.3,2242.8,,,,,,,,,,,,,,,,,60.2,205.5,106.6,334.0,346.0,,,153.9,439.4,582.4,1059.4,1089.5,,,776.1,1066.0,1735.6,2785.4,2927.0,,,172.1,289.5,861.3,377.0,686.6,,,1242.4,1817.8,3228.0,1541.9,2214.0,,,807.0,1577.1,3003.4,1718.3,2484.8,,,,,,,,,,,,,,,,,228.8,1203.4,2577.5,2878.3,2698.4,,,250.6,1762.2,3754.3,3924.9,4063.4,,,1433.1,2043.7,3258.4,5756.6,8634.9,,,5313.7,6907.9,4864.7,6516.9,9999.9,,,5396.8,6167.7,8223.7,7195.7,9999.9,,,5313.7,6516.9,9999.9,8856.3,8424.2,,,,,,,,,,,,,,,,,1409.7,904.1,2415.3,2831.1,3139.9,,,1877.1,2132.0,3139.9,5570.9,6167.7,,,689.4,1303.3,2302.6,1343.9,1718.3,,,4864.7,6516.9,6907.9,8424.2,9999.9,,,5233.2,6396.2,2831.1,7508.6,2878.3,,,6279.9,7675.4,4111.8,9999.9,4372.1,,,,,,,,,,,,,,,,,1147.4,1744.4,3321.1,3635.7,3198.1,,,1463.5,3924.9,3924.9,5662.2,5155.1,,,1940.4,4016.2,5005.7,3386.2,4864.7,,,6279.9,6907.9,9594.3,9999.9,9999.9,,,5005.7,6279.9,3754.3,9089.3,4428.1,,,4063.4,4372.1,5155.1,6167.7,3795.5,,,,,,,,,,,,,,,,,496.9,760.7,1279.2,2199.9,1877.1,,,651.6,2031.7,1789.6,3970.0,3111.6,,,941.1,2382.0,4934.2,3056.6,4111.8,,,3560.7,4428.1,7348.8,8223.7,6772.4,,,4864.7,5570.9,3674.4,8634.9,4605.2,,,3289.4,3597.8,4016.2,5955.1,3674.4,,,,,,,,,,,,,,,,,,,,,,,,,,,,,,,,,,,,,,,,,,,,,,,,,,,,,,,,,,,,,,,,,,,,,,,,,,,,,,,,,,,,,,,,,,,,,,,,,,,,,,,,,,,,,,,,,,,,,,,,,,,,,,,,
20260911_前橋_8R,20260911,22,前橋,8,4.6,13.7,7.7,4.5,4.4,,,36.2,106.7,79.7,39.9,294.5,,,109.9,121.2,84.0,143.1,500.7,,,45.9,70.5,38.0,79.8,332.0,,,39.5,29.8,82.8,81.4,346.9,,,185.2,569.5,813.9,715.4,627.2,,,,,,,,,,,,,,,,,45.1,118.8,87.3,71.8,51.0,,,288.8,1318.2,1534.6,901.5,1870.0,,,868.4,2528.7,1914.6,2871.9,4467.4,,,651.6,2246.1,1627.8,2185.1,3069.2,,,409.4,1086.6,2528.7,2271.5,3141.1,,,566.2,2645.1,3526.9,4323.3,2913.5,,,,,,,,,,,,,,,,,259.7,761.4,551.5,293.0,1391.2,,,446.2,1647.8,1771.2,1036.2,2150.1,,,1861.4,3092.8,2662.7,2560.9,8376.4,,,1148.7,2512.9,2161.6,1505.8,5743.8,,,417.0,810.6,1396.0,1119.9,2560.9,,,4061.3,6185.6,7586.2,9999.9,5743.8,,,,,,,,,,,,,,,,,1158.7,1961.3,1225.8,2577.3,4844.2,,,1634.4,3165.9,3141.1,5827.0,6185.6,,,2577.3,3268.8,2851.5,4467.4,9573.0,,,1038.9,1675.2,1870.0,2138.6,6001.0,,,3941.8,5507.8,3526.9,3903.5,9999.9,,,7445.7,9999.9,9573.0,8041.3,9999.9,,,,,,,,,,,,,,,,,307.6,736.3,362.8,750.1,2451.6,,,754.3,2481.9,1835.9,2831.4,3866.0,,,1386.4,2871.9,2544.7,1162.0,7310.3,,,545.5,983.0,1301.1,1386.4,3268.8,,,1451.5,2956.3,1634.4,2337.6,6001.0,,,6701.1,9350.4,9350.4,7445.7,9806.5,,,,,,,,,,,,,,,,,293.2,386.2,1309.6,946.0,2716.6,,,501.9,961.8,3757.6,2831.4,3242.4,,,435.6,866.5,1288.6,1264.3,2892.5,,,4370.3,6282.3,3688.7,4232.3,9999.9,,,1229.5,3242.4,1483.6,1564.4,6382.0,,,6701.1,9573.0,6701.1,9999.9,9350.4,,,,,,,,,,,,,,,,,1284.5,3866.0,4568.9,4903.2,7310.3,,,1420.7,7310.3,9137.9,9999.9,9137.9,,,5507.8,9573.0,9999.9,9999.9,9806.5,,,9999.9,9999.9,9999.9,9999.9,9999.9,,,9350.4,9999.9,9999.9,9573.0,9999.9,,,7883.7,8041.3,6701.1,9999.9,7053.8,,,,,,,,,,,,,,,,,,,,,,,,,,,,,,,,,,,,,,,,,,,,,,,,,,,,,,,,,,,,,,,,,,,,,,,,,,,,,,,,,,,,,,,,,,,,,,,,,,,,,,,,,,,,,,,,,,,,,,,,,,,,,,,,
20260911_前橋_9R,20260911,22,前橋,9,84.0,88.4,134.2,104.8,102.2,,,36.7,39.5,14.6,20.6,19.8,,,84.8,95.8,88.8,91.4,54.8,,,107.4,26.8,70.1,45.5,56.1,,,84.7,33.3,61.4,43.7,45.0,,,29.2,11.1,13.8,22.6,16.3,,,,,,,,,,,,,,,,,433.5,429.7,620.7,558.3,496.5,,,509.8,1061.8,850.6,1155.7,1428.6,,,396.3,734.0,972.9,522.7,898.9,,,869.5,1198.6,1541.0,1684.0,2648.8,,,673.6,1126.0,828.8,1544.2,1618.1,,,807.3,1707.1,1776.4,2885.0,2202.1,,,,,,,,,,,,,,,,,161.6,167.4,48.5,66.9,105.6,,,339.5,735.5,461.7,629.7,1009.9,,,378.2,657.5,335.5,555.0,1064.8,,,63.4,207.2,110.8,101.2,173.6,,,92.4,329.4,306.1,107.9,404.0,,,331.6,1033.7,1132.9,490.3,739.8,,,,,,,,,,,,,,,,,287.9,530.9,691.1,680.3,233.8,,,245.3,567.3,596.4,401.9,520.5,,,715.0,954.2,654.0,1257.3,1488.6,,,801.2,1039.5,577.0,1726.9,2090.8,,,914.4,923.4,1431.4,1802.2,2540.3,,,575.2,1174.0,2067.5,2706.6,2497.7,,,,,,,,,,,,,,,,,367.0,100.1,373.4,184.5,177.6,,,728.3,920.0,1412.3,1482.7,2132.7,,,55.2,272.2,96.7,117.7,173.1,,,665.7,731.1,461.4,1353.3,1604.1,,,238.3,901.1,257.2,942.1,847.7,,,480.8,2170.0,671.1,1860.8,1129.4,,,,,,,,,,,,,,,,,223.1,88.4,152.4,100.7,95.1,,,491.3,667.5,626.0,1085.0,1234.3,,,106.2,343.9,337.1,137.2,451.9,,,391.9,433.2,526.0,698.9,945.7,,,225.8,661.6,226.3,706.8,708.8,,,314.9,1092.9,765.7,936.2,942.1,,,,,,,,,,,,,,,,,259.3,132.2,106.8,184.6,109.5,,,745.8,1643.1,2050.5,2953.6,2276.2,,,471.3,1560.4,2176.4,1131.2,1506.7,,,484.9,1632.3,2355.4,3101.3,2448.4,,,650.0,2370.4,1074.0,2706.6,1943.4,,,477.1,1938.3,1391.2,2304.4,1491.6,,,,,,,,,,,,,,,,,,,,,,,,,,,,,,,,,,,,,,,,,,,,,,,,,,,,,,,,,,,,,,,,,,,,,,,,,,,,,,,,,,,,,,,,,,,,,,,,,,,,,,,,,,,,,,,,,,,,,,,,,,,,,,,,
20260911_川崎_1R,20260911,34,川崎,1,882.1,1275.7,740.3,2764.1,1135.9,,,891.6,647.8,1011.2,1564.5,511.8,,,2126.2,1201.7,2126.2,2674.9,1564.5,,,999.0,1535.6,1507.6,4606.8,1151.7,,,2764.1,2022.5,2512.8,3769.2,2764.1,,,382.1,360.5,571.8,325.1,1256.4,,,,,,,,,,,,,,,,,1105.6,1974.3,1237.6,2961.5,1429.7,,,964.2,423.0,1337.4,1219.4,321.4,,,1974.3,846.1,2241.1,1928.4,1135.9,,,1480.7,1507.6,2764.1,3455.1,1727.5,,,2591.3,1884.6,1974.3,3769.2,2022.5,,,782.2,365.2,679.6,931.7,1316.2,,,,,,,,,,,,,,,,,391.1,186.7,521.5,560.2,147.8,,,224.1,121.4,484.9,515.0,93.5,,,94.5,89.0,139.3,79.8,10.5,,,789.7,733.8,334.3,1049.6,307.1,,,458.1,633.0,196.0,789.7,199.3,,,30.3,32.5,3.3,43.4,51.8,,,,,,,,,,,,,,,,,1884.6,837.6,2073.0,2241.1,1480.7,,,1507.6,609.7,1928.4,1507.6,931.7,,,334.3,300.4,423.0,283.9,59.3,,,2591.3,3316.9,1594.6,2073.0,2369.2,,,1884.6,1692.3,618.8,1884.6,821.0,,,674.1,541.9,126.9,760.7,496.5,,,,,,,,,,,,,,,,,1928.4,2512.8,1928.4,3769.2,1359.3,,,1480.7,1928.4,1275.7,2438.9,1151.7,,,2369.2,1802.6,1076.9,3605.3,1036.5,,,1692.3,3189.3,2126.2,2512.8,1454.7,,,5182.6,3948.7,3769.2,2764.1,3189.3,,,1625.9,1658.4,1219.4,1884.6,2591.3,,,,,,,,,,,,,,,,,2073.0,1974.3,2303.4,3455.1,1091.0,,,2073.0,1692.3,1692.3,3316.9,975.5,,,953.1,1120.5,564.1,1594.6,545.5,,,2126.2,1842.7,921.3,2182.1,999.0,,,3769.2,3605.3,2859.4,2438.9,1316.2,,,363.6,354.3,450.6,552.8,382.1,,,,,,,,,,,,,,,,,72.1,71.2,82.6,87.1,317.7,,,98.0,100.7,70.0,102.5,285.9,,,21.0,25.7,4.9,28.7,65.2,,,103.3,77.1,29.8,175.3,89.4,,,129.5,126.6,151.5,139.6,479.3,,,258.3,252.8,254.3,283.9,286.9,,,,,,,,,,,,,,,,,,,,,,,,,,,,,,,,,,,,,,,,,,,,,,,,,,,,,,,,,,,,,,,,,,,,,,,,,,,,,,,,,,,,,,,,,,,,,,,,,,,,,,,,,,,,,,,,,,,,,,,,,,,,,,,,
20260911_川崎_2R,20260911,34,川崎,2,536.6,235.1,513.4,285.2,530.6,,,454.4,122.5,655.0,1396.8,989.4,,,108.5,58.3,171.4,376.9,342.9,,,629.0,1067.2,505.2,1557.1,1978.9,,,922.2,2567.2,1337.8,2374.6,2110.8,,,913.3,1356.9,840.5,1417.7,1862.5,,,,,,,,,,,,,,,,,355.7,151.0,303.4,134.7,203.3,,,203.8,86.9,363.9,147.2,167.5,,,56.7,58.8,82.9,65.0,61.4,,,181.6,333.2,124.4,147.7,186.2,,,116.5,255.3,98.5,98.1,44.5,,,136.0,132.6,50.9,100.0,28.1,,,,,,,,,,,,,,,,,256.0,87.1,519.0,1010.5,714.1,,,169.9,83.1,279.3,91.5,106.0,,,16.0,28.2,108.5,163.7,73.2,,,791.5,683.3,372.5,1666.4,1507.7,,,1792.2,608.8,949.8,1301.1,2064.9,,,507.9,242.3,314.5,791.5,1032.4,,,,,,,,,,,,,,,,,26.7,13.4,49.6,113.3,94.7,,,37.6,42.7,73.5,89.6,71.2,,,5.9,13.4,37.2,129.7,48.8,,,103.1,113.6,136.6,412.9,411.2,,,450.1,389.2,659.6,848.1,949.8,,,199.9,128.5,168.1,461.1,575.6,,,,,,,,,,,,,,,,,742.0,725.0,395.7,1266.5,1010.5,,,262.3,328.6,148.4,221.9,252.6,,,1079.4,887.7,371.0,2374.6,1899.7,,,168.4,183.3,158.5,357.0,407.6,,,1484.1,683.3,2064.9,913.3,1337.8,,,1484.1,999.8,1899.7,1266.5,2064.9,,,,,,,,,,,,,,,,,2209.0,2499.6,1978.9,3799.5,2638.5,,,818.8,1021.3,605.0,562.0,346.6,,,2499.6,1978.9,1609.9,5936.7,3799.5,,,1759.0,1202.3,1899.7,2261.6,3392.4,,,3653.3,1158.3,3957.8,1862.5,3064.1,,,2110.8,683.3,3275.4,2499.6,2878.4,,,,,,,,,,,,,,,,,949.8,1609.9,979.2,2316.7,1792.2,,,294.0,240.4,128.1,319.8,104.9,,,879.5,572.2,350.5,1484.1,1266.5,,,418.4,234.5,295.9,759.9,989.4,,,2374.6,989.4,1826.6,1666.4,2638.5,,,1609.9,472.5,1609.9,1899.7,2064.9,,,,,,,,,,,,,,,,,,,,,,,,,,,,,,,,,,,,,,,,,,,,,,,,,,,,,,,,,,,,,,,,,,,,,,,,,,,,,,,,,,,,,,,,,,,,,,,,,,,,,,,,,,,,,,,,,,,,,,,,,,,,,,,,
20260911_川崎_3R,20260911,34,川崎,3,3704.4,2569.1,3185.8,4551.1,4551.1,,,2611.3,592.1,2794.5,2896.1,615.0,,,1409.6,370.4,1397.2,1361.4,124.4,,,2182.0,5309.6,3462.8,5688.9,4826.9,,,4084.3,3792.6,3318.5,5138.3,2949.8,,,1896.3,479.7,158.8,1592.9,1385.1,,,,,,,,,,,,,,,,,4084.3,2569.1,3123.3,4084.3,3539.7,,,2569.1,816.8,720.7,6126.5,1397.2,,,1409.6,689.5,607.9,3318.5,488.6,,,1874.0,517.1,598.8,3063.2,937.0,,,6126.5,9999.9,6371.6,6371.6,9999.9,,,1712.7,1561.6,650.1,1592.9,4826.9,,,,,,,,,,,,,,,,,1206.7,289.6,1274.3,995.5,309.3,,,953.8,373.0,369.5,1991.1,513.8,,,76.9,201.6,276.0,341.0,24.4,,,1171.2,534.5,660.9,2212.3,792.4,,,2123.8,5492.7,1397.2,3318.5,2342.5,,,107.2,343.2,39.6,412.6,381.9,,,,,,,,,,,,,,,,,294.9,110.7,310.5,198.8,21.1,,,306.3,132.1,117.9,847.2,120.9,,,42.6,73.8,96.5,271.8,21.6,,,438.8,196.6,211.2,1145.9,212.3,,,1197.6,2095.9,1054.9,2413.4,692.5,,,2.0,24.6,8.0,42.0,30.9,,,,,,,,,,,,,,,,,2308.5,4685.0,3982.2,6637.0,3318.5,,,2275.5,744.3,730.6,4551.1,1047.9,,,3462.8,971.2,1642.1,4305.1,2342.5,,,2413.4,1274.3,1488.6,5138.3,894.8,,,7240.4,6637.0,7240.4,9999.9,8849.4,,,2794.5,2095.9,3123.3,1625.4,6371.6,,,,,,,,,,,,,,,,,6371.6,5492.7,5138.3,6925.6,3620.2,,,6637.0,9999.9,9999.9,7585.2,9999.9,,,4191.8,9999.9,2450.6,7240.4,4977.8,,,5688.9,9999.9,3123.3,9999.9,3063.2,,,7964.5,9955.6,9370.0,9999.9,9999.9,,,3389.1,9999.9,7585.2,3250.8,9999.9,,,,,,,,,,,,,,,,,666.4,269.0,79.4,788.5,504.0,,,989.3,1027.6,437.6,1284.5,3462.8,,,210.7,547.3,68.8,758.5,905.0,,,12.7,82.8,23.9,132.8,168.9,,,1731.4,1810.1,1546.5,777.0,3620.2,,,1830.9,5138.3,2611.3,1129.7,4685.0,,,,,,,,,,,,,,,,,,,,,,,,,,,,,,,,,,,,,,,,,,,,,,,,,,,,,,,,,,,,,,,,,,,,,,,,,,,,,,,,,,,,,,,,,,,,,,,,,,,,,,,,,,,,,,,,,,,,,,,,,,,,,,,,
20260911_川崎_4R,20260911,34,川崎,4,240.0,650.2,106.7,475.2,179.3,,,141.2,424.9,14.8,131.0,101.8,,,1539.9,1405.0,844.2,2047.7,2092.2,,,17.5,3.2,153.4,42.4,9.2,,,588.6,289.8,1374.9,182.6,595.9,,,88.7,89.0,792.1,32.0,306.0,,,,,,,,,,,,,,,,,718.2,1119.1,355.7,1188.1,358.4,,,1782.2,2916.4,1905.8,3318.7,1964.1,,,1425.8,2872.9,2092.2,1300.5,687.4,,,389.6,1069.3,1069.3,1552.3,328.4,,,1850.8,2789.6,1833.2,1868.8,1405.0,,,143.0,564.4,142.6,174.5,562.8,,,,,,,,,,,,,,,,,773.0,1703.4,119.7,648.1,578.0,,,1659.3,1492.1,2467.7,4184.5,1539.9,,,4694.8,5065.4,7129.1,4476.4,2212.5,,,224.3,1798.9,3631.8,1527.6,1040.4,,,1659.3,3564.5,3631.8,2115.2,4476.4,,,952.9,2406.0,5202.3,1469.3,4374.7,,,,,,,,,,,,,,,,,4010.1,3564.5,3155.5,5661.3,4812.1,,,3007.6,4374.7,4935.5,2916.4,1564.9,,,8369.0,8020.3,8749.4,9999.9,9624.3,,,3631.8,5832.9,7699.5,6015.2,4694.8,,,7129.1,5346.8,9999.9,4812.1,5499.6,,,4935.5,1944.3,6015.2,3928.3,4583.0,,,,,,,,,,,,,,,,,41.7,8.2,196.2,76.9,13.2,,,168.9,520.2,452.9,863.1,135.0,,,103.1,506.5,1125.6,661.4,382.6,,,1436.4,2436.5,3564.5,3155.5,1159.5,,,320.8,903.6,663.7,1673.8,460.4,,,29.4,64.5,141.0,315.0,252.9,,,,,,,,,,,,,,,,,1106.2,492.2,2566.5,335.3,1291.8,,,1659.3,3208.1,2187.3,1887.1,1327.5,,,1125.6,2673.4,3208.1,1703.4,4095.4,,,5661.3,4010.1,5065.4,4476.4,3849.7,,,448.6,2026.1,1447.2,3437.2,1046.1,,,1539.9,1617.5,3631.8,3564.5,1318.4,,,,,,,,,,,,,,,,,82.4,88.6,472.9,30.2,308.9,,,57.9,238.5,105.2,71.9,283.0,,,334.7,760.8,1552.3,441.4,1527.6,,,1850.8,1075.3,3055.3,1798.9,2406.0,,,32.3,79.8,180.0,404.3,310.9,,,661.4,802.0,1447.2,1765.9,635.2,,,,,,,,,,,,,,,,,,,,,,,,,,,,,,,,,,,,,,,,,,,,,,,,,,,,,,,,,,,,,,,,,,,,,,,,,,,,,,,,,,,,,,,,,,,,,,,,,,,,,,,,,,,,,,,,,,,,,,,,,,,,,,,,
20260911_川崎_5R,20260911,34,川崎,5,1600.6,2667.7,2127.4,1931.8,4542.4,,,448.1,146.2,76.0,112.9,523.5,,,1787.9,342.2,441.1,664.3,2271.2,,,823.8,122.0,230.8,206.9,923.4,,,1585.5,361.4,677.6,498.7,2271.2,,,2755.2,2710.7,5421.5,2508.4,3001.2,,,,,,,,,,,,,,,,,1888.4,4099.2,2100.8,3295.4,7639.5,,,1098.4,898.7,497.2,913.4,2948.5,,,2585.6,1183.5,1254.2,2271.2,5602.3,,,1680.6,606.7,1323.3,1292.8,2710.7,,,2948.5,1585.5,2211.4,1527.9,5421.5,,,5252.1,5602.3,6464.1,4001.6,4943.2,,,,,,,,,,,,,,,,,188.2,40.3,25.3,28.4,228.6,,,273.2,197.2,128.4,178.0,523.5,,,39.3,127.4,19.9,21.6,132.3,,,18.5,73.5,12.0,7.6,69.5,,,22.6,96.3,13.4,9.6,154.9,,,510.8,1292.8,304.4,216.5,407.9,,,,,,,,,,,,,,,,,1377.6,220.5,311.2,421.2,1750.7,,,1769.1,622.4,884.5,1436.4,4201.7,,,96.5,271.9,61.1,75.6,342.9,,,224.0,495.7,86.1,166.0,562.1,,,430.9,933.7,180.5,242.5,1313.0,,,3232.0,6224.7,1113.0,1570.7,2182.7,,,,,,,,,,,,,,,,,507.7,80.1,197.2,137.0,533.5,,,688.8,302.2,517.1,648.9,928.5,,,41.6,122.9,34.4,22.9,133.9,,,181.8,382.8,62.1,128.9,391.7,,,156.7,468.1,63.1,125.3,463.0,,,1105.7,1750.7,489.9,853.1,982.8,,,,,,,,,,,,,,,,,1600.6,276.4,694.5,554.6,2127.4,,,2546.5,977.1,2100.8,1867.4,3001.2,,,92.6,318.3,70.7,63.3,400.1,,,556.5,903.5,168.4,288.2,1424.3,,,278.7,870.8,120.6,223.1,853.1,,,2848.6,3055.8,1807.1,2897.7,2400.9,,,,,,,,,,,,,,,,,6224.7,6224.7,5421.5,6722.7,4201.7,,,7639.5,4099.2,7307.3,4943.2,5252.1,,,3429.9,6464.1,4001.6,3295.4,3819.7,,,9337.1,9886.4,6722.7,6722.7,5093.0,,,7639.5,5602.3,4801.9,8003.2,4309.4,,,4668.5,4542.4,3429.9,5602.3,3501.4,,,,,,,,,,,,,,,,,,,,,,,,,,,,,,,,,,,,,,,,,,,,,,,,,,,,,,,,,,,,,,,,,,,,,,,,,,,,,,,,,,,,,,,,,,,,,,,,,,,,,,,,,,,,,,,,,,,,,,,,,,,,,,,,
20260911_川崎_6R,20260911,34,川崎,6,5518.4,3908.8,8934.5,5360.7,8528.4,,,6052.4,1340.1,4937.5,2642.6,2570.2,,,2570.2,689.8,1525.4,856.7,435.3,,,7505.0,6052.4,3234.9,3752.5,6052.4,,,3075.8,1786.9,1259.2,4169.4,2800.3,,,4363.3,2061.8,781.7,3608.1,2375.0,,,,,,,,,,,,,,,,,9875.0,4937.5,9999.9,7216.3,9999.9,,,9999.9,5685.6,8528.4,6700.9,7216.3,,,4078.8,4363.3,7505.0,3291.6,3411.3,,,9999.9,6700.9,9381.3,9999.9,9999.9,,,6949.1,5211.8,3992.0,8528.4,8934.5,,,7505.0,7216.3,3608.1,9999.9,7817.7,,,,,,,,,,,,,,,,,7505.0,1226.3,5211.8,1975.0,1876.2,,,8934.5,3908.8,7505.0,5518.4,5518.4,,,440.4,1821.6,915.2,241.1,164.2,,,5211.8,5863.3,3234.9,2800.3,3291.6,,,1737.2,3752.5,491.1,2719.2,880.8,,,1130.2,3234.9,252.1,2233.6,533.0,,,,,,,,,,,,,,,,,291.7,28.0,92.1,30.9,9.9,,,627.5,593.7,570.2,586.3,318.0,,,28.4,248.5,81.2,22.8,9.1,,,108.8,540.7,159.0,152.6,62.8,,,34.4,265.7,23.8,93.6,11.5,,,7.9,112.8,4.4,33.2,6.3,,,,,,,,,,,,,,,,,9999.9,6949.1,3992.0,6254.2,5518.4,,,9381.3,6700.9,5070.9,9999.9,7817.7,,,5685.6,7817.7,4467.2,5863.3,9999.9,,,2842.8,5211.8,3474.5,2061.8,2156.6,,,9381.3,7216.3,5360.7,2842.8,6052.4,,,8157.6,9875.0,7505.0,2468.7,6700.9,,,,,,,,,,,,,,,,,4937.5,1410.7,1432.2,5863.3,2680.3,,,6949.1,4937.5,3608.1,9999.9,6949.1,,,1954.4,4169.4,476.2,4690.6,982.3,,,753.5,1857.6,356.0,1202.7,313.7,,,5863.3,9381.3,5863.3,2719.2,5685.6,,,1876.2,4078.8,992.7,477.4,4363.3,,,,,,,,,,,,,,,,,3234.9,568.5,167.3,1804.0,716.1,,,3608.1,2680.3,1550.6,3540.1,3291.6,,,605.2,2535.4,179.2,1330.6,404.3,,,46.6,341.7,54.5,148.4,62.1,,,3180.1,4363.3,2260.5,902.0,2132.1,,,781.7,2436.7,493.7,219.7,1563.5,,,,,,,,,,,,,,,,,,,,,,,,,,,,,,,,,,,,,,,,,,,,,,,,,,,,,,,,,,,,,,,,,,,,,,,,,,,,,,,,,,,,,,,,,,,,,,,,,,,,,,,,,,,,,,,,,,,,,,,,,,,,,,,,
20260911_川崎_7R,20260911,34,川崎,7,330.6,373.2,235.5,394.2,804.0,,,683.6,1437.2,1019.7,894.7,1471.9,,,517.0,1690.0,546.4,710.2,1690.0,,,159.8,450.6,359.3,145.0,457.4,,,376.3,633.7,825.9,330.0,412.0,,,1140.7,2028.0,2225.9,745.0,741.9,,,,,,,,,,,,,,,,,104.3,116.9,81.9,196.2,321.9,,,38.1,7.5,13.1,80.4,51.1,,,38.2,4.7,13.1,74.2,44.1,,,45.1,19.8,21.5,150.3,86.8,,,581.2,336.1,380.2,480.3,841.1,,,434.5,175.1,134.6,158.8,663.7,,,,,,,,,,,,,,,,,656.5,1208.7,1073.6,1496.1,1460.2,,,234.3,71.2,143.4,399.4,254.2,,,940.8,166.3,527.5,1546.8,658.9,,,865.0,254.2,543.2,1425.9,1258.8,,,2765.5,1496.1,2607.5,2310.4,3202.2,,,1705.8,702.0,1241.6,1644.3,2500.3,,,,,,,,,,,,,,,,,355.1,886.0,220.1,608.4,793.5,,,78.8,20.0,46.7,121.8,234.9,,,616.6,131.4,332.4,1019.7,702.0,,,46.5,75.3,132.3,281.6,263.7,,,1721.9,1425.9,2050.8,1285.3,1508.4,,,1037.0,618.7,881.7,572.1,1099.5,,,,,,,,,,,,,,,,,110.2,282.9,149.7,128.9,322.4,,,84.0,59.6,52.4,295.8,137.5,,,438.7,177.5,343.7,955.6,776.7,,,56.0,73.0,144.2,388.3,159.8,,,590.7,741.9,1644.3,1241.6,1294.5,,,710.2,463.2,1140.7,549.7,1372.3,,,,,,,,,,,,,,,,,1496.1,908.0,2401.6,554.7,917.2,,,1721.9,1225.0,1560.0,1587.1,2808.1,,,2724.2,1941.7,3443.9,2851.9,3650.5,,,3802.6,2808.1,4056.1,3202.2,3093.6,,,702.0,1789.4,1073.6,2724.2,2310.4,,,1881.7,3510.1,3883.5,2765.5,2808.1,,,,,,,,,,,,,,,,,1601.1,2028.0,1789.4,1313.1,1332.3,,,1112.9,489.3,553.1,751.1,1659.3,,,2028.0,780.0,1372.3,1789.4,2281.5,,,1393.3,763.7,1241.6,899.1,1448.6,,,1099.5,848.9,1721.9,1177.5,2098.0,,,1862.5,2808.1,2897.2,2199.1,2098.0,,,,,,,,,,,,,,,,,,,,,,,,,,,,,,,,,,,,,,,,,,,,,,,,,,,,,,,,,,,,,,,,,,,,,,,,,,,,,,,,,,,,,,,,,,,,,,,,,,,,,,,,,,,,,,,,,,,,,,,,,,,,,,,,
20260911_川崎_8R,20260911,34,川崎,8,140.1,144.3,295.7,87.1,53.1,,,239.9,762.9,367.7,486.0,180.1,,,671.8,1013.7,1814.9,882.5,542.3,,,590.7,404.7,1271.5,637.5,269.2,,,133.6,291.1,383.4,370.1,95.1,,,20.6,40.6,115.4,57.2,44.3,,,,,,,,,,,,,,,,,136.8,126.3,301.6,86.4,57.4,,,224.3,147.4,271.8,185.0,156.6,,,143.3,86.5,128.6,47.3,78.9,,,431.1,187.7,189.4,197.0,358.9,,,64.8,67.7,20.5,113.4,42.6,,,45.8,84.7,61.1,209.7,66.9,,,,,,,,,,,,,,,,,393.4,1166.1,551.6,875.7,309.1,,,462.1,369.5,430.3,478.8,360.0,,,1679.5,1000.2,1022.9,1271.5,781.4,,,321.9,305.7,471.8,355.5,212.5,,,982.7,486.0,970.0,559.8,470.8,,,222.1,237.9,284.5,212.3,325.7,,,,,,,,,,,,,,,,,1490.4,3000.7,3629.9,2446.2,1451.9,,,991.4,824.3,1243.4,389.3,641.1,,,2961.3,1470.9,2045.9,1278.7,1061.6,,,3948.4,2500.6,2344.3,3169.8,3750.9,,,2123.2,608.2,1531.0,2419.9,1415.4,,,1573.8,1022.9,1216.5,2027.5,1692.1,,,,,,,,,,,,,,,,,974.2,626.9,2064.7,1286.0,479.8,,,918.6,513.8,1041.9,933.8,679.9,,,378.2,346.2,789.6,559.8,248.4,,,3359.0,2083.8,1692.1,2885.3,2848.8,,,1552.1,1264.3,991.4,2419.9,918.6,,,464.0,654.2,365.9,1814.9,957.6,,,,,,,,,,,,,,,,,191.3,399.7,639.3,714.4,148.3,,,104.9,93.3,35.0,199.1,52.9,,,652.3,277.5,464.9,412.9,277.8,,,1415.4,352.2,721.3,1415.4,601.7,,,1271.5,846.0,431.9,1607.5,824.3,,,129.4,85.5,164.1,257.2,282.0,,,,,,,,,,,,,,,,,11.9,18.5,75.8,38.0,34.2,,,26.4,59.3,47.7,121.9,60.3,,,55.0,59.6,91.7,56.8,108.0,,,246.2,173.6,190.4,392.0,320.5,,,95.9,175.1,67.9,306.2,329.0,,,75.9,62.4,89.7,176.2,172.5,,,,,,,,,,,,,,,,,,,,,,,,,,,,,,,,,,,,,,,,,,,,,,,,,,,,,,,,,,,,,,,,,,,,,,,,,,,,,,,,,,,,,,,,,,,,,,,,,,,,,,,,,,,,,,,,,,,,,,,,,,,,,,,,
20260911_川崎_9R,20260911,34,川崎,9,475.5,229.3,229.1,702.9,272.6,,,283.6,87.6,58.0,287.7,204.3,,,89.0,45.7,15.0,19.6,41.3,,,85.8,22.1,18.0,80.0,29.3,,,770.7,818.0,163.9,289.8,577.5,,,153.0,233.3,82.1,73.7,351.9,,,,,,,,,,,,,,,,,1033.1,614.5,600.7,1517.0,551.0,,,735.2,1089.5,431.1,1775.5,625.8,,,602.2,1418.2,758.5,1028.7,438.1,,,351.9,336.1,432.6,753.7,248.1,,,2549.9,3072.9,1902.3,1933.0,1146.8,,,255.2,420.5,264.5,187.2,420.5,,,,,,,,,,,,,,,,,516.5,198.4,82.8,611.4,354.5,,,493.1,756.1,346.8,1802.1,680.9,,,313.7,1094.4,240.8,733.0,856.0,,,44.9,125.2,80.8,178.2,117.4,,,1566.6,2048.6,1630.5,874.7,2102.5,,,472.7,649.5,809.7,294.1,1401.7,,,,,,,,,,,,,,,,,196.9,136.4,62.9,59.9,139.1,,,473.7,1608.6,815.2,1007.1,846.9,,,313.3,1295.6,310.0,711.2,904.5,,,110.8,460.9,218.6,272.6,342.4,,,174.8,684.8,884.4,339.5,496.2,,,272.3,561.3,951.1,422.7,518.8,,,,,,,,,,,,,,,,,108.9,23.0,23.5,104.8,40.3,,,167.5,133.3,243.8,498.3,136.4,,,20.3,72.2,36.9,96.5,43.5,,,42.9,214.3,61.4,82.0,81.9,,,310.4,820.8,244.8,235.9,459.1,,,50.2,76.5,60.3,60.6,203.4,,,,,,,,,,,,,,,,,2327.1,2349.9,591.8,1216.7,1933.0,,,2887.8,4062.5,2755.0,2996.1,2349.9,,,2471.0,3631.7,2853.4,1964.6,3631.7,,,479.3,1576.9,2048.6,1015.6,1418.2,,,986.3,2014.2,1222.9,1120.0,1619.5,,,2349.9,1829.7,3473.8,1815.8,1843.7,,,,,,,,,,,,,,,,,198.5,364.8,119.2,129.2,477.4,,,83.0,209.8,94.2,79.1,178.4,,,377.4,469.0,653.1,220.3,1104.5,,,145.4,201.2,594.7,226.9,223.1,,,77.7,91.2,106.2,107.0,282.3,,,998.7,780.7,1724.4,684.8,798.9,,,,,,,,,,,,,,,,,,,,,,,,,,,,,,,,,,,,,,,,,,,,,,,,,,,,,,,,,,,,,,,,,,,,,,,,,,,,,,,,,,,,,,,,,,,,,,,,,,,,,,,,,,,,,,,,,,,,,,,,,,,,,,,,
20260911_川崎_10R,20260911,34,川崎,10,150.6,530.8,164.8,287.6,91.0,,,203.8,444.5,517.7,478.7,160.9,,,765.7,457.7,1001.7,1305.9,489.9,,,291.9,528.0,891.8,734.9,375.0,,,878.4,1015.7,1700.7,949.7,305.6,,,64.3,86.5,257.5,197.6,78.0,,,,,,,,,,,,,,,,,38.2,124.2,38.8,102.1,26.4,,,30.1,53.9,30.3,261.4,55.0,,,154.1,81.9,150.2,669.3,217.6,,,10.3,8.9,33.0,77.2,13.3,,,503.4,850.3,1095.5,500.0,771.8,,,23.6,45.2,109.1,32.2,221.7,,,,,,,,,,,,,,,,,108.2,174.3,252.6,326.8,113.6,,,59.0,102.1,89.4,615.8,137.3,,,100.0,99.2,258.1,817.0,232.5,,,306.3,135.3,349.0,1116.4,514.0,,,1911.9,1963.2,2659.2,2359.0,3952.9,,,132.4,256.1,402.9,595.7,1539.5,,,,,,,,,,,,,,,,,971.8,634.5,1156.2,1700.7,894.5,,,483.5,316.9,755.8,2359.0,803.6,,,160.7,146.6,375.0,931.5,389.5,,,1142.6,916.9,868.0,2867.8,2060.0,,,5223.6,3656.5,3750.2,5735.7,4500.3,,,734.9,984.9,857.8,1924.4,2588.6,,,,,,,,,,,,,,,,,111.9,345.7,472.5,710.0,301.8,,,28.7,23.7,55.5,176.0,35.5,,,285.6,96.3,368.8,1198.8,449.3,,,710.0,217.1,513.1,2611.8,1229.0,,,1547.7,1001.7,2812.7,4795.4,2659.2,,,242.3,99.4,427.0,611.9,1229.0,,,,,,,,,,,,,,,,,2359.0,3401.4,4643.2,1783.6,1271.8,,,2543.6,2733.8,4062.8,2359.0,3015.6,,,3179.5,2683.6,4643.2,4570.6,5969.8,,,6223.8,5735.7,5223.6,6802.8,6359.1,,,1911.9,2588.6,4062.8,6964.8,5969.8,,,1751.6,3324.1,5043.4,4795.4,5417.0,,,,,,,,,,,,,,,,,60.6,83.1,287.0,135.6,97.1,,,72.8,139.8,329.4,66.3,533.7,,,157.6,256.5,655.8,403.4,1762.1,,,440.5,799.2,765.7,1341.8,2104.4,,,182.2,109.3,286.7,773.8,1067.5,,,689.9,1589.7,2478.9,3111.9,2303.3,,,,,,,,,,,,,,,,,,,,,,,,,,,,,,,,,,,,,,,,,,,,,,,,,,,,,,,,,,,,,,,,,,,,,,,,,,,,,,,,,,,,,,,,,,,,,,,,,,,,,,,,,,,,,,,,,,,,,,,,,,,,,,,,
20260911_川崎_11R,20260911,34,川崎,11,295.0,63.7,154.1,175.9,152.9,,,924.2,927.0,815.9,1084.9,737.5,,,98.5,342.2,236.9,280.1,208.9,,,225.8,382.9,202.6,177.2,229.4,,,179.8,469.3,212.2,124.6,275.2,,,304.6,343.7,327.9,293.5,416.4,,,,,,,,,,,,,,,,,114.8,17.5,41.2,63.0,40.5,,,390.4,235.4,756.1,712.9,312.9,,,2.8,29.5,43.1,24.2,6.4,,,308.7,809.3,351.4,704.5,622.5,,,96.5,476.8,91.3,418.2,250.3,,,101.9,120.2,72.4,284.1,286.8,,,,,,,,,,,,,,,,,1957.1,1957.1,1711.1,2154.2,1504.7,,,1837.0,965.9,3219.8,2697.7,1232.2,,,1944.4,1036.1,4046.5,3119.2,1313.3,,,3152.0,4908.9,4469.3,3564.8,3254.8,,,3290.6,3024.7,3055.5,3364.5,2673.6,,,732.1,629.0,643.9,1386.3,1324.9,,,,,,,,,,,,,,,,,64.3,381.4,231.0,284.6,205.3,,,10.6,55.8,97.1,48.1,17.0,,,781.8,358.1,1475.1,1592.8,650.9,,,893.8,693.1,1848.4,1691.7,1654.4,,,384.8,194.6,978.5,1018.5,630.4,,,277.7,120.8,410.7,800.6,655.2,,,,,,,,,,,,,,,,,1268.8,1576.0,1296.3,893.8,1489.7,,,1489.7,3743.0,1919.5,2697.7,3290.6,,,3185.6,4753.1,1793.0,3564.8,3254.8,,,2037.0,2321.2,4217.5,3564.8,3992.6,,,1330.8,2395.5,2994.4,2935.7,2285.8,,,2474.7,2994.4,3055.5,4339.8,2649.9,,,,,,,,,,,,,,,,,323.7,899.2,414.1,297.0,561.8,,,319.2,1222.2,209.5,978.5,730.3,,,2434.5,2474.7,2023.2,3185.6,2218.1,,,537.6,283.8,1307.6,1274.2,918.5,,,885.9,2169.9,1907.3,2321.2,2268.5,,,1147.3,1296.3,1330.8,1559.6,1711.1,,,,,,,,,,,,,,,,,558.6,576.9,556.5,829.4,880.7,,,502.4,498.2,256.3,1576.0,1279.6,,,403.0,465.7,419.3,809.3,932.8,,,523.5,286.5,688.3,1535.6,1386.3,,,1907.3,2994.4,2123.7,3254.8,2824.9,,,1482.4,1782.4,1419.1,1814.8,2268.5,,,,,,,,,,,,,,,,,,,,,,,,,,,,,,,,,,,,,,,,,,,,,,,,,,,,,,,,,,,,,,,,,,,,,,,,,,,,,,,,,,,,,,,,,,,,,,,,,,,,,,,,,,,,,,,,,,,,,,,,,,,,,,,,
20260911_豊橋_1R,20260911,45,豊橋,1,145.2,188.4,104.0,427.1,948.0,,,188.3,286.2,87.5,332.2,1149.9,,,332.7,498.3,343.3,867.5,1287.0,,,58.9,33.7,116.3,163.3,451.9,,,750.3,552.1,916.7,488.2,2460.0,,,1868.6,2024.3,1963.0,1287.0,3409.5,,,,,,,,,,,,,,,,,85.2,84.5,53.7,260.1,547.4,,,151.1,221.5,144.1,378.0,1313.1,,,51.0,81.3,28.6,84.6,124.1,,,35.5,56.7,21.7,78.9,278.8,,,507.4,532.4,241.1,222.3,1192.2,,,1567.2,2112.4,717.1,1295.6,1567.2,,,,,,,,,,,,,,,,,347.6,409.1,130.1,461.6,1428.9,,,378.0,363.9,359.8,658.7,1766.7,,,550.5,361.9,535.3,852.3,2857.9,,,93.7,245.0,263.3,333.9,1461.2,,,522.4,701.5,699.0,503.4,3886.8,,,3737.3,3737.3,3886.8,4416.8,3666.8,,,,,,,,,,,,,,,,,271.0,408.2,373.7,706.6,1067.8,,,87.1,71.9,65.8,89.1,182.4,,,445.7,237.0,507.4,895.5,1719.8,,,277.2,112.0,319.6,463.8,1001.7,,,796.4,225.4,741.7,681.9,1156.7,,,1207.0,523.8,2159.3,1868.6,1230.0,,,,,,,,,,,,,,,,,21.3,8.3,44.0,84.4,294.0,,,27.0,30.7,10.2,53.1,216.4,,,20.7,47.8,61.6,80.2,656.5,,,68.7,21.1,68.0,99.6,329.3,,,89.1,70.5,79.7,93.5,799.7,,,1192.2,976.5,1408.2,1253.8,1349.5,,,,,,,,,,,,,,,,,290.9,248.8,281.2,238.4,1245.7,,,404.0,279.6,135.2,166.1,1136.5,,,343.3,339.7,352.0,278.4,2399.2,,,277.2,136.0,272.5,269.9,765.1,,,161.9,106.5,148.2,191.0,1253.8,,,2737.2,2557.1,3598.9,1661.0,2626.2,,,,,,,,,,,,,,,,,4740.0,4048.7,4519.5,4318.7,5398.3,,,4318.7,4318.7,1331.1,2776.3,3966.1,,,4519.5,6701.4,6478.0,8097.5,4858.5,,,3737.3,1261.9,5889.1,3810.6,2776.3,,,4224.8,3533.4,7197.8,5252.4,4983.1,,,5252.4,4318.7,5114.2,4224.8,3886.8,,,,,,,,,,,,,,,,,,,,,,,,,,,,,,,,,,,,,,,,,,,,,,,,,,,,,,,,,,,,,,,,,,,,,,,,,,,,,,,,,,,,,,,,,,,,,,,,,,,,,,,,,,,,,,,,,,,,,,,,,,,,,,,,
20260911_豊橋_2R,20260911,45,豊橋,2,5.2,25.0,7.3,8.1,14.9,,,31.7,93.6,50.1,73.4,34.1,,,167.2,242.9,322.2,288.9,304.8,,,55.0,54.5,159.9,45.5,89.9,,,49.3,82.6,161.6,45.4,157.2,,,143.1,103.8,186.1,161.3,249.0,,,,,,,,,,,,,,,,,13.5,59.2,25.6,22.7,32.5,,,56.4,604.5,454.1,468.9,305.8,,,401.6,1153.5,1237.6,1191.6,1935.4,,,203.9,625.5,1100.6,438.9,1072.0,,,139.2,579.0,939.3,298.2,1008.3,,,277.2,645.1,1373.2,1242.9,1501.9,,,,,,,,,,,,,,,,,51.0,465.1,175.6,166.3,88.5,,,72.8,1060.2,621.4,655.3,295.7,,,1449.1,2002.6,2645.6,2942.6,1004.7,,,386.0,688.2,2002.6,655.3,798.8,,,365.9,977.5,2855.2,628.2,1008.3,,,156.5,241.9,235.7,589.7,597.0,,,,,,,,,,,,,,,,,909.7,1802.3,2597.9,1558.7,2574.7,,,1310.7,3276.9,3650.3,2799.7,4240.8,,,1848.5,2695.1,3745.1,3392.6,1726.8,,,2746.4,3067.8,4005.2,2307.0,4179.3,,,1909.7,2464.7,3560.1,2695.1,4505.8,,,3353.2,3896.9,1427.6,3697.1,4005.2,,,,,,,,,,,,,,,,,309.4,518.6,1104.8,347.0,823.9,,,464.3,987.5,1884.8,696.5,1501.9,,,722.7,1100.6,2168.2,863.4,1104.8,,,2344.5,2772.8,2695.1,1961.7,2403.1,,,293.0,466.6,425.9,974.2,588.5,,,2074.6,2307.0,1836.7,2307.0,1647.8,,,,,,,,,,,,,,,,,237.5,440.2,1162.8,279.9,850.6,,,243.3,1316.7,1758.3,413.1,1434.7,,,592.1,1747.7,3100.8,1298.9,1593.2,,,2235.4,2621.5,3745.1,2363.7,3240.1,,,236.5,385.0,518.6,1056.3,661.4,,,1872.5,2799.7,2551.9,2443.8,1975.1,,,,,,,,,,,,,,,,,1018.9,945.4,1747.7,1780.0,1791.1,,,1211.6,1676.6,2670.1,2746.4,3240.1,,,579.0,909.7,529.1,1393.1,1434.7,,,2136.1,2201.3,1100.6,1948.4,3100.8,,,2464.7,2746.4,2307.0,2827.2,2443.8,,,2551.9,3516.7,3100.8,3794.4,2325.6,,,,,,,,,,,,,,,,,,,,,,,,,,,,,,,,,,,,,,,,,,,,,,,,,,,,,,,,,,,,,,,,,,,,,,,,,,,,,,,,,,,,,,,,,,,,,,,,,,,,,,,,,,,,,,,,,,,,,,,,,,,,,,,,
20260911_豊橋_3R,20260911,45,豊橋,3,47.2,238.6,224.6,68.0,252.8,,,31.3,126.9,126.9,25.1,110.6,,,404.8,269.2,204.7,196.3,328.4,,,373.6,275.8,151.0,195.8,417.2,,,16.9,10.8,29.8,36.6,6.6,,,365.0,309.8,355.5,488.6,91.5,,,,,,,,,,,,,,,,,95.7,453.8,304.3,119.6,648.4,,,77.2,257.4,192.4,92.8,286.5,,,1042.5,645.2,1258.5,1023.0,2602.7,,,677.1,622.1,1025.7,1258.5,3215.1,,,221.6,258.3,763.6,815.7,696.9,,,1739.1,1170.0,2436.9,3864.7,1821.9,,,,,,,,,,,,,,,,,56.4,173.1,166.9,33.9,156.7,,,41.4,122.0,111.3,51.8,164.5,,,527.0,565.1,683.2,615.1,1250.3,,,410.0,294.7,484.3,601.5,1051.1,,,39.9,83.3,239.5,226.9,101.7,,,477.6,656.2,1406.6,1524.3,435.2,,,,,,,,,,,,,,,,,904.5,756.1,527.7,534.3,1376.2,,,1351.9,966.1,1628.1,1203.1,3327.0,,,1145.5,1337.7,1381.2,1371.3,3012.6,,,492.4,844.6,848.3,671.2,1328.4,,,665.4,1376.2,1173.6,1077.7,1296.9,,,2834.1,3751.0,3012.6,2500.7,1982.4,,,,,,,,,,,,,,,,,837.2,646.2,345.0,514.9,1001.5,,,875.5,1093.1,1017.5,1628.1,2263.9,,,819.2,468.3,1099.4,1391.2,2347.2,,,448.5,712.4,771.3,572.7,1177.2,,,498.1,1600.8,1203.1,971.0,1292.5,,,1438.3,4665.9,3575.7,2855.2,2332.9,,,,,,,,,,,,,,,,,24.3,15.2,52.0,61.0,10.5,,,107.1,174.5,397.3,527.7,318.5,,,36.5,96.0,205.8,268.4,87.3,,,247.9,759.1,589.5,735.7,536.6,,,221.0,766.7,534.3,464.3,521.9,,,44.6,212.0,122.8,236.3,346.5,,,,,,,,,,,,,,,,,1755.0,942.3,2533.8,1314.8,221.6,,,2855.2,2468.4,5626.5,6956.4,2347.2,,,1014.8,2198.8,3751.0,3904.1,1074.7,,,4070.2,7085.3,4609.7,5101.4,2772.5,,,1663.5,7808.3,5241.1,5101.4,3385.9,,,201.9,1148.9,757.6,1401.4,1621.2,,,,,,,,,,,,,,,,,,,,,,,,,,,,,,,,,,,,,,,,,,,,,,,,,,,,,,,,,,,,,,,,,,,,,,,,,,,,,,,,,,,,,,,,,,,,,,,,,,,,,,,,,,,,,,,,,,,,,,,,,,,,,,,,
20260911_豊橋_4R,20260911,45,豊橋,4,9.1,5.1,1.7,20.7,62.7,,,46.0,55.0,161.1,318.0,435.8,,,53.2,71.9,216.8,367.3,225.5,,,83.6,420.4,391.6,368.1,1073.4,,,278.3,798.8,791.4,673.5,1692.0,,,987.0,1467.9,1044.0,1951.6,2320.8,,,,,,,,,,,,,,,,,38.8,27.6,10.9,57.8,224.6,,,211.6,417.3,684.2,1627.9,2418.9,,,216.8,519.6,639.6,1180.3,1321.1,,,182.3,759.9,684.2,821.7,2081.7,,,664.3,3122.6,2107.2,1480.5,6605.5,,,1836.8,3948.1,2986.8,4240.6,7633.0,,,,,,,,,,,,,,,,,204.3,286.0,745.0,1034.6,1379.4,,,334.1,613.3,1347.0,2662.7,3271.3,,,327.7,414.8,1331.3,1692.0,509.6,,,2032.4,2910.9,3302.7,4837.8,6735.0,,,2726.1,5630.9,6026.1,5452.2,7633.0,,,4641.7,6605.5,2507.2,7633.0,9541.3,,,,,,,,,,,,,,,,,370.5,494.2,933.3,1700.4,1726.0,,,487.2,782.4,1156.5,2453.4,2792.5,,,492.1,606.8,1141.1,2133.4,800.6,,,2173.9,2133.4,3367.5,4641.7,4978.0,,,3774.6,4403.7,5126.6,4403.7,6480.9,,,3578.0,3994.0,1951.6,5724.8,7988.1,,,,,,,,,,,,,,,,,594.2,2582.6,2160.3,2792.5,4138.4,,,593.2,2961.1,2187.8,2961.1,4460.8,,,3654.1,6133.7,5284.4,8807.4,8377.7,,,2662.7,2862.4,6245.2,6869.7,7156.0,,,3859.4,4460.8,6605.5,6735.0,5204.3,,,8377.7,9999.9,8807.4,9999.9,8587.2,,,,,,,,,,,,,,,,,2471.1,4089.1,7633.0,5126.6,9999.9,,,3039.7,9283.4,8178.3,3013.0,9999.9,,,4089.1,9999.9,7467.1,9999.9,7308.2,,,9999.9,9039.1,9999.9,9039.1,9999.9,,,5922.2,5284.4,7633.0,7308.2,9999.9,,,9999.9,9999.9,9999.9,9999.9,9999.9,,,,,,,,,,,,,,,,,5724.8,5284.4,4978.0,6869.7,9999.9,,,6133.7,8807.4,9813.9,8178.3,9999.9,,,6869.7,9999.9,3271.3,8807.4,9999.9,,,7988.1,9999.9,2662.7,9999.9,9999.9,,,9999.9,9999.9,9999.9,9999.9,9999.9,,,9999.9,9999.9,9999.9,9999.9,8807.4,,,,,,,,,,,,,,,,,,,,,,,,,,,,,,,,,,,,,,,,,,,,,,,,,,,,,,,,,,,,,,,,,,,,,,,,,,,,,,,,,,,,,,,,,,,,,,,,,,,,,,,,,,,,,,,,,,,,,,,,,,,,,,,,
20260911_豊橋_5R,20260911,45,豊橋,5,13.7,9.7,37.0,29.2,119.5,,,5.9,23.2,3.2,21.7,50.1,,,44.4,100.7,267.4,144.4,409.2,,,171.3,52.2,316.8,227.6,197.2,,,48.3,62.5,99.8,149.1,232.9,,,449.2,315.6,728.8,370.3,460.2,,,,,,,,,,,,,,,,,54.9,39.2,174.4,131.6,275.4,,,116.7,297.9,455.8,603.2,759.8,,,87.1,230.2,579.5,287.0,1191.7,,,810.5,1029.2,1489.6,2096.5,1886.8,,,415.2,917.9,667.2,1648.7,2497.3,,,1286.5,2761.2,2009.6,3032.4,4193.0,,,,,,,,,,,,,,,,,36.4,93.9,16.4,84.7,152.1,,,127.9,419.8,419.8,624.3,703.1,,,527.3,780.7,1550.8,1648.7,3691.7,,,145.2,539.9,1048.2,862.0,791.6,,,332.0,943.4,1509.5,996.0,2391.8,,,1217.3,2534.6,3816.1,1572.4,4193.0,,,,,,,,,,,,,,,,,483.1,814.4,1986.1,1124.6,2902.8,,,320.1,709.0,1457.6,673.8,2534.6,,,920.4,1267.3,2375.0,2136.0,5660.6,,,3501.4,3537.9,4043.3,5225.2,8283.8,,,1759.7,1171.1,2573.0,3059.8,6931.4,,,5225.2,6792.7,7547.5,8937.8,8708.6,,,,,,,,,,,,,,,,,1208.6,469.1,1876.4,2205.4,1724.0,,,1648.7,2033.7,3816.1,4354.3,4528.5,,,443.3,1806.5,2674.3,2612.6,2163.3,,,4528.5,5958.5,4994.6,7075.8,9999.9,,,3234.6,5391.0,3773.7,5855.8,4783.6,,,2695.5,5146.0,3773.7,6408.2,5756.5,,,,,,,,,,,,,,,,,171.0,142.5,426.6,574.6,873.1,,,342.7,824.3,534.8,1483.1,2058.4,,,229.4,818.4,1041.8,791.6,2070.9,,,1128.3,889.1,1664.8,2070.9,2902.8,,,1550.8,2425.9,1427.0,2497.3,2573.0,,,2783.9,3652.0,4193.0,3773.7,3575.1,,,,,,,,,,,,,,,,,1986.1,2443.4,4354.3,1963.2,3234.6,,,2878.2,5391.0,6659.5,7226.3,8283.8,,,3396.3,5756.5,9999.9,3613.1,9999.9,,,7075.8,9999.9,9999.9,9999.9,9999.9,,,2653.4,8283.8,4528.5,8708.6,5478.0,,,5225.2,6931.4,9999.9,9989.3,5146.0,,,,,,,,,,,,,,,,,,,,,,,,,,,,,,,,,,,,,,,,,,,,,,,,,,,,,,,,,,,,,,,,,,,,,,,,,,,,,,,,,,,,,,,,,,,,,,,,,,,,,,,,,,,,,,,,,,,,,,,,,,,,,,,,
20260911_豊橋_6R,20260911,45,豊橋,6,312.3,444.3,332.0,214.5,1282.2,,,902.7,1202.7,1569.7,990.6,5083.1,,,1004.6,1049.1,1824.7,1289.9,5083.1,,,646.9,1472.3,1809.2,481.3,2134.9,,,244.5,548.8,612.6,325.9,1735.7,,,3071.8,6469.4,8056.3,4907.8,4028.1,,,,,,,,,,,,,,,,,315.3,413.3,240.5,168.7,1477.4,,,895.1,1301.7,1377.3,1117.7,6188.1,,,1064.8,1487.7,1321.9,1154.0,5770.0,,,603.0,1150.9,1364.1,338.8,2178.4,,,193.8,520.0,501.7,219.1,1749.9,,,4744.2,7116.4,5693.1,6279.1,4852.1,,,,,,,,,,,,,,,,,1147.8,1173.0,1552.6,1255.8,4356.9,,,1267.0,1701.1,1940.8,1467.3,5404.8,,,716.4,946.7,666.1,544.6,2603.5,,,1794.0,1872.7,1390.8,741.2,3881.6,,,853.9,924.2,655.8,582.5,2827.7,,,8895.5,8372.2,7763.3,6569.0,5930.3,,,,,,,,,,,,,,,,,1166.6,940.4,1779.1,1206.1,4641.1,,,1432.8,1530.4,2439.9,1289.9,5618.2,,,517.5,750.4,466.6,373.8,2093.0,,,1309.7,1771.7,817.9,433.0,3049.8,,,539.8,570.8,360.0,337.0,2271.1,,,8056.3,8895.5,6671.6,7237.0,6099.7,,,,,,,,,,,,,,,,,556.6,1021.4,1163.4,320.3,1742.7,,,525.1,995.3,979.3,282.7,1735.7,,,1100.4,1342.7,908.4,419.8,2113.7,,,1216.4,1301.7,837.2,359.4,2271.1,,,50.2,59.6,62.0,57.7,84.1,,,2052.8,2685.4,2439.9,2587.7,525.1,,,,,,,,,,,,,,,,,30.7,74.7,67.4,52.5,355.5,,,22.3,79.9,68.0,41.1,296.9,,,81.7,115.2,48.8,74.1,550.2,,,56.2,75.3,30.4,33.8,426.9,,,5.5,6.5,9.9,3.9,21.0,,,734.9,842.1,1033.8,926.2,259.4,,,,,,,,,,,,,,,,,8713.9,9999.9,9929.8,8895.5,9282.2,,,9084.7,9999.9,9999.9,9999.9,8372.2,,,9999.9,9999.9,9999.9,9488.5,9488.5,,,9999.9,9999.9,9999.9,9999.9,9929.8,,,9084.7,9704.2,8895.5,8372.2,1179.5,,,6013.8,6279.1,5930.3,5545.2,1189.3,,,,,,,,,,,,,,,,,,,,,,,,,,,,,,,,,,,,,,,,,,,,,,,,,,,,,,,,,,,,,,,,,,,,,,,,,,,,,,,,,,,,,,,,,,,,,,,,,,,,,,,,,,,,,,,,,,,,,,,,,,,,,,,,
20260911_豊橋_7R,20260911,45,豊橋,7,48.8,55.9,158.4,207.4,361.2,,,27.7,27.0,84.7,116.7,361.5,,,12.1,9.4,37.3,6.7,119.3,,,178.3,132.6,102.2,353.9,247.9,,,314.6,256.8,82.7,555.5,1128.0,,,938.4,950.5,586.5,724.2,1815.1,,,,,,,,,,,,,,,,,166.0,219.5,610.0,907.5,891.0,,,104.7,121.2,284.0,431.5,576.5,,,186.9,190.6,969.4,358.8,1011.6,,,936.4,772.4,1580.9,2297.2,2205.3,,,1853.2,1586.6,1495.1,3615.3,5728.2,,,3528.6,2549.5,3219.5,3445.9,6042.1,,,,,,,,,,,,,,,,,31.2,22.8,114.1,123.1,324.0,,,20.7,22.0,82.3,99.0,221.0,,,27.6,43.8,195.0,75.1,444.6,,,218.4,298.8,379.5,680.6,763.1,,,337.9,379.9,346.2,1316.6,2051.5,,,1441.4,1176.2,1943.0,1446.1,3128.2,,,,,,,,,,,,,,,,,28.0,22.3,64.4,9.7,166.8,,,117.0,153.0,662.2,253.4,757.8,,,57.9,110.1,422.8,223.6,697.9,,,258.6,988.9,920.8,900.1,1785.7,,,59.3,415.7,399.5,810.8,1427.4,,,1057.7,2722.6,3243.2,2625.4,2809.4,,,,,,,,,,,,,,,,,282.9,232.1,147.3,588.8,290.1,,,479.4,481.5,761.7,1274.7,861.4,,,325.7,331.1,545.2,1324.5,849.8,,,243.5,825.9,696.8,706.8,1070.5,,,1785.7,2436.8,2371.3,2051.5,2609.9,,,569.1,809.3,747.5,784.8,1460.5,,,,,,,,,,,,,,,,,1800.3,1304.9,415.3,2183.5,3869.0,,,2722.6,2641.1,1830.1,4594.5,5881.0,,,1542.2,2151.5,1845.5,4084.0,6583.2,,,351.7,1569.6,1736.5,3316.3,4742.7,,,2960.2,4455.3,4200.7,3645.2,4594.5,,,5881.0,5881.0,7351.2,5513.4,5250.9,,,,,,,,,,,,,,,,,3128.2,2657.0,1876.9,2042.0,5189.1,,,3973.6,3041.9,4642.9,3000.5,8019.5,,,3835.4,4241.1,5189.1,3615.3,7738.1,,,2579.3,5189.1,5445.3,4161.1,5189.1,,,1771.3,2216.4,2090.4,2423.5,3973.6,,,6785.8,8168.0,8322.2,8322.2,5728.2,,,,,,,,,,,,,,,,,,,,,,,,,,,,,,,,,,,,,,,,,,,,,,,,,,,,,,,,,,,,,,,,,,,,,,,,,,,,,,,,,,,,,,,,,,,,,,,,,,,,,,,,,,,,,,,,,,,,,,,,,,,,,,,,
20260911_豊橋_8R,20260911,45,豊橋,8,16.5,14.8,40.0,10.3,36.3,,,10.8,2.0,24.4,62.4,78.8,,,28.1,8.3,40.0,101.3,117.4,,,164.2,132.3,123.1,327.9,311.8,,,74.0,192.6,198.7,278.0,191.9,,,131.8,220.2,229.3,280.4,255.2,,,,,,,,,,,,,,,,,203.8,280.4,606.4,267.1,639.1,,,456.8,980.6,2469.1,1700.0,3840.8,,,671.2,1249.4,2171.7,1728.3,3400.1,,,3266.2,3318.5,5318.1,4508.8,4148.1,,,547.2,1198.8,1721.2,2729.0,1360.0,,,2171.7,5925.9,4412.9,7151.9,2642.1,,,,,,,,,,,,,,,,,159.1,53.4,232.5,386.2,517.8,,,428.5,994.7,2941.9,1938.3,3771.0,,,208.6,921.8,838.0,1542.0,2356.8,,,1476.2,4232.7,2084.4,5058.6,7826.6,,,1620.3,3095.6,3771.0,4609.0,7151.9,,,2544.8,6481.4,4609.0,9218.0,7681.7,,,,,,,,,,,,,,,,,593.4,285.0,855.2,1571.2,1577.2,,,994.7,1707.0,4609.0,2440.0,5185.1,,,367.4,1565.3,1614.0,3005.8,3266.2,,,2279.1,5761.2,2693.5,4767.9,7407.3,,,3670.9,4412.9,5925.9,6285.0,7407.3,,,3840.8,8133.5,5761.2,9999.9,8465.5,,,,,,,,,,,,,,,,,3318.5,2105.6,2397.7,6011.7,5185.1,,,4460.3,5250.7,7826.6,9646.8,4558.3,,,2529.3,9999.9,4366.4,9999.9,9999.9,,,3266.2,8133.5,4366.4,8641.9,9999.9,,,9218.0,9999.9,9999.9,9218.0,9427.5,,,6800.2,9999.9,9999.9,9999.9,9876.5,,,,,,,,,,,,,,,,,1100.2,2033.3,3670.9,6481.4,4366.4,,,1009.2,2642.1,3118.8,5387.1,2425.8,,,2330.4,4232.7,4938.2,9017.6,9427.5,,,5842.4,3428.2,8825.8,5121.1,4558.3,,,8133.5,4558.3,9646.8,4997.7,4460.3,,,4880.1,3670.9,9876.5,7030.7,9999.9,,,,,,,,,,,,,,,,,2266.7,1975.3,2397.7,3737.0,4066.7,,,2802.7,4412.9,4823.4,6800.2,3737.0,,,2962.9,7542.0,5682.3,9876.5,9999.9,,,4232.7,7277.4,7542.0,9999.9,9999.9,,,7407.3,9999.9,9999.9,9999.9,9999.9,,,5458.0,4190.0,9999.9,8825.8,8465.5,,,,,,,,,,,,,,,,,,,,,,,,,,,,,,,,,,,,,,,,,,,,,,,,,,,,,,,,,,,,,,,,,,,,,,,,,,,,,,,,,,,,,,,,,,,,,,,,,,,,,,,,,,,,,,,,,,,,,,,,,,,,,,,,
20260911_豊橋_9R,20260911,45,豊橋,9,75.8,64.7,104.2,123.4,218.0,,,46.3,79.8,52.2,34.7,126.8,,,79.7,132.2,145.4,214.5,348.8,,,78.3,64.0,101.1,75.3,167.6,,,143.7,64.8,196.6,163.3,118.5,,,424.0,310.9,485.8,364.0,273.1,,,,,,,,,,,,,,,,,132.4,105.6,182.9,156.0,294.9,,,136.2,153.6,373.3,155.9,388.6,,,48.9,77.9,138.5,76.6,183.1,,,277.8,648.4,379.4,727.0,1054.9,,,283.2,195.3,302.7,784.0,296.2,,,712.7,845.4,729.3,1699.3,612.7,,,,,,,,,,,,,,,,,36.9,65.9,47.9,27.6,84.5,,,67.5,112.4,224.2,80.4,225.5,,,114.3,99.9,263.9,131.0,281.2,,,136.5,370.9,404.8,201.2,541.9,,,16.4,33.8,66.9,68.9,11.6,,,238.4,424.0,474.5,609.4,89.0,,,,,,,,,,,,,,,,,91.5,170.1,194.5,271.5,428.7,,,46.3,66.6,119.3,78.5,170.1,,,187.3,140.7,406.0,224.6,554.6,,,329.0,363.3,602.0,788.4,1245.3,,,375.9,298.9,330.4,836.2,456.3,,,964.9,734.7,1040.6,1623.3,794.8,,,,,,,,,,,,,,,,,165.6,138.8,190.4,134.4,320.1,,,378.0,954.2,746.6,1061.4,1388.1,,,274.1,874.4,800.3,358.5,1339.6,,,473.8,636.4,1031.2,1123.6,1971.2,,,412.3,1446.3,386.0,1593.3,592.7,,,1247.6,2346.6,1825.2,2412.3,1350.1,,,,,,,,,,,,,,,,,232.2,93.4,244.1,266.1,174.8,,,376.5,225.9,522.2,991.2,440.8,,,43.5,91.4,119.4,123.9,20.5,,,341.2,489.3,337.7,577.3,612.1,,,327.2,1314.1,301.0,635.8,592.7,,,126.1,312.8,44.2,270.8,210.6,,,,,,,,,,,,,,,,,680.4,526.6,928.5,973.0,514.1,,,991.2,1127.3,1393.7,2122.8,1011.6,,,310.6,465.8,474.1,846.5,177.5,,,1540.0,1477.3,1371.6,2527.2,1218.9,,,1638.7,2545.8,1994.0,2663.8,1540.0,,,195.5,353.6,135.5,282.5,387.8,,,,,,,,,,,,,,,,,,,,,,,,,,,,,,,,,,,,,,,,,,,,,,,,,,,,,,,,,,,,,,,,,,,,,,,,,,,,,,,,,,,,,,,,,,,,,,,,,,,,,,,,,,,,,,,,,,,,,,,,,,,,,,,,
20260911_富山_1R,20260911,46,富山,1,199.0,799.4,688.6,326.4,,,,104.8,156.1,254.2,21.0,,,,1036.6,394.7,1194.1,558.2,,,,1257.8,620.6,1655.0,1328.7,,,,217.3,44.5,329.8,481.3,,,,,,,,,,,,,,,,,,,,,,,,,136.3,545.3,442.9,273.4,,,,36.8,294.8,110.3,73.7,,,,539.0,558.2,348.1,578.7,,,,202.8,65.5,150.2,167.5,,,,197.7,101.8,372.8,201.1,,,,,,,,,,,,,,,,,,,,,,,,,43.5,63.1,97.2,8.2,,,,53.8,340.5,217.8,76.3,,,,189.0,471.6,646.1,195.3,,,,371.4,419.2,842.3,398.0,,,,4.0,33.0,51.8,68.1,,,,,,,,,,,,,,,,,,,,,,,,,585.9,211.5,589.6,349.4,,,,451.3,284.1,279.1,436.7,,,,85.9,338.1,260.6,117.6,,,,403.1,385.0,381.9,398.0,,,,237.6,344.3,102.6,467.0,,,,,,,,,,,,,,,,,,,,,,,,,1408.0,1194.1,1886.7,1747.0,,,,536.0,354.6,323.0,571.7,,,,754.7,834.8,1310.2,849.8,,,,1387.3,582.3,1194.1,1347.6,,,,1598.9,993.0,754.7,1367.2,,,,,,,,,,,,,,,,,,,,,,,,,147.1,24.0,239.4,374.3,,,,135.9,61.8,275.0,110.5,,,,4.0,24.1,60.5,52.0,,,,306.2,430.7,192.9,754.7,,,,515.5,388.2,361.4,678.6,,,,,,,,,,,,,,,,,,,,,,,,,,,,,,,,,,,,,,,,,,,,,,,,,,,,,,,,,,,,,,,,,,,,,,,,,,,,,,,,,,,,,,,,,,,,,,,,,,,,,,,,,,,,,,,,,,,,,,,,,,,,,,,,,,,,,,,,,,,,,,,,,,,,,,,,,,,,,,,,,,,,,,,,,,,,,,,,,,,,,,,,,,,,,,,,
20260911_富山_2R,20260911,46,富山,2,367.7,106.8,307.0,328.2,150.3,,,271.0,45.4,306.0,729.7,73.8,,,32.3,17.5,39.8,122.4,3.5,,,212.2,395.2,123.8,847.0,176.0,,,803.9,578.4,384.0,1374.9,496.6,,,77.3,30.6,8.5,109.0,150.5,,,,,,,,,,,,,,,,,747.0,257.0,284.0,545.2,367.7,,,839.5,1200.8,765.0,832.1,1694.0,,,324.8,1009.2,346.2,589.2,832.1,,,120.8,293.7,193.2,69.1,314.1,,,600.4,777.6,758.9,230.8,1103.1,,,741.1,1664.3,1185.8,903.5,1530.1,,,,,,,,,,,,,,,,,194.0,55.1,268.7,379.4,65.6,,,510.0,612.0,532.9,512.8,784.0,,,87.5,327.1,348.7,948.6,192.0,,,377.9,288.3,658.8,817.8,1078.0,,,758.9,894.9,1355.2,1156.9,1635.6,,,245.1,600.4,353.9,847.0,1317.6,,,,,,,,,,,,,,,,,48.6,34.8,60.2,152.7,7.8,,,198.4,645.3,351.3,564.6,462.7,,,113.4,518.4,561.3,1317.6,271.8,,,168.5,230.2,608.1,1129.3,429.2,,,1078.0,1897.3,2432.5,3162.3,2313.8,,,61.3,284.0,234.2,291.9,1009.2,,,,,,,,,,,,,,,,,154.5,501.9,127.0,702.7,162.4,,,83.2,202.7,122.0,56.1,228.0,,,548.3,417.9,771.2,1065.9,1185.8,,,137.8,182.4,578.4,1116.1,427.3,,,1216.2,417.9,1355.2,2156.1,2964.6,,,518.4,921.0,1581.1,747.0,2564.0,,,,,,,,,,,,,,,,,2964.6,2371.7,1897.3,4517.5,2258.7,,,2108.2,2108.2,2964.6,832.1,3513.6,,,2108.2,2496.5,2635.2,3794.7,4993.1,,,2635.2,3794.7,3952.8,6324.6,5270.5,,,2964.6,948.6,3060.2,4517.5,6324.6,,,6324.6,7297.6,8624.4,6324.6,9999.9,,,,,,,,,,,,,,,,,248.3,175.6,40.4,262.7,702.7,,,636.7,1232.0,886.6,958.2,2371.7,,,363.4,1156.9,612.0,1395.1,2710.5,,,64.6,460.5,355.3,471.9,1607.9,,,574.9,998.6,1482.3,847.0,4124.7,,,3952.8,5270.5,4312.2,3648.8,5929.3,,,,,,,,,,,,,,,,,,,,,,,,,,,,,,,,,,,,,,,,,,,,,,,,,,,,,,,,,,,,,,,,,,,,,,,,,,,,,,,,,,,,,,,,,,,,,,,,,,,,,,,,,,,,,,,,,,,,,,,,,,,,,,,,
20260911_富山_3R,20260911,46,富山,3,123.6,269.8,19.5,50.7,70.5,,,337.7,290.3,128.1,429.8,159.9,,,684.8,719.6,415.5,886.6,719.6,,,7.0,17.1,56.6,30.0,7.4,,,189.1,551.6,827.5,202.2,445.3,,,61.7,80.7,235.8,20.8,164.9,,,,,,,,,,,,,,,,,76.6,190.6,17.3,33.6,78.0,,,389.4,598.2,514.5,453.4,384.9,,,1225.9,1439.2,1986.1,1418.6,1712.1,,,40.7,390.9,1003.0,172.7,278.9,,,36.0,104.9,380.4,81.4,207.7,,,136.4,190.2,763.8,287.8,361.1,,,,,,,,,,,,,,,,,684.8,554.7,350.9,1013.3,305.5,,,928.0,1306.6,1034.4,1225.9,704.2,,,699.3,1196.4,1103.3,1324.0,321.3,,,413.7,954.8,1045.3,1576.2,443.3,,,1627.9,1182.2,1576.2,2364.4,1712.1,,,120.9,252.0,83.5,195.4,405.3,,,,,,,,,,,,,,,,,1947.1,2112.8,1909.7,2256.9,1655.0,,,2026.6,2837.2,3819.4,3009.2,2920.7,,,2026.6,2758.4,2482.6,2256.9,704.2,,,1947.1,3819.4,2920.7,4965.2,3103.2,,,3424.3,3310.1,3103.2,4965.2,3972.2,,,1225.9,2068.8,719.6,1527.7,3009.2,,,,,,,,,,,,,,,,,18.3,38.6,97.4,69.5,21.7,,,69.6,496.5,856.0,262.7,274.3,,,213.1,644.8,405.3,666.4,261.3,,,640.6,2613.2,841.5,2026.6,1439.2,,,601.8,730.1,1341.9,2256.9,1103.3,,,78.0,194.3,124.2,395.6,352.1,,,,,,,,,,,,,,,,,649.0,1551.6,2206.7,886.6,1341.9,,,403.6,580.7,1091.2,670.9,775.8,,,1683.1,1341.9,1655.0,2613.2,1909.7,,,3819.4,3546.6,3203.3,4965.2,4513.8,,,1196.4,1379.2,2422.0,3310.1,1838.9,,,1986.1,1360.3,2683.9,3424.3,2256.9,,,,,,,,,,,,,,,,,132.5,98.0,259.9,51.0,300.0,,,202.6,301.8,820.7,267.6,392.5,,,68.4,196.2,73.2,118.7,366.4,,,878.8,1576.2,398.8,1576.2,1655.0,,,82.7,234.2,209.9,628.5,545.6,,,954.8,878.8,1257.0,1909.7,1128.4,,,,,,,,,,,,,,,,,,,,,,,,,,,,,,,,,,,,,,,,,,,,,,,,,,,,,,,,,,,,,,,,,,,,,,,,,,,,,,,,,,,,,,,,,,,,,,,,,,,,,,,,,,,,,,,,,,,,,,,,,,,,,,,,
20260911_富山_4R,20260911,46,富山,4,9999.9,9454.1,8898.0,9999.9,8403.6,,,9999.9,9999.9,4449.0,6302.7,5042.2,,,9999.9,9999.9,9454.1,9999.9,6050.6,,,9999.9,3361.4,9999.9,6875.7,9454.1,,,5216.0,5216.0,8403.6,6050.6,9999.9,,,4879.5,4201.8,7563.3,4879.5,9454.1,,,,,,,,,,,,,,,,,9999.9,5042.2,9999.9,8898.0,8898.0,,,9999.9,2521.1,1559.4,2908.9,2100.9,,,3437.8,1229.8,570.8,2401.0,536.4,,,4201.8,945.4,437.1,2160.9,619.9,,,7961.3,5042.2,5402.3,3689.4,4727.0,,,3689.4,2801.2,627.6,922.3,3689.4,,,,,,,,,,,,,,,,,6875.7,4321.8,706.8,1239.8,1362.7,,,7203.1,2257.7,1326.8,3781.6,2653.7,,,4201.8,1964.4,398.0,1454.4,632.9,,,232.7,353.4,164.7,75.7,80.9,,,1260.5,2521.1,1800.7,386.8,1050.4,,,1057.8,1483.0,511.0,173.8,697.0,,,,,,,,,,,,,,,,,5402.3,6875.7,5817.9,4321.8,4583.8,,,2160.9,849.8,407.7,2291.9,409.9,,,4879.5,1292.8,461.1,1304.0,619.9,,,1626.5,313.8,250.0,1001.7,206.3,,,5042.2,5042.2,2908.9,3218.4,3980.6,,,1822.4,435.9,399.1,256.3,1718.9,,,,,,,,,,,,,,,,,1229.8,270.6,654.8,415.5,509.3,,,730.7,153.7,50.1,562.3,124.4,,,19.6,46.5,12.3,2.8,5.8,,,212.1,35.8,46.4,175.4,26.8,,,154.1,681.3,36.1,305.5,140.7,,,92.1,50.6,10.9,16.0,48.8,,,,,,,,,,,,,,,,,8898.0,4321.8,7961.3,7203.1,9454.1,,,9999.9,7961.3,9999.9,6576.7,6576.7,,,2608.0,6576.7,3361.4,723.7,3151.3,,,9999.9,8898.0,4583.8,5216.0,4879.5,,,3781.6,3288.3,690.7,3025.3,1662.2,,,6875.7,5042.2,4088.2,4449.0,1890.8,,,,,,,,,,,,,,,,,3601.5,2401.0,3025.3,2653.7,2908.9,,,2291.9,752.5,391.8,411.0,1609.2,,,663.4,468.3,230.5,79.2,338.4,,,975.9,247.5,250.0,150.6,716.9,,,354.2,139.5,25.2,62.6,185.3,,,2653.7,2401.0,1281.9,2160.9,869.3,,,,,,,,,,,,,,,,,,,,,,,,,,,,,,,,,,,,,,,,,,,,,,,,,,,,,,,,,,,,,,,,,,,,,,,,,,,,,,,,,,,,,,,,,,,,,,,,,,,,,,,,,,,,,,,,,,,,,,,,,,,,,,,,
20260911_富山_5R,20260911,46,富山,5,3919.0,3617.5,8817.8,8817.8,9999.9,,,4408.9,1659.8,5225.4,4551.1,5225.4,,,3067.0,1808.7,5643.4,2879.3,3712.7,,,9999.9,8299.1,9999.9,9999.9,9999.9,,,7054.3,4865.0,3206.5,7425.5,8299.1,,,6134.1,7054.3,5038.7,5426.3,9999.9,,,,,,,,,,,,,,,,,4702.8,3206.5,9999.9,7838.1,8299.1,,,3359.1,522.5,3067.0,1195.6,2879.3,,,1699.8,368.3,2475.1,632.6,1369.7,,,8817.8,4551.1,4551.1,4865.0,8299.1,,,5643.4,1356.5,966.3,4865.0,3617.5,,,7425.5,4275.3,2519.3,6134.1,5038.7,,,,,,,,,,,,,,,,,1331.0,423.6,1720.5,1052.8,1454.4,,,712.5,136.3,916.1,307.3,538.4,,,110.1,35.5,122.7,21.4,57.8,,,2275.5,1959.5,555.4,1331.0,2351.4,,,503.8,179.4,53.9,502.0,246.6,,,1110.9,532.4,199.2,1102.2,452.1,,,,,,,,,,,,,,,,,212.7,79.5,678.2,197.5,381.3,,,98.8,14.0,162.7,30.3,62.1,,,27.0,8.2,39.5,4.7,13.6,,,742.5,404.2,142.7,219.0,468.7,,,62.7,15.1,5.0,67.5,23.9,,,207.4,75.0,30.5,276.0,62.0,,,,,,,,,,,,,,,,,9999.9,8817.8,7054.3,9999.9,8817.8,,,9999.9,4551.1,4408.9,4865.0,8817.8,,,8299.1,4149.5,2044.7,3067.0,3813.1,,,5225.4,3067.0,1932.6,2015.5,2821.7,,,8817.8,4408.9,2939.2,2519.3,3813.1,,,9405.7,6718.3,5426.3,4031.0,5225.4,,,,,,,,,,,,,,,,,3712.7,3135.2,2391.2,9999.9,8817.8,,,3001.8,860.2,553.2,2713.1,1932.6,,,1469.6,486.5,111.1,1439.6,716.1,,,518.6,160.1,64.3,468.7,237.5,,,7838.1,5225.4,3206.5,1621.6,4408.9,,,4865.0,2662.0,1585.2,734.8,3135.2,,,,,,,,,,,,,,,,,6718.3,6134.1,3359.1,9999.9,7425.5,,,9405.7,2015.5,1621.6,8299.1,3919.0,,,3712.7,1119.7,370.3,4031.0,966.3,,,1699.8,746.4,298.9,2015.5,478.2,,,9999.9,9999.9,5225.4,3527.1,4865.0,,,5426.3,2821.7,1469.6,953.2,3359.1,,,,,,,,,,,,,,,,,,,,,,,,,,,,,,,,,,,,,,,,,,,,,,,,,,,,,,,,,,,,,,,,,,,,,,,,,,,,,,,,,,,,,,,,,,,,,,,,,,,,,,,,,,,,,,,,,,,,,,,,,,,,,,,,
20260911_富山_6R,20260911,46,富山,6,212.2,145.8,695.1,210.7,393.2,,,136.5,6.3,83.2,13.5,38.0,,,71.2,4.0,32.2,3.7,17.9,,,675.9,188.7,131.3,227.7,396.4,,,146.8,18.7,8.5,106.2,48.6,,,349.2,69.4,50.0,257.7,81.4,,,,,,,,,,,,,,,,,4583.6,3964.2,8628.0,5238.4,9999.9,,,9999.9,9999.9,9999.9,9999.9,9999.9,,,4314.0,9999.9,9999.9,9167.3,9999.9,,,8148.7,8628.0,9999.9,9999.9,9999.9,,,9778.5,9778.5,6377.2,9999.9,9999.9,,,9167.3,9999.9,9999.9,9167.3,9999.9,,,,,,,,,,,,,,,,,1275.4,256.8,905.4,273.6,833.3,,,5867.1,5641.4,9999.9,6377.2,9999.9,,,388.0,3411.1,2404.5,608.6,1955.7,,,2876.0,9999.9,4731.5,5867.1,4314.0,,,596.2,3333.5,715.5,3188.6,3760.9,,,2189.2,7719.8,2767.5,4731.5,5641.4,,,,,,,,,,,,,,,,,350.9,55.8,217.9,50.0,137.5,,,1810.8,3859.9,5432.5,4190.7,8148.7,,,192.7,1810.8,1182.8,264.2,444.4,,,1202.2,5057.8,3055.7,2820.7,3492.3,,,194.0,1629.7,332.6,1383.7,719.0,,,497.2,5238.4,1164.1,1767.1,1018.5,,,,,,,,,,,,,,,,,4889.2,3259.5,3259.5,5432.5,4190.7,,,9999.9,9778.5,8628.0,9999.9,9778.5,,,4190.7,9999.9,9999.9,8628.0,6984.6,,,4190.7,9999.9,8628.0,8148.7,9778.5,,,8628.0,9778.5,7333.8,6377.2,9167.3,,,5641.4,9999.9,6984.6,9999.9,9999.9,,,,,,,,,,,,,,,,,1767.1,461.2,312.0,1611.8,1182.8,,,5641.4,5432.5,7333.8,9999.9,9999.9,,,722.5,4074.3,797.1,4583.6,3577.5,,,421.4,3964.2,776.0,3055.7,1666.7,,,5641.4,9999.9,5238.4,6377.2,9999.9,,,2404.5,9778.5,4444.7,2037.1,6984.6,,,,,,,,,,,,,,,,,3964.2,1481.5,847.8,2876.0,1929.9,,,8628.0,9999.9,9999.9,9999.9,9999.9,,,2666.8,8628.0,3492.3,4889.2,6111.5,,,1309.6,9999.9,5057.8,4583.6,2157.0,,,4889.2,9999.9,5641.4,9999.9,9999.9,,,2619.2,9999.9,5432.5,2365.7,5867.1,,,,,,,,,,,,,,,,,,,,,,,,,,,,,,,,,,,,,,,,,,,,,,,,,,,,,,,,,,,,,,,,,,,,,,,,,,,,,,,,,,,,,,,,,,,,,,,,,,,,,,,,,,,,,,,,,,,,,,,,,,,,,,,,
20260911_富山_7R,20260911,46,富山,7,481.5,152.8,551.7,569.5,191.9,,,320.0,120.3,337.3,251.6,198.3,,,66.6,79.6,93.1,225.8,42.9,,,326.9,304.4,134.9,450.8,248.1,,,1177.1,674.7,430.6,834.1,1115.1,,,75.3,205.7,72.5,275.8,443.2,,,,,,,,,,,,,,,,,720.6,354.3,1307.9,1998.8,374.3,,,692.4,381.0,1324.2,1008.9,383.8,,,268.8,340.6,706.2,890.2,132.5,,,1736.7,1629.8,1081.0,1605.1,808.7,,,2716.4,1431.6,1629.8,2942.8,1393.9,,,235.4,260.2,116.0,417.0,588.5,,,,,,,,,,,,,,,,,254.6,103.8,254.0,231.3,158.3,,,273.7,185.5,612.3,435.9,203.3,,,57.3,94.7,153.3,85.2,39.6,,,417.0,563.5,299.2,535.0,415.4,,,241.3,238.6,104.5,257.1,133.0,,,132.9,69.6,70.1,276.6,169.7,,,,,,,,,,,,,,,,,37.6,39.4,48.9,159.7,21.6,,,64.9,116.4,189.1,326.9,42.7,,,39.3,72.2,96.4,68.6,33.3,,,73.0,144.3,129.1,291.8,91.5,,,314.3,546.0,252.2,435.9,430.6,,,20.1,13.1,29.6,75.1,192.2,,,,,,,,,,,,,,,,,460.6,278.7,171.4,706.2,263.5,,,980.9,1190.3,645.9,1557.9,715.8,,,316.2,784.7,283.2,578.9,346.2,,,150.2,326.9,213.1,548.9,178.6,,,1151.5,1513.4,674.7,971.9,1451.2,,,437.7,450.8,527.0,361.5,1358.2,,,,,,,,,,,,,,,,,2648.5,1127.0,1038.6,2118.8,2407.7,,,3115.9,1736.7,1736.7,3783.6,1998.8,,,605.3,756.7,345.0,658.0,649.9,,,1115.1,1412.5,529.7,1261.2,1139.1,,,2254.0,3783.6,1092.1,1431.6,3115.9,,,2037.3,1795.6,1375.8,954.4,2583.9,,,,,,,,,,,,,,,,,83.8,164.5,68.9,275.1,619.5,,,54.3,53.6,20.7,81.6,210.6,,,149.6,90.8,77.1,268.8,202.5,,,45.6,24.6,56.1,113.1,262.2,,,420.4,290.2,441.4,263.5,1203.8,,,1092.1,711.0,605.3,626.8,1151.5,,,,,,,,,,,,,,,,,,,,,,,,,,,,,,,,,,,,,,,,,,,,,,,,,,,,,,,,,,,,,,,,,,,,,,,,,,,,,,,,,,,,,,,,,,,,,,,,,,,,,,,,,,,,,,,,,,,,,,,,,,,,,,,,
20260911_富山_8R,20260911,46,富山,8,64.9,161.4,192.4,494.0,70.2,,,24.2,14.7,50.4,190.2,24.4,,,80.0,28.0,158.9,602.6,68.9,,,159.6,97.5,215.1,195.7,111.8,,,928.2,639.4,1421.0,742.6,752.3,,,16.3,20.3,48.1,48.3,193.1,,,,,,,,,,,,,,,,,215.5,398.2,657.7,1386.8,365.4,,,185.6,157.4,373.7,959.2,334.6,,,441.0,218.0,1251.1,1770.9,550.7,,,793.8,518.5,1199.0,852.6,1009.7,,,1827.1,1644.4,1950.9,1151.0,1918.4,,,408.1,693.4,1065.8,975.4,1403.7,,,,,,,,,,,,,,,,,30.2,17.5,57.7,205.5,36.8,,,62.7,31.5,110.8,241.8,93.2,,,15.6,15.8,33.2,138.3,35.8,,,119.7,121.0,81.1,252.9,189.9,,,646.6,793.8,561.5,612.2,1128.5,,,110.8,195.7,136.5,252.9,569.8,,,,,,,,,,,,,,,,,348.8,97.7,509.3,1293.3,176.5,,,454.9,197.1,885.4,1950.9,558.7,,,49.5,25.9,81.0,270.2,87.9,,,710.5,1027.7,312.7,1027.7,1096.2,,,2349.1,2557.9,1251.1,1770.9,2807.5,,,469.8,1027.7,454.9,1199.0,2055.5,,,,,,,,,,,,,,,,,307.7,182.1,312.7,373.7,164.2,,,639.4,382.4,757.2,632.4,733.1,,,202.2,219.2,158.7,274.7,293.6,,,561.5,777.7,206.6,706.1,496.1,,,395.5,274.0,261.6,473.6,384.9,,,332.6,575.5,338.5,569.8,747.4,,,,,,,,,,,,,,,,,3111.0,1770.9,3029.1,1744.0,2131.6,,,3597.1,2740.6,3029.1,2092.8,3111.0,,,1598.7,2019.4,1887.0,1323.0,2877.7,,,3836.9,3488.1,2349.1,1887.0,2951.5,,,983.8,959.2,828.1,1308.0,1308.0,,,2557.9,3111.0,2877.7,3197.4,2449.1,,,,,,,,,,,,,,,,,93.5,95.6,177.6,141.0,502.6,,,206.6,609.0,1199.0,374.9,1457.0,,,205.9,437.6,383.6,525.6,1046.4,,,444.4,1293.3,622.2,1403.7,1984.6,,,302.9,661.5,643.0,1555.5,1237.7,,,1438.8,2557.9,2092.8,2398.0,1475.7,,,,,,,,,,,,,,,,,,,,,,,,,,,,,,,,,,,,,,,,,,,,,,,,,,,,,,,,,,,,,,,,,,,,,,,,,,,,,,,,,,,,,,,,,,,,,,,,,,,,,,,,,,,,,,,,,,,,,,,,,,,,,,,,
20260911_富山_9R,20260911,46,富山,9,2060.4,927.2,1545.3,1918.3,1445.0,,,1059.6,203.7,674.3,855.8,259.3,,,182.7,38.5,57.6,123.7,2.7,,,722.5,686.8,286.0,542.7,469.4,,,1738.5,1324.5,567.6,427.9,756.9,,,467.5,132.3,20.3,200.1,377.1,,,,,,,,,,,,,,,,,5298.3,2418.8,3973.7,3179.0,2587.5,,,5563.3,4837.6,3371.7,5057.5,4837.6,,,2418.8,5057.5,4120.9,4120.9,2367.3,,,3371.7,3589.2,3477.0,2181.6,5057.5,,,3272.5,4450.6,5057.5,2587.5,6545.0,,,2472.5,4450.6,2418.8,5298.3,4636.0,,,,,,,,,,,,,,,,,3272.5,368.4,1986.8,2270.7,595.0,,,4450.6,3589.2,3477.0,5057.5,3708.8,,,339.2,2099.3,1567.1,2060.4,395.9,,,2318.0,2472.5,2270.7,1685.8,2270.7,,,2528.7,2852.9,2781.6,2023.0,3589.2,,,614.7,2367.3,519.9,2060.4,1794.6,,,,,,,,,,,,,,,,,168.5,32.8,49.1,106.4,2.4,,,883.0,1986.8,1685.8,2928.0,1340.5,,,160.5,1135.3,585.6,993.4,186.0,,,270.7,1183.6,806.2,842.9,459.7,,,632.1,2528.7,1373.6,1209.4,1123.9,,,8.2,361.2,63.3,126.0,309.0,,,,,,,,,,,,,,,,,1952.0,1340.5,618.1,789.1,912.0,,,2472.5,2928.0,1711.7,1408.4,2928.0,,,3007.1,3708.8,1503.5,1373.6,3007.1,,,635.8,1711.7,1222.7,967.5,767.3,,,1503.5,736.8,1209.4,1183.6,1147.0,,,1589.5,2852.9,2928.0,1059.6,1986.8,,,,,,,,,,,,,,,,,3708.8,2270.7,1445.0,1636.2,1854.4,,,3477.0,3272.5,5057.5,2528.7,5563.3,,,2587.5,3272.5,3272.5,2367.3,2928.0,,,1612.5,4120.9,3272.5,1952.0,2023.0,,,1278.9,717.8,1483.5,1503.5,1885.8,,,1885.8,4837.6,4450.6,2713.8,2528.7,,,,,,,,,,,,,,,,,1049.6,285.2,43.6,503.4,869.2,,,2225.3,2713.8,1986.8,3477.0,5057.5,,,505.7,2270.7,356.6,1390.8,2367.3,,,28.4,935.0,172.2,303.1,778.0,,,1183.6,2713.8,1952.0,942.9,2367.3,,,1464.0,5057.5,4450.6,2181.6,2418.8,,,,,,,,,,,,,,,,,,,,,,,,,,,,,,,,,,,,,,,,,,,,,,,,,,,,,,,,,,,,,,,,,,,,,,,,,,,,,,,,,,,,,,,,,,,,,,,,,,,,,,,,,,,,,,,,,,,,,,,,,,,,,,,,
20260911_富山_10R,20260911,46,富山,10,235.3,93.2,1103.7,656.4,251.9,,,267.6,113.6,341.7,342.6,392.2,,,14.7,16.1,185.6,74.6,6.7,,,3563.6,2227.2,1259.8,3668.4,3370.9,,,815.2,284.7,387.3,1619.8,1094.0,,,352.3,561.8,82.2,1199.2,1285.8,,,,,,,,,,,,,,,,,733.6,212.4,2114.0,1918.8,569.5,,,1385.8,1165.6,1708.5,2150.4,3042.1,,,183.6,649.6,2188.1,1199.2,374.5,,,4797.1,3370.9,5196.9,5939.3,5422.8,,,4454.5,1948.8,1834.2,6236.3,5196.9,,,1247.2,3779.5,1048.1,5669.3,5196.9,,,,,,,,,,,,,,,,,809.9,274.7,952.1,1165.6,884.5,,,1030.7,733.6,1176.6,1918.8,2150.4,,,231.8,696.7,826.0,866.1,561.8,,,1918.8,1199.2,1417.3,1385.8,2398.5,,,1075.2,1484.8,1066.0,681.5,1979.7,,,1484.8,3370.9,1578.8,2969.6,4300.9,,,,,,,,,,,,,,,,,7.7,12.2,104.5,69.8,2.0,,,47.1,206.5,794.4,677.8,143.6,,,76.8,260.3,509.0,559.3,214.6,,,738.0,2267.7,1559.0,3282.2,1861.5,,,491.0,966.8,937.7,2653.7,1199.2,,,18.3,95.7,183.9,561.8,521.8,,,,,,,,,,,,,,,,,7795.4,7795.4,2771.7,9999.9,4454.5,,,9999.9,8909.0,6929.2,9999.9,9999.9,,,5939.3,9999.9,3779.5,3042.1,9594.3,,,2900.6,9999.9,4454.5,9999.9,6236.3,,,9999.9,9999.9,3464.6,9594.3,9999.9,,,9594.3,9594.3,9999.9,7795.4,9999.9,,,,,,,,,,,,,,,,,5669.3,1979.7,1484.8,8315.1,4619.5,,,4454.5,2598.4,1948.8,7336.8,5422.8,,,1559.0,2114.0,1502.7,1048.1,3563.6,,,1433.6,1807.6,1979.7,3464.6,2711.4,,,5939.3,9594.3,2398.5,4989.0,6564.5,,,5669.3,8315.1,8909.0,5196.9,9594.3,,,,,,,,,,,,,,,,,1299.2,2114.0,163.2,5669.3,3198.1,,,1708.5,3779.5,1326.8,6929.2,6929.2,,,2078.7,6564.5,1948.8,8909.0,8315.1,,,111.7,837.0,1210.9,2545.4,2011.7,,,8909.0,6929.2,6929.2,4989.0,7795.4,,,6564.5,8315.1,5939.3,4619.5,6564.5,,,,,,,,,,,,,,,,,,,,,,,,,,,,,,,,,,,,,,,,,,,,,,,,,,,,,,,,,,,,,,,,,,,,,,,,,,,,,,,,,,,,,,,,,,,,,,,,,,,,,,,,,,,,,,,,,,,,,,,,,,,,,,,,
20260911_富山_11R,20260911,46,富山,11,138.0,43.9,50.3,157.7,58.6,,,284.5,574.9,379.3,312.4,82.0,,,427.3,878.2,697.0,619.6,495.7,,,48.0,266.8,184.0,327.0,150.3,,,433.9,343.1,583.9,533.6,266.1,,,18.1,10.1,106.1,45.8,67.0,,,,,,,,,,,,,,,,,213.6,52.2,84.1,252.9,75.6,,,560.4,391.3,633.7,571.9,363.3,,,66.8,134.2,88.0,83.9,92.1,,,76.2,170.0,56.1,157.3,80.6,,,500.1,609.4,285.2,474.6,521.1,,,77.0,141.9,115.1,161.1,323.2,,,,,,,,,,,,,,,,,659.9,1253.1,838.6,633.7,159.7,,,814.1,1593.3,1549.0,1104.2,506.9,,,2593.8,2593.8,3485.4,2144.8,1715.9,,,1004.8,1770.3,2935.1,1890.4,921.7,,,945.2,1104.2,1798.9,1570.9,796.6,,,117.6,237.8,688.4,395.5,244.5,,,,,,,,,,,,,,,,,1174.0,1890.4,2276.2,2478.5,1004.8,,,1032.7,1798.9,705.9,1664.6,1267.4,,,2720.3,2478.5,3983.3,2720.3,2276.2,,,2276.2,1004.8,2788.3,2323.6,2655.5,,,2859.8,2534.8,2935.1,2788.3,2373.0,,,1239.2,1487.1,2027.8,2593.8,2027.8,,,,,,,,,,,,,,,,,169.5,724.2,728.9,851.4,337.9,,,152.1,402.6,164.2,401.2,208.8,,,1052.2,1186.5,2534.8,1742.7,892.2,,,1487.1,680.0,2027.8,1593.3,2027.8,,,1527.8,914.2,1126.6,1664.6,1225.6,,,366.8,416.1,583.9,1225.6,1042.3,,,,,,,,,,,,,,,,,871.3,763.9,1549.0,1212.3,451.5,,,945.2,995.8,914.2,878.2,763.9,,,906.7,1253.1,1770.3,1858.9,814.1,,,2424.6,1616.4,2276.2,2478.5,1956.7,,,1770.3,1115.3,1174.0,2186.9,1549.0,,,424.0,705.9,596.4,1360.1,1023.2,,,,,,,,,,,,,,,,,11.6,4.7,89.3,40.6,48.0,,,38.2,63.0,99.4,140.1,172.6,,,14.3,32.7,184.6,108.9,52.8,,,354.0,425.7,474.6,844.9,667.8,,,151.9,179.8,198.1,528.5,458.9,,,141.7,284.5,144.8,470.6,491.3,,,,,,,,,,,,,,,,,,,,,,,,,,,,,,,,,,,,,,,,,,,,,,,,,,,,,,,,,,,,,,,,,,,,,,,,,,,,,,,,,,,,,,,,,,,,,,,,,,,,,,,,,,,,,,,,,,,,,,,,,,,,,,,,
20260911_武雄_1R,20260911,84,武雄,1,39.9,21.5,28.7,83.9,,,,76.5,65.7,91.3,110.1,,,,15.7,30.8,18.3,12.8,,,,61.3,79.3,62.8,173.1,,,,161.8,117.6,48.5,176.2,,,,,,,,,,,,,,,,,,,,,,,,,69.9,46.2,68.9,182.0,,,,163.0,249.2,116.1,412.7,,,,102.6,220.8,168.1,214.6,,,,79.6,36.6,102.4,280.9,,,,378.6,556.7,429.0,637.4,,,,,,,,,,,,,,,,,,,,,,,,,151.0,137.7,186.3,209.4,,,,184.5,276.0,144.9,468.8,,,,234.9,440.7,341.9,232.8,,,,206.6,105.1,203.0,316.6,,,,389.0,538.1,462.4,454.9,,,,,,,,,,,,,,,,,,,,,,,,,40.8,37.2,21.1,9.9,,,,108.8,250.5,154.4,218.6,,,,116.4,288.5,155.9,168.8,,,,67.9,138.8,87.7,117.0,,,,21.2,172.3,102.0,91.9,,,,,,,,,,,,,,,,,,,,,,,,,136.8,107.3,153.5,400.1,,,,103.8,26.6,106.4,246.8,,,,97.0,35.8,95.3,173.3,,,,164.1,187.7,107.0,239.5,,,,655.9,532.2,310.5,494.1,,,,,,,,,,,,,,,,,,,,,,,,,372.3,333.1,127.7,444.8,,,,521.5,734.2,556.7,755.5,,,,397.7,693.6,407.3,614.3,,,,94.3,356.3,207.0,239.8,,,,562.2,837.8,602.3,426.8,,,,,,,,,,,,,,,,,,,,,,,,,,,,,,,,,,,,,,,,,,,,,,,,,,,,,,,,,,,,,,,,,,,,,,,,,,,,,,,,,,,,,,,,,,,,,,,,,,,,,,,,,,,,,,,,,,,,,,,,,,,,,,,,,,,,,,,,,,,,,,,,,,,,,,,,,,,,,,,,,,,,,,,,,,,,,,,,,,,,,,,,,,,,,,,,
20260911_武雄_2R,20260911,84,武雄,2,81.2,81.6,17.9,61.5,,,,183.2,147.9,158.3,248.8,,,,219.7,264.9,277.7,387.0,,,,17.4,113.0,98.8,52.5,,,,45.8,105.0,107.4,39.7,,,,,,,,,,,,,,,,,,,,,,,,,52.7,61.8,13.2,57.4,,,,143.6,112.7,100.0,382.0,,,,171.0,142.8,129.5,396.7,,,,7.0,22.7,22.8,36.4,,,,165.1,466.2,349.8,156.4,,,,,,,,,,,,,,,,,,,,,,,,,284.3,331.2,220.7,361.6,,,,256.9,197.0,114.1,704.9,,,,297.9,174.6,155.3,496.6,,,,209.9,77.9,154.5,503.9,,,,811.2,1161.1,978.8,880.5,,,,,,,,,,,,,,,,,,,,,,,,,539.5,593.6,731.1,656.1,,,,495.5,319.6,417.0,1034.4,,,,381.4,240.9,279.3,580.5,,,,797.5,409.1,524.0,995.2,,,,1096.6,1246.7,955.1,1214.7,,,,,,,,,,,,,,,,,,,,,,,,,23.9,130.5,110.8,72.8,,,,8.5,18.5,19.3,26.7,,,,150.0,56.7,127.7,337.9,,,,289.2,79.2,171.0,398.7,,,,143.2,106.3,367.2,294.9,,,,,,,,,,,,,,,,,,,,,,,,,145.9,293.1,260.5,129.4,,,,259.1,883.8,648.9,324.0,,,,751.9,1178.5,717.8,966.8,,,,925.3,1101.7,1071.8,1138.8,,,,250.6,224.3,638.4,572.1,,,,,,,,,,,,,,,,,,,,,,,,,,,,,,,,,,,,,,,,,,,,,,,,,,,,,,,,,,,,,,,,,,,,,,,,,,,,,,,,,,,,,,,,,,,,,,,,,,,,,,,,,,,,,,,,,,,,,,,,,,,,,,,,,,,,,,,,,,,,,,,,,,,,,,,,,,,,,,,,,,,,,,,,,,,,,,,,,,,,,,,,,,,,,,,,
20260911_武雄_3R,20260911,84,武雄,3,162.5,192.2,109.0,110.1,198.1,,,203.8,141.2,327.4,368.4,158.6,,,430.8,294.2,479.3,504.8,393.7,,,213.1,445.6,454.6,568.8,374.0,,,437.7,1020.1,971.9,778.7,1313.1,,,277.3,211.3,327.4,306.6,667.2,,,,,,,,,,,,,,,,,134.8,172.7,46.3,59.0,168.1,,,183.9,130.6,82.5,242.7,121.3,,,276.1,241.0,197.9,223.0,321.8,,,22.2,31.4,64.2,17.9,40.9,,,64.2,197.4,178.6,42.0,228.3,,,137.2,86.7,134.9,64.6,126.9,,,,,,,,,,,,,,,,,313.6,191.8,363.0,721.8,136.9,,,270.3,138.9,182.0,227.7,112.3,,,86.2,88.9,166.3,251.6,26.4,,,396.9,238.2,255.8,769.0,193.1,,,1645.8,680.0,938.6,1552.6,878.5,,,54.9,46.7,16.2,74.9,227.5,,,,,,,,,,,,,,,,,299.2,244.9,554.7,441.6,304.7,,,299.9,260.4,244.9,252.1,372.3,,,126.4,134.3,236.9,476.5,48.7,,,717.6,437.7,413.5,1210.1,628.1,,,995.4,754.9,1738.5,1899.0,1788.9,,,270.1,286.0,95.5,408.7,636.2,,,,,,,,,,,,,,,,,192.5,441.6,517.5,481.2,390.0,,,78.1,77.4,108.2,23.0,77.9,,,434.6,208.3,185.7,734.7,209.0,,,680.0,307.8,391.8,924.6,541.3,,,796.3,169.4,1394.7,1613.5,1285.7,,,262.6,120.4,163.5,326.1,483.1,,,,,,,,,,,,,,,,,788.7,2285.8,1679.4,1371.5,2468.7,,,517.5,1299.3,884.8,232.0,1170.0,,,2683.3,2244.2,1990.9,2420.3,3381.8,,,2328.9,1714.3,3206.1,3165.0,3798.0,,,1327.2,436.9,2040.2,2519.1,2092.1,,,2974.3,1533.3,3248.3,3336.1,2351.1,,,,,,,,,,,,,,,,,213.9,161.5,244.9,254.7,509.0,,,126.3,74.8,125.8,63.1,80.7,,,53.5,35.6,18.0,49.4,264.6,,,229.8,190.4,67.2,273.6,644.5,,,201.3,82.7,104.9,182.7,368.4,,,897.7,453.8,1181.2,1313.1,904.2,,,,,,,,,,,,,,,,,,,,,,,,,,,,,,,,,,,,,,,,,,,,,,,,,,,,,,,,,,,,,,,,,,,,,,,,,,,,,,,,,,,,,,,,,,,,,,,,,,,,,,,,,,,,,,,,,,,,,,,,,,,,,,,,
20260911_武雄_4R,20260911,84,武雄,4,102.8,248.2,94.9,363.2,118.5,,,78.3,54.0,34.5,179.1,100.4,,,377.6,154.1,220.7,665.7,374.7,,,40.7,19.6,80.3,21.2,61.4,,,567.7,356.9,737.2,120.9,521.0,,,185.8,189.6,315.0,202.4,540.4,,,,,,,,,,,,,,,,,217.9,510.3,140.2,569.0,162.9,,,172.2,165.4,202.2,596.5,120.7,,,720.0,571.7,875.8,1372.1,660.3,,,88.5,154.8,381.7,156.8,109.6,,,953.6,1387.5,1461.4,720.0,860.5,,,93.9,84.9,193.7,76.7,189.2,,,,,,,,,,,,,,,,,54.8,40.2,17.1,124.3,85.4,,,62.6,68.7,80.0,301.9,55.3,,,29.8,48.7,30.6,104.7,49.0,,,19.0,72.8,50.8,54.3,97.5,,,327.5,711.7,369.1,223.5,596.5,,,163.8,106.1,104.9,174.6,331.5,,,,,,,,,,,,,,,,,908.0,291.9,532.2,1816.0,901.4,,,1452.8,651.6,1603.8,2744.2,1241.1,,,199.3,301.9,232.7,735.0,302.3,,,689.9,1691.6,466.0,1320.7,1914.6,,,3012.0,3686.3,1727.1,2041.2,3126.4,,,1165.0,928.5,435.6,1364.5,2185.7,,,,,,,,,,,,,,,,,41.2,27.9,91.0,18.2,66.0,,,84.7,187.9,318.2,159.2,168.8,,,48.7,153.1,120.9,104.3,228.6,,,295.7,724.2,263.0,493.9,757.6,,,47.7,206.3,160.6,304.9,216.2,,,199.8,298.6,286.1,526.6,309.8,,,,,,,,,,,,,,,,,1427.6,964.7,1829.5,270.5,1583.2,,,2397.9,2905.7,3249.8,1593.4,1871.1,,,1176.1,2286.9,1583.2,987.9,1857.0,,,3478.6,3686.3,2352.2,2058.2,2871.9,,,240.2,682.2,589.4,1008.1,840.0,,,2775.1,1802.8,2129.1,2374.8,1515.2,,,,,,,,,,,,,,,,,468.6,515.6,781.6,551.3,1260.1,,,237.2,225.1,368.0,225.5,481.4,,,447.4,363.7,367.5,626.8,1204.8,,,1204.8,894.8,600.9,1435.9,2129.1,,,485.2,555.0,649.9,1112.5,709.7,,,1885.3,1327.8,1960.2,2308.2,1273.1,,,,,,,,,,,,,,,,,,,,,,,,,,,,,,,,,,,,,,,,,,,,,,,,,,,,,,,,,,,,,,,,,,,,,,,,,,,,,,,,,,,,,,,,,,,,,,,,,,,,,,,,,,,,,,,,,,,,,,,,,,,,,,,,
20260911_武雄_5R,20260911,84,武雄,5,346.7,273.2,223.3,765.5,100.4,,,376.3,655.8,187.7,503.5,130.5,,,340.5,609.0,507.7,1236.3,109.3,,,228.7,141.7,372.3,909.0,82.1,,,2095.4,2010.2,2842.1,2424.1,1268.0,,,20.5,25.6,11.0,28.3,168.8,,,,,,,,,,,,,,,,,520.5,357.8,331.9,1150.0,119.3,,,668.2,1089.2,541.0,909.0,532.9,,,616.6,1166.3,1329.3,1916.7,390.6,,,396.2,463.0,838.1,1351.1,325.3,,,3296.8,2424.1,2943.6,2523.1,2268.5,,,80.3,312.2,145.0,213.8,618.1,,,,,,,,,,,,,,,,,744.7,1454.5,266.4,824.2,301.1,,,892.6,1741.3,470.0,895.8,744.7,,,2207.7,2247.8,1791.7,1778.8,1931.7,,,157.9,200.2,609.0,103.9,158.7,,,1017.5,725.1,2400.6,374.0,933.0,,,302.2,595.8,775.1,280.6,675.5,,,,,,,,,,,,,,,,,829.7,1555.1,1329.3,3532.3,190.7,,,933.0,1902.0,1873.2,3636.2,558.1,,,2943.6,2875.1,4415.4,4665.4,1753.6,,,1705.2,3052.6,4665.4,4415.4,1358.6,,,6030.8,6030.8,7064.7,4848.3,4338.0,,,130.4,285.8,604.5,824.2,1659.5,,,,,,,,,,,,,,,,,212.6,105.7,367.9,408.0,68.8,,,300.0,276.5,568.4,936.6,235.7,,,73.9,113.3,400.7,54.7,64.2,,,749.2,1075.0,1274.5,2113.3,603.0,,,1705.2,1516.9,517.2,2354.9,1322.2,,,53.1,131.1,117.2,145.4,498.5,,,,,,,,,,,,,,,,,6868.5,6181.6,7272.5,5750.3,3482.6,,,6181.6,3253.5,7727.0,5619.6,5151.3,,,4338.0,2630.4,5260.9,1166.3,4755.1,,,7727.0,6340.1,8830.9,5750.3,6181.6,,,6181.6,4338.0,1242.5,5046.2,3532.3,,,3296.8,3583.5,5260.9,3434.2,3746.4,,,,,,,,,,,,,,,,,7.8,20.7,4.8,23.8,115.5,,,26.6,107.5,47.6,114.7,357.8,,,103.8,243.3,247.2,209.7,474.6,,,16.1,31.4,112.9,146.8,357.8,,,59.6,131.3,182.6,173.2,606.0,,,595.8,1236.3,1336.5,1177.4,1373.7,,,,,,,,,,,,,,,,,,,,,,,,,,,,,,,,,,,,,,,,,,,,,,,,,,,,,,,,,,,,,,,,,,,,,,,,,,,,,,,,,,,,,,,,,,,,,,,,,,,,,,,,,,,,,,,,,,,,,,,,,,,,,,,,
20260911_武雄_6R,20260911,84,武雄,6,152.1,217.7,204.2,376.1,217.3,,,50.9,34.2,36.3,110.2,44.6,,,83.9,25.2,21.1,66.0,9.4,,,65.0,18.9,16.9,8.7,20.1,,,357.8,179.5,179.6,58.6,191.0,,,106.0,53.5,17.6,42.5,95.0,,,,,,,,,,,,,,,,,729.8,1468.0,888.9,2518.7,1668.2,,,498.8,1023.5,590.6,1057.2,742.5,,,2158.9,1585.8,3058.4,3723.3,1747.7,,,1217.5,1822.0,3834.5,2423.7,2919.4,,,3618.4,1784.1,3670.1,3425.5,4281.8,,,2071.8,2088.7,2123.2,3618.4,5138.2,,,,,,,,,,,,,,,,,106.1,124.9,81.3,228.9,122.9,,,74.5,219.3,84.1,204.0,110.2,,,196.1,409.0,454.7,734.0,254.1,,,152.8,265.9,510.7,301.1,347.6,,,605.9,715.6,1690.2,698.1,969.4,,,291.9,381.7,283.8,407.7,629.6,,,,,,,,,,,,,,,,,256.9,85.7,50.1,160.2,21.3,,,795.3,867.9,1427.2,1615.8,749.0,,,189.8,517.9,488.4,853.5,220.5,,,98.9,831.4,425.3,301.8,134.1,,,677.8,2446.7,1566.5,920.8,773.8,,,26.8,305.4,114.2,89.2,217.3,,,,,,,,,,,,,,,,,194.3,108.6,110.8,56.8,137.5,,,738.2,1178.5,1679.1,1107.3,2038.9,,,294.6,845.1,1141.8,727.7,948.0,,,287.0,2293.8,1126.8,951.5,574.7,,,220.9,1061.6,895.1,927.4,882.8,,,428.1,2253.6,1200.5,792.9,1345.0,,,,,,,,,,,,,,,,,1241.1,783.2,773.8,284.1,951.5,,,3336.5,2234.0,2446.7,3834.5,4077.9,,,1052.9,2494.3,2595.0,1771.8,2987.3,,,1388.7,3568.2,2038.9,2105.8,1875.2,,,297.6,1946.3,1141.8,1557.0,1435.2,,,1679.1,4211.6,3380.4,2357.0,2886.6,,,,,,,,,,,,,,,,,663.8,304.3,95.0,261.3,567.1,,,1427.2,1476.5,1162.5,2357.0,2854.5,,,453.1,969.4,413.0,831.4,1529.2,,,69.6,415.0,193.3,248.7,381.1,,,435.4,1875.2,955.0,536.3,1259.3,,,1520.1,3380.4,2446.7,1359.3,2195.8,,,,,,,,,,,,,,,,,,,,,,,,,,,,,,,,,,,,,,,,,,,,,,,,,,,,,,,,,,,,,,,,,,,,,,,,,,,,,,,,,,,,,,,,,,,,,,,,,,,,,,,,,,,,,,,,,,,,,,,,,,,,,,,,
20260911_武雄_7R,20260911,84,武雄,7,704.1,861.0,1235.9,1124.9,1546.2,,,455.9,720.9,1674.4,546.4,708.3,,,897.1,1104.4,2390.5,1586.7,2188.9,,,2816.7,3907.1,4325.7,2838.7,3907.1,,,531.2,474.3,823.9,1274.9,835.3,,,1436.2,1128.4,2390.5,2422.4,2202.2,,,,,,,,,,,,,,,,,560.7,571.3,796.8,948.7,1009.3,,,231.2,57.9,171.3,245.5,104.9,,,181.2,57.3,77.3,199.1,135.7,,,643.1,407.8,243.2,677.9,692.1,,,811.0,562.4,513.9,760.1,1248.6,,,841.1,202.7,342.4,704.1,1026.4,,,,,,,,,,,,,,,,,41.4,77.9,162.7,64.8,97.7,,,28.3,6.7,22.4,36.8,15.5,,,64.1,7.3,111.0,62.7,25.5,,,363.0,162.7,280.8,419.5,322.4,,,48.6,34.5,100.9,236.1,80.6,,,35.0,8.2,13.7,83.5,35.5,,,,,,,,,,,,,,,,,629.7,723.8,1607.8,1081.4,1084.6,,,216.6,47.9,95.8,229.9,115.1,,,277.5,44.6,343.1,174.4,101.1,,,1902.4,549.7,1227.5,1738.5,1789.9,,,990.0,654.7,561.6,1953.5,1235.9,,,1026.4,297.1,231.8,1068.7,1009.3,,,,,,,,,,,,,,,,,3003.0,4377.8,5190.9,4225.1,5190.9,,,2633.0,1350.7,814.7,3053.4,2100.3,,,3993.0,1507.7,2614.1,3907.1,2861.1,,,4225.1,1047.1,3105.6,5343.5,5343.5,,,4274.8,4377.8,4977.5,6056.0,5677.5,,,5266.1,3460.6,3824.8,5860.7,7570.0,,,,,,,,,,,,,,,,,370.4,320.7,584.1,856.9,580.4,,,624.3,516.1,584.1,859.0,1062.4,,,378.8,346.3,358.7,1087.9,478.1,,,1053.2,612.7,612.7,2215.6,1659.1,,,2614.1,2215.6,2041.3,3303.3,3949.6,,,1533.1,1566.2,1056.2,2018.6,3460.6,,,,,,,,,,,,,,,,,1059.3,769.8,1124.9,1682.2,1807.7,,,820.2,217.5,438.3,833.4,1520.3,,,284.3,111.7,158.3,483.1,353.1,,,1026.4,446.3,330.0,1168.3,1546.2,,,1853.9,1366.0,1573.0,1666.8,4658.5,,,1996.5,1985.5,1050.1,2359.5,3460.6,,,,,,,,,,,,,,,,,,,,,,,,,,,,,,,,,,,,,,,,,,,,,,,,,,,,,,,,,,,,,,,,,,,,,,,,,,,,,,,,,,,,,,,,,,,,,,,,,,,,,,,,,,,,,,,,,,,,,,,,,,,,,,,,
