race_key,date,jo_code,jo_name,race_no,1-2-3,1-2-4,1-2-5,1-2-6,1-2-7,1-2-8,1-2-9,1-3-2,1-3-4,1-3-5,1-3-6,1-3-7,1-3-8,1-3-9,1-4-2,1-4-3,1-4-5,1-4-6,1-4-7,1-4-8,1-4-9,1-5-2,1-5-3,1-5-4,1-5-6,1-5-7,1-5-8,1-5-9,1-6-2,1-6-3,1-6-4,1-6-5,1-6-7,1-6-8,1-6-9,1-7-2,1-7-3,1-7-4,1-7-5,1-7-6,1-7-8,1-7-9,1-8-2,1-8-3,1-8-4,1-8-5,1-8-6,1-8-7,1-8-9,1-9-2,1-9-3,1-9-4,1-9-5,1-9-6,1-9-7,1-9-8,2-1-3,2-1-4,2-1-5,2-1-6,2-1-7,2-1-8,2-1-9,2-3-1,2-3-4,2-3-5,2-3-6,2-3-7,2-3-8,2-3-9,2-4-1,2-4-3,2-4-5,2-4-6,2-4-7,2-4-8,2-4-9,2-5-1,2-5-3,2-5-4,2-5-6,2-5-7,2-5-8,2-5-9,2-6-1,2-6-3,2-6-4,2-6-5,2-6-7,2-6-8,2-6-9,2-7-1,2-7-3,2-7-4,2-7-5,2-7-6,2-7-8,2-7-9,2-8-1,2-8-3,2-8-4,2-8-5,2-8-6,2-8-7,2-8-9,2-9-1,2-9-3,2-9-4,2-9-5,2-9-6,2-9-7,2-9-8,3-1-2,3-1-4,3-1-5,3-1-6,3-1-7,3-1-8,3-1-9,3-2-1,3-2-4,3-2-5,3-2-6,3-2-7,3-2-8,3-2-9,3-4-1,3-4-2,3-4-5,3-4-6,3-4-7,3-4-8,3-4-9,3-5-1,3-5-2,3-5-4,3-5-6,3-5-7,3-5-8,3-5-9,3-6-1,3-6-2,3-6-4,3-6-5,3-6-7,3-6-8,3-6-9,3-7-1,3-7-2,3-7-4,3-7-5,3-7-6,3-7-8,3-7-9,3-8-1,3-8-2,3-8-4,3-8-5,3-8-6,3-8-7,3-8-9,3-9-1,3-9-2,3-9-4,3-9-5,3-9-6,3-9-7,3-9-8,4-1-2,4-1-3,4-1-5,4-1-6,4-1-7,4-1-8,4-1-9,4-2-1,4-2-3,4-2-5,4-2-6,4-2-7,4-2-8,4-2-9,4-3-1,4-3-2,4-3-5,4-3-6,4-3-7,4-3-8,4-3-9,4-5-1,4-5-2,4-5-3,4-5-6,4-5-7,4-5-8,4-5-9,4-6-1,4-6-2,4-6-3,4-6-5,4-6-7,4-6-8,4-6-9,4-7-1,4-7-2,4-7-3,4-7-5,4-7-6,4-7-8,4-7-9,4-8-1,4-8-2,4-8-3,4-8-5,4-8-6,4-8-7,4-8-9,4-9-1,4-9-2,4-9-3,4-9-5,4-9-6,4-9-7,4-9-8,5-1-2,5-1-3,5-1-4,5-1-6,5-1-7,5-1-8,5-1-9,5-2-1,5-2-3,5-2-4,5-2-6,5-2-7,5-2-8,5-2-9,5-3-1,5-3-2,5-3-4,5-3-6,5-3-7,5-3-8,5-3-9,5-4-1,5-4-2,5-4-3,5-4-6,5-4-7,5-4-8,5-4-9,5-6-1,5-6-2,5-6-3,5-6-4,5-6-7,5-6-8,5-6-9,5-7-1,5-7-2,5-7-3,5-7-4,5-7-6,5-7-8,5-7-9,5-8-1,5-8-2,5-8-3,5-8-4,5-8-6,5-8-7,5-8-9,5-9-1,5-9-2,5-9-3,5-9-4,5-9-6,5-9-7,5-9-8,6-1-2,6-1-3,6-1-4,6-1-5,6-1-7,6-1-8,6-1-9,6-2-1,6-2-3,6-2-4,6-2-5,6-2-7,6-2-8,6-2-9,6-3-1,6-3-2,6-3-4,6-3-5,6-3-7,6-3-8,6-3-9,6-4-1,6-4-2,6-4-3,6-4-5,6-4-7,6-4-8,6-4-9,6-5-1,6-5-2,6-5-3,6-5-4,6-5-7,6-5-8,6-5-9,6-7-1,6-7-2,6-7-3,6-7-4,6-7-5,6-7-8,6-7-9,6-8-1,6-8-2,6-8-3,6-8-4,6-8-5,6-8-7,6-8-9,6-9-1,6-9-2,6-9-3,6-9-4,6-9-5,6-9-7,6-9-8,7-1-2,7-1-3,7-1-4,7-1-5,7-1-6,7-1-8,7-1-9,7-2-1,7-2-3,7-2-4,7-2-5,7-2-6,7-2-8,7-2-9,7-3-1,7-3-2,7-3-4,7-3-5,7-3-6,7-3-8,7-3-9,7-4-1,7-4-2,7-4-3,7-4-5,7-4-6,7-4-8,7-4-9,7-5-1,7-5-2,7-5-3,7-5-4,7-5-6,7-5-8,7-5-9,7-6-1,7-6-2,7-6-3,7-6-4,7-6-5,7-6-8,7-6-9,7-8-1,7-8-2,7-8-3,7-8-4,7-8-5,7-8-6,7-8-9,7-9-1,7-9-2,7-9-3,7-9-4,7-9-5,7-9-6,7-9-8,8-1-2,8-1-3,8-1-4,8-1-5,8-1-6,8-1-7,8-1-9,8-2-1,8-2-3,8-2-4,8-2-5,8-2-6,8-2-7,8-2-9,8-3-1,8-3-2,8-3-4,8-3-5,8-3-6,8-3-7,8-3-9,8-4-1,8-4-2,8-4-3,8-4-5,8-4-6,8-4-7,8-4-9,8-5-1,8-5-2,8-5-3,8-5-4,8-5-6,8-5-7,8-5-9,8-6-1,8-6-2,8-6-3,8-6-4,8-6-5,8-6-7,8-6-9,8-7-1,8-7-2,8-7-3,8-7-4,8-7-5,8-7-6,8-7-9,8-9-1,8-9-2,8-9-3,8-9-4,8-9-5,8-9-6,8-9-7,9-1-2,9-1-3,9-1-4,9-1-5,9-1-6,9-1-7,9-1-8,9-2-1,9-2-3,9-2-4,9-2-5,9-2-6,9-2-7,9-2-8,9-3-1,9-3-2,9-3-4,9-3-5,9-3-6,9-3-7,9-3-8,9-4-1,9-4-2,9-4-3,9-4-5,9-4-6,9-4-7,9-4-8,9-5-1,9-5-2,9-5-3,9-5-4,9-5-6,9-5-7,9-5-8,9-6-1,9-6-2,9-6-3,9-6-4,9-6-5,9-6-7,9-6-8,9-7-1,9-7-2,9-7-3,9-7-4,9-7-5,9-7-6,9-7-8,9-8-1,9-8-2,9-8-3,9-8-4,9-8-5,9-8-6,9-8-7
20260912_奈良_1R,20260912,53,奈良,1,1063.7,1097.9,739.0,1323.4,862.2,,,597.9,407.4,801.5,868.8,420.5,,,750.4,212.8,580.7,294.6,209.7,,,689.8,898.5,866.6,1382.3,643.0,,,1452.9,889.1,786.7,1446.8,915.4,,,371.5,200.6,214.4,318.5,450.4,,,,,,,,,,,,,,,,,964.5,978.3,549.8,1354.9,866.6,,,698.2,173.0,112.5,484.3,489.1,,,624.2,160.5,106.3,401.2,406.4,,,176.1,50.8,62.2,173.2,116.8,,,1328.6,706.9,774.2,444.0,1298.2,,,740.6,563.4,547.1,304.8,1126.9,,,,,,,,,,,,,,,,,515.7,300.0,465.8,539.4,356.0,,,410.8,120.5,93.1,352.7,370.7,,,130.2,60.7,39.4,81.7,102.5,,,290.5,70.9,62.1,208.9,177.4,,,533.5,273.3,172.9,346.2,609.7,,,270.3,405.5,211.5,272.2,543.7,,,,,,,,,,,,,,,,,308.7,119.1,241.9,183.1,128.8,,,274.4,73.1,64.8,169.8,201.4,,,63.0,36.9,26.4,43.1,59.4,,,153.6,33.5,29.1,91.3,79.9,,,125.8,129.5,69.1,137.5,219.8,,,108.6,186.9,99.2,123.3,214.4,,,,,,,,,,,,,,,,,293.5,420.5,385.3,772.5,324.8,,,88.2,20.4,20.3,69.2,49.9,,,183.9,43.8,43.6,142.2,116.0,,,172.0,36.1,35.2,124.7,89.1,,,724.9,221.0,240.6,219.5,334.1,,,112.3,79.1,102.8,100.0,257.5,,,,,,,,,,,,,,,,,1108.6,794.0,822.7,1269.3,891.5,,,1031.5,515.0,526.9,467.1,1007.2,,,494.1,388.4,182.2,355.3,735.8,,,404.5,288.1,131.4,246.5,514.2,,,1022.3,325.1,315.5,348.0,709.8,,,599.0,1130.6,692.5,678.8,762.1,,,,,,,,,,,,,,,,,171.4,56.6,71.5,110.9,194.6,,,392.9,344.2,318.2,213.0,801.5,,,125.1,277.6,140.5,186.1,431.6,,,130.0,259.4,119.4,178.8,380.2,,,136.5,81.2,104.2,122.2,319.7,,,541.1,915.4,575.8,609.7,610.8,,,,,,,,,,,,,,,,,,,,,,,,,,,,,,,,,,,,,,,,,,,,,,,,,,,,,,,,,,,,,,,,,,,,,,,,,,,,,,,,,,,,,,,,,,,,,,,,,,,,,,,,,,,,,,,,,,,,,,,,,,,,,,,,
20260912_奈良_2R,20260912,53,奈良,2,68.1,59.8,62.7,82.5,36.2,157.4,,105.1,77.6,111.6,118.9,143.8,40.0,,79.1,75.0,45.6,114.6,134.9,149.9,,50.4,70.2,25.4,51.3,102.1,163.5,,85.4,88.1,62.4,71.9,123.5,132.2,,77.9,128.5,148.5,156.4,159.1,238.0,,274.5,133.5,233.6,315.0,317.7,322.1,,,,,,,,,146.8,130.9,111.1,184.1,79.3,451.1,,503.8,619.9,614.8,1290.4,432.2,633.2,,264.5,533.5,162.9,811.5,234.2,622.5,,132.8,327.1,110.0,491.5,134.1,736.1,,500.4,1579.7,1422.7,1006.5,787.0,2361.1,,71.2,141.1,78.3,93.2,262.1,237.3,,1484.6,1064.5,1404.7,1700.7,3216.6,1090.6,,,,,,,,,509.6,369.9,348.9,414.4,603.9,177.7,,858.6,1109.7,1022.8,2386.5,709.1,587.9,,615.6,1020.4,359.7,2017.7,1129.5,336.2,,648.0,965.0,290.3,1720.5,990.8,447.9,,1049.4,1391.5,2809.5,2186.7,3104.2,1436.5,,1168.1,940.4,1257.5,1329.0,3216.6,688.2,,166.2,279.3,146.8,272.4,629.6,261.1,,,,,,,,,195.7,335.5,94.4,312.6,332.7,435.6,,298.1,576.4,167.1,785.6,336.0,1059.4,,582.5,834.4,281.1,1826.7,1044.4,419.5,,40.2,53.6,67.5,141.5,97.0,106.4,,660.5,1177.4,1905.1,521.6,1422.7,2175.9,,664.5,497.0,1118.1,397.7,1333.0,1422.7,,1061.9,1596.7,641.4,610.5,2373.8,1675.1,,,,,,,,,64.3,99.0,36.4,81.3,141.5,289.1,,107.0,231.3,83.3,361.7,131.4,603.1,,321.4,349.5,159.9,831.2,447.4,302.7,,19.0,25.8,35.5,90.9,53.8,51.7,,209.9,603.1,879.0,292.6,789.8,1469.8,,322.3,247.9,551.4,274.8,993.0,795.5,,960.8,1499.6,616.5,488.3,1972.8,1222.8,,,,,,,,,299.7,365.9,228.3,231.8,472.2,528.4,,611.4,2154.8,1841.9,1404.7,1427.3,3638.5,,1051.8,2863.8,2479.8,2565.9,3579.8,1857.3,,798.3,1865.1,2241.9,837.5,2361.1,3104.2,,389.7,1404.7,1930.0,682.9,2276.4,3467.9,,1209.5,1687.8,3082.6,2791.8,2241.9,3061.3,,2324.0,3999.1,2939.7,4148.6,4110.2,3928.3,,,,,,,,,309.9,749.8,570.5,807.0,635.0,1212.8,,217.9,343.3,251.9,275.5,676.6,543.9,,1370.0,873.8,1626.0,1955.5,3441.0,1018.1,,938.4,604.7,1687.8,787.0,2580.8,2064.6,,1074.8,595.8,1541.3,654.7,2311.9,2300.0,,1305.5,1656.3,2723.3,3082.6,2642.2,2827.3,,2425.6,1563.0,1782.7,2757.1,3040.4,4035.4,,,,,,,,,1713.9,928.6,1552.1,1804.4,2134.1,2208.4,,2479.8,1841.9,3263.9,3104.2,4623.9,2611.1,,510.2,847.1,431.3,751.1,1404.7,801.2,,2123.9,2999.3,1236.4,1650.1,4351.9,3414.6,,2288.1,3312.6,1474.7,1563.0,4035.4,3388.5,,3170.7,5222.3,2979.2,4672.6,4187.7,4395.0,,2827.3,2999.3,2074.3,3826.7,2845.5,3761.8,,,,,,,,,,,,,,,,,,,,,,,,,,,,,,,,,,,,,,,,,,,,,,,,,,,,,,,,,,,,,,,,
20260912_奈良_3R,20260912,53,奈良,3,1276.5,900.1,808.3,2026.3,364.7,2151.8,,1394.7,534.1,880.8,2293.8,758.1,2496.6,,820.1,491.1,573.4,2008.3,395.6,1829.4,,441.2,754.3,445.2,1073.3,282.6,937.5,,3160.0,2524.5,2510.4,1999.4,1608.1,1227.9,,157.1,515.2,281.7,245.5,951.3,818.6,,4145.7,3558.1,3615.0,2172.5,2026.3,2101.7,,,,,,,,,1531.8,1055.8,909.2,2329.3,361.2,2658.1,,1298.5,547.7,941.4,2496.6,391.2,2896.7,,846.2,534.1,549.7,1208.2,225.9,1501.2,,949.3,1211.4,725.3,1931.1,263.1,1999.4,,2496.6,2738.7,1673.6,2008.3,503.7,1189.1,,132.8,115.7,92.7,74.3,227.4,319.5,,3615.0,4145.7,3074.0,2567.5,2738.7,1280.1,,,,,,,,,896.5,296.5,542.4,1686.1,464.4,1875.0,,566.2,258.6,562.0,1542.2,262.2,1563.6,,79.9,96.5,62.0,337.4,46.4,350.2,,574.9,564.8,235.3,1738.0,329.1,1234.6,,2121.5,1649.2,912.9,1931.1,1155.7,1481.5,,174.6,117.5,68.3,145.1,562.0,672.4,,2612.0,2673.8,1563.6,1844.4,2353.5,1999.4,,,,,,,,,507.7,233.2,341.0,1208.2,257.6,1348.9,,468.7,245.3,326.5,867.3,170.2,1091.5,,73.1,87.8,46.5,286.3,43.4,325.5,,264.7,261.3,131.2,538.6,154.7,613.9,,1667.4,982.3,849.4,896.5,735.9,818.6,,131.9,76.2,61.1,90.7,329.8,454.1,,2082.4,1999.4,1434.5,1471.9,1516.3,1496.3,,,,,,,,,414.9,686.7,391.9,1179.8,305.1,945.3,,780.4,997.5,541.1,1867.2,287.8,1655.2,,865.6,796.9,357.7,2341.3,497.1,1643.2,,446.9,422.3,266.9,967.6,251.0,1221.3,,2193.6,2378.3,2353.5,1352.9,1144.0,1291.1,,223.9,115.2,319.8,185.0,547.0,737.1,,2237.0,2612.0,2658.1,2329.3,1547.5,1906.6,,,,,,,,,2510.4,2806.7,2755.3,2455.8,1686.1,1772.1,,2044.7,2270.7,1241.4,1751.4,580.0,1516.3,,2317.3,2934.3,1198.6,2567.5,1412.1,2017.3,,2111.6,1248.3,1205.0,1081.0,901.9,1208.2,,2183.0,2131.5,2469.3,1394.7,1221.3,1399.0,,854.2,341.8,843.0,580.8,648.3,478.1,,929.8,933.6,1211.4,756.9,710.5,553.1,,,,,,,,,68.7,162.9,91.8,98.4,391.5,379.4,,17.8,25.3,11.4,11.6,64.0,85.8,,80.3,43.3,25.3,64.1,238.2,278.7,,45.1,25.6,20.7,29.6,125.6,161.5,,82.3,36.7,89.1,52.3,218.4,257.3,,358.9,162.7,336.9,237.5,262.1,129.7,,587.6,407.4,790.0,504.9,475.1,278.9,,,,,,,,,3829.5,4184.1,3765.7,2597.0,2403.6,2353.5,,3703.9,4263.0,3372.2,2642.6,3182.2,2317.3,,4387.2,4658.6,3558.1,3449.5,3586.3,3998.9,,3586.3,3829.5,3138.0,2353.5,2092.0,2738.7,,3372.2,3250.9,4071.0,2642.6,2151.8,2510.4,,1481.5,1619.6,1914.7,1170.6,1126.8,874.0,,2121.5,1692.4,2842.0,2035.5,1758.3,1083.6,,,,,,,,,,,,,,,,,,,,,,,,,,,,,,,,,,,,,,,,,,,,,,,,,,,,,,,,,,,,,,,,
20260912_奈良_4R,20260912,53,奈良,4,73.9,151.2,50.5,100.9,78.1,144.7,60.5,147.8,709.0,165.9,288.0,139.4,717.1,175.9,310.0,831.9,327.6,554.8,744.4,1522.9,544.2,43.2,80.5,168.3,27.9,80.6,388.5,53.8,151.7,242.4,480.5,105.8,247.7,691.7,168.7,115.2,102.6,554.3,114.0,214.1,767.6,148.5,835.6,1781.5,2551.9,1142.2,1764.9,1882.1,1195.2,71.5,110.2,324.4,73.6,125.6,135.6,424.6,83.6,142.0,83.7,173.8,97.4,109.0,82.9,135.0,293.5,365.5,700.2,93.9,286.4,135.2,136.1,173.4,265.2,699.4,220.0,75.9,195.1,157.3,333.0,376.9,757.4,410.8,376.1,298.9,902.1,1430.6,1953.5,1781.5,2082.8,1475.3,1463.9,139.5,93.4,258.4,356.0,937.9,222.1,163.6,180.8,222.7,184.6,376.4,800.1,241.1,175.7,92.8,109.7,200.5,257.7,584.6,149.3,133.9,238.8,1200.2,324.4,748.3,195.6,1053.0,294.3,224.9,743.4,624.6,1215.7,146.1,564.8,256.1,2321.8,1352.1,2905.3,4496.3,1185.2,4721.1,2178.9,584.6,1045.2,2517.9,2818.6,578.1,2647.3,918.2,2230.4,1940.2,5665.3,3907.1,2421.1,6825.7,2213.0,71.2,64.5,365.2,240.4,496.0,541.1,64.5,3392.4,1980.9,4969.6,3165.0,6225.7,1527.0,2284.4,262.4,259.8,1213.1,746.4,1234.2,136.6,1142.2,605.9,2380.4,913.7,1531.1,1623.3,3165.0,1352.1,368.1,853.2,619.8,1506.7,626.7,247.7,593.2,3475.6,1623.3,4606.0,7263.3,1781.5,8583.9,3130.0,1130.8,1348.9,3961.8,2495.7,3112.8,6091.8,2790.8,6027.0,5609.2,5447.4,8455.8,6665.1,5150.3,5901.4,2506.8,1452.6,1543.7,3475.6,6665.1,5294.7,3412.8,5781.0,1051.0,6994.3,7655.9,9137.7,5245.7,4291.9,1691.1,1062.9,2360.5,3095.8,5554.3,2723.7,3518.8,121.1,209.0,478.9,93.2,254.2,956.9,192.3,266.2,589.5,864.9,1371.7,705.5,875.6,546.3,639.4,846.8,2685.0,3182.8,731.9,3631.6,1083.2,1281.7,970.1,2037.9,4105.3,2350.7,5197.6,2121.8,650.4,2790.8,2804.6,4842.2,2763.6,5150.3,2804.6,582.8,843.0,590.7,2390.4,2248.1,3079.0,1195.2,3313.0,3631.6,4391.7,6994.3,7553.8,4760.8,3540.8,411.1,667.3,1013.4,2090.5,2137.8,1195.2,2710.7,1851.4,2685.0,4801.1,937.9,2875.8,5500.3,1471.5,2598.8,4496.3,4842.2,6027.0,5609.2,6225.7,5013.6,4018.0,5554.3,7081.7,7171.3,6158.0,9999.9,3631.6,8992.6,7553.8,7655.9,9999.9,9999.9,9999.9,9939.2,1119.6,5901.4,5840.6,6587.6,6027.0,9999.9,5963.5,4259.6,7357.6,6511.9,9999.9,6994.3,9767.9,6744.5,8992.6,7868.5,9999.9,9999.9,9999.9,9999.9,5963.5,1987.8,5722.6,3475.6,7171.3,5722.6,5901.4,5840.6,143.6,104.1,643.7,179.1,327.8,936.4,180.5,141.9,80.5,301.3,397.2,760.4,292.6,168.5,35.4,37.7,245.6,152.9,361.3,411.1,43.6,1245.1,723.5,799.0,1851.4,3200.7,2610.7,1591.4,384.3,589.5,370.2,1518.8,1882.1,2162.3,719.8,1632.6,2563.5,1863.6,4196.5,2598.8,3518.8,2586.9,2484.8,1522.9,1591.4,3727.2,3961.8,4357.9,1732.5,198.9,190.1,111.2,850.6,527.5,1100.0,872.9,2090.5,5554.3,7081.7,3934.2,6665.1,6225.7,3433.5,1405.8,2213.0,1041.4,2763.6,4606.0,1618.6,1381.8,5722.6,3045.9,9137.7,7171.3,9999.9,3961.8,4460.9,7171.3,1479.2,9442.3,8210.7,9999.9,7655.9,5781.0,4682.1,5344.7,6665.1,9999.9,9999.9,6365.6,5245.7,8992.6,8331.4,9999.9,9999.9,9999.9,9442.3,6027.0,5395.6,2997.5,3433.5,6909.0,5554.3,9442.3,3433.5,3372.2,1839.4,3372.2,5500.3,5500.3,6158.0,3540.8,70.7,118.3,313.8,90.7,150.5,128.5,369.0,78.2,85.3,204.2,195.2,315.7,123.8,175.9,158.9,138.1,597.6,372.7,611.1,106.8,626.7,702.9,393.1,874.2,1302.3,2052.6,1102.2,1591.4,246.9,333.2,462.4,1079.1,953.7,582.2,1539.5,795.7,1452.6,1326.7,2540.5,1582.5,1614.0,2106.0,146.8,144.7,102.8,584.6,302.4,472.1,621.2,1293.4,867.5,1552.1,2060.1,2090.5,2221.7,1498.7
20260912_奈良_5R,20260912,53,奈良,5,151.1,768.8,78.8,796.3,146.7,256.2,98.3,191.5,248.7,93.1,342.7,372.5,680.2,78.8,1624.1,976.6,914.8,3361.5,2181.8,4189.7,777.1,25.9,28.0,148.9,119.2,53.4,179.6,8.5,1273.5,388.3,1156.3,366.8,1835.5,2535.9,487.0,171.7,361.1,1270.7,143.9,1273.5,686.6,173.6,844.0,1588.4,4818.2,831.9,4189.7,1434.7,628.4,65.1,54.0,217.3,21.1,260.4,125.4,215.9,180.5,841.6,117.9,812.0,112.3,179.5,189.0,254.1,507.1,481.0,637.4,247.7,274.6,615.0,1720.7,1624.1,2547.0,4189.7,1690.6,1877.2,2848.2,133.2,338.1,1396.5,1172.7,189.4,296.8,446.8,1537.7,1009.0,3011.3,2181.8,1111.8,1541.8,2848.2,53.2,86.6,370.3,106.1,389.6,38.2,188.8,205.2,274.8,1002.0,374.2,893.6,104.1,318.2,487.0,991.7,2389.1,911.9,3043.0,703.3,705.1,176.7,111.6,112.4,208.8,347.6,615.0,58.2,221.0,233.7,431.8,514.8,298.4,315.0,470.4,87.9,130.8,166.7,153.9,338.1,330.5,158.4,122.4,368.9,226.4,446.4,537.3,774.0,303.1,118.0,203.7,82.4,249.9,453.4,649.6,223.4,488.7,289.0,448.9,682.6,993.4,993.4,876.0,1296.3,1045.5,988.3,2149.3,2558.3,1829.7,1768.1,272.7,772.9,404.6,622.3,1282.0,1317.0,1417.1,4159.6,2181.8,2753.2,7138.0,3547.1,9999.9,3401.0,3125.3,2766.4,4314.8,9478.4,4129.8,6150.9,6284.6,1099.2,1251.4,1424.1,937.0,1835.5,2793.1,1859.1,3322.9,5256.2,2460.3,7508.9,9636.4,9999.9,5071.8,7227.3,8379.5,1417.1,8629.6,8259.7,4899.8,9177.5,5208.8,4625.4,3361.5,7709.1,8760.3,5256.2,9968.7,9999.9,9999.9,9999.9,9999.9,8259.7,8030.3,9999.9,4447.5,8379.5,5162.3,6496.4,9999.9,9999.9,9999.9,38.3,43.3,227.0,178.8,84.8,212.5,13.8,102.2,281.9,941.6,986.6,179.6,312.8,306.4,119.6,269.8,250.0,523.2,554.3,733.7,268.1,1163.3,1720.7,1118.3,3381.2,3381.2,4251.3,2276.3,798.5,1647.2,716.4,2701.8,1517.5,3194.3,1883.3,241.2,216.7,622.3,2035.8,1308.1,1025.1,599.7,1072.7,1254.1,2215.2,4347.2,4043.2,2021.6,2035.8,104.2,468.1,429.5,1005.5,1463.7,603.5,1248.7,1172.7,397.3,660.7,711.1,2616.2,3059.1,551.1,1441.8,1074.6,2331.3,3043.0,2157.4,2285.3,2379.3,219.3,369.6,150.6,571.8,975.0,1107.6,482.2,3303.9,4625.4,935.5,5559.4,7227.3,4941.7,4314.8,1158.6,2232.3,1090.9,2793.1,2995.7,7412.6,3504.1,3483.0,2793.1,2312.7,6284.6,3504.1,5304.4,5781.8,9177.5,5899.8,4700.6,6883.1,9034.1,9799.7,9999.9,2409.1,5899.8,2125.6,5724.6,4220.3,8502.7,9478.4,185.6,394.3,1184.8,232.2,1637.9,701.6,231.7,78.7,133.3,513.9,155.8,549.6,53.2,228.3,527.5,341.7,638.8,821.2,1147.1,1064.7,1028.7,2267.3,1841.3,1746.7,3659.4,5559.4,4899.8,5899.8,290.2,354.9,706.8,2429.3,1562.6,1265.1,768.8,2215.2,1710.6,1273.5,4380.1,2057.5,4043.2,4100.6,1376.6,436.6,2014.5,3778.9,2241.0,3987.4,1859.1,808.6,1045.5,1959.9,4159.6,1438.2,5506.5,2399.1,1633.2,4447.5,9478.4,2481.4,9999.9,2980.3,1762.7,917.7,1224.9,3778.9,1533.6,3636.3,495.0,1293.4,3880.4,2157.4,5256.2,4662.7,6086.1,3659.4,5899.8,9999.9,9636.4,9999.9,9999.9,7813.3,8259.7,9999.9,3059.1,3142.3,4625.4,9999.9,9999.9,4100.6,5208.8,9999.9,7508.9,7227.3,7813.3,9999.9,9999.9,9999.9,2616.2,787.7,3322.9,5506.5,3421.2,8502.7,3401.0,2766.4,3176.8,5840.2,9999.9,6150.9,9999.9,4413.6,331.9,315.4,1007.2,121.6,1131.4,578.7,817.8,754.8,1700.5,3108.5,1332.2,5256.2,1823.9,1980.0,642.4,1914.5,1795.6,1282.0,2379.3,2793.1,4129.8,3462.1,5162.3,4043.2,4482.0,9478.4,8379.5,9999.9,211.4,1012.5,892.2,2232.3,2862.3,1501.7,2513.8,2753.2,6883.1,2569.7,9177.5,3960.1,9799.7,9799.7,1363.6,1847.2,2965.0,4984.3,2028.7,7051.0,4159.6,2676.7,3462.1,6424.2,9968.7,4347.2,9999.9,5403.6
20260912_奈良_6R,20260912,53,奈良,6,680.2,2448.2,941.9,1906.6,1014.8,580.4,414.7,322.5,1217.0,480.6,879.9,344.5,166.0,115.3,3277.0,3084.3,2589.2,3177.7,960.6,3329.0,1084.8,1338.7,1184.9,1119.5,1379.8,787.4,1335.8,193.8,2723.8,1918.2,3419.5,1935.9,1878.2,2304.7,716.6,658.8,574.6,197.7,418.3,1459.8,741.1,140.5,290.8,270.2,1705.1,843.4,1278.8,696.7,242.3,97.0,74.8,175.5,18.7,210.0,49.7,104.3,1221.7,3039.6,2036.2,2912.9,1861.5,1150.2,857.2,775.8,1443.1,1398.2,918.5,774.8,171.5,406.7,4166.8,3054.3,4592.6,3860.1,2076.5,2125.6,3346.8,3243.2,2847.0,5074.1,3767.6,3226.6,1912.4,2263.3,3260.0,1634.2,3382.7,4112.4,2859.9,898.8,2365.4,2042.8,1327.4,1224.1,2486.9,2457.8,846.8,1203.0,602.6,142.6,736.7,435.4,276.4,353.6,251.9,778.7,588.0,2429.3,1014.8,2147.4,1165.1,575.1,181.5,734.1,284.3,490.0,236.4,115.9,71.1,228.4,531.8,474.5,384.1,214.0,51.5,124.8,1651.4,1062.8,2162.1,1534.6,546.1,811.8,1094.2,853.7,997.1,2410.7,1446.4,1338.7,685.4,462.3,993.9,694.4,1538.3,1530.8,904.0,440.3,554.8,307.8,265.2,144.1,571.4,631.7,144.5,190.6,66.2,14.7,194.0,143.3,122.0,54.9,25.1,49.6,82.5,364.9,82.1,212.4,109.0,47.8,5243.3,5115.4,4462.4,4369.4,1850.5,6049.9,3099.5,4139.4,4166.8,5719.9,4766.6,2516.7,3193.9,4309.5,4369.4,3277.0,6229.6,4430.9,1605.0,2784.0,3294.2,6291.9,7069.6,7316.2,6486.5,3982.2,8278.9,3908.0,4430.9,3932.4,3419.5,5074.1,837.8,2239.1,3658.1,870.2,680.2,772.9,882.4,321.5,645.3,433.6,6229.6,2700.4,2723.8,7580.7,3226.6,2169.6,3419.5,2796.4,4085.7,3401.0,2688.8,4494.2,1638.5,3860.1,3595.4,2847.0,3701.1,4399.9,2263.3,3745.2,833.3,4194.6,3790.3,4877.5,4766.6,3401.0,2996.1,2834.2,3311.5,2547.3,5332.1,5519.2,3723.0,2899.5,1900.9,6554.1,6765.5,7964.5,6554.1,4877.5,7490.4,4626.4,6108.7,4993.6,6168.6,6554.1,4730.8,5880.3,3883.9,3294.2,5243.3,4626.4,3957.2,5332.1,4339.3,2296.3,5332.1,3401.0,3277.0,8278.9,6554.1,4839.9,2467.4,688.4,2239.1,1443.1,2759.6,2496.8,1463.2,1792.5,2688.8,2104.3,3382.7,2873.0,2438.7,2621.6,822.4,2392.3,778.7,2279.7,3069.2,1011.5,562.2,1777.3,1617.4,1154.4,2056.2,2981.9,1638.5,681.6,1045.1,3277.0,2808.9,2873.0,4007.6,853.7,2162.1,2666.0,4280.2,4280.2,4954.3,5157.3,3932.4,4695.5,2516.7,2069.7,1561.2,1630.0,519.1,2365.4,1289.3,959.1,1527.1,409.3,488.5,1302.6,2118.5,715.8,959.1,905.3,1668.9,1224.1,2247.1,1031.4,1443.1,1358.9,793.4,806.6,316.6,872.6,1224.1,1088.5,194.6,1052.1,759.9,585.3,1436.5,1487.4,586.9,744.6,496.2,518.7,267.1,1115.6,1062.8,313.6,340.6,184.7,179.9,184.1,262.4,80.2,133.9,90.1,1392.0,1638.5,1861.5,844.5,2516.7,2125.6,940.5,1700.5,1316.3,1407.6,359.3,1889.4,898.8,884.9,870.2,306.1,320.0,311.9,1053.9,721.5,394.2,216.8,413.9,331.5,183.8,214.6,488.5,386.4,283.5,250.9,837.8,928.0,675.8,576.1,259.6,194.4,45.4,204.3,259.7,96.6,104.0,91.5,104.0,25.2,210.2,236.3,127.2,90.8,49.0,1148.1,645.9,893.7,2578.6,896.2,744.6,947.5,2632.6,1075.5,1268.5,3574.9,2912.9,2125.6,1407.6,1141.9,283.0,309.9,930.7,1757.5,570.9,745.4,872.6,278.6,245.3,436.9,1105.7,653.3,424.8,277.9,204.9,133.9,830.0,402.8,596.9,369.6,132.1,62.8,275.1,27.1,212.6,97.4,96.5,433.3,405.1,1549.7,567.8,1302.6,761.7,442.1,91.2,187.3,586.9,144.5,441.8,208.0,100.0,1000.3,1947.9,1895.1,1062.8,2330.3,969.4,2016.6,109.5,398.7,232.2,452.3,436.9,263.0,302.2,766.3,1576.9,1029.7,2356.5,897.5,1538.3,1373.7,252.8,570.9,363.0,364.1,265.9,689.9,484.7,255.4,269.5,172.3,1038.2,374.0,741.9,429.7
20260912_奈良_7R,20260912,53,奈良,7,409.0,433.0,1311.6,2425.2,856.9,1873.7,339.3,433.0,344.6,928.7,2171.2,330.6,2178.6,518.2,206.8,164.5,402.9,151.1,158.9,752.5,144.5,1965.4,1647.9,1298.3,3229.6,1350.1,4067.6,1941.6,4432.3,4146.3,1219.5,5355.7,3991.8,6363.2,4494.3,810.4,484.3,560.8,698.5,2689.0,2216.1,813.5,4313.3,4284.6,3550.7,6006.4,9051.9,4256.2,2371.5,252.5,449.4,319.4,1008.9,1846.8,604.6,704.7,436.0,348.1,1177.0,2550.3,720.5,1627.0,295.8,267.6,295.8,282.2,1537.5,99.7,475.7,81.8,349.6,454.1,861.5,528.9,463.0,1168.5,208.9,1425.0,770.6,1255.2,3060.4,613.2,1700.2,431.3,5540.4,4228.2,2794.3,4943.7,4590.6,4832.2,2581.0,634.4,175.8,516.2,256.1,2425.2,738.7,135.7,2337.0,1327.8,1935.8,2002.1,3330.0,1078.3,333.5,89.6,37.3,70.8,127.4,433.6,37.0,26.1,305.8,205.4,476.7,1695.7,206.9,1431.3,322.4,206.9,246.2,205.5,1199.0,83.9,577.4,72.8,215.7,349.0,450.6,524.2,177.0,1425.0,351.9,805.3,473.9,643.9,2186.0,120.5,1185.7,411.4,3918.8,2491.0,2689.0,3918.8,2303.5,5896.2,2782.2,73.6,45.3,66.2,16.8,401.9,260.0,28.3,3364.8,1635.3,3550.7,1959.4,5588.6,1201.2,1072.9,173.9,53.5,193.9,165.0,853.5,53.4,176.6,182.3,142.4,392.1,81.9,152.5,794.4,150.3,335.7,333.1,978.2,288.4,407.2,1519.3,180.9,296.8,322.9,632.5,297.4,119.5,1879.2,347.0,1143.5,1895.8,1388.1,1170.6,950.7,3714.9,1391.1,311.9,274.8,251.7,633.8,209.0,973.7,203.1,545.1,642.6,243.9,307.3,384.1,2059.9,482.8,3418.5,4691.1,4494.3,5896.2,2142.3,4016.8,3165.9,429.8,244.8,427.3,652.4,366.4,375.4,773.3,2961.7,2540.2,2163.9,6063.1,1989.7,5842.6,3418.5,2510.5,1250.3,2255.0,4725.6,1179.2,3492.8,1115.7,2008.4,827.1,1582.9,5182.9,279.7,2856.4,911.6,2425.2,2856.4,2481.4,3347.3,1669.3,5687.5,2591.4,9999.9,8685.0,8033.6,5311.4,6006.4,8346.6,9592.3,1196.8,626.4,187.4,912.9,2882.0,1918.4,518.7,9999.9,6120.8,4067.6,8346.6,8346.6,4200.5,5540.4,3150.4,807.4,915.5,1751.2,3570.5,721.3,2270.9,8803.9,9314.3,2337.0,9999.9,9999.9,9999.9,8346.6,9887.5,6063.1,5267.9,8569.2,9887.5,8033.6,6837.1,9999.9,8456.4,4558.0,9999.9,7837.6,9999.9,8456.4,2156.6,4200.5,3610.6,5493.0,4657.1,5738.3,3714.9,9999.9,9999.9,9999.9,6910.6,9737.7,9999.9,9999.9,9999.9,9999.9,9999.9,6910.6,9999.9,9999.9,8685.0,9999.9,9999.9,9999.9,8456.4,9999.9,9999.9,9999.9,9887.5,6765.1,7651.0,6239.7,9999.9,8569.2,9999.9,1217.2,550.2,735.3,959.2,4401.9,3400.4,1113.8,793.4,212.9,721.3,321.6,3060.4,1187.9,201.2,139.6,100.9,140.2,24.5,690.3,442.0,71.1,861.5,1104.2,414.1,564.2,1243.1,2262.9,756.1,526.7,305.4,64.8,377.3,1394.1,1020.1,216.9,7062.5,6491.8,3262.3,3672.5,3991.8,5446.5,4868.8,5493.0,3197.4,2114.1,5311.4,2856.4,6694.6,1367.4,792.4,185.1,183.9,497.0,289.2,2354.1,588.5,6625.6,9887.5,6120.8,9051.9,9999.9,8346.6,4590.6,5267.9,3531.2,5896.2,5100.7,7387.2,4313.3,852.3,6985.7,4342.5,9737.7,4906.0,9999.9,4146.3,3312.8,7387.2,8803.9,9999.9,9451.3,7561.0,9451.3,6558.0,9999.9,7651.0,5687.5,9999.9,9999.9,5687.5,7387.2,9999.9,9999.9,9999.9,8239.6,9999.9,9999.9,9999.9,9451.3,5540.4,4982.0,6985.7,4200.5,9999.9,2453.0,2500.7,715.6,1971.4,3364.8,4832.2,6239.7,1737.0,162.9,399.4,342.2,1015.3,1977.5,545.5,485.0,65.2,23.8,50.1,95.3,333.5,30.6,21.5,244.5,50.5,223.7,264.2,911.6,78.4,147.9,470.1,148.9,429.8,571.2,831.4,368.0,487.6,1901.4,325.9,709.3,924.7,1790.2,543.2,809.4,4760.6,1336.1,2371.5,2303.5,3017.3,2481.4,2601.9,514.5,86.9,139.9,301.1,252.7,1361.6,244.4,473.6,96.0,242.2,428.4,603.4,1149.7,211.4
20260912_奈良_8R,20260912,53,奈良,8,670.3,1032.0,176.9,2631.1,579.8,909.3,189.4,1569.9,4109.1,1102.1,6107.1,2113.2,3718.8,1235.0,1896.5,3938.9,796.2,5788.5,924.5,3938.9,2113.2,90.1,270.1,266.3,802.0,134.0,95.1,66.3,6051.6,7315.1,6590.8,3279.1,4559.4,7396.4,6724.0,816.7,1627.5,927.1,402.2,1952.1,2080.2,754.7,1907.3,2673.4,4497.8,555.6,7564.5,2271.9,1604.0,214.1,312.6,1171.9,172.9,2919.6,529.5,1051.6,428.3,798.1,136.6,2279.7,502.3,772.2,155.6,776.7,1833.8,502.7,3617.8,1051.6,1957.8,176.6,1569.9,2474.6,961.9,5501.4,814.7,3467.0,852.3,66.2,140.3,258.3,1165.8,173.7,127.8,39.4,5593.9,5456.3,7315.1,4186.6,5200.6,9999.9,3760.8,871.3,1030.4,749.6,522.5,1479.2,1918.3,348.1,1784.6,2175.4,3825.7,770.4,5943.5,2474.6,934.9,71.6,18.0,194.9,27.0,713.4,99.0,228.6,2403.1,4322.5,1495.9,8534.3,3139.9,5368.3,1702.5,2086.7,3739.7,1239.6,5368.3,2493.1,4655.0,447.0,7315.1,5160.2,4294.6,7924.7,3503.5,9999.9,3467.0,1516.3,1320.7,3617.8,6279.9,1823.7,1896.5,609.5,9999.9,5368.3,9647.5,9647.5,9999.9,9999.9,5501.4,3200.3,3200.3,3169.8,2073.7,5738.5,4687.8,1558.9,7081.6,5943.5,9999.9,3379.0,9999.9,6279.9,4010.1,984.7,267.0,1581.1,389.7,3231.4,765.1,1738.0,1779.8,3698.2,789.6,3986.0,1135.9,4034.4,2048.2,1453.4,2684.1,1151.6,5839.2,1107.6,4858.9,973.2,4213.1,3125.2,2531.0,4294.6,1756.4,5456.3,1963.6,322.0,579.8,771.3,1756.4,180.4,633.9,250.6,5200.6,6862.6,4687.8,5593.9,1401.4,3718.8,6339.7,588.0,559.3,690.5,156.6,246.9,1002.5,188.7,5283.1,6656.7,6051.6,2906.8,5005.0,3263.1,5160.2,1422.3,792.4,699.2,331.0,3154.8,318.2,2335.7,27.0,68.1,92.9,300.9,50.5,22.3,20.0,35.7,137.0,167.7,850.1,122.4,68.9,28.4,271.9,354.8,1115.0,1907.3,415.7,405.4,131.5,160.9,276.5,648.8,1232.7,170.8,254.1,209.4,1318.1,2695.0,2739.4,2894.2,1555.3,1295.0,1615.7,149.9,257.9,330.6,251.6,390.4,233.2,129.0,57.5,84.3,214.0,223.7,626.8,154.3,65.7,37.0,33.3,37.4,175.1,702.9,87.5,67.8,9509.6,9999.9,9999.9,7564.5,8995.6,9999.9,9999.9,9647.5,7007.1,9999.9,8426.2,9245.5,9999.9,7740.4,9999.9,7831.5,7081.6,9999.9,9999.9,9999.9,3345.1,9999.9,9999.9,8758.9,9647.5,2343.9,7924.7,9999.9,6656.7,8645.1,9999.9,8995.6,4350.8,9999.9,7479.5,6656.7,6526.2,7157.8,2106.5,3870.2,7007.1,4322.5,9999.9,9999.9,9999.9,9375.7,9999.9,8118.0,9999.9,9999.9,7740.4,3154.8,9999.9,7235.6,7007.1,9999.9,1469.4,2610.5,1113.1,718.0,1823.7,3847.8,1260.7,1355.7,1702.5,974.6,760.7,1765.7,2447.3,648.1,3012.1,2820.6,2175.4,1761.0,3295.4,4528.4,1519.8,701.4,601.8,989.1,291.1,285.6,1453.4,386.5,567.5,705.9,1024.1,514.0,842.6,863.3,401.9,1509.4,1607.9,2029.5,646.9,937.5,2540.7,1094.8,5738.5,4789.0,5890.9,3739.7,2394.5,5689.5,3311.8,1167.8,707.4,696.3,862.2,508.9,1143.7,2385.9,3938.9,5325.4,7157.8,886.3,9999.9,5738.5,3578.9,4322.5,4754.8,8645.1,1664.1,9999.9,5788.5,2352.2,7740.4,7740.4,9999.9,4186.6,9999.9,9245.5,5501.4,9245.5,9999.9,9999.9,4379.4,8995.6,5641.3,9999.9,606.2,910.6,1975.3,2196.9,4083.9,1506.0,784.0,9999.9,9999.9,9999.9,9118.8,9999.9,9789.3,9999.9,8534.3,7157.8,7235.6,5890.9,2728.1,8320.9,4823.7,4294.6,2438.3,3431.3,8218.2,1469.4,9509.6,4622.7,169.1,259.4,945.5,177.9,3154.8,560.8,1070.2,73.9,17.8,175.1,33.2,661.0,102.9,290.4,213.5,41.1,319.1,82.9,1180.2,218.2,698.5,1573.7,633.3,672.4,766.9,4350.8,746.2,3154.8,103.1,62.6,66.6,323.3,1381.0,174.4,239.7,8320.9,3467.0,3200.3,8218.2,3698.2,4083.9,9118.8,871.3,362.5,368.1,775.8,367.1,1366.8,1724.5,2029.5,1161.7,1540.9,4267.1,822.8,6590.8,2483.8
20260912_奈良_9R,20260912,53,奈良,9,6440.1,6950.2,4874.8,8457.5,2853.5,9236.5,3509.8,7090.6,9616.1,5358.6,9999.9,3835.9,9486.1,2339.9,8774.7,9999.9,9999.9,9999.9,5484.1,9486.1,7548.1,4648.8,5948.9,8885.7,6815.3,4129.2,8774.7,5278.0,9999.9,9999.9,9999.9,9999.9,9999.9,9616.1,9999.9,1887.0,3326.9,4528.8,2235.5,8356.8,5441.6,2699.9,9999.9,9999.9,9999.9,9999.9,9999.9,9486.1,9749.6,3133.8,1584.5,5318.0,3374.8,9999.9,2463.0,6749.7,3220.0,3753.8,3162.0,5199.8,1398.3,4129.2,1741.8,1532.7,575.3,731.9,2763.6,290.9,747.5,245.7,2046.5,621.2,861.3,1581.0,347.6,355.7,534.6,1496.7,718.5,884.1,1847.3,158.3,912.8,486.4,7389.2,5278.0,3358.7,5014.1,2076.8,2731.4,4874.8,329.1,74.7,94.3,13.3,410.2,94.4,38.9,2937.1,1139.5,619.0,1324.4,879.6,421.6,920.0,583.0,273.0,662.2,495.3,2412.2,158.2,797.7,4387.3,5801.4,2999.9,7163.0,2324.4,6749.7,1262.5,2999.9,1536.0,1326.9,4387.3,418.5,1982.9,484.4,6499.7,2186.8,4679.8,6267.6,1772.6,2133.6,2146.7,4471.1,1982.9,4775.3,8162.5,962.9,3656.1,1746.2,8774.7,5050.1,9999.9,9999.9,7799.7,8885.7,5123.9,1166.0,253.0,944.7,329.2,2900.7,1145.1,203.1,5753.9,3265.0,2785.6,4280.3,3878.3,2228.5,1602.6,233.1,364.0,865.5,768.0,1655.6,161.7,585.9,5441.6,7467.8,6560.5,7236.8,2912.7,4618.2,4499.8,2999.9,1123.1,1145.1,2301.5,420.8,731.2,1079.9,6051.5,1813.8,3475.1,5123.9,1429.6,2108.0,1493.5,4679.8,1842.4,3599.8,4254.4,1036.8,1763.7,2159.9,9116.5,4528.8,4874.8,6560.5,3025.7,817.2,4387.3,1429.6,213.2,764.6,239.8,589.8,235.0,486.8,1777.1,444.5,741.2,451.1,201.2,197.5,462.1,1847.3,1522.7,1423.8,2207.4,3458.0,935.9,1193.8,5161.5,5014.1,6324.1,8068.7,2819.1,7887.3,3326.9,3065.4,1651.7,1917.9,4105.1,321.4,2363.5,1116.0,4588.0,2101.7,3878.3,9359.7,1321.9,5399.8,1949.9,9616.1,3475.1,5484.1,7548.1,2395.8,3943.6,4333.1,9999.9,9999.9,9999.9,9999.9,4775.3,8356.8,9486.1,1373.7,179.5,587.4,904.6,1871.9,874.1,376.5,8356.8,4471.1,5571.2,5661.1,6499.7,2286.5,3694.6,3190.8,1563.4,1999.9,3545.3,7019.7,758.8,3815.0,9999.9,9999.9,9999.9,9999.9,9999.9,9999.9,9999.9,9999.9,7977.0,8774.7,9999.9,4908.9,8068.7,9999.9,9999.9,9999.9,8666.3,9999.9,9999.9,9999.9,9486.1,9999.9,8457.5,8774.7,9999.9,4228.7,1269.3,7090.6,9999.9,9999.9,9999.9,9999.9,7714.0,9999.9,9999.9,9999.9,4034.3,8068.7,5571.2,5123.9,3815.0,6440.1,9999.9,5999.8,8258.5,1154.5,8560.7,3078.8,4471.1,9999.9,9999.9,8457.5,9999.9,9999.9,6560.5,9749.6,611.4,1368.3,1691.5,858.1,3475.1,2294.0,830.7,115.3,17.9,29.5,3.7,144.7,34.4,11.6,523.0,65.2,329.4,100.0,1255.7,470.8,86.1,961.6,102.4,422.8,148.3,582.5,189.8,336.6,238.2,13.9,56.9,93.2,341.0,87.7,37.4,3637.1,811.5,2865.2,1799.9,1147.0,1035.3,1999.9,1095.1,124.7,589.8,279.4,184.2,365.9,197.2,153.0,39.8,77.6,249.0,61.0,721.4,167.0,7630.1,8068.7,5484.1,6950.2,6051.5,5753.9,6157.6,5441.6,2028.8,1332.0,2228.5,1741.8,623.4,1804.5,5849.8,3176.3,2619.3,4471.1,2924.9,1832.8,1712.1,2235.5,654.2,1084.9,733.5,249.4,311.5,794.9,7019.7,3509.8,4808.0,3038.8,4499.8,1907.5,4057.6,2279.1,1651.7,1687.4,614.1,2146.7,670.4,915.2,2355.6,374.9,1049.2,503.2,334.1,518.4,393.7,1278.6,2207.4,1474.7,1683.3,2961.9,1267.1,557.5,652.3,415.1,1292.7,943.5,2193.6,280.1,1070.0,673.6,437.3,1210.3,795.8,3249.8,179.9,1519.4,114.4,309.9,548.4,592.3,1134.0,137.4,498.5,1876.9,1707.9,1546.2,2876.9,3545.3,1046.1,1231.5,2180.0,1214.4,1326.9,2543.3,5318.0,570.7,2785.6,6622.4,7467.8,4775.3,7236.8,6622.4,3774.0,4471.1,177.0,104.2,166.1,489.5,118.3,1381.8,337.4,1249.0,1917.9,1484.0,1804.5,2629.1,1516.1,570.2
20260912_奈良_10R,20260912,53,奈良,10,2504.4,1211.3,2229.6,8569.8,2015.6,6027.5,759.8,1836.3,1262.2,721.5,5059.2,274.0,4826.6,227.8,1434.8,1852.5,1164.2,6665.4,1025.0,1914.5,444.8,1456.3,677.2,773.3,4130.3,439.7,3213.6,142.4,9999.9,9999.9,9999.9,9999.9,8342.7,9999.9,3110.5,1594.6,481.5,923.5,630.5,2876.1,3323.9,251.2,9999.9,9128.7,7077.3,7588.9,9999.9,6427.3,2273.9,87.9,33.8,47.7,22.5,396.6,25.1,274.5,4979.2,3149.4,5360.6,9999.9,4826.6,9999.9,1590.6,5293.1,3852.4,5649.1,9999.9,1631.8,9999.9,3181.2,2273.9,1965.3,1174.0,5998.8,656.4,910.8,727.7,5859.3,7077.3,2889.3,9999.9,2856.6,7498.5,3840.7,9999.9,9999.9,9999.9,9999.9,9999.9,9999.9,9999.9,4771.8,2715.0,1885.8,2762.6,6330.4,7588.9,2534.7,9999.9,9999.9,3548.6,9331.5,9999.9,7873.5,9999.9,1080.4,2253.5,712.1,2183.2,9999.9,1135.9,5778.7,2350.3,1473.4,910.8,4683.1,409.6,4789.9,300.1,3050.2,1802.2,3480.0,7240.0,1272.4,6394.7,1947.0,1528.8,1443.0,934.5,5293.1,539.2,1492.6,661.6,1276.3,2450.8,1036.8,4483.1,430.5,3489.6,605.6,9401.2,6267.4,9999.9,8511.9,2869.6,9999.9,5501.1,271.9,419.5,182.9,152.3,250.7,1069.4,89.5,8871.5,9690.4,6394.7,6960.0,9999.9,4700.6,4863.9,168.2,758.4,326.1,289.2,1704.6,94.3,1631.8,2805.7,3694.3,3028.2,8934.4,1866.3,3640.9,1175.1,1825.7,1914.5,1333.0,6736.6,699.4,640.1,834.2,2780.9,2328.5,1661.9,9331.5,950.7,2570.9,1099.2,3057.6,1917.4,1681.9,7588.9,1266.0,2018.8,1041.9,9999.9,9999.9,9999.9,9999.9,9999.9,9616.5,9999.9,1923.3,1551.4,1267.3,1420.2,4314.2,1929.1,1091.6,3864.3,1769.3,2850.1,2225.7,6921.7,2012.3,2012.3,595.0,816.4,903.0,797.3,5059.2,607.7,1206.6,2652.1,1278.9,1367.8,5184.2,774.7,4467.2,304.8,4270.3,4090.1,1281.5,9998.1,1759.4,5018.9,2265.7,1651.0,2929.6,1263.5,5859.3,332.2,4614.5,755.2,2035.1,1344.4,1448.0,4700.6,852.9,1711.6,855.8,9999.9,9999.9,9998.1,9999.9,5998.8,9999.9,9331.5,1214.8,1725.7,512.5,988.8,2225.7,3205.5,547.7,9471.8,9999.9,8511.9,6175.3,9999.9,6115.3,6056.5,218.2,852.3,434.8,453.8,2565.7,217.4,1869.0,9999.9,9999.9,9999.9,9999.9,9999.9,9999.9,9999.9,9999.9,9999.9,9999.9,9999.9,9999.9,9999.9,9999.9,9999.9,9999.9,9999.9,9999.9,5752.3,9999.9,9999.9,9999.9,9999.9,9999.9,9999.9,9999.9,9999.9,9999.9,9999.9,9999.9,9999.9,9999.9,9999.9,9999.9,9999.9,9999.9,9999.9,5383.5,9999.9,8628.5,9999.9,7728.6,9999.9,9999.9,9999.9,9999.9,9999.9,9999.9,9999.9,9999.9,9999.9,9998.1,9999.9,9999.9,7588.9,9999.9,3727.1,827.7,1983.8,1564.9,4531.5,6809.5,495.5,4185.2,2550.1,2597.4,2824.5,8398.4,5998.8,2509.4,396.6,1050.6,400.0,335.7,450.3,1764.3,150.6,2474.9,2850.1,1341.5,2082.2,4404.7,3794.4,1393.5,1852.5,3246.8,752.0,1920.3,3173.2,4547.8,863.4,4959.6,7498.5,1661.9,4665.7,3013.7,5039.0,2837.3,9999.9,9999.9,6960.0,8809.5,8075.3,9999.9,5998.8,283.7,1401.2,180.6,659.5,471.9,1559.1,2354.6,9999.9,9999.9,9999.9,9999.9,9999.9,9999.9,7281.8,9999.9,9999.9,6085.8,9999.9,9999.9,9999.9,9999.9,9999.9,9999.9,9999.9,9999.9,9999.9,9999.9,9999.9,9998.1,5859.3,9195.3,6883.9,9999.9,6998.6,5700.2,9999.9,9999.9,9999.9,9999.9,9999.9,9999.9,9999.9,9999.9,9999.9,9999.9,9999.9,9999.9,9999.9,9999.9,9999.9,9999.9,9999.9,9999.9,8511.9,9999.9,8871.5,5998.8,9999.9,6846.5,5430.0,9999.9,9999.9,7776.3,41.8,12.1,16.2,8.0,193.7,8.4,127.9,188.3,246.2,74.0,270.7,1187.3,165.9,720.2,35.7,147.9,64.8,53.3,421.7,16.7,359.3,75.3,86.0,93.3,79.6,624.5,70.4,128.0,43.3,197.7,67.3,78.6,516.5,49.0,309.1,918.8,2103.1,1294.7,1576.6,1390.4,803.9,2031.8,32.7,150.6,19.8,63.5,42.7,171.3,274.9,653.0,1218.3,1028.3,592.2,906.3,1771.8,717.8
20260912_奈良_11R,20260912,53,奈良,11,73.0,63.5,115.6,319.3,35.0,226.6,44.7,83.7,160.4,171.6,454.1,34.0,239.7,72.5,107.8,236.3,341.8,769.0,132.3,516.7,165.6,248.3,314.4,469.9,923.5,162.0,692.6,91.6,885.9,1152.5,1227.7,1269.1,604.6,486.3,602.8,21.2,18.5,58.1,52.1,191.1,87.5,18.0,393.6,408.1,616.6,619.6,296.9,205.9,241.5,17.8,31.1,45.0,7.6,132.4,9.8,71.7,348.7,215.8,311.8,1224.1,120.7,712.5,135.2,693.0,1785.9,3072.4,5667.8,785.1,3249.3,2072.2,300.3,1192.3,1603.6,2373.3,502.5,2082.6,968.9,1540.0,5129.1,4497.2,7709.6,2698.3,6532.9,2927.4,3608.2,9999.9,7258.7,9403.4,6820.0,6114.5,9332.7,204.9,584.9,606.0,984.3,2913.7,1666.1,693.8,1339.0,3391.4,4069.6,5616.5,3215.6,2260.9,3953.0,395.5,2507.5,1918.4,1157.8,6175.3,1063.6,4648.8,345.2,622.4,549.9,1479.4,112.3,783.6,229.5,686.9,1745.7,3516.2,5854.9,815.0,4096.5,2315.7,1472.4,1967.1,5616.5,7906.0,1763.1,5327.2,4497.2,2337.5,6025.5,9060.2,9930.0,2710.1,7258.7,4030.0,4597.2,6175.3,9999.9,9999.9,5396.7,6745.9,7662.0,91.4,282.4,603.4,814.4,1451.7,830.8,346.1,1524.8,3232.4,5967.5,6237.4,3597.8,1511.8,4701.7,542.5,2457.9,4030.0,1939.4,5910.7,880.3,3672.3,402.6,1147.1,1148.2,2990.9,504.5,2038.1,625.3,398.7,1455.1,2585.9,3150.3,755.9,2675.1,1370.0,2038.1,2333.1,8060.0,9999.9,2252.7,8803.2,6464.8,4179.3,7956.7,9999.9,9999.9,9060.2,9999.9,6084.5,8741.2,9999.9,9999.9,9999.9,9999.9,4017.0,9999.9,702.4,1104.3,2181.4,5616.5,6745.9,3866.8,3831.0,4179.3,5800.2,9999.9,9999.9,4417.2,7174.8,6365.4,1450.0,3391.4,6498.7,4221.9,9999.9,4701.7,9999.9,1661.6,1906.6,2528.0,5066.3,1071.8,3049.7,448.5,2801.9,9999.9,6973.3,9999.9,4386.0,9999.9,5516.6,3587.4,9999.9,9999.9,9999.9,5193.5,9999.9,7522.7,6365.4,9999.9,9999.9,9999.9,9999.9,9999.9,9999.9,9999.9,9999.9,9999.9,9999.9,9999.9,9999.9,9999.9,1945.5,4701.7,5087.1,9697.2,9999.9,9403.4,3597.8,7615.0,9999.9,9999.9,9999.9,9999.9,9999.9,9999.9,477.4,4597.2,4906.1,6054.8,9697.2,2433.8,4683.9,4774.0,6464.8,8166.1,6782.8,4597.2,2866.6,3336.7,7216.5,9999.9,9999.9,9999.9,9999.9,9999.9,9999.9,9999.9,9999.9,9999.9,9999.9,9999.9,9999.9,9999.9,9999.9,9999.9,9999.9,9999.9,9999.9,8060.0,9999.9,9999.9,9999.9,9999.9,9999.9,9999.9,9999.9,9999.9,5591.2,9999.9,9999.9,9999.9,9999.9,6084.5,9999.9,2477.5,6332.9,7052.5,5193.5,8866.0,4401.6,5591.2,5642.0,9999.9,9999.9,9999.9,9999.9,9999.9,9930.0,68.0,50.5,158.3,122.5,556.8,222.3,54.5,146.4,297.8,448.2,799.7,1838.8,1056.3,516.5,62.5,163.8,384.6,416.8,889.1,486.3,230.0,504.9,661.6,866.1,2680.8,4370.6,2382.4,1698.0,742.3,1695.7,1455.1,3118.7,5800.2,3991.1,1455.1,1973.3,5066.3,3301.2,5939.0,5667.8,2477.5,5541.3,630.0,1670.5,1166.5,3587.4,3428.8,1652.8,2151.2,181.3,628.1,542.7,1555.4,562.1,3166.4,1960.9,1000.2,1404.1,2281.7,1506.3,1005.0,715.0,545.8,1563.2,3683.2,6237.4,7432.6,4123.7,2548.7,4648.8,1942.4,3618.8,7344.6,9999.9,5492.2,2324.4,8220.2,3940.4,6709.4,9999.9,9999.9,3928.0,8803.2,9999.9,7012.7,9999.9,9999.9,9999.9,9999.9,9999.9,9999.9,975.8,2507.5,4530.1,3174.5,3878.9,1989.1,2629.7,1049.2,2158.7,2129.0,6114.5,4179.3,2833.9,3005.4,1577.1,7258.7,6709.4,9999.9,4236.3,6498.7,5066.3,56.1,82.9,127.4,21.6,327.0,35.4,201.5,359.2,2065.3,2002.0,1474.1,5492.2,902.0,4355.2,492.3,2244.5,3087.6,1798.9,6144.8,1007.5,4096.5,800.2,2801.9,4096.5,3257.8,9263.0,2752.2,6895.8,184.2,1182.1,1616.2,1915.5,3819.2,871.6,2913.7,2410.2,9999.9,9999.9,9999.9,8680.0,9622.1,6602.4,220.0,763.3,803.4,1903.7,828.6,3965.6,2548.7,1258.8,7522.7,6332.9,8994.5,5150.4,4906.1,4355.2
20260912_奈良_12R,20260912,53,奈良,12,122.3,74.0,76.0,353.8,27.4,555.1,106.8,147.9,218.0,107.2,489.9,58.8,572.7,60.6,194.3,408.8,310.2,858.2,124.0,1035.9,389.4,46.0,49.8,88.7,180.8,8.2,227.9,35.0,1006.4,955.8,1175.2,586.3,368.0,597.7,976.8,11.4,19.0,19.9,7.7,75.6,117.5,13.6,1725.1,1610.8,1852.4,974.9,1029.8,589.8,1494.7,77.8,40.6,165.4,47.8,333.2,25.2,415.0,257.2,127.4,230.9,672.7,73.1,1305.4,255.1,397.7,856.8,2339.9,1879.2,1078.3,3795.2,637.4,213.3,565.4,852.6,870.2,549.2,1815.6,658.7,610.4,1822.0,1408.1,2610.8,1832.7,5169.5,1682.2,2489.6,6403.4,3870.7,9664.8,6765.4,4686.8,8365.8,416.0,2134.4,1063.5,2245.3,3652.6,4523.3,2031.3,4286.6,8549.6,7517.1,9999.9,6736.1,7305.3,9999.9,437.5,782.3,1080.5,2170.2,4020.7,1344.8,5035.7,265.4,444.2,286.9,936.2,182.5,1195.1,109.1,346.8,762.3,2143.3,2530.1,914.2,3303.7,449.4,1090.4,2015.5,4590.0,5256.9,2958.2,6031.1,1609.1,720.7,2673.6,3652.6,4773.1,2071.9,4274.8,1173.4,2002.6,4084.1,7105.2,7072.9,6765.4,3069.1,1436.7,629.7,2164.1,2808.7,2469.9,5328.9,4729.6,1128.3,3289.7,8104.3,9999.9,8020.8,5101.7,7780.2,2930.4,76.4,261.4,436.2,522.1,631.2,295.2,872.7,672.4,1462.4,1578.1,2589.0,850.2,3450.2,1542.1,413.8,1305.4,1834.9,1641.3,1474.9,2687.4,1377.0,1660.6,3118.3,8942.7,9974.6,4955.5,9999.9,3457.8,3289.7,6456.6,9725.2,9999.9,9546.2,9999.9,8549.6,6325.3,6736.1,9999.9,9999.9,9999.9,4205.5,9999.9,1792.6,3457.8,6915.7,9153.1,6621.4,7072.9,9786.4,7898.6,9999.9,9999.9,9999.9,6794.9,9999.9,9999.9,1989.8,3262.1,3481.0,8791.2,9999.9,7819.3,9999.9,241.5,239.6,459.0,719.0,59.2,880.6,172.2,764.2,1930.5,1559.1,3099.6,1913.9,5384.2,1715.5,734.3,3063.0,3661.2,5347.2,2137.4,4239.8,1348.3,2207.1,3504.6,5459.8,8233.0,5479.0,9786.4,6078.2,2744.3,8841.1,5135.4,8596.9,6078.2,2729.9,6299.7,299.1,1693.1,1625.9,2509.7,3331.9,3610.3,1195.1,4458.5,9999.9,7627.6,9999.9,6031.1,9317.6,9605.2,496.5,2264.9,1133.3,3767.6,4041.6,1354.2,4893.2,3201.7,2855.1,4631.0,2489.6,1778.3,1859.0,3713.7,3704.8,7741.5,6351.1,9999.9,8994.4,7780.2,9999.9,4644.9,9999.9,7553.6,9999.9,9999.9,7409.7,3989.8,7040.9,7780.2,9999.9,9999.9,9999.9,8692.9,9999.9,4939.8,9999.9,9999.9,9999.9,9999.9,9999.9,9999.9,3696.0,9999.9,9999.9,9999.9,9999.9,9725.2,9999.9,1665.9,5939.0,3870.7,5204.1,5763.1,5784.5,5741.8,4686.8,9999.9,3969.4,9999.9,9999.9,9999.9,5597.2,162.2,217.1,232.4,124.2,509.3,668.6,166.2,522.6,2350.5,1997.4,2268.2,4603.6,3427.4,2182.3,684.5,2758.9,3713.7,2646.3,7203.9,6199.3,1778.3,1301.0,3512.5,4773.1,4893.2,7703.1,9546.2,6150.3,351.4,1997.4,1803.0,2969.5,4171.6,3823.2,1446.1,2298.4,8692.9,9488.0,8644.6,6946.6,3919.5,9153.1,3661.2,8741.8,9999.9,9999.9,9999.9,5741.8,9999.9,458.1,2131.5,1436.7,3661.2,1509.2,5961.8,5274.7,6483.5,5597.2,7741.5,4216.9,3969.4,3027.3,5784.5,6593.4,9999.9,9999.9,9999.9,9999.9,8791.2,9999.9,5763.1,9999.9,9999.9,9999.9,9999.9,9999.9,8502.9,8841.1,9999.9,9999.9,9999.9,9099.6,9999.9,9999.9,7305.3,9999.9,9999.9,9999.9,9999.9,9999.9,9999.9,2715.6,8104.3,6456.6,5440.7,8146.8,7305.3,7858.8,5939.0,9999.9,9999.9,9999.9,9999.9,9999.9,9999.9,6274.3,9999.9,7237.4,9999.9,9999.9,9999.9,9999.9,148.4,73.8,290.7,126.7,625.4,58.5,815.9,307.5,478.3,776.4,1356.6,2382.9,919.1,3069.1,61.2,210.9,383.0,267.2,492.5,267.2,890.6,826.8,1651.8,1504.8,3593.6,4549.8,2725.1,5035.7,289.8,1086.6,687.2,2473.8,1662.4,990.4,3813.8,1913.9,5135.4,1841.4,6429.9,5365.6,5402.9,2312.0,270.0,1095.8,787.0,1674.9,1015.6,2963.8,3324.8,2734.6,7898.6,3851.5,6765.4,7271.2,4420.5,5827.8
20260912_佐世保_1R,20260912,85,佐世保,1,267.3,56.2,141.8,456.2,171.6,,,533.1,324.9,568.2,777.8,1054.3,,,32.1,108.2,28.8,209.0,113.3,,,198.1,355.4,71.0,504.7,443.4,,,818.0,968.3,527.1,593.0,1482.7,,,293.7,878.6,308.1,521.4,1608.3,,,,,,,,,,,,,,,,,82.0,19.1,45.8,215.1,47.3,,,95.2,77.8,197.6,91.0,105.7,,,11.1,51.0,64.6,94.9,36.9,,,133.4,342.5,183.1,575.1,314.2,,,228.6,138.3,190.1,403.8,243.3,,,29.5,57.2,21.1,66.9,79.4,,,,,,,,,,,,,,,,,281.5,123.2,190.9,182.1,673.0,,,145.9,118.7,273.4,106.7,196.4,,,81.3,142.4,246.4,107.8,632.6,,,462.9,668.2,489.1,423.6,2433.2,,,81.4,74.1,64.6,184.2,373.6,,,759.1,382.6,939.5,1790.4,718.9,,,,,,,,,,,,,,,,,16.7,49.9,14.2,95.4,78.8,,,21.8,62.4,96.8,147.5,61.2,,,107.9,119.8,336.5,157.1,290.1,,,91.3,253.7,375.0,524.2,585.7,,,175.4,277.4,199.3,454.0,564.8,,,267.3,200.2,496.8,512.9,741.3,,,,,,,,,,,,,,,,,354.0,1355.6,227.5,1824.9,1066.2,,,521.4,1232.4,524.2,1897.9,1078.3,,,1664.8,1824.9,1530.5,1976.9,2497.2,,,266.5,645.5,1608.3,1317.9,988.4,,,2875.6,2314.5,2156.7,1897.9,3514.6,,,2062.9,1694.5,2156.7,1757.3,3795.8,,,,,,,,,,,,,,,,,551.7,542.2,322.7,536.1,1355.6,,,423.6,293.7,323.8,777.8,515.7,,,179.0,167.3,135.5,539.1,447.6,,,203.2,363.5,320.5,604.4,1232.4,,,1157.2,1375.2,1201.2,1171.5,2497.2,,,1897.9,1031.4,1042.8,1555.6,2433.2,,,,,,,,,,,,,,,,,376.5,1608.3,608.3,765.2,1897.9,,,104.0,245.2,83.3,207.1,247.1,,,1299.9,558.2,1395.5,2314.5,1299.9,,,616.2,367.8,1459.9,1066.2,1664.8,,,1860.6,790.7,3389.1,1437.8,3061.1,,,2156.7,1157.2,1248.6,1336.5,2259.4,,,,,,,,,,,,,,,,,,,,,,,,,,,,,,,,,,,,,,,,,,,,,,,,,,,,,,,,,,,,,,,,,,,,,,,,,,,,,,,,,,,,,,,,,,,,,,,,,,,,,,,,,,,,,,,,,,,,,,,,,,,,,,,,
20260912_佐世保_2R,20260912,85,佐世保,2,146.3,211.4,266.6,226.9,113.3,,,70.1,30.3,69.4,335.2,87.8,,,194.3,80.6,236.3,790.2,272.7,,,123.8,61.5,109.9,505.9,105.5,,,1051.1,1244.4,1189.7,1288.9,1503.7,,,77.0,142.8,233.8,250.0,608.2,,,,,,,,,,,,,,,,,474.8,594.8,807.9,487.7,263.4,,,383.9,130.4,676.6,228.9,107.1,,,664.2,220.0,1388.0,389.4,156.9,,,1164.1,1273.7,2042.8,1835.0,757.1,,,984.2,458.7,508.3,1230.3,149.9,,,152.0,57.3,73.6,317.5,42.1,,,,,,,,,,,,,,,,,72.9,26.5,65.6,330.0,71.5,,,111.6,40.8,220.0,156.2,49.2,,,11.7,6.7,33.1,81.3,7.7,,,188.6,359.7,169.4,1002.5,396.5,,,887.4,487.7,541.3,1406.1,984.2,,,99.0,41.2,32.7,236.3,375.9,,,,,,,,,,,,,,,,,496.6,132.8,510.7,1230.3,468.7,,,644.4,168.1,1071.9,449.2,182.2,,,50.8,37.3,101.1,172.6,47.3,,,925.3,1968.5,513.1,2849.2,1691.7,,,3280.9,2517.9,1176.8,7733.5,2517.9,,,591.6,300.7,134.6,1304.4,1569.1,,,,,,,,,,,,,,,,,370.7,216.5,250.0,1189.7,268.6,,,767.8,909.8,1546.7,2082.1,773.3,,,304.9,832.8,582.0,3492.5,958.1,,,451.1,2165.4,887.4,4330.8,1569.1,,,3093.4,3093.4,4707.3,4707.3,4164.2,,,458.7,894.7,1116.1,2303.6,3866.7,,,,,,,,,,,,,,,,,2640.7,1718.5,4511.2,4164.2,3280.9,,,3492.5,3383.4,4707.3,5698.4,1203.0,,,2353.6,3866.7,2706.7,9022.5,6766.8,,,7733.5,4921.3,4330.8,9999.9,6368.8,,,4921.3,5698.4,5698.4,9999.9,6368.8,,,5155.7,1388.0,4164.2,4511.2,6766.8,,,,,,,,,,,,,,,,,180.1,247.1,362.1,368.2,925.3,,,112.8,43.8,54.0,223.6,41.7,,,240.6,70.7,68.8,510.7,454.9,,,520.5,167.3,150.1,1139.6,731.5,,,741.5,563.9,909.8,1503.7,2303.6,,,2165.4,395.1,1104.7,1320.3,2776.1,,,,,,,,,,,,,,,,,,,,,,,,,,,,,,,,,,,,,,,,,,,,,,,,,,,,,,,,,,,,,,,,,,,,,,,,,,,,,,,,,,,,,,,,,,,,,,,,,,,,,,,,,,,,,,,,,,,,,,,,,,,,,,,,
20260912_佐世保_3R,20260912,85,佐世保,3,255.5,94.2,305.0,398.3,195.3,,,364.7,168.7,312.7,763.2,888.5,,,24.7,32.0,36.1,80.1,47.9,,,406.7,254.4,167.8,1089.6,581.4,,,1455.9,1804.8,528.2,1843.2,1589.5,,,306.6,1013.2,255.1,601.6,1386.0,,,,,,,,,,,,,,,,,284.0,94.9,296.6,423.6,181.8,,,345.1,234.1,200.7,478.6,257.0,,,59.0,161.4,112.5,242.3,86.3,,,250.7,141.5,145.8,621.0,242.6,,,1062.9,589.3,679.4,759.9,458.3,,,166.1,172.7,122.2,189.1,231.3,,,,,,,,,,,,,,,,,392.8,219.5,275.0,1082.8,656.2,,,468.2,312.7,274.5,671.5,398.3,,,179.3,269.4,164.0,750.0,579.4,,,133.8,125.0,107.0,255.9,335.1,,,1560.9,1110.6,1408.6,813.4,2112.9,,,787.5,505.1,731.0,787.5,2062.6,,,,,,,,,,,,,,,,,5.7,14.1,8.8,31.8,13.7,,,25.3,75.4,59.6,138.9,50.4,,,51.5,82.0,61.7,218.4,216.5,,,43.3,88.9,71.6,283.5,171.7,,,166.7,381.6,462.0,623.2,529.8,,,72.1,90.6,248.5,212.0,370.2,,,,,,,,,,,,,,,,,502.2,296.1,209.5,1228.8,798.4,,,231.3,110.9,125.5,551.7,311.6,,,117.8,84.1,82.3,199.3,336.4,,,116.0,186.5,136.3,597.4,382.4,,,2279.7,1750.1,1110.6,1506.6,2475.1,,,1117.8,724.9,1178.6,832.9,1925.1,,,,,,,,,,,,,,,,,3269.0,2406.4,916.7,4225.8,2887.6,,,3208.5,2279.7,1698.6,3465.2,1863.0,,,3150.2,2840.3,2750.1,2112.9,4559.5,,,946.7,1634.5,1883.2,2750.1,1682.1,,,5250.3,3465.2,1750.1,3093.9,4559.5,,,3766.5,2279.7,4225.8,1968.8,4812.8,,,,,,,,,,,,,,,,,656.2,1343.1,340.3,1110.6,1619.2,,,308.8,296.6,200.5,391.9,413.5,,,1823.8,866.3,1443.8,1264.6,2794.5,,,303.9,292.1,967.9,756.5,1110.6,,,1546.9,766.6,1001.5,1037.4,3686.4,,,3331.9,1634.5,2585.9,1863.0,4812.8,,,,,,,,,,,,,,,,,,,,,,,,,,,,,,,,,,,,,,,,,,,,,,,,,,,,,,,,,,,,,,,,,,,,,,,,,,,,,,,,,,,,,,,,,,,,,,,,,,,,,,,,,,,,,,,,,,,,,,,,,,,,,,,,
20260912_佐世保_4R,20260912,85,佐世保,4,2880.3,2061.1,2995.6,1970.7,3683.1,,,1988.2,2643.1,1164.0,1255.1,2773.7,,,2292.5,3404.1,2269.4,1783.1,3256.0,,,3256.0,1329.4,1970.7,1593.4,1715.0,,,708.7,658.8,617.2,600.7,2099.7,,,3036.0,2917.8,3209.5,2643.1,4585.1,,,,,,,,,,,,,,,,,1664.2,1201.4,1988.2,1651.9,2995.6,,,656.9,91.3,48.3,310.3,357.1,,,419.9,94.3,104.6,254.1,518.8,,,874.2,63.2,142.2,463.2,227.8,,,985.3,761.5,748.9,909.5,1728.2,,,3036.0,888.0,1395.4,936.1,3164.3,,,,,,,,,,,,,,,,,651.2,680.8,232.8,415.2,838.3,,,336.8,50.3,34.2,131.9,217.4,,,359.4,83.8,76.1,249.6,412.2,,,45.7,6.7,11.1,19.6,4.3,,,184.1,191.3,310.3,106.6,550.6,,,857.5,360.6,577.5,78.3,729.4,,,,,,,,,,,,,,,,,1164.0,1970.7,1431.0,1421.9,2340.3,,,563.0,248.8,260.0,468.0,920.7,,,1395.4,391.4,326.5,1369.9,1715.0,,,1582.1,557.4,417.6,1345.3,936.1,,,1291.2,641.9,1856.7,1571.1,3209.5,,,3456.4,2269.4,2706.8,1903.9,4160.5,,,,,,,,,,,,,,,,,1872.2,413.7,1188.7,1234.4,1283.8,,,860.8,65.1,237.4,467.0,216.6,,,60.2,12.8,18.1,31.4,6.7,,,1214.4,434.5,155.1,1021.2,579.0,,,854.2,816.9,158.1,841.4,393.4,,,791.0,371.9,60.5,449.3,597.5,,,,,,,,,,,,,,,,,450.2,303.6,390.7,345.6,1040.1,,,1528.3,467.0,782.8,537.4,2643.1,,,537.4,372.5,851.0,209.7,1170.1,,,1146.2,920.7,1413.0,1291.2,2582.4,,,697.7,480.0,190.5,888.0,452.0,,,2880.3,3164.3,2202.6,2674.6,1872.2,,,,,,,,,,,,,,,,,4405.3,3256.0,3807.9,3036.0,4680.6,,,4493.4,1497.8,3077.6,1988.2,5224.9,,,2553.0,1262.1,2042.4,300.7,2582.4,,,5349.3,3744.5,3256.0,2246.7,4780.2,,,2706.8,1378.3,277.0,1639.9,2468.9,,,4884.1,4992.6,3256.0,5224.9,3510.4,,,,,,,,,,,,,,,,,,,,,,,,,,,,,,,,,,,,,,,,,,,,,,,,,,,,,,,,,,,,,,,,,,,,,,,,,,,,,,,,,,,,,,,,,,,,,,,,,,,,,,,,,,,,,,,,,,,,,,,,,,,,,,,,
20260912_佐世保_5R,20260912,85,佐世保,5,168.8,205.3,444.9,245.7,80.5,,,138.0,246.3,124.8,236.9,66.2,,,296.8,454.2,666.1,702.5,189.0,,,585.2,333.0,867.6,733.7,286.1,,,393.0,420.1,614.2,816.6,110.8,,,30.3,31.1,68.3,45.8,22.0,,,,,,,,,,,,,,,,,243.7,192.8,533.9,340.9,114.2,,,213.7,106.4,144.3,194.9,150.8,,,135.6,101.7,174.6,82.3,82.1,,,689.9,350.5,409.2,578.4,473.4,,,356.3,318.6,156.0,429.0,210.3,,,139.2,232.6,151.1,335.6,209.0,,,,,,,,,,,,,,,,,68.0,162.2,61.1,146.0,25.8,,,63.7,58.3,44.1,80.0,41.3,,,221.0,103.6,155.0,275.8,163.2,,,35.5,19.5,70.0,29.4,16.9,,,285.6,229.9,404.0,142.7,182.4,,,25.5,41.9,113.1,33.5,94.7,,,,,,,,,,,,,,,,,252.2,412.1,600.4,637.9,196.3,,,183.3,114.7,232.3,142.5,106.6,,,350.9,178.3,291.6,376.8,239.3,,,1000.1,718.5,708.2,1126.8,848.5,,,1014.8,478.7,776.4,1164.6,675.2,,,289.7,234.6,393.0,547.4,469.6,,,,,,,,,,,,,,,,,810.8,374.7,832.2,969.4,557.9,,,854.8,422.2,980.4,1081.1,736.8,,,151.2,126.4,260.7,137.8,102.4,,,1188.5,1248.4,711.1,1614.2,1192.6,,,1020.7,1213.5,465.8,1371.7,915.7,,,490.2,597.3,294.6,1299.8,923.0,,,,,,,,,,,,,,,,,723.0,695.5,1324.6,1032.9,215.7,,,729.1,506.6,425.3,794.1,409.7,,,624.2,522.6,642.7,389.5,472.8,,,1464.3,623.0,1011.8,1476.8,885.3,,,1048.5,1180.4,570.8,1324.6,1032.9,,,259.1,561.5,635.6,925.5,807.1,,,,,,,,,,,,,,,,,56.2,50.7,107.2,113.9,44.6,,,121.3,167.3,251.1,370.3,288.9,,,76.6,122.8,242.8,132.0,234.6,,,295.1,353.4,449.5,776.4,657.3,,,319.8,455.4,244.2,874.2,747.9,,,136.8,385.1,351.9,543.9,639.1,,,,,,,,,,,,,,,,,,,,,,,,,,,,,,,,,,,,,,,,,,,,,,,,,,,,,,,,,,,,,,,,,,,,,,,,,,,,,,,,,,,,,,,,,,,,,,,,,,,,,,,,,,,,,,,,,,,,,,,,,,,,,,,,
20260912_佐世保_6R,20260912,85,佐世保,6,431.4,151.8,332.6,628.8,122.9,,,626.0,408.7,251.6,1238.6,220.5,,,86.7,243.7,154.0,367.9,46.6,,,265.0,86.2,164.3,615.3,62.3,,,954.7,1158.7,807.2,964.3,227.5,,,25.7,29.7,15.9,20.0,9.9,,,,,,,,,,,,,,,,,832.9,270.0,674.5,1212.5,249.8,,,1394.9,539.1,804.9,2588.8,873.4,,,126.7,154.4,131.5,340.0,71.7,,,780.8,617.9,336.1,2280.6,573.5,,,2660.8,3421.0,1144.8,3684.2,1903.0,,,240.2,487.0,169.1,464.2,580.5,,,,,,,,,,,,,,,,,1488.9,1330.4,444.1,2245.0,591.2,,,1890.5,977.4,685.8,3089.9,1228.0,,,1361.9,800.4,445.5,3265.5,723.8,,,359.2,443.4,267.0,915.1,202.3,,,2636.4,3936.5,4421.0,2177.0,2902.7,,,628.8,1011.8,758.2,401.9,1422.6,,,,,,,,,,,,,,,,,91.6,222.5,145.3,379.6,59.6,,,46.3,55.3,47.9,174.6,22.3,,,242.7,206.4,192.7,1282.8,249.2,,,174.9,132.0,140.5,644.3,140.0,,,1019.0,802.7,1941.6,1661.0,644.3,,,38.9,41.9,107.8,86.5,132.7,,,,,,,,,,,,,,,,,390.9,181.3,255.8,835.3,106.9,,,545.2,430.8,340.8,1690.3,474.2,,,159.4,250.9,121.8,620.6,97.4,,,272.1,214.9,178.0,1044.9,180.3,,,2336.3,2636.4,1710.5,2262.7,1265.9,,,122.5,316.4,157.6,188.6,367.4,,,,,,,,,,,,,,,,,3024.9,2817.3,2245.0,4047.4,564.5,,,4490.1,5422.0,2477.3,5526.3,2873.6,,,4490.1,5634.6,5131.5,4634.9,4561.3,,,3024.9,2355.4,5747.3,5634.6,1632.7,,,5224.8,5747.3,4225.9,5986.8,3192.9,,,436.7,1670.7,2144.5,1131.3,1915.7,,,,,,,,,,,,,,,,,29.4,53.5,16.8,29.2,14.1,,,92.6,292.6,119.4,327.6,318.2,,,213.1,491.2,421.3,391.5,676.1,,,35.2,53.8,187.3,113.7,99.1,,,84.8,265.3,221.2,175.4,285.6,,,70.8,203.0,465.7,160.3,357.4,,,,,,,,,,,,,,,,,,,,,,,,,,,,,,,,,,,,,,,,,,,,,,,,,,,,,,,,,,,,,,,,,,,,,,,,,,,,,,,,,,,,,,,,,,,,,,,,,,,,,,,,,,,,,,,,,,,,,,,,,,,,,,,,
20260912_佐世保_7R,20260912,85,佐世保,7,58.3,120.8,67.9,86.1,103.0,,,43.1,52.6,25.7,109.2,15.1,,,205.0,86.4,33.0,320.9,190.3,,,36.9,17.9,6.0,94.9,41.6,,,139.5,184.9,327.7,209.2,279.7,,,93.6,27.8,146.2,64.4,204.5,,,,,,,,,,,,,,,,,177.8,312.3,181.7,194.4,258.1,,,208.2,430.2,438.7,299.2,264.9,,,914.5,838.3,655.5,900.4,1768.1,,,397.4,694.6,517.2,669.1,966.0,,,144.7,173.3,289.1,250.8,292.6,,,423.4,378.3,1236.1,903.2,589.3,,,,,,,,,,,,,,,,,98.9,158.2,48.2,238.7,30.4,,,196.0,452.3,401.2,330.0,178.7,,,422.8,746.1,530.4,1812.0,408.0,,,152.3,434.1,315.7,812.6,193.3,,,466.0,436.0,1049.4,835.9,345.6,,,24.7,58.1,105.3,54.4,156.6,,,,,,,,,,,,,,,,,663.0,469.7,168.5,1126.3,929.0,,,1020.0,1185.9,1100.8,1984.6,2701.2,,,786.3,1676.6,953.3,3646.7,840.7,,,161.3,792.7,545.3,1726.2,1195.6,,,1957.9,2193.5,4051.9,3103.5,4228.0,,,1458.6,2701.2,1027.2,1585.5,3557.7,,,,,,,,,,,,,,,,,136.5,79.2,20.1,305.4,161.6,,,385.3,727.5,513.6,1338.2,1451.4,,,242.3,873.4,314.3,1984.6,455.1,,,54.8,397.4,232.4,1034.5,537.2,,,1181.1,1409.3,2177.1,1511.5,2279.1,,,427.1,1437.1,500.4,666.0,2040.1,,,,,,,,,,,,,,,,,369.2,483.8,953.3,478.2,794.9,,,235.0,218.8,651.1,286.5,354.9,,,814.9,425.2,1551.7,683.2,499.5,,,1812.0,1686.3,2917.3,2493.4,3205.9,,,675.3,465.2,539.2,1096.7,833.5,,,1144.0,670.6,620.7,2451.5,1511.5,,,,,,,,,,,,,,,,,130.7,49.1,295.2,89.9,331.1,,,251.9,205.4,1034.5,507.3,733.0,,,31.8,60.4,119.5,77.5,207.3,,,947.1,2177.1,638.3,1148.5,2472.3,,,287.9,673.7,247.6,545.3,1268.4,,,742.3,537.2,623.3,1560.0,1162.2,,,,,,,,,,,,,,,,,,,,,,,,,,,,,,,,,,,,,,,,,,,,,,,,,,,,,,,,,,,,,,,,,,,,,,,,,,,,,,,,,,,,,,,,,,,,,,,,,,,,,,,,,,,,,,,,,,,,,,,,,,,,,,,,
20260912_佐世保_8R,20260912,85,佐世保,8,591.8,831.3,1099.6,993.9,234.5,,,487.5,223.5,578.5,642.0,493.7,,,783.0,260.3,750.8,818.2,526.4,,,1435.6,997.1,1058.3,1037.1,1658.3,,,449.4,365.2,567.9,414.5,319.0,,,198.2,469.1,428.3,829.1,608.0,,,,,,,,,,,,,,,,,545.9,717.8,957.1,1051.2,175.2,,,351.5,165.9,453.3,896.2,130.6,,,525.6,189.3,522.9,936.8,156.6,,,993.9,415.6,431.9,1319.5,197.1,,,1455.8,1802.9,1834.9,2650.4,606.8,,,87.5,59.7,71.1,70.2,248.2,,,,,,,,,,,,,,,,,269.1,109.7,299.6,488.3,220.0,,,231.2,101.4,344.9,721.1,126.4,,,30.1,21.4,31.7,85.2,17.3,,,432.5,409.1,155.2,891.1,374.0,,,517.7,767.5,286.3,779.1,693.7,,,135.9,88.3,48.9,188.8,362.6,,,,,,,,,,,,,,,,,293.1,112.0,462.8,500.1,241.1,,,199.5,76.1,206.8,360.5,94.7,,,24.8,15.0,26.5,64.6,17.6,,,807.5,678.5,263.4,1396.8,687.5,,,356.4,492.2,268.9,635.4,431.3,,,94.8,54.5,39.0,196.7,246.5,,,,,,,,,,,,,,,,,1694.5,1170.2,1342.4,1403.1,1722.8,,,1713.2,951.2,1103.5,2230.9,736.5,,,1111.4,1010.1,399.6,1676.2,925.6,,,1527.6,1245.4,492.2,2297.0,1111.4,,,1802.9,3605.8,2153.5,2793.7,2040.1,,,1574.1,738.3,957.1,1148.5,1914.2,,,,,,,,,,,,,,,,,433.1,334.1,549.8,421.3,305.8,,,1429.0,1834.9,2138.6,2628.0,1095.7,,,878.4,1722.8,537.4,2183.8,1649.4,,,1111.4,1902.4,654.2,2628.0,1235.4,,,1598.4,3781.7,2263.5,2953.3,2199.3,,,708.0,854.2,1429.0,1033.6,1845.8,,,,,,,,,,,,,,,,,104.9,133.0,147.5,276.3,251.0,,,35.5,18.4,17.7,24.9,89.7,,,81.1,41.1,30.6,119.9,266.8,,,65.1,29.2,22.5,141.5,219.9,,,492.2,247.8,370.9,463.5,1165.8,,,220.2,295.9,404.8,340.0,654.2,,,,,,,,,,,,,,,,,,,,,,,,,,,,,,,,,,,,,,,,,,,,,,,,,,,,,,,,,,,,,,,,,,,,,,,,,,,,,,,,,,,,,,,,,,,,,,,,,,,,,,,,,,,,,,,,,,,,,,,,,,,,,,,,
20260912_佐世保_9R,20260912,85,佐世保,9,105.6,31.6,21.7,167.9,82.0,,,269.5,276.7,326.2,351.1,600.2,,,9.1,61.7,16.8,53.6,5.3,,,28.5,172.8,47.8,234.2,101.9,,,438.2,260.5,241.9,527.0,629.8,,,136.9,326.6,41.0,164.2,430.8,,,,,,,,,,,,,,,,,311.0,94.2,63.6,504.3,220.3,,,856.4,861.7,441.7,1170.5,1185.3,,,129.6,579.2,126.6,713.0,222.4,,,54.3,152.5,60.6,183.0,171.9,,,1448.0,1377.0,1560.6,627.0,2701.1,,,653.3,1306.6,609.3,521.1,2247.3,,,,,,,,,,,,,,,,,763.3,673.6,691.9,1025.2,1411.6,,,1216.1,1560.6,992.6,1377.0,1937.3,,,867.0,1860.4,2065.6,1734.0,1642.8,,,1848.1,1300.5,2601.1,1723.4,3020.6,,,697.0,942.6,826.2,975.4,1205.6,,,2781.4,2957.0,2380.6,3156.4,3304.9,,,,,,,,,,,,,,,,,20.5,106.0,28.5,102.7,9.8,,,74.7,489.4,136.5,600.2,164.5,,,543.3,1170.5,1682.1,1766.8,1180.3,,,81.1,93.9,753.1,780.3,128.6,,,425.6,1470.7,1056.0,1411.6,864.3,,,43.1,159.1,519.2,158.3,531.0,,,,,,,,,,,,,,,,,61.5,301.7,90.2,600.2,179.0,,,45.0,146.9,42.3,161.3,132.4,,,1200.5,688.5,1455.5,1535.0,2080.9,,,87.6,78.4,448.7,798.0,114.8,,,1569.3,965.3,1411.6,1463.1,1978.3,,,368.6,342.5,653.3,215.4,1824.1,,,,,,,,,,,,,,,,,1486.3,853.8,718.4,1848.1,1789.3,,,1633.2,1344.1,2096.4,795.8,2601.1,,,457.5,763.3,541.2,713.0,1021.5,,,880.6,2302.6,1448.0,1911.0,1232.1,,,2265.5,826.2,1824.1,2601.1,3384.6,,,2926.2,4761.3,3848.2,2754.1,4013.1,,,,,,,,,,,,,,,,,631.2,1101.6,157.3,727.7,1596.1,,,877.8,2160.9,912.0,861.7,4192.8,,,2577.2,3601.5,2701.1,4531.0,5977.0,,,124.0,532.0,1068.1,464.3,1448.0,,,1190.3,1014.1,2601.1,713.0,3511.5,,,2360.6,5733.1,2809.2,3121.3,4389.4,,,,,,,,,,,,,,,,,,,,,,,,,,,,,,,,,,,,,,,,,,,,,,,,,,,,,,,,,,,,,,,,,,,,,,,,,,,,,,,,,,,,,,,,,,,,,,,,,,,,,,,,,,,,,,,,,,,,,,,,,,,,,,,,
20260912_佐世保_10R,20260912,85,佐世保,10,435.5,41.3,113.9,708.7,57.4,,,918.0,308.6,963.9,753.0,490.1,,,15.8,80.9,23.3,108.9,2.3,,,212.3,792.2,126.7,796.6,187.0,,,2095.5,1571.6,559.3,1980.7,843.1,,,55.1,191.5,9.5,59.8,224.1,,,,,,,,,,,,,,,,,860.6,96.7,171.7,986.9,142.2,,,1711.1,1652.4,1262.8,1721.3,2628.9,,,140.0,759.0,162.8,1125.2,377.5,,,140.7,457.5,193.0,680.4,272.8,,,3286.1,3402.1,2921.0,2351.0,4016.4,,,426.5,2409.8,522.9,615.2,3249.2,,,,,,,,,,,,,,,,,2080.4,990.3,1538.2,1711.1,1011.1,,,2863.2,2389.9,1554.7,2891.8,3143.3,,,898.0,1445.9,1830.2,2174.3,3143.3,,,2677.6,2370.3,3570.1,2921.0,3109.5,,,1235.8,1431.6,1671.5,1785.0,2536.7,,,2142.1,3484.1,2921.0,4131.2,6572.3,,,,,,,,,,,,,,,,,20.9,131.2,37.6,160.5,6.3,,,71.8,282.1,51.4,437.4,192.0,,,477.2,413.1,479.5,422.7,821.5,,,178.7,145.6,576.0,678.8,336.6,,,682.0,1410.6,1125.2,1370.5,1571.6,,,47.6,192.2,560.4,222.1,714.0,,,,,,,,,,,,,,,,,550.8,1498.3,339.4,1818.7,563.7,,,328.2,655.7,369.8,1071.0,572.6,,,2370.3,1890.0,2677.6,2582.0,3362.6,,,510.9,581.8,2142.1,2207.5,1051.5,,,3442.6,3044.0,3109.5,3660.5,3442.6,,,954.4,1390.3,2677.6,1445.9,3362.6,,,,,,,,,,,,,,,,,7053.2,3213.1,1818.7,6152.8,2351.0,,,4191.0,4016.4,6286.6,4985.9,7610.1,,,2110.8,2158.0,2430.1,2559.1,4590.2,,,2142.1,6725.2,4191.0,6024.6,6572.3,,,5901.7,5073.4,4252.7,5670.2,6286.6,,,4819.7,7610.1,7229.6,6024.6,7229.6,,,,,,,,,,,,,,,,,242.4,563.7,44.4,222.6,664.7,,,565.9,2332.1,728.4,993.7,3484.1,,,1597.7,3707.5,2702.6,3660.5,5561.2,,,70.1,351.8,1087.1,371.2,1546.4,,,801.0,1296.7,2536.7,1067.1,3109.5,,,2370.3,6152.8,5073.4,4316.1,4985.9,,,,,,,,,,,,,,,,,,,,,,,,,,,,,,,,,,,,,,,,,,,,,,,,,,,,,,,,,,,,,,,,,,,,,,,,,,,,,,,,,,,,,,,,,,,,,,,,,,,,,,,,,,,,,,,,,,,,,,,,,,,,,,,,
20260912_佐世保_11R,20260912,85,佐世保,11,446.3,1229.1,204.8,295.4,132.3,,,491.3,440.2,1187.9,521.6,602.2,,,1803.8,1039.0,2865.0,1644.0,1855.4,,,791.9,2094.8,2844.1,1085.3,1082.3,,,144.8,196.1,316.5,299.4,180.8,,,92.6,369.3,716.2,351.0,151.1,,,,,,,,,,,,,,,,,765.5,1139.3,329.3,586.8,150.3,,,577.2,314.4,260.9,602.2,133.2,,,1448.4,640.8,867.8,921.1,298.3,,,386.9,275.5,425.3,527.2,38.6,,,811.7,1311.9,1248.8,962.0,346.3,,,31.5,25.6,47.5,5.2,49.2,,,,,,,,,,,,,,,,,644.0,590.3,1416.8,773.0,815.1,,,610.7,267.7,204.0,767.0,124.7,,,312.4,122.7,263.9,382.7,174.6,,,2278.6,770.0,959.7,3388.1,1173.6,,,1036.2,1928.9,1437.7,3330.2,2201.3,,,482.2,97.6,162.4,378.2,865.8,,,,,,,,,,,,,,,,,3710.8,2546.6,4016.9,2705.8,2213.8,,,2783.1,996.5,1864.3,1498.6,865.8,,,1039.0,491.9,906.1,962.0,555.0,,,5646.9,3896.4,4058.7,6835.8,3746.5,,,3092.3,3746.5,2724.7,6284.5,3675.8,,,1864.3,959.7,1004.2,2783.1,2189.0,,,,,,,,,,,,,,,,,1386.6,3044.0,3274.3,3220.1,1401.5,,,1122.8,962.0,1307.5,1803.8,177.6,,,4058.7,2278.6,3274.3,5411.6,2361.4,,,5060.2,3358.9,4584.0,6284.5,2974.3,,,4281.7,3510.2,5487.9,5646.9,2783.1,,,974.1,215.2,1152.7,1470.3,1564.8,,,,,,,,,,,,,,,,,699.5,830.7,1126.1,1406.6,642.9,,,1679.4,2580.4,3167.8,2347.2,1033.5,,,1864.3,3220.1,1755.1,4870.5,3478.9,,,3247.0,4329.3,2361.4,6284.5,3746.5,,,3857.8,4058.7,5487.9,6088.1,3510.2,,,756.5,887.5,2189.0,2226.5,2040.0,,,,,,,,,,,,,,,,,63.2,118.5,215.8,154.8,79.8,,,14.2,14.1,35.2,2.8,25.6,,,140.7,68.8,76.6,204.7,214.2,,,378.2,236.7,189.1,592.1,422.6,,,227.8,50.1,267.6,443.2,352.2,,,126.3,140.0,248.1,313.9,395.9,,,,,,,,,,,,,,,,,,,,,,,,,,,,,,,,,,,,,,,,,,,,,,,,,,,,,,,,,,,,,,,,,,,,,,,,,,,,,,,,,,,,,,,,,,,,,,,,,,,,,,,,,,,,,,,,,,,,,,,,,,,,,,,,
20260912_佐世保_12R,20260912,85,佐世保,12,581.9,697.8,434.0,675.0,368.6,,,881.5,877.6,283.8,589.4,483.0,,,1387.5,1148.3,844.2,1097.8,603.0,,,229.4,117.5,301.2,284.8,154.4,,,376.5,244.7,362.6,186.9,214.1,,,344.3,379.1,302.4,246.5,439.1,,,,,,,,,,,,,,,,,511.0,537.6,371.3,591.7,275.8,,,816.6,971.5,324.1,1267.2,411.6,,,982.6,977.8,701.9,1712.6,341.9,,,331.1,188.4,426.3,688.9,150.2,,,723.9,1314.5,1693.3,1068.5,786.6,,,143.8,148.4,63.5,101.1,452.7,,,,,,,,,,,,,,,,,881.5,925.0,229.4,614.7,476.1,,,709.3,1062.8,270.3,1311.6,391.0,,,1223.3,1362.3,555.0,2487.2,712.7,,,75.4,99.6,116.4,196.6,44.4,,,797.1,1712.6,2378.6,560.2,1198.8,,,367.9,294.1,321.2,111.2,989.1,,,,,,,,,,,,,,,,,1498.5,1400.5,1004.0,2025.0,588.8,,,1068.5,1248.8,890.6,1833.1,396.1,,,1235.9,1350.0,718.7,2814.2,700.2,,,609.7,567.1,486.5,1394.0,306.6,,,2220.1,2664.1,2952.8,2261.9,1280.8,,,241.0,199.5,258.3,201.4,607.9,,,,,,,,,,,,,,,,,119.9,44.8,117.7,157.7,66.8,,,153.3,85.5,200.0,385.2,74.3,,,20.7,33.4,39.3,78.9,10.4,,,243.4,300.7,131.1,626.3,127.8,,,235.8,568.1,184.6,629.6,306.9,,,45.8,28.4,17.4,28.8,133.7,,,,,,,,,,,,,,,,,307.8,183.4,288.3,134.1,160.7,,,629.6,1267.2,1784.0,1021.1,510.5,,,550.9,1377.9,1194.0,451.0,782.5,,,1122.5,2305.4,1821.9,1642.2,1064.7,,,252.0,814.4,196.4,804.6,361.7,,,332.8,420.0,484.5,295.1,346.0,,,,,,,,,,,,,,,,,172.6,224.3,118.8,164.8,378.4,,,84.3,59.0,18.2,37.3,183.5,,,210.3,110.5,81.3,73.1,587.0,,,65.7,26.4,52.4,41.9,213.5,,,74.5,32.6,27.0,30.1,177.0,,,354.2,274.2,473.1,202.5,304.1,,,,,,,,,,,,,,,,,,,,,,,,,,,,,,,,,,,,,,,,,,,,,,,,,,,,,,,,,,,,,,,,,,,,,,,,,,,,,,,,,,,,,,,,,,,,,,,,,,,,,,,,,,,,,,,,,,,,,,,,,,,,,,,,
20260912_前橋_1R,20260912,22,前橋,1,6.7,14.9,18.5,8.1,94.6,,,30.0,147.4,174.3,118.0,522.3,,,40.4,198.6,260.8,244.8,827.7,,,48.5,261.7,335.9,288.9,968.5,,,27.3,98.4,195.7,214.5,660.8,,,359.2,1343.9,1785.2,1708.7,1840.2,,,,,,,,,,,,,,,,,6.4,13.4,18.2,8.2,95.2,,,22.8,113.9,148.7,75.8,561.5,,,37.2,141.6,211.5,146.7,736.0,,,52.9,241.6,286.8,221.3,794.7,,,17.0,57.8,97.9,117.2,297.5,,,260.0,1514.1,1543.4,1883.6,1343.9,,,,,,,,,,,,,,,,,236.6,895.9,1067.9,836.4,2628.8,,,206.9,813.7,1139.1,689.4,3518.0,,,1826.1,1594.8,5980.7,4882.2,9999.9,,,2544.9,2718.5,8543.8,6835.1,9201.1,,,1233.1,1133.7,5200.6,6645.2,8543.8,,,6465.6,7036.1,9999.9,9569.1,9999.9,,,,,,,,,,,,,,,,,487.2,1746.1,2174.8,1798.7,4349.6,,,445.4,1286.1,2098.5,1854.4,4430.1,,,2322.6,1785.2,6835.1,8543.8,9999.9,,,4271.9,5316.2,1495.1,7249.3,9999.9,,,3322.6,3797.2,8249.2,9569.1,8543.8,,,7974.3,9999.9,9999.9,9999.9,9999.9,,,,,,,,,,,,,,,,,515.5,1504.5,2027.3,1696.6,4600.5,,,487.2,1336.4,1798.7,1533.5,5437.0,,,2572.3,3028.2,8543.8,5834.8,9999.9,,,4513.7,5563.4,8543.8,8543.8,9999.9,,,3369.4,3369.4,5980.7,8543.8,9999.9,,,7974.3,9999.9,9999.9,9999.9,9999.9,,,,,,,,,,,,,,,,,281.7,1035.6,1696.6,2010.3,5089.9,,,216.6,551.2,1005.1,976.4,1840.2,,,1563.5,1150.1,6134.0,6645.2,9999.9,,,3106.8,3624.6,6835.1,7717.0,9999.9,,,3518.0,2953.4,5437.0,9967.8,9999.9,,,9999.9,9967.8,9999.9,9999.9,9999.9,,,,,,,,,,,,,,,,,4430.1,5695.9,8543.8,9999.9,9569.1,,,3987.1,9999.9,9999.9,9999.9,8543.8,,,8543.8,9999.9,9999.9,9999.9,9999.9,,,9569.1,9999.9,9999.9,9999.9,9999.9,,,9967.8,9999.9,8249.2,9999.9,9999.9,,,9999.9,9999.9,9999.9,9999.9,9999.9,,,,,,,,,,,,,,,,,,,,,,,,,,,,,,,,,,,,,,,,,,,,,,,,,,,,,,,,,,,,,,,,,,,,,,,,,,,,,,,,,,,,,,,,,,,,,,,,,,,,,,,,,,,,,,,,,,,,,,,,,,,,,,,,
20260912_前橋_2R,20260912,22,前橋,2,3.2,4.1,20.6,11.2,58.2,,,12.2,29.0,74.8,54.7,223.9,,,11.4,34.4,82.1,45.1,198.3,,,50.1,126.5,124.7,193.4,625.6,,,28.1,80.7,77.7,190.0,442.7,,,338.3,1101.7,985.5,903.8,1120.5,,,,,,,,,,,,,,,,,25.1,26.3,82.5,66.4,142.1,,,124.7,246.2,510.4,538.1,1341.0,,,128.7,294.7,657.0,552.7,1216.3,,,436.8,1580.7,1817.8,2516.9,4090.0,,,374.8,1140.0,1058.9,2124.7,2704.1,,,937.5,4957.6,5842.9,5364.0,5842.9,,,,,,,,,,,,,,,,,282.5,460.8,879.5,705.1,2210.8,,,374.8,849.8,1859.1,2272.2,3942.2,,,688.8,1422.6,5453.4,1521.8,8389.8,,,1817.8,5641.4,6961.8,7790.6,9623.6,,,1109.1,4249.4,1722.1,9999.9,7980.6,,,8180.1,9999.9,9999.9,9999.9,9999.9,,,,,,,,,,,,,,,,,292.6,625.6,1032.1,1263.3,2772.9,,,431.1,948.4,2749.6,2007.3,5641.4,,,1152.1,1369.0,4811.8,5545.8,9999.9,,,1807.7,5112.5,7980.6,8610.6,9999.9,,,3518.3,3272.0,7436.4,9999.9,9999.9,,,9915.3,9999.9,9999.9,9999.9,9999.9,,,,,,,,,,,,,,,,,985.5,1669.4,1596.1,1995.1,2576.4,,,1234.7,5641.4,6059.3,7980.6,9999.9,,,1768.6,6059.3,7609.4,9623.6,9999.9,,,1838.2,7113.1,9623.6,9999.9,9999.9,,,2353.9,9999.9,9999.9,9999.9,9999.9,,,2749.6,9999.9,9999.9,9999.9,9999.9,,,,,,,,,,,,,,,,,1487.2,3001.8,3635.6,2272.2,8180.1,,,2097.4,5842.9,5033.9,9999.9,9999.9,,,3942.2,7271.2,9999.9,9999.9,9999.9,,,4742.1,8180.1,9915.3,9999.9,9999.9,,,2478.8,9999.9,9999.9,9999.9,9999.9,,,9999.9,9999.9,9999.9,9999.9,9999.9,,,,,,,,,,,,,,,,,3444.2,6961.8,7609.4,2617.6,9623.6,,,4305.3,9623.6,9999.9,9999.9,9999.9,,,9623.6,8843.3,9999.9,9999.9,9999.9,,,9348.7,9999.9,9999.9,9999.9,9999.9,,,2772.9,9999.9,9999.9,9999.9,9999.9,,,9915.3,9999.9,9999.9,9999.9,9999.9,,,,,,,,,,,,,,,,,,,,,,,,,,,,,,,,,,,,,,,,,,,,,,,,,,,,,,,,,,,,,,,,,,,,,,,,,,,,,,,,,,,,,,,,,,,,,,,,,,,,,,,,,,,,,,,,,,,,,,,,,,,,,,,,
20260912_前橋_3R,20260912,22,前橋,3,25.0,104.0,51.9,143.6,374.0,,,61.7,233.7,102.0,424.3,655.8,,,201.2,309.0,222.7,398.4,713.9,,,93.6,111.9,192.1,171.4,310.8,,,276.9,688.8,502.1,258.6,774.4,,,1042.4,1370.8,1269.2,749.0,1481.9,,,,,,,,,,,,,,,,,10.7,46.1,28.0,95.3,240.9,,,6.6,11.6,25.3,27.7,75.2,,,71.7,36.2,246.5,88.6,276.6,,,108.8,89.0,390.5,436.5,701.1,,,195.9,133.9,209.7,495.7,429.0,,,676.9,407.9,736.9,1038.4,755.2,,,,,,,,,,,,,,,,,57.7,158.8,58.8,226.0,353.3,,,19.0,28.2,47.7,45.9,125.5,,,139.5,86.0,251.7,117.6,290.7,,,190.6,251.0,463.8,926.2,1004.2,,,246.7,202.3,197.8,597.3,306.6,,,530.2,538.6,596.0,830.7,862.1,,,,,,,,,,,,,,,,,168.7,207.3,199.1,262.6,571.1,,,105.5,58.7,462.3,156.0,370.4,,,183.7,81.2,522.2,168.5,537.5,,,499.3,1030.6,1066.7,893.0,1724.2,,,98.9,126.4,114.2,248.3,44.8,,,587.0,721.4,893.0,854.0,240.2,,,,,,,,,,,,,,,,,399.0,362.6,599.9,763.6,1096.6,,,603.8,675.2,1651.5,1944.4,2515.2,,,655.8,781.0,2284.6,3115.4,4421.9,,,1186.8,2404.9,2469.9,2141.8,4569.3,,,2193.2,2404.9,3080.4,2141.8,1840.0,,,3560.5,3470.4,5077.0,5172.8,3560.5,,,,,,,,,,,,,,,,,713.9,620.2,261.8,400.8,308.7,,,613.3,359.7,321.0,935.7,550.5,,,526.2,352.3,271.7,1058.5,519.2,,,110.9,192.8,152.3,284.4,57.0,,,851.4,1481.9,1757.4,1011.6,1192.0,,,436.5,574.7,642.0,167.3,609.2,,,,,,,,,,,,,,,,,1791.9,3225.4,2797.5,3263.8,2284.6,,,2015.8,1481.9,2076.9,3046.2,1840.0,,,3343.4,1724.2,3607.3,5272.3,3115.4,,,2061.3,1917.2,2661.7,3755.6,710.2,,,4569.3,3861.4,5375.7,5172.8,2885.9,,,1622.2,1343.9,2015.8,642.0,1972.3,,,,,,,,,,,,,,,,,,,,,,,,,,,,,,,,,,,,,,,,,,,,,,,,,,,,,,,,,,,,,,,,,,,,,,,,,,,,,,,,,,,,,,,,,,,,,,,,,,,,,,,,,,,,,,,,,,,,,,,,,,,,,,,,
20260912_前橋_4R,20260912,22,前橋,4,14.5,17.4,28.4,75.6,19.7,,,5.9,32.7,3.2,66.3,63.9,,,22.8,56.9,115.3,303.9,266.5,,,65.9,26.7,206.1,227.8,492.1,,,250.6,297.2,589.6,495.0,782.1,,,104.2,201.4,358.6,543.5,499.5,,,,,,,,,,,,,,,,,62.9,69.8,170.0,218.9,93.7,,,143.5,326.6,335.5,677.1,401.4,,,74.5,135.0,147.4,177.0,60.1,,,685.5,802.8,1141.0,1971.4,1133.2,,,847.7,1185.6,828.8,1871.7,869.9,,,125.7,187.4,99.5,335.8,248.0,,,,,,,,,,,,,,,,,44.2,144.8,23.7,181.6,277.8,,,133.9,707.3,258.8,933.2,771.2,,,464.0,1133.2,905.3,2135.7,2467.9,,,132.5,347.4,837.1,707.3,1708.6,,,872.1,2524.0,3966.4,2379.8,4759.6,,,1243.2,1487.4,4063.1,2543.3,4899.6,,,,,,,,,,,,,,,,,73.7,211.6,493.5,979.9,816.6,,,61.4,160.4,195.5,455.7,93.7,,,528.0,716.5,828.8,3919.7,2665.4,,,2056.6,1276.5,2686.9,4972.8,2414.3,,,1850.9,1882.3,4899.6,4972.8,3028.8,,,1649.3,613.5,3331.7,2019.2,2708.7,,,,,,,,,,,,,,,,,828.8,355.9,2329.9,1850.9,3266.4,,,1338.0,1514.4,3331.7,5205.9,3470.6,,,391.0,1359.9,4692.6,3829.6,5125.8,,,4063.1,4063.1,5373.8,8126.2,7403.9,,,3743.5,5949.6,5552.9,9254.9,6286.3,,,4564.0,5461.9,6169.9,7748.3,7932.8,,,,,,,,,,,,,,,,,1276.5,971.3,2082.3,2776.4,2730.9,,,1625.2,2431.9,1674.2,3582.5,2122.1,,,1327.4,3266.4,5552.9,3743.5,5949.6,,,3084.9,2467.9,6663.5,8329.4,4164.7,,,4383.9,6286.3,6057.7,9254.9,6407.2,,,4113.3,3582.5,5949.6,4692.6,6169.9,,,,,,,,,,,,,,,,,553.4,1189.9,1601.8,2623.4,2562.9,,,449.0,632.2,403.3,879.0,757.2,,,1744.3,1243.2,4502.4,4326.9,5845.2,,,2251.2,832.9,3365.4,4692.6,3434.8,,,5461.9,3399.7,5461.9,6799.5,7403.9,,,3661.2,3028.8,6169.9,4502.4,5744.4,,,,,,,,,,,,,,,,,,,,,,,,,,,,,,,,,,,,,,,,,,,,,,,,,,,,,,,,,,,,,,,,,,,,,,,,,,,,,,,,,,,,,,,,,,,,,,,,,,,,,,,,,,,,,,,,,,,,,,,,,,,,,,,,
20260912_前橋_5R,20260912,22,前橋,5,18.1,35.9,231.5,160.1,44.0,,,15.0,28.5,90.3,59.7,13.0,,,94.9,86.3,446.7,399.9,186.2,,,563.1,182.7,776.2,493.0,397.0,,,428.0,123.9,685.4,293.6,281.5,,,39.7,11.4,76.5,186.0,115.7,,,,,,,,,,,,,,,,,13.8,21.6,140.9,86.4,48.1,,,31.7,68.3,337.1,216.0,173.8,,,14.6,29.2,92.1,53.4,86.8,,,377.4,618.3,390.4,461.1,1004.0,,,190.6,333.0,242.6,341.3,619.5,,,102.8,213.3,203.3,754.8,577.0,,,,,,,,,,,,,,,,,47.6,74.7,179.4,136.7,49.0,,,90.1,202.4,624.2,488.6,336.0,,,299.5,428.6,1272.6,1172.6,686.9,,,779.9,1415.2,1920.1,1472.3,1176.8,,,505.1,1045.6,1556.1,1277.5,1080.0,,,178.5,498.9,633.8,1105.5,1282.5,,,,,,,,,,,,,,,,,93.9,207.0,311.5,256.7,443.1,,,49.2,105.7,159.0,99.4,220.5,,,368.5,336.4,1446.4,1262.8,1042.3,,,1094.4,674.2,1784.4,935.4,2647.8,,,310.9,213.6,948.9,330.6,1485.6,,,751.3,560.3,1120.6,2345.2,1887.0,,,,,,,,,,,,,,,,,873.2,312.7,1128.3,441.9,758.2,,,765.3,1397.1,778.0,664.6,1814.0,,,968.5,1942.8,2264.4,1105.5,2565.1,,,1368.0,1520.0,2432.1,986.0,3040.1,,,199.2,418.2,472.4,464.4,479.3,,,1136.1,2759.1,2525.6,3040.1,1128.3,,,,,,,,,,,,,,,,,594.8,174.0,697.1,266.0,485.7,,,532.1,774.3,552.7,553.6,1144.0,,,536.5,1073.0,1824.1,1055.7,2296.0,,,968.5,645.0,1666.6,724.8,2379.2,,,131.4,337.4,339.5,389.4,514.6,,,648.8,1472.3,1989.9,2855.1,1066.0,,,,,,,,,,,,,,,,,119.2,29.1,285.2,444.9,328.3,,,254.7,527.0,463.1,1609.5,1083.6,,,175.0,694.1,927.5,1908.9,1658.2,,,781.7,844.0,1239.0,2248.9,2468.7,,,1198.3,2002.0,1692.4,2233.6,1248.4,,,758.2,1586.1,1855.0,2091.3,897.1,,,,,,,,,,,,,,,,,,,,,,,,,,,,,,,,,,,,,,,,,,,,,,,,,,,,,,,,,,,,,,,,,,,,,,,,,,,,,,,,,,,,,,,,,,,,,,,,,,,,,,,,,,,,,,,,,,,,,,,,,,,,,,,,
20260912_前橋_6R,20260912,22,前橋,6,28.9,41.0,121.1,59.6,241.8,,,15.6,23.9,54.4,6.6,48.0,,,84.9,68.7,123.1,95.1,245.4,,,230.7,173.2,186.0,200.7,363.2,,,85.3,24.2,74.5,139.7,67.7,,,500.3,143.0,445.6,663.2,169.5,,,,,,,,,,,,,,,,,24.8,30.6,73.4,43.9,182.2,,,42.4,100.2,208.9,204.5,488.8,,,19.4,48.9,12.3,90.0,179.7,,,142.4,295.5,62.7,471.3,466.2,,,329.6,663.2,559.1,1006.5,1072.7,,,776.0,1267.4,907.7,1494.4,1456.2,,,,,,,,,,,,,,,,,44.9,52.2,70.7,18.6,139.1,,,92.1,191.2,406.9,420.4,1086.4,,,207.2,287.8,392.9,915.0,1342.0,,,449.7,809.0,786.7,1541.5,1933.4,,,278.6,1093.3,1129.4,1830.0,1368.8,,,801.4,2061.5,2737.7,3001.9,2001.3,,,,,,,,,,,,,,,,,112.7,201.7,141.3,269.8,384.5,,,48.2,104.7,26.9,235.8,301.7,,,259.6,229.0,309.4,1052.9,1321.3,,,138.4,65.5,269.4,438.1,367.9,,,991.9,1056.2,1911.8,1164.0,2312.3,,,1144.5,1222.2,1944.4,1272.2,2975.8,,,,,,,,,,,,,,,,,418.8,488.1,357.2,638.4,822.6,,,296.5,480.6,138.2,900.5,814.8,,,664.5,919.9,810.9,1599.1,1839.9,,,229.9,124.4,485.4,767.3,627.9,,,1989.6,2716.0,3802.4,2138.8,3602.3,,,1989.6,2759.8,3564.8,2024.9,3602.3,,,,,,,,,,,,,,,,,910.1,390.6,1096.8,1677.5,1281.7,,,1196.5,2393.1,1922.5,3802.4,4331.9,,,490.2,2296.7,2296.7,4888.8,3355.1,,,1541.5,2193.7,3422.2,3111.1,4562.9,,,2444.4,4173.4,4888.8,3492.0,5107.8,,,2479.8,4331.9,3979.3,4820.0,4959.7,,,,,,,,,,,,,,,,,2497.9,1082.9,1548.5,2112.4,1306.1,,,2673.6,3456.7,2037.0,4173.4,4888.8,,,1456.2,4387.4,3979.3,5347.2,3456.7,,,2612.3,2759.8,4753.0,3355.1,5432.1,,,3355.1,4687.9,5432.1,3602.3,5107.8,,,2632.4,4753.0,4820.0,5032.6,4331.9,,,,,,,,,,,,,,,,,,,,,,,,,,,,,,,,,,,,,,,,,,,,,,,,,,,,,,,,,,,,,,,,,,,,,,,,,,,,,,,,,,,,,,,,,,,,,,,,,,,,,,,,,,,,,,,,,,,,,,,,,,,,,,,,
20260912_前橋_7R,20260912,22,前橋,7,38.8,21.6,95.1,22.5,288.5,,,46.3,39.7,54.1,67.1,273.8,,,8.8,15.7,32.1,24.3,157.5,,,259.5,170.4,208.4,380.9,423.5,,,28.1,81.7,61.3,163.5,387.6,,,916.6,1036.6,827.3,806.7,1042.6,,,,,,,,,,,,,,,,,95.1,69.0,189.6,69.7,590.3,,,118.0,189.6,173.1,119.7,713.1,,,174.5,436.4,540.2,189.9,1233.8,,,469.8,380.9,755.4,247.9,646.0,,,28.8,55.6,50.0,71.5,186.6,,,1765.3,2242.7,2722.0,1810.1,993.2,,,,,,,,,,,,,,,,,67.5,60.9,65.8,90.8,286.8,,,79.8,96.9,66.7,71.2,224.8,,,126.5,156.3,127.1,337.6,559.8,,,68.0,59.5,88.2,143.9,54.7,,,147.3,66.3,393.1,195.7,717.4,,,990.5,1055.0,1420.6,456.5,1320.7,,,,,,,,,,,,,,,,,86.9,143.0,208.0,155.1,476.7,,,217.0,563.3,857.1,429.6,2061.2,,,309.5,659.1,729.2,1077.3,2271.2,,,649.5,1415.0,1251.2,2073.2,1722.6,,,419.5,539.4,1114.3,1376.8,2459.2,,,1643.2,4245.1,4692.0,3962.1,5094.1,,,,,,,,,,,,,,,,,1128.4,596.3,679.2,1517.4,1121.3,,,1350.7,849.0,1437.8,1117.8,1800.9,,,327.7,339.9,423.5,605.4,232.0,,,979.6,1819.3,1361.0,3212.5,1810.1,,,1774.0,1296.7,1180.7,2425.8,2148.1,,,1628.2,2187.6,770.1,2602.8,2622.0,,,,,,,,,,,,,,,,,35.9,95.0,97.5,195.2,662.8,,,22.5,44.9,44.8,57.4,163.2,,,177.9,105.8,386.3,255.9,1027.6,,,243.7,204.7,582.6,689.7,1443.6,,,366.8,300.1,363.5,1027.6,1080.5,,,2300.6,1064.4,2361.5,2830.1,2476.3,,,,,,,,,,,,,,,,,4006.6,4402.3,2622.0,4296.3,3834.3,,,4296.3,3918.6,5168.0,3753.6,3876.0,,,4052.1,3793.5,6728.1,1557.1,3676.2,,,2875.7,5845.7,7131.8,6483.5,6043.9,,,4052.1,3793.5,1473.5,5402.9,4245.1,,,3676.2,3301.7,2899.1,4884.8,3565.9,,,,,,,,,,,,,,,,,,,,,,,,,,,,,,,,,,,,,,,,,,,,,,,,,,,,,,,,,,,,,,,,,,,,,,,,,,,,,,,,,,,,,,,,,,,,,,,,,,,,,,,,,,,,,,,,,,,,,,,,,,,,,,,,
20260912_前橋_8R,20260912,22,前橋,8,100.4,228.3,330.0,429.8,201.1,,,124.1,359.4,358.4,339.4,332.4,,,289.4,347.0,297.7,750.1,471.2,,,593.2,547.7,449.0,914.6,567.8,,,912.4,732.4,1467.7,1340.6,1128.7,,,147.4,149.2,256.9,219.2,450.1,,,,,,,,,,,,,,,,,42.1,78.0,169.5,136.4,105.6,,,11.5,13.6,35.0,7.9,54.8,,,62.9,26.2,39.2,108.9,120.2,,,195.4,127.3,86.2,274.0,433.3,,,277.3,68.2,223.0,407.1,430.7,,,150.7,145.7,198.0,313.6,460.1,,,,,,,,,,,,,,,,,85.6,260.5,269.6,207.8,414.9,,,21.5,23.8,52.7,13.5,106.5,,,220.7,69.9,145.7,236.6,500.4,,,405.8,246.0,342.8,494.4,1433.7,,,191.5,65.0,253.6,368.0,439.4,,,606.7,368.7,817.9,1233.7,805.5,,,,,,,,,,,,,,,,,158.2,159.7,137.0,544.4,310.7,,,100.1,27.2,58.1,218.4,229.5,,,111.3,38.6,67.2,120.1,286.0,,,68.9,45.2,43.3,169.5,178.6,,,738.2,532.0,535.0,987.6,1037.2,,,331.8,421.5,359.4,447.4,1034.3,,,,,,,,,,,,,,,,,732.4,665.4,452.3,949.7,805.5,,,653.7,504.5,335.7,1380.4,1534.4,,,625.1,558.4,587.5,972.1,1743.4,,,215.2,202.0,255.0,564.3,487.3,,,1479.4,2320.9,1743.4,1735.2,3147.0,,,726.7,1703.4,1680.3,1070.1,3173.9,,,,,,,,,,,,,,,,,1444.9,1146.1,2633.6,1776.7,3068.9,,,1092.2,237.8,1049.0,1802.6,2210.4,,,719.6,206.3,959.5,1101.9,1370.2,,,2615.1,1258.8,1580.2,2492.2,3676.7,,,1743.4,2134.1,1735.2,2350.3,3438.4,,,2834.7,2947.2,2690.9,3503.2,3503.2,,,,,,,,,,,,,,,,,205.2,201.1,276.5,279.6,486.0,,,363.3,336.0,482.2,857.6,1284.9,,,505.9,458.4,664.3,1051.9,869.6,,,461.3,536.6,566.0,660.7,1934.1,,,739.7,1665.2,1593.7,1201.7,2561.0,,,1820.3,2292.2,2109.9,2994.7,3120.5,,,,,,,,,,,,,,,,,,,,,,,,,,,,,,,,,,,,,,,,,,,,,,,,,,,,,,,,,,,,,,,,,,,,,,,,,,,,,,,,,,,,,,,,,,,,,,,,,,,,,,,,,,,,,,,,,,,,,,,,,,,,,,,,
20260912_前橋_9R,20260912,22,前橋,9,39.2,41.7,54.3,135.4,182.2,,,15.8,24.4,11.4,11.8,23.9,,,56.4,61.4,64.3,187.1,188.0,,,14.3,5.4,17.5,51.5,44.4,,,210.4,95.5,299.1,209.4,274.5,,,195.4,62.6,229.0,102.7,188.7,,,,,,,,,,,,,,,,,253.5,200.6,272.1,533.0,874.9,,,274.5,395.4,526.0,492.8,1078.4,,,199.5,314.3,508.9,576.9,1054.1,,,550.3,1091.0,1139.8,1606.9,2560.7,,,1803.2,1758.0,1927.1,2790.1,4123.6,,,1471.9,1725.5,1814.9,2376.3,2920.8,,,,,,,,,,,,,,,,,39.8,65.6,34.8,26.6,60.0,,,105.4,135.5,356.9,128.4,366.5,,,250.4,348.9,555.8,282.6,537.1,,,163.1,481.7,508.4,282.0,491.9,,,54.1,72.2,110.5,165.3,138.3,,,109.4,255.7,330.2,255.1,93.8,,,,,,,,,,,,,,,,,319.3,386.7,323.0,890.1,792.1,,,287.1,416.3,554.1,821.1,973.6,,,564.1,680.5,966.9,1078.4,1384.7,,,559.1,1237.9,1084.7,2156.9,1888.2,,,1995.7,2670.5,2307.8,2790.1,3641.6,,,1579.7,1967.7,1907.5,2100.4,3461.8,,,,,,,,,,,,,,,,,145.7,85.7,133.1,308.6,223.5,,,483.0,1188.1,1103.9,3015.1,2620.6,,,245.2,1088.9,1114.9,1216.5,1021.5,,,559.6,1395.0,1316.4,2951.6,2492.5,,,1499.4,4876.6,2470.5,4381.3,3921.7,,,629.4,2998.9,1416.1,2584.3,2905.7,,,,,,,,,,,,,,,,,1644.6,458.1,1664.1,1335.2,2596.3,,,3527.1,3098.4,3815.0,6301.2,6446.1,,,415.4,1064.1,894.4,1188.1,1054.1,,,3977.3,5145.0,3186.4,5241.2,5498.1,,,1635.0,2620.6,1769.1,2270.4,5145.0,,,2279.7,6095.7,1335.2,5608.1,4596.8,,,,,,,,,,,,,,,,,920.8,372.3,952.1,465.7,942.5,,,1468.0,1881.9,2173.6,2818.1,3841.1,,,314.0,729.2,834.5,692.3,307.1,,,1901.0,3015.1,2207.9,3115.6,4313.9,,,926.9,3098.4,1503.5,2346.4,3358.1,,,1515.7,3440.5,898.7,3713.9,3204.6,,,,,,,,,,,,,,,,,,,,,,,,,,,,,,,,,,,,,,,,,,,,,,,,,,,,,,,,,,,,,,,,,,,,,,,,,,,,,,,,,,,,,,,,,,,,,,,,,,,,,,,,,,,,,,,,,,,,,,,,,,,,,,,,
20260912_川崎_1R,20260912,34,川崎,1,976.9,1051.2,1151.3,1934.3,1362.1,,,671.6,409.8,94.5,767.5,1007.4,,,1224.2,579.1,1137.8,1324.8,1272.5,,,948.1,109.6,1194.0,1696.7,1696.7,,,2198.0,1791.0,1791.0,2417.8,2613.9,,,1208.9,1791.0,1289.5,2249.1,2479.8,,,,,,,,,,,,,,,,,474.0,451.9,582.6,1086.6,519.9,,,144.7,48.6,66.5,221.8,66.1,,,119.2,29.0,64.3,60.6,22.8,,,255.1,112.0,129.9,255.1,93.8,,,779.9,443.6,192.2,559.0,279.5,,,174.5,40.9,25.4,84.8,101.0,,,,,,,,,,,,,,,,,211.1,142.8,43.1,359.5,350.4,,,169.0,79.5,75.0,385.3,93.6,,,113.6,89.2,82.9,262.8,167.3,,,27.3,60.0,66.9,178.7,81.2,,,612.1,409.8,572.2,471.7,1074.6,,,546.4,237.6,302.2,207.5,895.5,,,,,,,,,,,,,,,,,351.6,184.9,307.0,456.2,362.2,,,111.0,21.7,50.1,49.3,13.2,,,67.6,36.7,28.9,94.7,51.4,,,182.1,80.9,43.4,116.2,101.0,,,188.8,56.5,60.3,100.0,67.9,,,238.2,43.2,83.5,143.9,108.7,,,,,,,,,,,,,,,,,676.3,92.7,662.4,1256.0,1165.2,,,422.3,174.8,189.2,552.6,155.7,,,31.5,65.2,93.1,283.6,186.3,,,460.5,154.2,123.6,213.5,349.1,,,1487.9,912.4,685.9,608.2,976.9,,,1289.5,426.0,540.3,519.9,1381.6,,,,,,,,,,,,,,,,,1443.5,1667.5,1074.6,1465.3,1896.3,,,493.4,534.3,202.3,402.9,552.6,,,819.6,819.6,612.1,716.4,1224.2,,,333.5,162.5,293.9,262.1,364.9,,,575.6,449.8,575.6,398.0,1465.3,,,1896.3,812.7,1272.5,732.6,1859.9,,,,,,,,,,,,,,,,,1465.3,2545.1,1443.5,3022.3,2930.7,,,721.7,204.9,122.5,366.3,458.3,,,1151.3,358.2,437.6,604.4,1422.2,,,887.2,131.4,317.1,690.8,619.9,,,2102.5,636.2,938.9,957.5,2198.0,,,3335.0,938.9,2198.0,1099.0,2613.9,,,,,,,,,,,,,,,,,,,,,,,,,,,,,,,,,,,,,,,,,,,,,,,,,,,,,,,,,,,,,,,,,,,,,,,,,,,,,,,,,,,,,,,,,,,,,,,,,,,,,,,,,,,,,,,,,,,,,,,,,,,,,,,,
20260912_川崎_2R,20260912,34,川崎,2,73.3,31.1,17.1,199.4,76.9,,,163.8,147.9,168.5,425.4,231.0,,,15.0,46.7,14.2,147.3,7.3,,,30.3,115.5,54.6,85.9,140.2,,,563.2,597.2,544.7,385.7,833.0,,,230.5,271.6,61.6,202.7,615.7,,,,,,,,,,,,,,,,,205.6,63.5,56.6,481.2,227.8,,,465.4,708.1,521.7,1770.2,1304.4,,,85.6,391.8,121.0,615.7,173.0,,,58.3,168.3,90.4,72.1,203.5,,,1770.2,2253.0,991.3,703.0,2417.9,,,739.8,1479.6,516.3,962.4,2109.2,,,,,,,,,,,,,,,,,498.1,359.1,434.8,1223.8,593.6,,,739.8,1223.8,615.7,1982.7,1652.2,,,490.7,1126.5,901.2,1943.8,734.3,,,688.4,573.0,840.1,805.9,1166.3,,,2023.1,3197.9,3304.5,2203.0,3097.9,,,1339.6,2360.3,1254.8,1802.4,2753.7,,,,,,,,,,,,,,,,,22.2,38.9,21.5,179.2,7.1,,,65.2,302.2,117.3,665.3,129.4,,,172.1,550.7,456.8,1287.4,273.1,,,77.9,119.4,231.6,458.9,156.3,,,547.7,885.1,1680.2,981.5,698.1,,,24.7,140.0,101.2,122.8,513.6,,,,,,,,,,,,,,,,,96.1,378.3,166.3,233.8,376.9,,,62.4,131.3,100.3,52.8,172.7,,,593.6,334.9,679.0,461.0,768.4,,,196.6,219.8,623.4,416.5,374.0,,,429.1,144.5,338.3,399.7,423.6,,,981.5,734.3,1321.8,1032.6,893.1,,,,,,,,,,,,,,,,,3197.9,2915.7,2679.3,2065.3,3197.9,,,3418.4,3418.4,2155.1,1436.7,5217.6,,,2832.4,5831.5,4130.6,3812.9,5831.5,,,4310.2,2832.4,7081.1,3004.1,2915.7,,,2253.0,1001.3,1043.5,2478.3,3097.9,,,5831.5,6609.0,4956.7,4130.6,4720.7,,,,,,,,,,,,,,,,,1043.5,1194.4,220.3,826.1,2023.1,,,1022.0,2753.7,840.1,2417.9,3965.4,,,1802.4,3965.4,1652.2,2253.0,3540.5,,,183.5,619.5,566.4,660.9,1625.1,,,1835.8,2541.9,2360.3,1457.8,2608.8,,,3965.4,5507.5,4310.2,3418.4,3097.9,,,,,,,,,,,,,,,,,,,,,,,,,,,,,,,,,,,,,,,,,,,,,,,,,,,,,,,,,,,,,,,,,,,,,,,,,,,,,,,,,,,,,,,,,,,,,,,,,,,,,,,,,,,,,,,,,,,,,,,,,,,,,,,,
20260912_川崎_3R,20260912,34,川崎,3,29.4,21.7,28.5,91.9,15.8,,,48.7,117.5,45.1,104.7,68.5,,,85.5,183.6,152.8,270.6,171.4,,,13.2,25.7,65.5,5.4,21.9,,,312.1,276.9,512.5,42.0,276.3,,,28.0,65.5,102.9,41.1,91.8,,,,,,,,,,,,,,,,,70.6,56.9,55.0,155.9,65.7,,,122.5,121.1,311.3,454.7,164.8,,,73.1,73.1,123.3,430.5,81.9,,,180.2,460.3,443.1,486.0,406.5,,,660.9,1321.8,982.7,813.0,1000.1,,,81.3,122.3,72.9,165.4,391.7,,,,,,,,,,,,,,,,,69.8,217.3,63.2,109.2,101.5,,,84.1,133.2,207.1,314.8,112.7,,,468.9,328.0,741.0,1013.5,622.6,,,148.0,292.4,558.0,298.9,496.7,,,553.9,1177.2,1467.7,666.7,1439.6,,,169.0,169.8,539.4,474.8,569.3,,,,,,,,,,,,,,,,,462.2,776.7,622.6,1036.8,795.8,,,335.3,279.0,543.3,1177.2,341.9,,,930.1,494.5,1614.4,2260.2,1241.9,,,1345.4,1793.8,2598.0,1548.1,2598.0,,,2379.2,3054.4,4185.7,2690.8,3424.6,,,1097.2,674.7,1255.7,1603.0,2659.1,,,,,,,,,,,,,,,,,107.0,148.3,321.0,39.5,122.4,,,274.3,893.3,824.9,872.7,634.9,,,368.7,900.5,1527.2,834.0,1076.3,,,1337.4,1738.6,2283.1,1779.7,2215.9,,,170.0,1378.2,974.2,2054.8,862.7,,,376.7,710.7,1004.5,1386.6,815.9,,,,,,,,,,,,,,,,,2935.4,1793.8,3477.3,491.3,2073.6,,,3705.4,3424.6,3705.4,4520.5,5650.7,,,2112.4,3373.5,4809.1,2568.5,4612.8,,,5948.1,5381.6,5948.1,4346.7,6647.9,,,438.0,3531.7,1982.7,4913.6,2598.0,,,3183.5,3831.0,5512.9,6647.9,3424.6,,,,,,,,,,,,,,,,,143.2,297.7,371.1,188.2,449.3,,,146.9,283.6,184.5,285.7,886.3,,,494.5,636.7,937.8,1066.1,1591.7,,,886.3,619.2,1130.1,1284.2,2456.8,,,369.3,614.2,1102.5,1235.1,804.3,,,1793.8,3139.3,3139.3,3424.6,1637.8,,,,,,,,,,,,,,,,,,,,,,,,,,,,,,,,,,,,,,,,,,,,,,,,,,,,,,,,,,,,,,,,,,,,,,,,,,,,,,,,,,,,,,,,,,,,,,,,,,,,,,,,,,,,,,,,,,,,,,,,,,,,,,,,
20260912_川崎_4R,20260912,34,川崎,4,140.2,248.4,627.4,479.1,,,,48.9,24.0,66.6,75.1,,,,147.4,48.5,235.6,208.7,,,,812.1,304.9,599.5,771.1,,,,669.6,259.3,436.2,845.1,,,,,,,,,,,,,,,,,,,,,,,,,245.7,557.2,1199.1,1244.7,,,,144.4,209.5,282.0,549.2,,,,569.7,353.9,1449.5,1396.5,,,,2245.4,1095.8,2974.4,3225.8,,,,1862.0,1279.5,2101.2,2663.1,,,,,,,,,,,,,,,,,,,,,,,,,13.2,6.8,16.3,23.7,,,,19.5,23.4,42.5,78.7,,,,5.1,10.7,23.3,19.5,,,,35.3,58.9,45.0,121.5,,,,61.4,113.6,68.4,128.7,,,,,,,,,,,,,,,,,,,,,,,,,185.9,59.0,252.7,251.1,,,,330.4,190.8,773.7,663.8,,,,26.2,51.6,71.9,76.4,,,,508.9,798.0,286.2,624.0,,,,424.1,641.5,248.6,663.8,,,,,,,,,,,,,,,,,,,,,,,,,2202.2,736.4,1031.6,1735.1,,,,2862.9,2290.3,2202.2,3418.4,,,,554.5,934.8,522.9,982.9,,,,1477.6,2361.1,832.8,1396.5,,,,2181.2,3137.4,1355.2,1696.5,,,,,,,,,,,,,,,,,,,,,,,,,1487.2,497.9,978.7,1590.5,,,,2063.3,1286.7,1862.0,2899.1,,,,321.2,715.7,389.5,541.4,,,,1008.9,1635.9,593.3,1286.7,,,,2140.5,2974.4,1199.1,1516.7,,,,,,,,,,,,,,,,,,,,,,,,,,,,,,,,,,,,,,,,,,,,,,,,,,,,,,,,,,,,,,,,,,,,,,,,,,,,,,,,,,,,,,,,,,,,,,,,,,,,,,,,,,,,,,,,,,,,,,,,,,,,,,,,,,,,,,,,,,,,,,,,,,,,,,,,,,,,,,,,,,,,,,,,,,,,,,,,,,,,,,,,,,,,,,,,
20260912_川崎_5R,20260912,34,川崎,5,101.0,107.8,183.8,610.1,,,,49.7,19.6,108.1,112.3,,,,47.0,19.3,54.9,148.9,,,,283.8,257.8,215.8,937.2,,,,1019.9,389.6,528.0,1245.8,,,,,,,,,,,,,,,,,,,,,,,,,119.6,153.6,136.6,849.2,,,,117.4,132.8,53.7,181.3,,,,113.8,123.0,162.0,626.6,,,,85.6,38.4,76.7,156.2,,,,1507.7,652.2,1216.7,719.9,,,,,,,,,,,,,,,,,,,,,,,,,26.6,8.7,52.9,48.3,,,,46.4,46.3,24.2,66.9,,,,9.4,26.2,29.2,54.0,,,,91.9,37.7,56.0,63.1,,,,38.6,43.6,42.8,33.8,,,,,,,,,,,,,,,,,,,,,,,,,53.9,24.7,67.8,140.2,,,,95.0,134.5,139.2,596.1,,,,30.0,78.4,81.4,163.5,,,,187.6,176.7,164.9,533.4,,,,410.3,1000.3,443.6,856.2,,,,,,,,,,,,,,,,,,,,,,,,,381.7,476.1,409.5,1425.0,,,,169.1,78.9,142.0,242.2,,,,343.9,143.2,237.2,272.6,,,,356.2,305.0,267.0,933.0,,,,2020.0,954.4,698.1,1342.3,,,,,,,,,,,,,,,,,,,,,,,,,2190.1,691.2,1149.5,2261.5,,,,2419.3,1083.6,1719.5,1325.2,,,,359.9,464.4,324.5,350.8,,,,1050.8,2039.8,735.2,1300.3,,,,2190.1,1260.9,866.9,1454.9,,,,,,,,,,,,,,,,,,,,,,,,,,,,,,,,,,,,,,,,,,,,,,,,,,,,,,,,,,,,,,,,,,,,,,,,,,,,,,,,,,,,,,,,,,,,,,,,,,,,,,,,,,,,,,,,,,,,,,,,,,,,,,,,,,,,,,,,,,,,,,,,,,,,,,,,,,,,,,,,,,,,,,,,,,,,,,,,,,,,,,,,,,,,,,,,
20260912_川崎_6R,20260912,34,川崎,6,990.7,658.3,819.6,1074.1,,,,626.0,227.2,186.7,295.3,,,,242.0,194.7,114.3,125.7,,,,382.1,133.0,100.9,135.9,,,,778.9,266.0,150.5,153.7,,,,,,,,,,,,,,,,,,,,,,,,,1186.5,454.5,1229.4,637.7,,,,2040.8,1645.8,2401.0,2000.8,,,,282.6,614.7,407.3,158.5,,,,1388.3,1774.6,755.8,1109.1,,,,559.1,1500.6,266.4,1079.8,,,,,,,,,,,,,,,,,,,,,,,,,1342.6,958.1,565.3,1046.6,,,,1582.0,1838.6,2373.1,2429.6,,,,1291.6,1236.8,1872.3,1417.2,,,,778.9,2194.4,1582.0,1606.9,,,,1351.5,2194.4,1468.2,1619.7,,,,,,,,,,,,,,,,,,,,,,,,,83.1,85.7,55.1,38.9,,,,52.7,135.2,66.9,27.0,,,,214.6,371.0,276.1,186.8,,,,25.7,50.9,176.0,13.6,,,,8.1,7.4,56.9,6.4,,,,,,,,,,,,,,,,,,,,,,,,,236.4,85.4,49.6,68.2,,,,647.8,1010.3,409.8,618.4,,,,481.3,1172.9,684.8,708.6,,,,43.4,83.2,259.9,33.4,,,,33.7,166.7,131.3,41.0,,,,,,,,,,,,,,,,,,,,,,,,,367.0,259.6,99.3,93.1,,,,588.1,850.3,199.4,487.0,,,,671.3,1511.7,641.7,723.7,,,,30.0,26.0,125.4,18.8,,,,23.8,146.1,116.9,29.4,,,,,,,,,,,,,,,,,,,,,,,,,,,,,,,,,,,,,,,,,,,,,,,,,,,,,,,,,,,,,,,,,,,,,,,,,,,,,,,,,,,,,,,,,,,,,,,,,,,,,,,,,,,,,,,,,,,,,,,,,,,,,,,,,,,,,,,,,,,,,,,,,,,,,,,,,,,,,,,,,,,,,,,,,,,,,,,,,,,,,,,,,,,,,,,,
20260912_川崎_7R,20260912,34,川崎,7,93.5,93.4,125.5,51.1,41.6,,,120.3,177.9,67.6,89.5,123.5,,,176.1,213.3,119.9,108.5,133.4,,,143.6,65.1,90.5,106.4,134.8,,,28.4,38.9,28.2,50.1,23.2,,,31.7,74.4,57.7,105.3,48.0,,,,,,,,,,,,,,,,,163.2,150.7,222.0,108.8,71.5,,,264.6,481.1,321.7,656.3,295.0,,,395.4,668.6,471.1,562.7,252.5,,,368.5,351.8,329.8,942.2,193.7,,,216.8,725.1,614.1,953.0,382.0,,,56.1,93.3,65.4,74.3,121.2,,,,,,,,,,,,,,,,,326.8,428.1,136.1,228.6,302.2,,,476.5,964.1,434.1,1120.4,536.0,,,665.0,1115.4,297.8,1130.6,646.0,,,113.3,272.7,131.3,371.8,205.9,,,348.8,1237.5,1023.6,685.2,1135.8,,,280.4,359.4,315.2,306.7,857.7,,,,,,,,,,,,,,,,,301.8,397.3,222.0,213.6,138.1,,,510.7,882.0,632.9,854.7,266.6,,,582.5,789.6,301.8,888.3,271.8,,,216.2,522.5,247.5,491.5,228.6,,,198.0,452.2,712.7,749.2,522.5,,,130.4,130.1,169.6,209.5,423.7,,,,,,,,,,,,,,,,,372.9,114.5,109.1,163.7,144.3,,,369.0,310.5,320.1,1002.9,230.1,,,89.6,212.7,65.3,255.6,121.5,,,107.6,285.2,88.7,263.2,140.4,,,282.0,1135.8,415.9,365.2,494.5,,,156.2,218.9,150.7,140.8,363.1,,,,,,,,,,,,,,,,,115.5,129.7,85.8,110.9,111.0,,,252.0,749.2,770.1,1309.1,530.3,,,297.5,1219.3,894.7,685.2,1049.5,,,144.3,514.9,606.6,470.2,472.8,,,278.8,1489.4,641.0,449.8,663.3,,,291.9,482.9,897.9,571.8,733.7,,,,,,,,,,,,,,,,,62.7,119.7,77.2,127.8,106.7,,,47.4,69.9,45.7,60.3,112.1,,,170.9,128.8,142.7,193.2,419.4,,,88.6,67.2,117.2,93.1,186.3,,,135.3,108.0,145.9,120.9,279.8,,,173.8,252.5,428.1,302.9,388.0,,,,,,,,,,,,,,,,,,,,,,,,,,,,,,,,,,,,,,,,,,,,,,,,,,,,,,,,,,,,,,,,,,,,,,,,,,,,,,,,,,,,,,,,,,,,,,,,,,,,,,,,,,,,,,,,,,,,,,,,,,,,,,,,
20260912_川崎_8R,20260912,34,川崎,8,1797.3,563.0,638.2,1639.9,913.2,,,1988.2,943.9,1248.1,2269.3,1518.0,,,391.4,670.6,94.2,1369.9,574.5,,,224.2,625.8,50.1,579.0,340.4,,,2582.3,2773.6,2099.7,1920.2,3456.4,,,1112.2,1676.6,799.5,622.3,2390.0,,,,,,,,,,,,,,,,,4680.5,1528.3,1395.4,3164.3,2808.3,,,4084.8,2553.0,2612.4,4160.5,2643.1,,,1664.2,2995.5,1007.4,3036.0,2390.0,,,1090.6,3623.6,972.5,4405.2,2390.0,,,4780.1,5349.2,3510.4,5106.1,5106.1,,,2246.6,2808.3,2917.7,2706.8,5349.2,,,,,,,,,,,,,,,,,1283.8,717.7,490.5,1639.9,722.4,,,1903.9,1478.0,1560.1,2582.3,1440.1,,,356.6,586.6,90.8,564.4,96.5,,,207.8,617.2,121.9,739.0,186.4,,,1970.7,2246.6,1639.9,1664.2,956.0,,,188.4,407.7,65.5,77.1,174.2,,,,,,,,,,,,,,,,,279.7,209.5,61.1,706.5,167.1,,,636.4,877.6,339.3,1241.2,309.8,,,250.7,401.9,51.7,419.9,48.4,,,6.2,35.6,15.7,130.3,13.1,,,1276.5,1518.0,1117.7,620.6,802.3,,,122.1,180.6,56.4,44.7,237.2,,,,,,,,,,,,,,,,,85.2,195.7,11.2,336.3,114.5,,,246.8,928.3,123.9,814.0,514.1,,,249.6,511.7,125.5,936.1,212.5,,,4.4,36.7,27.6,115.1,22.2,,,956.0,1953.6,1936.7,589.6,1059.7,,,153.4,268.1,194.3,79.3,394.1,,,,,,,,,,,,,,,,,4585.0,5106.1,4239.0,2119.5,4160.5,,,4239.0,4320.5,3566.1,5616.7,5479.7,,,4405.2,4884.0,2524.3,3353.2,1431.0,,,3256.0,3510.4,2224.4,1345.3,1755.2,,,1321.5,3873.5,2956.1,1386.8,2181.2,,,3353.2,3873.5,1262.1,1872.2,1313.8,,,,,,,,,,,,,,,,,1101.3,678.7,542.6,465.1,1560.1,,,851.0,1146.2,682.8,625.8,902.2,,,208.6,398.3,72.7,85.6,170.4,,,228.0,298.3,89.4,60.3,296.0,,,208.0,325.1,173.4,93.9,329.4,,,1291.1,1616.3,481.0,819.9,599.1,,,,,,,,,,,,,,,,,,,,,,,,,,,,,,,,,,,,,,,,,,,,,,,,,,,,,,,,,,,,,,,,,,,,,,,,,,,,,,,,,,,,,,,,,,,,,,,,,,,,,,,,,,,,,,,,,,,,,,,,,,,,,,,,
20260912_川崎_9R,20260912,34,川崎,9,153.7,364.4,597.1,649.1,149.2,,,61.4,229.4,45.2,186.8,32.8,,,908.8,1047.6,1912.0,1583.2,892.6,,,901.8,311.0,1405.2,1245.2,508.5,,,1035.2,671.6,1457.9,1439.9,835.1,,,71.9,46.5,292.0,228.5,312.6,,,,,,,,,,,,,,,,,283.7,590.0,1079.9,1050.7,259.7,,,223.0,361.1,424.6,576.4,193.8,,,733.5,459.1,1023.1,456.2,274.6,,,1597.7,980.1,1310.5,1812.9,1258.6,,,1410.9,1008.3,727.4,1548.2,721.4,,,132.7,87.7,89.6,424.6,285.8,,,,,,,,,,,,,,,,,32.5,131.1,12.7,77.9,17.4,,,83.9,212.8,147.0,286.5,95.4,,,562.5,697.0,643.2,1020.1,725.9,,,49.4,117.8,297.0,162.5,98.7,,,277.7,491.4,808.1,319.5,538.3,,,25.9,52.3,216.7,53.7,188.2,,,,,,,,,,,,,,,,,2159.9,2146.6,2611.2,3397.1,2058.2,,,1325.4,833.1,1698.5,853.4,422.5,,,1758.3,1428.1,1541.4,2380.3,1965.7,,,2799.2,2821.8,2554.0,2891.8,2317.2,,,2940.4,1635.0,2591.9,3301.0,2200.6,,,1388.5,464.0,1258.6,2228.7,1488.9,,,,,,,,,,,,,,,,,2554.0,507.8,3332.4,2380.3,1330.4,,,2671.0,1210.7,1901.6,3152.3,2022.5,,,326.1,782.7,1476.4,704.0,762.3,,,3364.5,3762.4,2691.6,4116.5,4544.2,,,3301.0,3301.0,2010.9,3644.8,2965.3,,,1451.9,2058.2,963.9,3124.1,3152.3,,,,,,,,,,,,,,,,,1635.0,821.3,2022.5,1933.1,1162.4,,,1017.1,453.8,458.5,701.2,424.6,,,535.0,623.7,861.8,535.0,821.3,,,2159.9,1198.3,1495.3,1912.0,1470.2,,,1943.9,1841.6,1219.1,1943.9,2159.9,,,722.9,465.3,513.0,652.8,746.0,,,,,,,,,,,,,,,,,21.4,12.7,128.2,111.0,140.9,,,20.6,13.1,14.6,85.2,88.1,,,9.4,17.7,103.6,24.2,110.4,,,258.9,87.5,197.2,650.3,492.8,,,349.5,388.7,212.1,686.0,741.3,,,360.3,251.1,285.4,604.3,678.1,,,,,,,,,,,,,,,,,,,,,,,,,,,,,,,,,,,,,,,,,,,,,,,,,,,,,,,,,,,,,,,,,,,,,,,,,,,,,,,,,,,,,,,,,,,,,,,,,,,,,,,,,,,,,,,,,,,,,,,,,,,,,,,,
20260912_川崎_10R,20260912,34,川崎,10,11.4,8.7,30.6,21.1,28.3,,,15.3,12.8,39.0,34.4,36.8,,,9.4,9.7,27.7,25.1,28.5,,,70.7,50.9,44.8,93.6,146.9,,,51.8,35.5,32.9,76.4,91.1,,,55.4,59.4,55.6,146.3,110.0,,,,,,,,,,,,,,,,,129.8,106.8,285.8,245.8,253.5,,,451.7,809.9,2619.9,2208.6,2183.2,,,344.1,699.6,1999.4,1513.4,1758.7,,,1455.5,3837.2,3688.2,2944.8,4933.5,,,1221.5,2813.9,2601.9,3303.3,3422.4,,,1190.8,3039.0,2944.8,4469.2,3332.3,,,,,,,,,,,,,,,,,97.1,84.6,303.1,297.4,264.5,,,384.1,667.6,1844.1,1495.6,1609.6,,,198.2,366.6,765.9,816.9,626.8,,,1123.9,2899.9,1880.6,3246.8,3761.2,,,942.6,1918.6,1862.1,2967.8,2772.8,,,893.8,2134.1,1538.0,2967.8,2944.8,,,,,,,,,,,,,,,,,57.0,57.4,145.9,141.0,172.4,,,248.4,467.8,1023.9,922.0,991.8,,,149.3,305.8,671.1,638.4,535.8,,,733.3,1680.9,1531.8,2087.2,2638.1,,,527.6,1602.8,1396.6,2435.1,2087.2,,,554.5,1337.6,772.1,2566.8,2110.4,,,,,,,,,,,,,,,,,1478.1,1602.8,1616.5,2098.8,1726.7,,,2752.8,4933.5,4366.5,6227.6,6127.2,,,2772.8,4870.3,3274.8,6029.9,7167.6,,,2466.7,4748.5,3391.8,5844.4,6907.0,,,3916.3,8258.4,6783.6,6664.6,6664.6,,,3088.5,8834.5,7597.7,7914.3,8441.9,,,,,,,,,,,,,,,,,1007.6,648.2,578.2,1319.0,1576.2,,,2042.4,2922.2,4316.8,5844.4,5350.5,,,1221.5,4576.9,3165.7,7034.9,6664.6,,,1130.6,4084.8,3014.9,6664.6,4469.2,,,3652.7,8441.9,9044.9,8441.9,8082.7,,,3957.1,7305.5,7597.7,6783.6,8082.7,,,,,,,,,,,,,,,,,1043.6,915.3,781.6,1194.6,1918.6,,,1826.3,3485.2,3957.1,5426.9,4933.5,,,1495.6,3761.2,2813.9,5844.4,4576.9,,,1428.1,3876.3,2856.2,4808.6,4316.8,,,1988.9,5350.5,6783.6,6664.6,8258.4,,,2922.2,6549.7,6549.7,5935.7,6227.6,,,,,,,,,,,,,,,,,,,,,,,,,,,,,,,,,,,,,,,,,,,,,,,,,,,,,,,,,,,,,,,,,,,,,,,,,,,,,,,,,,,,,,,,,,,,,,,,,,,,,,,,,,,,,,,,,,,,,,,,,,,,,,,,
20260912_川崎_11R,20260912,34,川崎,11,408.8,737.3,206.7,949.9,253.4,,,331.9,380.9,88.6,456.0,96.1,,,997.8,585.3,474.9,1596.0,547.8,,,94.1,77.4,243.3,420.2,43.1,,,2357.4,1493.9,2748.2,1381.4,1072.8,,,112.1,84.2,234.5,34.6,172.6,,,,,,,,,,,,,,,,,793.0,1007.6,247.4,1359.5,349.3,,,764.7,756.8,235.2,1048.8,492.7,,,1407.9,949.9,534.2,1552.6,977.0,,,84.9,76.2,181.9,159.1,53.3,,,2224.7,2015.3,2887.1,850.8,1690.5,,,307.5,425.0,729.9,148.0,746.9,,,,,,,,,,,,,,,,,217.5,306.6,79.1,242.0,89.3,,,453.1,543.8,208.7,543.2,330.9,,,314.8,328.5,181.7,388.1,247.9,,,67.4,93.4,144.2,189.7,77.8,,,471.0,343.5,626.7,333.0,295.3,,,131.2,190.7,329.0,118.0,232.5,,,,,,,,,,,,,,,,,1338.3,761.3,693.5,2887.1,838.3,,,1498.2,1077.3,745.8,2582.4,1385.2,,,505.3,514.9,312.0,613.9,386.6,,,578.0,504.8,355.4,1396.5,505.3,,,4318.6,3040.9,1641.8,3114.6,2823.7,,,809.3,1149.6,674.4,635.2,1396.5,,,,,,,,,,,,,,,,,32.8,34.9,97.5,167.8,16.2,,,16.0,15.2,50.6,60.9,10.9,,,33.1,29.9,50.4,98.7,26.0,,,175.9,143.9,69.4,367.3,108.1,,,475.4,362.1,378.1,625.1,310.5,,,16.7,21.8,27.6,62.9,79.3,,,,,,,,,,,,,,,,,3806.7,2823.7,5038.3,2808.2,2273.9,,,3449.0,2823.7,4547.9,1991.9,3192.0,,,2123.6,2346.6,1815.9,1815.9,1954.0,,,5409.6,5088.2,2595.5,3806.7,3724.0,,,2569.5,1713.0,1939.2,3192.0,1348.8,,,2273.9,3114.6,2608.6,3133.6,1244.3,,,,,,,,,,,,,,,,,156.4,146.7,297.5,71.9,312.7,,,246.4,391.1,685.2,144.3,787.0,,,266.9,407.8,567.8,246.8,696.3,,,620.6,1015.6,663.9,557.9,1605.9,,,75.6,91.4,129.7,230.2,354.4,,,937.7,1586.1,1447.6,2177.5,876.9,,,,,,,,,,,,,,,,,,,,,,,,,,,,,,,,,,,,,,,,,,,,,,,,,,,,,,,,,,,,,,,,,,,,,,,,,,,,,,,,,,,,,,,,,,,,,,,,,,,,,,,,,,,,,,,,,,,,,,,,,,,,,,,,
20260912_豊橋_1R,20260912,45,豊橋,1,14.2,40.6,57.7,318.9,,,,23.1,48.0,105.1,517.0,,,,61.9,50.7,85.5,403.2,,,,62.2,72.2,49.6,111.9,,,,1042.9,986.3,991.6,339.2,,,,,,,,,,,,,,,,,,,,,,,,,18.9,37.6,25.7,343.0,,,,11.9,9.1,20.4,240.0,,,,35.6,18.2,52.1,512.6,,,,53.0,64.0,82.6,450.3,,,,1178.4,1406.8,1354.3,1475.4,,,,,,,,,,,,,,,,,,,,,,,,,51.6,104.9,167.7,840.1,,,,28.2,18.5,95.8,378.0,,,,79.3,33.5,177.4,643.5,,,,241.0,399.7,325.2,1067.5,,,,1634.9,1779.2,1930.6,2326.6,,,,,,,,,,,,,,,,,,,,,,,,,73.0,74.9,56.3,549.9,,,,67.9,27.8,90.8,576.1,,,,52.5,22.9,86.2,415.2,,,,86.5,196.8,152.7,357.9,,,,1042.9,1305.6,1086.7,1025.3,,,,,,,,,,,,,,,,,,,,,,,,,113.4,104.9,82.2,181.1,,,,179.8,297.9,326.9,1525.0,,,,233.5,391.1,434.1,1696.0,,,,152.7,353.7,351.0,832.4,,,,295.5,2297.2,1972.6,1374.8,,,,,,,,,,,,,,,,,,,,,,,,,2520.5,3075.9,3024.6,454.8,,,,2708.6,2387.9,3024.6,3861.2,,,,3075.9,3024.6,3128.9,4032.9,,,,3075.9,3490.0,3360.7,2297.2,,,,438.3,3703.6,3861.2,1537.9,,,,,,,,,,,,,,,,,,,,,,,,,,,,,,,,,,,,,,,,,,,,,,,,,,,,,,,,,,,,,,,,,,,,,,,,,,,,,,,,,,,,,,,,,,,,,,,,,,,,,,,,,,,,,,,,,,,,,,,,,,,,,,,,,,,,,,,,,,,,,,,,,,,,,,,,,,,,,,,,,,,,,,,,,,,,,,,,,,,,,,,,,,,,,,,,
20260912_豊橋_2R,20260912,45,豊橋,2,430.6,726.5,328.8,675.0,1685.6,,,154.2,139.1,96.8,174.4,304.4,,,626.3,334.4,237.5,670.4,376.2,,,286.6,178.3,239.6,243.3,502.5,,,597.1,624.9,810.4,314.4,1611.9,,,1766.4,838.0,639.8,539.2,1585.9,,,,,,,,,,,,,,,,,374.3,631.6,201.3,354.1,1199.1,,,229.3,615.8,201.3,214.0,1305.2,,,442.2,572.8,174.3,263.1,817.1,,,89.5,113.1,118.1,29.1,498.2,,,134.8,151.6,201.9,34.4,526.7,,,1766.4,2458.2,1474.9,1152.3,1204.0,,,,,,,,,,,,,,,,,127.8,142.1,64.2,117.1,224.5,,,335.6,847.6,386.1,431.2,1695.3,,,221.7,758.3,343.8,577.2,322.0,,,123.9,279.8,325.2,198.1,726.5,,,346.6,419.0,907.6,306.0,1603.2,,,648.3,2681.7,684.4,1666.6,2169.0,,,,,,,,,,,,,,,,,455.9,180.7,174.7,278.0,120.7,,,224.6,483.5,116.1,114.9,335.6,,,134.5,487.5,213.1,362.3,163.7,,,101.4,99.7,104.4,46.7,44.3,,,184.3,124.0,343.8,82.2,115.2,,,50.1,147.5,61.8,44.2,53.6,,,,,,,,,,,,,,,,,141.5,98.5,112.4,91.0,290.9,,,70.4,97.9,54.7,16.8,231.0,,,56.7,168.6,137.2,92.0,261.0,,,63.5,54.5,75.4,31.3,30.0,,,36.6,10.4,46.3,24.6,58.6,,,231.0,476.5,308.8,116.8,179.5,,,,,,,,,,,,,,,,,456.6,712.5,902.1,243.1,1460.3,,,210.8,264.3,216.9,45.4,560.8,,,554.4,480.4,970.3,286.9,2006.7,,,659.9,310.5,835.6,182.6,541.2,,,89.1,27.2,134.7,90.3,212.8,,,2062.8,1359.4,2756.9,993.2,788.7,,,,,,,,,,,,,,,,,2378.9,1299.5,571.6,675.0,2341.2,,,2657.5,2782.9,1282.5,2417.9,2565.1,,,1117.3,3041.1,724.7,2633.8,3470.5,,,238.8,576.1,282.2,255.6,302.5,,,593.5,1536.4,1843.7,430.0,954.6,,,2731.4,1928.0,3314.5,948.5,1229.1,,,,,,,,,,,,,,,,,,,,,,,,,,,,,,,,,,,,,,,,,,,,,,,,,,,,,,,,,,,,,,,,,,,,,,,,,,,,,,,,,,,,,,,,,,,,,,,,,,,,,,,,,,,,,,,,,,,,,,,,,,,,,,,,
20260912_豊橋_3R,20260912,45,豊橋,3,13.1,37.1,24.4,7.1,35.3,,,11.8,60.7,26.6,19.9,50.0,,,127.6,206.1,90.0,225.3,216.6,,,35.2,43.8,26.9,85.2,70.0,,,15.2,44.1,89.2,71.9,70.4,,,78.9,136.9,167.3,101.8,159.4,,,,,,,,,,,,,,,,,43.0,87.0,42.2,22.8,75.0,,,134.7,784.7,652.6,221.8,983.9,,,426.7,1292.1,773.4,710.2,1482.6,,,130.0,862.5,356.6,309.0,820.7,,,25.9,93.6,168.8,112.1,104.2,,,334.0,1739.1,1429.9,1051.4,548.1,,,,,,,,,,,,,,,,,113.8,471.7,228.6,155.6,418.3,,,210.5,1517.6,1037.8,411.4,1787.4,,,1838.5,3185.5,3386.7,3093.6,4874.8,,,612.8,2749.8,3535.5,2951.7,5453.1,,,389.9,564.4,2474.9,1117.1,2573.9,,,1429.9,4072.6,6994.3,6187.2,4407.3,,,,,,,,,,,,,,,,,867.2,1658.4,523.1,1577.1,2749.8,,,851.1,2703.6,2203.6,1616.7,3249.8,,,2116.6,3123.6,2951.7,4596.2,4596.2,,,426.7,1411.1,2089.2,1517.6,1828.0,,,1739.1,1859.7,3217.3,2281.8,3154.2,,,4874.8,6434.7,7149.7,2979.0,5106.9,,,,,,,,,,,,,,,,,143.3,162.0,115.6,295.9,290.9,,,188.3,1404.9,486.7,427.2,1329.4,,,445.6,3035.2,2203.6,3615.0,4233.3,,,241.5,521.4,1002.2,1068.8,855.6,,,471.0,668.8,2218.8,1307.8,1600.6,,,505.0,1998.3,5027.1,2281.8,2847.2,,,,,,,,,,,,,,,,,49.7,152.5,317.9,208.7,163.6,,,42.0,128.0,203.3,165.3,107.2,,,327.6,360.6,1281.8,1266.6,1200.5,,,1113.2,816.5,1817.7,1633.1,2049.2,,,413.0,573.5,1475.8,1058.3,1191.6,,,535.3,417.8,1261.7,1404.9,1072.4,,,,,,,,,,,,,,,,,488.2,598.0,940.7,458.3,1109.4,,,617.5,2773.6,2553.4,2159.3,1034.5,,,1777.5,5189.3,5958.1,5745.3,5189.3,,,2979.0,4731.4,6070.5,2594.6,5453.1,,,667.5,3006.8,5644.5,2144.9,3830.2,,,1417.3,1132.8,3741.1,3422.7,2348.4,,,,,,,,,,,,,,,,,,,,,,,,,,,,,,,,,,,,,,,,,,,,,,,,,,,,,,,,,,,,,,,,,,,,,,,,,,,,,,,,,,,,,,,,,,,,,,,,,,,,,,,,,,,,,,,,,,,,,,,,,,,,,,,,
20260912_豊橋_4R,20260912,45,豊橋,4,14.4,18.8,14.1,17.6,42.1,,,4.2,6.3,29.9,14.2,23.1,,,24.2,24.4,64.1,66.3,26.1,,,83.2,218.2,164.8,300.3,350.6,,,22.6,57.1,82.1,95.2,158.7,,,82.1,102.8,56.4,238.8,193.5,,,,,,,,,,,,,,,,,171.2,259.8,242.4,218.5,530.8,,,353.5,696.6,1061.7,882.2,2153.1,,,443.6,1076.5,895.0,754.6,1217.0,,,465.1,1088.0,810.2,422.9,1277.6,,,250.3,609.7,547.8,271.2,685.7,,,1226.7,2960.6,1673.3,1986.4,1948.7,,,,,,,,,,,,,,,,,76.3,102.1,222.9,151.4,254.2,,,262.7,701.3,1076.5,860.0,2012.4,,,405.1,977.4,2315.0,1629.1,1866.0,,,1595.3,3018.6,3421.1,3754.9,6693.5,,,637.4,1231.6,1912.4,2247.4,4462.3,,,1445.5,2960.6,2824.8,5701.9,4811.0,,,,,,,,,,,,,,,,,218.9,206.5,827.7,436.1,244.5,,,460.2,1043.7,1459.2,877.2,1002.9,,,465.1,990.0,2215.1,2183.7,1466.2,,,2989.3,3709.6,6037.3,3801.2,4887.3,,,1072.8,1315.8,1524.2,4105.4,1612.0,,,351.8,690.3,908.2,1612.0,1184.2,,,,,,,,,,,,,,,,,1800.6,2315.0,2989.3,3310.8,6037.3,,,2052.7,3897.5,3383.5,1399.5,4595.5,,,3174.2,7509.8,7509.8,9999.9,9932.4,,,4737.0,5131.7,8102.7,5809.5,6997.8,,,6693.5,1811.2,7697.6,7331.0,7509.8,,,8552.9,5921.2,9622.0,8321.7,8797.2,,,,,,,,,,,,,,,,,296.3,408.3,588.7,1047.2,1111.5,,,282.2,740.1,589.8,451.4,1587.1,,,738.3,1321.4,2424.4,3665.5,4398.6,,,1009.5,1136.1,2386.8,2700.9,2012.4,,,3709.6,1217.0,5218.7,3383.5,5047.6,,,2749.1,3459.6,5047.6,2960.6,5401.8,,,,,,,,,,,,,,,,,996.4,1344.5,602.5,3754.9,2080.4,,,1646.5,4462.3,2350.4,4160.8,4737.0,,,2012.4,4811.0,3421.1,6997.8,7331.0,,,613.3,1231.6,1547.2,2523.8,1843.7,,,6997.8,6551.1,9330.4,6037.3,9330.4,,,2631.6,4737.0,7697.6,2960.6,5921.2,,,,,,,,,,,,,,,,,,,,,,,,,,,,,,,,,,,,,,,,,,,,,,,,,,,,,,,,,,,,,,,,,,,,,,,,,,,,,,,,,,,,,,,,,,,,,,,,,,,,,,,,,,,,,,,,,,,,,,,,,,,,,,,,
20260912_豊橋_5R,20260912,45,豊橋,5,25.1,195.4,130.2,121.7,,,,15.9,159.6,111.1,51.4,,,,458.1,431.2,569.7,628.8,,,,181.6,149.1,193.4,378.9,,,,197.1,132.7,483.4,449.6,,,,,,,,,,,,,,,,,,,,,,,,,13.5,151.6,71.5,70.9,,,,4.6,79.2,32.6,40.0,,,,295.2,257.2,259.8,473.9,,,,85.5,59.6,122.4,239.8,,,,216.8,177.9,510.7,455.5,,,,,,,,,,,,,,,,,,,,,,,,,10.4,133.7,94.3,39.3,,,,7.4,130.0,61.2,56.4,,,,447.1,514.1,648.1,725.6,,,,198.2,182.4,431.8,471.8,,,,169.1,186.3,537.7,533.2,,,,,,,,,,,,,,,,,,,,,,,,,1084.7,876.8,497.8,646.8,,,,914.9,867.2,646.8,1152.0,,,,671.6,950.7,555.7,869.5,,,,217.6,325.7,199.5,187.7,,,,874.4,1111.4,769.9,462.1,,,,,,,,,,,,,,,,,,,,,,,,,120.4,74.9,144.0,223.3,,,,79.6,44.4,111.7,289.8,,,,55.8,86.1,155.5,266.6,,,,58.3,98.3,48.9,60.6,,,,301.7,498.6,336.8,226.4,,,,,,,,,,,,,,,,,,,,,,,,,233.8,164.1,446.4,570.8,,,,257.2,191.4,626.3,548.9,,,,94.6,105.6,177.4,406.7,,,,217.5,271.4,192.8,301.2,,,,402.1,596.7,442.7,290.6,,,,,,,,,,,,,,,,,,,,,,,,,,,,,,,,,,,,,,,,,,,,,,,,,,,,,,,,,,,,,,,,,,,,,,,,,,,,,,,,,,,,,,,,,,,,,,,,,,,,,,,,,,,,,,,,,,,,,,,,,,,,,,,,,,,,,,,,,,,,,,,,,,,,,,,,,,,,,,,,,,,,,,,,,,,,,,,,,,,,,,,,,,,,,,,,
20260912_豊橋_6R,20260912,45,豊橋,6,2.6,10.3,37.2,178.1,40.6,,,24.2,103.0,183.1,898.2,323.5,,,23.8,62.3,77.2,129.2,60.8,,,169.5,270.6,241.4,1002.8,495.4,,,892.7,1645.0,680.9,1785.4,1557.5,,,100.9,292.8,111.1,423.1,655.0,,,,,,,,,,,,,,,,,6.1,33.6,68.8,470.0,119.5,,,15.2,88.1,89.8,999.3,470.0,,,125.1,184.9,286.5,1130.5,608.7,,,331.2,400.0,999.3,4183.1,1702.4,,,2305.6,3253.5,2591.3,4575.3,5856.4,,,383.7,579.8,746.9,1591.4,3217.8,,,,,,,,,,,,,,,,,73.4,317.9,348.5,2137.3,1080.5,,,39.4,157.3,141.9,2062.1,909.3,,,484.8,372.5,600.0,3660.2,2440.1,,,1038.3,643.5,1853.3,5324.0,1722.4,,,3148.6,5741.6,6809.8,6507.1,9445.8,,,1952.1,1682.8,2736.6,4066.9,7320.5,,,,,,,,,,,,,,,,,98.7,213.4,284.0,346.9,174.7,,,190.0,319.3,505.7,709.0,308.2,,,624.3,655.0,1020.2,1682.8,811.1,,,684.1,746.9,985.9,642.1,473.0,,,627.0,764.5,1166.6,582.1,308.8,,,131.1,165.7,265.7,224.0,161.3,,,,,,,,,,,,,,,,,468.5,871.4,1002.8,2957.7,1541.1,,,591.5,791.4,1387.7,4800.3,2235.2,,,1278.6,1240.7,2870.8,5524.9,4436.6,,,1220.0,1337.0,1818.7,1407.7,1053.3,,,6655.0,6365.6,5856.4,2987.9,4306.2,,,1926.4,2400.1,3570.9,1246.0,3754.1,,,,,,,,,,,,,,,,,4436.6,6100.4,3706.6,8133.9,6971.9,,,4963.0,5856.4,4575.3,9445.8,6507.1,,,6971.9,8612.4,8873.3,9999.9,9999.9,,,3802.8,3365.7,5741.6,3115.1,1394.3,,,9445.8,9445.8,8133.9,5228.9,7508.2,,,7914.1,5741.6,7705.8,1830.1,7705.8,,,,,,,,,,,,,,,,,195.6,508.3,254.4,710.7,1509.3,,,174.8,256.1,220.0,848.7,1541.1,,,923.7,791.4,1230.3,1161.9,4370.4,,,139.8,135.7,240.6,346.5,296.6,,,1343.2,1692.6,2076.7,1143.8,3404.9,,,3485.9,3404.9,5228.9,1045.7,2957.7,,,,,,,,,,,,,,,,,,,,,,,,,,,,,,,,,,,,,,,,,,,,,,,,,,,,,,,,,,,,,,,,,,,,,,,,,,,,,,,,,,,,,,,,,,,,,,,,,,,,,,,,,,,,,,,,,,,,,,,,,,,,,,,,
20260912_豊橋_7R,20260912,45,豊橋,7,19.8,25.9,72.7,220.5,314.8,,,9.3,13.5,3.7,55.5,208.0,,,67.0,92.1,198.9,396.4,345.7,,,145.2,54.1,194.1,187.2,536.0,,,936.2,499.0,956.0,632.3,1132.3,,,1188.0,1078.4,1150.3,1258.1,1377.7,,,,,,,,,,,,,,,,,38.9,61.6,167.1,529.7,713.2,,,45.4,118.5,136.3,860.6,1245.1,,,81.2,116.5,335.1,1012.1,337.3,,,497.0,538.4,842.6,1830.0,2082.4,,,2307.9,3324.2,3355.0,3735.5,5574.5,,,2875.7,4473.3,1937.6,5176.3,6836.7,,,,,,,,,,,,,,,,,12.3,14.4,4.5,57.6,356.6,,,51.1,187.7,156.0,831.0,1528.8,,,148.9,312.3,377.4,1153.9,1589.2,,,36.1,208.0,290.8,271.6,1203.8,,,785.9,2533.8,2684.0,1165.0,5328.6,,,2664.3,4071.2,4473.3,3854.7,7709.4,,,,,,,,,,,,,,,,,414.1,513.2,890.2,2082.4,1575.4,,,252.1,354.1,834.8,1693.2,585.3,,,554.8,626.8,836.8,2898.7,2307.9,,,1917.1,1820.8,1582.2,4313.6,5408.1,,,5408.1,4831.2,6247.3,6247.3,6710.0,,,3854.7,1980.0,4213.3,7877.0,8235.1,,,,,,,,,,,,,,,,,883.7,264.8,1050.2,1081.6,2875.7,,,1135.8,1367.3,2853.1,4262.8,5940.0,,,228.8,1056.4,858.6,1118.3,2704.0,,,2481.8,3044.9,2070.5,4831.2,6836.7,,,2664.3,5032.5,2293.3,4963.6,5103.4,,,8426.6,9290.9,9999.9,9999.9,7709.4,,,,,,,,,,,,,,,,,5032.5,2625.6,8627.2,5251.3,7104.8,,,5328.6,9058.6,8052.1,7877.0,9999.9,,,2745.0,9793.1,9793.1,4026.0,9999.9,,,9999.9,9999.9,9999.9,9999.9,5032.5,,,5251.3,9058.6,3981.8,9999.9,9793.1,,,7548.8,9999.9,9999.9,9999.9,9999.9,,,,,,,,,,,,,,,,,5844.2,6836.7,4963.6,9793.1,6470.4,,,6710.0,9999.9,4313.6,8837.6,9999.9,,,8052.1,9535.4,8235.1,8837.6,9999.9,,,6588.0,3587.5,6836.7,9999.9,9999.9,,,9999.9,9999.9,8627.2,9999.9,9999.9,,,6039.0,9058.6,9793.1,9999.9,7548.8,,,,,,,,,,,,,,,,,,,,,,,,,,,,,,,,,,,,,,,,,,,,,,,,,,,,,,,,,,,,,,,,,,,,,,,,,,,,,,,,,,,,,,,,,,,,,,,,,,,,,,,,,,,,,,,,,,,,,,,,,,,,,,,,
20260912_豊橋_8R,20260912,45,豊橋,8,139.3,693.3,195.0,330.0,606.1,,,46.7,91.7,50.6,71.4,104.7,,,486.7,313.4,569.4,490.4,606.1,,,121.9,111.7,443.6,326.1,441.5,,,203.6,145.3,232.7,226.0,270.5,,,372.0,252.1,620.7,503.9,419.4,,,,,,,,,,,,,,,,,454.5,1668.8,603.2,1147.3,1744.3,,,317.8,788.3,115.6,823.7,706.0,,,2228.2,1592.9,2007.7,4101.0,2364.9,,,426.9,132.8,1107.7,1476.9,890.2,,,2364.9,1997.3,3706.6,3472.9,3854.9,,,2215.4,1231.6,2364.9,1579.8,3742.6,,,,,,,,,,,,,,,,,34.0,40.0,28.9,27.3,41.9,,,69.3,157.2,20.9,208.8,140.8,,,87.6,183.2,118.4,197.6,89.0,,,13.0,4.4,34.0,47.7,28.0,,,150.7,364.7,381.6,240.9,304.7,,,48.9,95.2,56.9,67.5,93.5,,,,,,,,,,,,,,,,,900.6,401.1,637.1,660.0,702.1,,,1396.7,727.3,1324.7,2050.5,1573.4,,,215.9,330.6,262.5,510.5,216.2,,,777.2,632.9,368.8,1216.0,791.5,,,1027.9,1917.8,1391.6,1760.2,1333.8,,,313.4,600.4,175.6,419.0,672.7,,,,,,,,,,,,,,,,,234.3,119.6,528.7,483.0,572.7,,,237.5,52.7,514.6,761.8,397.0,,,41.9,14.7,79.3,118.6,77.0,,,717.8,818.4,314.6,1272.2,770.9,,,902.7,1449.2,525.9,1619.7,1465.7,,,689.6,479.4,225.4,738.4,1030.7,,,,,,,,,,,,,,,,,988.4,512.6,655.6,574.5,629.8,,,2294.6,2487.0,3706.6,3134.0,3602.7,,,717.8,1647.4,1465.7,966.1,1396.7,,,1320.1,3294.8,2165.6,2640.3,1966.8,,,1137.1,2254.3,1117.3,2394.3,2202.8,,,1352.6,3411.4,1573.4,2018.2,2095.0,,,,,,,,,,,,,,,,,376.4,199.8,484.2,521.6,422.2,,,944.8,368.5,1247.5,555.4,1690.7,,,76.5,143.3,90.9,112.5,159.7,,,264.3,487.3,149.1,372.8,587.6,,,500.6,383.9,185.5,551.4,766.3,,,882.1,1592.9,760.3,1133.8,1161.1,,,,,,,,,,,,,,,,,,,,,,,,,,,,,,,,,,,,,,,,,,,,,,,,,,,,,,,,,,,,,,,,,,,,,,,,,,,,,,,,,,,,,,,,,,,,,,,,,,,,,,,,,,,,,,,,,,,,,,,,,,,,,,,,
20260912_豊橋_9R,20260912,45,豊橋,9,68.8,187.9,237.7,48.2,367.2,,,152.1,384.8,594.2,106.6,552.7,,,535.5,856.1,544.9,421.2,1980.6,,,900.9,965.4,693.2,560.1,2343.3,,,57.8,67.9,192.4,333.8,366.7,,,1413.9,1371.2,3262.3,2772.9,1174.4,,,,,,,,,,,,,,,,,95.7,238.0,318.9,53.3,469.9,,,222.7,1289.7,1463.7,245.7,831.8,,,853.2,2495.6,2020.7,1310.0,4057.9,,,1498.8,3043.4,2772.9,2097.1,5254.0,,,64.1,156.6,426.6,714.0,850.3,,,1897.8,1965.0,3025.0,5608.2,2508.2,,,,,,,,,,,,,,,,,138.1,425.8,511.9,72.1,350.0,,,149.3,830.5,976.7,119.6,492.2,,,1029.1,1589.5,1139.5,472.2,1691.9,,,1182.7,2004.5,1855.5,696.1,2208.5,,,17.2,28.2,92.2,127.8,25.1,,,482.7,598.4,1158.0,1126.7,207.8,,,,,,,,,,,,,,,,,1163.4,1727.1,732.9,694.2,4057.9,,,1160.7,3025.0,2422.9,1919.7,4941.9,,,1821.6,2835.9,2268.7,1046.4,2712.6,,,570.4,1174.4,1266.8,540.7,2310.8,,,430.6,1096.9,711.0,525.4,1957.3,,,6567.5,7798.9,6399.1,6837.4,5671.9,,,,,,,,,,,,,,,,,2546.5,2483.2,2289.6,2004.5,6745.0,,,2533.6,4799.3,3395.4,4091.2,9417.6,,,2354.4,4579.2,3590.8,2114.9,4845.9,,,1363.7,2483.2,1815.0,1283.1,3119.5,,,1691.9,2868.5,1559.7,1521.7,3395.4,,,7678.9,9999.9,7678.9,8182.5,6482.2,,,,,,,,,,,,,,,,,14.9,21.1,68.5,111.7,132.7,,,12.4,31.1,109.6,159.7,243.3,,,4.0,8.2,30.1,53.8,9.9,,,125.0,188.0,157.4,106.1,586.5,,,247.0,400.5,315.3,169.0,649.9,,,361.4,496.1,166.2,833.2,715.0,,,,,,,,,,,,,,,,,3372.5,3515.0,7233.8,7449.7,2572.8,,,3062.1,2727.5,4266.0,6837.4,4456.5,,,2446.7,3283.7,4991.3,5199.3,669.0,,,9075.1,9075.1,7678.9,9999.9,7130.4,,,9243.2,9999.9,6932.4,8756.7,7233.8,,,2388.1,3490.4,662.8,5145.7,4266.0,,,,,,,,,,,,,,,,,,,,,,,,,,,,,,,,,,,,,,,,,,,,,,,,,,,,,,,,,,,,,,,,,,,,,,,,,,,,,,,,,,,,,,,,,,,,,,,,,,,,,,,,,,,,,,,,,,,,,,,,,,,,,,,,
20260912_富山_1R,20260912,46,富山,1,59.6,71.0,121.6,,,,,51.4,34.2,90.1,,,,,32.6,29.1,31.5,,,,,268.5,234.6,158.2,,,,,,,,,,,,,,,,,,,,,,,,,,,,,,,,,59.1,71.7,104.2,,,,,16.6,20.7,6.2,,,,,90.9,96.0,119.3,,,,,94.8,30.3,85.6,,,,,,,,,,,,,,,,,,,,,,,,,,,,,,,,,26.3,11.9,42.6,,,,,13.3,19.1,5.6,,,,,29.4,70.3,84.4,,,,,111.3,50.4,127.7,,,,,,,,,,,,,,,,,,,,,,,,,,,,,,,,,36.7,38.8,64.7,,,,,85.3,137.2,162.6,,,,,75.9,120.8,196.6,,,,,176.3,291.9,320.9,,,,,,,,,,,,,,,,,,,,,,,,,,,,,,,,,375.6,306.8,291.9,,,,,225.8,107.3,215.0,,,,,252.7,138.4,284.9,,,,,300.8,358.7,376.5,,,,,,,,,,,,,,,,,,,,,,,,,,,,,,,,,,,,,,,,,,,,,,,,,,,,,,,,,,,,,,,,,,,,,,,,,,,,,,,,,,,,,,,,,,,,,,,,,,,,,,,,,,,,,,,,,,,,,,,,,,,,,,,,,,,,,,,,,,,,,,,,,,,,,,,,,,,,,,,,,,,,,,,,,,,,,,,,,,,,,,,,,,,,,,,,,,,,,,,,,,,,,,,,,,,,,,,,,,,,,,,,,,,,,,,,,,,,,,,,,,,,,,,,,,,,,,,,
20260912_富山_2R,20260912,46,富山,2,197.7,104.0,505.7,194.2,,,,49.8,10.0,7.2,19.0,,,,102.4,33.1,117.9,53.3,,,,811.0,105.8,298.8,258.4,,,,194.6,75.8,91.1,221.9,,,,,,,,,,,,,,,,,,,,,,,,,394.6,272.0,1150.3,842.0,,,,479.5,379.3,701.1,1157.8,,,,168.7,151.7,270.7,107.9,,,,2120.4,1759.9,1676.1,2120.4,,,,1205.4,1294.1,488.8,1934.0,,,,,,,,,,,,,,,,,,,,,,,,,58.2,8.8,6.0,13.1,,,,226.8,281.5,474.3,470.5,,,,29.5,151.2,59.3,53.7,,,,27.2,402.7,76.1,70.5,,,,48.7,295.2,79.3,96.1,,,,,,,,,,,,,,,,,,,,,,,,,164.6,54.9,164.0,115.8,,,,135.1,102.0,180.8,74.9,,,,59.3,181.8,98.6,86.9,,,,426.1,626.3,322.3,280.6,,,,128.9,99.7,68.8,125.8,,,,,,,,,,,,,,,,,,,,,,,,,1814.4,273.2,999.9,822.4,,,,2227.8,1644.8,1913.0,2514.2,,,,195.5,1466.6,703.9,626.3,,,,1504.2,2550.6,1197.2,888.8,,,,1491.5,2983.0,1029.2,926.3,,,,,,,,,,,,,,,,,,,,,,,,,368.1,107.6,199.5,399.0,,,,664.1,799.9,470.5,1708.7,,,,101.0,471.8,169.7,286.1,,,,212.3,272.8,166.3,289.4,,,,814.8,1742.5,546.5,739.4,,,,,,,,,,,,,,,,,,,,,,,,,,,,,,,,,,,,,,,,,,,,,,,,,,,,,,,,,,,,,,,,,,,,,,,,,,,,,,,,,,,,,,,,,,,,,,,,,,,,,,,,,,,,,,,,,,,,,,,,,,,,,,,,,,,,,,,,,,,,,,,,,,,,,,,,,,,,,,,,,,,,,,,,,,,,,,,,,,,,,,,,,,,,,,,,
20260912_富山_3R,20260912,46,富山,3,333.7,472.2,251.3,1023.9,184.0,,,148.3,378.5,68.2,36.2,93.3,,,1151.1,1370.0,642.0,1706.5,742.5,,,130.0,77.6,214.7,260.7,49.1,,,1556.4,274.0,1420.0,748.2,876.3,,,97.0,77.4,227.8,52.0,319.9,,,,,,,,,,,,,,,,,540.4,745.4,346.1,2026.5,333.7,,,824.3,522.9,405.3,650.6,768.9,,,596.7,768.9,305.4,944.4,118.5,,,233.5,233.5,203.9,712.6,93.8,,,3537.3,2861.0,1721.6,2343.9,1945.5,,,135.8,181.8,38.5,65.5,320.5,,,,,,,,,,,,,,,,,297.9,611.7,107.6,112.1,235.2,,,725.9,725.9,557.4,888.3,827.8,,,1852.8,2288.8,1151.1,1691.7,2594.0,,,149.7,436.2,611.7,407.8,332.5,,,323.7,1045.9,1691.7,587.7,1164.9,,,444.1,814.0,1519.9,389.1,834.9,,,,,,,,,,,,,,,,,2372.5,3242.5,1124.5,3537.3,1594.6,,,1852.8,2236.2,710.0,2861.0,389.1,,,3088.1,3537.3,1768.6,4053.1,3814.7,,,992.6,765.9,1263.3,1965.1,585.9,,,4139.3,5119.7,5404.2,3602.8,5119.7,,,1379.7,407.0,2401.8,623.5,2903.7,,,,,,,,,,,,,,,,,46.4,17.5,67.1,78.9,20.7,,,53.9,55.2,40.7,189.0,20.6,,,31.2,66.4,117.9,70.8,75.4,,,158.0,114.8,189.9,237.8,114.5,,,247.2,365.6,189.0,370.5,241.3,,,15.9,11.1,37.5,36.4,82.7,,,,,,,,,,,,,,,,,4863.7,868.5,6275.8,1721.6,2665.0,,,6079.7,4745.1,6485.0,3474.1,1332.5,,,876.3,3670.7,4139.3,1691.7,3354.3,,,7782.0,6275.8,4524.4,3741.3,5895.5,,,1768.6,3039.8,1691.7,2947.7,2005.6,,,3474.1,2903.7,3354.3,4632.1,2185.9,,,,,,,,,,,,,,,,,85.9,58.6,202.6,45.3,250.7,,,70.9,104.9,17.7,39.0,151.7,,,151.8,324.2,582.4,186.1,287.3,,,548.0,124.3,781.3,259.4,834.9,,,34.6,34.1,75.1,86.6,227.5,,,888.3,967.9,807.2,1086.8,748.2,,,,,,,,,,,,,,,,,,,,,,,,,,,,,,,,,,,,,,,,,,,,,,,,,,,,,,,,,,,,,,,,,,,,,,,,,,,,,,,,,,,,,,,,,,,,,,,,,,,,,,,,,,,,,,,,,,,,,,,,,,,,,,,,
20260912_富山_4R,20260912,46,富山,4,70.4,116.5,203.6,363.2,658.5,,,95.0,142.9,255.6,546.6,837.4,,,308.6,275.3,641.4,902.1,1530.5,,,818.9,809.9,1232.9,1694.1,2845.3,,,1305.5,1328.9,1541.2,2175.8,2882.2,,,2175.8,2438.8,3312.4,3263.7,3963.1,,,,,,,,,,,,,,,,,30.6,55.7,112.4,133.7,225.7,,,20.5,9.4,21.1,28.7,66.3,,,63.5,18.1,57.9,65.0,124.3,,,105.2,33.6,68.0,123.7,229.2,,,164.7,56.4,99.4,153.4,293.9,,,449.2,177.2,282.0,452.0,573.4,,,,,,,,,,,,,,,,,41.4,67.2,147.0,232.8,426.7,,,20.0,8.1,23.3,43.6,106.6,,,36.6,11.4,33.3,70.5,179.9,,,201.9,61.7,93.5,227.8,494.2,,,348.4,123.1,189.0,324.4,770.6,,,1022.7,351.1,658.5,1041.9,1520.1,,,,,,,,,,,,,,,,,334.7,295.1,682.8,995.2,1479.5,,,171.6,57.0,179.7,292.7,650.8,,,131.5,48.7,127.6,234.8,339.8,,,781.4,388.6,317.9,843.8,2154.7,,,1199.6,609.7,579.4,1098.6,2241.7,,,2219.3,1562.9,1297.8,3125.8,3312.4,,,,,,,,,,,,,,,,,1193.2,1193.2,1865.0,2845.3,3638.2,,,489.9,182.8,327.8,563.2,999.7,,,730.0,255.3,397.7,913.3,1964.0,,,1681.3,625.1,522.2,1733.8,3826.4,,,3579.6,1643.9,1681.3,1981.5,2920.2,,,5043.9,2999.1,3579.6,5161.2,4722.0,,,,,,,,,,,,,,,,,2521.9,2074.1,3467.7,4824.6,5043.9,,,739.7,385.9,619.9,749.7,1313.2,,,1562.9,579.4,863.5,1361.5,3125.8,,,2809.3,1328.9,1161.9,2287.9,4623.6,,,3761.6,1999.4,1999.4,2438.8,5690.6,,,5413.0,5413.0,5284.1,5690.6,6341.0,,,,,,,,,,,,,,,,,4035.1,3761.6,3963.1,5998.2,5690.6,,,2920.2,1056.8,1668.6,3170.5,4035.1,,,2809.3,1585.2,2154.7,3579.6,4623.6,,,4529.2,2845.3,2774.1,2197.3,2175.8,,,6164.8,4267.9,4351.6,2336.1,2521.9,,,5043.9,5840.4,5413.0,1082.6,2361.0,,,,,,,,,,,,,,,,,,,,,,,,,,,,,,,,,,,,,,,,,,,,,,,,,,,,,,,,,,,,,,,,,,,,,,,,,,,,,,,,,,,,,,,,,,,,,,,,,,,,,,,,,,,,,,,,,,,,,,,,,,,,,,,,
20260912_富山_5R,20260912,46,富山,5,1182.2,932.5,1003.1,950.3,,,,1306.7,788.1,1527.8,494.0,,,,322.9,367.8,448.3,226.4,,,,1073.6,1628.0,973.6,1189.3,,,,772.8,422.6,378.3,968.8,,,,,,,,,,,,,,,,,,,,,,,,,1050.9,574.0,470.6,507.9,,,,755.2,501.5,199.0,146.1,,,,225.9,455.5,187.7,163.0,,,,115.6,90.3,89.1,53.8,,,,264.8,153.9,167.6,95.4,,,,,,,,,,,,,,,,,,,,,,,,,488.0,423.5,666.5,237.8,,,,430.8,336.6,252.0,129.2,,,,170.3,199.2,170.0,64.8,,,,696.9,280.5,280.5,122.5,,,,34.2,20.3,18.4,28.8,,,,,,,,,,,,,,,,,,,,,,,,,54.4,57.4,98.9,29.4,,,,114.4,185.9,112.4,102.0,,,,114.4,151.1,125.9,40.0,,,,203.2,109.1,165.1,107.1,,,,42.8,52.6,27.2,56.8,,,,,,,,,,,,,,,,,,,,,,,,,600.0,1103.4,706.8,978.4,,,,174.9,111.7,102.7,57.0,,,,841.6,287.0,326.6,178.4,,,,380.5,211.7,284.5,221.1,,,,486.8,134.2,132.9,200.6,,,,,,,,,,,,,,,,,,,,,,,,,224.9,117.5,159.6,271.7,,,,140.1,57.0,78.9,56.2,,,,21.2,13.0,7.2,13.9,,,,48.0,61.2,23.1,54.8,,,,232.0,66.3,58.7,89.8,,,,,,,,,,,,,,,,,,,,,,,,,,,,,,,,,,,,,,,,,,,,,,,,,,,,,,,,,,,,,,,,,,,,,,,,,,,,,,,,,,,,,,,,,,,,,,,,,,,,,,,,,,,,,,,,,,,,,,,,,,,,,,,,,,,,,,,,,,,,,,,,,,,,,,,,,,,,,,,,,,,,,,,,,,,,,,,,,,,,,,,,,,,,,,,,
20260912_富山_6R,20260912,46,富山,6,458.6,202.6,483.9,285.1,236.4,,,492.0,223.7,357.7,770.5,281.5,,,210.6,221.5,183.9,418.2,118.4,,,599.5,518.2,224.6,1195.0,322.9,,,450.4,1097.9,554.1,1311.0,702.7,,,161.3,179.6,67.4,215.2,283.3,,,,,,,,,,,,,,,,,166.6,77.0,186.0,120.5,102.7,,,121.9,52.9,89.7,54.5,165.2,,,80.2,64.4,83.2,46.4,220.1,,,219.8,136.1,95.8,119.5,403.8,,,34.2,27.5,19.7,54.2,86.1,,,86.9,235.8,249.1,343.1,204.9,,,,,,,,,,,,,,,,,218.5,85.9,159.1,274.0,153.5,,,116.4,46.5,68.5,55.9,172.4,,,47.0,40.3,20.1,60.7,104.0,,,87.3,81.6,34.2,123.3,196.0,,,254.9,92.4,111.1,153.5,426.4,,,123.0,213.2,218.5,243.6,425.3,,,,,,,,,,,,,,,,,279.2,245.3,241.3,530.7,224.6,,,192.4,121.3,161.0,102.3,349.2,,,126.2,87.4,57.0,160.7,240.6,,,223.5,151.1,96.7,261.4,425.3,,,516.6,150.9,296.7,342.4,667.9,,,337.8,533.9,461.0,618.5,970.5,,,,,,,,,,,,,,,,,418.2,417.2,160.8,865.4,333.9,,,235.1,220.9,161.6,211.9,525.9,,,166.6,200.7,86.4,271.5,417.2,,,104.2,178.5,91.8,266.9,439.1,,,878.3,307.6,440.2,372.1,944.5,,,403.8,1021.3,914.9,744.3,1383.2,,,,,,,,,,,,,,,,,216.0,805.8,532.3,1077.7,719.9,,,68.0,52.1,34.9,75.3,166.8,,,503.3,111.6,175.6,322.3,944.5,,,470.9,91.4,237.4,309.8,798.5,,,919.7,180.9,441.4,357.7,1163.4,,,714.1,403.8,1015.4,852.8,1155.7,,,,,,,,,,,,,,,,,132.6,203.8,87.4,223.7,344.4,,,197.6,350.6,448.1,515.1,382.7,,,346.5,381.0,448.1,516.6,1027.3,,,281.9,527.5,563.0,595.5,992.5,,,636.5,791.3,725.9,770.5,1219.9,,,629.6,474.8,910.2,738.1,896.3,,,,,,,,,,,,,,,,,,,,,,,,,,,,,,,,,,,,,,,,,,,,,,,,,,,,,,,,,,,,,,,,,,,,,,,,,,,,,,,,,,,,,,,,,,,,,,,,,,,,,,,,,,,,,,,,,,,,,,,,,,,,,,,,
20260912_富山_7R,20260912,46,富山,7,145.4,107.5,440.8,347.0,80.1,,,130.0,194.3,142.8,157.6,76.3,,,80.0,151.7,615.2,349.5,74.4,,,796.2,494.9,1325.3,1091.0,434.9,,,378.3,174.2,505.0,600.2,212.8,,,30.9,34.3,35.0,96.5,78.1,,,,,,,,,,,,,,,,,384.2,125.1,1115.7,922.8,151.7,,,440.8,205.4,712.9,739.6,461.4,,,52.4,66.1,252.2,174.2,33.1,,,2194.2,1605.5,931.5,2499.7,1542.8,,,1211.5,922.8,499.9,2100.8,935.9,,,112.6,277.3,64.7,688.0,634.9,,,,,,,,,,,,,,,,,209.8,321.6,176.7,153.6,111.4,,,280.9,306.1,465.7,390.2,435.9,,,271.2,210.3,387.2,335.8,280.9,,,145.3,367.7,475.8,144.1,145.3,,,83.8,154.7,228.0,62.3,114.8,,,90.3,278.9,198.8,139.0,192.4,,,,,,,,,,,,,,,,,59.1,132.8,449.8,300.1,55.0,,,24.3,35.9,172.9,84.0,19.5,,,152.3,99.9,174.2,210.0,141.3,,,1039.3,700.2,723.3,1420.7,806.0,,,331.8,204.0,177.7,1161.6,307.6,,,32.3,36.8,86.5,278.1,168.7,,,,,,,,,,,,,,,,,3134.6,1811.7,3134.6,2862.0,1632.0,,,2531.7,1717.2,1645.6,3464.5,1936.0,,,987.4,1226.5,1371.3,647.4,774.4,,,2947.4,1845.6,1994.7,3237.3,1863.0,,,3872.1,4201.7,931.5,4114.1,2170.1,,,1189.6,1605.5,944.8,1779.1,1917.2,,,,,,,,,,,,,,,,,816.0,363.0,987.4,1352.6,414.8,,,1033.9,819.4,796.2,2468.5,968.0,,,152.7,308.0,372.6,156.6,251.2,,,753.7,485.2,550.0,2244.0,488.8,,,1936.0,2821.1,637.0,2269.8,1811.7,,,331.3,836.7,497.4,488.8,1462.8,,,,,,,,,,,,,,,,,15.0,23.5,14.3,108.5,101.5,,,63.7,147.0,50.2,369.1,382.7,,,82.2,187.1,137.5,115.1,229.8,,,37.4,36.6,90.2,274.6,195.5,,,289.9,637.0,271.6,658.2,1023.2,,,308.5,553.1,439.8,403.0,816.0,,,,,,,,,,,,,,,,,,,,,,,,,,,,,,,,,,,,,,,,,,,,,,,,,,,,,,,,,,,,,,,,,,,,,,,,,,,,,,,,,,,,,,,,,,,,,,,,,,,,,,,,,,,,,,,,,,,,,,,,,,,,,,,,
20260912_富山_8R,20260912,46,富山,8,193.7,100.9,286.6,354.5,464.8,,,269.6,182.2,183.8,312.0,280.9,,,40.5,107.3,101.2,126.4,160.2,,,84.4,67.3,53.4,20.9,71.3,,,652.5,534.2,455.3,178.0,436.4,,,537.1,398.3,307.2,245.5,399.8,,,,,,,,,,,,,,,,,954.0,515.0,693.2,1628.8,1252.1,,,1252.1,530.0,1260.0,1964.1,1344.6,,,303.5,281.7,336.7,720.6,516.3,,,659.0,1164.8,541.4,1038.0,1431.0,,,4006.9,3710.1,2601.8,1712.3,3395.6,,,1872.3,1872.3,1292.5,2536.0,2601.8,,,,,,,,,,,,,,,,,642.1,478.1,253.6,776.5,491.0,,,1158.0,764.6,1300.9,2131.3,1309.4,,,821.0,785.6,1043.4,1838.0,1890.0,,,266.0,1022.1,856.1,470.2,596.2,,,1945.1,3180.0,3339.1,1577.5,2744.4,,,1268.0,1855.0,2329.6,1381.6,2329.6,,,,,,,,,,,,,,,,,71.4,322.6,160.7,255.5,265.3,,,101.9,168.4,154.9,368.2,224.6,,,848.9,632.0,986.9,1712.3,1410.8,,,161.8,167.9,540.0,279.8,547.3,,,1077.1,1484.0,2707.3,1082.9,2023.6,,,624.1,710.4,1529.3,1410.8,785.6,,,,,,,,,,,,,,,,,24.2,23.5,12.1,3.9,15.9,,,76.0,110.0,56.3,103.9,104.0,,,70.0,146.1,156.8,75.5,87.6,,,34.0,23.6,119.6,52.9,99.2,,,18.0,61.4,64.8,60.5,22.9,,,72.1,169.9,140.1,175.1,66.9,,,,,,,,,,,,,,,,,3514.8,2946.2,1727.1,440.3,1628.8,,,4659.2,4355.3,4006.9,3082.2,3780.1,,,3514.8,6071.0,5008.6,2504.3,4770.1,,,1983.6,3852.8,4886.4,1517.7,4355.3,,,284.9,1506.3,954.0,821.0,512.3,,,2154.2,2862.0,2504.3,2536.0,1001.7,,,,,,,,,,,,,,,,,1757.4,1565.2,1401.0,764.6,2086.9,,,2443.2,2744.4,2782.5,3339.1,4553.3,,,1872.3,2671.2,3284.3,1983.6,3642.6,,,2131.3,2413.8,3928.3,2357.0,4452.1,,,698.0,2357.0,1484.0,1615.6,996.7,,,2251.0,4173.8,3231.3,2821.7,1252.1,,,,,,,,,,,,,,,,,,,,,,,,,,,,,,,,,,,,,,,,,,,,,,,,,,,,,,,,,,,,,,,,,,,,,,,,,,,,,,,,,,,,,,,,,,,,,,,,,,,,,,,,,,,,,,,,,,,,,,,,,,,,,,,,
20260912_富山_9R,20260912,46,富山,9,468.3,94.4,197.0,848.0,314.0,,,1884.5,1720.6,2826.7,2667.9,2553.2,,,81.2,473.0,173.3,732.8,274.1,,,401.0,1290.4,467.4,1388.5,1333.9,,,2931.4,4845.8,3544.0,3892.5,5936.2,,,666.9,1615.2,739.7,1326.5,3957.4,,,,,,,,,,,,,,,,,92.7,14.0,38.5,185.3,48.9,,,233.9,213.1,216.2,558.7,117.9,,,7.7,76.5,15.1,113.0,16.9,,,14.0,52.5,8.7,12.7,23.2,,,436.4,587.7,304.0,149.3,381.7,,,32.9,19.3,11.8,17.6,123.1,,,,,,,,,,,,,,,,,3441.2,3491.8,3124.3,9132.6,3005.6,,,2447.9,2178.4,1615.2,4093.9,1175.4,,,3544.0,2638.3,4566.3,4655.8,2968.1,,,4748.9,2638.3,7195.4,3005.6,3344.3,,,7914.9,2968.1,5522.0,6248.6,7659.6,,,1855.0,1104.4,1648.9,1978.7,5161.9,,,,,,,,,,,,,,,,,45.7,286.4,94.6,400.4,180.0,,,35.7,289.9,60.0,422.5,110.8,,,1493.3,1269.7,2120.0,2860.8,1502.8,,,189.9,137.5,742.0,810.4,654.1,,,3769.0,2422.9,3441.2,3208.7,3769.0,,,395.0,335.3,786.2,791.4,2327.9,,,,,,,,,,,,,,,,,482.6,1708.2,587.7,1531.9,1672.1,,,145.3,379.9,121.3,180.2,255.8,,,3005.6,1648.9,4397.1,3005.6,2968.1,,,508.4,281.3,2374.4,1439.0,1380.5,,,1930.4,813.1,2283.1,2240.0,1626.3,,,1720.6,715.2,1812.5,1978.7,2638.3,,,,,,,,,,,,,,,,,4240.1,9132.6,7914.9,6983.7,8480.3,,,2931.4,4946.8,3344.3,1421.8,4946.8,,,8187.8,8187.8,5522.0,9999.9,9999.9,,,8794.3,4748.9,4845.8,6088.4,9893.6,,,5396.5,1474.8,5936.2,4946.8,4655.8,,,8480.3,6983.7,8480.3,9132.6,6088.4,,,,,,,,,,,,,,,,,543.3,1199.2,608.8,1372.5,2698.2,,,198.7,130.3,70.5,128.0,781.0,,,765.9,434.0,534.7,802.1,1572.5,,,343.6,232.1,821.6,981.1,2761.0,,,1130.7,447.1,1130.7,1181.3,1319.1,,,4317.2,3344.3,4093.9,6784.2,3892.5,,,,,,,,,,,,,,,,,,,,,,,,,,,,,,,,,,,,,,,,,,,,,,,,,,,,,,,,,,,,,,,,,,,,,,,,,,,,,,,,,,,,,,,,,,,,,,,,,,,,,,,,,,,,,,,,,,,,,,,,,,,,,,,,
20260912_富山_10R,20260912,46,富山,10,3352.1,4561.1,2727.7,3273.3,3811.3,,,5249.6,6048.4,3434.9,5249.6,4715.7,,,7134.1,6786.1,6048.4,7949.4,6624.5,,,2107.8,2140.2,4347.3,853.4,1772.1,,,3161.7,4091.6,4637.1,1061.9,2727.7,,,3521.9,3811.3,6955.7,2060.9,3709.7,,,,,,,,,,,,,,,,,3091.4,3393.0,1806.6,2123.8,2299.4,,,2928.7,3759.8,1204.4,1617.6,2484.2,,,4416.3,5678.1,2280.5,3024.2,3759.8,,,641.0,547.6,906.2,140.2,294.7,,,976.2,818.3,1370.5,188.7,458.3,,,1749.8,1905.6,2675.2,559.8,707.9,,,,,,,,,,,,,,,,,5678.1,6323.4,3477.8,6470.4,4881.2,,,4968.4,5564.6,2701.2,3198.0,3567.0,,,6786.1,5919.7,4881.2,4487.5,5455.5,,,2462.2,2107.8,2552.5,699.0,1636.6,,,3974.7,1627.0,3660.9,894.6,2299.4,,,4715.7,3660.9,5455.5,2484.2,2624.8,,,,,,,,,,,,,,,,,6786.1,6048.4,5350.5,4215.6,5919.7,,,4637.1,5249.6,4032.3,3974.7,4968.4,,,6182.9,5564.6,5455.5,4416.3,5350.5,,,3811.3,3521.9,4347.3,1795.0,3567.0,,,6624.5,3567.0,4637.1,2156.8,3521.9,,,6048.4,5678.1,4715.7,4215.6,4487.5,,,,,,,,,,,,,,,,,140.3,147.6,293.1,47.4,135.3,,,81.8,69.4,133.6,14.8,39.5,,,131.0,108.0,229.5,31.0,116.4,,,325.0,233.2,316.5,68.8,218.0,,,19.9,5.9,12.7,27.1,5.8,,,101.7,45.0,81.4,148.7,16.0,,,,,,,,,,,,,,,,,448.0,578.4,797.2,159.8,435.4,,,234.2,177.6,278.7,42.7,112.5,,,473.9,294.1,518.1,104.0,297.2,,,979.6,621.0,728.3,195.3,558.6,,,38.9,14.3,25.2,44.0,15.0,,,282.1,128.3,200.0,351.7,51.0,,,,,,,,,,,,,,,,,2060.9,3434.9,3864.3,1112.9,1806.6,,,1830.4,1973.2,2506.5,513.3,768.5,,,3273.3,2529.3,3918.7,1082.6,2060.9,,,4881.2,4032.3,4487.5,1892.7,3709.7,,,571.3,330.8,505.8,962.7,156.9,,,1104.0,528.9,848.2,1563.0,195.9,,,,,,,,,,,,,,,,,,,,,,,,,,,,,,,,,,,,,,,,,,,,,,,,,,,,,,,,,,,,,,,,,,,,,,,,,,,,,,,,,,,,,,,,,,,,,,,,,,,,,,,,,,,,,,,,,,,,,,,,,,,,,,,,
20260912_富山_11R,20260912,46,富山,11,240.6,491.1,167.7,172.7,272.1,,,440.8,494.2,480.6,628.6,600.9,,,1208.9,1095.2,1403.2,1247.3,1595.5,,,172.6,161.9,389.0,126.4,334.0,,,295.1,462.9,795.7,284.4,689.3,,,455.5,570.4,1155.5,506.1,816.4,,,,,,,,,,,,,,,,,59.3,115.5,43.2,47.1,81.6,,,59.3,21.7,58.0,126.2,19.9,,,231.4,65.7,200.9,250.6,148.2,,,33.8,35.4,75.5,169.4,65.2,,,166.8,247.3,326.7,380.5,410.8,,,49.7,17.0,67.2,64.2,160.2,,,,,,,,,,,,,,,,,307.5,368.4,414.6,541.0,314.3,,,135.5,50.1,104.7,291.0,40.4,,,210.8,64.4,131.9,392.4,46.2,,,302.5,179.7,149.3,793.7,195.3,,,1177.2,696.9,1013.9,1304.2,1037.3,,,99.4,30.3,26.2,98.9,328.7,,,,,,,,,,,,,,,,,1603.6,1563.7,2494.6,2123.8,2381.2,,,991.5,295.4,903.2,1320.6,510.2,,,657.5,226.2,462.2,838.1,151.7,,,2014.8,1114.6,706.3,1976.8,1511.1,,,3492.4,2345.6,2229.2,4305.7,3112.1,,,1282.9,526.5,242.5,1147.1,1848.9,,,,,,,,,,,,,,,,,83.3,57.4,116.9,58.9,155.6,,,68.0,65.4,133.0,299.3,116.5,,,166.6,137.0,53.0,509.4,105.3,,,413.0,351.1,146.8,631.1,349.6,,,476.2,722.5,680.3,921.7,952.4,,,202.3,181.5,64.1,208.2,588.6,,,,,,,,,,,,,,,,,521.2,976.1,1403.2,615.1,1489.6,,,598.7,715.9,1378.6,1076.4,1511.1,,,1775.8,1208.9,1727.0,2399.4,2054.3,,,2910.3,2054.3,2328.3,3416.5,3240.4,,,820.6,1337.5,1904.9,2831.7,2027.8,,,2123.8,1816.8,2455.6,3308.6,2555.4,,,,,,,,,,,,,,,,,246.3,287.3,595.3,355.9,428.2,,,70.1,30.8,105.1,94.5,275.2,,,96.0,35.5,15.6,98.1,311.8,,,748.3,270.0,91.0,482.8,1069.1,,,247.6,171.8,115.9,299.0,755.5,,,1010.6,808.0,1020.5,1663.0,1422.2,,,,,,,,,,,,,,,,,,,,,,,,,,,,,,,,,,,,,,,,,,,,,,,,,,,,,,,,,,,,,,,,,,,,,,,,,,,,,,,,,,,,,,,,,,,,,,,,,,,,,,,,,,,,,,,,,,,,,,,,,,,,,,,,
20260912_松山_1R,20260912,75,松山,1,159.7,69.1,33.9,255.4,59.1,,,245.4,618.4,189.3,525.1,76.3,,,207.3,758.0,354.2,748.0,329.0,,,18.0,68.0,89.6,154.9,20.4,,,884.0,1293.5,1424.2,936.8,611.7,,,15.3,11.8,81.2,10.6,95.9,,,,,,,,,,,,,,,,,569.6,211.8,111.1,645.3,143.9,,,1311.6,1355.7,760.1,1688.6,949.4,,,298.4,649.7,93.1,337.7,262.5,,,58.1,337.3,33.1,226.1,92.2,,,2256.0,2737.8,1453.6,1446.1,2907.2,,,226.6,382.6,342.2,213.6,1210.3,,,,,,,,,,,,,,,,,469.2,1317.7,546.5,900.9,141.3,,,969.0,940.0,594.9,1476.4,750.0,,,2877.5,1330.1,2907.2,2792.0,2685.7,,,834.3,717.5,2473.6,2685.7,996.4,,,3065.2,1305.5,4862.0,3525.0,3241.3,,,68.8,288.0,640.9,397.7,632.2,,,,,,,,,,,,,,,,,1484.2,3971.8,1492.0,3916.6,1807.6,,,1007.1,1867.5,338.9,1025.4,1287.6,,,5127.2,3615.3,4548.3,5423.0,4476.1,,,1382.3,509.0,3241.3,2238.0,2350.0,,,3916.6,1855.2,3810.8,4548.3,4208.9,,,2220.4,2028.7,3279.0,3279.0,5320.7,,,,,,,,,,,,,,,,,28.0,113.2,127.3,232.2,31.2,,,28.7,173.2,15.4,195.6,56.6,,,372.5,409.8,1242.2,1892.6,408.1,,,450.4,119.2,1602.2,921.5,792.1,,,1200.0,1247.7,2274.1,2014.2,1461.1,,,46.5,101.4,126.2,321.9,541.2,,,,,,,,,,,,,,,,,2792.0,3397.5,3810.8,2203.1,1500.0,,,3863.0,3357.1,1931.5,2968.4,4862.0,,,4862.0,4947.3,4700.0,5529.4,4338.4,,,5640.0,2389.8,4548.3,5640.0,5320.7,,,2517.8,3000.0,4779.6,5127.2,3317.6,,,1698.7,3397.5,3204.5,4406.2,3481.4,,,,,,,,,,,,,,,,,23.4,11.1,111.9,23.7,95.4,,,93.9,146.9,227.9,153.3,416.5,,,30.1,129.3,367.1,193.0,271.1,,,587.5,638.0,1226.0,1151.0,2043.4,,,69.1,131.6,166.4,453.3,582.6,,,846.8,2292.6,1558.0,3279.0,1958.3,,,,,,,,,,,,,,,,,,,,,,,,,,,,,,,,,,,,,,,,,,,,,,,,,,,,,,,,,,,,,,,,,,,,,,,,,,,,,,,,,,,,,,,,,,,,,,,,,,,,,,,,,,,,,,,,,,,,,,,,,,,,,,,,
20260912_松山_2R,20260912,75,松山,2,609.6,942.9,488.8,986.8,947.1,,,551.0,1045.1,189.7,729.1,1548.7,,,1560.0,2619.4,2059.9,2755.4,3214.7,,,308.8,139.1,938.8,485.5,1116.6,,,884.0,841.9,1861.1,639.0,1670.6,,,1753.4,3315.1,4003.2,2080.1,3214.7,,,,,,,,,,,,,,,,,457.2,360.2,307.0,729.1,340.0,,,258.1,147.0,76.1,408.8,134.7,,,213.0,149.6,97.9,314.7,50.7,,,139.6,57.8,98.6,270.2,94.2,,,845.3,548.2,423.4,534.4,546.8,,,197.5,199.4,91.6,123.2,390.0,,,,,,,,,,,,,,,,,242.7,618.5,91.1,366.4,741.8,,,132.2,115.8,49.1,260.9,87.2,,,635.2,178.4,207.4,744.4,1088.0,,,14.4,9.9,48.2,35.8,84.9,,,463.2,276.9,677.8,157.7,955.7,,,1301.6,534.4,1798.0,677.8,1317.8,,,,,,,,,,,,,,,,,1644.7,2411.0,2059.9,3596.1,3315.1,,,641.0,327.4,236.7,724.1,180.8,,,1583.3,597.6,520.0,1619.6,2946.8,,,573.4,441.1,327.4,1697.3,1894.3,,,4330.0,1644.7,2652.1,2496.1,4330.0,,,4330.0,1010.3,3722.3,4080.2,4160.2,,,,,,,,,,,,,,,,,61.0,25.0,202.4,103.5,308.8,,,55.5,20.7,78.3,132.4,77.9,,,6.3,5.1,30.1,20.2,51.3,,,261.2,145.0,115.6,545.4,873.1,,,220.7,215.1,75.5,514.9,624.0,,,739.2,338.3,320.0,1537.4,1293.7,,,,,,,,,,,,,,,,,639.0,669.3,1483.7,499.2,1473.4,,,819.1,686.6,702.5,496.8,765.9,,,599.3,405.6,736.7,201.8,1548.7,,,2906.4,1116.6,1894.3,2121.7,3214.7,,,442.0,344.9,162.2,800.6,1034.9,,,2467.1,1782.9,3264.1,3788.7,2652.1,,,,,,,,,,,,,,,,,1861.1,4514.2,3315.1,3214.7,4160.2,,,1262.9,1463.2,791.6,1165.7,2100.7,,,3929.1,2165.0,4003.2,1861.1,4714.9,,,3658.1,1122.6,4612.4,4612.4,5304.3,,,2906.4,1548.7,1595.2,5174.9,3658.1,,,4934.2,2828.9,4612.4,5893.6,3722.3,,,,,,,,,,,,,,,,,,,,,,,,,,,,,,,,,,,,,,,,,,,,,,,,,,,,,,,,,,,,,,,,,,,,,,,,,,,,,,,,,,,,,,,,,,,,,,,,,,,,,,,,,,,,,,,,,,,,,,,,,,,,,,,,
20260912_松山_3R,20260912,75,松山,3,1372.8,845.1,1870.0,830.4,1055.5,,,873.1,753.9,886.1,496.8,296.5,,,579.2,848.2,1484.3,327.1,531.3,,,3492.6,1637.9,2581.4,1841.0,1115.0,,,371.6,357.6,174.6,1224.2,292.1,,,879.6,328.0,816.1,542.2,589.3,,,,,,,,,,,,,,,,,1297.7,969.3,1542.1,1164.2,1065.0,,,961.5,1405.3,961.5,1125.5,335.9,,,869.9,2283.6,1304.9,2553.7,1115.0,,,2047.3,1466.0,2761.5,3653.8,1109.8,,,1312.1,1439.3,2240.5,4241.0,2698.8,,,927.7,333.0,813.3,438.1,2012.6,,,,,,,,,,,,,,,,,145.0,100.8,182.2,91.3,65.3,,,209.8,565.4,268.3,357.6,114.2,,,159.6,367.6,319.6,299.1,112.4,,,237.9,307.6,377.5,390.6,43.9,,,85.6,267.4,206.6,256.4,88.9,,,10.6,25.8,22.9,3.9,29.1,,,,,,,,,,,,,,,,,1319.4,1319.4,1826.9,480.7,813.3,,,1604.7,2199.0,3441.9,2668.5,1696.4,,,973.3,1684.3,1799.2,1930.8,601.2,,,2423.4,3124.9,2047.3,4846.8,1522.4,,,455.8,1915.3,1637.9,2896.3,1158.5,,,818.9,1522.4,576.4,735.2,2101.7,,,,,,,,,,,,,,,,,3544.7,1720.9,3298.5,3392.8,1283.7,,,2729.8,1708.6,2968.7,5523.1,1413.6,,,1089.4,1002.0,1532.2,1785.6,144.0,,,4567.2,5937.4,5162.9,7421.7,3006.2,,,4025.3,6249.9,2638.8,5162.9,2283.6,,,713.2,700.5,116.5,1125.5,1660.8,,,,,,,,,,,,,,,,,410.8,233.7,62.9,582.1,140.9,,,1413.6,1263.2,2240.5,3893.3,1812.9,,,156.7,866.7,348.2,379.9,97.6,,,196.4,1256.5,659.7,1388.8,554.9,,,1855.4,4656.8,1312.1,2668.5,827.5,,,284.7,1512.7,174.2,475.9,243.5,,,,,,,,,,,,,,,,,384.2,99.7,241.8,164.8,372.8,,,511.8,163.9,692.4,271.4,1152.8,,,16.8,31.4,34.2,4.6,41.7,,,322.6,842.1,196.7,302.1,1405.3,,,150.9,139.0,23.1,178.5,377.5,,,469.3,1224.2,237.7,1164.2,531.3,,,,,,,,,,,,,,,,,,,,,,,,,,,,,,,,,,,,,,,,,,,,,,,,,,,,,,,,,,,,,,,,,,,,,,,,,,,,,,,,,,,,,,,,,,,,,,,,,,,,,,,,,,,,,,,,,,,,,,,,,,,,,,,,
20260912_松山_4R,20260912,75,松山,4,3024.6,3794.5,2220.2,1630.4,4259.1,,,4092.1,3661.4,1146.7,4013.4,3024.6,,,7729.6,6732.2,4440.4,7453.5,4347.9,,,2173.9,1013.1,2318.8,1605.3,2344.9,,,2108.0,4259.1,5492.1,2675.6,7453.5,,,3024.6,3794.5,4440.4,2782.6,6324.2,,,,,,,,,,,,,,,,,3260.9,6732.2,2244.0,1593.1,4743.1,,,2398.8,3937.7,525.6,1545.9,1159.4,,,6732.2,6324.2,4969.0,3937.7,4743.1,,,1213.3,419.9,2484.5,591.2,895.7,,,815.2,1038.3,2293.4,634.3,2108.0,,,4969.0,2046.0,4259.1,1459.4,3312.7,,,,,,,,,,,,,,,,,1768.6,2710.3,501.6,2268.4,1337.8,,,1192.5,1846.9,259.9,790.5,695.6,,,3260.9,2545.1,608.4,3661.4,1070.2,,,76.4,39.6,63.2,38.1,5.1,,,1569.1,512.7,1605.3,345.5,737.4,,,654.2,453.6,310.5,55.5,606.6,,,,,,,,,,,,,,,,,7196.5,7453.5,6138.2,5217.5,4969.0,,,5797.2,6956.6,6324.2,5962.8,8348.0,,,9938.1,6324.2,1320.8,7196.5,2173.9,,,5217.5,6956.6,1272.5,4440.4,1880.1,,,9999.9,9999.9,7453.5,5962.8,8348.0,,,6732.2,4743.1,2398.8,1987.6,5962.8,,,,,,,,,,,,,,,,,236.6,188.6,523.0,366.7,298.9,,,123.4,66.1,248.7,93.0,141.8,,,28.1,12.4,27.9,14.4,1.9,,,888.0,729.7,271.0,824.9,395.2,,,207.0,81.6,98.2,321.0,148.1,,,135.7,113.2,20.3,89.9,173.6,,,,,,,,,,,,,,,,,1683.0,3726.7,5797.2,2268.4,5640.5,,,855.3,1038.3,2318.8,525.6,2087.0,,,3366.1,1605.3,3069.1,628.6,1033.1,,,8026.9,5640.5,5640.5,3937.7,5351.2,,,1304.3,515.3,432.9,2046.0,891.8,,,4969.0,2426.7,2066.3,3598.2,1569.1,,,,,,,,,,,,,,,,,5797.2,3537.2,4013.4,3478.3,6521.8,,,5492.1,2108.0,4440.4,1346.4,4013.4,,,1914.6,1242.2,781.6,167.4,1830.7,,,4347.9,5640.5,1557.4,1710.6,4440.4,,,1814.7,787.5,149.8,702.6,989.1,,,5090.2,3024.6,2087.0,2608.7,1373.0,,,,,,,,,,,,,,,,,,,,,,,,,,,,,,,,,,,,,,,,,,,,,,,,,,,,,,,,,,,,,,,,,,,,,,,,,,,,,,,,,,,,,,,,,,,,,,,,,,,,,,,,,,,,,,,,,,,,,,,,,,,,,,,,
20260912_松山_5R,20260912,75,松山,5,221.9,150.2,104.0,567.4,502.6,,,158.7,79.8,149.2,827.0,316.8,,,91.8,49.5,63.3,615.3,251.3,,,50.0,87.8,51.8,484.8,285.4,,,1677.8,2650.2,2045.7,2200.1,3480.9,,,971.7,854.2,754.7,845.0,2379.8,,,,,,,,,,,,,,,,,397.3,285.4,123.5,774.8,772.2,,,1253.8,2120.1,996.6,2711.8,3380.0,,,446.7,955.8,277.3,1166.1,1295.6,,,31.3,134.7,70.0,31.2,131.3,,,1160.3,2620.4,2028.0,517.1,1850.9,,,1677.8,2650.2,2404.3,767.1,1766.8,,,,,,,,,,,,,,,,,646.0,429.5,515.9,2101.0,1027.4,,,1780.3,2680.6,1911.6,4164.6,3284.7,,,610.5,1240.5,1031.9,4400.3,2309.1,,,798.7,1177.8,1396.5,2879.2,1654.0,,,5552.8,1702.3,8970.0,5182.6,8329.3,,,2507.7,3761.6,2481.0,3284.7,4485.0,,,,,,,,,,,,,,,,,161.0,64.5,104.1,1208.3,451.1,,,400.7,1196.0,279.9,1115.8,1911.6,,,464.5,1253.8,886.7,3701.9,2045.7,,,92.6,153.6,379.8,1388.2,780.0,,,3533.6,5423.7,6303.2,4318.9,7523.2,,,1766.8,3239.1,3151.6,2242.5,4962.1,,,,,,,,,,,,,,,,,13.0,16.3,11.3,138.3,81.8,,,4.1,29.3,11.4,8.7,36.1,,,106.8,222.7,222.1,774.8,358.8,,,15.9,25.4,66.3,231.8,142.5,,,724.2,244.4,1267.5,1084.7,1005.2,,,258.8,219.3,520.5,429.5,932.8,,,,,,,,,,,,,,,,,4400.3,6859.4,8042.0,6303.2,7774.0,,,4962.1,5980.0,5423.7,1380.0,4664.4,,,7523.2,9717.5,8329.3,8042.0,8329.3,,,8042.0,7523.2,9328.8,7774.0,9999.9,,,4021.0,1302.9,5688.3,5300.4,4400.3,,,6663.4,4572.9,7523.2,7288.1,6663.4,,,,,,,,,,,,,,,,,2139.6,2179.6,1714.8,1807.9,3887.0,,,2355.7,3588.0,3761.6,1310.2,2309.1,,,3480.9,5830.5,4572.9,5182.6,6478.3,,,2454.9,5552.8,5070.0,2743.7,7774.0,,,1544.5,1064.9,3151.6,2139.6,3331.7,,,5980.0,4664.4,6137.3,6137.3,4240.3,,,,,,,,,,,,,,,,,,,,,,,,,,,,,,,,,,,,,,,,,,,,,,,,,,,,,,,,,,,,,,,,,,,,,,,,,,,,,,,,,,,,,,,,,,,,,,,,,,,,,,,,,,,,,,,,,,,,,,,,,,,,,,,,
20260912_松山_6R,20260912,75,松山,6,46.5,27.0,32.4,37.5,82.5,,,59.6,50.2,27.7,134.3,139.3,,,5.4,14.5,8.2,45.5,2.9,,,46.9,37.0,55.3,149.0,180.2,,,125.4,332.9,257.6,293.7,489.2,,,117.0,225.3,37.8,201.1,377.2,,,,,,,,,,,,,,,,,582.4,185.1,482.1,397.2,572.3,,,1434.4,2498.7,1276.8,2323.8,2904.8,,,279.3,1904.7,1375.0,1032.8,764.4,,,1161.9,1470.7,2020.7,1671.8,3183.3,,,542.9,1156.1,956.3,1351.0,1734.2,,,1335.5,4225.1,1613.7,4468.9,3468.4,,,,,,,,,,,,,,,,,824.0,434.3,286.8,1167.7,1106.5,,,1528.8,2640.7,1489.6,1528.8,3575.1,,,826.9,2347.3,1327.9,3809.5,1889.3,,,300.6,728.4,774.6,1256.1,1591.6,,,2941.5,1443.3,5532.9,2640.7,5404.3,,,2347.3,5404.3,3367.9,3873.0,5667.9,,,,,,,,,,,,,,,,,46.6,88.5,71.9,157.2,19.9,,,234.4,1122.6,925.8,997.3,608.3,,,532.9,1434.4,988.8,2868.9,1683.9,,,438.4,1391.5,1191.7,2192.3,1659.8,,,1351.0,2323.8,5164.1,4384.6,3227.5,,,156.9,602.0,1197.8,1051.5,1528.8,,,,,,,,,,,,,,,,,937.0,418.7,524.5,1859.0,1133.5,,,1343.2,1721.3,2038.4,2151.7,3468.4,,,384.1,1091.0,911.3,1508.9,1708.7,,,754.4,2702.1,1489.6,4006.6,2323.8,,,4006.6,2941.5,3468.4,4742.5,6455.1,,,2151.7,4556.5,3688.6,3938.7,7496.2,,,,,,,,,,,,,,,,,1327.9,3809.5,1969.3,3631.0,3748.1,,,1489.6,2525.9,2131.9,2347.3,3017.9,,,4647.7,3417.4,5809.6,4384.6,6455.1,,,3631.0,3140.3,8013.2,7041.9,5809.6,,,4556.5,3748.1,3809.5,6834.8,5958.5,,,4841.3,4076.9,6834.8,4944.3,8013.2,,,,,,,,,,,,,,,,,1023.7,2038.4,280.6,2003.3,2347.3,,,1559.6,4647.7,1952.8,4303.4,3688.6,,,2611.0,5404.3,2979.2,6115.4,5958.5,,,319.6,1613.7,2733.9,3468.4,3809.5,,,3688.6,5404.3,4944.3,4468.9,7262.0,,,4556.5,5051.8,6115.4,3688.6,7262.0,,,,,,,,,,,,,,,,,,,,,,,,,,,,,,,,,,,,,,,,,,,,,,,,,,,,,,,,,,,,,,,,,,,,,,,,,,,,,,,,,,,,,,,,,,,,,,,,,,,,,,,,,,,,,,,,,,,,,,,,,,,,,,,,
20260912_松山_7R,20260912,75,松山,7,2290.6,1478.2,945.2,3911.7,1324.2,,,2468.5,2067.1,606.8,2676.4,3139.0,,,1897.4,2173.1,908.0,4101.0,1869.5,,,650.2,340.8,585.8,1001.0,797.0,,,5778.6,4540.4,4985.5,3178.2,6871.9,,,1125.0,2542.6,1869.5,934.7,4168.2,,,,,,,,,,,,,,,,,2034.1,1271.3,756.7,3259.7,904.8,,,1661.8,1855.9,514.7,2034.1,1150.5,,,1290.6,2067.1,1055.0,4708.5,1277.7,,,351.1,263.2,486.1,1182.6,261.5,,,6519.5,4622.9,6201.5,4540.4,4540.4,,,562.5,761.2,782.3,310.0,2210.9,,,,,,,,,,,,,,,,,2332.6,2067.1,534.1,1842.4,2376.2,,,1790.5,2084.1,521.0,2230.3,1004.9,,,2825.1,2956.5,802.0,3063.4,4035.9,,,121.3,125.1,170.6,59.7,206.3,,,1540.9,1277.7,2825.1,476.1,3794.9,,,2856.8,1205.0,3063.4,847.5,4540.4,,,,,,,,,,,,,,,,,2210.9,2825.1,1050.6,3911.7,2173.1,,,1869.5,2825.1,1513.4,4309.5,2101.3,,,3435.9,3259.7,867.7,2794.0,5297.1,,,700.4,797.0,588.5,1359.6,1374.3,,,7704.9,9779.3,6201.5,3794.9,7478.3,,,2517.4,2468.5,4309.5,2492.7,5650.2,,,,,,,,,,,,,,,,,35.1,35.8,47.8,130.3,88.7,,,17.4,24.5,25.9,139.0,21.5,,,6.7,5.7,14.2,4.2,16.4,,,60.0,51.2,54.2,176.9,127.5,,,238.5,358.6,95.7,300.9,433.8,,,88.7,27.3,35.7,134.1,289.9,,,,,,,,,,,,,,,,,6356.5,6201.5,6519.5,4168.2,8202.0,,,6356.5,5913.0,6519.5,5297.1,6519.5,,,5650.2,6519.5,4460.7,1100.7,8202.0,,,6519.5,6201.5,5297.1,3483.0,8767.6,,,2376.2,3739.1,941.7,2492.7,2825.1,,,7062.8,5189.0,7945.7,6691.1,4889.6,,,,,,,,,,,,,,,,,1420.4,3178.2,1955.8,1100.7,4237.7,,,480.6,442.1,784.7,190.8,1338.2,,,2922.5,1428.4,3139.0,538.6,1753.5,,,2517.4,1706.4,3218.5,2084.1,5409.8,,,406.1,132.7,136.4,844.7,1216.5,,,7062.8,5297.1,5527.4,3739.1,3632.3,,,,,,,,,,,,,,,,,,,,,,,,,,,,,,,,,,,,,,,,,,,,,,,,,,,,,,,,,,,,,,,,,,,,,,,,,,,,,,,,,,,,,,,,,,,,,,,,,,,,,,,,,,,,,,,,,,,,,,,,,,,,,,,,
