race_key,date,jo_code,jo_name,race_no,1-2-3,1-2-4,1-2-5,1-2-6,1-2-7,1-2-8,1-2-9,1-3-2,1-3-4,1-3-5,1-3-6,1-3-7,1-3-8,1-3-9,1-4-2,1-4-3,1-4-5,1-4-6,1-4-7,1-4-8,1-4-9,1-5-2,1-5-3,1-5-4,1-5-6,1-5-7,1-5-8,1-5-9,1-6-2,1-6-3,1-6-4,1-6-5,1-6-7,1-6-8,1-6-9,1-7-2,1-7-3,1-7-4,1-7-5,1-7-6,1-7-8,1-7-9,1-8-2,1-8-3,1-8-4,1-8-5,1-8-6,1-8-7,1-8-9,1-9-2,1-9-3,1-9-4,1-9-5,1-9-6,1-9-7,1-9-8,2-1-3,2-1-4,2-1-5,2-1-6,2-1-7,2-1-8,2-1-9,2-3-1,2-3-4,2-3-5,2-3-6,2-3-7,2-3-8,2-3-9,2-4-1,2-4-3,2-4-5,2-4-6,2-4-7,2-4-8,2-4-9,2-5-1,2-5-3,2-5-4,2-5-6,2-5-7,2-5-8,2-5-9,2-6-1,2-6-3,2-6-4,2-6-5,2-6-7,2-6-8,2-6-9,2-7-1,2-7-3,2-7-4,2-7-5,2-7-6,2-7-8,2-7-9,2-8-1,2-8-3,2-8-4,2-8-5,2-8-6,2-8-7,2-8-9,2-9-1,2-9-3,2-9-4,2-9-5,2-9-6,2-9-7,2-9-8,3-1-2,3-1-4,3-1-5,3-1-6,3-1-7,3-1-8,3-1-9,3-2-1,3-2-4,3-2-5,3-2-6,3-2-7,3-2-8,3-2-9,3-4-1,3-4-2,3-4-5,3-4-6,3-4-7,3-4-8,3-4-9,3-5-1,3-5-2,3-5-4,3-5-6,3-5-7,3-5-8,3-5-9,3-6-1,3-6-2,3-6-4,3-6-5,3-6-7,3-6-8,3-6-9,3-7-1,3-7-2,3-7-4,3-7-5,3-7-6,3-7-8,3-7-9,3-8-1,3-8-2,3-8-4,3-8-5,3-8-6,3-8-7,3-8-9,3-9-1,3-9-2,3-9-4,3-9-5,3-9-6,3-9-7,3-9-8,4-1-2,4-1-3,4-1-5,4-1-6,4-1-7,4-1-8,4-1-9,4-2-1,4-2-3,4-2-5,4-2-6,4-2-7,4-2-8,4-2-9,4-3-1,4-3-2,4-3-5,4-3-6,4-3-7,4-3-8,4-3-9,4-5-1,4-5-2,4-5-3,4-5-6,4-5-7,4-5-8,4-5-9,4-6-1,4-6-2,4-6-3,4-6-5,4-6-7,4-6-8,4-6-9,4-7-1,4-7-2,4-7-3,4-7-5,4-7-6,4-7-8,4-7-9,4-8-1,4-8-2,4-8-3,4-8-5,4-8-6,4-8-7,4-8-9,4-9-1,4-9-2,4-9-3,4-9-5,4-9-6,4-9-7,4-9-8,5-1-2,5-1-3,5-1-4,5-1-6,5-1-7,5-1-8,5-1-9,5-2-1,5-2-3,5-2-4,5-2-6,5-2-7,5-2-8,5-2-9,5-3-1,5-3-2,5-3-4,5-3-6,5-3-7,5-3-8,5-3-9,5-4-1,5-4-2,5-4-3,5-4-6,5-4-7,5-4-8,5-4-9,5-6-1,5-6-2,5-6-3,5-6-4,5-6-7,5-6-8,5-6-9,5-7-1,5-7-2,5-7-3,5-7-4,5-7-6,5-7-8,5-7-9,5-8-1,5-8-2,5-8-3,5-8-4,5-8-6,5-8-7,5-8-9,5-9-1,5-9-2,5-9-3,5-9-4,5-9-6,5-9-7,5-9-8,6-1-2,6-1-3,6-1-4,6-1-5,6-1-7,6-1-8,6-1-9,6-2-1,6-2-3,6-2-4,6-2-5,6-2-7,6-2-8,6-2-9,6-3-1,6-3-2,6-3-4,6-3-5,6-3-7,6-3-8,6-3-9,6-4-1,6-4-2,6-4-3,6-4-5,6-4-7,6-4-8,6-4-9,6-5-1,6-5-2,6-5-3,6-5-4,6-5-7,6-5-8,6-5-9,6-7-1,6-7-2,6-7-3,6-7-4,6-7-5,6-7-8,6-7-9,6-8-1,6-8-2,6-8-3,6-8-4,6-8-5,6-8-7,6-8-9,6-9-1,6-9-2,6-9-3,6-9-4,6-9-5,6-9-7,6-9-8,7-1-2,7-1-3,7-1-4,7-1-5,7-1-6,7-1-8,7-1-9,7-2-1,7-2-3,7-2-4,7-2-5,7-2-6,7-2-8,7-2-9,7-3-1,7-3-2,7-3-4,7-3-5,7-3-6,7-3-8,7-3-9,7-4-1,7-4-2,7-4-3,7-4-5,7-4-6,7-4-8,7-4-9,7-5-1,7-5-2,7-5-3,7-5-4,7-5-6,7-5-8,7-5-9,7-6-1,7-6-2,7-6-3,7-6-4,7-6-5,7-6-8,7-6-9,7-8-1,7-8-2,7-8-3,7-8-4,7-8-5,7-8-6,7-8-9,7-9-1,7-9-2,7-9-3,7-9-4,7-9-5,7-9-6,7-9-8,8-1-2,8-1-3,8-1-4,8-1-5,8-1-6,8-1-7,8-1-9,8-2-1,8-2-3,8-2-4,8-2-5,8-2-6,8-2-7,8-2-9,8-3-1,8-3-2,8-3-4,8-3-5,8-3-6,8-3-7,8-3-9,8-4-1,8-4-2,8-4-3,8-4-5,8-4-6,8-4-7,8-4-9,8-5-1,8-5-2,8-5-3,8-5-4,8-5-6,8-5-7,8-5-9,8-6-1,8-6-2,8-6-3,8-6-4,8-6-5,8-6-7,8-6-9,8-7-1,8-7-2,8-7-3,8-7-4,8-7-5,8-7-6,8-7-9,8-9-1,8-9-2,8-9-3,8-9-4,8-9-5,8-9-6,8-9-7,9-1-2,9-1-3,9-1-4,9-1-5,9-1-6,9-1-7,9-1-8,9-2-1,9-2-3,9-2-4,9-2-5,9-2-6,9-2-7,9-2-8,9-3-1,9-3-2,9-3-4,9-3-5,9-3-6,9-3-7,9-3-8,9-4-1,9-4-2,9-4-3,9-4-5,9-4-6,9-4-7,9-4-8,9-5-1,9-5-2,9-5-3,9-5-4,9-5-6,9-5-7,9-5-8,9-6-1,9-6-2,9-6-3,9-6-4,9-6-5,9-6-7,9-6-8,9-7-1,9-7-2,9-7-3,9-7-4,9-7-5,9-7-6,9-7-8,9-8-1,9-8-2,9-8-3,9-8-4,9-8-5,9-8-6,9-8-7
20260830_前橋_1R,20260830,22,前橋,1,104.1,213.7,74.5,308.0,170.7,,,84.6,126.0,79.9,97.7,42.7,,,379.8,329.8,253.6,513.4,621.1,,,130.8,123.4,120.4,192.8,262.6,,,384.4,146.5,229.3,201.9,287.0,,,199.9,68.8,415.1,269.2,347.5,,,,,,,,,,,,,,,,,119.7,283.1,157.3,559.2,200.8,,,103.3,137.8,81.2,390.4,59.8,,,334.5,232.7,60.0,692.8,391.5,,,92.6,50.6,11.1,287.6,76.9,,,1440.2,1369.8,1335.0,1089.4,1820.5,,,224.8,85.3,268.5,121.4,842.7,,,,,,,,,,,,,,,,,59.1,104.5,75.8,78.2,27.9,,,67.8,114.9,69.3,243.7,40.9,,,292.2,222.9,194.8,567.5,167.2,,,158.5,131.3,131.2,354.2,104.1,,,215.4,525.0,531.6,459.1,152.0,,,12.9,18.0,34.3,25.4,45.2,,,,,,,,,,,,,,,,,863.5,623.9,616.6,1662.2,1164.9,,,672.8,530.9,150.3,1290.0,791.9,,,635.2,660.1,544.7,1335.0,607.7,,,545.4,108.2,387.5,826.2,713.9,,,2285.5,2982.5,2092.2,1709.5,3563.9,,,1470.4,1075.5,757.7,1161.7,2595.9,,,,,,,,,,,,,,,,,325.2,333.7,368.2,621.1,608.6,,,153.4,113.7,19.5,383.0,165.3,,,320.5,240.9,290.8,810.2,294.7,,,327.2,51.4,218.6,479.5,394.8,,,1352.2,1127.4,1387.9,1149.0,1586.9,,,549.7,358.2,299.9,474.1,1406.5,,,,,,,,,,,,,,,,,1569.1,535.7,1089.4,821.3,1262.8,,,2178.9,1869.0,2260.9,1759.5,2748.6,,,837.7,1894.3,1911.5,1902.9,654.0,,,3047.4,3311.3,2803.6,2145.6,3893.9,,,1804.9,2002.5,2285.5,1885.8,2403.1,,,1789.5,3069.6,770.2,3419.0,2445.0,,,,,,,,,,,,,,,,,233.1,99.7,588.1,394.1,563.7,,,198.0,82.8,263.0,113.9,801.0,,,29.8,31.9,52.7,43.9,97.1,,,942.9,620.2,387.9,545.4,1465.3,,,422.6,246.9,171.2,290.8,945.0,,,980.2,1551.8,473.0,1820.5,1092.3,,,,,,,,,,,,,,,,,,,,,,,,,,,,,,,,,,,,,,,,,,,,,,,,,,,,,,,,,,,,,,,,,,,,,,,,,,,,,,,,,,,,,,,,,,,,,,,,,,,,,,,,,,,,,,,,,,,,,,,,,,,,,,,,
20260830_前橋_2R,20260830,22,前橋,2,753.8,753.8,306.7,1813.1,1193.6,1844.2,,908.4,580.6,525.3,1820.8,1161.3,940.2,,633.7,366.0,406.1,482.2,932.1,1142.8,,333.6,486.6,569.1,1238.3,583.0,1127.8,,2588.6,1953.2,818.5,1609.4,3280.2,3305.4,,1665.5,1451.7,1351.2,897.1,2772.3,2192.4,,3069.3,1386.1,1844.2,1609.4,4016.0,2984.1,,,,,,,,,314.1,250.4,207.0,938.2,685.3,897.1,,162.3,156.2,52.2,367.2,204.1,75.9,,166.6,288.9,210.4,471.6,688.6,824.7,,41.7,16.5,41.0,105.2,9.2,49.3,,850.9,546.0,300.0,452.3,1685.1,1621.5,,734.5,416.3,768.7,176.4,1390.6,612.1,,842.5,103.9,671.4,209.1,1187.0,869.8,,,,,,,,,485.5,217.5,259.8,550.9,744.7,258.8,,273.7,207.9,71.2,507.9,296.9,119.8,,146.3,405.7,193.3,308.7,630.0,219.0,,164.8,64.2,150.4,344.3,99.0,82.0,,394.2,753.8,268.2,401.6,1507.7,442.5,,803.2,556.6,800.2,310.2,1732.7,616.5,,110.2,90.4,119.5,64.8,314.8,263.4,,,,,,,,,323.0,174.4,196.8,252.1,572.9,651.0,,454.2,752.5,356.3,891.5,1174.0,1860.2,,289.9,910.4,422.1,886.0,1145.9,664.1,,368.2,438.0,422.9,765.9,673.5,1408.8,,201.2,716.1,378.6,422.1,1271.3,1087.8,,1245.5,1980.2,1659.1,1399.7,2512.9,2772.3,,1326.2,3026.1,961.3,1926.9,2026.9,4384.8,,,,,,,,,141.1,280.3,358.9,916.2,274.9,655.0,,40.0,14.2,32.9,88.2,8.2,51.5,,145.8,35.0,118.2,251.5,53.9,81.8,,276.3,165.9,261.0,520.8,279.3,716.1,,1018.2,298.2,513.3,527.2,471.1,1282.7,,134.3,26.2,52.5,121.2,266.0,137.7,,629.1,162.7,165.6,691.9,763.2,260.4,,,,,,,,,1446.8,2203.6,739.6,1090.6,3672.7,3611.0,,1326.2,1597.4,1145.9,847.5,2903.4,3280.2,,1158.2,1944.4,768.7,1187.0,3305.4,1753.9,,296.7,1121.9,669.3,574.4,1828.5,1901.3,,1015.8,875.1,1302.1,957.0,1008.7,2827.0,,5371.4,5509.1,5439.4,3836.7,2285.7,6319.3,,4092.5,3493.6,2620.2,3069.3,3736.6,6227.7,,,,,,,,,2017.4,2036.5,1761.1,1161.3,4016.0,2963.5,,1534.6,912.3,1603.4,281.7,3305.4,1119.0,,1390.6,994.7,1603.4,502.5,4212.8,1471.6,,1852.2,2652.5,2441.5,1909.8,3410.4,5305.1,,643.2,183.7,316.4,791.3,1224.2,687.5,,6138.7,5654.1,6052.2,3802.7,2512.9,6714.2,,3906.4,2702.5,2335.3,4996.6,1685.1,5654.1,,,,,,,,,1768.3,1015.8,1381.7,1256.4,2845.7,2096.1,,1302.1,393.5,1678.5,386.7,1836.3,1290.4,,201.8,196.4,253.9,113.2,518.9,389.9,,1200.3,2261.6,987.8,1732.7,2106.4,3206.8,,898.9,306.2,240.0,1119.0,1040.4,443.0,,4092.5,2808.5,2017.4,2226.4,3091.4,5580.6,,3136.5,1989.4,1372.8,3357.1,1174.0,4670.7,,,,,,,,,,,,,,,,,,,,,,,,,,,,,,,,,,,,,,,,,,,,,,,,,,,,,,,,,,,,,,,,
20260830_前橋_3R,20260830,22,前橋,3,716.5,1048.3,511.5,2168.0,1107.6,824.4,,832.5,1525.4,1039.7,3465.9,908.2,1168.5,,1261.1,1732.9,709.6,3125.7,1048.3,179.5,,515.1,1029.2,847.7,1296.4,897.0,505.4,,4245.8,5363.1,4674.3,3069.2,5095.0,3184.3,,1659.6,1088.6,1431.1,1110.0,3538.1,1264.2,,873.9,974.1,169.2,464.0,1597.1,836.6,,,,,,,,,325.5,410.5,203.4,979.8,457.3,334.9,,227.8,182.4,73.9,473.0,93.0,352.8,,160.1,167.1,86.1,481.5,182.4,65.1,,37.5,18.7,20.8,10.5,17.8,33.9,,1303.0,1035.5,997.0,256.9,1014.9,1132.2,,399.9,123.0,245.8,103.5,653.2,447.7,,294.8,574.4,209.2,235.7,926.3,536.3,,,,,,,,,486.1,901.7,525.8,1562.8,483.3,644.1,,330.2,309.1,112.1,704.7,168.8,585.6,,921.3,542.5,636.0,1887.0,448.5,371.6,,408.9,119.5,449.6,390.7,173.8,486.1,,3032.7,1952.1,2426.1,1392.0,1832.7,4043.6,,249.8,139.9,161.6,104.2,490.8,164.6,,673.0,1029.2,762.7,827.1,2186.6,674.8,,,,,,,,,591.0,1061.4,306.5,1692.6,377.6,100.0,,290.6,340.1,167.5,1035.5,343.5,138.7,,1100.4,593.1,613.1,1866.3,556.2,550.2,,296.2,137.6,519.3,344.7,240.7,101.7,,3692.0,3224.6,3465.9,1813.1,3746.3,1511.8,,424.2,426.0,481.5,276.9,1826.1,225.0,,26.3,122.5,341.4,47.6,249.5,94.1,,,,,,,,,195.8,583.6,441.1,470.8,565.4,307.1,,45.0,29.4,27.4,11.5,27.8,38.0,,372.7,91.0,390.4,326.6,182.9,441.5,,272.6,113.5,383.0,245.0,302.0,124.6,,367.3,87.7,464.4,318.2,298.4,309.1,,452.4,128.8,225.8,409.5,331.2,482.9,,301.6,254.6,846.3,255.2,520.9,643.3,,,,,,,,,4761.6,5598.9,8087.3,4354.7,6979.4,6703.9,,2979.5,2392.0,4176.2,726.8,3266.0,4392.2,,4549.1,2846.3,2945.0,3014.7,3396.6,4852.3,,9098.2,5420.2,5252.5,3069.2,5789.7,4852.3,,1944.6,625.9,1922.6,1832.7,1355.0,1929.9,,7384.0,4245.8,4076.0,5994.1,2158.9,5924.4,,7960.9,7719.7,7838.4,5538.0,4946.6,6885.1,,,,,,,,,1447.4,781.4,1227.7,1059.2,2997.0,1065.9,,948.7,315.4,744.8,284.9,1859.4,1012.9,,342.1,211.8,259.5,161.3,985.4,305.0,,632.1,881.4,495.6,538.0,2509.8,442.2,,879.9,333.0,325.9,786.2,974.1,791.1,,4430.4,4108.8,2244.4,4245.8,1826.1,2799.4,,1019.0,1806.7,793.6,919.6,1095.7,3164.5,,,,,,,,,752.5,913.0,141.2,415.9,1558.1,670.3,,824.4,1787.7,659.9,752.5,2862.3,1627.7,,1388.2,2244.4,1530.0,1794.0,4317.8,1403.5,,59.0,304.7,601.5,153.4,619.8,222.9,,739.4,737.3,1633.0,520.9,1553.3,918.0,,4508.8,6290.1,6065.4,3613.4,3889.3,5724.7,,1283.3,2046.1,1139.8,924.6,1127.2,3665.4,,,,,,,,,,,,,,,,,,,,,,,,,,,,,,,,,,,,,,,,,,,,,,,,,,,,,,,,,,,,,,,,
20260830_前橋_4R,20260830,22,前橋,4,105.9,157.6,227.1,529.6,86.1,445.1,248.2,45.5,92.5,53.0,68.4,18.9,86.1,54.3,155.7,238.4,544.7,809.2,139.5,710.1,424.6,206.0,117.8,442.9,581.5,89.4,157.6,276.1,729.5,198.9,775.1,772.9,252.2,679.3,492.4,21.6,11.7,41.3,28.1,72.3,53.2,22.2,323.2,150.9,579.6,100.3,701.7,120.0,373.9,115.4,51.8,199.5,142.3,243.7,29.6,200.7,365.5,441.4,739.6,1371.0,398.8,1396.1,905.4,374.5,475.3,513.3,661.6,1029.5,1066.6,1646.0,355.7,394.4,623.0,930.7,929.1,854.6,1333.2,1077.4,805.6,1041.6,2279.1,1532.5,1437.5,3013.1,2231.4,1161.9,1897.9,2979.4,4558.2,4102.4,4407.6,966.1,1596.7,1646.0,2012.5,4678.2,4040.3,3013.1,1904.7,1814.0,1687.7,1568.5,4102.4,3531.9,3950.5,1635.9,2792.2,2141.8,3418.7,4597.5,2946.5,4804.6,57.2,123.7,59.4,65.1,34.9,87.6,80.7,112.1,161.9,140.3,164.5,279.9,285.6,433.2,267.8,116.4,370.6,422.5,682.8,579.0,908.5,113.5,132.9,312.0,178.0,259.3,110.3,455.8,85.0,124.7,274.2,131.7,213.7,179.0,301.4,174.1,376.1,779.7,408.0,553.8,660.0,546.9,119.9,213.0,395.6,67.4,192.5,376.3,620.8,179.5,618.7,896.3,741.7,442.9,615.1,921.1,479.6,770.6,1703.8,2480.5,524.4,2051.2,1437.5,394.1,374.7,613.0,1209.3,809.2,1041.6,1646.0,742.7,435.0,1339.9,1536.9,1783.6,2185.7,3333.2,1864.7,1307.1,1864.7,2898.4,3155.7,1795.6,3579.3,4134.2,2328.9,1693.0,3979.9,4134.2,1845.3,3312.5,1035.5,1789.6,2777.7,3755.7,5860.6,5333.1,5333.1,2588.9,1975.2,2576.4,2539.6,2707.2,3555.4,4300.9,2402.3,3047.5,5079.2,5734.6,6201.3,4335.9,6201.3,648.0,354.1,1101.9,1433.6,383.9,414.3,826.8,940.5,640.2,1083.9,1410.8,1498.0,1083.9,1731.5,340.3,375.5,907.0,660.0,899.3,332.4,1172.1,1625.9,1111.0,1333.2,1953.5,2259.8,1596.7,3082.7,2279.1,1754.3,1090.6,2666.5,2979.4,1953.5,2222.1,974.9,2027.8,1541.3,3440.7,3375.4,1911.5,3100.6,238.5,328.3,215.5,835.9,1079.5,708.2,1288.2,1646.0,3555.4,2539.6,4102.4,3703.6,3082.7,2035.5,1577.8,456.2,2640.1,1754.3,821.7,2051.2,1316.8,2222.1,991.3,2424.1,2777.7,4009.9,4371.4,4300.9,325.3,526.9,793.6,634.9,945.6,698.9,1049.8,3755.7,2551.7,1960.7,3678.0,5796.9,4678.2,6926.2,3354.2,3703.6,1563.9,3603.5,4102.4,3375.4,5333.1,2308.7,6425.5,2349.4,4719.6,4166.5,5442.0,5498.1,3440.7,4719.6,1303.9,3782.4,2457.6,6503.8,4102.4,2308.7,5992.3,1891.2,6274.3,4938.1,4984.2,4804.6,275.0,167.4,403.7,344.5,660.0,638.7,247.1,916.3,1477.3,2116.3,1731.5,4335.9,2851.9,2627.1,358.8,1410.8,1897.9,1403.4,1932.3,2679.9,1433.6,1092.8,3137.1,2836.8,4444.3,5177.8,5860.6,5442.0,1243.1,2269.4,1891.2,4637.5,5031.3,2962.8,4232.6,2240.8,6274.3,3065.0,4637.5,4519.6,7305.7,4892.8,2259.8,7207.0,4519.6,5992.3,3418.7,5992.3,5387.0,623.7,3251.9,1771.8,3396.9,3729.5,3836.8,4266.5,485.7,253.1,894.8,151.5,1396.1,335.4,826.8,1104.1,1195.7,1545.8,747.9,3232.2,2836.8,4071.1,207.3,347.4,641.7,121.9,603.3,743.8,1625.9,2116.3,1523.7,2240.8,1720.3,3212.7,4481.6,5031.3,106.6,171.7,95.0,513.3,767.3,365.5,877.1,2457.6,3463.1,1088.4,2979.4,1709.3,5498.1,4166.5,1982.6,4519.6,2515.6,4761.7,1918.4,4804.6,5177.8,1698.4,6201.3,3155.7,5860.6,2446.4,5079.2,5228.6,594.5,214.9,757.5,568.5,872.8,137.5,790.1,1661.4,1858.2,2503.8,3333.2,4166.5,2564.0,5734.6,336.6,1209.3,2564.0,1582.5,1167.0,1122.7,2349.4,2792.2,2457.6,3603.5,4371.4,3979.9,3652.8,5498.1,1693.0,3212.7,2601.5,4597.5,3950.5,3118.8,2867.3,1891.2,4300.9,1498.0,5555.4,3375.4,4009.9,4761.7,519.2,2480.5,1278.9,3836.8,2946.5,4266.5,3979.9,2075.1,5796.9,3652.8,5673.6,2279.1,4519.6,3836.8
20260830_前橋_5R,20260830,22,前橋,5,243.8,215.7,111.1,495.5,63.7,143.9,150.1,415.8,845.9,455.0,1039.6,777.3,224.9,703.7,301.2,712.2,278.9,1191.7,546.5,413.8,115.0,118.6,309.0,240.4,329.1,183.4,187.3,162.8,1852.6,2457.4,2944.0,1170.6,2170.4,1043.3,1906.0,132.0,722.5,550.1,330.3,968.5,356.3,392.0,194.5,214.6,443.8,221.9,178.1,355.0,316.4,264.0,682.7,194.1,270.6,744.3,396.7,379.5,136.5,120.2,65.5,348.7,32.7,69.9,79.8,242.9,414.7,731.4,810.2,188.1,144.9,486.6,184.0,427.2,733.2,815.7,154.5,249.3,100.9,336.5,1273.4,1265.3,1629.3,417.9,727.0,896.9,1336.3,1733.8,1754.2,2563.3,922.0,698.8,1497.9,22.2,69.4,73.9,101.3,196.2,30.2,39.1,76.5,89.7,179.5,337.7,117.1,56.7,128.1,131.9,373.7,95.9,483.4,556.3,107.3,173.0,624.6,1360.8,685.9,1454.0,1107.4,404.8,1002.8,569.0,881.0,1629.3,1415.9,372.6,373.7,999.4,1307.0,1273.4,3398.2,2057.7,2269.8,757.5,507.4,2488.2,3648.4,4914.8,4045.5,4129.8,2050.6,4834.9,2519.9,2488.2,2341.3,3518.9,3561.0,957.6,2596.9,1718.7,847.1,2541.4,2792.0,2988.4,1001.1,2235.7,176.0,195.8,459.9,963.8,88.6,379.9,306.5,1270.7,1647.3,834.0,3561.0,1852.6,2043.6,775.3,365.5,888.9,381.2,1327.4,559.9,494.7,150.9,260.2,606.2,1201.4,1159.2,253.0,319.2,167.0,1039.6,855.6,3340.9,1949.8,1540.6,577.3,491.8,1598.6,2596.9,3740.2,2296.1,1881.9,2139.1,1150.2,3398.2,2766.0,2805.1,3836.7,3285.6,1159.2,1262.6,713.9,505.2,1213.6,1342.4,1759.4,786.6,485.8,405.9,362.1,503.9,1238.9,369.8,540.6,211.7,56.3,84.8,165.9,257.6,214.1,129.1,118.0,644.3,1708.9,1436.4,2287.2,890.2,910.7,1052.5,976.5,2703.1,3180.2,4834.9,1122.0,2563.3,2608.3,3582.5,3938.3,7252.4,5357.6,5455.9,3518.9,7079.7,2574.4,3604.2,4795.9,3457.5,3604.2,3886.9,2278.5,5610.3,6394.5,6068.3,5455.9,4045.5,6394.5,6464.1,1982.3,1497.9,4405.1,4610.0,4574.5,3249.7,3146.5,1743.9,2519.9,2886.8,3812.1,2915.1,2818.4,2727.9,1846.8,2973.4,5216.6,2397.9,5663.7,3113.5,2678.8,3812.1,5039.8,4372.7,4217.7,4757.5,2219.0,4073.2,3303.8,3518.9,4217.7,6757.9,3539.8,1924.5,4610.0,4874.5,4045.5,3561.0,5262.8,6607.7,1937.1,4158.7,4834.9,4188.0,4757.5,5506.4,5663.7,2477.9,3787.8,6535.1,5946.9,5888.0,5455.9,5718.2,5830.3,6835.6,5126.7,4217.7,5171.2,6068.3,5610.3,3457.5,6326.5,1231.2,1150.2,1048.8,1497.9,2477.9,1689.4,1307.0,4574.5,5262.8,4539.6,3113.5,5357.6,5888.0,2619.8,165.7,943.9,711.3,636.7,1119.9,467.5,526.7,67.3,168.3,184.1,236.8,395.9,90.4,133.6,1439.9,631.9,2278.5,2690.9,3604.2,1014.8,1893.9,1321.5,579.6,2227.3,2574.4,2296.1,1273.4,773.3,1517.0,648.5,3163.2,2973.4,3561.0,2002.3,2170.4,3417.8,1704.0,4834.9,3836.7,3561.0,2131.5,3670.9,588.8,302.4,721.7,991.1,1312.7,886.2,616.9,793.9,459.9,1749.1,672.7,1573.2,1509.3,703.7,106.5,164.6,268.2,239.6,112.2,184.6,187.4,77.3,120.0,163.0,326.5,93.3,73.3,129.3,104.4,117.5,271.1,496.8,48.8,249.7,175.2,324.6,269.9,339.2,945.4,233.7,471.6,204.5,813.5,868.1,1141.4,1937.1,1089.1,1002.8,1581.6,107.3,107.6,93.6,202.7,284.5,136.5,136.8,329.1,217.4,384.6,621.4,609.9,346.5,432.8,275.0,266.2,310.3,246.5,688.3,235.7,321.9,367.0,982.9,251.0,490.2,1422.7,667.4,552.6,323.2,707.1,187.8,1036.0,1324.4,302.7,436.3,1238.9,1268.0,785.5,2886.8,2397.9,2057.7,820.2,127.6,136.1,381.9,491.0,503.9,275.5,205.4,1348.5,2043.6,3886.9,1152.5,3359.8,2397.9,2296.1,3049.7,2958.6,3113.5,1743.9,3214.5,3232.0,1835.4,962.2,543.1,1694.2,669.7,1616.0,2323.0,839.9,566.3,521.2,661.5,359.9,1327.4,720.8,668.1
20260830_前橋_6R,20260830,22,前橋,6,479.2,448.9,182.3,1504.2,204.7,1573.1,248.9,1113.9,2415.0,1731.7,4384.7,2215.9,5329.7,1873.4,618.2,1807.7,466.9,1102.0,909.1,1444.5,737.7,101.8,564.0,193.8,548.0,137.4,639.3,44.0,3288.5,4985.8,2081.6,2264.6,3769.8,5620.4,2723.5,210.5,907.8,508.8,224.3,1766.4,1717.3,363.4,4067.4,5944.7,1932.0,1938.0,5376.0,4014.6,2359.7,197.8,722.2,377.4,107.4,1080.8,287.2,1033.8,313.9,361.3,186.6,1071.4,150.3,1274.7,297.2,325.3,289.9,300.1,784.5,81.9,757.6,530.2,400.1,294.9,360.0,370.4,177.8,514.7,775.7,133.4,232.4,251.6,806.0,78.1,779.6,371.7,2169.2,1401.9,922.7,1746.4,967.5,2823.0,2664.8,41.4,21.1,53.7,39.3,170.7,229.2,123.8,2415.0,995.5,828.7,1896.4,1902.3,737.7,2565.3,534.8,926.9,1075.2,837.7,2315.5,561.0,2415.0,1534.1,3396.9,2192.3,5195.3,2597.6,4648.4,3636.7,1102.0,935.3,1214.6,2576.0,310.0,2208.0,1601.6,3434.7,1675.4,2875.5,3203.3,3864.0,5067.6,4545.9,2359.7,1932.0,2608.6,5195.3,1962.6,3341.8,4545.9,6869.4,4683.7,4040.8,5423.2,7273.5,9511.5,4683.7,2405.6,451.9,2664.8,2074.6,5832.5,3769.8,3769.8,6061.2,3271.1,5832.5,3680.0,9367.4,4384.7,7728.1,3816.3,3680.0,5109.4,4830.0,4945.9,2492.9,4792.6,397.0,1231.5,357.3,295.8,556.4,897.3,251.4,254.7,199.6,240.7,114.4,139.5,398.8,258.2,2095.7,700.1,1845.5,768.9,1565.1,2513.2,1170.9,130.7,160.1,536.6,105.3,161.0,307.1,234.1,76.3,51.9,189.8,97.8,88.0,115.6,80.1,223.5,101.5,532.9,178.2,127.8,331.6,383.0,457.9,334.0,1177.6,498.5,146.3,527.9,745.7,364.7,461.3,1005.2,590.4,247.7,981.3,1159.9,46.7,253.6,79.8,228.6,71.3,353.4,15.9,89.3,139.5,161.4,465.8,61.9,502.2,182.0,1035.5,615.1,1373.8,2930.0,1042.5,2503.0,1526.5,81.6,137.6,403.2,89.8,144.8,221.6,152.2,829.8,1053.2,2492.9,503.4,1094.2,1873.4,1312.6,102.3,53.9,323.0,149.1,386.8,451.9,259.4,648.7,1065.9,2200.1,485.6,1408.3,1132.3,1486.1,85.8,316.4,1104.0,441.2,1120.0,523.9,1364.7,4480.0,6720.0,2463.1,3864.0,5832.5,8469.1,3306.1,3792.9,2597.6,1136.4,3492.9,1987.9,4830.0,3988.7,8469.1,5239.3,3396.9,8707.7,8960.1,8960.1,6061.2,687.7,457.9,1198.1,648.7,683.9,690.0,779.6,2972.3,3271.1,6720.0,1236.4,2711.6,5724.5,5109.4,4755.7,1851.0,4792.6,1383.1,2810.2,4906.7,6244.9,6440.0,5778.0,8832.1,1175.3,6244.9,7360.1,8243.3,4868.1,5423.2,5569.8,3396.9,6182.4,7360.1,8354.7,103.5,444.1,243.2,122.2,657.0,1008.5,148.8,32.6,16.1,42.8,37.7,163.0,217.7,97.4,873.2,195.4,1082.7,907.8,1994.3,2359.7,1561.2,213.7,96.4,448.3,197.7,144.8,297.5,339.3,116.3,76.3,333.2,183.6,605.5,563.0,345.9,1597.5,707.3,2215.9,651.4,1248.9,2699.7,2315.5,2223.9,979.7,2889.0,978.2,1431.1,2760.0,2513.2,450.6,481.5,1376.9,796.7,694.6,1389.3,2359.7,5672.0,7448.7,2849.0,3840.0,6720.0,5888.0,3594.4,4906.7,2492.9,1968.9,3680.0,3636.7,2007.3,5195.3,7025.5,3453.9,5569.8,5832.5,8960.1,8243.3,8469.1,1626.9,1028.7,3015.8,1282.6,420.0,1454.7,2324.2,2862.2,3532.8,4447.8,1987.9,5239.3,2688.0,5195.3,6061.2,4985.8,7106.3,1049.6,5888.0,6577.1,6793.9,5724.5,2208.0,4149.3,2139.2,2415.0,5152.0,6373.7,5471.2,6002.4,6793.9,5239.3,7360.1,7632.7,7632.7,438.1,1703.1,1016.8,266.9,2146.6,609.7,2248.1,563.5,1475.5,1670.9,742.1,2565.3,659.8,3532.8,3492.9,2836.0,5329.7,4040.8,5284.1,4384.7,7926.2,1635.5,2027.0,3323.9,1465.0,1511.6,2523.4,3680.0,329.2,948.2,1994.3,1569.1,2916.2,1126.1,3288.5,3724.3,4121.6,4353.8,3573.6,4121.6,5569.8,7448.7,1219.4,1084.6,2653.4,2711.6,1272.1,5724.5,4868.1,5067.6,6182.4,9091.8,5423.2,6793.9,7825.9,7025.5
20260830_前橋_7R,20260830,22,前橋,7,1106.2,2453.6,773.7,2268.2,2094.9,4068.2,1013.7,1165.5,3318.8,684.6,2815.0,2397.6,3137.2,1017.0,4176.0,4850.6,2974.4,6568.5,4094.6,5630.1,3666.1,422.0,405.7,1142.3,1079.7,939.7,1916.6,117.4,3624.0,3121.6,5004.5,2174.4,4148.5,6434.4,2252.0,2892.5,3184.7,2974.4,1946.2,4926.3,5044.6,2552.9,7597.3,4741.1,5893.2,4409.6,9008.2,6708.2,4636.6,780.4,691.4,1822.4,170.9,1420.2,1487.2,2326.8,1159.1,2453.6,672.2,2060.7,1704.2,3941.1,900.8,491.1,347.8,193.1,292.2,266.0,608.6,277.4,2101.9,793.1,993.0,1063.3,953.9,3868.5,1258.6,316.8,272.6,860.2,1000.9,624.3,1756.4,173.4,1952.2,650.7,863.8,917.8,841.8,3603.3,1126.0,1469.8,621.2,850.9,699.0,1000.9,3017.1,854.4,5893.2,1612.7,5343.8,3152.8,5389.5,3644.9,2790.1,511.0,321.3,728.9,201.7,909.9,615.1,1695.1,660.9,1526.8,440.9,946.8,896.9,1289.5,527.2,252.0,138.6,81.3,128.3,120.2,312.7,107.7,1128.0,270.0,342.3,458.2,426.9,834.0,466.7,130.6,121.7,411.8,380.0,234.9,319.2,71.9,930.0,301.1,475.5,379.6,415.9,906.0,434.8,574.8,264.8,407.8,275.0,432.7,637.5,313.2,789.2,361.9,775.6,302.1,631.8,474.1,306.2,187.3,86.8,255.5,51.9,251.3,181.8,250.1,3821.6,4379.0,2718.0,5343.8,2777.8,5389.5,3503.2,2166.9,1251.1,1713.5,1946.2,1838.4,4670.9,1922.4,2594.9,1126.0,1449.6,1663.7,1659.4,2660.6,1519.4,1313.7,1480.2,1708.8,2293.0,2605.6,4409.6,985.2,4705.8,2532.4,2706.3,2932.9,2406.7,4379.0,3644.9,3798.6,2482.5,2542.6,3002.7,2627.4,4777.1,3464.7,6929.4,9852.7,4741.1,8189.3,7418.5,8084.3,4888.2,1077.9,791.1,748.9,1045.7,1333.1,2021.0,1580.3,98.2,96.5,349.5,345.7,236.5,547.3,33.7,130.8,134.5,488.8,548.8,345.7,959.7,75.6,90.5,81.3,488.4,355.0,273.8,318.3,54.3,783.3,973.1,977.6,1433.1,1350.2,2616.5,506.8,867.3,1120.0,956.8,1629.4,1316.4,2960.4,566.0,586.0,665.1,676.5,1398.1,1534.2,2301.3,355.0,1241.2,1616.8,720.6,2840.4,2453.6,2542.6,603.4,9.2,23.1,18.2,113.2,114.9,74.5,174.0,4289.6,4016.4,7085.1,2694.7,5580.3,7506.8,2765.6,3233.7,1108.2,1677.0,2318.3,1781.2,6243.3,2181.9,2573.7,985.2,1436.3,1459.6,1392.0,2694.7,1321.9,6637.6,2946.6,3017.1,3464.7,2683.3,6305.7,4379.0,1946.2,2406.7,1817.2,3184.7,2892.5,6122.1,1234.0,5732.5,3267.2,2974.4,3091.0,3753.4,5680.8,3644.9,9554.2,9008.2,3709.2,8638.0,7784.9,6305.7,6122.1,2001.8,2040.7,1243.7,3503.2,942.5,2584.3,4289.6,2718.0,2718.0,3168.7,1976.7,3868.5,4094.6,2260.1,2101.9,1404.4,1766.3,1263.6,2344.1,2879.3,1584.3,2228.1,1382.8,2276.4,1353.1,2532.4,2563.3,1473.3,3709.2,2453.6,2605.6,3372.0,2765.6,5211.3,3644.9,1459.6,1423.4,1234.0,2905.8,3168.7,3965.9,870.9,4536.5,3017.1,3031.6,2815.0,3408.5,5168.6,3644.9,7332.3,5732.5,3892.4,7085.1,4813.5,5630.1,3301.4,2074.2,1584.3,1404.4,2777.8,907.3,3233.7,3091.0,8297.0,4348.8,6500.8,4068.2,9008.2,7597.3,4926.3,6500.8,2252.0,6708.2,4777.1,6854.1,5298.9,4504.1,1976.7,1286.8,2335.4,1074.2,2108.9,1876.7,622.4,8297.0,8638.0,6005.5,8881.3,7689.9,8407.7,8084.3,2741.6,4888.2,1534.2,6929.4,7689.9,4319.0,1751.6,9999.9,8084.3,4148.5,7085.1,7982.0,5211.3,6568.5,8881.3,8297.0,3582.8,6708.2,4602.7,6122.1,3731.2,3267.2,3542.5,864.9,4926.3,1576.4,4888.2,3267.2,269.5,219.9,698.3,71.2,534.3,593.7,968.6,163.1,80.9,221.6,81.3,276.5,209.9,609.2,91.3,44.2,139.2,32.3,136.6,94.3,149.9,607.4,340.4,308.3,435.4,637.5,800.2,943.9,7.9,26.1,17.8,115.3,106.8,73.5,171.4,566.5,615.7,433.0,888.1,401.6,798.2,1401.2,635.6,533.0,430.1,806.3,318.1,796.1,1294.8,1157.0,749.7,225.6,1370.8,491.1,1356.0,1154.9
20260830_前橋_8R,20260830,22,前橋,8,263.0,773.4,140.6,826.3,122.1,1497.4,114.9,388.6,483.1,182.3,1196.1,134.3,585.3,245.2,1459.0,772.6,704.9,3463.6,609.0,2805.0,1120.4,70.4,62.0,211.0,387.2,11.9,516.2,41.1,2302.4,2421.3,4948.0,1552.9,1223.7,4450.4,1219.9,63.8,41.8,157.8,16.3,250.8,314.1,31.5,5010.3,2561.5,4948.0,2756.5,5570.8,1919.6,3029.0,93.4,138.0,447.5,74.4,268.6,63.0,824.6,323.1,824.6,175.8,729.5,139.2,1694.9,123.9,628.7,987.1,903.2,1754.7,973.8,931.7,499.1,1670.1,1345.6,2096.4,4401.3,2295.7,4917.5,1218.1,200.5,574.7,1044.0,1609.3,513.9,2961.4,339.7,2090.9,2153.0,4192.8,3278.3,2824.9,5690.2,760.8,302.2,810.4,1526.1,718.3,1514.5,2529.0,402.3,5690.2,3943.7,9156.7,7112.8,7966.3,5310.9,2855.3,57.0,131.0,292.6,133.1,96.7,118.4,687.3,622.8,584.4,301.0,1827.1,271.8,575.1,421.7,763.7,1086.8,978.6,2553.3,1299.5,1185.4,628.2,333.1,789.5,481.3,1216.2,465.3,201.7,342.0,294.5,940.5,686.7,2737.5,468.3,466.6,789.5,4578.3,3963.3,3621.0,4500.7,5532.2,4260.0,2497.2,465.5,1540.8,1477.9,702.5,3943.7,879.2,931.7,692.1,1194.3,596.7,724.2,1938.2,851.1,891.0,451.3,513.2,643.4,848.3,964.4,733.5,696.9,2578.1,1089.7,1361.7,5901.0,1210.6,3540.6,2212.8,2392.3,2225.2,2939.6,6867.5,3757.7,6867.5,2225.2,526.5,1483.4,908.3,1750.8,1027.9,420.8,518.6,1713.2,3111.8,1246.6,5814.8,3448.6,7515.4,3333.2,8659.1,8851.5,4948.0,9372.2,9999.9,7887.5,5731.2,2141.5,4741.8,2363.9,4170.8,6272.7,5857.6,3924.3,4857.5,9999.9,1870.0,9999.9,9999.9,8566.0,7308.6,1568.1,1327.7,993.3,2182.5,1865.6,2664.3,4283.0,72.5,45.1,182.7,456.5,10.1,419.7,60.8,151.9,337.4,841.2,1387.8,276.3,2545.1,226.4,136.8,458.6,383.7,1606.1,223.9,349.5,420.8,593.1,1327.7,464.7,3099.7,1014.8,3136.3,1642.5,3099.7,4917.5,3757.7,5857.6,3099.7,7176.9,2855.3,43.5,402.1,230.1,783.3,1405.0,1192.5,322.5,3029.0,6988.0,1947.7,8298.3,7445.2,3419.0,4401.3,98.1,187.3,261.7,762.3,445.2,190.9,1878.8,4127.6,5649.9,9999.9,4658.7,3793.5,9999.9,2282.6,4948.0,4260.0,7810.1,8298.3,6476.7,9957.9,1338.8,5649.9,4828.1,4106.3,8212.7,8212.7,9483.7,3319.3,9999.9,3688.1,2728.2,8212.7,8566.0,9715.0,3087.7,5901.0,9999.9,8659.1,9372.2,6322.5,9999.9,5857.6,4353.2,8851.5,7734.3,9598.0,6476.7,8950.9,4658.7,9999.9,9999.9,9999.9,9999.9,9999.9,9999.9,9999.9,1469.8,814.5,1343.4,2079.9,2875.9,2200.6,4828.1,175.6,114.4,382.0,55.7,528.2,679.7,100.2,431.0,1136.4,2466.3,972.6,3111.8,3124.0,663.8,363.5,1347.9,1758.5,795.8,3556.4,1456.3,924.1,1475.2,3924.3,2237.7,3333.2,6127.9,5206.7,3556.4,97.1,706.8,461.2,1427.6,2200.6,2250.3,554.3,2329.3,6175.4,5346.5,8212.7,4604.8,6751.1,3433.7,3291.8,7242.1,4686.1,7810.1,5731.2,6927.2,4237.4,256.8,514.9,696.3,2069.1,616.5,1380.6,2421.3,9999.9,5382.6,7810.1,6808.8,9999.9,6223.7,7887.5,8754.2,6808.8,9999.9,9999.9,9999.9,7587.0,5772.7,3540.6,5610.1,2309.0,4887.3,7176.9,4192.8,3775.5,7887.5,9999.9,2805.0,9999.9,9999.9,8851.5,9156.7,8298.3,9999.9,5419.3,9999.9,9999.9,7734.3,9999.9,9999.9,9999.9,9999.9,9999.9,9999.9,9957.9,9999.9,7810.1,9999.9,5494.0,9052.7,6751.1,9999.9,8212.7,7308.6,6322.5,4023.4,9999.9,9999.9,9999.9,7242.1,70.7,115.0,349.7,76.7,128.7,60.1,781.0,32.1,69.1,191.5,76.5,45.4,71.6,473.0,216.5,208.5,415.3,322.9,318.9,291.2,431.0,791.1,441.3,369.6,1098.8,557.0,1075.0,2282.6,82.8,130.7,216.3,625.3,256.1,173.6,1562.0,162.8,128.8,192.0,396.3,268.6,222.4,932.8,132.7,226.1,238.8,841.2,275.1,299.0,1451.0,2578.1,1709.5,1856.9,4713.8,3588.4,2219.0,2907.4
20260830_前橋_9R,20260830,22,前橋,9,209.9,145.5,331.3,774.6,157.3,1549.3,536.0,459.6,602.2,579.4,2203.4,1282.1,2735.8,1887.0,92.9,203.0,224.9,95.9,260.9,1171.8,688.4,655.9,735.9,628.4,2164.5,1275.4,1350.3,2170.9,1946.9,2967.5,864.8,2647.3,3391.4,4717.6,3956.7,425.1,1232.7,678.9,1116.7,3003.8,3423.0,929.2,4778.9,4778.9,3873.4,4229.6,8975.0,6751.8,6942.9,1731.6,2520.3,2210.0,2991.6,5110.7,2102.7,5219.5,78.7,45.4,112.8,336.3,52.2,659.4,181.4,105.8,126.2,50.5,470.5,74.9,545.5,233.8,38.9,102.7,93.0,79.4,49.5,550.8,168.2,136.0,55.1,132.5,456.8,58.3,176.4,157.0,814.1,1027.8,399.9,1074.3,632.8,2210.0,1409.8,25.3,22.7,20.2,18.0,134.8,186.0,5.7,1867.8,1569.1,1830.7,1057.4,2216.7,987.8,1752.2,369.4,373.9,385.1,334.6,991.8,83.5,1077.5,452.8,634.4,550.8,2114.8,1079.1,2278.4,1896.7,287.5,324.0,160.0,1192.7,231.1,1036.5,705.6,438.3,419.8,347.1,725.7,875.0,1817.1,1711.5,324.0,104.0,208.7,981.2,273.5,95.6,640.5,4043.6,2841.5,2223.4,3285.4,7286.6,6630.1,5533.4,1635.4,582.7,1418.0,724.3,4487.5,2314.3,1210.4,3643.3,2852.5,4181.5,1177.5,4088.6,3028.6,3853.1,3407.1,2236.9,3423.0,2715.6,5794.8,2756.3,3893.9,71.4,137.0,165.3,52.7,158.7,832.5,484.8,87.8,224.4,244.0,149.2,118.7,1079.1,436.5,336.3,438.8,423.2,557.1,856.7,2216.7,1526.8,381.5,515.0,524.1,541.9,675.1,1309.5,1536.4,141.3,188.4,373.3,337.7,378.5,976.0,729.3,457.9,387.1,1188.9,789.6,689.0,2389.4,848.8,2573.2,4433.4,5411.4,3999.7,3391.4,6132.9,5451.4,1760.6,1957.3,3914.6,3041.1,2292.6,2250.6,4687.5,699.5,720.1,801.6,2250.6,1264.5,1025.0,2090.7,402.8,145.2,403.2,1318.9,120.8,252.9,314.6,343.2,102.5,297.9,1243.1,264.7,89.7,581.7,682.7,651.2,636.6,967.0,1072.8,1032.1,1931.6,3999.7,3735.7,3185.9,2314.3,3774.1,5451.4,4873.8,929.2,277.4,521.9,1113.3,2591.3,704.9,636.0,967.0,562.2,338.8,1162.6,2397.2,843.9,1226.5,2991.6,1383.3,1911.5,2863.6,3698.2,1526.8,1896.7,2991.6,5575.3,1460.2,5935.0,6512.8,9683.5,6082.2,3079.2,3145.0,1360.3,4278.7,3270.8,9812.6,6132.9,5935.0,4088.6,2666.4,6455.7,9999.9,9999.9,9683.5,1008.1,1164.4,2151.9,1978.3,2223.4,4066.0,3391.4,6942.9,6690.4,6690.4,3199.7,6082.2,9999.9,8658.2,7999.4,5075.5,9999.9,4205.4,6290.1,9999.9,6814.3,9999.9,9999.9,9999.9,8177.2,9999.9,9999.9,9999.9,9683.5,8975.0,9945.2,7666.1,8269.1,9315.8,9999.9,453.4,1352.8,839.1,1365.4,3300.2,3625.3,897.5,113.6,98.0,102.4,61.3,489.0,492.9,13.6,1703.5,551.2,1739.8,930.4,4778.9,3471.4,1144.5,911.9,491.2,1631.8,1249.4,1691.8,3227.8,1101.7,1665.0,342.9,846.8,1370.4,3066.4,1457.3,608.7,4939.2,2777.1,5617.9,2943.8,3439.0,6814.3,3833.0,7145.1,2852.5,4542.9,5617.9,3092.2,7433.8,2777.1,777.9,98.2,688.4,843.0,491.6,2183.8,1409.8,7666.1,9085.8,6690.4,6630.1,9999.9,9999.9,9999.9,5983.3,7009.0,8557.5,4841.7,9999.9,5887.6,9199.3,6751.8,7076.4,8459.2,2428.8,6290.1,9557.8,9999.9,6399.5,9812.6,9999.9,7286.6,7746.8,9557.8,9999.9,6184.4,4181.5,2203.4,6236.8,9945.2,4906.3,8975.0,9999.9,9999.9,9999.9,9435.2,9999.9,9999.9,9999.9,9999.9,8658.2,8459.2,9999.9,5661.1,9999.9,8658.2,9999.9,9999.9,9999.9,9999.9,9999.9,9999.9,9999.9,2600.5,4841.7,4380.6,5840.8,7145.1,3572.5,9435.2,1650.1,1603.3,2084.8,1760.6,3407.1,423.6,4687.5,5533.4,2628.3,5983.3,4571.1,8761.3,4657.9,8761.3,3956.7,3213.7,6032.3,5411.4,5006.4,3345.2,8761.3,6032.3,2705.7,4542.9,5451.4,6814.3,2591.3,6399.5,8269.1,6399.5,7286.6,6132.9,6082.2,6878.0,9999.9,2453.1,399.1,2808.9,2358.8,1863.1,5983.3,5075.5,9999.9,9435.2,9999.9,9999.9,7829.2,9999.9,6630.1
20260830_前橋_10R,20260830,22,前橋,10,222.8,391.6,59.4,634.0,149.3,92.8,168.2,580.2,2210.5,1090.4,2721.1,1738.3,880.2,602.8,821.3,1985.0,1368.8,3255.4,1525.1,974.1,974.1,222.9,893.4,1421.0,1548.8,641.2,512.4,769.7,2355.9,3825.8,4454.0,3353.0,4544.4,829.7,3552.5,315.5,1430.1,1198.4,719.6,2746.1,725.4,1101.1,66.7,228.1,406.0,157.8,87.3,330.7,119.1,315.3,230.9,655.3,560.2,1522.5,805.0,334.9,191.2,261.8,33.8,523.5,69.9,61.3,112.4,439.4,801.4,181.8,1573.3,379.5,689.1,247.0,433.9,509.2,146.4,1812.2,224.5,644.0,185.6,15.2,34.4,52.0,147.6,8.2,29.4,17.4,2289.6,2754.6,3730.2,1131.8,1689.1,1458.0,2696.5,37.9,103.3,84.7,8.0,379.3,92.9,42.4,145.1,460.0,666.1,142.7,422.2,250.1,300.1,152.0,97.8,193.4,57.3,885.5,107.6,228.9,1615.9,3892.4,2116.4,5235.4,2887.9,1794.0,1362.6,1229.7,2025.4,840.6,3566.7,1477.3,1819.6,682.8,3595.4,3034.7,2935.2,6049.0,4222.8,4638.6,1044.6,2729.4,1330.2,3699.3,5001.4,2974.2,2255.0,1689.1,8863.9,6834.0,8366.8,6217.0,9999.9,8289.3,5560.5,3220.3,2565.1,4498.7,3524.6,9999.9,4736.7,2413.0,2215.9,3163.4,5595.3,2780.2,5204.9,4544.4,1950.4,584.3,379.1,506.6,600.0,1595.8,1029.0,680.2,1299.3,2337.4,1689.1,3639.2,1610.1,1070.8,1375.1,754.2,805.0,269.4,2536.1,433.7,1059.4,309.3,2935.2,1797.7,2368.3,3926.5,2797.6,3220.3,713.3,2400.1,880.2,2479.9,5145.1,2136.6,2763.1,1532.9,7338.1,7338.1,6886.5,7105.1,9423.7,3566.7,6487.3,1804.9,693.4,2664.4,1745.1,4687.1,2343.5,1193.6,1340.2,1758.8,2944.9,2565.1,2194.2,2897.2,1494.5,592.0,233.5,141.4,519.8,1933.5,641.7,693.9,478.4,2126.4,2528.9,4498.7,1348.2,1548.8,1728.2,140.1,228.1,353.4,668.1,99.6,239.3,155.7,2688.4,1007.0,3552.5,5775.8,2514.7,2842.0,1734.9,3315.7,1203.2,3365.6,5702.2,3220.3,4662.7,2602.4,8691.7,4787.4,8691.7,9135.2,7049.2,7717.7,9999.9,1238.2,297.1,1827.0,2452.7,4050.9,2067.5,1336.2,2039.3,1087.7,2815.2,4431.9,3943.8,2466.2,2126.4,1985.0,673.1,1282.5,2380.9,5266.2,1613.0,2020.8,6534.7,7278.4,9731.0,8065.3,8863.9,1535.5,8608.2,6049.0,6681.0,9042.9,5086.6,6349.3,4454.0,9999.9,8526.2,8526.2,6349.3,9947.2,9999.9,9999.9,9423.7,9999.9,9999.9,9999.9,9837.9,9999.9,7105.1,9999.9,9999.9,8289.3,9999.9,9999.9,8863.9,9999.9,9999.9,9999.9,7784.8,9999.9,9999.9,8952.5,9325.5,9999.9,1423.2,3581.0,6731.2,5057.9,5738.8,6131.8,4839.2,9999.9,9999.9,8213.3,9999.9,9626.3,9999.9,6731.2,405.8,1869.0,1598.6,894.3,3443.2,958.5,1299.3,144.2,308.1,264.1,30.2,1259.1,383.7,145.9,2283.8,1551.5,3825.8,2199.6,7278.4,4431.9,1679.6,1645.6,724.9,2833.0,1482.2,5458.8,2954.6,1119.0,1082.5,189.3,1368.8,1869.0,3404.0,1578.9,1090.4,6534.7,5115.7,8863.9,9999.9,5738.8,5297.3,8289.3,1482.2,1280.7,3417.0,3609.8,1941.9,2486.8,2002.8,1578.9,492.1,809.4,1354.3,1016.1,6049.0,1884.7,121.3,365.5,488.6,305.4,126.0,426.9,218.1,226.3,1005.9,1124.6,383.8,598.4,564.4,605.3,1458.0,2426.1,4367.0,2550.5,2746.1,3961.3,1604.3,1245.1,1925.2,3730.2,3220.3,2238.1,3430.0,1724.9,927.7,756.1,2077.1,3566.7,1489.6,1477.3,2016.3,470.4,845.3,1980.6,1645.6,1432.4,1676.5,1216.3,1269.8,1200.0,3163.4,2944.9,1963.2,2260.7,2146.8,683.4,907.9,974.1,1455.6,1695.5,1375.1,1954.7,460.5,310.6,710.5,791.5,2500.7,1167.2,519.5,306.4,163.8,317.5,162.0,1615.9,295.7,473.4,175.1,105.2,128.3,200.7,760.6,389.5,249.9,426.7,211.3,106.3,406.1,1414.3,580.2,489.7,981.6,486.2,582.8,1054.4,2771.6,1223.0,1458.0,5526.2,4591.0,3609.8,6534.7,4454.0,7162.0,3745.8,1430.1,573.1,798.6,1221.3,1101.1,4567.6,1660.9,691.3,802.1,763.8,1221.3,1470.0,1578.9,1584.5
20260830_前橋_11R,20260830,22,前橋,11,83.2,358.1,364.2,277.9,108.8,448.8,252.3,46.9,106.3,106.4,318.2,28.2,52.6,68.5,593.2,306.2,880.7,1532.2,311.7,964.1,304.6,787.3,341.6,990.6,1696.0,151.7,1339.3,939.0,1180.5,1258.3,2607.8,2786.3,1366.7,3228.3,2916.5,41.2,19.0,91.4,19.8,294.4,134.2,72.1,738.3,171.1,903.6,1071.1,1926.3,363.1,611.1,315.2,141.9,180.3,542.4,1200.2,178.5,476.9,130.5,536.2,567.7,353.6,166.6,631.2,372.1,119.2,331.5,542.1,207.3,205.6,198.8,290.9,867.6,643.8,1659.9,1208.0,928.7,1639.5,463.4,1331.7,1214.2,2103.8,2334.6,866.8,3284.9,2261.3,369.0,225.7,721.8,934.3,283.1,939.9,533.7,200.3,278.8,729.1,363.4,516.9,1091.1,656.5,1144.5,496.6,1914.5,2690.2,1817.8,1674.7,1354.8,617.1,506.6,407.2,1605.8,1189.5,796.7,1278.9,57.4,115.4,89.2,348.2,27.1,47.8,86.8,78.6,205.3,277.8,124.9,146.6,103.3,165.0,201.5,293.1,487.6,696.0,327.1,213.4,192.4,327.1,597.0,745.9,1309.3,328.2,375.5,810.5,792.0,568.4,1044.8,1414.2,1121.2,825.5,1350.9,49.8,201.3,290.7,98.7,816.9,124.4,248.1,37.1,65.4,105.4,104.5,355.2,65.3,80.1,135.0,208.5,93.7,454.0,706.0,219.6,132.7,1140.3,684.3,1724.1,3039.6,703.3,1674.7,617.9,1238.3,927.8,2586.2,2157.1,1418.5,2239.7,543.6,547.8,711.4,1113.2,1636.7,782.1,758.6,430.4,3404.4,4522.7,2457.2,5888.1,2476.7,5411.6,2496.5,5443.0,4142.5,3614.7,6325.7,6001.3,4522.7,3884.6,991.7,1736.9,1145.9,1547.4,3404.4,2213.2,1019.8,2557.9,3110.3,1372.7,4217.1,4979.8,2991.0,1589.4,323.1,273.2,206.5,804.3,1137.5,353.8,724.0,1926.3,1203.3,2142.3,4294.5,544.9,3228.3,2496.5,2388.2,2162.1,3367.6,4334.3,1962.7,6593.0,4018.0,1322.3,1918.4,2266.8,3715.1,1111.8,2066.6,2729.4,4018.0,5006.4,3049.5,5639.8,3836.9,5888.1,4294.5,7550.0,7673.8,5743.6,7801.7,4566.8,9854.8,9002.0,442.8,1228.6,768.6,1872.4,2769.8,2845.6,2089.7,3546.2,9362.1,2854.3,5088.1,9999.9,3628.7,6079.2,4160.9,5779.0,3600.8,3900.8,9362.1,3217.2,6412.4,2438.0,3587.0,7550.0,5888.1,3367.6,8212.3,6934.8,1476.6,1157.2,2364.1,3039.6,1616.9,3059.5,2564.9,3184.3,2062.1,2962.6,4752.3,3379.8,4052.8,4479.4,8916.2,5411.6,4953.4,7039.1,7611.4,8070.7,5814.9,7611.4,7146.6,8832.1,9362.1,4927.4,9999.9,9999.9,3600.8,2962.6,4704.5,6001.3,3821.2,8434.3,8511.0,9089.4,6079.2,5888.1,8511.0,9999.9,9854.8,9553.1,9269.4,6200.0,5230.2,6986.6,9999.9,9999.9,9178.5,85.1,42.2,163.7,28.3,405.6,252.4,144.3,234.2,386.0,983.4,488.8,1051.9,1327.9,813.3,91.4,382.2,532.5,166.0,1293.1,401.9,468.5,676.9,1686.8,987.5,1176.1,2981.5,2346.3,1194.1,108.4,438.3,218.8,697.6,1051.9,870.0,671.6,1753.2,2364.1,2509.9,3790.3,2431.7,5230.2,5033.3,751.3,2250.5,726.3,2075.8,1307.5,4544.7,1486.0,409.3,1082.3,638.1,761.1,809.1,3532.8,1639.5,1395.2,311.6,1600.3,1578.7,3628.7,606.3,1144.5,1662.8,819.7,2667.2,3642.8,2192.5,2667.2,2208.0,109.2,207.8,360.2,376.7,880.7,226.8,212.1,2457.2,3404.4,1160.1,3642.8,4825.8,2713.6,1814.3,3141.6,5963.1,1910.6,5349.7,8832.1,2972.0,4728.3,7673.8,5201.1,3284.9,5606.0,9651.6,7489.6,7430.2,1006.6,2586.2,726.8,2364.1,1121.2,4374.8,2147.2,1186.5,1746.6,605.5,1003.4,2489.9,3628.7,1793.5,470.9,212.3,261.8,762.3,1776.4,253.0,740.6,584.7,403.8,351.9,1479.0,1208.0,714.1,1235.1,153.8,242.9,131.1,457.8,807.0,245.2,224.8,137.5,134.9,77.9,353.1,577.1,137.4,446.4,1769.7,2370.1,1474.3,1592.1,4953.4,1009.9,3519.5,3657.0,2622.4,2197.6,2698.0,4458.1,3836.9,5088.1,288.8,734.8,362.4,371.0,483.8,2009.0,1214.2,972.1,1420.6,396.8,807.7,2213.2,3039.6,1278.9
20260830_前橋_12R,20260830,22,前橋,12,98.1,207.5,272.4,384.7,162.1,477.5,88.5,76.6,143.5,185.9,775.6,101.6,157.4,57.4,308.3,262.8,485.0,1510.5,274.0,786.7,205.5,436.5,418.2,512.3,1830.9,475.8,1176.7,151.6,1440.5,2438.2,2772.4,3121.8,3071.4,3984.2,1892.8,246.9,198.2,274.8,400.4,1285.6,797.4,168.8,732.7,350.7,912.0,1071.9,2445.2,969.5,436.9,43.2,33.6,78.6,18.6,432.6,56.1,211.9,136.3,254.9,340.6,376.5,207.9,541.3,111.9,106.8,130.3,230.0,250.6,105.8,160.1,143.3,334.6,240.5,450.8,448.5,261.4,718.6,314.8,670.1,589.2,750.1,1203.2,675.7,1385.6,407.0,420.9,329.3,392.6,667.1,334.8,852.2,405.3,304.4,205.3,258.3,437.7,406.9,718.7,283.5,857.6,241.8,941.4,1153.3,1313.7,934.2,813.3,141.9,235.4,351.8,100.7,513.7,252.9,689.0,98.0,172.5,252.8,910.3,134.0,149.5,82.0,94.7,128.1,256.2,326.7,93.6,125.4,141.2,197.6,161.3,368.4,1017.0,136.5,190.5,228.3,687.2,629.9,793.5,2691.7,635.6,601.1,403.3,3001.2,1496.0,2759.0,3506.1,2295.8,1935.7,2554.9,130.1,101.1,114.7,245.3,710.4,117.3,142.4,132.1,109.7,140.4,235.3,776.5,115.7,121.6,140.7,210.8,292.3,176.0,1186.1,224.7,206.3,344.1,271.8,563.3,1723.0,308.0,884.6,190.4,306.1,217.5,466.4,654.3,244.6,811.6,276.3,202.5,167.1,364.7,1078.7,158.2,314.6,226.0,1014.6,973.6,830.1,2704.4,946.1,2012.0,589.3,3557.2,1910.8,2786.0,3699.6,2832.2,3557.2,3587.0,281.0,235.4,200.5,501.1,1249.8,671.2,259.5,1171.5,1123.3,548.3,1821.2,3165.2,1006.3,1199.4,243.0,374.8,324.5,223.6,1940.1,342.8,1099.1,1183.2,1128.9,1401.0,4215.1,1279.3,2656.1,355.2,1269.3,1068.2,1406.1,3261.9,1489.5,2741.3,809.8,1239.0,1092.8,1494.0,4911.5,1361.9,1501.3,816.2,1753.0,1737.0,1624.7,5117.4,1734.3,3660.0,1140.2,7987.0,7121.8,7227.2,7480.2,7121.8,9656.6,5706.9,1721.2,1716.9,1581.8,1850.8,5034.5,3707.6,1019.2,3871.4,3609.7,2167.7,4084.1,8419.8,4338.1,2723.8,226.2,445.9,491.9,583.1,2133.8,490.7,1321.4,3054.9,6948.1,8610.7,8119.8,8062.4,9999.9,5102.1,1982.8,1687.3,2128.5,3453.0,1891.7,4143.6,2619.5,6498.9,2723.8,5275.4,8632.5,5774.4,6170.5,6283.9,9264.1,3617.4,6864.4,8482.5,6796.1,8297.2,9999.9,9937.4,7699.2,9999.9,9214.2,9999.9,9999.9,9365.6,8610.7,3071.4,6192.8,6307.1,8632.5,9999.9,8358.1,9999.9,8139.2,7480.2,8358.1,9999.9,9999.9,9999.9,6061.1,5179.5,6536.2,9999.9,6413.6,9140.2,9999.9,494.1,424.8,546.1,886.7,2853.4,1505.2,290.7,483.5,339.4,441.3,798.3,1028.7,1167.9,516.5,246.8,213.3,237.0,449.3,1258.1,348.1,304.1,460.6,398.8,313.7,771.4,1782.3,927.1,436.4,1458.3,1389.6,1106.6,1452.1,4184.1,2717.3,898.6,5291.7,2328.6,3453.0,3663.9,5148.3,6906.0,5117.4,2045.7,1644.2,643.5,1353.3,2123.2,4702.1,1436.9,393.8,611.3,528.6,633.8,353.2,2619.5,1360.8,1047.9,473.6,1340.5,1678.1,4360.2,1424.3,722.8,1149.8,442.3,1320.3,1508.5,2513.5,1223.5,1094.9,216.8,131.2,167.5,291.8,1233.2,178.2,154.1,1563.8,1364.6,637.8,2309.7,4289.1,1287.0,1568.8,3060.4,2317.6,1216.1,2985.5,7987.0,2513.5,1873.1,8589.1,5400.4,3271.2,3768.9,8856.1,7613.5,8654.3,1838.8,1462.1,594.9,1340.5,2079.3,5117.4,1557.3,897.7,1178.3,530.0,1653.0,580.0,5087.0,1295.3,73.1,71.9,116.5,23.0,642.6,88.6,221.5,192.8,315.4,507.6,155.9,1151.7,373.6,1040.9,189.4,315.0,441.4,208.1,1754.8,359.9,505.4,295.0,517.7,505.8,303.1,3082.4,480.6,1601.1,56.5,110.6,117.1,127.0,1037.1,112.4,294.9,2916.7,3391.3,3740.1,5774.4,3302.8,5140.5,8378.6,267.6,418.3,417.9,465.1,242.6,2269.9,1132.3,886.5,1518.6,714.5,1813.5,799.8,5071.9,1469.6
20260830_川崎_1R,20260830,34,川崎,1,739.1,1471.8,1064.5,1744.9,593.8,,,516.0,239.7,169.2,714.1,285.4,,,1446.6,458.6,1084.9,1763.1,776.4,,,638.7,201.2,608.8,240.7,339.1,,,2729.9,1781.6,2256.7,1151.4,2350.8,,,406.8,366.3,641.1,505.2,1235.4,,,,,,,,,,,,,,,,,619.9,1032.0,1032.0,1398.8,417.9,,,360.1,104.6,551.3,213.4,93.8,,,859.1,235.0,1253.7,656.0,302.2,,,1253.7,1044.8,1781.6,1200.4,859.1,,,1709.6,575.7,1078.0,1567.2,593.8,,,186.4,62.2,122.5,264.8,120.4,,,,,,,,,,,,,,,,,141.9,68.2,59.1,239.4,80.0,,,130.0,57.0,245.6,144.1,40.8,,,17.6,17.5,31.3,20.3,6.3,,,90.9,351.8,157.0,150.4,154.0,,,466.2,433.9,207.9,333.8,314.6,,,50.2,21.0,15.2,66.2,75.0,,,,,,,,,,,,,,,,,1106.2,260.7,759.0,1434.3,486.3,,,859.1,190.8,1226.5,825.6,338.5,,,47.0,40.7,98.0,35.5,21.0,,,769.3,2227.0,511.3,1263.1,886.1,,,1398.8,1292.0,289.3,1446.6,1025.8,,,376.1,212.3,77.8,748.9,535.6,,,,,,,,,,,,,,,,,688.0,287.3,679.7,354.0,388.2,,,1001.5,1744.9,2014.9,1709.6,714.1,,,454.9,1763.1,769.3,663.7,755.6,,,1422.3,2729.9,1064.5,1675.8,2318.6,,,813.7,2287.2,1183.6,1923.3,1322.3,,,409.8,390.8,602.3,1611.9,604.4,,,,,,,,,,,,,,,,,3077.4,1880.6,2064.1,1675.8,2868.7,,,4231.4,1459.1,2142.5,4128.2,1332.7,,,1991.2,1301.9,509.8,2686.6,1120.9,,,2383.9,1945.5,648.5,2256.7,1763.1,,,1819.9,3318.7,3077.4,2350.8,1839.7,,,2383.9,1159.3,1235.4,1581.8,1901.7,,,,,,,,,,,,,,,,,239.4,194.3,247.8,325.4,564.1,,,88.3,32.4,56.0,105.1,98.1,,,85.5,34.0,25.7,105.7,116.8,,,262.0,117.7,58.7,458.6,307.1,,,297.9,197.0,254.5,350.4,344.7,,,924.9,476.7,502.2,671.6,748.9,,,,,,,,,,,,,,,,,,,,,,,,,,,,,,,,,,,,,,,,,,,,,,,,,,,,,,,,,,,,,,,,,,,,,,,,,,,,,,,,,,,,,,,,,,,,,,,,,,,,,,,,,,,,,,,,,,,,,,,,,,,,,,,,
20260830_川崎_2R,20260830,34,川崎,2,1363.5,883.6,1673.9,1513.9,1197.1,,,737.9,158.1,517.3,1232.9,125.3,,,229.0,62.6,41.2,363.1,46.7,,,962.1,779.9,299.2,1328.3,717.4,,,2059.0,2984.0,1410.2,2451.2,2366.6,,,494.9,127.3,88.5,321.7,847.3,,,,,,,,,,,,,,,,,2079.8,1608.6,2510.9,2480.7,2059.0,,,2167.3,2213.9,4037.2,2059.0,891.3,,,1536.5,3027.9,4679.5,1647.2,1715.8,,,4037.2,5021.9,6239.4,5564.8,4202.0,,,1278.8,1163.2,1240.3,2859.7,1131.3,,,1647.2,953.2,1492.0,3743.6,1687.7,,,,,,,,,,,,,,,,,446.6,80.4,380.5,791.9,50.7,,,999.5,1278.8,1559.8,1072.4,423.6,,,51.3,392.1,486.7,517.3,26.7,,,1513.9,1960.9,1924.3,3489.8,840.4,,,1372.6,876.1,1150.2,3027.9,421.0,,,15.3,66.6,9.7,142.4,107.1,,,,,,,,,,,,,,,,,96.3,18.2,17.4,236.1,12.3,,,576.7,1150.2,2038.6,1150.2,994.6,,,36.0,351.9,345.4,484.4,27.1,,,474.4,2859.7,1391.2,2101.0,1303.1,,,907.0,1050.5,1232.9,1960.9,1034.6,,,19.8,173.3,27.3,194.4,344.3,,,,,,,,,,,,,,,,,4788.4,3167.7,854.3,5147.5,2038.6,,,5882.8,4788.4,5564.8,6863.3,4902.4,,,2900.0,6641.9,5418.4,7625.9,2859.7,,,1137.5,5719.4,4788.4,2984.0,3550.0,,,8579.2,5418.4,8952.2,3431.6,3119.7,,,2984.0,6641.9,3268.2,3812.9,2287.7,,,,,,,,,,,,,,,,,2059.0,2639.7,1621.2,2541.9,2451.2,,,1190.1,791.9,1156.7,3676.8,1101.0,,,2122.6,1169.8,1255.4,6863.3,794.9,,,1571.7,1410.2,1687.7,2451.2,1363.5,,,5418.4,6055.9,7919.2,3119.7,2422.3,,,1906.4,1137.5,935.9,1204.1,2313.4,,,,,,,,,,,,,,,,,218.8,48.1,30.5,143.4,314.8,,,445.6,276.0,401.3,1190.1,472.2,,,14.0,60.6,8.5,131.4,87.8,,,14.6,131.4,19.8,152.4,205.9,,,788.8,1790.4,774.0,931.6,1337.0,,,609.1,484.4,297.9,532.0,1176.5,,,,,,,,,,,,,,,,,,,,,,,,,,,,,,,,,,,,,,,,,,,,,,,,,,,,,,,,,,,,,,,,,,,,,,,,,,,,,,,,,,,,,,,,,,,,,,,,,,,,,,,,,,,,,,,,,,,,,,,,,,,,,,,,
20260830_川崎_3R,20260830,34,川崎,3,408.3,148.4,165.7,1340.8,260.1,,,259.7,130.6,84.2,551.2,46.5,,,101.0,177.0,61.7,734.3,92.3,,,75.1,45.2,36.8,110.3,23.9,,,2361.7,1484.5,1924.3,962.1,931.9,,,135.9,28.4,60.6,40.0,190.3,,,,,,,,,,,,,,,,,598.9,193.5,271.3,1823.0,325.7,,,716.6,351.6,1099.6,1423.5,350.4,,,95.9,192.2,136.1,296.9,88.7,,,406.7,1215.3,369.8,1906.7,645.4,,,3352.1,2416.6,1267.2,2969.0,3012.0,,,465.9,270.2,231.6,580.5,1550.9,,,,,,,,,,,,,,,,,257.5,128.2,77.8,497.2,55.1,,,419.0,229.9,676.9,1008.8,238.0,,,154.7,141.7,196.8,614.8,58.5,,,121.7,409.9,220.3,602.4,112.4,,,1443.2,1746.4,1385.5,1872.3,626.0,,,19.3,54.1,22.5,34.9,97.4,,,,,,,,,,,,,,,,,117.7,217.6,91.3,1049.6,121.6,,,57.8,66.9,92.0,223.4,39.7,,,174.0,104.6,195.6,627.8,56.0,,,178.5,219.4,245.9,828.0,201.5,,,2057.7,1148.2,1586.5,1562.6,1611.1,,,107.0,64.1,57.0,143.3,519.5,,,,,,,,,,,,,,,,,193.3,122.5,125.8,219.2,82.4,,,574.1,1187.6,616.7,1823.0,637.5,,,235.9,907.5,510.6,1275.0,250.4,,,311.1,551.2,641.4,980.3,535.6,,,818.2,2808.5,2309.2,1433.3,1290.8,,,177.1,609.4,198.6,435.7,564.7,,,,,,,,,,,,,,,,,3101.9,2234.7,3056.3,1761.2,2361.7,,,4156.6,2474.1,1906.7,3921.3,3778.7,,,2734.6,2565.8,1791.6,3522.5,1222.5,,,3522.5,1506.0,1979.3,1979.3,2565.8,,,1574.4,3711.2,3522.5,1717.6,1689.6,,,2361.7,3522.5,1008.8,2283.8,2057.7,,,,,,,,,,,,,,,,,178.8,33.7,72.1,69.1,348.1,,,302.5,177.6,245.6,419.8,936.1,,,15.5,48.3,23.9,33.9,76.7,,,109.4,130.3,58.0,208.0,482.2,,,101.4,341.2,80.4,182.6,360.1,,,927.8,1562.6,241.1,1135.6,808.6,,,,,,,,,,,,,,,,,,,,,,,,,,,,,,,,,,,,,,,,,,,,,,,,,,,,,,,,,,,,,,,,,,,,,,,,,,,,,,,,,,,,,,,,,,,,,,,,,,,,,,,,,,,,,,,,,,,,,,,,,,,,,,,,
20260830_川崎_4R,20260830,34,川崎,4,2053.6,3010.1,1786.5,1580.8,2219.5,,,1831.1,1017.3,1816.0,1098.7,994.2,,,3544.1,1878.1,3184.6,1944.6,3010.1,,,2053.6,2817.1,4069.2,2053.6,3010.1,,,420.1,295.7,600.3,497.1,390.9,,,1639.8,1234.4,2053.6,2092.7,1831.1,,,,,,,,,,,,,,,,,678.2,1255.6,582.8,771.0,947.1,,,298.1,54.3,66.3,226.3,33.6,,,801.9,140.5,254.9,618.9,240.9,,,99.8,24.4,106.3,73.6,33.3,,,351.5,244.6,663.8,254.9,344.4,,,305.1,27.7,115.7,58.0,265.0,,,,,,,,,,,,,,,,,931.1,373.0,935.0,644.3,320.7,,,355.5,81.0,118.5,342.2,43.8,,,125.4,67.6,99.7,159.4,16.2,,,560.5,227.4,366.8,904.2,206.1,,,546.6,730.0,410.7,908.0,382.1,,,79.5,17.3,5.2,40.9,89.9,,,,,,,,,,,,,,,,,1786.5,1307.9,2053.6,1603.9,838.7,,,1364.8,334.9,799.0,1730.2,455.8,,,357.3,186.6,334.4,403.9,52.8,,,3231.4,1248.5,1255.6,2053.6,1690.3,,,1445.6,1757.9,790.4,1592.3,1547.4,,,650.1,353.8,91.6,693.1,1046.3,,,,,,,,,,,,,,,,,1031.6,2388.4,3094.9,1846.5,2585.1,,,261.9,136.9,461.6,367.4,177.4,,,1408.5,381.4,749.9,1816.0,545.2,,,3380.6,1536.6,1436.2,2288.9,2746.7,,,1436.2,706.5,1878.1,2388.4,1997.6,,,2362.7,424.2,526.9,1494.8,1703.4,,,,,,,,,,,,,,,,,237.5,116.5,267.3,268.3,188.4,,,357.8,278.1,858.3,316.6,485.0,,,271.2,513.4,206.5,832.3,214.5,,,1087.8,1979.6,587.5,1592.3,1031.6,,,722.8,652.0,985.3,1348.0,1144.4,,,566.3,695.3,230.3,667.9,1082.4,,,,,,,,,,,,,,,,,1012.6,567.8,1207.3,1494.8,923.2,,,325.0,34.0,108.9,71.8,281.7,,,122.9,17.7,7.5,35.7,94.0,,,519.4,169.2,50.7,338.0,534.6,,,1098.7,141.1,159.5,561.9,665.8,,,768.3,648.2,277.4,878.9,807.8,,,,,,,,,,,,,,,,,,,,,,,,,,,,,,,,,,,,,,,,,,,,,,,,,,,,,,,,,,,,,,,,,,,,,,,,,,,,,,,,,,,,,,,,,,,,,,,,,,,,,,,,,,,,,,,,,,,,,,,,,,,,,,,,
20260830_川崎_5R,20260830,34,川崎,5,259.4,1157.3,365.9,1293.5,824.6,,,103.1,121.2,59.5,138.0,116.2,,,1570.7,582.5,824.6,929.1,1525.3,,,293.8,152.0,569.9,692.6,293.8,,,1713.5,562.6,760.4,1108.7,1418.7,,,1262.5,649.9,1388.8,626.7,1940.3,,,,,,,,,,,,,,,,,252.2,1055.5,313.7,1233.0,690.7,,,133.8,394.4,83.2,318.6,293.2,,,1059.7,804.5,571.1,569.9,1108.7,,,107.8,60.9,186.4,176.2,29.3,,,1068.3,616.5,565.0,420.8,1256.5,,,696.2,497.8,1018.8,143.2,1068.3,,,,,,,,,,,,,,,,,36.0,58.3,12.4,60.5,46.0,,,66.1,231.4,32.7,218.2,137.3,,,201.8,395.6,233.3,223.8,474.6,,,19.7,20.6,74.3,79.8,18.8,,,148.4,348.5,149.5,193.0,414.2,,,154.1,226.3,338.7,74.1,414.9,,,,,,,,,,,,,,,,,2045.5,1022.7,853.9,942.4,1782.9,,,1525.3,1233.0,900.6,879.6,1659.6,,,628.2,1051.3,615.1,522.5,1403.6,,,868.0,719.0,642.0,462.1,601.0,,,323.7,422.2,300.5,201.4,476.3,,,1680.7,2077.8,1736.0,984.6,1250.6,,,,,,,,,,,,,,,,,147.1,116.1,340.0,375.8,129.6,,,52.2,29.1,89.0,104.4,14.1,,,42.7,32.3,120.5,115.7,32.3,,,483.2,232.4,339.1,307.9,193.1,,,493.2,207.9,284.6,240.1,156.7,,,60.1,20.3,38.2,77.9,81.8,,,,,,,,,,,,,,,,,1441.9,568.7,605.2,816.9,1339.5,,,1221.6,637.3,541.8,365.4,1299.9,,,289.6,546.3,278.6,385.7,1014.9,,,180.9,277.7,177.9,107.3,277.7,,,577.4,305.0,437.6,225.3,247.5,,,1771.0,1499.3,1599.2,829.8,535.2,,,,,,,,,,,,,,,,,1038.9,827.2,1274.7,589.0,1832.5,,,922.6,678.3,1118.1,175.5,1293.5,,,330.2,476.3,668.0,176.6,811.9,,,1759.2,1396.1,1346.3,749.6,1367.2,,,131.2,56.3,112.0,209.7,229.0,,,1516.5,1589.6,1449.8,1178.0,566.2,,,,,,,,,,,,,,,,,,,,,,,,,,,,,,,,,,,,,,,,,,,,,,,,,,,,,,,,,,,,,,,,,,,,,,,,,,,,,,,,,,,,,,,,,,,,,,,,,,,,,,,,,,,,,,,,,,,,,,,,,,,,,,,,
20260830_川崎_6R,20260830,34,川崎,6,2349.9,9999.9,9999.9,9999.9,9999.9,,,2123.9,1544.6,643.9,880.0,1307.0,,,9999.9,2427.3,7125.5,9999.9,9999.9,,,9999.9,935.9,7125.5,1937.6,6902.8,,,9999.9,1150.4,8181.1,2300.9,6135.8,,,5970.0,1555.5,5970.0,5020.2,7616.9,,,,,,,,,,,,,,,,,2375.1,8835.6,6496.7,8835.6,7888.9,,,2598.7,1972.2,3681.5,4247.8,4801.9,,,6311.1,8495.7,9603.9,5663.8,6693.6,,,5136.9,5663.8,5663.8,2868.7,4908.6,,,9203.7,5522.2,5970.0,4417.8,9999.9,,,8181.1,5522.2,7616.9,7888.9,9999.9,,,,,,,,,,,,,,,,,395.8,138.8,32.9,75.5,125.9,,,663.3,761.6,347.3,634.7,777.7,,,115.1,386.8,34.1,76.8,129.1,,,5.0,64.5,7.8,2.7,9.1,,,37.5,258.3,53.1,11.7,48.6,,,106.6,380.1,140.3,31.8,81.6,,,,,,,,,,,,,,,,,6496.7,2481.9,6693.6,6135.8,7363.0,,,4908.6,5387.5,9603.9,6902.8,9999.9,,,1492.5,3681.5,894.2,1767.1,2253.9,,,3944.4,9603.9,1523.3,2123.9,7363.0,,,7616.9,9603.9,2481.9,3155.5,8835.6,,,7616.9,7363.0,5259.3,6311.1,7888.9,,,,,,,,,,,,,,,,,3025.9,437.4,1589.1,928.1,1492.5,,,6496.7,2693.7,6902.8,5522.2,4167.7,,,59.2,289.5,85.6,30.4,73.0,,,2727.0,6311.1,738.7,1523.3,2796.0,,,442.6,1856.2,149.6,671.4,465.0,,,2083.8,3681.5,464.0,2208.9,859.4,,,,,,,,,,,,,,,,,8835.6,939.9,5259.3,1972.2,2906.4,,,9999.9,4090.5,7616.9,9999.9,9999.9,,,419.9,1781.3,705.7,192.4,642.1,,,4801.9,5387.5,1937.6,3025.9,6311.1,,,1371.9,5136.9,318.2,1954.7,1406.9,,,5259.3,9999.9,2187.0,8495.7,2481.9,,,,,,,,,,,,,,,,,4247.8,1126.9,4507.9,4331.1,3808.4,,,5136.9,4908.6,7616.9,7125.5,9999.9,,,675.5,2253.9,1492.5,410.5,1027.3,,,7616.9,7616.9,3111.1,6311.1,6311.1,,,3346.8,5020.2,710.2,4417.8,1589.1,,,4601.8,9999.9,2103.7,7363.0,2253.9,,,,,,,,,,,,,,,,,,,,,,,,,,,,,,,,,,,,,,,,,,,,,,,,,,,,,,,,,,,,,,,,,,,,,,,,,,,,,,,,,,,,,,,,,,,,,,,,,,,,,,,,,,,,,,,,,,,,,,,,,,,,,,,,
20260830_川崎_7R,20260830,34,川崎,7,9999.9,1400.2,4900.8,9999.9,8019.5,,,9999.9,3392.8,9801.6,9999.9,9451.5,,,1213.9,2646.4,1290.9,1890.3,2100.3,,,4200.7,9999.9,1674.9,9999.9,3227.3,,,9999.9,9999.9,2427.9,9999.9,9999.9,,,8270.1,9999.9,2876.5,9999.9,9999.9,,,,,,,,,,,,,,,,,7783.6,1102.6,3436.9,5630.7,6301.0,,,9999.9,3727.3,3727.3,4811.7,9999.9,,,437.4,885.0,205.3,439.6,690.9,,,2035.7,3675.6,420.7,1254.2,2341.9,,,5880.9,4900.8,1260.2,1863.6,7561.2,,,6616.1,7351.2,2384.1,3007.3,7152.5,,,,,,,,,,,,,,,,,9999.9,3188.4,9125.6,9999.9,8821.4,,,8536.9,4562.8,5089.3,5089.3,9999.9,,,2496.6,3625.2,3949.9,4410.7,8536.9,,,8019.5,5513.4,6616.1,5880.9,6014.6,,,8270.1,5513.4,4811.7,6785.7,9999.9,,,9999.9,9999.9,9999.9,6964.3,9451.5,,,,,,,,,,,,,,,,,23.7,132.4,25.9,70.4,64.5,,,8.2,24.3,3.6,14.6,16.7,,,192.4,94.6,117.4,201.0,243.4,,,12.2,4.9,43.0,18.8,26.0,,,84.6,46.8,157.9,50.5,106.4,,,83.2,33.6,190.3,38.8,108.5,,,,,,,,,,,,,,,,,2427.9,9999.9,1176.1,3675.6,5400.9,,,1876.9,3780.6,406.5,1584.6,2281.4,,,9999.9,5513.4,4811.7,6154.5,8270.1,,,579.0,222.3,1520.9,544.5,1006.2,,,8019.5,2321.4,9999.9,1613.6,4811.7,,,7561.2,2815.3,7152.5,2940.4,4009.7,,,,,,,,,,,,,,,,,9801.6,9125.6,2473.3,5630.7,9999.9,,,9125.6,6301.0,2035.7,3392.8,9999.9,,,9999.9,7561.2,5880.9,8019.5,9999.9,,,1729.7,1486.7,3041.8,1254.2,4900.8,,,7783.6,3727.3,9999.9,2004.8,4900.8,,,9999.9,9999.9,9999.9,9451.5,5292.8,,,,,,,,,,,,,,,,,6964.3,7783.6,2384.1,9999.9,9999.9,,,8019.5,9999.9,3308.0,6454.7,9999.9,,,7561.2,9999.9,9999.9,9999.9,9999.9,,,2004.8,2384.1,3780.6,2815.3,4071.4,,,9999.9,8536.9,9999.9,5400.9,5880.9,,,9999.9,9999.9,9999.9,9451.5,5880.9,,,,,,,,,,,,,,,,,,,,,,,,,,,,,,,,,,,,,,,,,,,,,,,,,,,,,,,,,,,,,,,,,,,,,,,,,,,,,,,,,,,,,,,,,,,,,,,,,,,,,,,,,,,,,,,,,,,,,,,,,,,,,,,,
20260830_川崎_8R,20260830,34,川崎,8,313.8,125.3,184.9,559.0,96.1,,,384.7,600.1,457.9,538.2,268.8,,,259.7,802.1,434.4,1071.8,283.0,,,217.9,609.0,324.2,403.0,47.3,,,781.6,555.3,1035.6,423.1,265.0,,,48.3,110.0,105.9,11.3,176.0,,,,,,,,,,,,,,,,,338.0,89.9,146.9,392.0,66.4,,,514.5,283.4,634.2,416.0,403.0,,,40.9,67.0,51.7,127.3,19.9,,,170.4,528.9,170.3,612.0,73.1,,,632.5,561.6,359.3,764.6,426.8,,,33.5,142.7,38.3,28.0,264.7,,,,,,,,,,,,,,,,,1524.4,2134.2,1740.7,1026.9,926.2,,,1371.1,823.6,1831.6,789.2,1278.3,,,2191.4,1427.0,2789.1,1233.3,2097.8,,,2454.4,2993.2,2789.1,1704.4,1410.5,,,693.3,566.8,767.0,855.2,457.0,,,912.4,1524.4,1418.7,834.8,855.2,,,,,,,,,,,,,,,,,353.1,2115.8,815.4,1658.4,438.2,,,181.5,326.8,156.0,405.0,84.2,,,2697.1,1180.0,3068.0,1573.3,1888.0,,,832.0,466.6,2062.5,1765.7,405.6,,,2382.9,966.3,1460.9,2337.5,1625.4,,,320.8,215.6,1333.9,190.2,1636.2,,,,,,,,,,,,,,,,,245.4,837.6,331.2,687.5,63.2,,,287.0,1076.5,382.3,1174.3,162.9,,,1524.4,2211.2,2757.8,2272.6,1271.7,,,612.0,595.7,1625.4,1534.0,505.0,,,1363.5,2153.0,2337.5,2062.5,794.3,,,33.0,86.9,298.9,131.8,325.0,,,,,,,,,,,,,,,,,794.3,693.3,1180.0,666.9,282.4,,,730.4,606.0,406.3,774.2,396.5,,,406.3,311.4,479.3,401.7,222.5,,,1221.1,656.2,1018.4,1418.7,867.2,,,962.5,1191.4,1157.7,1469.7,409.7,,,260.2,427.6,447.0,693.3,158.2,,,,,,,,,,,,,,,,,20.8,104.8,52.4,6.0,132.1,,,38.9,284.7,69.2,34.8,344.2,,,452.0,804.7,955.0,475.6,804.7,,,178.7,154.2,649.3,126.7,837.6,,,10.0,26.8,139.0,50.5,128.5,,,384.7,601.5,691.3,1026.9,190.7,,,,,,,,,,,,,,,,,,,,,,,,,,,,,,,,,,,,,,,,,,,,,,,,,,,,,,,,,,,,,,,,,,,,,,,,,,,,,,,,,,,,,,,,,,,,,,,,,,,,,,,,,,,,,,,,,,,,,,,,,,,,,,,,
20260830_川崎_9R,20260830,34,川崎,9,119.8,17.6,15.5,152.3,21.9,,,414.6,697.8,329.5,513.8,798.1,,,56.0,381.2,92.6,336.0,172.3,,,11.3,84.8,37.8,120.5,56.9,,,458.5,659.9,723.5,498.8,1251.9,,,230.0,848.5,384.6,304.0,1176.9,,,,,,,,,,,,,,,,,123.5,19.9,16.0,139.2,26.1,,,337.3,262.2,279.4,315.3,218.2,,,15.7,80.3,22.0,69.2,8.8,,,34.3,173.1,51.4,190.4,51.5,,,226.2,213.3,200.4,224.8,149.9,,,34.4,70.0,19.4,31.7,86.0,,,,,,,,,,,,,,,,,1547.9,2432.4,1467.8,1737.4,3360.5,,,1216.2,1130.1,1245.8,854.1,1337.1,,,2201.7,1773.6,3040.5,1786.0,2688.4,,,1850.7,1891.8,3701.5,2869.7,3869.7,,,974.8,528.7,1029.8,1051.0,1476.3,,,4054.0,3360.5,4119.4,3869.7,3755.9,,,,,,,,,,,,,,,,,110.5,705.5,193.0,466.9,357.2,,,70.0,288.5,109.7,204.8,63.4,,,1786.0,1042.4,1906.0,1100.8,2432.4,,,309.9,290.2,1520.2,1086.8,815.9,,,1145.3,621.4,1251.9,1761.4,2300.9,,,746.7,329.9,1418.9,785.8,1426.8,,,,,,,,,,,,,,,,,45.1,206.1,116.1,295.9,190.0,,,84.1,438.0,178.7,760.1,236.2,,,880.7,1411.0,3755.9,2503.9,3077.1,,,369.0,362.7,1691.4,1837.4,1171.5,,,997.6,1749.3,2128.3,2321.8,2432.4,,,738.1,840.1,1891.8,1395.6,2093.4,,,,,,,,,,,,,,,,,963.7,1120.1,1373.1,1115.3,2409.4,,,663.3,337.8,347.4,537.6,453.6,,,630.6,283.4,452.0,463.5,595.3,,,1451.1,823.8,1059.7,1850.7,2806.6,,,1251.9,1337.1,1647.7,1557.3,1691.4,,,3990.6,1964.6,2969.8,3405.3,2746.2,,,,,,,,,,,,,,,,,738.1,2503.9,1365.7,1120.1,3701.5,,,497.8,953.0,328.2,554.0,1323.3,,,3040.5,3701.5,4186.9,4480.7,5939.6,,,1586.3,488.3,2806.6,1864.2,3360.5,,,1239.8,1199.0,3405.3,2260.2,3077.1,,,5552.2,3040.5,3701.5,4729.7,3360.5,,,,,,,,,,,,,,,,,,,,,,,,,,,,,,,,,,,,,,,,,,,,,,,,,,,,,,,,,,,,,,,,,,,,,,,,,,,,,,,,,,,,,,,,,,,,,,,,,,,,,,,,,,,,,,,,,,,,,,,,,,,,,,,,
20260830_川崎_10R,20260830,34,川崎,10,172.2,294.2,42.0,442.0,137.2,,,93.8,120.0,46.1,69.6,48.7,,,86.3,92.1,47.1,227.0,21.6,,,6.1,18.3,34.5,58.2,9.8,,,259.0,79.1,279.4,119.2,164.3,,,76.9,37.1,36.1,25.7,105.4,,,,,,,,,,,,,,,,,1210.9,1696.7,247.0,2098.9,947.6,,,1828.1,4802.6,1637.9,3014.4,2009.6,,,2163.0,4293.3,2421.8,4427.4,2068.3,,,235.9,1094.0,2163.0,2529.9,1069.2,,,3728.4,3294.8,6439.9,4293.3,6159.9,,,1355.7,1940.8,1940.8,1287.9,5556.0,,,,,,,,,,,,,,,,,334.1,419.1,144.7,274.5,186.4,,,798.1,2341.8,891.0,1311.8,1161.3,,,651.4,1402.7,1195.6,776.3,435.9,,,232.4,532.6,1185.6,643.9,485.2,,,205.3,449.7,495.3,270.8,260.9,,,256.4,715.5,404.2,392.4,522.8,,,,,,,,,,,,,,,,,199.9,240.9,105.2,568.9,58.5,,,652.9,2163.0,947.6,4229.2,628.2,,,426.7,908.2,850.9,732.1,249.6,,,271.9,402.4,1200.6,1647.4,360.9,,,1053.3,2341.8,838.3,1738.3,600.3,,,38.6,120.4,87.7,89.6,225.0,,,,,,,,,,,,,,,,,11.0,45.6,79.8,100.7,31.4,,,85.1,403.6,814.2,914.0,438.6,,,170.0,446.9,1004.8,821.3,471.4,,,380.8,863.8,1259.3,1609.9,715.5,,,372.8,922.9,711.9,1423.9,1015.6,,,143.6,386.5,400.2,500.6,848.3,,,,,,,,,,,,,,,,,1022.9,285.9,908.2,357.7,614.6,,,2575.9,2083.5,4359.3,2751.0,3881.6,,,176.2,466.0,557.7,287.0,288.2,,,1382.2,2648.2,957.2,1940.8,1147.2,,,577.1,1147.2,853.4,1981.5,1342.9,,,830.9,2322.6,804.9,1242.8,1081.5,,,,,,,,,,,,,,,,,264.5,127.5,102.0,93.2,346.4,,,774.2,1276.3,715.5,963.8,3113.8,,,206.8,622.7,249.6,345.1,523.7,,,67.5,172.8,110.7,130.3,272.7,,,187.6,449.0,404.7,360.9,893.8,,,791.5,1889.0,722.8,717.3,1085.6,,,,,,,,,,,,,,,,,,,,,,,,,,,,,,,,,,,,,,,,,,,,,,,,,,,,,,,,,,,,,,,,,,,,,,,,,,,,,,,,,,,,,,,,,,,,,,,,,,,,,,,,,,,,,,,,,,,,,,,,,,,,,,,,
20260830_川崎_11R,20260830,34,川崎,11,3298.4,3025.6,1018.7,4968.0,2814.0,,,4625.4,4521.4,1690.7,6596.8,5294.8,,,3832.4,4422.0,1565.7,7185.8,3439.4,,,189.9,311.4,232.6,506.1,100.1,,,6490.4,6820.5,7890.3,3691.8,8212.4,,,2140.4,3625.3,2794.5,693.8,5437.9,,,,,,,,,,,,,,,,,3658.2,3143.8,854.3,3945.1,2499.4,,,4572.8,2958.8,1749.6,4422.0,4907.4,,,3469.0,3625.3,2395.2,3381.5,6287.6,,,425.8,831.4,904.2,803.2,993.6,,,3906.8,3381.5,3760.8,1474.0,5437.9,,,4148.5,7452.0,6287.6,3143.8,8748.0,,,,,,,,,,,,,,,,,3984.2,3592.9,1622.6,8561.9,4572.8,,,4106.2,3439.4,1705.1,4572.8,6097.1,,,3245.2,3869.3,1146.4,3658.2,5512.4,,,933.6,1124.0,1084.6,3193.7,2409.6,,,9814.8,4968.0,4521.4,5917.7,9999.9,,,9358.3,8212.4,7185.8,6097.1,9999.9,,,,,,,,,,,,,,,,,5437.9,4521.4,2117.9,7316.5,4374.0,,,5294.8,4848.3,3529.9,7059.8,9145.6,,,4106.2,4907.4,2022.1,4471.2,9999.9,,,1226.8,2002.0,1565.7,3271.6,3381.5,,,9999.9,7316.5,3691.8,4471.2,9999.9,,,8383.5,9358.3,5917.7,5667.7,9999.9,,,,,,,,,,,,,,,,,5.1,14.5,8.5,57.0,2.3,,,18.2,33.3,21.7,29.0,66.3,,,55.9,48.4,30.2,136.5,166.1,,,40.0,31.9,27.8,101.8,114.1,,,240.3,117.2,241.2,223.0,354.2,,,47.6,144.4,257.4,202.8,356.7,,,,,,,,,,,,,,,,,7185.8,9145.6,9999.9,5159.1,9999.9,,,6287.6,5512.4,6006.1,2596.1,9999.9,,,9999.9,7592.6,4374.0,7592.6,9999.9,,,9999.9,8383.5,4106.2,5437.9,9999.9,,,3439.4,2775.2,5667.7,3353.4,4968.0,,,9999.9,9999.9,9999.9,9999.9,6938.1,,,,,,,,,,,,,,,,,4148.5,5437.9,4521.4,1245.8,9581.1,,,4848.3,9358.3,9999.9,3945.1,9999.9,,,7185.8,9999.9,9999.9,7059.8,9999.9,,,9145.6,9145.6,7316.5,5832.0,9999.9,,,1257.5,3048.5,4968.0,4471.2,4374.0,,,9999.9,9999.9,9999.9,9999.9,6097.1,,,,,,,,,,,,,,,,,,,,,,,,,,,,,,,,,,,,,,,,,,,,,,,,,,,,,,,,,,,,,,,,,,,,,,,,,,,,,,,,,,,,,,,,,,,,,,,,,,,,,,,,,,,,,,,,,,,,,,,,,,,,,,,,
20260830_川崎_12R,20260830,34,川崎,12,1578.6,1145.7,931.5,1932.7,982.4,,,2132.0,2110.2,1979.0,2461.9,1814.0,,,713.1,994.2,672.5,1383.3,277.0,,,950.8,1979.0,1369.5,2433.0,1242.0,,,2433.0,2569.0,2537.4,2634.4,2794.6,,,911.0,1216.5,392.7,937.8,1584.7,,,,,,,,,,,,,,,,,944.3,671.4,458.0,1202.3,582.5,,,472.6,404.7,134.7,325.9,205.0,,,354.7,506.2,196.1,611.8,242.8,,,85.7,59.4,63.0,86.8,40.4,,,944.3,380.1,840.6,325.1,570.4,,,254.2,140.3,135.6,67.9,330.0,,,,,,,,,,,,,,,,,815.8,741.2,847.5,863.4,617.3,,,358.1,355.9,113.2,203.8,166.5,,,377.3,431.7,401.9,374.9,213.3,,,420.7,113.8,378.4,237.4,166.2,,,212.1,84.7,174.4,96.0,86.0,,,224.7,114.4,133.2,112.3,110.8,,,,,,,,,,,,,,,,,140.5,344.9,163.6,391.6,44.3,,,200.7,481.5,194.8,608.2,154.3,,,360.6,498.9,498.9,441.4,222.8,,,171.1,137.0,461.1,707.0,117.2,,,593.4,714.3,536.4,811.0,360.9,,,13.4,44.9,74.2,37.1,95.6,,,,,,,,,,,,,,,,,363.1,880.0,596.8,1268.7,517.6,,,68.7,57.7,57.3,70.5,36.2,,,527.5,142.0,473.2,330.0,186.9,,,259.1,168.0,381.2,602.9,187.6,,,948.6,228.5,385.1,874.4,466.3,,,235.4,51.3,109.7,153.6,199.7,,,,,,,,,,,,,,,,,1342.8,878.1,1782.8,1790.5,1365.0,,,611.8,262.7,815.8,266.1,406.6,,,250.6,108.6,214.7,103.3,96.4,,,1021.2,999.0,580.9,935.7,544.9,,,787.8,201.1,249.6,845.8,376.3,,,648.2,334.3,237.7,385.4,341.5,,,,,,,,,,,,,,,,,233.4,281.9,92.1,250.0,484.8,,,120.4,64.1,71.8,28.1,151.0,,,130.3,62.0,77.9,57.1,67.4,,,16.6,32.6,43.2,35.8,86.0,,,125.7,23.1,57.1,79.9,125.2,,,346.1,182.1,108.9,210.2,168.0,,,,,,,,,,,,,,,,,,,,,,,,,,,,,,,,,,,,,,,,,,,,,,,,,,,,,,,,,,,,,,,,,,,,,,,,,,,,,,,,,,,,,,,,,,,,,,,,,,,,,,,,,,,,,,,,,,,,,,,,,,,,,,,,
20260830_小倉_1R,20260830,81,小倉,1,134.7,68.0,32.0,89.1,21.5,,,541.3,749.8,895.8,532.8,421.8,,,175.4,648.9,331.9,636.6,73.8,,,98.9,456.0,334.0,447.9,139.0,,,298.6,203.2,653.1,571.9,345.5,,,14.9,81.3,9.1,50.1,90.3,,,,,,,,,,,,,,,,,142.1,72.7,35.5,124.0,20.6,,,428.9,693.3,418.3,421.8,503.6,,,156.4,640.7,198.1,648.9,117.0,,,24.9,90.5,60.4,89.0,19.1,,,314.3,253.0,688.6,425.3,466.5,,,24.2,188.5,35.5,40.7,239.8,,,,,,,,,,,,,,,,,1425.8,2530.8,1745.3,1297.8,1715.7,,,1406.0,1776.0,1112.4,829.7,1606.8,,,4401.3,2736.0,3067.6,1314.7,2977.4,,,2249.6,1265.4,3893.5,2530.8,2153.8,,,946.0,797.1,1065.6,1425.8,1249.7,,,1606.8,2410.2,1910.0,2469.0,1840.5,,,,,,,,,,,,,,,,,436.3,1297.8,816.3,1386.7,156.7,,,379.1,1281.4,784.7,1606.8,312.4,,,2892.3,3067.6,3374.4,1124.8,1386.7,,,1054.5,1137.4,2300.7,1715.7,790.8,,,2812.0,2109.0,1446.1,2109.0,2153.8,,,104.5,248.7,624.8,355.2,836.6,,,,,,,,,,,,,,,,,141.1,1249.7,550.1,1205.1,303.0,,,44.2,114.3,144.6,107.8,57.7,,,1557.4,888.0,1840.5,1776.0,1533.8,,,1163.5,693.3,2469.0,1606.8,797.1,,,1745.3,621.0,1510.9,1659.5,1100.3,,,257.5,218.6,1065.6,386.3,928.7,,,,,,,,,,,,,,,,,380.5,270.6,717.9,920.2,374.9,,,532.8,398.5,1606.8,843.6,1163.5,,,285.9,256.9,398.5,761.1,396.9,,,1840.5,1533.8,973.3,1349.7,1581.7,,,1406.0,912.0,1510.9,1425.8,1076.9,,,644.7,1150.3,1032.9,920.2,982.8,,,,,,,,,,,,,,,,,22.1,94.6,10.8,51.7,115.0,,,39.1,346.6,64.0,91.3,414.8,,,382.0,698.1,744.3,1012.3,865.2,,,35.6,72.5,209.5,106.3,335.2,,,149.7,172.4,728.2,223.9,679.4,,,473.0,1002.2,761.1,749.8,880.2,,,,,,,,,,,,,,,,,,,,,,,,,,,,,,,,,,,,,,,,,,,,,,,,,,,,,,,,,,,,,,,,,,,,,,,,,,,,,,,,,,,,,,,,,,,,,,,,,,,,,,,,,,,,,,,,,,,,,,,,,,,,,,,,
20260830_小倉_2R,20260830,81,小倉,2,162.4,177.7,209.9,169.1,46.2,,,186.6,86.0,114.0,120.8,75.6,,,202.9,138.2,156.2,142.4,98.7,,,126.7,83.2,82.6,23.5,48.9,,,52.8,38.6,29.2,3.4,10.0,,,8.3,31.3,27.7,20.0,18.3,,,,,,,,,,,,,,,,,1253.0,930.2,1023.3,864.7,256.9,,,1980.6,2192.8,2728.8,1832.8,1980.6,,,1077.1,2612.7,3318.8,2790.8,1292.6,,,1192.2,2995.0,2455.9,1729.5,1279.1,,,1306.3,2013.0,2669.5,1349.4,1554.4,,,207.7,503.2,529.3,748.7,642.9,,,,,,,,,,,,,,,,,653.1,304.7,437.0,427.8,216.1,,,1554.4,1729.5,3148.6,1832.8,2013.0,,,762.7,1574.3,1395.4,990.3,1615.7,,,1147.6,3069.9,1805.8,1754.2,1889.2,,,818.6,1754.2,974.5,1227.9,2232.7,,,649.7,1461.8,1395.4,1659.4,2361.5,,,,,,,,,,,,,,,,,632.9,671.0,937.3,642.9,449.8,,,1096.4,1918.7,2612.7,3069.9,1379.7,,,974.5,2232.7,1805.8,1203.9,2081.3,,,1637.3,3318.8,2455.9,1594.7,2855.7,,,1014.8,2154.3,923.3,1395.4,2669.5,,,579.2,974.5,1729.5,2361.5,2669.5,,,,,,,,,,,,,,,,,990.3,686.0,617.0,224.0,429.3,,,1805.8,2995.0,2728.8,2612.7,2232.7,,,1169.5,2728.8,2081.3,1754.2,2558.3,,,1754.2,3231.5,2923.7,1637.3,2669.5,,,275.9,1554.4,1227.9,1023.3,792.2,,,593.2,1889.2,2558.3,2192.8,944.6,,,,,,,,,,,,,,,,,322.3,225.3,236.1,55.6,125.4,,,1049.5,1574.3,1615.7,1292.6,1279.1,,,671.0,1411.4,883.4,1106.2,1705.5,,,937.3,1497.5,1169.5,1116.3,1949.1,,,184.3,896.3,772.3,726.6,653.1,,,314.0,744.2,1554.4,1253.0,613.9,,,,,,,,,,,,,,,,,33.7,77.8,71.8,67.8,60.9,,,68.9,184.1,184.9,236.1,175.1,,,318.1,581.9,689.8,639.5,1096.4,,,389.8,601.9,944.6,1067.8,1203.9,,,261.2,491.1,682.2,718.1,454.8,,,170.0,396.1,693.7,617.0,254.7,,,,,,,,,,,,,,,,,,,,,,,,,,,,,,,,,,,,,,,,,,,,,,,,,,,,,,,,,,,,,,,,,,,,,,,,,,,,,,,,,,,,,,,,,,,,,,,,,,,,,,,,,,,,,,,,,,,,,,,,,,,,,,,,
20260830_小倉_3R,20260830,81,小倉,3,95.3,294.6,56.0,133.7,170.7,,,121.9,80.7,45.3,329.7,75.5,,,799.6,284.7,266.2,1508.5,442.2,,,19.6,12.0,45.1,91.7,24.1,,,425.4,574.8,1068.8,379.8,1012.9,,,227.9,80.7,209.1,85.3,602.5,,,,,,,,,,,,,,,,,73.9,238.1,50.7,68.3,148.3,,,119.9,141.2,161.1,158.1,123.0,,,590.8,451.6,725.9,756.9,681.7,,,81.3,162.8,481.2,213.3,242.2,,,73.8,84.2,267.8,121.7,229.4,,,219.7,149.1,437.6,352.1,478.0,,,,,,,,,,,,,,,,,156.6,112.1,65.9,359.3,74.5,,,181.0,178.4,240.6,318.9,130.5,,,126.1,149.0,173.2,369.2,58.4,,,82.4,212.9,153.1,491.2,98.0,,,941.1,759.6,818.1,1215.4,767.9,,,37.1,71.8,26.5,55.5,200.1,,,,,,,,,,,,,,,,,1229.5,688.3,690.6,2025.8,1113.6,,,1273.7,971.2,2532.2,2192.8,1674.8,,,501.6,618.3,506.4,1090.8,273.0,,,746.3,2594.0,482.3,2798.8,814.9,,,3867.4,2874.4,2085.3,3128.0,3667.4,,,1281.3,1802.6,467.4,854.2,2363.4,,,,,,,,,,,,,,,,,18.6,12.9,48.7,126.9,25.2,,,80.9,124.3,284.3,322.2,253.5,,,48.0,118.7,96.8,420.3,88.4,,,371.8,945.3,375.1,1833.7,571.8,,,594.1,834.1,1143.6,1611.4,1079.7,,,99.5,276.6,95.6,357.4,733.4,,,,,,,,,,,,,,,,,834.1,1456.9,3430.8,1321.1,2363.4,,,486.7,523.9,971.2,776.3,1017.7,,,1772.5,1003.3,1399.4,2913.8,2287.2,,,4431.4,2562.7,1865.8,3082.7,4624.1,,,1772.5,1674.8,1027.5,2995.9,1933.7,,,2913.8,1865.8,2762.4,3798.4,2065.1,,,,,,,,,,,,,,,,,282.1,102.3,249.6,137.3,644.5,,,328.7,228.4,587.5,451.6,600.8,,,61.3,136.2,31.0,104.1,308.7,,,565.7,1143.6,203.9,646.5,2006.7,,,130.9,354.5,152.1,415.4,664.7,,,1636.2,1456.9,1149.7,2390.0,1381.2,,,,,,,,,,,,,,,,,,,,,,,,,,,,,,,,,,,,,,,,,,,,,,,,,,,,,,,,,,,,,,,,,,,,,,,,,,,,,,,,,,,,,,,,,,,,,,,,,,,,,,,,,,,,,,,,,,,,,,,,,,,,,,,,
20260830_小倉_4R,20260830,81,小倉,4,190.1,176.8,106.3,187.7,345.4,,,186.7,69.3,73.9,261.2,273.2,,,139.3,48.6,45.6,248.3,189.3,,,22.2,12.3,13.5,53.0,4.8,,,337.3,589.0,612.5,297.3,821.4,,,472.3,388.6,341.6,58.5,807.9,,,,,,,,,,,,,,,,,779.7,774.8,332.8,663.8,1121.5,,,1198.1,779.7,1175.1,877.1,2669.7,,,893.1,753.4,1014.9,944.6,2407.9,,,379.6,982.4,1111.3,792.3,800.0,,,762.7,678.4,818.7,633.0,1525.5,,,2192.9,2855.9,3459.3,1754.3,2135.7,,,,,,,,,,,,,,,,,687.9,238.2,234.3,1121.5,990.3,,,1175.1,642.9,1209.9,1067.8,2585.4,,,163.5,271.0,137.4,476.9,465.1,,,281.0,909.6,284.2,1535.0,787.2,,,1670.8,1121.5,919.8,2192.9,5116.9,,,2274.1,3459.3,1754.3,1996.8,6638.1,,,,,,,,,,,,,,,,,307.0,102.5,83.8,559.4,352.3,,,517.0,456.5,701.7,870.9,1444.7,,,81.5,191.7,76.4,402.6,196.8,,,76.5,362.2,111.9,555.6,171.7,,,1874.9,1246.7,899.6,1564.4,2855.9,,,815.9,1996.8,1040.7,735.3,2889.5,,,,,,,,,,,,,,,,,29.2,18.9,19.9,69.4,4.4,,,162.6,473.2,510.6,653.2,363.3,,,111.6,515.9,224.7,899.6,303.2,,,72.7,352.3,153.5,538.6,187.7,,,338.7,955.6,1379.8,1096.4,662.0,,,29.6,220.0,170.4,209.3,412.7,,,,,,,,,,,,,,,,,1058.6,1754.3,2274.1,818.7,1805.9,,,693.8,784.7,1101.4,667.4,1453.3,,,1805.9,1403.5,1470.7,2274.1,3611.9,,,2585.4,1693.8,1615.8,2407.9,5116.9,,,774.8,1272.6,2339.1,1792.7,1175.1,,,3231.7,3364.5,5847.9,5847.9,2154.5,,,,,,,,,,,,,,,,,1356.9,1299.5,948.3,222.2,2729.0,,,2431.8,4234.7,3508.7,2013.2,4093.5,,,2317.1,5116.9,3070.1,2253.3,5847.9,,,1259.5,4093.5,2232.8,1334.8,5458.0,,,180.4,959.4,815.9,858.7,1516.1,,,4385.9,4634.2,6638.1,6822.5,2099.2,,,,,,,,,,,,,,,,,,,,,,,,,,,,,,,,,,,,,,,,,,,,,,,,,,,,,,,,,,,,,,,,,,,,,,,,,,,,,,,,,,,,,,,,,,,,,,,,,,,,,,,,,,,,,,,,,,,,,,,,,,,,,,,,
20260830_小倉_5R,20260830,81,小倉,5,639.7,860.2,1020.4,1188.9,,,,197.5,85.7,232.0,369.0,,,,253.8,102.4,140.8,143.5,,,,638.1,323.1,245.9,438.3,,,,679.4,394.4,283.2,407.8,,,,,,,,,,,,,,,,,,,,,,,,,708.0,1177.8,1369.8,1595.3,,,,553.9,161.0,300.7,869.1,,,,958.4,254.3,665.0,1456.9,,,,1135.4,494.2,718.1,1800.4,,,,1938.9,1626.1,2312.4,2546.0,,,,,,,,,,,,,,,,,,,,,,,,,88.9,46.6,103.6,226.8,,,,65.0,13.2,45.0,202.4,,,,11.5,3.1,7.5,73.3,,,,98.0,62.9,31.4,242.8,,,,625.4,651.3,376.2,734.8,,,,,,,,,,,,,,,,,,,,,,,,,109.9,69.1,63.6,67.1,,,,310.8,123.0,251.0,588.9,,,,31.0,13.0,24.5,137.8,,,,85.2,142.3,68.9,223.0,,,,405.2,1068.0,633.3,627.0,,,,,,,,,,,,,,,,,,,,,,,,,236.6,141.2,107.9,200.5,,,,416.6,230.1,242.8,702.1,,,,107.3,82.3,39.4,218.2,,,,59.0,102.0,42.0,163.3,,,,647.9,1120.2,795.1,720.1,,,,,,,,,,,,,,,,,,,,,,,,,1217.6,787.6,826.4,743.5,,,,2965.4,1984.7,3231.5,3000.7,,,,1585.2,1299.2,872.1,1595.3,,,,1491.4,2598.5,1081.8,1432.1,,,,1161.5,2333.8,1518.4,1424.0,,,,,,,,,,,,,,,,,,,,,,,,,,,,,,,,,,,,,,,,,,,,,,,,,,,,,,,,,,,,,,,,,,,,,,,,,,,,,,,,,,,,,,,,,,,,,,,,,,,,,,,,,,,,,,,,,,,,,,,,,,,,,,,,,,,,,,,,,,,,,,,,,,,,,,,,,,,,,,,,,,,,,,,,,,,,,,,,,,,,,,,,,,,,,,,,
20260830_小倉_6R,20260830,81,小倉,6,236.4,144.5,168.1,212.9,,,,224.4,191.6,572.0,302.2,,,,153.4,126.5,305.0,219.5,,,,340.5,802.6,563.3,648.8,,,,274.0,425.5,290.1,491.2,,,,,,,,,,,,,,,,,,,,,,,,,108.8,72.9,52.8,89.2,,,,81.2,57.7,83.9,220.1,,,,69.4,49.0,74.3,179.6,,,,34.3,68.8,56.3,106.5,,,,198.3,586.1,392.8,215.0,,,,,,,,,,,,,,,,,,,,,,,,,77.1,81.3,215.5,102.6,,,,32.0,41.3,43.6,205.7,,,,13.9,12.2,28.2,68.5,,,,119.7,48.6,130.1,426.9,,,,365.3,483.9,316.9,741.0,,,,,,,,,,,,,,,,,,,,,,,,,52.4,31.4,129.9,105.2,,,,50.4,25.3,70.6,143.0,,,,9.1,7.3,21.7,43.0,,,,175.6,104.3,89.3,405.6,,,,358.8,382.4,177.6,706.9,,,,,,,,,,,,,,,,,,,,,,,,,192.5,494.9,435.4,605.2,,,,36.7,52.8,72.4,253.2,,,,206.5,83.5,218.4,741.0,,,,318.8,153.4,196.7,747.4,,,,764.9,881.2,1473.7,1272.4,,,,,,,,,,,,,,,,,,,,,,,,,637.7,792.8,584.8,999.4,,,,833.3,1091.4,925.0,1272.4,,,,991.8,1026.9,657.0,2053.9,,,,810.1,797.7,612.3,1417.6,,,,1457.2,1317.4,2120.7,1543.5,,,,,,,,,,,,,,,,,,,,,,,,,,,,,,,,,,,,,,,,,,,,,,,,,,,,,,,,,,,,,,,,,,,,,,,,,,,,,,,,,,,,,,,,,,,,,,,,,,,,,,,,,,,,,,,,,,,,,,,,,,,,,,,,,,,,,,,,,,,,,,,,,,,,,,,,,,,,,,,,,,,,,,,,,,,,,,,,,,,,,,,,,,,,,,,,
20260830_小倉_7R,20260830,81,小倉,7,531.1,123.3,160.6,801.6,119.0,,,1351.3,595.3,1056.7,1668.9,951.4,,,52.9,176.5,70.2,30.1,42.0,,,193.7,645.6,119.7,812.2,157.7,,,1381.9,1624.5,313.2,1633.2,1067.8,,,193.2,500.6,133.3,224.7,495.7,,,,,,,,,,,,,,,,,415.5,129.1,140.5,757.8,127.1,,,478.7,308.8,129.7,711.9,133.7,,,126.8,262.3,93.3,282.5,94.6,,,59.7,64.5,30.7,227.5,10.2,,,1413.9,1745.2,775.1,814.4,695.6,,,74.3,45.8,40.4,13.3,241.6,,,,,,,,,,,,,,,,,1327.8,752.2,1207.1,1558.2,1202.4,,,810.1,524.7,376.1,982.0,319.1,,,560.3,604.7,789.1,410.5,558.3,,,1139.5,540.5,875.1,1957.7,640.2,,,1970.4,2036.0,1118.7,2881.2,1932.9,,,1375.7,529.3,787.1,769.2,1755.2,,,,,,,,,,,,,,,,,41.3,93.3,65.2,29.7,56.5,,,116.1,300.3,137.3,256.4,126.8,,,275.6,402.3,629.7,293.1,425.9,,,137.7,141.7,431.3,270.5,200.7,,,92.3,231.7,216.2,418.3,177.7,,,156.6,180.0,342.7,251.7,199.4,,,,,,,,,,,,,,,,,143.4,398.7,63.8,515.8,126.3,,,60.5,105.8,32.6,264.8,10.8,,,672.7,348.2,534.8,1310.7,353.4,,,74.0,81.5,261.7,167.7,110.8,,,1216.7,963.4,1542.4,526.5,1001.3,,,130.9,28.2,156.9,96.8,409.9,,,,,,,,,,,,,,,,,2063.5,2197.2,919.9,2908.6,2726.8,,,2854.3,3148.5,1550.3,2077.6,2726.8,,,2632.8,2965.1,1394.5,4183.7,4072.1,,,627.1,1007.9,922.6,1031.7,1161.2,,,3084.9,2120.9,3510.4,1207.1,2404.8,,,3470.5,2726.8,3915.5,2296.3,3181.3,,,,,,,,,,,,,,,,,270.9,695.6,245.3,353.4,1045.9,,,128.4,68.2,67.1,24.2,321.4,,,829.9,178.0,451.1,271.2,1226.5,,,261.9,174.6,354.3,237.4,275.8,,,226.0,40.4,199.8,159.7,571.9,,,1862.2,1179.1,1668.9,1067.8,1440.6,,,,,,,,,,,,,,,,,,,,,,,,,,,,,,,,,,,,,,,,,,,,,,,,,,,,,,,,,,,,,,,,,,,,,,,,,,,,,,,,,,,,,,,,,,,,,,,,,,,,,,,,,,,,,,,,,,,,,,,,,,,,,,,,
20260830_小倉_8R,20260830,81,小倉,8,1265.3,639.5,453.1,946.4,513.8,,,706.0,348.1,282.4,1041.3,245.3,,,189.3,277.7,71.5,230.4,153.8,,,123.1,204.2,63.0,28.9,126.8,,,820.9,1611.9,538.1,184.2,765.7,,,169.4,314.9,204.2,175.0,420.7,,,,,,,,,,,,,,,,,2503.6,1106.6,1541.5,2715.5,1120.6,,,1994.4,884.7,1649.6,2206.3,451.4,,,699.0,610.7,503.5,693.5,173.6,,,1274.4,1508.6,840.5,1135.1,704.6,,,3460.9,2824.1,1483.2,1939.6,1810.3,,,400.7,209.5,103.3,237.4,481.6,,,,,,,,,,,,,,,,,856.8,376.3,245.8,1274.4,387.5,,,1213.1,629.2,1086.2,1634.3,358.3,,,311.0,324.7,260.7,759.1,135.5,,,390.5,779.2,379.9,646.5,383.7,,,2369.2,2192.6,1575.9,1810.3,2417.9,,,183.4,65.6,97.8,157.2,706.0,,,,,,,,,,,,,,,,,120.9,144.5,35.4,122.9,87.8,,,183.2,171.7,119.4,214.6,41.2,,,144.3,127.2,122.4,322.6,54.9,,,38.0,91.3,115.1,49.0,49.2,,,317.4,345.4,537.3,177.7,270.3,,,49.5,10.0,23.3,29.2,77.5,,,,,,,,,,,,,,,,,323.8,275.1,84.3,60.1,162.8,,,817.1,1634.3,754.3,875.9,733.9,,,497.9,1161.2,472.5,850.6,576.8,,,102.0,285.6,287.0,157.1,153.0,,,165.8,573.0,858.9,262.6,436.9,,,306.1,366.2,474.4,234.8,428.4,,,,,,,,,,,,,,,,,3330.3,4057.6,1908.2,775.8,3151.9,,,4104.8,3795.9,2307.3,2801.7,3043.2,,,3837.1,4412.7,2234.3,3124.0,4644.9,,,1649.6,1773.9,1983.2,690.8,1389.8,,,558.5,1713.6,2417.9,637.2,1208.9,,,3530.1,2521.5,4253.2,1657.3,1722.0,,,,,,,,,,,,,,,,,127.9,208.5,132.2,165.6,479.6,,,98.8,30.3,19.4,59.7,146.2,,,109.8,20.0,35.7,80.4,330.8,,,69.4,13.9,29.2,47.2,110.8,,,202.7,155.6,228.6,128.5,230.5,,,994.4,524.5,1014.4,511.6,517.6,,,,,,,,,,,,,,,,,,,,,,,,,,,,,,,,,,,,,,,,,,,,,,,,,,,,,,,,,,,,,,,,,,,,,,,,,,,,,,,,,,,,,,,,,,,,,,,,,,,,,,,,,,,,,,,,,,,,,,,,,,,,,,,,
20260830_小倉_9R,20260830,81,小倉,9,47.2,17.8,11.9,119.4,12.2,,,138.6,76.5,271.9,391.8,249.0,,,11.3,12.1,39.6,65.4,55.6,,,29.5,152.9,57.2,151.2,105.7,,,317.1,413.2,138.2,281.4,567.0,,,86.9,249.4,185.4,183.9,423.3,,,,,,,,,,,,,,,,,145.6,55.3,33.5,262.8,38.7,,,445.7,541.1,548.2,1243.7,448.4,,,75.8,193.9,109.0,413.6,90.7,,,37.5,210.9,71.4,291.3,29.9,,,866.1,1345.2,955.5,985.3,774.1,,,63.0,194.5,106.9,64.0,330.4,,,,,,,,,,,,,,,,,572.1,345.1,1426.1,1748.1,1529.6,,,965.2,886.3,2084.3,1878.0,1535.8,,,258.4,460.3,1050.8,896.8,1008.9,,,2218.4,2244.7,1607.4,3109.4,5058.1,,,2356.2,2831.0,1542.1,4683.4,5058.1,,,2652.8,2341.7,2873.9,5126.4,5662.0,,,,,,,,,,,,,,,,,20.1,28.3,80.9,133.6,130.8,,,40.1,71.3,66.0,326.1,62.1,,,45.8,49.8,163.7,195.9,155.9,,,150.5,89.6,255.8,580.9,475.9,,,318.5,435.0,268.2,627.0,1102.7,,,474.1,294.3,499.1,796.9,1099.5,,,,,,,,,,,,,,,,,106.9,501.1,203.0,512.6,345.1,,,95.2,546.6,143.4,728.1,101.1,,,1607.4,1476.0,1389.5,3545.3,3059.3,,,263.9,230.6,567.9,800.3,862.1,,,1364.5,1410.2,2940.7,1042.1,2017.8,,,730.9,423.8,1996.6,1239.7,1642.2,,,,,,,,,,,,,,,,,872.0,1996.6,876.1,1554.7,2299.1,,,1868.7,2598.3,1724.3,2299.1,2385.8,,,2431.7,3187.8,1227.6,5419.3,5662.0,,,903.2,1149.5,717.1,1399.8,2873.9,,,1850.5,2271.6,5126.4,1756.2,3480.3,,,3270.3,3135.1,5343.0,4411.1,4310.8,,,,,,,,,,,,,,,,,341.7,1996.6,957.9,911.9,2313.1,,,325.9,1017.0,627.0,436.0,1649.3,,,2852.3,2400.9,3357.1,5196.6,5343.0,,,1260.3,1125.6,2084.3,2341.7,3298.7,,,1204.3,591.8,3448.7,1925.6,3387.1,,,3387.1,3719.1,5747.8,3951.6,3756.0,,,,,,,,,,,,,,,,,,,,,,,,,,,,,,,,,,,,,,,,,,,,,,,,,,,,,,,,,,,,,,,,,,,,,,,,,,,,,,,,,,,,,,,,,,,,,,,,,,,,,,,,,,,,,,,,,,,,,,,,,,,,,,,,
20260830_小倉_10R,20260830,81,小倉,10,183.2,77.7,83.0,291.1,296.5,,,271.7,74.2,152.3,194.1,585.8,,,32.8,32.1,11.5,33.8,49.9,,,47.2,137.5,28.2,172.3,62.7,,,496.9,328.2,147.0,208.0,294.9,,,474.5,1053.0,333.0,314.4,652.6,,,,,,,,,,,,,,,,,193.7,89.2,93.3,321.9,326.3,,,236.1,337.0,192.4,268.7,616.4,,,116.7,324.9,116.4,410.5,373.5,,,42.9,83.1,42.3,132.4,31.2,,,663.7,461.6,716.2,485.2,1103.7,,,602.1,943.3,495.6,219.3,978.9,,,,,,,,,,,,,,,,,311.9,75.0,188.6,228.2,575.5,,,301.5,413.1,172.2,314.4,662.6,,,156.3,443.2,238.4,266.6,540.3,,,161.6,135.1,150.9,222.1,189.5,,,127.9,222.1,113.1,124.4,320.1,,,1142.5,1198.8,969.2,739.3,1113.1,,,,,,,,,,,,,,,,,55.2,74.3,28.2,85.4,100.9,,,139.1,427.2,145.6,557.3,404.5,,,221.8,562.2,416.2,453.5,737.9,,,96.6,125.8,307.2,410.5,164.6,,,430.9,1001.5,654.8,659.2,921.0,,,476.3,818.5,1173.5,424.4,1091.3,,,,,,,,,,,,,,,,,46.0,131.0,33.6,232.6,60.2,,,26.6,69.3,24.5,107.8,15.4,,,182.1,136.0,213.2,286.2,185.6,,,66.0,64.9,186.5,308.4,82.1,,,536.6,413.6,520.8,604.0,417.5,,,103.3,48.1,207.3,79.2,191.6,,,,,,,,,,,,,,,,,795.1,436.3,473.4,676.4,991.3,,,914.6,593.0,1187.8,901.8,1873.1,,,254.6,339.9,239.1,278.8,535.1,,,634.5,1145.9,547.2,929.8,1244.7,,,749.2,796.7,580.6,591.2,783.9,,,1977.7,2072.4,1298.7,1900.5,1481.4,,,,,,,,,,,,,,,,,1401.5,2668.6,1041.7,1014.6,2201.2,,,1126.0,1716.3,908.2,397.5,1590.2,,,2164.5,2687.0,2201.2,2050.6,2029.2,,,1022.6,1311.8,1770.9,651.5,1630.2,,,591.2,297.8,1064.5,379.3,885.4,,,2029.2,2390.3,1829.2,2117.4,1459.2,,,,,,,,,,,,,,,,,,,,,,,,,,,,,,,,,,,,,,,,,,,,,,,,,,,,,,,,,,,,,,,,,,,,,,,,,,,,,,,,,,,,,,,,,,,,,,,,,,,,,,,,,,,,,,,,,,,,,,,,,,,,,,,,
20260830_小倉_11R,20260830,81,小倉,11,207.4,137.1,247.5,242.4,70.5,,,275.9,490.0,422.8,675.1,189.7,,,180.8,483.4,403.9,540.9,155.4,,,469.6,505.0,677.5,802.8,365.5,,,509.9,988.4,843.9,1028.9,303.8,,,35.4,71.6,64.6,89.3,78.1,,,,,,,,,,,,,,,,,145.6,87.6,170.3,157.2,48.5,,,135.8,128.0,89.1,162.6,95.0,,,50.4,97.1,61.8,54.2,56.8,,,180.7,86.1,113.2,190.8,151.2,,,193.4,221.9,118.4,242.9,163.9,,,35.7,81.5,72.2,130.7,127.1,,,,,,,,,,,,,,,,,251.9,450.2,316.4,586.6,187.1,,,204.7,220.9,140.1,266.0,153.0,,,428.8,270.8,264.9,587.2,338.7,,,139.5,73.1,125.1,125.4,105.2,,,1010.9,675.9,1049.5,580.7,728.8,,,105.1,122.0,209.7,139.7,385.8,,,,,,,,,,,,,,,,,147.1,413.7,407.0,434.9,153.3,,,74.3,111.7,66.3,52.4,74.7,,,292.8,189.9,167.8,373.6,244.2,,,345.8,129.3,144.8,206.3,238.9,,,508.5,221.9,624.7,426.9,545.0,,,84.7,131.3,270.6,330.6,329.8,,,,,,,,,,,,,,,,,402.8,321.5,612.1,652.2,423.1,,,292.2,97.6,143.8,277.5,231.7,,,123.9,57.7,96.3,116.8,126.0,,,466.2,180.7,168.0,355.4,452.7,,,694.6,459.5,300.8,565.9,643.5,,,275.7,251.9,203.1,382.2,477.4,,,,,,,,,,,,,,,,,1116.5,1809.5,1673.1,2091.4,834.1,,,882.6,1080.9,574.3,1207.6,886.7,,,1820.9,1131.8,1543.4,1217.8,1252.1,,,1149.8,557.7,1527.0,1187.7,1390.9,,,1480.1,1059.1,949.4,1156.7,1294.2,,,728.8,826.9,1145.3,1367.8,1603.4,,,,,,,,,,,,,,,,,17.1,30.5,34.1,46.5,50.5,,,32.8,59.5,71.2,106.7,131.6,,,59.1,67.0,135.9,92.0,221.4,,,100.6,109.8,198.6,273.9,342.1,,,139.0,148.6,119.5,255.3,329.1,,,296.9,319.6,471.9,625.3,588.4,,,,,,,,,,,,,,,,,,,,,,,,,,,,,,,,,,,,,,,,,,,,,,,,,,,,,,,,,,,,,,,,,,,,,,,,,,,,,,,,,,,,,,,,,,,,,,,,,,,,,,,,,,,,,,,,,,,,,,,,,,,,,,,,
20260830_小倉_12R,20260830,81,小倉,12,134.0,85.8,361.0,642.5,295.1,,,121.5,21.5,68.4,520.2,212.8,,,45.0,10.9,44.8,145.5,91.9,,,593.3,196.7,179.1,1426.7,669.5,,,1063.2,896.1,385.1,1437.4,1695.8,,,576.7,604.0,399.7,805.1,1769.7,,,,,,,,,,,,,,,,,57.2,41.0,140.3,248.1,109.3,,,49.5,55.6,75.7,186.2,51.9,,,25.0,42.9,129.8,111.0,73.5,,,197.3,137.6,260.8,647.8,170.8,,,173.6,193.9,126.8,366.5,244.4,,,50.6,27.8,48.9,55.7,153.8,,,,,,,,,,,,,,,,,166.7,54.3,112.5,635.8,288.2,,,130.5,129.3,153.8,424.0,113.1,,,61.1,178.7,195.4,525.1,321.8,,,127.6,212.0,164.6,751.7,227.6,,,873.9,961.7,872.1,1266.2,1760.4,,,499.8,224.4,432.8,371.1,1138.2,,,,,,,,,,,,,,,,,30.0,9.5,27.6,52.6,56.3,,,45.5,85.4,227.0,197.7,134.7,,,31.0,113.5,118.9,314.6,215.6,,,144.7,495.4,241.9,777.5,641.6,,,78.4,230.9,250.0,445.8,502.5,,,284.3,358.1,442.5,701.0,852.7,,,,,,,,,,,,,,,,,774.8,235.2,274.3,1391.1,818.3,,,515.8,338.9,614.5,1394.0,436.0,,,160.9,318.2,184.7,927.1,275.9,,,254.8,666.5,284.3,1102.6,780.7,,,2099.8,2586.2,1967.2,1795.8,2449.1,,,1014.1,553.8,637.3,1031.3,2008.5,,,,,,,,,,,,,,,,,862.6,796.0,381.4,1361.4,1704.4,,,497.1,562.4,345.5,1239.3,691.9,,,976.4,1047.4,900.9,1742.1,2070.6,,,163.2,303.4,445.5,821.3,762.9,,,2247.8,2728.5,2329.9,1941.5,3115.5,,,2014.5,1379.7,2413.8,1488.5,2690.1,,,,,,,,,,,,,,,,,665.1,969.3,798.8,1333.0,2297.9,,,199.0,118.6,176.6,186.7,470.2,,,714.1,283.2,706.9,586.0,2218.0,,,657.3,491.0,826.4,1159.9,1486.9,,,1443.6,521.8,747.5,1278.3,2571.3,,,2371.1,1477.0,3037.8,2029.8,2925.1,,,,,,,,,,,,,,,,,,,,,,,,,,,,,,,,,,,,,,,,,,,,,,,,,,,,,,,,,,,,,,,,,,,,,,,,,,,,,,,,,,,,,,,,,,,,,,,,,,,,,,,,,,,,,,,,,,,,,,,,,,,,,,,,
20260830_いわき平_1R,20260830,13,いわき平,1,7.4,6.3,6.6,42.9,91.8,,,53.4,89.8,175.4,349.2,646.0,,,61.3,80.5,215.5,196.3,338.7,,,56.8,272.2,241.6,701.3,570.3,,,405.9,685.3,608.9,1054.0,1242.9,,,551.1,1733.0,1453.5,1315.5,1489.5,,,,,,,,,,,,,,,,,10.3,7.9,12.1,39.3,130.2,,,55.0,39.5,346.6,192.3,623.6,,,82.2,36.6,321.8,57.7,489.7,,,217.6,750.9,690.5,1287.3,2095.7,,,440.6,623.6,488.4,1716.5,1820.5,,,757.2,1287.3,1767.0,2371.5,2340.7,,,,,,,,,,,,,,,,,89.5,125.5,302.9,434.3,1306.0,,,77.4,128.8,522.4,247.2,974.2,,,56.4,80.4,375.4,49.1,443.9,,,938.7,1465.3,1193.6,1917.3,3834.7,,,1041.8,1072.8,393.5,2403.1,1653.5,,,2503.2,2048.1,1733.0,4005.2,2310.7,,,,,,,,,,,,,,,,,183.1,151.0,559.7,279.8,870.6,,,170.1,175.4,896.6,349.9,1066.4,,,59.8,91.3,447.2,46.5,405.0,,,1408.0,2371.5,1260.3,1375.8,3054.8,,,404.1,547.8,180.4,995.7,948.6,,,1733.0,2730.8,1217.8,3534.0,1733.0,,,,,,,,,,,,,,,,,419.1,1365.4,1514.5,3162.0,2371.5,,,513.4,1749.8,3107.4,5461.6,4505.8,,,1527.4,2002.6,3337.6,5461.6,5461.6,,,2281.4,4191.5,4096.2,2310.7,5301.0,,,3834.7,4621.4,5301.0,2145.6,2907.0,,,3754.8,5814.0,5301.0,7836.2,3218.4,,,,,,,,,,,,,,,,,1345.0,2095.7,1749.8,2954.6,3918.1,,,1234.4,1959.0,1820.5,3834.7,7209.3,,,1938.0,1959.0,655.3,4395.9,2690.0,,,1514.5,1609.2,617.2,1959.0,2954.6,,,3466.0,4743.0,6932.1,2650.5,3534.0,,,4395.9,6932.1,2954.6,5461.6,3400.6,,,,,,,,,,,,,,,,,1386.4,3834.7,2690.0,2860.8,4395.9,,,1527.4,1858.0,4191.5,3678.2,3754.8,,,3276.9,2225.1,2225.1,6214.9,2690.0,,,3466.0,4191.5,2650.5,6214.9,4191.5,,,3918.1,4871.2,5006.5,6436.9,3162.0,,,4395.9,5461.6,3003.9,5461.6,2860.8,,,,,,,,,,,,,,,,,,,,,,,,,,,,,,,,,,,,,,,,,,,,,,,,,,,,,,,,,,,,,,,,,,,,,,,,,,,,,,,,,,,,,,,,,,,,,,,,,,,,,,,,,,,,,,,,,,,,,,,,,,,,,,,,
20260830_いわき平_2R,20260830,13,いわき平,2,8.7,19.1,27.7,40.9,64.2,,,50.4,228.4,382.1,289.6,612.8,,,176.6,543.0,444.5,906.9,1282.9,,,209.3,734.7,582.6,1053.6,1201.9,,,342.9,739.1,1031.7,1756.1,1597.4,,,461.9,1949.6,2251.0,2230.7,2476.1,,,,,,,,,,,,,,,,,2.2,9.3,7.4,22.2,27.0,,,22.2,103.2,103.9,55.3,328.8,,,97.5,171.4,136.8,320.7,499.2,,,117.6,195.1,136.0,586.7,803.9,,,230.7,192.9,526.8,699.4,1076.5,,,439.8,1110.3,1219.7,1023.1,1368.0,,,,,,,,,,,,,,,,,97.6,494.2,711.5,407.2,1439.5,,,84.1,429.1,487.4,312.2,1135.8,,,1062.7,1006.5,1353.0,1456.5,4585.3,,,1639.8,1100.4,1500.6,2403.9,4502.0,,,545.3,625.2,1120.4,1448.0,1567.1,,,4671.8,4952.2,5382.8,5502.4,3537.2,,,,,,,,,,,,,,,,,468.0,1135.8,967.2,1567.1,3019.6,,,431.3,971.0,978.6,1431.2,3391.9,,,1519.0,1360.4,1949.6,2606.4,6190.2,,,934.3,881.1,1324.1,1629.0,1707.6,,,3346.0,2913.0,2846.0,2335.9,5268.3,,,4344.0,6692.1,8843.2,3439.0,6190.2,,,,,,,,,,,,,,,,,519.0,1528.4,948.6,2476.1,3439.0,,,480.7,868.8,859.7,1904.6,2662.4,,,1406.8,1345.7,1794.2,3134.3,6692.1,,,1036.0,952.3,1673.0,1707.6,1996.8,,,5268.3,3868.9,3809.3,2606.4,3588.5,,,6039.2,5502.4,7503.3,5268.3,3868.9,,,,,,,,,,,,,,,,,1310.1,1756.1,3258.0,4761.7,4952.2,,,1296.3,1310.1,2552.6,3751.6,5895.4,,,1360.4,1324.1,1707.6,3019.6,2751.2,,,5053.2,3588.5,3019.6,2751.2,6692.1,,,6692.1,4585.3,5382.8,3095.1,4761.7,,,6878.0,6878.0,4344.0,9999.9,4421.6,,,,,,,,,,,,,,,,,1473.8,4059.1,4126.8,4344.0,4196.7,,,1414.9,3174.4,4421.6,4344.0,5158.5,,,5053.2,7987.4,8253.6,9170.7,5895.4,,,5627.5,7282.6,9523.4,3993.7,9523.4,,,6348.9,6348.9,9170.7,5502.4,5053.2,,,6516.0,7503.3,5053.2,8253.6,3346.0,,,,,,,,,,,,,,,,,,,,,,,,,,,,,,,,,,,,,,,,,,,,,,,,,,,,,,,,,,,,,,,,,,,,,,,,,,,,,,,,,,,,,,,,,,,,,,,,,,,,,,,,,,,,,,,,,,,,,,,,,,,,,,,,
20260830_いわき平_3R,20260830,13,いわき平,3,81.4,26.0,61.9,64.7,136.4,,,94.5,60.3,47.5,170.8,290.0,,,14.7,47.6,38.5,8.5,97.6,,,87.8,75.8,78.3,157.2,309.0,,,50.9,207.9,19.5,144.8,197.7,,,118.4,333.7,113.6,252.7,211.9,,,,,,,,,,,,,,,,,115.6,26.8,155.1,91.4,183.5,,,171.3,191.1,206.6,390.2,440.0,,,31.7,140.9,168.7,53.0,146.0,,,306.8,233.4,326.0,500.0,521.9,,,133.1,384.2,93.9,461.1,292.9,,,226.0,426.1,173.3,400.2,247.7,,,,,,,,,,,,,,,,,211.0,150.2,132.3,548.9,900.0,,,315.9,314.9,263.7,625.2,757.6,,,358.7,390.2,600.0,611.1,1362.4,,,148.8,111.2,290.8,697.2,488.4,,,868.4,983.4,942.8,1274.7,2062.5,,,1455.9,1308.4,1980.0,891.9,2560.4,,,,,,,,,,,,,,,,,28.7,106.3,170.4,17.3,200.4,,,54.7,252.9,305.5,81.5,303.6,,,322.8,432.3,848.5,682.7,1356.1,,,673.4,750.0,1291.3,945.8,2267.2,,,33.2,66.1,393.3,393.3,329.2,,,477.5,586.9,1928.6,1716.8,627.9,,,,,,,,,,,,,,,,,362.6,344.9,427.9,876.1,1463.0,,,409.6,219.6,511.2,883.9,755.7,,,262.6,154.6,394.4,771.4,630.5,,,668.9,807.0,804.8,1024.1,2434.4,,,1343.9,1331.8,1716.8,1356.1,2434.4,,,1928.6,1076.1,1010.2,2605.3,2517.0,,,,,,,,,,,,,,,,,92.9,274.7,37.2,399.7,395.4,,,157.4,537.0,138.0,486.1,444.6,,,1064.5,1095.9,964.3,2076.9,2434.4,,,33.3,68.8,228.2,428.5,267.0,,,1263.8,1042.1,1631.9,1104.1,2250.0,,,748.1,769.4,2284.6,676.5,1697.1,,,,,,,,,,,,,,,,,161.9,538.0,102.8,393.9,314.9,,,193.3,560.3,188.0,283.4,356.5,,,822.7,798.4,1253.1,316.3,1867.9,,,204.5,228.4,986.7,881.3,286.9,,,891.9,631.9,740.6,1368.6,1441.7,,,631.9,561.4,1631.9,351.0,1049.4,,,,,,,,,,,,,,,,,,,,,,,,,,,,,,,,,,,,,,,,,,,,,,,,,,,,,,,,,,,,,,,,,,,,,,,,,,,,,,,,,,,,,,,,,,,,,,,,,,,,,,,,,,,,,,,,,,,,,,,,,,,,,,,,
20260830_いわき平_4R,20260830,13,いわき平,4,7.2,23.2,17.7,9.7,112.7,,,14.3,23.3,22.5,48.2,126.8,,,56.5,34.3,23.7,141.7,199.9,,,55.5,35.8,24.5,152.0,53.6,,,88.0,126.6,319.4,318.2,681.0,,,582.4,441.3,558.0,251.5,978.2,,,,,,,,,,,,,,,,,41.2,129.7,107.2,46.2,422.9,,,71.3,441.3,414.6,151.6,1167.5,,,416.7,789.2,1141.2,1286.0,3127.8,,,519.1,879.7,1126.0,1890.7,1508.0,,,216.3,372.5,1415.4,1456.0,2980.6,,,1735.3,3207.0,5067.1,4444.8,6032.3,,,,,,,,,,,,,,,,,13.8,52.0,30.9,61.5,111.0,,,32.0,198.7,163.4,59.6,464.8,,,105.0,235.9,100.6,291.2,468.3,,,114.7,180.3,125.4,291.2,141.3,,,180.0,230.5,404.7,407.9,833.4,,,692.2,1051.2,945.3,454.0,1162.1,,,,,,,,,,,,,,,,,246.4,181.6,204.1,560.5,822.5,,,456.5,765.4,1183.9,1423.3,3248.1,,,225.2,566.7,335.1,892.1,1092.0,,,244.3,578.4,298.4,1029.9,321.9,,,934.8,2282.5,1340.5,1723.5,4780.3,,,2282.5,4368.2,2412.9,1096.7,4691.8,,,,,,,,,,,,,,,,,230.9,188.2,172.3,754.0,319.8,,,409.3,934.8,841.7,1439.5,1151.6,,,262.2,663.2,335.5,1260.4,688.4,,,199.4,442.9,248.6,784.3,217.6,,,1634.5,2076.7,1700.3,1544.8,1376.9,,,738.6,1051.2,819.9,389.7,1241.9,,,,,,,,,,,,,,,,,472.6,666.7,1735.3,1964.0,3089.7,,,448.4,1116.1,2980.6,2946.0,7037.7,,,772.4,1151.6,1369.5,2436.1,3958.7,,,3127.8,3568.4,2147.0,2879.0,7917.4,,,3248.1,4021.5,3671.8,3089.7,2184.1,,,4606.5,9744.5,6496.3,9744.5,2184.1,,,,,,,,,,,,,,,,,2533.5,2585.2,3378.1,3016.1,3378.1,,,2815.0,4691.8,7677.5,6032.3,6032.3,,,2666.9,4691.8,3897.8,3333.6,5067.1,,,4780.3,7451.6,4691.8,2262.1,8445.2,,,2912.1,3725.8,2666.9,1517.1,1994.9,,,4606.5,8736.4,7037.7,7917.4,2242.1,,,,,,,,,,,,,,,,,,,,,,,,,,,,,,,,,,,,,,,,,,,,,,,,,,,,,,,,,,,,,,,,,,,,,,,,,,,,,,,,,,,,,,,,,,,,,,,,,,,,,,,,,,,,,,,,,,,,,,,,,,,,,,,,
20260830_いわき平_5R,20260830,13,いわき平,5,7.8,35.2,67.4,143.4,50.2,,,8.0,37.2,40.9,143.9,62.4,,,79.2,71.4,53.9,63.7,187.3,,,71.6,52.1,22.7,89.6,188.5,,,497.3,562.6,161.0,311.7,573.1,,,90.1,122.3,160.5,229.7,287.3,,,,,,,,,,,,,,,,,18.4,73.7,160.8,305.5,151.1,,,15.3,35.4,82.0,188.3,100.0,,,212.6,146.9,421.8,534.4,717.0,,,325.2,217.9,415.5,1199.8,1382.7,,,997.8,765.1,1113.1,2069.4,2427.9,,,572.0,374.6,1024.4,1614.3,2267.2,,,,,,,,,,,,,,,,,18.5,65.9,88.6,220.5,125.4,,,14.2,31.5,54.0,148.8,120.5,,,184.7,153.4,221.6,346.0,638.4,,,154.4,148.1,102.7,508.8,1074.3,,,776.6,697.6,802.9,1117.2,2097.6,,,609.3,608.1,1063.2,1761.9,1732.2,,,,,,,,,,,,,,,,,337.3,410.0,412.2,555.5,800.9,,,413.3,379.2,643.7,912.2,1549.4,,,514.7,421.2,660.2,1101.2,1666.7,,,304.0,424.7,503.8,143.5,975.7,,,670.3,909.5,1125.3,450.1,1306.5,,,1891.7,2681.2,2318.4,2015.3,2141.3,,,,,,,,,,,,,,,,,183.9,153.6,64.5,279.5,556.5,,,287.1,241.4,254.4,851.7,1534.0,,,188.3,180.2,125.2,556.5,1868.7,,,77.0,192.2,155.8,40.9,635.7,,,837.9,1732.2,1622.8,247.4,1846.4,,,2250.7,3245.7,3388.4,2002.2,2591.1,,,,,,,,,,,,,,,,,2042.0,2613.1,1868.7,3211.9,3953.1,,,2548.3,2591.1,3146.4,5054.9,7520.7,,,2613.1,2613.1,2284.0,5226.2,7708.7,,,1657.7,2335.9,2506.9,1121.2,3023.0,,,4004.5,5409.6,6292.8,1233.3,5139.1,,,5226.2,8114.4,8114.4,4743.8,5054.9,,,,,,,,,,,,,,,,,1059.6,1089.5,1475.3,2267.2,1951.5,,,1323.3,1268.9,3854.3,4342.9,4817.9,,,1306.5,1468.3,2728.7,3760.3,4468.8,,,3083.4,4282.6,3211.9,3760.3,3315.5,,,3245.7,5929.7,4671.9,4004.5,4671.9,,,4282.6,7708.7,6852.2,4743.8,3903.1,,,,,,,,,,,,,,,,,,,,,,,,,,,,,,,,,,,,,,,,,,,,,,,,,,,,,,,,,,,,,,,,,,,,,,,,,,,,,,,,,,,,,,,,,,,,,,,,,,,,,,,,,,,,,,,,,,,,,,,,,,,,,,,,
20260830_いわき平_6R,20260830,13,いわき平,6,14.1,0.0,64.3,100.1,127.3,,,38.4,0.0,273.8,471.6,427.6,,,0.0,0.0,0.0,0.0,0.0,,,262.4,516.8,0.0,670.3,1079.8,,,579.2,938.9,0.0,950.7,1542.6,,,643.2,1132.3,0.0,1778.5,1913.6,,,,,,,,,,,,,,,,,3.0,0.0,17.7,28.3,55.4,,,4.9,0.0,13.6,21.7,48.5,,,0.0,0.0,0.0,0.0,0.0,,,49.4,30.4,0.0,36.1,146.9,,,96.2,48.7,0.0,53.2,187.3,,,265.6,207.5,0.0,370.0,364.2,,,,,,,,,,,,,,,,,30.8,0.0,213.6,331.8,367.8,,,15.4,0.0,59.2,98.0,126.5,,,0.0,0.0,0.0,0.0,0.0,,,409.1,170.2,0.0,359.5,709.7,,,636.5,336.3,0.0,508.1,849.2,,,947.8,543.7,0.0,1075.9,1204.5,,,,,,,,,,,,,,,,,0.0,0.0,0.0,0.0,0.0,,,0.0,0.0,0.0,0.0,0.0,,,0.0,0.0,0.0,0.0,0.0,,,0.0,0.0,0.0,0.0,0.0,,,0.0,0.0,0.0,0.0,0.0,,,0.0,0.0,0.0,0.0,0.0,,,,,,,,,,,,,,,,,411.3,698.2,0.0,1091.5,2418.7,,,268.5,156.4,0.0,204.5,839.8,,,623.4,244.0,0.0,475.3,1519.3,,,0.0,0.0,0.0,0.0,0.0,,,695.0,241.1,284.6,0.0,637.8,,,3149.4,2002.3,2308.0,0.0,1286.5,,,,,,,,,,,,,,,,,950.7,2042.9,0.0,1843.5,3732.7,,,709.7,352.3,0.0,433.7,1643.2,,,1412.8,433.7,0.0,713.0,1599.7,,,0.0,0.0,0.0,0.0,0.0,,,1154.0,429.4,451.9,0.0,1132.3,,,3827.2,3117.0,2478.2,0.0,1634.3,,,,,,,,,,,,,,,,,1199.8,2029.1,0.0,3876.2,3687.1,,,988.0,698.2,0.0,2029.1,2273.3,,,2099.6,978.4,0.0,2723.8,2129.2,,,0.0,0.0,0.0,0.0,0.0,,,3827.2,2273.3,2562.2,0.0,1708.1,,,3876.2,3182.6,2256.3,0.0,1757.8,,,,,,,,,,,,,,,,,,,,,,,,,,,,,,,,,,,,,,,,,,,,,,,,,,,,,,,,,,,,,,,,,,,,,,,,,,,,,,,,,,,,,,,,,,,,,,,,,,,,,,,,,,,,,,,,,,,,,,,,,,,,,,,,
20260830_いわき平_7R,20260830,13,いわき平,7,12.4,16.3,25.6,6.1,96.5,,,32.9,62.1,115.2,114.8,558.1,,,68.0,95.1,188.0,179.6,582.7,,,97.6,235.2,304.1,261.7,392.4,,,46.1,185.0,178.8,255.1,441.7,,,521.0,1861.5,1447.0,904.4,924.0,,,,,,,,,,,,,,,,,17.6,16.7,18.3,6.2,72.8,,,58.0,77.5,150.2,207.8,555.7,,,100.0,135.0,241.9,305.0,635.9,,,72.1,244.8,248.3,371.9,192.3,,,116.8,465.3,463.6,685.9,1111.5,,,430.8,1286.8,1068.1,516.1,1221.2,,,,,,,,,,,,,,,,,42.7,50.6,113.7,144.4,500.6,,,74.9,134.4,221.1,336.6,978.2,,,43.0,73.5,85.1,197.2,328.0,,,329.1,398.6,265.3,1003.8,712.7,,,574.9,787.4,692.1,1389.3,2778.7,,,1870.5,2095.4,1205.8,1458.0,4308.6,,,,,,,,,,,,,,,,,213.3,163.6,439.2,408.8,990.8,,,236.7,284.8,656.6,765.4,1527.7,,,95.4,168.0,192.8,430.3,477.5,,,574.0,821.1,415.4,1322.3,1042.0,,,1105.1,1571.6,1209.6,2118.6,2883.2,,,1946.5,2681.6,1540.0,1986.9,2972.6,,,,,,,,,,,,,,,,,106.3,316.1,311.2,198.9,200.1,,,136.5,419.5,516.8,625.5,392.9,,,420.0,527.4,389.3,1515.6,837.2,,,435.2,673.9,390.8,1053.4,695.9,,,919.5,1151.5,2282.5,1696.7,1257.2,,,188.1,253.7,624.5,555.7,322.2,,,,,,,,,,,,,,,,,271.1,776.2,819.3,1144.6,1340.8,,,336.0,1286.8,1269.7,2490.0,3617.6,,,1308.7,1638.7,1571.6,3953.3,5401.0,,,2007.7,2269.0,2338.2,3249.7,4079.4,,,2522.8,2927.2,4511.4,3583.8,2799.0,,,3759.5,5045.6,6972.2,5478.1,3393.5,,,,,,,,,,,,,,,,,1486.3,4036.5,3687.2,1497.9,2458.1,,,1584.5,4036.5,4079.4,1704.3,3912.9,,,3912.9,4213.9,3195.6,2739.0,6185.0,,,3912.9,4793.4,3169.1,2663.0,5112.9,,,887.6,998.6,1474.8,1515.6,1898.3,,,4079.4,5253.0,5112.9,5557.5,2700.5,,,,,,,,,,,,,,,,,,,,,,,,,,,,,,,,,,,,,,,,,,,,,,,,,,,,,,,,,,,,,,,,,,,,,,,,,,,,,,,,,,,,,,,,,,,,,,,,,,,,,,,,,,,,,,,,,,,,,,,,,,,,,,,,
20260830_静岡_1R,20260830,38,静岡,1,30.9,12.1,66.9,49.7,155.8,,,171.3,168.2,474.8,649.4,600.6,,,7.6,29.5,22.9,29.0,123.7,,,192.1,394.7,82.0,197.0,483.9,,,188.0,536.9,88.2,198.6,278.8,,,1026.7,2053.5,638.4,1688.4,1196.5,,,,,,,,,,,,,,,,,139.4,67.3,237.0,268.9,491.7,,,359.2,630.5,1134.0,1177.9,1973.5,,,109.2,403.0,439.1,595.9,825.8,,,633.1,1550.6,675.3,1534.9,2081.6,,,1047.9,1876.0,1134.0,2302.4,2575.5,,,1787.7,3798.9,2110.5,3039.1,3376.8,,,,,,,,,,,,,,,,,268.9,297.9,787.3,1109.1,1688.4,,,343.0,646.6,1298.8,1206.0,2374.3,,,244.3,400.9,410.7,646.6,1215.6,,,1276.9,1707.4,926.5,2026.1,3896.4,,,1809.0,1707.4,1235.4,1853.1,2412.0,,,2814.0,4107.0,2302.4,4901.9,4107.0,,,,,,,,,,,,,,,,,6.8,34.8,25.7,35.8,105.0,,,35.6,100.0,92.2,183.5,293.3,,,119.7,164.1,127.5,297.9,400.9,,,21.0,44.3,84.4,13.5,105.0,,,75.2,183.9,287.8,30.0,133.7,,,425.6,617.7,763.6,187.1,397.8,,,,,,,,,,,,,,,,,479.3,955.7,118.0,476.3,1616.5,,,693.8,1504.5,197.8,1475.3,2922.3,,,1475.3,1582.9,212.5,1787.7,3101.2,,,69.9,110.9,164.1,35.1,289.9,,,564.9,1062.6,1225.4,74.5,479.3,,,3376.8,3618.0,3998.9,240.0,1013.0,,,,,,,,,,,,,,,,,697.0,2302.4,279.8,603.0,1255.8,,,1475.3,2575.5,999.7,2412.0,3998.9,,,2713.5,2374.3,1332.9,3101.2,3998.9,,,219.9,482.4,858.5,102.2,366.1,,,697.0,1369.0,1651.7,130.3,684.5,,,2026.1,3998.9,3376.8,920.9,1177.9,,,,,,,,,,,,,,,,,3618.0,5628.1,1923.5,9497.4,3453.6,,,4107.0,7236.1,2713.5,6331.6,5427.1,,,4469.4,7597.9,5239.9,8442.2,6078.3,,,1746.6,3303.4,3896.4,2268.0,1809.0,,,6078.3,4901.9,6331.6,2412.0,1948.2,,,2867.1,4469.4,5628.1,1973.5,1616.5,,,,,,,,,,,,,,,,,,,,,,,,,,,,,,,,,,,,,,,,,,,,,,,,,,,,,,,,,,,,,,,,,,,,,,,,,,,,,,,,,,,,,,,,,,,,,,,,,,,,,,,,,,,,,,,,,,,,,,,,,,,,,,,,
20260830_静岡_2R,20260830,38,静岡,2,64.1,176.8,213.1,319.1,220.3,,,43.5,95.8,212.7,225.7,108.0,,,157.0,194.9,408.1,578.0,171.7,,,671.2,657.2,1138.3,1072.0,1472.2,,,751.1,647.6,1066.8,1132.4,1003.7,,,155.1,131.4,105.5,492.9,603.3,,,,,,,,,,,,,,,,,61.6,218.6,162.6,315.4,415.0,,,16.2,133.3,5.9,23.9,129.9,,,814.8,486.4,1156.1,1330.3,2208.3,,,162.0,27.3,517.1,97.7,753.6,,,546.6,144.8,1482.0,318.2,2144.0,,,783.0,459.1,1738.8,1452.8,1685.7,,,,,,,,,,,,,,,,,21.5,33.9,75.4,99.4,45.0,,,7.8,76.3,3.6,20.1,49.3,,,229.5,364.4,890.4,783.0,690.1,,,195.5,40.3,685.8,226.4,731.2,,,283.4,155.9,872.8,351.6,733.6,,,85.9,148.5,348.3,369.2,389.4,,,,,,,,,,,,,,,,,894.0,985.8,1937.1,1635.7,852.6,,,1213.3,1577.3,3200.4,3067.1,3680.5,,,1254.7,1766.6,2726.3,2044.7,3025.0,,,3296.0,3807.4,4246.7,2208.3,6495.0,,,3296.0,4015.1,2660.6,2324.5,6309.4,,,1072.0,4416.6,4246.7,5968.4,4506.7,,,,,,,,,,,,,,,,,964.3,1056.6,2567.8,2426.7,3397.4,,,546.6,118.5,1711.8,216.5,2276.6,,,817.8,247.2,3067.1,811.8,2984.2,,,3680.5,4246.7,4600.6,2374.5,7361.0,,,2400.3,939.7,1144.2,2400.3,2760.4,,,5968.4,5257.9,4330.0,9601.4,3450.5,,,,,,,,,,,,,,,,,1752.6,1415.5,3067.1,2628.9,2905.6,,,1555.1,506.4,3561.8,890.4,6901.0,,,1180.9,559.0,1971.7,1254.7,2103.1,,,4416.6,4166.6,3110.3,3247.5,8178.9,,,3680.5,1233.6,1522.9,3345.9,3397.4,,,4600.6,8178.9,2230.6,8833.2,3505.2,,,,,,,,,,,,,,,,,282.3,247.0,283.1,1648.0,1502.2,,,625.5,588.8,1672.9,1698.7,4089.4,,,307.1,360.2,1795.3,1660.3,1388.8,,,923.9,1937.1,3397.4,8493.5,6691.8,,,4800.7,3505.2,3110.3,7886.8,3110.3,,,3450.5,6691.8,2044.7,7886.8,2867.9,,,,,,,,,,,,,,,,,,,,,,,,,,,,,,,,,,,,,,,,,,,,,,,,,,,,,,,,,,,,,,,,,,,,,,,,,,,,,,,,,,,,,,,,,,,,,,,,,,,,,,,,,,,,,,,,,,,,,,,,,,,,,,,,
20260830_静岡_3R,20260830,38,静岡,3,15.9,14.3,31.9,19.4,39.5,,,14.8,24.2,50.1,37.7,18.3,,,11.9,14.7,3.5,66.2,47.3,,,89.4,121.9,23.7,241.8,218.1,,,81.0,120.5,188.8,295.3,256.4,,,96.7,62.7,199.2,303.8,178.8,,,,,,,,,,,,,,,,,163.4,69.1,137.0,115.6,277.8,,,264.6,813.7,999.3,637.9,720.1,,,293.3,955.7,663.7,801.3,1740.6,,,757.4,1501.9,1200.1,1864.1,2576.8,,,265.4,515.3,528.8,782.2,839.7,,,1128.0,1245.6,2602.3,2888.3,1904.6,,,,,,,,,,,,,,,,,91.5,67.2,167.3,216.1,125.2,,,209.9,503.5,539.7,487.6,516.3,,,206.1,591.9,430.1,744.5,658.7,,,571.3,1239.8,829.1,1632.5,1452.1,,,585.3,761.8,969.8,988.1,1086.1,,,212.1,412.6,350.4,647.3,831.7,,,,,,,,,,,,,,,,,129.1,152.6,62.0,314.0,433.7,,,414.5,1178.6,842.4,1216.8,2479.6,,,313.2,1090.6,811.2,1275.9,1484.9,,,217.7,761.8,718.1,1327.4,2346.7,,,932.0,1976.2,1932.6,2069.6,3809.2,,,2154.4,7509.7,2654.9,5713.9,6112.5,,,,,,,,,,,,,,,,,884.9,1173.3,259.7,2576.8,3504.5,,,1341.0,3166.7,1961.5,3504.5,6112.5,,,1334.2,3600.5,3021.1,4531.7,5256.8,,,294.3,1653.0,2305.6,2527.3,4611.2,,,5153.7,5840.9,7103.8,3982.4,3982.4,,,5475.8,9999.9,7509.7,9387.1,4778.9,,,,,,,,,,,,,,,,,858.9,977.1,1200.1,2503.2,2826.2,,,667.1,1163.0,1163.0,2246.5,2136.9,,,1059.8,1684.8,1752.2,4172.0,2920.4,,,1642.7,2527.3,2456.4,3166.7,6112.5,,,4454.9,5475.8,6410.7,3754.8,4531.7,,,3982.4,4380.6,3754.8,6258.1,3754.8,,,,,,,,,,,,,,,,,1376.1,710.3,1484.9,3285.5,2856.9,,,1991.2,1946.9,4867.4,5256.8,3504.5,,,609.8,1113.7,1347.9,2086.0,1877.4,,,2766.7,7301.1,3413.5,7509.7,8761.3,,,6739.5,8213.7,5054.6,9999.9,4867.4,,,4454.9,4778.9,3865.3,8213.7,3650.5,,,,,,,,,,,,,,,,,,,,,,,,,,,,,,,,,,,,,,,,,,,,,,,,,,,,,,,,,,,,,,,,,,,,,,,,,,,,,,,,,,,,,,,,,,,,,,,,,,,,,,,,,,,,,,,,,,,,,,,,,,,,,,,,
20260830_静岡_4R,20260830,38,静岡,4,61.0,82.4,123.6,371.7,568.7,,,90.4,138.0,198.3,470.5,891.3,,,74.4,85.3,43.5,439.3,377.8,,,194.0,196.5,107.2,690.0,459.6,,,1318.0,1324.3,1390.5,1749.0,3350.6,,,1841.7,1944.7,1376.7,1645.5,3758.1,,,,,,,,,,,,,,,,,24.5,26.4,33.7,120.8,297.1,,,7.0,11.4,24.4,5.0,112.5,,,18.4,29.1,63.8,151.8,413.8,,,89.0,107.0,133.3,364.0,662.1,,,547.4,169.3,613.9,840.1,1219.7,,,1125.9,695.2,1225.1,1287.5,1448.4,,,,,,,,,,,,,,,,,85.9,150.3,243.5,311.0,785.6,,,19.7,32.5,55.9,15.0,203.5,,,205.0,99.1,305.9,332.2,1178.4,,,543.1,304.9,681.6,801.4,2044.8,,,571.0,175.5,753.6,894.2,1545.0,,,2155.8,1057.4,2809.1,3565.4,2623.6,,,,,,,,,,,,,,,,,64.3,80.0,45.1,374.8,454.4,,,62.4,64.3,142.8,349.8,668.5,,,163.9,93.1,241.6,252.5,1090.6,,,201.6,306.6,375.3,552.8,1324.3,,,1675.3,1178.4,1311.8,2015.2,6467.5,,,1675.3,2122.9,2809.1,3271.8,4635.1,,,,,,,,,,,,,,,,,517.8,547.4,275.6,1337.0,888.5,,,599.3,709.4,739.6,2139.2,2337.0,,,866.3,785.6,1153.9,2172.7,3565.4,,,415.7,822.7,908.8,1695.7,2000.7,,,3758.1,3233.7,4635.1,3056.1,3611.7,,,3056.1,4030.5,5793.8,4414.3,3565.4,,,,,,,,,,,,,,,,,1931.2,2418.3,3972.9,4713.6,6783.0,,,1917.9,534.8,1760.1,3862.5,5793.8,,,2172.7,506.5,1794.2,4559.1,4713.6,,,5453.0,2000.7,2418.3,4150.8,9932.3,,,5675.6,3809.6,5675.6,3520.3,5056.4,,,8690.8,6952.6,5917.1,9932.3,5247.2,,,,,,,,,,,,,,,,,3520.3,4414.3,2528.2,4150.8,6467.5,,,3160.2,1986.4,3862.5,4794.9,5453.0,,,4030.5,2809.1,4966.1,7945.8,4414.3,,,3196.6,5675.6,5453.0,6952.6,9932.3,,,4559.1,4213.7,7130.9,5793.8,3708.0,,,8427.4,9270.2,5917.1,9589.8,3659.2,,,,,,,,,,,,,,,,,,,,,,,,,,,,,,,,,,,,,,,,,,,,,,,,,,,,,,,,,,,,,,,,,,,,,,,,,,,,,,,,,,,,,,,,,,,,,,,,,,,,,,,,,,,,,,,,,,,,,,,,,,,,,,,,
20260830_静岡_5R,20260830,38,静岡,5,144.5,95.8,102.7,440.8,291.7,,,222.3,140.4,380.9,438.8,537.0,,,95.0,116.7,253.2,275.3,317.3,,,197.4,545.0,480.9,1176.3,980.7,,,988.0,820.3,860.8,1650.8,1422.5,,,532.0,781.9,596.0,813.6,1315.2,,,,,,,,,,,,,,,,,64.2,36.9,45.4,175.4,146.2,,,73.0,29.6,66.7,125.2,240.9,,,22.8,16.5,30.4,93.0,161.5,,,32.2,40.3,32.4,182.4,148.0,,,443.2,371.7,324.2,602.3,976.0,,,363.0,671.9,482.1,402.3,1238.1,,,,,,,,,,,,,,,,,261.5,157.3,509.0,392.8,812.0,,,223.7,102.1,319.6,229.4,751.2,,,69.6,59.2,186.3,53.4,213.8,,,725.4,610.5,522.3,1201.0,2461.0,,,587.3,310.4,172.6,1302.4,1211.9,,,1806.9,2318.7,860.8,3932.8,1591.8,,,,,,,,,,,,,,,,,25.3,19.3,93.9,52.6,71.0,,,20.5,24.0,40.7,96.8,153.3,,,11.0,21.7,98.8,8.6,86.2,,,223.7,162.1,249.6,605.9,756.8,,,131.4,247.6,53.5,730.6,495.2,,,237.0,462.1,318.3,1204.6,930.7,,,,,,,,,,,,,,,,,170.4,642.8,514.9,1355.2,755.4,,,119.8,264.6,188.0,652.2,383.1,,,849.8,626.7,774.4,1928.5,2674.3,,,505.8,317.1,611.5,1281.6,1798.8,,,2993.6,1976.0,3680.2,2345.8,2766.5,,,1211.9,889.4,4011.4,3932.8,3581.6,,,,,,,,,,,,,,,,,1560.8,1211.9,1166.1,2949.6,2476.2,,,1469.4,1306.6,1072.5,2949.6,4178.6,,,1058.4,1245.7,367.0,3109.6,2266.3,,,976.0,980.7,399.5,2036.2,2133.7,,,3932.8,4313.4,4610.8,2885.9,4664.4,,,3820.4,5142.9,4267.5,3518.8,5014.3,,,,,,,,,,,,,,,,,1427.5,2332.2,1604.5,2993.6,2928.0,,,1508.0,2728.8,2266.3,2292.2,4892.0,,,2710.4,3342.8,1156.0,5278.2,3209.1,,,1560.8,1985.8,1058.4,3749.0,2885.9,,,3518.8,2824.9,5420.8,5014.3,4457.1,,,4267.5,5420.8,4222.5,3581.6,4011.4,,,,,,,,,,,,,,,,,,,,,,,,,,,,,,,,,,,,,,,,,,,,,,,,,,,,,,,,,,,,,,,,,,,,,,,,,,,,,,,,,,,,,,,,,,,,,,,,,,,,,,,,,,,,,,,,,,,,,,,,,,,,,,,,
20260830_静岡_6R,20260830,38,静岡,6,7.6,48.9,13.8,1.6,22.7,,,50.3,68.3,36.6,98.9,230.5,,,274.9,196.4,292.7,527.0,756.5,,,47.2,27.0,155.9,92.9,218.9,,,36.4,162.2,393.1,202.0,112.2,,,310.9,807.6,1243.8,771.5,381.0,,,,,,,,,,,,,,,,,56.8,211.9,84.9,15.5,110.6,,,337.6,1369.8,641.1,670.1,3078.7,,,1394.4,3936.1,3615.7,3048.5,7773.8,,,332.2,764.0,2657.7,901.3,2680.6,,,122.6,654.6,1570.4,858.9,637.1,,,1075.9,4038.3,7403.6,5552.7,1628.0,,,,,,,,,,,,,,,,,393.1,868.5,383.8,863.7,2337.9,,,567.4,2144.5,1301.0,1547.0,5015.3,,,1756.7,2355.7,1006.3,3936.1,6219.0,,,442.9,814.0,501.5,1274.3,2129.8,,,1346.1,1980.5,4935.7,2221.0,8637.5,,,5758.3,9999.9,9999.9,6759.8,9999.9,,,,,,,,,,,,,,,,,1839.9,2467.8,2410.4,2751.7,3658.2,,,2680.6,4379.6,5552.7,4572.8,9422.8,,,2727.6,4146.0,1191.3,6478.1,8637.5,,,4572.8,5867.0,1284.9,6616.0,9999.9,,,5361.2,5758.3,8637.5,9145.6,9999.9,,,8637.5,9999.9,9999.9,9999.9,9999.9,,,,,,,,,,,,,,,,,195.1,244.4,733.3,448.7,1143.2,,,359.4,701.9,1689.9,829.2,2189.8,,,302.4,450.0,304.5,838.1,1708.5,,,2174.4,3455.0,856.6,2906.1,7067.1,,,1306.5,1756.7,2101.0,5361.2,5015.3,,,4572.8,7584.2,5979.8,9999.9,9717.2,,,,,,,,,,,,,,,,,325.9,1306.5,3379.9,1459.8,1787.0,,,272.7,1737.1,3078.7,2159.3,1818.4,,,1645.2,2467.8,4641.0,3379.9,9999.9,,,6759.8,6616.0,9999.9,9999.9,9999.9,,,1787.0,3078.7,3140.9,9999.9,9717.2,,,2961.4,2189.8,9717.2,9999.9,9145.6,,,,,,,,,,,,,,,,,2507.6,8884.3,8182.9,5097.5,3615.7,,,2635.1,9999.9,9999.9,9999.9,3379.9,,,8637.5,9999.9,9999.9,9999.9,9999.9,,,7773.8,9999.9,9999.9,9999.9,9999.9,,,6910.0,9999.9,9999.9,9999.9,9999.9,,,3455.0,2045.7,9999.9,9999.9,7773.8,,,,,,,,,,,,,,,,,,,,,,,,,,,,,,,,,,,,,,,,,,,,,,,,,,,,,,,,,,,,,,,,,,,,,,,,,,,,,,,,,,,,,,,,,,,,,,,,,,,,,,,,,,,,,,,,,,,,,,,,,,,,,,,,
20260830_静岡_7R,20260830,38,静岡,7,14.3,2.1,34.8,27.0,30.7,,,25.0,30.3,8.0,146.6,52.2,,,11.6,45.7,63.5,54.7,92.9,,,70.1,15.4,67.4,213.6,54.4,,,327.7,538.7,341.7,578.6,475.9,,,91.7,87.1,122.0,92.3,241.2,,,,,,,,,,,,,,,,,221.3,80.6,343.7,494.5,472.8,,,472.2,1074.3,1106.7,2254.1,2325.5,,,329.8,1137.5,1556.9,925.5,2148.7,,,1134.0,1725.0,2465.9,4223.3,4480.8,,,1954.4,5567.1,2449.5,5832.2,6561.2,,,1766.4,4037.7,3310.1,5926.3,6227.6,,,,,,,,,,,,,,,,,171.2,221.7,84.8,731.9,404.6,,,363.7,844.6,665.6,2742.0,1783.6,,,669.2,1232.9,889.6,2939.4,2385.9,,,132.9,385.1,469.8,1151.8,436.8,,,3036.6,4374.1,6804.2,3532.9,6680.5,,,1280.2,2826.3,3499.3,1245.5,5033.3,,,,,,,,,,,,,,,,,430.2,802.2,1258.3,1783.6,1913.7,,,611.3,2433.3,3087.6,2254.1,4082.5,,,1061.9,2449.5,2551.6,6023.4,7654.8,,,2041.2,3567.2,2762.6,8748.3,8350.7,,,3340.2,3087.6,9421.3,8165.1,4965.2,,,3602.2,9185.7,9999.9,7348.6,7817.6,,,,,,,,,,,,,,,,,763.8,272.1,866.5,2939.4,1127.0,,,1196.8,2161.3,3167.5,9185.7,6804.2,,,278.5,998.4,1043.8,2569.4,956.8,,,1846.3,4651.0,2254.1,7817.6,5741.1,,,9930.5,9999.9,8350.7,9999.9,9999.9,,,2482.6,6227.6,2041.2,7817.6,9421.3,,,,,,,,,,,,,,,,,3433.9,5103.2,3113.8,7498.5,6335.0,,,4082.5,9999.9,5249.0,9999.9,9999.9,,,5926.3,9999.9,8350.7,9669.2,9999.9,,,5033.3,5325.0,9999.9,9999.9,9999.9,,,9999.9,9999.9,9999.9,9999.9,9999.9,,,8961.7,9999.9,9999.9,9999.9,9999.9,,,,,,,,,,,,,,,,,1100.0,1258.3,1933.8,1583.7,2662.5,,,1986.1,4592.8,3749.2,7654.8,6446.1,,,1701.0,4322.7,5103.2,1903.7,5832.2,,,4223.3,6123.8,7348.6,7654.8,7654.8,,,2662.5,5652.7,1944.0,5403.3,8165.1,,,6335.0,9999.9,9999.9,9999.9,8544.9,,,,,,,,,,,,,,,,,,,,,,,,,,,,,,,,,,,,,,,,,,,,,,,,,,,,,,,,,,,,,,,,,,,,,,,,,,,,,,,,,,,,,,,,,,,,,,,,,,,,,,,,,,,,,,,,,,,,,,,,,,,,,,,,
20260830_岐阜_1R,20260830,43,岐阜,1,14.1,20.1,73.3,134.7,177.2,,,27.3,41.8,75.0,185.6,328.1,,,14.7,18.1,83.6,87.5,158.6,,,302.7,242.5,348.6,624.7,1063.6,,,292.9,264.5,235.1,732.9,559.0,,,391.3,493.8,372.3,1091.6,426.7,,,,,,,,,,,,,,,,,12.6,22.6,53.1,103.0,172.4,,,6.7,37.0,10.7,62.4,161.9,,,51.5,93.3,258.3,285.6,507.1,,,200.7,127.9,574.5,791.6,1420.6,,,256.7,217.6,584.2,791.6,664.8,,,326.1,576.1,751.5,1440.4,675.6,,,,,,,,,,,,,,,,,34.8,133.6,60.7,419.0,565.1,,,21.1,80.4,22.1,172.8,274.3,,,292.9,206.5,488.0,987.7,1411.0,,,81.0,58.1,468.2,527.7,732.9,,,1382.7,680.0,1296.3,1714.1,2279.3,,,1047.5,725.2,1885.6,1280.3,1743.0,,,,,,,,,,,,,,,,,37.8,56.1,286.8,163.7,315.2,,,99.0,156.7,611.8,544.4,938.5,,,235.4,228.9,671.2,1047.5,1803.6,,,1392.0,2013.7,1994.4,2529.4,4714.0,,,488.0,1525.1,1127.2,1920.5,1583.3,,,727.7,2033.5,2729.1,4148.3,1192.0,,,,,,,,,,,,,,,,,823.0,606.4,1851.9,3913.5,3841.0,,,797.7,288.4,1920.5,3913.5,2802.9,,,540.1,287.2,1559.5,3240.9,4509.0,,,1956.7,2183.3,1450.4,4233.0,3576.1,,,4413.1,3400.2,3988.8,3913.5,3006.0,,,2880.8,4233.0,3913.5,6690.8,3050.2,,,,,,,,,,,,,,,,,921.8,925.9,473.5,2880.8,1139.6,,,955.8,425.0,2013.7,3345.4,1728.4,,,1133.4,756.9,1063.6,2183.3,2729.1,,,652.2,1851.9,1714.1,3292.3,2183.3,,,4067.0,4321.2,4509.0,3988.8,2841.3,,,897.9,1178.5,1430.4,1525.1,1481.5,,,,,,,,,,,,,,,,,782.7,1242.0,819.8,2384.1,1103.2,,,930.1,1103.2,1994.4,3638.9,1646.1,,,1503.0,1264.7,2765.5,2357.0,2357.0,,,1074.7,2499.0,3142.6,4823.6,2304.6,,,3345.4,5318.4,3771.2,5605.8,2499.0,,,788.6,1103.2,1321.1,1355.6,1158.7,,,,,,,,,,,,,,,,,,,,,,,,,,,,,,,,,,,,,,,,,,,,,,,,,,,,,,,,,,,,,,,,,,,,,,,,,,,,,,,,,,,,,,,,,,,,,,,,,,,,,,,,,,,,,,,,,,,,,,,,,,,,,,,,
20260830_岐阜_2R,20260830,43,岐阜,2,7.2,13.0,16.6,11.6,52.9,,,65.4,60.2,71.6,501.2,525.6,,,105.2,84.4,184.2,822.2,333.9,,,71.0,60.7,137.1,657.0,587.0,,,194.2,719.2,859.9,873.3,1272.4,,,473.4,956.5,966.3,1332.7,2533.4,,,,,,,,,,,,,,,,,8.1,15.3,19.0,7.0,38.4,,,62.6,120.1,190.7,266.5,409.3,,,80.6,161.9,221.7,329.6,334.3,,,78.7,205.8,225.3,435.9,414.7,,,46.6,140.2,329.2,419.7,323.2,,,259.8,677.6,570.4,785.5,578.6,,,,,,,,,,,,,,,,,202.3,196.2,221.7,1284.0,1487.8,,,179.5,224.4,325.4,839.4,997.2,,,211.9,202.8,53.0,862.6,360.5,,,169.8,189.2,44.7,934.2,578.6,,,2579.9,1900.0,1837.9,3124.5,5112.9,,,3232.3,3090.2,1511.8,2067.7,5858.5,,,,,,,,,,,,,,,,,257.0,257.9,443.5,1735.8,812.7,,,206.9,314.2,458.7,979.8,854.7,,,251.7,266.2,71.5,997.2,365.6,,,516.9,569.2,140.8,1768.6,801.1,,,3652.1,2510.8,2008.6,3090.2,3159.6,,,1571.0,1495.8,836.9,1385.2,4197.1,,,,,,,,,,,,,,,,,143.9,167.4,302.0,1004.3,1196.6,,,131.4,260.1,263.8,671.1,594.5,,,166.3,254.2,63.8,1472.3,666.3,,,525.6,500.3,187.1,2163.1,901.3,,,3652.1,2703.9,3852.2,3269.9,3852.2,,,2784.2,2286.2,1757.5,2899.0,3800.1,,,,,,,,,,,,,,,,,602.1,2305.0,3700.1,4463.6,4535.6,,,480.7,1217.3,1874.7,2812.1,3195.5,,,3960.7,2403.5,2403.5,6858.8,8787.8,,,5305.8,2869.5,3159.6,4766.3,6539.8,,,6539.8,3905.7,7811.4,4535.6,4933.5,,,7400.3,5624.2,9071.3,8034.6,5407.9,,,,,,,,,,,,,,,,,1212.1,3960.7,2812.1,5021.6,5021.6,,,1129.3,3056.6,2163.1,3652.1,2929.2,,,4610.0,4135.4,2214.2,3960.7,6391.1,,,4326.3,2869.5,2991.6,7030.2,5739.0,,,6858.8,4535.6,3749.4,5207.6,4686.8,,,7811.4,5983.2,6391.1,7210.5,4197.1,,,,,,,,,,,,,,,,,,,,,,,,,,,,,,,,,,,,,,,,,,,,,,,,,,,,,,,,,,,,,,,,,,,,,,,,,,,,,,,,,,,,,,,,,,,,,,,,,,,,,,,,,,,,,,,,,,,,,,,,,,,,,,,,
20260830_岐阜_3R,20260830,43,岐阜,3,12.9,48.6,92.7,146.5,127.6,,,4.3,20.4,79.8,76.8,45.2,,,89.7,107.6,404.6,481.8,197.7,,,252.3,352.7,659.8,690.8,675.9,,,240.7,232.8,529.8,462.2,623.6,,,200.2,134.8,201.8,550.8,530.9,,,,,,,,,,,,,,,,,52.2,182.0,361.4,539.0,376.0,,,71.5,308.0,771.9,744.3,489.4,,,421.0,641.2,973.1,1582.9,850.6,,,1244.2,1838.9,1894.6,2156.0,2942.3,,,850.6,1174.1,1656.2,1761.2,2908.1,,,594.0,619.0,786.4,1880.4,1969.2,,,,,,,,,,,,,,,,,5.3,19.2,55.3,75.8,43.8,,,32.5,139.8,402.7,419.6,214.3,,,68.3,154.5,227.5,229.6,103.6,,,307.2,533.2,502.2,665.1,659.8,,,202.0,540.1,303.1,388.9,469.2,,,98.1,168.6,77.3,347.3,307.6,,,,,,,,,,,,,,,,,82.0,148.5,378.9,674.1,157.6,,,164.4,447.4,587.0,1202.3,320.6,,,134.6,286.1,547.2,634.7,158.2,,,436.4,507.2,825.4,562.0,322.2,,,659.8,853.5,751.0,357.2,304.2,,,95.2,156.5,136.1,207.2,219.0,,,,,,,,,,,,,,,,,947.3,874.4,1309.4,1269.5,1953.8,,,1724.8,3165.8,2718.4,2428.1,3969.8,,,912.7,2451.9,1534.3,2137.5,2315.7,,,1397.1,2381.8,1825.5,1073.3,1351.8,,,651.2,950.9,1126.5,647.9,912.7,,,1923.8,3087.6,2526.2,1812.3,1656.2,,,,,,,,,,,,,,,,,211.2,295.9,336.6,244.9,733.4,,,604.1,1050.8,984.6,933.2,1773.7,,,282.5,776.7,708.4,580.2,1037.7,,,314.1,378.3,598.3,231.5,484.6,,,135.1,180.3,325.2,164.2,412.0,,,922.8,1613.5,1068.7,784.0,774.2,,,,,,,,,,,,,,,,,160.7,122.8,181.7,677.7,574.9,,,431.9,506.2,617.5,1969.2,1799.2,,,119.9,315.3,210.5,687.0,581.6,,,102.4,277.2,143.0,434.9,406.6,,,1381.7,2526.2,1656.2,1330.3,1429.1,,,896.4,1613.5,1000.3,896.4,969.3,,,,,,,,,,,,,,,,,,,,,,,,,,,,,,,,,,,,,,,,,,,,,,,,,,,,,,,,,,,,,,,,,,,,,,,,,,,,,,,,,,,,,,,,,,,,,,,,,,,,,,,,,,,,,,,,,,,,,,,,,,,,,,,,
20260830_岐阜_4R,20260830,43,岐阜,4,9.5,2.5,25.5,37.6,95.1,,,58.7,109.6,160.3,443.1,426.4,,,11.8,55.7,158.1,237.1,299.8,,,94.9,189.0,220.0,765.3,917.2,,,299.8,837.2,683.5,1080.0,658.3,,,520.8,887.9,994.0,2045.0,1002.0,,,,,,,,,,,,,,,,,10.8,5.3,29.2,81.0,95.2,,,66.0,171.8,115.0,411.0,398.5,,,74.8,212.7,348.9,687.3,967.0,,,115.0,150.3,365.3,565.7,727.4,,,466.3,1022.5,1313.1,967.0,1052.7,,,595.4,828.9,1433.9,1494.0,1386.1,,,,,,,,,,,,,,,,,157.3,266.2,294.9,891.0,1144.5,,,174.9,447.9,306.8,934.4,1279.4,,,679.8,948.6,1549.6,2803.3,3514.0,,,241.0,297.0,639.7,930.9,970.8,,,1949.2,2132.4,2654.2,1794.9,3240.2,,,2028.4,2061.9,3514.0,2331.7,3898.4,,,,,,,,,,,,,,,,,78.7,318.6,747.0,1043.9,941.5,,,168.5,564.4,998.0,1964.5,1674.5,,,878.5,1160.4,2268.1,3080.2,3669.1,,,1652.3,1807.9,2096.6,3080.2,7796.9,,,3514.0,4455.3,3615.9,3615.9,6565.8,,,3780.3,5091.8,4707.5,7796.9,6930.5,,,,,,,,,,,,,,,,,191.6,332.6,420.7,1286.0,1599.3,,,205.8,313.8,758.3,1176.8,1589.1,,,226.4,290.1,607.0,948.6,897.4,,,1188.1,1370.8,1348.6,2572.1,4377.2,,,2572.1,1919.2,1530.6,2446.0,1386.1,,,2626.3,2803.3,2247.7,5670.4,2741.7,,,,,,,,,,,,,,,,,990.0,2353.7,1782.1,3514.0,1433.9,,,1313.1,2654.2,2803.3,2545.9,3669.1,,,2741.7,3158.2,2867.8,3006.0,3615.9,,,4228.8,3669.1,3417.8,3838.4,5670.4,,,3669.1,2572.1,3006.0,3960.3,2399.0,,,588.4,1875.9,1732.6,2268.1,1834.5,,,,,,,,,,,,,,,,,1996.0,3282.9,4301.7,7560.6,3514.0,,,1980.1,3465.2,5802.3,6085.3,5670.4,,,3417.8,4024.2,7338.2,4301.7,5670.4,,,5423.9,5940.5,7796.9,9999.9,6397.4,,,7560.6,6237.5,4455.3,9240.7,3564.3,,,2061.9,3282.9,3465.2,4707.5,2470.3,,,,,,,,,,,,,,,,,,,,,,,,,,,,,,,,,,,,,,,,,,,,,,,,,,,,,,,,,,,,,,,,,,,,,,,,,,,,,,,,,,,,,,,,,,,,,,,,,,,,,,,,,,,,,,,,,,,,,,,,,,,,,,,,
20260830_岐阜_5R,20260830,43,岐阜,5,10.3,2.4,60.8,134.7,37.9,,,29.3,45.1,240.3,314.9,68.0,,,6.3,28.1,139.2,206.8,80.7,,,250.5,366.5,352.5,1047.5,911.7,,,489.1,1290.0,594.4,1727.5,2221.1,,,99.1,124.5,150.1,633.9,1355.1,,,,,,,,,,,,,,,,,27.9,14.4,127.5,253.5,82.0,,,107.6,271.7,599.2,669.8,225.1,,,70.5,276.8,755.5,1257.0,426.9,,,559.5,1153.9,1605.5,1632.1,1090.1,,,1420.2,2685.6,3109.6,2813.5,4160.8,,,240.9,381.1,496.5,952.9,2125.3,,,,,,,,,,,,,,,,,125.6,193.3,583.8,825.1,217.5,,,190.1,401.9,871.4,1158.5,383.6,,,420.8,542.0,2051.5,1956.4,662.3,,,1163.0,1614.3,2080.4,2140.7,1055.0,,,2661.4,2786.9,3211.0,3176.5,2363.3,,,184.0,170.2,319.3,279.7,984.7,,,,,,,,,,,,,,,,,31.3,118.3,454.4,609.1,265.1,,,76.7,317.3,1078.1,1257.0,606.6,,,383.6,556.3,2382.4,2023.4,937.8,,,1779.6,2840.5,3176.5,3282.4,3516.8,,,3602.6,3887.0,3014.4,4046.8,6422.1,,,568.1,798.4,816.0,2401.7,2924.9,,,,,,,,,,,,,,,,,517.3,1011.7,757.4,1588.2,1554.8,,,736.7,1969.4,1881.6,2735.3,1697.8,,,1455.2,2363.3,2326.1,3142.7,2095.1,,,1650.3,2813.5,3319.3,3435.0,3211.0,,,1257.0,1869.7,1956.4,2009.6,1697.8,,,2156.3,1869.7,1943.5,3516.8,2786.9,,,,,,,,,,,,,,,,,2614.3,4160.8,3992.1,4476.0,5275.3,,,3176.5,4544.8,5470.7,5007.0,8688.7,,,6028.9,5681.1,3692.7,7984.2,6870.1,,,7033.7,6714.0,5182.7,5182.7,8440.5,,,2637.6,3142.7,4344.3,3014.4,3014.4,,,8688.7,9999.9,6564.8,9999.9,4764.8,,,,,,,,,,,,,,,,,91.3,125.0,116.9,607.8,841.6,,,170.3,278.4,389.7,931.9,1571.3,,,101.9,161.0,182.4,538.1,881.8,,,424.4,564.8,537.1,2009.6,2813.5,,,1246.4,1230.9,1215.7,1678.5,2382.4,,,4281.4,5275.3,2954.1,5470.7,2710.2,,,,,,,,,,,,,,,,,,,,,,,,,,,,,,,,,,,,,,,,,,,,,,,,,,,,,,,,,,,,,,,,,,,,,,,,,,,,,,,,,,,,,,,,,,,,,,,,,,,,,,,,,,,,,,,,,,,,,,,,,,,,,,,,
20260830_岐阜_6R,20260830,43,岐阜,6,7.2,25.4,2.4,11.5,50.4,,,60.6,217.4,190.3,102.1,333.4,,,181.1,344.0,506.3,446.0,334.5,,,56.2,216.8,513.7,325.1,640.4,,,55.2,77.2,342.1,295.2,428.9,,,363.0,610.5,225.4,873.4,717.9,,,,,,,,,,,,,,,,,17.1,49.6,5.0,28.7,89.3,,,111.3,709.7,406.7,387.2,1373.1,,,409.9,1355.3,1223.5,2055.1,1776.5,,,40.4,269.2,558.5,332.7,697.2,,,140.3,343.2,1147.5,466.5,1435.8,,,620.1,2884.7,2364.2,1871.6,2782.6,,,,,,,,,,,,,,,,,222.6,1037.7,991.9,467.9,1860.5,,,279.5,1511.7,924.8,685.0,2346.5,,,2002.8,2687.5,3699.3,2015.6,3743.3,,,1580.1,1690.5,6835.6,2994.6,6690.2,,,394.5,472.1,949.9,1004.6,1526.4,,,2938.6,5071.6,4428.7,6835.6,4307.4,,,,,,,,,,,,,,,,,845.2,1953.0,2911.4,3082.7,2312.0,,,1123.0,3614.2,4764.2,4137.3,4367.2,,,2994.6,4764.2,8734.4,3834.6,5516.5,,,4764.2,7486.6,9999.9,6690.2,9999.9,,,4693.1,4837.5,3699.3,5932.8,6550.8,,,2329.1,3082.7,3573.1,5329.5,4693.1,,,,,,,,,,,,,,,,,244.3,1403.7,2262.1,1766.5,2782.6,,,170.0,1233.1,2495.5,1672.5,2807.5,,,2028.6,2437.5,4492.0,5240.6,9826.2,,,5154.7,5717.1,8498.3,6550.8,8498.3,,,2437.5,2884.7,3980.2,5421.3,3980.2,,,5822.9,6417.1,9999.9,6987.5,5932.8,,,,,,,,,,,,,,,,,198.3,150.1,1604.2,919.4,1304.7,,,211.3,369.0,1646.2,739.8,2168.5,,,127.5,251.3,765.0,798.0,1103.3,,,2687.5,2758.2,1940.9,3241.6,4192.5,,,1860.5,1929.0,2598.6,4557.1,4031.2,,,2456.5,3834.6,3381.0,4837.5,4367.2,,,,,,,,,,,,,,,,,1416.3,2858.5,1817.5,4624.1,2664.7,,,1637.7,5240.6,2598.6,4991.1,4991.1,,,4367.2,7312.5,7861.0,9999.9,5717.1,,,2028.6,2807.5,4192.5,6165.5,5071.6,,,7312.5,7486.6,9826.2,9999.9,5717.1,,,3788.4,5717.1,5516.5,5822.9,5329.5,,,,,,,,,,,,,,,,,,,,,,,,,,,,,,,,,,,,,,,,,,,,,,,,,,,,,,,,,,,,,,,,,,,,,,,,,,,,,,,,,,,,,,,,,,,,,,,,,,,,,,,,,,,,,,,,,,,,,,,,,,,,,,,,
20260830_岐阜_7R,20260830,43,岐阜,7,107.8,52.1,63.8,198.9,77.6,,,157.9,234.6,386.3,490.4,156.3,,,71.5,227.4,284.1,210.3,114.9,,,130.8,378.5,425.6,847.9,411.9,,,747.1,837.0,644.0,1334.1,587.3,,,110.2,185.3,125.0,353.3,135.5,,,,,,,,,,,,,,,,,81.1,49.6,30.9,153.7,69.0,,,89.7,135.1,55.7,137.6,66.0,,,85.0,191.7,67.1,174.9,117.5,,,15.7,27.2,27.6,76.7,18.3,,,450.2,318.2,262.2,248.6,212.2,,,85.0,70.0,85.3,44.7,72.5,,,,,,,,,,,,,,,,,231.0,449.0,376.1,579.0,264.0,,,120.1,174.7,92.5,170.8,80.4,,,638.4,482.1,769.1,901.7,477.1,,,329.6,119.3,405.8,624.4,192.4,,,844.6,512.7,819.2,1134.9,231.2,,,122.7,55.9,156.9,116.5,33.5,,,,,,,,,,,,,,,,,173.4,513.1,486.4,576.5,282.2,,,187.2,428.1,227.9,455.5,249.4,,,786.7,601.4,987.5,1127.1,534.5,,,750.5,370.3,968.5,1513.3,770.9,,,1224.2,937.9,1499.4,2102.0,713.7,,,424.7,324.9,448.3,688.8,424.2,,,,,,,,,,,,,,,,,163.3,446.5,586.3,1203.9,472.0,,,42.9,57.1,82.6,138.1,50.1,,,418.8,171.3,560.6,833.8,223.4,,,776.4,312.9,849.0,1364.8,740.3,,,1846.7,884.6,1549.1,1969.1,914.3,,,351.1,143.5,208.4,458.1,365.2,,,,,,,,,,,,,,,,,1676.2,2238.8,1894.9,2543.7,1049.3,,,1684.9,1274.3,1190.8,1436.8,738.7,,,1934.1,1299.7,1738.6,2594.2,467.2,,,1917.1,1304.8,2310.0,2646.7,940.6,,,2817.8,1738.6,2770.1,2985.1,1757.3,,,642.8,498.2,253.1,579.5,1115.6,,,,,,,,,,,,,,,,,164.9,168.6,226.7,370.8,189.2,,,127.7,83.8,129.9,114.1,91.8,,,89.7,52.3,86.6,99.3,19.0,,,319.9,213.5,171.7,328.3,181.8,,,361.5,173.0,183.6,443.2,324.9,,,130.1,95.0,35.9,110.1,302.3,,,,,,,,,,,,,,,,,,,,,,,,,,,,,,,,,,,,,,,,,,,,,,,,,,,,,,,,,,,,,,,,,,,,,,,,,,,,,,,,,,,,,,,,,,,,,,,,,,,,,,,,,,,,,,,,,,,,,,,,,,,,,,,,
20260830_四日市_1R,20260830,48,四日市,1,346.8,206.1,842.7,365.2,,,,505.6,341.8,1334.2,464.1,,,,112.3,161.4,166.2,70.6,,,,1216.0,1231.6,545.8,280.9,,,,137.8,263.9,111.4,76.1,,,,,,,,,,,,,,,,,,,,,,,,,298.3,183.3,768.5,351.9,,,,325.6,43.2,653.5,240.1,,,,39.5,8.9,159.0,40.8,,,,1231.6,873.3,835.3,914.9,,,,417.6,291.1,240.1,408.8,,,,,,,,,,,,,,,,,,,,,,,,,561.8,407.0,1298.2,615.8,,,,401.9,39.5,686.2,295.5,,,,268.3,33.5,438.6,192.9,,,,1433.8,1130.2,1280.9,1200.8,,,,611.9,473.2,385.8,681.3,,,,,,,,,,,,,,,,,,,,,,,,,46.3,54.2,73.0,20.5,,,,15.9,3.1,72.0,18.1,,,,68.6,10.4,121.7,53.4,,,,200.9,300.2,457.4,181.9,,,,24.1,57.5,77.4,49.6,,,,,,,,,,,,,,,,,,,,,,,,,1715.5,1847.4,1247.6,405.3,,,,2001.4,1455.5,1549.5,1574.9,,,,2088.4,2001.4,1960.5,1685.4,,,,1574.9,1186.0,1921.3,980.2,,,,334.7,914.9,1104.2,828.1,,,,,,,,,,,,,,,,,,,,,,,,,143.3,211.6,96.9,48.6,,,,304.9,236.6,270.6,297.4,,,,492.6,453.1,401.9,691.1,,,,159.3,226.5,277.6,248.2,,,,101.9,248.8,419.5,359.8,,,,,,,,,,,,,,,,,,,,,,,,,,,,,,,,,,,,,,,,,,,,,,,,,,,,,,,,,,,,,,,,,,,,,,,,,,,,,,,,,,,,,,,,,,,,,,,,,,,,,,,,,,,,,,,,,,,,,,,,,,,,,,,,,,,,,,,,,,,,,,,,,,,,,,,,,,,,,,,,,,,,,,,,,,,,,,,,,,,,,,,,,,,,,,,,
20260830_四日市_2R,20260830,48,四日市,2,2626.8,2492.1,2699.7,3471.1,2208.9,,,3037.2,1130.1,3135.2,2945.2,1092.0,,,1905.7,1143.4,1983.5,2776.9,318.6,,,3599.7,4628.2,3135.2,5399.5,4049.6,,,5115.3,3738.1,4628.2,4628.2,2858.6,,,2429.8,991.7,391.9,2557.6,3239.7,,,,,,,,,,,,,,,,,1295.9,1246.0,1429.3,3239.7,1143.4,,,952.8,244.2,273.0,399.9,230.3,,,216.9,234.7,162.8,552.2,81.8,,,291.8,224.9,118.9,299.0,139.4,,,2024.8,615.1,962.3,704.2,908.3,,,599.9,194.7,81.2,185.4,643.6,,,,,,,,,,,,,,,,,1033.9,474.1,852.5,837.8,536.9,,,581.9,160.9,206.3,266.2,145.7,,,166.9,118.6,211.7,150.2,48.3,,,803.2,366.7,403.2,411.8,343.4,,,364.0,183.0,92.8,180.9,87.3,,,149.2,71.2,36.0,116.8,77.6,,,,,,,,,,,,,,,,,243.5,241.1,391.9,603.6,53.2,,,227.6,216.9,258.4,652.2,67.5,,,177.6,190.5,373.8,232.5,60.7,,,549.1,474.1,623.0,962.3,418.9,,,670.2,845.1,357.3,1023.0,304.6,,,9.7,17.2,15.7,67.1,49.1,,,,,,,,,,,,,,,,,2159.8,3471.1,1331.4,4049.6,2112.8,,,1170.9,522.5,585.4,883.5,454.1,,,3037.2,981.7,1368.9,1647.3,1068.0,,,1518.6,1023.0,1735.5,1735.5,1023.0,,,3887.7,1767.1,1735.5,1869.0,1199.9,,,2208.9,759.3,1001.9,875.6,1079.9,,,,,,,,,,,,,,,,,3738.1,1943.8,3239.7,3471.1,3738.1,,,3135.2,652.2,1619.8,1199.9,1542.7,,,736.3,271.4,214.0,344.6,201.6,,,1388.4,1450.6,546.0,1214.9,790.1,,,2429.8,1450.6,1045.0,1214.9,1092.0,,,1983.5,1117.1,445.8,803.2,860.1,,,,,,,,,,,,,,,,,603.6,216.9,115.0,596.2,809.9,,,329.4,70.2,69.8,72.5,254.4,,,74.8,34.8,18.8,58.1,39.5,,,8.4,17.1,9.0,37.6,52.0,,,684.4,172.6,183.3,222.4,350.8,,,643.6,327.2,113.0,256.4,321.8,,,,,,,,,,,,,,,,,,,,,,,,,,,,,,,,,,,,,,,,,,,,,,,,,,,,,,,,,,,,,,,,,,,,,,,,,,,,,,,,,,,,,,,,,,,,,,,,,,,,,,,,,,,,,,,,,,,,,,,,,,,,,,,,
20260830_四日市_3R,20260830,48,四日市,3,140.1,321.6,74.1,188.3,78.8,,,248.6,830.4,282.9,491.8,339.4,,,1003.0,1840.6,934.7,3306.2,2746.7,,,97.7,197.9,277.6,486.4,239.6,,,408.5,412.3,1566.1,617.7,154.7,,,145.6,140.4,532.9,182.1,51.3,,,,,,,,,,,,,,,,,48.1,140.8,31.4,51.3,23.9,,,92.5,173.6,50.5,161.4,159.5,,,403.0,278.9,78.0,579.6,692.0,,,13.0,12.9,6.9,28.3,22.9,,,107.0,118.3,426.1,115.0,126.0,,,60.9,246.9,523.5,139.8,126.4,,,,,,,,,,,,,,,,,309.9,929.8,367.3,772.8,456.6,,,203.1,346.6,113.0,446.3,544.3,,,1428.3,854.2,711.3,1840.6,2177.3,,,291.2,120.5,276.3,554.4,454.2,,,1144.4,949.6,1342.3,892.6,838.2,,,759.7,1020.2,1352.5,939.6,986.4,,,,,,,,,,,,,,,,,1608.4,2349.1,1684.3,3306.2,3643.6,,,1342.3,1231.3,385.6,2833.9,2587.5,,,2746.7,1539.1,1206.3,2349.1,3026.0,,,1284.4,338.7,892.6,1983.7,3246.1,,,4959.4,3078.2,2550.5,2445.7,4463.4,,,4057.7,3719.5,4577.9,3719.5,3643.6,,,,,,,,,,,,,,,,,62.8,129.5,135.5,330.6,238.3,,,25.6,12.1,7.6,99.2,63.0,,,154.1,54.9,134.6,362.1,330.6,,,252.8,63.1,161.5,454.2,537.7,,,1050.2,450.8,694.7,783.0,587.2,,,536.1,313.2,702.9,705.6,676.2,,,,,,,,,,,,,,,,,846.1,728.7,3132.2,1198.2,313.2,,,583.4,593.1,1416.9,725.7,762.9,,,929.8,1108.9,1821.8,1248.5,1082.0,,,4057.7,2664.7,2151.0,2445.7,4354.6,,,1129.9,920.3,1020.2,1206.3,939.6,,,333.7,1293.7,934.7,2879.6,1312.7,,,,,,,,,,,,,,,,,397.6,435.4,1257.3,393.2,139.8,,,481.2,970.3,1821.8,575.9,750.1,,,862.5,1668.5,2746.7,1394.8,1284.4,,,3570.7,3967.5,3026.0,3967.5,3719.5,,,834.2,815.2,1198.2,2076.0,1174.5,,,275.0,1214.5,800.6,2833.9,826.5,,,,,,,,,,,,,,,,,,,,,,,,,,,,,,,,,,,,,,,,,,,,,,,,,,,,,,,,,,,,,,,,,,,,,,,,,,,,,,,,,,,,,,,,,,,,,,,,,,,,,,,,,,,,,,,,,,,,,,,,,,,,,,,,
20260830_四日市_4R,20260830,48,四日市,4,1442.7,1205.2,1098.1,3350.1,2037.7,,,2125.3,1647.1,2102.7,2783.9,1275.2,,,748.7,700.9,645.9,1372.6,579.6,,,1045.8,1442.7,1068.4,3593.7,1205.2,,,5813.4,3801.1,2783.9,4492.2,4706.1,,,1718.7,820.1,688.7,1227.6,3729.4,,,,,,,,,,,,,,,,,983.3,866.9,442.1,1864.7,1018.8,,,615.7,688.7,150.3,600.7,176.9,,,561.5,827.0,321.3,1520.4,586.5,,,92.2,47.7,112.6,171.8,40.1,,,2671.0,1034.8,2566.9,964.1,1162.6,,,314.7,150.6,360.0,84.0,672.3,,,,,,,,,,,,,,,,,1142.5,1013.6,1110.4,906.6,623.5,,,745.8,517.4,206.1,465.0,186.2,,,959.5,787.4,698.4,894.3,407.5,,,514.7,147.5,391.4,291.5,83.7,,,882.4,648.0,993.2,558.3,120.8,,,97.3,55.1,99.0,38.1,21.6,,,,,,,,,,,,,,,,,221.5,166.5,214.8,494.1,135.6,,,404.2,505.5,299.4,1056.9,443.1,,,373.6,448.2,461.8,441.2,193.4,,,227.7,191.5,321.9,1003.3,223.5,,,1900.5,2671.0,1197.9,1976.5,1796.8,,,115.7,261.7,118.2,197.0,639.6,,,,,,,,,,,,,,,,,270.0,502.9,402.5,950.2,375.7,,,47.2,13.3,55.3,95.9,11.3,,,199.8,44.5,219.3,148.9,34.6,,,185.9,133.3,233.9,882.4,187.7,,,1764.8,546.0,535.6,1606.9,509.4,,,110.4,19.0,21.9,96.4,160.1,,,,,,,,,,,,,,,,,5490.5,4296.9,5201.5,5813.4,6815.8,,,4941.4,2037.7,3240.3,2566.9,2994.8,,,3350.1,1937.8,2298.3,2410.4,434.4,,,3875.6,2671.0,2196.2,2671.0,5068.1,,,5490.5,2823.6,2502.0,3040.9,1453.3,,,4205.5,2994.8,555.2,4941.4,1581.2,,,,,,,,,,,,,,,,,389.0,227.9,236.7,366.0,775.1,,,166.0,68.0,177.5,40.3,314.2,,,53.2,29.7,59.8,18.9,10.2,,,122.0,235.3,101.4,166.3,527.0,,,110.6,21.8,28.4,84.6,159.4,,,898.4,823.5,115.7,1142.5,514.7,,,,,,,,,,,,,,,,,,,,,,,,,,,,,,,,,,,,,,,,,,,,,,,,,,,,,,,,,,,,,,,,,,,,,,,,,,,,,,,,,,,,,,,,,,,,,,,,,,,,,,,,,,,,,,,,,,,,,,,,,,,,,,,,
20260830_四日市_5R,20260830,48,四日市,5,48.9,9.2,16.2,144.9,282.4,,,298.6,364.9,582.9,2073.6,3379.2,,,19.2,120.7,41.1,283.7,434.4,,,39.7,250.6,60.0,415.6,561.4,,,561.4,2465.9,783.1,825.6,3577.9,,,1425.6,6517.0,2121.8,1060.9,6758.4,,,,,,,,,,,,,,,,,32.0,4.5,9.5,95.2,185.0,,,122.7,158.5,333.5,814.6,1276.0,,,6.3,56.7,15.1,152.8,238.2,,,19.0,157.9,24.6,347.5,489.2,,,332.3,1067.1,394.9,732.8,2606.8,,,786.5,2027.5,629.2,1674.1,2683.4,,,,,,,,,,,,,,,,,1425.6,2723.5,1054.7,4450.6,6082.5,,,1154.9,1674.1,2121.8,2896.4,5886.3,,,2433.0,2339.4,3966.8,3146.1,9999.9,,,1067.1,3317.7,4561.9,6758.4,9999.9,,,4678.9,3317.7,4344.6,7018.3,9999.9,,,9999.9,9999.9,9999.9,9999.9,9999.9,,,,,,,,,,,,,,,,,33.4,223.8,62.1,455.0,620.6,,,25.9,169.5,44.3,339.8,497.2,,,940.6,907.8,1546.4,2807.3,7933.7,,,101.0,90.3,738.7,793.3,1361.7,,,1533.4,1331.9,2943.1,1414.5,4450.6,,,2570.1,2121.8,8294.4,3649.5,6082.5,,,,,,,,,,,,,,,,,203.4,612.3,247.5,833.2,1147.6,,,175.4,840.9,238.5,1674.1,2339.4,,,1060.9,1941.2,2991.4,6082.5,7603.2,,,286.9,311.3,1983.4,1573.0,3509.1,,,1241.3,4931.8,6082.5,2606.8,3379.2,,,1425.6,7018.3,9999.9,6517.0,4802.0,,,,,,,,,,,,,,,,,2851.2,5366.9,3379.2,1294.1,9999.9,,,2401.0,3509.1,2339.4,4802.0,9999.9,,,6292.3,3577.9,4678.9,9999.9,9999.9,,,2991.4,2683.4,3966.8,2534.4,9999.9,,,1200.5,5529.6,9604.0,2851.2,4450.6,,,9999.9,9999.9,9999.9,9999.9,4450.6,,,,,,,,,,,,,,,,,7603.2,9999.9,5068.8,1600.6,9999.9,,,4678.9,9999.9,4344.6,6292.3,9999.9,,,9123.8,9999.9,9999.9,9999.9,9999.9,,,4678.9,5366.9,4931.8,5366.9,9999.9,,,1614.8,9999.9,9999.9,6758.4,5366.9,,,9999.9,9999.9,9999.9,9999.9,4243.6,,,,,,,,,,,,,,,,,,,,,,,,,,,,,,,,,,,,,,,,,,,,,,,,,,,,,,,,,,,,,,,,,,,,,,,,,,,,,,,,,,,,,,,,,,,,,,,,,,,,,,,,,,,,,,,,,,,,,,,,,,,,,,,,
20260830_四日市_6R,20260830,48,四日市,6,3564.5,4381.4,1421.0,7511.1,2041.8,,,7252.1,8762.9,1669.1,9999.9,3823.8,,,8412.4,4292.0,1306.2,4779.8,3235.5,,,1630.3,1411.4,1797.5,1450.4,1365.6,,,9559.6,9999.9,8088.8,1782.2,7252.1,,,1546.4,2041.8,2628.8,1015.9,3235.5,,,,,,,,,,,,,,,,,2417.3,3235.5,1056.8,4123.7,1161.9,,,2564.7,1828.7,1709.8,1643.0,474.7,,,2417.3,1314.4,815.1,1813.0,371.5,,,955.9,1067.5,844.6,1383.6,321.5,,,4673.5,2311.1,3968.1,2596.4,922.4,,,178.5,81.8,77.3,59.6,98.4,,,,,,,,,,,,,,,,,5129.5,6185.6,1130.7,8762.9,3968.1,,,4571.9,4044.4,2767.2,2920.9,1020.9,,,5841.9,4474.7,5684.0,3447.7,2920.9,,,1201.7,4292.0,5841.9,8412.4,2168.1,,,7252.1,3626.0,3286.1,7789.3,4571.9,,,1767.3,544.8,1513.0,1142.9,2363.0,,,,,,,,,,,,,,,,,4474.7,4044.4,1655.9,5534.5,4206.2,,,3689.6,3564.5,1513.0,4890.9,637.3,,,6373.0,5534.5,7252.1,3235.5,2662.1,,,1557.8,1984.0,5007.4,4044.4,1188.1,,,9559.6,7511.1,3689.6,4123.7,3968.1,,,1682.4,352.2,964.7,597.4,1290.2,,,,,,,,,,,,,,,,,1569.4,1643.0,1569.4,1682.4,1430.6,,,1392.7,3186.5,1149.2,6572.2,535.1,,,1682.4,5257.7,8412.4,9999.9,2146.0,,,1546.4,2168.1,6185.6,5392.5,1314.4,,,1813.0,7511.1,9999.9,5392.5,2533.8,,,883.6,405.2,926.4,661.3,1095.3,,,,,,,,,,,,,,,,,9999.9,9999.9,9999.9,1828.7,8762.9,,,9999.9,3505.1,5534.5,8762.9,3092.8,,,9999.9,4206.2,3823.8,9999.9,6373.0,,,5257.7,3894.6,2445.4,3338.2,3338.2,,,1491.5,4571.9,5129.5,3235.5,2237.3,,,6784.2,2124.3,4673.5,3968.1,2804.1,,,,,,,,,,,,,,,,,64.5,145.4,127.5,104.2,223.0,,,18.4,7.2,4.9,4.6,13.7,,,189.8,22.3,76.0,65.3,137.2,,,102.3,16.6,50.9,32.1,80.5,,,75.3,11.5,39.9,32.2,51.6,,,201.4,34.1,109.0,112.7,81.6,,,,,,,,,,,,,,,,,,,,,,,,,,,,,,,,,,,,,,,,,,,,,,,,,,,,,,,,,,,,,,,,,,,,,,,,,,,,,,,,,,,,,,,,,,,,,,,,,,,,,,,,,,,,,,,,,,,,,,,,,,,,,,,,
20260830_四日市_7R,20260830,48,四日市,7,317.8,308.8,141.4,607.3,152.9,,,295.4,226.6,206.8,375.6,109.7,,,507.4,244.5,424.3,464.1,171.2,,,121.4,175.8,342.5,417.8,84.4,,,850.9,510.5,630.8,716.6,236.7,,,81.2,54.5,73.0,45.1,96.0,,,,,,,,,,,,,,,,,248.3,393.7,155.9,594.1,149.4,,,157.7,108.2,62.0,346.8,168.0,,,379.9,211.9,213.3,528.7,390.8,,,39.8,28.3,83.3,176.8,57.5,,,864.4,842.2,887.9,551.9,1126.8,,,213.5,222.9,322.9,166.5,609.6,,,,,,,,,,,,,,,,,193.3,146.4,142.5,309.4,82.1,,,130.6,110.0,42.8,280.7,136.8,,,65.3,87.0,38.6,64.5,51.2,,,71.4,42.6,81.8,287.1,84.6,,,220.7,414.6,166.3,393.7,251.7,,,100.7,249.4,151.0,160.1,448.8,,,,,,,,,,,,,,,,,448.8,189.5,384.4,438.0,167.0,,,405.4,244.2,284.6,707.3,495.1,,,82.1,115.3,80.9,85.9,76.8,,,307.7,250.2,155.0,441.5,287.1,,,458.9,833.6,214.1,677.9,525.3,,,205.5,496.6,200.4,370.4,469.5,,,,,,,,,,,,,,,,,46.6,80.4,179.5,266.1,37.7,,,18.5,17.0,66.0,124.7,32.9,,,77.5,48.6,107.4,326.7,82.1,,,221.6,164.2,148.2,388.0,249.8,,,404.4,289.6,594.1,501.1,407.4,,,59.6,78.8,104.7,235.4,370.4,,,,,,,,,,,,,,,,,996.2,650.9,704.2,804.8,392.7,,,1150.6,1014.8,1134.6,928.3,1633.8,,,573.2,692.3,303.1,739.3,630.8,,,664.1,1021.1,325.4,850.9,689.4,,,859.9,666.8,1067.9,864.4,933.6,,,583.5,1667.2,984.2,939.0,1210.2,,,,,,,,,,,,,,,,,154.8,69.8,133.9,73.9,168.2,,,283.6,421.1,515.4,316.0,966.8,,,171.9,395.6,263.1,269.1,607.3,,,319.1,692.3,282.6,546.4,752.9,,,192.4,234.7,238.1,379.0,672.3,,,418.9,1556.0,850.9,1014.8,1111.4,,,,,,,,,,,,,,,,,,,,,,,,,,,,,,,,,,,,,,,,,,,,,,,,,,,,,,,,,,,,,,,,,,,,,,,,,,,,,,,,,,,,,,,,,,,,,,,,,,,,,,,,,,,,,,,,,,,,,,,,,,,,,,,,
20260830_四日市_8R,20260830,48,四日市,8,1729.7,3033.7,1776.5,3521.2,1878.0,,,818.2,744.1,119.7,1729.7,632.0,,,1516.8,842.6,741.3,3232.6,1952.3,,,380.6,90.7,508.2,1685.3,516.2,,,4286.7,2701.2,3866.5,3342.2,3286.5,,,1482.6,1240.1,2012.1,1101.6,3399.8,,,,,,,,,,,,,,,,,1540.5,2075.7,1552.6,3792.1,1408.5,,,939.0,1209.7,471.7,1460.6,434.3,,,1272.2,1359.9,1408.5,2215.6,952.6,,,492.9,448.1,1202.3,2701.2,512.1,,,3866.5,2120.3,2664.7,2899.8,1146.4,,,642.3,541.7,709.3,618.1,704.2,,,,,,,,,,,,,,,,,245.5,221.5,47.2,443.1,188.8,,,256.7,222.0,117.9,331.9,107.5,,,198.1,279.3,96.9,380.6,247.7,,,6.6,35.7,31.9,74.2,17.1,,,453.3,345.9,470.6,202.8,221.3,,,201.2,78.3,212.9,78.8,197.7,,,,,,,,,,,,,,,,,673.0,430.5,431.4,1460.6,832.0,,,668.4,689.4,673.0,1493.8,583.4,,,251.1,460.7,136.3,640.2,324.8,,,188.3,277.7,111.1,853.6,327.0,,,1657.0,1471.5,948.0,1255.9,1305.9,,,811.4,505.6,682.3,689.4,966.6,,,,,,,,,,,,,,,,,59.2,10.9,66.7,385.1,60.4,,,121.3,68.3,210.0,758.4,139.5,,,3.8,20.5,22.1,89.2,16.8,,,112.2,233.9,67.9,722.3,220.3,,,657.3,1095.5,317.0,930.1,549.2,,,143.8,93.3,91.8,347.1,576.5,,,,,,,,,,,,,,,,,3399.8,2191.0,3792.1,2594.6,2987.7,,,2375.8,1398.5,2166.9,2143.3,804.8,,,1089.4,1359.9,640.2,469.5,440.1,,,2560.9,1971.9,1126.8,1449.9,1264.0,,,1089.4,2240.8,573.2,1202.3,917.1,,,1482.6,415.1,733.0,1071.6,682.3,,,,,,,,,,,,,,,,,828.5,1120.4,1776.5,1173.7,2054.0,,,339.9,269.7,392.8,293.8,385.1,,,603.0,263.2,636.1,239.3,608.6,,,1264.0,811.4,971.3,1126.8,1493.8,,,586.8,294.7,270.8,925.7,735.7,,,1139.8,367.8,601.1,884.2,546.2,,,,,,,,,,,,,,,,,,,,,,,,,,,,,,,,,,,,,,,,,,,,,,,,,,,,,,,,,,,,,,,,,,,,,,,,,,,,,,,,,,,,,,,,,,,,,,,,,,,,,,,,,,,,,,,,,,,,,,,,,,,,,,,,
20260830_四日市_9R,20260830,48,四日市,9,1835.0,1059.0,971.9,1663.0,1176.0,,,3274.8,3433.2,2876.5,2838.1,2729.0,,,645.0,1114.4,1086.0,1322.1,376.7,,,1064.3,2915.9,1478.2,2764.4,1702.9,,,5321.6,3870.2,4730.3,3870.2,4950.3,,,861.7,1274.6,346.6,1144.4,1347.2,,,,,,,,,,,,,,,,,1043.4,564.6,428.2,1400.4,608.1,,,633.5,305.8,155.8,294.0,384.2,,,201.3,153.0,40.8,318.6,54.9,,,108.3,57.7,25.5,114.6,32.8,,,1364.5,544.4,921.4,416.5,1120.3,,,254.3,268.0,83.3,82.5,480.5,,,,,,,,,,,,,,,,,1663.0,1716.6,2264.5,1478.2,1126.2,,,752.1,450.9,326.9,374.7,459.7,,,785.4,458.7,560.1,365.1,196.9,,,1013.6,461.7,643.0,700.2,909.6,,,270.4,154.0,207.0,373.4,155.2,,,278.6,298.9,183.6,719.1,301.5,,,,,,,,,,,,,,,,,200.6,470.9,340.0,558.6,121.3,,,104.0,79.4,22.1,152.8,26.0,,,488.2,164.7,288.0,231.1,171.9,,,133.8,23.0,132.8,225.2,33.3,,,865.3,333.1,418.2,576.8,441.6,,,8.4,9.3,38.8,15.7,110.6,,,,,,,,,,,,,,,,,521.7,1509.6,663.1,1478.2,728.9,,,137.5,67.2,27.5,176.6,33.6,,,1053.7,281.1,540.2,633.5,573.7,,,221.5,48.0,193.5,387.7,41.9,,,1883.7,635.4,1086.0,1176.0,1150.6,,,254.3,109.7,336.2,71.0,547.2,,,,,,,,,,,,,,,,,3941.9,2729.0,4529.0,5191.8,3734.4,,,3734.4,771.2,1588.5,1237.5,2288.8,,,958.8,391.2,482.6,648.9,650.9,,,2876.5,1400.4,886.9,1553.7,1059.0,,,3040.9,1075.0,1163.1,1542.4,2008.1,,,2150.1,1744.7,1835.0,1744.7,2288.8,,,,,,,,,,,,,,,,,394.9,569.1,104.1,584.7,854.8,,,344.9,502.0,113.7,198.1,865.3,,,645.0,760.2,261.5,971.9,1028.3,,,15.5,39.3,77.6,41.9,215.4,,,377.4,195.8,524.2,113.5,954.5,,,1900.5,1900.5,1835.0,838.0,1565.1,,,,,,,,,,,,,,,,,,,,,,,,,,,,,,,,,,,,,,,,,,,,,,,,,,,,,,,,,,,,,,,,,,,,,,,,,,,,,,,,,,,,,,,,,,,,,,,,,,,,,,,,,,,,,,,,,,,,,,,,,,,,,,,,
20260830_四日市_10R,20260830,48,四日市,10,1130.8,588.1,317.7,1302.4,854.9,,,1776.9,1870.5,562.8,2618.7,1316.2,,,360.5,679.7,122.0,931.7,396.7,,,56.5,79.5,32.4,167.1,18.3,,,2733.8,2764.1,2144.6,1015.4,2090.5,,,651.2,637.8,749.3,140.1,1007.1,,,,,,,,,,,,,,,,,2241.2,1072.3,685.3,1554.8,1498.6,,,4216.5,2618.7,3317.0,2126.2,5923.2,,,432.6,797.3,393.6,253.0,1130.8,,,540.8,1516.9,569.2,991.1,1151.7,,,2126.2,1526.2,665.1,1429.7,2675.0,,,2163.2,4606.9,3071.3,2618.7,4877.9,,,,,,,,,,,,,,,,,3361.8,3948.8,1003.1,4606.9,2325.0,,,2926.7,2438.9,3273.3,2303.4,4012.5,,,3407.8,2282.3,2073.1,2438.9,4606.9,,,818.3,2325.0,2056.0,3553.9,2303.4,,,4606.9,3361.8,3109.7,5293.1,6910.4,,,3887.1,8292.5,7107.9,4975.5,6723.6,,,,,,,,,,,,,,,,,229.2,574.5,92.4,579.8,325.1,,,204.5,484.0,202.4,168.3,608.2,,,1764.3,1352.0,1564.6,1669.6,2827.0,,,39.3,95.9,380.3,301.1,181.5,,,1647.5,710.7,1625.9,1250.1,3109.7,,,1086.3,1454.8,3230.8,1015.4,3455.2,,,,,,,,,,,,,,,,,12.6,22.6,4.5,44.6,2.6,,,69.3,195.1,62.0,140.3,192.9,,,218.8,482.1,406.4,605.2,436.4,,,11.3,22.6,113.8,90.0,61.1,,,370.7,510.8,652.9,379.2,578.5,,,57.3,259.9,297.9,218.2,414.6,,,,,,,,,,,,,,,,,5182.8,3713.0,4078.3,1829.2,3109.7,,,4012.5,2182.2,1288.9,3189.4,5293.1,,,6723.6,4216.5,2108.2,7316.9,8025.0,,,3658.4,1344.7,2073.1,1545.1,3033.8,,,1715.7,2926.7,2961.6,1463.3,1856.5,,,5923.2,7774.2,7107.9,7107.9,3407.8,,,,,,,,,,,,,,,,,1288.9,1489.6,1574.5,427.4,1829.2,,,2392.0,9951.0,4523.2,3149.0,5923.2,,,4078.3,8025.0,6546.7,4012.5,6067.7,,,1856.5,3317.0,4364.5,1594.7,7538.6,,,402.5,1219.4,1359.4,1480.8,1454.8,,,5785.5,7538.6,6378.8,7774.2,2764.1,,,,,,,,,,,,,,,,,,,,,,,,,,,,,,,,,,,,,,,,,,,,,,,,,,,,,,,,,,,,,,,,,,,,,,,,,,,,,,,,,,,,,,,,,,,,,,,,,,,,,,,,,,,,,,,,,,,,,,,,,,,,,,,,
20260830_四日市_11R,20260830,48,四日市,11,0.0,0.0,0.0,0.0,0.0,,,0.0,0.0,0.0,0.0,0.0,,,0.0,0.0,0.0,0.0,0.0,,,0.0,0.0,0.0,0.0,0.0,,,0.0,0.0,0.0,0.0,0.0,,,0.0,0.0,0.0,0.0,0.0,,,,,,,,,,,,,,,,,0.0,0.0,0.0,0.0,0.0,,,0.0,145.2,121.7,483.8,118.9,,,0.0,72.4,38.8,99.8,58.9,,,0.0,85.8,49.6,165.9,88.6,,,0.0,767.5,460.5,540.6,921.0,,,0.0,184.2,176.8,197.3,562.6,,,,,,,,,,,,,,,,,0.0,0.0,0.0,0.0,0.0,,,0.0,166.0,141.3,533.6,184.0,,,0.0,216.0,206.9,444.0,193.0,,,0.0,112.4,124.1,180.2,62.3,,,0.0,872.6,758.2,409.0,507.5,,,0.0,123.7,102.2,60.4,146.8,,,,,,,,,,,,,,,,,0.0,0.0,0.0,0.0,0.0,,,0.0,82.4,45.2,135.2,66.2,,,0.0,151.3,176.8,433.2,138.7,,,0.0,51.0,113.5,133.4,92.0,,,0.0,462.2,664.9,315.6,710.5,,,0.0,145.7,180.2,176.3,528.0,,,,,,,,,,,,,,,,,0.0,0.0,0.0,0.0,0.0,,,0.0,29.6,12.0,53.8,30.3,,,0.0,27.3,36.1,45.0,13.2,,,0.0,12.2,30.3,34.0,27.1,,,0.0,42.3,44.8,35.5,25.8,,,0.0,32.9,17.3,33.8,41.1,,,,,,,,,,,,,,,,,0.0,0.0,0.0,0.0,0.0,,,0.0,1329.9,812.7,860.5,1680.3,,,0.0,1243.4,1023.4,538.3,593.5,,,0.0,907.6,921.0,493.4,1381.6,,,0.0,364.1,332.4,321.7,318.4,,,0.0,1454.3,1189.9,1308.9,644.2,,,,,,,,,,,,,,,,,0.0,0.0,0.0,0.0,0.0,,,0.0,188.5,269.7,257.9,774.7,,,0.0,138.3,122.6,86.4,178.7,,,0.0,235.7,199.7,255.8,561.3,,,0.0,184.7,88.7,177.7,195.0,,,0.0,1044.9,508.5,945.6,396.6,,,,,,,,,,,,,,,,,,,,,,,,,,,,,,,,,,,,,,,,,,,,,,,,,,,,,,,,,,,,,,,,,,,,,,,,,,,,,,,,,,,,,,,,,,,,,,,,,,,,,,,,,,,,,,,,,,,,,,,,,,,,,,,,
20260830_和歌山_1R,20260830,55,和歌山,1,226.5,155.3,454.0,498.7,217.2,,,315.2,124.0,169.9,259.3,403.4,,,56.7,38.7,8.7,85.0,82.0,,,299.5,110.3,31.0,303.5,308.8,,,249.6,262.9,142.1,414.4,588.9,,,174.5,345.3,193.8,371.8,499.8,,,,,,,,,,,,,,,,,472.9,229.0,1004.1,1199.6,395.0,,,684.5,694.9,1348.7,545.3,462.3,,,337.6,506.5,658.7,974.0,403.4,,,1713.8,1561.2,1187.1,1899.4,1713.8,,,1398.4,744.8,1080.2,1713.8,844.2,,,308.8,313.1,326.5,796.9,465.1,,,,,,,,,,,,,,,,,640.2,187.9,270.7,299.5,686.5,,,654.9,645.7,1060.1,521.6,587.4,,,143.0,572.7,85.2,265.3,415.9,,,318.3,1187.1,279.6,686.5,1325.2,,,178.0,301.1,187.6,386.3,540.1,,,866.6,783.2,530.0,969.9,1187.1,,,,,,,,,,,,,,,,,56.5,24.3,4.8,66.1,54.4,,,234.5,492.3,315.7,819.9,401.3,,,84.8,493.3,60.8,271.3,338.6,,,8.2,90.4,22.1,74.6,51.6,,,192.1,938.0,376.1,138.5,686.5,,,129.9,292.2,322.4,98.6,780.6,,,,,,,,,,,,,,,,,688.6,205.3,51.9,504.2,571.2,,,1287.7,1561.2,1008.5,1823.5,1999.4,,,339.1,1571.9,300.7,974.0,1561.2,,,36.6,400.5,124.2,261.0,305.1,,,1036.0,1964.9,1070.1,631.4,1676.0,,,1036.0,1582.9,1688.4,957.7,1948.1,,,,,,,,,,,,,,,,,132.1,85.7,106.7,283.8,204.6,,,495.5,339.7,496.5,1060.1,684.5,,,74.8,92.4,94.6,232.1,207.4,,,93.3,416.7,134.9,100.6,476.8,,,512.2,1364.9,595.1,363.5,1187.1,,,767.4,780.6,791.4,658.7,1317.5,,,,,,,,,,,,,,,,,289.6,678.3,291.1,697.0,772.6,,,272.6,299.5,248.0,550.5,454.0,,,978.2,863.4,785.9,1433.5,1381.4,,,272.0,452.2,588.9,176.4,1106.5,,,982.4,1302.5,1364.9,564.2,1999.4,,,1651.7,1106.5,1389.8,1117.3,1868.3,,,,,,,,,,,,,,,,,,,,,,,,,,,,,,,,,,,,,,,,,,,,,,,,,,,,,,,,,,,,,,,,,,,,,,,,,,,,,,,,,,,,,,,,,,,,,,,,,,,,,,,,,,,,,,,,,,,,,,,,,,,,,,,,
20260830_和歌山_2R,20260830,55,和歌山,2,1083.2,1542.5,1252.0,1987.8,2295.4,,,642.7,180.8,135.8,669.5,845.6,,,845.6,225.5,281.8,820.5,245.9,,,940.5,214.4,444.2,1367.5,1593.5,,,2754.5,1854.0,2166.5,3505.8,4484.1,,,1554.9,2073.3,1205.1,1357.8,2570.9,,,,,,,,,,,,,,,,,2323.1,3109.9,3443.1,5671.1,6427.3,,,1836.3,1620.3,531.1,2095.8,5671.1,,,3213.6,2073.3,2323.1,5843.0,5211.3,,,2268.4,473.7,1460.7,2323.1,4017.0,,,7416.1,2504.1,8383.4,5356.0,9999.9,,,6025.5,5843.0,5074.1,6886.3,3935.0,,,,,,,,,,,,,,,,,136.7,20.1,34.6,200.4,155.8,,,305.0,207.1,67.8,372.9,703.7,,,20.3,86.1,16.3,106.9,38.7,,,11.9,3.8,3.3,37.5,45.7,,,491.8,567.1,293.4,216.6,741.6,,,560.5,964.0,288.2,381.0,978.7,,,,,,,,,,,,,,,,,664.8,183.6,214.9,612.1,168.1,,,1648.0,1407.4,1220.3,3856.3,2605.6,,,157.6,483.2,114.1,632.1,434.2,,,308.0,538.6,183.9,653.6,706.2,,,1438.9,4484.1,1483.2,1721.5,2678.0,,,409.3,2166.5,880.4,838.3,1268.5,,,,,,,,,,,,,,,,,614.0,184.5,335.9,1161.5,1243.9,,,733.1,154.5,482.0,842.0,1518.2,,,41.5,19.2,19.9,78.6,129.3,,,267.4,332.4,113.5,504.7,604.4,,,1854.0,1387.1,544.6,1089.3,1676.6,,,2754.5,2472.0,1140.9,1854.0,2051.2,,,,,,,,,,,,,,,,,3570.7,1987.8,1967.5,4820.4,4102.5,,,6219.9,2295.4,5211.3,4102.5,8383.4,,,1691.3,1928.1,973.8,719.4,4382.2,,,2504.1,4484.1,1449.7,1836.3,3708.0,,,3443.1,2921.5,936.0,1854.0,2410.2,,,4102.5,6886.3,4102.5,3708.0,3268.1,,,,,,,,,,,,,,,,,4191.7,4820.4,1606.8,6219.9,5843.0,,,7416.1,8383.4,7141.4,8764.5,4702.9,,,3780.7,7141.4,3570.7,2921.5,7712.7,,,1285.4,7416.1,2472.0,4284.8,3780.7,,,3856.3,6427.3,3213.6,4284.8,3109.9,,,7416.1,4702.9,4702.9,7141.4,2877.8,,,,,,,,,,,,,,,,,,,,,,,,,,,,,,,,,,,,,,,,,,,,,,,,,,,,,,,,,,,,,,,,,,,,,,,,,,,,,,,,,,,,,,,,,,,,,,,,,,,,,,,,,,,,,,,,,,,,,,,,,,,,,,,,
20260830_和歌山_3R,20260830,55,和歌山,3,366.7,472.2,41.8,72.3,72.0,,,1091.7,2370.8,1596.7,2637.2,538.3,,,1688.6,2933.9,1791.7,2579.2,1086.6,,,79.8,544.5,624.2,311.7,129.1,,,199.0,2041.0,1504.5,682.3,724.4,,,46.0,55.0,256.2,79.0,162.3,,,,,,,,,,,,,,,,,403.2,469.4,50.3,147.5,73.6,,,1062.0,2173.2,431.4,785.0,798.3,,,1133.8,1972.3,290.1,307.6,558.8,,,20.4,80.7,36.4,4.1,9.2,,,131.2,292.6,63.8,10.7,52.3,,,97.7,223.3,301.6,47.5,84.8,,,,,,,,,,,,,,,,,2395.0,5334.4,3129.5,5588.4,1318.6,,,2523.8,4694.3,1575.2,2551.2,2058.9,,,3401.6,5588.4,7823.8,2897.7,5334.4,,,2933.9,2114.5,3451.6,3911.9,3088.3,,,6706.1,2579.2,3088.3,4694.3,6176.7,,,1011.7,1607.6,2444.9,2729.2,3847.7,,,,,,,,,,,,,,,,,2827.8,5102.5,3215.2,2395.0,1575.2,,,2256.8,4117.8,740.4,787.6,1439.9,,,6903.3,3503.2,7334.8,3259.9,4694.3,,,3353.0,954.1,3171.8,1618.7,2794.2,,,5588.4,1341.2,3088.3,1713.2,3556.2,,,2395.0,2897.7,3353.0,2523.8,2496.9,,,,,,,,,,,,,,,,,111.5,578.1,719.9,382.8,159.7,,,44.1,125.8,96.1,7.8,22.7,,,1564.7,973.9,2971.0,1629.9,1179.4,,,1575.2,540.8,2933.9,862.9,1341.2,,,678.3,47.6,1033.9,414.6,275.4,,,159.2,93.0,287.6,655.6,243.2,,,,,,,,,,,,,,,,,1091.7,4428.5,2761.3,2278.7,1939.7,,,502.6,700.6,291.9,48.5,210.3,,,3401.6,2444.9,2579.2,4694.3,3401.6,,,5334.4,795.6,2761.3,1024.9,2133.7,,,1228.8,99.2,1564.7,632.6,418.3,,,2214.2,539.5,2637.2,2133.7,704.8,,,,,,,,,,,,,,,,,62.7,76.7,319.7,126.3,303.6,,,133.2,247.8,632.6,123.8,218.7,,,244.2,393.8,787.6,462.9,1003.0,,,1289.6,1848.1,1725.8,2095.6,2897.7,,,225.0,162.4,389.8,1066.8,425.2,,,1091.7,627.5,1618.7,2235.3,795.6,,,,,,,,,,,,,,,,,,,,,,,,,,,,,,,,,,,,,,,,,,,,,,,,,,,,,,,,,,,,,,,,,,,,,,,,,,,,,,,,,,,,,,,,,,,,,,,,,,,,,,,,,,,,,,,,,,,,,,,,,,,,,,,,
20260830_和歌山_4R,20260830,55,和歌山,4,6894.0,3335.8,3231.5,6894.0,2912.9,,,7954.7,5745.0,6267.3,5044.4,3902.3,,,1969.7,2027.6,1034.1,4220.8,230.0,,,3505.4,4809.8,1360.6,5909.2,1003.9,,,9401.0,7660.0,7386.5,9999.9,8617.5,,,694.0,1168.4,179.6,472.1,2047.7,,,,,,,,,,,,,,,,,7954.7,3231.5,3335.8,5909.2,2323.8,,,7660.0,6463.1,4055.3,2721.3,4496.1,,,1915.0,6267.3,1863.2,4220.8,1238.4,,,1723.5,1752.7,1130.1,1782.9,511.9,,,8617.5,2618.0,5745.0,2721.3,3231.5,,,1077.1,1863.2,505.6,386.5,2522.2,,,,,,,,,,,,,,,,,8992.2,6671.6,5442.6,5442.6,4809.8,,,5442.6,7131.8,3693.2,2757.6,3447.0,,,2721.3,4496.1,3830.0,1897.4,2323.8,,,5589.7,3977.3,4055.3,3693.2,3447.0,,,3133.6,2248.0,1325.7,2491.8,1846.6,,,2223.8,2491.8,1231.0,2248.0,1951.1,,,,,,,,,,,,,,,,,786.3,915.1,435.4,1261.1,117.7,,,1397.4,3231.5,1334.3,3693.2,823.9,,,1782.9,3231.5,2721.3,1798.4,1231.0,,,579.3,1077.1,1231.0,1028.9,301.4,,,3505.4,5170.5,1738.0,2200.2,1426.3,,,24.7,143.2,214.9,74.0,342.9,,,,,,,,,,,,,,,,,2686.0,3830.0,1223.8,5170.5,961.9,,,1325.7,1117.9,880.0,1578.7,501.9,,,4308.7,2585.2,3181.8,2954.6,2872.5,,,851.1,1543.4,1615.7,2154.3,434.5,,,4700.5,3628.4,3830.0,3133.6,1767.7,,,453.5,380.8,795.4,259.8,1060.6,,,,,,,,,,,,,,,,,4496.1,3977.3,3902.3,9401.0,5170.5,,,4496.1,2833.1,8272.8,4496.1,5044.4,,,3181.8,2068.2,1498.7,3282.8,1709.2,,,4496.1,8272.8,2248.0,3447.0,3041.5,,,4924.3,4809.8,5589.7,3505.4,2223.8,,,4809.8,3231.5,2350.2,2248.0,2248.0,,,,,,,,,,,,,,,,,111.7,114.5,14.3,42.2,196.2,,,158.1,181.9,105.2,41.6,280.6,,,170.0,198.2,130.7,101.3,112.4,,,1.7,23.7,32.7,7.4,56.7,,,37.3,30.7,50.0,22.7,79.8,,,386.5,403.9,129.2,265.4,231.6,,,,,,,,,,,,,,,,,,,,,,,,,,,,,,,,,,,,,,,,,,,,,,,,,,,,,,,,,,,,,,,,,,,,,,,,,,,,,,,,,,,,,,,,,,,,,,,,,,,,,,,,,,,,,,,,,,,,,,,,,,,,,,,,
20260830_和歌山_5R,20260830,55,和歌山,5,985.5,872.9,477.8,1586.7,695.0,,,1029.7,293.7,255.0,521.2,824.4,,,667.4,254.3,163.6,610.8,512.7,,,363.0,151.8,116.8,309.1,280.3,,,1896.9,724.9,930.9,641.9,1567.0,,,494.6,1042.5,766.8,354.3,1704.6,,,,,,,,,,,,,,,,,1236.7,966.6,727.0,1739.9,670.9,,,1131.3,389.3,1005.1,542.5,396.6,,,665.6,331.5,803.4,714.6,239.5,,,678.1,997.1,937.8,1433.4,680.0,,,1868.8,827.1,930.9,1617.2,1116.3,,,437.2,335.4,236.2,646.8,888.3,,,,,,,,,,,,,,,,,394.8,86.4,102.6,109.4,328.5,,,341.3,150.9,362.4,145.4,186.3,,,41.9,55.3,27.1,16.9,52.4,,,69.2,222.4,51.4,62.2,192.2,,,60.7,91.1,24.1,50.5,69.8,,,360.4,205.4,155.5,392.9,227.0,,,,,,,,,,,,,,,,,201.6,79.6,66.7,201.1,188.5,,,233.8,91.7,213.0,230.1,74.4,,,31.0,40.0,21.2,13.7,39.2,,,33.0,137.1,34.7,76.7,109.9,,,133.6,168.0,29.6,101.7,152.0,,,187.8,119.7,105.2,264.4,300.7,,,,,,,,,,,,,,,,,143.7,60.2,38.7,159.2,107.4,,,279.0,327.6,324.6,541.3,298.9,,,76.8,244.7,66.0,84.7,178.8,,,49.6,183.4,53.6,134.6,143.1,,,313.0,689.3,132.7,225.0,577.3,,,286.3,389.3,367.7,406.2,835.3,,,,,,,,,,,,,,,,,1529.0,510.7,904.2,676.3,1519.8,,,1492.8,469.8,790.8,1212.9,1055.6,,,183.0,211.4,54.1,137.3,172.0,,,457.0,384.5,72.8,279.3,340.0,,,509.6,1051.2,265.8,379.3,1009.1,,,1896.9,1230.6,606.4,710.6,1190.0,,,,,,,,,,,,,,,,,904.2,1126.2,832.6,861.0,2102.4,,,552.0,472.4,319.7,824.4,1051.2,,,1038.2,712.6,584.0,1224.7,970.3,,,637.0,343.7,472.4,838.1,1025.5,,,840.9,1126.2,1212.9,1131.3,1606.9,,,2252.5,1538.3,1178.9,1320.8,1557.3,,,,,,,,,,,,,,,,,,,,,,,,,,,,,,,,,,,,,,,,,,,,,,,,,,,,,,,,,,,,,,,,,,,,,,,,,,,,,,,,,,,,,,,,,,,,,,,,,,,,,,,,,,,,,,,,,,,,,,,,,,,,,,,,
20260830_和歌山_6R,20260830,55,和歌山,6,1218.7,248.1,1071.9,449.9,863.9,,,2766.8,3199.1,6604.6,3199.1,5533.6,,,386.3,4094.9,2155.2,918.1,2300.5,,,2068.1,2694.0,2274.9,2225.4,2729.9,,,835.6,3356.4,934.9,4993.7,4014.6,,,787.4,5687.3,3863.1,1240.8,4450.9,,,,,,,,,,,,,,,,,188.8,16.0,79.2,34.3,70.9,,,407.0,207.0,726.0,371.5,626.1,,,8.3,89.4,16.8,4.2,16.0,,,176.5,570.3,57.3,112.0,178.5,,,22.1,171.3,7.0,49.4,40.1,,,124.6,408.6,45.8,204.3,103.3,,,,,,,,,,,,,,,,,4993.7,6824.8,4761.5,6604.6,7312.3,,,3530.0,2694.0,5388.0,3055.9,3249.9,,,5849.8,1949.9,5249.8,3199.1,3102.2,,,7312.3,9749.7,3722.6,6204.4,9749.7,,,5388.0,3356.4,3356.4,6398.2,9999.9,,,7312.3,5118.6,6824.8,9999.9,9999.9,,,,,,,,,,,,,,,,,48.6,886.3,321.9,175.7,275.9,,,15.1,154.0,38.5,16.0,26.7,,,2659.0,567.1,3791.5,1587.1,2155.2,,,629.9,152.5,2353.3,449.9,620.4,,,150.3,51.2,769.7,252.4,215.7,,,389.9,111.2,1664.5,609.3,413.6,,,,,,,,,,,,,,,,,4761.5,8901.9,4761.5,7874.8,9749.7,,,3302.3,5687.3,1169.9,1844.5,3302.3,,,9999.9,9999.9,5388.0,9306.6,9999.9,,,3791.5,1441.8,3863.1,2300.5,7583.1,,,9999.9,2466.8,9306.6,2804.7,3863.1,,,9999.9,4356.2,9306.6,7060.1,4094.9,,,,,,,,,,,,,,,,,769.7,2694.0,943.5,4874.8,3592.0,,,319.4,914.0,117.7,530.4,567.1,,,3102.2,2132.7,2007.3,9999.9,8531.0,,,540.2,178.0,1780.3,905.9,952.3,,,5687.3,1562.9,3791.5,1720.5,3356.4,,,3791.5,1240.8,3592.0,2027.1,3470.2,,,,,,,,,,,,,,,,,1780.3,5687.3,5249.8,9306.6,5849.8,,,1039.3,2408.7,890.1,2353.3,1329.5,,,6398.2,4761.5,3863.1,8901.9,9306.6,,,4356.2,1320.9,3149.9,5388.0,2559.3,,,9999.9,5533.6,9999.9,9306.6,4653.3,,,5249.8,2249.9,4014.6,3102.2,3722.6,,,,,,,,,,,,,,,,,,,,,,,,,,,,,,,,,,,,,,,,,,,,,,,,,,,,,,,,,,,,,,,,,,,,,,,,,,,,,,,,,,,,,,,,,,,,,,,,,,,,,,,,,,,,,,,,,,,,,,,,,,,,,,,,
20260830_和歌山_7R,20260830,55,和歌山,7,2254.4,797.3,2203.8,1556.6,1735.7,,,3113.3,864.0,2421.4,1508.7,2179.3,,,143.6,165.5,73.4,34.7,60.7,,,2109.0,1720.5,340.5,664.8,787.7,,,737.3,703.0,92.3,317.3,255.3,,,560.4,899.7,190.0,399.4,363.8,,,,,,,,,,,,,,,,,4903.5,2043.1,4263.9,3700.7,2724.1,,,4002.8,3215.4,4903.5,3017.5,3922.8,,,1767.0,2203.8,3922.8,1767.0,2802.0,,,7005.0,9999.9,6763.4,7264.4,7005.0,,,6763.4,4173.1,2547.2,7543.8,3771.9,,,3324.4,4783.9,3113.3,5448.3,5604.0,,,,,,,,,,,,,,,,,3771.9,1594.6,3502.5,2927.4,4457.7,,,2971.8,3381.7,4561.3,2580.7,4086.2,,,1265.4,1961.4,2109.0,1298.9,2335.0,,,4783.9,8915.4,2547.2,3269.0,5161.5,,,3381.7,2927.4,1922.9,4086.2,5604.0,,,5161.5,5604.0,3502.5,5604.0,5448.3,,,,,,,,,,,,,,,,,26.3,31.7,10.1,4.1,8.4,,,138.9,597.9,357.2,194.5,408.6,,,96.9,456.1,232.9,149.2,262.5,,,28.5,208.4,177.8,28.9,74.1,,,6.6,74.8,56.2,18.0,16.5,,,20.9,162.5,127.9,59.4,25.8,,,,,,,,,,,,,,,,,2421.4,6129.3,609.1,1371.6,1594.6,,,6327.0,8915.4,4903.5,7005.0,9340.0,,,6327.0,4783.9,4086.2,5943.6,4457.7,,,524.4,1767.0,2307.5,667.1,1000.7,,,1497.2,7264.4,3381.7,800.5,1662.2,,,3700.7,7845.6,4002.8,2203.8,1508.7,,,,,,,,,,,,,,,,,929.5,947.5,88.0,540.3,540.3,,,2391.9,3215.4,1648.2,4086.2,5029.2,,,2064.6,3381.7,1011.0,2686.8,2724.1,,,42.9,319.9,290.5,140.3,150.9,,,1000.7,3269.0,2421.4,612.9,1607.7,,,703.0,2547.2,2842.6,397.8,1257.3,,,,,,,,,,,,,,,,,1452.8,2514.6,357.9,1421.3,856.5,,,3113.3,4358.6,2650.5,5768.8,5768.8,,,4173.1,5301.0,3771.9,4903.5,4903.5,,,221.1,1133.7,1060.2,626.6,303.6,,,2650.5,6538.0,7543.8,1532.3,1904.2,,,1032.3,2580.7,3113.3,547.8,1188.7,,,,,,,,,,,,,,,,,,,,,,,,,,,,,,,,,,,,,,,,,,,,,,,,,,,,,,,,,,,,,,,,,,,,,,,,,,,,,,,,,,,,,,,,,,,,,,,,,,,,,,,,,,,,,,,,,,,,,,,,,,,,,,,,
