race_key,date,jo_code,jo_name,race_no,1-2-3,1-2-4,1-2-5,1-2-6,1-2-7,1-2-8,1-2-9,1-3-2,1-3-4,1-3-5,1-3-6,1-3-7,1-3-8,1-3-9,1-4-2,1-4-3,1-4-5,1-4-6,1-4-7,1-4-8,1-4-9,1-5-2,1-5-3,1-5-4,1-5-6,1-5-7,1-5-8,1-5-9,1-6-2,1-6-3,1-6-4,1-6-5,1-6-7,1-6-8,1-6-9,1-7-2,1-7-3,1-7-4,1-7-5,1-7-6,1-7-8,1-7-9,1-8-2,1-8-3,1-8-4,1-8-5,1-8-6,1-8-7,1-8-9,1-9-2,1-9-3,1-9-4,1-9-5,1-9-6,1-9-7,1-9-8,2-1-3,2-1-4,2-1-5,2-1-6,2-1-7,2-1-8,2-1-9,2-3-1,2-3-4,2-3-5,2-3-6,2-3-7,2-3-8,2-3-9,2-4-1,2-4-3,2-4-5,2-4-6,2-4-7,2-4-8,2-4-9,2-5-1,2-5-3,2-5-4,2-5-6,2-5-7,2-5-8,2-5-9,2-6-1,2-6-3,2-6-4,2-6-5,2-6-7,2-6-8,2-6-9,2-7-1,2-7-3,2-7-4,2-7-5,2-7-6,2-7-8,2-7-9,2-8-1,2-8-3,2-8-4,2-8-5,2-8-6,2-8-7,2-8-9,2-9-1,2-9-3,2-9-4,2-9-5,2-9-6,2-9-7,2-9-8,3-1-2,3-1-4,3-1-5,3-1-6,3-1-7,3-1-8,3-1-9,3-2-1,3-2-4,3-2-5,3-2-6,3-2-7,3-2-8,3-2-9,3-4-1,3-4-2,3-4-5,3-4-6,3-4-7,3-4-8,3-4-9,3-5-1,3-5-2,3-5-4,3-5-6,3-5-7,3-5-8,3-5-9,3-6-1,3-6-2,3-6-4,3-6-5,3-6-7,3-6-8,3-6-9,3-7-1,3-7-2,3-7-4,3-7-5,3-7-6,3-7-8,3-7-9,3-8-1,3-8-2,3-8-4,3-8-5,3-8-6,3-8-7,3-8-9,3-9-1,3-9-2,3-9-4,3-9-5,3-9-6,3-9-7,3-9-8,4-1-2,4-1-3,4-1-5,4-1-6,4-1-7,4-1-8,4-1-9,4-2-1,4-2-3,4-2-5,4-2-6,4-2-7,4-2-8,4-2-9,4-3-1,4-3-2,4-3-5,4-3-6,4-3-7,4-3-8,4-3-9,4-5-1,4-5-2,4-5-3,4-5-6,4-5-7,4-5-8,4-5-9,4-6-1,4-6-2,4-6-3,4-6-5,4-6-7,4-6-8,4-6-9,4-7-1,4-7-2,4-7-3,4-7-5,4-7-6,4-7-8,4-7-9,4-8-1,4-8-2,4-8-3,4-8-5,4-8-6,4-8-7,4-8-9,4-9-1,4-9-2,4-9-3,4-9-5,4-9-6,4-9-7,4-9-8,5-1-2,5-1-3,5-1-4,5-1-6,5-1-7,5-1-8,5-1-9,5-2-1,5-2-3,5-2-4,5-2-6,5-2-7,5-2-8,5-2-9,5-3-1,5-3-2,5-3-4,5-3-6,5-3-7,5-3-8,5-3-9,5-4-1,5-4-2,5-4-3,5-4-6,5-4-7,5-4-8,5-4-9,5-6-1,5-6-2,5-6-3,5-6-4,5-6-7,5-6-8,5-6-9,5-7-1,5-7-2,5-7-3,5-7-4,5-7-6,5-7-8,5-7-9,5-8-1,5-8-2,5-8-3,5-8-4,5-8-6,5-8-7,5-8-9,5-9-1,5-9-2,5-9-3,5-9-4,5-9-6,5-9-7,5-9-8,6-1-2,6-1-3,6-1-4,6-1-5,6-1-7,6-1-8,6-1-9,6-2-1,6-2-3,6-2-4,6-2-5,6-2-7,6-2-8,6-2-9,6-3-1,6-3-2,6-3-4,6-3-5,6-3-7,6-3-8,6-3-9,6-4-1,6-4-2,6-4-3,6-4-5,6-4-7,6-4-8,6-4-9,6-5-1,6-5-2,6-5-3,6-5-4,6-5-7,6-5-8,6-5-9,6-7-1,6-7-2,6-7-3,6-7-4,6-7-5,6-7-8,6-7-9,6-8-1,6-8-2,6-8-3,6-8-4,6-8-5,6-8-7,6-8-9,6-9-1,6-9-2,6-9-3,6-9-4,6-9-5,6-9-7,6-9-8,7-1-2,7-1-3,7-1-4,7-1-5,7-1-6,7-1-8,7-1-9,7-2-1,7-2-3,7-2-4,7-2-5,7-2-6,7-2-8,7-2-9,7-3-1,7-3-2,7-3-4,7-3-5,7-3-6,7-3-8,7-3-9,7-4-1,7-4-2,7-4-3,7-4-5,7-4-6,7-4-8,7-4-9,7-5-1,7-5-2,7-5-3,7-5-4,7-5-6,7-5-8,7-5-9,7-6-1,7-6-2,7-6-3,7-6-4,7-6-5,7-6-8,7-6-9,7-8-1,7-8-2,7-8-3,7-8-4,7-8-5,7-8-6,7-8-9,7-9-1,7-9-2,7-9-3,7-9-4,7-9-5,7-9-6,7-9-8,8-1-2,8-1-3,8-1-4,8-1-5,8-1-6,8-1-7,8-1-9,8-2-1,8-2-3,8-2-4,8-2-5,8-2-6,8-2-7,8-2-9,8-3-1,8-3-2,8-3-4,8-3-5,8-3-6,8-3-7,8-3-9,8-4-1,8-4-2,8-4-3,8-4-5,8-4-6,8-4-7,8-4-9,8-5-1,8-5-2,8-5-3,8-5-4,8-5-6,8-5-7,8-5-9,8-6-1,8-6-2,8-6-3,8-6-4,8-6-5,8-6-7,8-6-9,8-7-1,8-7-2,8-7-3,8-7-4,8-7-5,8-7-6,8-7-9,8-9-1,8-9-2,8-9-3,8-9-4,8-9-5,8-9-6,8-9-7,9-1-2,9-1-3,9-1-4,9-1-5,9-1-6,9-1-7,9-1-8,9-2-1,9-2-3,9-2-4,9-2-5,9-2-6,9-2-7,9-2-8,9-3-1,9-3-2,9-3-4,9-3-5,9-3-6,9-3-7,9-3-8,9-4-1,9-4-2,9-4-3,9-4-5,9-4-6,9-4-7,9-4-8,9-5-1,9-5-2,9-5-3,9-5-4,9-5-6,9-5-7,9-5-8,9-6-1,9-6-2,9-6-3,9-6-4,9-6-5,9-6-7,9-6-8,9-7-1,9-7-2,9-7-3,9-7-4,9-7-5,9-7-6,9-7-8,9-8-1,9-8-2,9-8-3,9-8-4,9-8-5,9-8-6,9-8-7
20260929_いわき平_1R,20260929,13,いわき平,1,4.4,12.9,33.0,26.4,,,,10.5,32.1,59.7,52.4,,,,37.0,50.8,155.2,145.2,,,,71.6,94.9,229.2,296.0,,,,55.8,75.2,159.9,250.2,,,,,,,,,,,,,,,,,,,,,,,,,7.2,18.2,52.9,47.3,,,,20.0,50.3,114.6,132.5,,,,45.9,75.0,243.5,211.9,,,,171.5,331.5,507.5,821.3,,,,116.2,208.4,331.5,653.7,,,,,,,,,,,,,,,,,,,,,,,,,28.3,57.6,134.0,138.5,,,,30.8,70.0,191.3,199.0,,,,130.1,155.2,422.3,528.9,,,,397.6,451.5,809.1,1238.2,,,,336.9,416.9,893.1,1513.3,,,,,,,,,,,,,,,,,,,,,,,,,82.6,124.1,344.0,256.9,,,,95.0,163.9,420.1,377.4,,,,184.6,209.5,635.9,621.4,,,,664.4,785.7,978.7,1433.7,,,,451.5,554.0,833.8,1267.0,,,,,,,,,,,,,,,,,,,,,,,,,420.1,548.4,1127.1,1339.7,,,,479.3,838.1,1396.9,1684.9,,,,833.8,1089.6,2368.7,2095.4,,,,1297.1,1485.8,1433.7,3335.5,,,,2270.0,2439.4,3204.7,3405.0,,,,,,,,,,,,,,,,,,,,,,,,,226.0,342.6,672.6,996.6,,,,276.0,510.7,778.3,1286.9,,,,525.5,635.9,1318.0,2043.0,,,,898.0,913.0,1541.9,2594.3,,,,1433.7,1836.4,2334.9,2553.8,,,,,,,,,,,,,,,,,,,,,,,,,,,,,,,,,,,,,,,,,,,,,,,,,,,,,,,,,,,,,,,,,,,,,,,,,,,,,,,,,,,,,,,,,,,,,,,,,,,,,,,,,,,,,,,,,,,,,,,,,,,,,,,,,,,,,,,,,,,,,,,,,,,,,,,,,,,,,,,,,,,,,,,,,,,,,,,,,,,,,,,,,,,,,,,,
20260929_いわき平_2R,20260929,13,いわき平,2,8.2,18.1,250.7,99.5,82.8,,,30.7,85.4,628.0,274.6,214.1,,,67.3,124.7,703.1,343.0,270.0,,,938.4,1378.1,1370.3,1813.3,1773.3,,,265.0,441.7,453.3,1461.7,823.1,,,210.4,315.6,320.7,1013.3,695.0,,,,,,,,,,,,,,,,,4.3,13.5,217.0,81.5,53.6,,,4.7,42.0,251.4,115.6,111.6,,,73.7,135.1,980.4,440.9,615.2,,,717.7,883.4,1452.8,1461.7,1262.7,,,181.0,249.1,506.6,1461.7,825.9,,,152.2,259.8,558.2,855.2,785.6,,,,,,,,,,,,,,,,,29.6,104.4,591.1,302.9,244.6,,,14.1,93.4,379.2,168.6,201.8,,,270.3,317.7,1813.3,1116.5,1132.3,,,1039.5,992.5,1929.4,1576.3,910.1,,,351.5,318.1,675.5,886.6,610.5,,,349.5,484.2,870.6,629.7,920.5,,,,,,,,,,,,,,,,,248.6,482.3,1674.8,931.1,749.0,,,244.8,479.4,1799.8,1044.0,1017.6,,,522.0,568.8,2740.6,1576.3,1976.8,,,2650.3,3014.7,5608.8,3890.0,4550.5,,,1607.8,1747.6,2296.9,3445.4,3014.7,,,1884.2,2233.1,3173.4,3768.4,2772.1,,,,,,,,,,,,,,,,,1827.1,2026.7,2043.9,2512.2,1813.3,,,1452.8,1498.0,2364.5,2275.2,1686.5,,,2079.1,1536.1,4019.6,3132.2,2115.6,,,3052.9,3890.0,3953.7,4922.0,4823.6,,,2804.4,2905.7,3215.7,4638.0,1282.8,,,1249.6,1176.4,1354.9,2461.0,1086.3,,,,,,,,,,,,,,,,,127.8,174.1,250.1,910.1,349.0,,,88.7,125.1,261.8,715.6,385.2,,,122.8,120.4,187.2,288.4,234.3,,,535.9,616.8,658.9,2192.5,1035.1,,,1410.4,1566.1,1256.1,2026.7,1106.3,,,340.6,519.7,520.9,837.4,773.0,,,,,,,,,,,,,,,,,264.7,418.7,558.2,899.9,756.0,,,157.2,256.0,526.5,703.1,612.1,,,480.4,512.0,1021.9,1035.1,1243.1,,,1182.2,1526.4,2043.9,2565.7,2364.5,,,689.0,568.8,773.0,1651.9,596.9,,,773.0,889.9,1370.3,1993.2,1165.1,,,,,,,,,,,,,,,,,,,,,,,,,,,,,,,,,,,,,,,,,,,,,,,,,,,,,,,,,,,,,,,,,,,,,,,,,,,,,,,,,,,,,,,,,,,,,,,,,,,,,,,,,,,,,,,,,,,,,,,,,,,,,,,,
20260929_いわき平_3R,20260929,13,いわき平,3,34.5,19.7,47.5,139.0,36.0,,,45.2,56.3,135.5,117.4,86.9,,,20.0,40.3,82.4,98.0,24.5,,,193.7,301.5,237.4,794.9,237.2,,,225.4,196.7,222.6,681.4,422.7,,,59.3,114.0,50.5,103.0,357.4,,,,,,,,,,,,,,,,,42.4,30.7,39.6,146.2,45.5,,,44.0,137.6,68.6,99.7,206.0,,,90.9,242.6,278.6,358.7,400.4,,,47.6,78.4,147.8,206.1,105.3,,,227.4,176.8,375.8,355.3,765.5,,,253.9,476.3,584.0,319.9,1030.6,,,,,,,,,,,,,,,,,27.2,54.8,52.9,62.9,63.2,,,26.3,85.7,39.1,55.2,201.9,,,88.0,171.6,196.3,177.8,403.0,,,65.9,90.4,190.6,71.0,175.0,,,39.7,58.9,112.8,42.1,151.5,,,221.1,484.4,627.4,267.0,420.4,,,,,,,,,,,,,,,,,95.9,70.9,109.0,197.5,33.5,,,152.9,350.9,547.9,622.1,648.1,,,131.6,343.2,361.5,379.6,541.5,,,516.0,1066.0,1091.0,2310.9,1231.9,,,394.1,757.7,530.7,1314.6,1482.3,,,296.2,1056.9,1442.0,958.9,2369.7,,,,,,,,,,,,,,,,,592.4,732.3,875.4,2066.9,855.3,,,346.1,477.6,803.5,953.9,851.3,,,588.6,558.6,1563.2,1042.1,1563.2,,,1166.3,1500.2,2282.5,3875.6,3235.2,,,2548.3,1937.8,1506.3,4088.5,4650.7,,,2011.1,2282.5,3413.3,4227.9,4537.2,,,,,,,,,,,,,,,,,341.3,223.7,371.3,617.0,389.1,,,355.3,277.2,573.2,579.5,1166.3,,,102.7,139.7,191.5,152.9,389.9,,,302.2,675.2,463.9,1196.3,1754.9,,,1348.0,1338.3,810.5,2447.7,3100.4,,,1730.5,2354.7,1851.0,3647.6,2776.5,,,,,,,,,,,,,,,,,418.0,609.9,232.5,517.4,1518.6,,,575.9,1476.4,1482.3,1219.8,2583.7,,,861.2,1738.5,2735.7,1806.1,2696.0,,,533.7,1763.3,3153.0,1968.5,4276.5,,,1494.2,2384.9,2818.6,3074.8,3543.4,,,2638.7,3683.7,4000.6,4895.4,4276.5,,,,,,,,,,,,,,,,,,,,,,,,,,,,,,,,,,,,,,,,,,,,,,,,,,,,,,,,,,,,,,,,,,,,,,,,,,,,,,,,,,,,,,,,,,,,,,,,,,,,,,,,,,,,,,,,,,,,,,,,,,,,,,,,
20260929_いわき平_4R,20260929,13,いわき平,4,23.3,51.0,65.5,183.9,209.2,,,9.2,31.0,76.5,88.1,32.7,,,90.5,92.3,376.2,503.3,463.8,,,242.4,260.6,591.1,792.4,1001.2,,,507.4,338.2,926.5,1067.2,1098.6,,,438.1,214.4,743.4,955.0,860.1,,,,,,,,,,,,,,,,,26.7,46.8,51.4,178.3,248.8,,,25.0,34.0,25.4,97.7,95.7,,,32.4,23.9,9.5,82.1,277.9,,,58.2,36.2,27.5,64.9,193.9,,,372.0,304.7,232.6,232.6,741.9,,,357.0,298.6,642.1,379.6,854.2,,,,,,,,,,,,,,,,,15.4,52.5,103.0,90.1,27.8,,,43.9,76.2,93.6,195.6,98.6,,,128.6,151.0,564.3,407.5,404.4,,,412.9,394.5,990.5,950.1,864.1,,,344.5,500.6,1061.1,864.1,524.5,,,63.6,136.2,379.6,367.3,242.9,,,,,,,,,,,,,,,,,148.3,147.6,579.2,677.1,706.7,,,84.2,59.6,49.0,225.5,475.0,,,180.9,149.2,599.7,399.2,515.1,,,987.9,428.6,1178.6,1477.9,3547.1,,,1449.2,993.2,1400.2,2128.3,3724.5,,,1466.3,1416.1,1862.2,3325.4,3651.5,,,,,,,,,,,,,,,,,659.2,926.5,1449.2,2387.5,2955.9,,,438.1,297.4,264.3,378.5,769.5,,,904.0,532.8,1598.5,1507.9,1472.1,,,1558.3,545.3,1662.7,2299.1,4048.4,,,2843.1,1182.3,2190.9,2551.0,2533.7,,,4138.3,2402.9,3210.8,4900.7,4232.4,,,,,,,,,,,,,,,,,972.4,652.2,1740.4,2909.8,2641.5,,,1132.0,846.4,829.5,864.1,1881.0,,,643.2,764.7,1591.6,1900.2,1254.0,,,2190.9,1379.4,2434.3,3183.3,3920.5,,,3183.3,1320.7,2466.5,3052.9,3325.4,,,3762.1,3183.3,2466.5,5102.1,4004.8,,,,,,,,,,,,,,,,,731.7,318.6,1197.6,2216.9,1443.6,,,1014.8,771.1,1677.7,1501.8,2357.3,,,203.0,346.7,915.1,1121.8,497.2,,,1708.5,1816.8,1919.8,5320.7,4138.3,,,4232.4,3129.8,2679.5,5819.6,4048.4,,,3052.9,3129.8,2057.7,4966.0,3616.0,,,,,,,,,,,,,,,,,,,,,,,,,,,,,,,,,,,,,,,,,,,,,,,,,,,,,,,,,,,,,,,,,,,,,,,,,,,,,,,,,,,,,,,,,,,,,,,,,,,,,,,,,,,,,,,,,,,,,,,,,,,,,,,,
20260929_いわき平_5R,20260929,13,いわき平,5,10.8,68.8,79.0,390.3,143.3,,,35.3,220.6,251.2,1037.5,290.9,,,170.9,249.4,191.1,940.0,1295.0,,,289.1,321.2,308.9,634.2,1772.2,,,1299.6,1562.8,1738.9,1617.4,3061.1,,,482.2,600.3,2191.6,1861.2,3249.0,,,,,,,,,,,,,,,,,4.7,47.6,48.7,271.3,79.8,,,4.2,41.6,25.7,161.1,19.3,,,118.0,100.9,171.2,710.9,355.4,,,100.7,89.3,235.7,467.0,479.1,,,972.1,708.2,1430.0,1119.0,1970.1,,,174.0,111.2,660.2,504.6,1055.2,,,,,,,,,,,,,,,,,31.9,238.9,187.4,815.8,203.4,,,9.6,77.9,45.8,228.4,29.7,,,397.4,244.1,297.2,1603.4,888.2,,,373.7,203.1,260.2,892.5,680.8,,,1755.4,1102.3,3429.5,2002.1,2166.0,,,231.0,138.7,740.7,472.4,1028.8,,,,,,,,,,,,,,,,,249.9,399.5,309.4,1562.8,1899.4,,,208.9,117.2,232.0,1136.1,671.0,,,507.3,196.0,288.4,2092.6,1441.2,,,257.7,141.3,140.4,203.8,1332.3,,,2893.7,2116.5,2893.7,836.1,4357.5,,,3898.9,2806.0,3367.2,2871.2,5368.0,,,,,,,,,,,,,,,,,556.9,832.3,624.6,1132.7,2359.2,,,455.0,279.7,439.3,625.6,1119.0,,,901.2,448.4,462.9,1073.6,1660.9,,,417.5,239.7,218.1,255.0,1327.5,,,1095.8,660.2,865.4,450.6,1441.2,,,3596.0,2116.5,2723.4,2849.1,2178.7,,,,,,,,,,,,,,,,,1919.1,3220.8,4209.0,3398.1,6277.8,,,2893.7,1806.8,2436.8,2286.3,4070.2,,,3741.3,2502.6,4810.3,3061.1,4810.3,,,4257.4,2684.0,3818.5,1268.4,6988.5,,,2436.8,1356.7,1772.2,853.4,2871.2,,,9259.8,5528.2,6277.8,8231.0,3741.3,,,,,,,,,,,,,,,,,771.6,890.3,2502.6,2405.1,4257.4,,,556.1,366.3,2057.7,1582.8,2645.6,,,628.8,399.9,2626.9,1589.6,2645.6,,,4070.2,3336.8,3631.3,4357.5,6859.1,,,4517.0,3036.0,3112.5,4688.5,3193.0,,,5974.1,4306.9,4572.7,5073.9,3982.7,,,,,,,,,,,,,,,,,,,,,,,,,,,,,,,,,,,,,,,,,,,,,,,,,,,,,,,,,,,,,,,,,,,,,,,,,,,,,,,,,,,,,,,,,,,,,,,,,,,,,,,,,,,,,,,,,,,,,,,,,,,,,,,,
20260929_いわき平_6R,20260929,13,いわき平,6,89.7,87.7,298.1,420.4,375.5,,,44.0,36.2,113.5,134.9,184.6,,,70.8,71.8,192.7,306.0,193.0,,,599.9,398.1,487.6,642.3,1119.1,,,822.2,402.6,619.9,758.3,1315.0,,,698.6,592.6,466.0,1112.7,1462.8,,,,,,,,,,,,,,,,,85.8,79.7,335.8,496.9,349.9,,,52.1,54.0,247.1,319.8,315.9,,,26.4,22.6,87.7,113.5,30.7,,,715.3,731.4,394.9,779.5,986.2,,,643.4,582.0,368.8,528.5,961.9,,,521.4,613.1,151.5,448.9,479.2,,,,,,,,,,,,,,,,,30.1,25.8,76.3,106.2,153.0,,,51.0,51.9,323.5,316.5,357.6,,,45.8,44.4,195.4,229.7,75.1,,,372.6,578.6,458.4,534.2,1122.3,,,271.2,529.2,396.5,274.4,669.9,,,514.5,587.3,302.0,943.4,1081.9,,,,,,,,,,,,,,,,,29.0,48.6,142.4,217.1,92.8,,,13.3,19.0,50.3,77.7,12.4,,,42.5,37.5,166.4,213.1,71.0,,,277.3,175.1,369.1,320.6,168.7,,,346.8,191.4,325.7,274.0,141.0,,,60.7,23.4,69.8,87.6,91.2,,,,,,,,,,,,,,,,,1232.0,834.5,923.3,1356.1,2338.7,,,1380.1,1457.3,792.2,1280.5,2352.8,,,912.5,941.1,877.6,1004.0,2503.6,,,852.7,732.7,1064.2,875.7,945.6,,,661.9,762.8,793.8,526.3,883.6,,,2586.5,2257.6,2789.7,1562.2,2134.2,,,,,,,,,,,,,,,,,1035.9,661.9,741.1,790.6,1662.0,,,1011.8,862.1,449.4,784.2,1420.2,,,436.3,847.2,541.7,463.3,993.8,,,627.9,333.5,524.2,453.0,338.7,,,464.9,545.4,502.0,368.1,707.5,,,2134.2,1138.6,1933.5,732.7,1049.9,,,,,,,,,,,,,,,,,938.8,1064.2,503.3,1859.8,2088.6,,,600.8,697.4,159.1,458.9,481.5,,,978.8,927.7,528.5,1713.0,1886.8,,,220.1,82.3,225.8,188.7,174.5,,,1952.8,513.2,1209.1,748.2,1251.8,,,2352.8,513.9,1905.2,596.2,1142.0,,,,,,,,,,,,,,,,,,,,,,,,,,,,,,,,,,,,,,,,,,,,,,,,,,,,,,,,,,,,,,,,,,,,,,,,,,,,,,,,,,,,,,,,,,,,,,,,,,,,,,,,,,,,,,,,,,,,,,,,,,,,,,,,
20260929_いわき平_7R,20260929,13,いわき平,7,16.2,23.7,82.9,160.0,117.2,,,9.0,29.9,85.3,26.3,148.8,,,66.3,105.9,316.1,428.0,521.8,,,297.2,318.6,598.9,1020.6,392.3,,,432.2,226.6,740.8,986.1,1445.0,,,449.5,488.1,708.5,437.8,1180.2,,,,,,,,,,,,,,,,,25.6,32.9,89.9,189.6,115.3,,,34.8,48.0,120.1,128.5,212.0,,,22.7,26.3,55.3,153.5,91.5,,,202.5,253.9,164.0,446.3,166.1,,,565.7,461.8,473.8,794.6,999.6,,,151.9,243.7,149.1,115.8,496.4,,,,,,,,,,,,,,,,,12.8,31.3,57.1,12.4,93.0,,,30.6,65.3,140.6,115.4,301.7,,,80.4,78.0,360.0,180.0,762.8,,,208.6,403.5,742.1,481.1,598.1,,,31.2,102.1,220.6,150.5,211.2,,,228.2,461.8,1114.1,261.4,275.0,,,,,,,,,,,,,,,,,106.1,176.2,589.3,772.2,840.4,,,48.1,56.2,130.9,255.9,196.7,,,179.5,138.2,584.5,348.6,919.8,,,966.5,535.9,1525.6,2473.7,1330.8,,,1744.4,881.0,1376.9,2590.8,3292.1,,,1295.4,693.9,1658.5,1083.8,3105.3,,,,,,,,,,,,,,,,,872.2,873.9,1258.2,2880.6,868.7,,,743.3,690.6,567.1,1730.6,462.3,,,850.2,881.0,1879.2,1299.2,821.4,,,1530.9,766.8,2027.1,2958.5,1563.7,,,3980.5,2545.6,2419.1,3475.0,2046.0,,,606.4,407.6,482.2,830.8,983.9,,,,,,,,,,,,,,,,,1004.2,400.9,1240.3,3172.8,3742.3,,,1027.8,780.4,766.8,1355.5,2938.6,,,247.6,664.4,1089.1,1202.9,927.6,,,1426.2,900.9,1167.6,3618.6,5542.5,,,4467.9,3589.0,2999.0,4708.1,3559.8,,,3944.6,4467.9,1417.0,5998.0,2978.6,,,,,,,,,,,,,,,,,842.0,834.0,1627.7,766.8,3040.6,,,586.9,528.8,473.8,311.6,1368.3,,,709.6,834.0,1832.0,683.0,829.2,,,1839.7,953.9,2366.8,1202.9,4170.0,,,509.1,346.4,370.4,799.0,832.4,,,4170.0,3292.1,1372.5,5275.4,2027.1,,,,,,,,,,,,,,,,,,,,,,,,,,,,,,,,,,,,,,,,,,,,,,,,,,,,,,,,,,,,,,,,,,,,,,,,,,,,,,,,,,,,,,,,,,,,,,,,,,,,,,,,,,,,,,,,,,,,,,,,,,,,,,,,
20260929_いわき平_8R,20260929,13,いわき平,8,9.5,7.8,31.9,53.9,74.1,,,16.2,23.8,56.5,81.0,129.0,,,9.5,17.8,33.4,58.6,170.6,,,47.4,68.2,77.8,230.5,320.1,,,148.4,192.2,190.6,360.9,835.4,,,344.1,393.5,462.4,781.0,1303.8,,,,,,,,,,,,,,,,,34.1,30.2,53.1,96.1,160.0,,,53.9,130.0,160.0,242.2,270.4,,,54.4,108.6,171.8,227.2,383.4,,,103.2,155.8,234.1,476.0,532.2,,,371.5,526.1,659.5,886.7,1681.9,,,716.7,1021.4,1327.8,1659.8,2304.0,,,,,,,,,,,,,,,,,53.6,93.1,114.8,198.7,302.6,,,69.4,207.2,241.3,431.6,412.9,,,169.7,219.7,449.3,602.8,792.1,,,225.8,302.1,481.9,1080.4,1283.9,,,594.3,747.5,1049.0,1198.5,2093.7,,,888.3,1087.4,1515.2,1722.1,2522.9,,,,,,,,,,,,,,,,,22.2,33.0,52.7,112.0,280.6,,,39.0,88.2,139.7,220.7,482.3,,,83.9,157.8,299.4,481.4,695.0,,,137.9,230.0,311.0,530.5,608.6,,,299.4,434.9,633.1,784.7,2272.9,,,904.2,1314.0,1258.3,2051.1,2866.9,,,,,,,,,,,,,,,,,204.6,267.8,310.5,694.0,1080.4,,,228.3,504.0,531.1,1643.6,1918.5,,,330.0,490.3,787.1,1994.4,2026.4,,,339.5,579.3,674.5,1776.7,2548.4,,,1190.0,2600.9,2787.7,3003.4,4946.9,,,3386.4,5045.8,4946.9,4587.1,7884.1,,,,,,,,,,,,,,,,,1080.4,1290.5,977.8,1971.0,4276.1,,,1317.4,2414.2,1267.8,3942.0,6079.3,,,1524.4,2402.7,2614.4,4036.6,5867.2,,,1184.4,1338.4,2655.7,3656.4,4629.2,,,3058.1,4465.3,4760.2,4004.6,6153.4,,,8009.3,8852.3,9703.5,9703.5,9999.9,,,,,,,,,,,,,,,,,4004.6,4898.8,5148.8,7762.8,8009.3,,,5311.4,7645.2,8409.7,9344.1,9999.9,,,4102.3,7106.8,6912.1,8552.3,7884.1,,,7106.8,9893.8,8852.3,9999.9,9999.9,,,9520.5,7312.8,9999.9,9520.5,9999.9,,,9344.1,9999.9,9999.9,9999.9,9520.5,,,,,,,,,,,,,,,,,,,,,,,,,,,,,,,,,,,,,,,,,,,,,,,,,,,,,,,,,,,,,,,,,,,,,,,,,,,,,,,,,,,,,,,,,,,,,,,,,,,,,,,,,,,,,,,,,,,,,,,,,,,,,,,,
20260929_いわき平_9R,20260929,13,いわき平,9,193.5,119.0,147.6,332.3,284.4,,,105.9,52.9,100.9,80.1,95.2,,,64.1,35.4,49.6,76.4,21.6,,,168.2,151.9,101.8,295.6,193.1,,,421.2,107.6,123.3,248.5,205.6,,,164.2,71.9,24.0,117.0,148.4,,,,,,,,,,,,,,,,,385.3,341.3,265.5,781.8,680.6,,,422.7,721.9,276.8,440.9,960.8,,,538.1,905.0,537.1,1139.2,1261.6,,,183.1,207.8,248.8,352.6,408.6,,,913.1,577.7,1249.9,628.3,1242.2,,,855.3,1275.5,1281.6,646.4,1071.3,,,,,,,,,,,,,,,,,98.8,56.2,62.9,47.9,79.5,,,179.6,267.0,76.0,92.6,190.8,,,111.7,325.8,166.3,140.5,247.6,,,95.6,79.6,114.8,72.6,183.4,,,24.7,54.0,52.3,29.0,38.9,,,98.1,228.8,196.5,152.9,68.7,,,,,,,,,,,,,,,,,116.2,76.6,77.8,121.3,43.8,,,217.3,526.3,225.8,846.3,720.6,,,147.7,506.8,249.6,344.6,406.4,,,106.4,191.4,219.9,408.8,513.9,,,285.5,821.4,362.4,564.4,735.0,,,114.5,750.6,561.7,603.5,666.6,,,,,,,,,,,,,,,,,159.4,179.0,99.6,303.7,239.1,,,107.0,114.9,94.8,196.9,238.7,,,140.5,162.8,156.2,173.4,366.6,,,118.7,196.3,220.1,370.0,465.5,,,371.3,316.0,162.5,379.9,484.1,,,303.5,444.3,471.7,491.7,555.1,,,,,,,,,,,,,,,,,412.6,106.5,152.1,277.9,260.6,,,577.3,342.7,687.0,488.5,873.7,,,52.1,122.9,72.2,64.5,69.7,,,272.9,663.9,252.8,476.7,594.2,,,345.5,396.4,168.3,379.0,388.1,,,245.8,603.5,115.1,416.2,322.7,,,,,,,,,,,,,,,,,327.7,165.7,47.9,224.3,234.6,,,743.0,816.5,743.0,543.2,959.6,,,227.0,454.7,364.0,261.3,153.0,,,122.3,919.3,499.0,638.7,644.3,,,420.3,634.2,526.6,682.3,626.9,,,358.0,734.3,167.2,500.6,481.8,,,,,,,,,,,,,,,,,,,,,,,,,,,,,,,,,,,,,,,,,,,,,,,,,,,,,,,,,,,,,,,,,,,,,,,,,,,,,,,,,,,,,,,,,,,,,,,,,,,,,,,,,,,,,,,,,,,,,,,,,,,,,,,,
20260929_平塚_1R,20260929,35,平塚,1,51.7,192.2,147.8,123.2,291.2,,,39.0,60.0,19.0,50.1,147.5,,,259.5,202.4,452.5,212.6,612.8,,,280.1,104.3,538.0,551.5,711.6,,,137.8,123.4,108.4,324.4,802.2,,,694.8,420.2,856.7,848.5,1050.5,,,,,,,,,,,,,,,,,26.8,156.7,113.5,104.5,193.9,,,36.0,125.8,75.4,88.5,153.2,,,172.3,137.8,299.1,42.9,170.6,,,270.6,181.2,457.2,471.9,430.4,,,64.4,51.5,19.5,169.3,139.4,,,242.4,210.6,279.2,372.3,279.2,,,,,,,,,,,,,,,,,27.3,77.7,10.6,49.9,110.5,,,61.1,179.3,94.0,149.0,226.8,,,200.5,234.7,241.1,253.5,551.5,,,23.9,73.7,93.3,90.8,80.0,,,174.7,239.1,167.4,246.5,634.8,,,347.4,439.0,588.3,264.2,717.4,,,,,,,,,,,,,,,,,318.5,447.9,684.0,302.2,694.8,,,283.7,238.5,477.0,59.1,169.3,,,443.4,267.4,420.2,335.5,795.0,,,980.5,700.3,663.5,639.4,891.3,,,240.4,46.6,193.9,284.6,196.5,,,848.5,285.5,663.5,767.3,223.9,,,,,,,,,,,,,,,,,538.0,157.8,1117.0,1146.0,969.7,,,534.8,318.5,700.3,919.2,774.1,,,102.1,231.6,357.2,516.0,314.0,,,1495.7,1089.4,711.6,1076.1,1400.7,,,2005.6,1337.0,959.2,1014.3,1730.3,,,1103.1,1076.1,625.8,1176.6,1378.8,,,,,,,,,,,,,,,,,234.0,245.8,186.5,668.5,1161.1,,,141.6,96.8,18.4,228.0,186.1,,,275.7,227.4,152.4,397.5,639.4,,,144.1,27.1,122.2,171.0,157.0,,,1014.3,694.8,873.7,382.0,1730.3,,,1337.0,399.3,653.6,307.4,1317.1,,,,,,,,,,,,,,,,,377.1,399.3,1063.2,256.5,1317.1,,,325.6,285.5,232.2,507.1,231.6,,,395.7,464.4,673.6,390.4,840.4,,,1260.6,330.5,717.4,991.5,304.3,,,1117.0,1038.2,544.7,1337.0,1634.2,,,1242.9,464.4,809.6,373.9,1242.9,,,,,,,,,,,,,,,,,,,,,,,,,,,,,,,,,,,,,,,,,,,,,,,,,,,,,,,,,,,,,,,,,,,,,,,,,,,,,,,,,,,,,,,,,,,,,,,,,,,,,,,,,,,,,,,,,,,,,,,,,,,,,,,,
20260929_平塚_2R,20260929,35,平塚,2,120.1,125.6,0.0,141.7,68.6,,,84.3,39.1,0.0,184.3,33.1,,,140.7,48.2,0.0,240.7,54.4,,,0.0,0.0,0.0,0.0,0.0,,,99.0,199.0,194.6,0.0,86.2,,,6.6,2.8,14.1,0.0,36.9,,,,,,,,,,,,,,,,,289.2,396.0,0.0,302.2,208.4,,,290.7,223.8,0.0,401.5,526.8,,,524.4,313.8,0.0,492.9,554.8,,,0.0,0.0,0.0,0.0,0.0,,,222.1,264.6,270.2,0.0,288.5,,,280.8,574.2,656.2,0.0,580.0,,,,,,,,,,,,,,,,,141.4,56.5,0.0,298.3,61.9,,,227.8,180.3,0.0,388.0,384.1,,,36.1,63.8,0.0,132.4,48.0,,,0.0,0.0,0.0,0.0,0.0,,,552.1,474.5,375.3,0.0,750.6,,,113.9,325.3,156.0,0.0,663.8,,,,,,,,,,,,,,,,,224.7,116.2,0.0,486.6,155.6,,,375.3,215.4,0.0,565.7,534.1,,,57.4,94.4,0.0,224.7,82.3,,,0.0,0.0,0.0,0.0,0.0,,,814.5,675.6,574.2,0.0,1007.4,,,215.0,563.0,275.4,0.0,911.5,,,,,,,,,,,,,,,,,0.0,0.0,0.0,0.0,0.0,,,0.0,0.0,0.0,0.0,0.0,,,0.0,0.0,0.0,0.0,0.0,,,0.0,0.0,0.0,0.0,0.0,,,0.0,0.0,0.0,0.0,0.0,,,0.0,0.0,0.0,0.0,0.0,,,,,,,,,,,,,,,,,142.4,251.8,286.4,0.0,127.7,,,140.9,171.9,180.8,0.0,192.0,,,366.9,389.3,250.2,0.0,574.2,,,488.7,455.7,388.0,0.0,740.9,,,0.0,0.0,0.0,0.0,0.0,,,282.8,428.5,736.2,808.8,0.0,,,,,,,,,,,,,,,,,54.3,15.0,54.0,0.0,108.3,,,209.5,505.9,486.6,0.0,565.7,,,98.4,425.3,206.1,0.0,645.2,,,187.9,617.4,319.0,0.0,1063.4,,,0.0,0.0,0.0,0.0,0.0,,,348.0,641.6,844.5,1063.4,0.0,,,,,,,,,,,,,,,,,,,,,,,,,,,,,,,,,,,,,,,,,,,,,,,,,,,,,,,,,,,,,,,,,,,,,,,,,,,,,,,,,,,,,,,,,,,,,,,,,,,,,,,,,,,,,,,,,,,,,,,,,,,,,,,,
20260929_平塚_3R,20260929,35,平塚,3,562.7,373.6,201.0,922.8,512.7,,,277.1,66.3,78.4,72.0,141.5,,,67.8,13.4,6.1,18.7,1.9,,,53.1,56.6,28.5,147.4,63.5,,,404.7,33.8,53.8,92.1,148.6,,,299.6,169.9,28.2,78.1,299.6,,,,,,,,,,,,,,,,,3418.0,1963.5,2883.9,5428.6,4012.4,,,5428.6,5428.6,5127.0,3845.2,5767.9,,,2050.8,5127.0,3295.9,4394.6,3295.9,,,1709.0,2097.4,1512.8,2428.5,2097.4,,,4857.1,3549.4,4194.8,5428.6,9999.9,,,4012.4,4194.8,4012.4,5127.0,8389.7,,,,,,,,,,,,,,,,,2494.2,504.2,744.2,654.5,1264.2,,,5127.0,5428.6,4194.8,3845.2,4614.3,,,809.5,4194.8,1883.4,2250.8,1591.1,,,1003.1,3295.9,1709.0,1677.9,3418.0,,,507.0,2366.3,878.9,932.1,1647.9,,,2494.2,6152.4,2307.1,4012.4,2976.9,,,,,,,,,,,,,,,,,189.1,91.5,57.0,137.7,21.0,,,951.4,2636.7,2428.5,3691.4,2636.7,,,509.8,3182.3,1441.9,1774.7,1014.1,,,226.1,1111.8,932.1,1774.7,490.8,,,654.5,3076.2,1538.1,2366.3,1845.7,,,137.9,1299.8,816.6,441.5,1488.4,,,,,,,,,,,,,,,,,381.3,501.5,167.7,1036.9,437.3,,,439.4,1025.4,456.8,1512.8,870.6,,,1003.1,2097.4,1464.8,1464.8,2714.3,,,223.9,518.4,1036.9,1647.9,411.9,,,2006.2,4857.1,1647.9,3845.2,3295.9,,,809.5,1845.7,2636.7,846.6,4194.8,,,,,,,,,,,,,,,,,1538.1,263.6,262.9,636.4,769.0,,,4857.1,3691.4,3076.2,7098.9,8389.7,,,367.6,2097.4,762.7,463.7,1591.1,,,659.1,3182.3,1677.9,2714.3,1214.2,,,1741.2,2796.5,1883.4,2976.9,3691.4,,,2307.1,9228.6,3845.2,4857.1,6152.4,,,,,,,,,,,,,,,,,2307.1,1709.0,231.2,870.6,2146.2,,,4012.4,4194.8,2796.5,3182.3,9228.6,,,2050.8,3845.2,1809.5,6152.4,2428.5,,,291.1,2714.3,2050.8,1014.1,3549.4,,,1214.2,3076.2,3845.2,1003.1,4857.1,,,3845.2,7098.9,4194.8,3845.2,6152.4,,,,,,,,,,,,,,,,,,,,,,,,,,,,,,,,,,,,,,,,,,,,,,,,,,,,,,,,,,,,,,,,,,,,,,,,,,,,,,,,,,,,,,,,,,,,,,,,,,,,,,,,,,,,,,,,,,,,,,,,,,,,,,,,
20260929_平塚_4R,20260929,35,平塚,4,1970.0,2200.3,2972.4,1970.0,2117.8,,,1423.7,474.5,1334.0,685.9,1728.8,,,1746.6,566.6,2172.1,1072.3,1970.0,,,1313.3,2689.3,3322.1,1711.3,3940.1,,,1008.4,561.0,675.0,915.8,1227.7,,,1728.8,2144.6,1764.8,2732.6,1861.8,,,,,,,,,,,,,,,,,1388.7,1460.5,2689.3,1264.3,1568.7,,,1072.3,242.0,1273.8,1313.3,568.5,,,1020.6,349.3,1694.2,1045.8,711.8,,,3258.2,2117.8,2172.1,2491.5,1303.2,,,2229.3,2066.1,1460.5,3258.2,2567.0,,,596.5,388.5,332.2,531.1,957.2,,,,,,,,,,,,,,,,,248.7,89.8,317.8,183.7,210.7,,,229.5,62.9,230.5,314.3,100.5,,,11.0,6.0,8.5,14.2,4.6,,,501.2,514.9,128.7,596.5,544.7,,,115.1,342.2,83.7,366.7,280.9,,,150.6,43.3,28.4,168.4,202.6,,,,,,,,,,,,,,,,,654.1,193.6,910.8,543.0,756.3,,,504.2,135.1,641.7,625.1,387.7,,,25.0,18.1,23.6,34.3,16.2,,,1129.5,1093.0,209.9,1264.3,915.8,,,421.4,574.3,154.8,784.3,736.6,,,534.4,262.6,92.5,394.0,654.1,,,,,,,,,,,,,,,,,4132.3,1821.7,3025.4,1802.4,3850.6,,,2567.0,2871.6,2172.1,1841.6,1344.6,,,802.9,1499.3,310.3,1473.2,1947.4,,,1841.6,1677.4,555.4,2528.7,2117.8,,,1903.6,3196.7,1841.6,3604.8,3683.2,,,2528.7,1400.2,2823.7,2041.2,2647.3,,,,,,,,,,,,,,,,,814.5,330.9,474.5,553.6,788.0,,,1677.4,1802.4,1388.7,3025.4,2871.6,,,455.4,873.3,192.9,979.3,1039.4,,,582.2,855.6,245.9,1313.3,1423.7,,,1764.8,3529.7,1925.3,3196.7,4840.7,,,1694.2,1861.8,1903.6,2200.3,3765.0,,,,,,,,,,,,,,,,,1388.7,1122.0,1210.1,2871.6,1323.6,,,338.1,129.8,198.3,317.2,618.3,,,482.6,100.1,50.5,372.3,613.8,,,834.6,432.2,114.2,518.1,1065.5,,,2871.6,1423.7,1925.3,2016.9,3940.1,,,1526.3,1598.3,1460.5,1711.3,3196.7,,,,,,,,,,,,,,,,,,,,,,,,,,,,,,,,,,,,,,,,,,,,,,,,,,,,,,,,,,,,,,,,,,,,,,,,,,,,,,,,,,,,,,,,,,,,,,,,,,,,,,,,,,,,,,,,,,,,,,,,,,,,,,,,
20260929_平塚_5R,20260929,35,平塚,5,5457.9,6946.4,2590.1,3918.5,3727.3,,,8490.0,8989.5,4130.3,6946.4,6644.4,,,9999.9,9999.9,7641.0,9999.9,9551.3,,,1910.2,3322.2,6112.8,4366.3,2778.5,,,4775.6,7641.0,8989.5,8490.0,8043.2,,,5660.0,9999.9,8043.2,6644.4,6946.4,,,,,,,,,,,,,,,,,5269.7,5457.9,1984.6,2996.5,3183.7,,,6946.4,4929.7,1428.2,2778.5,3553.9,,,4630.9,4366.3,1559.4,2425.7,2830.0,,,621.2,351.3,400.0,69.3,66.8,,,2425.7,1679.3,1959.2,258.5,376.4,,,2010.8,1402.0,1863.6,238.7,392.8,,,,,,,,,,,,,,,,,9999.9,9999.9,5457.9,6644.4,9999.9,,,9551.3,5457.9,2037.6,5660.0,4366.3,,,8490.0,7641.0,6367.5,8043.2,6367.5,,,3918.5,878.2,4494.7,3251.5,2728.9,,,5877.7,8490.0,8043.2,6644.4,8490.0,,,9999.9,7641.0,7641.0,4929.7,9999.9,,,,,,,,,,,,,,,,,6644.4,9999.9,6367.5,6367.5,9999.9,,,4366.3,4021.6,2938.8,3638.6,7641.0,,,9999.9,5877.7,8043.2,7277.2,9551.3,,,6112.8,2728.9,7641.0,4021.6,4245.0,,,9999.9,6644.4,9551.3,7277.2,9999.9,,,9551.3,9999.9,6644.4,4630.9,9999.9,,,,,,,,,,,,,,,,,259.9,830.5,650.3,471.6,374.5,,,57.6,30.8,30.3,3.4,3.8,,,650.3,128.0,405.3,211.6,176.0,,,576.6,95.3,380.1,184.5,165.3,,,130.5,6.5,76.0,60.2,12.7,,,120.7,7.3,63.3,60.8,14.2,,,,,,,,,,,,,,,,,7277.2,6946.4,8989.5,5269.7,5457.9,,,3553.9,3553.9,2464.8,420.9,724.2,,,6112.8,7277.2,6946.4,3727.3,5269.7,,,9999.9,6112.8,7641.0,3322.2,6367.5,,,2183.1,280.4,1483.7,1661.1,361.2,,,4494.7,873.2,3056.4,3638.6,557.7,,,,,,,,,,,,,,,,,4130.3,7641.0,4494.7,3820.5,4775.6,,,1910.2,2152.4,2425.7,301.4,454.8,,,6367.5,4366.3,5094.0,3322.2,5094.0,,,8490.0,5457.9,5094.0,3056.4,4494.7,,,1232.4,123.7,670.2,931.8,185.4,,,2425.7,482.0,2280.9,2387.8,364.7,,,,,,,,,,,,,,,,,,,,,,,,,,,,,,,,,,,,,,,,,,,,,,,,,,,,,,,,,,,,,,,,,,,,,,,,,,,,,,,,,,,,,,,,,,,,,,,,,,,,,,,,,,,,,,,,,,,,,,,,,,,,,,,,
20260929_平塚_6R,20260929,35,平塚,6,112.2,194.3,37.5,803.0,441.6,,,53.6,44.2,7.3,312.1,160.7,,,181.9,87.3,32.1,771.4,347.7,,,10.5,3.4,8.5,88.5,43.6,,,1963.0,1039.2,1840.3,330.8,2154.5,,,661.6,540.2,724.0,169.8,1448.1,,,,,,,,,,,,,,,,,1261.9,2453.7,656.7,5889.0,4416.7,,,2128.5,4309.0,2387.4,8030.4,8833.5,,,3099.4,3397.5,4416.7,8030.4,7681.3,,,829.4,1985.0,3680.6,6092.0,5889.0,,,9999.9,9999.9,9999.9,9999.9,9999.9,,,9298.4,7681.3,9999.9,9815.0,9999.9,,,,,,,,,,,,,,,,,478.7,390.8,101.0,1766.7,1380.2,,,1536.2,2804.2,1698.7,6795.0,3680.6,,,1064.2,2007.6,1132.5,7681.3,5889.0,,,130.1,829.4,703.8,2420.1,1635.8,,,5196.1,9999.9,9999.9,7066.8,9999.9,,,5353.6,6092.0,5699.0,5520.9,9999.9,,,,,,,,,,,,,,,,,1879.4,1111.1,656.7,4416.7,4206.4,,,2718.0,3605.5,5520.9,9999.9,8030.4,,,1299.0,3271.6,1859.6,9815.0,5196.1,,,674.3,4530.0,1348.6,9999.9,6795.0,,,9999.9,9999.9,9999.9,9999.9,9999.9,,,6543.3,8412.8,8412.8,8833.5,9999.9,,,,,,,,,,,,,,,,,19.2,6.7,14.6,126.3,65.7,,,69.1,215.4,431.9,1510.0,1064.2,,,17.8,128.3,94.4,781.7,329.6,,,40.3,384.0,139.9,1985.0,1064.2,,,550.3,3605.5,2849.5,4530.0,3212.1,,,209.0,1139.8,622.0,1299.0,2030.6,,,,,,,,,,,,,,,,,9999.9,5520.9,9999.9,3154.8,9999.9,,,9999.9,9999.9,5699.0,9999.9,9999.9,,,7681.3,9999.9,9999.9,9999.9,9999.9,,,9999.9,9999.9,9999.9,9999.9,9999.9,,,2944.5,9999.9,8833.5,9999.9,9999.9,,,9999.9,9999.9,9999.9,9999.9,9999.9,,,,,,,,,,,,,,,,,5699.0,5196.1,4649.2,2154.5,7681.3,,,8412.8,9298.4,9999.9,6543.3,9999.9,,,7681.3,7066.8,9999.9,8412.8,9999.9,,,4774.8,9999.9,8412.8,6092.0,9999.9,,,2128.5,5699.0,6543.3,9298.4,9999.9,,,9999.9,9999.9,9999.9,9999.9,9999.9,,,,,,,,,,,,,,,,,,,,,,,,,,,,,,,,,,,,,,,,,,,,,,,,,,,,,,,,,,,,,,,,,,,,,,,,,,,,,,,,,,,,,,,,,,,,,,,,,,,,,,,,,,,,,,,,,,,,,,,,,,,,,,,,
20260929_平塚_7R,20260929,35,平塚,7,55.2,94.9,69.6,125.9,,,,30.4,46.5,48.6,21.0,,,,304.3,175.1,478.7,506.2,,,,97.7,74.5,318.8,196.6,,,,68.8,21.2,212.5,113.3,,,,,,,,,,,,,,,,,,,,,,,,,54.7,61.3,31.6,149.8,,,,114.0,107.4,99.6,403.0,,,,40.3,73.4,13.7,129.5,,,,11.2,34.1,5.7,50.6,,,,209.1,380.9,255.1,161.2,,,,,,,,,,,,,,,,,,,,,,,,,75.1,131.6,127.5,69.5,,,,156.2,236.7,240.2,424.2,,,,478.7,424.2,710.1,999.3,,,,280.9,305.8,613.5,641.9,,,,160.8,437.6,865.5,560.3,,,,,,,,,,,,,,,,,,,,,,,,,425.1,396.4,811.2,639.8,,,,221.8,274.2,115.5,461.6,,,,573.6,670.8,1089.2,893.4,,,,563.6,197.6,885.2,1309.9,,,,964.5,682.6,1114.2,1502.9,,,,,,,,,,,,,,,,,,,,,,,,,57.5,55.0,209.1,168.4,,,,18.0,43.3,12.6,68.4,,,,149.3,149.2,316.2,490.8,,,,341.3,91.3,354.4,635.6,,,,183.4,176.2,386.9,451.9,,,,,,,,,,,,,,,,,,,,,,,,,108.6,47.5,306.2,139.5,,,,242.6,436.6,233.3,240.2,,,,205.3,526.8,811.2,631.5,,,,1036.7,547.6,1196.7,1140.4,,,,235.0,207.3,376.4,555.5,,,,,,,,,,,,,,,,,,,,,,,,,,,,,,,,,,,,,,,,,,,,,,,,,,,,,,,,,,,,,,,,,,,,,,,,,,,,,,,,,,,,,,,,,,,,,,,,,,,,,,,,,,,,,,,,,,,,,,,,,,,,,,,,,,,,,,,,,,,,,,,,,,,,,,,,,,,,,,,,,,,,,,,,,,,,,,,,,,,,,,,,,,,,,,,,
20260929_平塚_8R,20260929,35,平塚,8,1630.6,1145.6,548.5,1425.2,599.3,,,2129.4,1077.4,556.9,1774.5,655.8,,,793.8,808.0,203.1,1239.7,222.6,,,289.6,290.0,137.7,353.5,36.9,,,2154.8,1946.2,1925.5,1005.5,1256.9,,,216.2,223.1,78.3,24.0,420.9,,,,,,,,,,,,,,,,,1707.5,1471.5,471.3,909.5,476.3,,,1989.0,2479.5,841.8,1256.9,2207.3,,,1989.0,1925.5,978.4,1967.4,2784.6,,,211.2,178.1,460.5,122.9,140.2,,,515.6,551.8,1381.7,324.3,704.2,,,235.6,973.1,1183.0,198.2,905.0,,,,,,,,,,,,,,,,,3620.1,1792.1,989.0,2381.6,1265.7,,,3291.0,2549.3,1521.0,1792.1,2262.5,,,2479.5,2413.4,1774.5,3549.1,3016.7,,,690.8,1046.2,1005.5,1097.0,595.4,,,2479.5,1905.3,3693.9,2207.3,3549.1,,,914.1,2479.5,2381.6,747.9,3120.7,,,,,,,,,,,,,,,,,1967.4,1190.8,512.7,2291.2,471.3,,,1946.2,2262.5,1828.3,2549.3,2701.5,,,2104.7,2742.5,1616.1,3415.1,2413.4,,,470.1,1573.9,1022.6,1846.9,475.0,,,4892.0,5323.6,4113.7,3770.9,3851.1,,,446.9,3480.8,1097.0,470.1,2446.0,,,,,,,,,,,,,,,,,107.7,115.2,75.9,168.3,15.9,,,86.8,95.2,194.0,59.3,79.8,,,174.0,290.0,356.3,319.7,189.5,,,182.2,411.3,414.1,670.3,169.9,,,229.7,206.8,275.5,646.4,304.2,,,3.1,33.9,57.3,38.8,74.1,,,,,,,,,,,,,,,,,2742.5,2446.0,2828.2,1828.3,1989.0,,,1340.7,1145.6,2381.6,1077.4,1645.5,,,2180.7,1810.0,3549.1,2413.4,3291.0,,,3291.0,4641.1,4209.4,4209.4,6464.4,,,1587.7,1340.7,1630.6,3291.0,1274.6,,,1392.3,2742.5,3851.1,5485.0,1381.7,,,,,,,,,,,,,,,,,140.6,165.7,52.7,8.7,235.0,,,235.9,900.5,905.0,177.4,790.4,,,468.9,1660.5,1471.5,428.9,2011.1,,,204.7,1414.1,973.1,244.9,1403.1,,,4.6,54.5,86.4,54.8,110.9,,,556.9,1601.8,1866.0,2446.0,524.6,,,,,,,,,,,,,,,,,,,,,,,,,,,,,,,,,,,,,,,,,,,,,,,,,,,,,,,,,,,,,,,,,,,,,,,,,,,,,,,,,,,,,,,,,,,,,,,,,,,,,,,,,,,,,,,,,,,,,,,,,,,,,,,,
20260929_平塚_9R,20260929,35,平塚,9,130.0,142.7,216.3,179.8,104.7,,,89.2,58.8,35.5,103.1,104.5,,,76.6,52.1,64.7,43.0,89.6,,,170.6,46.5,118.6,162.9,183.7,,,141.2,118.4,82.1,232.7,127.7,,,49.8,85.3,88.7,132.0,92.1,,,,,,,,,,,,,,,,,233.6,358.9,407.1,599.7,159.6,,,234.6,910.2,211.5,1287.2,174.5,,,749.6,1431.9,1902.0,1592.9,1048.8,,,430.5,196.5,1274.3,1945.6,252.8,,,1400.4,2359.9,2275.7,3589.8,2055.4,,,82.7,97.0,377.5,167.0,620.1,,,,,,,,,,,,,,,,,56.6,44.0,24.8,110.5,73.8,,,84.9,315.4,83.4,585.9,93.8,,,100.5,293.9,143.1,884.9,325.5,,,9.1,19.3,63.7,117.9,27.5,,,471.1,1243.3,1820.5,704.0,1699.1,,,84.0,81.5,328.0,89.1,910.2,,,,,,,,,,,,,,,,,151.6,98.0,156.3,200.6,167.3,,,557.7,1079.9,1573.3,2627.6,843.9,,,198.0,681.4,353.5,1860.4,822.1,,,472.8,1473.2,479.0,2740.6,1243.3,,,791.5,3491.4,2039.0,3034.2,2963.7,,,377.0,623.1,726.1,1113.0,2474.5,,,,,,,,,,,,,,,,,262.4,60.4,239.9,358.9,263.0,,,311.5,143.6,976.5,1613.1,247.9,,,16.1,33.5,105.9,172.5,43.3,,,497.8,1293.7,412.4,1975.8,1127.7,,,1499.2,3693.8,1158.5,3353.6,3146.6,,,349.6,361.5,188.5,1048.8,2039.0,,,,,,,,,,,,,,,,,1320.6,855.2,734.5,1655.0,1213.7,,,2896.3,4471.5,4319.9,7496.4,4247.9,,,1307.0,4471.5,5540.8,2523.5,6068.5,,,1127.7,4997.6,4997.6,6216.5,5927.4,,,3034.2,7496.4,2654.9,6068.5,6068.5,,,2255.5,3693.8,6707.3,6216.5,5792.6,,,,,,,,,,,,,,,,,46.4,83.9,86.1,127.9,126.4,,,31.5,40.7,182.4,91.7,237.0,,,105.8,89.1,403.9,130.8,1007.4,,,254.1,513.8,589.9,858.1,1070.9,,,284.7,279.4,157.7,894.3,2141.8,,,798.9,1231.2,1975.8,1526.2,2770.4,,,,,,,,,,,,,,,,,,,,,,,,,,,,,,,,,,,,,,,,,,,,,,,,,,,,,,,,,,,,,,,,,,,,,,,,,,,,,,,,,,,,,,,,,,,,,,,,,,,,,,,,,,,,,,,,,,,,,,,,,,,,,,,,
20260929_平塚_10R,20260929,35,平塚,10,313.8,84.3,351.9,535.7,134.2,,,556.2,698.5,668.0,1259.8,615.8,,,98.0,399.2,420.6,523.5,138.4,,,574.8,797.4,873.1,1623.0,751.8,,,904.6,1594.8,1277.3,1713.7,543.1,,,72.6,266.8,103.6,200.8,149.7,,,,,,,,,,,,,,,,,174.4,30.3,218.6,451.5,100.1,,,223.7,58.2,176.3,1204.8,406.3,,,5.5,13.3,14.9,103.3,15.7,,,325.7,234.8,91.2,1372.7,541.0,,,1550.0,3208.3,531.6,3171.4,2463.5,,,143.5,494.4,80.8,529.5,1184.1,,,,,,,,,,,,,,,,,681.2,728.0,549.6,1339.3,779.4,,,389.7,165.6,275.9,1970.8,804.4,,,467.6,149.3,251.0,2261.6,700.2,,,252.9,185.0,180.3,988.9,461.3,,,3208.3,5870.5,8900.4,4057.5,5410.1,,,846.3,1483.4,1289.3,1242.8,4244.8,,,,,,,,,,,,,,,,,45.1,197.2,217.4,322.3,72.5,,,7.9,14.1,18.0,134.9,10.1,,,236.0,78.6,115.9,1345.9,303.5,,,319.3,135.3,184.1,1326.5,480.6,,,1429.6,941.6,3678.8,2731.8,2106.2,,,48.3,55.3,381.0,450.1,929.0,,,,,,,,,,,,,,,,,922.7,700.2,978.4,1864.2,974.9,,,509.0,274.8,199.6,2602.9,1149.6,,,352.3,200.5,217.7,1215.4,677.9,,,770.7,247.6,271.3,2966.8,1210.1,,,3941.6,6416.6,4180.5,5870.5,4523.2,,,1289.3,1815.2,1437.0,1780.0,3448.9,,,,,,,,,,,,,,,,,3448.9,4927.0,3208.3,7883.2,2318.6,,,5630.9,9854.1,1558.8,9999.9,9999.9,,,5109.5,9999.9,9999.9,6897.8,8361.0,,,4450.2,1902.8,9999.9,9854.1,7457.1,,,8900.4,9999.9,6131.4,9999.9,9999.9,,,2678.7,9999.9,9999.9,7260.9,9999.9,,,,,,,,,,,,,,,,,80.4,330.0,79.8,288.9,165.2,,,163.4,971.5,123.4,892.9,2463.5,,,862.2,1532.8,1003.3,1372.7,7074.7,,,109.8,94.5,925.8,913.6,1889.8,,,1154.4,1662.1,1642.3,1943.0,4757.1,,,1475.4,5870.5,8622.3,4244.8,5998.1,,,,,,,,,,,,,,,,,,,,,,,,,,,,,,,,,,,,,,,,,,,,,,,,,,,,,,,,,,,,,,,,,,,,,,,,,,,,,,,,,,,,,,,,,,,,,,,,,,,,,,,,,,,,,,,,,,,,,,,,,,,,,,,,
20260929_平塚_11R,20260929,35,平塚,11,167.7,124.3,276.0,108.4,718.8,,,198.9,404.4,155.1,178.1,505.9,,,164.2,392.4,693.1,183.2,1262.6,,,223.3,156.7,606.2,194.5,1026.1,,,90.3,111.6,136.0,149.8,512.1,,,1604.4,1262.6,2089.2,1962.2,1285.0,,,,,,,,,,,,,,,,,177.6,169.8,242.0,218.3,598.7,,,122.1,78.8,41.6,217.0,161.9,,,80.8,50.8,92.1,149.3,240.6,,,149.1,27.7,110.5,155.3,285.5,,,214.3,218.3,272.6,209.5,1157.0,,,1033.4,510.3,768.2,800.0,1504.7,,,,,,,,,,,,,,,,,201.9,427.0,90.5,292.7,346.5,,,136.3,135.3,40.6,268.4,150.7,,,537.7,285.2,246.3,849.1,611.3,,,25.1,12.9,66.8,67.0,11.3,,,367.6,476.0,836.9,230.8,706.5,,,291.5,175.6,450.9,53.7,560.6,,,,,,,,,,,,,,,,,361.2,578.5,1180.5,619.2,1838.0,,,142.9,93.7,143.4,281.6,279.5,,,577.3,207.2,240.0,981.1,352.8,,,1430.5,447.4,372.8,1166.3,1350.7,,,846.6,758.2,1496.9,1586.9,3541.6,,,3630.1,1873.6,2104.4,3122.7,3978.2,,,,,,,,,,,,,,,,,157.7,82.7,363.9,166.0,525.1,,,106.4,20.8,101.8,117.7,220.3,,,21.9,8.9,41.3,35.0,12.8,,,811.2,213.8,116.1,1022.5,1220.2,,,138.6,116.1,80.3,713.5,977.8,,,1052.2,603.7,164.2,1332.1,1363.4,,,,,,,,,,,,,,,,,112.8,125.3,271.9,101.9,596.3,,,227.9,230.6,365.7,214.6,1631.5,,,312.2,325.2,808.9,259.9,711.7,,,720.6,432.8,1001.4,1285.0,3585.3,,,200.1,190.1,117.1,1075.5,1376.3,,,2251.2,3771.5,2074.3,3676.0,2342.0,,,,,,,,,,,,,,,,,2616.3,1923.2,4033.4,3191.3,3821.2,,,2904.1,1452.0,2847.1,1792.6,4760.8,,,1382.9,1091.7,2525.3,312.9,2380.4,,,5094.9,3630.1,3025.1,4334.4,6313.2,,,2792.4,1708.3,365.2,3585.3,2792.4,,,3771.5,4840.1,3056.9,5694.3,2993.9,,,,,,,,,,,,,,,,,,,,,,,,,,,,,,,,,,,,,,,,,,,,,,,,,,,,,,,,,,,,,,,,,,,,,,,,,,,,,,,,,,,,,,,,,,,,,,,,,,,,,,,,,,,,,,,,,,,,,,,,,,,,,,,,
20260929_岐阜_1R,20260929,43,岐阜,1,199.8,124.6,473.9,501.0,595.7,603.4,,133.2,209.0,161.7,229.6,406.0,265.9,,315.2,623.5,1287.0,1169.0,1087.5,1355.4,,746.2,305.6,1039.1,1214.6,1508.5,974.2,,189.5,169.6,254.8,672.8,108.7,586.9,,847.6,840.0,1104.6,1594.2,513.8,1173.9,,582.1,374.6,967.5,977.6,758.3,1145.2,,,,,,,,,174.6,161.1,315.9,561.1,623.5,443.2,,78.2,46.3,54.5,237.3,254.6,101.4,,80.2,43.8,96.4,122.9,103.9,62.4,,386.4,117.1,224.6,631.9,585.7,284.8,,363.9,416.2,233.0,697.9,273.7,500.1,,615.3,694.5,361.1,916.9,471.5,770.8,,385.4,166.1,163.2,296.9,508.3,474.7,,,,,,,,,68.9,122.6,71.8,123.1,195.2,122.4,,41.2,22.8,26.8,105.4,120.7,39.8,,194.8,69.3,130.9,386.4,397.4,177.9,,37.6,19.8,34.7,65.8,101.5,30.1,,155.1,150.5,264.7,177.9,143.9,227.3,,487.1,400.2,545.8,383.8,291.9,493.1,,139.2,66.2,131.4,63.9,234.7,193.9,,,,,,,,,661.7,1342.5,2004.1,2048.0,1660.2,2483.0,,250.7,134.5,303.6,390.2,362.9,212.5,,1005.6,271.8,517.6,1670.1,1469.0,899.3,,1883.1,728.7,746.2,2418.8,2622.2,1293.0,,1975.9,1281.2,1858.1,2483.0,1935.0,1798.6,,2922.7,1731.9,2461.2,3083.3,2461.2,2953.5,,2192.0,526.4,1070.9,1375.4,2226.8,2244.6,,,,,,,,,708.5,306.9,443.2,1348.9,1989.9,938.4,,509.2,158.5,441.8,1469.0,1154.6,544.8,,124.4,63.3,105.8,252.7,275.6,106.6,,1135.9,636.2,524.4,2281.1,1845.9,1183.8,,1631.2,2262.7,885.1,2299.8,1524.9,1948.4,,2299.8,2226.8,1247.0,2597.9,2209.3,2004.1,,929.0,560.0,187.3,713.9,1508.5,1362.0,,,,,,,,,132.1,143.5,204.6,655.5,74.8,398.5,,207.0,288.9,125.5,694.5,231.3,369.1,,211.6,261.9,335.6,517.6,306.9,509.2,,425.7,304.3,750.2,1962.1,528.4,926.0,,1342.5,1700.5,868.6,1989.9,1281.2,1558.7,,160.6,185.3,223.5,179.1,437.7,237.7,,654.0,482.1,465.3,566.8,654.0,376.1,,,,,,,,,1742.7,1541.6,1845.9,2550.7,850.2,2226.8,,1438.8,1336.1,1275.3,2033.2,1329.7,1149.9,,1219.9,1484.5,1883.1,1389.0,744.2,1409.9,,2377.8,1935.0,2281.1,2750.8,2063.1,2724.1,,2550.7,2750.8,1550.1,3117.5,2418.8,2048.0,,512.0,748.2,530.4,830.1,1109.0,657.1,,1883.1,1016.6,1550.1,2281.1,1870.5,713.9,,,,,,,,,427.0,327.4,762.4,574.9,561.1,728.7,,300.0,93.3,78.3,147.9,327.4,426.4,,174.2,72.1,125.0,60.7,254.1,340.9,,746.2,214.5,391.8,483.7,896.4,893.5,,409.6,267.4,127.7,386.4,736.4,689.3,,446.7,417.5,460.7,578.5,699.7,365.8,,910.9,783.7,701.4,926.0,777.2,539.5,,,,,,,,,,,,,,,,,,,,,,,,,,,,,,,,,,,,,,,,,,,,,,,,,,,,,,,,,,,,,,,,
20260929_岐阜_2R,20260929,43,岐阜,2,104.6,94.3,51.1,57.5,49.5,258.3,,181.3,119.7,216.3,149.0,210.9,861.1,,186.7,192.7,191.0,192.0,345.2,858.7,,47.1,139.3,83.3,34.0,85.2,310.8,,101.8,140.5,134.5,83.5,139.6,425.9,,98.3,333.8,269.6,179.5,225.6,402.5,,997.3,2317.4,1583.7,1212.1,1158.7,1090.5,,,,,,,,,47.7,42.3,23.0,28.2,18.1,108.7,,87.2,74.9,180.4,426.4,112.3,515.8,,97.9,89.2,169.3,383.8,94.0,271.4,,40.9,175.5,145.5,234.8,65.4,327.9,,169.2,676.3,664.9,620.4,409.8,984.9,,13.2,47.4,33.0,32.7,100.8,16.4,,473.9,701.9,579.3,727.8,978.7,170.1,,,,,,,,,209.1,150.1,367.7,277.6,273.3,858.7,,245.8,152.4,576.1,943.6,242.8,1146.0,,93.9,83.9,339.2,529.7,143.1,409.3,,804.0,1016.6,908.2,2352.0,1281.1,1994.7,,1515.2,2670.9,2020.3,3664.7,3891.0,5166.7,,504.2,446.4,404.0,1036.7,2101.1,622.8,,3317.5,2462.2,1945.5,2865.1,6060.9,1537.4,,,,,,,,,345.5,287.0,466.9,549.0,472.5,1329.8,,344.0,221.7,584.7,1068.3,276.4,763.1,,151.3,128.3,383.8,607.2,223.0,575.1,,611.9,844.9,726.2,2158.7,1260.6,2865.1,,1180.4,2693.7,2814.0,3541.2,3388.9,3581.4,,616.7,404.5,630.3,1180.4,1741.2,1036.7,,3541.2,2251.2,2764.6,5529.3,4377.3,2267.4,,,,,,,,,76.1,282.9,131.9,93.6,107.6,475.3,,132.9,507.5,369.0,574.0,204.7,1121.6,,667.7,797.9,780.1,2300.5,1198.3,2352.0,,491.6,530.5,604.9,1887.2,1079.3,2604.7,,700.3,1552.5,2481.6,2283.8,1994.7,3891.0,,389.5,318.6,918.8,753.9,1459.1,822.9,,2443.1,2203.9,2317.4,3891.0,5083.4,2369.7,,,,,,,,,527.9,1125.6,812.2,708.2,913.5,2115.2,,643.2,2541.7,2443.1,2562.3,1832.3,4502.4,,2501.3,3664.7,2973.3,6566.0,5836.5,9550.6,,1552.5,3843.5,4439.0,6303.4,7162.9,8293.9,,1072.0,3352.8,5083.4,5252.8,6179.8,8754.7,,1994.7,2300.5,7687.1,5252.8,5433.9,4040.6,,5002.7,7879.2,9550.6,7879.2,9999.9,6705.7,,,,,,,,,113.9,461.4,358.5,266.8,528.8,466.2,,41.6,112.8,78.2,86.9,284.7,43.8,,793.8,361.4,532.3,1407.0,2693.7,854.1,,556.8,312.0,674.8,1090.5,1800.9,935.2,,360.1,254.9,873.0,831.5,1591.7,812.2,,1400.7,1180.4,3797.2,3059.9,3425.7,2764.6,,655.2,200.6,806.0,804.0,921.5,1722.2,,,,,,,,,2814.0,6566.0,5083.4,2740.6,5166.7,2789.1,,1982.2,3151.7,2789.1,3059.9,5433.9,801.9,,6303.4,3989.5,3891.0,5083.4,9269.7,2462.2,,6432.0,4439.0,5002.7,7687.1,4924.5,1832.3,,3664.7,4634.8,5002.7,8518.1,9269.7,2973.3,,5836.5,6705.7,9550.6,7003.8,9999.9,6303.4,,2369.7,727.8,2046.5,3059.9,2443.1,4259.0,,,,,,,,,,,,,,,,,,,,,,,,,,,,,,,,,,,,,,,,,,,,,,,,,,,,,,,,,,,,,,,,
20260929_岐阜_3R,20260929,43,岐阜,3,1847.0,1226.0,1545.9,1871.3,917.5,2390.3,,622.4,201.3,75.2,441.0,87.4,321.0,,274.0,355.1,349.8,317.1,232.7,661.5,,556.6,76.7,238.4,623.7,103.8,187.6,,543.8,785.7,373.2,1001.5,762.5,1800.3,,239.8,65.0,82.8,58.7,291.7,123.5,,2844.4,954.5,1755.8,742.6,3427.1,831.7,,,,,,,,,2709.0,2658.4,3196.0,5366.9,1823.3,4587.8,,2873.2,2046.3,1489.2,3600.6,3600.6,3896.5,,1935.0,1598.0,1422.2,1146.9,1835.1,3742.7,,2350.8,1529.2,2495.1,3427.1,1616.1,3058.5,,5079.4,4006.3,2091.5,5171.8,5577.4,7901.3,,2091.5,1387.5,2257.5,2562.6,3896.5,3026.0,,7485.5,3555.6,6772.6,4990.3,9808.6,4990.3,,,,,,,,,341.8,91.0,36.9,282.4,44.0,171.3,,1015.8,680.5,590.1,1529.2,1185.2,1734.4,,120.9,172.3,74.0,178.5,151.4,181.9,,14.7,121.6,22.3,71.9,18.2,5.7,,534.6,1151.6,181.9,269.6,625.1,695.4,,80.2,565.5,173.3,74.6,523.8,174.6,,311.5,1128.7,226.8,47.7,854.2,257.6,,,,,,,,,938.7,826.8,792.3,1069.3,545.9,1835.1,,748.5,614.3,571.1,475.6,781.4,1537.5,,424.5,519.0,235.2,531.6,418.9,558.8,,781.4,766.7,321.0,844.0,652.4,613.0,,819.7,338.2,474.8,511.5,607.7,602.6,,571.1,1128.7,692.0,659.9,1275.5,1466.2,,3896.5,3058.5,1489.2,1408.1,2658.4,2709.0,,,,,,,,,824.4,62.5,222.3,566.6,118.4,175.2,,1367.5,636.3,1098.2,2473.4,1497.1,1408.1,,24.9,162.0,35.9,107.2,28.4,10.0,,374.7,531.6,147.2,619.7,345.2,374.2,,900.1,2293.9,334.6,700.6,984.2,836.6,,163.1,826.8,97.6,326.2,846.5,263.6,,252.3,822.1,33.0,275.8,750.5,231.0,,,,,,,,,664.6,1253.0,526.7,1823.3,1458.7,3307.5,,3600.6,3346.4,1367.5,4376.1,5805.0,7293.5,,1102.5,2107.0,324.3,510.6,1408.1,1175.4,,371.3,260.7,289.6,357.7,429.6,495.5,,1589.1,3742.7,645.0,911.6,1341.7,1001.5,,2076.2,2873.2,1745.0,1380.8,1871.3,3160.5,,6615.1,4990.3,2495.1,2709.0,3269.5,4183.0,,,,,,,,,456.5,123.1,149.8,112.2,469.3,303.5,,1236.7,2293.9,1847.0,2061.2,4309.8,1859.1,,198.4,1329.2,478.8,197.6,1151.6,536.6,,511.5,1146.9,796.7,762.5,1436.6,1215.5,,266.0,1361.0,194.2,605.2,1415.1,401.7,,1481.5,4122.4,1989.1,1673.2,1921.9,4122.4,,1242.1,4063.5,1287.1,2122.7,1161.0,4309.8,,,,,,,,,5470.1,2046.3,4006.3,1185.2,5366.9,1896.3,,6052.1,3468.8,6052.1,4821.1,5267.5,4006.3,,1247.5,2633.7,1001.5,161.9,2138.7,1102.5,,5079.4,5577.4,2452.1,1948.2,2932.4,3896.5,,805.8,2683.4,108.4,945.0,2683.4,822.1,,7111.2,8619.6,4663.1,4904.3,6052.1,7687.8,,2154.9,5577.4,1935.0,3346.4,1497.1,4444.5,,,,,,,,,,,,,,,,,,,,,,,,,,,,,,,,,,,,,,,,,,,,,,,,,,,,,,,,,,,,,,,,
20260929_岐阜_4R,20260929,43,岐阜,4,503.0,984.4,392.0,1148.1,206.6,1385.7,1142.0,682.0,1470.0,565.1,1118.6,244.4,446.7,1205.3,1426.6,2302.3,2278.2,4266.0,986.7,5439.2,4485.9,755.4,747.6,1942.5,1334.7,226.1,1205.3,1485.1,1611.6,1642.0,3347.2,1485.1,846.5,2326.9,3537.7,133.7,152.3,403.6,97.3,477.6,224.5,53.3,1686.5,634.3,3481.0,1085.1,2266.3,539.8,2164.8,1867.5,1820.6,3751.1,1891.9,3537.7,383.3,2417.4,339.6,501.8,211.8,774.2,134.4,918.0,933.7,311.0,282.1,159.0,342.3,186.5,182.0,811.8,318.5,288.9,139.3,415.6,233.9,458.5,795.4,123.1,109.4,165.3,169.5,82.7,212.7,460.9,367.2,308.3,601.0,212.3,439.9,699.5,1243.2,127.9,206.3,297.0,120.8,524.2,434.2,268.2,1079.7,508.3,859.9,646.5,993.4,604.3,1310.6,1908.4,1867.5,1465.1,1130.2,2486.4,830.4,1642.0,301.3,680.9,187.3,565.8,97.3,148.3,448.1,214.3,232.1,118.3,250.9,120.8,112.7,469.4,1082.4,405.5,737.5,1347.1,612.8,611.1,1900.1,198.4,152.4,516.1,234.4,87.6,89.9,354.9,668.4,422.0,1101.6,323.7,357.2,217.1,902.7,43.1,79.5,290.2,48.1,178.9,40.1,57.9,70.5,60.2,213.3,37.5,87.1,28.5,139.2,854.8,958.4,2005.2,653.3,1347.1,321.8,459.9,1417.3,2900.9,2266.3,4395.3,1048.5,5059.7,6043.5,636.1,500.1,327.9,843.2,426.6,786.8,1381.3,2444.5,615.4,1136.1,2702.7,1239.7,950.0,4889.1,2472.3,666.3,1330.6,2404.0,1635.8,1851.6,4532.6,5306.5,1828.3,3399.5,2960.1,4351.3,3426.2,7133.3,785.4,804.3,1686.5,1239.7,3086.0,2686.0,1188.8,6216.2,1783.3,2920.3,4266.0,4678.8,4678.8,8058.0,7018.3,3453.4,8880.3,6592.9,8532.1,3992.0,4395.3,657.3,638.9,1287.3,1302.8,242.2,1250.3,1526.7,363.5,260.2,563.6,419.6,202.7,597.7,798.4,467.3,330.1,1040.9,536.5,204.5,247.2,830.4,2052.5,863.3,1673.6,2458.4,1408.2,2844.0,3321.6,798.4,465.3,500.1,1208.7,433.8,706.3,1253.9,198.3,251.3,229.1,929.7,446.7,409.7,314.4,1096.0,794.0,338.8,1960.0,904.6,519.8,1480.0,2175.6,1740.5,1565.2,3064.3,2186.6,736.2,2326.9,886.2,935.7,1813.0,687.4,256.7,1485.1,2042.8,374.1,268.1,565.8,219.5,365.6,595.2,1355.5,641.7,411.6,1096.0,395.9,366.2,222.4,1495.3,2771.5,929.7,2326.9,2014.5,1933.9,2544.6,4729.7,355.7,245.5,282.9,736.2,257.9,508.3,1130.2,290.2,583.2,545.2,1179.2,380.0,718.0,404.7,1642.0,844.9,350.3,1942.5,856.5,735.0,2231.4,3153.1,3271.7,2771.5,4678.8,2302.3,1660.8,3296.4,94.7,79.1,250.0,53.2,274.1,175.6,24.0,127.8,240.4,432.9,170.0,664.3,521.1,204.0,80.9,156.9,539.2,104.0,342.0,96.1,105.8,458.5,576.3,969.1,840.0,2290.1,2197.6,676.7,82.0,166.2,148.0,603.5,449.0,221.5,111.3,440.8,785.4,719.2,1942.5,520.4,1145.0,501.3,283.2,711.0,228.5,1867.5,362.3,1031.1,360.8,41.5,180.2,167.4,456.1,79.7,377.3,255.5,1445.6,354.0,2771.5,912.2,1843.8,562.9,2208.8,1310.6,347.8,1261.2,875.5,1302.8,895.3,1851.6,135.5,126.4,422.8,80.3,133.7,72.3,342.6,4105.0,1733.6,1368.3,3042.9,3373.1,3321.6,5508.0,786.8,782.6,180.6,1960.0,853.2,420.8,1440.8,2052.5,1166.5,299.0,2844.0,945.9,1115.7,2736.7,486.1,819.4,166.7,2052.5,364.7,1058.7,601.8,3399.5,2862.7,1058.7,6399.0,2621.3,3783.8,1179.2,3481.0,3247.2,6592.9,3176.1,6494.5,865.0,5119.2,3955.7,3247.2,3955.7,2825.5,4889.1,1593.9,3850.7,3247.2,3885.1,8702.7,2430.9,3992.0,1148.1,2122.6,9669.7,4678.8,8880.3,6694.4,9999.9,4266.0,9999.9,3373.1,2940.1,2940.1,6592.9,3885.1,933.7,3271.7,6694.4,6128.6,3850.7,9065.3,3920.1,3426.2,7018.3,353.1,1082.4,886.2,2605.6,467.8,1768.8,1160.3,5242.6,5508.0,2574.7,9065.3,3783.8,6906.9,1706.4
20260929_岐阜_5R,20260929,43,岐阜,5,333.6,326.3,1106.1,597.5,171.6,633.8,208.4,345.4,610.9,1237.3,398.5,704.2,2046.8,430.7,252.4,405.9,1065.7,802.2,377.9,1745.1,152.9,1640.5,2009.2,2147.1,1531.5,2939.7,4171.6,1547.7,748.7,435.4,1058.0,1047.9,1335.4,2354.9,581.7,272.5,661.6,589.5,1691.2,1233.8,1766.2,493.2,1912.7,4252.6,5034.7,5034.7,5214.5,3842.3,2807.8,265.6,377.9,218.3,1081.5,719.2,501.7,1445.6,234.3,212.6,638.5,377.9,74.7,193.8,198.0,127.4,282.9,155.7,67.8,37.2,93.2,387.9,231.6,500.0,1213.3,603.3,141.9,382.5,876.0,787.8,401.1,1575.6,514.1,333.6,654.7,1210.0,197.8,110.6,498.3,232.3,85.2,141.7,658.6,32.8,22.4,60.8,105.4,39.9,9.8,136.7,167.3,156.7,301.4,425.2,223.3,30.4,488.8,632.9,1177.4,1640.5,1569.9,1795.1,400.7,886.6,231.5,450.1,487.2,213.3,325.9,906.8,314.2,114.0,287.6,126.0,56.2,37.4,107.9,310.4,699.7,786.3,1500.0,870.8,863.9,2881.7,2085.8,664.6,356.4,1347.7,226.8,480.2,1040.4,1155.7,104.5,50.6,266.6,62.4,81.1,281.8,289.3,197.7,69.3,467.4,229.4,116.6,383.8,534.1,1652.9,704.2,2576.6,1494.9,1063.1,1073.5,2502.9,1004.6,1177.4,2354.9,1787.8,1146.6,1581.3,2531.9,188.7,363.2,1152.6,759.1,331.8,1399.4,155.3,267.5,581.7,1628.3,863.9,221.2,526.4,958.4,721.6,840.7,3063.1,1134.7,1368.8,5407.7,3590.3,3063.1,3743.8,4921.6,2862.9,4866.9,9522.2,5475.3,1131.8,1076.2,1226.9,1598.6,1840.4,3680.8,3084.6,523.9,392.4,1244.3,2561.5,1575.6,2900.8,2420.0,6441.5,3620.0,7964.0,9125.5,7964.0,7424.1,9125.5,1106.1,2844.3,5277.4,6169.3,5615.7,4610.7,7552.1,1946.7,2190.1,1921.1,1436.1,1531.5,3910.9,3084.6,1390.5,792.0,2329.9,937.9,931.9,1810.0,2305.3,1691.2,786.3,2844.3,606.6,1183.8,2354.9,3174.0,2900.8,3343.7,3532.4,2066.1,3982.0,7964.0,4977.5,467.4,385.2,420.7,565.1,697.4,1450.4,1280.7,1592.8,1244.3,1474.8,3504.1,1484.8,2703.8,3268.8,5840.3,3293.4,3395.5,9125.5,5034.7,4709.9,6952.7,4610.7,4018.5,4252.6,5153.2,3449.0,4469.6,6738.8,419.5,301.6,416.7,278.2,701.9,1237.3,371.8,193.4,111.2,407.0,140.3,102.8,190.9,606.6,136.0,68.3,301.8,58.3,118.7,408.6,377.9,481.8,725.2,805.1,438.4,1103.3,1795.1,656.7,154.1,106.0,110.7,228.8,254.3,562.2,329.8,525.2,167.3,222.0,897.5,328.6,879.5,988.7,2772.3,1233.8,1665.4,4610.7,1484.8,2354.9,3842.3,1469.8,1711.0,1403.9,2772.3,1203.3,2329.9,3590.3,190.7,361.4,523.9,1068.3,523.3,817.2,344.9,51.4,36.9,153.9,172.2,71.1,21.5,181.0,232.4,84.5,519.6,389.3,138.9,485.0,650.8,459.6,557.9,847.2,2223.4,1251.4,2979.7,2009.2,2037.3,783.5,969.0,2789.9,1140.6,2085.8,2147.1,501.1,198.6,224.2,910.6,398.9,824.9,979.9,1168.0,313.3,895.7,2607.2,2027.8,1569.9,2234.8,1319.3,995.5,1912.7,2772.3,2147.1,2844.3,2959.6,3151.2,7821.8,8423.5,5093.3,6169.3,6441.5,6844.1,1479.8,1168.0,3476.3,2095.8,1542.3,256.9,2502.9,4659.8,1460.0,6083.6,3476.3,2789.9,2329.9,5688.6,9999.9,7552.1,9999.9,9999.9,8939.2,9999.9,9999.9,7964.0,4469.6,5688.6,9999.9,6348.1,5407.7,6083.6,6952.7,2737.6,3876.3,8760.4,5475.3,5153.2,7552.1,3650.2,683.3,2474.7,6000.3,3220.7,3369.4,5277.4,8760.4,6844.1,9999.9,9999.9,9319.6,9999.9,8588.7,1356.1,1628.3,1351.9,2687.2,2046.8,1879.9,3197.2,2136.7,2939.7,3808.9,3318.3,3910.9,1946.7,3982.0,2168.4,3395.5,7821.8,4252.6,2772.3,3743.8,7424.1,2257.8,3808.9,7552.1,6257.4,6348.1,5840.3,9319.6,4977.5,4866.9,6000.3,6537.6,4813.4,5341.7,8111.5,3982.0,5277.4,3084.6,7684.6,3590.3,6537.6,9319.6,2754.8,2009.2,3590.3,5688.6,4469.6,5919.2,5093.3,7821.8,7064.9,9999.9,9999.9,9733.8,9999.9,7552.1
20260929_岐阜_6R,20260929,43,岐阜,6,4183.5,3512.8,741.0,4300.8,1637.6,3595.2,1127.9,4793.6,2876.1,556.4,4844.0,2130.5,5544.4,2894.2,4001.6,1549.4,852.2,5612.0,2255.8,3310.7,2396.8,283.7,172.4,280.9,434.5,35.5,396.0,128.0,5899.8,4744.2,6972.5,1756.4,4001.6,5681.3,2422.0,1237.0,1667.3,1570.6,130.9,2396.8,1966.6,714.5,5002.0,3967.1,2988.2,1173.9,6767.4,2858.3,3067.9,1057.9,1474.9,1544.2,283.8,1119.6,696.1,2009.5,3460.0,3567.3,839.7,3933.2,1341.6,3512.8,1253.9,5612.0,4072.4,3567.3,4072.4,3834.9,8073.4,3967.1,3218.0,2706.9,2045.2,4511.6,3334.6,3195.7,1790.6,301.1,1523.8,1214.2,1330.0,335.4,1353.4,276.8,5351.0,3681.5,4844.0,3287.0,3933.2,5351.0,977.0,1173.9,2840.6,2422.0,632.9,3109.3,2723.0,653.6,3595.2,3967.1,2396.8,2324.1,4793.6,3595.2,1958.2,560.5,1108.8,690.9,202.4,247.2,383.8,781.3,5825.1,2988.2,878.2,5752.3,2876.1,6135.8,4145.8,6135.8,4183.5,3567.3,3899.8,3711.1,8522.0,4793.6,1498.9,2120.6,436.1,2372.1,1065.2,701.5,1214.2,567.4,2968.9,1004.7,3047.6,751.9,1863.1,1528.8,6767.4,4793.6,6135.8,5612.0,9791.2,9999.9,4744.2,3151.9,4382.7,2823.2,1125.1,7422.3,5002.0,3486.2,4844.0,7079.8,1195.2,2091.7,9587.2,4341.3,4844.0,3867.1,3867.1,2501.0,1592.3,2324.1,3109.3,4300.8,2968.9,1150.4,898.8,3741.3,1723.5,1949.9,2324.1,2660.0,2009.5,1769.9,3512.8,2931.1,2384.3,1749.7,481.8,939.1,123.9,824.7,350.2,222.0,296.7,331.7,1296.3,234.0,1597.8,464.8,459.2,561.8,4221.9,4948.2,1901.6,2372.1,4001.6,1698.1,1581.4,1575.9,2660.0,779.9,622.7,3567.3,1278.3,1518.7,403.6,736.3,107.7,148.2,442.9,308.8,174.5,1407.3,1285.4,551.1,599.2,842.8,1278.3,670.8,53.4,86.3,61.2,127.4,13.1,75.7,21.5,114.8,839.7,487.4,738.6,132.0,533.2,136.1,185.7,1330.0,719.0,1592.3,238.8,1243.7,628.6,182.1,678.7,346.7,855.3,216.8,383.8,321.5,388.6,1442.5,1357.4,1147.6,487.4,1597.8,424.5,9.5,49.8,112.2,68.0,146.8,86.2,20.3,194.1,841.2,640.9,314.3,863.3,220.8,354.5,37.6,96.1,297.6,172.2,137.6,41.5,210.4,5612.0,6055.1,6868.4,2644.7,4261.0,8073.4,2585.3,5478.4,4108.8,4382.7,3567.3,5170.6,6218.7,1090.4,6303.9,4793.6,5229.4,5229.4,8367.0,9999.9,3310.7,3741.3,5478.4,4744.2,2434.8,3287.0,2988.2,2487.5,1220.6,2912.5,3567.3,2054.4,1296.3,3173.7,937.2,4221.9,5002.0,8849.7,5413.9,2191.3,6481.5,2027.2,7934.2,5351.0,7190.4,2988.2,4001.6,6218.7,2140.4,730.4,485.4,766.9,627.8,397.0,592.2,657.4,888.3,1498.9,924.0,132.2,1655.3,1369.6,449.4,944.9,2266.9,1679.5,458.3,2300.9,1373.6,511.3,2170.6,3595.2,1470.2,916.7,5752.3,3834.9,2201.8,1186.0,2244.8,826.1,494.8,2556.6,1373.6,1150.4,27.2,158.8,163.1,171.2,302.5,237.2,61.8,2514.6,3263.7,4844.0,3195.7,1136.2,3539.9,977.0,1983.5,2018.3,2706.9,1333.8,737.4,3623.5,1220.6,295.9,321.3,1062.7,736.3,122.2,321.3,640.0,3741.3,2739.2,1637.6,680.7,5170.6,2823.2,2312.5,3151.9,5229.4,2312.5,2244.8,4895.6,4072.4,1783.6,3151.9,4895.6,553.1,962.7,3933.2,2434.8,1811.7,315.4,678.7,97.9,105.7,421.4,272.3,145.4,240.6,1087.9,504.0,316.4,1365.5,435.3,513.0,5289.5,4467.8,4261.0,2018.3,2772.2,6055.1,1456.2,2223.1,3681.5,2876.1,1333.8,676.7,4695.7,1840.7,987.5,779.9,835.1,392.6,546.5,593.7,958.7,602.3,970.8,1150.4,194.3,357.5,490.6,1159.1,246.8,369.0,260.8,85.1,77.8,184.5,333.9,1153.3,954.7,876.5,410.5,411.9,911.2,1730.0,944.9,522.3,411.9,405.8,337.3,798.9,555.7,68.9,95.8,199.4,182.5,77.3,75.5,198.0,214.2,99.2,145.8,159.8,61.7,163.4,171.2,335.4,250.7,653.6,595.3,116.6,212.4,501.8,707.9,366.6,866.6,315.6,283.8,241.6,603.9
20260929_岐阜_7R,20260929,43,岐阜,7,106.5,262.5,47.9,102.6,25.8,48.6,110.8,337.5,1285.3,190.3,902.7,178.7,284.5,513.0,818.7,1469.3,827.5,2367.9,357.1,648.7,503.0,85.4,81.8,399.7,409.3,54.5,90.2,202.9,498.5,1097.4,2472.5,972.6,417.6,456.0,1402.4,19.1,51.5,101.8,23.3,98.7,11.1,41.1,96.5,187.5,462.9,97.3,233.6,37.9,179.6,268.1,405.8,385.2,287.1,904.0,144.3,254.8,80.1,256.2,38.9,59.9,25.3,41.7,113.9,270.0,1501.6,260.5,594.8,680.3,1074.4,628.2,414.0,1942.1,1063.3,874.5,1006.0,2688.5,399.5,70.7,104.3,564.8,173.0,162.0,319.3,235.0,61.1,247.6,551.6,134.8,154.2,424.0,235.2,41.3,347.0,654.9,180.3,195.3,362.5,336.8,362.3,1566.6,3141.1,913.4,1129.6,906.7,1655.0,243.6,495.3,596.5,338.8,527.1,493.3,1054.2,732.0,2175.5,326.0,2052.2,479.4,904.0,1233.8,814.3,2945.8,718.4,1848.8,1967.0,3292.3,2386.3,5400.6,4335.7,2482.5,7995.7,7417.7,9999.9,4664.1,199.8,391.1,1007.6,1082.0,430.8,951.5,537.2,3478.3,3621.6,7600.9,3063.0,9930.2,9619.9,5977.4,1131.7,2349.9,4886.3,1307.1,6480.7,3346.0,3621.6,3346.0,6347.1,9999.9,3003.2,9999.9,5648.3,7076.7,2175.5,3518.1,3754.1,1624.4,5753.9,5217.5,5005.4,1117.3,2222.6,1224.0,3141.1,522.6,843.3,616.2,1087.7,3157.3,2079.9,2305.8,1734.2,4397.6,1024.4,4246.0,4925.3,1923.9,6156.7,6413.2,9999.9,4104.4,1912.0,2785.8,1954.5,5597.0,3093.8,7076.7,1837.8,3047.8,2712.2,6036.0,3777.1,7417.7,6620.1,2917.8,917.5,2386.3,5808.2,2631.0,7076.7,4560.5,1307.1,5448.4,9999.9,9999.9,9999.9,8795.3,9999.9,6620.1,364.7,641.3,1163.8,671.4,1383.5,739.1,2386.3,110.0,87.5,514.7,592.5,114.5,145.1,277.7,133.4,166.1,810.0,562.7,300.1,408.2,382.8,87.9,150.5,585.2,588.0,218.7,367.3,260.3,1452.0,2031.9,1472.9,4809.9,2565.3,4335.7,1365.1,1646.1,1487.1,1705.4,4886.3,3157.3,4886.3,3109.4,256.5,493.7,520.4,1603.3,1682.1,1076.3,1117.3,977.2,2066.0,1570.5,5130.6,4772.6,1860.0,3157.3,579.7,709.3,570.0,1068.8,2108.4,1174.9,1936.0,1174.9,3458.8,5597.0,3173.5,1923.9,2959.9,3558.8,561.2,1065.1,2404.9,969.5,1231.3,2305.8,1655.0,4077.3,3439.5,6549.7,4847.8,9999.9,9999.9,5977.4,9471.9,6036.0,9619.9,9999.9,9999.9,9999.9,9772.6,3896.6,2305.8,4216.9,9999.9,7695.9,9999.9,6765.6,2700.3,2433.4,9999.9,9999.9,7076.7,9619.9,9189.1,5753.9,6549.7,9999.9,9999.9,9999.9,9999.9,9999.9,4965.1,5400.6,6692.1,9999.9,6840.8,8671.4,9999.9,30.4,116.8,169.2,45.5,162.7,15.2,78.2,78.8,561.7,1105.3,367.7,472.8,569.0,528.9,690.9,1714.9,3754.1,904.0,4699.8,3078.3,2280.2,601.8,1882.7,5262.1,2332.0,5448.4,4050.4,734.6,201.6,577.5,558.1,1779.4,2066.0,1123.4,1261.6,869.5,1329.7,5046.5,6282.3,3093.8,4050.4,3686.6,245.3,1531.5,2748.5,4104.4,1578.6,3401.5,1912.0,471.0,993.0,2263.5,1233.8,1307.1,2760.8,2238.8,851.5,2059.1,3579.5,1332.6,2712.2,318.3,1501.6,1479.9,6692.1,9999.9,5005.4,6840.8,4305.4,5448.4,4159.9,8319.9,9999.9,3401.5,9999.9,9189.1,9328.3,7995.7,9999.9,9999.9,9999.9,8551.0,9999.9,9999.9,2472.5,5546.6,5448.4,9999.9,9999.9,4493.9,7695.9,5597.0,8100.9,9999.9,9999.9,9999.9,9999.9,9328.3,685.6,4335.7,5753.9,9054.0,3125.2,7695.9,5648.3,3157.3,7793.3,7076.7,9999.9,6282.3,9999.9,5977.4,718.4,1296.1,787.3,853.9,2665.2,515.2,1115.3,892.2,2263.5,1326.8,1415.3,2502.7,1256.4,3364.3,2038.6,3439.5,3346.0,1832.3,5753.9,4188.2,6156.7,725.1,1183.9,1696.0,1266.8,2785.8,1248.8,3190.0,1228.8,1590.8,1469.3,1650.6,4188.2,2066.0,4050.4,4366.4,5307.5,6480.7,6413.2,5977.4,9999.9,9999.9,894.8,1269.4,3946.6,1452.0,2108.4,7243.2,3664.7,2850.3,6095.7,9054.0,6840.8,5648.3,9999.9,5088.2
20260929_岐阜_8R,20260929,43,岐阜,8,1743.2,2958.5,819.4,4427.1,928.1,3155.7,1461.6,2037.6,3308.4,614.7,5645.6,1972.3,4243.9,1263.5,4626.8,4845.4,2663.9,7597.1,4395.5,9999.9,2461.4,402.9,313.8,1245.6,1194.8,323.5,981.4,399.0,8315.8,7692.1,8791.0,5697.8,6215.8,9467.2,4883.9,893.1,1475.7,2107.4,538.3,1573.8,933.7,777.9,6837.4,7597.1,9999.9,3846.0,9999.9,4364.3,5543.8,1519.4,1447.9,1515.6,577.8,882.8,816.1,1349.5,1181.1,1911.0,557.4,3798.5,620.9,2044.4,948.1,738.7,1059.1,204.2,2471.3,344.7,1349.5,466.1,1870.4,1723.7,943.8,4243.9,929.5,3308.4,779.9,100.4,73.3,299.8,758.7,43.7,197.2,74.7,8204.9,7239.6,9999.9,4075.3,4922.9,9999.9,3995.9,109.2,130.8,293.0,31.5,619.0,59.5,57.7,2564.0,2114.6,4102.4,969.0,6992.8,471.5,1569.8,372.0,369.8,393.4,152.1,330.3,145.8,689.1,1586.0,2532.3,406.9,4214.8,1343.6,3344.4,1290.0,1051.9,1320.5,246.0,3662.9,382.6,1905.1,657.4,2422.7,1826.0,781.9,4395.5,2471.3,5085.7,1046.5,88.3,83.8,246.3,469.7,68.1,345.9,56.8,7597.1,9323.8,9999.9,2958.5,7155.4,9999.9,3476.6,921.2,446.8,1870.4,204.2,2675.5,1053.7,578.3,5171.1,3641.2,8546.8,1768.3,9999.9,3107.9,4962.6,728.2,614.1,775.0,181.5,511.1,489.9,1941.2,4395.5,4524.7,2432.3,7692.1,3016.5,9467.2,2366.8,2403.7,2375.9,1538.4,5805.3,1490.0,5445.7,1287.3,3970.1,2747.1,1230.7,7889.3,3798.5,9999.9,1763.2,1300.9,1447.9,857.0,1911.0,1030.7,3031.3,335.9,9999.9,9999.9,9999.9,7239.6,7889.3,8429.7,2618.6,2394.4,1768.3,3418.7,1411.4,5860.6,2017.6,1039.4,9999.9,9999.9,9999.9,6992.8,9999.9,5974.4,5304.9,671.0,815.0,1010.4,216.9,313.6,482.2,1676.7,133.4,58.7,356.7,737.8,89.0,391.9,106.7,100.7,46.2,249.4,698.4,45.3,264.5,67.1,26.5,27.3,116.4,271.2,22.2,160.4,20.8,511.9,662.4,273.8,1887.6,645.7,1663.1,175.3,2330.9,2916.4,954.0,4845.4,2296.1,5645.6,942.3,74.3,47.5,41.3,255.2,591.7,109.4,61.4,995.7,1122.9,533.2,2987.2,3619.8,695.3,821.5,104.1,84.0,46.2,112.2,100.5,77.7,284.3,9999.9,9999.9,9999.9,9999.9,9999.9,9999.9,7597.1,9999.9,9999.9,9999.9,7889.3,9999.9,9999.9,7073.2,9999.9,9999.9,9999.9,6344.0,9999.9,9999.9,6837.4,9999.9,9999.9,9999.9,9999.9,9999.9,9999.9,5085.7,9999.9,9049.5,4922.9,9999.9,9999.9,9999.9,4303.3,9999.9,9925.3,9999.9,9999.9,9467.2,9999.9,7155.4,9999.9,9999.9,9999.9,9999.9,9999.9,9999.9,9999.9,6344.0,6410.1,5645.6,4022.0,3536.6,5751.1,9999.9,503.5,1104.7,1268.8,435.1,2663.9,737.8,636.3,114.7,125.0,273.0,32.1,593.9,34.9,48.7,817.2,332.8,1645.3,183.4,2687.2,721.4,449.5,1542.2,976.7,2491.3,964.5,4048.5,1451.3,473.3,130.4,57.6,82.4,325.7,733.4,88.0,77.6,5697.8,3662.9,7325.8,8204.9,3031.3,3188.4,1941.2,313.0,106.3,452.8,935.2,130.8,1343.6,178.8,370.4,118.9,414.3,266.0,100.4,307.6,180.9,8204.9,9999.9,9999.9,5259.5,9999.9,5128.1,9049.5,5974.4,5398.0,8315.8,2902.6,9999.9,1317.7,3775.2,8918.4,7073.2,9999.9,3995.9,9999.9,5215.0,7073.2,9999.9,9999.9,9999.9,9999.9,9999.9,9323.8,9999.9,4130.0,3016.5,2574.7,9049.5,9999.9,1783.6,3092.3,9999.9,9999.9,9999.9,9999.9,9999.9,9999.9,9999.9,2011.0,848.7,2313.4,3516.4,1035.9,5171.1,1472.1,5645.6,4845.4,5645.6,7504.5,3662.9,8204.9,2722.8,1018.8,1317.7,844.1,507.7,747.7,890.5,2044.4,649.8,501.1,461.2,235.4,419.1,234.6,1279.3,975.2,711.4,697.7,243.3,637.0,816.1,2675.5,308.9,399.5,514.5,120.4,125.2,248.1,1220.9,226.1,200.3,134.9,135.8,158.4,156.5,602.7,782.9,816.1,1003.8,338.1,362.8,691.4,2004.4,560.4,224.8,667.4,388.2,179.5,396.7,552.3,3418.7,3536.6,5445.7,3399.8,1905.1,2030.9,1953.5
20260929_岐阜_9R,20260929,43,岐阜,9,906.0,1491.7,411.2,4517.5,271.2,2517.6,392.4,1516.5,3639.8,1878.9,7406.6,1292.0,3047.6,2537.7,2449.8,4718.2,2144.6,3370.2,1327.0,7674.3,5790.6,590.3,1363.9,1978.1,4862.3,609.5,3317.5,888.3,9651.0,9999.9,9506.9,9999.9,6369.6,9999.9,9999.9,261.0,504.3,620.8,366.7,1901.3,666.9,583.3,7321.4,5738.4,9999.9,6999.6,9999.9,3122.3,8846.7,975.4,2856.3,4976.3,1990.5,8971.3,1600.4,5308.0,382.5,544.8,124.8,1978.1,129.9,917.8,141.3,300.4,351.5,75.1,1224.9,186.3,156.0,84.6,539.8,332.2,104.3,450.1,197.7,614.2,104.6,41.5,34.4,40.3,220.1,20.1,93.2,5.3,4190.5,2781.5,2188.8,1123.4,1965.9,3814.1,1107.7,147.7,191.2,175.0,62.1,895.8,239.1,71.6,1460.9,444.8,1075.9,433.0,3300.3,539.3,440.8,56.1,43.6,52.5,10.2,259.4,28.1,93.1,1117.4,2376.7,1199.5,3860.4,789.3,1624.9,1779.2,517.4,485.4,132.2,1454.2,275.2,180.3,125.1,3168.9,990.6,1343.8,2307.8,1266.3,940.8,2367.9,761.0,238.1,866.6,2274.8,434.4,424.9,475.7,6244.7,4649.4,4753.4,4649.4,6369.6,5178.6,6066.3,694.6,548.1,1234.4,640.1,2578.8,467.6,787.3,772.0,240.4,391.4,376.4,1604.4,265.1,590.8,1608.5,341.1,1712.2,682.7,3480.7,779.6,865.4,2497.9,4718.2,2517.6,3107.1,1151.8,2403.6,2341.7,995.2,559.2,259.1,493.0,268.8,826.1,213.6,4333.1,1271.3,1873.4,2806.0,1464.2,1183.9,3153.3,1799.3,318.8,1509.4,1941.9,638.8,1716.8,1145.6,2632.1,789.3,1105.8,1918.5,758.2,1862.4,1056.3,1065.1,455.9,1032.3,920.4,832.6,1077.7,979.9,5790.6,2333.2,1936.0,3004.5,3578.4,1895.7,4649.4,5491.1,684.9,3981.0,2022.1,3746.8,2204.0,4615.7,265.9,555.3,772.0,2324.7,239.3,1542.2,562.6,69.3,57.2,64.4,316.8,31.1,105.4,14.4,542.1,199.8,679.0,1901.3,317.6,345.6,366.2,1137.4,249.5,841.4,745.8,430.9,972.4,802.2,6244.7,2144.6,4753.4,3283.3,4031.4,6776.2,4274.9,173.6,99.5,249.8,316.8,1244.0,397.3,194.2,2895.3,883.4,837.0,1316.0,3334.9,936.7,1568.8,461.9,71.8,364.1,664.2,1457.5,221.4,848.1,9999.9,9999.9,9999.9,9999.9,8846.7,9999.9,9999.9,9999.9,6306.6,4274.9,5790.6,7962.1,9999.9,6635.0,9999.9,8272.3,7582.9,9999.9,9999.9,9999.9,9999.9,9231.4,3538.7,6066.3,6124.6,3107.1,5352.6,7493.7,9999.9,6923.5,9999.9,9099.5,9999.9,9999.9,9999.9,8381.1,7582.9,9999.9,4423.3,9999.9,9999.9,9999.9,9999.9,9999.9,9999.9,8725.5,9999.9,9999.9,9999.9,9999.9,9999.9,9999.9,9999.9,9999.9,9999.9,9999.9,220.5,436.8,554.8,296.5,1276.4,802.2,410.6,282.7,491.4,615.4,162.0,1572.7,804.2,223.2,812.4,814.5,1248.9,770.2,2015.7,1113.5,1210.9,963.6,956.4,1399.9,1075.9,1305.2,1572.7,1984.3,361.7,191.5,532.1,938.0,2578.8,1173.0,411.2,3907.7,4362.7,2468.8,1774.2,5095.7,6124.6,5136.8,1624.9,1735.6,1520.2,2081.5,1804.4,5055.3,2449.8,1065.1,486.6,1387.7,2048.1,680.5,4392.8,2137.4,8272.3,6999.6,9999.9,7238.2,9999.9,5952.9,9999.9,7077.4,1965.9,5444.1,2869.2,9651.0,2990.4,2440.4,2676.3,1201.8,1680.6,1495.2,4333.1,1058.0,1857.0,9999.9,6566.6,4423.3,7767.9,7962.1,5538.8,9999.9,8381.1,3317.5,2517.6,8166.2,9999.9,3538.7,6704.9,9999.9,9999.9,9999.9,9651.0,9999.9,9999.9,9999.9,4825.5,3461.7,2341.7,4454.3,3519.1,9999.9,5738.4,9999.9,3837.1,4218.3,9999.9,8971.3,9999.9,5636.8,1003.0,3062.3,5136.8,1735.6,8166.2,1441.1,4454.3,279.2,186.9,248.4,59.9,681.9,118.4,318.0,2102.2,559.7,2962.6,970.9,5095.7,1279.0,1484.7,6704.9,962.1,4274.9,2431.1,5636.8,2733.7,6184.1,998.3,111.5,684.9,1263.8,2733.7,449.8,1412.3,9999.9,4031.4,9999.9,9999.9,6704.9,9231.4,9999.9,1329.7,412.2,1498.7,2211.6,680.5,5095.7,2102.2,6999.6,1814.7,3122.3,8166.2,3791.4,9999.9,3388.1
20260929_岐阜_10R,20260929,43,岐阜,10,104.3,308.3,136.9,344.1,75.1,107.1,46.8,199.6,476.3,633.1,669.0,463.6,290.7,195.7,941.5,918.9,1977.8,1942.7,1611.4,1054.3,833.8,526.0,1082.6,1866.9,2377.1,1098.2,1081.1,806.5,1310.6,1308.4,2193.2,3527.4,2783.4,967.6,724.8,112.6,344.7,820.4,497.0,1139.0,389.3,132.8,185.4,230.7,478.4,696.4,466.4,484.4,114.1,26.7,66.5,202.8,218.8,181.2,67.3,29.9,79.8,228.2,67.9,245.7,44.1,101.4,30.8,144.5,224.0,112.1,269.0,125.2,559.5,220.0,566.5,473.0,379.3,772.3,384.4,1844.4,884.9,66.2,80.3,167.3,153.8,40.5,340.8,96.5,789.1,783.4,1183.0,560.7,563.6,2080.0,1207.3,18.3,44.7,125.0,15.7,149.8,150.9,27.0,607.9,1135.6,2212.2,1095.0,1848.9,825.7,968.9,33.0,103.5,338.0,61.4,272.9,46.3,263.4,186.1,333.9,430.0,435.4,440.4,361.7,251.7,158.6,225.0,145.1,292.3,185.5,602.7,297.0,358.1,274.5,485.6,364.3,759.3,1172.2,914.5,1369.3,705.4,1611.4,2231.6,1295.1,2743.5,2024.9,1011.1,832.0,826.6,1763.7,1639.0,2138.1,1524.7,719.4,358.1,1159.7,1114.1,1908.8,1784.2,904.7,1301.7,1988.1,2577.2,3202.7,3342.5,3049.5,2845.5,432.4,482.9,1211.1,1503.8,1299.5,813.4,1441.5,1988.1,2068.7,3189.3,3357.2,2955.3,3013.5,2543.0,1546.3,837.4,987.6,1396.8,1621.7,4028.6,2225.1,1165.0,691.4,1315.2,844.8,1937.8,2899.4,2284.9,6958.6,3560.2,5207.1,6773.8,6598.6,9999.9,9999.9,5546.7,4160.0,1918.4,8057.3,6895.9,5669.9,6895.9,4182.7,2517.9,3752.1,5546.7,6542.2,7973.4,5506.8,6895.9,8698.2,6714.4,9999.9,8411.5,9999.9,9999.9,3061.7,3463.5,4938.3,9940.8,8230.6,5506.8,9222.2,1312.9,3417.1,3137.0,7087.4,3061.7,4349.1,2803.8,744.5,807.4,1328.9,1568.5,464.7,2225.1,877.8,3447.9,1594.6,5002.9,7087.4,3357.2,7221.1,4724.9,6598.6,3925.3,6274.1,9940.8,6834.3,9999.9,9999.9,9999.9,6172.9,9222.2,9999.9,8798.2,9999.9,9999.9,2695.2,698.4,3285.1,3986.7,6432.3,4938.3,2568.6,7289.9,6123.5,6274.1,9999.9,9999.9,7153.7,9999.9,2955.3,1594.6,4476.2,9112.4,8798.2,3271.1,9813.4,2921.5,3357.2,6326.0,8143.0,5712.2,3479.3,3111.5,2888.4,2120.3,3770.6,3086.4,2041.1,5587.2,3733.8,2856.1,1983.0,1682.3,5587.2,5035.8,5755.2,4028.6,7654.4,4754.3,2052.1,9999.9,7578.6,7891.2,9999.9,9999.9,6027.1,9568.0,9999.9,9999.9,9999.9,9999.9,7289.9,2485.2,8411.5,8320.0,9999.9,9999.9,6542.2,7360.0,8230.6,9999.9,9999.9,9999.9,9999.9,9999.9,3733.8,4529.2,5755.2,9999.9,9999.9,5980.0,9999.9,104.8,405.4,822.1,467.5,1226.6,473.9,172.8,40.7,97.0,253.9,48.1,308.3,314.7,57.5,773.1,399.7,1404.4,1425.4,2477.1,2445.5,968.9,2585.9,1500.8,2704.7,3495.1,4160.0,6714.4,3543.7,908.0,343.0,1158.0,2445.5,2834.9,2594.7,915.6,3945.6,1574.9,3905.3,4556.2,5506.8,6958.6,4300.2,2340.8,1763.7,4115.3,6656.0,4300.2,7087.4,2501.4,210.0,114.9,483.2,1386.6,461.6,1449.7,1128.9,1101.3,1621.7,2639.4,3137.0,2551.4,2517.9,873.7,1594.6,4028.6,6223.1,5278.9,5506.8,3463.5,3013.5,2501.4,4276.2,6326.0,8600.5,6773.8,7654.4,6326.0,6172.9,9940.8,9334.7,9999.9,8411.5,9999.9,9999.9,6958.6,8143.0,9999.9,9999.9,9999.9,9813.4,9999.9,6326.0,8798.2,9999.9,9222.2,9999.9,9999.9,9999.9,4424.5,4182.7,8411.5,9999.9,7221.1,9999.9,5587.2,1242.6,2648.6,4373.9,7504.3,8900.5,5980.0,4529.2,29.5,90.0,277.4,212.7,249.8,76.2,28.6,47.7,123.9,424.3,100.9,344.9,61.2,265.2,337.3,401.8,1250.7,1177.6,1175.8,693.3,1326.5,1299.5,1674.9,2469.1,4373.9,3770.6,3176.1,4784.0,916.7,607.4,1784.2,3417.1,3176.1,1263.1,2932.7,1483.4,1704.7,2422.3,4373.9,4639.0,3527.4,3925.3,168.6,93.1,416.2,1205.4,448.1,1084.2,861.0,454.5,921.1,1571.7,2773.3,2888.4,2114.4,1674.9
20260929_岐阜_11R,20260929,43,岐阜,11,229.3,96.9,107.3,614.5,300.1,124.3,309.7,295.4,163.8,68.7,775.2,347.6,520.5,285.4,29.1,42.7,11.7,82.9,41.0,71.3,65.7,47.1,14.9,21.4,160.6,72.0,116.1,33.2,1485.1,1424.1,651.7,832.4,1317.6,1417.8,2076.7,620.0,528.8,284.3,288.6,1023.0,827.4,856.7,263.1,695.2,306.5,321.7,951.7,751.2,835.3,361.2,286.6,187.4,99.5,1175.5,614.2,634.7,833.9,275.7,381.0,1669.2,830.3,337.9,767.2,1799.3,2229.4,952.6,4973.4,3002.5,1928.0,3863.8,324.5,1677.8,700.7,2336.9,1345.1,537.0,1492.0,377.6,368.6,659.7,1772.9,849.9,435.4,584.9,5541.8,7949.3,5573.7,6642.6,6927.3,2558.9,9999.9,1611.0,3222.0,2657.0,1686.6,4948.0,1704.4,2189.2,338.3,815.6,513.1,352.0,861.3,718.9,926.2,1597.7,3910.5,2903.6,1422.0,6338.7,3069.0,1872.2,1147.7,718.9,232.0,2081.1,1136.9,1991.4,1139.6,1857.9,2947.7,903.0,4618.2,3118.4,2819.2,4007.5,799.5,2412.5,604.2,5387.9,3159.0,4685.1,2984.0,148.2,365.1,327.7,398.4,213.3,377.6,148.9,4898.1,9999.9,9236.4,2649.7,6508.8,9796.2,7183.8,1713.4,2394.6,2709.0,523.0,1261.1,1237.0,2811.0,4553.1,3759.0,6099.5,1822.9,7237.5,5418.0,6552.8,1763.3,3222.0,2558.9,575.9,3488.5,2642.5,3265.4,49.7,78.6,27.0,104.2,49.6,109.3,128.4,178.4,1089.6,493.2,1129.0,718.9,449.4,1441.0,398.1,1701.4,488.3,3021.2,1920.4,2348.2,2059.0,103.5,376.4,173.3,729.7,405.2,653.0,331.7,536.7,3414.8,2593.1,1271.0,2455.2,2224.3,5807.3,341.6,1544.3,1795.9,815.6,1782.7,2099.1,3578.6,521.4,988.6,2593.1,1447.5,3128.4,2794.8,3848.5,455.5,1939.6,1822.9,815.6,4368.5,3148.7,2835.7,125.2,23.7,60.5,269.6,150.7,168.1,45.5,257.9,187.8,471.4,1345.1,554.8,390.2,320.6,28.5,85.1,87.9,101.0,53.8,98.1,18.8,112.0,422.2,136.2,1305.2,563.5,736.9,247.9,924.5,2314.6,562.2,2041.7,1549.2,1802.6,934.3,441.2,718.9,209.7,810.8,717.8,559.6,483.9,450.0,542.1,290.0,888.9,1385.4,1087.2,463.8,62.6,210.8,23.1,223.1,416.5,193.4,287.1,6508.8,6597.4,2794.8,4730.8,7697.0,9325.2,8149.7,8433.2,9236.4,8582.5,4329.5,9999.9,6552.8,9999.9,9999.9,9999.9,9999.9,6642.6,9999.9,9999.9,9999.9,3078.8,9415.7,9999.9,9063.7,9415.7,9999.9,9999.9,5025.0,9698.2,3645.9,9063.7,7576.7,9999.9,6597.4,8289.1,9999.9,9999.9,9896.1,9149.2,9999.9,9999.9,9999.9,6297.5,9999.9,9999.9,9999.9,9999.9,9999.9,9999.9,9999.9,9999.9,9999.9,9508.0,9999.9,9999.9,2303.6,2209.1,1432.5,1529.6,4510.8,4596.3,2671.6,3232.7,5704.8,5387.9,2649.7,8659.1,2929.9,4574.6,3659.7,6829.7,7237.5,1469.4,7821.1,7079.0,5772.7,1912.8,7027.7,6878.1,3513.8,7403.2,9325.2,7884.7,1789.3,2234.6,976.6,3169.3,5077.6,3645.9,3265.4,7027.7,9999.9,9602.2,8582.5,7347.1,9796.2,9999.9,8360.5,5479.2,8979.8,9149.2,6061.4,9698.2,9998.2,6465.5,7576.7,9149.2,9508.0,4235.0,9999.9,9999.9,720.5,2903.6,933.4,1028.4,3002.5,2382.8,2565.6,532.2,1334.0,731.9,603.5,1164.2,893.0,1419.9,4999.1,3942.3,7821.1,2303.6,9063.7,6508.8,7758.6,1269.4,1451.8,5772.7,2174.4,4825.0,3788.3,5541.8,1109.6,1123.7,951.7,2265.9,3578.6,2778.8,1603.0,5605.9,3659.7,9999.9,6977.1,6061.4,8149.7,9149.2,5131.3,3773.6,6597.4,6642.6,3773.6,7403.2,9236.4,4388.3,3040.2,7347.1,4754.0,3687.5,8149.7,8507.2,1291.3,1050.7,778.3,372.8,3390.9,2184.2,1995.5,1967.1,4180.2,3265.4,1713.4,6508.8,4024.1,2388.7,1267.7,3414.8,3254.4,546.6,4898.1,3169.3,4618.2,937.0,3254.4,2912.3,1157.3,6829.7,5186.2,5025.0,237.7,781.4,150.5,738.0,1836.7,875.2,1104.5,8015.0,9999.9,9149.2,9999.9,5913.5,9999.9,9999.9,4898.1,5299.5,6688.4,7291.9,3309.9,9999.9,9325.2,3974.6,3863.8,7403.2,7131.0,3211.3,7183.8,7518.0
20260929_岐阜_12R,20260929,43,岐阜,12,51.1,160.0,46.4,153.8,67.7,40.9,54.0,116.7,847.0,248.6,1008.6,208.6,292.8,374.9,575.5,1688.4,1283.4,3628.0,1431.8,1128.2,816.1,79.5,226.0,594.9,733.4,254.7,128.4,259.7,558.6,1733.2,3273.5,1473.9,2330.9,1427.5,1961.8,166.3,234.4,662.3,315.1,1476.2,303.9,327.8,79.1,214.3,415.1,155.4,773.2,225.7,160.5,194.5,568.7,600.4,453.7,1708.6,516.9,313.2,32.4,120.0,30.8,76.8,48.0,33.5,36.6,51.3,249.5,81.4,184.1,59.9,193.6,105.4,325.0,580.6,493.9,580.8,582.9,715.7,200.3,44.2,82.0,264.4,116.7,100.2,158.2,88.4,85.0,180.5,328.8,142.2,213.6,316.4,143.8,94.7,100.1,322.2,143.7,301.6,260.4,117.6,147.0,373.8,639.5,286.9,441.5,369.0,267.0,86.1,176.4,161.2,147.6,218.7,144.7,183.0,136.9,983.9,298.0,1296.4,225.1,469.5,412.0,84.7,363.4,156.4,383.4,91.0,343.7,172.6,2406.6,1396.5,2646.3,5864.5,2222.0,4543.6,1730.9,390.5,277.4,1714.7,1788.7,310.4,1014.2,717.9,2417.1,1319.0,4343.8,2492.2,2481.0,4300.2,2390.2,156.5,105.5,571.7,204.1,1159.4,536.3,249.5,1333.2,1247.3,4129.7,1996.3,5206.7,1703.3,2294.8,932.4,606.2,1314.1,1140.9,2959.3,740.1,1778.0,1889.6,4877.2,3515.5,8796.8,3680.0,4343.8,2430.9,1343.9,2187.9,1921.7,3163.3,2196.7,3330.1,939.5,4908.3,3567.6,7510.7,9999.9,5178.7,9999.9,5426.7,4005.2,2639.0,6224.5,8145.9,5307.1,7395.4,2241.4,9999.9,5242.1,9999.9,9999.9,9999.9,9466.8,9130.3,4192.6,3968.0,4581.4,5171.8,9999.9,8857.5,3980.3,7215.3,6700.8,9999.9,9999.9,9999.9,9999.9,7783.8,1812.3,1264.5,3856.8,1875.8,6048.6,2862.5,4178.9,31.2,103.2,240.4,439.1,110.9,58.2,103.0,30.8,68.9,159.2,110.4,67.8,123.4,53.5,135.8,98.6,709.8,924.8,100.8,525.6,306.6,609.0,426.5,1023.9,2359.4,748.7,1280.9,333.5,818.9,304.2,1493.9,2546.6,1553.6,2187.9,1230.2,198.4,154.9,172.3,529.7,1179.0,441.5,271.8,338.4,476.9,1059.1,1650.8,2049.4,931.8,819.4,256.9,177.1,477.3,367.4,1232.9,379.4,566.9,1030.7,3490.0,7510.7,2709.5,5699.7,3837.6,5144.2,441.4,916.7,1873.1,565.9,1173.2,1661.4,976.4,3751.7,1853.3,7614.6,4852.6,5633.0,9999.9,5520.0,9999.9,4946.1,9999.9,9999.9,9999.9,9999.9,8043.8,2864.6,1115.8,4506.4,7690.6,6736.0,7783.8,6048.6,7005.4,3293.1,6001.5,9999.9,7863.2,9999.9,9108.7,6807.4,4423.6,9999.9,9999.9,9999.9,9999.9,9999.9,7752.5,3561.0,7242.5,8376.1,7736.9,8376.1,9999.9,287.1,306.9,811.8,448.6,2596.3,716.7,607.1,234.7,217.7,738.5,334.1,1153.2,622.3,337.2,201.2,183.1,780.5,286.3,1645.1,799.2,404.0,1247.3,1568.1,1058.5,1145.0,7043.9,4631.0,1328.1,520.6,465.4,340.4,927.5,3107.2,1351.4,724.2,5567.9,2854.0,4383.4,8543.2,5855.6,8215.3,6819.4,1707.8,1496.3,1821.7,3708.3,2288.0,7438.2,2030.0,1064.6,738.4,1023.3,1619.5,1210.4,5063.0,1972.8,344.7,1058.8,1952.8,583.5,2381.3,931.8,1028.5,457.1,1545.5,2858.3,1036.5,2321.0,1388.9,1393.4,1944.0,1919.7,9904.9,3762.7,9999.9,3864.6,5955.2,4997.4,5955.2,9999.9,8357.9,9999.9,9999.9,7540.1,1058.2,1512.1,3394.7,5794.0,7228.9,3505.9,3499.5,5600.3,4517.0,9999.9,9999.9,9466.8,9999.9,9999.9,2497.0,2098.5,3662.5,7675.3,3722.7,9999.9,3701.2,2301.6,2580.7,5649.5,5543.9,4774.4,9999.9,4393.4,419.3,1201.8,1271.6,916.7,3884.0,1353.8,1154.9,334.5,666.7,552.0,511.0,1503.9,646.4,769.5,1865.8,1260.3,3122.3,2168.2,5649.5,1847.9,4295.4,1392.4,986.4,3038.6,1752.9,4914.5,2481.0,3652.1,1128.5,754.3,2007.8,1471.1,4846.5,1776.4,2864.6,7256.1,3397.7,7069.7,7847.2,7614.6,9999.9,9999.9,1866.7,1136.5,1808.9,2500.3,1976.9,7339.0,3171.2,2460.4,2308.5,6204.5,4597.8,4378.4,9584.6,4112.0
20260929_玉野_1R,20260929,61,玉野,1,17.4,58.5,109.3,83.2,115.6,,,11.1,23.8,50.0,40.8,61.4,,,114.7,81.5,300.3,172.0,267.5,,,167.1,106.5,275.2,189.2,328.2,,,113.8,76.2,167.0,185.6,195.8,,,207.1,136.3,328.9,399.1,299.7,,,,,,,,,,,,,,,,,43.0,131.6,237.7,190.5,266.2,,,43.1,115.6,227.1,183.5,239.0,,,251.3,249.3,713.8,462.2,713.8,,,423.3,462.9,887.0,834.0,1158.2,,,322.4,376.1,590.2,795.1,797.2,,,495.0,529.1,871.9,1208.4,1026.5,,,,,,,,,,,,,,,,,9.9,18.6,34.9,29.9,36.0,,,14.8,44.3,77.7,70.9,74.8,,,45.5,82.2,229.0,161.6,210.2,,,60.7,116.5,219.8,147.9,245.7,,,46.6,97.7,158.2,159.9,130.7,,,64.9,105.7,172.8,229.7,173.9,,,,,,,,,,,,,,,,,350.3,245.7,763.5,623.8,636.7,,,414.2,429.8,1104.0,887.0,1080.7,,,229.5,304.1,829.5,498.2,688.1,,,1198.9,1650.1,1454.6,2116.7,2435.9,,,781.0,1116.1,913.4,2032.6,1504.5,,,1132.5,1598.6,1441.0,2455.4,1967.5,,,,,,,,,,,,,,,,,288.7,206.1,450.7,378.9,532.8,,,379.3,458.7,971.3,723.9,1062.0,,,193.4,336.1,590.2,475.8,647.5,,,905.4,1447.8,1096.1,1805.4,3131.9,,,445.4,734.2,552.0,1084.5,1213.1,,,941.5,1317.3,1132.5,1906.4,1519.4,,,,,,,,,,,,,,,,,128.6,99.0,223.3,229.0,255.3,,,165.1,204.8,458.1,507.3,541.3,,,110.1,215.3,347.9,364.9,350.7,,,356.0,626.3,411.9,1029.9,1047.5,,,278.7,565.2,342.5,897.4,1065.7,,,326.8,708.8,439.7,1047.5,1158.2,,,,,,,,,,,,,,,,,293.1,221.4,374.7,881.9,417.0,,,367.1,700.7,1358.1,1883.0,1497.2,,,220.0,491.0,761.6,1167.0,775.0,,,507.3,1677.2,1598.6,3038.9,2416.8,,,1497.2,2515.8,1871.5,3372.9,3197.2,,,462.9,1489.9,1180.5,1774.1,2536.6,,,,,,,,,,,,,,,,,,,,,,,,,,,,,,,,,,,,,,,,,,,,,,,,,,,,,,,,,,,,,,,,,,,,,,,,,,,,,,,,,,,,,,,,,,,,,,,,,,,,,,,,,,,,,,,,,,,,,,,,,,,,,,,,
20260929_玉野_2R,20260929,61,玉野,2,168.4,142.8,83.1,213.2,444.2,,,140.0,109.4,98.2,27.9,105.4,,,91.8,101.3,39.7,97.6,366.7,,,40.6,114.4,46.1,112.4,403.2,,,68.8,10.2,75.6,54.0,106.6,,,766.4,316.1,857.9,855.6,432.4,,,,,,,,,,,,,,,,,422.8,334.1,277.3,546.3,1020.3,,,594.5,680.9,485.6,695.5,1046.7,,,333.1,493.8,169.9,660.0,1309.4,,,146.6,154.2,93.5,232.6,518.3,,,752.1,741.8,965.5,735.0,2034.2,,,1331.0,1593.3,2142.0,1729.6,2608.4,,,,,,,,,,,,,,,,,258.7,199.1,179.0,47.3,183.1,,,464.7,703.1,533.7,474.9,738.4,,,371.3,714.0,546.3,508.5,971.2,,,308.9,495.3,547.2,317.4,685.2,,,32.8,133.6,204.5,148.0,82.4,,,269.3,576.5,748.7,559.5,276.4,,,,,,,,,,,,,,,,,142.7,159.6,78.0,128.1,506.1,,,267.0,506.1,125.1,582.7,1074.5,,,281.0,575.5,465.3,364.2,860.2,,,71.8,29.0,103.5,139.5,569.4,,,200.8,496.0,262.3,321.8,1111.4,,,1456.9,2073.3,1593.3,1880.4,2310.3,,,,,,,,,,,,,,,,,107.0,217.0,107.3,191.1,695.5,,,66.9,82.8,27.1,140.5,370.4,,,343.3,319.9,412.0,356.2,743.5,,,80.5,24.2,75.1,141.4,490.8,,,245.7,307.7,290.8,316.1,903.4,,,1278.4,1400.1,1490.5,2034.2,1869.6,,,,,,,,,,,,,,,,,98.7,8.0,78.6,67.8,83.6,,,311.9,350.4,697.0,546.3,1007.6,,,13.4,99.7,121.5,86.4,47.1,,,166.2,519.1,245.7,335.1,522.5,,,209.7,306.0,216.3,352.3,718.7,,,415.7,1189.1,369.6,1234.5,1092.7,,,,,,,,,,,,,,,,,1960.2,755.7,2200.2,1902.6,974.2,,,2608.4,2310.3,3477.8,2741.0,3760.9,,,723.5,1748.3,1902.6,1720.4,855.6,,,2488.0,4043.0,2450.3,2940.3,3993.1,,,2695.3,2488.0,2185.4,3440.8,3202.4,,,1050.1,2812.5,924.1,3805.2,2526.8,,,,,,,,,,,,,,,,,,,,,,,,,,,,,,,,,,,,,,,,,,,,,,,,,,,,,,,,,,,,,,,,,,,,,,,,,,,,,,,,,,,,,,,,,,,,,,,,,,,,,,,,,,,,,,,,,,,,,,,,,,,,,,,,
20260929_玉野_3R,20260929,61,玉野,3,63.8,46.1,66.4,121.9,107.0,,,98.1,232.5,132.7,94.5,587.2,,,56.1,143.4,202.3,261.8,342.2,,,59.1,91.1,158.3,138.1,319.9,,,107.1,81.4,259.3,140.0,615.0,,,262.8,581.9,554.1,676.7,876.0,,,,,,,,,,,,,,,,,86.1,26.3,104.9,125.8,85.4,,,155.4,96.6,316.2,106.0,215.0,,,12.6,29.5,51.5,37.4,14.0,,,151.4,279.6,121.8,403.6,198.0,,,163.6,106.2,91.7,351.9,189.3,,,70.0,99.0,36.1,113.8,162.4,,,,,,,,,,,,,,,,,182.6,369.1,257.8,91.9,613.9,,,169.5,147.8,374.7,64.9,309.6,,,380.4,171.2,593.6,140.2,798.4,,,294.6,499.4,888.0,153.6,1645.4,,,43.4,36.3,80.7,78.7,239.4,,,1059.3,688.2,1558.4,2132.5,560.8,,,,,,,,,,,,,,,,,102.9,263.1,334.1,338.3,532.2,,,35.7,45.1,99.7,67.3,34.4,,,360.5,141.1,472.5,208.8,859.8,,,417.7,370.8,760.9,913.1,1733.4,,,284.0,134.7,178.3,629.4,753.8,,,831.1,299.8,1261.2,1453.5,1256.4,,,,,,,,,,,,,,,,,160.7,308.4,367.5,361.7,577.8,,,306.0,587.2,303.5,892.9,429.3,,,638.0,900.4,1781.0,762.7,2552.3,,,746.8,645.7,1742.7,1427.9,2747.0,,,631.8,973.4,612.7,1596.8,2818.7,,,967.6,1403.2,2132.5,2474.4,3177.9,,,,,,,,,,,,,,,,,105.3,85.3,209.8,177.2,457.8,,,132.6,70.1,76.5,256.0,181.0,,,52.7,39.3,70.2,70.1,234.0,,,197.2,74.2,163.8,365.0,556.9,,,240.2,415.0,275.1,725.1,1361.9,,,934.1,658.8,700.1,1205.0,1604.7,,,,,,,,,,,,,,,,,735.0,1637.1,1055.8,1301.8,2013.3,,,351.5,512.0,183.5,334.8,531.3,,,2235.5,1301.8,2747.0,3058.0,1480.1,,,1098.8,385.8,1929.4,2512.8,2205.1,,,1415.5,1800.8,3116.8,3905.4,3601.6,,,1941.0,1271.1,1653.8,2532.4,2593.2,,,,,,,,,,,,,,,,,,,,,,,,,,,,,,,,,,,,,,,,,,,,,,,,,,,,,,,,,,,,,,,,,,,,,,,,,,,,,,,,,,,,,,,,,,,,,,,,,,,,,,,,,,,,,,,,,,,,,,,,,,,,,,,,
20260929_玉野_4R,20260929,61,玉野,4,2.2,16.9,35.2,124.2,142.2,,,18.6,85.8,190.5,418.8,393.0,,,124.3,196.5,460.9,806.9,541.6,,,83.9,189.2,343.0,266.6,714.7,,,271.3,533.2,833.8,320.3,1709.0,,,786.1,1348.8,1222.9,1609.1,2237.0,,,,,,,,,,,,,,,,,3.5,26.2,63.8,236.1,221.3,,,11.9,38.4,208.1,535.3,329.9,,,124.6,148.4,733.7,1250.7,865.2,,,247.8,361.5,764.3,923.3,1910.8,,,929.6,1487.3,2183.8,1382.7,3987.8,,,1297.9,1637.8,1719.7,3527.7,5854.5,,,,,,,,,,,,,,,,,63.8,224.8,427.2,1109.5,821.3,,,36.1,122.1,425.9,1050.2,663.0,,,332.7,293.3,1137.0,2293.0,1389.7,,,968.8,1118.5,2201.3,2237.0,3769.3,,,2038.2,2836.7,4299.4,2413.7,5191.7,,,2478.9,2697.6,2331.8,6711.2,7436.8,,,,,,,,,,,,,,,,,319.5,544.8,1396.7,2008.4,1545.8,,,296.8,366.3,1979.5,2990.9,1993.9,,,503.0,526.1,2219.0,3527.7,2645.7,,,1677.8,2547.8,3126.8,4438.1,4586.0,,,3527.7,4169.1,5395.3,4827.4,6551.5,,,2501.4,3275.7,3483.0,4913.6,5395.3,,,,,,,,,,,,,,,,,211.5,497.5,792.9,656.7,1273.9,,,287.2,476.0,1233.9,1329.2,2724.3,,,1079.0,979.2,2149.7,2149.7,3821.7,,,2068.8,2274.0,2866.2,4046.5,4438.1,,,676.0,714.7,1191.1,2255.4,1871.8,,,3397.0,5191.7,7055.4,6114.7,5503.2,,,,,,,,,,,,,,,,,762.2,1897.6,2255.4,1007.9,3718.4,,,1396.7,1554.5,2524.4,2133.0,6253.7,,,2724.3,2990.9,4586.0,3315.2,7241.1,,,4299.4,4169.1,7861.8,5095.6,7861.8,,,650.5,1054.2,1884.6,2866.2,3821.7,,,6551.5,9827.2,9999.9,9999.9,6551.5,,,,,,,,,,,,,,,,,2351.8,4827.4,3718.4,4827.4,6253.7,,,2779.4,4510.8,5191.7,6879.0,9999.9,,,5395.3,7055.4,5981.8,9999.9,9999.9,,,4367.6,4586.0,4663.7,6879.0,9999.9,,,5732.5,7643.4,8338.2,8876.2,7643.4,,,7055.4,9488.3,9999.9,9999.9,5615.5,,,,,,,,,,,,,,,,,,,,,,,,,,,,,,,,,,,,,,,,,,,,,,,,,,,,,,,,,,,,,,,,,,,,,,,,,,,,,,,,,,,,,,,,,,,,,,,,,,,,,,,,,,,,,,,,,,,,,,,,,,,,,,,,
20260929_玉野_5R,20260929,61,玉野,5,14.0,6.2,55.0,23.1,217.5,,,55.7,59.4,113.5,63.6,223.9,,,15.7,33.4,103.5,31.4,240.3,,,124.3,141.0,148.2,186.3,598.4,,,46.9,51.9,39.0,178.8,276.8,,,638.9,755.2,772.2,1368.2,680.4,,,,,,,,,,,,,,,,,36.2,19.1,142.8,52.0,395.4,,,132.5,233.8,164.9,176.2,321.6,,,140.7,405.6,764.4,384.9,1772.9,,,395.0,152.8,759.8,532.6,1334.3,,,162.3,190.8,320.8,531.8,1320.3,,,1593.3,1586.6,2622.4,2640.7,2157.9,,,,,,,,,,,,,,,,,94.4,133.2,111.4,92.8,205.2,,,148.8,290.9,188.9,237.9,352.2,,,372.0,486.0,402.1,494.9,817.3,,,56.8,111.6,173.1,70.8,70.9,,,110.2,210.2,271.0,139.1,196.4,,,238.7,442.1,484.1,176.2,238.1,,,,,,,,,,,,,,,,,152.5,310.5,552.0,193.0,996.3,,,241.2,733.2,1288.8,700.6,2659.3,,,644.4,848.6,1134.0,707.1,2170.3,,,864.1,1586.6,1151.3,1158.3,3738.9,,,267.8,844.8,901.2,1320.3,2121.5,,,2950.2,5173.0,3776.3,4291.2,2973.4,,,,,,,,,,,,,,,,,211.2,186.0,214.1,272.0,663.6,,,340.5,436.0,680.4,610.0,1271.4,,,98.4,229.5,251.7,138.3,157.8,,,517.3,870.1,573.9,531.8,1806.8,,,380.6,655.6,330.9,637.8,858.2,,,1262.9,1781.2,577.4,2157.9,1147.8,,,,,,,,,,,,,,,,,36.9,43.7,37.2,104.5,143.3,,,103.4,147.8,226.5,392.1,675.5,,,69.5,112.1,110.0,91.0,120.1,,,138.2,312.3,269.1,538.7,618.0,,,213.4,289.8,136.5,459.4,529.6,,,552.9,878.2,465.0,791.6,785.1,,,,,,,,,,,,,,,,,2274.9,1475.1,2697.3,2927.3,1554.0,,,2697.3,3433.0,4605.2,3596.5,4195.9,,,759.8,1815.5,1498.5,583.6,736.1,,,4243.0,4841.4,3146.9,4662.1,3631.0,,,2697.3,3283.7,817.3,3933.6,2086.3,,,1430.4,2436.3,1082.0,2756.4,2041.2,,,,,,,,,,,,,,,,,,,,,,,,,,,,,,,,,,,,,,,,,,,,,,,,,,,,,,,,,,,,,,,,,,,,,,,,,,,,,,,,,,,,,,,,,,,,,,,,,,,,,,,,,,,,,,,,,,,,,,,,,,,,,,,,
20260929_玉野_6R,20260929,61,玉野,6,51.1,22.5,40.9,122.6,168.6,,,47.0,47.2,143.3,86.5,596.9,,,13.2,25.7,41.0,65.7,243.9,,,53.1,176.2,93.5,334.9,545.2,,,215.5,157.7,206.3,434.2,1027.4,,,680.5,1366.1,753.6,1392.1,1552.1,,,,,,,,,,,,,,,,,65.8,43.2,46.6,160.4,199.6,,,104.5,177.0,109.2,167.2,418.7,,,90.8,174.6,127.7,366.9,422.1,,,16.8,42.1,55.5,60.1,34.2,,,288.3,263.9,513.7,313.6,763.0,,,323.3,488.2,578.9,203.4,578.9,,,,,,,,,,,,,,,,,45.2,46.0,120.1,69.5,602.9,,,66.0,150.9,90.7,97.1,377.9,,,50.3,119.5,169.5,131.5,1002.0,,,195.2,91.8,357.6,284.5,1240.6,,,43.5,51.9,94.0,131.1,508.0,,,2049.1,1665.5,2605.3,2568.7,1635.6,,,,,,,,,,,,,,,,,34.6,57.9,82.1,93.9,424.1,,,77.6,213.3,206.5,500.3,668.0,,,52.2,111.5,172.7,117.0,1101.9,,,254.5,228.4,397.3,889.6,1513.5,,,338.0,540.3,389.2,1115.4,2515.5,,,1814.7,2184.1,2894.8,2918.0,3922.1,,,,,,,,,,,,,,,,,94.2,314.9,194.5,424.6,487.6,,,27.2,71.9,87.0,75.2,46.4,,,362.5,200.6,490.9,407.5,1195.9,,,299.2,266.2,474.3,957.3,1341.0,,,634.3,366.5,468.8,1079.1,1430.4,,,1712.4,509.4,2368.5,2431.7,1643.0,,,,,,,,,,,,,,,,,380.3,235.3,427.1,806.9,1459.0,,,443.2,232.6,675.4,504.5,1030.3,,,117.8,133.9,170.2,280.3,748.9,,,544.4,838.5,422.1,1494.9,2662.4,,,947.4,593.0,414.0,1545.5,2515.5,,,2894.8,2026.4,1488.7,4291.2,3144.4,,,,,,,,,,,,,,,,,1909.7,3441.0,2827.5,3839.5,4342.3,,,1565.4,2237.7,2586.9,705.5,2586.9,,,3611.4,2279.7,5883.1,5526.6,4192.5,,,3507.2,3441.0,5883.1,4929.1,7760.7,,,4929.1,810.5,5137.4,7152.0,5286.3,,,4863.4,3199.6,4448.2,6882.1,5286.3,,,,,,,,,,,,,,,,,,,,,,,,,,,,,,,,,,,,,,,,,,,,,,,,,,,,,,,,,,,,,,,,,,,,,,,,,,,,,,,,,,,,,,,,,,,,,,,,,,,,,,,,,,,,,,,,,,,,,,,,,,,,,,,,
20260929_玉野_7R,20260929,61,玉野,7,7.8,10.7,16.0,23.3,7.1,,,34.5,136.9,172.6,84.9,161.0,,,60.1,157.1,111.4,218.1,188.6,,,50.8,154.0,67.5,306.8,242.3,,,56.1,82.2,235.5,393.9,174.2,,,29.8,140.5,186.6,260.7,236.5,,,,,,,,,,,,,,,,,21.4,19.2,31.5,47.1,18.5,,,116.5,313.7,354.1,326.8,441.2,,,121.6,383.7,187.7,536.3,831.1,,,111.8,293.0,139.3,459.6,655.8,,,194.3,412.0,624.0,751.7,1134.2,,,160.4,468.5,978.8,1006.9,1348.4,,,,,,,,,,,,,,,,,113.2,330.7,454.7,166.9,451.0,,,201.8,558.1,585.2,515.5,1248.0,,,502.1,793.5,635.3,644.9,1620.4,,,554.1,838.3,633.2,697.3,2295.5,,,95.6,306.8,225.2,439.7,594.2,,,1477.6,2537.2,2351.5,3412.8,1998.2,,,,,,,,,,,,,,,,,185.2,356.7,211.4,659.2,573.0,,,243.0,654.7,350.5,911.7,1285.5,,,496.3,803.4,530.4,864.6,1854.1,,,120.7,208.2,239.0,408.5,574.7,,,1182.9,1353.1,1137.6,711.5,2815.0,,,1548.8,2571.0,2659.6,2073.4,3085.2,,,,,,,,,,,,,,,,,89.8,218.5,77.1,434.2,262.3,,,139.5,411.5,207.3,649.2,843.8,,,340.6,635.3,375.8,703.7,1392.2,,,52.5,104.9,135.7,297.8,317.1,,,849.4,981.3,838.3,740.2,2142.5,,,1260.3,1819.1,3110.1,1819.1,3161.1,,,,,,,,,,,,,,,,,119.8,148.4,502.1,740.2,287.1,,,254.2,634.3,973.8,1244.0,1737.1,,,75.3,273.9,212.5,486.9,531.2,,,1062.4,1281.2,931.5,588.7,2571.0,,,1224.3,1428.3,1089.4,581.6,3036.6,,,1600.2,2623.5,2084.6,3161.1,3856.5,,,,,,,,,,,,,,,,,217.1,615.0,1077.2,1168.6,1216.5,,,356.7,1655.1,2456.4,1909.1,2554.0,,,1655.1,1277.0,3638.2,4285.0,3036.6,,,2410.3,4333.2,3895.5,3604.2,3474.3,,,2921.6,3570.8,4191.9,4102.7,4591.1,,,2794.6,3895.5,3240.8,4237.9,4646.4,,,,,,,,,,,,,,,,,,,,,,,,,,,,,,,,,,,,,,,,,,,,,,,,,,,,,,,,,,,,,,,,,,,,,,,,,,,,,,,,,,,,,,,,,,,,,,,,,,,,,,,,,,,,,,,,,,,,,,,,,,,,,,,,
20260929_玉野_8R,20260929,61,玉野,8,15.8,10.1,59.3,61.2,38.8,,,19.5,13.2,73.1,59.3,44.2,,,7.6,8.7,35.6,31.1,23.1,,,126.0,103.9,87.0,190.1,182.0,,,103.3,85.2,73.5,191.9,194.0,,,65.1,69.3,44.3,198.0,190.2,,,,,,,,,,,,,,,,,53.3,45.2,153.6,187.9,148.9,,,110.1,205.3,622.3,640.3,617.1,,,89.6,172.6,433.1,461.0,406.5,,,360.8,1067.6,948.8,1512.2,1951.9,,,428.5,1230.8,1052.4,1823.4,1772.3,,,341.8,952.8,771.9,2130.2,1517.4,,,,,,,,,,,,,,,,,78.8,71.7,247.8,252.6,213.5,,,146.1,250.0,697.7,727.5,647.7,,,119.4,217.4,491.7,411.0,470.3,,,843.9,1588.1,1004.7,2369.4,2356.8,,,697.7,1230.8,845.5,2215.4,1691.1,,,590.7,973.8,686.9,2023.2,1869.5,,,,,,,,,,,,,,,,,29.1,33.3,91.6,124.5,75.3,,,81.4,133.2,444.4,463.9,256.1,,,87.9,137.2,447.5,355.3,281.1,,,356.7,969.5,621.4,1846.2,1346.7,,,396.3,753.5,492.8,1665.7,1057.4,,,260.0,609.4,465.9,1406.6,1197.5,,,,,,,,,,,,,,,,,699.9,880.8,420.3,1338.6,1367.5,,,1096.7,1737.6,1611.2,2249.1,1623.0,,,1869.5,2561.2,2653.2,4301.8,4521.3,,,599.5,1793.8,2319.8,3034.8,4065.0,,,2858.6,3055.8,4387.0,4475.6,4664.1,,,2546.5,4713.7,5608.7,4387.0,5754.4,,,,,,,,,,,,,,,,,1397.7,1538.5,1086.0,2060.8,1830.9,,,1869.5,2356.8,1918.1,3164.9,3544.7,,,2260.6,3142.4,3142.4,6069.7,5907.8,,,1582.4,2735.1,2953.9,5538.6,4923.2,,,3488.9,4664.1,5538.6,5754.4,5470.2,,,2915.0,3819.7,5754.4,5338.4,6613.3,,,,,,,,,,,,,,,,,366.4,394.5,279.7,942.7,928.9,,,664.3,1457.5,975.9,3331.5,3077.0,,,822.0,1647.1,1376.0,4387.0,4102.7,,,446.6,880.8,1241.1,2769.3,2369.4,,,2752.1,5680.6,5830.1,4301.8,6154.0,,,1986.9,2434.5,4869.1,3723.4,4816.2,,,,,,,,,,,,,,,,,,,,,,,,,,,,,,,,,,,,,,,,,,,,,,,,,,,,,,,,,,,,,,,,,,,,,,,,,,,,,,,,,,,,,,,,,,,,,,,,,,,,,,,,,,,,,,,,,,,,,,,,,,,,,,,,
20260929_玉野_9R,20260929,61,玉野,9,35.9,39.3,23.4,84.4,60.6,,,54.2,45.2,75.6,97.1,61.2,,,52.9,35.8,81.3,22.7,10.3,,,85.0,96.2,153.1,242.1,195.6,,,208.5,178.8,67.8,336.4,163.2,,,36.9,29.4,4.1,70.0,37.9,,,,,,,,,,,,,,,,,176.2,207.2,115.5,414.6,249.1,,,404.0,1005.3,701.0,1959.7,1381.6,,,645.3,1264.8,1474.9,1623.8,1285.8,,,266.5,400.9,639.5,798.2,589.9,,,1817.6,3537.3,2560.0,3033.8,4816.3,,,564.1,1332.0,900.2,1210.9,2449.7,,,,,,,,,,,,,,,,,165.0,102.3,227.6,222.4,79.3,,,310.5,797.4,547.1,1467.2,872.5,,,307.9,846.5,872.5,533.4,332.3,,,610.6,866.3,1188.9,1658.5,1334.1,,,765.9,1787.2,913.7,1959.7,1768.6,,,127.4,723.0,158.3,676.0,334.7,,,,,,,,,,,,,,,,,349.2,239.9,480.0,155.7,86.6,,,723.6,1156.7,1736.2,1648.9,1370.5,,,480.8,1148.9,1519.6,716.9,627.7,,,1270.4,2537.2,2322.8,2567.7,2310.2,,,336.2,1278.1,621.8,1383.9,462.8,,,88.0,706.8,365.4,782.1,202.1,,,,,,,,,,,,,,,,,654.2,877.9,1216.1,1779.7,1030.8,,,506.2,652.7,868.1,1177.4,895.4,,,1223.0,1344.6,2408.1,2529.6,2741.1,,,1907.1,2785.9,3044.6,4262.4,3965.1,,,3134.1,4762.5,3612.2,5395.5,3356.2,,,1329.9,2647.5,3382.9,2741.1,4843.7,,,,,,,,,,,,,,,,,1655.3,1289.7,552.8,2015.3,1047.2,,,3044.6,4843.7,2980.7,4158.5,6458.3,,,1817.6,4608.1,1262.9,4138.3,4658.4,,,774.9,2870.3,1420.8,3396.4,1231.9,,,3077.6,5535.7,5499.9,5683.3,6660.1,,,1246.3,6361.9,3581.9,1040.9,2776.8,,,,,,,,,,,,,,,,,130.3,57.6,7.8,133.3,75.6,,,413.4,1060.3,759.1,1315.5,2136.5,,,169.4,1014.8,281.6,1120.2,721.8,,,22.7,460.3,153.4,467.6,68.4,,,645.3,2015.3,1652.1,1336.2,2860.7,,,380.9,3044.6,1240.9,303.2,2537.2,,,,,,,,,,,,,,,,,,,,,,,,,,,,,,,,,,,,,,,,,,,,,,,,,,,,,,,,,,,,,,,,,,,,,,,,,,,,,,,,,,,,,,,,,,,,,,,,,,,,,,,,,,,,,,,,,,,,,,,,,,,,,,,,
20260929_広島_1R,20260929,62,広島,1,104.7,297.4,87.3,107.5,26.3,,,254.0,1228.4,214.3,603.7,143.2,,,1103.6,1623.7,1187.1,1157.9,551.8,,,154.8,173.1,731.9,504.5,87.9,,,299.9,622.3,616.8,695.8,277.5,,,12.6,33.6,134.7,22.6,71.8,,,,,,,,,,,,,,,,,91.3,129.1,56.2,49.4,20.1,,,226.7,578.9,150.2,284.2,267.0,,,307.1,743.5,492.2,157.1,403.6,,,113.4,91.8,241.4,130.0,113.6,,,69.0,203.5,38.0,102.2,82.4,,,35.2,125.7,152.3,78.6,56.3,,,,,,,,,,,,,,,,,432.0,1502.8,301.2,816.5,264.0,,,424.2,1038.7,217.6,533.0,432.0,,,2315.8,1308.0,1441.5,2108.4,2435.6,,,155.5,132.5,616.8,422.9,146.3,,,1207.4,905.5,1811.1,1001.8,1121.1,,,279.7,445.6,1569.6,205.6,1086.6,,,,,,,,,,,,,,,,,1722.7,3210.6,2207.2,2108.4,1398.6,,,1332.7,1239.1,2077.4,679.1,1605.3,,,3531.6,2616.0,2769.9,4557.0,3285.2,,,1811.1,1834.6,2616.0,2568.4,2616.0,,,2769.9,739.6,2665.4,2716.6,2943.0,,,1358.3,2278.5,3363.5,3005.6,2825.3,,,,,,,,,,,,,,,,,185.6,145.0,567.3,379.7,138.0,,,147.9,98.9,290.6,150.6,172.9,,,95.7,72.1,301.8,183.2,108.3,,,1130.1,981.0,941.7,1139.2,1371.5,,,539.1,370.7,517.4,759.5,767.7,,,109.7,166.5,118.0,654.0,415.4,,,,,,,,,,,,,,,,,717.0,1139.2,1642.6,1552.3,941.7,,,337.1,731.9,250.4,578.9,519.3,,,2047.3,1358.3,1962.0,1935.1,3210.6,,,1681.7,488.8,2108.4,1909.0,1187.1,,,1722.7,1177.2,1858.7,1962.0,2207.2,,,905.5,948.1,2478.3,2077.4,1744.0,,,,,,,,,,,,,,,,,9.8,26.3,51.7,19.2,30.0,,,24.2,71.7,139.4,52.0,46.0,,,92.6,148.8,743.5,98.7,444.2,,,381.8,666.3,1426.9,1038.7,675.9,,,57.8,80.8,72.5,391.3,226.7,,,265.5,265.5,495.6,449.8,551.8,,,,,,,,,,,,,,,,,,,,,,,,,,,,,,,,,,,,,,,,,,,,,,,,,,,,,,,,,,,,,,,,,,,,,,,,,,,,,,,,,,,,,,,,,,,,,,,,,,,,,,,,,,,,,,,,,,,,,,,,,,,,,,,,
20260929_広島_2R,20260929,62,広島,2,455.6,485.5,879.7,1356.5,387.1,,,186.2,68.3,64.2,213.3,140.8,,,280.7,99.8,168.2,317.3,246.8,,,610.6,108.6,199.8,458.0,564.1,,,756.1,228.4,216.4,298.1,546.7,,,151.7,188.8,251.3,501.9,776.0,,,,,,,,,,,,,,,,,1260.3,1217.1,2167.1,2575.4,906.6,,,981.8,653.3,602.3,1832.0,500.5,,,1003.9,710.8,965.7,1356.5,398.4,,,1777.0,655.7,1064.1,1996.7,871.1,,,2538.6,2434.3,1910.8,3011.9,1931.5,,,408.5,283.4,187.6,362.6,826.5,,,,,,,,,,,,,,,,,107.9,37.1,32.3,98.5,84.7,,,298.1,207.6,193.5,800.4,162.1,,,28.6,77.3,17.0,208.5,56.0,,,14.6,41.9,9.4,99.3,25.2,,,407.5,875.4,538.5,507.7,1146.4,,,107.1,50.4,87.0,59.6,600.3,,,,,,,,,,,,,,,,,278.9,84.6,136.2,283.8,250.9,,,482.8,300.1,465.2,782.8,243.7,,,47.6,124.9,27.0,313.9,93.0,,,128.1,273.8,51.6,415.2,240.4,,,576.9,971.0,818.9,906.6,1251.4,,,335.2,126.6,181.1,341.0,811.4,,,,,,,,,,,,,,,,,719.4,110.3,270.0,749.8,619.1,,,998.3,410.4,762.6,1676.4,725.3,,,44.7,105.6,32.2,235.0,60.3,,,225.8,488.2,69.7,696.8,271.3,,,1260.3,2652.3,875.4,1410.3,2066.3,,,830.4,546.7,165.7,440.9,1586.6,,,,,,,,,,,,,,,,,1242.7,472.6,541.7,501.9,1110.6,,,2221.3,2613.3,2249.4,3231.0,2193.9,,,1096.9,2733.9,1600.9,1410.3,2961.7,,,1045.3,2115.5,1676.4,1545.2,2401.4,,,1326.1,3626.6,1676.4,1870.5,3117.6,,,2776.6,2338.2,3173.3,2961.7,3290.8,,,,,,,,,,,,,,,,,106.9,153.3,182.6,270.0,639.2,,,58.0,36.6,35.5,63.3,339.7,,,86.0,43.4,76.9,54.4,776.0,,,227.8,77.3,129.3,181.8,822.7,,,310.1,141.1,93.4,221.3,1070.5,,,1676.4,987.2,1260.3,1505.9,1870.5,,,,,,,,,,,,,,,,,,,,,,,,,,,,,,,,,,,,,,,,,,,,,,,,,,,,,,,,,,,,,,,,,,,,,,,,,,,,,,,,,,,,,,,,,,,,,,,,,,,,,,,,,,,,,,,,,,,,,,,,,,,,,,,,
20260929_広島_3R,20260929,62,広島,3,215.7,91.0,68.1,847.6,381.2,,,136.4,84.8,26.0,567.3,64.5,,,90.9,125.2,48.0,383.3,220.0,,,21.6,11.7,9.6,128.3,26.4,,,3039.4,2065.6,1818.4,1229.8,2693.1,,,545.5,214.4,317.0,141.6,1150.0,,,,,,,,,,,,,,,,,793.8,373.9,326.8,2216.2,1258.9,,,901.5,481.3,578.1,2727.6,831.0,,,177.7,220.4,154.1,249.7,373.9,,,293.4,413.1,239.5,1399.7,879.1,,,5065.6,4727.9,1048.0,3799.2,6078.8,,,1916.7,1519.7,1355.1,1564.4,3175.5,,,,,,,,,,,,,,,,,191.8,57.8,20.9,510.2,40.7,,,394.7,228.7,252.6,1321.4,297.9,,,156.7,171.1,152.8,435.0,135.9,,,27.9,147.7,85.7,573.4,51.8,,,2875.1,4171.7,2727.6,3545.9,1951.9,,,35.5,152.5,50.6,43.6,409.9,,,,,,,,,,,,,,,,,252.9,298.3,146.3,654.6,508.9,,,109.1,131.0,113.2,147.8,192.0,,,287.1,226.0,291.4,770.8,245.3,,,148.1,168.9,268.2,568.8,435.9,,,1162.6,545.5,1202.0,1188.5,1355.1,,,954.0,525.3,451.7,844.2,1447.3,,,,,,,,,,,,,,,,,29.0,13.6,11.1,189.1,43.0,,,104.5,179.0,71.7,644.7,300.5,,,41.5,137.8,96.1,584.5,75.8,,,57.7,67.3,106.9,226.8,189.9,,,1274.0,2127.5,2363.9,1251.5,2763.0,,,200.5,477.0,175.8,379.9,1195.2,,,,,,,,,,,,,,,,,7879.9,5455.3,4342.0,4526.7,8864.9,,,6257.6,8183.0,1427.9,7091.9,9999.9,,,5598.9,9999.9,5909.9,8864.9,7336.5,,,3939.9,1329.7,4091.5,2532.8,7598.5,,,5455.3,8510.3,8510.3,3039.4,9999.9,,,9999.9,7598.5,8510.3,9999.9,9250.3,,,,,,,,,,,,,,,,,2085.8,699.8,1175.4,613.1,4091.5,,,2287.7,1587.7,1636.6,1866.3,4947.8,,,287.5,648.6,388.2,279.5,1119.7,,,1437.5,1850.0,1125.7,1662.1,2563.3,,,546.9,1636.6,467.6,1251.5,3431.5,,,7598.5,3799.2,3273.2,5750.2,7336.5,,,,,,,,,,,,,,,,,,,,,,,,,,,,,,,,,,,,,,,,,,,,,,,,,,,,,,,,,,,,,,,,,,,,,,,,,,,,,,,,,,,,,,,,,,,,,,,,,,,,,,,,,,,,,,,,,,,,,,,,,,,,,,,,
20260929_広島_4R,20260929,62,広島,4,692.8,85.2,187.2,1121.2,292.4,,,1591.9,1752.5,1295.3,1737.9,1782.4,,,96.1,551.7,126.5,1058.6,301.3,,,110.8,379.8,103.2,490.7,80.4,,,2242.4,1390.3,2397.1,1390.3,3258.5,,,491.8,1438.2,653.7,228.4,2195.2,,,,,,,,,,,,,,,,,611.5,66.5,138.9,906.7,277.3,,,1184.9,288.8,895.0,778.1,1091.8,,,10.0,41.0,8.9,59.9,15.0,,,137.9,452.3,65.8,606.2,142.2,,,1591.9,670.5,376.4,1047.9,1913.2,,,408.1,1002.6,121.6,272.9,2005.2,,,,,,,,,,,,,,,,,2543.2,2979.2,1668.3,2291.7,2343.2,,,1986.1,961.0,1522.2,1723.5,2218.5,,,2106.5,887.4,2291.7,2195.2,2453.5,,,1829.3,2606.8,3159.8,2744.0,1782.4,,,1303.4,1109.2,1489.6,1115.2,1390.3,,,4739.7,3791.7,3862.0,3310.2,3310.2,,,,,,,,,,,,,,,,,39.3,337.4,56.6,475.0,147.2,,,7.2,38.5,5.9,48.4,9.8,,,1053.2,364.5,847.7,910.6,1295.3,,,50.2,34.5,264.6,270.4,49.5,,,1121.2,428.2,898.9,1032.4,1381.1,,,277.6,104.1,736.9,167.7,1064.0,,,,,,,,,,,,,,,,,98.0,313.6,86.7,382.6,55.9,,,169.9,569.8,121.1,808.3,141.5,,,1064.0,1438.2,1629.2,1511.2,1271.6,,,108.6,96.4,525.3,635.8,93.8,,,993.0,1629.2,1363.0,1616.6,1103.4,,,82.7,103.8,371.0,147.2,565.1,,,,,,,,,,,,,,,,,3791.7,2780.6,3258.5,1604.2,6727.3,,,4170.9,1829.3,1074.9,3658.7,4634.4,,,1178.2,1171.6,1091.8,1372.0,1949.0,,,3475.8,906.7,2453.5,2937.2,5086.5,,,1862.0,3791.7,2937.2,3258.5,2453.5,,,6951.6,5958.5,4634.4,6951.6,3208.4,,,,,,,,,,,,,,,,,891.2,2482.7,895.0,288.4,3862.0,,,997.8,1845.5,411.3,538.8,3112.6,,,3934.8,3112.6,3159.8,3363.6,4256.0,,,868.9,501.3,2195.2,579.3,3022.4,,,208.7,366.5,1058.6,397.9,1489.6,,,6517.1,5086.5,2744.0,4437.1,3066.8,,,,,,,,,,,,,,,,,,,,,,,,,,,,,,,,,,,,,,,,,,,,,,,,,,,,,,,,,,,,,,,,,,,,,,,,,,,,,,,,,,,,,,,,,,,,,,,,,,,,,,,,,,,,,,,,,,,,,,,,,,,,,,,,
20260929_広島_5R,20260929,62,広島,5,1722.4,1350.2,714.4,2016.7,792.6,,,1713.1,1295.3,1220.8,3463.6,1024.6,,,812.8,808.7,463.8,2042.6,247.5,,,322.1,519.8,270.2,1129.9,84.7,,,4306.1,4306.1,3983.1,4306.1,3218.7,,,204.0,265.5,69.2,52.8,725.8,,,,,,,,,,,,,,,,,2244.0,1704.0,1005.2,2343.0,1409.9,,,2470.1,3251.5,804.6,1634.1,2633.4,,,2819.9,3285.0,2110.2,3540.5,2677.7,,,375.3,340.8,792.6,277.8,194.0,,,3426.3,1750.8,3839.1,968.5,3426.3,,,1031.2,1531.9,1694.9,377.9,1919.5,,,,,,,,,,,,,,,,,2470.1,1863.4,1601.2,3885.9,1416.2,,,2549.2,2746.9,1125.9,1770.2,2377.9,,,3124.0,3093.7,3285.0,5310.8,2677.7,,,1350.2,856.5,2029.6,2343.0,596.7,,,5310.8,2723.5,4033.5,3885.9,2509.0,,,1197.9,2055.8,1722.4,682.3,3983.1,,,,,,,,,,,,,,,,,2770.8,2395.8,1037.9,3154.9,581.4,,,3621.0,3933.9,3034.7,5057.9,2950.4,,,2700.4,4138.3,3540.5,5690.2,3463.6,,,951.1,2055.8,2896.8,4192.7,532.8,,,6373.0,7771.9,6248.0,8851.4,7586.9,,,583.6,2309.0,2377.9,538.2,3662.6,,,,,,,,,,,,,,,,,116.9,195.6,88.9,447.5,18.7,,,45.5,59.5,132.9,44.1,21.3,,,375.7,265.1,350.1,541.9,169.0,,,219.9,369.6,328.1,959.7,128.3,,,1197.9,365.0,812.8,1220.8,388.1,,,4.7,9.1,16.8,8.5,27.8,,,,,,,,,,,,,,,,,7966.2,8170.5,7966.2,7081.1,6638.5,,,5690.2,3501.6,5690.2,1874.4,7081.1,,,6503.0,4138.3,6373.0,5139.5,9372.1,,,9104.3,8385.5,6927.2,9957.8,8851.4,,,5057.9,1831.3,5057.9,5590.3,3063.9,,,5900.9,6503.0,7410.5,7081.1,2896.8,,,,,,,,,,,,,,,,,143.2,191.8,28.3,30.1,478.4,,,343.3,547.5,479.8,123.0,553.2,,,552.2,580.4,571.0,205.0,1305.9,,,95.5,456.5,377.9,113.4,882.6,,,11.0,18.1,31.2,14.8,44.2,,,2292.4,1831.3,929.0,2167.6,475.5,,,,,,,,,,,,,,,,,,,,,,,,,,,,,,,,,,,,,,,,,,,,,,,,,,,,,,,,,,,,,,,,,,,,,,,,,,,,,,,,,,,,,,,,,,,,,,,,,,,,,,,,,,,,,,,,,,,,,,,,,,,,,,,,
20260929_広島_6R,20260929,62,広島,6,519.8,191.0,40.1,187.2,851.4,,,1015.3,659.3,221.5,682.2,1880.6,,,159.3,370.3,21.1,73.8,558.8,,,10.1,51.6,3.9,3.8,65.0,,,107.1,245.2,42.3,12.2,300.3,,,2079.5,1626.1,1287.3,334.7,1201.5,,,,,,,,,,,,,,,,,4413.7,1984.1,825.4,1864.4,5149.4,,,6179.3,7724.1,3488.3,6976.6,9999.9,,,2544.4,6758.6,2962.6,4159.1,8010.2,,,978.6,5275.0,2808.7,2637.5,5029.6,,,3488.3,7457.7,4601.6,3089.6,9999.9,,,8318.3,9999.9,6976.6,8651.0,9999.9,,,,,,,,,,,,,,,,,5275.0,3794.3,1156.5,3003.8,5275.0,,,5149.4,6553.8,5149.4,8318.3,9999.9,,,5149.4,6361.0,6553.8,8651.0,8318.3,,,1451.5,4701.6,5029.6,3134.4,6976.6,,,5149.4,8318.3,9999.9,6758.6,2141.3,,,8651.0,9999.9,9830.7,9999.9,9999.9,,,,,,,,,,,,,,,,,1441.8,2772.7,290.3,632.3,4005.1,,,2514.8,4806.1,4806.1,4806.1,9403.3,,,5406.9,9830.7,7457.7,9403.3,9999.9,,,329.1,1578.6,3488.3,693.1,3488.3,,,1010.6,3545.5,7209.2,1070.6,6007.6,,,7724.1,9999.9,8651.0,7209.2,6007.6,,,,,,,,,,,,,,,,,15.9,77.0,9.6,8.6,85.0,,,108.5,1523.0,476.3,522.4,1897.1,,,420.7,2079.5,1614.0,1614.0,3276.9,,,54.5,344.3,965.5,166.8,1120.6,,,53.3,335.8,783.6,165.2,766.9,,,567.6,3046.1,4159.1,2637.5,2772.7,,,,,,,,,,,,,,,,,1025.0,2120.3,599.1,258.7,3134.4,,,2772.7,7209.2,3862.0,4005.1,9011.5,,,5275.0,9999.9,8010.2,5275.0,9999.9,,,1029.8,3862.0,7457.7,1049.8,5845.2,,,310.2,1931.0,3134.4,690.9,3488.3,,,6758.6,9999.9,9999.9,9999.9,9830.7,,,,,,,,,,,,,,,,,9403.3,6007.6,3862.0,1966.1,8651.0,,,9011.5,9830.7,9999.9,9830.7,9999.9,,,9999.9,9999.9,9999.9,9999.9,9999.9,,,7209.2,9999.9,9999.9,8318.3,9403.3,,,2808.7,9999.9,9999.9,9999.9,9999.9,,,9403.3,9999.9,2040.3,9999.9,8318.3,,,,,,,,,,,,,,,,,,,,,,,,,,,,,,,,,,,,,,,,,,,,,,,,,,,,,,,,,,,,,,,,,,,,,,,,,,,,,,,,,,,,,,,,,,,,,,,,,,,,,,,,,,,,,,,,,,,,,,,,,,,,,,,,
20260929_広島_7R,20260929,62,広島,7,5290.5,4966.6,4269.5,7157.7,3802.5,,,3333.7,891.4,613.0,1978.5,279.0,,,3288.6,1131.9,1611.6,2134.7,550.5,,,4506.7,866.0,1701.8,2295.8,538.4,,,5290.5,3333.7,3042.0,2797.2,1886.5,,,856.9,101.0,137.2,182.0,559.4,,,,,,,,,,,,,,,,,7374.6,6404.3,8112.1,6577.3,5530.9,,,8112.1,9013.4,7157.7,9999.9,6760.1,,,4771.8,7850.4,3578.8,4506.7,5408.0,,,7850.4,6760.1,6577.3,4680.0,5659.6,,,8691.5,9999.9,7374.6,6953.2,9999.9,,,4056.0,4966.6,3476.6,4269.5,6577.3,,,,,,,,,,,,,,,,,4345.7,981.3,775.0,2483.3,327.1,,,7374.6,7374.6,8391.8,9734.5,4771.8,,,1633.3,4867.2,2932.0,5794.3,1131.9,,,1035.5,5290.5,2409.5,4124.8,932.4,,,5408.0,9999.9,8112.1,7374.6,2561.7,,,163.1,2097.9,368.7,436.9,1137.2,,,,,,,,,,,,,,,,,3244.8,1802.6,3333.7,3042.0,827.7,,,5177.9,6760.1,7605.1,6760.1,6084.0,,,2192.4,7157.7,5530.9,8391.8,1521.0,,,3288.6,6240.0,6240.0,7374.6,3333.7,,,7374.6,6953.2,7157.7,9734.5,5794.3,,,414.5,1666.8,587.8,1018.2,1235.3,,,,,,,,,,,,,,,,,4771.8,1235.3,2561.7,2897.1,805.8,,,5530.9,7850.4,7157.7,8112.1,3527.0,,,1147.9,5530.9,4591.7,4591.7,1175.6,,,3862.9,6953.2,5408.0,6577.3,3288.6,,,5070.0,9999.9,7157.7,6760.1,3925.2,,,617.6,3004.4,853.9,1829.8,2295.8,,,,,,,,,,,,,,,,,7374.6,3042.0,4591.7,4680.0,2704.0,,,8691.5,9999.9,5935.7,9999.9,9999.9,,,4269.5,9999.9,9013.4,7850.4,6577.3,,,5530.9,5070.0,7374.6,5794.3,5290.5,,,5659.6,9999.9,7374.6,9360.1,4966.6,,,1978.5,6760.1,4424.7,4195.9,3989.5,,,,,,,,,,,,,,,,,79.8,3.8,5.1,11.7,44.1,,,412.4,596.4,555.6,737.4,1072.0,,,6.1,162.6,15.5,25.9,73.0,,,7.7,115.9,14.2,33.8,72.1,,,29.7,258.8,39.2,54.4,185.3,,,124.6,819.4,157.2,213.6,351.6,,,,,,,,,,,,,,,,,,,,,,,,,,,,,,,,,,,,,,,,,,,,,,,,,,,,,,,,,,,,,,,,,,,,,,,,,,,,,,,,,,,,,,,,,,,,,,,,,,,,,,,,,,,,,,,,,,,,,,,,,,,,,,,,
20260929_広島_8R,20260929,62,広島,8,221.0,360.4,770.7,510.6,509.4,,,49.3,30.9,58.1,33.2,76.9,,,277.7,122.0,336.2,241.5,269.3,,,607.0,160.2,265.8,395.7,608.8,,,314.2,122.9,216.8,387.5,291.0,,,607.0,265.8,374.8,794.6,537.3,,,,,,,,,,,,,,,,,196.1,484.2,984.7,709.6,740.2,,,98.4,136.1,162.0,426.0,146.3,,,412.4,259.5,727.2,676.9,368.8,,,1182.7,631.2,1156.1,1729.4,1345.1,,,1381.2,994.2,1182.7,2393.0,1595.3,,,415.7,247.6,436.0,547.3,879.5,,,,,,,,,,,,,,,,,21.5,11.4,21.4,12.2,35.4,,,46.6,42.6,74.0,119.3,70.6,,,20.6,30.3,42.8,40.8,39.9,,,27.8,50.4,27.3,28.0,54.0,,,42.9,113.8,44.7,95.4,64.7,,,71.8,96.4,52.9,113.0,73.7,,,,,,,,,,,,,,,,,371.4,152.6,457.3,392.7,348.2,,,434.1,262.5,727.2,663.8,372.8,,,85.1,127.0,142.0,218.9,149.3,,,605.3,931.2,331.4,1210.6,826.5,,,879.5,1088.9,629.3,1607.8,1029.0,,,434.1,426.9,274.4,727.2,742.9,,,,,,,,,,,,,,,,,813.4,212.3,475.2,643.1,813.4,,,1176.0,495.9,999.0,1789.5,1210.6,,,95.5,168.1,96.2,183.2,161.9,,,649.2,948.4,256.6,1100.5,843.4,,,1254.8,2638.5,695.2,1620.4,1789.5,,,1409.6,1381.2,543.0,1143.3,2058.0,,,,,,,,,,,,,,,,,1039.4,436.0,627.4,1182.7,816.6,,,1491.3,1345.1,1176.0,2940.0,2286.7,,,344.7,686.0,308.0,719.5,473.1,,,931.2,1409.6,906.6,2166.3,1262.5,,,1607.8,2638.5,1353.9,2365.5,3319.4,,,1390.5,2143.7,1294.3,1547.3,3026.5,,,,,,,,,,,,,,,,,890.9,432.3,571.6,1124.6,819.9,,,462.4,277.7,503.1,584.6,1050.0,,,294.0,337.3,232.8,368.1,408.3,,,566.9,522.3,305.7,836.5,816.6,,,1470.0,1559.1,727.2,1294.3,2312.3,,,1327.7,1700.8,927.0,1286.2,2479.5,,,,,,,,,,,,,,,,,,,,,,,,,,,,,,,,,,,,,,,,,,,,,,,,,,,,,,,,,,,,,,,,,,,,,,,,,,,,,,,,,,,,,,,,,,,,,,,,,,,,,,,,,,,,,,,,,,,,,,,,,,,,,,,,
20260929_広島_9R,20260929,62,広島,9,1591.3,2323.6,309.2,1509.0,924.5,,,2574.1,5148.3,1509.0,3805.3,2823.3,,,3698.1,5967.4,2244.1,5470.1,3241.5,,,162.8,465.5,587.4,287.9,237.8,,,1544.5,1750.4,2477.0,533.6,2283.2,,,1209.9,2169.9,1989.1,603.6,2885.3,,,,,,,,,,,,,,,,,881.1,927.8,186.2,781.4,337.9,,,763.2,752.3,363.1,817.9,270.9,,,1080.5,1098.6,452.7,1353.4,378.8,,,38.1,130.5,149.1,107.6,43.6,,,820.5,951.3,1630.8,373.4,709.6,,,120.6,122.5,84.0,65.7,367.2,,,,,,,,,,,,,,,,,1774.1,2823.3,921.2,2323.6,1396.6,,,1009.8,1076.0,448.8,1204.4,282.0,,,3646.7,1427.0,1620.7,3409.9,569.5,,,187.9,256.1,663.0,312.5,121.1,,,2004.3,1346.5,2344.3,567.1,478.2,,,287.5,180.9,90.2,107.4,359.1,,,,,,,,,,,,,,,,,2983.7,5708.0,2365.4,3500.9,2854.0,,,2169.9,2244.1,1544.5,3698.1,1089.4,,,6251.6,2917.4,2524.6,5708.0,1193.4,,,1601.0,1450.6,2152.1,2152.1,998.3,,,7096.4,5834.8,4954.1,2950.2,3548.2,,,2169.9,921.2,779.1,815.4,3323.6,,,,,,,,,,,,,,,,,10.9,55.6,105.5,28.2,17.6,,,14.2,72.1,127.6,51.1,23.8,,,74.4,107.3,335.3,130.5,52.3,,,352.9,364.1,641.9,567.1,300.4,,,21.3,47.8,89.4,222.5,34.1,,,26.2,30.3,37.3,44.6,53.8,,,,,,,,,,,,,,,,,1353.4,2117.4,2983.7,473.9,1888.9,,,965.3,1319.4,1738.8,524.0,1112.5,,,1526.5,1491.8,2100.5,637.3,426.2,,,3596.8,2549.2,3918.9,1974.1,3125.8,,,112.7,212.2,262.5,598.1,147.5,,,1156.6,1089.4,531.5,707.7,420.7,,,,,,,,,,,,,,,,,347.7,371.9,376.7,242.2,908.5,,,165.5,80.0,86.6,70.1,459.0,,,128.2,50.4,22.6,34.7,133.8,,,196.6,84.0,52.0,93.5,492.6,,,48.4,58.5,40.2,50.3,88.2,,,852.4,731.3,292.7,442.7,283.2,,,,,,,,,,,,,,,,,,,,,,,,,,,,,,,,,,,,,,,,,,,,,,,,,,,,,,,,,,,,,,,,,,,,,,,,,,,,,,,,,,,,,,,,,,,,,,,,,,,,,,,,,,,,,,,,,,,,,,,,,,,,,,,,
20260929_広島_10R,20260929,62,広島,10,385.2,102.0,151.1,760.4,276.1,,,643.4,252.3,497.2,469.3,1272.8,,,29.4,59.9,21.6,71.0,125.3,,,110.4,338.4,53.3,576.8,381.4,,,873.9,544.6,358.1,813.2,1463.7,,,738.8,1935.6,861.0,914.8,1059.7,,,,,,,,,,,,,,,,,661.6,143.1,179.1,830.5,385.8,,,1045.5,508.0,498.3,802.0,873.9,,,97.9,245.7,73.4,379.5,153.0,,,80.7,118.2,37.6,235.3,44.3,,,1338.3,1000.8,690.8,799.3,1089.3,,,408.7,669.1,243.7,143.6,818.9,,,,,,,,,,,,,,,,,890.5,398.9,830.5,750.6,1661.0,,,933.0,498.3,551.0,690.8,775.5,,,328.0,421.9,455.6,396.2,940.5,,,818.9,537.1,523.9,589.9,1279.8,,,406.6,403.8,272.3,373.5,788.5,,,2755.3,1774.3,1968.1,2129.1,2661.4,,,,,,,,,,,,,,,,,11.9,30.0,9.1,50.7,73.0,,,34.4,122.1,42.5,209.1,83.7,,,99.1,169.7,217.0,246.7,344.4,,,14.6,23.9,85.6,175.3,130.2,,,131.5,340.9,239.9,273.9,796.6,,,332.2,346.9,918.4,600.5,1301.1,,,,,,,,,,,,,,,,,75.6,261.6,39.4,455.6,281.1,,,46.0,70.6,17.9,188.4,26.3,,,390.3,210.0,222.4,369.4,505.8,,,21.1,26.4,84.8,249.4,131.6,,,772.9,365.9,364.2,336.5,718.4,,,848.5,232.1,1109.9,498.3,1491.7,,,,,,,,,,,,,,,,,918.4,793.9,387.7,1079.2,1844.1,,,988.2,466.5,414.5,548.4,656.0,,,390.3,292.7,181.6,249.1,585.5,,,323.4,414.5,319.5,434.5,1226.2,,,1074.3,518.1,707.5,562.9,1919.7,,,3298.7,2054.4,2755.3,2545.7,3495.6,,,,,,,,,,,,,,,,,1394.0,3208.3,1491.7,1684.9,4108.9,,,988.2,1454.7,775.5,527.4,1904.1,,,3444.2,2273.8,2964.6,2602.3,4592.3,,,1463.7,1084.2,2091.1,1551.0,3252.8,,,1858.7,634.7,2091.1,1593.2,4684.1,,,4592.3,2821.7,2723.3,4879.3,4592.3,,,,,,,,,,,,,,,,,,,,,,,,,,,,,,,,,,,,,,,,,,,,,,,,,,,,,,,,,,,,,,,,,,,,,,,,,,,,,,,,,,,,,,,,,,,,,,,,,,,,,,,,,,,,,,,,,,,,,,,,,,,,,,,,
20260929_広島_11R,20260929,62,広島,11,584.3,139.9,255.9,443.7,317.9,,,852.0,682.6,1187.3,2508.1,858.5,,,63.9,275.2,179.2,547.1,182.5,,,348.2,836.0,415.6,1282.8,1174.8,,,1891.7,3434.2,1814.8,2480.2,3100.3,,,444.6,958.0,404.3,1468.5,2480.2,,,,,,,,,,,,,,,,,276.6,99.8,71.5,176.6,309.6,,,283.6,106.2,55.7,138.3,114.7,,,75.8,90.3,28.1,52.3,93.5,,,25.6,17.2,7.9,9.0,14.8,,,286.1,215.0,107.5,44.3,208.8,,,328.7,151.0,114.8,88.1,153.8,,,,,,,,,,,,,,,,,693.2,592.1,900.0,1518.5,604.9,,,260.7,139.4,90.4,165.9,113.4,,,526.4,168.4,348.7,1088.8,261.3,,,510.8,116.5,311.3,695.4,221.6,,,2301.2,1261.1,2825.6,1488.1,1206.6,,,216.7,66.7,137.4,147.5,356.5,,,,,,,,,,,,,,,,,54.7,210.5,146.2,437.6,178.4,,,91.1,125.0,46.1,92.3,124.4,,,338.2,203.8,454.6,1247.0,279.0,,,252.5,77.1,458.3,543.1,454.6,,,1440.1,641.4,2086.2,1174.8,1605.9,,,437.6,263.8,362.9,555.2,1057.9,,,,,,,,,,,,,,,,,280.4,570.9,336.1,1038.2,861.8,,,55.7,38.5,21.0,26.0,22.0,,,467.9,122.6,295.2,647.0,208.8,,,299.2,94.1,324.4,479.0,360.6,,,1528.9,280.4,829.8,962.1,1127.3,,,662.3,96.2,238.9,405.1,666.3,,,,,,,,,,,,,,,,,2899.0,5073.2,3916.2,4376.9,5073.2,,,1665.8,1629.3,865.2,527.7,1678.3,,,4211.7,2232.2,3487.8,3100.3,3331.7,,,4292.7,1508.2,4292.7,3100.3,3659.4,,,2861.8,691.0,2755.8,2210.1,3057.8,,,5874.3,2565.7,3600.3,4292.7,4133.7,,,,,,,,,,,,,,,,,741.6,761.8,682.6,1440.1,1717.1,,,524.0,207.2,189.9,164.4,259.5,,,295.6,120.7,210.5,233.2,676.4,,,704.1,433.4,402.2,974.7,1653.5,,,1488.1,188.0,413.3,945.8,1617.5,,,3543.2,1757.6,1891.7,3016.5,3016.5,,,,,,,,,,,,,,,,,,,,,,,,,,,,,,,,,,,,,,,,,,,,,,,,,,,,,,,,,,,,,,,,,,,,,,,,,,,,,,,,,,,,,,,,,,,,,,,,,,,,,,,,,,,,,,,,,,,,,,,,,,,,,,,,
20260929_広島_12R,20260929,62,広島,12,374.6,236.0,268.4,317.1,511.5,,,272.3,78.7,46.2,202.0,244.9,,,54.9,32.6,9.7,28.5,10.6,,,83.6,25.4,19.4,66.7,73.9,,,134.6,218.2,70.6,79.6,346.7,,,707.5,471.7,111.9,262.4,559.9,,,,,,,,,,,,,,,,,1446.5,816.2,1321.7,1041.5,1846.7,,,1363.2,1578.1,1013.1,1257.9,3471.8,,,856.5,1597.4,1321.7,1049.9,1462.8,,,1222.4,1058.4,1216.7,1137.0,2304.3,,,609.8,796.2,556.3,604.1,975.2,,,2712.3,4413.3,2603.8,3667.4,2410.9,,,,,,,,,,,,,,,,,417.2,123.3,77.7,307.0,403.0,,,711.4,946.8,550.5,649.3,1531.6,,,145.4,659.2,118.0,415.9,385.1,,,43.0,155.3,55.7,134.7,223.1,,,474.2,606.9,582.5,332.9,1178.2,,,940.0,2134.3,920.0,926.6,1771.3,,,,,,,,,,,,,,,,,67.8,44.8,17.7,29.8,11.7,,,267.8,920.0,701.8,660.8,735.5,,,113.6,729.3,216.4,579.9,244.9,,,50.9,404.9,164.4,348.5,185.0,,,104.6,380.6,579.9,349.0,201.5,,,55.9,595.8,255.7,276.1,241.0,,,,,,,,,,,,,,,,,174.6,49.2,47.6,142.7,179.9,,,482.1,460.8,633.5,586.4,1152.1,,,44.6,136.1,53.9,117.7,224.8,,,70.2,422.0,102.4,319.1,225.0,,,217.8,435.4,263.0,363.6,756.9,,,582.5,1321.7,683.4,591.7,1075.9,,,,,,,,,,,,,,,,,218.2,413.3,96.7,123.4,628.9,,,155.4,280.2,128.6,133.3,289.9,,,511.5,789.0,628.9,294.8,1658.5,,,121.6,212.0,452.0,225.6,269.5,,,184.6,288.6,268.7,263.8,735.5,,,1454.6,1430.6,2830.2,1080.4,1669.1,,,,,,,,,,,,,,,,,2034.2,2050.2,423.3,1041.5,2367.1,,,2630.1,4413.3,2830.2,3471.8,2925.6,,,2244.7,5105.6,2134.3,2050.2,5424.7,,,330.4,2083.0,1735.9,862.2,1531.6,,,1257.9,3254.8,1735.9,735.5,3566.9,,,2552.8,2603.8,3254.8,2002.9,3338.2,,,,,,,,,,,,,,,,,,,,,,,,,,,,,,,,,,,,,,,,,,,,,,,,,,,,,,,,,,,,,,,,,,,,,,,,,,,,,,,,,,,,,,,,,,,,,,,,,,,,,,,,,,,,,,,,,,,,,,,,,,,,,,,,
20260929_防府_1R,20260929,63,防府,1,1416.5,1844.3,1416.5,1380.9,869.6,,,1154.6,765.4,241.9,1189.6,193.3,,,1394.9,872.4,681.9,1844.3,167.9,,,613.4,95.4,330.3,652.7,82.5,,,626.0,1290.2,1844.3,950.9,785.1,,,220.3,82.7,19.2,44.8,258.2,,,,,,,,,,,,,,,,,2833.1,3392.7,2720.9,1807.9,1423.9,,,2592.5,2568.3,892.2,1501.7,1561.4,,,3351.3,3271.5,3195.5,1761.6,2050.8,,,1844.3,711.9,2892.7,1321.2,1126.2,,,995.7,813.0,916.0,693.9,506.1,,,928.4,1380.9,1094.8,1086.2,1135.5,,,,,,,,,,,,,,,,,1077.7,711.9,202.0,1194.8,210.9,,,1501.7,1509.9,516.5,1140.3,886.4,,,1117.1,1685.9,499.6,2130.3,539.9,,,87.3,126.1,131.5,193.5,34.4,,,1552.6,1103.6,2410.6,542.0,1184.5,,,160.8,407.7,212.7,71.2,794.2,,,,,,,,,,,,,,,,,1856.8,1518.3,880.8,2431.9,257.5,,,2642.4,3019.9,2642.4,1949.0,1367.2,,,1882.2,2923.5,957.5,3523.2,785.1,,,974.5,2369.0,710.1,2216.2,414.5,,,3233.1,2181.0,3982.8,2775.9,1761.6,,,126.5,596.1,352.3,283.6,803.5,,,,,,,,,,,,,,,,,322.5,73.9,117.5,409.5,31.8,,,532.5,259.9,594.8,418.9,322.5,,,29.2,57.0,47.1,76.6,11.0,,,273.9,579.7,187.9,688.7,121.7,,,584.7,275.0,265.5,817.8,221.4,,,26.1,122.7,16.6,21.1,149.4,,,,,,,,,,,,,,,,,1130.9,1616.5,2097.8,1353.7,704.6,,,469.7,244.2,292.3,246.9,170.7,,,1387.9,875.2,1243.5,606.6,1044.9,,,2720.9,1321.2,2642.4,2775.9,1278.2,,,817.8,601.3,483.8,1501.7,495.1,,,375.9,231.7,401.7,316.6,318.8,,,,,,,,,,,,,,,,,75.7,38.2,11.6,19.9,109.3,,,232.3,517.5,248.4,330.7,561.9,,,68.9,264.7,90.7,50.2,430.7,,,19.7,82.8,60.7,38.9,113.3,,,25.7,138.6,24.5,32.2,183.6,,,320.6,396.5,547.4,310.5,371.3,,,,,,,,,,,,,,,,,,,,,,,,,,,,,,,,,,,,,,,,,,,,,,,,,,,,,,,,,,,,,,,,,,,,,,,,,,,,,,,,,,,,,,,,,,,,,,,,,,,,,,,,,,,,,,,,,,,,,,,,,,,,,,,,
20260929_防府_2R,20260929,63,防府,2,977.2,570.9,122.7,675.8,283.5,,,1106.8,3099.1,404.7,911.5,2085.9,,,1129.9,2613.7,559.1,2085.9,1708.2,,,35.0,104.6,68.1,60.6,26.8,,,616.3,737.9,1583.5,241.8,1004.3,,,286.2,1299.0,995.1,178.9,939.1,,,,,,,,,,,,,,,,,900.1,258.2,142.9,688.7,173.6,,,1299.0,885.4,919.2,1232.6,761.2,,,188.9,458.6,151.6,351.6,92.9,,,73.9,398.0,79.8,232.5,56.2,,,800.5,1048.0,486.4,443.6,437.3,,,93.3,316.2,50.4,59.2,225.5,,,,,,,,,,,,,,,,,1823.0,2307.9,647.5,1390.6,1763.7,,,1792.9,1399.6,1390.6,1465.8,1549.5,,,3499.0,1854.2,3190.3,2817.4,3389.7,,,530.4,1004.3,1823.0,995.1,943.2,,,1172.6,1160.1,1838.4,1141.8,1276.1,,,2332.7,1919.8,2781.3,959.9,2522.5,,,,,,,,,,,,,,,,,1903.0,5562.6,1792.9,3237.9,3287.0,,,1028.1,1506.5,684.3,1028.1,493.0,,,4427.4,2678.3,4253.7,3337.5,3806.0,,,1141.8,878.3,3873.9,2191.3,1246.7,,,3873.9,1735.5,3287.0,2746.1,2817.4,,,2892.5,667.5,3873.9,1631.1,2522.5,,,,,,,,,,,,,,,,,6.4,34.9,17.6,20.4,7.4,,,22.2,107.5,28.3,67.9,12.3,,,197.0,240.7,604.2,249.6,246.2,,,196.5,146.1,791.7,566.4,266.8,,,105.7,142.8,285.4,348.7,147.1,,,31.0,14.0,136.6,95.4,86.0,,,,,,,,,,,,,,,,,563.4,986.1,1004.3,268.4,737.9,,,605.9,837.6,459.6,451.0,484.2,,,990.6,986.1,1347.4,1053.1,1631.1,,,1560.7,806.4,1990.3,1436.7,1606.9,,,93.2,342.7,699.8,677.9,262.9,,,766.5,443.6,1583.5,1268.6,481.0,,,,,,,,,,,,,,,,,326.7,1399.6,847.4,164.8,939.1,,,140.4,487.5,47.3,65.4,380.6,,,2046.6,1436.7,2358.0,1232.6,1972.2,,,1101.2,340.5,2383.9,766.5,1854.2,,,79.0,56.7,459.6,225.5,308.1,,,1330.9,871.2,2066.1,1583.5,742.9,,,,,,,,,,,,,,,,,,,,,,,,,,,,,,,,,,,,,,,,,,,,,,,,,,,,,,,,,,,,,,,,,,,,,,,,,,,,,,,,,,,,,,,,,,,,,,,,,,,,,,,,,,,,,,,,,,,,,,,,,,,,,,,,
20260929_防府_3R,20260929,63,防府,3,1724.0,765.6,686.4,812.4,872.0,,,2214.2,925.6,1711.0,3422.0,892.6,,,591.2,486.7,608.7,948.9,553.5,,,765.6,1764.4,961.0,952.9,903.4,,,3226.4,3528.9,2566.5,5133.0,2481.8,,,1505.6,855.5,929.4,1998.6,2281.3,,,,,,,,,,,,,,,,,1360.5,406.9,435.1,509.8,676.2,,,1091.0,397.6,301.5,617.0,218.2,,,289.1,445.4,268.2,345.3,393.4,,,243.9,176.7,109.1,70.7,168.0,,,872.0,798.0,524.0,322.6,760.4,,,1118.0,289.5,541.6,455.3,990.5,,,,,,,,,,,,,,,,,464.7,313.6,344.2,1624.8,321.2,,,388.0,154.3,79.1,325.9,93.2,,,67.8,117.0,83.8,494.2,46.2,,,271.4,24.3,56.2,265.7,40.4,,,1981.1,977.7,1495.7,1112.5,638.0,,,63.3,15.5,8.6,9.3,112.8,,,,,,,,,,,,,,,,,137.9,86.0,157.9,474.4,115.7,,,194.7,238.4,190.7,388.0,232.3,,,96.1,191.8,165.5,921.8,80.5,,,187.4,150.8,184.3,544.2,381.5,,,1214.2,918.1,1660.6,1515.7,1377.1,,,159.5,197.5,76.6,319.9,618.7,,,,,,,,,,,,,,,,,1075.4,1140.6,672.1,2072.0,1648.5,,,201.4,46.7,44.2,28.6,111.2,,,632.6,46.0,110.3,422.1,76.1,,,171.6,106.6,153.7,480.5,321.7,,,1711.0,300.7,1091.0,798.0,1313.0,,,773.4,196.7,91.1,259.6,812.4,,,,,,,,,,,,,,,,,4033.0,4909.8,5018.9,5943.4,5018.9,,,2481.8,2236.1,1268.8,1140.6,2537.6,,,5018.9,3273.2,4343.3,2971.7,2034.7,,,3011.3,1546.9,3828.0,3962.3,4705.2,,,1981.1,1268.8,3093.8,3702.5,4182.4,,,4805.3,3052.0,1914.0,4909.8,4805.3,,,,,,,,,,,,,,,,,855.5,218.8,304.3,957.0,1201.3,,,699.2,132.0,292.9,281.6,632.6,,,59.7,21.8,10.7,15.1,143.0,,,128.1,187.7,37.8,187.2,537.7,,,544.2,168.2,66.9,178.6,770.8,,,1685.4,1590.5,639.8,1505.6,1711.0,,,,,,,,,,,,,,,,,,,,,,,,,,,,,,,,,,,,,,,,,,,,,,,,,,,,,,,,,,,,,,,,,,,,,,,,,,,,,,,,,,,,,,,,,,,,,,,,,,,,,,,,,,,,,,,,,,,,,,,,,,,,,,,,
20260929_防府_4R,20260929,63,防府,4,139.6,110.7,81.1,262.1,233.8,,,84.5,158.9,25.9,466.7,41.9,,,108.0,244.1,100.8,587.7,303.3,,,14.3,5.2,19.5,103.8,11.9,,,1139.7,1289.3,1983.5,685.3,1910.1,,,149.5,46.0,269.6,45.4,908.7,,,,,,,,,,,,,,,,,636.7,365.1,322.3,721.3,828.4,,,704.0,893.0,750.1,1001.4,739.4,,,253.1,452.3,477.5,221.5,734.1,,,373.7,825.1,845.4,1103.1,941.9,,,855.9,1139.7,467.7,1021.2,1516.8,,,870.4,799.5,1080.0,977.6,1733.5,,,,,,,,,,,,,,,,,175.8,317.3,32.6,671.9,48.0,,,394.4,551.5,400.5,825.1,300.7,,,665.4,625.1,835.1,1793.8,397.4,,,56.0,200.4,406.8,734.1,87.2,,,1964.6,1983.5,3381.8,1574.7,987.0,,,36.4,100.0,156.8,48.5,357.5,,,,,,,,,,,,,,,,,223.2,473.1,233.8,1384.5,933.4,,,190.4,323.8,465.6,155.2,551.5,,,584.3,589.4,1313.9,1892.5,671.9,,,587.7,852.4,1484.1,3078.9,1562.8,,,2426.9,805.8,2714.3,3223.3,3496.4,,,889.1,594.5,606.7,1330.9,2905.5,,,,,,,,,,,,,,,,,25.2,11.9,55.4,161.9,21.2,,,150.7,369.0,431.5,694.5,401.3,,,49.2,191.9,366.4,615.7,104.6,,,285.3,646.6,863.1,1983.5,866.7,,,769.7,1704.8,1452.7,2515.7,1637.2,,,57.9,240.4,104.9,444.5,1021.2,,,,,,,,,,,,,,,,,3033.7,4484.6,4484.6,2825.9,6654.6,,,2865.1,3327.3,790.3,3274.4,6067.4,,,4584.2,4688.4,7367.5,3223.3,4484.6,,,3967.1,1021.2,6446.6,5031.5,7113.5,,,1452.7,2947.0,3967.1,6446.6,7640.4,,,5575.4,6067.4,4688.4,7640.4,6446.6,,,,,,,,,,,,,,,,,209.2,85.6,405.2,72.1,1185.5,,,452.3,367.7,553.0,475.3,787.3,,,48.9,93.3,176.3,69.7,399.7,,,553.0,385.5,484.2,889.1,1964.6,,,91.0,342.1,128.0,550.1,1313.9,,,2105.0,2947.0,1562.8,2578.6,2171.5,,,,,,,,,,,,,,,,,,,,,,,,,,,,,,,,,,,,,,,,,,,,,,,,,,,,,,,,,,,,,,,,,,,,,,,,,,,,,,,,,,,,,,,,,,,,,,,,,,,,,,,,,,,,,,,,,,,,,,,,,,,,,,,,
20260929_防府_5R,20260929,63,防府,5,399.0,38.4,244.2,118.8,110.2,,,1016.1,1233.9,1279.6,1448.1,1003.5,,,33.8,528.0,183.3,152.9,125.1,,,333.1,689.0,283.5,530.3,168.5,,,93.4,337.7,123.0,270.2,117.8,,,141.4,203.5,167.1,150.4,286.8,,,,,,,,,,,,,,,,,616.9,49.7,351.5,312.4,185.6,,,1259.6,634.7,1314.3,2493.2,1099.2,,,19.4,168.1,39.3,138.7,24.4,,,303.4,673.6,112.4,941.0,166.9,,,785.2,2493.2,523.4,1804.8,1209.2,,,243.0,426.5,103.2,186.3,895.7,,,,,,,,,,,,,,,,,2348.0,2519.2,1818.3,3358.9,1934.7,,,2779.8,1381.9,1966.2,3964.6,1691.2,,,2519.2,1185.5,1328.8,5038.4,1483.7,,,1511.5,1934.7,1439.5,3778.8,585.5,,,4935.6,5898.6,5898.6,5758.2,2628.7,,,1904.2,1431.0,1366.3,528.0,3838.8,,,,,,,,,,,,,,,,,31.9,357.7,127.0,214.0,92.2,,,11.2,101.4,19.0,122.7,12.6,,,482.7,479.8,648.3,2032.3,543.4,,,86.3,40.3,237.1,447.0,38.2,,,753.4,552.1,2032.3,1389.9,1185.5,,,86.3,41.1,125.3,46.9,545.9,,,,,,,,,,,,,,,,,386.9,713.4,281.8,650.1,206.1,,,245.2,395.1,92.2,854.5,102.5,,,839.7,808.8,715.5,1691.2,299.6,,,132.0,57.4,253.2,544.6,61.0,,,1982.3,2121.4,3061.3,2198.5,1191.3,,,64.3,37.9,25.7,36.3,311.6,,,,,,,,,,,,,,,,,780.1,1739.8,975.1,1540.4,1051.5,,,1389.9,5257.5,1024.7,3778.8,2985.7,,,4397.1,7113.1,4650.8,6909.8,6717.9,,,1739.8,1168.3,3964.6,3224.6,4169.7,,,1846.1,4742.0,7328.6,3838.8,3556.5,,,2812.1,3609.6,3556.5,4478.6,3609.6,,,,,,,,,,,,,,,,,249.3,246.2,252.9,148.3,533.8,,,290.3,252.4,109.2,127.3,1003.5,,,282.8,250.6,325.9,75.9,944.7,,,222.0,77.1,156.7,86.6,895.7,,,49.7,37.4,15.8,42.2,358.8,,,1679.4,2348.0,1492.8,2493.2,1266.2,,,,,,,,,,,,,,,,,,,,,,,,,,,,,,,,,,,,,,,,,,,,,,,,,,,,,,,,,,,,,,,,,,,,,,,,,,,,,,,,,,,,,,,,,,,,,,,,,,,,,,,,,,,,,,,,,,,,,,,,,,,,,,,,
20260929_防府_6R,20260929,63,防府,6,1691.3,2008.4,1922.5,3307.9,1906.2,,,1939.1,969.5,747.3,2710.1,355.9,,,2367.8,1147.6,1785.2,2811.7,1159.5,,,1183.9,432.5,789.2,1814.0,533.0,,,4590.6,3460.6,4590.6,5767.7,4244.2,,,1183.9,323.6,815.0,542.0,2471.9,,,,,,,,,,,,,,,,,2445.0,1874.5,2162.9,4165.6,1678.6,,,1530.2,606.3,1371.6,2646.3,288.3,,,747.3,389.1,896.1,256.7,352.0,,,1653.9,1606.7,1814.0,4686.3,1691.3,,,4498.8,3570.5,1136.0,6079.5,3213.4,,,826.9,216.7,350.3,910.7,1890.2,,,,,,,,,,,,,,,,,754.8,381.9,252.7,1346.9,95.3,,,800.5,400.9,657.7,1906.2,147.3,,,393.2,345.5,502.1,925.6,103.4,,,213.4,631.8,436.7,1263.7,72.7,,,2847.3,3687.5,2393.0,3514.7,603.0,,,10.0,12.3,11.2,10.1,91.9,,,,,,,,,,,,,,,,,1540.7,1066.0,1584.1,1828.8,1022.4,,,667.4,411.9,871.8,289.1,400.9,,,903.3,783.7,1397.1,1460.6,304.8,,,1270.8,1653.9,1785.2,3213.4,1451.2,,,2418.7,823.9,2063.6,3357.3,1785.2,,,718.6,460.9,241.0,949.1,1027.1,,,,,,,,,,,,,,,,,889.1,333.2,529.2,1285.3,325.5,,,2162.9,2367.8,1990.6,3812.5,1859.0,,,514.7,1717.1,1119.1,2999.2,259.4,,,1606.7,2615.6,1509.6,3357.3,1906.2,,,3946.3,4890.0,3946.3,3878.3,4016.8,,,454.4,1331.0,278.0,1086.6,2921.3,,,,,,,,,,,,,,,,,6615.9,4786.0,6079.5,9372.6,6079.5,,,5112.3,6248.4,1202.9,8331.2,4498.8,,,4786.0,7756.6,5231.2,7756.6,2811.7,,,5919.5,1460.6,4686.3,7498.1,4890.0,,,2615.6,7256.2,6816.4,6615.9,6615.9,,,4890.0,3213.4,2527.4,3460.6,8331.2,,,,,,,,,,,,,,,,,276.0,78.5,233.1,151.8,716.3,,,257.0,71.9,80.4,280.8,590.4,,,7.2,7.2,5.9,6.8,86.4,,,203.2,107.8,61.5,267.1,301.9,,,118.3,348.2,55.7,262.4,941.1,,,1717.1,1630.0,481.6,1051.1,2183.9,,,,,,,,,,,,,,,,,,,,,,,,,,,,,,,,,,,,,,,,,,,,,,,,,,,,,,,,,,,,,,,,,,,,,,,,,,,,,,,,,,,,,,,,,,,,,,,,,,,,,,,,,,,,,,,,,,,,,,,,,,,,,,,,
20260929_防府_7R,20260929,63,防府,7,729.6,1281.5,1487.8,856.7,811.1,,,607.5,387.5,341.9,772.1,206.3,,,1265.5,449.1,1016.6,1386.3,266.3,,,1666.6,499.1,1125.4,2046.9,709.3,,,1117.2,1109.0,1783.6,2364.3,1314.6,,,499.1,164.1,185.9,438.2,569.0,,,,,,,,,,,,,,,,,548.5,959.1,1097.1,363.5,562.7,,,182.4,234.4,121.9,93.5,124.2,,,639.4,449.1,884.0,311.2,294.1,,,824.3,157.8,844.8,332.9,668.8,,,78.2,61.1,79.0,138.9,77.9,,,233.3,325.1,472.1,587.6,303.1,,,,,,,,,,,,,,,,,190.5,92.7,53.1,191.7,45.0,,,100.5,107.9,54.6,93.8,76.5,,,57.2,98.0,40.2,220.8,29.4,,,23.4,31.0,25.1,59.1,12.4,,,219.8,145.6,312.8,185.7,196.9,,,18.9,69.0,27.3,20.8,110.4,,,,,,,,,,,,,,,,,881.5,317.3,758.7,734.9,195.2,,,726.1,526.7,907.7,445.2,445.9,,,172.6,259.3,139.2,294.6,80.9,,,589.9,840.2,274.0,1093.1,374.2,,,736.7,747.5,441.3,1210.3,367.9,,,43.6,173.3,48.8,174.0,173.7,,,,,,,,,,,,,,,,,1355.5,411.6,1000.0,1517.4,699.5,,,990.2,221.4,956.1,392.0,802.6,,,71.7,65.9,88.0,120.4,63.7,,,897.0,1113.1,326.9,1648.6,576.5,,,1639.7,751.2,603.9,1742.8,1466.3,,,360.5,753.0,211.0,527.6,1309.0,,,,,,,,,,,,,,,,,714.2,1138.0,1502.4,2178.5,1182.1,,,211.0,166.0,149.4,323.0,199.4,,,556.5,318.3,439.4,625.0,382.2,,,760.5,425.9,464.2,1309.0,378.4,,,1392.6,764.4,768.2,1343.6,1349.5,,,642.1,544.6,451.8,431.4,1367.7,,,,,,,,,,,,,,,,,155.4,54.9,50.4,162.8,163.8,,,225.4,344.2,406.1,639.4,302.2,,,53.0,172.7,67.3,92.8,302.8,,,31.9,189.0,48.0,150.5,203.8,,,233.7,578.7,162.6,291.8,938.4,,,376.5,479.5,572.2,520.4,1343.6,,,,,,,,,,,,,,,,,,,,,,,,,,,,,,,,,,,,,,,,,,,,,,,,,,,,,,,,,,,,,,,,,,,,,,,,,,,,,,,,,,,,,,,,,,,,,,,,,,,,,,,,,,,,,,,,,,,,,,,,,,,,,,,,
20260929_武雄_1R,20260929,84,武雄,1,470.3,368.2,395.3,1275.1,530.3,,,169.4,29.4,84.5,336.8,66.8,,,84.8,12.5,26.9,155.9,23.8,,,217.5,176.4,111.5,543.3,207.5,,,1108.5,680.8,579.0,838.8,865.1,,,255.6,77.0,58.7,161.9,460.5,,,,,,,,,,,,,,,,,915.3,704.8,540.7,1823.2,848.4,,,1155.0,1297.6,1167.2,2162.8,1345.1,,,594.6,1086.7,585.1,1511.0,848.4,,,269.6,557.0,360.4,367.0,282.8,,,1671.2,2372.1,1838.4,811.0,1696.9,,,668.5,1114.1,720.9,413.1,1441.8,,,,,,,,,,,,,,,,,252.9,43.5,158.0,602.7,119.2,,,666.4,539.3,766.0,1885.5,851.7,,,65.3,450.2,389.7,950.8,271.6,,,392.5,552.9,646.9,1610.2,676.7,,,1490.5,2206.0,1710.1,2005.5,1952.2,,,163.2,502.5,255.9,529.0,1387.4,,,,,,,,,,,,,,,,,42.5,6.0,19.5,153.3,25.5,,,216.4,333.7,216.4,896.7,410.8,,,32.3,305.5,227.6,579.0,163.4,,,58.1,81.3,165.4,361.0,180.9,,,405.5,893.1,904.1,514.2,507.1,,,45.7,199.8,137.4,130.7,463.4,,,,,,,,,,,,,,,,,210.7,294.9,191.8,614.5,315.1,,,115.4,268.3,159.5,152.4,135.0,,,424.2,544.7,639.4,1125.5,709.3,,,138.8,171.0,442.9,513.0,352.4,,,427.5,164.5,750.3,502.5,321.5,,,264.2,206.7,568.5,327.3,456.7,,,,,,,,,,,,,,,,,1634.1,1212.1,919.2,1016.6,1137.1,,,1764.8,2251.1,1838.4,760.7,1634.1,,,1396.2,2478.7,1823.2,2322.1,2061.7,,,893.1,1935.1,1598.6,934.7,1290.1,,,577.5,215.8,1337.0,658.5,540.7,,,785.0,1081.4,1610.2,875.4,685.1,,,,,,,,,,,,,,,,,126.9,32.0,26.0,79.8,294.1,,,256.8,335.7,346.3,141.7,561.3,,,73.4,276.4,137.9,186.7,633.9,,,27.7,145.7,97.4,96.1,347.9,,,70.3,53.2,157.3,92.1,168.0,,,499.1,550.1,691.5,519.0,271.6,,,,,,,,,,,,,,,,,,,,,,,,,,,,,,,,,,,,,,,,,,,,,,,,,,,,,,,,,,,,,,,,,,,,,,,,,,,,,,,,,,,,,,,,,,,,,,,,,,,,,,,,,,,,,,,,,,,,,,,,,,,,,,,,
20260929_武雄_2R,20260929,84,武雄,2,335.9,119.4,265.6,180.8,285.8,,,487.8,228.2,548.1,779.3,182.0,,,38.8,76.0,26.4,92.5,44.9,,,568.4,1002.6,181.8,824.4,852.6,,,710.0,1415.0,635.4,1173.6,1270.8,,,331.9,188.0,174.5,426.3,530.6,,,,,,,,,,,,,,,,,399.8,132.3,272.5,223.6,380.0,,,902.8,625.4,1511.5,639.5,633.4,,,54.1,269.6,80.9,60.5,196.5,,,529.2,1546.7,376.4,678.6,1467.0,,,173.0,420.9,73.8,211.8,340.4,,,617.7,516.9,459.7,894.7,510.2,,,,,,,,,,,,,,,,,906.9,371.5,871.2,1254.8,320.7,,,1050.1,841.8,1995.2,867.5,728.1,,,312.7,678.6,423.6,1435.4,329.2,,,2403.9,4071.9,1813.8,3440.0,1596.2,,,2660.3,1216.6,2660.3,4245.2,928.0,,,243.3,350.6,202.7,539.2,385.1,,,,,,,,,,,,,,,,,8.4,28.6,4.3,41.9,15.2,,,19.8,132.2,37.9,55.1,85.1,,,91.1,272.9,134.3,493.8,137.9,,,12.9,47.7,108.9,72.3,58.3,,,133.8,158.2,715.1,203.8,347.0,,,54.3,165.3,102.5,61.5,216.8,,,,,,,,,,,,,,,,,1146.6,2850.3,328.7,2733.2,2320.0,,,1114.6,3627.7,705.0,1918.5,3218.1,,,2934.1,4640.1,2145.4,4245.2,2320.0,,,233.0,573.3,1247.0,1039.1,841.8,,,5116.0,3500.4,6650.8,2320.0,2810.2,,,2660.3,2625.3,2463.2,1456.3,2241.8,,,,,,,,,,,,,,,,,1166.8,3167.0,1194.7,2934.1,2810.2,,,643.6,945.6,246.3,1039.1,923.7,,,3562.9,1847.4,2660.3,5250.6,2347.3,,,992.6,328.7,2494.0,1108.4,1295.6,,,4433.9,2375.3,7125.9,1956.1,3627.7,,,2696.2,1864.7,2192.5,2015.4,1918.5,,,,,,,,,,,,,,,,,368.1,240.1,141.1,400.6,617.7,,,516.9,519.5,457.6,982.8,500.0,,,133.1,291.2,99.1,306.9,318.7,,,94.1,355.0,149.9,137.8,413.0,,,617.7,1376.0,752.9,710.0,1012.8,,,1055.6,831.3,697.6,767.4,987.7,,,,,,,,,,,,,,,,,,,,,,,,,,,,,,,,,,,,,,,,,,,,,,,,,,,,,,,,,,,,,,,,,,,,,,,,,,,,,,,,,,,,,,,,,,,,,,,,,,,,,,,,,,,,,,,,,,,,,,,,,,,,,,,,
20260929_武雄_3R,20260929,84,武雄,3,91.5,168.3,26.2,163.1,44.2,,,240.4,278.9,145.1,438.0,407.3,,,275.1,194.5,141.3,560.5,566.1,,,15.1,38.4,33.7,13.7,26.1,,,480.8,723.5,984.6,211.8,535.3,,,97.7,283.0,461.2,105.1,287.7,,,,,,,,,,,,,,,,,107.3,180.7,28.5,164.5,37.7,,,238.1,299.1,252.4,389.1,226.0,,,348.4,333.0,391.1,534.1,345.2,,,35.4,131.2,222.0,119.6,61.8,,,481.8,874.4,928.1,468.8,424.1,,,29.3,59.0,109.0,29.3,59.8,,,,,,,,,,,,,,,,,472.7,444.9,327.7,814.6,767.6,,,576.2,694.6,759.9,1088.8,658.3,,,257.6,364.1,188.7,210.4,319.4,,,319.8,686.2,493.4,539.2,789.0,,,1185.7,1783.2,583.6,1038.8,1489.9,,,1088.8,913.1,976.1,861.1,1442.4,,,,,,,,,,,,,,,,,569.0,331.5,173.9,703.3,864.3,,,589.7,599.1,765.1,1078.4,647.0,,,109.8,283.7,94.2,100.6,260.3,,,105.4,585.1,139.7,176.9,517.0,,,690.4,1629.2,495.5,735.2,1519.9,,,931.9,951.5,682.1,980.3,1258.1,,,,,,,,,,,,,,,,,19.4,38.8,37.0,14.0,28.2,,,38.0,171.1,258.8,151.9,87.2,,,126.0,354.9,322.1,370.6,357.7,,,100.2,419.3,221.5,344.7,563.3,,,71.0,332.5,333.0,425.6,259.7,,,79.4,157.4,271.2,428.9,240.6,,,,,,,,,,,,,,,,,1155.4,1783.2,1919.2,386.4,1665.2,,,1099.3,1969.3,1715.6,1015.5,891.6,,,2004.1,2633.3,881.2,2096.9,2242.2,,,1887.2,1919.2,820.5,1755.5,2830.8,,,389.1,848.2,1572.7,1811.7,1011.0,,,1841.2,1011.0,1871.6,2903.4,1286.7,,,,,,,,,,,,,,,,,116.4,405.1,682.1,155.3,366.4,,,78.9,150.4,263.0,79.6,120.5,,,811.7,576.2,898.6,772.9,1068.2,,,935.8,783.6,728.2,976.1,1173.4,,,154.6,179.1,423.3,570.4,304.3,,,895.1,526.6,1043.6,1397.9,728.2,,,,,,,,,,,,,,,,,,,,,,,,,,,,,,,,,,,,,,,,,,,,,,,,,,,,,,,,,,,,,,,,,,,,,,,,,,,,,,,,,,,,,,,,,,,,,,,,,,,,,,,,,,,,,,,,,,,,,,,,,,,,,,,,
20260929_武雄_4R,20260929,84,武雄,4,246.4,41.2,50.0,289.2,61.7,,,654.7,355.8,437.6,1078.2,384.4,,,24.7,99.2,20.4,71.4,7.2,,,69.9,172.0,51.9,289.5,54.5,,,578.4,442.1,224.8,287.6,169.4,,,41.0,91.5,9.3,23.3,52.8,,,,,,,,,,,,,,,,,194.9,47.4,43.1,338.7,67.4,,,597.5,686.6,253.8,1306.0,822.6,,,85.1,311.2,78.3,426.5,175.2,,,23.6,28.0,49.3,169.5,85.1,,,1248.1,1797.0,1034.1,836.2,1583.6,,,210.4,665.0,282.1,289.9,934.9,,,,,,,,,,,,,,,,,1613.8,1656.0,1101.6,2667.1,1326.5,,,1326.5,1890.8,504.7,2815.3,1964.1,,,1995.1,1771.8,1423.4,3167.2,2508.6,,,858.9,392.8,982.0,1299.3,1146.5,,,3898.1,4153.7,5391.0,3167.2,2667.1,,,2165.6,2879.2,2846.9,2094.0,4222.9,,,,,,,,,,,,,,,,,70.5,246.9,49.6,196.5,21.2,,,116.9,488.2,76.4,740.8,283.1,,,956.1,1047.0,643.0,1279.6,1326.5,,,176.4,141.0,196.7,1005.4,257.4,,,719.8,1481.7,2695.5,1490.4,1162.2,,,93.0,408.6,833.4,307.8,504.7,,,,,,,,,,,,,,,,,74.6,200.6,117.6,489.1,147.3,,,32.8,36.7,74.5,206.1,97.2,,,255.1,118.0,397.1,475.3,300.2,,,207.1,189.2,274.8,1021.6,430.1,,,1266.8,938.4,1319.6,1949.0,1447.8,,,287.2,254.3,442.9,423.0,1096.8,,,,,,,,,,,,,,,,,2436.3,2436.3,767.8,1384.5,879.7,,,2724.4,3378.3,1822.8,1979.5,2368.0,,,3568.7,4368.5,5067.5,3519.1,4445.2,,,978.2,1797.0,4524.6,2980.9,2184.2,,,1995.1,2094.0,2436.3,3568.7,2912.3,,,1279.6,2508.6,3333.9,2368.0,2390.3,,,,,,,,,,,,,,,,,139.4,268.1,38.0,96.8,158.6,,,389.8,1554.4,613.5,590.6,1723.6,,,1136.2,2165.6,1735.4,1583.6,2010.9,,,93.1,560.5,945.4,438.3,536.8,,,327.3,564.3,609.0,570.6,1347.7,,,763.1,1890.8,1656.0,1178.5,1431.5,,,,,,,,,,,,,,,,,,,,,,,,,,,,,,,,,,,,,,,,,,,,,,,,,,,,,,,,,,,,,,,,,,,,,,,,,,,,,,,,,,,,,,,,,,,,,,,,,,,,,,,,,,,,,,,,,,,,,,,,,,,,,,,,
20260929_武雄_5R,20260929,84,武雄,5,106.0,249.3,118.9,295.7,,,,43.6,41.8,31.5,88.8,,,,92.3,22.9,14.5,56.1,,,,55.0,29.7,29.9,90.0,,,,218.5,149.2,120.7,120.0,,,,,,,,,,,,,,,,,,,,,,,,,177.8,538.0,314.1,633.5,,,,78.7,191.4,137.4,61.5,,,,555.6,436.4,994.3,1133.7,,,,512.9,376.9,1121.3,1007.3,,,,660.7,232.9,1085.6,991.1,,,,,,,,,,,,,,,,,,,,,,,,,25.3,45.6,37.0,53.1,,,,15.0,54.1,39.4,10.0,,,,65.0,84.1,167.8,148.5,,,,99.9,95.3,219.7,199.5,,,,36.6,10.6,90.1,93.3,,,,,,,,,,,,,,,,,,,,,,,,,175.9,54.3,38.4,69.2,,,,455.8,427.3,853.4,764.3,,,,105.9,183.7,276.0,260.6,,,,162.3,687.3,398.5,446.5,,,,62.4,385.0,286.6,119.2,,,,,,,,,,,,,,,,,,,,,,,,,127.8,81.4,88.8,241.7,,,,372.4,343.6,855.8,933.8,,,,145.0,169.2,381.2,358.9,,,,173.0,711.2,411.8,613.2,,,,488.4,781.8,505.3,608.4,,,,,,,,,,,,,,,,,,,,,,,,,341.7,201.4,65.9,103.4,,,,457.8,166.8,768.1,733.2,,,,99.0,41.3,158.2,218.2,,,,46.7,397.9,256.2,123.0,,,,289.5,751.2,522.5,461.3,,,,,,,,,,,,,,,,,,,,,,,,,,,,,,,,,,,,,,,,,,,,,,,,,,,,,,,,,,,,,,,,,,,,,,,,,,,,,,,,,,,,,,,,,,,,,,,,,,,,,,,,,,,,,,,,,,,,,,,,,,,,,,,,,,,,,,,,,,,,,,,,,,,,,,,,,,,,,,,,,,,,,,,,,,,,,,,,,,,,,,,,,,,,,,,,
20260929_武雄_6R,20260929,84,武雄,6,741.6,154.6,371.7,586.6,243.0,,,796.1,558.6,573.3,3095.1,1995.5,,,61.6,226.8,98.9,547.5,152.4,,,391.3,432.0,269.8,1630.7,921.9,,,1263.8,2757.4,1648.4,2486.2,2246.8,,,370.3,1794.8,403.3,886.9,1944.3,,,,,,,,,,,,,,,,,416.0,125.5,267.2,232.9,102.5,,,407.6,222.0,160.7,376.3,115.7,,,37.4,90.4,54.3,66.1,17.1,,,204.5,121.5,101.2,192.5,60.5,,,217.1,389.3,144.6,236.7,62.7,,,28.0,35.9,8.5,18.6,14.6,,,,,,,,,,,,,,,,,578.8,418.3,417.2,2660.7,1378.7,,,404.9,296.5,129.9,585.5,258.8,,,256.4,260.1,156.1,1969.6,730.8,,,120.4,54.9,57.0,522.9,160.6,,,2506.7,1995.5,2944.8,2486.2,2315.4,,,1087.1,298.8,646.7,318.9,2182.1,,,,,,,,,,,,,,,,,38.9,134.8,74.1,282.1,92.6,,,47.4,168.4,81.9,92.9,35.8,,,291.0,323.0,218.8,1354.1,708.6,,,119.3,117.2,141.4,597.0,218.8,,,1071.8,516.7,2351.3,1458.2,1115.1,,,159.7,88.3,448.0,224.0,534.0,,,,,,,,,,,,,,,,,324.0,330.0,254.4,1233.0,619.0,,,268.4,144.5,150.7,337.3,139.3,,,144.5,85.0,70.3,637.2,190.4,,,114.9,120.4,88.0,677.0,258.8,,,2214.0,1068.0,2008.7,1563.5,1657.5,,,574.4,207.1,279.0,330.7,1166.6,,,,,,,,,,,,,,,,,2315.4,4814.6,3003.1,4098.9,4098.9,,,1458.2,1733.2,762.1,1516.6,393.4,,,5055.3,3408.1,4739.4,4212.8,5321.4,,,2548.9,1035.2,3939.2,3226.8,2351.3,,,4892.2,2614.8,4272.1,4098.9,4155.1,,,2834.7,510.6,3791.5,1944.3,2426.5,,,,,,,,,,,,,,,,,195.1,1091.0,201.2,430.2,606.6,,,57.9,90.7,30.1,32.1,26.7,,,959.8,272.7,638.5,252.5,1763.5,,,129.6,82.9,394.9,176.8,381.5,,,293.3,90.5,214.3,153.5,462.3,,,734.4,262.3,1648.4,671.0,913.6,,,,,,,,,,,,,,,,,,,,,,,,,,,,,,,,,,,,,,,,,,,,,,,,,,,,,,,,,,,,,,,,,,,,,,,,,,,,,,,,,,,,,,,,,,,,,,,,,,,,,,,,,,,,,,,,,,,,,,,,,,,,,,,,
20260929_武雄_7R,20260929,84,武雄,7,1139.1,1042.5,659.6,1509.5,616.6,,,1177.2,980.2,534.8,942.7,489.1,,,875.6,1012.5,505.2,1500.3,476.8,,,297.8,195.1,265.4,298.9,30.2,,,2485.3,1144.4,2436.1,717.3,734.4,,,299.3,253.6,252.1,36.7,350.5,,,,,,,,,,,,,,,,,1206.1,1074.4,783.6,1182.9,707.0,,,946.3,300.7,504.2,355.5,541.9,,,554.1,186.8,281.8,233.8,205.5,,,495.0,565.6,509.4,674.1,325.0,,,1430.5,503.1,452.2,730.1,711.1,,,475.9,387.4,296.8,273.9,504.2,,,,,,,,,,,,,,,,,1782.9,1673.8,828.4,1822.6,783.6,,,1491.2,828.4,1160.6,1088.7,918.1,,,1608.1,1047.0,1537.8,1782.9,793.7,,,640.7,1374.5,1308.7,1074.4,360.2,,,1509.5,1374.5,1004.2,831.2,642.4,,,503.1,670.4,445.7,291.1,618.2,,,,,,,,,,,,,,,,,901.2,1447.3,557.9,1248.9,511.5,,,488.1,313.0,334.7,375.0,175.8,,,1464.5,665.0,1281.5,1103.3,565.6,,,391.1,565.6,857.3,891.4,235.2,,,2703.8,1004.2,1422.2,2085.1,1144.4,,,249.7,120.4,183.7,175.6,247.5,,,,,,,,,,,,,,,,,180.7,127.2,146.8,181.5,21.4,,,352.0,547.9,448.9,798.8,179.5,,,295.7,721.5,624.4,514.7,148.4,,,192.0,360.7,487.2,761.7,119.8,,,414.9,1464.5,650.9,1390.1,235.4,,,7.6,55.0,43.2,45.2,64.1,,,,,,,,,,,,,,,,,2828.1,1732.7,2861.0,1473.3,1188.6,,,2617.5,1301.8,1414.0,1720.6,1640.3,,,1382.3,1288.2,1274.8,750.1,640.7,,,3037.6,1500.3,1770.1,1968.4,1398.0,,,828.4,1922.2,988.1,2121.1,481.5,,,554.1,834.0,559.2,679.6,352.0,,,,,,,,,,,,,,,,,127.8,97.9,82.8,16.8,178.4,,,165.5,102.3,57.8,91.9,181.0,,,115.2,120.6,75.3,87.1,96.7,,,75.1,30.5,48.3,58.0,89.7,,,4.3,29.0,30.3,24.4,52.8,,,191.7,298.6,130.1,161.4,123.8,,,,,,,,,,,,,,,,,,,,,,,,,,,,,,,,,,,,,,,,,,,,,,,,,,,,,,,,,,,,,,,,,,,,,,,,,,,,,,,,,,,,,,,,,,,,,,,,,,,,,,,,,,,,,,,,,,,,,,,,,,,,,,,,
20260929_武雄_8R,20260929,84,武雄,8,306.5,772.4,606.7,165.8,122.0,,,392.3,1263.0,331.4,223.2,300.9,,,1762.2,1751.7,2087.1,791.1,1001.0,,,815.2,459.1,1573.7,522.7,656.9,,,97.2,77.3,273.2,186.6,73.0,,,154.1,300.9,216.3,543.9,197.3,,,,,,,,,,,,,,,,,180.2,346.6,445.9,107.3,76.4,,,278.6,278.1,122.4,334.0,71.5,,,1004.4,519.0,620.8,768.3,151.7,,,504.7,157.1,470.8,403.1,124.8,,,177.6,344.2,581.6,570.3,153.4,,,44.8,25.1,9.7,42.9,48.8,,,,,,,,,,,,,,,,,441.2,1043.5,260.8,307.8,382.2,,,347.0,300.3,108.2,351.6,79.5,,,1268.5,494.6,417.4,1029.0,378.7,,,99.6,52.7,107.4,78.1,25.6,,,337.1,556.3,1058.6,268.2,418.0,,,270.2,49.8,98.1,45.2,261.5,,,,,,,,,,,,,,,,,2229.5,3462.2,2857.2,2148.1,1625.9,,,1923.4,1211.0,1783.6,2132.5,326.2,,,3033.9,1201.2,1257.6,2857.2,911.1,,,3033.9,1827.9,1388.1,3065.5,994.2,,,2750.4,2776.3,3382.6,3872.2,1691.3,,,1167.8,226.3,519.0,604.3,1343.8,,,,,,,,,,,,,,,,,694.0,313.4,1247.0,507.4,518.1,,,500.5,136.8,521.7,452.7,128.9,,,130.3,65.1,140.8,96.3,34.2,,,1478.8,724.8,389.2,1029.0,526.4,,,624.8,788.9,272.2,940.2,486.4,,,367.8,116.2,71.5,147.8,292.2,,,,,,,,,,,,,,,,,180.2,131.5,526.4,303.7,137.7,,,286.8,384.1,984.2,799.7,258.6,,,239.0,462.7,1154.0,416.8,403.6,,,1672.1,2281.3,2604.3,2776.3,1449.7,,,719.5,1307.9,614.3,1874.4,812.9,,,300.3,385.7,528.3,801.8,664.3,,,,,,,,,,,,,,,,,144.3,330.6,247.5,510.9,257.7,,,60.0,16.3,9.4,30.3,59.0,,,230.0,37.2,75.8,52.9,302.4,,,251.1,30.6,98.3,125.4,307.5,,,357.5,74.1,71.9,113.5,315.7,,,344.2,217.5,462.7,434.7,495.4,,,,,,,,,,,,,,,,,,,,,,,,,,,,,,,,,,,,,,,,,,,,,,,,,,,,,,,,,,,,,,,,,,,,,,,,,,,,,,,,,,,,,,,,,,,,,,,,,,,,,,,,,,,,,,,,,,,,,,,,,,,,,,,,
20260929_武雄_9R,20260929,84,武雄,9,357.5,72.7,82.0,384.8,137.9,,,477.5,265.5,201.8,488.5,169.9,,,33.2,75.1,18.3,57.5,27.5,,,30.5,46.8,9.3,26.9,13.4,,,457.8,543.0,195.5,141.0,499.9,,,101.1,64.8,48.8,38.1,215.7,,,,,,,,,,,,,,,,,867.1,212.7,244.2,853.7,377.5,,,1661.5,1001.7,1767.3,1940.4,1315.0,,,117.0,284.0,114.5,133.5,148.4,,,372.9,1249.9,304.2,1043.1,772.9,,,1801.8,2412.8,722.6,1900.5,1996.2,,,632.0,931.1,471.1,883.6,1422.9,,,,,,,,,,,,,,,,,1401.4,864.4,581.7,1734.2,485.9,,,1900.5,1302.7,2412.8,2371.6,1430.3,,,820.9,1035.3,1051.0,1308.8,511.9,,,845.9,2086.3,1137.2,1613.2,675.1,,,2331.7,3016.0,2434.0,2593.2,966.8,,,292.0,569.7,263.7,276.6,470.3,,,,,,,,,,,,,,,,,51.6,134.5,40.1,109.9,62.0,,,50.1,117.0,50.4,37.3,54.6,,,326.8,304.2,353.4,294.5,228.9,,,67.3,81.4,224.3,100.2,132.3,,,165.9,81.2,128.4,89.3,92.9,,,87.6,75.2,56.2,120.4,72.6,,,,,,,,,,,,,,,,,77.0,110.0,35.1,50.5,41.5,,,247.5,1290.6,281.9,872.5,609.8,,,457.1,1452.7,875.3,1315.0,624.9,,,97.5,222.3,448.9,248.6,283.1,,,238.3,924.9,1185.8,480.9,663.8,,,135.6,511.0,342.9,318.2,627.7,,,,,,,,,,,,,,,,,1940.4,2455.5,1151.3,737.9,1671.5,,,2434.0,3083.1,1088.1,3049.2,2831.4,,,2668.0,3383.9,2455.5,3749.7,2184.8,,,828.3,561.7,813.7,711.4,620.7,,,808.9,2371.6,2693.9,1321.3,1887.6,,,2237.7,3016.0,1745.1,1366.8,2086.3,,,,,,,,,,,,,,,,,310.0,173.5,128.4,106.8,493.7,,,493.7,591.6,342.1,743.9,1401.4,,,127.6,346.4,114.6,152.5,290.2,,,124.9,187.9,132.7,218.8,235.7,,,176.2,612.5,302.2,318.5,620.7,,,1249.9,1813.5,928.0,892.2,1422.9,,,,,,,,,,,,,,,,,,,,,,,,,,,,,,,,,,,,,,,,,,,,,,,,,,,,,,,,,,,,,,,,,,,,,,,,,,,,,,,,,,,,,,,,,,,,,,,,,,,,,,,,,,,,,,,,,,,,,,,,,,,,,,,,
20260929_武雄_10R,20260929,84,武雄,10,114.2,28.2,21.3,74.0,78.1,,,290.5,138.0,178.7,940.7,523.2,,,36.6,57.7,25.0,171.8,49.8,,,9.8,55.5,10.5,51.9,28.6,,,155.4,683.7,267.6,168.9,535.9,,,160.3,341.8,91.2,87.3,417.7,,,,,,,,,,,,,,,,,158.9,64.2,57.5,95.0,129.3,,,445.1,290.5,760.1,631.6,789.5,,,91.1,132.7,170.6,110.4,120.5,,,102.8,525.3,209.5,258.5,373.1,,,74.8,263.7,74.8,153.0,211.8,,,258.5,495.8,185.5,531.6,405.0,,,,,,,,,,,,,,,,,356.0,199.0,335.3,1533.4,540.2,,,434.1,298.0,1168.6,971.7,526.3,,,152.1,222.7,442.8,796.6,165.3,,,698.1,1515.9,813.7,1711.5,1711.5,,,2267.4,1829.5,1804.6,2368.6,2347.6,,,1040.3,1096.2,364.9,1689.7,2248.1,,,,,,,,,,,,,,,,,102.8,103.3,95.6,400.7,97.2,,,136.1,177.5,234.9,323.9,176.3,,,97.4,148.9,253.1,485.8,71.8,,,182.5,331.1,309.1,669.9,316.5,,,787.2,601.5,715.0,1078.4,893.2,,,72.8,104.7,41.1,213.2,433.4,,,,,,,,,,,,,,,,,27.3,69.1,21.7,83.7,57.4,,,102.9,568.0,186.5,296.7,398.3,,,358.0,934.1,432.0,1780.4,1245.4,,,105.7,292.1,218.5,637.7,314.6,,,318.0,415.8,1588.5,728.8,813.7,,,304.2,669.9,1028.2,309.5,917.9,,,,,,,,,,,,,,,,,246.7,1333.1,397.1,306.6,890.2,,,122.9,527.4,129.1,261.8,439.2,,,2248.1,1689.7,1745.3,2550.8,3049.2,,,716.9,572.9,971.7,1143.4,1091.7,,,442.8,612.6,1950.6,1044.4,1184.3,,,1804.6,1114.6,2174.4,1158.4,1457.6,,,,,,,,,,,,,,,,,300.7,508.2,157.7,266.3,881.3,,,322.7,622.7,227.1,861.3,855.7,,,821.3,1004.8,294.1,1627.5,2347.6,,,90.0,125.5,57.9,315.8,676.7,,,480.5,930.8,1114.6,493.0,1388.9,,,1908.5,1490.3,2626.6,1482.0,1711.5,,,,,,,,,,,,,,,,,,,,,,,,,,,,,,,,,,,,,,,,,,,,,,,,,,,,,,,,,,,,,,,,,,,,,,,,,,,,,,,,,,,,,,,,,,,,,,,,,,,,,,,,,,,,,,,,,,,,,,,,,,,,,,,,
20260929_武雄_11R,20260929,84,武雄,11,576.9,1410.9,287.3,1485.8,579.6,,,570.5,598.7,237.3,928.6,616.9,,,2128.7,1197.4,919.2,3279.5,1802.1,,,126.4,76.7,259.6,244.8,137.9,,,2545.6,1400.0,3279.5,926.2,2696.4,,,725.1,943.0,1523.1,486.0,2637.8,,,,,,,,,,,,,,,,,358.2,808.9,186.2,834.9,286.8,,,190.9,114.4,76.2,193.1,100.9,,,1076.9,477.0,588.0,1013.9,723.7,,,54.8,64.8,238.8,199.9,58.7,,,933.3,337.6,821.7,422.7,442.3,,,119.0,61.5,171.2,49.3,215.7,,,,,,,,,,,,,,,,,238.0,119.0,84.2,411.3,378.0,,,178.6,84.0,59.0,169.1,119.4,,,45.9,65.8,23.2,71.9,59.3,,,20.1,41.0,19.6,54.0,98.0,,,179.1,126.0,36.1,56.7,202.3,,,419.8,231.2,179.3,229.2,406.7,,,,,,,,,,,,,,,,,2068.3,1144.7,1433.1,3370.5,2128.7,,,2261.0,923.9,1456.0,2443.1,1725.2,,,350.0,538.4,246.4,589.9,375.2,,,1002.8,1368.5,443.9,1926.0,1323.7,,,4000.2,3008.4,1073.8,2800.1,3434.1,,,2233.2,1915.9,1263.9,1625.1,3279.5,,,,,,,,,,,,,,,,,25.0,13.4,58.7,74.8,31.7,,,34.2,43.3,161.5,141.2,40.0,,,17.3,39.0,22.7,49.8,63.4,,,280.6,422.7,169.3,670.3,489.2,,,200.5,263.7,117.9,485.3,404.9,,,91.0,76.2,126.9,281.9,335.1,,,,,,,,,,,,,,,,,1733.4,1099.7,2153.9,726.5,2206.2,,,1099.7,494.5,931.0,497.3,522.2,,,384.3,298.3,140.5,168.4,366.5,,,2843.9,2000.1,674.1,1444.5,2410.7,,,355.8,449.4,289.5,827.3,622.2,,,1978.3,738.3,836.8,1811.0,827.3,,,,,,,,,,,,,,,,,619.0,994.6,1444.5,543.3,2116.4,,,208.1,149.8,338.6,104.0,384.3,,,614.9,365.4,491.2,360.4,772.8,,,1886.1,1314.1,1250.9,1427.5,2778.8,,,274.3,162.2,295.4,548.2,640.8,,,2563.5,1019.6,1358.3,2410.7,1217.4,,,,,,,,,,,,,,,,,,,,,,,,,,,,,,,,,,,,,,,,,,,,,,,,,,,,,,,,,,,,,,,,,,,,,,,,,,,,,,,,,,,,,,,,,,,,,,,,,,,,,,,,,,,,,,,,,,,,,,,,,,,,,,,,
20260929_武雄_12R,20260929,84,武雄,12,29.0,68.1,16.7,39.5,43.6,,,23.0,133.1,9.8,114.7,38.6,,,116.1,239.4,120.3,753.9,216.6,,,7.6,5.9,50.7,55.3,14.3,,,161.6,297.2,1267.8,201.1,689.0,,,27.4,41.0,121.1,12.5,230.1,,,,,,,,,,,,,,,,,90.4,157.4,89.3,126.1,156.7,,,134.4,329.7,332.2,210.3,662.0,,,170.8,283.1,488.5,173.0,488.5,,,288.9,525.8,964.0,515.5,866.9,,,217.1,263.1,277.7,397.4,950.1,,,413.3,885.3,845.7,838.5,799.6,,,,,,,,,,,,,,,,,44.2,268.8,28.2,157.1,109.1,,,79.1,279.3,157.7,137.0,425.1,,,807.7,594.9,1345.3,1654.3,1730.1,,,107.6,262.0,983.1,497.1,509.9,,,685.4,582.6,2011.2,857.6,2052.9,,,453.8,750.4,1478.4,833.2,1733.9,,,,,,,,,,,,,,,,,414.2,831.5,490.9,1851.4,650.0,,,339.6,702.5,898.4,404.7,853.9,,,1340.8,1161.9,2430.7,3553.4,3301.7,,,1352.2,2401.2,3095.4,5913.6,3506.3,,,4580.5,1842.8,4716.8,5913.6,6772.8,,,1211.6,1271.9,3415.6,3001.6,4745.0,,,,,,,,,,,,,,,,,129.7,98.4,423.9,432.3,196.4,,,377.1,811.0,1864.5,1257.8,1195.2,,,202.3,683.1,2074.4,1438.1,1009.4,,,1895.7,3301.7,4022.4,6603.5,3865.4,,,2556.2,3601.9,3962.1,7138.9,4476.9,,,474.5,1151.7,1497.9,2453.3,2967.8,,,,,,,,,,,,,,,,,1689.6,2659.1,5826.6,2476.3,4426.9,,,1211.6,1327.3,1623.8,2303.5,3922.9,,,2539.8,1753.1,5580.4,3301.7,6442.4,,,6142.8,2499.7,6239.5,8254.4,9322.6,,,4426.9,4402.3,4891.5,8903.6,7203.8,,,5913.6,5742.2,8430.0,9999.9,7269.9,,,,,,,,,,,,,,,,,117.0,281.7,463.4,90.5,772.3,,,423.3,1060.8,848.4,776.8,814.4,,,758.3,1303.3,3013.0,1489.5,3962.1,,,1163.6,864.1,2913.3,1410.0,3865.4,,,463.1,1001.8,1282.2,2213.4,2677.1,,,3982.0,3234.3,5826.6,7845.8,4192.7,,,,,,,,,,,,,,,,,,,,,,,,,,,,,,,,,,,,,,,,,,,,,,,,,,,,,,,,,,,,,,,,,,,,,,,,,,,,,,,,,,,,,,,,,,,,,,,,,,,,,,,,,,,,,,,,,,,,,,,,,,,,,,,,
