race_key,date,jo_code,jo_name,race_no,1-2-3,1-2-4,1-2-5,1-2-6,1-2-7,1-2-8,1-2-9,1-3-2,1-3-4,1-3-5,1-3-6,1-3-7,1-3-8,1-3-9,1-4-2,1-4-3,1-4-5,1-4-6,1-4-7,1-4-8,1-4-9,1-5-2,1-5-3,1-5-4,1-5-6,1-5-7,1-5-8,1-5-9,1-6-2,1-6-3,1-6-4,1-6-5,1-6-7,1-6-8,1-6-9,1-7-2,1-7-3,1-7-4,1-7-5,1-7-6,1-7-8,1-7-9,1-8-2,1-8-3,1-8-4,1-8-5,1-8-6,1-8-7,1-8-9,1-9-2,1-9-3,1-9-4,1-9-5,1-9-6,1-9-7,1-9-8,2-1-3,2-1-4,2-1-5,2-1-6,2-1-7,2-1-8,2-1-9,2-3-1,2-3-4,2-3-5,2-3-6,2-3-7,2-3-8,2-3-9,2-4-1,2-4-3,2-4-5,2-4-6,2-4-7,2-4-8,2-4-9,2-5-1,2-5-3,2-5-4,2-5-6,2-5-7,2-5-8,2-5-9,2-6-1,2-6-3,2-6-4,2-6-5,2-6-7,2-6-8,2-6-9,2-7-1,2-7-3,2-7-4,2-7-5,2-7-6,2-7-8,2-7-9,2-8-1,2-8-3,2-8-4,2-8-5,2-8-6,2-8-7,2-8-9,2-9-1,2-9-3,2-9-4,2-9-5,2-9-6,2-9-7,2-9-8,3-1-2,3-1-4,3-1-5,3-1-6,3-1-7,3-1-8,3-1-9,3-2-1,3-2-4,3-2-5,3-2-6,3-2-7,3-2-8,3-2-9,3-4-1,3-4-2,3-4-5,3-4-6,3-4-7,3-4-8,3-4-9,3-5-1,3-5-2,3-5-4,3-5-6,3-5-7,3-5-8,3-5-9,3-6-1,3-6-2,3-6-4,3-6-5,3-6-7,3-6-8,3-6-9,3-7-1,3-7-2,3-7-4,3-7-5,3-7-6,3-7-8,3-7-9,3-8-1,3-8-2,3-8-4,3-8-5,3-8-6,3-8-7,3-8-9,3-9-1,3-9-2,3-9-4,3-9-5,3-9-6,3-9-7,3-9-8,4-1-2,4-1-3,4-1-5,4-1-6,4-1-7,4-1-8,4-1-9,4-2-1,4-2-3,4-2-5,4-2-6,4-2-7,4-2-8,4-2-9,4-3-1,4-3-2,4-3-5,4-3-6,4-3-7,4-3-8,4-3-9,4-5-1,4-5-2,4-5-3,4-5-6,4-5-7,4-5-8,4-5-9,4-6-1,4-6-2,4-6-3,4-6-5,4-6-7,4-6-8,4-6-9,4-7-1,4-7-2,4-7-3,4-7-5,4-7-6,4-7-8,4-7-9,4-8-1,4-8-2,4-8-3,4-8-5,4-8-6,4-8-7,4-8-9,4-9-1,4-9-2,4-9-3,4-9-5,4-9-6,4-9-7,4-9-8,5-1-2,5-1-3,5-1-4,5-1-6,5-1-7,5-1-8,5-1-9,5-2-1,5-2-3,5-2-4,5-2-6,5-2-7,5-2-8,5-2-9,5-3-1,5-3-2,5-3-4,5-3-6,5-3-7,5-3-8,5-3-9,5-4-1,5-4-2,5-4-3,5-4-6,5-4-7,5-4-8,5-4-9,5-6-1,5-6-2,5-6-3,5-6-4,5-6-7,5-6-8,5-6-9,5-7-1,5-7-2,5-7-3,5-7-4,5-7-6,5-7-8,5-7-9,5-8-1,5-8-2,5-8-3,5-8-4,5-8-6,5-8-7,5-8-9,5-9-1,5-9-2,5-9-3,5-9-4,5-9-6,5-9-7,5-9-8,6-1-2,6-1-3,6-1-4,6-1-5,6-1-7,6-1-8,6-1-9,6-2-1,6-2-3,6-2-4,6-2-5,6-2-7,6-2-8,6-2-9,6-3-1,6-3-2,6-3-4,6-3-5,6-3-7,6-3-8,6-3-9,6-4-1,6-4-2,6-4-3,6-4-5,6-4-7,6-4-8,6-4-9,6-5-1,6-5-2,6-5-3,6-5-4,6-5-7,6-5-8,6-5-9,6-7-1,6-7-2,6-7-3,6-7-4,6-7-5,6-7-8,6-7-9,6-8-1,6-8-2,6-8-3,6-8-4,6-8-5,6-8-7,6-8-9,6-9-1,6-9-2,6-9-3,6-9-4,6-9-5,6-9-7,6-9-8,7-1-2,7-1-3,7-1-4,7-1-5,7-1-6,7-1-8,7-1-9,7-2-1,7-2-3,7-2-4,7-2-5,7-2-6,7-2-8,7-2-9,7-3-1,7-3-2,7-3-4,7-3-5,7-3-6,7-3-8,7-3-9,7-4-1,7-4-2,7-4-3,7-4-5,7-4-6,7-4-8,7-4-9,7-5-1,7-5-2,7-5-3,7-5-4,7-5-6,7-5-8,7-5-9,7-6-1,7-6-2,7-6-3,7-6-4,7-6-5,7-6-8,7-6-9,7-8-1,7-8-2,7-8-3,7-8-4,7-8-5,7-8-6,7-8-9,7-9-1,7-9-2,7-9-3,7-9-4,7-9-5,7-9-6,7-9-8,8-1-2,8-1-3,8-1-4,8-1-5,8-1-6,8-1-7,8-1-9,8-2-1,8-2-3,8-2-4,8-2-5,8-2-6,8-2-7,8-2-9,8-3-1,8-3-2,8-3-4,8-3-5,8-3-6,8-3-7,8-3-9,8-4-1,8-4-2,8-4-3,8-4-5,8-4-6,8-4-7,8-4-9,8-5-1,8-5-2,8-5-3,8-5-4,8-5-6,8-5-7,8-5-9,8-6-1,8-6-2,8-6-3,8-6-4,8-6-5,8-6-7,8-6-9,8-7-1,8-7-2,8-7-3,8-7-4,8-7-5,8-7-6,8-7-9,8-9-1,8-9-2,8-9-3,8-9-4,8-9-5,8-9-6,8-9-7,9-1-2,9-1-3,9-1-4,9-1-5,9-1-6,9-1-7,9-1-8,9-2-1,9-2-3,9-2-4,9-2-5,9-2-6,9-2-7,9-2-8,9-3-1,9-3-2,9-3-4,9-3-5,9-3-6,9-3-7,9-3-8,9-4-1,9-4-2,9-4-3,9-4-5,9-4-6,9-4-7,9-4-8,9-5-1,9-5-2,9-5-3,9-5-4,9-5-6,9-5-7,9-5-8,9-6-1,9-6-2,9-6-3,9-6-4,9-6-5,9-6-7,9-6-8,9-7-1,9-7-2,9-7-3,9-7-4,9-7-5,9-7-6,9-7-8,9-8-1,9-8-2,9-8-3,9-8-4,9-8-5,9-8-6,9-8-7
20260828_前橋_1R,20260828,22,前橋,1,177.7,168.7,205.7,275.5,34.6,106.4,,584.2,1192.9,1515.5,1024.3,621.5,1306.7,,441.8,1479.2,1127.4,1795.1,226.3,818.1,,361.1,617.3,983.5,479.0,351.5,1090.8,,926.8,697.7,2370.5,910.8,745.5,2214.3,,11.1,88.6,14.0,67.3,86.5,56.9,,199.2,1068.7,677.2,772.0,1253.5,246.0,,,,,,,,,206.1,178.8,221.3,395.9,41.2,101.8,,450.4,568.0,648.7,521.5,319.6,480.2,,507.2,838.5,1467.4,1416.8,329.8,642.0,,352.5,351.8,711.1,362.9,318.7,419.7,,968.0,334.3,1216.4,652.2,646.5,840.4,,26.5,121.4,67.9,169.3,245.8,62.1,,97.8,180.5,225.4,239.0,278.6,60.5,,,,,,,,,1696.3,4155.1,2982.2,3133.9,1406.1,3698.0,,1528.1,2449.0,2175.3,1821.6,1148.4,1769.4,,5869.9,4108.9,4350.6,3555.8,2340.5,6723.7,,3773.5,2641.4,4802.6,1302.1,2325.8,3272.6,,3081.7,1812.7,2866.7,1297.5,2020.7,4019.6,,1297.5,1232.6,2020.7,2340.5,2137.5,2739.2,,3272.6,2254.9,5603.1,3031.1,4930.7,2911.8,,,,,,,,,1148.4,4565.4,3555.8,4455.4,407.2,2254.9,,986.1,3272.6,4455.4,3735.4,729.3,2125.3,,6267.8,4350.6,5689.3,3773.5,2515.6,7111.6,,5603.1,6723.7,6163.4,4681.0,3698.0,7868.1,,7868.1,5136.1,3243.9,5438.3,3361.8,6603.6,,332.5,582.3,1926.0,1926.0,1988.1,860.0,,2498.6,2417.0,6487.8,8039.2,7111.6,1461.6,,,,,,,,,1100.6,1926.0,2340.5,1302.1,739.6,2282.7,,844.3,805.6,1877.1,744.0,666.3,1224.5,,3661.4,1433.3,3773.5,891.0,2150.0,4108.9,,3934.0,6062.3,4019.6,3160.7,2801.5,6977.4,,1720.0,646.5,277.6,2432.9,738.1,2355.4,,648.7,756.2,1385.0,1406.1,1015.9,1696.3,,2641.4,1821.6,3735.4,4802.6,3555.8,2465.3,,,,,,,,,2699.3,3081.7,6267.8,3056.2,2254.9,5869.9,,2568.0,1433.3,3735.4,2188.1,1946.3,2844.6,,2982.2,1270.8,2739.2,965.5,1621.9,4741.0,,8600.1,5359.4,3976.3,4565.4,3488.7,9999.9,,2532.9,1422.3,636.4,3006.5,1270.8,3215.6,,1998.9,1795.1,2355.4,2201.2,1795.1,3735.4,,6603.6,2385.8,6163.4,9994.7,4930.7,3773.5,,,,,,,,,7.1,62.7,7.0,49.6,62.1,31.8,,13.9,122.0,36.5,128.7,222.9,47.7,,303.1,352.5,564.5,1094.0,1032.9,1087.6,,28.0,43.2,249.8,295.1,356.2,110.1,,224.1,301.3,825.4,507.9,455.4,679.7,,469.8,612.2,653.3,878.3,965.5,1467.4,,93.1,107.2,697.7,200.2,635.4,816.3,,,,,,,,,369.4,1728.0,950.6,1521.8,2296.9,458.8,,212.2,503.1,376.2,550.3,646.5,137.1,,3160.7,1728.0,5282.9,3976.3,4402.4,3006.5,,1821.6,1509.4,4802.6,5282.9,4997.3,1117.2,,2532.9,1461.6,3661.4,5438.3,3301.8,2268.7,,4250.6,1988.1,3081.7,5282.9,3812.4,2641.4,,322.6,227.2,1189.0,454.3,1212.4,1497.1,,,,,,,,,,,,,,,,,,,,,,,,,,,,,,,,,,,,,,,,,,,,,,,,,,,,,,,,,,,,,,,,
20260828_前橋_2R,20260828,22,前橋,2,271.1,173.0,348.8,310.9,127.1,553.7,373.9,217.1,535.5,296.7,1100.3,91.7,439.5,178.6,187.2,724.2,798.3,1682.8,299.0,967.0,910.6,657.6,547.5,1330.6,2620.6,128.6,756.1,665.3,1855.6,3613.6,4186.5,4702.7,1751.5,5048.5,4639.1,34.6,35.6,86.3,9.3,280.2,96.9,52.6,794.6,1024.7,1442.4,1037.1,3238.6,512.3,945.7,451.1,328.2,847.6,520.9,1816.3,188.5,571.2,551.0,295.9,943.1,582.8,275.9,1144.3,694.9,529.7,335.5,1330.6,410.1,342.6,860.3,401.5,238.5,269.4,513.1,106.0,298.5,492.5,329.1,1972.9,2487.6,1835.8,2524.2,1442.4,3300.9,2934.1,922.8,468.9,248.2,1418.5,678.4,917.9,700.6,280.4,428.0,510.8,513.1,831.2,1401.2,582.8,2093.2,1539.4,1148.1,2985.2,1424.4,1984.3,1845.6,849.7,712.2,690.7,2159.1,953.6,651.4,1512.3,184.9,454.0,258.1,887.0,69.9,277.0,141.2,188.1,272.0,533.0,389.6,155.4,331.6,194.6,782.0,522.5,958.9,1362.2,540.6,878.0,891.6,433.4,937.9,1436.3,2400.6,274.4,747.9,499.7,2909.3,1271.4,1907.2,2791.0,1448.5,2400.6,1454.6,38.0,110.6,262.8,60.0,430.7,121.6,53.6,312.0,326.6,953.6,466.4,1079.5,256.3,203.3,108.2,174.8,406.7,144.7,516.2,62.4,107.1,588.8,1059.5,2417.5,3365.6,466.4,1769.5,2145.6,435.6,634.5,1183.7,240.7,551.0,1024.7,778.4,1395.5,964.3,2640.7,2417.5,1076.1,2145.6,1896.6,4238.2,4038.8,3576.0,4345.5,2959.4,7463.0,3945.9,7152.0,1362.2,3011.3,4835.1,4136.1,5201.5,5818.6,534.7,995.0,964.3,1512.3,1742.6,1310.3,1658.4,3300.9,2934.1,5918.9,6865.9,7006.1,3467.6,5918.9,2661.2,1642.5,2243.7,4401.2,5201.5,1699.5,4768.0,2132.2,1140.5,2434.7,3772.5,260.8,2452.1,1961.7,3238.6,3539.1,4238.2,5048.5,2186.6,7152.0,4291.2,1171.6,2661.2,2791.0,5201.5,656.4,2860.8,1532.5,4702.7,5123.8,3333.0,3365.6,3178.6,7628.8,5818.6,9999.9,9808.5,6601.9,4975.3,3503.0,9999.9,8582.4,216.0,1040.3,418.6,1642.5,1769.5,1295.4,715.2,4835.1,6477.3,4904.2,9999.9,9999.9,3399.0,3011.3,2417.5,3467.6,1479.7,4238.2,5918.9,1330.6,3539.1,4639.1,7463.0,9999.9,8582.4,4186.5,9999.9,8373.1,4038.8,1939.5,1378.7,6357.3,3613.6,5364.0,3691.3,7802.2,2682.0,3178.6,8582.4,3399.0,5449.1,3238.6,9999.9,1928.6,3432.9,4702.7,5048.5,7983.6,3772.5,9278.3,9999.9,8582.4,4975.3,3814.4,9999.9,9999.9,3857.2,5449.1,3652.1,4904.2,3613.6,9999.9,7304.2,9999.9,9808.5,7802.2,8373.1,7628.8,9999.9,7152.0,7628.8,4975.3,3503.0,8173.7,8173.7,7628.8,5449.1,30.9,18.6,83.9,8.4,233.0,97.2,38.8,132.7,206.4,385.7,249.8,655.1,671.8,325.7,35.5,116.7,265.5,61.3,435.1,186.3,61.2,260.2,511.6,509.3,551.9,1266.7,917.9,802.1,28.5,174.2,72.8,356.4,567.4,251.5,130.5,1056.3,2119.1,1733.8,3365.6,1699.5,4835.1,2934.1,384.0,1362.2,677.1,1733.8,560.9,2959.4,596.0,103.9,362.1,141.2,648.9,203.7,1196.1,376.0,2661.2,2132.2,3149.5,2959.4,9278.3,1285.7,2229.2,3772.5,2172.7,2768.5,6130.3,3333.0,3178.6,2959.4,1553.3,1634.7,3238.6,2452.1,3539.1,1183.7,733.5,4038.8,3857.2,5721.6,8173.7,9278.3,3613.6,7304.2,6865.9,6357.3,4639.1,9999.9,9999.9,3300.9,6865.9,9999.9,9034.1,6130.3,9999.9,9999.9,9999.9,7802.2,1378.7,3038.0,1395.5,3333.0,1666.5,7463.0,1699.5,2200.6,2351.3,798.3,5123.8,3731.5,6022.7,1582.0,573.1,418.1,1221.7,689.3,2600.7,260.4,739.8,791.0,611.9,898.6,1619.3,1208.7,661.4,1208.7,221.7,363.6,743.0,286.7,967.0,140.9,265.5,2159.1,1111.0,1140.5,1751.5,4136.1,1248.3,1826.0,1208.7,1917.8,917.9,2860.8,3772.5,831.2,1567.5,4639.1,2746.3,2043.4,4835.1,5281.5,4038.8,4186.5,204.1,453.4,176.1,871.3,278.8,1725.1,432.9,858.2,997.9,514.6,2581.1,1062.8,3365.6,762.8
20260828_前橋_3R,20260828,22,前橋,3,94.7,142.6,38.0,351.0,112.5,241.5,114.4,94.0,25.2,41.7,71.9,103.2,73.3,125.1,183.3,41.3,101.5,256.8,125.0,210.4,224.6,41.6,45.8,74.8,209.1,61.0,177.5,28.0,712.3,480.1,680.0,621.6,735.2,539.8,559.9,77.1,66.0,60.0,41.9,192.5,116.3,95.9,899.6,431.5,571.7,527.3,508.2,565.8,750.5,322.1,297.2,400.1,131.9,590.4,385.9,470.7,384.5,577.8,163.8,1429.4,358.5,1089.0,317.6,769.0,1213.7,1032.1,2387.5,2002.4,2936.0,1752.1,1094.5,1039.5,1274.3,2821.6,1857.0,2361.6,1810.5,198.8,724.2,647.5,1833.5,710.0,1503.5,167.0,2858.8,3651.5,5364.6,4434.0,5431.7,6207.7,5112.2,759.6,1939.9,1948.6,1070.2,3986.6,2858.8,1535.4,2732.9,4622.7,4178.2,2936.0,5500.5,4672.4,3778.6,734.0,2217.0,2011.7,647.5,3621.1,1818.1,3242.8,224.8,64.1,91.5,150.1,241.9,129.2,237.3,644.7,749.2,857.0,1627.4,1609.4,1922.7,1281.8,52.1,183.0,85.1,95.9,189.7,76.5,193.1,165.7,457.4,163.2,422.2,593.6,328.2,228.2,327.2,1238.0,244.5,580.9,1388.3,286.8,1017.6,591.2,1677.7,584.8,963.5,1897.5,1568.7,1519.3,287.3,1324.8,200.1,424.3,289.1,1316.7,967.7,713.5,1438.8,712.3,652.4,1213.7,1766.4,1230.9,353.2,121.6,259.2,565.0,231.3,473.3,409.5,1012.9,845.4,961.3,2821.6,1697.4,2299.1,1278.0,71.9,198.4,121.5,123.9,221.8,87.3,199.3,372.9,649.5,268.3,1108.5,963.5,1049.6,392.5,870.8,1514.0,627.0,1379.4,2571.2,815.2,1266.8,508.8,1266.8,675.8,1241.5,2161.8,1438.8,1297.1,901.5,2183.6,564.3,1429.4,862.1,2069.2,1897.5,1285.6,2275.0,1065.0,1128.6,2803.4,2526.3,2119.7,65.5,70.3,127.7,288.9,81.4,183.4,39.7,128.6,278.3,269.0,629.7,242.4,423.5,58.3,122.7,254.8,162.7,535.8,414.6,306.8,116.2,228.7,306.2,141.2,745.3,516.6,573.2,145.9,694.1,1259.5,1410.8,1540.9,1914.2,1089.0,482.2,172.4,296.2,606.8,573.2,1075.5,742.8,171.2,568.0,914.8,847.0,1065.0,934.4,1415.4,328.9,44.5,66.9,96.1,88.1,145.3,115.8,89.1,2732.9,1864.9,2323.7,1931.2,2089.1,2299.1,2916.3,4389.2,3651.5,6390.2,6120.2,9052.9,7900.7,7492.0,1931.2,3714.0,1274.3,2140.5,3651.5,1658.5,2896.9,2916.3,5717.6,1119.9,2858.8,4389.2,2323.7,4828.2,2526.3,5299.2,3714.0,2617.7,4260.1,4672.4,3368.5,5431.7,8690.7,4994.7,4882.4,4260.1,7759.6,8868.1,2323.7,5571.0,2119.7,2119.7,3714.0,5173.0,3448.7,4882.4,8356.5,3950.3,5872.1,4574.1,9052.9,5571.0,240.3,268.2,238.7,182.1,688.6,467.2,372.6,740.2,1810.5,1677.7,1108.5,3746.0,2374.5,1488.1,700.8,2040.0,938.5,1448.4,3103.8,2586.5,2059.4,617.2,1833.5,788.6,1597.5,2400.7,1833.5,2161.8,444.7,992.0,1134.5,1406.2,2511.7,2069.2,663.4,2526.3,6035.2,3845.4,3879.8,3682.5,4775.1,4672.4,1905.8,4479.7,3778.6,2750.2,3291.9,4434.0,3448.7,1597.5,2617.7,3561.7,2750.2,1621.4,4099.4,3342.6,2483.0,1207.0,1301.0,1289.4,1717.5,1546.4,2079.1,4178.2,5364.6,3714.0,3986.6,5364.6,6207.7,3986.6,1155.6,3591.2,662.4,1187.2,1289.4,3448.7,2602.0,1320.7,3714.0,773.2,2151.1,1568.7,3218.8,2821.6,1690.8,3317.0,1914.2,3060.1,3651.5,3591.2,1810.5,2183.6,5052.7,1664.9,1658.5,3421.5,4622.7,3060.1,2996.8,7123.5,4775.1,3914.7,4023.5,6297.6,5052.7,3476.3,6120.2,3561.7,3504.3,3532.8,3504.3,6207.7,737.7,899.6,1161.8,343.2,1645.9,1301.0,1546.4,1083.6,2750.2,2976.2,829.2,4345.3,2821.6,4138.4,1220.6,2427.5,1633.6,1027.2,2140.5,2803.4,2468.9,1603.4,2483.0,1424.7,1349.5,2767.7,2785.5,2228.4,262.0,530.5,496.6,619.0,1008.2,1015.2,774.5,3621.1,4882.4,3126.1,4723.2,3421.5,6207.7,3778.6,2414.1,3171.8,4302.3,4138.4,2172.6,5872.1,4937.9,2877.7,5235.4,3103.8,2821.6,2803.4,2858.8,5571.0
20260828_前橋_4R,20260828,22,前橋,4,250.3,208.9,62.0,545.2,127.8,79.5,248.0,446.5,505.0,363.5,1011.3,304.5,147.4,472.4,260.7,408.9,270.0,926.6,93.4,124.9,213.5,62.1,222.3,233.1,190.4,96.1,74.5,184.6,1822.1,2008.5,2056.3,947.0,1499.4,841.7,1397.5,99.5,127.8,60.3,82.5,480.3,40.8,41.3,33.5,22.4,49.5,24.8,133.8,17.5,47.1,400.9,316.5,293.5,334.7,808.6,129.8,181.5,581.9,360.4,128.9,840.1,263.9,167.3,410.4,1248.0,2346.9,918.8,3041.1,1713.6,1525.9,2036.9,442.0,1558.9,294.9,1473.8,299.8,602.2,525.9,85.7,291.1,186.2,37.8,129.3,179.6,190.1,2309.2,3568.9,3755.1,486.8,2878.9,3222.6,2665.6,460.8,1098.8,489.0,334.7,1648.2,769.7,376.4,312.9,938.7,938.7,396.9,1593.4,728.2,535.7,909.1,1720.4,920.7,707.9,1885.7,689.8,772.5,1300.7,1160.8,855.1,3539.6,865.4,410.4,1660.9,1693.4,3175.2,1251.7,3998.5,2768.1,1919.2,3568.9,2649.3,2898.2,3198.8,3321.8,1444.2,3062.6,2750.5,1927.8,1784.4,2878.9,1576.0,2237.5,1536.7,3271.5,5757.8,6169.1,4152.2,3347.5,3890.4,7197.3,4643.4,1623.4,2859.8,1837.6,1894.0,3925.8,1829.8,1223.3,519.6,1769.8,2106.5,1251.7,3628.8,1531.3,2181.0,2453.6,3690.9,3019.8,3246.9,3722.7,1902.3,2768.1,354.5,550.8,365.3,1076.9,149.1,161.7,305.4,399.4,1449.1,274.8,1499.4,310.2,383.8,382.8,1769.8,2698.9,1784.4,2467.6,848.4,1499.4,1635.7,643.5,426.7,1478.8,467.8,396.1,977.0,524.0,3598.6,4073.9,2917.8,2137.8,2008.5,2841.0,3454.7,106.5,240.5,315.2,162.7,568.9,194.4,25.7,356.0,653.3,1300.7,811.7,1853.3,501.5,418.4,436.6,588.3,628.5,695.3,1375.2,97.9,486.3,147.6,598.1,569.7,299.8,258.5,237.9,580.4,104.3,285.0,261.2,45.9,141.4,206.1,199.5,1388.5,961.7,2297.0,1531.3,1504.6,1388.5,1962.9,924.7,550.1,1861.3,722.1,688.7,1420.5,981.4,527.9,178.0,761.6,1066.2,660.3,789.4,641.6,434.8,400.2,1008.9,701.0,807.1,637.8,424.2,332.1,413.6,955.3,1202.8,728.2,636.9,836.8,1183.1,1016.0,1799.3,1393.0,1093.2,725.7,1429.9,3961.8,6965.1,5536.3,3373.7,4852.1,3961.8,4907.2,4545.6,5140.9,6747.4,1504.6,6747.4,6445.3,5757.8,9387.7,6965.1,3659.6,6350.5,5682.0,9387.7,6258.5,7197.3,7711.3,4745.4,4073.9,3821.5,6747.4,7445.4,2601.4,1157.7,3961.8,3246.9,2601.4,3296.4,2917.8,6854.5,8147.8,5915.5,3568.9,3539.6,7319.2,5915.5,4451.9,7576.1,9188.0,6543.0,4745.4,6965.1,5835.6,5466.3,6965.1,6082.2,7079.3,3347.5,6258.5,7445.4,308.4,290.8,142.6,277.1,1285.2,174.3,117.7,508.6,1066.2,492.9,427.1,2116.8,790.9,472.9,926.6,2249.1,995.0,1266.3,3400.2,1454.0,722.1,121.4,268.3,313.1,280.0,875.9,264.7,36.8,474.5,472.9,912.9,541.1,926.6,653.3,364.4,3062.6,4745.4,3821.5,2148.4,2237.5,4451.9,2359.7,360.7,1074.2,944.9,523.4,703.3,2359.7,371.6,117.5,271.4,202.9,78.3,213.7,754.9,231.7,133.7,72.6,169.4,85.5,287.7,81.3,108.3,364.7,1018.4,1071.5,570.4,2260.9,970.4,1176.6,283.3,1145.4,1345.2,845.0,2453.6,1038.0,1375.2,471.4,1366.5,1734.2,1179.8,2841.0,776.6,1048.1,394.7,624.9,911.0,1411.2,1199.5,686.5,1040.5,1877.5,5080.4,5202.8,4073.9,3106.7,4275.6,3722.7,303.0,1025.7,942.8,635.9,611.6,2555.2,513.4,559.3,1806.8,1654.5,1312.5,1680.3,2510.6,733.1,1030.6,1045.6,562.2,963.9,2036.9,387.2,667.4,1328.7,2733.1,1454.0,1547.8,3788.0,1199.5,1829.8,2096.3,3659.6,2804.1,2585.8,3755.1,1494.2,2841.0,589.9,1248.0,1525.9,1101.6,2467.6,220.1,1145.4,1415.8,1755.4,2439.7,1845.4,1629.5,912.9,1837.6,3821.5,4594.0,4192.6,4963.6,2127.2,3539.6,4318.3,286.3,651.3,579.6,166.6,526.6,1463.8,487.4,865.4,2116.8,1990.0,1397.5,1660.9,3019.8,789.4
20260828_前橋_5R,20260828,22,前橋,5,179.0,812.5,215.0,447.0,152.6,401.8,366.9,110.5,148.2,87.3,436.0,54.8,479.7,76.5,1834.7,631.2,1441.9,3065.2,662.2,1510.0,1340.0,174.1,111.9,587.7,424.4,79.9,529.9,347.7,497.9,558.2,2064.1,546.9,395.9,1221.7,1236.4,70.6,32.8,245.4,35.6,207.6,288.2,91.0,1902.9,1555.9,2497.0,1802.4,3736.5,1100.8,3065.2,415.8,120.9,554.6,375.5,875.0,173.7,1150.3,468.7,1968.8,725.0,980.6,523.4,718.9,1055.4,458.2,621.2,1479.4,635.9,1042.5,450.6,440.1,3260.5,2023.3,4696.3,3604.9,2875.8,3682.7,4128.2,1302.5,2392.0,4412.9,3047.0,1759.1,1488.0,4128.2,593.1,396.8,1614.8,1350.6,1230.5,256.8,1270.2,717.9,1379.7,2976.1,1514.5,1662.0,1021.7,1841.3,881.0,629.6,2392.0,2055.8,642.2,1589.7,1322.7,1383.5,563.1,2680.1,3390.0,1917.2,1747.1,1221.7,87.5,64.7,112.5,347.2,56.0,374.4,36.1,184.3,200.7,653.7,414.4,392.8,265.9,122.6,65.4,111.1,235.6,268.0,122.3,308.5,29.9,564.3,1215.9,794.8,2403.3,999.8,1599.7,512.4,688.0,572.6,590.4,1828.2,982.5,1656.6,405.6,95.0,314.2,147.8,462.0,631.2,713.9,81.3,1179.5,1044.7,1201.6,1875.1,2572.3,1551.2,691.7,12.3,24.9,9.0,108.8,110.8,26.9,148.1,4161.8,1475.2,3999.2,4570.5,1619.9,3530.3,3159.9,3530.3,2559.5,5119.0,5068.3,4570.5,4829.2,4696.3,779.1,1105.6,1802.4,1594.7,1019.7,2316.3,438.2,6094.1,7998.5,4161.8,5504.3,6648.1,6735.5,7756.1,6319.8,5388.4,2598.5,5170.7,3968.2,4451.3,5817.1,1796.1,4338.1,1555.9,3968.2,3159.9,2305.8,2437.6,4696.3,7109.7,5504.3,6917.6,6735.5,4570.5,8256.5,2150.8,3630.5,601.5,4570.5,4653.6,2337.4,4696.3,1350.6,962.2,2666.1,2546.7,595.9,2666.1,2598.5,2380.9,3848.9,5119.0,4696.3,4230.6,4570.5,5952.3,1492.4,3709.4,3390.0,6825.4,2875.8,4784.1,2585.3,5625.3,7640.3,4301.7,4696.3,6022.4,6242.7,8980.7,4530.1,6917.6,7418.9,6094.1,3764.0,7998.5,8125.4,783.9,4195.9,2245.1,4412.9,3458.8,4922.1,5952.3,5625.3,5625.3,5564.1,6398.8,8391.8,6917.6,5504.3,3530.3,7528.0,2925.1,6735.5,5883.9,5817.1,7756.1,429.8,643.9,2169.0,833.7,583.7,942.7,1667.4,382.8,381.1,1458.4,1055.4,729.2,277.1,1312.5,1245.5,815.1,956.8,3791.8,1946.4,2534.1,1025.8,7418.9,4653.6,2403.3,5504.3,5018.6,5751.7,4611.7,3179.5,3848.9,5625.3,4969.9,3736.5,5751.7,7875.4,1242.4,2426.0,2080.9,3604.9,2976.1,3791.8,2722.8,4338.1,1599.7,5018.6,5504.3,6735.5,5687.8,5068.3,3324.0,2497.0,1466.7,5277.3,5504.3,3065.2,5170.7,140.3,63.5,367.7,52.2,321.3,457.8,146.3,440.5,796.1,1917.2,1082.2,1425.9,825.6,1614.8,129.0,412.1,286.9,589.7,873.5,1064.2,187.4,946.2,2097.9,670.9,2598.5,1854.7,1163.4,1089.1,369.0,1140.1,894.9,2559.5,2141.8,1570.2,2124.0,909.2,909.2,988.2,2216.0,1796.1,1888.9,1630.2,2039.4,3140.5,2908.5,3179.5,4696.3,5068.3,2509.3,284.7,870.5,188.3,757.2,1224.6,1117.6,1450.1,4195.9,3968.2,4128.2,4739.8,6398.8,3848.9,7209.9,3390.0,2572.3,4969.9,5388.4,2031.3,5068.3,4161.8,3324.0,2875.8,3878.0,4969.9,5068.3,4161.8,2875.8,5625.3,8676.3,6094.1,7109.7,7998.5,4829.2,9999.9,7209.9,6022.4,6562.8,7418.9,9141.1,6648.1,9999.9,6022.4,2348.1,6167.5,7418.9,8391.8,7418.9,7312.9,4784.1,7875.4,4653.6,5223.5,5068.3,6319.8,4412.9,6825.4,5751.7,3239.9,9844.3,9999.9,8980.7,5277.3,357.7,88.9,558.8,329.6,1077.6,214.2,1462.5,546.3,179.9,1387.2,1546.5,1127.5,1125.0,630.4,19.7,29.7,14.1,164.1,160.4,51.0,211.4,1001.7,1309.2,268.5,2187.6,2206.4,955.0,1895.9,1723.5,2611.7,1147.7,3630.5,4301.7,2572.3,5170.7,2197.0,1009.6,783.9,3878.0,3630.5,1579.9,2039.4,222.5,585.7,193.2,910.8,1073.1,1292.6,1142.6,4530.1,2472.9,1672.8,5332.3,5445.7,2694.2,3199.4
20260828_前橋_6R,20260828,22,前橋,6,488.3,588.3,512.4,372.5,122.3,1127.6,346.9,359.6,329.3,152.0,446.3,66.7,773.8,236.3,386.3,393.6,363.9,396.8,72.2,868.3,286.0,425.6,209.5,448.9,586.4,94.1,580.1,333.6,261.0,570.9,522.3,520.3,128.0,1174.1,243.0,21.3,17.2,7.2,14.7,25.6,102.3,8.5,1782.5,1765.1,1888.5,1425.1,2308.2,497.3,1725.6,155.8,137.6,163.9,159.1,133.9,30.2,614.4,1115.9,1593.2,1227.5,942.6,557.9,2259.9,841.3,1788.5,5243.9,1806.4,1687.8,2873.0,4779.8,2741.7,3215.0,6068.8,6068.8,4187.0,3273.5,5935.4,5568.3,1856.1,2241.1,5193.5,2222.7,2673.8,3462.3,2827.8,615.8,1032.7,2741.7,1141.9,992.8,2222.7,661.1,811.0,2318.1,3140.2,2348.3,1812.5,4000.9,1736.7,4501.0,5193.5,6586.9,4252.9,4737.9,5144.0,3803.7,827.1,1888.5,3215.0,1985.7,806.1,1279.9,2827.8,527.9,546.6,195.7,598.8,219.3,1003.9,552.8,1475.7,3177.2,1693.1,1406.5,2338.2,2769.8,2241.1,2621.9,5455.8,3375.7,3803.7,2903.9,6068.8,4463.8,172.0,506.6,825.8,495.9,446.0,237.5,598.8,892.7,860.0,1333.6,876.8,1682.6,2466.3,1118.2,451.2,1782.5,2269.4,889.8,1794.4,2109.8,985.6,2151.9,3553.4,4866.0,828.4,4538.8,2727.9,3017.4,915.4,1922.1,2559.8,1129.9,1200.2,985.6,2500.5,2596.7,2596.7,2596.7,2466.3,592.2,3354.8,1956.9,3122.1,7106.9,7201.7,5095.5,4123.1,6280.5,4219.7,4355.8,9645.1,6430.0,5295.3,4061.1,9154.7,6837.0,4616.4,9002.1,7201.7,5193.5,5807.8,7501.7,7943.0,4866.0,5870.9,5243.9,7014.6,4779.8,7943.0,6208.3,766.1,3625.0,3530.2,3440.3,3177.2,2621.9,3122.1,5193.5,9999.9,9999.9,9999.9,9999.9,7014.6,9999.9,2755.7,5935.4,6837.0,9645.1,5193.5,3699.5,9999.9,1161.5,462.4,1202.9,1479.8,307.0,929.6,961.0,1812.5,2250.5,4696.7,2477.6,2741.7,2673.8,2813.1,266.5,711.6,1661.9,957.6,688.9,258.4,800.1,4000.9,7399.0,4577.3,4219.7,4656.2,5095.5,7607.4,2559.8,2634.7,2077.4,4091.8,2433.0,2935.4,2466.3,371.9,2308.2,937.7,3293.4,2134.8,1530.1,1399.2,854.6,1641.7,626.5,2489.0,2093.5,1144.3,1304.6,1323.8,2714.2,1547.6,5626.3,2186.7,1556.5,2714.2,521.8,1270.8,1428.9,1238.8,472.1,2755.7,524.3,355.5,664.3,1731.1,726.9,625.1,1677.4,359.3,1677.4,1360.5,3273.5,2231.9,2389.9,4656.2,1617.1,4000.9,4219.7,3942.5,5347.7,4219.7,8183.7,3507.3,2400.5,2134.8,2455.1,4187.0,2660.7,3068.9,2338.2,587.7,936.0,1440.3,2489.0,1895.1,3858.0,1159.0,6001.4,4463.8,6924.7,8854.5,6068.8,6586.9,5295.3,311.8,237.4,753.3,2007.9,860.0,594.8,1862.5,32.6,32.4,12.8,22.9,50.4,187.4,18.4,339.4,1264.9,1888.5,1241.6,1048.7,2053.7,825.8,247.1,1176.7,1703.8,453.1,1471.7,1935.9,628.7,347.5,1806.4,1806.4,1677.4,1703.8,2609.3,1579.3,216.0,1149.2,602.1,1818.6,1384.9,1063.2,830.9,285.0,651.5,1044.7,1765.1,1166.5,2700.6,787.3,962.7,4321.0,3600.8,4154.8,2621.9,5144.0,2621.9,83.5,418.0,421.6,882.5,437.7,363.2,1282.9,5001.1,3122.1,3418.5,2827.8,6751.5,1843.4,4696.7,5935.4,6668.2,6507.5,6001.4,6668.2,6924.7,5568.3,4000.9,6137.8,9645.1,1862.5,8309.6,5347.7,6137.8,5511.5,9999.9,9820.5,9999.9,9999.9,7201.7,9999.9,3397.0,3699.5,1651.7,7607.4,5870.9,3440.3,4656.2,7827.9,7299.0,7399.0,9999.9,9475.9,9999.9,7827.9,2308.2,7106.9,3600.8,5870.9,3625.0,8309.6,4501.0,6430.0,6137.8,5870.9,9999.9,7716.1,7943.0,4577.3,202.9,281.6,287.4,274.4,181.2,56.3,921.7,440.2,947.5,1922.1,962.7,395.4,651.5,1895.1,657.0,1273.8,2813.1,827.1,1100.0,897.2,2348.3,1402.9,3000.7,3750.8,4030.8,3196.0,1824.7,5347.7,858.7,1467.7,1069.5,2967.7,1455.8,1122.9,1901.8,242.9,125.2,554.5,1399.2,602.8,363.2,1543.2,97.6,442.0,515.8,998.3,552.8,366.6,1602.7,3273.5,3215.0,3418.5,6668.2,3530.2,4321.0,3000.7
20260828_前橋_7R,20260828,22,前橋,7,69.8,221.8,19.3,678.3,36.5,149.2,185.3,118.6,323.5,129.6,1109.5,93.8,114.8,392.0,606.2,738.6,607.7,820.1,419.8,810.6,419.8,26.1,93.5,248.5,657.4,50.4,157.5,241.9,2567.7,2868.0,1739.1,2009.9,1537.4,2834.8,2868.0,23.1,56.4,117.7,26.3,360.3,92.1,117.3,313.1,195.7,606.9,273.6,1645.7,220.4,594.4,308.0,570.2,228.0,311.5,1287.2,292.9,708.7,74.4,245.2,22.4,754.5,46.6,152.5,210.9,163.5,563.0,119.6,1509.0,337.3,168.0,541.9,711.8,904.8,472.9,1000.8,1151.2,1463.9,774.7,12.6,38.9,105.4,373.8,43.3,67.9,104.1,2834.8,3046.1,2724.6,1985.5,4340.1,3772.5,3892.3,82.1,343.9,845.5,157.4,2281.1,649.5,753.3,390.4,362.4,1273.8,312.9,2608.7,821.5,1135.2,476.1,864.9,348.0,447.8,2622.6,1052.4,1153.9,185.7,553.5,208.3,1582.0,201.8,177.4,527.9,207.1,601.7,174.5,1739.1,378.7,224.5,928.8,1162.1,1720.8,1732.9,1829.9,1336.3,1164.9,1739.1,285.9,210.5,996.8,2141.6,533.0,315.5,818.7,3478.2,3715.4,2622.6,3923.4,3715.4,2834.8,3405.8,292.1,504.5,813.3,676.4,2608.7,414.5,1397.2,126.6,165.2,346.1,181.1,992.7,226.0,334.5,1102.1,1708.8,1270.5,1796.4,3184.6,1776.9,785.9,1685.3,2001.7,1472.7,2001.7,1235.3,1977.5,1354.7,1607.9,2802.4,1486.1,2594.9,2369.2,3084.5,1697.0,2302.5,3632.8,3269.5,2679.9,2464.5,2554.3,2694.7,2123.1,1915.7,3743.7,2476.9,3429.6,3164.1,2392.3,2554.3,2709.5,2324.3,2755.2,2901.9,2179.7,1151.2,1634.7,3205.4,2901.9,3104.0,2755.2,2380.7,2415.9,2554.3,4191.7,2990.4,3923.4,3247.9,3801.8,2954.4,882.0,1270.5,1576.9,1229.1,547.3,1602.7,1486.1,39.1,134.0,374.9,1039.0,93.4,234.4,364.0,19.6,53.8,154.6,468.8,57.5,98.4,140.1,266.3,167.2,1002.9,2608.7,559.2,371.5,963.5,1254.3,801.3,2313.3,1739.1,1879.0,2018.2,1816.4,3291.5,2104.8,4761.5,3164.1,2901.9,4499.4,4302.0,180.4,165.0,448.7,1156.6,1977.5,700.6,863.4,504.5,393.9,515.1,1381.5,3359.1,1032.4,1260.7,1104.5,581.7,1900.9,1347.3,3892.3,2104.8,1923.2,5162.4,6539.1,5330.8,3923.4,4499.4,5510.5,5702.7,5108.7,4541.0,5162.4,5389.4,8312.4,6811.6,7784.7,6369.3,6453.1,3861.7,7107.7,6539.1,7107.7,7006.2,5004.4,4904.3,3861.7,4156.2,4583.5,4227.9,1915.7,5217.4,5769.8,7006.2,4626.7,4761.5,7430.8,6718.3,5449.3,8455.8,6539.1,4670.8,5389.4,9082.1,9082.1,7910.2,7545.1,6369.3,5162.4,7107.7,8917.0,6627.5,5908.8,6453.1,4855.8,2694.7,5908.8,8039.9,6054.7,63.3,149.4,300.3,93.2,794.8,248.1,319.9,209.5,612.2,1223.0,285.8,2622.6,944.9,1325.5,478.0,866.4,1764.1,885.2,2990.4,898.2,1938.4,1273.8,2724.6,2802.4,2739.8,2464.5,3065.2,2594.9,246.9,278.8,579.7,1273.8,1732.9,852.9,1164.9,2868.0,5908.8,5004.4,4191.7,3478.2,7107.7,6539.1,711.8,1135.2,918.4,2260.0,1104.5,3405.8,1513.6,1438.2,2665.4,2567.7,2270.5,2651.0,5908.8,3084.5,556.0,309.8,1023.8,488.9,2302.5,541.9,1109.5,598.0,445.0,1459.6,530.2,2567.7,1052.4,1640.2,168.1,260.0,453.2,252.0,860.4,362.2,387.3,1757.8,2868.0,1645.7,2755.2,2452.1,3084.5,2694.7,614.5,573.6,504.5,1468.3,2622.6,1097.1,1607.9,5510.5,6130.4,3405.8,4156.2,5980.9,7430.8,4418.3,752.2,1277.1,760.3,2069.3,1162.1,3632.8,2439.9,1417.4,1796.4,923.6,1673.8,2095.8,3801.8,2665.4,839.7,1481.6,649.5,952.3,3027.3,1104.5,1829.9,1210.9,1879.0,1196.1,1085.0,3687.4,1900.9,2415.9,1592.3,2554.3,2608.7,2199.2,4086.9,2622.6,1401.2,646.1,821.5,1429.8,961.6,362.2,1429.8,1477.2,1287.2,1173.2,2755.2,1629.3,4019.9,2868.0,2834.8,4340.1,4808.2,4340.1,1518.3,4302.0,5769.8,4583.5,1556.9,2739.8,3027.3,3065.2,3313.7,6811.6,3478.2,1803.0,2313.3,1373.7,2035.0,2554.3,3659.9,2755.2
20260828_前橋_8R,20260828,22,前橋,8,139.4,149.2,24.1,50.8,36.2,61.9,17.0,511.4,977.7,661.3,957.8,1164.0,1059.5,1198.9,388.8,663.0,685.8,952.5,1185.2,1174.5,1317.6,25.5,203.9,235.7,34.5,92.9,126.7,97.3,112.5,365.8,457.8,113.6,306.1,251.8,302.7,75.1,577.4,658.8,152.0,270.6,344.4,262.9,129.3,662.1,885.9,274.8,312.3,496.3,487.0,117.4,793.8,1215.8,262.6,515.0,401.5,453.8,130.2,139.3,30.6,64.9,25.7,61.0,15.8,460.6,696.8,904.4,1632.5,482.0,784.2,467.2,415.6,598.1,830.6,1753.9,387.7,726.0,395.4,73.9,527.0,652.2,608.6,101.4,354.3,119.9,530.2,1759.8,2359.8,1233.1,868.1,1338.0,799.9,21.2,137.7,166.6,47.0,235.7,78.8,13.0,161.3,565.5,655.5,499.6,770.2,225.5,155.6,17.5,109.0,110.1,60.1,183.2,18.6,47.1,1470.7,1765.8,1554.3,2676.0,1922.8,2520.2,2806.2,1418.4,1696.6,2484.0,3393.2,2043.9,2043.9,1929.9,930.3,930.3,1736.3,1996.7,1518.0,715.0,1951.7,2791.1,3993.5,3415.5,3845.6,4024.5,3090.2,5705.0,6180.4,5582.3,4024.5,7987.0,5582.3,7416.5,3415.5,4055.9,2900.3,2703.9,3306.7,6180.4,3349.4,4437.2,2608.8,2370.5,1607.3,2718.1,5089.8,3393.2,3817.3,5297.5,3090.2,4635.3,6254.9,3327.9,5297.5,4326.3,1099.9,1784.0,1860.7,2127.7,1724.7,2136.4,3090.2,1002.2,1355.5,1531.4,3580.4,1048.8,1663.9,1201.7,1028.0,816.2,1828.0,2172.2,1568.4,791.4,1915.7,3053.8,4024.5,3605.2,4807.0,1702.1,4514.4,5352.1,7111.7,8240.6,4399.6,6922.1,6831.0,6331.2,9983.8,2328.0,2076.6,2267.0,1504.8,4991.9,2136.4,4807.0,2884.2,3000.9,1765.8,5140.2,6409.3,3656.0,5140.2,4991.9,3071.9,6409.3,7987.0,9999.9,6180.4,6831.0,87.7,583.9,716.0,198.3,222.5,415.9,296.1,170.8,1266.2,1422.3,1182.5,252.6,852.4,347.0,1622.3,2338.5,3371.1,6107.7,3053.8,3108.7,3224.6,1796.4,3000.9,2520.2,3963.0,1535.9,3762.0,3789.4,1081.5,2297.1,4255.4,4153.2,2495.9,3789.4,3165.6,471.5,374.0,1642.9,1658.6,1753.9,1288.2,1036.2,1161.4,1577.9,2983.6,3285.8,4024.5,2101.8,1908.6,1059.5,822.7,3681.9,4437.2,3817.3,1790.2,3036.0,1081.5,3461.0,3244.7,1247.9,2370.5,1854.1,2317.6,1540.5,4677.1,6107.7,4475.5,4120.3,4399.6,3204.6,8951.0,6742.3,5297.5,9999.9,8373.5,9999.9,9108.0,8240.6,9999.9,5407.9,8510.8,7748.6,9795.4,5967.3,1680.1,4594.3,8951.0,5582.3,4186.7,5643.0,7015.6,4635.3,4991.9,7634.7,6409.3,5244.0,8373.5,8111.8,3461.0,6107.7,9999.9,9999.9,9439.2,9983.8,8111.8,4944.3,5040.4,8510.8,9999.9,8951.0,9795.4,9614.0,130.4,1066.0,920.4,248.2,597.4,644.9,411.7,79.0,404.0,494.4,136.3,653.0,257.2,77.8,2027.9,1430.1,2209.1,1981.5,4991.9,3108.7,2582.8,1272.4,1341.5,1663.9,988.8,4290.5,1674.7,2718.1,348.6,353.8,1426.2,1221.5,1540.5,1048.8,979.5,2076.6,2237.7,4362.6,4719.6,2557.4,6107.7,3762.0,1384.4,749.1,2852.5,2381.4,1648.1,4437.2,1450.1,833.3,339.7,2154.1,2437.3,1151.1,2746.8,1403.1,243.9,975.8,1288.2,507.4,653.0,858.1,797.4,236.1,803.6,1034.1,774.8,1042.4,438.4,326.5,1901.6,1790.2,1351.9,3108.7,3306.7,3071.9,2983.6,2145.2,2093.3,1247.9,3484.3,5140.2,2949.7,3531.7,963.1,1549.7,3127.4,3762.0,3874.3,2027.9,2852.5,2370.5,3349.4,6180.4,6489.5,4944.3,6742.3,5089.8,1269.3,759.0,1815.2,2570.1,1418.4,2582.8,2012.2,1462.4,838.7,2544.9,3656.0,3018.3,4186.7,2060.1,330.4,3127.4,3933.0,1092.9,2370.5,1151.1,1674.7,203.4,947.3,1038.3,505.5,1338.0,262.6,477.6,5407.9,2776.2,6036.7,6489.5,3555.8,4762.9,5768.4,7210.5,2608.8,6489.5,7111.7,9614.0,5089.8,6409.3,1509.1,1057.3,5407.9,5352.1,5522.9,2257.2,3933.0,4186.7,3393.2,3555.8,9999.9,5643.0,7866.0,8111.8,1458.3,470.6,3185.0,3507.8,1828.0,4635.3,2012.2,2595.8,1083.8,5191.6,5643.0,4220.8,6331.2,2472.1
20260828_前橋_9R,20260828,22,前橋,9,623.3,1100.8,491.8,1385.2,178.7,937.2,171.9,964.1,3116.8,1145.4,1252.5,863.2,1992.9,449.7,1842.2,3481.1,2281.2,3597.9,1279.4,2749.1,664.3,757.1,1497.4,2053.9,1518.6,606.4,972.9,397.9,4030.7,2061.8,4661.6,3802.0,3697.1,5827.0,1562.9,135.1,440.1,584.6,294.7,1017.2,717.6,76.5,2085.9,3153.4,2470.4,1145.4,3350.5,1729.3,736.3,58.8,115.6,83.5,92.7,353.6,32.0,226.2,953.8,1629.4,764.7,2197.0,189.0,1701.8,259.9,1013.4,3210.1,1374.5,1485.0,292.9,2653.9,819.7,2602.3,4123.7,3080.9,4918.2,1204.6,5105.6,1572.1,1023.0,1581.3,2118.9,2615.0,369.9,1659.7,791.8,4394.1,2866.7,5526.7,3884.7,1600.2,4744.1,3210.1,105.4,146.8,490.0,132.9,515.9,363.6,59.9,2961.8,3550.2,5307.8,2015.3,4744.1,1030.9,1811.1,203.1,523.5,627.0,434.0,1518.6,104.6,1028.9,1527.3,4254.6,1476.8,1942.3,1207.4,3045.9,696.2,1381.6,3350.5,1949.4,1769.2,520.9,2994.9,1032.9,5643.0,6962.2,5057.4,4123.7,3350.5,9086.2,4963.8,2261.9,2459.1,4061.2,2425.7,1414.4,1707.2,1403.3,1696.4,1751.9,2821.5,1907.7,1291.7,2179.2,925.8,1270.3,527.1,2777.6,1288.6,1649.5,2414.8,742.5,4358.4,4661.6,7550.5,1992.9,3191.0,3080.9,2640.8,607.8,1089.6,1691.1,1019.1,1128.6,636.6,2188.1,3802.0,7147.8,4155.7,4254.6,1729.3,4621.4,1264.3,3436.4,5956.5,4963.8,6872.9,2640.8,6382.0,2777.6,8122.5,6872.9,5584.2,5057.4,3697.1,9573.0,6382.0,5470.3,5470.3,6023.4,4621.4,3597.9,5470.3,2505.0,8122.5,9405.1,5154.7,5891.1,5204.7,7550.5,6161.9,2022.9,2110.5,3550.2,2667.1,3913.0,3153.4,1544.9,5307.8,9999.9,9999.9,7883.6,9999.9,5827.0,5827.0,974.7,2015.3,4254.6,2110.5,5057.4,1175.6,4188.2,1276.4,1942.3,2403.9,2763.3,786.0,1388.8,534.4,1180.8,1786.9,2118.9,2552.8,659.3,1350.3,817.2,2022.9,2094.1,3458.6,2127.3,1396.0,1712.7,1433.3,3526.9,3392.9,3829.2,3172.1,2493.4,3622.2,1942.3,4000.6,3775.2,1992.9,4155.7,2393.2,2735.1,2310.7,614.7,393.0,972.9,1781.0,1729.3,880.2,363.9,919.5,1017.2,1207.4,2215.2,1544.9,793.0,511.5,374.3,621.9,945.4,893.4,1553.8,372.5,707.2,6233.6,4543.1,8122.5,6306.9,6306.9,8001.3,3458.6,6458.9,4123.7,7343.7,6306.9,4702.5,7769.4,5470.3,2882.2,2707.5,3153.4,3080.9,2693.9,3802.0,1786.9,8934.8,9405.1,5703.0,6161.9,5643.0,7769.4,4430.5,6872.9,6233.6,4661.6,5105.6,3622.2,4702.5,3913.0,6382.0,3913.0,3622.2,5764.4,4123.7,5307.8,4061.2,8934.8,8788.3,5643.0,8788.3,3884.7,4829.6,4829.6,3856.7,4963.8,2735.1,6091.9,3646.8,3622.2,5891.1,75.4,330.3,472.3,245.6,1053.2,635.1,50.0,42.1,85.6,262.2,78.4,217.9,192.6,20.9,616.9,271.9,1562.9,621.9,769.1,1357.1,277.1,1114.5,937.2,1854.9,1399.7,2978.2,2693.9,602.3,372.5,198.2,494.0,947.1,996.4,517.4,194.0,2179.2,940.5,1510.1,3288.9,1685.8,2721.2,1065.7,1273.3,769.1,2110.5,3028.7,861.8,2882.2,575.8,25.4,20.6,107.9,85.6,70.8,328.2,233.9,2961.8,4543.1,3458.6,1544.9,6091.9,2565.0,971.1,1150.4,3884.7,5255.7,2351.2,5526.7,1854.9,937.2,4744.1,4829.6,9573.0,2330.8,3802.0,4430.5,3622.2,4358.4,8646.6,9747.1,4661.6,9573.0,5526.7,4254.6,1123.8,1065.7,1514.3,2627.8,1746.2,868.8,624.8,1634.4,1629.4,5105.6,8788.3,3884.7,4873.5,1407.0,2102.3,1468.7,3622.2,4288.7,1301.1,4394.1,1201.9,778.0,1670.0,2459.1,2170.4,806.1,3191.0,965.9,22.9,54.4,22.5,35.0,171.7,11.1,102.2,71.4,251.2,181.6,169.3,555.5,52.1,422.7,183.7,361.4,444.5,402.4,434.7,193.0,908.6,86.1,157.7,278.3,176.4,459.3,104.0,414.6,125.5,240.0,428.8,264.4,628.4,147.6,298.9,585.2,844.2,919.5,1223.9,1336.8,889.0,2281.2,14.9,16.6,83.5,45.3,50.0,279.2,157.6,282.4,539.3,1152.8,703.5,360.0,1595.5,411.1
20260828_前橋_10R,20260828,22,前橋,10,55.2,451.7,40.7,403.8,46.0,247.7,58.1,69.9,680.2,225.5,637.9,60.5,444.0,205.5,1057.0,2556.9,2619.1,2093.5,1605.2,2812.6,3805.3,193.0,510.5,1725.1,1671.6,385.9,1200.2,465.7,1268.4,1936.8,2684.3,2629.7,1684.6,3300.6,3459.4,61.2,85.0,507.3,162.9,545.9,280.1,188.2,1023.6,1336.6,3008.9,2185.5,3202.5,1232.2,2849.8,110.9,312.9,1697.9,335.5,1663.0,199.4,1241.6,41.5,282.0,16.3,254.2,35.5,148.3,20.8,92.8,1012.3,123.8,765.5,369.8,554.8,127.4,779.4,1960.3,690.4,921.5,1633.6,1236.9,881.3,11.8,54.1,156.5,145.0,59.5,63.7,8.6,850.0,1555.0,1036.7,640.5,1972.3,1370.5,732.6,174.9,525.0,1234.5,226.6,1391.2,646.2,278.8,573.5,1218.3,1562.6,394.4,1753.1,1074.6,452.7,9.5,50.9,207.7,6.0,189.4,86.1,108.2,144.1,1225.2,486.0,1015.5,178.4,974.2,434.1,176.4,1609.2,289.8,1317.5,710.8,1067.5,300.4,1990.5,2546.9,4900.8,2200.4,3593.9,7268.7,6342.3,1206.9,983.1,5625.3,5175.3,2824.9,3334.6,2223.0,2953.9,2752.8,2824.9,5674.7,5625.3,7031.7,3300.6,925.4,1597.3,3739.4,2459.7,4523.9,3234.5,3022.9,3369.3,2752.8,8086.4,3873.7,6882.1,5436.2,4976.2,996.7,684.5,3218.4,1972.3,2764.6,2536.9,3441.0,2536.9,5625.3,5828.0,4043.2,2488.1,4371.0,6102.9,2352.4,5054.0,2788.4,2800.5,4371.0,3827.9,2527.0,5828.0,6405.1,8742.1,4900.8,5302.6,9801.7,7701.4,8625.5,4722.0,8742.1,5828.0,8861.8,8984.9,8293.8,2695.4,1880.5,3387.0,3805.3,5302.6,1258.5,4791.9,4120.4,6280.7,7522.2,5935.0,6809.6,3675.6,8086.4,5346.4,4555.7,9999.9,9999.9,3022.9,7435.8,9999.9,6342.3,4864.0,8086.4,9111.5,7889.2,9999.9,9999.9,328.0,1359.0,2940.5,2361.0,1134.9,2413.8,944.4,184.1,558.1,913.7,1105.8,505.0,520.8,185.6,1532.9,1180.5,7031.7,7794.1,3783.1,5828.0,2981.1,2718.1,1702.4,7986.6,2404.8,6469.1,8512.0,7108.9,5217.0,3441.0,8512.0,5346.4,5217.0,6601.2,6601.2,1675.9,1258.5,3783.1,5390.9,4341.7,3554.4,3351.9,4094.4,1551.3,6280.7,7268.7,8625.5,4620.8,3574.1,965.5,387.3,2185.5,3717.9,3968.8,2488.1,3037.1,2142.1,3968.8,4228.2,5482.3,3186.7,6534.5,5302.6,1880.5,2812.6,2047.2,1743.7,4430.9,3944.6,2695.4,4588.0,3696.6,3761.1,9999.9,8401.5,9999.9,4827.7,1801.9,1353.3,2875.1,3110.1,3783.1,1525.7,2994.9,6469.1,4018.1,9801.7,4864.0,6161.1,8512.0,7108.9,6882.1,7610.7,8512.0,6956.1,6738.7,9999.9,9999.9,9952.5,5674.7,9999.9,3202.5,9111.5,9999.9,9999.9,6405.1,3369.3,4555.7,6738.7,6161.1,9999.9,9999.9,326.5,535.0,1864.3,660.7,2215.4,1522.1,1035.0,369.4,877.7,2619.1,646.9,2718.1,1483.7,1123.1,1119.2,2021.6,4864.0,2824.9,5674.7,4976.2,4146.9,4043.2,6161.1,7351.3,7986.6,6882.1,6738.7,8984.9,1936.8,1822.3,3675.6,6342.3,5054.0,4173.6,4341.7,5093.8,5881.0,6469.1,7889.2,5390.9,9801.7,9513.4,3761.1,5259.4,7031.7,6534.5,6102.9,9999.9,6045.9,1966.3,2009.0,4492.4,6669.2,3574.1,9999.9,5881.0,2640.4,3944.6,4588.0,5093.8,7986.6,3202.5,3968.8,1684.6,4068.6,4312.7,1853.6,4938.3,2741.1,2027.9,4200.7,5482.3,9999.9,9801.7,9999.9,9999.9,9999.9,5054.0,6220.3,9999.9,9999.9,3944.6,8293.8,9999.9,7889.2,2729.6,9999.9,9999.9,9999.9,8401.5,8742.1,9999.9,6342.3,9999.9,3654.9,9999.9,9999.9,9801.7,4523.9,6102.9,9655.4,7351.3,5724.9,9999.9,9999.9,6342.3,3155.6,8742.1,9999.9,9513.4,9999.9,9801.7,105.0,398.8,2718.1,376.1,3351.9,276.5,1675.9,38.0,231.9,799.6,28.0,757.5,348.9,548.7,528.9,643.6,4120.4,2128.0,3234.5,2507.4,4492.4,5776.0,3155.6,5776.0,5259.4,5259.4,6956.1,6045.9,736.8,307.0,1948.5,3422.8,3717.9,2192.9,2100.3,3593.9,2163.6,3140.3,3614.0,4228.2,9999.9,7435.8,1361.9,1347.7,4043.2,6045.9,2927.2,8742.1,3654.9,5093.8,2285.9,7268.7,7986.6,6220.3,7889.2,6738.7
20260828_前橋_11R,20260828,22,前橋,11,340.7,559.1,188.9,1528.8,248.3,1433.6,497.9,592.2,2451.0,697.0,3039.3,1386.5,2835.2,857.6,1623.5,3051.5,1943.3,5982.9,2743.0,4317.2,3957.4,105.9,212.3,700.3,790.6,369.7,654.4,349.8,3653.0,4522.8,8259.0,3618.2,6724.2,5890.2,5844.9,547.8,1510.6,1913.9,932.3,4268.7,3501.5,1669.9,3247.1,4469.6,5388.9,3377.0,6177.5,6385.1,4870.7,815.2,786.5,3453.8,836.8,4366.8,1541.2,3347.2,115.0,144.0,67.1,740.5,51.0,662.4,181.8,117.1,142.3,121.4,615.7,59.0,585.8,90.2,114.6,116.1,104.0,452.8,42.2,443.3,178.4,37.5,93.7,81.5,580.4,28.3,498.9,126.0,1848.7,1310.0,1458.4,1696.0,687.0,1576.4,2037.0,18.0,17.3,7.8,13.0,146.6,85.4,24.9,1211.8,1045.1,919.8,1079.3,1029.5,411.6,1176.2,155.9,76.8,167.8,132.0,911.0,55.8,579.5,519.3,2053.6,530.9,2675.4,1196.5,2459.0,445.6,307.0,419.5,304.0,1268.5,235.3,1167.1,177.6,2684.9,1160.0,2475.0,4341.9,2104.8,5800.2,2248.0,485.2,456.9,1771.1,2814.2,1052.4,1767.0,516.5,4341.9,2933.7,5240.2,4392.1,5388.9,4197.9,2352.4,1277.0,532.4,1783.6,1149.5,4063.2,3027.2,780.9,3101.3,2196.0,6127.7,2620.1,2602.1,4496.0,1576.4,285.2,116.9,842.3,269.8,762.1,340.8,624.8,2221.7,5936.2,3247.1,7306.1,3377.0,6228.1,7306.1,1296.6,1179.8,1170.7,3003.3,615.2,2733.2,1800.5,5890.2,1666.3,4341.9,6385.1,3015.2,8835.3,4839.7,2814.2,1817.7,3857.0,5168.9,3126.9,7101.2,4690.3,9999.9,6550.3,7035.5,6439.2,7598.3,6665.2,8442.6,2900.1,909.9,2427.5,2507.7,5427.4,2427.5,3761.5,7168.2,6494.3,9999.9,9999.9,9154.6,5388.9,9741.5,6279.6,2900.1,4605.0,6030.4,9999.9,5388.9,9266.3,44.7,85.8,300.8,514.4,153.8,426.3,181.3,55.3,131.1,142.8,700.9,72.8,692.6,196.4,243.6,251.3,849.9,1014.4,478.1,1557.0,340.2,1185.3,763.6,1603.0,1918.7,1083.9,4085.1,2087.4,2753.0,2584.4,4244.8,4221.3,3896.6,3618.2,4152.1,499.8,257.9,710.7,922.1,1414.9,2076.0,836.8,2254.7,2037.0,2793.5,4902.1,3501.5,3039.3,2196.0,348.0,325.1,362.1,1260.0,2140.3,616.7,1754.8,4633.1,6494.3,9380.7,4998.9,8083.3,6279.6,6030.4,3688.5,3027.2,3303.6,3876.7,2835.2,3392.1,4366.8,7753.4,4443.4,5670.4,8083.3,7914.9,6279.6,4129.5,9999.9,7377.0,6970.9,6279.6,9997.8,7998.2,5204.3,4063.2,4605.0,6724.2,5350.9,5628.4,5427.4,5756.3,7833.3,4549.9,8634.5,7523.1,6127.7,6228.1,6907.6,4341.9,2352.4,3392.1,4966.2,3618.2,4809.0,3837.5,6970.9,5134.0,4443.4,9997.8,5756.3,7833.3,5982.9,383.3,1361.7,1630.5,909.9,3347.2,3152.8,1592.9,72.1,70.5,28.8,69.6,431.7,205.5,64.5,1364.1,418.8,1644.6,1255.9,3957.4,3088.7,803.2,1630.5,543.1,1484.0,1486.9,3275.1,2675.4,2170.9,527.2,314.8,1019.9,1279.1,2763.0,2254.7,1055.3,5546.2,2584.4,4934.0,5844.9,4063.2,4966.2,4902.1,5587.0,1200.3,5240.2,3957.4,3670.7,2704.0,2694.4,1270.6,213.7,456.6,2234.8,1096.4,3165.9,1771.1,3957.4,5313.5,5587.0,3799.1,6228.1,6970.9,5427.4,2323.6,2202.4,2087.4,2541.2,2081.7,1344.8,2507.7,5168.9,3101.3,9154.6,4392.1,5204.3,7236.5,2704.0,6845.3,6494.3,9999.9,8634.5,8835.3,7168.2,8170.2,4041.6,3219.6,4870.7,7998.2,4417.6,4902.1,4690.3,3469.5,1742.7,2956.5,3978.2,3332.6,3051.5,2945.1,7753.4,2309.5,7035.5,5276.6,4221.3,4966.2,4661.5,5587.0,3275.1,2783.2,8835.3,4605.0,3818.2,4605.0,388.4,486.4,1880.7,500.8,2824.6,932.3,2330.7,132.6,63.6,192.6,146.9,926.6,61.1,580.0,170.3,59.5,553.8,125.6,640.6,125.8,470.4,2878.1,1312.3,1817.7,1699.8,2684.9,1762.9,4522.8,314.2,306.0,355.2,1319.1,2104.8,602.5,1734.7,3584.1,2374.4,2208.8,6331.9,3332.6,3896.6,3550.6,602.0,113.9,345.0,1576.4,619.7,1948.3,1394.1,3670.7,1606.4,1826.5,4966.2,2593.3,2316.5,2359.7
20260828_前橋_12R,20260828,22,前橋,12,108.6,1170.2,792.5,1454.5,294.3,1017.6,279.4,30.4,74.5,87.4,71.6,16.3,66.4,4.1,2382.0,549.4,2792.9,2571.1,1531.0,1474.2,1561.0,2014.2,583.9,2526.6,3800.8,1053.2,3225.8,1200.8,2749.0,560.3,2235.8,3973.6,2213.1,1652.5,1442.5,305.2,100.8,796.9,417.4,1403.2,725.4,270.4,2318.8,520.0,1117.9,3004.1,1991.3,1444.9,1248.8,176.6,27.5,502.9,400.6,705.5,143.8,434.9,173.3,1083.2,732.1,1419.1,274.6,1064.8,297.6,225.1,1209.1,695.4,1138.2,333.6,1147.2,730.3,2362.7,2649.1,3336.6,3902.6,1884.0,2331.2,4601.0,1447.3,1353.2,2784.0,3751.9,735.8,3553.6,2462.5,2350.0,1840.4,3704.2,4371.0,1844.3,2689.8,3937.8,194.1,221.2,628.0,179.6,1105.1,638.5,473.5,2395.0,2448.7,1982.3,3323.9,3178.9,1888.1,3553.6,725.4,1295.1,3089.0,2258.9,4371.0,1412.2,3510.8,21.9,54.4,62.0,67.4,11.4,41.0,4.3,98.0,631.1,327.5,627.5,133.2,457.6,337.7,332.7,1138.2,1340.8,958.5,852.0,616.5,949.1,407.1,887.5,1496.9,1355.3,452.7,1005.9,922.1,364.4,977.8,919.2,1755.4,822.3,580.8,775.0,53.2,102.0,436.8,123.7,568.7,354.2,197.2,237.4,764.1,384.2,988.9,668.3,535.3,706.7,87.4,451.5,822.3,784.0,906.8,301.9,734.6,2933.5,1207.4,4371.0,3024.9,2052.1,2180.0,2578.7,2943.4,2953.3,4601.0,2953.3,3089.0,2337.4,2698.1,983.3,2904.3,3817.4,1875.9,2681.6,1387.6,2196.4,5363.2,5676.6,5396.3,3004.1,4306.4,3469.0,2923.7,3902.6,4700.0,2885.1,4725.4,4967.0,855.3,3046.0,2127.0,2609.5,2526.6,3167.4,3144.6,1934.0,5142.3,1655.6,2196.4,1454.5,4223.2,981.1,1809.9,3597.5,4576.9,7947.3,4700.0,7165.6,7536.2,7471.8,6724.6,3868.1,1734.5,4601.0,6776.7,2202.0,5266.2,2973.4,3428.2,2829.1,4911.2,5568.1,1392.0,6381.0,4700.0,1787.7,2792.9,5828.0,6289.2,1929.8,5266.2,4327.7,6475.5,6572.9,6028.9,4829.8,4803.3,6334.8,6334.8,7601.7,8405.8,7875.7,6475.5,4028.5,8830.3,9202.1,1798.7,1274.3,1550.0,3428.2,3597.5,3920.1,3525.0,7224.8,8742.0,5906.7,6673.3,9400.0,5640.0,5363.2,4856.6,7408.5,4700.0,7224.8,9934.1,4883.8,9502.2,2923.7,782.6,2801.9,3100.0,2689.8,2076.4,1278.0,2894.7,2028.3,4506.2,5946.9,2548.6,4085.0,5946.9,653.3,1707.4,2005.0,2706.5,2137.4,1637.0,1912.9,3178.9,4529.5,2369.1,4674.8,4066.0,887.5,3428.2,3111.0,3067.3,5828.0,4674.8,2441.9,7050.0,6724.6,2247.3,2218.7,3612.4,4327.7,1934.0,3401.5,5498.1,1572.3,3056.6,1378.8,462.7,3920.1,2408.2,3089.0,3642.5,7346.2,3190.5,6427.9,7346.2,8170.1,5498.1,413.9,199.9,964.9,542.9,1643.2,1219.2,458.8,234.6,217.5,772.9,183.3,1186.1,658.7,754.9,166.7,281.8,1215.8,346.9,1766.0,1033.3,619.5,1848.2,1968.9,2218.7,2337.4,3455.3,2081.4,4415.1,505.3,372.1,454.1,1306.7,1697.4,1135.3,1412.2,3428.2,3078.1,3469.0,4553.1,2820.0,3323.9,5713.7,2009.6,2388.5,1977.8,1525.6,2578.7,3553.6,3122.1,1191.0,2018.9,1310.6,3673.1,2421.6,5172.8,3455.3,3078.1,931.9,1697.4,4123.6,2519.3,2356.3,1947.0,3553.6,2973.4,2993.8,6829.7,3673.1,3202.2,5463.7,786.1,2337.4,1266.9,3704.2,1762.5,1875.9,2586.4,1194.2,1942.6,1192.6,3349.4,759.5,1586.5,2933.5,6776.7,7805.3,5751.3,6381.0,8325.7,5024.1,7805.3,1671.5,2792.9,1471.7,591.4,4856.6,2578.7,3553.6,2681.6,3375.3,2343.7,1973.3,2810.9,3751.9,4437.5,3568.1,8325.7,3851.1,5987.6,9012.4,6427.9,6993.6,774.3,182.0,2106.5,1396.4,2337.4,753.6,1917.1,1293.2,2033.0,5640.0,3720.0,5363.2,2421.6,6572.9,236.0,1766.0,3100.0,2023.6,2497.7,1204.1,2885.1,5234.7,7224.8,5053.2,7285.0,6938.1,7471.8,6776.7,3455.3,6244.3,3937.8,6883.4,9300.0,3955.6,9713.3,3973.6,6381.0,3510.8,6883.4,6475.5,7107.3,6156.3,1618.8,2856.8,1681.1,6156.3,3388.3,6724.6,4725.4,4028.5,8325.7,5053.2,7736.3,9606.6,7050.0,6070.8
20260828_奈良_1R,20260828,53,奈良,1,325.2,347.2,153.3,214.2,,,,1204.9,1471.5,920.6,619.0,,,,657.6,1310.4,480.0,1196.8,,,,188.9,614.8,293.8,329.4,,,,334.3,199.7,497.3,224.6,,,,,,,,,,,,,,,,,,,,,,,,,230.4,225.2,104.2,85.6,,,,621.2,474.9,288.1,547.3,,,,370.1,292.8,57.7,433.6,,,,27.7,43.9,6.0,48.0,,,,310.6,512.9,531.1,267.1,,,,,,,,,,,,,,,,,,,,,,,,,760.7,1447.8,1002.9,645.8,,,,698.5,735.7,432.6,915.9,,,,1221.3,754.3,342.6,854.9,,,,706.8,302.2,252.1,414.6,,,,549.0,780.5,729.8,419.4,,,,,,,,,,,,,,,,,,,,,,,,,438.9,777.2,369.4,911.3,,,,245.9,285.4,52.8,419.4,,,,682.6,353.4,217.3,662.4,,,,105.2,16.9,64.3,122.2,,,,767.2,502.8,831.1,376.3,,,,,,,,,,,,,,,,,,,,,,,,,77.4,246.6,128.6,157.7,,,,21.7,24.3,3.4,36.3,,,,235.9,96.2,100.0,235.3,,,,45.0,5.9,26.8,52.7,,,,194.5,137.4,200.3,133.0,,,,,,,,,,,,,,,,,,,,,,,,,350.6,220.8,685.2,298.2,,,,748.0,859.0,1115.1,507.1,,,,387.7,682.6,643.4,378.7,,,,1213.0,1213.0,939.9,586.7,,,,377.9,394.5,360.5,347.9,,,,,,,,,,,,,,,,,,,,,,,,,,,,,,,,,,,,,,,,,,,,,,,,,,,,,,,,,,,,,,,,,,,,,,,,,,,,,,,,,,,,,,,,,,,,,,,,,,,,,,,,,,,,,,,,,,,,,,,,,,,,,,,,,,,,,,,,,,,,,,,,,,,,,,,,,,,,,,,,,,,,,,,,,,,,,,,,,,,,,,,,,,,,,,,,
20260828_奈良_2R,20260828,53,奈良,2,343.0,189.5,209.3,1205.1,353.7,,,299.4,131.6,45.1,735.9,62.9,,,186.2,170.3,83.4,275.0,107.0,,,100.1,18.7,28.7,244.6,3.1,,,2641.3,2242.0,1205.1,1377.2,1676.6,,,287.7,57.1,94.8,14.2,591.4,,,,,,,,,,,,,,,,,868.5,459.0,447.3,2351.4,768.2,,,1634.0,1197.6,2118.8,1947.6,2216.3,,,381.0,532.6,335.9,226.3,401.7,,,753.1,1928.1,1236.0,3443.1,724.8,,,5842.9,3012.7,1854.0,8383.4,7141.4,,,1593.5,2537.0,1205.1,1530.3,7416.0,,,,,,,,,,,,,,,,,567.1,211.1,60.8,1140.9,91.0,,,864.6,544.6,1095.5,1567.6,1083.2,,,482.0,780.6,384.8,485.6,394.3,,,61.3,901.0,326.8,1329.7,73.3,,,2678.0,1890.3,1449.7,1890.3,2029.6,,,153.3,1182.9,399.2,111.6,1567.6,,,,,,,,,,,,,,,,,413.7,482.0,229.8,600.6,299.8,,,420.0,552.4,474.9,281.8,575.5,,,845.6,968.9,945.1,949.8,1083.2,,,380.3,1108.1,931.4,1134.2,534.1,,,1059.4,803.4,1004.2,1140.9,1220.3,,,686.1,1890.3,1348.3,824.0,1357.8,,,,,,,,,,,,,,,,,131.7,27.8,59.0,465.7,4.6,,,638.4,1648.0,1108.1,3708.0,1311.6,,,60.3,1294.0,476.0,2118.8,93.8,,,231.4,1190.2,647.0,993.9,359.0,,,2678.0,6648.9,5211.3,2794.4,1909.0,,,15.5,579.0,82.6,198.7,1108.1,,,,,,,,,,,,,,,,,6427.2,8034.0,3708.0,6025.5,8034.0,,,8034.0,2570.9,2877.8,9999.9,9999.9,,,8383.4,2641.3,2641.3,9999.9,9999.9,,,4284.8,2295.4,2570.9,2877.8,5671.1,,,8764.4,9999.9,9640.9,3060.6,3268.1,,,9999.9,9999.9,9999.9,7416.0,3638.0,,,,,,,,,,,,,,,,,626.0,153.8,238.0,45.8,884.4,,,1737.1,2118.8,2268.4,2166.4,4944.0,,,230.6,1836.3,777.4,217.6,2472.0,,,681.3,3160.9,1311.6,853.1,2570.9,,,31.8,768.2,110.8,268.1,964.0,,,4944.0,9999.9,6886.3,5842.9,2295.4,,,,,,,,,,,,,,,,,,,,,,,,,,,,,,,,,,,,,,,,,,,,,,,,,,,,,,,,,,,,,,,,,,,,,,,,,,,,,,,,,,,,,,,,,,,,,,,,,,,,,,,,,,,,,,,,,,,,,,,,,,,,,,,,
20260828_奈良_3R,20260828,53,奈良,3,301.8,749.6,203.1,132.0,268.5,,,378.7,1173.4,448.4,186.1,311.5,,,1832.9,2511.2,1451.5,1195.8,1708.3,,,168.1,387.5,711.3,93.9,270.6,,,80.5,98.2,373.6,51.7,95.7,,,365.0,328.6,711.3,348.7,208.9,,,,,,,,,,,,,,,,,164.4,260.7,94.9,79.9,109.9,,,133.8,167.4,232.0,35.9,26.7,,,593.6,324.8,526.4,332.1,241.6,,,237.5,456.5,439.7,272.0,361.3,,,65.7,47.3,197.4,176.1,42.5,,,64.0,19.0,30.8,137.9,56.9,,,,,,,,,,,,,,,,,329.1,662.5,355.1,183.5,198.3,,,234.0,301.1,496.2,68.3,55.7,,,947.6,535.4,1037.6,560.5,241.6,,,815.3,834.2,1178.9,727.8,592.2,,,144.1,53.2,308.1,393.6,36.1,,,72.7,39.7,30.9,163.4,36.9,,,,,,,,,,,,,,,,,2821.5,3139.0,3100.2,2242.1,2025.1,,,1888.1,965.8,2183.6,919.8,711.3,,,2821.5,1008.5,2486.3,1190.1,470.2,,,3440.0,2989.5,2954.3,2346.9,2643.3,,,2242.1,930.0,1173.4,2438.0,1620.1,,,1468.5,635.7,372.0,1780.9,1410.7,,,,,,,,,,,,,,,,,386.3,1178.9,1468.5,266.5,787.2,,,711.3,1243.1,1460.0,749.6,1055.1,,,1335.7,1372.2,2041.6,1350.1,1261.9,,,3178.7,2588.8,2671.4,2486.3,2562.4,,,482.9,760.9,1402.9,1768.4,962.1,,,1281.2,1503.7,1207.3,1874.0,1281.2,,,,,,,,,,,,,,,,,66.4,62.7,272.9,25.4,29.5,,,118.2,77.6,231.2,230.1,97.9,,,94.9,63.8,216.2,212.4,33.3,,,1077.7,589.4,758.6,937.0,697.5,,,199.7,397.9,615.4,575.9,374.2,,,69.7,139.5,49.4,140.1,213.7,,,,,,,,,,,,,,,,,336.6,176.9,325.7,332.6,196.0,,,186.4,49.6,83.0,379.3,197.1,,,58.9,29.5,17.4,135.4,52.3,,,284.3,125.3,60.6,525.3,356.7,,,707.3,913.1,553.1,900.0,732.1,,,117.4,223.8,78.1,204.3,359.2,,,,,,,,,,,,,,,,,,,,,,,,,,,,,,,,,,,,,,,,,,,,,,,,,,,,,,,,,,,,,,,,,,,,,,,,,,,,,,,,,,,,,,,,,,,,,,,,,,,,,,,,,,,,,,,,,,,,,,,,,,,,,,,,
20260828_奈良_4R,20260828,53,奈良,4,421.1,696.5,156.3,474.5,103.0,,,852.7,2420.4,1222.5,1699.4,421.1,,,1470.0,3993.7,1652.5,2958.3,1119.7,,,187.2,1124.9,1699.4,998.4,337.0,,,998.4,1619.0,1801.6,1597.4,496.1,,,77.9,53.5,477.3,246.2,279.6,,,,,,,,,,,,,,,,,154.7,297.6,58.9,196.4,47.3,,,344.2,218.8,220.6,213.7,72.9,,,382.7,210.3,108.7,126.9,84.5,,,22.8,51.0,29.7,14.9,9.0,,,150.6,89.4,69.0,30.5,24.2,,,31.0,13.7,44.5,20.1,30.3,,,,,,,,,,,,,,,,,1555.9,3328.0,2326.4,2470.3,661.9,,,1302.2,1675.6,1069.7,1235.1,596.0,,,3523.8,2722.9,3803.5,1901.7,2048.0,,,2887.0,1641.2,4437.4,3374.9,1443.5,,,2349.2,1295.2,1619.0,2819.0,1295.2,,,406.1,473.5,1019.6,947.1,858.8,,,,,,,,,,,,,,,,,2576.5,4521.1,4521.1,2445.1,2198.3,,,1346.1,1815.3,904.2,751.1,849.7,,,5705.3,4608.1,5445.9,2120.5,3072.0,,,3864.8,1309.4,4608.1,1843.2,2372.5,,,994.2,820.6,1434.8,1608.2,719.5,,,1346.1,1084.2,1675.6,1843.2,1323.8,,,,,,,,,,,,,,,,,137.1,780.5,1323.8,656.5,200.3,,,69.4,140.4,93.8,50.2,32.0,,,1168.8,542.1,2030.7,1761.9,439.6,,,2304.0,561.1,1948.1,1417.8,1011.0,,,837.8,168.7,1216.3,801.4,398.0,,,208.5,117.0,322.0,633.9,358.7,,,,,,,,,,,,,,,,,531.3,763.1,858.8,1074.5,192.6,,,228.2,125.9,80.1,53.5,35.7,,,1385.1,721.7,1046.3,1736.3,523.1,,,632.2,211.4,489.0,427.8,197.8,,,871.3,126.3,982.0,609.7,370.9,,,220.6,106.4,114.2,273.8,319.0,,,,,,,,,,,,,,,,,56.4,31.6,192.9,131.4,147.0,,,75.6,45.9,194.3,91.5,145.7,,,74.9,98.4,263.6,227.7,227.9,,,647.6,537.2,760.7,868.1,936.0,,,215.6,138.1,345.2,737.3,468.0,,,230.4,256.2,241.7,455.5,475.4,,,,,,,,,,,,,,,,,,,,,,,,,,,,,,,,,,,,,,,,,,,,,,,,,,,,,,,,,,,,,,,,,,,,,,,,,,,,,,,,,,,,,,,,,,,,,,,,,,,,,,,,,,,,,,,,,,,,,,,,,,,,,,,,
20260828_奈良_5R,20260828,53,奈良,5,100.7,137.7,24.4,74.2,46.0,,,208.5,294.6,122.4,896.8,629.4,,,298.2,175.1,153.0,827.1,1073.8,,,5.6,12.8,16.4,30.1,38.8,,,104.8,678.2,635.9,191.5,613.6,,,285.3,802.7,1632.2,372.0,838.4,,,,,,,,,,,,,,,,,159.6,199.7,32.2,78.7,81.9,,,449.2,476.3,337.2,455.0,293.5,,,440.3,381.9,396.8,298.9,387.4,,,45.4,140.5,203.3,83.8,107.7,,,60.1,128.7,98.7,42.2,49.1,,,126.4,151.2,240.5,94.7,96.9,,,,,,,,,,,,,,,,,760.3,792.3,422.8,1840.9,1927.8,,,890.3,802.7,652.9,1073.8,963.9,,,587.1,463.7,367.0,890.3,1102.8,,,435.6,665.3,701.5,2267.0,1632.2,,,2985.8,1466.1,1559.4,2377.0,3221.5,,,3600.5,1943.1,2577.2,2473.1,3886.3,,,,,,,,,,,,,,,,,695.5,539.2,398.1,1249.1,1736.4,,,769.9,512.2,744.1,597.1,859.0,,,458.5,314.3,292.8,724.3,896.8,,,412.8,707.6,424.3,1431.8,1990.5,,,2186.0,779.7,1218.1,1854.8,3221.5,,,2949.8,2354.2,2661.3,3221.5,3766.7,,,,,,,,,,,,,,,,,8.0,14.7,23.7,49.9,67.5,,,32.3,145.4,200.8,138.4,152.7,,,80.6,258.8,221.9,991.2,787.2,,,86.3,363.2,212.9,877.5,1088.1,,,202.5,246.3,893.5,818.8,800.1,,,398.1,522.0,1138.7,1883.3,1249.1,,,,,,,,,,,,,,,,,312.2,1194.3,1112.9,313.0,1107.8,,,153.7,306.4,272.9,125.5,140.9,,,2354.2,1200.1,1423.4,2720.4,2846.9,,,2110.6,762.7,1262.0,1665.5,2225.8,,,401.3,287.0,956.4,802.7,920.4,,,1974.5,765.1,2400.3,2632.6,1415.2,,,,,,,,,,,,,,,,,850.1,2604.6,2846.9,1102.8,2288.2,,,626.1,963.9,1160.3,623.0,601.5,,,3709.7,2147.7,3353.9,2751.0,4451.6,,,5100.8,3308.6,3825.6,5209.3,5322.6,,,1407.1,1046.3,2246.2,3766.7,1912.8,,,3400.5,941.6,3600.5,4221.3,1748.8,,,,,,,,,,,,,,,,,,,,,,,,,,,,,,,,,,,,,,,,,,,,,,,,,,,,,,,,,,,,,,,,,,,,,,,,,,,,,,,,,,,,,,,,,,,,,,,,,,,,,,,,,,,,,,,,,,,,,,,,,,,,,,,,
20260828_奈良_6R,20260828,53,奈良,6,407.9,129.4,201.1,1195.9,236.8,,,509.8,553.8,422.9,1195.9,432.7,,,94.9,256.1,99.9,638.5,234.2,,,104.8,127.9,54.9,174.7,136.3,,,2307.8,3095.2,2287.8,1069.5,2268.1,,,262.5,264.9,288.4,257.1,1342.3,,,,,,,,,,,,,,,,,409.1,92.8,152.1,1052.4,198.8,,,372.1,89.0,335.1,1078.2,111.0,,,20.0,18.1,14.4,260.2,9.5,,,213.9,340.3,75.0,769.2,234.4,,,3169.8,2529.8,1414.5,2604.9,2604.9,,,111.9,60.4,28.0,159.8,694.1,,,,,,,,,,,,,,,,,741.1,597.9,686.9,1839.8,386.9,,,491.7,171.8,527.2,1363.2,149.8,,,422.9,165.3,350.8,1315.5,130.3,,,683.3,822.1,499.2,1377.4,312.0,,,3813.0,3024.1,2328.3,3095.2,2088.0,,,116.8,76.8,54.6,83.2,509.8,,,,,,,,,,,,,,,,,87.3,324.8,155.1,1039.9,248.2,,,37.8,27.5,33.4,261.0,14.9,,,331.7,92.5,289.4,1124.3,113.6,,,183.9,123.5,362.3,809.5,296.6,,,2436.1,1119.5,2268.1,2436.1,2956.1,,,180.9,35.6,70.4,197.5,857.0,,,,,,,,,,,,,,,,,216.7,223.3,111.8,239.3,169.7,,,295.6,630.9,187.6,1223.7,418.9,,,532.5,814.5,443.6,1356.1,401.6,,,229.1,203.9,390.9,970.8,341.2,,,785.3,1708.4,1742.3,1229.4,1027.7,,,308.8,526.2,328.8,333.8,741.1,,,,,,,,,,,,,,,,,4385.0,4698.2,4783.6,1865.9,4872.2,,,4459.3,4047.6,2769.4,5158.8,5158.8,,,5846.6,4243.5,2458.8,5369.3,4964.1,,,5719.5,2829.0,2740.6,3095.2,3986.3,,,1742.3,3555.4,3654.1,2740.6,2174.3,,,5979.5,4783.6,4872.2,4698.2,2684.6,,,,,,,,,,,,,,,,,197.2,196.3,241.1,240.4,1011.9,,,104.9,49.0,30.4,141.2,567.0,,,68.0,34.9,26.2,53.9,336.8,,,151.9,32.7,49.1,148.4,730.8,,,264.6,300.6,180.5,237.0,617.6,,,3024.1,2579.4,1686.5,2229.6,1512.0,,,,,,,,,,,,,,,,,,,,,,,,,,,,,,,,,,,,,,,,,,,,,,,,,,,,,,,,,,,,,,,,,,,,,,,,,,,,,,,,,,,,,,,,,,,,,,,,,,,,,,,,,,,,,,,,,,,,,,,,,,,,,,,,
20260828_奈良_7R,20260828,53,奈良,7,42.5,21.8,125.6,100.3,77.2,,,59.0,35.3,188.1,184.3,51.0,,,13.7,22.6,27.9,53.1,30.3,,,300.6,310.5,158.4,193.3,449.1,,,209.0,327.1,179.9,254.9,482.6,,,119.6,87.1,122.7,316.1,376.0,,,,,,,,,,,,,,,,,41.5,17.0,87.2,101.9,57.4,,,64.1,114.6,169.1,184.2,49.7,,,34.8,115.6,173.0,172.1,114.9,,,83.0,145.0,129.6,47.1,98.3,,,201.9,257.5,233.3,155.2,286.9,,,81.3,56.1,123.1,92.4,149.6,,,,,,,,,,,,,,,,,95.6,53.4,290.2,345.6,67.9,,,112.4,211.7,357.6,321.1,93.9,,,144.6,299.0,567.3,783.3,241.0,,,621.9,675.7,783.3,521.6,428.7,,,644.9,539.0,880.8,654.2,565.9,,,40.0,48.5,56.8,92.1,167.8,,,,,,,,,,,,,,,,,41.3,87.8,150.4,186.0,115.5,,,80.7,252.6,444.7,459.2,368.1,,,273.4,388.3,1414.9,1015.1,516.8,,,603.6,1098.9,1782.5,920.2,2003.4,,,688.1,844.7,1210.6,1131.9,1664.6,,,448.2,759.6,679.8,1355.6,1561.2,,,,,,,,,,,,,,,,,667.8,947.2,600.4,658.0,1120.7,,,338.9,565.9,411.6,206.7,541.5,,,1166.9,894.8,1605.5,931.6,811.4,,,823.2,1078.0,1617.0,901.9,1825.6,,,423.9,186.3,583.4,480.6,275.7,,,1131.9,764.8,735.0,1432.8,615.1,,,,,,,,,,,,,,,,,328.0,366.3,535.1,472.6,992.9,,,304.2,391.6,658.0,305.5,874.0,,,698.7,539.0,963.3,874.0,920.2,,,549.4,857.5,675.7,955.2,1652.4,,,295.5,223.2,391.6,419.2,397.8,,,1363.7,1166.9,1172.9,1617.0,901.9,,,,,,,,,,,,,,,,,261.4,179.8,309.2,767.4,894.8,,,272.0,131.0,432.8,453.6,571.6,,,75.0,61.8,121.5,124.9,231.2,,,501.9,616.8,397.1,1347.5,1210.6,,,959.2,690.2,432.0,1223.7,524.0,,,1308.5,1043.2,767.4,1689.4,772.6,,,,,,,,,,,,,,,,,,,,,,,,,,,,,,,,,,,,,,,,,,,,,,,,,,,,,,,,,,,,,,,,,,,,,,,,,,,,,,,,,,,,,,,,,,,,,,,,,,,,,,,,,,,,,,,,,,,,,,,,,,,,,,,,
20260828_奈良_8R,20260828,53,奈良,8,1847.8,970.9,484.4,776.7,622.6,,,2545.9,1287.2,1032.1,2268.6,1527.5,,,809.6,230.0,147.0,1060.8,173.5,,,312.1,290.4,73.0,307.9,121.9,,,692.2,1145.6,916.5,537.8,851.8,,,425.9,806.8,293.3,246.9,705.0,,,,,,,,,,,,,,,,,1423.2,713.8,344.0,399.1,363.7,,,1735.8,503.5,784.7,851.8,516.0,,,392.3,177.2,211.1,235.2,68.2,,,281.8,489.6,265.2,324.5,204.9,,,143.3,218.0,84.9,83.3,50.1,,,159.5,213.3,63.6,114.5,102.7,,,,,,,,,,,,,,,,,3369.6,1537.8,1672.5,3014.9,1975.3,,,3320.8,975.0,1941.8,1762.5,916.5,,,751.2,671.9,536.6,867.9,143.8,,,1878.1,2203.2,1231.9,2695.7,1301.9,,,4406.4,2338.1,1847.8,2864.2,2828.8,,,1075.7,741.5,195.5,766.3,1238.5,,,,,,,,,,,,,,,,,564.3,221.8,197.0,839.3,121.8,,,389.0,251.5,284.6,354.7,78.1,,,242.7,226.1,125.0,333.0,33.2,,,252.6,393.0,201.5,681.9,115.9,,,1139.9,565.7,569.9,877.9,343.0,,,38.3,27.1,9.6,25.2,62.0,,,,,,,,,,,,,,,,,293.3,350.3,140.4,350.3,193.8,,,461.0,1036.8,451.9,577.1,363.1,,,942.9,1441.1,713.8,1790.1,798.3,,,247.9,493.8,254.3,818.3,176.9,,,654.6,643.6,1157.2,827.2,627.7,,,242.2,295.2,401.9,196.6,510.3,,,,,,,,,,,,,,,,,471.4,1091.1,954.7,611.0,668.0,,,251.5,444.0,199.9,263.6,156.0,,,2517.9,1169.0,1218.8,2246.4,1975.3,,,1252.1,519.5,798.3,909.2,548.1,,,620.9,521.9,1022.9,666.0,664.1,,,445.7,223.5,732.0,320.9,460.1,,,,,,,,,,,,,,,,,149.2,350.9,120.2,82.3,285.3,,,92.9,138.6,36.5,68.7,62.5,,,268.6,237.6,60.0,185.0,430.7,,,25.9,14.7,6.2,16.7,34.7,,,89.1,105.7,224.8,68.5,258.9,,,250.6,96.0,311.3,145.3,213.7,,,,,,,,,,,,,,,,,,,,,,,,,,,,,,,,,,,,,,,,,,,,,,,,,,,,,,,,,,,,,,,,,,,,,,,,,,,,,,,,,,,,,,,,,,,,,,,,,,,,,,,,,,,,,,,,,,,,,,,,,,,,,,,,
20260828_奈良_9R,20260828,53,奈良,9,1729.3,1063.6,2271.5,1433.4,867.4,,,1326.9,235.3,1540.4,473.5,678.5,,,575.2,133.8,590.4,212.7,210.5,,,1567.5,1763.4,1011.4,1175.6,875.9,,,587.8,323.7,219.8,890.5,268.8,,,490.9,698.0,335.0,790.6,538.2,,,,,,,,,,,,,,,,,2821.5,1505.8,2481.9,1605.0,992.7,,,3080.9,911.7,3309.2,1775.1,1135.7,,,974.7,621.9,1126.2,720.5,283.3,,,2271.5,2945.5,1558.4,1718.2,786.0,,,1320.4,1549.4,790.6,1644.4,663.4,,,421.4,527.6,222.4,462.1,409.8,,,,,,,,,,,,,,,,,1675.2,235.9,1374.5,687.2,786.0,,,2144.3,705.3,2945.5,1472.7,1019.1,,,67.6,251.4,231.4,90.4,90.5,,,2161.6,2882.2,692.6,2271.5,1258.4,,,430.2,985.4,204.1,1567.5,653.7,,,824.7,635.1,226.3,985.4,911.7,,,,,,,,,,,,,,,,,132.1,31.8,135.1,59.9,51.1,,,207.6,169.3,243.2,150.1,61.6,,,11.7,47.3,49.5,17.6,11.6,,,167.1,148.4,115.6,109.7,36.3,,,44.2,79.0,34.4,103.0,30.1,,,28.3,11.8,21.3,25.2,31.3,,,,,,,,,,,,,,,,,1942.3,2161.6,1425.7,1664.8,1396.0,,,2627.9,3011.7,1472.7,1811.1,819.7,,,2330.8,2653.9,1076.4,2505.1,1707.3,,,822.2,722.4,384.5,547.0,196.9,,,2161.6,2094.1,2290.9,884.6,896.4,,,755.0,232.6,716.7,291.3,603.7,,,,,,,,,,,,,,,,,268.3,216.6,103.2,538.2,134.0,,,490.0,802.5,366.6,964.1,325.2,,,210.8,547.0,128.3,870.2,319.8,,,68.3,158.3,63.7,220.6,53.5,,,1015.3,985.4,1140.6,448.9,399.4,,,170.4,134.8,311.3,117.4,322.5,,,,,,,,,,,,,,,,,265.9,594.3,218.9,416.2,362.7,,,115.6,212.7,68.8,111.5,116.5,,,503.8,370.7,196.8,538.2,522.5,,,120.7,58.9,79.7,105.9,118.6,,,298.4,113.5,341.4,156.5,299.8,,,338.8,179.8,476.1,169.3,294.8,,,,,,,,,,,,,,,,,,,,,,,,,,,,,,,,,,,,,,,,,,,,,,,,,,,,,,,,,,,,,,,,,,,,,,,,,,,,,,,,,,,,,,,,,,,,,,,,,,,,,,,,,,,,,,,,,,,,,,,,,,,,,,,,
20260828_奈良_10R,20260828,53,奈良,10,205.4,34.6,28.8,131.3,120.1,,,902.9,501.4,1132.6,759.4,1459.8,,,27.9,130.3,36.9,85.9,11.8,,,48.3,326.4,66.5,232.5,181.0,,,491.1,395.1,218.0,522.4,1178.3,,,381.3,816.0,116.6,337.7,768.3,,,,,,,,,,,,,,,,,172.7,23.5,20.7,103.9,109.7,,,466.7,309.5,226.9,281.6,585.2,,,43.6,189.3,37.6,133.8,66.7,,,12.9,54.9,11.4,35.5,48.0,,,180.9,123.0,150.4,91.9,393.3,,,319.6,645.6,165.4,210.7,589.1,,,,,,,,,,,,,,,,,2576.1,1946.4,2189.7,1536.6,3503.5,,,2085.4,1443.7,1034.5,752.9,2208.1,,,2119.1,2153.8,2478.9,1300.8,2005.8,,,2455.7,1189.0,1990.6,1347.5,2654.2,,,890.7,525.5,612.5,801.1,1063.8,,,4170.9,3700.9,3244.0,3503.5,3020.3,,,,,,,,,,,,,,,,,40.8,188.6,47.6,178.3,28.9,,,86.0,481.2,104.5,420.4,159.7,,,938.4,1147.4,1582.9,1127.7,1038.6,,,115.8,119.4,717.9,536.2,223.2,,,533.0,752.9,884.7,1122.9,766.0,,,84.2,174.1,444.6,209.5,440.8,,,,,,,,,,,,,,,,,56.0,469.2,73.9,279.5,241.2,,,24.9,95.9,27.9,68.4,83.4,,,1142.4,521.3,1108.7,941.8,1428.0,,,99.8,87.4,546.2,451.4,179.6,,,733.9,333.0,553.1,725.8,928.5,,,634.7,394.5,878.8,498.6,779.7,,,,,,,,,,,,,,,,,647.2,608.2,325.2,786.7,1361.4,,,452.2,202.2,239.0,272.2,536.2,,,313.9,148.6,134.8,382.4,297.2,,,517.2,380.8,357.0,816.0,477.7,,,806.0,465.9,677.2,768.3,1257.2,,,2367.2,1799.7,1695.2,1412.7,1890.4,,,,,,,,,,,,,,,,,945.2,2627.6,370.6,902.9,2367.2,,,976.8,2119.1,658.5,717.9,2208.1,,,3055.4,3457.4,2986.0,3326.1,2986.0,,,259.3,608.2,1412.7,766.0,1307.3,,,1038.6,796.2,2325.3,928.5,1837.5,,,3503.5,2708.9,2551.1,2245.8,2189.7,,,,,,,,,,,,,,,,,,,,,,,,,,,,,,,,,,,,,,,,,,,,,,,,,,,,,,,,,,,,,,,,,,,,,,,,,,,,,,,,,,,,,,,,,,,,,,,,,,,,,,,,,,,,,,,,,,,,,,,,,,,,,,,,
20260828_奈良_11R,20260828,53,奈良,11,1226.1,663.6,441.9,3587.1,875.0,,,820.4,435.7,442.8,1895.3,537.1,,,339.8,236.7,73.3,715.0,91.0,,,222.4,307.8,91.7,993.2,162.1,,,5046.9,2662.8,2384.8,2614.6,3841.0,,,610.4,487.6,194.9,214.9,2553.1,,,,,,,,,,,,,,,,,1356.3,814.3,407.1,3100.2,883.9,,,1613.5,1764.3,476.4,1895.3,1209.0,,,823.6,1339.6,326.3,2583.5,697.8,,,106.5,158.0,103.4,374.8,68.3,,,4521.2,2466.1,3338.7,1589.8,2972.8,,,593.7,733.1,496.6,155.3,1808.5,,,,,,,,,,,,,,,,,729.4,286.3,345.5,1423.0,406.0,,,1222.6,1315.2,533.2,1625.6,951.8,,,447.4,1291.7,421.3,1903.6,451.1,,,223.1,218.5,261.7,616.5,167.9,,,1148.2,1202.3,1272.8,679.2,756.1,,,345.5,551.5,325.6,205.3,799.3,,,,,,,,,,,,,,,,,281.8,269.2,70.8,733.1,92.4,,,612.1,1202.3,381.7,2076.7,527.3,,,442.8,1045.8,503.5,1981.9,495.4,,,69.1,156.6,268.7,806.7,104.3,,,1839.1,2874.4,2679.2,2411.3,1555.6,,,154.1,392.0,442.4,146.6,1481.3,,,,,,,,,,,,,,,,,53.9,71.3,14.9,320.5,44.2,,,20.2,28.9,13.6,102.6,10.8,,,89.2,76.0,63.8,211.3,60.7,,,16.3,32.9,51.6,208.9,24.8,,,603.6,387.8,276.9,519.8,328.3,,,25.6,17.7,33.4,18.3,138.8,,,,,,,,,,,,,,,,,6576.3,3191.4,3617.0,3056.6,4988.9,,,5945.7,2729.8,4876.8,2438.4,4568.8,,,2466.1,1991.0,1823.6,1391.1,1512.3,,,5167.1,4932.2,3263.4,3215.1,3741.7,,,2438.4,1778.8,1589.8,2466.1,1343.7,,,4094.7,3841.0,2181.1,3774.2,1637.8,,,,,,,,,,,,,,,,,338.8,298.3,105.1,110.2,935.4,,,289.9,358.1,239.1,93.6,809.7,,,269.5,329.5,190.4,134.4,507.6,,,112.1,262.1,219.6,104.0,646.8,,,55.0,38.6,68.9,42.4,262.1,,,1087.8,1377.9,715.0,1272.8,646.8,,,,,,,,,,,,,,,,,,,,,,,,,,,,,,,,,,,,,,,,,,,,,,,,,,,,,,,,,,,,,,,,,,,,,,,,,,,,,,,,,,,,,,,,,,,,,,,,,,,,,,,,,,,,,,,,,,,,,,,,,,,,,,,,
20260828_奈良_12R,20260828,53,奈良,12,45.6,87.5,262.0,161.3,197.5,,,29.7,36.5,115.5,70.5,172.5,,,98.3,62.8,148.3,241.6,320.6,,,595.1,389.4,354.4,642.7,1037.8,,,323.7,203.2,458.1,614.7,863.0,,,308.2,539.2,600.7,1186.6,1142.2,,,,,,,,,,,,,,,,,48.9,96.2,272.0,182.0,164.0,,,40.7,54.9,181.8,126.6,83.0,,,99.7,70.1,219.6,231.8,174.4,,,618.0,516.5,591.5,971.6,874.7,,,334.7,285.6,396.3,652.1,493.2,,,162.3,100.9,171.0,461.0,373.3,,,,,,,,,,,,,,,,,17.9,21.0,76.4,47.6,104.5,,,23.7,32.6,109.8,81.9,49.8,,,25.6,25.4,46.7,90.7,93.7,,,230.0,287.1,152.9,392.3,573.3,,,111.4,147.9,171.1,323.7,444.4,,,230.6,88.6,216.2,723.8,609.5,,,,,,,,,,,,,,,,,70.6,50.3,108.0,210.7,260.2,,,50.5,37.7,69.1,148.1,67.7,,,32.5,29.3,50.4,113.9,98.3,,,66.5,54.9,45.9,124.8,140.6,,,387.3,341.2,259.6,353.3,637.0,,,357.0,92.4,216.2,304.6,671.8,,,,,,,,,,,,,,,,,1162.8,732.1,562.7,1375.5,1560.9,,,1194.0,1070.4,749.1,2046.3,1469.8,,,642.0,793.2,370.7,1049.1,1466.0,,,300.6,346.9,237.6,467.7,650.6,,,1635.8,1826.8,1310.1,960.3,1809.7,,,1809.7,1415.9,1556.7,1433.4,2121.2,,,,,,,,,,,,,,,,,577.3,317.4,688.5,1000.1,1034.1,,,504.4,445.1,544.7,1072.4,721.1,,,279.2,413.6,388.9,755.0,806.5,,,666.4,600.1,488.6,626.7,966.7,,,1068.4,944.7,1092.6,739.6,1286.9,,,1569.3,1023.1,1419.3,1688.3,2053.5,,,,,,,,,,,,,,,,,628.7,753.0,816.7,1532.0,1261.6,,,265.7,179.0,274.4,637.7,537.7,,,562.7,293.9,512.4,1316.1,1024.9,,,628.7,366.9,542.2,597.0,1120.1,,,1340.5,1023.1,1322.1,1076.4,1765.5,,,1128.8,991.6,1433.4,1713.3,1798.4,,,,,,,,,,,,,,,,,,,,,,,,,,,,,,,,,,,,,,,,,,,,,,,,,,,,,,,,,,,,,,,,,,,,,,,,,,,,,,,,,,,,,,,,,,,,,,,,,,,,,,,,,,,,,,,,,,,,,,,,,,,,,,,,
20260828_玉野_1R,20260828,61,玉野,1,51.7,74.8,31.5,37.8,48.0,,,171.6,261.2,189.0,256.0,258.2,,,164.7,268.3,140.2,346.0,199.1,,,15.7,38.2,39.2,31.8,4.2,,,145.0,147.8,339.4,207.4,413.0,,,71.4,214.4,141.3,21.9,320.0,,,,,,,,,,,,,,,,,138.7,200.9,91.8,101.4,159.4,,,481.8,853.5,870.1,325.9,870.1,,,418.8,753.1,814.7,509.2,673.8,,,142.2,556.6,563.6,411.1,271.5,,,317.8,122.7,492.4,461.9,740.6,,,414.9,953.4,896.2,424.7,1194.9,,,,,,,,,,,,,,,,,578.2,659.0,426.7,694.7,649.4,,,489.7,807.4,581.9,394.8,700.1,,,635.6,793.1,878.6,524.1,668.8,,,409.2,649.4,995.8,853.5,500.6,,,700.1,371.8,439.3,711.3,1007.0,,,570.8,716.9,870.1,585.7,1298.9,,,,,,,,,,,,,,,,,280.9,553.2,195.2,593.5,378.1,,,331.9,953.4,853.5,678.9,923.9,,,740.6,786.1,829.8,539.9,759.5,,,321.2,779.3,1018.4,663.8,512.1,,,1357.9,822.2,622.3,822.2,1400.3,,,613.8,1211.1,1054.4,700.1,1600.4,,,,,,,,,,,,,,,,,31.9,93.9,55.7,64.8,6.4,,,102.1,503.5,358.4,452.6,185.5,,,309.0,807.4,786.1,759.5,413.0,,,206.5,807.4,1079.8,779.3,355.6,,,352.8,705.7,536.6,845.5,441.4,,,19.3,119.4,200.9,123.4,255.3,,,,,,,,,,,,,,,,,398.3,293.8,779.3,413.0,700.1,,,461.9,140.6,409.2,464.3,845.5,,,303.8,148.1,347.3,361.3,466.7,,,1792.4,943.4,635.6,984.8,1629.5,,,536.6,640.1,518.0,995.8,466.7,,,1194.9,1149.0,953.4,2358.5,753.1,,,,,,,,,,,,,,,,,278.3,509.2,297.7,65.5,779.3,,,454.9,1163.9,963.7,457.2,1572.3,,,1018.4,1600.4,1054.4,943.4,1829.0,,,622.3,1357.9,933.5,668.8,1757.3,,,56.8,252.4,367.3,287.2,484.4,,,1829.0,2084.2,1723.5,2036.9,896.2,,,,,,,,,,,,,,,,,,,,,,,,,,,,,,,,,,,,,,,,,,,,,,,,,,,,,,,,,,,,,,,,,,,,,,,,,,,,,,,,,,,,,,,,,,,,,,,,,,,,,,,,,,,,,,,,,,,,,,,,,,,,,,,,
20260828_玉野_2R,20260828,61,玉野,2,1511.6,774.0,808.0,2336.1,856.5,,,1760.0,973.3,828.9,2336.1,1862.1,,,388.1,467.2,283.0,344.4,322.8,,,648.9,537.6,389.3,1529.6,931.0,,,2336.1,1946.7,980.8,1946.7,2379.3,,,1036.1,1784.5,734.2,1259.6,2793.1,,,,,,,,,,,,,,,,,1494.0,687.0,778.7,1835.5,672.7,,,1178.7,379.0,229.4,1200.8,346.3,,,437.0,326.9,174.5,458.8,137.7,,,405.3,158.8,155.9,760.2,154.2,,,3472.6,1862.1,1427.6,1809.6,2177.7,,,296.0,133.7,93.3,109.0,823.6,,,,,,,,,,,,,,,,,1235.4,687.0,413.1,2141.4,1297.8,,,1011.7,355.9,163.4,1137.0,296.0,,,407.8,244.7,83.2,402.7,300.2,,,132.3,54.8,36.0,325.2,66.2,,,2519.3,1427.6,937.8,1061.8,2294.4,,,1324.6,288.7,411.8,199.5,1917.7,,,,,,,,,,,,,,,,,89.6,119.0,69.6,84.1,93.7,,,101.6,70.7,52.2,109.5,27.9,,,160.8,87.7,48.6,197.0,69.0,,,61.2,40.8,25.7,63.9,50.6,,,129.1,94.6,112.7,89.6,95.8,,,100.3,30.1,54.9,50.8,165.7,,,,,,,,,,,,,,,,,296.7,215.9,146.8,755.8,394.1,,,172.0,59.5,57.8,452.4,65.5,,,57.2,18.5,13.7,174.1,25.2,,,54.3,29.9,20.4,76.4,61.1,,,760.2,672.7,553.8,355.9,620.7,,,276.9,80.4,79.9,126.9,498.0,,,,,,,,,,,,,,,,,2988.0,3671.0,1366.8,2920.1,3381.2,,,3893.5,1713.1,1460.0,2215.2,2622.1,,,1760.0,1027.8,1107.6,2379.3,1548.0,,,665.7,721.8,783.4,509.8,702.1,,,2733.7,1917.7,1946.7,665.7,1713.1,,,1586.2,1427.6,3294.5,1862.1,2007.6,,,,,,,,,,,,,,,,,411.8,996.0,388.1,760.2,1917.7,,,236.6,82.4,57.3,68.3,742.6,,,904.8,166.4,230.2,180.9,1736.3,,,233.6,57.6,98.6,118.0,407.8,,,475.8,87.1,106.3,155.3,813.2,,,2569.7,1443.6,2424.2,1427.6,1366.8,,,,,,,,,,,,,,,,,,,,,,,,,,,,,,,,,,,,,,,,,,,,,,,,,,,,,,,,,,,,,,,,,,,,,,,,,,,,,,,,,,,,,,,,,,,,,,,,,,,,,,,,,,,,,,,,,,,,,,,,,,,,,,,,
20260828_玉野_3R,20260828,61,玉野,3,651.6,508.2,238.2,1118.5,367.8,,,1101.5,2384.6,740.6,1517.5,1808.3,,,847.6,2932.5,968.7,2932.5,1373.4,,,213.3,479.0,661.6,625.3,413.3,,,1972.7,1750.0,2614.5,1095.9,3145.0,,,601.1,1656.5,1043.2,673.9,2583.3,,,,,,,,,,,,,,,,,48.5,66.8,20.3,100.6,54.5,,,49.9,47.5,45.9,42.7,36.1,,,77.4,59.8,82.4,86.1,16.8,,,12.9,37.4,49.5,82.9,48.3,,,177.7,82.7,109.5,167.7,129.1,,,23.5,19.7,3.5,24.5,52.3,,,,,,,,,,,,,,,,,473.8,1226.0,481.1,568.0,691.0,,,210.4,150.3,165.9,139.2,95.2,,,1561.1,601.1,1839.0,702.2,601.1,,,504.6,487.6,1506.9,907.9,1101.5,,,232.0,119.4,151.7,400.3,213.3,,,434.0,195.5,284.4,769.5,332.8,,,,,,,,,,,,,,,,,939.4,3616.7,1101.5,2646.4,1373.4,,,515.4,594.5,609.5,1009.3,175.5,,,2237.1,1299.4,4255.0,1205.5,1920.3,,,1095.9,1219.1,4717.5,2614.5,2712.5,,,4617.1,2583.3,1400.0,3056.4,4340.1,,,1107.1,236.9,1291.6,1750.0,2308.5,,,,,,,,,,,,,,,,,198.1,407.9,475.8,616.4,413.3,,,143.0,371.5,344.4,733.1,304.3,,,775.0,939.4,2411.1,2066.7,2148.5,,,968.7,1142.1,1607.4,2932.5,2066.7,,,1205.5,2465.9,2465.9,2855.3,2712.5,,,713.8,627.1,1619.4,1112.8,2047.2,,,,,,,,,,,,,,,,,1631.6,1466.2,2214.3,1053.4,2411.1,,,981.9,361.0,697.7,981.9,434.0,,,630.8,293.2,228.1,907.9,525.4,,,2972.6,1793.4,923.4,2358.7,1205.5,,,1079.6,1299.4,1750.0,2106.8,2358.7,,,2284.2,981.9,1130.2,1160.4,1937.5,,,,,,,,,,,,,,,,,440.1,964.4,563.6,627.1,2028.0,,,127.8,70.2,24.8,96.8,237.6,,,1205.5,264.9,733.1,1339.5,931.3,,,601.1,112.5,431.4,809.7,1095.9,,,688.9,336.9,1023.6,769.5,1937.5,,,2972.6,900.4,1382.1,1823.5,2308.5,,,,,,,,,,,,,,,,,,,,,,,,,,,,,,,,,,,,,,,,,,,,,,,,,,,,,,,,,,,,,,,,,,,,,,,,,,,,,,,,,,,,,,,,,,,,,,,,,,,,,,,,,,,,,,,,,,,,,,,,,,,,,,,,
20260828_玉野_4R,20260828,61,玉野,4,108.3,197.9,59.4,106.1,47.4,,,214.7,649.3,146.6,645.5,175.0,,,467.9,844.1,555.6,975.4,157.1,,,62.4,66.9,212.8,206.4,40.6,,,141.9,781.0,1030.3,430.3,291.0,,,12.5,42.1,14.0,17.2,82.0,,,,,,,,,,,,,,,,,190.0,213.7,90.5,84.8,69.0,,,426.1,971.1,361.5,426.1,555.6,,,663.0,1226.1,1091.9,840.8,638.0,,,105.4,153.3,478.1,147.1,173.2,,,68.8,197.0,299.8,99.9,108.2,,,66.9,368.8,224.1,184.4,211.6,,,,,,,,,,,,,,,,,775.5,2438.6,360.3,1875.8,504.5,,,929.9,2262.6,580.6,840.8,1291.0,,,3990.4,3597.9,2310.2,3006.4,2612.7,,,232.7,282.8,881.4,714.8,238.8,,,2359.9,1097.3,2438.6,1322.1,3006.4,,,636.1,1247.0,1472.9,525.0,2709.5,,,,,,,,,,,,,,,,,1434.4,3657.9,2110.3,2310.2,414.8,,,1613.7,3483.7,2612.7,2032.1,1493.0,,,4479.0,3919.1,3719.8,3135.3,3091.1,,,2926.3,3325.3,4141.0,2926.3,2110.3,,,3990.4,2494.0,3006.4,3784.0,3919.1,,,400.5,1155.1,2286.1,1472.9,2194.7,,,,,,,,,,,,,,,,,68.5,84.3,300.2,281.3,41.4,,,80.0,103.2,387.7,158.4,129.8,,,69.3,85.8,301.0,287.2,79.2,,,825.0,1020.8,1143.0,1784.3,738.9,,,552.8,205.8,593.1,1453.4,512.7,,,50.4,100.0,110.0,130.7,301.0,,,,,,,,,,,,,,,,,231.7,1602.0,1415.9,803.9,475.0,,,81.8,303.9,257.2,140.5,114.4,,,2151.7,937.9,2032.1,1650.1,2385.5,,,2070.5,1578.9,2194.7,2676.5,1728.1,,,857.3,298.1,1102.8,2151.7,812.8,,,257.5,253.4,1503.2,394.0,690.1,,,,,,,,,,,,,,,,,14.2,52.0,11.2,18.4,51.3,,,38.2,249.4,140.3,144.9,186.4,,,202.0,544.6,594.7,368.8,1306.3,,,50.6,172.5,361.5,177.4,358.6,,,42.1,107.4,179.1,124.7,368.2,,,153.3,210.4,1143.0,392.6,564.2,,,,,,,,,,,,,,,,,,,,,,,,,,,,,,,,,,,,,,,,,,,,,,,,,,,,,,,,,,,,,,,,,,,,,,,,,,,,,,,,,,,,,,,,,,,,,,,,,,,,,,,,,,,,,,,,,,,,,,,,,,,,,,,,
20260828_玉野_5R,20260828,61,玉野,5,302.4,78.5,79.3,836.3,192.3,,,298.8,124.4,225.3,541.0,313.2,,,34.9,48.8,19.8,166.6,10.9,,,97.3,230.3,63.8,440.7,152.2,,,1812.0,1141.6,741.3,839.4,1492.3,,,235.6,366.4,41.3,164.9,618.7,,,,,,,,,,,,,,,,,265.8,67.3,54.7,632.4,124.2,,,265.4,219.9,144.6,403.3,748.6,,,82.3,198.3,72.5,669.5,304.4,,,25.3,65.9,31.2,170.1,102.8,,,1135.9,848.7,1077.0,644.9,2455.0,,,523.6,1473.0,576.5,498.5,1585.5,,,,,,,,,,,,,,,,,220.8,63.8,106.4,229.7,191.3,,,242.8,199.4,105.7,348.5,596.1,,,63.1,179.7,120.9,203.4,355.0,,,179.9,126.3,176.9,284.6,453.9,,,143.7,236.1,146.5,137.3,510.7,,,615.4,1282.7,679.5,753.5,1119.2,,,,,,,,,,,,,,,,,26.6,40.2,16.6,127.7,11.1,,,65.4,161.0,50.4,493.1,223.8,,,74.1,166.4,124.8,229.7,343.8,,,47.3,51.1,145.6,327.1,167.5,,,558.2,1214.4,634.2,868.1,1769.9,,,132.8,510.7,720.2,357.8,1153.1,,,,,,,,,,,,,,,,,78.3,220.3,72.5,461.2,166.1,,,35.1,75.4,43.3,208.8,145.3,,,233.6,176.4,277.0,466.9,610.4,,,69.5,69.6,212.7,554.1,257.4,,,669.5,683.6,784.6,988.4,1261.4,,,378.6,528.5,1014.7,506.2,1335.2,,,,,,,,,,,,,,,,,1902.7,888.4,1289.9,988.4,1691.2,,,1553.2,833.2,1512.0,1042.5,3407.8,,,466.9,565.1,522.4,604.0,1141.6,,,1375.4,2002.8,1037.8,1392.2,3171.1,,,1010.2,1297.2,1141.6,1289.9,1729.7,,,3805.4,5568.8,3215.8,5568.8,2624.4,,,,,,,,,,,,,,,,,830.2,1147.3,87.0,453.0,1343.0,,,1119.2,2509.0,1304.7,1087.2,4005.6,,,1716.7,2784.4,1654.5,1769.9,3459.4,,,291.6,1214.4,1319.7,1057.0,3459.4,,,630.7,1087.2,1642.6,1057.0,1841.3,,,4077.2,5708.1,4228.2,5436.2,2283.2,,,,,,,,,,,,,,,,,,,,,,,,,,,,,,,,,,,,,,,,,,,,,,,,,,,,,,,,,,,,,,,,,,,,,,,,,,,,,,,,,,,,,,,,,,,,,,,,,,,,,,,,,,,,,,,,,,,,,,,,,,,,,,,,
20260828_玉野_6R,20260828,61,玉野,6,716.1,237.4,361.9,565.0,185.3,,,601.8,279.5,201.8,1206.4,480.8,,,94.0,100.8,49.6,165.2,54.4,,,290.7,133.5,116.9,491.4,209.8,,,1332.4,1809.6,847.5,898.7,562.6,,,233.0,530.3,159.7,243.2,168.1,,,,,,,,,,,,,,,,,684.9,262.0,293.6,617.1,181.4,,,999.3,814.0,427.8,1042.1,461.7,,,237.4,544.3,288.2,604.5,183.1,,,280.1,231.2,305.3,531.3,161.7,,,898.7,1006.8,1022.2,850.2,247.9,,,113.3,177.3,94.4,77.9,26.9,,,,,,,,,,,,,,,,,763.0,276.1,185.3,1206.4,482.5,,,953.1,920.3,375.1,1366.4,628.6,,,223.5,624.2,72.4,814.0,279.8,,,73.2,145.2,34.8,176.3,40.4,,,2159.8,1821.9,1417.0,1022.2,1222.9,,,692.0,645.3,451.6,139.5,568.6,,,,,,,,,,,,,,,,,61.3,59.7,27.9,103.3,33.3,,,129.3,299.2,172.0,479.9,119.1,,,109.3,269.4,52.3,522.0,146.5,,,32.8,99.7,21.6,265.9,68.7,,,423.7,824.0,760.8,640.7,447.8,,,85.9,146.1,212.7,141.6,153.0,,,,,,,,,,,,,,,,,202.2,92.6,81.4,483.4,164.4,,,238.9,174.3,218.6,496.8,143.7,,,36.3,66.3,16.1,112.9,21.8,,,46.8,126.2,25.4,338.1,83.8,,,901.7,1034.0,605.9,939.7,403.3,,,174.9,102.0,89.9,125.0,132.6,,,,,,,,,,,,,,,,,2289.0,3009.2,1663.5,1417.0,1663.5,,,1872.8,1821.9,1387.6,1899.4,622.8,,,2789.8,2526.6,1603.7,2076.1,1859.8,,,1809.6,1926.7,1886.0,1983.8,1463.5,,,1300.1,2159.8,1653.2,1684.4,1054.4,,,1106.7,481.6,1228.5,1022.2,787.7,,,,,,,,,,,,,,,,,218.8,514.0,190.6,281.9,191.7,,,108.3,144.6,74.6,72.6,28.3,,,589.9,399.7,420.4,240.6,354.2,,,175.7,165.8,289.5,225.0,242.5,,,244.5,122.7,139.6,175.5,132.7,,,218.8,76.6,253.1,261.8,165.1,,,,,,,,,,,,,,,,,,,,,,,,,,,,,,,,,,,,,,,,,,,,,,,,,,,,,,,,,,,,,,,,,,,,,,,,,,,,,,,,,,,,,,,,,,,,,,,,,,,,,,,,,,,,,,,,,,,,,,,,,,,,,,,,
20260828_玉野_7R,20260828,61,玉野,7,177.6,73.2,90.9,475.7,57.7,,,207.1,171.4,133.2,334.7,88.2,,,50.7,141.8,61.6,462.0,31.4,,,67.2,106.4,63.5,260.7,20.0,,,1055.7,807.7,1074.6,720.7,415.0,,,15.2,22.4,9.9,5.5,107.1,,,,,,,,,,,,,,,,,214.5,77.2,100.4,533.7,94.5,,,248.1,184.7,738.3,356.0,508.9,,,34.7,109.2,164.8,277.3,95.1,,,431.3,1359.9,633.4,1707.2,1007.1,,,1215.7,1203.5,982.5,1910.4,2431.4,,,130.6,532.5,225.1,482.3,1109.2,,,,,,,,,,,,,,,,,251.5,258.5,181.2,332.9,158.7,,,310.2,310.2,872.1,425.2,676.1,,,393.3,420.0,994.6,884.9,622.0,,,802.3,1769.9,1671.6,1543.0,1221.9,,,288.2,492.2,594.3,764.1,574.5,,,251.2,818.7,685.8,959.0,970.6,,,,,,,,,,,,,,,,,41.4,130.3,63.7,435.2,40.7,,,28.1,93.6,127.4,280.8,70.5,,,283.8,266.2,756.9,742.9,582.8,,,424.5,600.2,1011.4,2188.3,654.1,,,1533.2,1162.8,1695.1,2831.9,2735.4,,,86.5,162.0,394.6,403.2,1383.4,,,,,,,,,,,,,,,,,612.5,859.7,554.6,1359.9,224.3,,,1146.2,2704.6,1660.1,4719.9,1989.3,,,1563.0,3209.5,3086.1,3209.5,2407.1,,,898.1,2005.9,2971.8,5014.9,1504.4,,,2766.8,4223.0,4541.8,8300.5,4719.9,,,324.8,1450.0,1719.4,1228.1,2735.4,,,,,,,,,,,,,,,,,2039.9,1114.4,2075.1,1615.5,1504.4,,,2111.5,1458.8,2292.5,3946.1,4376.6,,,703.8,1002.9,872.1,1731.7,1294.1,,,3343.2,2383.3,2111.5,5232.9,3882.5,,,3086.1,3703.3,2735.4,5871.1,3946.1,,,2228.8,4541.8,2292.5,4150.2,4912.5,,,,,,,,,,,,,,,,,36.9,58.8,26.4,13.1,207.6,,,105.4,348.8,140.0,288.6,1179.9,,,172.1,439.2,320.9,462.9,951.4,,,89.4,166.7,320.9,327.0,1441.4,,,180.4,797.0,986.5,569.0,1660.1,,,918.7,3252.9,1731.7,2560.8,2456.2,,,,,,,,,,,,,,,,,,,,,,,,,,,,,,,,,,,,,,,,,,,,,,,,,,,,,,,,,,,,,,,,,,,,,,,,,,,,,,,,,,,,,,,,,,,,,,,,,,,,,,,,,,,,,,,,,,,,,,,,,,,,,,,,
20260828_玉野_8R,20260828,61,玉野,8,61.0,177.2,65.0,111.7,516.6,,,79.3,99.6,79.3,191.3,187.0,,,269.3,199.8,346.9,735.4,904.5,,,49.0,39.7,128.6,109.9,305.1,,,131.5,275.4,702.5,288.3,983.1,,,882.0,937.5,1482.3,1137.0,2036.9,,,,,,,,,,,,,,,,,47.3,130.5,51.6,77.1,305.7,,,35.2,26.4,51.6,24.5,72.3,,,182.1,65.4,251.4,159.1,405.6,,,89.7,94.3,241.9,103.9,498.4,,,34.6,12.1,45.9,46.2,199.8,,,769.3,413.9,876.5,893.1,652.3,,,,,,,,,,,,,,,,,74.3,82.2,68.0,193.0,138.7,,,45.0,33.0,73.6,36.3,80.8,,,43.5,27.6,58.8,79.0,31.1,,,106.7,146.9,149.0,267.1,270.6,,,196.7,65.3,151.8,233.9,313.5,,,200.8,167.8,109.8,223.2,303.7,,,,,,,,,,,,,,,,,371.0,268.8,415.1,979.6,890.3,,,305.1,143.7,494.9,411.5,818.3,,,104.7,86.4,167.3,186.1,107.4,,,466.4,820.6,445.8,1179.7,1803.3,,,996.9,464.9,409.1,790.8,934.4,,,1374.4,1084.8,514.7,1137.0,1367.7,,,,,,,,,,,,,,,,,81.3,78.6,245.9,249.8,504.6,,,181.7,204.2,498.4,246.8,1093.1,,,186.5,270.6,309.7,473.4,598.5,,,555.1,786.4,506.4,1150.9,1705.6,,,594.8,360.6,451.5,1169.9,1498.0,,,1769.5,2112.9,1564.2,2440.8,2128.8,,,,,,,,,,,,,,,,,118.5,242.4,753.0,270.9,1514.0,,,65.4,34.4,108.1,91.7,384.1,,,247.2,91.2,204.1,306.7,569.6,,,887.5,316.3,428.9,907.4,1514.0,,,362.9,238.1,336.2,989.9,1298.7,,,1952.6,1179.7,1459.4,2081.8,1547.1,,,,,,,,,,,,,,,,,2671.0,1887.5,1979.9,2505.6,3677.0,,,2527.9,1310.8,2621.6,3370.6,2722.4,,,1341.8,1052.5,598.5,1444.5,1617.9,,,2128.8,2247.0,735.4,2722.4,3145.9,,,2918.8,3012.0,1926.0,3145.9,2440.8,,,2859.9,2301.8,2419.9,3292.2,2419.9,,,,,,,,,,,,,,,,,,,,,,,,,,,,,,,,,,,,,,,,,,,,,,,,,,,,,,,,,,,,,,,,,,,,,,,,,,,,,,,,,,,,,,,,,,,,,,,,,,,,,,,,,,,,,,,,,,,,,,,,,,,,,,,,
20260828_玉野_9R,20260828,61,玉野,9,333.0,442.0,924.1,437.4,392.7,,,117.4,59.6,217.1,66.3,104.9,,,358.4,156.9,730.2,189.6,362.4,,,982.4,595.0,778.2,812.4,786.5,,,189.4,66.4,74.5,397.4,122.0,,,246.4,253.8,299.3,655.7,294.5,,,,,,,,,,,,,,,,,562.2,572.0,784.4,717.7,445.3,,,291.0,127.6,251.9,319.3,130.7,,,513.4,202.9,602.3,652.8,183.4,,,1002.4,450.8,658.6,1350.3,459.9,,,758.2,823.7,716.0,1616.0,634.6,,,187.2,72.7,71.9,226.9,189.4,,,,,,,,,,,,,,,,,109.8,54.4,116.6,97.2,122.7,,,112.2,51.7,111.2,161.6,59.6,,,30.4,21.1,23.2,45.5,19.1,,,89.6,90.4,34.9,145.7,72.9,,,159.5,197.6,107.7,258.7,237.3,,,85.7,38.5,37.3,76.9,113.6,,,,,,,,,,,,,,,,,343.4,162.4,529.0,227.4,333.7,,,313.9,132.2,459.2,418.2,155.8,,,79.3,50.9,72.5,102.9,54.9,,,687.7,589.1,207.9,821.4,487.2,,,290.7,423.6,232.8,862.1,531.8,,,302.0,126.7,114.9,369.6,418.2,,,,,,,,,,,,,,,,,1159.7,732.0,1063.7,1103.4,953.9,,,979.2,404.5,601.0,1338.1,442.0,,,339.5,279.2,153.3,490.4,279.2,,,1107.6,790.7,275.0,1192.4,772.1,,,1464.0,1770.8,1059.9,1247.8,1501.1,,,854.7,429.2,419.4,612.2,1314.3,,,,,,,,,,,,,,,,,271.5,141.7,110.4,655.7,257.8,,,464.2,550.7,514.3,1699.6,612.2,,,168.8,337.5,170.6,488.0,388.0,,,191.6,410.1,229.2,1242.5,443.3,,,1253.0,1907.9,1332.1,1269.2,1749.8,,,335.6,411.8,520.6,436.1,1356.5,,,,,,,,,,,,,,,,,169.9,197.8,215.3,550.7,231.7,,,70.3,23.5,27.2,125.6,59.3,,,104.9,40.5,40.4,121.3,113.0,,,248.3,77.8,79.3,316.9,301.1,,,655.7,339.9,286.5,403.4,941.8,,,324.9,164.6,320.4,274.8,805.8,,,,,,,,,,,,,,,,,,,,,,,,,,,,,,,,,,,,,,,,,,,,,,,,,,,,,,,,,,,,,,,,,,,,,,,,,,,,,,,,,,,,,,,,,,,,,,,,,,,,,,,,,,,,,,,,,,,,,,,,,,,,,,,,
20260828_玉野_10R,20260828,61,玉野,10,304.4,282.6,146.3,750.2,326.5,,,301.8,163.7,292.6,825.0,304.9,,,411.1,230.3,400.0,1580.5,416.9,,,211.6,386.5,393.8,998.9,459.4,,,1013.1,1638.7,2181.6,1532.8,950.8,,,215.3,220.8,234.5,253.8,502.2,,,,,,,,,,,,,,,,,145.8,135.4,64.3,386.5,198.8,,,94.3,38.8,32.7,249.3,204.3,,,142.3,78.2,62.7,411.1,341.9,,,10.6,6.7,8.4,34.2,24.1,,,314.4,259.0,231.8,87.2,637.3,,,256.9,563.5,524.5,234.2,856.9,,,,,,,,,,,,,,,,,161.1,98.2,194.6,721.3,245.5,,,111.3,52.4,48.1,314.9,249.2,,,36.0,29.6,27.8,205.7,94.2,,,185.1,79.7,90.8,597.6,355.9,,,1352.1,759.8,768.0,1004.5,1373.0,,,381.5,618.4,340.6,541.2,1481.7,,,,,,,,,,,,,,,,,367.7,184.1,409.6,1317.0,415.4,,,266.1,95.3,133.0,776.4,598.6,,,64.3,53.4,69.7,319.5,148.7,,,463.6,258.4,209.9,1104.3,958.5,,,2694.0,1751.8,1080.9,1861.8,3666.1,,,500.1,933.3,421.8,1114.7,2653.8,,,,,,,,,,,,,,,,,181.7,378.7,342.5,1312.2,561.7,,,30.9,24.5,27.2,110.4,64.5,,,208.8,81.3,139.5,734.7,498.0,,,378.3,180.2,225.0,1021.8,810.0,,,1288.4,408.7,1378.3,1165.9,1623.8,,,739.3,486.4,1074.3,1100.9,1400.0,,,,,,,,,,,,,,,,,2067.5,2355.0,2891.1,2486.8,2104.2,,,730.2,665.9,614.1,240.7,1573.5,,,1943.2,1197.3,968.9,2155.2,2938.9,,,2714.6,1805.1,1097.5,1487.9,3520.9,,,1546.1,552.1,1677.4,1422.4,2055.5,,,1852.1,2079.6,3951.2,3039.4,2020.5,,,,,,,,,,,,,,,,,328.0,339.6,280.8,340.3,709.8,,,619.5,1052.1,1100.9,525.2,1778.0,,,632.7,1030.7,570.8,1045.9,2067.5,,,541.2,1094.2,628.2,1383.7,2522.1,,,1107.8,858.9,1506.8,1457.4,1881.5,,,1439.7,1506.8,3666.1,2673.8,1871.6,,,,,,,,,,,,,,,,,,,,,,,,,,,,,,,,,,,,,,,,,,,,,,,,,,,,,,,,,,,,,,,,,,,,,,,,,,,,,,,,,,,,,,,,,,,,,,,,,,,,,,,,,,,,,,,,,,,,,,,,,,,,,,,,
20260828_玉野_11R,20260828,61,玉野,11,1159.1,634.6,297.9,792.4,277.2,,,1854.6,1750.1,792.4,1223.0,995.6,,,657.4,870.1,264.4,822.9,332.0,,,150.1,285.9,61.6,113.4,42.3,,,765.1,840.7,764.2,336.5,245.7,,,120.6,344.7,164.9,59.8,138.5,,,,,,,,,,,,,,,,,1978.6,1013.5,478.6,1220.6,409.8,,,2701.3,2309.7,1661.2,1721.0,1652.4,,,983.0,1785.3,816.4,1683.7,530.5,,,410.9,1040.7,665.9,1163.5,312.6,,,1451.6,1656.8,2180.0,1589.0,992.5,,,197.5,482.7,220.4,160.4,383.5,,,,,,,,,,,,,,,,,2556.8,1991.3,1044.2,1441.5,1468.8,,,2475.3,2226.9,1745.2,1661.2,1716.3,,,1832.7,1854.6,1053.0,966.2,1069.3,,,992.5,1500.7,966.2,1010.2,854.6,,,1074.9,1040.7,634.6,639.2,699.6,,,1170.0,1140.0,995.6,800.6,880.0,,,,,,,,,,,,,,,,,604.9,851.1,210.4,751.2,323.4,,,704.4,1035.5,474.6,1062.0,366.5,,,1107.5,1044.2,702.0,669.5,652.6,,,161.3,254.6,288.0,235.0,135.8,,,849.9,1033.7,569.4,483.1,511.7,,,221.5,141.9,273.2,113.2,287.3,,,,,,,,,,,,,,,,,108.4,179.8,41.8,80.5,35.5,,,238.5,580.1,305.3,520.7,175.4,,,281.3,577.4,187.5,196.7,196.4,,,70.3,172.2,106.9,92.8,54.2,,,155.9,442.5,142.1,121.3,108.2,,,36.6,59.8,93.5,39.7,70.8,,,,,,,,,,,,,,,,,766.1,952.9,818.5,363.1,305.4,,,1074.9,1088.1,1393.0,1042.4,681.2,,,615.1,616.3,325.6,399.5,337.8,,,981.5,1035.5,630.7,496.2,582.2,,,349.8,773.7,470.3,346.7,287.9,,,210.8,317.9,358.9,338.2,220.1,,,,,,,,,,,,,,,,,37.4,150.4,56.5,19.5,53.4,,,26.5,84.1,27.4,16.7,49.1,,,274.7,235.1,195.4,158.4,171.2,,,72.6,50.1,110.7,36.8,91.0,,,14.7,22.1,56.0,18.4,37.3,,,72.9,75.3,82.2,98.6,65.2,,,,,,,,,,,,,,,,,,,,,,,,,,,,,,,,,,,,,,,,,,,,,,,,,,,,,,,,,,,,,,,,,,,,,,,,,,,,,,,,,,,,,,,,,,,,,,,,,,,,,,,,,,,,,,,,,,,,,,,,,,,,,,,,
20260828_玉野_12R,20260828,61,玉野,12,448.8,131.2,51.5,672.4,498.5,,,1180.7,2253.9,1207.5,3377.3,2741.9,,,303.6,1626.7,309.7,2521.0,1323.2,,,46.5,376.0,137.9,382.9,346.8,,,1381.6,3175.7,3083.6,775.9,3243.5,,,1738.3,3786.0,2633.3,1530.7,5541.0,,,,,,,,,,,,,,,,,183.6,51.0,24.6,220.6,176.2,,,199.4,94.5,92.8,296.9,104.4,,,26.9,61.0,15.8,123.3,48.1,,,9.0,45.7,14.4,48.8,58.3,,,262.6,369.4,236.1,131.5,556.4,,,311.9,188.3,158.5,202.3,622.8,,,,,,,,,,,,,,,,,1092.2,2106.6,1146.4,2963.4,2132.0,,,427.0,255.3,217.8,739.3,197.1,,,1544.0,400.2,715.9,2077.8,779.3,,,387.4,227.9,541.1,1128.1,520.2,,,2149.2,1162.7,2282.9,1215.8,2601.1,,,897.0,244.5,449.2,488.0,1941.3,,,,,,,,,,,,,,,,,212.0,1362.1,273.4,1773.1,812.1,,,62.2,150.9,43.7,275.8,105.5,,,1239.9,341.3,656.3,1738.3,716.4,,,118.6,76.1,433.3,586.8,417.0,,,2244.4,967.1,2189.0,1076.7,3013.8,,,1383.4,493.4,993.3,1088.9,2947.0,,,,,,,,,,,,,,,,,12.0,91.1,34.7,72.0,116.6,,,8.3,56.2,17.2,56.5,74.3,,,159.5,104.5,229.8,537.0,240.3,,,56.8,39.1,213.8,306.0,276.9,,,80.0,98.1,397.7,276.7,541.4,,,396.2,278.5,620.6,484.4,1142.7,,,,,,,,,,,,,,,,,1099.0,2633.3,2777.7,711.6,3546.2,,,591.3,841.0,695.7,318.2,1245.7,,,2244.4,1208.9,1806.2,1624.2,2770.5,,,2777.7,1132.9,2607.5,1451.3,3759.2,,,268.8,247.4,863.5,696.2,1026.9,,,4488.9,3065.9,3954.9,4014.6,2867.5,,,,,,,,,,,,,,,,,2175.6,4091.8,3065.9,2451.3,5628.9,,,1405.3,756.1,764.2,849.7,2763.3,,,1984.8,693.9,971.5,1055.4,3129.0,,,2763.3,951.5,1431.8,2073.8,4948.2,,,1850.2,1091.1,1519.8,2235.0,2734.8,,,5599.3,4139.5,3746.0,5599.3,3253.4,,,,,,,,,,,,,,,,,,,,,,,,,,,,,,,,,,,,,,,,,,,,,,,,,,,,,,,,,,,,,,,,,,,,,,,,,,,,,,,,,,,,,,,,,,,,,,,,,,,,,,,,,,,,,,,,,,,,,,,,,,,,,,,,
20260828_小倉_1R,20260828,81,小倉,1,462.7,128.5,472.0,221.5,57.3,,,1304.6,1105.1,690.7,796.0,751.5,,,182.7,494.4,670.9,507.7,164.8,,,449.4,368.3,769.9,331.9,234.2,,,163.3,309.0,335.4,323.9,125.4,,,44.9,212.0,95.6,113.3,81.8,,,,,,,,,,,,,,,,,436.9,157.0,417.5,386.5,65.9,,,1677.4,1067.4,1105.1,1055.4,594.5,,,148.8,244.6,413.8,445.2,49.3,,,539.8,572.7,583.4,1145.5,341.5,,,939.3,1189.0,920.9,1361.4,809.8,,,17.1,95.7,11.2,60.6,148.1,,,,,,,,,,,,,,,,,1515.1,2762.8,690.7,1648.0,1055.4,,,1841.9,1491.0,1236.0,1739.5,1021.0,,,2762.8,2846.5,3030.2,1648.0,2134.9,,,312.0,423.1,968.4,978.5,335.4,,,2291.1,1878.7,1592.1,2236.6,3757.5,,,838.7,695.8,1341.9,507.7,2683.9,,,,,,,,,,,,,,,,,460.4,1105.1,1174.2,1021.0,294.4,,,273.0,838.7,680.7,877.9,107.2,,,3131.2,2472.0,2846.5,1515.1,1707.9,,,1806.4,1739.5,2291.1,1841.9,1219.9,,,2236.6,1772.4,1341.9,1806.4,1619.6,,,185.2,89.2,728.1,606.0,445.2,,,,,,,,,,,,,,,,,486.7,301.0,1043.7,763.7,331.9,,,824.0,572.7,618.0,1539.9,341.5,,,130.6,197.7,441.0,481.7,133.0,,,824.0,661.5,722.5,1707.9,1021.0,,,1219.9,2184.5,1105.1,1878.7,1010.0,,,132.8,218.4,129.0,445.2,552.5,,,,,,,,,,,,,,,,,530.7,968.4,999.3,769.9,408.4,,,1010.0,1739.5,1592.1,2538.8,1236.0,,,1189.0,1304.6,1236.0,2184.5,2683.9,,,1998.6,2236.6,1619.6,1957.0,2184.5,,,1105.1,2042.1,2236.6,1707.9,1145.5,,,486.7,846.2,2184.5,1841.9,988.8,,,,,,,,,,,,,,,,,22.8,86.7,29.8,44.0,23.9,,,10.3,68.0,3.9,35.7,84.7,,,208.2,234.8,408.4,153.9,383.4,,,49.6,30.1,194.0,197.3,238.4,,,70.0,97.6,38.6,109.8,176.9,,,140.6,307.9,340.3,425.0,233.0,,,,,,,,,,,,,,,,,,,,,,,,,,,,,,,,,,,,,,,,,,,,,,,,,,,,,,,,,,,,,,,,,,,,,,,,,,,,,,,,,,,,,,,,,,,,,,,,,,,,,,,,,,,,,,,,,,,,,,,,,,,,,,,,
20260828_小倉_2R,20260828,81,小倉,2,619.7,2065.7,373.5,1254.1,1950.9,,,804.2,200.6,84.6,433.5,396.0,,,1386.1,240.5,183.5,1239.4,1003.3,,,60.0,17.5,25.6,62.7,13.3,,,924.1,1254.1,1572.4,438.9,1727.0,,,1003.3,481.0,900.4,158.1,1300.6,,,,,,,,,,,,,,,,,3632.7,3632.7,908.1,1672.2,4051.9,,,3010.0,3511.7,1848.2,1727.0,8779.2,,,4788.6,4051.9,2847.3,3010.0,3632.7,,,780.3,1483.8,2241.5,949.1,1699.2,,,842.8,1316.8,1239.4,483.2,3511.7,,,4788.6,5544.7,3192.4,2701.3,5267.5,,,,,,,,,,,,,,,,,836.1,148.8,91.2,504.0,518.9,,,1300.6,1053.5,792.1,1210.9,2847.3,,,68.9,243.8,42.9,233.0,551.5,,,53.4,322.1,60.9,413.1,228.0,,,1210.9,1120.7,829.5,721.5,4051.9,,,975.4,2341.1,1646.1,849.6,4788.6,,,,,,,,,,,,,,,,,1816.3,290.2,296.7,1443.1,1368.1,,,2107.0,1915.4,1727.0,2633.7,5544.7,,,133.3,591.8,70.7,350.0,975.4,,,242.1,1157.7,145.9,1145.1,957.7,,,2701.3,2450.0,1225.0,1572.4,9999.9,,,2569.5,4389.6,3010.0,2569.5,8103.9,,,,,,,,,,,,,,,,,35.0,7.2,12.6,27.5,3.2,,,123.2,303.6,342.0,285.5,426.5,,,29.8,221.3,41.2,227.5,92.0,,,58.0,416.4,54.2,474.5,172.9,,,128.3,192.5,370.9,483.2,316.3,,,22.7,168.8,87.5,135.0,192.9,,,,,,,,,,,,,,,,,949.1,1950.9,2926.4,524.1,2569.5,,,481.0,892.8,892.8,279.4,1646.1,,,1987.7,1225.0,1183.7,1145.1,7525.0,,,3901.8,2150.0,1300.6,1596.2,4051.9,,,391.6,396.0,1022.8,975.4,646.3,,,4214.0,4389.6,9577.3,8779.2,1572.4,,,,,,,,,,,,,,,,,2065.7,1132.8,1549.2,303.6,2633.7,,,2772.3,5544.7,3010.0,2025.9,6584.4,,,1300.6,4389.6,3398.4,1300.6,8103.9,,,3511.7,6584.4,2394.3,2847.3,9999.9,,,199.5,1225.0,721.5,1284.7,916.0,,,7023.4,7023.4,8779.2,9999.9,1727.0,,,,,,,,,,,,,,,,,,,,,,,,,,,,,,,,,,,,,,,,,,,,,,,,,,,,,,,,,,,,,,,,,,,,,,,,,,,,,,,,,,,,,,,,,,,,,,,,,,,,,,,,,,,,,,,,,,,,,,,,,,,,,,,,
20260828_小倉_3R,20260828,81,小倉,3,291.0,215.7,168.6,936.6,36.0,,,256.3,97.4,534.3,566.6,58.8,,,245.7,95.8,410.3,291.0,42.4,,,528.9,964.9,959.1,1851.4,255.1,,,2412.4,1561.0,1090.5,3461.3,541.5,,,7.9,9.5,4.8,26.1,65.3,,,,,,,,,,,,,,,,,431.4,289.4,154.7,1197.1,85.0,,,909.8,328.2,920.3,1530.9,631.8,,,482.4,334.5,545.2,915.0,448.5,,,161.8,545.2,269.4,851.4,198.2,,,3184.4,2376.4,2181.1,2698.6,3980.5,,,129.1,430.3,264.0,249.1,2015.4,,,,,,,,,,,,,,,,,231.4,117.7,492.9,528.9,84.2,,,904.6,389.2,1098.0,1561.0,889.5,,,68.3,127.1,318.4,47.6,57.5,,,1676.0,1830.1,1447.4,4422.8,2067.8,,,1460.7,1941.7,489.9,2698.6,1224.7,,,128.6,475.2,84.7,543.4,502.2,,,,,,,,,,,,,,,,,402.0,131.3,692.2,312.2,105.2,,,564.6,361.8,804.1,796.1,669.0,,,68.3,141.9,266.2,53.5,87.5,,,1676.0,1421.6,1197.1,1224.7,1530.9,,,537.9,707.6,195.6,829.2,536.1,,,126.3,419.0,144.7,649.8,296.5,,,,,,,,,,,,,,,,,1384.5,2242.5,2015.4,3980.5,1027.2,,,626.8,1215.4,720.4,1434.4,904.6,,,2745.2,3317.1,2095.0,6922.7,3538.2,,,3249.4,2412.4,2568.1,2015.4,2793.3,,,6368.9,5897.1,9951.4,2412.4,2745.2,,,959.1,1895.5,3791.0,2527.3,2412.4,,,,,,,,,,,,,,,,,5897.1,3883.4,3122.0,8380.1,1502.1,,,5490.4,3004.2,4303.3,7582.0,8380.1,,,3122.0,2307.5,800.1,6634.2,4082.6,,,2341.5,2894.9,816.5,1851.4,1749.7,,,7961.1,6922.7,9999.9,2487.8,2948.5,,,1447.4,7582.0,4303.3,2041.3,3184.4,,,,,,,,,,,,,,,,,19.6,18.2,9.5,47.1,86.8,,,148.2,356.2,249.9,402.0,1315.8,,,91.7,263.6,51.9,683.3,461.5,,,70.1,225.8,78.7,518.6,227.4,,,447.2,833.6,1215.4,1284.0,1545.8,,,631.8,2653.7,1170.7,1054.4,1851.4,,,,,,,,,,,,,,,,,,,,,,,,,,,,,,,,,,,,,,,,,,,,,,,,,,,,,,,,,,,,,,,,,,,,,,,,,,,,,,,,,,,,,,,,,,,,,,,,,,,,,,,,,,,,,,,,,,,,,,,,,,,,,,,,
20260828_小倉_4R,20260828,81,小倉,4,1538.8,480.3,1837.6,1551.4,507.4,,,3505.0,3505.0,2395.8,7279.7,2126.6,,,545.4,2253.2,2628.7,1577.2,587.8,,,3862.7,2957.3,5914.7,8603.3,2824.9,,,2783.4,5115.4,1892.7,7010.1,2824.9,,,317.5,620.5,353.7,864.2,1045.7,,,,,,,,,,,,,,,,,178.0,97.8,317.5,336.7,72.7,,,272.3,140.8,198.1,456.0,252.7,,,12.1,23.0,34.8,3.7,6.1,,,435.1,196.5,192.3,688.2,291.1,,,341.0,482.8,42.7,633.0,282.4,,,40.8,110.8,36.0,204.8,167.2,,,,,,,,,,,,,,,,,2957.3,3943.1,2253.2,5914.7,1752.5,,,1785.5,736.4,1381.5,1873.9,1502.1,,,2426.5,1175.6,2175.5,1660.2,1971.5,,,1361.6,1213.2,1229.0,3154.5,1538.8,,,5407.8,2957.3,2175.5,4506.5,5566.8,,,1423.1,2103.0,1971.5,1911.8,6105.5,,,,,,,,,,,,,,,,,108.4,1094.0,985.7,618.5,370.3,,,19.1,51.4,64.4,7.5,13.6,,,1229.0,273.9,980.6,1087.7,1305.3,,,1720.6,353.7,1590.5,1478.6,1577.2,,,461.6,52.3,585.9,657.1,336.7,,,208.6,57.3,657.1,1034.2,313.3,,,,,,,,,,,,,,,,,3154.5,2458.0,2911.8,8603.3,2035.1,,,1819.9,1069.3,612.5,2557.7,1087.7,,,1502.1,980.6,837.4,3102.8,1332.9,,,2824.9,965.6,2226.7,2035.1,2824.9,,,9961.7,7010.1,7570.9,3639.8,3320.5,,,2035.1,2365.9,2126.6,3862.7,3441.3,,,,,,,,,,,,,,,,,3505.0,6309.1,2395.8,9999.9,5257.5,,,2175.5,1873.9,155.6,4027.0,1261.8,,,7010.1,2253.2,2175.5,9463.6,9463.6,,,1785.5,132.9,1577.2,1931.3,844.9,,,9999.9,5914.7,7886.3,3052.7,3441.3,,,2957.3,1433.8,9961.7,1237.0,4027.0,,,,,,,,,,,,,,,,,99.7,297.1,74.0,479.1,375.5,,,101.3,465.0,49.7,507.4,420.6,,,673.5,757.0,941.6,1113.3,2150.8,,,154.8,64.6,604.7,1057.3,308.7,,,1332.9,1023.0,1253.4,1802.6,2175.5,,,1270.2,766.2,2911.8,727.9,2103.0,,,,,,,,,,,,,,,,,,,,,,,,,,,,,,,,,,,,,,,,,,,,,,,,,,,,,,,,,,,,,,,,,,,,,,,,,,,,,,,,,,,,,,,,,,,,,,,,,,,,,,,,,,,,,,,,,,,,,,,,,,,,,,,,
20260828_小倉_5R,20260828,81,小倉,5,167.4,538.0,520.2,1030.6,255.2,,,153.3,385.8,398.4,831.5,186.9,,,667.2,535.4,1092.1,1167.7,577.7,,,688.1,558.6,1346.8,1650.6,705.8,,,1602.4,1463.5,1247.3,1590.7,1226.4,,,173.9,160.8,348.4,334.6,582.3,,,,,,,,,,,,,,,,,81.3,253.7,199.0,491.1,147.1,,,25.5,27.9,22.1,84.5,40.0,,,182.3,61.7,161.5,192.4,204.0,,,140.1,49.7,146.7,325.2,174.9,,,692.5,261.6,344.0,474.1,795.3,,,117.6,86.2,199.0,171.5,530.2,,,,,,,,,,,,,,,,,50.1,116.2,106.9,224.2,65.2,,,18.3,16.0,15.3,60.1,27.0,,,75.1,28.1,69.0,65.0,58.8,,,85.5,28.6,71.9,127.2,96.4,,,314.9,167.9,167.8,269.0,399.1,,,42.5,50.4,70.9,98.4,269.3,,,,,,,,,,,,,,,,,389.2,355.2,841.1,594.9,440.8,,,293.4,108.4,324.2,219.5,295.0,,,196.8,72.8,198.8,136.1,165.4,,,816.0,348.4,291.1,379.8,688.1,,,217.7,113.2,107.2,225.6,268.7,,,252.3,320.9,224.0,562.8,480.3,,,,,,,,,,,,,,,,,473.1,471.0,1045.3,1389.4,561.4,,,245.5,80.7,224.4,458.3,254.3,,,217.3,72.6,186.8,306.1,218.0,,,710.4,258.2,233.0,354.6,625.4,,,1389.4,620.1,571.6,655.3,1070.8,,,253.4,307.4,291.5,596.5,997.8,,,,,,,,,,,,,,,,,1814.2,1514.0,1338.5,2014.0,1742.3,,,1434.8,532.8,536.7,1125.7,1590.7,,,1149.3,503.5,399.1,871.1,1149.3,,,547.4,283.2,272.3,483.5,484.6,,,1770.4,1070.8,950.3,715.0,1322.4,,,1338.5,950.3,1407.2,734.2,1463.5,,,,,,,,,,,,,,,,,97.8,98.9,185.4,189.4,379.1,,,146.1,119.8,244.1,257.0,770.2,,,102.2,105.6,148.4,220.1,497.8,,,288.8,246.1,192.7,558.6,430.4,,,340.3,449.8,373.3,708.1,975.6,,,885.2,729.3,993.3,594.9,874.6,,,,,,,,,,,,,,,,,,,,,,,,,,,,,,,,,,,,,,,,,,,,,,,,,,,,,,,,,,,,,,,,,,,,,,,,,,,,,,,,,,,,,,,,,,,,,,,,,,,,,,,,,,,,,,,,,,,,,,,,,,,,,,,,
20260828_小倉_6R,20260828,81,小倉,6,886.9,700.5,314.3,2329.4,326.0,,,425.8,108.0,167.1,874.8,90.1,,,578.8,128.3,212.2,470.4,84.4,,,308.3,197.4,233.7,1193.5,94.8,,,2974.5,2329.4,1333.4,2577.9,1144.0,,,53.9,25.1,16.5,21.5,187.7,,,,,,,,,,,,,,,,,1390.9,1200.9,562.0,2885.7,547.7,,,1453.7,878.8,735.1,1859.1,826.2,,,1510.5,925.1,685.6,1272.0,683.2,,,405.3,437.4,198.9,746.5,174.3,,,4603.5,2301.7,2172.4,2723.1,5225.5,,,338.6,957.1,538.5,269.6,2544.0,,,,,,,,,,,,,,,,,419.4,120.0,183.4,726.8,110.8,,,1007.0,361.3,403.6,1546.7,538.5,,,66.3,127.1,46.6,31.4,38.3,,,312.3,373.2,129.1,943.1,232.1,,,1381.0,1652.5,344.0,996.6,1137.3,,,87.5,284.3,65.6,124.0,335.6,,,,,,,,,,,,,,,,,621.6,125.4,255.0,433.5,118.9,,,1074.1,425.8,549.2,676.0,582.3,,,56.5,146.1,37.3,32.3,27.2,,,314.8,415.8,105.6,271.5,203.5,,,463.6,567.0,124.9,231.2,228.0,,,77.3,358.0,61.2,116.6,239.2,,,,,,,,,,,,,,,,,435.4,417.5,411.3,1711.0,218.7,,,317.4,369.6,152.7,629.7,164.8,,,541.5,608.0,284.7,1933.4,500.8,,,485.7,403.6,237.2,498.3,333.3,,,3169.6,1711.0,2197.1,1333.4,1522.4,,,178.8,281.0,352.8,249.8,966.7,,,,,,,,,,,,,,,,,6444.9,4296.6,2843.3,9207.0,4203.1,,,7161.0,2885.7,2885.7,5225.5,8788.5,,,2544.0,2014.0,642.3,2974.5,2544.0,,,2447.4,2056.8,708.2,1442.8,1638.5,,,7161.0,4296.6,4715.7,1841.4,2723.1,,,3169.6,7436.4,4394.2,2148.3,2802.1,,,,,,,,,,,,,,,,,30.4,14.7,8.3,11.7,128.2,,,124.0,423.0,335.6,163.9,1432.2,,,51.9,337.4,57.3,135.6,582.3,,,36.1,300.6,59.9,94.2,248.1,,,45.7,153.4,168.4,119.9,596.7,,,625.7,2929.5,1624.7,925.1,1137.3,,,,,,,,,,,,,,,,,,,,,,,,,,,,,,,,,,,,,,,,,,,,,,,,,,,,,,,,,,,,,,,,,,,,,,,,,,,,,,,,,,,,,,,,,,,,,,,,,,,,,,,,,,,,,,,,,,,,,,,,,,,,,,,,
20260828_小倉_7R,20260828,81,小倉,7,723.3,678.7,817.8,1169.0,308.6,,,968.4,1315.1,1512.8,749.0,1066.6,,,976.6,1665.2,911.2,1978.3,925.8,,,933.3,1322.6,727.8,1653.3,1118.1,,,1300.3,560.4,758.8,1851.7,1186.9,,,299.4,838.6,548.4,980.7,1157.3,,,,,,,,,,,,,,,,,346.5,237.8,387.7,522.4,120.7,,,172.2,186.3,175.4,101.4,58.3,,,126.0,233.8,81.9,317.5,74.8,,,287.1,187.1,95.5,442.5,89.9,,,314.4,176.6,409.6,596.5,162.6,,,14.9,17.2,19.0,30.5,53.2,,,,,,,,,,,,,,,,,364.5,509.8,417.0,281.2,372.7,,,211.5,206.4,193.2,114.4,65.9,,,388.3,340.3,237.1,238.3,316.2,,,607.5,306.1,292.6,407.5,394.3,,,55.9,48.0,61.4,118.3,34.4,,,103.5,46.4,137.1,204.4,75.3,,,,,,,,,,,,,,,,,307.7,591.9,159.5,644.7,389.6,,,214.5,440.0,150.9,657.5,174.4,,,577.2,538.2,320.5,497.7,663.2,,,46.0,70.5,108.9,166.2,91.0,,,850.9,850.9,697.1,482.2,1086.6,,,380.0,173.7,571.5,214.9,918.5,,,,,,,,,,,,,,,,,823.7,1193.1,433.4,1727.3,826.6,,,445.9,331.6,120.4,737.1,143.4,,,904.1,458.3,314.0,618.8,520.1,,,58.3,62.5,134.5,178.0,80.9,,,1483.7,1102.2,1002.0,710.0,854.1,,,417.8,159.3,445.1,226.4,639.4,,,,,,,,,,,,,,,,,1037.9,432.6,866.9,1151.5,904.1,,,389.6,218.7,768.9,937.1,271.6,,,98.9,122.7,129.9,271.3,98.4,,,876.7,929.5,561.8,598.0,1102.2,,,1766.9,1411.3,989.1,918.5,1174.9,,,338.3,283.3,242.3,723.3,1006.3,,,,,,,,,,,,,,,,,56.8,259.7,168.5,299.8,276.8,,,13.6,21.6,22.2,36.3,46.3,,,144.9,52.9,230.5,309.4,142.2,,,226.4,81.4,349.1,278.5,538.2,,,353.3,122.7,355.0,243.3,634.1,,,390.3,171.3,295.2,471.4,623.8,,,,,,,,,,,,,,,,,,,,,,,,,,,,,,,,,,,,,,,,,,,,,,,,,,,,,,,,,,,,,,,,,,,,,,,,,,,,,,,,,,,,,,,,,,,,,,,,,,,,,,,,,,,,,,,,,,,,,,,,,,,,,,,,
20260828_小倉_8R,20260828,81,小倉,8,2208.1,3250.8,2053.1,1733.7,1462.8,,,1934.3,2035.3,1212.7,2294.7,1078.6,,,3120.8,2317.4,2629.8,3775.1,1581.4,,,1814.4,1109.2,2272.4,1418.5,197.6,,,1614.2,2089.8,2962.7,1708.4,1141.7,,,818.3,661.1,900.2,159.0,809.8,,,,,,,,,,,,,,,,,1759.8,1887.5,1708.4,1031.1,1158.7,,,1026.5,324.6,591.0,236.9,343.7,,,1435.9,457.1,1017.6,589.5,750.1,,,614.3,564.0,863.6,321.5,222.9,,,380.5,160.2,245.0,184.5,142.5,,,483.5,395.3,664.9,251.4,294.4,,,,,,,,,,,,,,,,,743.0,597.0,517.8,1265.1,444.9,,,591.0,243.5,422.4,244.8,264.7,,,187.0,123.6,77.6,201.9,53.8,,,281.3,347.7,170.9,358.4,67.5,,,769.9,274.7,397.3,398.7,424.7,,,89.4,274.0,159.4,73.4,390.7,,,,,,,,,,,,,,,,,987.5,736.0,955.3,1983.5,709.2,,,947.6,380.5,1049.5,1022.0,821.2,,,329.1,149.6,103.7,295.9,99.6,,,759.9,705.0,207.8,627.5,200.9,,,1696.0,793.4,550.7,745.4,851.1,,,250.5,586.6,217.7,165.1,818.3,,,,,,,,,,,,,,,,,562.6,480.6,731.4,543.0,104.3,,,341.1,329.1,498.0,251.6,140.6,,,270.5,328.2,176.7,307.9,76.0,,,630.8,650.1,262.1,614.3,212.7,,,407.7,218.1,319.7,479.6,119.0,,,7.1,30.9,25.0,45.8,52.2,,,,,,,,,,,,,,,,,471.8,752.6,1136.2,570.8,402.8,,,217.7,84.1,139.7,95.8,63.2,,,527.1,175.8,275.3,217.5,265.3,,,967.1,443.2,370.3,498.0,538.0,,,289.3,155.2,231.7,324.6,85.7,,,169.7,141.8,235.9,364.0,74.8,,,,,,,,,,,,,,,,,161.4,115.1,142.9,24.5,179.3,,,270.2,332.4,511.0,173.2,304.3,,,98.5,255.2,154.5,72.7,327.8,,,142.9,650.1,211.2,116.6,804.3,,,4.9,30.0,23.3,41.7,45.4,,,205.1,221.8,294.4,550.7,110.9,,,,,,,,,,,,,,,,,,,,,,,,,,,,,,,,,,,,,,,,,,,,,,,,,,,,,,,,,,,,,,,,,,,,,,,,,,,,,,,,,,,,,,,,,,,,,,,,,,,,,,,,,,,,,,,,,,,,,,,,,,,,,,,,
20260828_小倉_9R,20260828,81,小倉,9,272.4,227.7,289.2,184.6,72.9,,,493.2,293.7,508.4,910.3,249.8,,,279.7,137.0,301.9,793.6,81.5,,,567.9,736.9,773.7,927.3,226.9,,,525.7,1044.7,1071.9,927.3,446.9,,,33.1,52.7,26.8,23.0,102.6,,,,,,,,,,,,,,,,,160.2,141.0,161.3,111.1,43.3,,,235.1,102.8,159.2,99.2,94.3,,,143.2,76.0,152.2,150.2,95.1,,,271.8,284.2,276.9,146.5,141.0,,,73.1,42.2,65.7,33.2,21.7,,,26.0,58.7,74.8,40.5,45.1,,,,,,,,,,,,,,,,,589.5,337.8,828.1,1345.7,334.6,,,492.2,211.9,574.5,454.3,364.1,,,164.5,118.9,123.3,295.8,126.6,,,1276.3,1044.7,510.5,1282.9,920.5,,,1719.5,825.3,721.9,1289.6,1141.0,,,295.8,495.2,260.9,556.4,868.8,,,,,,,,,,,,,,,,,234.0,113.2,250.1,687.8,57.8,,,202.9,126.1,260.9,192.3,147.7,,,73.9,76.7,46.4,190.9,54.3,,,598.1,516.9,301.2,709.5,372.3,,,1196.2,471.6,480.8,786.0,693.6,,,52.2,163.2,91.9,134.7,556.4,,,,,,,,,,,,,,,,,897.1,1557.3,1231.9,1375.6,474.3,,,699.4,913.7,695.5,423.9,552.7,,,1949.7,1577.1,959.7,2210.8,1448.0,,,1368.0,945.0,853.8,1491.6,934.3,,,1949.7,667.4,1768.6,1731.5,839.3,,,363.6,601.0,963.4,910.3,828.1,,,,,,,,,,,,,,,,,676.5,1794.3,1794.3,1537.9,814.5,,,259.5,242.2,318.6,207.7,183.9,,,1807.4,585.3,853.8,1673.0,1014.8,,,1890.1,646.5,998.4,1414.9,1673.0,,,1500.7,520.2,1597.5,1423.0,819.9,,,655.0,549.0,1398.9,1794.3,830.9,,,,,,,,,,,,,,,,,20.2,35.8,24.8,16.2,68.5,,,38.8,143.0,159.9,83.0,132.3,,,153.8,300.8,211.4,378.6,605.4,,,74.3,222.6,159.2,228.4,651.6,,,77.5,165.4,326.2,311.4,321.5,,,248.8,353.2,732.5,903.7,451.0,,,,,,,,,,,,,,,,,,,,,,,,,,,,,,,,,,,,,,,,,,,,,,,,,,,,,,,,,,,,,,,,,,,,,,,,,,,,,,,,,,,,,,,,,,,,,,,,,,,,,,,,,,,,,,,,,,,,,,,,,,,,,,,,
20260828_小倉_10R,20260828,81,小倉,10,180.6,40.9,337.3,466.1,130.9,,,123.7,21.5,73.0,737.3,125.1,,,9.4,7.3,16.2,102.0,3.9,,,459.7,231.6,104.7,1115.1,330.7,,,1383.9,1999.0,353.7,1927.6,1616.0,,,146.9,177.2,26.3,208.7,517.0,,,,,,,,,,,,,,,,,365.6,114.1,536.5,410.1,208.5,,,655.0,793.7,992.1,992.1,2594.9,,,245.5,617.5,791.4,805.6,768.8,,,1232.3,1237.9,1383.9,1752.4,2522.2,,,862.2,1183.6,953.6,1369.9,1645.5,,,632.0,3416.1,727.4,2570.2,984.9,,,,,,,,,,,,,,,,,173.8,30.0,68.0,893.6,142.4,,,359.3,419.7,520.9,820.2,1708.0,,,51.2,244.8,105.4,1058.3,526.0,,,85.5,189.3,107.2,715.8,501.6,,,3175.0,1984.3,2570.2,2176.4,4653.0,,,1037.9,2620.1,1101.5,1578.2,4352.8,,,,,,,,,,,,,,,,,23.8,13.2,27.2,137.6,11.9,,,131.1,365.6,462.9,480.2,630.5,,,65.3,235.7,122.2,749.6,370.7,,,169.9,577.8,249.4,876.2,664.7,,,576.6,1237.9,1215.6,1458.7,2726.0,,,165.9,743.4,543.0,659.8,1363.0,,,,,,,,,,,,,,,,,1363.0,508.2,453.5,3459.9,1070.9,,,1823.4,1291.2,1645.5,2409.6,3551.0,,,302.8,594.4,375.8,1420.4,1062.5,,,479.3,1376.9,531.2,2230.3,1450.9,,,5092.0,3968.7,4028.0,3066.7,3551.0,,,2453.4,5189.9,2782.2,3331.8,3801.0,,,,,,,,,,,,,,,,,3416.1,4497.9,2570.2,5866.9,4906.8,,,1676.2,1741.1,2044.5,2522.2,3066.7,,,5092.0,2522.2,2645.8,5092.0,7102.0,,,2546.0,2933.4,2726.0,2546.0,4653.0,,,6746.9,4424.2,4497.9,3032.3,3801.0,,,7293.9,8433.6,8433.6,7102.0,4653.0,,,,,,,,,,,,,,,,,943.6,984.9,259.4,1322.9,1969.9,,,1533.3,4497.9,1955.6,3855.3,4028.0,,,1398.3,4653.0,1635.6,2594.9,5866.9,,,337.3,2108.4,1243.6,1999.0,3748.3,,,2933.4,5189.9,3855.3,3175.0,4283.7,,,5397.5,7937.5,6425.6,6582.3,4151.9,,,,,,,,,,,,,,,,,,,,,,,,,,,,,,,,,,,,,,,,,,,,,,,,,,,,,,,,,,,,,,,,,,,,,,,,,,,,,,,,,,,,,,,,,,,,,,,,,,,,,,,,,,,,,,,,,,,,,,,,,,,,,,,,
20260828_小倉_11R,20260828,81,小倉,11,541.2,94.2,343.5,501.7,284.1,,,821.8,251.1,533.7,1288.1,1360.0,,,21.8,50.9,35.6,26.1,42.7,,,532.6,610.3,209.0,1022.6,799.8,,,759.0,953.5,205.0,981.4,940.1,,,461.1,1472.1,277.0,940.1,1145.0,,,,,,,,,,,,,,,,,402.9,62.2,157.1,474.2,93.7,,,651.9,423.9,305.5,1566.8,360.6,,,58.4,210.4,129.9,514.2,62.6,,,284.1,461.1,247.8,1448.3,252.2,,,1594.8,2850.4,1548.7,3773.7,2077.0,,,54.4,210.8,53.0,91.3,485.3,,,,,,,,,,,,,,,,,591.4,235.2,314.4,996.0,905.1,,,571.2,328.3,258.6,2109.7,327.9,,,159.0,207.3,82.1,856.0,253.9,,,140.3,117.3,85.0,878.4,174.2,,,3391.6,2626.8,2232.8,2504.0,5582.0,,,1223.4,577.4,816.8,683.5,4465.6,,,,,,,,,,,,,,,,,6.0,19.9,8.3,11.6,15.1,,,26.0,78.1,53.3,223.8,33.5,,,81.8,98.3,49.2,475.0,142.0,,,56.3,74.4,73.4,322.0,136.5,,,176.5,525.3,861.5,669.8,887.2,,,92.9,75.9,170.4,156.3,585.0,,,,,,,,,,,,,,,,,644.0,549.0,345.2,1847.8,985.0,,,533.7,493.4,421.9,2093.2,551.3,,,275.9,273.9,210.4,1388.2,375.7,,,233.3,366.0,279.1,1201.5,607.5,,,5055.4,6231.1,5468.1,2762.2,3827.6,,,985.0,734.0,824.4,974.3,2077.0,,,,,,,,,,,,,,,,,2480.9,3307.8,572.5,4122.1,3721.3,,,2551.7,3827.6,2601.3,6535.0,5468.1,,,4784.6,3773.7,2762.2,6535.0,8119.3,,,607.5,2143.5,2458.1,2143.5,3391.6,,,5055.4,7655.3,3940.2,2850.4,2977.0,,,5582.0,6698.4,8119.3,5700.8,3773.7,,,,,,,,,,,,,,,,,396.9,1170.0,422.6,923.9,1643.7,,,174.6,333.6,122.2,215.0,1042.5,,,1685.1,914.4,1448.3,1135.3,4252.9,,,347.5,262.9,720.2,627.4,1941.5,,,1071.7,644.0,1201.5,1030.5,2435.8,,,3525.5,3773.7,5954.1,5253.6,3010.5,,,,,,,,,,,,,,,,,,,,,,,,,,,,,,,,,,,,,,,,,,,,,,,,,,,,,,,,,,,,,,,,,,,,,,,,,,,,,,,,,,,,,,,,,,,,,,,,,,,,,,,,,,,,,,,,,,,,,,,,,,,,,,,,
20260828_小倉_12R,20260828,81,小倉,12,687.7,1136.1,1289.8,2151.6,610.8,,,396.9,227.2,391.2,758.5,117.6,,,723.6,317.8,1090.2,898.8,345.3,,,1194.7,895.5,1496.1,2337.7,342.6,,,3001.6,2240.8,2395.3,3199.0,1921.9,,,222.1,121.7,180.4,85.4,636.4,,,,,,,,,,,,,,,,,714.0,1015.1,1025.8,1870.2,572.0,,,410.3,202.5,364.5,384.7,190.6,,,859.1,263.9,546.9,462.6,386.8,,,968.6,600.3,627.4,756.2,214.2,,,2078.0,862.1,856.0,1310.6,1019.4,,,348.8,219.8,305.6,135.9,507.5,,,,,,,,,,,,,,,,,136.6,105.4,124.9,201.6,30.9,,,171.5,69.5,83.8,122.4,45.3,,,55.0,21.1,49.3,8.3,12.3,,,256.1,110.0,182.0,292.0,53.9,,,368.1,153.7,69.0,292.4,149.8,,,35.0,22.6,28.3,12.9,86.9,,,,,,,,,,,,,,,,,734.5,318.2,1075.8,865.2,419.1,,,798.4,192.8,654.4,371.1,353.1,,,116.7,50.9,148.3,25.8,41.2,,,1800.9,953.4,672.5,1075.8,613.9,,,847.1,341.9,113.4,722.5,410.6,,,387.1,306.5,142.1,313.1,396.3,,,,,,,,,,,,,,,,,1328.5,1250.0,1653.9,2506.5,461.7,,,966.7,651.8,709.8,933.3,200.7,,,893.8,572.0,661.5,1350.7,221.7,,,1761.8,1256.4,1032.4,1519.5,599.5,,,3424.3,2078.0,2372.0,1929.6,926.2,,,230.6,108.7,181.9,257.6,382.2,,,,,,,,,,,,,,,,,3828.8,2545.8,3241.7,4767.2,3376.8,,,3353.5,1272.9,1180.2,2762.8,1884.7,,,1626.2,863.6,278.5,1682.5,895.5,,,2360.4,826.9,282.8,1365.9,1191.8,,,4587.3,3220.2,2877.2,2965.0,1283.0,,,2911.7,2060.4,1393.3,1718.2,1188.9,,,,,,,,,,,,,,,,,125.7,86.0,125.2,46.3,433.3,,,211.3,136.8,211.8,69.1,378.1,,,75.1,79.1,76.8,45.1,258.6,,,244.2,274.8,144.3,187.8,442.4,,,58.5,30.3,52.5,86.0,163.1,,,1259.7,1019.4,778.0,996.4,487.2,,,,,,,,,,,,,,,,,,,,,,,,,,,,,,,,,,,,,,,,,,,,,,,,,,,,,,,,,,,,,,,,,,,,,,,,,,,,,,,,,,,,,,,,,,,,,,,,,,,,,,,,,,,,,,,,,,,,,,,,,,,,,,,,
20260828_伊東_1R,20260828,37,伊東,1,247.0,1074.4,668.2,1026.7,,,,242.4,837.8,205.4,818.7,,,,1234.4,1167.5,1314.7,1341.9,,,,514.9,162.8,781.2,726.7,,,,1358.8,1268.3,1412.3,1314.7,,,,,,,,,,,,,,,,,,,,,,,,,185.8,488.5,341.8,463.3,,,,73.8,32.8,36.1,24.3,,,,343.6,84.2,211.2,60.0,,,,149.7,73.4,195.1,125.4,,,,138.6,39.1,21.9,67.6,,,,,,,,,,,,,,,,,,,,,,,,,91.7,324.7,56.3,232.6,,,,42.0,25.6,24.3,14.3,,,,235.7,65.1,146.5,115.8,,,,6.6,19.2,40.7,22.2,,,,211.5,60.9,83.0,104.5,,,,,,,,,,,,,,,,,,,,,,,,,730.0,940.1,802.5,691.0,,,,348.1,112.5,298.9,89.1,,,,269.7,93.0,223.3,189.2,,,,422.2,477.0,382.2,329.0,,,,226.8,85.1,203.4,167.1,,,,,,,,,,,,,,,,,,,,,,,,,134.8,51.4,215.4,220.7,,,,113.7,65.4,185.1,160.3,,,,14.2,34.9,68.9,40.5,,,,366.2,447.3,291.1,403.2,,,,263.5,268.1,189.3,311.5,,,,,,,,,,,,,,,,,,,,,,,,,733.3,974.1,578.5,829.2,,,,230.0,88.6,35.5,119.5,,,,513.3,145.6,206.6,265.7,,,,233.8,61.2,178.2,157.8,,,,390.6,278.8,326.6,261.8,,,,,,,,,,,,,,,,,,,,,,,,,,,,,,,,,,,,,,,,,,,,,,,,,,,,,,,,,,,,,,,,,,,,,,,,,,,,,,,,,,,,,,,,,,,,,,,,,,,,,,,,,,,,,,,,,,,,,,,,,,,,,,,,,,,,,,,,,,,,,,,,,,,,,,,,,,,,,,,,,,,,,,,,,,,,,,,,,,,,,,,,,,,,,,,,
20260828_伊東_2R,20260828,37,伊東,2,315.3,167.9,528.7,192.5,,,,306.5,79.4,99.5,132.8,,,,56.8,38.0,59.6,34.9,,,,506.4,106.8,101.9,240.0,,,,142.0,153.7,71.1,186.2,,,,,,,,,,,,,,,,,,,,,,,,,627.0,404.8,792.3,327.6,,,,700.0,599.8,478.4,253.2,,,,218.0,250.0,755.5,150.3,,,,644.5,354.0,590.8,190.4,,,,118.5,85.7,111.7,94.4,,,,,,,,,,,,,,,,,,,,,,,,,248.2,101.5,70.9,106.4,,,,366.2,338.0,210.7,127.7,,,,167.3,367.2,125.4,179.0,,,,29.8,72.7,33.3,25.1,,,,115.3,74.0,103.8,40.4,,,,,,,,,,,,,,,,,,,,,,,,,64.0,51.9,87.2,42.9,,,,142.9,201.5,535.8,136.6,,,,164.4,393.9,199.9,224.6,,,,244.0,606.4,230.0,277.3,,,,100.2,157.4,166.1,204.9,,,,,,,,,,,,,,,,,,,,,,,,,436.1,90.6,83.5,224.2,,,,490.2,218.4,363.3,200.5,,,,19.7,40.5,21.6,22.9,,,,139.2,444.5,116.1,298.2,,,,164.5,112.2,64.0,153.9,,,,,,,,,,,,,,,,,,,,,,,,,82.6,84.2,47.7,133.9,,,,34.0,20.2,35.8,39.9,,,,78.2,44.8,63.1,28.9,,,,61.5,78.8,84.0,111.5,,,,113.5,68.8,34.7,93.3,,,,,,,,,,,,,,,,,,,,,,,,,,,,,,,,,,,,,,,,,,,,,,,,,,,,,,,,,,,,,,,,,,,,,,,,,,,,,,,,,,,,,,,,,,,,,,,,,,,,,,,,,,,,,,,,,,,,,,,,,,,,,,,,,,,,,,,,,,,,,,,,,,,,,,,,,,,,,,,,,,,,,,,,,,,,,,,,,,,,,,,,,,,,,,,,
20260828_伊東_3R,20260828,37,伊東,3,111.1,173.6,365.1,97.9,529.7,,,107.8,250.1,151.2,79.7,418.8,,,471.0,593.3,917.0,461.1,896.6,,,645.6,376.5,1175.2,344.8,695.6,,,64.6,59.7,197.9,126.4,371.3,,,1635.8,1280.9,2181.1,1141.9,716.2,,,,,,,,,,,,,,,,,272.6,175.9,471.0,253.7,559.1,,,208.7,75.5,69.8,240.1,132.5,,,135.7,60.7,66.5,96.1,93.6,,,411.0,110.0,128.7,350.8,154.0,,,231.0,268.4,161.5,296.3,580.5,,,924.0,367.3,290.6,329.3,1071.2,,,,,,,,,,,,,,,,,132.2,328.9,69.0,118.2,185.5,,,154.8,60.2,38.1,205.1,88.0,,,556.5,138.3,159.6,720.5,394.9,,,29.1,17.2,61.2,52.0,6.2,,,177.4,272.0,455.0,114.5,284.4,,,307.2,119.3,182.9,31.3,377.1,,,,,,,,,,,,,,,,,747.2,1494.4,1503.7,1424.1,1729.3,,,353.4,174.6,212.7,384.9,292.0,,,837.7,209.7,272.6,960.7,560.4,,,1315.7,550.2,620.7,1467.2,663.2,,,1315.7,754.2,1513.1,1646.9,1936.8,,,1572.0,740.3,1175.2,880.3,2221.1,,,,,,,,,,,,,,,,,793.7,323.6,1147.4,532.0,433.8,,,580.5,106.1,162.8,396.8,146.9,,,82.5,35.1,65.7,62.4,9.9,,,1021.5,276.6,211.0,751.8,242.3,,,317.3,391.1,155.3,541.6,193.8,,,250.6,132.1,36.9,159.8,196.0,,,,,,,,,,,,,,,,,95.4,79.6,137.0,92.7,219.6,,,202.4,222.9,148.5,232.7,436.2,,,134.2,182.0,231.2,81.0,200.0,,,413.8,271.4,378.8,411.7,685.8,,,227.7,240.1,115.9,304.9,148.5,,,678.1,742.6,581.9,910.1,488.1,,,,,,,,,,,,,,,,,2283.9,1862.3,2548.4,1936.8,2350.5,,,2105.2,563.0,1158.3,809.7,2327.9,,,988.1,469.1,418.1,130.5,1090.5,,,2690.0,1614.0,1424.1,1862.3,3144.1,,,968.4,496.1,114.1,1025.8,1004.5,,,1582.3,2470.4,1876.7,3064.5,1407.5,,,,,,,,,,,,,,,,,,,,,,,,,,,,,,,,,,,,,,,,,,,,,,,,,,,,,,,,,,,,,,,,,,,,,,,,,,,,,,,,,,,,,,,,,,,,,,,,,,,,,,,,,,,,,,,,,,,,,,,,,,,,,,,,
20260828_伊東_4R,20260828,37,伊東,4,1536.8,2567.8,1459.4,2254.0,1019.3,,,2386.5,1146.1,2444.0,5071.5,609.1,,,2669.2,1300.3,4316.1,4226.2,1079.0,,,2305.2,3120.9,4316.1,3827.5,1827.5,,,3688.3,5338.4,4057.2,4140.0,3325.5,,,798.6,447.8,735.0,975.2,1932.0,,,,,,,,,,,,,,,,,939.1,1165.8,845.2,1502.6,566.6,,,434.3,182.5,362.2,576.3,97.9,,,724.5,209.1,346.7,939.1,164.6,,,601.9,300.0,579.6,673.9,220.7,,,1090.6,893.6,1844.1,1352.4,834.8,,,204.9,55.7,98.5,124.3,339.2,,,,,,,,,,,,,,,,,1102.5,901.6,1380.0,2504.4,444.8,,,539.5,246.1,514.8,751.3,119.9,,,387.1,208.9,408.9,676.2,49.6,,,1325.8,866.9,885.8,1719.1,404.1,,,2940.0,1649.2,1449.0,1895.8,1004.2,,,84.4,35.1,11.2,99.4,197.1,,,,,,,,,,,,,,,,,1748.7,1610.0,2504.4,2857.1,1056.5,,,1207.5,476.1,1133.2,1969.5,359.0,,,687.6,338.1,870.6,1207.5,93.3,,,2857.1,1861.1,1764.0,2634.5,1096.5,,,2817.5,2778.9,2008.5,2704.8,2091.3,,,275.2,228.1,83.1,425.2,497.2,,,,,,,,,,,,,,,,,1844.1,2600.7,3220.0,3497.5,1317.2,,,1380.0,1108.5,1470.0,1895.8,697.1,,,2669.2,1502.6,1548.5,3688.3,641.9,,,3497.5,2386.5,1811.2,2634.5,1300.3,,,4057.2,2415.0,4057.2,2857.1,1584.8,,,460.0,460.0,484.1,565.0,716.8,,,,,,,,,,,,,,,,,4410.0,5482.7,6147.2,4947.8,3381.0,,,3438.3,2254.0,4316.1,2983.2,2504.4,,,5966.4,2535.7,1932.0,6995.1,1950.5,,,5796.0,4410.0,2113.1,3558.9,2983.2,,,4610.4,3271.9,6147.2,3325.5,2158.0,,,2358.8,1719.1,1428.5,1988.8,1676.5,,,,,,,,,,,,,,,,,91.0,122.2,94.1,141.4,125.3,,,44.0,24.6,27.1,47.2,94.5,,,28.4,10.3,2.9,34.1,63.3,,,44.8,36.4,14.6,69.0,79.6,,,103.2,105.0,87.4,119.0,188.8,,,157.0,199.2,264.4,196.0,244.1,,,,,,,,,,,,,,,,,,,,,,,,,,,,,,,,,,,,,,,,,,,,,,,,,,,,,,,,,,,,,,,,,,,,,,,,,,,,,,,,,,,,,,,,,,,,,,,,,,,,,,,,,,,,,,,,,,,,,,,,,,,,,,,,
20260828_伊東_5R,20260828,37,伊東,5,619.9,301.1,254.9,214.8,252.4,,,715.6,1047.9,1133.4,761.0,451.4,,,748.1,1535.3,1600.5,874.4,729.5,,,340.3,1043.8,1340.5,609.9,698.6,,,87.8,388.9,156.9,330.1,121.8,,,214.0,630.2,189.3,648.8,411.9,,,,,,,,,,,,,,,,,358.8,244.7,108.9,244.9,154.0,,,230.2,108.0,50.4,275.3,62.2,,,486.3,248.2,141.6,343.4,102.4,,,37.5,23.3,41.6,68.0,9.8,,,300.0,505.9,298.0,212.4,253.1,,,105.5,46.6,36.3,20.6,187.1,,,,,,,,,,,,,,,,,437.2,781.3,815.0,393.5,325.2,,,309.9,62.3,74.4,241.8,42.9,,,838.3,126.5,652.0,584.2,57.3,,,536.7,104.1,452.9,815.0,162.5,,,515.7,347.9,501.1,1015.7,305.3,,,178.6,23.3,12.2,93.8,154.0,,,,,,,,,,,,,,,,,1368.3,2614.7,2839.6,2095.9,1189.5,,,989.0,723.5,648.8,1340.5,277.4,,,2276.6,627.2,1703.7,1714.8,240.2,,,2200.7,877.3,1590.8,3143.8,943.1,,,2079.4,1435.2,1640.2,2640.8,1419.8,,,631.7,183.6,173.0,502.0,835.7,,,,,,,,,,,,,,,,,281.2,825.2,1443.0,464.1,550.1,,,92.4,53.4,53.2,117.8,30.1,,,590.7,137.6,678.8,660.2,177.1,,,1682.0,453.7,1205.8,1899.9,617.0,,,892.1,392.4,895.2,1138.3,694.9,,,464.1,98.5,186.7,219.8,648.8,,,,,,,,,,,,,,,,,142.5,511.7,295.3,461.6,211.1,,,274.8,480.1,333.4,262.7,245.6,,,1023.5,462.4,904.4,1333.7,407.5,,,895.2,600.1,1086.7,1397.2,737.6,,,1069.1,342.0,1228.3,1459.0,684.1,,,671.9,373.0,665.2,345.2,1228.3,,,,,,,,,,,,,,,,,245.4,402.5,261.7,594.7,702.3,,,175.4,55.0,53.8,48.4,299.7,,,161.2,36.4,23.7,76.3,238.9,,,216.6,52.9,44.2,165.3,271.4,,,411.3,91.9,124.5,191.7,546.7,,,898.2,647.2,636.3,517.8,953.3,,,,,,,,,,,,,,,,,,,,,,,,,,,,,,,,,,,,,,,,,,,,,,,,,,,,,,,,,,,,,,,,,,,,,,,,,,,,,,,,,,,,,,,,,,,,,,,,,,,,,,,,,,,,,,,,,,,,,,,,,,,,,,,,
20260828_伊東_6R,20260828,37,伊東,6,397.7,265.2,772.6,233.0,291.6,,,484.5,669.8,252.9,332.1,148.1,,,214.1,639.4,1620.7,460.0,421.5,,,1355.8,335.3,1855.3,1014.4,336.5,,,127.5,118.0,278.3,282.5,132.3,,,193.1,91.2,289.5,217.6,180.5,,,,,,,,,,,,,,,,,398.3,235.7,798.8,323.7,259.9,,,493.8,363.8,566.2,1007.1,362.0,,,71.6,110.0,351.1,208.8,60.4,,,1855.3,1492.1,1242.3,2274.2,1033.0,,,373.0,746.0,493.0,1179.9,567.4,,,199.7,179.3,137.2,525.1,437.9,,,,,,,,,,,,,,,,,577.8,770.5,365.7,479.6,187.3,,,642.3,607.7,524.1,1362.3,307.5,,,1114.6,517.4,677.9,1796.2,275.1,,,358.3,435.8,750.0,862.4,80.3,,,607.7,1508.0,1918.4,1165.3,579.0,,,44.8,58.5,78.1,18.9,186.6,,,,,,,,,,,,,,,,,111.0,349.4,1010.7,382.1,213.3,,,28.7,35.2,142.3,140.0,22.7,,,470.8,158.8,362.0,1355.8,121.7,,,1446.2,691.2,829.4,2120.3,682.8,,,458.5,606.4,1566.7,2186.1,949.5,,,97.8,31.0,47.9,219.2,474.7,,,,,,,,,,,,,,,,,1918.4,962.4,2907.3,2014.3,915.6,,,1476.4,1584.3,1396.0,1128.0,955.9,,,736.3,1137.1,1349.3,1688.6,157.5,,,2937.6,1170.1,1730.1,1375.6,1532.6,,,1867.6,1044.4,2330.6,2256.0,1179.9,,,577.8,446.2,141.2,962.4,622.5,,,,,,,,,,,,,,,,,182.8,231.5,380.5,509.0,208.2,,,307.2,789.9,398.3,1141.7,489.6,,,550.8,1146.3,1258.9,1247.8,658.9,,,827.0,406.3,1336.5,2203.2,1424.2,,,1524.3,1855.3,1855.3,2350.0,1060.1,,,348.1,373.5,430.5,943.1,764.2,,,,,,,,,,,,,,,,,75.1,48.0,107.5,174.1,105.6,,,70.5,55.9,50.0,170.5,169.6,,,13.1,17.5,21.3,6.6,71.7,,,76.2,24.4,35.9,159.2,260.3,,,217.0,234.4,48.2,282.2,368.6,,,158.0,230.7,239.1,435.2,357.8,,,,,,,,,,,,,,,,,,,,,,,,,,,,,,,,,,,,,,,,,,,,,,,,,,,,,,,,,,,,,,,,,,,,,,,,,,,,,,,,,,,,,,,,,,,,,,,,,,,,,,,,,,,,,,,,,,,,,,,,,,,,,,,,
20260828_伊東_7R,20260828,37,伊東,7,1929.9,1509.5,413.7,1630.6,1186.4,,,3465.1,4998.8,842.3,2989.5,1205.2,,,2989.5,5445.1,1929.9,3243.9,3811.6,,,89.5,171.1,236.5,70.4,119.5,,,1905.8,2209.6,2772.0,464.8,1752.4,,,1320.0,1571.8,3909.3,422.3,2117.5,,,,,,,,,,,,,,,,,2989.5,1684.6,461.3,2019.4,1445.1,,,2147.3,4294.7,1579.9,5168.3,1604.8,,,1062.4,3764.5,804.5,2797.5,1793.7,,,230.4,971.1,595.5,1219.7,516.8,,,2960.4,5082.1,4998.8,2562.4,9999.9,,,1234.5,3426.1,2674.8,758.5,6628.9,,,,,,,,,,,,,,,,,5082.1,5864.0,1229.5,4065.7,2499.4,,,7818.7,4294.7,2772.0,4840.1,3960.1,,,9529.0,8712.2,5979.0,4918.2,6098.5,,,904.8,1684.6,3545.6,2904.0,952.9,,,7437.3,5082.1,5257.4,4356.1,9999.9,,,1815.0,3176.3,3314.4,935.3,6776.2,,,,,,,,,,,,,,,,,2772.0,8968.5,2698.4,4065.7,4918.2,,,2499.4,5979.0,2019.4,5349.6,4551.1,,,9999.9,8241.3,6352.7,5082.1,7623.2,,,2046.5,2147.3,4551.1,3909.3,2606.2,,,5864.0,6628.9,5646.8,5445.1,9999.9,,,5753.3,5349.6,5544.1,4620.1,9999.9,,,,,,,,,,,,,,,,,5.6,12.2,37.3,2.1,8.3,,,22.0,79.8,29.9,132.3,39.9,,,68.5,117.2,198.6,214.2,40.6,,,200.2,125.3,291.2,439.3,229.7,,,66.5,289.3,355.8,427.6,246.9,,,30.7,40.7,37.8,97.4,150.7,,,,,,,,,,,,,,,,,4012.2,4065.7,4918.2,733.0,4065.7,,,5544.1,4235.1,6776.2,3718.6,9999.9,,,8968.5,4998.8,4484.2,5979.0,9999.9,,,9836.4,9999.9,5544.1,5753.3,9999.9,,,777.8,2823.4,3465.1,3859.8,2628.7,,,6223.0,7818.7,9999.9,9999.9,3278.8,,,,,,,,,,,,,,,,,1703.5,1694.0,3587.4,637.9,2439.4,,,1762.5,2932.0,2849.8,968.0,5753.3,,,861.3,2117.5,2904.0,601.4,4484.2,,,6098.5,4918.2,5646.8,4065.7,9999.9,,,301.0,520.3,430.0,1125.2,1297.5,,,4620.1,8470.2,7437.3,9999.9,2345.6,,,,,,,,,,,,,,,,,,,,,,,,,,,,,,,,,,,,,,,,,,,,,,,,,,,,,,,,,,,,,,,,,,,,,,,,,,,,,,,,,,,,,,,,,,,,,,,,,,,,,,,,,,,,,,,,,,,,,,,,,,,,,,,,
20260828_岸和田_1R,20260828,56,岸和田,1,7.0,5.7,14.4,38.5,81.8,,,12.8,12.5,20.1,94.3,171.4,,,7.6,10.8,17.0,72.6,121.6,,,35.1,43.9,42.6,211.1,308.9,,,92.4,171.6,145.0,263.2,626.5,,,367.2,592.2,581.5,654.6,851.1,,,,,,,,,,,,,,,,,35.9,33.1,86.4,191.6,387.7,,,138.9,250.1,454.0,863.7,1640.2,,,117.2,252.3,432.5,813.2,1569.6,,,419.4,996.4,1017.2,1972.6,2919.5,,,1140.4,2393.0,2654.1,3892.7,8847.1,,,2178.7,5614.5,6487.9,6789.6,9999.9,,,,,,,,,,,,,,,,,96.2,94.8,143.2,327.6,791.2,,,229.8,561.4,856.1,1668.3,2807.2,,,250.1,449.1,643.0,1089.3,4054.9,,,752.4,1697.4,2100.4,4293.4,6082.4,,,2453.4,2979.1,3073.2,5839.1,9123.6,,,5508.6,6346.8,9999.9,6951.3,9999.9,,,,,,,,,,,,,,,,,60.3,69.4,104.3,210.3,366.3,,,190.9,471.6,851.1,1357.9,2412.8,,,255.2,509.5,1061.6,1871.5,3041.2,,,831.7,1972.6,2056.0,2654.1,4634.2,,,2100.4,3280.4,2979.1,3434.7,7683.0,,,1050.2,4948.4,6346.8,6211.8,5406.5,,,,,,,,,,,,,,,,,603.2,622.5,572.4,1717.3,1999.7,,,1512.7,4708.9,3743.0,6789.6,9731.8,,,1211.4,3892.7,4112.0,7486.0,9999.9,,,1737.8,4054.9,4561.8,4491.6,9999.9,,,5614.5,9999.9,9999.9,5406.5,5033.7,,,6635.3,9999.9,9999.9,9999.9,6346.8,,,,,,,,,,,,,,,,,1586.7,2354.4,3243.9,3945.3,7298.9,,,2780.5,3892.7,6082.4,9123.6,9999.9,,,4054.9,4112.0,4112.0,9999.9,9999.9,,,4634.2,5033.7,4231.2,5406.5,9999.9,,,6211.8,9999.9,9999.9,5958.2,6635.3,,,9999.9,9999.9,9999.9,9999.9,7486.0,,,,,,,,,,,,,,,,,3695.6,6951.3,5033.7,7298.9,9123.6,,,6346.8,7120.8,9999.9,9999.9,9999.9,,,7890.7,7890.7,9999.9,9999.9,9999.9,,,6346.8,7120.8,9123.6,9999.9,9999.9,,,9999.9,9999.9,9999.9,9999.9,7298.9,,,9999.9,9999.9,9999.9,9999.9,6951.3,,,,,,,,,,,,,,,,,,,,,,,,,,,,,,,,,,,,,,,,,,,,,,,,,,,,,,,,,,,,,,,,,,,,,,,,,,,,,,,,,,,,,,,,,,,,,,,,,,,,,,,,,,,,,,,,,,,,,,,,,,,,,,,,
20260828_岸和田_2R,20260828,56,岸和田,2,9.8,15.3,12.1,68.7,99.2,,,30.0,110.8,113.9,355.5,547.4,,,60.6,173.7,205.6,712.6,1023.7,,,50.3,158.0,230.4,657.4,905.9,,,294.9,725.1,1140.2,828.7,2106.2,,,440.3,1252.5,1777.8,1777.8,2778.8,,,,,,,,,,,,,,,,,4.6,6.3,5.9,45.7,66.4,,,12.5,68.9,69.4,272.1,340.5,,,26.8,77.2,99.7,307.9,473.7,,,23.1,67.2,88.8,293.1,456.1,,,208.5,506.4,664.0,629.8,1220.2,,,285.0,760.1,1084.2,1070.1,2119.7,,,,,,,,,,,,,,,,,96.9,339.5,377.9,884.1,1128.6,,,105.3,378.3,430.0,709.6,1637.0,,,597.9,818.5,1933.8,1768.3,7348.5,,,812.4,918.5,1653.4,4294.6,6613.6,,,1005.1,1911.4,2926.4,4657.5,6239.3,,,3845.1,4032.7,6889.2,8479.0,9999.9,,,,,,,,,,,,,,,,,454.2,1030.1,1252.5,3006.2,5511.4,,,415.4,888.9,1317.4,2016.3,4935.5,,,1317.4,1257.3,3594.3,4863.0,9999.9,,,1713.3,2732.9,4082.5,5166.9,9999.9,,,5905.0,5905.0,5421.0,6484.0,9999.9,,,8702.2,9448.1,9999.9,9999.9,9999.9,,,,,,,,,,,,,,,,,715.7,1695.8,1377.8,3555.7,6012.4,,,555.7,1257.3,1687.1,3674.2,4724.0,,,2106.2,1868.2,5087.4,8702.2,9999.9,,,1868.2,3517.9,6012.4,4792.5,9999.9,,,7515.5,6359.3,7873.4,6359.3,6239.3,,,9999.9,7348.5,9999.9,9999.9,6484.0,,,,,,,,,,,,,,,,,1980.1,3374.3,5905.0,5604.8,8267.1,,,2543.7,3594.3,6123.7,6748.6,9999.9,,,4657.5,3845.1,4863.0,9999.9,9999.9,,,9726.0,9448.1,5604.8,7188.7,9999.9,,,7348.5,8479.0,9999.9,6889.2,7348.5,,,9999.9,9999.9,9999.9,9999.9,7515.5,,,,,,,,,,,,,,,,,3061.8,6613.6,9185.6,8065.4,9999.9,,,2826.3,6359.3,8937.4,6748.6,9999.9,,,7035.8,9448.1,9999.9,9999.9,9999.9,,,9999.9,9999.9,9999.9,9999.9,9999.9,,,9999.9,9185.6,9999.9,9999.9,7188.7,,,9999.9,9999.9,9999.9,9999.9,6889.2,,,,,,,,,,,,,,,,,,,,,,,,,,,,,,,,,,,,,,,,,,,,,,,,,,,,,,,,,,,,,,,,,,,,,,,,,,,,,,,,,,,,,,,,,,,,,,,,,,,,,,,,,,,,,,,,,,,,,,,,,,,,,,,,
20260828_岸和田_3R,20260828,56,岸和田,3,13.2,2.4,18.2,54.6,24.7,,,56.1,79.8,236.1,128.0,225.5,,,8.0,61.3,36.8,96.0,54.2,,,77.7,295.4,86.3,454.9,217.0,,,214.8,222.1,236.3,524.9,574.4,,,106.1,315.6,130.0,288.1,537.3,,,,,,,,,,,,,,,,,43.9,14.4,62.9,142.4,84.8,,,168.1,439.7,560.3,289.4,563.0,,,115.9,477.9,556.6,820.2,635.4,,,277.6,786.2,598.6,1107.8,749.9,,,610.4,634.2,1231.8,1648.4,1523.3,,,300.1,743.4,710.8,842.5,1359.4,,,,,,,,,,,,,,,,,109.4,191.4,440.8,217.6,466.7,,,137.4,468.7,682.4,265.5,641.3,,,547.7,881.7,1906.2,1086.7,2132.6,,,816.3,1063.0,1594.5,586.2,1118.7,,,179.5,170.0,477.2,190.2,214.0,,,710.8,932.3,1445.8,947.8,541.6,,,,,,,,,,,,,,,,,49.3,261.0,191.0,399.5,217.4,,,112.8,398.6,751.5,1137.4,398.6,,,802.8,1277.9,2585.0,1470.7,2729.7,,,1018.5,1445.8,2645.1,2437.3,1961.0,,,2454.8,2729.7,2173.4,3019.6,4374.6,,,929.7,1516.5,2774.1,2031.0,3517.7,,,,,,,,,,,,,,,,,389.9,1059.7,516.2,1844.4,953.1,,,529.8,1427.7,1024.6,1927.8,1322.5,,,1375.9,1732.1,2604.7,1079.8,1579.7,,,1421.7,1895.6,3669.0,2796.9,3019.6,,,2796.9,3517.7,1558.1,2967.1,1854.4,,,1168.5,1439.7,1375.9,2080.6,1895.6,,,,,,,,,,,,,,,,,907.5,638.9,1118.7,1740.9,1680.9,,,1273.2,735.3,2146.0,2820.0,2751.8,,,314.4,281.7,533.9,278.3,321.0,,,2796.9,2751.8,1464.4,1672.6,4874.6,,,2068.0,2891.7,1003.6,2274.8,1537.0,,,2055.5,2490.6,1043.5,2916.4,1697.6,,,,,,,,,,,,,,,,,205.5,552.1,271.8,564.9,997.7,,,153.1,657.4,294.6,360.7,1287.6,,,802.8,1312.4,1895.6,1338.1,707.9,,,516.2,886.2,2080.6,1672.6,2624.8,,,872.6,1046.7,1231.8,1579.7,1433.7,,,1617.1,2454.8,1307.3,2820.0,1732.1,,,,,,,,,,,,,,,,,,,,,,,,,,,,,,,,,,,,,,,,,,,,,,,,,,,,,,,,,,,,,,,,,,,,,,,,,,,,,,,,,,,,,,,,,,,,,,,,,,,,,,,,,,,,,,,,,,,,,,,,,,,,,,,,
20260828_岸和田_4R,20260828,56,岸和田,4,17.4,9.3,19.4,161.4,21.6,,,45.7,92.2,85.5,496.5,340.5,,,19.8,89.4,103.1,579.9,125.6,,,59.1,82.1,164.3,391.1,349.1,,,927.1,1456.4,1445.6,1072.3,2502.0,,,213.8,742.0,579.1,552.8,1876.5,,,,,,,,,,,,,,,,,33.4,18.7,25.9,193.7,32.0,,,81.7,190.2,142.7,891.1,321.2,,,73.0,229.7,215.4,927.1,297.0,,,126.0,178.2,328.2,704.5,377.4,,,841.2,1029.8,2337.2,1832.4,2518.2,,,240.0,681.1,677.6,568.9,1633.1,,,,,,,,,,,,,,,,,27.0,82.5,44.9,289.7,262.1,,,54.0,140.6,89.6,480.6,291.0,,,125.3,149.8,157.1,544.3,671.8,,,19.3,29.8,72.0,47.6,101.4,,,949.6,1168.6,1314.2,408.7,1182.7,,,671.8,814.8,1137.9,506.9,1668.0,,,,,,,,,,,,,,,,,42.2,161.8,181.4,1003.3,539.8,,,110.2,245.6,389.1,1435.0,707.1,,,200.7,191.0,255.2,1108.8,775.9,,,323.1,485.4,305.4,759.3,1175.6,,,2365.5,2891.2,2486.1,2518.2,4940.7,,,1327.6,1646.9,1941.8,2001.6,4242.6,,,,,,,,,,,,,,,,,71.8,62.9,191.7,179.7,283.6,,,102.0,96.3,324.1,264.9,344.8,,,28.2,38.0,86.9,41.6,77.6,,,247.5,383.7,202.9,607.0,903.5,,,196.2,274.8,139.2,630.5,370.3,,,480.1,572.3,318.6,1016.4,674.1,,,,,,,,,,,,,,,,,1530.6,2486.1,3252.6,1815.4,4646.6,,,1832.4,2486.1,3826.6,3647.8,5274.6,,,2282.5,2439.5,2454.8,1003.3,4336.9,,,4289.2,5204.2,2956.9,3942.6,6729.6,,,1451.0,2567.9,885.0,2409.3,1689.7,,,6004.9,5740.0,5346.8,6615.6,2691.8,,,,,,,,,,,,,,,,,480.6,1495.4,1105.7,990.6,2979.5,,,565.6,1507.0,1612.8,1593.1,3485.0,,,1555.0,1823.9,2323.3,1027.1,4023.9,,,1518.7,2205.2,2710.5,2637.3,5004.1,,,995.7,1573.8,927.1,2710.5,1467.3,,,4760.0,5576.0,5576.0,6295.5,1981.3,,,,,,,,,,,,,,,,,,,,,,,,,,,,,,,,,,,,,,,,,,,,,,,,,,,,,,,,,,,,,,,,,,,,,,,,,,,,,,,,,,,,,,,,,,,,,,,,,,,,,,,,,,,,,,,,,,,,,,,,,,,,,,,,
20260828_岸和田_5R,20260828,56,岸和田,5,16.5,56.8,68.6,176.6,5.2,,,132.4,562.2,561.3,1221.5,211.8,,,116.4,401.8,368.4,374.4,133.7,,,217.9,608.7,559.6,991.0,240.1,,,566.5,1356.8,728.1,1075.1,703.0,,,3.8,47.7,49.6,60.1,149.5,,,,,,,,,,,,,,,,,33.9,141.6,117.5,352.1,16.4,,,123.6,813.4,541.5,1163.5,183.7,,,307.1,783.9,748.8,933.2,363.3,,,355.2,879.6,937.9,1619.8,546.3,,,1075.1,1925.1,1626.9,2312.5,2077.3,,,46.9,165.7,283.9,320.0,766.0,,,,,,,,,,,,,,,,,413.1,1885.6,1167.2,2535.8,806.3,,,399.6,1987.5,1513.1,2872.6,851.1,,,2571.2,3253.9,4775.2,4040.6,3640.5,,,1229.7,1885.6,4968.8,6027.7,3253.9,,,4275.5,4178.3,4226.3,6027.7,7503.9,,,831.8,877.5,3038.8,2895.2,4714.0,,,,,,,,,,,,,,,,,208.9,806.3,640.5,423.6,262.2,,,337.0,582.7,1056.5,755.0,354.2,,,1955.8,1802.4,3676.9,2723.6,2387.6,,,1056.5,1634.2,2664.4,1100.8,1519.4,,,410.3,586.4,1250.6,554.5,454.5,,,240.3,239.6,454.5,568.3,163.7,,,,,,,,,,,,,,,,,391.1,1121.0,1021.3,1408.7,431.0,,,545.5,1500.7,1847.7,1895.3,826.2,,,1341.9,2077.3,4085.5,3953.7,1998.3,,,1294.7,2042.7,3676.9,1525.7,1811.3,,,1678.9,3640.5,4902.6,1793.6,2009.2,,,511.3,780.6,1346.8,1127.9,1482.6,,,,,,,,,,,,,,,,,1217.5,3342.6,1229.7,1686.6,1710.2,,,1866.4,3436.4,2137.7,4275.5,3714.0,,,5178.8,5106.8,3253.9,8356.7,6565.9,,,820.7,985.7,1767.7,991.0,991.0,,,1718.2,3535.5,5487.9,1470.7,2501.3,,,1915.0,2872.6,4377.3,1250.6,2357.0,,,,,,,,,,,,,,,,,6.1,61.3,49.9,77.6,143.1,,,22.0,79.9,140.3,192.2,365.8,,,275.4,272.3,820.7,613.8,1242.2,,,107.2,111.4,241.7,223.2,87.9,,,240.7,305.9,509.9,410.8,526.7,,,437.2,684.7,1024.2,319.1,475.6,,,,,,,,,,,,,,,,,,,,,,,,,,,,,,,,,,,,,,,,,,,,,,,,,,,,,,,,,,,,,,,,,,,,,,,,,,,,,,,,,,,,,,,,,,,,,,,,,,,,,,,,,,,,,,,,,,,,,,,,,,,,,,,,
20260828_岸和田_6R,20260828,56,岸和田,6,66.6,144.9,34.2,142.3,222.7,,,98.8,181.1,59.5,221.7,287.9,,,179.1,272.0,131.5,194.9,585.5,,,14.7,18.5,44.1,33.5,92.7,,,198.6,253.2,162.5,97.9,644.7,,,493.5,438.7,925.4,279.3,948.6,,,,,,,,,,,,,,,,,193.9,302.1,112.2,363.9,558.7,,,301.0,425.2,382.4,489.4,549.8,,,410.0,394.8,583.9,232.2,763.5,,,138.1,332.4,552.7,534.9,919.2,,,564.8,602.5,284.5,650.8,1201.6,,,1208.6,825.8,1496.6,1459.7,1727.4,,,,,,,,,,,,,,,,,145.8,307.0,126.3,319.1,280.6,,,116.9,126.6,98.4,139.4,125.7,,,352.2,192.0,435.0,216.8,356.7,,,91.4,94.3,181.8,171.1,193.2,,,374.5,200.6,200.4,390.7,440.1,,,215.8,112.2,270.9,233.3,296.7,,,,,,,,,,,,,,,,,183.9,297.8,248.2,159.9,523.4,,,213.3,236.7,340.6,104.7,508.6,,,371.1,228.5,451.6,187.5,439.6,,,237.4,344.3,436.4,180.8,964.1,,,61.1,37.1,66.4,97.8,200.5,,,959.6,699.1,641.7,1324.5,436.8,,,,,,,,,,,,,,,,,14.0,25.8,32.3,41.6,112.7,,,55.6,108.1,204.5,209.4,523.4,,,56.0,94.6,137.1,174.7,320.8,,,126.3,171.5,226.7,150.5,774.9,,,92.1,179.8,153.7,97.8,554.9,,,418.3,795.7,401.3,1194.7,973.1,,,,,,,,,,,,,,,,,120.9,174.6,79.2,140.6,502.5,,,239.0,295.2,103.4,363.3,844.3,,,358.0,189.6,138.3,414.5,554.9,,,33.7,19.5,46.9,70.5,192.5,,,134.8,288.5,285.5,143.5,626.2,,,994.1,1085.2,693.2,559.4,1023.6,,,,,,,,,,,,,,,,,856.5,731.1,1307.8,853.0,1518.6,,,1117.4,708.6,1454.6,1439.5,1692.1,,,427.4,241.7,508.0,532.1,524.7,,,1706.0,968.6,788.1,1893.0,762.0,,,935.8,1372.7,767.7,1779.3,1600.6,,,1764.1,1576.3,907.1,882.0,1363.7,,,,,,,,,,,,,,,,,,,,,,,,,,,,,,,,,,,,,,,,,,,,,,,,,,,,,,,,,,,,,,,,,,,,,,,,,,,,,,,,,,,,,,,,,,,,,,,,,,,,,,,,,,,,,,,,,,,,,,,,,,,,,,,,
20260828_岸和田_7R,20260828,56,岸和田,7,55.5,79.1,138.5,96.3,292.1,,,149.0,225.1,374.0,294.7,688.5,,,40.5,72.2,26.3,29.5,84.0,,,119.5,207.1,57.9,30.5,72.8,,,81.7,112.3,43.3,25.8,111.7,,,609.5,763.4,405.0,294.4,307.3,,,,,,,,,,,,,,,,,52.5,90.7,171.6,107.0,332.8,,,34.4,103.4,75.6,58.6,153.9,,,252.7,290.7,470.8,398.6,825.9,,,296.0,200.1,388.1,164.5,255.2,,,130.0,94.9,331.0,108.2,385.0,,,849.1,676.0,1097.5,550.0,686.5,,,,,,,,,,,,,,,,,332.2,569.4,812.1,704.5,1449.1,,,150.3,242.9,242.7,198.6,502.6,,,622.1,557.6,673.1,1036.4,1651.9,,,850.6,636.0,686.5,585.9,954.6,,,718.1,518.2,927.2,654.0,1546.3,,,2659.4,1854.4,2534.1,1304.6,2327.0,,,,,,,,,,,,,,,,,129.8,160.7,108.9,108.6,238.6,,,286.5,402.3,591.7,490.3,1192.1,,,489.9,513.2,567.4,856.6,1551.3,,,294.5,742.3,587.4,274.8,536.6,,,207.8,436.8,569.4,273.1,624.5,,,814.8,1753.7,1913.1,876.8,1146.9,,,,,,,,,,,,,,,,,288.2,363.3,163.7,55.4,152.8,,,414.0,408.1,491.8,188.6,358.5,,,667.6,615.0,596.0,376.6,649.6,,,325.7,684.6,607.3,229.1,404.7,,,38.4,97.2,116.1,88.3,17.6,,,195.6,292.4,244.5,234.3,50.4,,,,,,,,,,,,,,,,,91.4,105.7,43.8,34.0,118.3,,,117.3,94.8,219.2,105.9,346.7,,,316.9,250.0,389.0,259.3,590.2,,,92.8,241.1,208.4,134.0,308.8,,,22.0,65.3,83.0,54.1,13.7,,,192.3,382.0,260.7,239.8,45.2,,,,,,,,,,,,,,,,,1806.0,2560.9,1180.5,738.9,728.9,,,1983.6,2704.0,2987.7,1432.0,1669.0,,,3292.6,2847.1,2898.3,1551.3,2349.6,,,1241.0,2864.0,2644.9,1082.8,1440.5,,,576.2,808.0,654.0,585.9,138.3,,,641.9,1095.0,1195.1,929.0,152.6,,,,,,,,,,,,,,,,,,,,,,,,,,,,,,,,,,,,,,,,,,,,,,,,,,,,,,,,,,,,,,,,,,,,,,,,,,,,,,,,,,,,,,,,,,,,,,,,,,,,,,,,,,,,,,,,,,,,,,,,,,,,,,,,
20260828_岸和田_8R,20260828,56,岸和田,8,53.2,144.1,73.8,203.9,375.2,,,61.8,227.9,108.3,270.7,319.1,,,218.1,440.6,197.2,222.9,1358.1,,,46.1,55.2,105.3,178.2,266.0,,,270.8,406.6,211.3,240.1,966.3,,,790.6,1525.2,2056.9,785.6,1104.0,,,,,,,,,,,,,,,,,35.3,135.5,63.6,194.3,250.2,,,8.4,30.9,25.1,52.3,15.5,,,223.4,134.5,530.1,241.8,827.5,,,86.2,95.0,330.2,309.4,582.5,,,221.6,140.9,157.9,457.7,1297.6,,,973.9,295.2,1361.8,1277.6,2174.1,,,,,,,,,,,,,,,,,41.9,198.0,90.7,222.0,246.3,,,8.3,32.6,20.3,51.1,9.4,,,382.2,174.2,409.6,312.3,625.1,,,138.1,94.1,351.5,491.2,314.3,,,294.7,161.1,256.9,577.7,415.1,,,327.6,91.9,492.2,320.4,419.7,,,,,,,,,,,,,,,,,606.0,546.5,676.2,521.8,1549.1,,,563.9,315.7,1180.2,406.6,1906.6,,,561.4,369.1,1206.1,431.8,1163.6,,,1041.4,1404.2,1764.1,938.8,5058.3,,,123.4,124.6,110.5,460.2,505.8,,,4096.8,4063.2,3515.7,5972.4,2091.6,,,,,,,,,,,,,,,,,52.1,89.1,140.2,219.0,389.4,,,130.8,104.8,472.1,405.3,862.1,,,234.0,154.4,556.3,754.5,597.2,,,583.1,946.0,1267.8,964.4,3755.4,,,440.2,580.4,930.0,661.8,1870.6,,,1998.8,2100.4,1770.4,4465.9,2882.0,,,,,,,,,,,,,,,,,363.1,377.8,281.4,416.9,1261.3,,,277.8,122.3,171.7,597.2,1212.0,,,258.7,124.3,115.8,470.7,268.2,,,92.0,53.2,58.3,278.1,251.3,,,474.8,672.6,1005.5,578.4,1884.8,,,2950.6,2203.1,1849.6,1619.9,2708.8,,,,,,,,,,,,,,,,,3372.2,3566.3,5697.8,4632.8,7289.9,,,2454.0,668.0,5330.2,3934.2,6045.3,,,2466.2,497.7,1751.6,3304.7,3592.1,,,6981.9,7398.7,4426.0,7868.5,4766.5,,,5388.2,5273.5,4063.2,8401.9,5330.2,,,7081.6,6045.3,4426.0,4766.5,4908.0,,,,,,,,,,,,,,,,,,,,,,,,,,,,,,,,,,,,,,,,,,,,,,,,,,,,,,,,,,,,,,,,,,,,,,,,,,,,,,,,,,,,,,,,,,,,,,,,,,,,,,,,,,,,,,,,,,,,,,,,,,,,,,,,
20260828_岸和田_9R,20260828,56,岸和田,9,23.0,15.1,57.0,31.0,8.8,,,55.2,77.8,151.8,58.2,69.6,,,5.8,25.2,6.6,29.2,14.0,,,125.9,268.8,65.5,393.4,210.0,,,79.0,46.4,104.3,300.9,105.5,,,9.9,68.2,36.1,126.9,76.8,,,,,,,,,,,,,,,,,279.7,138.3,387.6,313.9,98.8,,,535.8,1227.8,1924.0,995.9,937.4,,,285.9,1136.5,760.4,1253.0,441.5,,,1129.5,2608.7,1415.1,3721.0,1586.6,,,614.4,759.6,1566.3,3067.1,994.6,,,115.1,365.2,254.4,632.4,417.9,,,,,,,,,,,,,,,,,768.3,696.8,1415.1,734.5,1158.0,,,843.5,2403.4,3425.4,1597.0,1939.2,,,1129.5,2979.8,3647.0,2112.5,3628.9,,,4095.2,5864.4,6160.1,6850.9,9163.1,,,754.1,1201.7,1454.4,2695.0,1708.7,,,1894.1,2070.7,4212.9,4986.7,2735.2,,,,,,,,,,,,,,,,,82.8,192.9,44.6,239.8,126.3,,,338.5,1372.7,944.6,1741.2,642.4,,,848.4,1870.0,2646.4,2276.5,3759.2,,,287.2,991.9,1944.4,1724.8,1762.1,,,768.3,1939.2,1934.1,1367.6,2510.4,,,411.8,667.0,2427.3,689.6,2053.3,,,,,,,,,,,,,,,,,1517.7,3067.1,533.9,3778.6,1924.0,,,2194.7,6212.3,2618.0,7330.5,4286.8,,,5273.7,7480.1,6850.9,8939.6,9645.4,,,616.5,2608.7,5772.0,3983.9,4261.9,,,7186.7,9999.9,9999.9,4791.1,5511.6,,,3106.1,4469.8,7716.3,5020.9,6008.6,,,,,,,,,,,,,,,,,655.6,500.3,662.7,2476.5,861.4,,,982.6,1023.8,2427.3,4760.0,1505.2,,,519.1,1018.1,1174.7,2312.4,1530.3,,,1103.9,2599.4,2262.5,3611.0,3093.0,,,5864.4,7480.1,7404.5,4639.5,5198.9,,,1065.4,1209.6,2149.7,2819.4,4237.3,,,,,,,,,,,,,,,,,76.2,456.4,139.2,464.8,351.4,,,73.8,177.3,198.0,369.4,361.4,,,1060.8,1102.3,2349.5,3302.0,1463.1,,,315.5,404.1,1380.5,855.3,1266.0,,,1480.9,1586.6,2563.1,1745.3,3201.1,,,661.6,736.7,849.4,1330.4,2094.4,,,,,,,,,,,,,,,,,,,,,,,,,,,,,,,,,,,,,,,,,,,,,,,,,,,,,,,,,,,,,,,,,,,,,,,,,,,,,,,,,,,,,,,,,,,,,,,,,,,,,,,,,,,,,,,,,,,,,,,,,,,,,,,,
20260828_小松島_1R,20260828,73,小松島,1,6.5,11.4,26.0,45.6,302.2,,,10.7,27.2,59.1,102.1,585.9,,,13.0,21.1,69.1,127.0,459.9,,,58.7,103.0,177.9,409.5,1161.0,,,144.8,258.7,399.2,661.1,2069.7,,,1069.7,2188.7,2720.2,2929.5,3400.3,,,,,,,,,,,,,,,,,7.2,13.8,35.5,93.5,281.2,,,14.9,28.4,55.6,141.0,570.1,,,24.5,38.2,84.9,225.6,672.8,,,99.8,152.3,207.4,465.5,1410.5,,,327.1,558.4,889.8,707.8,2929.5,,,1100.6,2380.2,2472.9,2538.9,2538.9,,,,,,,,,,,,,,,,,48.5,104.2,179.4,459.9,966.5,,,42.7,85.0,156.7,372.6,947.3,,,177.9,181.3,526.0,956.8,2350.8,,,575.2,593.2,1012.8,1885.3,3967.0,,,1277.9,1197.6,1586.8,2410.3,4760.4,,,4139.5,4139.5,5600.5,5146.4,5440.5,,,,,,,,,,,,,,,,,148.1,233.0,591.3,1161.0,2975.2,,,169.4,235.9,641.1,1220.6,2800.2,,,374.8,279.6,1487.6,2004.4,4760.4,,,2069.7,2214.1,2885.1,3400.3,9999.9,,,3886.1,2720.2,3227.4,4051.4,9999.9,,,8655.4,8279.0,9999.9,9999.9,9999.9,,,,,,,,,,,,,,,,,530.4,1018.2,1641.5,1885.3,6800.6,,,534.8,710.5,1369.9,1523.3,4760.4,,,1350.4,1379.8,2842.0,5440.5,9999.9,,,2720.2,2681.9,3121.6,3340.6,9999.9,,,2573.2,2294.2,6800.6,3808.3,3400.3,,,9999.9,9999.9,9999.9,9999.9,5950.5,,,,,,,,,,,,,,,,,1244.5,2975.2,3526.2,2608.4,9999.9,,,1535.6,2644.7,3526.2,2608.4,9999.9,,,3340.6,3283.0,3340.6,9999.9,9999.9,,,5600.5,4760.4,3462.1,4327.7,9999.9,,,2885.1,3071.2,9999.9,4533.7,5146.4,,,9999.9,9999.9,9999.9,9999.9,5440.5,,,,,,,,,,,,,,,,,5146.4,9520.9,9999.9,9999.9,9999.9,,,6566.1,9999.9,9999.9,9999.9,9999.9,,,9999.9,9999.9,9999.9,9999.9,9999.9,,,9999.9,9999.9,9999.9,9999.9,9999.9,,,9999.9,9999.9,9999.9,9999.9,4882.5,,,9999.9,9999.9,9999.9,9999.9,5146.4,,,,,,,,,,,,,,,,,,,,,,,,,,,,,,,,,,,,,,,,,,,,,,,,,,,,,,,,,,,,,,,,,,,,,,,,,,,,,,,,,,,,,,,,,,,,,,,,,,,,,,,,,,,,,,,,,,,,,,,,,,,,,,,,
20260828_小松島_2R,20260828,73,小松島,2,3.1,6.1,4.4,36.4,0.0,,,10.6,51.2,37.6,130.3,0.0,,,20.4,55.1,63.5,191.3,0.0,,,19.6,52.2,64.5,152.1,0.0,,,137.5,319.1,440.4,362.6,0.0,,,0.0,0.0,0.0,0.0,0.0,,,,,,,,,,,,,,,,,14.0,28.2,22.1,86.8,0.0,,,90.3,390.4,318.8,755.9,0.0,,,266.5,681.0,748.2,1748.9,0.0,,,166.1,426.5,542.3,1136.8,0.0,,,549.3,1780.5,2364.5,2173.3,0.0,,,0.0,0.0,0.0,0.0,0.0,,,,,,,,,,,,,,,,,143.9,677.9,457.5,1132.4,0.0,,,177.6,1123.8,832.6,1847.3,0.0,,,1769.9,2422.7,3144.3,3397.3,0.0,,,1022.7,1642.0,2814.9,4283.6,0.0,,,2869.6,2926.4,3561.1,4346.6,0.0,,,0.0,0.0,0.0,0.0,0.0,,,,,,,,,,,,,,,,,622.2,1500.3,1381.1,2711.6,0.0,,,712.2,2096.2,2985.5,4478.3,0.0,,,2463.1,3144.3,4767.3,3994.2,0.0,,,1606.3,3518.7,5096.0,3994.2,0.0,,,5278.0,5684.1,4618.3,5576.8,0.0,,,0.0,0.0,0.0,0.0,0.0,,,,,,,,,,,,,,,,,323.0,821.0,1241.9,2869.6,0.0,,,454.7,1485.2,2256.2,4411.5,0.0,,,1191.8,1813.3,4163.0,6873.8,0.0,,,2615.6,4222.4,4478.3,4283.6,0.0,,,5576.8,5278.0,6873.8,5576.8,0.0,,,0.0,0.0,0.0,0.0,0.0,,,,,,,,,,,,,,,,,1858.9,3604.5,5278.0,5096.0,0.0,,,2052.5,3436.9,4845.4,5374.0,0.0,,,4346.6,3994.2,3741.4,8693.3,0.0,,,6157.7,6873.8,3994.2,5185.5,0.0,,,5911.4,7778.2,7209.1,4618.3,0.0,,,0.0,0.0,0.0,0.0,0.0,,,,,,,,,,,,,,,,,0.0,0.0,0.0,0.0,0.0,,,0.0,0.0,0.0,0.0,0.0,,,0.0,0.0,0.0,0.0,0.0,,,0.0,0.0,0.0,0.0,0.0,,,0.0,0.0,0.0,0.0,0.0,,,0.0,0.0,0.0,0.0,0.0,,,,,,,,,,,,,,,,,,,,,,,,,,,,,,,,,,,,,,,,,,,,,,,,,,,,,,,,,,,,,,,,,,,,,,,,,,,,,,,,,,,,,,,,,,,,,,,,,,,,,,,,,,,,,,,,,,,,,,,,,,,,,,,,
20260828_小松島_3R,20260828,73,小松島,3,37.1,48.3,58.2,182.4,152.5,,,45.3,25.5,41.5,86.2,130.8,,,41.0,22.9,29.9,92.6,44.5,,,40.4,24.3,27.3,40.7,76.5,,,304.8,163.0,152.3,101.0,339.5,,,149.2,119.6,53.5,73.6,199.7,,,,,,,,,,,,,,,,,80.4,100.0,107.2,242.8,285.2,,,101.5,121.3,273.2,263.8,393.5,,,127.2,141.2,303.0,347.5,253.1,,,237.6,302.0,464.3,831.3,948.9,,,458.5,506.3,556.7,968.8,1377.3,,,466.0,528.0,379.7,909.1,1039.7,,,,,,,,,,,,,,,,,91.0,62.9,109.2,166.7,242.0,,,114.9,131.1,311.4,283.0,454.5,,,56.7,82.5,244.4,116.0,195.2,,,235.2,488.9,413.8,582.2,994.9,,,233.9,347.5,276.7,393.9,567.8,,,343.6,523.5,295.0,732.3,529.5,,,,,,,,,,,,,,,,,62.4,50.9,43.7,83.7,65.2,,,88.9,132.6,283.5,259.7,136.2,,,59.5,78.5,209.0,114.2,136.7,,,127.7,469.6,370.6,432.2,373.9,,,175.3,402.9,258.6,412.4,242.0,,,41.6,101.3,80.5,122.8,92.2,,,,,,,,,,,,,,,,,169.6,111.4,103.8,143.6,307.3,,,333.7,439.9,738.2,1101.8,1512.8,,,287.0,751.7,716.7,848.5,1447.5,,,268.0,860.4,697.7,1079.3,788.7,,,366.9,1458.9,979.1,1264.1,1655.2,,,659.1,1647.8,1618.9,971.3,1591.0,,,,,,,,,,,,,,,,,730.9,397.3,492.8,323.2,678.5,,,858.4,608.1,850.5,1464.7,1591.0,,,315.7,506.3,347.2,672.3,809.4,,,515.5,788.7,431.2,1000.3,546.8,,,554.2,1618.9,1073.0,1304.3,1932.5,,,660.3,1342.2,941.6,583.1,1146.3,,,,,,,,,,,,,,,,,210.8,185.9,87.5,94.4,272.2,,,384.9,477.5,346.9,838.9,785.3,,,281.9,500.1,240.9,643.0,524.3,,,49.6,129.6,95.0,137.7,116.0,,,311.2,811.2,747.2,470.2,840.8,,,378.9,852.4,547.6,367.2,691.2,,,,,,,,,,,,,,,,,,,,,,,,,,,,,,,,,,,,,,,,,,,,,,,,,,,,,,,,,,,,,,,,,,,,,,,,,,,,,,,,,,,,,,,,,,,,,,,,,,,,,,,,,,,,,,,,,,,,,,,,,,,,,,,,
20260828_小松島_4R,20260828,73,小松島,4,13.8,8.6,3.1,49.9,50.1,,,33.6,78.1,44.9,484.8,399.0,,,33.8,111.9,52.6,309.0,302.0,,,10.0,31.1,39.4,256.7,223.9,,,390.3,1010.9,613.9,797.1,861.4,,,159.1,562.2,445.7,391.2,387.4,,,,,,,,,,,,,,,,,33.4,21.8,12.1,90.7,75.0,,,163.0,207.5,354.8,595.6,609.2,,,84.5,172.0,219.7,381.9,455.8,,,103.6,356.4,339.4,1132.3,761.1,,,699.6,635.8,659.3,1352.1,817.5,,,248.4,689.1,511.9,628.3,427.2,,,,,,,,,,,,,,,,,243.8,336.6,380.5,1375.3,1555.6,,,338.7,610.4,910.4,1651.8,1635.0,,,405.6,602.3,772.1,992.1,1020.5,,,740.0,1302.6,1424.2,4108.4,4108.4,,,2605.3,2523.3,1820.8,4272.8,3270.0,,,2356.3,2692.9,2503.6,4855.4,2648.4,,,,,,,,,,,,,,,,,82.2,172.9,96.5,375.6,602.3,,,113.9,187.5,304.6,406.6,817.5,,,196.9,239.6,298.9,385.1,1093.7,,,330.3,464.4,484.0,1399.3,1896.2,,,1132.3,1251.8,986.0,1751.1,1411.7,,,757.5,817.5,1030.4,1896.2,745.2,,,,,,,,,,,,,,,,,84.2,338.7,288.9,1237.3,1007.7,,,171.5,777.8,738.3,1990.4,1555.6,,,779.7,1352.1,1232.5,4513.5,3956.3,,,543.1,953.7,986.0,2240.9,3172.8,,,3338.1,5341.0,5622.1,3111.2,3270.0,,,2373.7,2503.6,5253.4,5007.2,2715.7,,,,,,,,,,,,,,,,,1286.9,2289.0,1990.4,2305.4,1800.3,,,1695.5,2913.2,3236.9,4712.6,2446.2,,,2670.5,2738.9,1483.6,3303.7,2605.3,,,2465.0,2738.9,1578.6,2391.5,1907.5,,,4216.5,6046.4,5722.5,3521.5,3683.4,,,1251.8,1463.2,1610.3,1324.2,1831.2,,,,,,,,,,,,,,,,,278.1,1033.7,825.9,768.4,850.0,,,305.4,915.6,852.2,828.0,962.3,,,1626.7,1930.4,1713.6,3052.0,1954.0,,,1227.8,1352.1,1790.2,2322.1,1411.7,,,1810.5,1497.4,3141.7,2811.0,2108.2,,,759.3,1030.4,1161.0,1132.3,1352.1,,,,,,,,,,,,,,,,,,,,,,,,,,,,,,,,,,,,,,,,,,,,,,,,,,,,,,,,,,,,,,,,,,,,,,,,,,,,,,,,,,,,,,,,,,,,,,,,,,,,,,,,,,,,,,,,,,,,,,,,,,,,,,,,
20260828_小松島_5R,20260828,73,小松島,5,38.0,49.8,20.7,70.8,301.2,,,56.3,41.7,59.1,254.4,361.3,,,77.6,56.1,69.4,325.7,118.7,,,16.0,33.1,42.8,124.0,272.9,,,237.3,656.6,520.7,335.5,1558.1,,,835.5,1111.6,440.5,569.1,1920.1,,,,,,,,,,,,,,,,,48.2,56.6,23.1,67.9,318.4,,,82.9,71.6,145.0,106.3,428.1,,,96.0,75.2,130.8,125.5,234.3,,,32.4,148.7,102.4,81.8,486.1,,,88.1,106.2,122.2,101.6,377.1,,,775.8,1101.9,768.0,938.7,1089.3,,,,,,,,,,,,,,,,,86.1,59.4,73.3,335.2,428.6,,,97.5,64.8,171.1,87.5,401.8,,,32.0,27.0,82.7,110.4,27.1,,,174.6,268.4,246.0,771.1,1059.0,,,822.9,390.7,540.0,1141.6,1810.3,,,1105.1,967.3,314.1,1490.9,1776.5,,,,,,,,,,,,,,,,,117.2,69.0,122.1,415.9,139.7,,,125.9,65.7,188.0,143.8,139.1,,,42.4,34.7,88.6,117.3,23.9,,,213.1,284.3,203.5,600.6,499.5,,,873.9,405.7,394.7,898.7,797.0,,,313.6,155.1,86.3,385.1,463.6,,,,,,,,,,,,,,,,,44.4,99.5,96.4,226.2,498.9,,,58.5,278.1,162.6,158.0,757.3,,,233.5,428.1,443.6,1030.3,1652.9,,,262.5,361.3,448.8,821.1,1013.8,,,479.4,488.6,1362.6,948.0,1720.2,,,800.3,1564.5,1910.4,1652.9,1784.8,,,,,,,,,,,,,,,,,632.5,1735.9,1372.4,1413.3,3249.4,,,385.9,430.5,368.3,510.9,1263.0,,,2135.8,803.7,934.1,2210.3,3801.8,,,1990.4,835.5,955.2,1440.0,2077.4,,,1434.6,875.9,2160.1,1570.9,2452.7,,,5590.8,2715.5,4369.8,3553.0,2970.1,,,,,,,,,,,,,,,,,1836.6,2011.5,1038.7,1801.8,2858.5,,,1735.9,1631.6,1155.5,1810.3,2011.5,,,2551.5,2534.5,601.5,3364.4,4636.3,,,569.1,886.2,315.7,1284.3,1462.2,,,2290.2,2318.1,2621.9,2112.1,2172.4,,,5674.3,4132.4,5848.9,4320.2,3141.9,,,,,,,,,,,,,,,,,,,,,,,,,,,,,,,,,,,,,,,,,,,,,,,,,,,,,,,,,,,,,,,,,,,,,,,,,,,,,,,,,,,,,,,,,,,,,,,,,,,,,,,,,,,,,,,,,,,,,,,,,,,,,,,,
20260828_小松島_6R,20260828,73,小松島,6,11.3,49.9,48.7,97.6,114.4,,,50.1,299.2,368.7,676.9,424.1,,,206.8,310.1,704.2,973.2,869.4,,,202.0,595.6,1057.3,1057.3,1374.1,,,450.1,1122.0,943.1,1252.2,2479.0,,,469.7,991.6,1007.9,1098.5,2072.8,,,,,,,,,,,,,,,,,3.7,12.8,20.0,22.1,33.8,,,11.6,30.2,34.9,46.9,26.4,,,34.7,26.5,63.7,62.4,103.9,,,58.7,57.3,116.9,70.1,145.5,,,64.1,77.4,134.8,73.4,171.8,,,148.1,104.4,182.4,169.0,211.5,,,,,,,,,,,,,,,,,120.1,562.7,634.7,1030.6,626.1,,,72.2,179.5,168.6,205.3,139.6,,,826.3,472.8,1816.3,1951.6,1369.0,,,1060.4,482.1,1630.6,1223.0,983.6,,,1722.5,655.1,2096.5,1491.4,1881.5,,,719.4,324.6,950.5,675.6,1033.5,,,,,,,,,,,,,,,,,314.9,726.5,1339.0,1637.9,1609.2,,,203.7,140.7,202.8,227.7,475.2,,,861.2,549.2,1789.7,1931.0,1528.7,,,2293.1,1395.0,2678.1,1763.9,3903.2,,,2800.7,1310.3,2800.7,2171.0,5732.8,,,2697.8,1085.5,2367.1,1891.2,4266.3,,,,,,,,,,,,,,,,,368.3,1491.4,1730.6,1706.5,2413.8,,,236.8,274.4,409.4,391.9,679.4,,,1195.1,661.0,1994.0,1706.5,1652.7,,,2547.9,1315.0,2547.9,2072.8,4031.8,,,1278.4,617.6,1256.5,1422.1,1210.8,,,3007.3,1853.0,2210.2,3597.0,2171.0,,,,,,,,,,,,,,,,,774.0,2096.5,2133.1,2210.2,3988.0,,,430.1,416.9,640.3,490.5,965.5,,,2197.0,1010.7,1951.6,1994.0,2446.0,,,3109.3,1395.0,2479.0,2530.3,5823.8,,,1450.2,684.5,1343.9,1503.6,1450.2,,,5476.1,2658.7,3527.9,4892.0,2678.1,,,,,,,,,,,,,,,,,1183.5,1962.0,3083.2,4031.8,6115.0,,,835.7,633.6,1231.2,1438.8,2145.6,,,1548.1,683.2,2120.8,1581.4,2322.1,,,3821.8,1931.0,3032.2,6325.9,6325.9,,,4367.8,2120.8,2237.2,5917.7,2462.4,,,7055.8,3162.9,3461.3,8735.7,2800.7,,,,,,,,,,,,,,,,,,,,,,,,,,,,,,,,,,,,,,,,,,,,,,,,,,,,,,,,,,,,,,,,,,,,,,,,,,,,,,,,,,,,,,,,,,,,,,,,,,,,,,,,,,,,,,,,,,,,,,,,,,,,,,,,
20260828_小松島_7R,20260828,73,小松島,7,6.8,12.0,21.3,25.4,74.9,,,24.4,9.5,66.5,68.9,35.8,,,34.2,12.7,85.7,80.4,121.6,,,67.0,77.3,126.2,86.0,451.6,,,79.5,89.1,120.7,52.9,344.8,,,356.0,144.8,285.1,596.0,508.0,,,,,,,,,,,,,,,,,46.4,54.7,86.5,87.8,212.3,,,208.9,331.0,726.3,818.1,995.0,,,206.6,344.8,850.9,787.8,1420.3,,,419.8,1117.2,1322.0,787.8,1900.9,,,348.6,989.8,1041.0,666.8,1845.8,,,997.6,1959.4,2547.2,2916.6,2146.5,,,,,,,,,,,,,,,,,91.2,46.9,235.4,260.8,133.6,,,207.2,239.2,667.9,796.0,527.0,,,39.3,98.7,158.8,171.7,48.1,,,601.7,657.6,468.8,776.5,773.4,,,565.2,914.0,399.2,619.2,649.8,,,224.4,395.1,103.5,436.6,468.8,,,,,,,,,,,,,,,,,101.5,65.8,293.2,233.6,340.5,,,198.1,297.5,890.6,830.6,1117.2,,,52.6,139.5,231.0,263.3,91.4,,,622.2,1384.3,557.7,718.2,1480.9,,,468.2,1002.8,566.8,679.8,1683.1,,,830.6,1425.6,350.5,1559.5,1768.9,,,,,,,,,,,,,,,,,410.8,475.2,811.2,400.0,1632.8,,,682.2,864.4,2099.3,789.4,2388.0,,,752.1,664.4,876.3,812.9,1441.8,,,1123.7,2403.0,1117.2,896.9,2373.1,,,262.4,299.2,274.2,444.2,395.9,,,2315.6,3237.9,2433.6,3293.8,1458.3,,,,,,,,,,,,,,,,,202.5,192.2,306.1,119.5,424.5,,,340.5,741.9,984.7,470.5,1625.8,,,271.1,649.8,404.3,248.9,368.0,,,498.1,1076.2,474.6,609.3,1436.4,,,92.0,166.0,109.7,243.0,190.8,,,1374.3,2418.2,1224.6,2260.8,931.9,,,,,,,,,,,,,,,,,1399.5,768.7,892.7,1990.0,1299.6,,,1990.0,1819.4,2653.3,3237.9,3570.8,,,741.9,1143.9,234.9,1067.2,1104.2,,,1002.8,2076.5,393.9,1959.4,1331.2,,,2690.7,3473.4,2158.6,2653.3,1872.9,,,2748.7,3351.6,2099.3,2788.9,1661.2,,,,,,,,,,,,,,,,,,,,,,,,,,,,,,,,,,,,,,,,,,,,,,,,,,,,,,,,,,,,,,,,,,,,,,,,,,,,,,,,,,,,,,,,,,,,,,,,,,,,,,,,,,,,,,,,,,,,,,,,,,,,,,,,
20260828_小松島_8R,20260828,73,小松島,8,13.6,35.6,72.5,30.4,231.3,,,5.8,27.4,30.1,6.2,128.5,,,64.4,78.4,318.1,158.8,877.1,,,89.5,108.1,372.1,140.6,214.1,,,41.7,30.6,185.9,149.3,356.7,,,478.3,519.1,1729.6,557.9,537.8,,,,,,,,,,,,,,,,,43.4,60.1,122.8,92.0,353.8,,,61.9,130.2,277.1,260.9,639.6,,,59.3,102.5,174.7,256.7,292.5,,,190.4,348.1,263.9,536.4,419.8,,,374.0,598.0,642.5,1184.7,2140.6,,,647.3,1094.7,686.3,886.0,1974.5,,,,,,,,,,,,,,,,,14.5,61.1,64.7,16.6,190.7,,,39.6,112.4,250.0,154.8,466.9,,,186.0,159.6,591.5,548.7,1709.1,,,318.6,556.5,1146.9,1460.8,1086.4,,,204.8,451.3,925.9,1441.3,2652.8,,,834.7,1422.4,3156.3,1544.3,3515.5,,,,,,,,,,,,,,,,,116.6,192.8,639.6,369.2,1086.4,,,67.0,118.5,286.7,303.2,448.0,,,263.6,203.2,672.4,1000.9,1501.4,,,1075.6,742.9,1294.6,2088.9,1517.2,,,1408.5,1029.5,1533.3,2362.9,4600.1,,,2263.9,1491.0,3826.6,2068.9,4913.8,,,,,,,,,,,,,,,,,94.0,181.4,500.4,137.3,123.6,,,155.8,360.3,400.0,304.3,231.2,,,360.6,527.3,1083.7,1049.5,823.6,,,960.9,790.5,1310.3,1786.8,1224.9,,,789.0,1015.0,1522.5,1663.1,1054.6,,,104.3,140.5,389.2,537.1,219.3,,,,,,,,,,,,,,,,,463.4,282.8,1184.7,1027.1,1939.0,,,629.4,1012.6,1921.8,2099.1,3573.6,,,398.9,976.1,1561.0,3226.9,4804.6,,,2049.3,2172.9,2240.4,3515.5,5028.0,,,1381.5,1816.8,2669.2,2685.8,2151.3,,,3300.8,4457.8,6756.4,7206.9,3431.8,,,,,,,,,,,,,,,,,884.2,1129.0,3275.8,803.7,1126.0,,,1114.4,2573.9,1146.9,1242.5,2543.6,,,1394.8,3378.2,4970.2,1992.6,5087.2,,,3487.2,1992.6,5473.6,2263.9,6005.7,,,505.7,727.9,1032.0,1271.8,1103.1,,,2902.1,3431.8,5923.5,5765.5,1460.8,,,,,,,,,,,,,,,,,,,,,,,,,,,,,,,,,,,,,,,,,,,,,,,,,,,,,,,,,,,,,,,,,,,,,,,,,,,,,,,,,,,,,,,,,,,,,,,,,,,,,,,,,,,,,,,,,,,,,,,,,,,,,,,,
20260828_小松島_9R,20260828,73,小松島,9,5.0,13.7,26.9,4.5,97.8,,,17.6,9.1,25.4,88.1,156.2,,,62.7,28.9,95.8,176.2,193.6,,,80.3,58.9,124.1,257.9,590.9,,,50.3,153.1,260.6,341.5,814.6,,,888.5,588.8,1004.7,1468.7,1616.0,,,,,,,,,,,,,,,,,34.9,56.3,88.8,16.4,266.6,,,173.1,331.3,568.0,429.7,2005.4,,,342.2,502.8,1021.1,653.6,1770.7,,,500.3,824.0,1379.4,1040.3,4380.3,,,61.6,265.1,241.2,588.1,1124.6,,,2072.0,4623.6,3754.5,7682.4,3120.9,,,,,,,,,,,,,,,,,81.4,60.6,132.2,346.5,431.5,,,146.3,209.1,419.9,414.0,960.3,,,76.2,126.2,98.4,355.4,149.7,,,171.7,325.5,127.6,666.6,598.7,,,847.8,1033.8,1107.2,1481.7,2171.1,,,2199.8,2903.2,1064.7,1981.5,4380.3,,,,,,,,,,,,,,,,,330.4,205.5,565.5,906.2,917.9,,,453.1,477.8,1290.3,1245.2,1727.8,,,175.8,256.3,240.8,618.0,274.2,,,1067.0,1555.6,590.2,1989.4,1716.0,,,2029.9,1965.9,1789.8,3467.7,4126.9,,,2080.6,2522.0,1248.3,2472.0,3396.9,,,,,,,,,,,,,,,,,329.6,308.2,561.0,1060.2,1849.4,,,512.6,740.8,1277.1,1379.4,3841.2,,,287.4,648.5,254.6,1541.2,1127.2,,,871.4,1550.8,507.9,1973.7,1605.6,,,2013.5,2424.0,2758.8,2743.7,3374.0,,,4231.8,6241.9,2774.2,3374.0,4380.3,,,,,,,,,,,,,,,,,144.2,707.3,466.2,1398.7,2389.2,,,128.1,614.2,422.4,1254.6,1835.8,,,1508.6,1555.6,1541.2,3541.5,6402.0,,,1815.8,1704.2,2152.4,4126.9,5427.8,,,2789.7,3026.4,3726.5,4126.9,5312.3,,,5806.4,4231.8,9999.9,6016.3,6320.9,,,,,,,,,,,,,,,,,3307.0,5874.8,4710.9,6089.7,6320.9,,,4027.0,6658.1,5369.4,8186.2,5148.0,,,5944.7,7237.0,3026.4,5256.4,9987.1,,,5201.6,5487.4,2954.7,5427.8,6485.1,,,7237.0,9421.8,4059.8,6016.3,5548.4,,,7802.4,6089.7,9999.9,7802.4,5610.7,,,,,,,,,,,,,,,,,,,,,,,,,,,,,,,,,,,,,,,,,,,,,,,,,,,,,,,,,,,,,,,,,,,,,,,,,,,,,,,,,,,,,,,,,,,,,,,,,,,,,,,,,,,,,,,,,,,,,,,,,,,,,,,,
