race_key,date,jo_code,jo_name,race_no,1-2-3,1-2-4,1-2-5,1-2-6,1-2-7,1-2-8,1-2-9,1-3-2,1-3-4,1-3-5,1-3-6,1-3-7,1-3-8,1-3-9,1-4-2,1-4-3,1-4-5,1-4-6,1-4-7,1-4-8,1-4-9,1-5-2,1-5-3,1-5-4,1-5-6,1-5-7,1-5-8,1-5-9,1-6-2,1-6-3,1-6-4,1-6-5,1-6-7,1-6-8,1-6-9,1-7-2,1-7-3,1-7-4,1-7-5,1-7-6,1-7-8,1-7-9,1-8-2,1-8-3,1-8-4,1-8-5,1-8-6,1-8-7,1-8-9,1-9-2,1-9-3,1-9-4,1-9-5,1-9-6,1-9-7,1-9-8,2-1-3,2-1-4,2-1-5,2-1-6,2-1-7,2-1-8,2-1-9,2-3-1,2-3-4,2-3-5,2-3-6,2-3-7,2-3-8,2-3-9,2-4-1,2-4-3,2-4-5,2-4-6,2-4-7,2-4-8,2-4-9,2-5-1,2-5-3,2-5-4,2-5-6,2-5-7,2-5-8,2-5-9,2-6-1,2-6-3,2-6-4,2-6-5,2-6-7,2-6-8,2-6-9,2-7-1,2-7-3,2-7-4,2-7-5,2-7-6,2-7-8,2-7-9,2-8-1,2-8-3,2-8-4,2-8-5,2-8-6,2-8-7,2-8-9,2-9-1,2-9-3,2-9-4,2-9-5,2-9-6,2-9-7,2-9-8,3-1-2,3-1-4,3-1-5,3-1-6,3-1-7,3-1-8,3-1-9,3-2-1,3-2-4,3-2-5,3-2-6,3-2-7,3-2-8,3-2-9,3-4-1,3-4-2,3-4-5,3-4-6,3-4-7,3-4-8,3-4-9,3-5-1,3-5-2,3-5-4,3-5-6,3-5-7,3-5-8,3-5-9,3-6-1,3-6-2,3-6-4,3-6-5,3-6-7,3-6-8,3-6-9,3-7-1,3-7-2,3-7-4,3-7-5,3-7-6,3-7-8,3-7-9,3-8-1,3-8-2,3-8-4,3-8-5,3-8-6,3-8-7,3-8-9,3-9-1,3-9-2,3-9-4,3-9-5,3-9-6,3-9-7,3-9-8,4-1-2,4-1-3,4-1-5,4-1-6,4-1-7,4-1-8,4-1-9,4-2-1,4-2-3,4-2-5,4-2-6,4-2-7,4-2-8,4-2-9,4-3-1,4-3-2,4-3-5,4-3-6,4-3-7,4-3-8,4-3-9,4-5-1,4-5-2,4-5-3,4-5-6,4-5-7,4-5-8,4-5-9,4-6-1,4-6-2,4-6-3,4-6-5,4-6-7,4-6-8,4-6-9,4-7-1,4-7-2,4-7-3,4-7-5,4-7-6,4-7-8,4-7-9,4-8-1,4-8-2,4-8-3,4-8-5,4-8-6,4-8-7,4-8-9,4-9-1,4-9-2,4-9-3,4-9-5,4-9-6,4-9-7,4-9-8,5-1-2,5-1-3,5-1-4,5-1-6,5-1-7,5-1-8,5-1-9,5-2-1,5-2-3,5-2-4,5-2-6,5-2-7,5-2-8,5-2-9,5-3-1,5-3-2,5-3-4,5-3-6,5-3-7,5-3-8,5-3-9,5-4-1,5-4-2,5-4-3,5-4-6,5-4-7,5-4-8,5-4-9,5-6-1,5-6-2,5-6-3,5-6-4,5-6-7,5-6-8,5-6-9,5-7-1,5-7-2,5-7-3,5-7-4,5-7-6,5-7-8,5-7-9,5-8-1,5-8-2,5-8-3,5-8-4,5-8-6,5-8-7,5-8-9,5-9-1,5-9-2,5-9-3,5-9-4,5-9-6,5-9-7,5-9-8,6-1-2,6-1-3,6-1-4,6-1-5,6-1-7,6-1-8,6-1-9,6-2-1,6-2-3,6-2-4,6-2-5,6-2-7,6-2-8,6-2-9,6-3-1,6-3-2,6-3-4,6-3-5,6-3-7,6-3-8,6-3-9,6-4-1,6-4-2,6-4-3,6-4-5,6-4-7,6-4-8,6-4-9,6-5-1,6-5-2,6-5-3,6-5-4,6-5-7,6-5-8,6-5-9,6-7-1,6-7-2,6-7-3,6-7-4,6-7-5,6-7-8,6-7-9,6-8-1,6-8-2,6-8-3,6-8-4,6-8-5,6-8-7,6-8-9,6-9-1,6-9-2,6-9-3,6-9-4,6-9-5,6-9-7,6-9-8,7-1-2,7-1-3,7-1-4,7-1-5,7-1-6,7-1-8,7-1-9,7-2-1,7-2-3,7-2-4,7-2-5,7-2-6,7-2-8,7-2-9,7-3-1,7-3-2,7-3-4,7-3-5,7-3-6,7-3-8,7-3-9,7-4-1,7-4-2,7-4-3,7-4-5,7-4-6,7-4-8,7-4-9,7-5-1,7-5-2,7-5-3,7-5-4,7-5-6,7-5-8,7-5-9,7-6-1,7-6-2,7-6-3,7-6-4,7-6-5,7-6-8,7-6-9,7-8-1,7-8-2,7-8-3,7-8-4,7-8-5,7-8-6,7-8-9,7-9-1,7-9-2,7-9-3,7-9-4,7-9-5,7-9-6,7-9-8,8-1-2,8-1-3,8-1-4,8-1-5,8-1-6,8-1-7,8-1-9,8-2-1,8-2-3,8-2-4,8-2-5,8-2-6,8-2-7,8-2-9,8-3-1,8-3-2,8-3-4,8-3-5,8-3-6,8-3-7,8-3-9,8-4-1,8-4-2,8-4-3,8-4-5,8-4-6,8-4-7,8-4-9,8-5-1,8-5-2,8-5-3,8-5-4,8-5-6,8-5-7,8-5-9,8-6-1,8-6-2,8-6-3,8-6-4,8-6-5,8-6-7,8-6-9,8-7-1,8-7-2,8-7-3,8-7-4,8-7-5,8-7-6,8-7-9,8-9-1,8-9-2,8-9-3,8-9-4,8-9-5,8-9-6,8-9-7,9-1-2,9-1-3,9-1-4,9-1-5,9-1-6,9-1-7,9-1-8,9-2-1,9-2-3,9-2-4,9-2-5,9-2-6,9-2-7,9-2-8,9-3-1,9-3-2,9-3-4,9-3-5,9-3-6,9-3-7,9-3-8,9-4-1,9-4-2,9-4-3,9-4-5,9-4-6,9-4-7,9-4-8,9-5-1,9-5-2,9-5-3,9-5-4,9-5-6,9-5-7,9-5-8,9-6-1,9-6-2,9-6-3,9-6-4,9-6-5,9-6-7,9-6-8,9-7-1,9-7-2,9-7-3,9-7-4,9-7-5,9-7-6,9-7-8,9-8-1,9-8-2,9-8-3,9-8-4,9-8-5,9-8-6,9-8-7
20260913_奈良_1R,20260913,53,奈良,1,210.8,386.0,188.3,304.7,,,,185.6,178.9,182.7,230.8,,,,393.5,225.3,433.8,375.5,,,,123.2,147.5,302.7,143.6,,,,118.3,118.9,184.0,114.2,,,,,,,,,,,,,,,,,,,,,,,,,284.1,575.0,165.7,370.5,,,,186.0,155.2,76.0,262.5,,,,522.5,203.9,179.9,577.7,,,,38.6,25.2,54.1,47.7,,,,363.8,446.2,799.4,215.7,,,,,,,,,,,,,,,,,,,,,,,,,155.2,105.8,98.7,141.8,,,,147.7,114.0,72.6,240.8,,,,51.2,48.9,32.4,83.4,,,,59.9,40.7,36.0,103.5,,,,203.8,291.4,246.7,255.5,,,,,,,,,,,,,,,,,,,,,,,,,677.7,286.5,366.3,555.5,,,,547.0,208.2,235.6,642.6,,,,96.7,91.9,64.0,151.5,,,,252.1,205.3,107.2,301.4,,,,732.7,836.5,569.5,629.2,,,,,,,,,,,,,,,,,,,,,,,,,48.6,61.7,105.5,56.9,,,,13.3,6.9,19.0,14.2,,,,37.6,19.4,20.9,59.3,,,,142.6,81.5,34.9,168.0,,,,45.7,57.5,105.3,192.4,,,,,,,,,,,,,,,,,,,,,,,,,162.4,161.6,233.0,145.9,,,,374.3,417.7,762.2,288.8,,,,357.3,417.2,468.8,436.4,,,,643.8,892.4,612.1,700.0,,,,204.3,173.9,359.4,454.6,,,,,,,,,,,,,,,,,,,,,,,,,,,,,,,,,,,,,,,,,,,,,,,,,,,,,,,,,,,,,,,,,,,,,,,,,,,,,,,,,,,,,,,,,,,,,,,,,,,,,,,,,,,,,,,,,,,,,,,,,,,,,,,,,,,,,,,,,,,,,,,,,,,,,,,,,,,,,,,,,,,,,,,,,,,,,,,,,,,,,,,,,,,,,,,,
20260913_奈良_2R,20260913,53,奈良,2,279.0,222.9,283.2,232.1,319.2,,,100.5,20.3,12.8,88.8,32.0,,,68.3,19.2,24.2,75.4,20.9,,,182.8,35.3,56.7,149.9,38.7,,,110.6,165.6,181.2,122.5,155.7,,,116.2,41.4,30.0,37.3,101.0,,,,,,,,,,,,,,,,,949.8,724.0,1166.4,742.2,1145.5,,,1148.9,1899.7,1254.0,1566.3,2052.1,,,886.2,1654.0,1499.0,1241.8,1464.6,,,1487.3,1448.0,1632.9,1836.1,1646.9,,,535.9,969.0,819.9,1026.0,969.0,,,1541.1,2205.4,1736.4,1899.7,1818.7,,,,,,,,,,,,,,,,,151.3,37.8,30.7,184.4,62.4,,,549.7,878.1,558.5,666.2,931.4,,,69.5,381.0,83.2,438.5,132.0,,,32.4,153.2,55.0,147.1,30.1,,,490.0,686.4,778.3,465.7,961.7,,,147.0,651.5,206.8,107.3,767.4,,,,,,,,,,,,,,,,,88.2,36.1,51.2,151.4,38.5,,,358.3,801.1,749.5,775.2,619.9,,,63.4,338.1,82.2,319.7,125.8,,,160.1,562.6,168.9,721.3,209.9,,,430.6,622.9,733.7,862.3,856.5,,,62.3,203.3,118.6,153.0,338.4,,,,,,,,,,,,,,,,,639.5,131.8,238.3,779.9,213.0,,,999.3,884.2,1195.4,1442.6,1125.3,,,86.7,313.0,136.7,454.6,76.4,,,315.3,1148.9,276.2,1270.6,510.3,,,1346.4,1978.0,1270.6,1776.6,1547.3,,,266.6,1051.3,164.2,493.2,1222.1,,,,,,,,,,,,,,,,,386.4,424.4,464.0,478.4,592.2,,,426.3,620.9,584.0,685.2,724.0,,,633.2,1012.5,868.2,545.8,1162.8,,,639.5,996.7,1037.1,1279.1,1210.5,,,848.9,1654.0,952.2,1459.1,1202.9,,,1028.8,1504.8,1528.8,1296.4,1516.7,,,,,,,,,,,,,,,,,300.0,78.3,66.1,89.0,290.0,,,827.0,1118.7,1009.8,1037.1,1305.2,,,134.4,665.0,177.9,111.1,698.9,,,87.4,370.4,152.9,178.4,503.6,,,224.4,888.3,168.9,359.9,1152.3,,,713.2,1191.7,1148.9,1074.9,1135.3,,,,,,,,,,,,,,,,,,,,,,,,,,,,,,,,,,,,,,,,,,,,,,,,,,,,,,,,,,,,,,,,,,,,,,,,,,,,,,,,,,,,,,,,,,,,,,,,,,,,,,,,,,,,,,,,,,,,,,,,,,,,,,,,
20260913_奈良_3R,20260913,53,奈良,3,57.3,47.4,29.3,217.0,121.6,,,57.9,104.1,34.0,116.2,105.7,,,39.0,169.8,74.4,448.6,278.9,,,8.1,10.9,14.8,40.5,16.0,,,461.0,163.4,673.6,240.9,620.7,,,228.4,255.4,382.0,124.2,538.3,,,,,,,,,,,,,,,,,185.8,147.4,89.8,635.6,343.7,,,282.8,276.0,288.1,613.1,349.3,,,106.7,132.0,103.0,387.9,159.9,,,120.6,280.3,226.7,834.9,366.4,,,1584.5,1079.1,1178.0,1764.8,1778.7,,,552.1,460.1,412.8,585.2,1388.9,,,,,,,,,,,,,,,,,84.1,139.9,53.6,198.2,119.5,,,118.0,88.3,116.8,313.6,155.4,,,195.2,77.4,233.6,530.0,265.5,,,92.6,137.5,278.9,299.8,197.2,,,225.6,208.3,481.8,215.0,246.5,,,153.8,129.9,176.1,173.3,341.7,,,,,,,,,,,,,,,,,145.7,402.5,182.4,951.4,531.3,,,102.2,98.6,62.1,348.0,105.8,,,388.2,165.9,386.2,889.3,509.0,,,280.5,201.4,547.4,1367.8,806.4,,,1744.2,1056.3,1327.5,2227.8,2073.8,,,1071.4,413.2,618.1,658.8,2184.5,,,,,,,,,,,,,,,,,18.8,22.5,40.7,90.7,38.5,,,71.2,169.5,187.3,596.8,300.2,,,91.2,203.5,449.5,515.4,358.0,,,168.8,249.4,498.3,1178.0,745.0,,,441.6,1260.5,688.1,1642.4,1153.9,,,199.7,490.2,554.9,857.1,1116.6,,,,,,,,,,,,,,,,,1704.6,716.6,1717.6,809.3,1704.6,,,2195.2,1331.4,1666.7,2216.8,2238.9,,,446.8,542.8,724.6,420.5,431.4,,,2343.8,1557.1,1679.1,2777.9,2960.6,,,788.1,1685.4,1156.8,2122.7,2272.8,,,2227.8,2500.1,1181.1,2903.3,2631.7,,,,,,,,,,,,,,,,,751.2,682.8,1009.0,353.7,1359.5,,,728.1,713.1,548.8,568.9,1685.4,,,563.2,436.9,554.9,412.1,773.2,,,1327.5,546.8,757.6,770.5,2406.5,,,364.9,595.2,664.7,1071.4,1730.8,,,1744.2,2227.8,1025.1,2419.4,2054.9,,,,,,,,,,,,,,,,,,,,,,,,,,,,,,,,,,,,,,,,,,,,,,,,,,,,,,,,,,,,,,,,,,,,,,,,,,,,,,,,,,,,,,,,,,,,,,,,,,,,,,,,,,,,,,,,,,,,,,,,,,,,,,,,
20260913_奈良_4R,20260913,53,奈良,4,356.8,2187.4,363.4,2146.2,200.8,970.5,1001.3,468.8,2154.3,652.2,811.3,207.2,1606.6,1163.0,4276.2,3922.3,4005.2,7899.2,2075.7,5744.9,3645.8,520.8,726.3,2977.7,2350.1,385.0,2311.9,1733.9,4276.2,1571.1,5416.6,4276.2,1902.1,6770.7,5217.8,105.0,95.1,659.7,132.9,581.5,220.1,181.5,2053.2,2451.4,4779.3,3326.0,6249.9,997.8,1541.3,1864.7,1549.7,1447.1,1914.9,4408.8,898.4,1733.9,237.5,1648.5,176.0,1275.2,86.7,554.3,561.4,214.8,1175.0,87.6,163.9,86.6,304.7,268.9,3159.7,3041.4,1702.8,4374.9,1794.1,2858.0,2248.0,81.4,31.6,355.6,179.8,23.6,55.2,47.1,3124.9,1024.7,4443.3,1217.8,1212.6,2774.3,2330.9,51.9,62.0,614.1,39.2,422.5,126.5,98.0,766.5,372.7,1834.6,237.6,1579.8,277.8,201.7,892.8,552.1,733.8,256.3,1520.7,301.0,360.4,245.2,1160.7,285.9,387.4,107.6,769.6,481.9,184.1,774.8,91.8,200.9,96.7,382.2,314.0,2248.0,2146.2,1571.1,1477.2,1037.8,1908.5,1146.6,238.3,105.9,754.3,232.3,111.0,368.8,303.8,243.8,169.6,523.7,149.1,78.2,236.6,167.8,39.9,62.0,333.9,69.7,87.3,162.0,99.0,999.5,709.1,1100.0,574.4,604.4,339.9,261.2,511.4,413.0,371.4,445.3,344.0,193.5,272.7,4945.6,5170.4,6182.0,8242.7,2573.5,8010.5,5416.6,3365.3,4989.0,4062.4,7483.5,2760.9,4308.6,4033.6,5266.1,5217.8,5468.7,7791.0,3213.2,7021.5,3842.8,8749.9,5315.3,6182.0,6537.3,5123.8,6935.9,4408.8,9999.9,8886.6,7899.2,8242.7,8363.9,6050.4,8242.7,2734.3,3009.2,3385.3,3922.3,6770.7,2787.9,2760.9,7685.7,4945.6,6249.9,7109.3,7199.3,3467.9,1236.4,3791.6,3577.0,3057.7,3268.6,5631.1,2170.7,1079.2,511.9,783.3,3091.0,2682.7,445.7,2815.5,1902.1,192.5,105.8,604.4,493.2,85.7,296.2,231.9,506.9,206.9,2002.6,781.2,304.9,902.7,797.6,5924.4,2682.7,3693.1,6182.0,3817.0,5803.5,3791.6,5266.1,1889.5,1537.1,6050.4,2130.1,5078.0,4739.5,298.3,182.3,277.9,1858.6,1354.1,902.7,679.5,3489.2,652.2,1104.3,3791.6,4819.8,1496.7,1019.2,2505.4,856.5,1148.9,1488.8,3249.9,1247.2,1393.9,6613.3,2597.0,9999.9,8363.9,2887.0,9999.9,8617.3,6463.0,1921.4,6319.4,3213.2,3645.8,4989.0,5986.8,1400.8,1153.6,1941.1,1095.8,721.7,1611.1,1063.0,9999.9,8886.6,6182.0,8749.9,9027.7,9027.7,8242.7,7483.5,3766.5,2645.3,6935.9,3599.6,8124.9,8242.7,2187.4,3249.9,1286.7,5123.8,3025.2,2962.2,3693.1,7109.3,5803.5,3599.6,8124.9,8242.7,3791.6,3741.7,6852.3,6390.4,1947.7,3467.9,5986.8,4513.8,3741.7,27.7,23.3,257.2,43.5,169.8,62.4,46.5,38.3,52.5,548.9,47.7,378.4,183.2,136.9,30.4,52.6,363.4,73.7,84.8,148.5,89.7,825.4,1533.0,1231.0,1889.5,2760.9,1634.3,1073.1,118.5,98.7,121.5,911.4,668.3,481.1,306.9,596.7,1001.3,454.9,2462.1,1110.8,1492.7,1047.4,163.8,368.3,239.5,978.9,479.1,853.9,78.5,146.8,287.6,171.9,348.9,310.1,496.7,139.2,2472.8,2170.7,4902.9,3326.0,6115.5,510.5,1840.6,1579.8,1117.3,3306.6,644.1,3385.3,947.9,1037.8,1707.9,1390.5,2620.9,1407.7,1283.8,475.1,741.5,4945.6,3869.0,4151.4,3817.0,5803.5,2494.5,907.0,4341.5,917.3,1934.5,3922.3,5123.8,1477.2,1304.4,9999.9,5170.4,3195.2,6182.0,6691.1,2872.4,2494.5,362.4,904.2,391.9,1516.6,901.3,1902.1,286.3,990.8,761.3,449.9,192.3,740.5,1189.8,277.5,2340.5,1363.9,2829.5,2858.0,4989.0,1236.4,2146.2,2274.9,1223.1,1504.6,1100.0,3091.0,1049.3,1110.8,1537.1,1244.5,1137.4,1325.7,1252.7,807.8,855.2,1692.6,1562.4,1295.5,1301.4,2248.0,807.8,460.1,3385.3,1393.9,1692.6,1852.5,4244.3,1439.8,1634.3,5687.4,4212.9,1728.7,3645.8,4478.3,2815.5,2230.3,870.9,807.8,818.3,970.5,1021.0,1799.8,601.8,1049.3,703.0,576.2,178.0,735.7,1165.4,389.2
20260913_奈良_5R,20260913,53,奈良,5,3174.6,4719.8,1904.8,7111.2,1656.3,3232.3,3100.8,3628.1,3508.8,1336.7,5673.8,1313.6,3893.0,4558.5,6349.3,4266.7,2914.4,7017.6,1918.5,6926.5,8333.5,1134.7,791.3,1641.0,2707.3,157.0,1095.1,2059.2,9039.7,7619.2,6504.2,6504.2,5442.2,9356.9,9999.9,737.6,752.2,1106.5,139.5,2424.2,943.9,1611.3,2564.1,2359.9,6425.8,1982.6,7207.3,1418.4,5387.3,3980.1,3354.3,6349.3,3678.2,7511.8,3174.6,5031.5,3397.0,4301.1,1742.9,7407.5,1545.9,1904.8,1839.1,2446.5,1275.9,1120.4,3272.0,1606.4,949.0,938.9,3893.0,1975.3,1997.5,2867.4,1858.3,1864.8,2308.8,903.9,760.8,1149.4,3100.8,324.4,320.7,451.9,9524.0,5498.3,5178.1,5926.0,7960.3,5614.1,6130.3,955.8,1350.2,1357.1,430.4,3755.9,670.8,861.6,1025.6,387.0,706.4,213.1,2005.0,261.8,94.3,976.8,771.8,1090.6,545.3,2222.2,629.6,246.1,1641.0,1297.6,669.1,2836.9,670.0,2043.4,2339.2,1220.4,372.4,401.6,783.1,665.8,404.9,506.9,463.3,208.9,127.4,119.0,136.8,259.4,575.3,325.4,250.6,143.8,550.9,86.5,191.1,639.5,4519.8,3354.3,1122.8,2527.6,2627.3,3729.6,3893.0,231.7,474.5,236.4,103.7,1172.1,467.4,778.6,1231.7,382.8,431.1,298.6,846.5,655.2,1272.8,2680.1,1223.2,1858.3,1582.6,3603.6,1864.8,2083.3,5280.6,2979.5,2763.4,5079.4,1709.4,6425.8,7017.6,3137.3,1698.5,2124.8,2852.1,1777.8,2480.6,2503.9,1198.5,662.5,393.9,268.4,404.3,880.1,1371.0,1641.0,1437.5,546.4,1350.2,644.1,1453.2,2259.9,4040.4,2259.9,738.7,1975.3,1968.0,2043.4,4558.5,1088.4,1592.0,940.6,835.9,1960.8,2240.9,3418.8,4804.9,2503.9,1771.9,2176.9,2515.7,2707.3,4199.5,6201.6,4938.3,3653.0,4678.4,6926.5,4984.5,5280.6,309.9,245.3,448.9,1045.7,46.5,344.0,569.8,249.9,187.8,345.4,1079.6,87.1,105.4,126.0,156.8,155.9,81.5,678.5,52.2,118.3,330.6,495.6,452.3,174.2,511.8,181.2,537.6,791.3,2457.8,2589.0,1820.2,1636.0,715.8,2721.1,3193.6,4.8,23.3,18.1,46.6,139.8,27.2,80.1,229.3,56.2,129.8,345.2,998.7,69.5,332.7,871.4,389.8,788.9,1285.1,2091.5,336.4,713.0,9999.9,8205.3,9999.9,8465.7,9999.9,9999.9,9356.9,9999.9,5228.8,7017.6,9876.7,9999.9,6837.7,9999.9,8333.5,6584.5,2185.8,6349.3,9999.9,9999.9,7960.3,9039.7,5555.6,2203.9,4762.0,4407.8,3980.1,9697.1,8465.7,9195.5,6349.3,4762.0,3333.4,6584.5,9195.5,9697.1,9999.9,9999.9,6504.2,4102.6,7017.6,9999.9,9999.9,9524.0,9999.9,4984.5,5178.1,7960.3,9999.9,9999.9,9999.9,9195.5,9999.9,8205.3,9999.9,7843.3,277.9,227.0,346.7,48.9,1115.7,346.7,613.0,460.5,701.7,864.4,207.6,2721.1,471.1,630.4,241.2,601.2,404.3,102.4,2203.9,479.1,1137.1,532.8,1045.7,683.7,356.5,1310.4,1414.7,2075.2,10.4,45.5,30.2,80.9,260.2,46.8,143.3,2349.5,4848.5,4519.8,3082.9,976.8,3893.0,6274.6,395.0,436.8,518.8,1101.9,150.2,2614.4,929.1,1161.9,1269.8,2457.8,2446.5,560.8,5280.6,1820.2,1288.2,1884.6,3065.1,1045.7,4762.0,942.3,2539.7,470.3,183.6,392.1,77.3,842.5,113.1,45.6,1323.4,458.5,439.6,409.6,2882.9,721.7,1528.2,2777.8,1323.4,932.4,1350.2,1469.2,1656.3,2492.2,414.4,110.6,239.2,589.9,1485.6,77.3,585.4,7207.3,3950.7,4938.3,3193.6,4232.8,4134.4,6504.2,401.0,280.8,496.5,985.8,134.3,2124.8,814.2,1771.9,345.8,1515.1,2168.0,1179.9,2930.4,1307.2,3893.0,2576.5,8889.0,4266.7,8080.9,4040.4,4804.9,2601.6,1760.2,2469.1,1279.0,4199.5,1698.5,824.3,4893.0,2807.0,5079.4,3809.6,8602.3,5228.8,5031.5,9999.9,5734.8,6504.2,7207.3,9999.9,6274.6,5860.9,3837.0,1789.7,3354.3,5614.1,7960.3,1592.0,2735.1,9999.9,8465.7,7511.8,9999.9,7729.6,9999.9,9524.0,3837.0,2503.9,4336.1,5992.6,1877.9,9999.9,3375.5,4804.9,1023.6,4102.6,4232.8,2551.8,5128.3,2946.6
20260913_奈良_6R,20260913,53,奈良,6,91.0,270.1,57.9,139.1,42.0,138.6,155.4,102.0,300.0,152.6,155.4,50.1,73.0,150.3,490.6,506.2,537.5,301.7,164.1,568.9,279.3,152.6,262.2,544.6,330.0,118.7,450.6,312.2,228.5,213.0,236.8,310.9,69.8,326.4,210.1,24.3,23.7,75.7,42.4,12.8,37.5,44.7,161.0,73.9,405.2,256.0,202.1,64.7,230.8,297.2,223.7,274.4,338.0,215.5,105.8,337.4,147.4,446.4,81.1,244.9,84.6,253.4,232.8,214.8,889.4,224.2,1582.9,587.5,362.7,438.9,1271.2,1865.6,857.6,4018.2,2184.8,2736.2,1865.6,65.9,118.7,198.1,536.5,164.3,243.9,117.9,1500.2,3546.9,4524.4,2059.5,3525.2,4489.1,4386.3,129.4,494.5,1209.7,216.0,1544.6,796.9,639.1,467.5,384.8,1641.7,506.2,2455.5,889.4,886.7,397.1,639.1,1199.6,325.7,2723.2,909.1,1254.6,211.6,466.7,309.5,396.8,143.7,130.2,246.8,289.1,931.2,355.5,1784.5,718.2,339.8,489.4,909.1,1695.0,1710.1,3461.5,2307.6,819.6,1056.2,609.9,614.5,1451.0,2830.5,1227.7,557.8,925.2,1700.0,3380.0,5176.6,4353.1,3525.2,1859.5,2961.9,277.9,837.6,1443.7,1080.0,1928.2,445.7,776.4,58.3,122.7,151.4,196.1,490.2,156.9,95.5,294.0,612.5,669.7,696.4,1690.0,799.1,309.0,1859.5,2066.9,1974.6,1561.4,851.2,1569.9,1432.9,2235.8,3613.8,1896.4,5804.1,3105.9,3830.7,3008.4,2749.3,3613.8,3174.6,6384.5,4869.5,2455.5,2816.7,3613.8,2335.8,3755.6,5633.4,5040.4,4353.1,3040.2,4560.3,7980.6,8840.1,7764.9,7273.5,4524.4,7560.6,1333.2,4046.5,5370.1,4353.1,5271.6,4320.3,4256.3,3380.0,4953.5,2455.5,5420.8,5370.1,6112.8,4018.2,1909.0,2992.7,2992.7,2762.5,5130.4,3503.7,3302.3,335.8,669.7,1285.4,1117.9,493.2,1056.2,826.7,177.1,282.6,366.4,1088.2,378.2,490.6,285.8,843.7,644.1,1757.2,4489.1,1655.9,931.2,1368.1,1909.0,978.8,2384.2,4046.5,3380.0,2992.7,1812.6,2697.6,2816.7,5176.6,5985.5,5223.7,6529.6,6384.5,599.1,895.0,1520.1,2916.7,3400.0,1824.1,1995.1,1291.2,904.8,922.3,2374.4,4671.6,2184.8,1680.1,1029.7,693.9,1364.8,1720.3,4018.2,2089.4,2016.1,2030.4,1637.0,2136.0,1921.7,594.2,2404.2,1480.9,2946.7,4420.0,7093.9,5689.2,4953.5,6112.8,9576.8,2844.6,5320.4,8208.7,8576.2,7007.4,5689.2,6681.5,5085.0,8978.2,9999.9,8327.6,7560.6,6681.5,7462.4,3503.7,7007.4,9999.9,8208.7,6529.6,9999.9,8093.0,853.8,7366.7,5804.1,5746.0,5689.2,3174.6,5176.6,3731.2,7366.7,4869.5,6384.5,9999.9,5420.8,7366.7,2623.7,8450.1,4225.0,5223.7,6923.0,4288.1,7007.4,53.8,57.8,150.3,94.5,34.1,135.9,91.3,140.7,579.2,1368.1,245.7,1596.1,789.2,830.3,192.6,790.3,1685.0,1018.8,1565.6,561.1,794.7,786.0,2802.9,3122.8,2565.2,2902.0,3210.1,2635.8,497.9,663.5,1291.2,1670.3,2830.5,1508.1,1520.1,506.7,3122.8,2335.8,2476.7,2434.7,2168.3,2227.1,307.9,922.3,463.3,1995.1,1238.3,1632.4,968.9,345.9,1308.9,1117.9,1582.9,1609.5,2136.0,1115.7,179.7,76.8,420.6,240.2,301.4,112.0,273.1,299.4,246.9,1048.5,330.4,1536.3,596.6,672.0,42.0,93.2,155.5,124.6,347.8,115.3,86.7,1163.1,2364.6,827.9,1773.4,2081.9,2487.4,1339.4,585.1,556.7,374.5,1516.1,2762.5,1235.7,864.0,1741.2,4256.3,1637.0,3856.4,4420.0,2749.3,3400.0,228.8,735.7,289.1,1454.7,634.2,1333.2,763.0,616.5,1225.1,365.5,1126.6,1102.8,2128.1,970.6,515.8,288.8,474.8,621.1,423.1,247.9,629.3,578.6,858.9,1582.9,540.0,3731.2,1425.8,1790.0,396.8,928.2,1064.0,1058.2,2052.1,1105.0,594.8,805.9,1778.9,1355.2,1778.9,2414.3,1741.2,2193.1,1086.2,951.3,1415.2,1915.3,5040.4,2374.4,2289.2,837.6,4748.8,1135.5,1165.5,4225.0,1074.0,3805.3,370.7,1492.4,842.5,1017.0,1988.2,1008.0,1243.7,1042.8,1921.7,672.0,1883.9,2030.4,3461.5,1561.4
20260913_奈良_7R,20260913,53,奈良,7,584.2,861.4,263.8,1393.9,284.6,1208.3,248.8,949.3,1628.3,553.1,1617.4,529.3,1916.2,891.0,1283.1,1677.2,569.1,1806.5,976.1,1024.3,1220.5,91.3,174.2,178.2,174.4,55.2,295.2,110.3,2255.4,2305.5,2487.1,696.3,1712.8,2129.7,2000.6,330.2,231.7,774.2,195.4,1088.8,690.3,391.5,1538.6,2262.4,1494.3,964.4,2194.0,802.4,2241.4,279.8,683.8,953.0,248.6,1210.4,353.9,1446.6,595.2,801.5,257.6,1239.3,325.8,1145.4,227.0,698.3,1188.6,633.7,1582.2,318.9,1470.1,319.0,1192.5,1513.0,1010.0,2207.4,1001.7,1087.1,615.4,191.3,441.7,548.5,770.9,207.5,828.0,133.3,2487.1,2396.8,2859.2,2174.3,1847.9,2720.0,1008.6,314.3,169.7,602.6,226.7,934.6,566.0,97.9,2045.7,2098.9,1643.0,1632.0,2396.8,808.7,859.4,110.9,123.6,208.3,66.4,232.3,48.0,241.5,980.0,1624.7,660.2,1931.4,523.6,2180.9,956.8,922.7,1494.3,860.4,1862.1,396.2,2000.6,448.2,2234.5,1978.8,1811.0,2640.8,916.9,1737.4,1797.6,714.1,1037.4,1516.1,1578.7,416.6,1365.1,719.0,2699.7,2539.3,3077.2,2174.3,996.2,2350.2,1857.3,245.7,135.3,295.5,165.4,310.3,279.6,126.2,2420.8,2621.8,1866.9,1677.2,2470.2,1014.3,1962.8,817.8,431.0,1190.5,629.3,1301.5,288.8,1360.0,1113.8,1372.8,662.0,1582.2,982.7,934.6,1092.0,1038.9,1485.1,954.3,1762.7,802.4,865.6,665.6,1482.1,1621.0,1325.2,1916.2,758.8,1160.1,1278.5,419.5,516.8,519.4,342.5,419.5,232.7,395.9,2063.1,997.5,1558.4,706.4,851.3,424.9,1194.4,992.1,804.2,602.1,798.9,1383.3,461.6,690.3,498.1,333.7,325.6,164.6,168.3,178.2,197.0,891.0,464.0,594.7,485.1,686.4,452.2,350.1,63.3,91.9,105.3,104.4,42.3,190.2,61.5,121.8,357.4,535.1,617.0,173.1,698.3,129.8,241.8,638.1,707.1,767.6,267.2,827.1,415.4,221.0,792.8,640.4,659.6,709.2,409.3,715.5,254.1,1222.6,816.0,978.7,820.6,1020.0,912.3,89.6,182.1,140.3,581.9,536.7,458.1,187.9,394.2,1061.7,841.5,570.0,997.5,695.6,897.7,126.8,159.4,264.9,510.7,572.7,191.4,552.6,2750.9,2814.8,3026.0,1233.0,2404.7,2836.8,2650.5,2976.4,2720.0,3286.1,2621.8,1815.6,3316.1,1276.3,3116.9,3013.4,3001.0,2320.2,1370.2,2916.6,2040.0,3227.7,3001.0,3286.1,2180.9,2679.8,1012.8,2740.5,997.5,1911.1,1802.0,1592.6,1461.2,1771.3,1665.6,2276.6,1589.1,673.6,2373.3,1378.0,1494.3,1342.4,2964.2,3425.6,2836.8,1036.0,2086.9,1555.1,2603.0,2848.0,1313.2,1847.9,2566.2,1639.3,1271.8,2269.5,287.2,151.8,531.6,151.3,775.0,539.5,261.5,227.0,107.0,449.1,149.5,620.1,397.9,62.3,80.9,50.0,118.9,57.7,127.8,118.8,41.1,795.4,708.5,391.5,685.1,1000.3,394.6,620.7,126.9,180.7,111.1,477.1,493.3,414.5,166.3,1485.1,1082.3,553.1,1503.6,1093.7,1184.7,1040.4,795.4,492.0,315.6,494.0,590.9,940.7,554.3,169.8,47.9,67.2,320.4,119.0,384.2,322.9,2220.9,2893.3,1806.5,1603.1,2470.2,1274.1,3026.0,2255.4,2793.2,1578.7,1952.2,2928.3,1021.4,1278.5,2470.2,3185.2,1881.4,2227.7,2940.2,1342.4,2566.2,927.5,691.0,795.4,459.6,413.3,363.6,508.9,1367.6,1871.7,1455.3,857.4,1635.6,960.6,1412.9,2593.7,2848.0,2720.0,860.4,2381.1,2129.7,2548.2,1077.5,748.7,511.7,754.1,806.9,1452.4,959.3,2396.8,1235.1,1378.0,982.7,1296.8,1886.3,994.8,159.7,384.2,663.8,165.4,837.6,227.0,913.5,77.3,74.7,117.3,48.1,134.5,31.2,136.4,441.4,190.1,727.6,349.4,726.2,172.8,797.1,829.0,298.9,766.0,642.1,1049.4,455.0,354.4,179.1,130.1,304.5,496.4,570.9,176.2,504.3,1260.8,434.8,955.5,1362.5,901.0,714.1,1188.6,166.5,52.3,80.0,333.7,135.3,452.2,357.2,1247.8,417.1,1041.9,679.3,777.5,1072.7,512.1
20260913_奈良_8R,20260913,53,奈良,8,840.3,1188.3,560.6,4056.8,628.5,4467.6,2255.2,969.6,1188.3,1006.9,3836.3,440.3,1852.7,2468.1,966.9,784.3,763.1,2306.8,551.0,2409.1,323.5,670.3,970.9,1096.1,1796.1,841.3,3676.5,2823.5,7430.4,6920.5,7509.5,6192.0,5429.9,9999.9,9411.9,450.4,297.9,355.4,570.1,2360.8,2113.4,1470.6,7058.9,5388.5,8714.7,8021.5,9999.9,5267.8,9999.9,2916.9,2585.6,1225.5,3329.6,7353.0,2566.8,6476.0,438.1,664.6,278.6,1705.0,317.9,2485.5,1479.8,276.3,583.3,83.7,657.8,62.3,442.5,864.0,1144.0,1302.3,693.4,2585.6,1041.1,3754.7,1544.6,79.4,44.8,177.2,55.0,26.5,376.8,327.4,2953.5,1999.7,3377.4,721.7,1568.6,4674.7,4384.4,114.3,43.1,310.5,34.3,343.3,450.4,566.5,5514.8,1939.2,6246.8,1994.0,6033.2,1960.8,5514.8,2746.6,2291.8,2663.7,1403.3,4583.7,1852.7,4705.9,530.7,873.6,543.4,3179.7,187.2,984.5,2011.0,270.6,724.7,107.6,1082.6,61.9,402.6,1102.9,1692.7,1872.3,1440.6,5602.3,611.6,2846.3,2028.4,431.4,155.9,723.2,890.1,103.8,535.9,1411.7,5602.3,2991.0,8403.5,2434.1,1138.5,5228.8,6138.2,48.6,20.6,116.0,29.5,279.6,19.7,222.1,1055.1,818.9,1791.6,786.9,2812.3,213.9,2277.0,3016.6,2846.3,2779.1,2673.8,5786.0,992.8,3314.0,1521.3,1321.9,998.4,2684.0,807.6,3223.2,584.8,2040.1,2653.7,1511.5,6085.2,2070.0,7058.9,2978.4,2893.0,3055.8,2442.5,9999.9,1814.6,4769.5,4583.7,2306.8,1862.5,2262.4,2978.4,2178.6,5786.0,3042.6,9539.1,8403.5,9999.9,6787.4,6853.3,9167.4,9999.9,1122.2,2082.2,1486.0,1872.3,4769.5,3547.2,2643.8,9999.9,9999.9,9167.4,9999.9,9999.9,7843.2,9999.9,1242.7,3298.5,3619.9,2653.7,6787.4,2965.9,5647.1,381.5,680.0,933.7,1106.4,526.0,3194.0,2212.8,127.4,71.6,218.4,84.8,57.5,533.9,376.0,493.2,154.9,738.3,607.4,142.8,674.8,1314.5,1411.7,837.3,1357.4,2058.0,1321.9,4384.4,1819.3,1127.6,385.3,707.3,1527.9,549.7,2255.2,1971.7,292.4,83.5,111.1,598.7,314.2,843.3,930.0,6476.0,1949.9,2521.0,6417.2,4467.6,2633.9,5882.4,4010.7,1568.6,2965.9,3695.7,4439.5,2725.4,5692.6,9999.9,9999.9,7509.5,7590.2,9539.1,9999.9,9999.9,8714.7,4524.9,8304.6,1769.1,3857.3,9942.1,9999.9,9167.4,5786.0,9804.0,4902.0,4010.7,9999.9,9999.9,8823.6,9999.9,9999.9,8608.4,9167.4,9999.9,9999.9,6085.2,1668.7,3965.7,6359.4,2306.8,9288.0,9804.0,8504.7,4080.3,3410.1,8208.0,2585.6,9999.9,9999.9,9999.9,9999.9,9999.9,9999.9,9999.9,9999.9,8021.5,9999.9,9999.9,9999.9,9999.9,9999.9,9999.9,9999.9,100.5,93.6,87.8,135.4,846.3,676.7,494.3,54.8,20.7,148.6,17.7,256.4,193.1,300.5,28.9,9.7,74.3,15.2,188.1,12.2,163.8,207.5,427.2,286.4,447.3,1384.1,1316.9,557.1,116.8,33.7,45.6,219.8,185.8,275.5,428.3,1738.6,988.6,681.3,2269.7,679.3,2226.7,2476.8,1240.5,808.5,268.9,1847.8,794.0,2255.2,1882.3,1229.7,980.4,706.6,1104.6,1186.3,2978.4,2070.0,9999.9,7843.2,9999.9,9669.7,9999.9,7430.4,9999.9,9942.1,4439.5,9999.9,5786.0,9999.9,4330.6,9999.9,3965.7,3151.3,8113.7,3878.5,7757.0,1151.5,9942.1,9999.9,9999.9,9999.9,9539.1,9999.9,8935.3,9999.9,9999.9,5931.8,4613.6,9999.9,8403.5,3878.5,9999.9,9999.9,9999.9,9999.9,9999.9,9999.9,9999.9,9999.9,5738.9,3774.8,1249.3,8714.7,3123.4,9999.9,7590.2,9999.9,9999.9,7931.4,9999.9,9999.9,9999.9,6597.1,4583.7,2360.8,2401.0,4613.6,9999.9,4304.2,9999.9,4467.6,3899.9,4330.6,2834.9,7757.0,2846.3,8304.6,4176.8,4152.3,8021.5,5042.1,9999.9,3494.5,5692.6,2376.7,5514.8,7590.2,4769.5,9288.0,4252.3,9999.9,6597.1,4583.7,5786.0,6597.1,6659.3,4201.7,7590.2,9999.9,9999.9,9999.9,9999.9,9999.9,9999.9,9999.9,4613.6,3329.6,2978.4,5931.8,4278.1,9999.9,5931.8,9999.9,9999.9,9288.0,9999.9,8714.7,9999.9,6787.4
20260913_奈良_9R,20260913,53,奈良,9,519.4,1193.3,495.4,1837.2,659.1,2016.9,208.6,358.9,717.1,358.0,1015.3,350.6,406.2,82.9,1683.0,1400.4,1917.9,1413.7,1306.7,3674.4,358.5,510.1,537.4,1565.8,2334.0,923.1,2507.5,179.3,2738.8,1888.6,1461.0,2699.0,2163.9,5049.2,642.0,663.8,501.8,1025.1,932.4,1932.9,1742.3,130.7,2854.7,1195.2,4123.5,3568.4,5226.9,2660.3,629.0,40.9,31.5,87.9,61.6,150.9,30.3,132.5,859.0,2084.9,624.2,2779.9,1069.5,3054.4,373.1,798.9,1288.6,452.8,2157.6,970.2,1054.3,442.0,2749.0,2249.1,1251.6,1850.9,1989.9,3656.3,1416.4,385.7,313.9,534.3,988.3,294.5,884.6,186.6,4581.6,3990.5,1569.2,2073.2,3568.4,5753.7,2613.4,1247.4,1178.1,1330.1,579.8,2533.2,2326.7,728.3,4193.4,1832.6,3969.1,1937.9,5580.7,3328.4,1879.0,260.4,367.9,819.2,289.2,1552.7,484.1,1112.7,259.4,504.9,264.1,945.5,258.5,239.1,52.5,374.2,660.3,237.6,1208.8,359.6,334.1,193.3,765.1,950.3,1054.3,862.0,595.2,760.4,290.2,396.2,211.7,848.2,1432.8,372.7,334.6,185.6,2126.7,2157.6,947.9,2326.7,1722.1,1660.4,733.4,357.8,430.5,567.8,500.8,1277.5,292.2,133.5,147.8,164.3,313.4,233.2,636.5,146.1,62.1,25.7,77.8,153.4,98.6,309.9,65.2,64.3,2417.6,2402.0,2319.4,1850.9,1606.5,4418.0,879.4,2550.6,2490.7,2022.4,2151.4,1888.6,3551.3,1579.2,2176.6,2096.7,2457.7,1505.5,1395.1,2568.2,908.4,3620.6,1883.8,2728.8,2249.1,2800.8,4851.2,1690.7,1134.9,1009.8,1204.9,1758.8,614.9,1520.9,525.6,1953.2,1864.9,1837.2,2465.8,1395.1,2945.3,1224.8,7206.1,4727.6,4033.8,6454.2,3692.7,5665.9,3241.1,516.5,1004.3,805.8,1309.0,985.7,1007.1,1979.2,591.4,682.8,1943.0,2718.8,1116.1,2832.9,237.5,292.7,194.8,420.7,816.5,195.9,544.5,111.5,697.5,303.6,1133.1,1989.9,443.9,689.1,271.6,2888.0,1222.7,2334.0,2056.0,2356.2,4581.6,1249.5,4078.2,2176.6,2992.8,1758.8,3092.6,6686.7,2541.8,1281.9,581.6,963.9,2022.4,2679.5,2215.6,554.7,4146.5,1218.7,1156.1,4078.2,5622.9,1714.1,1327.7,123.9,152.4,219.4,659.1,1224.8,282.8,908.4,2779.9,3484.6,1702.3,5301.6,2669.9,4418.0,874.2,5154.4,3484.6,2305.0,3269.7,4498.3,6343.8,1869.6,3185.5,3748.6,1898.2,4498.3,3551.3,4727.6,1562.5,907.3,924.3,1117.8,1698.4,610.3,1511.6,377.3,6083.8,3436.2,4525.8,2876.8,5378.5,7981.0,3767.6,2319.4,2417.6,3313.5,1147.1,4265.7,3004.9,1163.3,9999.9,7276.8,6185.2,3990.5,9395.3,8247.0,6083.8,537.0,1033.7,1228.8,661.5,2441.5,965.1,2348.8,769.9,573.1,1048.3,1028.0,1995.2,1912.9,156.0,868.1,799.8,1030.8,516.5,1874.3,1304.4,486.3,467.1,610.3,1003.0,742.2,1832.6,684.0,210.3,1344.6,1384.7,1359.4,1908.0,1004.3,2215.6,811.1,1374.5,631.6,1086.7,1698.4,2660.3,2356.2,659.7,2433.5,2433.5,2305.0,909.6,2425.6,2933.7,1379.6,3255.4,2613.4,1342.1,2992.8,3118.6,3568.4,1552.7,91.6,248.2,174.5,431.2,339.3,710.9,649.3,4727.6,1846.3,8156.4,5665.9,8942.5,4290.3,1539.9,5049.2,2312.2,4788.6,3748.6,7068.8,4668.1,2933.7,731.2,834.9,1458.2,1071.0,2126.7,735.6,349.7,9163.3,5709.4,5226.9,7206.1,4498.3,7002.2,5378.5,8156.4,3729.8,2474.1,7896.1,8630.6,4610.1,4055.9,9999.9,7651.8,6398.5,4123.5,9395.3,9395.3,6809.4,5890.7,4915.4,1958.4,5457.6,4265.7,7896.1,2759.2,1117.8,2457.7,689.1,3199.2,2933.7,4391.9,1974.0,22.8,12.9,49.6,29.1,84.5,17.2,67.9,72.7,157.8,414.8,143.3,649.3,211.5,487.9,20.6,73.5,174.4,83.1,240.0,64.7,81.4,167.5,600.5,468.8,695.6,484.1,482.9,1081.9,85.6,141.1,167.9,515.4,957.7,246.6,593.7,248.8,911.8,726.2,449.2,1354.4,788.7,1384.7,42.4,162.5,108.7,288.3,214.0,365.0,335.7,216.8,685.3,298.4,1249.5,915.2,1288.6,628.4
20260913_奈良_10R,20260913,53,奈良,10,290.4,1321.6,845.6,3466.2,438.6,1792.1,203.5,738.1,3062.3,1381.4,1837.4,976.5,3218.6,533.1,2348.0,4009.6,1509.2,8087.8,1598.4,3975.9,1052.5,1566.6,1745.8,693.2,4779.1,308.9,2841.6,391.1,6571.3,6225.4,9277.2,8087.8,7114.8,9999.9,4593.5,451.0,658.0,680.7,172.3,3218.6,1211.6,110.4,3229.6,3343.7,4506.0,2750.7,8228.4,2302.3,824.2,67.1,96.3,161.9,58.8,876.1,32.6,83.1,292.1,861.8,625.8,2274.6,308.1,881.8,141.9,150.9,283.1,138.5,86.6,96.0,304.3,61.9,1125.1,839.6,645.4,3154.2,731.2,1582.3,658.5,778.8,433.8,449.5,2035.0,287.0,1278.7,344.9,5115.0,1106.7,4731.3,4340.7,4043.9,5316.1,2571.3,251.0,171.8,374.1,142.7,1349.8,638.5,104.6,1184.3,864.1,2061.6,1915.5,3544.1,1211.6,641.1,57.6,61.4,199.2,133.3,576.2,72.3,148.8,988.7,3910.2,2079.7,2985.0,1733.1,4096.4,832.2,487.0,795.1,390.6,179.9,290.6,691.2,207.8,3175.4,1888.7,2039.3,4150.3,3042.6,4150.3,2775.0,2799.6,1211.6,1788.7,3544.1,1168.2,2389.5,1359.5,3755.0,932.2,4043.9,3218.6,2734.8,3466.2,1939.0,1749.1,611.2,2013.3,822.1,2009.0,2457.8,749.8,3831.0,1979.6,4061.2,2799.6,3598.0,3042.6,2226.5,563.2,364.7,1553.8,902.9,1634.3,634.6,1230.5,2727.0,5566.3,2457.8,7009.4,1795.5,5632.5,1755.6,1799.0,1885.0,1321.6,4980.3,1310.6,3082.3,1323.4,4281.7,2464.2,2121.6,4340.7,2703.6,4421.8,2530.1,1469.3,1026.3,1082.6,2884.9,283.6,1225.7,396.2,9999.9,9369.0,7279.0,7756.3,9960.7,7756.3,9999.9,1841.0,1353.7,2185.3,372.9,4803.4,2013.3,840.3,4661.4,4243.3,4187.0,2510.0,6065.8,2807.9,2947.8,953.9,1134.6,1585.0,509.5,3959.3,780.1,1714.2,1992.1,2621.2,1197.8,7820.4,660.3,3544.1,787.9,1574.5,1149.7,1014.2,4707.8,580.1,2658.0,788.5,2775.0,1612.0,1614.8,4320.8,975.5,3207.7,1460.3,1060.8,796.5,888.5,2510.0,152.0,965.5,371.0,9999.9,9999.9,5501.5,7510.1,5376.5,8228.4,8157.5,323.7,275.5,323.2,54.8,1416.5,481.5,132.8,4707.8,4187.0,3082.3,2165.3,8927.1,1548.7,2102.8,546.6,604.6,822.8,487.2,3453.5,253.2,1158.2,9999.9,9999.9,9999.9,9999.9,9999.9,9999.9,7693.2,9999.9,2319.3,9999.9,9999.9,9999.9,9999.9,9277.2,9999.9,2703.6,7631.2,9999.9,9999.9,9999.9,6759.1,9999.9,9999.9,9999.9,9999.9,9999.9,9999.9,9999.9,9999.9,9999.9,9999.9,9857.0,9755.4,9999.9,9999.9,9999.9,9558.3,9999.9,9999.9,7335.4,9999.9,9558.3,9999.9,9999.9,9999.9,9999.9,9999.9,9999.9,9999.9,7450.9,9558.3,6393.7,9999.9,9462.7,9558.3,9999.9,292.4,491.0,510.3,159.3,2407.8,860.2,94.0,230.6,136.9,361.8,134.4,1381.4,567.3,103.4,646.3,273.1,639.3,269.6,936.9,1049.0,273.0,757.6,621.7,824.2,118.5,2258.4,874.5,304.5,107.6,95.3,109.4,21.2,730.1,209.2,38.9,4928.5,3959.3,3403.8,4078.7,2876.2,3611.7,2750.7,1590.3,1367.4,1752.3,1433.7,820.7,3331.9,526.8,40.9,60.6,101.1,111.8,36.2,703.5,119.4,3815.6,4043.9,5735.0,4132.2,8525.0,3466.2,1066.8,3355.5,2389.5,4150.3,4168.6,6957.9,2957.1,1674.8,4401.2,2957.1,4593.5,3379.5,4615.9,3862.3,2470.6,5346.1,2205.7,2319.3,1639.9,7114.8,3598.0,1729.9,4902.9,2084.3,1745.8,1536.1,6144.6,1963.2,1375.3,9999.9,9999.9,8300.6,9999.9,9999.9,9999.9,9558.3,3428.5,2884.9,3416.1,3453.5,1795.5,7061.7,1109.3,619.2,810.1,857.9,1044.4,931.3,3453.5,818.5,29.9,52.1,106.7,40.3,383.5,22.8,39.7,41.8,53.5,196.2,106.6,703.5,58.3,126.7,136.0,134.7,482.0,270.9,611.6,210.2,283.8,258.9,421.3,614.4,248.0,1795.5,325.0,587.0,123.4,201.8,244.7,169.7,1283.9,104.2,278.5,1292.7,2578.4,2048.2,3379.5,3491.7,2325.0,2783.1,31.2,48.0,98.9,127.9,36.1,682.2,101.4,90.5,189.5,225.3,391.1,227.2,1092.6,165.9
20260913_奈良_11R,20260913,53,奈良,11,664.2,1260.5,1589.7,2862.4,507.2,610.2,474.4,1096.6,1364.2,2104.5,5829.0,1368.1,2216.0,2398.4,3216.6,2606.4,4691.6,9915.3,2077.2,7455.7,6773.1,2564.7,2273.7,4558.2,7948.6,2592.4,6327.5,3727.8,6498.5,9337.7,9999.9,9999.9,6587.5,9159.8,9999.9,256.0,432.0,765.7,963.7,1463.9,893.8,756.7,2599.4,5973.8,8291.2,8905.4,9247.9,4293.6,4199.9,1014.5,1987.1,4536.7,3153.4,6919.3,1379.8,2537.6,215.0,449.2,570.1,859.5,197.5,165.5,119.6,164.1,73.5,64.9,418.7,147.2,59.5,37.1,530.4,226.3,778.7,1509.8,577.3,333.3,290.7,338.4,70.5,401.5,648.5,258.8,82.9,52.3,1330.2,934.6,1838.9,1717.4,1354.6,265.0,311.2,111.5,173.9,444.4,306.5,651.6,128.3,83.9,78.0,37.6,156.3,66.0,57.1,68.5,11.8,38.2,14.0,84.3,23.7,67.3,28.8,4.9,684.5,568.0,938.3,3878.1,833.4,2328.7,1505.1,343.7,149.2,160.1,1170.0,371.4,201.1,159.1,308.4,155.0,180.4,1576.7,252.6,871.9,537.6,363.7,108.8,95.9,1389.8,361.4,526.1,304.2,6919.3,4293.6,5198.8,5591.7,9999.9,6286.1,6245.3,499.1,495.7,403.0,702.5,4236.9,1693.2,1257.2,2701.6,795.5,1954.8,1477.3,3816.6,2585.4,1502.7,1197.7,305.4,574.2,622.5,3670.9,1223.6,857.2,2459.8,2068.3,4714.6,7020.3,2190.8,7756.3,7124.3,1568.9,649.4,1983.0,3398.5,1533.9,1324.7,1196.2,704.6,408.2,750.2,3816.6,529.0,1635.6,1328.4,4110.2,2063.9,1096.6,8082.2,3575.4,5936.9,4218.3,9999.9,5527.5,8988.6,9999.9,9999.9,8905.4,9999.9,1290.9,1517.0,931.0,3801.5,7124.3,5062.0,5170.8,9814.1,3339.5,4411.8,9159.8,9073.4,9999.9,7948.6,6165.3,1893.2,2113.8,5313.7,9999.9,3771.7,3862.5,1818.1,1693.2,3434.9,6969.4,1943.0,2709.2,2649.5,566.4,138.8,660.1,1621.9,568.4,192.1,141.8,462.3,117.8,102.8,1649.7,478.9,603.3,329.7,2732.3,1649.7,629.0,5793.8,2398.4,4515.4,2804.0,9429.2,6454.9,5624.4,9999.9,8823.7,7341.8,6869.9,1461.6,1354.6,1126.2,2599.4,6587.5,3043.6,1853.1,4312.9,880.7,1595.0,4714.6,5373.1,3893.8,1310.3,1558.8,336.6,507.2,1935.1,3447.2,1574.1,919.4,9999.9,9999.9,9999.9,9999.9,6773.1,9999.9,9999.9,6454.9,4163.5,8823.7,9247.9,7819.4,2268.3,2557.9,9999.9,6542.7,8905.4,9999.9,9999.9,9999.9,9999.9,9999.9,9999.9,9999.9,9999.9,9999.9,9999.9,9999.9,9999.9,9999.9,9999.9,9999.9,9999.9,9999.9,9999.9,5255.6,9999.9,9999.9,9999.9,9999.9,8823.7,9999.9,9715.0,2871.0,9814.1,8664.7,9999.9,9814.1,4646.3,9073.4,3615.7,9159.8,9999.9,9522.6,9522.6,4785.0,159.2,242.6,375.2,745.5,1233.0,519.0,423.8,228.9,471.6,813.0,936.5,1927.4,328.1,276.2,675.4,922.1,711.3,1208.2,5691.0,2328.7,1867.5,1268.8,2578.5,1242.6,3260.2,6411.9,4411.8,4579.9,1842.5,1723.6,1228.3,2779.7,8291.2,3112.5,2392.5,4236.9,5900.5,8014.8,6869.9,9429.2,5691.0,9073.4,2007.9,1435.5,3629.3,4646.3,4181.6,4857.5,2185.8,682.6,537.6,1751.8,3184.7,2055.1,5143.2,1120.9,2247.1,5227.1,8291.2,5864.5,7071.9,4623.9,3862.5,750.8,425.5,1222.0,653.8,540.3,794.8,239.0,3847.1,975.4,3535.9,2472.4,5035.5,4007.4,2033.3,9429.2,3535.9,4882.1,7513.9,7020.3,9814.1,6919.3,5900.5,1330.2,2485.2,8511.3,6454.9,4833.1,2968.4,5373.1,1600.3,5313.7,5343.2,6011.1,5464.7,2416.5,3974.3,2146.8,4127.8,7177.5,4274.6,6327.5,3260.2,2185.8,390.0,1303.2,3362.8,2386.5,1517.0,2104.5,571.4,981.4,2428.7,1751.8,3305.1,800.1,1500.4,134.1,53.3,159.5,96.7,241.2,115.1,17.9,809.5,204.8,333.1,397.2,2368.9,878.3,657.8,2284.5,840.7,1062.7,2099.9,4332.3,2368.9,2323.1,1322.9,334.8,326.8,1348.9,2845.5,1139.5,937.4,4473.4,1592.3,4058.1,6919.3,4601.8,4558.2,1974.9,546.7,481.6,1234.6,2551.1,1282.3,3102.5,1205.2,963.7,216.2,635.6,1619.1,921.2,758.5,1003.9
20260913_奈良_12R,20260913,53,奈良,12,110.5,101.3,192.7,1111.8,254.9,606.7,415.6,73.8,52.9,85.5,584.5,100.0,260.6,67.8,103.2,67.4,68.5,1043.6,124.0,44.9,154.4,368.2,232.8,143.9,2188.9,404.2,695.8,538.0,2843.8,2180.6,3232.7,4377.9,4713.6,5748.0,4919.8,383.8,232.3,200.6,364.3,2356.8,835.4,612.9,1675.1,982.2,409.3,1210.5,4637.7,1577.6,1731.1,552.2,165.4,257.8,456.6,2445.5,578.6,1101.2,114.7,75.3,167.2,1106.5,231.9,602.2,427.8,85.0,224.2,159.8,855.2,170.5,743.4,209.0,242.0,551.3,544.4,2788.8,825.4,694.0,1355.8,203.6,286.3,333.2,1325.8,319.0,1147.6,660.5,1715.6,2014.8,3216.9,2188.9,2512.2,5560.8,3940.1,290.7,296.8,547.8,349.4,1675.1,1347.9,899.6,2608.9,3098.0,2176.5,3521.7,8261.5,4054.4,5608.1,735.9,571.5,1387.6,1036.4,3374.7,1303.7,2904.8,24.1,18.0,35.2,316.9,38.7,136.0,31.9,24.1,62.1,43.3,310.5,45.7,236.2,66.8,51.2,119.6,139.0,854.6,155.6,144.9,177.8,65.6,85.9,148.0,821.7,100.4,340.1,105.7,882.7,799.2,2004.3,1883.9,1760.8,2411.0,1255.7,50.1,65.9,118.6,78.4,684.5,300.6,95.9,429.6,769.4,465.5,797.4,2393.5,838.7,825.4,25.4,46.8,57.6,44.7,405.5,53.5,256.8,266.7,173.8,194.6,1570.6,301.2,97.0,453.9,529.3,849.9,1155.3,4546.2,1445.1,1280.1,2250.9,238.5,603.4,716.2,3711.7,772.9,668.9,790.8,577.5,1371.1,1063.6,5077.0,1298.5,1143.9,2045.2,6073.6,7747.7,9644.2,9999.9,9999.9,5540.7,9999.9,704.3,1842.4,1259.8,1535.1,6749.5,1426.7,2778.7,421.3,1294.5,910.5,745.0,3253.3,1123.5,1494.7,1163.8,3360.0,1563.7,2703.7,9725.5,3618.4,2821.2,522.3,332.1,189.3,3473.9,544.5,885.1,752.6,321.9,425.2,534.7,2748.9,480.5,1817.0,1188.4,238.2,434.4,590.3,3766.2,420.8,1849.1,411.5,438.7,1237.5,1043.6,6246.5,1363.0,1079.1,1955.8,6623.4,6272.0,8087.6,9999.9,6769.3,9999.9,9999.9,414.7,614.7,490.5,780.6,3800.4,2015.7,985.0,3148.8,5286.6,4179.4,2863.3,9999.9,4633.0,6163.0,819.3,1873.9,676.4,1579.2,6604.4,1437.4,4168.1,4670.6,4061.6,5554.1,7840.0,9999.9,9999.9,9999.9,3702.7,3192.4,7352.3,5501.1,5005.3,9999.9,8291.2,3570.8,3744.8,7989.4,9524.6,7364.1,9999.9,5065.8,9999.9,9999.9,9999.9,9999.9,9999.9,9999.9,9999.9,9808.3,9766.8,9999.9,9999.9,9999.9,9999.9,9999.9,9999.9,7582.1,9312.9,9999.9,9999.9,9999.9,9999.9,9999.9,9999.9,9999.9,9999.9,9999.9,9999.9,9999.9,9999.9,9999.9,6890.7,9999.9,9999.9,9999.9,9999.9,343.3,232.1,123.5,282.3,2865.0,787.2,586.4,316.8,342.2,624.3,396.1,1970.0,1292.3,1009.4,158.9,271.7,422.8,265.9,2106.9,1000.2,269.2,350.4,1189.9,931.6,885.1,5179.6,1066.1,1919.2,253.9,456.9,352.8,437.6,3131.7,1238.5,700.3,5895.0,3516.3,5310.9,8505.4,6263.4,9003.7,8882.3,2680.1,4519.5,2940.0,2386.0,3455.7,9485.4,5105.1,705.5,1507.0,513.7,1535.1,894.0,6010.3,3203.5,4582.4,2535.7,1540.2,3747.9,9999.9,5122.1,5719.5,5656.3,6502.0,4684.8,7399.5,9999.9,8649.0,9999.9,2356.8,4772.1,2689.5,4782.0,9999.9,5280.5,4484.3,1313.7,2814.3,2272.0,2428.8,6384.9,3067.1,3848.0,5280.5,8003.3,6358.5,4390.4,9999.9,6652.1,9999.9,9999.9,9999.9,9999.9,9999.9,9999.9,9999.9,9999.9,6799.3,9201.4,6759.4,5379.1,6314.9,9999.9,9999.9,8188.1,9999.9,6033.9,8600.6,9999.9,9999.9,9999.9,846.1,192.3,274.9,522.6,3673.2,835.7,1501.6,1067.1,640.8,2304.9,1558.4,4728.1,1838.8,4523.9,65.4,183.6,158.8,105.3,980.2,154.1,706.6,817.2,3208.0,978.5,1926.4,9829.2,3102.2,2783.7,622.2,1592.3,421.6,1142.7,6576.2,1198.6,3604.3,9056.8,7169.4,3649.9,9999.9,9999.9,9999.9,9999.9,1013.1,1939.3,554.7,2156.1,1204.5,6839.6,4206.1,5262.4,9544.3,3644.2,6041.8,7352.3,9999.9,7411.4
20260913_大宮_1R,20260913,25,大宮,1,415.8,512.6,715.0,630.7,790.6,,,205.6,39.3,30.8,277.8,70.9,,,245.6,50.7,96.8,393.9,70.6,,,505.7,79.5,165.5,729.0,248.3,,,993.5,743.5,935.5,1111.5,1247.4,,,527.0,132.3,141.0,263.5,680.4,,,,,,,,,,,,,,,,,527.0,796.2,976.2,729.0,1049.2,,,282.0,230.5,170.3,255.1,378.0,,,676.3,348.6,680.4,458.2,785.1,,,738.6,365.6,870.3,534.6,1020.6,,,534.6,235.3,305.9,486.0,435.1,,,1247.4,819.4,984.8,1320.8,1100.6,,,,,,,,,,,,,,,,,118.3,23.6,13.8,191.5,43.8,,,182.2,160.1,95.7,231.0,244.5,,,27.4,107.9,19.2,161.0,39.4,,,11.2,49.0,13.3,89.8,17.5,,,368.0,492.4,297.0,233.4,389.8,,,71.7,249.4,64.0,37.1,279.9,,,,,,,,,,,,,,,,,299.3,50.4,105.3,414.2,69.9,,,433.4,256.3,594.0,463.9,471.7,,,35.5,151.7,35.9,192.5,45.2,,,168.0,558.5,88.6,688.7,227.7,,,825.5,935.5,465.8,1049.2,884.0,,,90.0,372.9,68.2,183.7,555.7,,,,,,,,,,,,,,,,,664.3,91.6,179.3,967.8,262.9,,,594.0,369.3,668.2,763.7,433.4,,,38.2,147.9,49.2,218.8,70.1,,,190.2,684.5,100.4,877.1,291.6,,,1134.0,1320.8,796.2,1181.7,1157.4,,,428.5,1157.4,243.0,564.1,1439.3,,,,,,,,,,,,,,,,,1207.2,1581.2,1782.0,2291.2,2004.8,,,1020.6,785.1,1220.3,1403.3,1261.4,,,1320.8,1145.6,1369.1,1089.9,1871.1,,,2245.3,1386.0,1840.4,2201.3,2878.7,,,2159.0,2041.2,1537.9,2159.0,2291.2,,,2159.0,1559.3,2738.2,2494.8,2610.9,,,,,,,,,,,,,,,,,884.0,279.2,262.9,567.0,1207.2,,,1421.1,935.5,1517.1,1675.6,1675.6,,,203.7,733.7,164.8,180.2,831.6,,,183.4,1069.2,164.8,514.9,1247.4,,,680.4,1559.3,245.1,825.5,1840.4,,,1727.2,2118.2,1675.6,2338.9,2201.3,,,,,,,,,,,,,,,,,,,,,,,,,,,,,,,,,,,,,,,,,,,,,,,,,,,,,,,,,,,,,,,,,,,,,,,,,,,,,,,,,,,,,,,,,,,,,,,,,,,,,,,,,,,,,,,,,,,,,,,,,,,,,,,,
20260913_大宮_2R,20260913,25,大宮,2,142.4,169.2,36.7,236.6,273.1,,,202.6,181.8,46.2,687.6,166.5,,,179.9,174.2,33.5,347.7,319.5,,,7.7,11.5,7.8,38.9,19.4,,,300.2,611.2,473.9,128.6,747.7,,,324.9,173.8,307.4,67.0,706.5,,,,,,,,,,,,,,,,,327.0,209.2,101.2,198.5,548.1,,,511.7,939.2,525.7,777.9,744.1,,,525.7,762.5,566.3,458.4,1116.2,,,118.3,329.1,414.0,346.9,515.1,,,125.2,346.1,169.4,302.0,564.2,,,900.8,855.7,1467.0,962.7,1242.2,,,,,,,,,,,,,,,,,383.1,372.9,107.1,1222.5,229.2,,,429.0,649.9,453.0,747.7,455.7,,,747.7,1149.5,755.0,2169.5,505.0,,,139.4,398.0,468.2,1108.1,214.8,,,1540.3,1283.6,2800.6,1674.3,1453.1,,,144.3,239.9,188.7,150.1,515.1,,,,,,,,,,,,,,,,,469.6,661.1,160.1,933.5,751.4,,,906.1,1692.7,1069.7,1212.8,2800.6,,,1194.0,2169.5,1400.3,3143.6,1069.7,,,224.5,631.3,774.0,1316.5,950.8,,,1426.2,1158.1,3020.3,2000.4,2852.5,,,1855.8,2655.8,1166.9,1242.2,3667.5,,,,,,,,,,,,,,,,,15.1,15.9,13.0,46.0,24.0,,,64.4,145.3,196.9,277.5,244.5,,,65.6,164.7,172.6,626.1,100.1,,,96.2,305.6,245.2,747.7,390.9,,,212.4,359.9,777.9,993.7,678.5,,,82.0,253.7,116.0,313.7,616.1,,,,,,,,,,,,,,,,,241.8,777.9,356.5,202.9,1339.4,,,152.2,426.6,195.9,271.6,806.4,,,1203.4,1040.7,2655.8,1555.9,1711.5,,,1013.4,962.7,2525.2,1770.5,3143.6,,,228.2,334.8,1077.1,1481.1,1588.0,,,1878.5,1750.4,1750.4,3757.0,2081.5,,,,,,,,,,,,,,,,,459.8,200.5,316.9,135.4,770.1,,,828.1,697.0,1375.3,916.8,2110.1,,,119.3,255.4,151.7,106.7,465.3,,,1194.0,2299.0,837.1,1510.1,3020.3,,,156.3,527.5,171.9,604.0,1069.7,,,1791.1,1833.7,1026.9,2484.4,1711.5,,,,,,,,,,,,,,,,,,,,,,,,,,,,,,,,,,,,,,,,,,,,,,,,,,,,,,,,,,,,,,,,,,,,,,,,,,,,,,,,,,,,,,,,,,,,,,,,,,,,,,,,,,,,,,,,,,,,,,,,,,,,,,,,
20260913_大宮_3R,20260913,25,大宮,3,358.4,98.4,91.7,116.2,115.3,,,297.2,72.5,105.2,177.7,268.5,,,35.2,20.5,8.2,6.8,21.3,,,38.8,54.7,21.0,40.9,55.3,,,77.5,146.8,22.1,45.1,46.3,,,118.6,300.4,55.7,94.2,65.9,,,,,,,,,,,,,,,,,851.5,297.2,175.6,241.3,199.5,,,1005.1,2241.3,535.6,3095.1,1354.1,,,529.8,1989.7,829.7,2407.3,1160.6,,,194.2,257.2,525.5,649.9,305.1,,,502.5,3420.9,2565.7,1274.4,1547.5,,,288.0,1226.3,1114.2,499.9,1095.4,,,,,,,,,,,,,,,,,605.5,167.0,212.6,374.9,555.5,,,924.1,1725.6,426.6,4755.9,1299.9,,,176.4,1026.2,357.1,1266.1,1133.6,,,177.2,137.6,294.1,1005.1,406.2,,,1989.7,4431.6,2826.0,2785.6,3679.1,,,1095.4,1725.6,2349.3,924.1,3145.0,,,,,,,,,,,,,,,,,63.2,44.8,21.7,17.3,42.1,,,332.1,984.8,437.2,1274.4,809.1,,,115.4,552.3,179.7,643.5,621.0,,,81.0,171.8,175.3,389.9,393.9,,,190.4,955.8,1101.6,598.1,684.1,,,186.0,894.4,1196.2,540.1,722.2,,,,,,,,,,,,,,,,,87.4,119.2,82.8,182.5,154.0,,,105.6,88.1,255.8,430.4,146.0,,,124.1,82.6,245.2,693.9,312.4,,,164.4,311.4,311.4,942.0,701.4,,,578.6,974.9,1511.5,1211.1,1107.9,,,386.8,382.3,568.4,932.9,1249.9,,,,,,,,,,,,,,,,,537.1,1226.3,165.3,403.7,332.1,,,1335.5,4148.8,3545.3,2294.0,2142.7,,,2437.4,4333.2,3979.4,3046.7,4534.7,,,367.9,2671.1,2910.3,1444.4,2119.5,,,866.6,1598.3,3249.9,1695.6,1969.6,,,1010.3,2096.7,3979.4,2565.7,2119.5,,,,,,,,,,,,,,,,,374.2,674.7,143.5,275.4,200.6,,,565.2,1218.7,1282.8,483.8,1167.6,,,1037.2,1499.9,2267.3,928.5,3545.3,,,289.7,1423.3,1725.6,822.7,1444.4,,,441.1,436.2,667.7,1031.7,1037.2,,,667.7,1335.5,3249.9,1666.6,1455.1,,,,,,,,,,,,,,,,,,,,,,,,,,,,,,,,,,,,,,,,,,,,,,,,,,,,,,,,,,,,,,,,,,,,,,,,,,,,,,,,,,,,,,,,,,,,,,,,,,,,,,,,,,,,,,,,,,,,,,,,,,,,,,,,
20260913_大宮_4R,20260913,25,大宮,4,141.6,146.3,158.7,615.4,89.4,,,159.9,219.3,199.6,420.6,65.0,,,114.6,175.1,79.8,474.4,116.4,,,240.1,263.3,260.7,1098.9,212.4,,,372.0,204.3,234.6,270.9,190.4,,,69.1,25.8,115.6,81.0,200.5,,,,,,,,,,,,,,,,,303.8,249.3,268.9,1751.2,166.3,,,506.8,566.8,510.4,3589.9,233.1,,,148.7,190.9,43.6,893.7,88.0,,,404.1,505.6,249.3,2132.6,349.6,,,3365.5,5253.6,2797.3,3033.7,3033.7,,,143.5,95.2,156.6,196.5,1407.8,,,,,,,,,,,,,,,,,500.9,605.0,401.8,851.3,129.9,,,637.2,546.6,791.9,2834.1,291.4,,,677.3,671.0,542.5,2534.0,256.1,,,732.6,974.6,970.2,3988.8,357.2,,,1873.0,5983.2,3589.9,3846.3,1196.6,,,42.7,76.0,49.8,81.9,228.1,,,,,,,,,,,,,,,,,122.0,309.9,113.7,1133.6,144.1,,,80.6,151.3,23.2,660.7,64.3,,,542.5,317.2,231.8,2504.6,221.1,,,89.5,36.8,118.7,780.4,71.9,,,2761.5,2091.2,3916.3,1737.0,2475.8,,,119.2,91.5,83.1,65.3,961.5,,,,,,,,,,,,,,,,,957.3,851.3,679.4,2726.5,715.6,,,912.7,953.0,369.4,4064.1,737.6,,,1076.9,1289.8,1145.7,5821.5,742.7,,,377.2,246.4,445.0,1527.6,314.9,,,4582.9,3419.0,3531.1,3531.1,2595.1,,,491.7,825.2,352.5,390.2,2032.0,,,,,,,,,,,,,,,,,2243.7,1445.6,1682.7,1737.0,772.0,,,3778.9,6335.2,3474.1,5384.9,4142.2,,,2447.7,6948.3,4786.6,4487.4,2595.1,,,4064.1,3846.3,5384.9,2910.7,4682.5,,,5009.2,7977.6,6948.3,5128.5,3214.8,,,1082.4,4682.5,2291.4,3988.8,2626.8,,,,,,,,,,,,,,,,,72.4,25.6,59.0,87.6,171.7,,,87.9,46.5,67.7,122.1,522.8,,,9.4,17.8,9.8,25.9,96.6,,,57.3,39.2,34.8,40.7,350.8,,,182.0,208.9,91.8,110.6,706.2,,,401.1,1055.8,344.0,848.0,664.8,,,,,,,,,,,,,,,,,,,,,,,,,,,,,,,,,,,,,,,,,,,,,,,,,,,,,,,,,,,,,,,,,,,,,,,,,,,,,,,,,,,,,,,,,,,,,,,,,,,,,,,,,,,,,,,,,,,,,,,,,,,,,,,,
20260913_大宮_5R,20260913,25,大宮,5,245.8,752.6,179.1,704.5,189.3,,,396.0,421.5,272.0,1217.9,686.5,,,1106.6,830.0,615.1,2634.3,1442.6,,,106.1,134.1,267.8,295.5,184.0,,,1009.8,1594.4,2265.0,594.0,1694.8,,,374.0,835.7,1122.0,344.2,1353.9,,,,,,,,,,,,,,,,,124.7,314.7,144.7,241.6,72.8,,,75.9,39.7,94.8,60.9,13.0,,,327.5,128.7,501.7,298.8,111.3,,,107.3,168.7,309.1,169.9,58.6,,,140.4,72.0,152.9,122.3,23.5,,,20.7,7.8,29.4,31.9,16.0,,,,,,,,,,,,,,,,,179.3,200.9,213.7,533.8,319.3,,,110.6,42.3,126.8,91.6,25.9,,,92.7,38.7,136.3,179.9,69.9,,,243.3,251.9,295.5,696.4,396.0,,,655.0,214.6,356.4,706.5,446.3,,,241.1,62.0,127.3,254.8,293.7,,,,,,,,,,,,,,,,,1058.3,813.2,1275.5,2144.8,1346.4,,,897.6,307.9,1339.0,871.8,426.6,,,334.2,168.6,439.0,545.8,272.0,,,1361.5,1822.2,1101.6,2818.1,2578.3,,,2754.1,1188.0,1148.6,2634.3,1893.4,,,1496.0,616.7,549.5,2203.3,1908.3,,,,,,,,,,,,,,,,,62.3,100.5,198.0,229.2,143.5,,,105.9,262.0,441.4,285.1,102.5,,,245.0,307.9,362.8,1217.9,575.6,,,884.5,1018.3,1137.8,2606.0,1782.0,,,430.4,375.1,1035.7,2019.6,813.2,,,280.5,184.8,562.3,1148.6,738.9,,,,,,,,,,,,,,,,,935.7,1249.2,2003.0,961.7,1533.9,,,425.9,169.6,403.9,271.7,65.5,,,1143.2,381.6,533.8,1170.8,644.5,,,2818.1,1127.2,1062.9,2692.9,1524.2,,,572.9,557.1,1384.9,2223.5,1053.7,,,1154.1,192.9,682.7,1176.5,997.3,,,,,,,,,,,,,,,,,221.3,602.8,853.3,299.2,1040.1,,,56.9,36.1,75.6,45.6,30.8,,,376.9,88.7,250.6,434.3,451.3,,,904.3,346.7,501.7,1014.0,957.9,,,253.2,161.2,516.7,802.5,577.0,,,698.4,97.6,507.0,1005.6,485.6,,,,,,,,,,,,,,,,,,,,,,,,,,,,,,,,,,,,,,,,,,,,,,,,,,,,,,,,,,,,,,,,,,,,,,,,,,,,,,,,,,,,,,,,,,,,,,,,,,,,,,,,,,,,,,,,,,,,,,,,,,,,,,,,
20260913_大宮_6R,20260913,25,大宮,6,1311.8,300.1,711.3,2349.2,486.8,,,1590.8,481.0,768.1,1669.6,957.4,,,115.6,123.2,39.6,264.0,42.0,,,637.3,555.0,123.4,1147.9,268.6,,,2693.7,1741.6,817.9,2295.8,1888.1,,,349.5,619.7,127.4,238.5,1181.4,,,,,,,,,,,,,,,,,939.6,488.0,708.8,2658.3,527.4,,,655.9,405.6,298.4,859.7,247.8,,,203.0,273.3,207.6,751.0,105.6,,,413.1,271.5,228.8,931.0,116.5,,,2196.0,838.3,1052.2,1195.4,585.6,,,124.4,89.7,52.7,43.6,246.6,,,,,,,,,,,,,,,,,1154.4,443.0,505.0,1262.7,740.0,,,971.3,666.7,440.1,1141.4,413.1,,,310.8,645.4,287.3,664.5,372.7,,,310.8,314.6,230.1,347.1,231.6,,,612.2,740.0,497.6,286.5,475.3,,,564.3,288.2,368.6,284.5,771.1,,,,,,,,,,,,,,,,,39.6,45.5,13.7,115.4,11.7,,,81.3,165.4,100.7,380.4,57.9,,,119.6,235.4,120.1,318.1,161.1,,,36.7,98.5,86.6,192.9,34.5,,,364.0,592.4,292.8,393.8,397.7,,,25.2,37.6,79.4,22.6,182.5,,,,,,,,,,,,,,,,,379.0,273.0,112.1,612.2,191.4,,,286.9,221.7,195.0,696.6,122.9,,,214.0,244.8,164.7,327.9,178.0,,,61.1,135.0,107.6,282.1,56.4,,,856.0,745.5,410.6,619.7,479.8,,,94.8,70.2,104.5,58.5,265.1,,,,,,,,,,,,,,,,,3108.1,1485.5,1337.9,1961.4,1820.1,,,2220.1,948.5,1209.7,1374.3,824.6,,,658.0,608.5,356.9,308.9,446.9,,,1000.1,1474.6,556.5,926.7,995.2,,,1853.5,1642.5,610.3,1010.1,1057.7,,,1642.5,651.7,774.0,824.6,777.0,,,,,,,,,,,,,,,,,203.8,350.7,115.4,176.9,886.1,,,73.8,74.9,42.5,31.3,205.9,,,361.4,147.1,295.3,196.7,575.5,,,52.9,60.3,123.5,45.8,303.3,,,96.9,44.1,98.3,53.8,262.0,,,1116.1,407.3,519.3,631.3,547.5,,,,,,,,,,,,,,,,,,,,,,,,,,,,,,,,,,,,,,,,,,,,,,,,,,,,,,,,,,,,,,,,,,,,,,,,,,,,,,,,,,,,,,,,,,,,,,,,,,,,,,,,,,,,,,,,,,,,,,,,,,,,,,,,
20260913_大宮_7R,20260913,25,大宮,7,65.2,45.0,157.2,289.0,144.9,,,85.0,93.1,523.6,504.3,268.0,,,14.2,30.6,109.6,85.8,11.6,,,663.1,1349.6,573.7,1652.1,1398.8,,,704.5,1076.6,358.8,1533.1,844.2,,,265.4,450.9,81.5,779.0,389.5,,,,,,,,,,,,,,,,,102.8,79.1,218.5,445.6,259.3,,,89.6,74.3,75.7,294.8,265.0,,,65.2,112.4,195.7,336.2,139.1,,,360.2,187.1,316.2,456.2,539.8,,,982.7,912.5,899.7,679.5,1430.1,,,504.3,630.4,360.2,689.3,972.8,,,,,,,,,,,,,,,,,132.6,143.7,691.8,707.1,442.5,,,105.9,99.8,94.6,392.7,306.1,,,93.0,127.4,636.6,699.4,189.7,,,1774.4,757.4,2153.3,2661.7,3141.7,,,1583.8,1430.1,1916.4,2281.4,2777.4,,,788.6,944.0,707.1,2589.7,2395.5,,,,,,,,,,,,,,,,,8.1,19.2,78.4,53.0,4.3,,,26.4,74.8,152.4,237.4,56.5,,,49.1,82.5,440.5,427.7,113.2,,,335.6,610.3,1419.5,1252.5,558.7,,,182.6,483.9,875.0,948.7,210.8,,,13.6,57.2,116.0,235.4,77.1,,,,,,,,,,,,,,,,,1842.7,2456.9,1485.6,3992.5,3362.1,,,1378.7,779.0,1133.9,1520.9,2228.4,,,2737.7,1161.4,3248.2,4674.2,4077.5,,,1637.9,1349.6,3685.4,3757.7,2177.7,,,5807.4,2202.8,5988.8,3615.9,4456.8,,,5043.2,2589.7,3992.5,2777.4,4791.1,,,,,,,,,,,,,,,,,1388.7,1610.4,737.0,3548.9,1807.9,,,1681.0,2254.6,1462.9,1935.8,2777.4,,,2105.9,2337.1,2737.7,4562.9,4355.5,,,723.1,1236.4,2038.7,2555.2,967.9,,,4166.1,2737.7,4456.8,3992.5,3832.8,,,2017.3,3304.2,3757.7,1681.0,3548.9,,,,,,,,,,,,,,,,,626.2,982.7,171.4,1583.8,958.2,,,791.9,1388.7,589.6,1430.1,2281.4,,,1695.9,1711.1,1294.8,3757.7,4674.2,,,112.9,341.0,628.3,916.9,595.1,,,4258.7,3362.1,5179.5,2425.8,4166.1,,,1558.0,2337.1,3615.9,1220.6,3141.7,,,,,,,,,,,,,,,,,,,,,,,,,,,,,,,,,,,,,,,,,,,,,,,,,,,,,,,,,,,,,,,,,,,,,,,,,,,,,,,,,,,,,,,,,,,,,,,,,,,,,,,,,,,,,,,,,,,,,,,,,,,,,,,,
20260913_大宮_8R,20260913,25,大宮,8,235.5,67.2,44.6,663.6,121.5,,,384.9,184.4,136.3,656.2,359.3,,,41.6,100.9,10.2,290.1,52.1,,,13.1,38.5,3.8,64.1,22.4,,,1270.3,946.0,617.5,338.7,1494.5,,,225.4,526.2,125.2,98.9,1016.3,,,,,,,,,,,,,,,,,430.6,148.4,97.4,1111.5,223.4,,,689.3,1185.7,684.0,1218.1,602.9,,,362.2,1132.8,452.5,2044.3,617.5,,,129.3,419.4,225.1,1010.5,193.9,,,1998.3,1760.9,2436.3,1912.4,2470.2,,,241.9,480.6,269.0,203.4,1104.6,,,,,,,,,,,,,,,,,673.6,276.1,281.8,827.2,491.3,,,592.8,1010.5,753.6,884.8,515.5,,,744.1,1347.3,907.4,1587.9,1034.0,,,360.7,753.6,656.2,756.8,484.6,,,668.6,786.9,1154.9,697.4,609.0,,,489.9,524.6,692.0,552.3,649.1,,,,,,,,,,,,,,,,,156.5,365.9,43.6,773.2,163.6,,,392.6,1494.5,535.7,2615.5,846.9,,,961.3,1743.6,1185.7,2654.5,1445.9,,,91.2,370.5,876.1,1279.5,440.2,,,2505.0,4042.1,3293.6,2280.2,3175.9,,,491.3,893.7,1507.2,711.4,2964.2,,,,,,,,,,,,,,,,,20.6,50.2,6.0,105.9,38.9,,,65.1,173.0,117.4,483.3,122.1,,,163.9,283.2,348.7,402.3,296.9,,,45.4,148.5,336.2,564.6,225.9,,,386.6,621.8,342.0,686.7,626.2,,,150.4,228.0,436.9,292.0,720.0,,,,,,,,,,,,,,,,,2577.6,1587.9,1243.7,916.7,2340.2,,,3952.3,2068.0,3557.1,3066.4,3066.4,,,1028.0,1307.7,1400.4,999.1,1111.5,,,3014.5,4446.3,3355.7,2915.6,4560.4,,,876.1,1743.6,956.2,1616.8,1445.9,,,4560.4,3175.9,2577.6,4560.4,2251.3,,,,,,,,,,,,,,,,,350.1,876.1,309.8,268.6,1389.4,,,315.9,617.5,342.0,239.6,1185.7,,,1084.4,1091.1,1616.8,1170.1,1833.5,,,661.1,859.2,1616.8,884.8,2654.5,,,352.1,325.1,966.6,397.8,1185.7,,,3120.2,2470.2,1778.5,3175.9,1760.9,,,,,,,,,,,,,,,,,,,,,,,,,,,,,,,,,,,,,,,,,,,,,,,,,,,,,,,,,,,,,,,,,,,,,,,,,,,,,,,,,,,,,,,,,,,,,,,,,,,,,,,,,,,,,,,,,,,,,,,,,,,,,,,,
20260913_大宮_9R,20260913,25,大宮,9,176.0,139.1,274.1,400.3,233.3,,,96.4,24.1,47.4,237.9,25.2,,,47.3,17.3,21.2,89.4,29.7,,,235.0,74.0,54.0,497.3,139.1,,,301.5,543.6,336.7,835.4,797.4,,,216.5,49.0,80.3,128.0,546.6,,,,,,,,,,,,,,,,,415.0,393.8,634.8,722.7,645.4,,,435.6,790.8,636.8,877.1,267.2,,,478.8,857.6,835.4,994.7,989.6,,,759.7,739.3,910.2,706.8,877.1,,,750.8,861.5,889.3,645.4,1169.5,,,628.5,352.7,584.7,733.7,1253.1,,,,,,,,,,,,,,,,,94.5,24.1,39.2,220.2,18.3,,,228.6,311.7,288.8,515.9,136.0,,,39.0,188.8,75.7,397.0,48.6,,,94.1,228.1,120.8,586.5,71.2,,,691.6,684.3,1066.1,1135.1,509.1,,,12.8,51.6,20.1,18.5,138.6,,,,,,,,,,,,,,,,,92.3,47.7,54.6,157.2,65.0,,,316.3,768.8,747.9,1198.6,814.2,,,98.7,521.5,251.2,1221.3,177.6,,,148.4,643.2,335.0,1162.5,537.5,,,717.3,1183.9,1929.7,1707.7,2120.6,,,208.1,893.4,290.6,601.1,1663.6,,,,,,,,,,,,,,,,,288.8,91.6,75.0,599.3,175.2,,,513.2,458.3,567.5,725.4,632.7,,,103.2,304.8,126.7,586.5,114.6,,,109.0,409.7,172.1,790.8,331.0,,,1519.5,873.2,1495.9,1556.2,1507.6,,,310.2,418.6,161.6,362.0,914.5,,,,,,,,,,,,,,,,,781.2,1269.6,999.8,2052.9,1635.4,,,730.9,787.6,790.8,667.7,889.3,,,1531.5,1141.8,2218.1,2539.2,1169.5,,,1198.6,1388.3,2796.8,2837.9,2607.8,,,2796.8,1408.6,2607.8,3015.3,2506.2,,,2506.2,1786.8,1738.5,2573.0,2382.4,,,,,,,,,,,,,,,,,425.0,78.0,178.8,274.1,1026.4,,,694.1,341.5,964.8,790.8,1429.4,,,43.6,115.3,70.4,59.6,288.0,,,268.0,739.3,216.3,534.5,1594.8,,,435.6,618.5,166.5,510.5,1206.1,,,2168.3,1891.9,969.7,2297.3,2031.3,,,,,,,,,,,,,,,,,,,,,,,,,,,,,,,,,,,,,,,,,,,,,,,,,,,,,,,,,,,,,,,,,,,,,,,,,,,,,,,,,,,,,,,,,,,,,,,,,,,,,,,,,,,,,,,,,,,,,,,,,,,,,,,,
20260913_大宮_10R,20260913,25,大宮,10,899.6,1202.4,2416.6,989.9,725.0,,,1076.4,613.1,772.7,909.6,1044.4,,,1290.5,662.6,1590.3,1022.8,1377.1,,,2969.9,1748.2,2708.8,2622.3,3243.4,,,669.8,441.7,684.7,1135.9,802.9,,,871.0,1100.4,1408.5,1723.7,1433.1,,,,,,,,,,,,,,,,,620.9,919.7,1493.9,989.9,515.6,,,347.1,75.4,131.1,359.3,101.8,,,437.8,101.4,333.5,598.3,185.2,,,1799.2,452.2,659.0,1987.9,677.2,,,993.9,740.2,858.8,1735.9,877.2,,,203.3,71.7,109.5,204.5,389.4,,,,,,,,,,,,,,,,,515.6,201.3,316.4,578.6,523.3,,,304.6,53.2,94.7,296.6,107.8,,,40.1,18.0,5.6,56.4,22.5,,,160.1,99.5,22.9,230.1,109.3,,,392.5,470.4,187.0,307.7,694.3,,,393.7,159.2,73.1,168.3,521.1,,,,,,,,,,,,,,,,,549.0,200.8,538.2,365.7,613.1,,,340.0,63.4,246.9,442.5,142.8,,,52.2,23.4,4.1,28.4,37.7,,,369.0,326.4,27.3,324.7,398.8,,,143.5,304.3,62.0,239.3,589.7,,,432.4,204.5,110.8,331.3,700.2,,,,,,,,,,,,,,,,,3792.3,1643.3,2769.6,3160.2,2866.2,,,2969.9,662.6,1071.7,3201.3,1226.3,,,680.9,491.0,75.3,751.5,574.5,,,1318.1,1044.4,115.4,1600.6,1162.7,,,3471.8,2934.5,1238.7,2037.2,3331.1,,,2541.2,1503.0,1057.9,1867.4,3679.1,,,,,,,,,,,,,,,,,513.5,177.4,261.1,506.1,577.2,,,680.9,638.6,841.3,1881.6,802.9,,,344.7,638.6,147.3,228.6,673.5,,,254.6,640.2,96.5,435.5,1048.9,,,1311.1,2567.7,584.1,944.4,2325.4,,,1450.0,1377.1,1035.7,1735.9,2088.9,,,,,,,,,,,,,,,,,655.5,816.2,993.9,1550.3,1392.6,,,288.6,95.5,144.7,306.2,377.4,,,500.0,145.7,113.9,271.7,471.3,,,725.0,218.1,147.5,570.6,698.3,,,1925.7,740.2,638.6,962.8,2370.2,,,1493.9,1071.7,978.1,1311.1,2037.2,,,,,,,,,,,,,,,,,,,,,,,,,,,,,,,,,,,,,,,,,,,,,,,,,,,,,,,,,,,,,,,,,,,,,,,,,,,,,,,,,,,,,,,,,,,,,,,,,,,,,,,,,,,,,,,,,,,,,,,,,,,,,,,,
20260913_大宮_11R,20260913,25,大宮,11,441.9,314.4,674.2,410.4,124.5,,,375.4,176.7,148.9,571.2,57.9,,,251.4,188.8,243.7,337.6,39.3,,,834.6,269.8,395.2,771.5,140.2,,,853.6,894.4,719.5,1034.6,283.1,,,26.9,12.7,7.8,22.4,44.6,,,,,,,,,,,,,,,,,634.2,341.7,905.2,295.4,181.6,,,883.9,1918.9,750.8,1034.6,701.6,,,1116.9,2440.3,2806.4,1344.3,1181.6,,,1360.6,1105.9,2222.8,1420.9,1122.5,,,265.6,574.2,414.2,717.2,275.1,,,190.4,410.4,418.0,658.3,375.4,,,,,,,,,,,,,,,,,571.2,286.0,187.2,774.1,91.2,,,894.4,1626.9,768.8,1226.8,608.4,,,863.5,2138.2,916.3,2041.0,870.2,,,116.7,301.7,291.5,355.8,75.5,,,1133.9,1486.8,2078.8,837.7,939.3,,,91.3,395.9,275.4,95.4,476.6,,,,,,,,,,,,,,,,,771.5,706.0,883.9,1069.1,133.9,,,1275.6,3207.3,3454.0,2022.6,1727.0,,,1175.4,2771.7,2118.0,3162.1,1163.2,,,1548.3,3508.0,1870.9,3033.9,1952.2,,,2363.2,3162.1,3301.6,3741.8,2610.6,,,173.7,1095.1,613.4,1328.4,1886.6,,,,,,,,,,,,,,,,,1360.6,399.4,776.8,1360.6,365.6,,,1727.0,1100.5,2494.5,1840.2,1213.5,,,186.0,472.6,381.8,566.9,161.8,,,1781.8,3401.7,1297.7,3118.2,1870.9,,,1918.9,1935.4,1240.4,2954.1,1603.6,,,310.5,863.5,253.9,898.0,1122.5,,,,,,,,,,,,,,,,,1084.6,1187.8,1044.2,1615.1,621.9,,,590.8,750.8,1095.1,908.9,513.7,,,1261.3,1320.6,1986.8,993.4,976.1,,,2363.2,2440.3,2551.2,3350.9,2494.5,,,1700.8,1754.0,1247.2,2841.9,1448.4,,,519.7,690.8,880.4,1377.3,1275.6,,,,,,,,,,,,,,,,,21.5,7.3,5.2,17.1,32.6,,,83.3,153.5,264.1,231.9,173.5,,,36.6,132.3,129.7,39.1,157.7,,,53.3,405.2,237.5,303.3,533.2,,,86.3,270.1,75.0,289.6,268.2,,,152.4,294.2,280.6,551.6,337.1,,,,,,,,,,,,,,,,,,,,,,,,,,,,,,,,,,,,,,,,,,,,,,,,,,,,,,,,,,,,,,,,,,,,,,,,,,,,,,,,,,,,,,,,,,,,,,,,,,,,,,,,,,,,,,,,,,,,,,,,,,,,,,,,
20260913_大宮_12R,20260913,25,大宮,12,546.2,339.4,261.7,630.3,270.7,,,748.4,477.8,1096.0,1733.5,680.9,,,299.1,339.7,474.5,943.8,272.0,,,423.1,1311.9,896.5,1458.3,543.6,,,884.8,2498.4,1353.7,1427.6,1213.5,,,264.8,459.7,291.9,404.5,838.9,,,,,,,,,,,,,,,,,360.7,216.5,124.3,302.5,166.8,,,456.0,197.0,217.8,460.4,313.7,,,93.6,64.4,33.0,78.4,54.0,,,49.3,85.3,33.4,23.9,29.8,,,126.6,183.2,49.0,15.6,55.6,,,123.1,219.4,97.1,63.0,118.1,,,,,,,,,,,,,,,,,908.5,426.8,1048.7,2022.5,740.2,,,795.7,293.1,463.5,973.5,584.8,,,154.1,118.8,215.7,437.3,121.5,,,1427.6,768.7,738.6,1919.6,824.7,,,2654.5,1682.1,1231.1,2206.3,2574.1,,,719.8,712.3,313.7,866.7,1551.5,,,,,,,,,,,,,,,,,112.2,115.1,188.3,428.4,103.4,,,47.6,32.0,17.7,51.7,27.0,,,41.5,20.5,51.5,130.5,29.5,,,189.8,55.3,138.4,277.6,108.3,,,316.9,63.2,152.9,205.3,166.3,,,81.8,51.2,62.1,87.4,186.5,,,,,,,,,,,,,,,,,438.9,1226.6,951.7,1327.2,596.1,,,153.1,241.4,107.7,76.5,107.0,,,1267.8,692.0,847.3,2427.0,930.9,,,481.2,169.7,388.7,707.8,317.5,,,1055.2,208.9,1558.6,810.9,629.2,,,425.2,204.6,678.2,348.1,614.4,,,,,,,,,,,,,,,,,1026.5,2516.9,1633.5,1580.3,1296.8,,,257.8,331.8,87.7,41.1,125.4,,,2409.8,1253.8,1058.5,2280.4,1908.9,,,775.7,163.5,338.7,462.2,375.4,,,1253.8,191.1,1856.7,755.0,648.4,,,938.6,371.3,1464.5,625.7,686.4,,,,,,,,,,,,,,,,,171.2,260.7,180.3,275.3,383.9,,,156.5,277.3,126.9,113.7,185.2,,,440.1,433.9,238.7,560.7,1055.2,,,137.7,109.9,112.4,193.8,287.7,,,334.1,193.3,504.8,314.9,539.3,,,475.2,243.0,712.3,330.5,510.1,,,,,,,,,,,,,,,,,,,,,,,,,,,,,,,,,,,,,,,,,,,,,,,,,,,,,,,,,,,,,,,,,,,,,,,,,,,,,,,,,,,,,,,,,,,,,,,,,,,,,,,,,,,,,,,,,,,,,,,,,,,,,,,,
20260913_岐阜_1R,20260913,43,岐阜,1,210.0,197.6,194.7,595.9,1102.0,,,222.2,29.1,56.6,618.8,77.9,,,124.7,27.5,36.7,515.7,128.3,,,67.2,29.4,29.5,251.4,114.7,,,1436.5,1748.9,1962.1,1072.6,3217.9,,,1237.6,487.5,574.6,578.7,2514.0,,,,,,,,,,,,,,,,,664.8,525.8,470.4,1044.7,2681.6,,,731.3,245.2,865.0,969.2,676.0,,,473.2,237.3,554.8,398.2,893.8,,,865.0,1237.6,1318.8,969.2,2774.1,,,993.2,693.5,522.3,829.3,1748.9,,,3830.9,2873.1,614.1,4732.3,2774.1,,,,,,,,,,,,,,,,,294.6,39.0,89.0,711.9,119.7,,,600.3,138.9,838.0,946.4,402.2,,,13.3,26.6,25.7,144.6,7.4,,,163.5,676.0,115.0,1072.6,240.8,,,1870.9,1787.7,804.4,2174.3,1218.9,,,191.5,430.2,48.3,218.0,687.6,,,,,,,,,,,,,,,,,104.7,24.1,34.9,260.3,108.1,,,139.9,145.2,284.2,131.2,332.4,,,9.5,34.7,21.4,110.2,7.6,,,76.4,287.3,92.2,509.1,261.1,,,788.7,375.9,628.5,903.9,1117.3,,,218.6,600.3,83.5,392.4,829.3,,,,,,,,,,,,,,,,,231.1,86.3,86.8,539.9,260.3,,,829.3,1436.5,1058.5,1318.8,2298.5,,,225.3,731.3,227.9,1787.7,509.1,,,165.1,738.0,224.7,981.0,676.0,,,2234.7,1547.1,2595.1,2595.1,3217.9,,,914.1,2595.1,1200.7,1058.5,4234.1,,,,,,,,,,,,,,,,,3656.7,2979.6,5028.0,3094.2,5746.3,,,2117.0,1577.4,969.2,1547.1,2681.6,,,4732.3,2234.7,2873.1,5028.0,2298.5,,,4469.4,1058.5,2595.1,3094.2,4469.4,,,4469.4,2117.0,3830.9,3830.9,4234.1,,,6704.1,4234.1,3217.9,6188.4,6188.4,,,,,,,,,,,,,,,,,2514.0,981.0,781.0,1318.8,6188.4,,,4234.1,2681.6,1711.6,4022.4,3656.7,,,1005.6,2514.0,329.7,1031.4,2873.1,,,993.2,2062.8,396.3,1297.5,2873.1,,,1489.8,4469.4,1748.9,1517.9,4732.3,,,6704.1,4732.3,3656.7,4234.1,6704.1,,,,,,,,,,,,,,,,,,,,,,,,,,,,,,,,,,,,,,,,,,,,,,,,,,,,,,,,,,,,,,,,,,,,,,,,,,,,,,,,,,,,,,,,,,,,,,,,,,,,,,,,,,,,,,,,,,,,,,,,,,,,,,,,
20260913_岐阜_2R,20260913,43,岐阜,2,364.1,113.2,143.1,624.6,398.0,,,713.1,792.4,961.5,1031.1,1450.5,,,47.3,200.4,68.2,150.4,58.4,,,135.8,624.6,107.2,590.2,330.4,,,1258.5,1614.7,690.1,1426.3,1402.9,,,528.2,1172.3,161.1,478.1,1337.2,,,,,,,,,,,,,,,,,336.9,123.6,100.9,750.7,413.4,,,335.6,190.1,83.6,375.3,509.4,,,88.8,160.8,48.6,417.4,182.0,,,24.7,16.1,10.8,91.7,48.2,,,1258.5,725.2,961.5,559.3,2139.5,,,629.2,494.6,296.1,232.5,1111.4,,,,,,,,,,,,,,,,,1337.2,2037.6,1945.0,2313.0,3169.6,,,1820.8,891.4,320.5,1172.3,2593.3,,,2139.5,1358.4,1402.9,4075.3,2760.7,,,2445.1,462.6,1240.3,2852.7,2852.7,,,2313.0,1820.8,4754.5,2951.0,4279.0,,,3890.0,2760.7,4075.3,2852.7,3890.0,,,,,,,,,,,,,,,,,27.1,158.4,32.8,91.1,22.4,,,64.2,192.3,53.5,457.6,149.0,,,528.2,467.6,668.6,1945.0,1097.2,,,45.6,45.3,286.2,383.7,80.9,,,563.0,1097.2,1901.8,1277.3,961.5,,,42.9,87.2,281.5,97.1,365.7,,,,,,,,,,,,,,,,,70.2,327.8,56.4,398.0,195.8,,,24.1,13.5,9.0,124.9,44.8,,,566.7,154.4,314.6,1043.6,891.4,,,26.2,22.5,122.0,234.4,50.4,,,995.1,586.1,1222.5,713.1,1240.3,,,180.5,116.7,486.2,58.1,643.4,,,,,,,,,,,,,,,,,2139.5,2037.6,1296.6,2445.1,3720.9,,,1945.0,1141.0,1528.2,1358.4,2852.7,,,2674.4,1746.5,3890.0,4075.3,5034.2,,,1083.3,1358.4,2194.4,1901.8,1860.4,,,2313.0,1475.5,2517.1,1584.8,2593.3,,,3890.0,4075.3,5348.8,2852.7,3169.6,,,,,,,,,,,,,,,,,750.7,1258.5,264.1,611.2,1528.2,,,750.7,785.1,434.4,346.4,1614.7,,,2593.3,1782.9,3056.4,2674.4,3423.2,,,102.8,225.8,684.6,202.3,701.4,,,441.1,231.9,1031.1,122.2,1111.4,,,2674.4,1945.0,3169.6,2037.6,2037.6,,,,,,,,,,,,,,,,,,,,,,,,,,,,,,,,,,,,,,,,,,,,,,,,,,,,,,,,,,,,,,,,,,,,,,,,,,,,,,,,,,,,,,,,,,,,,,,,,,,,,,,,,,,,,,,,,,,,,,,,,,,,,,,,
20260913_岐阜_3R,20260913,43,岐阜,3,2719.3,1079.7,992.1,1398.5,473.6,,,3671.1,2407.3,3415.0,4318.9,1411.9,,,1322.9,1748.1,1668.6,2823.9,528.2,,,1138.3,2068.2,1578.9,1687.8,176.2,,,1882.6,4318.9,3059.2,2879.3,1299.5,,,242.7,508.1,197.6,68.6,456.0,,,,,,,,,,,,,,,,,935.3,489.4,342.2,449.0,158.4,,,884.6,215.9,494.4,369.8,217.2,,,309.1,190.7,269.9,133.0,66.9,,,267.4,437.0,233.4,267.9,70.5,,,93.7,153.1,64.1,89.7,28.6,,,29.4,170.1,56.5,27.3,44.3,,,,,,,,,,,,,,,,,2531.8,1276.9,1687.8,3059.2,935.3,,,1411.9,344.7,843.9,789.4,464.7,,,444.9,200.3,232.3,446.3,80.9,,,1311.1,978.9,517.0,1907.0,423.1,,,2294.4,1411.9,1398.5,2996.8,1812.9,,,302.7,449.0,157.3,264.5,1034.1,,,,,,,,,,,,,,,,,1012.7,895.3,959.7,1385.3,310.4,,,535.9,290.2,360.7,363.4,179.5,,,232.7,135.4,148.9,336.8,70.5,,,564.7,469.1,339.9,1026.8,198.9,,,1041.4,571.3,695.9,858.7,483.0,,,93.1,134.9,111.8,97.8,389.5,,,,,,,,,,,,,,,,,649.7,1071.8,781.0,1087.7,135.4,,,456.0,589.7,374.6,502.8,126.4,,,1193.8,858.7,484.6,1347.2,380.4,,,638.4,511.6,410.1,1034.1,221.4,,,978.9,935.3,1385.3,929.4,502.8,,,26.7,56.9,145.6,70.0,187.3,,,,,,,,,,,,,,,,,1174.7,2719.3,2128.1,1907.0,1265.9,,,375.5,374.6,251.4,313.7,157.5,,,2936.9,1165.4,1359.6,2407.3,2039.5,,,1984.3,667.4,1453.9,1596.1,972.4,,,1649.9,798.0,2576.2,1453.9,772.8,,,578.1,376.5,1513.8,723.3,461.7,,,,,,,,,,,,,,,,,33.2,89.1,39.6,11.3,88.1,,,39.7,131.4,72.9,26.0,114.0,,,213.1,282.3,182.8,153.1,884.6,,,77.2,123.6,148.1,78.1,285.1,,,6.4,15.5,48.5,23.3,68.0,,,271.9,277.0,900.8,470.6,261.7,,,,,,,,,,,,,,,,,,,,,,,,,,,,,,,,,,,,,,,,,,,,,,,,,,,,,,,,,,,,,,,,,,,,,,,,,,,,,,,,,,,,,,,,,,,,,,,,,,,,,,,,,,,,,,,,,,,,,,,,,,,,,,,,
20260913_岐阜_4R,20260913,43,岐阜,4,526.1,506.5,1795.8,1508.9,190.9,,,635.3,416.2,801.8,1826.0,582.5,,,280.0,155.4,793.0,134.3,186.5,,,2936.4,2441.5,2649.9,2750.5,2526.6,,,2130.3,1906.0,441.6,1684.4,1278.2,,,109.1,236.1,181.2,749.2,674.8,,,,,,,,,,,,,,,,,418.6,539.1,1889.5,1508.9,161.1,,,379.8,351.0,514.9,810.8,80.8,,,646.7,567.3,1448.6,790.1,259.9,,,2897.2,1586.0,1993.5,4623.3,692.0,,,2859.1,2194.9,2151.4,4828.7,852.1,,,34.4,17.0,29.7,114.2,120.3,,,,,,,,,,,,,,,,,707.8,409.2,635.3,1766.6,482.8,,,587.2,422.7,486.1,1097.4,109.0,,,274.0,395.0,543.2,543.2,292.4,,,584.1,270.6,276.8,656.4,228.9,,,2109.6,2089.3,1597.7,2240.1,1975.4,,,277.8,83.1,166.8,156.6,784.4,,,,,,,,,,,,,,,,,187.1,71.4,605.2,78.2,127.2,,,375.2,352.1,1873.2,610.3,276.1,,,105.0,247.2,376.5,262.4,192.6,,,1795.8,2785.8,1752.3,1658.7,2750.5,,,171.7,637.2,325.7,1213.9,564.4,,,141.4,178.9,154.6,1044.6,285.9,,,,,,,,,,,,,,,,,6790.4,2441.5,4526.9,7492.9,2859.1,,,5432.3,2785.8,3880.2,7009.5,1766.6,,,1658.7,1213.9,1375.2,2049.9,953.0,,,4345.9,4938.5,2469.2,2556.4,5053.3,,,7009.5,6391.0,5718.2,6790.4,5432.3,,,2387.8,1468.2,1411.0,2716.1,4623.3,,,,,,,,,,,,,,,,,3621.5,3017.9,567.3,4345.9,2049.9,,,6790.4,3880.2,4828.7,6584.7,2649.9,,,4178.7,4023.9,2649.9,4938.5,3812.1,,,415.4,2130.3,1519.5,2897.2,1563.2,,,7243.1,5872.8,5718.2,5718.2,6790.4,,,2109.6,1889.5,3017.9,1752.3,4623.3,,,,,,,,,,,,,,,,,31.0,50.4,32.4,241.1,160.3,,,7.9,4.6,7.4,44.8,43.4,,,50.0,19.9,34.1,56.9,163.8,,,34.0,55.6,33.6,237.4,83.4,,,603.5,324.3,305.1,629.8,890.5,,,357.3,327.7,460.3,301.7,823.0,,,,,,,,,,,,,,,,,,,,,,,,,,,,,,,,,,,,,,,,,,,,,,,,,,,,,,,,,,,,,,,,,,,,,,,,,,,,,,,,,,,,,,,,,,,,,,,,,,,,,,,,,,,,,,,,,,,,,,,,,,,,,,,,
20260913_岐阜_5R,20260913,43,岐阜,5,990.7,688.3,1726.7,649.8,853.6,,,814.5,671.5,2014.5,332.7,1238.4,,,575.5,585.6,1642.2,355.5,737.0,,,2289.2,3052.3,2306.7,2014.5,3021.7,,,363.6,217.3,269.5,1264.3,759.2,,,1598.8,2650.6,1510.8,2797.9,1912.5,,,,,,,,,,,,,,,,,422.0,199.9,427.4,237.1,187.5,,,197.6,65.5,76.3,57.9,66.7,,,86.3,74.8,47.7,63.8,24.0,,,142.1,52.3,34.8,61.2,18.6,,,96.1,68.4,87.4,127.5,75.0,,,71.8,73.9,18.5,25.5,51.2,,,,,,,,,,,,,,,,,282.1,284.0,907.4,143.2,834.7,,,176.0,84.9,97.7,57.2,102.7,,,279.7,121.4,345.3,115.6,337.6,,,600.7,151.0,392.9,293.6,621.7,,,25.3,29.8,46.7,156.7,161.3,,,1157.7,434.1,581.1,1060.2,638.8,,,,,,,,,,,,,,,,,145.4,300.3,551.4,118.9,254.7,,,63.5,82.7,74.6,52.3,31.8,,,218.8,113.8,304.0,100.7,294.2,,,558.5,175.3,413.3,419.1,406.1,,,56.1,58.4,78.6,256.7,114.1,,,323.1,125.3,476.6,378.6,330.6,,,,,,,,,,,,,,,,,1337.0,2001.1,1853.8,1361.1,2255.0,,,366.7,157.0,130.2,163.7,76.8,,,1392.5,308.9,615.4,472.1,1034.8,,,1291.3,305.5,717.7,740.6,994.0,,,786.9,475.8,738.8,1010.6,1067.7,,,1820.3,353.0,1319.5,1024.3,1481.2,,,,,,,,,,,,,,,,,138.5,61.0,108.4,532.9,368.5,,,137.0,84.8,133.4,264.3,174.0,,,28.6,39.7,50.2,193.7,230.1,,,115.8,145.8,111.1,579.9,346.9,,,671.5,409.4,562.7,803.6,1185.0,,,722.9,507.0,651.2,799.4,1526.1,,,,,,,,,,,,,,,,,1459.8,2797.9,1425.3,2962.5,2255.0,,,449.6,471.4,135.6,228.7,342.6,,,2221.9,755.4,1495.9,1756.8,1598.8,,,702.7,239.8,1185.0,956.2,716.0,,,2824.1,448.3,2001.1,1373.5,2128.0,,,1373.5,956.2,1405.4,1157.7,1876.8,,,,,,,,,,,,,,,,,,,,,,,,,,,,,,,,,,,,,,,,,,,,,,,,,,,,,,,,,,,,,,,,,,,,,,,,,,,,,,,,,,,,,,,,,,,,,,,,,,,,,,,,,,,,,,,,,,,,,,,,,,,,,,,,
20260913_岐阜_6R,20260913,43,岐阜,6,2256.1,1594.5,1158.8,2754.2,4712.7,,,4001.4,8156.7,1656.8,8483.0,5731.7,,,2465.9,8483.0,1325.4,2905.1,5890.9,,,1472.7,1696.6,1493.4,1594.5,1683.1,,,3313.6,6841.1,2718.9,1618.8,9639.7,,,4931.9,7069.1,5890.9,1404.4,9220.6,,,,,,,,,,,,,,,,,718.8,204.5,309.1,343.1,1483.0,,,320.8,34.4,44.2,57.1,553.7,,,73.6,23.8,4.6,6.6,150.9,,,113.8,35.4,8.0,15.6,213.3,,,154.5,54.9,14.9,22.5,283.9,,,2209.1,1844.1,489.7,855.1,825.1,,,,,,,,,,,,,,,,,3927.3,9639.7,1570.9,8483.0,9639.7,,,1945.6,809.4,800.2,981.8,3213.2,,,8483.0,1178.1,1724.1,1752.6,7854.6,,,1696.6,1350.7,2409.9,4241.5,9639.7,,,4819.8,1432.9,2382.8,3534.5,5437.8,,,9999.9,7854.6,9639.7,9999.9,8836.4,,,,,,,,,,,,,,,,,543.7,2120.7,869.1,1087.5,2684.4,,,128.4,48.6,18.3,19.8,257.0,,,1514.8,224.8,500.1,434.5,1828.2,,,422.4,41.8,191.5,83.1,797.2,,,390.5,46.4,180.0,101.0,599.0,,,3262.6,1034.5,2209.1,1893.5,1738.3,,,,,,,,,,,,,,,,,1039.5,1559.3,1247.5,1325.4,1559.3,,,406.2,121.1,38.1,82.7,721.3,,,1368.2,547.9,1039.5,1504.0,4610.3,,,723.8,72.2,397.1,159.2,1504.0,,,977.3,165.5,702.2,247.7,1963.6,,,1570.9,3213.2,7069.1,3787.0,4418.2,,,,,,,,,,,,,,,,,1247.5,3927.3,1594.5,1395.2,7854.6,,,481.9,205.8,64.1,95.6,815.6,,,4001.4,570.0,744.1,1104.5,3855.9,,,771.1,83.7,414.2,174.2,1395.2,,,818.8,154.5,559.5,221.8,2039.1,,,8836.4,2827.6,5049.4,3073.5,4512.2,,,,,,,,,,,,,,,,,5731.7,6426.5,4931.9,1618.8,9999.9,,,6627.3,5731.7,4418.2,3073.5,6426.5,,,8836.4,9999.9,9999.9,9999.9,8483.0,,,5731.7,7854.6,9999.9,6426.5,7854.6,,,1570.9,7574.1,9999.9,9999.9,6841.1,,,9999.9,9999.9,6426.5,9999.9,6426.5,,,,,,,,,,,,,,,,,,,,,,,,,,,,,,,,,,,,,,,,,,,,,,,,,,,,,,,,,,,,,,,,,,,,,,,,,,,,,,,,,,,,,,,,,,,,,,,,,,,,,,,,,,,,,,,,,,,,,,,,,,,,,,,,
20260913_岐阜_7R,20260913,43,岐阜,7,968.3,654.1,2671.6,2771.8,1192.1,,,648.3,141.4,1377.3,1498.2,289.4,,,235.6,64.7,531.7,604.2,91.5,,,6521.9,3519.7,2548.8,5835.4,4619.7,,,8869.8,5279.6,2806.9,5408.4,3167.8,,,901.4,392.4,272.0,1550.6,2132.1,,,,,,,,,,,,,,,,,2956.6,1879.2,7919.5,9641.1,3758.4,,,2334.1,1385.9,3359.8,4619.7,3260.9,,,1225.1,989.9,2217.4,2491.5,1468.5,,,9641.1,9999.9,5039.7,4619.7,9999.9,,,9999.9,9239.4,9641.1,9999.9,9999.9,,,4619.7,4347.9,2548.8,7919.5,9999.9,,,,,,,,,,,,,,,,,307.5,114.5,635.3,1377.3,232.1,,,544.8,278.2,994.3,3411.4,1031.3,,,31.7,63.7,209.9,279.9,32.3,,,3309.6,4434.9,1618.5,5543.6,2436.7,,,2879.8,4927.7,1583.9,5039.7,3359.8,,,279.9,619.4,139.6,1385.9,1642.5,,,,,,,,,,,,,,,,,22.1,7.8,112.9,135.8,12.7,,,36.4,31.2,274.1,389.0,63.1,,,5.2,17.3,75.3,79.7,5.3,,,382.9,635.3,319.9,806.3,447.0,,,436.5,734.2,305.0,964.1,431.4,,,11.8,29.1,7.3,116.6,122.5,,,,,,,,,,,,,,,,,9999.9,3758.4,5543.6,9239.4,6521.9,,,9999.9,8869.8,4183.9,9999.9,7919.5,,,4525.4,6929.6,4927.7,9999.9,5039.7,,,4718.0,6719.6,4031.7,9999.9,6335.6,,,9999.9,9999.9,9999.9,9999.9,9999.9,,,5993.1,9641.1,7919.5,9999.9,9999.9,,,,,,,,,,,,,,,,,9999.9,5408.4,4525.4,9999.9,9999.9,,,9999.9,7919.5,9999.9,9999.9,9999.9,,,5039.7,7919.5,2996.5,9999.9,6929.6,,,4434.9,7919.5,2842.9,9239.4,4619.7,,,9641.1,9999.9,7646.4,9999.9,9641.1,,,9239.4,9999.9,8528.7,6719.6,9999.9,,,,,,,,,,,,,,,,,1773.9,746.6,452.5,4031.7,4927.7,,,4434.9,3309.6,2410.2,6521.9,9999.9,,,749.1,1879.2,356.5,4347.9,4434.9,,,220.4,715.3,210.3,1403.4,1518.8,,,6159.6,9999.9,7919.5,6929.6,9999.9,,,8869.8,9999.9,6159.6,6335.6,9999.9,,,,,,,,,,,,,,,,,,,,,,,,,,,,,,,,,,,,,,,,,,,,,,,,,,,,,,,,,,,,,,,,,,,,,,,,,,,,,,,,,,,,,,,,,,,,,,,,,,,,,,,,,,,,,,,,,,,,,,,,,,,,,,,,
20260913_岐阜_8R,20260913,43,岐阜,8,180.2,45.0,47.7,365.4,76.1,,,412.6,575.0,284.5,541.6,828.4,,,99.3,422.8,126.0,609.4,286.4,,,35.1,89.1,63.0,212.4,116.7,,,726.2,844.0,1012.1,494.8,1398.0,,,430.1,1135.4,549.5,434.3,1864.0,,,,,,,,,,,,,,,,,162.3,25.8,59.1,276.8,59.4,,,268.2,124.8,316.3,495.9,189.8,,,9.0,31.4,18.2,55.8,4.4,,,116.3,255.3,69.1,655.9,128.2,,,533.8,546.9,210.6,844.0,409.6,,,77.3,136.2,18.6,80.9,273.1,,,,,,,,,,,,,,,,,624.8,924.3,502.6,730.9,1331.4,,,628.3,340.4,584.0,535.1,413.4,,,810.4,330.4,932.0,673.7,901.9,,,714.6,679.8,994.1,1055.1,1848.6,,,531.3,349.5,445.5,609.4,793.1,,,2330.0,1080.5,1511.3,2282.4,1761.2,,,,,,,,,,,,,,,,,77.1,375.3,120.0,509.5,238.2,,,23.4,41.1,34.9,96.6,9.4,,,388.3,158.6,442.0,477.9,418.8,,,204.0,119.8,530.0,1101.8,429.3,,,894.7,331.3,498.1,1070.2,998.5,,,488.3,117.6,585.5,542.9,1433.8,,,,,,,,,,,,,,,,,88.6,218.4,131.6,428.5,237.7,,,190.2,570.6,194.8,1406.8,259.7,,,557.8,784.8,1021.3,1681.8,1644.7,,,269.8,237.2,1003.0,1833.4,801.7,,,779.3,1945.0,1775.2,2214.6,2796.0,,,716.9,782.1,2110.2,1278.1,3924.2,,,,,,,,,,,,,,,,,1196.1,916.7,1461.9,840.9,2761.5,,,1129.7,621.3,368.5,1501.2,964.1,,,654.0,367.8,522.6,782.1,1323.5,,,1424.7,427.6,807.5,1707.4,1945.0,,,912.9,2214.6,1481.3,2982.4,3241.7,,,4301.5,2904.9,3289.4,3289.4,4066.9,,,,,,,,,,,,,,,,,801.7,2431.3,1118.4,894.7,4220.4,,,669.7,924.3,181.7,763.4,2171.6,,,4142.2,2259.4,2330.0,3195.4,4862.6,,,1085.8,263.4,1694.5,1491.2,3064.1,,,1007.5,1532.0,2867.7,2171.6,4660.0,,,4759.1,4142.2,5592.0,4970.7,5455.6,,,,,,,,,,,,,,,,,,,,,,,,,,,,,,,,,,,,,,,,,,,,,,,,,,,,,,,,,,,,,,,,,,,,,,,,,,,,,,,,,,,,,,,,,,,,,,,,,,,,,,,,,,,,,,,,,,,,,,,,,,,,,,,,
20260913_岐阜_9R,20260913,43,岐阜,9,284.5,266.8,338.0,144.3,79.0,,,268.1,126.0,523.8,122.6,175.6,,,221.0,165.6,498.5,176.5,153.7,,,461.9,663.2,655.5,119.0,425.5,,,47.2,71.9,59.7,32.1,30.1,,,36.1,119.5,105.7,128.4,44.7,,,,,,,,,,,,,,,,,567.0,592.2,600.0,288.9,130.7,,,763.7,360.6,1532.5,865.7,362.3,,,630.0,454.5,1288.7,689.4,296.1,,,1035.7,2362.7,2291.1,1193.8,910.9,,,320.8,900.0,675.0,836.9,302.4,,,68.4,117.2,100.3,234.8,103.4,,,,,,,,,,,,,,,,,329.2,194.8,515.5,143.4,222.1,,,443.0,201.9,843.2,344.7,242.5,,,83.6,78.1,226.5,88.5,82.3,,,1059.9,1318.7,1008.1,875.7,1492.2,,,188.5,312.0,210.4,352.2,290.8,,,300.8,163.3,169.9,763.7,313.2,,,,,,,,,,,,,,,,,362.3,257.4,649.9,333.5,237.5,,,528.7,389.7,1045.2,697.9,303.2,,,114.9,120.8,302.0,156.4,106.9,,,1472.8,1829.2,1350.1,1193.8,1692.7,,,401.4,604.8,450.0,722.3,604.8,,,232.1,173.9,207.1,790.3,463.8,,,,,,,,,,,,,,,,,986.1,1281.4,1232.7,303.6,784.8,,,1705.4,2607.1,2100.2,1532.5,1175.2,,,2338.3,2984.5,2492.5,1922.2,3065.1,,,2314.5,2520.2,1643.6,1814.5,2984.5,,,231.2,756.0,1069.9,896.5,551.8,,,1163.2,1157.2,2338.3,2223.7,945.1,,,,,,,,,,,,,,,,,34.5,69.9,49.9,14.7,27.4,,,141.9,476.5,337.0,281.7,191.4,,,166.4,415.4,310.7,341.0,349.4,,,153.3,441.2,459.1,359.4,450.0,,,44.6,205.4,356.0,265.2,194.1,,,57.1,95.4,273.2,244.1,129.4,,,,,,,,,,,,,,,,,31.1,115.6,94.9,152.2,34.7,,,18.8,47.1,33.0,80.4,20.3,,,172.7,107.9,119.5,557.3,253.7,,,146.8,84.1,138.9,478.5,240.5,,,426.3,336.5,758.6,675.0,326.8,,,38.8,50.3,217.6,174.7,109.3,,,,,,,,,,,,,,,,,,,,,,,,,,,,,,,,,,,,,,,,,,,,,,,,,,,,,,,,,,,,,,,,,,,,,,,,,,,,,,,,,,,,,,,,,,,,,,,,,,,,,,,,,,,,,,,,,,,,,,,,,,,,,,,,
20260913_岐阜_10R,20260913,43,岐阜,10,2919.3,1798.3,1652.8,2775.1,895.5,,,3166.0,1857.7,1873.2,2775.1,1055.3,,,1605.6,1518.8,777.8,848.2,130.0,,,1640.7,1827.5,1035.8,1971.8,622.6,,,2470.2,2443.3,1583.0,2613.8,960.6,,,374.0,340.5,60.7,266.6,272.8,,,,,,,,,,,,,,,,,2443.3,1873.2,734.6,2247.8,526.4,,,2443.3,1954.6,769.8,2081.3,1508.6,,,1183.0,848.2,465.4,1921.2,356.2,,,405.0,395.0,356.2,1050.4,118.2,,,4683.0,4407.6,4322.8,3685.0,4407.6,,,206.7,510.8,166.1,123.0,881.5,,,,,,,,,,,,,,,,,5763.8,2997.1,2497.6,3405.8,1652.8,,,4087.0,2741.3,1060.3,3512.3,1921.2,,,2919.3,3079.2,1769.9,4322.8,990.2,,,1954.6,956.5,1561.0,2741.3,878.0,,,4162.7,5108.8,5915.4,5915.4,1971.8,,,805.6,1338.0,667.0,917.5,1362.3,,,,,,,,,,,,,,,,,874.6,1091.2,640.4,609.1,102.1,,,968.9,720.4,382.2,1937.8,282.0,,,1221.6,1989.2,1284.5,1628.9,675.0,,,629.6,513.2,881.5,1440.9,208.3,,,1827.5,3512.3,3875.6,2881.9,964.7,,,22.9,100.1,128.3,52.8,113.8,,,,,,,,,,,,,,,,,1026.4,1277.2,999.0,2161.4,501.7,,,439.8,275.1,269.8,881.5,121.6,,,845.0,424.9,429.8,1539.6,258.0,,,720.4,378.4,387.5,1550.2,164.9,,,3809.9,2845.4,4241.2,4587.5,2025.1,,,142.3,135.9,162.7,90.0,364.3,,,,,,,,,,,,,,,,,5763.8,5108.8,3405.8,6811.7,1702.9,,,5108.8,3685.0,4241.2,4241.2,5619.7,,,3746.4,4683.0,6422.5,7751.3,2081.3,,,4087.0,5915.4,6611.4,7024.6,2120.6,,,6422.5,5227.6,7751.3,4587.5,4014.0,,,1164.7,4322.8,1873.2,1413.7,3685.0,,,,,,,,,,,,,,,,,56.7,60.4,5.7,39.1,29.5,,,113.2,253.9,57.7,73.4,406.4,,,153.4,455.9,126.1,271.4,381.6,,,2.9,21.2,27.2,12.4,19.5,,,55.5,77.7,132.7,39.8,191.6,,,105.6,645.9,374.0,122.1,375.9,,,,,,,,,,,,,,,,,,,,,,,,,,,,,,,,,,,,,,,,,,,,,,,,,,,,,,,,,,,,,,,,,,,,,,,,,,,,,,,,,,,,,,,,,,,,,,,,,,,,,,,,,,,,,,,,,,,,,,,,,,,,,,,,
20260913_岐阜_11R,20260913,43,岐阜,11,2014.8,455.5,571.0,2649.1,1063.5,,,4029.6,1505.8,1444.9,3715.6,3109.8,,,230.1,805.9,142.2,372.5,288.9,,,392.4,869.6,247.4,754.8,375.4,,,3667.9,3109.8,764.9,1100.3,2577.5,,,1869.9,2445.3,794.7,819.7,2624.8,,,,,,,,,,,,,,,,,905.3,157.0,228.3,706.4,277.5,,,1368.9,1096.1,481.6,1362.3,469.7,,,41.3,271.1,52.3,441.5,86.0,,,61.3,72.7,23.5,196.9,5.1,,,1607.3,2466.4,1312.4,979.8,1032.8,,,309.3,150.6,193.1,54.2,515.5,,,,,,,,,,,,,,,,,6219.6,3866.2,1634.8,4849.2,3076.3,,,7152.5,2624.8,1430.5,4932.8,2487.8,,,3109.8,3214.6,2073.2,6811.9,2624.8,,,1589.4,1306.4,1682.9,4207.4,1079.6,,,4690.2,5019.3,6502.3,5609.8,7529.0,,,3973.6,3326.7,2949.5,1482.4,5722.0,,,,,,,,,,,,,,,,,68.7,288.4,49.4,141.4,96.1,,,63.6,307.3,64.5,509.0,139.0,,,1182.2,1260.3,779.5,2183.9,1091.9,,,70.5,42.4,231.8,387.6,59.3,,,944.2,1644.2,2531.8,1467.1,1766.0,,,398.4,335.8,632.9,235.2,1135.3,,,,,,,,,,,,,,,,,148.3,505.4,162.4,632.9,164.1,,,47.6,46.0,13.8,157.8,3.3,,,509.0,225.6,488.2,1083.7,242.0,,,86.2,33.0,202.6,457.7,53.4,,,1044.1,745.0,1051.8,1467.1,603.5,,,114.4,12.4,65.4,64.8,279.6,,,,,,,,,,,,,,,,,5298.2,5201.8,2554.4,1598.3,5108.9,,,5960.4,4146.4,3365.9,2699.0,5609.8,,,6219.6,5722.0,6653.5,6811.9,6502.3,,,2577.5,2861.0,5298.2,3667.9,4614.5,,,1529.9,2135.0,3365.9,3814.7,1682.9,,,8414.8,6811.9,7335.9,7152.5,3365.9,,,,,,,,,,,,,,,,,2073.2,2487.8,1182.2,861.7,4768.3,,,1497.9,598.5,764.9,173.6,1973.1,,,3814.7,1521.8,2777.7,969.8,3326.7,,,1282.9,1032.8,1744.5,566.5,4470.3,,,544.9,117.3,317.1,380.9,963.3,,,6978.1,6219.6,5501.9,7947.3,2466.4,,,,,,,,,,,,,,,,,,,,,,,,,,,,,,,,,,,,,,,,,,,,,,,,,,,,,,,,,,,,,,,,,,,,,,,,,,,,,,,,,,,,,,,,,,,,,,,,,,,,,,,,,,,,,,,,,,,,,,,,,,,,,,,,
20260913_岐阜_12R,20260913,43,岐阜,12,1124.5,961.8,1964.3,2078.3,1016.5,,,1039.1,470.2,322.4,465.0,265.4,,,923.7,611.7,1175.6,1172.6,424.0,,,1832.9,562.9,1258.2,1119.1,664.1,,,2586.4,1046.2,1639.2,1818.5,1333.9,,,437.5,141.3,159.4,309.9,352.1,,,,,,,,,,,,,,,,,885.0,629.9,1282.5,1546.7,900.5,,,505.4,136.9,185.9,208.5,474.0,,,231.6,93.1,248.4,283.7,207.0,,,1025.4,318.0,342.0,718.4,742.5,,,1743.6,650.2,770.7,1492.1,2216.9,,,560.9,438.3,333.4,875.1,1662.7,,,,,,,,,,,,,,,,,386.6,167.2,96.9,106.7,156.7,,,315.6,120.4,89.8,153.0,294.8,,,123.0,95.8,39.9,56.6,115.1,,,31.5,43.2,14.7,7.6,17.9,,,50.8,100.5,33.4,15.7,43.7,,,77.4,246.0,107.5,47.8,64.5,,,,,,,,,,,,,,,,,400.3,377.2,648.4,799.9,345.6,,,192.7,82.7,191.2,318.2,184.0,,,197.2,107.3,91.8,146.1,177.7,,,543.2,297.4,161.3,503.8,440.8,,,1075.1,625.7,371.5,740.1,1087.7,,,235.9,291.5,264.3,399.9,607.7,,,,,,,,,,,,,,,,,1058.0,329.2,629.9,809.6,467.4,,,927.4,305.0,421.7,999.0,651.1,,,94.6,113.0,44.0,25.4,55.1,,,562.2,389.2,141.4,487.4,435.5,,,805.4,946.2,160.3,560.9,636.0,,,332.7,628.2,139.8,399.2,494.7,,,,,,,,,,,,,,,,,2078.3,446.7,1415.0,1599.8,1389.7,,,2316.2,895.3,1241.4,2206.4,2351.3,,,217.0,412.7,132.1,67.6,193.2,,,1330.1,1166.8,277.1,978.0,1432.4,,,1166.8,1705.3,224.0,787.7,1092.8,,,1100.6,2304.7,354.5,1261.6,1181.6,,,,,,,,,,,,,,,,,177.2,34.6,48.8,122.6,115.5,,,333.4,286.4,231.8,808.2,1402.2,,,60.5,280.7,83.4,67.4,65.6,,,126.5,265.7,146.9,371.8,471.2,,,203.1,593.8,83.7,334.9,494.2,,,470.2,1599.8,216.4,632.5,701.1,,,,,,,,,,,,,,,,,,,,,,,,,,,,,,,,,,,,,,,,,,,,,,,,,,,,,,,,,,,,,,,,,,,,,,,,,,,,,,,,,,,,,,,,,,,,,,,,,,,,,,,,,,,,,,,,,,,,,,,,,,,,,,,,
20260913_佐世保_1R,20260913,85,佐世保,1,237.4,53.7,148.3,70.6,30.7,,,344.1,341.5,152.9,361.0,261.4,,,21.0,92.4,43.2,21.5,17.3,,,165.6,92.0,133.9,160.7,143.2,,,60.0,206.8,63.4,144.6,57.9,,,30.8,252.4,46.7,120.3,71.4,,,,,,,,,,,,,,,,,396.8,112.6,258.3,175.1,81.4,,,667.4,889.9,217.5,521.3,214.8,,,136.6,473.6,365.5,222.4,137.8,,,263.0,192.3,444.9,346.8,138.9,,,212.3,384.7,271.1,325.1,95.5,,,44.2,70.3,64.4,63.4,43.9,,,,,,,,,,,,,,,,,772.8,908.3,308.0,808.3,595.3,,,908.3,1662.4,293.6,716.3,329.9,,,1223.7,2202.6,855.4,1601.9,1444.3,,,184.3,149.0,449.5,135.1,137.6,,,643.1,611.8,1144.2,222.4,500.6,,,572.1,309.1,1074.4,241.3,438.3,,,,,,,,,,,,,,,,,73.3,188.2,145.3,55.3,52.6,,,154.8,476.2,524.4,312.4,171.0,,,716.3,1223.7,855.4,1012.7,881.0,,,370.2,889.9,710.5,688.3,629.3,,,177.6,413.6,620.4,616.1,326.3,,,136.1,242.0,657.5,629.3,361.0,,,,,,,,,,,,,,,,,291.7,179.8,192.7,303.8,236.2,,,264.5,207.8,550.6,384.7,139.6,,,128.6,109.0,284.2,103.7,93.2,,,359.6,722.1,662.4,587.3,616.1,,,310.2,374.9,203.4,561.1,300.7,,,398.6,202.5,208.7,575.8,332.4,,,,,,,,,,,,,,,,,88.4,180.5,55.1,161.9,86.1,,,124.4,233.0,172.7,234.9,71.7,,,373.3,402.3,419.5,159.9,269.4,,,92.0,169.1,256.8,322.7,161.0,,,197.1,263.0,172.7,378.1,165.9,,,129.9,86.2,254.6,188.6,202.5,,,,,,,,,,,,,,,,,83.6,419.5,126.4,302.7,236.2,,,54.9,148.8,79.7,143.7,69.7,,,710.5,351.0,1024.5,349.6,595.3,,,183.5,208.2,899.0,672.5,417.5,,,413.6,263.7,368.6,620.4,386.4,,,276.1,124.4,398.6,358.1,371.7,,,,,,,,,,,,,,,,,,,,,,,,,,,,,,,,,,,,,,,,,,,,,,,,,,,,,,,,,,,,,,,,,,,,,,,,,,,,,,,,,,,,,,,,,,,,,,,,,,,,,,,,,,,,,,,,,,,,,,,,,,,,,,,,
20260913_佐世保_2R,20260913,85,佐世保,2,349.1,531.1,177.3,792.4,464.4,,,195.4,557.8,56.0,339.6,470.9,,,1073.6,1783.0,713.2,1349.3,1636.8,,,61.3,30.6,190.1,181.5,120.0,,,1349.3,1161.0,1512.8,839.0,3328.3,,,612.5,1040.1,1174.7,328.4,2170.6,,,,,,,,,,,,,,,,,328.4,320.0,183.5,688.6,283.6,,,381.1,152.4,162.3,631.9,249.0,,,140.8,101.1,50.8,92.6,26.6,,,63.5,61.1,24.1,159.7,33.3,,,860.7,988.6,246.5,608.8,419.5,,,122.9,116.3,16.7,36.7,196.9,,,,,,,,,,,,,,,,,328.4,805.2,83.4,489.4,774.0,,,590.8,536.8,267.6,924.5,750.7,,,2170.6,1692.3,1296.7,1584.9,1920.2,,,83.1,184.2,531.1,412.6,399.4,,,1121.9,1584.9,1997.0,1174.7,1783.0,,,1040.1,756.4,1512.8,514.6,1512.8,,,,,,,,,,,,,,,,,1248.1,3328.3,1203.0,1692.3,1957.8,,,644.1,1203.0,564.1,860.7,512.0,,,2936.7,1447.1,1692.3,4160.4,2170.6,,,1349.3,780.0,2377.3,2852.8,1426.4,,,2170.6,1447.1,3443.1,3328.3,2124.4,,,1783.0,883.6,1849.0,1721.5,1883.9,,,,,,,,,,,,,,,,,18.1,7.9,72.3,111.9,35.3,,,25.2,29.5,17.8,82.9,9.6,,,27.1,55.4,166.4,156.5,96.3,,,319.0,164.4,266.2,402.6,269.8,,,309.1,349.1,292.8,419.5,382.5,,,60.6,26.2,74.7,128.5,179.5,,,,,,,,,,,,,,,,,1636.8,1447.1,2322.1,1447.1,3120.3,,,1468.3,1815.4,924.5,1029.3,1468.3,,,1721.5,2322.1,2698.6,1883.9,2773.6,,,2377.3,1610.4,3994.0,3220.9,2773.6,,,1008.5,1062.2,1217.6,2080.2,941.9,,,2435.3,1692.3,2322.1,2852.8,988.6,,,,,,,,,,,,,,,,,514.6,624.0,1008.5,375.3,1692.3,,,218.0,269.8,105.2,89.8,466.5,,,1062.2,656.9,1468.3,570.5,1783.0,,,1349.3,635.9,1248.1,1040.1,1217.6,,,127.0,98.4,208.8,390.0,365.7,,,1997.0,1313.8,899.5,1610.4,846.1,,,,,,,,,,,,,,,,,,,,,,,,,,,,,,,,,,,,,,,,,,,,,,,,,,,,,,,,,,,,,,,,,,,,,,,,,,,,,,,,,,,,,,,,,,,,,,,,,,,,,,,,,,,,,,,,,,,,,,,,,,,,,,,,
20260913_佐世保_3R,20260913,85,佐世保,3,1432.7,573.6,840.4,850.8,1706.8,,,1783.9,1425.3,2194.5,1494.6,1607.6,,,611.7,1329.3,1292.1,950.2,1626.5,,,1580.0,2633.4,1831.2,1527.7,3331.5,,,543.2,1016.5,677.7,778.9,866.8,,,2003.7,1665.7,2248.0,1975.1,1544.7,,,,,,,,,,,,,,,,,912.5,282.1,496.4,550.8,1114.9,,,544.3,70.4,183.4,339.2,317.8,,,55.6,24.7,6.2,27.6,73.0,,,192.5,166.1,26.2,128.7,297.0,,,365.2,381.3,97.3,187.5,564.3,,,1418.0,743.3,388.3,790.0,1101.6,,,,,,,,,,,,,,,,,1084.3,906.6,1580.0,1080.1,1027.9,,,523.7,86.8,171.6,377.2,226.0,,,338.0,68.6,194.8,235.5,151.9,,,1212.7,485.9,445.2,880.6,656.8,,,799.1,480.0,413.3,781.1,487.6,,,319.6,185.4,216.0,490.2,267.6,,,,,,,,,,,,,,,,,176.1,440.3,308.6,438.2,681.0,,,34.1,18.4,3.5,28.0,49.9,,,178.9,34.7,101.4,117.7,80.9,,,208.0,29.6,216.8,230.0,420.2,,,218.9,63.4,140.0,148.6,202.5,,,408.4,221.7,262.0,418.3,346.9,,,,,,,,,,,,,,,,,1470.8,3038.6,1843.4,1645.9,3686.8,,,545.3,785.5,126.8,413.9,1031.7,,,2737.7,1147.3,927.9,1772.5,3413.7,,,1016.5,159.2,714.5,611.7,1218.1,,,1396.5,669.5,1881.0,787.7,1933.6,,,4320.5,2323.6,3840.4,2658.7,2850.6,,,,,,,,,,,,,,,,,147.4,352.6,196.8,210.9,326.8,,,132.3,220.5,59.8,78.7,275.1,,,439.6,224.8,212.2,347.3,288.6,,,256.0,63.5,157.1,157.4,326.8,,,451.8,220.6,603.7,301.8,635.6,,,398.4,425.4,332.7,564.3,621.3,,,,,,,,,,,,,,,,,2285.2,1463.0,2229.9,3840.4,1819.1,,,2404.4,1133.2,1088.6,1536.1,1989.3,,,634.2,525.6,527.6,1161.8,468.6,,,1961.0,994.6,897.7,2343.3,1527.7,,,4389.1,2468.8,3178.3,3331.5,2941.6,,,1375.6,1494.6,830.3,1310.4,1831.2,,,,,,,,,,,,,,,,,,,,,,,,,,,,,,,,,,,,,,,,,,,,,,,,,,,,,,,,,,,,,,,,,,,,,,,,,,,,,,,,,,,,,,,,,,,,,,,,,,,,,,,,,,,,,,,,,,,,,,,,,,,,,,,,
20260913_佐世保_4R,20260913,85,佐世保,4,202.2,289.1,605.2,553.6,124.7,,,218.5,460.8,384.2,453.6,113.6,,,301.0,462.6,746.4,1002.6,183.2,,,1033.7,516.8,1033.7,1460.1,368.4,,,1117.8,1134.1,2014.0,2654.8,429.4,,,29.9,28.3,55.3,81.3,76.8,,,,,,,,,,,,,,,,,139.4,162.0,516.8,426.3,117.1,,,148.8,79.0,133.2,112.6,108.8,,,63.2,39.3,150.2,113.3,51.5,,,568.4,194.3,341.0,628.0,475.8,,,551.0,367.9,434.2,1174.0,534.6,,,77.7,75.7,88.8,280.4,285.2,,,,,,,,,,,,,,,,,233.1,412.0,210.8,423.2,129.5,,,195.5,143.6,126.2,176.0,133.4,,,451.8,158.9,277.7,445.8,317.4,,,130.1,86.3,148.8,129.3,89.1,,,643.6,372.6,691.2,288.0,592.9,,,59.4,87.3,151.4,81.5,171.7,,,,,,,,,,,,,,,,,276.8,492.8,852.6,1061.9,242.8,,,114.0,63.3,242.6,188.2,71.5,,,505.6,152.3,485.7,485.7,237.1,,,1071.6,789.2,548.4,1589.3,977.5,,,1730.5,763.4,945.8,2383.9,1611.2,,,170.2,135.9,176.9,602.1,862.0,,,,,,,,,,,,,,,,,1236.1,508.9,1366.2,1537.0,697.3,,,1047.6,343.5,631.4,1262.8,843.4,,,227.2,182.8,351.3,303.0,190.8,,,1305.1,730.0,675.2,2204.0,1276.6,,,3157.1,2595.8,1052.3,2716.6,2225.0,,,462.6,640.0,341.0,783.9,1442.1,,,,,,,,,,,,,,,,,2408.5,1899.4,2884.2,3486.9,794.6,,,1229.6,969.4,1433.3,2781.2,1210.5,,,1979.8,1717.8,2408.5,1611.2,1730.5,,,2957.3,1797.1,2957.3,3115.0,2654.8,,,2995.2,3385.9,1656.9,2567.3,3074.0,,,858.9,2268.2,1656.9,2485.4,2595.8,,,,,,,,,,,,,,,,,11.7,9.5,26.2,42.1,46.6,,,33.4,32.6,49.4,138.0,166.5,,,24.2,30.1,54.7,38.6,60.1,,,96.3,58.0,86.1,260.4,459.8,,,196.1,261.3,62.1,375.6,558.9,,,332.8,687.1,481.7,1057.1,1011.3,,,,,,,,,,,,,,,,,,,,,,,,,,,,,,,,,,,,,,,,,,,,,,,,,,,,,,,,,,,,,,,,,,,,,,,,,,,,,,,,,,,,,,,,,,,,,,,,,,,,,,,,,,,,,,,,,,,,,,,,,,,,,,,,
20260913_佐世保_5R,20260913,85,佐世保,5,71.9,19.8,66.1,293.3,127.0,,,115.0,45.1,153.7,457.9,119.4,,,9.4,13.4,26.6,137.9,38.0,,,225.9,214.8,125.4,579.7,377.2,,,1355.9,1070.5,531.7,1516.0,1921.8,,,227.8,153.4,108.9,284.8,816.3,,,,,,,,,,,,,,,,,84.9,23.6,52.7,284.4,148.9,,,137.4,150.8,119.1,363.2,171.4,,,40.2,103.5,73.6,322.0,193.5,,,60.1,116.1,84.1,85.4,201.3,,,1004.4,877.9,1079.9,451.9,1156.7,,,303.5,273.9,320.3,351.6,835.8,,,,,,,,,,,,,,,,,142.5,68.4,261.8,494.0,116.1,,,141.0,120.8,107.5,388.6,121.4,,,67.1,104.1,314.9,699.3,123.3,,,595.3,329.8,772.3,938.7,590.9,,,1863.1,1660.3,2742.4,1968.3,1386.8,,,88.6,88.1,97.9,211.6,568.9,,,,,,,,,,,,,,,,,11.4,15.7,36.3,178.2,42.2,,,29.6,58.0,54.6,317.3,180.9,,,45.4,55.1,225.1,553.4,90.9,,,189.7,213.7,355.2,553.4,691.4,,,917.5,1544.7,1564.5,1694.9,2239.2,,,200.0,295.1,120.9,670.5,1574.6,,,,,,,,,,,,,,,,,513.8,859.4,520.4,1694.9,1564.5,,,250.3,318.2,345.2,253.9,497.1,,,1089.6,590.9,1378.9,1743.4,1333.7,,,585.3,691.4,1461.5,1452.8,1968.3,,,1921.8,874.8,1849.0,2179.2,1937.1,,,1863.1,784.8,1371.2,2033.9,1660.3,,,,,,,,,,,,,,,,,3437.7,2742.4,2017.1,3537.3,4136.8,,,3589.3,2302.6,3486.8,1595.2,2490.5,,,2624.4,3537.3,3936.7,3813.7,3129.1,,,2281.0,3813.7,3437.7,4001.2,3813.7,,,2838.1,1781.5,3698.1,3537.3,3254.3,,,7627.4,5306.0,4208.2,6101.9,4785.8,,,,,,,,,,,,,,,,,385.5,250.3,256.9,693.4,1394.7,,,425.9,442.1,507.4,419.3,1535.0,,,168.0,233.7,205.2,306.6,635.6,,,269.4,499.1,347.6,802.8,1807.9,,,1184.8,697.3,900.6,1312.2,1371.2,,,4067.9,3254.3,2198.8,3211.5,3089.5,,,,,,,,,,,,,,,,,,,,,,,,,,,,,,,,,,,,,,,,,,,,,,,,,,,,,,,,,,,,,,,,,,,,,,,,,,,,,,,,,,,,,,,,,,,,,,,,,,,,,,,,,,,,,,,,,,,,,,,,,,,,,,,,
20260913_佐世保_6R,20260913,85,佐世保,6,195.2,313.1,192.9,,,,,122.0,113.7,65.2,,,,,232.2,128.2,169.1,,,,,108.3,64.8,126.8,,,,,,,,,,,,,,,,,,,,,,,,,,,,,,,,,198.4,370.9,182.5,,,,,127.4,221.9,46.4,,,,,456.6,453.9,260.5,,,,,43.5,24.8,62.5,,,,,,,,,,,,,,,,,,,,,,,,,,,,,,,,,71.9,92.9,36.0,,,,,59.5,151.2,25.4,,,,,173.6,210.1,101.2,,,,,21.4,15.7,59.6,,,,,,,,,,,,,,,,,,,,,,,,,,,,,,,,,296.5,154.9,164.8,,,,,446.0,548.4,339.1,,,,,333.7,545.8,213.0,,,,,160.4,238.0,176.4,,,,,,,,,,,,,,,,,,,,,,,,,,,,,,,,,32.2,20.9,34.8,,,,,8.8,4.9,13.7,,,,,12.8,8.2,48.1,,,,,24.5,51.1,62.7,,,,,,,,,,,,,,,,,,,,,,,,,,,,,,,,,,,,,,,,,,,,,,,,,,,,,,,,,,,,,,,,,,,,,,,,,,,,,,,,,,,,,,,,,,,,,,,,,,,,,,,,,,,,,,,,,,,,,,,,,,,,,,,,,,,,,,,,,,,,,,,,,,,,,,,,,,,,,,,,,,,,,,,,,,,,,,,,,,,,,,,,,,,,,,,,,,,,,,,,,,,,,,,,,,,,,,,,,,,,,,,,,,,,,,,,,,,,,,,,,,,,,,,,,,,,,,,,
20260913_佐世保_7R,20260913,85,佐世保,7,49.0,41.6,109.3,160.3,,,,28.8,32.7,117.5,51.8,,,,33.5,22.8,93.7,84.7,,,,449.4,508.2,463.8,826.0,,,,340.1,183.2,258.6,613.7,,,,,,,,,,,,,,,,,,,,,,,,,67.9,45.3,111.4,191.1,,,,139.4,119.9,188.5,344.6,,,,14.3,35.3,7.8,49.2,,,,166.8,167.5,33.8,271.0,,,,490.0,553.6,247.5,449.4,,,,,,,,,,,,,,,,,,,,,,,,,72.4,78.3,140.9,105.9,,,,165.5,152.8,210.1,415.0,,,,100.3,110.3,190.7,334.4,,,,423.7,396.0,390.1,1000.8,,,,327.3,582.1,647.2,903.5,,,,,,,,,,,,,,,,,,,,,,,,,34.0,15.7,59.0,65.5,,,,16.9,28.5,7.1,57.9,,,,58.9,77.7,108.9,147.7,,,,146.4,46.8,168.6,233.7,,,,140.9,157.8,188.1,303.6,,,,,,,,,,,,,,,,,,,,,,,,,873.1,1348.2,926.0,1486.9,,,,563.2,523.5,123.0,882.0,,,,1414.1,900.3,985.6,1636.5,,,,507.2,129.5,526.7,648.9,,,,2017.1,1845.4,2065.1,1646.9,,,,,,,,,,,,,,,,,,,,,,,,,300.8,158.3,141.8,404.0,,,,468.8,533.2,262.3,590.0,,,,364.9,637.7,480.9,828.6,,,,111.6,172.3,172.8,281.3,,,,1193.6,1172.1,1221.6,909.8,,,,,,,,,,,,,,,,,,,,,,,,,,,,,,,,,,,,,,,,,,,,,,,,,,,,,,,,,,,,,,,,,,,,,,,,,,,,,,,,,,,,,,,,,,,,,,,,,,,,,,,,,,,,,,,,,,,,,,,,,,,,,,,,,,,,,,,,,,,,,,,,,,,,,,,,,,,,,,,,,,,,,,,,,,,,,,,,,,,,,,,,,,,,,,,,
20260913_佐世保_8R,20260913,85,佐世保,8,432.0,332.2,341.2,747.5,950.5,,,584.9,982.0,471.8,872.5,614.6,,,638.2,1000.5,680.6,1503.6,1209.7,,,275.2,290.8,339.0,317.9,445.7,,,1031.5,1073.1,1324.0,635.1,1279.5,,,1357.8,887.1,1324.0,974.8,1538.3,,,,,,,,,,,,,,,,,207.5,147.2,260.4,333.0,313.1,,,100.9,33.9,68.6,83.2,32.9,,,67.3,32.4,67.5,52.1,46.6,,,146.5,121.6,96.7,245.9,170.4,,,261.6,166.2,132.2,371.7,199.0,,,222.8,54.4,81.4,187.2,127.2,,,,,,,,,,,,,,,,,246.6,339.9,153.9,274.9,164.9,,,94.7,27.4,42.4,68.9,21.3,,,273.2,67.8,207.4,228.2,86.4,,,59.4,61.9,135.3,197.1,54.6,,,351.5,128.6,249.4,283.1,96.0,,,48.4,15.8,26.0,25.5,26.4,,,,,,,,,,,,,,,,,743.4,1132.5,1142.2,1371.8,1357.8,,,211.2,110.6,181.6,182.6,150.1,,,773.6,183.9,747.5,721.2,327.7,,,927.3,442.0,950.5,1478.5,1232.1,,,1249.4,454.9,957.3,1565.5,978.4,,,1249.4,487.4,496.5,1304.6,974.8,,,,,,,,,,,,,,,,,120.2,86.0,91.3,177.1,123.0,,,184.3,158.5,118.7,464.4,259.3,,,91.2,119.8,186.5,411.3,76.1,,,326.1,248.9,425.8,1099.7,623.2,,,403.2,657.1,554.4,799.2,747.5,,,351.5,459.6,199.5,590.1,632.1,,,,,,,,,,,,,,,,,239.3,455.7,400.8,448.0,587.5,,,198.1,130.3,89.5,286.4,158.1,,,340.3,106.2,170.9,291.8,102.3,,,497.4,160.6,272.9,604.8,270.4,,,379.1,356.7,409.4,563.8,540.9,,,501.2,251.5,158.9,323.3,492.8,,,,,,,,,,,,,,,,,920.9,426.5,1027.5,1031.5,1113.5,,,542.0,87.7,247.8,341.6,357.7,,,120.3,45.7,73.5,87.9,59.1,,,861.3,396.6,263.5,762.5,670.3,,,778.1,499.3,232.8,787.4,766.9,,,745.4,359.1,148.5,556.7,675.4,,,,,,,,,,,,,,,,,,,,,,,,,,,,,,,,,,,,,,,,,,,,,,,,,,,,,,,,,,,,,,,,,,,,,,,,,,,,,,,,,,,,,,,,,,,,,,,,,,,,,,,,,,,,,,,,,,,,,,,,,,,,,,,,
20260913_佐世保_9R,20260913,85,佐世保,9,77.0,57.5,24.8,161.2,33.1,,,162.0,204.3,76.7,155.3,234.8,,,150.8,295.0,90.3,389.1,216.0,,,10.6,30.9,18.3,64.1,20.5,,,485.9,312.4,485.0,233.9,646.6,,,64.9,194.1,173.7,51.6,357.5,,,,,,,,,,,,,,,,,96.2,68.9,38.0,216.6,28.5,,,139.8,152.8,238.7,201.3,77.1,,,102.8,194.1,121.4,270.5,52.8,,,82.5,230.2,158.2,397.4,78.7,,,516.8,336.7,509.7,567.6,216.6,,,23.7,31.4,27.5,37.4,83.3,,,,,,,,,,,,,,,,,287.8,457.6,148.2,218.2,370.3,,,190.7,201.5,322.1,219.1,155.9,,,771.4,562.6,869.4,461.7,928.4,,,258.9,518.8,593.5,390.3,716.1,,,142.6,159.1,160.0,179.6,257.8,,,452.1,225.8,663.1,710.2,375.1,,,,,,,,,,,,,,,,,374.5,884.2,235.9,896.4,559.0,,,362.0,634.0,410.6,702.6,268.8,,,1087.7,849.5,1312.9,822.6,1444.2,,,355.6,724.1,1083.1,1031.5,884.2,,,1436.2,1120.5,852.3,1405.2,1566.0,,,764.5,419.9,1485.5,764.5,1468.7,,,,,,,,,,,,,,,,,37.0,75.1,53.3,120.5,55.0,,,95.3,456.8,294.7,696.9,203.8,,,183.7,634.0,566.3,546.1,857.9,,,159.7,529.4,792.5,1150.2,676.9,,,362.5,1428.3,841.3,1655.8,2096.4,,,131.6,225.2,744.8,580.2,1027.5,,,,,,,,,,,,,,,,,912.1,498.0,1346.9,605.9,1614.6,,,980.9,512.7,1019.4,1326.3,780.6,,,278.9,275.0,274.8,339.3,458.4,,,1420.5,890.2,603.1,1614.6,1655.8,,,866.5,1237.9,740.6,1624.7,2342.0,,,1817.9,1065.4,884.2,2030.9,2280.3,,,,,,,,,,,,,,,,,118.7,312.4,426.1,115.2,825.2,,,41.5,62.6,59.4,67.6,162.9,,,404.9,207.8,673.4,575.1,347.0,,,646.6,293.7,1039.8,783.0,1187.0,,,194.0,245.9,589.4,658.1,1125.3,,,1390.1,668.2,820.0,1556.6,1984.4,,,,,,,,,,,,,,,,,,,,,,,,,,,,,,,,,,,,,,,,,,,,,,,,,,,,,,,,,,,,,,,,,,,,,,,,,,,,,,,,,,,,,,,,,,,,,,,,,,,,,,,,,,,,,,,,,,,,,,,,,,,,,,,,
20260913_佐世保_10R,20260913,85,佐世保,10,708.0,232.6,205.1,330.9,943.3,,,1603.2,1921.9,1204.0,1333.7,2455.8,,,282.3,1056.0,651.4,452.3,1041.8,,,896.9,1305.6,1059.7,1257.8,1412.9,,,143.6,537.2,366.1,318.0,96.8,,,1768.1,2226.1,2226.1,1141.8,810.0,,,,,,,,,,,,,,,,,447.1,149.3,218.3,270.9,675.6,,,452.3,59.9,87.9,202.1,426.2,,,46.6,18.9,3.5,14.1,73.0,,,157.9,46.5,12.5,53.6,120.8,,,212.9,139.9,49.8,68.0,154.3,,,1227.9,666.8,332.7,342.2,533.5,,,,,,,,,,,,,,,,,1502.1,1620.0,1129.3,1381.3,2787.6,,,793.4,127.3,175.0,272.8,696.9,,,1007.9,192.3,398.7,379.2,932.0,,,1252.7,540.0,838.5,1357.1,2009.3,,,850.0,537.2,747.4,929.2,616.4,,,2762.7,1412.9,1738.3,1933.9,1113.0,,,,,,,,,,,,,,,,,199.5,542.8,427.9,223.5,664.0,,,73.6,34.8,6.8,25.4,97.7,,,502.3,112.5,246.1,231.4,459.7,,,467.4,77.1,287.8,340.7,597.3,,,213.9,93.8,234.7,273.5,163.6,,,1294.7,480.4,902.1,764.0,408.7,,,,,,,,,,,,,,,,,1294.7,1700.1,1357.1,1681.7,1719.0,,,716.2,384.8,133.3,553.5,1034.8,,,1788.6,810.0,1242.7,2326.5,2975.3,,,1294.7,207.1,940.5,1137.6,2210.2,,,1570.7,1078.1,1898.3,1502.1,2022.4,,,1910.0,2891.9,3867.9,3683.7,3516.2,,,,,,,,,,,,,,,,,188.5,384.8,313.5,422.7,101.1,,,233.8,201.9,100.8,121.6,111.5,,,668.3,325.0,616.4,634.0,235.8,,,334.5,135.5,346.8,428.5,244.4,,,783.3,566.7,943.3,834.0,408.7,,,160.9,81.8,98.7,241.5,165.9,,,,,,,,,,,,,,,,,2946.9,3125.5,3400.3,1690.8,1333.7,,,2714.3,1432.5,1262.9,1213.4,976.1,,,4181.5,2022.4,2838.8,2865.1,1268.1,,,3004.2,1586.8,2714.3,2738.3,1531.8,,,1910.0,2838.8,3257.1,3476.7,3033.6,,,762.1,459.1,463.9,970.0,918.2,,,,,,,,,,,,,,,,,,,,,,,,,,,,,,,,,,,,,,,,,,,,,,,,,,,,,,,,,,,,,,,,,,,,,,,,,,,,,,,,,,,,,,,,,,,,,,,,,,,,,,,,,,,,,,,,,,,,,,,,,,,,,,,,
20260913_佐世保_11R,20260913,85,佐世保,11,554.6,262.6,795.1,940.0,205.5,,,1143.5,541.0,786.6,1625.2,605.2,,,123.8,160.0,210.0,45.4,52.9,,,968.7,521.9,434.1,1562.2,672.2,,,1242.8,1297.3,339.7,2035.2,706.5,,,161.5,339.2,111.0,484.3,315.3,,,,,,,,,,,,,,,,,709.8,230.1,758.4,890.9,206.9,,,992.5,669.2,576.2,1274.9,369.4,,,132.3,271.6,331.6,155.4,71.5,,,672.2,424.1,435.8,1095.5,240.4,,,1278.6,1556.7,727.3,1912.4,494.0,,,79.3,83.3,32.9,97.8,115.2,,,,,,,,,,,,,,,,,1445.2,786.6,707.6,2007.6,853.2,,,1222.2,823.1,605.2,1643.2,578.4,,,566.6,743.1,331.3,573.2,379.5,,,326.9,299.3,160.8,411.9,145.5,,,2672.7,2773.0,1498.9,1417.5,1760.6,,,683.6,443.6,406.3,324.5,983.7,,,,,,,,,,,,,,,,,52.8,66.0,77.7,11.9,21.1,,,75.6,188.8,236.7,82.5,48.1,,,165.9,282.2,209.2,133.3,127.6,,,155.7,292.6,130.4,125.7,138.6,,,24.1,90.8,67.6,96.2,28.1,,,37.6,41.3,73.9,112.3,29.1,,,,,,,,,,,,,,,,,712.1,422.9,280.1,1143.5,456.4,,,476.5,295.5,293.4,619.6,188.8,,,169.4,111.0,43.8,149.3,45.8,,,197.8,188.8,78.0,122.2,94.0,,,1369.3,1404.0,642.0,505.3,777.0,,,327.9,112.0,90.3,108.5,267.6,,,,,,,,,,,,,,,,,2656.7,2997.8,501.3,3549.4,1803.5,,,2721.9,3549.4,954.1,3549.4,1149.4,,,4108.1,3926.3,1271.2,3102.6,2705.3,,,242.8,378.5,365.7,461.2,237.3,,,3858.1,3607.1,2721.9,1034.2,2240.8,,,1896.0,1029.4,1937.4,584.5,2122.8,,,,,,,,,,,,,,,,,85.7,241.1,92.0,368.8,440.5,,,45.5,42.8,18.9,57.7,122.5,,,295.3,125.5,203.0,215.1,531.9,,,54.5,32.2,118.5,125.1,96.7,,,370.0,97.8,152.9,193.6,489.7,,,808.1,264.2,820.1,323.3,922.4,,,,,,,,,,,,,,,,,,,,,,,,,,,,,,,,,,,,,,,,,,,,,,,,,,,,,,,,,,,,,,,,,,,,,,,,,,,,,,,,,,,,,,,,,,,,,,,,,,,,,,,,,,,,,,,,,,,,,,,,,,,,,,,,
20260913_佐世保_12R,20260913,85,佐世保,12,72.9,121.0,106.1,140.1,38.3,,,62.6,48.4,103.6,204.5,26.4,,,160.8,67.7,226.1,432.2,56.3,,,173.1,181.5,309.1,214.4,70.0,,,357.5,525.6,706.4,274.4,219.1,,,9.5,5.9,16.7,11.3,31.7,,,,,,,,,,,,,,,,,148.8,209.4,186.7,210.5,70.8,,,224.5,275.0,435.6,521.1,352.4,,,323.3,302.1,677.0,708.4,534.8,,,287.5,486.8,650.0,161.3,401.0,,,208.6,380.4,641.5,73.7,341.6,,,135.6,434.1,451.3,453.4,521.7,,,,,,,,,,,,,,,,,153.3,81.5,290.9,512.9,74.5,,,291.3,335.5,617.9,885.5,476.9,,,73.5,176.3,267.8,398.7,144.4,,,504.4,1033.4,606.4,1256.6,664.1,,,1007.9,1608.0,804.0,1425.1,1581.9,,,148.4,556.1,303.2,569.0,1175.0,,,,,,,,,,,,,,,,,253.5,90.9,301.7,547.4,85.4,,,308.6,287.2,538.3,577.8,466.8,,,41.4,133.8,110.6,195.9,73.9,,,561.8,772.2,331.6,665.9,657.0,,,1307.0,1142.1,910.3,947.3,1324.7,,,154.4,579.8,243.9,571.7,1005.8,,,,,,,,,,,,,,,,,516.1,470.9,798.7,522.2,180.9,,,500.8,690.4,1060.3,341.3,618.7,,,727.4,1040.0,983.5,1331.9,807.9,,,1131.5,1576.8,827.1,1634.9,1494.9,,,594.6,338.7,862.1,1342.9,772.2,,,255.4,871.3,705.3,1384.8,1037.8,,,,,,,,,,,,,,,,,945.5,1924.5,2481.4,865.1,956.6,,,579.1,807.9,1335.6,229.5,885.5,,,2642.3,2144.0,2628.1,2295.0,3113.6,,,3394.6,2468.8,2671.2,2408.0,3302.9,,,797.4,325.0,1207.0,1662.7,1081.4,,,1307.0,1851.6,2858.6,2842.0,1739.6,,,,,,,,,,,,,,,,,31.5,21.1,49.8,28.6,69.5,,,141.8,508.1,605.7,576.4,725.2,,,121.8,522.2,429.5,551.1,1046.7,,,209.9,725.2,487.3,898.5,1380.8,,,209.2,760.2,762.6,1098.5,922.3,,,551.1,1421.0,1618.6,1902.0,1076.7,,,,,,,,,,,,,,,,,,,,,,,,,,,,,,,,,,,,,,,,,,,,,,,,,,,,,,,,,,,,,,,,,,,,,,,,,,,,,,,,,,,,,,,,,,,,,,,,,,,,,,,,,,,,,,,,,,,,,,,,,,,,,,,,
20260913_前橋_1R,20260913,22,前橋,1,12.9,22.3,16.4,17.4,42.9,,,29.2,62.2,67.8,71.0,156.3,,,40.5,80.0,70.9,100.9,155.2,,,32.2,83.2,76.6,83.1,98.9,,,28.6,56.6,81.8,62.2,94.8,,,106.0,211.6,213.3,151.9,168.4,,,,,,,,,,,,,,,,,35.8,56.5,35.6,33.8,81.7,,,92.6,233.2,214.9,272.2,409.2,,,125.0,234.0,206.5,290.9,391.9,,,72.5,203.7,226.4,188.9,230.8,,,71.4,217.7,266.4,207.7,320.8,,,235.7,647.3,716.6,469.1,551.8,,,,,,,,,,,,,,,,,126.6,229.5,225.4,246.4,447.3,,,148.8,351.3,365.5,423.0,524.7,,,317.2,370.2,534.4,648.8,722.0,,,381.0,461.6,837.4,1017.9,1083.0,,,404.6,605.2,827.8,908.7,1433.2,,,938.3,1095.3,1756.5,1704.6,1823.2,,,,,,,,,,,,,,,,,68.4,133.0,99.8,182.2,188.5,,,86.0,197.4,146.5,256.2,219.0,,,174.1,226.4,274.1,423.6,341.7,,,135.9,179.0,328.1,378.5,325.8,,,273.5,340.1,511.6,490.7,596.4,,,316.2,391.4,622.2,467.6,585.5,,,,,,,,,,,,,,,,,91.2,224.0,204.3,229.5,244.9,,,118.9,314.4,292.7,368.3,363.7,,,391.9,500.1,883.6,1095.3,1398.4,,,249.6,293.0,631.7,789.2,804.6,,,340.9,523.7,806.9,986.5,969.9,,,487.4,650.2,1433.2,1200.3,1263.5,,,,,,,,,,,,,,,,,47.1,79.4,86.4,71.6,109.2,,,69.6,224.5,281.8,237.8,368.3,,,147.1,393.0,466.1,578.4,800.2,,,147.8,403.4,518.1,474.5,573.8,,,131.7,342.9,503.6,465.3,571.5,,,195.1,669.9,1003.7,738.6,752.1,,,,,,,,,,,,,,,,,315.8,513.5,507.1,408.6,431.2,,,465.3,1070.9,1091.2,832.6,1003.7,,,1263.5,2014.5,2166.0,2286.3,2166.0,,,847.2,1125.3,1907.8,1582.8,1973.1,,,657.7,953.9,1694.5,1704.6,1391.6,,,679.4,1225.8,1618.4,1565.6,1252.5,,,,,,,,,,,,,,,,,,,,,,,,,,,,,,,,,,,,,,,,,,,,,,,,,,,,,,,,,,,,,,,,,,,,,,,,,,,,,,,,,,,,,,,,,,,,,,,,,,,,,,,,,,,,,,,,,,,,,,,,,,,,,,,,
20260913_前橋_2R,20260913,22,前橋,2,25.4,36.9,65.9,197.2,114.2,,,7.2,18.2,2.7,50.4,68.8,,,83.3,109.0,143.6,194.0,126.0,,,146.8,26.7,198.2,198.0,409.6,,,431.7,219.2,467.5,288.9,721.1,,,244.6,293.4,347.3,600.1,597.4,,,,,,,,,,,,,,,,,66.2,93.3,215.6,442.5,241.9,,,97.4,250.3,228.1,739.2,542.3,,,76.7,108.7,214.4,313.5,54.9,,,713.3,850.9,1084.6,1446.2,1566.0,,,983.8,1400.3,1050.2,1960.4,1643.8,,,396.7,625.6,180.5,1037.8,976.6,,,,,,,,,,,,,,,,,36.3,65.2,11.5,87.2,162.9,,,138.4,434.5,326.3,965.9,928.6,,,383.5,593.4,609.8,1041.9,976.6,,,60.9,288.6,364.0,295.0,556.0,,,206.6,1446.2,1278.5,268.1,1890.4,,,792.3,1556.8,1633.6,1150.6,2281.5,,,,,,,,,,,,,,,,,316.5,482.9,741.3,287.0,243.9,,,167.8,203.2,289.5,365.5,93.8,,,655.0,616.9,715.2,1054.4,694.6,,,1521.0,1422.8,1594.3,1960.4,1323.2,,,1176.2,747.6,1067.1,530.3,174.2,,,459.4,161.7,322.3,327.5,121.2,,,,,,,,,,,,,,,,,739.2,128.9,1021.8,897.1,1462.2,,,1084.6,1260.2,1946.0,3042.0,1741.1,,,115.5,801.9,824.4,633.1,1150.6,,,2205.4,2569.5,2169.3,4485.7,3350.1,,,1752.7,3950.1,1407.7,3675.8,2594.6,,,2473.4,3113.6,2242.8,3393.0,2845.7,,,,,,,,,,,,,,,,,1219.6,655.0,1343.4,1208.4,2301.3,,,1556.8,2035.8,1462.2,3308.2,2473.4,,,249.2,1764.3,1165.8,274.5,2051.6,,,1675.0,1664.5,1729.7,1989.9,1219.6,,,1837.9,3528.7,1470.3,3150.7,2756.8,,,2242.8,3227.5,2473.4,1400.3,2134.3,,,,,,,,,,,,,,,,,636.2,692.8,848.2,1603.9,1310.1,,,676.8,928.6,324.3,1219.6,1054.4,,,1054.4,1062.8,1236.7,1415.2,2083.9,,,727.0,281.8,614.0,440.3,341.4,,,2544.8,2673.3,2100.4,2363.0,2646.5,,,1323.2,1503.7,1613.7,472.6,584.2,,,,,,,,,,,,,,,,,,,,,,,,,,,,,,,,,,,,,,,,,,,,,,,,,,,,,,,,,,,,,,,,,,,,,,,,,,,,,,,,,,,,,,,,,,,,,,,,,,,,,,,,,,,,,,,,,,,,,,,,,,,,,,,,
20260913_前橋_3R,20260913,22,前橋,3,55.7,75.0,129.2,126.6,119.0,,,53.0,116.9,141.2,234.5,143.9,,,197.9,240.5,504.4,522.8,401.4,,,81.6,104.5,249.8,193.2,56.3,,,230.3,347.4,408.2,264.0,208.2,,,98.6,146.2,197.6,90.9,117.8,,,,,,,,,,,,,,,,,50.0,72.3,246.1,209.6,310.3,,,20.1,5.8,70.2,62.3,179.8,,,34.9,8.1,171.1,43.3,293.7,,,291.1,158.0,265.2,976.2,1805.2,,,656.8,206.7,209.0,1526.7,2453.2,,,755.3,589.3,902.6,2391.9,1816.6,,,,,,,,,,,,,,,,,57.9,108.5,141.2,292.8,173.2,,,27.4,9.8,84.7,68.9,150.9,,,110.3,33.5,350.4,231.8,400.8,,,186.5,180.6,400.3,605.5,919.9,,,544.6,212.1,358.7,1231.8,1226.6,,,505.3,500.9,708.7,1559.9,1143.5,,,,,,,,,,,,,,,,,190.9,240.5,769.5,691.6,714.0,,,69.5,22.0,314.0,107.2,412.3,,,129.0,38.8,539.5,319.6,600.4,,,1152.7,797.3,1010.6,2158.1,2633.2,,,1121.2,409.4,767.4,2707.8,2609.3,,,1360.3,1116.8,1603.5,2814.0,1939.3,,,,,,,,,,,,,,,,,73.6,87.8,187.6,164.4,67.3,,,175.4,129.7,170.3,701.7,1055.2,,,143.2,109.4,378.6,594.2,891.3,,,643.5,476.0,650.8,1253.4,2759.8,,,495.7,1007.1,1051.3,1739.5,2352.6,,,806.2,1965.9,2126.1,3053.4,1621.6,,,,,,,,,,,,,,,,,715.7,836.8,1181.1,1021.4,1103.9,,,661.3,284.1,315.0,1341.2,2372.1,,,696.6,303.0,612.0,1322.7,2352.6,,,1526.7,595.4,894.1,2928.8,3021.3,,,953.5,1341.2,1379.9,2657.6,4042.6,,,2260.0,3931.9,4348.9,3189.2,4284.0,,,,,,,,,,,,,,,,,1067.0,1479.5,1242.5,880.4,1148.1,,,1952.5,1739.5,2633.2,4948.7,4864.8,,,1993.2,2126.1,4042.6,5857.7,5218.7,,,2333.5,3376.8,4484.8,7000.7,4556.0,,,1366.8,5218.7,5035.5,5035.5,3543.5,,,2585.8,6523.3,4705.3,5218.7,4783.8,,,,,,,,,,,,,,,,,,,,,,,,,,,,,,,,,,,,,,,,,,,,,,,,,,,,,,,,,,,,,,,,,,,,,,,,,,,,,,,,,,,,,,,,,,,,,,,,,,,,,,,,,,,,,,,,,,,,,,,,,,,,,,,,
20260913_前橋_4R,20260913,22,前橋,4,9.0,7.5,14.2,39.4,50.4,,,56.3,165.9,194.9,212.5,433.6,,,47.0,141.3,87.7,448.7,122.7,,,64.7,199.7,112.1,624.7,341.7,,,368.8,551.7,928.5,1175.8,1857.0,,,265.2,536.4,484.3,428.0,651.9,,,,,,,,,,,,,,,,,8.9,11.1,15.9,29.1,52.7,,,25.8,133.9,97.4,77.0,355.7,,,56.9,195.8,147.0,335.3,240.2,,,72.3,138.2,180.3,566.8,390.8,,,276.4,406.1,762.8,1126.6,1869.9,,,323.6,541.8,852.1,542.8,752.1,,,,,,,,,,,,,,,,,87.2,308.4,287.3,229.9,961.6,,,73.9,272.5,250.4,173.3,888.6,,,457.1,419.4,372.4,651.9,655.1,,,498.6,524.9,574.1,868.6,1583.9,,,228.7,194.8,376.6,373.4,958.2,,,2262.8,1909.7,1783.2,2692.7,2589.1,,,,,,,,,,,,,,,,,69.2,197.7,114.7,437.8,152.8,,,98.7,190.1,121.2,469.9,138.3,,,376.6,300.8,285.2,366.3,254.9,,,94.5,80.4,146.9,303.5,46.5,,,1270.1,951.5,951.5,1055.9,1090.1,,,186.6,116.7,160.5,95.0,362.4,,,,,,,,,,,,,,,,,165.5,491.3,226.8,1417.2,762.8,,,205.3,435.7,244.7,1366.8,605.1,,,716.1,661.6,575.3,1202.1,1662.1,,,157.0,124.7,255.4,531.1,128.0,,,2776.0,3244.2,1965.5,1726.1,2804.9,,,1547.5,1380.8,1737.2,695.8,2804.9,,,,,,,,,,,,,,,,,1039.6,1170.7,2382.9,3205.6,4207.4,,,1008.5,1072.8,1512.7,3365.9,3846.7,,,865.8,752.1,1136.1,1495.9,2120.2,,,2564.5,1748.5,2207.1,2564.5,2639.9,,,3590.3,4079.9,2564.5,2991.9,5178.3,,,5279.8,6119.8,4808.4,4274.2,5495.4,,,,,,,,,,,,,,,,,1737.2,3846.7,1923.3,3590.3,4724.1,,,1909.7,2776.0,1631.9,2895.4,4563.9,,,4986.5,3792.6,3452.2,5178.3,5385.4,,,958.2,912.7,1270.1,559.8,2540.3,,,3543.0,3025.5,4274.2,1108.1,4808.4,,,5385.4,6119.8,4986.5,4487.9,5495.4,,,,,,,,,,,,,,,,,,,,,,,,,,,,,,,,,,,,,,,,,,,,,,,,,,,,,,,,,,,,,,,,,,,,,,,,,,,,,,,,,,,,,,,,,,,,,,,,,,,,,,,,,,,,,,,,,,,,,,,,,,,,,,,,
20260913_前橋_5R,20260913,22,前橋,5,6.9,3.8,20.1,14.7,20.8,,,76.9,122.8,388.8,392.8,276.9,,,15.4,59.0,127.8,94.1,110.2,,,247.7,620.7,410.3,421.2,1255.9,,,140.5,478.5,232.4,259.2,619.2,,,142.0,238.4,279.8,928.8,670.4,,,,,,,,,,,,,,,,,17.4,10.0,43.1,32.7,43.0,,,111.1,334.4,833.4,909.9,739.0,,,38.7,163.6,347.4,244.3,348.3,,,342.9,1292.3,1024.9,1292.3,2229.3,,,218.7,1045.0,465.2,928.8,1119.3,,,230.8,786.8,885.8,2140.1,2073.8,,,,,,,,,,,,,,,,,237.7,474.3,1255.9,1286.1,882.9,,,269.1,609.3,1807.5,1682.5,935.3,,,501.9,636.9,1400.6,643.0,500.0,,,2388.5,2306.2,2106.4,2477.0,3110.7,,,1611.5,2057.8,693.0,2306.2,838.6,,,808.2,868.5,764.3,1661.6,1446.0,,,,,,,,,,,,,,,,,19.1,104.8,223.8,189.0,199.3,,,27.1,123.4,308.5,238.2,209.4,,,262.0,246.1,644.6,444.3,306.7,,,662.1,696.6,882.9,559.6,1511.4,,,412.2,480.2,446.6,384.3,579.0,,,435.7,332.7,428.0,1748.5,1273.9,,,,,,,,,,,,,,,,,928.8,2410.1,1897.3,1748.5,5350.4,,,885.8,2907.8,2123.1,2454.3,4314.8,,,2972.4,3429.7,3110.7,3520.0,5245.5,,,2192.8,2306.2,2972.4,1582.9,4864.0,,,1537.4,1760.0,1938.5,1227.1,2106.4,,,5459.6,4777.1,5459.6,6221.4,3934.1,,,,,,,,,,,,,,,,,481.1,1725.9,888.7,1001.9,2939.8,,,606.6,1870.7,1036.9,1408.0,3429.7,,,2500.2,2326.2,2073.8,2192.8,3566.9,,,777.6,1091.9,1438.2,922.4,2547.8,,,828.2,965.7,928.8,713.3,1748.5,,,3429.7,5691.9,2622.7,3110.7,2939.8,,,,,,,,,,,,,,,,,535.0,909.9,1357.9,3934.1,2939.8,,,675.5,1267.8,1641.2,3821.7,3934.1,,,636.9,732.9,732.9,1693.1,1564.4,,,1494.5,1938.5,1128.7,3767.9,3184.7,,,4458.7,4180.0,4864.0,6688.0,5459.6,,,3566.9,6859.5,2454.3,3184.7,3262.4,,,,,,,,,,,,,,,,,,,,,,,,,,,,,,,,,,,,,,,,,,,,,,,,,,,,,,,,,,,,,,,,,,,,,,,,,,,,,,,,,,,,,,,,,,,,,,,,,,,,,,,,,,,,,,,,,,,,,,,,,,,,,,,,
20260913_前橋_6R,20260913,22,前橋,6,32.1,23.0,68.2,45.8,278.1,,,43.2,28.8,35.5,112.1,115.0,,,14.3,10.4,27.8,22.7,161.7,,,123.5,43.4,91.0,181.5,379.7,,,103.9,155.5,90.8,316.1,601.8,,,1160.0,615.8,852.9,1015.9,1236.4,,,,,,,,,,,,,,,,,55.7,48.4,111.5,36.7,376.6,,,99.6,183.6,103.7,80.3,216.4,,,88.2,212.3,281.5,123.0,864.5,,,166.4,95.2,363.7,176.4,630.4,,,21.0,25.1,42.0,98.3,218.9,,,1443.4,1015.9,2200.0,1504.7,1430.5,,,,,,,,,,,,,,,,,117.6,95.2,63.6,251.3,222.7,,,147.2,300.9,136.2,259.7,434.6,,,203.5,424.7,287.9,537.9,648.3,,,46.0,77.3,122.9,159.5,53.5,,,466.3,408.4,577.9,407.4,718.4,,,488.5,687.5,629.1,251.5,805.5,,,,,,,,,,,,,,,,,83.1,83.7,168.6,118.8,500.0,,,164.1,386.2,552.8,373.5,2019.0,,,294.8,681.6,688.9,787.6,1052.8,,,534.3,1151.6,759.5,1443.4,2703.4,,,468.4,623.0,911.4,1334.7,2398.5,,,2200.0,5316.7,2953.7,5145.2,4197.4,,,,,,,,,,,,,,,,,216.5,94.3,161.8,369.6,560.6,,,231.3,176.8,487.0,294.2,809.6,,,44.1,82.1,106.9,83.4,40.4,,,383.4,886.1,394.8,990.6,1386.9,,,726.6,446.7,324.5,1088.7,1185.8,,,1743.1,1898.8,464.3,2750.0,2084.9,,,,,,,,,,,,,,,,,207.9,430.5,290.7,862.1,1802.2,,,95.6,73.8,114.3,254.7,570.6,,,528.1,257.8,632.9,674.4,1009.5,,,599.6,456.3,766.8,1548.5,2362.9,,,1025.7,508.7,736.7,1490.6,2071.4,,,3038.1,2531.7,2098.7,3666.7,3097.1,,,,,,,,,,,,,,,,,3752.9,2328.4,3038.1,4142.9,4557.2,,,3843.4,3190.0,5907.4,4142.9,4984.4,,,2278.6,3393.6,3067.3,975.5,3097.1,,,3430.1,7595.3,3709.3,7088.9,4493.0,,,4557.2,4310.8,919.3,5500.0,3843.4,,,4493.0,7088.9,3158.4,6018.9,4557.2,,,,,,,,,,,,,,,,,,,,,,,,,,,,,,,,,,,,,,,,,,,,,,,,,,,,,,,,,,,,,,,,,,,,,,,,,,,,,,,,,,,,,,,,,,,,,,,,,,,,,,,,,,,,,,,,,,,,,,,,,,,,,,,,
20260913_前橋_7R,20260913,22,前橋,7,37.0,28.9,52.3,162.5,207.0,,,90.9,66.1,245.9,380.3,586.1,,,22.9,8.5,74.1,142.2,161.2,,,134.3,279.1,248.6,694.2,1237.1,,,643.0,710.8,675.8,1272.3,914.4,,,659.6,921.4,612.2,1018.6,636.1,,,,,,,,,,,,,,,,,35.0,18.2,32.9,127.1,180.6,,,122.7,114.5,168.2,429.7,770.5,,,20.6,34.7,34.9,178.5,272.9,,,31.6,46.4,26.3,107.3,140.9,,,546.6,845.2,665.8,501.4,636.1,,,581.3,1120.8,673.3,472.9,479.9,,,,,,,,,,,,,,,,,466.1,153.3,780.6,1183.9,1344.1,,,532.8,404.9,998.7,1778.8,2465.7,,,87.2,271.2,437.0,566.6,627.2,,,1495.9,1281.5,1207.9,3192.3,4643.3,,,1975.3,2906.8,1534.5,3030.0,2432.2,,,2572.2,3373.0,1632.6,4109.6,2352.2,,,,,,,,,,,,,,,,,16.8,8.1,55.2,91.5,102.2,,,33.1,49.5,87.3,230.5,324.4,,,20.1,52.2,103.2,167.6,149.2,,,159.9,175.6,275.0,526.5,574.8,,,318.9,503.5,509.3,618.5,545.8,,,376.7,754.3,432.3,1004.3,643.0,,,,,,,,,,,,,,,,,267.4,900.6,375.1,1561.3,2054.8,,,153.1,280.4,126.5,353.6,445.2,,,1281.5,874.1,1124.3,3136.3,3886.3,,,331.6,260.4,503.5,1103.5,1349.2,,,2837.6,1245.7,3471.2,2432.2,1718.9,,,2609.7,646.5,3082.2,1090.0,853.3,,,,,,,,,,,,,,,,,1391.2,1975.3,1237.1,2517.8,1640.0,,,1334.1,1932.6,1339.1,1435.9,1471.3,,,2115.6,2448.9,1354.3,2648.4,1575.0,,,1001.5,1212.0,987.6,1603.3,1060.9,,,3030.0,1964.5,3373.0,2668.2,1805.7,,,643.0,602.9,483.1,415.2,512.9,,,,,,,,,,,,,,,,,1276.9,1805.7,869.9,2277.3,1086.7,,,1250.1,1527.9,1290.7,1120.8,950.9,,,1385.8,1647.6,392.0,560.4,412.8,,,562.1,893.8,274.3,434.9,304.0,,,2220.7,751.1,1375.1,778.9,653.6,,,380.7,376.7,222.2,153.5,220.7,,,,,,,,,,,,,,,,,,,,,,,,,,,,,,,,,,,,,,,,,,,,,,,,,,,,,,,,,,,,,,,,,,,,,,,,,,,,,,,,,,,,,,,,,,,,,,,,,,,,,,,,,,,,,,,,,,,,,,,,,,,,,,,,
20260913_前橋_8R,20260913,22,前橋,8,20.1,18.8,61.2,152.3,257.5,,,44.7,66.1,185.4,362.1,691.3,,,44.8,76.8,164.8,334.6,569.8,,,190.8,335.1,285.1,812.3,1028.2,,,478.4,880.4,746.3,1060.3,2346.2,,,1139.7,2285.4,2333.8,1446.2,2397.2,,,,,,,,,,,,,,,,,7.0,6.3,20.4,43.3,138.3,,,9.9,17.5,47.8,112.5,275.0,,,9.3,17.2,44.6,98.2,253.7,,,41.7,70.5,69.5,347.8,613.4,,,182.4,303.1,277.0,545.9,1139.7,,,563.3,1060.3,946.5,1344.8,1615.7,,,,,,,,,,,,,,,,,90.8,121.4,278.2,545.2,840.1,,,61.8,77.9,233.8,443.3,903.8,,,135.8,123.6,403.5,741.3,1470.3,,,577.3,660.3,735.1,1723.0,3586.1,,,1510.6,1432.1,1645.9,2809.5,4411.0,,,2883.0,3291.8,4692.5,5728.5,5960.8,,,,,,,,,,,,,,,,,68.1,105.3,195.9,344.3,752.7,,,47.6,55.8,151.6,289.2,667.3,,,113.8,85.3,316.8,682.8,1374.1,,,301.9,339.3,545.2,1195.3,2151.7,,,624.7,641.1,1052.7,1418.3,2657.2,,,2657.2,2371.5,3770.0,4161.3,4010.0,,,,,,,,,,,,,,,,,870.0,1286.0,1274.8,1893.1,2070.8,,,663.3,1536.9,1357.2,3835.6,3706.7,,,737.6,1771.4,2506.2,6392.7,7231.1,,,1301.1,1604.0,2450.5,4367.3,5583.5,,,2464.2,6301.4,8020.0,6042.4,7738.6,,,2321.5,4241.3,9385.1,9802.2,7231.1,,,,,,,,,,,,,,,,,3243.3,4743.0,5728.5,2864.2,9999.9,,,2689.6,4084.2,3586.1,8020.0,9999.9,,,4901.1,5803.9,5012.5,9589.1,9999.9,,,4743.0,4455.5,4643.1,5803.9,9385.1,,,2980.4,9999.9,8020.0,8020.0,9589.1,,,9999.9,9999.9,9999.9,9999.9,9802.2,,,,,,,,,,,,,,,,,4743.0,6683.3,7605.1,2845.8,9999.9,,,4594.8,6301.4,7876.8,6892.2,9999.9,,,6583.6,7738.6,9999.9,9999.9,9999.9,,,8649.0,9189.6,9385.1,9999.9,9385.1,,,2791.7,8020.0,9999.9,9999.9,9999.9,,,9802.2,9999.9,9999.9,9999.9,9999.9,,,,,,,,,,,,,,,,,,,,,,,,,,,,,,,,,,,,,,,,,,,,,,,,,,,,,,,,,,,,,,,,,,,,,,,,,,,,,,,,,,,,,,,,,,,,,,,,,,,,,,,,,,,,,,,,,,,,,,,,,,,,,,,,
20260913_前橋_9R,20260913,22,前橋,9,46.5,5.5,34.6,61.3,118.6,,,160.3,290.3,314.8,1101.8,569.1,,,13.8,152.2,49.6,199.9,375.7,,,120.3,314.0,148.2,665.4,824.7,,,171.7,878.6,347.5,688.6,1040.4,,,509.1,921.9,898.5,1026.1,1409.0,,,,,,,,,,,,,,,,,26.3,4.4,21.7,24.3,62.7,,,61.9,169.1,120.1,341.1,152.9,,,29.5,188.2,104.9,159.8,401.0,,,60.2,138.6,137.3,302.7,391.2,,,30.5,157.2,110.8,162.0,361.5,,,178.7,252.4,607.1,400.7,626.4,,,,,,,,,,,,,,,,,210.7,419.8,310.8,897.3,449.8,,,124.2,335.7,237.5,535.9,227.5,,,740.2,765.5,694.3,2301.8,1118.3,,,225.4,188.6,324.0,870.6,195.7,,,941.3,692.9,2400.4,1112.8,982.6,,,187.7,133.3,350.9,105.6,476.3,,,,,,,,,,,,,,,,,37.4,288.4,89.1,322.2,606.0,,,61.6,389.6,253.6,351.1,711.2,,,659.6,672.1,712.7,2203.7,1152.8,,,278.0,371.9,604.4,794.4,1168.9,,,542.4,505.3,1768.7,875.1,1217.6,,,1315.3,1451.6,1671.9,1719.0,2087.3,,,,,,,,,,,,,,,,,209.5,332.4,315.4,923.2,1055.1,,,177.5,295.4,388.5,804.9,1009.2,,,233.2,220.9,402.4,1198.0,449.8,,,394.6,525.9,796.3,1336.2,1448.5,,,1066.8,1051.8,1684.5,1588.9,1667.8,,,1191.7,1270.5,597.9,1615.7,2049.1,,,,,,,,,,,,,,,,,257.5,1261.0,674.8,1082.3,1510.4,,,94.7,321.7,332.7,353.0,644.4,,,1160.8,754.3,2333.7,1242.3,1251.6,,,856.2,749.3,2341.9,1611.8,2140.5,,,1371.6,1258.6,1705.9,1841.4,2435.2,,,1531.0,913.2,905.8,2030.6,1909.4,,,,,,,,,,,,,,,,,491.6,634.0,995.7,869.5,1510.4,,,253.6,250.3,862.8,467.4,859.5,,,207.7,127.7,439.3,122.4,475.3,,,1418.0,1503.6,1615.7,1754.9,2435.2,,,1015.3,846.5,423.7,1513.8,2189.3,,,1454.8,832.8,766.3,1615.7,1592.7,,,,,,,,,,,,,,,,,,,,,,,,,,,,,,,,,,,,,,,,,,,,,,,,,,,,,,,,,,,,,,,,,,,,,,,,,,,,,,,,,,,,,,,,,,,,,,,,,,,,,,,,,,,,,,,,,,,,,,,,,,,,,,,,
20260913_大垣_1R,20260913,44,大垣,1,128.3,82.2,124.0,583.4,59.0,,,161.0,67.4,228.2,370.8,69.3,,,72.7,38.8,79.5,201.5,32.4,,,148.3,224.6,117.6,678.6,82.5,,,1376.0,1108.4,801.2,1262.8,807.7,,,33.6,35.7,25.5,51.6,215.2,,,,,,,,,,,,,,,,,126.7,149.1,140.4,878.9,133.9,,,217.5,176.5,261.1,788.6,667.3,,,207.8,170.0,293.8,845.4,424.5,,,181.0,225.4,180.0,452.4,498.8,,,2977.9,2463.2,2557.9,2320.0,4071.9,,,360.1,906.9,633.4,875.1,2660.3,,,,,,,,,,,,,,,,,226.2,70.8,261.1,380.7,118.7,,,324.9,187.8,478.4,656.3,610.1,,,17.4,49.5,46.8,34.8,37.2,,,613.9,600.9,217.1,886.7,750.0,,,752.9,902.8,240.3,867.4,1072.7,,,168.2,512.9,136.6,563.6,867.4,,,,,,,,,,,,,,,,,44.3,30.1,55.5,160.1,28.8,,,110.8,126.3,198.5,563.6,202.1,,,8.6,25.5,32.2,18.9,18.5,,,146.6,223.1,120.1,498.8,216.6,,,678.6,932.3,230.3,928.0,1017.9,,,39.4,134.3,61.6,178.1,418.2,,,,,,,,,,,,,,,,,450.3,629.4,324.4,1750.2,352.5,,,442.4,530.6,293.4,1376.0,863.7,,,798.0,717.7,389.6,1348.1,1146.6,,,343.4,496.3,288.7,1194.7,683.2,,,4988.0,2463.2,2557.9,3627.6,3912.2,,,633.4,1366.5,1321.3,954.6,3440.0,,,,,,,,,,,,,,,,,5542.3,4071.9,3381.7,6046.1,3627.6,,,5392.5,5392.5,5250.6,3500.4,3764.5,,,2934.1,4245.1,821.0,4156.7,5392.5,,,2850.3,5700.6,902.8,3764.5,2557.9,,,6436.2,3694.8,6436.2,4866.4,6436.2,,,5542.3,3069.5,5868.3,2850.3,3440.0,,,,,,,,,,,,,,,,,111.4,95.2,68.0,189.6,527.8,,,385.9,1108.4,845.4,1247.0,3167.0,,,255.4,875.1,219.9,902.8,1180.6,,,135.3,467.2,126.6,515.5,1055.6,,,710.0,1583.5,1247.0,973.2,3167.0,,,2810.1,2850.3,3912.2,2122.5,3270.8,,,,,,,,,,,,,,,,,,,,,,,,,,,,,,,,,,,,,,,,,,,,,,,,,,,,,,,,,,,,,,,,,,,,,,,,,,,,,,,,,,,,,,,,,,,,,,,,,,,,,,,,,,,,,,,,,,,,,,,,,,,,,,,,
20260913_大垣_2R,20260913,44,大垣,2,341.0,308.4,85.1,1350.2,106.8,,,870.5,1538.6,700.1,2035.7,797.1,,,630.1,1392.8,269.4,2700.4,140.3,,,24.9,147.3,62.0,465.9,16.1,,,4009.7,3780.6,3576.2,2450.3,2242.7,,,46.1,194.8,15.1,14.3,529.2,,,,,,,,,,,,,,,,,658.3,1041.8,157.3,3675.5,288.2,,,1160.7,2134.2,361.5,1594.2,1297.2,,,2281.3,1633.5,1058.5,7783.5,1863.6,,,57.1,67.3,366.5,627.1,87.8,,,7783.5,4009.7,8270.0,2594.5,5089.2,,,338.4,1025.7,773.8,285.7,4268.4,,,,,,,,,,,,,,,,,2940.4,3675.5,1520.9,5089.2,2646.4,,,2646.4,4268.4,682.0,3150.5,2067.5,,,5753.0,6014.5,6616.0,9999.9,5292.8,,,1741.0,751.8,4135.0,3150.5,2544.6,,,4900.7,4900.7,9999.9,3891.7,6014.5,,,3227.3,3576.2,3077.2,2700.4,8270.0,,,,,,,,,,,,,,,,,1378.3,3227.3,590.7,4009.7,416.1,,,1718.4,3482.1,1422.8,9999.9,1556.7,,,4900.7,6964.2,6301.0,9999.9,4900.7,,,715.2,1364.1,3675.5,5292.8,1050.1,,,6616.0,4135.0,4562.7,3891.7,6301.0,,,312.8,912.5,1520.9,727.0,4410.7,,,,,,,,,,,,,,,,,14.2,84.6,45.0,272.2,6.1,,,8.4,19.5,76.0,269.4,12.0,,,359.5,202.6,1170.9,1058.5,563.0,,,167.9,341.0,853.6,2067.5,181.7,,,1538.6,1837.7,2362.8,3308.0,3007.2,,,11.1,31.7,192.6,47.4,707.5,,,,,,,,,,,,,,,,,9999.9,9999.9,9999.9,7783.5,7351.1,,,8821.4,5513.3,9999.9,5089.2,6616.0,,,9999.9,5513.3,9999.9,6014.5,9999.9,,,4900.7,4410.7,9999.9,4410.7,9999.9,,,6616.0,4725.7,6014.5,4009.7,9999.9,,,6964.2,6964.2,9999.9,4725.7,9999.9,,,,,,,,,,,,,,,,,66.7,263.0,22.4,31.4,651.8,,,208.0,696.4,403.4,231.7,3576.2,,,1336.5,2004.8,1378.3,2321.4,6301.0,,,97.0,317.3,700.1,298.0,2405.8,,,55.9,148.8,601.4,197.4,1890.3,,,3308.0,5292.8,5753.0,3780.6,6014.5,,,,,,,,,,,,,,,,,,,,,,,,,,,,,,,,,,,,,,,,,,,,,,,,,,,,,,,,,,,,,,,,,,,,,,,,,,,,,,,,,,,,,,,,,,,,,,,,,,,,,,,,,,,,,,,,,,,,,,,,,,,,,,,,
20260913_大垣_3R,20260913,44,大垣,3,475.0,1805.1,353.5,2045.8,544.1,,,141.6,391.4,54.3,941.3,52.6,,,1649.8,833.9,83.0,1029.7,581.2,,,79.3,21.2,7.3,111.0,14.5,,,3264.6,2018.9,1805.1,691.1,1549.8,,,144.6,25.2,200.0,17.2,419.2,,,,,,,,,,,,,,,,,2073.4,4383.9,2397.4,4794.9,1805.1,,,1382.3,2515.3,1334.2,2645.4,439.6,,,6671.2,6137.5,2895.0,4649.6,4949.6,,,2557.3,1894.2,3487.2,5290.9,2950.7,,,7306.5,6137.5,5901.4,7306.5,9025.7,,,1475.3,521.8,3742.3,2515.3,4649.6,,,,,,,,,,,,,,,,,307.4,866.8,150.8,1300.3,90.9,,,463.5,803.3,446.0,1153.6,165.5,,,1871.1,1848.6,1504.2,4794.9,1095.9,,,271.0,470.6,579.0,1322.7,201.0,,,2645.4,2474.8,5682.8,3068.7,1549.8,,,25.5,24.1,135.9,34.1,233.8,,,,,,,,,,,,,,,,,3196.6,2515.3,247.8,2397.4,2018.9,,,4037.8,6137.5,3487.2,6137.5,5290.9,,,2950.7,4037.8,2600.6,5479.9,2645.4,,,219.5,1992.7,1565.6,1967.1,1724.0,,,4649.6,8524.3,8524.3,4949.6,4949.6,,,1967.1,4794.9,2435.5,1826.6,4794.9,,,,,,,,,,,,,,,,,313.7,72.4,20.5,260.5,63.6,,,1268.0,1565.6,1198.7,4794.9,2360.5,,,230.0,611.3,499.7,1686.1,299.0,,,94.7,876.7,440.9,763.3,604.0,,,1743.6,4794.9,3264.6,2161.0,2515.3,,,119.6,697.4,194.4,439.6,1227.5,,,,,,,,,,,,,,,,,5682.8,4262.1,4262.1,2223.7,3409.7,,,7306.5,5290.9,6137.5,7671.9,6137.5,,,5290.9,4512.8,5479.9,4262.1,3196.6,,,6974.4,6671.2,6393.2,4383.9,5901.4,,,3264.6,6974.4,4262.1,4262.1,4649.6,,,3008.5,3196.6,1357.8,4949.6,3008.5,,,,,,,,,,,,,,,,,124.7,25.1,179.8,21.3,361.0,,,311.8,151.1,1022.9,513.1,1247.4,,,7.8,11.8,91.1,9.0,145.9,,,525.4,1489.6,579.0,511.4,1357.8,,,41.7,225.6,58.4,155.3,494.9,,,902.5,2045.8,947.1,1763.6,1504.2,,,,,,,,,,,,,,,,,,,,,,,,,,,,,,,,,,,,,,,,,,,,,,,,,,,,,,,,,,,,,,,,,,,,,,,,,,,,,,,,,,,,,,,,,,,,,,,,,,,,,,,,,,,,,,,,,,,,,,,,,,,,,,,,
20260913_大垣_4R,20260913,44,大垣,4,1774.4,406.0,912.2,1579.7,1004.1,,,3238.4,3501.0,3925.3,2123.5,1704.4,,,431.7,2195.5,1639.7,2024.0,1097.7,,,2944.0,4797.6,2158.9,4178.6,3701.0,,,5181.4,5397.3,4317.9,8096.0,2878.6,,,506.0,931.9,611.0,996.4,881.2,,,,,,,,,,,,,,,,,667.7,147.2,399.8,1126.4,524.4,,,374.3,37.2,150.9,182.1,398.5,,,17.0,7.0,2.4,29.8,24.3,,,277.3,173.6,36.0,377.6,352.9,,,1488.9,573.1,234.2,744.4,1682.2,,,575.7,780.3,212.7,494.4,1222.0,,,,,,,,,,,,,,,,,1455.4,1335.4,1774.4,1245.5,1904.9,,,715.6,63.5,271.5,172.4,616.8,,,814.6,82.8,403.5,208.9,678.2,,,3925.3,925.2,1012.0,1799.1,4048.0,,,611.0,158.3,199.2,622.7,573.1,,,2444.0,1619.2,1799.1,3701.0,1774.4,,,,,,,,,,,,,,,,,216.6,588.8,899.5,1146.3,426.1,,,18.9,11.4,7.6,33.1,43.3,,,361.8,81.5,340.8,221.8,442.1,,,1004.1,165.6,647.6,1439.3,996.4,,,1177.6,396.1,460.9,1877.3,1660.7,,,570.6,318.2,744.4,1321.8,1824.4,,,,,,,,,,,,,,,,,4317.9,5181.4,2355.2,4466.7,5888.0,,,2355.2,1363.5,272.1,3598.2,1877.3,,,5397.3,1933.3,2233.3,3501.0,9964.3,,,2272.5,349.1,1877.3,5888.0,5888.0,,,9964.3,6168.4,4797.6,6168.4,7196.5,,,4317.9,4797.6,9964.3,5888.0,6476.8,,,,,,,,,,,,,,,,,4178.6,2123.5,4466.7,6817.7,3159.4,,,2756.1,1044.6,780.3,2233.3,3809.9,,,1146.3,512.0,625.7,1682.2,1245.5,,,3238.4,780.3,1070.5,3084.2,3408.8,,,8096.0,4178.6,2944.0,5181.4,5888.0,,,4466.7,3809.9,3012.4,4982.1,5632.0,,,,,,,,,,,,,,,,,1028.0,1472.0,1044.6,1560.6,1392.8,,,1682.2,2444.0,727.7,2089.3,3809.9,,,2539.9,2944.0,3159.4,6476.8,2444.0,,,1599.2,707.8,2756.1,4178.6,3408.8,,,3809.9,4317.9,4626.3,4048.0,5181.4,,,2698.6,4317.9,2944.0,4626.3,6168.4,,,,,,,,,,,,,,,,,,,,,,,,,,,,,,,,,,,,,,,,,,,,,,,,,,,,,,,,,,,,,,,,,,,,,,,,,,,,,,,,,,,,,,,,,,,,,,,,,,,,,,,,,,,,,,,,,,,,,,,,,,,,,,,,
20260913_大垣_5R,20260913,44,大垣,5,1296.4,134.6,481.1,1147.7,334.1,,,4375.6,1346.3,2414.1,3500.5,2333.6,,,25.1,133.0,9.8,109.2,21.2,,,503.6,1147.7,87.6,482.8,281.7,,,2979.1,3784.3,886.2,1647.3,2258.3,,,420.4,843.4,225.1,454.6,1060.7,,,,,,,,,,,,,,,,,1207.0,145.5,528.3,1538.6,329.4,,,3590.2,2979.1,5385.4,6087.8,1296.4,,,110.7,848.6,378.4,828.5,155.9,,,1346.3,5600.8,1400.2,4243.0,2089.8,,,3889.4,4516.7,1892.1,5000.7,2187.8,,,219.4,186.1,204.1,578.5,703.6,,,,,,,,,,,,,,,,,7369.5,2917.0,5185.9,6667.6,4243.0,,,4828.2,4000.5,6364.5,6364.5,1918.0,,,3111.5,4667.3,6364.5,8751.2,3784.3,,,7778.9,9999.9,6364.5,7778.9,7778.9,,,5385.4,9999.9,8751.2,7778.9,5385.4,,,4118.2,2000.2,3889.4,7369.5,4375.6,,,,,,,,,,,,,,,,,8.1,59.8,2.3,57.4,4.9,,,39.9,235.7,131.2,272.4,32.0,,,769.3,700.1,1647.3,1400.2,528.3,,,41.8,331.8,823.6,299.1,211.8,,,522.4,972.3,1647.3,1029.5,760.9,,,70.1,58.5,145.0,200.6,377.4,,,,,,,,,,,,,,,,,2000.2,4375.6,309.0,2641.8,1414.3,,,2917.0,8751.2,1750.2,6364.5,4667.3,,,9999.9,9999.9,6087.8,5600.8,8751.2,,,339.8,1944.7,4667.3,2917.0,1707.5,,,8236.5,9999.9,9999.9,5834.1,5385.4,,,2414.1,4828.2,7369.5,2222.5,5385.4,,,,,,,,,,,,,,,,,5185.9,5385.4,1333.5,3889.4,3784.3,,,4828.2,4243.0,2373.2,6087.8,2258.3,,,6667.6,7369.5,7778.9,9999.9,4667.3,,,1458.5,2295.4,5385.4,3111.5,2592.9,,,5185.9,8236.5,7369.5,6087.8,4243.0,,,4667.3,2745.5,4000.5,3889.4,6087.8,,,,,,,,,,,,,,,,,578.5,1176.6,377.4,915.1,2187.8,,,291.7,208.9,307.7,748.7,809.3,,,1538.6,756.8,1686.9,2333.6,2222.5,,,306.3,391.1,986.0,1157.1,2222.5,,,2295.4,3333.8,2500.3,1972.1,4243.0,,,3333.8,2222.5,2222.5,2500.3,6087.8,,,,,,,,,,,,,,,,,,,,,,,,,,,,,,,,,,,,,,,,,,,,,,,,,,,,,,,,,,,,,,,,,,,,,,,,,,,,,,,,,,,,,,,,,,,,,,,,,,,,,,,,,,,,,,,,,,,,,,,,,,,,,,,,
20260913_大垣_6R,20260913,44,大垣,6,1732.7,1863.9,5125.9,2050.3,2460.4,,,1430.4,2617.5,1809.1,695.0,534.8,,,3417.2,4100.7,3514.9,2121.0,3844.4,,,6474.8,4242.1,3844.4,3417.2,3727.9,,,1382.2,854.3,1218.0,2196.8,968.6,,,1397.9,783.5,4556.3,2236.7,1294.9,,,,,,,,,,,,,,,,,2196.8,2050.3,5591.9,2196.8,3000.5,,,878.7,473.1,764.1,848.4,318.7,,,946.3,514.7,1098.4,854.3,668.6,,,4920.9,1809.1,3324.9,3514.9,2158.2,,,2016.7,1708.6,1952.7,3514.9,4393.6,,,1984.2,525.7,1230.2,1182.9,2674.4,,,,,,,,,,,,,,,,,96.4,143.2,158.1,74.1,66.3,,,61.9,30.0,78.9,95.3,28.4,,,134.0,56.7,194.0,166.4,86.6,,,243.1,191.0,268.6,328.0,57.2,,,64.9,133.8,199.3,188.6,70.2,,,10.7,4.8,14.6,2.2,13.5,,,,,,,,,,,,,,,,,3727.9,4556.3,2929.1,2158.2,4556.3,,,1430.4,860.2,1662.4,1464.5,1108.3,,,3154.4,885.0,2365.8,4242.1,778.6,,,3417.2,5591.9,3417.2,4393.6,3618.3,,,2278.1,3000.5,3618.3,3844.4,4242.1,,,3844.4,2617.5,1482.1,2321.1,5591.9,,,,,,,,,,,,,,,,,6834.5,4731.6,2795.9,5125.9,5858.2,,,6834.5,1809.1,3417.2,5591.9,2321.1,,,4100.7,1537.7,3154.4,3324.9,445.7,,,3618.3,7236.6,4242.1,5858.2,6474.8,,,6474.8,5858.2,7236.6,6474.8,6151.1,,,4242.1,1984.2,447.3,4393.6,4920.9,,,,,,,,,,,,,,,,,1206.1,630.8,1464.5,2236.7,1033.8,,,1922.2,2158.2,1863.9,6151.1,3844.4,,,1000.1,1414.0,2321.1,2795.9,1000.1,,,2795.9,2929.1,3618.3,5858.2,6834.5,,,5591.9,4920.9,5858.2,4920.9,5858.2,,,2121.0,3618.3,1708.6,6151.1,2929.1,,,,,,,,,,,,,,,,,1322.8,672.2,2050.3,1255.3,1557.2,,,1088.6,344.6,953.6,788.6,2196.8,,,119.6,88.6,152.0,36.6,205.3,,,2733.8,1557.2,961.1,1863.9,4920.9,,,1447.3,918.0,169.6,1892.6,2050.3,,,1597.6,2860.9,878.7,3968.4,2412.2,,,,,,,,,,,,,,,,,,,,,,,,,,,,,,,,,,,,,,,,,,,,,,,,,,,,,,,,,,,,,,,,,,,,,,,,,,,,,,,,,,,,,,,,,,,,,,,,,,,,,,,,,,,,,,,,,,,,,,,,,,,,,,,,
20260913_大垣_7R,20260913,44,大垣,7,1969.2,2489.4,597.0,1912.2,1516.5,,,1759.2,513.3,298.5,1670.1,599.7,,,970.1,323.3,128.4,1038.9,365.4,,,72.7,32.8,24.9,84.2,6.5,,,2061.5,2868.3,2029.8,613.6,1434.1,,,608.0,515.3,445.7,59.8,720.9,,,,,,,,,,,,,,,,,2868.3,4123.1,1403.6,3218.1,3665.0,,,6944.3,4712.2,6597.1,5736.6,8246.3,,,3068.4,3769.7,2748.7,3383.1,6944.3,,,1403.6,4886.7,2998.6,1137.4,4123.1,,,1783.0,2398.9,2638.8,1374.3,2807.2,,,3769.7,9999.9,5997.3,4712.2,4398.0,,,,,,,,,,,,,,,,,4549.7,1072.7,619.4,3298.5,1969.2,,,4712.2,3383.1,3566.0,3665.0,4712.2,,,568.7,1090.4,385.7,1147.3,1516.5,,,478.0,2748.7,509.4,1912.2,1713.5,,,4123.1,4712.2,5736.6,3769.7,5997.3,,,3298.5,6944.3,3218.1,4256.2,9424.4,,,,,,,,,,,,,,,,,1482.4,486.8,148.7,1072.7,523.5,,,2398.9,3218.1,1628.9,3068.4,3383.1,,,325.7,984.6,242.9,1055.5,824.6,,,105.3,720.9,172.2,709.3,509.4,,,2489.4,1858.3,2537.3,1999.1,3998.2,,,1293.5,3998.2,2199.0,1293.5,5497.5,,,,,,,,,,,,,,,,,36.9,8.4,5.9,40.9,2.4,,,270.9,497.8,445.7,414.9,583.8,,,77.7,328.2,56.1,298.5,289.9,,,33.8,198.4,33.1,191.2,133.2,,,291.2,346.3,680.1,513.3,505.5,,,67.0,578.6,355.6,284.9,536.3,,,,,,,,,,,,,,,,,2398.9,3298.5,3998.2,1188.6,2489.4,,,929.1,1649.2,1783.0,1127.7,2094.3,,,4886.7,5497.5,3665.0,4549.7,5497.5,,,5074.7,3665.0,3218.1,2998.6,8796.1,,,903.7,1466.0,2932.0,2162.9,1969.2,,,5497.5,3218.1,9999.9,9424.4,3566.0,,,,,,,,,,,,,,,,,3298.5,2128.1,1221.6,196.9,2692.6,,,5074.7,6944.3,7330.1,3769.7,4549.7,,,2998.6,8796.1,4549.7,3068.4,9424.4,,,1940.3,8246.3,4549.7,2061.5,9424.4,,,214.1,2932.0,1691.5,1449.9,2029.8,,,4549.7,4123.1,6597.1,6597.1,2489.4,,,,,,,,,,,,,,,,,,,,,,,,,,,,,,,,,,,,,,,,,,,,,,,,,,,,,,,,,,,,,,,,,,,,,,,,,,,,,,,,,,,,,,,,,,,,,,,,,,,,,,,,,,,,,,,,,,,,,,,,,,,,,,,,
20260913_豊橋_1R,20260913,45,豊橋,1,67.6,66.9,78.0,433.8,,,,92.2,75.6,150.9,769.6,,,,80.4,66.4,194.1,699.7,,,,148.0,221.8,409.7,641.4,,,,1237.9,1321.0,1718.7,1157.0,,,,,,,,,,,,,,,,,,,,,,,,,12.3,10.4,16.0,168.1,,,,35.4,71.0,54.3,389.0,,,,8.3,44.6,39.5,292.1,,,,5.0,13.8,12.8,35.0,,,,472.0,655.6,812.0,248.6,,,,,,,,,,,,,,,,,,,,,,,,,158.7,129.9,198.0,1035.2,,,,149.3,272.3,214.5,1047.4,,,,240.1,418.5,769.6,2766.0,,,,351.2,323.6,863.5,1134.7,,,,1903.5,2185.5,3612.7,2269.5,,,,,,,,,,,,,,,,,,,,,,,,,100.4,73.7,213.2,962.1,,,,45.6,133.8,140.8,708.1,,,,191.1,362.7,740.6,2329.3,,,,329.0,270.6,567.3,1011.5,,,,2493.3,2642.1,3612.7,2603.3,,,,,,,,,,,,,,,,,,,,,,,,,93.2,150.7,310.0,561.9,,,,17.1,27.1,37.0,66.8,,,,288.3,196.2,686.1,1053.7,,,,356.1,201.8,544.6,1157.0,,,,596.0,268.2,759.7,972.6,,,,,,,,,,,,,,,,,,,,,,,,,2212.8,2329.3,3540.5,2132.8,,,,1989.0,2011.6,2642.1,665.5,,,,3340.1,3000.4,5364.4,4539.1,,,,3612.7,3688.0,6808.7,4425.6,,,,1264.4,543.0,1989.0,2185.5,,,,,,,,,,,,,,,,,,,,,,,,,,,,,,,,,,,,,,,,,,,,,,,,,,,,,,,,,,,,,,,,,,,,,,,,,,,,,,,,,,,,,,,,,,,,,,,,,,,,,,,,,,,,,,,,,,,,,,,,,,,,,,,,,,,,,,,,,,,,,,,,,,,,,,,,,,,,,,,,,,,,,,,,,,,,,,,,,,,,,,,,,,,,,,,,
20260913_豊橋_2R,20260913,45,豊橋,2,20.8,59.7,60.6,115.4,259.1,,,8.4,21.5,11.3,19.7,98.7,,,147.4,88.7,271.3,376.3,951.4,,,114.1,49.3,261.3,73.1,109.6,,,156.9,76.0,321.6,102.0,177.6,,,467.5,523.2,1733.2,357.1,366.7,,,,,,,,,,,,,,,,,40.0,81.2,77.2,149.2,221.5,,,82.6,234.7,188.9,262.6,562.2,,,70.0,130.7,99.1,208.5,349.3,,,108.6,256.9,232.1,74.3,119.4,,,208.1,413.5,360.8,109.0,338.0,,,898.0,1220.2,1204.0,572.8,819.6,,,,,,,,,,,,,,,,,23.6,57.8,26.3,41.1,109.1,,,79.9,211.2,169.8,219.8,419.2,,,314.9,398.9,660.4,791.0,2230.4,,,120.0,208.5,565.7,110.8,173.1,,,137.9,277.9,717.9,121.3,308.1,,,749.6,964.9,2721.1,710.4,861.1,,,,,,,,,,,,,,,,,470.7,503.9,777.4,1172.9,1929.8,,,252.8,395.5,331.4,565.7,931.9,,,699.5,874.9,1929.8,1722.2,4319.2,,,1209.4,1067.1,2366.2,1062.9,1133.8,,,1546.1,1340.4,1929.8,1253.9,3359.4,,,4122.9,4001.7,6478.9,2567.1,4691.6,,,,,,,,,,,,,,,,,118.7,124.9,350.2,86.4,127.1,,,99.8,214.0,283.7,95.4,143.5,,,183.1,334.7,779.7,240.1,278.8,,,665.3,549.7,1058.8,502.0,660.4,,,45.2,51.4,104.0,198.4,25.8,,,155.7,167.6,378.4,462.7,60.9,,,,,,,,,,,,,,,,,451.2,305.7,760.0,185.1,319.0,,,600.6,714.2,861.1,260.3,658.8,,,367.7,802.7,1353.8,294.1,660.4,,,1649.1,1374.3,2142.6,1162.8,3318.4,,,81.2,103.1,166.2,353.8,40.9,,,703.1,904.0,1026.8,1455.1,234.7,,,,,,,,,,,,,,,,,4691.6,2267.6,4388.9,2496.4,3887.3,,,4061.4,4251.8,4186.3,2159.6,3318.4,,,3127.7,5335.6,7774.7,3057.4,3832.6,,,4773.9,5039.1,8777.9,3359.4,5669.0,,,1462.9,1528.7,1902.9,1916.3,474.8,,,2694.2,3057.4,3359.4,3943.7,685.4,,,,,,,,,,,,,,,,,,,,,,,,,,,,,,,,,,,,,,,,,,,,,,,,,,,,,,,,,,,,,,,,,,,,,,,,,,,,,,,,,,,,,,,,,,,,,,,,,,,,,,,,,,,,,,,,,,,,,,,,,,,,,,,,
20260913_豊橋_3R,20260913,45,豊橋,3,235.2,197.9,552.4,312.2,1158.4,,,302.7,566.6,374.5,718.2,1890.1,,,421.8,855.0,1928.1,883.9,2097.0,,,444.0,283.3,914.9,635.6,2227.1,,,485.2,820.8,855.0,1254.5,2635.7,,,3122.7,2992.6,3264.7,4104.2,2762.4,,,,,,,,,,,,,,,,,101.1,60.1,243.8,90.2,433.3,,,179.0,100.7,491.9,199.9,529.0,,,14.8,33.1,63.5,3.7,18.0,,,333.6,515.7,214.0,275.4,716.4,,,33.8,57.8,4.0,77.1,59.4,,,903.4,718.2,195.1,1172.6,347.3,,,,,,,,,,,,,,,,,568.9,1172.6,582.7,1265.6,2052.1,,,597.2,478.8,1536.3,945.0,1670.3,,,1865.5,870.5,3990.2,2244.5,3024.1,,,932.7,2037.5,3780.2,2901.9,4419.9,,,1167.8,1238.3,2081.8,2872.9,4633.8,,,4046.4,3157.1,5223.5,5745.9,7007.2,,,,,,,,,,,,,,,,,323.1,682.4,1311.8,546.1,1104.9,,,62.7,102.9,224.4,21.8,60.0,,,980.5,497.0,2052.1,948.1,1605.0,,,1795.6,1052.3,2160.1,1465.7,2710.3,,,307.9,68.9,561.1,855.0,361.3,,,1651.1,390.3,1305.8,2872.9,844.9,,,,,,,,,,,,,,,,,617.8,292.8,1172.6,634.2,1348.8,,,697.3,878.5,631.4,669.6,2298.3,,,598.5,1670.3,3302.2,1967.7,4224.9,,,2816.6,1614.0,3503.6,2052.1,4869.4,,,211.7,504.9,305.3,588.7,2009.0,,,4953.3,4489.0,5524.9,7182.4,4869.4,,,,,,,,,,,,,,,,,281.1,411.0,509.3,504.9,1561.3,,,81.4,73.1,8.9,89.9,101.6,,,531.0,446.1,720.0,875.9,1751.8,,,361.3,47.6,328.3,587.5,244.0,,,167.2,304.3,262.8,434.6,1387.9,,,1915.3,525.2,1415.2,624.5,1784.4,,,,,,,,,,,,,,,,,4288.0,3990.2,3990.2,7980.4,4788.2,,,3731.1,2789.2,764.0,4869.4,1877.7,,,7980.4,5745.9,7182.4,7980.4,7764.7,,,3636.6,945.0,4419.9,5524.9,2144.0,,,8705.9,6112.6,7980.4,6112.6,6245.5,,,6384.3,2244.5,6840.3,2710.3,5320.3,,,,,,,,,,,,,,,,,,,,,,,,,,,,,,,,,,,,,,,,,,,,,,,,,,,,,,,,,,,,,,,,,,,,,,,,,,,,,,,,,,,,,,,,,,,,,,,,,,,,,,,,,,,,,,,,,,,,,,,,,,,,,,,,
20260913_豊橋_4R,20260913,45,豊橋,4,36.6,243.2,32.8,88.9,361.2,,,163.1,731.1,278.0,388.3,1128.2,,,735.0,1171.6,1004.2,583.3,1105.5,,,65.0,140.1,373.0,131.4,605.2,,,66.9,137.0,250.6,113.9,405.5,,,1128.2,1865.1,1137.6,1803.7,828.3,,,,,,,,,,,,,,,,,42.8,210.2,30.3,117.1,293.8,,,30.1,113.5,12.6,93.7,122.8,,,409.2,301.9,239.4,856.7,532.3,,,11.7,4.3,68.5,48.2,68.8,,,277.2,256.4,770.1,225.2,1101.0,,,828.3,435.8,557.2,319.5,1251.9,,,,,,,,,,,,,,,,,222.0,1337.4,393.9,818.4,2030.8,,,125.4,347.0,53.7,295.7,524.2,,,2284.7,1176.6,1972.4,2916.7,3012.8,,,348.3,95.8,986.2,755.2,1377.7,,,1337.4,790.1,2769.3,1548.9,3861.5,,,3973.4,1622.3,2714.5,3151.3,4494.5,,,,,,,,,,,,,,,,,1079.4,1735.2,1443.0,1023.0,1092.3,,,781.1,475.1,534.4,1427.9,625.9,,,2515.3,785.5,1070.9,3343.5,1128.2,,,1443.0,955.2,1713.5,2562.3,1305.5,,,1713.5,2586.5,3343.5,3151.3,1692.4,,,680.3,495.7,640.5,529.2,870.3,,,,,,,,,,,,,,,,,48.7,107.1,192.2,59.3,328.3,,,16.4,6.3,54.9,54.3,79.9,,,129.8,44.8,344.0,352.4,513.4,,,423.1,315.8,481.8,614.7,356.9,,,224.9,256.9,427.7,749.0,955.2,,,692.3,413.5,765.8,270.3,846.2,,,,,,,,,,,,,,,,,263.8,393.3,395.6,287.9,717.7,,,518.2,585.8,1299.3,621.7,1757.5,,,1114.5,1246.2,2384.0,1986.7,3470.5,,,1240.5,2447.9,3303.2,3263.9,1780.3,,,567.6,721.5,1343.9,2211.0,2636.2,,,2141.9,2769.3,4494.5,1735.2,3470.5,,,,,,,,,,,,,,,,,2109.0,3046.3,1096.6,2284.7,1803.7,,,1958.3,1007.9,1054.5,1000.6,2363.5,,,5173.0,2211.0,2797.6,3470.5,5173.0,,,657.4,579.6,935.7,609.2,898.9,,,1815.6,1101.0,2046.0,729.1,2636.2,,,2741.7,3151.3,4727.0,1757.5,3384.8,,,,,,,,,,,,,,,,,,,,,,,,,,,,,,,,,,,,,,,,,,,,,,,,,,,,,,,,,,,,,,,,,,,,,,,,,,,,,,,,,,,,,,,,,,,,,,,,,,,,,,,,,,,,,,,,,,,,,,,,,,,,,,,,
20260913_豊橋_5R,20260913,45,豊橋,5,164.5,167.8,392.4,445.6,113.0,,,139.3,128.8,497.4,880.9,140.8,,,141.6,138.0,481.1,709.1,170.6,,,911.8,1015.8,939.6,1342.3,1057.1,,,1186.9,1752.7,1337.0,1537.6,1040.8,,,84.5,120.9,157.7,350.1,316.7,,,,,,,,,,,,,,,,,141.7,107.2,301.7,274.5,60.0,,,211.1,216.1,420.2,434.2,124.4,,,89.3,140.7,249.2,191.7,53.8,,,435.9,554.5,451.0,357.5,193.4,,,293.6,397.5,227.1,272.5,93.8,,,15.3,37.2,20.3,43.8,14.2,,,,,,,,,,,,,,,,,149.4,136.1,506.4,892.5,154.6,,,193.4,213.5,472.4,533.5,162.7,,,112.6,138.6,417.1,508.6,133.2,,,1031.3,1234.5,1127.5,2301.2,1375.1,,,1618.5,1375.1,1311.1,2210.9,1321.4,,,115.2,102.8,118.9,441.0,375.4,,,,,,,,,,,,,,,,,73.5,79.2,280.0,422.8,72.9,,,59.9,87.6,215.6,190.3,51.8,,,75.2,88.2,270.1,359.4,78.9,,,400.3,635.8,455.9,856.4,246.0,,,792.2,632.2,792.2,1195.3,293.1,,,38.3,46.8,45.2,128.2,133.8,,,,,,,,,,,,,,,,,1530.6,1573.3,1262.2,2114.2,1537.6,,,1415.3,2451.2,1566.1,1451.8,753.4,,,1691.3,2967.3,1900.4,6040.6,2332.9,,,1358.5,1708.4,1808.9,4282.0,1708.4,,,2050.1,1900.4,3487.4,4176.2,2941.5,,,1458.0,786.6,897.2,1650.1,2866.7,,,,,,,,,,,,,,,,,1922.0,3888.2,2967.3,1978.2,2993.6,,,958.2,1057.1,751.7,1174.5,374.2,,,3676.9,2663.6,2349.1,5369.5,3888.2,,,2270.3,1199.5,1989.8,3560.8,1610.8,,,1944.1,1868.9,4698.3,3933.4,2750.2,,,2270.3,530.2,2642.8,1650.1,1752.7,,,,,,,,,,,,,,,,,47.4,55.2,70.4,184.2,159.6,,,22.3,29.3,29.1,39.1,11.4,,,58.1,54.0,93.3,209.0,191.9,,,57.3,57.1,65.0,192.4,175.8,,,449.2,245.1,480.5,552.7,530.2,,,344.4,144.9,417.1,406.0,398.9,,,,,,,,,,,,,,,,,,,,,,,,,,,,,,,,,,,,,,,,,,,,,,,,,,,,,,,,,,,,,,,,,,,,,,,,,,,,,,,,,,,,,,,,,,,,,,,,,,,,,,,,,,,,,,,,,,,,,,,,,,,,,,,,
20260913_豊橋_6R,20260913,45,豊橋,6,21.0,69.2,61.7,181.1,62.6,,,39.6,150.8,160.3,290.8,127.1,,,85.5,190.4,268.4,160.4,165.5,,,94.3,220.0,258.6,275.6,166.2,,,214.4,326.7,183.7,273.7,370.8,,,53.9,89.2,113.0,89.5,234.7,,,,,,,,,,,,,,,,,29.9,105.8,107.3,245.3,152.6,,,17.1,23.3,21.7,47.7,115.5,,,160.1,57.8,204.6,199.8,589.9,,,168.4,62.1,197.3,244.0,507.1,,,374.3,162.5,269.2,370.0,874.1,,,609.0,318.6,1127.8,1004.2,1228.5,,,,,,,,,,,,,,,,,49.5,140.2,147.0,250.1,272.0,,,16.3,22.4,22.9,48.2,121.3,,,172.7,78.4,181.1,147.7,584.1,,,225.9,104.5,178.0,301.7,665.7,,,335.0,189.4,187.2,293.2,857.3,,,608.0,515.8,1039.2,1060.8,1568.0,,,,,,,,,,,,,,,,,214.5,271.8,343.7,222.1,537.6,,,158.4,76.5,164.0,125.5,465.5,,,222.1,100.8,219.6,154.2,657.1,,,349.1,252.6,302.2,188.6,926.2,,,107.6,65.0,98.9,70.4,243.7,,,1103.4,1396.5,1581.9,1588.9,796.2,,,,,,,,,,,,,,,,,141.4,259.4,331.0,174.9,291.1,,,133.2,96.6,225.8,173.2,490.4,,,256.6,125.9,294.9,375.1,735.6,,,351.5,268.6,356.8,192.6,1070.4,,,150.6,161.5,404.8,171.2,668.2,,,893.7,1183.8,1453.3,1702.4,1521.3,,,,,,,,,,,,,,,,,293.2,499.3,191.3,312.7,526.5,,,305.8,214.5,160.2,299.9,818.1,,,418.1,255.3,200.5,355.7,869.8,,,107.3,68.1,121.2,66.3,281.9,,,208.8,206.0,460.1,129.7,706.5,,,1286.0,1241.3,2103.0,935.9,1743.9,,,,,,,,,,,,,,,,,401.7,512.1,563.9,601.8,1054.6,,,979.4,857.3,2042.9,1596.0,1901.6,,,1021.4,1113.7,2103.0,2054.6,3163.8,,,1300.0,2153.7,2572.0,2019.8,2153.7,,,1276.8,2031.3,2415.6,2837.4,2837.4,,,2153.7,1986.1,3372.7,2115.4,2815.0,,,,,,,,,,,,,,,,,,,,,,,,,,,,,,,,,,,,,,,,,,,,,,,,,,,,,,,,,,,,,,,,,,,,,,,,,,,,,,,,,,,,,,,,,,,,,,,,,,,,,,,,,,,,,,,,,,,,,,,,,,,,,,,,
20260913_豊橋_7R,20260913,45,豊橋,7,8.3,14.8,7.7,12.3,3.4,,,41.6,100.2,35.3,136.7,207.4,,,76.6,109.1,111.3,84.1,209.6,,,68.8,46.1,145.5,158.5,337.3,,,65.7,203.1,90.0,175.3,331.3,,,103.9,598.5,771.4,591.3,580.0,,,,,,,,,,,,,,,,,42.1,50.3,55.1,41.4,10.1,,,200.6,1138.1,640.5,1663.8,771.4,,,354.7,1649.9,1539.9,934.9,981.6,,,337.9,913.2,1246.5,1522.0,1106.1,,,290.2,2365.5,777.5,1570.7,937.1,,,75.2,441.2,394.2,863.0,740.9,,,,,,,,,,,,,,,,,105.5,225.0,79.9,274.4,520.7,,,197.4,857.3,346.5,999.1,785.3,,,759.5,1227.1,790.0,1112.4,2866.2,,,95.4,151.3,238.1,293.2,557.7,,,835.4,1358.7,1090.7,851.7,3272.3,,,1699.9,1915.5,3739.7,1934.3,4908.4,,,,,,,,,,,,,,,,,518.0,861.1,804.6,498.3,1801.2,,,866.8,2635.4,2003.4,1131.6,1878.8,,,1270.8,2218.5,1636.1,1487.4,5453.8,,,1128.3,1906.2,1387.5,1459.7,4268.2,,,389.5,371.1,698.7,599.5,1072.8,,,4412.1,3635.9,7699.5,6333.5,3299.8,,,,,,,,,,,,,,,,,423.6,297.4,906.8,950.7,1250.5,,,681.7,943.9,2181.5,3141.4,1692.5,,,229.5,363.5,615.4,729.8,1331.1,,,1397.4,2635.4,1602.7,2099.8,4731.0,,,1433.1,3444.5,1516.1,1801.2,5034.3,,,2024.1,3887.8,4462.2,6544.6,5949.6,,,,,,,,,,,,,,,,,294.5,670.0,306.0,464.1,1760.8,,,514.6,2169.4,761.0,1539.9,1397.4,,,804.6,2583.4,1291.7,1784.8,5379.1,,,292.8,281.6,527.7,460.3,926.1,,,878.4,1522.0,1545.9,917.4,4006.9,,,5379.1,3669.8,9349.4,3299.8,8180.7,,,,,,,,,,,,,,,,,477.1,2394.3,2930.4,1826.4,4222.3,,,429.6,1963.3,2549.8,2485.3,3414.5,,,2930.4,3091.9,7139.5,6232.9,9816.9,,,5530.6,4674.7,9349.4,7409.0,4619.7,,,2193.7,4731.0,7271.8,6889.0,8013.8,,,6770.3,6333.5,8354.8,4847.8,8180.7,,,,,,,,,,,,,,,,,,,,,,,,,,,,,,,,,,,,,,,,,,,,,,,,,,,,,,,,,,,,,,,,,,,,,,,,,,,,,,,,,,,,,,,,,,,,,,,,,,,,,,,,,,,,,,,,,,,,,,,,,,,,,,,,
20260913_豊橋_8R,20260913,45,豊橋,8,7.7,30.9,8.7,75.4,55.6,,,6.8,32.9,15.3,61.9,8.8,,,102.3,186.9,93.7,352.7,467.5,,,22.4,61.2,35.3,244.3,237.8,,,343.7,351.8,605.8,532.9,733.3,,,238.1,97.4,518.7,329.0,437.4,,,,,,,,,,,,,,,,,19.9,68.0,31.3,180.1,134.5,,,50.6,300.0,158.4,419.0,255.4,,,310.7,576.7,174.1,628.2,1145.3,,,57.1,130.2,62.2,379.2,418.6,,,760.7,1188.7,1592.7,1332.4,1671.0,,,614.0,724.2,1368.2,1171.6,1377.5,,,,,,,,,,,,,,,,,37.4,138.1,42.3,127.3,24.7,,,83.3,580.0,249.0,589.2,331.4,,,828.7,1445.8,1235.5,2038.7,1618.0,,,279.2,468.1,805.8,1084.4,611.3,,,659.7,1220.7,1804.1,1742.4,1243.1,,,125.8,475.2,745.4,431.4,476.3,,,,,,,,,,,,,,,,,858.4,1363.6,912.1,2240.3,2370.5,,,847.6,1780.5,287.7,2277.8,2580.6,,,1757.5,2427.0,2664.9,4480.6,3484.9,,,937.3,280.6,1677.9,2018.5,2954.6,,,3545.5,3775.3,4854.0,4203.5,6910.8,,,4203.5,4337.6,4912.5,5033.8,6085.7,,,,,,,,,,,,,,,,,149.6,344.9,189.4,950.4,842.4,,,120.8,289.3,78.0,602.2,745.4,,,422.0,560.0,853.0,1650.7,1067.3,,,253.2,139.3,707.8,740.0,1359.1,,,1611.6,1820.2,3342.1,1828.4,3545.5,,,1488.1,2597.0,2580.6,2891.7,3640.5,,,,,,,,,,,,,,,,,1377.5,1016.8,2647.6,1742.4,3640.5,,,1796.2,2265.2,2240.3,2532.5,3740.7,,,1538.6,2773.7,3065.7,3810.6,2277.8,,,3042.8,2851.3,3288.2,2891.7,4337.6,,,2008.5,2532.5,4431.9,1735.0,5436.5,,,4530.4,5096.7,2736.5,4633.4,5909.3,,,,,,,,,,,,,,,,,1185.2,397.0,2329.9,1354.6,2343.3,,,1451.0,1691.8,3369.7,3136.4,4077.4,,,375.4,1306.8,2008.5,1684.8,1341.2,,,4118.6,5033.8,4854.0,4972.4,5436.5,,,1684.8,3846.6,3455.4,4203.5,6177.9,,,3640.5,4796.9,2891.7,5742.8,5824.8,,,,,,,,,,,,,,,,,,,,,,,,,,,,,,,,,,,,,,,,,,,,,,,,,,,,,,,,,,,,,,,,,,,,,,,,,,,,,,,,,,,,,,,,,,,,,,,,,,,,,,,,,,,,,,,,,,,,,,,,,,,,,,,,
20260913_豊橋_9R,20260913,45,豊橋,9,219.3,224.7,370.5,536.3,185.9,,,403.0,470.6,1099.2,1285.0,624.9,,,168.1,185.3,204.6,363.6,146.0,,,691.2,1249.8,406.8,1920.8,754.0,,,1448.2,1674.1,1260.6,2324.6,1092.7,,,213.9,420.9,189.7,510.0,614.4,,,,,,,,,,,,,,,,,132.9,134.7,275.0,464.3,92.4,,,52.0,52.3,102.4,146.7,28.8,,,101.5,145.5,253.1,619.6,97.8,,,248.8,215.8,165.6,609.7,129.5,,,476.4,372.7,640.2,706.6,196.2,,,29.8,21.8,40.7,53.7,50.8,,,,,,,,,,,,,,,,,239.2,318.3,597.3,950.4,356.9,,,81.6,84.9,158.2,224.3,57.3,,,296.4,283.5,585.3,1016.6,388.2,,,333.6,235.6,468.2,582.0,288.3,,,877.3,600.2,1145.8,1351.7,536.7,,,164.4,76.4,223.4,194.8,192.0,,,,,,,,,,,,,,,,,151.5,183.0,154.2,404.3,134.6,,,241.6,351.4,661.7,1296.4,358.3,,,431.1,600.7,1081.3,1815.7,818.3,,,149.4,500.6,583.0,837.0,511.1,,,1171.6,2252.8,2332.0,2516.9,1685.7,,,152.2,313.6,506.8,519.8,809.2,,,,,,,,,,,,,,,,,554.2,949.1,309.2,1436.8,634.7,,,287.3,264.7,219.1,645.9,181.3,,,433.4,315.3,514.7,632.5,464.3,,,76.9,228.6,288.7,675.2,260.6,,,1327.1,1273.8,1334.4,1308.1,945.5,,,298.0,203.9,467.6,184.9,414.4,,,,,,,,,,,,,,,,,2038.9,2597.6,2140.5,3302.8,1414.5,,,1154.9,1054.8,1988.9,2044.6,572.4,,,2205.2,1230.9,1988.9,2919.7,1073.4,,,1793.4,2616.2,2873.7,3363.7,1689.6,,,3379.3,2693.4,3410.8,3229.7,1486.6,,,455.9,313.6,430.6,574.7,620.6,,,,,,,,,,,,,,,,,61.8,147.5,49.0,164.1,122.3,,,20.1,13.3,25.2,36.5,26.3,,,82.1,26.4,101.2,141.0,103.8,,,31.4,59.5,141.5,105.7,150.0,,,88.1,70.7,200.4,56.4,138.9,,,43.7,30.5,49.8,50.8,72.8,,,,,,,,,,,,,,,,,,,,,,,,,,,,,,,,,,,,,,,,,,,,,,,,,,,,,,,,,,,,,,,,,,,,,,,,,,,,,,,,,,,,,,,,,,,,,,,,,,,,,,,,,,,,,,,,,,,,,,,,,,,,,,,,
20260913_松山_1R,20260913,75,松山,1,301.9,435.7,362.1,525.4,,,,132.0,99.1,11.5,69.7,,,,458.0,282.8,263.3,579.3,,,,148.6,15.4,116.1,78.1,,,,522.8,120.7,450.3,168.2,,,,,,,,,,,,,,,,,,,,,,,,,657.5,871.4,641.8,974.4,,,,515.3,948.5,638.0,1624.0,,,,641.8,674.1,482.8,850.6,,,,406.0,388.3,491.6,983.3,,,,1674.8,2101.7,1880.4,2233.0,,,,,,,,,,,,,,,,,,,,,,,,,112.1,70.8,7.8,47.6,,,,364.5,661.6,399.9,1204.3,,,,236.6,546.8,246.9,932.0,,,,5.0,87.1,78.9,84.5,,,,297.7,1152.5,1177.8,325.7,,,,,,,,,,,,,,,,,,,,,,,,,739.2,491.6,505.6,916.1,,,,489.4,549.6,378.7,924.0,,,,448.4,850.6,430.4,1984.9,,,,401.4,437.5,333.9,818.2,,,,1880.4,2022.4,2977.4,2022.4,,,,,,,,,,,,,,,,,,,,,,,,,92.3,8.2,50.8,44.4,,,,113.3,173.4,72.5,367.0,,,,3.8,63.8,53.5,54.9,,,,63.9,45.3,114.3,292.8,,,,299.4,588.9,327.7,558.2,,,,,,,,,,,,,,,,,,,,,,,,,1093.7,493.9,1429.1,696.0,,,,1728.8,2330.1,1757.1,2614.3,,,,649.6,1984.9,2022.4,776.7,,,,2492.7,1531.2,3248.1,2280.5,,,,760.1,2101.7,734.1,1674.8,,,,,,,,,,,,,,,,,,,,,,,,,,,,,,,,,,,,,,,,,,,,,,,,,,,,,,,,,,,,,,,,,,,,,,,,,,,,,,,,,,,,,,,,,,,,,,,,,,,,,,,,,,,,,,,,,,,,,,,,,,,,,,,,,,,,,,,,,,,,,,,,,,,,,,,,,,,,,,,,,,,,,,,,,,,,,,,,,,,,,,,,,,,,,,,,
20260913_松山_2R,20260913,75,松山,2,14.3,28.7,38.7,152.1,,,,19.0,35.4,28.7,184.6,,,,13.4,7.8,20.2,5.3,,,,105.4,67.9,95.4,329.1,,,,393.3,371.2,120.1,495.4,,,,,,,,,,,,,,,,,,,,,,,,,86.8,72.2,190.9,543.8,,,,107.5,120.8,68.2,533.4,,,,89.8,180.1,266.7,205.3,,,,478.4,241.7,491.9,1301.2,,,,2175.4,2078.0,1313.4,1881.4,,,,,,,,,,,,,,,,,,,,,,,,,158.9,186.6,152.4,584.9,,,,108.7,155.3,64.7,624.3,,,,211.5,265.7,212.5,468.7,,,,154.5,117.7,182.2,513.7,,,,1131.9,1657.4,1243.1,1087.7,,,,,,,,,,,,,,,,,,,,,,,,,28.4,20.0,30.4,8.6,,,,95.7,206.8,317.8,219.9,,,,116.0,217.5,191.7,297.4,,,,121.0,370.2,180.5,231.2,,,,54.5,285.3,161.1,211.9,,,,,,,,,,,,,,,,,,,,,,,,,433.7,269.8,324.5,875.6,,,,440.5,245.1,592.4,1221.3,,,,244.6,172.0,331.4,848.9,,,,342.0,563.6,376.2,519.5,,,,2400.4,2486.2,2359.8,1881.4,,,,,,,,,,,,,,,,,,,,,,,,,2400.4,2486.2,376.2,2442.6,,,,3026.7,3093.9,2626.9,3867.4,,,,2900.5,3395.8,2729.9,3663.9,,,,373.2,1210.6,1079.2,1189.9,,,,3480.7,4491.2,3480.7,2109.5,,,,,,,,,,,,,,,,,,,,,,,,,,,,,,,,,,,,,,,,,,,,,,,,,,,,,,,,,,,,,,,,,,,,,,,,,,,,,,,,,,,,,,,,,,,,,,,,,,,,,,,,,,,,,,,,,,,,,,,,,,,,,,,,,,,,,,,,,,,,,,,,,,,,,,,,,,,,,,,,,,,,,,,,,,,,,,,,,,,,,,,,,,,,,,,,
20260913_松山_3R,20260913,75,松山,3,382.2,268.7,443.2,1666.5,575.9,,,304.8,219.2,416.6,339.6,213.2,,,137.5,152.9,198.7,776.3,220.4,,,644.2,675.6,462.9,1666.5,886.4,,,2450.7,2154.9,2314.6,3204.8,3204.8,,,373.1,293.4,264.8,433.9,1275.3,,,,,,,,,,,,,,,,,314.8,237.6,349.1,1225.3,375.3,,,140.4,150.0,46.8,146.8,39.6,,,301.1,219.6,239.4,589.5,354.0,,,192.5,57.7,181.1,349.1,88.2,,,1623.2,657.8,1190.3,796.1,1016.1,,,136.3,48.1,166.8,73.5,222.4,,,,,,,,,,,,,,,,,92.9,80.5,144.3,109.9,69.0,,,75.1,89.7,29.2,55.0,21.3,,,130.3,90.8,118.5,124.8,75.3,,,203.2,76.2,142.3,124.3,64.5,,,136.3,67.8,107.0,98.8,43.0,,,21.1,8.0,28.3,13.6,13.1,,,,,,,,,,,,,,,,,128.0,187.9,177.0,686.7,211.1,,,170.7,214.7,201.2,592.3,314.0,,,245.0,228.9,322.9,378.7,237.1,,,270.5,246.0,318.8,850.2,494.0,,,1315.6,1358.5,1179.1,1666.5,2049.0,,,287.3,374.2,344.3,501.9,1436.6,,,,,,,,,,,,,,,,,555.5,557.9,568.1,1623.2,661.3,,,310.9,100.9,286.0,671.9,189.9,,,360.1,118.4,398.0,407.1,149.3,,,668.3,360.1,464.6,1315.6,786.0,,,2840.6,1388.7,1436.6,2314.6,2272.5,,,563.0,284.0,207.6,706.1,1126.0,,,,,,,,,,,,,,,,,4629.2,2975.9,4031.9,4166.3,4031.9,,,3787.5,1201.8,2659.3,2358.2,2314.6,,,1952.9,743.9,1106.0,1179.1,550.6,,,5207.8,2906.7,2499.7,4166.3,4463.8,,,3378.0,3048.5,2358.2,3676.1,3204.8,,,3787.5,1666.5,822.2,2603.9,2840.6,,,,,,,,,,,,,,,,,321.3,234.9,183.2,361.2,856.0,,,238.9,90.3,287.3,143.9,449.6,,,62.7,33.1,83.0,49.0,42.0,,,303.3,368.6,282.1,478.8,1237.5,,,497.9,241.7,173.1,563.0,806.3,,,1262.5,1086.8,362.2,1644.5,1275.3,,,,,,,,,,,,,,,,,,,,,,,,,,,,,,,,,,,,,,,,,,,,,,,,,,,,,,,,,,,,,,,,,,,,,,,,,,,,,,,,,,,,,,,,,,,,,,,,,,,,,,,,,,,,,,,,,,,,,,,,,,,,,,,,
20260913_松山_4R,20260913,75,松山,4,523.2,556.6,1172.6,802.6,814.4,,,300.0,376.6,603.4,197.7,465.7,,,469.7,403.2,257.1,373.2,343.7,,,1046.4,888.9,436.2,822.5,754.9,,,529.9,216.9,348.8,619.2,448.0,,,492.0,381.8,338.1,435.1,389.9,,,,,,,,,,,,,,,,,722.0,669.3,1463.1,787.3,1233.8,,,359.4,314.3,594.7,160.5,590.4,,,540.3,431.6,386.3,507.1,888.9,,,1545.2,1124.7,490.6,1437.7,1740.4,,,357.8,196.5,348.0,939.4,542.0,,,1301.8,1215.7,1059.8,1574.6,1033.3,,,,,,,,,,,,,,,,,138.5,150.3,276.9,101.9,250.1,,,78.4,74.5,174.5,30.6,149.2,,,127.2,88.3,83.9,75.3,209.8,,,402.2,292.1,157.4,248.2,524.8,,,37.0,10.5,29.4,69.0,72.9,,,271.4,221.0,260.7,469.7,198.4,,,,,,,,,,,,,,,,,249.0,218.4,153.5,243.1,198.2,,,257.1,201.3,198.4,328.0,411.2,,,92.8,65.5,52.4,73.1,176.4,,,48.6,75.6,33.4,64.5,64.8,,,122.9,134.9,99.9,63.8,150.4,,,203.6,348.8,269.2,170.6,306.1,,,,,,,,,,,,,,,,,928.8,779.9,290.0,934.1,626.2,,,1355.2,879.4,367.4,996.0,1301.8,,,633.4,490.6,241.0,549.2,898.5,,,127.0,178.3,123.2,110.7,135.4,,,610.1,787.3,540.3,219.8,669.3,,,612.3,802.6,835.0,273.7,779.9,,,,,,,,,,,,,,,,,123.5,147.0,98.7,202.8,156.4,,,158.0,87.9,133.1,384.5,232.2,,,47.4,10.8,25.3,72.8,74.5,,,53.0,50.0,76.3,33.4,93.4,,,233.2,272.8,216.4,90.3,240.3,,,149.7,142.7,155.9,120.3,202.8,,,,,,,,,,,,,,,,,518.3,425.0,306.7,493.5,368.2,,,843.5,776.2,798.7,1206.8,814.4,,,460.5,437.4,445.6,638.3,365.7,,,332.6,499.5,396.4,237.8,356.3,,,734.8,1002.0,814.4,400.3,728.3,,,155.1,187.6,145.9,151.1,187.4,,,,,,,,,,,,,,,,,,,,,,,,,,,,,,,,,,,,,,,,,,,,,,,,,,,,,,,,,,,,,,,,,,,,,,,,,,,,,,,,,,,,,,,,,,,,,,,,,,,,,,,,,,,,,,,,,,,,,,,,,,,,,,,,
20260913_松山_5R,20260913,75,松山,5,415.5,535.2,387.6,840.3,183.2,,,255.8,767.4,268.6,316.0,61.8,,,1392.7,1953.4,1769.6,1979.1,1016.3,,,324.1,449.0,1044.5,712.8,179.7,,,831.0,501.3,1285.6,1148.2,218.3,,,33.4,29.5,148.7,45.9,41.5,,,,,,,,,,,,,,,,,550.9,706.1,420.1,1097.9,258.4,,,525.9,580.7,324.8,1534.8,418.9,,,859.5,712.8,280.6,1834.3,826.4,,,158.3,174.2,95.8,437.2,102.9,,,3760.4,5013.9,3200.3,3581.3,4178.2,,,121.6,155.5,345.7,105.1,911.6,,,,,,,,,,,,,,,,,71.9,193.3,108.8,77.4,22.4,,,145.4,140.7,88.1,331.3,129.1,,,699.6,345.7,546.9,922.8,559.1,,,144.7,45.2,205.2,529.6,93.7,,,398.9,668.5,755.8,946.0,485.2,,,18.9,48.8,157.8,61.5,115.7,,,,,,,,,,,,,,,,,2892.6,3418.5,3760.4,3418.5,2949.3,,,2118.5,2118.5,634.6,4558.1,2549.4,,,4178.2,2892.6,3581.3,3958.3,2350.2,,,3418.5,709.5,3008.3,5571.0,3200.3,,,5372.0,7162.7,4700.5,7162.7,5785.2,,,2212.0,1583.3,1928.4,3200.3,4424.0,,,,,,,,,,,,,,,,,218.3,441.1,791.6,629.3,218.3,,,104.9,103.3,31.0,696.3,72.4,,,363.3,132.0,496.4,1166.0,228.9,,,1106.0,191.1,864.4,2785.5,869.4,,,3200.3,3133.7,2314.1,4297.6,1812.2,,,92.5,67.5,140.5,278.5,619.0,,,,,,,,,,,,,,,,,3008.3,1979.1,3760.4,3760.4,619.0,,,4178.2,5013.9,4700.5,5013.9,4178.2,,,2005.5,4297.6,3668.7,3856.8,1812.2,,,5571.0,6539.9,4852.1,7520.8,6267.4,,,5013.9,5013.9,4424.0,5013.9,2593.4,,,723.1,2734.8,1834.3,4297.6,1979.1,,,,,,,,,,,,,,,,,10.1,11.0,58.5,15.4,17.6,,,39.6,54.0,96.2,35.9,288.1,,,25.4,48.8,167.8,55.4,180.3,,,522.2,326.9,471.5,533.3,940.1,,,50.7,33.4,65.4,160.5,254.0,,,227.5,748.3,506.4,989.5,709.5,,,,,,,,,,,,,,,,,,,,,,,,,,,,,,,,,,,,,,,,,,,,,,,,,,,,,,,,,,,,,,,,,,,,,,,,,,,,,,,,,,,,,,,,,,,,,,,,,,,,,,,,,,,,,,,,,,,,,,,,,,,,,,,,
20260913_松山_6R,20260913,75,松山,6,512.0,148.5,1439.4,1210.9,446.1,,,657.6,228.7,652.0,786.4,755.3,,,17.3,19.9,45.1,22.6,15.4,,,3721.4,1838.2,887.0,3178.7,3721.4,,,1525.7,617.7,238.7,2148.9,1525.7,,,306.3,620.2,139.4,1121.9,1105.6,,,,,,,,,,,,,,,,,1282.1,472.3,2630.6,2724.6,1130.2,,,1525.7,1733.8,2630.6,3051.5,1838.2,,,369.4,1293.0,2347.3,1753.7,531.6,,,4623.5,4238.2,5651.0,5868.4,4123.7,,,4487.6,3632.8,2991.7,6357.4,2542.9,,,633.1,696.7,420.3,1121.9,1074.4,,,,,,,,,,,,,,,,,1374.5,456.8,1495.8,1155.8,1495.8,,,1714.3,1640.6,2724.6,2347.3,1838.2,,,187.6,990.7,271.4,248.4,1260.9,,,2148.9,2774.1,1074.4,505.2,1816.4,,,842.9,1589.3,450.0,114.0,1045.0,,,2460.9,2119.1,2119.1,2148.9,2061.8,,,,,,,,,,,,,,,,,4.8,5.2,29.8,9.5,5.5,,,61.8,167.3,415.7,292.8,94.5,,,46.6,155.0,96.2,77.6,128.5,,,485.9,1105.6,425.0,712.9,971.8,,,84.1,289.5,54.2,267.2,268.1,,,57.1,66.3,205.9,378.6,298.5,,,,,,,,,,,,,,,,,4921.8,3912.2,2630.6,7628.9,6103.1,,,5868.4,6103.1,5651.0,9999.9,6103.1,,,5449.2,5651.0,2774.1,1795.0,3632.8,,,2460.9,4921.8,2676.8,4359.3,4921.8,,,8975.2,9999.9,2034.3,6103.1,8975.2,,,9536.1,7265.6,5651.0,6935.3,9536.1,,,,,,,,,,,,,,,,,2347.3,881.9,358.1,3912.2,3246.3,,,3548.3,2421.8,2774.1,5868.4,3467.6,,,730.0,1024.0,206.7,183.8,696.7,,,200.4,1201.4,163.7,681.1,774.5,,,6103.1,7628.9,862.0,2090.1,4238.2,,,3548.3,1838.2,1795.0,2148.9,3721.4,,,,,,,,,,,,,,,,,706.3,1230.4,321.2,2934.2,1907.2,,,462.3,699.9,342.8,1173.6,1250.6,,,1399.8,2090.1,1260.9,2148.9,2421.8,,,243.7,492.1,649.2,1425.9,1037.9,,,5085.9,2724.6,3467.6,3467.6,6633.8,,,3316.9,2934.2,2090.1,1658.4,4623.5,,,,,,,,,,,,,,,,,,,,,,,,,,,,,,,,,,,,,,,,,,,,,,,,,,,,,,,,,,,,,,,,,,,,,,,,,,,,,,,,,,,,,,,,,,,,,,,,,,,,,,,,,,,,,,,,,,,,,,,,,,,,,,,,
20260913_松山_7R,20260913,75,松山,7,44.3,83.5,22.6,127.5,8.1,,,86.8,191.5,74.2,103.7,64.1,,,235.3,333.8,325.3,569.6,130.4,,,10.4,22.2,55.4,33.3,4.9,,,259.7,112.0,430.4,220.8,217.0,,,5.4,26.2,17.2,14.9,82.1,,,,,,,,,,,,,,,,,393.9,426.8,102.8,617.8,43.8,,,865.7,3563.6,2553.9,2641.9,846.6,,,1432.1,3648.4,1741.3,3830.8,846.6,,,382.1,1964.5,2432.3,1647.6,625.4,,,1990.0,2394.3,4506.9,3192.4,2641.9,,,48.4,373.7,125.3,301.0,603.2,,,,,,,,,,,,,,,,,740.2,1126.7,470.0,733.1,603.2,,,1563.6,3260.3,1964.5,2891.2,1683.9,,,4378.1,4788.6,4788.6,4943.0,3929.1,,,785.8,3192.4,5283.9,2891.2,1647.6,,,766.1,1630.1,1761.3,1056.7,1216.1,,,1216.1,1761.3,2043.1,2016.2,2946.8,,,,,,,,,,,,,,,,,2688.3,4141.5,2128.2,2432.3,1473.4,,,3737.4,9577.2,5893.6,6129.4,1547.8,,,6384.8,9013.8,9577.2,9999.9,6662.4,,,3929.1,9013.8,8513.0,7296.9,5893.6,,,5472.6,9577.2,7661.7,5675.3,6965.2,,,1473.4,1178.7,4141.5,4256.5,6384.8,,,,,,,,,,,,,,,,,96.8,145.1,337.5,283.7,64.9,,,408.6,1517.1,2043.1,2553.9,549.2,,,806.5,2357.4,4788.6,2736.3,1891.7,,,2253.4,4643.5,5107.8,4788.6,4256.5,,,1502.3,3737.4,2837.6,5893.6,2553.9,,,304.6,541.4,896.1,1276.9,2070.7,,,,,,,,,,,,,,,,,2287.0,1276.9,4643.5,1405.8,2512.0,,,2946.8,3830.8,7661.7,3929.1,2321.7,,,793.9,2432.3,2321.7,1990.0,1868.7,,,8513.0,8065.0,6965.2,9999.9,7661.7,,,2394.3,4378.1,3482.6,5107.8,3563.6,,,3482.6,2512.0,3004.6,3737.4,3648.4,,,,,,,,,,,,,,,,,79.8,358.8,197.2,136.6,815.0,,,61.2,326.0,85.9,245.9,494.3,,,770.0,875.6,1320.9,1380.5,2432.3,,,422.1,243.2,1071.5,1143.5,1102.4,,,327.4,514.2,1008.1,1086.7,2070.7,,,1891.7,1235.7,2158.2,1356.0,2357.4,,,,,,,,,,,,,,,,,,,,,,,,,,,,,,,,,,,,,,,,,,,,,,,,,,,,,,,,,,,,,,,,,,,,,,,,,,,,,,,,,,,,,,,,,,,,,,,,,,,,,,,,,,,,,,,,,,,,,,,,,,,,,,,,
