race_key,date,jo_code,jo_name,race_no,1-2-3,1-2-4,1-2-5,1-2-6,1-2-7,1-2-8,1-2-9,1-3-2,1-3-4,1-3-5,1-3-6,1-3-7,1-3-8,1-3-9,1-4-2,1-4-3,1-4-5,1-4-6,1-4-7,1-4-8,1-4-9,1-5-2,1-5-3,1-5-4,1-5-6,1-5-7,1-5-8,1-5-9,1-6-2,1-6-3,1-6-4,1-6-5,1-6-7,1-6-8,1-6-9,1-7-2,1-7-3,1-7-4,1-7-5,1-7-6,1-7-8,1-7-9,1-8-2,1-8-3,1-8-4,1-8-5,1-8-6,1-8-7,1-8-9,1-9-2,1-9-3,1-9-4,1-9-5,1-9-6,1-9-7,1-9-8,2-1-3,2-1-4,2-1-5,2-1-6,2-1-7,2-1-8,2-1-9,2-3-1,2-3-4,2-3-5,2-3-6,2-3-7,2-3-8,2-3-9,2-4-1,2-4-3,2-4-5,2-4-6,2-4-7,2-4-8,2-4-9,2-5-1,2-5-3,2-5-4,2-5-6,2-5-7,2-5-8,2-5-9,2-6-1,2-6-3,2-6-4,2-6-5,2-6-7,2-6-8,2-6-9,2-7-1,2-7-3,2-7-4,2-7-5,2-7-6,2-7-8,2-7-9,2-8-1,2-8-3,2-8-4,2-8-5,2-8-6,2-8-7,2-8-9,2-9-1,2-9-3,2-9-4,2-9-5,2-9-6,2-9-7,2-9-8,3-1-2,3-1-4,3-1-5,3-1-6,3-1-7,3-1-8,3-1-9,3-2-1,3-2-4,3-2-5,3-2-6,3-2-7,3-2-8,3-2-9,3-4-1,3-4-2,3-4-5,3-4-6,3-4-7,3-4-8,3-4-9,3-5-1,3-5-2,3-5-4,3-5-6,3-5-7,3-5-8,3-5-9,3-6-1,3-6-2,3-6-4,3-6-5,3-6-7,3-6-8,3-6-9,3-7-1,3-7-2,3-7-4,3-7-5,3-7-6,3-7-8,3-7-9,3-8-1,3-8-2,3-8-4,3-8-5,3-8-6,3-8-7,3-8-9,3-9-1,3-9-2,3-9-4,3-9-5,3-9-6,3-9-7,3-9-8,4-1-2,4-1-3,4-1-5,4-1-6,4-1-7,4-1-8,4-1-9,4-2-1,4-2-3,4-2-5,4-2-6,4-2-7,4-2-8,4-2-9,4-3-1,4-3-2,4-3-5,4-3-6,4-3-7,4-3-8,4-3-9,4-5-1,4-5-2,4-5-3,4-5-6,4-5-7,4-5-8,4-5-9,4-6-1,4-6-2,4-6-3,4-6-5,4-6-7,4-6-8,4-6-9,4-7-1,4-7-2,4-7-3,4-7-5,4-7-6,4-7-8,4-7-9,4-8-1,4-8-2,4-8-3,4-8-5,4-8-6,4-8-7,4-8-9,4-9-1,4-9-2,4-9-3,4-9-5,4-9-6,4-9-7,4-9-8,5-1-2,5-1-3,5-1-4,5-1-6,5-1-7,5-1-8,5-1-9,5-2-1,5-2-3,5-2-4,5-2-6,5-2-7,5-2-8,5-2-9,5-3-1,5-3-2,5-3-4,5-3-6,5-3-7,5-3-8,5-3-9,5-4-1,5-4-2,5-4-3,5-4-6,5-4-7,5-4-8,5-4-9,5-6-1,5-6-2,5-6-3,5-6-4,5-6-7,5-6-8,5-6-9,5-7-1,5-7-2,5-7-3,5-7-4,5-7-6,5-7-8,5-7-9,5-8-1,5-8-2,5-8-3,5-8-4,5-8-6,5-8-7,5-8-9,5-9-1,5-9-2,5-9-3,5-9-4,5-9-6,5-9-7,5-9-8,6-1-2,6-1-3,6-1-4,6-1-5,6-1-7,6-1-8,6-1-9,6-2-1,6-2-3,6-2-4,6-2-5,6-2-7,6-2-8,6-2-9,6-3-1,6-3-2,6-3-4,6-3-5,6-3-7,6-3-8,6-3-9,6-4-1,6-4-2,6-4-3,6-4-5,6-4-7,6-4-8,6-4-9,6-5-1,6-5-2,6-5-3,6-5-4,6-5-7,6-5-8,6-5-9,6-7-1,6-7-2,6-7-3,6-7-4,6-7-5,6-7-8,6-7-9,6-8-1,6-8-2,6-8-3,6-8-4,6-8-5,6-8-7,6-8-9,6-9-1,6-9-2,6-9-3,6-9-4,6-9-5,6-9-7,6-9-8,7-1-2,7-1-3,7-1-4,7-1-5,7-1-6,7-1-8,7-1-9,7-2-1,7-2-3,7-2-4,7-2-5,7-2-6,7-2-8,7-2-9,7-3-1,7-3-2,7-3-4,7-3-5,7-3-6,7-3-8,7-3-9,7-4-1,7-4-2,7-4-3,7-4-5,7-4-6,7-4-8,7-4-9,7-5-1,7-5-2,7-5-3,7-5-4,7-5-6,7-5-8,7-5-9,7-6-1,7-6-2,7-6-3,7-6-4,7-6-5,7-6-8,7-6-9,7-8-1,7-8-2,7-8-3,7-8-4,7-8-5,7-8-6,7-8-9,7-9-1,7-9-2,7-9-3,7-9-4,7-9-5,7-9-6,7-9-8,8-1-2,8-1-3,8-1-4,8-1-5,8-1-6,8-1-7,8-1-9,8-2-1,8-2-3,8-2-4,8-2-5,8-2-6,8-2-7,8-2-9,8-3-1,8-3-2,8-3-4,8-3-5,8-3-6,8-3-7,8-3-9,8-4-1,8-4-2,8-4-3,8-4-5,8-4-6,8-4-7,8-4-9,8-5-1,8-5-2,8-5-3,8-5-4,8-5-6,8-5-7,8-5-9,8-6-1,8-6-2,8-6-3,8-6-4,8-6-5,8-6-7,8-6-9,8-7-1,8-7-2,8-7-3,8-7-4,8-7-5,8-7-6,8-7-9,8-9-1,8-9-2,8-9-3,8-9-4,8-9-5,8-9-6,8-9-7,9-1-2,9-1-3,9-1-4,9-1-5,9-1-6,9-1-7,9-1-8,9-2-1,9-2-3,9-2-4,9-2-5,9-2-6,9-2-7,9-2-8,9-3-1,9-3-2,9-3-4,9-3-5,9-3-6,9-3-7,9-3-8,9-4-1,9-4-2,9-4-3,9-4-5,9-4-6,9-4-7,9-4-8,9-5-1,9-5-2,9-5-3,9-5-4,9-5-6,9-5-7,9-5-8,9-6-1,9-6-2,9-6-3,9-6-4,9-6-5,9-6-7,9-6-8,9-7-1,9-7-2,9-7-3,9-7-4,9-7-5,9-7-6,9-7-8,9-8-1,9-8-2,9-8-3,9-8-4,9-8-5,9-8-6,9-8-7
20260918_立川_1R,20260918,28,立川,1,831.9,733.0,613.6,1937.2,,,,519.5,322.1,208.3,410.9,,,,691.8,466.0,555.7,1540.9,,,,341.5,221.9,349.5,437.4,,,,2118.8,935.2,2054.6,1221.6,,,,,,,,,,,,,,,,,,,,,,,,,610.8,396.5,434.6,1159.0,,,,293.5,135.0,266.4,230.2,,,,156.9,103.1,119.5,226.7,,,,311.7,440.2,339.0,695.4,,,,1329.4,456.5,816.9,948.2,,,,,,,,,,,,,,,,,,,,,,,,,89.2,58.9,38.2,69.9,,,,77.0,28.4,57.0,46.4,,,,23.7,7.6,9.0,15.0,,,,21.2,51.7,22.1,32.6,,,,20.2,17.0,14.8,9.1,,,,,,,,,,,,,,,,,,,,,,,,,345.0,258.2,351.3,874.8,,,,126.2,61.3,87.0,181.0,,,,79.2,40.5,48.0,75.7,,,,228.2,229.0,129.7,482.5,,,,774.8,458.1,202.3,605.3,,,,,,,,,,,,,,,,,,,,,,,,,295.4,170.7,292.8,375.6,,,,440.2,521.5,504.1,1179.1,,,,113.2,279.0,129.2,226.3,,,,357.8,441.7,197.6,812.0,,,,961.7,1267.3,507.8,1200.0,,,,,,,,,,,,,,,,,,,,,,,,,1738.5,594.7,1523.6,1139.5,,,,1761.1,456.5,807.1,997.1,,,,98.7,85.3,72.9,52.3,,,,1221.6,691.8,279.0,1004.4,,,,597.3,783.8,297.3,874.8,,,,,,,,,,,,,,,,,,,,,,,,,,,,,,,,,,,,,,,,,,,,,,,,,,,,,,,,,,,,,,,,,,,,,,,,,,,,,,,,,,,,,,,,,,,,,,,,,,,,,,,,,,,,,,,,,,,,,,,,,,,,,,,,,,,,,,,,,,,,,,,,,,,,,,,,,,,,,,,,,,,,,,,,,,,,,,,,,,,,,,,,,,,,,,,,
20260918_立川_2R,20260918,28,立川,2,170.3,128.5,216.7,220.5,274.9,,,110.1,151.1,230.8,79.4,97.0,,,130.4,208.2,279.9,213.0,387.3,,,504.7,576.2,598.6,590.9,973.8,,,103.6,74.5,156.2,218.4,116.4,,,243.0,174.1,420.3,465.6,180.7,,,,,,,,,,,,,,,,,179.5,78.2,180.0,361.0,323.8,,,159.5,40.8,66.8,488.6,135.4,,,26.5,19.0,8.0,104.1,46.1,,,124.9,52.9,22.8,355.5,107.7,,,448.9,527.8,273.3,410.3,688.0,,,405.5,256.5,188.9,188.6,764.0,,,,,,,,,,,,,,,,,117.0,160.8,232.8,158.7,130.4,,,147.2,74.1,88.8,476.8,165.4,,,186.8,97.9,195.0,465.6,251.8,,,437.6,254.6,303.9,909.8,409.1,,,156.2,315.0,450.4,501.0,378.8,,,117.8,117.8,172.4,194.2,282.8,,,,,,,,,,,,,,,,,111.3,227.8,352.7,266.4,328.4,,,37.4,35.4,14.9,127.8,74.3,,,247.3,88.7,232.0,486.9,251.4,,,516.0,81.5,351.8,915.8,578.6,,,243.0,329.2,502.8,759.8,875.2,,,405.5,162.5,315.0,464.0,794.7,,,,,,,,,,,,,,,,,843.2,1016.8,1009.4,1234.7,1728.6,,,379.9,239.6,82.7,1016.8,396.2,,,823.1,302.6,481.8,1750.5,720.2,,,928.1,145.4,628.5,1707.2,1080.3,,,1728.6,1819.6,2160.7,2343.9,3006.3,,,1626.9,614.6,903.8,1162.1,2765.8,,,,,,,,,,,,,,,,,106.4,48.8,147.7,189.9,144.5,,,233.5,332.4,201.8,213.4,581.0,,,127.9,299.3,393.9,457.9,376.8,,,243.8,202.1,383.0,617.3,909.8,,,727.8,727.8,853.6,1411.1,1975.5,,,243.4,437.6,389.5,625.7,960.3,,,,,,,,,,,,,,,,,151.6,116.7,224.1,347.4,198.9,,,227.4,145.1,119.8,101.5,566.7,,,98.4,79.4,117.8,125.9,162.6,,,288.7,100.2,181.2,267.4,681.2,,,614.6,235.5,299.3,412.8,1268.7,,,167.8,323.8,234.7,525.8,712.8,,,,,,,,,,,,,,,,,,,,,,,,,,,,,,,,,,,,,,,,,,,,,,,,,,,,,,,,,,,,,,,,,,,,,,,,,,,,,,,,,,,,,,,,,,,,,,,,,,,,,,,,,,,,,,,,,,,,,,,,,,,,,,,,
20260918_立川_3R,20260918,28,立川,3,217.0,140.4,533.0,538.7,489.1,,,386.2,410.7,274.3,1018.5,454.7,,,121.6,128.1,311.1,90.4,337.9,,,1416.2,774.5,1339.7,2253.1,2253.1,,,935.2,1549.0,484.3,1791.6,2398.5,,,711.5,446.5,817.0,1652.3,2478.4,,,,,,,,,,,,,,,,,55.6,29.9,154.4,144.2,130.1,,,38.9,17.5,8.6,60.1,15.1,,,17.7,16.4,35.6,15.2,55.7,,,156.0,26.0,79.2,165.9,91.3,,,234.5,155.5,85.5,239.8,337.2,,,119.7,28.6,94.2,112.8,324.6,,,,,,,,,,,,,,,,,385.2,478.1,500.6,1502.0,691.6,,,174.1,88.6,56.1,240.2,85.2,,,492.4,230.9,230.1,669.8,431.0,,,319.1,80.5,171.7,401.9,64.7,,,2323.5,901.2,1126.5,901.2,1729.1,,,436.0,118.7,255.5,57.1,728.9,,,,,,,,,,,,,,,,,57.5,77.9,208.2,38.5,214.2,,,50.3,57.1,161.4,56.1,193.1,,,170.9,158.8,105.6,154.9,189.1,,,552.8,433.5,192.8,351.5,890.4,,,77.4,82.9,95.6,238.6,381.3,,,492.4,454.7,239.0,718.3,519.9,,,,,,,,,,,,,,,,,1882.3,1581.9,1858.8,4373.7,2520.4,,,890.4,150.2,374.5,718.3,450.6,,,657.9,155.3,369.9,864.5,162.6,,,2253.1,935.2,739.8,1813.5,2520.4,,,4647.0,1689.8,1616.3,2094.4,2124.3,,,3379.7,885.1,408.5,2155.1,2608.8,,,,,,,,,,,,,,,,,1689.8,3540.6,890.4,3458.3,3717.6,,,1364.2,941.1,420.0,1389.7,1670.8,,,3913.3,1364.2,1416.2,2219.5,3913.3,,,552.8,391.3,895.8,1260.2,1616.3,,,3717.6,1931.2,3034.8,2655.4,4248.7,,,5948.2,2563.9,4373.7,2805.7,3913.3,,,,,,,,,,,,,,,,,991.3,736.1,978.3,2323.5,2520.4,,,655.0,185.1,518.1,376.4,1069.8,,,470.5,194.1,315.7,70.7,912.3,,,1109.7,803.8,500.6,1599.0,1228.9,,,2859.7,984.8,340.2,2009.5,2974.1,,,4506.2,2155.1,2478.4,2037.0,3379.7,,,,,,,,,,,,,,,,,,,,,,,,,,,,,,,,,,,,,,,,,,,,,,,,,,,,,,,,,,,,,,,,,,,,,,,,,,,,,,,,,,,,,,,,,,,,,,,,,,,,,,,,,,,,,,,,,,,,,,,,,,,,,,,,
20260918_立川_4R,20260918,28,立川,4,57.0,44.7,185.9,160.5,214.4,,,43.5,26.2,91.1,90.8,102.4,,,22.4,16.2,63.1,68.3,97.8,,,263.4,199.9,182.6,664.3,736.2,,,333.8,234.0,228.1,1043.9,1001.5,,,390.7,258.2,314.6,917.7,1066.5,,,,,,,,,,,,,,,,,86.0,96.5,374.4,292.3,256.9,,,72.7,63.9,288.0,217.5,187.7,,,74.9,76.1,345.5,263.7,191.7,,,638.5,610.8,612.7,2013.4,1248.8,,,505.9,562.1,490.8,2740.4,2406.2,,,659.9,583.7,678.0,2435.9,2192.3,,,,,,,,,,,,,,,,,43.4,24.7,113.0,90.7,94.3,,,45.0,43.4,159.5,128.2,144.3,,,19.1,31.0,75.1,72.8,82.1,,,145.0,198.7,142.4,466.4,403.5,,,176.9,222.2,154.9,671.1,524.7,,,195.1,255.5,171.8,618.5,560.5,,,,,,,,,,,,,,,,,17.1,9.6,55.0,74.6,85.6,,,40.4,46.6,198.5,167.4,265.5,,,12.1,23.2,58.4,119.0,119.1,,,144.6,260.6,154.2,689.9,590.7,,,269.9,377.9,262.0,1203.1,1167.5,,,331.6,537.6,340.7,981.6,1133.9,,,,,,,,,,,,,,,,,789.2,640.6,418.0,2217.0,1565.9,,,1210.5,1315.4,854.1,3131.9,2168.2,,,565.3,854.1,445.4,1993.0,1844.0,,,368.1,558.9,380.9,1506.2,1306.7,,,5979.2,5979.2,5803.3,3587.5,5332.8,,,3182.4,3083.0,3234.6,2497.6,5803.3,,,,,,,,,,,,,,,,,1993.0,2121.6,1360.7,3868.8,5480.9,,,1506.2,3234.6,1472.4,7307.9,7588.9,,,1078.2,1715.7,884.8,3401.9,3288.5,,,1379.8,2013.4,1861.4,4697.9,3344.3,,,5637.5,8968.8,9865.6,5480.9,8968.8,,,6166.0,9865.6,9395.8,4588.6,9865.6,,,,,,,,,,,,,,,,,1844.0,1777.6,1153.8,3653.9,3868.8,,,1483.5,2466.4,1461.5,5332.8,4932.8,,,1090.1,1793.7,922.0,3401.9,3794.4,,,1060.8,1553.6,1248.8,2901.6,3035.5,,,3868.8,5480.9,5637.5,3868.8,8578.8,,,7307.9,8968.8,7307.9,5059.3,8221.4,,,,,,,,,,,,,,,,,,,,,,,,,,,,,,,,,,,,,,,,,,,,,,,,,,,,,,,,,,,,,,,,,,,,,,,,,,,,,,,,,,,,,,,,,,,,,,,,,,,,,,,,,,,,,,,,,,,,,,,,,,,,,,,,
20260918_立川_5R,20260918,28,立川,5,53.9,364.0,120.1,90.0,,,,41.5,53.4,17.5,18.9,,,,539.8,196.2,229.0,291.4,,,,72.7,18.1,105.0,11.5,,,,40.3,11.6,92.7,7.3,,,,,,,,,,,,,,,,,,,,,,,,,181.2,605.4,405.1,372.7,,,,137.0,117.9,282.0,236.4,,,,1320.3,298.6,1781.9,1635.6,,,,1159.6,791.2,2170.0,1405.0,,,,457.5,313.5,1172.0,974.1,,,,,,,,,,,,,,,,,,,,,,,,,30.2,40.6,29.3,32.9,,,,40.1,44.7,112.8,105.6,,,,50.2,53.9,75.8,109.6,,,,114.7,212.3,144.5,156.3,,,,81.2,105.9,69.6,136.5,,,,,,,,,,,,,,,,,,,,,,,,,1129.7,350.6,780.0,876.7,,,,1304.6,354.0,1781.9,2010.8,,,,259.6,236.4,426.4,469.3,,,,1210.9,1767.5,883.7,1599.8,,,,1197.7,1873.3,859.5,1599.8,,,,,,,,,,,,,,,,,,,,,,,,,292.6,77.4,281.3,54.2,,,,852.8,556.2,1543.5,1159.6,,,,168.8,387.9,238.2,187.3,,,,901.9,1588.2,512.1,1048.7,,,,114.8,392.7,134.6,418.2,,,,,,,,,,,,,,,,,,,,,,,,,91.4,32.5,159.6,28.5,,,,194.1,46.6,218.5,237.7,,,,67.5,54.0,54.9,66.9,,,,709.3,780.0,243.2,524.3,,,,101.2,303.1,125.1,333.6,,,,,,,,,,,,,,,,,,,,,,,,,,,,,,,,,,,,,,,,,,,,,,,,,,,,,,,,,,,,,,,,,,,,,,,,,,,,,,,,,,,,,,,,,,,,,,,,,,,,,,,,,,,,,,,,,,,,,,,,,,,,,,,,,,,,,,,,,,,,,,,,,,,,,,,,,,,,,,,,,,,,,,,,,,,,,,,,,,,,,,,,,,,,,,,,
20260918_立川_6R,20260918,28,立川,6,315.1,97.4,380.6,315.1,161.2,,,202.5,92.8,498.3,663.4,270.8,,,51.2,105.5,166.1,167.4,49.5,,,736.3,799.5,637.7,1674.0,513.8,,,517.5,1055.5,448.2,1498.4,733.8,,,119.2,157.0,92.7,136.0,399.7,,,,,,,,,,,,,,,,,274.7,102.3,411.2,227.2,159.1,,,323.1,503.0,408.9,607.0,296.3,,,50.1,265.5,140.3,67.5,60.1,,,736.3,390.3,348.4,380.6,188.4,,,203.1,317.4,135.2,237.2,120.1,,,162.2,188.9,96.7,101.8,153.0,,,,,,,,,,,,,,,,,244.3,107.7,353.0,709.5,282.3,,,487.0,457.8,280.4,568.3,245.7,,,206.6,353.0,434.6,915.7,337.4,,,919.6,331.1,559.4,843.6,140.1,,,1575.5,695.7,1447.8,846.9,765.2,,,224.3,114.9,173.0,34.2,381.2,,,,,,,,,,,,,,,,,22.3,100.7,113.1,75.4,31.3,,,21.6,160.6,53.1,35.1,35.2,,,213.2,249.1,348.9,659.3,192.1,,,304.8,138.2,362.5,313.2,131.0,,,112.3,78.6,499.4,239.4,137.3,,,78.7,83.0,106.2,70.2,212.1,,,,,,,,,,,,,,,,,1467.6,1438.1,1121.8,3401.2,802.5,,,1098.8,467.8,427.7,535.7,218.8,,,952.3,448.2,744.0,1025.2,197.4,,,1133.7,467.8,878.1,943.9,392.4,,,3061.1,773.5,1283.1,1339.2,784.9,,,444.5,125.2,76.2,229.4,406.6,,,,,,,,,,,,,,,,,477.2,693.4,500.6,1330.9,691.2,,,333.7,373.3,241.0,221.1,220.4,,,585.4,595.2,965.2,1104.5,633.9,,,439.0,269.1,746.6,419.3,439.0,,,1930.4,447.3,965.2,765.2,571.4,,,749.2,388.8,447.3,543.8,284.9,,,,,,,,,,,,,,,,,78.8,100.3,53.0,105.6,412.8,,,106.4,97.3,104.5,52.7,170.4,,,59.1,60.4,67.4,17.7,248.5,,,110.9,128.9,142.8,87.5,420.9,,,91.5,37.4,20.9,66.6,137.0,,,697.9,275.7,508.9,523.9,294.3,,,,,,,,,,,,,,,,,,,,,,,,,,,,,,,,,,,,,,,,,,,,,,,,,,,,,,,,,,,,,,,,,,,,,,,,,,,,,,,,,,,,,,,,,,,,,,,,,,,,,,,,,,,,,,,,,,,,,,,,,,,,,,,,
20260918_立川_7R,20260918,28,立川,7,86.6,84.3,324.4,591.5,52.5,,,25.1,41.8,18.5,52.1,12.6,,,80.1,116.4,392.1,333.9,69.7,,,427.6,147.5,587.2,387.0,278.0,,,929.6,278.6,570.5,606.4,355.1,,,15.5,16.4,34.1,81.5,125.5,,,,,,,,,,,,,,,,,353.0,385.2,1441.7,1866.4,291.4,,,666.9,818.9,1191.9,1824.0,738.5,,,324.0,526.8,970.8,747.7,79.9,,,3009.6,2736.0,2250.2,2675.2,2456.8,,,3489.4,3344.0,2075.6,3947.1,2432.0,,,166.2,279.6,52.3,661.4,841.8,,,,,,,,,,,,,,,,,64.3,80.9,24.9,72.5,34.6,,,238.1,571.9,490.3,982.7,401.2,,,236.7,484.4,454.2,518.9,333.4,,,78.7,295.4,328.0,178.3,251.3,,,207.3,656.0,413.6,252.6,478.6,,,70.7,193.5,219.6,183.0,362.6,,,,,,,,,,,,,,,,,251.5,178.0,370.9,277.7,162.3,,,192.3,317.6,562.5,409.4,55.6,,,222.1,429.1,319.7,316.8,367.0,,,1007.4,990.8,856.8,779.2,1345.1,,,267.2,372.1,318.9,347.4,284.9,,,128.8,52.0,227.3,597.4,250.0,,,,,,,,,,,,,,,,,2315.1,489.3,1543.4,1234.7,862.9,,,3593.6,2149.7,1573.6,1707.6,2293.0,,,308.6,922.5,862.9,524.5,786.8,,,2360.5,1707.6,1989.8,1553.3,2456.8,,,869.2,905.1,650.7,862.9,1345.1,,,1015.9,2208.9,994.9,2229.3,1783.5,,,,,,,,,,,,,,,,,2040.4,745.4,821.7,1135.7,966.9,,,3648.0,2360.5,1783.5,2736.0,1866.4,,,549.7,1719.8,878.7,661.4,1209.9,,,1180.2,1191.9,1315.7,1543.4,974.7,,,1109.5,1941.7,784.2,1308.5,1605.1,,,850.7,1254.0,1408.0,674.4,1672.0,,,,,,,,,,,,,,,,,35.2,26.8,44.0,120.5,167.3,,,39.4,93.0,14.3,290.7,212.6,,,42.7,138.0,150.2,100.5,262.8,,,57.5,22.5,152.7,396.6,156.1,,,341.0,807.9,255.0,810.6,569.2,,,418.7,585.8,663.2,426.9,699.9,,,,,,,,,,,,,,,,,,,,,,,,,,,,,,,,,,,,,,,,,,,,,,,,,,,,,,,,,,,,,,,,,,,,,,,,,,,,,,,,,,,,,,,,,,,,,,,,,,,,,,,,,,,,,,,,,,,,,,,,,,,,,,,,
20260918_立川_8R,20260918,28,立川,8,1824.1,3025.8,2125.6,2025.2,798.7,,,560.3,501.3,285.4,156.9,69.4,,,3025.8,1617.6,2521.5,1681.0,902.4,,,1863.7,722.4,1761.6,739.0,360.7,,,899.3,221.7,708.5,452.0,84.2,,,184.7,26.0,153.8,82.8,38.9,,,,,,,,,,,,,,,,,3215.0,7793.9,4082.5,4216.4,1963.3,,,4148.4,9999.9,6123.8,4359.3,2679.1,,,8869.0,9999.9,9525.9,9525.9,9185.7,,,4082.5,5043.1,9892.3,6273.2,1428.8,,,4852.8,3838.8,4676.3,7564.7,5358.3,,,1530.9,2359.6,5249.0,2359.6,2990.7,,,,,,,,,,,,,,,,,467.6,380.4,198.4,116.7,50.0,,,1453.1,4018.7,2736.1,1948.4,654.4,,,1089.8,3384.2,2179.6,1444.9,803.7,,,460.1,1905.1,1837.1,636.6,232.1,,,153.5,1128.0,770.0,431.5,88.5,,,21.3,142.2,143.6,78.8,35.6,,,,,,,,,,,,,,,,,7144.4,5981.4,7793.9,5591.3,3297.4,,,7348.6,9999.9,9999.9,9999.9,9999.9,,,4762.9,9999.9,8869.0,5591.3,4762.9,,,9525.9,9999.9,9892.3,9999.9,9185.7,,,9892.3,9999.9,6768.4,9999.9,6594.9,,,2426.4,5591.3,3061.9,4434.5,3475.6,,,,,,,,,,,,,,,,,4946.1,1811.2,5249.0,2108.2,857.3,,,5591.3,6951.3,6768.4,8296.8,2679.1,,,1850.3,7348.6,6768.4,3572.2,1421.0,,,9999.9,9892.3,9999.9,9999.9,9525.9,,,2338.1,9525.9,3255.7,8296.8,1521.9,,,619.7,2256.1,1037.1,3340.2,1123.1,,,,,,,,,,,,,,,,,1273.2,196.1,985.4,461.7,72.3,,,3297.4,3674.3,6430.0,5715.5,1224.7,,,227.8,2473.0,1587.6,874.8,153.8,,,3340.2,7564.7,3622.5,4852.8,2198.3,,,816.5,5043.1,1332.6,3727.5,574.1,,,47.3,584.5,89.8,457.6,223.4,,,,,,,,,,,,,,,,,54.7,5.1,43.7,19.8,8.2,,,202.5,241.0,848.8,465.9,325.9,,,7.1,90.7,62.3,32.6,14.9,,,145.8,532.5,176.6,415.5,254.4,,,62.7,324.7,79.4,325.9,112.2,,,13.7,133.5,26.1,102.2,55.3,,,,,,,,,,,,,,,,,,,,,,,,,,,,,,,,,,,,,,,,,,,,,,,,,,,,,,,,,,,,,,,,,,,,,,,,,,,,,,,,,,,,,,,,,,,,,,,,,,,,,,,,,,,,,,,,,,,,,,,,,,,,,,,,
20260918_立川_9R,20260918,28,立川,9,155.6,84.5,27.1,406.2,51.1,,,294.3,304.7,94.6,331.0,169.9,,,138.7,238.0,49.3,566.1,68.2,,,12.2,28.7,19.5,63.9,8.3,,,810.8,374.4,774.7,217.6,373.0,,,42.8,79.0,42.7,16.6,210.0,,,,,,,,,,,,,,,,,280.5,150.5,72.9,572.9,90.6,,,554.6,238.2,869.7,790.7,224.8,,,188.7,188.5,443.9,784.2,139.1,,,132.1,671.4,491.9,774.7,271.8,,,1075.0,1106.0,1788.3,1203.4,1386.6,,,91.6,316.2,162.4,215.0,683.4,,,,,,,,,,,,,,,,,596.1,633.6,258.5,545.1,370.8,,,719.3,283.4,1438.7,919.9,263.9,,,869.7,285.6,1034.3,947.2,252.7,,,339.2,1555.7,1063.0,1057.2,733.1,,,478.3,928.9,821.2,744.5,613.3,,,469.0,662.1,601.7,724.8,666.7,,,,,,,,,,,,,,,,,201.6,299.4,86.5,817.7,113.6,,,186.1,174.7,476.0,1139.0,122.9,,,502.2,271.4,991.4,1132.2,246.2,,,182.5,673.7,703.5,1211.0,370.1,,,1250.6,2453.2,1471.9,1839.9,1267.2,,,101.9,168.1,244.6,276.1,784.2,,,,,,,,,,,,,,,,,26.5,53.7,36.6,111.9,18.3,,,105.7,537.5,388.9,700.9,220.4,,,181.7,561.1,490.6,685.8,546.7,,,138.1,439.8,466.7,1087.2,365.1,,,375.2,814.2,693.3,1284.2,613.3,,,61.8,188.3,292.5,272.9,483.2,,,,,,,,,,,,,,,,,1284.2,599.8,1449.6,490.6,688.3,,,1913.5,1649.5,2333.5,1932.8,2057.5,,,494.4,1039.9,747.4,821.2,747.4,,,1678.5,2391.9,1284.2,1635.5,1407.0,,,635.7,1755.5,881.8,1581.4,1081.0,,,919.9,1952.5,966.4,1449.6,1145.8,,,,,,,,,,,,,,,,,54.1,107.2,57.1,32.1,247.8,,,70.8,229.9,122.4,149.8,506.2,,,218.4,335.1,325.4,472.4,479.5,,,65.9,130.6,202.7,194.0,511.6,,,61.0,164.5,252.4,237.1,478.3,,,534.5,1075.0,735.9,942.6,678.5,,,,,,,,,,,,,,,,,,,,,,,,,,,,,,,,,,,,,,,,,,,,,,,,,,,,,,,,,,,,,,,,,,,,,,,,,,,,,,,,,,,,,,,,,,,,,,,,,,,,,,,,,,,,,,,,,,,,,,,,,,,,,,,,
20260918_立川_10R,20260918,28,立川,10,727.5,236.6,169.7,451.7,360.4,,,690.9,1106.8,266.9,840.0,262.1,,,414.8,1536.4,308.1,874.6,521.3,,,52.1,87.7,76.0,11.6,32.1,,,540.6,957.1,768.2,103.1,352.2,,,240.7,222.4,287.2,92.4,268.7,,,,,,,,,,,,,,,,,998.0,276.7,221.5,566.8,558.7,,,1914.2,1398.4,1255.6,2407.6,1290.2,,,118.6,509.9,51.1,163.7,141.1,,,65.3,487.5,63.5,77.2,116.0,,,843.1,2224.2,789.0,434.9,1133.7,,,363.2,1185.5,296.0,207.7,985.4,,,,,,,,,,,,,,,,,1556.9,2312.3,475.6,1621.8,422.3,,,2182.6,1853.5,1996.1,3538.5,1173.5,,,3892.4,2511.2,2484.5,4097.2,1536.4,,,383.4,1015.4,1506.7,506.6,392.5,,,3033.0,3892.4,4026.6,1610.6,1717.2,,,285.5,518.9,572.4,241.5,631.2,,,,,,,,,,,,,,,,,781.0,3113.9,527.1,1468.8,993.8,,,432.4,748.5,214.4,475.6,391.1,,,2994.1,1868.3,2432.7,3766.8,1782.7,,,423.0,423.8,1633.1,499.0,616.2,,,2312.3,2030.8,4406.4,1191.5,1946.2,,,981.2,1047.2,1349.9,808.1,1546.6,,,,,,,,,,,,,,,,,14.4,62.0,23.0,4.5,18.1,,,29.1,346.5,70.6,37.7,102.8,,,195.4,695.0,843.1,309.7,294.5,,,92.4,154.6,641.6,101.2,209.0,,,9.6,33.3,163.6,45.8,40.3,,,48.8,145.7,217.4,162.9,75.7,,,,,,,,,,,,,,,,,969.0,2013.3,1242.2,190.3,657.8,,,1276.1,2883.2,1478.1,690.9,2407.6,,,3289.3,4170.4,3538.5,1769.2,2684.4,,,2048.6,1668.1,4170.4,894.8,1868.3,,,84.7,283.7,616.2,377.9,238.7,,,953.2,1868.3,2048.6,1546.6,516.6,,,,,,,,,,,,,,,,,597.2,403.3,680.8,169.4,536.8,,,834.0,802.5,750.9,360.4,1283.2,,,302.1,502.2,562.7,229.8,741.4,,,894.8,837.0,1117.4,699.2,1704.7,,,117.4,255.2,332.6,425.3,211.1,,,855.4,1796.4,1415.4,2203.2,467.0,,,,,,,,,,,,,,,,,,,,,,,,,,,,,,,,,,,,,,,,,,,,,,,,,,,,,,,,,,,,,,,,,,,,,,,,,,,,,,,,,,,,,,,,,,,,,,,,,,,,,,,,,,,,,,,,,,,,,,,,,,,,,,,,
20260918_立川_11R,20260918,28,立川,11,3302.8,2735.9,2563.7,3133.5,3005.0,,,4028.7,3160.5,1880.1,2494.0,2427.9,,,3160.5,2494.0,914.2,1502.5,942.4,,,1484.2,505.6,435.4,280.2,488.8,,,2169.3,1607.9,1218.0,443.8,1333.1,,,3215.9,2143.9,1032.7,1032.7,1546.9,,,,,,,,,,,,,,,,,3363.4,2048.1,2208.5,2656.6,2956.6,,,3703.2,2350.1,3188.0,2842.0,3106.9,,,1186.4,1110.9,453.1,440.6,296.3,,,1600.9,2600.1,858.5,898.5,1622.2,,,2263.0,2249.2,610.0,881.2,1478.3,,,2842.0,2094.9,716.0,1580.2,1553.4,,,,,,,,,,,,,,,,,3426.3,2798.6,1560.0,2305.7,2263.0,,,3106.9,2380.6,3273.3,2886.7,3273.3,,,2221.9,2107.0,1230.2,1644.0,800.4,,,1202.0,2676.0,1167.5,909.7,1295.4,,,1851.6,2427.9,1378.2,894.1,1754.1,,,2107.0,3080.8,833.2,1546.9,2071.3,,,,,,,,,,,,,,,,,1171.3,848.6,393.7,642.0,311.2,,,611.0,504.2,250.5,236.6,148.1,,,864.6,870.8,367.7,612.0,147.5,,,119.3,263.1,169.8,65.2,29.9,,,222.7,196.1,219.7,52.8,34.7,,,67.5,81.5,17.6,16.0,25.5,,,,,,,,,,,,,,,,,427.2,101.2,71.1,49.4,102.8,,,711.8,1251.2,358.3,423.8,975.0,,,320.4,1426.5,367.3,290.9,489.4,,,86.0,293.7,153.5,51.0,41.0,,,17.0,109.9,56.4,21.6,33.2,,,147.8,791.8,190.0,71.4,90.4,,,,,,,,,,,,,,,,,583.7,384.7,290.5,134.8,330.5,,,552.9,457.7,187.7,242.6,330.8,,,538.3,754.3,383.4,308.3,415.1,,,120.2,93.3,131.4,34.5,25.3,,,14.3,73.9,45.0,13.1,17.5,,,201.3,309.1,171.5,44.2,66.3,,,,,,,,,,,,,,,,,2071.3,1357.8,581.9,682.7,1124.6,,,1788.3,1622.2,527.5,1230.2,1342.9,,,969.8,1681.7,262.9,515.6,822.0,,,106.6,202.5,46.7,43.7,54.5,,,408.2,887.7,376.7,141.3,188.6,,,532.1,752.8,412.3,107.7,149.2,,,,,,,,,,,,,,,,,,,,,,,,,,,,,,,,,,,,,,,,,,,,,,,,,,,,,,,,,,,,,,,,,,,,,,,,,,,,,,,,,,,,,,,,,,,,,,,,,,,,,,,,,,,,,,,,,,,,,,,,,,,,,,,,
20260918_川崎_1R,20260918,34,川崎,1,13.5,4.2,46.8,175.1,,,,52.6,96.3,217.7,474.0,,,,18.2,66.1,111.6,461.6,,,,135.4,258.5,217.1,540.9,,,,760.1,909.0,1259.6,923.3,,,,,,,,,,,,,,,,,,,,,,,,,20.4,3.8,59.1,216.1,,,,132.8,197.9,572.5,990.7,,,,4.5,84.0,73.5,265.5,,,,150.2,614.4,219.6,660.5,,,,824.0,2004.0,1116.1,1250.7,,,,,,,,,,,,,,,,,,,,,,,,,279.0,531.1,979.7,1433.7,,,,280.3,683.5,1876.1,1433.7,,,,713.9,756.8,1937.9,2844.4,,,,1494.5,2519.3,3206.4,2799.2,,,,2232.3,3327.4,3093.9,3674.0,,,,,,,,,,,,,,,,,,,,,,,,,23.9,118.3,154.4,545.9,,,,11.7,163.8,131.3,509.6,,,,387.5,410.1,1102.2,1728.9,,,,154.8,267.6,731.7,471.5,,,,1632.9,1781.3,2891.0,1574.6,,,,,,,,,,,,,,,,,,,,,,,,,254.1,737.8,266.3,713.9,,,,223.5,990.7,349.9,722.7,,,,645.9,1123.2,2891.0,1603.2,,,,260.1,335.2,1837.0,593.7,,,,705.4,638.9,1574.6,968.9,,,,,,,,,,,,,,,,,,,,,,,,,2050.6,2074.7,4198.9,1876.1,,,,1695.7,3599.0,2939.2,2320.4,,,,2483.8,3327.4,4408.8,4408.8,,,,3919.0,3391.4,4301.3,2891.0,,,,1216.2,1336.0,2383.1,1763.5,,,,,,,,,,,,,,,,,,,,,,,,,,,,,,,,,,,,,,,,,,,,,,,,,,,,,,,,,,,,,,,,,,,,,,,,,,,,,,,,,,,,,,,,,,,,,,,,,,,,,,,,,,,,,,,,,,,,,,,,,,,,,,,,,,,,,,,,,,,,,,,,,,,,,,,,,,,,,,,,,,,,,,,,,,,,,,,,,,,,,,,,,,,,,,,,
20260918_川崎_2R,20260918,34,川崎,2,82.9,208.3,0.0,296.3,699.7,,,25.5,5.2,0.0,28.9,136.0,,,85.9,23.7,0.0,167.8,544.2,,,0.0,0.0,0.0,0.0,0.0,,,650.7,240.3,552.0,0.0,1981.0,,,1202.7,568.3,1241.5,0.0,1584.8,,,,,,,,,,,,,,,,,153.7,344.0,0.0,592.1,889.1,,,115.9,256.5,0.0,354.4,535.6,,,605.4,530.3,0.0,767.5,1772.4,,,0.0,0.0,0.0,0.0,0.0,,,1307.8,935.4,1020.5,0.0,3544.9,,,1258.9,1136.7,2384.2,0.0,2806.4,,,,,,,,,,,,,,,,,14.2,1.9,0.0,9.1,83.2,,,42.7,69.2,0.0,94.3,191.6,,,21.2,92.1,0.0,55.0,283.0,,,0.0,0.0,0.0,0.0,0.0,,,122.1,261.8,182.1,0.0,666.8,,,247.8,341.8,341.0,0.0,409.4,,,,,,,,,,,,,,,,,509.2,124.7,0.0,578.1,1505.1,,,787.7,703.4,0.0,1749.4,2342.7,,,136.2,496.1,0.0,594.7,1539.5,,,0.0,0.0,0.0,0.0,0.0,,,1522.1,2384.2,1224.6,0.0,3904.5,,,3690.6,4811.0,2866.1,0.0,3794.5,,,,,,,,,,,,,,,,,0.0,0.0,0.0,0.0,0.0,,,0.0,0.0,0.0,0.0,0.0,,,0.0,0.0,0.0,0.0,0.0,,,0.0,0.0,0.0,0.0,0.0,,,0.0,0.0,0.0,0.0,0.0,,,0.0,0.0,0.0,0.0,0.0,,,,,,,,,,,,,,,,,1808.1,646.0,1784.2,0.0,4989.1,,,1966.5,1108.7,3245.9,0.0,4898.4,,,613.7,1064.8,1104.1,0.0,1301.5,,,2104.8,3096.7,1594.1,0.0,5498.2,,,0.0,0.0,0.0,0.0,0.0,,,5282.6,6123.1,4645.1,3904.5,0.0,,,,,,,,,,,,,,,,,1367.5,547.5,1258.9,0.0,1910.7,,,1320.6,1005.2,2226.5,0.0,3096.7,,,212.3,291.2,295.7,0.0,344.9,,,2172.7,2694.1,1522.1,0.0,3061.5,,,0.0,0.0,0.0,0.0,0.0,,,3690.6,5083.3,2449.2,4021.1,0.0,,,,,,,,,,,,,,,,,,,,,,,,,,,,,,,,,,,,,,,,,,,,,,,,,,,,,,,,,,,,,,,,,,,,,,,,,,,,,,,,,,,,,,,,,,,,,,,,,,,,,,,,,,,,,,,,,,,,,,,,,,,,,,,,
20260918_川崎_3R,20260918,34,川崎,3,10.4,13.3,25.5,98.0,63.7,,,35.1,77.9,99.3,215.1,181.9,,,29.7,88.6,57.6,233.4,64.0,,,39.8,83.8,57.2,27.6,195.8,,,495.0,868.8,896.2,194.9,938.2,,,198.7,289.6,146.3,411.8,705.1,,,,,,,,,,,,,,,,,10.5,11.8,18.0,82.0,53.2,,,13.6,24.0,66.8,147.6,70.8,,,26.3,41.9,110.7,313.3,50.9,,,102.8,262.9,331.6,268.1,558.3,,,635.4,875.5,1340.8,871.0,1755.5,,,204.7,255.4,169.4,695.0,1170.3,,,,,,,,,,,,,,,,,109.8,287.1,427.8,1346.1,485.1,,,86.1,163.2,301.6,779.3,321.6,,,516.0,336.5,1850.9,3124.5,1139.0,,,938.2,857.8,2791.6,2169.2,3547.6,,,4257.2,2415.4,6950.5,4865.4,7568.4,,,2027.2,1285.2,2197.2,4865.4,6426.0,,,,,,,,,,,,,,,,,43.2,125.3,73.4,288.8,84.2,,,43.9,59.8,168.8,430.0,74.0,,,327.4,201.5,1077.7,1562.2,508.3,,,338.8,613.6,1598.9,630.7,1074.3,,,1755.5,2142.0,3153.5,2398.4,2560.7,,,102.2,109.0,298.7,339.8,602.7,,,,,,,,,,,,,,,,,315.9,654.9,525.5,239.0,1174.4,,,606.0,1199.2,1548.0,1792.5,2467.9,,,1220.7,1555.1,3826.7,2076.6,4796.8,,,1330.3,1935.1,4865.4,2485.9,3372.0,,,799.4,2838.1,2910.9,4204.6,3124.5,,,2961.5,4006.8,5872.0,5321.5,3182.9,,,,,,,,,,,,,,,,,2987.5,4366.3,5583.2,1711.4,5772.5,,,3153.5,2961.5,5083.2,6549.5,9999.9,,,5583.2,3547.6,7246.3,7920.4,9999.9,,,6081.7,5008.5,7740.4,9999.9,7920.4,,,1513.6,5872.0,5583.2,7920.4,6192.3,,,8732.7,9999.9,9999.9,8962.5,8962.5,,,,,,,,,,,,,,,,,882.3,1991.6,536.3,1520.4,3475.2,,,954.0,1480.7,779.3,2838.1,4103.3,,,2724.6,1991.6,1773.8,5975.0,7403.8,,,435.5,487.2,1057.6,1109.3,2128.6,,,1902.6,4204.6,5583.2,1821.2,2724.6,,,5676.3,8109.0,6678.0,5406.0,5583.2,,,,,,,,,,,,,,,,,,,,,,,,,,,,,,,,,,,,,,,,,,,,,,,,,,,,,,,,,,,,,,,,,,,,,,,,,,,,,,,,,,,,,,,,,,,,,,,,,,,,,,,,,,,,,,,,,,,,,,,,,,,,,,,,
20260918_川崎_4R,20260918,34,川崎,4,14.5,12.0,29.7,67.9,71.2,,,26.1,16.1,19.1,47.7,44.8,,,18.2,14.7,7.2,66.9,49.6,,,43.2,24.7,9.4,42.0,36.6,,,159.3,128.5,102.3,89.1,122.8,,,101.1,61.0,47.5,45.7,78.0,,,,,,,,,,,,,,,,,210.0,240.0,402.9,672.8,729.4,,,392.1,1458.8,1860.7,2170.8,4052.2,,,554.2,1430.2,1376.2,3143.9,3964.1,,,1146.8,2210.3,1761.8,4675.6,5788.9,,,1770.4,3315.4,4862.7,6881.1,5978.7,,,1814.4,4616.4,5285.5,5978.7,5363.2,,,,,,,,,,,,,,,,,108.3,76.7,101.1,186.1,236.3,,,270.3,727.9,914.0,1207.6,1628.1,,,167.2,555.9,227.0,465.7,817.7,,,315.4,812.2,324.7,862.1,876.6,,,595.9,1453.0,1118.7,1180.2,925.6,,,500.2,1532.3,980.3,977.7,904.9,,,,,,,,,,,,,,,,,159.3,144.1,90.8,486.2,407.4,,,407.0,944.8,825.1,2308.2,2132.7,,,280.1,868.3,430.5,1335.9,1236.2,,,117.9,443.6,290.1,648.9,635.3,,,1386.7,3227.4,2132.7,1841.9,3345.9,,,1057.1,2623.7,2084.0,1494.6,2965.0,,,,,,,,,,,,,,,,,254.3,263.1,89.6,393.4,364.3,,,923.2,1736.6,1054.0,3345.9,3408.4,,,425.0,1042.0,398.5,1027.3,1111.9,,,113.5,555.1,259.2,427.5,430.0,,,1015.8,3473.3,1950.2,937.5,1929.6,,,767.7,2431.3,1851.2,775.9,2095.9,,,,,,,,,,,,,,,,,1207.6,962.2,876.6,949.7,1195.7,,,2145.3,3575.5,4736.4,5136.6,5136.6,,,1307.1,2586.5,2586.5,2568.3,1832.6,,,1642.8,3721.4,3345.9,2183.8,3964.1,,,1704.2,3879.8,3408.4,1814.4,3345.9,,,1736.6,4447.6,2515.1,3964.1,2917.6,,,,,,,,,,,,,,,,,608.8,483.0,311.7,306.4,567.1,,,2060.4,4191.9,5285.5,4240.7,5363.2,,,725.0,2480.9,1307.1,1488.5,1360.8,,,840.3,2568.3,1447.2,880.9,2337.8,,,769.4,3721.4,2431.3,954.7,2308.2,,,1360.8,4240.7,1712.2,2762.9,2322.9,,,,,,,,,,,,,,,,,,,,,,,,,,,,,,,,,,,,,,,,,,,,,,,,,,,,,,,,,,,,,,,,,,,,,,,,,,,,,,,,,,,,,,,,,,,,,,,,,,,,,,,,,,,,,,,,,,,,,,,,,,,,,,,,
20260918_川崎_5R,20260918,34,川崎,5,15.9,34.1,32.1,37.2,6.6,,,99.5,115.8,183.3,402.7,366.0,,,202.9,239.5,619.1,462.1,838.5,,,130.0,181.5,412.5,545.3,411.0,,,199.0,471.2,555.5,838.5,583.7,,,52.5,252.6,538.8,363.4,412.0,,,,,,,,,,,,,,,,,13.3,33.5,30.2,22.3,3.7,,,61.8,184.4,215.3,297.1,142.9,,,113.5,270.2,792.0,411.5,315.2,,,106.3,279.3,567.9,753.6,282.1,,,89.8,315.0,378.8,904.3,134.3,,,13.0,82.1,162.8,179.6,72.3,,,,,,,,,,,,,,,,,312.8,335.4,431.9,860.7,973.3,,,272.0,247.3,394.7,741.1,579.9,,,344.4,221.8,136.6,352.9,945.0,,,346.8,289.7,117.0,639.0,848.5,,,1190.7,1159.8,735.0,1446.2,1920.5,,,1175.0,1041.4,1494.6,2041.3,2319.6,,,,,,,,,,,,,,,,,588.5,747.3,2232.6,1318.1,2812.8,,,391.6,529.2,1533.1,992.3,955.1,,,659.0,390.4,282.3,471.2,1717.4,,,2151.9,1573.6,458.5,1476.1,4202.6,,,1539.7,1099.1,864.9,2232.6,3189.5,,,4059.4,2319.6,3434.8,6054.7,3608.3,,,,,,,,,,,,,,,,,243.6,429.8,864.9,1482.2,904.3,,,201.7,371.3,626.7,858.7,489.3,,,342.8,312.5,154.4,748.9,886.4,,,1553.1,1244.6,414.4,1880.1,2880.8,,,2480.7,2126.3,1533.1,2365.7,3468.2,,,1395.4,1079.2,2139.0,3645.1,2952.2,,,,,,,,,,,,,,,,,229.2,674.0,957.7,1434.6,475.6,,,124.6,223.5,515.4,942.5,139.9,,,396.4,314.1,688.3,1171.2,459.7,,,1428.9,899.8,904.3,2064.9,1813.3,,,1920.5,1734.1,1616.4,2289.9,2904.2,,,330.1,220.2,482.7,1423.2,1709.2,,,,,,,,,,,,,,,,,82.8,635.6,1060.0,915.9,542.8,,,50.7,291.6,419.7,573.3,233.7,,,1171.2,937.6,2113.7,2607.5,2126.3,,,3027.3,1759.7,3218.2,4700.3,3189.5,,,1411.9,1299.0,2029.7,3721.1,3721.1,,,1063.1,741.1,1870.3,2588.6,3161.3,,,,,,,,,,,,,,,,,,,,,,,,,,,,,,,,,,,,,,,,,,,,,,,,,,,,,,,,,,,,,,,,,,,,,,,,,,,,,,,,,,,,,,,,,,,,,,,,,,,,,,,,,,,,,,,,,,,,,,,,,,,,,,,,
20260918_川崎_6R,20260918,34,川崎,6,33.0,39.0,89.5,48.0,389.7,,,10.3,24.0,39.2,2.1,125.8,,,66.7,88.1,130.3,79.2,693.8,,,134.0,125.2,119.0,114.1,903.0,,,60.1,16.1,77.5,118.7,234.5,,,1033.3,615.2,1298.5,1520.6,697.1,,,,,,,,,,,,,,,,,136.3,170.8,465.8,185.3,1212.7,,,205.3,602.6,1202.7,446.6,3373.3,,,412.1,726.4,778.4,808.4,4253.3,,,931.6,1612.5,1227.9,2275.0,5434.8,,,619.1,714.0,1243.5,2508.3,4380.3,,,5336.0,6825.1,6987.6,9782.6,7158.0,,,,,,,,,,,,,,,,,34.3,64.9,122.1,6.4,232.3,,,162.7,468.8,928.7,279.2,2038.0,,,333.5,617.8,1460.1,547.5,3260.8,,,684.1,1561.0,1757.3,1120.1,4515.0,,,33.7,145.2,236.4,480.3,585.7,,,1146.4,4253.3,4733.5,9782.6,1512.7,,,,,,,,,,,,,,,,,221.3,391.3,848.2,270.7,2240.3,,,556.8,690.5,1128.7,1270.4,6244.2,,,600.1,1075.0,2849.3,1207.7,5869.6,,,1528.5,1520.6,3714.9,2905.7,8385.1,,,1120.1,1845.7,1767.9,3412.5,8631.7,,,6987.6,9999.9,9782.6,8631.7,9999.9,,,,,,,,,,,,,,,,,1124.4,843.3,1082.9,1193.0,3412.5,,,1528.5,3025.5,2010.1,3579.0,7931.8,,,1316.0,3373.3,4733.5,2405.5,9999.9,,,2111.3,2292.8,5148.7,4192.5,7525.1,,,2742.8,4974.2,3412.5,5869.6,4811.1,,,6521.7,9171.2,9999.9,9999.9,9467.1,,,,,,,,,,,,,,,,,354.0,89.2,529.7,850.6,1197.8,,,673.1,636.6,1489.7,2877.2,1789.5,,,86.0,368.6,497.4,1012.0,1265.0,,,1248.8,2157.9,1467.4,4192.5,8152.2,,,2257.5,4891.3,3122.1,4253.3,8893.3,,,2934.8,6114.1,3412.5,6987.6,7525.1,,,,,,,,,,,,,,,,,5754.5,2366.7,6825.1,6521.7,3861.5,,,6114.1,8631.7,9171.2,8893.3,9999.9,,,2768.6,9999.9,9999.9,9999.9,4585.6,,,9999.9,9999.9,9999.9,9999.9,9999.9,,,9171.2,9999.9,9999.9,9999.9,9999.9,,,5148.7,9999.9,5240.7,9999.9,9999.9,,,,,,,,,,,,,,,,,,,,,,,,,,,,,,,,,,,,,,,,,,,,,,,,,,,,,,,,,,,,,,,,,,,,,,,,,,,,,,,,,,,,,,,,,,,,,,,,,,,,,,,,,,,,,,,,,,,,,,,,,,,,,,,,
20260918_川崎_7R,20260918,34,川崎,7,11.7,18.3,46.7,61.0,84.0,,,33.0,88.2,201.1,275.8,181.7,,,62.6,127.7,331.8,406.1,483.7,,,178.2,379.9,463.4,454.1,1211.6,,,286.0,602.8,786.0,611.9,1665.3,,,390.9,581.6,1063.3,1453.0,1599.6,,,,,,,,,,,,,,,,,8.0,14.4,35.2,23.4,56.6,,,25.7,79.5,127.9,110.5,102.9,,,58.4,105.5,221.7,174.5,424.5,,,130.4,270.1,310.6,199.9,954.7,,,104.8,169.3,237.1,190.9,387.5,,,483.0,442.6,864.2,1470.6,704.0,,,,,,,,,,,,,,,,,25.6,54.5,157.1,198.5,102.7,,,37.3,92.5,185.3,229.9,117.6,,,67.1,98.7,249.2,197.5,90.1,,,270.3,297.2,309.3,253.0,369.1,,,337.0,353.7,306.4,290.8,433.6,,,87.8,141.0,80.2,262.0,247.4,,,,,,,,,,,,,,,,,43.2,62.9,222.7,161.3,198.8,,,37.8,98.6,268.9,239.7,362.8,,,52.2,72.8,206.6,143.9,68.6,,,314.1,361.8,327.0,227.0,904.9,,,323.0,363.6,280.5,232.5,623.4,,,588.2,670.4,294.8,937.5,791.1,,,,,,,,,,,,,,,,,223.0,390.9,621.3,423.5,1293.3,,,229.8,505.1,630.9,428.0,1860.7,,,363.2,475.5,590.1,362.5,856.1,,,655.9,669.1,611.9,426.0,1720.3,,,267.3,327.3,260.8,257.0,570.7,,,2072.2,2623.8,1413.6,2183.9,1335.9,,,,,,,,,,,,,,,,,588.2,828.8,1079.0,663.1,2120.4,,,361.1,527.8,486.9,368.3,828.8,,,628.8,729.4,598.8,531.6,1111.9,,,834.5,741.2,654.7,387.5,1599.6,,,390.4,413.9,392.1,309.0,677.9,,,2894.5,3285.7,2170.9,2368.2,1507.0,,,,,,,,,,,,,,,,,1360.8,1249.0,2108.1,3256.3,3285.7,,,1360.8,1057.1,2481.0,3315.5,4502.6,,,602.8,872.5,413.5,1066.4,1146.8,,,2120.4,2368.2,518.7,2989.4,2662.1,,,3647.1,4007.8,1657.7,3647.1,2210.3,,,4341.8,4616.6,2352.9,3473.4,2279.4,,,,,,,,,,,,,,,,,,,,,,,,,,,,,,,,,,,,,,,,,,,,,,,,,,,,,,,,,,,,,,,,,,,,,,,,,,,,,,,,,,,,,,,,,,,,,,,,,,,,,,,,,,,,,,,,,,,,,,,,,,,,,,,,
20260918_川崎_8R,20260918,34,川崎,8,85.4,72.0,387.1,534.9,855.2,,,138.9,111.8,332.4,717.2,1063.3,,,14.3,29.3,46.9,48.0,134.3,,,818.8,797.5,384.0,881.3,982.9,,,837.3,1323.1,371.4,736.5,1716.1,,,2300.8,3132.5,1277.6,1744.9,2653.0,,,,,,,,,,,,,,,,,84.3,86.1,369.3,644.3,878.3,,,47.7,44.2,79.6,166.2,191.5,,,81.6,61.7,239.1,300.2,574.5,,,700.8,359.3,582.9,755.8,796.3,,,1343.6,457.7,721.2,678.8,1837.4,,,2157.6,777.2,1464.7,1357.6,2290.7,,,,,,,,,,,,,,,,,137.8,142.5,300.0,781.9,1113.4,,,73.0,71.3,118.0,240.4,299.0,,,92.9,71.0,178.9,339.6,496.1,,,735.4,365.1,543.3,872.4,954.1,,,1405.3,772.6,829.3,1158.1,2488.0,,,1520.4,990.4,1158.1,1262.1,1645.5,,,,,,,,,,,,,,,,,6.2,11.0,15.0,22.2,64.7,,,30.5,16.7,70.3,92.9,171.2,,,37.6,22.8,57.2,126.4,203.9,,,86.9,66.1,71.8,65.3,72.4,,,109.0,99.8,164.2,35.9,259.9,,,322.1,363.3,507.3,239.2,386.0,,,,,,,,,,,,,,,,,1137.8,1256.0,677.0,1283.9,1259.0,,,1171.1,680.6,881.3,996.1,1087.8,,,1059.0,700.8,786.6,1104.0,1104.0,,,511.3,539.9,502.8,525.2,549.0,,,670.9,556.7,675.3,476.6,221.4,,,1150.4,921.9,973.7,865.2,449.8,,,,,,,,,,,,,,,,,1489.9,1890.8,712.3,1140.3,2736.8,,,1762.6,699.8,841.4,679.7,1688.2,,,2015.4,996.1,1104.0,1401.6,3170.7,,,403.7,411.7,725.2,236.5,1007.7,,,923.6,350.1,581.6,333.9,154.8,,,3537.3,1494.2,2280.6,1992.3,421.7,,,,,,,,,,,,,,,,,4561.3,5048.5,2751.3,4444.4,5652.1,,,3466.6,1343.6,2524.2,2194.0,3398.6,,,4770.6,1940.2,3421.0,2810.7,4482.7,,,1984.7,2549.0,3040.9,2122.4,2810.7,,,2352.9,1650.7,1672.0,1837.4,684.2,,,4333.3,2639.5,3636.3,2921.3,828.0,,,,,,,,,,,,,,,,,,,,,,,,,,,,,,,,,,,,,,,,,,,,,,,,,,,,,,,,,,,,,,,,,,,,,,,,,,,,,,,,,,,,,,,,,,,,,,,,,,,,,,,,,,,,,,,,,,,,,,,,,,,,,,,,
20260918_川崎_9R,20260918,34,川崎,9,7.3,13.7,15.9,25.4,5.3,,,34.3,24.6,44.7,83.6,141.4,,,32.8,15.4,57.9,88.2,166.1,,,61.5,57.1,100.1,69.4,227.7,,,74.6,98.4,134.2,47.7,212.7,,,64.2,192.4,316.3,284.6,386.8,,,,,,,,,,,,,,,,,32.2,50.9,72.0,69.6,18.4,,,249.5,564.0,1115.4,1097.5,1015.9,,,226.2,474.8,1271.0,945.6,690.1,,,472.8,1505.6,1994.7,1093.1,1423.3,,,310.0,913.9,1336.3,952.2,1035.1,,,179.9,860.7,739.6,1280.0,1280.0,,,,,,,,,,,,,,,,,165.7,147.7,260.2,313.7,394.6,,,336.9,720.1,1453.6,1363.0,1552.7,,,167.2,336.1,463.1,696.2,701.6,,,674.7,1131.6,1262.2,927.9,2249.2,,,611.3,1075.9,1427.0,957.2,2407.7,,,1326.6,3159.3,2817.3,4407.8,5205.4,,,,,,,,,,,,,,,,,59.8,47.1,189.5,208.4,234.0,,,126.3,197.8,834.4,937.5,305.6,,,53.5,117.7,240.4,446.5,274.6,,,701.6,1415.9,700.7,1190.7,2177.5,,,715.4,1333.0,840.8,1008.4,2440.0,,,1268.1,1113.1,1481.2,3272.8,3769.4,,,,,,,,,,,,,,,,,464.7,551.5,779.6,363.4,1301.3,,,785.2,1917.7,2473.1,1222.7,1966.0,,,953.8,1588.8,1274.0,1274.0,2954.4,,,1247.8,2345.7,1390.7,1430.8,3693.0,,,363.1,646.0,596.6,873.1,1231.0,,,3718.1,2160.3,5577.2,5520.8,3234.1,,,,,,,,,,,,,,,,,156.6,355.3,440.0,177.1,504.6,,,273.6,915.5,1193.3,649.1,882.9,,,768.7,1088.7,913.9,877.3,2151.8,,,761.2,1363.0,977.7,942.3,2774.4,,,166.0,362.4,323.6,574.7,804.9,,,1612.2,2230.8,3292.5,3668.2,2462.0,,,,,,,,,,,,,,,,,414.6,1884.7,1612.2,2240.0,1646.2,,,401.0,2177.5,2296.5,2788.6,2746.5,,,3876.3,4018.8,3394.8,3253.3,7487.2,,,2355.8,3215.1,3394.8,6141.2,6072.9,,,4337.8,4711.7,5205.4,6006.2,4968.8,,,2484.4,3989.5,6506.7,6006.2,4140.6,,,,,,,,,,,,,,,,,,,,,,,,,,,,,,,,,,,,,,,,,,,,,,,,,,,,,,,,,,,,,,,,,,,,,,,,,,,,,,,,,,,,,,,,,,,,,,,,,,,,,,,,,,,,,,,,,,,,,,,,,,,,,,,,
20260918_静岡_1R,20260918,38,静岡,1,178.8,116.7,485.9,369.1,93.6,,,95.4,25.0,270.8,251.3,34.0,,,57.1,18.8,198.8,130.1,17.4,,,1182.1,711.1,662.7,920.8,302.6,,,741.3,611.7,426.7,892.6,293.5,,,19.2,10.3,5.7,19.7,49.4,,,,,,,,,,,,,,,,,263.4,172.5,1066.7,767.3,89.8,,,285.8,161.9,2133.5,1249.6,465.3,,,280.3,233.8,1988.1,767.3,526.9,,,1943.9,2650.8,3124.1,2572.8,2034.3,,,754.1,1366.8,857.6,2082.7,809.9,,,196.1,643.2,497.0,652.8,667.7,,,,,,,,,,,,,,,,,184.9,40.5,543.3,629.3,65.9,,,351.3,247.1,1988.1,1650.5,620.4,,,21.6,68.7,320.4,149.2,38.0,,,1482.6,3124.1,1619.9,2821.8,1590.4,,,1482.6,2733.6,971.9,2572.8,1901.6,,,132.5,457.9,150.5,747.6,940.6,,,,,,,,,,,,,,,,,254.2,67.0,694.2,444.0,79.1,,,359.9,276.8,1650.5,711.1,435.2,,,26.0,85.2,435.2,168.8,41.8,,,1388.5,3644.8,1650.5,3364.5,1650.5,,,1151.0,1198.3,575.5,3803.3,1214.9,,,126.7,453.2,145.7,550.1,624.8,,,,,,,,,,,,,,,,,4165.5,1785.2,1901.6,2499.3,874.7,,,3124.1,4604.0,2915.9,5145.7,3239.8,,,1682.2,4604.0,2572.8,3803.3,2915.9,,,3364.5,8747.7,2733.6,6248.3,2572.8,,,2821.8,6729.0,3803.3,6729.0,2499.3,,,833.1,2364.2,1988.1,1901.6,1988.1,,,,,,,,,,,,,,,,,1107.3,1182.1,633.8,514.5,242.3,,,1286.4,1943.9,982.8,2733.6,1434.0,,,1345.8,3239.8,961.2,3364.5,2572.8,,,1562.0,1388.5,1041.3,3499.0,1988.1,,,1861.2,3976.2,3239.8,4165.5,2186.9,,,286.8,1041.3,1434.0,961.2,455.6,,,,,,,,,,,,,,,,,37.8,31.8,21.7,31.7,59.3,,,147.7,607.4,478.0,543.3,722.9,,,126.7,453.2,172.1,633.8,1041.3,,,89.7,333.8,171.5,430.9,483.2,,,269.1,892.6,866.1,694.2,911.2,,,441.8,1508.2,1619.9,874.7,950.8,,,,,,,,,,,,,,,,,,,,,,,,,,,,,,,,,,,,,,,,,,,,,,,,,,,,,,,,,,,,,,,,,,,,,,,,,,,,,,,,,,,,,,,,,,,,,,,,,,,,,,,,,,,,,,,,,,,,,,,,,,,,,,,,
20260918_静岡_2R,20260918,38,静岡,2,155.1,31.0,100.9,256.4,16.0,,,352.8,399.9,244.5,437.9,394.2,,,36.8,145.2,146.1,160.5,41.0,,,250.1,148.3,279.0,785.7,207.0,,,1075.7,1086.2,553.9,1420.4,515.3,,,26.6,221.5,58.6,133.6,242.9,,,,,,,,,,,,,,,,,139.1,42.4,111.8,237.2,13.3,,,296.2,608.7,251.8,356.2,161.9,,,124.3,562.4,553.9,671.5,159.4,,,196.1,109.2,580.0,586.2,96.6,,,1119.1,1166.2,1477.3,1605.7,496.8,,,3.6,27.1,21.1,28.5,35.3,,,,,,,,,,,,,,,,,764.1,1303.5,443.1,1204.3,931.0,,,719.4,1538.8,496.8,1075.7,488.0,,,2462.1,2994.5,1978.5,3165.6,3693.2,,,206.7,198.9,679.7,437.9,202.5,,,1605.7,2014.5,2840.9,1045.2,1497.2,,,931.0,479.6,1629.3,543.1,1457.8,,,,,,,,,,,,,,,,,154.0,705.7,553.9,618.9,183.4,,,170.7,1560.5,1045.2,1653.6,443.1,,,1605.7,3077.7,2357.3,2702.3,2308.2,,,1351.1,1943.8,1582.8,2994.5,2462.1,,,1629.3,3574.1,3820.6,5276.0,2840.9,,,322.0,490.2,1877.9,1351.1,1678.7,,,,,,,,,,,,,,,,,302.7,212.6,431.1,1288.3,279.0,,,316.5,177.2,900.7,1273.5,129.7,,,105.2,87.2,351.7,242.4,98.3,,,1119.1,1816.3,1384.9,3574.1,1582.8,,,2462.1,2215.9,1191.3,4261.4,1678.7,,,301.9,184.0,258.8,1055.2,1154.1,,,,,,,,,,,,,,,,,2130.7,1943.8,2215.9,3258.7,1758.6,,,1978.5,1582.8,2261.1,3693.2,1119.1,,,2215.9,2357.3,3462.4,2576.6,2576.6,,,3462.4,2994.5,4261.4,5036.2,4103.6,,,2357.3,3462.4,1877.9,4817.2,3357.5,,,1629.3,1191.3,2357.3,2702.3,3462.4,,,,,,,,,,,,,,,,,34.8,318.3,108.0,261.9,384.7,,,13.3,61.3,47.7,48.4,58.4,,,688.1,323.9,1438.9,360.9,1367.8,,,270.8,206.7,1166.2,1231.0,1217.5,,,341.9,176.9,272.9,1107.9,971.9,,,780.2,388.7,1910.3,1846.6,1517.7,,,,,,,,,,,,,,,,,,,,,,,,,,,,,,,,,,,,,,,,,,,,,,,,,,,,,,,,,,,,,,,,,,,,,,,,,,,,,,,,,,,,,,,,,,,,,,,,,,,,,,,,,,,,,,,,,,,,,,,,,,,,,,,,
20260918_静岡_3R,20260918,38,静岡,3,2960.9,1816.0,1072.4,2161.9,2724.0,,,3095.5,979.8,972.8,2619.3,1039.7,,,1194.7,457.0,209.2,1389.8,271.3,,,464.8,333.8,118.9,469.6,183.0,,,2522.2,3095.5,1792.1,1272.9,2619.3,,,2389.5,1001.4,302.6,312.3,2196.8,,,,,,,,,,,,,,,,,2897.9,2348.3,1565.5,2161.9,2779.6,,,4256.3,3405.0,4696.6,1513.3,4256.3,,,2032.8,1513.3,1865.8,1055.8,1249.5,,,1448.9,4127.3,2476.4,2232.8,3095.5,,,1227.0,1024.0,748.3,1480.4,1335.3,,,3095.5,3095.5,1216.1,2063.6,1724.0,,,,,,,,,,,,,,,,,3584.3,939.3,1216.1,2432.2,1746.2,,,4393.6,2960.9,5044.5,3026.7,4393.6,,,276.2,805.9,230.0,298.0,73.5,,,1001.4,4393.6,437.9,3584.3,709.3,,,3026.7,3095.5,896.0,3584.3,2897.9,,,1098.4,2270.0,159.3,654.8,1792.1,,,,,,,,,,,,,,,,,484.7,194.5,161.3,619.1,123.2,,,645.5,510.1,830.5,851.2,413.9,,,65.6,169.8,37.1,117.9,9.5,,,68.9,345.6,27.7,268.1,27.2,,,756.6,702.0,195.4,411.4,231.2,,,19.9,92.4,3.9,12.7,92.2,,,,,,,,,,,,,,,,,230.4,110.6,34.9,192.9,76.8,,,519.8,1404.1,740.2,1184.3,835.6,,,233.6,1072.4,94.3,769.5,270.2,,,40.2,302.0,14.6,129.3,20.3,,,309.5,466.4,613.5,167.5,534.1,,,114.7,540.4,160.6,38.4,332.2,,,,,,,,,,,,,,,,,1261.1,1840.5,1335.3,1297.1,2476.4,,,328.2,272.4,180.6,778.3,744.2,,,1746.2,1362.0,878.7,2432.2,1973.9,,,350.1,219.6,164.6,356.5,339.6,,,698.4,724.4,1016.4,307.4,1039.7,,,1973.9,1216.1,1681.5,619.1,1362.0,,,,,,,,,,,,,,,,,1098.4,645.5,223.6,293.5,1433.7,,,1945.7,1840.5,873.1,1602.3,1530.3,,,498.9,1249.5,125.4,379.3,1072.4,,,63.9,221.4,21.2,38.1,243.6,,,164.8,567.5,211.8,75.4,639.4,,,1840.5,1375.7,1702.5,760.9,1164.1,,,,,,,,,,,,,,,,,,,,,,,,,,,,,,,,,,,,,,,,,,,,,,,,,,,,,,,,,,,,,,,,,,,,,,,,,,,,,,,,,,,,,,,,,,,,,,,,,,,,,,,,,,,,,,,,,,,,,,,,,,,,,,,,
20260918_静岡_4R,20260918,38,静岡,4,2683.3,621.0,1948.2,1529.2,1948.2,,,1597.9,118.5,413.4,1247.5,307.8,,,44.0,15.5,13.4,49.4,24.8,,,1281.2,520.9,162.5,1156.2,714.6,,,1422.1,2293.8,380.2,1497.0,2585.8,,,1580.2,438.9,262.3,877.8,2452.0,,,,,,,,,,,,,,,,,3468.7,2410.5,4309.6,3091.7,3307.4,,,4063.4,3025.9,3555.4,1755.7,4182.9,,,2187.9,2902.4,3025.9,1580.2,4740.6,,,2962.9,5267.3,3555.4,2734.9,1823.3,,,2031.7,1102.4,1481.4,1823.3,2410.5,,,3843.7,3742.6,4182.9,4309.6,3742.6,,,,,,,,,,,,,,,,,1734.3,153.4,643.5,1497.0,411.0,,,3232.2,2539.6,4587.7,1896.2,2683.3,,,102.3,1001.5,472.4,954.4,161.2,,,1304.7,3555.4,911.6,3160.4,1380.7,,,3386.1,1800.2,1119.8,3646.6,1896.2,,,296.2,1023.1,209.1,345.1,1580.2,,,,,,,,,,,,,,,,,20.9,3.4,4.3,20.4,6.7,,,195.0,436.2,566.6,301.9,592.5,,,23.1,211.6,89.6,203.1,36.9,,,66.2,404.0,184.4,352.0,228.6,,,167.3,282.1,388.5,585.2,568.8,,,71.4,365.6,64.3,159.0,408.6,,,,,,,,,,,,,,,,,3091.7,1653.7,515.2,2370.3,2091.4,,,4740.6,5469.9,3232.2,3468.7,2370.3,,,1713.4,4182.9,1185.1,4587.7,2222.1,,,513.4,3742.6,1226.0,2410.5,1512.9,,,4587.7,3468.7,4904.1,3468.7,3386.1,,,3386.1,5267.3,2331.4,2031.7,3950.5,,,,,,,,,,,,,,,,,2331.4,2902.4,877.8,2788.6,3843.7,,,1713.4,1529.2,1165.7,1896.2,2633.6,,,4740.6,2452.0,2061.1,5925.8,5079.2,,,677.2,1093.9,1380.7,1847.0,2902.4,,,3232.2,3468.7,5267.3,2788.6,4740.6,,,4904.1,4309.6,4444.3,3232.2,5267.3,,,,,,,,,,,,,,,,,2585.8,888.8,502.5,2293.8,3232.2,,,3555.4,4063.4,4309.6,4587.7,4587.7,,,580.4,1354.4,395.0,905.8,2257.4,,,448.6,2788.6,450.0,1304.7,1800.2,,,2539.6,4444.3,1497.0,1137.7,3742.6,,,3843.7,3843.7,3232.2,2683.3,3742.6,,,,,,,,,,,,,,,,,,,,,,,,,,,,,,,,,,,,,,,,,,,,,,,,,,,,,,,,,,,,,,,,,,,,,,,,,,,,,,,,,,,,,,,,,,,,,,,,,,,,,,,,,,,,,,,,,,,,,,,,,,,,,,,,
20260918_静岡_5R,20260918,38,静岡,5,433.9,666.7,281.7,234.5,258.5,,,805.9,1301.9,340.0,508.1,791.4,,,1152.0,1366.6,649.0,830.3,856.1,,,290.6,233.8,465.1,226.3,333.8,,,188.5,242.0,339.5,163.2,244.4,,,480.4,1140.0,712.0,580.5,612.9,,,,,,,,,,,,,,,,,392.9,311.6,190.0,252.6,172.0,,,344.3,210.7,74.5,369.8,175.8,,,284.2,230.6,63.4,446.3,66.9,,,95.8,37.5,43.1,131.6,45.8,,,256.4,402.9,535.3,285.0,358.9,,,65.0,94.3,24.0,32.4,173.8,,,,,,,,,,,,,,,,,668.7,890.8,270.9,573.0,788.6,,,427.2,414.3,140.3,476.2,278.5,,,1122.6,700.7,231.6,1392.6,913.0,,,57.1,47.2,50.7,62.2,83.0,,,450.8,750.9,1236.1,276.4,1134.1,,,856.1,376.1,434.8,231.6,1229.2,,,,,,,,,,,,,,,,,791.4,991.1,350.9,721.4,780.2,,,456.5,406.7,117.7,731.0,148.5,,,859.5,562.7,167.0,965.0,965.0,,,205.6,123.9,76.2,301.0,240.2,,,1033.0,1317.5,774.7,647.1,1383.8,,,500.0,196.9,733.4,248.3,982.2,,,,,,,,,,,,,,,,,160.7,79.6,172.8,134.9,207.9,,,75.7,18.3,43.3,115.2,31.4,,,24.3,13.0,19.4,26.5,21.7,,,126.1,69.4,38.1,204.3,129.8,,,113.1,181.6,70.9,274.3,258.2,,,164.8,61.4,52.4,82.9,283.5,,,,,,,,,,,,,,,,,225.9,303.4,390.1,160.0,285.3,,,347.0,450.8,803.0,370.4,539.2,,,544.6,635.9,936.3,267.0,1062.9,,,894.4,1116.9,1236.1,866.2,1222.4,,,207.3,299.7,155.1,405.2,421.5,,,707.5,932.3,1236.1,948.4,700.7,,,,,,,,,,,,,,,,,588.3,1447.5,689.7,852.8,1301.9,,,223.8,216.1,92.7,110.7,425.5,,,1582.9,438.3,637.7,377.4,1849.0,,,459.3,201.1,621.5,326.9,916.8,,,453.6,207.5,252.6,279.5,733.4,,,1094.6,960.8,1366.6,1073.3,944.3,,,,,,,,,,,,,,,,,,,,,,,,,,,,,,,,,,,,,,,,,,,,,,,,,,,,,,,,,,,,,,,,,,,,,,,,,,,,,,,,,,,,,,,,,,,,,,,,,,,,,,,,,,,,,,,,,,,,,,,,,,,,,,,,
20260918_静岡_6R,20260918,38,静岡,6,1296.5,1732.8,786.9,786.9,2095.5,,,3107.1,7208.6,1453.3,4870.6,5300.4,,,3003.5,6007.1,1397.0,4290.8,5149.0,,,1170.2,1430.2,1441.7,1209.4,1453.3,,,974.1,3533.6,3276.6,914.7,3834.3,,,3054.4,9999.9,5149.0,1287.2,5005.9,,,,,,,,,,,,,,,,,212.5,227.8,185.9,85.4,280.2,,,202.9,100.7,91.4,23.6,126.3,,,213.0,103.4,93.6,26.8,152.5,,,131.2,68.9,68.4,15.7,60.0,,,52.3,10.0,15.4,7.8,17.8,,,317.2,147.1,163.8,89.0,38.5,,,,,,,,,,,,,,,,,3218.1,5300.4,1365.2,5813.3,9485.0,,,1407.9,1001.1,854.1,260.0,1170.2,,,6436.2,1489.3,3754.4,2906.6,4004.7,,,1386.2,1325.1,3003.5,1716.3,4191.0,,,2954.3,407.7,854.1,1170.2,1375.6,,,6214.3,1820.3,3754.4,5005.9,2047.9,,,,,,,,,,,,,,,,,1623.5,2860.5,1155.2,2171.2,3003.5,,,596.7,220.3,205.0,108.7,479.2,,,3276.6,1119.3,2772.5,1419.0,2860.5,,,1201.4,672.4,1441.7,735.5,2252.6,,,1477.1,189.9,657.7,546.1,887.7,,,1766.8,1209.4,2574.5,3054.4,1296.5,,,,,,,,,,,,,,,,,905.6,1344.8,1193.4,901.0,1260.2,,,496.4,356.1,327.6,85.4,308.0,,,1234.3,1060.0,2435.3,1162.6,3337.3,,,1225.9,750.8,2171.2,776.7,1594.8,,,648.2,104.6,546.1,469.3,489.7,,,1217.6,754.0,2772.5,2468.7,905.6,,,,,,,,,,,,,,,,,137.6,883.4,667.4,434.2,669.9,,,64.7,16.4,24.1,11.4,21.4,,,650.5,53.4,266.5,193.1,287.4,,,583.2,59.0,264.2,201.1,293.9,,,239.0,21.8,90.1,110.5,95.2,,,485.7,33.8,156.4,198.2,122.2,,,,,,,,,,,,,,,,,3276.6,6436.2,3465.6,1430.2,4620.9,,,1766.8,995.6,974.1,660.1,343.2,,,6674.6,1465.1,2954.3,4505.3,2095.5,,,4095.8,1668.6,3218.1,3337.3,1917.1,,,1430.2,1217.6,3604.3,1185.6,1430.2,,,2502.9,374.6,1041.7,1140.6,1012.4,,,,,,,,,,,,,,,,,,,,,,,,,,,,,,,,,,,,,,,,,,,,,,,,,,,,,,,,,,,,,,,,,,,,,,,,,,,,,,,,,,,,,,,,,,,,,,,,,,,,,,,,,,,,,,,,,,,,,,,,,,,,,,,,
20260918_静岡_7R,20260918,38,静岡,7,468.5,143.6,335.9,666.0,300.6,,,818.2,270.8,617.5,1181.0,700.6,,,43.8,79.9,35.1,109.4,31.8,,,472.4,595.1,172.0,588.9,397.7,,,1697.1,2975.5,433.9,812.4,974.9,,,262.1,437.2,94.0,306.7,639.9,,,,,,,,,,,,,,,,,2161.4,476.3,827.1,2900.2,1080.7,,,4165.7,2490.4,8485.8,5588.2,6029.4,,,273.7,864.5,702.8,1258.8,468.5,,,958.6,6738.7,1497.5,6546.2,1748.9,,,5874.8,9961.6,3883.3,7159.9,7390.9,,,974.9,3524.8,627.7,2314.3,5588.2,,,,,,,,,,,,,,,,,4019.6,974.9,1123.1,6942.9,3182.1,,,4582.3,3054.9,9546.5,2574.3,8182.7,,,581.5,1507.3,1371.9,2828.6,979.1,,,1265.8,9999.9,3369.3,9999.9,8812.2,,,7900.6,9999.9,2463.6,9999.9,9999.9,,,2291.1,5207.2,1168.9,4322.9,6192.3,,,,,,,,,,,,,,,,,9.5,20.3,7.9,28.7,5.7,,,23.1,87.6,64.7,123.1,45.7,,,30.1,102.6,113.5,194.4,56.2,,,11.5,42.7,62.3,56.3,26.4,,,66.1,186.8,290.0,163.8,108.2,,,15.1,46.1,52.1,42.4,92.4,,,,,,,,,,,,,,,,,798.3,1018.3,366.5,1060.7,756.1,,,1055.8,6738.7,1507.3,7390.9,4406.1,,,1060.7,9164.7,2664.1,9999.9,7900.6,,,234.5,784.6,974.9,851.7,500.2,,,1245.2,7637.2,9961.6,2268.4,4242.9,,,884.6,3636.7,6029.4,1168.9,3524.8,,,,,,,,,,,,,,,,,6192.3,8485.8,2246.2,1324.3,7900.6,,,8812.2,9546.5,4980.8,9961.6,9999.9,,,9999.9,9999.9,8182.7,9999.9,9546.5,,,1613.5,3419.6,4406.1,1941.6,2182.0,,,1279.9,9999.9,9999.9,2828.6,5455.1,,,5328.3,9999.9,9546.5,2411.7,5588.2,,,,,,,,,,,,,,,,,486.4,524.2,113.7,416.5,766.2,,,664.1,1478.1,358.5,1636.5,2161.4,,,861.3,1722.6,475.3,1697.1,2490.4,,,73.2,173.4,193.0,168.2,305.4,,,480.3,1279.9,1371.9,327.7,1517.3,,,1193.3,2975.5,2633.5,671.9,1862.7,,,,,,,,,,,,,,,,,,,,,,,,,,,,,,,,,,,,,,,,,,,,,,,,,,,,,,,,,,,,,,,,,,,,,,,,,,,,,,,,,,,,,,,,,,,,,,,,,,,,,,,,,,,,,,,,,,,,,,,,,,,,,,,,
20260918_静岡_8R,20260918,38,静岡,8,391.1,66.6,160.5,621.8,167.2,,,916.1,391.1,477.2,875.0,919.2,,,59.8,121.0,65.6,258.5,53.9,,,207.7,307.7,118.1,561.7,239.0,,,1161.7,773.3,546.0,798.2,1508.3,,,174.6,465.0,54.4,199.4,892.1,,,,,,,,,,,,,,,,,161.9,36.1,72.1,286.4,73.7,,,356.8,341.6,444.6,541.6,728.0,,,13.0,75.2,42.5,87.2,49.6,,,87.5,239.2,90.8,408.0,202.8,,,484.9,410.5,338.7,612.1,866.6,,,79.4,455.7,97.0,218.9,714.6,,,,,,,,,,,,,,,,,1542.3,802.9,786.7,996.3,1992.7,,,1147.0,679.1,989.1,728.0,2394.7,,,445.3,468.2,387.2,296.1,1156.7,,,670.7,1229.7,616.2,485.7,1772.7,,,413.0,446.0,193.8,256.8,971.5,,,2201.6,2814.4,2007.3,2481.8,2600.0,,,,,,,,,,,,,,,,,19.9,60.2,27.9,126.1,30.5,,,9.9,63.2,27.0,86.6,45.8,,,105.3,158.6,122.6,99.4,321.9,,,54.8,86.6,129.7,213.6,173.0,,,135.6,197.1,90.6,214.9,380.7,,,14.6,64.9,182.3,117.4,285.2,,,,,,,,,,,,,,,,,140.7,245.0,85.9,438.2,198.1,,,144.7,291.9,123.8,631.9,314.8,,,337.4,370.4,271.9,443.9,913.0,,,70.1,74.6,162.3,304.3,161.0,,,601.3,812.5,453.4,554.8,1202.6,,,334.1,574.7,1213.3,437.5,1508.3,,,,,,,,,,,,,,,,,968.1,654.6,600.0,764.7,1560.0,,,853.1,568.7,476.4,1240.9,1625.0,,,264.5,328.5,139.5,214.1,784.4,,,286.1,339.5,178.7,372.9,756.2,,,610.7,1058.1,448.2,593.4,1832.2,,,1542.3,2527.8,2037.3,1761.3,2730.0,,,,,,,,,,,,,,,,,165.1,503.6,68.8,241.3,964.6,,,172.4,880.6,196.1,544.9,1625.0,,,1281.7,1936.2,1385.8,2149.6,3000.0,,,33.0,145.9,396.8,254.9,675.7,,,400.2,858.5,1467.7,490.1,2703.0,,,1685.2,2814.4,2353.4,1578.0,3000.0,,,,,,,,,,,,,,,,,,,,,,,,,,,,,,,,,,,,,,,,,,,,,,,,,,,,,,,,,,,,,,,,,,,,,,,,,,,,,,,,,,,,,,,,,,,,,,,,,,,,,,,,,,,,,,,,,,,,,,,,,,,,,,,,
20260918_静岡_9R,20260918,38,静岡,9,472.8,106.4,82.3,639.6,20.9,,,2135.8,2446.9,4200.5,6632.4,2769.5,,,350.5,984.5,777.8,1923.9,420.0,,,391.9,1853.1,875.1,2681.2,591.6,,,2739.4,7412.7,4065.0,5040.6,4131.6,,,46.2,936.9,253.8,188.2,1292.4,,,,,,,,,,,,,,,,,190.7,42.1,47.9,289.0,7.0,,,570.2,464.1,1384.7,1923.9,433.7,,,85.1,156.4,264.1,257.1,61.3,,,146.5,903.3,264.4,1028.7,114.0,,,602.9,1880.8,451.6,1440.1,355.4,,,3.1,98.8,19.1,37.1,71.4,,,,,,,,,,,,,,,,,3273.1,3000.3,3818.6,7000.9,4345.3,,,2400.3,1432.0,3652.6,4667.2,1726.2,,,1555.7,896.9,1200.1,988.3,1229.4,,,4500.5,3818.6,2172.6,5478.9,4500.5,,,5362.4,5362.4,1762.4,4131.6,6000.7,,,4131.6,1800.2,1527.4,4065.0,6147.1,,,,,,,,,,,,,,,,,312.6,668.5,851.4,1272.8,465.8,,,193.7,218.2,430.8,450.8,143.3,,,416.5,234.4,398.7,202.4,304.0,,,1292.4,745.6,743.4,1120.1,1081.6,,,664.9,356.4,170.6,890.5,412.4,,,324.3,135.9,201.7,628.5,437.5,,,,,,,,,,,,,,,,,549.0,2270.5,1058.9,2739.4,906.5,,,321.4,1415.9,583.4,1750.2,310.3,,,2930.6,3706.3,1839.6,4667.2,4500.5,,,1253.8,829.0,848.5,1762.4,1229.4,,,4582.4,2423.3,3818.6,1774.8,2831.8,,,951.0,446.0,2545.7,1045.7,2520.3,,,,,,,,,,,,,,,,,2864.0,5143.5,3938.0,6300.8,3761.6,,,1702.9,3073.5,1063.4,2625.3,1041.4,,,5600.7,4500.5,1081.6,3652.6,5861.2,,,1305.8,707.9,408.4,1702.9,837.3,,,5362.4,3549.7,4941.8,2739.4,5362.4,,,2800.3,1024.5,4271.7,1091.0,4131.6,,,,,,,,,,,,,,,,,38.5,528.3,154.1,223.2,636.4,,,5.6,110.7,18.6,51.6,124.5,,,1272.8,692.3,508.1,1340.6,2154.1,,,143.5,65.0,105.4,267.5,233.5,,,454.9,256.6,848.5,494.1,1105.4,,,1077.0,479.1,1400.1,311.9,1575.2,,,,,,,,,,,,,,,,,,,,,,,,,,,,,,,,,,,,,,,,,,,,,,,,,,,,,,,,,,,,,,,,,,,,,,,,,,,,,,,,,,,,,,,,,,,,,,,,,,,,,,,,,,,,,,,,,,,,,,,,,,,,,,,,
20260918_静岡_10R,20260918,38,静岡,10,610.6,518.8,1282.6,2258.8,284.2,,,382.6,442.3,415.7,480.6,114.0,,,303.1,492.7,807.7,1198.3,255.5,,,918.1,541.9,1004.9,1784.9,181.8,,,2658.8,604.8,2144.9,2299.5,731.3,,,70.3,35.5,58.1,19.6,122.0,,,,,,,,,,,,,,,,,1978.6,1302.2,2658.8,3314.9,477.9,,,2258.8,1748.2,2604.5,1657.4,1221.2,,,675.2,877.1,1221.2,1394.8,374.2,,,3646.4,4816.0,2341.7,5209.1,1528.4,,,6544.8,2341.7,3358.5,4816.0,4051.5,,,452.5,1008.8,610.6,839.6,2552.4,,,,,,,,,,,,,,,,,834.1,686.1,607.7,613.5,156.8,,,1227.1,1269.8,1919.1,1020.9,836.8,,,1257.3,1276.2,2025.7,1546.9,892.4,,,945.3,2744.6,2527.2,1221.2,559.7,,,487.1,729.2,874.1,308.2,178.3,,,103.9,376.4,419.8,139.7,171.5,,,,,,,,,,,,,,,,,343.5,618.0,941.8,1450.2,242.1,,,286.1,385.5,701.2,1037.6,257.8,,,883.2,868.1,1863.1,1668.2,714.9,,,1836.3,1797.5,2774.4,3809.6,1119.5,,,2631.4,1701.6,1904.8,4908.6,2181.6,,,112.2,259.9,374.8,217.9,868.1,,,,,,,,,,,,,,,,,2408.0,1233.0,2109.5,3496.5,301.3,,,4558.0,4326.2,2744.6,6717.0,1849.6,,,1322.5,3867.4,4400.8,3646.4,928.1,,,3151.2,3075.2,3314.9,7507.3,1919.1,,,5317.7,6381.2,3809.6,5936.0,3038.6,,,184.6,1124.4,646.2,1192.7,1690.3,,,,,,,,,,,,,,,,,4558.0,1198.3,3403.3,3151.2,1329.4,,,6544.8,2279.0,5104.9,6717.0,5104.9,,,815.4,1033.3,1072.4,401.3,246.8,,,2933.9,4184.4,2502.4,4640.9,3272.4,,,3988.2,5317.7,2299.5,6225.6,2075.2,,,721.0,1863.1,317.4,1849.6,387.3,,,,,,,,,,,,,,,,,16.1,7.4,12.8,2.8,46.4,,,62.1,201.1,149.3,156.2,669.9,,,23.8,113.4,141.0,55.6,188.9,,,41.9,94.1,187.2,98.1,535.1,,,11.0,72.8,43.1,81.8,221.7,,,173.4,773.4,325.9,723.0,384.4,,,,,,,,,,,,,,,,,,,,,,,,,,,,,,,,,,,,,,,,,,,,,,,,,,,,,,,,,,,,,,,,,,,,,,,,,,,,,,,,,,,,,,,,,,,,,,,,,,,,,,,,,,,,,,,,,,,,,,,,,,,,,,,,
20260918_静岡_11R,20260918,38,静岡,11,658.1,103.2,475.1,401.5,387.1,,,986.1,331.9,497.9,1801.1,1258.5,,,30.9,84.4,48.0,78.6,9.4,,,474.4,564.3,212.4,1148.0,755.7,,,427.2,1591.4,286.1,1279.9,1078.0,,,412.0,1122.3,84.1,625.3,939.9,,,,,,,,,,,,,,,,,1274.5,180.6,812.9,723.0,610.1,,,1779.7,1325.0,1354.8,1574.7,2527.6,,,112.6,646.8,369.5,278.2,217.9,,,882.0,1652.6,634.5,976.5,1109.9,,,495.5,937.0,249.2,662.5,735.4,,,659.6,2837.5,466.3,960.9,1118.1,,,,,,,,,,,,,,,,,1542.4,295.1,347.3,2133.2,1625.8,,,2387.1,1481.7,1709.0,1928.1,2759.4,,,237.5,1085.8,238.7,1558.4,588.6,,,261.0,919.8,190.9,967.1,669.9,,,1822.9,2811.0,1834.0,2074.3,3457.3,,,1412.1,3668.1,1016.1,1399.0,1801.1,,,,,,,,,,,,,,,,,7.6,37.5,21.5,41.4,2.5,,,23.9,289.7,158.8,135.7,54.9,,,134.8,474.4,298.9,864.3,296.9,,,98.7,228.0,360.2,680.5,198.2,,,149.8,216.3,1109.9,739.0,289.2,,,8.8,39.4,173.6,109.6,163.0,,,,,,,,,,,,,,,,,1503.9,945.8,542.9,1511.4,1718.7,,,1550.4,1699.3,900.5,1891.7,1953.1,,,457.8,1012.7,438.4,957.9,1699.3,,,369.9,751.9,637.2,1856.6,610.1,,,4627.4,2527.6,1439.1,2948.8,3497.5,,,3166.1,2661.8,3069.2,1965.9,4177.5,,,,,,,,,,,,,,,,,922.6,2313.7,767.3,3497.5,2425.6,,,620.1,1081.9,287.8,960.9,995.9,,,3418.0,2261.5,2709.7,3342.0,4699.7,,,523.1,508.9,2179.6,1811.9,793.6,,,4177.5,2406.2,3305.3,2734.4,4774.3,,,2978.0,2920.2,5371.1,2278.6,5371.1,,,,,,,,,,,,,,,,,954.8,2592.9,181.1,2046.1,2592.9,,,1248.0,3457.3,819.5,1928.1,3342.0,,,4120.3,4699.7,2244.6,3457.3,5784.3,,,134.9,482.8,1432.3,986.1,1237.7,,,2060.1,2506.5,2948.8,2331.6,5784.3,,,4296.9,4010.4,4489.3,2638.4,5098.0,,,,,,,,,,,,,,,,,,,,,,,,,,,,,,,,,,,,,,,,,,,,,,,,,,,,,,,,,,,,,,,,,,,,,,,,,,,,,,,,,,,,,,,,,,,,,,,,,,,,,,,,,,,,,,,,,,,,,,,,,,,,,,,,
20260918_静岡_12R,20260918,38,静岡,12,1581.0,701.4,2173.1,2443.4,819.7,,,1754.9,604.3,1863.8,1254.7,1063.9,,,289.5,312.1,528.1,718.2,159.9,,,3252.7,2837.1,1636.8,4151.9,1870.6,,,3191.8,1691.0,1542.8,4118.4,2790.6,,,679.1,1098.2,338.6,823.6,1870.6,,,,,,,,,,,,,,,,,1224.6,605.0,1600.9,2259.6,553.2,,,907.0,359.1,792.9,532.5,243.9,,,230.6,234.7,245.8,459.2,64.9,,,1376.5,943.9,480.4,1547.5,238.3,,,2364.3,852.5,667.5,1731.1,745.5,,,207.1,83.3,41.7,45.0,292.1,,,,,,,,,,,,,,,,,460.9,194.4,983.9,334.2,387.1,,,440.2,243.9,759.9,388.3,178.2,,,139.7,185.6,326.9,156.4,102.6,,,1647.3,1289.6,689.1,834.4,494.3,,,280.5,341.5,151.0,457.6,171.5,,,434.2,172.2,146.2,214.0,217.4,,,,,,,,,,,,,,,,,91.1,88.4,126.6,267.3,40.7,,,115.9,118.1,117.7,204.3,23.3,,,163.1,167.7,200.6,163.6,74.9,,,332.6,161.1,232.9,514.2,49.3,,,415.1,289.9,165.4,447.5,115.4,,,41.3,14.0,43.7,12.5,81.9,,,,,,,,,,,,,,,,,3191.8,3359.7,1949.1,4685.2,1884.4,,,1891.4,1475.9,691.0,1987.1,348.8,,,2632.4,1927.1,1195.9,2220.3,923.4,,,1184.8,632.8,858.3,1585.9,224.8,,,4327.8,2986.4,1658.0,2364.3,1198.8,,,785.6,147.9,379.4,144.5,628.9,,,,,,,,,,,,,,,,,2646.0,1316.2,1529.0,3191.8,2408.9,,,1956.6,805.5,1145.0,2026.5,864.1,,,737.9,619.7,245.7,761.0,232.9,,,967.2,913.5,385.4,1193.1,376.0,,,3621.9,2300.4,1810.9,1891.4,1264.0,,,1376.5,559.9,411.1,448.3,464.6,,,,,,,,,,,,,,,,,243.7,417.9,179.5,248.2,913.5,,,94.0,42.9,13.8,10.8,123.2,,,435.7,121.7,112.7,127.1,280.7,,,60.3,17.3,50.6,17.0,145.9,,,171.3,20.9,64.4,29.9,184.6,,,961.7,184.2,265.0,276.1,224.3,,,,,,,,,,,,,,,,,,,,,,,,,,,,,,,,,,,,,,,,,,,,,,,,,,,,,,,,,,,,,,,,,,,,,,,,,,,,,,,,,,,,,,,,,,,,,,,,,,,,,,,,,,,,,,,,,,,,,,,,,,,,,,,,
20260918_富山_1R,20260918,46,富山,1,2044.6,3505.0,2970.1,5038.5,1450.6,2954.5,2954.5,1621.6,1454.4,1095.7,2341.5,277.7,1769.0,739.6,4550.9,2067.1,3594.4,4550.9,1144.6,5177.2,4243.0,3571.6,1659.7,3379.1,5643.2,1443.2,5274.0,3152.6,8681.8,3891.8,5532.5,7054.0,3339.1,6799.0,7143.3,602.2,196.9,619.4,510.6,1500.8,789.2,158.8,1654.9,2553.4,5130.1,4993.9,8178.5,1808.7,3050.3,3359.0,1154.0,3838.9,3033.9,6270.2,618.0,3571.6,2293.9,5478.8,4059.8,5817.7,1980.0,3017.7,4002.2,1128.6,942.1,900.0,1802.9,453.6,628.4,1689.5,4243.0,1439.5,2908.8,2752.7,2170.4,1973.1,4550.9,3170.3,1458.1,3379.1,4211.3,1862.4,1959.4,2970.1,7948.1,3549.1,4119.1,5274.0,4089.2,4587.9,8957.4,1248.4,609.4,1650.0,1473.4,2835.7,1149.3,1106.5,2129.5,644.9,1446.9,1056.7,2137.5,712.5,1704.8,3974.0,3399.5,6133.9,3712.6,7328.8,2129.5,4243.0,452.1,357.6,275.2,707.1,72.9,558.7,278.4,360.3,210.2,183.5,395.4,114.4,183.1,348.5,202.2,131.7,57.1,110.4,33.4,166.0,158.4,157.4,98.1,49.7,82.3,24.7,188.8,107.6,579.9,278.2,162.4,129.1,96.9,511.6,444.3,25.3,46.9,26.7,19.4,73.8,66.4,14.7,561.5,116.9,270.3,258.6,557.6,95.8,439.8,311.4,473.4,350.9,273.2,653.9,94.8,632.6,2649.3,1190.5,2230.5,2739.4,483.5,3420.1,2600.5,2453.5,951.6,1521.0,2137.5,1224.1,1521.0,2496.9,425.9,369.5,127.5,246.9,77.4,334.9,322.2,1337.2,926.6,242.7,776.2,294.9,1594.1,744.4,2037.2,1396.8,391.0,753.4,467.9,1414.3,2067.1,323.0,581.1,120.6,249.1,504.3,581.7,133.1,2600.5,592.1,836.0,1791.4,2204.3,764.6,2821.6,2496.9,3865.2,1229.4,1952.6,3527.0,791.4,4307.7,3762.1,1403.7,2766.2,5700.2,1350.0,4478.7,2864.5,3483.4,1183.0,2391.1,3420.1,1645.2,2341.5,2985.8,564.3,434.0,255.4,344.7,139.5,760.5,518.6,1887.3,1731.0,410.4,1421.4,765.7,2713.0,1669.5,5130.1,3483.4,833.5,1994.0,1621.6,6412.7,3946.3,719.7,1079.0,227.7,683.1,1226.7,1376.3,408.0,5426.1,2275.4,1679.5,4478.7,5878.3,2496.9,4340.9,3319.5,4275.1,1563.2,3300.1,4149.4,1262.4,4307.7,7054.0,4002.2,5940.2,8422.7,2700.1,6966.9,6486.4,7524.2,2908.8,4864.8,6201.3,4742.1,5643.2,7730.4,1862.4,817.8,475.0,423.0,326.1,2105.6,1541.8,4587.9,2923.9,647.1,1679.5,876.2,3505.0,3117.7,6718.1,4408.7,971.2,2022.6,1580.7,7054.0,5374.4,1485.0,2519.2,600.3,1128.6,1461.9,2726.1,627.7,7625.9,4514.5,4180.1,4408.7,6067.9,3527.0,9101.9,7625.9,8817.5,3865.2,6412.7,6340.6,3066.9,9251.1,190.9,49.8,148.2,123.1,356.2,268.3,34.5,410.7,252.1,710.7,620.1,1285.4,555.9,309.8,34.2,82.5,54.1,39.6,140.3,114.9,24.5,232.2,569.4,126.1,293.0,507.0,642.7,127.0,197.4,412.8,99.5,285.8,446.8,679.9,137.2,568.8,1376.3,308.3,537.4,641.2,1533.4,320.0,474.2,292.0,261.7,702.7,553.7,1529.3,171.5,52.4,145.8,38.4,92.2,61.7,150.9,170.2,1832.2,2303.3,4089.2,4443.4,6966.9,1074.8,3170.3,945.2,398.5,869.5,518.6,1188.0,315.0,777.3,1321.5,368.1,827.4,937.4,1862.4,334.1,1598.6,3974.0,1432.2,1340.4,2661.8,3033.9,1363.0,4408.7,6486.4,1808.7,1710.0,4211.3,5817.7,1791.4,4002.2,8681.8,4408.7,3737.2,3594.4,6486.4,3712.6,7143.3,855.0,395.4,353.1,976.3,781.6,1994.0,326.9,5532.5,2766.2,3571.6,6067.9,4702.6,7730.4,1959.4,3462.0,1747.1,5940.2,4550.9,8298.8,864.1,2954.5,5130.1,2674.5,6639.0,3462.0,8061.7,2145.7,6412.7,1318.5,1704.8,2239.3,1393.3,3420.1,368.3,4059.8,6561.8,7948.1,3688.3,4782.3,7625.9,2044.6,8550.3,4950.1,4702.6,2371.0,3918.8,6412.7,1396.8,7054.0,9405.3,9999.9,5323.7,9999.9,7425.2,4374.5,9999.9,591.5,1198.1,328.4,1037.3,670.2,1832.2,1704.8,7328.8,6881.9,7143.3,7425.2,9900.3,9729.6,3033.9
20260918_富山_2R,20260918,46,富山,2,894.5,1905.4,665.5,2432.3,827.2,1059.8,576.2,599.7,435.4,122.4,485.5,264.4,228.9,247.1,1954.8,799.7,508.9,3340.5,412.3,861.0,1268.7,360.7,91.3,245.7,674.9,79.9,83.7,138.9,3104.7,800.9,3383.4,1346.4,2030.0,1813.7,2477.9,435.8,184.4,167.0,83.6,896.1,164.4,294.5,462.1,112.1,257.9,50.7,652.4,146.7,162.8,338.7,216.0,626.8,179.6,1747.7,428.4,321.6,1160.0,2466.4,856.8,3050.9,1051.4,1462.0,690.8,921.1,2822.5,845.8,1521.0,1241.9,2884.2,905.3,2749.0,3590.5,2679.2,6681.1,2163.1,6359.1,2366.8,670.6,832.5,1954.8,2432.3,724.0,2006.8,497.9,3665.3,1795.2,7649.4,3179.5,3160.5,9100.1,2777.9,903.7,1205.0,1135.0,780.7,2525.4,2600.0,775.0,2443.5,4398.4,6283.4,3141.7,7649.4,3797.2,2128.2,200.5,417.5,1013.0,187.5,1543.3,419.8,1041.0,573.0,487.8,120.7,355.1,199.5,327.4,266.8,773.9,2030.0,610.8,1095.0,1061.9,2513.3,693.5,1064.1,2314.9,702.8,1349.9,668.9,2525.4,1820.0,94.5,382.1,341.6,209.2,97.4,405.0,184.6,240.0,705.6,792.5,222.4,417.9,999.6,450.3,162.8,583.8,270.6,112.1,358.0,557.9,306.8,803.3,2965.2,2549.8,906.8,1753.5,1268.7,1962.1,355.1,626.8,968.4,288.1,770.5,465.4,1336.2,1976.8,1614.1,756.1,4188.9,486.9,1753.5,1458.0,3068.6,4326.3,3086.6,7132.5,2022.2,5930.4,3449.7,1807.5,4256.5,1284.2,2807.5,873.8,5615.0,3518.7,506.0,2236.4,913.1,2600.0,256.2,2208.4,748.6,5930.4,9425.1,3938.8,4472.9,1306.4,7649.4,8945.9,176.8,879.6,372.7,174.6,1218.9,777.3,433.6,2792.6,9596.5,6137.3,3797.2,9999.9,2255.6,6681.1,2006.8,2255.6,3615.1,1680.9,7761.9,1807.5,5675.3,252.1,54.7,156.8,407.5,59.6,67.9,89.8,413.3,407.5,1020.9,1385.3,463.3,1036.9,243.5,64.5,257.0,218.5,211.7,78.2,297.1,124.9,279.2,1104.2,351.8,1454.0,168.1,925.9,452.2,678.4,1891.7,329.0,1947.6,899.1,2314.9,1024.8,46.0,232.2,58.0,71.3,395.0,215.4,98.4,165.8,1293.6,398.0,945.8,2145.5,495.5,589.0,107.8,174.6,129.0,361.0,875.3,175.9,451.5,3880.9,1446.0,5997.8,2037.8,2366.8,3033.3,4362.0,4472.9,2190.0,6766.8,3518.7,2965.2,8513.0,3340.5,644.4,1316.2,1543.3,413.9,827.2,2549.8,1108.8,5737.0,8377.9,3590.5,4188.9,1454.0,7649.4,8247.0,1575.5,2807.5,822.1,3218.3,1346.4,5124.3,2807.5,1624.0,2612.9,1277.9,1139.9,1446.0,3998.5,3238.1,4979.3,8652.6,5800.1,9958.6,6854.6,6283.4,9958.6,3640.0,3566.2,2094.4,9596.5,2868.5,3518.7,8247.0,246.1,81.3,74.9,46.6,477.2,113.0,131.5,298.0,359.5,340.3,312.8,1178.1,840.4,285.3,77.9,276.6,104.9,61.0,245.9,312.1,146.1,43.2,190.0,67.3,34.6,406.0,217.3,106.3,30.5,155.1,40.6,42.8,280.1,157.9,69.5,827.2,1508.0,409.7,671.5,585.8,1534.3,1253.7,298.0,1183.4,635.1,568.7,395.0,1984.2,715.1,147.1,239.0,176.6,198.2,121.1,888.5,513.4,876.7,213.5,499.3,88.6,1018.9,317.1,332.1,2069.8,4060.0,6681.1,3104.7,8247.0,3938.8,2410.0,696.3,3968.5,3590.5,888.5,3542.3,1871.6,2489.6,1969.4,6283.4,4550.0,2679.2,8120.1,2562.1,5930.4,186.8,2102.8,518.4,1538.8,3716.9,819.5,855.4,4398.4,9774.2,4291.1,8120.1,5737.0,5615.0,7649.4,598.4,3141.7,1356.8,1470.2,865.2,4091.5,1777.1,841.8,2345.8,2136.8,4798.2,1306.4,6516.1,2255.6,244.8,237.0,715.1,185.0,1777.1,335.5,388.3,115.3,196.1,593.0,108.2,1072.7,188.6,681.0,271.2,376.4,739.2,267.3,979.2,440.9,1356.8,1392.6,1388.9,1508.0,1081.5,5555.9,1170.3,3770.0,167.4,172.6,201.9,536.9,1336.2,218.1,696.3,2665.7,2443.5,1418.8,5737.0,2587.3,3160.5,5124.3,256.4,290.0,299.7,432.2,221.3,1624.0,884.1,1074.9,1422.6,2477.9,4091.5,1343.0,5075.1,1575.5
20260918_富山_3R,20260918,46,富山,3,780.5,409.0,71.6,244.0,216.8,181.4,62.5,1541.2,3036.0,686.5,1553.1,2165.5,4542.7,842.6,833.3,3639.6,399.3,1726.2,401.4,2323.7,532.3,90.9,462.6,206.9,119.8,139.9,320.6,59.9,366.8,1541.2,1129.3,180.0,733.2,916.8,271.5,378.3,1598.3,226.5,160.4,744.9,1050.7,168.2,516.3,3413.4,2549.2,523.1,1911.9,1746.1,417.8,36.4,175.3,119.2,25.9,88.9,46.0,133.6,793.9,389.0,69.6,236.0,211.8,160.5,65.9,1980.9,3752.6,767.7,1327.8,2615.5,1462.9,2570.9,805.5,3020.9,413.8,1606.8,465.4,929.5,1302.1,61.3,410.1,215.0,75.8,133.7,106.7,72.5,379.2,1230.5,1330.7,137.5,835.6,467.2,469.4,345.8,1924.1,268.6,175.5,852.1,471.6,450.5,117.7,486.8,340.9,79.5,212.5,213.1,141.7,76.7,925.2,608.4,87.4,321.0,291.8,195.7,3319.6,5253.7,1473.6,3230.9,4001.1,7846.5,2229.4,4225.0,7368.0,1930.2,3706.6,4001.1,3179.8,5120.1,8756.2,9017.6,5163.9,9904.5,5163.9,9999.9,9999.9,1697.1,1766.6,3319.6,677.3,2083.3,3319.6,2466.0,2527.9,2836.5,5034.8,464.0,3848.2,5208.4,2918.7,5208.4,5594.2,3248.2,2961.6,6041.8,4912.0,6293.5,8885.0,5646.5,9999.9,5208.4,8509.5,7279.2,6567.1,2581.9,5394.4,8164.6,3146.7,4378.1,7846.5,7108.0,2097.8,7459.0,1313.4,3512.6,1108.5,5492.5,2062.0,1771.7,5492.5,1164.1,2990.9,1213.2,2638.3,2593.0,9295.0,7368.0,4720.1,9590.1,4993.2,9999.9,9999.9,1448.8,1414.9,4110.0,1177.7,686.5,3146.7,2165.5,3897.9,4166.7,9017.6,1421.6,3230.9,5923.3,6293.5,503.9,567.8,1876.3,241.2,942.5,1094.5,952.9,5981.9,4284.9,9999.9,5034.8,8276.4,5120.1,8631.1,2007.2,3472.3,9999.9,2246.0,6102.8,2142.4,6293.5,90.6,503.9,289.7,95.5,189.5,395.9,76.5,70.0,431.5,319.8,71.5,174.5,158.1,74.0,640.7,629.3,1333.7,262.1,925.2,1589.9,932.3,490.0,555.3,1741.1,359.4,274.0,1502.9,847.3,41.4,36.6,124.5,115.7,68.9,172.4,53.1,251.4,306.5,1106.5,169.6,186.7,930.9,402.2,775.5,402.5,2083.3,1814.3,541.3,1395.3,982.4,73.7,99.9,697.6,494.4,105.2,257.8,440.3,708.3,2626.8,2538.5,248.2,1333.7,1961.6,688.1,658.1,2105.1,2615.5,213.0,1296.5,1186.9,783.6,2378.6,2288.5,3575.0,391.0,3684.0,4833.4,2771.4,2918.7,3265.8,7192.6,746.8,2213.1,6427.4,5034.8,82.3,82.0,196.6,137.9,93.1,337.5,119.0,1701.9,1537.3,4795.0,1669.0,362.2,3974.8,2119.9,3872.9,2638.3,7647.8,7745.9,1316.2,6639.3,5034.8,648.2,793.9,2836.5,3356.5,261.7,1302.1,2823.2,427.2,2221.2,319.5,276.6,729.6,1529.5,322.0,384.3,1974.4,398.2,280.1,731.4,671.3,651.7,3394.2,3706.6,2697.2,2205.0,3776.1,4254.7,4508.8,186.1,263.9,1073.1,119.7,372.0,599.3,361.7,317.1,351.4,1324.9,190.4,298.9,1102.5,497.2,835.6,935.2,3163.2,976.0,373.1,2890.8,1549.1,2810.1,1218.1,5299.8,1888.0,1701.9,3823.9,2407.0,384.3,849.7,3375.3,718.4,608.4,1721.3,1782.2,977.6,6713.1,4110.0,1502.9,3472.3,3492.3,1388.9,422.7,1435.1,1059.9,227.8,607.2,715.8,517.7,9999.9,4647.5,9999.9,4508.8,9999.9,8631.1,9999.9,6165.1,3356.5,9999.9,3729.5,8276.4,5646.5,7459.0,1697.1,615.8,3948.8,3394.2,1330.7,2350.8,1842.0,5253.7,2189.0,8509.5,8509.5,1594.1,6713.1,5754.1,3799.8,1798.1,7647.8,3848.2,2237.7,5809.4,3729.5,1230.5,1061.8,6359.7,4683.5,1736.1,3729.5,3114.3,38.1,311.9,172.7,26.5,89.3,64.4,145.9,80.5,1043.4,609.0,99.1,334.7,331.4,271.4,1302.1,2517.4,5394.4,1741.1,2746.2,3729.5,5253.7,742.2,1243.1,5754.1,880.7,2961.6,1038.1,2112.5,65.6,103.0,848.5,503.9,126.6,237.6,422.5,294.1,460.5,1819.8,1905.9,184.9,755.2,1401.8,272.3,582.6,2976.2,577.6,448.8,1157.4,1441.9,587.1,554.2,4612.0,1987.4,753.3,2000.5,1641.7
20260918_富山_4R,20260918,46,富山,4,61.7,220.7,52.7,283.5,118.6,209.5,252.8,17.5,13.1,11.7,89.9,27.5,49.5,21.8,380.5,153.7,368.3,857.2,436.7,641.6,554.0,23.9,29.9,122.0,206.3,72.3,120.9,114.2,435.9,307.1,872.9,503.5,390.2,529.0,818.5,136.5,91.3,278.7,135.3,273.3,187.1,327.1,121.0,56.7,226.7,92.9,214.3,83.0,162.3,270.3,70.7,364.8,177.8,663.4,322.4,293.0,487.8,2551.6,543.3,2453.1,1207.1,1883.7,1907.3,550.0,1616.3,798.8,2421.9,1825.1,4709.4,2347.4,4384.6,2923.1,3853.1,9999.9,6999.3,9999.9,9908.1,443.3,621.7,1897.8,1516.7,676.3,2243.9,1733.9,4262.1,3872.7,9999.9,4036.6,4595.9,9999.9,9999.9,1816.4,2421.9,4986.4,1722.1,3650.3,6152.6,5298.1,3246.5,9191.9,9999.9,4541.2,9999.9,7706.3,9536.6,3192.1,3436.6,6692.3,2923.1,9304.0,5086.1,9781.1,51.3,36.5,32.8,201.7,66.1,116.2,54.6,143.3,188.2,142.0,558.1,241.6,1013.1,440.7,65.6,80.9,62.1,223.2,81.9,477.7,116.7,45.6,36.9,51.9,400.2,90.1,481.9,165.9,607.4,1022.6,599.3,989.5,876.9,2836.1,1244.5,166.3,257.9,153.9,199.3,497.9,894.4,384.1,529.4,1450.4,1145.5,1058.1,2991.8,1469.9,1315.3,84.6,188.5,58.2,134.4,602.1,197.6,650.9,3467.8,867.9,2560.1,4652.0,2469.0,5225.5,4286.1,4461.5,2923.1,4709.4,9999.9,6999.3,9999.9,8871.2,678.1,1319.9,1157.7,2734.5,1453.1,4015.4,1538.1,3953.0,4623.8,2211.3,8769.3,7479.6,9999.9,8292.7,9657.3,9999.9,8030.8,9999.9,9781.1,9999.9,9999.9,4286.1,7784.9,3565.0,7064.1,9418.8,9999.9,9999.9,9999.9,9999.9,9999.9,9999.9,9999.9,9999.9,9999.9,5823.8,9908.1,2568.7,7553.7,9999.9,9999.9,9999.9,95.0,91.9,471.2,763.6,211.8,437.2,500.2,124.2,129.7,444.3,380.7,113.9,818.5,556.0,89.0,78.6,145.5,888.1,194.3,877.9,371.4,1177.3,948.9,895.4,3953.0,1825.1,5868.6,4101.7,2224.2,1665.7,2257.1,5410.8,2250.5,6520.7,6054.9,505.2,334.1,450.9,1790.9,1637.1,2333.1,2101.7,1569.8,2469.0,2568.7,7784.9,4359.5,2744.3,5488.6,1214.8,840.2,780.0,3288.4,5823.8,2297.9,5335.1,3101.3,1770.1,6253.5,2754.2,2437.4,3650.3,5372.7,4286.1,3776.8,9657.3,4623.8,5528.4,9908.1,9999.9,1941.2,3152.6,3192.1,3452.1,3027.4,9999.9,4568.4,9999.9,9999.9,8383.8,9999.9,9999.9,9999.9,9999.9,3260.3,3467.8,4738.6,8572.2,5449.4,9999.9,9999.9,2754.2,3776.8,3302.7,6935.7,4738.6,6692.3,9908.1,5609.7,9999.9,9999.9,9999.9,9999.9,9999.9,9999.9,7629.2,9999.9,5693.5,9999.9,9999.9,9999.9,9999.9,1021.3,574.0,2204.9,923.6,1856.2,1392.2,1997.1,1749.8,2034.4,4514.3,1616.3,3598.7,3994.3,4768.3,585.5,1163.0,1035.1,860.1,2429.7,3390.7,1553.8,3758.2,6576.9,3260.3,6634.1,9304.0,9999.9,9082.4,1232.5,852.4,1085.2,4310.3,3667.9,4595.9,4334.8,2461.0,2991.8,2846.7,6465.5,4079.8,5651.3,6465.5,3027.4,8030.8,6873.2,9999.9,6576.9,7335.8,9304.0,3853.1,6152.6,2774.2,7265.9,5779.7,9999.9,9999.9,1205.2,615.2,2073.1,864.9,1592.7,873.9,1384.6,3165.6,9418.8,9999.9,4986.4,8975.6,7706.3,9999.9,1293.1,6576.9,5154.9,4191.9,9999.9,6103.4,4461.5,6999.3,9999.9,9999.9,9999.9,9999.9,9999.9,9999.9,3219.1,5261.5,5298.1,9999.9,9908.1,6411.1,9999.9,4922.1,9999.9,9999.9,9999.9,9999.9,9999.9,9999.9,2923.1,9999.9,8871.2,9999.9,6054.9,9536.6,9999.9,3317.0,9999.9,4461.5,9999.9,9999.9,9999.9,9999.9,1513.7,380.7,2217.8,814.2,3139.6,1726.0,809.0,2980.1,2991.8,5868.6,2744.3,6152.6,4238.4,7629.2,287.3,889.1,360.7,590.9,1956.2,858.1,2131.0,3405.9,5609.7,1838.3,5120.3,8975.6,5868.6,9304.0,1560.1,1907.3,1282.2,4890.5,6305.2,4015.4,6007.3,6520.7,9999.9,4859.4,9999.9,7865.2,9999.9,9999.9,3776.8,5736.3,2900.8,6935.7,5372.7,9999.9,9999.9,3139.6,9999.9,4680.5,9999.9,7407.0,9999.9,8116.2
20260918_富山_5R,20260918,46,富山,5,37.7,172.5,29.7,157.0,36.0,333.8,62.9,52.0,199.8,115.5,220.2,68.4,188.9,97.8,417.5,390.1,661.7,1067.1,221.6,1759.6,631.1,95.0,169.5,504.9,428.0,201.5,1021.7,281.4,201.5,246.0,616.1,289.7,188.4,632.9,171.5,43.1,55.7,64.0,107.2,161.1,319.6,90.6,640.4,264.3,1197.2,1207.6,802.7,599.6,588.5,60.8,67.3,266.4,155.9,133.5,83.0,306.0,80.9,316.5,80.9,368.6,81.3,543.1,128.8,117.4,305.4,87.0,425.9,111.7,302.9,327.7,765.7,586.0,519.6,1838.5,346.8,2754.2,1848.3,76.7,56.1,189.3,215.6,66.7,494.5,280.6,1113.1,1062.2,2247.8,932.8,1382.5,2940.1,2233.4,135.1,122.1,185.9,113.5,656.7,772.5,412.0,1374.4,831.5,3042.9,1095.6,2990.6,1565.9,1909.1,296.3,468.6,1404.8,506.4,1508.2,619.9,1288.0,97.2,419.2,192.7,457.8,132.1,280.3,220.9,98.1,214.6,63.6,232.1,78.5,137.1,261.1,731.1,450.1,712.5,1211.8,326.3,880.9,1448.7,364.2,134.4,534.3,675.2,258.0,424.6,788.2,825.6,551.7,1165.2,867.7,640.4,752.5,1295.2,131.0,76.8,132.1,128.2,255.6,161.1,358.6,245.8,120.0,509.3,290.5,212.7,155.1,516.1,334.3,419.2,1087.0,619.9,1055.7,533.9,607.5,1288.0,1377.1,1962.8,3056.2,633.4,4554.4,2255.1,1278.5,1120.3,991.2,2891.3,507.8,3849.8,2776.2,1511.5,1106.0,1873.1,3501.6,627.2,3181.8,3226.0,2743.4,1454.7,2111.5,3555.2,1246.5,6112.5,5049.4,5161.6,5278.9,4772.7,4839.0,2411.1,6512.4,8197.9,341.4,209.2,233.7,377.6,531.1,1501.7,1147.9,7657.4,6573.8,4382.5,9049.7,7657.4,4223.1,9999.9,3432.6,4098.9,4301.4,7183.7,8820.5,3069.7,9954.6,238.2,440.1,1142.3,1220.3,541.8,2322.7,929.1,133.6,64.8,192.9,229.2,89.6,730.4,409.4,533.5,155.6,619.9,856.0,296.9,999.7,1353.0,1764.1,711.0,853.9,2453.6,654.2,5319.2,5049.4,2787.3,1051.0,1518.1,2453.6,1691.3,7258.6,5711.6,604.8,196.0,281.6,319.6,1047.8,1996.6,1737.7,4645.5,2205.1,1782.1,6007.1,7183.7,3226.0,4708.2,1777.6,1138.6,1667.0,3746.3,4942.0,2130.9,4772.7,1242.1,1213.9,2891.3,1795.9,1379.8,3629.3,1181.0,1495.3,1220.3,3097.0,1350.4,1695.4,4584.3,2543.1,1695.4,1379.8,2732.6,2307.3,1601.9,2307.3,3016.5,4942.0,4328.1,4275.0,4147.7,2700.8,7574.2,7183.7,3892.8,2092.5,2977.8,3807.7,3466.8,8009.5,8497.8,1587.3,1671.0,1448.7,1742.0,1979.6,4197.7,2590.4,6007.1,6112.5,2903.4,7038.6,9416.5,5360.2,6512.4,2092.5,5486.8,3936.8,8009.5,7657.4,5443.9,7258.6,101.6,121.5,124.3,236.4,362.7,672.6,221.7,129.0,104.8,114.6,102.2,450.4,666.1,383.7,141.7,96.3,104.3,145.5,358.2,306.0,446.9,97.3,54.7,59.6,97.3,207.0,591.5,367.9,380.1,169.0,204.8,206.0,776.8,1216.1,1092.2,893.3,902.6,737.3,719.8,1104.3,2571.3,1655.1,1768.5,1555.4,710.3,1290.4,2118.0,2891.3,2471.0,489.0,625.5,734.2,676.5,1211.8,2043.4,1893.5,2362.1,1358.3,4614.7,3501.6,3981.8,2891.3,2055.5,2386.3,1273.9,4977.3,1946.4,4027.9,2590.4,3399.1,580.6,406.3,1548.5,1057.4,522.7,527.1,1237.7,6968.2,7413.0,3892.8,6765.3,8102.6,5200.2,9416.5,6334.7,3256.2,2809.7,8295.5,7657.4,4355.1,4740.3,6007.1,5758.9,1996.6,7413.0,8933.6,5955.7,6765.3,3286.9,2844.1,1407.7,3029.6,3226.0,5013.1,4248.9,2445.0,3610.5,1340.0,7492.7,2497.5,2732.6,2292.1,249.9,290.9,901.4,661.7,517.3,348.7,663.6,463.3,587.5,2061.6,682.4,1985.2,924.1,1773.0,527.1,615.5,2277.2,1047.8,1750.8,953.2,1233.3,1883.3,2844.1,3382.6,5530.3,7183.7,2533.9,8102.6,1716.3,1345.2,1729.0,4328.1,5086.3,2600.1,4147.7,1750.8,3981.8,3110.8,7829.5,5665.2,4382.5,5665.2,746.0,1054.2,1151.7,1419.2,1858.2,3302.4,2690.4,1695.4,2445.0,1345.2,6112.5,4584.3,4872.9,2639.4
20260918_富山_6R,20260918,46,富山,6,422.8,1521.7,621.4,793.0,824.4,1112.7,284.1,448.2,1298.4,520.6,2628.0,618.4,840.6,304.8,3581.4,3362.4,3168.7,7129.7,3235.3,5539.6,2312.3,1019.8,987.1,1734.2,3290.6,1296.3,2750.0,810.5,2720.8,5000.0,8651.7,4502.9,6111.1,8555.6,3155.7,1305.0,1002.6,2460.0,1040.5,4695.1,3043.5,827.9,1350.8,830.6,4610.8,2637.0,5579.7,3516.0,802.0,184.5,188.8,679.0,239.7,1161.3,419.3,628.0,151.0,696.8,256.3,320.4,351.4,594.1,109.0,64.5,113.3,22.8,66.2,46.7,77.8,19.5,836.9,285.9,338.4,532.5,391.8,1122.4,260.5,164.7,42.1,180.3,143.4,78.1,322.1,53.0,214.8,66.4,232.6,86.2,137.3,348.5,76.1,310.7,87.7,244.5,117.2,224.1,461.6,93.1,721.6,190.2,1184.6,546.8,742.5,698.7,424.9,54.2,28.8,166.2,36.9,92.4,73.6,234.3,233.1,774.6,300.0,1495.1,375.9,446.6,167.6,118.7,158.0,43.5,143.0,77.0,106.7,42.0,966.1,317.3,310.1,1882.6,570.3,565.7,405.0,282.5,80.0,203.3,620.4,122.1,205.8,122.2,2984.5,641.6,3500.0,1389.9,2383.9,1994.8,1405.1,384.0,153.0,317.6,145.1,1086.0,273.8,188.8,381.1,148.6,395.4,225.8,906.9,306.2,183.7,158.6,69.8,260.1,122.4,604.8,171.6,197.1,3649.3,3869.3,2894.7,6525.4,2820.5,6581.2,2759.8,2058.8,859.3,877.0,1377.4,1084.5,3262.7,906.9,2206.3,875.0,1049.0,4139.8,1307.3,2175.1,1057.7,2508.1,1046.2,1190.1,3377.2,1161.3,4529.4,1387.4,8105.3,3830.8,7475.8,4935.9,7938.2,9058.9,8191.5,2692.3,1224.1,1472.2,1206.9,4935.9,4782.6,1486.5,7857.2,5167.8,2938.9,6363.7,9999.9,7777.8,6814.2,2064.3,1092.2,1272.7,1663.0,6209.7,1696.0,5099.3,819.1,1005.2,1703.5,2566.6,1226.1,2312.3,631.6,401.6,104.8,344.6,313.3,167.5,647.6,147.6,493.2,137.3,461.9,879.0,221.8,508.2,207.8,1766.0,621.4,633.2,1939.5,706.4,2637.0,609.1,3811.9,1086.0,2109.6,3142.8,2841.3,4723.9,2575.2,816.5,247.5,271.2,508.5,1500.9,1316.2,323.5,2637.0,1316.2,879.0,3811.9,5133.3,2291.6,1799.0,471.2,187.8,259.5,580.6,1028.0,328.5,1172.0,3422.2,8461.6,9999.9,6875.0,9058.9,9999.9,4610.8,1107.9,551.5,1377.4,719.6,1065.0,1425.9,663.7,6160.0,1289.7,5461.0,3632.1,6111.1,4967.7,3181.8,9999.9,3989.6,8850.6,6063.0,9746.9,9999.9,6937.0,6581.2,1770.1,4301.7,4967.7,6470.6,9999.9,5000.0,8105.3,2340.4,6937.0,9058.9,6160.0,9625.0,6470.6,9625.0,2692.3,3104.8,9999.9,9999.9,9999.9,9999.9,3908.6,1807.5,3564.8,9625.0,4207.6,6160.0,9625.0,951.8,768.4,2075.4,827.9,3500.0,2905.6,428.4,479.4,124.8,324.2,145.8,310.1,701.9,115.2,448.4,150.3,409.7,198.8,1587.6,480.0,159.6,1600.8,453.2,516.0,596.9,3055.5,2637.0,464.4,617.4,160.5,192.5,399.3,1415.4,1111.1,191.4,4935.9,1524.7,3208.3,4782.6,3181.8,6695.7,3468.5,3719.8,1498.0,735.4,3666.7,1944.4,5833.3,1341.4,378.9,143.3,178.9,418.7,253.3,2026.3,975.9,1786.5,1177.3,4325.8,2284.8,5422.5,3500.0,1624.4,1294.1,602.5,2830.9,1205.0,1423.3,1842.1,1291.9,695.5,339.6,1100.0,626.0,1252.0,701.9,487.0,5789.5,3318.9,2144.8,4074.1,7938.2,3830.8,6470.6,3290.6,1824.6,1370.1,4450.9,6209.7,2927.7,2701.7,5789.5,2010.4,1811.7,9625.0,6416.7,8651.7,7000.0,4325.8,2905.6,1555.5,5032.7,2730.5,7333.4,2789.8,1648.8,1518.7,898.4,4638.6,2383.9,4842.8,2916.6,93.6,143.0,373.0,162.2,796.2,241.7,582.0,123.6,78.4,282.5,105.8,246.5,184.0,566.1,194.6,95.5,434.7,177.6,746.8,266.3,389.8,921.0,576.3,667.2,927.7,3774.5,994.8,3130.1,306.6,175.6,244.1,562.8,1034.9,334.3,1291.9,2075.4,1115.9,1901.2,6470.6,2284.8,4117.6,5461.0,360.4,237.3,306.6,631.1,388.6,2312.3,1302.8,1060.6,890.1,572.0,3468.5,1778.3,4529.4,1758.0
20260918_富山_7R,20260918,46,富山,7,93.7,376.9,334.5,385.8,294.0,781.5,44.1,39.3,83.3,54.6,82.9,50.2,200.5,17.3,444.5,236.7,603.3,882.1,450.6,261.8,193.2,433.6,162.5,573.2,493.9,311.8,933.5,187.5,247.1,107.3,410.9,295.1,246.5,631.1,148.5,347.6,145.5,374.2,279.2,462.4,694.6,141.6,1665.7,726.7,722.3,1643.2,1633.7,1390.4,687.8,42.3,30.4,180.0,121.7,197.1,98.8,269.8,287.4,1495.6,1072.6,1094.7,1068.5,2229.7,168.4,217.1,476.4,318.1,1323.2,522.1,1397.2,92.1,1966.5,753.1,1323.2,4854.4,2393.0,1652.7,380.2,1321.2,592.4,1487.8,3933.0,1608.9,4269.0,437.4,3205.7,2679.9,6796.2,5663.5,7020.9,9999.9,2613.9,1352.7,921.4,1719.7,1361.4,4693.5,3775.7,373.5,5779.1,3510.4,3709.7,5445.7,9999.9,5589.0,1643.2,84.7,52.5,109.3,88.8,840.2,68.6,291.9,50.1,90.8,59.1,103.4,61.2,248.9,24.1,78.0,179.8,106.2,543.5,150.5,501.4,26.1,189.6,220.8,201.0,1179.9,192.7,120.8,100.0,101.8,121.7,160.2,493.3,73.2,324.2,61.6,452.1,1026.0,1692.3,1157.4,1630.5,2265.4,599.9,107.3,155.6,148.1,75.8,593.6,332.7,71.1,786.6,1181.5,555.6,1060.5,2551.1,967.5,539.0,32.2,20.3,87.4,44.1,233.0,48.8,175.6,2654.7,1394.9,3111.8,3398.1,2359.8,1846.8,1260.4,2289.8,1331.5,2161.6,6200.9,3158.1,2302.2,634.9,1222.3,1037.2,1084.9,4617.0,1519.7,897.0,687.3,4471.2,3646.0,2296.0,7452.0,3759.0,3425.5,2441.1,7793.9,9999.9,8581.1,9999.9,9999.9,6742.3,9999.9,3677.6,4567.3,3134.8,3569.4,9999.9,2850.7,2195.1,1883.6,1773.5,1232.9,2092.4,5411.0,1452.1,933.5,1511.6,510.2,779.3,1363.6,6156.0,1227.6,950.2,1656.0,550.2,2406.6,2289.8,1462.1,4447.8,904.7,1892.0,764.6,2622.0,4164.3,1406.5,4617.0,584.2,400.7,563.3,951.3,1692.3,465.7,1533.4,352.6,3242.5,3496.0,1980.2,6636.9,3742.4,3023.2,1830.8,4184.9,7793.9,3357.8,8495.3,7079.4,9999.9,5818.7,1522.4,1327.3,597.8,2189.5,5211.8,3254.9,836.9,6435.8,7723.0,3318.4,4064.7,9999.9,5940.8,4356.5,1036.0,534.2,415.8,1485.2,3111.8,878.5,2491.3,1646.3,645.5,2543.5,1773.5,1971.0,3146.4,1149.5,4542.9,3775.7,9999.9,9999.9,9999.9,9999.9,5180.0,1099.0,3481.7,5899.5,4026.2,7199.4,9999.9,2265.4,6387.4,9999.9,9999.9,9999.9,9999.9,9999.9,9999.9,4772.6,9999.9,5244.0,9999.9,9999.9,9999.9,8581.1,6246.5,9999.9,9999.9,9999.9,9999.9,9999.9,9999.9,9999.9,9999.9,9999.9,9999.9,9999.9,9999.9,9999.9,3111.8,4719.6,2879.7,9999.9,7323.5,9999.9,9999.9,1695.6,657.5,2441.1,1547.4,2671.4,4064.7,757.1,1452.1,660.6,2333.8,828.8,5180.0,3331.5,462.2,454.0,815.2,1335.7,430.1,2870.0,1944.0,367.7,2813.0,3599.7,2271.4,3001.8,9999.9,3193.7,1961.9,1643.2,1930.7,625.5,2386.3,5180.0,2803.7,1002.9,4693.5,9999.9,6387.4,9999.9,8668.7,9999.9,9335.5,6963.4,9134.7,5211.8,4667.7,6156.0,9999.9,3467.4,914.4,486.2,419.3,1321.2,629.7,3661.7,2448.2,7723.0,4424.6,4642.2,9653.8,8758.0,9234.0,4123.9,8247.9,5376.8,7585.1,7793.9,9999.9,8581.1,4334.3,3525.0,4968.0,3630.4,3988.4,9999.9,5589.0,3158.1,3599.7,5376.8,2841.2,3914.9,7138.9,3280.0,2831.7,9999.9,9999.9,5276.6,9134.7,9999.9,7866.0,9134.7,9999.9,9999.9,9999.9,9999.9,9999.9,9999.9,9999.9,9999.9,9999.9,7866.0,7939.5,6906.7,9999.9,7020.9,4205.6,4045.4,3066.9,4826.9,6585.5,9999.9,5982.6,135.6,113.8,655.0,368.5,635.4,358.3,829.6,97.2,55.8,150.0,108.7,682.3,100.8,396.7,88.0,60.7,277.1,145.4,598.2,170.8,572.4,1183.1,368.5,528.9,900.8,4379.0,1342.0,1530.6,673.1,273.9,315.2,937.6,2235.6,606.8,1766.1,1935.1,1883.6,1705.8,6246.5,3693.6,4592.0,5701.5,503.5,237.7,260.6,1188.1,376.9,1579.0,1758.8,1605.9,1038.5,1636.8,2714.1,2841.2,6742.3,2705.5
20260918_富山_8R,20260918,46,富山,8,348.1,694.4,633.0,684.4,294.6,1203.7,333.4,698.9,2502.8,1771.8,3107.9,1596.5,2148.2,1461.1,1801.3,3311.5,4513.9,5659.3,2355.1,6957.3,3663.5,1566.8,2166.7,3611.1,4358.3,2112.3,5745.0,1863.2,1570.0,2916.7,4434.7,4513.9,2355.1,6115.7,3340.7,526.9,1019.2,1022.0,1270.2,1707.9,1383.8,842.6,3527.2,3810.8,7583.4,6894.0,8716.6,3909.0,4861.2,661.7,1175.7,2579.4,1253.4,3070.2,1190.5,3447.0,34.9,68.8,83.1,61.3,22.2,153.4,36.5,29.8,43.4,46.1,39.7,58.2,32.2,18.5,69.2,55.8,106.1,89.3,116.5,187.9,52.0,131.1,97.5,144.2,118.9,175.0,275.5,39.4,49.9,43.2,61.2,85.0,102.5,152.8,28.8,87.5,133.9,195.4,212.0,138.1,298.3,108.8,389.8,149.2,347.8,423.6,282.7,398.2,238.4,30.0,17.7,45.1,13.6,34.2,61.4,99.1,494.3,1603.2,1120.1,2312.0,1159.5,1219.2,840.7,189.8,294.2,240.0,267.4,329.7,142.8,110.4,2118.2,856.8,2362.4,3340.7,2777.8,1599.8,1623.8,1489.8,712.0,2083.3,3370.4,1910.2,1309.7,730.5,1836.1,690.0,2223.8,3133.6,2985.6,1118.5,1420.1,1719.6,1111.9,2689.1,2250.2,4892.5,1323.4,1704.1,547.9,223.5,648.1,786.6,881.8,691.9,376.3,651.5,225.6,1008.4,450.5,1172.1,972.2,569.3,1627.3,2939.3,3326.0,4681.1,1557.1,5701.8,2894.4,718.1,544.0,868.6,804.1,981.0,1296.3,432.6,2950.7,1120.1,3510.8,4121.4,4055.3,1995.6,2263.7,4541.0,1949.4,3849.4,4099.1,3888.9,5229.9,1759.5,4956.5,1792.7,4596.0,5535.3,7154.2,5089.5,4077.1,2679.6,2698.7,4236.5,4166.7,6537.4,3949.7,3888.9,7899.4,3447.0,3594.0,8154.2,5535.3,5924.6,5701.8,2788.0,885.9,2333.3,1069.6,3663.5,3213.3,3970.4,1674.0,2305.0,2747.6,5194.1,2027.6,5194.1,1438.9,755.3,548.7,859.8,1188.6,1034.5,1538.2,201.3,1711.8,986.1,3282.8,5576.1,2606.0,2142.2,1008.4,4434.7,1934.5,3929.2,5089.5,4077.1,5340.4,1438.9,5340.4,2478.2,6018.6,5535.3,6537.4,9978.2,2872.5,2689.1,2166.7,3415.9,4739.6,7508.4,5266.3,1974.8,6831.9,3045.5,3268.7,8067.5,9248.1,6372.6,3213.3,466.3,160.0,372.6,462.4,1131.8,486.1,725.6,1449.9,3107.9,4769.4,4652.4,2089.1,6165.4,2872.5,395.7,353.7,480.8,815.4,879.7,909.2,268.7,2191.7,740.5,2044.0,4012.4,3311.5,1192.3,1719.6,5924.6,1603.2,4681.1,5617.4,8617.6,5971.2,4077.1,4924.3,2118.2,5833.4,5495.2,8067.5,8921.7,2950.7,4409.0,2927.9,7660.0,8617.6,8818.0,9136.7,7291.8,8154.2,2689.1,4055.3,4892.5,9999.9,9999.9,7087.3,2415.1,756.8,1685.2,2962.3,1266.0,4409.0,4541.0,837.9,1949.4,1854.1,1863.2,2462.1,2470.1,1532.0,759.8,1069.6,1501.6,1436.2,1623.8,1805.5,850.1,2905.5,1743.3,5055.6,3810.8,7508.4,2962.3,2767.6,2997.4,2950.7,6215.9,4924.3,9362.3,7434.8,4892.5,3543.6,2478.2,3869.1,5659.3,9248.1,5659.3,2927.9,4568.3,3133.6,8921.7,9722.4,9999.9,9999.9,9362.3,7508.4,5378.3,5745.0,9999.9,8617.6,9999.9,7291.8,2191.7,1199.9,2698.7,3888.9,1900.6,7021.7,4769.4,3681.3,3494.6,8242.9,6372.6,9999.9,5745.0,4541.0,2284.1,671.7,2588.2,2718.0,2204.5,3057.8,1455.5,1356.6,539.7,1586.5,1723.5,2066.3,1775.9,1088.0,6831.9,3869.1,4033.7,7021.7,6831.9,7362.6,6957.3,7899.4,4284.4,3717.4,9999.9,9999.9,7291.8,4596.0,8716.6,3447.0,4892.5,7508.4,9999.9,9848.6,9999.9,6066.7,6018.6,5229.9,9848.6,6481.6,9999.9,8426.1,3830.0,2016.8,1735.3,6770.9,3830.0,8067.5,5833.4,459.8,863.7,1519.7,731.2,1969.7,839.8,1677.7,143.2,87.8,223.6,64.1,206.6,258.6,362.3,577.5,219.3,906.0,399.3,1051.8,868.6,769.1,2124.2,666.9,1610.0,841.6,2727.8,2204.5,3070.2,257.9,93.0,200.7,236.9,490.5,301.6,428.6,1863.2,603.3,1337.4,2377.2,853.9,3186.3,3560.3,1163.1,687.5,1184.9,2415.1,897.4,3849.4,1557.1,3385.4,1359.0,1603.2,3949.7,1659.4,4596.0,2243.6
20260918_富山_9R,20260918,46,富山,9,154.3,345.7,73.8,499.5,151.8,292.3,87.2,244.0,1082.3,205.5,494.2,723.7,1223.9,254.1,951.3,1848.0,909.6,3148.5,2527.3,2978.1,715.4,121.6,196.3,413.4,754.7,380.1,725.4,152.5,1098.8,1265.4,2886.2,1251.8,3412.8,3006.8,1615.0,307.1,739.8,1631.9,416.7,2447.9,1241.8,539.9,443.6,1024.2,1866.5,641.8,1956.3,1054.2,628.0,133.4,212.7,156.0,119.9,883.8,396.7,580.8,64.2,144.7,34.7,201.1,41.8,103.4,42.6,79.1,237.8,58.0,85.5,52.4,331.9,58.8,291.0,397.7,252.6,575.8,198.2,733.4,147.8,36.1,46.6,102.9,151.9,30.9,217.7,32.5,401.3,248.3,698.3,306.6,251.7,902.6,308.1,25.6,32.6,82.3,17.5,101.0,104.8,15.4,133.5,444.6,809.6,333.6,849.3,222.2,250.1,34.8,46.4,34.8,28.0,163.3,20.2,163.3,448.2,1896.8,404.2,1018.6,1349.3,2139.8,592.6,317.7,975.1,249.9,415.7,408.5,1513.1,308.7,4119.5,2331.9,2734.3,4119.5,5881.3,9740.9,2291.9,834.1,773.4,1866.5,1381.2,2092.0,3117.1,1023.1,818.1,536.1,1798.3,748.7,1722.1,3281.1,695.7,1595.7,967.0,4349.4,1706.4,2597.5,4390.2,2041.7,4101.4,3696.1,9999.9,4746.8,7031.0,5918.5,4675.6,795.1,490.1,781.8,722.6,1332.0,1738.1,2997.2,2576.1,6405.0,3304.3,6405.0,3437.9,5283.2,2454.4,1569.0,2331.9,1367.1,2851.0,1393.6,4474.3,659.9,5994.4,3292.7,4369.7,6276.0,6727.5,9999.9,2895.1,4289.5,2179.7,4675.6,5027.5,4974.0,8501.1,1718.9,9445.7,5994.4,8202.9,6978.5,9999.9,9948.1,6361.4,4474.3,2447.9,8349.3,4795.5,9445.7,9999.9,2687.1,8658.6,9351.3,9999.9,9999.9,9999.9,9999.9,5054.7,787.1,408.7,946.4,602.5,2082.6,1265.4,2314.6,389.3,775.3,1379.2,2115.6,1168.9,2059.7,514.6,301.4,420.6,781.8,1042.5,344.8,1406.2,247.7,1246.8,882.1,3281.1,2015.3,2913.1,4795.5,1369.1,2562.0,1866.5,3542.1,5110.0,4137.7,9445.7,1563.7,3896.3,2397.7,2791.4,5436.8,6033.1,9999.9,3224.5,1391.5,641.8,2555.0,3437.9,5166.4,4453.0,1355.2,3515.5,3696.1,5736.9,9999.9,9999.9,6449.1,5253.5,714.3,352.3,1031.0,691.1,2569.0,1147.3,3026.3,2046.2,2308.9,6978.5,2487.0,7602.6,6493.9,3848.2,2331.9,1201.9,3327.8,1808.7,2028.4,5283.2,1862.8,1341.6,808.2,2626.7,1144.5,3180.7,4517.5,1313.3,9078.9,5110.0,7541.3,6449.1,9999.9,9999.9,6679.5,4119.5,2435.2,2671.8,5566.2,7084.3,8991.6,3880.2,9740.9,3463.4,6727.5,9999.9,8424.6,9999.9,7249.0,9999.9,9948.1,9999.9,9999.9,9999.9,9999.9,9999.9,4309.3,2337.8,2576.1,4561.6,3740.5,6318.4,9999.9,393.7,1200.4,2226.5,770.2,3246.9,1731.7,859.4,136.6,197.0,338.3,126.9,488.5,393.4,100.3,1540.5,821.7,3610.5,1629.1,2337.8,4289.5,1788.0,2895.1,1593.0,5599.5,3327.8,8061.4,8739.5,1936.0,1177.7,549.1,1477.2,2868.4,3996.2,3681.6,931.4,6033.1,2169.6,3864.1,9258.7,5283.2,9999.9,4289.5,2164.6,1530.4,4795.5,9078.9,4675.6,9167.9,2791.4,776.0,280.3,1289.8,870.6,741.5,2275.2,2106.1,858.7,2320.4,2851.0,1649.2,3848.2,1738.1,1438.6,793.1,2480.4,4349.4,2068.8,4101.4,1333.9,1515.6,4629.3,4270.0,9999.9,6192.9,8061.4,8061.4,6776.3,8991.6,8906.0,9999.9,9999.9,9999.9,9999.9,6632.1,4048.1,3945.6,6449.1,9999.9,9999.9,6234.2,6111.9,9167.9,9542.1,9999.9,9999.9,9999.9,9999.9,9999.9,2913.1,1904.5,8131.5,9999.9,5253.5,9999.9,4212.3,2441.5,2569.0,5253.5,3945.6,5956.2,9999.9,4474.3,189.3,418.7,215.8,212.1,1031.0,492.1,540.8,97.4,138.7,81.2,84.3,399.9,72.0,424.4,555.9,312.9,572.2,505.4,964.0,926.7,2087.3,171.0,113.3,259.3,129.2,684.0,304.2,878.0,328.0,211.9,497.9,267.7,1104.0,507.1,1637.7,2024.0,1160.2,1510.7,2106.1,1640.5,2583.2,4795.5,551.6,207.3,898.3,633.1,504.3,1454.3,1496.2,1203.5,1155.9,2978.1,2082.6,2326.1,4013.4,2073.4
20260918_富山_10R,20260918,46,富山,10,171.8,283.1,98.7,501.7,48.9,72.0,25.2,443.0,1047.6,477.8,334.1,233.4,798.4,122.2,717.3,1148.6,631.3,2032.7,188.6,1094.5,268.5,110.0,201.9,319.3,404.1,76.2,248.0,24.0,1560.2,1168.3,2862.8,1420.7,998.2,1869.3,492.9,53.8,109.7,123.0,71.6,289.2,158.0,17.7,194.1,635.1,1025.1,417.0,1144.4,259.3,134.3,10.5,13.0,54.5,12.2,58.9,6.3,35.1,208.4,379.9,138.7,630.9,55.0,70.7,31.0,735.6,3026.4,2176.5,1742.8,951.4,1238.1,1307.7,1171.1,3611.1,3085.2,4627.8,983.8,1791.9,2171.6,499.9,2708.3,3095.2,4373.1,1099.5,1295.3,1087.0,2291.6,3479.3,7566.2,6111.1,3624.8,3638.7,4914.1,106.4,420.1,399.2,549.4,1194.6,217.0,183.4,70.9,305.7,645.8,471.9,907.9,122.6,199.5,127.2,825.4,1457.7,664.8,1861.9,285.7,451.6,1583.6,3638.7,1618.5,1657.9,1190.1,2787.5,692.8,1752.4,5641.0,5238.1,3923.2,2590.6,3095.2,4237.0,5238.1,9079.4,8746.2,8746.2,4074.1,9999.9,9999.9,3356.8,8079.1,9999.9,7222.2,6150.6,8218.4,6761.2,2090.6,4005.6,6355.6,5125.5,3188.4,5542.6,3680.8,1348.4,2019.7,2862.8,3738.6,3105.3,3321.7,2604.7,3177.8,3530.9,9533.4,6858.5,6231.0,4144.9,7566.2,1550.1,4454.8,8289.9,5708.6,5674.6,3695.1,6313.5,2319.5,4199.7,2095.2,6398.2,678.0,4144.9,1067.5,2662.9,7566.2,6441.5,9079.4,2109.1,4719.5,5416.7,5884.8,9533.4,9999.9,9999.9,4413.6,9999.9,9999.9,4181.3,9999.9,9999.9,9999.9,6355.6,9999.9,8511.9,9999.9,9999.9,9999.9,9999.9,9999.9,9999.9,9999.9,496.2,1041.9,2171.6,2604.7,3859.6,2365.6,1283.0,5641.0,6355.6,8218.4,9999.9,9999.9,5478.9,9999.9,2597.6,7566.2,9999.9,7114.5,9999.9,3939.4,9999.9,395.4,792.4,1327.7,1876.6,299.9,898.5,127.0,991.0,4965.3,5017.5,6858.5,2147.1,2837.3,1949.5,3188.4,6355.6,9166.7,6441.5,6313.5,9727.9,6313.5,3530.9,9166.7,9999.9,8511.9,5098.0,9828.2,7333.4,6150.6,9999.9,8993.8,8079.1,8909.7,9999.9,9346.5,865.8,2286.1,4074.1,3753.3,6713.6,4275.0,1672.5,1717.7,2502.2,7506.6,9727.9,9999.9,3492.0,2871.5,489.3,1742.8,3125.7,3570.5,5478.9,1537.6,3417.0,5813.0,4888.9,9346.5,5181.2,5153.2,8909.7,2383.3,7061.8,6313.5,9999.9,9999.9,9346.5,9999.9,9999.9,3828.6,5848.7,6958.7,7814.2,5884.8,7009.8,5542.6,9999.9,9999.9,9999.9,9999.9,9999.9,9999.9,9999.9,8289.9,9999.9,9999.9,9999.9,9999.9,9999.9,9999.9,7009.8,9629.7,9999.9,9999.9,9999.9,9439.0,9999.9,9999.9,9999.9,9999.9,9999.9,9999.9,9999.9,9999.9,4255.9,9999.9,9629.7,9999.9,9999.9,9999.9,9999.9,96.9,220.4,154.7,154.0,588.1,279.4,44.1,131.1,489.6,405.6,687.8,1399.9,297.0,261.9,402.5,705.1,1108.5,1788.6,784.6,1510.8,939.2,205.5,439.3,785.9,1080.8,1822.8,921.1,453.9,404.8,1190.1,1910.5,1768.7,4696.2,2469.8,964.9,1610.3,3695.1,2489.1,4255.9,6529.7,3988.8,4005.6,513.6,543.2,1139.0,1238.1,1822.8,2633.5,957.1,134.5,407.7,794.4,773.8,599.5,2109.1,869.0,270.0,1055.7,1675.4,774.4,2444.4,474.0,300.1,177.0,591.4,1093.2,884.3,1535.1,297.3,475.4,1861.9,1318.5,5575.1,6441.5,2897.6,2302.7,5267.0,3624.8,2723.8,7333.4,7750.7,9999.9,3368.7,6529.7,1583.6,1758.9,7447.9,9999.9,9999.9,3065.4,2739.4,6809.5,4839.3,4673.2,9999.9,9999.9,7688.2,9999.9,605.6,503.6,1365.8,1742.8,2041.4,3695.1,1102.1,997.2,1550.1,5181.2,6666.7,4255.9,8436.6,2181.5,91.2,162.1,328.7,121.6,443.0,63.6,218.5,248.8,2137.5,2359.7,1209.8,3798.1,600.3,1284.8,1005.6,2670.4,3065.4,2854.3,2888.9,2054.6,7626.7,1705.4,4091.6,9166.7,4888.9,9999.9,2626.2,7447.9,432.9,1508.4,2820.5,3923.2,5921.3,1219.1,3454.1,2845.8,9999.9,7878.8,9999.9,9999.9,7566.2,8588.6,211.7,611.9,1457.7,1618.5,919.3,2476.2,1482.6,988.9,2166.6,5958.3,8011.2,5325.9,8011.2,2438.2
20260918_富山_11R,20260918,46,富山,11,761.7,1776.1,375.7,1290.8,584.3,546.3,293.1,971.6,2547.9,1303.8,2917.3,1521.4,1293.7,316.6,4630.7,4123.4,3864.0,6174.3,3601.6,4274.5,1652.8,608.4,1438.8,2688.8,2310.7,1411.0,1405.9,684.4,1638.9,3646.7,4037.8,3103.5,1453.2,1547.6,1043.7,491.3,999.9,1093.6,1096.7,980.6,486.4,275.6,327.1,564.8,1069.6,658.5,615.1,293.5,170.5,165.5,145.7,200.6,301.3,449.8,169.6,140.1,1225.7,2853.1,501.4,1922.4,854.9,1118.8,438.0,1117.7,1314.1,455.3,1951.4,864.4,2895.6,278.3,4322.0,2504.1,2197.6,5051.7,3268.7,6077.8,1387.5,262.1,268.8,788.4,402.9,225.4,499.1,83.4,2818.7,2616.4,4370.5,1203.0,1870.1,3982.7,1125.3,768.2,932.8,1713.5,390.4,1189.5,1843.5,353.1,2043.6,4743.6,6555.8,1739.1,4403.5,3277.9,1645.9,251.9,151.1,324.6,101.2,503.2,210.9,545.8,927.6,2421.0,1442.4,3353.2,1749.5,1916.1,428.5,1272.5,1363.2,602.7,2193.5,918.1,2426.0,309.2,2946.8,2257.1,2604.7,5209.5,3353.2,6745.3,628.0,1829.0,869.5,2157.0,3362.9,1638.9,3462.7,473.0,4842.0,4182.5,6987.6,5478.6,4354.2,9999.9,1166.9,1562.1,1282.3,2628.2,1768.0,2867.1,3764.3,514.9,3473.0,5834.7,8160.4,5805.6,9973.8,5583.4,1765.4,179.3,108.1,89.3,165.1,342.8,169.1,382.4,9999.9,9261.4,5893.6,9999.9,4986.9,9999.9,3402.1,7339.2,4437.0,5610.3,9999.9,6376.7,9999.9,2310.7,7203.3,4258.9,5556.8,9999.9,7293.4,9999.9,1093.6,7884.7,7029.7,7248.1,9999.9,9487.3,9999.9,3087.1,9999.9,9999.9,9999.9,9999.9,9410.8,9999.9,6077.8,6240.3,7992.7,7779.6,7480.4,6824.2,9999.9,1275.3,9999.9,9999.9,9999.9,9999.9,9999.9,9999.9,8907.9,1739.1,1163.4,696.6,1820.5,2536.8,856.1,2270.3,834.1,1733.9,3079.0,2832.3,1501.8,1416.1,779.0,350.4,292.6,701.2,565.1,222.6,474.7,86.6,1711.0,824.1,2205.9,3188.3,1625.2,3801.1,361.2,5720.3,2745.7,3305.7,6745.3,6307.8,8580.4,1855.2,3728.2,1773.4,3813.5,4782.5,2319.9,5256.5,1545.6,1499.9,476.1,1490.3,2765.2,1994.7,2482.8,430.4,2701.2,1944.9,5163.4,5328.5,5610.3,3982.7,1823.3,414.5,92.8,213.3,211.3,752.3,258.7,680.4,3171.0,4370.5,6483.0,3955.7,2682.6,2961.7,1787.0,3250.5,2525.8,4290.2,1625.2,1834.8,3740.2,1177.5,5073.6,3716.3,5051.7,5280.2,4306.0,8644.0,1150.8,9806.2,7159.1,7577.5,7831.8,5893.6,8907.9,3624.0,4420.2,2205.9,4903.1,5637.4,3268.7,5953.8,1987.9,1555.9,921.0,1806.4,2248.4,1806.4,1387.5,570.9,4822.0,6342.0,8774.0,7831.8,7831.8,4471.0,3728.2,1104.0,687.6,542.5,741.3,1116.6,671.8,1585.5,553.0,862.4,1475.2,967.6,959.6,392.9,237.4,544.0,506.0,1020.0,309.0,546.3,1066.6,212.7,1039.1,856.1,1812.0,1349.0,1852.2,2713.8,235.7,2616.4,2145.1,2177.1,2946.8,2367.0,3826.0,565.3,1104.0,300.6,1159.9,2173.0,1400.8,1882.1,298.9,769.2,439.1,746.6,1175.1,739.5,940.3,246.3,1165.7,2091.2,3079.0,3473.0,2634.1,2029.4,653.7,137.2,96.0,114.4,66.0,162.1,193.4,206.8,1177.5,1620.7,3214.7,1864.1,1885.2,1211.7,532.6,3103.5,5556.8,9999.9,3969.2,6376.7,4903.1,2628.2,3103.5,7385.7,9999.9,7115.5,9999.9,6555.8,2018.9,9724.5,9999.9,9999.9,9999.9,9999.9,9999.9,6905.0,4066.0,3955.7,7831.8,9999.9,8217.9,6411.7,3692.8,5834.7,8103.7,9999.9,9999.9,9999.9,5504.4,5304.2,2509.5,5328.5,6077.8,9188.5,5720.3,4649.1,2072.7,723.9,1655.2,1172.8,1713.5,2509.5,3054.8,1511.5,93.4,52.2,74.7,159.3,268.8,97.2,101.1,97.9,39.6,63.8,39.0,187.4,77.4,164.5,27.2,15.6,11.5,24.5,70.1,28.5,85.9,70.9,46.7,25.1,91.2,121.7,39.1,84.6,164.5,55.1,59.9,95.2,290.0,133.5,363.9,424.1,315.3,181.8,259.4,443.8,274.5,644.3,89.9,65.1,54.1,36.6,124.1,133.7,146.4,221.6,306.9,286.3,232.6,608.4,692.9,270.5
20260918_富山_12R,20260918,46,富山,12,1185.0,1360.6,158.1,875.7,162.0,1799.9,299.7,2135.2,3286.0,1089.5,6482.9,1264.5,5618.5,2744.6,2500.4,3128.2,977.9,4548.3,1282.6,4974.7,2314.5,119.1,544.1,481.2,696.5,60.7,757.2,113.1,3101.1,8427.8,7385.2,1799.9,2624.0,9364.2,4791.7,106.2,531.0,495.2,58.2,633.3,527.3,127.3,2046.7,4791.7,5531.7,1086.2,7580.5,807.6,1892.6,325.4,1378.9,1276.9,182.0,1897.6,209.4,1788.6,748.1,865.6,82.7,445.9,116.1,1489.3,165.7,1458.9,1262.3,484.8,1853.4,1788.6,4873.2,1133.4,1322.9,1238.3,374.0,1717.9,1316.8,4408.4,884.9,50.9,198.3,169.7,97.6,52.8,505.1,27.8,470.5,1086.2,1148.9,130.9,468.2,2474.4,313.3,213.5,1461.9,1147.1,117.6,667.3,2633.6,238.5,3271.0,7272.7,7702.8,1161.9,6045.2,4435.7,3205.2,138.3,525.9,460.6,43.0,276.5,141.8,1369.7,2440.7,3324.2,1201.9,7872.1,1533.9,5708.0,3271.0,2379.9,1892.6,811.2,3419.4,2798.3,7199.6,1905.2,1693.5,1021.9,307.3,4058.7,1340.2,3664.2,950.7,924.9,591.7,428.5,2590.8,824.8,2424.2,482.8,7057.7,6921.4,9999.9,3882.7,9999.9,9999.9,6542.1,2658.1,3841.1,3654.9,1456.0,9999.9,6988.9,3618.0,4251.4,9999.9,5386.2,3581.8,9999.9,8630.9,7620.9,2848.3,1786.4,1500.2,621.3,5871.8,2624.0,6396.1,2734.2,3048.3,1045.7,5896.0,1533.9,5574.8,2403.9,1987.1,1775.3,742.7,3212.4,2270.5,6663.8,1552.2,1777.5,1325.3,500.7,3711.7,1562.4,4226.3,1378.9,760.8,546.8,524.2,1576.1,805.3,2412.0,386.2,8378.5,6396.1,7540.6,2923.9,9364.2,9999.9,7786.5,2141.6,3339.7,3861.8,1500.2,7057.7,8234.0,3301.2,8094.5,9999.9,8234.0,4621.7,9999.9,9999.9,9615.6,2046.7,1406.0,1848.6,565.1,4923.4,2242.1,5153.7,51.4,231.4,205.4,306.6,36.9,337.5,45.2,34.8,123.7,108.1,76.5,40.2,345.7,16.3,353.6,217.6,186.5,966.7,327.7,1096.1,188.6,329.9,209.3,203.9,707.5,352.8,1040.4,157.0,767.3,344.8,1310.8,1099.5,776.1,1834.4,457.3,57.7,76.3,318.8,294.1,439.6,607.8,63.2,646.5,885.4,1588.3,1562.4,2052.6,1174.3,683.2,23.8,13.5,77.9,66.0,149.6,28.2,246.8,4117.0,9999.9,9999.9,2871.2,5596.6,9999.9,6855.1,2263.3,3572.8,3957.8,786.7,2266.9,7309.8,1665.9,7385.2,7661.6,9615.6,5116.8,9999.9,9999.9,9680.6,9999.9,8579.2,9746.4,3903.9,9999.9,9999.9,9999.9,2285.0,1002.6,4152.8,2991.0,2787.4,5969.7,1410.1,6726.4,5553.2,9999.9,9999.9,3770.3,9999.9,8094.5,9999.9,9999.9,9999.9,9999.9,9303.4,9999.9,9999.9,6367.6,2544.8,9067.9,9999.9,1749.3,7272.7,9999.9,192.0,954.5,743.5,103.5,956.4,956.4,203.1,336.8,2412.0,2043.8,245.3,1527.4,3212.4,487.6,2744.6,4449.4,4341.6,1547.2,9999.9,9303.4,4422.0,1925.7,4164.9,4264.0,1520.9,8049.0,9999.9,4002.0,115.1,177.9,745.8,828.6,1048.0,1529.0,153.4,4035.8,4226.3,9999.9,9999.9,2444.9,9999.9,6424.8,3435.8,8049.0,9999.9,9999.9,3169.7,9999.9,6175.5,369.7,461.8,2509.1,2100.7,206.6,2444.9,3740.8,5596.6,7540.6,7620.9,1806.7,9999.9,1839.1,4164.9,7829.1,9999.9,9999.9,3721.3,8094.5,9999.9,8954.5,9999.9,9999.9,8528.1,5062.6,9999.9,9999.9,9999.9,9999.9,9999.9,9999.9,6663.8,9999.9,9999.9,9999.9,2217.8,2876.9,4394.8,5800.5,7347.3,3861.8,2416.0,9999.9,9999.9,9999.9,9999.9,9999.9,9999.9,9999.9,3654.9,9243.4,9999.9,9999.9,3936.0,9999.9,8898.9,5730.9,9680.6,9999.9,9999.9,2948.0,9999.9,8683.2,147.9,857.4,633.9,82.8,941.3,92.3,887.1,95.3,393.6,372.9,36.8,237.7,111.1,1050.3,914.3,666.6,557.0,243.9,2814.7,905.6,3957.8,1054.2,711.3,833.4,268.2,2729.0,958.3,3830.8,34.1,21.0,104.6,97.1,212.1,34.3,372.9,2487.3,1226.6,3903.9,4577.4,668.2,2619.2,4775.7,160.7,225.7,979.3,872.0,112.6,1372.3,1998.2,2055.5,3114.6,5209.9,5640.6,1093.6,5920.3,2997.3
20260918_小松島_1R,20260918,73,小松島,1,1107.9,2055.4,520.7,2366.9,882.5,,,596.2,765.7,217.8,1487.7,284.0,,,2028.7,1148.6,645.5,1627.2,366.7,,,125.5,70.4,137.2,248.3,26.0,,,3323.7,2519.6,2111.0,1069.9,1084.8,,,261.2,146.5,63.0,41.5,307.5,,,,,,,,,,,,,,,,,2789.5,3719.4,844.4,5785.8,1859.7,,,3188.0,5039.2,882.5,2519.6,2892.9,,,4463.3,5579.1,3471.4,4110.9,5386.7,,,719.8,733.4,2264.0,1905.0,1034.5,,,5579.1,4733.8,5579.1,4005.5,5207.2,,,1859.7,3254.5,3471.4,1859.7,4463.3,,,,,,,,,,,,,,,,,1001.3,1882.1,278.4,2479.6,538.6,,,2297.3,2892.9,485.1,2560.9,1837.8,,,3254.5,3719.4,1859.7,5039.2,2740.6,,,204.2,92.4,466.3,656.3,136.7,,,4005.5,2055.4,4881.7,1816.4,4005.5,,,610.2,1165.7,1220.4,414.3,2740.6,,,,,,,,,,,,,,,,,3632.9,3396.0,1420.1,2840.3,769.5,,,3254.5,4594.6,4222.0,5386.7,4594.6,,,5207.2,3471.4,3124.3,5386.7,3905.4,,,1210.9,3323.7,2111.0,3124.3,1280.4,,,4733.8,5579.1,4881.7,4733.8,4005.5,,,682.1,3323.7,1487.7,1291.0,1594.0,,,,,,,,,,,,,,,,,43.2,20.0,34.4,66.9,4.5,,,158.5,86.2,460.8,374.6,183.1,,,14.9,11.2,63.4,85.8,13.7,,,196.4,553.9,350.2,437.5,136.5,,,251.1,445.0,256.0,338.8,116.7,,,5.7,70.7,29.7,17.7,35.7,,,,,,,,,,,,,,,,,3632.9,2892.9,3124.3,1249.7,1192.4,,,4733.8,2947.4,4463.3,3632.9,3396.0,,,3632.9,2479.6,3719.4,2560.9,3719.4,,,4463.3,4339.3,3719.4,4222.0,3063.0,,,252.7,2028.7,1249.7,2169.6,237.0,,,952.5,2082.8,2111.0,1280.4,935.4,,,,,,,,,,,,,,,,,304.5,164.7,54.0,57.2,200.0,,,988.7,1335.1,1882.1,1165.7,2366.9,,,373.7,924.3,659.1,364.9,1084.8,,,120.3,1048.4,505.5,284.0,480.6,,,58.8,373.7,175.9,150.7,386.6,,,673.3,1795.5,1735.7,1007.8,792.9,,,,,,,,,,,,,,,,,,,,,,,,,,,,,,,,,,,,,,,,,,,,,,,,,,,,,,,,,,,,,,,,,,,,,,,,,,,,,,,,,,,,,,,,,,,,,,,,,,,,,,,,,,,,,,,,,,,,,,,,,,,,,,,,
20260918_小松島_2R,20260918,73,小松島,2,267.2,659.0,386.7,368.9,1068.9,,,75.8,39.8,120.0,31.1,71.7,,,522.1,97.7,560.9,175.4,188.8,,,762.6,432.3,1077.4,646.4,1028.4,,,120.5,42.3,114.3,193.9,117.5,,,1491.8,421.6,675.4,1268.7,1036.3,,,,,,,,,,,,,,,,,518.1,1696.9,689.1,990.9,2610.7,,,297.7,273.1,161.2,585.1,406.4,,,2468.3,1305.3,1786.3,3157.2,2121.2,,,532.3,222.9,808.0,682.2,942.7,,,1190.8,1885.5,5028.1,1318.0,5656.6,,,5221.5,2715.1,4242.4,3669.1,7542.2,,,,,,,,,,,,,,,,,17.8,14.6,23.3,10.3,22.8,,,33.6,57.0,24.5,69.1,52.0,,,8.8,33.9,31.1,44.5,5.7,,,68.0,53.5,148.0,164.9,173.6,,,40.6,101.0,142.0,126.6,117.6,,,70.1,97.1,27.7,140.6,141.4,,,,,,,,,,,,,,,,,1180.5,217.2,1292.9,976.6,560.9,,,2468.3,1140.8,1996.4,5430.3,1967.5,,,107.9,272.0,250.4,373.9,69.7,,,2561.5,2610.7,1170.3,3572.6,1718.4,,,1696.9,3393.9,1160.3,2561.5,1542.7,,,784.7,1810.1,213.1,1560.4,1967.5,,,,,,,,,,,,,,,,,1696.9,1013.1,1996.4,1859.7,2561.5,,,936.2,655.8,942.7,1414.1,1718.4,,,741.8,1077.4,1150.5,2514.0,1676.0,,,2951.2,3572.6,1597.1,5902.5,2610.7,,,2121.2,3085.4,3572.6,4848.5,3311.2,,,3878.8,4848.5,2424.2,3771.1,8484.9,,,,,,,,,,,,,,,,,598.0,284.0,741.8,634.3,1013.1,,,1245.5,2715.1,4681.3,1578.6,5028.1,,,386.7,1357.5,1005.6,1786.3,1834.5,,,2189.6,5028.1,1885.5,4113.9,2661.9,,,1740.5,2514.0,3393.9,5028.1,4113.9,,,4113.9,4681.3,4525.3,5221.5,4681.3,,,,,,,,,,,,,,,,,3771.1,929.8,1597.1,3393.9,3232.3,,,5221.5,3016.8,5656.6,2424.2,7985.8,,,780.2,2154.9,331.1,2026.2,3393.9,,,1578.6,3992.9,303.7,3016.8,3771.1,,,5028.1,5221.5,2770.6,3771.1,6787.9,,,4379.3,7985.8,3481.0,5430.3,5656.6,,,,,,,,,,,,,,,,,,,,,,,,,,,,,,,,,,,,,,,,,,,,,,,,,,,,,,,,,,,,,,,,,,,,,,,,,,,,,,,,,,,,,,,,,,,,,,,,,,,,,,,,,,,,,,,,,,,,,,,,,,,,,,,,
20260918_小松島_3R,20260918,73,小松島,3,1263.1,1130.2,1171.3,1952.1,1590.6,,,2629.4,1464.1,1764.9,2045.1,2741.3,,,585.6,378.9,392.8,184.3,160.2,,,864.7,954.3,488.0,1064.8,657.3,,,2183.7,550.6,356.9,1498.1,1039.0,,,1171.3,1610.5,232.5,557.7,766.9,,,,,,,,,,,,,,,,,1192.9,961.5,674.5,2078.1,1533.8,,,452.0,414.2,54.1,327.0,433.8,,,591.0,678.1,243.5,1342.1,471.9,,,124.7,16.7,49.4,165.1,52.8,,,1385.4,567.5,1789.4,644.2,2147.3,,,610.6,301.7,277.6,153.9,696.4,,,,,,,,,,,,,,,,,2045.1,1952.1,1356.2,2183.7,3067.6,,,876.4,704.0,99.8,419.6,509.2,,,1215.5,1590.6,913.7,2183.7,1533.8,,,532.4,98.8,460.1,536.8,335.5,,,2629.4,1039.0,2526.3,1275.6,1342.1,,,1840.6,707.9,1238.8,478.9,1204.1,,,,,,,,,,,,,,,,,307.5,303.1,233.4,167.3,81.2,,,515.3,790.4,430.9,1101.2,580.3,,,940.4,1610.5,1006.5,1717.9,1160.7,,,186.1,240.8,441.2,426.6,154.6,,,301.0,1110.7,555.3,1022.5,591.0,,,44.3,243.1,525.8,126.9,310.4,,,,,,,,,,,,,,,,,115.2,259.7,75.1,306.0,127.3,,,29.9,5.0,13.4,61.0,14.2,,,184.0,27.2,109.3,228.0,88.6,,,32.5,40.6,103.5,156.1,31.0,,,466.8,227.2,463.4,334.6,376.7,,,51.9,29.3,59.5,23.5,133.2,,,,,,,,,,,,,,,,,4026.3,2928.2,1480.9,2996.3,2741.3,,,1717.9,744.7,2431.0,947.3,2928.2,,,2431.0,1238.8,2684.2,1867.2,1431.5,,,1150.3,2800.9,3067.6,2576.8,1480.9,,,1227.0,842.1,1480.9,1610.5,1204.1,,,2576.8,2741.3,1431.5,1400.4,1498.1,,,,,,,,,,,,,,,,,736.2,983.5,97.4,304.5,591.0,,,403.8,174.5,235.9,112.4,468.5,,,1047.5,418.3,657.3,314.2,853.2,,,21.6,150.6,253.1,49.9,145.4,,,139.7,63.9,135.3,43.8,245.4,,,1030.7,1480.9,888.5,610.6,800.2,,,,,,,,,,,,,,,,,,,,,,,,,,,,,,,,,,,,,,,,,,,,,,,,,,,,,,,,,,,,,,,,,,,,,,,,,,,,,,,,,,,,,,,,,,,,,,,,,,,,,,,,,,,,,,,,,,,,,,,,,,,,,,,,
20260918_小松島_4R,20260918,73,小松島,4,674.2,502.5,274.9,854.6,1090.8,,,360.6,317.9,62.5,543.2,240.8,,,340.5,352.1,130.5,833.4,758.0,,,38.0,16.6,34.1,124.5,55.7,,,1315.4,1458.4,1490.8,784.6,1863.6,,,938.3,538.8,1597.3,263.6,1442.7,,,,,,,,,,,,,,,,,1156.7,532.4,575.8,1056.5,1616.6,,,919.0,374.8,601.7,609.9,1024.2,,,245.3,251.7,196.1,117.9,495.1,,,240.0,345.8,213.3,789.2,1008.8,,,1242.4,674.2,296.8,888.6,1198.0,,,2354.0,1474.5,1198.0,1944.6,1765.5,,,,,,,,,,,,,,,,,645.0,624.0,114.1,1024.2,428.6,,,713.7,487.9,561.4,698.8,833.4,,,648.2,524.1,520.0,657.7,906.6,,,121.5,431.4,423.2,1001.3,498.8,,,1863.6,1442.7,1254.0,1507.6,1889.8,,,737.2,1090.8,1254.0,860.1,1412.4,,,,,,,,,,,,,,,,,136.2,176.7,77.1,305.6,415.4,,,82.4,104.3,72.0,33.8,228.9,,,219.9,168.5,219.2,340.5,482.6,,,42.0,61.3,125.5,211.3,349.4,,,591.0,140.0,593.7,528.2,894.5,,,986.6,713.7,871.2,1108.9,1277.9,,,,,,,,,,,,,,,,,7.6,3.8,8.0,49.5,21.7,,,60.7,83.3,54.1,129.8,201.7,,,33.5,128.2,113.1,194.1,173.5,,,35.5,49.1,92.1,149.7,243.5,,,472.4,508.2,808.3,583.3,912.7,,,224.3,385.5,332.1,506.3,766.7,,,,,,,,,,,,,,,,,2981.7,2981.7,3946.4,2096.5,4472.6,,,2738.3,1341.7,894.5,2916.9,1383.2,,,3194.7,2199.6,2981.7,4626.8,2236.3,,,2854.8,664.2,2096.5,2313.4,2354.0,,,1916.8,3194.7,3272.6,3946.4,4969.6,,,5367.1,2531.6,2439.6,3833.7,5367.1,,,,,,,,,,,,,,,,,2484.8,1742.5,3272.6,1146.8,3946.4,,,2484.8,1838.0,2274.2,2354.0,1863.6,,,1524.7,1560.2,2580.3,1636.3,2002.6,,,3194.7,2033.0,2164.1,2580.3,3194.7,,,1016.5,2064.3,1383.2,2313.4,2916.9,,,4792.1,2580.3,2531.6,3946.4,4066.0,,,,,,,,,,,,,,,,,,,,,,,,,,,,,,,,,,,,,,,,,,,,,,,,,,,,,,,,,,,,,,,,,,,,,,,,,,,,,,,,,,,,,,,,,,,,,,,,,,,,,,,,,,,,,,,,,,,,,,,,,,,,,,,,
20260918_小松島_5R,20260918,73,小松島,5,1972.0,2656.2,1384.6,2366.5,2410.3,,,793.6,692.3,259.7,129.3,122.5,,,3615.5,1972.0,2769.3,1833.2,2033.7,,,798.5,233.6,1446.2,688.6,727.1,,,793.6,180.0,688.6,409.3,323.7,,,1886.3,319.0,929.7,613.9,608.2,,,,,,,,,,,,,,,,,3425.2,5916.2,2552.1,4338.6,3425.2,,,3425.2,3828.1,727.1,3615.5,1647.5,,,4820.6,5006.0,3174.5,4648.5,4488.2,,,845.1,473.3,1462.4,1239.6,674.3,,,5916.2,5206.3,5916.2,3828.1,5006.0,,,3944.1,1626.9,2829.5,2133.7,4648.5,,,,,,,,,,,,,,,,,176.6,216.9,52.7,64.2,59.5,,,293.8,478.5,99.7,423.9,217.6,,,370.8,578.4,229.1,568.3,96.6,,,25.3,16.1,56.4,50.7,8.3,,,112.8,300.5,429.5,125.2,132.0,,,19.4,32.4,5.6,5.5,42.0,,,,,,,,,,,,,,,,,5659.0,3174.5,4198.6,3099.0,3337.3,,,4648.5,4648.5,3517.7,6850.4,6198.0,,,2711.6,4067.4,1513.4,5206.3,570.8,,,5206.3,4338.6,1479.0,5659.0,1914.0,,,4338.6,9297.0,3425.2,7231.0,5206.3,,,3718.8,4488.2,524.8,1886.3,3944.1,,,,,,,,,,,,,,,,,278.7,118.0,638.0,435.3,312.8,,,207.9,67.1,390.8,494.8,139.0,,,42.4,30.1,79.7,134.5,10.1,,,1446.2,1807.7,731.2,2283.4,897.6,,,417.1,602.5,264.0,1430.3,770.1,,,259.7,228.3,62.9,199.3,485.6,,,,,,,,,,,,,,,,,1227.9,227.1,1093.7,344.3,608.2,,,1782.9,2455.8,3099.0,2552.1,3099.0,,,268.9,1549.5,1183.2,318.2,377.2,,,1942.6,6198.0,3425.2,3718.8,4338.6,,,456.6,1103.0,322.1,2769.3,1205.1,,,1251.5,2410.3,1075.6,1690.3,1587.2,,,,,,,,,,,,,,,,,1972.0,392.0,1058.1,1112.4,1131.8,,,2410.3,971.3,1606.8,1531.2,3718.8,,,126.1,149.2,60.8,62.5,221.3,,,1414.7,1942.6,270.0,993.5,1807.7,,,692.3,395.6,122.2,292.4,971.3,,,1942.6,2656.2,793.6,1647.5,2133.7,,,,,,,,,,,,,,,,,,,,,,,,,,,,,,,,,,,,,,,,,,,,,,,,,,,,,,,,,,,,,,,,,,,,,,,,,,,,,,,,,,,,,,,,,,,,,,,,,,,,,,,,,,,,,,,,,,,,,,,,,,,,,,,,
20260918_小松島_6R,20260918,73,小松島,6,120.3,115.3,62.0,94.2,292.7,,,161.5,27.5,38.5,156.0,209.7,,,85.9,16.7,19.0,77.8,126.2,,,13.0,8.6,5.3,15.6,4.0,,,127.9,188.0,133.7,74.9,425.8,,,642.6,601.6,527.5,139.5,831.7,,,,,,,,,,,,,,,,,1198.2,1087.6,277.2,572.4,1910.6,,,2175.2,2437.7,3213.3,2524.8,6147.3,,,1488.3,2667.7,1860.3,1309.1,6147.3,,,264.2,2772.3,2356.4,614.7,1240.2,,,372.0,1079.3,748.0,435.0,1504.1,,,2570.7,7441.5,8317.0,2244.2,3141.9,,,,,,,,,,,,,,,,,622.8,98.8,149.3,572.4,768.4,,,1836.2,1122.1,2945.6,3008.2,4158.5,,,89.3,567.8,154.1,503.1,679.7,,,274.5,1346.5,340.6,1321.3,955.3,,,1836.2,2667.7,1724.2,2827.7,4560.9,,,2280.4,4158.5,2110.2,3213.3,5236.6,,,,,,,,,,,,,,,,,451.7,99.1,108.5,409.8,539.6,,,1079.3,1017.1,1333.8,1442.7,2945.6,,,69.9,435.0,159.9,504.9,676.5,,,206.1,1087.6,324.2,1063.0,764.2,,,1262.4,1663.4,1472.8,1606.6,2719.0,,,2209.2,5049.6,2437.7,2142.2,3720.7,,,,,,,,,,,,,,,,,78.8,51.6,47.2,87.3,28.7,,,302.7,1333.8,1096.0,625.6,1168.5,,,241.2,1399.8,462.0,1724.2,1002.7,,,231.7,1188.1,419.5,1488.3,807.9,,,606.8,1663.4,2209.2,1963.7,1767.3,,,294.5,1359.5,1570.9,1488.3,1836.2,,,,,,,,,,,,,,,,,822.0,1428.1,1188.1,789.8,2396.4,,,413.4,995.6,760.1,508.5,1536.8,,,1963.7,2945.6,2618.3,3366.4,5655.5,,,2079.2,1936.8,2317.8,2667.7,4158.5,,,1158.9,1588.6,3008.2,2570.7,2667.7,,,3821.3,3008.2,7069.4,5236.6,5049.6,,,,,,,,,,,,,,,,,3821.3,4712.9,3213.3,867.4,4039.6,,,3927.4,6732.8,8836.8,5891.2,4712.9,,,6732.8,5891.2,4875.4,6426.7,9999.9,,,4039.6,9999.9,4158.5,4418.4,6147.3,,,817.2,5236.6,5236.6,3213.3,7441.5,,,6732.8,5891.2,9999.9,5236.6,6732.8,,,,,,,,,,,,,,,,,,,,,,,,,,,,,,,,,,,,,,,,,,,,,,,,,,,,,,,,,,,,,,,,,,,,,,,,,,,,,,,,,,,,,,,,,,,,,,,,,,,,,,,,,,,,,,,,,,,,,,,,,,,,,,,,
20260918_小松島_7R,20260918,73,小松島,7,657.0,438.0,160.5,2427.7,804.6,,,862.8,1314.0,246.5,2427.7,804.6,,,612.1,1390.6,337.8,3493.5,1164.5,,,44.2,53.8,68.6,341.0,79.6,,,6227.6,4620.5,5968.1,1860.2,5305.0,,,1076.9,1008.7,1326.2,385.0,1768.3,,,,,,,,,,,,,,,,,499.0,297.7,133.4,1364.1,601.8,,,757.8,572.9,337.0,2652.5,480.6,,,177.4,203.4,89.9,628.2,238.3,,,59.3,144.1,69.3,546.7,139.6,,,4092.4,4939.1,2557.7,2864.7,2754.5,,,765.9,548.7,566.1,313.4,889.6,,,,,,,,,,,,,,,,,961.3,1302.1,234.0,2137.8,651.0,,,936.1,852.5,442.0,3978.7,538.4,,,2137.8,936.1,654.0,4212.8,746.0,,,77.7,209.7,302.1,852.5,47.0,,,4340.5,5305.0,7161.8,3255.3,1935.6,,,219.6,321.8,295.3,64.9,179.4,,,,,,,,,,,,,,,,,895.2,2046.2,612.1,3255.3,1351.2,,,401.2,386.0,165.7,1068.9,345.9,,,2017.4,804.6,678.8,4774.5,837.6,,,289.3,210.0,397.8,1935.6,472.7,,,6820.7,2984.0,8952.2,5305.0,3331.0,,,1725.7,837.6,1203.6,873.3,2238.0,,,,,,,,,,,,,,,,,8.0,7.1,13.2,117.4,15.2,,,18.3,28.4,14.2,213.1,29.8,,,22.3,44.3,73.2,224.5,15.1,,,51.5,31.9,74.2,319.0,75.9,,,682.0,1008.7,961.3,1093.4,795.7,,,53.2,61.1,30.5,101.4,130.2,,,,,,,,,,,,,,,,,9999.9,6510.7,9999.9,4476.1,9999.9,,,6820.7,5509.0,3672.7,6820.7,4620.5,,,8425.6,8952.2,8425.6,6510.7,3331.0,,,9999.9,4340.5,9999.9,7161.8,5729.4,,,3255.3,6227.6,6227.6,6510.7,4092.4,,,6820.7,3580.9,2046.2,5305.0,4939.1,,,,,,,,,,,,,,,,,2170.2,1377.2,1813.1,675.6,1836.3,,,1446.8,987.8,1326.2,601.8,1540.1,,,447.6,515.2,439.3,171.1,324.7,,,2557.7,1685.1,1591.5,1364.1,2137.8,,,345.9,405.7,200.6,761.8,774.2,,,2702.5,2808.5,1164.5,2348.1,2046.2,,,,,,,,,,,,,,,,,,,,,,,,,,,,,,,,,,,,,,,,,,,,,,,,,,,,,,,,,,,,,,,,,,,,,,,,,,,,,,,,,,,,,,,,,,,,,,,,,,,,,,,,,,,,,,,,,,,,,,,,,,,,,,,,
20260918_久留米_1R,20260918,83,久留米,1,2.5,5.3,33.5,43.2,104.1,,,4.2,8.7,41.0,59.9,154.0,,,10.7,13.5,75.7,116.3,209.7,,,122.6,162.0,179.3,559.6,538.0,,,261.1,349.4,365.5,720.6,880.2,,,458.2,619.4,680.0,700.6,770.5,,,,,,,,,,,,,,,,,125.2,194.1,529.8,869.2,1007.8,,,320.0,735.8,2649.0,2461.5,5349.1,,,635.0,972.5,2809.6,3612.3,4559.9,,,2045.2,3612.3,4967.0,6953.8,7319.8,,,4279.3,5454.0,8972.7,9934.0,9999.9,,,3973.6,8181.0,5676.6,6784.2,8692.3,,,,,,,,,,,,,,,,,197.1,403.7,1198.9,2045.2,3434.0,,,347.6,969.1,3758.8,5248.2,5563.0,,,863.8,1209.3,3659.9,7517.6,9999.9,,,3160.8,7319.8,5563.0,9999.9,9999.9,,,6321.6,8181.0,9999.9,9999.9,9999.9,,,9999.9,9999.9,9999.9,9999.9,9999.9,,,,,,,,,,,,,,,,,469.0,707.7,1760.4,2599.5,2927.9,,,840.3,1528.3,6321.6,9999.9,9271.8,,,1095.0,1696.0,6046.8,9999.9,9999.9,,,4151.5,9999.9,7319.8,9999.9,9999.9,,,8428.9,9999.9,9999.9,9999.9,9999.9,,,8181.0,9999.9,9999.9,9999.9,9999.9,,,,,,,,,,,,,,,,,1829.9,2461.5,2867.5,4879.9,8972.7,,,3197.1,4967.0,9934.0,9999.9,9934.0,,,3351.2,9591.5,6046.8,9999.9,9999.9,,,4795.7,8181.0,8692.3,9999.9,9999.9,,,9999.9,9999.9,8428.9,9999.9,9999.9,,,9999.9,9999.9,9999.9,9999.9,9999.9,,,,,,,,,,,,,,,,,5057.3,5454.0,7319.8,9999.9,9999.9,,,6622.7,5794.8,9999.9,9999.9,9999.9,,,9271.8,9999.9,9999.9,9999.9,9999.9,,,9271.8,9999.9,9999.9,9999.9,9999.9,,,9999.9,9999.9,9999.9,9999.9,9999.9,,,9999.9,9999.9,9999.9,9999.9,9999.9,,,,,,,,,,,,,,,,,4151.5,8972.7,6622.7,8428.9,8972.7,,,6181.2,9999.9,9999.9,9999.9,9999.9,,,9999.9,9999.9,9999.9,9999.9,9999.9,,,9999.9,9999.9,9999.9,9999.9,9999.9,,,9999.9,9999.9,9999.9,9999.9,9999.9,,,9999.9,9999.9,9999.9,9999.9,9999.9,,,,,,,,,,,,,,,,,,,,,,,,,,,,,,,,,,,,,,,,,,,,,,,,,,,,,,,,,,,,,,,,,,,,,,,,,,,,,,,,,,,,,,,,,,,,,,,,,,,,,,,,,,,,,,,,,,,,,,,,,,,,,,,,
20260918_久留米_2R,20260918,83,久留米,2,3.3,6.4,10.7,67.4,51.6,,,4.8,14.0,13.6,73.6,70.4,,,17.9,25.3,51.6,173.6,235.9,,,17.4,23.2,56.8,165.2,208.5,,,182.5,249.7,320.0,377.2,900.2,,,114.7,175.5,353.1,287.7,971.7,,,,,,,,,,,,,,,,,85.2,132.3,198.1,548.5,748.6,,,284.1,705.4,1044.4,1930.8,3225.0,,,700.4,1091.0,1460.1,3535.9,5336.0,,,764.2,1686.6,2849.3,4020.2,6521.8,,,2530.0,4811.1,5754.5,5869.6,9999.9,,,3535.9,4811.1,5336.0,8152.2,9999.9,,,,,,,,,,,,,,,,,218.2,467.3,592.8,1327.9,1767.9,,,357.4,1316.0,2024.0,3155.7,4253.3,,,1197.8,1706.2,4192.5,5989.4,8631.8,,,1943.5,3373.3,3535.9,7337.0,9999.9,,,4585.6,6521.8,5537.3,9999.9,9999.9,,,5989.4,7337.0,9999.9,9999.9,9999.9,,,,,,,,,,,,,,,,,554.7,676.2,1996.4,2717.4,3535.9,,,1048.1,1845.7,6987.6,8152.2,9782.7,,,1202.7,1943.5,5336.0,7525.1,9171.3,,,3714.9,6825.1,6825.1,9999.9,9999.9,,,6670.0,9171.3,9999.9,9999.9,9999.9,,,7525.1,8385.1,9999.9,9999.9,9999.9,,,,,,,,,,,,,,,,,917.1,1424.6,2445.6,3623.2,5434.8,,,1304.3,4192.5,6521.8,8385.1,9999.9,,,2096.2,5060.0,7337.0,9782.7,9999.9,,,5643.8,9999.9,9782.7,9999.9,9999.9,,,9467.1,9999.9,8385.1,9999.9,9999.9,,,9782.7,9999.9,9999.9,9999.9,9999.9,,,,,,,,,,,,,,,,,2934.8,4076.1,5148.8,5989.4,6987.6,,,4446.6,3811.4,9999.9,9999.9,9999.9,,,5643.8,9171.3,9999.9,9999.9,9999.9,,,9999.9,9999.9,9999.9,9999.9,9999.9,,,8385.1,9999.9,9999.9,9999.9,9999.9,,,9999.9,9999.9,9999.9,9999.9,9999.9,,,,,,,,,,,,,,,,,4811.1,6380.0,7337.0,7158.0,7723.2,,,6380.0,7337.0,9171.3,9467.1,8893.3,,,6825.1,9999.9,9999.9,9999.9,9999.9,,,9999.9,9999.9,9999.9,9999.9,9999.9,,,9999.9,9999.9,9999.9,7337.0,9999.9,,,9999.9,9999.9,9999.9,9999.9,9999.9,,,,,,,,,,,,,,,,,,,,,,,,,,,,,,,,,,,,,,,,,,,,,,,,,,,,,,,,,,,,,,,,,,,,,,,,,,,,,,,,,,,,,,,,,,,,,,,,,,,,,,,,,,,,,,,,,,,,,,,,,,,,,,,,
20260918_久留米_3R,20260918,83,久留米,3,30.6,126.7,41.4,84.8,403.9,,,36.0,188.2,49.2,90.6,605.1,,,215.0,298.7,173.1,193.6,617.6,,,30.4,42.4,81.6,19.9,271.8,,,89.0,142.4,183.2,59.2,416.7,,,1237.5,1849.4,1496.3,1155.0,1296.0,,,,,,,,,,,,,,,,,16.0,70.2,33.1,94.7,339.0,,,8.2,18.8,30.8,78.6,144.7,,,92.3,48.7,158.3,415.6,253.6,,,66.4,65.3,169.1,349.8,701.9,,,333.1,339.0,827.1,593.1,1082.8,,,1151.0,651.8,940.5,2032.1,2676.4,,,,,,,,,,,,,,,,,23.2,156.5,33.9,72.4,486.2,,,9.6,26.6,35.3,71.3,156.5,,,258.1,130.2,532.6,861.7,511.9,,,87.6,97.7,400.9,329.5,1119.7,,,335.9,375.3,1051.7,637.9,2007.3,,,1881.1,997.5,1613.7,3105.6,3465.2,,,,,,,,,,,,,,,,,167.3,261.6,267.6,241.7,303.1,,,136.9,96.3,475.0,489.1,217.2,,,321.7,133.6,954.2,1371.6,769.1,,,386.3,808.8,1242.2,1971.2,1688.2,,,973.9,1311.5,1760.4,2151.6,2270.3,,,256.5,215.8,368.6,884.9,793.2,,,,,,,,,,,,,,,,,61.6,78.7,125.6,53.3,787.5,,,145.7,187.1,438.3,636.7,1476.2,,,166.9,178.0,725.1,772.7,1598.0,,,405.4,772.7,1159.1,2057.5,1621.6,,,385.0,1038.4,1097.3,1679.5,2654.8,,,2862.6,3698.8,6584.0,5064.6,4771.0,,,,,,,,,,,,,,,,,609.6,669.1,797.0,362.5,2070.4,,,887.3,956.9,2239.4,1590.3,4275.3,,,937.8,971.0,2402.9,1925.1,5775.4,,,1192.7,2766.3,3617.5,3429.1,4913.4,,,525.8,1751.0,1891.9,3227.4,6330.7,,,3966.2,5775.4,6718.3,6211.3,7481.8,,,,,,,,,,,,,,,,,3292.0,4702.8,3076.6,5985.4,2654.8,,,3502.1,3465.2,2720.6,6718.3,6718.3,,,4389.3,3872.9,4448.6,8441.0,8230.0,,,1646.0,1590.3,2551.9,1769.8,3325.2,,,7156.5,8441.0,8441.0,6718.3,8663.1,,,5143.7,8441.0,8441.0,7655.8,9975.7,,,,,,,,,,,,,,,,,,,,,,,,,,,,,,,,,,,,,,,,,,,,,,,,,,,,,,,,,,,,,,,,,,,,,,,,,,,,,,,,,,,,,,,,,,,,,,,,,,,,,,,,,,,,,,,,,,,,,,,,,,,,,,,,
20260918_久留米_4R,20260918,83,久留米,4,50.6,138.3,73.1,241.1,81.0,,,100.4,336.7,198.4,561.6,237.7,,,238.2,393.5,363.5,393.5,322.1,,,61.7,113.9,184.1,164.7,46.4,,,641.6,902.6,649.5,518.7,387.8,,,110.2,165.3,235.4,91.1,181.2,,,,,,,,,,,,,,,,,13.7,41.6,18.5,111.6,32.2,,,6.7,16.6,23.1,49.9,17.5,,,78.5,60.4,144.2,83.0,153.7,,,42.9,64.5,144.8,262.1,142.2,,,327.7,254.0,246.0,545.3,304.9,,,76.2,58.3,180.4,174.4,161.2,,,,,,,,,,,,,,,,,71.1,300.0,177.2,679.9,367.3,,,27.4,42.8,54.6,100.3,48.4,,,373.7,132.6,485.6,581.0,514.5,,,317.0,198.7,411.2,913.0,905.2,,,1342.6,516.2,1101.9,2116.2,1293.7,,,607.5,157.8,736.2,995.4,1072.3,,,,,,,,,,,,,,,,,166.7,220.3,376.3,197.7,263.6,,,187.6,154.5,501.6,201.8,261.5,,,228.9,141.7,586.3,284.5,541.6,,,746.6,920.9,819.3,1113.4,1805.3,,,149.0,133.9,213.0,512.1,140.4,,,427.7,451.3,895.1,1597.7,264.7,,,,,,,,,,,,,,,,,102.3,216.3,300.3,334.2,94.4,,,148.6,247.9,394.9,875.4,266.9,,,341.4,363.9,639.1,1857.8,1014.4,,,787.0,1001.7,1079.5,1054.6,1558.8,,,1493.2,2234.6,2958.8,1836.5,1960.4,,,390.6,696.1,1141.2,1613.9,1597.7,,,,,,,,,,,,,,,,,1765.4,2188.7,1493.2,1925.0,1699.7,,,1365.6,971.2,766.3,2266.3,1708.8,,,2088.5,1179.1,1479.4,3473.4,2384.7,,,697.7,557.6,721.3,1219.6,476.2,,,2188.7,2878.8,3673.0,2536.1,3511.5,,,1566.4,1566.4,2250.3,1109.5,2958.8,,,,,,,,,,,,,,,,,230.8,370.7,540.7,262.7,415.0,,,164.4,171.4,459.1,575.7,349.2,,,656.1,305.2,1094.3,1233.7,1133.1,,,535.2,577.8,1001.7,1365.6,374.1,,,460.4,711.7,1187.9,1997.2,1514.4,,,646.8,804.9,1359.8,741.4,2130.3,,,,,,,,,,,,,,,,,,,,,,,,,,,,,,,,,,,,,,,,,,,,,,,,,,,,,,,,,,,,,,,,,,,,,,,,,,,,,,,,,,,,,,,,,,,,,,,,,,,,,,,,,,,,,,,,,,,,,,,,,,,,,,,,
20260918_久留米_5R,20260918,83,久留米,5,44.0,55.9,28.8,23.2,85.7,,,123.3,387.9,108.6,107.6,250.3,,,66.7,235.7,106.1,63.2,219.3,,,15.9,47.1,79.4,7.9,21.5,,,11.2,41.4,33.1,4.6,29.5,,,104.8,192.1,290.6,69.2,74.5,,,,,,,,,,,,,,,,,85.6,102.0,115.1,100.8,268.7,,,90.2,103.5,281.2,248.2,168.4,,,83.2,61.4,311.9,244.9,302.4,,,501.8,824.6,1048.5,1038.5,1439.4,,,237.4,333.5,311.3,887.0,997.5,,,636.0,528.4,757.9,1277.0,1131.6,,,,,,,,,,,,,,,,,403.6,856.8,704.2,606.6,1003.6,,,305.2,323.6,1058.6,796.5,565.8,,,1445.7,570.7,2025.8,3010.9,2604.6,,,1875.3,1390.6,3567.3,3217.5,2904.3,,,1328.7,1657.5,3186.3,3383.4,2467.6,,,1570.2,1384.7,2690.0,2295.0,2090.3,,,,,,,,,,,,,,,,,100.3,314.3,210.5,141.8,398.2,,,80.3,88.3,346.1,234.5,343.2,,,729.3,373.3,1649.2,1302.3,1485.0,,,1016.0,1233.8,2064.0,1471.7,2217.5,,,240.6,416.4,940.3,945.7,982.6,,,935.0,921.8,1465.1,1736.4,1396.5,,,,,,,,,,,,,,,,,248.8,579.8,642.2,114.4,260.8,,,808.3,1864.7,2449.1,1709.3,2247.8,,,1562.8,2983.5,4558.2,3217.5,3186.3,,,1864.7,3096.1,4375.8,2805.0,3606.5,,,232.7,1350.5,2103.7,2524.5,1083.1,,,929.7,2361.0,3186.3,3528.9,1640.9,,,,,,,,,,,,,,,,,72.3,205.8,139.3,39.9,183.2,,,192.9,422.9,406.6,539.7,914.1,,,726.0,1032.0,1519.4,1600.9,1408.5,,,271.4,430.6,1215.5,1038.5,1229.1,,,169.5,583.9,1433.1,1312.7,790.8,,,504.9,1445.7,1570.2,1439.4,1108.7,,,,,,,,,,,,,,,,,402.6,680.8,828.7,490.5,333.1,,,704.2,1220.0,1131.6,1774.0,1803.2,,,1193.4,1131.6,3567.3,4002.3,1390.6,,,1657.5,1803.2,3383.4,2038.4,2646.7,,,1022.4,2295.0,2983.5,3281.9,1727.3,,,578.8,1281.9,1287.0,2757.9,1665.9,,,,,,,,,,,,,,,,,,,,,,,,,,,,,,,,,,,,,,,,,,,,,,,,,,,,,,,,,,,,,,,,,,,,,,,,,,,,,,,,,,,,,,,,,,,,,,,,,,,,,,,,,,,,,,,,,,,,,,,,,,,,,,,,
20260918_久留米_6R,20260918,83,久留米,6,12.4,28.1,16.1,25.4,29.3,,,18.9,55.5,62.9,53.1,164.4,,,67.0,90.0,181.1,151.3,340.4,,,18.0,84.4,157.3,150.3,201.2,,,63.7,98.7,175.8,201.3,255.6,,,85.0,409.1,557.3,373.0,347.7,,,,,,,,,,,,,,,,,84.7,132.3,91.6,130.0,141.2,,,121.7,382.1,683.7,427.4,652.0,,,298.1,716.2,1517.5,656.1,1263.1,,,328.5,1369.7,1935.2,1464.8,1680.7,,,298.3,676.0,814.4,1401.5,845.4,,,374.6,1084.5,1004.4,1545.3,927.2,,,,,,,,,,,,,,,,,20.9,43.9,68.4,38.4,88.0,,,60.9,160.1,305.0,128.7,211.4,,,46.9,100.4,226.5,60.7,134.5,,,143.1,314.3,559.5,508.2,576.3,,,39.8,98.7,67.1,320.3,120.4,,,120.2,161.3,244.0,481.5,154.1,,,,,,,,,,,,,,,,,47.9,104.0,192.9,121.2,235.8,,,151.3,327.7,654.0,339.9,488.2,,,80.6,158.0,394.2,99.2,212.9,,,247.2,656.1,781.2,762.8,1208.8,,,86.1,193.7,105.8,540.1,234.3,,,220.8,327.7,383.1,1065.3,307.0,,,,,,,,,,,,,,,,,58.7,324.2,558.0,417.2,590.8,,,310.6,1149.5,1883.3,1490.7,1396.9,,,593.3,1226.3,1875.0,1580.0,2604.1,,,873.4,1580.0,1339.2,1875.0,3035.0,,,888.1,1512.1,1181.7,1818.4,2088.5,,,1485.4,1598.0,3402.2,3870.4,2343.7,,,,,,,,,,,,,,,,,71.6,73.0,119.8,239.5,245.2,,,203.8,350.6,445.4,875.2,492.2,,,75.4,145.4,90.8,448.8,267.5,,,106.4,191.8,119.3,625.9,444.5,,,626.8,1044.2,1006.8,1212.2,1392.3,,,396.1,409.1,452.1,660.2,1119.0,,,,,,,,,,,,,,,,,253.2,631.5,969.8,1171.8,771.2,,,474.5,1116.0,1178.4,1926.3,1122.0,,,596.7,756.0,871.6,2088.5,734.9,,,1006.8,1076.2,1263.1,2141.5,1070.7,,,1551.0,1926.3,3605.7,3979.9,2850.5,,,733.6,734.9,809.7,1159.0,1908.9,,,,,,,,,,,,,,,,,,,,,,,,,,,,,,,,,,,,,,,,,,,,,,,,,,,,,,,,,,,,,,,,,,,,,,,,,,,,,,,,,,,,,,,,,,,,,,,,,,,,,,,,,,,,,,,,,,,,,,,,,,,,,,,,
20260918_久留米_7R,20260918,83,久留米,7,182.6,627.9,131.3,673.1,999.5,,,323.1,930.4,154.3,1001.8,1440.8,,,990.3,1426.4,944.7,1931.8,2579.6,,,81.9,64.4,396.6,477.6,877.3,,,1480.4,1607.4,1976.1,1282.1,2220.6,,,2051.4,3590.0,3531.1,2041.7,2815.6,,,,,,,,,,,,,,,,,100.7,282.4,58.8,265.2,398.5,,,109.0,121.7,54.7,180.6,317.9,,,229.0,153.0,156.4,100.3,235.0,,,23.4,22.4,100.1,64.9,143.8,,,278.6,188.6,153.9,122.3,152.2,,,660.7,772.0,514.0,545.3,457.3,,,,,,,,,,,,,,,,,209.0,430.8,97.2,636.3,899.3,,,122.4,118.8,66.2,201.0,349.9,,,246.0,124.5,117.1,103.9,332.1,,,17.5,36.3,54.8,92.7,230.2,,,681.6,410.6,242.5,342.7,460.7,,,1560.8,1013.6,959.4,1110.3,922.4,,,,,,,,,,,,,,,,,569.8,705.0,592.5,720.4,1107.4,,,290.1,171.8,221.0,122.1,301.6,,,311.0,145.2,126.2,114.7,397.7,,,201.3,182.4,125.0,176.1,592.5,,,222.9,77.0,96.6,133.1,44.9,,,1130.7,519.0,873.8,1087.8,209.2,,,,,,,,,,,,,,,,,17.6,13.4,121.2,176.5,344.9,,,24.2,22.5,128.1,133.2,309.0,,,7.3,15.1,61.3,91.9,274.3,,,206.5,149.8,114.6,215.5,830.0,,,455.8,342.1,375.5,490.1,628.9,,,1223.8,895.6,1104.6,1676.2,1333.7,,,,,,,,,,,,,,,,,1506.2,2013.0,1403.2,1555.2,1889.4,,,882.7,650.7,279.0,480.2,402.2,,,1436.0,833.2,526.6,888.2,948.9,,,470.3,147.0,232.9,270.2,78.8,,,838.1,505.6,791.9,579.0,758.4,,,1124.8,421.1,1020.8,215.5,805.2,,,,,,,,,,,,,,,,,2659.2,5318.5,4265.3,3214.9,3952.3,,,2367.0,2852.9,1958.1,1795.0,1549.6,,,5744.0,3560.3,4265.3,2534.1,3682.0,,,2726.5,1663.3,2991.6,2132.6,716.8,,,3419.0,2101.4,2291.4,3144.5,2852.9,,,2549.1,1267.0,2579.6,703.9,1931.8,,,,,,,,,,,,,,,,,,,,,,,,,,,,,,,,,,,,,,,,,,,,,,,,,,,,,,,,,,,,,,,,,,,,,,,,,,,,,,,,,,,,,,,,,,,,,,,,,,,,,,,,,,,,,,,,,,,,,,,,,,,,,,,,
20260918_久留米_8R,20260918,83,久留米,8,3.9,13.3,8.8,32.0,77.4,,,14.9,99.5,30.3,145.3,155.7,,,90.1,185.8,253.4,185.6,655.2,,,52.4,70.1,214.0,262.1,164.6,,,110.5,233.1,194.1,303.1,688.1,,,271.4,531.7,750.4,460.8,724.4,,,,,,,,,,,,,,,,,13.2,24.4,23.6,52.5,126.3,,,53.7,205.1,97.6,276.7,368.6,,,205.8,352.6,589.2,424.9,672.9,,,134.0,181.2,385.0,635.3,324.6,,,253.4,466.8,382.0,778.3,676.4,,,488.6,675.2,800.2,609.0,820.0,,,,,,,,,,,,,,,,,32.4,174.6,38.9,266.7,281.6,,,64.4,270.9,113.9,364.5,540.4,,,376.6,492.8,346.1,536.0,956.0,,,41.1,64.0,153.6,288.0,103.1,,,511.8,599.9,717.9,674.1,1462.2,,,857.1,1197.9,1692.4,517.2,2126.9,,,,,,,,,,,,,,,,,339.6,545.5,786.0,396.5,1410.4,,,411.3,818.3,1274.7,626.3,2272.7,,,557.8,849.8,620.4,556.2,1553.6,,,1190.8,1578.3,977.2,1136.3,1692.4,,,310.9,379.1,379.8,590.1,1025.0,,,2234.4,3260.1,3059.4,3287.0,2425.2,,,,,,,,,,,,,,,,,250.3,198.6,617.6,747.6,540.4,,,330.8,337.9,929.2,1126.7,835.5,,,119.3,201.0,347.3,485.0,153.3,,,1169.8,1572.0,922.8,1630.0,1921.4,,,1110.9,1385.8,901.8,1462.2,1104.8,,,778.3,1095.6,497.1,1462.2,1456.9,,,,,,,,,,,,,,,,,303.1,578.1,420.8,818.3,1729.2,,,323.0,592.7,589.2,1110.9,2259.8,,,682.2,694.1,695.3,764.8,2221.9,,,286.1,330.8,341.4,606.3,1035.7,,,1339.1,1529.7,1197.9,1258.6,1242.9,,,3233.6,3342.3,3287.0,2018.9,2616.6,,,,,,,,,,,,,,,,,1262.6,2549.5,4519.7,2138.3,5165.3,,,2029.2,3824.3,4910.3,2582.6,5303.1,,,2616.6,3551.2,4100.3,1030.4,4679.2,,,5849.0,5849.0,4143.0,2781.3,4679.2,,,2060.8,2566.0,719.2,3583.1,3615.7,,,5849.0,5524.0,3937.9,4679.2,3428.7,,,,,,,,,,,,,,,,,,,,,,,,,,,,,,,,,,,,,,,,,,,,,,,,,,,,,,,,,,,,,,,,,,,,,,,,,,,,,,,,,,,,,,,,,,,,,,,,,,,,,,,,,,,,,,,,,,,,,,,,,,,,,,,,
20260918_久留米_9R,20260918,83,久留米,9,53.2,18.8,55.0,32.8,76.0,,,97.0,117.9,228.3,164.8,186.4,,,7.0,33.7,2.3,24.4,33.0,,,99.7,219.1,27.9,194.1,276.6,,,50.7,153.0,70.5,160.0,201.8,,,129.0,116.8,103.2,243.4,210.5,,,,,,,,,,,,,,,,,436.3,125.6,321.8,250.9,469.6,,,1028.4,1668.7,2306.2,1519.0,2097.2,,,261.4,1266.7,627.0,658.6,1353.1,,,764.5,2659.7,1077.9,2097.2,2880.4,,,339.7,799.7,396.2,1025.3,872.0,,,850.7,2006.3,1592.1,2754.6,1440.2,,,,,,,,,,,,,,,,,1094.9,765.3,1244.0,1739.8,1224.3,,,1584.8,3243.8,4820.7,2880.4,3353.5,,,1599.5,3419.6,2135.9,4537.1,3419.6,,,2176.1,5466.0,4258.7,7083.5,5219.4,,,3470.9,3989.5,5690.0,7713.1,5784.8,,,1198.9,2012.1,1817.2,3337.4,2701.1,,,,,,,,,,,,,,,,,30.7,114.2,9.0,76.5,125.4,,,169.3,940.6,498.6,585.8,1226.4,,,725.3,1509.0,1660.7,2754.6,2253.8,,,61.8,353.0,774.7,576.5,837.3,,,313.1,526.6,2023.8,733.8,1476.9,,,438.2,1567.0,1817.2,1410.9,1054.9,,,,,,,,,,,,,,,,,679.9,1309.7,185.1,1342.7,1312.2,,,973.6,4365.9,1425.4,3453.6,4994.1,,,1960.9,5067.0,4107.5,6674.8,6310.7,,,185.9,1013.4,2224.9,1766.3,2176.1,,,2078.3,4012.6,6611.2,3155.3,6198.0,,,2470.4,5299.1,6253.9,3966.7,7628.3,,,,,,,,,,,,,,,,,278.1,969.5,230.3,480.4,787.0,,,315.9,790.6,443.0,1374.6,809.0,,,2619.5,2452.9,3615.5,5833.4,4012.6,,,494.7,691.4,1705.6,1239.6,1416.7,,,1851.1,3402.8,6089.3,2929.0,7083.5,,,1701.4,2182.9,2953.9,2506.0,5643.7,,,,,,,,,,,,,,,,,523.9,518.8,299.4,611.0,694.8,,,1050.2,2291.0,2291.0,3305.6,2224.9,,,773.0,1625.7,1443.2,2385.5,1977.7,,,764.5,2410.3,2444.3,1467.6,2619.5,,,2196.7,5067.0,4156.7,3793.3,6674.8,,,1599.5,1944.4,3488.3,2196.7,5598.2,,,,,,,,,,,,,,,,,,,,,,,,,,,,,,,,,,,,,,,,,,,,,,,,,,,,,,,,,,,,,,,,,,,,,,,,,,,,,,,,,,,,,,,,,,,,,,,,,,,,,,,,,,,,,,,,,,,,,,,,,,,,,,,,
20260918_武雄_1R,20260918,84,武雄,1,163.5,93.9,92.4,130.9,,,,219.1,495.8,200.6,164.6,,,,499.6,720.5,751.5,822.2,,,,85.5,144.8,305.6,109.3,,,,129.8,125.7,338.4,156.4,,,,,,,,,,,,,,,,,,,,,,,,,129.5,91.6,69.2,141.3,,,,80.8,24.5,15.1,163.0,,,,92.0,26.9,13.7,87.9,,,,21.8,7.0,5.0,36.3,,,,272.6,255.8,206.8,164.3,,,,,,,,,,,,,,,,,,,,,,,,,188.1,420.3,165.6,227.4,,,,110.0,40.7,35.2,104.7,,,,417.6,96.8,206.5,215.1,,,,108.6,56.2,139.2,314.8,,,,321.4,179.7,226.5,511.2,,,,,,,,,,,,,,,,,,,,,,,,,1088.3,1465.3,1481.8,2017.6,,,,535.2,232.1,102.2,501.5,,,,1120.8,325.4,515.3,1170.9,,,,1192.2,212.2,524.5,1352.0,,,,1987.0,1490.2,1649.6,2065.2,,,,,,,,,,,,,,,,,,,,,,,,,79.7,88.7,217.8,96.9,,,,43.2,21.2,14.7,68.3,,,,91.1,50.0,102.4,260.2,,,,444.5,89.0,245.3,476.0,,,,396.2,389.1,501.5,762.4,,,,,,,,,,,,,,,,,,,,,,,,,412.4,406.6,907.5,519.3,,,,771.4,720.5,778.3,854.3,,,,541.9,627.4,971.4,1111.3,,,,2033.2,1561.2,1737.0,2098.3,,,,745.1,830.0,1097.4,1490.2,,,,,,,,,,,,,,,,,,,,,,,,,,,,,,,,,,,,,,,,,,,,,,,,,,,,,,,,,,,,,,,,,,,,,,,,,,,,,,,,,,,,,,,,,,,,,,,,,,,,,,,,,,,,,,,,,,,,,,,,,,,,,,,,,,,,,,,,,,,,,,,,,,,,,,,,,,,,,,,,,,,,,,,,,,,,,,,,,,,,,,,,,,,,,,,,
20260918_武雄_2R,20260918,84,武雄,2,337.2,487.8,439.4,1009.9,,,,246.7,431.7,174.0,504.9,,,,754.1,918.5,998.2,1940.3,,,,268.1,148.2,420.1,187.1,,,,1136.1,850.7,1629.1,360.5,,,,,,,,,,,,,,,,,,,,,,,,,113.7,119.9,90.2,245.3,,,,42.3,11.1,16.9,48.4,,,,40.0,11.4,17.9,44.5,,,,31.8,27.3,38.1,55.2,,,,115.4,109.7,101.2,52.0,,,,,,,,,,,,,,,,,,,,,,,,,58.7,112.8,48.6,114.2,,,,24.1,13.1,21.3,57.3,,,,107.9,24.4,56.1,306.7,,,,25.2,55.9,95.9,62.3,,,,100.6,155.4,368.2,80.9,,,,,,,,,,,,,,,,,,,,,,,,,485.0,774.4,814.5,1726.9,,,,160.4,40.2,74.7,189.1,,,,295.7,56.2,188.7,707.7,,,,492.0,226.9,308.9,885.6,,,,1877.1,569.9,1338.7,1269.8,,,,,,,,,,,,,,,,,,,,,,,,,139.7,70.8,206.5,67.7,,,,114.3,97.6,140.2,202.4,,,,84.2,106.0,208.3,215.0,,,,400.6,278.5,383.7,661.6,,,,79.2,189.7,201.2,395.1,,,,,,,,,,,,,,,,,,,,,,,,,1121.3,777.9,1780.3,400.6,,,,313.9,268.5,365.8,192.5,,,,533.0,377.8,923.5,397.0,,,,1613.9,781.4,1338.7,1404.0,,,,107.4,231.1,302.9,614.5,,,,,,,,,,,,,,,,,,,,,,,,,,,,,,,,,,,,,,,,,,,,,,,,,,,,,,,,,,,,,,,,,,,,,,,,,,,,,,,,,,,,,,,,,,,,,,,,,,,,,,,,,,,,,,,,,,,,,,,,,,,,,,,,,,,,,,,,,,,,,,,,,,,,,,,,,,,,,,,,,,,,,,,,,,,,,,,,,,,,,,,,,,,,,,,,
20260918_武雄_3R,20260918,84,武雄,3,4236.9,1045.1,3265.9,3407.9,1127.8,,,5405.7,2062.7,3483.7,4750.5,2903.0,,,617.1,1399.7,1088.6,1215.2,157.7,,,3823.5,3073.8,1536.9,4610.7,1685.6,,,4898.9,4610.7,2035.9,4479.0,3335.4,,,856.6,2009.8,234.6,1234.3,1984.3,,,,,,,,,,,,,,,,,3407.9,933.1,2903.0,1722.7,1038.1,,,2903.0,2118.4,1478.9,2488.3,1722.7,,,287.1,944.3,712.5,190.2,86.4,,,1935.3,1205.8,1205.8,1127.8,998.5,,,861.3,1178.6,211.8,866.1,261.7,,,440.3,639.8,94.5,434.2,214.4,,,,,,,,,,,,,,,,,3823.5,2339.7,1866.2,3645.7,2271.9,,,3483.7,1667.7,1205.8,2009.8,1536.9,,,709.3,1088.6,466.5,1761.4,260.4,,,629.5,391.9,237.5,619.6,188.4,,,4479.0,2657.0,3335.4,2009.8,3407.9,,,825.0,607.6,294.1,266.1,1169.8,,,,,,,,,,,,,,,,,70.7,248.4,258.2,199.1,18.4,,,103.0,500.8,540.5,265.2,55.1,,,424.8,627.0,357.9,1254.1,172.4,,,255.7,494.5,275.0,998.5,107.7,,,675.7,739.4,1667.7,2009.8,388.0,,,3.7,11.9,30.6,24.5,48.4,,,,,,,,,,,,,,,,,2147.4,1451.5,992.1,2569.9,1059.2,,,1632.9,605.2,900.9,1254.1,614.7,,,405.0,235.7,153.0,572.1,105.9,,,285.5,582.7,250.4,1088.6,135.7,,,3073.8,1888.7,1781.4,2569.9,1935.3,,,321.2,244.1,131.7,103.2,642.4,,,,,,,,,,,,,,,,,3645.7,6270.6,3732.5,6029.4,4236.9,,,2177.3,2177.3,1038.1,1866.2,1011.3,,,6029.4,4125.4,5056.9,3919.1,5405.7,,,1911.7,1616.1,3732.5,4019.6,1244.1,,,4750.5,2799.4,2903.0,4479.0,3732.5,,,2750.2,1169.8,3732.5,1254.1,3073.8,,,,,,,,,,,,,,,,,241.9,529.6,71.8,433.0,540.5,,,126.0,217.4,77.2,164.8,119.2,,,380.5,271.6,126.4,99.2,550.0,,,4.9,14.1,32.7,21.6,60.4,,,227.5,152.0,67.9,76.5,363.7,,,746.5,353.8,927.6,439.1,712.5,,,,,,,,,,,,,,,,,,,,,,,,,,,,,,,,,,,,,,,,,,,,,,,,,,,,,,,,,,,,,,,,,,,,,,,,,,,,,,,,,,,,,,,,,,,,,,,,,,,,,,,,,,,,,,,,,,,,,,,,,,,,,,,,
20260918_武雄_4R,20260918,84,武雄,4,1078.2,1507.6,382.8,843.3,608.4,,,633.3,398.9,128.6,412.5,370.3,,,1812.3,843.3,610.6,1151.1,1562.9,,,110.1,61.9,144.1,31.1,70.2,,,803.6,721.8,1020.1,109.4,608.4,,,349.8,372.7,873.6,154.8,439.0,,,,,,,,,,,,,,,,,1166.8,1290.6,488.1,1032.5,615.0,,,1008.0,599.8,356.4,1607.2,420.6,,,1851.7,1128.2,1174.9,1872.1,946.4,,,240.6,331.4,721.8,591.5,184.3,,,1720.8,2469.0,2433.7,1071.4,1341.4,,,242.3,264.5,371.1,136.8,479.8,,,,,,,,,,,,,,,,,284.4,164.2,68.5,249.8,232.4,,,474.5,327.6,215.1,1008.0,262.0,,,80.0,141.7,43.3,349.1,106.5,,,29.1,75.5,39.9,135.1,66.0,,,743.9,1654.0,996.2,447.1,1396.4,,,277.4,178.9,200.4,124.4,728.0,,,,,,,,,,,,,,,,,2004.2,906.1,946.4,1507.6,1534.8,,,1958.2,1128.2,1431.6,3624.7,1456.1,,,374.4,401.8,153.4,1120.8,343.4,,,721.8,979.1,215.1,1562.9,770.8,,,3097.5,4368.3,3785.8,2792.8,5162.5,,,1534.8,747.2,856.1,1135.7,3476.8,,,,,,,,,,,,,,,,,46.2,13.5,54.7,5.4,16.4,,,105.6,113.6,252.7,203.5,76.8,,,22.2,61.9,24.3,62.4,44.4,,,213.2,323.2,91.0,387.1,252.0,,,22.1,170.7,133.9,241.3,116.3,,,49.2,32.4,57.5,124.9,83.5,,,,,,,,,,,,,,,,,1793.3,1703.6,2077.6,176.9,1300.4,,,2366.1,3154.8,3214.4,1494.4,2542.7,,,1812.3,3407.2,2839.4,1199.7,4056.2,,,3961.9,5678.8,5323.8,3154.8,5874.6,,,110.9,936.0,757.1,1341.4,597.7,,,1958.2,1851.7,4259.1,4259.1,1373.9,,,,,,,,,,,,,,,,,155.0,218.1,524.1,115.5,262.5,,,98.7,127.2,241.6,79.4,252.3,,,321.4,282.5,353.4,177.4,1216.8,,,1064.7,823.0,721.8,740.7,1774.6,,,102.1,105.4,124.7,330.8,444.8,,,1280.9,1534.8,3042.2,3097.5,1261.9,,,,,,,,,,,,,,,,,,,,,,,,,,,,,,,,,,,,,,,,,,,,,,,,,,,,,,,,,,,,,,,,,,,,,,,,,,,,,,,,,,,,,,,,,,,,,,,,,,,,,,,,,,,,,,,,,,,,,,,,,,,,,,,,
20260918_武雄_5R,20260918,84,武雄,5,1452.4,3290.1,1791.3,4133.8,1853.0,,,746.3,251.9,240.6,452.8,39.2,,,4357.2,736.1,1565.2,2519.0,1013.9,,,1439.4,415.5,1321.4,722.9,487.0,,,5373.9,1791.3,2480.2,2600.2,2336.5,,,1089.3,95.1,510.1,420.9,1007.6,,,,,,,,,,,,,,,,,1310.7,2878.9,1697.0,4885.4,1506.7,,,511.8,1662.0,305.3,2239.1,246.8,,,2642.9,2239.1,1401.9,2178.6,1492.7,,,435.7,212.9,575.7,283.3,186.5,,,4885.4,3932.1,3041.8,1249.7,3430.1,,,862.1,321.7,786.4,276.5,1300.1,,,,,,,,,,,,,,,,,195.8,52.9,44.6,277.4,14.8,,,293.1,790.2,250.3,1612.1,185.5,,,153.9,916.0,200.7,1067.6,110.8,,,74.1,171.1,170.9,296.9,34.0,,,844.0,2442.7,1832.0,1119.5,494.5,,,4.9,52.3,35.0,11.9,148.7,,,,,,,,,,,,,,,,,3358.7,1020.3,1791.3,2066.9,1060.6,,,2878.9,2442.7,1679.3,2878.9,1811.4,,,599.3,1439.4,802.0,1628.4,436.9,,,1465.6,1439.4,1001.3,1279.5,1127.4,,,3224.3,4030.4,4133.8,2779.6,4357.2,,,1046.8,1439.4,542.8,953.9,2480.2,,,,,,,,,,,,,,,,,484.1,151.6,599.3,246.1,167.5,,,247.2,109.2,259.6,78.9,96.0,,,79.3,147.0,198.0,108.0,43.2,,,814.2,634.7,526.8,494.5,577.8,,,220.2,100.6,130.0,210.1,131.0,,,91.9,82.8,39.9,237.0,72.5,,,,,,,,,,,,,,,,,7677.0,4030.4,4478.2,5971.0,5200.5,,,4741.7,4030.4,3504.7,1354.7,3504.7,,,2559.0,5757.8,5200.5,2732.5,1832.0,,,7328.1,5373.9,5971.0,3358.7,5559.2,,,2828.3,1111.8,1679.3,1966.0,1535.4,,,4478.2,4242.5,2442.7,4242.5,2642.9,,,,,,,,,,,,,,,,,400.0,53.6,298.0,174.2,403.0,,,290.4,142.5,309.4,103.8,608.3,,,9.4,45.1,54.7,11.1,128.5,,,518.3,499.1,228.6,368.0,1176.7,,,103.6,60.9,27.1,106.3,93.4,,,660.7,1550.1,520.0,1007.6,559.7,,,,,,,,,,,,,,,,,,,,,,,,,,,,,,,,,,,,,,,,,,,,,,,,,,,,,,,,,,,,,,,,,,,,,,,,,,,,,,,,,,,,,,,,,,,,,,,,,,,,,,,,,,,,,,,,,,,,,,,,,,,,,,,,
20260918_武雄_6R,20260918,84,武雄,6,500.3,153.3,117.3,1035.8,40.0,,,1383.8,1054.3,2494.8,3406.4,847.5,,,249.4,511.9,678.6,1736.6,50.6,,,463.7,1736.6,927.4,1312.1,450.7,,,2494.8,3406.4,2134.1,2903.8,1610.3,,,18.2,92.8,5.9,62.4,209.6,,,,,,,,,,,,,,,,,486.6,113.9,110.7,801.5,32.4,,,1428.4,1428.4,1864.5,3690.2,1035.8,,,214.4,634.8,487.9,1035.8,122.2,,,135.7,676.0,256.3,175.0,83.6,,,2108.7,4787.3,4025.7,1312.1,1283.5,,,15.8,195.7,25.0,86.8,384.2,,,,,,,,,,,,,,,,,3542.6,2460.1,4320.3,6108.0,2012.8,,,3614.9,4428.3,3614.9,8856.6,3406.4,,,2530.4,4787.3,7085.3,8856.6,2059.6,,,5060.9,3768.7,5535.4,4661.4,6108.0,,,7380.5,9999.9,9999.9,9840.7,9999.9,,,1671.0,3690.2,1581.5,5060.9,6812.8,,,,,,,,,,,,,,,,,641.7,947.2,1581.5,1463.9,123.9,,,686.5,1864.5,1640.1,3936.3,380.9,,,1655.4,2567.1,3220.6,4920.3,1060.6,,,3054.0,2393.6,4541.8,3690.2,2036.0,,,5713.9,9840.7,9322.8,8051.5,5209.8,,,63.5,270.0,398.0,683.9,1114.0,,,,,,,,,,,,,,,,,1274.3,3002.2,1595.7,3220.6,984.0,,,592.4,1640.1,787.2,630.3,288.0,,,3163.0,3850.7,6326.1,3690.2,3850.7,,,2683.8,2530.4,4119.3,4920.3,2725.1,,,4920.3,1625.0,4428.3,5060.9,2214.1,,,917.7,717.1,2604.9,1451.9,1946.5,,,,,,,,,,,,,,,,,5209.8,9999.9,7380.5,7085.3,4025.7,,,4320.3,8051.5,8051.5,2530.4,2426.4,,,9999.9,9999.9,9999.9,9999.9,6812.8,,,9999.9,9999.9,9999.9,9999.9,8051.5,,,7085.3,2460.1,8051.5,8856.6,3690.2,,,3614.9,3002.2,9999.9,5060.9,4025.7,,,,,,,,,,,,,,,,,10.4,61.3,3.8,65.2,148.6,,,14.2,168.0,29.1,93.3,438.4,,,248.0,365.2,246.3,932.2,2012.8,,,10.3,39.2,66.8,163.5,496.1,,,297.7,263.1,790.7,339.9,808.8,,,1018.0,1428.4,3220.6,1341.9,1968.1,,,,,,,,,,,,,,,,,,,,,,,,,,,,,,,,,,,,,,,,,,,,,,,,,,,,,,,,,,,,,,,,,,,,,,,,,,,,,,,,,,,,,,,,,,,,,,,,,,,,,,,,,,,,,,,,,,,,,,,,,,,,,,,,
20260918_武雄_7R,20260918,84,武雄,7,307.9,113.6,45.8,135.6,413.4,,,701.0,1115.3,560.1,822.8,1041.3,,,278.2,856.5,152.4,833.7,1135.5,,,41.5,235.4,42.7,105.7,327.2,,,225.0,402.8,697.1,196.3,701.0,,,1024.3,1280.4,1915.7,842.1,1386.5,,,,,,,,,,,,,,,,,145.3,55.5,22.8,101.2,221.8,,,336.8,440.2,188.9,865.3,330.6,,,95.4,205.7,39.5,431.2,397.0,,,13.8,57.3,12.1,107.2,91.7,,,490.1,1320.8,880.5,409.4,1145.9,,,762.8,723.2,954.2,431.2,1110.4,,,,,,,,,,,,,,,,,1028.5,2126.8,691.3,1684.3,842.1,,,961.5,1459.0,404.7,2436.5,859.4,,,2560.8,1818.5,926.0,4402.8,2851.8,,,580.9,400.8,576.9,1493.8,554.0,,,3690.6,3921.2,5836.3,3023.6,4182.7,,,912.5,995.8,1484.9,663.9,1320.8,,,,,,,,,,,,,,,,,354.9,1151.2,156.2,1151.2,1588.3,,,250.7,417.5,77.4,877.4,1095.9,,,2057.0,1459.0,812.1,4326.9,2509.6,,,64.7,40.9,123.9,292.4,328.9,,,3391.3,2669.8,6434.9,1313.9,5576.9,,,3690.6,2669.8,3391.3,1224.2,4481.4,,,,,,,,,,,,,,,,,15.9,95.4,18.7,59.3,145.0,,,9.8,45.2,10.2,87.7,82.1,,,194.9,129.7,187.7,556.4,195.4,,,9.8,9.4,50.6,113.4,89.3,,,341.9,290.8,468.2,393.3,658.6,,,430.4,287.4,404.1,431.2,676.4,,,,,,,,,,,,,,,,,1135.5,2220.9,2757.8,1091.1,2587.2,,,1100.7,4402.8,2987.6,1520.9,3860.9,,,3637.1,5121.6,6604.2,3802.4,5576.9,,,2727.8,3745.7,9294.9,2819.8,7842.5,,,1140.7,1261.1,2952.5,2091.3,3023.6,,,3098.3,4402.8,7381.2,7604.9,4253.6,,,,,,,,,,,,,,,,,2484.7,2023.8,4735.1,1792.5,2641.7,,,2281.4,1417.8,3437.8,1409.9,3802.4,,,1619.1,1356.5,2641.7,1417.8,3176.7,,,5339.6,3921.2,4402.8,2641.7,5339.6,,,1767.3,1151.2,1598.4,1930.4,3534.6,,,4920.8,4562.9,4326.9,7170.3,3485.5,,,,,,,,,,,,,,,,,,,,,,,,,,,,,,,,,,,,,,,,,,,,,,,,,,,,,,,,,,,,,,,,,,,,,,,,,,,,,,,,,,,,,,,,,,,,,,,,,,,,,,,,,,,,,,,,,,,,,,,,,,,,,,,,
20260918_別府_1R,20260918,86,別府,1,111.8,203.4,408.6,561.0,94.2,,,200.0,342.3,692.0,1115.4,160.1,,,561.0,578.1,1102.5,1200.2,101.9,,,948.1,920.5,1128.7,441.0,303.9,,,1458.7,1823.4,1053.5,462.5,353.7,,,62.7,82.9,16.7,198.3,166.3,,,,,,,,,,,,,,,,,53.4,165.1,254.2,388.5,58.6,,,40.3,57.1,75.1,95.6,20.2,,,417.6,154.9,515.3,501.6,213.0,,,347.3,139.4,469.3,222.5,217.9,,,640.6,191.1,526.7,308.8,316.0,,,65.7,39.1,87.1,196.7,225.2,,,,,,,,,,,,,,,,,142.3,277.2,395.0,692.0,122.6,,,56.7,43.0,67.6,93.0,28.4,,,447.2,191.1,682.1,948.1,173.6,,,460.2,173.0,478.8,275.6,301.9,,,796.7,246.2,667.7,323.6,398.3,,,79.9,65.5,64.7,199.6,299.1,,,,,,,,,,,,,,,,,854.2,682.1,1436.6,1529.3,159.3,,,697.1,287.3,1298.8,1316.9,271.6,,,783.6,398.3,1335.4,1823.4,337.4,,,2017.3,1580.2,1529.3,1128.7,636.3,,,1723.9,1335.4,2154.9,967.5,548.0,,,81.3,140.0,187.3,261.2,288.1,,,,,,,,,,,,,,,,,1115.4,967.5,929.5,777.1,385.4,,,839.0,337.4,718.3,460.2,507.0,,,735.0,274.0,764.6,395.0,443.0,,,1281.3,920.5,1335.4,611.7,377.7,,,213.5,182.6,200.4,175.9,95.9,,,449.3,551.2,551.2,161.2,286.4,,,,,,,,,,,,,,,,,1374.1,1505.0,839.0,544.9,417.6,,,1128.7,476.4,723.7,496.4,564.3,,,1156.3,455.8,1053.5,458.0,632.1,,,957.7,869.8,1316.9,481.3,361.8,,,214.0,178.2,211.6,179.2,105.8,,,419.5,557.7,712.9,193.5,222.5,,,,,,,,,,,,,,,,,30.2,29.9,11.5,141.0,129.1,,,73.9,50.7,57.5,260.4,263.3,,,49.9,59.3,47.3,195.0,338.6,,,21.6,42.0,54.3,92.4,107.5,,,273.2,462.5,338.6,183.7,367.5,,,406.9,493.8,677.2,203.0,363.2,,,,,,,,,,,,,,,,,,,,,,,,,,,,,,,,,,,,,,,,,,,,,,,,,,,,,,,,,,,,,,,,,,,,,,,,,,,,,,,,,,,,,,,,,,,,,,,,,,,,,,,,,,,,,,,,,,,,,,,,,,,,,,,,
20260918_別府_2R,20260918,86,別府,2,79.7,52.9,64.4,221.8,172.8,,,89.6,177.6,165.0,88.2,124.9,,,88.4,194.0,285.7,740.9,216.1,,,166.0,344.9,290.0,848.1,749.2,,,604.7,331.3,1204.0,1335.2,875.7,,,245.6,163.2,227.4,581.2,677.6,,,,,,,,,,,,,,,,,84.8,31.7,52.9,486.8,172.2,,,173.1,92.1,182.2,299.6,163.4,,,17.6,32.8,17.1,249.2,42.9,,,61.0,119.0,44.2,674.2,270.2,,,1550.1,1182.9,745.0,1899.4,1322.1,,,177.9,134.9,78.7,215.0,559.5,,,,,,,,,,,,,,,,,110.6,182.2,319.5,80.4,78.0,,,140.3,93.3,124.0,109.2,96.7,,,181.2,93.7,396.6,174.4,116.6,,,425.4,345.7,569.0,648.3,554.9,,,99.4,136.6,294.4,485.1,57.3,,,38.9,36.7,70.6,176.7,18.2,,,,,,,,,,,,,,,,,78.9,163.6,227.4,548.2,174.6,,,30.7,37.9,23.3,271.8,56.3,,,150.8,85.2,327.3,167.7,101.0,,,508.9,203.4,541.6,943.0,775.0,,,1434.6,1013.9,1021.6,2074.7,1515.2,,,131.0,104.1,101.3,385.3,639.1,,,,,,,,,,,,,,,,,242.1,583.8,382.0,1899.4,1105.4,,,202.4,548.2,152.0,1465.8,870.0,,,1096.4,1096.4,1362.2,2012.8,1481.9,,,535.1,241.6,864.4,1322.1,1498.4,,,4086.6,2931.7,3966.4,4816.3,3853.1,,,1873.0,1481.9,2012.8,1664.9,3853.1,,,,,,,,,,,,,,,,,2175.1,827.3,2869.3,4214.3,1983.2,,,2365.9,1664.9,2365.9,3457.9,2931.7,,,583.8,875.7,1550.1,2752.2,404.9,,,3136.2,2869.3,2544.5,5394.3,4495.3,,,3289.2,3371.4,3136.2,3853.1,4350.2,,,2012.8,3136.2,848.1,3746.0,5863.4,,,,,,,,,,,,,,,,,186.5,151.5,158.8,439.2,576.3,,,112.7,89.3,63.9,142.7,508.9,,,53.9,40.2,57.2,154.3,36.8,,,111.6,88.3,84.9,398.9,522.7,,,842.8,457.1,488.6,728.9,1550.1,,,1133.2,1053.5,461.8,1182.9,2012.8,,,,,,,,,,,,,,,,,,,,,,,,,,,,,,,,,,,,,,,,,,,,,,,,,,,,,,,,,,,,,,,,,,,,,,,,,,,,,,,,,,,,,,,,,,,,,,,,,,,,,,,,,,,,,,,,,,,,,,,,,,,,,,,,
20260918_別府_3R,20260918,86,別府,3,2203.8,2245.0,1819.8,1921.7,3874.5,,,1645.3,615.9,562.5,1953.0,1779.4,,,1921.7,723.5,717.0,2125.8,1022.2,,,537.4,215.4,217.5,411.3,698.3,,,2611.0,3813.0,2639.7,2451.2,4214.3,,,4289.6,3695.7,1906.5,2476.5,4071.5,,,,,,,,,,,,,,,,,2309.8,2426.4,1510.8,1806.1,3938.0,,,1520.3,437.5,669.1,503.6,1238.2,,,1623.1,456.6,1122.5,817.0,556.0,,,883.1,732.3,1009.3,864.1,2164.1,,,949.4,368.4,497.3,544.7,1101.9,,,4619.6,3383.3,2001.8,3481.4,2826.1,,,,,,,,,,,,,,,,,571.9,190.8,172.8,765.0,529.1,,,475.6,182.8,292.9,234.5,565.2,,,33.3,45.6,11.7,61.0,8.5,,,71.7,156.9,33.2,232.9,102.9,,,817.0,350.1,326.8,606.6,777.4,,,426.6,602.0,80.2,223.2,669.1,,,,,,,,,,,,,,,,,842.8,164.1,298.0,842.8,383.1,,,686.3,159.5,529.1,583.0,348.1,,,31.9,40.0,10.2,68.0,5.9,,,98.9,268.1,24.9,393.8,65.6,,,1715.8,1000.9,367.3,1277.7,920.3,,,182.3,369.5,36.3,106.7,392.5,,,,,,,,,,,,,,,,,111.6,32.0,30.2,182.1,121.9,,,262.8,176.7,290.1,332.7,828.3,,,39.0,99.0,21.9,246.1,108.8,,,41.3,165.6,15.0,308.3,42.5,,,730.1,599.0,617.5,1030.9,1447.1,,,387.4,1072.4,290.4,264.2,1044.4,,,,,,,,,,,,,,,,,2287.8,3695.7,3874.5,3119.7,5459.5,,,1207.1,628.8,721.3,1091.9,1876.7,,,3160.7,879.9,942.0,2266.2,2761.1,,,3585.3,1482.8,1133.1,2669.1,1634.1,,,2245.0,1703.6,2183.8,2203.8,3119.7,,,5459.5,4003.6,3585.3,2183.8,4071.5,,,,,,,,,,,,,,,,,4289.6,2502.2,2088.8,2224.2,3532.6,,,4214.3,2125.8,2245.0,3290.6,4367.6,,,1492.0,1679.8,264.8,612.8,1792.6,,,1013.5,1549.8,206.3,541.0,1349.5,,,1862.1,2355.1,698.3,645.7,2826.1,,,4448.5,4804.4,3336.3,3290.6,5004.5,,,,,,,,,,,,,,,,,,,,,,,,,,,,,,,,,,,,,,,,,,,,,,,,,,,,,,,,,,,,,,,,,,,,,,,,,,,,,,,,,,,,,,,,,,,,,,,,,,,,,,,,,,,,,,,,,,,,,,,,,,,,,,,,
20260918_別府_4R,20260918,86,別府,4,65.7,59.9,27.0,60.7,48.8,,,59.1,127.5,51.0,98.3,284.4,,,44.8,105.5,22.8,37.0,169.5,,,9.8,25.5,12.8,6.4,48.6,,,49.6,110.5,34.7,17.9,163.7,,,148.4,605.9,378.3,182.5,306.0,,,,,,,,,,,,,,,,,192.7,196.7,157.2,307.1,181.8,,,109.6,176.1,247.2,519.5,78.5,,,284.1,335.8,488.0,718.9,361.8,,,246.7,424.9,553.0,970.7,400.5,,,1003.7,1641.9,1641.9,1847.1,2094.4,,,218.5,179.1,320.8,444.0,907.8,,,,,,,,,,,,,,,,,99.0,172.8,84.7,170.2,367.9,,,79.3,147.5,156.2,361.8,59.4,,,323.2,289.7,387.1,747.1,541.7,,,178.2,183.0,358.0,453.9,556.4,,,860.8,1161.5,1445.6,1011.3,2030.4,,,1003.7,460.1,946.5,1192.7,1631.8,,,,,,,,,,,,,,,,,65.1,109.6,39.0,64.3,208.7,,,166.6,247.4,294.5,370.9,212.7,,,147.4,149.7,227.3,323.9,454.6,,,123.6,238.7,396.4,348.6,536.2,,,382.7,698.1,1081.2,651.9,1019.1,,,680.2,593.7,880.7,974.3,1266.6,,,,,,,,,,,,,,,,,48.1,112.9,88.0,47.3,180.0,,,214.1,354.1,505.6,907.8,242.9,,,219.6,208.6,514.4,836.4,858.0,,,198.2,441.8,587.1,794.0,1027.0,,,332.9,1047.2,1141.6,1072.5,1716.0,,,801.1,847.1,1927.4,1399.9,2216.6,,,,,,,,,,,,,,,,,656.7,1055.5,533.0,307.8,1422.4,,,1437.8,2396.3,2015.1,2235.2,3283.8,,,1705.0,2485.9,2440.3,2633.6,3911.6,,,869.2,1913.6,2770.7,1602.3,2891.2,,,442.5,1727.2,2078.0,1414.8,2462.9,,,3643.7,3594.5,4586.1,4222.1,4030.2,,,,,,,,,,,,,,,,,1248.7,2860.1,1672.9,1039.0,2923.0,,,930.0,791.6,988.8,1519.9,2607.7,,,2860.1,1214.5,2094.4,2533.2,4290.2,,,1738.5,1519.9,2312.9,2829.7,3454.4,,,1278.8,2162.5,2557.6,2046.1,3799.9,,,4222.1,3546.5,4666.5,4222.1,4092.2,,,,,,,,,,,,,,,,,,,,,,,,,,,,,,,,,,,,,,,,,,,,,,,,,,,,,,,,,,,,,,,,,,,,,,,,,,,,,,,,,,,,,,,,,,,,,,,,,,,,,,,,,,,,,,,,,,,,,,,,,,,,,,,,
20260918_別府_5R,20260918,86,別府,5,62.4,46.3,27.2,59.5,157.6,,,96.3,117.7,155.9,251.3,117.5,,,46.3,109.3,69.4,139.2,83.9,,,67.3,214.4,136.4,122.0,230.3,,,80.4,285.8,188.5,134.1,296.9,,,190.4,146.3,137.6,184.3,388.8,,,,,,,,,,,,,,,,,74.2,65.6,29.5,51.7,201.8,,,111.5,255.8,129.6,149.0,263.6,,,135.3,325.0,184.9,209.7,508.9,,,25.8,91.7,104.4,31.2,146.7,,,32.5,71.3,118.8,14.0,137.2,,,445.2,485.2,697.6,305.0,548.1,,,,,,,,,,,,,,,,,87.3,145.2,145.2,318.0,119.8,,,69.3,124.0,82.2,143.3,104.5,,,170.2,173.6,470.3,444.5,166.4,,,262.4,249.4,729.0,867.8,544.0,,,408.4,236.8,412.4,687.7,411.8,,,53.9,60.0,66.4,188.8,243.4,,,,,,,,,,,,,,,,,116.6,229.0,137.0,286.4,154.7,,,170.8,441.8,296.0,415.9,648.0,,,267.7,433.9,900.0,1005.5,467.3,,,401.1,510.7,1319.5,1034.0,803.3,,,552.2,519.8,1356.3,862.7,1422.5,,,233.4,596.3,465.8,371.9,1480.2,,,,,,,,,,,,,,,,,140.5,411.8,323.2,254.2,525.4,,,88.8,273.8,245.4,120.4,407.8,,,471.1,526.3,1362.6,1350.0,1436.5,,,485.2,620.4,1429.4,1230.4,1401.9,,,342.6,181.6,1113.0,922.8,1301.8,,,828.4,940.6,1629.1,1567.8,1834.0,,,,,,,,,,,,,,,,,77.9,293.6,239.0,105.8,286.4,,,33.9,106.7,121.6,11.6,95.9,,,382.1,229.6,694.3,511.6,324.0,,,360.0,307.2,988.5,517.0,1034.0,,,144.2,61.8,621.7,420.7,466.5,,,361.8,324.7,461.4,667.3,477.2,,,,,,,,,,,,,,,,,354.7,182.1,296.9,340.2,692.6,,,500.1,521.6,837.9,433.3,1016.0,,,149.9,264.6,234.9,373.3,591.5,,,403.8,867.8,432.6,975.2,1767.3,,,596.3,709.5,769.4,1139.1,1503.1,,,925.7,1056.5,902.8,1382.0,1190.2,,,,,,,,,,,,,,,,,,,,,,,,,,,,,,,,,,,,,,,,,,,,,,,,,,,,,,,,,,,,,,,,,,,,,,,,,,,,,,,,,,,,,,,,,,,,,,,,,,,,,,,,,,,,,,,,,,,,,,,,,,,,,,,,
20260918_別府_6R,20260918,86,別府,6,135.4,221.4,111.2,383.7,121.2,,,70.2,67.7,22.5,54.1,15.3,,,134.6,75.2,46.7,340.4,55.6,,,48.5,27.8,40.2,119.6,22.6,,,536.2,160.7,613.8,264.2,161.6,,,45.0,9.9,34.2,12.9,67.9,,,,,,,,,,,,,,,,,768.5,813.3,361.9,1157.3,690.6,,,1349.3,2380.6,1251.3,1877.0,2185.1,,,785.0,1865.0,300.6,1023.8,1374.7,,,210.3,642.1,113.1,192.3,585.6,,,1278.6,1865.0,380.7,306.2,2460.6,,,1166.5,2185.1,1673.2,1053.2,2481.4,,,,,,,,,,,,,,,,,549.3,511.0,238.4,541.2,205.0,,,1456.7,2957.7,1663.7,2047.6,2502.7,,,982.6,3217.7,1088.5,3082.2,1978.4,,,451.8,912.2,953.7,1626.7,1104.9,,,1251.3,2686.3,3802.8,2342.5,2218.3,,,363.7,1913.8,1121.9,1126.2,1818.7,,,,,,,,,,,,,,,,,178.6,149.3,67.8,546.2,116.2,,,380.7,884.6,148.8,596.3,687.3,,,690.6,1205.0,573.0,1525.0,969.5,,,42.3,26.0,198.3,232.7,102.2,,,1617.7,1608.8,2269.8,817.9,1541.1,,,205.0,428.0,623.0,151.5,903.7,,,,,,,,,,,,,,,,,70.3,81.8,49.0,201.3,60.8,,,67.2,251.9,32.9,117.5,219.9,,,229.6,480.8,350.2,982.6,627.0,,,23.1,24.4,121.1,134.0,75.7,,,476.1,220.8,956.9,225.0,976.0,,,101.7,234.8,400.5,137.1,616.4,,,,,,,,,,,,,,,,,1541.1,887.3,1877.0,762.5,766.5,,,2201.6,1401.0,2153.0,1200.0,3615.0,,,1517.1,2591.2,2568.5,2323.9,2661.9,,,2380.6,2419.9,3365.7,1278.6,2440.1,,,829.5,963.2,2091.5,979.3,1818.7,,,1104.9,2957.7,2502.7,2121.8,2047.6,,,,,,,,,,,,,,,,,127.3,41.3,93.9,44.9,260.7,,,676.2,1600.0,1038.3,510.1,1509.3,,,244.8,1284.2,920.8,642.1,1220.0,,,176.7,457.5,726.5,151.6,1084.5,,,104.8,196.3,396.7,162.9,628.3,,,743.1,2269.8,1626.7,1600.0,1284.2,,,,,,,,,,,,,,,,,,,,,,,,,,,,,,,,,,,,,,,,,,,,,,,,,,,,,,,,,,,,,,,,,,,,,,,,,,,,,,,,,,,,,,,,,,,,,,,,,,,,,,,,,,,,,,,,,,,,,,,,,,,,,,,,
20260918_別府_7R,20260918,86,別府,7,851.7,579.5,168.0,820.2,173.2,,,1115.4,983.7,705.2,3029.3,1448.8,,,1037.2,1002.1,560.0,2538.8,1066.3,,,86.1,262.6,173.2,362.2,97.2,,,1635.4,4676.8,2866.4,938.6,1228.4,,,193.4,1190.1,718.5,246.6,577.0,,,,,,,,,,,,,,,,,273.6,178.1,62.8,264.9,59.0,,,143.9,111.7,123.1,436.3,130.1,,,246.1,218.8,223.8,557.7,137.4,,,24.7,99.0,100.5,129.3,26.8,,,459.6,768.2,610.0,401.4,116.8,,,14.9,46.6,26.4,9.1,8.4,,,,,,,,,,,,,,,,,827.8,593.7,557.7,3173.6,969.3,,,627.2,259.8,470.9,965.8,275.9,,,273.1,209.9,210.4,962.3,213.9,,,474.3,730.3,618.5,2639.4,1021.3,,,4518.3,2613.5,3136.2,4518.3,2639.4,,,952.0,354.4,502.9,1144.1,972.9,,,,,,,,,,,,,,,,,1211.7,1144.1,740.5,2835.9,1417.9,,,928.8,666.4,622.8,1676.6,483.8,,,600.4,516.6,321.1,1339.6,319.6,,,696.0,900.6,1057.8,2588.1,1523.3,,,5553.8,3029.3,3754.6,4518.3,2962.0,,,1281.6,538.5,1025.3,1381.2,1417.9,,,,,,,,,,,,,,,,,45.1,170.3,115.0,255.8,50.9,,,71.4,332.3,237.1,396.1,68.7,,,363.6,664.7,627.2,2563.2,1005.9,,,361.2,648.6,815.2,2082.6,868.3,,,854.4,1066.3,2929.4,2298.1,868.3,,,108.9,81.3,724.4,465.2,321.9,,,,,,,,,,,,,,,,,2491.4,6058.7,5440.4,1506.1,1974.6,,,1549.9,2278.4,1789.1,1360.1,325.8,,,6502.0,3291.1,3374.4,5440.4,4299.7,,,5227.1,3332.2,4676.8,4676.8,2259.1,,,1360.1,1549.9,5227.1,3064.1,1472.8,,,1101.5,277.9,2491.4,1346.3,1021.3,,,,,,,,,,,,,,,,,71.1,701.5,356.3,147.6,258.3,,,16.8,47.3,30.7,11.8,9.5,,,795.7,216.7,558.8,781.7,694.2,,,687.0,192.4,605.8,738.4,647.0,,,101.6,42.4,432.7,285.1,162.0,,,219.7,49.8,584.6,347.5,215.1,,,,,,,,,,,,,,,,,,,,,,,,,,,,,,,,,,,,,,,,,,,,,,,,,,,,,,,,,,,,,,,,,,,,,,,,,,,,,,,,,,,,,,,,,,,,,,,,,,,,,,,,,,,,,,,,,,,,,,,,,,,,,,,,
20260918_別府_8R,20260918,86,別府,8,110.4,128.8,90.7,234.7,65.5,,,253.9,543.9,440.0,962.8,161.6,,,239.4,363.1,472.3,1222.7,305.6,,,206.5,462.8,394.2,659.5,361.7,,,508.9,1109.7,1297.3,748.8,949.6,,,92.4,90.8,226.6,228.5,549.3,,,,,,,,,,,,,,,,,110.9,105.8,73.8,179.3,58.6,,,102.4,217.9,108.5,250.0,52.7,,,101.7,151.0,37.7,109.9,79.0,,,37.4,47.2,7.4,47.3,20.1,,,122.9,182.4,48.2,88.9,73.5,,,38.5,18.6,46.5,26.8,90.8,,,,,,,,,,,,,,,,,387.0,1001.2,520.4,1409.8,217.7,,,287.2,525.3,318.3,680.6,142.3,,,1109.7,1424.4,1402.7,2819.7,969.6,,,755.0,473.9,800.9,1328.5,406.9,,,2062.2,1424.4,2558.7,1552.4,1066.9,,,117.5,105.7,293.6,186.3,376.4,,,,,,,,,,,,,,,,,558.2,1228.1,717.7,1973.8,979.9,,,294.2,557.1,122.2,406.9,258.5,,,1439.2,1285.3,1748.9,2971.3,1206.7,,,774.0,160.3,1261.8,794.0,677.3,,,2763.3,677.3,3588.8,1552.4,2908.8,,,1058.7,448.6,850.2,746.8,2302.8,,,,,,,,,,,,,,,,,244.7,579.3,463.6,808.0,437.2,,,72.7,85.7,19.1,77.1,34.0,,,595.5,303.0,626.6,1244.7,390.8,,,389.7,86.9,519.4,406.9,278.5,,,725.3,240.9,1046.7,416.1,442.1,,,256.1,69.3,183.6,178.6,336.1,,,,,,,,,,,,,,,,,1066.9,1695.3,1867.1,956.1,1439.2,,,568.6,591.7,357.9,235.1,338.6,,,2265.0,1297.3,1727.1,1477.7,1239.1,,,2445.4,847.6,2971.3,1233.6,2228.5,,,880.0,375.9,1297.3,696.0,677.3,,,1303.4,594.2,776.2,1543.7,614.0,,,,,,,,,,,,,,,,,144.7,126.9,463.6,286.9,721.5,,,67.7,34.8,81.0,50.3,166.3,,,64.8,42.8,167.3,91.0,232.4,,,731.0,248.0,499.7,485.6,1309.6,,,284.5,74.2,154.3,217.0,385.9,,,997.6,437.2,514.5,1031.1,502.4,,,,,,,,,,,,,,,,,,,,,,,,,,,,,,,,,,,,,,,,,,,,,,,,,,,,,,,,,,,,,,,,,,,,,,,,,,,,,,,,,,,,,,,,,,,,,,,,,,,,,,,,,,,,,,,,,,,,,,,,,,,,,,,,
20260918_別府_9R,20260918,86,別府,9,420.0,521.0,646.6,739.6,621.4,,,225.4,60.2,116.5,337.7,291.0,,,430.7,123.3,469.4,787.6,422.9,,,517.5,182.4,395.8,727.2,605.3,,,1090.8,968.8,1102.7,1596.0,1956.4,,,621.4,504.5,520.1,672.4,1613.0,,,,,,,,,,,,,,,,,364.9,444.0,487.5,565.7,367.5,,,156.5,66.2,126.1,142.2,69.2,,,226.4,56.1,142.4,131.1,60.8,,,350.1,139.6,188.2,113.4,92.0,,,408.1,135.3,152.9,140.7,76.7,,,124.3,33.5,40.9,51.1,32.3,,,,,,,,,,,,,,,,,104.8,25.3,51.3,192.1,153.7,,,140.0,71.1,149.6,195.6,129.1,,,13.9,28.3,41.7,109.6,44.5,,,106.8,218.0,87.1,316.8,298.4,,,497.1,467.9,324.6,615.1,686.1,,,137.9,135.3,71.9,172.5,433.2,,,,,,,,,,,,,,,,,299.0,105.0,314.5,849.4,287.9,,,206.5,64.2,180.6,233.6,92.4,,,17.0,25.1,57.0,156.5,30.2,,,417.7,349.7,151.4,689.2,371.1,,,1295.9,840.0,612.6,1064.0,1038.5,,,93.1,104.5,39.0,176.7,295.5,,,,,,,,,,,,,,,,,798.0,272.2,618.8,1123.1,987.8,,,497.1,287.1,385.3,312.3,289.9,,,162.1,319.2,155.3,395.3,342.2,,,480.5,402.1,140.5,879.0,396.9,,,1531.5,573.2,606.5,1056.6,748.7,,,771.6,283.9,322.6,449.2,550.3,,,,,,,,,,,,,,,,,1290.4,2120.6,1531.5,3126.3,3260.8,,,968.8,521.0,537.6,615.1,309.4,,,1555.1,1045.7,1123.1,2021.7,1630.4,,,1465.0,991.0,1324.2,2637.0,2166.1,,,2756.8,997.5,1359.8,2246.3,1430.4,,,2091.4,451.9,1295.9,1723.0,1017.6,,,,,,,,,,,,,,,,,507.1,350.1,340.7,571.1,1064.0,,,155.1,65.8,84.3,106.9,39.1,,,133.4,107.0,68.6,146.2,332.5,,,126.5,101.6,53.3,243.3,472.3,,,605.3,252.5,282.0,374.8,384.3,,,1284.9,225.3,577.6,935.9,662.1,,,,,,,,,,,,,,,,,,,,,,,,,,,,,,,,,,,,,,,,,,,,,,,,,,,,,,,,,,,,,,,,,,,,,,,,,,,,,,,,,,,,,,,,,,,,,,,,,,,,,,,,,,,,,,,,,,,,,,,,,,,,,,,,
20260918_別府_10R,20260918,86,別府,10,331.3,514.5,194.9,336.0,487.1,,,279.1,60.0,135.0,127.5,121.4,,,650.8,125.2,350.3,279.8,342.7,,,162.7,129.2,209.2,130.2,275.8,,,164.9,46.9,61.1,62.3,89.7,,,559.1,120.2,247.8,369.6,241.8,,,,,,,,,,,,,,,,,294.3,485.7,185.6,451.7,444.4,,,154.5,48.0,51.8,359.1,59.3,,,420.6,125.0,223.7,853.2,271.5,,,76.8,29.8,58.5,167.2,58.0,,,746.8,714.4,1108.8,502.8,1159.6,,,442.6,139.6,211.2,202.5,940.9,,,,,,,,,,,,,,,,,345.5,84.3,207.6,274.4,122.6,,,280.5,104.6,139.4,602.0,115.3,,,39.6,67.6,36.7,154.8,11.8,,,223.8,123.3,79.1,423.8,88.9,,,581.8,1206.3,495.9,960.1,532.0,,,58.2,66.3,10.8,37.5,198.5,,,,,,,,,,,,,,,,,912.3,212.6,564.9,557.2,532.0,,,811.1,283.4,495.2,1591.0,469.8,,,82.9,144.2,82.4,231.4,26.7,,,548.9,405.0,217.5,871.2,457.4,,,1010.2,2181.0,842.3,1591.0,1591.0,,,410.1,441.4,62.8,355.2,922.5,,,,,,,,,,,,,,,,,176.9,279.5,470.4,337.0,442.6,,,111.4,53.9,100.5,219.7,99.2,,,259.1,82.3,89.9,438.5,116.5,,,684.7,266.6,232.4,907.2,469.8,,,786.0,512.1,819.2,885.3,1238.1,,,543.4,199.6,191.9,359.1,1094.1,,,,,,,,,,,,,,,,,501.2,215.2,281.0,316.0,411.1,,,848.8,1076.2,1937.3,897.3,2152.5,,,641.9,1715.3,623.7,1503.8,917.3,,,1360.9,2814.8,1271.5,1598.7,1770.6,,,776.7,1197.6,1296.6,1517.7,1819.5,,,1296.6,2613.8,1606.5,1892.7,2166.7,,,,,,,,,,,,,,,,,735.1,162.0,302.4,451.7,356.0,,,583.9,207.5,395.3,213.4,1219.7,,,113.9,138.6,15.2,61.6,262.6,,,351.1,469.1,48.2,300.7,821.3,,,437.9,226.0,133.7,283.9,842.3,,,894.9,1871.2,760.6,1413.4,1233.4,,,,,,,,,,,,,,,,,,,,,,,,,,,,,,,,,,,,,,,,,,,,,,,,,,,,,,,,,,,,,,,,,,,,,,,,,,,,,,,,,,,,,,,,,,,,,,,,,,,,,,,,,,,,,,,,,,,,,,,,,,,,,,,,
20260918_別府_11R,20260918,86,別府,11,1780.4,1703.7,2638.6,1383.1,1309.2,,,1429.2,469.0,1071.9,327.3,404.8,,,1368.4,501.9,1309.2,474.2,395.8,,,3598.2,1831.1,1818.1,1299.3,1994.3,,,779.6,179.6,284.7,581.4,189.9,,,712.6,341.6,333.4,1148.5,228.3,,,,,,,,,,,,,,,,,2404.4,2450.2,3548.5,2246.9,1405.8,,,1949.0,718.6,1554.5,1482.8,422.7,,,2349.5,879.5,1643.9,2117.4,396.4,,,3009.0,2286.8,1963.9,3839.8,1453.5,,,2450.2,2017.8,2473.7,3341.1,1786.6,,,997.1,321.7,447.8,792.8,904.2,,,,,,,,,,,,,,,,,541.0,159.5,373.6,131.9,158.5,,,648.0,237.0,442.8,441.6,174.6,,,71.1,82.7,29.5,33.3,14.7,,,389.8,324.6,69.2,107.1,99.3,,,160.5,274.8,68.7,140.3,62.2,,,66.9,46.7,15.2,55.9,37.3,,,,,,,,,,,,,,,,,750.0,227.3,574.2,216.1,205.1,,,838.0,334.9,672.6,722.6,269.5,,,82.6,120.7,40.4,39.2,19.7,,,498.1,423.1,78.4,157.5,126.2,,,303.2,508.9,84.0,174.8,122.3,,,103.6,86.2,24.4,103.7,98.7,,,,,,,,,,,,,,,,,3062.7,2058.1,1768.1,1453.5,2450.2,,,2679.9,1919.9,1563.9,3044.6,1421.3,,,1027.0,1326.1,232.2,534.3,360.8,,,1296.0,1161.4,239.7,470.3,411.6,,,1513.3,2509.9,912.3,764.5,1276.7,,,1831.1,965.3,470.7,649.6,1029.0,,,,,,,,,,,,,,,,,635.2,252.8,357.5,552.0,267.9,,,1148.5,1022.9,1346.9,1979.0,1033.2,,,268.9,618.4,136.9,319.5,143.9,,,447.4,876.5,172.0,336.0,215.4,,,1039.4,1805.4,729.8,621.4,956.4,,,300.0,614.0,161.6,203.7,487.2,,,,,,,,,,,,,,,,,213.2,101.4,129.9,453.7,62.5,,,163.0,51.4,73.6,151.8,132.9,,,56.0,39.5,14.9,58.4,36.0,,,77.5,60.1,19.8,100.9,75.1,,,677.0,345.0,163.1,222.8,383.1,,,108.9,211.0,69.6,102.3,260.0,,,,,,,,,,,,,,,,,,,,,,,,,,,,,,,,,,,,,,,,,,,,,,,,,,,,,,,,,,,,,,,,,,,,,,,,,,,,,,,,,,,,,,,,,,,,,,,,,,,,,,,,,,,,,,,,,,,,,,,,,,,,,,,,
20260918_別府_12R,20260918,86,別府,12,248.2,88.0,83.8,392.3,85.6,,,347.5,290.4,604.1,1343.1,219.1,,,47.7,180.2,74.3,195.2,47.1,,,76.3,433.7,143.5,299.2,169.6,,,442.5,1282.0,440.5,401.9,769.6,,,88.3,174.1,77.2,176.4,503.0,,,,,,,,,,,,,,,,,299.4,127.4,61.6,405.0,96.3,,,574.5,1121.6,203.8,1402.4,350.3,,,168.4,607.4,125.0,703.2,216.6,,,18.0,50.9,39.5,77.4,14.6,,,419.1,1202.3,816.8,193.3,491.9,,,107.7,207.7,189.2,55.3,365.0,,,,,,,,,,,,,,,,,480.9,940.7,558.2,2028.6,345.9,,,679.9,1877.9,515.9,2298.1,468.1,,,1656.9,2093.2,2147.9,3275.4,1280.3,,,638.5,399.1,1711.6,1795.8,415.1,,,2969.5,2942.9,3411.4,2816.8,2235.6,,,204.3,156.3,571.2,220.9,955.3,,,,,,,,,,,,,,,,,31.4,178.1,63.4,169.3,33.0,,,84.8,411.4,118.1,481.8,105.0,,,678.9,811.4,1328.7,2120.2,437.4,,,129.8,70.4,657.2,476.9,177.6,,,411.1,533.7,1795.8,607.0,653.7,,,82.5,110.1,336.2,265.2,675.2,,,,,,,,,,,,,,,,,68.1,466.3,166.5,360.8,157.0,,,13.8,33.5,26.7,40.2,10.0,,,708.2,189.2,890.6,1195.0,331.6,,,148.8,65.6,655.9,464.3,188.9,,,247.7,57.9,562.0,395.1,220.4,,,140.9,35.5,287.7,208.7,281.0,,,,,,,,,,,,,,,,,520.5,1595.3,646.0,600.7,730.2,,,505.8,981.9,763.0,228.9,451.8,,,2547.5,2133.9,2483.3,2369.9,1676.7,,,640.1,823.6,1688.1,791.8,1037.7,,,383.6,121.9,763.6,492.2,360.3,,,877.9,523.3,1309.3,1133.2,665.2,,,,,,,,,,,,,,,,,125.5,268.9,134.2,257.2,676.2,,,126.7,212.3,218.4,100.3,376.1,,,171.4,119.2,380.6,190.8,753.1,,,163.8,226.2,478.8,568.8,1017.4,,,283.0,107.5,309.8,430.1,550.1,,,1021.6,620.0,1259.1,1386.6,715.4,,,,,,,,,,,,,,,,,,,,,,,,,,,,,,,,,,,,,,,,,,,,,,,,,,,,,,,,,,,,,,,,,,,,,,,,,,,,,,,,,,,,,,,,,,,,,,,,,,,,,,,,,,,,,,,,,,,,,,,,,,,,,,,,
