race_key,date,jo_code,jo_name,race_no,1-2-3,1-2-4,1-2-5,1-2-6,1-2-7,1-2-8,1-2-9,1-3-2,1-3-4,1-3-5,1-3-6,1-3-7,1-3-8,1-3-9,1-4-2,1-4-3,1-4-5,1-4-6,1-4-7,1-4-8,1-4-9,1-5-2,1-5-3,1-5-4,1-5-6,1-5-7,1-5-8,1-5-9,1-6-2,1-6-3,1-6-4,1-6-5,1-6-7,1-6-8,1-6-9,1-7-2,1-7-3,1-7-4,1-7-5,1-7-6,1-7-8,1-7-9,1-8-2,1-8-3,1-8-4,1-8-5,1-8-6,1-8-7,1-8-9,1-9-2,1-9-3,1-9-4,1-9-5,1-9-6,1-9-7,1-9-8,2-1-3,2-1-4,2-1-5,2-1-6,2-1-7,2-1-8,2-1-9,2-3-1,2-3-4,2-3-5,2-3-6,2-3-7,2-3-8,2-3-9,2-4-1,2-4-3,2-4-5,2-4-6,2-4-7,2-4-8,2-4-9,2-5-1,2-5-3,2-5-4,2-5-6,2-5-7,2-5-8,2-5-9,2-6-1,2-6-3,2-6-4,2-6-5,2-6-7,2-6-8,2-6-9,2-7-1,2-7-3,2-7-4,2-7-5,2-7-6,2-7-8,2-7-9,2-8-1,2-8-3,2-8-4,2-8-5,2-8-6,2-8-7,2-8-9,2-9-1,2-9-3,2-9-4,2-9-5,2-9-6,2-9-7,2-9-8,3-1-2,3-1-4,3-1-5,3-1-6,3-1-7,3-1-8,3-1-9,3-2-1,3-2-4,3-2-5,3-2-6,3-2-7,3-2-8,3-2-9,3-4-1,3-4-2,3-4-5,3-4-6,3-4-7,3-4-8,3-4-9,3-5-1,3-5-2,3-5-4,3-5-6,3-5-7,3-5-8,3-5-9,3-6-1,3-6-2,3-6-4,3-6-5,3-6-7,3-6-8,3-6-9,3-7-1,3-7-2,3-7-4,3-7-5,3-7-6,3-7-8,3-7-9,3-8-1,3-8-2,3-8-4,3-8-5,3-8-6,3-8-7,3-8-9,3-9-1,3-9-2,3-9-4,3-9-5,3-9-6,3-9-7,3-9-8,4-1-2,4-1-3,4-1-5,4-1-6,4-1-7,4-1-8,4-1-9,4-2-1,4-2-3,4-2-5,4-2-6,4-2-7,4-2-8,4-2-9,4-3-1,4-3-2,4-3-5,4-3-6,4-3-7,4-3-8,4-3-9,4-5-1,4-5-2,4-5-3,4-5-6,4-5-7,4-5-8,4-5-9,4-6-1,4-6-2,4-6-3,4-6-5,4-6-7,4-6-8,4-6-9,4-7-1,4-7-2,4-7-3,4-7-5,4-7-6,4-7-8,4-7-9,4-8-1,4-8-2,4-8-3,4-8-5,4-8-6,4-8-7,4-8-9,4-9-1,4-9-2,4-9-3,4-9-5,4-9-6,4-9-7,4-9-8,5-1-2,5-1-3,5-1-4,5-1-6,5-1-7,5-1-8,5-1-9,5-2-1,5-2-3,5-2-4,5-2-6,5-2-7,5-2-8,5-2-9,5-3-1,5-3-2,5-3-4,5-3-6,5-3-7,5-3-8,5-3-9,5-4-1,5-4-2,5-4-3,5-4-6,5-4-7,5-4-8,5-4-9,5-6-1,5-6-2,5-6-3,5-6-4,5-6-7,5-6-8,5-6-9,5-7-1,5-7-2,5-7-3,5-7-4,5-7-6,5-7-8,5-7-9,5-8-1,5-8-2,5-8-3,5-8-4,5-8-6,5-8-7,5-8-9,5-9-1,5-9-2,5-9-3,5-9-4,5-9-6,5-9-7,5-9-8,6-1-2,6-1-3,6-1-4,6-1-5,6-1-7,6-1-8,6-1-9,6-2-1,6-2-3,6-2-4,6-2-5,6-2-7,6-2-8,6-2-9,6-3-1,6-3-2,6-3-4,6-3-5,6-3-7,6-3-8,6-3-9,6-4-1,6-4-2,6-4-3,6-4-5,6-4-7,6-4-8,6-4-9,6-5-1,6-5-2,6-5-3,6-5-4,6-5-7,6-5-8,6-5-9,6-7-1,6-7-2,6-7-3,6-7-4,6-7-5,6-7-8,6-7-9,6-8-1,6-8-2,6-8-3,6-8-4,6-8-5,6-8-7,6-8-9,6-9-1,6-9-2,6-9-3,6-9-4,6-9-5,6-9-7,6-9-8,7-1-2,7-1-3,7-1-4,7-1-5,7-1-6,7-1-8,7-1-9,7-2-1,7-2-3,7-2-4,7-2-5,7-2-6,7-2-8,7-2-9,7-3-1,7-3-2,7-3-4,7-3-5,7-3-6,7-3-8,7-3-9,7-4-1,7-4-2,7-4-3,7-4-5,7-4-6,7-4-8,7-4-9,7-5-1,7-5-2,7-5-3,7-5-4,7-5-6,7-5-8,7-5-9,7-6-1,7-6-2,7-6-3,7-6-4,7-6-5,7-6-8,7-6-9,7-8-1,7-8-2,7-8-3,7-8-4,7-8-5,7-8-6,7-8-9,7-9-1,7-9-2,7-9-3,7-9-4,7-9-5,7-9-6,7-9-8,8-1-2,8-1-3,8-1-4,8-1-5,8-1-6,8-1-7,8-1-9,8-2-1,8-2-3,8-2-4,8-2-5,8-2-6,8-2-7,8-2-9,8-3-1,8-3-2,8-3-4,8-3-5,8-3-6,8-3-7,8-3-9,8-4-1,8-4-2,8-4-3,8-4-5,8-4-6,8-4-7,8-4-9,8-5-1,8-5-2,8-5-3,8-5-4,8-5-6,8-5-7,8-5-9,8-6-1,8-6-2,8-6-3,8-6-4,8-6-5,8-6-7,8-6-9,8-7-1,8-7-2,8-7-3,8-7-4,8-7-5,8-7-6,8-7-9,8-9-1,8-9-2,8-9-3,8-9-4,8-9-5,8-9-6,8-9-7,9-1-2,9-1-3,9-1-4,9-1-5,9-1-6,9-1-7,9-1-8,9-2-1,9-2-3,9-2-4,9-2-5,9-2-6,9-2-7,9-2-8,9-3-1,9-3-2,9-3-4,9-3-5,9-3-6,9-3-7,9-3-8,9-4-1,9-4-2,9-4-3,9-4-5,9-4-6,9-4-7,9-4-8,9-5-1,9-5-2,9-5-3,9-5-4,9-5-6,9-5-7,9-5-8,9-6-1,9-6-2,9-6-3,9-6-4,9-6-5,9-6-7,9-6-8,9-7-1,9-7-2,9-7-3,9-7-4,9-7-5,9-7-6,9-7-8,9-8-1,9-8-2,9-8-3,9-8-4,9-8-5,9-8-6,9-8-7
20260928_青森_1R,20260928,12,青森,1,70.4,55.3,62.4,138.4,,,,119.6,51.4,104.9,228.2,,,,16.5,4.6,17.2,58.0,,,,65.6,62.0,52.7,113.7,,,,231.8,234.1,205.4,228.2,,,,,,,,,,,,,,,,,,,,,,,,,178.4,88.7,130.2,341.2,,,,379.2,257.6,354.2,842.9,,,,68.8,107.8,87.1,272.4,,,,136.7,166.6,80.0,192.7,,,,773.0,975.0,579.4,478.3,,,,,,,,,,,,,,,,,,,,,,,,,515.3,143.6,266.2,1048.1,,,,608.3,470.3,611.0,1617.6,,,,98.0,302.8,236.5,664.7,,,,348.5,740.3,493.5,1151.6,,,,1749.0,2521.2,1599.1,1782.5,,,,,,,,,,,,,,,,,,,,,,,,,13.3,4.1,20.9,81.9,,,,39.9,74.4,74.1,260.3,,,,22.2,69.1,82.6,280.9,,,,60.2,105.7,95.2,282.1,,,,367.2,592.9,467.2,587.9,,,,,,,,,,,,,,,,,,,,,,,,,199.4,197.9,148.8,387.0,,,,234.7,298.9,163.4,335.9,,,,308.2,545.5,412.1,911.5,,,,125.7,168.1,159.0,399.2,,,,825.5,595.4,971.7,615.0,,,,,,,,,,,,,,,,,,,,,,,,,926.6,978.5,630.3,958.4,,,,1249.3,1097.4,699.6,811.1,,,,1546.1,1727.4,1060.0,1706.4,,,,663.1,708.4,764.6,882.8,,,,948.6,697.8,1175.8,770.9,,,,,,,,,,,,,,,,,,,,,,,,,,,,,,,,,,,,,,,,,,,,,,,,,,,,,,,,,,,,,,,,,,,,,,,,,,,,,,,,,,,,,,,,,,,,,,,,,,,,,,,,,,,,,,,,,,,,,,,,,,,,,,,,,,,,,,,,,,,,,,,,,,,,,,,,,,,,,,,,,,,,,,,,,,,,,,,,,,,,,,,,,,,,,,,,
20260928_青森_2R,20260928,12,青森,2,13.4,29.6,10.7,40.3,,,,21.2,29.5,18.9,65.7,,,,63.6,56.5,59.4,128.4,,,,3.8,7.4,13.8,18.4,,,,26.7,48.7,54.8,49.6,,,,,,,,,,,,,,,,,,,,,,,,,128.7,241.1,100.9,323.7,,,,500.1,899.4,995.7,1742.6,,,,756.1,1538.3,1828.3,1628.1,,,,285.9,779.9,1173.9,1042.3,,,,796.6,1742.6,1604.7,1538.3,,,,,,,,,,,,,,,,,,,,,,,,,140.1,146.7,114.0,248.6,,,,450.6,941.1,838.5,1640.1,,,,392.7,864.5,961.4,1239.1,,,,304.7,991.3,1023.1,1260.1,,,,1004.7,1770.2,2165.5,1843.4,,,,,,,,,,,,,,,,,,,,,,,,,360.3,287.8,260.5,626.5,,,,758.6,1439.0,2230.5,1906.4,,,,412.3,1067.2,1173.9,1652.2,,,,518.7,1702.7,1616.3,2230.5,,,,1677.1,2104.2,2934.9,3329.1,,,,,,,,,,,,,,,,,,,,,,,,,26.1,30.1,40.9,56.2,,,,164.4,445.2,933.2,841.7,,,,147.7,501.2,758.6,1126.5,,,,221.9,1246.1,1047.2,1477.1,,,,275.7,717.2,1205.7,1343.7,,,,,,,,,,,,,,,,,,,,,,,,,266.4,465.6,542.7,290.0,,,,644.6,1289.3,1327.7,1507.1,,,,1527.7,2253.0,2655.4,3186.5,,,,1874.4,2144.7,2896.8,3845.7,,,,617.8,1281.9,1922.8,2424.5,,,,,,,,,,,,,,,,,,,,,,,,,,,,,,,,,,,,,,,,,,,,,,,,,,,,,,,,,,,,,,,,,,,,,,,,,,,,,,,,,,,,,,,,,,,,,,,,,,,,,,,,,,,,,,,,,,,,,,,,,,,,,,,,,,,,,,,,,,,,,,,,,,,,,,,,,,,,,,,,,,,,,,,,,,,,,,,,,,,,,,,,,,,,,,,,
20260928_青森_3R,20260928,12,青森,3,453.4,641.2,939.8,523.9,571.3,,,378.2,799.5,170.1,254.6,123.7,,,864.0,1269.3,1879.7,1183.8,1323.9,,,1510.7,488.5,2218.4,864.0,669.1,,,371.4,181.3,618.7,390.8,213.2,,,403.6,167.8,634.6,385.9,211.9,,,,,,,,,,,,,,,,,262.8,275.7,531.8,357.9,308.9,,,178.3,67.2,84.1,478.1,68.0,,,73.4,49.9,142.5,179.7,56.0,,,615.6,235.6,373.1,1256.3,323.5,,,665.5,861.0,746.2,1620.0,892.2,,,145.5,96.7,60.6,183.0,243.0,,,,,,,,,,,,,,,,,242.6,466.3,71.0,154.3,51.9,,,118.0,39.9,32.4,329.2,29.0,,,407.6,117.6,148.7,576.6,136.5,,,50.4,35.5,70.6,141.2,9.7,,,350.2,701.5,1066.0,294.2,274.8,,,29.8,13.7,37.3,5.9,93.7,,,,,,,,,,,,,,,,,547.2,1094.4,1734.1,1043.4,1399.1,,,161.2,112.9,286.0,340.1,164.6,,,654.9,192.5,396.5,939.8,361.5,,,1908.9,915.4,876.3,2238.6,1013.3,,,1784.4,1231.2,2345.2,3117.0,2897.0,,,820.8,336.4,485.6,774.3,1578.5,,,,,,,,,,,,,,,,,1399.1,460.2,2390.7,1119.3,599.1,,,1075.3,404.3,660.1,2592.0,568.7,,,198.9,231.0,415.9,546.0,44.0,,,2198.6,1114.2,973.3,3283.3,1501.5,,,1865.5,3788.4,1415.2,4646.1,1954.3,,,399.1,413.1,97.6,781.7,1056.8,,,,,,,,,,,,,,,,,568.7,301.0,882.6,644.6,331.8,,,1124.4,1599.0,1237.4,3283.3,2141.2,,,726.3,2238.6,2706.0,969.4,898.7,,,2462.4,1758.9,3788.4,4646.1,4924.9,,,1758.9,4646.1,1797.4,4560.1,2706.0,,,776.8,2238.6,1213.0,3517.8,2323.0,,,,,,,,,,,,,,,,,273.9,133.1,310.9,247.4,150.4,,,182.9,89.6,71.3,146.7,341.5,,,55.9,37.0,84.2,16.2,228.8,,,395.8,176.0,264.2,419.5,918.8,,,250.7,189.7,56.4,391.4,755.3,,,406.3,912.0,658.4,1195.3,1140.0,,,,,,,,,,,,,,,,,,,,,,,,,,,,,,,,,,,,,,,,,,,,,,,,,,,,,,,,,,,,,,,,,,,,,,,,,,,,,,,,,,,,,,,,,,,,,,,,,,,,,,,,,,,,,,,,,,,,,,,,,,,,,,,,
20260928_青森_4R,20260928,12,青森,4,46.2,200.6,68.9,83.9,99.2,,,46.3,42.4,56.2,98.4,31.3,,,385.2,229.7,635.9,635.9,586.2,,,40.5,28.9,181.6,93.2,38.6,,,173.1,166.5,479.3,226.0,313.6,,,114.5,39.6,228.5,68.1,307.9,,,,,,,,,,,,,,,,,114.5,280.8,269.8,166.7,178.3,,,153.4,184.7,600.0,237.2,138.7,,,930.7,779.8,2684.4,1262.4,1448.9,,,495.1,1159.1,2339.6,1624.3,1220.1,,,422.9,512.0,765.8,1128.4,873.3,,,562.9,406.7,958.7,1089.8,1164.4,,,,,,,,,,,,,,,,,74.1,42.2,89.3,168.1,31.9,,,170.6,121.9,548.4,404.7,77.9,,,69.2,83.5,375.5,175.8,24.5,,,167.5,498.0,415.3,820.0,146.4,,,796.9,796.9,558.0,2023.9,479.3,,,12.0,26.2,7.1,52.8,119.0,,,,,,,,,,,,,,,,,1723.1,992.2,2500.1,2629.0,1545.5,,,1500.1,1244.0,5000.3,2217.5,2500.1,,,558.0,544.9,2040.1,958.7,209.8,,,2629.0,5543.9,3643.1,5930.7,2771.9,,,4811.7,3228.1,3000.2,6375.5,5425.9,,,1555.0,2023.9,370.6,2452.1,3446.2,,,,,,,,,,,,,,,,,111.3,86.8,361.2,316.0,79.8,,,437.4,1028.3,1992.3,1808.6,1076.0,,,251.0,710.3,672.8,1614.0,295.5,,,1457.2,3311.9,2217.5,4553.9,2428.7,,,1342.2,2684.4,3541.9,4396.9,3035.9,,,157.7,486.6,256.0,988.4,1371.0,,,,,,,,,,,,,,,,,737.0,1094.5,2023.9,1349.3,1834.6,,,665.8,794.4,1143.5,1875.1,1508.9,,,1268.7,955.1,962.3,3000.2,1138.4,,,3695.9,2297.4,2405.8,5795.9,4636.7,,,1821.5,3311.9,4396.9,5312.9,3863.9,,,2405.8,2056.6,1342.2,3110.0,3269.4,,,,,,,,,,,,,,,,,126.7,48.9,159.1,91.7,377.8,,,371.7,254.2,678.2,702.5,1024.1,,,19.6,56.7,10.2,69.6,146.5,,,523.6,891.6,179.2,1053.8,1393.5,,,113.1,409.3,172.8,642.3,1020.0,,,1517.9,1834.6,958.7,1723.1,2008.0,,,,,,,,,,,,,,,,,,,,,,,,,,,,,,,,,,,,,,,,,,,,,,,,,,,,,,,,,,,,,,,,,,,,,,,,,,,,,,,,,,,,,,,,,,,,,,,,,,,,,,,,,,,,,,,,,,,,,,,,,,,,,,,,
20260928_青森_5R,20260928,12,青森,5,132.2,290.3,104.3,140.3,117.5,,,148.5,135.5,229.3,203.5,189.5,,,336.0,191.2,551.3,365.8,377.6,,,250.9,339.4,594.6,379.4,394.7,,,171.8,149.1,259.8,239.6,82.3,,,55.4,77.9,149.2,76.4,47.5,,,,,,,,,,,,,,,,,75.5,142.6,57.4,115.4,155.8,,,50.2,35.7,27.0,217.0,138.9,,,147.3,70.8,97.2,479.3,377.6,,,20.8,15.2,38.4,79.8,102.6,,,310.2,521.9,1174.4,392.7,1327.0,,,326.6,381.3,603.8,322.6,838.8,,,,,,,,,,,,,,,,,93.6,63.4,107.9,159.7,127.2,,,60.3,26.3,24.1,233.9,119.9,,,22.8,15.5,25.7,127.3,57.4,,,101.5,58.0,62.7,412.0,242.9,,,407.0,640.0,467.8,896.5,1092.4,,,141.3,215.4,120.8,272.8,605.3,,,,,,,,,,,,,,,,,358.6,167.8,561.9,501.8,392.7,,,291.4,110.2,209.7,847.9,750.4,,,44.9,44.7,75.3,253.1,166.9,,,611.6,334.5,243.1,1576.4,1349.9,,,1008.0,1702.0,1021.2,2639.1,3050.4,,,634.8,1283.5,416.4,1365.6,2348.8,,,,,,,,,,,,,,,,,254.7,430.9,490.3,705.3,667.2,,,73.9,52.6,97.5,260.1,230.0,,,279.9,107.4,182.7,873.1,623.0,,,699.0,226.7,216.6,1486.6,1304.9,,,1423.5,1053.2,1879.0,2174.8,2421.4,,,851.0,748.0,917.5,1319.5,2195.1,,,,,,,,,,,,,,,,,279.6,256.9,365.2,402.8,207.4,,,506.2,860.3,1535.1,804.4,2498.7,,,561.9,932.0,793.5,1414.9,2553.0,,,1129.2,1879.0,1192.3,3090.5,3454.1,,,1087.4,1515.3,1820.8,2864.4,2796.2,,,581.3,2472.4,2116.0,3090.5,2302.7,,,,,,,,,,,,,,,,,93.4,88.8,147.1,151.9,103.3,,,353.7,416.4,657.9,575.6,1186.2,,,139.1,214.8,183.7,414.2,767.5,,,537.4,917.5,444.8,1398.1,1714.4,,,629.7,943.3,750.4,1565.9,1849.4,,,456.0,2237.0,1608.8,2372.5,1864.1,,,,,,,,,,,,,,,,,,,,,,,,,,,,,,,,,,,,,,,,,,,,,,,,,,,,,,,,,,,,,,,,,,,,,,,,,,,,,,,,,,,,,,,,,,,,,,,,,,,,,,,,,,,,,,,,,,,,,,,,,,,,,,,,
20260928_青森_6R,20260928,12,青森,6,1846.0,1141.6,919.7,2455.6,967.6,,,2924.7,2243.9,1522.2,2065.8,2082.3,,,1549.4,1957.1,1616.7,3213.5,1957.1,,,791.1,810.9,913.3,1282.2,105.7,,,3062.3,2169.1,2957.9,2283.3,2602.9,,,793.5,1121.9,1172.5,118.9,1495.9,,,,,,,,,,,,,,,,,788.7,337.1,338.9,1334.8,314.3,,,784.0,341.1,477.6,443.4,492.0,,,112.9,70.8,42.5,136.4,51.7,,,145.4,190.5,92.8,490.2,75.7,,,1071.1,430.2,366.6,382.7,451.1,,,186.8,158.9,74.5,49.3,255.9,,,,,,,,,,,,,,,,,2366.3,1859.2,1146.6,1205.0,1314.6,,,1462.3,591.5,747.9,544.5,754.4,,,1487.4,660.6,949.9,603.9,793.5,,,633.3,774.7,676.1,403.5,338.0,,,453.4,344.7,292.4,203.2,184.0,,,683.2,572.0,527.9,266.9,279.5,,,,,,,,,,,,,,,,,870.5,1679.3,1121.9,2116.2,1177.8,,,224.9,160.3,121.9,225.9,129.8,,,1263.5,514.4,756.6,727.0,784.0,,,482.9,322.9,579.7,956.9,392.0,,,1735.3,598.3,627.2,913.3,845.1,,,494.8,195.7,389.6,248.1,512.4,,,,,,,,,,,,,,,,,178.9,259.0,224.3,459.0,45.4,,,171.8,369.7,196.6,664.0,97.1,,,376.6,521.6,519.5,482.0,170.0,,,360.5,286.3,483.8,856.2,170.6,,,486.5,821.1,371.3,864.7,201.9,,,8.9,31.0,32.3,39.7,70.5,,,,,,,,,,,,,,,,,1758.7,926.3,1987.0,1377.2,1257.4,,,1117.1,299.8,311.3,326.1,448.0,,,109.0,226.5,145.1,50.9,67.9,,,1295.0,439.6,320.5,750.1,598.3,,,266.4,381.6,144.1,505.4,113.4,,,552.6,360.5,160.4,426.7,97.4,,,,,,,,,,,,,,,,,240.5,356.0,280.1,54.7,524.7,,,201.0,165.1,65.4,52.9,238.3,,,257.9,204.3,217.4,73.0,134.3,,,179.0,72.3,151.6,78.8,271.4,,,5.9,21.9,16.3,22.7,51.6,,,375.0,261.8,106.7,282.0,88.5,,,,,,,,,,,,,,,,,,,,,,,,,,,,,,,,,,,,,,,,,,,,,,,,,,,,,,,,,,,,,,,,,,,,,,,,,,,,,,,,,,,,,,,,,,,,,,,,,,,,,,,,,,,,,,,,,,,,,,,,,,,,,,,,
20260928_青森_7R,20260928,12,青森,7,839.3,1112.1,1558.7,1696.2,2333.6,,,424.0,83.1,493.5,738.0,348.6,,,1913.3,435.0,1747.6,2539.0,858.9,,,1740.1,895.1,1223.3,2883.6,2746.3,,,1447.0,1246.0,2255.3,2784.2,2691.4,,,2555.1,958.9,1118.3,2883.6,2784.2,,,,,,,,,,,,,,,,,666.1,1022.0,1027.2,1249.8,2158.8,,,382.6,124.4,152.8,274.8,342.7,,,941.0,281.1,493.5,666.1,384.4,,,511.0,122.7,230.9,274.6,432.7,,,758.8,245.1,411.5,274.6,746.2,,,2990.4,923.8,734.0,1140.4,1452.2,,,,,,,,,,,,,,,,,160.2,20.3,134.7,274.2,99.8,,,204.1,44.5,107.2,186.2,103.2,,,13.5,22.9,7.7,77.8,3.3,,,138.9,70.8,18.9,300.8,54.1,,,391.1,286.3,180.9,369.7,334.7,,,170.4,166.4,31.6,119.5,351.3,,,,,,,,,,,,,,,,,1529.2,417.9,1416.5,2124.8,760.2,,,1363.8,301.9,823.9,1589.4,573.4,,,124.5,105.3,56.0,286.9,29.1,,,1037.8,627.8,121.7,1517.7,427.6,,,2360.8,1641.1,656.4,2136.0,1589.4,,,659.6,536.1,125.8,489.3,1118.3,,,,,,,,,,,,,,,,,793.1,392.3,534.0,1552.7,1230.8,,,424.9,96.3,141.5,265.4,292.3,,,187.0,60.9,20.4,335.5,68.0,,,495.9,178.3,58.3,754.6,169.3,,,1265.5,465.1,579.2,909.2,1194.4,,,1273.5,615.4,351.3,387.8,1310.7,,,,,,,,,,,,,,,,,1153.4,783.9,1431.6,1835.0,1725.2,,,662.9,241.8,446.5,323.7,677.3,,,470.5,330.3,183.2,467.8,394.2,,,1500.7,965.8,436.9,1506.3,961.2,,,1265.5,582.5,658.5,977.5,1281.6,,,1473.4,1249.8,668.3,949.9,1426.5,,,,,,,,,,,,,,,,,4205.3,1441.8,1484.2,4694.3,4341.0,,,4749.5,1978.9,1762.9,2571.4,3105.4,,,895.1,1208.7,239.4,801.0,1323.6,,,1373.1,1396.9,278.8,1234.5,2206.0,,,3808.6,2124.8,930.2,1306.5,3773.0,,,3572.6,2587.9,1208.7,2360.8,3081.7,,,,,,,,,,,,,,,,,,,,,,,,,,,,,,,,,,,,,,,,,,,,,,,,,,,,,,,,,,,,,,,,,,,,,,,,,,,,,,,,,,,,,,,,,,,,,,,,,,,,,,,,,,,,,,,,,,,,,,,,,,,,,,,,
20260928_いわき平_1R,20260928,13,いわき平,1,4.8,5.4,18.7,89.7,282.3,,,14.1,36.3,64.9,325.3,1016.1,,,11.1,29.5,48.6,253.6,579.6,,,50.4,105.0,96.6,677.4,1456.7,,,305.9,552.4,605.2,2083.7,4015.0,,,1119.8,3359.5,1360.4,3828.2,5676.4,,,,,,,,,,,,,,,,,9.4,8.9,26.8,134.4,401.5,,,25.0,67.1,140.8,489.9,1679.7,,,25.2,66.1,109.6,335.2,1286.0,,,65.0,209.9,182.7,648.0,2110.4,,,429.8,857.3,635.5,968.3,3227.7,,,1714.7,5879.1,3919.4,4988.3,7157.2,,,,,,,,,,,,,,,,,117.4,214.6,358.6,1219.3,2743.6,,,122.2,307.6,640.5,1679.7,2888.0,,,348.7,546.8,1371.8,4332.0,8664.0,,,621.1,1510.2,1552.9,3502.4,7157.2,,,2572.1,7838.8,7157.2,9145.3,9999.9,,,8664.0,9999.9,9999.9,9999.9,9999.9,,,,,,,,,,,,,,,,,62.8,122.9,174.5,803.0,1646.1,,,81.6,181.4,321.5,648.0,2494.1,,,313.5,393.8,1237.7,2888.0,7157.2,,,688.7,1062.0,1431.4,3828.2,9999.9,,,3578.6,3502.4,7157.2,8230.8,9999.9,,,5487.2,6859.0,9999.9,9999.9,9999.9,,,,,,,,,,,,,,,,,448.5,1075.9,889.8,4572.6,4115.4,,,457.2,1338.3,1028.8,4703.3,6859.0,,,1598.2,2057.7,3578.6,9999.9,9683.3,,,1646.1,1808.9,3502.4,7157.2,9999.9,,,9145.3,7482.5,9999.9,9999.9,9999.9,,,8664.0,9999.9,7838.8,9999.9,9999.9,,,,,,,,,,,,,,,,,2194.8,3227.7,5879.1,8230.8,9999.9,,,2993.0,4841.6,3828.2,7157.2,9999.9,,,4841.6,8664.0,9999.9,9999.9,9999.9,,,8664.0,6859.0,9999.9,9999.9,9999.9,,,8230.8,9999.9,9999.9,9999.9,9999.9,,,9999.9,9999.9,9999.9,9999.9,9999.9,,,,,,,,,,,,,,,,,5879.1,9999.9,8230.8,9999.9,9999.9,,,4449.1,9999.9,9999.9,9683.3,9999.9,,,9145.3,9999.9,9999.9,9999.9,9999.9,,,9999.9,9999.9,9999.9,9999.9,9999.9,,,9683.3,9999.9,9999.9,9999.9,9999.9,,,9999.9,9999.9,9999.9,9999.9,9999.9,,,,,,,,,,,,,,,,,,,,,,,,,,,,,,,,,,,,,,,,,,,,,,,,,,,,,,,,,,,,,,,,,,,,,,,,,,,,,,,,,,,,,,,,,,,,,,,,,,,,,,,,,,,,,,,,,,,,,,,,,,,,,,,,
20260928_いわき平_2R,20260928,13,いわき平,2,2.6,7.8,22.1,114.1,137.1,,,4.6,17.1,33.0,176.1,187.8,,,18.7,29.4,147.5,301.4,533.9,,,109.4,185.7,376.7,826.9,1079.2,,,530.6,771.8,1093.1,1516.0,1793.6,,,582.8,840.5,1525.1,1720.9,2021.3,,,,,,,,,,,,,,,,,12.8,32.8,80.5,305.3,404.2,,,30.7,151.4,171.8,903.1,912.8,,,140.4,276.5,936.3,1744.4,3032.0,,,411.4,837.8,1591.8,2829.9,3307.7,,,1572.1,3587.2,3351.2,5093.8,7718.0,,,2214.7,4468.3,8489.8,5788.5,9999.9,,,,,,,,,,,,,,,,,24.3,80.4,132.8,644.7,788.5,,,40.9,190.9,214.7,1292.8,1126.9,,,391.2,530.6,1845.6,4548.1,7074.8,,,764.8,932.9,2497.0,4244.9,3307.7,,,2448.9,5197.8,7718.0,6883.6,7491.0,,,3979.6,5197.8,9795.9,6883.6,9999.9,,,,,,,,,,,,,,,,,313.2,531.7,1122.0,1886.6,3395.9,,,584.1,1430.8,4042.7,4468.3,9433.1,,,1340.4,1572.1,8782.5,9999.9,9999.9,,,5306.1,7276.9,9999.9,9999.9,9999.9,,,7718.0,5923.1,9999.9,9999.9,9999.9,,,9999.9,9999.9,9999.9,9999.9,9999.9,,,,,,,,,,,,,,,,,1260.8,1732.6,3859.0,7276.9,7959.2,,,1572.1,2497.0,4897.9,6702.4,6367.3,,,2625.7,2861.7,9999.9,9999.9,9999.9,,,8489.8,9999.9,9999.9,9999.9,9999.9,,,9999.9,9999.9,9999.9,9999.9,9999.9,,,9999.9,9999.9,8489.8,9999.9,9999.9,,,,,,,,,,,,,,,,,3745.5,5306.1,9999.9,9999.9,9999.9,,,4548.1,6212.0,6530.6,9999.9,9999.9,,,6530.6,9999.9,9999.9,9999.9,9999.9,,,9999.9,7276.9,9999.9,9999.9,9999.9,,,9999.9,9999.9,9999.9,9999.9,9999.9,,,9999.9,9999.9,9999.9,9999.9,9999.9,,,,,,,,,,,,,,,,,5536.8,2927.5,9795.9,9999.9,9999.9,,,8215.9,8215.9,9999.9,8782.5,9999.9,,,9999.9,9999.9,9999.9,9999.9,9999.9,,,9999.9,9999.9,9999.9,9999.9,9999.9,,,9999.9,9999.9,8215.9,9999.9,9999.9,,,9999.9,9999.9,9999.9,9999.9,9999.9,,,,,,,,,,,,,,,,,,,,,,,,,,,,,,,,,,,,,,,,,,,,,,,,,,,,,,,,,,,,,,,,,,,,,,,,,,,,,,,,,,,,,,,,,,,,,,,,,,,,,,,,,,,,,,,,,,,,,,,,,,,,,,,,
20260928_いわき平_3R,20260928,13,いわき平,3,12.9,66.4,59.6,86.6,62.3,,,15.8,34.5,75.0,66.9,91.0,,,202.2,204.9,500.1,553.7,382.0,,,76.7,55.5,170.8,76.6,106.0,,,122.3,106.2,255.4,175.1,86.3,,,97.3,91.2,143.4,115.1,75.2,,,,,,,,,,,,,,,,,28.4,97.5,98.5,137.4,91.6,,,23.0,12.3,146.5,89.2,81.1,,,318.4,94.0,1085.4,612.3,483.0,,,380.1,549.7,1052.5,972.2,1197.7,,,246.8,210.9,469.9,852.8,348.6,,,203.5,177.8,299.4,812.9,363.5,,,,,,,,,,,,,,,,,48.4,110.6,243.6,224.1,267.7,,,31.8,13.3,189.0,85.7,86.7,,,212.5,38.3,617.2,231.9,235.4,,,664.5,612.3,812.9,1269.4,1777.1,,,335.4,210.4,259.0,899.0,411.7,,,430.2,222.1,316.8,1335.9,474.0,,,,,,,,,,,,,,,,,816.4,789.4,1828.1,2043.2,1891.5,,,731.9,309.1,2221.4,1828.1,1565.9,,,683.5,227.3,1873.0,856.7,687.2,,,3673.9,4442.9,4442.9,5878.3,5458.4,,,2099.4,2000.4,925.1,3505.4,1873.0,,,2388.0,2076.5,1605.4,3381.3,2433.7,,,,,,,,,,,,,,,,,426.9,356.4,825.2,545.0,581.5,,,882.4,1317.5,2916.7,2653.4,3008.6,,,789.4,1810.8,2195.9,2087.9,2729.2,,,2894.6,4153.1,3746.0,4962.2,4659.6,,,943.4,2939.1,1939.5,3673.9,1369.5,,,936.5,3157.7,2961.9,4064.8,1705.7,,,,,,,,,,,,,,,,,140.9,121.1,374.2,205.6,82.0,,,149.9,111.8,371.3,706.2,141.8,,,119.2,121.4,147.9,331.1,114.7,,,989.8,868.3,513.5,1705.7,825.2,,,465.9,1107.5,818.1,1369.5,610.3,,,39.4,66.1,56.1,200.2,192.3,,,,,,,,,,,,,,,,,155.3,124.0,243.2,170.5,104.2,,,116.9,163.5,447.4,736.2,152.4,,,207.4,174.3,222.2,619.2,222.7,,,1082.4,841.6,681.0,2418.3,775.0,,,543.5,1374.4,1061.3,1675.8,711.5,,,53.4,96.5,104.9,296.8,278.6,,,,,,,,,,,,,,,,,,,,,,,,,,,,,,,,,,,,,,,,,,,,,,,,,,,,,,,,,,,,,,,,,,,,,,,,,,,,,,,,,,,,,,,,,,,,,,,,,,,,,,,,,,,,,,,,,,,,,,,,,,,,,,,,
20260928_いわき平_4R,20260928,13,いわき平,4,88.6,385.7,97.1,208.3,288.7,,,61.3,71.2,42.2,15.6,256.5,,,1087.1,366.1,749.8,404.9,2344.5,,,119.4,74.1,287.2,116.4,380.4,,,313.3,50.1,126.9,172.1,669.8,,,470.0,913.5,2316.6,748.4,1115.1,,,,,,,,,,,,,,,,,102.4,415.8,132.8,198.4,312.6,,,153.0,269.7,272.5,124.5,523.8,,,1102.5,608.1,627.7,505.4,2262.7,,,133.4,122.1,174.4,120.1,201.0,,,348.7,190.8,239.0,350.9,1000.4,,,308.1,341.0,559.9,229.8,433.3,,,,,,,,,,,,,,,,,86.6,71.1,31.0,13.8,264.3,,,202.4,574.0,334.0,261.3,731.5,,,201.4,990.3,303.5,121.7,1575.6,,,42.6,225.4,134.3,42.2,456.2,,,24.4,210.8,39.3,45.3,364.4,,,944.6,1144.6,1801.8,880.5,892.6,,,,,,,,,,,,,,,,,2373.1,1105.6,1926.6,1323.7,4578.7,,,2494.8,2275.9,2665.6,2174.2,5559.8,,,661.8,2447.7,1280.2,440.7,4633.2,,,1844.5,1936.2,958.5,884.5,4633.2,,,992.8,2358.7,488.3,1148.0,2740.7,,,6949.8,5405.4,6596.4,4473.4,3138.6,,,,,,,,,,,,,,,,,84.0,26.5,132.8,52.1,252.0,,,78.0,62.0,122.1,70.2,109.9,,,18.5,108.5,44.6,15.3,185.9,,,263.1,320.0,137.9,151.8,844.2,,,56.6,135.8,28.0,38.5,196.0,,,337.2,195.5,276.0,638.0,322.4,,,,,,,,,,,,,,,,,467.2,72.6,145.3,202.0,835.1,,,634.8,426.7,462.7,537.5,1247.4,,,38.3,277.0,40.0,82.5,456.7,,,200.3,582.6,94.3,231.7,968.1,,,126.9,401.6,98.4,170.2,554.4,,,1588.5,1818.6,1259.5,1306.0,1090.1,,,,,,,,,,,,,,,,,546.6,1063.3,2820.2,1066.2,2006.1,,,346.2,319.2,1115.1,285.7,826.3,,,1255.4,602.4,2970.9,1134.6,1399.9,,,5054.4,3243.2,5054.4,3413.9,2740.7,,,935.5,368.9,770.6,1898.4,1049.0,,,2478.9,1898.4,1835.8,2103.7,1544.4,,,,,,,,,,,,,,,,,,,,,,,,,,,,,,,,,,,,,,,,,,,,,,,,,,,,,,,,,,,,,,,,,,,,,,,,,,,,,,,,,,,,,,,,,,,,,,,,,,,,,,,,,,,,,,,,,,,,,,,,,,,,,,,,
20260928_いわき平_5R,20260928,13,いわき平,5,82.4,49.1,194.6,135.5,113.4,,,120.8,75.7,129.4,450.8,296.8,,,20.6,34.3,85.2,166.2,80.6,,,359.5,267.3,257.1,825.8,689.9,,,420.3,848.7,552.1,1184.7,1064.3,,,193.6,255.5,179.0,540.8,597.7,,,,,,,,,,,,,,,,,91.7,55.6,193.9,83.6,71.8,,,66.1,102.7,67.3,53.2,53.7,,,63.4,148.3,142.5,60.8,74.1,,,253.0,174.1,194.2,122.9,178.4,,,61.4,64.6,68.3,84.2,29.2,,,45.1,47.7,54.8,87.5,18.7,,,,,,,,,,,,,,,,,135.6,83.3,94.4,438.8,257.9,,,82.5,120.7,70.8,93.0,111.4,,,97.9,154.2,138.1,489.0,343.4,,,56.0,47.1,63.8,208.0,137.5,,,703.3,353.8,850.5,553.6,908.8,,,259.1,216.4,328.4,194.1,608.6,,,,,,,,,,,,,,,,,37.1,67.3,94.2,173.6,99.0,,,50.0,140.7,132.8,80.4,89.2,,,155.3,163.7,200.1,587.9,439.8,,,173.7,169.4,225.9,441.3,548.3,,,444.7,228.7,869.1,726.4,646.2,,,200.6,140.9,438.8,645.1,652.5,,,,,,,,,,,,,,,,,229.3,154.4,179.0,682.8,352.2,,,341.9,189.0,249.1,228.3,305.7,,,122.7,85.3,107.1,419.4,252.4,,,218.8,184.1,181.8,555.1,380.2,,,1479.8,735.8,936.6,1353.9,1513.5,,,613.3,417.7,383.5,739.9,869.1,,,,,,,,,,,,,,,,,532.8,1548.9,1130.8,2117.4,1701.1,,,330.0,309.5,303.6,412.0,241.4,,,1548.9,523.0,1496.5,1507.8,1990.3,,,1349.4,562.2,1542.9,1738.3,1322.5,,,2249.0,749.6,1761.3,1913.8,2301.0,,,1605.1,449.8,1941.8,1344.8,2128.7,,,,,,,,,,,,,,,,,265.0,280.7,217.7,674.7,702.0,,,113.5,136.5,120.7,234.4,61.1,,,274.9,314.6,348.2,339.6,817.4,,,253.0,285.5,408.7,745.4,689.9,,,753.9,667.9,505.8,1023.3,1391.8,,,1111.9,331.1,1279.9,1221.0,1382.2,,,,,,,,,,,,,,,,,,,,,,,,,,,,,,,,,,,,,,,,,,,,,,,,,,,,,,,,,,,,,,,,,,,,,,,,,,,,,,,,,,,,,,,,,,,,,,,,,,,,,,,,,,,,,,,,,,,,,,,,,,,,,,,,
20260928_いわき平_6R,20260928,13,いわき平,6,54.3,119.8,27.9,19.8,212.2,,,172.8,334.1,278.2,310.5,759.1,,,303.3,395.4,428.1,566.3,1040.0,,,99.9,228.4,351.7,179.1,474.2,,,58.4,253.5,414.4,156.4,600.5,,,731.9,1271.9,1731.8,967.4,1421.0,,,,,,,,,,,,,,,,,30.2,75.0,13.9,5.9,142.6,,,98.7,183.7,278.2,133.6,614.7,,,184.3,214.6,456.3,208.2,1059.9,,,66.0,199.6,436.8,99.7,466.2,,,5.9,57.6,93.1,49.4,199.7,,,545.6,977.1,1796.0,1131.0,704.0,,,,,,,,,,,,,,,,,167.6,280.5,302.8,319.0,568.8,,,143.3,221.2,390.6,210.4,655.2,,,164.2,117.0,283.9,174.4,253.3,,,518.6,663.1,654.1,727.8,1380.5,,,263.0,240.8,245.0,516.5,672.3,,,979.6,854.4,637.0,1370.8,1117.9,,,,,,,,,,,,,,,,,441.8,481.9,668.8,830.7,1271.9,,,362.8,358.5,818.4,417.5,1469.4,,,232.9,172.1,404.9,222.3,369.8,,,1117.9,1442.1,1007.6,1583.4,2852.4,,,597.7,443.8,280.7,1231.5,1293.1,,,1920.4,2470.9,992.1,2712.8,2063.4,,,,,,,,,,,,,,,,,237.1,498.6,813.2,413.5,1045.6,,,252.5,763.6,1201.0,367.7,1636.8,,,685.4,969.8,974.7,877.6,1812.7,,,1212.3,1796.0,1083.6,1672.1,3287.6,,,369.8,416.6,850.7,1301.8,1243.3,,,1812.7,2470.9,2455.3,3054.6,2063.4,,,,,,,,,,,,,,,,,37.9,165.5,243.6,105.9,386.3,,,7.8,44.4,81.4,60.7,197.3,,,117.8,130.6,106.6,257.2,261.7,,,117.7,151.9,80.0,411.8,350.4,,,184.2,213.6,413.1,660.8,828.9,,,530.6,442.8,671.1,912.7,1057.0,,,,,,,,,,,,,,,,,1048.4,946.1,2074.5,1370.8,1716.5,,,785.2,1375.6,2731.9,1545.5,1057.0,,,1865.0,2041.7,1114.7,2336.9,1949.4,,,2470.9,3007.2,1161.4,4041.0,2424.6,,,1920.4,2831.6,2010.0,3999.3,2255.4,,,1375.6,967.4,1315.0,1486.3,1539.4,,,,,,,,,,,,,,,,,,,,,,,,,,,,,,,,,,,,,,,,,,,,,,,,,,,,,,,,,,,,,,,,,,,,,,,,,,,,,,,,,,,,,,,,,,,,,,,,,,,,,,,,,,,,,,,,,,,,,,,,,,,,,,,,
20260928_いわき平_7R,20260928,13,いわき平,7,505.0,242.2,234.7,668.8,605.8,,,602.8,369.4,476.6,518.1,1107.4,,,130.7,173.4,94.5,184.2,174.9,,,279.7,444.2,237.9,551.8,361.3,,,839.8,581.4,492.4,663.2,1315.5,,,873.7,1421.5,480.5,631.5,1492.8,,,,,,,,,,,,,,,,,531.4,246.6,114.0,286.0,284.4,,,494.0,384.0,150.6,219.2,445.4,,,260.0,451.8,169.5,483.9,548.0,,,50.9,69.1,77.8,51.2,25.6,,,514.2,188.5,507.1,95.3,387.7,,,797.6,639.2,851.9,158.5,687.1,,,,,,,,,,,,,,,,,472.4,263.2,340.3,303.5,764.3,,,422.9,317.0,106.8,163.8,350.9,,,159.1,255.6,169.1,130.0,403.5,,,265.0,102.1,196.2,117.6,127.2,,,116.6,71.0,74.7,49.9,131.0,,,844.3,560.2,649.6,285.3,466.4,,,,,,,,,,,,,,,,,62.8,78.2,46.9,77.7,91.1,,,158.3,259.5,127.3,434.1,442.1,,,134.4,191.4,175.5,151.5,396.1,,,105.0,134.0,207.1,248.5,124.1,,,173.7,357.7,193.9,256.8,517.0,,,295.0,809.8,845.8,347.6,847.3,,,,,,,,,,,,,,,,,116.4,274.0,152.3,313.3,212.1,,,43.2,33.0,38.4,34.6,14.6,,,231.2,81.0,194.8,137.4,117.6,,,142.6,102.3,208.8,281.2,110.7,,,291.7,110.0,124.5,265.4,125.0,,,110.8,32.5,84.0,92.4,85.8,,,,,,,,,,,,,,,,,450.5,232.7,232.5,305.6,574.4,,,265.7,91.1,270.7,48.8,128.1,,,86.3,49.7,54.2,34.2,71.7,,,152.9,346.3,117.2,180.1,327.7,,,229.6,64.4,77.0,180.3,65.5,,,559.5,301.9,190.6,430.9,178.4,,,,,,,,,,,,,,,,,1115.2,1465.2,544.2,686.1,1608.8,,,1125.8,883.5,1112.6,186.8,915.8,,,1230.5,907.0,1181.6,457.9,872.1,,,540.5,1319.1,1256.5,596.7,1345.2,,,350.1,104.0,274.4,266.1,320.0,,,1178.7,766.8,582.1,1102.3,406.3,,,,,,,,,,,,,,,,,,,,,,,,,,,,,,,,,,,,,,,,,,,,,,,,,,,,,,,,,,,,,,,,,,,,,,,,,,,,,,,,,,,,,,,,,,,,,,,,,,,,,,,,,,,,,,,,,,,,,,,,,,,,,,,,
20260928_いわき平_8R,20260928,13,いわき平,8,359.4,201.7,413.6,343.6,855.2,,,295.1,71.7,447.6,371.3,832.5,,,92.7,39.2,173.7,118.7,196.1,,,753.5,745.1,375.2,825.1,1729.5,,,414.7,527.2,250.6,717.7,903.0,,,1335.3,1692.0,657.3,1599.6,1464.7,,,,,,,,,,,,,,,,,451.1,223.1,317.9,262.8,799.8,,,424.9,194.8,298.1,218.9,1148.7,,,95.0,150.8,101.8,75.9,373.1,,,193.2,195.2,104.0,62.9,336.4,,,98.9,149.6,61.9,47.9,200.4,,,1177.6,2092.4,1058.0,995.1,672.4,,,,,,,,,,,,,,,,,225.9,66.0,329.6,337.1,577.2,,,271.2,140.6,203.3,156.4,931.8,,,15.9,34.0,38.6,58.9,182.6,,,368.7,190.6,88.0,415.8,1082.4,,,364.4,183.2,207.2,525.4,742.7,,,1692.0,2011.6,929.9,2441.1,2130.4,,,,,,,,,,,,,,,,,25.3,9.9,60.3,47.2,64.9,,,69.7,87.1,135.1,100.7,327.3,,,6.6,20.2,25.7,46.9,95.8,,,123.6,164.1,70.2,186.5,559.3,,,86.3,124.0,123.6,229.4,418.4,,,321.9,681.2,446.8,968.3,727.8,,,,,,,,,,,,,,,,,631.6,795.7,457.7,874.4,1588.8,,,265.5,216.0,130.6,77.3,597.8,,,533.2,314.1,109.0,662.9,1335.3,,,263.3,247.8,111.9,367.6,1180.6,,,725.5,182.5,769.6,419.9,948.7,,,2466.8,1704.3,3188.4,2073.9,2029.0,,,,,,,,,,,,,,,,,262.7,482.7,247.5,533.8,610.2,,,145.6,185.0,105.2,59.5,203.8,,,438.0,287.9,285.9,555.3,1075.0,,,124.8,131.0,206.3,234.1,482.2,,,510.5,129.7,587.3,292.9,627.4,,,853.7,404.4,1692.0,741.6,839.9,,,,,,,,,,,,,,,,,2773.3,3043.5,988.8,2985.3,2519.9,,,2493.1,3719.8,2120.8,1775.3,1478.5,,,3063.4,3524.0,1204.8,4111.4,3166.9,,,903.0,1913.0,1460.1,3004.5,1816.6,,,4111.4,2355.2,3873.5,3232.4,2479.9,,,2947.8,1867.3,3188.4,1920.9,2789.9,,,,,,,,,,,,,,,,,,,,,,,,,,,,,,,,,,,,,,,,,,,,,,,,,,,,,,,,,,,,,,,,,,,,,,,,,,,,,,,,,,,,,,,,,,,,,,,,,,,,,,,,,,,,,,,,,,,,,,,,,,,,,,,,
20260928_いわき平_9R,20260928,13,いわき平,9,52.5,115.6,76.6,242.8,76.3,,,19.6,6.2,22.9,60.8,40.6,,,138.8,27.5,137.5,220.1,166.2,,,63.9,51.3,109.8,87.9,108.0,,,238.8,124.6,241.8,103.1,293.1,,,62.9,80.4,160.9,121.9,279.7,,,,,,,,,,,,,,,,,158.3,328.1,274.8,677.0,210.5,,,159.3,228.3,534.6,717.1,326.4,,,550.6,519.5,1066.2,1398.9,651.4,,,381.6,497.7,842.2,544.3,356.9,,,968.3,1027.7,1530.6,718.9,867.9,,,113.4,130.1,216.6,178.2,369.9,,,,,,,,,,,,,,,,,41.3,9.0,45.7,114.9,66.1,,,132.5,185.1,380.8,649.9,275.4,,,24.3,114.6,114.3,267.8,157.1,,,149.0,432.3,208.1,457.7,590.0,,,305.9,942.7,386.0,539.1,1145.6,,,165.7,284.1,220.0,518.5,1007.7,,,,,,,,,,,,,,,,,361.0,93.2,444.1,579.2,353.2,,,512.0,434.3,1054.4,1434.2,814.5,,,66.4,229.4,289.7,477.6,295.0,,,668.3,1321.0,542.2,1152.6,1201.2,,,913.9,1699.6,818.0,1198.7,1427.0,,,546.4,718.9,588.2,1088.7,1372.0,,,,,,,,,,,,,,,,,279.3,173.3,369.0,244.8,369.2,,,340.3,451.8,649.9,409.9,337.9,,,218.9,452.9,315.2,379.0,595.5,,,576.8,886.9,503.4,732.8,1131.9,,,171.7,234.3,196.8,355.6,269.9,,,404.6,305.1,576.3,877.3,430.0,,,,,,,,,,,,,,,,,494.2,202.9,515.7,222.9,634.7,,,785.3,974.9,1265.3,632.6,720.7,,,344.6,968.3,382.1,410.2,1229.7,,,947.4,1510.3,797.4,783.2,1441.4,,,151.2,244.7,162.1,299.8,294.4,,,873.3,589.4,1248.6,1459.9,675.4,,,,,,,,,,,,,,,,,89.0,100.7,209.5,220.0,529.1,,,54.2,55.8,102.5,104.3,278.9,,,102.8,125.9,119.0,373.6,824.0,,,327.4,396.7,343.2,669.0,958.5,,,314.9,226.8,377.3,699.4,492.9,,,752.1,583.9,1107.7,1152.6,651.4,,,,,,,,,,,,,,,,,,,,,,,,,,,,,,,,,,,,,,,,,,,,,,,,,,,,,,,,,,,,,,,,,,,,,,,,,,,,,,,,,,,,,,,,,,,,,,,,,,,,,,,,,,,,,,,,,,,,,,,,,,,,,,,,
20260928_平塚_1R,20260928,35,平塚,1,138.6,642.5,290.5,704.2,727.4,,,8.8,6.1,25.6,1.7,27.8,,,401.9,82.4,505.8,362.2,159.1,,,633.2,381.0,1275.7,1630.1,1491.9,,,1047.9,118.3,633.2,1833.8,1760.5,,,1100.3,394.7,489.0,1796.4,1692.8,,,,,,,,,,,,,,,,,880.2,4401.3,2379.0,2750.8,7335.5,,,1073.4,5178.0,4890.3,2839.5,9999.9,,,2839.5,4191.7,5178.0,3827.2,4191.7,,,1760.5,2750.8,3035.3,6771.2,9999.9,,,3521.0,3035.3,9999.9,9999.9,9999.9,,,5501.6,9999.9,4632.9,9999.9,9999.9,,,,,,,,,,,,,,,,,31.0,23.9,49.2,6.7,63.2,,,372.9,1660.8,2515.0,1630.1,1571.8,,,212.1,1060.5,1630.1,778.9,721.5,,,619.9,2839.5,2095.8,3143.7,2667.4,,,148.4,1173.6,765.4,1600.4,1571.8,,,661.8,4401.3,1257.5,4191.7,4191.7,,,,,,,,,,,,,,,,,1872.8,275.0,2515.0,1239.8,863.0,,,4401.3,4632.9,4401.3,7335.5,4401.3,,,433.6,3035.3,7335.5,1239.8,1600.4,,,2589.0,6287.5,6287.5,9999.9,7335.5,,,1600.4,9780.6,1796.4,9999.9,9999.9,,,880.2,2515.0,1205.8,4001.1,4890.3,,,,,,,,,,,,,,,,,4401.3,1354.2,6771.2,6771.2,4632.9,,,3143.7,3260.2,2589.0,4632.9,4890.3,,,1692.8,7335.5,9999.9,4191.7,9999.9,,,7335.5,5868.4,9780.6,9999.9,6287.5,,,9999.9,9780.6,9999.9,9999.9,9999.9,,,4632.9,4001.1,3521.0,8802.6,9999.9,,,,,,,,,,,,,,,,,2839.5,449.1,1600.4,6287.5,6287.5,,,3667.7,3827.2,6771.2,8802.6,8002.3,,,384.3,3260.2,1313.8,6287.5,5501.6,,,1833.8,8802.6,1760.5,9999.9,6287.5,,,8002.3,8002.3,9999.9,9999.9,9999.9,,,7335.5,9999.9,9780.6,6771.2,9999.9,,,,,,,,,,,,,,,,,4191.7,1660.8,1913.6,5501.6,8002.3,,,8002.3,7335.5,4890.3,8802.6,9999.9,,,1913.6,9780.6,2379.0,6287.5,5178.0,,,1544.3,4890.3,2750.8,5178.0,9999.9,,,7335.5,9999.9,7335.5,4632.9,9999.9,,,9999.9,9999.9,9999.9,9999.9,9999.9,,,,,,,,,,,,,,,,,,,,,,,,,,,,,,,,,,,,,,,,,,,,,,,,,,,,,,,,,,,,,,,,,,,,,,,,,,,,,,,,,,,,,,,,,,,,,,,,,,,,,,,,,,,,,,,,,,,,,,,,,,,,,,,,
20260928_平塚_2R,20260928,35,平塚,2,225.2,91.3,140.0,330.9,99.0,,,350.9,231.7,746.8,766.4,1713.3,,,109.0,175.4,333.5,198.1,598.4,,,226.9,699.0,452.7,1304.1,759.8,,,1165.0,1532.9,642.4,2569.9,2818.6,,,682.6,1532.9,1149.7,1065.6,1618.1,,,,,,,,,,,,,,,,,235.5,102.7,78.1,682.6,89.9,,,316.5,77.6,91.3,414.1,216.2,,,76.9,31.4,20.4,62.5,46.1,,,48.8,40.7,8.5,162.7,7.6,,,1078.7,661.9,309.8,546.1,716.2,,,83.7,173.3,47.7,24.5,195.9,,,,,,,,,,,,,,,,,642.4,450.4,1409.3,1134.7,1680.3,,,598.4,88.3,127.7,313.1,214.1,,,189.1,32.6,106.4,32.6,236.1,,,1106.0,202.7,297.2,919.7,1432.4,,,2184.4,753.2,333.5,2080.4,2032.0,,,2730.6,910.2,1027.9,1899.5,1985.8,,,,,,,,,,,,,,,,,183.1,208.5,395.3,294.2,443.5,,,88.8,21.0,31.6,49.1,68.1,,,95.8,16.9,48.5,16.4,164.2,,,286.4,71.7,87.6,204.6,383.2,,,215.7,79.0,46.3,203.2,302.3,,,816.6,258.5,467.2,672.1,656.9,,,,,,,,,,,,,,,,,574.8,1180.8,910.2,3013.0,1456.3,,,221.2,141.1,57.1,273.0,59.9,,,1456.3,273.0,416.0,1344.3,1532.9,,,919.7,152.7,291.2,349.5,693.4,,,4854.4,1432.4,2818.6,1783.2,6241.3,,,1532.9,457.4,2299.4,1386.9,4160.9,,,,,,,,,,,,,,,,,3360.7,3640.8,2427.2,7281.6,3640.8,,,3640.8,1820.4,882.6,2032.0,2569.9,,,3640.8,1783.2,746.8,3640.8,3360.7,,,1386.9,539.3,367.1,1344.3,1588.7,,,5461.2,3360.7,3360.7,2080.4,5825.3,,,4854.4,3971.7,3971.7,2569.9,8737.9,,,,,,,,,,,,,,,,,1560.3,3799.1,2032.0,2569.9,4598.9,,,824.3,891.6,523.2,373.4,1648.6,,,3971.7,1713.3,1680.3,4598.9,3640.8,,,2361.6,949.7,1532.9,2730.6,2299.4,,,2496.5,682.6,3640.8,2730.6,6721.5,,,5825.3,4160.9,3971.7,3120.6,6241.3,,,,,,,,,,,,,,,,,,,,,,,,,,,,,,,,,,,,,,,,,,,,,,,,,,,,,,,,,,,,,,,,,,,,,,,,,,,,,,,,,,,,,,,,,,,,,,,,,,,,,,,,,,,,,,,,,,,,,,,,,,,,,,,,
20260928_平塚_3R,20260928,35,平塚,3,780.7,845.2,134.7,955.8,401.0,,,369.2,302.5,100.0,921.4,75.7,,,792.8,608.7,431.5,1549.6,290.5,,,15.6,42.5,94.4,174.8,16.0,,,1826.3,1859.5,2005.4,1345.7,1526.5,,,199.7,67.1,94.0,57.4,397.9,,,,,,,,,,,,,,,,,1573.4,1461.0,316.6,1704.6,947.0,,,2691.4,4446.7,2494.5,5682.0,1859.5,,,1123.9,1549.6,1598.0,3008.1,1136.4,,,234.0,1022.7,1022.7,1175.5,608.7,,,3299.2,5382.9,3299.2,2841.0,4091.0,,,1203.2,1328.2,1440.5,983.4,3008.1,,,,,,,,,,,,,,,,,410.7,336.4,79.4,1189.2,83.4,,,1054.3,1649.6,768.9,2764.2,805.3,,,571.3,1649.6,568.2,1623.4,151.5,,,87.1,274.1,467.0,845.2,84.1,,,2324.4,2841.0,3099.2,2556.9,1623.4,,,40.0,140.6,19.0,27.8,371.9,,,,,,,,,,,,,,,,,1649.6,1088.0,786.7,1623.4,616.1,,,1894.0,2841.0,1894.0,2324.4,1401.0,,,1076.5,1733.4,964.8,1859.5,258.9,,,647.3,1076.5,1065.3,2087.2,577.8,,,4648.9,4648.9,3008.1,3788.0,2378.5,,,347.8,546.9,104.0,238.4,535.4,,,,,,,,,,,,,,,,,15.0,44.1,123.6,160.5,19.4,,,34.7,119.9,346.6,173.3,64.8,,,100.3,181.9,529.9,929.7,83.6,,,374.6,647.3,768.9,2223.3,325.7,,,414.0,424.3,746.5,1733.4,549.8,,,48.3,82.8,72.0,163.9,285.6,,,,,,,,,,,,,,,,,4446.7,5682.0,9999.9,5682.0,6016.2,,,4091.0,6392.2,5382.9,3409.2,3933.6,,,3196.1,6392.2,3299.2,3788.0,2841.0,,,9999.9,7867.3,6016.2,8523.0,3933.6,,,3099.2,2494.5,6818.4,4870.2,3196.1,,,4648.9,7305.4,3008.1,2841.0,5382.9,,,,,,,,,,,,,,,,,319.6,79.8,117.5,85.5,668.4,,,565.0,458.6,594.6,321.6,1162.2,,,25.0,126.8,7.3,14.0,157.3,,,119.2,214.4,17.9,60.4,140.2,,,59.3,120.0,48.7,86.0,343.2,,,1526.5,1549.6,746.5,818.2,964.8,,,,,,,,,,,,,,,,,,,,,,,,,,,,,,,,,,,,,,,,,,,,,,,,,,,,,,,,,,,,,,,,,,,,,,,,,,,,,,,,,,,,,,,,,,,,,,,,,,,,,,,,,,,,,,,,,,,,,,,,,,,,,,,,
20260928_平塚_4R,20260928,35,平塚,4,4560.3,918.8,1070.7,2736.2,4397.5,,,6840.5,2414.3,3240.2,9999.9,5863.3,,,580.8,1431.7,87.7,810.0,1256.4,,,724.2,2122.9,107.0,1161.6,1894.3,,,2414.3,5863.3,2323.2,2676.7,8795.0,,,7242.9,4397.5,3420.2,4104.3,7695.6,,,,,,,,,,,,,,,,,5596.8,849.1,892.2,2619.7,4735.7,,,5863.3,3240.2,4397.5,5863.3,3157.1,,,480.9,2018.5,284.3,1323.9,1641.7,,,715.8,3157.1,395.9,3157.1,2798.4,,,3621.4,6840.5,2931.6,5596.8,8208.7,,,3621.4,1865.6,2736.2,4104.3,5596.8,,,,,,,,,,,,,,,,,6480.5,3078.2,4245.8,6156.5,5130.4,,,5353.5,3157.1,4925.2,6840.5,2863.5,,,2512.8,4104.3,1578.5,8208.7,2280.1,,,3420.2,5130.4,1923.9,5863.3,6840.5,,,8795.0,8208.7,7242.9,9999.9,9999.9,,,3847.8,2280.1,2086.9,2863.5,5596.8,,,,,,,,,,,,,,,,,62.8,190.3,9.1,100.5,193.9,,,73.4,305.5,61.3,304.0,267.0,,,330.9,447.7,254.4,912.0,327.4,,,1.4,14.8,49.7,30.4,34.1,,,411.8,373.1,1119.3,468.1,1183.9,,,292.4,376.5,232.7,180.0,969.5,,,,,,,,,,,,,,,,,353.8,932.8,49.7,506.7,826.3,,,513.0,2798.4,303.2,1810.7,2160.1,,,2931.6,3327.8,1099.3,5353.5,3240.2,,,9.1,75.4,163.5,183.5,170.0,,,2198.7,4245.8,8795.0,1558.6,7242.9,,,1415.2,3157.1,2798.4,1061.4,5596.8,,,,,,,,,,,,,,,,,5130.4,9999.9,3518.0,6840.5,9999.9,,,4925.2,6840.5,3240.2,9999.9,9471.5,,,8795.0,8208.7,8208.7,9999.9,9999.9,,,2798.4,2676.7,5596.8,2122.9,4560.3,,,4735.7,9999.9,9999.9,3078.2,9999.9,,,9471.5,9999.9,9999.9,8208.7,9999.9,,,,,,,,,,,,,,,,,5130.4,5863.3,1954.4,2160.1,8208.7,,,3971.9,3621.4,3971.9,3420.2,8208.7,,,3157.1,2414.3,1710.1,2863.5,5353.5,,,1923.9,2052.1,1894.3,669.1,3847.8,,,3240.2,5353.5,3731.2,1207.1,8208.7,,,9471.5,8795.0,9999.9,9999.9,9999.9,,,,,,,,,,,,,,,,,,,,,,,,,,,,,,,,,,,,,,,,,,,,,,,,,,,,,,,,,,,,,,,,,,,,,,,,,,,,,,,,,,,,,,,,,,,,,,,,,,,,,,,,,,,,,,,,,,,,,,,,,,,,,,,,
20260928_平塚_5R,20260928,35,平塚,5,4380.1,5064.4,504.8,2077.7,750.2,,,8529.6,9999.9,4264.8,7046.2,8529.6,,,9999.9,9999.9,7366.5,9999.9,9999.9,,,363.3,1361.8,1820.9,606.9,225.0,,,3601.4,5402.1,5227.8,1373.4,3241.2,,,768.0,3601.4,7046.2,334.8,2051.4,,,,,,,,,,,,,,,,,2613.9,4630.3,500.1,1952.5,495.6,,,7717.3,9999.9,4766.5,9003.5,7717.3,,,6482.5,9999.9,7046.2,9999.9,9999.9,,,229.8,1157.5,1473.3,434.4,157.4,,,2572.4,4766.5,4766.5,1102.4,1742.6,,,625.7,3858.6,5787.9,358.5,1528.9,,,,,,,,,,,,,,,,,9533.1,9999.9,6752.6,9999.9,9999.9,,,9533.1,9999.9,8529.6,9999.9,6233.2,,,9999.9,9999.9,9999.9,9999.9,9999.9,,,6002.3,6752.6,9999.9,8529.6,3768.9,,,9999.9,9999.9,9999.9,9999.9,9999.9,,,9999.9,7366.5,9999.9,3241.2,9999.9,,,,,,,,,,,,,,,,,9999.9,9999.9,7717.3,6002.3,9999.9,,,7717.3,9003.5,6233.2,9999.9,9999.9,,,9999.9,9999.9,9999.9,9999.9,9999.9,,,6002.3,6482.5,8529.6,6482.5,4630.3,,,9999.9,9999.9,9533.1,9999.9,9999.9,,,8103.1,9999.9,9999.9,5227.8,9999.9,,,,,,,,,,,,,,,,,17.5,131.2,191.3,21.4,10.3,,,15.6,101.5,203.3,22.2,13.0,,,258.0,166.2,1237.1,336.2,149.7,,,536.6,553.1,1157.5,666.9,350.7,,,21.8,19.4,112.6,260.1,11.0,,,4.5,6.4,48.1,103.0,6.6,,,,,,,,,,,,,,,,,4155.4,7366.5,8529.6,2025.7,5227.8,,,4766.5,6752.6,8529.6,2051.4,3858.6,,,9999.9,9999.9,9999.9,9999.9,9999.9,,,9999.9,9999.9,9999.9,9533.1,9999.9,,,669.6,814.3,2282.5,2493.2,425.3,,,3523.1,3307.4,6002.3,7366.5,806.2,,,,,,,,,,,,,,,,,450.1,1906.6,3307.4,260.1,970.4,,,482.3,2455.5,3241.2,282.8,1052.3,,,3307.4,4766.5,8103.1,1620.6,4380.1,,,7366.5,6482.5,9999.9,3768.9,9999.9,,,63.6,73.8,300.6,422.0,112.0,,,1339.3,1373.4,3858.6,8529.6,463.0,,,,,,,,,,,,,,,,,,,,,,,,,,,,,,,,,,,,,,,,,,,,,,,,,,,,,,,,,,,,,,,,,,,,,,,,,,,,,,,,,,,,,,,,,,,,,,,,,,,,,,,,,,,,,,,,,,,,,,,,,,,,,,,,
20260928_平塚_6R,20260928,35,平塚,6,6802.6,8422.2,6802.6,6316.7,9999.9,,,7689.9,4654.4,7689.9,2032.9,9999.9,,,9999.9,6550.6,9999.9,3468.0,9999.9,,,9826.0,9999.9,9999.9,9999.9,9999.9,,,4654.4,1668.5,2422.8,9826.0,9999.9,,,9999.9,9999.9,9999.9,8422.2,9999.9,,,,,,,,,,,,,,,,,9999.9,9826.0,9999.9,8039.4,9999.9,,,5705.4,1004.9,7074.7,659.9,9999.9,,,5895.6,1300.5,8039.4,993.6,9999.9,,,9999.9,8843.4,9999.9,9308.8,9999.9,,,2327.2,576.1,822.6,3684.7,7074.7,,,9826.0,9999.9,9999.9,9999.9,9999.9,,,,,,,,,,,,,,,,,1310.1,897.8,2947.8,350.9,3844.9,,,875.5,282.5,1219.7,158.0,1263.3,,,368.4,177.2,718.9,63.6,721.9,,,3609.5,1593.4,1281.6,971.8,2358.2,,,53.9,18.7,9.8,144.1,165.7,,,6098.8,2296.9,1786.5,2601.0,1071.9,,,,,,,,,,,,,,,,,4211.1,3468.0,6316.7,1437.9,7369.5,,,4780.2,1078.4,8422.2,789.5,9999.9,,,1371.0,629.4,2852.7,209.0,3401.3,,,9999.9,9826.0,8843.4,7369.5,9999.9,,,595.5,363.9,163.4,1668.5,1922.4,,,7074.7,9999.9,6098.8,8843.4,9308.8,,,,,,,,,,,,,,,,,2679.8,5359.6,9999.9,2679.8,2491.0,,,2639.8,8843.4,9308.8,2601.0,2639.8,,,8422.2,4780.2,3763.1,3930.4,9999.9,,,9999.9,3401.3,3401.3,9999.9,9999.9,,,9999.9,8039.4,3763.1,9999.9,5359.6,,,2183.5,2267.5,9999.9,9999.9,1768.6,,,,,,,,,,,,,,,,,107.0,44.9,69.1,428.2,461.7,,,102.0,17.1,27.6,268.7,304.9,,,18.3,6.4,2.6,66.6,83.8,,,39.6,17.2,6.3,135.0,146.5,,,854.4,532.7,227.3,383.6,704.6,,,926.0,662.4,273.7,454.6,834.2,,,,,,,,,,,,,,,,,9999.9,9999.9,9999.9,9999.9,9999.9,,,8422.2,9999.9,9999.9,9999.9,8039.4,,,9999.9,9999.9,9999.9,9999.9,7369.5,,,9999.9,9999.9,9999.9,9999.9,9999.9,,,9999.9,9999.9,9999.9,9999.9,9826.0,,,9999.9,9999.9,5895.6,9999.9,9826.0,,,,,,,,,,,,,,,,,,,,,,,,,,,,,,,,,,,,,,,,,,,,,,,,,,,,,,,,,,,,,,,,,,,,,,,,,,,,,,,,,,,,,,,,,,,,,,,,,,,,,,,,,,,,,,,,,,,,,,,,,,,,,,,,
20260928_平塚_7R,20260928,35,平塚,7,1654.3,2855.1,1539.2,2240.7,598.0,,,1196.0,1011.5,266.1,2185.3,221.5,,,1843.9,1552.7,936.5,2392.1,202.7,,,776.3,124.3,470.7,846.9,72.4,,,1330.9,1669.9,2642.0,1609.2,800.9,,,106.7,39.4,25.9,21.8,182.4,,,,,,,,,,,,,,,,,4317.4,6104.0,3404.1,3000.2,1330.9,,,3000.2,4917.1,1552.7,2528.8,1552.7,,,3687.8,5531.7,7375.6,3470.9,2809.7,,,3000.2,1526.0,5057.6,2458.5,1292.0,,,1718.6,1196.0,1594.7,1735.4,594.0,,,634.4,1099.4,1382.9,967.3,988.9,,,,,,,,,,,,,,,,,1204.1,1330.9,356.8,2528.8,316.1,,,1609.2,1863.3,812.0,2528.8,1237.8,,,3278.0,4116.6,1863.3,7375.6,2082.5,,,80.8,319.5,538.0,639.0,62.6,,,3470.9,3052.0,7696.3,1685.8,2855.1,,,232.6,592.0,580.3,145.3,1382.9,,,,,,,,,,,,,,,,,6104.0,4784.2,2082.5,4214.6,359.7,,,7080.6,8429.3,7696.3,4538.8,3218.4,,,7375.6,9999.9,3848.1,9999.9,2950.2,,,2603.1,8429.3,3470.9,7375.6,1843.9,,,6808.3,4658.3,9999.9,8046.2,3848.1,,,280.0,1945.2,1752.6,1204.1,2424.8,,,,,,,,,,,,,,,,,516.0,105.6,460.9,740.6,55.7,,,1047.4,508.6,2329.1,1120.3,362.7,,,47.8,145.8,184.0,351.2,21.7,,,941.5,2565.4,1059.9,3105.5,722.5,,,1824.9,1475.1,1134.7,3105.5,867.7,,,21.5,140.0,25.0,74.2,359.0,,,,,,,,,,,,,,,,,2565.4,3404.1,3470.9,4023.1,1526.0,,,1113.3,889.5,1029.1,1330.9,445.8,,,2809.7,1966.8,3052.0,1903.4,2723.3,,,3848.1,2298.9,4425.4,4917.1,2603.1,,,3540.3,2682.0,2185.3,5531.7,1770.1,,,658.0,606.2,1788.0,872.0,1512.9,,,,,,,,,,,,,,,,,29.3,11.0,5.6,5.2,42.3,,,96.5,377.4,240.1,347.0,383.9,,,47.1,235.0,137.2,54.2,536.4,,,23.8,173.3,130.2,100.5,245.8,,,14.7,163.1,31.9,66.6,251.4,,,123.1,322.4,725.4,366.4,554.9,,,,,,,,,,,,,,,,,,,,,,,,,,,,,,,,,,,,,,,,,,,,,,,,,,,,,,,,,,,,,,,,,,,,,,,,,,,,,,,,,,,,,,,,,,,,,,,,,,,,,,,,,,,,,,,,,,,,,,,,,,,,,,,,
20260928_平塚_8R,20260928,35,平塚,8,4795.2,4065.5,2493.5,7792.2,3169.7,,,5667.0,3740.2,2633.9,4250.3,3979.0,,,3740.2,4250.3,1558.4,6926.4,1068.6,,,1908.2,2833.5,1406.1,6448.7,264.8,,,8131.0,4349.1,6448.7,8500.6,6448.7,,,1571.5,2633.9,813.1,201.9,3596.4,,,,,,,,,,,,,,,,,3065.7,2125.1,1908.2,5194.8,1640.4,,,2397.6,1100.0,869.8,1669.7,1640.4,,,546.8,351.5,153.0,687.5,170.4,,,687.5,578.9,196.0,1449.7,186.6,,,3896.1,2493.5,2527.2,2750.1,4561.2,,,603.2,1044.7,305.0,226.4,2280.6,,,,,,,,,,,,,,,,,3169.7,3065.7,1833.4,2493.5,1715.7,,,2877.1,1113.1,1016.3,1948.0,1798.2,,,1461.0,861.8,772.7,1133.4,799.2,,,1033.2,775.9,520.9,570.1,275.0,,,457.2,568.4,599.4,398.7,326.9,,,397.9,631.8,580.7,261.9,434.9,,,,,,,,,,,,,,,,,1375.0,1532.8,742.1,2200.1,570.1,,,433.9,238.2,118.3,588.0,119.2,,,1438.5,566.7,713.7,1140.3,748.0,,,322.4,128.4,359.6,1033.2,73.3,,,4921.4,1968.5,2597.4,2597.4,3116.8,,,239.7,182.8,427.9,89.1,1154.4,,,,,,,,,,,,,,,,,538.9,607.1,294.9,1472.5,90.9,,,299.2,274.2,69.4,813.1,72.6,,,558.2,382.4,249.6,368.8,130.4,,,169.2,76.7,158.7,520.9,38.5,,,2750.1,2561.8,1062.5,1764.2,921.2,,,4.7,14.1,22.8,8.1,115.6,,,,,,,,,,,,,,,,,9842.8,4795.2,8905.3,9999.9,8500.6,,,9350.6,2877.1,3280.9,4795.2,8500.6,,,2226.3,2149.5,1715.7,1731.6,1870.1,,,8905.3,3896.1,4155.8,4675.3,6679.0,,,9999.9,4795.2,3816.5,5054.4,4349.1,,,3896.1,5343.2,3224.3,5667.0,3339.5,,,,,,,,,,,,,,,,,286.8,220.0,140.1,34.9,642.6,,,394.5,713.7,232.0,113.6,1395.6,,,303.5,838.6,384.0,168.0,1000.0,,,159.0,177.9,310.1,55.8,1100.0,,,3.8,24.3,31.1,12.4,162.4,,,1449.7,2671.6,1598.4,2367.2,865.8,,,,,,,,,,,,,,,,,,,,,,,,,,,,,,,,,,,,,,,,,,,,,,,,,,,,,,,,,,,,,,,,,,,,,,,,,,,,,,,,,,,,,,,,,,,,,,,,,,,,,,,,,,,,,,,,,,,,,,,,,,,,,,,,
20260928_平塚_9R,20260928,35,平塚,9,544.3,863.9,616.7,1940.0,516.7,,,128.7,13.2,57.1,38.6,20.1,,,277.1,19.5,120.7,171.2,49.1,,,265.0,180.5,256.1,640.8,168.5,,,2246.3,442.7,711.3,1040.9,756.7,,,81.3,11.5,22.5,30.7,144.1,,,,,,,,,,,,,,,,,2602.4,4355.1,1905.3,6466.7,1707.2,,,2177.5,1940.0,1871.9,2452.9,2452.9,,,2963.9,2452.9,2667.5,4445.8,4639.1,,,1040.9,1056.4,1793.3,1471.7,1270.2,,,6883.9,3498.4,4742.2,5081.0,7903.8,,,1749.2,2634.6,4540.4,2177.5,6466.7,,,,,,,,,,,,,,,,,132.3,12.8,56.1,41.4,26.1,,,644.7,381.0,701.9,740.9,773.1,,,13.1,102.9,31.0,13.5,25.7,,,191.3,337.6,89.6,236.0,276.4,,,98.1,338.7,47.1,137.9,180.3,,,72.5,414.3,69.2,203.6,214.0,,,,,,,,,,,,,,,,,383.8,47.6,277.8,339.2,81.7,,,1301.2,940.1,1198.8,2112.8,1994.4,,,25.6,230.4,98.7,31.1,75.5,,,644.7,567.5,464.9,1219.4,935.9,,,987.9,1957.8,465.9,1179.0,1285.5,,,152.8,544.3,147.0,558.6,850.2,,,,,,,,,,,,,,,,,420.9,346.4,931.8,2134.0,567.5,,,325.8,316.1,723.3,1293.3,606.2,,,336.5,404.1,471.0,1088.7,778.8,,,1006.6,1061.7,652.6,2807.9,1604.5,,,4962.8,4103.8,2883.8,3556.7,5615.8,,,597.7,1046.0,1129.1,1871.9,2923.3,,,,,,,,,,,,,,,,,9278.3,1778.3,3185.1,6097.2,3616.9,,,9999.9,4184.3,5335.0,6097.2,7903.8,,,1376.7,3283.1,599.4,2807.9,2397.7,,,3283.1,6466.7,836.8,5081.0,3556.7,,,7358.7,6097.2,5204.9,6097.2,9999.9,,,3498.4,8536.1,3048.6,3743.9,9700.1,,,,,,,,,,,,,,,,,175.3,50.5,93.2,76.3,492.8,,,790.3,1629.0,2540.5,1262.7,3951.9,,,138.1,896.6,231.4,502.1,808.3,,,224.8,1513.4,275.7,802.2,1367.9,,,168.6,343.6,366.6,1226.4,2270.2,,,1693.6,4962.8,1471.7,2246.3,3556.7,,,,,,,,,,,,,,,,,,,,,,,,,,,,,,,,,,,,,,,,,,,,,,,,,,,,,,,,,,,,,,,,,,,,,,,,,,,,,,,,,,,,,,,,,,,,,,,,,,,,,,,,,,,,,,,,,,,,,,,,,,,,,,,,
20260928_平塚_10R,20260928,35,平塚,10,812.2,406.1,433.0,1018.9,287.0,,,484.5,53.1,250.8,377.8,179.8,,,69.9,2.5,7.4,49.3,4.1,,,115.6,160.1,42.3,310.9,26.5,,,1585.0,795.2,436.4,1289.5,884.6,,,46.0,117.4,31.4,23.1,199.1,,,,,,,,,,,,,,,,,4564.8,2853.0,3170.0,5852.3,2480.8,,,5706.0,9999.9,7132.5,9999.9,9129.6,,,2593.6,9999.9,8453.3,7608.0,6006.3,,,4564.8,5852.3,7608.0,9999.9,2564.5,,,6916.4,9999.9,6916.4,9999.9,9999.9,,,3043.2,7132.5,5706.0,2536.0,7132.5,,,,,,,,,,,,,,,,,3622.8,318.7,1214.0,2173.7,1282.2,,,7608.0,6521.1,9999.9,9923.5,4657.9,,,386.8,5434.3,3126.5,3511.4,1400.2,,,2926.1,8151.4,3511.4,9999.9,1408.8,,,3260.5,9999.9,6521.1,9999.9,9510.0,,,2037.8,6712.9,2056.2,4389.2,9129.6,,,,,,,,,,,,,,,,,186.6,12.3,37.6,123.2,21.1,,,1275.0,3307.8,3935.1,4961.7,2783.4,,,140.8,1840.6,992.3,1268.0,589.7,,,286.7,2783.4,1135.5,2480.8,570.6,,,1061.5,6916.4,3260.5,5434.3,3356.4,,,189.2,1342.5,478.4,542.1,1811.4,,,,,,,,,,,,,,,,,1097.3,787.0,254.1,1716.1,244.1,,,2749.8,5187.3,5072.0,5434.3,1552.6,,,2259.8,4306.4,3260.5,4475.3,3406.5,,,411.9,2480.8,1742.3,3458.2,864.5,,,5434.3,7362.6,7362.6,6340.0,5187.3,,,302.3,540.8,1311.7,582.2,2019.8,,,,,,,,,,,,,,,,,7608.0,3458.2,1703.2,6006.3,5072.0,,,7608.0,9999.9,6521.1,9999.9,9510.0,,,4755.0,9999.9,8778.5,9999.9,9999.9,,,1678.2,8151.4,5434.3,5852.3,6916.4,,,5852.3,9999.9,9510.0,6712.9,6712.9,,,5187.3,9129.6,9999.9,5852.3,7608.0,,,,,,,,,,,,,,,,,697.9,902.1,227.5,295.2,1552.6,,,1051.8,2853.0,1383.2,881.2,2305.4,,,1755.7,3935.1,1678.2,3260.5,7608.0,,,356.6,1665.9,1135.5,851.6,2817.7,,,327.4,479.4,1194.9,560.7,1729.1,,,5187.3,5706.0,9923.5,5706.0,6006.3,,,,,,,,,,,,,,,,,,,,,,,,,,,,,,,,,,,,,,,,,,,,,,,,,,,,,,,,,,,,,,,,,,,,,,,,,,,,,,,,,,,,,,,,,,,,,,,,,,,,,,,,,,,,,,,,,,,,,,,,,,,,,,,,
20260928_平塚_11R,20260928,35,平塚,11,521.6,1053.6,785.7,442.6,640.1,,,304.0,287.1,144.1,79.3,486.8,,,931.4,459.7,725.4,248.5,1631.2,,,628.8,263.4,589.6,211.0,967.9,,,144.6,46.6,87.5,93.7,173.3,,,586.4,647.8,1647.9,1190.1,430.1,,,,,,,,,,,,,,,,,489.8,1177.1,697.0,514.9,722.1,,,301.1,278.7,109.0,156.9,161.0,,,828.2,511.7,887.7,682.2,733.6,,,503.6,159.4,641.4,325.2,355.4,,,361.4,420.0,709.3,668.0,388.1,,,256.8,110.5,354.6,213.6,173.6,,,,,,,,,,,,,,,,,145.0,123.4,72.3,41.4,225.5,,,103.5,78.8,34.5,57.5,63.8,,,114.4,118.6,79.0,49.4,186.9,,,34.3,19.8,41.9,15.6,96.3,,,25.0,75.3,33.5,30.6,138.1,,,209.4,90.3,323.6,181.3,140.8,,,,,,,,,,,,,,,,,918.1,398.2,799.3,290.2,1523.0,,,1081.9,455.1,1085.6,492.1,676.5,,,275.6,331.6,294.0,156.9,492.1,,,807.4,997.9,512.5,547.4,1912.8,,,112.1,238.5,112.5,255.2,353.1,,,1494.6,642.7,645.2,1421.9,616.8,,,,,,,,,,,,,,,,,459.7,204.9,473.2,242.5,852.3,,,400.6,136.3,466.4,342.9,294.8,,,82.6,71.0,127.2,54.9,230.5,,,712.5,823.9,344.4,473.9,1185.8,,,161.8,408.8,157.5,341.8,585.3,,,863.8,432.5,442.0,1474.0,665.3,,,,,,,,,,,,,,,,,59.8,22.1,36.8,46.6,80.3,,,161.5,195.2,296.7,323.6,230.0,,,36.7,114.2,79.6,83.0,207.3,,,48.6,178.2,84.0,173.7,248.3,,,119.3,344.4,164.4,271.6,575.9,,,160.5,217.7,229.8,374.1,455.1,,,,,,,,,,,,,,,,,469.8,544.6,1598.7,900.1,417.8,,,200.0,85.7,251.4,177.2,128.4,,,454.5,149.7,813.5,503.6,266.9,,,1947.5,718.9,1190.1,2328.6,548.3,,,1155.9,525.0,659.8,2380.3,821.8,,,222.3,244.1,300.6,549.3,682.2,,,,,,,,,,,,,,,,,,,,,,,,,,,,,,,,,,,,,,,,,,,,,,,,,,,,,,,,,,,,,,,,,,,,,,,,,,,,,,,,,,,,,,,,,,,,,,,,,,,,,,,,,,,,,,,,,,,,,,,,,,,,,,,,
20260928_岐阜_1R,20260928,43,岐阜,1,614.4,240.9,236.7,1480.4,535.0,1226.3,,622.5,642.0,311.5,1292.9,503.9,1774.7,,286.8,623.8,277.1,1527.9,597.7,644.9,,79.2,119.2,105.9,337.7,86.0,432.2,,2670.4,1984.2,2801.3,1152.1,1984.2,3809.7,,463.1,425.1,669.1,200.9,1596.2,1752.9,,2945.7,3710.8,2040.9,2026.4,6803.1,3246.9,,,,,,,,,494.3,182.9,166.8,1205.6,451.3,787.1,,498.6,95.9,231.5,495.2,142.5,548.4,,80.9,43.1,28.5,139.1,55.2,30.4,,73.3,158.0,69.3,528.1,153.0,318.8,,2040.9,1354.1,617.1,1304.7,1917.6,1527.9,,543.2,143.5,141.1,170.5,1107.4,570.3,,1561.3,890.1,216.6,768.1,1450.4,772.2,,,,,,,,,610.5,541.1,288.9,804.8,354.0,1503.8,,508.4,92.3,262.1,243.5,129.7,611.8,,458.6,106.1,147.1,200.3,92.3,379.9,,375.4,370.1,219.7,341.7,185.0,774.3,,876.4,307.5,249.3,373.9,218.1,1710.9,,207.5,106.1,75.2,102.7,178.8,414.1,,2214.9,1632.7,1020.4,1210.7,2857.3,968.5,,,,,,,,,172.9,426.4,207.6,933.7,299.5,405.2,,63.5,32.7,23.3,111.1,42.5,18.8,,418.9,100.8,143.8,324.3,127.0,252.8,,155.6,69.3,134.5,289.7,152.2,133.5,,1161.5,392.4,505.7,516.6,590.3,452.8,,334.1,123.0,162.2,197.0,716.1,218.2,,308.5,67.0,206.3,109.0,273.1,219.9,,,,,,,,,44.1,72.8,62.0,174.3,51.7,208.2,,68.6,206.3,77.6,497.7,137.7,377.9,,177.8,263.3,248.2,479.4,128.0,709.0,,108.0,107.0,201.3,344.6,191.2,280.1,,519.5,749.9,585.5,491.7,563.5,1387.0,,92.2,163.5,106.9,197.4,946.1,649.3,,658.3,958.8,1180.7,835.4,2401.1,1281.3,,,,,,,,,2857.3,3527.5,3710.8,1670.9,3284.2,7722.5,,2621.4,1819.9,855.4,2148.3,3072.4,2148.3,,3039.7,1587.4,1495.9,2695.5,1393.8,4464.5,,2747.4,830.6,2214.9,1785.8,2342.0,1335.2,,1435.8,2132.3,2361.4,1831.6,2574.1,4081.9,,3246.9,3072.4,1561.3,2801.3,2747.4,3527.5,,7519.3,3284.2,6079.4,1892.2,4926.4,4684.1,,,,,,,,,602.8,321.4,465.3,133.0,1731.7,1536.2,,515.7,136.0,125.3,126.8,1253.2,652.3,,130.1,64.9,80.9,40.4,194.2,332.6,,399.6,159.8,153.1,182.8,955.6,303.6,,101.5,148.8,84.0,162.6,930.7,595.2,,2506.4,2551.1,744.0,2164.6,2214.9,2915.6,,2342.0,999.0,1111.8,1082.3,1310.7,2829.0,,,,,,,,,3527.5,5602.6,2695.5,2528.6,7143.3,4201.9,,3322.4,2181.1,499.5,2323.0,2621.4,2801.3,,4464.5,3007.7,2070.5,2267.7,4684.1,2181.1,,1930.6,409.9,1292.9,939.9,1180.7,1258.7,,2285.8,2401.1,2528.6,1680.7,6079.4,2721.2,,7937.0,3210.4,6644.9,1843.4,6969.1,4842.9,,4464.5,3072.4,2361.4,1774.7,2574.1,4608.6,,,,,,,,,,,,,,,,,,,,,,,,,,,,,,,,,,,,,,,,,,,,,,,,,,,,,,,,,,,,,,,,
20260928_岐阜_2R,20260928,43,岐阜,2,186.4,217.7,152.3,600.7,128.3,461.4,,118.0,58.4,110.7,383.6,48.4,84.2,,187.0,124.1,175.7,581.0,73.1,318.0,,155.0,162.7,227.9,818.4,158.7,408.7,,925.5,917.5,1149.4,1321.1,288.3,1206.0,,53.6,35.3,56.8,72.1,41.5,123.8,,698.2,317.4,611.1,649.7,1759.0,353.7,,,,,,,,,411.8,380.3,242.1,820.5,200.8,589.6,,353.3,437.9,304.6,1730.3,467.5,406.6,,436.7,545.1,319.6,1739.8,661.9,607.6,,112.3,148.6,164.4,474.5,144.1,194.9,,2067.4,3577.4,3618.0,1851.1,1530.7,3183.9,,324.8,578.8,782.2,398.9,570.5,776.5,,991.8,979.6,765.3,668.8,1918.0,889.3,,,,,,,,,90.3,33.2,72.1,402.5,40.1,50.4,,143.6,142.8,140.0,824.8,193.1,121.0,,26.2,60.6,64.9,282.5,46.2,15.1,,107.6,106.2,100.8,632.9,146.9,94.5,,1384.3,1759.0,1027.0,1343.4,1004.3,1201.4,,115.6,227.9,129.4,250.7,495.1,143.4,,59.3,83.4,27.9,97.0,384.0,76.9,,,,,,,,,187.1,170.8,213.1,500.6,73.8,240.2,,279.2,347.9,277.1,1283.8,398.9,364.2,,88.6,115.1,185.1,538.7,117.0,34.6,,320.3,189.6,470.2,1965.3,590.7,837.8,,1895.1,2307.1,1989.9,2376.0,1467.2,2698.2,,183.0,587.4,409.2,683.2,442.2,589.6,,365.1,385.4,226.2,840.0,1157.7,473.7,,,,,,,,,207.5,228.2,334.7,1170.5,243.9,684.7,,78.0,87.8,128.4,225.9,81.1,136.8,,167.4,141.7,192.8,767.2,230.5,191.3,,508.6,273.0,515.1,2211.0,721.9,1061.3,,2698.2,1739.8,1759.0,3282.3,1675.7,3930.7,,224.3,212.6,273.0,712.2,334.4,914.9,,1819.3,797.9,941.9,1809.0,4030.2,1591.9,,,,,,,,,3702.2,2975.6,3979.9,3121.4,822.7,4824.1,,4752.1,4422.1,3979.9,3183.9,3091.1,5896.1,,3183.9,4898.3,2948.0,2921.0,2975.6,4824.1,,5053.8,3152.3,3577.4,3659.6,4302.5,5489.5,,3882.8,3790.3,3152.3,5053.8,3836.0,7765.6,,468.9,2027.9,2588.5,3061.4,2817.6,3537.6,,6122.9,6774.3,5896.1,6122.9,7580.7,5685.5,,,,,,,,,107.3,87.8,147.6,183.9,58.3,242.8,,273.7,536.0,901.9,439.7,638.0,1047.3,,207.4,454.8,372.3,553.7,713.8,570.5,,307.6,988.7,451.6,1086.6,896.8,1229.3,,383.6,468.9,554.6,1137.1,657.8,1360.6,,187.9,409.7,763.5,862.8,704.4,761.7,,925.5,1721.0,1304.8,1829.8,2358.4,1129.0,,,,,,,,,1460.5,889.3,1283.8,2393.9,1086.6,804.0,,1390.3,1133.0,1196.9,1337.7,2975.6,1545.5,,470.2,492.1,211.1,782.2,1516.1,527.1,,1013.9,964.8,408.1,1788.7,3282.3,1166.2,,3121.4,1378.3,1641.1,2721.3,6633.1,3091.1,,4974.8,5396.4,4302.5,4752.1,6122.9,3282.3,,1299.5,2226.5,1447.2,2067.4,2894.4,1768.8,,,,,,,,,,,,,,,,,,,,,,,,,,,,,,,,,,,,,,,,,,,,,,,,,,,,,,,,,,,,,,,,
20260928_岐阜_3R,20260928,43,岐阜,3,766.3,879.8,178.2,1574.9,353.2,928.5,203.9,647.8,746.2,331.0,622.4,321.7,947.0,172.5,812.1,863.8,428.0,1851.0,232.1,1278.3,293.2,69.9,244.4,264.1,666.0,91.1,170.5,55.0,2050.8,661.4,1875.4,1272.6,1010.8,2457.4,603.9,159.8,183.2,93.5,72.1,539.8,248.0,33.7,754.1,1158.8,1601.4,165.9,2096.0,501.8,230.2,32.8,45.8,64.5,13.9,150.8,13.2,51.4,2021.7,2007.5,298.4,3132.5,489.8,2111.6,431.2,2938.8,3476.4,1500.3,2664.1,2500.5,3563.3,3314.7,2689.3,3959.2,1447.0,6478.7,2050.8,4831.6,3239.3,180.0,551.3,655.3,1140.2,163.8,305.5,185.8,8638.3,4673.2,7126.6,3276.6,7309.3,8908.3,9999.9,483.1,2065.6,1357.4,280.0,3098.5,1851.0,524.9,3702.1,1549.2,5183.0,683.6,8384.2,3476.4,2714.9,577.0,2176.0,1863.1,504.5,3654.6,940.8,2192.8,1926.1,2639.5,947.0,1610.5,907.8,2664.1,600.1,3132.5,2591.5,1770.5,2938.8,2478.8,3065.2,3098.5,2938.8,3519.3,2767.6,4254.7,2395.5,6787.2,4131.3,1363.9,1213.0,2415.8,2176.0,1461.8,1351.0,1370.5,1425.3,2436.4,2879.4,1377.1,2111.6,4914.9,1508.2,959.8,2639.5,1727.6,1307.6,2336.6,2969.4,1508.2,3654.6,4192.1,7704.4,1851.0,6197.0,3202.9,3905.0,840.9,2822.4,3393.6,1566.2,2336.6,1900.4,3132.5,2591.5,2689.3,1363.9,3065.2,519.2,3476.4,916.6,3353.7,4015.0,1979.6,6629.4,2127.3,5378.6,3476.4,4597.8,3959.2,3519.3,5938.8,2065.6,6952.8,3654.6,1792.8,1628.9,2879.4,6197.0,1048.0,3314.7,1676.8,8384.2,8384.2,4914.9,7309.3,3434.5,6197.0,8638.3,333.0,871.7,850.9,456.8,1250.2,1295.7,439.2,5589.5,7309.3,9502.2,4914.9,8144.7,3393.6,6952.8,1158.8,3167.4,3702.1,1727.6,6197.0,1088.0,4673.2,104.7,619.7,466.5,1357.4,169.6,412.5,116.0,99.9,331.8,361.3,762.2,100.5,130.4,112.2,636.3,615.6,2065.6,2591.5,1182.8,885.2,621.0,1307.6,821.5,2375.5,4673.2,1040.3,2415.8,1439.7,3314.7,2143.3,2822.4,5589.5,3276.6,3654.6,3065.2,169.9,114.5,750.1,401.5,1638.3,433.2,191.8,382.6,95.9,595.1,1338.3,2591.5,495.7,436.5,175.8,164.2,577.0,646.4,1628.9,285.3,698.6,4524.8,1370.5,4751.1,2591.5,2850.6,5090.4,1377.1,7501.7,4319.1,6629.4,4254.7,8638.3,8638.3,9999.9,959.8,2500.5,2436.4,1202.8,1610.5,4673.2,1583.7,6952.8,6065.2,5279.0,6952.8,4254.7,9502.2,9999.9,4131.3,2591.5,3098.5,9502.2,7126.6,7309.3,5378.6,3132.5,5183.0,2568.1,2741.0,4831.6,5938.8,5090.4,9502.2,9999.9,8908.3,9999.9,4131.3,9999.9,9502.2,1804.2,8144.7,2615.2,9999.9,4385.6,5378.6,9999.9,149.1,222.7,87.3,76.3,677.1,267.9,30.6,333.4,931.5,460.5,187.5,1900.4,744.2,362.6,519.2,1126.7,615.6,588.9,1289.8,1377.1,666.0,78.8,174.7,270.4,89.2,573.5,422.3,95.7,86.6,75.9,308.1,115.0,956.5,235.2,108.9,1770.5,3608.4,1202.8,1532.6,2227.0,3476.4,2415.8,650.8,1032.8,1815.7,953.3,271.2,4015.0,540.9,40.0,172.8,335.7,113.7,89.0,1021.7,310.1,1104.9,3314.7,2741.0,345.1,5817.6,1418.2,449.6,2545.2,4385.6,6334.8,420.4,8638.3,3702.1,2457.4,4831.6,5817.6,9999.9,2176.0,8638.3,4831.6,4831.6,4914.9,5279.0,9999.9,3167.4,9999.9,3852.2,5589.5,302.6,93.1,1207.9,1477.0,3905.0,518.3,487.2,9195.6,9999.9,5482.0,6952.8,4254.7,8908.3,5701.3,1524.4,2689.3,4192.1,2355.9,681.9,3702.1,1313.6,525.9,1557.7,3132.5,4015.0,705.6,5090.4,1000.2,42.2,68.4,80.5,19.1,216.4,19.9,71.5,182.7,1272.6,1228.7,343.0,2714.9,670.7,800.7,204.0,959.8,1131.2,499.2,1574.9,972.9,1952.5,399.2,1325.8,1759.6,595.1,4385.6,649.3,2767.6,85.6,185.8,411.9,378.0,1140.2,192.0,478.2,710.8,4385.6,1792.8,5589.5,1619.6,3132.5,4751.1,49.9,309.8,448.9,218.1,133.0,1357.4,441.9,240.7,838.4,1839.1,2568.1,500.9,3905.0,667.6
20260928_岐阜_4R,20260928,43,岐阜,4,438.2,1223.1,222.7,1094.9,375.6,723.7,165.5,333.4,681.6,108.4,813.6,533.1,785.5,121.0,2147.2,1876.2,849.4,3420.3,2509.7,2066.8,956.6,113.2,59.0,152.3,315.5,300.3,290.6,33.9,2273.5,1876.2,2906.0,1267.2,3275.4,2171.3,511.2,511.2,1053.1,1673.1,638.8,2286.9,1961.9,428.4,2446.2,2611.5,3360.8,1314.6,3360.8,3142.2,856.9,56.9,56.5,143.8,18.8,35.8,137.3,139.3,926.8,1932.5,597.3,2196.0,643.0,1140.1,319.9,933.5,1469.5,339.9,2493.5,644.1,1101.1,604.8,3275.4,3092.0,1644.6,6550.8,1922.8,2077.9,1658.8,500.6,253.7,437.7,1521.6,289.0,533.8,232.8,4892.4,4342.7,6550.8,2996.1,2821.1,4155.9,1992.2,349.1,374.8,560.9,215.8,1120.2,207.0,133.7,1503.9,1288.3,1296.9,825.8,2721.8,488.0,571.7,259.2,546.6,705.2,297.9,476.5,259.2,412.0,311.4,766.8,125.2,1070.6,508.5,1098.0,153.4,409.8,1254.8,254.6,1971.9,648.4,1174.7,418.2,1952.0,2800.7,608.6,4771.6,2862.9,2629.2,1942.2,65.7,99.5,64.4,488.6,187.8,257.8,56.3,3220.8,4771.6,8784.1,2477.5,8588.9,6550.8,2300.6,1234.8,810.2,2328.3,584.7,3984.5,2526.1,1001.3,2841.9,3067.4,3826.7,1246.7,7292.5,3303.4,2159.2,188.6,487.3,760.8,163.2,551.3,947.3,874.4,5153.3,5153.3,1952.0,6663.8,3043.3,9202.4,3865.0,5601.4,7578.4,2841.9,9999.9,5768.6,8588.9,7157.4,4892.4,7157.4,1110.6,8988.4,4442.5,5683.8,5683.8,1571.1,2183.6,662.9,4771.6,2385.8,2300.6,1346.6,9999.9,9999.9,9426.8,7292.5,9999.9,6901.8,9999.9,4831.2,6336.1,5946.1,3612.1,9999.9,8052.1,9999.9,9999.9,8052.1,6039.1,3680.9,8988.4,9662.5,7887.8,3680.9,9202.4,6901.8,2611.5,5856.1,9999.9,5683.8,109.7,35.0,80.6,338.7,226.9,234.3,32.1,186.0,110.2,155.2,918.0,259.7,407.2,146.4,19.5,38.1,13.5,224.1,74.9,95.2,16.4,143.6,170.7,47.6,590.9,301.2,141.6,76.7,1539.8,1992.2,963.8,1342.0,3116.9,2260.2,793.6,468.4,303.6,252.4,377.4,1772.9,878.4,369.5,870.5,834.7,365.6,368.8,1806.0,1267.2,471.3,50.9,123.0,46.6,64.0,153.0,253.7,213.4,5601.4,5153.3,7887.8,4713.4,8402.2,7730.0,1238.7,7730.0,5443.7,8988.4,5946.1,6663.8,7157.4,5085.5,6336.1,6901.8,7292.5,6441.7,9999.9,9999.9,3612.1,9999.9,9999.9,9999.9,9999.9,9999.9,9999.9,9999.9,4713.4,5294.5,5085.5,7292.5,9999.9,8784.1,2996.1,9999.9,6901.8,9999.9,9999.9,9999.9,9999.9,8784.1,9999.9,9999.9,9999.9,9426.8,9999.9,9999.9,6550.8,880.4,2996.1,3043.3,5085.5,2077.9,4955.1,3092.0,796.9,1420.9,2159.2,1079.6,3826.7,2884.3,528.7,313.7,528.7,892.6,222.5,1279.8,260.0,219.7,1360.9,1167.6,2542.7,710.4,5946.1,2684.0,1453.0,3275.4,3116.9,3789.2,2371.1,9426.8,5443.7,4201.1,619.3,370.9,552.9,911.5,2741.1,866.5,466.7,5856.1,4547.0,7292.5,9426.8,5601.4,7730.0,4494.2,4771.6,1370.5,4068.4,5601.4,2760.7,8052.1,2973.0,527.2,516.7,1351.4,1651.7,555.3,1375.4,929.0,4771.6,5768.6,7432.7,3043.3,7730.0,6901.8,1617.1,4247.2,3943.9,5019.5,2593.9,6336.1,2159.2,2171.3,5019.5,4892.4,5085.5,1680.4,9910.3,5153.3,3360.8,9999.9,7432.7,6550.8,3789.2,9910.3,8784.1,7292.5,2780.5,2328.3,1296.9,1831.7,5768.6,2721.8,1509.7,9999.9,9999.9,9999.9,9426.8,9999.9,9999.9,7578.4,6780.7,2576.6,5946.1,7027.3,3043.3,8402.2,4247.2,1503.9,2721.8,3247.9,4831.2,1922.8,2862.9,4068.4,90.6,81.3,215.6,38.2,40.6,182.4,185.1,276.8,721.0,1009.1,377.0,477.1,467.9,717.0,166.5,582.0,935.8,160.6,503.2,872.4,959.0,1189.2,2477.5,2147.2,996.1,1405.4,3194.2,1756.8,84.1,261.6,121.5,228.8,234.6,447.8,489.2,153.8,564.2,705.2,866.5,391.9,961.4,512.6,528.7,695.1,1143.4,2135.3,739.0,1136.7,1492.2,690.1,1564.7,1922.8,1961.9,1098.0,956.6,2260.2
20260928_岐阜_5R,20260928,43,岐阜,5,594.5,770.6,830.9,399.5,647.7,451.5,511.6,439.6,414.4,449.9,187.4,131.5,1410.7,296.3,871.5,549.3,806.7,141.4,580.0,1958.4,742.0,584.0,509.5,754.3,318.9,573.3,1681.4,174.1,138.1,67.3,33.6,122.0,95.0,549.3,116.1,782.7,223.7,582.0,636.9,346.0,1836.0,501.9,1447.5,2903.4,3201.2,3397.2,1898.8,2805.6,2955.0,420.0,352.1,665.8,216.9,338.1,436.1,1546.1,899.8,1261.1,1209.2,667.6,944.0,715.4,921.4,821.3,870.0,931.7,544.0,265.0,609.7,676.6,1391.0,1353.3,2280.3,591.7,1626.7,1270.7,2005.6,1257.9,1029.6,2322.7,1595.5,1055.8,971.5,465.8,362.4,365.5,266.6,1273.9,916.3,316.6,940.4,1088.0,499.4,1297.1,1212.1,1331.7,931.7,880.7,418.6,313.8,422.8,818.6,280.0,446.6,479.7,745.3,632.9,1297.1,346.3,977.3,550.0,691.6,414.0,389.2,365.3,172.9,111.0,1203.3,276.5,564.9,413.7,669.4,432.3,149.4,332.9,401.7,445.0,566.2,575.3,156.9,183.9,1490.7,422.1,459.8,574.0,787.6,542.2,175.9,1477.5,195.7,131.3,344.6,93.2,436.1,79.4,830.9,177.4,41.7,57.5,50.9,56.0,28.6,165.0,25.3,2259.7,992.8,2143.3,2322.7,1898.8,779.0,1575.3,257.9,316.6,337.4,149.4,240.7,81.4,781.5,1161.3,812.0,1122.2,194.1,703.3,2448.0,1008.8,1473.1,1950.7,2601.0,608.2,1637.3,1884.5,2072.2,824.0,806.7,845.0,282.9,412.0,2728.9,865.5,1740.0,3351.6,2209.7,1044.7,2200.0,5428.2,1460.2,97.3,235.0,153.1,370.7,179.5,454.8,256.2,903.0,1632.0,768.3,1486.3,567.5,2400.9,1038.2,4711.3,3307.2,5312.7,8464.4,1473.1,4896.0,5611.2,1555.7,2280.3,1186.2,1267.5,835.1,1346.0,3329.3,593.1,539.3,836.5,357.4,607.5,2601.0,182.0,833.7,870.0,1796.4,1394.9,858.0,765.9,309.0,535.8,675.7,1410.7,1036.1,210.6,2290.8,212.6,1242.2,2134.1,1966.1,749.8,2072.2,5428.2,682.2,446.2,890.1,933.4,480.6,1095.1,3374.3,320.5,901.4,853.6,442.3,1740.0,1681.4,2837.5,365.8,4801.9,2107.1,3672.0,7803.1,7033.8,3492.3,1950.7,89.9,96.8,80.4,188.4,154.2,80.4,380.6,120.3,61.9,23.2,150.3,86.1,493.4,121.1,231.3,332.9,206.7,1027.5,740.9,653.6,818.6,105.4,280.8,99.3,578.0,158.8,1132.4,313.3,30.8,112.4,58.7,196.5,96.3,333.3,124.2,302.8,832.3,655.3,408.0,944.0,2837.5,355.4,235.0,718.5,245.5,271.1,876.1,1477.5,578.6,1293.7,1297.1,2714.1,893.3,5095.9,2870.1,3180.8,372.4,760.1,568.1,321.3,368.5,609.0,1884.5,1280.5,240.2,846.4,768.3,525.6,2436.1,686.9,1664.6,500.4,1950.7,1849.6,1836.0,1443.3,1251.6,88.2,170.9,184.1,139.6,103.5,357.7,76.4,1135.0,1973.9,631.3,1692.8,790.1,3285.5,1248.5,890.1,1422.7,356.4,1734.0,1541.3,2759.1,534.6,454.4,1499.7,281.3,578.0,1297.1,2312.0,817.3,4458.9,2774.4,1254.7,5487.9,4060.1,3901.5,2670.5,679.4,951.2,261.4,940.4,427.2,835.1,1664.6,2821.4,6090.2,5806.9,5487.9,3901.5,5044.4,6242.5,1610.9,1353.3,1870.4,2125.1,1127.3,1595.5,1394.9,5148.4,2472.2,7566.6,5487.9,5875.3,2628.4,4499.1,7033.8,4380.7,8464.4,9999.9,2805.6,6090.2,7237.6,9422.6,3841.5,4994.0,9999.9,8917.8,4994.0,4581.6,3082.7,1836.0,5428.2,2270.0,7683.0,4667.2,6165.4,4756.2,2920.4,2886.7,6658.6,3871.3,4667.2,3672.0,7453.7,3082.7,4667.2,7927.0,4093.4,7566.6,3901.5,882.3,481.1,923.1,238.6,467.1,586.8,2013.7,909.6,548.1,1342.4,234.2,1245.3,609.0,770.6,358.7,434.2,771.8,142.9,527.3,164.9,1297.1,1451.7,2270.0,1504.2,758.9,953.0,1324.6,3160.7,116.4,123.9,92.1,270.3,175.0,122.3,478.3,623.4,1331.7,842.1,650.2,407.3,883.8,2484.5,564.2,601.6,252.6,801.6,220.3,688.8,1215.0,3901.5,1935.6,2535.0,3592.8,1414.7,3726.8,2098.3
20260928_岐阜_6R,20260928,43,岐阜,6,60.3,256.3,149.9,637.2,58.8,233.0,49.9,42.4,210.6,38.7,397.2,81.1,143.9,24.5,440.4,355.6,546.9,1852.9,624.5,218.1,209.3,273.7,112.8,746.1,1569.1,530.2,674.9,178.8,1780.6,1252.2,1992.6,2561.9,2272.1,888.7,795.7,64.7,110.5,337.9,307.4,776.1,243.2,73.4,278.9,192.3,84.9,386.2,766.6,299.0,115.5,15.3,10.8,41.9,40.0,163.0,26.5,39.5,166.3,890.3,378.4,1806.2,126.4,505.1,158.3,168.9,1165.0,205.7,1304.2,135.7,600.6,304.5,1604.2,2032.9,3043.2,5285.6,838.2,1635.6,2251.7,571.9,404.2,2092.2,2173.7,409.2,1271.2,815.1,2414.1,2183.2,4737.1,4366.4,1230.7,2145.8,4606.7,93.0,100.2,226.5,194.2,585.2,294.8,141.0,1057.1,1264.8,1141.2,2642.8,3692.2,662.4,1579.0,304.3,407.9,1625.0,682.2,2936.4,276.6,1481.2,66.6,382.4,54.8,644.5,151.3,184.8,43.1,94.3,668.6,90.4,771.3,111.0,262.7,190.5,1028.9,1375.7,772.5,4219.6,2335.5,908.0,1230.7,52.3,68.7,277.5,311.3,177.3,154.1,98.7,1673.8,2714.2,4328.7,1494.4,3561.2,2656.8,2461.4,260.0,220.7,938.5,308.8,1768.0,778.5,330.7,587.9,908.0,462.8,572.5,1696.4,1379.5,893.4,94.1,237.9,812.5,173.2,1215.8,329.9,579.1,2041.2,1873.6,2869.3,5579.3,2192.7,899.8,911.3,2449.4,2869.3,3775.4,9999.9,1755.7,1780.6,2774.2,2008.5,2885.8,1707.9,9656.5,4049.5,1422.4,2729.0,4291.7,4737.1,2759.0,9474.3,6437.6,2805.2,4692.8,9298.8,9999.9,9999.9,9999.9,9999.9,1696.4,9999.9,3303.5,2292.8,4404.7,4971.6,9999.9,2241.6,5072.1,542.2,685.0,667.7,825.8,1120.8,1284.2,662.4,1307.6,3303.5,2971.2,4782.2,9999.9,5458.0,1737.5,1342.6,531.9,2789.6,4692.8,1549.8,1976.9,921.3,1490.0,776.1,2449.4,3665.2,1159.6,2853.0,1812.7,316.2,409.9,591.4,1321.4,663.3,738.4,471.9,4184.5,4782.2,2335.5,9999.9,5907.5,3862.6,5642.0,8809.4,5642.0,2936.4,9999.9,7173.4,8231.8,8657.5,2074.9,1394.8,1268.0,3747.3,4082.4,3303.5,2402.5,2789.6,4606.7,2118.7,3303.5,6276.7,5399.3,4082.4,1170.4,1839.3,1066.1,4828.2,6049.8,2164.3,4404.7,5579.3,3638.6,2183.2,7277.3,6878.6,3985.2,2437.5,3561.2,2869.3,7072.3,7494.6,2902.5,2714.2,6199.2,4017.1,7072.3,6276.7,2919.4,9474.3,6356.2,5458.0,8099.0,9999.9,9999.9,9999.9,9999.9,1490.0,9999.9,9999.9,9999.9,4483.3,9999.9,9999.9,9999.9,9999.9,8231.8,3198.3,8099.0,7845.9,9999.9,7494.6,9845.8,2164.3,2437.5,2449.4,667.7,4737.1,3198.3,3511.4,3862.6,9999.9,6199.2,9999.9,9999.9,9999.9,8809.4,131.0,289.5,673.1,730.9,2118.7,591.4,155.1,74.0,68.4,212.7,176.9,519.8,155.1,110.9,327.9,226.2,963.8,434.7,2425.7,800.8,402.0,1406.5,1159.6,2016.6,2836.9,5579.3,1379.5,2437.5,1418.4,737.3,885.6,2615.3,3922.9,2368.5,1657.2,3439.3,2853.0,3922.9,6695.2,7494.6,2379.8,5771.7,903.1,579.1,1138.6,635.6,2988.9,2523.3,1077.5,365.9,364.3,506.1,1574.1,1082.1,4049.5,1530.9,887.1,545.2,242.8,1068.3,2155.1,1755.7,422.6,1026.8,1673.8,604.9,2971.2,3612.5,768.9,1946.2,727.7,1335.4,309.9,794.5,2615.3,1859.7,1324.9,226.1,301.4,289.7,423.3,525.8,483.2,304.5,2231.7,4082.4,1768.0,1008.3,5771.7,4606.7,4017.1,1825.9,2272.1,2049.5,551.1,3370.0,3303.5,2303.3,2145.8,951.0,2221.8,896.6,3178.1,4291.7,2335.5,800.8,2714.2,1614.5,659.8,3487.0,3638.6,3043.2,70.9,51.7,139.5,144.0,443.1,104.8,177.2,287.7,543.4,1916.5,873.2,2971.2,447.5,1138.6,149.3,371.6,1554.6,451.1,1916.5,458.9,1178.7,855.4,2699.6,2391.1,3218.8,9999.9,3638.6,2074.9,555.4,1526.2,821.8,3218.8,5176.7,1609.4,2821.0,2101.0,6521.2,4737.1,9999.9,8231.8,9298.8,5176.7,330.7,426.2,509.7,2821.0,1151.6,3415.9,1793.3,849.6,1162.3,2016.6,1406.5,3487.0,4082.4,2853.0
20260928_岐阜_7R,20260928,43,岐阜,7,622.1,532.5,366.5,451.9,314.8,1391.5,225.8,803.0,1747.2,1018.3,1292.8,367.2,1381.0,471.0,938.0,2398.5,2087.3,3038.2,1531.8,4446.1,1562.5,930.0,1454.4,1769.8,1204.5,821.1,2419.8,602.9,374.3,951.0,1295.9,400.0,349.4,1758.4,294.3,336.3,173.6,962.8,263.5,518.3,257.4,162.5,3574.3,2893.5,7291.7,2419.8,4971.6,1462.2,1892.3,211.2,353.7,862.5,195.4,349.8,170.4,669.3,459.9,365.3,489.5,1007.1,379.2,1747.2,282.6,420.6,281.0,393.4,1566.9,164.8,1139.3,203.3,261.4,224.3,156.6,829.8,139.2,956.0,102.9,475.5,400.6,290.8,1647.2,244.5,1427.8,174.2,3004.8,3621.7,2288.1,4050.9,2924.4,5696.6,2629.2,355.8,166.4,242.0,295.2,1486.0,496.2,130.8,4050.9,2579.6,2579.6,2680.7,7491.4,1519.1,1454.4,203.6,147.8,119.6,127.9,997.9,90.2,626.4,690.5,1186.2,899.4,1254.3,375.8,1220.7,460.3,496.7,337.3,377.4,1714.3,150.9,840.0,209.1,1741.6,664.4,2010.5,5309.5,691.3,3334.6,1240.0,1254.3,682.7,2144.6,4519.6,390.3,1446.7,483.9,3597.8,4519.6,6669.2,7102.3,3417.9,9999.9,3771.5,95.6,68.9,271.9,84.0,671.8,31.3,29.7,2010.5,1793.0,4482.6,1571.4,6922.5,353.5,849.1,222.7,211.8,677.6,152.5,1510.7,64.6,322.2,1263.0,2327.1,2347.1,2327.1,1514.9,5817.8,1866.4,485.2,449.7,259.4,1314.6,256.6,1470.1,181.0,2033.0,1102.5,2893.5,7595.5,679.3,4882.8,1398.6,1816.8,750.1,2776.0,5258.4,1089.4,5309.5,985.3,5159.2,3745.7,9943.2,9765.6,6510.4,7595.5,6751.5,1490.1,845.2,757.4,1544.8,4882.8,1613.2,890.6,9999.9,5524.0,9428.9,8544.9,9999.9,5111.0,6835.9,1265.9,408.4,1280.7,822.3,4272.4,685.3,3055.1,1698.3,1925.6,2127.9,2972.1,1466.1,3670.3,893.5,1363.7,1043.6,951.0,3235.9,650.2,2259.8,474.7,1872.8,1317.7,3314.4,7011.2,589.3,2241.3,485.6,3771.5,1847.5,4375.0,9269.1,2908.9,7291.7,2010.5,5468.7,6669.2,9999.9,9999.9,6009.6,9999.9,4174.6,821.1,659.6,418.1,1829.0,2940.2,815.0,270.8,6835.9,5309.5,3396.7,9999.9,9999.9,2398.5,2485.8,480.1,348.7,364.3,1041.6,1662.2,227.9,1109.2,2214.0,2790.1,3021.4,2025.4,2048.2,7925.7,1898.8,5111.0,5880.4,4446.1,8965.2,7812.5,9999.9,6922.5,5258.4,6669.2,8413.5,9999.9,6751.5,9999.9,6922.5,6669.2,4755.4,9999.9,9999.9,9999.9,9999.9,9428.9,5468.7,9999.9,9999.9,9999.9,9999.9,9999.9,6751.5,4674.1,4050.9,5524.0,9114.6,9999.9,9999.9,6669.2,9999.9,9999.9,9999.9,9999.9,9999.9,9999.9,9999.9,4143.0,5944.3,7595.5,9999.9,5258.4,6144.7,9999.9,435.4,125.2,837.4,273.7,675.9,210.3,153.6,416.1,123.0,387.0,310.1,1439.1,236.8,133.7,61.1,45.1,154.6,46.9,512.5,13.0,16.2,1215.2,622.8,457.2,1196.6,3670.3,851.8,593.1,349.2,323.2,115.8,947.7,1905.5,234.1,128.2,2908.9,3314.4,1514.9,4797.1,4081.1,2223.0,1804.8,224.1,187.4,34.5,764.8,165.7,1405.8,59.8,105.0,69.1,19.6,284.3,55.3,694.8,42.9,9999.9,7011.2,9999.9,6359.0,9999.9,3621.7,4971.6,7925.7,4971.6,5361.5,5637.9,9999.9,3072.3,3355.0,4755.4,3851.2,9428.9,3274.7,9999.9,672.6,1939.2,9999.9,9269.1,9999.9,9999.9,9999.9,8162.3,9999.9,7702.5,5817.8,3851.2,9999.9,9999.9,2497.1,3161.1,9999.9,9999.9,9999.9,9999.9,9999.9,9765.6,9999.9,1603.7,1420.4,333.0,4174.6,1178.6,5756.6,382.9,3198.1,2357.2,1510.7,8042.3,1822.9,9999.9,465.8,236.7,237.7,702.9,204.5,427.9,155.1,470.2,215.5,154.5,169.4,124.9,872.2,84.8,374.5,228.9,179.5,529.4,143.8,1209.9,61.3,227.8,926.9,308.6,706.5,695.7,2508.6,497.6,1589.7,205.5,133.5,151.2,513.0,845.2,88.4,289.3,1519.1,1822.9,2543.6,3294.4,1960.1,1787.1,3645.8,112.2,72.3,29.5,294.4,60.4,597.0,57.8,880.6,719.5,532.5,2223.0,569.0,3142.9,242.5
20260928_岐阜_8R,20260928,43,岐阜,8,1051.7,2767.1,1596.7,3750.2,749.0,3149.3,634.7,640.4,432.8,158.0,314.2,285.7,1005.3,94.8,2151.0,768.2,1376.9,3276.0,1236.5,3373.0,261.4,1177.7,228.1,926.8,1492.2,588.2,1140.0,217.2,5135.4,1561.7,4672.4,3540.6,4130.7,7808.7,1666.7,338.1,488.4,1231.1,819.0,2119.1,894.8,282.3,3654.0,1979.3,4191.4,2676.2,5428.9,1051.7,916.4,145.2,30.5,30.1,56.8,201.4,52.7,190.2,2345.8,4830.8,2714.4,8028.7,1557.4,6404.9,1421.5,2235.4,5278.1,1965.6,2014.2,951.6,4488.4,1461.6,5937.9,9999.9,8769.8,9999.9,4672.4,9999.9,4418.9,2780.6,2134.9,5816.7,5377.7,1958.8,6628.3,2836.0,9999.9,4191.4,9828.2,7600.5,4418.9,9999.9,6706.3,731.7,586.4,1524.1,953.2,1328.7,561.6,373.7,8261.4,5428.9,9999.9,9999.9,9999.9,1269.5,3904.3,793.9,1354.0,1798.2,2209.4,4254.0,812.0,3257.3,557.7,474.2,157.9,234.8,299.8,998.3,93.8,948.4,1579.0,556.6,378.2,253.4,1666.7,435.1,1168.1,2567.7,1347.6,1313.4,1827.0,5481.1,673.8,84.6,142.2,286.7,35.5,66.4,299.7,36.3,210.1,185.4,523.9,80.3,131.5,450.9,110.1,417.3,150.7,925.3,222.3,205.4,532.7,227.7,1579.0,1341.2,3775.0,887.9,961.2,571.7,752.0,65.8,254.2,128.5,86.6,105.2,138.5,421.6,4560.3,2923.2,3630.8,5377.7,2489.2,7403.1,528.3,4872.1,8508.0,8143.4,9999.9,5643.9,9999.9,4418.9,2878.9,7703.2,5377.7,5700.3,5135.4,9999.9,1605.7,3825.7,9048.2,5481.1,9999.9,6706.3,9999.9,3016.0,9999.9,9999.9,6951.6,9999.9,9999.9,9999.9,8769.8,3585.1,4597.0,5428.9,6552.1,9999.9,9344.9,2878.9,9999.9,9999.9,9999.9,9999.9,9999.9,9999.9,8508.0,268.1,1610.2,954.8,1657.0,3149.3,1151.5,3016.0,984.5,237.0,847.0,1269.5,557.7,1269.5,220.7,1450.4,943.7,3064.7,2938.3,946.9,4672.4,1432.2,120.8,207.8,339.3,78.1,102.1,460.8,52.1,2111.2,4750.3,1686.5,4597.0,3276.0,9999.9,1524.1,2767.1,3454.7,664.3,3877.8,2544.8,6628.3,1775.8,839.5,454.9,388.8,2271.0,1965.6,1561.7,604.4,3677.6,6404.9,2043.1,7808.7,7037.5,2035.8,3081.2,118.4,626.4,113.6,236.1,626.4,310.6,1075.5,9999.9,3202.4,9194.1,7500.5,9999.9,9999.9,3725.7,9999.9,4597.0,9999.9,8906.8,7703.2,9999.9,9828.2,1316.4,1856.8,3048.3,796.1,1313.4,2984.4,779.8,9999.9,9999.9,6706.3,9999.9,9999.9,9999.9,9999.9,6477.7,7500.5,1236.5,9999.9,9999.9,9999.9,5876.6,9999.9,5000.3,4042.8,9999.9,9999.9,8508.0,8769.8,9999.9,9999.9,9999.9,9999.9,9999.9,9999.9,9999.9,3114.9,7308.1,1574.6,5588.6,6196.0,7308.1,9999.9,544.4,887.9,1775.8,1200.0,3393.0,1500.1,409.5,314.2,220.8,729.8,450.6,649.2,177.9,155.1,804.0,301.4,2057.9,602.5,771.3,1128.7,477.0,3276.0,2271.0,4160.8,4750.3,8508.0,6477.7,2271.0,1247.3,696.8,649.2,3497.1,3701.5,1748.5,1109.0,7600.5,2072.8,3202.4,8636.9,6706.3,5937.9,4597.0,1117.7,243.9,855.9,2080.4,1557.4,2591.0,494.3,268.3,245.7,399.4,644.8,845.7,2143.0,644.8,4634.4,4042.8,5700.3,4830.8,8261.4,1544.8,1331.8,5700.3,3373.0,8143.4,7037.5,8508.0,840.7,2307.8,2415.4,1007.1,1341.2,1753.9,1919.3,607.0,750.0,9661.6,9999.9,9999.9,9999.9,9999.9,4351.4,5044.5,6628.3,6706.3,2938.3,9999.9,9999.9,2226.7,4318.4,9999.9,9999.9,6867.9,9999.9,9999.9,7703.2,9999.9,1000.0,180.5,469.1,976.0,1231.1,1938.9,351.6,602.5,810.8,620.2,696.8,2289.3,3166.8,452.4,65.1,11.5,9.4,23.5,128.9,19.9,115.5,212.4,490.1,416.6,1038.3,1743.2,358.5,1207.7,32.6,235.0,83.3,76.2,153.6,102.1,508.0,32.9,251.6,103.0,179.7,549.7,137.9,460.8,63.0,524.4,97.6,153.7,715.2,242.5,890.6,539.2,2405.2,667.4,1185.1,1906.4,1792.5,3958.6,76.9,175.7,163.3,181.7,336.7,673.8,416.3,219.8,1163.3,604.4,522.4,1133.2,2489.2,384.9
20260928_岐阜_9R,20260928,43,岐阜,9,2251.7,4897.5,1908.1,7732.9,4109.7,7534.6,1554.7,1242.4,420.9,270.2,815.1,226.9,599.6,297.7,4897.5,1329.6,1708.4,4701.6,1985.4,3283.2,2047.7,1058.9,271.2,691.4,1749.1,306.2,1100.5,235.7,9999.9,3029.3,6678.4,6678.4,5996.9,6996.4,7632.4,1469.2,198.0,806.1,357.4,1323.6,1145.6,521.4,9999.9,2379.3,4197.8,3397.1,5936.3,3791.6,3457.0,1088.3,423.7,1412.7,347.9,3060.9,727.3,2226.1,5544.3,8904.5,2671.3,9999.9,6458.2,9999.9,2647.3,6121.8,9999.9,6458.2,5200.8,7941.9,6388.0,7941.9,6755.1,9999.9,6530.0,9999.9,9041.5,9999.9,6833.7,2260.3,4197.8,4258.7,5877.0,3142.7,5818.8,581.8,9999.9,9999.9,9999.9,9999.9,9999.9,9999.9,9999.9,6121.8,9328.5,7346.2,4980.5,9999.9,9999.9,5761.7,9999.9,9999.9,9999.9,9999.9,9999.9,9999.9,6388.0,1914.3,4385.8,3416.8,482.1,6388.0,3627.7,3696.2,1959.0,641.5,397.6,1066.6,462.7,771.2,504.0,4980.5,6914.1,5247.3,4980.5,6252.1,4701.6,5200.8,1871.6,7632.4,3229.1,6319.3,3397.1,4591.4,3650.3,576.1,3013.8,1743.9,3176.7,944.8,1579.8,604.6,3743.3,9999.9,8050.6,9999.9,9999.9,9999.9,6530.0,974.6,2953.2,2389.0,1614.5,6388.0,3743.3,2121.6,2825.4,9961.0,4627.5,4258.7,8395.7,4897.5,4817.2,1224.3,3176.7,2923.8,775.3,4664.2,2012.6,3194.0,5023.0,2047.7,1865.7,3519.1,1992.2,3841.1,2448.7,5877.0,9634.4,4701.6,9961.0,8162.5,9999.9,4452.2,2708.2,9479.0,3970.9,6458.2,4486.2,5597.1,4520.7,1300.2,2322.9,2379.3,2623.6,1871.6,2201.1,526.1,4817.2,8050.6,5936.3,4385.8,9041.5,1224.3,4938.6,2500.8,9182.8,4817.2,3176.7,9041.5,6914.1,3605.5,4228.0,6530.0,4664.2,3076.9,1819.5,8395.7,3283.2,2243.1,2192.9,3477.5,613.4,4486.2,3605.5,2566.3,223.5,46.9,151.4,386.8,60.6,253.1,47.9,480.1,769.2,716.7,1341.7,673.1,1113.0,135.9,85.5,488.1,264.9,622.5,205.8,401.7,105.2,305.4,691.4,403.6,680.9,559.7,510.1,159.6,1161.4,1914.3,1250.4,1002.9,1526.4,1020.3,487.3,74.0,405.8,163.0,359.0,766.2,575.6,101.4,676.2,1232.0,701.3,642.9,874.5,999.4,291.5,5.6,5.2,14.9,26.6,66.7,21.6,47.0,9999.9,6755.1,8277.4,9041.5,9999.9,9999.9,9999.9,9999.9,9999.9,9999.9,9999.9,9999.9,9999.9,9999.9,7941.9,9999.9,9999.9,9999.9,9999.9,9999.9,9795.0,9999.9,9999.9,9999.9,7346.2,9999.9,2880.8,9328.5,6996.4,9634.4,9634.4,7167.0,9999.9,7255.5,2137.0,9479.0,6914.1,9999.9,9999.9,9999.9,9999.9,9999.9,9999.9,9999.9,9999.9,3093.1,9634.4,9999.9,9795.0,9999.9,9634.4,8904.5,9999.9,1871.6,9999.9,8904.5,2341.4,270.8,1163.7,478.1,2286.7,1853.9,746.7,4817.2,5023.0,5877.0,3397.1,9961.0,4627.5,3076.9,723.7,4486.2,2785.3,1542.5,6603.3,3816.2,1836.5,2695.8,8517.4,3970.9,3013.8,6833.7,3029.3,4627.5,464.2,1708.4,745.8,1419.5,3866.4,2350.8,380.3,9999.9,9999.9,9999.9,9999.9,9999.9,9999.9,9999.9,6319.3,9999.9,6388.0,3519.1,7167.0,9999.9,3397.1,1072.4,1780.9,1506.9,2490.2,469.7,6458.2,2322.9,9999.9,4289.7,4778.0,3696.2,7439.2,5023.0,4778.0,9999.9,9999.9,9999.9,8517.4,9999.9,9999.9,5996.9,4857.0,9999.9,6914.1,6252.1,9999.9,9634.4,6388.0,5110.4,7534.6,5936.3,4109.7,2192.9,8050.6,3673.1,3377.5,5342.7,4081.2,3540.3,4938.6,3944.3,1034.6,9479.0,9999.9,8050.6,2544.1,7255.5,9999.9,7255.5,6530.0,9999.9,8771.6,9328.5,5294.6,9999.9,3791.6,3816.2,3583.5,3892.0,3265.0,938.8,5342.7,3194.0,439.2,352.3,757.3,147.2,1660.1,456.9,984.4,390.2,594.2,455.5,67.9,761.2,717.5,475.1,596.0,1032.8,1447.5,330.7,2469.3,1092.3,1819.5,1027.4,909.7,1294.4,291.9,1743.9,1632.5,1132.3,14.9,6.5,35.0,43.0,105.2,32.2,72.3,3918.0,2379.3,3159.6,2983.2,720.2,6058.7,2909.4,462.0,824.2,895.8,1320.6,237.6,2866.8,1399.2,1660.1,996.1,2251.7,1419.5,396.8,2137.0,1679.1
20260928_岐阜_10R,20260928,43,岐阜,10,57.9,202.4,79.7,965.7,195.3,480.9,319.2,30.4,40.7,23.2,254.3,69.8,129.2,25.7,322.1,173.0,350.8,342.3,533.2,318.9,925.6,98.3,81.6,285.9,938.0,122.1,723.5,391.2,2602.6,1220.3,1445.0,2410.8,3479.4,3154.9,6249.6,413.6,263.5,690.4,265.9,2509.4,1528.3,1304.7,948.0,458.7,363.6,1152.9,2555.2,1800.3,2276.5,1024.2,331.5,1700.5,943.4,3878.2,1535.5,2666.3,64.5,191.8,86.3,976.3,165.3,450.5,420.7,49.5,165.5,59.7,669.7,124.6,324.0,129.8,317.4,286.8,194.4,345.3,362.0,381.6,1029.5,59.5,36.7,64.3,365.7,22.4,222.0,238.6,3037.7,1931.4,1533.1,2052.7,3227.6,3259.8,7008.5,269.0,218.0,424.7,101.1,1537.9,923.9,823.8,753.0,696.3,415.5,532.6,1923.9,816.3,2074.4,1083.0,752.4,1974.2,1022.0,4881.5,1411.7,2819.5,27.0,45.2,17.6,264.6,48.9,119.0,15.3,48.2,204.0,69.7,931.8,178.0,379.8,111.3,185.7,454.6,372.5,589.3,625.3,549.3,411.4,62.3,99.5,247.3,930.9,123.5,586.4,152.6,1170.8,3227.6,1793.7,2885.8,3542.2,4521.6,2416.7,198.9,458.9,646.3,241.0,2260.8,1407.7,472.4,330.4,672.5,397.4,930.0,2195.0,1257.9,614.4,67.7,207.9,347.4,160.6,1028.5,303.7,625.3,835.0,480.0,920.4,804.2,1468.8,776.2,2509.4,782.4,768.3,603.0,834.3,1221.9,738.2,3056.6,494.3,895.2,859.9,665.2,1426.1,713.6,1266.0,1026.3,828.0,902.6,867.5,758.2,870.6,3124.8,1007.3,1000.2,764.7,910.2,1291.0,270.8,2271.2,2352.9,2387.3,2303.2,1240.4,1613.8,1718.3,5083.9,515.6,570.7,337.7,388.2,109.1,658.5,1582.5,5606.8,6720.5,3832.8,6455.2,4021.3,7268.1,5303.7,177.1,150.4,525.8,1942.9,246.1,1360.8,725.2,102.9,71.3,119.2,622.5,41.9,375.2,415.7,138.7,174.1,407.6,1706.4,189.1,985.1,518.6,862.9,484.7,626.1,1085.3,492.5,1025.2,2092.1,5840.4,2928.9,4809.8,2877.4,2964.3,6958.8,8532.1,211.6,78.1,146.7,244.8,934.4,548.7,564.2,2370.0,1008.4,1668.7,1063.0,4229.3,911.0,4930.6,2195.0,1787.2,1530.7,3185.7,7058.9,1640.8,6674.8,7377.4,4480.3,4606.5,8386.3,9999.9,9999.9,9999.9,8532.1,6330.3,3702.6,6585.2,9999.9,7912.9,9999.9,4193.1,7433.3,3972.4,9999.9,9999.9,9526.2,9911.1,3206.5,2771.7,2555.2,2756.1,4004.8,1127.8,6720.5,8760.7,7787.3,9812.0,5247.0,8920.0,9999.9,9999.9,9999.9,8532.1,9999.9,7912.9,9999.9,9999.9,9999.9,9911.1,9085.1,9999.9,1308.2,9256.6,9999.9,9999.9,9999.9,9999.9,9999.9,9999.9,9999.9,9999.9,9999.9,1072.3,635.4,1451.4,687.5,5031.7,3924.8,3270.6,980.2,708.9,1405.7,284.2,3661.1,2137.6,2128.4,593.9,840.7,1471.0,488.8,4955.5,2877.4,1511.8,2835.8,2352.9,2575.3,1232.6,2811.4,3075.8,6056.7,483.5,175.4,304.7,519.1,1619.1,1068.8,1116.2,9619.6,8042.6,7606.2,6330.3,5875.4,9999.9,9999.9,5946.6,3634.0,4054.5,2795.4,2325.1,8176.6,7162.0,5805.9,4763.1,3940.5,7787.3,3154.9,9999.9,7377.4,1403.7,718.3,581.6,1721.4,3832.8,2588.9,3803.1,1261.1,1303.0,726.8,973.4,3454.9,1683.0,3529.4,602.7,871.4,429.5,1080.6,2535.4,1511.8,892.8,323.4,409.8,212.8,275.5,122.8,471.5,1180.7,1800.3,1202.4,1587.7,760.6,3095.2,828.7,4672.3,6585.2,5361.7,5110.4,794.4,5946.6,6498.0,9999.9,4021.3,2811.4,2644.7,1525.9,1488.9,4763.1,5481.5,8109.0,7977.2,3788.4,5110.4,9085.1,9999.9,6629.7,3227.6,791.9,5275.2,3047.2,9434.6,4193.1,7008.5,3607.3,2175.6,5771.7,3716.6,9999.9,4563.7,4193.1,531.2,1514.1,2459.1,1357.1,4341.5,2014.7,3504.2,9999.9,9526.2,5946.6,9999.9,9001.8,9526.2,9999.9,3988.6,4229.3,2555.2,7606.2,9999.9,3555.0,9714.8,9999.9,9999.9,9999.9,9999.9,9999.9,9999.9,9999.9,6019.6,4717.3,4157.6,9526.2,3862.9,9999.9,7912.9,9999.9,9999.9,7490.0,9999.9,9999.9,9999.9,9999.9
20260928_岐阜_11R,20260928,43,岐阜,11,1655.5,2227.7,3404.5,5528.5,779.5,3766.3,695.8,2469.7,3106.2,3453.3,7348.9,2042.7,2454.6,1017.9,2809.3,3329.3,4414.7,6343.3,1889.0,4582.6,681.6,5380.4,4820.9,5658.3,3977.6,2953.9,6585.9,2107.0,7877.3,8254.9,9999.9,5822.3,9415.8,9999.9,4582.6,993.5,1414.5,1943.9,2862.7,6212.5,2983.2,668.4,4939.4,2140.7,5332.8,4707.9,8487.5,3708.3,1236.1,299.9,324.4,195.9,734.4,1417.9,215.4,486.3,1255.4,1424.6,2783.4,4801.7,627.0,2469.7,497.8,1222.3,1561.1,1685.6,3005.5,370.8,1091.6,493.5,1731.6,1928.3,3106.2,6277.2,836.3,2990.6,664.0,2625.7,1831.6,2932.4,2643.0,738.9,3292.9,1081.8,8369.6,3652.2,9489.9,4463.8,1598.4,7532.6,2614.3,266.7,111.7,297.5,283.0,492.9,294.6,50.9,1731.6,715.2,1619.9,2714.4,4939.4,553.6,579.4,155.0,185.9,152.8,381.1,999.3,61.0,352.1,2500.4,3257.3,2575.2,6212.5,2092.4,1854.1,1023.9,1895.0,2291.3,1545.1,2608.7,505.7,958.8,612.4,3838.3,3565.7,4600.1,7725.8,2308.8,2720.6,1429.6,1469.7,1075.1,3188.4,1790.8,815.9,726.4,770.1,7981.6,4017.4,6410.7,3163.3,2614.3,2918.2,2018.8,943.0,435.7,1280.7,651.8,1334.6,476.3,307.0,782.1,399.8,804.5,375.6,776.5,256.0,164.9,370.0,304.8,311.9,569.8,912.3,222.9,228.0,4170.3,5332.8,7131.5,8994.2,2939.5,7826.1,953.5,3619.3,4141.6,6658.7,9999.9,1962.9,7929.1,1205.2,5685.0,5528.5,7532.6,9999.9,3222.5,5879.1,1756.8,8198.8,8034.8,7580.0,6550.1,6056.4,9342.8,2278.3,9999.9,9999.9,9999.9,9641.8,9999.9,9999.9,5822.3,3292.9,2042.7,2764.2,4726.3,7877.3,5658.3,908.2,7826.1,8608.7,4939.4,8143.4,9999.9,6550.1,2167.6,478.0,503.8,559.7,891.4,1685.6,380.0,834.0,4398.6,3862.9,4744.9,4463.8,2620.0,5478.3,1615.5,3248.5,1851.3,1476.9,1233.6,662.2,3155.0,812.1,1751.7,1339.1,3222.5,2053.1,1023.1,1094.6,932.1,6212.5,5217.4,4879.4,5240.1,3641.1,6445.0,1854.1,2400.8,1059.0,1360.3,1233.6,788.7,1796.1,637.6,1630.8,1017.9,1276.7,2516.1,1707.1,1531.4,701.9,3938.6,3130.4,1345.1,4170.3,2968.5,1868.5,1076.0,582.7,536.3,581.1,407.8,589.3,374.7,693.0,9200.2,9999.9,9999.9,7131.5,9999.9,9999.9,4366.7,9999.9,4919.2,9999.9,5503.3,2953.9,8428.1,4155.9,9960.5,5966.4,8733.5,4671.4,3925.8,6149.1,3196.8,9999.9,9999.9,9999.9,9489.9,9960.5,9999.9,7131.5,3964.5,3013.0,2548.0,4030.8,2175.5,3524.0,1575.4,9999.9,2802.8,3196.8,8254.9,3663.3,7216.9,2575.2,9999.9,9270.9,5966.4,9999.9,5528.5,7007.1,5631.9,2783.4,2809.3,1796.1,2643.0,2056.7,1724.2,3850.5,728.2,1523.6,1531.4,2439.7,4214.0,2410.4,524.6,300.1,112.2,369.9,271.3,613.9,250.7,57.7,849.3,301.9,905.5,766.6,1559.1,559.0,288.8,1804.2,1106.7,1739.1,2739.1,5428.9,2990.6,639.0,1633.1,734.8,1140.2,2381.8,1798.8,1476.9,667.7,7826.1,1842.8,2586.3,5631.9,2751.6,5172.6,1895.0,1804.2,577.2,568.7,1969.3,1575.4,3357.1,455.4,195.6,77.8,145.0,158.2,339.7,845.1,265.8,3013.0,1424.6,2911.1,3066.7,7260.4,2053.1,798.1,1346.6,544.1,1403.0,1988.8,3826.1,479.5,497.8,538.2,240.7,438.7,283.5,660.0,184.9,107.6,2696.2,3338.5,1569.3,3674.4,7981.6,1969.3,994.4,2660.5,2531.9,855.9,2770.6,2569.7,1170.1,705.2,8861.9,5794.3,3122.3,7929.1,4113.4,4582.6,3385.4,1436.5,742.1,443.2,1265.9,1151.1,2809.3,362.2,184.3,264.8,90.7,176.0,309.6,1041.6,149.0,54.7,58.0,26.1,139.4,297.4,38.5,111.0,52.5,59.9,40.2,140.5,267.1,19.2,113.9,94.2,86.0,59.9,160.1,254.5,44.9,82.9,29.7,31.5,31.1,61.4,139.2,17.8,56.4,190.8,256.5,179.6,120.4,225.1,133.3,289.1,583.9,448.2,342.6,289.3,385.3,278.7,725.1,44.0,24.7,36.7,27.4,91.2,155.1,70.9,112.9,132.7,61.7,79.1,200.0,490.3,73.9
20260928_岐阜_12R,20260928,43,岐阜,12,54.1,480.3,135.6,471.1,450.9,537.1,119.4,40.4,79.7,51.9,124.2,146.2,57.8,33.1,674.0,239.1,768.2,1068.1,1705.0,1333.9,551.2,277.7,153.7,774.8,743.5,271.6,820.6,257.7,607.9,240.1,825.3,648.7,1811.5,1574.7,352.6,1280.9,569.0,2953.5,813.5,3220.5,3366.4,976.1,1537.8,549.3,2415.4,1636.4,3103.6,3070.2,1029.5,108.7,48.6,409.1,133.8,274.3,256.8,288.9,18.6,221.9,41.5,241.1,146.2,258.2,48.8,16.5,66.6,24.5,303.1,122.7,49.8,133.8,474.7,277.9,569.4,1504.0,1703.3,1520.1,1879.2,31.8,23.0,278.2,452.5,34.4,295.8,227.2,803.2,886.0,2040.7,1294.5,3615.4,3775.1,2812.7,591.9,541.3,2048.0,282.3,3161.0,2412.0,1558.9,1052.3,557.4,2395.1,1229.4,4329.4,2808.0,2062.8,431.3,565.8,2355.5,945.8,2368.6,1770.3,1768.4,26.3,32.1,30.7,101.4,117.1,34.9,30.9,29.6,71.9,45.6,349.3,232.1,72.6,199.6,38.2,78.1,81.1,297.1,332.7,66.6,209.4,67.7,87.0,124.9,520.1,166.9,146.0,264.9,282.7,790.9,596.4,862.8,2014.2,669.0,1059.5,471.5,824.9,868.5,533.9,2378.4,843.6,1184.3,52.5,106.6,96.8,119.7,430.6,371.3,203.9,172.5,456.2,542.8,451.6,1040.2,929.4,373.3,935.0,363.0,1520.1,1979.3,2736.2,2618.8,1372.4,1359.4,656.2,2286.2,3184.6,5625.4,6453.3,4698.1,218.7,352.6,514.0,1181.0,1444.3,475.3,961.8,2736.2,3114.9,1305.4,6759.4,5135.5,8342.1,6813.2,3132.1,3615.4,2893.6,7155.3,9999.9,7600.5,9999.9,6895.6,9828.3,5428.9,6895.6,9999.9,9999.9,9999.9,5411.8,8769.9,2033.4,8593.6,9999.9,9999.9,9999.9,4512.2,9999.9,3638.5,9999.9,9999.9,9999.9,9999.9,402.8,265.3,1318.5,1694.8,768.2,1977.0,1058.2,168.6,112.0,802.1,1118.4,150.3,1065.5,886.9,199.7,177.3,584.2,1512.0,464.4,704.3,1063.5,2395.1,2391.7,1270.5,6552.2,3825.7,6951.7,8342.1,3518.7,4307.6,3202.4,7037.5,6021.5,9999.9,9999.9,794.3,420.1,627.5,2467.7,3373.0,2979.3,2342.6,5446.2,4711.1,2283.2,9344.9,9999.9,5897.0,9999.9,2693.1,3949.4,2854.9,9096.4,9999.9,4776.9,9772.1,1988.5,798.3,2614.8,2355.5,5344.1,5029.7,1198.4,2803.4,2869.3,3615.4,4597.1,9999.9,9999.9,8680.8,877.8,2443.0,2432.6,3143.6,7095.9,3320.6,4033.3,4160.9,4004.9,3379.7,9396.3,9999.9,9999.9,9999.9,4476.7,5979.4,4872.1,9999.9,9999.9,9999.9,9999.9,9999.9,9999.9,9999.9,9999.9,9999.9,9999.9,9999.9,9999.9,9999.9,9999.9,9999.9,9999.9,9999.9,9999.9,2984.5,9999.9,7308.2,9999.9,9999.9,9999.9,9999.9,4647.0,2457.0,6786.2,3592.7,9999.9,9999.9,7037.5,3904.4,3245.0,8028.7,1617.9,9999.9,7125.5,5937.9,2129.6,3518.7,5758.0,2262.0,9999.9,7095.9,8066.6,8550.6,9999.9,7917.2,9096.4,9999.9,9999.9,9999.9,3005.5,1425.1,1885.4,7215.7,9999.9,8182.4,6867.9,9999.9,9999.9,9999.9,9999.9,9999.9,9999.9,9999.9,9999.9,9999.9,9999.9,9999.9,9999.9,9999.9,9999.9,9942.6,9999.9,9942.6,9999.9,9344.9,9999.9,9999.9,6042.8,1576.1,7435.3,7037.5,9999.9,9999.9,5836.6,6085.8,2113.8,9999.9,7037.5,9999.9,9999.9,8769.9,893.9,1350.8,1885.4,1608.7,4488.5,3220.5,2651.3,9145.0,9999.9,3461.8,9999.9,9999.9,9999.9,9999.9,9448.2,8860.7,3420.2,9999.9,9999.9,9999.9,9999.9,9999.9,9999.9,9999.9,9999.9,9999.9,9999.9,9999.9,9999.9,9999.9,9194.2,9999.9,9999.9,9999.9,9999.9,8465.9,9999.9,5979.4,9999.9,9999.9,9999.9,9999.9,1092.0,467.7,2794.3,1556.0,1993.1,2883.8,2598.9,1864.9,2740.5,8182.4,4373.7,9999.9,6264.2,4914.1,614.9,2381.7,3511.5,2943.4,5816.7,5625.4,3406.6,5294.5,9999.9,5681.4,9999.9,9999.9,9999.9,9999.9,3654.1,6654.2,4548.2,9999.9,9999.9,6813.2,9999.9,3791.8,9999.9,7467.8,9999.9,9999.9,9999.9,9999.9,7738.1,9048.3,8815.1,9999.9,8028.7,9999.9,9999.9,7008.7,9999.9,6429.0,9999.9,9999.9,9999.9,9999.9
20260928_岸和田_1R,20260928,56,岸和田,1,122.6,29.9,126.3,61.2,,,,207.3,136.6,323.1,153.8,,,,21.1,76.3,38.0,27.9,,,,161.2,252.0,96.7,92.4,,,,43.6,78.6,28.4,62.8,,,,,,,,,,,,,,,,,,,,,,,,,247.0,56.5,253.9,120.4,,,,404.1,283.6,926.4,396.7,,,,31.2,103.4,146.8,42.8,,,,791.7,1416.0,654.8,1081.8,,,,142.8,282.2,95.5,556.4,,,,,,,,,,,,,,,,,,,,,,,,,285.0,212.9,212.9,202.2,,,,323.1,264.3,470.7,358.3,,,,158.6,147.9,460.7,238.5,,,,604.7,802.6,911.9,628.7,,,,120.7,204.6,159.5,283.6,,,,,,,,,,,,,,,,,,,,,,,,,19.2,64.3,26.9,26.8,,,,10.7,49.4,56.0,21.8,,,,124.0,131.7,551.1,133.4,,,,185.8,342.1,879.6,336.2,,,,37.9,41.4,101.6,158.3,,,,,,,,,,,,,,,,,,,,,,,,,628.7,713.8,532.6,414.7,,,,1095.4,2419.1,1218.0,1893.2,,,,1262.1,2204.7,2124.1,1527.8,,,,806.3,1145.9,2291.8,1226.5,,,,763.9,1741.7,1627.8,1290.2,,,,,,,,,,,,,,,,,,,,,,,,,27.8,43.4,19.5,44.4,,,,50.1,97.0,42.7,233.4,,,,61.7,94.0,70.0,216.3,,,,28.0,27.8,57.1,152.6,,,,202.5,490.6,415.6,381.1,,,,,,,,,,,,,,,,,,,,,,,,,,,,,,,,,,,,,,,,,,,,,,,,,,,,,,,,,,,,,,,,,,,,,,,,,,,,,,,,,,,,,,,,,,,,,,,,,,,,,,,,,,,,,,,,,,,,,,,,,,,,,,,,,,,,,,,,,,,,,,,,,,,,,,,,,,,,,,,,,,,,,,,,,,,,,,,,,,,,,,,,,,,,,,,,
20260928_岸和田_2R,20260928,56,岸和田,2,421.9,37.1,113.2,185.2,539.7,,,1064.8,860.0,1630.6,1683.2,1820.2,,,20.0,152.4,40.4,22.0,146.7,,,202.7,1118.1,137.3,459.0,889.4,,,323.4,855.3,120.9,475.7,1304.4,,,1490.8,2445.9,926.2,1326.5,2608.9,,,,,,,,,,,,,,,,,230.8,15.4,39.7,74.1,248.8,,,397.3,184.5,344.7,1003.4,310.5,,,9.5,67.0,22.8,47.5,101.5,,,32.9,152.4,27.7,126.0,182.8,,,363.1,1449.4,284.6,521.7,1462.9,,,613.8,641.5,349.4,565.1,1361.1,,,,,,,,,,,,,,,,,2115.3,1385.2,3010.3,2302.0,2608.9,,,1683.2,1050.5,1758.8,3640.4,1449.4,,,748.9,1110.1,1262.4,1720.1,745.4,,,2115.3,2204.7,1758.8,5397.8,1701.4,,,4891.8,8238.8,6805.9,9783.6,5397.8,,,1597.3,1110.1,920.8,884.3,3194.6,,,,,,,,,,,,,,,,,10.3,61.1,22.4,6.2,82.1,,,15.3,115.6,30.1,63.3,144.8,,,187.2,279.5,408.7,382.7,187.0,,,59.2,65.0,260.4,124.0,291.5,,,59.7,229.1,537.9,244.5,666.1,,,357.3,536.0,478.7,498.5,644.1,,,,,,,,,,,,,,,,,203.2,915.4,139.6,452.4,759.8,,,103.1,375.3,89.9,351.7,386.5,,,1758.8,931.7,1252.3,2795.3,1142.6,,,129.5,110.7,513.2,331.6,569.2,,,1134.3,972.2,3010.3,1003.4,3010.3,,,1185.8,948.7,1159.5,1349.4,2524.8,,,,,,,,,,,,,,,,,1194.9,2608.9,490.7,1799.2,2953.5,,,1505.1,4119.4,879.4,2032.9,5217.9,,,5217.9,5590.6,6020.6,9999.9,9999.9,,,525.2,823.8,4604.0,1581.1,3402.9,,,2566.1,2566.1,7826.8,2032.9,9783.6,,,9208.1,7115.3,9783.6,7826.8,8696.5,,,,,,,,,,,,,,,,,2524.8,2484.7,1490.8,2302.0,3069.3,,,2371.7,2059.7,1549.8,1613.7,6261.5,,,1410.2,1168.1,1029.8,1151.0,4743.5,,,1213.4,1462.9,1778.8,1863.5,3130.7,,,2336.3,1841.6,1613.7,2032.9,8238.8,,,8238.8,9999.9,9783.6,5397.8,8696.5,,,,,,,,,,,,,,,,,,,,,,,,,,,,,,,,,,,,,,,,,,,,,,,,,,,,,,,,,,,,,,,,,,,,,,,,,,,,,,,,,,,,,,,,,,,,,,,,,,,,,,,,,,,,,,,,,,,,,,,,,,,,,,,,
20260928_岸和田_3R,20260928,56,岸和田,3,2515.4,1137.1,3192.7,1785.1,3860.9,,,2128.4,864.6,1085.1,1643.7,1286.9,,,744.4,557.1,892.5,447.4,1006.1,,,3074.4,1160.9,1071.1,2912.6,1596.3,,,1456.3,1418.9,641.0,1908.2,2515.4,,,4150.5,1844.6,2128.4,1804.5,3388.1,,,,,,,,,,,,,,,,,1297.0,927.4,1627.6,959.6,1711.5,,,1360.8,307.4,340.2,318.6,408.9,,,312.6,320.5,484.0,111.4,817.8,,,1360.8,300.7,427.8,431.2,1307.2,,,416.0,177.1,49.2,301.3,751.2,,,3952.8,1643.7,2213.6,3320.4,2274.2,,,,,,,,,,,,,,,,,1360.8,324.2,366.4,712.5,481.2,,,1006.1,283.3,234.8,321.1,302.9,,,89.7,215.3,39.1,74.3,54.5,,,83.6,75.6,11.9,24.8,6.5,,,313.2,228.9,98.8,91.9,131.7,,,154.7,228.0,39.7,22.1,70.3,,,,,,,,,,,,,,,,,187.1,121.4,224.3,98.9,306.3,,,175.6,235.1,462.4,90.3,651.0,,,147.5,283.3,77.3,103.6,144.8,,,238.5,418.1,107.3,175.4,356.2,,,30.8,32.0,42.3,108.0,129.7,,,586.6,1297.0,501.5,697.5,564.6,,,,,,,,,,,,,,,,,1643.7,576.4,513.9,1160.9,825.9,,,887.8,204.4,267.7,244.8,495.5,,,111.7,87.6,19.5,34.0,16.1,,,158.2,259.4,67.4,117.4,243.0,,,506.1,321.1,160.7,122.3,492.6,,,754.6,1229.7,180.2,247.7,651.0,,,,,,,,,,,,,,,,,527.0,549.7,278.5,1057.4,1203.0,,,289.2,209.8,36.7,322.9,864.6,,,356.2,226.8,132.0,200.0,301.8,,,42.0,28.4,50.4,126.0,163.5,,,691.7,498.5,278.5,222.2,988.2,,,2049.6,1844.6,907.2,779.4,1785.1,,,,,,,,,,,,,,,,,3860.9,2024.6,1349.7,2049.6,3132.4,,,4487.0,2635.2,3388.1,3132.4,3132.4,,,1114.2,813.8,426.7,191.0,438.0,,,1469.2,3074.4,768.6,1106.8,1360.8,,,1383.5,2862.4,307.4,988.2,2024.6,,,2721.6,3132.4,1177.4,1307.2,2406.0,,,,,,,,,,,,,,,,,,,,,,,,,,,,,,,,,,,,,,,,,,,,,,,,,,,,,,,,,,,,,,,,,,,,,,,,,,,,,,,,,,,,,,,,,,,,,,,,,,,,,,,,,,,,,,,,,,,,,,,,,,,,,,,,
20260928_岸和田_4R,20260928,56,岸和田,4,79.4,106.5,49.2,172.5,26.7,,,153.7,211.7,63.3,588.5,113.1,,,176.0,336.6,111.4,702.7,169.0,,,64.2,74.4,54.7,306.9,56.5,,,448.2,864.2,900.7,695.1,196.9,,,8.7,37.5,39.2,11.9,11.7,,,,,,,,,,,,,,,,,216.7,258.2,140.9,321.9,59.3,,,471.4,576.1,282.9,1639.8,494.4,,,543.5,646.0,343.8,1031.5,545.0,,,278.8,264.6,240.4,949.8,267.9,,,888.2,2230.9,1287.6,1380.3,710.6,,,69.3,391.5,287.2,173.3,231.7,,,,,,,,,,,,,,,,,343.2,319.7,112.0,888.2,150.4,,,460.1,504.9,279.2,1031.5,530.0,,,548.1,443.0,104.2,1184.3,783.1,,,82.3,89.7,22.3,380.6,95.0,,,1487.3,1653.9,1728.4,1487.3,1410.7,,,272.5,312.4,376.9,244.7,657.0,,,,,,,,,,,,,,,,,588.5,926.8,451.4,1653.9,518.5,,,605.2,654.8,339.5,1625.9,685.2,,,823.4,624.9,122.9,2628.2,1177.0,,,295.6,176.9,106.7,1135.2,249.1,,,3251.8,3762.0,4568.1,2863.6,4082.1,,,657.0,1071.8,1918.6,776.7,1464.5,,,,,,,,,,,,,,,,,319.2,320.3,221.8,1122.0,215.0,,,315.5,256.8,151.1,1314.1,245.6,,,138.9,132.0,34.0,834.1,183.0,,,172.0,84.3,67.8,802.7,138.2,,,2821.5,2368.6,2740.8,2459.7,1728.4,,,293.3,261.0,433.0,259.2,823.4,,,,,,,,,,,,,,,,,1683.0,2398.2,2628.2,2558.1,489.4,,,1776.5,2997.8,2311.5,2907.0,1559.8,,,3197.7,4461.9,4263.6,4170.9,4461.9,,,4263.6,3620.0,5643.0,4461.9,5049.0,,,3553.0,4170.9,4170.9,3426.1,2491.7,,,444.1,1135.2,2907.0,2628.2,1572.6,,,,,,,,,,,,,,,,,15.4,82.4,78.8,32.0,17.6,,,35.7,245.3,145.2,105.0,93.3,,,319.2,569.3,922.4,478.4,922.4,,,352.6,755.3,1237.8,618.9,926.8,,,161.3,257.1,374.7,322.4,480.8,,,73.2,136.5,599.5,310.9,315.5,,,,,,,,,,,,,,,,,,,,,,,,,,,,,,,,,,,,,,,,,,,,,,,,,,,,,,,,,,,,,,,,,,,,,,,,,,,,,,,,,,,,,,,,,,,,,,,,,,,,,,,,,,,,,,,,,,,,,,,,,,,,,,,,
20260928_岸和田_5R,20260928,56,岸和田,5,872.2,1988.1,2298.8,1634.7,,,,799.5,1337.4,1232.8,664.7,,,,2627.2,2479.6,2724.5,2452.0,,,,3023.0,2043.3,3065.0,2691.2,,,,1554.1,835.9,2121.9,2275.1,,,,,,,,,,,,,,,,,,,,,,,,,292.6,650.9,748.0,449.4,,,,116.9,29.0,51.0,16.6,,,,437.8,65.7,239.0,103.0,,,,728.3,131.5,397.6,327.9,,,,253.6,25.4,69.9,131.5,,,,,,,,,,,,,,,,,,,,,,,,,151.4,201.7,215.0,122.5,,,,70.7,21.9,42.1,10.0,,,,91.0,33.1,48.9,25.7,,,,100.4,47.2,51.3,33.6,,,,62.1,7.5,15.9,26.7,,,,,,,,,,,,,,,,,,,,,,,,,1451.8,858.6,1765.4,911.9,,,,768.9,169.1,512.0,218.7,,,,256.3,100.6,178.6,81.8,,,,1610.8,872.2,441.3,611.3,,,,553.0,176.4,109.9,371.5,,,,,,,,,,,,,,,,,,,,,,,,,2691.2,1161.5,2866.0,1634.7,,,,1919.0,641.5,1186.4,1087.1,,,,442.2,389.2,412.4,314.3,,,,2829.2,1471.2,923.3,1362.2,,,,1232.8,980.8,466.5,1016.9,,,,,,,,,,,,,,,,,,,,,,,,,348.6,205.4,445.8,521.7,,,,167.8,22.8,53.9,102.6,,,,73.7,12.4,20.2,29.2,,,,249.6,75.9,42.7,136.4,,,,375.3,161.9,71.0,187.1,,,,,,,,,,,,,,,,,,,,,,,,,,,,,,,,,,,,,,,,,,,,,,,,,,,,,,,,,,,,,,,,,,,,,,,,,,,,,,,,,,,,,,,,,,,,,,,,,,,,,,,,,,,,,,,,,,,,,,,,,,,,,,,,,,,,,,,,,,,,,,,,,,,,,,,,,,,,,,,,,,,,,,,,,,,,,,,,,,,,,,,,,,,,,,,,
20260928_岸和田_6R,20260928,56,岸和田,6,268.0,56.0,369.6,72.3,,,,289.5,124.1,397.4,99.7,,,,21.6,66.8,61.8,13.6,,,,177.3,308.2,76.9,54.6,,,,21.8,33.4,6.2,18.0,,,,,,,,,,,,,,,,,,,,,,,,,754.1,182.6,940.1,267.0,,,,919.1,402.1,2313.4,1125.0,,,,124.4,159.4,823.5,141.5,,,,1701.5,3167.5,1759.7,2451.1,,,,317.7,887.4,252.9,1822.0,,,,,,,,,,,,,,,,,,,,,,,,,579.9,256.4,794.9,255.4,,,,776.9,344.8,2018.5,833.5,,,,130.5,84.9,801.1,157.8,,,,2394.1,3073.0,1906.4,2058.9,,,,232.1,478.8,220.4,899.0,,,,,,,,,,,,,,,,,,,,,,,,,29.6,80.3,139.6,39.6,,,,22.2,25.7,321.2,46.5,,,,55.7,20.3,432.5,80.4,,,,586.5,833.5,1150.2,854.3,,,,35.1,44.7,92.1,301.0,,,,,,,,,,,,,,,,,,,,,,,,,1204.0,2100.9,865.0,421.0,,,,2606.2,3268.1,2639.6,3812.8,,,,3612.1,4037.1,2782.3,3812.8,,,,1559.7,2167.2,3119.5,2213.9,,,,668.4,2573.6,2983.9,1790.3,,,,,,,,,,,,,,,,,,,,,,,,,34.2,45.2,8.9,38.6,,,,135.9,261.2,103.7,743.2,,,,120.4,254.1,91.1,655.7,,,,26.2,32.1,70.5,229.2,,,,292.8,940.1,994.6,605.5,,,,,,,,,,,,,,,,,,,,,,,,,,,,,,,,,,,,,,,,,,,,,,,,,,,,,,,,,,,,,,,,,,,,,,,,,,,,,,,,,,,,,,,,,,,,,,,,,,,,,,,,,,,,,,,,,,,,,,,,,,,,,,,,,,,,,,,,,,,,,,,,,,,,,,,,,,,,,,,,,,,,,,,,,,,,,,,,,,,,,,,,,,,,,,,,
20260928_岸和田_7R,20260928,56,岸和田,7,1005.4,1300.7,1754.8,1860.0,1917.6,,,617.9,367.6,406.1,1005.4,207.3,,,1005.4,472.1,688.9,1841.6,632.6,,,994.7,321.2,473.3,978.9,506.8,,,1841.6,1087.7,1488.0,2657.2,2214.4,,,1550.0,272.3,707.2,881.5,2776.2,,,,,,,,,,,,,,,,,1192.3,1550.0,2268.4,1550.0,2066.7,,,881.5,620.0,1377.8,645.8,271.1,,,1016.4,694.0,1660.8,650.3,1062.9,,,1823.6,2268.4,3000.1,2296.4,2952.5,,,475.7,418.9,461.5,1512.2,425.6,,,1978.8,500.0,1240.0,2325.1,1524.6,,,,,,,,,,,,,,,,,137.5,86.2,129.3,291.5,48.8,,,238.1,185.2,437.6,245.7,79.6,,,51.9,76.8,95.0,126.7,14.0,,,145.3,356.3,187.1,536.0,70.1,,,428.5,212.0,258.3,659.6,102.4,,,8.6,16.2,5.8,16.6,27.0,,,,,,,,,,,,,,,,,310.5,147.1,240.0,579.4,200.6,,,324.0,174.9,542.3,223.3,227.6,,,58.6,76.7,95.1,159.5,16.5,,,247.3,617.9,278.0,1081.4,391.5,,,781.5,182.3,394.9,1177.2,351.6,,,131.2,125.6,22.0,160.0,224.1,,,,,,,,,,,,,,,,,1282.8,479.4,484.4,1248.3,823.0,,,2861.6,2583.4,3577.1,3100.1,3509.6,,,476.9,1524.6,678.8,1631.6,323.4,,,1000.0,2415.7,1200.0,3796.1,1706.5,,,3444.6,2776.2,3263.3,4133.5,2776.2,,,768.6,2583.4,406.1,1347.8,3049.3,,,,,,,,,,,,,,,,,2021.8,1722.3,1937.6,2818.3,3577.1,,,537.6,489.4,483.1,1476.2,467.3,,,1094.1,701.9,857.1,1860.0,461.5,,,2325.1,841.6,1309.9,3152.7,1898.0,,,2513.6,3381.9,2906.4,3444.6,3263.3,,,2861.6,1441.9,683.8,1231.8,2583.4,,,,,,,,,,,,,,,,,484.4,200.0,383.5,523.9,1113.8,,,712.6,248.6,634.8,1069.0,815.8,,,29.6,29.3,16.1,22.8,45.9,,,255.8,327.4,57.5,451.4,607.8,,,455.9,869.2,232.5,726.6,1771.5,,,1512.2,613.8,450.3,823.0,1512.2,,,,,,,,,,,,,,,,,,,,,,,,,,,,,,,,,,,,,,,,,,,,,,,,,,,,,,,,,,,,,,,,,,,,,,,,,,,,,,,,,,,,,,,,,,,,,,,,,,,,,,,,,,,,,,,,,,,,,,,,,,,,,,,,
20260928_岸和田_8R,20260928,56,岸和田,8,398.9,276.7,191.4,1123.3,236.9,,,271.4,76.0,74.8,846.9,122.3,,,153.9,72.7,16.9,264.2,53.0,,,53.1,34.1,6.8,174.1,25.8,,,2684.8,1851.6,787.3,729.5,658.0,,,218.4,233.6,96.0,93.3,199.4,,,,,,,,,,,,,,,,,620.0,335.1,338.1,1743.3,384.0,,,597.9,1069.6,304.0,1362.8,391.9,,,1082.5,1778.0,1095.8,2334.6,1016.9,,,300.3,194.1,307.1,482.8,72.2,,,2886.9,2632.1,3356.0,1534.1,773.7,,,183.5,273.9,206.0,100.4,97.5,,,,,,,,,,,,,,,,,185.2,48.9,47.6,389.1,66.6,,,225.4,213.4,44.2,296.0,70.5,,,187.4,425.4,253.7,782.7,277.0,,,42.7,30.7,78.4,164.6,36.7,,,836.3,1024.7,1040.6,547.9,372.8,,,125.5,119.4,203.3,112.8,110.2,,,,,,,,,,,,,,,,,481.1,233.8,64.8,584.9,147.8,,,1254.5,2632.1,1826.4,3835.4,1231.5,,,437.9,2218.8,846.9,2767.8,889.0,,,133.1,983.4,645.3,1316.0,388.5,,,2509.1,6548.3,3677.8,3050.9,1789.8,,,430.2,1069.6,1177.5,662.9,611.5,,,,,,,,,,,,,,,,,61.0,51.0,13.2,197.2,29.2,,,144.0,80.6,209.9,257.6,32.2,,,78.2,67.0,124.7,267.4,73.2,,,64.3,394.8,256.4,526.4,188.6,,,948.7,863.2,833.7,1052.8,324.6,,,113.1,70.1,142.0,170.6,92.6,,,,,,,,,,,,,,,,,5966.2,4629.0,3196.2,2684.8,2485.9,,,6243.7,4971.9,7065.3,5593.3,1322.5,,,3486.7,4629.0,3948.2,1766.3,2018.6,,,5836.5,7896.5,4710.2,5369.6,4007.2,,,2918.2,4794.3,1988.7,3948.2,1699.2,,,1443.4,823.5,1516.8,1627.1,1637.0,,,,,,,,,,,,,,,,,276.7,386.8,175.2,220.0,257.6,,,168.3,211.5,333.5,154.4,78.8,,,412.4,401.3,677.9,464.5,389.6,,,398.3,794.3,976.3,661.2,497.1,,,251.3,212.4,320.0,390.2,214.9,,,262.1,155.9,318.1,318.4,311.8,,,,,,,,,,,,,,,,,,,,,,,,,,,,,,,,,,,,,,,,,,,,,,,,,,,,,,,,,,,,,,,,,,,,,,,,,,,,,,,,,,,,,,,,,,,,,,,,,,,,,,,,,,,,,,,,,,,,,,,,,,,,,,,,
20260928_岸和田_9R,20260928,56,岸和田,9,116.7,23.3,33.8,14.3,15.6,,,473.2,426.1,741.5,819.3,1144.3,,,50.2,116.4,66.0,165.5,172.2,,,41.5,270.9,34.7,251.4,200.8,,,90.5,435.2,260.7,353.0,243.5,,,43.5,645.9,212.8,248.8,207.8,,,,,,,,,,,,,,,,,128.0,31.5,38.9,20.1,20.4,,,769.5,629.1,1282.5,765.0,762.8,,,86.2,167.2,75.1,101.1,103.3,,,67.4,426.8,57.5,94.8,69.9,,,29.7,160.6,47.0,78.5,26.3,,,20.6,192.6,43.7,42.7,14.5,,,,,,,,,,,,,,,,,1856.5,1217.8,1830.9,2308.5,2628.5,,,2391.7,2090.4,3360.5,2765.4,3587.6,,,1229.0,1491.4,1033.0,3447.8,3739.2,,,2458.1,3318.5,1258.2,5530.9,4916.3,,,2824.3,4577.3,5105.4,5648.6,5105.4,,,3636.7,4499.7,3493.2,6033.7,5009.1,,,,,,,,,,,,,,,,,190.9,336.0,185.7,582.2,544.0,,,205.9,280.3,157.4,347.4,368.7,,,441.0,456.1,322.1,1288.7,1412.1,,,130.9,76.8,95.2,578.3,469.8,,,1070.5,804.5,2158.4,1781.7,2042.1,,,864.7,653.9,1609.0,965.4,1793.8,,,,,,,,,,,,,,,,,137.6,618.8,137.5,528.8,401.6,,,127.0,464.1,59.4,179.6,153.9,,,1264.2,1419.7,783.1,3160.5,3277.5,,,113.5,42.4,94.4,508.5,366.1,,,1037.0,965.4,2885.7,1669.7,1843.6,,,653.9,272.2,1818.3,514.5,1375.5,,,,,,,,,,,,,,,,,173.6,876.1,500.9,731.3,422.7,,,100.0,284.8,150.5,354.9,89.2,,,2212.3,2269.1,3198.6,4424.7,3962.4,,,909.1,667.0,1690.9,1609.0,1240.5,,,1223.4,1061.9,3403.6,1758.1,2058.0,,,409.0,217.0,721.4,556.5,1354.5,,,,,,,,,,,,,,,,,212.8,1552.5,665.3,510.5,620.2,,,93.9,433.0,114.3,136.9,58.3,,,3237.6,3016.8,3051.5,3587.6,4577.3,,,1144.3,540.7,1561.6,1097.0,1769.9,,,758.5,427.5,1793.8,549.6,1419.7,,,767.2,321.8,1669.7,1427.3,1769.9,,,,,,,,,,,,,,,,,,,,,,,,,,,,,,,,,,,,,,,,,,,,,,,,,,,,,,,,,,,,,,,,,,,,,,,,,,,,,,,,,,,,,,,,,,,,,,,,,,,,,,,,,,,,,,,,,,,,,,,,,,,,,,,,
20260928_岸和田_10R,20260928,56,岸和田,10,54.7,7.9,23.7,22.2,11.5,,,156.8,485.5,646.0,757.8,511.8,,,17.9,182.2,85.0,75.3,36.1,,,100.7,520.0,240.6,328.0,260.2,,,80.2,523.7,179.0,302.9,190.0,,,28.0,212.2,47.3,115.1,102.9,,,,,,,,,,,,,,,,,63.6,9.8,27.6,24.0,13.7,,,171.0,452.6,616.1,653.2,445.7,,,26.7,238.0,129.0,90.8,59.4,,,85.8,524.6,218.8,306.7,232.5,,,73.4,539.1,176.3,312.3,182.5,,,34.7,267.3,78.6,141.2,127.4,,,,,,,,,,,,,,,,,604.7,2008.8,2464.6,2188.7,1725.2,,,507.4,1675.9,2094.9,1929.5,1459.1,,,2291.3,2156.5,4250.6,3533.6,3760.1,,,3087.3,3712.5,5640.2,5865.8,4971.0,,,2572.7,3371.1,5865.8,6665.7,4808.0,,,2022.7,2036.7,3910.5,4313.1,5640.2,,,,,,,,,,,,,,,,,49.0,388.4,215.3,170.1,100.9,,,52.1,423.2,253.4,184.2,115.1,,,1001.0,1102.6,2464.6,2464.6,1496.3,,,703.3,605.9,2140.8,1666.4,1066.5,,,548.2,458.2,2140.8,1451.9,794.8,,,196.1,197.6,880.7,575.0,535.2,,,,,,,,,,,,,,,,,630.7,2309.3,1211.9,1856.2,1473.8,,,554.4,1995.1,1345.3,1585.3,1232.3,,,3963.4,4512.2,5431.3,7718.2,4888.2,,,1833.0,2051.0,5145.5,3332.8,2550.3,,,3620.9,4073.5,6820.7,4655.4,3258.8,,,2065.4,2051.0,4971.0,3332.8,3712.5,,,,,,,,,,,,,,,,,309.0,1735.4,552.3,1396.6,990.8,,,319.1,1856.2,530.3,1593.9,1082.2,,,3809.0,3371.1,5237.3,7332.3,5237.3,,,682.0,629.3,3666.1,2875.4,1810.4,,,2903.8,3450.5,5056.7,4655.4,4512.2,,,1177.8,1327.1,3809.0,1788.3,2962.5,,,,,,,,,,,,,,,,,46.1,398.4,139.7,246.8,220.5,,,41.1,303.6,120.7,179.8,173.7,,,713.6,596.1,1799.3,2365.2,2666.3,,,217.7,193.7,1222.0,644.6,476.1,,,545.1,457.5,2550.3,1333.1,1995.1,,,445.0,414.2,2741.0,940.0,1695.3,,,,,,,,,,,,,,,,,,,,,,,,,,,,,,,,,,,,,,,,,,,,,,,,,,,,,,,,,,,,,,,,,,,,,,,,,,,,,,,,,,,,,,,,,,,,,,,,,,,,,,,,,,,,,,,,,,,,,,,,,,,,,,,,
20260928_岸和田_11R,20260928,56,岸和田,11,541.6,534.3,868.2,140.8,246.5,,,1198.9,1778.9,1468.5,630.5,1736.5,,,945.1,1800.8,1831.0,542.2,1268.4,,,1367.5,1430.1,1585.5,588.9,1878.1,,,47.1,104.5,99.8,149.5,70.4,,,310.3,1080.5,884.0,1290.8,270.6,,,,,,,,,,,,,,,,,447.0,435.0,696.8,121.2,146.6,,,770.4,659.0,801.4,423.6,453.0,,,673.2,1022.4,1350.6,553.2,490.5,,,898.5,791.3,1330.1,658.0,655.1,,,73.4,189.2,222.9,333.0,75.3,,,79.1,169.3,154.5,295.6,76.2,,,,,,,,,,,,,,,,,1232.7,1574.1,1568.5,746.7,1689.6,,,923.2,1246.7,1371.8,611.1,688.0,,,1439.5,794.2,1261.1,735.4,985.6,,,620.7,550.4,476.1,318.0,640.7,,,375.6,358.6,567.5,572.0,466.5,,,1608.8,523.4,1034.5,1736.5,689.1,,,,,,,,,,,,,,,,,735.4,1894.4,2404.4,544.2,843.1,,,1008.3,1683.1,2255.7,1029.6,981.1,,,1800.8,1608.8,2155.7,1786.1,2340.1,,,3194.2,2898.0,2267.4,2444.7,3557.8,,,422.8,630.5,913.5,1585.5,694.6,,,882.2,798.5,1290.8,2668.3,889.4,,,,,,,,,,,,,,,,,1268.4,1133.7,1645.1,740.4,1854.2,,,1239.6,1003.6,1764.5,849.7,1069.9,,,492.8,427.3,522.8,380.2,703.5,,,2976.9,2604.8,1980.1,2044.9,3616.6,,,410.9,520.9,424.4,861.4,607.7,,,1919.3,1189.1,1597.1,2544.2,1113.5,,,,,,,,,,,,,,,,,6.1,17.4,15.8,29.2,13.0,,,16.8,41.3,51.8,71.9,14.6,,,62.1,46.4,110.0,65.6,90.2,,,127.8,157.6,238.3,397.1,270.8,,,71.9,67.8,43.2,232.5,116.3,,,27.0,10.9,53.0,134.0,99.2,,,,,,,,,,,,,,,,,188.5,531.7,450.2,1202.2,196.5,,,80.4,157.2,138.5,332.5,79.8,,,871.7,452.5,970.3,1420.8,545.6,,,651.2,474.1,866.5,2529.5,607.7,,,1597.1,985.6,1105.0,1998.2,999.1,,,124.3,92.4,301.5,369.6,472.0,,,,,,,,,,,,,,,,,,,,,,,,,,,,,,,,,,,,,,,,,,,,,,,,,,,,,,,,,,,,,,,,,,,,,,,,,,,,,,,,,,,,,,,,,,,,,,,,,,,,,,,,,,,,,,,,,,,,,,,,,,,,,,,,
20260928_岸和田_12R,20260928,56,岸和田,12,154.7,130.2,102.5,111.0,56.8,,,196.0,141.9,83.2,511.6,120.5,,,86.0,79.7,34.0,175.0,39.7,,,82.0,33.3,34.6,228.0,35.3,,,122.6,441.1,292.7,314.9,149.2,,,19.2,30.5,20.1,12.2,57.2,,,,,,,,,,,,,,,,,492.3,376.3,384.8,290.0,184.6,,,874.1,876.6,613.7,732.8,1253.9,,,491.5,693.7,441.8,541.0,945.7,,,508.2,300.7,513.3,382.2,727.6,,,166.8,274.7,258.6,213.8,262.9,,,362.3,1018.1,1053.2,822.4,717.3,,,,,,,,,,,,,,,,,729.3,454.9,285.4,1350.8,516.8,,,995.0,1077.3,575.1,1485.2,1339.0,,,426.1,670.2,176.2,1092.7,748.0,,,169.9,203.1,104.8,397.3,260.2,,,1961.3,1631.8,1662.8,1046.0,2549.7,,,925.7,1387.5,1154.5,625.0,2497.6,,,,,,,,,,,,,,,,,130.6,112.5,46.5,246.3,61.0,,,233.8,276.7,200.4,351.4,407.9,,,209.8,265.2,64.9,445.6,367.3,,,33.4,75.9,11.8,153.5,84.6,,,381.7,257.5,481.0,278.4,779.5,,,146.1,523.4,399.1,218.1,884.2,,,,,,,,,,,,,,,,,259.5,80.7,78.8,496.6,128.3,,,449.6,213.8,320.2,513.7,577.2,,,68.4,88.0,37.8,184.3,119.1,,,50.5,100.7,22.5,206.3,119.4,,,937.1,492.6,298.6,350.6,1044.2,,,252.3,621.2,303.8,351.4,1266.9,,,,,,,,,,,,,,,,,304.8,879.2,485.6,724.1,343.9,,,155.5,238.6,237.6,175.4,235.5,,,1581.2,938.5,1174.5,884.2,1784.0,,,492.3,422.8,813.7,439.6,1293.7,,,823.5,324.4,307.5,462.1,985.3,,,516.8,596.4,1636.1,1507.2,1474.5,,,,,,,,,,,,,,,,,75.3,117.3,76.3,66.9,171.9,,,246.8,902.5,922.9,776.5,798.8,,,583.3,1419.7,1209.3,772.6,2683.9,,,178.0,861.8,823.5,321.8,1400.2,,,292.0,825.8,496.6,507.8,1728.6,,,417.7,738.1,2032.9,1699.8,1843.1,,,,,,,,,,,,,,,,,,,,,,,,,,,,,,,,,,,,,,,,,,,,,,,,,,,,,,,,,,,,,,,,,,,,,,,,,,,,,,,,,,,,,,,,,,,,,,,,,,,,,,,,,,,,,,,,,,,,,,,,,,,,,,,,
20260928_玉野_1R,20260928,61,玉野,1,6.1,4.9,32.3,36.4,,,,17.9,41.9,116.0,153.2,,,,15.8,47.5,141.4,136.1,,,,129.9,323.3,248.0,564.1,,,,96.2,257.3,235.7,446.4,,,,,,,,,,,,,,,,,,,,,,,,,9.7,8.0,28.1,24.2,,,,20.0,47.2,128.1,135.2,,,,17.7,44.3,102.1,91.4,,,,124.5,323.3,229.9,494.2,,,,62.8,149.0,123.9,330.1,,,,,,,,,,,,,,,,,,,,,,,,,128.8,212.8,483.5,598.2,,,,162.0,286.9,736.6,873.8,,,,383.6,474.1,1469.2,1601.1,,,,1065.3,1554.6,1951.7,2025.7,,,,1298.0,1770.8,2228.3,2756.6,,,,,,,,,,,,,,,,,,,,,,,,,63.3,134.8,245.9,382.5,,,,67.9,153.5,269.5,333.8,,,,324.9,302.1,1279.4,1304.3,,,,1220.9,1298.0,1869.9,1951.7,,,,798.1,595.5,1453.2,2209.8,,,,,,,,,,,,,,,,,,,,,,,,,1237.9,1714.0,2475.8,4312.8,,,,1336.9,3145.8,2756.6,4691.1,,,,2814.6,4113.7,5347.9,8102.9,,,,3342.4,3565.2,6521.8,7036.7,,,,6521.8,5812.9,9549.8,8913.2,,,,,,,,,,,,,,,,,,,,,,,,,290.9,854.3,726.6,1782.6,,,,251.5,616.1,498.8,1527.9,,,,1237.9,1137.8,2025.7,4051.4,,,,838.2,645.8,1650.5,2971.0,,,,3301.1,3518.3,3990.9,4244.3,,,,,,,,,,,,,,,,,,,,,,,,,,,,,,,,,,,,,,,,,,,,,,,,,,,,,,,,,,,,,,,,,,,,,,,,,,,,,,,,,,,,,,,,,,,,,,,,,,,,,,,,,,,,,,,,,,,,,,,,,,,,,,,,,,,,,,,,,,,,,,,,,,,,,,,,,,,,,,,,,,,,,,,,,,,,,,,,,,,,,,,,,,,,,,,,
20260928_玉野_2R,20260928,61,玉野,2,6.4,6.7,9.0,42.1,60.9,,,12.1,24.7,28.2,107.2,188.3,,,10.2,24.2,21.3,122.5,179.5,,,12.2,36.1,29.2,124.0,151.4,,,105.6,273.5,297.5,251.0,677.3,,,214.4,492.9,534.3,431.6,907.9,,,,,,,,,,,,,,,,,27.1,24.5,38.0,154.5,258.8,,,66.6,153.1,262.4,930.5,1408.9,,,61.9,155.9,195.4,822.8,1009.1,,,89.6,293.7,244.0,927.6,1048.0,,,675.8,1471.4,1531.8,1650.3,3556.0,,,1162.2,2510.1,2643.4,2389.6,5635.9,,,,,,,,,,,,,,,,,108.5,164.1,200.0,602.2,966.6,,,167.7,420.7,601.0,1572.1,2370.6,,,448.5,701.1,1199.6,3514.2,4978.4,,,693.0,1098.1,1572.1,3930.3,4978.4,,,1687.6,3433.4,4525.8,5974.1,7285.5,,,4392.7,8297.4,9999.9,9051.7,9999.9,,,,,,,,,,,,,,,,,158.5,303.2,352.2,1078.3,1539.7,,,209.4,662.3,513.2,2575.0,4329.0,,,668.2,995.6,1821.3,4896.8,8785.5,,,704.4,1002.3,1726.6,4741.3,9956.9,,,4207.1,6788.8,9956.9,9999.9,9999.9,,,4741.3,8073.1,8785.5,9999.9,9999.9,,,,,,,,,,,,,,,,,122.6,194.5,203.0,693.0,1282.0,,,252.5,634.1,642.3,2553.0,2928.5,,,719.7,1055.5,1539.7,5150.1,5857.0,,,697.9,992.3,1650.3,6223.0,8534.5,,,4329.0,4267.2,8534.5,9999.9,8073.1,,,5240.4,6637.9,9051.7,9999.9,9956.9,,,,,,,,,,,,,,,,,1687.6,1890.5,2928.5,4329.0,9999.9,,,2667.0,3687.7,5431.0,6637.9,9999.9,,,3982.7,7659.1,9999.9,9999.9,9999.9,,,4329.0,7467.6,9999.9,9999.9,9999.9,,,8297.4,7860.7,9999.9,9999.9,9999.9,,,9999.9,9999.9,9999.9,9999.9,9999.9,,,,,,,,,,,,,,,,,3829.5,7285.5,5431.0,6788.8,9999.9,,,5431.0,9999.9,9999.9,8073.1,9999.9,,,9635.7,9999.9,9999.9,9999.9,9999.9,,,9051.7,9999.9,9999.9,9999.9,9999.9,,,9999.9,9999.9,9999.9,9999.9,9999.9,,,9999.9,9999.9,9999.9,9999.9,9999.9,,,,,,,,,,,,,,,,,,,,,,,,,,,,,,,,,,,,,,,,,,,,,,,,,,,,,,,,,,,,,,,,,,,,,,,,,,,,,,,,,,,,,,,,,,,,,,,,,,,,,,,,,,,,,,,,,,,,,,,,,,,,,,,,
20260928_玉野_3R,20260928,61,玉野,3,10.1,5.5,22.8,76.4,209.0,,,37.9,86.7,41.3,191.3,122.4,,,30.6,105.5,137.0,302.8,644.7,,,56.5,69.1,126.7,304.2,459.2,,,251.4,417.8,404.3,667.9,1333.1,,,838.9,886.2,1557.5,1200.8,1534.7,,,,,,,,,,,,,,,,,23.9,11.2,47.8,98.2,321.0,,,113.7,170.1,221.8,505.0,643.3,,,27.2,125.4,251.0,199.0,605.0,,,180.6,343.8,378.1,1001.9,1581.0,,,391.8,726.6,513.2,1542.2,2516.9,,,1385.9,2029.8,1883.9,3535.0,3311.7,,,,,,,,,,,,,,,,,61.6,132.2,69.1,258.7,146.1,,,86.7,127.7,116.3,171.5,158.8,,,260.6,220.4,229.3,666.5,395.7,,,54.6,60.3,107.8,106.1,31.3,,,260.4,149.6,214.0,172.6,72.5,,,245.6,105.6,198.4,72.4,72.3,,,,,,,,,,,,,,,,,63.0,279.9,304.2,501.7,980.1,,,43.0,162.9,373.2,339.3,740.2,,,392.2,339.3,466.7,1228.9,947.6,,,442.5,616.9,620.5,1808.1,2200.1,,,832.3,707.0,1103.9,2578.8,2666.2,,,2834.4,2496.9,2600.1,4194.9,3836.8,,,,,,,,,,,,,,,,,80.3,90.5,174.5,446.2,521.7,,,160.1,268.2,296.2,906.6,1021.4,,,67.4,106.3,162.0,205.4,66.8,,,305.4,400.7,460.6,1491.0,1719.2,,,1077.4,1205.4,710.2,1829.1,1379.9,,,1557.5,1028.1,616.9,2420.1,1621.7,,,,,,,,,,,,,,,,,375.8,752.6,609.7,1028.1,2056.3,,,475.9,494.6,450.7,1178.3,909.3,,,496.2,355.9,279.4,334.7,143.6,,,873.9,754.4,909.3,2042.9,1605.1,,,1084.8,1310.9,471.6,1673.5,1248.4,,,1423.6,815.0,262.6,341.9,1173.9,,,,,,,,,,,,,,,,,3025.1,3243.4,4494.5,3884.1,5826.2,,,3277.2,2996.3,4369.7,4309.8,4840.2,,,2003.9,1787.6,2169.7,546.2,1219.4,,,4993.9,4431.2,3836.8,5243.6,5157.6,,,3836.8,4431.2,1119.6,5243.6,3790.5,,,5157.6,4369.7,1767.5,4369.7,4085.9,,,,,,,,,,,,,,,,,,,,,,,,,,,,,,,,,,,,,,,,,,,,,,,,,,,,,,,,,,,,,,,,,,,,,,,,,,,,,,,,,,,,,,,,,,,,,,,,,,,,,,,,,,,,,,,,,,,,,,,,,,,,,,,,
20260928_玉野_4R,20260928,61,玉野,4,44.1,17.5,28.3,39.7,108.4,,,74.3,104.4,21.3,114.7,298.9,,,22.3,94.4,49.1,88.3,201.0,,,11.4,4.4,24.4,29.7,80.6,,,124.2,148.4,198.0,128.7,220.4,,,270.5,383.4,395.5,208.6,273.3,,,,,,,,,,,,,,,,,207.3,91.3,137.6,219.5,420.5,,,495.5,982.5,880.4,1027.2,2648.2,,,106.2,402.1,237.5,206.3,434.5,,,241.7,529.6,508.9,871.4,1418.3,,,456.2,908.7,469.5,822.7,832.8,,,1043.0,2259.8,1024.1,1694.8,1086.4,,,,,,,,,,,,,,,,,356.8,684.8,101.5,368.8,1223.7,,,786.4,1334.5,1089.9,2054.4,2922.2,,,1313.8,1661.6,1738.3,3684.5,5136.0,,,115.2,581.4,1030.3,818.7,1361.3,,,841.1,1832.3,2801.4,1661.6,2305.9,,,2568.0,3725.0,5745.4,3026.6,3138.7,,,,,,,,,,,,,,,,,58.8,208.9,98.4,225.3,491.2,,,64.1,239.7,186.7,149.3,434.0,,,809.0,926.1,1133.7,1812.7,4184.9,,,228.2,469.5,621.9,1083.0,1959.4,,,672.5,499.9,1904.3,1959.4,1765.5,,,1118.7,1250.8,3684.5,3197.9,2275.0,,,,,,,,,,,,,,,,,27.7,8.8,58.0,46.3,140.4,,,163.0,311.8,447.2,706.2,1202.0,,,40.1,250.3,447.2,261.3,665.9,,,228.7,505.1,654.4,1100.5,2290.4,,,278.0,933.8,728.9,1526.9,1065.9,,,592.6,1982.3,1637.5,3081.6,1729.4,,,,,,,,,,,,,,,,,361.3,413.3,614.0,199.1,707.6,,,566.8,439.0,615.2,355.3,414.4,,,1002.8,1645.5,2404.1,1206.3,1756.3,,,824.7,624.2,2092.4,1598.9,2042.0,,,255.4,393.2,328.1,1448.6,436.2,,,498.4,415.9,456.2,1526.9,404.9,,,,,,,,,,,,,,,,,521.5,564.0,814.8,287.7,491.9,,,968.5,2118.6,1629.7,1803.0,1293.8,,,1361.3,3606.1,5215.0,2370.4,2145.4,,,1206.3,1366.8,4237.2,3389.7,2474.3,,,435.1,1982.3,1177.0,3109.9,1784.1,,,580.4,873.6,1033.4,1832.3,994.0,,,,,,,,,,,,,,,,,,,,,,,,,,,,,,,,,,,,,,,,,,,,,,,,,,,,,,,,,,,,,,,,,,,,,,,,,,,,,,,,,,,,,,,,,,,,,,,,,,,,,,,,,,,,,,,,,,,,,,,,,,,,,,,,
20260928_玉野_5R,20260928,61,玉野,5,4.3,20.5,9.2,17.5,42.7,,,11.7,63.4,44.2,109.5,126.2,,,98.7,137.6,153.0,470.7,593.7,,,51.6,83.8,96.4,184.1,498.7,,,141.4,225.2,523.1,264.1,1349.0,,,232.1,459.6,777.2,732.0,1461.0,,,,,,,,,,,,,,,,,9.0,27.3,16.9,53.8,84.2,,,49.2,116.2,101.3,202.2,229.0,,,99.7,116.4,130.4,343.1,296.8,,,113.8,137.6,146.2,183.1,560.6,,,239.6,208.9,367.5,150.0,972.6,,,444.0,618.8,848.4,980.7,1349.0,,,,,,,,,,,,,,,,,41.0,163.3,113.0,227.1,337.9,,,63.5,222.8,181.8,314.0,543.3,,,343.1,388.2,362.9,590.7,1338.7,,,273.3,335.9,335.0,436.3,905.1,,,533.4,633.2,742.8,540.0,2608.1,,,848.4,1035.5,1524.2,1066.9,2395.2,,,,,,,,,,,,,,,,,232.2,497.3,427.3,991.8,1244.1,,,218.0,404.7,392.0,869.3,1038.6,,,634.4,608.1,687.6,1725.9,1684.6,,,344.8,418.6,449.6,354.2,785.9,,,1668.7,1824.3,2257.0,641.3,2794.4,,,2286.3,2428.2,2515.0,1709.2,3230.2,,,,,,,,,,,,,,,,,265.7,366.3,290.0,500.8,1343.8,,,314.3,502.2,381.8,615.5,1814.9,,,462.0,563.3,454.3,824.5,1235.4,,,286.9,392.9,256.4,263.7,646.0,,,540.8,669.3,663.0,271.0,978.0,,,2395.2,2909.9,1833.8,1630.1,2608.1,,,,,,,,,,,,,,,,,1047.9,1437.1,1734.4,1564.8,4242.1,,,813.1,1760.5,1511.1,1218.3,3143.7,,,1717.5,1769.3,3230.2,1668.7,5030.0,,,2462.2,2608.1,2667.4,848.4,4346.9,,,1209.9,1275.7,1070.2,354.9,1967.0,,,5588.9,4401.2,5967.8,5255.2,3385.5,,,,,,,,,,,,,,,,,846.3,1209.9,2108.3,2083.4,3556.5,,,873.7,1485.6,2095.8,2186.9,2687.7,,,1498.3,1630.1,2331.7,1630.1,3745.7,,,2462.2,2862.6,2445.1,1893.0,3706.3,,,2839.5,3521.0,1833.8,1978.0,3088.6,,,5177.9,4191.6,4632.9,4758.1,3385.5,,,,,,,,,,,,,,,,,,,,,,,,,,,,,,,,,,,,,,,,,,,,,,,,,,,,,,,,,,,,,,,,,,,,,,,,,,,,,,,,,,,,,,,,,,,,,,,,,,,,,,,,,,,,,,,,,,,,,,,,,,,,,,,,
20260928_玉野_6R,20260928,61,玉野,6,4.6,21.9,15.8,27.0,7.9,,,20.5,163.1,115.3,75.1,118.2,,,165.9,384.8,347.9,619.0,636.8,,,100.5,191.4,241.3,345.7,395.6,,,141.2,173.0,526.8,379.0,486.2,,,70.9,205.8,423.1,322.2,366.1,,,,,,,,,,,,,,,,,10.3,26.9,26.4,37.0,11.3,,,52.0,366.8,335.9,206.9,554.6,,,246.7,633.6,548.2,796.3,1872.6,,,196.2,571.4,436.8,1008.7,1248.4,,,275.5,589.2,1096.4,1252.5,1836.2,,,240.1,1248.4,2033.7,1688.7,2149.2,,,,,,,,,,,,,,,,,22.6,135.2,102.4,46.6,90.6,,,45.4,291.4,188.3,151.7,479.4,,,545.0,721.8,618.0,604.2,1920.1,,,324.6,489.3,410.2,418.4,1596.0,,,52.6,93.0,177.2,166.4,238.9,,,883.8,1630.4,2682.7,2887.5,1543.9,,,,,,,,,,,,,,,,,478.8,855.8,705.7,1327.2,1062.5,,,534.2,1065.5,1008.7,1759.3,2909.7,,,1056.6,1318.0,1077.6,1160.3,3502.5,,,407.1,641.1,652.1,789.7,1443.7,,,1637.5,2251.6,990.2,1163.9,4156.8,,,1980.4,5181.7,4557.4,3672.5,5562.7,,,,,,,,,,,,,,,,,241.7,507.0,389.9,977.4,972.4,,,352.5,853.8,582.8,1507.0,2488.6,,,560.4,865.6,761.1,898.5,2538.7,,,286.7,426.4,511.1,582.8,1346.1,,,1174.7,1269.3,859.7,716.4,3407.8,,,2212.1,3981.7,4156.8,3782.7,5645.8,,,,,,,,,,,,,,,,,409.3,239.1,835.0,429.8,879.6,,,585.5,746.0,1525.2,1322.6,1216.3,,,175.1,404.5,383.2,282.9,842.4,,,1454.8,2089.8,815.2,1056.6,3568.5,,,518.8,1443.7,412.0,648.8,3205.6,,,2456.2,1563.0,2844.1,5111.7,6201.1,,,,,,,,,,,,,,,,,398.1,1525.2,1703.9,2364.1,2349.5,,,463.5,2802.0,5111.7,3981.7,4977.2,,,2199.2,3899.6,5482.1,5403.8,3981.7,,,2645.2,7005.0,6754.8,6877.6,8406.0,,,3708.5,5819.5,6004.2,6411.3,8597.0,,,4111.6,6877.6,4450.2,8406.0,8223.2,,,,,,,,,,,,,,,,,,,,,,,,,,,,,,,,,,,,,,,,,,,,,,,,,,,,,,,,,,,,,,,,,,,,,,,,,,,,,,,,,,,,,,,,,,,,,,,,,,,,,,,,,,,,,,,,,,,,,,,,,,,,,,,,
20260928_玉野_7R,20260928,61,玉野,7,5.6,9.7,14.5,44.2,84.7,,,23.3,51.4,41.8,68.1,56.6,,,47.1,65.9,55.9,233.0,343.7,,,50.1,63.3,43.5,217.9,349.6,,,164.0,108.2,430.0,439.2,749.3,,,583.9,481.7,1011.9,938.3,1193.3,,,,,,,,,,,,,,,,,25.0,37.6,59.4,115.2,185.9,,,117.2,415.3,516.1,443.0,417.0,,,202.6,525.9,480.6,1239.8,1606.5,,,251.9,623.6,472.9,1336.1,1552.1,,,487.4,682.4,1625.5,1902.6,2629.8,,,1200.2,1072.4,2928.2,3225.6,3858.7,,,,,,,,,,,,,,,,,60.6,155.3,112.0,139.2,99.7,,,91.2,392.1,401.6,303.8,242.5,,,247.9,373.9,224.1,401.6,275.0,,,166.9,338.7,191.6,348.1,257.0,,,111.1,123.8,243.7,256.6,55.4,,,176.1,162.8,250.0,264.6,148.3,,,,,,,,,,,,,,,,,114.4,121.1,91.0,280.1,348.4,,,196.4,336.2,243.1,871.0,985.4,,,161.8,274.1,147.4,279.7,261.6,,,53.6,70.5,62.9,162.6,204.0,,,675.7,1189.8,601.8,594.0,1631.9,,,1534.8,1818.8,1118.9,889.8,2207.9,,,,,,,,,,,,,,,,,90.1,120.5,92.8,302.4,499.8,,,169.2,354.4,230.7,705.7,994.9,,,171.0,321.8,164.6,334.8,296.8,,,44.7,69.4,54.1,142.0,233.4,,,672.4,1075.2,551.2,630.3,1380.8,,,1376.2,2207.9,1004.5,966.9,2219.8,,,,,,,,,,,,,,,,,385.8,250.3,913.4,960.1,1362.6,,,618.0,688.1,1947.5,2281.1,1254.9,,,130.0,237.6,349.6,355.9,118.2,,,1479.8,2064.4,901.4,1443.6,3225.6,,,1278.2,1956.7,851.3,1179.6,2231.8,,,2771.0,1310.7,543.9,3303.0,3035.9,,,,,,,,,,,,,,,,,2256.2,1247.3,2867.2,2887.3,3058.4,,,2887.3,2771.0,5983.8,5362.1,5432.6,,,1029.6,1380.8,1331.8,1251.1,672.4,,,3895.1,4915.2,2386.6,2771.0,5161.0,,,3719.6,4745.8,1966.1,2681.0,4857.4,,,4213.1,4047.8,856.6,4587.6,3932.2,,,,,,,,,,,,,,,,,,,,,,,,,,,,,,,,,,,,,,,,,,,,,,,,,,,,,,,,,,,,,,,,,,,,,,,,,,,,,,,,,,,,,,,,,,,,,,,,,,,,,,,,,,,,,,,,,,,,,,,,,,,,,,,,
20260928_玉野_8R,20260928,61,玉野,8,18.3,53.5,23.0,37.9,163.7,,,2.6,6.2,13.2,7.8,50.3,,,77.5,54.6,157.6,160.2,116.0,,,86.4,98.9,222.9,152.7,425.2,,,52.3,78.5,227.6,145.8,474.7,,,549.8,297.7,246.5,700.5,666.0,,,,,,,,,,,,,,,,,165.6,467.7,231.6,299.4,1206.3,,,285.2,959.2,847.4,526.0,2515.4,,,869.2,1264.4,1094.6,1335.8,2241.2,,,406.2,629.6,1112.6,487.5,1603.0,,,351.3,524.2,867.6,414.4,1603.0,,,2883.5,4338.4,3753.1,3426.7,4299.0,,,,,,,,,,,,,,,,,18.4,34.0,47.8,34.6,128.0,,,176.3,598.6,510.1,401.7,1745.0,,,308.8,947.6,1818.8,1653.4,1995.3,,,441.9,1010.4,2101.7,1571.0,3451.7,,,310.0,611.7,1525.4,1491.7,3529.0,,,1212.5,3940.8,3216.9,5030.8,5084.9,,,,,,,,,,,,,,,,,554.3,292.0,1247.7,1188.1,811.1,,,1167.6,1777.8,1825.8,2306.8,3330.2,,,480.0,1394.9,2598.3,3353.8,2901.2,,,2717.7,3451.7,5140.1,6568.0,5313.4,,,2488.9,2556.1,6062.7,7881.6,6755.6,,,1087.1,1571.0,1930.1,2450.2,2883.5,,,,,,,,,,,,,,,,,918.2,773.9,2003.7,1254.3,4222.2,,,1067.4,1613.9,2570.0,1037.0,4682.1,,,973.0,2515.4,4875.2,3261.3,6660.5,,,2798.2,4825.4,5767.0,8922.5,6853.5,,,1550.4,1139.5,3529.0,7058.1,6853.5,,,5629.7,8598.1,9094.1,8757.3,9999.9,,,,,,,,,,,,,,,,,542.9,381.0,1473.1,1077.2,3173.7,,,546.7,750.6,1473.1,535.5,1241.1,,,512.3,1302.7,3330.2,2528.8,6568.0,,,2612.6,3377.8,6305.2,6390.4,4977.8,,,1324.6,1104.8,2848.7,5030.8,5838.2,,,6062.7,1719.6,9999.9,7752.3,9852.0,,,,,,,,,,,,,,,,,4977.8,2556.1,2120.6,5313.4,5629.7,,,4825.4,7275.3,5697.5,5196.6,6660.5,,,2814.8,6853.5,5767.0,8153.3,9094.1,,,1869.1,3239.0,2814.8,3529.0,5030.8,,,6755.6,7752.3,8015.1,6853.5,9999.9,,,6660.5,7752.3,9094.1,8922.5,9650.9,,,,,,,,,,,,,,,,,,,,,,,,,,,,,,,,,,,,,,,,,,,,,,,,,,,,,,,,,,,,,,,,,,,,,,,,,,,,,,,,,,,,,,,,,,,,,,,,,,,,,,,,,,,,,,,,,,,,,,,,,,,,,,,,
20260928_玉野_9R,20260928,61,玉野,9,17.3,94.0,22.0,29.2,98.7,,,47.9,174.7,55.3,62.3,274.0,,,178.3,229.3,150.0,120.9,216.5,,,17.2,27.6,56.3,8.7,72.6,,,36.4,38.9,68.5,17.8,107.3,,,191.4,303.5,162.5,131.1,146.6,,,,,,,,,,,,,,,,,18.3,59.0,39.4,38.8,92.4,,,13.7,55.3,99.5,74.5,135.3,,,202.1,224.9,737.6,621.3,307.6,,,140.0,223.9,722.1,417.2,498.3,,,261.5,357.1,835.9,582.0,861.0,,,186.0,334.7,251.8,504.8,618.5,,,,,,,,,,,,,,,,,83.4,340.7,135.0,166.3,416.9,,,45.9,163.6,190.2,193.9,261.7,,,520.9,490.5,1401.7,1272.4,1121.4,,,336.5,446.9,1607.6,1318.6,1006.8,,,514.3,665.7,1690.3,1089.5,1953.7,,,715.4,601.8,907.4,1018.7,1839.1,,,,,,,,,,,,,,,,,468.8,609.2,606.5,460.3,382.5,,,491.9,597.1,1661.8,1549.8,797.3,,,863.1,732.1,2052.6,1724.1,1199.4,,,1034.0,2329.9,2445.6,2386.4,1741.6,,,1382.1,2573.4,2386.4,2873.6,1987.5,,,248.5,429.1,499.4,633.3,708.8,,,,,,,,,,,,,,,,,88.0,120.2,204.4,49.9,197.2,,,209.8,315.3,952.5,691.7,658.7,,,313.3,456.4,1665.8,1336.5,993.7,,,779.2,1464.2,1737.2,1839.1,1542.9,,,203.7,938.3,1151.3,1532.6,1496.0,,,455.5,842.0,1006.8,893.3,1618.9,,,,,,,,,,,,,,,,,379.3,394.1,630.9,180.7,774.0,,,629.2,989.4,2010.7,1556.8,1077.6,,,793.6,1247.1,2128.6,2141.8,2694.0,,,1581.8,2826.5,2489.8,3024.9,2704.6,,,267.9,1578.2,1768.4,2337.8,2411.4,,,1235.9,1195.2,2792.2,2471.9,2769.7,,,,,,,,,,,,,,,,,108.2,201.0,87.0,137.5,145.1,,,155.3,287.2,209.8,469.4,320.1,,,580.0,540.0,739.2,1096.4,1242.6,,,78.8,123.6,213.2,341.4,242.7,,,375.0,725.2,955.2,830.9,1227.1,,,696.6,1222.8,1512.4,1147.5,1368.4,,,,,,,,,,,,,,,,,,,,,,,,,,,,,,,,,,,,,,,,,,,,,,,,,,,,,,,,,,,,,,,,,,,,,,,,,,,,,,,,,,,,,,,,,,,,,,,,,,,,,,,,,,,,,,,,,,,,,,,,,,,,,,,,
20260928_広島_1R,20260928,62,広島,1,155.2,387.3,145.2,215.7,105.3,,,153.2,186.9,74.8,233.7,193.9,,,618.2,698.8,431.5,413.4,420.2,,,160.9,68.8,124.9,233.3,164.2,,,116.7,214.6,103.2,125.0,120.9,,,80.6,157.9,129.1,118.1,153.9,,,,,,,,,,,,,,,,,140.2,204.7,135.2,285.7,100.0,,,88.1,226.7,35.0,485.2,61.9,,,765.4,680.3,722.4,1530.8,490.7,,,103.2,44.2,235.5,568.9,75.7,,,1036.9,1353.5,1587.5,1530.8,1224.6,,,46.4,47.7,81.5,32.0,253.6,,,,,,,,,,,,,,,,,123.8,288.3,55.1,196.6,142.8,,,73.6,206.7,25.3,404.3,44.2,,,687.6,589.8,215.0,1530.8,579.2,,,16.9,10.6,32.6,113.6,12.8,,,1089.7,1325.6,1978.2,734.7,1495.2,,,126.4,76.4,250.6,63.2,490.7,,,,,,,,,,,,,,,,,1325.6,1339.4,959.6,1004.5,1045.4,,,1312.1,1428.7,1089.7,2795.3,1062.7,,,1512.7,1444.8,483.4,2571.7,1461.2,,,931.7,1587.5,459.2,2255.9,1179.7,,,1607.3,3214.6,3673.9,3781.9,3383.8,,,1137.9,945.4,1382.6,1428.7,2678.9,,,,,,,,,,,,,,,,,198.7,62.6,235.0,449.6,207.3,,,154.5,50.2,267.8,829.5,111.6,,,23.1,18.6,32.3,146.1,19.4,,,579.2,834.9,183.9,1785.9,808.7,,,1478.0,2217.0,698.8,2107.9,1478.0,,,214.6,167.2,95.7,465.8,945.4,,,,,,,,,,,,,,,,,1168.9,1036.9,769.9,1213.0,788.8,,,1978.2,2922.4,2571.7,4592.4,2922.4,,,2179.4,2795.3,3136.2,2143.1,4147.9,,,1549.2,2337.9,3136.2,4286.2,3781.9,,,2337.9,4762.5,2337.9,3781.9,4286.2,,,1714.5,3136.2,4147.9,2521.3,3571.8,,,,,,,,,,,,,,,,,147.1,258.2,275.3,338.3,451.1,,,92.7,100.1,142.8,86.7,342.9,,,252.6,145.1,380.4,174.9,1224.6,,,618.2,359.1,886.8,1213.0,1669.9,,,441.8,214.3,207.7,698.8,1397.6,,,1325.6,1273.1,2107.9,1669.9,2296.2,,,,,,,,,,,,,,,,,,,,,,,,,,,,,,,,,,,,,,,,,,,,,,,,,,,,,,,,,,,,,,,,,,,,,,,,,,,,,,,,,,,,,,,,,,,,,,,,,,,,,,,,,,,,,,,,,,,,,,,,,,,,,,,,
20260928_広島_2R,20260928,62,広島,2,167.4,149.9,192.1,463.2,61.1,,,339.8,461.6,232.0,2217.4,118.4,,,181.5,301.9,240.2,920.1,48.4,,,219.5,161.4,212.0,913.9,67.1,,,1218.6,3005.8,1649.5,2332.1,588.1,,,18.0,34.4,6.2,16.2,154.5,,,,,,,,,,,,,,,,,236.4,383.1,210.6,361.6,97.3,,,238.1,731.1,120.3,461.6,187.6,,,1288.2,1339.2,1099.7,1803.5,1024.7,,,217.4,72.3,460.0,302.6,117.1,,,433.5,404.9,1108.7,319.0,270.5,,,99.9,136.4,442.0,105.5,226.5,,,,,,,,,,,,,,,,,524.2,829.8,326.7,3299.1,313.1,,,402.5,1554.7,201.8,966.1,346.8,,,2254.4,3220.5,1519.8,9999.9,2415.4,,,169.2,112.5,495.4,1040.4,103.5,,,4363.3,1803.5,7514.7,2705.2,3005.8,,,353.1,337.3,1166.0,184.7,2504.9,,,,,,,,,,,,,,,,,1380.2,1932.3,1186.5,2504.9,235.6,,,2018.8,3005.8,2332.1,5410.5,1905.1,,,2818.0,4227.0,2552.1,9999.9,2652.2,,,1712.2,3381.6,2147.0,9999.9,2080.9,,,7514.7,2877.9,9999.9,9999.9,7956.7,,,307.4,1519.8,1878.6,1313.2,5009.8,,,,,,,,,,,,,,,,,248.6,168.8,255.6,1156.1,79.6,,,321.2,120.8,676.3,913.9,182.7,,,122.5,73.1,318.2,598.5,71.9,,,845.4,1629.6,1040.4,4830.8,1024.7,,,2940.5,1423.8,1803.5,5009.8,1591.3,,,68.3,144.5,75.1,262.1,676.3,,,,,,,,,,,,,,,,,1878.6,5636.0,4227.0,6441.1,2049.4,,,994.5,872.6,1519.8,617.6,632.0,,,7956.7,2552.1,9999.9,5202.4,6441.1,,,9017.6,4508.8,9999.9,9999.9,9999.9,,,5410.5,2292.6,3074.1,9999.9,4227.0,,,1502.9,1146.3,4830.8,7514.7,3381.6,,,,,,,,,,,,,,,,,14.1,30.4,7.3,11.7,115.3,,,57.0,65.3,226.9,51.7,164.7,,,128.0,134.3,414.9,71.4,824.7,,,90.9,325.1,512.3,315.3,1423.8,,,39.8,59.6,31.7,150.6,408.6,,,588.1,339.0,1176.2,1827.9,907.8,,,,,,,,,,,,,,,,,,,,,,,,,,,,,,,,,,,,,,,,,,,,,,,,,,,,,,,,,,,,,,,,,,,,,,,,,,,,,,,,,,,,,,,,,,,,,,,,,,,,,,,,,,,,,,,,,,,,,,,,,,,,,,,,
20260928_広島_3R,20260928,62,広島,3,2772.8,2184.6,2252.9,4651.1,2059.8,,,2621.5,3003.8,796.6,1501.9,1737.1,,,3516.7,4369.2,2152.0,5767.4,3276.9,,,1602.0,572.1,1275.9,1825.1,766.9,,,6553.9,2152.0,4005.1,3794.3,4505.8,,,1275.9,1084.1,1716.5,696.5,2942.5,,,,,,,,,,,,,,,,,2443.8,2252.9,2485.9,6007.7,2485.9,,,1922.4,1825.1,792.2,3067.7,2574.7,,,1100.6,1287.3,542.0,1948.4,1264.7,,,987.5,442.2,689.8,1567.2,1092.3,,,6268.9,5545.6,4806.2,4119.6,5149.5,,,1413.5,3204.1,2403.1,1975.1,5340.2,,,,,,,,,,,,,,,,,2363.7,1620.0,502.3,1471.2,1310.7,,,2120.3,1550.3,635.1,2218.2,2403.1,,,2059.8,1758.3,616.1,1471.2,3276.9,,,88.8,116.7,109.4,35.8,115.9,,,974.2,1335.0,1211.6,268.0,1275.9,,,1676.5,2883.7,3003.8,542.0,2288.6,,,,,,,,,,,,,,,,,2772.8,4240.7,1696.3,3604.6,2942.5,,,1221.9,1696.3,967.6,2621.5,1948.4,,,2670.1,2883.7,1015.3,1848.5,4505.8,,,1298.9,1153.4,792.2,1550.3,2120.3,,,5545.6,5767.4,4971.9,3353.1,8010.3,,,2942.5,3604.6,5149.5,3604.6,8010.3,,,,,,,,,,,,,,,,,108.4,57.7,101.1,247.3,54.6,,,83.2,39.9,46.4,139.4,104.0,,,8.0,8.6,13.6,2.1,7.6,,,106.4,62.8,83.7,229.2,198.3,,,347.4,388.6,59.4,536.0,327.6,,,50.2,121.3,77.4,189.4,258.3,,,,,,,,,,,,,,,,,5545.6,3067.7,6268.9,3697.0,4806.2,,,6553.9,3353.1,3697.0,5545.6,5545.6,,,3134.4,5149.5,2485.9,699.9,4005.1,,,4806.2,3353.1,4005.1,3204.1,5545.6,,,3896.9,4240.7,643.6,2942.5,4505.8,,,6553.9,3896.9,6268.9,6268.9,6007.7,,,,,,,,,,,,,,,,,1287.3,980.8,1550.3,492.1,2325.5,,,2403.1,3433.0,2059.8,2184.6,4369.2,,,2218.2,2720.4,4369.2,762.8,4119.6,,,4505.8,5545.6,4505.8,4369.2,5545.6,,,1100.6,1716.5,446.3,2942.5,2529.5,,,4651.1,4005.1,3896.9,7209.3,3067.7,,,,,,,,,,,,,,,,,,,,,,,,,,,,,,,,,,,,,,,,,,,,,,,,,,,,,,,,,,,,,,,,,,,,,,,,,,,,,,,,,,,,,,,,,,,,,,,,,,,,,,,,,,,,,,,,,,,,,,,,,,,,,,,,
20260928_広島_4R,20260928,62,広島,4,606.2,519.9,441.7,402.3,952.0,,,212.2,29.0,42.8,155.0,232.6,,,146.1,14.9,15.8,56.1,88.1,,,67.6,9.0,4.9,12.9,2.8,,,162.8,214.5,130.7,63.1,462.9,,,640.6,414.6,285.2,71.1,549.5,,,,,,,,,,,,,,,,,3466.3,2503.4,1904.0,2253.1,3557.5,,,4506.2,4224.5,4096.5,2758.8,5006.8,,,3072.4,3466.3,3379.6,3862.4,4828.0,,,1988.0,3862.4,3976.0,3004.1,3297.2,,,2048.2,2876.2,2816.3,1988.0,2650.7,,,3755.1,5877.6,4224.5,4828.0,4661.5,,,,,,,,,,,,,,,,,2145.8,301.7,458.2,1393.6,1571.9,,,3755.1,2938.8,3297.2,3297.2,4506.2,,,268.7,1609.3,429.1,1155.4,1251.7,,,620.1,2457.9,790.5,2216.1,1609.3,,,2017.7,2938.8,2216.1,2876.2,4096.5,,,3297.2,5199.4,2758.8,3755.1,5407.4,,,,,,,,,,,,,,,,,512.0,71.1,51.1,187.7,316.5,,,1325.3,2599.7,3379.6,2650.7,3755.1,,,126.2,824.3,215.2,446.1,675.9,,,146.1,1628.7,356.6,913.4,554.0,,,895.2,2017.7,1553.8,1877.5,3218.7,,,1072.9,3653.6,2079.7,1325.3,4360.8,,,,,,,,,,,,,,,,,167.3,65.1,49.2,88.9,25.9,,,1217.8,2371.6,2371.6,2457.9,2371.6,,,340.5,2145.8,461.3,2017.7,1031.9,,,203.9,1668.9,392.9,1711.2,606.2,,,587.7,2017.7,1408.1,1904.0,1438.1,,,186.4,872.1,994.0,759.4,861.0,,,,,,,,,,,,,,,,,790.5,1536.2,889.3,375.5,2216.1,,,1047.9,1590.4,1423.0,1365.5,2503.4,,,1931.2,3218.7,3143.8,2703.7,5199.4,,,1408.1,2503.4,1931.2,2371.6,4661.5,,,776.9,2180.4,2550.6,2550.6,1988.0,,,3143.8,3379.6,3557.5,5407.4,3004.1,,,,,,,,,,,,,,,,,3379.6,2703.7,1453.6,495.1,3557.5,,,3755.1,4360.8,4096.5,3218.7,5407.4,,,3379.6,5877.6,3379.6,3976.0,5199.4,,,1802.4,5006.8,4096.5,1904.0,5407.4,,,592.9,3755.1,2876.2,1851.8,3004.1,,,4506.2,3862.4,4661.5,4506.2,3557.5,,,,,,,,,,,,,,,,,,,,,,,,,,,,,,,,,,,,,,,,,,,,,,,,,,,,,,,,,,,,,,,,,,,,,,,,,,,,,,,,,,,,,,,,,,,,,,,,,,,,,,,,,,,,,,,,,,,,,,,,,,,,,,,,
20260928_広島_5R,20260928,62,広島,5,334.0,339.7,239.4,274.0,151.6,,,186.2,70.0,28.9,70.4,105.2,,,270.3,119.4,52.2,114.1,151.9,,,69.3,18.5,7.6,23.3,29.2,,,70.1,27.4,19.0,11.3,22.6,,,56.9,95.9,59.3,45.2,58.7,,,,,,,,,,,,,,,,,910.0,1105.0,744.8,966.9,602.1,,,1387.0,2646.2,1915.4,3408.7,2186.0,,,2094.9,3142.4,1897.3,2755.0,2717.7,,,1026.1,1406.4,1226.3,1704.3,1064.1,,,1416.3,3142.4,2646.2,2366.0,1690.0,,,426.0,935.4,878.2,542.0,726.0,,,,,,,,,,,,,,,,,569.7,228.8,124.9,229.8,403.8,,,1468.0,2162.5,1583.5,2873.1,1952.5,,,603.9,1991.2,371.0,1396.6,1457.3,,,145.1,501.5,87.1,358.4,389.7,,,412.9,1971.7,1020.8,638.4,1648.5,,,845.0,1446.8,1226.3,1020.8,1879.5,,,,,,,,,,,,,,,,,1162.5,560.2,255.2,525.1,684.0,,,1583.5,2210.0,1489.7,3047.2,2052.2,,,684.0,1500.8,402.2,1675.9,1571.2,,,188.4,511.7,250.4,489.3,340.8,,,1020.8,2793.2,1897.3,1136.2,2186.0,,,1031.3,1559.0,1811.8,848.5,2094.9,,,,,,,,,,,,,,,,,213.0,73.6,22.6,96.7,119.2,,,713.1,827.6,496.5,1081.2,889.8,,,85.4,385.2,24.9,252.0,272.5,,,20.5,118.6,22.8,105.9,51.6,,,286.0,1015.7,471.0,324.9,670.3,,,260.8,455.0,404.6,92.5,650.8,,,,,,,,,,,,,,,,,248.9,103.6,119.3,65.8,93.9,,,1042.0,2513.9,1971.7,2094.9,1396.6,,,399.0,1845.1,944.2,726.0,1559.0,,,695.9,2578.4,1190.0,1058.5,1933.8,,,308.4,1662.1,681.7,593.2,953.1,,,640.5,1426.3,1933.8,1559.0,1396.6,,,,,,,,,,,,,,,,,216.9,320.2,156.1,164.4,133.7,,,199.1,557.1,361.7,259.8,457.0,,,588.0,1368.1,931.0,620.7,1991.2,,,646.6,834.5,1176.1,511.7,1559.0,,,284.0,438.1,491.7,158.9,776.5,,,548.0,1105.0,1718.9,1331.9,1020.8,,,,,,,,,,,,,,,,,,,,,,,,,,,,,,,,,,,,,,,,,,,,,,,,,,,,,,,,,,,,,,,,,,,,,,,,,,,,,,,,,,,,,,,,,,,,,,,,,,,,,,,,,,,,,,,,,,,,,,,,,,,,,,,,
20260928_広島_6R,20260928,62,広島,6,125.6,13.5,116.8,10.2,26.5,,,396.0,346.3,521.6,287.5,495.6,,,10.5,93.7,93.3,5.0,19.7,,,365.4,652.4,305.1,263.4,555.5,,,6.1,86.5,3.8,59.5,13.6,,,45.0,247.1,33.0,218.0,30.5,,,,,,,,,,,,,,,,,2894.0,826.8,2492.0,564.2,1220.6,,,6408.2,9999.9,7476.2,9999.9,9443.7,,,1661.3,9968.3,4272.1,2110.9,3817.6,,,6645.5,9999.9,9999.9,9999.9,5788.0,,,1074.4,5981.0,2188.1,5277.3,3661.8,,,3041.1,9999.9,4721.8,4984.1,5126.5,,,,,,,,,,,,,,,,,4849.4,4272.1,5788.0,3093.6,5277.3,,,7177.2,9999.9,9999.9,9999.9,9999.9,,,7177.2,9999.9,9999.9,9968.3,9999.9,,,4272.1,9999.9,9443.7,9999.9,9999.9,,,4600.7,9999.9,9999.9,9999.9,9999.9,,,9999.9,9999.9,9999.9,8544.3,9999.9,,,,,,,,,,,,,,,,,199.5,801.0,801.0,98.8,274.7,,,770.0,7801.3,4272.1,1150.1,2215.1,,,3900.6,9999.9,9999.9,5981.0,8544.3,,,4272.1,9443.7,8971.5,5788.0,5607.2,,,211.0,468.4,2760.4,2527.1,667.0,,,1019.4,2492.0,8544.3,4849.4,1533.5,,,,,,,,,,,,,,,,,4600.7,3738.1,2941.4,3518.2,5277.3,,,9999.9,9999.9,9999.9,9999.9,9999.9,,,6408.2,9999.9,9999.9,9999.9,9999.9,,,4172.8,8544.3,9999.9,7476.2,7801.3,,,7801.3,1602.0,9999.9,1458.7,9443.7,,,9999.9,9999.9,9999.9,9999.9,9999.9,,,,,,,,,,,,,,,,,163.4,826.8,80.9,594.1,263.0,,,627.3,3322.7,954.4,3987.3,1708.8,,,3093.6,7801.3,5607.2,9999.9,9968.3,,,246.1,647.7,2760.4,2360.9,842.3,,,3661.8,5437.2,9999.9,5437.2,9968.3,,,991.3,2016.0,7177.2,1204.2,4984.1,,,,,,,,,,,,,,,,,1482.8,3661.8,944.3,4077.9,996.8,,,1369.7,9999.9,5277.3,7801.3,6408.2,,,5981.0,9999.9,8971.5,9999.9,9999.9,,,1776.5,6187.2,9999.9,9999.9,2492.0,,,9999.9,9999.9,9999.9,9999.9,9999.9,,,1587.8,4984.1,9999.9,2600.4,9999.9,,,,,,,,,,,,,,,,,,,,,,,,,,,,,,,,,,,,,,,,,,,,,,,,,,,,,,,,,,,,,,,,,,,,,,,,,,,,,,,,,,,,,,,,,,,,,,,,,,,,,,,,,,,,,,,,,,,,,,,,,,,,,,,,
20260928_広島_7R,20260928,62,広島,7,5407.0,8110.5,8537.3,8110.5,7052.6,,,2949.2,2002.5,346.6,2079.6,916.4,,,9541.7,3526.3,3772.3,6007.7,3956.3,,,2896.6,318.6,1590.2,1802.3,646.2,,,8110.5,2703.5,2421.0,3604.6,6238.8,,,4915.4,1277.2,4159.2,1210.5,6758.7,,,,,,,,,,,,,,,,,9999.9,9999.9,9999.9,9999.9,9541.7,,,7373.1,9999.9,3180.5,9999.9,9011.6,,,6007.7,9999.9,5232.5,8110.5,9999.9,,,5407.0,2949.2,5793.2,9999.9,5232.5,,,9999.9,9999.9,9999.9,9999.9,9999.9,,,6488.4,9999.9,8537.3,7052.6,9999.9,,,,,,,,,,,,,,,,,1398.3,667.5,62.2,416.9,179.2,,,2896.6,5407.0,937.6,7724.2,2749.3,,,1544.8,5232.5,246.1,1908.3,1488.1,,,14.4,171.8,47.6,49.9,13.0,,,1088.6,7052.6,2350.8,309.5,1184.0,,,213.4,1228.8,589.8,50.7,577.2,,,,,,,,,,,,,,,,,7052.6,5593.4,3526.3,3956.3,3956.3,,,6758.7,9999.9,8537.3,9011.6,9999.9,,,3310.4,8110.5,1559.7,4770.8,4384.0,,,2252.9,3772.3,1150.4,3604.6,2350.8,,,9999.9,9999.9,9999.9,9999.9,9999.9,,,5407.0,9999.9,6488.4,5069.0,9011.6,,,,,,,,,,,,,,,,,318.6,12.9,156.8,123.2,38.9,,,757.9,325.7,1606.0,1707.4,876.8,,,3.9,69.2,21.8,17.8,3.1,,,348.8,1219.6,70.4,596.3,335.1,,,255.8,1461.3,75.5,567.1,213.9,,,38.1,300.3,8.4,121.1,98.9,,,,,,,,,,,,,,,,,9999.9,4505.8,9999.9,6007.7,9541.7,,,9999.9,9999.9,9999.9,9999.9,9999.9,,,4055.2,9999.9,7373.1,2284.6,6007.7,,,9999.9,9999.9,9999.9,9999.9,9999.9,,,4634.5,9999.9,2106.6,7052.6,5407.0,,,9999.9,9999.9,7724.2,7724.2,6238.8,,,,,,,,,,,,,,,,,5793.2,1210.5,4055.2,827.6,6758.7,,,9011.6,4159.2,5069.0,4505.8,9999.9,,,921.6,5069.0,2616.2,325.7,3244.2,,,5232.5,9999.9,4384.0,4055.2,9999.9,,,626.2,2949.2,258.7,1763.1,1802.3,,,8110.5,9999.9,5407.0,9999.9,5407.0,,,,,,,,,,,,,,,,,,,,,,,,,,,,,,,,,,,,,,,,,,,,,,,,,,,,,,,,,,,,,,,,,,,,,,,,,,,,,,,,,,,,,,,,,,,,,,,,,,,,,,,,,,,,,,,,,,,,,,,,,,,,,,,,
20260928_広島_8R,20260928,62,広島,8,2350.6,1958.8,1567.0,2105.0,2312.0,,,1986.4,1110.5,892.6,2765.4,1986.4,,,1110.5,854.7,454.9,1128.2,1343.2,,,1567.0,705.1,719.5,1679.0,746.2,,,2136.9,2431.6,1762.9,2312.0,3616.3,,,3279.9,2312.0,2820.7,1453.9,5641.4,,,,,,,,,,,,,,,,,2105.0,1165.5,1382.7,1101.8,1880.4,,,1060.4,649.9,243.5,479.7,892.6,,,742.2,1146.6,568.6,668.4,1584.6,,,734.5,221.4,450.5,308.6,267.6,,,409.9,251.4,228.2,153.1,418.5,,,2014.8,1369.2,2238.6,940.2,1602.6,,,,,,,,,,,,,,,,,1119.3,491.4,414.8,1195.2,844.5,,,801.3,442.1,195.3,353.4,607.9,,,255.9,322.0,137.4,629.6,442.1,,,74.7,62.1,30.0,71.8,8.6,,,915.8,352.5,540.3,271.2,602.7,,,652.9,592.5,391.7,71.9,705.1,,,,,,,,,,,,,,,,,400.6,268.1,157.5,393.9,406.4,,,730.7,1037.0,392.8,500.1,1719.9,,,467.0,870.5,161.5,934.0,587.6,,,170.5,357.9,99.2,298.1,88.5,,,528.2,352.5,854.7,300.0,1270.5,,,887.0,2350.6,810.5,346.5,2390.4,,,,,,,,,,,,,,,,,505.5,159.3,262.6,629.6,206.4,,,399.5,136.0,233.1,227.8,167.1,,,28.6,41.0,16.7,46.8,3.3,,,107.8,211.1,53.1,264.6,46.5,,,691.3,210.5,238.2,241.5,269.6,,,63.3,86.7,6.3,35.7,102.1,,,,,,,,,,,,,,,,,758.2,1808.1,898.3,1270.5,2014.8,,,376.0,274.9,168.5,159.9,474.8,,,1305.8,309.9,447.7,296.2,1343.2,,,462.4,194.5,478.0,223.5,1330.5,,,829.6,201.1,290.7,246.5,501.9,,,2938.2,1621.1,2431.6,2661.0,1369.2,,,,,,,,,,,,,,,,,2820.7,1986.4,2312.0,909.9,5641.4,,,2390.4,1719.9,2938.2,1052.5,3000.7,,,1128.2,1084.8,723.2,106.6,1549.8,,,1484.5,2878.2,1226.4,550.9,4029.6,,,365.3,404.1,62.8,210.8,595.0,,,4863.3,3000.7,3711.4,4701.2,1855.7,,,,,,,,,,,,,,,,,,,,,,,,,,,,,,,,,,,,,,,,,,,,,,,,,,,,,,,,,,,,,,,,,,,,,,,,,,,,,,,,,,,,,,,,,,,,,,,,,,,,,,,,,,,,,,,,,,,,,,,,,,,,,,,,
20260928_広島_9R,20260928,62,広島,9,335.9,141.0,354.8,805.6,118.2,,,277.7,49.6,281.8,207.8,82.4,,,50.3,24.2,60.1,107.1,14.0,,,501.4,596.4,284.7,1011.8,259.5,,,1011.8,398.0,391.6,965.8,658.8,,,51.0,75.7,33.3,47.2,239.7,,,,,,,,,,,,,,,,,600.6,287.1,449.6,1240.7,184.7,,,711.2,1180.4,1082.6,871.7,339.9,,,405.6,1082.6,825.1,1634.4,377.7,,,427.0,661.4,965.8,1545.3,169.4,,,2023.6,1172.2,1317.6,2124.7,894.6,,,88.3,122.0,134.4,27.1,267.6,,,,,,,,,,,,,,,,,391.6,65.7,375.2,168.1,100.4,,,586.1,837.3,765.6,505.9,247.0,,,142.0,671.8,470.8,194.9,155.3,,,584.1,849.9,615.8,557.3,287.1,,,178.7,306.8,219.9,234.4,74.9,,,125.2,126.8,112.0,82.4,76.2,,,,,,,,,,,,,,,,,123.7,79.1,144.4,232.8,44.3,,,272.4,982.5,837.3,1240.7,376.0,,,238.0,904.1,790.6,674.5,463.1,,,435.8,889.9,1140.8,1618.8,460.6,,,570.4,1808.3,923.8,1699.8,1148.5,,,102.5,190.1,349.7,177.4,656.3,,,,,,,,,,,,,,,,,982.5,1023.9,762.2,2575.5,495.5,,,909.0,1789.2,1770.6,2741.6,326.8,,,1240.7,2328.5,1465.3,1452.8,693.8,,,904.1,1931.6,1683.0,2930.7,854.1,,,2786.6,3147.8,2930.7,3541.3,2047.9,,,369.5,172.2,306.2,394.3,748.8,,,,,,,,,,,,,,,,,2047.9,702.4,899.3,2360.8,1428.4,,,2236.6,1338.4,1909.9,3333.0,1011.8,,,354.1,541.3,472.1,627.2,213.2,,,1125.7,2266.4,1125.7,2575.5,1440.5,,,2881.0,3090.6,1909.9,3469.0,1752.4,,,1338.4,849.9,375.2,1231.7,465.7,,,,,,,,,,,,,,,,,48.4,144.1,57.7,49.4,367.1,,,26.5,44.3,44.1,7.6,103.9,,,121.7,80.2,112.6,56.8,106.7,,,82.0,84.1,157.5,64.5,362.4,,,54.6,16.8,39.9,52.3,110.1,,,557.3,250.7,171.7,489.8,130.3,,,,,,,,,,,,,,,,,,,,,,,,,,,,,,,,,,,,,,,,,,,,,,,,,,,,,,,,,,,,,,,,,,,,,,,,,,,,,,,,,,,,,,,,,,,,,,,,,,,,,,,,,,,,,,,,,,,,,,,,,,,,,,,,
20260928_広島_10R,20260928,62,広島,10,68.8,220.0,33.4,432.0,71.9,,,102.4,273.5,18.2,317.0,67.9,,,570.9,531.9,386.9,1877.0,583.2,,,20.0,8.5,128.6,168.0,27.2,,,1458.0,897.2,2366.7,788.9,2041.2,,,141.2,138.2,348.1,94.7,777.6,,,,,,,,,,,,,,,,,29.4,100.3,12.2,244.4,33.3,,,109.5,417.6,143.1,854.9,226.4,,,160.7,358.9,173.5,630.5,67.5,,,16.1,57.6,82.3,343.7,34.3,,,1001.8,1471.1,1395.7,1360.8,1088.6,,,25.2,120.4,24.8,36.6,272.1,,,,,,,,,,,,,,,,,317.0,655.8,65.0,927.8,327.2,,,474.7,1471.1,655.8,1944.0,1227.8,,,1027.0,1991.4,1633.0,2633.9,1775.0,,,146.5,658.4,1432.4,1718.9,977.8,,,1991.4,4665.7,3628.9,3474.5,3797.7,,,1227.8,2177.3,2120.8,1540.5,2864.9,,,,,,,,,,,,,,,,,620.9,742.2,683.2,1191.9,648.0,,,496.3,713.1,607.0,949.4,291.0,,,1183.3,1898.8,2016.0,2916.1,1775.0,,,1060.4,877.9,1814.4,4187.2,1218.6,,,4665.7,3550.0,3711.4,5267.8,3332.7,,,792.7,390.6,1407.7,1134.0,1407.7,,,,,,,,,,,,,,,,,23.3,9.9,103.2,237.3,40.8,,,37.1,109.0,148.9,465.2,70.7,,,56.0,269.4,653.2,892.3,480.3,,,366.9,433.1,868.6,1794.5,493.3,,,1540.5,2437.3,3140.4,4803.0,2721.7,,,152.0,128.7,433.1,238.7,1074.3,,,,,,,,,,,,,,,,,2474.2,1737.2,3888.1,1967.5,3332.7,,,2815.5,3888.1,2969.1,3888.1,3550.0,,,2767.8,6048.2,4297.4,5631.1,4413.5,,,4082.5,4665.7,3711.4,7422.8,3797.7,,,1855.7,4803.0,4413.5,7776.3,5443.4,,,3266.0,3024.1,3711.4,3474.5,5103.2,,,,,,,,,,,,,,,,,230.3,434.3,416.5,268.1,1316.9,,,94.5,378.0,77.9,143.7,460.0,,,966.2,1174.8,1683.5,1737.2,2916.1,,,393.5,207.7,1046.8,788.9,882.7,,,280.1,262.9,1134.0,630.5,1718.9,,,2969.1,1755.9,4413.5,2067.1,4187.2,,,,,,,,,,,,,,,,,,,,,,,,,,,,,,,,,,,,,,,,,,,,,,,,,,,,,,,,,,,,,,,,,,,,,,,,,,,,,,,,,,,,,,,,,,,,,,,,,,,,,,,,,,,,,,,,,,,,,,,,,,,,,,,,
20260928_広島_11R,20260928,62,広島,11,641.4,1512.3,237.5,1362.3,654.1,,,356.8,241.3,68.3,518.3,63.0,,,1098.9,432.6,236.5,900.7,221.2,,,12.0,16.1,40.0,72.3,5.5,,,1939.3,1485.0,1433.4,564.5,1248.8,,,268.0,52.0,63.0,37.7,325.7,,,,,,,,,,,,,,,,,2793.9,4848.3,756.1,4337.9,2842.1,,,3296.8,9999.9,4995.2,9999.9,6105.2,,,4578.9,9999.9,4848.3,5151.3,7492.8,,,670.0,3364.1,3924.8,4020.5,2497.6,,,7167.0,9696.6,8242.1,9999.9,9157.9,,,3110.2,6593.7,4337.9,3364.1,5684.2,,,,,,,,,,,,,,,,,828.3,511.9,111.3,1121.3,87.1,,,1600.4,4995.2,2197.9,3364.1,2536.0,,,886.2,3507.2,713.6,1682.0,209.1,,,116.4,672.8,601.6,1297.9,131.3,,,3110.2,6868.4,4337.9,3583.5,2289.4,,,56.8,749.2,28.9,48.7,510.3,,,,,,,,,,,,,,,,,1772.5,1136.8,689.7,1699.4,816.0,,,4020.5,7849.6,5317.5,6340.0,6105.2,,,1408.9,4709.7,1485.0,2536.0,378.0,,,910.7,2702.3,1682.0,3296.8,891.0,,,6593.7,6593.7,5684.2,7492.8,4709.7,,,476.4,1682.0,205.2,464.3,1258.3,,,,,,,,,,,,,,,,,7.6,19.8,41.7,70.0,8.1,,,73.8,592.9,656.7,646.4,297.0,,,103.1,429.2,570.3,1129.0,163.0,,,283.2,1287.8,941.9,1485.0,492.0,,,610.5,1811.4,2891.9,2321.7,1471.8,,,48.0,258.3,117.4,183.3,513.5,,,,,,,,,,,,,,,,,4709.7,2997.1,5317.5,1458.7,2497.6,,,6593.7,9157.9,6105.2,9999.9,7492.8,,,4578.9,9157.9,7167.0,6593.7,3583.5,,,4995.2,4455.2,7167.0,7492.8,3924.8,,,1600.4,4455.2,5151.3,4455.2,2793.9,,,3663.1,3924.8,3364.1,2891.9,3434.2,,,,,,,,,,,,,,,,,701.4,87.9,119.8,89.6,713.6,,,1916.7,2616.5,2536.0,1753.6,4121.0,,,41.9,586.6,17.8,39.9,384.2,,,133.0,808.0,41.7,96.0,422.6,,,92.2,472.3,89.2,132.4,603.8,,,1791.7,3364.1,1433.4,1555.1,1916.7,,,,,,,,,,,,,,,,,,,,,,,,,,,,,,,,,,,,,,,,,,,,,,,,,,,,,,,,,,,,,,,,,,,,,,,,,,,,,,,,,,,,,,,,,,,,,,,,,,,,,,,,,,,,,,,,,,,,,,,,,,,,,,,,
20260928_広島_12R,20260928,62,広島,12,531.2,355.9,286.4,182.4,233.3,,,704.7,802.8,381.6,426.2,1016.7,,,313.6,620.2,300.3,175.8,452.7,,,310.8,390.6,355.4,182.5,451.0,,,84.5,207.6,107.3,86.8,160.6,,,272.6,1008.4,629.6,567.7,316.0,,,,,,,,,,,,,,,,,362.1,217.8,189.6,272.6,136.9,,,261.9,144.9,87.1,495.1,101.1,,,109.2,107.1,60.7,158.5,32.2,,,115.7,90.0,80.0,253.9,50.4,,,291.5,609.5,312.0,293.2,190.6,,,35.6,53.6,19.9,18.9,102.8,,,,,,,,,,,,,,,,,623.3,731.8,320.1,763.3,965.3,,,326.0,173.4,90.9,672.3,174.0,,,494.1,202.8,97.9,600.6,361.1,,,135.4,63.1,60.6,250.3,129.9,,,886.0,1078.6,1051.2,581.0,1363.1,,,1025.1,417.6,652.8,340.7,1326.6,,,,,,,,,,,,,,,,,107.0,272.3,130.7,111.1,192.9,,,60.1,85.3,40.4,79.8,26.8,,,248.3,153.0,75.4,342.6,262.5,,,96.0,55.7,56.8,127.6,109.7,,,110.0,138.8,347.4,152.8,238.0,,,218.9,61.1,279.3,144.2,250.8,,,,,,,,,,,,,,,,,349.4,301.4,384.6,298.9,594.9,,,214.9,100.0,137.8,436.0,128.0,,,101.7,52.4,54.5,269.0,119.4,,,237.4,147.8,86.0,329.0,260.5,,,373.0,474.3,434.4,501.1,727.5,,,555.0,190.8,263.3,344.0,747.2,,,,,,,,,,,,,,,,,78.0,184.7,102.7,70.1,145.8,,,176.7,456.8,321.3,220.5,244.9,,,558.7,824.2,775.2,372.5,1355.6,,,199.4,283.8,561.2,299.9,545.2,,,210.9,323.4,410.0,414.1,649.4,,,314.4,241.5,1038.0,685.3,493.2,,,,,,,,,,,,,,,,,236.9,797.7,487.4,348.4,312.4,,,72.9,84.0,44.4,43.2,92.0,,,749.5,277.1,590.6,317.6,1252.9,,,369.7,101.4,451.8,266.7,575.6,,,322.6,134.0,260.5,309.3,462.8,,,260.3,205.5,1042.3,603.6,368.6,,,,,,,,,,,,,,,,,,,,,,,,,,,,,,,,,,,,,,,,,,,,,,,,,,,,,,,,,,,,,,,,,,,,,,,,,,,,,,,,,,,,,,,,,,,,,,,,,,,,,,,,,,,,,,,,,,,,,,,,,,,,,,,,
20260928_武雄_1R,20260928,84,武雄,1,130.1,75.0,85.5,271.5,408.1,,,157.7,211.5,77.6,264.7,144.6,,,151.9,263.0,194.9,508.1,673.0,,,68.3,52.6,89.2,67.1,124.0,,,244.2,199.2,288.8,88.7,484.8,,,364.6,262.5,710.8,237.8,451.9,,,,,,,,,,,,,,,,,65.3,26.6,42.7,167.5,228.4,,,46.9,23.6,94.5,257.7,53.8,,,8.8,8.3,29.2,58.2,45.0,,,131.5,200.5,135.9,488.5,559.8,,,267.5,365.7,171.9,440.8,710.8,,,341.9,98.2,143.4,473.9,872.6,,,,,,,,,,,,,,,,,125.7,139.2,66.4,299.1,84.5,,,91.0,45.5,159.9,372.1,54.7,,,151.1,80.6,223.5,718.9,114.5,,,125.9,254.0,254.5,739.9,201.4,,,372.1,800.8,1054.4,739.9,583.1,,,49.7,37.1,52.8,92.5,206.4,,,,,,,,,,,,,,,,,101.8,206.7,224.3,504.1,611.2,,,26.2,30.1,75.2,117.3,104.7,,,245.2,108.2,401.7,988.5,275.0,,,494.2,307.8,702.9,1240.5,1020.4,,,805.9,368.9,1004.2,1171.6,2074.3,,,872.6,391.7,397.9,1304.4,2008.5,,,,,,,,,,,,,,,,,247.1,140.2,265.2,245.2,359.4,,,437.8,585.8,545.4,1240.5,1454.4,,,237.8,550.1,611.2,1160.8,567.4,,,629.5,706.9,944.2,1782.1,2636.1,,,596.8,1733.3,1375.3,1888.5,1562.1,,,1081.5,2008.5,849.2,2433.3,1946.7,,,,,,,,,,,,,,,,,390.5,279.9,458.4,115.8,702.9,,,494.2,611.2,311.6,691.4,1072.3,,,490.4,937.3,1205.1,916.9,1028.7,,,1063.3,540.7,1471.3,1252.8,2692.2,,,547.7,1471.3,1150.3,1304.4,2008.5,,,757.6,2387.4,1063.3,1037.1,1643.3,,,,,,,,,,,,,,,,,988.5,445.5,965.9,451.9,1119.7,,,753.1,288.8,482.9,1228.5,1346.1,,,121.0,115.7,166.7,192.0,358.4,,,1139.9,735.6,588.5,1977.1,1757.4,,,1182.5,1622.2,776.2,1757.4,1733.3,,,757.6,2008.5,547.7,465.2,1562.1,,,,,,,,,,,,,,,,,,,,,,,,,,,,,,,,,,,,,,,,,,,,,,,,,,,,,,,,,,,,,,,,,,,,,,,,,,,,,,,,,,,,,,,,,,,,,,,,,,,,,,,,,,,,,,,,,,,,,,,,,,,,,,,,
20260928_武雄_2R,20260928,84,武雄,2,367.6,226.8,90.2,177.9,280.0,,,309.8,140.8,142.7,192.4,659.0,,,175.0,79.0,103.4,90.5,452.1,,,67.7,123.4,115.5,73.5,89.7,,,89.5,83.2,64.7,42.1,201.0,,,990.9,944.0,944.0,412.1,674.9,,,,,,,,,,,,,,,,,511.8,385.9,153.2,387.0,623.7,,,763.5,584.6,279.4,1440.4,1305.8,,,458.1,402.6,221.4,587.0,755.2,,,44.7,59.6,64.0,112.4,22.4,,,429.9,1083.1,618.2,237.6,723.9,,,990.9,1552.4,1050.5,244.2,1552.4,,,,,,,,,,,,,,,,,351.9,179.3,212.3,432.5,873.2,,,798.4,508.0,329.5,1470.7,1470.7,,,62.7,146.3,42.0,243.8,248.1,,,197.6,141.7,107.4,610.1,203.3,,,780.5,2149.5,878.7,970.3,2587.4,,,2409.0,2851.5,990.9,1019.8,6074.9,,,,,,,,,,,,,,,,,413.3,166.1,212.0,305.0,655.9,,,488.5,268.1,197.6,684.9,723.9,,,48.6,128.1,28.1,241.7,178.4,,,179.3,85.1,60.0,429.9,110.8,,,563.4,735.3,500.8,649.8,1814.5,,,1343.4,599.6,517.4,371.6,2495.0,,,,,,,,,,,,,,,,,59.4,137.7,122.6,107.9,73.8,,,14.6,22.8,17.4,53.5,7.1,,,140.4,70.4,93.5,345.8,84.8,,,161.5,54.8,68.6,348.4,77.3,,,176.8,136.4,427.2,373.5,180.5,,,87.3,23.0,84.8,84.3,189.8,,,,,,,,,,,,,,,,,241.3,314.6,305.0,111.1,668.5,,,446.4,1117.7,659.0,301.1,1643.8,,,735.3,1791.3,1083.1,1019.8,3104.9,,,521.3,793.8,1005.2,889.9,2183.1,,,235.2,234.4,643.8,450.7,376.6,,,1587.7,2910.9,4818.0,2910.9,1624.6,,,,,,,,,,,,,,,,,2686.9,4234.0,2217.8,1411.3,4818.0,,,2368.1,2495.0,1838.4,356.4,3104.9,,,3992.1,4366.3,3037.4,1746.5,7762.4,,,2451.2,1012.4,1012.4,681.5,4366.3,,,937.7,273.4,674.9,582.1,1535.4,,,5373.9,4818.0,7353.8,4507.2,2794.4,,,,,,,,,,,,,,,,,,,,,,,,,,,,,,,,,,,,,,,,,,,,,,,,,,,,,,,,,,,,,,,,,,,,,,,,,,,,,,,,,,,,,,,,,,,,,,,,,,,,,,,,,,,,,,,,,,,,,,,,,,,,,,,,
20260928_武雄_3R,20260928,84,武雄,3,391.0,211.4,326.9,137.6,82.1,,,393.0,751.8,230.2,197.0,226.2,,,490.9,1135.9,814.8,439.6,555.8,,,459.0,279.4,572.1,339.0,427.5,,,43.6,86.6,116.9,103.8,33.0,,,54.2,164.3,271.6,267.8,56.1,,,,,,,,,,,,,,,,,477.3,208.9,390.0,255.5,95.4,,,790.0,285.0,297.0,889.3,216.1,,,201.5,400.0,192.6,233.6,48.1,,,551.8,540.3,461.8,648.4,226.8,,,306.9,859.8,287.1,495.6,181.8,,,30.1,100.6,11.4,45.2,52.4,,,,,,,,,,,,,,,,,481.8,790.0,224.5,272.5,371.4,,,607.9,227.5,170.2,704.2,168.4,,,1414.8,841.2,691.6,1945.3,1065.9,,,136.3,108.6,159.7,205.8,90.0,,,356.9,774.2,1152.8,440.8,620.0,,,348.1,157.8,376.8,158.8,513.6,,,,,,,,,,,,,,,,,737.5,1556.3,1330.1,889.3,782.0,,,502.0,869.4,318.2,470.1,106.4,,,2322.8,1691.6,1525.8,3051.6,1970.0,,,1710.2,1318.9,1161.4,2103.1,1402.0,,,1023.8,1119.6,2322.8,1673.4,997.6,,,620.0,161.2,1454.5,1010.5,823.4,,,,,,,,,,,,,,,,,665.0,440.8,836.7,598.5,656.6,,,841.2,460.4,559.8,910.1,399.0,,,258.9,219.8,294.7,344.3,192.1,,,1414.8,997.6,630.0,1556.3,1245.0,,,679.6,899.6,582.8,1318.9,798.1,,,637.8,248.6,286.0,755.4,542.2,,,,,,,,,,,,,,,,,54.0,87.3,103.6,94.2,41.9,,,121.2,506.9,225.8,339.8,130.4,,,199.5,617.5,1088.3,456.3,394.0,,,316.3,511.9,1389.5,1004.0,563.8,,,296.4,518.7,544.1,744.6,542.2,,,74.5,127.7,330.4,336.1,374.1,,,,,,,,,,,,,,,,,46.4,198.0,132.4,177.4,72.3,,,16.9,53.7,6.9,22.4,18.3,,,250.2,116.4,315.6,133.2,401.1,,,328.3,65.1,525.7,356.9,263.7,,,306.9,126.0,188.1,312.5,309.4,,,96.8,71.4,336.8,166.4,244.3,,,,,,,,,,,,,,,,,,,,,,,,,,,,,,,,,,,,,,,,,,,,,,,,,,,,,,,,,,,,,,,,,,,,,,,,,,,,,,,,,,,,,,,,,,,,,,,,,,,,,,,,,,,,,,,,,,,,,,,,,,,,,,,,
20260928_武雄_4R,20260928,84,武雄,4,47.9,72.3,50.7,375.6,77.2,,,32.2,25.1,17.4,245.1,132.2,,,119.5,61.8,87.0,226.2,348.9,,,10.5,6.2,12.6,112.3,38.1,,,1129.6,965.2,971.3,815.5,1980.5,,,84.7,296.7,447.2,162.9,770.2,,,,,,,,,,,,,,,,,220.3,330.0,188.5,1386.4,266.1,,,271.3,229.6,600.4,1129.6,355.4,,,556.5,398.1,842.5,802.6,693.2,,,256.3,622.4,828.8,1955.2,693.2,,,3315.3,2824.1,2932.8,3812.6,2541.7,,,196.5,254.6,293.8,389.0,907.7,,,,,,,,,,,,,,,,,50.6,45.3,30.6,237.5,246.7,,,88.9,77.2,210.3,418.9,276.7,,,39.9,47.6,53.9,54.9,240.5,,,51.6,156.0,108.0,466.3,379.3,,,1281.5,1229.8,625.0,1572.2,2210.2,,,693.2,357.9,617.4,790.1,1752.9,,,,,,,,,,,,,,,,,690.0,266.1,364.8,693.2,1588.6,,,871.4,535.1,1200.8,1164.1,1525.0,,,143.8,182.4,159.0,117.5,500.0,,,456.6,1097.1,428.3,1121.3,1622.4,,,1466.4,1386.4,520.4,1270.8,2346.2,,,2210.2,1675.8,1466.4,2584.8,1794.1,,,,,,,,,,,,,,,,,23.1,12.5,20.0,179.8,69.3,,,127.5,399.2,493.5,1281.5,394.0,,,56.1,269.9,192.0,668.8,538.8,,,158.6,516.9,281.8,770.2,971.3,,,1059.0,2178.6,2459.7,2675.5,3177.2,,,250.8,575.4,856.7,1399.1,1326.1,,,,,,,,,,,,,,,,,4013.3,2824.1,4357.3,3244.8,9999.9,,,6354.4,4765.8,3719.6,5446.6,5865.6,,,2932.8,2990.3,1466.4,3910.4,4621.3,,,3244.8,3315.3,1191.4,3177.2,6100.2,,,5446.6,5258.8,6100.2,5083.5,9999.9,,,9999.9,4485.4,6100.2,6932.0,9531.6,,,,,,,,,,,,,,,,,345.0,1121.3,1675.8,595.7,3631.0,,,242.4,308.7,413.2,434.4,1220.0,,,1361.6,754.9,1191.4,1794.1,2877.4,,,2118.1,1452.4,1980.5,2584.8,2178.6,,,751.2,1030.4,1412.0,1980.5,3315.3,,,5865.6,3389.0,4013.3,6630.6,6630.6,,,,,,,,,,,,,,,,,,,,,,,,,,,,,,,,,,,,,,,,,,,,,,,,,,,,,,,,,,,,,,,,,,,,,,,,,,,,,,,,,,,,,,,,,,,,,,,,,,,,,,,,,,,,,,,,,,,,,,,,,,,,,,,,
20260928_武雄_5R,20260928,84,武雄,5,95.4,398.6,137.5,949.7,190.7,,,96.7,137.7,166.4,758.9,414.7,,,1485.4,909.9,2482.8,2896.6,2482.8,,,285.8,209.9,627.4,2020.9,420.8,,,2348.6,2317.3,3407.8,4138.1,5111.7,,,593.1,1066.2,2145.6,752.3,3103.5,,,,,,,,,,,,,,,,,36.0,297.0,33.4,459.7,49.6,,,44.7,113.6,23.9,362.8,46.6,,,700.8,476.1,398.6,1028.4,525.0,,,14.4,8.5,91.8,106.1,2.9,,,1511.3,1072.8,1703.9,514.2,650.9,,,31.9,24.1,107.2,5.2,107.6,,,,,,,,,,,,,,,,,110.0,101.2,204.9,581.2,550.0,,,140.0,193.9,149.5,758.9,214.3,,,297.0,324.8,860.3,873.3,886.7,,,424.9,259.0,678.9,2044.7,636.6,,,2172.5,1810.4,2020.9,3160.0,3049.1,,,1448.3,577.4,1773.4,1034.5,3279.2,,,,,,,,,,,,,,,,,2380.8,1810.4,3546.9,2447.8,3950.0,,,2093.9,1565.7,2228.2,4456.4,2228.2,,,1206.9,1413.0,3862.2,3160.0,3407.8,,,4827.7,2380.8,5111.7,6437.0,4138.1,,,7241.6,5266.6,4697.3,5431.2,7241.6,,,6207.1,3476.0,5266.6,6684.6,6437.0,,,,,,,,,,,,,,,,,278.9,208.1,523.4,1997.7,405.1,,,93.9,59.3,257.1,376.1,32.4,,,353.9,223.6,668.4,1720.7,605.5,,,2069.0,1357.8,1773.4,4827.7,2673.8,,,4965.7,2200.0,4573.6,5111.7,3342.3,,,703.6,116.9,538.0,1436.3,1773.4,,,,,,,,,,,,,,,,,4345.0,3546.9,4965.7,6952.0,6207.1,,,3476.0,2673.8,4456.4,1810.4,2555.8,,,3218.5,2594.0,2594.0,5993.1,6952.0,,,7556.5,5606.4,5431.2,6952.0,5993.1,,,5606.4,2996.5,7241.6,5606.4,5993.1,,,7241.6,4827.7,7241.6,6437.0,5606.4,,,,,,,,,,,,,,,,,835.5,1472.8,2447.8,1241.4,3862.2,,,329.7,231.4,544.8,93.3,577.4,,,1755.5,703.6,2119.5,1143.4,3407.8,,,5266.6,2803.2,3778.2,3697.8,5111.7,,,1150.9,212.4,733.3,2044.7,2020.9,,,6437.0,2945.7,4138.1,4697.3,4456.4,,,,,,,,,,,,,,,,,,,,,,,,,,,,,,,,,,,,,,,,,,,,,,,,,,,,,,,,,,,,,,,,,,,,,,,,,,,,,,,,,,,,,,,,,,,,,,,,,,,,,,,,,,,,,,,,,,,,,,,,,,,,,,,,
20260928_武雄_6R,20260928,84,武雄,6,138.0,298.5,80.2,270.6,55.3,,,188.2,219.2,127.9,807.6,80.8,,,619.6,439.8,387.9,1481.6,188.2,,,154.5,120.7,195.6,289.7,31.8,,,522.7,1223.9,1539.5,488.9,466.9,,,23.7,21.8,48.6,8.8,125.5,,,,,,,,,,,,,,,,,99.5,227.5,71.1,196.0,44.6,,,138.4,167.4,286.0,235.4,87.3,,,488.9,277.5,788.2,398.9,273.3,,,354.4,563.0,920.8,956.6,376.7,,,177.5,158.4,233.4,558.2,195.8,,,41.8,52.8,121.5,133.4,127.4,,,,,,,,,,,,,,,,,237.7,254.9,189.6,791.4,103.2,,,229.9,291.0,406.3,435.0,149.7,,,207.4,202.9,295.4,458.2,131.4,,,501.4,835.0,755.0,2239.3,458.2,,,1951.1,1065.2,1515.8,3127.9,1539.5,,,99.0,120.0,136.9,191.3,633.6,,,,,,,,,,,,,,,,,1287.9,738.0,781.9,1931.9,443.8,,,1287.9,590.0,1894.8,1042.6,641.8,,,455.1,382.6,686.6,1037.1,250.7,,,1876.7,2627.5,1589.2,5630.3,1255.1,,,4105.4,1970.6,2074.3,5795.9,3127.9,,,381.9,445.8,275.6,668.0,1642.1,,,,,,,,,,,,,,,,,637.7,361.5,475.9,2627.5,130.4,,,804.3,1515.8,2374.2,3230.5,938.3,,,633.6,1349.7,961.2,3863.9,595.3,,,1504.2,3031.7,1539.5,4379.1,1231.6,,,5185.8,4806.4,6568.7,8210.9,4192.8,,,181.7,701.2,456.1,641.8,2118.9,,,,,,,,,,,,,,,,,1642.1,3457.2,4283.9,1589.2,1791.4,,,708.8,495.1,623.6,1331.5,648.2,,,2941.2,1094.7,1515.8,5630.3,2526.4,,,5630.3,1807.9,2291.4,7298.6,3284.3,,,5630.3,3649.3,5473.9,9383.9,5326.0,,,1576.5,1263.2,1859.0,2345.9,3284.3,,,,,,,,,,,,,,,,,18.5,18.3,46.9,10.2,143.8,,,34.7,19.6,46.9,72.4,93.9,,,49.5,23.8,38.7,80.2,249.7,,,138.6,82.9,56.8,210.9,413.9,,,67.5,206.3,143.4,191.1,668.0,,,691.4,413.1,591.7,791.4,1166.0,,,,,,,,,,,,,,,,,,,,,,,,,,,,,,,,,,,,,,,,,,,,,,,,,,,,,,,,,,,,,,,,,,,,,,,,,,,,,,,,,,,,,,,,,,,,,,,,,,,,,,,,,,,,,,,,,,,,,,,,,,,,,,,,
20260928_武雄_7R,20260928,84,武雄,7,757.9,1032.8,967.6,532.9,478.0,,,364.4,375.3,57.1,115.7,96.9,,,1107.4,717.0,870.4,465.7,293.5,,,563.0,86.1,553.7,221.4,220.9,,,137.6,71.2,168.9,108.1,65.6,,,87.0,120.5,193.5,173.9,152.0,,,,,,,,,,,,,,,,,2657.8,1733.3,2807.5,2588.7,1145.6,,,2693.7,2807.5,1158.9,3436.8,1101.2,,,2460.9,2730.6,2693.7,2523.2,755.0,,,2730.6,1374.7,3066.6,3497.1,1077.4,,,2622.8,4068.0,3908.5,4429.6,2265.1,,,701.8,579.4,377.5,613.3,918.5,,,,,,,,,,,,,,,,,397.0,306.6,52.1,192.4,105.1,,,743.7,813.6,389.3,1521.6,443.9,,,422.3,507.2,169.5,914.3,185.9,,,12.6,66.5,38.2,53.9,8.2,,,297.0,1017.0,1132.5,259.2,511.1,,,82.1,64.2,75.5,30.1,297.5,,,,,,,,,,,,,,,,,1337.8,1193.6,1001.6,613.3,440.0,,,1620.6,1384.2,1186.5,1748.5,386.3,,,692.1,357.8,318.9,419.6,155.2,,,1060.2,981.9,507.2,1384.2,343.0,,,651.4,1145.6,1245.8,1139.0,574.4,,,217.8,39.8,91.3,138.0,171.6,,,,,,,,,,,,,,,,,581.1,106.0,598.6,256.2,266.8,,,1022.2,363.0,927.1,797.3,360.4,,,22.2,60.9,51.1,58.5,15.1,,,719.6,626.8,270.4,1049.1,273.8,,,348.4,722.2,304.3,1126.1,479.1,,,231.2,114.1,71.0,190.3,311.4,,,,,,,,,,,,,,,,,334.4,245.1,347.8,309.0,234.7,,,1200.8,2847.6,3114.6,2975.1,1703.7,,,467.9,1718.4,2317.8,622.9,1158.9,,,757.9,1973.6,3215.0,3215.0,717.0,,,624.8,2055.0,775.6,1916.6,1215.4,,,502.1,724.8,1253.6,837.5,1193.6,,,,,,,,,,,,,,,,,110.4,176.0,165.8,265.4,193.7,,,112.7,66.4,30.4,72.1,108.0,,,135.9,59.6,60.7,49.9,347.2,,,71.5,17.6,46.6,74.5,156.5,,,230.9,81.9,76.1,113.7,346.0,,,291.8,236.4,478.0,331.6,528.7,,,,,,,,,,,,,,,,,,,,,,,,,,,,,,,,,,,,,,,,,,,,,,,,,,,,,,,,,,,,,,,,,,,,,,,,,,,,,,,,,,,,,,,,,,,,,,,,,,,,,,,,,,,,,,,,,,,,,,,,,,,,,,,,
20260928_武雄_8R,20260928,84,武雄,8,86.7,94.6,119.4,527.3,285.2,,,70.2,51.7,62.8,406.0,149.0,,,48.9,38.2,15.4,60.7,110.9,,,66.0,44.0,14.5,138.6,136.3,,,1329.6,1004.2,447.4,575.6,2074.7,,,599.3,423.3,414.9,462.7,1430.3,,,,,,,,,,,,,,,,,82.4,102.1,136.7,473.1,232.8,,,44.7,59.9,85.8,287.8,67.7,,,170.4,160.9,253.4,320.0,390.8,,,178.4,140.7,184.5,817.3,365.8,,,1275.6,1275.6,1078.8,2121.3,1907.1,,,330.0,189.3,334.1,362.3,824.4,,,,,,,,,,,,,,,,,39.6,33.9,42.3,294.0,91.4,,,22.5,39.8,49.2,179.6,30.6,,,66.8,100.4,105.9,159.8,191.2,,,69.5,67.0,87.4,423.3,110.3,,,674.2,817.3,575.6,621.0,1031.7,,,67.7,51.6,80.8,73.6,306.9,,,,,,,,,,,,,,,,,101.0,87.6,23.1,60.3,208.1,,,209.5,269.3,421.4,400.0,601.2,,,155.6,232.8,268.1,330.0,547.2,,,59.0,404.2,276.0,197.2,619.0,,,174.6,621.0,514.4,295.4,789.9,,,619.0,907.7,850.4,903.3,820.8,,,,,,,,,,,,,,,,,121.3,80.3,14.5,140.8,187.8,,,177.4,183.4,192.8,912.0,416.7,,,107.8,160.9,154.2,686.5,314.6,,,51.7,290.4,244.2,191.0,459.3,,,487.8,2776.5,2274.7,758.2,2274.7,,,373.8,674.2,572.1,642.1,1388.2,,,,,,,,,,,,,,,,,3432.7,2776.5,988.5,1685.7,4841.1,,,3630.8,2950.0,2451.9,5721.3,4604.9,,,2904.6,2622.2,2451.9,3853.1,4604.9,,,934.6,2274.7,2074.7,1946.4,3312.3,,,1716.3,4195.6,5244.5,438.0,5244.5,,,5553.0,5102.7,6510.4,4968.5,5244.5,,,,,,,,,,,,,,,,,1097.6,726.1,627.2,715.1,2389.9,,,813.8,390.0,676.7,842.8,2274.7,,,387.6,309.0,568.6,648.8,1656.1,,,1015.0,1348.5,1043.1,1110.6,1907.1,,,1054.7,1547.5,1097.6,1463.5,3371.4,,,5553.0,4841.1,4604.9,4290.9,4841.1,,,,,,,,,,,,,,,,,,,,,,,,,,,,,,,,,,,,,,,,,,,,,,,,,,,,,,,,,,,,,,,,,,,,,,,,,,,,,,,,,,,,,,,,,,,,,,,,,,,,,,,,,,,,,,,,,,,,,,,,,,,,,,,,
20260928_武雄_9R,20260928,84,武雄,9,156.4,232.8,100.9,242.4,75.0,,,108.6,219.1,35.7,186.5,149.5,,,547.5,541.9,223.2,676.9,489.3,,,37.6,35.4,31.9,85.6,26.6,,,275.1,297.6,514.3,206.3,263.8,,,48.6,121.6,184.4,54.8,219.8,,,,,,,,,,,,,,,,,194.9,405.1,174.6,293.8,108.7,,,179.1,316.2,249.0,141.6,41.0,,,913.3,685.7,793.6,569.6,396.8,,,224.7,379.0,327.0,340.1,202.9,,,285.1,199.5,378.3,274.8,157.3,,,61.5,21.7,159.9,68.7,57.1,,,,,,,,,,,,,,,,,104.6,304.0,43.3,184.5,145.6,,,177.7,375.0,252.8,168.0,44.7,,,821.3,720.7,985.5,937.6,725.6,,,117.0,292.6,380.4,486.0,324.5,,,259.0,213.3,565.0,513.0,215.3,,,96.6,20.9,318.1,138.2,160.7,,,,,,,,,,,,,,,,,1513.5,1944.0,569.6,1217.8,1668.5,,,1708.8,2037.4,1642.6,2162.2,1183.7,,,2057.2,2553.0,2648.7,3071.0,2354.4,,,513.0,1049.0,1926.3,1203.9,1292.0,,,1722.7,2037.4,2584.1,2098.0,3310.9,,,1811.1,1261.3,1569.6,1642.6,3473.7,,,,,,,,,,,,,,,,,55.8,106.8,38.5,112.4,63.6,,,211.6,309.7,237.5,422.1,189.0,,,253.4,334.7,401.3,578.9,381.1,,,108.0,209.8,396.0,254.6,265.8,,,329.0,504.5,751.4,417.1,559.1,,,169.9,184.4,300.5,293.0,458.6,,,,,,,,,,,,,,,,,174.9,101.4,288.6,84.3,210.0,,,325.4,308.4,498.5,339.0,188.1,,,96.2,186.6,320.5,175.4,285.1,,,890.3,897.8,999.5,890.3,1133.1,,,207.9,368.5,451.8,402.0,375.7,,,319.1,154.6,340.6,580.5,306.2,,,,,,,,,,,,,,,,,65.6,116.6,375.0,95.6,295.5,,,29.4,18.5,167.6,47.5,51.0,,,82.0,21.5,347.3,125.9,163.3,,,1092.2,628.7,909.4,929.3,1546.7,,,164.6,143.8,251.9,428.0,413.8,,,452.7,165.0,330.0,909.4,428.9,,,,,,,,,,,,,,,,,,,,,,,,,,,,,,,,,,,,,,,,,,,,,,,,,,,,,,,,,,,,,,,,,,,,,,,,,,,,,,,,,,,,,,,,,,,,,,,,,,,,,,,,,,,,,,,,,,,,,,,,,,,,,,,,
20260928_武雄_10R,20260928,84,武雄,10,161.4,240.8,93.6,641.6,302.8,,,153.1,154.0,100.1,126.2,83.9,,,119.1,91.6,89.3,377.2,212.1,,,53.8,67.9,78.7,351.4,110.9,,,931.9,499.9,1163.6,707.7,789.1,,,267.1,93.2,351.4,173.8,399.9,,,,,,,,,,,,,,,,,187.7,251.7,87.4,792.1,340.9,,,241.1,480.0,103.2,376.5,290.4,,,343.2,411.0,215.8,1183.6,600.4,,,29.3,26.3,69.9,169.5,57.8,,,1907.0,1492.4,2238.7,895.4,2423.0,,,375.8,245.7,387.8,158.7,1170.2,,,,,,,,,,,,,,,,,183.8,156.2,91.8,93.3,61.9,,,233.5,558.1,145.1,308.7,196.7,,,199.7,586.7,319.8,242.8,183.5,,,78.3,74.0,261.0,123.3,58.3,,,118.2,268.8,248.1,208.2,66.8,,,32.1,93.7,93.8,50.1,26.1,,,,,,,,,,,,,,,,,337.0,246.3,255.8,629.8,378.6,,,532.1,1190.5,691.1,2710.0,1621.7,,,443.8,1355.0,936.1,895.4,598.7,,,433.6,602.2,827.1,1872.3,827.1,,,2900.8,4382.1,2511.7,4038.4,2288.4,,,660.1,1211.5,807.6,1144.2,2214.6,,,,,,,,,,,,,,,,,27.1,41.4,79.5,264.0,72.2,,,13.1,10.5,51.3,145.4,30.6,,,43.3,33.8,154.0,93.9,40.9,,,188.6,214.5,321.3,817.3,388.6,,,919.4,675.2,567.3,1537.0,915.3,,,120.6,112.6,91.7,338.1,495.0,,,,,,,,,,,,,,,,,4203.2,1855.5,4576.9,3269.2,3886.0,,,4203.2,2263.3,5149.0,2860.5,5420.0,,,931.9,1204.4,1634.6,1311.8,581.8,,,5420.0,5149.0,3168.6,6057.6,5149.0,,,2238.7,2314.1,1647.6,4290.8,3218.1,,,2451.9,3269.2,1004.6,2860.5,3120.6,,,,,,,,,,,,,,,,,315.8,104.6,373.1,215.2,409.4,,,457.6,273.1,439.1,259.3,1471.1,,,52.5,148.3,276.0,76.5,47.0,,,641.6,1125.4,618.5,639.6,1481.7,,,184.5,222.4,137.0,543.4,944.7,,,872.7,1961.5,408.6,2059.6,1440.2,,,,,,,,,,,,,,,,,,,,,,,,,,,,,,,,,,,,,,,,,,,,,,,,,,,,,,,,,,,,,,,,,,,,,,,,,,,,,,,,,,,,,,,,,,,,,,,,,,,,,,,,,,,,,,,,,,,,,,,,,,,,,,,,
20260928_武雄_11R,20260928,84,武雄,11,248.2,63.6,53.0,566.8,145.2,,,208.4,113.1,64.5,804.3,71.5,,,44.0,105.9,15.8,127.8,30.1,,,25.1,31.7,7.2,136.2,9.0,,,1650.9,1981.1,777.7,669.7,1458.9,,,150.6,69.0,49.8,28.0,430.6,,,,,,,,,,,,,,,,,417.3,80.0,92.8,568.6,228.9,,,960.2,975.1,1161.7,1863.4,1147.6,,,49.2,380.2,187.8,94.9,109.9,,,185.9,1094.2,390.4,1665.5,960.2,,,1901.0,2650.8,500.5,2163.3,2295.2,,,522.8,1034.1,357.1,1045.6,1882.0,,,,,,,,,,,,,,,,,326.1,104.7,139.3,945.7,94.3,,,1126.9,985.3,1695.5,2188.4,1094.2,,,159.6,677.0,603.2,1051.4,185.6,,,329.0,1622.4,558.4,2444.2,491.4,,,4004.4,5535.5,2578.1,5086.7,2688.6,,,73.3,338.5,76.2,207.2,867.3,,,,,,,,,,,,,,,,,68.1,139.2,51.7,101.0,68.5,,,45.8,306.0,172.0,86.1,108.2,,,217.3,611.0,918.0,580.8,279.2,,,100.8,185.7,721.1,245.0,301.1,,,258.1,282.5,784.2,642.3,486.3,,,95.2,282.1,202.8,315.2,335.4,,,,,,,,,,,,,,,,,65.8,68.3,17.9,314.7,29.9,,,180.6,990.5,329.6,1710.9,740.9,,,289.9,1344.3,476.4,2650.8,384.8,,,67.7,205.4,539.2,277.1,254.3,,,1581.5,2323.5,4376.9,1809.6,2895.5,,,121.0,883.6,275.5,199.1,2091.2,,,,,,,,,,,,,,,,,4376.9,7238.7,2114.6,3690.3,5703.2,,,4705.2,4705.2,1191.1,6721.7,5228.0,,,7238.7,9905.6,6721.7,9999.9,9999.9,,,2323.5,1034.1,5703.2,5377.3,3921.0,,,4705.2,6970.6,8962.2,5703.2,9410.4,,,7528.3,7842.0,8962.2,5228.0,9999.9,,,,,,,,,,,,,,,,,329.0,119.9,104.1,114.2,900.5,,,707.5,867.3,605.1,1680.4,3301.8,,,103.1,376.4,103.5,257.8,1081.6,,,108.9,345.3,151.6,291.3,621.1,,,158.8,1297.9,294.0,264.3,2163.3,,,2509.4,5086.7,3136.8,2650.8,4705.2,,,,,,,,,,,,,,,,,,,,,,,,,,,,,,,,,,,,,,,,,,,,,,,,,,,,,,,,,,,,,,,,,,,,,,,,,,,,,,,,,,,,,,,,,,,,,,,,,,,,,,,,,,,,,,,,,,,,,,,,,,,,,,,,
20260928_武雄_12R,20260928,84,武雄,12,965.9,1392.0,896.3,2390.3,346.9,,,674.2,848.2,977.8,986.0,256.9,,,1132.2,928.0,1408.6,2343.0,227.1,,,783.6,1252.1,1408.6,2253.8,392.4,,,3033.9,879.7,2851.1,3640.7,903.2,,,55.0,36.1,24.3,77.5,133.7,,,,,,,,,,,,,,,,,1702.5,2517.5,1714.8,4011.0,541.5,,,2390.3,4225.8,1727.3,2320.0,1239.0,,,2572.2,5035.0,2851.1,5634.5,2005.5,,,717.1,674.2,1239.0,1265.5,374.4,,,6573.5,3333.0,7888.3,4302.7,4732.9,,,309.7,706.4,680.0,530.6,1752.9,,,,,,,,,,,,,,,,,1367.9,1265.5,1792.7,1337.0,372.6,,,1654.8,2751.7,1488.3,1598.9,857.4,,,2112.9,4732.9,5258.8,4225.8,1265.5,,,2921.5,1666.5,4302.7,2600.5,1632.0,,,756.0,1286.1,2022.6,1666.5,575.7,,,222.2,591.6,463.1,794.1,639.5,,,,,,,,,,,,,,,,,2366.4,1598.9,3241.7,3480.1,427.9,,,2689.1,5378.3,4302.7,8764.7,2075.8,,,2112.9,5144.5,7171.1,6395.9,1469.8,,,4930.1,4829.5,6227.6,5634.5,2465.0,,,9999.9,8764.7,4930.1,8451.7,4550.9,,,295.4,1165.7,873.2,1507.3,2320.0,,,,,,,,,,,,,,,,,1714.8,2689.1,1469.8,4640.1,710.6,,,990.1,939.0,1171.5,1792.7,435.0,,,2517.5,1740.0,3640.7,3585.5,1893.1,,,3380.7,3756.3,5378.3,7633.8,2491.0,,,7888.3,5258.8,5378.3,9465.9,4225.8,,,388.5,547.7,1143.2,778.4,2366.4,,,,,,,,,,,,,,,,,4732.9,2112.9,4732.9,5378.3,1252.1,,,6573.5,3113.8,6067.9,4732.9,4829.5,,,994.3,1727.3,2297.5,2465.0,824.5,,,6395.9,9101.8,5258.8,8451.7,4930.1,,,5634.5,5035.0,3879.4,8160.3,4011.0,,,1056.4,3241.7,1105.8,2544.6,2784.1,,,,,,,,,,,,,,,,,8.1,7.0,2.1,12.7,35.9,,,44.0,130.8,122.2,149.7,544.0,,,42.1,112.5,104.7,224.5,228.8,,,12.7,67.9,68.6,140.3,254.4,,,63.7,140.8,266.1,176.0,670.3,,,193.8,866.8,318.0,461.3,903.2,,,,,,,,,,,,,,,,,,,,,,,,,,,,,,,,,,,,,,,,,,,,,,,,,,,,,,,,,,,,,,,,,,,,,,,,,,,,,,,,,,,,,,,,,,,,,,,,,,,,,,,,,,,,,,,,,,,,,,,,,,,,,,,,
