race_key,date,jo_code,jo_name,race_no,1-2-3,1-2-4,1-2-5,1-2-6,1-2-7,1-2-8,1-2-9,1-3-2,1-3-4,1-3-5,1-3-6,1-3-7,1-3-8,1-3-9,1-4-2,1-4-3,1-4-5,1-4-6,1-4-7,1-4-8,1-4-9,1-5-2,1-5-3,1-5-4,1-5-6,1-5-7,1-5-8,1-5-9,1-6-2,1-6-3,1-6-4,1-6-5,1-6-7,1-6-8,1-6-9,1-7-2,1-7-3,1-7-4,1-7-5,1-7-6,1-7-8,1-7-9,1-8-2,1-8-3,1-8-4,1-8-5,1-8-6,1-8-7,1-8-9,1-9-2,1-9-3,1-9-4,1-9-5,1-9-6,1-9-7,1-9-8,2-1-3,2-1-4,2-1-5,2-1-6,2-1-7,2-1-8,2-1-9,2-3-1,2-3-4,2-3-5,2-3-6,2-3-7,2-3-8,2-3-9,2-4-1,2-4-3,2-4-5,2-4-6,2-4-7,2-4-8,2-4-9,2-5-1,2-5-3,2-5-4,2-5-6,2-5-7,2-5-8,2-5-9,2-6-1,2-6-3,2-6-4,2-6-5,2-6-7,2-6-8,2-6-9,2-7-1,2-7-3,2-7-4,2-7-5,2-7-6,2-7-8,2-7-9,2-8-1,2-8-3,2-8-4,2-8-5,2-8-6,2-8-7,2-8-9,2-9-1,2-9-3,2-9-4,2-9-5,2-9-6,2-9-7,2-9-8,3-1-2,3-1-4,3-1-5,3-1-6,3-1-7,3-1-8,3-1-9,3-2-1,3-2-4,3-2-5,3-2-6,3-2-7,3-2-8,3-2-9,3-4-1,3-4-2,3-4-5,3-4-6,3-4-7,3-4-8,3-4-9,3-5-1,3-5-2,3-5-4,3-5-6,3-5-7,3-5-8,3-5-9,3-6-1,3-6-2,3-6-4,3-6-5,3-6-7,3-6-8,3-6-9,3-7-1,3-7-2,3-7-4,3-7-5,3-7-6,3-7-8,3-7-9,3-8-1,3-8-2,3-8-4,3-8-5,3-8-6,3-8-7,3-8-9,3-9-1,3-9-2,3-9-4,3-9-5,3-9-6,3-9-7,3-9-8,4-1-2,4-1-3,4-1-5,4-1-6,4-1-7,4-1-8,4-1-9,4-2-1,4-2-3,4-2-5,4-2-6,4-2-7,4-2-8,4-2-9,4-3-1,4-3-2,4-3-5,4-3-6,4-3-7,4-3-8,4-3-9,4-5-1,4-5-2,4-5-3,4-5-6,4-5-7,4-5-8,4-5-9,4-6-1,4-6-2,4-6-3,4-6-5,4-6-7,4-6-8,4-6-9,4-7-1,4-7-2,4-7-3,4-7-5,4-7-6,4-7-8,4-7-9,4-8-1,4-8-2,4-8-3,4-8-5,4-8-6,4-8-7,4-8-9,4-9-1,4-9-2,4-9-3,4-9-5,4-9-6,4-9-7,4-9-8,5-1-2,5-1-3,5-1-4,5-1-6,5-1-7,5-1-8,5-1-9,5-2-1,5-2-3,5-2-4,5-2-6,5-2-7,5-2-8,5-2-9,5-3-1,5-3-2,5-3-4,5-3-6,5-3-7,5-3-8,5-3-9,5-4-1,5-4-2,5-4-3,5-4-6,5-4-7,5-4-8,5-4-9,5-6-1,5-6-2,5-6-3,5-6-4,5-6-7,5-6-8,5-6-9,5-7-1,5-7-2,5-7-3,5-7-4,5-7-6,5-7-8,5-7-9,5-8-1,5-8-2,5-8-3,5-8-4,5-8-6,5-8-7,5-8-9,5-9-1,5-9-2,5-9-3,5-9-4,5-9-6,5-9-7,5-9-8,6-1-2,6-1-3,6-1-4,6-1-5,6-1-7,6-1-8,6-1-9,6-2-1,6-2-3,6-2-4,6-2-5,6-2-7,6-2-8,6-2-9,6-3-1,6-3-2,6-3-4,6-3-5,6-3-7,6-3-8,6-3-9,6-4-1,6-4-2,6-4-3,6-4-5,6-4-7,6-4-8,6-4-9,6-5-1,6-5-2,6-5-3,6-5-4,6-5-7,6-5-8,6-5-9,6-7-1,6-7-2,6-7-3,6-7-4,6-7-5,6-7-8,6-7-9,6-8-1,6-8-2,6-8-3,6-8-4,6-8-5,6-8-7,6-8-9,6-9-1,6-9-2,6-9-3,6-9-4,6-9-5,6-9-7,6-9-8,7-1-2,7-1-3,7-1-4,7-1-5,7-1-6,7-1-8,7-1-9,7-2-1,7-2-3,7-2-4,7-2-5,7-2-6,7-2-8,7-2-9,7-3-1,7-3-2,7-3-4,7-3-5,7-3-6,7-3-8,7-3-9,7-4-1,7-4-2,7-4-3,7-4-5,7-4-6,7-4-8,7-4-9,7-5-1,7-5-2,7-5-3,7-5-4,7-5-6,7-5-8,7-5-9,7-6-1,7-6-2,7-6-3,7-6-4,7-6-5,7-6-8,7-6-9,7-8-1,7-8-2,7-8-3,7-8-4,7-8-5,7-8-6,7-8-9,7-9-1,7-9-2,7-9-3,7-9-4,7-9-5,7-9-6,7-9-8,8-1-2,8-1-3,8-1-4,8-1-5,8-1-6,8-1-7,8-1-9,8-2-1,8-2-3,8-2-4,8-2-5,8-2-6,8-2-7,8-2-9,8-3-1,8-3-2,8-3-4,8-3-5,8-3-6,8-3-7,8-3-9,8-4-1,8-4-2,8-4-3,8-4-5,8-4-6,8-4-7,8-4-9,8-5-1,8-5-2,8-5-3,8-5-4,8-5-6,8-5-7,8-5-9,8-6-1,8-6-2,8-6-3,8-6-4,8-6-5,8-6-7,8-6-9,8-7-1,8-7-2,8-7-3,8-7-4,8-7-5,8-7-6,8-7-9,8-9-1,8-9-2,8-9-3,8-9-4,8-9-5,8-9-6,8-9-7,9-1-2,9-1-3,9-1-4,9-1-5,9-1-6,9-1-7,9-1-8,9-2-1,9-2-3,9-2-4,9-2-5,9-2-6,9-2-7,9-2-8,9-3-1,9-3-2,9-3-4,9-3-5,9-3-6,9-3-7,9-3-8,9-4-1,9-4-2,9-4-3,9-4-5,9-4-6,9-4-7,9-4-8,9-5-1,9-5-2,9-5-3,9-5-4,9-5-6,9-5-7,9-5-8,9-6-1,9-6-2,9-6-3,9-6-4,9-6-5,9-6-7,9-6-8,9-7-1,9-7-2,9-7-3,9-7-4,9-7-5,9-7-6,9-7-8,9-8-1,9-8-2,9-8-3,9-8-4,9-8-5,9-8-6,9-8-7
20260925_弥彦_1R,20260925,21,弥彦,1,36.2,107.6,96.5,234.1,262.4,,,42.6,97.9,115.1,187.5,328.1,,,224.3,184.0,431.6,421.4,719.3,,,197.3,261.5,572.2,946.5,468.5,,,438.1,401.3,567.9,910.0,1258.8,,,709.8,1114.0,1419.7,808.6,2288.8,,,,,,,,,,,,,,,,,11.7,33.4,29.4,94.4,117.3,,,12.8,52.3,46.8,130.8,186.1,,,43.1,54.8,59.8,72.2,146.7,,,15.9,23.8,27.5,74.0,7.1,,,137.6,191.1,116.8,104.9,224.5,,,226.1,325.8,235.3,42.4,371.7,,,,,,,,,,,,,,,,,51.7,121.8,151.9,220.0,303.8,,,48.3,188.4,158.7,346.1,467.3,,,285.0,400.4,1015.2,841.1,2008.8,,,435.5,312.3,1060.8,1641.9,1060.8,,,543.3,729.0,899.1,1806.9,3255.6,,,1504.6,1685.9,3631.3,1833.2,5103.4,,,,,,,,,,,,,,,,,188.0,235.1,436.5,353.6,617.0,,,107.6,88.0,103.4,88.5,253.4,,,231.4,259.9,699.3,489.8,1246.3,,,641.1,254.4,923.3,647.7,524.5,,,230.1,84.5,163.0,351.3,470.8,,,1214.3,722.0,2121.6,801.8,1475.2,,,,,,,,,,,,,,,,,251.1,494.9,766.0,1475.2,720.7,,,66.0,123.3,79.0,199.2,32.3,,,495.6,283.3,1297.7,1966.9,1554.1,,,903.4,354.2,1358.4,1123.9,1082.1,,,1998.1,642.2,2716.9,1419.7,1481.0,,,812.1,134.3,1284.5,800.1,1293.3,,,,,,,,,,,,,,,,,361.0,358.3,363.8,567.0,715.2,,,197.3,148.0,118.7,96.5,253.2,,,271.5,425.7,502.8,785.1,1263.0,,,184.9,115.0,173.3,249.7,327.8,,,888.6,306.2,1066.8,746.3,551.3,,,1284.5,795.0,2195.6,1180.1,888.6,,,,,,,,,,,,,,,,,2109.8,4605.5,4291.5,3147.1,6091.2,,,1162.0,2208.5,1435.9,301.6,2501.0,,,4780.4,4017.6,8209.9,4904.6,9999.9,,,5173.3,2331.2,7262.6,2797.4,4495.9,,,2517.7,381.0,3496.8,2208.5,3464.7,,,6511.3,3853.6,9999.9,5722.0,4291.5,,,,,,,,,,,,,,,,,,,,,,,,,,,,,,,,,,,,,,,,,,,,,,,,,,,,,,,,,,,,,,,,,,,,,,,,,,,,,,,,,,,,,,,,,,,,,,,,,,,,,,,,,,,,,,,,,,,,,,,,,,,,,,,,
20260925_弥彦_2R,20260925,21,弥彦,2,209.5,70.4,145.4,365.2,269.5,,,216.4,59.9,100.0,104.2,559.9,,,22.3,14.7,3.4,17.7,46.9,,,84.7,73.9,11.8,91.0,162.3,,,245.9,81.8,50.5,106.6,409.7,,,235.4,629.3,123.6,232.0,562.6,,,,,,,,,,,,,,,,,686.1,315.5,632.8,1186.2,652.8,,,864.0,1612.6,2228.9,1190.2,1999.6,,,612.8,1422.5,2146.8,1470.3,1422.5,,,1315.5,3181.2,2868.3,2940.6,2691.8,,,1428.3,1121.6,1999.6,3845.4,2535.7,,,375.0,899.5,835.1,1210.8,1272.5,,,,,,,,,,,,,,,,,471.6,205.4,300.1,181.8,1206.6,,,764.0,1482.7,1794.5,821.4,2464.3,,,285.6,1186.2,972.0,353.4,1723.8,,,735.1,2916.1,1612.6,1361.6,4429.6,,,109.2,291.1,212.7,393.1,569.9,,,1944.1,2892.0,3042.9,3803.6,1650.6,,,,,,,,,,,,,,,,,73.8,34.7,7.3,42.5,113.4,,,272.5,712.7,996.9,901.9,879.2,,,141.7,714.1,411.2,254.6,1023.2,,,100.0,904.2,619.3,733.6,999.8,,,104.4,621.5,153.7,466.5,739.8,,,313.5,1005.5,1351.1,1236.5,1489.1,,,,,,,,,,,,,,,,,819.5,676.8,201.6,779.3,969.3,,,1422.5,5146.1,3301.3,5554.6,4999.1,,,1178.2,5383.6,2671.2,3607.6,7141.6,,,300.1,2302.2,2046.4,2146.8,3683.5,,,1219.3,5644.1,3210.4,2396.8,5467.8,,,1569.2,4429.6,6861.5,5071.5,6362.5,,,,,,,,,,,,,,,,,222.4,63.9,59.3,88.9,450.3,,,591.1,438.5,823.3,1356.3,1057.2,,,38.5,161.5,80.6,155.3,339.0,,,71.9,460.4,133.6,390.5,789.9,,,443.5,1767.3,698.4,855.5,2380.5,,,985.7,1047.7,732.0,1388.6,1933.3,,,,,,,,,,,,,,,,,204.6,720.0,181.8,216.9,933.1,,,138.4,390.5,280.6,263.7,672.9,,,1215.0,1158.7,2214.8,2499.5,1198.4,,,325.2,706.9,1277.1,1291.2,1732.3,,,928.2,1555.2,3270.4,2302.2,4320.2,,,1206.6,1232.1,800.7,1988.2,2777.3,,,,,,,,,,,,,,,,,,,,,,,,,,,,,,,,,,,,,,,,,,,,,,,,,,,,,,,,,,,,,,,,,,,,,,,,,,,,,,,,,,,,,,,,,,,,,,,,,,,,,,,,,,,,,,,,,,,,,,,,,,,,,,,,
20260925_弥彦_3R,20260925,21,弥彦,3,242.9,169.7,206.4,473.0,991.2,,,377.2,537.8,293.4,341.2,804.0,,,271.2,481.4,302.9,595.6,1366.3,,,94.8,108.8,96.9,99.8,202.1,,,779.2,345.3,877.3,352.6,430.2,,,1916.7,1207.2,2337.7,670.7,800.8,,,,,,,,,,,,,,,,,136.2,68.5,109.6,179.5,430.7,,,87.7,22.9,77.7,43.6,158.9,,,21.5,13.2,24.0,23.5,71.4,,,80.5,95.9,57.6,139.7,354.4,,,186.8,70.2,81.9,165.2,83.5,,,593.8,355.7,298.4,789.9,202.6,,,,,,,,,,,,,,,,,222.5,315.7,205.4,136.3,400.4,,,118.4,34.3,122.2,55.8,202.1,,,243.0,61.3,211.7,93.4,353.2,,,154.3,186.8,242.3,127.4,370.3,,,64.4,50.4,67.1,77.4,19.3,,,418.6,408.9,508.7,490.8,75.9,,,,,,,,,,,,,,,,,156.7,435.3,358.8,542.1,1671.2,,,61.7,47.6,71.7,77.8,240.7,,,498.6,107.2,433.0,308.2,972.2,,,267.3,148.3,443.4,608.1,1357.1,,,862.3,264.3,412.6,894.7,747.5,,,2643.3,844.3,2063.4,2789.2,1497.9,,,,,,,,,,,,,,,,,56.4,45.6,35.7,44.7,204.0,,,123.4,147.9,99.8,238.7,660.8,,,96.7,146.7,178.4,142.6,561.7,,,124.4,109.4,190.1,305.0,797.7,,,177.0,353.8,167.3,367.0,393.8,,,758.7,1604.9,1148.9,2002.1,744.8,,,,,,,,,,,,,,,,,1099.0,440.5,1275.8,576.9,544.3,,,623.1,227.0,329.6,710.7,291.5,,,161.4,155.4,217.4,195.6,38.9,,,1259.9,452.8,503.6,1361.7,779.2,,,605.4,881.1,396.5,1203.6,499.9,,,374.4,365.3,77.8,439.6,418.2,,,,,,,,,,,,,,,,,4212.8,2222.1,4126.9,1454.8,1439.2,,,2714.3,1444.4,1248.2,2888.8,908.8,,,1263.8,1470.6,1881.1,1567.5,248.8,,,4348.7,1935.1,2888.8,4493.7,2128.6,,,1470.6,3676.7,2324.3,4044.3,1520.4,,,796.1,818.6,200.9,1162.1,902.7,,,,,,,,,,,,,,,,,,,,,,,,,,,,,,,,,,,,,,,,,,,,,,,,,,,,,,,,,,,,,,,,,,,,,,,,,,,,,,,,,,,,,,,,,,,,,,,,,,,,,,,,,,,,,,,,,,,,,,,,,,,,,,,,
20260925_弥彦_4R,20260925,21,弥彦,4,46.5,28.4,30.3,118.8,106.7,,,76.2,130.8,51.7,118.7,85.1,,,33.4,110.1,50.3,195.6,205.4,,,11.6,21.5,21.0,8.1,54.3,,,231.1,217.9,313.2,47.5,486.5,,,189.8,79.5,256.6,109.9,260.1,,,,,,,,,,,,,,,,,142.5,82.9,98.2,335.3,304.3,,,236.1,181.0,274.1,336.8,312.7,,,72.6,117.7,91.7,170.1,251.7,,,157.6,365.8,223.9,252.4,825.1,,,756.0,855.4,670.0,570.6,2327.7,,,599.2,532.2,583.4,1163.8,1404.0,,,,,,,,,,,,,,,,,251.0,464.5,158.8,298.8,187.9,,,310.3,357.8,406.4,467.0,363.4,,,780.0,458.3,670.0,891.6,499.1,,,251.2,522.1,686.7,258.7,458.3,,,694.2,923.3,1166.9,514.8,834.4,,,146.2,237.9,279.9,215.5,295.0,,,,,,,,,,,,,,,,,57.0,307.9,74.5,391.0,471.9,,,46.9,158.8,58.5,178.2,271.8,,,640.0,332.7,477.6,789.7,564.8,,,81.1,92.2,600.9,239.1,1097.4,,,898.9,702.0,1805.1,489.7,3747.9,,,882.7,713.3,673.1,1514.6,2057.0,,,,,,,,,,,,,,,,,34.4,60.1,47.8,13.6,109.7,,,124.0,447.1,279.9,326.8,1114.0,,,176.1,529.6,780.0,298.0,668.0,,,115.2,208.2,795.4,300.4,1479.1,,,40.0,264.8,273.6,281.8,728.6,,,369.7,1484.1,814.4,1769.0,1048.0,,,,,,,,,,,,,,,,,984.9,910.0,1060.5,170.9,2167.9,,,1340.1,1922.8,1656.4,1148.7,4860.0,,,1267.2,2047.5,2601.5,969.8,2484.6,,,1504.2,1509.4,3159.0,1218.3,5819.2,,,113.0,582.6,559.1,552.1,1116.8,,,3482.3,5976.5,3510.0,6600.9,3008.5,,,,,,,,,,,,,,,,,543.9,182.3,627.3,260.0,706.4,,,919.4,459.7,660.0,1182.5,1805.1,,,117.3,185.9,250.4,138.2,180.4,,,1026.1,775.9,663.0,1714.2,2713.2,,,270.0,499.1,280.8,1108.4,380.2,,,2416.7,3325.2,1038.1,4606.9,1176.2,,,,,,,,,,,,,,,,,,,,,,,,,,,,,,,,,,,,,,,,,,,,,,,,,,,,,,,,,,,,,,,,,,,,,,,,,,,,,,,,,,,,,,,,,,,,,,,,,,,,,,,,,,,,,,,,,,,,,,,,,,,,,,,,
20260925_弥彦_5R,20260925,21,弥彦,5,16.9,149.3,33.7,7.9,80.7,,,9.5,58.1,75.1,16.8,21.6,,,405.5,281.3,975.5,546.6,466.3,,,158.0,312.9,842.5,198.3,553.2,,,6.0,29.1,178.5,83.5,109.5,,,138.7,74.7,180.7,456.5,173.1,,,,,,,,,,,,,,,,,68.9,247.3,92.7,27.0,187.1,,,112.9,598.8,449.4,240.7,465.4,,,963.1,1270.8,1682.0,1253.4,1682.0,,,219.9,630.1,703.8,302.3,659.2,,,39.0,216.1,506.6,185.6,409.5,,,573.3,784.7,988.1,1223.2,851.9,,,,,,,,,,,,,,,,,16.8,77.2,95.7,28.7,31.5,,,53.6,306.8,230.2,131.9,197.1,,,361.6,579.1,1207.1,863.2,327.2,,,385.4,599.6,1519.9,1129.6,911.3,,,108.2,164.1,504.4,498.3,330.3,,,52.2,125.7,85.9,439.4,202.6,,,,,,,,,,,,,,,,,1191.4,869.7,2473.0,2024.3,1719.9,,,1616.6,2382.8,3244.7,2772.8,2584.8,,,907.7,1930.4,3133.6,2334.2,939.4,,,5199.0,4972.9,7148.6,7888.1,6182.5,,,3199.3,4013.2,3844.6,6630.6,3719.6,,,1663.6,2370.5,833.3,3660.0,2599.5,,,,,,,,,,,,,,,,,768.9,1270.8,2570.2,1115.8,2382.8,,,871.4,2210.2,2659.9,1345.6,3112.3,,,1694.4,2500.0,5027.6,4197.3,3660.0,,,5027.6,5319.9,7888.1,9531.5,7148.6,,,1713.5,1752.9,4716.6,8632.3,4972.9,,,4048.7,5027.6,4485.4,6100.1,5791.2,,,,,,,,,,,,,,,,,45.1,140.0,505.5,287.5,347.6,,,64.7,282.0,715.9,325.6,536.9,,,260.2,364.5,1203.9,1382.2,788.8,,,2015.4,2555.9,2990.2,7038.6,3177.1,,,884.9,975.5,2446.5,3812.6,2951.6,,,945.2,1382.2,1314.6,2137.9,2990.2,,,,,,,,,,,,,,,,,671.8,338.6,784.7,1622.3,766.3,,,977.5,874.7,1353.5,1773.3,1495.1,,,202.7,369.5,211.1,1091.9,624.1,,,1073.9,1386.4,564.1,2675.5,1577.6,,,2614.3,2859.4,2346.2,3199.3,3439.9,,,1197.6,1815.5,1303.4,2147.9,2789.7,,,,,,,,,,,,,,,,,,,,,,,,,,,,,,,,,,,,,,,,,,,,,,,,,,,,,,,,,,,,,,,,,,,,,,,,,,,,,,,,,,,,,,,,,,,,,,,,,,,,,,,,,,,,,,,,,,,,,,,,,,,,,,,,
20260925_弥彦_6R,20260925,21,弥彦,6,35.0,6.0,27.5,4.6,71.8,,,145.5,90.1,247.4,360.1,650.2,,,17.4,21.4,25.4,74.3,164.6,,,70.0,130.6,42.8,185.4,325.7,,,49.6,385.6,165.9,386.2,450.4,,,361.9,981.1,530.5,726.6,683.9,,,,,,,,,,,,,,,,,105.1,20.1,76.9,10.2,126.0,,,500.8,870.4,2097.7,1329.8,2724.7,,,123.9,416.4,492.9,376.9,1057.7,,,350.3,1638.4,637.0,906.6,2481.9,,,86.2,887.3,415.0,1163.2,857.0,,,819.2,3686.4,2208.6,3506.0,1728.8,,,,,,,,,,,,,,,,,588.4,424.1,1087.5,878.0,2133.4,,,780.9,947.7,2898.0,1561.8,3856.6,,,291.3,412.6,220.7,977.3,867.4,,,1377.3,2299.8,487.2,3633.0,3094.8,,,3057.0,4010.8,3298.4,6040.5,6427.7,,,5168.6,4774.8,2984.2,5115.9,6427.7,,,,,,,,,,,,,,,,,44.6,44.6,73.2,182.2,307.3,,,92.8,154.8,303.6,262.9,834.2,,,61.8,85.2,44.4,239.0,281.6,,,74.1,128.1,31.1,365.6,409.9,,,606.9,513.1,531.6,1222.8,2063.2,,,1216.8,1843.2,669.3,1542.6,2494.3,,,,,,,,,,,,,,,,,142.3,324.9,121.1,574.9,763.1,,,324.9,1101.8,460.8,764.2,1705.3,,,809.9,1121.6,305.7,2161.0,1649.2,,,82.1,119.7,51.6,542.0,560.8,,,1884.8,2410.3,4285.1,2268.6,3633.0,,,2228.2,3457.6,2984.2,2189.3,4436.8,,,,,,,,,,,,,,,,,256.5,1561.8,821.9,1843.2,1711.1,,,206.4,1943.2,1012.8,2949.1,2124.4,,,3057.0,3741.5,4397.9,7483.0,6775.1,,,1262.8,1537.9,2445.6,3320.2,4213.1,,,3276.8,4359.6,6596.8,3741.5,7833.7,,,3769.6,3798.1,5449.5,5390.9,6775.1,,,,,,,,,,,,,,,,,1053.2,2881.3,1716.9,2422.0,2258.3,,,1369.8,3633.0,3298.4,4043.2,3320.2,,,4516.7,5333.6,3581.1,3886.5,6596.8,,,2342.8,3298.4,2710.0,3057.0,5064.2,,,3173.1,4359.6,3038.5,3234.5,5449.5,,,4436.8,4476.4,5168.6,5898.3,5222.5,,,,,,,,,,,,,,,,,,,,,,,,,,,,,,,,,,,,,,,,,,,,,,,,,,,,,,,,,,,,,,,,,,,,,,,,,,,,,,,,,,,,,,,,,,,,,,,,,,,,,,,,,,,,,,,,,,,,,,,,,,,,,,,,
20260925_弥彦_7R,20260925,21,弥彦,7,21.3,2.4,25.9,40.2,194.1,,,33.4,25.2,13.5,80.1,63.3,,,6.7,24.6,36.5,27.9,203.1,,,35.3,13.7,25.0,94.6,168.4,,,114.1,181.7,91.3,220.9,507.1,,,727.9,396.9,635.6,563.7,749.0,,,,,,,,,,,,,,,,,201.9,68.1,254.0,345.5,808.6,,,512.1,900.4,1205.5,2028.4,2498.7,,,230.5,746.7,1140.7,640.1,2533.7,,,659.4,1563.0,1687.2,2983.9,4324.1,,,1131.8,3422.3,1648.6,4980.1,7849.1,,,3126.0,6390.4,5641.6,8495.5,9758.4,,,,,,,,,,,,,,,,,226.2,246.0,138.6,530.9,511.0,,,457.6,760.9,851.5,1630.0,1461.7,,,483.9,798.8,895.9,1142.6,1365.0,,,176.4,465.5,522.5,955.1,341.5,,,1444.2,3167.2,2344.5,2588.2,2831.8,,,1135.4,1744.2,1744.2,805.9,2063.2,,,,,,,,,,,,,,,,,160.7,404.3,553.7,492.5,1404.9,,,287.4,936.6,1479.7,931.7,3008.8,,,703.1,1046.5,1501.3,1648.6,2375.4,,,975.8,2456.2,1890.3,3008.8,5014.7,,,965.4,1539.7,2075.0,3034.1,4150.1,,,3722.2,7221.2,5121.4,6812.5,6225.2,,,,,,,,,,,,,,,,,205.3,119.7,261.7,489.2,572.2,,,478.2,802.3,1110.9,1983.8,2277.9,,,159.6,462.9,565.0,1063.5,311.6,,,769.0,1711.1,1209.5,2359.8,2876.9,,,1424.3,3903.3,2745.7,3471.7,5686.0,,,1615.4,5731.1,1031.6,3861.6,6686.3,,,,,,,,,,,,,,,,,1383.3,1559.6,1273.5,1498.1,4324.1,,,2022.7,5049.8,2616.3,6943.5,9999.9,,,2215.1,5349.0,3034.1,5388.9,6625.0,,,1566.4,2285.2,3327.7,5512.4,6119.7,,,1900.3,7682.1,5121.4,7221.2,9999.9,,,6748.8,9999.9,8700.3,8300.2,9999.9,,,,,,,,,,,,,,,,,4879.2,3358.7,4350.1,2798.9,7764.7,,,4658.8,6943.5,8806.4,9999.9,9999.9,,,3086.0,6119.7,6564.7,1498.1,7601.3,,,5919.0,9758.4,8205.9,9501.6,9999.9,,,2947.4,9999.9,1546.3,9140.8,9999.9,,,8915.1,7368.6,9758.4,9999.9,6686.3,,,,,,,,,,,,,,,,,,,,,,,,,,,,,,,,,,,,,,,,,,,,,,,,,,,,,,,,,,,,,,,,,,,,,,,,,,,,,,,,,,,,,,,,,,,,,,,,,,,,,,,,,,,,,,,,,,,,,,,,,,,,,,,,
20260925_川崎_1R,20260925,34,川崎,1,23.9,29.7,37.4,98.9,73.5,,,80.4,127.8,367.7,141.9,190.7,,,99.8,113.1,513.7,471.4,69.2,,,407.2,959.0,1338.0,1569.8,2051.0,,,465.2,475.4,1010.7,1605.7,1535.5,,,451.7,318.5,168.4,1703.0,1325.4,,,,,,,,,,,,,,,,,5.2,10.2,12.4,42.4,41.5,,,11.9,45.9,53.8,55.9,86.8,,,35.5,72.7,187.4,261.3,91.5,,,54.9,108.8,293.9,258.0,496.4,,,200.1,257.0,504.4,618.9,590.3,,,170.0,150.0,106.6,670.6,638.6,,,,,,,,,,,,,,,,,101.0,186.4,592.8,181.7,255.4,,,63.8,188.8,204.0,150.4,232.2,,,176.5,232.2,1007.1,204.3,127.7,,,1170.8,1060.3,2676.1,1662.7,3697.3,,,130.8,151.2,190.7,603.0,181.5,,,387.5,452.4,193.6,1478.9,303.1,,,,,,,,,,,,,,,,,86.5,83.7,625.8,517.4,68.8,,,86.3,157.5,448.1,444.6,94.3,,,91.4,158.6,793.7,128.1,60.7,,,2066.1,1624.2,2531.5,3649.3,2381.3,,,1060.3,1076.6,509.9,3556.9,661.1,,,52.6,91.0,35.1,425.1,167.5,,,,,,,,,,,,,,,,,1021.8,3556.9,4323.0,6534.8,7805.5,,,475.4,897.7,2422.3,3157.2,4323.0,,,2401.6,2266.1,4929.7,4532.2,7394.6,,,6690.4,4390.5,6853.6,9999.9,7805.5,,,8028.5,6690.4,9366.6,9999.9,9999.9,,,9999.9,9366.6,9999.9,9064.4,9689.5,,,,,,,,,,,,,,,,,846.3,982.5,2701.9,4132.3,2782.1,,,894.8,706.0,1605.7,2361.3,2381.3,,,454.6,423.1,561.9,1614.9,509.0,,,2097.0,1992.8,1170.8,6690.4,1860.9,,,6244.4,4683.3,4072.4,8515.0,9064.4,,,2957.8,3556.9,1672.6,2381.3,6690.4,,,,,,,,,,,,,,,,,946.1,859.3,419.4,4929.7,2896.8,,,1110.6,278.2,148.2,3746.6,3193.1,,,601.7,816.8,226.6,2464.8,525.2,,,228.2,202.5,110.3,1040.7,423.1,,,7205.0,6690.4,6534.8,3849.2,7594.5,,,2443.4,4014.2,1703.0,1068.4,7394.6,,,,,,,,,,,,,,,,,,,,,,,,,,,,,,,,,,,,,,,,,,,,,,,,,,,,,,,,,,,,,,,,,,,,,,,,,,,,,,,,,,,,,,,,,,,,,,,,,,,,,,,,,,,,,,,,,,,,,,,,,,,,,,,,
20260925_川崎_2R,20260925,34,川崎,2,20.7,29.9,112.7,194.2,174.3,,,24.9,29.0,93.0,201.0,170.1,,,11.1,12.9,29.0,9.7,34.1,,,146.9,140.3,80.6,359.1,67.3,,,425.1,451.4,124.4,695.4,746.9,,,254.2,294.2,147.1,122.5,426.9,,,,,,,,,,,,,,,,,37.8,65.2,174.4,435.4,320.5,,,31.8,45.2,74.5,294.2,136.9,,,91.6,81.8,536.3,231.8,685.8,,,269.0,179.8,399.2,1334.4,315.6,,,1004.2,964.8,1137.7,2677.8,2445.0,,,647.4,278.3,870.9,552.1,1883.4,,,,,,,,,,,,,,,,,39.0,55.6,132.2,388.2,218.2,,,34.3,56.6,64.9,149.5,75.0,,,113.4,120.1,325.6,391.6,518.6,,,242.0,143.7,442.3,600.9,167.4,,,1175.0,957.7,1299.1,2523.4,2733.6,,,547.4,233.7,801.7,350.5,1543.7,,,,,,,,,,,,,,,,,39.4,43.0,72.4,25.4,94.6,,,111.9,127.4,620.9,238.4,894.6,,,148.6,150.5,443.8,493.9,825.2,,,247.8,667.2,634.9,867.0,668.3,,,150.7,417.0,670.6,870.9,806.6,,,408.3,1286.4,1410.9,708.0,1151.0,,,,,,,,,,,,,,,,,341.1,308.7,153.4,745.5,150.5,,,334.4,281.5,483.6,1653.9,281.7,,,395.6,281.9,562.3,1441.9,334.1,,,300.7,749.8,653.9,715.7,392.4,,,1619.9,4058.2,4016.8,2174.8,2071.8,,,94.0,127.3,260.0,185.8,514.5,,,,,,,,,,,,,,,,,2211.5,2315.5,562.3,3336.0,3578.6,,,2696.2,2982.2,2302.0,5705.0,5319.6,,,2659.8,3364.5,2915.9,7157.2,8375.5,,,513.9,1757.3,2572.8,3075.3,3174.6,,,4143.6,7873.0,7427.3,3976.2,6150.7,,,5623.5,7718.6,8747.8,4524.7,5788.9,,,,,,,,,,,,,,,,,837.5,800.1,215.5,211.0,1452.5,,,1214.9,1038.6,1273.9,917.6,2852.5,,,1137.7,1108.8,1508.2,855.7,3821.8,,,269.0,1168.1,1090.4,278.3,1587.3,,,170.3,406.2,473.7,214.6,1063.9,,,3578.6,4524.7,4982.9,3253.3,3051.5,,,,,,,,,,,,,,,,,,,,,,,,,,,,,,,,,,,,,,,,,,,,,,,,,,,,,,,,,,,,,,,,,,,,,,,,,,,,,,,,,,,,,,,,,,,,,,,,,,,,,,,,,,,,,,,,,,,,,,,,,,,,,,,,
20260925_川崎_3R,20260925,34,川崎,3,53.4,43.0,122.6,208.3,259.5,,,56.1,90.9,171.5,162.1,111.1,,,38.4,81.4,68.5,137.3,147.9,,,238.4,350.4,203.6,629.4,670.1,,,343.0,353.0,253.6,540.2,929.3,,,637.7,447.9,434.9,652.0,1126.7,,,,,,,,,,,,,,,,,35.5,20.6,53.1,97.0,133.1,,,31.0,78.2,37.5,55.0,46.4,,,38.2,134.9,78.1,217.3,183.1,,,57.2,41.3,69.3,96.3,175.8,,,129.5,103.5,200.9,154.6,312.4,,,306.2,207.2,334.8,322.6,509.2,,,,,,,,,,,,,,,,,22.7,39.7,99.6,88.2,39.0,,,21.7,63.4,53.6,64.4,30.0,,,115.6,181.9,297.9,310.4,151.4,,,194.5,118.5,358.8,320.7,149.1,,,82.9,81.7,175.6,170.4,59.6,,,42.4,40.1,78.9,67.8,77.7,,,,,,,,,,,,,,,,,57.5,126.0,87.0,191.9,224.7,,,78.5,238.9,173.9,466.6,383.8,,,178.7,305.4,550.5,615.1,288.9,,,222.9,350.4,786.5,1290.6,1011.4,,,437.1,856.1,834.8,1268.0,1380.7,,,616.9,761.7,694.7,1090.0,1346.5,,,,,,,,,,,,,,,,,141.2,291.5,226.6,314.4,331.0,,,104.1,109.5,113.1,205.7,233.4,,,332.0,245.0,553.3,587.7,421.8,,,493.6,587.7,1138.5,1907.6,1380.7,,,955.9,826.8,1076.5,1760.8,1587.3,,,964.3,882.2,767.0,1449.7,1660.0,,,,,,,,,,,,,,,,,495.9,477.9,455.9,943.4,1214.9,,,471.2,269.4,747.3,618.6,958.0,,,294.4,220.2,478.4,610.8,232.9,,,686.0,1060.8,1087.3,1976.9,1899.2,,,1264.3,913.7,1249.8,2443.4,2389.7,,,1768.0,1464.4,595.8,2265.2,2121.6,,,,,,,,,,,,,,,,,951.7,609.1,655.0,945.5,1916.0,,,805.4,460.2,1221.7,937.3,1444.9,,,300.5,282.2,498.7,408.0,453.0,,,859.5,1268.0,1112.3,1321.9,2684.7,,,1156.7,1221.7,802.4,1882.8,2325.8,,,2004.3,1782.5,720.0,2635.9,2265.2,,,,,,,,,,,,,,,,,,,,,,,,,,,,,,,,,,,,,,,,,,,,,,,,,,,,,,,,,,,,,,,,,,,,,,,,,,,,,,,,,,,,,,,,,,,,,,,,,,,,,,,,,,,,,,,,,,,,,,,,,,,,,,,,
20260925_川崎_4R,20260925,34,川崎,4,13.2,3.0,27.4,43.7,53.0,,,53.9,91.3,94.3,428.4,503.3,,,15.8,68.3,102.9,91.6,317.1,,,156.5,154.0,235.7,737.8,374.5,,,283.7,777.7,317.6,983.8,1569.6,,,475.6,1386.8,804.9,1403.7,2131.6,,,,,,,,,,,,,,,,,17.3,4.5,29.1,59.8,51.2,,,48.5,45.7,21.8,173.9,42.5,,,86.6,173.8,298.2,233.0,378.2,,,162.1,83.2,281.9,480.9,129.3,,,379.0,582.3,571.7,846.4,928.3,,,287.2,215.4,446.1,314.2,588.3,,,,,,,,,,,,,,,,,200.8,397.3,268.7,1288.5,1199.0,,,156.3,360.4,115.3,874.2,355.6,,,723.9,1079.1,1348.9,3560.1,1676.3,,,278.0,274.2,692.0,1591.3,373.3,,,2784.9,3139.3,4062.7,3969.3,6515.7,,,2740.7,2520.6,5078.4,1606.1,7194.4,,,,,,,,,,,,,,,,,213.6,614.4,801.2,662.8,1856.6,,,288.2,1099.7,1514.6,1124.8,2951.5,,,1072.4,1528.0,2055.5,4543.8,6771.2,,,1761.8,2719.1,3002.8,4933.3,7674.0,,,1293.3,1907.9,3560.1,3837.0,6771.2,,,6166.6,8422.7,9999.9,9087.6,9999.9,,,,,,,,,,,,,,,,,607.9,312.2,953.9,2951.5,418.0,,,690.6,609.0,1541.6,2719.1,872.0,,,369.3,500.4,983.8,1962.1,323.6,,,1684.5,2877.7,2199.5,3924.2,4484.8,,,6278.7,6278.7,4160.6,4062.7,6058.4,,,1392.4,1636.6,446.1,2520.6,4316.6,,,,,,,,,,,,,,,,,1426.9,3488.2,1701.1,4933.3,6641.0,,,1003.8,1432.9,1735.3,3168.1,3924.2,,,4062.7,4160.6,5078.4,5154.2,8854.6,,,2007.7,2502.4,5569.8,5232.3,7507.2,,,7674.0,6278.7,6166.6,5755.5,8633.3,,,9999.9,8422.7,9999.9,9999.9,9999.9,,,,,,,,,,,,,,,,,2926.5,5954.0,5004.8,6395.0,8633.3,,,3168.1,2227.9,4863.8,3753.6,7047.5,,,5954.0,5954.0,9999.9,2697.9,9999.9,,,8854.6,9999.9,9999.9,9999.9,9999.9,,,4730.5,5154.2,1876.8,9087.6,9866.6,,,9999.9,9999.9,9999.9,9999.9,9999.9,,,,,,,,,,,,,,,,,,,,,,,,,,,,,,,,,,,,,,,,,,,,,,,,,,,,,,,,,,,,,,,,,,,,,,,,,,,,,,,,,,,,,,,,,,,,,,,,,,,,,,,,,,,,,,,,,,,,,,,,,,,,,,,,
20260925_川崎_5R,20260925,34,川崎,5,37.4,10.5,31.4,10.8,84.3,,,160.5,272.8,281.2,194.6,245.4,,,47.4,214.2,179.0,78.0,311.9,,,77.4,185.1,207.3,104.9,147.2,,,6.3,35.1,15.0,25.5,60.3,,,247.5,182.3,443.7,271.3,221.8,,,,,,,,,,,,,,,,,67.2,16.7,48.0,14.2,132.4,,,313.6,377.7,672.5,643.8,519.0,,,25.1,139.2,85.7,63.4,211.5,,,135.5,399.8,226.0,363.5,245.1,,,47.3,258.7,89.5,208.4,326.7,,,444.1,401.2,552.6,575.0,781.6,,,,,,,,,,,,,,,,,687.8,1278.5,1033.3,901.5,1331.1,,,775.0,1934.1,1878.0,2793.8,2601.1,,,1347.0,1901.6,4114.5,4310.4,1847.3,,,925.5,1503.6,2811.1,2085.7,794.0,,,1106.6,3327.9,4437.2,4269.8,4152.2,,,1045.2,1788.9,2020.5,948.8,2882.8,,,,,,,,,,,,,,,,,149.6,882.2,369.4,213.0,1008.0,,,128.2,477.4,431.8,258.4,560.8,,,1688.8,1825.0,3803.3,3620.8,3679.6,,,1082.7,1114.7,3100.0,2309.1,2743.0,,,394.5,422.2,1639.8,1396.9,2020.5,,,1676.2,2020.5,3428.7,3563.7,3771.6,,,,,,,,,,,,,,,,,283.9,496.2,726.4,406.2,442.8,,,286.0,738.3,704.9,838.1,673.5,,,622.5,844.4,1695.1,1560.6,509.1,,,929.3,1123.0,2175.9,1754.2,1934.1,,,514.9,1030.9,1925.9,1616.4,1319.5,,,438.5,619.1,236.3,1128.6,956.8,,,,,,,,,,,,,,,,,17.3,107.4,48.8,62.1,131.9,,,68.7,473.9,170.7,336.2,596.3,,,594.7,1384.0,1319.5,2920.0,2486.8,,,209.8,262.6,929.3,675.5,847.5,,,364.7,693.1,1734.1,1120.2,1226.5,,,699.5,1479.0,1747.4,1925.9,1534.2,,,,,,,,,,,,,,,,,1055.0,1098.5,1707.9,1072.5,802.4,,,1005.7,1488.8,2020.5,1639.8,2631.3,,,946.8,1714.3,1628.0,618.3,1761.0,,,1774.9,2114.9,2646.7,3709.8,4005.3,,,658.8,988.2,398.4,1508.6,1047.6,,,1157.5,3187.3,1934.1,3428.7,1788.9,,,,,,,,,,,,,,,,,,,,,,,,,,,,,,,,,,,,,,,,,,,,,,,,,,,,,,,,,,,,,,,,,,,,,,,,,,,,,,,,,,,,,,,,,,,,,,,,,,,,,,,,,,,,,,,,,,,,,,,,,,,,,,,,
20260925_川崎_6R,20260925,34,川崎,6,71.5,105.9,196.0,99.5,264.3,,,16.0,8.5,28.5,14.4,3.8,,,52.6,16.7,21.9,49.0,88.5,,,172.6,80.7,77.8,218.7,347.7,,,52.5,43.9,67.1,167.5,203.9,,,370.0,55.7,278.7,465.5,350.1,,,,,,,,,,,,,,,,,350.3,486.5,847.7,478.7,1218.6,,,559.5,1412.1,2052.4,1134.1,2044.1,,,631.3,1270.5,1149.5,878.6,2725.5,,,1706.9,2626.7,1772.5,2011.7,3700.4,,,426.3,542.7,589.4,895.6,1204.1,,,2449.0,3472.3,3570.1,5120.7,3208.5,,,,,,,,,,,,,,,,,37.4,45.6,78.6,40.5,15.1,,,302.1,999.9,1344.7,756.6,1094.9,,,192.0,679.5,475.5,744.4,602.0,,,394.2,1522.3,725.2,1344.7,1416.0,,,245.7,711.0,1176.2,1785.0,821.6,,,132.8,732.5,832.4,1129.0,666.1,,,,,,,,,,,,,,,,,93.3,33.5,57.1,115.0,199.1,,,368.4,623.5,565.8,504.9,1373.8,,,130.8,378.6,265.7,468.9,516.2,,,72.9,170.6,142.5,183.1,402.3,,,364.7,609.3,788.4,676.8,1754.1,,,1109.3,2175.7,1320.2,1651.3,1624.8,,,,,,,,,,,,,,,,,1111.7,498.9,354.2,1366.4,1574.4,,,1804.1,2864.1,1559.8,2166.4,5226.3,,,628.9,2696.5,1165.4,3148.8,2654.2,,,289.0,666.1,549.8,805.9,1334.1,,,2273.3,2770.2,3595.4,2052.4,5120.7,,,3402.4,6182.4,3840.5,4332.9,7681.1,,,,,,,,,,,,,,,,,197.9,179.7,330.6,684.1,741.1,,,244.4,332.8,411.8,703.1,903.6,,,328.3,636.0,1420.0,1778.8,1152.1,,,555.2,844.9,1624.8,1080.9,3313.4,,,1863.8,1949.8,2497.3,1791.3,4567.1,,,2402.6,2848.0,2800.8,5019.3,5894.8,,,,,,,,,,,,,,,,,1791.3,311.0,1689.8,2573.3,2148.1,,,3545.1,3960.6,6417.1,8046.9,5760.8,,,304.8,2896.9,2522.1,3072.4,2999.7,,,2472.9,5964.2,3249.7,5827.1,7140.2,,,4608.7,8176.7,3811.7,7566.5,8740.6,,,3570.1,5019.3,3929.9,7455.2,8310.7,,,,,,,,,,,,,,,,,,,,,,,,,,,,,,,,,,,,,,,,,,,,,,,,,,,,,,,,,,,,,,,,,,,,,,,,,,,,,,,,,,,,,,,,,,,,,,,,,,,,,,,,,,,,,,,,,,,,,,,,,,,,,,,,
20260925_川崎_7R,20260925,34,川崎,7,22.9,9.1,7.6,77.2,89.7,,,59.0,76.1,106.0,115.8,281.3,,,4.4,14.6,10.5,54.3,21.3,,,22.5,80.0,42.3,167.2,167.1,,,246.3,218.5,243.4,340.4,461.2,,,358.3,606.5,310.8,406.7,583.1,,,,,,,,,,,,,,,,,65.6,24.8,29.7,173.7,198.6,,,252.1,566.1,400.6,596.2,1390.7,,,83.0,340.7,175.4,503.1,694.4,,,33.8,105.5,89.4,183.8,127.2,,,687.6,716.6,1150.8,906.8,1683.0,,,1061.4,2075.7,1994.4,1079.8,2681.5,,,,,,,,,,,,,,,,,190.5,210.6,457.1,450.8,1328.0,,,349.6,951.5,821.7,868.9,2468.9,,,548.3,1324.9,1522.9,1324.9,2296.9,,,862.2,1213.1,1767.9,1819.6,3184.3,,,334.3,454.1,488.2,488.2,644.2,,,3336.0,4245.8,5095.0,4959.7,2618.9,,,,,,,,,,,,,,,,,47.7,96.7,89.5,231.7,129.8,,,149.2,528.7,310.5,971.3,902.5,,,472.5,973.0,1223.6,1415.2,2631.2,,,310.1,440.9,974.7,1270.8,1735.1,,,1045.6,2335.2,1849.6,2490.9,3417.4,,,1000.8,2788.3,3258.4,2296.9,4182.4,,,,,,,,,,,,,,,,,190.2,495.5,281.4,787.1,871.6,,,139.4,343.2,234.3,428.1,297.6,,,954.7,1096.7,1959.6,2224.0,3639.3,,,453.4,589.3,1629.2,1729.7,2374.8,,,1291.3,1353.7,2147.3,2060.4,2760.8,,,1703.5,1619.8,4378.5,3524.8,4790.2,,,,,,,,,,,,,,,,,1868.1,1267.9,1729.7,1683.0,3892.0,,,2139.1,2415.7,3736.3,3062.5,7278.6,,,870.2,1498.5,1265.1,1615.1,1451.9,,,1994.4,4090.9,3166.4,4519.7,5604.5,,,1932.6,3663.0,3974.8,4278.2,6158.8,,,5838.0,7374.3,3502.8,6919.1,6368.7,,,,,,,,,,,,,,,,,2075.7,4151.5,1444.4,2139.1,5049.1,,,2631.2,6227.2,5899.5,3277.5,8364.9,,,5604.5,8757.0,8122.5,7677.4,4790.2,,,2458.1,7374.3,7094.3,6672.0,7573.7,,,2524.5,4120.9,5337.6,6368.7,8241.9,,,6442.0,8896.0,4032.0,7677.4,7185.3,,,,,,,,,,,,,,,,,,,,,,,,,,,,,,,,,,,,,,,,,,,,,,,,,,,,,,,,,,,,,,,,,,,,,,,,,,,,,,,,,,,,,,,,,,,,,,,,,,,,,,,,,,,,,,,,,,,,,,,,,,,,,,,,
20260925_伊東_1R,20260925,37,伊東,1,184.0,281.9,171.0,347.0,312.8,,,99.3,253.5,65.0,77.3,38.6,,,543.9,462.7,631.0,412.9,571.6,,,133.3,116.9,310.8,251.7,166.6,,,193.0,79.9,161.6,173.9,63.5,,,122.8,23.7,329.0,116.4,50.5,,,,,,,,,,,,,,,,,335.1,354.6,277.1,662.6,607.3,,,289.2,565.0,223.2,628.3,379.6,,,312.8,805.3,293.9,739.9,1005.3,,,152.9,135.1,107.6,404.9,275.5,,,959.0,1121.3,1175.6,888.8,1472.4,,,617.6,571.6,1048.7,617.6,1290.0,,,,,,,,,,,,,,,,,56.3,207.3,54.1,111.1,38.9,,,113.6,164.3,68.0,273.4,97.5,,,435.1,550.0,500.9,828.2,656.6,,,54.1,50.3,242.1,139.7,50.9,,,174.7,260.7,515.1,239.3,115.6,,,17.2,35.1,127.9,25.4,47.9,,,,,,,,,,,,,,,,,934.4,952.7,1204.7,916.8,1138.8,,,759.2,1735.4,560.6,1267.6,2024.6,,,1349.7,1735.4,1443.3,2053.1,1777.7,,,1388.3,721.6,1429.1,1822.1,2208.7,,,1349.7,1969.9,2513.3,2470.7,2699.5,,,1567.4,2513.3,1518.4,2858.3,2351.2,,,,,,,,,,,,,,,,,94.7,102.2,240.1,260.3,164.1,,,80.8,84.8,44.8,252.2,131.3,,,73.5,68.6,296.8,217.5,80.6,,,504.4,331.3,583.1,978.3,1019.4,,,411.7,497.5,509.7,1033.8,562.8,,,173.3,225.6,96.4,558.5,347.0,,,,,,,,,,,,,,,,,214.3,92.7,213.4,199.1,82.4,,,395.0,530.0,458.4,687.6,707.6,,,184.5,344.6,592.5,392.9,192.3,,,612.5,1175.6,1735.4,1584.5,1415.2,,,371.8,545.9,509.7,1026.5,678.0,,,136.4,449.9,116.5,711.0,511.4,,,,,,,,,,,,,,,,,119.2,17.9,207.0,136.6,51.6,,,333.5,247.0,592.5,398.2,687.6,,,12.0,60.4,116.2,49.7,35.1,,,743.7,1534.4,484.3,1735.4,1375.2,,,210.0,216.2,104.9,743.7,368.1,,,125.8,338.2,87.9,612.5,351.2,,,,,,,,,,,,,,,,,,,,,,,,,,,,,,,,,,,,,,,,,,,,,,,,,,,,,,,,,,,,,,,,,,,,,,,,,,,,,,,,,,,,,,,,,,,,,,,,,,,,,,,,,,,,,,,,,,,,,,,,,,,,,,,,
20260925_伊東_2R,20260925,37,伊東,2,166.5,198.0,364.0,792.8,79.2,,,181.0,135.6,311.4,1026.0,87.3,,,148.6,108.2,308.4,320.8,59.6,,,545.0,572.7,594.0,1612.3,237.7,,,926.9,1559.9,594.0,1899.6,502.2,,,36.7,38.7,26.1,98.5,233.7,,,,,,,,,,,,,,,,,120.5,129.7,320.3,715.9,135.1,,,94.7,71.4,137.6,527.1,235.7,,,105.7,51.0,158.4,262.4,167.8,,,389.9,278.4,291.5,1122.0,491.9,,,1431.8,1115.5,574.4,1421.2,1572.6,,,163.9,289.8,244.1,511.6,945.1,,,,,,,,,,,,,,,,,181.1,224.6,384.5,905.0,199.8,,,156.7,123.8,173.7,561.0,280.1,,,169.4,117.1,203.4,218.2,176.1,,,482.0,321.9,330.8,1015.1,611.0,,,1400.5,685.2,392.3,1169.9,1122.0,,,169.9,359.3,191.2,572.7,792.8,,,,,,,,,,,,,,,,,79.0,47.2,127.9,127.3,32.9,,,66.2,30.6,73.7,74.4,82.1,,,30.3,24.4,44.7,63.4,46.3,,,151.5,104.4,76.7,180.6,180.1,,,74.9,57.0,41.5,113.4,64.0,,,26.0,78.4,53.1,130.9,72.9,,,,,,,,,,,,,,,,,770.5,746.5,493.2,1598.9,485.7,,,471.4,352.6,374.0,1245.9,614.9,,,559.3,354.0,337.7,1115.5,755.3,,,301.2,271.0,193.8,584.9,366.8,,,2231.0,1827.3,1862.8,786.3,1287.7,,,494.5,949.8,802.7,554.5,1214.3,,,,,,,,,,,,,,,,,1713.1,2041.1,597.7,2311.6,761.3,,,1760.2,1071.8,572.7,1844.8,1793.1,,,1899.6,1084.0,470.2,1827.3,1744.2,,,323.5,276.4,194.0,425.4,245.6,,,2428.7,2041.1,2257.2,954.5,1654.0,,,718.6,1585.6,1464.6,451.4,1296.4,,,,,,,,,,,,,,,,,34.5,37.1,19.3,131.5,143.0,,,121.6,236.0,185.7,500.9,752.4,,,97.9,262.4,134.7,453.5,586.7,,,34.4,87.6,73.7,165.6,131.5,,,350.7,715.9,567.6,391.5,770.5,,,387.6,864.2,629.0,227.8,702.8,,,,,,,,,,,,,,,,,,,,,,,,,,,,,,,,,,,,,,,,,,,,,,,,,,,,,,,,,,,,,,,,,,,,,,,,,,,,,,,,,,,,,,,,,,,,,,,,,,,,,,,,,,,,,,,,,,,,,,,,,,,,,,,,
20260925_伊東_3R,20260925,37,伊東,3,37.2,66.0,106.8,70.7,34.1,,,60.9,49.1,151.1,342.6,58.7,,,133.3,97.5,205.6,371.5,91.2,,,171.8,168.3,183.0,373.0,81.4,,,245.8,764.4,738.0,921.3,250.0,,,23.6,34.6,34.8,36.1,38.4,,,,,,,,,,,,,,,,,37.2,58.5,103.6,73.5,31.0,,,48.3,38.8,137.0,136.1,88.8,,,110.1,66.6,213.8,252.9,224.7,,,218.4,260.0,319.8,325.4,345.6,,,101.3,143.6,144.7,168.1,131.0,,,53.4,121.5,209.6,217.3,216.8,,,,,,,,,,,,,,,,,84.7,57.0,198.3,374.0,72.6,,,68.6,40.7,157.2,155.7,131.8,,,26.4,20.4,23.0,102.1,32.2,,,250.4,225.8,86.0,289.5,182.1,,,1008.1,379.0,460.6,811.2,1164.2,,,120.9,253.4,142.6,277.4,665.6,,,,,,,,,,,,,,,,,243.0,178.2,506.8,801.8,222.7,,,224.0,126.2,466.0,515.2,446.6,,,83.9,62.9,77.0,248.2,97.2,,,647.1,618.3,210.8,1091.2,706.2,,,1772.3,1135.7,891.8,1932.3,2061.1,,,414.0,740.0,388.0,906.3,1512.2,,,,,,,,,,,,,,,,,345.2,302.7,395.2,811.2,126.4,,,372.5,357.6,475.6,450.2,604.9,,,257.4,339.3,91.7,357.6,207.1,,,573.7,583.3,224.4,956.2,616.9,,,2226.0,1070.2,1384.3,1806.8,1434.3,,,369.0,909.3,489.0,547.7,1122.0,,,,,,,,,,,,,,,,,531.0,2419.6,2440.8,2226.0,1074.3,,,520.1,651.6,697.3,788.2,711.6,,,2529.6,688.7,1464.5,2358.1,2755.0,,,3393.3,1646.4,1919.0,3312.5,3710.1,,,2462.4,1337.7,2929.0,2960.1,2208.3,,,1199.3,1504.0,3522.2,2782.5,2992.0,,,,,,,,,,,,,,,,,101.2,98.9,148.0,168.7,167.5,,,181.9,460.6,542.4,662.5,590.7,,,153.8,510.5,354.9,569.0,1209.8,,,407.4,786.0,489.0,777.2,1590.0,,,453.1,1179.0,933.7,1091.2,1627.2,,,740.0,1253.4,2208.3,2016.3,1696.6,,,,,,,,,,,,,,,,,,,,,,,,,,,,,,,,,,,,,,,,,,,,,,,,,,,,,,,,,,,,,,,,,,,,,,,,,,,,,,,,,,,,,,,,,,,,,,,,,,,,,,,,,,,,,,,,,,,,,,,,,,,,,,,,
20260925_伊東_4R,20260925,37,伊東,4,644.5,857.6,460.5,466.7,312.5,,,750.1,478.2,662.4,401.1,247.6,,,932.1,417.8,1037.7,474.5,373.2,,,599.8,852.9,1402.3,537.7,409.1,,,184.7,160.8,264.0,167.2,33.5,,,243.0,178.3,313.5,234.2,82.1,,,,,,,,,,,,,,,,,257.9,257.9,144.9,175.1,176.4,,,151.7,39.5,49.8,184.3,234.6,,,177.5,43.5,58.7,160.5,336.5,,,34.2,17.6,23.0,47.1,64.0,,,102.6,237.2,276.7,132.3,299.3,,,433.6,486.4,862.4,360.7,707.5,,,,,,,,,,,,,,,,,371.5,293.4,479.7,447.9,459.8,,,234.9,60.0,82.2,266.0,432.4,,,68.6,34.2,33.5,75.4,77.6,,,304.3,120.9,104.7,423.5,395.0,,,193.6,226.0,139.4,354.1,612.8,,,862.4,979.0,491.0,934.9,1034.3,,,,,,,,,,,,,,,,,355.8,163.4,442.2,296.5,256.2,,,220.0,44.2,58.9,179.3,342.1,,,36.8,20.1,20.0,33.6,37.5,,,256.0,94.6,75.9,299.9,510.3,,,203.3,331.9,105.5,461.2,438.4,,,640.5,1062.5,362.4,1153.0,910.3,,,,,,,,,,,,,,,,,323.6,620.1,759.3,889.5,872.0,,,76.8,38.5,59.5,100.8,190.0,,,335.4,105.9,158.7,549.0,623.9,,,518.8,132.9,147.4,710.7,966.8,,,475.3,268.1,658.2,1024.1,669.5,,,1454.8,817.1,1235.4,2192.4,1810.0,,,,,,,,,,,,,,,,,104.6,64.4,126.0,71.2,25.6,,,208.6,253.5,345.9,144.2,453.8,,,100.6,189.3,121.4,159.9,187.0,,,252.9,331.9,147.9,369.3,537.7,,,145.2,178.3,187.4,503.7,234.0,,,193.4,636.6,530.3,857.6,647.2,,,,,,,,,,,,,,,,,1371.4,985.2,1396.0,1216.1,509.5,,,1995.7,2323.3,2882.6,1441.3,3312.0,,,1749.0,2707.2,1664.8,2223.7,3144.7,,,2451.4,2965.0,1580.3,2965.0,3578.5,,,2413.4,1933.7,2192.4,4043.2,3891.6,,,615.2,2075.5,1853.1,2413.4,2117.8,,,,,,,,,,,,,,,,,,,,,,,,,,,,,,,,,,,,,,,,,,,,,,,,,,,,,,,,,,,,,,,,,,,,,,,,,,,,,,,,,,,,,,,,,,,,,,,,,,,,,,,,,,,,,,,,,,,,,,,,,,,,,,,,
20260925_伊東_5R,20260925,37,伊東,5,81.0,29.2,22.4,42.3,70.9,,,126.2,116.2,114.6,127.7,196.7,,,39.2,85.1,40.7,41.3,69.2,,,28.2,85.2,38.4,60.0,88.9,,,59.1,117.6,51.1,67.9,93.5,,,102.3,198.7,101.4,111.5,112.4,,,,,,,,,,,,,,,,,125.7,60.2,45.7,95.3,168.4,,,230.2,297.7,307.4,357.8,702.4,,,100.3,213.5,148.5,159.6,364.2,,,73.0,225.8,145.0,179.9,377.2,,,179.8,330.0,212.4,280.8,447.6,,,332.8,635.2,537.9,555.9,444.4,,,,,,,,,,,,,,,,,95.5,134.4,81.4,124.8,324.7,,,117.2,200.8,146.8,174.5,478.9,,,167.0,225.3,197.1,230.8,477.3,,,148.8,211.0,208.1,253.8,463.9,,,271.6,375.3,337.2,359.9,643.7,,,548.8,947.3,842.0,783.9,799.9,,,,,,,,,,,,,,,,,53.8,120.0,63.1,80.8,164.0,,,64.9,143.9,100.5,123.1,360.5,,,146.2,173.4,171.8,209.3,535.2,,,86.6,104.3,148.6,152.4,367.0,,,111.6,148.7,182.1,191.3,328.2,,,268.9,431.9,708.1,450.4,363.9,,,,,,,,,,,,,,,,,36.8,103.9,53.8,88.4,188.6,,,62.4,208.9,116.7,193.3,363.9,,,176.1,252.4,238.3,320.2,499.9,,,80.6,121.1,176.7,159.8,347.5,,,208.6,280.8,354.3,215.5,427.7,,,296.4,483.7,737.1,482.1,473.6,,,,,,,,,,,,,,,,,184.7,296.8,170.2,212.2,268.9,,,224.8,377.9,262.7,370.7,510.6,,,421.0,637.1,448.1,614.4,1061.3,,,212.1,286.2,356.7,295.0,423.5,,,298.3,423.0,499.3,318.0,617.1,,,403.3,636.1,1053.6,545.4,696.7,,,,,,,,,,,,,,,,,228.9,405.2,238.3,246.2,234.0,,,335.6,947.3,572.9,611.8,563.9,,,716.3,1216.8,1244.8,1051.0,1227.2,,,333.5,606.7,739.6,636.1,467.0,,,422.2,602.4,664.5,596.6,517.9,,,350.0,611.8,1035.9,561.7,629.7,,,,,,,,,,,,,,,,,,,,,,,,,,,,,,,,,,,,,,,,,,,,,,,,,,,,,,,,,,,,,,,,,,,,,,,,,,,,,,,,,,,,,,,,,,,,,,,,,,,,,,,,,,,,,,,,,,,,,,,,,,,,,,,,
20260925_伊東_6R,20260925,37,伊東,6,48.1,94.7,112.0,146.3,78.8,,,36.3,44.8,56.1,129.0,51.8,,,55.0,37.0,33.6,33.4,35.9,,,61.0,53.2,22.7,19.1,41.6,,,231.1,323.4,187.7,188.6,210.1,,,149.0,142.7,127.8,156.3,165.0,,,,,,,,,,,,,,,,,50.9,108.9,147.6,189.9,81.9,,,44.1,141.5,206.4,222.6,53.7,,,248.0,331.7,320.0,736.0,314.6,,,313.5,582.6,387.7,819.2,611.7,,,708.0,817.6,1970.7,2036.3,1232.3,,,105.9,100.1,219.3,361.1,297.1,,,,,,,,,,,,,,,,,23.2,29.6,44.2,121.1,34.1,,,24.0,92.4,141.1,205.9,37.0,,,73.9,155.8,116.3,453.0,149.7,,,132.5,323.9,175.4,469.9,314.6,,,490.4,605.7,1102.1,1250.4,848.4,,,57.1,61.6,154.2,217.5,292.7,,,,,,,,,,,,,,,,,114.0,72.5,57.6,117.5,102.2,,,244.9,345.9,335.1,831.9,356.6,,,126.5,248.7,180.5,656.9,216.5,,,97.6,309.4,226.2,326.9,231.7,,,819.2,1589.7,1738.3,1069.1,1511.1,,,284.9,450.1,410.0,328.4,985.3,,,,,,,,,,,,,,,,,111.5,91.2,47.6,51.5,102.0,,,369.2,830.3,525.3,885.3,862.1,,,214.4,658.9,312.6,670.2,623.3,,,110.7,435.4,308.7,347.3,343.7,,,317.2,1323.9,1474.6,647.9,1010.9,,,450.1,1107.8,1018.1,615.3,965.3,,,,,,,,,,,,,,,,,1638.4,1311.7,978.5,1246.7,1774.4,,,1979.8,1724.3,3215.3,4549.3,3011.5,,,1532.7,1859.3,2795.0,3852.6,3593.6,,,1566.4,3367.2,3011.5,2969.7,4751.5,,,1128.3,3686.5,4151.8,1835.3,3421.1,,,3718.6,4111.9,4034.3,5939.4,5152.3,,,,,,,,,,,,,,,,,431.5,341.8,428.9,536.5,554.6,,,452.0,282.6,679.8,1066.4,1201.2,,,213.3,186.3,583.4,728.5,989.9,,,598.9,931.6,913.7,784.6,1789.2,,,863.9,1644.7,846.8,929.6,1804.3,,,1745.4,2159.8,2471.9,3393.9,2672.7,,,,,,,,,,,,,,,,,,,,,,,,,,,,,,,,,,,,,,,,,,,,,,,,,,,,,,,,,,,,,,,,,,,,,,,,,,,,,,,,,,,,,,,,,,,,,,,,,,,,,,,,,,,,,,,,,,,,,,,,,,,,,,,,
20260925_伊東_7R,20260925,37,伊東,7,1354.4,627.0,381.3,2436.1,978.6,,,2303.5,4837.4,1870.8,4341.2,3602.3,,,857.2,3490.9,734.5,4079.7,2003.6,,,313.2,993.0,675.8,1453.3,433.5,,,4979.6,5290.9,6270.7,3641.0,7361.2,,,1209.3,2027.6,2170.6,658.7,5290.9,,,,,,,,,,,,,,,,,356.8,111.3,91.8,798.6,253.8,,,299.3,54.5,89.2,136.2,237.4,,,29.4,18.9,5.0,63.7,13.4,,,17.4,66.9,10.8,151.5,22.6,,,961.9,429.1,260.8,511.5,945.8,,,171.3,222.4,36.8,40.1,400.2,,,,,,,,,,,,,,,,,1102.9,2565.2,1175.7,2170.6,2143.1,,,643.7,178.9,150.8,224.6,619.0,,,2227.7,453.9,874.9,1213.6,1820.5,,,515.4,232.4,467.0,383.4,555.1,,,964.7,242.9,383.4,270.2,821.8,,,1881.2,1200.7,2143.1,711.3,2666.2,,,,,,,,,,,,,,,,,284.5,1684.6,405.5,2418.7,922.6,,,73.1,69.6,21.9,199.8,61.6,,,2143.1,407.9,1209.3,1567.6,1718.8,,,136.3,61.6,514.6,891.1,168.7,,,3455.2,998.8,2129.6,2869.6,3721.0,,,675.8,225.2,1354.4,282.8,2508.2,,,,,,,,,,,,,,,,,54.0,265.3,158.8,498.7,58.6,,,30.3,161.9,43.8,335.5,38.4,,,307.5,351.6,838.1,1106.5,504.6,,,144.7,71.8,454.5,943.2,170.2,,,1485.1,1302.3,1736.5,2335.3,1511.6,,,24.0,37.2,232.5,99.2,450.8,,,,,,,,,,,,,,,,,5551.1,3680.6,8259.0,4286.3,7054.5,,,3023.3,1282.6,1297.3,1539.1,3847.9,,,1902.3,750.8,1376.5,1163.6,1840.3,,,7524.8,1830.3,2666.2,3892.1,5940.6,,,2272.6,1957.3,2453.7,3762.4,2775.5,,,3937.4,3804.7,3527.2,5643.6,2970.3,,,,,,,,,,,,,,,,,535.7,2027.6,1465.8,331.3,2845.5,,,311.5,810.0,233.0,117.1,1701.6,,,3050.6,1801.1,2645.4,1175.7,2775.5,,,1307.4,397.4,2198.8,559.7,2919.1,,,49.9,58.5,465.7,154.9,984.3,,,3680.6,4232.7,2753.0,5209.5,3164.6,,,,,,,,,,,,,,,,,,,,,,,,,,,,,,,,,,,,,,,,,,,,,,,,,,,,,,,,,,,,,,,,,,,,,,,,,,,,,,,,,,,,,,,,,,,,,,,,,,,,,,,,,,,,,,,,,,,,,,,,,,,,,,,,
20260925_伊東_8R,20260925,37,伊東,8,402.8,281.1,271.3,945.3,239.5,,,280.7,231.4,240.7,706.4,260.3,,,112.0,151.8,48.5,399.7,77.6,,,68.6,92.7,26.7,239.4,12.4,,,975.7,929.9,951.3,708.6,557.7,,,109.8,196.3,87.0,26.6,269.4,,,,,,,,,,,,,,,,,657.5,404.6,429.4,1372.5,621.6,,,394.5,160.1,471.2,457.9,796.6,,,197.6,159.2,223.5,221.6,392.4,,,451.1,684.2,355.9,1479.4,1153.6,,,1706.6,945.3,795.2,2222.8,2267.0,,,1098.0,2061.8,1432.9,1719.5,2503.7,,,,,,,,,,,,,,,,,216.9,174.6,251.7,579.7,346.5,,,161.3,60.0,202.2,231.8,369.5,,,60.8,23.7,72.3,116.5,189.9,,,241.7,263.8,192.3,772.3,652.8,,,800.8,319.7,312.5,798.0,1555.2,,,756.9,961.3,1010.3,1484.2,1719.5,,,,,,,,,,,,,,,,,53.6,72.3,19.1,198.8,40.0,,,67.6,38.9,69.3,57.1,141.4,,,36.8,11.0,43.5,72.6,128.0,,,16.4,52.4,58.0,158.0,101.5,,,172.1,55.3,157.3,139.4,318.2,,,178.3,313.1,480.1,255.9,722.1,,,,,,,,,,,,,,,,,75.3,90.3,25.4,262.4,22.8,,,260.3,375.9,205.2,1324.6,853.3,,,214.8,277.6,154.2,911.3,649.1,,,28.8,96.8,89.0,279.9,161.5,,,858.1,1245.0,1248.4,886.5,1524.0,,,191.3,889.9,992.7,487.8,1587.7,,,,,,,,,,,,,,,,,1786.9,1352.1,1513.8,1428.4,1380.8,,,1681.4,1072.1,920.5,2410.9,2761.6,,,1221.6,759.4,654.7,1859.9,2336.8,,,707.5,435.6,508.0,889.9,1498.9,,,1344.1,2361.0,2080.7,1706.6,2921.0,,,2313.0,3765.9,3452.1,4381.5,4258.6,,,,,,,,,,,,,,,,,656.5,750.7,516.6,194.9,973.6,,,1539.4,3017.7,2423.8,2423.8,3997.1,,,1663.0,2545.6,2664.7,3142.6,4258.6,,,594.1,1144.9,2007.3,869.6,3208.9,,,297.6,1610.1,1930.8,1082.3,2618.8,,,2545.6,4847.6,4796.6,5490.0,4511.6,,,,,,,,,,,,,,,,,,,,,,,,,,,,,,,,,,,,,,,,,,,,,,,,,,,,,,,,,,,,,,,,,,,,,,,,,,,,,,,,,,,,,,,,,,,,,,,,,,,,,,,,,,,,,,,,,,,,,,,,,,,,,,,,
20260925_伊東_9R,20260925,37,伊東,9,49.5,28.1,85.3,130.7,20.0,,,102.3,107.5,117.2,277.6,152.4,,,11.1,25.4,43.2,41.2,21.5,,,129.0,76.8,151.8,471.3,276.8,,,449.8,673.8,372.9,1043.3,826.1,,,28.3,110.2,57.8,151.0,261.2,,,,,,,,,,,,,,,,,82.4,55.9,137.3,238.9,34.1,,,121.8,273.4,104.2,122.9,78.6,,,120.8,270.7,442.5,465.6,152.1,,,239.8,130.0,549.4,303.8,149.5,,,504.1,245.3,461.0,369.0,135.7,,,22.2,33.1,49.9,62.4,35.6,,,,,,,,,,,,,,,,,276.8,362.1,266.2,708.8,429.0,,,225.2,363.2,122.5,154.5,149.2,,,599.8,741.6,605.3,1244.7,1163.6,,,136.5,43.6,157.6,65.4,123.6,,,1050.4,248.6,1265.0,229.2,486.1,,,491.8,174.4,668.0,276.5,469.4,,,,,,,,,,,,,,,,,48.6,78.0,127.8,132.8,73.7,,,145.1,438.8,769.9,835.0,282.7,,,326.2,682.7,697.1,1272.0,1196.6,,,394.8,1007.1,649.3,1676.1,1437.4,,,530.0,1293.2,1765.3,2120.0,2100.8,,,184.3,286.2,655.7,947.5,1385.9,,,,,,,,,,,,,,,,,376.5,220.3,392.4,951.4,648.4,,,363.0,131.1,478.1,284.4,214.5,,,135.6,47.2,140.1,74.0,116.8,,,518.7,941.7,567.5,1406.9,1568.5,,,2380.9,1311.5,672.8,2443.6,2072.7,,,709.9,250.2,299.7,876.0,985.7,,,,,,,,,,,,,,,,,1765.3,2253.8,1215.4,3655.7,2668.3,,,1676.1,1406.9,1652.2,2063.4,874.3,,,1992.6,1558.0,1926.4,1455.4,2653.0,,,1221.8,2081.9,3292.8,4145.4,3364.3,,,3180.0,2368.8,1820.7,3714.2,3968.2,,,2496.1,1184.4,2883.7,2637.9,3490.8,,,,,,,,,,,,,,,,,83.6,297.0,163.4,291.4,689.8,,,45.2,50.4,86.4,82.9,53.0,,,421.6,186.6,709.9,432.2,882.6,,,256.6,253.1,642.1,796.3,1157.8,,,683.7,283.6,417.1,1254.8,1617.7,,,1725.9,600.6,2045.3,2232.1,2309.8,,,,,,,,,,,,,,,,,,,,,,,,,,,,,,,,,,,,,,,,,,,,,,,,,,,,,,,,,,,,,,,,,,,,,,,,,,,,,,,,,,,,,,,,,,,,,,,,,,,,,,,,,,,,,,,,,,,,,,,,,,,,,,,,
20260925_伊東_10R,20260925,37,伊東,10,23.2,22.1,57.0,46.7,8.4,,,40.8,75.0,166.3,65.7,37.0,,,40.7,79.8,60.7,118.0,28.5,,,169.0,314.6,171.3,299.2,170.8,,,118.3,131.7,211.0,263.9,81.2,,,11.9,28.8,19.6,47.8,33.3,,,,,,,,,,,,,,,,,71.9,85.7,198.9,179.5,29.2,,,180.4,640.1,1429.5,336.7,662.5,,,213.6,768.0,529.2,964.3,797.2,,,673.5,1898.5,1127.1,2139.2,2059.4,,,545.3,772.9,1320.7,2139.2,1268.3,,,193.7,901.3,949.2,1371.4,1161.6,,,,,,,,,,,,,,,,,73.9,119.6,246.1,69.2,53.3,,,126.8,570.4,1157.2,249.8,573.1,,,177.6,389.9,254.5,247.5,298.3,,,673.5,1620.1,488.7,849.7,662.5,,,51.2,130.4,112.6,225.6,133.1,,,236.9,642.9,408.0,522.8,446.7,,,,,,,,,,,,,,,,,76.1,101.2,48.7,116.5,49.7,,,149.7,582.4,416.4,779.8,589.2,,,192.4,536.6,270.0,398.3,558.9,,,38.5,212.7,129.4,99.8,143.4,,,223.0,688.0,325.7,211.8,461.6,,,165.9,629.5,833.3,318.4,493.9,,,,,,,,,,,,,,,,,553.3,1005.8,356.9,765.1,684.9,,,570.9,2596.3,1086.8,2992.8,2336.6,,,1399.8,3037.7,1289.8,1669.0,3083.9,,,214.9,589.2,588.1,437.0,648.3,,,1416.1,3037.7,1590.4,1303.7,2283.9,,,1387.0,3266.3,3511.7,1846.6,2838.9,,,,,,,,,,,,,,,,,266.3,150.3,283.2,569.9,290.8,,,443.7,538.1,1092.6,1786.8,1125.0,,,100.7,230.1,166.2,363.7,370.2,,,338.4,679.5,297.0,594.4,976.7,,,975.1,1959.8,947.8,956.7,1750.8,,,765.1,1692.3,1082.9,1735.8,1818.9,,,,,,,,,,,,,,,,,74.0,145.4,117.0,297.8,198.0,,,213.0,1102.6,726.7,1664.4,1374.5,,,361.6,1362.1,1541.9,2542.0,1094.6,,,363.1,1175.1,1295.3,1341.1,2052.5,,,1133.4,2700.1,2596.3,1966.1,2336.6,,,753.7,1934.8,1503.8,2080.6,1941.0,,,,,,,,,,,,,,,,,,,,,,,,,,,,,,,,,,,,,,,,,,,,,,,,,,,,,,,,,,,,,,,,,,,,,,,,,,,,,,,,,,,,,,,,,,,,,,,,,,,,,,,,,,,,,,,,,,,,,,,,,,,,,,,,
20260925_伊東_11R,20260925,37,伊東,11,4100.4,6979.5,7371.6,8200.9,5125.5,,,2613.8,1817.3,837.8,1361.1,571.4,,,6694.6,2995.7,4970.2,4126.2,1822.4,,,5910.5,1142.9,5125.5,2942.0,1389.9,,,8411.1,2429.9,5008.1,4232.7,2902.9,,,3347.3,656.0,2151.0,1214.9,1842.9,,,,,,,,,,,,,,,,,8304.7,8411.1,9999.9,9940.5,7455.3,,,5513.2,4896.0,2420.9,1682.2,1863.8,,,7455.3,9240.4,9940.5,9372.4,8987.3,,,8747.6,3094.6,8747.6,6019.0,3169.4,,,8747.6,6694.6,9999.9,8865.8,6979.5,,,5655.8,2056.6,5165.9,2504.0,5008.1,,,,,,,,,,,,,,,,,334.2,159.5,88.0,135.4,59.3,,,587.3,703.9,313.7,483.4,241.0,,,272.4,605.2,179.5,236.9,111.1,,,58.2,170.8,114.3,42.0,14.6,,,126.1,359.2,188.4,74.3,42.3,,,29.7,97.9,45.4,11.3,19.4,,,,,,,,,,,,,,,,,6495.7,4556.0,5046.7,5467.2,3814.3,,,7718.5,8411.1,9372.4,9112.1,6369.6,,,2466.4,3139.1,1518.6,2037.4,980.6,,,5206.9,7209.5,2186.9,4288.0,3184.8,,,6131.5,8865.8,2995.7,5290.9,3313.5,,,3489.7,5248.5,1201.5,2351.5,2688.8,,,,,,,,,,,,,,,,,1188.5,191.2,899.9,590.5,252.2,,,1744.8,534.6,1848.0,1384.1,589.9,,,62.4,169.3,130.8,49.4,15.2,,,1338.9,2130.1,463.9,1271.4,585.2,,,344.9,611.4,100.6,471.3,94.7,,,73.9,178.8,16.6,144.1,48.6,,,,,,,,,,,,,,,,,3453.0,793.3,2326.5,1611.9,1080.8,,,5513.2,2542.9,5910.5,3417.0,2733.6,,,330.5,733.0,311.6,204.6,107.3,,,2915.8,3770.5,1144.9,1627.9,1330.7,,,897.5,1656.7,280.8,966.2,266.8,,,469.6,855.3,113.6,385.6,188.6,,,,,,,,,,,,,,,,,503.8,55.3,218.3,136.3,157.8,,,837.8,250.6,850.9,418.9,491.0,,,19.7,57.6,26.8,11.3,16.2,,,297.4,648.9,87.0,186.7,198.9,,,77.1,206.8,17.7,113.1,46.6,,,107.7,256.9,28.7,115.9,63.3,,,,,,,,,,,,,,,,,,,,,,,,,,,,,,,,,,,,,,,,,,,,,,,,,,,,,,,,,,,,,,,,,,,,,,,,,,,,,,,,,,,,,,,,,,,,,,,,,,,,,,,,,,,,,,,,,,,,,,,,,,,,,,,,
20260925_伊東_12R,20260925,37,伊東,12,168.6,30.7,57.8,77.3,154.1,,,371.4,179.6,658.3,247.5,446.0,,,21.0,83.8,63.5,28.1,62.7,,,197.6,659.9,170.1,326.0,491.2,,,116.1,184.5,65.4,232.1,114.3,,,440.3,907.3,228.4,620.4,298.8,,,,,,,,,,,,,,,,,200.4,39.0,41.4,68.8,126.9,,,415.1,516.3,347.6,258.4,611.9,,,50.5,363.4,89.0,118.2,230.9,,,26.8,171.5,65.1,30.3,48.0,,,68.0,175.6,130.9,51.6,40.6,,,315.5,897.7,532.0,195.6,188.8,,,,,,,,,,,,,,,,,665.1,546.1,968.1,468.0,874.3,,,629.6,910.4,541.7,451.4,1152.1,,,492.0,1054.5,1679.9,594.6,1682.0,,,2051.3,1527.4,2638.5,1440.7,2718.5,,,269.5,301.8,375.9,543.4,145.1,,,1759.0,1981.8,2340.2,2377.4,634.1,,,,,,,,,,,,,,,,,24.2,103.3,77.1,31.1,47.3,,,54.1,368.8,92.7,116.5,222.8,,,343.1,626.4,1285.2,316.2,911.0,,,343.3,430.0,1440.7,594.8,1008.7,,,52.0,101.1,250.6,261.3,52.5,,,244.8,452.3,1236.8,865.3,188.7,,,,,,,,,,,,,,,,,465.4,1527.4,760.2,956.4,1450.0,,,205.2,625.8,389.3,279.3,391.7,,,2269.2,1434.6,3355.7,1990.6,3513.4,,,823.5,842.6,2844.9,1315.4,2718.5,,,1129.8,756.8,1749.8,1738.5,963.9,,,2648.9,1801.4,3981.2,3957.8,1707.6,,,,,,,,,,,,,,,,,111.0,210.0,91.6,237.9,65.6,,,76.4,169.2,117.0,75.0,39.5,,,184.7,176.8,218.7,412.4,74.7,,,65.8,111.7,260.3,229.0,46.8,,,327.9,273.5,537.6,544.5,200.4,,,31.5,27.0,74.7,46.2,50.5,,,,,,,,,,,,,,,,,982.2,2051.3,639.2,1493.5,455.6,,,955.7,2273.0,1349.7,1024.0,526.6,,,2105.8,2977.1,3030.7,3122.1,943.0,,,756.4,1337.6,3107.7,2869.2,538.0,,,2428.9,1936.2,3266.1,3381.0,1146.2,,,158.6,196.3,366.8,210.8,322.2,,,,,,,,,,,,,,,,,,,,,,,,,,,,,,,,,,,,,,,,,,,,,,,,,,,,,,,,,,,,,,,,,,,,,,,,,,,,,,,,,,,,,,,,,,,,,,,,,,,,,,,,,,,,,,,,,,,,,,,,,,,,,,,,
20260925_奈良_1R,20260925,53,奈良,1,64.0,178.8,90.8,286.7,,,,17.1,13.1,2.7,38.6,,,,102.0,54.2,62.2,405.5,,,,57.0,8.7,38.4,187.8,,,,340.9,139.3,554.8,364.2,,,,,,,,,,,,,,,,,,,,,,,,,170.9,201.4,117.4,342.9,,,,201.7,619.3,516.5,463.6,,,,278.0,682.9,491.1,431.8,,,,406.9,978.3,907.9,1426.7,,,,257.4,402.8,338.0,588.9,,,,,,,,,,,,,,,,,,,,,,,,,30.4,30.6,5.1,71.0,,,,107.1,400.8,336.6,328.3,,,,158.8,422.7,391.0,597.7,,,,71.5,421.2,397.5,696.7,,,,188.1,390.3,688.7,832.2,,,,,,,,,,,,,,,,,,,,,,,,,282.6,82.8,118.3,635.8,,,,502.5,724.1,994.5,649.5,,,,115.7,580.3,259.1,737.5,,,,352.4,1222.9,565.3,1576.9,,,,1065.3,733.0,1152.3,1664.5,,,,,,,,,,,,,,,,,,,,,,,,,229.8,36.5,130.4,429.5,,,,514.3,929.0,1317.0,1426.7,,,,86.6,609.9,378.6,1146.8,,,,371.0,1235.5,593.3,1587.4,,,,1042.1,1843.8,1461.5,1887.3,,,,,,,,,,,,,,,,,,,,,,,,,613.0,271.1,1435.3,613.0,,,,360.9,532.6,516.5,901.1,,,,275.8,788.4,1393.5,1762.4,,,,1556.4,1060.6,1775.5,2523.1,,,,1479.6,2199.0,2199.0,3153.9,,,,,,,,,,,,,,,,,,,,,,,,,,,,,,,,,,,,,,,,,,,,,,,,,,,,,,,,,,,,,,,,,,,,,,,,,,,,,,,,,,,,,,,,,,,,,,,,,,,,,,,,,,,,,,,,,,,,,,,,,,,,,,,,,,,,,,,,,,,,,,,,,,,,,,,,,,,,,,,,,,,,,,,,,,,,,,,,,,,,,,,,,,,,,,,,
20260925_奈良_2R,20260925,53,奈良,2,40.4,136.3,71.0,165.5,,,,19.6,47.4,24.7,14.4,,,,337.5,225.5,377.9,569.3,,,,117.3,114.5,205.7,324.4,,,,233.6,86.0,217.8,176.6,,,,,,,,,,,,,,,,,,,,,,,,,30.7,73.7,43.6,148.1,,,,26.3,72.8,33.2,245.1,,,,113.3,122.8,38.8,447.6,,,,12.0,17.6,7.3,165.8,,,,568.3,729.9,844.2,729.9,,,,,,,,,,,,,,,,,,,,,,,,,26.5,35.6,27.1,15.1,,,,49.5,137.5,63.7,344.8,,,,169.8,315.4,298.0,952.8,,,,99.9,124.9,108.5,688.8,,,,324.4,911.9,1243.2,1170.0,,,,,,,,,,,,,,,,,,,,,,,,,507.6,334.3,479.3,789.7,,,,327.0,390.5,121.1,1075.2,,,,332.9,635.2,612.0,1917.2,,,,275.7,111.9,385.7,1124.6,,,,1989.1,2225.6,3031.1,2357.5,,,,,,,,,,,,,,,,,,,,,,,,,116.3,137.0,158.7,494.9,,,,25.7,47.5,13.9,272.7,,,,184.1,130.9,250.6,906.7,,,,100.7,43.4,152.7,559.3,,,,1360.1,1140.7,1808.3,1205.5,,,,,,,,,,,,,,,,,,,,,,,,,1337.2,586.1,1883.2,1640.5,,,,1414.5,1666.3,2323.1,2001.6,,,,710.4,2121.7,3182.6,3281.0,,,,2767.5,3281.0,4133.3,3350.1,,,,2546.1,2674.5,3060.2,3120.2,,,,,,,,,,,,,,,,,,,,,,,,,,,,,,,,,,,,,,,,,,,,,,,,,,,,,,,,,,,,,,,,,,,,,,,,,,,,,,,,,,,,,,,,,,,,,,,,,,,,,,,,,,,,,,,,,,,,,,,,,,,,,,,,,,,,,,,,,,,,,,,,,,,,,,,,,,,,,,,,,,,,,,,,,,,,,,,,,,,,,,,,,,,,,,,,
20260925_奈良_3R,20260925,53,奈良,3,36.3,13.1,34.1,88.1,99.4,,,179.6,87.4,426.1,791.1,404.0,,,16.0,9.6,87.4,264.9,145.5,,,153.6,463.0,254.9,538.9,887.1,,,531.7,1253.1,835.4,1178.9,1947.8,,,405.9,777.4,509.8,1389.1,1828.6,,,,,,,,,,,,,,,,,26.2,5.7,17.0,59.1,67.9,,,80.7,95.0,237.0,435.4,334.6,,,12.6,36.0,49.7,201.1,191.8,,,19.1,82.8,26.9,12.7,106.9,,,242.3,600.3,419.6,112.1,433.9,,,220.6,470.9,425.6,299.6,490.3,,,,,,,,,,,,,,,,,549.7,343.6,1063.5,1706.7,1347.4,,,574.3,681.3,1317.6,2757.0,1906.4,,,250.6,602.3,748.2,1792.0,539.7,,,1810.1,2059.8,2185.4,4424.8,4318.2,,,4266.7,5194.3,4843.3,7964.6,6287.9,,,2654.8,2890.4,2616.1,5689.0,6074.7,,,,,,,,,,,,,,,,,49.8,20.0,128.9,437.6,216.0,,,68.1,137.5,193.2,770.7,650.4,,,91.1,225.9,376.4,1076.3,359.1,,,449.1,486.9,880.6,1451.0,1585.8,,,1774.3,2002.2,2715.2,2715.2,5430.4,,,928.5,1801.0,1214.9,2268.4,4216.5,,,,,,,,,,,,,,,,,270.2,935.7,516.4,1156.1,1578.9,,,144.5,410.5,193.7,166.9,474.7,,,1723.1,1706.7,2226.1,3733.4,4909.7,,,678.8,543.8,1571.9,1558.3,2715.2,,,1303.3,454.8,2212.4,1337.3,1518.6,,,2654.8,1156.1,4843.3,3089.7,2962.0,,,,,,,,,,,,,,,,,1400.0,4266.7,2226.1,2597.1,4654.6,,,1190.7,2654.8,1651.6,748.2,2800.0,,,5430.4,5430.4,6287.9,8533.5,9190.0,,,3620.3,3479.7,5973.5,5780.8,9431.8,,,1916.6,751.3,3772.7,2146.1,2778.3,,,5875.5,4654.6,8145.6,8335.1,4536.8,,,,,,,,,,,,,,,,,822.0,1280.0,775.7,2438.1,3548.6,,,874.1,1857.0,1739.8,1223.2,2120.7,,,2506.3,2735.9,2844.5,4480.1,5120.1,,,1332.3,2108.2,1289.2,2597.1,4977.9,,,3479.7,1525.1,3694.9,3548.6,3063.3,,,5048.0,4370.8,6179.4,6762.4,3381.2,,,,,,,,,,,,,,,,,,,,,,,,,,,,,,,,,,,,,,,,,,,,,,,,,,,,,,,,,,,,,,,,,,,,,,,,,,,,,,,,,,,,,,,,,,,,,,,,,,,,,,,,,,,,,,,,,,,,,,,,,,,,,,,,
20260925_奈良_4R,20260925,53,奈良,4,30.9,60.7,124.0,345.2,93.8,,,17.0,16.6,48.2,177.4,47.5,,,43.3,20.5,29.4,139.4,48.4,,,200.4,139.5,78.3,177.5,157.0,,,708.2,474.3,405.9,409.2,571.3,,,49.1,40.2,37.0,56.8,153.4,,,,,,,,,,,,,,,,,129.1,208.6,440.9,1042.7,444.2,,,80.1,88.6,178.4,456.1,321.6,,,228.8,174.9,392.5,1114.1,993.4,,,626.3,466.9,614.5,1365.0,1477.8,,,2400.3,1933.2,2907.6,2838.4,3845.6,,,900.8,1018.9,1633.0,2103.8,3222.0,,,,,,,,,,,,,,,,,28.2,24.4,56.4,256.9,69.1,,,23.9,26.7,39.6,107.0,134.8,,,30.9,33.4,42.0,202.4,177.6,,,233.6,184.4,179.0,296.5,689.1,,,685.1,701.2,837.5,900.8,1965.0,,,236.0,485.9,534.5,951.1,1397.0,,,,,,,,,,,,,,,,,63.6,32.8,48.0,191.2,80.8,,,118.3,90.2,151.5,510.1,522.1,,,36.7,38.1,52.6,220.6,192.5,,,63.8,117.2,76.9,36.2,294.1,,,513.8,859.7,689.1,231.0,1074.0,,,275.5,600.0,548.5,614.5,1067.6,,,,,,,,,,,,,,,,,849.5,532.2,317.3,663.5,746.6,,,1087.0,943.6,861.7,1648.1,2263.5,,,521.3,837.5,483.9,1164.9,1655.7,,,172.9,369.4,258.7,175.1,568.5,,,839.5,1310.0,1496.4,390.4,1161.1,,,1128.2,2501.0,2307.3,1575.5,1943.7,,,,,,,,,,,,,,,,,3056.8,1922.8,1611.0,1509.0,2610.5,,,4110.8,2931.5,3281.1,3649.4,6623.0,,,1882.3,3137.2,2536.5,3576.4,7152.9,,,1679.0,2816.1,2432.9,760.9,4110.8,,,1596.6,2931.5,2955.7,718.1,2352.9,,,3438.9,7450.9,8941.1,4768.6,3374.0,,,,,,,,,,,,,,,,,389.1,282.5,267.4,489.2,820.2,,,926.5,1286.4,2307.3,2466.5,4158.6,,,485.9,1180.3,966.6,1943.7,3973.8,,,474.3,2032.0,1030.6,1375.5,2709.4,,,1229.0,3109.9,2292.6,2032.0,2466.5,,,2337.5,5863.0,6166.3,4644.7,3109.9,,,,,,,,,,,,,,,,,,,,,,,,,,,,,,,,,,,,,,,,,,,,,,,,,,,,,,,,,,,,,,,,,,,,,,,,,,,,,,,,,,,,,,,,,,,,,,,,,,,,,,,,,,,,,,,,,,,,,,,,,,,,,,,,
20260925_奈良_5R,20260925,53,奈良,5,6.9,11.8,29.9,127.4,38.2,,,17.6,28.6,124.2,147.0,17.4,,,10.9,13.8,60.3,89.0,28.1,,,169.9,293.8,277.1,734.1,549.8,,,355.0,397.6,375.6,1004.5,433.7,,,106.8,51.3,104.9,412.7,167.6,,,,,,,,,,,,,,,,,18.9,21.2,42.6,201.1,47.5,,,36.6,131.2,127.7,298.4,50.7,,,121.5,239.4,336.5,886.7,509.9,,,66.4,96.2,145.3,443.3,190.8,,,776.7,880.9,1565.7,1735.1,1210.9,,,163.8,141.6,488.8,368.4,378.1,,,,,,,,,,,,,,,,,58.8,77.0,245.6,300.9,41.2,,,69.4,205.7,213.3,439.9,108.7,,,270.6,412.7,856.4,1318.5,745.0,,,813.0,757.7,1462.8,1984.2,1244.8,,,838.5,1095.1,1720.2,2520.9,527.4,,,44.5,104.1,287.1,487.0,72.7,,,,,,,,,,,,,,,,,174.7,215.1,450.3,513.2,353.1,,,341.4,784.3,1309.8,2357.8,1773.5,,,453.4,806.4,2505.1,1750.3,1529.8,,,1720.2,2357.8,4948.4,5344.3,4771.7,,,2178.4,4829.2,6570.9,6910.8,4356.8,,,936.5,2991.2,2214.5,5416.5,2969.0,,,,,,,,,,,,,,,,,705.6,1416.3,1276.5,2904.5,2569.4,,,553.6,640.2,796.8,1421.3,1012.1,,,1927.0,1264.4,2214.5,4771.7,1994.1,,,1890.6,2316.9,4309.9,6073.1,6464.9,,,5809.0,6464.9,7287.7,8016.5,4948.4,,,3643.8,1838.6,2264.5,2822.7,5726.1,,,,,,,,,,,,,,,,,2264.5,1873.0,2783.5,4948.4,2178.4,,,2569.4,2120.7,4264.1,4771.7,3677.3,,,1917.8,2883.6,5809.0,7287.7,1368.0,,,3059.7,6464.9,5205.5,8713.6,6910.8,,,6793.6,9776.2,9543.5,9543.5,6464.9,,,2303.6,3611.0,1256.5,3929.6,5274.0,,,,,,,,,,,,,,,,,501.6,267.3,454.4,1578.0,577.5,,,632.2,472.1,1821.9,1098.1,1052.0,,,153.1,272.8,435.6,606.3,169.6,,,894.7,2553.0,902.7,4008.2,1158.4,,,3396.8,2925.7,1272.4,4829.2,1649.4,,,684.0,1066.0,386.5,1019.9,1284.7,,,,,,,,,,,,,,,,,,,,,,,,,,,,,,,,,,,,,,,,,,,,,,,,,,,,,,,,,,,,,,,,,,,,,,,,,,,,,,,,,,,,,,,,,,,,,,,,,,,,,,,,,,,,,,,,,,,,,,,,,,,,,,,,
20260925_奈良_6R,20260925,53,奈良,6,416.8,441.2,223.4,853.2,874.6,,,504.5,893.8,548.7,1098.6,953.0,,,492.3,866.8,684.7,1358.0,1361.8,,,128.3,349.2,345.0,210.7,605.8,,,1433.7,1618.9,1858.9,971.9,2842.5,,,2182.6,1552.1,1824.3,1651.7,1450.7,,,,,,,,,,,,,,,,,189.4,104.3,132.8,417.8,540.8,,,71.8,16.5,35.3,105.7,39.0,,,17.5,16.2,20.4,14.2,54.1,,,61.7,62.8,46.9,204.6,193.7,,,459.5,361.0,144.9,545.0,776.0,,,484.5,141.1,164.4,328.5,440.4,,,,,,,,,,,,,,,,,203.8,350.4,230.8,456.5,369.8,,,75.3,16.3,27.6,88.4,34.7,,,209.4,51.8,112.5,205.8,150.7,,,91.6,58.5,98.5,167.6,104.2,,,794.9,346.0,585.5,540.8,330.7,,,83.9,37.4,59.6,57.4,61.4,,,,,,,,,,,,,,,,,394.6,824.4,688.6,1602.9,1703.5,,,136.7,94.9,129.0,142.4,238.3,,,660.6,158.8,456.9,869.9,561.3,,,459.9,231.1,492.8,902.0,1024.9,,,1902.3,546.2,1635.1,1963.5,2232.4,,,1715.4,614.2,862.2,1450.7,1924.8,,,,,,,,,,,,,,,,,34.2,60.7,51.6,62.5,182.7,,,47.0,52.7,43.5,168.3,210.1,,,82.5,59.0,128.3,210.3,133.0,,,129.8,97.7,180.6,331.0,379.0,,,294.5,436.1,525.1,592.6,721.1,,,504.5,427.7,279.6,452.6,609.6,,,,,,,,,,,,,,,,,1739.9,1608.2,1971.4,1111.1,2927.6,,,1343.1,801.4,528.5,1263.3,1947.8,,,1433.7,814.8,1321.3,1283.2,993.7,,,2686.3,828.6,2062.9,2859.1,3237.8,,,945.6,1042.4,1081.6,1495.1,1463.8,,,2826.0,2284.6,1417.1,2777.9,2396.6,,,,,,,,,,,,,,,,,2306.1,1346.8,2080.4,2192.4,2701.1,,,1468.2,382.2,532.5,920.7,1417.1,,,317.8,231.8,263.4,283.2,272.5,,,2089.3,808.1,714.7,1413.0,1697.6,,,1532.6,1042.4,608.1,1392.9,1608.2,,,2875.9,2384.9,1131.7,2875.9,2222.3,,,,,,,,,,,,,,,,,,,,,,,,,,,,,,,,,,,,,,,,,,,,,,,,,,,,,,,,,,,,,,,,,,,,,,,,,,,,,,,,,,,,,,,,,,,,,,,,,,,,,,,,,,,,,,,,,,,,,,,,,,,,,,,,
20260925_奈良_7R,20260925,53,奈良,7,12.4,12.8,27.9,4.2,81.7,,,34.0,42.7,26.4,90.2,198.6,,,28.5,37.3,47.0,73.4,48.4,,,68.2,41.6,71.5,118.6,221.7,,,21.4,98.1,109.0,132.1,350.4,,,314.7,341.1,178.3,427.7,576.5,,,,,,,,,,,,,,,,,83.0,69.9,162.0,41.8,254.5,,,293.6,642.1,884.1,852.9,2770.2,,,228.8,600.3,1004.7,462.8,1040.6,,,636.4,1145.1,1499.3,1691.1,2345.7,,,193.8,964.7,723.5,1201.9,1801.0,,,1298.5,4155.3,1965.3,3802.2,2529.3,,,,,,,,,,,,,,,,,82.6,125.8,83.8,246.7,459.8,,,220.6,472.9,481.9,614.9,1454.3,,,174.6,362.0,209.6,532.2,329.0,,,94.0,201.6,161.5,323.5,372.1,,,835.8,1499.3,1013.4,846.7,1652.6,,,1087.3,2254.8,841.8,908.9,1555.4,,,,,,,,,,,,,,,,,25.5,53.5,100.1,97.7,51.0,,,90.1,229.6,324.9,251.7,254.9,,,110.1,211.3,145.6,468.3,212.8,,,234.1,369.8,217.2,638.5,315.1,,,404.2,520.8,803.5,1048.1,806.8,,,52.7,89.9,137.2,165.8,149.9,,,,,,,,,,,,,,,,,300.6,176.1,328.1,513.4,1042.5,,,765.4,1050.0,1436.4,1945.6,3127.6,,,180.1,424.6,332.4,734.5,705.1,,,575.4,1161.1,496.3,1666.8,1006.4,,,1901.1,2718.4,2100.1,3483.5,3422.0,,,1985.4,3382.2,1691.1,1958.7,3568.9,,,,,,,,,,,,,,,,,111.7,622.1,508.0,563.1,914.6,,,330.9,1469.0,1270.1,2413.8,2851.6,,,1615.9,2837.7,2308.5,3286.6,6844.0,,,1443.5,1716.0,2529.3,4096.8,3144.5,,,2620.4,3777.5,3462.7,4341.3,5876.2,,,4341.3,6059.8,6764.4,4246.3,5386.5,,,,,,,,,,,,,,,,,1175.2,1888.7,409.9,1846.8,2597.0,,,2041.2,5337.1,2299.3,5703.3,4309.2,,,2585.5,4039.9,1978.7,2562.7,5015.0,,,327.1,802.4,903.3,921.9,1248.3,,,2413.8,2998.6,2162.6,1784.4,3878.3,,,4374.0,5876.2,7182.0,3249.9,6188.7,,,,,,,,,,,,,,,,,,,,,,,,,,,,,,,,,,,,,,,,,,,,,,,,,,,,,,,,,,,,,,,,,,,,,,,,,,,,,,,,,,,,,,,,,,,,,,,,,,,,,,,,,,,,,,,,,,,,,,,,,,,,,,,,
20260925_小松島_1R,20260925,73,小松島,1,65.7,208.7,109.1,200.8,211.8,,,46.0,64.1,14.6,28.5,30.4,,,463.3,224.4,330.8,641.7,270.6,,,54.0,18.6,105.4,88.6,54.6,,,297.3,103.1,462.3,176.9,285.2,,,200.4,56.6,155.0,90.7,259.9,,,,,,,,,,,,,,,,,186.4,689.2,268.7,376.5,680.8,,,180.0,502.9,309.3,212.0,485.4,,,815.0,618.6,1194.2,1337.2,410.5,,,623.7,658.7,1440.7,1276.1,946.2,,,1321.4,466.2,1892.5,1345.2,1815.5,,,744.3,447.5,391.0,915.2,1305.9,,,,,,,,,,,,,,,,,54.1,99.5,12.0,25.8,27.2,,,136.5,255.2,277.0,177.9,261.8,,,220.0,243.0,279.8,234.8,99.8,,,29.2,195.3,212.8,71.6,63.8,,,26.9,45.4,89.0,42.7,50.2,,,53.6,185.3,86.6,95.5,67.0,,,,,,,,,,,,,,,,,1122.1,770.0,746.8,1815.5,676.7,,,1001.4,720.3,1213.6,1704.7,254.0,,,818.0,759.5,700.0,706.7,263.6,,,1187.8,1654.2,1029.1,2233.1,403.1,,,2481.3,2233.1,1073.6,2627.2,1469.1,,,413.5,158.7,137.5,211.0,656.8,,,,,,,,,,,,,,,,,174.3,55.2,264.2,263.6,147.8,,,623.7,812.0,1498.7,1679.0,1187.8,,,84.6,441.3,473.1,248.9,238.5,,,930.4,1422.4,882.6,1800.9,522.9,,,786.3,1758.4,536.8,2168.1,1207.1,,,272.3,954.3,322.7,344.0,1139.3,,,,,,,,,,,,,,,,,762.1,182.3,1015.0,561.0,535.5,,,1048.4,311.0,1227.0,1233.7,1163.1,,,92.8,85.6,172.8,87.6,144.9,,,1758.4,1815.5,783.5,1925.1,1139.3,,,682.9,1572.6,337.3,1337.2,970.9,,,1058.3,1313.6,351.6,886.1,1395.7,,,,,,,,,,,,,,,,,329.8,118.7,192.3,120.3,408.2,,,574.0,356.1,310.1,695.6,1276.1,,,95.7,222.6,81.3,122.8,115.1,,,175.0,92.2,58.5,91.4,320.3,,,156.7,463.3,151.1,159.0,680.8,,,858.9,1175.3,354.4,757.0,1157.0,,,,,,,,,,,,,,,,,,,,,,,,,,,,,,,,,,,,,,,,,,,,,,,,,,,,,,,,,,,,,,,,,,,,,,,,,,,,,,,,,,,,,,,,,,,,,,,,,,,,,,,,,,,,,,,,,,,,,,,,,,,,,,,,
20260925_小松島_2R,20260925,73,小松島,2,76.9,26.5,27.5,93.1,24.1,,,96.3,84.6,105.1,144.8,113.1,,,20.3,51.8,22.7,12.9,16.0,,,23.1,85.2,23.6,114.6,17.9,,,50.6,90.0,8.6,76.1,39.6,,,25.7,103.1,21.3,22.1,63.7,,,,,,,,,,,,,,,,,466.1,168.6,182.2,361.4,159.7,,,1046.2,2228.6,1169.6,2104.1,1405.3,,,405.8,2215.5,1127.6,978.2,1055.0,,,355.9,1426.6,1004.3,2014.1,553.8,,,682.3,2310.6,1151.7,1735.6,2003.3,,,353.6,1437.5,914.1,609.4,1751.8,,,,,,,,,,,,,,,,,215.2,165.7,208.7,399.4,229.2,,,714.6,1776.5,1134.4,2080.8,1180.6,,,456.5,2255.3,2069.4,1864.5,1696.5,,,641.6,1144.7,1776.5,2875.0,968.2,,,848.2,2255.3,1735.6,2652.3,2414.3,,,738.5,1169.6,1735.6,1001.6,2069.4,,,,,,,,,,,,,,,,,166.7,255.1,181.7,74.5,123.6,,,485.9,2080.8,1488.6,1069.9,1203.3,,,1020.6,2615.5,2633.8,2579.7,2853.3,,,550.6,1582.5,2383.7,1575.8,1029.0,,,97.2,581.2,973.2,953.5,443.1,,,324.1,1251.2,1992.7,1001.6,934.5,,,,,,,,,,,,,,,,,122.6,380.8,139.1,316.7,100.4,,,301.0,1141.3,836.9,1793.5,521.6,,,732.7,1303.2,1883.1,2671.1,1009.7,,,350.3,1049.1,1941.4,1326.1,865.8,,,698.7,2164.5,2579.7,1410.6,1415.9,,,232.9,475.5,863.8,609.4,1085.4,,,,,,,,,,,,,,,,,151.8,248.6,29.5,190.7,122.0,,,538.0,1312.3,844.4,1595.9,1443.0,,,756.2,2202.5,1482.8,2544.8,2494.2,,,64.4,384.3,710.6,570.6,341.7,,,651.6,2228.6,2989.1,1012.4,1630.4,,,370.3,1410.6,2414.3,630.8,1340.3,,,,,,,,,,,,,,,,,170.6,357.0,103.0,146.0,190.7,,,351.6,1151.7,653.8,583.0,1482.8,,,951.1,1616.4,1992.7,1063.9,2831.8,,,259.5,970.7,1688.9,673.7,767.0,,,269.9,523.1,732.7,623.5,1012.4,,,390.2,1589.1,2461.6,732.7,1180.6,,,,,,,,,,,,,,,,,,,,,,,,,,,,,,,,,,,,,,,,,,,,,,,,,,,,,,,,,,,,,,,,,,,,,,,,,,,,,,,,,,,,,,,,,,,,,,,,,,,,,,,,,,,,,,,,,,,,,,,,,,,,,,,,
20260925_小松島_3R,20260925,73,小松島,3,714.6,772.5,216.9,880.4,421.2,,,585.2,162.4,72.7,909.1,187.2,,,365.6,93.1,39.4,531.1,74.1,,,53.1,18.7,14.8,83.0,3.8,,,708.2,1357.3,939.7,194.9,430.0,,,165.0,103.9,78.1,12.1,241.3,,,,,,,,,,,,,,,,,1685.0,1551.3,862.9,1453.2,1012.7,,,1545.1,1217.8,1785.0,1576.3,2733.7,,,1431.9,1073.9,1852.7,1707.1,2641.4,,,935.2,2046.7,2113.1,1628.8,2233.8,,,718.6,1031.4,1113.7,1104.3,1521.1,,,1984.4,4599.1,3370.0,3490.4,4030.1,,,,,,,,,,,,,,,,,953.4,240.8,172.7,1469.6,376.9,,,1492.0,882.4,1737.4,1753.0,2606.1,,,100.5,276.4,117.7,499.9,247.2,,,237.0,1303.0,244.4,2004.7,653.7,,,2659.3,2340.8,1453.2,3152.6,4158.8,,,1034.2,2753.0,958.1,1195.4,3832.6,,,,,,,,,,,,,,,,,326.0,50.2,38.8,490.4,59.1,,,721.2,531.8,970.0,1221.6,1146.4,,,32.0,169.6,45.7,325.5,98.4,,,74.7,507.0,86.8,640.8,180.5,,,1307.4,1348.0,861.0,1277.5,1843.9,,,225.8,1088.9,345.0,272.2,1391.2,,,,,,,,,,,,,,,,,80.8,19.0,24.4,148.7,6.6,,,451.9,837.1,864.8,1088.9,1023.3,,,82.2,507.0,104.9,919.8,247.1,,,68.4,461.5,66.5,593.2,209.7,,,617.5,586.9,1269.2,1188.2,1329.6,,,75.6,736.2,353.1,279.8,953.4,,,,,,,,,,,,,,,,,1004.9,2246.7,1737.4,599.5,683.4,,,592.3,898.6,970.0,984.7,1120.1,,,3370.0,2641.4,1916.3,3619.7,4442.3,,,2025.5,1551.3,1656.4,2259.6,3285.1,,,904.9,1589.1,2939.3,2340.8,2136.2,,,1984.4,2853.4,5076.9,3948.7,2474.2,,,,,,,,,,,,,,,,,718.6,478.4,331.2,88.5,953.4,,,1707.1,3257.7,2286.1,2474.2,3723.1,,,1136.4,2961.5,1527.0,1376.5,4203.5,,,567.3,2428.1,1056.5,664.8,3102.6,,,137.1,1563.7,788.1,592.3,1635.6,,,2246.7,3687.9,5506.0,4295.9,2677.5,,,,,,,,,,,,,,,,,,,,,,,,,,,,,,,,,,,,,,,,,,,,,,,,,,,,,,,,,,,,,,,,,,,,,,,,,,,,,,,,,,,,,,,,,,,,,,,,,,,,,,,,,,,,,,,,,,,,,,,,,,,,,,,,
20260925_小松島_4R,20260925,73,小松島,4,221.4,84.8,133.5,671.5,172.7,,,132.4,102.9,20.3,140.7,143.0,,,43.0,100.2,72.3,366.7,125.6,,,32.3,3.9,27.4,82.9,51.3,,,614.6,561.5,561.5,521.1,497.3,,,268.5,238.8,250.0,162.8,500.0,,,,,,,,,,,,,,,,,992.0,344.2,490.7,2517.3,554.7,,,1567.9,1850.2,1365.4,3217.8,2270.2,,,342.3,682.7,440.5,1868.9,541.7,,,642.4,973.8,741.5,3135.9,1375.6,,,6492.0,5363.0,4744.2,5441.8,5523.1,,,1321.5,2298.4,779.0,1360.4,3814.9,,,,,,,,,,,,,,,,,498.7,285.5,50.1,287.9,482.4,,,1391.1,1721.1,1167.3,2298.4,2242.7,,,743.0,1516.5,659.6,2643.1,2078.9,,,38.8,405.7,295.5,214.7,310.1,,,615.7,2450.6,2643.1,601.7,1713.1,,,1088.3,2189.6,2402.9,1008.3,2044.4,,,,,,,,,,,,,,,,,150.3,304.0,217.0,1022.2,333.0,,,268.1,756.7,455.7,2102.5,486.9,,,664.3,1651.9,583.6,2662.2,2033.2,,,285.0,658.4,437.4,2126.7,1213.2,,,3936.6,4933.9,4302.8,5363.0,5211.9,,,1350.5,1237.6,2569.7,2090.6,4302.8,,,,,,,,,,,,,,,,,54.8,2.9,38.0,93.5,70.9,,,296.9,426.3,500.0,1682.0,767.7,,,9.1,153.8,127.4,94.4,130.7,,,164.3,380.3,235.5,1258.6,724.1,,,567.5,2387.4,586.4,2534.5,1380.7,,,304.3,956.1,394.5,1124.7,1250.1,,,,,,,,,,,,,,,,,4458.4,1831.9,4458.4,1510.3,3700.4,,,7255.8,6271.9,7400.9,7400.9,6852.7,,,1897.6,5968.5,4805.8,1927.3,4684.1,,,6066.3,6852.7,6492.0,6728.1,5693.0,,,1574.6,6728.1,1737.3,7400.9,4933.9,,,4568.4,4933.9,5000.6,5606.7,5363.0,,,,,,,,,,,,,,,,,610.6,438.9,402.6,330.3,1131.6,,,1316.8,2164.0,891.6,1822.8,3700.4,,,900.3,1947.6,2327.3,858.5,2387.4,,,809.7,1167.3,1407.0,1831.9,3737.8,,,418.1,1135.1,490.7,1160.0,1581.4,,,3558.1,4625.5,3426.3,4684.1,3246.0,,,,,,,,,,,,,,,,,,,,,,,,,,,,,,,,,,,,,,,,,,,,,,,,,,,,,,,,,,,,,,,,,,,,,,,,,,,,,,,,,,,,,,,,,,,,,,,,,,,,,,,,,,,,,,,,,,,,,,,,,,,,,,,,
20260925_小松島_5R,20260925,73,小松島,5,35.7,71.5,51.5,80.8,,,,29.7,79.5,81.8,268.9,,,,40.5,76.2,16.2,279.8,,,,65.5,123.3,36.0,274.9,,,,460.4,776.9,894.5,656.2,,,,,,,,,,,,,,,,,,,,,,,,,46.4,108.0,80.1,107.9,,,,18.3,22.9,24.5,19.8,,,,135.8,96.6,126.9,272.7,,,,110.2,88.8,143.8,163.0,,,,215.2,71.8,350.3,200.5,,,,,,,,,,,,,,,,,,,,,,,,,29.5,66.0,77.8,214.1,,,,11.6,15.1,19.8,18.3,,,,62.3,49.0,67.1,284.0,,,,146.7,95.3,137.6,371.1,,,,556.7,230.9,603.4,568.6,,,,,,,,,,,,,,,,,,,,,,,,,64.7,91.5,32.5,420.4,,,,153.8,167.3,139.0,439.8,,,,159.5,131.9,172.5,657.8,,,,34.2,52.0,113.0,326.3,,,,1556.2,1120.4,1684.2,1073.0,,,,,,,,,,,,,,,,,,,,,,,,,129.8,235.1,72.9,430.2,,,,160.7,149.1,176.9,258.4,,,,296.1,193.5,302.5,776.9,,,,50.1,71.5,178.7,356.2,,,,1118.1,948.7,1386.0,1193.3,,,,,,,,,,,,,,,,,,,,,,,,,2016.0,2408.2,2715.4,2571.1,,,,1378.8,468.1,1330.5,1180.1,,,,2054.9,583.5,2146.0,1942.4,,,,3058.8,2023.6,2608.9,1956.7,,,,2571.1,1780.0,2464.0,2087.1,,,,,,,,,,,,,,,,,,,,,,,,,,,,,,,,,,,,,,,,,,,,,,,,,,,,,,,,,,,,,,,,,,,,,,,,,,,,,,,,,,,,,,,,,,,,,,,,,,,,,,,,,,,,,,,,,,,,,,,,,,,,,,,,,,,,,,,,,,,,,,,,,,,,,,,,,,,,,,,,,,,,,,,,,,,,,,,,,,,,,,,,,,,,,,,,
20260925_小松島_6R,20260925,73,小松島,6,93.3,112.4,32.3,277.5,,,,159.7,514.8,169.5,391.5,,,,471.2,741.6,280.3,1026.2,,,,48.5,94.0,55.5,303.8,,,,949.2,822.4,1495.0,1085.7,,,,,,,,,,,,,,,,,,,,,,,,,30.6,48.8,7.4,85.7,,,,13.1,30.6,7.1,7.3,,,,158.7,175.3,86.4,264.8,,,,12.6,22.8,22.0,78.8,,,,160.8,74.4,275.4,165.5,,,,,,,,,,,,,,,,,,,,,,,,,127.1,510.3,168.3,297.8,,,,38.9,89.8,24.7,17.5,,,,1046.8,554.4,656.3,1070.8,,,,196.1,103.1,318.9,253.0,,,,347.4,104.9,432.8,238.2,,,,,,,,,,,,,,,,,,,,,,,,,826.7,1671.2,509.7,1925.7,,,,752.3,863.3,443.5,1042.2,,,,1999.8,1199.8,1190.7,1966.2,,,,410.8,436.5,728.9,881.2,,,,2888.6,1849.6,2316.6,1485.5,,,,,,,,,,,,,,,,,,,,,,,,,56.3,85.7,63.1,309.2,,,,58.7,75.2,79.9,276.7,,,,170.7,120.5,221.1,398.9,,,,134.3,184.4,222.4,493.1,,,,1085.7,835.6,956.9,1158.3,,,,,,,,,,,,,,,,,,,,,,,,,1544.4,1356.4,2674.0,2043.4,,,,1026.2,381.3,1490.3,1008.5,,,,1135.8,377.9,1490.3,1152.6,,,,3295.4,2437.2,2943.1,2515.9,,,,2228.3,1544.4,1613.6,1799.8,,,,,,,,,,,,,,,,,,,,,,,,,,,,,,,,,,,,,,,,,,,,,,,,,,,,,,,,,,,,,,,,,,,,,,,,,,,,,,,,,,,,,,,,,,,,,,,,,,,,,,,,,,,,,,,,,,,,,,,,,,,,,,,,,,,,,,,,,,,,,,,,,,,,,,,,,,,,,,,,,,,,,,,,,,,,,,,,,,,,,,,,,,,,,,,,
20260925_小松島_7R,20260925,73,小松島,7,124.6,196.2,124.0,269.7,,,,41.4,13.8,9.0,13.7,,,,83.5,20.4,17.3,74.1,,,,47.9,21.1,28.6,48.0,,,,157.8,14.1,75.5,37.9,,,,,,,,,,,,,,,,,,,,,,,,,410.8,463.9,304.9,898.6,,,,599.0,1231.5,774.2,1713.6,,,,339.8,965.3,235.6,1204.6,,,,177.8,412.8,154.6,845.3,,,,1540.4,2156.6,1797.2,1849.8,,,,,,,,,,,,,,,,,,,,,,,,,162.6,121.6,74.6,118.9,,,,509.3,1139.4,710.7,1373.0,,,,286.8,1004.8,408.9,1057.6,,,,197.1,477.4,403.0,860.1,,,,362.9,1449.5,1304.1,1057.6,,,,,,,,,,,,,,,,,,,,,,,,,92.5,27.2,23.0,128.5,,,,273.4,476.9,172.2,730.7,,,,129.1,415.9,202.1,580.1,,,,17.0,27.8,69.6,156.1,,,,247.6,764.9,644.4,349.4,,,,,,,,,,,,,,,,,,,,,,,,,62.8,51.0,41.1,161.1,,,,57.5,159.8,47.9,368.7,,,,141.2,329.6,225.6,700.6,,,,21.9,26.7,81.1,207.5,,,,378.5,776.9,835.7,578.6,,,,,,,,,,,,,,,,,,,,,,,,,377.2,55.1,200.3,103.4,,,,1175.8,1811.9,1535.1,1360.3,,,,252.4,1157.3,809.7,842.1,,,,330.6,1009.3,767.5,312.2,,,,321.0,796.5,870.2,562.4,,,,,,,,,,,,,,,,,,,,,,,,,,,,,,,,,,,,,,,,,,,,,,,,,,,,,,,,,,,,,,,,,,,,,,,,,,,,,,,,,,,,,,,,,,,,,,,,,,,,,,,,,,,,,,,,,,,,,,,,,,,,,,,,,,,,,,,,,,,,,,,,,,,,,,,,,,,,,,,,,,,,,,,,,,,,,,,,,,,,,,,,,,,,,,,,
20260925_小松島_8R,20260925,73,小松島,8,54.8,29.6,165.3,52.4,154.0,,,147.3,182.5,290.0,372.9,520.5,,,24.9,67.3,178.7,125.8,39.0,,,588.1,582.9,613.1,1289.7,1456.5,,,140.6,422.8,270.1,506.2,765.7,,,521.7,1117.9,305.5,1218.2,1244.5,,,,,,,,,,,,,,,,,37.3,15.8,93.3,20.0,95.8,,,46.3,44.6,30.9,28.4,162.6,,,24.8,58.1,109.7,35.3,51.9,,,163.4,79.8,141.5,129.6,331.7,,,15.0,19.2,17.1,48.2,85.6,,,328.4,482.9,213.7,580.0,324.9,,,,,,,,,,,,,,,,,190.9,252.7,298.0,526.4,828.9,,,102.9,62.8,49.9,106.7,324.0,,,215.2,118.3,101.6,423.9,267.3,,,156.6,51.7,57.5,228.4,292.6,,,704.9,324.9,932.7,569.3,1846.9,,,1722.8,1044.6,1068.8,1326.8,2380.0,,,,,,,,,,,,,,,,,40.7,91.2,233.5,190.5,48.3,,,69.4,137.4,333.6,165.4,148.8,,,192.7,181.6,218.6,449.1,237.3,,,559.6,558.3,311.7,1433.9,499.1,,,423.2,293.9,961.9,1244.5,734.0,,,116.3,160.8,222.5,365.0,434.3,,,,,,,,,,,,,,,,,1205.5,1066.3,1168.9,2509.4,2922.3,,,861.4,333.3,719.2,887.9,1581.2,,,434.3,192.3,254.6,580.7,716.9,,,1151.4,1019.2,471.1,2684.4,1326.8,,,2034.0,1338.3,1293.3,2885.8,3784.6,,,4086.1,2781.5,2623.4,2623.4,5771.6,,,,,,,,,,,,,,,,,211.4,666.2,450.9,1205.5,1358.0,,,90.6,105.5,87.3,248.1,408.6,,,793.3,355.4,898.3,905.3,2177.9,,,499.1,274.3,903.5,1438.4,925.3,,,1762.3,869.5,1094.1,2188.3,3664.5,,,2536.9,1350.0,3345.8,2079.8,3635.6,,,,,,,,,,,,,,,,,1592.1,3206.4,659.6,3664.5,3274.6,,,1513.8,2108.3,929.0,2417.4,1940.0,,,3420.2,2798.3,2219.8,2940.9,5073.9,,,519.9,828.9,1484.6,1782.7,2079.8,,,4482.8,3370.3,3228.8,2959.8,6325.0,,,3635.6,2343.8,4964.8,3098.8,5844.7,,,,,,,,,,,,,,,,,,,,,,,,,,,,,,,,,,,,,,,,,,,,,,,,,,,,,,,,,,,,,,,,,,,,,,,,,,,,,,,,,,,,,,,,,,,,,,,,,,,,,,,,,,,,,,,,,,,,,,,,,,,,,,,,
20260925_小松島_9R,20260925,73,小松島,9,1362.3,465.8,621.5,1478.2,238.5,,,1697.2,1436.1,847.2,2495.4,493.7,,,377.0,1153.5,567.0,1132.7,174.7,,,502.0,553.9,511.2,617.7,164.3,,,3383.1,3818.8,3316.3,2250.3,1072.5,,,64.9,146.1,52.4,51.2,192.8,,,,,,,,,,,,,,,,,1931.3,445.3,745.6,2016.3,341.0,,,2458.9,1369.7,1362.3,2545.8,1600.2,,,225.1,519.6,159.8,408.8,114.2,,,746.7,1002.1,386.8,573.4,388.6,,,3405.9,3600.6,1388.6,1486.9,1781.2,,,246.7,733.7,173.5,286.9,648.7,,,,,,,,,,,,,,,,,2260.4,1976.8,811.7,2558.8,842.9,,,2982.7,1714.5,1333.5,3092.5,1732.2,,,2145.0,1260.2,742.3,3294.6,1500.2,,,536.8,659.7,445.6,189.8,290.2,,,3600.6,3790.1,3111.6,838.7,2667.1,,,589.5,1177.7,1026.6,384.5,938.7,,,,,,,,,,,,,,,,,211.8,998.1,327.1,1532.1,199.4,,,108.1,347.4,79.3,358.2,58.4,,,1555.8,829.0,911.5,2653.0,1037.2,,,299.5,141.2,429.0,402.9,206.6,,,3190.4,1400.2,3600.6,1486.9,1826.3,,,103.4,84.2,457.0,158.7,558.8,,,,,,,,,,,,,,,,,402.9,311.7,361.0,223.1,140.3,,,450.8,379.5,249.0,229.7,196.9,,,187.2,246.4,213.3,45.8,90.4,,,350.0,188.3,248.9,146.9,179.8,,,206.9,146.4,76.3,134.0,79.4,,,53.2,77.7,59.6,101.5,48.6,,,,,,,,,,,,,,,,,4582.5,4624.6,5306.1,2831.9,2163.4,,,3847.9,4383.3,2754.5,2585.0,3907.6,,,5040.8,4667.4,4000.6,1197.3,4000.6,,,5306.1,2800.4,4846.9,2458.9,3452.6,,,1826.3,1229.4,898.5,1214.6,795.0,,,1768.7,3018.4,3600.6,2847.9,1143.0,,,,,,,,,,,,,,,,,13.7,43.7,10.5,11.3,41.7,,,36.3,146.3,30.5,60.2,122.5,,,108.3,189.6,170.4,62.2,178.6,,,21.4,18.0,114.6,48.1,132.2,,,23.9,40.0,37.6,44.7,20.6,,,173.2,234.3,314.2,256.4,109.0,,,,,,,,,,,,,,,,,,,,,,,,,,,,,,,,,,,,,,,,,,,,,,,,,,,,,,,,,,,,,,,,,,,,,,,,,,,,,,,,,,,,,,,,,,,,,,,,,,,,,,,,,,,,,,,,,,,,,,,,,,,,,,,,
20260925_小松島_10R,20260925,73,小松島,10,92.8,78.1,69.6,352.3,78.7,,,53.5,25.2,13.4,55.1,58.9,,,45.6,19.8,7.8,119.0,32.5,,,34.7,18.1,12.8,110.3,34.1,,,561.8,150.5,317.8,219.1,511.0,,,51.2,89.6,59.1,45.7,339.0,,,,,,,,,,,,,,,,,176.4,235.2,208.3,669.7,120.9,,,257.4,662.0,710.0,510.5,241.9,,,634.5,1037.3,1400.8,2062.3,648.8,,,797.1,1360.5,1423.9,2572.8,867.6,,,1276.9,813.3,2373.1,2840.0,1073.8,,,49.3,75.9,208.7,171.8,318.2,,,,,,,,,,,,,,,,,70.1,40.2,24.2,54.9,72.1,,,149.0,492.1,539.6,361.4,239.3,,,116.6,607.1,398.5,403.1,445.3,,,156.8,598.7,494.5,670.6,632.2,,,81.0,255.7,319.2,382.7,303.0,,,109.1,128.8,261.8,429.8,180.5,,,,,,,,,,,,,,,,,255.3,97.0,66.4,481.2,175.8,,,646.4,1237.4,1493.4,2572.8,743.5,,,205.9,929.7,521.8,785.0,716.8,,,296.6,1157.5,705.1,2240.1,1139.7,,,1408.4,2585.6,752.1,3511.6,2572.8,,,426.3,465.2,723.8,1252.3,1792.1,,,,,,,,,,,,,,,,,715.8,309.3,226.7,1246.3,652.1,,,1451.7,2969.8,2535.2,6114.3,1849.5,,,598.7,2406.1,1412.2,2395.0,2070.6,,,386.6,2498.6,1280.1,4092.3,2351.6,,,3396.8,6043.2,2840.0,6187.1,4682.1,,,1170.5,1896.8,2249.8,2824.5,4558.9,,,,,,,,,,,,,,,,,1681.9,588.5,1267.6,1037.3,2038.1,,,2320.1,1173.1,3821.4,5045.8,2259.6,,,383.8,633.0,680.2,1054.2,805.7,,,1497.7,3878.5,1211.4,4191.3,4260.0,,,3488.0,6261.7,2887.3,5145.7,5249.7,,,2547.6,2054.2,1455.8,3967.3,4295.2,,,,,,,,,,,,,,,,,54.3,111.3,113.0,98.4,562.4,,,29.7,50.0,160.3,120.0,273.6,,,187.4,181.3,376.0,491.2,475.5,,,307.8,449.5,591.9,911.7,1497.7,,,544.2,615.7,866.2,944.9,2749.8,,,1349.9,1045.7,933.0,1953.8,2510.7,,,,,,,,,,,,,,,,,,,,,,,,,,,,,,,,,,,,,,,,,,,,,,,,,,,,,,,,,,,,,,,,,,,,,,,,,,,,,,,,,,,,,,,,,,,,,,,,,,,,,,,,,,,,,,,,,,,,,,,,,,,,,,,,
20260925_小松島_11R,20260925,73,小松島,11,36.8,54.0,41.2,289.0,63.1,,,64.6,176.6,94.7,603.8,98.7,,,56.8,115.6,107.0,518.3,160.9,,,82.4,124.8,143.9,314.8,195.9,,,711.5,1132.3,848.9,429.2,906.5,,,109.5,81.1,253.0,162.4,538.4,,,,,,,,,,,,,,,,,27.7,41.2,37.4,167.9,40.6,,,28.9,70.4,32.3,140.2,16.3,,,94.6,156.8,193.6,419.5,195.1,,,62.4,55.6,161.0,97.2,80.1,,,211.0,192.4,438.9,105.0,330.9,,,50.9,21.3,114.9,63.3,194.7,,,,,,,,,,,,,,,,,75.3,286.4,156.2,597.9,111.5,,,45.6,135.8,54.9,235.3,26.5,,,538.8,396.7,673.6,1691.5,527.2,,,196.0,118.8,432.2,411.4,107.6,,,1321.1,616.3,1725.8,649.8,788.0,,,65.9,27.2,157.0,58.1,296.6,,,,,,,,,,,,,,,,,170.6,321.4,337.1,881.8,350.4,,,202.8,363.5,437.2,1136.1,421.8,,,835.4,694.1,1352.5,3261.6,1101.2,,,1043.9,872.8,1349.8,1867.6,1739.0,,,2184.9,1832.5,3277.3,2123.6,3569.0,,,809.6,725.9,1103.0,1670.8,2816.9,,,,,,,,,,,,,,,,,207.1,312.2,468.1,587.6,483.4,,,162.6,155.5,376.0,232.8,217.9,,,335.4,212.2,831.3,686.4,318.1,,,826.2,748.2,1219.4,1339.2,1535.3,,,623.6,271.8,515.6,856.3,581.1,,,581.1,344.2,370.6,1198.0,781.7,,,,,,,,,,,,,,,,,1001.0,2072.0,2279.9,1163.2,1687.3,,,411.8,382.9,1087.2,293.0,794.5,,,1993.2,990.8,2683.8,1271.8,1405.5,,,2694.4,1953.2,3425.5,2326.5,3325.3,,,905.3,424.9,826.2,1226.0,998.0,,,1638.6,1226.0,1462.8,3112.7,1221.6,,,,,,,,,,,,,,,,,106.4,115.6,237.9,229.4,508.7,,,73.5,33.9,169.1,98.9,294.8,,,63.2,24.9,139.4,50.8,292.6,,,415.9,403.1,492.5,813.4,1585.3,,,363.3,209.4,163.9,733.0,501.9,,,948.1,637.6,650.4,1630.8,512.5,,,,,,,,,,,,,,,,,,,,,,,,,,,,,,,,,,,,,,,,,,,,,,,,,,,,,,,,,,,,,,,,,,,,,,,,,,,,,,,,,,,,,,,,,,,,,,,,,,,,,,,,,,,,,,,,,,,,,,,,,,,,,,,,
20260925_小松島_12R,20260925,73,小松島,12,500.4,595.3,416.5,696.9,156.3,,,869.7,880.3,1666.2,2282.8,466.8,,,825.2,675.2,1461.7,1550.3,406.8,,,1129.5,2085.7,2152.8,1598.8,831.5,,,1428.1,2596.3,2147.5,2769.9,991.7,,,76.0,160.4,190.3,330.7,295.1,,,,,,,,,,,,,,,,,290.9,287.7,171.2,365.1,64.7,,,257.5,93.6,72.9,230.1,53.7,,,238.3,73.3,67.3,208.1,55.6,,,91.5,33.0,45.2,59.5,16.4,,,307.2,191.9,197.6,66.6,58.8,,,27.7,20.9,28.8,11.5,31.0,,,,,,,,,,,,,,,,,908.8,729.6,1616.6,2331.8,518.6,,,530.0,181.8,306.6,581.0,144.8,,,257.0,111.9,387.7,339.8,86.0,,,2247.4,819.7,1098.1,2701.1,942.3,,,2796.6,1061.9,1269.7,2643.6,1359.0,,,285.6,133.7,155.3,463.1,659.9,,,,,,,,,,,,,,,,,658.9,573.7,1193.1,1186.5,357.7,,,359.7,109.9,162.8,380.6,91.9,,,246.6,80.1,303.9,293.4,67.5,,,1653.5,603.5,813.6,1644.1,752.3,,,1512.6,755.0,856.9,1587.1,890.2,,,200.1,84.2,88.2,336.9,411.8,,,,,,,,,,,,,,,,,1587.1,3507.1,3051.8,4530.0,1564.3,,,797.9,424.4,569.2,632.1,209.2,,,3307.1,961.0,1672.6,3935.6,1376.2,,,3282.1,1145.9,1656.7,4008.1,1862.4,,,4370.7,1204.6,3669.9,3831.5,2350.7,,,1251.4,334.7,905.0,1382.7,1924.2,,,,,,,,,,,,,,,,,1384.9,3765.2,2735.1,3397.5,1525.9,,,883.9,607.8,727.8,403.9,271.2,,,4141.7,1105.1,1874.5,2861.0,1507.4,,,2499.3,1260.5,1899.0,2743.7,1702.0,,,3624.0,1064.5,3051.8,3479.0,2100.8,,,949.5,310.6,863.7,1153.5,1138.4,,,,,,,,,,,,,,,,,21.4,50.0,60.9,120.6,122.2,,,20.6,22.9,30.1,18.4,45.3,,,88.1,51.0,68.1,168.3,243.6,,,89.6,59.7,60.5,221.2,252.9,,,277.1,127.4,259.0,383.4,495.8,,,254.1,119.4,359.1,340.9,425.9,,,,,,,,,,,,,,,,,,,,,,,,,,,,,,,,,,,,,,,,,,,,,,,,,,,,,,,,,,,,,,,,,,,,,,,,,,,,,,,,,,,,,,,,,,,,,,,,,,,,,,,,,,,,,,,,,,,,,,,,,,,,,,,,
20260925_別府_1R,20260925,86,別府,1,482.5,686.7,905.8,443.3,512.6,,,354.9,169.1,210.6,727.3,288.3,,,820.2,348.2,815.7,529.1,490.5,,,1406.1,768.9,1025.3,1995.2,1135.7,,,761.0,1367.0,738.2,2381.3,745.6,,,292.3,216.8,368.1,357.4,650.4,,,,,,,,,,,,,,,,,340.1,531.0,781.1,236.2,375.6,,,461.3,95.1,77.2,118.9,127.7,,,677.2,114.3,242.0,178.7,211.8,,,1085.6,213.3,348.2,326.6,303.7,,,173.4,51.3,83.1,96.2,51.6,,,448.7,131.0,222.6,163.8,106.6,,,,,,,,,,,,,,,,,465.7,112.5,159.9,773.0,347.4,,,435.5,100.3,106.9,255.0,278.0,,,36.9,25.4,4.1,66.4,50.3,,,79.1,64.4,9.7,204.2,70.4,,,806.8,305.6,169.5,271.4,550.9,,,388.5,431.7,126.8,150.5,853.4,,,,,,,,,,,,,,,,,473.2,232.1,434.2,318.2,406.7,,,375.6,103.3,245.2,139.6,221.6,,,60.2,28.8,10.1,54.9,75.1,,,459.9,290.6,68.7,495.4,388.5,,,333.2,144.6,124.9,431.7,431.7,,,738.2,414.7,200.0,352.3,777.0,,,,,,,,,,,,,,,,,2271.4,997.6,1461.8,2839.3,1537.9,,,2109.2,633.6,940.4,1491.3,1011.2,,,306.9,301.9,59.6,738.2,271.9,,,946.4,741.9,118.9,1220.2,793.7,,,3209.6,2109.2,1697.0,1822.7,2839.3,,,1342.2,1144.5,636.4,853.4,3601.1,,,,,,,,,,,,,,,,,595.3,1251.2,1240.7,1800.5,1447.5,,,244.0,60.6,82.9,135.9,82.5,,,806.8,220.3,153.6,213.9,565.6,,,773.0,194.5,114.2,477.8,495.4,,,1917.4,785.3,793.7,1018.2,1077.7,,,1354.5,407.8,668.0,773.0,952.5,,,,,,,,,,,,,,,,,723.7,686.7,900.2,894.8,1367.0,,,922.7,277.5,502.1,347.4,354.9,,,806.8,412.4,210.9,167.5,713.2,,,1220.2,583.5,250.2,509.1,1127.0,,,1868.9,984.3,525.4,811.2,2636.5,,,2050.6,597.7,644.7,1230.3,793.7,,,,,,,,,,,,,,,,,,,,,,,,,,,,,,,,,,,,,,,,,,,,,,,,,,,,,,,,,,,,,,,,,,,,,,,,,,,,,,,,,,,,,,,,,,,,,,,,,,,,,,,,,,,,,,,,,,,,,,,,,,,,,,,,
20260925_別府_2R,20260925,86,別府,2,114.5,67.4,258.9,412.4,106.6,,,216.0,130.9,203.2,357.6,280.1,,,44.5,45.4,103.2,250.2,26.3,,,424.8,206.2,184.5,937.8,447.3,,,1151.0,776.7,827.5,1361.4,1110.6,,,108.8,173.4,44.0,450.5,688.1,,,,,,,,,,,,,,,,,41.6,49.9,85.4,115.2,49.7,,,45.1,96.2,39.6,49.3,120.1,,,47.7,135.4,185.6,289.0,127.1,,,108.7,80.4,187.5,220.1,310.3,,,258.9,202.2,455.4,328.8,477.7,,,92.2,318.1,191.8,538.7,452.1,,,,,,,,,,,,,,,,,170.8,91.8,105.5,188.1,148.6,,,124.7,144.0,66.9,78.9,350.7,,,108.8,86.1,56.1,93.8,557.7,,,42.6,25.5,22.2,12.7,191.5,,,100.1,83.7,193.5,32.0,368.0,,,328.8,719.3,891.6,458.7,731.8,,,,,,,,,,,,,,,,,58.8,64.4,90.8,262.6,21.7,,,92.3,176.8,237.5,455.4,231.0,,,141.3,97.0,71.9,104.7,562.7,,,171.0,279.4,146.0,467.1,575.5,,,904.3,633.0,703.3,1140.6,1889.7,,,105.2,346.8,684.3,989.1,1091.4,,,,,,,,,,,,,,,,,318.9,200.3,165.0,767.3,226.0,,,260.5,155.3,307.3,405.8,633.0,,,66.8,63.0,43.5,33.7,306.5,,,156.5,323.8,179.0,594.4,600.0,,,924.1,560.2,228.1,959.1,1291.9,,,636.2,1266.1,1082.1,1161.5,2260.9,,,,,,,,,,,,,,,,,1623.2,966.4,1688.1,1472.2,1644.2,,,973.9,557.7,1332.7,937.8,1644.2,,,534.2,382.5,827.5,209.9,1525.4,,,1889.7,1644.2,1130.4,1734.3,3956.5,,,1361.4,951.9,360.7,1278.8,2434.8,,,3165.2,3246.4,2302.0,3956.5,2877.5,,,,,,,,,,,,,,,,,275.8,669.8,135.7,1525.4,1278.8,,,360.7,1151.0,500.4,1947.8,1623.2,,,1151.0,2075.5,1602.6,1978.2,2388.8,,,208.9,605.7,1291.9,1889.7,1783.2,,,1861.9,3723.8,2260.9,2532.2,5064.4,,,3014.5,4220.3,3088.0,2813.5,4689.2,,,,,,,,,,,,,,,,,,,,,,,,,,,,,,,,,,,,,,,,,,,,,,,,,,,,,,,,,,,,,,,,,,,,,,,,,,,,,,,,,,,,,,,,,,,,,,,,,,,,,,,,,,,,,,,,,,,,,,,,,,,,,,,,
20260925_別府_3R,20260925,86,別府,3,631.0,359.1,487.0,1597.4,720.6,,,666.0,251.3,237.2,396.6,162.4,,,187.4,194.2,105.9,660.2,156.2,,,209.0,131.2,85.7,365.5,109.5,,,3263.4,1057.6,1554.0,1283.3,1343.7,,,575.4,128.1,182.3,156.8,527.5,,,,,,,,,,,,,,,,,1108.9,434.2,821.7,2115.2,1427.7,,,1033.6,401.4,1320.4,1183.6,543.9,,,169.2,122.1,172.1,503.1,135.5,,,852.3,1597.4,497.6,2966.7,1455.0,,,4966.1,2820.2,1857.2,6718.8,4860.4,,,1262.1,540.0,302.1,1248.3,2217.8,,,,,,,,,,,,,,,,,629.3,347.1,455.9,602.7,137.2,,,705.0,397.2,1320.4,899.3,332.0,,,209.7,199.6,348.7,275.5,65.3,,,530.0,1305.3,572.5,871.9,305.4,,,430.2,718.3,373.2,488.1,127.0,,,45.2,93.4,37.2,78.7,38.9,,,,,,,,,,,,,,,,,69.8,80.3,54.1,327.2,62.0,,,27.6,19.2,45.0,161.4,15.2,,,76.4,60.0,113.9,111.0,20.5,,,67.4,152.1,124.0,379.4,102.8,,,895.8,756.4,402.1,1159.6,478.9,,,42.0,28.4,16.5,59.6,150.0,,,,,,,,,,,,,,,,,350.9,224.1,158.2,667.9,188.0,,,849.2,1597.4,720.6,3217.4,1784.7,,,569.6,1410.1,698.5,1006.3,531.2,,,207.1,449.6,439.3,1401.4,382.6,,,2625.7,5711.0,2820.2,3684.5,2820.2,,,302.5,1189.8,392.5,402.1,1483.3,,,,,,,,,,,,,,,,,4393.1,2719.5,4479.2,3514.4,3514.4,,,5191.8,3569.4,2891.6,6174.1,4393.1,,,1857.2,2538.2,1554.0,2196.5,536.2,,,3626.0,2538.2,2134.9,4079.3,2430.2,,,4007.7,7138.8,3744.9,5711.0,4662.0,,,2538.2,3684.5,698.5,2785.8,2891.6,,,,,,,,,,,,,,,,,276.2,64.4,125.9,102.0,245.1,,,399.3,211.9,127.6,561.2,798.7,,,25.7,55.9,21.2,41.7,15.1,,,54.8,53.9,33.3,106.8,180.1,,,80.4,547.8,99.9,165.0,433.4,,,590.2,1483.3,162.1,636.3,681.9,,,,,,,,,,,,,,,,,,,,,,,,,,,,,,,,,,,,,,,,,,,,,,,,,,,,,,,,,,,,,,,,,,,,,,,,,,,,,,,,,,,,,,,,,,,,,,,,,,,,,,,,,,,,,,,,,,,,,,,,,,,,,,,,
20260925_別府_4R,20260925,86,別府,4,69.2,47.2,54.2,195.3,28.5,,,58.6,25.8,155.0,115.8,69.0,,,8.9,5.3,41.5,2.5,11.5,,,258.2,422.1,349.2,838.4,496.6,,,289.4,184.6,53.4,600.0,335.3,,,17.9,68.7,36.1,106.0,148.1,,,,,,,,,,,,,,,,,1041.8,464.5,1255.5,1868.9,576.0,,,1736.4,2186.0,2814.1,4080.5,1748.8,,,606.0,1813.5,2377.0,1800.2,1160.3,,,1654.2,2400.3,2880.3,4619.5,1194.3,,,3825.5,6617.1,3353.8,7651.0,4708.3,,,469.9,1112.8,705.5,689.6,1927.8,,,,,,,,,,,,,,,,,545.2,153.5,1102.8,659.9,724.3,,,1123.0,1367.7,1736.4,2166.6,1218.0,,,253.9,923.9,1520.7,797.5,1375.4,,,3308.5,3600.4,4619.5,4295.3,4080.5,,,2186.0,3825.5,2448.3,4533.9,4800.6,,,1242.8,1539.8,2110.6,3221.4,3709.6,,,,,,,,,,,,,,,,,71.9,59.9,160.2,32.2,85.5,,,415.6,1474.9,1883.3,1367.7,923.9,,,374.3,1255.5,2424.0,1033.0,1511.3,,,1457.3,2814.1,5440.7,5829.3,5440.7,,,287.0,1345.2,1041.8,3022.6,1375.4,,,431.0,874.4,1457.3,2266.9,1676.9,,,,,,,,,,,,,,,,,3400.4,7897.8,3179.6,6617.1,6120.8,,,2949.8,6995.2,5209.2,8744.0,2782.2,,,5693.8,5564.4,9999.9,7897.8,9999.9,,,3654.2,7419.2,9999.9,9999.9,9999.9,,,9416.6,9999.9,8161.1,9067.9,9999.9,,,5829.3,3654.2,9067.9,9793.3,9999.9,,,,,,,,,,,,,,,,,3497.6,2448.3,626.1,4708.3,3766.6,,,5971.5,6995.2,4221.2,8744.0,9067.9,,,3400.4,6442.9,4372.0,8744.0,8744.0,,,693.5,2985.7,2661.2,6800.9,4896.6,,,8744.0,9999.9,9999.9,9999.9,9999.9,,,5322.4,7897.8,9999.9,8442.5,9999.9,,,,,,,,,,,,,,,,,288.0,525.3,213.0,1275.1,991.2,,,399.4,707.6,634.2,769.9,2110.6,,,1015.9,1736.4,1912.7,3825.5,4451.5,,,397.4,1160.3,1610.7,3264.4,1958.6,,,3022.6,2006.8,3948.9,4013.6,4619.5,,,2985.7,5440.7,4295.3,3886.2,7419.2,,,,,,,,,,,,,,,,,,,,,,,,,,,,,,,,,,,,,,,,,,,,,,,,,,,,,,,,,,,,,,,,,,,,,,,,,,,,,,,,,,,,,,,,,,,,,,,,,,,,,,,,,,,,,,,,,,,,,,,,,,,,,,,,
20260925_別府_5R,20260925,86,別府,5,2862.1,2680.9,3850.8,1908.0,6418.1,,,3069.5,784.4,2901.3,442.1,3715.7,,,1580.5,725.3,2647.4,312.8,2680.9,,,5430.7,6618.6,4412.4,2983.0,9999.9,,,692.1,235.0,188.4,1384.2,967.1,,,6051.3,8824.9,6618.6,9999.9,3472.0,,,,,,,,,,,,,,,,,5573.6,3996.1,9208.5,2901.3,6229.3,,,6229.3,4235.9,9999.9,2277.3,7844.3,,,2786.8,3309.3,7059.9,1203.3,6618.6,,,7303.3,9999.9,9999.9,5573.6,8824.9,,,1874.3,1750.3,1075.1,4073.0,4235.9,,,5042.8,9208.5,8824.9,7303.3,6051.3,,,,,,,,,,,,,,,,,2056.2,573.9,2941.6,329.9,3361.8,,,3589.7,3114.6,6832.1,1411.9,5294.9,,,424.4,1431.0,1925.4,149.2,2056.2,,,5724.2,8471.9,5883.2,3069.5,9999.9,,,101.6,258.6,68.2,641.8,469.6,,,7059.9,9999.9,5042.8,9999.9,2680.9,,,,,,,,,,,,,,,,,536.1,248.8,1291.4,146.8,1023.1,,,1048.5,1357.6,3069.5,613.9,2941.6,,,192.8,655.7,1210.2,97.1,949.7,,,2117.9,3209.0,2462.7,1126.5,3416.0,,,49.3,150.2,39.7,275.7,247.4,,,2614.7,4073.0,3069.5,3782.1,1431.0,,,,,,,,,,,,,,,,,9208.5,4322.4,3850.8,3850.8,8471.9,,,8146.0,9999.9,7564.2,6051.3,6418.1,,,4322.4,9999.9,3850.8,5165.7,9999.9,,,1908.0,6832.1,3114.6,2941.6,6832.1,,,3472.0,5724.2,2862.1,2582.8,5430.7,,,9999.9,9999.9,9999.9,8824.9,7564.2,,,,,,,,,,,,,,,,,33.0,9.5,10.0,156.1,91.6,,,80.9,68.8,57.7,532.1,298.7,,,7.4,27.9,5.4,105.1,59.1,,,6.9,29.1,4.7,93.9,67.2,,,402.6,699.0,304.7,230.2,882.4,,,145.6,333.0,142.8,113.3,647.6,,,,,,,,,,,,,,,,,7844.3,8824.9,5165.7,9999.9,3850.8,,,7564.2,8146.0,8471.9,9208.5,6051.3,,,8824.9,8824.9,7303.3,9999.9,3850.8,,,3922.1,8146.0,9999.9,7303.3,3651.6,,,9999.9,6832.1,9999.9,9627.1,7564.2,,,2941.6,4706.6,2862.1,2614.7,5430.7,,,,,,,,,,,,,,,,,,,,,,,,,,,,,,,,,,,,,,,,,,,,,,,,,,,,,,,,,,,,,,,,,,,,,,,,,,,,,,,,,,,,,,,,,,,,,,,,,,,,,,,,,,,,,,,,,,,,,,,,,,,,,,,,
20260925_別府_6R,20260925,86,別府,6,4735.2,5892.7,6166.7,9143.8,9999.9,,,7799.1,3682.9,5524.4,9999.9,9999.9,,,5099.4,2882.3,6026.6,2008.8,5411.6,,,8553.9,9999.9,8839.0,9999.9,9999.9,,,7365.8,9999.9,3957.7,9999.9,9999.9,,,9999.9,9999.9,9143.8,9999.9,9999.9,,,,,,,,,,,,,,,,,5199.4,5524.4,9143.8,9999.9,9999.9,,,9999.9,1133.2,9821.1,2008.8,9999.9,,,3233.8,841.8,2525.4,649.9,3156.8,,,8839.0,9999.9,5099.4,9999.9,8553.9,,,9999.9,2121.3,993.1,7576.3,9470.4,,,9470.4,9999.9,8035.5,9999.9,9999.9,,,,,,,,,,,,,,,,,8035.5,3156.8,7576.3,9470.4,9999.9,,,7576.3,1064.9,7166.8,1710.7,7166.8,,,1233.3,466.0,957.3,202.7,662.9,,,9999.9,9999.9,3356.6,5892.7,9999.9,,,4821.3,1250.8,414.9,3682.9,3443.7,,,9999.9,9470.4,3843.0,9999.9,7166.8,,,,,,,,,,,,,,,,,287.9,199.0,493.8,162.9,441.9,,,163.4,21.4,109.6,19.0,78.7,,,75.6,8.2,38.9,3.7,20.5,,,418.2,157.9,90.8,70.6,278.2,,,59.8,6.6,3.6,35.2,15.1,,,286.0,76.8,50.5,218.7,39.5,,,,,,,,,,,,,,,,,9999.9,9999.9,8286.6,9470.4,9999.9,,,9999.9,9999.9,4735.2,9999.9,9999.9,,,9999.9,9999.9,5099.4,6799.2,9999.9,,,4276.9,4821.3,3233.8,2071.6,7365.8,,,9999.9,9143.8,4910.5,2791.2,9999.9,,,9999.9,9999.9,9999.9,9999.9,9999.9,,,,,,,,,,,,,,,,,5099.4,4419.5,2882.3,9999.9,9999.9,,,4276.9,1256.7,728.4,5099.4,4017.7,,,3734.8,722.5,305.8,3194.8,1921.5,,,764.1,230.5,118.8,601.2,476.0,,,9999.9,9821.1,6467.6,2266.4,9999.9,,,9999.9,5892.7,4571.9,2024.2,9999.9,,,,,,,,,,,,,,,,,9999.9,9999.9,7799.1,9999.9,9999.9,,,9999.9,9999.9,9821.1,9999.9,9999.9,,,9999.9,9999.9,4735.2,9999.9,9999.9,,,8553.9,6978.2,4017.7,8839.0,2455.2,,,9999.9,9999.9,9999.9,9999.9,9999.9,,,9999.9,9999.9,9999.9,2410.6,9999.9,,,,,,,,,,,,,,,,,,,,,,,,,,,,,,,,,,,,,,,,,,,,,,,,,,,,,,,,,,,,,,,,,,,,,,,,,,,,,,,,,,,,,,,,,,,,,,,,,,,,,,,,,,,,,,,,,,,,,,,,,,,,,,,,
20260925_別府_7R,20260925,86,別府,7,1509.9,825.9,1262.1,3969.7,961.4,,,1447.7,479.7,1183.2,1922.8,452.4,,,435.6,325.9,378.6,935.8,68.8,,,1745.5,1733.2,908.2,3196.4,1012.8,,,5469.4,2590.7,2237.5,4475.0,3281.6,,,535.0,248.3,78.1,472.4,1337.6,,,,,,,,,,,,,,,,,1390.5,771.5,804.3,2796.8,908.2,,,939.4,428.7,195.9,372.9,261.0,,,300.1,518.1,245.1,1029.8,206.8,,,296.8,131.7,97.5,396.3,91.4,,,3076.5,609.2,1398.4,1051.8,1439.3,,,484.4,241.2,135.9,145.6,715.4,,,,,,,,,,,,,,,,,992.4,343.2,932.2,848.7,299.0,,,791.3,315.1,188.3,290.5,270.1,,,108.5,244.1,179.0,127.7,38.3,,,869.7,249.8,214.5,311.9,237.3,,,398.2,111.1,59.7,112.3,49.1,,,117.2,153.7,31.8,138.3,73.5,,,,,,,,,,,,,,,,,166.6,187.0,166.8,496.2,19.4,,,254.7,604.7,266.3,1160.9,176.9,,,222.7,344.7,278.4,342.7,87.8,,,423.6,370.1,345.1,1200.6,190.9,,,1113.6,1745.5,375.7,1685.7,466.1,,,8.9,57.8,33.3,44.2,138.8,,,,,,,,,,,,,,,,,1674.3,2646.5,1482.6,4034.8,1491.6,,,527.0,332.6,238.2,679.9,254.2,,,1697.4,498.2,383.3,911.5,539.7,,,711.3,388.2,445.0,1721.1,339.9,,,3969.7,1674.3,1098.7,2618.3,2085.8,,,734.7,363.5,402.1,286.1,1528.7,,,,,,,,,,,,,,,,,6836.8,2121.7,3196.4,5593.7,4317.9,,,4643.8,649.4,1758.0,1937.9,2217.3,,,759.6,229.8,143.2,243.2,128.5,,,1491.6,2197.5,332.6,1758.0,627.8,,,5350.5,2178.0,743.5,1745.5,2486.1,,,2001.0,1809.7,260.1,449.1,1809.7,,,,,,,,,,,,,,,,,215.7,77.4,30.8,177.7,423.6,,,299.7,200.4,98.2,135.1,564.5,,,51.5,106.1,22.3,85.0,83.8,,,6.2,42.0,12.9,28.8,66.1,,,263.2,168.3,148.6,102.8,581.8,,,601.7,736.9,139.2,191.5,721.7,,,,,,,,,,,,,,,,,,,,,,,,,,,,,,,,,,,,,,,,,,,,,,,,,,,,,,,,,,,,,,,,,,,,,,,,,,,,,,,,,,,,,,,,,,,,,,,,,,,,,,,,,,,,,,,,,,,,,,,,,,,,,,,,
20260925_別府_8R,20260925,86,別府,8,673.7,619.7,504.3,419.0,813.5,,,680.7,233.7,271.7,186.3,306.6,,,393.3,149.0,191.9,83.9,64.2,,,521.3,279.8,264.8,266.7,418.4,,,237.3,70.3,80.3,131.3,82.5,,,574.9,255.3,98.5,269.2,190.1,,,,,,,,,,,,,,,,,571.2,689.6,437.2,733.9,736.0,,,465.0,314.6,268.4,616.8,250.7,,,507.2,294.5,256.6,567.5,198.6,,,167.0,130.2,159.3,435.7,165.1,,,686.0,1194.3,772.8,1076.9,1428.0,,,373.2,224.7,215.7,287.4,966.0,,,,,,,,,,,,,,,,,666.9,272.8,180.7,235.4,246.2,,,552.0,648.8,232.7,644.0,438.6,,,153.2,460.1,148.0,486.6,92.9,,,199.3,280.1,230.6,719.9,228.2,,,271.4,966.0,613.9,597.1,678.9,,,136.7,465.0,100.1,194.4,523.4,,,,,,,,,,,,,,,,,224.3,82.2,90.8,46.6,36.3,,,339.4,385.8,152.5,275.4,208.0,,,126.5,355.0,127.3,306.2,67.7,,,110.9,179.8,137.3,363.4,87.4,,,40.1,188.2,129.8,201.5,65.6,,,10.5,63.8,14.5,22.8,28.1,,,,,,,,,,,,,,,,,519.2,338.1,370.0,391.0,508.2,,,260.9,189.5,240.4,647.2,287.8,,,286.8,295.5,300.6,999.1,397.5,,,292.2,385.2,313.9,1059.5,251.9,,,568.7,1340.6,1199.8,1167.8,1327.0,,,483.9,545.1,441.6,259.3,1320.4,,,,,,,,,,,,,,,,,243.5,70.4,71.6,102.2,85.5,,,763.8,1090.3,462.6,823.7,1205.3,,,277.7,1137.5,562.6,915.5,842.1,,,96.6,260.9,260.6,390.4,113.2,,,309.5,1022.4,702.5,796.2,1104.0,,,220.4,884.7,408.0,191.6,708.2,,,,,,,,,,,,,,,,,354.1,149.2,59.2,233.9,195.6,,,363.9,328.8,176.5,417.0,948.6,,,133.6,412.5,67.9,182.6,423.1,,,17.5,77.8,19.9,41.1,39.9,,,299.2,454.6,223.4,123.7,746.4,,,192.2,861.5,330.5,128.2,507.2,,,,,,,,,,,,,,,,,,,,,,,,,,,,,,,,,,,,,,,,,,,,,,,,,,,,,,,,,,,,,,,,,,,,,,,,,,,,,,,,,,,,,,,,,,,,,,,,,,,,,,,,,,,,,,,,,,,,,,,,,,,,,,,,
20260925_別府_9R,20260925,86,別府,9,433.1,66.4,211.3,935.4,68.9,,,804.1,867.5,493.7,1909.9,280.6,,,80.7,489.3,314.3,996.4,74.1,,,324.7,516.9,377.7,611.1,218.6,,,3022.2,3571.8,3437.8,2272.9,1740.6,,,20.6,76.8,29.2,40.0,291.6,,,,,,,,,,,,,,,,,473.3,86.4,382.5,1502.8,117.2,,,553.3,175.4,338.2,916.7,331.3,,,28.6,49.0,31.6,127.2,13.8,,,776.9,481.6,219.3,632.2,387.3,,,3667.0,3235.6,929.1,2291.9,2391.5,,,92.9,212.3,43.8,181.5,772.5,,,,,,,,,,,,,,,,,916.7,965.0,635.1,2330.7,298.6,,,954.9,287.0,349.4,833.4,365.7,,,650.1,207.8,221.7,1267.4,261.4,,,391.2,191.5,202.6,102.5,110.9,,,3716.6,2291.9,3313.5,816.1,2083.5,,,298.2,293.2,344.6,161.9,1018.6,,,,,,,,,,,,,,,,,76.8,307.6,258.4,935.4,54.6,,,20.2,29.5,18.7,154.2,9.6,,,333.7,111.8,89.4,835.9,144.5,,,360.4,141.3,121.1,288.5,230.7,,,2523.1,1007.4,2099.4,1599.0,1267.4,,,47.2,27.3,102.8,107.8,431.0,,,,,,,,,,,,,,,,,846.2,339.5,1003.7,516.0,306.2,,,985.7,427.7,500.0,948.3,419.8,,,232.4,241.2,249.3,102.9,156.0,,,1037.8,406.8,313.6,648.6,639.6,,,480.8,887.1,192.4,1091.3,393.4,,,336.6,485.0,252.3,679.0,383.5,,,,,,,,,,,,,,,,,6111.7,6111.7,5978.8,3618.7,3274.1,,,6548.3,4508.6,2957.2,4911.2,3767.5,,,6250.6,4365.5,5093.1,1175.3,3819.8,,,5729.7,3161.2,7237.5,5000.5,3395.4,,,2895.0,3354.0,892.9,4911.2,2236.0,,,3526.0,3481.3,4167.1,3618.7,3055.8,,,,,,,,,,,,,,,,,26.2,81.2,32.1,49.9,276.9,,,70.9,206.1,47.0,154.6,612.5,,,252.7,312.8,309.7,185.4,1180.3,,,68.4,41.9,151.5,153.8,542.4,,,231.3,246.8,167.2,298.2,521.8,,,1315.9,1666.8,2619.3,1536.4,1527.9,,,,,,,,,,,,,,,,,,,,,,,,,,,,,,,,,,,,,,,,,,,,,,,,,,,,,,,,,,,,,,,,,,,,,,,,,,,,,,,,,,,,,,,,,,,,,,,,,,,,,,,,,,,,,,,,,,,,,,,,,,,,,,,,
20260925_別府_10R,20260925,86,別府,10,932.9,816.3,712.4,1722.3,409.2,,,628.1,219.9,377.6,1536.6,542.3,,,478.5,141.4,265.4,952.7,256.7,,,253.4,191.4,178.1,148.0,163.6,,,2656.5,2374.7,2009.4,875.6,1771.0,,,182.3,337.0,194.4,266.3,1059.0,,,,,,,,,,,,,,,,,1306.1,1044.9,1088.4,2929.6,356.2,,,840.4,217.2,671.2,1567.3,143.9,,,682.9,247.6,580.5,1328.2,118.8,,,1011.1,1263.9,1001.5,1144.0,345.2,,,4415.0,3444.7,3198.6,2035.5,1357.0,,,98.0,58.4,46.0,75.7,233.0,,,,,,,,,,,,,,,,,494.4,163.6,228.1,1024.4,264.0,,,368.3,80.7,222.9,647.6,74.7,,,33.6,26.2,37.3,121.5,19.2,,,221.5,268.3,136.5,298.2,203.0,,,1703.6,1591.2,803.7,1017.7,1253.8,,,146.4,44.4,35.1,131.4,405.0,,,,,,,,,,,,,,,,,646.3,148.1,412.4,1529.1,340.7,,,590.3,172.5,469.2,1103.7,139.6,,,48.3,66.3,91.8,307.6,37.9,,,631.9,623.2,309.1,863.5,480.7,,,2448.9,2223.1,1263.9,1667.3,1667.3,,,242.8,84.4,67.7,270.2,762.7,,,,,,,,,,,,,,,,,255.8,227.6,169.9,138.7,163.1,,,760.8,1191.9,895.6,1041.4,492.1,,,340.7,791.5,270.2,336.3,492.8,,,336.3,706.0,340.3,607.5,374.5,,,260.3,418.5,434.7,317.2,249.9,,,201.2,258.6,307.6,204.3,244.1,,,,,,,,,,,,,,,,,4975.7,4018.8,3822.8,1088.4,3299.6,,,5499.4,4415.0,4609.8,2392.9,3134.7,,,3776.7,4071.0,2725.8,2411.3,3483.0,,,3967.9,4071.0,2356.9,2612.2,3483.0,,,787.6,1615.8,1658.5,1471.6,1092.2,,,2985.4,2875.8,2468.2,2849.7,1583.1,,,,,,,,,,,,,,,,,76.0,167.4,102.1,124.4,480.0,,,22.3,11.5,9.6,22.1,130.3,,,127.4,33.2,22.2,97.3,387.0,,,91.6,32.3,25.6,107.7,343.3,,,93.7,80.8,113.0,110.9,133.8,,,1119.5,629.4,1165.3,1011.1,560.7,,,,,,,,,,,,,,,,,,,,,,,,,,,,,,,,,,,,,,,,,,,,,,,,,,,,,,,,,,,,,,,,,,,,,,,,,,,,,,,,,,,,,,,,,,,,,,,,,,,,,,,,,,,,,,,,,,,,,,,,,,,,,,,,
20260925_別府_11R,20260925,86,別府,11,627.4,202.0,917.0,1456.0,587.8,,,640.0,216.7,617.2,1033.8,844.0,,,54.8,47.0,96.0,293.9,28.2,,,1074.6,745.0,355.5,2630.9,1145.6,,,3205.7,3027.6,1808.0,5155.2,4286.4,,,588.7,778.5,178.6,1017.3,2429.8,,,,,,,,,,,,,,,,,870.9,264.0,1343.2,2073.3,799.7,,,844.0,473.3,640.0,883.0,1658.6,,,199.6,328.8,510.6,895.5,476.8,,,1557.1,781.7,887.1,1710.7,2414.4,,,3260.5,1851.8,1897.9,2217.9,4015.6,,,1734.0,2649.2,1089.9,3126.9,4058.4,,,,,,,,,,,,,,,,,698.6,304.2,531.3,1068.5,863.0,,,671.6,487.2,288.3,306.4,1602.8,,,115.7,248.2,112.7,323.5,551.2,,,205.6,207.2,124.8,145.1,411.5,,,970.7,349.0,874.9,280.5,2326.1,,,2119.3,4015.6,1907.4,2369.5,4015.6,,,,,,,,,,,,,,,,,13.2,4.7,19.6,61.0,5.4,,,41.1,38.5,75.3,89.6,105.1,,,16.7,19.7,10.8,24.3,82.9,,,45.2,73.8,21.9,152.4,117.9,,,433.0,319.7,252.3,525.4,775.3,,,81.2,222.1,272.8,374.3,671.6,,,,,,,,,,,,,,,,,1138.7,718.4,356.1,2369.5,1112.2,,,1402.5,863.0,688.6,1550.7,2326.1,,,266.5,382.2,125.0,254.1,478.6,,,151.3,376.2,113.1,709.0,338.2,,,3932.8,2084.6,1177.4,2805.0,4890.8,,,3346.4,4384.9,3598.9,2509.8,6692.8,,,,,,,,,,,,,,,,,6812.3,4541.5,4435.9,8293.2,9999.9,,,5449.8,2257.3,2890.0,2846.9,4890.8,,,4146.6,2155.3,2526.4,1851.8,6465.9,,,3740.0,2724.9,2526.4,4954.4,5019.6,,,6812.3,3288.7,2107.6,6692.8,9537.2,,,9999.9,7785.5,9083.0,7197.9,9999.9,,,,,,,,,,,,,,,,,2155.3,3051.9,521.1,3932.8,5528.8,,,2649.2,4954.4,1507.8,3532.3,4652.3,,,3598.9,5086.5,2612.9,5373.0,6692.8,,,486.5,1093.0,1726.1,2167.5,3633.2,,,4954.4,7336.3,4058.4,3598.9,9999.9,,,9083.0,7336.3,8871.8,5780.1,9999.9,,,,,,,,,,,,,,,,,,,,,,,,,,,,,,,,,,,,,,,,,,,,,,,,,,,,,,,,,,,,,,,,,,,,,,,,,,,,,,,,,,,,,,,,,,,,,,,,,,,,,,,,,,,,,,,,,,,,,,,,,,,,,,,,
20260925_熊本_1R,20260925,87,熊本,1,378.3,114.1,129.7,960.6,205.0,,,542.4,238.1,453.7,349.6,255.9,,,63.0,94.1,51.9,187.6,28.5,,,121.8,286.6,106.9,548.9,162.5,,,1790.7,598.8,655.2,1142.0,731.9,,,188.2,155.1,72.2,124.6,267.3,,,,,,,,,,,,,,,,,318.8,102.8,99.7,846.0,249.5,,,470.5,280.9,167.5,308.1,1030.4,,,71.7,145.1,42.0,378.3,258.8,,,33.4,41.8,22.7,131.3,125.3,,,1322.1,745.2,1053.9,627.3,2249.3,,,796.7,1392.0,705.3,608.7,2235.6,,,,,,,,,,,,,,,,,547.3,378.3,455.4,415.8,486.0,,,508.8,386.6,201.1,305.8,1075.4,,,271.2,421.5,362.7,359.5,784.8,,,286.1,132.9,239.6,220.4,519.5,,,224.2,269.6,259.4,193.9,368.1,,,1111.1,2107.9,1563.0,1549.9,1145.6,,,,,,,,,,,,,,,,,35.2,67.9,31.6,172.1,24.1,,,49.4,114.2,31.7,336.8,148.3,,,159.3,240.7,229.6,273.0,506.7,,,46.1,32.5,115.3,273.0,153.9,,,441.7,834.5,445.5,647.1,960.6,,,162.5,383.4,621.0,358.4,840.2,,,,,,,,,,,,,,,,,29.7,121.6,36.3,333.2,145.2,,,13.4,23.5,10.5,84.7,87.2,,,132.7,65.6,123.0,170.7,470.5,,,34.1,21.3,83.1,286.1,204.7,,,522.5,269.2,382.2,511.6,1075.4,,,449.8,335.0,830.8,564.0,1487.4,,,,,,,,,,,,,,,,,2395.3,1030.4,1371.3,1646.8,1549.9,,,2182.7,960.6,1381.5,1005.1,3126.1,,,441.2,533.0,391.1,332.9,689.5,,,859.8,1322.1,810.7,1242.0,2235.6,,,1537.0,781.5,706.6,1322.1,2773.5,,,2673.0,3546.9,1951.7,2859.5,3235.8,,,,,,,,,,,,,,,,,630.5,595.9,260.5,478.4,774.9,,,886.7,2182.7,1209.4,1078.6,3048.6,,,1056.9,2379.9,2095.9,1817.1,1835.2,,,350.6,1145.6,1731.8,1124.6,2732.4,,,793.3,945.8,1524.3,1186.1,2426.8,,,1951.7,3652.3,2364.6,3688.8,3207.6,,,,,,,,,,,,,,,,,,,,,,,,,,,,,,,,,,,,,,,,,,,,,,,,,,,,,,,,,,,,,,,,,,,,,,,,,,,,,,,,,,,,,,,,,,,,,,,,,,,,,,,,,,,,,,,,,,,,,,,,,,,,,,,,
20260925_熊本_2R,20260925,87,熊本,2,656.2,282.3,518.2,1941.8,208.9,,,980.9,317.8,2674.6,2779.4,894.3,,,156.0,67.8,579.7,675.0,128.3,,,1865.1,3993.0,2164.1,4572.7,1583.8,,,4725.1,4572.7,3258.7,5906.4,3588.7,,,145.6,368.1,129.2,510.8,1090.4,,,,,,,,,,,,,,,,,522.1,182.7,310.1,1638.7,126.5,,,630.0,209.2,368.1,1038.4,165.0,,,143.0,105.1,166.2,833.8,49.3,,,277.4,239.8,135.1,365.8,21.7,,,4050.1,3588.7,2402.6,1376.2,888.7,,,35.3,33.7,11.5,6.2,141.4,,,,,,,,,,,,,,,,,1687.5,496.5,3150.0,2835.0,1389.7,,,1718.2,445.0,1147.8,2054.4,570.4,,,206.7,282.3,764.1,525.9,300.3,,,4108.8,2232.3,1968.8,3081.6,2115.7,,,4647.6,3415.7,2025.0,4973.8,3634.7,,,1030.9,512.6,419.3,1446.4,1902.7,,,,,,,,,,,,,,,,,152.1,52.3,419.3,595.6,92.7,,,237.4,165.1,358.4,1005.3,135.3,,,58.7,111.0,387.3,291.3,100.4,,,1446.4,770.4,828.9,2084.6,694.8,,,2010.6,2214.9,1431.8,3937.6,2197.7,,,98.3,89.3,85.0,316.4,670.2,,,,,,,,,,,,,,,,,2268.0,4888.0,2444.0,4805.2,1928.6,,,1206.4,1171.5,518.2,1152.4,108.2,,,5906.4,2444.0,2863.7,5062.6,2268.0,,,2953.2,869.6,1840.9,5452.0,938.7,,,7460.7,4361.6,8338.4,7460.7,3780.1,,,1069.8,140.4,1201.3,638.5,2039.6,,,,,,,,,,,,,,,,,6300.1,6593.2,3780.1,7662.3,5250.1,,,5906.4,6163.2,3296.6,3258.7,1817.3,,,7087.7,8100.2,4500.1,9999.9,6750.1,,,3993.0,4295.5,3258.7,8338.4,5154.6,,,9776.1,7875.2,8591.1,9450.2,5558.9,,,3993.0,1575.0,5250.1,3375.0,3730.3,,,,,,,,,,,,,,,,,64.0,185.9,48.2,216.9,403.2,,,24.0,32.6,8.1,5.9,119.5,,,274.9,157.2,89.9,372.0,785.3,,,41.1,29.6,37.4,103.6,315.0,,,406.1,52.4,330.4,194.3,614.9,,,880.4,696.5,1610.8,1152.4,1376.2,,,,,,,,,,,,,,,,,,,,,,,,,,,,,,,,,,,,,,,,,,,,,,,,,,,,,,,,,,,,,,,,,,,,,,,,,,,,,,,,,,,,,,,,,,,,,,,,,,,,,,,,,,,,,,,,,,,,,,,,,,,,,,,,
20260925_熊本_3R,20260925,87,熊本,3,1238.2,1891.5,1589.3,3902.8,1284.6,,,1085.6,972.6,813.5,1771.9,573.0,,,1771.9,1063.1,1014.2,2802.9,610.5,,,1268.8,634.4,744.7,2156.1,159.9,,,5054.5,3146.1,3464.3,4468.4,2993.4,,,486.3,226.2,229.2,91.1,1101.1,,,,,,,,,,,,,,,,,873.4,1722.4,1358.2,3280.0,914.9,,,185.1,75.1,46.6,17.7,48.4,,,1489.4,280.0,606.9,888.5,794.6,,,569.9,80.3,405.6,549.5,169.5,,,2657.9,210.7,898.9,1213.8,1401.4,,,397.8,133.8,392.7,175.6,493.3,,,,,,,,,,,,,,,,,434.8,638.3,561.6,786.5,422.9,,,115.4,43.1,38.5,22.9,26.2,,,460.1,134.5,236.8,230.2,251.0,,,266.9,60.8,139.8,153.0,74.4,,,407.8,67.0,187.0,225.0,211.9,,,145.4,89.8,161.8,67.7,205.2,,,,,,,,,,,,,,,,,1549.3,880.9,863.6,1675.6,529.7,,,1274.0,396.8,786.5,1101.1,824.3,,,289.7,178.0,231.4,199.6,197.2,,,686.6,637.0,410.0,1141.9,305.5,,,2015.1,1549.3,800.8,2141.1,1447.5,,,185.5,344.1,191.2,167.4,392.7,,,,,,,,,,,,,,,,,452.0,239.7,426.4,1263.6,86.5,,,436.1,47.3,193.1,336.9,112.4,,,180.9,47.7,97.5,56.7,50.5,,,545.7,350.3,233.5,786.5,220.0,,,2335.7,951.6,450.7,1070.5,720.3,,,18.5,49.5,22.0,67.4,154.0,,,,,,,,,,,,,,,,,5225.8,3211.7,4342.6,4534.1,4223.6,,,3670.5,370.1,1526.3,2908.7,2466.6,,,1722.4,229.9,462.9,784.5,788.5,,,3503.6,2156.1,972.6,3388.1,2250.5,,,4282.2,2993.4,1447.5,3543.9,2097.4,,,2612.9,2612.9,1440.7,2828.6,1640.0,,,,,,,,,,,,,,,,,160.5,54.8,65.8,21.6,524.3,,,242.0,100.9,314.2,105.9,481.0,,,80.2,86.7,118.0,33.8,182.3,,,169.2,489.4,188.9,122.0,901.5,,,11.3,52.5,14.8,36.2,195.1,,,873.4,1306.4,568.8,1328.9,520.8,,,,,,,,,,,,,,,,,,,,,,,,,,,,,,,,,,,,,,,,,,,,,,,,,,,,,,,,,,,,,,,,,,,,,,,,,,,,,,,,,,,,,,,,,,,,,,,,,,,,,,,,,,,,,,,,,,,,,,,,,,,,,,,,
20260925_熊本_4R,20260925,87,熊本,4,928.1,1193.3,415.4,3060.1,624.3,,,868.1,880.5,442.1,430.4,320.2,,,978.0,676.3,715.4,1670.6,116.8,,,413.1,424.5,819.8,959.8,239.7,,,3815.7,828.6,2575.6,1320.8,903.7,,,178.1,69.2,37.5,54.0,204.1,,,,,,,,,,,,,,,,,1037.1,1246.2,468.2,2597.2,674.8,,,1099.9,1343.7,469.7,1349.6,800.7,,,936.5,1355.5,507.5,1507.6,428.6,,,158.9,134.4,158.6,306.0,60.8,,,3679.4,1850.7,2711.1,978.0,2759.5,,,236.6,531.9,172.3,113.1,1047.7,,,,,,,,,,,,,,,,,919.8,780.4,657.6,626.9,396.2,,,1054.8,1430.8,560.9,766.9,673.3,,,833.0,1451.0,717.1,919.8,322.9,,,624.3,300.0,574.4,284.8,287.2,,,399.3,505.0,554.8,237.2,266.4,,,187.3,469.7,156.7,236.6,275.4,,,,,,,,,,,,,,,,,755.6,601.3,479.1,1266.6,110.4,,,997.0,1188.7,594.3,1839.7,392.7,,,755.6,1193.3,643.9,496.9,275.7,,,553.8,564.0,587.5,893.2,206.3,,,2006.9,2575.6,987.4,1373.6,679.2,,,32.1,115.4,73.6,45.9,148.0,,,,,,,,,,,,,,,,,382.9,527.4,725.5,1212.0,266.6,,,185.0,109.0,192.5,278.6,78.9,,,482.1,189.6,561.9,202.2,207.9,,,761.2,492.1,682.2,1251.3,266.6,,,1202.6,548.9,389.7,1545.3,641.2,,,204.5,163.3,233.7,168.6,453.8,,,,,,,,,,,,,,,,,4905.9,981.1,3153.8,2161.3,1298.6,,,3815.7,1635.3,3434.1,1277.1,3000.7,,,467.5,846.7,770.7,279.7,324.6,,,2784.4,3396.4,1652.7,2664.4,1349.6,,,1968.6,1054.8,555.8,2192.0,1069.4,,,1010.0,2735.1,559.9,1076.9,965.8,,,,,,,,,,,,,,,,,55.5,25.7,8.3,29.2,112.5,,,110.2,184.9,68.3,66.6,531.0,,,69.3,187.3,43.3,66.3,71.1,,,6.2,19.0,12.7,13.4,70.3,,,63.1,82.6,63.6,50.4,152.9,,,275.7,858.5,168.9,292.9,262.8,,,,,,,,,,,,,,,,,,,,,,,,,,,,,,,,,,,,,,,,,,,,,,,,,,,,,,,,,,,,,,,,,,,,,,,,,,,,,,,,,,,,,,,,,,,,,,,,,,,,,,,,,,,,,,,,,,,,,,,,,,,,,,,,
20260925_熊本_5R,20260925,87,熊本,5,50.6,17.3,18.4,47.8,50.1,,,99.1,191.9,84.9,81.3,507.2,,,20.7,119.7,44.5,76.2,254.6,,,8.7,21.1,14.9,22.8,129.8,,,53.2,38.2,93.7,43.4,454.6,,,370.8,1106.3,629.4,471.8,1042.3,,,,,,,,,,,,,,,,,123.9,32.3,43.6,87.4,90.7,,,269.6,318.4,475.3,328.0,491.9,,,25.8,95.0,56.8,88.7,30.4,,,115.0,436.8,179.4,462.4,292.8,,,150.6,256.6,177.5,444.6,245.3,,,176.9,340.1,110.4,314.1,311.6,,,,,,,,,,,,,,,,,382.7,656.1,377.3,294.1,1742.8,,,441.6,598.0,768.1,372.1,964.7,,,857.5,810.4,1110.1,648.3,2973.9,,,812.4,1013.0,1863.0,822.7,2299.0,,,198.2,171.9,357.4,252.0,471.1,,,2973.9,2161.0,3601.8,3274.3,2091.3,,,,,,,,,,,,,,,,,67.9,388.2,160.7,411.8,396.2,,,48.1,140.2,115.4,152.9,46.4,,,1091.4,607.0,1551.0,1003.5,2118.7,,,249.9,291.2,1066.3,1291.4,1009.8,,,733.3,401.6,766.3,855.3,1507.7,,,798.4,442.2,2064.7,1500.7,2235.6,,,,,,,,,,,,,,,,,72.7,189.2,109.5,210.6,383.1,,,170.7,752.1,309.6,824.8,589.3,,,638.1,1137.4,1918.1,1022.5,3116.9,,,269.4,438.6,1715.1,1604.7,1873.7,,,433.9,850.8,923.5,1428.0,2251.1,,,900.4,1781.1,3116.9,2843.5,3726.0,,,,,,,,,,,,,,,,,137.2,129.8,271.4,126.9,625.7,,,123.7,127.3,140.5,239.5,223.0,,,95.8,72.1,159.6,139.7,325.1,,,508.0,200.3,407.2,826.9,926.1,,,334.5,571.7,527.9,945.0,1409.4,,,1790.9,1069.8,1379.4,2220.2,2349.0,,,,,,,,,,,,,,,,,1328.5,3953.2,2593.3,2383.5,3448.5,,,1066.3,1679.5,681.0,1637.1,1493.8,,,4565.6,3087.2,7203.6,5314.1,3905.5,,,3147.2,888.1,4838.2,3769.3,5065.0,,,2657.0,2868.6,4155.9,6483.2,4630.8,,,3813.6,2038.7,2920.3,4911.5,4322.1,,,,,,,,,,,,,,,,,,,,,,,,,,,,,,,,,,,,,,,,,,,,,,,,,,,,,,,,,,,,,,,,,,,,,,,,,,,,,,,,,,,,,,,,,,,,,,,,,,,,,,,,,,,,,,,,,,,,,,,,,,,,,,,,
20260925_熊本_6R,20260925,87,熊本,6,253.4,297.2,146.5,324.3,88.4,,,294.2,115.7,242.1,308.0,62.3,,,197.6,64.8,110.5,158.4,30.1,,,83.9,137.1,134.2,155.8,38.6,,,291.0,301.1,291.5,275.6,65.2,,,23.8,9.7,9.4,12.1,13.5,,,,,,,,,,,,,,,,,794.9,762.0,286.0,1011.6,315.8,,,974.8,1125.8,1020.4,3877.8,1593.6,,,897.1,1151.8,716.6,2957.6,1118.5,,,146.7,334.9,349.3,772.1,245.7,,,3034.8,5539.7,4308.6,3201.8,4985.7,,,482.7,1504.3,1148.0,602.7,3388.3,,,,,,,,,,,,,,,,,556.6,125.9,400.2,1020.4,158.7,,,718.1,562.0,897.1,3712.7,1307.1,,,60.4,248.2,148.1,985.8,115.6,,,441.2,580.7,322.8,3490.0,836.9,,,3261.7,5539.7,2726.5,5539.7,4915.5,,,187.4,997.1,202.4,582.6,3201.8,,,,,,,,,,,,,,,,,300.6,71.9,181.9,297.7,48.5,,,603.8,636.8,616.6,2311.2,845.0,,,45.5,209.4,149.7,662.2,86.6,,,379.7,432.4,368.1,1510.8,375.6,,,1938.9,3597.9,2440.5,3201.8,2457.7,,,77.4,336.5,118.5,197.9,897.1,,,,,,,,,,,,,,,,,94.7,196.1,198.4,346.9,86.3,,,69.1,157.2,175.2,444.5,143.4,,,550.4,564.7,629.9,2908.3,834.9,,,434.0,410.5,550.4,1960.6,415.4,,,1669.8,2029.0,4653.3,3455.4,2769.8,,,171.6,243.0,447.4,347.2,1269.0,,,,,,,,,,,,,,,,,2769.8,2510.8,2406.9,2311.2,594.5,,,4653.3,7425.5,5453.1,5453.1,8512.2,,,5058.0,8309.5,5132.3,8512.2,7931.8,,,4154.7,6017.2,5816.7,6980.0,5369.2,,,3673.7,5539.7,8948.7,5721.3,6017.2,,,1035.6,5629.0,5287.9,3752.7,4592.1,,,,,,,,,,,,,,,,,41.2,18.5,17.1,24.4,23.3,,,238.3,706.4,699.4,220.8,1971.7,,,84.3,478.7,119.4,291.5,1497.8,,,55.6,386.4,82.3,228.1,804.1,,,128.4,164.9,388.2,325.2,1107.9,,,432.4,2529.0,2440.5,1960.6,1430.3,,,,,,,,,,,,,,,,,,,,,,,,,,,,,,,,,,,,,,,,,,,,,,,,,,,,,,,,,,,,,,,,,,,,,,,,,,,,,,,,,,,,,,,,,,,,,,,,,,,,,,,,,,,,,,,,,,,,,,,,,,,,,,,,
20260925_熊本_7R,20260925,87,熊本,7,741.6,292.7,751.7,589.4,537.5,,,580.5,127.4,201.3,444.9,577.0,,,54.3,33.7,50.8,38.8,42.5,,,1031.9,349.9,313.9,981.9,1138.7,,,745.9,728.9,202.4,925.2,810.3,,,360.0,723.5,185.9,984.4,561.0,,,,,,,,,,,,,,,,,1266.1,469.3,1241.6,989.4,620.8,,,1132.0,618.8,416.5,1905.4,676.4,,,360.0,562.7,577.0,1364.9,272.0,,,1430.8,553.8,1090.3,2467.3,766.7,,,3597.2,5831.9,3104.0,4934.7,2915.9,,,197.9,276.3,144.6,231.1,620.8,,,,,,,,,,,,,,,,,517.3,93.0,140.4,458.7,457.6,,,712.7,437.3,330.6,1610.4,395.1,,,50.4,176.9,32.8,452.8,119.1,,,51.4,106.0,21.5,271.4,58.0,,,2036.5,3289.8,1749.5,1824.2,4138.7,,,414.3,277.3,181.1,135.2,1807.0,,,,,,,,,,,,,,,,,28.2,8.5,10.3,18.8,17.6,,,134.8,209.5,142.3,615.8,91.6,,,25.2,88.6,18.4,201.2,87.3,,,57.8,80.5,28.6,300.7,72.1,,,276.7,962.2,659.0,934.2,1199.0,,,61.6,61.9,121.3,108.5,593.0,,,,,,,,,,,,,,,,,1287.3,330.6,381.0,1304.7,1221.9,,,1364.9,415.2,984.4,2983.7,934.2,,,128.1,183.8,66.1,710.1,148.0,,,226.1,212.6,68.3,1159.3,161.2,,,5660.3,5498.6,2915.9,4373.9,6873.3,,,1162.8,782.3,254.5,400.5,3631.1,,,,,,,,,,,,,,,,,3030.7,3499.1,702.3,4324.7,3234.5,,,4051.6,7855.2,3927.6,6998.3,5272.6,,,4998.7,8018.8,3531.2,6998.3,9999.9,,,798.5,3406.2,3406.2,5345.9,5921.6,,,8189.5,7402.0,7547.1,7262.3,9999.9,,,4582.2,3968.1,8951.3,5744.8,9622.6,,,,,,,,,,,,,,,,,228.9,638.3,136.8,593.0,471.1,,,98.2,149.4,55.0,110.1,432.4,,,431.9,274.3,186.3,120.3,1994.3,,,70.2,98.1,166.2,172.6,787.1,,,798.5,317.5,264.3,317.5,2162.3,,,1824.2,2237.8,5578.3,3007.0,5498.6,,,,,,,,,,,,,,,,,,,,,,,,,,,,,,,,,,,,,,,,,,,,,,,,,,,,,,,,,,,,,,,,,,,,,,,,,,,,,,,,,,,,,,,,,,,,,,,,,,,,,,,,,,,,,,,,,,,,,,,,,,,,,,,,
