race_key,date,jo_code,jo_name,race_no,1-2-3,1-2-4,1-2-5,1-2-6,1-2-7,1-2-8,1-2-9,1-3-2,1-3-4,1-3-5,1-3-6,1-3-7,1-3-8,1-3-9,1-4-2,1-4-3,1-4-5,1-4-6,1-4-7,1-4-8,1-4-9,1-5-2,1-5-3,1-5-4,1-5-6,1-5-7,1-5-8,1-5-9,1-6-2,1-6-3,1-6-4,1-6-5,1-6-7,1-6-8,1-6-9,1-7-2,1-7-3,1-7-4,1-7-5,1-7-6,1-7-8,1-7-9,1-8-2,1-8-3,1-8-4,1-8-5,1-8-6,1-8-7,1-8-9,1-9-2,1-9-3,1-9-4,1-9-5,1-9-6,1-9-7,1-9-8,2-1-3,2-1-4,2-1-5,2-1-6,2-1-7,2-1-8,2-1-9,2-3-1,2-3-4,2-3-5,2-3-6,2-3-7,2-3-8,2-3-9,2-4-1,2-4-3,2-4-5,2-4-6,2-4-7,2-4-8,2-4-9,2-5-1,2-5-3,2-5-4,2-5-6,2-5-7,2-5-8,2-5-9,2-6-1,2-6-3,2-6-4,2-6-5,2-6-7,2-6-8,2-6-9,2-7-1,2-7-3,2-7-4,2-7-5,2-7-6,2-7-8,2-7-9,2-8-1,2-8-3,2-8-4,2-8-5,2-8-6,2-8-7,2-8-9,2-9-1,2-9-3,2-9-4,2-9-5,2-9-6,2-9-7,2-9-8,3-1-2,3-1-4,3-1-5,3-1-6,3-1-7,3-1-8,3-1-9,3-2-1,3-2-4,3-2-5,3-2-6,3-2-7,3-2-8,3-2-9,3-4-1,3-4-2,3-4-5,3-4-6,3-4-7,3-4-8,3-4-9,3-5-1,3-5-2,3-5-4,3-5-6,3-5-7,3-5-8,3-5-9,3-6-1,3-6-2,3-6-4,3-6-5,3-6-7,3-6-8,3-6-9,3-7-1,3-7-2,3-7-4,3-7-5,3-7-6,3-7-8,3-7-9,3-8-1,3-8-2,3-8-4,3-8-5,3-8-6,3-8-7,3-8-9,3-9-1,3-9-2,3-9-4,3-9-5,3-9-6,3-9-7,3-9-8,4-1-2,4-1-3,4-1-5,4-1-6,4-1-7,4-1-8,4-1-9,4-2-1,4-2-3,4-2-5,4-2-6,4-2-7,4-2-8,4-2-9,4-3-1,4-3-2,4-3-5,4-3-6,4-3-7,4-3-8,4-3-9,4-5-1,4-5-2,4-5-3,4-5-6,4-5-7,4-5-8,4-5-9,4-6-1,4-6-2,4-6-3,4-6-5,4-6-7,4-6-8,4-6-9,4-7-1,4-7-2,4-7-3,4-7-5,4-7-6,4-7-8,4-7-9,4-8-1,4-8-2,4-8-3,4-8-5,4-8-6,4-8-7,4-8-9,4-9-1,4-9-2,4-9-3,4-9-5,4-9-6,4-9-7,4-9-8,5-1-2,5-1-3,5-1-4,5-1-6,5-1-7,5-1-8,5-1-9,5-2-1,5-2-3,5-2-4,5-2-6,5-2-7,5-2-8,5-2-9,5-3-1,5-3-2,5-3-4,5-3-6,5-3-7,5-3-8,5-3-9,5-4-1,5-4-2,5-4-3,5-4-6,5-4-7,5-4-8,5-4-9,5-6-1,5-6-2,5-6-3,5-6-4,5-6-7,5-6-8,5-6-9,5-7-1,5-7-2,5-7-3,5-7-4,5-7-6,5-7-8,5-7-9,5-8-1,5-8-2,5-8-3,5-8-4,5-8-6,5-8-7,5-8-9,5-9-1,5-9-2,5-9-3,5-9-4,5-9-6,5-9-7,5-9-8,6-1-2,6-1-3,6-1-4,6-1-5,6-1-7,6-1-8,6-1-9,6-2-1,6-2-3,6-2-4,6-2-5,6-2-7,6-2-8,6-2-9,6-3-1,6-3-2,6-3-4,6-3-5,6-3-7,6-3-8,6-3-9,6-4-1,6-4-2,6-4-3,6-4-5,6-4-7,6-4-8,6-4-9,6-5-1,6-5-2,6-5-3,6-5-4,6-5-7,6-5-8,6-5-9,6-7-1,6-7-2,6-7-3,6-7-4,6-7-5,6-7-8,6-7-9,6-8-1,6-8-2,6-8-3,6-8-4,6-8-5,6-8-7,6-8-9,6-9-1,6-9-2,6-9-3,6-9-4,6-9-5,6-9-7,6-9-8,7-1-2,7-1-3,7-1-4,7-1-5,7-1-6,7-1-8,7-1-9,7-2-1,7-2-3,7-2-4,7-2-5,7-2-6,7-2-8,7-2-9,7-3-1,7-3-2,7-3-4,7-3-5,7-3-6,7-3-8,7-3-9,7-4-1,7-4-2,7-4-3,7-4-5,7-4-6,7-4-8,7-4-9,7-5-1,7-5-2,7-5-3,7-5-4,7-5-6,7-5-8,7-5-9,7-6-1,7-6-2,7-6-3,7-6-4,7-6-5,7-6-8,7-6-9,7-8-1,7-8-2,7-8-3,7-8-4,7-8-5,7-8-6,7-8-9,7-9-1,7-9-2,7-9-3,7-9-4,7-9-5,7-9-6,7-9-8,8-1-2,8-1-3,8-1-4,8-1-5,8-1-6,8-1-7,8-1-9,8-2-1,8-2-3,8-2-4,8-2-5,8-2-6,8-2-7,8-2-9,8-3-1,8-3-2,8-3-4,8-3-5,8-3-6,8-3-7,8-3-9,8-4-1,8-4-2,8-4-3,8-4-5,8-4-6,8-4-7,8-4-9,8-5-1,8-5-2,8-5-3,8-5-4,8-5-6,8-5-7,8-5-9,8-6-1,8-6-2,8-6-3,8-6-4,8-6-5,8-6-7,8-6-9,8-7-1,8-7-2,8-7-3,8-7-4,8-7-5,8-7-6,8-7-9,8-9-1,8-9-2,8-9-3,8-9-4,8-9-5,8-9-6,8-9-7,9-1-2,9-1-3,9-1-4,9-1-5,9-1-6,9-1-7,9-1-8,9-2-1,9-2-3,9-2-4,9-2-5,9-2-6,9-2-7,9-2-8,9-3-1,9-3-2,9-3-4,9-3-5,9-3-6,9-3-7,9-3-8,9-4-1,9-4-2,9-4-3,9-4-5,9-4-6,9-4-7,9-4-8,9-5-1,9-5-2,9-5-3,9-5-4,9-5-6,9-5-7,9-5-8,9-6-1,9-6-2,9-6-3,9-6-4,9-6-5,9-6-7,9-6-8,9-7-1,9-7-2,9-7-3,9-7-4,9-7-5,9-7-6,9-7-8,9-8-1,9-8-2,9-8-3,9-8-4,9-8-5,9-8-6,9-8-7
20260902_宇都宮_1R,20260902,24,宇都宮,1,123.5,77.8,242.1,125.9,79.7,,,137.4,115.6,98.3,217.9,47.4,,,35.6,43.1,52.1,85.0,25.5,,,398.8,198.0,232.6,448.9,211.8,,,171.5,258.3,154.0,389.3,171.8,,,44.2,18.1,37.7,71.2,89.0,,,,,,,,,,,,,,,,,148.2,75.5,276.9,87.1,88.5,,,207.1,384.7,240.6,184.9,176.6,,,128.6,270.8,513.3,170.2,301.5,,,534.3,294.7,753.3,685.0,314.0,,,68.2,76.8,92.0,240.3,98.5,,,120.8,70.6,236.0,147.6,148.1,,,,,,,,,,,,,,,,,314.5,313.0,258.7,538.6,146.6,,,437.9,557.0,444.8,535.7,297.0,,,557.0,858.6,666.5,1068.6,483.1,,,381.0,408.7,535.7,486.6,150.6,,,893.7,616.3,1003.1,500.3,501.5,,,80.2,158.9,161.2,59.7,240.6,,,,,,,,,,,,,,,,,94.5,101.9,141.4,176.8,71.5,,,153.8,407.0,840.2,302.4,431.1,,,337.8,826.1,576.6,963.8,509.3,,,491.5,1524.2,759.1,1611.6,873.8,,,337.2,476.0,854.8,1198.9,885.6,,,164.9,412.2,257.3,381.0,702.2,,,,,,,,,,,,,,,,,968.5,541.6,630.2,1244.4,492.7,,,1136.5,858.6,1110.8,1252.3,893.7,,,495.2,642.5,655.4,717.6,147.9,,,877.7,2006.3,1034.8,1695.0,1328.5,,,1695.0,1404.4,963.8,1228.8,885.6,,,436.9,736.4,119.3,666.5,822.6,,,,,,,,,,,,,,,,,130.9,271.9,116.7,457.2,160.2,,,91.4,86.9,104.5,236.8,134.4,,,448.9,309.6,420.1,345.5,356.8,,,295.6,237.4,401.2,476.0,492.7,,,988.0,648.9,565.0,812.4,689.9,,,148.3,190.5,109.6,365.4,272.7,,,,,,,,,,,,,,,,,74.6,31.5,42.5,74.3,135.5,,,152.4,133.1,264.6,229.9,311.6,,,34.6,83.2,84.1,12.0,168.4,,,95.1,212.5,119.0,176.0,430.2,,,151.9,282.9,31.4,238.0,389.3,,,246.7,428.3,186.1,527.1,264.2,,,,,,,,,,,,,,,,,,,,,,,,,,,,,,,,,,,,,,,,,,,,,,,,,,,,,,,,,,,,,,,,,,,,,,,,,,,,,,,,,,,,,,,,,,,,,,,,,,,,,,,,,,,,,,,,,,,,,,,,,,,,,,,,
20260902_宇都宮_2R,20260902,24,宇都宮,2,171.5,113.0,228.0,453.5,172.4,,,60.3,15.7,20.5,29.7,44.4,,,18.3,14.5,27.1,66.6,16.3,,,78.0,13.8,14.2,34.1,34.8,,,498.4,47.0,88.7,88.5,359.5,,,99.5,60.5,26.9,59.2,208.6,,,,,,,,,,,,,,,,,936.6,762.7,1398.4,1917.8,1184.5,,,977.5,871.7,1650.5,1227.8,1408.1,,,706.5,706.5,1258.5,977.5,504.6,,,1408.1,2054.8,1782.0,3247.9,2341.5,,,2615.2,1480.6,1847.4,3595.9,2721.2,,,1274.4,1307.6,751.3,2369.0,1814.1,,,,,,,,,,,,,,,,,171.9,55.9,56.1,63.9,131.0,,,499.6,420.3,871.7,762.7,805.4,,,95.8,153.1,180.7,147.0,197.4,,,149.8,516.3,212.1,352.0,460.8,,,78.2,358.3,105.0,223.2,390.2,,,296.5,587.0,317.1,562.4,664.5,,,,,,,,,,,,,,,,,97.0,80.8,126.2,274.7,71.0,,,197.4,179.7,365.4,484.0,139.4,,,117.6,151.9,265.6,246.1,161.7,,,276.9,472.7,353.2,1011.9,411.8,,,711.5,387.9,379.2,1469.8,864.2,,,83.8,80.1,127.2,263.9,495.9,,,,,,,,,,,,,,,,,321.6,82.0,91.3,307.9,154.9,,,1100.3,1664.2,1342.4,2455.7,1388.7,,,220.8,982.2,484.0,734.9,887.0,,,294.4,802.2,459.7,1491.6,653.8,,,839.0,2758.5,1037.9,1936.2,1398.4,,,312.2,1491.6,1094.4,395.6,1351.4,,,,,,,,,,,,,,,,,1721.1,218.4,524.4,516.3,1088.4,,,2013.7,1316.1,1692.1,2876.7,2288.3,,,205.2,726.9,261.8,486.4,664.5,,,1198.6,511.0,610.2,1830.6,1650.5,,,1388.7,3098.0,1324.8,1917.8,1706.5,,,1418.1,1955.0,1131.2,1881.9,1782.0,,,,,,,,,,,,,,,,,380.6,229.0,79.7,276.9,696.7,,,805.4,1048.8,335.6,1290.8,1706.5,,,494.7,936.6,516.3,891.0,958.9,,,84.5,137.1,242.3,352.6,740.3,,,306.0,1398.4,923.7,370.8,1525.5,,,1177.6,1721.1,963.4,1163.9,1418.1,,,,,,,,,,,,,,,,,,,,,,,,,,,,,,,,,,,,,,,,,,,,,,,,,,,,,,,,,,,,,,,,,,,,,,,,,,,,,,,,,,,,,,,,,,,,,,,,,,,,,,,,,,,,,,,,,,,,,,,,,,,,,,,,
20260902_宇都宮_3R,20260902,24,宇都宮,3,621.9,631.4,574.7,674.3,284.8,,,491.4,145.5,241.7,894.2,92.9,,,672.8,246.1,516.0,1425.5,197.0,,,700.6,388.6,411.9,1302.9,174.9,,,763.8,1199.8,1439.8,1257.4,388.0,,,73.9,47.6,73.5,47.1,126.7,,,,,,,,,,,,,,,,,765.8,755.8,834.6,554.8,384.4,,,707.5,239.9,425.3,283.9,458.5,,,727.1,298.7,368.2,299.3,417.9,,,759.7,369.6,339.5,291.4,434.9,,,283.4,138.6,152.9,131.9,159.5,,,276.6,305.0,313.6,315.7,208.0,,,,,,,,,,,,,,,,,266.3,70.0,139.1,604.9,73.2,,,500.8,182.8,411.3,434.3,334.4,,,36.3,54.9,39.1,170.1,21.2,,,373.9,484.7,146.8,914.1,259.6,,,1099.0,400.5,300.2,1021.1,492.2,,,66.9,166.5,38.1,120.9,270.1,,,,,,,,,,,,,,,,,642.7,209.8,519.7,1314.8,253.9,,,732.7,288.2,516.9,578.2,484.7,,,84.3,95.6,70.7,248.8,51.2,,,592.5,499.0,211.4,966.3,359.5,,,1645.5,552.7,456.3,1021.1,820.4,,,195.6,296.5,92.7,235.4,571.3,,,,,,,,,,,,,,,,,1070.4,804.3,846.9,1484.3,391.2,,,963.0,818.0,806.6,808.8,619.2,,,751.8,880.6,344.8,1582.2,540.2,,,969.5,829.8,365.4,1617.7,617.9,,,1894.4,1120.4,1882.1,1799.7,1107.5,,,344.4,575.9,460.0,450.6,811.1,,,,,,,,,,,,,,,,,495.6,937.9,1225.3,1391.1,442.3,,,252.3,116.1,118.6,124.1,108.6,,,899.8,260.3,222.0,765.8,433.6,,,1078.5,302.4,318.1,639.9,484.7,,,1745.2,435.6,934.9,827.4,734.5,,,244.4,110.2,243.2,260.8,317.8,,,,,,,,,,,,,,,,,27.6,14.7,25.5,15.6,58.1,,,75.1,77.9,114.0,91.3,96.5,,,30.0,69.8,19.1,63.6,143.8,,,71.6,107.6,37.4,90.1,208.9,,,74.7,107.9,97.2,112.6,230.3,,,143.1,62.0,133.9,149.2,187.2,,,,,,,,,,,,,,,,,,,,,,,,,,,,,,,,,,,,,,,,,,,,,,,,,,,,,,,,,,,,,,,,,,,,,,,,,,,,,,,,,,,,,,,,,,,,,,,,,,,,,,,,,,,,,,,,,,,,,,,,,,,,,,,,
20260902_宇都宮_4R,20260902,24,宇都宮,4,2861.7,1832.1,2546.0,2564.9,876.6,,,3805.1,3064.3,2726.5,3980.0,1672.7,,,1189.9,1902.5,1202.3,1923.7,298.5,,,3011.0,1956.3,1430.8,3606.9,859.2,,,3147.8,3428.3,2985.0,3934.8,2061.1,,,537.6,719.8,203.9,516.0,881.0,,,,,,,,,,,,,,,,,1109.8,781.6,1102.7,940.9,441.1,,,1018.4,786.9,342.8,623.9,301.6,,,391.2,445.6,200.5,202.4,67.8,,,585.9,161.8,229.6,238.6,134.4,,,373.9,239.1,144.0,161.9,89.1,,,87.9,134.4,40.2,105.2,118.5,,,,,,,,,,,,,,,,,3119.5,2546.0,1498.9,3428.3,1368.6,,,2061.1,935.8,769.4,1430.8,908.8,,,1731.3,1757.7,650.8,2421.4,554.0,,,407.3,388.1,308.0,554.0,131.2,,,3361.8,1956.3,2748.1,1538.9,2124.3,,,348.3,647.2,311.1,199.1,1068.7,,,,,,,,,,,,,,,,,652.1,822.4,585.9,1250.0,176.3,,,489.7,562.1,323.3,382.6,114.8,,,989.3,1062.1,389.5,1892.1,227.0,,,476.2,419.2,174.2,908.8,87.9,,,1672.7,933.3,1978.6,1363.2,906.4,,,14.8,46.4,41.7,23.6,176.7,,,,,,,,,,,,,,,,,1206.5,733.6,772.9,1656.7,455.0,,,752.7,294.4,432.2,631.8,278.5,,,170.8,178.3,126.9,260.7,44.0,,,540.1,475.6,227.8,1033.6,119.6,,,2048.9,1250.0,1106.2,1664.7,967.2,,,84.1,186.3,50.5,60.2,311.9,,,,,,,,,,,,,,,,,3091.6,3297.7,3297.7,3683.6,2150.7,,,1024.4,721.3,594.9,700.9,444.5,,,3297.7,1861.6,2934.4,2564.9,2584.0,,,3064.3,1142.7,2473.3,2061.1,1573.9,,,3361.8,1467.2,1705.7,2219.6,1832.1,,,1127.9,840.4,1714.1,961.8,1396.2,,,,,,,,,,,,,,,,,65.7,85.9,17.4,53.1,175.1,,,65.0,144.3,39.0,94.5,160.6,,,134.1,247.3,78.6,97.5,439.9,,,5.5,16.5,25.1,11.4,79.0,,,51.1,98.5,35.0,22.5,238.9,,,381.3,416.6,722.8,294.9,569.5,,,,,,,,,,,,,,,,,,,,,,,,,,,,,,,,,,,,,,,,,,,,,,,,,,,,,,,,,,,,,,,,,,,,,,,,,,,,,,,,,,,,,,,,,,,,,,,,,,,,,,,,,,,,,,,,,,,,,,,,,,,,,,,,
20260902_宇都宮_5R,20260902,24,宇都宮,5,144.4,88.2,158.7,261.4,,,,236.4,226.5,378.8,426.9,,,,119.1,245.0,112.4,486.6,,,,296.1,378.8,221.4,783.5,,,,253.0,262.0,314.2,591.8,,,,,,,,,,,,,,,,,,,,,,,,,51.5,42.2,66.7,90.7,,,,68.3,41.3,61.6,175.3,,,,25.5,17.8,4.5,69.5,,,,81.8,51.6,14.9,202.9,,,,225.2,281.6,230.4,351.7,,,,,,,,,,,,,,,,,,,,,,,,,216.1,285.7,413.2,406.7,,,,183.4,86.5,159.9,391.2,,,,333.1,107.5,111.7,485.8,,,,424.5,237.7,176.2,559.7,,,,505.7,700.2,683.2,695.5,,,,,,,,,,,,,,,,,,,,,,,,,131.2,293.9,173.0,522.8,,,,43.0,24.6,6.0,95.3,,,,277.5,73.6,81.4,397.3,,,,111.0,12.2,37.8,188.6,,,,749.4,405.1,721.4,534.5,,,,,,,,,,,,,,,,,,,,,,,,,400.9,468.2,367.5,876.8,,,,210.6,110.8,35.8,383.5,,,,442.8,182.0,142.3,564.8,,,,181.4,27.3,58.0,293.3,,,,1300.4,1021.5,976.3,783.5,,,,,,,,,,,,,,,,,,,,,,,,,388.3,416.0,531.8,847.9,,,,541.1,803.9,540.1,1031.7,,,,640.8,940.7,716.4,982.5,,,,946.5,665.6,913.0,834.2,,,,1426.3,1480.9,1279.0,1070.9,,,,,,,,,,,,,,,,,,,,,,,,,,,,,,,,,,,,,,,,,,,,,,,,,,,,,,,,,,,,,,,,,,,,,,,,,,,,,,,,,,,,,,,,,,,,,,,,,,,,,,,,,,,,,,,,,,,,,,,,,,,,,,,,,,,,,,,,,,,,,,,,,,,,,,,,,,,,,,,,,,,,,,,,,,,,,,,,,,,,,,,,,,,,,,,,
20260902_宇都宮_6R,20260902,24,宇都宮,6,457.5,145.4,193.8,399.5,,,,487.1,443.8,118.5,949.0,,,,104.8,336.5,115.3,528.6,,,,84.8,30.7,85.4,326.8,,,,1316.3,1392.6,1423.5,1000.9,,,,,,,,,,,,,,,,,,,,,,,,,435.2,136.0,191.4,341.9,,,,541.3,238.4,273.1,455.9,,,,29.6,49.0,9.6,12.3,,,,122.9,119.1,55.9,148.7,,,,474.5,407.5,91.4,236.2,,,,,,,,,,,,,,,,,,,,,,,,,393.0,494.6,136.3,1101.3,,,,499.8,309.4,305.7,690.0,,,,472.1,277.1,244.9,935.1,,,,64.3,156.8,175.7,489.0,,,,2012.3,1348.6,1884.1,1276.9,,,,,,,,,,,,,,,,,,,,,,,,,64.7,165.1,56.6,282.6,,,,20.0,33.7,6.3,11.1,,,,229.6,139.9,122.6,466.4,,,,36.4,22.2,46.3,134.5,,,,617.9,134.0,659.2,360.9,,,,,,,,,,,,,,,,,,,,,,,,,46.8,16.6,46.6,217.0,,,,79.3,89.0,63.0,202.9,,,,24.7,57.9,73.9,242.4,,,,43.2,38.3,65.3,250.0,,,,685.1,604.3,715.7,675.5,,,,,,,,,,,,,,,,,,,,,,,,,2111.8,2745.4,2562.4,2805.5,,,,1484.0,1186.3,360.5,856.0,,,,2934.0,1921.8,2055.4,2044.4,,,,1884.1,442.8,1678.4,1171.8,,,,2001.8,1372.7,1562.4,1382.5,,,,,,,,,,,,,,,,,,,,,,,,,,,,,,,,,,,,,,,,,,,,,,,,,,,,,,,,,,,,,,,,,,,,,,,,,,,,,,,,,,,,,,,,,,,,,,,,,,,,,,,,,,,,,,,,,,,,,,,,,,,,,,,,,,,,,,,,,,,,,,,,,,,,,,,,,,,,,,,,,,,,,,,,,,,,,,,,,,,,,,,,,,,,,,,,
20260902_宇都宮_7R,20260902,24,宇都宮,7,363.6,126.4,118.2,410.9,307.4,,,550.8,274.6,126.2,623.1,260.9,,,78.5,174.3,41.3,271.9,128.9,,,33.8,53.2,16.5,55.0,36.1,,,713.6,735.0,541.5,290.9,764.6,,,359.3,199.8,234.9,119.6,390.5,,,,,,,,,,,,,,,,,621.2,215.6,238.8,759.1,647.3,,,661.6,326.4,579.0,793.7,558.9,,,101.5,169.9,77.8,109.4,98.7,,,232.5,463.3,153.1,558.9,527.1,,,1095.8,1001.2,338.8,915.5,915.5,,,848.6,523.1,278.8,653.3,746.8,,,,,,,,,,,,,,,,,651.3,345.0,165.0,749.5,310.1,,,574.2,228.6,317.5,337.7,217.3,,,366.8,287.5,262.0,614.8,187.6,,,156.6,463.9,272.3,472.2,308.5,,,1131.4,1006.0,1087.2,1143.8,659.5,,,226.5,155.2,121.4,155.7,158.2,,,,,,,,,,,,,,,,,56.5,139.5,33.9,193.8,115.9,,,35.5,70.3,23.6,41.2,34.7,,,201.5,154.1,166.8,401.4,127.0,,,27.6,36.8,87.4,103.4,89.9,,,423.8,249.1,526.4,364.3,479.9,,,191.3,103.6,139.1,168.7,234.5,,,,,,,,,,,,,,,,,25.9,39.8,14.5,38.0,34.8,,,87.6,284.7,107.4,317.9,262.2,,,92.8,347.0,178.6,410.1,197.6,,,33.3,52.6,111.0,138.7,101.5,,,153.6,474.9,527.1,281.7,394.9,,,140.8,304.5,222.4,170.2,310.1,,,,,,,,,,,,,,,,,1147.0,1078.8,823.4,497.6,1192.8,,,1300.6,1253.7,548.6,1217.2,1690.3,,,1224.3,1304.7,1084.4,1501.8,909.6,,,1067.8,590.5,1308.8,741.5,1342.4,,,457.2,1076.0,1166.2,591.3,929.8,,,1618.2,1683.5,1137.6,1546.3,1253.7,,,,,,,,,,,,,,,,,498.2,286.9,347.9,221.4,476.6,,,823.4,608.6,452.3,711.2,987.0,,,257.0,319.6,205.5,254.1,287.5,,,362.4,304.9,279.6,327.4,403.7,,,329.0,705.2,390.5,398.0,692.3,,,793.7,888.3,494.0,664.8,683.3,,,,,,,,,,,,,,,,,,,,,,,,,,,,,,,,,,,,,,,,,,,,,,,,,,,,,,,,,,,,,,,,,,,,,,,,,,,,,,,,,,,,,,,,,,,,,,,,,,,,,,,,,,,,,,,,,,,,,,,,,,,,,,,,
20260902_宇都宮_8R,20260902,24,宇都宮,8,559.7,459.3,239.6,1345.8,221.3,,,1023.2,1214.9,1023.2,1194.5,609.6,,,397.8,833.6,721.5,1560.3,171.0,,,335.5,731.0,627.2,1455.7,317.8,,,2509.1,1920.4,2311.7,2471.9,1353.1,,,95.6,197.1,49.3,129.7,462.7,,,,,,,,,,,,,,,,,432.3,264.0,123.1,963.9,185.8,,,426.0,333.3,75.9,210.5,138.0,,,304.6,447.4,179.8,595.1,180.0,,,67.8,31.5,87.0,152.1,19.8,,,1383.1,519.0,674.7,342.2,476.0,,,91.6,103.0,65.3,41.5,246.8,,,,,,,,,,,,,,,,,809.2,1368.0,1145.2,960.2,662.2,,,425.3,239.7,116.3,159.6,134.7,,,1147.8,555.4,896.4,546.9,426.0,,,859.4,243.5,814.5,480.5,443.8,,,439.5,113.4,201.2,275.4,108.8,,,240.7,148.3,123.0,279.7,182.2,,,,,,,,,,,,,,,,,755.4,1490.5,1245.2,2239.1,245.7,,,849.1,1188.8,625.7,1531.6,317.4,,,2029.7,1364.2,2229.1,1585.1,756.5,,,1513.1,684.9,1997.3,2344.2,587.4,,,3180.4,2199.6,2063.3,2837.0,1490.5,,,118.6,153.4,287.1,268.1,460.6,,,,,,,,,,,,,,,,,169.7,538.0,519.0,1220.8,165.0,,,63.0,31.1,50.6,114.5,13.5,,,699.3,164.0,555.4,389.1,199.4,,,587.4,184.4,535.1,825.3,167.1,,,1870.1,536.3,777.7,1324.4,540.9,,,92.5,32.6,140.3,42.5,334.8,,,,,,,,,,,,,,,,,3101.4,2301.0,3221.4,3870.7,1927.9,,,2758.7,1071.5,1829.0,1060.1,876.0,,,1027.4,403.6,505.3,770.5,418.8,,,3671.5,2400.6,1802.6,2853.3,1783.3,,,3644.7,1829.0,1891.3,2743.5,1686.9,,,1447.3,1051.2,958.4,869.9,1550.7,,,,,,,,,,,,,,,,,27.0,64.4,10.9,47.7,175.6,,,56.4,97.4,37.8,47.6,221.9,,,121.8,125.5,81.8,268.6,214.0,,,14.4,22.5,44.9,47.4,106.9,,,90.0,50.6,177.3,51.0,445.8,,,514.7,467.5,431.5,291.3,756.5,,,,,,,,,,,,,,,,,,,,,,,,,,,,,,,,,,,,,,,,,,,,,,,,,,,,,,,,,,,,,,,,,,,,,,,,,,,,,,,,,,,,,,,,,,,,,,,,,,,,,,,,,,,,,,,,,,,,,,,,,,,,,,,,
20260902_宇都宮_9R,20260902,24,宇都宮,9,238.7,143.6,63.9,225.5,55.1,,,600.3,1234.4,489.2,889.4,393.9,,,309.3,787.3,483.8,1093.8,277.6,,,133.3,293.1,440.2,426.4,89.8,,,588.3,653.0,1405.1,718.8,517.9,,,24.3,95.5,107.4,25.0,98.9,,,,,,,,,,,,,,,,,175.5,71.3,50.3,213.3,42.2,,,252.9,150.4,93.9,222.0,134.5,,,56.6,77.4,24.5,106.9,39.2,,,35.4,32.4,21.2,54.1,19.0,,,267.6,151.9,235.8,130.1,240.8,,,42.5,89.4,52.7,31.3,187.0,,,,,,,,,,,,,,,,,1065.2,1767.0,774.6,1206.2,748.3,,,722.7,615.0,286.8,442.8,402.3,,,2147.7,1195.3,1254.9,1420.2,1625.6,,,742.0,365.8,915.6,430.9,486.5,,,577.4,291.5,697.9,289.1,359.9,,,706.3,627.4,1330.8,573.6,738.9,,,,,,,,,,,,,,,,,455.4,1435.7,804.1,1531.4,385.3,,,219.8,392.5,117.4,378.7,170.1,,,2088.3,943.4,1151.0,1671.9,1809.4,,,737.9,244.6,786.2,802.9,409.2,,,2297.1,1027.9,1408.9,1192.6,1572.4,,,410.5,283.2,1141.1,435.5,1243.1,,,,,,,,,,,,,,,,,167.3,385.9,426.4,569.9,128.6,,,79.6,70.7,65.6,162.7,47.1,,,468.8,254.3,562.0,391.3,338.6,,,480.7,193.3,534.7,620.8,276.1,,,705.4,385.6,389.9,630.4,318.6,,,86.7,72.8,159.7,153.5,240.0,,,,,,,,,,,,,,,,,1181.9,1010.2,1821.8,1288.6,804.1,,,880.5,383.4,641.1,390.4,635.0,,,433.0,225.5,463.0,203.4,269.9,,,2096.6,1176.7,1307.7,1358.2,1661.4,,,800.5,458.6,431.6,789.7,396.0,,,648.2,653.8,549.2,1056.6,442.5,,,,,,,,,,,,,,,,,19.3,79.7,84.5,24.5,99.2,,,44.3,151.1,94.0,51.1,250.7,,,301.0,333.1,731.7,325.3,489.2,,,190.7,146.0,629.7,212.3,660.4,,,58.0,67.7,169.7,168.6,196.8,,,252.0,388.4,313.5,717.8,232.2,,,,,,,,,,,,,,,,,,,,,,,,,,,,,,,,,,,,,,,,,,,,,,,,,,,,,,,,,,,,,,,,,,,,,,,,,,,,,,,,,,,,,,,,,,,,,,,,,,,,,,,,,,,,,,,,,,,,,,,,,,,,,,,,
20260902_宇都宮_10R,20260902,24,宇都宮,10,884.8,506.0,521.0,971.5,772.0,,,1092.2,1098.8,608.3,2401.0,1285.4,,,283.2,611.0,287.9,799.1,255.4,,,559.0,589.8,496.8,1445.7,720.9,,,1142.6,2261.5,1401.1,1612.5,2041.3,,,737.5,1282.4,359.7,720.9,1860.2,,,,,,,,,,,,,,,,,544.4,285.3,212.9,328.9,379.0,,,311.8,334.9,84.7,248.5,269.5,,,164.1,357.6,160.3,189.9,238.6,,,79.2,51.2,92.6,91.6,112.1,,,91.8,148.8,75.5,54.7,170.6,,,206.8,257.3,167.4,134.6,290.2,,,,,,,,,,,,,,,,,595.6,685.5,353.2,1423.0,780.8,,,279.9,285.9,69.9,324.2,278.3,,,343.6,370.2,162.7,1114.6,349.8,,,75.3,31.4,58.7,194.1,57.2,,,1366.0,512.7,1261.6,487.0,1167.1,,,455.7,244.8,233.2,109.7,911.4,,,,,,,,,,,,,,,,,81.3,234.1,86.2,239.8,60.7,,,129.8,359.5,177.1,357.1,164.5,,,318.1,375.6,218.1,758.0,253.6,,,101.5,123.3,150.1,294.7,110.4,,,405.2,381.1,866.5,567.1,448.9,,,33.1,66.1,133.6,61.2,206.2,,,,,,,,,,,,,,,,,265.8,207.5,281.9,809.8,377.1,,,102.4,27.1,70.9,85.0,79.3,,,59.2,14.7,24.4,93.9,33.3,,,128.4,114.5,70.7,340.4,108.6,,,581.0,149.8,162.2,434.2,455.7,,,166.8,100.6,59.5,96.6,352.5,,,,,,,,,,,,,,,,,432.9,1804.7,966.3,1154.7,1548.4,,,137.9,182.1,99.5,82.3,260.4,,,1730.2,476.4,1276.4,637.4,1332.6,,,526.6,257.0,1036.2,594.3,627.9,,,673.7,192.9,378.2,478.5,719.0,,,1445.7,550.5,1430.5,863.7,863.7,,,,,,,,,,,,,,,,,263.5,612.4,155.6,263.0,1224.8,,,124.2,187.4,93.4,81.1,341.5,,,310.2,182.4,181.8,87.5,696.9,,,19.0,40.7,89.6,41.4,281.3,,,113.0,76.0,76.4,97.3,427.4,,,1182.3,413.2,1085.7,788.7,614.4,,,,,,,,,,,,,,,,,,,,,,,,,,,,,,,,,,,,,,,,,,,,,,,,,,,,,,,,,,,,,,,,,,,,,,,,,,,,,,,,,,,,,,,,,,,,,,,,,,,,,,,,,,,,,,,,,,,,,,,,,,,,,,,,
20260902_宇都宮_11R,20260902,24,宇都宮,11,217.5,412.6,114.5,85.7,219.5,,,244.0,865.3,296.0,277.6,249.0,,,581.9,951.4,368.6,560.7,1159.7,,,98.7,233.9,218.7,117.1,230.4,,,61.4,143.3,299.8,91.7,146.6,,,293.5,306.1,1035.5,381.2,343.4,,,,,,,,,,,,,,,,,184.6,314.2,111.0,113.0,197.1,,,176.8,203.7,60.7,236.2,70.5,,,352.9,265.7,94.4,401.5,285.7,,,77.1,38.8,42.2,95.9,43.7,,,231.1,316.1,477.6,187.8,296.2,,,171.2,76.7,175.1,74.3,227.8,,,,,,,,,,,,,,,,,281.4,592.7,249.1,355.0,227.5,,,214.5,268.5,81.2,328.1,91.8,,,617.8,381.1,235.3,856.4,294.8,,,172.5,74.7,125.8,280.3,67.4,,,733.9,585.6,1156.5,650.1,549.6,,,126.4,50.9,126.3,44.3,198.4,,,,,,,,,,,,,,,,,623.3,845.9,342.9,579.0,741.8,,,718.1,536.1,178.5,753.9,593.1,,,948.1,604.3,333.6,1482.2,455.4,,,202.3,74.3,131.8,280.8,161.2,,,1265.7,1151.7,1456.3,788.9,1596.0,,,732.0,571.1,465.0,355.5,1196.4,,,,,,,,,,,,,,,,,84.1,138.9,125.6,126.8,192.7,,,58.7,26.7,26.4,92.7,36.3,,,105.1,37.1,53.8,215.9,36.8,,,84.1,23.6,36.2,103.8,44.9,,,215.0,202.5,315.3,235.9,284.7,,,144.3,55.5,47.9,66.4,171.7,,,,,,,,,,,,,,,,,188.8,340.2,682.1,279.7,429.9,,,331.8,674.4,928.0,508.6,710.7,,,699.3,788.9,1495.6,914.8,890.3,,,1237.4,1248.5,1295.2,776.4,1636.9,,,536.4,535.4,893.1,707.7,714.4,,,1005.5,879.9,873.4,1630.5,791.9,,,,,,,,,,,,,,,,,363.7,301.2,775.7,456.6,611.8,,,253.7,87.4,244.5,102.2,337.6,,,127.0,55.8,110.5,46.7,185.1,,,636.2,364.5,196.7,242.7,900.9,,,265.5,91.5,68.0,133.9,268.7,,,834.0,633.8,505.5,1131.3,498.5,,,,,,,,,,,,,,,,,,,,,,,,,,,,,,,,,,,,,,,,,,,,,,,,,,,,,,,,,,,,,,,,,,,,,,,,,,,,,,,,,,,,,,,,,,,,,,,,,,,,,,,,,,,,,,,,,,,,,,,,,,,,,,,,
20260902_宇都宮_12R,20260902,24,宇都宮,12,27.2,14.4,34.4,72.2,31.5,,,42.1,39.9,75.6,90.1,141.6,,,9.9,21.3,23.5,53.8,38.6,,,27.1,47.9,20.8,104.2,82.1,,,130.2,103.9,114.7,207.8,339.7,,,52.7,156.3,72.1,152.6,342.9,,,,,,,,,,,,,,,,,74.9,55.7,104.9,172.4,65.8,,,131.8,287.0,375.3,213.4,193.3,,,169.6,370.8,530.8,630.2,364.4,,,242.5,478.5,519.0,666.5,419.7,,,396.4,300.4,799.3,683.0,490.6,,,52.3,96.7,145.7,213.3,228.3,,,,,,,,,,,,,,,,,69.8,82.3,137.6,112.1,209.3,,,90.9,186.7,308.5,137.7,156.4,,,227.8,311.0,872.1,553.4,785.7,,,273.9,429.8,945.6,489.9,1052.4,,,68.3,78.0,166.9,272.7,290.6,,,337.1,187.2,733.5,1018.9,570.6,,,,,,,,,,,,,,,,,77.5,116.6,183.3,258.1,207.3,,,199.2,445.7,725.0,960.8,574.6,,,382.6,591.9,1716.0,1180.2,1543.3,,,482.9,932.8,1566.0,1929.6,1692.9,,,794.7,1319.0,1199.7,1837.1,2077.8,,,574.1,749.8,1789.5,1775.7,2221.7,,,,,,,,,,,,,,,,,79.0,140.9,80.3,298.6,244.5,,,217.8,484.6,605.1,737.8,539.7,,,378.5,511.7,1314.0,658.5,1389.4,,,380.9,625.1,1215.6,1159.4,1064.5,,,672.3,642.3,579.9,1068.7,783.9,,,714.8,663.6,1496.4,1469.3,1038.1,,,,,,,,,,,,,,,,,167.6,131.1,188.4,386.6,531.8,,,288.6,221.1,522.6,696.4,597.5,,,94.5,109.3,200.9,373.3,405.3,,,601.1,803.0,674.3,1759.8,1844.5,,,765.6,862.3,713.0,1560.7,1102.8,,,1044.4,829.1,937.3,1644.4,1197.6,,,,,,,,,,,,,,,,,112.9,327.7,159.2,430.4,643.2,,,75.3,129.5,206.3,284.7,317.7,,,560.6,330.4,1179.2,1575.0,1009.3,,,471.8,499.3,1067.0,1499.6,1582.2,,,730.0,614.3,1325.3,1521.1,1115.3,,,1141.2,873.2,1006.3,1820.2,1014.4,,,,,,,,,,,,,,,,,,,,,,,,,,,,,,,,,,,,,,,,,,,,,,,,,,,,,,,,,,,,,,,,,,,,,,,,,,,,,,,,,,,,,,,,,,,,,,,,,,,,,,,,,,,,,,,,,,,,,,,,,,,,,,,,
20260902_松山_1R,20260902,75,松山,1,48.9,72.8,35.1,158.6,74.5,,,42.0,14.8,33.3,154.0,61.0,,,129.4,47.0,117.1,303.2,166.7,,,34.7,52.4,78.5,144.6,62.7,,,236.7,240.5,320.6,217.3,212.1,,,100.4,98.6,136.3,89.4,215.5,,,,,,,,,,,,,,,,,75.3,128.2,51.7,225.9,96.1,,,116.6,245.1,132.8,400.7,350.7,,,258.5,311.4,183.7,565.7,378.1,,,35.6,80.0,83.2,120.7,40.8,,,298.8,405.7,530.2,222.8,262.3,,,102.8,243.0,214.4,99.2,253.0,,,,,,,,,,,,,,,,,67.8,34.7,60.4,254.1,129.3,,,133.1,244.3,187.9,476.0,436.8,,,83.6,245.4,203.9,550.7,454.2,,,118.8,214.0,231.4,593.7,311.0,,,688.8,621.2,870.2,919.4,1163.3,,,370.7,978.5,684.7,513.5,1212.8,,,,,,,,,,,,,,,,,438.4,182.9,393.8,890.6,433.4,,,409.3,570.0,373.1,1060.5,642.2,,,180.6,536.4,471.0,919.4,666.7,,,446.2,393.8,583.1,946.1,405.7,,,1239.1,1317.9,1273.8,1200.0,1295.5,,,493.5,835.2,982.8,546.7,1206.4,,,,,,,,,,,,,,,,,33.6,54.1,105.5,182.9,73.3,,,23.4,60.2,55.4,100.8,30.6,,,94.2,133.5,187.5,445.3,215.5,,,228.9,203.7,290.0,524.1,254.4,,,244.3,208.2,432.6,426.1,186.8,,,79.6,76.2,126.5,112.1,155.0,,,,,,,,,,,,,,,,,164.5,273.7,224.4,168.8,180.6,,,249.7,474.0,537.7,313.2,318.8,,,455.1,752.5,788.9,850.7,912.0,,,446.2,887.2,1041.1,760.0,603.2,,,224.6,304.4,635.1,561.6,252.2,,,276.0,426.9,850.7,755.0,337.7,,,,,,,,,,,,,,,,,243.3,300.0,379.3,204.3,527.8,,,221.3,557.4,445.3,165.1,419.9,,,565.7,883.7,880.3,500.0,1151.5,,,723.8,832.1,987.0,614.5,1145.7,,,191.6,156.9,311.9,348.6,343.9,,,492.4,479.0,767.7,873.6,368.3,,,,,,,,,,,,,,,,,,,,,,,,,,,,,,,,,,,,,,,,,,,,,,,,,,,,,,,,,,,,,,,,,,,,,,,,,,,,,,,,,,,,,,,,,,,,,,,,,,,,,,,,,,,,,,,,,,,,,,,,,,,,,,,,
20260902_松山_2R,20260902,75,松山,2,656.7,246.6,466.7,1011.6,177.2,,,969.5,618.1,725.5,1819.8,489.8,,,166.9,274.2,192.0,300.5,64.5,,,878.0,798.4,452.4,1612.6,379.6,,,1872.1,2246.6,1151.1,2048.8,1220.0,,,125.1,167.5,60.0,105.4,408.2,,,,,,,,,,,,,,,,,504.2,244.1,404.1,735.3,112.2,,,737.0,337.2,358.7,1151.1,400.6,,,120.6,181.2,157.7,108.8,41.8,,,894.9,574.5,486.2,1428.7,368.0,,,1962.4,1558.6,517.0,1662.0,1454.2,,,145.4,272.6,100.1,175.8,747.1,,,,,,,,,,,,,,,,,577.5,411.8,413.9,1143.0,361.5,,,429.1,227.3,244.7,864.0,259.3,,,183.6,169.1,104.7,292.4,107.9,,,192.8,187.9,112.3,507.4,120.8,,,1723.6,1441.4,846.1,1211.0,1494.3,,,207.6,259.5,132.6,136.7,688.7,,,,,,,,,,,,,,,,,43.1,85.3,54.9,89.5,18.8,,,29.1,49.8,38.3,24.0,16.3,,,125.8,88.0,71.9,107.2,81.3,,,99.2,70.1,78.2,95.4,67.1,,,127.2,60.6,101.8,87.6,75.8,,,19.1,26.0,60.0,38.5,54.0,,,,,,,,,,,,,,,,,864.0,784.9,527.1,1916.2,456.8,,,833.1,572.5,475.5,1543.8,588.0,,,348.0,334.8,236.0,804.3,219.6,,,319.0,294.0,244.1,426.3,203.6,,,2627.1,2606.0,1780.1,1027.6,1604.7,,,340.3,410.2,266.1,237.7,831.0,,,,,,,,,,,,,,,,,2449.3,3744.3,1566.1,3832.4,1872.1,,,2737.4,2808.2,604.3,2988.6,2692.2,,,3579.7,3132.3,1460.8,2934.7,3465.5,,,1324.2,529.6,1171.8,978.2,835.2,,,4021.7,3465.5,3290.5,1357.3,2467.8,,,1696.6,2101.6,3162.7,1171.8,2088.2,,,,,,,,,,,,,,,,,85.2,91.2,32.1,52.0,309.6,,,100.6,235.5,76.8,142.8,702.0,,,154.5,248.2,129.3,126.9,759.3,,,36.3,48.7,97.4,56.5,123.9,,,90.7,144.0,111.0,69.2,400.1,,,822.6,1215.5,1368.7,586.9,846.1,,,,,,,,,,,,,,,,,,,,,,,,,,,,,,,,,,,,,,,,,,,,,,,,,,,,,,,,,,,,,,,,,,,,,,,,,,,,,,,,,,,,,,,,,,,,,,,,,,,,,,,,,,,,,,,,,,,,,,,,,,,,,,,,
20260902_松山_3R,20260902,75,松山,3,131.3,107.9,91.2,742.0,285.5,,,158.4,122.8,289.1,700.1,111.6,,,87.9,95.4,139.8,83.2,143.0,,,165.8,480.3,290.3,983.7,485.6,,,1600.3,1267.4,589.5,1790.0,1523.1,,,421.9,258.0,358.7,568.3,1006.5,,,,,,,,,,,,,,,,,116.6,98.7,87.4,541.7,182.1,,,74.3,83.3,28.7,290.1,21.7,,,186.4,199.4,132.5,283.4,230.8,,,44.3,15.8,28.8,158.4,18.8,,,1346.0,902.0,874.7,849.0,1201.6,,,150.6,36.9,118.3,48.6,413.4,,,,,,,,,,,,,,,,,124.4,91.4,206.4,505.4,79.1,,,74.5,73.3,32.1,302.2,26.8,,,167.1,192.8,212.3,269.4,110.1,,,233.2,63.1,207.4,574.0,76.2,,,986.5,909.0,687.6,1315.4,571.1,,,34.7,14.2,19.0,20.7,99.0,,,,,,,,,,,,,,,,,210.3,210.3,333.2,122.3,296.8,,,330.1,375.8,431.3,441.8,619.0,,,347.2,471.8,890.4,448.0,357.2,,,805.7,553.8,1113.0,1105.9,832.7,,,268.7,496.1,479.6,956.6,817.1,,,665.2,731.0,410.9,840.8,933.5,,,,,,,,,,,,,,,,,218.4,674.3,458.1,1346.0,794.6,,,78.8,42.8,64.6,279.8,46.9,,,522.2,132.4,511.4,1315.4,171.9,,,828.8,454.5,876.9,1024.3,743.6,,,3276.1,1536.5,2553.4,2030.8,1799.3,,,538.4,189.2,232.2,560.1,1068.5,,,,,,,,,,,,,,,,,3185.9,2315.1,1030.4,4395.8,3472.7,,,3215.4,2462.9,2054.8,2968.1,3580.1,,,2572.3,2315.1,1950.9,3655.4,2067.0,,,980.9,1950.9,1837.4,2117.5,2534.8,,,4287.2,3157.0,3694.3,2480.5,2870.0,,,3617.3,3245.5,2042.7,2942.9,2870.0,,,,,,,,,,,,,,,,,511.4,235.7,597.7,633.7,1249.1,,,280.0,75.6,326.3,143.7,906.7,,,81.2,40.0,65.3,63.9,231.2,,,731.0,624.5,248.5,669.1,1024.3,,,543.4,204.1,186.9,495.3,1088.6,,,2315.1,2346.4,1068.5,2284.6,1877.1,,,,,,,,,,,,,,,,,,,,,,,,,,,,,,,,,,,,,,,,,,,,,,,,,,,,,,,,,,,,,,,,,,,,,,,,,,,,,,,,,,,,,,,,,,,,,,,,,,,,,,,,,,,,,,,,,,,,,,,,,,,,,,,,
20260902_松山_4R,20260902,75,松山,4,266.1,56.7,120.4,217.2,73.4,,,358.1,252.7,188.8,694.1,186.7,,,35.6,103.8,32.2,166.1,13.9,,,126.8,83.0,40.0,224.2,39.0,,,284.2,834.7,227.4,313.6,174.6,,,31.8,64.0,9.7,18.5,87.5,,,,,,,,,,,,,,,,,258.0,62.1,84.5,112.7,66.3,,,356.5,682.0,259.9,394.6,498.0,,,168.6,761.6,325.6,441.3,348.9,,,84.8,127.5,215.8,82.7,101.0,,,80.9,220.1,263.9,77.8,78.2,,,93.5,363.1,346.1,120.4,99.6,,,,,,,,,,,,,,,,,606.0,606.9,241.0,1121.7,476.2,,,670.3,1439.2,317.5,800.5,754.2,,,1179.1,2038.9,991.0,2187.0,2139.2,,,102.1,119.2,280.2,242.5,143.5,,,1755.5,1115.3,2104.7,879.7,1787.5,,,672.6,918.9,1572.2,381.9,1368.8,,,,,,,,,,,,,,,,,282.8,618.4,277.4,827.6,113.6,,,460.5,1997.3,1118.5,1637.9,1014.1,,,1250.7,2049.6,1651.8,2302.8,2162.8,,,505.7,1283.5,1186.2,1957.3,665.7,,,1541.2,2127.5,2558.6,2330.2,2575.5,,,245.2,1131.4,1795.7,653.5,2224.3,,,,,,,,,,,,,,,,,113.5,65.5,69.9,265.4,52.2,,,113.0,102.7,242.5,185.5,127.7,,,30.2,43.1,133.8,96.5,38.4,,,265.0,468.2,465.4,856.6,370.3,,,415.1,200.8,233.4,789.2,198.0,,,70.4,103.9,69.4,203.1,156.0,,,,,,,,,,,,,,,,,424.5,1331.5,666.9,978.6,512.4,,,215.4,433.0,531.8,276.0,260.8,,,1624.3,820.7,1855.3,1081.4,1882.1,,,1471.7,1250.7,2249.8,1967.2,2211.7,,,840.0,460.0,727.6,1313.6,529.7,,,513.0,420.9,1644.8,1378.4,562.4,,,,,,,,,,,,,,,,,63.3,150.5,25.1,48.3,163.9,,,128.2,569.8,360.1,181.4,256.2,,,469.9,749.9,1084.4,257.2,1182.7,,,159.5,550.6,827.6,392.2,1032.9,,,106.3,172.9,131.5,244.9,263.2,,,436.9,363.4,1231.0,991.0,378.6,,,,,,,,,,,,,,,,,,,,,,,,,,,,,,,,,,,,,,,,,,,,,,,,,,,,,,,,,,,,,,,,,,,,,,,,,,,,,,,,,,,,,,,,,,,,,,,,,,,,,,,,,,,,,,,,,,,,,,,,,,,,,,,,
20260902_松山_5R,20260902,75,松山,5,284.7,94.7,57.3,57.8,100.8,,,1019.4,2007.0,1599.8,1791.1,2391.3,,,179.9,1132.4,332.0,352.0,553.6,,,101.4,888.4,336.2,225.5,342.1,,,99.2,797.1,279.0,209.3,347.9,,,241.4,1539.6,812.9,483.4,483.9,,,,,,,,,,,,,,,,,138.7,32.0,16.7,16.6,40.2,,,384.2,396.4,290.7,249.7,670.0,,,38.4,187.7,41.7,31.5,105.0,,,22.1,201.8,47.6,24.5,54.8,,,13.5,134.4,25.9,15.6,42.1,,,62.3,355.1,131.6,76.9,64.9,,,,,,,,,,,,,,,,,1577.4,2758.1,2120.6,2692.0,3355.0,,,1350.0,1387.5,1518.8,1070.4,1306.8,,,3305.6,1628.8,2957.7,2525.6,3655.0,,,2724.6,2007.0,3234.3,2957.7,3122.0,,,2417.0,1284.4,2341.5,2443.3,2539.9,,,3380.2,2270.5,3625.5,3100.4,3037.6,,,,,,,,,,,,,,,,,126.0,707.9,233.9,227.2,399.2,,,53.9,195.7,54.7,48.8,135.9,,,1135.2,763.2,1259.3,1400.5,1904.9,,,273.1,151.2,892.0,247.8,377.1,,,166.1,81.5,531.4,162.4,299.7,,,621.8,355.1,1161.6,468.7,532.0,,,,,,,,,,,,,,,,,111.2,979.4,386.5,251.0,356.2,,,73.7,466.3,133.7,94.8,152.2,,,2016.0,1241.9,2443.3,1937.8,2497.6,,,386.5,198.3,1413.7,382.9,556.4,,,243.6,141.5,923.1,323.2,359.3,,,463.9,292.4,1400.5,706.8,501.1,,,,,,,,,,,,,,,,,73.7,614.1,172.7,129.0,250.5,,,32.8,214.4,51.6,37.3,70.8,,,1135.2,551.6,1072.9,1149.7,1186.2,,,174.9,90.3,566.9,173.6,319.5,,,124.2,77.8,681.1,176.9,281.1,,,319.7,147.6,785.9,434.7,331.0,,,,,,,,,,,,,,,,,459.6,2193.0,1088.5,856.3,881.5,,,303.9,1040.6,362.2,347.1,258.2,,,2863.5,1850.0,3257.7,2470.1,2391.3,,,1035.8,506.8,2366.1,975.2,879.7,,,981.5,532.6,2151.0,1107.3,804.2,,,642.2,298.5,1488.6,861.2,610.8,,,,,,,,,,,,,,,,,,,,,,,,,,,,,,,,,,,,,,,,,,,,,,,,,,,,,,,,,,,,,,,,,,,,,,,,,,,,,,,,,,,,,,,,,,,,,,,,,,,,,,,,,,,,,,,,,,,,,,,,,,,,,,,,
20260902_松山_6R,20260902,75,松山,6,391.3,514.5,229.1,447.3,673.9,,,226.9,220.3,59.7,360.1,137.4,,,646.7,436.0,163.8,754.7,720.8,,,73.1,37.0,42.7,98.1,80.8,,,604.0,895.5,887.0,387.7,1369.6,,,605.5,249.5,681.8,209.5,948.4,,,,,,,,,,,,,,,,,525.0,749.9,330.5,469.4,911.3,,,567.2,1041.8,489.1,406.3,555.7,,,1268.9,1338.1,1248.5,599.3,1651.3,,,280.5,460.1,922.1,351.9,726.5,,,230.0,233.8,183.0,191.9,638.8,,,1178.9,814.1,1791.1,1093.1,1365.6,,,,,,,,,,,,,,,,,86.4,80.8,15.4,164.4,36.2,,,159.9,296.4,131.1,157.4,143.4,,,198.3,310.4,171.5,329.8,152.6,,,11.9,63.2,65.9,129.9,21.5,,,328.4,193.4,343.6,275.5,265.6,,,14.6,41.6,29.6,12.1,74.8,,,,,,,,,,,,,,,,,1381.8,893.8,455.6,1583.9,1181.9,,,1562.7,1611.3,1446.2,680.8,2015.9,,,754.7,1039.4,608.7,1297.1,563.1,,,406.7,1235.2,703.4,1279.3,1297.1,,,1446.2,572.1,1578.6,1334.3,2249.7,,,1381.8,1990.1,719.7,1209.5,2328.4,,,,,,,,,,,,,,,,,42.9,21.2,18.1,55.1,49.9,,,135.1,235.4,366.9,199.3,319.4,,,30.1,124.5,101.3,187.7,55.2,,,153.9,492.7,319.8,545.3,598.5,,,163.7,200.5,278.8,306.3,563.7,,,125.7,318.0,101.3,340.9,467.0,,,,,,,,,,,,,,,,,555.0,1225.5,1046.4,531.0,2015.9,,,269.9,325.6,286.4,271.0,625.0,,,1095.7,503.9,1228.7,916.7,1138.6,,,1051.2,454.3,1251.8,1003.6,1870.2,,,439.7,421.0,576.3,843.6,1353.7,,,1805.0,1542.0,1693.4,2107.2,1833.4,,,,,,,,,,,,,,,,,712.0,194.6,488.1,223.4,1021.2,,,906.0,437.6,1065.6,746.3,1065.6,,,62.7,100.1,75.2,44.5,213.6,,,555.7,625.0,245.2,384.8,1255.2,,,179.5,326.8,101.6,298.5,690.9,,,1424.1,1411.1,830.1,1628.2,1297.1,,,,,,,,,,,,,,,,,,,,,,,,,,,,,,,,,,,,,,,,,,,,,,,,,,,,,,,,,,,,,,,,,,,,,,,,,,,,,,,,,,,,,,,,,,,,,,,,,,,,,,,,,,,,,,,,,,,,,,,,,,,,,,,,
20260902_松山_7R,20260902,75,松山,7,653.9,1136.0,236.6,1413.6,1249.2,,,1002.7,3269.7,981.7,2124.4,3327.6,,,2364.9,3327.6,2278.9,3650.6,3241.5,,,275.2,780.1,1178.7,1553.8,1627.7,,,3298.4,3449.7,4322.0,3008.1,3958.1,,,2335.5,4000.2,3916.8,2648.0,4087.1,,,,,,,,,,,,,,,,,193.7,400.8,61.7,383.6,503.3,,,188.5,405.6,65.3,265.5,662.0,,,653.9,636.2,169.9,895.2,570.5,,,8.6,14.9,34.0,45.5,53.6,,,835.6,580.2,1274.6,257.1,1122.4,,,1044.5,1397.8,893.1,316.2,1216.8,,,,,,,,,,,,,,,,,591.2,1852.3,647.1,1189.9,2112.4,,,267.6,502.0,93.2,282.7,638.4,,,1372.3,712.1,297.0,398.3,876.5,,,251.0,75.2,158.8,103.2,363.3,,,651.6,255.1,293.5,150.4,589.3,,,2441.6,1732.8,1367.3,1002.7,1547.4,,,,,,,,,,,,,,,,,1757.1,3357.3,1852.3,3760.2,2379.8,,,781.7,921.6,318.1,1372.3,683.6,,,1948.2,1002.7,626.7,1021.7,928.4,,,682.4,221.1,318.3,660.8,205.4,,,3686.4,2089.0,1620.7,1534.7,1899.0,,,954.3,455.2,561.2,259.6,1002.7,,,,,,,,,,,,,,,,,46.6,151.9,286.8,305.9,397.0,,,4.3,6.3,14.7,23.1,26.8,,,74.4,20.7,51.6,39.1,90.0,,,208.9,57.1,72.0,180.7,56.6,,,338.1,135.6,113.7,297.4,302.0,,,293.7,162.4,239.6,159.2,289.6,,,,,,,,,,,,,,,,,2744.6,2224.9,3581.1,2764.8,3958.1,,,1627.7,1002.7,2224.9,656.2,2278.9,,,1338.1,579.3,848.8,449.7,1220.8,,,4322.0,2666.8,1642.0,1843.2,2523.6,,,1701.4,614.4,566.2,1319.3,1342.9,,,4043.2,2848.6,3133.5,2744.6,1958.4,,,,,,,,,,,,,,,,,2173.5,3418.3,2827.2,2306.8,3650.6,,,1440.6,2379.8,854.5,808.6,2043.5,,,3241.5,2870.3,2306.8,1880.1,2490.2,,,1627.7,587.5,1193.7,603.5,1305.6,,,1880.1,724.5,1372.3,741.6,1372.3,,,2892.4,2611.2,2827.2,2425.9,1773.6,,,,,,,,,,,,,,,,,,,,,,,,,,,,,,,,,,,,,,,,,,,,,,,,,,,,,,,,,,,,,,,,,,,,,,,,,,,,,,,,,,,,,,,,,,,,,,,,,,,,,,,,,,,,,,,,,,,,,,,,,,,,,,,,
20260902_松山_8R,20260902,75,松山,8,351.8,122.5,116.2,1069.5,83.0,,,840.3,727.5,1060.1,1439.9,469.6,,,135.3,338.5,262.4,655.3,70.4,,,292.5,960.8,495.2,1876.9,296.6,,,2461.0,2134.3,1786.5,2679.8,1624.1,,,50.4,170.9,40.3,106.4,477.1,,,,,,,,,,,,,,,,,406.7,157.4,119.3,807.9,110.6,,,500.3,199.4,168.0,558.9,319.8,,,92.2,104.3,28.1,301.8,45.7,,,55.4,56.4,22.3,227.2,30.9,,,1799.8,1124.4,859.8,931.2,1358.7,,,134.9,239.1,72.4,75.5,562.2,,,,,,,,,,,,,,,,,699.0,636.3,958.9,1111.4,267.2,,,449.1,175.6,123.4,481.4,173.3,,,291.8,121.6,184.9,188.4,118.6,,,784.3,131.6,296.4,775.5,297.9,,,578.3,349.5,211.2,567.4,446.6,,,263.5,186.6,193.8,289.5,589.6,,,,,,,,,,,,,,,,,66.2,160.0,139.4,385.2,34.4,,,48.0,56.5,16.5,165.3,21.6,,,134.8,55.2,82.6,104.9,61.0,,,119.6,20.3,90.6,366.8,48.0,,,728.6,479.9,316.7,752.5,557.6,,,44.2,35.8,85.2,58.7,257.2,,,,,,,,,,,,,,,,,243.6,841.8,482.3,1728.9,188.2,,,75.4,62.0,31.8,259.8,34.3,,,730.8,161.5,316.5,717.8,332.8,,,261.7,53.8,221.6,712.5,129.6,,,1806.6,891.6,1091.3,1624.1,1484.2,,,228.6,101.7,415.4,202.4,1114.0,,,,,,,,,,,,,,,,,3194.5,2353.0,3396.9,3890.0,2905.8,,,3858.9,1869.6,1952.9,2525.5,3033.7,,,1502.7,1017.6,636.3,1526.4,1282.9,,,3014.8,1716.6,891.6,2593.3,1937.2,,,4053.5,2264.6,2665.0,2740.7,2621.5,,,3014.8,2679.8,2538.7,2035.3,2905.8,,,,,,,,,,,,,,,,,101.1,229.4,74.5,163.5,467.8,,,156.6,314.8,113.7,104.2,635.5,,,487.2,459.8,352.3,625.6,1124.4,,,94.8,90.4,224.3,145.5,465.6,,,309.6,184.7,533.0,220.7,1064.8,,,1475.1,1566.1,1475.1,1230.5,1855.2,,,,,,,,,,,,,,,,,,,,,,,,,,,,,,,,,,,,,,,,,,,,,,,,,,,,,,,,,,,,,,,,,,,,,,,,,,,,,,,,,,,,,,,,,,,,,,,,,,,,,,,,,,,,,,,,,,,,,,,,,,,,,,,,
20260902_松山_9R,20260902,75,松山,9,600.9,495.6,219.3,1000.6,186.2,,,941.1,1283.0,743.0,947.3,421.3,,,654.3,922.8,427.2,1224.2,159.7,,,199.3,366.7,315.5,676.0,113.3,,,1548.0,861.4,1414.7,1200.1,562.1,,,82.8,109.2,54.2,49.1,204.7,,,,,,,,,,,,,,,,,426.8,268.2,120.0,672.8,112.9,,,671.7,1186.8,318.8,586.0,588.5,,,326.1,1068.1,254.9,1073.5,227.8,,,30.5,61.2,73.7,107.3,19.1,,,1039.5,667.5,1217.2,527.4,746.9,,,65.4,269.3,121.2,57.0,429.8,,,,,,,,,,,,,,,,,1173.7,1600.2,680.3,761.6,523.6,,,1087.1,1780.2,465.9,812.2,689.1,,,1743.9,1810.4,1438.5,1302.6,1109.7,,,481.1,375.4,905.2,334.0,342.9,,,425.9,433.3,451.1,195.5,262.2,,,365.4,695.8,775.4,384.5,682.5,,,,,,,,,,,,,,,,,735.3,1012.4,442.7,1382.7,206.9,,,767.0,1542.4,381.4,1331.0,392.3,,,1356.3,1656.0,854.5,1238.4,916.8,,,340.4,308.9,524.8,732.8,188.1,,,1624.5,1391.7,821.6,1010.0,1057.5,,,56.4,204.2,325.4,80.5,377.7,,,,,,,,,,,,,,,,,85.4,219.8,182.2,441.8,75.8,,,21.1,38.9,44.8,71.7,12.3,,,285.0,150.4,436.4,174.7,187.2,,,252.3,150.6,407.3,605.1,122.7,,,497.9,292.2,207.6,737.9,328.9,,,39.5,38.7,125.9,64.4,213.3,,,,,,,,,,,,,,,,,2005.9,986.7,2347.5,1468.2,991.3,,,1841.6,989.0,1736.8,823.2,1310.6,,,418.8,369.6,392.3,227.6,300.0,,,2260.6,1787.7,1065.4,1695.4,1245.6,,,1039.5,610.3,370.8,1084.4,613.0,,,594.2,1133.3,611.2,1007.6,630.1,,,,,,,,,,,,,,,,,38.3,49.8,18.2,20.7,109.4,,,73.9,279.6,133.6,71.6,466.4,,,178.2,510.4,311.4,174.8,394.5,,,14.4,97.6,128.6,32.7,162.6,,,31.5,55.6,116.1,50.8,218.8,,,239.9,702.7,272.3,351.3,292.6,,,,,,,,,,,,,,,,,,,,,,,,,,,,,,,,,,,,,,,,,,,,,,,,,,,,,,,,,,,,,,,,,,,,,,,,,,,,,,,,,,,,,,,,,,,,,,,,,,,,,,,,,,,,,,,,,,,,,,,,,,,,,,,,
20260902_松山_10R,20260902,75,松山,10,66.4,106.0,117.9,388.7,132.3,,,37.5,146.8,31.9,181.8,49.2,,,146.8,216.6,442.0,707.6,428.3,,,106.1,54.1,314.2,308.7,106.4,,,352.1,219.8,495.3,310.5,329.2,,,159.4,92.4,384.1,132.2,385.6,,,,,,,,,,,,,,,,,112.7,205.6,184.4,615.5,227.6,,,83.1,126.2,90.3,642.8,151.8,,,102.4,109.6,151.6,440.0,182.1,,,221.1,147.7,231.2,1103.4,237.3,,,1177.6,1551.7,1292.5,1940.9,1909.8,,,363.7,282.2,308.1,299.5,1348.1,,,,,,,,,,,,,,,,,34.0,121.1,24.0,145.4,37.8,,,52.6,82.8,50.3,433.3,77.6,,,198.2,105.3,178.1,683.3,237.7,,,17.6,27.7,92.4,226.0,20.4,,,339.9,893.3,1047.2,645.5,723.1,,,47.6,65.3,184.9,35.5,373.5,,,,,,,,,,,,,,,,,189.5,337.4,568.0,871.1,578.5,,,121.9,98.0,195.0,532.0,207.8,,,374.5,166.6,322.2,1182.3,461.9,,,621.3,275.7,344.8,1152.5,483.2,,,958.0,1244.0,1251.8,1485.9,1568.1,,,716.2,405.9,568.0,546.6,1508.5,,,,,,,,,,,,,,,,,76.5,38.3,303.2,327.9,92.3,,,125.0,86.3,184.1,827.6,141.3,,,25.3,41.7,142.6,322.6,36.9,,,329.9,149.1,239.7,1008.2,359.6,,,716.2,1555.8,919.5,1493.4,983.3,,,87.0,118.4,58.8,267.6,451.7,,,,,,,,,,,,,,,,,773.8,477.0,925.2,789.2,801.9,,,1504.7,2013.1,1973.1,2590.7,2648.3,,,856.1,1778.7,1722.1,1539.7,1979.6,,,1717.2,1692.8,2231.7,2568.4,2672.1,,,1392.2,2648.3,1953.7,2493.2,2033.7,,,1259.7,2374.0,2223.4,2472.5,2026.8,,,,,,,,,,,,,,,,,151.2,88.6,400.9,127.3,420.8,,,167.9,154.7,241.6,164.2,818.5,,,63.2,106.1,254.8,55.5,455.9,,,547.1,314.2,399.6,430.8,1071.7,,,96.7,124.9,62.1,282.8,495.7,,,705.1,1551.7,1034.5,1425.5,1043.5,,,,,,,,,,,,,,,,,,,,,,,,,,,,,,,,,,,,,,,,,,,,,,,,,,,,,,,,,,,,,,,,,,,,,,,,,,,,,,,,,,,,,,,,,,,,,,,,,,,,,,,,,,,,,,,,,,,,,,,,,,,,,,,,
20260902_松山_11R,20260902,75,松山,11,2127.9,5864.1,5365.0,4462.9,4757.6,,,1432.7,1140.9,1233.0,604.6,358.4,,,5308.5,2586.2,6003.7,4310.3,4133.7,,,5422.7,2711.3,3849.7,3056.4,3502.1,,,4669.5,1242.1,4713.2,5541.9,1715.3,,,2786.2,668.8,3075.0,3019.8,1523.6,,,,,,,,,,,,,,,,,3939.9,6549.5,6549.5,5146.0,4944.2,,,2966.5,3001.8,3056.4,2271.6,2110.1,,,6226.1,4347.5,5199.1,4067.0,4002.5,,,6815.0,4385.3,5603.5,5933.1,3681.1,,,5603.5,3253.6,4757.6,6076.0,4100.1,,,3879.3,2521.5,3362.1,4347.5,3551.5,,,,,,,,,,,,,,,,,76.5,51.2,69.6,31.5,16.8,,,158.2,135.2,175.5,110.9,77.8,,,39.2,68.9,43.4,24.4,13.2,,,85.2,147.1,76.9,64.3,39.9,,,28.7,63.3,26.6,48.0,10.7,,,8.8,28.8,7.4,18.5,4.5,,,,,,,,,,,,,,,,,4584.6,2136.9,6635.7,4584.6,3151.9,,,4502.8,3654.4,4849.1,5864.1,3970.9,,,615.0,918.6,690.8,465.2,292.1,,,4896.2,4993.2,2155.1,4034.5,3317.8,,,3576.7,4584.6,1355.6,3628.1,2484.3,,,2017.2,1977.7,610.5,2472.1,1692.3,,,,,,,,,,,,,,,,,7416.3,2586.2,7416.3,7103.0,3849.7,,,6383.7,4896.2,4347.5,8134.1,1788.3,,,1681.0,2711.3,1496.4,1546.9,939.1,,,4757.6,6549.5,2496.6,4347.5,4167.8,,,6303.9,7204.5,2711.3,4757.6,2711.3,,,3407.5,5199.1,1432.7,3339.8,2696.8,,,,,,,,,,,,,,,,,4002.5,996.6,3763.5,5541.9,1675.4,,,4310.3,2345.6,5253.2,6383.7,4462.9,,,396.7,766.4,480.7,812.1,220.3,,,3909.4,6076.0,1334.1,4237.9,2740.8,,,5541.9,5666.4,2231.4,4502.8,3093.9,,,1221.1,2324.0,365.7,1782.0,2356.6,,,,,,,,,,,,,,,,,1820.6,373.5,1542.2,1782.0,871.0,,,2378.8,878.5,2740.8,2412.9,2401.5,,,105.0,176.7,106.9,145.6,66.8,,,1528.2,2025.3,430.6,1698.0,1140.9,,,2390.1,2966.5,689.8,2192.6,1653.4,,,636.7,1496.4,233.6,889.4,1057.2,,,,,,,,,,,,,,,,,,,,,,,,,,,,,,,,,,,,,,,,,,,,,,,,,,,,,,,,,,,,,,,,,,,,,,,,,,,,,,,,,,,,,,,,,,,,,,,,,,,,,,,,,,,,,,,,,,,,,,,,,,,,,,,,
20260902_松山_12R,20260902,75,松山,12,60.8,100.2,58.2,48.0,85.5,,,52.1,127.0,55.0,55.3,114.4,,,179.6,259.9,113.2,243.4,190.6,,,23.3,33.9,26.3,26.2,37.5,,,48.8,70.6,154.2,71.5,162.2,,,167.3,242.0,212.8,140.3,274.0,,,,,,,,,,,,,,,,,129.6,232.4,163.7,118.1,189.9,,,139.0,204.5,278.4,43.0,157.7,,,384.6,346.3,482.1,179.2,266.4,,,327.0,470.2,448.9,329.3,509.0,,,99.0,38.8,89.6,154.7,98.9,,,321.4,273.9,316.1,501.7,236.7,,,,,,,,,,,,,,,,,58.1,193.8,64.5,65.3,170.8,,,82.2,133.6,180.4,20.1,98.0,,,351.6,249.5,457.4,315.8,405.7,,,134.4,239.6,313.2,269.1,398.6,,,57.1,11.0,139.7,127.4,132.0,,,290.5,192.7,430.5,577.3,246.3,,,,,,,,,,,,,,,,,387.3,480.9,274.6,636.0,438.0,,,465.4,454.8,648.6,300.7,311.3,,,538.7,443.4,930.8,511.7,664.6,,,372.0,674.8,963.4,760.8,450.6,,,729.3,276.1,590.9,803.1,320.3,,,351.6,206.8,466.7,332.0,234.6,,,,,,,,,,,,,,,,,92.7,108.7,95.2,124.7,109.3,,,314.8,496.0,571.5,441.7,601.7,,,246.8,456.4,773.2,480.1,731.6,,,258.6,601.1,832.5,783.5,513.9,,,462.6,496.8,754.5,812.5,864.8,,,317.0,691.8,912.1,697.5,1075.5,,,,,,,,,,,,,,,,,134.0,167.0,429.2,277.8,445.7,,,100.4,41.4,112.6,173.8,128.2,,,106.2,32.2,172.6,231.1,245.1,,,821.5,328.8,593.0,1011.1,692.2,,,540.7,463.5,623.3,749.2,911.4,,,887.5,435.4,740.3,884.8,1218.4,,,,,,,,,,,,,,,,,404.1,503.8,497.5,345.8,735.2,,,472.8,368.6,417.6,803.1,430.0,,,492.3,377.8,693.8,960.2,488.8,,,348.8,252.7,488.6,397.5,291.9,,,493.1,875.0,1124.6,600.5,1124.6,,,849.9,374.0,615.5,415.9,984.2,,,,,,,,,,,,,,,,,,,,,,,,,,,,,,,,,,,,,,,,,,,,,,,,,,,,,,,,,,,,,,,,,,,,,,,,,,,,,,,,,,,,,,,,,,,,,,,,,,,,,,,,,,,,,,,,,,,,,,,,,,,,,,,,
20260902_弥彦_1R,20260902,21,弥彦,1,33.2,34.8,84.8,179.4,201.0,,,15.9,11.6,9.2,105.8,53.4,,,24.8,26.0,98.8,225.7,102.7,,,177.1,60.3,311.6,683.9,420.3,,,344.1,282.4,564.3,823.5,409.1,,,215.7,127.1,201.8,292.6,367.2,,,,,,,,,,,,,,,,,68.3,56.5,173.5,380.6,359.4,,,125.8,140.6,216.8,671.1,357.4,,,40.6,60.2,119.3,160.5,145.2,,,388.0,394.6,318.9,1204.5,1109.3,,,625.6,763.1,403.5,1306.9,766.7,,,467.8,620.8,333.8,999.4,803.0,,,,,,,,,,,,,,,,,32.5,26.4,22.1,216.9,109.3,,,119.9,188.3,346.3,1065.4,653.4,,,66.2,115.8,195.0,819.3,425.8,,,117.0,365.1,315.5,1076.0,791.2,,,906.7,1655.4,1855.2,1515.5,1574.7,,,408.6,815.2,723.8,879.6,1409.6,,,,,,,,,,,,,,,,,23.9,26.0,103.2,277.0,93.4,,,22.2,29.7,101.0,180.4,70.2,,,43.6,60.8,146.8,514.8,206.6,,,465.8,401.5,484.7,1622.2,1083.2,,,776.0,497.4,1204.5,1754.4,735.3,,,172.4,164.4,250.8,622.0,504.4,,,,,,,,,,,,,,,,,860.8,286.1,886.8,2541.8,1992.7,,,1021.5,1054.9,978.2,3668.4,2989.0,,,314.0,789.2,1083.2,2289.5,1910.1,,,955.0,1152.9,1256.1,3074.4,2690.1,,,4304.2,4611.7,3985.4,3294.0,2541.8,,,2961.6,3362.7,2882.3,3328.0,3045.4,,,,,,,,,,,,,,,,,761.3,526.6,1186.8,1866.0,631.7,,,949.4,1178.1,836.3,2096.2,1124.8,,,949.4,1614.0,1508.5,1921.5,1582.4,,,1117.0,823.5,1574.7,2690.1,1236.8,,,3508.9,3471.1,3434.2,3398.1,2464.2,,,387.0,477.5,531.8,575.4,990.2,,,,,,,,,,,,,,,,,166.1,150.1,156.1,538.0,271.5,,,327.4,430.4,316.8,682.4,532.7,,,326.7,457.9,424.7,625.6,738.7,,,149.2,142.9,199.8,499.7,300.2,,,1385.4,1286.1,1415.8,1690.1,1397.4,,,350.8,380.6,488.3,408.1,691.2,,,,,,,,,,,,,,,,,,,,,,,,,,,,,,,,,,,,,,,,,,,,,,,,,,,,,,,,,,,,,,,,,,,,,,,,,,,,,,,,,,,,,,,,,,,,,,,,,,,,,,,,,,,,,,,,,,,,,,,,,,,,,,,,
20260902_弥彦_2R,20260902,21,弥彦,2,16.5,18.2,44.9,29.0,227.0,,,46.8,92.8,189.3,124.0,583.7,,,21.6,45.7,57.8,16.3,239.9,,,86.4,145.8,118.4,155.0,318.2,,,62.5,106.5,38.0,159.1,403.6,,,682.3,1158.6,871.6,722.2,846.5,,,,,,,,,,,,,,,,,11.3,16.4,36.5,24.5,154.7,,,9.2,35.5,32.7,80.9,148.5,,,41.8,82.1,189.4,237.9,691.0,,,62.2,72.0,176.5,284.2,200.3,,,185.7,289.2,457.6,577.5,1237.1,,,559.8,600.1,1225.2,594.5,1552.6,,,,,,,,,,,,,,,,,80.8,218.2,326.1,427.5,1245.1,,,42.5,104.1,98.8,277.5,434.8,,,433.3,359.4,1121.3,1345.6,3019.7,,,369.8,241.6,606.8,1304.4,1108.4,,,839.1,724.9,1336.2,1759.2,3723.3,,,2352.8,1364.7,4079.8,1792.0,3618.0,,,,,,,,,,,,,,,,,67.1,136.8,158.8,84.8,511.3,,,111.1,214.7,407.5,585.5,1389.5,,,305.8,418.6,900.2,1098.8,1800.5,,,339.0,591.8,998.7,1229.1,939.9,,,366.9,980.8,1194.7,1404.7,3222.7,,,1727.5,2905.3,3551.0,1719.7,2950.0,,,,,,,,,,,,,,,,,93.4,152.3,106.8,163.4,236.0,,,78.2,96.9,193.5,360.4,249.3,,,225.4,164.8,474.6,662.3,446.9,,,210.7,377.4,576.7,844.7,689.7,,,535.6,754.9,958.7,1071.2,1074.2,,,194.1,251.9,318.7,438.2,478.7,,,,,,,,,,,,,,,,,506.6,798.9,479.3,973.3,2367.3,,,674.0,1217.4,1540.1,1936.9,4565.5,,,1127.9,1253.2,1667.4,3250.0,5182.5,,,697.2,1817.5,2118.8,2191.4,5478.6,,,1162.1,2130.6,3169.4,2269.2,3019.7,,,4168.5,6612.2,7375.1,7670.1,3759.8,,,,,,,,,,,,,,,,,1908.0,3169.4,2556.7,1558.9,3043.7,,,1591.3,2007.8,2739.3,1480.7,4079.8,,,3486.4,2644.8,6848.3,2427.2,5639.8,,,2883.5,5113.4,6391.8,2506.5,5182.5,,,694.7,924.1,983.3,1317.8,1447.2,,,4261.2,5182.5,6087.4,6848.3,2539.7,,,,,,,,,,,,,,,,,,,,,,,,,,,,,,,,,,,,,,,,,,,,,,,,,,,,,,,,,,,,,,,,,,,,,,,,,,,,,,,,,,,,,,,,,,,,,,,,,,,,,,,,,,,,,,,,,,,,,,,,,,,,,,,,
20260902_弥彦_3R,20260902,21,弥彦,3,19.4,11.3,52.2,109.2,366.6,,,70.2,155.3,172.6,387.1,1328.3,,,49.3,207.8,259.5,315.4,1205.1,,,218.9,179.4,303.9,263.9,1126.7,,,359.3,347.0,530.3,342.4,2028.1,,,1511.8,3079.7,3885.6,2614.8,3997.7,,,,,,,,,,,,,,,,,7.3,3.4,16.7,83.0,294.6,,,16.9,44.2,15.2,98.1,387.4,,,27.2,124.3,192.5,339.4,1307.4,,,58.4,33.0,138.1,197.5,441.8,,,238.1,216.2,466.1,347.6,1586.9,,,1126.7,1315.7,2550.7,1732.3,2550.7,,,,,,,,,,,,,,,,,71.3,150.6,115.9,442.3,923.9,,,45.8,123.6,50.3,217.9,615.9,,,366.9,332.0,483.4,1241.1,2927.9,,,83.2,77.9,177.6,261.3,287.1,,,921.8,684.9,1469.1,745.1,3102.7,,,2790.3,2717.4,4199.6,1060.6,4286.2,,,,,,,,,,,,,,,,,190.0,780.0,969.1,1139.0,3814.3,,,219.8,753.2,1263.7,1703.9,4376.5,,,982.9,853.7,1636.8,2790.3,8315.3,,,1517.4,1933.8,1847.8,2550.7,8152.3,,,2038.0,2631.4,3034.8,2790.3,8315.3,,,8846.1,7046.9,9999.9,9899.2,9999.9,,,,,,,,,,,,,,,,,317.1,140.4,285.1,323.5,1014.0,,,241.8,178.6,624.2,676.0,1404.6,,,106.1,133.0,215.7,309.1,368.9,,,915.7,1252.3,923.9,1517.4,3584.2,,,353.8,816.8,320.5,1085.5,1291.2,,,1697.0,2335.7,944.9,3779.7,1703.9,,,,,,,,,,,,,,,,,520.3,418.2,725.5,402.0,2389.4,,,454.8,458.3,905.8,746.4,3959.7,,,851.9,714.3,1458.8,804.1,3885.6,,,1428.7,2099.8,1942.8,1823.5,5330.3,,,389.6,1091.2,419.1,1184.5,1690.1,,,5774.5,6205.5,6114.2,6025.6,3223.0,,,,,,,,,,,,,,,,,6496.3,6815.8,7294.1,5618.4,8485.0,,,5695.4,6025.6,9449.2,7844.6,9999.9,,,7168.4,8152.3,9999.9,2991.1,9449.2,,,9999.9,9999.9,9999.9,9999.9,9999.9,,,5262.8,8315.3,2417.2,9449.2,3679.3,,,9899.2,9999.9,8315.3,9999.9,4116.5,,,,,,,,,,,,,,,,,,,,,,,,,,,,,,,,,,,,,,,,,,,,,,,,,,,,,,,,,,,,,,,,,,,,,,,,,,,,,,,,,,,,,,,,,,,,,,,,,,,,,,,,,,,,,,,,,,,,,,,,,,,,,,,,
20260902_弥彦_4R,20260902,21,弥彦,4,28.3,42.4,155.9,173.2,455.5,,,7.0,17.4,11.6,144.1,179.8,,,61.9,50.3,266.9,426.6,694.5,,,491.5,162.1,651.8,1701.5,1743.5,,,954.2,681.1,1220.9,2463.2,3138.4,,,1795.2,923.0,2290.1,2552.3,3026.3,,,,,,,,,,,,,,,,,57.4,51.1,279.8,139.7,592.5,,,56.4,68.5,166.5,198.5,602.6,,,23.3,32.3,182.6,25.2,198.5,,,915.0,762.0,824.2,1384.5,2769.1,,,242.5,338.9,105.7,837.3,788.9,,,1795.2,1765.3,1114.9,3138.4,1943.5,,,,,,,,,,,,,,,,,8.5,22.5,10.3,160.3,157.9,,,29.2,68.7,97.4,268.3,534.9,,,70.8,101.7,258.6,512.9,1200.2,,,53.9,163.5,402.3,763.3,634.2,,,811.6,1280.0,1908.4,1708.4,4655.8,,,771.7,1858.2,2824.5,1826.2,4605.2,,,,,,,,,,,,,,,,,45.2,62.0,354.5,548.1,855.9,,,21.5,24.8,136.0,32.2,174.7,,,51.4,57.1,161.5,509.8,1132.8,,,1091.9,925.0,1264.7,3026.3,2599.2,,,1299.6,506.1,1592.7,3530.7,2715.9,,,1989.1,1455.9,2599.2,4707.6,4279.6,,,,,,,,,,,,,,,,,2567.7,578.8,3560.3,6518.2,5502.3,,,2698.6,2787.3,3115.3,5967.3,7061.4,,,313.3,1272.3,2824.5,4655.8,2843.5,,,4194.8,4236.8,4367.8,6833.6,9999.9,,,8473.6,8646.6,8307.5,9014.5,5166.8,,,7846.0,9999.9,8307.5,9999.9,7181.0,,,,,,,,,,,,,,,,,3209.7,3652.4,4760.4,9999.9,9999.9,,,2421.0,2567.7,1086.3,4869.9,4814.5,,,3259.1,3310.0,3560.3,8147.7,9999.9,,,4707.6,1264.7,3997.0,6140.3,7846.0,,,9999.9,8147.7,9999.9,8646.6,6945.6,,,9999.9,7994.0,8646.6,9999.9,7061.4,,,,,,,,,,,,,,,,,3652.4,1826.2,4035.0,5967.3,6518.2,,,3749.4,4194.8,2787.3,7433.0,4760.4,,,1540.6,3560.3,5431.8,3590.5,6323.6,,,5104.6,3501.5,8307.5,9999.9,6945.6,,,7304.8,9999.9,4926.5,9999.9,7846.0,,,8646.6,6620.0,9999.9,8473.6,5431.8,,,,,,,,,,,,,,,,,,,,,,,,,,,,,,,,,,,,,,,,,,,,,,,,,,,,,,,,,,,,,,,,,,,,,,,,,,,,,,,,,,,,,,,,,,,,,,,,,,,,,,,,,,,,,,,,,,,,,,,,,,,,,,,,
20260902_弥彦_5R,20260902,21,弥彦,5,3.2,13.5,11.7,81.1,18.4,,,70.7,333.1,334.6,911.3,491.3,,,111.7,433.6,486.2,937.7,181.6,,,35.7,207.6,269.9,176.0,195.8,,,397.5,1311.6,1249.4,413.2,1358.2,,,79.1,270.4,105.1,231.3,632.2,,,,,,,,,,,,,,,,,4.7,19.8,17.3,112.2,22.3,,,51.6,303.7,365.1,946.1,419.7,,,205.0,627.4,917.3,1807.0,472.0,,,80.6,313.7,615.5,758.6,598.0,,,837.0,2378.8,2788.4,1791.7,3935.0,,,128.4,374.2,344.2,722.2,1664.2,,,,,,,,,,,,,,,,,281.6,1739.8,1234.7,3142.1,2074.1,,,238.0,1631.9,1670.8,2716.4,2251.6,,,3341.6,3598.7,6902.4,5767.8,5134.7,,,1940.3,1732.7,9356.7,5468.2,6791.1,,,5072.9,4048.5,5689.8,4953.5,8771.9,,,3029.1,3238.8,4626.9,6791.1,9999.9,,,,,,,,,,,,,,,,,551.1,1986.0,2043.9,3661.3,778.2,,,581.5,1503.7,2227.7,3568.2,1055.2,,,3214.1,3007.5,7017.5,5767.8,3827.7,,,2944.4,2664.8,6191.9,2923.9,2378.8,,,6191.9,4730.9,4678.3,4010.0,3598.7,,,580.7,564.4,1553.6,1242.0,2170.3,,,,,,,,,,,,,,,,,30.4,279.7,289.3,177.4,238.9,,,36.5,180.3,311.4,211.7,268.1,,,919.3,823.9,2263.7,2392.3,2263.7,,,782.6,592.1,1995.5,1619.4,961.3,,,215.5,209.2,884.5,736.1,694.8,,,475.2,409.5,1576.9,572.8,1074.1,,,,,,,,,,,,,,,,,1879.6,4730.9,5072.9,2115.8,5614.0,,,2536.4,3759.3,5263.1,2986.1,6791.1,,,5930.3,4127.9,5072.9,7136.4,9999.9,,,5398.1,6379.5,6191.9,5072.9,6683.3,,,1052.6,1324.0,3395.5,2406.0,2251.6,,,6683.3,6902.4,9999.9,6102.2,3423.1,,,,,,,,,,,,,,,,,112.1,572.0,202.5,554.0,1125.8,,,120.4,406.4,210.1,684.6,1087.9,,,1427.2,1482.5,1670.8,4168.8,5468.2,,,195.6,152.6,630.3,648.7,1242.0,,,843.7,855.7,2631.5,1012.1,1822.7,,,3451.2,2864.3,6015.0,2864.3,2352.2,,,,,,,,,,,,,,,,,,,,,,,,,,,,,,,,,,,,,,,,,,,,,,,,,,,,,,,,,,,,,,,,,,,,,,,,,,,,,,,,,,,,,,,,,,,,,,,,,,,,,,,,,,,,,,,,,,,,,,,,,,,,,,,,
20260902_弥彦_6R,20260902,21,弥彦,6,2.0,7.8,15.5,47.8,33.9,,,55.6,227.5,355.1,756.9,672.0,,,31.9,129.6,63.2,358.3,166.1,,,106.9,384.5,124.0,640.1,432.3,,,426.7,1211.9,871.6,1172.4,451.3,,,149.6,645.8,274.9,530.0,317.9,,,,,,,,,,,,,,,,,5.6,23.2,45.8,116.0,86.3,,,52.9,266.9,390.4,821.8,854.3,,,105.0,316.7,454.1,1215.3,1123.5,,,381.4,677.3,878.7,2437.5,2493.9,,,1008.0,2915.2,3818.1,4402.5,3479.4,,,503.4,1603.9,1452.6,2410.3,2084.3,,,,,,,,,,,,,,,,,249.9,1166.0,1452.6,2713.5,2730.7,,,223.2,1344.0,1909.0,2975.5,3994.9,,,1739.7,2125.3,3719.4,4793.9,8140.5,,,3081.7,2084.3,5830.4,6958.8,9999.9,,,5075.9,5075.9,5198.2,5830.4,8297.1,,,5676.9,7844.5,9999.9,9999.9,9999.9,,,,,,,,,,,,,,,,,46.8,237.7,101.6,611.1,383.8,,,68.3,261.3,174.2,837.7,787.3,,,717.8,706.1,1487.7,2876.3,3424.2,,,120.5,151.2,474.6,754.2,762.2,,,3081.7,3293.5,4402.5,3293.5,4689.6,,,956.6,1378.4,2819.9,2044.7,2396.9,,,,,,,,,,,,,,,,,876.9,2125.3,844.3,3595.4,2801.6,,,925.8,2599.1,1303.4,4402.5,5016.8,,,3595.4,2258.9,3958.2,6252.9,8629.0,,,625.2,801.9,1739.7,1917.5,2125.3,,,4541.5,6252.9,6537.1,4358.0,3293.5,,,4271.7,6741.4,8297.1,4494.2,4109.0,,,,,,,,,,,,,,,,,1909.0,5198.2,4229.9,5676.9,3451.6,,,2523.1,4793.9,5992.3,8629.0,5198.2,,,6344.8,5603.2,5326.5,8459.8,9999.9,,,5075.9,6637.7,5752.6,4847.7,8459.8,,,7312.7,8988.5,9805.7,5461.4,5136.3,,,3038.3,3565.7,7989.8,6076.7,3479.4,,,,,,,,,,,,,,,,,300.4,2084.3,946.1,2270.7,1287.9,,,463.9,1698.6,1685.3,3219.7,2223.9,,,4959.2,3886.9,6637.7,7844.5,8988.5,,,1276.4,1909.0,6439.5,3219.7,3958.2,,,4494.2,5016.8,7438.8,4494.2,3994.9,,,1250.5,1382.8,4447.9,2915.2,2437.5,,,,,,,,,,,,,,,,,,,,,,,,,,,,,,,,,,,,,,,,,,,,,,,,,,,,,,,,,,,,,,,,,,,,,,,,,,,,,,,,,,,,,,,,,,,,,,,,,,,,,,,,,,,,,,,,,,,,,,,,,,,,,,,,
20260902_弥彦_7R,20260902,21,弥彦,7,1.4,32.4,19.9,21.3,20.9,,,11.7,114.4,121.1,113.6,91.4,,,178.2,302.6,256.9,379.5,765.5,,,105.8,229.8,193.2,250.7,466.0,,,88.0,167.3,289.5,243.2,267.6,,,184.6,308.1,897.8,721.4,460.3,,,,,,,,,,,,,,,,,7.3,136.1,99.9,111.4,105.4,,,79.4,911.2,730.0,727.9,742.3,,,1095.1,1930.5,1969.5,1212.0,4139.2,,,603.7,1295.5,2052.2,2325.8,3618.0,,,585.6,1179.7,2907.3,2557.2,3786.3,,,866.0,1744.4,3757.2,4400.3,4036.6,,,,,,,,,,,,,,,,,175.6,1440.8,963.3,1453.6,1320.0,,,191.8,2873.1,1850.1,1945.9,2026.7,,,3645.0,5252.0,5746.3,3845.9,8421.3,,,2026.7,1885.8,8007.1,4933.7,8569.0,,,3151.2,3645.0,3971.0,4036.6,6105.4,,,1864.2,3728.5,9045.1,6343.3,6879.3,,,,,,,,,,,,,,,,,1383.6,2978.2,1829.3,4210.6,6512.4,,,2337.0,4284.5,3786.3,5746.3,9999.9,,,4884.3,6105.4,7514.4,4884.3,9999.9,,,2026.7,2598.0,4742.1,2087.3,6690.9,,,6105.4,7400.5,4481.0,2942.3,9768.7,,,9045.1,9999.9,9768.7,9045.1,9999.9,,,,,,,,,,,,,,,,,578.7,1252.4,1498.2,2026.7,3488.8,,,790.3,1907.9,2430.0,3876.4,5035.4,,,1922.9,1776.1,6600.4,7514.4,7400.5,,,1471.1,2026.7,4104.5,2114.4,5427.0,,,2190.2,3786.3,6600.4,2775.2,3700.2,,,4884.3,7631.8,8722.0,9577.1,5196.1,,,,,,,,,,,,,,,,,427.7,1037.0,2282.4,1436.5,2430.0,,,670.0,1480.1,3391.9,3591.4,5614.2,,,2293.1,2442.1,3488.8,6182.7,5679.4,,,4651.7,4522.5,3565.2,2611.9,6977.6,,,2078.4,3391.9,4933.7,1915.4,3618.0,,,4440.3,7182.8,6690.9,7078.7,4284.5,,,,,,,,,,,,,,,,,1323.6,2454.4,4651.7,4836.0,3757.2,,,1864.2,3234.6,9577.1,7400.5,9999.9,,,2996.5,4036.6,9999.9,9577.1,9393.0,,,9768.7,9999.9,9999.9,9999.9,9999.9,,,6600.4,8880.6,8880.6,9999.9,5252.0,,,5884.7,9577.1,9215.7,9999.9,4651.7,,,,,,,,,,,,,,,,,,,,,,,,,,,,,,,,,,,,,,,,,,,,,,,,,,,,,,,,,,,,,,,,,,,,,,,,,,,,,,,,,,,,,,,,,,,,,,,,,,,,,,,,,,,,,,,,,,,,,,,,,,,,,,,,
20260902_西武園_1R,20260902,26,西武園,1,246.1,559.2,118.5,179.4,408.2,,,211.2,90.5,65.7,77.0,76.3,,,863.0,198.8,405.2,396.0,334.4,,,90.7,62.8,161.0,62.5,138.5,,,112.8,43.5,115.8,47.6,119.0,,,287.3,92.0,235.3,128.8,178.1,,,,,,,,,,,,,,,,,258.2,796.6,103.7,205.7,482.1,,,276.8,267.5,145.1,617.3,247.9,,,1231.8,787.7,554.8,1851.9,1364.0,,,35.7,42.9,107.9,90.9,62.8,,,417.3,759.8,1616.4,302.9,1150.7,,,458.4,263.0,977.7,209.6,904.9,,,,,,,,,,,,,,,,,212.1,94.3,127.4,175.4,67.7,,,208.5,201.3,170.2,690.4,193.6,,,65.4,145.4,101.3,178.7,31.6,,,139.8,126.7,128.8,230.7,120.4,,,275.2,951.1,342.2,370.3,405.8,,,21.2,85.0,12.8,29.5,92.0,,,,,,,,,,,,,,,,,1441.4,304.6,749.7,887.7,413.0,,,1579.8,1132.1,1288.6,2118.4,1705.1,,,198.1,482.9,352.6,537.7,108.2,,,787.7,766.1,770.3,1226.4,1319.0,,,1357.4,2496.7,1127.5,1726.1,1804.1,,,484.6,1253.9,76.2,879.3,1242.8,,,,,,,,,,,,,,,,,49.6,105.6,212.4,68.7,141.9,,,25.4,27.3,81.1,70.9,46.1,,,118.6,92.2,148.1,267.8,140.9,,,413.6,305.2,395.5,882.1,713.3,,,147.1,194.7,277.1,489.7,519.7,,,141.5,134.2,117.1,488.8,482.1,,,,,,,,,,,,,,,,,170.9,117.3,232.6,95.4,212.8,,,364.5,902.0,1519.7,408.2,1377.5,,,322.1,1105.2,477.1,539.8,564.9,,,805.8,1902.3,960.9,1259.6,1674.4,,,210.4,370.8,490.5,907.9,759.8,,,497.5,1562.2,682.0,1398.1,951.1,,,,,,,,,,,,,,,,,322.9,112.3,311.4,155.7,170.2,,,456.1,367.9,907.9,287.6,935.2,,,44.6,171.2,33.9,60.5,209.6,,,445.2,1020.5,164.2,570.6,1024.3,,,210.4,228.4,169.0,514.9,628.4,,,424.3,1441.4,539.8,1412.3,776.7,,,,,,,,,,,,,,,,,,,,,,,,,,,,,,,,,,,,,,,,,,,,,,,,,,,,,,,,,,,,,,,,,,,,,,,,,,,,,,,,,,,,,,,,,,,,,,,,,,,,,,,,,,,,,,,,,,,,,,,,,,,,,,,,
20260902_西武園_2R,20260902,26,西武園,2,613.7,490.9,185.1,490.9,381.1,,,598.6,994.7,349.3,1045.2,217.8,,,755.8,1546.6,166.0,1013.5,1021.2,,,91.7,177.2,33.0,115.7,113.6,,,713.5,1274.1,1037.1,435.7,764.5,,,235.3,209.5,435.7,153.3,406.6,,,,,,,,,,,,,,,,,331.5,499.2,182.0,447.4,235.1,,,328.7,495.5,217.3,234.9,70.8,,,390.6,706.0,187.1,298.6,321.6,,,115.1,198.9,66.1,127.0,60.7,,,348.8,183.7,124.5,82.5,91.5,,,141.8,40.7,111.8,50.9,81.8,,,,,,,,,,,,,,,,,571.7,935.5,404.8,1256.2,228.8,,,411.0,652.6,304.4,426.0,98.3,,,1760.3,1119.5,894.9,1324.6,638.6,,,458.9,346.6,340.4,805.9,203.9,,,1858.1,737.1,1344.5,773.3,498.2,,,94.7,41.0,169.9,65.1,93.2,,,,,,,,,,,,,,,,,913.2,1704.3,334.0,1592.7,1351.3,,,558.6,1221.8,290.8,670.6,641.6,,,2500.7,2027.0,1537.7,1845.3,1478.3,,,189.3,203.1,646.3,396.4,329.5,,,2157.8,1101.1,1911.2,910.1,1583.2,,,1216.2,784.6,932.3,506.7,1233.0,,,,,,,,,,,,,,,,,38.0,160.2,20.9,154.9,59.8,,,66.8,225.9,62.1,160.6,70.8,,,312.9,281.6,333.2,773.3,185.6,,,39.1,46.4,208.3,155.5,78.2,,,407.8,299.9,913.2,359.1,410.3,,,109.0,81.0,137.4,102.1,271.9,,,,,,,,,,,,,,,,,1379.2,2058.2,2229.7,801.1,1379.2,,,987.3,677.4,477.8,341.2,312.9,,,2229.7,1029.1,1651.6,1199.8,576.6,,,2286.9,1210.7,1641.5,1017.3,1337.8,,,903.9,632.5,1438.5,604.0,655.8,,,1199.8,315.5,375.2,593.2,379.5,,,,,,,,,,,,,,,,,164.0,118.9,364.0,133.3,349.3,,,118.7,22.7,110.1,36.7,53.1,,,46.5,13.3,78.3,19.9,24.6,,,579.1,287.7,258.5,223.9,312.2,,,114.7,53.6,54.5,99.9,133.5,,,322.7,61.2,46.1,158.5,85.7,,,,,,,,,,,,,,,,,,,,,,,,,,,,,,,,,,,,,,,,,,,,,,,,,,,,,,,,,,,,,,,,,,,,,,,,,,,,,,,,,,,,,,,,,,,,,,,,,,,,,,,,,,,,,,,,,,,,,,,,,,,,,,,,
20260902_西武園_3R,20260902,26,西武園,3,405.9,674.7,1153.3,384.4,1118.8,,,353.3,557.0,805.5,151.9,810.5,,,878.5,717.3,1870.1,709.5,1596.4,,,1415.2,1454.5,1883.5,1558.4,1422.9,,,263.3,105.1,327.2,820.7,678.2,,,1195.5,1128.5,1769.0,1240.8,1018.7,,,,,,,,,,,,,,,,,324.8,476.0,928.4,365.1,899.7,,,112.2,113.2,341.3,105.5,274.7,,,305.1,228.8,263.1,236.0,382.7,,,881.5,662.8,528.9,1003.1,276.7,,,184.6,117.6,253.9,661.1,557.0,,,770.0,484.8,508.3,259.9,707.6,,,,,,,,,,,,,,,,,130.5,210.1,287.7,58.0,308.7,,,71.2,78.0,146.6,70.1,150.9,,,225.3,153.2,231.9,143.2,235.2,,,373.4,188.6,303.3,278.2,100.8,,,10.7,25.4,49.7,52.6,43.0,,,182.9,125.2,186.3,34.8,101.9,,,,,,,,,,,,,,,,,471.7,478.6,1190.0,522.5,1133.3,,,253.6,164.1,170.7,198.9,209.9,,,256.4,155.6,258.2,159.8,242.8,,,959.0,303.0,475.1,711.4,241.3,,,207.7,272.4,155.3,441.5,485.7,,,715.3,272.4,320.8,134.9,554.6,,,,,,,,,,,,,,,,,1168.8,1296.1,1567.7,1667.6,1038.9,,,1118.8,765.5,569.1,1229.1,290.9,,,987.9,648.0,1114.1,818.1,349.0,,,1883.5,661.1,1073.0,1128.5,429.2,,,1531.0,1454.5,1109.3,1462.6,750.1,,,367.2,134.0,170.1,196.2,308.0,,,,,,,,,,,,,,,,,43.8,18.9,65.5,242.4,207.4,,,64.0,48.2,141.2,423.6,360.1,,,5.8,15.5,31.3,80.6,62.8,,,191.2,240.6,134.3,618.9,593.6,,,488.4,694.4,385.0,781.5,356.6,,,275.0,383.3,183.3,553.5,280.9,,,,,,,,,,,,,,,,,820.7,616.0,1174.0,601.8,815.6,,,576.6,343.5,463.3,165.3,608.8,,,233.7,202.0,289.6,66.9,164.5,,,1123.6,432.7,523.6,205.5,779.2,,,199.8,63.8,70.4,90.7,163.3,,,448.3,507.3,258.7,648.0,298.1,,,,,,,,,,,,,,,,,,,,,,,,,,,,,,,,,,,,,,,,,,,,,,,,,,,,,,,,,,,,,,,,,,,,,,,,,,,,,,,,,,,,,,,,,,,,,,,,,,,,,,,,,,,,,,,,,,,,,,,,,,,,,,,,
20260902_西武園_4R,20260902,26,西武園,4,81.6,522.6,78.0,261.3,341.5,,,121.7,909.4,114.3,402.4,485.2,,,1268.1,1872.4,1390.0,2195.2,1883.5,,,84.9,89.8,610.9,247.5,325.1,,,648.2,702.6,1693.1,555.5,1523.0,,,772.6,869.7,2094.1,664.5,1808.6,,,,,,,,,,,,,,,,,25.9,204.7,22.9,104.0,119.2,,,26.7,173.1,15.0,75.4,109.0,,,596.0,644.3,435.4,1187.7,1258.1,,,18.1,11.7,127.0,53.7,76.4,,,201.7,155.2,680.1,129.5,425.5,,,328.8,290.6,1183.3,227.3,812.0,,,,,,,,,,,,,,,,,72.7,547.8,69.0,224.4,285.9,,,46.2,322.5,31.0,130.8,186.6,,,1427.4,1145.0,649.6,1153.3,2609.1,,,45.8,30.5,264.8,106.2,137.7,,,363.3,260.7,828.9,212.0,881.7,,,567.4,459.3,1649.3,331.9,1157.5,,,,,,,,,,,,,,,,,1624.0,2609.1,1964.9,3151.6,3386.3,,,1583.6,2225.9,1253.2,2567.0,3315.7,,,2744.0,2526.3,1309.9,1545.2,3835.1,,,1906.0,1402.2,1170.2,1343.1,3315.7,,,2842.0,2792.2,1427.4,1414.7,3835.1,,,3881.8,3701.3,4080.9,3978.9,4080.9,,,,,,,,,,,,,,,,,28.4,30.2,263.5,75.9,137.5,,,17.7,10.9,180.3,48.4,87.2,,,25.5,13.8,216.5,60.6,99.3,,,708.9,483.0,545.0,609.7,1666.5,,,137.1,90.2,117.6,510.1,364.6,,,226.8,203.1,192.9,1366.1,439.6,,,,,,,,,,,,,,,,,652.2,752.5,2241.6,672.9,2094.1,,,352.1,238.7,1112.9,240.2,1149.1,,,403.4,264.8,922.6,270.2,1354.5,,,3060.7,1829.3,1377.9,1293.9,3658.7,,,317.0,224.7,235.9,768.8,780.1,,,2893.7,2136.3,2974.9,3658.7,1583.6,,,,,,,,,,,,,,,,,1047.0,1136.8,2674.9,874.4,2587.9,,,936.2,831.1,2609.1,575.6,1778.2,,,1075.3,928.0,3658.7,535.8,2150.7,,,3881.8,3386.3,3881.8,4029.3,4133.9,,,741.9,562.3,539.5,2720.6,1112.9,,,2974.9,2467.5,2893.7,3497.9,1684.2,,,,,,,,,,,,,,,,,,,,,,,,,,,,,,,,,,,,,,,,,,,,,,,,,,,,,,,,,,,,,,,,,,,,,,,,,,,,,,,,,,,,,,,,,,,,,,,,,,,,,,,,,,,,,,,,,,,,,,,,,,,,,,,,
20260902_西武園_5R,20260902,26,西武園,5,235.5,519.7,379.8,312.1,131.7,,,344.0,431.6,756.8,538.6,179.0,,,947.8,628.8,1157.8,1147.5,460.3,,,920.7,1263.8,1251.5,1197.2,680.8,,,445.5,685.6,869.0,633.9,341.9,,,61.3,81.9,165.7,185.5,129.4,,,,,,,,,,,,,,,,,168.5,334.5,218.7,144.7,77.1,,,157.7,85.8,132.6,107.9,96.5,,,505.5,198.9,359.4,358.7,439.9,,,266.7,191.1,296.3,81.8,226.2,,,84.7,61.4,142.9,18.9,47.8,,,54.8,82.8,243.8,136.5,74.5,,,,,,,,,,,,,,,,,185.9,187.3,378.0,325.5,135.9,,,130.1,71.8,126.7,93.7,81.6,,,65.9,40.5,42.6,58.0,64.6,,,574.6,241.8,170.8,309.8,504.2,,,281.0,64.0,91.6,98.3,203.3,,,106.9,106.4,106.0,303.7,242.7,,,,,,,,,,,,,,,,,1001.8,649.9,1293.3,1356.9,726.9,,,889.0,374.3,680.8,733.8,837.0,,,215.8,155.4,181.2,303.0,207.1,,,1464.8,984.0,652.1,1333.5,1638.6,,,1310.9,790.8,586.8,1023.0,1263.8,,,445.0,521.8,379.1,1464.8,1371.3,,,,,,,,,,,,,,,,,1004.4,1824.1,1012.3,1186.2,981.5,,,617.7,442.9,619.7,180.7,567.0,,,1427.0,571.2,532.6,745.1,1204.7,,,1798.7,969.2,886.9,1193.5,2014.1,,,663.3,149.4,481.0,698.0,517.7,,,778.1,792.4,1306.5,1877.3,822.8,,,,,,,,,,,,,,,,,265.2,535.6,739.4,398.2,279.2,,,85.2,34.5,143.1,13.2,49.4,,,391.8,74.8,167.1,95.8,240.2,,,959.6,411.8,381.7,348.4,1048.0,,,159.9,24.1,77.4,153.1,98.7,,,174.3,92.8,183.8,605.2,88.4,,,,,,,,,,,,,,,,,27.4,37.2,81.4,67.5,51.6,,,58.3,85.6,251.1,140.3,91.8,,,77.6,109.1,93.8,255.9,224.7,,,251.4,356.7,270.4,849.9,669.0,,,292.5,323.6,589.5,846.2,388.2,,,126.8,124.5,192.8,485.2,133.6,,,,,,,,,,,,,,,,,,,,,,,,,,,,,,,,,,,,,,,,,,,,,,,,,,,,,,,,,,,,,,,,,,,,,,,,,,,,,,,,,,,,,,,,,,,,,,,,,,,,,,,,,,,,,,,,,,,,,,,,,,,,,,,,
20260902_西武園_6R,20260902,26,西武園,6,599.4,371.3,476.1,2035.9,820.0,,,929.8,1236.5,1211.1,2811.6,1699.1,,,323.5,696.6,494.0,1816.7,296.3,,,784.6,952.3,992.3,2434.8,1606.6,,,2880.1,3473.1,2811.6,3748.8,4217.4,,,956.1,1262.9,565.0,1186.8,2166.7,,,,,,,,,,,,,,,,,150.5,80.3,122.5,312.4,182.2,,,82.0,38.3,6.6,62.9,197.9,,,40.2,39.6,38.8,189.6,176.2,,,42.4,2.5,24.1,61.7,130.6,,,438.9,302.4,477.1,249.3,877.9,,,462.1,640.0,567.7,540.4,1063.8,,,,,,,,,,,,,,,,,713.5,1124.6,776.8,1802.8,1574.5,,,305.5,160.4,34.9,199.4,613.4,,,782.0,271.7,397.6,1108.8,1422.7,,,369.6,26.6,243.9,193.1,792.5,,,1775.7,570.4,1414.2,623.1,2035.9,,,2270.9,2127.7,2880.1,1951.8,2952.1,,,,,,,,,,,,,,,,,180.7,530.7,257.8,1440.0,229.5,,,119.4,137.7,78.4,507.9,534.3,,,682.5,269.2,419.4,1211.1,1262.9,,,638.3,171.3,260.3,1269.7,1476.0,,,3326.4,1157.7,1845.1,2127.7,3525.0,,,1026.8,1585.0,2845.4,2409.9,4294.1,,,,,,,,,,,,,,,,,531.9,636.5,605.5,1749.4,1349.5,,,140.2,7.5,88.3,152.4,351.9,,,286.9,17.2,205.9,193.2,722.2,,,855.7,256.1,348.3,1389.2,1628.7,,,2746.2,587.5,787.2,2186.8,2018.5,,,2567.1,1466.9,2127.7,4071.9,3027.8,,,,,,,,,,,,,,,,,2624.1,4456.1,4723.5,4819.9,5025.0,,,2989.5,1198.8,2361.7,1026.8,3107.5,,,3871.7,1217.4,2166.7,1736.5,4373.6,,,4541.8,2880.1,2624.1,2778.5,5623.2,,,4071.9,1276.6,1889.4,2486.0,3473.1,,,4630.8,3690.2,4373.6,5760.3,4002.9,,,,,,,,,,,,,,,,,2147.0,2567.1,1262.9,2845.4,3871.7,,,2053.7,2778.5,2338.3,1904.6,3871.7,,,2746.2,2539.5,4294.1,1093.4,3326.4,,,1431.3,2653.6,3235.2,3067.2,5623.2,,,4143.4,2434.8,3422.8,4002.9,3473.1,,,5025.0,4373.6,4217.4,5492.4,3107.5,,,,,,,,,,,,,,,,,,,,,,,,,,,,,,,,,,,,,,,,,,,,,,,,,,,,,,,,,,,,,,,,,,,,,,,,,,,,,,,,,,,,,,,,,,,,,,,,,,,,,,,,,,,,,,,,,,,,,,,,,,,,,,,,
20260902_西武園_7R,20260902,26,西武園,7,175.5,167.8,68.0,875.3,180.4,,,220.3,309.0,188.7,531.2,307.6,,,258.5,325.2,137.3,890.3,180.2,,,41.7,124.5,74.3,439.1,95.0,,,1372.9,925.0,1365.7,921.7,1248.1,,,138.2,230.6,91.5,67.9,515.5,,,,,,,,,,,,,,,,,184.7,126.2,53.4,1015.0,149.4,,,170.0,386.4,107.8,410.8,538.9,,,334.0,583.5,208.3,1242.2,697.4,,,16.6,49.4,35.6,248.6,61.9,,,1387.5,844.2,1441.2,722.6,2437.9,,,178.6,810.1,915.3,225.8,2248.8,,,,,,,,,,,,,,,,,160.0,164.4,113.3,281.4,227.0,,,119.6,246.5,78.1,264.5,390.5,,,229.6,367.4,172.8,475.1,747.4,,,72.0,43.3,87.0,158.7,250.5,,,149.9,223.9,191.5,133.0,434.7,,,306.5,712.7,955.5,594.2,1073.5,,,,,,,,,,,,,,,,,647.3,795.3,354.9,1482.1,603.8,,,627.0,836.0,306.5,1543.5,1073.5,,,825.5,858.0,543.4,893.3,1640.6,,,311.2,200.8,414.0,743.1,660.4,,,2103.7,2393.2,1169.7,1224.7,2835.4,,,928.3,1022.9,2173.8,887.2,2775.1,,,,,,,,,,,,,,,,,15.3,60.1,25.7,204.1,49.6,,,7.0,17.1,10.7,113.8,26.5,,,63.3,43.2,80.7,204.2,231.4,,,45.5,29.9,79.5,294.0,147.2,,,624.0,388.7,558.5,634.7,1144.1,,,97.0,86.8,369.4,298.4,841.4,,,,,,,,,,,,,,,,,2415.3,1590.6,3387.8,2248.8,2608.6,,,2689.2,1417.7,3142.9,1876.7,4347.7,,,893.3,893.3,774.0,785.7,1640.6,,,3302.0,3344.3,1507.8,1961.3,4075.9,,,2070.3,1562.0,1248.1,1543.5,2268.3,,,3387.8,4347.7,3478.1,3952.4,2804.9,,,,,,,,,,,,,,,,,204.1,400.7,169.0,115.7,815.1,,,303.3,1562.0,1590.6,360.3,2634.9,,,606.6,1661.5,2532.6,628.5,1799.0,,,1007.1,1672.1,2393.2,1534.4,3181.2,,,227.4,265.6,952.0,833.4,1704.9,,,2634.9,3387.8,3142.9,3726.6,2484.4,,,,,,,,,,,,,,,,,,,,,,,,,,,,,,,,,,,,,,,,,,,,,,,,,,,,,,,,,,,,,,,,,,,,,,,,,,,,,,,,,,,,,,,,,,,,,,,,,,,,,,,,,,,,,,,,,,,,,,,,,,,,,,,,
20260902_西武園_8R,20260902,26,西武園,8,143.0,42.5,255.9,268.2,79.1,,,178.1,97.4,185.4,607.7,294.2,,,12.8,26.4,33.1,178.5,19.1,,,337.7,242.6,130.4,1186.7,427.8,,,1103.4,1515.6,632.1,2396.1,1655.2,,,77.4,306.4,60.3,346.0,744.3,,,,,,,,,,,,,,,,,160.5,52.3,260.1,165.3,78.9,,,206.0,263.4,233.1,227.6,137.2,,,47.0,135.0,238.9,133.6,62.1,,,339.9,201.2,422.1,370.5,169.9,,,154.5,163.6,211.2,434.5,103.2,,,32.4,48.6,41.8,69.8,23.6,,,,,,,,,,,,,,,,,196.5,146.7,174.3,735.6,339.9,,,218.0,285.5,201.4,400.6,232.0,,,155.1,261.5,206.5,1026.9,392.5,,,110.3,109.6,131.7,468.5,163.5,,,1810.0,1277.1,1688.5,1437.6,2308.2,,,430.0,233.6,470.2,265.3,1192.3,,,,,,,,,,,,,,,,,10.7,23.0,36.7,147.5,18.2,,,39.8,145.4,202.4,224.2,70.6,,,106.8,209.1,222.8,895.3,287.5,,,162.1,351.8,247.3,1093.8,367.2,,,683.6,844.2,1405.5,1699.9,1221.3,,,73.3,87.1,254.1,274.9,570.5,,,,,,,,,,,,,,,,,450.0,318.8,267.0,1633.7,640.1,,,433.0,245.6,557.8,811.5,358.9,,,177.3,132.0,173.9,579.7,201.5,,,331.4,545.7,302.0,1771.8,527.4,,,3446.5,2246.3,1836.4,2705.3,2226.5,,,578.3,404.4,382.3,579.7,1215.4,,,,,,,,,,,,,,,,,1022.7,2466.6,2676.5,5031.9,3225.5,,,914.8,1170.2,1359.9,2308.2,708.7,,,2620.7,1572.4,2593.7,3399.9,3225.5,,,2648.3,1723.2,2593.7,3399.9,3354.6,,,4264.3,2419.1,3812.0,3031.2,2329.5,,,2995.1,852.8,3931.1,2859.0,2541.3,,,,,,,,,,,,,,,,,135.1,450.0,135.1,573.1,833.0,,,56.9,107.5,66.4,136.6,76.9,,,507.2,323.8,656.9,372.7,1251.7,,,110.9,128.3,401.2,491.3,855.7,,,575.7,373.8,508.2,655.1,1233.3,,,1655.2,559.1,2329.5,1735.1,1623.1,,,,,,,,,,,,,,,,,,,,,,,,,,,,,,,,,,,,,,,,,,,,,,,,,,,,,,,,,,,,,,,,,,,,,,,,,,,,,,,,,,,,,,,,,,,,,,,,,,,,,,,,,,,,,,,,,,,,,,,,,,,,,,,,
20260902_西武園_9R,20260902,26,西武園,9,161.3,138.6,185.2,697.3,400.0,,,59.4,15.1,57.6,129.1,252.1,,,28.2,7.6,31.0,16.6,170.6,,,78.9,109.9,79.7,440.2,581.1,,,647.3,396.9,196.9,836.0,1519.0,,,958.8,1149.2,977.2,1496.8,2160.8,,,,,,,,,,,,,,,,,527.2,453.2,667.0,2073.2,961.8,,,465.6,462.8,477.2,1339.9,838.3,,,519.1,576.7,711.9,1050.8,949.9,,,324.0,270.3,383.0,1541.9,266.3,,,2622.6,2342.3,1723.8,3131.0,2474.5,,,1247.3,1140.6,986.6,750.2,3068.4,,,,,,,,,,,,,,,,,62.5,11.7,53.7,117.7,232.1,,,133.1,119.2,99.1,291.4,184.2,,,12.7,50.7,59.0,41.6,185.5,,,87.5,54.2,68.3,288.6,332.8,,,360.1,590.0,277.6,684.9,797.0,,,820.4,632.6,697.3,899.8,1033.1,,,,,,,,,,,,,,,,,45.2,11.1,47.8,20.7,210.0,,,209.3,248.0,414.0,510.5,430.9,,,19.0,82.0,92.4,57.7,327.1,,,167.9,273.2,237.8,394.9,1033.1,,,90.6,274.9,136.6,338.6,658.4,,,986.6,974.1,1247.3,1804.9,1345.8,,,,,,,,,,,,,,,,,160.3,244.6,109.7,1227.3,1557.5,,,128.3,118.7,138.5,1162.2,124.2,,,228.1,164.7,191.1,1388.4,1345.8,,,200.8,307.4,237.6,881.7,831.5,,,3229.9,3835.5,3371.9,1685.9,3933.9,,,2176.2,1252.4,2045.6,3335.2,3038.0,,,,,,,,,,,,,,,,,2622.6,1227.3,571.4,2922.3,4146.5,,,3652.9,2691.6,2272.9,4794.4,4579.7,,,1237.2,2435.2,799.0,3264.3,3567.9,,,497.3,1685.9,735.8,1667.6,3371.9,,,4447.0,4870.5,4649.1,2239.7,4037.4,,,6136.9,4383.5,5579.0,5900.8,4512.4,,,,,,,,,,,,,,,,,2815.1,2815.1,2535.9,4146.5,4512.4,,,2535.9,2764.3,2715.4,1704.7,4949.1,,,2360.3,2645.2,3068.4,1733.5,3447.7,,,2691.6,3131.0,2815.1,4512.4,4649.1,,,4203.3,2256.2,3526.9,4383.5,4383.5,,,6670.5,4649.1,6392.6,4649.1,4261.7,,,,,,,,,,,,,,,,,,,,,,,,,,,,,,,,,,,,,,,,,,,,,,,,,,,,,,,,,,,,,,,,,,,,,,,,,,,,,,,,,,,,,,,,,,,,,,,,,,,,,,,,,,,,,,,,,,,,,,,,,,,,,,,,
20260902_西武園_10R,20260902,26,西武園,10,1611.5,5181.9,3583.2,1093.5,2571.1,,,2590.9,8420.5,4743.9,3090.1,4953.2,,,7322.2,8636.5,9999.9,7322.2,9999.9,,,6477.3,4743.9,7166.4,4811.7,8863.7,,,1517.2,3238.6,5807.3,5909.1,3472.4,,,3827.5,5613.7,9356.2,5521.6,3621.7,,,,,,,,,,,,,,,,,206.0,668.3,372.5,149.2,237.7,,,83.7,233.5,38.4,8.1,16.5,,,1097.1,829.6,993.5,475.0,774.3,,,306.7,50.5,554.8,27.3,43.8,,,49.0,5.5,132.8,17.2,5.4,,,110.3,22.4,256.3,43.5,11.6,,,,,,,,,,,,,,,,,1545.0,5521.6,3177.5,2440.7,4058.1,,,563.2,1305.5,235.0,83.0,130.6,,,6736.4,4431.8,6736.4,4107.6,6604.3,,,2783.6,630.7,5613.7,679.0,1104.3,,,1470.8,157.3,2355.4,484.6,314.7,,,1881.6,261.9,3007.3,650.2,338.1,,,,,,,,,,,,,,,,,6873.9,8215.2,9103.3,5521.6,8215.2,,,7017.1,5432.6,4811.7,2854.4,4374.3,,,9906.5,6736.4,9999.9,5708.8,8019.6,,,9999.9,7017.1,9999.9,6014.7,8863.7,,,7833.1,3962.6,4614.0,5909.1,7655.0,,,9623.5,3742.4,7484.9,8636.5,6604.3,,,,,,,,,,,,,,,,,5807.3,6873.9,1352.7,7166.4,6477.3,,,2830.4,1011.4,3402.2,623.7,954.1,,,5027.2,1763.4,7484.9,2590.9,2854.4,,,9999.9,7322.2,9906.5,5909.1,9356.2,,,6014.7,859.2,2307.0,5346.4,1470.8,,,3436.9,1036.3,2029.0,8019.6,1242.8,,,,,,,,,,,,,,,,,518.9,1517.2,3270.1,2291.3,1464.4,,,107.8,19.0,232.2,43.5,19.0,,,589.8,65.2,973.4,280.2,128.4,,,4210.2,1002.4,2673.2,2954.5,2980.7,,,1619.3,165.9,414.2,2066.4,270.5,,,542.3,60.3,106.3,1280.6,200.3,,,,,,,,,,,,,,,,,1517.2,2159.1,3207.8,2980.7,1635.0,,,447.3,113.4,962.3,169.3,65.2,,,1409.3,192.3,3034.4,552.1,230.2,,,4158.3,2783.6,3177.5,4263.5,3742.4,,,2571.1,313.9,555.8,4490.9,317.7,,,781.4,96.0,203.0,2201.4,288.3,,,,,,,,,,,,,,,,,,,,,,,,,,,,,,,,,,,,,,,,,,,,,,,,,,,,,,,,,,,,,,,,,,,,,,,,,,,,,,,,,,,,,,,,,,,,,,,,,,,,,,,,,,,,,,,,,,,,,,,,,,,,,,,,
20260902_西武園_11R,20260902,26,西武園,11,1367.5,1499.0,1339.3,2165.2,1362.7,,,1214.1,984.2,1044.8,1334.7,1082.6,,,1061.9,914.8,606.1,1571.5,446.4,,,732.6,800.3,530.2,1199.2,289.9,,,2803.9,2153.2,2106.7,2581.1,2803.9,,,813.6,898.0,388.9,285.7,1438.1,,,,,,,,,,,,,,,,,1891.9,1476.3,1303.5,2347.8,1110.3,,,1325.6,608.0,976.8,677.8,860.3,,,845.4,649.5,456.3,1481.9,308.8,,,893.9,1597.3,895.9,2376.5,412.8,,,2177.3,969.5,1988.5,2530.8,2095.4,,,479.3,779.4,309.8,187.8,1651.4,,,,,,,,,,,,,,,,,536.1,523.8,421.3,650.6,462.3,,,397.2,207.3,287.6,194.5,225.9,,,251.7,116.6,148.5,155.6,77.7,,,226.3,307.6,259.3,369.7,117.4,,,196.3,82.5,86.8,167.9,100.1,,,221.5,158.3,68.5,57.2,178.7,,,,,,,,,,,,,,,,,499.6,498.3,303.5,1079.6,244.6,,,388.9,207.5,239.9,385.5,175.4,,,289.5,126.3,211.5,168.7,118.8,,,187.1,230.4,293.9,662.8,75.4,,,1253.2,774.8,479.9,1014.9,691.0,,,70.7,62.1,61.1,13.1,171.0,,,,,,,,,,,,,,,,,276.2,475.8,268.9,770.2,115.1,,,597.7,1206.6,776.3,1968.4,320.2,,,559.1,839.9,535.3,989.2,281.4,,,267.4,448.5,517.5,1044.8,136.4,,,2009.0,2292.6,1901.2,1687.2,1031.0,,,21.0,42.5,113.0,41.5,313.8,,,,,,,,,,,,,,,,,2706.5,1747.7,3247.8,3194.6,3168.6,,,2498.3,887.8,1958.5,2952.6,2420.7,,,800.3,441.8,364.2,733.9,514.1,,,2687.9,1948.7,864.1,1821.2,1163.4,,,2420.7,2887.0,1779.6,1910.5,1476.3,,,1910.5,1316.7,1184.6,1073.6,1097.8,,,,,,,,,,,,,,,,,282.2,430.6,161.5,85.9,873.8,,,225.5,464.5,151.0,74.9,1082.6,,,280.1,222.7,92.4,70.9,286.3,,,40.8,42.2,41.1,5.8,191.8,,,9.1,22.8,39.9,7.4,200.7,,,1233.3,1303.5,746.6,623.5,572.3,,,,,,,,,,,,,,,,,,,,,,,,,,,,,,,,,,,,,,,,,,,,,,,,,,,,,,,,,,,,,,,,,,,,,,,,,,,,,,,,,,,,,,,,,,,,,,,,,,,,,,,,,,,,,,,,,,,,,,,,,,,,,,,,
20260902_松戸_1R,20260902,31,松戸,1,164.6,8.9,29.1,90.6,,,,300.5,291.6,453.6,768.8,,,,1.6,123.4,12.6,64.0,,,,64.0,453.6,103.4,232.1,,,,415.4,1066.6,680.4,594.9,,,,,,,,,,,,,,,,,,,,,,,,,368.8,27.9,92.5,386.9,,,,601.0,1259.5,1426.5,1578.6,,,,31.2,519.3,109.0,440.1,,,,224.2,816.5,240.6,661.4,,,,1172.2,1741.1,1160.7,1537.6,,,,,,,,,,,,,,,,,,,,,,,,,890.2,530.9,1011.9,1909.6,,,,1480.0,735.4,1246.3,1057.1,,,,805.4,1621.9,2077.2,978.5,,,,1480.0,1691.4,2233.9,2573.9,,,,2368.0,2006.7,1086.2,2466.6,,,,,,,,,,,,,,,,,,,,,,,,,6.8,229.0,59.1,252.4,,,,20.5,395.9,90.6,375.8,,,,704.7,1038.6,1315.5,1644.4,,,,225.9,293.0,1029.5,730.8,,,,1106.5,1086.2,1557.9,1233.3,,,,,,,,,,,,,,,,,,,,,,,,,408.2,1286.9,324.3,1345.4,,,,505.9,1793.9,487.2,1517.9,,,,1821.5,2233.9,2077.2,2753.5,,,,553.2,613.4,2416.3,1273.1,,,,1767.1,1600.0,2077.2,1246.3,,,,,,,,,,,,,,,,,,,,,,,,,1667.6,2321.5,1498.7,2006.7,,,,2041.3,1821.5,1691.4,1821.5,,,,2631.1,2152.7,1909.6,2819.0,,,,2114.3,1715.9,1941.0,1715.9,,,,2233.9,2077.2,2416.3,1517.9,,,,,,,,,,,,,,,,,,,,,,,,,,,,,,,,,,,,,,,,,,,,,,,,,,,,,,,,,,,,,,,,,,,,,,,,,,,,,,,,,,,,,,,,,,,,,,,,,,,,,,,,,,,,,,,,,,,,,,,,,,,,,,,,,,,,,,,,,,,,,,,,,,,,,,,,,,,,,,,,,,,,,,,,,,,,,,,,,,,,,,,,,,,,,,,,
20260902_松戸_2R,20260902,31,松戸,2,257.4,92.8,184.8,233.2,194.1,,,349.6,169.2,209.0,195.4,470.4,,,28.7,186.7,49.8,162.3,33.2,,,34.3,82.9,15.0,74.1,37.6,,,140.3,94.2,133.5,115.7,334.4,,,100.7,419.3,38.5,67.2,309.8,,,,,,,,,,,,,,,,,1128.3,250.5,711.7,913.1,486.9,,,2168.6,836.0,2721.4,1084.3,1982.7,,,169.0,365.2,312.5,331.2,71.9,,,1137.6,2168.6,907.1,2168.6,1508.6,,,991.3,925.2,568.8,2071.5,1239.2,,,529.7,1360.7,157.3,957.1,742.2,,,,,,,,,,,,,,,,,1084.3,603.4,734.3,481.9,1525.1,,,1525.1,252.3,1273.3,337.6,771.0,,,867.4,162.5,622.3,166.8,295.3,,,1206.8,1613.8,1217.4,895.4,2570.2,,,278.1,102.0,60.6,205.0,187.3,,,2135.2,730.4,325.8,1901.2,437.8,,,,,,,,,,,,,,,,,59.8,292.1,102.2,234.0,55.1,,,51.6,118.2,96.3,100.6,17.1,,,746.1,210.6,1147.0,395.4,322.7,,,189.8,221.3,762.5,481.9,216.8,,,407.0,173.0,324.2,616.8,243.9,,,29.7,9.0,132.0,65.1,99.5,,,,,,,,,,,,,,,,,218.5,165.8,93.0,182.6,121.9,,,633.7,2041.0,690.5,1713.4,1035.7,,,345.2,2352.4,1652.2,1508.6,1982.7,,,251.4,444.8,1101.5,771.0,395.4,,,303.0,2011.4,1273.3,1043.5,1101.5,,,199.9,690.5,1826.2,452.0,1035.7,,,,,,,,,,,,,,,,,152.0,120.2,144.7,154.9,327.3,,,269.4,265.8,287.3,984.3,590.6,,,110.4,78.9,41.2,224.5,123.1,,,168.8,89.4,119.7,368.1,176.3,,,432.3,816.4,619.6,544.2,754.3,,,459.5,366.2,325.0,148.2,645.5,,,,,,,,,,,,,,,,,251.4,889.6,108.0,188.3,585.6,,,390.9,889.6,97.7,677.0,697.4,,,1734.9,726.6,293.4,2071.5,514.0,,,61.7,14.0,123.4,109.3,103.1,,,365.2,550.7,1802.4,331.2,1020.5,,,1035.7,750.2,345.2,237.2,1239.2,,,,,,,,,,,,,,,,,,,,,,,,,,,,,,,,,,,,,,,,,,,,,,,,,,,,,,,,,,,,,,,,,,,,,,,,,,,,,,,,,,,,,,,,,,,,,,,,,,,,,,,,,,,,,,,,,,,,,,,,,,,,,,,,
20260902_松戸_3R,20260902,31,松戸,3,434.3,74.2,467.3,992.0,201.8,,,565.5,172.0,228.8,609.7,696.8,,,27.6,42.7,35.2,215.3,66.6,,,414.3,189.1,97.4,775.2,514.5,,,2128.4,1225.8,911.0,1660.4,2018.3,,,297.1,785.6,212.2,801.8,1445.2,,,,,,,,,,,,,,,,,521.4,143.7,684.5,1069.0,331.1,,,454.6,392.8,402.9,407.1,371.0,,,112.5,390.8,335.4,897.0,254.4,,,529.7,245.1,400.9,921.7,390.2,,,2389.0,1454.2,2188.1,2167.8,1873.0,,,178.9,215.3,200.9,343.8,374.6,,,,,,,,,,,,,,,,,565.5,210.5,157.1,502.4,785.6,,,657.6,352.0,238.6,466.3,736.2,,,139.4,283.1,60.3,276.4,521.4,,,66.7,90.7,40.7,33.2,188.2,,,455.5,383.8,356.9,133.1,777.8,,,1491.2,1147.6,1153.3,745.6,1307.9,,,,,,,,,,,,,,,,,14.8,13.5,8.9,67.3,46.1,,,42.2,113.9,80.7,328.3,100.4,,,50.7,116.7,32.2,94.5,184.9,,,17.7,59.1,13.7,95.7,124.4,,,427.2,842.1,288.3,348.9,1245.3,,,275.1,293.3,510.0,344.8,1073.9,,,,,,,,,,,,,,,,,299.0,118.4,78.7,554.8,472.9,,,392.8,210.3,306.0,757.6,340.3,,,53.4,74.8,31.7,16.8,196.4,,,43.0,146.5,40.3,196.4,236.7,,,836.1,777.8,159.9,514.5,1013.5,,,1206.8,959.5,801.8,652.1,1393.6,,,,,,,,,,,,,,,,,4417.5,2128.4,2544.8,3601.9,5321.1,,,4682.5,2071.9,3494.4,3297.5,3494.4,,,1337.8,1472.5,1094.0,438.4,2208.7,,,1800.9,3001.6,1286.4,1401.9,3776.2,,,2413.7,2035.9,420.3,1272.4,1843.5,,,5202.8,4417.5,3393.1,4502.4,2630.6,,,,,,,,,,,,,,,,,971.4,1734.2,880.1,2090.4,3838.1,,,527.3,711.6,568.2,748.0,1206.8,,,2018.3,1510.5,2167.8,1369.1,1919.0,,,854.4,936.5,1829.1,1330.2,3601.9,,,2601.4,1760.3,1147.6,1696.5,2820.8,,,4335.7,3163.9,4417.5,4335.7,2517.5,,,,,,,,,,,,,,,,,,,,,,,,,,,,,,,,,,,,,,,,,,,,,,,,,,,,,,,,,,,,,,,,,,,,,,,,,,,,,,,,,,,,,,,,,,,,,,,,,,,,,,,,,,,,,,,,,,,,,,,,,,,,,,,,
20260902_松戸_4R,20260902,31,松戸,4,64.1,23.0,37.7,94.2,50.5,,,87.6,179.6,13.1,118.2,212.2,,,22.2,141.1,63.1,155.1,158.2,,,12.4,1.8,23.8,24.1,73.3,,,139.0,132.8,165.1,67.6,225.6,,,179.7,355.8,341.3,216.8,306.8,,,,,,,,,,,,,,,,,518.2,261.0,263.6,776.5,473.7,,,934.7,2531.7,1265.8,2641.8,3076.5,,,285.9,1109.7,530.6,807.4,369.3,,,429.4,696.4,887.0,1519.0,1052.1,,,1481.9,2209.5,1711.5,2250.4,1944.3,,,757.1,1548.0,675.1,942.0,1203.1,,,,,,,,,,,,,,,,,1000.1,1913.7,219.3,1509.6,1975.9,,,1342.7,1047.6,1342.7,3156.4,3240.6,,,3574.2,3984.3,4765.6,3423.1,7148.4,,,325.7,1380.9,3682.5,3038.0,3240.6,,,2008.6,2893.4,3739.1,3076.5,4500.8,,,3522.4,5523.7,6076.1,4860.9,5401.0,,,,,,,,,,,,,,,,,235.7,917.1,367.6,931.2,931.2,,,298.5,1464.1,615.3,1080.2,409.8,,,2585.5,3038.0,2928.2,1588.5,4190.4,,,968.3,1265.8,2505.6,2480.0,3038.0,,,2430.4,2025.3,2531.7,2793.6,3920.0,,,1884.0,1029.8,4860.9,3240.6,3574.2,,,,,,,,,,,,,,,,,66.0,15.4,119.3,106.4,213.3,,,315.6,517.1,708.5,1085.0,864.9,,,134.5,488.0,924.1,893.5,1135.7,,,732.0,1240.0,1404.8,2059.7,3240.6,,,528.3,1631.1,1335.4,1869.5,1306.6,,,1146.4,1676.1,1944.3,3627.5,1944.3,,,,,,,,,,,,,,,,,462.9,412.6,651.5,214.8,761.8,,,913.7,1285.9,1085.0,1265.8,1396.8,,,883.8,1528.5,1548.0,868.0,2131.9,,,1787.1,1884.0,2292.8,2113.4,3472.0,,,441.9,1320.9,840.9,1446.7,1203.1,,,1913.7,2209.5,3076.5,3240.6,1653.3,,,,,,,,,,,,,,,,,987.9,1252.8,1723.7,972.1,1491.0,,,983.9,1653.3,874.2,1481.9,1736.0,,,2150.8,3000.5,4419.0,2406.3,3627.5,,,2928.2,1528.5,5523.7,5401.0,6076.1,,,2077.3,2382.8,2893.4,4860.9,2336.9,,,2558.3,2793.6,4960.1,4860.9,2113.4,,,,,,,,,,,,,,,,,,,,,,,,,,,,,,,,,,,,,,,,,,,,,,,,,,,,,,,,,,,,,,,,,,,,,,,,,,,,,,,,,,,,,,,,,,,,,,,,,,,,,,,,,,,,,,,,,,,,,,,,,,,,,,,,
20260902_松戸_5R,20260902,31,松戸,5,65.0,136.7,764.6,451.2,224.8,,,11.7,2.0,81.4,24.4,6.7,,,45.9,5.9,166.0,79.2,26.3,,,1214.3,348.4,549.3,1492.3,842.6,,,628.7,177.4,330.7,1141.6,477.3,,,177.4,38.6,71.3,462.1,271.9,,,,,,,,,,,,,,,,,1361.1,1997.8,6352.2,4587.7,3643.1,,,1696.8,4346.2,6881.5,3135.9,4764.1,,,2272.8,5761.3,6042.3,4674.2,6519.3,,,7286.3,9175.4,9999.9,8847.7,9175.4,,,5055.8,5161.1,6695.5,9175.4,9999.9,,,4674.2,5270.9,6042.3,9175.4,9528.3,,,,,,,,,,,,,,,,,68.7,16.7,294.2,144.6,57.7,,,332.9,500.4,2914.5,1415.6,746.1,,,67.2,338.4,1226.4,539.7,234.3,,,1353.7,5761.3,3021.1,6519.3,3643.1,,,891.1,2252.1,1720.3,5385.5,3259.6,,,327.2,1232.5,578.8,2692.7,1966.1,,,,,,,,,,,,,,,,,573.4,155.1,1440.3,924.3,326.8,,,1474.6,1732.4,5385.5,3489.2,4423.8,,,203.7,1101.0,3259.6,1696.8,660.6,,,4954.7,7991.4,5898.4,4587.7,5898.4,,,2553.9,3995.7,2752.6,3753.5,5055.8,,,920.9,1744.6,1432.0,5161.1,5270.9,,,,,,,,,,,,,,,,,7078.1,2914.5,4587.7,7507.1,5385.5,,,8257.8,9999.9,9999.9,9909.4,7991.4,,,3870.8,9999.9,9528.3,9999.9,9175.4,,,6042.3,9999.9,7507.1,5761.3,7741.7,,,8847.7,9999.9,9999.9,6042.3,4504.2,,,7507.1,9999.9,9999.9,8257.8,5505.2,,,,,,,,,,,,,,,,,4954.7,2081.8,2635.4,9528.3,4674.2,,,7507.1,4346.2,6881.5,9999.9,9999.9,,,2064.4,4423.8,3217.3,9528.3,5761.3,,,3870.8,7078.1,4857.5,6042.3,9909.4,,,9909.4,9999.9,9999.9,5630.3,5761.3,,,5385.5,9999.9,6695.5,8847.7,6193.4,,,,,,,,,,,,,,,,,3347.7,684.3,845.5,4423.8,2752.6,,,4954.7,6695.5,2099.4,6695.5,9999.9,,,766.9,5505.2,1407.5,7078.1,4423.8,,,1023.7,6352.2,1538.7,6352.2,7078.1,,,5761.3,6352.2,8542.6,9528.3,5630.3,,,4587.7,9528.3,5898.4,6042.3,4674.2,,,,,,,,,,,,,,,,,,,,,,,,,,,,,,,,,,,,,,,,,,,,,,,,,,,,,,,,,,,,,,,,,,,,,,,,,,,,,,,,,,,,,,,,,,,,,,,,,,,,,,,,,,,,,,,,,,,,,,,,,,,,,,,,
20260902_松戸_6R,20260902,31,松戸,6,7612.2,4275.4,3217.5,4395.8,9179.5,,,9999.9,5674.6,9999.9,9999.9,9999.9,,,3059.8,2944.3,1753.3,912.5,2916.8,,,8917.2,9753.2,2558.2,4053.3,9753.2,,,4395.8,7612.2,1219.1,3251.0,7802.6,,,7431.0,9999.9,2137.7,8435.2,8435.2,,,,,,,,,,,,,,,,,9457.7,4658.2,7431.0,4275.4,9999.9,,,9999.9,8213.2,9999.9,6502.1,9999.9,,,2477.0,5289.9,1345.2,899.4,4458.6,,,6369.4,9999.9,2053.3,2496.8,8435.2,,,4728.8,6640.5,1205.0,2261.6,9999.9,,,9999.9,9999.9,6935.6,9999.9,9999.9,,,,,,,,,,,,,,,,,9457.7,6640.5,9999.9,7612.2,9999.9,,,9999.9,2690.5,9999.9,5033.9,9999.9,,,7802.6,7802.6,7258.2,2761.9,9999.9,,,9999.9,9999.9,8669.5,9999.9,9999.9,,,8213.2,5779.7,3030.1,9457.7,9457.7,,,9999.9,9999.9,9999.9,9999.9,9999.9,,,,,,,,,,,,,,,,,98.2,206.0,69.9,29.0,189.7,,,101.7,240.6,83.8,37.2,211.1,,,401.6,445.2,259.2,113.7,537.1,,,29.1,37.8,87.4,6.6,61.3,,,5.8,8.5,20.3,2.3,15.8,,,302.1,324.4,543.7,166.1,75.6,,,,,,,,,,,,,,,,,4334.7,9999.9,1891.5,2644.9,4458.6,,,3467.8,9999.9,1399.5,1987.9,4954.0,,,9999.9,9999.9,5573.2,9179.5,9999.9,,,690.4,690.4,2066.9,197.9,1405.8,,,1804.0,1669.0,5033.9,302.4,2213.5,,,8669.5,8213.2,9999.9,5033.9,4801.6,,,,,,,,,,,,,,,,,1651.3,3320.2,717.4,1568.3,3030.1,,,1793.7,3355.9,688.9,1500.5,2944.3,,,5033.9,4275.4,1576.2,5674.6,6502.1,,,168.7,190.0,378.7,73.2,335.9,,,704.5,707.7,2026.6,207.3,1209.7,,,4954.0,6002.0,7802.6,1814.5,3217.5,,,,,,,,,,,,,,,,,9999.9,9999.9,6935.6,9999.9,9999.9,,,9999.9,9999.9,2261.6,8435.2,9999.9,,,9999.9,9999.9,9999.9,9999.9,9999.9,,,6119.6,6242.0,9753.2,5116.4,2811.7,,,9999.9,9999.9,9999.9,7612.2,6119.6,,,9999.9,4275.4,9999.9,3251.0,5475.5,,,,,,,,,,,,,,,,,,,,,,,,,,,,,,,,,,,,,,,,,,,,,,,,,,,,,,,,,,,,,,,,,,,,,,,,,,,,,,,,,,,,,,,,,,,,,,,,,,,,,,,,,,,,,,,,,,,,,,,,,,,,,,,,
20260902_松戸_7R,20260902,31,松戸,7,265.2,650.2,109.5,63.6,384.8,,,298.2,745.7,251.4,75.3,147.7,,,1394.3,1394.3,1037.2,669.1,1400.8,,,301.5,398.1,564.5,133.2,502.1,,,45.8,36.3,128.3,41.8,72.4,,,478.8,217.5,636.4,422.8,206.1,,,,,,,,,,,,,,,,,255.1,394.4,91.0,81.2,340.2,,,261.3,772.6,176.8,277.0,173.3,,,957.7,1228.6,371.4,1344.2,1180.2,,,98.1,120.0,56.4,155.5,153.4,,,113.4,339.1,488.2,166.2,460.4,,,494.6,341.4,916.7,391.8,684.4,,,,,,,,,,,,,,,,,162.5,355.6,94.8,60.5,54.7,,,158.5,491.4,109.4,173.2,93.8,,,911.1,1037.2,628.4,1086.1,355.6,,,114.3,143.6,196.3,219.2,64.5,,,50.3,144.8,398.6,133.2,49.8,,,12.4,28.0,64.5,13.3,20.2,,,,,,,,,,,,,,,,,2519.1,2652.9,1921.6,1885.4,2562.2,,,1839.1,2253.9,784.7,2437.2,2011.9,,,2629.6,2939.0,2360.4,2540.4,1839.1,,,1850.4,821.3,1934.0,1693.6,1985.2,,,1611.7,2606.7,2288.3,1674.7,2750.2,,,2342.0,1742.8,1985.2,2253.9,2725.2,,,,,,,,,,,,,,,,,449.4,629.7,513.3,336.4,780.6,,,190.0,207.4,106.2,255.5,273.7,,,514.2,417.5,605.6,749.4,292.4,,,603.1,224.2,584.3,873.9,610.5,,,283.6,445.4,839.7,633.7,610.5,,,808.0,587.8,406.7,755.1,749.4,,,,,,,,,,,,,,,,,37.0,22.9,60.3,26.0,26.7,,,81.0,196.8,330.8,94.8,289.6,,,47.9,185.1,345.3,150.9,46.4,,,414.6,782.7,724.1,534.3,1082.2,,,143.0,228.4,294.1,234.0,339.5,,,107.6,357.3,113.2,572.0,240.3,,,,,,,,,,,,,,,,,641.9,171.0,814.6,459.7,264.1,,,632.4,274.7,749.4,433.8,738.3,,,40.0,75.1,132.1,40.5,56.3,,,1320.6,1586.1,708.6,1070.6,2053.2,,,549.0,554.1,233.4,624.5,534.3,,,215.2,496.3,137.1,854.0,327.6,,,,,,,,,,,,,,,,,,,,,,,,,,,,,,,,,,,,,,,,,,,,,,,,,,,,,,,,,,,,,,,,,,,,,,,,,,,,,,,,,,,,,,,,,,,,,,,,,,,,,,,,,,,,,,,,,,,,,,,,,,,,,,,,
20260902_松戸_8R,20260902,31,松戸,8,3413.4,2372.0,2827.3,4825.9,1676.0,,,3543.0,4588.5,2392.3,3588.5,1563.7,,,2073.3,4514.5,2691.3,3635.1,1627.3,,,2058.1,1971.1,1891.2,3543.0,364.4,,,6220.0,4514.5,6361.4,5831.3,4306.2,,,676.0,961.8,768.9,234.0,1537.9,,,,,,,,,,,,,,,,,1686.1,1307.9,1546.4,2771.3,874.6,,,1457.8,437.3,615.1,507.9,452.9,,,385.0,212.3,148.1,306.2,114.3,,,1176.0,644.9,324.7,1378.8,274.4,,,3782.4,1133.2,1599.4,2799.0,1636.8,,,370.7,335.6,163.8,174.2,784.0,,,,,,,,,,,,,,,,,1089.1,1176.0,784.0,985.5,468.0,,,477.6,156.9,335.6,181.4,229.9,,,820.8,88.8,270.9,223.3,218.3,,,440.0,194.3,155.5,109.3,78.8,,,141.2,64.3,60.3,79.4,90.3,,,73.5,121.1,102.7,59.5,79.6,,,,,,,,,,,,,,,,,1101.9,2013.6,1488.8,2412.9,813.6,,,175.3,100.0,65.2,166.2,55.6,,,1636.8,203.4,771.0,563.1,492.7,,,1044.4,146.6,715.8,1032.8,262.3,,,3180.7,1040.5,1529.5,1891.2,1406.5,,,268.8,99.1,359.3,152.5,696.2,,,,,,,,,,,,,,,,,636.1,914.7,861.2,1191.0,230.3,,,599.3,532.1,209.0,671.2,234.4,,,646.4,294.3,270.9,175.3,157.9,,,728.9,106.0,453.6,874.6,238.4,,,1760.3,1115.1,1068.3,1181.0,627.5,,,33.4,57.5,66.3,64.9,193.0,,,,,,,,,,,,,,,,,5712.3,3413.4,6361.4,6084.8,4306.2,,,5089.1,2013.6,2827.3,4306.2,3110.0,,,1260.8,936.1,775.3,1076.5,699.7,,,4744.1,2521.6,1904.1,2946.3,3332.1,,,4665.0,3635.1,2013.6,2499.1,939.2,,,2591.6,2257.2,1266.5,2717.5,838.0,,,,,,,,,,,,,,,,,65.2,68.3,69.5,17.9,217.3,,,88.7,118.6,66.7,41.8,279.0,,,60.5,91.6,93.4,28.0,137.0,,,98.8,51.5,134.1,41.7,489.3,,,5.3,14.0,11.0,13.7,81.1,,,532.1,489.3,443.5,568.9,287.6,,,,,,,,,,,,,,,,,,,,,,,,,,,,,,,,,,,,,,,,,,,,,,,,,,,,,,,,,,,,,,,,,,,,,,,,,,,,,,,,,,,,,,,,,,,,,,,,,,,,,,,,,,,,,,,,,,,,,,,,,,,,,,,,
20260902_松戸_9R,20260902,31,松戸,9,1142.5,605.9,327.5,1207.0,222.4,,,1373.1,581.2,724.8,2050.3,351.3,,,526.1,569.1,352.5,932.5,178.7,,,161.2,482.8,242.7,885.6,69.8,,,3118.2,3086.1,2338.7,3440.8,1069.1,,,50.2,86.7,41.9,23.0,248.0,,,,,,,,,,,,,,,,,1792.5,1354.5,599.9,2338.7,565.8,,,2771.8,1330.4,1072.9,2414.1,1663.0,,,1559.1,1360.7,711.0,1710.6,904.3,,,258.0,429.4,268.2,719.6,159.0,,,4535.6,2515.5,2185.0,2603.0,3741.9,,,478.9,896.2,645.1,251.7,2036.4,,,,,,,,,,,,,,,,,1750.6,393.3,561.6,1318.7,351.3,,,2108.1,737.3,978.2,2050.3,1142.5,,,133.9,302.6,64.8,55.2,57.1,,,475.9,301.1,131.9,1173.9,241.0,,,2285.1,2093.3,484.3,1398.8,1252.5,,,179.0,599.9,78.2,194.8,769.5,,,,,,,,,,,,,,,,,929.6,415.1,452.8,675.7,327.1,,,1160.2,628.8,723.0,1173.9,737.3,,,126.1,217.3,61.9,45.4,63.9,,,308.2,311.8,142.2,353.8,200.6,,,761.7,850.4,201.0,487.5,459.8,,,163.3,389.7,103.5,149.3,348.0,,,,,,,,,,,,,,,,,122.5,361.5,195.6,630.2,66.8,,,62.7,100.2,49.5,241.0,40.0,,,299.6,212.1,83.3,848.0,157.3,,,194.5,114.3,95.1,267.5,105.1,,,1882.7,1160.2,1906.7,1018.2,728.3,,,41.5,47.3,116.0,59.6,310.5,,,,,,,,,,,,,,,,,5648.2,3440.8,3118.2,5543.6,2963.9,,,6236.5,2851.0,3151.1,3837.8,4828.3,,,3289.6,2906.3,613.4,1644.8,1931.3,,,2217.4,2494.6,557.4,1046.6,1373.1,,,4907.4,3184.6,2993.5,1882.7,1169.3,,,2474.0,3563.7,2558.5,1730.3,1129.6,,,,,,,,,,,,,,,,,27.7,28.5,14.0,9.0,137.3,,,112.4,245.1,149.3,62.3,465.5,,,69.8,184.7,39.5,81.5,286.1,,,52.9,112.9,38.6,43.4,109.4,,,23.3,20.9,56.8,34.1,183.2,,,605.9,1072.9,771.5,476.6,508.2,,,,,,,,,,,,,,,,,,,,,,,,,,,,,,,,,,,,,,,,,,,,,,,,,,,,,,,,,,,,,,,,,,,,,,,,,,,,,,,,,,,,,,,,,,,,,,,,,,,,,,,,,,,,,,,,,,,,,,,,,,,,,,,,
20260902_松戸_10R,20260902,31,松戸,10,345.6,166.0,303.6,919.0,336.8,,,362.1,126.6,477.4,670.3,297.0,,,25.3,24.8,32.1,18.2,24.6,,,138.2,397.9,94.7,526.7,256.0,,,1512.7,1143.4,255.1,1234.2,1092.2,,,595.6,480.8,162.2,429.4,727.3,,,,,,,,,,,,,,,,,1020.5,482.8,544.3,1847.9,1008.4,,,1106.4,693.4,538.3,1953.5,722.7,,,406.9,658.7,309.1,743.2,470.2,,,279.5,261.1,160.3,715.2,244.5,,,3561.2,3524.5,2123.4,2998.9,3716.0,,,1247.7,789.5,565.0,491.9,2998.9,,,,,,,,,,,,,,,,,362.5,68.6,354.6,525.9,234.4,,,518.7,261.3,336.8,947.0,348.4,,,40.0,122.7,158.0,81.9,53.0,,,441.7,191.9,190.0,1304.8,323.4,,,1304.8,1828.2,706.3,2047.1,1113.6,,,118.2,156.6,49.4,258.9,201.3,,,,,,,,,,,,,,,,,23.6,9.8,16.2,8.0,12.2,,,129.5,281.1,169.4,321.9,199.9,,,38.3,173.2,199.5,109.2,76.9,,,63.0,112.7,205.0,189.0,189.5,,,58.3,280.9,163.4,261.7,130.3,,,49.4,157.2,100.7,178.9,112.3,,,,,,,,,,,,,,,,,147.3,435.5,81.0,587.4,295.4,,,131.8,171.4,55.1,446.3,102.4,,,683.7,354.6,379.8,1561.0,656.1,,,82.8,81.2,308.8,186.2,173.8,,,2163.7,2205.6,2589.9,1238.6,1605.0,,,433.8,348.1,672.9,283.0,763.1,,,,,,,,,,,,,,,,,4119.0,2477.3,580.4,3841.3,3488.5,,,5179.9,3524.5,2570.5,5514.1,4683.2,,,2848.9,3561.2,1373.0,5259.6,3453.3,,,470.2,1780.6,1029.7,1430.4,1395.4,,,4169.2,5259.6,4954.7,1675.8,2897.2,,,3798.6,4119.0,3488.5,2357.7,2848.9,,,,,,,,,,,,,,,,,914.1,744.8,240.0,744.8,1247.7,,,1139.5,939.2,609.4,775.2,2459.5,,,421.0,419.9,231.7,654.9,775.2,,,166.8,415.9,273.0,525.9,384.9,,,787.7,658.7,971.2,559.5,1575.4,,,2691.9,3488.5,2424.6,1651.5,2424.6,,,,,,,,,,,,,,,,,,,,,,,,,,,,,,,,,,,,,,,,,,,,,,,,,,,,,,,,,,,,,,,,,,,,,,,,,,,,,,,,,,,,,,,,,,,,,,,,,,,,,,,,,,,,,,,,,,,,,,,,,,,,,,,,
20260902_松戸_11R,20260902,31,松戸,11,51.6,18.6,68.5,187.8,22.1,,,78.7,92.8,205.9,134.0,69.6,,,26.2,95.1,35.8,234.0,30.5,,,164.9,323.3,116.5,581.0,147.8,,,548.5,317.2,466.6,856.0,318.7,,,9.9,20.0,7.0,29.4,61.8,,,,,,,,,,,,,,,,,87.9,32.7,79.1,252.3,40.7,,,140.1,165.8,320.7,199.6,373.0,,,21.4,90.1,17.1,173.4,71.0,,,176.5,375.7,109.4,483.4,332.4,,,684.5,668.6,768.0,1142.2,1248.3,,,129.3,527.7,258.3,417.8,890.0,,,,,,,,,,,,,,,,,127.4,230.4,339.4,232.2,152.1,,,152.5,202.7,461.8,310.1,570.3,,,384.0,298.2,358.0,477.7,632.9,,,939.8,841.7,730.4,1256.1,1466.2,,,243.9,294.3,307.0,500.8,372.6,,,368.9,690.4,778.4,1203.6,738.4,,,,,,,,,,,,,,,,,86.6,349.4,146.9,664.2,141.6,,,41.2,155.8,30.7,294.9,124.6,,,572.7,388.0,600.0,1168.7,993.1,,,175.2,100.3,380.3,504.6,296.4,,,1938.5,1362.2,1800.0,1625.8,2761.7,,,334.0,368.2,1095.6,524.3,1808.1,,,,,,,,,,,,,,,,,684.5,1178.9,546.3,1938.5,800.0,,,656.7,948.7,345.8,1218.1,931.2,,,1409.8,1275.9,1292.3,2414.4,2670.2,,,399.2,283.1,790.6,675.4,649.2,,,4114.4,3568.2,3914.7,1326.3,2921.8,,,1107.7,1460.9,2742.9,1419.7,2584.7,,,,,,,,,,,,,,,,,1986.2,611.8,1003.0,3054.6,892.0,,,2724.4,1440.0,2317.3,3632.5,3953.0,,,476.6,845.3,511.6,1460.9,738.4,,,3054.6,2584.7,1986.2,2568.2,4200.1,,,4430.9,4634.6,3417.0,2688.1,3600.1,,,1808.1,3200.1,2584.7,3600.1,3305.0,,,,,,,,,,,,,,,,,70.4,122.2,70.5,175.4,275.9,,,175.3,775.4,331.0,789.0,1562.8,,,401.6,1031.2,1098.6,1800.0,1005.5,,,245.4,343.4,998.0,674.2,1666.1,,,841.7,1450.4,2100.0,1252.2,2089.1,,,1385.6,2488.9,2265.2,2800.1,2504.4,,,,,,,,,,,,,,,,,,,,,,,,,,,,,,,,,,,,,,,,,,,,,,,,,,,,,,,,,,,,,,,,,,,,,,,,,,,,,,,,,,,,,,,,,,,,,,,,,,,,,,,,,,,,,,,,,,,,,,,,,,,,,,,,
20260902_伊東_1R,20260902,37,伊東,1,9.7,7.9,18.3,4.4,84.9,,,45.3,76.1,120.0,131.1,108.9,,,35.1,65.7,27.8,119.4,220.3,,,81.5,132.3,50.2,299.9,397.4,,,68.9,261.5,205.9,305.8,669.7,,,495.8,485.2,678.6,810.6,1128.6,,,,,,,,,,,,,,,,,25.3,24.3,29.8,10.4,144.2,,,148.4,466.3,676.4,346.8,1080.8,,,127.4,477.2,242.0,323.2,1647.4,,,209.0,924.3,316.2,683.2,1964.2,,,82.9,419.4,342.7,370.7,1098.2,,,830.4,2084.5,2837.2,2618.9,2837.2,,,,,,,,,,,,,,,,,74.4,190.3,171.6,206.5,198.5,,,150.9,569.0,533.3,422.0,732.1,,,399.7,680.9,229.7,1284.7,687.8,,,337.6,570.6,322.2,1874.1,676.4,,,880.5,959.0,1731.1,1857.1,2618.9,,,210.5,416.0,314.2,320.6,740.1,,,,,,,,,,,,,,,,,73.4,196.9,77.6,302.1,494.6,,,127.9,468.5,236.7,395.8,1134.8,,,442.1,674.1,362.2,1174.0,1016.3,,,56.7,94.4,127.0,309.9,325.8,,,628.5,779.6,1480.2,899.9,3095.1,,,2618.9,2348.0,2022.5,1688.2,3928.4,,,,,,,,,,,,,,,,,204.8,424.7,191.2,851.1,1428.5,,,366.7,932.7,380.4,1223.2,2295.2,,,669.7,1187.6,567.4,2348.0,1660.8,,,106.0,151.3,220.8,297.7,540.4,,,1983.3,1964.2,2491.2,1268.8,2585.8,,,3404.6,2653.0,2918.3,2105.9,2918.3,,,,,,,,,,,,,,,,,153.4,844.1,644.4,1761.0,2269.7,,,212.3,928.5,907.9,1459.1,2127.9,,,1201.6,1326.5,1716.6,4085.6,3048.9,,,920.1,1245.6,1840.3,1469.6,3583.8,,,2173.2,2084.5,3404.6,1524.4,3348.8,,,4085.6,3854.3,6008.2,5375.8,3647.8,,,,,,,,,,,,,,,,,1745.9,2196.5,2150.3,4440.8,4085.6,,,1927.1,2618.9,4982.4,4750.7,3095.1,,,1524.4,2084.5,1807.7,2173.2,2618.9,,,4642.7,5521.1,2618.9,2960.5,7044.1,,,4750.7,4169.0,3462.3,2877.2,3854.3,,,4863.8,3348.8,4750.7,7565.9,3242.5,,,,,,,,,,,,,,,,,,,,,,,,,,,,,,,,,,,,,,,,,,,,,,,,,,,,,,,,,,,,,,,,,,,,,,,,,,,,,,,,,,,,,,,,,,,,,,,,,,,,,,,,,,,,,,,,,,,,,,,,,,,,,,,,
20260902_伊東_2R,20260902,37,伊東,2,6.4,2.7,18.5,36.4,169.6,,,20.9,67.5,57.1,112.3,147.3,,,24.3,100.8,133.5,216.2,547.6,,,48.7,58.3,75.7,86.4,395.9,,,128.5,196.5,250.6,205.4,618.6,,,606.6,618.6,1489.4,964.0,1182.7,,,,,,,,,,,,,,,,,21.5,8.2,39.7,70.4,283.4,,,120.1,336.3,533.1,853.0,1627.1,,,50.0,282.6,347.9,536.1,1466.1,,,188.9,586.4,512.7,734.9,2165.4,,,365.5,1262.3,926.0,1023.6,2787.1,,,1273.7,4079.7,4079.7,4021.4,4771.2,,,,,,,,,,,,,,,,,61.7,280.6,213.9,338.7,569.8,,,149.4,470.7,740.8,970.7,1458.5,,,790.7,991.2,2010.7,1737.6,3804.1,,,363.7,960.7,1353.3,657.7,1646.2,,,866.1,1187.7,1513.4,1297.2,2252.0,,,871.5,1458.5,2252.0,1555.2,1876.6,,,,,,,,,,,,,,,,,140.3,634.0,636.8,935.2,2872.4,,,144.0,712.6,779.7,1012.6,3026.9,,,954.2,964.0,2234.1,1839.8,4614.8,,,954.2,1234.6,2010.7,1481.6,5744.9,,,1852.0,1727.0,1827.9,1839.8,4265.2,,,5519.6,6397.8,6546.6,6702.4,4614.8,,,,,,,,,,,,,,,,,93.3,148.6,150.1,146.3,727.4,,,117.6,454.7,238.7,243.3,1234.6,,,382.9,788.5,1070.3,919.9,1451.0,,,550.8,813.5,1315.4,1086.8,2994.7,,,226.1,194.4,650.1,346.6,932.1,,,3026.9,3753.3,3351.2,4938.6,2365.5,,,,,,,,,,,,,,,,,261.3,590.1,786.3,514.6,2165.4,,,365.5,1213.3,902.2,960.7,2447.8,,,1148.9,1572.6,1876.6,1876.6,3432.9,,,1675.6,1695.8,2216.5,2010.7,5213.0,,,586.4,802.0,1218.6,1095.3,1400.5,,,5413.5,5519.6,5630.0,7218.0,2963.2,,,,,,,,,,,,,,,,,3235.6,4771.2,6702.4,6119.6,7218.0,,,3964.8,2559.1,7819.5,7408.0,8797.0,,,3093.4,3804.1,5311.4,4265.2,4614.8,,,9999.9,9999.9,9707.0,9999.9,9999.9,,,5864.6,6865.9,5413.5,9999.9,3909.7,,,8797.0,7218.0,6546.6,9999.9,3391.6,,,,,,,,,,,,,,,,,,,,,,,,,,,,,,,,,,,,,,,,,,,,,,,,,,,,,,,,,,,,,,,,,,,,,,,,,,,,,,,,,,,,,,,,,,,,,,,,,,,,,,,,,,,,,,,,,,,,,,,,,,,,,,,,
20260902_伊東_3R,20260902,37,伊東,3,9.7,43.0,30.8,29.7,65.3,,,8.9,30.1,56.5,4.0,71.5,,,145.8,148.9,464.0,242.0,421.2,,,186.2,280.1,469.7,654.9,729.2,,,184.8,55.2,268.6,852.8,393.1,,,285.4,264.7,443.8,1011.9,432.8,,,,,,,,,,,,,,,,,8.4,43.3,33.6,28.5,61.3,,,18.4,134.3,129.5,66.9,317.2,,,158.8,267.4,316.7,518.8,460.3,,,63.2,108.9,140.1,327.7,225.8,,,352.7,498.7,958.8,1123.3,1726.9,,,273.1,677.9,512.7,697.0,1055.0,,,,,,,,,,,,,,,,,30.3,77.7,141.2,22.8,192.9,,,62.7,345.0,344.3,159.4,767.9,,,270.9,244.7,1039.2,255.9,1176.6,,,662.4,994.5,1886.4,1709.9,2590.3,,,130.5,539.8,640.4,1000.3,1350.6,,,894.6,2314.0,1972.2,3155.5,2078.5,,,,,,,,,,,,,,,,,376.4,314.1,1184.6,1017.9,940.6,,,488.8,721.6,975.0,1522.4,1422.5,,,330.8,631.1,1176.6,767.9,1068.0,,,1836.5,1377.4,2239.4,2799.2,2916.9,,,2283.6,2479.3,1789.2,3184.5,3732.3,,,1023.9,1377.4,1130.6,1866.1,1836.5,,,,,,,,,,,,,,,,,744.8,1055.0,1876.2,2479.3,2845.1,,,515.0,643.9,664.9,1458.4,1003.2,,,1314.8,1319.8,3071.7,2966.7,4233.0,,,2916.9,1917.7,3856.7,4132.2,4083.6,,,4507.9,3814.4,3900.1,4507.9,3856.7,,,4285.3,2733.1,5104.5,4754.9,3900.1,,,,,,,,,,,,,,,,,1098.4,536.4,2822.0,5340.1,4083.6,,,1244.1,1319.8,3578.4,6089.6,8072.3,,,543.2,1134.3,1917.7,2298.7,4958.7,,,3155.5,2533.6,2629.6,4888.8,6427.9,,,6942.2,6089.6,6942.2,6089.6,4083.6,,,7545.8,9999.9,8264.5,8466.1,5180.7,,,,,,,,,,,,,,,,,1023.9,600.5,1340.1,2711.8,1780.0,,,861.3,1266.8,1780.0,1896.7,3578.4,,,874.3,2155.9,1856.2,3184.5,2196.9,,,1382.9,1789.2,1309.8,2268.7,2041.8,,,3615.7,2670.0,3989.7,4083.6,3471.1,,,5340.1,8466.1,5509.7,6427.9,3155.5,,,,,,,,,,,,,,,,,,,,,,,,,,,,,,,,,,,,,,,,,,,,,,,,,,,,,,,,,,,,,,,,,,,,,,,,,,,,,,,,,,,,,,,,,,,,,,,,,,,,,,,,,,,,,,,,,,,,,,,,,,,,,,,,
20260902_伊東_4R,20260902,37,伊東,4,12.1,15.2,1.8,66.0,127.8,,,149.0,354.2,251.9,655.6,1276.9,,,48.5,144.3,116.3,267.2,217.8,,,69.0,164.3,299.3,596.3,945.3,,,304.7,553.6,552.6,763.1,1168.5,,,688.4,1168.5,799.7,1567.7,1370.9,,,,,,,,,,,,,,,,,20.2,28.2,4.0,93.8,213.8,,,195.0,632.1,379.2,1024.8,2730.0,,,114.6,309.2,232.3,637.1,925.9,,,53.4,207.7,388.5,577.8,1314.0,,,447.9,1237.0,1388.9,1246.7,4524.0,,,1218.0,3958.5,2639.0,3518.7,4338.1,,,,,,,,,,,,,,,,,573.7,1684.5,928.7,2474.1,4657.1,,,554.6,1624.0,1111.1,3104.7,8120.1,,,1693.5,2083.4,3166.8,3909.7,7917.1,,,1246.7,1359.1,3598.7,4726.6,7364.8,,,3442.2,3369.0,3518.7,4657.1,9314.3,,,8796.8,9999.9,9999.9,8333.8,8333.8,,,,,,,,,,,,,,,,,100.9,343.4,282.0,504.2,521.7,,,115.9,447.2,315.7,679.5,816.2,,,1115.0,1227.4,2246.0,2827.5,4948.2,,,945.3,894.5,1336.2,2345.8,3166.8,,,1401.2,1376.8,2436.0,2513.3,2363.3,,,705.3,789.7,1907.7,1537.3,1155.7,,,,,,,,,,,,,,,,,304.5,849.0,1560.0,2827.5,3815.5,,,243.7,833.3,1319.5,2595.7,4398.4,,,1195.0,1119.0,3640.0,6209.5,7540.1,,,2230.1,2004.3,3016.0,5026.7,3333.5,,,5026.7,4726.6,7197.4,5107.8,4166.9,,,6597.6,9596.5,7364.8,9048.1,4948.2,,,,,,,,,,,,,,,,,575.7,1649.4,1276.9,2043.1,3231.4,,,629.5,1769.1,1567.7,1820.0,4398.4,,,3166.8,2932.2,3682.4,5864.5,7917.1,,,1820.0,1658.0,3074.6,3298.8,2617.2,,,3909.7,3074.6,5367.5,4112.8,5191.5,,,5757.9,5655.1,8559.1,3480.0,5191.5,,,,,,,,,,,,,,,,,3198.8,9999.9,3598.7,9596.5,5026.7,,,3909.7,4112.8,4948.2,8120.1,7917.1,,,9999.9,9999.9,9999.9,9999.9,9896.4,,,2294.8,2730.0,4948.2,3518.7,2574.6,,,9999.9,9999.9,9596.5,9999.9,6738.0,,,8120.1,7917.1,9999.9,5655.1,5107.8,,,,,,,,,,,,,,,,,,,,,,,,,,,,,,,,,,,,,,,,,,,,,,,,,,,,,,,,,,,,,,,,,,,,,,,,,,,,,,,,,,,,,,,,,,,,,,,,,,,,,,,,,,,,,,,,,,,,,,,,,,,,,,,,
20260902_伊東_5R,20260902,37,伊東,5,9.7,10.6,41.6,70.3,88.3,,,5.7,17.6,2.3,34.5,77.6,,,43.6,109.1,213.4,206.7,255.1,,,110.9,42.1,206.7,331.8,420.6,,,200.7,205.0,381.6,500.3,146.6,,,270.3,470.2,710.4,836.3,317.5,,,,,,,,,,,,,,,,,40.5,55.8,141.4,261.3,411.9,,,98.8,241.4,335.6,860.3,1470.3,,,110.4,175.7,366.8,482.2,660.7,,,474.5,781.6,1077.4,2187.6,3040.4,,,892.4,1839.8,1114.2,2581.1,1638.2,,,1630.8,2989.8,2050.1,3816.7,2847.4,,,,,,,,,,,,,,,,,57.3,116.5,25.5,259.6,311.7,,,136.2,422.0,402.2,1191.9,1446.6,,,516.2,799.0,1117.6,2135.5,2677.4,,,195.0,564.1,967.0,1898.2,2187.6,,,1220.3,2618.8,3014.9,3066.4,4123.8,,,1333.7,2599.8,5199.6,4783.7,5436.0,,,,,,,,,,,,,,,,,416.2,696.6,1338.7,1692.3,2242.3,,,332.5,530.7,1061.4,877.2,1107.3,,,908.2,1107.3,2314.6,2599.8,4848.3,,,2718.0,2256.4,3986.4,4848.3,7633.5,,,3449.7,2825.0,3737.2,5519.6,4322.6,,,5694.8,4077.0,6644.0,7799.5,4659.4,,,,,,,,,,,,,,,,,676.9,360.5,1520.2,2285.2,2697.5,,,834.3,1309.4,1908.3,4914.7,6406.7,,,352.0,1176.3,2407.9,3942.6,4484.7,,,2802.9,2697.5,3857.8,5519.6,6294.3,,,4848.3,6406.7,5605.8,5519.6,2781.2,,,6294.3,9199.4,7799.5,9199.4,3776.6,,,,,,,,,,,,,,,,,1314.2,1385.2,2508.9,2718.0,1601.6,,,1630.8,3066.4,2440.6,4375.3,4429.3,,,1553.1,3353.0,3353.0,5125.3,3624.0,,,4429.3,3322.0,4375.3,6185.8,3942.6,,,3384.6,5519.6,7034.8,5354.8,2825.0,,,919.9,1733.2,1263.3,2038.5,1668.7,,,,,,,,,,,,,,,,,2657.6,3203.3,4077.0,4983.0,2026.9,,,4031.2,3416.9,5694.8,7633.5,5436.0,,,3986.4,9966.0,9999.9,6769.3,5125.3,,,7034.8,6080.9,9999.9,9999.9,5881.5,,,7474.5,8969.4,7799.5,9999.9,3552.2,,,1758.7,3353.0,2599.8,3066.4,1830.4,,,,,,,,,,,,,,,,,,,,,,,,,,,,,,,,,,,,,,,,,,,,,,,,,,,,,,,,,,,,,,,,,,,,,,,,,,,,,,,,,,,,,,,,,,,,,,,,,,,,,,,,,,,,,,,,,,,,,,,,,,,,,,,,
20260902_伊東_6R,20260902,37,伊東,6,13.9,20.5,10.3,8.8,168.9,,,28.4,18.5,77.3,45.2,93.3,,,43.3,19.2,124.8,53.0,233.7,,,82.2,202.0,276.8,161.2,699.9,,,6.9,16.9,15.4,38.1,145.8,,,650.6,623.5,911.8,1173.6,805.9,,,,,,,,,,,,,,,,,40.6,44.6,31.5,17.1,351.2,,,172.1,188.6,312.0,380.8,639.9,,,155.0,151.0,343.7,567.0,1321.3,,,66.1,143.1,218.1,156.2,673.2,,,82.7,348.3,515.8,252.9,1422.9,,,1585.5,2679.0,3630.4,2642.6,4089.0,,,,,,,,,,,,,,,,,295.8,217.1,711.4,383.0,918.3,,,391.9,538.7,878.8,963.9,1815.2,,,177.9,303.0,616.6,477.8,274.5,,,1402.3,1494.0,1749.8,2774.7,3664.7,,,719.3,1307.9,1082.0,2285.0,3184.1,,,1718.8,2412.8,952.1,3735.2,3563.8,,,,,,,,,,,,,,,,,207.6,137.4,547.9,223.2,963.9,,,347.1,433.5,938.3,800.9,2383.2,,,132.7,247.5,593.9,396.3,154.0,,,1433.4,1734.2,1894.9,1832.3,3437.7,,,481.3,1116.2,787.9,1726.5,3132.7,,,2735.6,3596.8,1294.8,4517.0,4517.0,,,,,,,,,,,,,,,,,638.9,1422.9,1815.2,1149.2,4177.0,,,481.3,823.0,1119.4,794.4,2158.1,,,2033.8,2099.8,4177.0,5111.3,6474.3,,,2443.1,2312.2,3407.5,3320.1,7769.2,,,1618.5,1876.6,3923.8,3963.9,4268.8,,,6265.5,4570.1,9999.9,8632.5,5321.4,,,,,,,,,,,,,,,,,76.8,135.1,126.7,193.8,562.9,,,171.2,627.5,805.9,574.6,2856.3,,,578.0,1047.0,924.9,2134.4,3596.8,,,529.9,1094.2,942.8,2099.8,3884.6,,,800.9,1253.1,1971.8,2354.3,2877.5,,,3132.7,7329.4,6265.5,6265.5,4177.0,,,,,,,,,,,,,,,,,3058.7,4316.2,4517.0,5797.9,4268.8,,,4414.3,2697.6,9034.0,7769.2,8092.9,,,4414.3,8265.1,2755.0,9999.9,8265.1,,,5249.5,8632.5,3184.1,9711.5,9034.0,,,7927.8,8265.1,9999.9,9999.9,5885.8,,,6166.0,9034.0,9249.1,9999.9,5321.4,,,,,,,,,,,,,,,,,,,,,,,,,,,,,,,,,,,,,,,,,,,,,,,,,,,,,,,,,,,,,,,,,,,,,,,,,,,,,,,,,,,,,,,,,,,,,,,,,,,,,,,,,,,,,,,,,,,,,,,,,,,,,,,,
20260902_伊東_7R,20260902,37,伊東,7,7.2,7.2,34.3,161.9,79.3,,,4.9,13.8,29.7,124.7,8.6,,,27.1,69.4,132.3,375.9,320.4,,,70.7,63.1,164.8,121.3,353.4,,,588.7,478.3,900.2,445.2,1533.1,,,288.3,161.3,831.8,858.9,1497.3,,,,,,,,,,,,,,,,,19.9,24.1,73.5,327.8,227.4,,,61.2,129.4,394.0,773.1,429.8,,,21.9,51.7,69.8,214.6,287.0,,,164.5,510.4,219.2,534.7,1512.5,,,1329.0,2060.6,1449.0,1826.0,4728.5,,,1111.9,1789.7,1581.7,2376.8,3774.9,,,,,,,,,,,,,,,,,48.1,98.4,116.6,319.4,93.1,,,112.3,309.3,654.8,1325.1,793.6,,,445.6,526.0,1468.0,2303.6,1789.7,,,561.5,1317.3,1826.0,1695.1,2879.5,,,1747.9,3455.5,3208.6,2389.4,6153.6,,,518.1,1714.5,2118.9,2537.9,4010.8,,,,,,,,,,,,,,,,,243.7,367.9,735.2,1559.7,1919.7,,,113.0,193.2,269.9,722.2,751.1,,,627.3,541.2,2159.6,2994.7,2722.5,,,1336.9,931.9,2118.9,1708.0,4830.2,,,4010.8,2509.5,4010.8,3377.5,8167.5,,,4631.0,3975.3,4083.7,6326.9,7880.9,,,,,,,,,,,,,,,,,174.2,104.8,431.1,251.3,887.7,,,216.1,573.7,236.1,657.7,2481.8,,,461.2,1032.6,1220.6,1204.3,1727.7,,,1014.0,855.6,1426.0,1399.4,3035.2,,,379.7,434.8,558.0,754.9,1044.6,,,3774.9,5833.9,3806.9,5545.8,3303.0,,,,,,,,,,,,,,,,,3278.9,2234.9,6153.6,2032.6,5989.5,,,3940.4,3774.9,4319.3,3593.7,8318.8,,,3035.2,5347.8,5223.4,4991.2,9557.7,,,8984.3,4447.6,5284.8,4361.3,9999.9,,,1237.5,2246.0,1911.5,2303.6,2898.1,,,9999.9,9999.9,9167.6,9999.9,5615.1,,,,,,,,,,,,,,,,,2673.9,939.7,5478.2,4882.7,5545.8,,,2843.1,2118.9,4198.2,7130.4,8808.1,,,884.2,4404.0,6606.1,8808.1,8021.7,,,8021.7,6704.7,6606.1,9358.6,9765.5,,,7018.9,8808.1,8638.7,9999.9,5284.8,,,8318.8,8318.8,8638.7,9999.9,4936.4,,,,,,,,,,,,,,,,,,,,,,,,,,,,,,,,,,,,,,,,,,,,,,,,,,,,,,,,,,,,,,,,,,,,,,,,,,,,,,,,,,,,,,,,,,,,,,,,,,,,,,,,,,,,,,,,,,,,,,,,,,,,,,,,
20260902_松阪_1R,20260902,47,松阪,1,1081.6,671.4,387.1,701.4,463.5,,,1453.6,2429.6,1809.1,1453.6,843.8,,,1617.1,2733.4,2245.3,2441.4,1734.3,,,368.1,1102.9,1169.6,458.0,389.2,,,372.5,678.7,957.9,350.2,306.3,,,344.7,364.9,911.1,492.1,512.6,,,,,,,,,,,,,,,,,584.1,282.2,147.7,355.4,236.5,,,674.1,406.2,198.0,917.7,220.8,,,140.1,220.7,33.9,287.8,94.1,,,41.1,56.8,10.9,61.7,13.4,,,364.9,853.9,433.2,175.1,434.6,,,116.9,68.7,58.2,25.8,237.9,,,,,,,,,,,,,,,,,1734.3,2361.2,1566.8,1632.9,1030.6,,,1337.6,821.8,495.5,1758.5,427.3,,,2372.3,2215.6,2011.7,2502.2,1622.4,,,1352.0,598.0,1514.9,1601.7,410.2,,,2140.2,2317.7,3287.2,2205.9,1802.6,,,481.7,180.5,372.2,200.5,835.4,,,,,,,,,,,,,,,,,2317.7,2924.1,2763.4,3085.5,2406.4,,,1177.8,1206.1,131.7,1079.2,330.8,,,3029.8,2086.9,2809.7,3492.6,2167.8,,,2131.1,209.0,2069.7,1752.4,745.1,,,2857.6,1876.6,3265.8,2465.4,2941.2,,,2003.7,500.4,1093.3,770.2,3123.8,,,,,,,,,,,,,,,,,154.8,369.8,468.7,194.7,169.9,,,35.9,45.5,6.8,53.9,11.5,,,508.5,207.5,616.3,615.6,143.6,,,496.4,49.9,411.5,646.4,141.9,,,73.7,117.3,126.5,311.4,80.8,,,77.0,24.5,28.9,76.0,112.2,,,,,,,,,,,,,,,,,267.5,627.1,727.8,237.3,269.2,,,370.0,943.6,491.6,215.7,511.6,,,1676.4,1313.1,2177.2,1789.8,1292.9,,,1949.4,1081.6,2704.0,1571.7,1770.9,,,235.0,224.8,782.1,667.9,298.6,,,505.4,573.4,728.9,1238.7,465.2,,,,,,,,,,,,,,,,,332.8,294.9,639.8,361.0,512.6,,,149.4,47.5,62.5,29.6,269.5,,,158.0,49.3,106.1,60.3,290.5,,,916.1,267.2,418.0,390.1,1266.8,,,165.6,44.1,73.9,151.0,211.6,,,533.3,534.4,528.8,1316.6,293.7,,,,,,,,,,,,,,,,,,,,,,,,,,,,,,,,,,,,,,,,,,,,,,,,,,,,,,,,,,,,,,,,,,,,,,,,,,,,,,,,,,,,,,,,,,,,,,,,,,,,,,,,,,,,,,,,,,,,,,,,,,,,,,,,
20260902_松阪_2R,20260902,47,松阪,2,89.8,34.3,36.7,226.2,52.2,,,217.5,102.5,217.3,109.8,107.0,,,30.2,54.0,55.4,89.0,15.0,,,71.4,167.0,87.0,227.2,83.9,,,330.3,139.9,140.8,247.9,117.7,,,62.3,65.2,24.5,66.6,79.3,,,,,,,,,,,,,,,,,77.9,38.4,25.7,203.7,50.7,,,185.3,161.2,101.1,206.1,357.5,,,64.7,137.0,53.7,302.5,229.0,,,14.0,36.9,32.3,75.4,62.6,,,323.5,257.0,453.6,225.7,757.2,,,158.2,286.2,340.4,215.3,690.8,,,,,,,,,,,,,,,,,491.4,367.5,392.4,225.8,327.7,,,573.4,659.4,338.3,327.4,1124.6,,,561.4,854.9,1085.8,500.5,1325.9,,,597.9,404.5,1145.1,361.6,1255.4,,,135.4,247.6,288.0,239.3,328.3,,,837.8,1061.4,1505.5,1459.0,783.9,,,,,,,,,,,,,,,,,89.2,157.5,134.4,171.5,41.1,,,126.0,340.4,141.7,543.7,358.5,,,387.9,622.5,805.7,307.4,968.9,,,300.1,262.7,714.3,889.1,726.7,,,434.8,1098.5,445.6,1104.9,912.7,,,202.7,683.3,1055.5,845.3,1511.5,,,,,,,,,,,,,,,,,71.1,151.2,107.7,204.2,124.1,,,28.6,50.2,62.7,71.0,118.9,,,204.2,125.3,454.7,130.8,471.1,,,244.9,202.5,603.6,736.6,706.3,,,277.6,220.2,226.9,585.8,566.5,,,485.0,456.3,887.0,912.7,923.9,,,,,,,,,,,,,,,,,570.8,196.2,288.2,347.9,216.8,,,538.3,342.2,662.9,393.6,1303.0,,,108.4,205.2,188.6,176.0,234.1,,,427.9,1082.7,442.4,1177.2,1041.0,,,367.9,360.9,304.7,921.6,792.2,,,536.0,1702.1,590.4,1121.3,1114.7,,,,,,,,,,,,,,,,,304.5,271.8,143.5,365.8,459.7,,,405.0,694.6,636.1,683.3,1601.2,,,572.5,904.0,904.0,1415.3,994.4,,,291.1,1211.1,1340.0,1442.3,1511.5,,,755.7,919.4,1379.1,1481.9,1642.9,,,930.7,2347.1,1073.5,2087.7,1481.9,,,,,,,,,,,,,,,,,,,,,,,,,,,,,,,,,,,,,,,,,,,,,,,,,,,,,,,,,,,,,,,,,,,,,,,,,,,,,,,,,,,,,,,,,,,,,,,,,,,,,,,,,,,,,,,,,,,,,,,,,,,,,,,,
20260902_松阪_3R,20260902,47,松阪,3,211.9,291.5,229.9,311.0,126.4,,,231.8,147.9,229.3,584.0,98.4,,,351.9,176.6,356.5,870.3,164.9,,,233.8,236.5,336.2,715.3,66.6,,,859.7,1266.5,1380.3,1690.7,833.4,,,47.2,34.1,70.0,12.6,212.9,,,,,,,,,,,,,,,,,377.9,546.1,425.2,395.7,164.9,,,242.5,221.9,560.8,244.5,227.6,,,360.2,268.5,831.4,351.9,523.5,,,680.8,1064.3,1598.9,1097.4,501.9,,,365.0,302.2,466.7,505.5,241.2,,,118.7,245.5,454.7,142.8,286.8,,,,,,,,,,,,,,,,,122.7,71.2,127.7,373.9,53.6,,,160.4,150.8,316.6,228.1,118.9,,,38.3,72.7,92.6,172.7,40.4,,,325.3,656.8,363.5,955.0,242.6,,,1027.2,654.3,649.5,1280.3,750.2,,,41.4,113.7,76.4,51.9,349.8,,,,,,,,,,,,,,,,,210.3,92.0,194.7,525.0,108.9,,,233.2,188.6,499.1,294.7,297.1,,,40.8,86.1,103.6,174.9,51.3,,,550.4,1087.2,427.8,1039.3,320.9,,,1012.5,799.4,604.0,1136.2,1206.0,,,93.5,235.8,116.6,128.7,472.4,,,,,,,,,,,,,,,,,701.1,567.1,690.1,1732.1,149.4,,,1027.2,1460.1,1698.8,1758.0,764.8,,,686.1,1490.9,976.1,2294.5,525.8,,,1257.5,2309.5,1235.5,2872.8,973.4,,,3241.8,2560.6,3072.7,3212.3,1723.7,,,92.3,400.1,301.7,449.0,794.0,,,,,,,,,,,,,,,,,1570.5,2090.9,2420.2,2944.6,1830.8,,,955.0,680.8,881.2,1348.7,710.9,,,2542.1,1074.0,1114.7,2920.3,2403.8,,,3212.3,1430.6,1231.2,3046.2,3183.4,,,3333.6,2826.9,3241.8,3365.3,1985.1,,,1385.7,1097.4,2208.5,2309.5,1275.6,,,,,,,,,,,,,,,,,32.1,19.7,36.7,6.4,147.3,,,73.1,168.4,277.5,104.6,308.3,,,49.2,193.5,127.7,69.8,463.1,,,100.9,281.3,140.3,153.3,715.3,,,13.5,83.5,56.0,116.8,259.0,,,539.4,845.3,989.8,1294.3,606.1,,,,,,,,,,,,,,,,,,,,,,,,,,,,,,,,,,,,,,,,,,,,,,,,,,,,,,,,,,,,,,,,,,,,,,,,,,,,,,,,,,,,,,,,,,,,,,,,,,,,,,,,,,,,,,,,,,,,,,,,,,,,,,,,
20260902_松阪_4R,20260902,47,松阪,4,176.4,69.8,26.7,143.7,41.4,,,520.5,601.2,339.8,383.8,659.6,,,170.6,318.5,51.2,191.4,184.0,,,12.9,55.9,11.5,35.2,17.3,,,267.4,191.0,216.1,114.9,313.2,,,58.2,232.1,89.9,57.7,263.5,,,,,,,,,,,,,,,,,309.9,127.8,48.0,254.5,79.1,,,824.2,966.8,964.4,581.8,670.1,,,217.2,438.7,212.9,350.5,136.6,,,60.7,350.8,157.2,329.2,133.6,,,386.9,365.0,461.1,449.1,300.3,,,61.3,169.7,43.3,79.2,156.4,,,,,,,,,,,,,,,,,1206.2,1719.3,704.9,781.8,1596.5,,,1328.6,1979.0,1711.6,1015.9,1423.1,,,1958.6,2620.5,1292.4,641.8,2122.7,,,851.9,1563.7,1275.1,829.6,1501.8,,,303.9,561.2,322.2,272.3,338.9,,,1623.8,1347.4,1909.4,1623.8,1046.7,,,,,,,,,,,,,,,,,320.1,580.1,94.7,358.4,314.2,,,344.1,859.6,324.2,525.5,225.1,,,1180.0,1644.9,716.9,390.1,1347.4,,,83.5,411.6,412.1,251.9,255.0,,,527.0,764.5,310.1,285.9,573.9,,,424.5,286.7,824.2,276.7,568.8,,,,,,,,,,,,,,,,,29.4,98.4,20.2,69.3,42.8,,,60.8,410.7,175.7,404.6,142.5,,,397.8,1013.2,597.4,633.3,952.3,,,42.8,230.2,218.5,137.0,179.4,,,146.1,451.8,189.7,203.5,257.9,,,127.2,160.6,503.9,206.7,484.6,,,,,,,,,,,,,,,,,347.0,211.8,295.0,140.2,367.1,,,350.8,289.1,434.2,429.3,285.4,,,113.2,166.7,125.0,128.3,115.3,,,399.5,607.9,192.1,179.3,418.9,,,141.7,376.9,131.4,147.2,232.4,,,248.6,150.7,148.7,219.2,233.1,,,,,,,,,,,,,,,,,159.9,477.3,271.6,188.4,553.9,,,102.5,224.4,67.2,116.2,217.1,,,521.9,405.5,933.6,902.5,456.7,,,292.2,152.8,524.1,212.7,422.2,,,219.3,244.2,607.9,237.1,583.6,,,361.1,198.6,248.8,357.7,349.5,,,,,,,,,,,,,,,,,,,,,,,,,,,,,,,,,,,,,,,,,,,,,,,,,,,,,,,,,,,,,,,,,,,,,,,,,,,,,,,,,,,,,,,,,,,,,,,,,,,,,,,,,,,,,,,,,,,,,,,,,,,,,,,,
20260902_松阪_5R,20260902,47,松阪,5,141.6,436.9,120.7,534.7,103.2,,,102.3,222.7,79.8,159.1,50.6,,,557.7,430.1,471.9,970.8,142.0,,,97.2,102.2,307.7,350.1,58.9,,,789.6,355.2,1078.4,861.3,323.0,,,34.0,20.8,14.2,25.5,112.4,,,,,,,,,,,,,,,,,303.6,1040.9,214.7,1019.1,253.2,,,410.2,1324.2,217.1,598.9,331.3,,,1700.0,2174.9,1145.0,2212.0,1375.6,,,115.1,110.3,459.1,391.6,80.9,,,1745.8,859.4,2006.8,954.2,1342.4,,,254.6,287.9,565.0,144.4,1106.0,,,,,,,,,,,,,,,,,177.8,291.8,132.1,155.7,65.4,,,282.9,698.9,175.5,299.4,243.6,,,588.0,1035.4,1125.2,575.9,377.9,,,206.5,211.3,801.0,356.8,175.4,,,87.2,155.1,204.0,224.2,47.2,,,31.5,150.0,82.5,134.8,57.0,,,,,,,,,,,,,,,,,1649.6,1268.1,1836.4,1936.9,364.1,,,2150.9,2862.6,2027.7,2511.7,1836.4,,,1268.1,2303.6,2250.4,1474.7,892.9,,,1880.7,1956.3,2359.5,2511.7,1663.7,,,2237.4,2528.0,1670.9,2862.6,2027.7,,,250.0,998.2,598.9,970.8,1172.6,,,,,,,,,,,,,,,,,132.4,201.7,647.7,774.0,72.7,,,75.2,68.2,313.7,303.4,40.0,,,241.0,150.6,1013.8,445.9,166.0,,,1328.7,1057.9,1692.7,1819.2,726.3,,,1035.4,796.1,626.9,1692.7,559.3,,,85.7,82.6,148.5,195.1,608.3,,,,,,,,,,,,,,,,,1595.5,523.9,1361.2,1024.5,385.8,,,1899.1,760.3,2006.8,1128.4,1069.5,,,212.8,348.5,456.4,291.8,104.0,,,2237.4,2511.7,978.1,2448.5,1678.1,,,1315.2,1019.1,623.9,2038.3,609.2,,,271.4,844.5,141.0,672.4,548.3,,,,,,,,,,,,,,,,,31.7,12.1,13.3,30.8,105.2,,,101.1,209.4,276.9,153.7,750.1,,,21.2,124.5,51.6,108.2,91.7,,,35.6,181.7,77.7,201.9,187.8,,,74.2,116.1,139.5,172.3,541.4,,,290.1,783.3,209.4,503.6,664.3,,,,,,,,,,,,,,,,,,,,,,,,,,,,,,,,,,,,,,,,,,,,,,,,,,,,,,,,,,,,,,,,,,,,,,,,,,,,,,,,,,,,,,,,,,,,,,,,,,,,,,,,,,,,,,,,,,,,,,,,,,,,,,,,
20260902_松阪_6R,20260902,47,松阪,6,90.8,127.0,81.0,615.8,105.0,,,83.4,40.5,63.6,386.8,24.5,,,147.8,55.2,63.6,259.5,46.0,,,90.1,109.3,112.1,329.6,82.6,,,1403.8,1163.7,940.2,1173.9,1347.3,,,137.5,22.9,33.1,61.3,268.2,,,,,,,,,,,,,,,,,38.8,56.4,38.7,235.0,77.7,,,42.5,138.0,75.6,248.9,309.5,,,92.8,146.8,69.5,310.0,309.0,,,8.9,27.9,18.5,18.3,73.3,,,498.1,678.2,534.6,223.5,1606.0,,,402.3,598.3,593.0,497.5,1509.4,,,,,,,,,,,,,,,,,110.2,156.5,166.6,595.7,154.3,,,123.4,223.9,253.9,890.2,567.1,,,238.5,291.5,585.2,1316.4,730.0,,,324.5,325.1,601.0,798.2,976.9,,,1977.8,2170.3,2418.7,1816.7,3860.6,,,496.9,1177.4,1053.8,1329.4,2676.7,,,,,,,,,,,,,,,,,149.4,85.7,107.8,407.2,115.4,,,113.9,128.6,141.0,462.0,395.9,,,130.1,173.0,402.7,953.6,456.2,,,195.5,169.4,317.3,408.0,400.3,,,1361.0,1320.7,1612.4,1056.5,1949.0,,,292.4,680.5,558.4,509.5,1243.0,,,,,,,,,,,,,,,,,59.7,132.0,138.0,199.2,146.0,,,20.5,45.4,29.5,21.2,86.9,,,218.9,166.6,402.7,400.3,705.6,,,182.0,101.8,316.6,285.7,543.3,,,343.4,94.8,611.1,339.3,807.8,,,470.7,416.0,1029.5,753.2,1085.1,,,,,,,,,,,,,,,,,2952.2,3237.9,2974.1,2590.3,3617.1,,,2361.8,2731.3,2038.1,682.8,3584.8,,,3237.9,3318.2,2712.8,3374.0,4511.3,,,3064.9,2147.0,3018.8,1638.8,4412.1,,,1153.7,338.5,2418.7,882.4,2463.2,,,4015.0,3553.1,4364.2,4511.3,3431.6,,,,,,,,,,,,,,,,,648.6,254.6,316.6,460.4,1439.0,,,1073.5,1580.7,1379.7,1303.5,3064.9,,,550.0,1885.0,1062.1,1580.7,3237.9,,,537.4,1342.8,942.5,1034.8,2206.0,,,955.9,1428.8,1481.5,1266.5,1833.3,,,3787.8,4271.3,4139.2,4055.6,2769.0,,,,,,,,,,,,,,,,,,,,,,,,,,,,,,,,,,,,,,,,,,,,,,,,,,,,,,,,,,,,,,,,,,,,,,,,,,,,,,,,,,,,,,,,,,,,,,,,,,,,,,,,,,,,,,,,,,,,,,,,,,,,,,,,
20260902_松阪_7R,20260902,47,松阪,7,275.9,143.0,189.6,376.4,141.3,,,391.4,503.6,709.9,470.5,107.5,,,111.8,287.5,297.1,421.2,95.1,,,467.1,948.6,819.7,798.6,389.5,,,649.7,820.7,816.6,756.0,440.9,,,68.8,22.0,58.0,82.1,133.4,,,,,,,,,,,,,,,,,418.8,192.4,265.7,517.6,215.0,,,558.4,409.6,536.3,551.8,395.9,,,81.9,101.5,24.8,67.8,35.9,,,247.0,201.4,69.2,120.4,139.2,,,680.2,335.4,206.2,205.5,392.5,,,173.1,180.6,121.2,190.7,254.1,,,,,,,,,,,,,,,,,489.6,698.5,914.0,513.5,176.9,,,539.9,623.0,730.6,537.2,353.4,,,841.9,671.8,1127.5,901.3,469.1,,,1637.4,1187.0,1719.5,1165.8,436.2,,,637.6,637.0,816.6,859.7,354.9,,,64.4,116.8,257.5,177.8,105.2,,,,,,,,,,,,,,,,,78.5,146.2,144.5,208.9,40.8,,,46.4,50.3,11.8,52.5,15.4,,,257.1,219.6,287.5,235.6,123.5,,,241.1,54.7,266.7,194.5,118.6,,,388.6,175.4,302.2,285.7,225.1,,,51.3,40.8,48.4,73.8,151.1,,,,,,,,,,,,,,,,,884.2,2194.2,1751.8,2036.5,998.0,,,507.5,372.8,217.6,263.2,383.5,,,2352.7,1454.6,2239.5,1562.8,557.0,,,1265.4,261.3,1187.0,789.9,611.9,,,2102.2,495.5,694.7,1441.8,1127.5,,,693.2,746.5,460.8,1013.5,1236.6,,,,,,,,,,,,,,,,,1047.7,1056.2,1102.7,1805.2,628.4,,,855.2,712.2,326.0,510.7,573.1,,,1039.3,854.1,939.0,1338.1,581.8,,,908.9,335.4,870.0,892.7,733.0,,,1986.8,859.7,1419.8,1157.5,1398.4,,,447.2,514.3,406.8,657.6,887.8,,,,,,,,,,,,,,,,,51.0,19.0,55.4,110.7,127.2,,,97.3,92.7,116.6,198.1,213.1,,,21.7,52.2,97.5,91.7,51.3,,,82.2,82.6,90.9,199.4,244.4,,,254.7,406.2,197.1,481.3,678.1,,,282.3,377.7,170.6,426.7,547.6,,,,,,,,,,,,,,,,,,,,,,,,,,,,,,,,,,,,,,,,,,,,,,,,,,,,,,,,,,,,,,,,,,,,,,,,,,,,,,,,,,,,,,,,,,,,,,,,,,,,,,,,,,,,,,,,,,,,,,,,,,,,,,,,
20260902_玉野_1R,20260902,61,玉野,1,55.0,47.0,189.5,252.9,125.5,,,23.4,7.3,84.4,143.7,73.4,,,14.6,3.4,31.1,31.3,45.5,,,261.5,237.5,155.6,305.9,806.3,,,292.7,215.7,102.5,258.1,543.6,,,111.8,128.1,108.8,626.4,651.5,,,,,,,,,,,,,,,,,150.3,119.8,319.7,501.5,193.5,,,367.1,701.7,1717.1,1790.8,1466.9,,,210.6,574.6,630.4,806.3,518.5,,,594.5,1280.3,1122.7,795.4,1118.4,,,705.1,1512.5,979.5,884.5,1101.5,,,193.1,467.8,390.7,490.6,619.7,,,,,,,,,,,,,,,,,175.1,81.7,417.0,631.8,532.6,,,518.5,853.5,2211.4,2412.5,2373.3,,,178.5,688.4,1167.6,1504.7,2298.5,,,1383.4,3009.4,2890.2,3517.0,4947.7,,,1258.2,2245.5,2041.3,2890.2,5507.8,,,1697.1,2495.0,3040.7,4491.0,6210.9,,,,,,,,,,,,,,,,,25.5,9.1,35.6,31.6,78.5,,,131.6,407.7,280.1,410.5,356.4,,,106.4,341.8,764.1,630.4,1027.8,,,237.3,307.9,989.5,280.4,1003.1,,,114.6,251.6,418.8,138.5,498.1,,,361.7,345.8,756.2,1153.8,795.4,,,,,,,,,,,,,,,,,559.2,793.2,573.5,532.6,1895.5,,,621.0,1871.2,1263.7,941.6,1577.9,,,1445.1,2728.1,2473.8,2178.4,1758.5,,,543.6,822.3,2583.3,675.7,2245.5,,,434.3,496.4,1073.2,535.6,705.1,,,2432.6,1920.5,4230.6,2678.1,1390.0,,,,,,,,,,,,,,,,,409.4,228.9,123.0,295.1,793.2,,,609.4,1504.7,750.4,562.4,1158.3,,,824.6,1481.8,1144.7,1595.1,3243.5,,,132.5,391.8,634.6,229.6,766.1,,,252.5,231.6,793.2,305.9,635.9,,,1410.2,966.6,2373.3,1252.8,1031.5,,,,,,,,,,,,,,,,,248.2,300.6,273.5,1297.4,1351.4,,,179.8,376.1,453.2,434.3,706.8,,,1163.0,1595.1,2298.5,4230.6,5121.3,,,462.6,770.2,1824.4,2780.1,1835.9,,,2583.3,1779.9,4054.3,3105.4,1748.0,,,1985.8,1258.2,3207.8,1933.2,1280.3,,,,,,,,,,,,,,,,,,,,,,,,,,,,,,,,,,,,,,,,,,,,,,,,,,,,,,,,,,,,,,,,,,,,,,,,,,,,,,,,,,,,,,,,,,,,,,,,,,,,,,,,,,,,,,,,,,,,,,,,,,,,,,,,
20260902_玉野_2R,20260902,61,玉野,2,18.7,13.9,34.5,153.9,34.4,,,9.7,32.2,33.8,20.2,121.8,,,31.4,79.7,129.4,333.6,162.8,,,88.6,90.7,226.5,419.4,372.8,,,540.7,258.2,847.9,685.8,1499.1,,,249.6,535.0,452.6,415.0,1264.3,,,,,,,,,,,,,,,,,54.2,37.6,82.7,307.3,83.7,,,68.6,83.3,162.4,270.8,168.8,,,32.3,46.0,59.0,257.6,23.1,,,157.8,191.4,118.1,549.1,125.2,,,1026.8,866.5,986.9,1196.2,1480.3,,,152.8,160.3,54.4,103.1,558.6,,,,,,,,,,,,,,,,,27.8,61.4,56.1,17.4,257.6,,,74.8,143.7,231.3,243.0,334.8,,,164.1,222.6,406.5,350.3,1138.7,,,180.9,302.1,523.2,409.3,849.9,,,79.8,328.6,601.1,350.7,1196.2,,,913.3,1051.1,1930.9,1268.8,1831.3,,,,,,,,,,,,,,,,,66.0,158.0,321.2,688.5,325.3,,,62.8,66.6,127.2,579.5,56.4,,,205.3,226.8,556.0,449.7,1029.8,,,709.1,464.4,862.3,1850.4,1301.4,,,2041.9,1794.4,1644.8,2556.0,3351.8,,,965.4,492.7,1404.3,1063.7,2651.4,,,,,,,,,,,,,,,,,192.3,135.0,314.9,476.9,453.1,,,89.1,74.0,128.0,191.8,73.1,,,82.0,90.5,273.7,140.3,161.7,,,487.3,250.7,616.8,1176.4,847.9,,,1044.9,1093.2,820.5,1675.9,1153.5,,,822.4,466.2,728.0,888.2,1020.9,,,,,,,,,,,,,,,,,1984.8,787.7,3089.4,2691.6,5224.8,,,2307.0,2007.2,3289.7,3483.2,3089.4,,,634.4,1524.8,1733.1,1565.1,4555.0,,,3588.8,3625.4,2888.5,4131.2,6579.4,,,2467.3,3416.2,2140.3,3662.7,3320.4,,,6233.1,4867.0,6233.1,7401.9,3904.3,,,,,,,,,,,,,,,,,965.4,1831.3,1315.8,1273.4,4229.6,,,572.1,622.2,315.8,418.4,1812.7,,,1637.2,1492.8,2537.7,2263.0,3089.4,,,1579.0,716.3,2127.4,1750.2,3416.2,,,1889.8,915.6,1984.8,1716.3,2433.5,,,5149.1,4179.9,5730.5,7105.8,3200.8,,,,,,,,,,,,,,,,,,,,,,,,,,,,,,,,,,,,,,,,,,,,,,,,,,,,,,,,,,,,,,,,,,,,,,,,,,,,,,,,,,,,,,,,,,,,,,,,,,,,,,,,,,,,,,,,,,,,,,,,,,,,,,,,
20260902_玉野_3R,20260902,61,玉野,3,19.7,26.1,47.6,130.9,281.1,,,24.3,28.0,15.3,57.2,215.6,,,82.3,81.2,139.5,238.2,520.3,,,37.4,34.6,69.6,68.6,180.1,,,422.4,295.4,461.9,339.1,807.7,,,902.1,796.0,1009.7,731.2,1028.5,,,,,,,,,,,,,,,,,30.8,43.4,98.8,175.4,402.0,,,15.7,6.4,88.7,79.1,262.9,,,51.7,14.5,157.4,138.2,358.2,,,259.7,315.1,338.1,553.7,1219.4,,,638.0,396.6,486.9,1103.3,1600.8,,,1492.3,1120.1,1000.5,2019.4,1819.1,,,,,,,,,,,,,,,,,35.7,39.3,16.5,60.5,237.0,,,28.5,16.6,90.2,123.5,319.0,,,109.8,75.6,237.9,193.6,599.7,,,89.4,260.9,301.9,223.5,791.7,,,302.9,527.8,562.2,452.4,791.7,,,647.4,1161.5,1226.2,1561.1,989.2,,,,,,,,,,,,,,,,,262.3,264.2,455.7,661.0,1528.5,,,209.7,98.6,423.7,390.2,816.7,,,238.6,137.2,483.7,497.4,1143.4,,,804.8,952.8,1023.7,1257.8,2822.0,,,1655.0,1448.1,1283.4,2281.0,3668.6,,,3100.2,2341.6,2877.3,4492.1,3895.8,,,,,,,,,,,,,,,,,237.4,227.2,281.4,296.6,532.3,,,507.1,796.0,948.7,1661.2,2804.0,,,388.5,996.0,1276.0,1636.5,2896.2,,,866.6,1555.5,1706.3,2341.6,4233.0,,,989.2,2405.6,2473.2,2292.8,1487.2,,,2223.4,4002.1,4683.3,4946.4,2234.6,,,,,,,,,,,,,,,,,1257.8,866.6,1550.1,1073.7,2392.5,,,1719.6,1240.0,1655.0,2804.0,3966.0,,,794.6,1060.8,1149.4,1939.3,2668.0,,,2515.6,2179.3,1965.3,3144.5,4891.4,,,1283.4,2822.0,2974.5,2684.3,2201.1,,,2106.3,2974.5,2487.1,3412.6,1974.1,,,,,,,,,,,,,,,,,2019.4,394.8,2473.2,1865.3,2201.1,,,2392.5,2066.8,2354.1,3930.6,3730.7,,,391.3,2317.0,2804.0,2974.5,2515.6,,,3466.4,3966.0,3828.1,5179.2,5060.1,,,2751.4,4076.2,4153.1,5179.2,2392.5,,,406.1,2994.7,418.0,3762.6,1706.3,,,,,,,,,,,,,,,,,,,,,,,,,,,,,,,,,,,,,,,,,,,,,,,,,,,,,,,,,,,,,,,,,,,,,,,,,,,,,,,,,,,,,,,,,,,,,,,,,,,,,,,,,,,,,,,,,,,,,,,,,,,,,,,,
20260902_玉野_4R,20260902,61,玉野,4,34.2,49.4,33.6,73.4,156.1,,,11.7,2.7,36.0,114.0,66.7,,,65.9,24.2,165.9,381.0,151.4,,,39.2,109.3,162.0,302.0,413.8,,,415.2,499.0,967.7,912.2,1315.9,,,373.2,357.2,389.5,837.1,1463.2,,,,,,,,,,,,,,,,,119.4,172.1,131.6,261.6,466.6,,,166.5,364.3,442.8,683.7,1180.0,,,408.2,573.3,835.2,1311.1,1988.1,,,161.9,293.5,364.7,249.5,714.4,,,560.2,905.4,1024.7,511.6,1019.0,,,1423.4,2164.6,1758.7,2102.4,2360.1,,,,,,,,,,,,,,,,,16.5,4.6,55.6,164.6,112.8,,,81.2,177.4,348.4,524.0,699.4,,,22.0,111.9,301.0,510.2,366.1,,,264.5,513.0,629.6,1750.3,1161.3,,,805.7,1563.3,1717.4,2576.2,3850.7,,,628.5,1611.5,1633.1,3023.3,4690.0,,,,,,,,,,,,,,,,,236.6,78.9,618.9,1085.5,802.2,,,433.9,562.8,1027.5,1556.6,1905.3,,,66.8,287.5,737.5,1042.2,898.8,,,1176.2,1195.4,1385.6,3237.3,5011.2,,,2926.5,2594.4,2315.3,4020.0,5542.7,,,2286.3,4020.0,3126.6,7465.7,5806.6,,,,,,,,,,,,,,,,,118.6,327.7,555.9,858.7,1172.5,,,138.2,293.5,500.4,280.5,988.7,,,485.1,605.6,885.7,2272.1,2151.8,,,1385.6,1211.3,1885.6,3325.6,3586.4,,,2771.3,1176.2,3181.0,3621.9,2771.3,,,3891.7,3621.9,5301.7,8922.4,4407.4,,,,,,,,,,,,,,,,,1977.4,1977.4,3586.4,3976.3,5011.2,,,2043.6,2576.2,3208.9,2055.1,3732.8,,,2471.7,2631.8,3418.8,5542.7,7316.4,,,4110.3,4204.8,3732.8,4690.0,9626.8,,,4253.7,2422.6,6532.5,3695.1,4157.0,,,6651.3,5379.7,9887.0,9999.9,4877.6,,,,,,,,,,,,,,,,,1742.0,1469.1,2422.6,3023.3,4750.9,,,2540.4,4253.7,4690.0,3551.6,4877.6,,,1775.8,4204.8,3695.1,6532.5,7465.7,,,4204.8,6417.9,4943.5,9145.5,9380.0,,,5011.2,4750.9,6902.2,9999.9,4813.4,,,7465.7,5379.7,8314.1,9626.8,4355.0,,,,,,,,,,,,,,,,,,,,,,,,,,,,,,,,,,,,,,,,,,,,,,,,,,,,,,,,,,,,,,,,,,,,,,,,,,,,,,,,,,,,,,,,,,,,,,,,,,,,,,,,,,,,,,,,,,,,,,,,,,,,,,,,
20260902_玉野_5R,20260902,61,玉野,5,29.3,59.8,28.7,375.0,209.6,,,16.9,28.3,46.7,328.5,167.9,,,165.2,121.9,302.2,603.7,714.3,,,40.6,34.9,125.8,426.6,59.6,,,1281.2,1362.7,1654.3,1956.4,2874.9,,,760.4,781.9,1076.4,395.5,2468.5,,,,,,,,,,,,,,,,,42.6,66.9,33.4,454.2,198.9,,,22.0,9.3,55.1,178.8,185.0,,,180.7,65.6,334.1,289.2,501.0,,,120.5,192.1,353.9,1240.7,297.4,,,1739.8,1086.4,1487.3,3061.6,4172.5,,,837.4,882.9,996.8,1047.7,2892.6,,,,,,,,,,,,,,,,,22.0,38.9,63.1,287.4,271.2,,,12.8,5.5,46.3,108.4,170.8,,,44.3,12.8,71.6,115.8,252.9,,,180.1,153.5,200.9,771.6,420.2,,,972.1,577.8,628.6,1473.4,2322.6,,,1045.4,828.6,1088.9,1343.2,3367.8,,,,,,,,,,,,,,,,,449.4,317.7,894.6,1556.0,1683.9,,,373.3,155.0,662.2,762.9,1141.6,,,164.7,89.8,350.0,403.3,758.0,,,1350.9,1424.4,772.9,2311.2,2104.9,,,2507.9,1535.8,1069.1,2455.7,3802.4,,,3251.7,3599.2,2709.7,3626.9,5482.5,,,,,,,,,,,,,,,,,114.5,88.3,260.4,617.9,93.9,,,168.8,220.9,550.1,2152.9,488.0,,,248.6,334.1,417.9,1660.2,496.3,,,770.4,1205.8,699.5,2143.1,1339.4,,,2823.3,4714.9,3466.8,3545.0,3185.7,,,322.5,523.3,566.0,822.8,1893.5,,,,,,,,,,,,,,,,,3802.4,4577.6,4911.4,6458.8,5547.0,,,3655.0,2255.9,3545.0,5238.8,5893.7,,,3833.3,2255.9,2058.9,5820.9,5357.9,,,4577.6,3229.4,2133.4,4490.4,6203.9,,,5482.5,7729.4,4577.6,5238.8,5297.7,,,9429.9,9429.9,5482.5,5015.9,6640.8,,,,,,,,,,,,,,,,,2213.6,2430.4,3367.8,1320.7,6286.6,,,2058.9,2562.4,4622.5,2946.8,8896.1,,,2663.8,3061.6,3742.0,3297.1,7037.2,,,4577.6,5297.7,4325.6,5893.7,5547.0,,,1187.6,2481.5,2369.3,3655.0,4490.4,,,5968.3,5968.3,6286.6,5968.3,4811.2,,,,,,,,,,,,,,,,,,,,,,,,,,,,,,,,,,,,,,,,,,,,,,,,,,,,,,,,,,,,,,,,,,,,,,,,,,,,,,,,,,,,,,,,,,,,,,,,,,,,,,,,,,,,,,,,,,,,,,,,,,,,,,,,
20260902_玉野_6R,20260902,61,玉野,6,78.8,34.7,37.8,89.5,186.6,,,70.5,134.3,21.3,204.7,462.9,,,50.1,158.6,89.5,255.0,473.6,,,15.0,5.7,31.9,58.2,119.6,,,189.9,320.9,324.8,169.0,246.8,,,369.8,861.9,813.6,357.2,260.1,,,,,,,,,,,,,,,,,165.9,80.9,93.0,199.9,383.3,,,306.8,355.9,346.4,570.6,1424.9,,,63.4,129.8,71.9,103.7,196.8,,,153.1,195.1,173.4,445.3,957.3,,,416.7,519.5,258.6,463.8,443.3,,,720.8,1806.0,390.6,1416.8,476.3,,,,,,,,,,,,,,,,,244.3,378.6,63.4,591.1,1165.5,,,413.6,659.1,501.5,1076.5,2134.4,,,722.9,701.3,668.0,1545.6,2515.5,,,65.3,234.2,333.5,637.8,1027.1,,,1232.6,1471.7,2020.6,1575.2,2037.3,,,3707.1,4651.3,4980.2,2694.2,2754.4,,,,,,,,,,,,,,,,,116.5,270.6,143.1,481.0,860.4,,,49.3,92.0,47.1,146.3,284.1,,,479.6,371.5,447.0,1130.8,2153.0,,,110.3,95.3,161.8,562.1,1002.1,,,1000.0,463.3,1420.8,970.5,1241.9,,,1819.3,914.7,3024.8,2172.0,1245.0,,,,,,,,,,,,,,,,,24.0,6.9,36.8,88.4,163.3,,,83.9,111.4,141.3,449.8,1076.5,,,19.5,69.0,85.3,211.7,459.5,,,121.9,171.9,158.4,758.5,1304.3,,,283.1,518.9,374.0,824.4,783.8,,,569.9,1535.9,866.5,2045.8,898.0,,,,,,,,,,,,,,,,,610.2,643.6,715.5,405.4,416.4,,,728.2,1035.8,454.4,955.5,573.3,,,994.0,1328.9,1867.6,1229.5,1274.0,,,1008.2,656.5,1729.9,986.0,982.1,,,437.8,753.8,426.1,1141.3,680.0,,,296.4,309.8,525.6,516.2,336.3,,,,,,,,,,,,,,,,,1270.7,1779.9,1660.0,663.5,622.5,,,1081.2,2241.1,760.8,1467.4,727.2,,,2866.5,3496.7,4881.6,2143.6,1918.4,,,2405.1,1064.8,4250.4,2272.1,1318.3,,,823.1,1325.3,1008.2,1988.0,799.1,,,339.3,310.8,571.3,472.2,335.6,,,,,,,,,,,,,,,,,,,,,,,,,,,,,,,,,,,,,,,,,,,,,,,,,,,,,,,,,,,,,,,,,,,,,,,,,,,,,,,,,,,,,,,,,,,,,,,,,,,,,,,,,,,,,,,,,,,,,,,,,,,,,,,,
20260902_玉野_7R,20260902,61,玉野,7,30.4,41.5,60.7,93.2,83.1,,,21.8,81.3,23.6,61.6,116.9,,,155.2,207.3,366.2,494.7,602.9,,,67.7,45.2,218.7,138.6,179.5,,,102.4,100.7,236.2,146.2,258.7,,,107.0,218.5,526.4,238.2,317.2,,,,,,,,,,,,,,,,,44.0,34.7,76.0,184.8,99.3,,,46.8,47.6,68.6,348.3,144.6,,,32.8,35.9,51.8,302.4,67.7,,,108.8,113.7,99.4,571.6,223.3,,,433.0,697.5,652.8,928.4,768.7,,,105.2,113.0,63.6,141.1,410.8,,,,,,,,,,,,,,,,,22.0,74.4,19.6,82.5,126.8,,,29.9,44.3,38.5,273.2,130.3,,,185.3,145.7,263.2,796.9,689.6,,,16.9,24.0,107.5,231.5,157.3,,,224.9,540.3,993.5,487.1,1046.6,,,281.8,210.4,749.3,318.1,934.6,,,,,,,,,,,,,,,,,505.7,784.1,1218.7,1922.6,1896.5,,,245.2,266.4,333.4,1156.7,465.3,,,837.1,542.1,999.6,2788.0,2313.5,,,1428.6,798.8,1144.5,3177.3,2836.5,,,3167.0,2710.8,4164.3,4551.7,4967.6,,,2199.1,818.9,2695.9,2652.0,3994.3,,,,,,,,,,,,,,,,,80.6,57.6,229.8,213.5,220.7,,,99.4,99.2,146.0,560.8,243.9,,,33.1,46.1,166.0,310.6,210.8,,,580.7,401.7,467.7,1418.2,1206.6,,,455.3,1020.4,663.4,1588.6,1002.6,,,350.5,343.1,412.0,1013.0,957.5,,,,,,,,,,,,,,,,,508.1,403.0,1143.2,620.5,731.4,,,837.8,1498.6,1672.8,1750.6,1776.0,,,628.5,1294.4,2522.2,1445.5,2644.9,,,2938.7,2956.5,3807.8,4236.4,4750.5,,,1025.8,2496.4,1653.0,3219.1,2204.0,,,1331.4,1945.5,2930.0,3962.0,2091.0,,,,,,,,,,,,,,,,,264.9,486.6,961.3,456.2,745.8,,,168.9,296.1,217.7,340.7,668.0,,,540.9,516.6,1476.0,587.7,1892.8,,,1606.9,633.0,2060.2,1965.1,3251.2,,,578.7,556.6,702.0,1949.4,1684.3,,,1031.2,1368.6,2073.3,2741.2,1412.1,,,,,,,,,,,,,,,,,,,,,,,,,,,,,,,,,,,,,,,,,,,,,,,,,,,,,,,,,,,,,,,,,,,,,,,,,,,,,,,,,,,,,,,,,,,,,,,,,,,,,,,,,,,,,,,,,,,,,,,,,,,,,,,,
