race_key,date,jo_code,jo_name,race_no,1-2-3,1-2-4,1-2-5,1-2-6,1-2-7,1-2-8,1-2-9,1-3-2,1-3-4,1-3-5,1-3-6,1-3-7,1-3-8,1-3-9,1-4-2,1-4-3,1-4-5,1-4-6,1-4-7,1-4-8,1-4-9,1-5-2,1-5-3,1-5-4,1-5-6,1-5-7,1-5-8,1-5-9,1-6-2,1-6-3,1-6-4,1-6-5,1-6-7,1-6-8,1-6-9,1-7-2,1-7-3,1-7-4,1-7-5,1-7-6,1-7-8,1-7-9,1-8-2,1-8-3,1-8-4,1-8-5,1-8-6,1-8-7,1-8-9,1-9-2,1-9-3,1-9-4,1-9-5,1-9-6,1-9-7,1-9-8,2-1-3,2-1-4,2-1-5,2-1-6,2-1-7,2-1-8,2-1-9,2-3-1,2-3-4,2-3-5,2-3-6,2-3-7,2-3-8,2-3-9,2-4-1,2-4-3,2-4-5,2-4-6,2-4-7,2-4-8,2-4-9,2-5-1,2-5-3,2-5-4,2-5-6,2-5-7,2-5-8,2-5-9,2-6-1,2-6-3,2-6-4,2-6-5,2-6-7,2-6-8,2-6-9,2-7-1,2-7-3,2-7-4,2-7-5,2-7-6,2-7-8,2-7-9,2-8-1,2-8-3,2-8-4,2-8-5,2-8-6,2-8-7,2-8-9,2-9-1,2-9-3,2-9-4,2-9-5,2-9-6,2-9-7,2-9-8,3-1-2,3-1-4,3-1-5,3-1-6,3-1-7,3-1-8,3-1-9,3-2-1,3-2-4,3-2-5,3-2-6,3-2-7,3-2-8,3-2-9,3-4-1,3-4-2,3-4-5,3-4-6,3-4-7,3-4-8,3-4-9,3-5-1,3-5-2,3-5-4,3-5-6,3-5-7,3-5-8,3-5-9,3-6-1,3-6-2,3-6-4,3-6-5,3-6-7,3-6-8,3-6-9,3-7-1,3-7-2,3-7-4,3-7-5,3-7-6,3-7-8,3-7-9,3-8-1,3-8-2,3-8-4,3-8-5,3-8-6,3-8-7,3-8-9,3-9-1,3-9-2,3-9-4,3-9-5,3-9-6,3-9-7,3-9-8,4-1-2,4-1-3,4-1-5,4-1-6,4-1-7,4-1-8,4-1-9,4-2-1,4-2-3,4-2-5,4-2-6,4-2-7,4-2-8,4-2-9,4-3-1,4-3-2,4-3-5,4-3-6,4-3-7,4-3-8,4-3-9,4-5-1,4-5-2,4-5-3,4-5-6,4-5-7,4-5-8,4-5-9,4-6-1,4-6-2,4-6-3,4-6-5,4-6-7,4-6-8,4-6-9,4-7-1,4-7-2,4-7-3,4-7-5,4-7-6,4-7-8,4-7-9,4-8-1,4-8-2,4-8-3,4-8-5,4-8-6,4-8-7,4-8-9,4-9-1,4-9-2,4-9-3,4-9-5,4-9-6,4-9-7,4-9-8,5-1-2,5-1-3,5-1-4,5-1-6,5-1-7,5-1-8,5-1-9,5-2-1,5-2-3,5-2-4,5-2-6,5-2-7,5-2-8,5-2-9,5-3-1,5-3-2,5-3-4,5-3-6,5-3-7,5-3-8,5-3-9,5-4-1,5-4-2,5-4-3,5-4-6,5-4-7,5-4-8,5-4-9,5-6-1,5-6-2,5-6-3,5-6-4,5-6-7,5-6-8,5-6-9,5-7-1,5-7-2,5-7-3,5-7-4,5-7-6,5-7-8,5-7-9,5-8-1,5-8-2,5-8-3,5-8-4,5-8-6,5-8-7,5-8-9,5-9-1,5-9-2,5-9-3,5-9-4,5-9-6,5-9-7,5-9-8,6-1-2,6-1-3,6-1-4,6-1-5,6-1-7,6-1-8,6-1-9,6-2-1,6-2-3,6-2-4,6-2-5,6-2-7,6-2-8,6-2-9,6-3-1,6-3-2,6-3-4,6-3-5,6-3-7,6-3-8,6-3-9,6-4-1,6-4-2,6-4-3,6-4-5,6-4-7,6-4-8,6-4-9,6-5-1,6-5-2,6-5-3,6-5-4,6-5-7,6-5-8,6-5-9,6-7-1,6-7-2,6-7-3,6-7-4,6-7-5,6-7-8,6-7-9,6-8-1,6-8-2,6-8-3,6-8-4,6-8-5,6-8-7,6-8-9,6-9-1,6-9-2,6-9-3,6-9-4,6-9-5,6-9-7,6-9-8,7-1-2,7-1-3,7-1-4,7-1-5,7-1-6,7-1-8,7-1-9,7-2-1,7-2-3,7-2-4,7-2-5,7-2-6,7-2-8,7-2-9,7-3-1,7-3-2,7-3-4,7-3-5,7-3-6,7-3-8,7-3-9,7-4-1,7-4-2,7-4-3,7-4-5,7-4-6,7-4-8,7-4-9,7-5-1,7-5-2,7-5-3,7-5-4,7-5-6,7-5-8,7-5-9,7-6-1,7-6-2,7-6-3,7-6-4,7-6-5,7-6-8,7-6-9,7-8-1,7-8-2,7-8-3,7-8-4,7-8-5,7-8-6,7-8-9,7-9-1,7-9-2,7-9-3,7-9-4,7-9-5,7-9-6,7-9-8,8-1-2,8-1-3,8-1-4,8-1-5,8-1-6,8-1-7,8-1-9,8-2-1,8-2-3,8-2-4,8-2-5,8-2-6,8-2-7,8-2-9,8-3-1,8-3-2,8-3-4,8-3-5,8-3-6,8-3-7,8-3-9,8-4-1,8-4-2,8-4-3,8-4-5,8-4-6,8-4-7,8-4-9,8-5-1,8-5-2,8-5-3,8-5-4,8-5-6,8-5-7,8-5-9,8-6-1,8-6-2,8-6-3,8-6-4,8-6-5,8-6-7,8-6-9,8-7-1,8-7-2,8-7-3,8-7-4,8-7-5,8-7-6,8-7-9,8-9-1,8-9-2,8-9-3,8-9-4,8-9-5,8-9-6,8-9-7,9-1-2,9-1-3,9-1-4,9-1-5,9-1-6,9-1-7,9-1-8,9-2-1,9-2-3,9-2-4,9-2-5,9-2-6,9-2-7,9-2-8,9-3-1,9-3-2,9-3-4,9-3-5,9-3-6,9-3-7,9-3-8,9-4-1,9-4-2,9-4-3,9-4-5,9-4-6,9-4-7,9-4-8,9-5-1,9-5-2,9-5-3,9-5-4,9-5-6,9-5-7,9-5-8,9-6-1,9-6-2,9-6-3,9-6-4,9-6-5,9-6-7,9-6-8,9-7-1,9-7-2,9-7-3,9-7-4,9-7-5,9-7-6,9-7-8,9-8-1,9-8-2,9-8-3,9-8-4,9-8-5,9-8-6,9-8-7
20260823_松戸_1R,20260823,31,松戸,1,414.8,167.5,67.2,117.7,74.2,669.3,,454.4,180.5,150.9,356.4,456.5,883.5,,247.7,168.7,88.1,224.5,237.0,310.4,,27.0,55.8,27.3,14.5,27.7,153.0,,153.7,334.1,217.9,67.9,161.9,738.2,,138.0,556.2,299.4,88.8,227.1,707.7,,2218.7,2015.0,1036.6,789.8,1536.7,1507.4,,,,,,,,,624.9,166.0,96.7,201.0,71.7,657.1,,750.8,479.8,1131.6,2256.8,623.9,1530.7,,246.3,316.2,331.6,1109.3,144.7,312.9,,266.8,1012.6,578.2,1376.1,298.5,958.6,,1436.1,2821.0,2761.8,2483.9,1803.4,3526.2,,37.4,249.6,47.3,121.0,312.7,187.3,,2422.9,2170.0,1200.4,2801.0,4030.0,1230.3,,,,,,,,,493.6,186.5,165.4,429.2,431.6,771.3,,630.9,398.5,860.4,1926.5,425.5,1257.7,,63.8,163.2,97.2,447.7,113.3,59.0,,141.0,606.6,192.0,997.3,468.4,617.1,,1420.6,2992.0,1519.0,2231.3,3949.4,4437.5,,610.4,661.5,453.9,819.3,2379.1,1352.5,,1366.5,1955.1,526.5,1680.6,3761.3,1787.0,,,,,,,,,221.3,114.5,108.5,396.5,216.4,161.5,,214.4,157.4,222.6,970.3,123.7,131.4,,45.5,86.9,71.1,334.6,78.1,31.1,,90.5,223.5,114.4,611.3,264.0,178.3,,1441.4,1926.5,1007.5,1496.0,2781.3,1395.5,,249.0,195.7,210.8,313.1,1151.4,214.1,,120.6,133.6,87.0,174.2,668.2,137.2,,,,,,,,,38.9,57.5,25.8,13.8,26.1,108.2,,180.5,600.2,423.7,780.5,170.9,1193.1,,148.3,489.3,157.6,853.0,333.2,806.0,,77.9,296.0,107.0,439.3,186.7,176.0,,256.9,944.8,1490.3,1012.6,791.4,2615.5,,114.7,260.3,575.7,441.7,743.7,864.2,,901.7,2206.3,1430.9,987.3,3623.3,1513.1,,,,,,,,,1501.6,1598.9,1554.9,537.3,1592.5,2821.0,,2468.4,3375.5,3375.5,4816.3,2969.5,9184.7,,2483.9,4592.3,2244.0,4030.0,6474.5,9873.6,,3085.5,3834.4,2296.1,2231.3,4201.5,5984.0,,727.3,4246.7,3872.0,2089.6,2668.5,6076.0,,3134.4,4875.8,3526.2,5808.0,3237.2,4816.3,,6370.0,9403.4,8585.7,6928.8,8976.0,4936.8,,,,,,,,,226.0,912.1,567.4,317.4,740.9,1507.4,,77.5,367.7,95.7,214.7,496.1,273.5,,1033.8,970.3,750.8,1278.1,3134.4,2364.9,,640.1,389.4,605.7,893.5,2158.1,748.0,,372.9,499.2,1097.0,942.5,1787.0,1724.6,,2296.1,2323.2,4292.8,3061.5,2564.5,3375.5,,2992.0,1645.6,3210.9,1880.6,3038.0,3237.2,,,,,,,,,3464.4,3159.5,1496.0,1709.7,4292.8,3159.5,,3464.4,1964.8,1638.7,3949.4,5562.6,2350.8,,2078.6,3109.8,891.5,3085.5,6076.0,3134.4,,924.9,1103.1,651.7,1249.8,2408.1,1079.0,,1724.6,3797.5,3109.8,2194.1,7052.5,2925.5,,6370.0,7595.0,7180.8,4292.8,7595.0,4646.4,,3375.5,2244.0,3318.8,1795.2,2882.8,3495.0,,,,,,,,,,,,,,,,,,,,,,,,,,,,,,,,,,,,,,,,,,,,,,,,,,,,,,,,,,,,,,,,
20260823_松戸_2R,20260823,31,松戸,2,1150.1,1481.8,951.0,2469.6,530.0,834.0,,1150.1,1468.1,454.4,2082.2,773.2,902.5,,1991.1,1659.3,780.8,1295.0,1021.1,998.7,,992.4,449.9,959.6,1592.9,461.0,595.4,,3353.5,2844.5,2055.4,2259.4,2450.6,1907.7,,519.7,753.1,912.8,384.7,1810.1,513.8,,437.0,407.4,405.3,287.0,838.3,248.8,,,,,,,,,959.6,1211.3,749.6,1668.0,287.0,709.5,,714.3,564.8,181.0,1102.3,221.2,667.8,,1211.3,744.3,794.4,786.6,446.8,1609.0,,500.1,208.7,529.2,931.5,135.4,792.5,,2152.6,1154.3,1225.3,1454.7,956.7,2844.5,,51.9,93.2,114.8,33.6,209.1,166.3,,727.3,939.7,1495.7,1072.6,2082.2,517.1,,,,,,,,,688.0,688.0,187.4,1344.2,397.7,466.4,,549.2,403.7,152.5,1047.9,140.1,729.0,,586.7,508.9,131.1,413.2,276.0,1154.3,,24.2,47.6,37.0,94.0,16.0,64.0,,1539.0,1367.3,892.4,566.8,1184.3,2377.5,,152.4,117.8,127.3,44.0,601.1,493.9,,281.6,899.9,1625.4,272.7,2770.3,599.9,,,,,,,,,1254.2,856.4,402.7,647.5,467.1,868.0,,995.5,865.7,786.6,868.0,438.8,1789.8,,775.1,707.9,203.3,541.8,395.2,1338.6,,408.9,662.3,170.0,248.1,230.5,870.4,,312.0,452.5,313.8,164.7,177.0,408.9,,331.1,356.3,305.7,216.2,344.4,926.1,,773.2,1942.6,2152.6,1211.3,800.4,1264.2,,,,,,,,,498.5,161.0,360.8,875.2,210.9,251.0,,343.3,101.2,403.7,790.5,118.5,709.5,,34.2,37.0,39.7,105.3,15.5,96.0,,324.7,377.0,83.1,206.3,151.3,629.6,,712.7,812.7,313.8,347.0,434.6,992.4,,82.2,63.7,26.1,83.8,279.2,252.8,,281.6,977.2,289.8,905.0,1650.7,347.0,,,,,,,,,2870.1,2227.8,1561.7,2123.9,2003.6,2167.2,,2844.5,1799.9,1234.8,2377.5,1740.9,3579.6,,1789.8,1617.1,980.2,1001.8,1502.7,2922.8,,717.5,706.4,605.6,346.6,434.6,758.5,,1448.1,1703.6,847.3,585.6,875.2,2109.8,,1244.4,1517.0,1561.7,875.2,1005.0,2042.2,,2167.2,3933.1,4247.8,1435.0,3185.8,2243.5,,,,,,,,,243.0,198.8,240.0,137.7,959.6,296.3,,73.5,52.0,89.9,35.1,193.0,171.3,,137.3,70.0,104.1,38.7,584.5,576.1,,402.2,169.5,223.2,161.7,331.5,821.1,,92.1,49.5,30.9,79.3,288.5,303.9,,1041.1,488.6,980.2,513.8,553.1,1448.1,,234.4,404.8,670.7,724.0,346.2,1435.0,,,,,,,,,347.0,286.7,352.0,144.2,720.7,132.2,,771.3,780.8,1609.0,1202.2,2138.1,577.1,,527.4,1047.9,1919.2,405.8,3034.1,918.1,,962.5,2469.6,2611.3,1474.9,1087.3,1448.1,,336.7,1037.7,545.5,1158.5,2138.1,410.5,,2359.9,3933.1,3933.1,1509.8,2949.8,2197.1,,293.9,595.4,749.6,910.2,490.1,1885.1,,,,,,,,,,,,,,,,,,,,,,,,,,,,,,,,,,,,,,,,,,,,,,,,,,,,,,,,,,,,,,,,
20260823_松戸_3R,20260823,31,松戸,3,100.2,598.7,45.8,372.2,145.0,436.0,23.6,251.7,1197.5,380.6,1808.1,594.9,1402.5,184.4,1951.6,2597.5,1764.8,5052.8,3125.9,3447.2,1556.3,80.3,241.3,938.5,622.0,337.7,882.4,45.1,1128.0,1951.6,4191.5,1366.1,3048.4,1669.0,706.6,400.4,527.6,1576.3,491.1,2095.7,2881.7,269.4,1817.0,2459.0,3725.8,1773.3,2509.2,4339.5,1209.3,15.0,39.4,272.8,11.9,188.1,66.5,202.6,57.3,352.9,34.4,198.3,93.5,258.4,17.1,110.9,154.1,338.0,332.9,111.3,488.5,135.7,1081.6,632.6,1790.5,1107.6,1182.2,2026.6,1589.9,126.3,370.7,1104.3,803.6,510.1,1094.5,186.5,205.3,245.9,863.8,583.6,786.4,180.1,317.1,204.9,97.9,693.3,540.0,788.1,1149.0,235.3,499.1,650.5,1921.1,1145.5,420.5,1469.5,723.2,22.3,69.2,458.2,87.6,253.3,118.2,365.2,474.1,1053.8,779.8,2157.0,570.1,2379.7,388.2,311.7,442.2,827.0,779.8,245.9,1446.5,366.6,1097.7,423.4,1684.2,623.0,279.6,2169.7,1205.4,1723.6,1424.1,2616.0,3966.2,1764.8,3048.4,2692.3,2998.8,1413.2,1853.5,5052.8,1493.3,2208.7,2881.7,323.8,243.3,136.3,988.8,973.2,1205.4,374.4,3125.9,2597.5,3882.7,4669.0,3384.0,2653.6,4984.5,346.0,421.5,838.3,1267.5,1654.0,510.8,1603.7,3048.4,3447.2,2410.8,7093.4,3479.7,3802.6,4053.3,2492.2,2395.1,4009.3,3512.9,3048.4,6959.5,2692.3,3384.0,2305.3,3447.2,2319.8,1684.2,6147.6,2815.7,5674.7,7848.0,5195.1,4984.5,8196.8,9999.9,5763.4,7684.5,4144.4,4669.0,4853.3,8782.3,5854.8,9221.4,4790.3,4553.8,2060.6,4728.9,7684.5,8996.5,6251.8,5424.3,9457.9,8996.5,9999.9,9999.9,9999.9,9999.9,4339.5,4444.0,6251.8,7684.5,9999.9,8018.6,9999.9,283.3,709.3,1817.0,1748.1,886.6,1941.3,203.9,338.7,1050.8,2509.2,1901.3,1094.5,2837.3,436.0,1756.4,1654.0,3479.7,4339.5,2426.6,5269.4,2364.4,5674.7,7684.5,4191.5,3763.8,6706.5,9999.9,5123.0,4391.1,5763.4,7684.5,4098.4,4289.0,7232.5,5505.3,1799.3,1654.0,2773.3,4984.5,3546.7,4610.7,2083.9,4144.4,5949.3,6251.8,9999.9,8578.0,7232.5,6046.8,277.3,493.7,1469.5,3235.5,3235.5,1413.2,3688.5,1452.1,2132.1,6251.8,1632.1,3415.3,1715.6,1033.2,705.2,689.4,2182.5,2083.9,1931.1,581.7,1189.8,2616.0,1005.0,1030.3,4669.0,2195.5,2037.8,2950.8,9999.9,3802.6,3688.5,4984.5,9457.9,7377.1,9706.7,4098.4,4498.2,7527.7,4444.0,4009.3,5052.8,7848.0,4498.2,3882.7,2561.5,7848.0,4191.5,2815.7,3966.2,958.0,714.8,1326.8,3546.7,3048.4,2119.8,1632.1,664.6,1397.1,1921.1,5674.7,3323.0,3353.2,2083.9,511.5,354.3,1469.5,658.6,2249.1,3207.4,349.9,449.2,217.4,1413.2,991.5,1891.5,1517.9,518.7,158.3,134.4,76.2,680.5,1209.3,1632.1,196.2,3235.5,3293.3,1101.0,4053.3,6586.7,7848.0,3924.0,1589.9,1530.5,1983.1,4853.3,4009.3,4339.5,2083.9,3652.0,3073.8,2208.7,5505.3,3882.7,2305.3,3323.0,7093.4,3802.6,3323.0,9999.9,5674.7,3479.7,4553.8,167.3,346.0,204.0,1808.1,1128.0,2049.2,2526.4,2794.3,4239.7,3882.7,2752.6,2927.4,7527.7,2732.2,2083.9,1530.5,5424.3,3023.4,1341.3,3802.6,3293.3,4853.3,2837.3,6359.6,6251.8,3546.7,5763.4,8578.0,5195.1,8578.0,8578.0,8383.1,7848.0,9999.9,9999.9,4790.3,4610.7,7527.7,9999.9,6706.5,5345.7,8782.3,1205.4,1145.5,1972.5,3616.2,3235.5,2974.6,3073.8,9457.9,5345.7,5854.8,9999.9,5123.0,3616.2,6706.5,2712.1,5052.8,7377.1,9999.9,8996.5,4009.3,6046.8,18.3,31.6,255.6,9.0,169.4,63.4,258.4,32.0,91.8,485.9,117.1,386.2,128.5,544.8,111.1,150.3,369.5,574.5,874.0,201.1,1056.9,1669.0,1983.1,2015.6,3099.6,4239.7,2794.3,4553.8,95.4,230.1,650.5,1799.3,1707.6,593.9,2222.0,574.5,882.4,1201.4,4053.3,2579.4,1624.9,1072.2,163.3,208.6,158.1,1475.4,559.7,1069.1,1911.1,1152.6,1589.9,2672.8,6706.5,2998.8,1872.3,3048.4
20260823_松戸_4R,20260823,31,松戸,4,279.4,792.5,112.0,1014.8,334.0,161.4,272.4,530.1,1462.3,621.8,1653.3,702.6,348.6,1514.0,1172.9,1514.0,521.6,2381.0,425.3,548.3,2255.7,92.9,213.1,360.6,720.7,205.3,100.7,345.4,809.8,1168.0,1908.1,913.3,1107.6,376.7,2498.5,404.0,529.1,409.6,294.1,1653.3,270.2,1121.0,127.9,116.1,492.1,129.9,529.6,263.8,548.3,890.0,1683.2,2963.6,861.1,3336.3,1624.3,1389.4,431.2,685.3,99.5,1190.5,311.0,452.9,245.0,704.3,1092.4,269.5,2872.0,793.6,2055.9,551.1,827.8,882.9,277.8,1832.7,390.9,3061.3,727.3,21.3,41.3,59.9,245.8,24.2,178.9,7.3,2167.9,3816.2,3594.6,1198.2,3665.5,5991.0,3220.6,310.2,420.5,363.2,101.7,1724.9,1372.3,314.0,1399.9,2615.8,5019.5,1011.1,5927.3,2799.8,1948.1,163.2,236.6,497.0,45.5,1101.1,234.5,794.8,1714.3,2640.6,1125.5,1569.4,1462.3,1326.5,3095.3,1895.1,2302.3,701.7,4493.2,1673.1,3504.2,1263.4,2785.8,2401.5,2126.5,4157.9,941.1,9443.5,4974.7,1339.3,636.7,2004.2,4421.9,1165.6,2979.5,2063.5,1591.9,4566.9,4253.1,5864.9,7632.4,7738.4,5927.3,1410.5,1539.1,1208.6,1246.4,5462.4,3239.3,2771.9,2381.0,3842.5,8193.6,4352.8,8571.8,4352.8,5065.1,3816.2,2465.3,5516.5,3220.6,7428.9,4189.2,4604.7,1329.7,1927.9,1123.3,2932.4,642.6,1372.3,2842.6,1116.5,1266.2,529.6,2532.5,537.8,3739.3,977.4,2465.3,1927.9,1857.2,4285.9,980.9,7331.1,4220.9,911.8,487.4,1240.9,1493.7,442.5,3336.3,1342.5,3165.7,3764.6,4421.9,2360.8,2555.8,5991.0,8193.6,328.7,272.9,394.5,294.1,1190.5,1301.7,911.8,3665.5,8571.8,8441.9,8705.7,9999.9,4643.0,9999.9,4457.3,3202.1,4721.7,2842.6,9606.3,2615.8,9133.9,48.8,110.2,202.6,429.2,108.5,53.8,173.5,15.9,28.3,56.5,226.3,17.9,87.3,5.9,285.1,181.4,866.5,1975.7,309.7,812.1,568.5,438.3,255.1,606.9,977.4,184.6,1948.1,763.2,556.0,925.5,2731.2,1730.3,1320.3,2055.9,2691.6,117.6,50.6,104.7,154.4,863.8,671.2,222.9,413.3,573.8,974.0,2381.0,2579.4,1714.3,1735.7,347.7,85.0,404.9,795.9,1797.3,384.7,1414.1,1185.4,2126.5,3641.6,1314.0,1908.1,532.1,3526.3,2947.9,3979.7,4457.3,2391.2,5803.8,7959.5,3896.2,3617.9,4887.4,3714.4,6190.7,5685.3,7847.4,7847.4,5571.6,5803.8,4803.1,3183.8,3277.4,9999.9,9999.9,1605.6,1470.1,5409.4,2901.9,2886.8,5357.3,6878.6,3316.4,6712.8,5065.1,3258.2,3239.3,5462.4,8705.7,2063.5,6878.6,8986.5,9999.9,5864.9,6122.7,9774.8,9949.4,9606.3,9606.3,9999.9,7632.4,9999.9,9999.9,298.5,309.7,296.6,214.2,1094.6,234.7,897.2,289.7,330.6,311.6,95.6,1610.3,1020.4,271.3,224.3,269.5,455.5,246.7,2118.5,784.7,876.0,244.9,208.9,237.7,216.9,993.1,934.8,657.8,162.5,68.2,138.1,220.5,1022.3,900.1,339.1,1424.9,3130.1,3202.1,1927.9,1768.7,2603.5,5111.6,1329.7,2118.5,1578.3,2401.5,2341.0,3764.6,3011.7,1587.3,1037.5,1693.5,1385.9,857.1,4127.1,2828.2,1065.3,1320.3,2210.9,900.1,2102.5,1797.3,3397.3,2071.2,2744.6,7052.7,2210.9,5927.3,6122.7,4157.9,2799.8,4974.7,9999.9,8986.5,9999.9,8074.9,9999.9,4387.1,9999.9,9999.9,9286.1,9999.9,8571.8,9999.9,1587.3,2255.7,5462.4,8843.9,7235.9,4127.1,7428.9,3356.4,8193.6,9999.9,9999.9,8843.9,6632.9,9999.9,3526.3,8193.6,8193.6,7529.3,4604.7,6554.9,8315.9,6260.3,6554.9,7847.4,9999.9,9999.9,9999.9,8315.9,1295.7,3460.6,4887.4,1286.7,5409.4,2717.8,3548.8,881.5,1170.5,1914.6,236.1,3617.9,1139.4,2678.6,4253.1,2283.4,6190.7,2842.6,7959.5,4096.8,8843.9,5685.3,3764.6,6632.9,2857.2,6632.9,3147.8,9999.9,1094.6,317.1,1908.1,2302.3,4037.4,1304.8,4566.9,6190.7,6260.3,7529.3,9999.9,7143.1,9999.9,9999.9,2901.9,1814.8,3183.8,3112.6,1614.9,7632.4,4974.7,5991.0,6260.3,8986.5,9999.9,7847.4,9999.9,6712.8
20260823_松戸_5R,20260823,31,松戸,5,0.0,873.9,284.6,189.1,411.7,422.8,167.4,0.0,0.0,0.0,0.0,0.0,0.0,0.0,1300.7,0.0,1090.0,1127.0,875.5,1487.0,954.3,599.4,0.0,1576.5,606.7,941.7,1031.4,266.6,167.4,0.0,559.1,226.8,441.2,405.0,131.4,459.1,0.0,571.3,598.0,663.3,994.3,372.0,727.2,0.0,1741.8,1180.5,792.0,1403.3,694.8,168.4,0.0,647.8,98.9,156.0,357.1,415.4,0.0,624.2,252.6,159.9,254.5,279.2,129.8,0.0,0.0,0.0,0.0,0.0,0.0,0.0,727.2,0.0,603.1,671.3,252.6,636.2,267.6,218.7,0.0,564.1,393.8,214.4,267.5,70.8,227.5,0.0,686.1,387.0,301.0,312.1,177.6,220.4,0.0,220.1,195.3,256.3,175.9,87.3,252.1,0.0,490.8,263.0,311.1,206.1,115.9,61.2,0.0,160.9,23.0,103.2,53.0,61.2,0.0,0.0,0.0,0.0,0.0,0.0,0.0,0.0,0.0,0.0,0.0,0.0,0.0,0.0,0.0,0.0,0.0,0.0,0.0,0.0,0.0,0.0,0.0,0.0,0.0,0.0,0.0,0.0,0.0,0.0,0.0,0.0,0.0,0.0,0.0,0.0,0.0,0.0,0.0,0.0,0.0,0.0,0.0,0.0,0.0,0.0,0.0,0.0,0.0,0.0,0.0,0.0,0.0,0.0,0.0,0.0,1532.8,0.0,1561.6,1037.8,886.4,1879.9,1391.5,1200.4,0.0,1324.9,1342.7,498.1,1127.0,630.6,0.0,0.0,0.0,0.0,0.0,0.0,0.0,1779.1,1887.0,0.0,1916.0,1487.0,2863.0,642.8,1496.0,1723.7,0.0,2454.0,1556.7,2306.3,1655.0,744.6,286.9,0.0,430.9,660.7,691.9,220.4,1858.8,1383.8,0.0,2722.2,2317.0,1376.1,1633.3,1230.0,630.6,0.0,292.6,1335.5,478.5,1460.9,636.2,0.0,1478.2,863.3,870.9,1124.5,363.3,455.3,0.0,972.9,790.7,461.2,557.2,129.9,0.0,0.0,0.0,0.0,0.0,0.0,0.0,1923.4,1838.2,0.0,1677.3,1514.2,2678.3,646.9,1094.8,1300.7,0.0,1930.9,1456.6,2233.9,714.7,904.1,605.3,0.0,1270.8,1419.3,1293.9,344.9,1147.8,773.5,0.0,2395.0,2008.7,1332.0,497.6,130.1,67.6,0.0,257.5,204.1,113.7,166.8,282.7,0.0,835.8,522.7,577.2,568.6,259.1,342.8,0.0,1025.0,841.5,557.8,577.9,353.3,0.0,0.0,0.0,0.0,0.0,0.0,0.0,1245.4,1561.6,0.0,2406.6,1612.2,2372.2,1622.7,1004.3,1407.2,0.0,2361.0,1766.5,2349.8,841.5,998.3,1194.6,0.0,1581.5,1735.8,1633.3,1200.4,1053.2,1069.0,0.0,2295.7,2430.1,1818.1,1293.9,388.2,419.6,0.0,1137.3,393.5,797.0,851.5,492.7,0.0,437.7,622.7,637.0,598.7,387.9,255.0,0.0,296.0,295.8,435.8,190.5,123.4,0.0,0.0,0.0,0.0,0.0,0.0,0.0,393.5,273.5,0.0,381.1,618.8,505.2,180.1,870.9,543.8,0.0,974.9,1183.3,717.8,347.1,875.5,994.3,0.0,1097.3,1258.0,1448.1,941.7,384.9,254.5,0.0,658.9,516.7,1158.5,232.1,264.7,129.3,0.0,240.7,93.3,532.8,227.6,653.7,0.0,1532.8,1020.8,657.2,780.8,748.0,399.4,0.0,835.8,400.7,545.0,323.7,185.1,0.0,0.0,0.0,0.0,0.0,0.0,0.0,1717.8,1188.9,0.0,2214.1,2016.9,1150.5,1532.8,850.1,613.5,0.0,2233.9,1887.0,826.1,450.0,1082.9,855.9,0.0,1976.8,1798.4,1304.1,1006.4,596.6,355.3,0.0,1018.7,457.4,1258.0,377.9,426.1,206.8,0.0,1102.1,153.7,724.0,374.2,87.9,0.0,403.7,75.0,99.9,158.0,228.6,44.9,0.0,143.7,18.9,80.9,37.7,51.0,0.0,0.0,0.0,0.0,0.0,0.0,0.0,546.8,329.4,0.0,169.6,549.2,218.9,620.3,24.4,11.5,0.0,60.5,40.3,19.0,27.8,160.0,171.6,0.0,532.2,130.8,300.1,324.3,143.2,61.5,0.0,172.7,55.7,240.7,146.5,261.5,110.2,0.0,587.4,114.1,356.8,210.5
20260823_松戸_6R,20260823,31,松戸,6,576.9,1807.6,241.7,3883.9,945.3,1112.4,284.7,471.6,562.1,169.8,2265.6,589.5,1240.3,130.8,2981.1,1490.5,1258.6,7387.9,2351.8,3755.2,1157.9,83.1,95.6,392.6,1106.9,211.0,512.5,26.3,7387.9,8603.7,9999.9,3398.4,9999.9,6935.6,3998.1,1282.4,1072.0,1645.7,756.0,4592.5,2508.0,412.6,3283.5,3521.7,4655.4,1941.9,6473.2,5664.1,1852.0,82.5,56.6,216.4,19.7,912.3,31.7,431.5,1057.0,2740.6,400.9,4561.7,2213.9,1661.8,517.6,1205.1,1588.0,491.4,2994.2,2942.3,1335.3,866.9,4329.2,2453.7,2384.8,5394.3,4045.7,5268.9,3693.9,155.5,231.6,720.0,662.4,861.4,96.1,139.2,7903.4,4854.9,6865.5,3103.6,7080.1,4385.1,9062.5,3176.1,3467.8,4248.0,2508.0,7007.1,5351.9,2797.0,1837.0,1294.6,3089.5,374.0,1500.4,3398.4,983.6,537.7,798.6,2574.5,380.5,2740.6,1356.6,901.4,348.9,339.8,93.1,1703.4,457.0,999.5,59.5,467.1,481.7,224.9,1747.2,769.7,494.6,346.0,250.4,369.8,170.0,1413.0,472.0,934.9,157.6,88.4,61.0,222.9,1340.6,468.4,521.6,73.1,4854.9,3840.0,3596.2,4021.8,6352.2,5072.3,3540.0,1215.9,1822.2,1407.2,1424.9,4274.8,2462.6,873.6,2453.7,1362.1,2393.2,1633.8,3883.9,3075.5,1779.3,59.0,226.3,169.3,85.5,1129.0,155.2,600.9,3928.8,2304.0,1903.9,9062.5,2574.5,4687.5,1410.1,3714.1,2740.6,3117.8,6068.6,3734.5,5394.3,3415.5,1327.5,1513.7,917.2,3221.2,1925.4,3755.2,1022.0,1760.8,2917.1,1307.1,5962.2,4195.6,6865.5,1987.4,9999.9,7387.9,7154.6,7903.4,9999.9,9999.9,9999.9,4561.7,6729.6,4820.5,6473.2,9999.9,9999.9,5664.1,7387.9,9310.8,9999.9,9999.9,9999.9,9999.9,9310.8,2059.6,4655.4,2124.0,3020.8,9999.9,3236.6,7308.5,44.0,48.4,216.8,619.5,133.6,250.1,13.4,32.3,65.3,229.3,384.2,248.2,24.4,29.7,74.5,103.1,204.6,1003.9,341.5,389.2,71.6,706.5,858.1,538.5,2273.2,1888.0,2041.1,728.5,1146.1,1665.9,1327.5,1480.8,3540.0,2150.9,2436.1,542.0,862.5,819.8,1841.9,3007.4,1975.8,466.8,765.4,302.7,842.2,1812.5,1089.2,1930.9,648.5,11.8,44.2,41.6,186.3,535.6,58.8,211.8,9999.9,8943.3,9999.9,5711.7,9999.9,9999.9,3331.8,9999.9,5711.7,8943.3,7154.6,9999.9,7552.1,9999.9,9999.9,7723.7,5188.5,9995.4,9999.9,9999.9,8391.2,9999.9,9709.9,6865.5,7723.7,9999.9,9999.9,9999.9,4820.5,5859.4,9999.9,7387.9,8091.5,9999.9,9310.8,9999.9,9999.9,9999.9,9999.9,9709.9,9995.4,9999.9,9999.9,8496.1,9999.9,9999.9,9999.9,9999.9,9999.9,8496.1,9999.9,9185.0,9999.9,9573.1,9999.9,9999.9,2904.6,2718.7,2929.7,1633.8,7469.1,6729.6,878.1,3206.1,4501.2,5481.3,3883.9,9999.9,3998.1,3221.2,2892.3,4385.1,4094.5,2867.9,9999.9,6865.5,2072.2,4070.0,6598.9,4329.2,5711.7,9999.9,9999.9,4592.5,1852.0,2994.2,2892.3,5525.9,8091.5,6473.2,1606.8,9999.9,9999.9,9999.9,9999.9,9062.5,9850.6,9999.9,9999.9,9999.9,9999.9,9999.9,9999.9,9850.6,8943.3,873.6,2368.2,1788.6,3176.1,1312.1,9999.9,5072.3,5809.3,6235.7,6412.2,3034.3,9999.9,9999.9,2740.6,4623.7,2199.6,7996.3,1218.0,4021.8,9709.9,3176.1,5394.3,3315.5,9709.9,3818.5,9999.9,9995.4,4854.9,7469.1,9999.9,9999.9,9709.9,9999.9,9999.9,9999.9,2785.6,1261.0,3634.7,7552.1,5310.1,7812.5,2867.9,9999.9,5760.1,9573.1,9999.9,7812.5,8288.9,9310.8,9999.9,9999.9,9999.9,9999.9,7230.7,9850.6,9995.4,4854.9,4442.4,5437.5,9999.9,3818.5,9999.9,9185.0,76.4,42.5,138.4,19.8,816.9,24.3,391.3,290.0,469.0,1364.8,268.5,2471.6,663.7,800.5,83.0,342.7,323.6,134.8,1484.0,195.4,908.6,436.5,2053.4,715.4,985.0,5268.9,622.4,3840.0,25.3,109.3,86.5,325.6,911.1,104.0,521.2,3415.5,5110.4,4045.7,7812.5,3951.7,6352.2,6293.4,100.5,404.3,228.9,409.7,201.8,2707.9,1356.6,1678.2,1665.9,2010.9,4561.7,1716.3,5962.2,2471.6
20260823_松戸_7R,20260823,31,松戸,7,180.5,247.4,187.7,1188.8,60.6,741.9,318.1,215.9,314.8,570.6,1398.1,79.7,815.6,164.4,280.4,314.8,555.1,1242.5,71.6,850.5,533.9,275.7,785.1,541.2,2515.7,158.1,2327.2,1049.1,2358.0,2506.9,2480.8,3402.2,746.5,1973.6,2421.9,12.4,12.6,7.8,36.3,132.9,88.7,29.8,1533.2,1328.0,1759.8,2780.0,2018.3,553.4,1979.1,345.9,192.4,536.3,722.4,1390.0,112.3,1084.1,284.9,349.3,212.9,1795.1,84.0,1058.4,512.5,471.9,1973.6,675.3,2570.0,610.6,1520.1,451.6,1701.1,2801.8,2812.9,4731.6,1428.9,5253.5,4202.8,129.6,258.1,1132.2,716.6,212.5,819.3,521.1,3925.7,4106.2,5904.7,3307.7,4579.9,3189.6,5177.3,78.5,321.6,744.2,257.0,2365.8,850.5,536.7,1335.4,1910.3,4278.3,1905.2,2940.2,1620.1,2916.2,586.1,413.4,3053.3,867.0,2334.8,761.7,1962.8,353.5,620.7,699.0,1208.9,149.7,837.6,147.3,414.4,1831.9,589.9,1957.4,579.9,1294.3,326.8,2145.5,3386.1,4437.7,5625.8,1501.0,6212.8,2101.4,1003.4,729.8,3402.2,3175.4,1330.5,1905.2,703.9,1936.2,2675.9,4410.3,4437.7,2297.3,1464.0,927.8,132.5,375.0,972.0,800.9,1135.8,982.7,162.9,1516.9,1915.4,5454.0,2916.2,1957.4,1875.2,932.7,86.7,149.6,627.2,319.2,376.6,121.4,337.8,1952.1,2132.7,3133.6,6322.8,462.1,3133.6,3323.1,2570.0,4827.5,5292.4,7074.0,3537.0,9999.9,6936.6,3519.6,5031.5,6495.2,8027.8,3307.7,9999.9,4383.3,5177.3,7600.8,8307.8,7682.5,7442.4,9999.9,9401.0,9999.9,8505.7,9999.9,8307.8,9999.9,8713.1,9999.9,607.5,3608.4,3969.3,4860.4,7600.8,7144.7,4059.5,6159.3,9999.9,9999.9,9999.9,9999.9,9999.9,9999.9,5331.9,9999.9,7365.7,9999.9,9999.9,6004.0,9999.9,375.4,1373.9,755.2,4013.9,343.9,3232.9,1790.6,229.5,413.4,1318.2,863.9,450.4,1313.3,798.3,1417.6,1050.7,4304.0,5331.9,2152.0,3663.9,1485.4,2747.9,4437.7,6054.9,3947.3,4860.4,9999.9,7600.8,6615.5,4579.9,7682.5,5904.7,4700.5,5670.4,6869.9,375.8,791.2,1915.4,2769.2,4059.5,4252.8,2083.0,5067.2,3721.2,5177.3,9999.9,6159.3,6159.3,7216.9,2076.9,1623.8,1721.6,6054.9,5253.5,2350.2,4893.6,4860.4,4731.6,4961.6,8027.8,1781.7,3338.6,5215.1,5953.9,4893.6,7144.7,8119.0,7520.8,5808.7,9044.0,6159.3,6159.3,7004.6,8713.1,7144.7,3292.5,2790.9,9999.9,8212.4,7766.0,7938.6,9999.9,9787.3,9999.9,8212.4,7442.4,9999.9,7938.6,6004.0,7766.0,9999.9,1440.4,6267.3,5761.9,5856.3,5625.8,3307.7,5372.0,1895.1,2835.2,2101.4,4356.5,3608.4,2232.7,2758.6,4465.4,7600.8,3354.3,9999.9,7851.4,5292.4,4579.9,14.9,13.8,9.3,40.6,150.6,98.1,30.9,57.4,139.7,371.3,187.1,800.9,464.2,238.1,63.3,147.2,417.5,382.4,694.3,444.6,108.0,244.3,811.9,747.3,1738.3,2892.6,3040.3,1303.7,229.2,256.6,544.5,1539.8,2107.6,1738.3,897.5,900.9,2070.9,2389.5,3133.6,2646.2,1428.9,2107.6,741.9,1836.7,1827.3,3841.2,3014.6,1746.8,1584.2,115.6,271.0,148.1,628.3,567.0,1004.8,877.7,2835.2,2446.8,2780.0,4860.4,2665.9,1501.0,4036.6,3203.9,2515.7,7600.8,3883.0,3092.9,4996.3,4996.3,2472.2,2976.9,8713.1,4700.5,2636.4,3106.4,2165.0,4927.4,9401.0,9999.9,9999.9,6615.5,9159.9,9999.9,5761.9,4356.5,6495.2,9999.9,4437.7,5808.7,8119.0,1910.3,2261.0,2145.5,4795.1,3502.3,2253.8,2846.5,1330.5,4609.5,3645.3,7216.9,4609.5,2598.1,3645.3,4106.2,5031.5,2113.8,9526.3,7290.6,2880.9,3203.9,463.0,214.3,607.0,921.9,1689.0,165.4,1350.6,619.1,346.3,2373.6,847.5,2989.4,652.4,1697.1,91.2,130.1,579.4,260.2,419.7,114.1,395.8,2472.2,4961.6,2737.4,5761.9,6267.3,2598.1,8119.0,1570.2,689.6,1139.5,5140.1,4550.8,1768.5,3701.9,3133.6,3418.5,2024.0,7365.7,4465.4,3119.9,2665.9,112.8,509.9,213.0,1192.7,878.8,1536.5,1387.3,2880.9,3554.6,1717.4,7520.8,3721.2,2869.3,2446.8
20260823_松戸_8R,20260823,31,松戸,8,161.8,784.0,63.9,1165.4,209.9,228.9,37.2,266.4,455.8,141.0,1689.9,105.2,774.8,78.3,2023.2,1371.7,1403.4,3895.1,1356.4,2748.6,765.1,66.9,82.7,512.5,613.1,98.8,254.5,21.1,3641.9,3535.8,4921.5,2105.1,3660.2,3518.7,1096.9,160.1,76.9,497.5,100.5,1260.1,632.2,50.0,881.8,1186.2,2436.0,860.9,2093.0,1465.5,463.3,14.7,15.7,142.4,4.9,196.5,17.6,86.1,329.1,1080.6,141.6,1419.8,444.4,270.9,86.2,467.2,851.9,1659.1,2913.5,556.4,993.7,913.9,2790.7,2503.0,4921.5,4669.1,2117.4,4138.5,4115.1,613.1,2444.2,4639.4,4138.5,2511.6,2034.6,880.7,3754.5,5355.7,6445.9,6120.9,5921.8,1717.8,4639.4,580.3,626.8,2063.4,2154.9,3697.3,1501.8,744.0,308.9,565.9,1486.5,1018.7,457.5,1072.7,703.7,153.1,854.9,2148.6,820.2,2312.3,444.6,905.9,515.4,497.1,469.9,2436.0,222.5,1321.9,258.7,471.7,600.9,2111.2,3958.6,375.4,1483.4,724.0,589.3,769.1,1693.9,3073.3,349.5,2327.1,804.8,1445.2,3735.3,2790.7,9338.2,1798.4,4092.0,2546.8,5560.2,5780.8,5476.5,8882.7,5602.9,9977.9,7283.8,109.4,218.9,130.6,625.2,1682.1,719.7,191.0,2759.0,3166.9,3793.6,5435.7,6871.5,2629.5,4046.5,296.0,949.6,872.3,1504.9,4186.1,378.7,2494.4,4669.1,3485.1,3980.2,9584.0,2227.4,5240.1,2901.9,4046.5,3895.1,7357.4,6807.3,3485.1,7667.2,6120.9,2297.7,3112.7,3874.4,5518.0,1417.0,5780.8,3419.6,7283.8,9999.9,5129.4,7667.2,8992.4,9999.9,9104.8,9999.9,7432.5,8992.4,9104.8,9999.9,9999.9,9999.9,2610.7,3697.3,1921.8,5278.1,9999.9,7003.7,3501.8,6807.3,8882.7,9999.9,9999.9,9999.9,9999.9,9999.9,2283.3,5874.0,5735.3,9584.0,9999.9,3419.6,9999.9,757.9,1085.5,2948.9,3716.2,1001.9,2046.0,287.6,982.9,4186.1,5970.3,6621.7,3833.6,4309.9,1271.1,2180.8,4921.5,4552.4,9999.9,3237.2,6682.4,3086.3,6807.3,9999.9,6172.7,5316.6,9977.9,9999.9,9999.9,6937.0,9999.9,9999.9,6871.5,8004.2,9999.9,5921.8,1453.8,4309.9,3452.0,6333.8,7509.1,6682.4,2167.8,3678.7,6389.3,7587.3,9999.9,9338.2,7917.2,4792.0,399.5,1901.7,1952.7,4309.9,2668.0,1742.5,2658.3,7283.8,7211.7,9999.9,7432.5,7917.2,7283.8,4921.5,9584.0,7587.3,8775.7,9999.9,9999.9,4092.0,9999.9,9220.0,9999.9,6807.3,9999.9,9999.9,9999.9,9999.9,9999.9,8671.2,8775.7,9338.2,9999.9,9999.9,9999.9,6682.4,9999.9,9999.9,8093.1,8992.4,9999.9,9999.9,9459.5,9999.9,9999.9,9999.9,9999.9,6562.0,9999.9,8093.1,3958.6,9999.9,9999.9,9999.9,6871.5,9999.9,3660.2,9999.9,9999.9,9999.9,9999.9,9999.9,9999.9,267.2,95.5,559.8,174.0,1483.4,882.8,85.0,437.9,505.4,1400.7,1247.2,2937.0,966.0,568.6,64.3,213.2,83.8,440.3,1338.9,648.0,165.6,1048.0,1746.7,799.5,2687.7,3697.3,3266.3,1495.6,773.2,2069.2,1324.3,3166.9,4699.2,3372.1,1132.7,3874.4,5129.4,4210.3,6389.3,5278.1,3813.5,4988.9,2105.1,1968.6,2269.1,3194.6,4639.4,3194.6,2564.7,99.8,266.5,182.6,746.2,494.1,2034.6,1134.5,2046.0,3194.6,4468.6,2555.7,4335.6,3895.1,1926.9,1139.8,1253.6,4002.1,2913.5,952.1,2728.0,2276.2,4162.2,3716.2,8882.7,9220.0,7748.8,6019.7,8671.2,6120.9,9999.9,9999.9,9999.9,9999.9,9999.9,9999.9,4888.5,6279.2,9584.0,9999.9,9999.9,9338.2,9999.9,4259.5,2063.4,6937.0,9999.9,7917.2,4823.7,7211.7,5093.6,3716.2,4955.0,5970.3,6445.9,5476.5,6019.7,2063.4,4387.8,6225.5,9999.9,9999.9,9459.5,5202.7,25.3,25.3,184.2,9.5,284.7,27.8,142.9,102.7,347.8,1066.4,351.1,1789.6,252.1,417.1,140.3,440.6,434.0,553.9,2372.5,190.8,1326.7,1017.3,2200.5,1324.3,2193.9,4669.1,1471.4,4309.9,172.3,554.3,569.0,1553.0,1853.4,581.3,1291.4,2034.6,4162.2,4496.2,7141.0,4387.8,4669.1,5240.1,85.1,200.3,111.3,640.6,348.3,1629.5,757.9,958.4,1489.5,2444.2,4361.6,3073.3,3112.7,2213.9
20260823_松戸_9R,20260823,31,松戸,9,1541.1,3943.4,1068.3,5871.9,840.6,4279.0,422.5,2603.4,3905.1,1906.3,6140.9,2100.4,6875.7,927.8,7448.7,5399.0,4965.8,9999.9,4146.7,7964.9,3707.2,1005.5,1329.6,2755.0,3924.2,873.4,4256.4,164.0,9999.9,9931.6,9999.9,9999.9,9999.9,9999.9,6334.3,989.4,1752.6,2914.7,1126.6,7313.2,3179.6,584.6,9999.9,9999.9,9999.9,9810.5,9999.9,7589.2,6003.4,195.4,253.6,769.0,77.1,1431.4,203.3,1349.7,819.2,2352.2,494.4,3528.3,356.5,2366.0,217.0,624.5,1387.0,979.8,1506.4,352.6,2325.0,405.0,4022.3,2234.6,2460.1,3607.4,1625.1,6817.4,1966.9,487.2,831.0,1641.7,3886.2,340.5,2482.9,202.7,9999.9,4256.4,5665.2,8650.1,5435.5,9999.9,6236.1,129.9,144.9,720.1,169.1,1136.2,188.9,46.9,4519.4,4022.3,8938.4,5472.5,9999.9,1783.7,3324.2,50.4,201.6,847.6,64.1,1241.4,56.6,911.0,1991.2,3452.6,1704.3,2628.9,1764.1,4677.1,943.0,1177.8,1787.6,1631.7,1349.7,686.4,3106.0,852.1,2266.0,1745.0,1849.3,1035.3,1334.1,5223.7,1162.5,1608.9,1933.8,3012.9,2475.2,1775.8,5327.5,738.0,1771.9,1745.0,1658.6,3082.2,1574.2,5787.5,1370.4,1589.8,1035.3,2278.9,1748.8,1795.6,2637.5,1023.4,7886.8,5257.9,7735.2,9464.2,8650.1,5091.5,8125.8,293.3,794.1,1441.6,485.7,1047.4,640.4,3351.9,6487.6,6435.7,5156.8,9999.9,3982.4,8840.2,3849.1,4704.4,3179.6,4042.5,4234.0,2603.4,8044.6,3324.2,3408.7,2620.3,2925.3,1571.2,2401.3,8744.1,1704.3,5746.1,4846.1,4570.8,6648.4,6540.3,9999.9,1506.4,9999.9,6048.5,4062.9,9141.6,9999.9,9999.9,9999.9,5871.9,3812.6,4596.9,6540.3,9999.9,9576.9,4846.1,9999.9,9999.9,9999.9,9999.9,9999.9,9999.9,9999.9,2162.5,2380.0,2925.3,1853.6,7589.2,4234.0,9999.9,673.1,911.0,2168.3,3794.6,620.7,3012.9,140.2,766.8,1062.6,2046.9,4104.4,456.5,3408.7,292.9,1340.7,1413.8,2437.7,2783.6,1635.0,6284.8,662.1,5510.0,3365.9,2637.5,4168.2,6435.7,9999.9,1733.7,8379.8,9999.9,9576.9,6435.7,7313.2,9999.9,4301.9,886.9,772.7,1768.0,3943.4,4996.6,2475.2,428.5,6334.3,8379.8,8468.0,9999.9,9999.9,6435.7,4420.1,21.5,90.6,134.5,448.1,1024.7,113.0,975.1,9999.9,9999.9,9999.9,9999.9,9999.9,9999.9,9999.9,9999.9,6935.0,7810.3,9999.9,9999.9,9999.9,9999.9,9999.9,8125.8,3867.6,9999.9,9999.9,9999.9,8293.4,9999.9,8650.1,4996.6,9999.9,9999.9,9999.9,9999.9,9999.9,9999.9,9999.9,9999.9,9038.9,9999.9,4256.4,9999.9,9999.9,9999.9,9999.9,9999.9,9999.9,9999.9,9999.9,9999.9,9999.9,9999.9,9999.9,9999.9,9999.9,9999.9,9999.9,9999.9,9999.9,6875.7,9999.9,9999.9,788.6,1704.3,2690.5,1129.8,5435.5,2628.9,591.0,277.2,265.2,914.1,288.3,1618.6,243.2,105.0,1853.6,1078.3,2537.7,2234.6,3351.9,2774.0,1169.2,5027.8,2803.0,3794.6,6094.4,7247.4,6188.1,4444.5,1076.9,799.6,1991.2,3849.1,5257.9,2595.0,504.3,9999.9,4817.1,6648.4,7247.4,8744.1,6188.1,9246.6,3656.6,1217.0,3205.0,4905.2,3830.7,5190.0,1775.8,262.2,211.5,637.4,1807.7,290.1,3192.3,971.5,9999.9,9999.9,9576.9,9246.6,9999.9,7313.2,9999.9,7886.8,4846.1,9999.9,7380.3,9999.9,3943.4,8938.4,9999.9,9038.9,9999.9,9999.9,9999.9,9999.9,9999.9,9999.9,9999.9,9999.9,9999.9,9999.9,9999.9,9999.9,9999.9,9999.9,9999.9,9999.9,9999.9,9038.9,3982.4,9999.9,9999.9,9999.9,9999.9,9999.9,9999.9,9999.9,7448.7,3724.3,9999.9,9999.9,7518.3,9999.9,5435.5,7182.7,9999.9,9999.9,9999.9,8293.4,9999.9,5746.1,21.1,37.7,182.2,6.3,413.8,22.8,362.8,36.2,151.1,560.2,38.4,1131.4,45.7,936.5,83.7,298.3,802.8,158.4,860.3,245.4,1768.0,777.2,1299.6,1088.5,632.4,4002.3,1795.6,5156.8,3.2,20.1,34.9,165.5,390.3,26.2,395.3,2401.3,4279.0,3423.2,5586.5,1828.3,4935.3,6703.8,66.7,92.0,258.4,885.9,79.5,1562.0,553.6,1849.3,4623.3,5327.5,7661.5,1892.8,9999.9,2291.9
20260823_松戸_10R,20260823,31,松戸,10,257.0,951.7,263.4,1179.7,304.4,2083.6,421.2,126.8,196.3,34.3,330.3,202.1,648.7,33.6,1239.1,585.0,530.6,1701.0,1350.0,968.4,733.7,88.1,26.1,139.9,49.7,104.3,333.2,31.2,1748.7,886.7,1949.0,392.5,1761.8,3108.1,1037.2,471.7,561.8,1301.1,415.4,1685.6,2338.9,662.1,3626.2,2276.3,1658.7,1650.0,4455.0,3834.2,2528.5,249.8,44.5,357.7,72.0,494.2,301.7,867.8,399.6,1434.9,401.7,2613.2,418.4,2211.7,542.0,293.0,887.6,653.3,2411.2,317.4,1792.2,288.7,1685.6,1485.0,3282.6,4032.5,1536.2,2801.0,2606.0,756.3,1265.9,3377.4,2767.9,1235.8,3389.7,1830.8,5168.8,5439.3,5847.2,5407.8,5407.8,9999.9,9355.6,187.1,300.1,766.2,425.0,1732.5,1315.8,350.6,5602.1,4455.0,4797.7,8428.4,9999.9,4433.9,6588.4,619.1,422.3,1745.4,1221.3,2951.2,625.3,3414.4,79.2,131.2,22.1,290.2,114.1,502.4,21.2,129.8,430.7,276.0,1159.3,109.1,1061.9,111.0,178.4,336.5,381.8,1293.9,335.2,332.2,135.6,55.1,375.8,600.1,415.0,397.9,1109.7,96.3,747.8,2051.6,2140.8,778.9,2321.4,5057.0,854.3,198.4,189.3,389.6,364.1,1607.4,1526.2,160.9,1459.5,2542.2,1588.3,2227.5,5670.0,2852.3,883.4,7.9,22.9,32.2,24.5,148.0,34.9,125.7,1506.5,661.1,481.7,2243.5,1234.2,1061.9,819.9,1461.8,1344.1,3037.5,3803.0,1655.8,2711.7,2155.6,426.2,666.3,888.4,1735.7,859.1,640.7,325.4,1063.1,3612.2,2011.9,2304.3,3757.2,2861.0,2170.6,3037.5,3757.2,3193.0,3772.4,6682.5,3834.2,5958.9,1977.9,2029.4,1664.6,2688.3,5602.1,2735.5,2281.8,631.7,1613.0,946.9,1155.0,2338.9,1365.7,817.0,647.4,1188.7,348.4,1480.3,2563.1,980.6,909.1,167.0,53.9,250.6,60.8,160.3,515.1,65.0,711.4,1445.9,3077.5,2254.3,1482.6,6779.4,1901.5,126.4,897.8,1361.8,888.4,1070.4,2998.5,258.2,1185.7,4541.5,2160.6,2417.4,4476.3,3203.9,2905.4,388.1,2160.6,1313.9,2051.6,1344.1,3097.8,1104.5,1039.5,1957.2,2150.7,4015.2,2642.8,5847.2,2020.6,2896.4,9745.4,4898.2,4271.9,6321.3,8505.1,5226.5,260.4,1439.3,350.7,2092.9,1265.9,1265.9,3530.4,3452.2,2051.6,4976.3,764.3,3930.9,6930.0,3377.4,5847.2,4271.9,5958.9,6237.0,7861.8,9999.9,9999.9,2327.2,4701.3,3697.8,3490.9,6635.1,9999.9,2711.7,5285.6,5921.2,4563.7,5084.5,9644.9,9999.9,9999.9,910.0,5439.3,3128.9,4586.0,4271.9,9999.9,4631.4,8662.6,8583.1,9745.4,9999.9,6682.5,9999.9,9999.9,9999.9,9999.9,9999.9,9999.9,9999.9,9999.9,9999.9,4433.9,8910.1,2727.5,9999.9,5226.5,9083.1,9999.9,636.4,1047.6,2160.6,779.6,3772.4,3150.0,1283.3,330.1,400.1,876.8,697.1,2155.6,1312.1,493.4,800.3,595.1,1771.8,1344.1,4898.2,3452.2,626.2,2719.6,2430.0,3128.9,4797.7,7366.6,4677.8,3598.3,1310.3,1621.4,2003.3,4608.6,4050.0,3757.2,2801.0,8583.1,7087.5,8826.0,9999.9,6779.4,9999.9,8910.1,7996.2,5226.5,8743.5,6730.6,8826.0,9172.1,6588.4,1561.8,1079.0,843.6,2809.4,2060.7,5670.0,4822.4,6730.6,4519.6,2606.0,2501.5,8910.1,6981.8,5568.8,6682.5,3683.3,5112.3,8910.1,9999.9,6682.5,9999.9,3727.3,5003.0,3530.4,7425.0,9999.9,9848.0,2887.5,1404.7,3237.2,2321.4,2556.1,4563.7,2259.8,1765.2,4654.5,9999.9,8995.7,5670.0,9450.1,9644.9,9644.9,9999.9,9999.9,9999.9,9262.9,9999.9,9999.9,9999.9,9999.9,7668.5,9952.7,6779.4,8279.3,9999.9,9262.9,6035.8,9952.7,3008.2,4233.3,9172.1,9999.9,8505.1,299.3,50.0,431.1,100.6,769.3,332.3,992.1,515.4,211.8,1202.5,829.3,2598.7,560.5,2835.0,19.6,46.1,60.9,46.0,261.8,63.1,223.1,623.2,1039.5,219.8,1276.3,2398.8,965.4,1076.5,155.7,897.8,188.0,1432.7,1215.0,830.8,1982.1,2584.4,5168.8,1175.3,5315.6,2878.6,4519.6,8428.4,807.9,786.8,320.0,1732.5,1099.3,2591.5,2979.4,3248.4,5958.9,981.7,2905.4,4371.7,8995.7,4176.6
20260823_松戸_11R,20260823,31,松戸,11,688.8,878.0,120.4,2064.9,592.4,1858.4,282.8,1975.5,4871.7,1570.5,9041.3,2508.9,8294.0,3126.4,2144.4,5638.1,1757.5,9292.4,3165.8,3830.4,4421.0,104.6,570.2,626.0,1575.4,399.3,1209.1,302.3,6690.5,9999.9,9999.9,5146.5,9999.9,9999.9,9123.4,1441.9,2181.7,2960.4,1268.7,7719.8,5801.0,2654.9,7379.2,9999.9,5484.0,4440.6,9999.9,9999.9,9292.4,510.4,1745.3,2803.3,650.4,3356.4,1733.3,3571.4,85.7,114.3,13.0,318.8,57.0,226.8,36.7,112.7,230.4,85.6,711.2,49.4,313.6,124.4,146.6,250.6,104.0,774.3,164.4,98.8,128.3,7.0,43.6,62.8,179.3,23.9,112.8,16.4,990.7,1296.6,1397.7,712.7,1209.1,1785.7,330.8,61.7,46.7,124.0,36.6,532.1,205.3,80.0,607.4,710.2,232.4,376.8,1518.2,591.0,449.2,14.5,30.7,38.1,9.1,20.0,24.3,87.5,2103.9,5767.7,1730.3,9467.7,2412.4,9557.9,3845.1,1409.5,2139.8,985.8,5068.6,764.3,3662.7,970.5,7220.0,3546.2,4480.2,9999.9,3013.7,6921.2,9743.5,1520.5,1529.8,3966.7,9999.9,1937.4,5424.7,4147.0,9999.9,8159.2,9999.9,9999.9,9999.9,9999.9,9999.9,1658.8,845.4,2031.5,1310.1,5454.2,3226.9,2117.2,9557.9,6780.9,9557.9,7840.5,9999.9,7067.4,9999.9,3623.0,1987.2,8093.4,4520.6,6392.2,3904.9,7902.2,2859.2,6474.7,2205.6,9839.0,3334.1,4129.9,5606.6,1446.0,2361.3,1118.8,4401.6,1967.8,1074.5,878.7,6646.2,3472.6,4582.5,9999.9,3558.8,7220.0,9999.9,1172.4,1568.1,4363.4,7602.9,4129.9,3258.3,4113.0,9999.9,8504.9,9999.9,9999.9,9999.9,9999.9,9999.9,4561.7,3345.2,3059.7,3069.0,9999.9,6009.4,8028.6,2534.3,1354.3,4711.6,2052.3,6690.5,4460.3,3889.8,7117.6,3196.1,9999.9,6082.3,9999.9,9936.4,7220.0,38.6,248.0,205.6,1043.2,148.0,637.1,146.8,33.4,239.8,256.2,686.4,115.2,537.8,71.7,844.0,782.2,1933.6,6156.9,1047.5,3533.7,1658.8,837.0,821.2,2275.7,4500.3,1983.3,1618.6,2069.2,4113.0,3206.3,9999.9,6646.2,6233.4,9999.9,5424.7,403.2,282.4,833.5,1242.0,3334.1,2683.3,1020.9,2521.5,2286.0,4919.5,3165.8,9999.9,4500.3,4421.0,351.6,240.3,1003.5,1500.1,1504.6,813.2,2186.4,9839.0,9999.9,9999.9,9999.9,9999.9,9999.9,9999.9,8803.3,6392.2,8577.6,6272.4,9999.9,9999.9,2586.5,9999.9,9999.9,9999.9,9999.9,9999.9,9999.9,9999.9,9999.9,9999.9,9999.9,9999.9,9999.9,9999.9,9999.9,4968.2,7779.7,9999.9,9999.9,9999.9,9999.9,9999.9,9999.9,9999.9,9999.9,9999.9,9999.9,9999.9,9999.9,9999.9,9999.9,9999.9,9999.9,9999.9,9999.9,9999.9,9999.9,2795.5,9999.9,9999.9,9467.7,9999.9,9999.9,1573.0,2803.3,3859.9,1334.5,9999.9,8577.6,3413.5,756.2,591.0,1068.7,326.3,4561.7,2153.6,682.2,1798.5,850.4,2162.8,1473.6,5938.3,3521.3,2082.1,4113.0,2647.9,3935.6,3845.1,9999.9,4561.7,7272.3,782.2,397.6,1299.9,2073.5,7168.4,4440.6,2230.1,9999.9,9999.9,9999.9,9999.9,9999.9,9999.9,9999.9,9999.9,7602.9,8504.9,9839.0,9999.9,9999.9,9999.9,3610.0,1582.9,4344.5,7168.4,3031.9,9999.9,8803.3,9123.4,9999.9,5575.4,6827.1,9999.9,9999.9,9999.9,6194.9,4014.3,2471.8,4164.2,9999.9,8881.2,4234.5,9999.9,8577.6,9999.9,9999.9,9999.9,9999.9,9999.9,4079.6,2350.3,7379.2,4325.7,8577.6,7272.3,5227.0,4113.0,6119.4,9999.9,6921.2,9999.9,9999.9,9999.9,9999.9,9999.9,9999.9,9999.9,9999.9,9999.9,9999.9,9999.9,9999.9,9999.9,9999.9,9936.4,9999.9,9999.9,9999.9,7902.2,9999.9,9999.9,9999.9,9999.9,9999.9,451.4,2453.7,3155.9,809.3,3649.3,1795.3,4500.3,129.2,263.6,386.4,103.9,126.3,221.9,541.3,3521.3,1551.1,5043.1,4270.5,8433.4,2734.5,9999.9,5094.3,1967.8,6351.8,4848.2,9999.9,3662.7,5366.7,624.1,358.4,2307.0,2676.2,2441.8,1372.8,4147.0,5484.0,939.6,5638.1,8726.8,4382.4,7117.6,9999.9,2317.7,1183.4,2301.7,3136.2,1811.5,7067.4,7379.2,9999.9,4014.3,9999.9,7168.4,9999.9,9999.9,9999.9
20260823_松戸_12R,20260823,31,松戸,12,572.6,1269.6,563.3,1608.9,216.7,1539.2,186.3,549.5,795.0,131.0,927.3,213.8,750.5,103.9,1512.9,1249.5,1215.3,2606.8,801.7,2159.1,222.8,464.4,124.0,804.0,731.5,183.7,476.9,104.1,2018.0,1814.4,2791.1,1534.2,1179.0,715.0,499.5,133.5,160.7,410.3,155.1,598.9,470.1,55.9,1568.1,979.7,2149.3,646.6,833.2,753.6,278.6,21.1,15.1,8.3,15.2,54.0,9.1,36.3,2796.6,4001.9,2492.4,6071.3,954.1,5919.6,658.3,5020.1,9999.9,5528.0,8991.8,4719.9,9797.9,6638.8,7175.2,9999.9,9999.9,9999.9,4882.1,9999.9,8662.8,2796.6,5110.4,9999.9,8259.9,3808.8,9999.9,4279.2,9999.9,9999.9,9999.9,9999.9,9285.6,7103.5,9999.9,823.1,2700.9,3680.5,2329.0,3398.8,3327.1,928.5,9999.9,9999.9,9999.9,9999.9,9999.9,7981.4,9999.9,444.5,3228.8,2716.4,2291.4,4412.1,1022.8,6701.4,2359.9,3525.3,601.2,4001.9,988.6,4318.2,431.3,4228.2,8259.9,4279.2,9165.8,3990.7,8824.2,5571.3,6071.3,9999.9,6399.5,9999.9,5381.4,9999.9,6830.3,620.1,2449.4,3860.6,4228.2,1145.7,2550.6,490.7,8406.5,9664.6,9999.9,7892.8,9999.9,9408.6,9049.0,1492.3,3214.2,6830.3,2067.9,9599.3,6045.5,1508.1,7248.5,9999.9,9999.9,7139.2,9999.9,8026.5,7936.9,409.3,3728.8,2602.0,721.5,5798.8,1345.3,4318.2,6314.2,6487.2,5185.0,9999.9,2858.5,7892.8,803.5,6896.6,9999.9,9999.9,9999.9,7248.5,9999.9,8212.1,8715.9,9999.9,9999.9,9999.9,9797.9,9999.9,8662.8,9107.0,9999.9,9999.9,9999.9,9999.9,9999.9,8164.9,9999.9,9999.9,9999.9,9999.9,9999.9,9999.9,9999.9,4510.1,9999.9,9999.9,9408.6,9999.9,9999.9,5593.3,9999.9,9999.9,9999.9,9999.9,9999.9,9999.9,9999.9,732.3,5919.6,5615.4,5775.2,9999.9,3808.8,9999.9,1715.8,471.2,2367.8,3374.5,1001.9,2695.8,244.9,2492.4,4013.2,6701.4,7638.2,2965.9,9999.9,3157.1,440.9,2189.0,3596.7,3935.4,1188.8,2917.2,462.7,5528.0,9999.9,8164.9,9797.9,9534.9,9999.9,6314.2,6547.0,9999.9,8507.2,9999.9,8357.0,7892.8,9999.9,1537.5,3406.9,2466.5,6258.6,5895.0,6071.3,2146.0,5401.9,9999.9,6045.5,9999.9,9999.9,8879.4,6487.2,265.6,2550.6,425.7,1669.4,4553.5,1419.2,4117.9,6797.6,6733.2,9999.9,6638.8,5506.6,3671.0,1561.2,9107.0,7849.2,9999.9,9999.9,9999.9,9999.9,9999.9,8164.9,9999.9,9999.9,9999.9,9999.9,9999.9,9999.9,9999.9,9999.9,9999.9,9999.9,9999.9,9999.9,9999.9,7516.9,9999.9,9999.9,9999.9,9999.9,9999.9,9999.9,7679.4,9999.9,9999.9,9999.9,9999.9,7679.4,9599.3,2764.0,7721.2,5705.6,9935.0,7806.0,5994.5,3406.9,1791.5,9999.9,7516.9,8259.9,8558.4,7285.6,5682.8,563.7,769.1,1550.9,833.2,2475.0,2383.7,205.7,658.6,1589.1,2864.3,1925.0,3055.2,2298.8,703.3,1261.7,2813.2,5846.5,2159.1,7981.4,5751.8,1394.2,3350.7,6176.9,8507.2,7806.0,9999.9,9999.9,3652.2,1497.0,2858.5,1821.4,6258.6,6019.9,6019.9,2117.2,5637.7,7068.1,8662.8,9999.9,8879.4,4865.4,6669.9,4865.4,7068.1,7892.8,9999.9,9999.9,7248.5,4510.1,211.0,825.0,892.4,1077.9,1332.7,3035.6,2352.1,6314.2,5242.4,6701.4,4553.5,3829.3,3778.4,1080.3,9999.9,5361.1,9999.9,9999.9,9999.9,7763.4,9999.9,7981.4,9999.9,9999.9,8991.8,9999.9,9797.9,9999.9,9999.9,9999.9,9999.9,9999.9,9999.9,9999.9,9999.9,7033.1,9999.9,7556.9,9999.9,9999.9,9999.9,9999.9,3406.9,7556.9,6607.9,9999.9,8072.1,5728.6,3768.4,6314.2,8308.2,9999.9,9999.9,9346.7,8259.9,5994.5,1274.1,9346.7,5073.9,6071.3,8935.2,5846.5,4481.7,20.5,15.1,5.8,16.6,83.1,8.3,54.7,141.0,1190.8,956.7,1038.5,2923.2,447.7,2670.5,106.0,1160.7,584.8,304.6,2056.0,442.8,1634.8,69.1,610.0,520.4,558.4,1426.4,386.1,1249.5,95.8,1004.7,283.4,714.2,2159.1,518.3,1726.2,509.5,3871.1,3273.5,2947.5,3903.0,2841.4,2420.2,55.6,333.7,267.7,323.6,391.2,1420.7,1030.9,373.0,4266.3,2660.4,2280.4,3035.6,2870.1,1989.7
20260823_西武園_1R,20260823,26,西武園,1,448.7,115.2,159.6,224.9,643.6,,,352.3,77.5,238.0,205.2,207.8,,,31.5,22.9,17.6,8.1,40.4,,,157.2,271.9,77.0,142.3,317.2,,,263.7,228.2,39.0,145.3,219.2,,,855.3,379.8,253.6,453.8,477.7,,,,,,,,,,,,,,,,,571.8,130.1,132.2,245.2,727.8,,,1099.7,986.0,722.6,1725.5,1016.0,,,194.8,735.8,240.8,654.1,1118.2,,,69.4,263.3,122.4,248.0,243.8,,,1370.9,2704.8,1853.3,1787.1,3776.6,,,1177.4,1266.8,2063.5,948.6,2987.4,,,,,,,,,,,,,,,,,451.8,104.4,250.2,224.1,186.8,,,889.6,1042.5,570.2,1696.2,841.0,,,116.0,484.6,356.1,508.0,222.1,,,338.6,394.7,612.1,1163.7,353.0,,,807.1,2021.8,1170.5,1853.3,1450.4,,,102.0,298.7,156.4,177.9,525.3,,,,,,,,,,,,,,,,,26.4,17.2,13.7,4.1,32.1,,,102.4,404.3,103.1,419.6,727.8,,,60.9,255.6,189.9,290.5,97.5,,,46.2,95.3,215.4,159.8,387.1,,,63.4,664.9,502.9,226.6,733.1,,,225.9,930.9,281.1,546.8,717.4,,,,,,,,,,,,,,,,,173.1,349.9,153.6,175.5,416.1,,,76.4,213.6,129.7,352.3,238.8,,,452.8,411.8,654.1,1291.3,511.9,,,110.7,204.0,597.4,309.8,866.5,,,442.8,1308.2,2152.2,633.4,1654.2,,,528.1,599.2,744.0,1266.8,1205.7,,,,,,,,,,,,,,,,,1380.4,962.3,256.6,680.8,1352.4,,,2599.5,3451.0,3392.5,3776.6,5267.4,,,1482.6,4003.2,1563.7,5718.9,5718.9,,,351.7,2633.7,1627.3,1551.6,3392.5,,,1059.0,3849.2,6255.0,1962.3,2859.4,,,2819.1,6672.0,5887.1,5887.1,3079.4,,,,,,,,,,,,,,,,,1243.2,641.5,606.5,676.2,1016.0,,,1614.2,1251.0,2249.0,1316.8,3639.3,,,276.8,583.5,371.3,423.1,1087.8,,,695.0,2175.6,749.6,1563.7,1981.7,,,749.6,1308.2,893.5,1888.3,1962.3,,,1943.3,3924.7,2633.7,3079.4,2274.5,,,,,,,,,,,,,,,,,,,,,,,,,,,,,,,,,,,,,,,,,,,,,,,,,,,,,,,,,,,,,,,,,,,,,,,,,,,,,,,,,,,,,,,,,,,,,,,,,,,,,,,,,,,,,,,,,,,,,,,,,,,,,,,,
20260823_西武園_2R,20260823,26,西武園,2,509.1,524.4,131.3,1650.3,158.4,,,594.5,523.0,962.0,2279.0,414.3,,,1007.5,1219.3,1057.6,1840.7,587.2,,,171.8,794.3,794.3,2252.2,267.7,,,5630.5,5174.0,6175.4,3988.3,2587.0,,,50.4,74.8,155.7,118.8,646.7,,,,,,,,,,,,,,,,,236.0,227.6,67.4,1057.6,86.1,,,224.6,119.5,52.9,657.8,195.5,,,251.8,142.7,59.4,228.9,201.7,,,14.9,13.2,11.4,71.3,10.8,,,2991.2,1450.3,1093.9,636.0,2945.2,,,61.2,155.8,141.2,38.6,814.6,,,,,,,,,,,,,,,,,498.5,417.0,667.0,1622.3,403.8,,,462.4,125.9,93.5,858.4,355.1,,,204.0,75.8,105.8,70.7,157.3,,,613.5,111.4,214.3,1119.5,461.3,,,3418.5,1914.3,938.4,2252.2,3244.7,,,319.5,386.7,269.2,473.8,1519.3,,,,,,,,,,,,,,,,,1119.5,1418.0,1302.3,2423.2,1046.1,,,539.2,209.6,145.0,380.5,548.5,,,406.4,148.0,150.0,128.0,334.1,,,894.5,234.0,397.1,683.7,866.2,,,1461.3,451.5,338.2,517.4,1367.4,,,787.8,807.7,814.6,962.0,1338.7,,,,,,,,,,,,,,,,,121.7,587.2,477.4,1608.7,247.0,,,20.2,17.6,12.1,93.3,12.9,,,449.3,71.3,148.6,1087.7,355.1,,,406.4,73.9,215.3,383.6,338.2,,,3753.7,646.7,2658.8,1428.6,1772.5,,,115.2,56.5,306.3,236.6,874.1,,,,,,,,,,,,,,,,,7090.3,6837.1,7363.0,6837.1,4908.7,,,5982.4,2815.2,2392.9,1858.6,5801.2,,,5469.7,3087.7,1204.0,6837.1,6837.1,,,5317.7,1973.6,1167.3,2080.8,3988.3,,,7657.5,2200.4,7090.3,2392.9,3087.7,,,5469.7,6381.3,8323.4,6601.3,3300.6,,,,,,,,,,,,,,,,,32.1,68.5,87.2,78.5,433.1,,,81.9,260.1,227.6,64.8,1132.7,,,397.1,533.2,348.0,559.7,1994.1,,,379.8,511.8,568.0,625.6,1139.5,,,180.4,105.2,380.5,389.8,1023.7,,,2587.0,3906.9,4452.0,3480.7,2454.3,,,,,,,,,,,,,,,,,,,,,,,,,,,,,,,,,,,,,,,,,,,,,,,,,,,,,,,,,,,,,,,,,,,,,,,,,,,,,,,,,,,,,,,,,,,,,,,,,,,,,,,,,,,,,,,,,,,,,,,,,,,,,,,,
20260823_西武園_3R,20260823,26,西武園,3,359.2,349.3,277.1,1755.4,228.2,,,189.2,52.8,83.4,401.3,229.9,,,285.2,44.4,95.2,137.3,293.7,,,173.9,103.7,102.4,331.1,247.9,,,4406.6,2181.0,1008.9,1962.9,3427.3,,,180.5,272.6,301.5,309.7,1270.1,,,,,,,,,,,,,,,,,534.4,648.4,515.3,2481.8,226.5,,,692.0,364.7,1199.5,1531.3,293.3,,,867.1,463.3,1324.6,1341.1,539.8,,,1192.9,1877.6,1700.1,4594.1,911.0,,,5141.0,3175.3,3855.8,6747.6,3175.3,,,88.8,115.2,144.4,294.5,687.6,,,,,,,,,,,,,,,,,142.1,41.2,74.2,275.0,119.8,,,226.8,158.7,556.5,814.8,132.3,,,12.3,30.2,50.3,11.8,19.6,,,309.7,681.1,307.5,1308.6,583.5,,,785.1,1255.3,222.6,1308.6,1179.9,,,98.0,66.6,54.0,232.9,376.1,,,,,,,,,,,,,,,,,225.6,26.4,98.8,103.9,142.5,,,418.4,190.2,760.2,681.1,350.5,,,8.3,24.4,42.8,8.1,18.1,,,389.0,1043.1,263.9,705.6,1085.0,,,228.4,360.4,79.7,575.8,328.1,,,170.4,204.2,72.6,568.2,421.7,,,,,,,,,,,,,,,,,951.2,731.9,583.5,1623.4,1013.7,,,1553.4,2116.9,1910.8,5141.0,1660.9,,,1085.0,2481.8,1192.9,4152.4,2226.0,,,1341.1,2570.5,1167.1,1999.3,2804.2,,,5682.2,7445.6,7711.6,3321.9,3129.3,,,1520.5,1349.5,1814.4,2633.2,2733.2,,,,,,,,,,,,,,,,,5997.9,3659.7,4318.5,5266.4,6350.7,,,6543.1,3175.3,4318.5,8637.0,4074.0,,,2841.1,3175.3,503.3,4907.3,3175.3,,,2804.2,2998.9,471.4,2510.7,2426.1,,,7997.2,9999.9,8304.8,4074.0,4907.3,,,5682.2,4074.0,4406.6,3271.5,3925.9,,,,,,,,,,,,,,,,,125.4,181.6,265.9,259.5,1179.9,,,40.6,53.0,66.6,188.5,343.2,,,123.5,88.2,70.2,358.6,538.4,,,224.2,184.2,79.7,533.1,381.4,,,668.4,512.8,739.4,942.9,1980.9,,,2768.2,1784.5,1962.9,1292.9,2297.0,,,,,,,,,,,,,,,,,,,,,,,,,,,,,,,,,,,,,,,,,,,,,,,,,,,,,,,,,,,,,,,,,,,,,,,,,,,,,,,,,,,,,,,,,,,,,,,,,,,,,,,,,,,,,,,,,,,,,,,,,,,,,,,,
20260823_西武園_4R,20260823,26,西武園,4,78.1,23.5,211.5,157.9,25.2,,,112.8,64.4,115.9,660.5,165.2,,,13.2,22.0,44.9,70.4,12.3,,,473.4,326.8,231.2,1454.6,576.4,,,880.0,1811.2,825.7,2301.2,734.9,,,35.0,117.2,41.3,290.3,141.4,,,,,,,,,,,,,,,,,121.2,30.9,256.1,166.0,34.2,,,145.3,328.3,171.2,529.7,147.8,,,92.0,370.3,707.1,396.5,127.7,,,555.9,662.1,961.4,1155.3,525.7,,,479.0,1462.2,610.3,2049.2,145.3,,,23.0,63.8,43.2,151.5,11.7,,,,,,,,,,,,,,,,,170.8,102.5,135.2,799.8,277.1,,,154.5,316.1,205.2,551.5,138.2,,,211.5,406.2,361.3,908.5,479.0,,,63.7,94.9,126.2,256.6,93.8,,,2320.2,1896.9,2159.6,1991.1,1595.1,,,180.5,116.1,243.4,149.5,257.0,,,,,,,,,,,,,,,,,43.7,54.8,103.7,203.5,34.5,,,133.9,424.0,866.5,902.7,209.9,,,193.2,547.2,464.0,1242.2,444.9,,,610.3,1586.1,1043.6,1859.2,1199.7,,,1651.4,1949.6,2725.7,2529.2,1871.6,,,138.9,221.7,511.3,700.1,601.1,,,,,,,,,,,,,,,,,1859.2,882.8,771.2,3743.3,1733.0,,,1632.2,1432.3,2339.5,3423.7,1671.1,,,344.8,678.1,534.7,1281.9,518.9,,,1236.7,2320.2,1287.8,2399.5,2126.8,,,6238.8,6529.0,4679.1,3599.3,2894.3,,,2079.6,1651.4,1356.2,2005.3,1671.1,,,,,,,,,,,,,,,,,3423.7,4602.4,3264.5,6847.5,2779.6,,,3553.7,2924.4,2752.4,5399.0,920.4,,,5297.1,3694.0,3154.4,5614.9,3845.8,,,4679.1,3382.5,3743.3,3743.3,3694.0,,,7018.7,8021.3,6529.0,4190.2,3743.3,,,1909.8,748.6,2441.2,2019.7,2143.1,,,,,,,,,,,,,,,,,50.5,222.1,72.1,447.0,198.9,,,28.6,55.3,42.7,127.0,26.8,,,333.0,180.6,406.2,369.4,464.8,,,148.4,135.4,415.3,594.8,429.2,,,1032.1,593.5,716.1,1071.5,938.9,,,471.0,148.3,576.4,545.1,799.8,,,,,,,,,,,,,,,,,,,,,,,,,,,,,,,,,,,,,,,,,,,,,,,,,,,,,,,,,,,,,,,,,,,,,,,,,,,,,,,,,,,,,,,,,,,,,,,,,,,,,,,,,,,,,,,,,,,,,,,,,,,,,,,,
20260823_西武園_5R,20260823,26,西武園,5,110.9,366.0,85.6,135.6,274.7,,,67.9,36.2,19.8,119.2,32.1,,,325.3,65.6,98.4,449.5,209.9,,,21.4,8.9,31.0,29.7,45.1,,,117.7,162.7,494.0,99.5,423.3,,,373.6,133.6,341.0,202.8,614.5,,,,,,,,,,,,,,,,,256.7,790.1,258.8,331.2,815.4,,,329.1,472.0,346.1,304.7,392.0,,,949.3,614.5,1754.7,716.7,1742.6,,,316.4,417.7,1265.8,504.8,931.9,,,182.7,127.0,315.2,213.9,395.0,,,1390.3,967.4,2019.2,1487.9,1311.5,,,,,,,,,,,,,,,,,138.3,66.2,42.5,223.1,64.8,,,305.0,330.0,302.1,308.0,279.9,,,51.9,123.0,59.9,162.2,23.0,,,73.5,208.0,152.0,403.2,126.2,,,436.4,271.5,363.4,480.9,206.1,,,66.3,116.4,41.1,75.9,162.1,,,,,,,,,,,,,,,,,702.8,146.7,174.0,731.1,346.1,,,1009.6,521.3,1272.1,704.7,1505.5,,,79.7,150.1,77.9,130.1,22.0,,,333.8,1247.2,244.1,982.3,915.2,,,1060.1,440.9,280.2,967.4,1580.3,,,845.2,1405.6,201.7,1183.4,2019.2,,,,,,,,,,,,,,,,,41.8,24.2,65.0,66.3,118.4,,,231.9,335.2,902.2,433.4,752.7,,,84.8,268.3,238.4,416.4,180.0,,,349.9,1311.5,292.7,1101.4,1194.5,,,213.2,223.5,356.3,527.8,918.5,,,622.0,1241.1,533.3,1590.1,1332.1,,,,,,,,,,,,,,,,,197.2,202.4,631.3,137.6,704.7,,,86.9,57.5,183.8,98.5,216.9,,,267.8,150.9,293.8,258.5,149.9,,,874.3,410.3,248.9,826.0,1453.8,,,145.1,158.2,225.7,298.2,652.3,,,1754.7,731.1,528.9,2292.1,1390.3,,,,,,,,,,,,,,,,,1151.2,430.5,971.1,750.5,1972.3,,,1429.3,1161.7,2470.2,2035.4,2120.2,,,301.8,551.9,202.4,369.8,704.7,,,1229.1,2051.8,413.0,1630.9,3220.6,,,949.3,1730.8,706.7,1987.7,2156.1,,,2193.3,1662.9,1487.9,3304.3,2085.5,,,,,,,,,,,,,,,,,,,,,,,,,,,,,,,,,,,,,,,,,,,,,,,,,,,,,,,,,,,,,,,,,,,,,,,,,,,,,,,,,,,,,,,,,,,,,,,,,,,,,,,,,,,,,,,,,,,,,,,,,,,,,,,,
20260823_西武園_6R,20260823,26,西武園,6,108.6,69.6,35.0,119.9,61.6,,,188.4,199.4,68.1,709.1,313.3,,,37.5,77.7,10.4,202.7,44.5,,,13.2,12.4,8.6,65.9,17.0,,,381.5,635.6,679.6,235.9,743.5,,,55.6,146.1,73.3,35.2,275.3,,,,,,,,,,,,,,,,,180.4,160.1,54.6,135.8,84.8,,,416.5,1191.0,728.0,398.3,460.3,,,324.5,898.7,638.9,581.4,428.1,,,171.1,438.9,645.6,328.4,338.4,,,108.8,181.4,383.9,178.1,91.9,,,40.1,135.0,155.2,95.7,41.0,,,,,,,,,,,,,,,,,654.2,739.0,279.1,1978.6,873.1,,,769.1,2250.9,1378.4,1162.8,1173.9,,,1120.3,2756.8,1298.1,2582.7,2079.3,,,556.3,1402.0,1703.8,2250.9,1582.9,,,2886.5,2044.6,3271.4,3228.3,2920.9,,,925.8,1053.0,1831.0,1402.0,2382.1,,,,,,,,,,,,,,,,,147.5,312.9,46.0,522.0,177.7,,,340.3,1100.2,666.7,711.1,486.8,,,993.3,2152.2,1572.8,2271.8,1715.7,,,184.2,754.9,873.1,1100.2,674.0,,,1994.7,1562.7,2382.1,1831.0,1680.5,,,387.0,458.6,1157.3,624.3,1120.3,,,,,,,,,,,,,,,,,60.2,43.6,52.1,183.3,87.6,,,198.3,497.6,657.7,578.6,486.8,,,177.5,389.4,915.5,997.3,866.9,,,190.6,730.2,759.6,1245.4,757.2,,,709.1,1162.8,1298.1,1994.7,1239.1,,,178.9,470.9,781.3,709.1,885.7,,,,,,,,,,,,,,,,,804.4,1451.8,1858.7,601.3,1603.6,,,525.3,723.7,1635.7,863.9,450.1,,,1562.7,1552.8,2314.6,2271.8,2666.9,,,2529.4,1978.6,2788.1,1994.7,2250.9,,,1085.6,1614.1,1624.8,1887.3,1386.2,,,1931.9,695.0,2478.3,2190.6,1460.4,,,,,,,,,,,,,,,,,47.0,140.2,93.2,34.0,229.7,,,30.4,117.0,152.4,68.2,50.6,,,539.2,624.3,1196.8,689.2,1185.3,,,238.4,374.5,837.3,458.6,857.8,,,100.1,230.5,399.6,423.0,545.2,,,965.9,439.7,1232.9,1478.0,977.5,,,,,,,,,,,,,,,,,,,,,,,,,,,,,,,,,,,,,,,,,,,,,,,,,,,,,,,,,,,,,,,,,,,,,,,,,,,,,,,,,,,,,,,,,,,,,,,,,,,,,,,,,,,,,,,,,,,,,,,,,,,,,,,,
20260823_西武園_7R,20260823,26,西武園,7,674.1,1017.7,556.1,1071.5,355.2,,,264.9,297.1,83.3,511.8,107.3,,,712.4,562.0,464.0,1116.9,317.5,,,246.3,81.9,199.9,336.6,60.2,,,1372.8,1489.2,1497.6,869.9,541.2,,,97.4,57.5,83.9,44.0,112.9,,,,,,,,,,,,,,,,,979.8,1578.3,818.6,1285.8,489.0,,,575.5,322.6,135.8,443.7,435.6,,,1102.8,546.8,565.6,686.4,768.4,,,458.4,174.7,333.6,342.3,326.6,,,1344.8,1037.7,847.5,644.4,744.6,,,587.0,748.8,934.7,378.1,657.3,,,,,,,,,,,,,,,,,234.7,257.6,64.9,496.4,105.6,,,281.0,206.0,72.3,345.4,212.5,,,333.6,246.3,74.2,526.1,258.9,,,23.2,24.3,24.2,55.0,18.1,,,887.5,775.2,842.1,238.7,998.4,,,121.4,196.2,210.3,60.6,539.0,,,,,,,,,,,,,,,,,1116.9,641.3,457.6,1292.1,395.1,,,1041.8,575.5,570.5,615.8,826.3,,,432.8,382.0,123.1,779.8,334.9,,,296.5,370.7,118.2,601.8,253.4,,,1856.2,905.8,1304.9,1107.5,1365.7,,,348.6,742.5,513.8,380.3,979.8,,,,,,,,,,,,,,,,,155.8,50.5,120.0,292.2,31.1,,,306.8,116.9,299.5,262.8,165.6,,,17.8,24.2,22.2,56.9,13.8,,,201.0,267.3,83.6,365.5,161.0,,,560.8,364.0,266.7,515.8,271.4,,,38.6,86.3,39.1,94.0,116.8,,,,,,,,,,,,,,,,,1869.4,1597.5,2196.6,1456.3,1182.0,,,1745.6,1285.8,1116.9,1058.6,1084.7,,,1261.2,1489.2,1569.0,744.6,1856.2,,,2092.0,1209.1,1830.5,1402.0,1722.8,,,1071.5,816.0,635.1,958.5,600.4,,,921.6,1084.7,1830.5,1424.8,761.8,,,,,,,,,,,,,,,,,73.1,56.3,72.4,38.6,81.2,,,198.6,413.8,286.5,163.6,223.0,,,121.1,253.6,257.1,83.2,421.0,,,207.3,314.9,360.0,275.1,309.0,,,56.9,106.2,54.2,149.0,137.7,,,255.6,316.0,487.2,370.2,228.4,,,,,,,,,,,,,,,,,,,,,,,,,,,,,,,,,,,,,,,,,,,,,,,,,,,,,,,,,,,,,,,,,,,,,,,,,,,,,,,,,,,,,,,,,,,,,,,,,,,,,,,,,,,,,,,,,,,,,,,,,,,,,,,,
20260823_西武園_8R,20260823,26,西武園,8,82.1,221.8,32.5,54.0,30.4,,,139.5,379.2,112.4,78.2,225.1,,,788.4,718.1,561.8,328.7,799.9,,,14.3,37.3,84.6,13.8,24.0,,,47.0,31.0,41.2,31.8,60.9,,,71.9,224.1,419.2,92.2,133.2,,,,,,,,,,,,,,,,,177.2,429.6,90.5,128.2,69.9,,,362.6,1025.9,811.7,302.5,320.1,,,1536.5,1488.1,2326.5,809.7,732.5,,,185.5,527.7,832.1,425.1,264.0,,,187.9,206.9,167.7,406.3,136.6,,,48.1,130.7,114.9,98.1,60.2,,,,,,,,,,,,,,,,,321.0,773.6,253.1,193.6,496.7,,,434.1,1455.3,1241.9,382.8,429.0,,,1474.8,1411.8,2131.4,483.7,1382.2,,,590.9,1436.3,1595.9,759.4,1179.8,,,118.9,171.3,60.9,297.3,214.5,,,917.6,768.2,1275.5,1455.3,674.2,,,,,,,,,,,,,,,,,2483.9,2872.7,2064.7,1461.8,2664.2,,,2642.9,4028.8,4346.9,1990.1,2601.3,,,2502.7,3630.4,3303.6,768.2,2976.2,,,3176.6,5415.8,4653.0,2051.9,3238.8,,,832.1,992.0,522.7,1143.1,1101.2,,,3371.0,3477.5,3441.3,2502.7,2359.7,,,,,,,,,,,,,,,,,68.8,154.0,303.3,83.9,104.3,,,212.4,1159.1,1966.4,745.7,386.8,,,626.8,1747.9,2376.7,1032.3,1508.5,,,1845.6,3441.3,1990.1,1376.5,2707.9,,,325.8,847.0,672.8,771.8,645.2,,,380.1,573.5,1143.1,1738.7,666.0,,,,,,,,,,,,,,,,,57.8,41.1,37.3,56.9,72.5,,,86.3,98.2,59.4,260.3,73.6,,,47.4,73.6,15.5,115.3,95.0,,,52.7,69.5,42.6,140.2,69.4,,,209.7,462.0,354.4,291.0,402.3,,,135.6,150.3,165.3,94.2,333.0,,,,,,,,,,,,,,,,,195.9,612.9,1069.1,282.1,385.0,,,102.1,253.5,280.2,187.2,153.8,,,917.6,745.7,1474.8,1442.6,792.2,,,2560.9,1668.5,2799.7,2026.7,1694.1,,,415.0,597.4,842.7,1025.9,630.4,,,450.7,367.4,614.0,540.6,682.5,,,,,,,,,,,,,,,,,,,,,,,,,,,,,,,,,,,,,,,,,,,,,,,,,,,,,,,,,,,,,,,,,,,,,,,,,,,,,,,,,,,,,,,,,,,,,,,,,,,,,,,,,,,,,,,,,,,,,,,,,,,,,,,,
20260823_西武園_9R,20260823,26,西武園,9,108.6,209.5,128.7,290.2,118.0,,,72.5,33.0,121.9,83.5,40.8,,,170.7,69.8,237.4,405.9,132.2,,,217.0,285.0,407.5,525.8,272.3,,,540.1,252.1,528.4,817.1,292.9,,,44.0,24.0,64.1,92.2,54.6,,,,,,,,,,,,,,,,,137.7,328.5,187.0,391.4,160.5,,,126.8,93.2,96.6,204.1,180.9,,,335.0,130.3,229.5,516.4,480.6,,,73.6,40.9,117.9,110.2,101.1,,,472.8,286.0,742.8,313.3,607.0,,,221.4,272.8,637.3,295.8,634.8,,,,,,,,,,,,,,,,,75.9,28.2,123.8,101.1,49.4,,,115.2,74.5,118.9,231.9,183.2,,,16.5,22.0,36.9,28.0,34.9,,,253.3,156.5,131.0,428.3,393.9,,,186.5,252.7,68.5,362.1,243.4,,,122.0,269.3,123.9,383.9,361.7,,,,,,,,,,,,,,,,,173.1,91.9,236.5,506.6,148.7,,,198.6,113.8,167.5,473.5,415.4,,,30.8,37.5,63.3,50.0,54.9,,,447.5,206.2,235.5,603.5,673.7,,,653.0,612.8,183.5,659.7,573.1,,,295.3,602.4,212.3,739.3,890.1,,,,,,,,,,,,,,,,,280.7,395.3,575.2,748.0,358.8,,,96.0,52.4,125.7,137.5,129.7,,,371.4,130.7,182.2,354.4,373.1,,,624.8,291.8,229.9,796.6,1062.2,,,1011.6,552.3,709.7,1002.1,1091.3,,,516.4,463.8,575.2,1344.6,1122.1,,,,,,,,,,,,,,,,,445.7,337.5,477.0,823.4,341.5,,,492.5,365.0,560.0,382.1,762.3,,,267.1,285.5,109.9,501.0,479.9,,,637.3,782.9,202.3,880.3,895.1,,,1138.1,450.7,1014.8,965.6,1134.0,,,456.5,1098.8,746.3,1259.5,1167.3,,,,,,,,,,,,,,,,,115.5,84.5,155.3,237.8,142.2,,,291.5,509.8,836.4,632.2,980.5,,,205.7,472.8,304.0,717.7,665.2,,,365.0,823.4,380.2,965.6,942.8,,,570.0,716.1,900.2,1274.7,1180.2,,,447.5,1184.6,921.0,1475.3,1416.3,,,,,,,,,,,,,,,,,,,,,,,,,,,,,,,,,,,,,,,,,,,,,,,,,,,,,,,,,,,,,,,,,,,,,,,,,,,,,,,,,,,,,,,,,,,,,,,,,,,,,,,,,,,,,,,,,,,,,,,,,,,,,,,,
20260823_西武園_10R,20260823,26,西武園,10,188.6,285.5,144.5,150.6,211.4,,,255.4,176.9,326.8,211.7,618.3,,,228.9,156.5,260.2,197.1,812.3,,,91.1,262.7,310.1,70.6,328.7,,,55.6,76.5,103.7,40.1,107.1,,,838.6,1138.7,1645.3,1166.0,666.0,,,,,,,,,,,,,,,,,287.6,443.7,189.6,343.0,353.6,,,265.9,136.1,95.1,403.6,197.0,,,395.8,142.3,146.3,510.2,242.3,,,63.6,34.5,56.8,100.8,19.7,,,543.0,649.3,753.9,455.7,668.3,,,342.1,211.4,324.6,83.1,420.2,,,,,,,,,,,,,,,,,257.8,104.5,289.9,210.4,697.1,,,220.0,88.5,89.9,327.9,254.4,,,45.2,28.9,41.7,70.4,141.5,,,264.8,86.7,98.2,455.2,504.9,,,361.5,528.3,324.9,725.7,1169.5,,,1417.1,874.5,723.0,1252.5,1572.0,,,,,,,,,,,,,,,,,215.2,116.3,180.5,155.1,630.3,,,192.8,76.0,104.8,341.5,144.1,,,48.0,25.7,33.1,59.6,95.0,,,159.8,91.7,76.6,282.8,420.2,,,281.9,461.1,273.6,477.6,1008.5,,,1814.4,638.6,698.3,1145.4,1617.9,,,,,,,,,,,,,,,,,47.1,110.9,144.4,39.0,169.6,,,32.8,31.3,52.6,39.3,10.2,,,154.3,83.4,104.5,228.5,253.4,,,120.7,64.3,54.0,214.2,279.9,,,81.5,114.2,249.3,339.7,228.8,,,493.3,111.3,446.8,684.8,414.8,,,,,,,,,,,,,,,,,125.6,165.1,227.4,120.9,316.7,,,397.0,631.3,739.6,501.0,835.0,,,429.0,717.7,506.2,1078.6,1703.0,,,530.4,942.4,516.3,913.6,2076.4,,,335.6,454.6,1003.3,675.3,1236.6,,,1290.0,2076.4,2367.6,3436.3,2606.0,,,,,,,,,,,,,,,,,2043.6,2473.2,3209.1,2588.6,3318.8,,,1422.3,1087.6,1631.5,389.4,1849.0,,,2834.3,1710.5,2206.2,2284.1,3844.5,,,4362.9,2641.5,2457.6,2659.6,5319.2,,,3033.6,591.9,1991.2,2270.7,2876.3,,,3347.4,2941.6,3663.2,4568.2,3209.1,,,,,,,,,,,,,,,,,,,,,,,,,,,,,,,,,,,,,,,,,,,,,,,,,,,,,,,,,,,,,,,,,,,,,,,,,,,,,,,,,,,,,,,,,,,,,,,,,,,,,,,,,,,,,,,,,,,,,,,,,,,,,,,,
20260823_西武園_11R,20260823,26,西武園,11,241.3,265.0,105.7,424.8,121.2,,,288.2,252.0,254.5,638.5,154.1,,,347.5,299.6,285.9,512.7,239.4,,,56.2,124.1,144.9,269.9,51.6,,,915.8,1145.9,865.3,846.3,302.0,,,53.1,65.3,75.0,38.3,62.4,,,,,,,,,,,,,,,,,312.0,337.8,130.0,503.5,210.0,,,367.4,410.0,179.1,751.8,476.9,,,497.6,526.0,302.0,765.3,715.0,,,40.0,60.2,76.0,84.1,51.4,,,1300.6,1320.9,1385.6,527.3,1804.3,,,240.2,438.9,557.9,148.7,919.7,,,,,,,,,,,,,,,,,278.4,124.0,252.6,349.5,164.0,,,291.0,289.8,174.7,561.6,360.5,,,60.6,149.4,106.5,91.2,106.6,,,197.9,137.1,151.5,713.8,161.7,,,1408.6,1723.6,900.2,2048.3,2152.3,,,114.8,367.4,170.1,212.4,997.6,,,,,,,,,,,,,,,,,507.1,391.8,412.8,883.3,410.4,,,584.8,518.9,446.3,1076.1,965.8,,,221.1,287.8,244.8,232.7,324.4,,,376.9,332.8,304.6,707.8,495.3,,,1892.9,1819.8,1031.6,1612.2,2601.3,,,448.2,997.6,518.9,631.9,1250.7,,,,,,,,,,,,,,,,,29.6,68.7,80.7,139.2,32.3,,,13.6,22.7,32.2,36.5,19.0,,,89.7,72.8,82.7,400.7,90.0,,,152.5,117.2,123.0,310.6,215.5,,,770.9,496.5,1121.7,933.9,813.8,,,32.8,37.8,65.0,141.9,213.0,,,,,,,,,,,,,,,,,2666.7,3117.7,3140.8,2508.9,2152.3,,,2700.7,2174.4,3007.2,1525.2,3890.0,,,3890.0,2494.2,1716.6,3028.6,4116.6,,,3188.0,2986.0,2243.4,2174.4,4711.3,,,2382.1,1472.2,3140.8,2185.6,1827.6,,,2141.5,4463.3,4157.0,4559.3,2099.0,,,,,,,,,,,,,,,,,43.0,50.0,46.5,32.8,42.1,,,118.9,217.1,384.7,93.4,542.9,,,97.5,257.9,162.7,164.4,813.8,,,200.8,604.0,305.4,430.4,766.7,,,51.0,56.7,99.8,217.3,365.8,,,586.4,1759.4,1963.0,2099.0,1142.9,,,,,,,,,,,,,,,,,,,,,,,,,,,,,,,,,,,,,,,,,,,,,,,,,,,,,,,,,,,,,,,,,,,,,,,,,,,,,,,,,,,,,,,,,,,,,,,,,,,,,,,,,,,,,,,,,,,,,,,,,,,,,,,,
20260823_西武園_12R,20260823,26,西武園,12,42.5,40.3,26.6,122.6,60.5,,,60.1,90.4,54.2,102.7,25.1,,,68.4,108.6,59.4,249.0,108.7,,,17.0,20.6,24.0,63.3,39.3,,,220.8,78.2,275.5,196.1,141.3,,,102.6,46.7,128.5,115.9,265.1,,,,,,,,,,,,,,,,,65.0,46.0,31.6,170.5,72.4,,,124.5,117.2,219.4,208.7,54.4,,,50.9,63.2,72.5,171.7,72.1,,,68.7,200.8,131.9,471.9,254.7,,,357.5,192.9,387.2,661.5,258.3,,,160.5,88.5,181.2,395.8,369.0,,,,,,,,,,,,,,,,,198.3,312.9,223.8,349.0,88.9,,,264.6,302.1,573.3,360.8,144.7,,,571.7,414.8,922.5,890.9,212.2,,,471.9,717.6,972.1,1212.8,556.9,,,312.3,316.0,543.7,678.2,62.5,,,68.0,86.9,94.6,228.4,74.2,,,,,,,,,,,,,,,,,125.5,192.7,131.4,514.9,186.7,,,95.6,112.6,136.5,303.2,126.2,,,304.5,236.8,537.0,611.1,119.1,,,211.1,323.9,609.2,1095.1,623.4,,,867.1,651.6,472.2,1368.4,599.8,,,329.6,338.2,183.0,815.3,828.3,,,,,,,,,,,,,,,,,62.9,91.3,82.9,204.2,161.2,,,136.3,445.4,325.6,994.4,610.7,,,397.0,704.0,852.8,1081.4,648.3,,,249.4,464.5,821.3,1378.1,1050.8,,,731.1,1544.9,1420.9,1670.9,1535.8,,,702.7,1266.1,999.5,1622.2,2104.5,,,,,,,,,,,,,,,,,415.2,153.4,623.4,257.4,267.4,,,509.5,364.2,560.9,1115.5,469.0,,,126.7,268.9,284.2,405.5,39.9,,,888.8,637.2,499.4,1370.8,633.5,,,637.7,1289.1,1036.8,1415.7,1052.2,,,364.3,583.7,114.7,615.0,833.6,,,,,,,,,,,,,,,,,396.8,194.0,527.1,431.6,740.8,,,489.1,338.1,592.1,864.2,1169.1,,,122.2,162.9,164.6,372.7,159.2,,,690.3,699.6,424.3,1397.9,1557.3,,,781.7,1313.0,910.7,1544.9,2388.5,,,848.2,1146.7,259.1,1297.7,1685.4,,,,,,,,,,,,,,,,,,,,,,,,,,,,,,,,,,,,,,,,,,,,,,,,,,,,,,,,,,,,,,,,,,,,,,,,,,,,,,,,,,,,,,,,,,,,,,,,,,,,,,,,,,,,,,,,,,,,,,,,,,,,,,,,
20260823_防府_1R,20260823,63,防府,1,868.5,1169.2,442.1,715.2,779.4,,,1558.9,1465.0,2965.8,2294.3,2763.6,,,2481.6,1961.2,2587.2,2895.2,3684.8,,,723.8,3200.0,3117.9,2210.9,921.2,,,664.4,1216.0,1501.2,1192.1,1788.2,,,1105.4,3576.4,2338.4,1158.1,2384.3,,,,,,,,,,,,,,,,,173.2,132.1,90.2,104.1,127.8,,,101.9,34.6,75.9,188.5,122.0,,,124.3,56.7,97.9,158.7,158.1,,,24.9,15.9,20.7,90.6,2.3,,,115.9,579.0,614.1,343.5,608.0,,,175.9,130.4,130.8,25.7,382.3,,,,,,,,,,,,,,,,,2026.6,2251.8,3200.0,3684.8,4053.3,,,1147.1,383.5,364.0,1447.6,810.6,,,907.4,380.0,384.8,827.2,1085.7,,,2432.0,504.5,810.6,3576.4,972.8,,,2895.2,2133.3,1643.2,3800.0,4342.8,,,2965.8,2294.3,2533.3,1579.2,3576.4,,,,,,,,,,,,,,,,,2763.6,2533.3,3200.0,3200.0,3474.3,,,1004.9,462.3,409.4,2096.5,764.7,,,850.3,417.8,389.7,996.7,1030.5,,,2133.3,562.9,608.0,1579.2,887.5,,,2251.8,2294.3,1643.2,1842.4,3684.8,,,4053.3,1621.3,1961.2,1842.4,6755.5,,,,,,,,,,,,,,,,,330.4,1465.0,1280.0,1539.2,547.7,,,60.7,33.0,44.2,140.5,4.6,,,1253.6,212.5,614.1,1539.2,502.4,,,1293.6,264.9,555.2,1307.5,562.9,,,1539.2,764.7,2294.3,1558.9,774.5,,,258.1,23.1,266.0,277.6,496.3,,,,,,,,,,,,,,,,,506.6,1180.5,1447.6,965.0,1558.9,,,764.7,1447.6,1788.2,390.9,2096.5,,,2827.9,2026.6,1228.2,4503.7,4193.1,,,3377.7,2587.2,1814.9,1930.1,6400.0,,,2384.3,623.5,4053.3,2384.3,1158.1,,,3800.0,3200.0,3922.5,7152.9,1688.8,,,,,,,,,,,,,,,,,921.2,2965.8,2384.3,1169.2,2210.9,,,608.0,741.4,601.9,92.4,1993.4,,,3286.5,2384.3,2481.6,1643.2,4676.9,,,3800.0,1558.9,2895.2,1762.3,4342.8,,,805.3,80.2,671.8,723.8,1253.6,,,2895.2,3800.0,2965.8,6080.0,1482.9,,,,,,,,,,,,,,,,,,,,,,,,,,,,,,,,,,,,,,,,,,,,,,,,,,,,,,,,,,,,,,,,,,,,,,,,,,,,,,,,,,,,,,,,,,,,,,,,,,,,,,,,,,,,,,,,,,,,,,,,,,,,,,,,
20260823_防府_2R,20260823,63,防府,2,804.3,1617.7,582.9,451.3,769.9,,,310.3,535.2,344.4,292.6,133.6,,,3199.5,1199.8,1845.9,1755.8,894.2,,,527.4,837.0,1209.9,436.3,648.5,,,194.3,180.2,343.6,175.3,182.0,,,590.0,198.5,409.0,560.2,403.3,,,,,,,,,,,,,,,,,1133.7,1777.5,883.3,899.8,1124.8,,,705.7,531.2,709.2,1066.5,344.4,,,1822.5,761.8,1142.7,2999.5,857.0,,,862.1,947.2,1116.1,1599.7,727.1,,,917.0,1189.9,1894.4,2215.0,1714.0,,,679.1,326.4,392.3,795.4,1972.3,,,,,,,,,,,,,,,,,126.1,170.5,164.5,89.5,58.9,,,293.2,384.9,461.4,467.4,249.9,,,236.8,290.2,228.5,325.7,41.0,,,648.5,742.1,547.4,1043.3,380.9,,,85.3,372.0,194.3,419.7,131.4,,,17.1,57.8,5.6,61.0,49.1,,,,,,,,,,,,,,,,,3511.7,1058.6,1799.7,2027.8,851.9,,,2879.6,934.9,1439.8,3599.5,1170.5,,,537.2,543.3,360.8,541.2,75.2,,,2148.9,1945.6,917.0,2399.6,1133.7,,,1845.9,4499.3,1021.1,2181.5,1734.7,,,414.9,440.3,40.6,393.3,620.6,,,,,,,,,,,,,,,,,1133.7,1693.8,1919.7,1189.9,1297.1,,,716.3,769.9,1285.5,2056.8,947.2,,,1654.9,1674.1,1320.9,2666.3,1124.8,,,2999.5,2999.5,2027.8,1894.4,2768.8,,,1582.2,2879.6,2399.6,2215.0,1822.5,,,1013.9,1043.3,1107.5,1654.9,1822.5,,,,,,,,,,,,,,,,,264.6,122.2,157.5,148.4,132.9,,,1043.3,1320.9,2181.5,1869.8,2148.9,,,134.5,749.8,225.3,597.4,145.4,,,791.1,2716.6,499.9,922.9,769.9,,,966.3,1777.5,1469.1,1599.7,1469.1,,,365.4,1082.5,169.3,176.0,959.8,,,,,,,,,,,,,,,,,394.4,100.6,200.5,392.3,290.2,,,470.5,192.4,322.8,637.0,1297.1,,,18.4,37.7,3.3,47.9,36.6,,,92.3,114.7,10.0,103.5,211.4,,,427.2,818.0,252.1,325.7,1439.8,,,304.3,883.3,156.6,206.5,786.7,,,,,,,,,,,,,,,,,,,,,,,,,,,,,,,,,,,,,,,,,,,,,,,,,,,,,,,,,,,,,,,,,,,,,,,,,,,,,,,,,,,,,,,,,,,,,,,,,,,,,,,,,,,,,,,,,,,,,,,,,,,,,,,,
20260823_防府_3R,20260823,63,防府,3,1471.6,911.0,861.7,2943.3,1427.7,,,703.3,236.7,130.1,661.9,97.0,,,308.0,236.4,59.0,332.1,223.7,,,147.2,44.6,27.9,13.0,45.2,,,2452.7,1406.7,1099.5,229.1,1292.6,,,703.3,108.5,195.4,87.1,664.2,,,,,,,,,,,,,,,,,3036.7,1518.3,1875.6,4666.2,2224.6,,,3188.6,1275.4,1542.8,2517.3,1449.3,,,671.2,511.5,193.6,915.3,623.1,,,1635.1,1693.0,271.3,2391.4,2057.1,,,5170.7,3478.4,3136.3,4251.4,4348.1,,,2174.0,1406.7,1180.9,1992.8,4555.1,,,,,,,,,,,,,,,,,768.3,215.9,122.7,793.8,80.9,,,1301.4,594.1,803.8,1506.4,447.0,,,239.7,178.4,138.5,603.5,58.3,,,100.6,458.7,157.5,362.3,64.8,,,2079.5,2174.0,1755.1,1376.3,850.2,,,29.9,102.1,24.0,19.4,177.9,,,,,,,,,,,,,,,,,170.2,172.8,39.4,401.0,196.2,,,83.7,84.5,40.2,228.8,105.9,,,222.7,183.6,158.1,646.3,95.6,,,40.9,61.7,128.9,103.3,181.6,,,937.8,898.2,1396.4,503.4,1952.2,,,171.1,197.0,75.2,122.6,814.1,,,,,,,,,,,,,,,,,110.0,52.4,36.4,18.5,62.9,,,527.0,846.5,191.7,756.1,1118.8,,,114.9,561.0,258.8,379.5,116.8,,,62.8,105.4,208.6,118.2,273.3,,,82.9,535.9,308.0,224.5,315.7,,,120.0,633.4,109.8,299.8,282.5,,,,,,,,,,,,,,,,,4348.1,3242.6,3136.3,690.6,2224.6,,,6377.2,3242.6,3826.3,4555.1,5978.6,,,4251.4,3242.6,2620.7,3298.5,2452.7,,,3298.5,2657.1,3085.7,1310.3,3751.3,,,428.9,2484.6,1839.5,902.4,1188.3,,,2943.3,5034.6,2224.6,3751.3,1594.3,,,,,,,,,,,,,,,,,491.8,74.3,135.8,51.8,521.2,,,803.8,546.6,576.2,956.5,1894.2,,,26.0,102.1,22.4,16.8,155.2,,,144.2,259.5,70.7,127.2,708.5,,,74.7,500.8,73.5,182.9,202.4,,,1210.8,2733.0,850.2,1723.5,489.3,,,,,,,,,,,,,,,,,,,,,,,,,,,,,,,,,,,,,,,,,,,,,,,,,,,,,,,,,,,,,,,,,,,,,,,,,,,,,,,,,,,,,,,,,,,,,,,,,,,,,,,,,,,,,,,,,,,,,,,,,,,,,,,,
20260823_防府_4R,20260823,63,防府,4,2116.8,1715.7,1314.5,4657.1,452.7,,,2116.8,3326.5,1895.3,1873.5,1369.7,,,2328.5,4179.4,2716.6,7086.9,2263.8,,,567.9,1051.6,1273.4,1752.6,545.1,,,5433.3,4074.9,8578.9,4289.4,4527.7,,,410.5,947.6,1198.5,765.2,2037.4,,,,,,,,,,,,,,,,,853.4,626.9,779.9,1680.4,207.9,,,545.1,329.9,751.1,529.2,109.3,,,282.9,278.1,455.3,603.7,36.7,,,305.2,783.6,352.8,1852.2,180.3,,,3975.6,1442.4,1895.3,6037.0,806.9,,,29.6,21.2,4.0,36.8,77.4,,,,,,,,,,,,,,,,,1314.5,2089.7,1325.2,1293.6,1051.6,,,751.1,428.9,1101.3,480.8,152.0,,,2810.3,885.8,3134.6,1225.5,931.4,,,1417.3,1811.1,2672.1,1987.8,1393.1,,,964.4,446.5,806.9,1216.4,444.1,,,556.3,152.1,498.4,597.0,406.4,,,,,,,,,,,,,,,,,2762.7,3790.6,3326.5,5433.3,1940.4,,,942.1,1018.7,1523.3,2202.6,144.7,,,3018.5,1811.1,4289.4,2144.7,1537.7,,,3543.4,4074.9,4794.1,2328.5,3259.9,,,8149.9,4179.4,2587.2,3468.0,5620.6,,,1181.1,190.4,1156.0,1831.4,2587.2,,,,,,,,,,,,,,,,,348.2,802.9,708.6,1244.2,297.4,,,364.6,1358.3,406.4,3196.0,237.2,,,1895.3,2397.0,3622.2,2546.8,1523.3,,,2910.7,3259.9,4074.9,2629.0,3395.8,,,5093.7,6519.9,5620.6,3259.9,2362.3,,,332.6,296.3,1086.6,1025.1,1369.7,,,,,,,,,,,,,,,,,6791.6,3622.2,8578.9,8149.9,4939.3,,,7086.9,1873.5,3790.6,9588.2,1852.2,,,2432.8,1263.5,1629.9,3326.5,1244.2,,,9999.9,5093.7,2397.0,2762.7,6791.6,,,7086.9,9055.5,6037.0,3790.6,2963.6,,,4405.3,1963.8,1734.0,4657.1,2202.6,,,,,,,,,,,,,,,,,73.9,146.0,156.8,117.7,405.4,,,16.7,14.7,2.4,22.1,62.0,,,136.5,64.7,148.9,202.9,129.5,,,241.8,44.6,211.6,438.1,740.9,,,99.4,121.7,305.2,369.6,615.0,,,827.4,520.7,478.0,1468.4,1006.1,,,,,,,,,,,,,,,,,,,,,,,,,,,,,,,,,,,,,,,,,,,,,,,,,,,,,,,,,,,,,,,,,,,,,,,,,,,,,,,,,,,,,,,,,,,,,,,,,,,,,,,,,,,,,,,,,,,,,,,,,,,,,,,,
20260823_防府_5R,20260823,63,防府,5,426.7,264.1,201.9,312.5,647.8,,,346.5,193.4,173.1,131.7,138.8,,,134.9,129.4,69.4,77.3,209.2,,,77.9,143.8,63.7,91.1,238.9,,,112.7,54.2,62.4,72.4,190.0,,,740.4,160.6,358.4,381.5,383.3,,,,,,,,,,,,,,,,,756.1,483.0,313.7,710.8,1091.1,,,821.0,693.0,364.7,1309.4,802.5,,,427.4,579.9,183.7,767.8,721.1,,,110.6,115.9,72.0,255.1,167.1,,,1077.0,1574.6,1295.7,767.8,2108.3,,,1130.8,840.5,1011.3,518.3,2090.6,,,,,,,,,,,,,,,,,569.3,287.6,286.6,320.1,170.2,,,760.8,603.8,412.5,1243.9,585.3,,,238.3,426.7,148.9,561.5,119.4,,,267.5,190.7,162.3,644.5,142.7,,,357.9,1438.0,888.5,744.8,439.5,,,70.1,173.4,62.0,59.5,150.7,,,,,,,,,,,,,,,,,76.6,101.5,44.2,70.1,153.0,,,128.5,226.5,76.5,261.6,417.4,,,153.9,253.0,124.6,395.5,108.2,,,47.1,37.5,89.6,125.2,174.7,,,142.7,495.5,336.2,325.2,618.8,,,295.8,497.5,109.8,279.2,588.1,,,,,,,,,,,,,,,,,47.4,86.8,42.5,96.8,169.4,,,24.6,27.3,17.7,108.8,50.4,,,114.8,75.0,73.4,323.9,84.0,,,55.3,43.1,66.6,184.1,149.7,,,157.0,350.9,307.9,366.9,458.1,,,257.0,138.5,92.4,205.1,386.3,,,,,,,,,,,,,,,,,280.7,73.1,94.2,93.0,229.0,,,968.0,1282.4,1120.6,826.5,2182.3,,,250.2,1397.6,731.7,579.9,444.2,,,327.7,1007.2,642.8,687.2,1190.3,,,251.5,420.9,460.7,606.8,782.3,,,521.5,1974.5,331.7,1231.6,866.8,,,,,,,,,,,,,,,,,696.8,117.6,370.2,405.8,401.9,,,840.5,505.6,725.3,434.9,1507.8,,,41.9,112.9,38.6,35.9,104.4,,,402.5,698.8,127.7,376.9,975.6,,,330.3,186.7,87.0,302.2,544.3,,,341.2,1764.4,289.9,953.2,554.0,,,,,,,,,,,,,,,,,,,,,,,,,,,,,,,,,,,,,,,,,,,,,,,,,,,,,,,,,,,,,,,,,,,,,,,,,,,,,,,,,,,,,,,,,,,,,,,,,,,,,,,,,,,,,,,,,,,,,,,,,,,,,,,,
20260823_防府_6R,20260823,63,防府,6,150.7,199.9,63.3,751.7,58.2,,,551.8,1179.0,833.0,1876.2,563.3,,,249.7,705.1,241.0,942.1,73.8,,,54.8,277.6,191.1,653.8,42.0,,,1997.8,2538.3,1876.2,1813.1,829.8,,,18.3,98.1,6.7,18.9,132.3,,,,,,,,,,,,,,,,,211.5,414.9,93.7,976.3,136.3,,,226.1,431.5,91.4,604.3,160.4,,,877.0,1276.7,958.9,2201.6,796.1,,,61.0,41.1,210.2,303.4,54.9,,,2074.6,1552.2,2697.0,1798.0,2054.8,,,137.2,324.4,247.4,123.4,1047.3,,,,,,,,,,,,,,,,,1586.4,2663.7,1979.4,3720.0,1365.5,,,906.5,1141.6,428.1,1284.3,790.3,,,3922.9,3596.0,4590.7,2451.8,1892.6,,,1383.0,632.7,1563.5,3127.0,1106.4,,,5831.4,2663.7,3082.3,6960.0,5394.0,,,1448.0,1783.1,1712.4,1519.4,3537.0,,,,,,,,,,,,,,,,,744.0,2568.6,1284.3,3220.3,237.6,,,884.2,3319.4,1685.6,4230.6,989.7,,,3852.9,4149.2,5532.3,2838.9,2295.3,,,1598.2,2201.6,5017.7,2424.3,1519.4,,,5137.2,3172.9,2876.8,3319.4,4149.2,,,211.1,716.8,1698.9,1129.6,2320.0,,,,,,,,,,,,,,,,,62.3,228.8,230.2,744.0,43.2,,,37.4,31.6,152.5,260.5,27.6,,,684.9,329.9,1247.1,2035.5,716.8,,,698.2,808.1,1348.5,1428.8,578.4,,,2201.6,1754.1,2996.7,1997.8,1112.1,,,37.5,52.3,246.5,105.8,329.9,,,,,,,,,,,,,,,,,3319.4,3319.4,3537.0,3537.0,1073.4,,,4495.0,1844.1,3720.0,2731.1,3596.0,,,5017.7,2538.3,2247.5,8630.5,5831.4,,,4495.0,3220.3,2451.8,2508.8,3082.3,,,3220.3,2508.8,6742.5,2371.0,1698.9,,,1027.4,2663.7,4071.0,1530.2,1712.4,,,,,,,,,,,,,,,,,14.0,76.1,6.2,16.8,83.1,,,49.3,238.9,125.7,113.3,494.8,,,471.0,661.8,749.1,895.2,1340.1,,,27.5,117.7,375.2,136.6,319.1,,,33.4,57.7,322.9,92.2,310.8,,,620.0,1586.4,2295.3,1037.3,1106.4,,,,,,,,,,,,,,,,,,,,,,,,,,,,,,,,,,,,,,,,,,,,,,,,,,,,,,,,,,,,,,,,,,,,,,,,,,,,,,,,,,,,,,,,,,,,,,,,,,,,,,,,,,,,,,,,,,,,,,,,,,,,,,,,
20260823_防府_7R,20260823,63,防府,7,67.1,60.5,17.7,110.2,24.0,,,127.0,178.2,132.2,80.4,91.3,,,87.7,136.7,93.4,177.7,26.9,,,36.6,99.7,96.2,160.1,54.6,,,223.5,49.7,183.5,295.1,78.9,,,12.4,31.3,4.1,19.1,32.6,,,,,,,,,,,,,,,,,168.8,132.2,39.6,242.1,54.4,,,606.3,1637.8,342.8,532.3,810.4,,,374.3,1672.7,536.0,1709.0,582.3,,,34.4,92.0,111.2,188.6,50.4,,,683.6,435.9,1684.6,447.5,1076.9,,,100.1,620.6,241.1,138.8,958.7,,,,,,,,,,,,,,,,,783.5,791.4,656.9,436.7,420.4,,,1072.0,2358.5,639.1,799.4,1593.5,,,1886.8,3628.4,3418.1,1593.5,1902.0,,,1096.9,695.7,1696.7,1012.2,1379.2,,,293.7,321.7,517.2,478.3,340.8,,,796.7,1684.6,1228.3,1511.8,995.1,,,,,,,,,,,,,,,,,480.3,794.1,549.7,947.1,181.4,,,791.4,2948.1,1254.5,3930.8,1429.4,,,2289.8,4535.5,3468.3,2289.8,2482.6,,,1295.8,1828.3,3369.3,2406.6,2204.2,,,2144.1,4450.0,2509.0,3468.3,2985.4,,,223.1,1012.2,1420.7,1048.2,2105.8,,,,,,,,,,,,,,,,,120.3,378.5,340.3,583.7,198.1,,,80.7,175.0,245.9,318.2,119.7,,,704.0,614.1,1123.1,816.0,870.2,,,770.7,1021.0,1902.0,1734.1,1096.9,,,1062.3,1029.9,935.9,1615.4,970.5,,,320.8,350.9,810.4,611.0,833.3,,,,,,,,,,,,,,,,,521.7,162.2,597.0,845.3,178.6,,,890.0,416.6,2105.8,465.1,1048.2,,,145.1,207.9,267.4,256.0,205.4,,,1734.1,2985.4,1117.7,2774.7,1696.7,,,1615.4,824.6,796.7,2620.5,1582.8,,,428.0,1521.6,693.6,917.7,1721.5,,,,,,,,,,,,,,,,,57.0,120.0,23.4,80.0,160.2,,,142.8,978.6,415.9,319.1,1551.6,,,538.4,1965.4,1091.9,1438.1,1593.5,,,100.9,530.0,765.7,566.9,1185.1,,,291.1,417.4,1102.1,662.5,1247.8,,,737.0,1949.1,1615.4,1363.3,1325.0,,,,,,,,,,,,,,,,,,,,,,,,,,,,,,,,,,,,,,,,,,,,,,,,,,,,,,,,,,,,,,,,,,,,,,,,,,,,,,,,,,,,,,,,,,,,,,,,,,,,,,,,,,,,,,,,,,,,,,,,,,,,,,,,
20260823_防府_8R,20260823,63,防府,8,869.3,593.0,1093.5,2477.3,260.6,,,1196.3,2089.1,1290.0,3010.1,1333.0,,,750.5,1971.4,1944.0,3110.4,1110.8,,,1829.6,1676.2,2717.8,2691.7,2257.5,,,7565.9,4515.1,4744.7,4178.2,5956.1,,,387.7,1302.0,1080.8,1794.4,3999.1,,,,,,,,,,,,,,,,,279.1,101.7,274.7,627.6,50.5,,,249.5,275.5,185.7,577.1,113.3,,,109.4,401.6,388.8,853.4,100.1,,,541.4,319.2,554.3,752.5,267.6,,,1829.6,1572.6,1806.0,1696.6,1040.6,,,16.7,46.3,54.4,55.5,189.6,,,,,,,,,,,,,,,,,471.2,795.2,506.2,1186.1,528.1,,,132.7,138.6,75.6,249.0,58.8,,,337.6,200.6,76.3,232.3,165.2,,,87.9,24.6,27.8,12.3,27.2,,,742.5,361.2,298.4,84.1,290.6,,,161.1,26.0,129.0,51.2,122.5,,,,,,,,,,,,,,,,,330.8,989.1,752.5,1110.8,574.8,,,115.8,322.5,274.9,499.0,103.7,,,435.3,252.1,125.8,298.4,168.3,,,524.2,348.1,159.5,251.0,456.6,,,1272.4,1156.7,698.1,584.4,1176.2,,,299.0,62.7,212.7,381.9,436.7,,,,,,,,,,,,,,,,,1302.0,823.3,1608.8,2043.3,1696.6,,,637.6,220.0,540.4,528.1,313.1,,,146.4,58.3,58.3,34.9,70.9,,,856.0,534.2,201.3,421.5,637.6,,,1206.6,624.8,164.8,407.4,660.2,,,923.8,282.1,193.9,590.5,609.8,,,,,,,,,,,,,,,,,4826.5,3999.1,3413.9,3293.4,4911.2,,,4306.7,1728.0,2313.5,2257.5,2275.9,,,1728.0,1017.9,742.5,315.9,1233.2,,,2978.0,1944.0,1072.5,1017.9,2153.3,,,2257.5,1296.0,340.5,823.3,1249.7,,,3372.7,2136.9,2332.8,2434.2,1513.1,,,,,,,,,,,,,,,,,112.4,471.2,409.2,642.0,692.9,,,6.8,24.1,34.1,31.3,51.3,,,133.6,34.8,126.4,53.3,158.9,,,295.6,71.7,213.0,327.7,428.0,,,369.8,123.8,98.6,291.9,260.6,,,1076.6,373.2,654.0,933.1,634.7,,,,,,,,,,,,,,,,,,,,,,,,,,,,,,,,,,,,,,,,,,,,,,,,,,,,,,,,,,,,,,,,,,,,,,,,,,,,,,,,,,,,,,,,,,,,,,,,,,,,,,,,,,,,,,,,,,,,,,,,,,,,,,,,
20260823_防府_9R,20260823,63,防府,9,1177.4,524.4,867.1,1058.1,2144.6,,,620.6,115.9,97.2,698.2,364.4,,,28.4,44.5,16.9,125.2,195.1,,,239.4,44.2,20.1,177.6,171.9,,,2203.6,1334.4,762.5,1039.8,2760.9,,,2401.9,1380.4,1154.8,1133.0,1937.0,,,,,,,,,,,,,,,,,2698.8,1133.0,2035.5,2859.5,4141.3,,,4448.1,2378.2,1305.4,2760.9,4709.7,,,702.3,1284.4,1183.2,1160.3,2070.6,,,1753.2,1231.7,1473.6,1779.2,2070.6,,,3937.6,2354.8,2088.6,2476.2,4003.3,,,3202.6,3937.6,2929.2,2793.0,3336.0,,,,,,,,,,,,,,,,,725.6,149.1,79.0,670.9,298.3,,,1510.6,899.6,462.8,848.7,1319.7,,,194.1,431.2,94.2,466.4,268.6,,,22.6,92.5,17.1,66.2,11.2,,,1183.2,1529.9,1122.4,447.2,1009.2,,,362.2,702.3,232.9,69.4,374.7,,,,,,,,,,,,,,,,,39.0,74.0,40.6,160.8,312.3,,,124.4,348.1,270.7,285.9,784.9,,,210.1,442.3,172.6,654.4,517.6,,,96.5,241.8,123.7,392.4,548.3,,,906.4,972.4,1404.6,1133.0,2502.0,,,1200.9,2035.5,1166.0,1559.7,2793.0,,,,,,,,,,,,,,,,,127.3,36.5,16.1,130.7,145.1,,,359.5,280.9,252.8,409.1,574.6,,,14.8,53.2,8.6,48.9,8.3,,,33.7,64.7,36.5,141.7,159.3,,,432.7,739.0,317.7,394.4,571.9,,,384.9,553.4,127.7,368.9,403.0,,,,,,,,,,,,,,,,,3119.4,2266.0,1766.1,1656.5,5459.0,,,3040.4,2224.0,1876.5,2639.5,4619.2,,,1740.5,2163.9,1539.7,721.3,2035.5,,,1491.9,1251.0,1529.9,1305.4,2698.8,,,1035.3,1833.5,588.7,1096.7,1559.7,,,4619.2,4003.3,3383.0,4071.1,2018.4,,,,,,,,,,,,,,,,,2825.8,1891.3,2070.6,1906.3,3874.1,,,2332.0,3160.5,2476.2,3040.4,3695.3,,,1703.5,2183.6,1270.8,346.6,1728.0,,,2698.8,2668.8,1806.0,2088.6,3639.3,,,1728.0,2107.0,411.2,1634.0,1501.2,,,5459.0,4709.7,3336.0,4803.9,2332.0,,,,,,,,,,,,,,,,,,,,,,,,,,,,,,,,,,,,,,,,,,,,,,,,,,,,,,,,,,,,,,,,,,,,,,,,,,,,,,,,,,,,,,,,,,,,,,,,,,,,,,,,,,,,,,,,,,,,,,,,,,,,,,,,
20260823_防府_10R,20260823,63,防府,10,355.0,419.6,90.6,956.5,459.5,,,355.0,515.1,57.0,766.3,101.6,,,732.2,956.5,320.0,1192.1,884.5,,,5.3,12.7,38.3,67.9,16.7,,,2570.6,1913.0,1801.3,689.3,2091.3,,,457.8,193.7,470.9,162.3,839.3,,,,,,,,,,,,,,,,,1036.8,979.2,150.4,2395.9,1333.9,,,1656.2,3980.3,1028.2,2937.8,2570.6,,,1298.8,4113.0,1418.2,3163.8,1486.6,,,87.9,652.8,536.4,1252.6,609.3,,,7258.2,3629.1,4656.2,4329.4,7258.2,,,2006.3,2395.9,1634.3,1418.2,5250.6,,,,,,,,,,,,,,,,,548.4,934.7,80.9,1460.2,200.9,,,1015.5,2183.8,768.7,2350.2,1272.0,,,1532.7,2073.7,1278.6,1477.7,833.7,,,94.7,249.2,620.0,1142.5,200.1,,,3084.7,2973.2,2164.7,3475.7,1841.6,,,159.0,432.1,206.6,99.5,367.7,,,,,,,,,,,,,,,,,1592.1,2518.1,627.9,2350.2,1701.9,,,1701.9,3380.5,1775.3,3917.1,1451.6,,,2518.1,3525.4,1645.2,2306.3,1265.5,,,513.0,1147.8,1801.3,1265.5,1561.8,,,2145.9,2682.3,2223.2,1571.8,2597.6,,,2056.5,1426.4,1240.1,1943.1,2443.3,,,,,,,,,,,,,,,,,2.6,13.8,26.5,62.1,16.6,,,17.2,127.0,153.4,313.9,132.1,,,71.1,184.8,415.4,828.1,172.5,,,223.3,519.5,732.2,701.0,750.0,,,536.4,1298.8,2203.3,1147.8,1486.6,,,134.0,276.6,251.5,448.6,806.4,,,,,,,,,,,,,,,,,7258.2,4656.2,5036.3,1656.2,7711.8,,,2973.2,3739.0,3629.1,7050.8,7711.8,,,4838.8,3917.1,2973.2,6855.0,3427.5,,,2544.1,2869.5,2973.2,1990.1,3163.8,,,1341.1,5036.3,6494.2,2328.1,3123.7,,,6669.7,8509.6,4254.8,4182.7,3855.9,,,,,,,,,,,,,,,,,1443.1,583.4,1068.3,377.3,2395.9,,,1913.0,1725.7,1233.9,1418.2,4486.9,,,257.5,727.9,233.6,186.9,407.9,,,1504.7,1106.6,623.1,1158.5,1215.6,,,352.5,741.0,386.8,967.7,1486.6,,,3855.9,5484.0,1418.2,2243.4,2419.4,,,,,,,,,,,,,,,,,,,,,,,,,,,,,,,,,,,,,,,,,,,,,,,,,,,,,,,,,,,,,,,,,,,,,,,,,,,,,,,,,,,,,,,,,,,,,,,,,,,,,,,,,,,,,,,,,,,,,,,,,,,,,,,,
20260823_防府_11R,20260823,63,防府,11,327.2,52.0,145.4,307.3,192.1,,,1097.3,300.0,1495.6,930.4,764.8,,,14.2,36.9,34.5,9.4,21.9,,,265.3,1062.7,204.1,698.6,817.4,,,508.6,538.4,76.7,779.6,517.7,,,308.7,361.8,93.3,501.0,463.1,,,,,,,,,,,,,,,,,234.2,47.7,108.9,253.9,146.8,,,862.8,485.3,380.9,1484.6,710.9,,,40.3,144.4,60.9,243.5,101.6,,,80.7,55.9,52.9,378.1,81.3,,,1254.1,2081.6,1246.4,1887.0,2320.8,,,189.7,304.5,192.6,180.6,1128.0,,,,,,,,,,,,,,,,,1904.8,855.5,2243.5,2462.4,1261.9,,,2148.0,1187.7,1421.9,2926.3,2103.3,,,897.4,1223.7,2218.8,2432.7,1238.7,,,2969.3,1923.0,3205.0,6309.9,1442.2,,,4924.8,3481.3,3365.2,7211.3,6118.7,,,855.5,1246.4,776.6,1035.4,2969.3,,,,,,,,,,,,,,,,,8.9,33.0,29.2,6.0,16.8,,,27.2,103.2,34.0,139.0,62.0,,,236.9,327.2,459.9,465.2,320.5,,,192.1,154.1,396.6,615.6,345.7,,,149.7,493.6,367.7,728.9,636.9,,,62.4,108.8,153.5,201.3,373.9,,,,,,,,,,,,,,,,,713.4,1802.8,773.6,1311.1,1463.1,,,267.0,219.4,233.9,1223.7,248.0,,,2926.3,1121.7,2492.8,4589.0,1421.9,,,776.6,623.2,1668.7,1346.1,1402.2,,,5313.6,4206.6,7211.3,2243.5,2765.9,,,956.9,773.6,753.4,897.4,2171.1,,,,,,,,,,,,,,,,,2148.0,2148.0,524.4,3422.3,2492.8,,,2375.4,2728.6,2294.5,4487.0,5608.8,,,4038.3,3422.3,2692.2,8076.6,6962.6,,,645.1,1923.0,1999.1,1979.5,3205.0,,,4924.8,6118.7,7211.3,2492.8,2804.4,,,4389.5,5177.3,6309.9,4487.0,3154.9,,,,,,,,,,,,,,,,,233.1,201.9,65.3,359.2,294.3,,,245.0,274.3,173.9,186.0,1173.9,,,280.0,469.5,309.6,507.3,1068.3,,,69.3,169.3,165.3,332.6,468.4,,,617.4,488.9,492.4,625.1,1711.1,,,1495.6,3205.0,2555.9,1641.6,2268.7,,,,,,,,,,,,,,,,,,,,,,,,,,,,,,,,,,,,,,,,,,,,,,,,,,,,,,,,,,,,,,,,,,,,,,,,,,,,,,,,,,,,,,,,,,,,,,,,,,,,,,,,,,,,,,,,,,,,,,,,,,,,,,,,
20260823_防府_12R,20260823,63,防府,12,845.5,334.5,269.6,510.8,766.2,,,900.3,287.0,354.7,483.5,379.6,,,131.5,125.4,39.9,40.4,123.9,,,86.6,173.6,51.4,89.1,215.8,,,304.9,363.7,103.6,148.4,355.0,,,1105.6,596.3,393.2,552.1,652.3,,,,,,,,,,,,,,,,,1494.0,689.0,358.1,1255.5,1437.4,,,2115.9,1920.9,587.1,2541.7,1362.2,,,883.1,1903.4,606.7,1975.5,1634.6,,,96.5,166.9,179.0,300.7,177.9,,,2277.8,3065.0,2724.4,1504.8,3624.7,,,1812.3,1609.4,2053.4,747.0,3334.7,,,,,,,,,,,,,,,,,1145.1,436.0,442.9,684.4,351.1,,,1462.6,1789.0,606.7,2193.9,1047.3,,,343.6,1417.8,427.9,1336.0,283.1,,,279.3,191.3,382.0,713.7,114.1,,,1555.3,2621.6,2105.2,1736.8,1504.8,,,134.9,237.5,222.6,89.9,363.4,,,,,,,,,,,,,,,,,81.3,66.4,23.8,19.4,61.2,,,356.2,920.1,279.9,904.2,820.5,,,170.1,697.0,216.9,538.5,144.3,,,35.8,59.4,152.3,164.4,149.4,,,132.4,635.4,660.6,324.9,519.7,,,230.4,689.0,254.3,306.2,689.0,,,,,,,,,,,,,,,,,17.4,53.2,15.6,30.9,64.5,,,7.5,21.7,21.3,46.7,22.9,,,92.3,65.9,116.0,266.1,45.4,,,21.9,38.2,88.9,107.6,95.2,,,153.9,227.2,461.1,261.0,341.9,,,122.7,87.1,75.2,166.9,263.8,,,,,,,,,,,,,,,,,985.4,1120.5,450.1,535.7,1102.7,,,2409.5,3334.7,3110.7,2977.4,4342.1,,,2368.4,3824.2,3361.6,3231.3,3755.3,,,535.7,1860.9,2148.6,1102.7,1836.3,,,704.1,1634.6,2265.4,1105.6,1667.3,,,3157.9,5276.5,3824.2,3282.2,2229.1,,,,,,,,,,,,,,,,,1584.9,800.0,940.9,823.8,1483.4,,,1975.5,1549.6,2253.2,926.3,3824.2,,,309.4,534.4,505.8,216.0,857.7,,,872.0,2033.4,859.4,985.4,2063.5,,,589.5,474.2,311.5,786.5,1142.0,,,2621.6,4736.8,2452.0,3134.1,1877.6,,,,,,,,,,,,,,,,,,,,,,,,,,,,,,,,,,,,,,,,,,,,,,,,,,,,,,,,,,,,,,,,,,,,,,,,,,,,,,,,,,,,,,,,,,,,,,,,,,,,,,,,,,,,,,,,,,,,,,,,,,,,,,,,
20260823_立川_1R,20260823,28,立川,1,176.6,66.1,148.2,513.3,57.4,,,333.0,296.8,368.0,379.3,134.8,,,126.6,344.8,112.3,700.3,107.3,,,302.1,539.7,169.0,886.7,162.5,,,1313.0,754.4,961.7,1230.2,612.3,,,32.6,43.0,25.4,36.5,114.5,,,,,,,,,,,,,,,,,113.2,34.0,83.2,479.1,29.0,,,173.7,102.6,323.6,300.1,203.8,,,13.0,51.8,8.6,139.4,20.8,,,139.7,287.4,39.4,653.4,194.5,,,935.3,632.2,482.5,968.5,1288.3,,,41.4,173.7,61.8,124.7,767.1,,,,,,,,,,,,,,,,,310.3,256.2,367.1,304.8,183.0,,,244.2,114.5,338.8,277.5,288.1,,,286.2,177.1,180.8,263.6,458.2,,,798.6,734.2,452.1,1042.4,1300.5,,,253.3,288.7,202.9,398.1,318.3,,,180.8,406.4,360.3,738.1,357.4,,,,,,,,,,,,,,,,,127.9,513.3,230.2,1092.4,226.8,,,31.7,86.4,16.8,267.7,45.5,,,604.2,260.1,384.6,789.3,758.6,,,227.6,58.5,371.0,644.1,315.3,,,1325.8,886.7,1147.5,996.7,2968.7,,,271.4,197.0,656.5,319.0,1950.8,,,,,,,,,,,,,,,,,596.3,1437.4,503.9,3034.7,638.1,,,469.2,886.7,126.5,1750.7,672.7,,,1422.5,1325.8,1042.4,2482.9,2069.1,,,377.2,115.7,676.0,1034.5,593.7,,,4877.1,4016.5,2968.7,2008.2,2133.7,,,703.9,1066.8,2133.7,812.8,2069.1,,,,,,,,,,,,,,,,,2438.5,1437.4,2314.6,3330.7,1665.3,,,1773.5,881.0,1313.0,2395.8,2528.9,,,858.8,780.3,604.2,1569.6,1119.3,,,2276.0,1379.4,1092.4,1219.2,2528.9,,,3330.7,4267.5,3593.7,1923.4,2314.6,,,1820.8,2395.8,1773.5,3501.5,2038.2,,,,,,,,,,,,,,,,,31.7,47.6,25.0,38.8,97.6,,,70.3,263.1,59.1,169.4,676.0,,,142.1,407.6,345.7,666.1,322.0,,,139.0,146.5,494.7,135.8,1138.0,,,227.6,418.9,1050.4,274.2,1264.4,,,722.5,1750.7,798.6,1393.4,1517.3,,,,,,,,,,,,,,,,,,,,,,,,,,,,,,,,,,,,,,,,,,,,,,,,,,,,,,,,,,,,,,,,,,,,,,,,,,,,,,,,,,,,,,,,,,,,,,,,,,,,,,,,,,,,,,,,,,,,,,,,,,,,,,,,
20260823_立川_2R,20260823,28,立川,2,50.8,169.2,40.8,588.1,68.3,,,53.4,116.2,42.6,671.7,119.3,,,505.0,345.5,439.6,2134.3,675.1,,,36.8,44.8,185.8,438.1,73.2,,,2134.3,2281.5,4563.0,1225.2,1975.0,,,151.9,191.2,633.1,137.6,1225.2,,,,,,,,,,,,,,,,,43.4,158.4,34.1,531.4,70.8,,,40.2,77.9,62.9,497.4,53.7,,,390.3,182.0,598.7,1310.1,251.5,,,69.3,130.5,533.5,1284.7,123.2,,,1975.0,1041.9,2815.4,2205.4,832.2,,,52.3,60.0,162.5,93.7,379.1,,,,,,,,,,,,,,,,,23.9,69.7,20.8,343.7,56.4,,,23.3,61.5,45.5,366.5,39.3,,,67.3,54.2,79.3,379.1,112.6,,,23.9,56.8,100.6,551.3,68.0,,,1503.7,864.8,1010.1,1336.6,1192.1,,,56.0,46.4,108.3,62.2,436.7,,,,,,,,,,,,,,,,,951.9,533.5,787.6,3150.6,1010.1,,,821.9,363.5,1323.2,3227.4,958.8,,,313.5,237.9,383.5,773.8,360.5,,,972.9,1837.8,535.7,2205.4,1788.2,,,6014.8,4563.0,1202.9,2700.5,4410.9,,,1323.2,1171.0,598.7,2405.9,3780.7,,,,,,,,,,,,,,,,,33.2,42.4,235.8,482.9,66.1,,,61.0,189.8,636.1,1350.2,215.8,,,74.8,138.4,239.7,1067.1,143.8,,,615.4,1041.9,409.6,1556.7,1225.2,,,2035.8,4563.0,3150.6,2405.9,1718.5,,,122.6,210.7,170.0,864.8,1002.4,,,,,,,,,,,,,,,,,3482.2,2940.6,6301.2,3576.4,3150.6,,,4410.9,1556.7,4725.9,6301.2,2496.7,,,3393.0,1812.6,1350.2,4009.9,3007.4,,,7783.9,6616.3,1594.3,2544.7,5293.0,,,4009.9,7351.5,4901.0,2700.5,2876.6,,,4009.9,1945.9,2815.4,4009.9,3077.3,,,,,,,,,,,,,,,,,76.3,136.1,442.5,97.9,842.8,,,40.6,60.4,196.3,81.5,371.7,,,83.4,56.8,159.4,95.9,462.6,,,648.6,484.7,389.1,1093.6,1633.6,,,73.2,125.5,140.9,764.8,1140.7,,,1407.7,588.1,658.3,925.3,1438.3,,,,,,,,,,,,,,,,,,,,,,,,,,,,,,,,,,,,,,,,,,,,,,,,,,,,,,,,,,,,,,,,,,,,,,,,,,,,,,,,,,,,,,,,,,,,,,,,,,,,,,,,,,,,,,,,,,,,,,,,,,,,,,,,
20260823_立川_3R,20260823,28,立川,3,612.0,62.1,123.2,260.1,253.0,,,1478.0,1014.1,1877.5,2671.8,2240.9,,,30.8,249.4,53.1,68.3,122.7,,,165.2,873.8,174.9,593.7,279.5,,,384.8,1014.1,233.1,557.9,803.1,,,524.2,1044.6,496.2,661.6,1310.7,,,,,,,,,,,,,,,,,469.3,37.3,104.9,169.6,217.4,,,1093.9,879.3,767.6,827.0,847.1,,,10.5,235.0,53.7,93.1,94.7,,,40.0,104.2,29.1,155.2,9.9,,,139.7,372.4,105.2,226.6,540.6,,,388.0,278.9,283.5,81.0,964.8,,,,,,,,,,,,,,,,,4341.7,3231.1,4631.2,2956.1,4790.9,,,3388.7,2105.1,1673.9,1596.9,2170.8,,,3157.6,1929.6,4341.7,1694.3,3969.6,,,4481.8,2205.3,4631.2,4962.0,2137.5,,,1828.1,1093.9,1036.8,2437.5,2621.4,,,4631.2,2724.2,3755.0,3231.1,4481.8,,,,,,,,,,,,,,,,,13.5,186.2,30.8,44.3,82.9,,,14.2,207.6,46.5,84.0,107.1,,,1052.5,868.3,1362.1,1240.5,1462.5,,,96.4,78.0,551.3,265.1,175.6,,,168.8,163.2,598.8,349.0,691.2,,,369.5,345.6,914.0,399.2,914.0,,,,,,,,,,,,,,,,,122.3,780.5,209.2,798.4,175.6,,,46.1,96.6,32.1,169.6,9.4,,,1715.2,522.3,1804.3,1984.8,694.6,,,162.5,80.7,822.1,434.1,141.9,,,1093.9,490.9,1526.7,708.8,508.9,,,184.0,23.4,147.4,168.2,474.1,,,,,,,,,,,,,,,,,330.0,812.5,229.2,655.3,852.3,,,102.2,242.4,66.9,256.8,463.1,,,1021.5,606.7,637.3,1447.2,1736.7,,,139.9,113.2,323.8,415.9,746.9,,,731.2,388.0,1068.7,557.9,368.5,,,1736.7,1111.5,1804.3,1654.0,831.9,,,,,,,,,,,,,,,,,1240.5,2315.6,1085.4,1375.6,2956.1,,,978.4,530.2,658.4,213.4,1634.5,,,2835.4,1286.4,2572.9,1578.8,4631.2,,,971.5,763.3,2043.1,1014.1,2572.9,,,862.9,139.3,593.7,793.9,884.9,,,3308.0,2671.8,3231.1,3308.0,1229.5,,,,,,,,,,,,,,,,,,,,,,,,,,,,,,,,,,,,,,,,,,,,,,,,,,,,,,,,,,,,,,,,,,,,,,,,,,,,,,,,,,,,,,,,,,,,,,,,,,,,,,,,,,,,,,,,,,,,,,,,,,,,,,,,
20260823_立川_4R,20260823,28,立川,4,2270.1,1234.6,827.9,1982.3,1117.0,,,3273.2,2069.8,1876.6,2039.8,3273.2,,,703.7,1353.3,230.7,558.5,733.0,,,383.5,752.6,179.9,482.0,157.4,,,2270.1,1563.8,951.0,977.4,1497.3,,,1019.9,2469.2,1135.0,366.5,1804.4,,,,,,,,,,,,,,,,,2307.3,1117.0,863.4,1876.6,1353.3,,,2932.2,1012.5,1366.4,913.9,2039.8,,,693.3,670.2,286.6,335.1,625.5,,,639.7,938.3,300.1,760.8,710.8,,,2132.5,786.3,535.1,1005.3,1954.8,,,1675.5,2100.7,1099.5,1058.2,2606.4,,,,,,,,,,,,,,,,,2606.4,1563.8,1655.8,1716.4,2932.2,,,1982.3,593.8,908.0,614.6,1353.3,,,488.7,193.8,185.6,69.5,338.3,,,890.8,670.2,270.1,451.1,970.6,,,696.7,208.2,77.7,376.3,417.6,,,2932.2,2199.1,1366.4,1407.4,2270.1,,,,,,,,,,,,,,,,,158.8,261.1,61.0,145.1,129.0,,,175.7,134.0,73.9,95.4,152.3,,,146.1,52.9,33.6,18.5,147.3,,,14.2,24.5,18.8,17.1,35.0,,,70.3,42.8,9.1,22.6,126.8,,,253.1,220.9,342.4,135.0,363.6,,,,,,,,,,,,,,,,,106.6,204.5,40.6,121.2,20.0,,,233.8,198.7,99.5,277.6,203.0,,,382.4,210.0,93.4,147.5,356.3,,,22.3,34.4,26.2,22.6,42.9,,,243.5,231.4,106.6,57.5,287.2,,,124.1,192.2,322.8,127.4,366.5,,,,,,,,,,,,,,,,,1928.0,1353.3,790.7,1012.5,2165.3,,,1737.6,574.4,437.1,885.2,1759.3,,,721.7,310.7,92.5,421.4,853.0,,,230.7,159.0,46.8,108.5,387.7,,,631.1,565.2,370.3,184.7,752.6,,,3127.7,2559.0,2234.0,1546.6,1315.4,,,,,,,,,,,,,,,,,1481.5,3909.6,1421.6,670.2,3198.8,,,1827.8,2307.3,1163.2,1163.2,3518.7,,,5026.7,3127.7,1902.0,2039.8,4265.0,,,1340.4,984.2,1256.6,458.4,1581.4,,,565.2,818.3,1125.9,420.1,1082.6,,,4691.6,4691.6,3909.6,2606.4,1581.4,,,,,,,,,,,,,,,,,,,,,,,,,,,,,,,,,,,,,,,,,,,,,,,,,,,,,,,,,,,,,,,,,,,,,,,,,,,,,,,,,,,,,,,,,,,,,,,,,,,,,,,,,,,,,,,,,,,,,,,,,,,,,,,,
20260823_立川_5R,20260823,28,立川,5,683.7,282.5,1105.7,2246.6,544.3,,,837.4,465.5,1241.5,1684.9,1444.2,,,124.3,200.7,357.4,677.2,208.1,,,2021.9,1791.5,956.3,4288.9,2775.2,,,4565.6,3369.9,2081.4,5054.8,4880.5,,,704.1,1387.6,575.3,1747.3,3011.4,,,,,,,,,,,,,,,,,296.7,100.0,376.4,925.0,195.7,,,214.4,80.3,171.1,288.8,111.1,,,45.7,39.9,69.9,280.8,27.0,,,532.0,205.4,177.3,1003.8,287.0,,,2246.6,976.1,982.8,2246.6,1401.3,,,87.0,65.8,34.4,105.6,259.6,,,,,,,,,,,,,,,,,417.5,286.5,697.2,804.1,799.6,,,312.4,106.1,210.6,217.4,179.6,,,123.9,73.7,88.7,114.6,141.8,,,344.3,155.5,108.7,146.9,297.9,,,563.8,272.7,203.0,335.3,367.6,,,649.2,350.3,303.0,582.4,528.1,,,,,,,,,,,,,,,,,14.0,23.1,29.2,110.0,32.9,,,19.1,15.1,30.7,130.6,11.9,,,34.4,21.1,23.8,43.9,47.5,,,40.2,38.8,21.2,195.4,92.3,,,555.0,528.1,297.3,584.8,649.2,,,81.7,39.7,89.5,140.2,339.4,,,,,,,,,,,,,,,,,1814.5,1241.5,760.9,3369.9,2144.4,,,919.0,402.0,327.6,1862.3,522.2,,,514.6,221.4,142.9,271.1,484.7,,,270.1,195.2,141.6,615.3,491.4,,,3291.5,2775.2,1209.7,1322.7,1705.2,,,2021.9,962.8,1105.7,1088.7,1505.7,,,,,,,,,,,,,,,,,4423.0,3724.6,2948.6,7863.1,7076.8,,,5897.3,1360.9,2177.4,5661.4,3724.6,,,3145.2,1335.2,913.1,1429.6,2670.4,,,2721.8,2112.4,1048.4,1769.2,3931.5,,,6433.4,6153.7,1887.1,1791.5,2398.9,,,5443.7,3825.3,5054.8,4717.8,2483.0,,,,,,,,,,,,,,,,,555.0,1209.7,550.7,2177.4,2670.4,,,271.6,209.6,114.8,366.6,629.0,,,956.3,388.8,532.0,1048.4,1415.3,,,387.7,148.5,400.9,697.2,1360.9,,,2398.9,907.2,1080.4,1025.6,1444.2,,,4880.5,2527.4,2527.4,2721.8,1965.7,,,,,,,,,,,,,,,,,,,,,,,,,,,,,,,,,,,,,,,,,,,,,,,,,,,,,,,,,,,,,,,,,,,,,,,,,,,,,,,,,,,,,,,,,,,,,,,,,,,,,,,,,,,,,,,,,,,,,,,,,,,,,,,,
20260823_立川_6R,20260823,28,立川,6,18.7,21.9,85.6,152.2,11.1,,,50.0,144.9,195.3,99.2,41.1,,,115.2,278.1,426.4,650.2,154.9,,,573.7,661.2,881.7,1114.7,335.6,,,386.2,266.7,569.5,812.8,273.7,,,4.5,9.5,19.9,20.4,58.6,,,,,,,,,,,,,,,,,21.9,24.3,104.0,244.2,12.6,,,55.4,165.4,445.8,287.4,242.7,,,55.0,150.0,75.7,486.1,152.2,,,639.6,963.3,588.9,2026.8,1368.9,,,1076.3,1026.7,1857.9,2364.6,2261.8,,,34.9,223.2,191.0,505.0,825.7,,,,,,,,,,,,,,,,,126.8,543.7,614.4,346.8,98.9,,,158.6,541.8,994.0,559.3,242.7,,,1560.6,1228.8,2198.0,1147.5,1678.1,,,1560.6,1836.0,2295.0,2137.8,1857.9,,,532.6,736.1,891.7,1020.0,715.8,,,164.1,280.6,1040.4,1054.4,940.1,,,,,,,,,,,,,,,,,532.6,1753.5,2517.1,4335.1,871.8,,,424.0,886.7,675.6,1642.7,765.0,,,2364.6,1625.6,4001.6,2261.8,3546.9,,,4335.1,1903.2,4877.0,2053.4,5202.1,,,4458.9,4217.9,2053.4,2601.0,5034.3,,,1642.7,1696.3,3320.5,5780.1,5202.1,,,,,,,,,,,,,,,,,3121.2,3392.7,4106.9,5780.1,1156.0,,,3251.3,4001.6,2786.8,7803.2,4106.9,,,2690.7,3251.3,4106.9,3629.4,3629.4,,,7431.6,3629.4,6002.4,1903.2,5573.7,,,6502.6,8213.9,5780.1,2558.4,2329.3,,,1381.1,3546.9,4106.9,4729.2,2261.8,,,,,,,,,,,,,,,,,2295.0,1300.5,4217.9,5573.7,1625.6,,,3060.0,1515.1,3001.2,8213.9,5780.1,,,1083.7,1405.9,1418.7,2400.9,2053.4,,,4877.0,4729.2,1950.8,2438.5,6785.4,,,5202.1,6785.4,4001.6,2364.6,2400.9,,,2229.4,4458.9,3806.4,6242.5,2601.0,,,,,,,,,,,,,,,,,17.0,44.7,84.7,59.1,169.8,,,61.4,333.4,369.8,702.9,1219.2,,,191.9,439.6,1040.4,1147.5,1054.4,,,580.1,981.5,1560.6,2645.1,2558.4,,,609.6,1926.7,1903.2,2690.7,1773.4,,,1147.5,3320.5,1608.9,4001.6,1857.9,,,,,,,,,,,,,,,,,,,,,,,,,,,,,,,,,,,,,,,,,,,,,,,,,,,,,,,,,,,,,,,,,,,,,,,,,,,,,,,,,,,,,,,,,,,,,,,,,,,,,,,,,,,,,,,,,,,,,,,,,,,,,,,,
20260823_立川_7R,20260823,28,立川,7,23.2,121.4,80.1,63.4,17.6,,,28.1,46.0,63.3,63.2,38.3,,,272.0,159.8,310.2,420.0,258.9,,,199.1,170.6,341.7,129.6,118.1,,,56.3,62.2,186.9,38.0,52.4,,,29.9,52.8,174.7,69.1,101.2,,,,,,,,,,,,,,,,,41.9,225.2,115.8,114.8,27.5,,,73.6,170.5,149.0,355.3,46.1,,,647.8,406.3,686.4,1075.4,400.2,,,300.3,319.4,650.4,760.8,132.6,,,331.2,566.0,1355.5,891.2,432.4,,,22.5,23.7,98.7,20.7,112.0,,,,,,,,,,,,,,,,,34.4,47.5,50.8,42.7,43.6,,,62.9,127.0,136.5,283.4,42.6,,,66.9,123.9,51.2,173.4,72.0,,,165.7,248.9,162.9,406.3,116.5,,,215.0,458.2,595.2,455.6,431.3,,,85.3,62.3,121.1,62.6,289.6,,,,,,,,,,,,,,,,,1967.2,840.1,2068.0,2179.8,1629.4,,,1943.5,1135.9,1967.2,2150.8,1135.9,,,548.6,743.3,402.2,862.6,558.1,,,2644.4,2444.1,886.3,2068.0,1536.2,,,2601.7,3751.4,1646.0,2444.1,4136.1,,,2520.4,1662.9,1128.0,1833.0,3666.1,,,,,,,,,,,,,,,,,604.1,520.3,1135.9,515.3,518.6,,,672.1,560.1,1104.8,1390.6,384.0,,,535.9,556.2,534.1,1280.2,450.5,,,1812.4,1772.6,862.6,1453.2,1613.1,,,937.8,2122.5,1920.3,1967.2,1378.7,,,576.1,376.8,494.8,1112.4,1089.9,,,,,,,,,,,,,,,,,353.7,369.1,891.2,341.0,429.0,,,640.1,995.7,2041.9,2304.4,1270.1,,,810.6,1152.2,1367.0,2372.2,2122.5,,,2481.7,3102.1,1646.0,2337.8,4359.7,,,921.7,2987.2,2688.5,2337.8,1734.5,,,1112.4,1231.3,2240.4,2644.4,1629.4,,,,,,,,,,,,,,,,,96.1,190.2,550.5,276.2,448.0,,,48.4,60.0,224.0,72.4,245.5,,,204.9,151.7,477.2,302.6,1144.0,,,1280.2,827.2,849.0,1440.2,2688.5,,,385.9,183.7,307.2,746.8,768.1,,,881.4,927.0,1536.2,2444.1,1260.2,,,,,,,,,,,,,,,,,,,,,,,,,,,,,,,,,,,,,,,,,,,,,,,,,,,,,,,,,,,,,,,,,,,,,,,,,,,,,,,,,,,,,,,,,,,,,,,,,,,,,,,,,,,,,,,,,,,,,,,,,,,,,,,,
20260823_大垣_1R,20260823,44,大垣,1,12.0,20.4,22.9,29.7,112.6,,,16.0,22.9,19.2,37.6,175.7,,,33.6,34.0,41.8,42.7,225.5,,,38.4,29.5,40.8,54.9,284.3,,,35.7,40.8,48.4,52.0,226.2,,,237.9,357.4,413.3,424.6,422.8,,,,,,,,,,,,,,,,,35.4,59.5,66.9,91.5,286.5,,,70.6,139.0,137.3,275.0,888.7,,,121.8,199.7,231.5,353.1,899.5,,,202.4,307.6,452.5,469.0,1422.8,,,153.8,279.7,306.0,369.0,1088.0,,,741.7,1557.6,1243.5,1472.4,1700.9,,,,,,,,,,,,,,,,,70.9,98.7,87.6,122.2,538.1,,,111.5,270.2,264.2,340.5,1049.5,,,208.8,412.2,420.9,326.6,1100.2,,,199.3,374.6,443.0,494.9,1897.1,,,193.8,330.6,333.2,365.8,1248.7,,,1382.9,2099.0,1999.7,2619.1,2529.5,,,,,,,,,,,,,,,,,95.8,129.5,142.2,128.3,538.1,,,176.2,398.3,476.5,338.6,1382.9,,,243.3,434.5,493.2,457.4,1617.2,,,249.9,495.7,504.1,390.9,2084.2,,,178.8,332.1,393.0,365.3,1591.1,,,1549.5,1960.0,2487.0,2959.6,2508.1,,,,,,,,,,,,,,,,,112.4,95.4,120.9,142.4,629.7,,,198.7,497.4,698.0,747.3,1541.4,,,161.9,463.1,519.2,557.3,1960.0,,,176.9,534.2,469.7,425.8,2276.6,,,250.8,772.7,683.5,466.8,1533.4,,,1720.7,2765.9,3523.3,4110.5,2259.2,,,,,,,,,,,,,,,,,72.6,78.7,75.4,84.7,460.2,,,90.9,214.6,229.2,259.1,1084.1,,,126.8,225.4,264.4,300.7,1339.1,,,101.7,209.3,234.8,239.0,1243.5,,,152.0,323.8,358.7,295.6,1457.9,,,1020.5,2027.1,1691.2,1909.4,1751.2,,,,,,,,,,,,,,,,,1112.6,1626.1,1370.1,2013.3,1934.3,,,1635.1,2596.1,2084.2,2901.5,3565.7,,,2445.9,3288.4,2551.3,3946.1,4168.4,,,2055.2,2466.3,2740.3,4417.3,3288.4,,,3325.4,4417.3,4697.7,4932.6,3325.4,,,2619.1,2276.6,4484.2,3946.1,3082.9,,,,,,,,,,,,,,,,,,,,,,,,,,,,,,,,,,,,,,,,,,,,,,,,,,,,,,,,,,,,,,,,,,,,,,,,,,,,,,,,,,,,,,,,,,,,,,,,,,,,,,,,,,,,,,,,,,,,,,,,,,,,,,,,
20260823_大垣_2R,20260823,44,大垣,2,30.5,37.8,24.7,151.4,105.7,,,68.3,92.3,79.0,178.4,241.8,,,42.3,33.9,8.8,133.0,28.9,,,17.9,25.2,5.0,97.2,25.5,,,398.1,274.8,281.8,268.5,522.9,,,207.0,212.4,79.5,71.1,367.8,,,,,,,,,,,,,,,,,42.8,48.4,38.3,129.8,113.6,,,37.9,183.1,116.1,47.9,188.9,,,326.4,584.0,658.1,1112.0,1011.3,,,67.3,132.9,306.1,502.1,357.4,,,292.0,200.3,915.6,788.7,640.7,,,431.9,640.7,1107.8,769.9,942.3,,,,,,,,,,,,,,,,,147.6,429.3,323.9,347.1,701.1,,,88.6,392.7,263.6,94.5,334.3,,,1116.3,1422.8,1791.7,1527.6,2303.6,,,609.7,759.8,1429.8,1382.1,1897.1,,,397.6,204.6,1004.3,1301.6,600.9,,,1382.1,1147.2,2232.7,2738.2,1677.7,,,,,,,,,,,,,,,,,544.5,611.0,159.6,1075.0,438.4,,,846.2,2502.2,2790.9,3769.5,3225.0,,,1586.1,2873.8,2267.6,2712.6,2902.5,,,320.3,1961.1,1451.2,2182.3,1356.3,,,2764.3,4607.2,2790.9,3674.1,6450.1,,,1224.7,3628.2,2232.7,1825.5,5923.6,,,,,,,,,,,,,,,,,43.2,47.7,11.2,197.7,50.5,,,94.9,176.4,478.1,793.0,469.6,,,262.9,414.6,784.4,761.8,936.3,,,184.2,912.7,734.8,1369.1,504.7,,,841.3,1307.4,1199.4,1668.1,1087.1,,,274.0,742.3,714.9,656.6,1165.6,,,,,,,,,,,,,,,,,974.0,951.6,1375.6,977.2,1586.1,,,1029.2,490.2,2418.8,2480.8,1988.0,,,642.1,374.5,1503.9,2322.0,936.3,,,2738.2,3819.1,2523.9,3628.2,5183.1,,,1649.1,2764.3,2546.1,2638.7,2662.9,,,2502.2,3261.3,2662.9,4535.2,3121.0,,,,,,,,,,,,,,,,,716.6,887.6,481.3,384.4,1658.6,,,954.7,1000.8,2267.6,858.7,2523.9,,,1668.1,1612.5,2873.8,3023.5,2764.3,,,1251.1,2687.5,3087.8,2103.3,4681.5,,,563.6,1331.4,2118.6,1759.1,2150.0,,,2591.5,3189.6,3055.3,4397.8,2992.3,,,,,,,,,,,,,,,,,,,,,,,,,,,,,,,,,,,,,,,,,,,,,,,,,,,,,,,,,,,,,,,,,,,,,,,,,,,,,,,,,,,,,,,,,,,,,,,,,,,,,,,,,,,,,,,,,,,,,,,,,,,,,,,,
20260823_大垣_3R,20260823,44,大垣,3,4.1,27.4,24.3,76.2,262.8,,,9.0,28.6,49.8,187.2,317.0,,,84.5,71.0,240.1,580.7,1064.2,,,94.1,66.6,236.6,321.6,330.4,,,273.2,350.6,639.1,467.2,2176.4,,,1139.5,1108.1,2322.9,1412.7,3660.3,,,,,,,,,,,,,,,,,6.7,33.0,21.3,52.2,197.8,,,47.8,228.7,216.0,379.8,1006.6,,,159.2,278.6,381.0,272.3,824.5,,,79.9,159.0,216.2,195.2,176.2,,,112.8,213.0,268.7,285.2,1050.3,,,1059.5,1964.0,1201.9,830.1,2236.8,,,,,,,,,,,,,,,,,38.6,96.8,146.9,401.3,708.4,,,85.5,347.6,429.8,856.6,1980.1,,,273.5,535.6,706.3,1421.0,1412.7,,,350.1,669.2,750.2,1599.8,1334.7,,,1251.7,1438.0,1568.7,2440.2,5251.8,,,2809.1,3605.7,2137.9,2842.1,7105.4,,,,,,,,,,,,,,,,,159.5,220.2,390.2,805.2,958.6,,,245.5,546.5,750.2,373.3,1238.8,,,389.0,613.1,727.6,1412.7,1558.6,,,573.8,774.3,799.9,589.2,690.2,,,1264.8,402.6,1298.8,951.1,2542.9,,,2597.6,2082.6,1872.7,1473.0,3137.4,,,,,,,,,,,,,,,,,88.1,59.0,169.0,242.7,192.1,,,102.7,174.0,280.5,254.8,237.7,,,144.1,268.1,314.9,511.8,334.1,,,241.8,465.4,226.6,376.2,210.6,,,138.7,212.6,238.2,211.3,86.1,,,202.6,326.4,228.1,151.5,174.3,,,,,,,,,,,,,,,,,233.1,358.9,700.2,442.4,1438.0,,,208.4,576.5,335.0,277.3,1654.6,,,943.6,1213.9,1271.4,1599.8,2654.7,,,1213.9,430.6,1251.7,752.5,2013.2,,,231.8,348.6,509.6,417.9,184.6,,,2490.5,2654.7,3501.2,1789.5,595.0,,,,,,,,,,,,,,,,,1996.5,2516.5,2745.2,1750.6,3896.5,,,2236.8,3451.2,2064.8,1632.3,4314.0,,,4314.0,4930.2,1917.3,2776.8,6902.4,,,1677.6,1548.6,501.2,416.5,1932.6,,,827.3,922.0,435.2,336.4,453.2,,,3264.6,4314.0,4165.2,2465.1,654.6,,,,,,,,,,,,,,,,,,,,,,,,,,,,,,,,,,,,,,,,,,,,,,,,,,,,,,,,,,,,,,,,,,,,,,,,,,,,,,,,,,,,,,,,,,,,,,,,,,,,,,,,,,,,,,,,,,,,,,,,,,,,,,,,
20260823_大垣_4R,20260823,44,大垣,4,30.5,57.4,23.8,66.7,229.3,,,13.7,26.8,26.7,3.4,80.2,,,74.6,69.4,99.5,92.5,204.7,,,83.1,154.5,130.3,207.4,569.9,,,140.0,34.4,143.0,209.6,222.0,,,718.5,471.3,461.3,817.6,492.9,,,,,,,,,,,,,,,,,81.4,213.0,125.9,255.2,722.8,,,133.8,403.9,287.0,285.6,1370.5,,,439.9,592.7,506.6,948.4,1782.7,,,231.3,299.7,353.8,547.6,1378.5,,,576.9,540.1,1394.7,1185.5,3538.9,,,2258.2,3647.8,2117.0,3824.3,4839.0,,,,,,,,,,,,,,,,,18.5,35.8,30.4,4.7,77.5,,,80.6,296.0,251.4,183.6,812.0,,,182.3,413.8,557.9,367.6,1072.9,,,195.9,482.9,640.8,496.0,2026.5,,,29.4,169.2,223.2,341.6,222.0,,,425.6,1927.7,1591.3,2495.9,548.8,,,,,,,,,,,,,,,,,275.7,242.1,441.5,435.0,714.1,,,439.0,722.8,755.1,944.6,1481.9,,,370.4,639.1,1004.7,585.4,1491.2,,,1168.0,1113.1,1549.7,1646.6,3824.3,,,1035.4,1559.9,1162.3,1881.8,2664.1,,,2577.2,3161.4,2927.2,4311.1,4234.1,,,,,,,,,,,,,,,,,479.9,481.9,1008.9,1013.2,2469.9,,,459.5,559.2,622.3,1145.4,2395.0,,,451.6,755.1,1162.3,987.9,2757.1,,,1510.2,1035.4,1347.2,1782.7,4390.9,,,2026.5,2098.3,1881.8,2195.4,2324.6,,,4742.2,5783.1,5783.1,5645.5,3161.4,,,,,,,,,,,,,,,,,528.0,147.0,701.5,905.0,793.0,,,757.5,635.6,1896.8,1943.5,4939.8,,,114.3,447.3,501.2,891.3,679.4,,,1173.8,2395.0,1203.6,2302.0,3704.8,,,1769.4,2549.5,2061.8,2258.2,3039.8,,,1591.3,3951.8,1635.2,3387.3,2891.5,,,,,,,,,,,,,,,,,3293.2,1730.7,3161.4,5783.1,2495.9,,,4088.1,7185.1,3951.8,5645.5,6973.8,,,1867.0,6774.6,3647.8,5154.5,3079.3,,,4473.7,4559.8,4234.1,7648.7,6408.4,,,5783.1,9119.6,9999.9,8468.2,4649.2,,,2725.4,7648.7,2891.5,6774.6,3887.0,,,,,,,,,,,,,,,,,,,,,,,,,,,,,,,,,,,,,,,,,,,,,,,,,,,,,,,,,,,,,,,,,,,,,,,,,,,,,,,,,,,,,,,,,,,,,,,,,,,,,,,,,,,,,,,,,,,,,,,,,,,,,,,,
20260823_大垣_5R,20260823,44,大垣,5,81.5,127.8,42.6,59.8,439.6,,,91.6,155.2,133.8,71.6,410.4,,,282.3,468.5,242.2,383.4,1476.0,,,51.9,132.0,86.3,74.9,608.7,,,33.8,40.8,101.0,43.9,342.8,,,1003.1,721.2,1911.9,1095.7,910.1,,,,,,,,,,,,,,,,,81.0,109.8,35.6,77.4,366.6,,,119.2,296.4,126.1,337.5,425.8,,,175.4,381.8,60.4,519.8,890.2,,,16.4,38.0,9.7,72.4,134.8,,,128.0,315.8,479.6,191.3,830.5,,,297.6,231.4,1117.1,541.6,346.5,,,,,,,,,,,,,,,,,228.4,452.1,280.1,265.7,638.7,,,256.6,662.5,319.7,734.2,845.3,,,1148.7,1039.7,757.6,2225.6,1726.5,,,445.1,337.5,493.7,1331.2,1047.3,,,482.0,1059.0,1899.2,1637.2,2260.9,,,506.0,710.4,1099.9,683.1,1438.8,,,,,,,,,,,,,,,,,428.3,1162.7,440.9,1277.5,1992.1,,,344.4,698.2,132.2,1039.7,1548.2,,,1627.9,1331.2,865.9,2662.4,2477.2,,,231.8,77.0,332.8,523.6,949.6,,,1665.9,1758.5,2498.9,1187.0,5375.1,,,3956.7,3165.3,2820.6,2354.4,6782.9,,,,,,,,,,,,,,,,,44.1,144.4,92.0,158.0,594.7,,,13.7,29.8,5.5,58.7,119.0,,,185.7,129.2,227.1,603.5,778.3,,,62.2,20.0,94.0,241.8,423.9,,,224.1,157.7,640.1,316.8,943.3,,,1153.3,452.9,1075.0,1006.6,1726.5,,,,,,,,,,,,,,,,,51.9,88.3,159.4,72.3,608.7,,,151.2,558.5,610.0,237.9,1951.2,,,249.8,934.0,1582.6,1300.8,2374.0,,,842.8,943.3,1951.2,592.2,3165.3,,,141.9,224.6,778.3,196.4,1468.4,,,1726.5,3096.5,2260.9,5585.9,2094.7,,,,,,,,,,,,,,,,,1685.6,1051.2,3237.3,2064.3,2125.9,,,1656.2,445.1,2260.9,1091.5,3165.3,,,617.9,761.7,1087.3,708.6,1403.3,,,4670.2,3165.3,2637.8,2765.8,6061.3,,,2243.1,1318.9,1254.9,1911.9,2967.5,,,2079.4,3902.5,2064.3,6061.3,2279.0,,,,,,,,,,,,,,,,,,,,,,,,,,,,,,,,,,,,,,,,,,,,,,,,,,,,,,,,,,,,,,,,,,,,,,,,,,,,,,,,,,,,,,,,,,,,,,,,,,,,,,,,,,,,,,,,,,,,,,,,,,,,,,,,
20260823_大垣_6R,20260823,44,大垣,6,136.0,61.5,138.7,138.0,411.4,,,187.2,84.8,84.0,390.3,337.1,,,18.3,19.9,15.7,46.6,76.2,,,147.1,38.6,59.5,261.1,186.0,,,163.5,284.7,172.3,357.0,888.2,,,612.9,332.5,259.1,172.2,930.0,,,,,,,,,,,,,,,,,231.7,100.9,219.9,185.4,713.1,,,334.4,358.7,224.9,326.0,915.6,,,106.6,281.4,208.1,152.9,685.1,,,280.4,145.2,201.1,186.1,446.7,,,114.4,103.1,86.0,94.3,372.2,,,896.2,915.6,826.3,635.2,743.5,,,,,,,,,,,,,,,,,410.9,218.7,149.6,762.6,713.1,,,473.9,470.9,243.3,515.9,770.5,,,208.7,470.9,197.9,711.4,751.0,,,69.5,87.9,88.1,148.8,91.0,,,963.2,672.7,854.9,416.6,1705.0,,,927.0,890.9,768.5,239.6,1440.1,,,,,,,,,,,,,,,,,16.5,29.7,18.8,47.7,91.3,,,56.4,183.9,154.7,124.8,476.1,,,116.1,283.0,161.6,432.4,588.6,,,64.5,192.5,102.0,274.1,209.3,,,145.7,167.2,352.3,296.3,797.5,,,352.3,780.7,614.2,445.4,1012.5,,,,,,,,,,,,,,,,,188.1,53.2,91.7,285.8,189.2,,,257.5,94.6,239.2,286.9,339.0,,,38.5,49.8,47.0,93.6,40.0,,,96.2,204.6,72.8,272.6,161.5,,,457.8,354.0,160.5,366.2,470.1,,,137.7,193.2,46.4,168.2,278.0,,,,,,,,,,,,,,,,,336.7,571.6,329.6,614.2,1324.4,,,182.2,163.7,134.6,180.5,494.4,,,1015.9,464.2,756.8,543.3,1745.1,,,298.4,271.9,541.3,411.4,1196.2,,,653.4,442.7,389.8,478.5,799.6,,,2046.0,1230.9,1676.1,1977.8,1026.5,,,,,,,,,,,,,,,,,904.4,784.8,279.0,490.3,1521.3,,,713.1,768.5,780.7,500.2,857.4,,,992.2,1098.7,901.7,251.6,2074.6,,,536.4,859.9,821.8,384.7,1578.0,,,284.4,265.5,70.1,194.4,564.0,,,1820.0,941.8,1939.0,1379.8,880.3,,,,,,,,,,,,,,,,,,,,,,,,,,,,,,,,,,,,,,,,,,,,,,,,,,,,,,,,,,,,,,,,,,,,,,,,,,,,,,,,,,,,,,,,,,,,,,,,,,,,,,,,,,,,,,,,,,,,,,,,,,,,,,,,
20260823_大垣_7R,20260823,44,大垣,7,22.7,159.5,235.9,71.0,22.2,,,43.8,180.9,303.5,106.4,43.5,,,333.8,324.2,367.5,301.8,145.6,,,490.8,444.3,284.6,550.7,210.2,,,134.1,127.2,228.9,468.5,58.3,,,12.4,14.4,28.0,66.0,12.9,,,,,,,,,,,,,,,,,30.9,189.6,350.7,77.6,43.2,,,22.0,86.6,225.6,40.8,77.5,,,539.1,387.6,765.3,632.6,768.6,,,885.4,694.7,1111.5,1524.3,1290.2,,,395.6,312.2,824.7,1672.5,698.7,,,107.8,164.9,485.5,705.5,343.0,,,,,,,,,,,,,,,,,108.6,443.2,542.4,252.4,147.0,,,51.6,148.3,313.3,91.5,161.4,,,776.9,578.9,1023.4,960.8,892.0,,,1091.4,725.4,1161.6,1824.5,1232.9,,,588.3,401.4,958.2,1881.5,1014.7,,,266.8,310.3,868.4,854.0,666.5,,,,,,,,,,,,,,,,,592.2,726.8,560.9,696.0,430.5,,,738.7,701.4,838.1,426.0,1294.8,,,838.1,811.8,896.4,1050.1,1125.4,,,540.0,697.4,719.6,481.0,655.6,,,892.0,531.2,987.0,679.0,995.2,,,498.2,1290.2,1041.1,824.7,792.2,,,,,,,,,,,,,,,,,1056.3,1059.4,696.0,1563.9,572.5,,,1250.0,1111.5,1468.5,2216.3,1815.3,,,1384.1,1267.5,1294.8,2544.1,1584.4,,,503.8,926.3,763.7,528.1,870.5,,,2137.6,2757.7,2867.1,1304.1,1704.0,,,649.7,1427.9,1146.8,976.3,1450.8,,,,,,,,,,,,,,,,,401.8,378.6,522.0,965.9,173.0,,,502.4,486.2,1180.5,2189.4,935.9,,,597.1,503.1,955.7,2052.6,1075.1,,,1047.1,1318.4,1038.1,1000.7,1405.6,,,1745.2,2599.0,2440.9,1272.0,1612.7,,,225.0,870.5,846.0,995.2,1353.0,,,,,,,,,,,,,,,,,15.9,21.9,19.4,41.8,11.6,,,79.0,96.4,367.5,379.4,331.4,,,115.0,156.7,432.1,412.8,366.3,,,154.7,495.5,500.3,277.2,348.0,,,214.2,531.2,404.0,181.2,610.2,,,93.5,366.3,450.4,335.7,586.4,,,,,,,,,,,,,,,,,,,,,,,,,,,,,,,,,,,,,,,,,,,,,,,,,,,,,,,,,,,,,,,,,,,,,,,,,,,,,,,,,,,,,,,,,,,,,,,,,,,,,,,,,,,,,,,,,,,,,,,,,,,,,,,,
20260823_大垣_8R,20260823,44,大垣,8,3.0,12.2,11.8,33.9,18.7,,,4.8,18.7,17.3,42.5,28.5,,,23.9,29.4,113.9,216.4,148.1,,,44.8,57.5,153.4,237.4,186.2,,,153.7,179.8,375.4,432.5,427.7,,,58.1,79.8,173.4,230.6,315.8,,,,,,,,,,,,,,,,,35.7,96.8,111.3,209.4,185.3,,,101.9,370.1,435.5,874.2,764.6,,,512.3,862.1,1479.4,2193.2,2032.7,,,721.5,1247.0,1894.1,3268.3,2857.4,,,1396.8,2841.2,4098.8,5319.7,7353.8,,,945.2,1730.3,2325.8,3289.8,4902.5,,,,,,,,,,,,,,,,,60.9,150.5,153.5,309.4,281.7,,,154.2,613.5,667.6,1171.1,1285.5,,,704.3,1396.8,1858.9,3650.0,3650.0,,,1008.1,1552.9,1736.3,4274.0,3846.6,,,2242.4,3205.5,4505.0,5618.6,6850.1,,,2057.8,3425.0,4425.3,4310.8,7143.7,,,,,,,,,,,,,,,,,587.6,947.0,2000.2,2242.4,2577.6,,,865.1,1724.3,4808.2,4310.8,4274.0,,,1582.4,1672.4,2958.9,7353.8,6411.0,,,3623.6,5883.0,3425.0,4167.1,9999.9,,,3105.9,6757.5,6024.8,6850.1,9999.9,,,5051.1,7937.4,7693.2,9999.9,9999.9,,,,,,,,,,,,,,,,,1377.5,1538.6,2732.5,4132.7,4348.3,,,1945.7,3049.1,5319.7,7576.6,6579.7,,,1984.3,3597.5,2994.3,9805.1,8929.6,,,4065.5,6667.4,3472.6,5208.9,9999.9,,,7247.2,7937.4,9999.9,6250.7,6173.5,,,8197.7,9092.0,8929.6,9999.9,6945.2,,,,,,,,,,,,,,,,,2008.2,3817.2,3105.9,6250.7,7143.7,,,2674.1,6250.7,4587.7,9999.9,9999.9,,,4762.4,5435.4,6411.0,9999.9,9999.9,,,6329.8,9999.9,9092.0,7247.2,9999.9,,,5814.6,9999.9,9999.9,7463.5,8197.7,,,9999.9,9999.9,9999.9,9999.9,8772.9,,,,,,,,,,,,,,,,,2262.7,3226.1,4505.0,6024.8,7693.2,,,3356.1,5814.6,6850.1,9999.9,9999.9,,,4274.0,9260.3,8065.4,9999.9,9999.9,,,7247.2,9805.1,9092.0,9999.9,9999.9,,,8475.5,9999.9,9999.9,9999.9,7693.2,,,9999.9,9999.9,9999.9,9999.9,9616.5,,,,,,,,,,,,,,,,,,,,,,,,,,,,,,,,,,,,,,,,,,,,,,,,,,,,,,,,,,,,,,,,,,,,,,,,,,,,,,,,,,,,,,,,,,,,,,,,,,,,,,,,,,,,,,,,,,,,,,,,,,,,,,,,
20260823_大垣_9R,20260823,44,大垣,9,24.7,75.1,144.8,87.1,342.7,,,16.7,29.7,79.4,10.6,135.7,,,144.6,96.8,187.9,180.6,322.3,,,284.6,228.6,297.0,484.7,1241.6,,,205.1,102.0,369.5,494.6,422.9,,,938.5,735.5,1372.5,1666.6,1096.7,,,,,,,,,,,,,,,,,11.1,47.6,97.8,53.5,216.6,,,14.0,50.2,92.1,17.9,100.4,,,80.7,78.8,91.9,133.6,436.5,,,134.5,122.1,88.3,192.8,611.2,,,125.2,79.2,207.3,287.4,297.7,,,585.8,451.7,902.2,1332.0,548.3,,,,,,,,,,,,,,,,,17.4,53.0,91.5,10.0,113.6,,,25.1,109.4,159.9,34.1,171.9,,,202.6,286.7,383.6,281.3,955.7,,,276.5,320.5,475.8,406.1,1237.0,,,27.8,42.5,143.5,247.5,107.3,,,449.6,721.4,1094.9,1748.5,452.9,,,,,,,,,,,,,,,,,350.7,238.7,402.3,612.3,1389.4,,,291.6,299.8,285.2,555.5,1210.5,,,299.4,415.3,526.5,475.8,1490.4,,,340.0,303.3,423.1,755.2,1364.2,,,1286.4,1162.6,980.6,1577.3,2263.1,,,3020.8,2916.6,3118.3,3061.8,3561.4,,,,,,,,,,,,,,,,,399.2,303.7,445.4,864.2,1766.7,,,332.0,324.2,278.3,511.4,1286.4,,,381.8,434.3,579.8,508.0,1864.1,,,395.4,291.0,426.9,752.6,1375.3,,,1326.8,932.0,1047.4,1477.4,2114.6,,,3349.8,2831.2,4229.2,3383.3,3317.0,,,,,,,,,,,,,,,,,532.8,293.3,1439.7,1490.4,1068.9,,,453.5,294.4,923.1,958.4,1329.4,,,161.7,213.5,506.1,715.2,414.8,,,1674.9,1458.3,1144.9,2301.6,3132.7,,,1916.9,1383.7,1618.8,2622.7,3349.8,,,1389.4,2134.6,1219.2,2855.1,2967.8,,,,,,,,,,,,,,,,,3089.8,2063.0,4337.6,3980.4,2664.0,,,2843.1,2255.5,3191.8,3980.4,3089.8,,,1864.1,2506.1,3333.3,4699.1,1911.5,,,5205.1,4699.1,4699.1,5686.3,6383.7,,,4282.7,4337.6,5165.4,5286.5,4903.4,,,2325.3,3333.3,1838.7,4481.2,4003.9,,,,,,,,,,,,,,,,,,,,,,,,,,,,,,,,,,,,,,,,,,,,,,,,,,,,,,,,,,,,,,,,,,,,,,,,,,,,,,,,,,,,,,,,,,,,,,,,,,,,,,,,,,,,,,,,,,,,,,,,,,,,,,,,
20260823_和歌山_1R,20260823,55,和歌山,1,984.8,2424.1,781.3,1005.7,891.9,,,1152.9,2363.5,1313.1,167.3,762.4,,,5252.4,3939.3,4110.5,2864.9,4297.4,,,995.1,1853.7,4110.5,1243.9,1818.1,,,670.5,132.4,1260.5,652.0,594.6,,,1050.4,756.3,1411.0,1500.6,1181.7,,,,,,,,,,,,,,,,,489.8,974.6,258.3,463.4,418.3,,,170.6,234.5,30.0,157.0,45.1,,,1602.4,617.9,329.4,1818.1,454.5,,,56.4,19.7,115.8,63.7,23.1,,,298.2,287.3,954.9,170.9,347.5,,,274.0,66.4,119.2,56.6,355.4,,,,,,,,,,,,,,,,,409.2,891.9,431.7,121.5,285.6,,,143.4,144.3,26.4,137.4,32.5,,,1313.1,425.8,630.2,936.0,142.3,,,222.4,31.5,187.9,186.8,40.4,,,117.2,304.9,744.4,372.2,233.4,,,63.7,12.5,9.1,17.6,78.2,,,,,,,,,,,,,,,,,4297.4,3939.3,2864.9,3781.7,3939.3,,,5908.9,1818.1,1196.7,4975.9,1929.4,,,3636.2,1575.7,1370.1,1411.0,656.5,,,5908.9,1658.6,2011.5,2011.5,3151.4,,,5908.9,3260.1,2011.5,2148.7,6753.1,,,2363.5,1260.5,497.5,1750.8,695.1,,,,,,,,,,,,,,,,,441.7,917.8,1630.0,926.8,1038.9,,,92.3,33.4,158.3,117.0,39.5,,,351.4,51.3,345.0,309.9,70.2,,,2954.4,768.6,1016.5,1432.4,1524.8,,,630.2,425.8,670.5,1313.1,516.6,,,556.1,116.4,86.4,276.4,477.4,,,,,,,,,,,,,,,,,254.8,78.4,815.0,294.5,450.2,,,531.1,412.8,1313.1,375.1,710.8,,,107.6,250.1,891.9,276.4,310.9,,,3781.7,4297.4,1783.8,1969.6,4727.1,,,744.4,470.3,606.0,1139.0,665.7,,,1370.1,1038.9,774.9,1038.9,936.0,,,,,,,,,,,,,,,,,995.1,531.1,984.8,1277.6,1295.1,,,450.2,85.0,149.1,120.8,750.3,,,84.4,21.1,14.5,25.7,113.4,,,808.0,193.3,78.1,362.2,829.3,,,643.1,128.6,79.8,281.3,500.2,,,1370.1,1524.8,675.3,1277.6,1016.5,,,,,,,,,,,,,,,,,,,,,,,,,,,,,,,,,,,,,,,,,,,,,,,,,,,,,,,,,,,,,,,,,,,,,,,,,,,,,,,,,,,,,,,,,,,,,,,,,,,,,,,,,,,,,,,,,,,,,,,,,,,,,,,,
20260823_和歌山_2R,20260823,55,和歌山,2,0.0,883.4,714.8,1800.8,429.5,,,0.0,0.0,0.0,0.0,0.0,,,1486.4,0.0,2401.1,2837.6,1800.8,,,620.1,0.0,1357.1,945.8,755.1,,,3121.4,0.0,3020.7,1672.2,2341.0,,,410.7,0.0,1040.4,578.0,1232.1,,,,,,,,,,,,,,,,,0.0,179.3,220.8,419.9,93.2,,,0.0,0.0,0.0,0.0,0.0,,,113.3,0.0,126.2,112.1,12.3,,,249.7,0.0,235.8,416.1,97.8,,,628.4,0.0,340.5,608.0,213.3,,,13.8,0.0,1.8,11.6,28.2,,,,,,,,,,,,,,,,,0.0,0.0,0.0,0.0,0.0,,,0.0,0.0,0.0,0.0,0.0,,,0.0,0.0,0.0,0.0,0.0,,,0.0,0.0,0.0,0.0,0.0,,,0.0,0.0,0.0,0.0,0.0,,,0.0,0.0,0.0,0.0,0.0,,,,,,,,,,,,,,,,,1672.2,0.0,2464.3,2754.2,2177.7,,,814.2,0.0,793.5,749.1,141.4,,,0.0,0.0,0.0,0.0,0.0,,,3121.4,2035.7,0.0,1510.3,1872.8,,,2675.5,1216.1,0.0,2035.7,3020.7,,,1766.8,193.8,0.0,1318.9,1911.0,,,,,,,,,,,,,,,,,668.8,0.0,1282.7,851.3,714.8,,,560.7,0.0,673.6,1040.4,210.4,,,0.0,0.0,0.0,0.0,0.0,,,3020.7,1440.6,0.0,1337.7,1397.6,,,1642.8,1642.8,0.0,1357.1,867.0,,,612.0,302.0,0.0,836.1,725.9,,,,,,,,,,,,,,,,,2754.2,0.0,2675.5,1702.6,2080.9,,,2128.2,0.0,725.9,1535.1,532.0,,,0.0,0.0,0.0,0.0,0.0,,,3121.4,1101.6,0.0,1418.8,2229.6,,,1510.3,2229.6,0.0,1397.6,867.0,,,1200.5,608.0,0.0,1282.7,883.4,,,,,,,,,,,,,,,,,97.4,0.0,138.1,43.0,214.7,,,31.0,0.0,5.9,25.7,51.8,,,0.0,0.0,0.0,0.0,0.0,,,293.5,74.7,0.0,256.5,241.9,,,124.1,135.9,0.0,279.5,210.4,,,443.8,308.0,0.0,541.2,327.4,,,,,,,,,,,,,,,,,,,,,,,,,,,,,,,,,,,,,,,,,,,,,,,,,,,,,,,,,,,,,,,,,,,,,,,,,,,,,,,,,,,,,,,,,,,,,,,,,,,,,,,,,,,,,,,,,,,,,,,,,,,,,,,,
20260823_和歌山_3R,20260823,55,和歌山,3,131.6,65.9,95.5,540.8,202.7,,,213.6,193.5,108.2,602.6,132.7,,,160.9,339.0,245.3,775.4,420.0,,,27.1,32.2,43.1,37.5,50.7,,,2310.0,1654.9,2174.1,458.1,2704.4,,,219.1,114.1,257.2,198.7,821.3,,,,,,,,,,,,,,,,,232.4,103.0,130.6,901.4,348.6,,,375.8,308.8,296.4,894.2,404.6,,,87.1,143.6,95.3,456.3,195.5,,,93.8,209.6,115.0,294.1,436.5,,,2772.0,2310.0,1817.7,2262.9,6522.4,,,916.3,644.6,821.3,894.2,4106.7,,,,,,,,,,,,,,,,,291.0,308.8,82.9,663.9,186.0,,,317.7,212.4,239.4,947.7,301.3,,,616.0,428.1,378.4,710.7,506.3,,,57.0,175.1,203.4,269.1,84.7,,,2262.9,2092.1,1421.5,1584.0,2217.6,,,135.7,217.4,271.1,74.7,568.6,,,,,,,,,,,,,,,,,429.7,873.0,701.7,2772.0,1143.1,,,188.5,204.2,179.7,676.1,300.4,,,833.7,458.1,612.6,1561.7,821.3,,,391.8,396.0,633.6,947.7,1026.6,,,4264.7,2053.3,1561.7,1848.0,5544.1,,,1421.5,797.7,916.3,1320.0,4620.0,,,,,,,,,,,,,,,,,9.5,8.5,21.5,7.7,22.6,,,26.7,69.2,64.9,96.4,166.7,,,20.9,77.2,117.9,93.8,67.6,,,71.3,103.8,252.5,250.8,416.8,,,40.5,129.6,137.5,186.6,166.4,,,61.2,208.8,86.7,339.0,200.8,,,,,,,,,,,,,,,,,6930.1,4264.7,5835.9,809.3,9240.1,,,6160.1,2640.0,4264.7,4264.7,9240.1,,,5544.1,3080.0,1630.6,3823.5,9999.9,,,7392.1,6160.1,1705.8,1879.3,9999.9,,,568.6,2464.0,2704.4,1630.6,1817.7,,,7392.1,9999.9,9240.1,9999.9,2640.0,,,,,,,,,,,,,,,,,562.8,284.3,640.9,465.8,1540.0,,,1245.8,1245.8,1403.5,1630.6,5040.1,,,325.1,528.0,465.8,228.1,1066.1,,,1680.0,2132.3,1335.9,2092.1,5280.1,,,356.5,1155.0,265.2,1680.0,729.4,,,6522.4,9240.1,4106.7,9240.1,2359.1,,,,,,,,,,,,,,,,,,,,,,,,,,,,,,,,,,,,,,,,,,,,,,,,,,,,,,,,,,,,,,,,,,,,,,,,,,,,,,,,,,,,,,,,,,,,,,,,,,,,,,,,,,,,,,,,,,,,,,,,,,,,,,,,
20260823_和歌山_4R,20260823,55,和歌山,4,3179.4,2051.2,1766.3,9084.1,5087.1,,,4102.5,770.7,7481.0,9999.9,3532.7,,,1651.6,586.0,2957.6,5780.8,2957.6,,,3346.7,5780.8,3346.7,7948.6,7065.4,,,9999.9,9999.9,9782.9,9999.9,9782.9,,,6056.1,3633.6,3974.3,9084.1,9999.9,,,,,,,,,,,,,,,,,1843.1,1096.3,1259.1,6358.9,4102.5,,,1570.1,215.9,706.5,2051.2,889.3,,,635.8,164.9,295.7,2192.7,714.4,,,629.5,485.4,299.2,2312.3,1234.7,,,9999.9,3028.0,3974.3,7948.6,9999.9,,,5529.4,1718.6,1284.6,3028.0,8478.5,,,,,,,,,,,,,,,,,2355.1,639.0,2051.2,5299.0,1843.1,,,877.0,171.6,449.3,1188.5,476.3,,,116.2,38.3,70.2,195.0,13.5,,,1673.3,642.3,392.5,3179.4,1059.8,,,5529.4,2399.5,1338.7,6693.5,3260.9,,,1382.3,831.2,164.5,1570.1,1397.5,,,,,,,,,,,,,,,,,128.3,182.9,181.9,908.4,339.1,,,51.3,33.0,20.2,371.8,104.1,,,31.6,7.6,13.8,105.7,1.8,,,97.0,13.9,38.8,491.0,84.8,,,2493.6,1956.5,586.0,1461.8,1461.8,,,182.4,211.9,33.9,188.6,340.0,,,,,,,,,,,,,,,,,2312.3,3853.8,2649.5,9999.9,6693.5,,,794.8,785.0,398.6,4385.4,1870.2,,,3028.0,1259.1,794.8,8478.5,2957.6,,,1177.5,322.7,562.7,2051.2,1898.1,,,9084.1,7065.4,7481.0,2312.3,2957.6,,,7481.0,4239.2,6358.9,3853.8,2826.1,,,,,,,,,,,,,,,,,9999.9,9999.9,9999.9,9999.9,9999.9,,,9999.9,3532.7,7065.4,9999.9,9782.9,,,9999.9,3346.7,1870.2,9999.9,4385.4,,,9999.9,9999.9,1956.5,3101.9,5529.4,,,9999.9,9999.9,9999.9,3101.9,3633.6,,,9999.9,9999.9,9084.1,7065.4,3740.5,,,,,,,,,,,,,,,,,9782.9,6358.9,4710.3,4542.0,9999.9,,,7065.4,2192.7,1898.1,6056.1,9999.9,,,4385.4,2192.7,639.0,4891.4,5529.4,,,4239.2,1609.8,665.8,4385.4,6358.9,,,8478.5,7065.4,7948.6,5299.0,3437.2,,,9999.9,9999.9,7948.6,7948.6,3532.7,,,,,,,,,,,,,,,,,,,,,,,,,,,,,,,,,,,,,,,,,,,,,,,,,,,,,,,,,,,,,,,,,,,,,,,,,,,,,,,,,,,,,,,,,,,,,,,,,,,,,,,,,,,,,,,,,,,,,,,,,,,,,,,,
20260823_和歌山_5R,20260823,55,和歌山,5,239.6,168.0,1359.8,539.5,74.2,,,420.4,416.4,1931.4,827.7,104.4,,,187.1,294.1,1049.3,530.9,59.6,,,4595.4,2776.4,2562.8,4442.2,1041.1,,,1101.3,1269.2,931.9,3601.8,271.4,,,21.9,33.0,23.1,183.5,57.9,,,,,,,,,,,,,,,,,894.4,708.8,3919.6,1825.5,225.4,,,1776.9,3099.2,3807.6,2258.7,1931.4,,,1189.8,2613.1,6057.6,2835.4,1049.3,,,8329.2,5552.8,3601.8,7403.7,5794.2,,,3250.4,2562.8,3807.6,9519.1,4759.5,,,228.1,894.4,520.5,2221.1,1567.8,,,,,,,,,,,,,,,,,1931.4,2514.4,5125.7,4298.9,548.4,,,2149.4,5125.7,3807.6,2961.5,2514.4,,,4298.9,7403.7,9999.9,3701.8,3601.8,,,8329.2,7403.7,9999.9,9999.9,8329.2,,,4935.8,3099.2,3601.8,9999.9,4442.2,,,643.8,1625.2,1625.2,3601.8,2562.8,,,,,,,,,,,,,,,,,783.9,1776.9,3601.8,2050.2,221.0,,,951.9,3099.2,4442.2,4164.6,1074.7,,,2961.5,7014.1,9999.9,3173.0,2562.8,,,7403.7,9999.9,9999.9,2897.1,8884.5,,,5125.7,7839.3,3701.8,4298.9,3507.0,,,243.1,724.2,1101.3,2423.0,1417.7,,,,,,,,,,,,,,,,,4595.4,3601.8,3701.8,6346.1,3331.7,,,6663.4,2897.1,6663.4,5552.8,4759.5,,,6346.1,4759.5,9999.9,8329.2,8884.5,,,9519.1,9999.9,9999.9,3919.6,9999.9,,,9999.9,9999.9,9999.9,4038.4,2897.1,,,3701.8,4038.4,4935.8,5330.7,2562.8,,,,,,,,,,,,,,,,,4298.9,4595.4,5552.8,6057.6,1605.6,,,5330.7,3701.8,7839.3,9999.9,9519.1,,,4759.5,2719.7,3173.0,9999.9,5330.7,,,5794.2,9999.9,3807.6,4164.6,6057.6,,,9999.9,9999.9,9999.9,4935.8,3250.4,,,1497.3,4935.8,3701.8,4164.6,3331.7,,,,,,,,,,,,,,,,,5.6,8.9,5.2,110.0,17.3,,,11.6,47.0,37.2,364.1,112.0,,,17.1,58.9,48.7,371.2,143.9,,,8.5,28.2,32.0,261.8,77.8,,,411.3,1189.8,705.1,752.9,832.9,,,44.3,179.3,200.4,146.9,697.7,,,,,,,,,,,,,,,,,,,,,,,,,,,,,,,,,,,,,,,,,,,,,,,,,,,,,,,,,,,,,,,,,,,,,,,,,,,,,,,,,,,,,,,,,,,,,,,,,,,,,,,,,,,,,,,,,,,,,,,,,,,,,,,,
20260823_和歌山_6R,20260823,55,和歌山,6,6043.6,7952.2,5396.1,6867.8,5396.1,,,7952.2,3433.9,2850.7,5210.0,5036.4,,,9999.9,9999.9,6867.8,9999.9,7194.8,,,3147.7,2436.9,5811.2,3513.7,3083.5,,,8394.0,6295.5,9999.9,6569.2,7554.6,,,8394.0,6295.5,4443.8,1962.2,9999.9,,,,,,,,,,,,,,,,,3357.6,9443.2,3976.1,5596.0,5396.1,,,1912.5,2189.7,169.1,551.4,747.9,,,9999.9,6569.2,5210.0,6295.5,8394.0,,,825.6,117.8,1086.9,260.5,304.0,,,3777.3,844.0,3777.3,839.4,1798.7,,,3685.1,1337.0,6569.2,1014.0,2398.2,,,,,,,,,,,,,,,,,2747.1,3976.1,803.6,3513.7,2289.2,,,744.2,1071.5,55.2,228.2,238.3,,,3597.4,2698.0,1313.8,1912.5,3874.1,,,197.7,24.6,324.9,62.9,49.9,,,1291.3,426.8,1325.3,240.9,686.7,,,1466.9,374.9,2605.0,145.8,733.4,,,,,,,,,,,,,,,,,9999.9,9999.9,6867.8,9999.9,8394.0,,,7952.2,8887.7,6043.6,9999.9,9999.9,,,9999.9,9443.2,9999.9,2905.6,9999.9,,,8394.0,9999.9,6867.8,3021.8,9999.9,,,9999.9,9999.9,2798.0,3874.1,9999.9,,,9999.9,9999.9,9999.9,8887.7,9999.9,,,,,,,,,,,,,,,,,279.8,168.6,659.7,386.4,387.4,,,81.0,5.2,121.8,14.8,17.2,,,44.5,3.7,90.5,10.3,9.8,,,956.2,484.2,349.7,626.9,791.0,,,184.2,22.9,17.8,246.4,44.2,,,186.0,26.7,16.1,327.0,52.2,,,,,,,,,,,,,,,,,6295.5,4197.0,9999.9,6569.2,7952.2,,,4083.5,910.1,5210.0,1007.2,2360.8,,,2905.6,932.6,2098.5,709.3,2605.0,,,9999.9,9999.9,2650.7,3147.7,9999.9,,,2128.0,634.8,512.1,1526.1,821.1,,,5811.2,3147.7,3513.7,9999.9,1452.8,,,,,,,,,,,,,,,,,5036.4,4578.5,3777.3,4316.9,5596.0,,,3685.1,1888.6,5036.4,1228.3,2798.0,,,3777.3,1756.8,7554.6,883.5,3284.6,,,5596.0,8394.0,8887.7,9999.9,9999.9,,,2221.9,722.9,526.4,3874.1,873.3,,,7194.8,4083.5,4578.5,9999.9,1642.3,,,,,,,,,,,,,,,,,,,,,,,,,,,,,,,,,,,,,,,,,,,,,,,,,,,,,,,,,,,,,,,,,,,,,,,,,,,,,,,,,,,,,,,,,,,,,,,,,,,,,,,,,,,,,,,,,,,,,,,,,,,,,,,,
20260823_和歌山_7R,20260823,55,和歌山,7,2009.8,3490.7,3901.4,5305.9,3084.8,,,2105.5,3585.0,1473.8,6632.4,1768.6,,,4737.4,6632.4,6316.5,7369.3,4912.8,,,4278.9,1868.2,5767.3,5527.0,3316.2,,,6029.4,6632.4,6981.4,5767.3,9999.9,,,3014.7,1745.3,3235.3,2652.9,9999.9,,,,,,,,,,,,,,,,,1216.9,1658.1,1922.4,2550.9,1617.6,,,524.3,147.8,120.1,634.6,128.0,,,477.1,111.4,189.4,403.1,218.8,,,855.7,121.8,177.8,687.2,325.1,,,2072.6,799.0,552.7,1052.7,1817.0,,,1173.8,317.3,454.2,592.1,2550.9,,,,,,,,,,,,,,,,,914.8,1579.1,299.4,2287.0,564.4,,,405.6,217.4,59.2,592.1,133.3,,,1313.3,518.1,384.4,2040.7,493.1,,,47.0,19.3,90.0,225.5,2.6,,,2652.9,1133.7,1579.1,866.9,1700.6,,,101.8,110.8,256.0,15.8,749.4,,,,,,,,,,,,,,,,,3401.2,5305.9,4278.9,6632.4,4574.0,,,1287.8,423.7,622.7,947.4,736.9,,,3401.2,780.2,1184.3,2210.8,1012.5,,,2652.9,954.3,1124.1,2139.4,2763.5,,,6316.5,2072.6,2502.7,2822.2,592.1,,,5101.8,2600.9,2411.7,3585.0,614.1,,,,,,,,,,,,,,,,,701.8,378.9,861.3,1353.5,728.8,,,372.6,45.0,73.6,208.2,146.7,,,51.4,15.0,53.1,161.1,3.1,,,1153.4,302.1,305.6,1275.4,600.2,,,1922.4,433.4,694.4,1114.6,834.2,,,193.0,205.6,27.7,378.9,705.5,,,,,,,,,,,,,,,,,5305.9,5767.3,8843.2,5767.3,7369.3,,,3901.4,1069.7,989.9,1679.0,4019.6,,,4574.0,1598.1,2210.8,2707.1,5101.8,,,7369.3,1979.8,2502.7,2550.9,6632.4,,,5305.9,2550.9,2327.1,2411.7,1722.7,,,9999.9,9999.9,8843.2,9999.9,2368.7,,,,,,,,,,,,,,,,,1979.8,728.8,2947.7,997.3,6029.4,,,1457.6,666.5,1078.4,1105.4,3789.9,,,202.8,306.3,545.8,45.2,3084.8,,,3084.8,2040.7,1617.6,2550.9,7802.8,,,552.7,705.5,89.9,1339.8,1598.1,,,6981.4,7369.3,5527.0,7802.8,1894.9,,,,,,,,,,,,,,,,,,,,,,,,,,,,,,,,,,,,,,,,,,,,,,,,,,,,,,,,,,,,,,,,,,,,,,,,,,,,,,,,,,,,,,,,,,,,,,,,,,,,,,,,,,,,,,,,,,,,,,,,,,,,,,,,
20260823_和歌山_8R,20260823,55,和歌山,8,110.7,27.6,56.8,145.9,44.1,,,165.7,100.4,88.9,340.0,308.2,,,10.2,28.2,11.2,12.8,17.5,,,47.2,36.3,25.5,97.7,95.6,,,219.1,382.9,93.5,205.1,316.1,,,48.8,249.3,54.7,125.3,182.1,,,,,,,,,,,,,,,,,245.0,77.2,96.6,377.8,76.0,,,547.4,1058.6,364.3,1219.7,566.7,,,150.2,710.2,312.5,869.9,204.0,,,188.9,223.0,329.0,1181.2,182.4,,,1289.8,1420.4,1870.2,2439.5,1603.1,,,31.4,163.3,83.3,63.3,438.3,,,,,,,,,,,,,,,,,753.1,733.4,421.8,1516.4,1304.8,,,950.9,1603.1,837.4,1603.1,1368.5,,,975.8,2550.3,807.3,1839.6,1968.7,,,251.0,412.5,397.9,1079.0,550.0,,,5100.7,2117.3,1968.7,3400.5,5610.8,,,1516.4,1289.8,2439.5,1133.5,3740.5,,,,,,,,,,,,,,,,,35.1,88.0,38.9,48.6,49.9,,,158.0,768.6,441.8,943.0,256.7,,,479.5,1558.5,477.5,1335.9,1626.3,,,123.7,309.1,147.2,494.3,326.2,,,505.4,1934.7,1275.1,967.3,1580.5,,,230.8,287.7,912.3,414.0,935.1,,,,,,,,,,,,,,,,,116.4,92.8,51.0,232.8,178.9,,,218.3,285.5,296.8,1219.7,230.4,,,94.9,167.9,150.0,514.7,256.2,,,117.9,291.4,219.6,590.6,371.5,,,1181.2,2671.8,2117.3,1020.1,1246.8,,,321.5,253.3,429.9,421.8,927.4,,,,,,,,,,,,,,,,,1420.4,3400.5,664.0,1839.6,2609.7,,,1839.6,1781.2,3400.5,4007.7,3117.1,,,5343.6,2493.7,2158.0,3506.7,8632.0,,,1029.5,3206.2,2200.3,1700.2,4488.6,,,1753.3,7481.1,4316.0,1753.3,1781.2,,,4879.0,3869.5,9999.9,4488.6,1839.6,,,,,,,,,,,,,,,,,72.7,284.0,93.1,215.3,341.0,,,34.7,133.5,55.2,56.3,345.2,,,469.5,425.0,856.6,710.2,1476.5,,,178.6,149.0,569.6,197.9,738.2,,,330.0,156.7,402.2,210.1,801.5,,,2040.3,1457.3,3032.8,2337.8,1476.5,,,,,,,,,,,,,,,,,,,,,,,,,,,,,,,,,,,,,,,,,,,,,,,,,,,,,,,,,,,,,,,,,,,,,,,,,,,,,,,,,,,,,,,,,,,,,,,,,,,,,,,,,,,,,,,,,,,,,,,,,,,,,,,,
20260823_和歌山_9R,20260823,55,和歌山,9,2316.4,3024.2,1555.3,2016.1,1701.1,,,2093.6,2419.3,2474.3,2474.3,1158.2,,,2419.3,2592.1,3110.6,3024.2,2268.1,,,1814.5,2016.1,4536.3,2366.7,2531.9,,,1057.0,1432.5,1577.8,1360.9,885.1,,,1432.5,1046.8,1360.9,1601.0,2016.1,,,,,,,,,,,,,,,,,761.3,1451.6,328.9,885.1,697.8,,,285.7,170.3,50.7,350.0,59.5,,,1077.9,403.2,271.5,1209.6,274.2,,,77.0,26.2,87.0,88.8,21.7,,,648.0,702.4,1146.0,306.6,706.9,,,403.2,90.6,139.2,70.5,501.7,,,,,,,,,,,,,,,,,1017.4,1728.1,812.4,1491.4,538.9,,,237.7,179.6,60.5,404.7,54.2,,,800.5,277.0,193.3,492.6,50.9,,,313.7,78.4,153.1,428.6,49.3,,,1624.9,914.8,1223.2,1577.8,850.5,,,100.4,24.4,10.9,22.9,176.4,,,,,,,,,,,,,,,,,2134.7,2134.7,2592.1,3629.0,1432.5,,,1237.1,369.0,413.9,1017.4,283.5,,,955.0,333.9,388.8,885.1,54.9,,,1674.9,570.0,463.2,1046.8,338.1,,,4354.8,1413.9,1432.5,1601.0,1017.4,,,379.3,179.3,30.3,211.4,479.6,,,,,,,,,,,,,,,,,490.4,1017.4,1910.0,1395.7,892.3,,,112.2,26.1,106.5,139.5,28.6,,,378.0,68.2,161.7,492.6,42.8,,,2134.7,386.0,347.8,1237.1,271.5,,,1196.3,697.8,1170.6,1280.8,706.9,,,433.7,83.4,50.1,135.5,488.2,,,,,,,,,,,,,,,,,420.3,358.1,618.5,857.2,301.5,,,864.0,930.5,1555.3,680.4,963.4,,,1533.4,1360.9,1057.0,2268.1,1110.9,,,3402.2,3512.0,1577.8,1577.8,1877.1,,,1577.8,1134.0,1944.1,1395.7,980.8,,,544.3,655.8,423.6,506.3,648.0,,,,,,,,,,,,,,,,,1110.9,465.2,955.0,963.4,1814.5,,,469.2,83.6,154.4,126.7,651.9,,,98.2,21.3,6.5,20.8,156.2,,,311.0,94.6,22.6,120.4,372.8,,,437.2,112.5,56.2,139.7,444.3,,,1624.9,1327.7,494.8,850.5,824.7,,,,,,,,,,,,,,,,,,,,,,,,,,,,,,,,,,,,,,,,,,,,,,,,,,,,,,,,,,,,,,,,,,,,,,,,,,,,,,,,,,,,,,,,,,,,,,,,,,,,,,,,,,,,,,,,,,,,,,,,,,,,,,,,
20260823_和歌山_10R,20260823,55,和歌山,10,430.4,383.8,453.7,822.4,1083.7,,,336.1,131.7,61.7,714.0,346.3,,,115.7,73.0,73.8,225.2,618.2,,,190.7,47.0,73.0,500.6,422.5,,,930.4,1212.0,1058.8,1151.4,2878.6,,,2302.9,1228.2,1879.9,1588.2,3838.2,,,,,,,,,,,,,,,,,808.0,538.6,808.0,1096.6,1806.2,,,801.0,602.0,142.1,558.2,532.4,,,565.1,885.7,1535.2,921.1,1485.7,,,561.6,191.1,755.0,489.9,682.3,,,794.1,367.0,586.7,529.4,1137.2,,,2361.9,1354.6,2489.6,1166.0,2631.9,,,,,,,,,,,,,,,,,345.0,262.4,74.5,990.5,385.4,,,337.4,402.2,67.6,517.5,262.4,,,445.0,714.0,240.5,1109.8,822.4,,,20.4,13.2,23.5,48.2,5.6,,,1374.8,535.5,959.5,255.1,822.4,,,492.6,318.7,635.2,58.7,748.9,,,,,,,,,,,,,,,,,252.3,341.1,284.3,514.6,860.9,,,430.4,653.3,1279.4,742.8,1738.0,,,822.4,1212.0,630.9,1196.3,2047.0,,,449.3,1012.2,503.3,979.9,1919.1,,,1058.8,829.8,1058.8,1439.3,3176.4,,,2489.6,2791.4,3176.4,3542.9,4848.2,,,,,,,,,,,,,,,,,148.8,46.2,77.9,377.5,293.3,,,146.9,52.5,161.0,186.4,198.5,,,12.5,9.3,14.2,32.1,5.4,,,116.7,216.7,111.7,402.2,568.6,,,579.3,277.4,240.5,526.3,606.0,,,626.6,391.9,121.8,852.9,742.8,,,,,,,,,,,,,,,,,1297.4,3411.7,1705.8,2878.6,3542.9,,,969.6,371.4,662.7,692.6,1244.8,,,2631.9,602.0,1561.3,682.3,1335.0,,,1919.1,1395.7,1959.9,1616.0,3838.2,,,1588.2,794.1,837.4,1228.2,1151.4,,,7676.4,4386.5,5418.6,4605.8,1644.9,,,,,,,,,,,,,,,,,4005.0,1842.3,2709.3,1738.0,5418.6,,,2971.5,1588.2,3070.5,1485.7,4187.1,,,1485.7,1228.2,2193.2,253.0,3684.6,,,3542.9,4005.0,3542.9,4605.8,3411.7,,,2002.5,1315.9,285.1,3684.6,1485.7,,,7085.9,4605.8,7085.9,6579.8,2002.5,,,,,,,,,,,,,,,,,,,,,,,,,,,,,,,,,,,,,,,,,,,,,,,,,,,,,,,,,,,,,,,,,,,,,,,,,,,,,,,,,,,,,,,,,,,,,,,,,,,,,,,,,,,,,,,,,,,,,,,,,,,,,,,,
20260823_和歌山_11R,20260823,55,和歌山,11,178.7,193.2,40.4,64.7,61.1,,,281.3,228.7,285.9,222.9,142.1,,,481.8,412.5,369.2,302.5,267.9,,,57.2,197.5,209.9,85.2,95.3,,,39.8,78.5,88.2,45.1,40.5,,,67.5,91.4,118.6,76.5,64.2,,,,,,,,,,,,,,,,,191.9,206.5,37.0,75.8,56.4,,,316.1,339.8,186.5,524.9,201.8,,,423.7,423.7,197.0,725.1,173.6,,,16.8,47.0,56.3,54.8,14.9,,,170.3,480.1,493.6,182.9,277.4,,,47.0,73.6,95.2,30.4,154.6,,,,,,,,,,,,,,,,,983.8,813.2,622.5,873.8,348.2,,,863.1,1234.1,569.5,1099.1,467.4,,,526.9,907.6,890.4,578.9,151.1,,,601.2,799.3,1172.4,1496.6,740.4,,,1143.8,1234.1,1065.8,1954.0,1406.8,,,189.6,281.9,98.7,392.9,486.8,,,,,,,,,,,,,,,,,728.9,832.4,571.9,606.4,421.2,,,736.5,760.4,417.4,1435.5,396.3,,,890.4,1026.9,1302.6,901.8,176.7,,,622.5,486.8,1234.1,1365.9,703.4,,,931.7,1617.1,1153.1,1245.0,1116.5,,,312.6,298.0,123.8,375.1,822.7,,,,,,,,,,,,,,,,,86.7,365.4,403.1,199.5,169.7,,,38.6,101.9,104.9,106.5,42.5,,,517.2,336.5,884.8,1212.8,622.5,,,645.3,383.3,1172.4,983.8,740.4,,,341.4,346.5,1278.9,868.4,657.4,,,170.9,100.5,348.2,408.9,378.1,,,,,,,,,,,,,,,,,153.7,227.2,232.1,147.6,152.0,,,324.1,931.7,842.4,413.7,502.4,,,896.1,1365.9,1004.9,1758.6,1512.7,,,785.9,1379.3,1153.1,950.5,1125.5,,,313.3,488.5,1073.9,706.9,588.6,,,288.8,560.5,827.5,817.9,534.9,,,,,,,,,,,,,,,,,69.9,85.1,102.8,87.7,76.6,,,60.8,86.6,88.7,43.8,176.5,,,78.9,96.4,28.4,137.9,235.2,,,143.1,132.6,45.2,178.3,362.5,,,129.7,78.0,185.8,198.1,267.4,,,174.9,326.4,438.2,442.4,371.2,,,,,,,,,,,,,,,,,,,,,,,,,,,,,,,,,,,,,,,,,,,,,,,,,,,,,,,,,,,,,,,,,,,,,,,,,,,,,,,,,,,,,,,,,,,,,,,,,,,,,,,,,,,,,,,,,,,,,,,,,,,,,,,,
20260823_松山_1R,20260823,75,松山,1,55.3,100.5,66.1,209.4,,,,82.2,138.2,80.5,296.1,,,,141.1,165.1,22.4,162.2,,,,34.2,29.6,5.0,61.9,,,,432.7,421.0,325.3,292.1,,,,,,,,,,,,,,,,,,,,,,,,,78.0,165.6,78.2,363.1,,,,61.7,97.2,71.2,359.3,,,,321.0,361.6,283.9,660.7,,,,122.7,154.7,139.5,727.9,,,,943.8,949.0,1227.0,1636.0,,,,,,,,,,,,,,,,,,,,,,,,,173.6,245.7,182.9,580.3,,,,102.6,132.2,126.0,455.6,,,,324.1,415.9,262.6,523.7,,,,187.1,279.7,180.8,850.4,,,,981.6,1363.3,1041.1,1455.8,,,,,,,,,,,,,,,,,,,,,,,,,352.0,349.8,51.7,291.6,,,,470.6,734.1,506.7,885.4,,,,485.2,665.8,300.3,638.6,,,,32.2,311.2,164.0,166.1,,,,543.6,1028.6,876.4,412.9,,,,,,,,,,,,,,,,,,,,,,,,,31.7,22.7,3.5,68.8,,,,120.6,205.4,167.4,525.3,,,,80.4,190.8,91.7,409.0,,,,8.1,155.6,53.0,65.6,,,,331.6,1605.4,806.5,315.2,,,,,,,,,,,,,,,,,,,,,,,,,1016.4,1101.1,904.1,508.2,,,,1253.9,1374.2,1636.0,2321.4,,,,1281.9,1770.9,1066.9,1974.5,,,,959.6,1717.8,1209.7,854.6,,,,574.5,2321.4,1667.8,908.9,,,,,,,,,,,,,,,,,,,,,,,,,,,,,,,,,,,,,,,,,,,,,,,,,,,,,,,,,,,,,,,,,,,,,,,,,,,,,,,,,,,,,,,,,,,,,,,,,,,,,,,,,,,,,,,,,,,,,,,,,,,,,,,,,,,,,,,,,,,,,,,,,,,,,,,,,,,,,,,,,,,,,,,,,,,,,,,,,,,,,,,,,,,,,,,,
20260823_松山_2R,20260823,75,松山,2,173.4,344.3,255.2,910.4,742.2,,,145.5,234.6,154.0,794.6,500.5,,,359.7,299.5,261.6,584.8,557.0,,,149.0,126.8,163.5,581.2,126.2,,,1850.7,1545.6,1026.7,1562.8,1940.1,,,774.9,849.8,842.2,315.0,1769.2,,,,,,,,,,,,,,,,,106.0,250.2,234.2,726.9,559.2,,,19.4,15.1,26.1,66.8,87.0,,,133.0,35.1,160.8,171.3,657.2,,,214.7,80.2,238.0,794.6,674.6,,,1125.2,240.8,423.6,1392.6,2305.8,,,1278.7,627.9,1875.4,1520.6,3233.5,,,,,,,,,,,,,,,,,53.3,85.0,67.3,323.7,187.1,,,12.3,10.3,23.3,62.9,82.1,,,61.9,26.4,65.5,73.8,321.1,,,55.8,69.7,127.2,290.0,215.7,,,481.7,291.2,255.2,529.7,839.7,,,715.8,719.4,1090.3,881.8,1435.2,,,,,,,,,,,,,,,,,125.0,92.6,104.1,136.9,235.0,,,90.7,30.1,102.4,86.5,428.1,,,56.5,28.3,83.1,53.3,320.4,,,75.5,164.2,138.9,90.2,344.7,,,61.0,80.5,41.5,47.9,143.8,,,884.6,1372.2,1379.0,1290.4,893.0,,,,,,,,,,,,,,,,,165.9,101.2,101.0,414.9,45.3,,,199.7,117.8,231.3,944.0,548.3,,,76.2,103.0,184.9,436.1,360.6,,,108.5,279.6,203.7,158.7,401.8,,,676.2,1580.4,1217.8,580.0,1223.1,,,280.4,1520.6,1081.9,1223.1,1769.2,,,,,,,,,,,,,,,,,2785.3,2557.4,1308.4,2404.4,2147.4,,,2384.0,719.4,710.3,2629.1,4395.5,,,1758.2,973.4,589.7,2068.5,3801.5,,,431.4,410.6,290.9,356.5,513.3,,,1758.2,3271.1,2785.3,1019.2,1791.8,,,3853.6,5516.0,5626.3,2653.9,2446.2,,,,,,,,,,,,,,,,,3349.0,3473.0,3560.9,1061.5,5209.5,,,4262.3,2841.5,2731.2,4465.3,7603.1,,,3853.6,2992.7,3057.7,3091.3,8791.1,,,4137.0,4262.3,3560.9,5307.8,5114.8,,,1202.2,4077.0,2930.3,5023.5,3473.0,,,7213.2,7603.1,8791.1,4611.7,3750.8,,,,,,,,,,,,,,,,,,,,,,,,,,,,,,,,,,,,,,,,,,,,,,,,,,,,,,,,,,,,,,,,,,,,,,,,,,,,,,,,,,,,,,,,,,,,,,,,,,,,,,,,,,,,,,,,,,,,,,,,,,,,,,,,
20260823_松山_3R,20260823,75,松山,3,30.8,92.5,24.2,19.5,49.5,,,40.5,42.1,102.1,51.1,34.3,,,179.6,131.4,431.6,245.2,245.4,,,21.0,72.8,219.9,31.3,70.8,,,12.2,21.8,90.3,20.9,29.4,,,60.5,37.4,139.7,125.0,60.9,,,,,,,,,,,,,,,,,78.9,261.2,48.7,69.6,142.3,,,207.8,403.8,152.8,486.8,201.9,,,689.2,857.4,674.7,1640.1,1150.4,,,26.5,49.0,225.5,82.8,78.4,,,117.1,285.3,999.4,179.5,372.7,,,233.4,164.5,852.8,157.1,718.7,,,,,,,,,,,,,,,,,204.6,167.0,412.1,268.3,151.9,,,269.4,384.4,502.8,783.8,347.6,,,233.4,355.3,602.3,761.4,211.8,,,731.8,610.3,783.8,1575.5,1114.3,,,539.3,1038.4,1031.7,1796.7,1220.7,,,130.8,220.1,141.6,659.4,592.2,,,,,,,,,,,,,,,,,843.8,797.5,1674.4,1202.3,990.1,,,1239.6,1640.1,2063.4,2538.3,2132.1,,,562.0,975.0,1184.5,1460.4,731.8,,,2600.2,2479.2,1859.4,2579.2,3402.4,,,1892.4,2934.2,2268.2,2643.2,3514.5,,,1998.9,2600.2,1069.6,3853.3,3593.5,,,,,,,,,,,,,,,,,32.3,86.4,243.9,61.8,94.6,,,25.0,62.7,167.8,94.8,72.0,,,345.3,260.2,514.1,745.5,615.0,,,1134.1,978.0,1005.7,1390.5,2284.4,,,184.8,256.4,593.3,898.3,543.0,,,462.1,381.6,548.5,1599.1,801.5,,,,,,,,,,,,,,,,,76.3,142.5,374.5,117.9,169.7,,,192.5,511.7,1487.5,468.9,832.8,,,456.8,801.5,975.0,1728.8,1234.8,,,1305.4,2643.2,1998.9,2422.9,2989.0,,,271.0,440.5,862.0,1289.6,690.7,,,609.1,1249.3,1059.0,1998.9,1087.8,,,,,,,,,,,,,,,,,292.3,157.0,568.0,600.0,331.0,,,478.0,505.2,1118.2,647.4,1349.4,,,134.4,294.5,184.3,646.1,666.3,,,1467.1,1926.6,813.8,2907.5,2907.5,,,919.0,731.8,1008.9,2351.6,1338.1,,,634.5,1530.2,1025.0,2076.8,1102.8,,,,,,,,,,,,,,,,,,,,,,,,,,,,,,,,,,,,,,,,,,,,,,,,,,,,,,,,,,,,,,,,,,,,,,,,,,,,,,,,,,,,,,,,,,,,,,,,,,,,,,,,,,,,,,,,,,,,,,,,,,,,,,,,
20260823_松山_4R,20260823,75,松山,4,48.2,48.5,85.5,34.9,179.7,,,41.1,138.0,25.2,25.1,387.6,,,94.9,269.3,169.7,99.4,481.2,,,93.6,43.5,152.9,51.0,476.5,,,24.4,20.3,45.5,29.7,144.6,,,271.2,702.1,835.7,954.4,264.5,,,,,,,,,,,,,,,,,142.0,59.5,169.5,103.6,333.6,,,172.9,160.5,186.5,366.8,764.8,,,46.8,102.7,71.2,104.2,102.0,,,230.1,225.8,137.1,513.7,793.1,,,178.6,462.4,160.1,534.5,911.2,,,298.9,646.5,116.7,537.0,678.5,,,,,,,,,,,,,,,,,77.8,196.5,40.4,66.0,479.8,,,133.3,161.3,108.1,278.8,677.1,,,439.8,347.8,314.0,507.6,1404.2,,,18.4,28.7,111.3,42.5,164.4,,,97.2,235.4,368.4,119.9,631.0,,,1016.7,614.0,1862.2,465.5,2224.9,,,,,,,,,,,,,,,,,275.8,791.3,580.7,408.8,1766.2,,,155.8,302.9,256.4,306.2,400.2,,,954.4,628.7,784.0,894.6,2519.4,,,815.8,507.6,789.5,1439.6,3059.3,,,648.9,741.6,887.6,1516.1,4079.1,,,2363.0,978.9,3114.9,3532.4,4965.8,,,,,,,,,,,,,,,,,103.7,55.9,124.1,85.7,359.5,,,193.0,126.1,117.9,391.1,743.2,,,24.0,39.2,117.2,52.8,260.3,,,296.9,275.4,323.8,686.6,1470.5,,,117.8,212.5,114.1,248.6,399.8,,,1410.0,1210.7,867.4,2363.0,1687.9,,,,,,,,,,,,,,,,,47.3,54.6,69.7,55.0,258.4,,,154.2,336.9,163.0,434.8,880.8,,,127.4,270.2,346.4,174.6,981.7,,,313.2,395.6,510.6,616.2,1882.6,,,140.4,347.1,205.6,499.4,839.8,,,608.6,761.4,1862.2,2102.1,1616.2,,,,,,,,,,,,,,,,,718.3,1608.6,1509.4,1766.2,998.9,,,586.7,1387.2,283.8,1255.1,1439.6,,,2089.3,2501.0,2979.5,1721.8,3938.4,,,2396.1,1091.2,2979.5,3294.6,3984.2,,,2379.4,1992.1,1721.8,3426.4,2379.4,,,1392.8,1748.1,2879.3,4230.1,2254.2,,,,,,,,,,,,,,,,,,,,,,,,,,,,,,,,,,,,,,,,,,,,,,,,,,,,,,,,,,,,,,,,,,,,,,,,,,,,,,,,,,,,,,,,,,,,,,,,,,,,,,,,,,,,,,,,,,,,,,,,,,,,,,,,
20260823_松山_5R,20260823,75,松山,5,35.1,29.4,107.2,192.5,353.4,,,16.4,10.5,40.9,13.2,211.2,,,26.7,34.8,52.3,175.1,288.4,,,210.0,177.5,104.8,771.6,371.5,,,477.8,162.6,422.5,916.1,1452.3,,,1072.8,875.2,923.8,1001.7,2131.9,,,,,,,,,,,,,,,,,60.4,50.0,176.4,350.0,487.6,,,88.8,80.9,210.8,200.9,588.6,,,32.8,40.3,28.0,222.7,169.1,,,267.5,324.4,131.1,1090.4,354.1,,,901.2,680.1,742.3,2104.9,3464.3,,,989.8,817.1,538.1,823.2,1857.9,,,,,,,,,,,,,,,,,37.6,18.5,43.3,16.1,247.0,,,99.5,143.1,356.8,226.5,795.6,,,57.5,160.7,136.5,143.1,534.6,,,176.2,634.6,266.0,510.0,866.0,,,65.2,294.8,163.0,321.6,827.3,,,870.6,1554.1,1204.9,1769.0,2409.9,,,,,,,,,,,,,,,,,60.9,80.0,137.6,371.5,445.2,,,37.2,54.7,28.5,309.9,151.5,,,87.1,133.8,171.0,291.7,523.7,,,131.0,40.9,66.5,396.3,99.7,,,1112.3,1017.0,780.7,1083.3,2277.9,,,719.8,244.0,270.8,221.8,1368.6,,,,,,,,,,,,,,,,,523.7,375.7,227.9,1274.2,649.5,,,357.2,370.7,145.2,1299.1,490.5,,,351.1,657.2,277.6,697.2,637.1,,,157.9,68.5,109.6,539.9,207.7,,,2500.5,2682.0,1561.4,1187.7,1696.8,,,677.3,544.3,440.5,331.2,825.2,,,,,,,,,,,,,,,,,1433.5,418.8,1154.7,2091.6,3228.9,,,1900.4,903.7,1797.7,3867.2,6158.8,,,285.9,689.9,548.8,1069.3,2217.1,,,1788.0,1827.3,942.1,1679.6,2867.0,,,2969.4,3867.2,2358.7,1911.3,2558.3,,,5279.0,6158.8,4890.8,3959.2,3428.6,,,,,,,,,,,,,,,,,2262.4,2325.7,2065.7,2639.5,4209.8,,,2309.5,1654.6,1222.7,1583.7,4684.2,,,2794.7,2173.7,1458.6,2145.6,4494.3,,,2217.1,1245.6,1539.7,1083.3,3500.8,,,1250.2,981.0,1568.7,752.4,1944.9,,,5364.1,6521.1,4963.8,3736.8,2578.1,,,,,,,,,,,,,,,,,,,,,,,,,,,,,,,,,,,,,,,,,,,,,,,,,,,,,,,,,,,,,,,,,,,,,,,,,,,,,,,,,,,,,,,,,,,,,,,,,,,,,,,,,,,,,,,,,,,,,,,,,,,,,,,,
20260823_松山_6R,20260823,75,松山,6,11.4,33.7,82.8,37.5,51.6,,,5.9,3.7,62.4,39.0,43.8,,,130.1,39.3,515.4,411.1,454.4,,,276.0,241.6,572.4,747.1,265.2,,,102.9,157.6,349.2,650.2,438.3,,,109.9,93.0,249.8,126.9,468.0,,,,,,,,,,,,,,,,,20.8,63.2,139.1,58.5,114.8,,,44.1,84.8,287.5,114.6,401.5,,,298.8,308.6,888.0,613.0,1060.8,,,397.4,477.4,895.7,534.0,487.1,,,90.7,93.0,141.6,364.3,362.6,,,220.7,480.3,765.5,398.9,529.5,,,,,,,,,,,,,,,,,16.8,11.9,142.3,97.9,163.3,,,62.0,166.4,559.0,323.4,743.5,,,94.1,269.1,898.3,608.2,1057.2,,,734.7,1300.4,1756.0,2486.5,2031.4,,,455.7,475.9,786.8,2390.9,2428.2,,,778.9,1466.1,1756.0,1850.1,3492.3,,,,,,,,,,,,,,,,,525.9,254.9,2204.3,2188.8,2268.7,,,636.9,786.8,2526.9,1494.3,2354.6,,,264.7,614.2,1707.7,1501.5,2058.3,,,5095.3,3656.6,3790.4,4570.8,7580.9,,,3306.5,1698.4,2044.8,5095.3,7770.4,,,4200.2,3492.3,3306.5,7228.3,9713.0,,,,,,,,,,,,,,,,,1146.9,1029.1,2656.5,2960.1,941.8,,,1134.3,1459.2,3108.1,2268.7,1736.4,,,1155.4,1861.1,2236.1,3453.5,2932.2,,,4933.6,4639.0,3492.3,4316.9,6613.1,,,3837.2,3204.3,4856.5,4316.9,2204.3,,,807.3,1177.3,1438.9,2726.4,2058.3,,,,,,,,,,,,,,,,,350.0,427.5,1357.2,2466.8,1872.3,,,265.4,180.9,307.1,840.0,1138.5,,,575.5,292.6,354.8,3047.2,3378.4,,,2775.1,1412.8,1746.1,4639.0,6907.0,,,4036.5,3077.4,5755.8,3984.8,2775.1,,,2988.6,2568.7,5977.2,7064.0,2611.9,,,,,,,,,,,,,,,,,321.0,187.3,571.3,289.4,1200.0,,,373.5,883.0,1223.6,726.2,1466.1,,,594.2,1610.4,1009.1,1546.3,3656.6,,,2409.4,3108.1,2775.1,4200.2,7064.0,,,376.7,568.2,646.1,1279.0,1432.3,,,2486.5,1635.8,3885.2,5550.3,1817.6,,,,,,,,,,,,,,,,,,,,,,,,,,,,,,,,,,,,,,,,,,,,,,,,,,,,,,,,,,,,,,,,,,,,,,,,,,,,,,,,,,,,,,,,,,,,,,,,,,,,,,,,,,,,,,,,,,,,,,,,,,,,,,,,
20260823_松山_7R,20260823,75,松山,7,4.6,11.7,24.7,35.7,90.7,,,10.4,30.5,87.5,87.8,212.0,,,44.2,53.5,121.1,84.1,258.7,,,88.6,124.0,147.4,496.2,247.6,,,99.3,172.3,114.7,588.2,578.5,,,397.7,468.5,580.5,567.4,845.0,,,,,,,,,,,,,,,,,14.3,23.1,43.4,66.0,161.2,,,43.7,75.3,187.7,188.2,429.7,,,96.8,98.9,178.5,158.0,466.0,,,194.5,285.0,271.2,639.5,324.1,,,247.9,335.5,231.8,701.9,1480.5,,,771.0,1474.3,1545.4,976.0,2888.2,,,,,,,,,,,,,,,,,30.0,77.4,186.7,186.4,414.0,,,54.2,107.7,327.1,226.3,580.5,,,156.3,178.8,283.9,237.7,596.2,,,533.8,595.2,407.3,1174.5,511.4,,,406.8,524.3,349.5,1186.4,1844.8,,,1499.4,1166.7,1525.3,1147.7,2888.2,,,,,,,,,,,,,,,,,153.5,146.6,266.9,185.3,756.1,,,176.5,182.0,327.7,219.1,517.4,,,118.0,162.5,139.5,89.3,234.4,,,378.0,457.0,253.1,285.3,399.9,,,126.5,185.2,72.9,228.9,414.5,,,1559.1,1376.4,728.0,690.9,947.2,,,,,,,,,,,,,,,,,229.2,318.0,347.8,1182.4,424.5,,,280.9,444.3,458.8,1324.6,506.2,,,550.5,682.8,451.7,1371.0,548.0,,,445.4,554.9,359.9,469.8,478.1,,,1744.3,1807.0,1825.7,729.5,1608.9,,,532.2,643.0,374.4,472.3,1166.7,,,,,,,,,,,,,,,,,490.7,609.6,457.6,1968.5,2752.8,,,411.1,630.3,430.2,1499.4,2629.5,,,305.0,827.1,224.4,1854.5,2572.0,,,195.8,309.9,139.8,437.1,910.5,,,2481.4,1936.0,1797.7,1039.4,1874.2,,,5033.7,5872.7,5106.7,2796.5,2841.6,,,,,,,,,,,,,,,,,1816.3,2413.4,2796.5,3355.8,5593.0,,,1376.4,3632.6,3595.5,3748.5,6776.2,,,2864.7,3324.1,2333.5,2161.7,5259.1,,,3559.2,3090.9,2333.5,2752.8,3709.1,,,2364.8,2689.8,1616.3,2202.2,2516.8,,,6648.3,7047.3,6648.3,4097.2,2961.0,,,,,,,,,,,,,,,,,,,,,,,,,,,,,,,,,,,,,,,,,,,,,,,,,,,,,,,,,,,,,,,,,,,,,,,,,,,,,,,,,,,,,,,,,,,,,,,,,,,,,,,,,,,,,,,,,,,,,,,,,,,,,,,,
20260823_松山_8R,20260823,75,松山,8,78.0,13.8,51.1,18.7,80.9,,,163.3,214.6,68.5,103.2,733.0,,,10.0,89.5,42.8,14.0,227.4,,,38.2,17.7,50.9,30.8,336.3,,,9.0,24.8,11.1,15.8,135.7,,,553.2,1384.0,874.2,1065.4,540.8,,,,,,,,,,,,,,,,,439.6,133.3,285.9,145.6,532.7,,,1093.3,1893.1,2009.3,1516.9,3272.3,,,150.5,711.3,449.1,202.3,333.1,,,604.3,1211.9,944.6,800.9,2245.7,,,210.4,795.3,280.8,497.4,694.1,,,1255.1,2373.7,985.2,2411.2,1286.8,,,,,,,,,,,,,,,,,1080.4,1607.4,753.5,884.4,2449.9,,,1128.4,4281.6,2423.9,1755.2,3344.0,,,2386.1,5519.6,2223.9,3014.0,2827.9,,,905.3,2290.6,2160.9,1847.3,2694.8,,,938.7,1782.6,2573.7,1869.9,3849.8,,,6275.7,5799.1,4127.3,8483.9,7764.9,,,,,,,,,,,,,,,,,84.3,324.4,159.1,76.3,771.2,,,145.5,834.4,498.5,222.2,356.5,,,1305.2,2423.9,1607.4,1618.8,2793.4,,,592.6,938.7,1151.0,802.3,3497.1,,,113.7,248.5,813.7,537.7,1363.4,,,2476.3,1613.1,2810.6,5206.0,2743.3,,,,,,,,,,,,,,,,,336.6,247.1,339.6,238.1,1221.6,,,669.7,1413.9,1265.5,914.4,2082.4,,,622.4,1522.0,1401.0,1335.6,2881.3,,,747.3,1355.4,1511.9,1083.0,4723.0,,,382.4,882.7,1151.0,1103.9,2398.5,,,3607.3,4090.4,4203.0,5655.9,3344.0,,,,,,,,,,,,,,,,,22.9,49.3,20.5,26.0,211.1,,,74.0,269.9,104.9,208.2,299.4,,,271.4,557.3,697.3,535.8,1388.2,,,61.1,96.8,351.0,203.8,621.6,,,106.2,261.0,293.4,305.8,661.0,,,834.4,1083.0,2045.2,1647.9,1624.5,,,,,,,,,,,,,,,,,2918.0,6941.3,3817.7,6108.4,2349.3,,,3054.2,5799.1,2160.9,6452.5,2899.5,,,7764.9,9349.6,4241.9,9999.9,9162.6,,,4447.8,2463.0,4281.6,8643.9,6108.4,,,7635.5,8483.9,8810.2,9162.6,4405.1,,,2517.2,3295.9,7158.3,5949.7,3915.6,,,,,,,,,,,,,,,,,,,,,,,,,,,,,,,,,,,,,,,,,,,,,,,,,,,,,,,,,,,,,,,,,,,,,,,,,,,,,,,,,,,,,,,,,,,,,,,,,,,,,,,,,,,,,,,,,,,,,,,,,,,,,,,,
20260823_松山_9R,20260823,75,松山,9,116.9,221.3,209.5,468.1,629.8,,,28.0,16.6,23.2,90.1,83.7,,,120.2,34.9,111.0,212.4,303.1,,,141.9,63.0,166.6,439.6,335.5,,,931.7,367.1,633.2,892.0,927.3,,,782.3,272.5,518.7,577.0,677.2,,,,,,,,,,,,,,,,,316.9,495.9,385.9,1170.3,1250.3,,,244.4,400.2,248.3,1186.9,1266.5,,,391.6,417.3,287.2,985.1,1043.0,,,233.9,225.4,235.5,584.5,690.0,,,1845.9,2046.0,1603.1,1711.0,2566.5,,,1741.5,2003.9,1485.1,1300.3,2322.0,,,,,,,,,,,,,,,,,19.4,9.5,14.1,55.8,51.3,,,80.5,138.2,114.7,344.0,460.0,,,19.0,53.2,47.8,188.9,148.8,,,36.3,67.5,67.8,227.3,142.0,,,249.7,578.7,413.8,513.3,566.4,,,152.8,576.5,256.8,244.3,313.7,,,,,,,,,,,,,,,,,96.6,36.7,100.7,182.6,237.8,,,170.7,187.6,176.3,399.9,530.0,,,25.0,65.9,74.6,189.5,218.9,,,128.0,101.0,120.3,278.3,292.2,,,567.0,718.8,589.2,672.6,622.5,,,375.8,546.8,348.9,430.2,312.4,,,,,,,,,,,,,,,,,98.9,63.8,136.0,402.1,297.7,,,65.7,58.7,73.8,196.8,239.6,,,44.4,63.7,96.0,266.5,179.9,,,138.5,87.3,97.0,344.0,282.1,,,648.7,623.8,581.0,592.2,515.1,,,364.1,393.2,315.2,373.9,320.8,,,,,,,,,,,,,,,,,1893.7,998.5,1430.7,1784.0,1342.1,,,2175.3,2259.3,1757.2,2322.0,2522.2,,,865.6,1976.9,1147.3,1389.9,1339.0,,,1420.3,1560.4,1386.6,1199.1,1147.3,,,1629.9,2075.0,1413.4,1106.1,1189.3,,,967.2,1590.1,1041.2,870.7,858.0,,,,,,,,,,,,,,,,,1104.0,442.6,694.1,894.7,713.6,,,1106.1,1548.0,1255.7,1216.5,1399.9,,,298.4,1073.6,496.3,453.2,569.2,,,627.8,1000.2,570.3,569.2,588.1,,,688.4,797.2,447.0,552.5,720.6,,,501.4,771.9,531.9,524.8,582.2,,,,,,,,,,,,,,,,,,,,,,,,,,,,,,,,,,,,,,,,,,,,,,,,,,,,,,,,,,,,,,,,,,,,,,,,,,,,,,,,,,,,,,,,,,,,,,,,,,,,,,,,,,,,,,,,,,,,,,,,,,,,,,,,
20260823_武雄_1R,20260823,84,武雄,1,1385.9,654.6,579.1,1570.0,921.8,,,2309.9,930.3,1063.3,3464.8,810.3,,,134.3,370.0,62.5,644.1,183.3,,,244.1,453.6,199.1,577.4,184.7,,,1932.3,3091.7,1415.2,1280.0,1511.0,,,616.4,316.4,209.5,269.3,1122.7,,,,,,,,,,,,,,,,,2543.8,712.6,858.8,1732.4,1240.5,,,2752.9,961.5,1304.9,3140.0,785.0,,,470.6,844.3,690.5,652.4,279.8,,,669.8,913.4,989.9,1534.0,676.6,,,534.4,1466.8,387.9,1405.3,507.4,,,961.5,291.6,276.0,833.8,1154.9,,,,,,,,,,,,,,,,,2543.8,1148.3,1435.4,4368.7,917.6,,,2576.4,921.8,1256.0,3140.0,599.8,,,813.6,589.3,788.0,1357.8,105.9,,,1620.6,1116.4,1041.2,4101.3,640.0,,,4784.8,3653.8,1747.5,4465.8,2283.6,,,351.3,191.2,41.9,266.8,794.3,,,,,,,,,,,,,,,,,55.4,130.2,25.5,306.3,65.3,,,188.5,318.9,193.9,416.9,154.9,,,344.7,339.4,385.7,624.1,53.5,,,91.5,164.4,336.6,464.1,144.4,,,368.0,310.1,637.9,569.3,247.7,,,32.5,58.7,8.4,40.7,142.5,,,,,,,,,,,,,,,,,220.8,405.9,239.2,596.3,159.7,,,386.4,544.6,628.0,1348.7,327.3,,,885.3,663.2,755.5,3864.6,396.3,,,366.0,591.0,637.9,939.0,262.6,,,1348.7,1762.8,3091.7,1435.4,1189.1,,,226.3,314.4,141.4,179.2,947.9,,,,,,,,,,,,,,,,,1175.2,2450.7,720.3,794.3,1063.3,,,345.8,1063.3,232.8,926.1,296.4,,,2999.4,2644.2,1322.1,3406.1,1620.6,,,269.7,259.6,755.5,574.1,191.0,,,1014.9,1913.9,2955.3,1104.1,970.8,,,823.6,893.1,434.9,295.5,767.0,,,,,,,,,,,,,,,,,280.2,155.4,69.5,131.0,524.7,,,386.4,120.6,118.0,385.7,584.1,,,102.7,55.7,9.7,70.3,238.9,,,16.4,30.1,3.9,23.4,62.2,,,158.4,240.6,110.9,97.1,513.9,,,847.9,733.4,497.4,259.6,661.0,,,,,,,,,,,,,,,,,,,,,,,,,,,,,,,,,,,,,,,,,,,,,,,,,,,,,,,,,,,,,,,,,,,,,,,,,,,,,,,,,,,,,,,,,,,,,,,,,,,,,,,,,,,,,,,,,,,,,,,,,,,,,,,,
20260823_武雄_2R,20260823,84,武雄,2,1936.6,5187.5,4685.5,4685.5,3301.1,,,907.8,931.0,327.8,480.9,74.5,,,6916.7,4272.0,5008.6,6315.2,3822.3,,,3631.2,631.5,3090.4,1497.4,896.6,,,3925.7,949.3,3542.7,1438.1,1200.4,,,1370.2,81.4,1344.9,388.3,539.9,,,,,,,,,,,,,,,,,1060.2,2504.3,2269.5,2964.3,1962.8,,,385.2,200.9,252.1,470.0,205.7,,,1117.3,366.7,479.3,595.2,688.3,,,1596.1,537.9,913.5,1332.5,1332.5,,,2793.2,885.6,1497.4,1410.2,1632.0,,,880.3,357.7,949.3,1030.1,1497.4,,,,,,,,,,,,,,,,,216.4,353.4,54.8,99.4,21.0,,,130.7,74.8,105.0,174.3,99.2,,,569.6,234.6,265.0,311.6,310.3,,,33.8,117.7,146.5,35.3,34.6,,,87.2,148.5,203.1,54.3,49.8,,,4.0,35.0,69.2,11.7,17.9,,,,,,,,,,,,,,,,,3925.7,3301.1,3724.3,6315.2,3377.9,,,1989.7,1263.0,1117.3,1210.4,1344.9,,,3631.2,1793.2,1962.8,1344.9,1838.6,,,5810.0,2045.7,2305.5,1171.3,3026.0,,,5008.6,1688.9,1729.1,1613.9,3090.4,,,2105.0,1989.7,1886.3,3090.4,2793.2,,,,,,,,,,,,,,,,,3301.1,548.1,2689.8,1171.3,764.4,,,2045.7,741.0,1452.5,1545.2,1729.1,,,178.0,376.2,464.0,199.7,156.3,,,4539.0,2017.3,1838.6,1210.4,2593.7,,,744.8,1210.4,340.1,830.0,417.3,,,381.2,1452.5,220.7,1424.0,468.5,,,,,,,,,,,,,,,,,1962.8,583.3,1482.1,854.4,780.9,,,1793.2,678.7,1100.3,1210.4,1230.9,,,210.8,303.8,377.2,129.1,92.0,,,2964.3,1632.0,1100.3,1100.3,2200.7,,,532.0,798.0,247.8,642.7,291.6,,,380.2,722.6,137.5,961.9,273.5,,,,,,,,,,,,,,,,,524.3,25.0,562.9,178.8,225.5,,,729.9,297.0,891.1,913.5,1210.4,,,6.4,70.6,73.1,23.8,29.1,,,1180.9,1545.2,585.6,1344.9,2105.0,,,263.1,913.5,99.7,816.0,301.9,,,322.7,839.6,108.9,849.4,272.5,,,,,,,,,,,,,,,,,,,,,,,,,,,,,,,,,,,,,,,,,,,,,,,,,,,,,,,,,,,,,,,,,,,,,,,,,,,,,,,,,,,,,,,,,,,,,,,,,,,,,,,,,,,,,,,,,,,,,,,,,,,,,,,,
20260823_武雄_3R,20260823,84,武雄,3,405.9,662.7,375.0,1320.1,788.2,,,373.2,734.7,363.2,1546.4,922.6,,,665.4,1047.6,217.6,755.2,1330.9,,,160.2,183.4,81.0,341.8,496.5,,,1824.4,2706.3,1364.5,1151.6,2577.4,,,1054.4,1399.8,1640.1,1220.8,2619.0,,,,,,,,,,,,,,,,,274.7,599.1,356.8,837.0,398.9,,,73.7,198.9,29.9,95.1,13.2,,,1341.9,859.1,1387.8,2136.5,927.8,,,239.1,60.9,447.3,405.9,127.8,,,1424.3,334.1,1517.5,990.1,436.5,,,225.2,36.7,359.2,140.9,164.3,,,,,,,,,,,,,,,,,166.3,334.8,120.1,712.1,400.9,,,42.5,103.6,11.2,80.7,7.1,,,728.1,444.8,352.9,933.2,1127.6,,,36.9,17.3,76.3,110.6,48.1,,,1353.1,442.4,960.8,571.7,762.3,,,298.4,41.1,544.8,88.2,386.6,,,,,,,,,,,,,,,,,1047.6,1764.9,250.9,1239.5,1888.1,,,1489.7,1320.1,1258.7,2848.7,1546.4,,,1910.3,1239.5,1239.5,1709.2,2952.3,,,154.9,449.8,603.6,355.3,1054.4,,,2029.7,2899.6,2136.5,1268.5,4775.8,,,2619.0,1866.4,3454.8,2498.1,4163.5,,,,,,,,,,,,,,,,,60.7,63.2,12.6,116.9,172.1,,,100.4,25.7,141.6,245.6,53.4,,,53.4,15.9,67.9,108.9,60.0,,,40.3,121.6,132.1,108.8,273.8,,,375.0,302.9,280.4,239.1,330.7,,,306.3,100.1,139.7,324.7,225.8,,,,,,,,,,,,,,,,,2287.0,3313.8,1503.5,2194.3,2799.6,,,2081.7,626.9,2387.9,1764.9,668.2,,,2577.4,731.4,1607.7,1230.1,1691.4,,,2661.9,3454.8,2194.3,1607.7,2952.3,,,1845.2,1764.9,1127.6,1320.1,1211.7,,,2460.2,837.0,1784.3,2799.6,1387.8,,,,,,,,,,,,,,,,,966.5,1202.8,1364.5,1399.8,2387.9,,,393.1,58.2,520.4,221.5,190.1,,,612.7,83.2,1021.2,279.4,324.1,,,2661.9,1623.7,2460.2,2498.1,3183.9,,,1104.6,317.1,340.4,1309.5,769.5,,,1845.2,665.4,949.5,2577.4,1104.6,,,,,,,,,,,,,,,,,,,,,,,,,,,,,,,,,,,,,,,,,,,,,,,,,,,,,,,,,,,,,,,,,,,,,,,,,,,,,,,,,,,,,,,,,,,,,,,,,,,,,,,,,,,,,,,,,,,,,,,,,,,,,,,,
20260823_武雄_4R,20260823,84,武雄,4,1937.9,1565.2,1122.6,3191.9,3785.7,,,2199.8,1050.2,386.6,1985.2,3130.5,,,1580.4,1078.0,471.8,1453.4,1334.3,,,661.7,212.2,236.2,382.1,1036.8,,,3538.8,2466.4,1829.0,986.5,3130.5,,,3970.4,4651.0,2170.5,2429.6,2906.9,,,,,,,,,,,,,,,,,1403.3,909.4,870.5,1985.2,2713.1,,,889.5,289.1,308.8,935.5,1214.8,,,138.6,112.1,32.2,138.4,33.2,,,167.1,146.7,71.6,515.1,497.8,,,2466.4,1535.7,667.1,1334.3,1937.9,,,3391.4,3322.1,508.7,1535.7,2060.6,,,,,,,,,,,,,,,,,1114.9,701.6,258.3,1271.7,1769.4,,,764.2,276.8,283.6,809.8,1138.3,,,308.8,203.4,76.2,298.1,210.3,,,50.2,124.4,47.1,213.0,260.8,,,1196.9,1334.3,717.1,551.8,1985.2,,,2906.9,2668.6,729.9,633.4,1017.4,,,,,,,,,,,,,,,,,321.0,411.0,221.4,508.7,360.1,,,71.3,58.3,22.7,82.8,15.7,,,262.5,112.9,66.5,217.6,140.6,,,57.7,42.7,39.0,99.8,67.4,,,500.8,257.9,388.5,238.6,288.1,,,313.0,65.7,239.3,120.7,188.6,,,,,,,,,,,,,,,,,104.2,14.3,21.9,50.5,172.4,,,85.9,72.0,46.0,287.6,313.6,,,8.3,46.2,13.4,60.3,128.1,,,22.7,43.0,18.5,71.2,71.0,,,115.6,429.5,129.4,120.9,381.2,,,503.9,847.8,523.4,376.8,720.2,,,,,,,,,,,,,,,,,2625.6,1535.7,1092.5,739.9,1466.5,,,1788.8,1107.3,771.5,1223.9,1808.7,,,914.5,1030.3,559.4,539.0,1345.3,,,306.5,455.9,473.2,185.6,282.6,,,197.0,692.7,304.8,171.8,299.2,,,2060.6,1985.2,2359.2,1154.5,1070.9,,,,,,,,,,,,,,,,,4174.0,5251.2,1611.7,3322.1,3130.5,,,3785.7,3617.5,643.4,2087.0,2806.6,,,4787.8,4069.6,1937.9,1961.2,2668.6,,,1453.4,493.2,1565.2,733.2,1154.5,,,2292.7,2170.5,1808.7,899.3,1403.3,,,4069.6,3322.1,3322.1,1678.2,1507.2,,,,,,,,,,,,,,,,,,,,,,,,,,,,,,,,,,,,,,,,,,,,,,,,,,,,,,,,,,,,,,,,,,,,,,,,,,,,,,,,,,,,,,,,,,,,,,,,,,,,,,,,,,,,,,,,,,,,,,,,,,,,,,,,
20260823_武雄_5R,20260823,84,武雄,5,945.2,396.5,325.6,484.4,217.5,,,1181.6,865.7,763.6,999.3,664.9,,,255.2,285.2,76.8,25.6,16.9,,,269.4,275.4,129.8,155.7,63.6,,,293.4,325.0,38.1,102.6,38.7,,,62.7,88.6,6.2,17.4,22.2,,,,,,,,,,,,,,,,,1314.8,622.3,502.5,777.2,384.3,,,1900.8,3886.2,892.2,1469.5,2866.8,,,1377.0,3429.0,1964.9,1714.5,1377.0,,,251.9,162.3,685.8,393.8,283.8,,,848.9,982.4,910.8,950.4,925.2,,,324.4,1547.6,817.1,379.3,870.0,,,,,,,,,,,,,,,,,2610.1,1943.1,1377.0,2010.1,1589.8,,,2159.0,4371.9,945.2,1731.4,2914.6,,,3238.5,4996.5,2463.0,1880.4,4726.4,,,1005.0,802.1,1964.9,993.6,1366.2,,,1921.7,1534.0,1589.8,1377.0,3429.0,,,1900.8,3974.5,4602.0,1784.4,3886.2,,,,,,,,,,,,,,,,,750.5,770.3,242.8,148.9,86.9,,,1324.8,2914.6,1604.3,1784.4,1534.0,,,2033.4,4066.9,2571.7,1697.8,3179.6,,,685.8,1731.4,1421.7,809.6,828.8,,,307.3,1410.3,1214.4,728.6,496.8,,,190.0,1258.1,1840.8,728.6,546.4,,,,,,,,,,,,,,,,,233.1,194.0,216.4,251.6,79.7,,,106.8,74.9,402.0,198.0,149.7,,,202.6,141.9,645.3,192.5,255.6,,,603.0,1276.4,1106.8,791.3,883.2,,,205.4,347.6,191.3,544.7,213.2,,,87.7,189.0,145.9,378.5,207.6,,,,,,,,,,,,,,,,,215.3,169.4,41.2,60.2,46.2,,,505.4,844.8,787.7,398.3,728.6,,,638.2,1092.9,840.7,525.1,1181.6,,,174.5,930.2,534.7,341.5,336.9,,,95.1,227.7,133.1,195.6,154.8,,,57.3,577.1,579.0,275.8,105.7,,,,,,,,,,,,,,,,,53.5,85.3,9.9,15.6,27.3,,,142.9,622.3,439.3,152.2,511.3,,,571.5,1113.8,1314.8,481.7,1214.4,,,92.3,571.5,887.7,364.3,390.3,,,42.9,104.7,73.5,211.9,95.6,,,62.7,538.0,693.9,298.4,113.1,,,,,,,,,,,,,,,,,,,,,,,,,,,,,,,,,,,,,,,,,,,,,,,,,,,,,,,,,,,,,,,,,,,,,,,,,,,,,,,,,,,,,,,,,,,,,,,,,,,,,,,,,,,,,,,,,,,,,,,,,,,,,,,,
20260823_武雄_6R,20260823,84,武雄,6,669.8,1496.8,748.4,1410.4,616.3,,,579.7,364.8,579.7,394.3,284.2,,,2037.3,883.6,2095.5,1880.6,1128.3,,,562.0,624.2,1383.8,991.1,420.3,,,1452.3,566.3,1309.7,1222.4,575.2,,,193.2,113.0,336.4,180.2,271.1,,,,,,,,,,,,,,,,,1062.9,2256.7,776.1,1856.8,878.3,,,873.1,688.6,422.7,553.5,1004.7,,,2292.0,1512.2,2009.4,1648.1,1481.7,,,318.8,177.5,577.5,320.9,363.0,,,2009.4,756.1,1397.0,685.4,2037.3,,,922.5,1222.4,1321.5,635.0,2157.1,,,,,,,,,,,,,,,,,158.2,123.3,154.5,134.4,96.5,,,160.4,169.1,113.1,179.5,173.3,,,45.0,47.8,31.1,11.5,30.6,,,116.1,69.5,41.9,59.5,83.2,,,43.0,53.9,5.8,37.8,28.9,,,65.9,123.5,47.1,89.7,54.0,,,,,,,,,,,,,,,,,1982.2,971.4,2222.5,1955.8,1686.0,,,1544.0,1192.5,1686.0,1481.7,1466.8,,,328.8,396.4,334.9,100.0,279.9,,,2256.7,1577.2,705.2,934.3,2328.3,,,1111.2,883.6,160.4,916.8,1164.1,,,1767.3,1397.0,629.5,2820.9,1466.8,,,,,,,,,,,,,,,,,335.6,406.3,894.4,772.0,336.4,,,136.7,48.3,139.8,123.0,177.1,,,205.1,77.7,44.0,60.3,170.5,,,1383.8,557.7,323.8,509.3,1243.1,,,847.9,287.6,110.6,444.5,347.6,,,282.0,287.0,161.1,814.9,373.2,,,,,,,,,,,,,,,,,899.9,356.0,729.7,708.6,408.6,,,1146.0,432.7,772.0,363.0,1111.2,,,123.8,123.7,20.4,99.2,87.7,,,867.9,688.6,102.0,487.3,525.7,,,651.9,269.6,215.0,465.6,295.7,,,265.2,516.5,179.5,342.7,241.6,,,,,,,,,,,,,,,,,82.0,35.7,123.5,132.6,151.3,,,253.3,285.3,492.2,427.6,905.4,,,64.6,145.0,57.1,171.7,86.4,,,520.1,784.4,288.1,934.3,593.8,,,293.9,342.7,240.4,613.7,316.1,,,270.6,543.2,174.8,410.8,295.7,,,,,,,,,,,,,,,,,,,,,,,,,,,,,,,,,,,,,,,,,,,,,,,,,,,,,,,,,,,,,,,,,,,,,,,,,,,,,,,,,,,,,,,,,,,,,,,,,,,,,,,,,,,,,,,,,,,,,,,,,,,,,,,,
20260823_武雄_7R,20260823,84,武雄,7,1737.3,2516.2,2178.2,1727.1,3138.5,,,1621.5,1403.2,2494.7,1186.5,1639.7,,,2392.4,1552.5,2583.0,799.6,2228.1,,,2262.6,3138.5,2560.3,2194.6,3891.7,,,1105.6,900.8,621.0,1459.4,1466.7,,,2162.0,1824.2,2494.7,2861.5,2335.0,,,,,,,,,,,,,,,,,929.5,868.6,746.5,772.1,953.8,,,306.9,88.3,78.5,155.6,62.3,,,291.8,101.4,129.4,104.9,137.8,,,157.0,59.5,84.9,58.3,111.5,,,225.5,255.1,169.3,132.5,366.2,,,531.6,102.3,192.4,271.5,343.7,,,,,,,,,,,,,,,,,458.2,360.7,664.8,313.5,303.4,,,176.5,46.9,53.8,93.4,36.4,,,138.8,43.5,70.0,37.3,22.6,,,399.8,82.0,120.1,165.6,91.0,,,96.4,118.9,51.0,156.3,63.2,,,75.8,17.8,17.5,33.9,27.4,,,,,,,,,,,,,,,,,778.3,558.0,848.4,221.4,598.1,,,329.4,104.9,227.3,113.7,143.9,,,195.7,90.8,153.2,48.8,35.7,,,713.6,297.2,277.1,259.4,574.5,,,28.1,64.7,33.6,158.7,53.6,,,358.1,261.5,82.9,555.9,156.5,,,,,,,,,,,,,,,,,895.3,1758.3,1536.2,1126.9,1649.0,,,155.1,63.1,96.5,70.2,116.8,,,603.0,119.9,190.6,286.1,183.8,,,836.3,229.8,230.0,272.5,496.3,,,247.7,154.0,336.6,226.0,447.6,,,1109.8,356.8,291.5,579.1,590.8,,,,,,,,,,,,,,,,,414.6,364.8,145.2,605.5,483.2,,,524.9,419.9,241.8,438.9,633.1,,,169.3,309.5,102.5,442.9,172.9,,,41.1,104.3,55.4,154.5,96.3,,,610.6,412.2,552.8,276.1,766.0,,,618.3,746.5,377.1,303.7,923.6,,,,,,,,,,,,,,,,,2115.0,1093.1,1758.3,2560.3,2070.0,,,1357.5,241.4,606.8,576.8,909.2,,,272.0,109.1,86.7,164.3,155.0,,,941.5,609.3,183.5,920.7,480.0,,,1812.9,598.1,362.1,976.1,1046.1,,,1252.7,1101.4,433.7,654.4,1191.3,,,,,,,,,,,,,,,,,,,,,,,,,,,,,,,,,,,,,,,,,,,,,,,,,,,,,,,,,,,,,,,,,,,,,,,,,,,,,,,,,,,,,,,,,,,,,,,,,,,,,,,,,,,,,,,,,,,,,,,,,,,,,,,,
