race_key,date,jo_code,jo_name,race_no,1-2-3,1-2-4,1-2-5,1-2-6,1-2-7,1-2-8,1-2-9,1-3-2,1-3-4,1-3-5,1-3-6,1-3-7,1-3-8,1-3-9,1-4-2,1-4-3,1-4-5,1-4-6,1-4-7,1-4-8,1-4-9,1-5-2,1-5-3,1-5-4,1-5-6,1-5-7,1-5-8,1-5-9,1-6-2,1-6-3,1-6-4,1-6-5,1-6-7,1-6-8,1-6-9,1-7-2,1-7-3,1-7-4,1-7-5,1-7-6,1-7-8,1-7-9,1-8-2,1-8-3,1-8-4,1-8-5,1-8-6,1-8-7,1-8-9,1-9-2,1-9-3,1-9-4,1-9-5,1-9-6,1-9-7,1-9-8,2-1-3,2-1-4,2-1-5,2-1-6,2-1-7,2-1-8,2-1-9,2-3-1,2-3-4,2-3-5,2-3-6,2-3-7,2-3-8,2-3-9,2-4-1,2-4-3,2-4-5,2-4-6,2-4-7,2-4-8,2-4-9,2-5-1,2-5-3,2-5-4,2-5-6,2-5-7,2-5-8,2-5-9,2-6-1,2-6-3,2-6-4,2-6-5,2-6-7,2-6-8,2-6-9,2-7-1,2-7-3,2-7-4,2-7-5,2-7-6,2-7-8,2-7-9,2-8-1,2-8-3,2-8-4,2-8-5,2-8-6,2-8-7,2-8-9,2-9-1,2-9-3,2-9-4,2-9-5,2-9-6,2-9-7,2-9-8,3-1-2,3-1-4,3-1-5,3-1-6,3-1-7,3-1-8,3-1-9,3-2-1,3-2-4,3-2-5,3-2-6,3-2-7,3-2-8,3-2-9,3-4-1,3-4-2,3-4-5,3-4-6,3-4-7,3-4-8,3-4-9,3-5-1,3-5-2,3-5-4,3-5-6,3-5-7,3-5-8,3-5-9,3-6-1,3-6-2,3-6-4,3-6-5,3-6-7,3-6-8,3-6-9,3-7-1,3-7-2,3-7-4,3-7-5,3-7-6,3-7-8,3-7-9,3-8-1,3-8-2,3-8-4,3-8-5,3-8-6,3-8-7,3-8-9,3-9-1,3-9-2,3-9-4,3-9-5,3-9-6,3-9-7,3-9-8,4-1-2,4-1-3,4-1-5,4-1-6,4-1-7,4-1-8,4-1-9,4-2-1,4-2-3,4-2-5,4-2-6,4-2-7,4-2-8,4-2-9,4-3-1,4-3-2,4-3-5,4-3-6,4-3-7,4-3-8,4-3-9,4-5-1,4-5-2,4-5-3,4-5-6,4-5-7,4-5-8,4-5-9,4-6-1,4-6-2,4-6-3,4-6-5,4-6-7,4-6-8,4-6-9,4-7-1,4-7-2,4-7-3,4-7-5,4-7-6,4-7-8,4-7-9,4-8-1,4-8-2,4-8-3,4-8-5,4-8-6,4-8-7,4-8-9,4-9-1,4-9-2,4-9-3,4-9-5,4-9-6,4-9-7,4-9-8,5-1-2,5-1-3,5-1-4,5-1-6,5-1-7,5-1-8,5-1-9,5-2-1,5-2-3,5-2-4,5-2-6,5-2-7,5-2-8,5-2-9,5-3-1,5-3-2,5-3-4,5-3-6,5-3-7,5-3-8,5-3-9,5-4-1,5-4-2,5-4-3,5-4-6,5-4-7,5-4-8,5-4-9,5-6-1,5-6-2,5-6-3,5-6-4,5-6-7,5-6-8,5-6-9,5-7-1,5-7-2,5-7-3,5-7-4,5-7-6,5-7-8,5-7-9,5-8-1,5-8-2,5-8-3,5-8-4,5-8-6,5-8-7,5-8-9,5-9-1,5-9-2,5-9-3,5-9-4,5-9-6,5-9-7,5-9-8,6-1-2,6-1-3,6-1-4,6-1-5,6-1-7,6-1-8,6-1-9,6-2-1,6-2-3,6-2-4,6-2-5,6-2-7,6-2-8,6-2-9,6-3-1,6-3-2,6-3-4,6-3-5,6-3-7,6-3-8,6-3-9,6-4-1,6-4-2,6-4-3,6-4-5,6-4-7,6-4-8,6-4-9,6-5-1,6-5-2,6-5-3,6-5-4,6-5-7,6-5-8,6-5-9,6-7-1,6-7-2,6-7-3,6-7-4,6-7-5,6-7-8,6-7-9,6-8-1,6-8-2,6-8-3,6-8-4,6-8-5,6-8-7,6-8-9,6-9-1,6-9-2,6-9-3,6-9-4,6-9-5,6-9-7,6-9-8,7-1-2,7-1-3,7-1-4,7-1-5,7-1-6,7-1-8,7-1-9,7-2-1,7-2-3,7-2-4,7-2-5,7-2-6,7-2-8,7-2-9,7-3-1,7-3-2,7-3-4,7-3-5,7-3-6,7-3-8,7-3-9,7-4-1,7-4-2,7-4-3,7-4-5,7-4-6,7-4-8,7-4-9,7-5-1,7-5-2,7-5-3,7-5-4,7-5-6,7-5-8,7-5-9,7-6-1,7-6-2,7-6-3,7-6-4,7-6-5,7-6-8,7-6-9,7-8-1,7-8-2,7-8-3,7-8-4,7-8-5,7-8-6,7-8-9,7-9-1,7-9-2,7-9-3,7-9-4,7-9-5,7-9-6,7-9-8,8-1-2,8-1-3,8-1-4,8-1-5,8-1-6,8-1-7,8-1-9,8-2-1,8-2-3,8-2-4,8-2-5,8-2-6,8-2-7,8-2-9,8-3-1,8-3-2,8-3-4,8-3-5,8-3-6,8-3-7,8-3-9,8-4-1,8-4-2,8-4-3,8-4-5,8-4-6,8-4-7,8-4-9,8-5-1,8-5-2,8-5-3,8-5-4,8-5-6,8-5-7,8-5-9,8-6-1,8-6-2,8-6-3,8-6-4,8-6-5,8-6-7,8-6-9,8-7-1,8-7-2,8-7-3,8-7-4,8-7-5,8-7-6,8-7-9,8-9-1,8-9-2,8-9-3,8-9-4,8-9-5,8-9-6,8-9-7,9-1-2,9-1-3,9-1-4,9-1-5,9-1-6,9-1-7,9-1-8,9-2-1,9-2-3,9-2-4,9-2-5,9-2-6,9-2-7,9-2-8,9-3-1,9-3-2,9-3-4,9-3-5,9-3-6,9-3-7,9-3-8,9-4-1,9-4-2,9-4-3,9-4-5,9-4-6,9-4-7,9-4-8,9-5-1,9-5-2,9-5-3,9-5-4,9-5-6,9-5-7,9-5-8,9-6-1,9-6-2,9-6-3,9-6-4,9-6-5,9-6-7,9-6-8,9-7-1,9-7-2,9-7-3,9-7-4,9-7-5,9-7-6,9-7-8,9-8-1,9-8-2,9-8-3,9-8-4,9-8-5,9-8-6,9-8-7
20260901_宇都宮_1R,20260901,24,宇都宮,1,29.9,19.4,55.8,138.0,21.7,,,35.3,84.4,46.5,40.0,29.4,,,60.4,142.3,238.6,337.0,102.9,,,130.9,97.5,252.0,351.1,150.8,,,449.4,266.1,627.7,593.4,462.2,,,10.2,16.6,23.7,46.0,60.6,,,,,,,,,,,,,,,,,61.8,38.5,151.1,267.4,52.2,,,95.3,84.7,169.5,188.9,267.1,,,45.8,61.5,165.0,199.0,110.0,,,299.4,295.1,344.2,647.3,581.2,,,890.1,641.8,714.3,1122.4,1381.0,,,87.7,310.8,186.6,493.2,705.4,,,,,,,,,,,,,,,,,58.5,116.2,55.5,47.4,50.8,,,81.8,75.7,87.0,85.7,272.5,,,274.5,178.7,272.2,193.1,566.8,,,55.6,72.4,142.5,41.7,155.6,,,100.3,115.9,120.6,71.2,211.5,,,164.0,399.0,465.9,341.1,295.1,,,,,,,,,,,,,,,,,169.5,429.1,634.7,866.4,344.2,,,128.8,188.0,279.2,485.8,284.4,,,591.8,388.8,714.3,664.3,1090.2,,,990.7,709.8,859.8,1218.5,1539.6,,,1651.2,1252.0,1168.5,1822.9,2745.3,,,514.3,609.2,1059.8,1766.4,1675.4,,,,,,,,,,,,,,,,,406.1,282.0,764.6,915.1,478.7,,,430.7,494.2,484.8,1287.3,1122.4,,,203.2,266.1,366.9,177.6,421.9,,,1174.5,945.5,1012.7,1433.1,1822.9,,,1340.3,1560.7,467.8,957.4,977.9,,,879.7,1539.6,1156.6,2016.5,1766.4,,,,,,,,,,,,,,,,,1364.4,911.4,1852.5,1766.4,1651.2,,,1713.2,1168.5,1766.4,2109.8,2813.1,,,712.0,732.6,678.1,368.1,945.5,,,2256.0,1550.1,1245.1,1794.2,2778.8,,,1808.4,1931.0,571.0,1713.2,1883.1,,,2109.8,2071.5,1639.3,3164.8,2349.1,,,,,,,,,,,,,,,,,35.4,82.1,72.0,205.0,373.5,,,73.5,476.7,236.1,582.7,1280.1,,,425.1,869.7,1095.5,853.4,986.4,,,354.9,465.0,1128.0,1045.2,1852.5,,,707.6,1272.9,982.1,1780.2,1739.4,,,1639.3,2191.0,1663.2,2301.6,2301.6,,,,,,,,,,,,,,,,,,,,,,,,,,,,,,,,,,,,,,,,,,,,,,,,,,,,,,,,,,,,,,,,,,,,,,,,,,,,,,,,,,,,,,,,,,,,,,,,,,,,,,,,,,,,,,,,,,,,,,,,,,,,,,,,
20260901_宇都宮_2R,20260901,24,宇都宮,2,471.0,224.9,247.2,246.9,803.0,,,402.7,375.7,338.2,398.0,1265.6,,,213.5,388.4,273.0,147.4,421.2,,,187.2,323.1,274.3,239.4,967.0,,,160.7,288.4,93.5,185.8,291.5,,,800.7,2034.4,606.2,1242.7,631.3,,,,,,,,,,,,,,,,,429.1,217.4,193.6,324.6,1188.9,,,220.0,154.2,73.7,602.2,698.8,,,213.5,209.9,71.9,460.0,360.8,,,46.0,38.9,29.1,133.5,173.3,,,520.1,1040.3,629.9,392.3,1868.3,,,1163.7,1359.6,641.6,569.8,1990.1,,,,,,,,,,,,,,,,,116.1,101.3,85.0,238.6,606.2,,,95.9,86.6,42.7,346.3,480.9,,,120.2,120.1,82.2,281.1,308.9,,,67.9,38.0,57.4,256.1,367.6,,,203.1,486.0,264.5,330.4,960.2,,,1081.2,967.0,446.5,814.9,1231.5,,,,,,,,,,,,,,,,,114.0,295.9,124.8,85.5,143.6,,,115.1,163.3,57.5,212.0,129.7,,,241.1,192.1,141.0,379.8,268.2,,,77.8,38.7,92.4,154.9,96.8,,,104.0,207.1,517.2,203.5,230.9,,,99.4,99.2,229.2,106.0,196.0,,,,,,,,,,,,,,,,,68.6,107.5,86.9,138.2,391.2,,,17.4,16.8,13.4,56.8,79.2,,,91.1,42.1,76.6,266.9,270.8,,,59.9,30.6,60.9,124.6,98.5,,,97.8,126.7,284.6,157.4,486.0,,,427.7,255.4,398.0,161.5,679.8,,,,,,,,,,,,,,,,,95.0,196.5,50.5,89.9,186.8,,,239.0,769.3,313.5,291.2,1231.5,,,392.9,789.2,461.5,560.4,1830.9,,,112.8,243.4,465.4,236.1,282.8,,,117.4,166.0,494.8,197.8,871.8,,,546.0,1173.6,2519.6,466.2,1408.4,,,,,,,,,,,,,,,,,1894.0,2543.0,698.8,1843.2,1484.5,,,1674.6,2145.6,883.0,1130.2,2590.9,,,2307.9,2367.6,852.9,1716.5,2746.4,,,235.9,315.3,569.8,323.1,535.3,,,1500.7,921.6,1615.5,462.3,1587.5,,,1265.6,2692.5,3120.9,814.9,1749.3,,,,,,,,,,,,,,,,,,,,,,,,,,,,,,,,,,,,,,,,,,,,,,,,,,,,,,,,,,,,,,,,,,,,,,,,,,,,,,,,,,,,,,,,,,,,,,,,,,,,,,,,,,,,,,,,,,,,,,,,,,,,,,,,
20260901_宇都宮_3R,20260901,24,宇都宮,3,177.9,280.9,38.3,140.9,93.4,,,261.4,691.9,85.2,181.0,368.2,,,927.4,1663.3,422.7,1063.9,1464.0,,,8.0,19.7,97.6,4.2,11.5,,,89.5,77.8,390.6,19.6,133.5,,,62.3,193.6,383.8,34.5,109.3,,,,,,,,,,,,,,,,,522.5,541.7,224.8,509.0,236.6,,,1161.6,1217.5,1581.6,2084.0,1150.3,,,749.0,968.0,978.7,1362.6,492.0,,,298.9,908.4,607.7,1038.9,251.2,,,1501.2,2160.3,2047.9,2315.6,2228.2,,,138.2,378.9,159.8,197.3,590.4,,,,,,,,,,,,,,,,,913.1,1494.9,361.8,673.5,1026.9,,,1457.9,1446.0,1679.1,2460.3,1527.1,,,4072.3,2361.9,4217.7,2977.2,4601.2,,,608.7,1428.5,2214.3,1617.7,1021.0,,,1297.7,2880.4,3135.3,1826.2,3374.2,,,1816.8,1520.5,3406.6,1417.1,3893.3,,,,,,,,,,,,,,,,,1762.6,3809.5,1990.4,3028.1,2548.8,,,1520.5,1663.3,1864.6,2811.8,1173.1,,,4853.3,2477.5,4484.7,4119.6,5287.9,,,2880.4,2567.3,4026.0,3851.0,3406.6,,,4320.6,3191.8,4217.7,4542.2,4853.3,,,3439.7,1452.0,5210.1,4542.2,4990.0,,,,,,,,,,,,,,,,,12.6,56.5,127.3,12.7,15.5,,,84.4,330.4,143.9,391.4,55.4,,,337.4,683.9,1560.7,851.6,681.3,,,829.7,949.8,1588.7,1663.3,1279.0,,,176.4,565.9,637.2,1383.9,499.7,,,61.7,27.7,344.6,249.5,317.4,,,,,,,,,,,,,,,,,689.2,607.7,1695.1,217.2,1035.9,,,1527.1,3002.4,2624.3,2548.8,3473.4,,,1073.6,1968.2,3002.4,1798.4,3615.2,,,3507.8,3406.6,4119.6,4320.6,5535.8,,,371.7,1789.3,1894.6,2904.0,1476.2,,,2013.0,2271.1,4026.0,4072.3,1864.6,,,,,,,,,,,,,,,,,89.4,340.9,514.9,75.4,196.9,,,78.4,275.7,132.5,114.9,360.4,,,799.7,978.7,1807.6,1063.9,2024.5,,,835.5,749.0,1073.6,2108.8,3107.8,,,130.6,102.0,470.5,753.8,494.8,,,929.9,1357.4,2228.2,2811.8,1083.4,,,,,,,,,,,,,,,,,,,,,,,,,,,,,,,,,,,,,,,,,,,,,,,,,,,,,,,,,,,,,,,,,,,,,,,,,,,,,,,,,,,,,,,,,,,,,,,,,,,,,,,,,,,,,,,,,,,,,,,,,,,,,,,,
20260901_宇都宮_4R,20260901,24,宇都宮,4,42.0,71.2,219.9,85.3,93.4,,,42.9,88.6,69.7,68.7,94.9,,,207.7,219.6,623.7,377.9,334.4,,,369.5,129.6,493.1,428.6,295.9,,,78.5,65.9,149.8,293.0,190.2,,,91.9,129.6,242.8,280.9,372.4,,,,,,,,,,,,,,,,,181.4,250.4,541.6,580.4,208.6,,,167.9,99.7,141.8,571.5,83.7,,,248.4,126.0,310.6,629.4,79.3,,,736.3,286.6,516.2,1470.5,349.6,,,1294.0,1139.1,1263.7,2554.0,1234.8,,,123.4,45.8,34.0,134.6,350.3,,,,,,,,,,,,,,,,,83.2,157.7,44.2,126.6,88.7,,,97.6,72.6,49.5,305.2,51.6,,,285.6,139.1,134.0,707.4,158.0,,,21.7,18.0,54.5,119.8,15.4,,,476.2,687.3,998.5,405.0,849.8,,,73.6,34.8,70.9,29.4,328.7,,,,,,,,,,,,,,,,,822.5,868.1,1280.4,1702.7,1222.3,,,629.4,362.6,758.2,1131.1,148.6,,,757.0,442.3,395.8,1606.8,577.0,,,1318.6,1025.9,625.3,2299.8,1198.2,,,2711.0,2414.3,2651.7,3648.6,3882.2,,,1041.3,184.1,561.6,1177.8,2414.3,,,,,,,,,,,,,,,,,618.9,206.7,842.4,875.9,473.9,,,714.6,256.6,540.3,1596.3,408.8,,,65.4,59.0,102.5,323.7,48.4,,,1083.2,883.9,463.9,2321.8,1043.6,,,1696.7,2501.4,1034.7,2463.3,2038.9,,,430.9,207.1,129.6,541.0,1427.2,,,,,,,,,,,,,,,,,696.2,556.5,1083.2,960.9,875.9,,,1570.4,1817.5,2065.0,3542.1,2299.8,,,1004.7,1790.6,2215.8,1382.5,2267.6,,,2666.3,3369.9,2995.5,4043.9,4666.1,,,1852.2,3882.2,2038.9,3441.6,3568.2,,,1745.6,1972.6,2788.9,4256.8,3393.5,,,,,,,,,,,,,,,,,101.3,144.7,229.5,339.5,417.6,,,94.3,26.7,13.4,86.5,250.0,,,109.1,30.9,66.8,47.8,453.5,,,415.4,61.0,173.4,412.6,1526.0,,,356.8,131.3,89.3,303.4,1017.3,,,1068.8,955.2,1267.0,2021.9,1918.0,,,,,,,,,,,,,,,,,,,,,,,,,,,,,,,,,,,,,,,,,,,,,,,,,,,,,,,,,,,,,,,,,,,,,,,,,,,,,,,,,,,,,,,,,,,,,,,,,,,,,,,,,,,,,,,,,,,,,,,,,,,,,,,,
20260901_宇都宮_5R,20260901,24,宇都宮,5,761.5,128.7,241.5,935.4,254.6,,,1447.8,633.1,715.9,2085.4,1466.5,,,47.2,121.7,17.8,37.0,46.7,,,195.5,221.2,28.2,416.3,137.0,,,1683.8,2307.7,415.5,1341.0,1855.6,,,280.8,857.7,172.4,341.3,1171.7,,,,,,,,,,,,,,,,,1190.1,159.7,303.4,1212.3,291.0,,,1641.2,1209.1,1045.1,2877.3,1165.7,,,112.6,499.5,113.7,224.3,111.5,,,308.0,550.3,135.2,1325.4,163.2,,,1934.5,2568.5,994.8,2104.7,1589.6,,,139.4,355.7,67.6,88.2,462.4,,,,,,,,,,,,,,,,,2806.3,1259.3,1145.1,4095.7,3092.7,,,2895.7,1993.9,1313.9,4023.2,2075.9,,,1030.9,1735.2,622.7,1735.2,1365.2,,,558.5,702.6,321.7,1111.5,411.4,,,5477.4,4592.1,3367.6,3179.2,4735.7,,,3157.1,2164.8,1659.2,959.1,4170.8,,,,,,,,,,,,,,,,,24.3,75.4,10.8,14.7,28.5,,,58.6,351.8,103.3,187.8,93.2,,,314.1,680.5,302.4,488.8,552.4,,,14.4,68.5,64.6,64.8,47.1,,,69.3,213.3,276.7,140.7,148.3,,,93.6,117.0,297.1,119.1,197.9,,,,,,,,,,,,,,,,,175.4,133.6,29.9,478.0,179.0,,,234.4,272.2,96.3,789.2,111.4,,,104.1,152.1,37.2,331.1,69.3,,,17.4,64.6,36.1,71.3,34.5,,,1369.3,1796.9,1035.5,525.5,939.3,,,201.2,89.5,103.3,68.6,512.5,,,,,,,,,,,,,,,,,3444.1,3852.7,773.1,3224.3,3470.4,,,3757.2,4686.8,1910.1,5477.4,3179.2,,,5225.6,5166.2,3342.8,5051.4,5348.5,,,592.7,1306.4,2331.4,1180.8,1447.8,,,3820.3,5286.3,4209.5,1480.8,2877.3,,,3885.7,3157.1,4501.2,1976.6,2877.3,,,,,,,,,,,,,,,,,316.3,920.2,288.8,457.8,1087.6,,,134.2,230.6,67.0,82.0,427.2,,,1202.7,693.0,677.5,567.5,1600.8,,,192.9,118.9,408.4,195.7,372.3,,,337.7,135.8,265.5,189.3,894.9,,,1796.9,1337.1,2217.6,1090.2,1452.4,,,,,,,,,,,,,,,,,,,,,,,,,,,,,,,,,,,,,,,,,,,,,,,,,,,,,,,,,,,,,,,,,,,,,,,,,,,,,,,,,,,,,,,,,,,,,,,,,,,,,,,,,,,,,,,,,,,,,,,,,,,,,,,,
20260901_宇都宮_6R,20260901,24,宇都宮,6,54.8,56.0,20.0,252.2,,,,79.6,96.5,24.1,317.0,,,,141.7,166.1,86.6,325.1,,,,10.4,5.7,32.6,141.0,,,,1235.4,905.5,1100.8,745.2,,,,,,,,,,,,,,,,,,,,,,,,,41.7,38.0,16.3,187.7,,,,164.4,241.8,197.3,782.2,,,,25.9,84.7,34.2,63.0,,,,22.9,91.4,48.0,233.9,,,,899.1,1235.4,468.7,902.3,,,,,,,,,,,,,,,,,,,,,,,,,295.1,300.2,91.2,638.8,,,,408.1,757.5,497.3,1724.6,,,,692.2,928.8,855.0,1326.2,,,,153.1,447.9,585.5,1214.6,,,,1263.2,2417.7,2141.1,2383.5,,,,,,,,,,,,,,,,,,,,,,,,,181.8,371.5,220.7,589.6,,,,89.1,240.7,111.3,162.4,,,,664.0,733.3,908.8,1295.6,,,,274.4,231.7,605.1,652.8,,,,824.3,449.1,1132.9,920.4,,,,,,,,,,,,,,,,,,,,,,,,,11.7,6.9,28.5,176.5,,,,21.8,83.6,45.5,309.6,,,,70.6,195.8,275.5,860.8,,,,114.6,144.4,341.4,311.9,,,,868.2,1006.5,1411.4,902.3,,,,,,,,,,,,,,,,,,,,,,,,,2088.0,1878.4,2088.0,1266.4,,,,2062.4,2276.1,951.6,1928.6,,,,2005.1,2673.5,2132.1,2807.2,,,,1798.2,832.4,2005.1,1718.7,,,,1742.4,2005.1,2631.8,1701.3,,,,,,,,,,,,,,,,,,,,,,,,,,,,,,,,,,,,,,,,,,,,,,,,,,,,,,,,,,,,,,,,,,,,,,,,,,,,,,,,,,,,,,,,,,,,,,,,,,,,,,,,,,,,,,,,,,,,,,,,,,,,,,,,,,,,,,,,,,,,,,,,,,,,,,,,,,,,,,,,,,,,,,,,,,,,,,,,,,,,,,,,,,,,,,,,
20260901_宇都宮_7R,20260901,24,宇都宮,7,151.0,55.0,162.2,112.9,,,,182.5,75.0,144.0,370.5,,,,9.4,13.0,13.4,25.1,,,,181.7,123.8,67.4,232.0,,,,103.1,369.7,95.6,274.1,,,,,,,,,,,,,,,,,,,,,,,,,241.6,102.5,214.8,121.5,,,,212.2,152.0,191.8,135.9,,,,100.7,165.9,205.7,66.4,,,,244.1,176.6,193.6,189.3,,,,64.0,56.7,41.1,104.8,,,,,,,,,,,,,,,,,,,,,,,,,413.1,185.6,194.6,578.2,,,,394.5,332.9,356.0,350.5,,,,186.4,293.5,216.2,556.4,,,,159.2,207.3,143.6,376.5,,,,996.3,563.1,827.6,668.4,,,,,,,,,,,,,,,,,,,,,,,,,11.8,15.7,16.2,29.6,,,,46.7,117.5,152.2,78.8,,,,65.8,142.2,154.6,305.6,,,,55.3,155.9,121.3,255.3,,,,108.3,94.2,284.3,352.9,,,,,,,,,,,,,,,,,,,,,,,,,200.0,139.6,117.1,348.4,,,,163.9,170.1,144.9,188.0,,,,74.5,82.3,60.3,243.9,,,,69.5,120.9,84.2,306.9,,,,354.1,205.5,260.3,391.8,,,,,,,,,,,,,,,,,,,,,,,,,128.8,352.1,118.4,281.8,,,,62.3,62.2,44.3,102.4,,,,599.6,237.2,418.8,543.0,,,,156.0,97.4,272.3,365.3,,,,293.0,214.6,333.1,295.0,,,,,,,,,,,,,,,,,,,,,,,,,,,,,,,,,,,,,,,,,,,,,,,,,,,,,,,,,,,,,,,,,,,,,,,,,,,,,,,,,,,,,,,,,,,,,,,,,,,,,,,,,,,,,,,,,,,,,,,,,,,,,,,,,,,,,,,,,,,,,,,,,,,,,,,,,,,,,,,,,,,,,,,,,,,,,,,,,,,,,,,,,,,,,,,,
20260901_宇都宮_8R,20260901,24,宇都宮,8,1248.4,580.2,633.1,1467.6,827.5,,,833.5,481.8,203.0,1396.5,420.0,,,155.6,114.4,30.9,62.5,61.1,,,170.6,44.8,45.0,295.9,33.8,,,1802.4,2168.3,378.9,921.3,1194.1,,,409.6,281.9,76.4,86.1,423.4,,,,,,,,,,,,,,,,,2507.7,950.2,1350.7,2759.7,1179.5,,,3151.8,2529.7,1363.5,3004.0,1620.1,,,897.0,1922.6,950.2,902.6,1373.2,,,1041.1,575.6,792.2,1802.4,430.4,,,3495.6,3474.6,1498.1,3186.6,3412.9,,,1248.4,1456.5,1615.6,652.4,3295.9,,,,,,,,,,,,,,,,,1982.0,1124.3,481.8,2633.7,895.6,,,2403.2,2128.3,885.9,2855.3,1037.3,,,1204.1,1866.6,655.4,1742.5,1248.4,,,242.4,254.6,275.5,440.6,73.7,,,4119.8,4090.6,2898.4,918.4,3819.7,,,622.2,575.0,736.6,154.9,1588.9,,,,,,,,,,,,,,,,,203.0,271.9,70.3,109.8,115.5,,,575.0,1449.2,685.0,594.6,1048.7,,,795.5,1575.9,618.2,1237.7,1113.4,,,134.9,347.6,237.5,304.5,157.3,,,309.6,540.0,1088.2,498.0,969.3,,,259.5,911.1,832.3,264.0,687.4,,,,,,,,,,,,,,,,,150.4,43.1,56.9,342.7,29.1,,,365.7,150.6,221.3,851.9,150.5,,,40.3,46.1,48.2,212.6,9.9,,,81.1,152.4,76.2,261.3,62.3,,,974.2,1567.3,525.7,674.6,337.4,,,16.3,41.7,5.1,22.0,125.6,,,,,,,,,,,,,,,,,3582.5,5767.8,1010.1,2927.8,3314.8,,,4766.8,4506.1,2316.4,4506.1,4577.6,,,5767.8,5149.8,3923.7,3769.8,6785.7,,,802.2,1726.9,3295.9,1529.9,2496.9,,,3240.3,4304.3,2898.4,1878.7,2120.5,,,3538.5,4506.1,5826.1,2773.0,2454.4,,,,,,,,,,,,,,,,,360.7,203.8,71.6,74.4,344.9,,,481.8,567.1,597.0,279.3,1211.7,,,320.6,369.0,379.7,82.0,914.0,,,142.3,644.4,453.8,198.7,289.9,,,31.1,88.9,11.3,39.8,145.9,,,956.5,1629.3,1732.0,752.9,837.1,,,,,,,,,,,,,,,,,,,,,,,,,,,,,,,,,,,,,,,,,,,,,,,,,,,,,,,,,,,,,,,,,,,,,,,,,,,,,,,,,,,,,,,,,,,,,,,,,,,,,,,,,,,,,,,,,,,,,,,,,,,,,,,,
20260901_宇都宮_9R,20260901,24,宇都宮,9,359.0,154.6,506.3,418.2,1048.2,,,463.8,237.3,396.8,522.2,476.4,,,119.0,153.8,312.1,215.5,449.1,,,899.6,473.7,415.9,890.2,804.9,,,325.0,207.5,157.3,503.7,556.4,,,1968.5,1110.7,745.5,1988.2,1713.9,,,,,,,,,,,,,,,,,279.8,95.5,373.0,369.7,866.9,,,257.3,72.8,161.9,621.9,238.0,,,19.1,12.3,18.1,35.1,58.4,,,396.0,152.8,88.8,700.8,631.8,,,403.5,714.3,200.0,861.9,2021.9,,,1334.3,586.4,404.6,1112.8,2233.9,,,,,,,,,,,,,,,,,585.3,339.0,439.2,840.0,665.6,,,424.2,154.7,292.5,1002.4,357.1,,,164.0,95.3,103.1,473.3,149.3,,,206.0,204.9,82.9,507.6,88.7,,,939.3,1396.8,912.0,1160.4,962.0,,,429.1,434.7,210.0,165.2,775.6,,,,,,,,,,,,,,,,,42.8,86.8,159.9,128.2,262.2,,,11.7,6.7,16.0,34.8,56.5,,,63.9,21.6,41.2,183.8,84.5,,,119.5,32.0,47.5,215.4,233.8,,,141.6,77.4,211.8,297.4,520.4,,,566.4,231.0,280.8,524.5,963.5,,,,,,,,,,,,,,,,,781.7,378.4,462.0,1012.6,1340.3,,,522.2,232.4,135.6,1147.0,884.9,,,126.1,176.3,66.5,466.7,92.5,,,153.4,93.7,64.6,452.2,356.0,,,1269.0,1586.3,1061.3,940.7,2063.8,,,1634.1,1423.5,465.2,958.9,2650.9,,,,,,,,,,,,,,,,,240.4,144.3,108.3,450.8,329.5,,,530.6,999.0,324.8,1451.2,2200.9,,,330.2,1024.8,331.7,1055.6,414.7,,,143.1,202.2,201.4,568.6,456.7,,,1010.9,1675.4,1100.4,1080.5,2604.6,,,1775.1,3241.6,1936.5,2192.8,3388.9,,,,,,,,,,,,,,,,,2952.7,2168.9,1887.5,3206.7,3012.4,,,2923.8,2145.5,1416.7,2650.9,4849.2,,,1033.7,1549.2,646.9,517.3,1426.9,,,1616.4,1040.9,930.5,1728.8,2723.5,,,2938.2,2853.8,945.2,2056.7,3898.4,,,3259.3,4659.8,3350.9,3799.1,4142.0,,,,,,,,,,,,,,,,,,,,,,,,,,,,,,,,,,,,,,,,,,,,,,,,,,,,,,,,,,,,,,,,,,,,,,,,,,,,,,,,,,,,,,,,,,,,,,,,,,,,,,,,,,,,,,,,,,,,,,,,,,,,,,,,
20260901_宇都宮_10R,20260901,24,宇都宮,10,856.4,262.8,207.7,1508.5,624.2,,,1615.4,551.4,671.5,2737.4,708.1,,,105.1,101.7,36.9,401.0,66.0,,,203.8,339.8,89.0,1263.0,180.3,,,2492.6,3072.5,1240.1,2188.3,1672.8,,,846.7,288.2,245.6,275.6,1591.5,,,,,,,,,,,,,,,,,922.5,287.2,221.9,1470.2,627.8,,,1337.0,716.9,343.4,2323.4,572.4,,,143.1,333.3,51.1,724.5,190.6,,,98.9,85.9,34.5,315.1,55.2,,,2220.6,2660.0,1680.3,1010.4,1699.2,,,713.5,321.7,363.1,195.6,1183.6,,,,,,,,,,,,,,,,,1800.9,1198.7,1399.2,3011.1,1168.9,,,1210.2,842.9,516.6,2405.0,622.1,,,766.5,784.9,340.4,1714.7,377.7,,,997.0,398.0,342.7,1458.8,246.8,,,3654.3,3272.9,2509.2,2233.7,1111.9,,,496.8,316.8,209.4,138.8,523.1,,,,,,,,,,,,,,,,,45.1,84.4,18.6,190.3,43.4,,,55.9,160.2,30.7,345.4,110.8,,,164.8,252.3,111.7,519.8,134.1,,,21.0,19.0,53.8,164.3,29.8,,,548.6,970.0,704.8,658.6,754.2,,,82.1,164.6,59.7,68.4,416.3,,,,,,,,,,,,,,,,,110.9,277.7,96.4,755.8,211.5,,,48.2,43.7,13.2,185.9,24.4,,,316.1,109.7,119.9,677.5,95.7,,,38.7,21.1,64.4,223.4,33.4,,,1453.2,569.8,766.5,551.8,433.6,,,185.4,54.6,48.0,58.9,274.8,,,,,,,,,,,,,,,,,2840.7,4326.3,1703.1,3375.7,3136.6,,,3097.8,3672.1,2595.8,1561.7,2698.1,,,4004.1,3601.8,2500.9,2840.7,1450.4,,,1955.2,2428.3,2727.4,1615.4,1809.5,,,2873.2,1523.8,1809.5,1044.0,807.7,,,2051.1,1691.6,624.7,950.4,793.2,,,,,,,,,,,,,,,,,1115.2,349.9,447.0,477.6,1615.4,,,792.4,218.2,379.2,203.1,1135.4,,,221.5,153.4,80.6,47.7,290.5,,,256.5,313.5,104.3,103.6,637.4,,,324.0,117.1,60.3,99.9,388.0,,,1339.4,1161.7,338.4,781.7,494.9,,,,,,,,,,,,,,,,,,,,,,,,,,,,,,,,,,,,,,,,,,,,,,,,,,,,,,,,,,,,,,,,,,,,,,,,,,,,,,,,,,,,,,,,,,,,,,,,,,,,,,,,,,,,,,,,,,,,,,,,,,,,,,,,
20260901_宇都宮_11R,20260901,24,宇都宮,11,1043.0,541.3,219.9,1583.2,190.1,,,2361.5,3102.2,1619.8,3125.2,1520.2,,,659.3,1788.7,297.3,2335.2,197.3,,,239.2,694.7,280.7,1192.4,118.7,,,3687.2,2949.8,3577.4,2960.2,1919.4,,,112.0,324.3,90.7,63.7,498.3,,,,,,,,,,,,,,,,,667.2,356.8,142.6,1182.4,137.2,,,1674.6,2401.9,636.8,1923.7,1514.7,,,448.3,1299.3,171.0,1534.1,283.8,,,56.0,125.2,63.5,183.3,20.8,,,2272.1,1758.7,2888.9,747.9,1897.7,,,66.1,430.6,131.2,44.7,557.8,,,,,,,,,,,,,,,,,3102.2,4424.7,2303.2,3502.9,2618.9,,,3336.1,4267.5,1330.2,3376.2,2840.1,,,4544.3,4803.9,3125.2,3719.9,3639.3,,,2128.3,1432.1,2006.4,1651.6,1658.1,,,2381.5,2070.6,2303.2,1321.8,1619.8,,,1800.2,3057.0,2793.0,1722.7,3148.6,,,,,,,,,,,,,,,,,560.4,1391.8,238.4,1864.0,192.9,,,533.0,1326.0,133.0,1868.2,289.3,,,3024.0,2578.8,1391.8,2720.7,1705.2,,,148.0,76.9,326.6,574.2,72.9,,,2919.0,2341.7,1209.6,1556.8,1906.3,,,36.4,114.6,393.2,36.5,732.3,,,,,,,,,,,,,,,,,104.3,442.4,245.8,747.9,95.6,,,34.0,72.5,34.9,114.5,10.3,,,640.2,269.7,844.0,560.8,548.0,,,179.7,77.5,350.2,469.6,91.9,,,1142.2,282.5,499.5,758.7,623.2,,,31.1,19.9,175.1,47.9,288.0,,,,,,,,,,,,,,,,,4401.5,3671.1,5530.9,4003.3,2949.8,,,4267.5,2122.9,4644.7,1216.6,3703.5,,,2035.5,1932.6,1992.1,1083.3,1684.7,,,4569.0,4945.2,2128.3,1859.9,3459.6,,,2859.5,940.3,1313.5,1604.3,1859.9,,,1661.4,3172.4,2284.5,2970.6,2086.0,,,,,,,,,,,,,,,,,33.5,131.5,20.3,14.4,208.4,,,43.5,323.5,74.0,35.6,473.3,,,560.8,1005.6,695.9,509.5,1299.3,,,14.7,51.9,192.4,19.1,375.4,,,19.2,25.0,147.3,28.6,234.8,,,613.6,1375.9,969.6,1031.5,795.3,,,,,,,,,,,,,,,,,,,,,,,,,,,,,,,,,,,,,,,,,,,,,,,,,,,,,,,,,,,,,,,,,,,,,,,,,,,,,,,,,,,,,,,,,,,,,,,,,,,,,,,,,,,,,,,,,,,,,,,,,,,,,,,,
20260901_宇都宮_12R,20260901,24,宇都宮,12,640.6,288.3,426.6,541.9,177.4,,,627.8,511.7,314.8,735.8,312.8,,,303.5,676.6,515.4,589.7,108.3,,,309.0,410.1,296.1,508.4,224.9,,,552.3,884.6,596.3,645.1,361.3,,,53.0,101.3,19.3,74.4,121.9,,,,,,,,,,,,,,,,,1015.3,518.0,882.3,685.8,240.4,,,1412.9,1596.0,962.1,1523.7,995.3,,,563.1,1341.6,1006.2,837.0,313.4,,,959.4,809.5,1057.8,1004.2,509.2,,,650.5,1080.5,630.2,787.4,357.7,,,121.2,429.5,140.4,308.1,281.9,,,,,,,,,,,,,,,,,1038.3,1032.9,572.0,1049.0,461.5,,,1449.4,1528.3,942.4,1653.4,1030.8,,,1593.4,1804.0,1512.3,2113.5,1034.0,,,344.9,389.7,559.7,431.1,224.6,,,1561.4,1738.8,2172.6,1096.9,1412.9,,,283.5,522.9,350.4,300.8,724.7,,,,,,,,,,,,,,,,,490.6,1317.1,783.7,1012.2,170.4,,,524.5,1437.0,820.6,932.8,302.2,,,1935.3,2024.5,2113.5,2360.4,1238.0,,,1095.7,1055.6,1996.5,1899.0,632.2,,,1270.7,1205.5,2322.4,1846.9,721.6,,,77.3,107.5,452.4,253.7,192.2,,,,,,,,,,,,,,,,,1189.9,818.0,1320.6,1503.3,556.3,,,1128.7,605.3,815.3,878.4,573.3,,,445.8,397.9,656.0,456.7,260.6,,,1653.4,1341.6,1672.6,1846.9,915.9,,,1686.5,932.8,727.8,1833.5,814.0,,,347.5,430.0,401.6,387.3,665.9,,,,,,,,,,,,,,,,,580.9,1042.5,655.1,1006.2,287.2,,,279.0,751.6,261.3,523.4,178.2,,,1145.4,1209.9,1303.5,758.4,1021.5,,,725.2,653.0,1449.4,1135.1,404.4,,,1047.9,804.3,788.0,1047.9,652.6,,,118.9,142.0,505.3,107.3,329.9,,,,,,,,,,,,,,,,,13.1,47.4,4.6,29.5,40.6,,,23.0,147.8,24.0,89.6,88.4,,,116.9,204.8,151.1,167.7,394.6,,,7.0,13.1,79.5,37.4,38.3,,,88.4,118.9,171.8,84.9,249.5,,,81.8,107.6,383.6,81.3,216.4,,,,,,,,,,,,,,,,,,,,,,,,,,,,,,,,,,,,,,,,,,,,,,,,,,,,,,,,,,,,,,,,,,,,,,,,,,,,,,,,,,,,,,,,,,,,,,,,,,,,,,,,,,,,,,,,,,,,,,,,,,,,,,,,
20260901_川崎_1R,20260901,34,川崎,1,55.8,29.0,16.7,25.2,65.3,,,180.8,484.5,257.7,453.3,283.9,,,116.1,487.1,146.1,223.0,375.5,,,21.7,88.6,49.1,22.7,101.8,,,48.3,269.4,95.6,48.1,212.9,,,153.6,288.1,334.5,204.2,373.3,,,,,,,,,,,,,,,,,40.1,18.1,13.0,25.1,37.1,,,87.0,123.2,221.8,339.1,78.8,,,26.2,99.5,84.8,120.9,77.5,,,29.6,183.3,110.8,166.0,166.5,,,133.8,455.7,269.7,263.5,387.3,,,72.3,73.6,94.1,171.8,291.1,,,,,,,,,,,,,,,,,258.1,551.9,435.1,730.7,344.1,,,221.9,347.1,670.1,866.1,203.5,,,879.8,643.9,1843.6,2167.3,800.5,,,448.3,987.3,1836.0,2028.8,998.4,,,1708.8,1791.5,2613.6,2441.2,2221.5,,,211.4,161.3,312.2,495.8,804.9,,,,,,,,,,,,,,,,,181.5,813.7,396.0,636.5,587.7,,,134.1,361.8,455.7,544.5,339.4,,,1023.7,565.2,2146.4,2188.7,965.8,,,401.3,827.3,2146.4,1639.5,1621.5,,,1269.4,1099.7,2725.8,1940.2,2314.1,,,669.1,443.8,667.1,1553.5,1931.7,,,,,,,,,,,,,,,,,28.3,78.2,46.0,32.2,127.4,,,56.0,425.5,209.6,438.6,403.5,,,274.4,803.4,1148.0,1526.8,859.4,,,195.3,385.3,1191.1,1241.0,987.3,,,187.6,723.6,1521.6,1026.1,1262.2,,,287.0,599.6,866.1,886.8,1456.7,,,,,,,,,,,,,,,,,256.6,809.3,452.9,217.2,695.3,,,347.6,1318.4,815.2,933.4,1322.3,,,1651.7,1806.1,2278.5,2629.0,2482.1,,,1169.2,1262.2,2742.6,1992.4,2482.1,,,340.4,1086.3,2538.9,1615.6,1890.6,,,1676.6,1770.1,2794.4,2776.9,2401.6,,,,,,,,,,,,,,,,,103.5,185.9,144.2,186.3,360.6,,,70.8,99.2,91.2,286.2,488.7,,,132.1,110.5,166.7,427.6,672.1,,,184.8,165.0,282.1,782.2,1127.6,,,252.5,510.1,676.2,685.6,1181.6,,,1042.9,1175.4,1511.2,1621.5,1581.1,,,,,,,,,,,,,,,,,,,,,,,,,,,,,,,,,,,,,,,,,,,,,,,,,,,,,,,,,,,,,,,,,,,,,,,,,,,,,,,,,,,,,,,,,,,,,,,,,,,,,,,,,,,,,,,,,,,,,,,,,,,,,,,,
20260901_川崎_2R,20260901,34,川崎,2,1179.9,1853.3,529.9,2901.5,808.1,,,1539.0,1183.9,850.9,2565.1,900.7,,,2391.8,1752.4,1415.9,3539.9,1735.2,,,297.7,383.5,715.1,1330.7,249.4,,,4316.9,3132.6,3436.8,2119.7,2744.1,,,379.8,434.8,802.7,244.1,1404.7,,,,,,,,,,,,,,,,,1187.8,1815.3,484.2,2744.1,628.7,,,1187.8,793.7,293.2,1512.7,740.5,,,2475.4,1325.8,829.0,2702.2,2094.6,,,122.0,84.9,192.2,374.1,92.7,,,3977.4,1903.1,2359.9,1410.3,2510.5,,,641.2,603.0,1259.7,276.7,2082.3,,,,,,,,,,,,,,,,,1356.2,813.7,731.3,1966.6,1044.2,,,1079.2,499.2,246.1,1066.2,686.0,,,448.6,349.4,169.3,288.7,358.2,,,350.1,123.7,98.4,379.0,197.5,,,1356.2,905.3,340.0,575.5,991.5,,,754.7,679.4,443.0,328.6,1233.4,,,,,,,,,,,,,,,,,1399.1,1138.2,1134.5,2974.7,2046.1,,,2046.1,1044.2,951.5,2583.8,2475.4,,,719.4,571.8,226.6,561.8,562.7,,,691.3,332.6,146.7,997.1,412.0,,,2661.5,2641.7,959.3,1677.6,2901.5,,,1183.9,1340.8,764.5,754.7,2458.2,,,,,,,,,,,,,,,,,36.9,43.3,93.8,235.9,25.6,,,11.5,5.5,17.6,52.1,7.1,,,32.3,18.1,16.5,78.8,29.1,,,113.7,66.3,32.5,226.9,78.2,,,475.7,277.2,127.7,391.5,364.5,,,17.6,21.0,24.3,55.8,148.6,,,,,,,,,,,,,,,,,3726.2,2999.9,4480.8,3308.3,3025.5,,,4597.2,2107.0,2765.5,1863.1,2765.5,,,2212.4,1646.4,581.2,1301.4,2132.4,,,4068.8,3726.2,1095.9,2171.7,3933.2,,,2475.4,1372.0,1216.4,1623.8,1130.9,,,2198.7,3403.7,2831.9,3806.3,1427.3,,,,,,,,,,,,,,,,,415.4,333.9,682.0,212.4,1075.9,,,686.0,686.0,1233.4,284.1,2082.3,,,728.3,687.3,593.9,333.9,1539.0,,,1356.2,1778.8,951.5,924.2,2391.8,,,128.6,133.8,159.0,381.0,618.8,,,2011.3,2787.3,1796.9,3218.1,1306.2,,,,,,,,,,,,,,,,,,,,,,,,,,,,,,,,,,,,,,,,,,,,,,,,,,,,,,,,,,,,,,,,,,,,,,,,,,,,,,,,,,,,,,,,,,,,,,,,,,,,,,,,,,,,,,,,,,,,,,,,,,,,,,,,
20260901_川崎_3R,20260901,34,川崎,3,287.3,210.2,98.9,258.6,182.3,,,166.7,130.5,53.5,439.3,62.9,,,252.0,216.6,95.0,634.0,200.1,,,24.1,13.5,14.8,80.7,16.6,,,557.7,925.3,913.9,459.8,789.1,,,100.8,52.4,87.8,31.3,310.3,,,,,,,,,,,,,,,,,540.8,372.7,199.5,352.9,314.5,,,441.5,253.1,513.9,190.6,173.8,,,686.8,631.3,821.2,415.5,632.2,,,309.3,754.3,629.5,646.9,665.3,,,295.7,181.1,172.4,436.7,237.0,,,219.9,146.5,224.7,434.2,205.7,,,,,,,,,,,,,,,,,256.8,211.1,117.2,707.6,73.3,,,230.9,264.4,412.8,330.4,115.9,,,228.6,271.2,302.9,573.5,81.6,,,173.3,497.3,356.3,841.3,135.0,,,1253.7,705.3,846.1,1049.7,318.1,,,37.1,70.6,38.4,56.5,165.8,,,,,,,,,,,,,,,,,790.5,639.5,289.2,1193.2,552.9,,,1054.7,1004.7,1132.5,709.8,1072.5,,,603.9,779.4,597.4,978.2,311.2,,,366.6,1096.2,729.6,1090.9,700.9,,,1660.7,886.6,1459.3,1365.3,1624.4,,,505.2,753.1,345.0,505.2,965.4,,,,,,,,,,,,,,,,,44.1,38.8,29.9,130.5,41.4,,,201.1,615.6,410.2,634.9,540.8,,,153.0,461.2,340.5,770.0,194.0,,,143.4,430.0,462.6,700.9,423.4,,,692.2,1229.5,1431.1,989.0,951.0,,,107.1,328.2,166.9,273.3,518.7,,,,,,,,,,,,,,,,,1209.4,1894.0,1738.6,1282.6,1660.7,,,656.4,619.0,500.6,869.3,669.3,,,2247.9,1118.3,1498.6,2139.8,1226.1,,,1752.3,857.5,1831.6,1534.8,2060.6,,,1493.5,1589.6,2139.8,1488.6,1386.5,,,1824.1,967.5,1115.5,1667.0,1344.6,,,,,,,,,,,,,,,,,108.7,44.3,84.2,36.2,361.8,,,124.7,91.9,139.9,212.2,123.9,,,24.3,47.0,20.3,38.8,122.3,,,142.5,180.3,89.0,158.6,304.2,,,66.4,241.3,84.0,175.8,396.6,,,607.2,312.1,424.7,508.0,631.3,,,,,,,,,,,,,,,,,,,,,,,,,,,,,,,,,,,,,,,,,,,,,,,,,,,,,,,,,,,,,,,,,,,,,,,,,,,,,,,,,,,,,,,,,,,,,,,,,,,,,,,,,,,,,,,,,,,,,,,,,,,,,,,,
20260901_川崎_4R,20260901,34,川崎,4,131.3,283.1,106.8,81.7,79.8,,,249.5,258.1,93.0,574.6,193.3,,,460.2,391.8,264.5,1076.9,313.3,,,64.0,46.1,69.1,224.4,31.4,,,243.1,387.5,719.6,491.7,277.1,,,67.3,93.1,102.0,33.3,150.5,,,,,,,,,,,,,,,,,383.5,628.8,269.3,227.8,260.1,,,888.9,1084.6,634.9,1199.4,1850.5,,,1421.2,1660.7,1209.0,1511.2,2233.4,,,312.8,423.3,710.6,489.0,612.6,,,296.5,568.1,665.7,501.5,604.5,,,532.1,1619.2,1913.0,970.8,1051.9,,,,,,,,,,,,,,,,,532.7,342.1,120.7,998.6,505.4,,,861.9,899.5,455.6,1361.5,1799.1,,,315.2,585.0,80.3,914.0,693.2,,,47.4,117.3,20.7,283.5,144.7,,,2158.9,2386.2,1737.1,1186.8,3598.3,,,768.4,1698.0,954.4,488.0,2518.8,,,,,,,,,,,,,,,,,1443.9,805.3,553.5,2222.4,1361.5,,,1717.3,2337.0,1467.2,2491.1,3809.9,,,641.2,1249.0,174.0,1737.1,1685.4,,,436.7,972.9,188.9,1585.2,1056.8,,,3514.6,3192.8,3238.4,2651.3,4722.7,,,1929.3,3627.0,2714.8,1813.5,4237.2,,,,,,,,,,,,,,,,,15.5,17.1,25.0,66.7,15.2,,,39.4,89.7,160.3,88.2,140.0,,,10.6,39.2,5.0,114.5,44.9,,,64.7,166.5,29.8,383.9,215.3,,,349.2,291.3,400.8,583.5,551.5,,,33.2,155.8,111.8,161.5,327.5,,,,,,,,,,,,,,,,,798.2,2006.1,2158.9,1636.7,1136.3,,,588.0,1018.8,1147.8,901.3,1193.1,,,2963.3,2532.8,1929.3,2464.0,5152.1,,,3238.4,2313.1,2851.4,2833.6,5094.2,,,1421.2,1218.7,1574.2,1904.9,1921.1,,,1403.6,1954.2,4198.0,3977.0,2361.3,,,,,,,,,,,,,,,,,206.5,274.2,240.1,78.8,420.1,,,541.0,1799.1,1881.2,938.6,970.8,,,724.2,1547.3,1074.3,612.6,3333.7,,,1171.5,2944.0,1913.0,1501.2,3656.3,,,142.1,573.9,324.7,606.9,1000.8,,,1153.6,1691.7,4048.0,3514.6,1921.1,,,,,,,,,,,,,,,,,,,,,,,,,,,,,,,,,,,,,,,,,,,,,,,,,,,,,,,,,,,,,,,,,,,,,,,,,,,,,,,,,,,,,,,,,,,,,,,,,,,,,,,,,,,,,,,,,,,,,,,,,,,,,,,,
20260901_川崎_5R,20260901,34,川崎,5,379.9,157.6,196.8,122.0,158.3,,,516.7,427.8,485.2,379.5,408.6,,,147.5,269.1,140.1,96.6,97.6,,,167.4,265.1,129.5,110.5,98.4,,,91.0,196.5,76.0,97.3,47.4,,,131.4,249.9,81.0,78.3,51.4,,,,,,,,,,,,,,,,,952.8,499.5,586.6,273.3,462.0,,,1486.7,1642.0,1807.1,1252.7,1860.6,,,544.0,1270.5,664.7,540.7,573.8,,,584.4,1426.0,624.5,608.8,532.9,,,263.7,1032.6,495.1,587.2,471.4,,,504.3,1406.9,559.5,550.6,521.0,,,,,,,,,,,,,,,,,1515.4,1049.9,1175.5,1048.1,1188.8,,,1812.3,1905.7,2176.1,1625.0,2206.6,,,981.1,1533.8,1162.4,930.3,1097.5,,,1321.2,2096.3,1216.4,1270.5,1197.9,,,1007.8,1406.9,1006.2,1195.6,1133.1,,,1188.8,1877.3,1149.7,1151.8,1211.7,,,,,,,,,,,,,,,,,131.0,253.5,121.9,83.0,75.2,,,171.2,439.4,243.4,186.8,210.1,,,370.8,581.7,451.4,364.1,430.4,,,136.4,221.9,302.7,137.3,130.0,,,77.8,148.8,258.3,122.5,68.4,,,62.5,144.6,267.1,83.3,57.4,,,,,,,,,,,,,,,,,171.6,361.6,132.5,133.3,98.2,,,249.0,825.3,282.0,345.7,248.5,,,582.3,924.8,600.6,649.6,583.9,,,141.7,210.1,404.4,145.4,134.7,,,130.7,249.8,402.3,144.4,106.3,,,77.5,135.7,371.4,89.3,85.3,,,,,,,,,,,,,,,,,86.1,194.7,50.7,74.1,32.7,,,121.7,350.1,169.7,209.4,177.2,,,308.2,482.2,289.9,408.9,345.1,,,64.1,149.9,211.8,101.8,56.6,,,91.9,157.9,220.0,93.6,77.9,,,24.0,104.9,202.7,36.3,44.0,,,,,,,,,,,,,,,,,129.4,325.8,53.1,46.3,28.5,,,215.4,624.5,266.8,268.7,229.6,,,458.3,786.1,492.0,575.3,502.7,,,67.3,192.9,342.1,83.1,58.0,,,55.6,135.4,352.7,67.1,51.7,,,24.5,122.9,261.4,42.6,40.1,,,,,,,,,,,,,,,,,,,,,,,,,,,,,,,,,,,,,,,,,,,,,,,,,,,,,,,,,,,,,,,,,,,,,,,,,,,,,,,,,,,,,,,,,,,,,,,,,,,,,,,,,,,,,,,,,,,,,,,,,,,,,,,,
20260901_川崎_6R,20260901,34,川崎,6,230.4,523.4,193.7,278.7,132.9,,,212.4,166.1,69.5,143.6,105.7,,,653.5,261.9,333.5,495.5,350.2,,,72.7,36.5,174.1,64.4,38.0,,,254.6,193.1,497.3,161.2,172.2,,,55.4,78.6,200.3,52.9,104.0,,,,,,,,,,,,,,,,,449.3,909.9,333.4,398.6,198.1,,,524.2,591.7,774.8,563.7,260.4,,,1059.7,544.1,1285.1,684.7,389.1,,,507.2,786.3,1348.0,698.6,417.2,,,346.1,383.7,711.6,480.0,120.8,,,81.2,71.9,191.8,161.9,60.4,,,,,,,,,,,,,,,,,333.0,199.8,138.7,214.2,178.8,,,421.0,383.9,572.1,420.5,250.6,,,103.7,182.9,155.6,143.1,133.0,,,337.6,715.3,412.7,642.5,596.9,,,187.2,296.1,211.8,288.2,206.7,,,208.8,183.6,189.1,341.3,223.3,,,,,,,,,,,,,,,,,648.0,230.5,324.4,585.2,367.3,,,738.3,386.3,996.8,550.6,297.8,,,79.5,122.8,127.2,113.7,85.3,,,541.5,971.5,469.2,1066.3,747.1,,,607.4,535.2,253.0,903.9,328.8,,,320.6,196.4,163.7,494.8,318.0,,,,,,,,,,,,,,,,,192.5,153.3,331.4,188.3,159.6,,,557.7,857.8,1361.3,1103.9,577.4,,,379.3,888.8,705.7,1051.6,806.6,,,750.3,1414.4,868.6,1534.1,1157.7,,,375.8,1043.7,922.1,1447.1,664.9,,,288.4,440.1,592.8,963.4,671.3,,,,,,,,,,,,,,,,,135.2,99.1,344.0,52.7,87.6,,,204.6,183.9,340.8,282.5,83.9,,,92.2,148.5,131.1,131.3,98.7,,,388.5,442.4,127.2,607.9,394.9,,,123.2,323.5,276.7,640.1,220.8,,,63.2,43.4,72.9,219.2,96.3,,,,,,,,,,,,,,,,,44.4,64.2,169.7,38.8,96.4,,,24.9,20.2,65.5,41.7,22.8,,,88.3,58.6,83.6,135.8,120.2,,,209.8,116.3,72.0,316.1,244.8,,,73.1,114.2,188.2,360.8,221.3,,,77.3,42.1,84.4,189.2,130.2,,,,,,,,,,,,,,,,,,,,,,,,,,,,,,,,,,,,,,,,,,,,,,,,,,,,,,,,,,,,,,,,,,,,,,,,,,,,,,,,,,,,,,,,,,,,,,,,,,,,,,,,,,,,,,,,,,,,,,,,,,,,,,,,
20260901_川崎_7R,20260901,34,川崎,7,34.4,40.9,40.8,233.7,41.8,,,22.7,120.3,103.3,79.8,27.5,,,280.5,447.3,815.1,1099.9,286.9,,,60.8,181.7,485.2,754.9,178.1,,,499.8,305.9,1084.4,1096.0,413.8,,,19.5,20.0,78.6,86.4,128.0,,,,,,,,,,,,,,,,,101.1,142.7,143.3,525.0,130.7,,,100.4,92.3,106.2,223.6,185.5,,,165.8,139.7,61.7,368.1,219.0,,,80.8,94.0,26.7,399.0,149.2,,,1175.8,549.9,883.1,939.9,1385.5,,,225.4,311.0,362.3,385.0,814.0,,,,,,,,,,,,,,,,,20.4,91.6,95.9,39.4,17.3,,,29.0,24.4,32.6,46.0,42.1,,,324.7,150.6,561.0,355.6,369.3,,,156.5,39.0,258.6,359.3,288.4,,,39.1,31.2,98.6,185.5,48.8,,,42.4,61.0,172.2,251.6,97.0,,,,,,,,,,,,,,,,,942.8,1479.0,2426.0,3354.0,1493.3,,,681.2,618.1,401.1,1194.1,817.2,,,1511.7,886.9,2397.5,1877.0,1979.9,,,2950.8,816.2,2600.7,2950.8,3448.2,,,4091.9,2388.2,2455.1,3610.5,3909.4,,,1843.1,1577.8,2692.0,3391.0,3697.5,,,,,,,,,,,,,,,,,166.6,378.1,753.1,1464.8,403.8,,,109.1,114.7,42.8,606.5,182.2,,,462.8,156.1,892.1,1036.7,764.3,,,1728.9,362.5,1714.4,2634.2,1967.2,,,3409.9,2025.6,1753.6,3099.9,2578.9,,,608.3,594.7,1196.4,1534.4,2184.2,,,,,,,,,,,,,,,,,1557.8,721.2,3008.7,3213.5,1237.4,,,1848.7,775.9,1882.7,2207.8,1743.7,,,364.9,347.7,634.7,1006.2,419.2,,,4322.4,3053.6,1979.9,3742.5,4262.3,,,4262.3,3317.7,2102.0,3909.4,3448.2,,,1437.4,1728.9,1213.0,3213.5,3084.3,,,,,,,,,,,,,,,,,69.0,72.6,262.7,210.7,312.9,,,155.6,264.6,385.0,537.4,864.4,,,123.7,245.4,659.2,723.8,475.0,,,941.3,1086.3,1504.3,2505.2,2777.3,,,544.6,750.3,966.5,1799.9,2102.0,,,858.4,1351.9,1011.1,2703.8,2426.0,,,,,,,,,,,,,,,,,,,,,,,,,,,,,,,,,,,,,,,,,,,,,,,,,,,,,,,,,,,,,,,,,,,,,,,,,,,,,,,,,,,,,,,,,,,,,,,,,,,,,,,,,,,,,,,,,,,,,,,,,,,,,,,,
20260901_川崎_8R,20260901,34,川崎,8,702.2,278.2,275.8,341.3,957.5,,,1701.5,2365.7,1464.8,1688.5,3377.0,,,468.1,1783.8,1043.3,1058.3,1249.6,,,368.3,1068.5,994.1,1189.2,2444.1,,,332.1,888.3,585.1,801.4,1202.1,,,1776.6,4021.7,2471.4,2949.2,3813.7,,,,,,,,,,,,,,,,,68.6,40.4,32.9,43.1,116.7,,,181.8,122.6,67.4,277.5,337.4,,,11.9,29.4,6.8,34.9,3.9,,,23.8,15.2,20.1,62.3,67.8,,,48.3,182.8,84.7,92.4,263.1,,,229.0,342.1,43.2,163.9,370.2,,,,,,,,,,,,,,,,,2076.9,3511.0,1536.0,2340.6,5027.1,,,1352.8,811.7,509.6,1675.7,2126.8,,,2929.7,1158.0,1186.0,2854.1,2602.3,,,727.6,405.1,667.2,696.6,1504.7,,,2444.1,2257.1,3050.9,980.9,4608.2,,,5898.5,3949.9,3717.5,3182.6,5529.9,,,,,,,,,,,,,,,,,333.8,1694.9,760.1,1073.7,912.1,,,74.1,132.0,51.2,122.4,20.0,,,2444.1,707.8,1137.2,2499.3,1813.0,,,550.2,175.4,512.6,879.5,503.2,,,1105.9,417.7,1874.5,1235.7,1344.6,,,849.1,152.9,1084.2,603.5,1256.7,,,,,,,,,,,,,,,,,408.4,562.1,551.6,886.5,1320.5,,,154.8,61.1,58.4,261.6,291.2,,,250.3,74.0,123.3,354.1,518.0,,,405.4,106.7,185.1,660.2,416.5,,,1053.3,725.2,596.2,1045.8,1915.1,,,2471.4,1097.7,1530.7,1170.3,2404.3,,,,,,,,,,,,,,,,,203.0,813.2,412.6,580.5,1068.5,,,205.4,526.0,207.1,475.6,814.7,,,1688.5,1108.7,1776.6,883.0,2854.1,,,710.0,338.4,1222.0,931.3,1105.9,,,819.2,751.0,630.1,1005.4,1798.3,,,2617.7,1762.5,3813.7,2067.2,2854.1,,,,,,,,,,,,,,,,,2602.3,5084.9,2444.1,3115.4,4134.5,,,1591.3,2096.6,377.1,1378.1,2096.6,,,5898.5,4096.2,4173.5,4253.7,5978.2,,,1948.8,391.8,2969.0,1882.5,3072.1,,,4173.5,2223.0,2764.9,2245.6,4423.9,,,4213.2,3252.8,5898.5,3949.9,4173.5,,,,,,,,,,,,,,,,,,,,,,,,,,,,,,,,,,,,,,,,,,,,,,,,,,,,,,,,,,,,,,,,,,,,,,,,,,,,,,,,,,,,,,,,,,,,,,,,,,,,,,,,,,,,,,,,,,,,,,,,,,,,,,,,
20260901_川崎_9R,20260901,34,川崎,9,349.9,355.0,355.5,233.8,489.3,,,606.2,1374.3,1116.8,995.2,1030.0,,,722.7,1602.6,2009.4,1349.8,2156.4,,,530.4,785.9,1617.3,640.6,1126.2,,,204.1,510.0,547.4,383.2,628.5,,,872.5,1642.3,2130.4,1473.5,1574.1,,,,,,,,,,,,,,,,,44.4,50.2,36.7,35.7,64.8,,,30.4,24.6,22.9,57.5,13.0,,,20.6,15.7,17.0,37.4,32.2,,,32.7,25.3,31.9,46.3,39.0,,,24.5,57.8,70.0,61.9,98.8,,,92.0,32.9,84.5,61.9,140.3,,,,,,,,,,,,,,,,,419.6,924.1,535.8,714.9,571.6,,,130.0,97.1,80.8,175.8,49.9,,,712.0,275.1,636.8,1322.9,463.7,,,304.0,123.6,566.7,882.6,130.8,,,600.7,434.1,1336.2,1042.2,734.7,,,197.4,70.3,205.1,91.0,378.1,,,,,,,,,,,,,,,,,674.0,1678.7,2105.0,1578.8,1943.1,,,204.3,158.4,178.4,264.8,252.4,,,1239.4,370.7,1485.9,1929.0,1114.4,,,1810.5,433.4,1716.7,1546.6,1822.9,,,1542.1,581.6,2219.5,1360.2,3014.1,,,2257.3,947.2,1617.3,2192.0,2963.5,,,,,,,,,,,,,,,,,307.3,352.4,721.7,471.5,546.8,,,131.9,65.4,86.7,141.6,129.9,,,266.7,90.7,461.2,660.6,116.0,,,1016.2,289.7,827.5,1054.6,1006.6,,,385.2,303.4,613.2,982.3,722.7,,,664.7,292.6,181.9,724.7,832.7,,,,,,,,,,,,,,,,,99.5,257.6,397.0,271.9,465.7,,,99.6,301.5,219.2,235.6,392.0,,,674.9,510.5,1533.1,1242.3,968.0,,,894.5,474.9,1528.7,1000.9,2088.5,,,489.8,393.8,955.8,975.1,971.5,,,1284.4,962.7,1498.5,2411.2,1457.3,,,,,,,,,,,,,,,,,1109.7,1316.3,1915.1,1668.1,1972.0,,,609.0,247.0,526.7,516.0,821.1,,,438.4,209.7,518.5,308.9,894.5,,,2368.2,1082.6,1555.6,2165.2,3102.2,,,1225.1,685.3,525.2,1551.1,1564.8,,,2072.2,1360.2,1848.3,3254.5,1994.3,,,,,,,,,,,,,,,,,,,,,,,,,,,,,,,,,,,,,,,,,,,,,,,,,,,,,,,,,,,,,,,,,,,,,,,,,,,,,,,,,,,,,,,,,,,,,,,,,,,,,,,,,,,,,,,,,,,,,,,,,,,,,,,,
20260901_川崎_10R,20260901,34,川崎,10,1007.7,1182.7,385.4,1160.5,810.1,,,960.8,1196.4,223.6,975.9,217.0,,,1198.7,1321.4,338.4,1565.0,1053.9,,,184.9,166.3,232.0,249.7,105.6,,,1465.1,1205.7,1585.0,509.6,1108.6,,,379.7,199.6,768.9,138.2,782.5,,,,,,,,,,,,,,,,,394.2,443.3,171.5,537.0,310.6,,,376.5,273.0,190.2,200.9,74.0,,,446.1,241.5,236.5,155.0,155.0,,,224.3,227.8,373.1,257.5,176.1,,,383.0,168.2,159.3,180.3,144.3,,,159.5,48.7,91.0,93.5,99.3,,,,,,,,,,,,,,,,,606.9,829.6,249.2,609.3,201.9,,,383.2,298.0,240.2,216.6,77.5,,,741.3,394.4,501.0,280.1,179.8,,,255.8,336.2,527.4,312.2,105.7,,,348.1,139.9,200.4,261.9,53.1,,,47.9,27.4,48.4,22.3,23.8,,,,,,,,,,,,,,,,,893.0,1024.3,572.2,1063.0,774.6,,,644.2,363.2,405.3,238.8,230.7,,,1022.6,481.9,631.7,361.5,222.7,,,719.7,687.8,809.0,750.2,532.4,,,698.6,250.6,307.5,446.5,262.0,,,492.2,201.0,183.3,299.6,239.9,,,,,,,,,,,,,,,,,209.5,219.3,343.7,300.2,153.1,,,312.5,387.8,590.2,447.7,312.6,,,383.0,498.9,916.7,532.4,160.3,,,737.7,863.1,990.0,996.3,704.2,,,482.2,578.1,506.3,880.3,368.8,,,232.0,318.3,141.5,502.6,317.8,,,,,,,,,,,,,,,,,650.3,578.6,695.5,280.0,489.9,,,420.1,167.8,151.4,223.8,128.2,,,323.2,128.7,178.4,230.9,56.4,,,478.9,173.4,209.1,331.7,187.2,,,335.3,340.5,324.8,460.7,241.8,,,230.3,74.0,46.5,129.8,131.4,,,,,,,,,,,,,,,,,218.6,110.9,393.7,151.9,314.7,,,138.2,29.1,75.6,85.0,71.5,,,37.2,14.0,35.6,18.8,19.9,,,315.7,123.3,81.9,249.3,159.4,,,141.1,133.8,60.4,272.1,161.9,,,198.9,70.7,34.9,111.3,129.1,,,,,,,,,,,,,,,,,,,,,,,,,,,,,,,,,,,,,,,,,,,,,,,,,,,,,,,,,,,,,,,,,,,,,,,,,,,,,,,,,,,,,,,,,,,,,,,,,,,,,,,,,,,,,,,,,,,,,,,,,,,,,,,,
20260901_川崎_11R,20260901,34,川崎,11,5437.9,5098.0,3346.4,4053.1,1971.4,,,6098.5,7862.0,4439.1,8586.1,3167.7,,,3907.4,6591.4,3489.5,6335.4,1838.1,,,1686.1,2132.5,1913.6,1203.9,217.3,,,3861.2,8939.0,5826.3,1853.8,1703.7,,,895.1,1463.1,985.7,162.2,866.5,,,,,,,,,,,,,,,,,9457.2,8586.1,5019.6,7415.3,2559.0,,,9887.1,6942.0,7862.0,8056.1,6098.5,,,8474.6,9999.9,9999.9,8818.2,7957.9,,,3771.9,6797.3,8700.6,5826.3,1267.0,,,7092.9,9739.5,9999.9,9999.9,8056.1,,,2052.0,5625.4,5138.1,1235.8,4694.6,,,,,,,,,,,,,,,,,9596.3,9999.9,5138.1,9999.9,4237.3,,,8818.2,9999.9,8586.1,9322.1,6942.0,,,9999.9,9999.9,9999.9,9457.2,9999.9,,,5437.9,9322.1,9999.9,9999.9,1583.8,,,9999.9,9999.9,9999.9,9999.9,9999.9,,,2234.7,4350.3,3049.2,1310.3,5932.2,,,,,,,,,,,,,,,,,5138.1,6460.8,4469.5,8366.0,2265.7,,,5674.3,7957.9,3707.6,9999.9,6727.3,,,9999.9,9999.9,9999.9,9999.9,9999.9,,,5878.8,9063.1,9999.9,4981.2,2189.7,,,9999.9,9999.9,9887.1,5674.3,9596.3,,,2330.5,6098.5,7862.0,1726.3,7170.8,,,,,,,,,,,,,,,,,301.9,541.9,368.2,334.4,29.3,,,583.6,1686.1,1397.3,1486.4,225.7,,,1215.1,2620.6,3262.7,2462.4,390.5,,,1045.7,2118.6,2952.7,2084.8,363.3,,,626.8,1721.7,1995.5,1749.4,173.7,,,4.6,26.0,40.9,35.6,20.4,,,,,,,,,,,,,,,,,4943.5,7016.6,3585.4,2490.6,1919.2,,,7677.0,8474.6,3907.4,8156.8,6942.0,,,9999.9,9999.9,9063.1,9999.9,9190.8,,,9999.9,9999.9,9457.2,5437.9,9322.1,,,2519.4,6591.4,8586.1,4906.3,792.8,,,1864.4,3931.0,6658.6,6525.4,721.0,,,,,,,,,,,,,,,,,142.2,215.3,141.1,16.3,122.2,,,331.7,932.2,669.2,120.8,601.9,,,480.1,1167.3,1292.1,185.5,993.2,,,408.0,797.7,1154.9,160.3,969.6,,,2.2,14.3,23.0,19.0,9.6,,,271.4,563.0,875.9,647.3,82.4,,,,,,,,,,,,,,,,,,,,,,,,,,,,,,,,,,,,,,,,,,,,,,,,,,,,,,,,,,,,,,,,,,,,,,,,,,,,,,,,,,,,,,,,,,,,,,,,,,,,,,,,,,,,,,,,,,,,,,,,,,,,,,,,
20260901_川崎_12R,20260901,34,川崎,12,2225.6,1788.0,2713.3,3316.3,1486.6,,,2497.9,2669.7,2020.8,4084.3,1374.2,,,1573.0,1583.7,1464.1,2204.6,379.9,,,2888.4,2060.2,2183.9,3932.5,1355.0,,,3224.4,4041.7,2825.3,3087.6,1300.5,,,560.9,486.0,204.3,508.0,781.2,,,,,,,,,,,,,,,,,2818.4,2992.3,2530.4,5243.3,1758.3,,,2675.9,3403.5,1763.6,6651.5,1771.7,,,2924.6,4142.4,4013.8,7414.1,919.4,,,2881.2,2726.0,4376.0,7708.8,2476.6,,,8027.7,9999.9,9999.9,9999.9,6292.0,,,926.7,962.0,590.8,1110.7,2627.6,,,,,,,,,,,,,,,,,3306.9,3454.0,2440.3,5969.3,1706.7,,,3242.4,3959.2,2476.6,7054.7,2067.5,,,3215.5,3354.5,3972.7,6970.2,998.3,,,3672.0,3269.7,4810.0,9999.9,2476.6,,,9999.9,9999.9,9999.9,9999.9,7558.6,,,862.2,1186.5,614.9,1175.7,3233.4,,,,,,,,,,,,,,,,,1188.9,988.9,920.9,1552.0,251.3,,,1911.3,2370.7,2541.5,5569.5,524.1,,,1651.1,2078.6,1714.3,4425.9,457.7,,,1665.2,2503.2,1986.3,4295.3,539.4,,,3171.7,4359.6,3945.8,6502.9,1211.2,,,35.6,69.6,45.9,58.8,214.3,,,,,,,,,,,,,,,,,5243.3,3986.4,2939.4,8818.4,1813.1,,,5315.2,4157.2,4995.8,9999.9,3335.3,,,4359.6,4279.5,6689.8,9999.9,3233.4,,,3306.9,4850.1,7229.9,9948.9,1641.7,,,9999.9,9999.9,9999.9,9999.9,6062.6,,,1294.8,2558.3,2042.1,1029.2,3570.6,,,,,,,,,,,,,,,,,3986.4,4674.8,3730.8,5908.7,1637.1,,,7708.8,9948.9,9312.2,9999.9,6094.3,,,9999.9,9999.9,8434.9,9999.9,9620.0,,,4850.1,3516.7,8255.5,9999.9,2992.3,,,9999.9,9999.9,9999.9,9999.9,6576.4,,,1883.5,4459.8,5623.3,2147.6,4693.6,,,,,,,,,,,,,,,,,32.0,19.1,14.3,24.1,66.0,,,48.6,56.2,56.7,71.9,334.4,,,27.9,51.3,34.4,41.9,250.7,,,3.6,10.5,5.2,9.1,58.8,,,51.4,99.0,64.7,64.4,342.7,,,128.1,471.4,411.8,234.4,432.4,,,,,,,,,,,,,,,,,,,,,,,,,,,,,,,,,,,,,,,,,,,,,,,,,,,,,,,,,,,,,,,,,,,,,,,,,,,,,,,,,,,,,,,,,,,,,,,,,,,,,,,,,,,,,,,,,,,,,,,,,,,,,,,,
20260901_松山_1R,20260901,75,松山,1,411.2,268.7,441.6,918.6,114.7,,,903.5,1578.6,1831.2,3762.8,1052.4,,,493.1,1144.5,1366.5,2096.8,442.3,,,657.1,1333.4,1094.3,758.7,602.3,,,1749.5,2692.9,2145.9,1036.5,1254.2,,,87.7,334.1,182.8,221.5,506.7,,,,,,,,,,,,,,,,,288.8,190.4,336.2,706.1,78.9,,,504.9,416.1,931.1,1320.6,256.2,,,169.7,172.9,411.8,586.9,47.0,,,621.4,988.0,800.8,1509.2,376.2,,,1615.7,1517.5,1423.2,2251.5,822.4,,,26.5,45.1,6.7,90.0,183.0,,,,,,,,,,,,,,,,,1139.7,2719.6,2180.0,3815.0,1664.7,,,1107.6,1248.5,2616.0,2388.5,769.4,,,2233.2,1226.2,3086.3,2430.8,1394.3,,,3194.0,3086.3,3614.2,5182.7,2567.1,,,4578.0,2543.3,2666.8,4161.8,1738.5,,,1220.8,704.3,1064.6,2034.7,2112.9,,,,,,,,,,,,,,,,,513.4,1231.7,1438.1,2034.7,483.6,,,389.0,406.9,894.7,1283.5,115.2,,,1401.4,812.6,2270.1,2215.2,891.8,,,2692.9,1976.1,2831.8,2802.9,1685.1,,,3614.2,2430.8,2409.5,2774.5,2719.6,,,181.5,76.1,197.9,769.4,1173.8,,,,,,,,,,,,,,,,,1220.8,2197.4,2129.3,1394.3,991.6,,,1220.8,1807.1,1749.5,2831.8,625.7,,,3121.4,3194.0,4655.6,5605.8,3231.5,,,3270.0,2215.2,3349.8,3121.4,2543.3,,,1948.1,2692.9,4039.4,2746.8,1772.1,,,819.9,688.4,1476.8,1215.4,1408.6,,,,,,,,,,,,,,,,,2251.5,3270.0,3052.0,1934.4,1199.4,,,2802.9,2251.5,1920.8,3349.8,1260.0,,,4994.2,3018.5,2953.6,4578.0,1760.8,,,3980.9,2802.9,2861.3,3349.8,3309.4,,,1990.4,3567.3,4225.9,3157.3,1283.5,,,1006.1,963.8,2049.8,1664.7,1060.5,,,,,,,,,,,,,,,,,29.7,93.8,38.0,56.6,112.6,,,14.0,24.4,2.2,45.5,79.9,,,292.8,190.6,170.5,424.5,627.1,,,62.9,20.1,52.2,180.0,272.7,,,107.9,149.2,267.7,139.5,228.5,,,191.5,216.7,413.6,219.3,320.1,,,,,,,,,,,,,,,,,,,,,,,,,,,,,,,,,,,,,,,,,,,,,,,,,,,,,,,,,,,,,,,,,,,,,,,,,,,,,,,,,,,,,,,,,,,,,,,,,,,,,,,,,,,,,,,,,,,,,,,,,,,,,,,,
20260901_松山_2R,20260901,75,松山,2,378.0,666.4,283.6,1312.2,288.4,,,158.8,71.6,93.5,167.2,26.5,,,302.9,158.1,336.5,808.7,141.6,,,261.0,191.1,539.5,986.0,127.0,,,2309.8,780.6,1598.2,1239.8,921.4,,,66.2,17.7,63.3,31.5,239.0,,,,,,,,,,,,,,,,,681.2,1087.8,607.6,2248.2,526.9,,,575.4,651.0,371.4,778.8,400.0,,,1327.7,824.5,1120.3,2175.7,1343.5,,,253.5,226.3,360.6,717.5,206.7,,,3747.0,1873.5,3181.4,2325.7,3065.8,,,346.2,332.5,901.7,315.1,1765.6,,,,,,,,,,,,,,,,,86.5,30.4,52.5,52.7,15.4,,,160.4,145.1,124.2,149.8,200.6,,,27.3,82.7,57.7,34.1,28.3,,,89.9,104.7,109.4,146.5,67.1,,,78.3,167.3,78.3,137.4,99.1,,,14.5,84.6,38.0,45.5,74.1,,,,,,,,,,,,,,,,,739.5,280.5,712.9,1208.7,261.6,,,1109.3,862.5,840.9,2019.3,1393.5,,,136.2,327.4,168.1,169.9,150.4,,,1272.5,1359.8,674.4,1983.7,1105.6,,,2094.6,2535.6,708.4,2094.6,2263.3,,,310.5,885.1,307.4,630.3,1703.2,,,,,,,,,,,,,,,,,431.8,412.2,1127.8,1863.1,271.9,,,285.5,236.9,365.3,812.6,289.4,,,321.1,298.4,493.0,695.3,288.2,,,1525.9,1080.8,802.9,2134.4,1322.5,,,2787.0,1479.1,1343.5,2248.2,1703.2,,,256.2,432.9,361.4,939.3,1074.0,,,,,,,,,,,,,,,,,3921.3,1411.0,3406.4,4437.3,2120.9,,,4557.2,2161.7,4014.7,2932.5,4323.5,,,966.2,1447.3,671.7,1217.4,986.0,,,2857.9,3626.2,911.4,3065.8,2248.2,,,4014.7,3065.8,2218.6,3274.1,2479.6,,,2204.1,3338.9,1546.9,3921.3,2498.0,,,,,,,,,,,,,,,,,54.3,11.8,59.4,37.8,198.4,,,91.6,116.5,423.6,138.8,799.1,,,17.0,85.8,62.8,81.0,152.5,,,126.6,475.6,125.4,427.4,654.8,,,101.1,156.1,107.7,461.9,669.1,,,667.7,1621.3,581.4,1287.1,1102.0,,,,,,,,,,,,,,,,,,,,,,,,,,,,,,,,,,,,,,,,,,,,,,,,,,,,,,,,,,,,,,,,,,,,,,,,,,,,,,,,,,,,,,,,,,,,,,,,,,,,,,,,,,,,,,,,,,,,,,,,,,,,,,,,
20260901_松山_3R,20260901,75,松山,3,1024.4,435.9,290.7,1247.2,608.0,,,1097.9,512.8,1409.0,3104.1,583.9,,,204.5,212.3,241.1,809.5,114.5,,,273.5,1228.7,284.9,1826.7,363.1,,,2457.4,3528.6,2207.7,2400.2,3200.3,,,429.6,472.3,217.9,598.3,1834.8,,,,,,,,,,,,,,,,,942.5,449.7,446.3,1089.3,579.8,,,566.3,247.8,267.3,503.4,200.5,,,260.9,229.9,164.4,336.7,157.3,,,153.3,146.3,112.2,103.1,77.2,,,789.3,275.0,305.8,260.1,432.7,,,251.5,154.1,170.8,127.6,335.3,,,,,,,,,,,,,,,,,595.7,333.4,777.4,1779.5,328.7,,,457.1,171.9,185.7,398.1,114.9,,,122.6,113.8,189.7,622.6,45.7,,,931.9,203.6,379.8,1458.8,201.7,,,2231.6,1327.4,1705.9,1994.4,1200.1,,,94.7,40.0,27.9,60.2,305.8,,,,,,,,,,,,,,,,,36.8,36.4,49.7,296.5,17.0,,,67.8,97.2,44.2,157.0,39.0,,,70.6,73.4,115.4,472.9,23.1,,,121.9,45.2,186.0,547.5,68.2,,,1095.0,742.5,1340.4,1310.6,811.0,,,21.7,26.9,14.1,42.2,220.7,,,,,,,,,,,,,,,,,189.9,872.8,208.7,1258.6,234.5,,,99.3,189.7,118.3,128.6,70.6,,,1042.5,489.7,608.0,1994.4,352.8,,,270.5,159.5,439.6,1149.9,206.8,,,2400.2,803.2,2517.3,2023.7,1399.4,,,229.4,121.8,222.5,225.3,728.1,,,,,,,,,,,,,,,,,3200.3,4300.4,3931.8,4587.1,3686.1,,,2372.6,1734.6,1294.1,969.1,1594.0,,,4745.3,2231.6,2907.3,4745.3,2663.5,,,3621.4,2268.3,3250.7,3383.9,3276.5,,,3822.6,1124.9,3787.5,2948.9,2442.8,,,3498.7,1787.2,2991.6,3200.3,2646.4,,,,,,,,,,,,,,,,,306.7,185.2,124.8,362.4,1069.5,,,206.8,84.8,116.2,97.4,308.5,,,63.3,38.6,23.9,55.2,282.9,,,44.9,63.9,26.5,102.8,373.9,,,275.4,106.7,119.0,182.8,685.7,,,1834.8,1037.3,919.4,1282.1,1344.7,,,,,,,,,,,,,,,,,,,,,,,,,,,,,,,,,,,,,,,,,,,,,,,,,,,,,,,,,,,,,,,,,,,,,,,,,,,,,,,,,,,,,,,,,,,,,,,,,,,,,,,,,,,,,,,,,,,,,,,,,,,,,,,,
20260901_松山_4R,20260901,75,松山,4,23.7,12.3,21.3,42.0,32.6,,,31.6,85.4,50.5,96.0,25.5,,,37.9,116.7,92.8,142.1,135.5,,,21.1,38.6,45.1,46.8,37.5,,,94.3,162.6,203.1,105.3,139.3,,,47.9,36.8,101.4,59.8,123.0,,,,,,,,,,,,,,,,,45.1,18.5,38.5,64.8,54.0,,,93.6,127.0,354.1,335.4,132.9,,,16.0,54.2,57.7,40.9,49.4,,,124.4,350.5,211.0,528.9,428.3,,,226.2,541.0,235.0,670.8,476.3,,,123.4,144.6,158.8,401.9,344.9,,,,,,,,,,,,,,,,,83.1,225.9,159.2,305.8,76.6,,,124.0,204.8,438.7,541.6,234.2,,,406.2,342.5,959.8,854.1,542.3,,,415.2,626.9,1585.0,1452.1,746.5,,,727.2,907.5,1203.6,1619.2,700.0,,,103.3,177.8,287.2,330.9,265.8,,,,,,,,,,,,,,,,,126.2,431.5,418.3,565.5,589.2,,,87.2,216.9,252.0,201.1,271.6,,,632.2,453.3,1590.6,1260.9,1250.4,,,795.3,688.3,1948.7,1573.9,1718.1,,,1004.8,480.9,1601.9,1718.1,1915.5,,,1004.8,614.1,1355.8,2123.3,2046.1,,,,,,,,,,,,,,,,,179.5,407.0,353.3,378.2,396.6,,,238.1,741.6,531.4,1297.2,1452.1,,,907.5,1815.1,2332.3,2572.2,1779.2,,,880.9,968.0,2195.8,1765.3,2185.2,,,1172.2,2473.3,2795.9,2394.4,2407.2,,,1087.3,2143.5,1751.5,2153.8,2344.5,,,,,,,,,,,,,,,,,300.7,524.6,513.8,353.3,509.2,,,351.9,735.5,337.6,1061.6,857.4,,,678.9,882.6,1148.3,1786.3,755.2,,,726.0,462.6,1257.4,1071.7,1278.8,,,852.5,1607.6,2174.6,538.4,540.3,,,1082.0,1289.8,955.7,1698.6,1867.8,,,,,,,,,,,,,,,,,288.1,194.5,506.9,382.7,769.4,,,415.2,464.5,670.8,1264.4,1271.6,,,165.0,263.7,401.9,450.6,415.6,,,1069.2,951.6,951.6,2113.3,2064.9,,,970.1,1891.3,1018.4,2250.7,2394.4,,,1424.5,1648.9,951.6,2206.6,2153.8,,,,,,,,,,,,,,,,,,,,,,,,,,,,,,,,,,,,,,,,,,,,,,,,,,,,,,,,,,,,,,,,,,,,,,,,,,,,,,,,,,,,,,,,,,,,,,,,,,,,,,,,,,,,,,,,,,,,,,,,,,,,,,,,
20260901_松山_5R,20260901,75,松山,5,451.7,97.3,365.4,438.2,134.4,,,643.5,188.1,493.5,609.3,421.4,,,11.3,25.8,17.2,16.2,4.5,,,576.0,645.1,180.3,813.7,436.8,,,409.1,531.0,95.2,520.3,297.1,,,70.0,196.0,26.9,161.2,166.5,,,,,,,,,,,,,,,,,1459.7,323.7,1125.8,1528.8,337.5,,,2010.7,2903.1,2426.0,3744.6,1392.8,,,334.4,1722.5,1415.7,2266.4,423.5,,,1899.8,2855.0,2317.2,4697.7,1318.2,,,3094.3,5497.3,5219.7,7078.8,3004.3,,,190.1,507.6,261.9,444.3,924.4,,,,,,,,,,,,,,,,,1625.0,692.7,877.3,1728.2,991.8,,,1921.0,3094.3,1711.1,4101.2,1711.1,,,679.9,2903.1,1389.1,3539.4,1370.7,,,694.5,1072.1,825.4,2189.6,905.0,,,4921.4,5497.3,5741.7,5741.7,7177.1,,,1092.5,1363.4,1439.4,1619.9,4784.7,,,,,,,,,,,,,,,,,9.7,27.3,19.9,25.1,6.3,,,113.3,599.4,454.4,833.4,167.1,,,290.4,939.5,605.0,1524.3,650.8,,,224.7,759.9,611.5,1311.5,544.5,,,417.0,1705.4,2100.6,2058.7,1291.8,,,37.8,90.6,277.9,175.8,434.2,,,,,,,,,,,,,,,,,1921.0,1497.8,811.2,2870.8,1599.8,,,2338.2,3355.5,2936.1,5219.7,2026.4,,,997.5,1751.7,1385.4,2839.3,1614.8,,,894.0,2636.5,1942.6,4270.7,1650.9,,,5806.2,5116.3,6983.1,6225.9,4784.7,,,1650.9,1502.1,2317.2,1609.8,4270.7,,,,,,,,,,,,,,,,,2570.9,3422.2,878.8,4101.2,1852.1,,,4454.7,6008.7,6890.0,9395.5,5678.6,,,6711.1,6151.8,6079.4,9569.5,7829.6,,,1099.4,5219.7,5116.3,5741.7,4342.4,,,7278.2,5066.2,5167.5,5066.2,5678.6,,,2778.2,3827.8,7382.2,4968.8,6890.0,,,,,,,,,,,,,,,,,60.4,227.4,33.4,177.5,246.1,,,55.5,231.1,71.0,197.3,460.9,,,561.6,696.4,739.2,707.8,2217.8,,,38.3,77.2,285.9,210.3,512.1,,,556.8,650.8,844.3,735.0,1800.5,,,1072.1,1533.3,2919.5,1775.7,2370.4,,,,,,,,,,,,,,,,,,,,,,,,,,,,,,,,,,,,,,,,,,,,,,,,,,,,,,,,,,,,,,,,,,,,,,,,,,,,,,,,,,,,,,,,,,,,,,,,,,,,,,,,,,,,,,,,,,,,,,,,,,,,,,,,
20260901_松山_6R,20260901,75,松山,6,321.5,120.7,38.3,257.4,971.8,,,547.6,590.4,239.1,971.8,1887.6,,,167.5,408.5,95.7,415.9,1134.7,,,21.5,64.5,30.2,80.7,356.2,,,498.2,1663.6,696.1,329.9,2652.9,,,1515.9,4176.9,2745.6,1283.1,4565.4,,,,,,,,,,,,,,,,,402.6,183.8,56.7,365.5,1402.2,,,846.1,1038.7,352.4,1321.9,3020.2,,,240.5,617.3,120.1,456.0,1784.6,,,33.7,121.8,36.0,80.9,401.0,,,621.2,1953.3,831.8,354.6,3704.0,,,2745.6,5235.0,3739.3,1622.4,5033.7,,,,,,,,,,,,,,,,,1262.4,1498.5,549.1,2453.9,5305.8,,,1230.8,1729.6,785.2,2745.6,4362.5,,,2055.6,2077.4,1001.6,2745.6,6332.7,,,451.8,546.0,672.3,1335.4,2516.8,,,4314.6,3739.3,4006.4,2533.1,8179.8,,,7011.2,7408.1,7852.6,4314.6,7852.6,,,,,,,,,,,,,,,,,356.2,964.6,227.6,996.5,2379.5,,,387.5,981.5,218.1,971.8,2865.9,,,2013.4,1826.1,919.5,2765.0,5773.9,,,121.4,110.6,294.9,332.7,900.5,,,2309.5,1677.9,3218.2,1158.2,5235.0,,,5235.0,6232.2,7852.6,3355.8,8725.1,,,,,,,,,,,,,,,,,7.5,37.2,13.8,37.8,207.9,,,5.8,36.1,8.2,25.6,159.9,,,91.9,88.7,135.9,263.5,699.8,,,14.0,11.5,48.7,45.8,171.3,,,96.8,76.8,261.5,131.6,540.0,,,651.1,501.4,1443.4,890.3,1109.1,,,,,,,,,,,,,,,,,1878.6,3704.0,3218.2,1144.6,6332.7,,,1887.6,3569.3,2282.7,1047.0,7408.1,,,4730.4,4221.8,4132.9,3811.9,9576.3,,,4314.6,2670.9,5099.1,1878.6,9576.3,,,880.3,819.6,2689.2,1368.0,3192.1,,,8725.1,5305.8,9130.9,9348.3,4619.1,,,,,,,,,,,,,,,,,3965.9,5453.2,3537.2,1915.2,6134.8,,,4089.9,8179.8,4362.5,2765.0,6543.8,,,7011.2,8353.8,8179.8,6040.4,9348.3,,,5099.1,8535.4,6654.7,5033.7,9130.9,,,1869.6,2296.0,4788.1,4089.9,3739.3,,,7852.6,6769.5,9130.9,9130.9,3669.4,,,,,,,,,,,,,,,,,,,,,,,,,,,,,,,,,,,,,,,,,,,,,,,,,,,,,,,,,,,,,,,,,,,,,,,,,,,,,,,,,,,,,,,,,,,,,,,,,,,,,,,,,,,,,,,,,,,,,,,,,,,,,,,,
20260901_松山_7R,20260901,75,松山,7,1925.1,2293.0,1531.9,967.7,543.8,,,3673.5,7826.2,5070.5,4337.4,2589.9,,,3789.5,8571.6,5538.6,5625.1,2517.5,,,1884.8,7200.1,5454.6,4736.9,3130.5,,,1139.2,4390.3,3529.5,3529.5,765.9,,,323.4,1058.8,1049.5,1014.1,403.5,,,,,,,,,,,,,,,,,1600.0,2069.0,1208.0,786.0,437.4,,,2769.3,4235.4,4390.3,2130.2,1216.2,,,3495.2,7059.0,4864.9,3636.4,1481.5,,,1592.9,4500.1,4091.0,3103.5,1184.2,,,674.1,1411.8,1791.0,1809.0,260.3,,,172.9,283.6,309.0,306.1,117.5,,,,,,,,,,,,,,,,,5294.2,9999.9,5625.1,6000.1,3750.1,,,3529.5,6545.6,6545.6,3396.3,2080.9,,,9729.9,9999.9,9999.9,5217.5,8000.2,,,7826.2,9999.9,9999.9,9231.0,5217.5,,,5714.4,3333.4,4864.9,5454.6,3461.6,,,2337.7,1531.9,3829.8,3157.9,2080.9,,,,,,,,,,,,,,,,,5000.1,9999.9,6101.8,5714.4,3000.0,,,4390.3,6101.8,5806.6,5070.5,2686.6,,,9000.2,9999.9,9999.9,6207.0,8372.3,,,9473.9,8780.7,9999.9,6207.0,5454.6,,,7347.1,5294.2,5454.6,5901.7,3157.9,,,2857.2,2278.5,4500.1,3564.4,2589.9,,,,,,,,,,,,,,,,,2105.3,6315.9,6428.7,6101.8,3428.6,,,1585.9,5538.6,5070.5,4186.1,2069.0,,,7500.2,9729.9,9999.9,8571.6,4864.9,,,4736.9,7826.2,9999.9,5714.4,5373.2,,,6428.7,6000.1,6101.8,5625.1,2168.7,,,2553.2,1651.4,3364.5,3529.5,1666.7,,,,,,,,,,,,,,,,,1052.6,3243.3,3333.4,3025.2,672.9,,,906.8,1967.2,2195.1,2647.1,326.9,,,4500.1,3025.2,3789.5,6207.0,2293.0,,,6666.8,3495.2,4444.5,3711.4,2384.1,,,4500.1,3364.5,5901.7,4000.1,1967.2,,,278.6,169.4,580.6,672.9,638.3,,,,,,,,,,,,,,,,,16.0,51.5,69.0,75.0,21.4,,,7.8,13.8,18.0,22.7,4.4,,,85.4,34.6,111.5,121.5,48.5,,,111.6,38.4,112.6,147.3,77.0,,,117.6,43.2,155.1,153.9,74.9,,,13.0,5.8,24.9,31.6,38.1,,,,,,,,,,,,,,,,,,,,,,,,,,,,,,,,,,,,,,,,,,,,,,,,,,,,,,,,,,,,,,,,,,,,,,,,,,,,,,,,,,,,,,,,,,,,,,,,,,,,,,,,,,,,,,,,,,,,,,,,,,,,,,,,
20260901_松山_8R,20260901,75,松山,8,290.1,496.6,105.3,518.8,173.6,,,168.0,272.5,66.1,146.9,463.4,,,820.2,820.2,273.7,1049.5,1065.6,,,39.3,33.3,38.9,60.2,75.1,,,723.3,309.1,703.8,245.2,973.5,,,179.1,693.2,586.8,224.6,798.2,,,,,,,,,,,,,,,,,181.8,385.4,76.1,407.2,101.4,,,177.3,482.8,142.2,199.9,168.3,,,667.7,805.9,494.2,740.0,334.4,,,51.4,126.8,191.6,224.0,82.0,,,543.9,382.6,684.1,433.1,422.1,,,54.8,108.5,80.5,50.1,174.7,,,,,,,,,,,,,,,,,79.6,167.6,26.8,63.5,188.8,,,111.4,370.3,99.5,118.0,140.9,,,474.0,674.2,329.9,298.9,729.7,,,25.3,78.1,128.0,50.2,161.1,,,26.5,41.8,46.5,21.7,83.3,,,370.3,237.9,458.8,290.5,307.7,,,,,,,,,,,,,,,,,1160.6,1197.3,447.5,1543.2,1331.2,,,1052.1,1310.2,813.8,1375.1,702.6,,,1076.6,1298.0,835.0,752.1,1335.4,,,379.4,795.1,725.9,850.3,921.8,,,1515.1,1488.0,728.4,1085.0,1456.8,,,1331.2,717.1,1306.1,1016.2,1472.3,,,,,,,,,,,,,,,,,23.5,17.9,33.7,50.1,54.9,,,47.0,114.2,188.1,205.9,108.2,,,32.2,83.8,163.2,97.4,173.8,,,124.9,335.2,306.1,322.2,439.0,,,140.1,345.4,119.9,340.6,437.2,,,169.9,200.6,347.2,389.0,393.8,,,,,,,,,,,,,,,,,694.4,202.8,377.4,225.5,886.5,,,722.1,396.0,784.6,566.8,722.1,,,85.2,144.8,104.5,66.4,248.6,,,392.3,807.4,256.4,350.7,875.3,,,233.1,510.6,197.7,411.7,656.1,,,1255.0,838.3,749.4,1173.7,919.7,,,,,,,,,,,,,,,,,120.4,520.8,445.6,235.8,681.9,,,90.2,172.0,137.4,100.7,231.8,,,509.3,294.2,591.8,425.1,720.8,,,846.8,344.9,927.9,699.1,955.6,,,317.0,199.6,564.5,594.3,584.3,,,1218.3,610.0,999.2,1352.8,940.5,,,,,,,,,,,,,,,,,,,,,,,,,,,,,,,,,,,,,,,,,,,,,,,,,,,,,,,,,,,,,,,,,,,,,,,,,,,,,,,,,,,,,,,,,,,,,,,,,,,,,,,,,,,,,,,,,,,,,,,,,,,,,,,,
20260901_松山_9R,20260901,75,松山,9,265.5,105.8,413.6,250.6,54.0,,,204.2,113.0,138.5,778.8,115.2,,,25.7,27.0,68.3,165.7,15.3,,,664.3,299.1,376.4,1171.6,364.6,,,821.3,1646.0,805.1,1588.1,663.2,,,20.7,67.3,25.2,121.2,169.8,,,,,,,,,,,,,,,,,579.9,228.2,833.1,495.2,147.2,,,936.8,984.4,840.0,921.9,355.3,,,344.5,841.7,972.6,684.4,236.1,,,1290.7,1016.4,1346.2,1619.8,637.2,,,826.3,991.6,794.0,1217.2,168.6,,,74.6,131.7,85.7,200.2,40.3,,,,,,,,,,,,,,,,,499.4,264.6,306.1,1258.7,271.0,,,656.8,656.8,442.8,761.3,306.6,,,307.3,472.2,364.9,1116.9,266.9,,,209.8,188.5,178.7,519.2,133.5,,,2336.6,1839.7,1848.0,1421.5,823.0,,,141.6,148.4,195.9,110.1,487.5,,,,,,,,,,,,,,,,,57.4,105.2,130.4,301.8,39.2,,,136.9,579.1,698.5,602.3,137.1,,,269.0,557.7,477.7,1116.9,373.0,,,492.8,1024.1,676.4,1426.5,758.5,,,1098.8,1337.4,1632.8,1891.0,1235.7,,,55.1,94.1,223.7,368.6,459.4,,,,,,,,,,,,,,,,,1646.0,887.7,1072.7,2573.2,1034.5,,,970.3,1016.4,1138.8,1865.0,713.2,,,446.2,472.7,464.1,954.4,364.9,,,1210.0,1917.8,1132.5,2363.8,1473.1,,,4148.7,3103.6,2221.7,2967.7,2336.6,,,597.0,744.6,532.8,991.6,1701.1,,,,,,,,,,,,,,,,,1973.6,3445.5,2043.0,3445.5,1500.2,,,1856.5,1744.9,1588.1,2494.3,449.7,,,3986.0,2464.0,2377.6,2765.8,2765.8,,,2640.1,2297.0,2589.6,3176.3,1917.8,,,3872.1,2863.2,2863.2,2863.2,2589.6,,,1401.9,446.2,2336.6,1545.9,2074.3,,,,,,,,,,,,,,,,,22.5,46.6,13.7,83.6,109.6,,,14.9,39.5,17.0,67.7,17.8,,,70.7,92.8,91.5,61.4,269.6,,,21.7,37.1,65.6,131.6,147.3,,,259.9,259.1,150.0,309.4,600.5,,,356.6,163.9,447.7,401.7,664.3,,,,,,,,,,,,,,,,,,,,,,,,,,,,,,,,,,,,,,,,,,,,,,,,,,,,,,,,,,,,,,,,,,,,,,,,,,,,,,,,,,,,,,,,,,,,,,,,,,,,,,,,,,,,,,,,,,,,,,,,,,,,,,,,
20260901_松山_10R,20260901,75,松山,10,171.4,53.2,100.1,315.5,48.9,,,399.9,90.7,246.9,1016.3,208.4,,,57.0,26.5,45.4,123.9,52.3,,,102.7,109.7,37.3,247.1,89.2,,,371.0,639.3,196.4,282.1,525.2,,,102.0,217.0,77.5,175.0,814.0,,,,,,,,,,,,,,,,,188.4,48.3,123.3,451.5,36.8,,,320.7,150.0,710.9,916.0,218.3,,,58.2,41.8,234.7,235.8,30.5,,,294.5,746.1,414.0,1012.0,331.1,,,822.3,1157.6,669.5,1593.2,790.0,,,16.8,50.8,12.6,107.1,211.4,,,,,,,,,,,,,,,,,672.3,306.1,761.4,1603.8,662.2,,,599.6,289.2,1138.5,1572.4,492.5,,,115.7,145.5,294.8,293.9,97.0,,,993.3,1489.9,517.4,2856.4,1705.8,,,1761.8,1849.5,689.6,2514.2,2277.0,,,744.9,602.6,271.0,1653.2,2028.3,,,,,,,,,,,,,,,,,76.4,47.6,97.9,228.8,82.5,,,84.1,52.4,251.8,245.7,43.9,,,23.6,31.1,76.6,67.9,20.8,,,194.1,449.0,153.9,622.8,375.3,,,319.4,314.4,80.6,523.5,303.6,,,98.4,56.7,42.9,248.8,278.2,,,,,,,,,,,,,,,,,227.3,364.3,98.2,719.4,218.4,,,560.6,1462.8,719.4,2413.7,550.4,,,1094.6,2287.8,823.7,3352.3,2036.8,,,239.5,731.4,244.4,1160.4,502.3,,,2136.0,3989.6,3329.2,1768.2,3036.1,,,692.6,874.5,1962.3,769.9,2567.7,,,,,,,,,,,,,,,,,1359.8,2145.5,703.7,1257.1,2425.8,,,2623.6,2774.3,1359.8,4022.8,1711.8,,,2696.8,2581.5,805.9,3448.1,3498.1,,,1075.1,983.1,273.5,1471.7,1250.6,,,2298.7,4161.5,4310.2,2224.6,3657.1,,,3657.1,2098.8,3924.7,2389.8,3523.6,,,,,,,,,,,,,,,,,133.2,382.2,145.7,369.3,1022.7,,,35.3,76.9,22.6,154.6,274.7,,,495.6,347.2,221.6,1301.1,1711.8,,,138.7,68.6,77.6,391.2,511.9,,,551.7,522.4,1322.5,560.6,1893.1,,,1508.5,928.3,2332.0,961.6,2277.0,,,,,,,,,,,,,,,,,,,,,,,,,,,,,,,,,,,,,,,,,,,,,,,,,,,,,,,,,,,,,,,,,,,,,,,,,,,,,,,,,,,,,,,,,,,,,,,,,,,,,,,,,,,,,,,,,,,,,,,,,,,,,,,,
20260901_松山_11R,20260901,75,松山,11,161.4,47.8,194.3,418.5,183.3,,,229.7,71.6,374.8,1008.7,171.0,,,10.4,14.2,18.8,113.7,19.1,,,364.9,529.6,113.9,1117.5,460.0,,,950.0,2025.0,517.9,1710.0,2079.7,,,279.5,263.7,110.2,413.4,1143.6,,,,,,,,,,,,,,,,,172.2,60.3,125.4,277.5,176.0,,,201.5,167.7,172.0,447.7,129.2,,,40.6,101.9,74.7,210.0,115.9,,,95.0,129.4,109.7,281.4,126.8,,,301.2,507.6,314.6,373.0,448.8,,,222.5,191.6,212.8,208.5,470.0,,,,,,,,,,,,,,,,,317.6,117.9,419.5,1045.9,194.2,,,303.4,270.6,400.4,630.7,196.1,,,121.7,239.3,495.5,1008.7,160.4,,,961.9,928.7,933.5,2071.7,630.7,,,2235.1,1381.1,1693.9,2459.6,1561.3,,,74.5,97.0,86.1,128.5,473.7,,,,,,,,,,,,,,,,,7.7,14.3,19.0,116.7,19.5,,,26.1,45.5,44.3,135.9,65.1,,,64.8,77.1,152.8,399.3,67.1,,,145.7,236.6,467.5,855.0,377.4,,,515.9,364.9,887.4,1282.5,1215.9,,,99.0,154.9,121.3,246.1,754.4,,,,,,,,,,,,,,,,,747.1,1124.5,379.8,1923.8,1047.9,,,536.5,655.3,514.9,938.4,648.2,,,1459.8,1244.0,1475.8,2602.2,1073.0,,,450.7,735.8,1288.6,1766.1,1224.2,,,3043.3,1444.1,3244.9,2448.4,2482.3,,,1189.1,1124.5,1056.2,1246.9,2095.9,,,,,,,,,,,,,,,,,1699.2,2734.3,1186.4,3740.7,2791.0,,,896.2,988.3,663.3,1108.3,1241.1,,,3187.3,2063.8,2272.8,4111.9,2437.4,,,1381.1,1339.9,2482.3,2943.5,2943.5,,,3639.6,1732.0,3931.8,2614.8,3078.0,,,3264.6,1683.3,2482.3,2850.0,3304.7,,,,,,,,,,,,,,,,,440.8,362.2,246.7,723.0,1672.8,,,407.1,347.5,419.1,553.6,1110.6,,,152.4,192.9,178.3,230.7,664.2,,,279.3,429.5,325.0,732.8,1632.3,,,748.1,757.6,694.1,802.7,1807.6,,,2565.0,1672.8,1916.9,2776.6,2311.8,,,,,,,,,,,,,,,,,,,,,,,,,,,,,,,,,,,,,,,,,,,,,,,,,,,,,,,,,,,,,,,,,,,,,,,,,,,,,,,,,,,,,,,,,,,,,,,,,,,,,,,,,,,,,,,,,,,,,,,,,,,,,,,,
20260901_松山_12R,20260901,75,松山,12,630.5,225.6,1619.5,747.0,1140.8,,,831.7,449.3,955.2,1722.8,1034.2,,,106.8,134.8,353.2,92.1,207.3,,,2861.7,2361.4,1589.1,3926.5,2150.8,,,1091.0,1886.5,395.6,2520.0,2320.8,,,1276.6,1008.0,617.9,1446.1,2103.9,,,,,,,,,,,,,,,,,333.0,107.6,618.4,372.5,590.3,,,215.7,42.5,48.5,121.0,119.7,,,40.5,24.2,36.4,14.1,82.7,,,660.1,152.0,177.7,344.2,467.3,,,394.0,325.0,155.9,323.4,743.7,,,636.5,174.2,213.7,457.8,706.4,,,,,,,,,,,,,,,,,869.1,488.6,1078.8,1998.1,1150.5,,,531.7,193.5,259.5,592.9,330.5,,,232.6,173.7,188.1,280.1,254.0,,,869.1,289.9,233.3,997.5,250.7,,,2802.3,1709.7,1243.7,1907.8,2911.0,,,603.0,283.5,190.5,156.7,1129.3,,,,,,,,,,,,,,,,,13.6,19.1,61.2,9.7,51.0,,,20.1,23.4,39.8,15.3,73.5,,,53.3,50.7,47.2,67.3,79.5,,,222.1,136.3,94.2,138.7,308.6,,,19.6,20.0,31.4,46.1,82.6,,,129.1,123.7,55.5,146.1,102.4,,,,,,,,,,,,,,,,,3393.8,3445.7,2492.1,4756.1,2802.3,,,2790.7,788.9,879.3,2130.4,1998.1,,,1940.7,691.9,620.1,1881.2,776.2,,,1500.8,920.1,713.9,1311.3,1651.2,,,6196.0,3481.2,3710.8,2386.4,4357.2,,,2975.1,2567.9,1170.4,2228.9,3815.6,,,,,,,,,,,,,,,,,1608.0,2567.9,587.2,4690.0,4093.1,,,1592.8,1684.2,481.7,2369.7,3650.6,,,3773.0,2305.0,1465.0,3262.6,4414.1,,,365.2,287.5,531.3,670.0,1099.9,,,5155.4,3294.4,4044.1,2123.7,4756.1,,,4929.6,3428.2,5535.8,2680.0,5002.7,,,,,,,,,,,,,,,,,1274.2,1092.8,573.3,1313.9,2110.5,,,1288.8,664.7,607.8,1219.0,1643.2,,,700.5,396.1,218.0,215.9,1321.6,,,326.7,368.4,212.9,568.0,371.2,,,2040.3,1740.6,682.8,1353.4,2701.4,,,3278.4,2962.1,3343.4,1745.1,3069.8,,,,,,,,,,,,,,,,,,,,,,,,,,,,,,,,,,,,,,,,,,,,,,,,,,,,,,,,,,,,,,,,,,,,,,,,,,,,,,,,,,,,,,,,,,,,,,,,,,,,,,,,,,,,,,,,,,,,,,,,,,,,,,,,
20260901_いわき平_1R,20260901,13,いわき平,1,30.8,128.2,85.0,256.3,,,,31.1,47.7,114.4,204.3,,,,261.1,180.4,275.6,647.2,,,,86.0,82.2,122.3,43.6,,,,422.2,389.2,534.9,173.3,,,,,,,,,,,,,,,,,,,,,,,,,25.4,103.2,82.3,174.1,,,,15.8,13.6,54.4,117.1,,,,177.0,73.9,350.2,491.6,,,,138.4,186.2,397.8,246.9,,,,593.3,427.4,819.3,440.2,,,,,,,,,,,,,,,,,,,,,,,,,26.2,46.0,95.8,208.0,,,,11.8,6.2,34.3,82.2,,,,39.6,9.7,27.4,62.3,,,,155.4,115.7,71.1,179.0,,,,329.3,299.2,164.5,248.7,,,,,,,,,,,,,,,,,,,,,,,,,404.4,320.8,495.7,867.5,,,,247.5,88.6,448.8,600.2,,,,144.0,34.4,89.6,161.6,,,,418.8,516.1,299.6,430.6,,,,917.6,862.1,448.8,580.8,,,,,,,,,,,,,,,,,,,,,,,,,156.4,111.3,128.9,45.9,,,,318.6,330.3,419.2,474.6,,,,192.7,284.9,160.8,259.8,,,,286.5,530.1,288.7,332.2,,,,83.3,335.1,180.7,217.1,,,,,,,,,,,,,,,,,,,,,,,,,459.8,596.7,692.8,251.0,,,,1061.5,744.0,1086.7,923.8,,,,571.1,466.6,244.9,418.3,,,,860.3,927.9,450.3,443.0,,,,128.5,530.1,307.7,251.3,,,,,,,,,,,,,,,,,,,,,,,,,,,,,,,,,,,,,,,,,,,,,,,,,,,,,,,,,,,,,,,,,,,,,,,,,,,,,,,,,,,,,,,,,,,,,,,,,,,,,,,,,,,,,,,,,,,,,,,,,,,,,,,,,,,,,,,,,,,,,,,,,,,,,,,,,,,,,,,,,,,,,,,,,,,,,,,,,,,,,,,,,,,,,,,,
20260901_いわき平_2R,20260901,13,いわき平,2,8.8,13.3,54.2,13.9,,,,29.9,88.6,127.2,171.8,,,,40.1,117.2,251.6,158.5,,,,245.7,277.4,403.9,503.8,,,,82.1,260.2,209.2,433.7,,,,,,,,,,,,,,,,,,,,,,,,,11.0,17.4,53.9,14.4,,,,27.0,43.5,42.7,191.1,,,,44.8,65.4,188.0,238.0,,,,227.1,123.1,188.0,680.0,,,,197.5,499.0,473.4,896.4,,,,,,,,,,,,,,,,,,,,,,,,,21.4,78.2,84.6,137.9,,,,21.5,50.3,62.9,218.9,,,,66.5,65.1,90.6,369.3,,,,51.5,60.3,50.4,238.0,,,,432.5,656.3,673.2,770.2,,,,,,,,,,,,,,,,,,,,,,,,,32.7,104.8,149.1,80.9,,,,33.0,72.6,197.0,116.2,,,,76.1,75.0,90.9,341.7,,,,247.9,293.0,144.8,479.7,,,,354.6,391.8,626.6,772.7,,,,,,,,,,,,,,,,,,,,,,,,,585.3,436.5,693.0,1188.4,,,,575.3,369.1,560.2,1448.0,,,,179.8,245.1,178.7,693.0,,,,579.5,598.7,265.5,1072.0,,,,1810.0,2353.0,1762.5,1789.4,,,,,,,,,,,,,,,,,,,,,,,,,297.4,720.6,626.6,1553.1,,,,477.7,1142.2,1029.7,2073.1,,,,1216.0,1268.5,1376.0,1803.1,,,,1014.2,1125.8,1484.5,1845.5,,,,2019.8,2516.6,2091.6,2037.2,,,,,,,,,,,,,,,,,,,,,,,,,,,,,,,,,,,,,,,,,,,,,,,,,,,,,,,,,,,,,,,,,,,,,,,,,,,,,,,,,,,,,,,,,,,,,,,,,,,,,,,,,,,,,,,,,,,,,,,,,,,,,,,,,,,,,,,,,,,,,,,,,,,,,,,,,,,,,,,,,,,,,,,,,,,,,,,,,,,,,,,,,,,,,,,,
20260901_いわき平_3R,20260901,13,いわき平,3,55.7,41.6,71.8,330.8,266.6,,,96.8,135.8,167.0,284.3,467.8,,,35.2,61.1,21.8,171.6,128.9,,,66.3,70.1,28.2,258.5,107.7,,,949.7,809.8,671.0,999.5,1545.3,,,479.6,629.6,380.4,377.9,1273.4,,,,,,,,,,,,,,,,,27.4,20.2,38.6,190.8,188.3,,,12.6,23.9,64.8,19.6,98.5,,,31.7,56.5,110.0,250.8,280.4,,,99.5,194.7,172.6,658.7,539.4,,,524.0,189.2,619.4,946.6,787.5,,,414.6,307.0,545.0,879.6,826.2,,,,,,,,,,,,,,,,,86.3,150.5,287.4,179.4,547.6,,,30.6,40.2,128.5,21.2,103.0,,,137.2,89.5,654.9,159.9,606.9,,,391.8,352.0,712.0,1226.9,1354.8,,,182.8,52.8,213.9,816.8,374.4,,,744.4,354.6,826.2,1520.6,592.5,,,,,,,,,,,,,,,,,35.7,41.2,33.6,127.5,103.9,,,45.7,64.9,171.6,292.1,317.6,,,93.7,80.4,519.7,165.2,465.9,,,112.0,301.8,525.5,977.3,845.8,,,557.2,752.3,513.7,2006.1,1481.2,,,341.3,765.4,667.1,1447.5,1290.6,,,,,,,,,,,,,,,,,127.9,117.6,42.9,316.5,144.2,,,196.0,314.3,337.1,1037.6,703.2,,,355.1,500.6,671.0,938.8,987.5,,,72.2,335.5,377.1,763.3,457.7,,,1070.7,1944.7,1638.2,1597.1,1287.7,,,466.7,994.3,945.0,840.8,1178.8,,,,,,,,,,,,,,,,,1575.1,1374.4,1732.6,2149.4,3363.3,,,1293.5,503.7,1570.7,2224.7,2207.5,,,852.1,315.5,949.7,2392.3,1371.1,,,1488.9,1887.0,1314.4,2647.0,3507.7,,,1958.0,3041.2,2775.5,2552.5,2902.3,,,2552.5,2887.6,2102.0,3090.6,3230.3,,,,,,,,,,,,,,,,,369.8,348.8,376.1,336.5,468.6,,,514.1,378.4,693.8,1108.0,1127.7,,,372.0,287.0,679.8,512.7,312.9,,,365.5,753.3,658.7,1157.4,1123.3,,,651.2,1229.6,1080.8,1290.6,1348.5,,,1520.6,1717.0,1011.9,2125.5,1931.6,,,,,,,,,,,,,,,,,,,,,,,,,,,,,,,,,,,,,,,,,,,,,,,,,,,,,,,,,,,,,,,,,,,,,,,,,,,,,,,,,,,,,,,,,,,,,,,,,,,,,,,,,,,,,,,,,,,,,,,,,,,,,,,,
20260901_いわき平_4R,20260901,13,いわき平,4,37.2,43.7,143.4,61.8,267.9,,,28.4,21.3,24.5,72.6,127.1,,,24.2,26.9,12.6,46.7,11.5,,,74.6,23.9,9.9,129.7,76.6,,,134.8,170.8,103.5,373.9,386.9,,,280.8,285.0,56.1,191.9,442.6,,,,,,,,,,,,,,,,,102.9,194.9,348.1,174.2,724.0,,,52.0,214.2,202.3,44.5,518.6,,,538.7,604.3,1118.3,733.5,1727.7,,,588.0,566.7,978.5,919.3,2114.0,,,181.0,92.8,479.4,717.8,1041.6,,,1957.1,1721.7,2556.3,3578.8,2308.9,,,,,,,,,,,,,,,,,37.6,24.4,20.2,93.3,143.7,,,32.7,118.9,109.0,34.5,393.5,,,116.0,321.1,205.9,483.6,389.3,,,39.0,192.3,144.3,268.6,393.8,,,212.3,135.7,580.5,462.6,952.5,,,603.6,1304.7,933.0,963.5,1278.1,,,,,,,,,,,,,,,,,268.7,203.0,108.9,444.5,92.9,,,617.0,938.2,1258.8,1384.0,2150.3,,,314.3,801.6,577.2,1435.6,1141.3,,,226.7,1024.6,645.6,1184.4,772.0,,,1322.0,1848.8,2267.1,2298.3,2814.8,,,392.3,1659.0,1315.0,996.1,1546.4,,,,,,,,,,,,,,,,,253.9,52.8,68.5,359.6,323.6,,,653.2,628.6,901.1,1084.5,1996.1,,,65.4,416.4,250.2,463.9,707.6,,,243.6,1014.2,526.8,1407.4,927.8,,,1411.3,1585.5,1556.0,2045.0,1876.5,,,1246.3,2846.8,1770.4,1681.3,1869.5,,,,,,,,,,,,,,,,,541.0,565.5,914.3,1387.9,1789.4,,,464.7,272.0,1057.0,1376.4,1642.7,,,505.0,315.1,1159.8,1301.4,1848.8,,,1452.2,1890.7,2207.2,2768.1,2799.1,,,1876.5,2079.0,2020.3,2456.0,2947.2,,,2492.7,2799.1,3455.4,2982.3,3000.2,,,,,,,,,,,,,,,,,1536.9,1228.0,359.4,998.0,1776.7,,,2363.3,2079.0,3340.2,4596.7,2947.2,,,1240.1,1802.3,2123.0,1919.6,2363.3,,,535.2,2596.0,2061.8,1721.7,2374.5,,,1372.7,4596.7,2169.0,2079.0,2178.4,,,2582.6,3253.5,3232.5,2737.9,2637.0,,,,,,,,,,,,,,,,,,,,,,,,,,,,,,,,,,,,,,,,,,,,,,,,,,,,,,,,,,,,,,,,,,,,,,,,,,,,,,,,,,,,,,,,,,,,,,,,,,,,,,,,,,,,,,,,,,,,,,,,,,,,,,,,
20260901_いわき平_5R,20260901,13,いわき平,5,18.8,5.0,105.3,39.7,103.7,,,45.0,101.0,260.9,91.8,420.3,,,26.5,147.1,423.3,200.8,231.4,,,557.6,779.0,921.8,698.5,1244.4,,,144.7,168.4,266.2,315.0,641.6,,,329.5,927.2,486.0,1237.9,1072.3,,,,,,,,,,,,,,,,,21.7,3.7,109.7,31.4,56.9,,,73.4,145.1,659.5,251.8,680.4,,,10.4,119.3,208.4,76.9,83.7,,,603.9,1719.6,880.6,1164.7,1784.5,,,147.9,336.5,194.4,484.0,575.3,,,256.8,1251.0,309.6,1197.2,782.9,,,,,,,,,,,,,,,,,45.9,129.8,266.7,113.8,470.5,,,51.0,81.6,375.3,171.6,589.6,,,337.3,252.6,1074.7,616.5,859.8,,,920.0,936.4,1358.9,444.8,1520.5,,,92.6,80.3,199.3,96.2,350.8,,,1185.2,1203.3,1415.8,1995.3,1267.8,,,,,,,,,,,,,,,,,68.9,474.8,955.3,496.2,539.8,,,41.8,364.6,511.7,277.6,274.7,,,715.4,662.3,2450.2,1247.7,2065.0,,,2883.5,1437.3,3973.9,2450.2,3783.2,,,911.1,714.3,1278.1,1798.1,1922.3,,,1046.2,724.1,2101.7,3090.8,2352.7,,,,,,,,,,,,,,,,,1642.0,2092.4,2671.7,2306.8,4112.1,,,1891.6,3261.3,1550.4,2584.1,4776.7,,,1891.6,2702.2,3131.7,971.0,3050.9,,,3330.2,1899.2,3844.7,2686.9,4875.2,,,1832.9,1510.8,754.2,1682.9,1074.7,,,3973.9,4076.7,3050.9,3284.0,2284.5,,,,,,,,,,,,,,,,,247.4,290.8,571.1,605.5,1046.2,,,224.1,309.2,317.3,514.0,733.1,,,159.4,138.1,276.2,136.3,340.2,,,835.5,564.3,853.6,1043.9,1374.7,,,687.3,518.5,338.7,729.7,607.8,,,1608.5,1247.7,1082.1,1804.9,1134.0,,,,,,,,,,,,,,,,,442.3,1540.3,947.6,2273.5,1671.0,,,377.4,1306.3,429.9,1433.0,801.5,,,1701.0,1520.5,1891.6,2488.9,1424.4,,,1459.5,853.6,2450.2,2993.0,1725.9,,,3090.8,3050.9,3031.4,2686.9,2012.3,,,1777.8,1237.9,1231.5,1530.4,1317.2,,,,,,,,,,,,,,,,,,,,,,,,,,,,,,,,,,,,,,,,,,,,,,,,,,,,,,,,,,,,,,,,,,,,,,,,,,,,,,,,,,,,,,,,,,,,,,,,,,,,,,,,,,,,,,,,,,,,,,,,,,,,,,,,
20260901_いわき平_6R,20260901,13,いわき平,6,11.0,22.1,26.5,109.8,114.0,,,52.4,109.0,194.1,179.6,449.0,,,116.7,138.6,468.2,432.1,911.9,,,125.3,245.3,436.3,766.2,376.3,,,536.0,787.5,1521.5,1467.5,1852.1,,,510.5,1078.5,1974.7,776.1,1996.7,,,,,,,,,,,,,,,,,5.6,15.9,17.3,73.7,81.4,,,29.0,34.5,94.3,64.3,312.4,,,67.7,36.7,226.3,310.2,649.4,,,93.1,144.8,235.6,467.0,224.3,,,541.9,485.2,935.7,1107.4,1662.9,,,490.0,922.8,1157.5,596.8,1766.8,,,,,,,,,,,,,,,,,88.1,128.4,228.5,198.7,502.4,,,88.4,99.6,234.7,163.7,685.9,,,56.3,57.1,97.8,17.3,224.1,,,265.7,271.2,177.7,247.0,313.1,,,243.8,287.6,61.2,336.1,505.7,,,1215.2,1561.3,918.1,1003.9,1116.6,,,,,,,,,,,,,,,,,195.8,155.4,687.7,642.4,1217.9,,,163.7,93.8,471.1,604.8,1406.0,,,59.7,55.9,90.4,21.2,260.1,,,893.7,767.3,193.6,1030.9,828.8,,,1678.5,1705.1,257.7,2183.4,2984.0,,,2685.6,3178.2,1237.6,1967.4,2984.0,,,,,,,,,,,,,,,,,108.0,148.4,391.7,587.0,226.2,,,94.3,139.8,294.1,543.6,215.4,,,94.2,138.5,94.3,136.0,112.5,,,653.4,574.4,157.7,942.3,737.8,,,1257.8,1483.7,830.1,1455.6,990.9,,,155.5,235.3,124.5,232.1,255.6,,,,,,,,,,,,,,,,,2106.3,2065.8,4670.6,4262.8,4973.3,,,2238.0,1784.4,3421.1,3465.3,5714.0,,,874.7,905.7,615.2,1085.0,1231.9,,,3978.6,3295.2,836.6,3836.5,3378.1,,,4131.7,3629.1,2545.5,3864.1,2984.0,,,5775.5,5714.0,4476.0,7161.6,3122.7,,,,,,,,,,,,,,,,,1513.0,2620.1,3730.0,1772.6,4100.1,,,1387.9,2533.5,3809.3,1738.2,4008.3,,,2345.5,2632.9,2148.4,1575.1,2967.5,,,4163.7,4366.8,2452.6,2951.2,6714.0,,,781.8,907.2,761.8,1391.5,1061.5,,,4838.9,5318.0,4296.9,7565.0,2582.3,,,,,,,,,,,,,,,,,,,,,,,,,,,,,,,,,,,,,,,,,,,,,,,,,,,,,,,,,,,,,,,,,,,,,,,,,,,,,,,,,,,,,,,,,,,,,,,,,,,,,,,,,,,,,,,,,,,,,,,,,,,,,,,,
20260901_いわき平_7R,20260901,13,いわき平,7,12.9,61.4,8.3,89.4,21.9,,,18.7,89.6,29.4,155.7,115.0,,,161.3,191.7,118.2,244.2,612.2,,,5.4,25.0,38.4,59.1,66.0,,,321.4,360.1,390.0,291.5,782.2,,,212.9,405.6,944.0,316.1,1037.3,,,,,,,,,,,,,,,,,85.9,276.6,75.2,323.8,118.4,,,157.4,667.3,327.3,811.3,414.6,,,769.6,1202.5,1002.6,1176.2,2005.2,,,171.2,330.5,697.8,937.4,448.9,,,1077.4,1331.3,1919.4,1870.6,1676.5,,,425.3,612.6,1649.1,683.0,1488.2,,,,,,,,,,,,,,,,,22.8,93.0,25.8,172.2,111.7,,,58.4,289.8,105.7,363.0,140.0,,,226.2,366.4,290.0,275.5,696.0,,,72.2,145.7,162.3,277.4,298.6,,,364.5,504.4,404.2,474.7,803.2,,,511.4,491.5,1156.0,589.8,1333.5,,,,,,,,,,,,,,,,,222.8,353.6,216.7,282.2,985.4,,,552.7,940.7,913.1,927.7,1820.0,,,356.4,584.3,520.6,392.2,1313.9,,,228.8,525.0,538.3,258.8,1322.5,,,232.3,539.4,312.0,387.2,1143.0,,,2886.0,3339.2,2533.2,3120.0,3132.1,,,,,,,,,,,,,,,,,14.5,50.9,57.2,104.6,87.2,,,78.0,183.3,350.8,513.7,211.8,,,87.9,157.4,162.9,303.3,309.0,,,161.7,279.7,296.1,173.3,681.9,,,439.6,637.3,553.4,358.2,917.2,,,507.9,573.1,692.4,1371.9,1551.0,,,,,,,,,,,,,,,,,847.0,819.5,724.7,1029.4,2541.2,,,1369.6,1649.1,2066.7,2263.5,3245.3,,,796.1,1284.7,569.4,1099.4,2315.4,,,472.0,1106.9,507.2,624.9,1836.6,,,949.5,1734.1,1211.5,836.5,2590.0,,,4253.1,4489.4,4081.3,4753.5,3544.3,,,,,,,,,,,,,,,,,800.8,1539.2,2938.5,1156.0,4122.9,,,765.9,1324.7,3339.2,1369.6,2649.5,,,1669.6,1629.2,2615.2,1673.0,3741.2,,,4020.4,4591.5,3311.9,4253.1,5316.4,,,1295.0,1590.7,1622.6,3885.1,3961.2,,,4868.0,3284.9,4514.5,5351.6,3885.1,,,,,,,,,,,,,,,,,,,,,,,,,,,,,,,,,,,,,,,,,,,,,,,,,,,,,,,,,,,,,,,,,,,,,,,,,,,,,,,,,,,,,,,,,,,,,,,,,,,,,,,,,,,,,,,,,,,,,,,,,,,,,,,,
20260901_西武園_1R,20260901,26,西武園,1,69.6,53.5,49.8,270.6,149.4,,,138.0,122.1,167.1,237.1,176.3,,,47.0,38.3,93.0,114.3,83.7,,,84.3,169.0,163.7,487.3,340.6,,,630.5,563.7,332.1,782.5,823.7,,,229.9,293.0,144.4,455.6,617.3,,,,,,,,,,,,,,,,,53.3,38.3,29.4,185.1,97.1,,,100.7,166.5,69.5,247.5,189.9,,,86.2,141.3,98.3,265.0,129.4,,,16.2,18.3,32.7,69.7,40.7,,,363.9,302.7,396.5,252.9,446.4,,,171.6,190.4,163.3,134.3,319.8,,,,,,,,,,,,,,,,,200.6,206.9,277.4,591.2,400.1,,,170.6,272.3,120.2,232.1,169.6,,,256.8,238.8,356.1,394.7,246.8,,,259.0,141.4,336.8,404.3,274.5,,,689.3,534.2,648.9,599.2,403.7,,,294.3,137.8,237.7,192.2,154.2,,,,,,,,,,,,,,,,,105.7,74.1,148.3,206.4,165.6,,,171.3,214.0,254.8,379.0,227.8,,,186.7,229.3,349.6,363.0,218.2,,,343.7,349.1,482.0,791.9,490.0,,,511.6,839.3,648.9,989.1,680.5,,,176.4,158.3,133.7,288.2,240.1,,,,,,,,,,,,,,,,,73.6,195.6,202.4,507.7,336.3,,,34.3,25.5,58.4,65.7,59.1,,,200.9,66.8,276.0,376.8,230.7,,,293.0,192.5,330.1,611.6,448.6,,,784.8,242.3,517.6,739.1,567.3,,,393.6,138.5,244.7,370.5,403.7,,,,,,,,,,,,,,,,,554.3,656.9,412.5,861.0,861.0,,,448.6,433.3,583.5,367.5,592.6,,,652.1,509.7,627.5,603.3,467.6,,,638.0,866.7,673.6,831.4,696.5,,,836.7,386.1,606.1,735.0,607.4,,,648.9,494.5,380.1,492.7,473.4,,,,,,,,,,,,,,,,,252.9,218.8,117.0,367.0,532.1,,,185.8,108.0,170.5,99.9,202.6,,,204.3,83.0,153.6,101.3,93.1,,,161.0,137.1,113.0,218.8,210.0,,,295.6,97.4,115.0,248.9,178.3,,,444.2,309.0,232.3,337.6,350.1,,,,,,,,,,,,,,,,,,,,,,,,,,,,,,,,,,,,,,,,,,,,,,,,,,,,,,,,,,,,,,,,,,,,,,,,,,,,,,,,,,,,,,,,,,,,,,,,,,,,,,,,,,,,,,,,,,,,,,,,,,,,,,,,
20260901_西武園_2R,20260901,26,西武園,2,368.1,370.9,369.0,437.7,205.2,,,276.3,135.2,242.7,179.8,244.1,,,550.1,104.5,220.0,208.0,468.9,,,301.7,130.4,212.4,35.7,152.8,,,304.2,147.5,166.3,84.6,223.6,,,101.0,194.5,196.4,173.8,202.7,,,,,,,,,,,,,,,,,382.7,435.7,401.3,531.9,179.1,,,277.9,170.9,534.8,671.3,77.4,,,615.6,248.3,1130.3,1333.4,201.6,,,654.6,589.3,1682.3,1539.1,325.1,,,1205.6,1247.2,2112.1,2371.8,730.7,,,56.3,29.9,54.2,98.2,133.2,,,,,,,,,,,,,,,,,128.8,84.3,119.1,84.8,146.9,,,161.9,110.1,321.8,397.4,61.2,,,52.9,65.1,117.9,142.8,55.1,,,127.7,221.0,269.4,343.2,270.4,,,225.7,611.7,349.4,544.9,475.1,,,88.0,30.4,55.0,129.5,203.3,,,,,,,,,,,,,,,,,927.4,197.7,882.2,712.7,817.4,,,967.7,318.3,1432.5,1916.3,384.2,,,123.7,139.1,235.6,375.7,117.1,,,1121.5,1916.3,797.1,1831.4,1404.6,,,1732.7,2243.1,1162.1,2081.7,2836.9,,,395.3,199.5,215.6,638.7,1476.3,,,,,,,,,,,,,,,,,211.9,93.6,164.1,30.2,100.1,,,437.1,958.1,1425.4,1258.1,457.8,,,192.3,751.5,425.5,460.7,439.0,,,571.8,1644.1,534.8,1397.9,1315.2,,,187.8,1531.0,815.1,1404.6,1015.3,,,135.2,210.4,353.7,843.6,536.8,,,,,,,,,,,,,,,,,961.3,672.9,1079.7,343.6,836.3,,,1843.0,1702.1,2473.2,2893.6,1702.1,,,863.7,1220.9,1252.6,1732.7,1377.9,,,1775.2,2112.1,1491.5,2081.7,2679.3,,,397.4,2112.1,1352.1,1786.2,1732.7,,,1071.7,1134.7,1404.6,2473.2,1712.2,,,,,,,,,,,,,,,,,49.8,93.2,102.6,101.4,95.5,,,15.8,10.0,17.7,48.6,57.3,,,51.9,20.2,33.4,94.2,150.8,,,100.4,48.6,57.5,252.7,444.4,,,71.6,133.3,175.1,386.8,340.4,,,282.0,372.8,447.9,990.9,659.1,,,,,,,,,,,,,,,,,,,,,,,,,,,,,,,,,,,,,,,,,,,,,,,,,,,,,,,,,,,,,,,,,,,,,,,,,,,,,,,,,,,,,,,,,,,,,,,,,,,,,,,,,,,,,,,,,,,,,,,,,,,,,,,,
20260901_西武園_3R,20260901,26,西武園,3,58.3,36.2,14.0,61.1,13.5,,,200.4,348.4,430.1,453.0,67.3,,,132.0,317.7,217.3,210.9,126.5,,,54.3,346.4,138.9,256.2,115.1,,,164.2,393.6,228.7,379.0,187.0,,,8.3,4.1,21.5,25.0,53.4,,,,,,,,,,,,,,,,,100.0,63.2,22.4,92.0,24.1,,,600.5,1780.6,1664.4,1867.4,860.3,,,252.0,1250.0,210.6,269.8,541.1,,,42.8,271.2,64.5,85.0,134.0,,,328.9,1546.8,308.4,257.3,839.0,,,96.9,384.2,461.9,287.3,702.4,,,,,,,,,,,,,,,,,862.7,1637.7,1655.5,1988.7,352.8,,,1063.4,3561.2,3093.6,3689.9,1493.9,,,2392.7,3480.3,5104.4,2617.6,2944.8,,,2392.7,3293.2,5889.7,5568.5,2889.3,,,2710.3,3258.1,2640.2,4571.1,3781.0,,,349.6,1093.8,1890.5,1914.1,2573.6,,,,,,,,,,,,,,,,,520.8,911.5,769.5,486.9,289.7,,,507.9,1856.1,586.7,734.4,945.2,,,1611.9,3002.6,3032.3,1637.7,1867.4,,,945.2,646.1,2126.8,667.2,1201.0,,,319.0,600.5,816.7,561.9,308.7,,,240.7,862.7,834.5,1004.1,370.7,,,,,,,,,,,,,,,,,238.8,1205.7,548.8,1010.7,459.8,,,167.3,795.5,137.9,202.1,350.8,,,2069.3,2469.9,4138.7,4195.4,2640.2,,,752.5,367.2,2141.7,544.9,960.0,,,1655.5,691.3,3781.0,812.3,1479.5,,,712.2,843.7,1424.5,1121.8,1437.8,,,,,,,,,,,,,,,,,586.7,1308.8,654.4,1431.1,435.6,,,582.2,1856.1,676.0,710.5,1239.9,,,2141.7,2734.5,1791.0,4313.6,2640.2,,,355.7,593.5,841.3,643.4,347.2,,,1760.1,1210.5,2809.7,1004.1,1539.0,,,350.4,1048.8,1308.8,427.1,1220.1,,,,,,,,,,,,,,,,,46.6,16.6,70.6,93.4,129.2,,,151.3,393.1,836.7,636.7,1239.9,,,118.2,497.9,621.2,880.0,1027.7,,,308.7,1109.6,801.7,1458.4,963.1,,,530.7,963.1,1164.5,1682.7,1646.6,,,569.2,1963.2,1637.7,1125.9,1950.7,,,,,,,,,,,,,,,,,,,,,,,,,,,,,,,,,,,,,,,,,,,,,,,,,,,,,,,,,,,,,,,,,,,,,,,,,,,,,,,,,,,,,,,,,,,,,,,,,,,,,,,,,,,,,,,,,,,,,,,,,,,,,,,,
20260901_西武園_4R,20260901,26,西武園,4,740.0,639.7,178.3,1620.0,595.2,,,1118.9,1409.6,616.7,2035.1,2010.0,,,1078.2,1210.4,297.9,2245.6,1379.7,,,80.4,155.8,53.4,346.7,179.9,,,3223.9,2325.8,2960.2,1379.7,4121.8,,,707.8,1713.8,1403.5,562.3,3192.3,,,,,,,,,,,,,,,,,419.0,413.7,124.1,1030.4,252.2,,,543.6,1017.5,232.5,635.9,347.5,,,889.6,1466.7,595.2,2200.1,1067.6,,,42.8,81.7,123.1,178.0,27.0,,,1871.3,726.8,2412.0,656.4,974.9,,,134.6,168.0,313.0,55.2,344.2,,,,,,,,,,,,,,,,,995.7,1750.6,376.0,1329.0,1760.1,,,672.7,1356.7,291.5,616.7,608.6,,,2230.2,2309.3,1809.0,1565.4,1973.4,,,177.6,190.6,561.4,245.5,418.0,,,509.5,343.4,859.1,231.7,743.4,,,1687.1,868.3,2647.3,743.4,1620.0,,,,,,,,,,,,,,,,,1882.2,3289.1,709.4,3830.8,2987.3,,,1661.3,3501.3,1611.9,3923.1,3192.3,,,4174.6,4228.8,3356.9,2114.4,3830.8,,,726.8,1351.1,1997.6,2563.9,2430.0,,,6783.7,5614.1,2783.0,3700.2,9867.3,,,3786.3,3578.2,6261.9,3700.2,8569.0,,,,,,,,,,,,,,,,,8.9,30.3,7.0,90.3,18.6,,,11.9,19.7,34.3,55.5,4.8,,,47.2,42.6,136.0,67.8,95.7,,,76.0,159.3,290.4,485.2,255.3,,,213.6,180.2,87.4,493.3,304.6,,,57.0,19.9,98.2,146.5,191.9,,,,,,,,,,,,,,,,,2647.3,1926.7,2713.5,1871.3,3700.2,,,1871.3,843.5,2293.1,933.0,1307.7,,,664.5,411.1,745.1,346.7,665.8,,,3101.1,3130.9,2170.8,3130.9,2907.3,,,892.1,632.2,517.6,1500.5,1033.7,,,3289.1,1661.3,1580.6,3971.0,1588.4,,,,,,,,,,,,,,,,,619.0,1713.8,1287.0,644.7,2736.3,,,235.9,297.1,516.0,110.4,413.7,,,1997.6,852.4,3043.1,1130.6,1997.6,,,2485.6,1732.0,3101.1,2325.8,6384.7,,,351.6,150.7,517.6,814.0,837.0,,,3539.3,1421.9,2047.9,4860.0,1604.0,,,,,,,,,,,,,,,,,,,,,,,,,,,,,,,,,,,,,,,,,,,,,,,,,,,,,,,,,,,,,,,,,,,,,,,,,,,,,,,,,,,,,,,,,,,,,,,,,,,,,,,,,,,,,,,,,,,,,,,,,,,,,,,,
20260901_西武園_5R,20260901,26,西武園,5,3922.6,7333.7,5111.3,8650.0,9999.9,,,1479.6,172.5,60.9,460.2,515.8,,,5622.5,458.3,571.7,2234.1,2359.1,,,2392.5,66.8,254.2,586.6,909.3,,,6614.7,1328.1,2498.9,989.3,4114.0,,,5111.3,1591.2,3275.2,2057.0,4114.0,,,,,,,,,,,,,,,,,5530.3,9999.9,6247.2,9999.9,9999.9,,,6747.0,9999.9,3666.8,6487.5,9999.9,,,9999.9,9999.9,9999.9,9999.9,9999.9,,,6747.0,3514.0,9999.9,8228.0,9999.9,,,9999.9,7333.7,9999.9,9638.6,9999.9,,,9999.9,9999.9,9999.9,9999.9,9999.9,,,,,,,,,,,,,,,,,329.1,22.2,7.6,64.9,87.8,,,1312.6,1405.6,415.9,1661.8,2326.5,,,23.6,374.0,11.4,65.2,70.7,,,4.3,163.6,5.9,19.1,33.2,,,159.5,851.8,125.4,57.2,306.4,,,195.2,1074.3,185.5,94.2,356.9,,,,,,,,,,,,,,,,,7028.1,602.4,826.8,2985.4,3707.1,,,3627.4,4498.0,6614.7,9999.9,9638.6,,,352.8,2342.7,223.5,814.8,449.2,,,744.7,5190.0,327.5,1606.4,657.6,,,5035.0,8877.6,1747.9,2858.9,8877.6,,,5035.0,9999.9,2032.2,4438.8,9999.9,,,,,,,,,,,,,,,,,1155.3,21.9,77.7,248.4,257.9,,,2409.6,1175.4,2677.3,3968.8,2908.2,,,12.3,390.0,18.1,51.0,70.9,,,95.5,2082.4,47.6,280.4,428.6,,,364.7,3039.2,159.1,385.5,1041.2,,,457.1,2959.2,208.6,756.3,1217.8,,,,,,,,,,,,,,,,,9999.9,2310.6,4270.2,3094.9,8433.7,,,9922.1,5035.0,7333.7,4064.4,9999.9,,,1561.8,4621.2,1473.1,697.0,2834.8,,,6024.1,9922.1,2517.5,3243.7,6133.6,,,2342.7,7028.1,791.9,2834.8,3307.3,,,7177.6,6247.2,4685.4,8877.6,3477.8,,,,,,,,,,,,,,,,,9999.9,1661.8,3922.6,2219.4,7028.1,,,9999.9,6247.2,9999.9,5918.4,9999.9,,,937.0,4164.8,1268.2,399.2,1927.7,,,4685.4,9999.9,2426.9,3790.4,9999.9,,,1454.1,5816.4,476.4,2375.7,2294.9,,,3968.8,8650.0,2933.4,8032.1,2409.6,,,,,,,,,,,,,,,,,,,,,,,,,,,,,,,,,,,,,,,,,,,,,,,,,,,,,,,,,,,,,,,,,,,,,,,,,,,,,,,,,,,,,,,,,,,,,,,,,,,,,,,,,,,,,,,,,,,,,,,,,,,,,,,,
20260901_西武園_6R,20260901,26,西武園,6,8132.4,5120.4,7276.3,6144.5,9999.9,,,9999.9,8132.4,8132.4,9875.0,9999.9,,,4066.2,4850.9,2910.5,1156.9,2094.7,,,9534.5,8640.7,4532.8,7680.6,9999.9,,,5217.0,8640.7,1322.9,4850.9,4066.2,,,6743.9,9999.9,2684.4,8919.4,6284.1,,,,,,,,,,,,,,,,,9999.9,6430.2,8919.4,8640.7,9999.9,,,9999.9,8132.4,9999.9,9999.9,9999.9,,,4767.2,6284.1,4253.8,1665.6,3840.3,,,9534.5,9999.9,5642.9,8132.4,6144.5,,,8378.8,9999.9,1831.1,8640.7,5217.0,,,5530.0,6583.3,2910.5,4850.9,3686.7,,,,,,,,,,,,,,,,,9999.9,7473.0,8132.4,7276.3,9216.7,,,9999.9,9999.9,9999.9,9999.9,9999.9,,,5883.0,8919.4,4066.2,2491.0,3894.4,,,7089.8,9999.9,6743.9,9875.0,9999.9,,,6430.2,9999.9,3106.7,6144.5,6912.5,,,9999.9,9999.9,3894.4,7276.3,9999.9,,,,,,,,,,,,,,,,,491.1,447.4,243.4,66.5,194.1,,,542.1,900.6,398.9,129.1,329.9,,,659.9,1039.4,490.2,210.4,313.8,,,91.3,123.8,181.3,11.9,32.8,,,16.5,19.8,46.1,3.6,2.4,,,125.2,131.9,229.0,33.7,10.9,,,,,,,,,,,,,,,,,4767.2,6430.2,1645.8,3787.7,4937.5,,,2850.5,9999.9,1933.5,6284.1,5120.4,,,6430.2,9999.9,3736.5,6743.9,7900.0,,,1245.5,1598.2,1961.0,284.4,458.5,,,3252.9,3371.9,5217.0,407.2,832.8,,,4066.2,5760.4,6010.9,733.4,1147.3,,,,,,,,,,,,,,,,,2880.2,3215.1,463.1,2126.9,1571.0,,,2323.5,3106.7,656.7,2383.6,1607.5,,,4066.2,6284.1,1063.4,4066.2,3894.4,,,79.9,109.9,179.1,39.2,27.7,,,924.7,1035.5,1462.9,167.7,348.2,,,669.4,710.8,1675.7,132.9,326.0,,,,,,,,,,,,,,,,,8132.4,9216.7,2425.4,6743.9,4937.5,,,7089.8,8919.4,2425.4,6284.1,4066.2,,,6583.3,9875.0,4066.2,7680.6,9534.5,,,1055.3,1039.4,1494.6,427.3,219.2,,,3950.0,4388.9,6010.9,776.6,1119.4,,,2229.8,2266.4,4608.3,296.0,869.5,,,,,,,,,,,,,,,,,,,,,,,,,,,,,,,,,,,,,,,,,,,,,,,,,,,,,,,,,,,,,,,,,,,,,,,,,,,,,,,,,,,,,,,,,,,,,,,,,,,,,,,,,,,,,,,,,,,,,,,,,,,,,,,,
20260901_西武園_7R,20260901,26,西武園,7,117.3,177.0,83.7,65.1,60.6,,,131.9,385.9,61.2,152.8,271.6,,,253.8,757.0,558.1,110.6,330.2,,,61.6,37.9,232.4,42.9,118.3,,,31.0,61.2,14.6,37.6,48.7,,,123.8,320.5,374.2,198.8,143.6,,,,,,,,,,,,,,,,,189.3,304.0,122.6,156.4,112.4,,,217.1,536.8,80.2,415.8,158.3,,,639.0,777.0,868.4,410.0,464.2,,,122.8,83.8,499.5,306.9,87.1,,,124.0,346.9,153.1,219.1,115.9,,,68.8,84.5,118.7,51.7,76.0,,,,,,,,,,,,,,,,,200.1,656.1,70.9,312.7,380.0,,,228.8,741.8,63.8,489.6,208.5,,,1426.3,1529.8,760.9,1144.4,1833.9,,,31.9,22.9,204.4,111.1,62.2,,,643.2,838.8,841.1,401.1,1148.8,,,639.0,409.5,1153.3,221.3,1122.6,,,,,,,,,,,,,,,,,1014.6,1687.2,1399.3,372.3,1336.0,,,1004.2,1789.4,1789.4,768.9,1114.1,,,1917.2,2236.8,1833.9,1596.0,2440.1,,,1726.6,2155.1,1880.6,1498.7,2612.9,,,342.1,610.0,1081.5,1101.7,768.9,,,1778.6,1537.8,2590.0,2236.8,1245.8,,,,,,,,,,,,,,,,,44.2,33.4,260.1,72.0,152.3,,,61.0,41.5,320.2,179.0,69.8,,,16.9,14.3,115.0,50.1,37.2,,,768.9,806.7,549.8,774.9,1093.5,,,204.6,319.8,235.2,256.9,461.3,,,305.6,154.2,171.7,675.6,431.0,,,,,,,,,,,,,,,,,68.5,268.6,41.5,180.8,210.2,,,125.8,460.6,141.4,504.7,240.6,,,644.6,770.9,711.4,753.2,1256.4,,,103.0,155.4,492.9,607.5,360.9,,,454.9,725.4,576.6,672.5,925.5,,,698.0,562.4,1360.6,600.1,1110.0,,,,,,,,,,,,,,,,,380.9,1093.5,1240.5,760.9,490.4,,,215.3,239.8,379.0,169.2,245.2,,,1085.5,571.1,1658.7,541.7,1354.4,,,1491.2,925.5,1747.1,1778.6,1110.0,,,822.4,323.0,406.6,1251.1,855.8,,,779.0,566.7,1312.2,808.9,1011.1,,,,,,,,,,,,,,,,,,,,,,,,,,,,,,,,,,,,,,,,,,,,,,,,,,,,,,,,,,,,,,,,,,,,,,,,,,,,,,,,,,,,,,,,,,,,,,,,,,,,,,,,,,,,,,,,,,,,,,,,,,,,,,,,
20260901_西武園_8R,20260901,26,西武園,8,2027.3,400.7,588.4,890.2,1493.2,,,2893.1,736.7,2373.8,2595.7,1477.3,,,107.1,220.0,32.5,27.7,124.4,,,359.7,1207.5,103.4,289.3,589.6,,,522.0,1152.4,98.2,274.1,650.4,,,1746.8,1851.6,497.7,1166.9,1368.2,,,,,,,,,,,,,,,,,2893.1,775.8,829.0,1746.8,2239.8,,,3267.5,2258.0,1673.1,2863.3,2457.9,,,605.1,1310.1,312.0,1202.3,870.6,,,351.5,672.5,211.3,907.6,395.0,,,2457.9,3267.5,2276.6,2088.3,3428.9,,,2104.1,2436.3,1268.2,1060.0,3120.7,,,,,,,,,,,,,,,,,3156.1,1064.1,2620.2,2373.8,1942.2,,,4084.4,1902.3,1998.1,3120.7,2457.9,,,829.0,1485.2,922.7,1534.5,487.2,,,2436.3,1381.8,1138.3,3346.3,1110.9,,,4025.2,3703.2,3192.4,4208.2,4084.4,,,758.8,798.1,359.7,429.9,1955.9,,,,,,,,,,,,,,,,,31.9,72.3,7.8,4.1,21.8,,,84.2,372.3,67.6,283.9,158.3,,,236.3,424.6,257.8,588.4,102.0,,,15.0,16.3,94.2,44.6,44.3,,,25.8,187.9,478.8,70.0,170.6,,,57.0,92.7,99.9,63.3,148.9,,,,,,,,,,,,,,,,,123.6,533.1,60.4,176.9,299.6,,,71.3,252.0,42.3,198.5,95.4,,,1268.2,798.1,588.4,1864.0,689.1,,,26.5,27.4,146.7,105.4,72.4,,,420.1,602.4,1693.5,310.3,805.0,,,624.1,208.2,562.2,244.9,901.7,,,,,,,,,,,,,,,,,642.9,1683.3,97.5,213.4,870.6,,,1876.6,2834.1,1402.7,1735.9,3052.1,,,3607.0,3560.8,2502.2,4025.2,4025.2,,,93.1,445.8,1202.3,150.3,742.6,,,259.3,999.0,2645.1,225.8,1212.8,,,2120.1,2805.5,4025.2,1902.3,1827.2,,,,,,,,,,,,,,,,,2571.7,2373.8,730.9,1501.3,1683.3,,,2415.1,2276.6,1044.1,922.7,3086.0,,,1072.3,1152.4,610.4,607.7,2333.9,,,418.2,664.4,622.7,410.8,1013.6,,,1361.4,534.1,1068.2,535.1,1864.0,,,2373.8,3911.9,4408.6,2571.7,2204.3,,,,,,,,,,,,,,,,,,,,,,,,,,,,,,,,,,,,,,,,,,,,,,,,,,,,,,,,,,,,,,,,,,,,,,,,,,,,,,,,,,,,,,,,,,,,,,,,,,,,,,,,,,,,,,,,,,,,,,,,,,,,,,,,
20260901_西武園_9R,20260901,26,西武園,9,59.6,37.8,20.9,101.6,35.2,,,79.6,101.2,165.6,364.0,39.3,,,14.8,36.3,49.9,112.6,12.8,,,99.2,373.5,211.0,585.5,191.2,,,144.9,610.5,375.4,639.2,329.5,,,36.4,26.8,28.5,107.3,225.5,,,,,,,,,,,,,,,,,114.5,105.4,43.8,112.7,82.9,,,183.6,422.7,113.4,268.0,84.4,,,217.3,550.5,254.0,308.9,329.2,,,29.7,67.2,74.6,50.4,23.4,,,86.5,219.6,163.2,52.2,93.2,,,107.2,100.5,266.8,56.9,155.2,,,,,,,,,,,,,,,,,184.7,307.9,328.0,696.9,135.6,,,297.3,642.1,131.5,442.3,101.3,,,600.3,1009.7,2085.7,1930.7,490.9,,,1006.1,600.3,1930.7,1785.9,591.6,,,1129.4,522.3,1867.6,1820.0,650.9,,,52.6,45.2,120.3,117.2,134.7,,,,,,,,,,,,,,,,,111.3,172.0,199.2,373.0,84.3,,,322.5,1016.9,686.9,503.0,652.4,,,596.5,1166.3,2026.6,1831.7,744.1,,,936.8,1281.3,2085.7,2198.0,1632.8,,,1253.2,590.3,2267.8,2361.5,2442.3,,,276.6,642.1,709.0,1258.8,1519.9,,,,,,,,,,,,,,,,,444.4,1322.9,1143.0,1753.0,985.3,,,208.2,276.0,293.3,291.2,201.3,,,1642.2,766.0,2551.3,2528.7,1103.2,,,1570.0,1185.6,2915.8,3007.9,2401.2,,,2342.2,583.1,2442.3,2506.5,1561.4,,,1215.9,473.0,655.3,1753.0,1570.0,,,,,,,,,,,,,,,,,404.1,1316.8,673.9,1943.8,1200.6,,,254.9,520.4,323.9,248.4,309.2,,,1270.0,904.2,1879.9,2484.7,821.1,,,1731.8,571.5,2361.5,2381.2,2381.2,,,2304.4,702.0,2323.1,2198.0,1651.7,,,1503.9,435.5,949.3,2597.7,1763.8,,,,,,,,,,,,,,,,,106.5,72.8,72.1,283.2,420.2,,,110.9,111.4,278.2,100.1,244.0,,,46.8,43.8,86.1,114.1,116.1,,,129.1,321.7,280.1,727.1,1099.0,,,296.4,222.8,429.7,975.2,1066.2,,,734.5,353.6,517.6,1671.0,1070.2,,,,,,,,,,,,,,,,,,,,,,,,,,,,,,,,,,,,,,,,,,,,,,,,,,,,,,,,,,,,,,,,,,,,,,,,,,,,,,,,,,,,,,,,,,,,,,,,,,,,,,,,,,,,,,,,,,,,,,,,,,,,,,,,
20260901_西武園_10R,20260901,26,西武園,10,154.7,403.3,115.5,286.7,780.4,,,182.8,218.2,78.7,351.4,235.7,,,622.8,287.5,201.3,949.4,964.1,,,30.9,17.7,59.3,120.6,133.4,,,402.3,531.4,1348.1,420.2,2177.7,,,1435.0,1085.0,1970.9,757.6,2937.8,,,,,,,,,,,,,,,,,84.0,212.7,84.6,98.8,455.9,,,70.6,90.4,92.3,57.5,135.5,,,204.6,113.0,265.7,165.3,739.6,,,50.1,71.4,210.6,91.8,489.6,,,61.8,40.2,124.1,69.0,387.3,,,1202.3,798.4,1701.7,1308.4,1128.3,,,,,,,,,,,,,,,,,157.8,136.8,97.1,315.5,168.6,,,118.1,111.2,123.2,124.4,104.5,,,56.2,62.5,60.6,139.4,26.8,,,68.4,139.7,99.4,299.1,141.9,,,331.6,162.7,262.7,389.2,349.9,,,210.1,169.6,77.1,217.1,374.2,,,,,,,,,,,,,,,,,610.6,320.3,228.3,884.6,907.9,,,491.1,250.7,400.2,451.3,1007.8,,,107.2,97.0,114.3,257.3,65.2,,,150.2,318.0,149.1,409.2,671.1,,,1004.5,531.4,553.1,651.4,1842.6,,,1630.4,1934.2,528.7,1475.8,2616.9,,,,,,,,,,,,,,,,,11.6,6.6,26.1,85.4,77.5,,,47.2,96.2,185.1,170.7,418.0,,,33.0,129.1,59.2,276.0,147.0,,,96.4,231.8,89.6,322.7,445.5,,,293.5,274.6,444.8,566.2,1202.3,,,600.0,1161.9,481.3,882.1,1692.4,,,,,,,,,,,,,,,,,542.5,935.1,913.2,748.5,1983.5,,,228.1,143.1,325.0,184.8,658.3,,,828.2,342.2,462.0,782.4,982.3,,,1534.0,722.5,490.4,918.6,2731.6,,,562.1,428.9,767.0,796.4,1769.3,,,3621.0,1898.8,2910.3,3941.9,2805.5,,,,,,,,,,,,,,,,,3312.9,1800.0,2193.0,1769.3,3844.6,,,2910.3,2090.0,2452.0,2377.1,2684.5,,,1365.8,1720.5,802.6,1286.8,2661.6,,,2323.9,3579.4,1031.1,2805.5,3992.4,,,2104.1,3053.0,1490.0,3384.9,3348.5,,,4647.9,3422.1,3707.2,5369.1,3053.0,,,,,,,,,,,,,,,,,,,,,,,,,,,,,,,,,,,,,,,,,,,,,,,,,,,,,,,,,,,,,,,,,,,,,,,,,,,,,,,,,,,,,,,,,,,,,,,,,,,,,,,,,,,,,,,,,,,,,,,,,,,,,,,,
20260901_西武園_11R,20260901,26,西武園,11,77.5,61.7,38.9,211.6,25.6,,,138.6,83.1,411.3,539.9,111.3,,,107.7,75.9,322.7,421.8,66.5,,,57.8,460.3,425.9,785.6,153.1,,,758.4,1338.8,940.5,1571.3,189.0,,,5.2,20.1,11.9,22.1,10.8,,,,,,,,,,,,,,,,,331.7,275.0,192.8,871.8,112.2,,,643.1,621.8,833.0,1973.0,802.4,,,471.9,597.7,788.0,1901.5,599.1,,,205.3,458.7,610.2,1156.0,257.7,,,2342.9,2883.6,3407.9,3975.9,2150.9,,,161.8,589.6,455.5,394.6,709.2,,,,,,,,,,,,,,,,,597.7,307.6,1071.0,1660.8,340.7,,,841.0,735.0,1359.6,2322.2,979.1,,,128.9,272.4,592.3,664.3,132.4,,,2186.7,2050.1,2034.2,4301.8,3123.9,,,4373.5,3803.1,2168.7,5046.4,4165.3,,,201.2,726.9,210.7,1629.9,1292.6,,,,,,,,,,,,,,,,,241.8,174.8,767.2,822.6,148.7,,,370.6,438.0,898.6,1332.0,450.1,,,95.4,185.9,505.6,538.8,101.8,,,1490.9,1280.0,1418.4,2452.4,2050.1,,,2762.2,3546.1,1703.9,3321.7,1543.6,,,120.8,312.3,165.4,889.5,460.3,,,,,,,,,,,,,,,,,263.4,1715.1,1381.1,2821.6,539.9,,,255.7,722.9,615.9,1466.0,339.0,,,2572.6,1958.3,2342.9,4524.4,3280.1,,,2342.9,1901.5,2429.7,3546.1,2883.6,,,5963.9,4037.1,6728.5,3859.0,1797.3,,,662.6,812.4,2598.1,2407.4,1182.0,,,,,,,,,,,,,,,,,3498.8,3859.0,4301.8,5704.6,597.7,,,3859.0,3407.9,4603.7,4951.2,3123.9,,,4301.8,4165.3,2547.7,7092.3,4951.2,,,4447.7,6400.3,2733.4,3916.6,2981.9,,,5145.3,4603.7,6905.6,3161.6,2301.8,,,481.4,1619.8,2572.6,1958.3,1703.9,,,,,,,,,,,,,,,,,8.2,33.0,18.9,28.5,12.0,,,57.2,391.0,278.5,335.9,307.9,,,125.4,555.9,291.5,1049.6,599.1,,,87.4,320.0,266.9,685.1,440.2,,,233.4,506.5,1312.0,957.7,604.6,,,91.3,369.5,576.7,438.0,503.6,,,,,,,,,,,,,,,,,,,,,,,,,,,,,,,,,,,,,,,,,,,,,,,,,,,,,,,,,,,,,,,,,,,,,,,,,,,,,,,,,,,,,,,,,,,,,,,,,,,,,,,,,,,,,,,,,,,,,,,,,,,,,,,,
20260901_松戸_1R,20260901,31,松戸,1,627.8,617.4,309.2,842.7,350.3,,,1326.9,3818.3,1670.5,1834.2,2923.4,,,984.7,2672.8,1299.2,2672.8,1154.9,,,244.2,432.0,629.9,636.3,366.1,,,1799.0,1290.3,4157.7,1700.8,3530.1,,,420.4,1852.4,802.9,817.0,2598.5,,,,,,,,,,,,,,,,,145.3,215.0,77.4,273.9,90.2,,,138.1,207.8,165.8,77.4,106.5,,,151.2,159.0,97.5,210.4,20.9,,,34.5,124.5,89.6,151.4,40.9,,,152.6,40.3,152.7,163.9,89.8,,,15.6,22.2,2.9,15.4,33.7,,,,,,,,,,,,,,,,,1396.2,3282.4,1546.2,1655.7,2562.9,,,751.3,854.3,917.1,360.4,384.9,,,3464.7,2254.1,2878.4,2056.0,2969.8,,,1546.2,1732.3,3598.0,1533.5,2494.6,,,459.7,297.9,716.8,615.4,476.0,,,2201.1,802.9,1700.8,2834.8,1765.0,,,,,,,,,,,,,,,,,984.7,3341.0,1816.4,3401.7,1396.2,,,609.4,1264.1,207.6,969.4,79.6,,,4067.3,2598.5,4563.3,2711.5,3401.7,,,1559.1,1094.1,4351.1,2102.2,1626.9,,,4157.7,1641.2,2598.5,2635.1,3341.0,,,930.8,139.1,2011.8,949.7,2078.8,,,,,,,,,,,,,,,,,40.2,210.6,124.9,264.2,53.5,,,44.5,259.8,95.9,332.3,39.5,,,792.7,959.4,2126.1,959.4,1599.1,,,556.8,472.4,1317.5,1120.3,582.8,,,592.0,613.4,677.8,1255.6,903.8,,,87.2,62.8,534.5,156.5,751.3,,,,,,,,,,,,,,,,,1641.2,1385.9,3530.1,1928.8,2281.6,,,489.7,129.3,406.7,531.5,183.2,,,244.2,135.2,428.1,254.9,247.4,,,3341.0,1063.0,1599.1,1948.9,2056.0,,,874.2,989.9,878.3,1834.2,1450.3,,,1889.8,453.0,779.5,1176.7,1375.7,,,,,,,,,,,,,,,,,291.4,1169.3,593.9,809.9,1781.8,,,76.9,103.4,15.2,73.1,139.7,,,1396.2,496.2,1107.0,2175.5,1184.1,,,421.3,68.6,649.6,480.9,949.7,,,553.5,210.6,1496.7,545.4,1113.6,,,1834.2,521.1,895.2,1247.3,1439.2,,,,,,,,,,,,,,,,,,,,,,,,,,,,,,,,,,,,,,,,,,,,,,,,,,,,,,,,,,,,,,,,,,,,,,,,,,,,,,,,,,,,,,,,,,,,,,,,,,,,,,,,,,,,,,,,,,,,,,,,,,,,,,,,
20260901_松戸_2R,20260901,31,松戸,2,1955.7,1098.1,1711.2,2566.8,771.9,,,2184.5,1350.9,624.1,2504.2,1604.2,,,1031.9,1128.2,691.4,2117.0,374.0,,,1901.3,955.1,1222.3,2666.8,1173.4,,,2360.3,2774.9,2281.6,2566.8,2033.1,,,514.6,1446.1,381.6,964.0,1866.8,,,,,,,,,,,,,,,,,1333.4,645.7,955.1,1801.3,445.4,,,1307.9,684.4,838.1,1919.1,710.5,,,298.0,376.0,192.0,873.8,51.5,,,1080.7,950.6,605.7,2095.4,550.5,,,3019.8,2566.8,2444.6,2504.2,2095.4,,,163.8,290.0,31.3,165.2,578.4,,,,,,,,,,,,,,,,,1498.8,641.7,289.2,1919.1,664.5,,,977.8,666.7,580.0,1801.3,618.5,,,228.4,288.4,61.1,964.0,67.4,,,64.9,175.5,51.3,276.0,60.5,,,2117.0,2307.2,1785.6,1207.9,3540.5,,,504.5,336.6,137.4,197.8,1817.2,,,,,,,,,,,,,,,,,309.2,331.7,186.3,1207.9,109.1,,,208.4,290.8,175.0,828.0,40.6,,,174.4,199.7,48.0,814.8,60.4,,,102.7,253.2,83.6,831.3,81.8,,,1669.5,1817.2,1426.0,1267.5,1011.5,,,18.3,6.3,25.0,18.7,220.0,,,,,,,,,,,,,,,,,1368.9,337.1,631.8,2033.1,538.9,,,1252.1,841.5,774.9,2892.2,766.2,,,101.2,325.9,119.3,430.5,128.5,,,305.5,559.5,228.9,1316.3,239.8,,,2360.3,2774.9,1817.2,1817.2,1849.9,,,426.9,515.9,402.6,318.8,1616.9,,,,,,,,,,,,,,,,,2474.0,3064.9,3159.2,2415.8,2566.8,,,2852.0,2774.9,3366.3,3159.2,2813.0,,,3208.5,2774.9,1937.2,2256.5,4369.1,,,3111.3,3111.3,1993.6,1378.1,1604.2,,,3208.5,3111.3,3064.9,2387.7,2774.9,,,2666.8,1656.0,3666.9,1785.6,2117.0,,,,,,,,,,,,,,,,,79.2,259.6,71.7,211.4,838.1,,,45.7,129.3,13.1,79.9,365.3,,,531.9,399.5,179.9,343.3,2333.5,,,23.4,4.3,50.0,25.5,247.4,,,372.0,298.4,340.5,165.0,1283.4,,,2033.1,1532.4,2892.2,888.9,1883.9,,,,,,,,,,,,,,,,,,,,,,,,,,,,,,,,,,,,,,,,,,,,,,,,,,,,,,,,,,,,,,,,,,,,,,,,,,,,,,,,,,,,,,,,,,,,,,,,,,,,,,,,,,,,,,,,,,,,,,,,,,,,,,,,
20260901_松戸_3R,20260901,31,松戸,3,1646.6,1862.2,567.8,2607.2,364.6,,,2283.6,2234.7,1646.6,3476.2,1896.1,,,2844.2,3097.6,2502.9,3364.1,2128.3,,,218.0,485.0,508.7,881.3,222.6,,,4011.0,4534.2,4116.6,3037.5,3680.7,,,179.6,1105.5,1154.4,221.8,1955.4,,,,,,,,,,,,,,,,,1266.6,1241.5,404.2,1767.6,186.5,,,1090.1,598.2,717.5,1482.7,172.8,,,1320.1,699.9,703.0,1435.1,264.0,,,375.5,677.1,532.9,1198.7,124.1,,,2352.3,2651.4,2744.4,2444.2,548.8,,,22.0,35.4,30.9,18.3,69.5,,,,,,,,,,,,,,,,,1728.5,1422.1,1167.4,2951.5,1378.2,,,1282.2,514.5,766.8,1629.5,249.2,,,645.0,245.0,238.6,278.3,210.8,,,1303.6,859.5,554.7,2157.6,881.3,,,4669.6,3037.5,1798.0,3328.3,2768.7,,,580.4,131.9,187.4,390.5,1101.6,,,,,,,,,,,,,,,,,2768.7,2250.8,2388.2,3364.1,2058.3,,,2187.8,1005.9,1271.8,2793.4,582.6,,,983.8,460.0,626.9,896.4,396.5,,,2031.5,1348.5,1150.2,2523.1,1171.7,,,4011.0,3862.5,2187.8,3680.7,3067.3,,,1121.3,427.4,556.7,841.0,1682.0,,,,,,,,,,,,,,,,,402.6,891.3,990.0,980.7,425.6,,,657.2,1409.3,1025.7,2523.1,320.2,,,1673.0,1638.0,1256.4,2744.4,1090.1,,,1709.6,1526.1,1372.2,2234.7,1226.9,,,2720.5,3769.4,4534.2,3192.5,2250.8,,,466.2,270.8,693.7,804.2,1185.0,,,,,,,,,,,,,,,,,4669.6,5128.9,4116.6,3128.6,3815.4,,,4406.5,3364.1,3400.7,4285.8,1025.7,,,4227.9,3769.4,2005.5,3769.4,3097.6,,,4285.8,4171.5,1489.8,3815.4,3637.9,,,2951.5,4345.3,4469.5,3225.4,2697.1,,,2607.2,692.1,2564.4,2629.1,2203.2,,,,,,,,,,,,,,,,,56.8,228.0,263.5,52.6,551.7,,,4.8,10.1,7.1,4.4,13.0,,,187.2,45.3,52.7,134.6,397.0,,,243.0,81.0,85.4,140.6,362.1,,,80.4,46.3,136.1,116.1,304.3,,,1189.6,375.5,1117.3,996.3,746.6,,,,,,,,,,,,,,,,,,,,,,,,,,,,,,,,,,,,,,,,,,,,,,,,,,,,,,,,,,,,,,,,,,,,,,,,,,,,,,,,,,,,,,,,,,,,,,,,,,,,,,,,,,,,,,,,,,,,,,,,,,,,,,,,
20260901_松戸_4R,20260901,31,松戸,4,1996.1,2559.1,733.8,1636.1,1592.6,,,1730.7,785.8,385.8,2217.9,1247.5,,,1592.6,724.9,247.0,1399.1,584.8,,,85.2,62.4,46.3,56.3,16.9,,,1247.5,1730.7,1489.6,349.3,1008.1,,,1018.4,1025.4,509.2,136.2,972.1,,,,,,,,,,,,,,,,,4217.1,4158.6,1324.8,2798.3,3024.4,,,4536.6,2673.3,3522.5,3326.8,6509.1,,,4101.6,3290.3,2673.3,2626.4,4990.3,,,1425.8,2798.3,2722.0,1609.7,3219.5,,,1237.2,1672.7,1750.9,1018.4,2495.1,,,4277.4,5346.7,5252.9,3888.5,4468.9,,,,,,,,,,,,,,,,,3290.3,1108.9,627.7,3024.4,2697.4,,,4101.6,2357.6,2906.9,2906.9,5870.9,,,656.6,1263.3,319.8,1061.7,1654.2,,,448.2,1482.2,386.3,1117.2,1771.7,,,3790.1,2603.6,1982.9,1551.4,5252.9,,,4678.4,6237.9,4678.4,3326.8,6963.2,,,,,,,,,,,,,,,,,2626.4,1021.9,355.1,2079.3,1178.8,,,2581.2,2339.2,2185.5,2722.0,4908.5,,,583.6,1129.8,297.9,883.2,1584.2,,,244.2,1069.3,275.7,612.3,872.9,,,2023.1,2201.6,1313.2,880.6,3402.5,,,1730.7,5988.4,4217.1,1871.3,5162.4,,,,,,,,,,,,,,,,,31.1,9.8,6.0,11.4,2.4,,,229.2,277.4,255.9,198.8,643.9,,,52.9,166.4,35.9,146.5,243.4,,,39.6,122.5,21.3,106.4,131.0,,,56.2,57.2,141.2,123.3,210.8,,,65.3,579.1,426.5,322.9,378.0,,,,,,,,,,,,,,,,,862.8,1567.6,1482.2,355.1,1222.1,,,248.4,941.5,870.4,420.5,1432.6,,,2434.3,2154.1,1672.7,1482.2,3992.2,,,1519.8,1543.4,875.4,724.9,2603.6,,,108.9,193.2,693.1,454.3,761.8,,,2474.5,2722.0,4908.5,4536.6,1654.2,,,,,,,,,,,,,,,,,3607.4,2906.9,1412.3,409.6,3607.4,,,4277.4,4829.3,4217.1,4217.1,5162.4,,,4339.4,5649.4,6370.6,3564.5,6509.1,,,2123.5,5988.4,4158.6,2169.7,5988.4,,,440.3,3651.4,2395.3,1551.4,1982.9,,,5162.4,5074.9,4403.2,6237.9,2537.4,,,,,,,,,,,,,,,,,,,,,,,,,,,,,,,,,,,,,,,,,,,,,,,,,,,,,,,,,,,,,,,,,,,,,,,,,,,,,,,,,,,,,,,,,,,,,,,,,,,,,,,,,,,,,,,,,,,,,,,,,,,,,,,,
20260901_松戸_5R,20260901,31,松戸,5,3991.9,8896.3,6227.4,9999.9,9999.9,,,3991.9,9730.4,4790.3,6486.9,9999.9,,,9730.4,9999.9,2937.4,7241.2,8415.4,,,5022.1,3844.1,796.3,5661.3,1066.3,,,9999.9,9158.0,9999.9,7784.3,9999.9,,,7983.9,9999.9,1166.1,5368.5,9999.9,,,,,,,,,,,,,,,,,9999.9,9999.9,6624.9,9999.9,9999.9,,,7784.3,887.1,1286.6,4385.5,9999.9,,,8194.0,1533.8,768.8,1518.8,3941.4,,,3892.1,915.8,565.1,1842.4,2118.1,,,9999.9,4717.7,4097.0,3384.4,8896.3,,,9999.9,9999.9,4790.3,5189.5,9158.0,,,,,,,,,,,,,,,,,5277.5,6768.9,3177.2,5661.3,7983.9,,,5766.1,1120.0,753.9,2552.2,4448.1,,,2965.4,562.0,186.4,739.6,1250.4,,,1297.3,342.9,138.8,455.2,661.0,,,6105.3,2490.9,1647.4,1511.5,2993.9,,,9999.9,6768.9,4448.1,3210.0,6227.4,,,,,,,,,,,,,,,,,3797.2,3348.0,834.7,3113.7,4151.6,,,2616.5,502.2,258.1,739.6,1371.6,,,1286.6,289.3,103.2,338.0,610.5,,,196.8,40.1,20.4,41.9,88.9,,,2830.6,1004.4,679.8,247.3,1276.1,,,5462.6,2035.1,2048.5,586.3,2132.6,,,,,,,,,,,,,,,,,853.0,658.2,295.4,899.9,1179.4,,,437.9,60.5,28.5,136.0,220.5,,,192.5,30.8,6.5,38.7,78.8,,,74.3,6.2,2.8,7.6,16.4,,,464.0,114.8,70.1,32.2,166.1,,,874.6,332.6,159.3,72.5,335.5,,,,,,,,,,,,,,,,,9999.9,9435.5,9435.5,7413.6,9999.9,,,9999.9,4324.6,3892.1,3663.2,8194.0,,,7413.6,4647.3,2531.4,2552.2,7076.6,,,7784.3,2993.9,2731.3,902.5,4151.6,,,4097.0,2192.7,1692.2,695.0,1983.2,,,9999.9,5987.9,7413.6,6227.4,2780.1,,,,,,,,,,,,,,,,,9999.9,9999.9,7594.4,8194.0,9999.9,,,9999.9,7983.9,4265.3,4151.6,9999.9,,,9999.9,9999.9,5987.9,3797.2,9999.9,,,9999.9,4790.3,4579.0,1820.8,6227.4,,,5987.9,3797.2,3052.6,1415.3,2323.6,,,9999.9,9999.9,8415.4,7594.4,2965.4,,,,,,,,,,,,,,,,,,,,,,,,,,,,,,,,,,,,,,,,,,,,,,,,,,,,,,,,,,,,,,,,,,,,,,,,,,,,,,,,,,,,,,,,,,,,,,,,,,,,,,,,,,,,,,,,,,,,,,,,,,,,,,,,
20260901_松戸_6R,20260901,31,松戸,6,4377.3,9588.4,2739.5,8218.6,3987.2,,,6601.8,9999.9,2856.1,9999.9,6601.8,,,9999.9,9999.9,3097.8,9999.9,9999.9,,,2939.5,2856.1,968.0,3074.1,927.9,,,9999.9,9999.9,9999.9,2249.8,8754.6,,,2649.4,4377.3,1167.2,2516.9,5836.4,,,,,,,,,,,,,,,,,2153.5,5672.0,2165.1,5230.0,887.0,,,915.2,629.2,702.8,447.4,126.4,,,2075.8,1231.5,1554.8,1453.8,629.2,,,2212.7,2485.8,3247.6,3442.0,954.3,,,3384.1,881.2,1864.4,2097.4,476.5,,,126.5,30.1,95.7,144.6,88.6,,,,,,,,,,,,,,,,,4576.3,9999.9,2516.9,9822.3,5033.9,,,2758.3,1954.9,2288.1,1167.2,343.6,,,9999.9,6010.6,6195.6,4576.3,3532.5,,,2632.1,5672.0,6601.8,6825.6,3563.8,,,6101.7,1480.5,3872.2,4524.8,1351.3,,,1822.2,264.7,1091.3,1337.9,724.3,,,,,,,,,,,,,,,,,8754.6,9999.9,3027.9,8568.3,8389.8,,,6392.2,4737.8,4524.8,4576.3,2275.2,,,9999.9,7322.0,7744.5,6195.6,4911.1,,,2939.5,5593.2,7457.6,6010.6,6292.4,,,9999.9,6195.6,5672.0,6601.8,4474.6,,,5836.4,1579.2,2702.7,3196.1,2983.0,,,,,,,,,,,,,,,,,3050.8,2918.2,3121.8,3170.9,2961.1,,,2836.0,6392.2,4109.3,9999.9,2897.2,,,2918.2,5672.0,7457.6,9999.9,4851.9,,,2918.2,3987.2,8389.8,4971.7,7191.3,,,3274.1,9999.9,9999.9,7191.3,3948.1,,,2684.7,2341.3,4239.1,5442.0,3628.0,,,,,,,,,,,,,,,,,9152.6,9999.9,9999.9,3121.8,6292.4,,,6292.4,1554.8,3628.0,7457.6,1121.7,,,7598.3,1926.8,4851.9,9822.3,1677.9,,,9999.9,7065.1,4851.9,5922.2,3763.6,,,2939.5,9999.9,9999.9,6711.9,4330.2,,,3471.6,717.8,1134.4,2314.4,2470.6,,,,,,,,,,,,,,,,,135.2,279.6,420.3,366.4,372.8,,,19.4,2.4,11.3,15.7,7.3,,,97.3,6.8,40.3,57.7,27.7,,,279.4,53.5,103.4,218.3,125.7,,,405.9,102.8,199.9,326.6,279.6,,,169.0,18.0,32.6,65.2,114.7,,,,,,,,,,,,,,,,,,,,,,,,,,,,,,,,,,,,,,,,,,,,,,,,,,,,,,,,,,,,,,,,,,,,,,,,,,,,,,,,,,,,,,,,,,,,,,,,,,,,,,,,,,,,,,,,,,,,,,,,,,,,,,,,
20260901_松戸_7R,20260901,31,松戸,7,1949.8,2714.5,1987.2,3881.5,3122.7,,,2307.3,2714.5,2563.7,2245.0,2924.8,,,2443.1,2257.2,2373.3,2904.3,963.6,,,2924.8,2595.8,828.9,4071.8,859.8,,,4153.2,2373.3,3675.4,3675.4,4032.3,,,3099.4,2787.4,529.7,3122.7,4032.3,,,,,,,,,,,,,,,,,959.1,1025.5,874.3,1661.3,1277.9,,,203.1,62.3,24.7,37.6,60.9,,,245.4,144.6,117.6,340.9,169.5,,,144.9,13.3,32.7,46.9,30.8,,,806.4,78.8,234.6,135.6,252.1,,,582.5,103.4,115.6,79.1,272.5,,,,,,,,,,,,,,,,,879.9,887.4,827.3,447.0,948.2,,,217.5,91.3,22.9,27.2,52.4,,,331.9,169.9,238.5,95.8,129.3,,,322.2,63.2,184.0,54.8,119.0,,,121.3,15.9,31.4,19.5,23.6,,,271.1,66.7,61.1,102.8,43.2,,,,,,,,,,,,,,,,,814.3,822.4,767.7,1289.8,354.0,,,760.6,434.8,449.9,856.3,342.1,,,626.4,448.5,555.9,442.3,310.6,,,1059.5,700.3,770.5,1510.2,616.2,,,1087.2,1116.4,522.4,1306.0,764.8,,,103.9,176.7,160.8,251.5,431.7,,,,,,,,,,,,,,,,,1968.3,1940.7,2662.3,2945.5,2987.9,,,490.3,70.7,173.4,198.3,131.9,,,1020.4,161.1,453.9,244.1,409.1,,,1417.5,627.3,852.8,1467.5,1000.7,,,2486.9,475.7,364.9,1236.0,766.2,,,2257.2,402.4,507.1,581.6,933.3,,,,,,,,,,,,,,,,,2076.6,868.8,2025.9,1805.7,1870.8,,,1067.6,109.0,295.8,234.1,307.1,,,178.7,42.8,64.9,46.2,55.3,,,968.1,840.7,304.7,920.9,615.3,,,1306.0,348.4,232.2,711.1,530.4,,,935.4,377.5,179.8,318.7,495.0,,,,,,,,,,,,,,,,,1510.2,757.8,478.4,1236.0,2097.6,,,588.2,145.0,162.8,120.5,329.1,,,194.8,112.5,56.4,94.6,88.3,,,38.4,97.2,40.4,63.7,182.4,,,1040.9,276.7,232.5,224.5,764.8,,,1163.3,341.5,124.3,309.4,504.0,,,,,,,,,,,,,,,,,,,,,,,,,,,,,,,,,,,,,,,,,,,,,,,,,,,,,,,,,,,,,,,,,,,,,,,,,,,,,,,,,,,,,,,,,,,,,,,,,,,,,,,,,,,,,,,,,,,,,,,,,,,,,,,,
20260901_松戸_8R,20260901,31,松戸,8,272.1,50.8,118.1,493.0,43.5,,,824.2,1268.2,628.8,1482.9,433.9,,,106.2,609.5,249.4,566.4,115.7,,,219.1,248.3,231.7,744.4,50.5,,,1506.6,2384.0,1465.6,1712.1,875.9,,,18.1,67.0,30.6,5.4,146.5,,,,,,,,,,,,,,,,,342.7,47.7,126.9,491.7,40.4,,,1350.0,1055.1,1689.1,2811.0,1088.6,,,31.8,268.0,99.2,148.2,28.7,,,340.5,725.7,377.4,1173.4,264.5,,,1596.0,2652.6,875.9,2164.7,1537.4,,,39.3,321.6,57.3,90.1,511.0,,,,,,,,,,,,,,,,,2989.4,3487.7,1931.6,6075.3,1659.3,,,3520.3,3587.3,3883.2,5707.1,3729.4,,,5305.2,4050.2,4538.2,4050.2,5622.0,,,2339.5,3219.4,3192.1,5381.0,1518.8,,,6277.9,5231.5,3657.0,5022.3,5539.3,,,1569.4,3393.4,3621.8,1543.7,5381.0,,,,,,,,,,,,,,,,,210.4,1410.7,532.0,1180.7,257.4,,,109.2,469.6,251.2,214.3,94.1,,,3013.3,2014.3,2875.3,3113.0,1846.4,,,1070.0,867.9,1828.5,2189.9,701.4,,,2709.8,1023.5,2545.0,3113.0,1846.4,,,267.9,270.2,1131.1,319.2,1239.0,,,,,,,,,,,,,,,,,679.9,534.2,759.4,1488.8,131.9,,,826.0,2215.7,691.1,2942.7,677.4,,,1272.5,2384.0,2242.1,3487.7,914.2,,,1374.7,1298.8,2545.0,2562.4,1177.1,,,3964.9,4484.2,5539.3,4484.2,1785.1,,,59.0,378.1,193.2,375.9,396.9,,,,,,,,,,,,,,,,,3013.3,5381.0,3587.3,4379.9,1855.5,,,3692.8,4139.2,1768.4,4050.2,3520.3,,,5885.5,5090.1,3587.3,5978.9,6075.3,,,4280.3,1874.0,3424.3,4379.9,4768.0,,,5231.5,4956.2,5305.2,4484.2,2652.6,,,2081.0,2545.0,5090.1,4768.0,2296.7,,,,,,,,,,,,,,,,,13.7,47.1,34.3,3.6,142.3,,,50.0,361.4,99.8,117.1,768.7,,,324.7,912.0,1094.9,357.3,2255.5,,,166.5,212.3,673.8,293.5,1104.6,,,20.4,129.3,94.8,158.3,272.7,,,934.6,2081.0,2690.5,1864.7,1326.3,,,,,,,,,,,,,,,,,,,,,,,,,,,,,,,,,,,,,,,,,,,,,,,,,,,,,,,,,,,,,,,,,,,,,,,,,,,,,,,,,,,,,,,,,,,,,,,,,,,,,,,,,,,,,,,,,,,,,,,,,,,,,,,,
20260901_松戸_9R,20260901,31,松戸,9,1610.1,652.6,899.0,1761.8,641.9,,,2089.8,680.9,1603.6,1148.7,1327.3,,,218.9,187.9,52.5,200.4,44.3,,,392.1,663.6,73.8,587.2,85.2,,,1383.3,774.9,427.0,1064.7,719.5,,,223.7,514.9,80.7,101.3,524.5,,,,,,,,,,,,,,,,,3118.1,1723.1,1818.9,3220.3,1235.4,,,3446.3,4092.5,3194.1,2534.7,2786.4,,,1571.5,3301.5,878.9,2440.2,844.9,,,1082.3,1516.9,660.3,1810.5,220.1,,,3143.0,1935.3,2931.9,2672.6,1907.2,,,709.1,1220.1,609.1,187.2,1058.9,,,,,,,,,,,,,,,,,3274.0,2014.7,2146.9,1378.5,2112.2,,,3416.3,4464.5,3022.1,2352.6,3357.9,,,2035.6,4365.3,2297.5,1844.5,2826.5,,,2486.6,3093.5,1925.9,1552.9,1279.7,,,624.6,867.2,813.4,686.8,530.2,,,1844.5,1730.7,2395.6,1201.4,1534.7,,,,,,,,,,,,,,,,,183.8,188.5,50.3,184.1,42.5,,,516.2,1259.2,412.6,1255.2,388.9,,,630.6,1753.9,1053.3,1106.7,1220.1,,,75.5,173.0,369.5,273.5,42.0,,,499.2,1247.2,713.0,563.6,690.4,,,98.4,121.8,424.2,55.1,416.6,,,,,,,,,,,,,,,,,297.6,594.3,106.7,463.3,91.5,,,338.4,589.9,185.1,749.7,79.6,,,1067.6,1259.2,926.6,892.9,483.8,,,64.7,125.4,291.6,224.2,36.8,,,737.1,737.1,491.1,475.6,239.7,,,20.9,4.9,73.2,13.9,79.2,,,,,,,,,,,,,,,,,1116.1,625.6,830.6,1145.4,774.9,,,1723.1,992.1,1802.2,1318.4,1058.9,,,243.7,230.5,333.5,205.4,145.2,,,892.9,1336.3,785.7,735.7,960.5,,,965.3,984.6,495.4,694.1,347.6,,,495.4,265.1,226.3,659.2,199.8,,,,,,,,,,,,,,,,,142.5,488.0,139.1,88.2,534.5,,,111.3,274.5,129.2,28.2,297.4,,,939.9,782.6,1393.2,419.3,958.2,,,120.8,116.3,490.4,56.5,463.8,,,23.2,5.6,73.0,19.8,76.4,,,587.2,488.0,506.9,805.0,225.9,,,,,,,,,,,,,,,,,,,,,,,,,,,,,,,,,,,,,,,,,,,,,,,,,,,,,,,,,,,,,,,,,,,,,,,,,,,,,,,,,,,,,,,,,,,,,,,,,,,,,,,,,,,,,,,,,,,,,,,,,,,,,,,,
20260901_松戸_10R,20260901,31,松戸,10,415.9,655.2,373.2,671.2,1352.7,,,189.0,42.2,202.2,137.0,189.3,,,578.4,115.9,767.2,481.5,304.8,,,383.9,442.2,461.8,817.1,586.1,,,268.4,163.0,196.0,356.2,500.1,,,1256.1,680.5,428.5,1548.0,1274.3,,,,,,,,,,,,,,,,,616.6,1072.2,487.9,1285.5,1911.4,,,377.3,188.4,140.5,796.4,495.6,,,1046.7,316.5,418.7,2016.7,868.8,,,226.5,109.0,211.7,489.5,448.1,,,1971.4,1622.2,2892.3,1436.7,3960.7,,,2428.9,1118.6,1592.9,1245.4,3185.8,,,,,,,,,,,,,,,,,86.2,23.6,82.6,78.5,114.0,,,77.1,35.7,23.3,171.6,92.4,,,13.2,12.5,16.0,91.9,3.4,,,85.6,26.0,44.9,221.2,93.9,,,251.2,373.2,331.8,413.5,537.4,,,144.4,115.9,23.0,109.3,282.1,,,,,,,,,,,,,,,,,968.3,248.2,1077.5,1093.6,737.6,,,1012.9,270.7,514.8,1744.6,752.8,,,70.1,62.7,61.0,209.4,12.5,,,992.4,539.4,292.3,1801.8,821.7,,,1348.5,2632.5,1044.2,3053.0,2512.2,,,654.2,628.0,76.0,599.7,1259.7,,,,,,,,,,,,,,,,,431.4,571.7,1191.4,1191.4,1945.3,,,213.9,89.3,144.2,454.1,382.2,,,289.2,110.8,157.7,761.9,399.3,,,1256.1,440.5,297.0,1945.3,780.8,,,2093.5,1340.3,1862.8,2911.5,2990.7,,,2165.7,921.6,802.2,1316.2,2289.8,,,,,,,,,,,,,,,,,1285.5,778.1,1296.8,1564.5,1989.3,,,2469.8,2289.8,3663.6,2601.4,4440.8,,,1136.0,2044.8,1391.2,2556.0,3162.8,,,2892.3,3925.3,2243.0,4310.2,3822.9,,,2818.2,2541.2,2873.4,4396.4,5172.2,,,4033.4,4070.7,4227.3,3790.0,4727.3,,,,,,,,,,,,,,,,,2854.8,1500.4,1646.5,2556.0,2800.2,,,3053.0,1587.1,2103.5,2064.0,3822.9,,,870.5,817.1,210.1,705.6,1553.5,,,1395.6,1505.6,255.7,1575.7,2415.6,,,2765.0,2016.7,1304.5,2254.5,4831.2,,,4187.0,4532.3,3305.5,3890.6,4486.1,,,,,,,,,,,,,,,,,,,,,,,,,,,,,,,,,,,,,,,,,,,,,,,,,,,,,,,,,,,,,,,,,,,,,,,,,,,,,,,,,,,,,,,,,,,,,,,,,,,,,,,,,,,,,,,,,,,,,,,,,,,,,,,,
20260901_松戸_11R,20260901,31,松戸,11,875.4,1280.9,425.5,887.7,438.3,,,868.1,725.6,617.7,828.0,980.7,,,1768.0,1338.3,1089.7,1931.3,1542.1,,,144.9,286.6,293.4,180.7,132.2,,,804.7,927.1,1589.0,483.5,1195.5,,,563.4,1037.4,685.2,496.9,1302.2,,,,,,,,,,,,,,,,,431.0,646.4,359.0,594.9,166.3,,,145.0,42.2,148.6,41.1,29.8,,,529.2,124.7,494.2,222.5,133.1,,,258.3,316.5,566.4,309.3,151.7,,,288.9,73.9,161.8,185.3,41.1,,,44.6,15.4,46.0,58.7,27.4,,,,,,,,,,,,,,,,,395.5,273.6,440.4,341.8,469.1,,,167.0,29.7,122.8,30.8,34.6,,,108.4,30.8,91.8,21.3,44.4,,,309.0,346.3,244.9,257.0,417.6,,,117.1,30.9,14.6,96.6,43.4,,,309.6,75.6,81.0,304.2,99.8,,,,,,,,,,,,,,,,,1573.1,1037.4,1433.0,1597.1,1283.5,,,680.0,247.8,965.6,475.8,314.1,,,365.7,160.4,376.3,120.2,175.7,,,1093.5,1324.2,798.5,1436.3,1207.0,,,1046.1,501.3,189.6,1063.8,461.1,,,869.3,400.0,339.0,1153.8,603.5,,,,,,,,,,,,,,,,,106.1,158.5,254.7,129.0,102.7,,,245.1,456.8,559.9,384.8,241.9,,,326.2,545.3,372.7,364.9,528.7,,,768.2,1200.1,802.6,1200.1,1155.9,,,323.8,425.2,545.3,961.2,568.5,,,311.1,397.5,561.4,882.8,778.7,,,,,,,,,,,,,,,,,615.3,586.6,1089.7,552.5,634.0,,,286.3,88.5,177.9,211.5,51.2,,,206.5,63.9,37.4,179.9,88.6,,,687.4,306.7,127.6,610.5,338.0,,,259.5,352.6,345.8,671.3,434.3,,,436.4,109.7,194.0,307.6,426.6,,,,,,,,,,,,,,,,,296.2,768.2,880.3,677.1,1009.1,,,95.4,44.5,95.4,117.0,68.2,,,463.5,109.4,191.1,448.0,179.3,,,766.3,273.8,287.1,892.8,555.4,,,439.2,257.7,571.1,891.5,843.6,,,584.4,117.3,229.3,414.8,625.7,,,,,,,,,,,,,,,,,,,,,,,,,,,,,,,,,,,,,,,,,,,,,,,,,,,,,,,,,,,,,,,,,,,,,,,,,,,,,,,,,,,,,,,,,,,,,,,,,,,,,,,,,,,,,,,,,,,,,,,,,,,,,,,,
20260901_静岡_1R,20260901,38,静岡,1,2.7,19.4,35.9,34.9,,,,26.4,86.2,138.8,60.3,,,,56.0,48.2,65.5,121.9,,,,78.2,65.1,77.5,149.4,,,,203.8,170.3,290.5,324.0,,,,,,,,,,,,,,,,,,,,,,,,,3.6,23.0,43.2,32.7,,,,15.7,140.9,174.9,76.5,,,,99.5,199.1,332.4,335.8,,,,166.8,302.4,356.9,618.2,,,,181.0,230.8,769.6,978.5,,,,,,,,,,,,,,,,,,,,,,,,,101.6,408.7,561.8,250.8,,,,59.5,408.7,537.3,266.7,,,,735.1,769.6,1547.2,595.8,,,,988.4,1123.7,1407.3,1718.2,,,,499.2,680.9,1268.3,1500.1,,,,,,,,,,,,,,,,,,,,,,,,,147.6,293.7,390.4,627.4,,,,164.5,351.8,544.2,726.1,,,,692.1,636.9,1241.7,573.8,,,,559.7,648.1,935.2,360.4,,,,1434.6,1507.8,659.6,1580.3,,,,,,,,,,,,,,,,,,,,,,,,,167.0,275.6,277.2,508.6,,,,239.2,441.7,346.0,834.8,,,,700.3,773.6,1078.5,1246.9,,,,464.6,554.4,738.8,798.7,,,,1268.3,1614.9,1641.8,1470.3,,,,,,,,,,,,,,,,,,,,,,,,,713.8,898.2,1470.3,1698.4,,,,645.2,825.5,1906.6,2290.9,,,,1086.5,1448.6,1563.6,2814.6,,,,1791.1,2052.3,1688.7,1894.4,,,,1580.3,2402.7,2327.0,1894.4,,,,,,,,,,,,,,,,,,,,,,,,,,,,,,,,,,,,,,,,,,,,,,,,,,,,,,,,,,,,,,,,,,,,,,,,,,,,,,,,,,,,,,,,,,,,,,,,,,,,,,,,,,,,,,,,,,,,,,,,,,,,,,,,,,,,,,,,,,,,,,,,,,,,,,,,,,,,,,,,,,,,,,,,,,,,,,,,,,,,,,,,,,,,,,,,
20260901_静岡_2R,20260901,38,静岡,2,56.8,63.4,33.5,39.7,,,,92.0,221.3,42.9,69.0,,,,175.6,368.3,125.9,229.2,,,,24.7,13.6,55.6,7.3,,,,17.8,23.1,45.8,5.4,,,,,,,,,,,,,,,,,,,,,,,,,92.4,91.0,57.3,80.4,,,,217.1,407.8,267.5,423.7,,,,112.6,297.7,225.7,178.2,,,,155.6,260.2,382.0,319.9,,,,115.6,253.6,157.7,234.3,,,,,,,,,,,,,,,,,,,,,,,,,337.2,716.8,207.7,278.2,,,,383.1,746.7,466.5,492.7,,,,1376.1,1258.3,1344.6,582.0,,,,276.7,520.1,831.2,402.2,,,,244.2,195.9,245.8,187.6,,,,,,,,,,,,,,,,,,,,,,,,,294.9,937.3,455.1,633.0,,,,314.8,700.9,595.4,485.2,,,,1380.7,1335.9,1700.3,1789.0,,,,1293.9,1262.2,1588.7,548.6,,,,1088.5,843.1,1438.7,1601.0,,,,,,,,,,,,,,,,,,,,,,,,,120.2,76.6,277.6,50.7,,,,234.7,401.0,590.3,453.6,,,,172.2,369.7,551.5,296.4,,,,975.0,1142.9,1165.6,709.4,,,,119.9,373.0,272.6,709.4,,,,,,,,,,,,,,,,,,,,,,,,,24.9,37.6,71.2,8.8,,,,64.7,116.8,76.8,114.3,,,,185.7,150.7,199.1,134.5,,,,400.2,284.9,491.0,609.5,,,,64.2,223.0,139.2,413.1,,,,,,,,,,,,,,,,,,,,,,,,,,,,,,,,,,,,,,,,,,,,,,,,,,,,,,,,,,,,,,,,,,,,,,,,,,,,,,,,,,,,,,,,,,,,,,,,,,,,,,,,,,,,,,,,,,,,,,,,,,,,,,,,,,,,,,,,,,,,,,,,,,,,,,,,,,,,,,,,,,,,,,,,,,,,,,,,,,,,,,,,,,,,,,,,
20260901_静岡_3R,20260901,38,静岡,3,2.0,8.1,19.5,57.9,,,,20.6,36.1,76.4,141.1,,,,48.8,73.9,91.8,281.8,,,,39.3,35.4,46.9,115.7,,,,186.2,150.4,268.6,221.7,,,,,,,,,,,,,,,,,,,,,,,,,6.1,15.6,33.8,147.3,,,,53.6,176.9,240.0,621.7,,,,135.0,335.9,457.6,1077.4,,,,163.6,336.2,427.9,758.9,,,,600.9,1231.8,1668.4,1198.2,,,,,,,,,,,,,,,,,,,,,,,,,150.2,409.3,442.3,1271.4,,,,142.3,460.3,514.8,1422.3,,,,852.1,1043.3,1697.0,2209.0,,,,810.2,843.1,1874.0,3138.2,,,,2502.6,2551.0,3295.1,3041.6,,,,,,,,,,,,,,,,,,,,,,,,,272.1,649.2,776.8,1538.5,,,,322.5,919.5,1083.3,2149.0,,,,1008.7,1231.8,2081.1,2727.0,,,,1263.3,1538.5,2567.6,1741.9,,,,3138.2,3350.9,3661.2,2518.5,,,,,,,,,,,,,,,,,,,,,,,,,204.9,380.2,424.2,823.7,,,,249.4,578.9,701.0,1520.8,,,,744.6,835.9,1957.5,3408.7,,,,1300.7,1492.1,2298.9,2209.0,,,,1520.8,1901.0,2653.8,2017.4,,,,,,,,,,,,,,,,,,,,,,,,,634.6,1235.6,1682.6,1627.2,,,,792.4,1661.4,2259.5,2486.8,,,,2440.8,2172.6,2671.7,3876.6,,,,3163.3,3408.7,3188.8,2567.6,,,,1874.0,2298.9,2907.4,2114.5,,,,,,,,,,,,,,,,,,,,,,,,,,,,,,,,,,,,,,,,,,,,,,,,,,,,,,,,,,,,,,,,,,,,,,,,,,,,,,,,,,,,,,,,,,,,,,,,,,,,,,,,,,,,,,,,,,,,,,,,,,,,,,,,,,,,,,,,,,,,,,,,,,,,,,,,,,,,,,,,,,,,,,,,,,,,,,,,,,,,,,,,,,,,,,,,
20260901_静岡_4R,20260901,38,静岡,4,57.9,76.4,78.5,112.8,321.8,,,20.6,83.4,6.7,69.5,37.9,,,149.5,167.8,248.6,372.9,478.5,,,22.4,5.4,67.9,43.5,76.6,,,95.8,120.7,255.6,102.2,620.5,,,626.4,283.0,912.2,439.9,1221.2,,,,,,,,,,,,,,,,,76.0,90.9,119.2,76.6,568.8,,,231.4,399.2,562.5,370.2,1103.4,,,76.2,132.9,267.6,45.0,506.5,,,139.3,325.2,201.0,133.0,952.0,,,64.1,166.8,38.0,119.5,461.6,,,1876.8,2502.4,1659.2,3605.9,1647.3,,,,,,,,,,,,,,,,,89.3,207.6,56.3,226.1,118.0,,,277.0,573.8,632.5,509.9,1015.4,,,849.6,1234.3,1715.1,1331.2,1189.4,,,136.3,412.1,887.5,584.1,543.8,,,456.5,739.8,1297.3,687.6,1590.1,,,564.6,1057.6,1168.2,857.5,1584.6,,,,,,,,,,,,,,,,,429.1,803.4,968.1,857.5,1629.7,,,310.2,603.3,724.6,183.6,1024.5,,,1205.1,1241.0,2385.1,1590.1,1747.9,,,1162.3,1067.4,2150.0,1116.9,3158.2,,,882.3,242.6,1183.3,1221.2,1467.7,,,2862.1,2026.3,1965.4,4201.3,2233.9,,,,,,,,,,,,,,,,,37.7,15.1,75.3,64.0,130.9,,,126.5,245.2,101.6,124.9,721.1,,,98.6,355.2,731.5,381.3,538.1,,,433.2,319.7,875.6,637.8,1350.8,,,118.7,116.2,259.1,304.2,499.4,,,1150.6,1817.2,1413.4,2091.1,1526.5,,,,,,,,,,,,,,,,,108.9,134.1,279.7,87.3,615.5,,,65.7,180.2,40.0,99.2,507.7,,,285.3,380.6,562.5,410.3,868.9,,,468.7,118.3,652.3,650.4,1045.5,,,98.6,127.8,247.2,330.4,614.7,,,1741.2,1536.7,1824.5,1999.7,1526.5,,,,,,,,,,,,,,,,,3158.2,1409.0,3522.7,2233.9,4201.3,,,3816.2,4320.2,3880.9,5203.9,4320.2,,,1315.9,3392.2,2898.4,2631.9,3982.1,,,5387.6,4977.7,3073.5,6025.6,5947.4,,,2385.1,5947.4,2587.2,6025.6,3180.2,,,4125.6,4017.1,4201.3,5145.5,2898.4,,,,,,,,,,,,,,,,,,,,,,,,,,,,,,,,,,,,,,,,,,,,,,,,,,,,,,,,,,,,,,,,,,,,,,,,,,,,,,,,,,,,,,,,,,,,,,,,,,,,,,,,,,,,,,,,,,,,,,,,,,,,,,,,
20260901_静岡_5R,20260901,38,静岡,5,249.5,48.7,81.9,105.9,261.7,,,808.4,703.9,792.6,694.8,1284.5,,,44.7,206.1,17.1,23.7,101.3,,,158.8,330.1,33.2,50.1,238.9,,,251.5,379.5,73.9,84.5,198.8,,,929.5,1085.8,382.2,538.6,373.3,,,,,,,,,,,,,,,,,531.0,188.5,301.7,331.0,674.4,,,1387.6,2935.0,4285.7,3165.2,4323.9,,,339.3,1800.3,683.0,826.4,1537.4,,,774.8,3272.1,934.9,1178.3,2631.9,,,739.3,2736.0,1395.6,1503.9,2736.0,,,2069.5,4526.0,3007.9,3696.8,3560.9,,,,,,,,,,,,,,,,,1503.9,1552.1,2001.1,2017.8,3668.8,,,1735.7,3124.4,3641.2,3813.2,4174.8,,,1641.6,3104.3,1630.5,1131.5,1742.0,,,2362.3,3843.5,1944.9,1547.2,3459.1,,,2231.7,3228.5,1906.6,1877.0,2589.7,,,3084.6,3725.2,1793.6,2705.5,2589.7,,,,,,,,,,,,,,,,,45.0,183.1,20.0,35.1,103.1,,,141.9,585.5,246.2,289.6,504.4,,,607.6,953.3,451.3,532.7,569.0,,,17.4,88.1,119.5,5.1,44.5,,,70.7,191.2,192.1,22.4,65.6,,,262.6,650.9,346.4,201.4,179.7,,,,,,,,,,,,,,,,,330.7,517.3,53.6,115.4,324.8,,,573.1,1921.7,504.9,717.4,1614.2,,,1542.3,2509.2,587.0,702.8,1323.1,,,37.0,188.0,143.5,8.3,73.8,,,101.2,314.0,123.1,17.1,70.6,,,958.9,1572.3,1059.7,314.8,333.5,,,,,,,,,,,,,,,,,476.1,652.6,218.4,250.5,617.7,,,710.0,2191.3,1100.6,1201.6,1960.6,,,1463.0,2317.1,992.3,917.2,1379.7,,,178.6,495.6,356.0,76.9,243.3,,,166.1,443.8,151.8,46.0,105.8,,,893.5,1490.1,913.7,504.4,433.5,,,,,,,,,,,,,,,,,2181.4,3104.3,1032.5,1582.6,1699.2,,,2736.0,3969.5,3045.8,3754.1,3696.8,,,2373.9,3783.4,1547.2,3007.9,2362.3,,,849.6,2034.8,1308.8,820.8,720.6,,,1891.7,3317.0,2328.2,927.7,885.3,,,1542.3,3186.0,1699.2,1045.9,811.1,,,,,,,,,,,,,,,,,,,,,,,,,,,,,,,,,,,,,,,,,,,,,,,,,,,,,,,,,,,,,,,,,,,,,,,,,,,,,,,,,,,,,,,,,,,,,,,,,,,,,,,,,,,,,,,,,,,,,,,,,,,,,,,,
20260901_静岡_6R,20260901,38,静岡,6,124.7,265.8,230.6,936.0,524.5,,,81.3,66.7,190.7,360.7,251.5,,,300.0,121.2,528.5,564.5,680.2,,,444.1,518.0,874.7,1819.2,1322.6,,,2360.3,1316.3,1479.9,2779.6,2765.6,,,709.3,552.5,909.6,1170.0,1795.3,,,,,,,,,,,,,,,,,115.9,354.1,241.2,1255.9,476.1,,,52.9,89.3,82.8,467.6,282.8,,,405.6,199.1,571.6,993.8,1208.8,,,282.5,245.2,530.6,1700.5,881.7,,,2976.0,2208.0,2310.5,3776.5,5165.9,,,748.0,694.9,2244.2,1358.7,4026.4,,,,,,,,,,,,,,,,,10.9,19.4,24.9,72.9,29.7,,,9.4,21.9,11.2,88.6,37.3,,,7.4,9.5,32.0,10.7,43.6,,,117.9,92.1,169.3,457.0,252.6,,,321.5,435.6,174.7,590.0,567.4,,,96.7,113.3,197.9,233.2,422.5,,,,,,,,,,,,,,,,,307.9,121.6,527.5,455.1,654.2,,,346.7,178.1,580.6,681.9,1112.9,,,37.9,48.7,111.9,45.6,139.3,,,1086.4,1047.0,635.9,1755.1,2808.1,,,752.1,1041.0,267.2,1400.4,1177.6,,,1464.1,2216.9,673.5,2595.2,1634.6,,,,,,,,,,,,,,,,,813.6,977.8,1560.0,3602.5,2671.1,,,696.6,716.7,920.3,3221.1,1529.5,,,957.3,848.9,979.5,3240.1,2340.1,,,2090.0,1560.0,1157.7,2897.3,5070.3,,,5316.4,6294.1,4244.9,4148.4,4380.7,,,3856.2,2779.6,3111.3,5421.7,5165.9,,,,,,,,,,,,,,,,,4148.4,2330.1,3318.7,6367.3,4640.6,,,5368.5,2944.0,3532.8,5825.4,7020.4,,,2066.3,2523.4,613.8,4180.0,3802.7,,,2595.2,2866.9,658.9,3579.0,3802.7,,,6442.2,6597.5,5215.1,4803.4,5704.0,,,6222.6,6222.6,5215.1,5645.2,4803.4,,,,,,,,,,,,,,,,,733.0,570.4,1555.6,2412.3,3359.4,,,772.3,724.3,2779.6,2082.1,5215.1,,,515.1,605.0,710.2,1551.2,2433.7,,,2181.6,3025.3,1002.9,3555.7,2992.3,,,3422.4,2944.0,2928.3,4978.1,4601.6,,,5117.6,6518.9,4278.0,4380.7,4244.9,,,,,,,,,,,,,,,,,,,,,,,,,,,,,,,,,,,,,,,,,,,,,,,,,,,,,,,,,,,,,,,,,,,,,,,,,,,,,,,,,,,,,,,,,,,,,,,,,,,,,,,,,,,,,,,,,,,,,,,,,,,,,,,,
20260901_静岡_7R,20260901,38,静岡,7,136.4,225.0,206.2,159.1,606.9,,,47.2,20.9,37.7,9.0,148.3,,,119.9,42.8,117.4,51.2,124.4,,,119.9,73.7,126.9,79.3,512.1,,,36.9,4.8,12.5,18.5,106.5,,,684.4,535.6,486.3,1006.0,437.4,,,,,,,,,,,,,,,,,567.5,918.0,653.9,708.2,2074.6,,,556.8,1328.0,872.2,1052.1,2316.8,,,1283.9,2017.6,1406.9,2028.8,3060.1,,,529.8,787.1,943.9,1211.9,1736.2,,,903.3,1004.6,2122.6,2074.6,3415.9,,,3323.2,4294.9,4172.8,3690.5,4451.0,,,,,,,,,,,,,,,,,98.7,54.0,61.9,20.2,272.9,,,286.5,555.1,352.5,451.9,1010.2,,,117.6,312.6,225.1,157.2,273.2,,,186.2,300.6,354.1,258.4,1020.0,,,29.4,203.6,104.3,127.0,385.5,,,1030.0,1995.7,1027.1,2063.0,1415.0,,,,,,,,,,,,,,,,,470.7,164.0,339.5,135.4,369.2,,,965.0,1165.7,1190.3,1632.0,1549.4,,,184.6,471.6,371.4,260.9,369.8,,,742.5,1052.1,788.8,980.5,1451.4,,,199.4,993.8,335.2,715.1,1024.3,,,633.6,1489.7,687.6,1782.5,1249.0,,,,,,,,,,,,,,,,,644.8,366.8,574.2,400.4,2040.0,,,529.8,694.1,971.4,1078.4,1831.4,,,433.5,864.0,985.8,730.7,2632.3,,,1031.5,1492.7,1236.4,1508.0,2287.9,,,496.9,1375.3,690.2,1257.5,2448.0,,,4035.3,4220.8,4424.2,4561.6,3991.4,,,,,,,,,,,,,,,,,52.5,12.7,32.0,34.4,152.4,,,302.4,647.6,983.1,993.8,1769.7,,,31.3,244.8,120.4,140.8,507.5,,,121.3,761.0,248.0,533.3,975.3,,,172.6,702.8,377.9,572.4,1486.6,,,702.8,2324.1,1868.7,2040.0,2498.0,,,,,,,,,,,,,,,,,3885.8,2651.3,2166.4,4451.0,2068.8,,,3885.8,4800.1,4172.8,4896.1,4590.1,,,2740.4,5208.7,2400.0,5440.2,3991.4,,,1984.9,2914.3,2017.6,3582.5,2803.1,,,4996.1,5649.4,5208.7,5440.2,4149.3,,,2376.7,4245.2,3709.2,3906.5,3906.5,,,,,,,,,,,,,,,,,,,,,,,,,,,,,,,,,,,,,,,,,,,,,,,,,,,,,,,,,,,,,,,,,,,,,,,,,,,,,,,,,,,,,,,,,,,,,,,,,,,,,,,,,,,,,,,,,,,,,,,,,,,,,,,,
20260901_岐阜_1R,20260901,43,岐阜,1,20.1,64.4,145.9,31.4,172.9,,,8.0,27.9,53.1,4.9,60.4,,,93.7,84.3,420.1,135.3,536.4,,,242.6,158.7,621.0,217.9,379.6,,,28.3,11.6,107.8,98.8,84.4,,,400.0,246.4,895.8,478.3,204.1,,,,,,,,,,,,,,,,,44.5,49.8,172.1,53.3,204.1,,,72.7,119.8,375.8,239.0,491.1,,,38.2,93.9,128.4,132.3,208.7,,,202.3,496.4,304.3,565.4,325.1,,,143.5,299.3,378.5,628.4,507.4,,,338.9,828.9,451.2,449.5,542.8,,,,,,,,,,,,,,,,,20.8,54.9,88.1,11.8,103.6,,,73.8,152.2,288.5,204.3,380.4,,,211.5,238.2,674.7,583.4,1185.7,,,409.8,927.6,1068.2,1159.5,662.5,,,105.5,335.2,600.6,900.2,752.3,,,380.4,708.7,1276.6,876.5,898.0,,,,,,,,,,,,,,,,,111.3,186.0,595.7,184.4,848.1,,,78.8,207.9,275.2,214.2,562.8,,,340.2,424.5,1337.2,766.5,1770.0,,,1696.3,1080.8,2130.2,2492.5,2024.3,,,796.5,732.8,998.3,2220.6,2526.9,,,1948.9,1673.0,2636.0,2426.5,3131.6,,,,,,,,,,,,,,,,,488.5,263.7,1332.3,432.0,591.9,,,523.4,768.1,556.0,1387.9,819.7,,,827.1,1382.6,800.0,2363.9,1398.5,,,1980.5,1593.0,2363.9,2885.1,2304.4,,,1736.5,2617.2,2734.3,3361.5,1813.9,,,457.4,705.9,987.6,1442.5,956.6,,,,,,,,,,,,,,,,,258.7,88.4,630.6,621.0,478.3,,,447.9,872.4,1170.6,1938.6,1593.0,,,207.5,821.5,1205.2,2046.9,1720.2,,,1337.2,1342.1,1736.5,3330.9,4116.9,,,1688.5,3028.1,2931.2,3456.6,2024.3,,,1704.2,2348.7,2885.1,4026.4,2379.2,,,,,,,,,,,,,,,,,1155.8,906.9,2426.5,1181.9,934.7,,,1281.1,1948.9,2117.9,1704.2,2024.3,,,913.7,2130.2,3242.5,1898.4,2714.1,,,2754.9,2509.6,3627.8,3131.6,3897.9,,,737.2,1052.8,1303.9,1908.3,1352.0,,,2046.9,2379.2,3300.9,4697.5,2058.4,,,,,,,,,,,,,,,,,,,,,,,,,,,,,,,,,,,,,,,,,,,,,,,,,,,,,,,,,,,,,,,,,,,,,,,,,,,,,,,,,,,,,,,,,,,,,,,,,,,,,,,,,,,,,,,,,,,,,,,,,,,,,,,,
20260901_岐阜_2R,20260901,43,岐阜,2,101.5,347.5,279.0,133.2,99.3,,,181.7,834.2,634.6,391.3,396.4,,,620.1,888.9,614.6,561.5,648.9,,,358.0,506.7,640.4,401.9,550.8,,,53.6,138.3,226.2,151.1,104.7,,,108.5,271.7,404.6,422.5,177.6,,,,,,,,,,,,,,,,,81.3,279.5,302.7,161.9,72.3,,,35.5,56.0,70.4,109.4,14.2,,,237.8,119.8,245.8,440.8,104.9,,,312.8,191.1,371.6,659.4,221.7,,,166.9,178.0,501.5,591.5,153.3,,,28.9,8.8,42.2,89.0,74.5,,,,,,,,,,,,,,,,,242.5,1060.9,570.1,507.8,425.4,,,97.6,176.9,151.0,265.3,48.3,,,1274.2,564.8,1008.3,1487.8,824.3,,,732.7,372.2,839.9,1461.1,976.0,,,618.5,527.0,1426.9,1244.9,903.7,,,359.8,109.8,633.7,572.1,650.6,,,,,,,,,,,,,,,,,426.9,677.8,399.3,551.4,538.6,,,299.9,107.1,121.3,360.4,144.8,,,751.9,236.7,337.0,714.5,492.4,,,183.0,84.5,149.7,266.3,201.9,,,534.5,616.1,900.4,632.1,523.6,,,374.5,188.1,419.9,282.7,411.8,,,,,,,,,,,,,,,,,368.5,562.8,552.0,563.5,582.3,,,407.0,370.8,412.1,974.0,370.2,,,770.9,513.1,566.8,1610.6,1099.1,,,300.1,246.3,385.7,531.0,390.4,,,561.5,958.7,1355.6,879.3,1181.6,,,613.8,438.8,949.4,606.9,1132.2,,,,,,,,,,,,,,,,,19.0,55.2,122.6,52.6,36.2,,,55.0,86.0,329.9,176.5,74.8,,,248.3,238.2,731.6,616.9,467.0,,,318.3,560.2,751.9,456.9,493.4,,,152.2,259.0,343.1,545.2,570.7,,,82.2,64.5,290.3,328.8,386.0,,,,,,,,,,,,,,,,,90.5,186.9,338.6,238.1,156.9,,,37.9,15.9,81.6,87.2,81.8,,,197.1,60.7,355.1,385.4,401.0,,,271.4,178.4,366.3,252.7,357.7,,,323.4,228.2,444.8,380.0,758.9,,,100.1,138.4,318.1,323.1,354.1,,,,,,,,,,,,,,,,,,,,,,,,,,,,,,,,,,,,,,,,,,,,,,,,,,,,,,,,,,,,,,,,,,,,,,,,,,,,,,,,,,,,,,,,,,,,,,,,,,,,,,,,,,,,,,,,,,,,,,,,,,,,,,,,
20260901_岐阜_3R,20260901,43,岐阜,3,38.0,197.6,229.9,49.7,309.6,,,15.4,32.3,48.9,6.5,122.7,,,185.1,50.4,91.1,78.8,569.4,,,383.0,150.7,225.1,205.8,1063.6,,,27.9,5.5,31.4,68.1,94.2,,,394.0,344.0,812.0,933.8,286.4,,,,,,,,,,,,,,,,,82.7,338.8,326.7,117.4,434.3,,,208.0,976.8,1058.8,582.2,1241.8,,,410.6,765.4,334.2,720.5,712.8,,,653.9,1141.6,591.8,1185.1,1255.2,,,196.6,533.0,753.1,1028.4,802.2,,,328.8,695.8,618.4,773.0,553.9,,,,,,,,,,,,,,,,,70.6,93.6,117.4,35.7,374.1,,,229.5,864.7,978.9,539.1,1357.3,,,251.8,814.9,546.1,477.4,1638.3,,,493.0,1073.4,855.1,915.5,2346.4,,,97.1,374.7,387.5,533.0,853.6,,,1051.6,1667.6,2066.0,2132.1,1626.9,,,,,,,,,,,,,,,,,101.7,27.7,44.6,71.8,517.6,,,147.2,305.9,192.4,418.7,616.0,,,151.6,505.8,287.8,359.7,1098.6,,,31.8,84.2,74.2,125.3,346.1,,,137.7,459.1,365.6,258.4,943.3,,,1085.9,1103.8,1454.6,999.8,1373.3,,,,,,,,,,,,,,,,,826.4,459.1,356.7,668.9,1961.9,,,1049.2,1472.9,631.8,1723.0,1691.8,,,827.9,1621.3,871.1,1491.8,2918.3,,,230.2,342.3,389.1,387.8,684.6,,,835.3,1655.8,1402.2,674.7,1427.9,,,2653.0,1710.3,3092.3,1511.1,1768.7,,,,,,,,,,,,,,,,,62.3,15.8,69.0,129.7,126.3,,,201.2,411.7,417.2,630.1,480.8,,,75.1,323.8,279.9,515.9,644.0,,,182.9,364.5,308.6,204.5,634.4,,,333.7,747.1,637.0,325.6,874.4,,,262.1,323.8,644.9,568.0,643.1,,,,,,,,,,,,,,,,,722.8,566.6,1632.6,1748.8,467.8,,,454.2,882.6,842.8,924.6,741.1,,,1414.9,1961.9,2579.7,3012.5,2012.6,,,2202.5,1525.9,2523.9,1345.6,2066.0,,,2382.3,1970.2,2796.0,1953.7,1697.9,,,493.0,722.8,1272.3,1365.3,1255.2,,,,,,,,,,,,,,,,,,,,,,,,,,,,,,,,,,,,,,,,,,,,,,,,,,,,,,,,,,,,,,,,,,,,,,,,,,,,,,,,,,,,,,,,,,,,,,,,,,,,,,,,,,,,,,,,,,,,,,,,,,,,,,,,
20260901_岐阜_4R,20260901,43,岐阜,4,21.7,55.3,125.6,67.3,22.6,,,76.6,141.3,242.2,147.4,249.9,,,187.8,191.8,211.1,526.5,346.9,,,539.4,659.7,537.6,1202.7,1381.9,,,225.6,193.8,415.0,789.3,527.1,,,134.7,345.4,442.8,911.7,611.2,,,,,,,,,,,,,,,,,7.9,17.7,49.7,31.2,4.5,,,27.2,121.5,218.4,96.7,53.5,,,55.0,165.5,150.2,342.7,75.5,,,223.7,432.9,314.2,774.1,403.2,,,59.8,75.7,285.7,449.9,70.0,,,11.6,29.6,52.7,110.9,60.7,,,,,,,,,,,,,,,,,77.4,216.9,385.2,190.6,308.3,,,67.5,191.3,291.0,135.9,164.9,,,329.4,315.6,369.0,381.2,723.1,,,801.1,681.2,608.9,865.9,1586.5,,,157.7,118.7,221.3,332.1,333.7,,,599.1,441.6,861.2,1199.7,760.7,,,,,,,,,,,,,,,,,195.0,274.3,253.4,678.3,424.5,,,134.5,250.2,215.7,549.3,243.2,,,419.7,372.1,470.5,590.3,855.1,,,267.0,202.9,294.8,556.9,666.1,,,1156.6,927.5,720.9,1011.1,1944.8,,,1217.9,855.1,1275.9,1279.3,2061.1,,,,,,,,,,,,,,,,,1461.5,2318.8,1069.4,3889.6,3215.4,,,1151.0,1474.9,934.7,2364.2,2009.6,,,2172.5,1618.4,1140.2,2364.2,2995.7,,,859.7,680.2,768.0,1159.4,1692.3,,,3858.4,2923.0,2435.9,1820.0,2264.3,,,3953.3,3194.1,3572.6,2709.6,3326.2,,,,,,,,,,,,,,,,,293.1,279.4,585.3,1170.6,771.6,,,185.6,186.2,599.8,715.5,242.1,,,223.3,148.4,331.2,548.7,423.0,,,1282.7,1041.7,818.8,1060.0,2124.7,,,2341.3,2078.9,1381.9,1336.0,2679.5,,,1170.6,760.7,1030.5,2307.7,1876.6,,,,,,,,,,,,,,,,,255.0,724.1,1332.3,1698.2,1259.2,,,100.3,299.3,471.0,562.1,434.1,,,962.6,710.3,1722.5,2538.4,1618.4,,,2001.2,1314.1,1952.6,2448.2,3372.8,,,3653.8,2870.8,3215.4,3033.4,4230.7,,,1571.0,1032.7,1474.9,3131.8,2399.5,,,,,,,,,,,,,,,,,,,,,,,,,,,,,,,,,,,,,,,,,,,,,,,,,,,,,,,,,,,,,,,,,,,,,,,,,,,,,,,,,,,,,,,,,,,,,,,,,,,,,,,,,,,,,,,,,,,,,,,,,,,,,,,,
20260901_岐阜_5R,20260901,43,岐阜,5,9.6,13.6,42.9,5.3,51.2,,,38.4,61.1,187.7,39.3,223.6,,,32.7,42.7,261.9,44.4,238.3,,,220.7,323.3,563.0,170.0,309.3,,,14.4,27.7,49.6,73.9,104.3,,,188.1,316.8,572.4,228.2,149.4,,,,,,,,,,,,,,,,,23.0,29.3,70.7,16.5,93.6,,,154.2,225.6,763.2,431.9,722.7,,,121.3,161.6,575.7,375.4,552.4,,,532.3,1499.0,1188.9,1814.6,1213.5,,,178.0,506.6,618.9,1206.0,1193.7,,,440.7,1005.3,1024.7,894.8,1433.1,,,,,,,,,,,,,,,,,137.0,119.2,403.6,168.1,509.6,,,188.1,241.9,737.2,591.4,788.8,,,58.2,126.2,199.3,231.9,253.9,,,905.9,1605.8,818.6,1973.5,1308.3,,,532.3,854.4,657.8,1558.8,2307.6,,,1008.8,1546.5,824.3,1140.3,2195.3,,,,,,,,,,,,,,,,,48.2,35.0,272.7,55.6,265.2,,,114.0,136.9,637.8,368.6,569.0,,,28.3,65.0,171.0,96.4,206.9,,,878.7,1122.8,666.8,1495.2,1308.3,,,377.9,677.6,481.6,1571.4,1776.2,,,894.8,1116.4,655.6,1149.3,1723.9,,,,,,,,,,,,,,,,,880.0,1169.9,1554.7,972.0,506.6,,,1059.9,2515.6,1760.1,2930.7,1679.5,,,1398.9,2859.2,1326.1,2930.7,1684.3,,,1655.7,1866.7,1350.5,2640.2,1928.1,,,2548.4,3595.9,3468.3,3987.3,2452.4,,,474.9,1169.9,1061.8,1480.1,1550.6,,,,,,,,,,,,,,,,,178.6,374.2,521.0,1019.3,1012.3,,,285.5,823.2,1244.4,2093.3,2203.5,,,714.8,948.4,847.0,2791.1,3068.8,,,1071.5,1579.9,1226.2,3005.8,3574.0,,,2526.4,3733.4,3856.2,3781.5,3663.4,,,2271.8,2887.4,3468.3,4374.2,2887.4,,,,,,,,,,,,,,,,,462.2,805.1,1181.7,494.6,436.4,,,624.2,1592.7,1502.9,1335.1,1890.7,,,1208.5,1947.3,1149.3,1426.1,2422.0,,,1534.4,1181.7,637.8,1781.5,3117.7,,,430.6,799.6,754.3,930.3,1208.5,,,1814.6,2494.2,2916.1,3468.3,2494.2,,,,,,,,,,,,,,,,,,,,,,,,,,,,,,,,,,,,,,,,,,,,,,,,,,,,,,,,,,,,,,,,,,,,,,,,,,,,,,,,,,,,,,,,,,,,,,,,,,,,,,,,,,,,,,,,,,,,,,,,,,,,,,,,
20260901_岐阜_6R,20260901,43,岐阜,6,19.5,5.3,18.4,35.8,125.8,,,43.8,111.9,22.1,80.6,217.5,,,60.3,252.3,242.5,278.6,595.3,,,48.4,20.4,129.7,31.6,108.5,,,81.1,75.8,200.3,52.4,122.8,,,288.2,449.6,859.0,369.4,327.7,,,,,,,,,,,,,,,,,40.9,10.3,43.8,58.3,165.0,,,102.9,216.6,239.0,468.0,882.9,,,40.1,297.5,329.6,288.6,695.2,,,157.0,308.8,336.9,361.4,933.5,,,177.6,623.4,344.7,484.8,643.5,,,533.2,1699.3,1014.7,1464.7,921.2,,,,,,,,,,,,,,,,,59.6,186.1,44.5,175.4,406.5,,,90.7,185.2,160.9,351.4,805.6,,,581.9,616.8,748.0,1184.6,2236.8,,,43.9,74.4,207.9,92.4,259.1,,,340.5,492.3,816.9,234.7,704.3,,,1075.4,1651.2,2141.1,753.6,1194.7,,,,,,,,,,,,,,,,,262.7,984.7,1020.6,964.3,2201.7,,,225.7,1118.4,1011.7,866.5,1994.7,,,1178.6,1477.0,1663.0,2258.5,3846.9,,,1194.7,1473.9,1699.3,1239.1,3590.4,,,1359.5,1289.3,2029.4,1587.6,3125.6,,,3500.7,3518.3,4118.4,3868.1,3590.4,,,,,,,,,,,,,,,,,134.4,93.2,374.4,138.1,382.1,,,224.6,289.0,414.7,331.5,746.4,,,77.6,125.1,310.8,103.7,273.6,,,745.6,825.6,812.2,766.8,1711.8,,,170.5,257.8,153.1,429.2,223.1,,,630.1,865.4,513.6,1311.1,373.0,,,,,,,,,,,,,,,,,127.8,237.3,386.1,163.6,390.0,,,160.1,439.2,303.2,338.3,524.4,,,299.8,436.2,684.4,205.2,655.5,,,728.5,666.8,1140.2,822.7,1414.4,,,159.1,229.4,136.1,364.8,243.1,,,444.5,456.4,597.9,776.2,283.0,,,,,,,,,,,,,,,,,501.5,1023.6,1411.5,1051.2,800.1,,,481.1,1455.6,597.9,1196.8,691.8,,,1237.0,1818.5,2349.4,706.5,1440.6,,,2713.7,1790.6,3197.0,2734.9,2071.4,,,811.2,951.2,429.7,1333.6,473.7,,,651.9,632.4,872.9,997.3,368.8,,,,,,,,,,,,,,,,,,,,,,,,,,,,,,,,,,,,,,,,,,,,,,,,,,,,,,,,,,,,,,,,,,,,,,,,,,,,,,,,,,,,,,,,,,,,,,,,,,,,,,,,,,,,,,,,,,,,,,,,,,,,,,,,
20260901_岐阜_7R,20260901,43,岐阜,7,36.1,153.2,37.5,75.5,141.7,,,15.6,56.7,7.8,21.3,26.6,,,354.1,264.1,221.6,449.4,511.9,,,29.9,23.8,44.0,66.1,93.5,,,90.3,48.2,205.7,76.9,69.4,,,247.4,105.4,321.1,145.9,110.6,,,,,,,,,,,,,,,,,120.6,165.1,75.5,200.3,188.4,,,234.3,746.8,304.6,634.6,976.0,,,573.1,1131.8,228.4,996.0,909.3,,,53.4,145.4,38.3,169.0,147.6,,,381.0,663.8,592.5,250.2,256.7,,,762.4,1242.3,876.6,534.6,562.1,,,,,,,,,,,,,,,,,76.8,142.1,37.0,100.9,100.9,,,207.3,993.4,353.8,643.3,1037.5,,,629.8,1650.6,977.7,1679.0,2031.8,,,186.9,344.2,431.3,580.2,632.9,,,301.5,747.3,968.8,579.9,686.4,,,579.3,1537.8,1723.6,937.0,963.2,,,,,,,,,,,,,,,,,1142.9,988.4,754.0,1406.6,1669.5,,,1126.4,2104.9,572.8,1906.0,2007.4,,,1274.8,2606.5,1441.2,2715.3,2820.0,,,507.7,302.5,804.9,843.7,1022.1,,,1577.2,2369.0,2766.7,1512.0,1625.4,,,1986.9,3392.2,3241.9,2024.7,1646.0,,,,,,,,,,,,,,,,,58.5,75.6,53.1,109.3,195.0,,,50.8,116.0,25.3,115.0,163.5,,,163.0,237.2,271.7,419.3,476.7,,,68.3,41.9,164.6,125.8,182.1,,,213.3,234.8,410.7,207.6,188.3,,,402.1,439.9,609.2,363.2,373.7,,,,,,,,,,,,,,,,,175.4,92.4,328.0,147.8,118.0,,,266.2,467.7,547.9,128.5,215.3,,,232.6,492.3,792.3,433.4,437.8,,,720.6,1032.9,1283.2,757.0,655.2,,,178.3,193.7,334.4,188.8,155.0,,,79.6,146.8,190.9,180.8,94.0,,,,,,,,,,,,,,,,,639.5,401.0,813.2,431.6,252.4,,,990.9,1573.0,2167.2,746.3,607.6,,,674.1,1749.3,1600.9,947.6,739.3,,,1721.0,2354.7,2423.0,1789.4,1351.4,,,615.9,698.7,941.5,1002.8,433.7,,,185.6,393.3,329.7,471.9,220.1,,,,,,,,,,,,,,,,,,,,,,,,,,,,,,,,,,,,,,,,,,,,,,,,,,,,,,,,,,,,,,,,,,,,,,,,,,,,,,,,,,,,,,,,,,,,,,,,,,,,,,,,,,,,,,,,,,,,,,,,,,,,,,,,
20260901_松阪_1R,20260901,47,松阪,1,112.2,94.8,69.2,33.8,,,,262.3,494.4,497.3,337.8,,,,90.1,294.6,284.8,127.6,,,,179.0,409.3,506.3,199.4,,,,50.0,187.9,176.6,120.8,,,,,,,,,,,,,,,,,,,,,,,,,131.0,107.8,57.6,28.4,,,,222.1,366.9,90.4,76.9,,,,170.2,396.6,271.9,137.8,,,,51.5,42.9,222.2,15.6,,,,14.2,21.0,70.6,2.9,,,,,,,,,,,,,,,,,,,,,,,,,614.2,1103.5,825.9,663.2,,,,694.7,1253.5,340.8,347.4,,,,1490.4,1462.0,1760.6,1630.0,,,,1071.5,619.5,1830.5,878.6,,,,777.8,448.2,1469.0,738.0,,,,,,,,,,,,,,,,,,,,,,,,,127.0,461.9,346.3,169.7,,,,179.1,353.2,266.6,162.0,,,,984.6,760.5,1459.7,963.0,,,,829.6,608.1,1267.2,817.8,,,,262.5,178.3,639.3,398.6,,,,,,,,,,,,,,,,,,,,,,,,,241.1,595.2,864.6,319.7,,,,193.7,191.9,504.9,73.7,,,,732.7,460.3,1299.4,634.5,,,,1277.8,1153.2,1579.7,1235.0,,,,316.1,111.7,360.2,879.4,,,,,,,,,,,,,,,,,,,,,,,,,47.1,180.5,169.0,91.4,,,,21.8,29.9,80.6,7.0,,,,436.6,217.8,762.4,347.3,,,,248.6,181.8,569.1,298.8,,,,147.9,59.1,212.8,452.9,,,,,,,,,,,,,,,,,,,,,,,,,,,,,,,,,,,,,,,,,,,,,,,,,,,,,,,,,,,,,,,,,,,,,,,,,,,,,,,,,,,,,,,,,,,,,,,,,,,,,,,,,,,,,,,,,,,,,,,,,,,,,,,,,,,,,,,,,,,,,,,,,,,,,,,,,,,,,,,,,,,,,,,,,,,,,,,,,,,,,,,,,,,,,,,,
20260901_松阪_2R,20260901,47,松阪,2,254.0,449.5,292.3,701.0,,,,151.5,153.2,79.1,435.4,,,,236.0,114.9,68.7,234.9,,,,123.9,53.5,34.4,219.9,,,,1515.5,1072.2,861.2,735.1,,,,,,,,,,,,,,,,,,,,,,,,,464.9,896.8,497.3,1466.4,,,,278.8,293.2,45.1,320.4,,,,1282.6,658.4,857.1,1439.1,,,,375.7,63.9,475.1,432.6,,,,1778.9,953.5,1739.0,1039.4,,,,,,,,,,,,,,,,,,,,,,,,,139.1,168.0,65.1,369.1,,,,90.0,107.4,15.8,146.6,,,,322.7,264.6,152.9,403.7,,,,15.3,3.9,31.4,71.6,,,,669.0,376.7,497.3,277.1,,,,,,,,,,,,,,,,,,,,,,,,,390.9,189.2,181.1,345.1,,,,692.0,532.9,893.8,1156.8,,,,298.6,304.1,281.5,528.8,,,,267.2,640.5,305.3,714.8,,,,631.6,1373.6,853.1,1216.5,,,,,,,,,,,,,,,,,,,,,,,,,73.4,35.4,22.9,158.6,,,,107.3,26.8,150.7,169.8,,,,13.3,4.1,29.2,66.5,,,,85.1,267.4,129.1,323.9,,,,374.4,350.5,265.3,434.0,,,,,,,,,,,,,,,,,,,,,,,,,1595.8,1184.6,955.2,974.1,,,,1706.2,859.8,1439.1,1431.6,,,,963.7,653.7,733.2,564.0,,,,1159.3,1545.8,1006.6,1139.8,,,,744.2,1055.5,548.0,836.0,,,,,,,,,,,,,,,,,,,,,,,,,,,,,,,,,,,,,,,,,,,,,,,,,,,,,,,,,,,,,,,,,,,,,,,,,,,,,,,,,,,,,,,,,,,,,,,,,,,,,,,,,,,,,,,,,,,,,,,,,,,,,,,,,,,,,,,,,,,,,,,,,,,,,,,,,,,,,,,,,,,,,,,,,,,,,,,,,,,,,,,,,,,,,,,,
20260901_松阪_3R,20260901,47,松阪,3,107.1,118.9,85.3,116.5,104.8,,,46.3,12.6,50.1,252.0,33.2,,,52.3,17.9,103.9,376.6,55.3,,,70.9,91.3,119.5,353.1,110.8,,,551.3,888.7,724.0,1039.0,950.8,,,33.0,31.3,35.7,51.8,216.5,,,,,,,,,,,,,,,,,258.2,341.8,149.1,171.6,151.4,,,253.8,197.8,188.5,281.2,520.5,,,439.7,243.0,315.9,458.1,490.2,,,77.0,106.7,128.4,32.0,113.8,,,265.3,328.5,331.7,95.1,354.8,,,156.2,529.8,501.4,222.2,291.7,,,,,,,,,,,,,,,,,81.9,20.5,89.5,360.4,49.1,,,157.5,119.7,139.6,227.4,285.6,,,17.6,41.1,57.0,288.2,41.4,,,183.3,151.8,185.6,737.8,392.7,,,1247.3,854.1,903.0,1247.3,2082.3,,,73.6,180.7,92.6,222.7,891.9,,,,,,,,,,,,,,,,,259.2,73.3,318.1,988.0,226.4,,,380.6,204.5,433.6,681.9,690.3,,,49.9,84.1,118.3,446.3,122.2,,,377.4,385.2,294.1,696.0,762.3,,,2108.4,1755.8,1361.9,1983.9,3428.0,,,383.8,669.2,312.0,799.8,1719.8,,,,,,,,,,,,,,,,,114.3,206.6,231.7,437.0,181.2,,,64.3,109.2,88.0,35.9,89.1,,,198.4,171.8,284.0,799.8,634.6,,,271.5,212.4,276.1,384.0,440.4,,,1150.5,332.8,1499.7,784.9,831.5,,,225.9,325.5,689.3,566.8,742.1,,,,,,,,,,,,,,,,,2470.2,2964.2,3732.8,3936.9,3272.2,,,1574.7,1508.7,2031.9,581.9,2532.3,,,2863.2,2200.5,2073.7,4581.1,5726.4,,,4130.5,3072.7,2652.2,2249.6,5249.2,,,3523.9,936.6,3846.7,2738.7,3149.5,,,3054.1,3967.9,6809.8,5599.2,3999.4,,,,,,,,,,,,,,,,,68.2,86.3,126.7,88.8,339.3,,,165.8,551.3,792.3,328.5,575.9,,,153.4,328.7,324.2,446.7,1806.1,,,371.9,823.4,477.6,1001.8,2117.3,,,210.4,337.0,699.9,1065.3,1464.9,,,1340.2,1674.1,3876.3,3999.4,2470.2,,,,,,,,,,,,,,,,,,,,,,,,,,,,,,,,,,,,,,,,,,,,,,,,,,,,,,,,,,,,,,,,,,,,,,,,,,,,,,,,,,,,,,,,,,,,,,,,,,,,,,,,,,,,,,,,,,,,,,,,,,,,,,,,
20260901_松阪_4R,20260901,47,松阪,4,422.2,65.9,190.0,438.5,130.3,,,1431.8,1695.9,2673.7,1838.7,1617.4,,,81.9,511.7,107.0,491.1,158.4,,,779.8,1718.2,441.4,1752.6,1069.4,,,1193.7,2087.8,1238.8,1985.0,1770.4,,,179.6,482.5,312.1,653.4,956.2,,,,,,,,,,,,,,,,,138.8,20.5,92.0,186.2,43.9,,,462.1,394.6,719.8,547.0,112.9,,,29.9,159.2,47.0,154.9,35.2,,,266.9,659.1,222.7,452.1,249.6,,,518.3,641.4,399.4,684.1,296.4,,,15.4,8.8,7.8,53.8,68.1,,,,,,,,,,,,,,,,,2329.1,2633.4,3295.9,2620.2,2308.5,,,1480.3,1196.4,1735.2,1597.7,404.6,,,2230.0,1637.6,2239.5,1891.8,1476.2,,,3664.6,2543.9,2673.7,2802.4,2382.0,,,2594.3,1845.2,1955.4,2308.5,1602.6,,,1690.4,336.1,1115.0,1096.3,1164.5,,,,,,,,,,,,,,,,,46.0,228.1,31.3,207.0,61.5,,,52.8,202.6,53.2,201.4,37.6,,,649.3,524.5,478.5,571.4,416.2,,,35.5,57.9,124.8,48.1,38.9,,,373.5,447.5,678.8,269.0,363.1,,,121.1,64.5,122.6,98.6,258.9,,,,,,,,,,,,,,,,,1493.0,2646.7,625.3,1776.4,1612.4,,,1098.6,2055.1,609.3,1588.0,807.4,,,3517.1,2758.1,2047.0,2519.4,2817.4,,,200.4,320.5,605.1,202.6,225.5,,,2039.1,2000.1,2350.0,889.7,1690.4,,,1177.6,965.1,1416.3,695.0,1094.0,,,,,,,,,,,,,,,,,977.7,1838.7,888.2,1782.4,1281.2,,,721.8,781.0,538.0,911.3,361.1,,,2138.9,1265.8,1141.7,1770.4,1196.4,,,543.6,284.5,369.8,266.4,264.1,,,1813.3,1439.7,1752.6,774.0,1199.2,,,671.8,212.9,319.1,288.0,374.5,,,,,,,,,,,,,,,,,116.3,393.4,239.5,550.4,696.8,,,31.2,16.9,20.1,103.4,91.1,,,493.4,88.6,339.6,599.6,423.6,,,225.6,91.1,282.0,306.6,438.1,,,761.7,349.6,706.2,530.9,1065.1,,,988.7,336.1,639.0,654.2,990.6,,,,,,,,,,,,,,,,,,,,,,,,,,,,,,,,,,,,,,,,,,,,,,,,,,,,,,,,,,,,,,,,,,,,,,,,,,,,,,,,,,,,,,,,,,,,,,,,,,,,,,,,,,,,,,,,,,,,,,,,,,,,,,,,
20260901_松阪_5R,20260901,47,松阪,5,620.7,233.6,636.2,465.8,588.2,,,761.5,765.1,1101.5,358.9,576.3,,,261.5,781.2,432.9,637.9,666.0,,,810.0,1389.5,675.3,1525.4,1224.2,,,412.9,334.4,463.6,832.3,496.9,,,616.0,570.2,612.1,854.3,619.1,,,,,,,,,,,,,,,,,198.8,76.2,218.4,202.7,257.7,,,198.4,91.2,350.1,119.2,241.6,,,17.3,16.3,3.6,19.8,24.8,,,220.8,335.8,44.1,327.1,326.7,,,138.5,61.4,39.7,182.6,166.6,,,266.8,336.7,107.4,406.3,350.9,,,,,,,,,,,,,,,,,664.2,583.3,978.8,229.6,418.6,,,595.5,339.5,902.1,271.2,689.8,,,747.4,461.4,746.2,415.7,897.1,,,1570.0,1650.4,1296.4,1022.3,1673.2,,,116.6,142.3,132.4,336.9,153.7,,,536.7,907.2,803.2,1366.0,355.0,,,,,,,,,,,,,,,,,121.4,582.6,245.0,476.4,504.2,,,32.3,61.1,11.1,55.3,86.7,,,693.7,222.2,579.8,504.7,897.1,,,137.2,50.7,389.3,327.8,337.9,,,409.4,138.0,383.1,289.7,604.4,,,801.9,384.0,1176.5,515.5,1003.2,,,,,,,,,,,,,,,,,808.6,2023.3,893.8,1926.5,1525.4,,,840.9,1282.6,190.0,959.4,1256.0,,,2168.4,2084.3,1590.6,1934.2,2405.8,,,542.1,160.9,953.7,785.0,822.3,,,2049.0,828.0,1903.8,1033.2,1696.7,,,1817.9,1116.7,2572.1,1580.2,2120.9,,,,,,,,,,,,,,,,,225.0,156.1,226.9,434.4,212.8,,,140.1,89.0,36.7,175.2,206.3,,,56.8,57.1,45.9,171.3,71.2,,,193.0,69.2,130.4,141.3,252.7,,,697.7,439.2,557.7,368.5,753.2,,,367.4,373.4,266.8,406.3,584.0,,,,,,,,,,,,,,,,,795.3,712.1,703.8,1033.2,691.8,,,795.3,826.6,485.0,1173.7,921.0,,,724.9,887.2,971.0,1401.6,612.8,,,795.3,578.4,1129.8,797.9,1081.8,,,1590.6,1817.9,2057.7,1328.4,1797.6,,,721.7,800.6,610.5,942.6,1236.7,,,,,,,,,,,,,,,,,,,,,,,,,,,,,,,,,,,,,,,,,,,,,,,,,,,,,,,,,,,,,,,,,,,,,,,,,,,,,,,,,,,,,,,,,,,,,,,,,,,,,,,,,,,,,,,,,,,,,,,,,,,,,,,,
20260901_松阪_6R,20260901,47,松阪,6,1595.3,1142.6,1550.7,3644.7,2333.3,,,1180.4,614.9,257.9,1835.7,1270.5,,,1102.2,709.2,575.2,2133.9,819.9,,,971.4,221.6,402.0,1658.9,842.0,,,3516.4,3082.3,2990.0,2209.4,2954.6,,,1863.1,1905.8,1140.0,1513.1,2389.1,,,,,,,,,,,,,,,,,1280.3,919.5,1145.2,2641.9,1704.2,,,746.3,197.1,267.8,1104.7,658.7,,,427.8,123.9,118.8,295.2,70.9,,,575.2,302.0,305.0,1508.5,760.0,,,3026.2,2435.7,1090.2,2521.8,1490.5,,,1324.4,996.6,251.3,859.4,564.2,,,,,,,,,,,,,,,,,385.5,215.4,105.8,919.5,487.6,,,300.2,82.8,104.3,570.6,293.5,,,73.9,47.6,24.7,188.8,33.6,,,16.8,49.4,10.9,193.1,57.0,,,1733.7,1580.1,876.0,840.6,1140.0,,,440.3,319.8,119.3,161.9,522.3,,,,,,,,,,,,,,,,,412.6,378.5,293.3,810.6,275.5,,,155.6,56.9,36.0,67.7,13.4,,,118.5,64.4,43.0,211.1,42.8,,,111.0,53.8,51.4,115.8,29.4,,,880.6,356.6,659.6,453.5,247.6,,,97.6,14.3,45.1,16.2,31.6,,,,,,,,,,,,,,,,,328.5,71.9,129.5,743.0,350.1,,,377.7,206.0,221.0,1014.9,493.4,,,22.9,70.3,24.7,278.3,86.6,,,107.2,100.8,58.8,375.7,84.4,,,1752.0,2219.2,1166.6,1147.8,1223.8,,,551.1,530.6,309.1,192.2,682.1,,,,,,,,,,,,,,,,,4710.6,4380.1,3516.4,4304.5,3962.9,,,4026.8,3221.5,1721.8,3698.7,2333.3,,,3870.8,3328.8,1877.1,2656.0,3120.8,,,3044.7,1486.1,2071.9,1522.3,979.0,,,3420.0,3931.7,2656.0,1997.3,2229.1,,,2743.5,1631.8,2684.5,942.1,1863.1,,,,,,,,,,,,,,,,,1721.8,1468.6,660.4,1356.8,1835.7,,,1119.5,856.4,248.4,601.6,594.4,,,1254.6,901.3,350.9,455.1,1060.1,,,263.6,95.6,206.8,74.5,116.4,,,761.1,559.1,424.9,137.4,287.9,,,1375.5,822.6,1353.2,456.4,798.9,,,,,,,,,,,,,,,,,,,,,,,,,,,,,,,,,,,,,,,,,,,,,,,,,,,,,,,,,,,,,,,,,,,,,,,,,,,,,,,,,,,,,,,,,,,,,,,,,,,,,,,,,,,,,,,,,,,,,,,,,,,,,,,,
20260901_松阪_7R,20260901,47,松阪,7,534.6,655.4,250.1,1047.8,289.0,,,242.9,267.8,67.8,187.6,35.4,,,653.7,396.2,259.8,1011.5,206.1,,,93.8,78.3,155.5,314.9,38.7,,,1495.6,340.8,1749.9,787.0,319.7,,,83.3,11.5,68.4,13.0,106.1,,,,,,,,,,,,,,,,,842.6,1220.8,352.8,1738.3,514.6,,,1610.3,2536.1,1174.4,2116.8,2224.4,,,1322.3,2134.0,458.4,1418.8,1204.0,,,147.2,409.8,167.4,281.0,219.1,,,2375.4,2354.1,1848.5,1047.8,2215.0,,,609.7,1470.5,990.5,365.5,1610.3,,,,,,,,,,,,,,,,,542.3,730.1,275.7,511.1,150.4,,,1332.4,2523.9,1315.7,1937.1,1773.5,,,1422.7,2488.0,1252.9,3106.3,1422.7,,,484.2,766.3,1146.2,1302.6,572.4,,,846.7,2476.3,3749.8,1881.6,1861.6,,,189.1,763.0,816.4,401.3,891.3,,,,,,,,,,,,,,,,,857.8,676.5,330.7,1535.0,316.8,,,965.0,1635.4,390.3,1249.9,879.3,,,1322.3,2151.5,1098.2,2720.0,992.3,,,179.8,149.9,413.3,446.7,137.8,,,2354.1,2034.7,3220.7,1198.5,2224.4,,,227.2,315.3,514.6,107.5,874.9,,,,,,,,,,,,,,,,,55.3,120.9,111.3,303.6,54.9,,,35.2,123.6,34.7,74.5,50.8,,,295.7,348.5,562.0,867.7,396.8,,,75.5,45.8,206.0,207.4,73.1,,,709.4,454.9,1107.5,626.4,689.8,,,39.8,49.1,160.7,57.9,268.9,,,,,,,,,,,,,,,,,1773.5,1035.4,1973.5,1187.7,777.7,,,2125.4,2187.4,1810.2,1204.0,2302.5,,,1539.5,2343.6,2678.4,2302.5,2333.2,,,2386.2,1816.5,2822.4,1161.4,1635.4,,,1069.2,892.8,1620.3,1045.7,1109.8,,,793.0,1625.3,1829.1,1299.4,1102.8,,,,,,,,,,,,,,,,,70.8,10.9,43.4,9.1,116.3,,,216.3,500.4,303.1,124.5,467.4,,,72.8,375.5,316.0,156.7,489.7,,,82.9,151.2,149.1,32.6,320.4,,,22.5,26.9,64.9,25.3,182.7,,,335.0,932.4,857.8,830.6,539.5,,,,,,,,,,,,,,,,,,,,,,,,,,,,,,,,,,,,,,,,,,,,,,,,,,,,,,,,,,,,,,,,,,,,,,,,,,,,,,,,,,,,,,,,,,,,,,,,,,,,,,,,,,,,,,,,,,,,,,,,,,,,,,,,
20260901_和歌山_1R,20260901,55,和歌山,1,139.4,37.0,25.1,90.0,61.5,,,274.2,429.2,308.9,960.4,264.2,,,49.2,255.0,66.7,105.0,162.5,,,35.3,167.3,48.2,160.9,86.5,,,280.1,1128.8,394.2,406.6,863.8,,,132.8,197.6,276.3,152.4,590.2,,,,,,,,,,,,,,,,,63.2,26.3,16.3,76.5,48.4,,,111.8,210.3,334.6,383.7,124.9,,,12.8,72.0,18.3,8.2,35.1,,,43.9,247.0,67.3,175.5,127.8,,,191.7,573.7,48.9,295.5,341.0,,,122.3,112.9,138.6,187.9,376.6,,,,,,,,,,,,,,,,,175.9,1667.5,1116.1,2088.2,659.7,,,161.9,568.5,901.9,1329.5,341.0,,,1538.4,862.7,1958.7,1555.6,1127.0,,,1683.7,1632.3,2406.1,3698.7,1598.5,,,3234.2,2173.0,2861.6,3906.5,2594.6,,,351.3,272.4,575.1,664.1,1076.4,,,,,,,,,,,,,,,,,49.8,451.8,135.5,121.6,273.5,,,19.9,95.9,37.4,14.1,52.5,,,803.8,445.1,1498.6,1013.6,703.8,,,263.7,164.4,1089.9,399.6,573.2,,,178.6,46.8,620.8,310.8,393.7,,,446.6,217.1,592.3,856.3,658.4,,,,,,,,,,,,,,,,,102.5,428.7,158.1,456.2,270.6,,,139.7,774.3,210.9,646.8,459.9,,,1136.2,1524.9,2051.2,3104.3,1628.5,,,354.6,293.7,1489.0,778.6,938.4,,,1379.7,1350.2,3621.7,1489.0,2033.2,,,857.4,1015.1,1628.5,1548.7,2193.6,,,,,,,,,,,,,,,,,716.1,2946.4,1084.8,1102.0,2365.2,,,611.5,1416.2,120.7,1079.7,1047.2,,,4486.2,2633.9,2971.6,5002.6,3799.8,,,608.3,102.7,1725.4,858.4,1454.7,,,1562.6,1773.9,4896.9,1986.7,3295.6,,,2716.3,1958.7,2815.2,3511.9,3698.7,,,,,,,,,,,,,,,,,334.9,390.8,855.3,453.0,1442.6,,,369.2,348.7,442.0,727.3,1069.8,,,291.6,292.0,716.1,666.0,1143.7,,,1027.1,614.8,1134.3,1566.1,1605.9,,,916.1,1178.5,1186.6,1764.9,2604.3,,,2861.6,1778.4,3010.2,3219.3,2921.7,,,,,,,,,,,,,,,,,,,,,,,,,,,,,,,,,,,,,,,,,,,,,,,,,,,,,,,,,,,,,,,,,,,,,,,,,,,,,,,,,,,,,,,,,,,,,,,,,,,,,,,,,,,,,,,,,,,,,,,,,,,,,,,,
20260901_和歌山_2R,20260901,55,和歌山,2,160.0,1062.7,282.7,1497.1,232.5,,,120.2,310.4,68.1,574.1,55.2,,,800.5,370.9,209.8,585.2,200.4,,,64.9,25.5,105.1,229.0,6.5,,,1737.1,909.3,1024.5,705.7,526.7,,,67.2,26.2,130.4,9.3,236.1,,,,,,,,,,,,,,,,,132.5,1110.6,486.5,1598.7,240.8,,,94.9,729.4,342.1,606.9,109.0,,,1726.0,1020.6,1771.1,1426.2,1895.0,,,746.5,481.3,1818.7,2100.7,615.8,,,2929.6,1201.7,1875.3,2994.3,2605.6,,,568.7,383.0,1800.6,691.3,2100.7,,,,,,,,,,,,,,,,,91.5,310.4,74.3,457.3,63.3,,,77.9,476.6,239.1,483.9,94.3,,,353.0,538.7,282.7,330.4,333.1,,,118.0,266.4,300.9,505.1,108.7,,,811.3,815.0,492.2,697.5,719.7,,,99.9,187.7,307.2,103.3,454.3,,,,,,,,,,,,,,,,,388.7,165.9,76.0,222.2,76.6,,,811.3,450.1,861.6,632.4,811.3,,,231.6,300.7,209.4,177.7,196.8,,,73.8,495.8,147.8,171.8,107.5,,,150.2,251.0,92.3,164.9,191.8,,,106.5,518.1,211.2,127.4,350.5,,,,,,,,,,,,,,,,,138.6,47.5,103.9,231.6,15.4,,,492.2,317.1,1163.0,1594.0,383.0,,,117.5,179.0,276.5,433.9,81.0,,,146.8,751.7,219.5,221.5,235.6,,,628.0,1788.7,660.9,665.8,673.2,,,34.0,224.5,70.0,218.4,382.7,,,,,,,,,,,,,,,,,2723.5,1243.0,1009.2,1348.2,1094.9,,,3132.8,1411.4,1201.7,3542.3,3325.0,,,1325.1,1170.5,484.3,1430.0,1243.0,,,515.1,756.9,326.4,546.9,697.5,,,1299.7,3027.8,1240.2,871.3,1263.3,,,1468.7,3325.0,1393.2,1422.5,1557.4,,,,,,,,,,,,,,,,,93.9,37.6,184.3,19.2,287.2,,,327.8,297.9,1334.9,409.0,1518.1,,,76.1,135.6,318.8,92.9,399.3,,,293.7,1071.1,414.0,385.7,787.7,,,33.0,224.1,70.2,286.3,412.1,,,785.4,1613.0,802.9,1365.1,819.9,,,,,,,,,,,,,,,,,,,,,,,,,,,,,,,,,,,,,,,,,,,,,,,,,,,,,,,,,,,,,,,,,,,,,,,,,,,,,,,,,,,,,,,,,,,,,,,,,,,,,,,,,,,,,,,,,,,,,,,,,,,,,,,,
20260901_和歌山_3R,20260901,55,和歌山,3,16.9,44.3,14.9,11.5,12.8,,,37.8,128.6,54.2,85.3,44.7,,,46.5,103.4,64.0,154.3,32.3,,,15.7,32.7,35.9,66.9,5.3,,,84.7,145.4,367.2,252.7,181.4,,,20.7,37.4,54.2,22.2,94.1,,,,,,,,,,,,,,,,,88.7,98.8,71.4,75.8,67.2,,,265.1,716.0,723.9,392.3,487.5,,,246.2,718.0,618.8,613.7,504.2,,,200.1,621.7,567.6,575.6,357.5,,,139.7,239.1,455.1,413.1,362.7,,,167.8,417.7,545.3,399.1,534.9,,,,,,,,,,,,,,,,,210.4,457.9,145.3,424.1,245.9,,,356.6,1065.4,1032.1,603.9,734.0,,,962.6,1809.8,2139.6,2516.5,2402.1,,,662.2,1476.2,2001.8,2202.0,1358.5,,,1046.4,873.5,2565.4,2317.9,1921.7,,,561.6,999.0,1942.9,1409.2,1677.7,,,,,,,,,,,,,,,,,294.2,701.8,441.8,1171.7,413.8,,,460.3,1874.0,1527.4,1950.1,1317.9,,,1443.9,2616.2,3366.1,4296.5,3914.6,,,840.1,1887.4,2856.6,3973.5,1874.0,,,2781.4,2968.9,3914.6,5181.1,5392.6,,,816.8,1321.2,3695.6,1749.9,4404.0,,,,,,,,,,,,,,,,,85.1,165.5,134.7,333.2,28.6,,,225.8,1362.0,1190.2,1351.6,535.4,,,626.1,2369.8,3262.2,3570.8,1591.8,,,461.1,1383.4,2516.5,2968.9,999.0,,,1656.6,2841.2,4096.7,4555.8,2985.7,,,136.2,613.7,1273.4,1117.2,2040.4,,,,,,,,,,,,,,,,,483.0,1080.7,1744.1,1527.4,1344.7,,,427.9,652.4,1365.5,1436.0,1131.6,,,1591.8,1103.3,3222.4,4034.2,2796.1,,,3303.0,2952.4,4096.7,5682.5,5033.1,,,2655.6,3090.5,4893.3,4595.4,3829.5,,,2097.1,1641.2,2968.9,5448.2,3885.8,,,,,,,,,,,,,,,,,188.8,356.1,447.4,251.0,730.9,,,286.9,786.4,952.2,712.2,991.5,,,644.4,1122.0,2328.1,1667.1,2122.4,,,864.9,1428.3,2781.4,2139.6,3476.8,,,379.3,828.3,1626.0,1921.7,2682.6,,,1699.2,1324.5,2682.6,3644.7,2424.2,,,,,,,,,,,,,,,,,,,,,,,,,,,,,,,,,,,,,,,,,,,,,,,,,,,,,,,,,,,,,,,,,,,,,,,,,,,,,,,,,,,,,,,,,,,,,,,,,,,,,,,,,,,,,,,,,,,,,,,,,,,,,,,,
20260901_和歌山_4R,20260901,55,和歌山,4,242.4,666.7,128.2,291.8,120.9,,,465.7,1376.6,414.5,442.0,480.0,,,1730.9,2530.4,1795.2,2518.4,1459.8,,,126.1,200.2,686.5,241.1,174.6,,,484.4,502.2,1562.9,426.1,589.7,,,120.7,363.9,606.6,258.5,473.6,,,,,,,,,,,,,,,,,61.9,198.8,43.4,85.9,37.5,,,122.7,363.2,205.9,178.1,93.9,,,600.4,774.6,967.9,954.0,214.0,,,30.5,145.7,400.1,142.0,50.3,,,186.1,244.7,668.4,257.3,160.1,,,6.8,15.3,10.2,13.7,26.2,,,,,,,,,,,,,,,,,689.2,1681.6,632.6,632.6,719.0,,,493.3,1155.1,564.7,525.0,325.6,,,2841.6,2630.6,2753.3,2020.4,1851.5,,,866.8,937.1,2232.7,1213.2,1071.3,,,529.8,502.2,1010.2,677.7,610.0,,,634.8,323.0,794.3,834.2,722.9,,,,,,,,,,,,,,,,,2643.7,4151.4,3566.3,4087.6,2195.8,,,2168.9,2739.1,3384.6,3019.2,585.2,,,4087.6,3542.6,4702.5,2952.1,2739.1,,,3590.4,3822.9,5209.7,4184.1,3519.1,,,4184.1,3450.5,2919.7,4391.6,3036.5,,,1753.7,500.8,1630.0,1789.1,2083.8,,,,,,,,,,,,,,,,,103.0,215.6,671.7,258.3,140.7,,,102.5,286.1,929.0,347.5,179.3,,,487.5,675.2,1747.9,836.8,890.1,,,1845.1,2483.1,3240.1,2617.6,2223.3,,,607.3,722.9,950.6,1625.0,899.1,,,230.6,157.4,404.4,585.8,510.4,,,,,,,,,,,,,,,,,509.9,557.5,1496.8,551.2,655.2,,,338.8,431.3,1006.4,383.3,299.7,,,459.2,454.9,793.1,694.6,555.2,,,2280.6,1864.5,1610.2,2753.3,1807.4,,,606.6,687.4,976.8,1813.6,962.6,,,477.8,256.4,498.0,607.9,631.1,,,,,,,,,,,,,,,,,66.5,192.1,291.3,171.9,308.7,,,11.7,14.4,10.1,25.1,43.2,,,266.7,108.4,354.9,423.7,364.7,,,341.5,99.0,342.3,525.6,476.5,,,175.7,88.1,282.3,357.5,433.0,,,415.1,170.0,394.4,510.4,524.0,,,,,,,,,,,,,,,,,,,,,,,,,,,,,,,,,,,,,,,,,,,,,,,,,,,,,,,,,,,,,,,,,,,,,,,,,,,,,,,,,,,,,,,,,,,,,,,,,,,,,,,,,,,,,,,,,,,,,,,,,,,,,,,,
20260901_和歌山_5R,20260901,55,和歌山,5,101.3,245.8,219.2,387.1,491.4,,,63.7,40.9,33.8,183.8,124.5,,,197.9,58.2,116.8,407.7,330.2,,,215.7,60.6,170.1,430.6,305.3,,,555.9,380.6,529.4,577.4,829.0,,,485.0,251.1,541.5,433.1,860.5,,,,,,,,,,,,,,,,,218.9,366.9,323.4,632.0,464.3,,,155.8,201.4,138.9,334.4,264.1,,,375.7,262.7,367.7,634.4,635.1,,,317.2,190.8,375.1,561.9,506.7,,,969.2,614.9,995.1,880.8,1293.9,,,704.6,471.9,770.2,599.3,1227.0,,,,,,,,,,,,,,,,,48.8,32.9,18.1,128.0,75.4,,,60.8,89.5,50.4,146.5,113.7,,,39.5,74.8,36.9,169.4,115.5,,,15.8,32.0,29.0,89.0,36.9,,,230.9,216.1,264.0,183.6,385.7,,,92.6,111.4,139.2,53.6,264.7,,,,,,,,,,,,,,,,,145.1,71.2,106.7,237.0,230.4,,,153.6,115.3,153.8,258.7,279.6,,,42.5,70.0,59.8,144.7,127.0,,,97.9,149.7,83.0,275.3,294.6,,,301.7,326.7,245.5,343.0,481.9,,,302.3,346.2,246.5,354.9,518.3,,,,,,,,,,,,,,,,,155.6,69.6,163.8,300.3,224.0,,,160.6,89.6,190.0,304.7,292.4,,,33.9,49.2,58.5,115.6,65.4,,,171.5,190.8,95.0,371.9,320.9,,,462.7,434.9,265.7,462.7,593.2,,,250.1,279.3,112.8,346.0,490.5,,,,,,,,,,,,,,,,,1138.5,766.8,1169.2,1146.1,1639.8,,,1143.5,774.8,1193.3,1032.6,1561.3,,,677.2,673.7,750.3,596.6,1051.3,,,1081.9,1028.5,761.2,955.0,1417.0,,,1081.9,1090.9,691.6,1042.9,1310.2,,,1773.7,1709.7,1238.6,1687.6,1552.0,,,,,,,,,,,,,,,,,436.3,208.7,459.0,359.1,736.5,,,418.5,238.4,514.7,388.2,746.0,,,124.9,141.0,173.7,79.9,315.2,,,454.2,532.1,268.8,456.6,781.8,,,247.3,263.6,111.2,331.7,458.6,,,962.1,731.3,586.5,1062.0,757.9,,,,,,,,,,,,,,,,,,,,,,,,,,,,,,,,,,,,,,,,,,,,,,,,,,,,,,,,,,,,,,,,,,,,,,,,,,,,,,,,,,,,,,,,,,,,,,,,,,,,,,,,,,,,,,,,,,,,,,,,,,,,,,,,
20260901_和歌山_6R,20260901,55,和歌山,6,280.8,168.4,245.2,141.6,72.6,,,313.0,128.6,274.1,120.1,75.2,,,76.3,79.7,48.0,23.1,12.8,,,209.4,224.8,70.9,57.8,36.5,,,64.0,81.3,23.1,44.2,10.6,,,33.3,37.9,6.7,18.2,4.4,,,,,,,,,,,,,,,,,2488.0,2018.7,2018.7,1469.5,1436.1,,,3756.7,6596.1,8103.7,6673.7,7464.0,,,3033.5,6302.9,7003.2,5402.5,5561.4,,,2794.4,8342.1,8342.1,7563.5,8466.6,,,3756.7,7090.8,6520.2,9004.2,6302.9,,,1916.4,7003.2,4848.4,7272.6,5204.2,,,,,,,,,,,,,,,,,2260.0,1386.9,1331.6,951.7,567.8,,,2638.4,6233.6,5351.5,5507.4,5788.4,,,2093.2,5616.4,5252.4,3480.1,3336.8,,,1897.2,5616.4,6673.7,6165.9,5454.4,,,1244.0,4932.7,3417.2,4502.1,2740.4,,,680.1,4976.0,2353.7,3832.8,2543.7,,,,,,,,,,,,,,,,,604.7,583.0,371.0,221.0,139.5,,,1783.8,4110.6,4265.1,3756.7,3082.9,,,1516.7,4140.6,4574.7,2894.2,2278.1,,,1005.7,4081.0,3939.3,1693.3,1562.7,,,407.8,2198.7,2093.2,1512.7,578.2,,,219.7,1439.7,1341.0,907.6,494.5,,,,,,,,,,,,,,,,,1176.8,1037.0,540.7,498.4,361.0,,,2224.5,6233.6,6233.6,8342.1,5729.9,,,1859.8,7003.2,6834.5,6302.9,3858.9,,,1097.2,6099.6,6596.1,2555.2,2004.4,,,847.9,5110.5,5909.0,2324.8,1167.2,,,463.0,2836.3,3116.8,1516.7,1222.5,,,,,,,,,,,,,,,,,315.6,502.4,142.6,233.8,102.5,,,1767.1,4081.0,3567.7,4201.9,2224.5,,,1454.5,3994.8,2434.6,4431.7,1824.0,,,346.7,1829.8,1663.5,1164.8,526.2,,,510.1,2767.1,3151.4,1363.6,822.1,,,149.5,790.0,1088.8,395.5,629.5,,,,,,,,,,,,,,,,,81.9,84.3,25.7,50.2,20.6,,,315.4,1376.8,863.4,1286.3,943.8,,,278.7,1524.9,750.3,1145.9,724.4,,,82.7,509.6,469.2,339.6,177.5,,,152.7,950.1,876.7,458.9,325.8,,,56.5,351.6,339.4,130.3,196.8,,,,,,,,,,,,,,,,,,,,,,,,,,,,,,,,,,,,,,,,,,,,,,,,,,,,,,,,,,,,,,,,,,,,,,,,,,,,,,,,,,,,,,,,,,,,,,,,,,,,,,,,,,,,,,,,,,,,,,,,,,,,,,,,
20260901_和歌山_7R,20260901,55,和歌山,7,76.1,26.4,63.1,148.8,66.8,,,89.8,81.7,49.9,158.3,83.3,,,44.2,90.7,76.2,185.6,81.6,,,54.1,45.8,53.8,91.8,54.6,,,218.3,197.8,195.4,145.5,75.6,,,34.7,44.2,35.8,30.8,16.1,,,,,,,,,,,,,,,,,127.1,50.6,138.4,311.3,119.6,,,215.3,156.1,334.7,931.4,588.5,,,55.6,60.9,77.5,193.3,82.8,,,199.3,337.2,130.9,867.1,514.4,,,820.2,1395.6,703.9,1254.3,906.4,,,329.5,776.0,314.1,783.6,546.1,,,,,,,,,,,,,,,,,93.5,114.6,42.3,252.8,124.1,,,218.4,139.0,244.7,684.2,517.2,,,230.6,168.5,170.7,533.2,381.2,,,41.1,97.9,90.9,249.1,146.9,,,586.9,1036.8,869.7,626.2,794.9,,,275.0,594.5,504.7,339.2,559.3,,,,,,,,,,,,,,,,,101.4,234.9,195.6,478.1,198.4,,,63.6,68.6,78.3,211.9,88.7,,,267.4,142.5,259.6,686.3,489.0,,,221.8,138.6,272.6,644.6,440.5,,,914.9,929.4,1161.5,1164.5,1016.4,,,363.7,330.1,795.7,760.6,633.9,,,,,,,,,,,,,,,,,58.3,36.4,61.6,142.0,60.1,,,127.6,150.8,60.4,478.1,255.2,,,32.4,82.0,71.1,214.5,117.0,,,121.8,81.7,121.9,408.9,230.2,,,317.6,682.6,484.7,535.4,463.2,,,152.7,388.0,235.0,324.0,344.2,,,,,,,,,,,,,,,,,769.2,733.3,774.6,536.1,331.7,,,1107.3,1758.5,1411.3,1707.3,1684.4,,,953.6,1765.5,1397.8,1245.4,1537.1,,,1216.1,1487.7,1668.4,1652.7,1769.1,,,663.0,1595.7,1206.1,1439.0,1144.8,,,378.5,1191.4,1144.8,1228.0,958.8,,,,,,,,,,,,,,,,,191.7,216.6,203.6,187.5,100.7,,,452.5,1084.1,617.4,1094.9,897.2,,,471.7,1209.4,1015.3,767.2,993.5,,,483.1,762.5,987.9,1172.3,1027.1,,,366.2,984.6,707.3,1030.7,763.2,,,271.8,721.3,852.0,827.9,753.4,,,,,,,,,,,,,,,,,,,,,,,,,,,,,,,,,,,,,,,,,,,,,,,,,,,,,,,,,,,,,,,,,,,,,,,,,,,,,,,,,,,,,,,,,,,,,,,,,,,,,,,,,,,,,,,,,,,,,,,,,,,,,,,,
