race_key,date,jo_code,jo_name,race_no,1-2-3,1-2-4,1-2-5,1-2-6,1-2-7,1-2-8,1-2-9,1-3-2,1-3-4,1-3-5,1-3-6,1-3-7,1-3-8,1-3-9,1-4-2,1-4-3,1-4-5,1-4-6,1-4-7,1-4-8,1-4-9,1-5-2,1-5-3,1-5-4,1-5-6,1-5-7,1-5-8,1-5-9,1-6-2,1-6-3,1-6-4,1-6-5,1-6-7,1-6-8,1-6-9,1-7-2,1-7-3,1-7-4,1-7-5,1-7-6,1-7-8,1-7-9,1-8-2,1-8-3,1-8-4,1-8-5,1-8-6,1-8-7,1-8-9,1-9-2,1-9-3,1-9-4,1-9-5,1-9-6,1-9-7,1-9-8,2-1-3,2-1-4,2-1-5,2-1-6,2-1-7,2-1-8,2-1-9,2-3-1,2-3-4,2-3-5,2-3-6,2-3-7,2-3-8,2-3-9,2-4-1,2-4-3,2-4-5,2-4-6,2-4-7,2-4-8,2-4-9,2-5-1,2-5-3,2-5-4,2-5-6,2-5-7,2-5-8,2-5-9,2-6-1,2-6-3,2-6-4,2-6-5,2-6-7,2-6-8,2-6-9,2-7-1,2-7-3,2-7-4,2-7-5,2-7-6,2-7-8,2-7-9,2-8-1,2-8-3,2-8-4,2-8-5,2-8-6,2-8-7,2-8-9,2-9-1,2-9-3,2-9-4,2-9-5,2-9-6,2-9-7,2-9-8,3-1-2,3-1-4,3-1-5,3-1-6,3-1-7,3-1-8,3-1-9,3-2-1,3-2-4,3-2-5,3-2-6,3-2-7,3-2-8,3-2-9,3-4-1,3-4-2,3-4-5,3-4-6,3-4-7,3-4-8,3-4-9,3-5-1,3-5-2,3-5-4,3-5-6,3-5-7,3-5-8,3-5-9,3-6-1,3-6-2,3-6-4,3-6-5,3-6-7,3-6-8,3-6-9,3-7-1,3-7-2,3-7-4,3-7-5,3-7-6,3-7-8,3-7-9,3-8-1,3-8-2,3-8-4,3-8-5,3-8-6,3-8-7,3-8-9,3-9-1,3-9-2,3-9-4,3-9-5,3-9-6,3-9-7,3-9-8,4-1-2,4-1-3,4-1-5,4-1-6,4-1-7,4-1-8,4-1-9,4-2-1,4-2-3,4-2-5,4-2-6,4-2-7,4-2-8,4-2-9,4-3-1,4-3-2,4-3-5,4-3-6,4-3-7,4-3-8,4-3-9,4-5-1,4-5-2,4-5-3,4-5-6,4-5-7,4-5-8,4-5-9,4-6-1,4-6-2,4-6-3,4-6-5,4-6-7,4-6-8,4-6-9,4-7-1,4-7-2,4-7-3,4-7-5,4-7-6,4-7-8,4-7-9,4-8-1,4-8-2,4-8-3,4-8-5,4-8-6,4-8-7,4-8-9,4-9-1,4-9-2,4-9-3,4-9-5,4-9-6,4-9-7,4-9-8,5-1-2,5-1-3,5-1-4,5-1-6,5-1-7,5-1-8,5-1-9,5-2-1,5-2-3,5-2-4,5-2-6,5-2-7,5-2-8,5-2-9,5-3-1,5-3-2,5-3-4,5-3-6,5-3-7,5-3-8,5-3-9,5-4-1,5-4-2,5-4-3,5-4-6,5-4-7,5-4-8,5-4-9,5-6-1,5-6-2,5-6-3,5-6-4,5-6-7,5-6-8,5-6-9,5-7-1,5-7-2,5-7-3,5-7-4,5-7-6,5-7-8,5-7-9,5-8-1,5-8-2,5-8-3,5-8-4,5-8-6,5-8-7,5-8-9,5-9-1,5-9-2,5-9-3,5-9-4,5-9-6,5-9-7,5-9-8,6-1-2,6-1-3,6-1-4,6-1-5,6-1-7,6-1-8,6-1-9,6-2-1,6-2-3,6-2-4,6-2-5,6-2-7,6-2-8,6-2-9,6-3-1,6-3-2,6-3-4,6-3-5,6-3-7,6-3-8,6-3-9,6-4-1,6-4-2,6-4-3,6-4-5,6-4-7,6-4-8,6-4-9,6-5-1,6-5-2,6-5-3,6-5-4,6-5-7,6-5-8,6-5-9,6-7-1,6-7-2,6-7-3,6-7-4,6-7-5,6-7-8,6-7-9,6-8-1,6-8-2,6-8-3,6-8-4,6-8-5,6-8-7,6-8-9,6-9-1,6-9-2,6-9-3,6-9-4,6-9-5,6-9-7,6-9-8,7-1-2,7-1-3,7-1-4,7-1-5,7-1-6,7-1-8,7-1-9,7-2-1,7-2-3,7-2-4,7-2-5,7-2-6,7-2-8,7-2-9,7-3-1,7-3-2,7-3-4,7-3-5,7-3-6,7-3-8,7-3-9,7-4-1,7-4-2,7-4-3,7-4-5,7-4-6,7-4-8,7-4-9,7-5-1,7-5-2,7-5-3,7-5-4,7-5-6,7-5-8,7-5-9,7-6-1,7-6-2,7-6-3,7-6-4,7-6-5,7-6-8,7-6-9,7-8-1,7-8-2,7-8-3,7-8-4,7-8-5,7-8-6,7-8-9,7-9-1,7-9-2,7-9-3,7-9-4,7-9-5,7-9-6,7-9-8,8-1-2,8-1-3,8-1-4,8-1-5,8-1-6,8-1-7,8-1-9,8-2-1,8-2-3,8-2-4,8-2-5,8-2-6,8-2-7,8-2-9,8-3-1,8-3-2,8-3-4,8-3-5,8-3-6,8-3-7,8-3-9,8-4-1,8-4-2,8-4-3,8-4-5,8-4-6,8-4-7,8-4-9,8-5-1,8-5-2,8-5-3,8-5-4,8-5-6,8-5-7,8-5-9,8-6-1,8-6-2,8-6-3,8-6-4,8-6-5,8-6-7,8-6-9,8-7-1,8-7-2,8-7-3,8-7-4,8-7-5,8-7-6,8-7-9,8-9-1,8-9-2,8-9-3,8-9-4,8-9-5,8-9-6,8-9-7,9-1-2,9-1-3,9-1-4,9-1-5,9-1-6,9-1-7,9-1-8,9-2-1,9-2-3,9-2-4,9-2-5,9-2-6,9-2-7,9-2-8,9-3-1,9-3-2,9-3-4,9-3-5,9-3-6,9-3-7,9-3-8,9-4-1,9-4-2,9-4-3,9-4-5,9-4-6,9-4-7,9-4-8,9-5-1,9-5-2,9-5-3,9-5-4,9-5-6,9-5-7,9-5-8,9-6-1,9-6-2,9-6-3,9-6-4,9-6-5,9-6-7,9-6-8,9-7-1,9-7-2,9-7-3,9-7-4,9-7-5,9-7-6,9-7-8,9-8-1,9-8-2,9-8-3,9-8-4,9-8-5,9-8-6,9-8-7
20260909_いわき平_1R,20260909,13,いわき平,1,181.9,162.9,91.4,212.1,58.9,,,249.6,317.9,104.9,342.9,95.4,,,153.1,221.6,95.8,135.1,111.2,,,70.0,58.8,62.6,41.7,36.9,,,303.1,314.1,143.0,88.2,138.1,,,63.7,43.1,109.2,43.2,140.5,,,,,,,,,,,,,,,,,142.8,136.9,103.4,194.4,51.5,,,266.1,359.4,456.7,780.5,91.2,,,233.4,324.8,547.6,633.9,135.1,,,165.7,539.1,515.2,731.4,223.0,,,649.6,1307.4,1136.9,1291.3,736.5,,,19.0,13.1,41.6,75.3,175.7,,,,,,,,,,,,,,,,,653.7,1260.1,372.2,1124.6,384.5,,,556.3,933.8,804.5,2225.4,129.4,,,996.1,1291.3,1340.9,3268.6,618.9,,,477.6,1714.6,2490.3,2905.4,1056.5,,,1494.2,2826.9,3606.7,3169.5,2490.3,,,231.4,89.5,399.2,525.6,1307.4,,,,,,,,,,,,,,,,,124.3,126.9,116.3,130.5,68.0,,,155.8,219.7,336.3,488.7,85.1,,,295.4,400.7,618.9,850.3,212.5,,,223.4,763.4,843.5,925.6,488.7,,,434.0,893.9,830.1,878.9,683.6,,,97.9,77.3,78.4,270.9,306.7,,,,,,,,,,,,,,,,,175.7,165.7,216.1,123.4,115.0,,,280.4,968.4,836.7,1067.3,369.5,,,460.7,2011.4,1803.3,3268.6,1175.2,,,413.4,1660.2,2011.4,2091.9,1275.5,,,381.7,1772.8,2905.4,2273.8,1936.9,,,236.6,439.4,380.3,893.9,1307.4,,,,,,,,,,,,,,,,,977.5,1124.6,662.0,250.8,878.9,,,1188.5,2551.1,2179.0,1089.5,843.5,,,1803.3,2826.9,2050.9,3873.9,1936.9,,,893.9,2179.0,2377.1,2614.9,1901.7,,,369.5,2377.1,3076.3,2551.1,2490.3,,,1324.0,1538.1,2011.4,1867.7,2826.9,,,,,,,,,,,,,,,,,49.5,54.0,145.0,112.8,275.9,,,15.4,7.8,30.1,73.5,173.7,,,62.6,24.1,89.9,186.4,418.3,,,125.4,66.9,84.7,334.1,587.6,,,149.8,227.8,238.8,571.5,901.6,,,1005.7,950.8,1245.1,1803.3,1584.7,,,,,,,,,,,,,,,,,,,,,,,,,,,,,,,,,,,,,,,,,,,,,,,,,,,,,,,,,,,,,,,,,,,,,,,,,,,,,,,,,,,,,,,,,,,,,,,,,,,,,,,,,,,,,,,,,,,,,,,,,,,,,,,,
20260909_いわき平_2R,20260909,13,いわき平,2,531.4,469.2,425.8,1062.8,702.5,,,261.2,116.8,164.2,352.2,102.4,,,146.1,51.1,28.8,60.0,65.6,,,312.4,129.9,67.0,252.2,137.0,,,491.4,344.4,160.6,230.2,434.7,,,358.3,85.8,117.8,111.0,511.7,,,,,,,,,,,,,,,,,869.5,971.4,543.0,2107.6,875.6,,,442.5,480.1,1053.8,621.7,101.8,,,1044.9,901.0,2645.7,2486.9,1281.9,,,560.1,2072.4,2645.7,2891.8,1337.0,,,1657.9,1337.0,2181.5,3032.8,1942.9,,,647.6,145.7,1002.8,1036.2,1480.3,,,,,,,,,,,,,,,,,192.1,135.0,181.5,383.7,75.5,,,115.9,115.7,295.3,242.3,23.9,,,129.1,152.5,401.1,594.9,82.5,,,250.7,392.2,505.4,1173.0,177.8,,,333.3,312.4,526.9,875.6,190.7,,,12.8,7.8,27.5,42.1,51.4,,,,,,,,,,,,,,,,,159.8,67.7,43.4,125.4,82.1,,,360.4,428.7,1231.1,971.4,714.6,,,119.1,192.4,379.1,562.6,114.1,,,166.4,1231.1,547.7,1110.2,631.2,,,240.5,881.9,413.1,758.2,555.1,,,131.7,359.3,158.0,399.8,668.5,,,,,,,,,,,,,,,,,319.6,193.6,107.2,327.2,160.0,,,513.8,1535.1,1295.2,2181.5,1162.1,,,335.1,583.7,792.0,1535.1,282.6,,,205.5,1110.2,628.0,1614.9,694.6,,,552.6,2826.1,1680.3,2391.3,1594.2,,,150.5,458.8,204.1,352.2,722.9,,,,,,,,,,,,,,,,,333.3,174.8,118.8,241.9,501.4,,,1062.8,714.6,1100.4,1973.7,1184.2,,,164.9,174.8,204.8,694.6,159.4,,,166.4,589.3,262.3,600.7,384.9,,,437.8,3108.7,1973.7,1636.1,1397.1,,,327.2,840.1,198.9,447.2,657.9,,,,,,,,,,,,,,,,,234.1,67.2,71.4,79.2,322.9,,,331.5,84.7,481.9,465.7,672.1,,,17.4,13.9,35.1,45.0,88.1,,,109.3,336.0,128.1,292.5,543.0,,,86.7,367.8,130.7,291.8,589.3,,,434.7,894.5,307.7,586.5,797.1,,,,,,,,,,,,,,,,,,,,,,,,,,,,,,,,,,,,,,,,,,,,,,,,,,,,,,,,,,,,,,,,,,,,,,,,,,,,,,,,,,,,,,,,,,,,,,,,,,,,,,,,,,,,,,,,,,,,,,,,,,,,,,,,
20260909_いわき平_3R,20260909,13,いわき平,3,1498.0,1759.1,1322.3,2203.9,973.3,,,1509.7,2490.1,740.3,2061.7,604.8,,,1792.0,3363.9,1597.8,3143.3,1261.4,,,1879.8,863.7,2229.5,2338.3,604.8,,,3550.8,4260.9,4916.5,3305.9,3550.8,,,935.3,532.6,1558.8,307.7,1879.8,,,,,,,,,,,,,,,,,443.8,496.7,490.3,766.9,301.0,,,238.7,81.9,145.4,439.7,44.1,,,109.2,51.8,59.4,76.5,20.9,,,309.2,251.3,276.2,782.6,141.0,,,1681.9,1221.3,654.4,1638.8,1127.9,,,63.1,22.4,34.3,27.6,234.4,,,,,,,,,,,,,,,,,649.9,949.2,499.3,1712.0,343.0,,,381.2,136.7,225.8,712.8,78.2,,,634.9,269.6,560.6,953.9,217.3,,,344.2,424.2,770.0,1221.3,139.4,,,1976.7,1826.1,2367.2,2178.9,1399.5,,,71.7,50.1,104.2,15.1,338.1,,,,,,,,,,,,,,,,,468.8,1474.9,1237.0,1304.3,782.6,,,145.2,84.4,112.1,82.3,36.6,,,819.4,222.6,665.7,575.8,220.1,,,867.6,448.0,1014.5,1205.9,487.8,,,776.2,290.5,766.9,737.4,643.4,,,380.4,101.7,164.0,185.4,333.4,,,,,,,,,,,,,,,,,988.3,591.8,1331.5,1681.9,373.0,,,904.4,643.4,848.4,2626.6,414.1,,,507.2,565.6,1399.5,1936.8,165.4,,,1696.8,1441.6,1498.0,3143.3,718.1,,,4260.9,3834.8,4079.6,5639.5,1712.0,,,154.6,230.4,76.5,407.9,789.0,,,,,,,,,,,,,,,,,4565.3,4676.6,4260.9,4260.9,4459.1,,,4357.8,3249.9,1430.9,3913.1,2338.3,,,4459.1,3249.9,3994.6,4260.9,1879.8,,,3834.8,1304.3,3424.0,3363.9,2427.1,,,4916.5,5810.4,6185.2,4916.5,3249.9,,,3687.3,2367.2,1667.3,2861.8,2107.0,,,,,,,,,,,,,,,,,239.9,90.2,303.8,76.6,661.1,,,121.9,31.2,74.7,40.9,368.7,,,28.2,15.8,45.9,5.1,153.5,,,297.2,134.0,123.7,131.2,481.7,,,32.9,49.9,12.3,93.3,248.3,,,1486.3,1269.8,802.2,1486.3,746.0,,,,,,,,,,,,,,,,,,,,,,,,,,,,,,,,,,,,,,,,,,,,,,,,,,,,,,,,,,,,,,,,,,,,,,,,,,,,,,,,,,,,,,,,,,,,,,,,,,,,,,,,,,,,,,,,,,,,,,,,,,,,,,,,
20260909_いわき平_4R,20260909,13,いわき平,4,435.1,1770.0,1065.2,4359.6,1074.9,,,415.9,632.8,500.8,1770.0,246.2,,,1978.3,1079.9,997.5,2478.1,1131.8,,,1245.6,901.9,923.2,1094.9,1368.7,,,4616.1,3513.7,3057.4,3224.9,4130.1,,,989.1,287.0,1121.0,849.8,3566.9,,,,,,,,,,,,,,,,,422.6,591.5,476.5,1743.8,511.7,,,120.1,146.0,62.5,346.7,45.6,,,670.7,364.9,196.1,600.5,334.8,,,118.3,28.5,55.4,32.5,34.6,,,1646.3,980.9,608.3,286.0,761.8,,,152.6,34.6,111.0,42.6,264.8,,,,,,,,,,,,,,,,,225.4,162.1,143.5,473.6,75.0,,,114.8,201.5,88.9,524.3,55.3,,,201.5,295.7,207.9,488.4,138.9,,,156.4,99.1,149.6,230.1,84.7,,,1079.9,1409.7,905.4,806.2,795.3,,,16.6,23.0,45.8,30.5,172.2,,,,,,,,,,,,,,,,,1121.0,587.0,706.9,1001.7,809.0,,,698.5,510.6,355.6,749.7,515.1,,,216.1,392.3,189.5,305.7,223.7,,,235.4,214.6,162.1,140.5,392.3,,,1322.5,1100.0,881.7,501.9,1681.5,,,713.3,533.8,342.1,497.7,1131.8,,,,,,,,,,,,,,,,,389.1,438.4,384.6,469.9,672.6,,,131.5,33.3,48.6,33.3,49.7,,,194.4,76.7,155.7,172.9,130.5,,,266.6,111.3,165.4,114.7,306.9,,,334.4,102.0,180.5,130.5,361.6,,,379.7,98.2,134.4,306.1,301.4,,,,,,,,,,,,,,,,,4058.9,3315.7,2906.4,2504.4,4130.1,,,3363.1,1590.6,1634.8,641.4,2285.6,,,2402.2,1705.9,2101.9,1352.9,3097.6,,,2427.0,1810.9,1961.8,1037.0,3224.9,,,993.3,424.9,717.7,485.4,1471.3,,,4441.9,3315.7,3621.8,3621.8,2242.1,,,,,,,,,,,,,,,,,317.2,129.4,389.7,449.2,1322.5,,,114.2,28.2,71.1,29.2,212.8,,,16.3,19.7,43.6,23.9,161.9,,,371.9,174.6,168.6,195.8,571.4,,,269.3,46.7,79.2,154.2,130.4,,,1868.4,881.7,945.4,769.3,523.1,,,,,,,,,,,,,,,,,,,,,,,,,,,,,,,,,,,,,,,,,,,,,,,,,,,,,,,,,,,,,,,,,,,,,,,,,,,,,,,,,,,,,,,,,,,,,,,,,,,,,,,,,,,,,,,,,,,,,,,,,,,,,,,,
20260909_いわき平_5R,20260909,13,いわき平,5,512.3,525.7,226.7,972.7,310.1,,,369.8,230.0,79.9,627.3,356.7,,,883.2,397.1,190.8,1150.0,533.3,,,69.3,33.8,40.5,187.9,88.1,,,985.7,823.9,1346.4,481.0,2083.1,,,669.1,805.9,955.9,304.5,2186.3,,,,,,,,,,,,,,,,,696.5,613.3,299.2,894.0,335.5,,,425.4,144.8,198.5,414.2,92.8,,,985.7,247.8,341.8,728.7,218.4,,,210.7,222.1,259.7,461.9,144.3,,,681.5,363.7,437.2,382.7,168.5,,,247.2,77.5,94.9,101.2,169.2,,,,,,,,,,,,,,,,,151.0,111.7,46.6,356.7,252.9,,,311.0,153.5,146.0,385.3,113.5,,,104.1,117.4,39.0,359.0,109.6,,,23.8,71.0,31.3,174.5,74.5,,,563.3,557.6,622.0,412.7,721.6,,,307.5,182.0,203.3,141.0,836.4,,,,,,,,,,,,,,,,,904.9,376.1,185.5,1126.6,780.2,,,1022.3,258.8,341.2,1003.7,311.4,,,229.0,216.4,97.2,675.2,213.5,,,111.3,223.7,104.7,545.2,179.9,,,2253.2,1492.0,1647.8,1144.1,2208.1,,,1219.9,431.2,368.6,304.9,1611.8,,,,,,,,,,,,,,,,,25.2,9.3,16.6,76.6,39.6,,,74.9,117.5,149.0,309.2,94.7,,,12.6,56.2,21.2,126.6,51.7,,,32.2,110.0,38.1,261.6,77.2,,,207.1,342.3,323.7,451.5,467.8,,,106.5,178.2,129.4,142.3,552.0,,,,,,,,,,,,,,,,,1322.2,1027.0,1752.5,552.0,1855.6,,,964.2,701.0,935.6,559.0,272.2,,,1180.8,1126.6,1298.9,791.4,1588.6,,,2567.6,1611.8,1738.7,1338.2,2349.1,,,509.9,746.0,696.5,1041.5,1115.2,,,2538.1,625.5,1840.1,2044.6,1397.5,,,,,,,,,,,,,,,,,901.2,1041.5,981.4,549.2,2324.4,,,482.1,138.7,177.7,177.6,335.0,,,488.5,200.0,265.7,198.5,1180.8,,,705.4,340.2,317.2,213.9,1635.6,,,284.5,296.4,259.4,226.7,1219.9,,,2453.5,606.6,1462.3,2007.4,1371.5,,,,,,,,,,,,,,,,,,,,,,,,,,,,,,,,,,,,,,,,,,,,,,,,,,,,,,,,,,,,,,,,,,,,,,,,,,,,,,,,,,,,,,,,,,,,,,,,,,,,,,,,,,,,,,,,,,,,,,,,,,,,,,,,
20260909_いわき平_6R,20260909,13,いわき平,6,130.6,118.2,133.2,299.7,61.6,,,126.4,51.0,81.2,42.1,56.3,,,115.9,32.2,102.4,111.3,82.6,,,162.7,108.4,143.4,179.3,65.2,,,421.0,120.2,193.9,232.9,259.3,,,32.2,48.8,72.4,23.5,113.2,,,,,,,,,,,,,,,,,302.9,189.0,258.1,738.1,105.6,,,585.9,380.4,814.3,508.4,362.4,,,205.6,228.8,400.2,833.4,204.9,,,384.0,782.9,541.3,1544.5,144.3,,,1845.4,1274.4,1946.5,1946.5,1578.8,,,78.3,146.1,131.0,42.9,433.2,,,,,,,,,,,,,,,,,337.5,109.4,376.4,178.5,165.1,,,592.0,371.9,1088.8,611.1,460.6,,,67.8,167.2,166.2,31.8,73.6,,,717.6,1194.1,370.0,446.1,513.9,,,229.9,581.1,65.8,310.2,309.2,,,254.2,396.3,208.5,328.1,418.5,,,,,,,,,,,,,,,,,145.4,77.9,199.2,301.0,111.2,,,179.6,178.0,348.7,583.5,163.7,,,49.6,88.1,95.7,23.9,51.0,,,339.5,414.2,239.8,590.8,215.7,,,638.6,1199.1,167.6,802.8,821.3,,,109.4,107.0,106.9,91.8,352.6,,,,,,,,,,,,,,,,,403.6,405.4,468.2,833.4,193.3,,,466.6,990.2,877.1,1652.3,195.4,,,910.8,1435.3,480.0,593.3,742.0,,,571.8,675.0,452.5,1219.7,410.0,,,1754.3,2329.5,1101.5,1821.7,1230.2,,,150.9,100.7,266.1,259.7,459.8,,,,,,,,,,,,,,,,,1712.0,691.4,1088.8,1495.7,1194.1,,,2368.3,2388.2,2759.2,3193.2,2681.1,,,628.7,1743.5,246.0,907.9,1056.5,,,1321.8,2408.4,446.1,1946.5,1810.1,,,2583.6,3789.3,1920.2,2706.6,2120.8,,,1701.7,2607.3,1845.4,2291.9,1251.9,,,,,,,,,,,,,,,,,42.1,109.7,110.3,45.2,293.8,,,30.7,56.6,58.4,17.2,233.9,,,209.5,149.7,199.7,153.4,275.9,,,137.2,92.2,128.3,103.0,390.3,,,44.0,35.2,77.6,91.6,152.2,,,871.7,693.1,620.5,941.0,475.2,,,,,,,,,,,,,,,,,,,,,,,,,,,,,,,,,,,,,,,,,,,,,,,,,,,,,,,,,,,,,,,,,,,,,,,,,,,,,,,,,,,,,,,,,,,,,,,,,,,,,,,,,,,,,,,,,,,,,,,,,,,,,,,,
20260909_いわき平_7R,20260909,13,いわき平,7,275.6,91.0,87.6,624.6,240.9,,,447.2,311.6,128.5,731.0,275.4,,,110.6,230.2,77.6,187.4,221.1,,,45.6,40.5,27.2,213.6,7.6,,,1254.6,820.2,740.2,688.5,1345.8,,,459.0,212.4,355.4,41.0,1068.9,,,,,,,,,,,,,,,,,401.2,180.8,174.0,902.7,374.3,,,1014.0,416.4,532.5,1130.1,1007.1,,,129.2,130.1,45.2,49.6,121.7,,,98.4,206.0,68.3,486.1,81.3,,,1495.4,1223.5,476.0,1121.5,1711.5,,,573.8,838.7,483.0,267.4,1885.9,,,,,,,,,,,,,,,,,1108.9,922.4,396.3,1973.9,829.3,,,1276.2,601.8,763.1,1721.4,1161.1,,,634.0,478.3,344.2,473.7,578.3,,,301.8,671.4,318.3,706.6,217.2,,,2177.1,2145.6,1134.4,1550.2,2277.6,,,743.9,1910.2,1088.5,395.3,2056.2,,,,,,,,,,,,,,,,,296.0,542.2,249.2,511.3,538.3,,,181.3,114.3,63.6,40.2,163.0,,,513.1,169.7,181.5,156.4,311.3,,,188.7,137.4,176.7,201.4,165.0,,,574.9,97.1,146.5,176.5,323.6,,,751.5,596.9,755.3,375.7,693.4,,,,,,,,,,,,,,,,,39.4,40.2,30.7,190.6,7.5,,,79.3,192.3,83.0,502.7,73.6,,,128.7,271.8,166.9,351.6,86.6,,,88.5,114.9,119.5,223.2,74.2,,,771.0,836.4,710.0,858.2,484.6,,,11.7,43.6,31.4,28.3,166.6,,,,,,,,,,,,,,,,,4001.2,2716.4,2145.6,2260.2,3701.1,,,3218.4,2552.5,911.0,2990.8,5694.1,,,3483.4,3052.5,1065.0,2741.6,3845.3,,,1987.2,535.4,691.8,1042.5,1839.0,,,1827.7,3701.1,2960.9,1862.2,1898.0,,,4354.3,5105.0,3567.3,3442.9,2574.7,,,,,,,,,,,,,,,,,845.9,512.2,642.2,97.8,1566.6,,,1000.3,1377.1,1042.5,439.9,2902.8,,,554.4,1265.3,722.1,246.5,1885.9,,,638.1,1184.3,761.1,333.4,1364.4,,,46.7,205.7,94.5,141.3,447.9,,,3326.8,4056.0,2819.9,2741.6,1364.4,,,,,,,,,,,,,,,,,,,,,,,,,,,,,,,,,,,,,,,,,,,,,,,,,,,,,,,,,,,,,,,,,,,,,,,,,,,,,,,,,,,,,,,,,,,,,,,,,,,,,,,,,,,,,,,,,,,,,,,,,,,,,,,,
20260909_いわき平_8R,20260909,13,いわき平,8,242.7,214.2,300.3,721.1,298.8,,,147.2,154.3,33.7,243.8,85.4,,,209.4,241.5,253.7,619.8,276.9,,,222.9,37.4,216.7,347.6,100.9,,,735.7,267.5,665.1,504.0,167.8,,,298.2,106.0,327.7,133.7,148.1,,,,,,,,,,,,,,,,,357.0,316.3,455.2,1067.2,524.9,,,405.2,436.8,362.8,1261.2,609.5,,,140.0,156.7,172.1,243.3,194.6,,,493.8,352.7,437.4,1266.7,728.3,,,1592.0,1229.3,719.3,1755.0,1055.6,,,793.8,861.9,634.7,971.1,1174.7,,,,,,,,,,,,,,,,,121.3,139.9,26.2,252.4,83.0,,,261.7,386.9,175.7,907.6,353.5,,,188.3,299.7,85.2,564.6,263.9,,,14.5,39.8,32.9,79.4,25.7,,,424.0,1071.1,698.6,246.4,430.9,,,149.1,349.7,366.0,85.8,337.9,,,,,,,,,,,,,,,,,197.7,274.0,273.8,726.5,362.3,,,86.8,102.6,83.8,222.9,139.2,,,216.7,198.7,92.3,668.2,279.3,,,234.7,169.4,59.7,543.5,294.5,,,807.0,444.1,617.2,534.5,519.3,,,351.0,326.2,246.2,251.1,510.2,,,,,,,,,,,,,,,,,159.5,33.7,150.1,358.8,96.1,,,241.3,139.0,222.9,802.6,300.3,,,11.3,30.2,21.9,70.2,19.0,,,163.6,175.2,66.0,341.9,193.2,,,510.2,877.5,208.1,486.3,288.4,,,129.3,272.2,67.7,226.9,235.7,,,,,,,,,,,,,,,,,766.6,273.0,702.0,562.4,214.2,,,813.8,977.6,939.8,1324.2,778.9,,,396.3,830.0,641.7,308.6,373.9,,,781.0,732.0,563.5,464.6,482.3,,,385.3,1044.2,223.0,463.1,310.2,,,135.5,381.3,157.6,323.7,184.3,,,,,,,,,,,,,,,,,312.6,146.4,322.6,156.7,208.5,,,431.6,471.4,700.3,541.5,750.8,,,149.1,406.3,273.3,76.4,191.4,,,435.4,551.7,290.7,269.5,427.1,,,155.2,543.5,64.4,292.5,191.0,,,158.0,391.0,122.8,263.4,132.1,,,,,,,,,,,,,,,,,,,,,,,,,,,,,,,,,,,,,,,,,,,,,,,,,,,,,,,,,,,,,,,,,,,,,,,,,,,,,,,,,,,,,,,,,,,,,,,,,,,,,,,,,,,,,,,,,,,,,,,,,,,,,,,,
20260909_いわき平_9R,20260909,13,いわき平,9,457.3,320.0,177.6,269.0,114.5,,,771.1,369.1,359.4,1242.6,473.8,,,311.8,149.6,131.9,823.2,161.8,,,78.3,133.0,68.5,248.1,44.7,,,811.0,1630.1,1252.0,951.7,938.1,,,71.9,284.6,140.0,55.5,417.3,,,,,,,,,,,,,,,,,469.0,332.6,265.3,409.5,136.7,,,703.6,288.0,418.9,359.4,211.3,,,335.6,133.9,341.5,209.4,86.2,,,324.4,366.6,368.7,357.1,168.4,,,436.7,344.0,276.9,367.1,74.7,,,46.6,41.3,33.1,35.3,18.1,,,,,,,,,,,,,,,,,971.3,502.7,505.0,1470.0,741.6,,,988.8,378.0,609.7,661.2,406.0,,,190.4,92.5,88.0,252.9,101.0,,,604.2,658.5,388.3,1042.0,699.1,,,2494.6,1271.3,1123.8,1531.5,1937.0,,,563.8,367.9,275.7,511.3,1261.6,,,,,,,,,,,,,,,,,378.9,193.1,211.6,597.6,265.1,,,267.4,72.6,237.9,154.9,76.3,,,96.9,32.8,44.7,98.0,31.6,,,177.8,237.2,123.1,505.8,197.8,,,1105.0,552.5,500.4,855.3,709.6,,,200.9,73.0,56.3,164.3,322.2,,,,,,,,,,,,,,,,,120.5,152.0,170.9,391.5,115.4,,,242.1,345.1,435.5,507.3,213.5,,,382.4,526.8,388.3,940.8,627.2,,,270.7,327.0,211.3,904.6,286.5,,,1360.7,1201.7,1383.5,1630.1,1553.2,,,159.2,139.9,234.0,254.0,615.4,,,,,,,,,,,,,,,,,2386.1,3077.4,3394.7,2494.6,2020.1,,,1171.8,914.6,741.6,1055.4,215.9,,,2613.4,1366.3,1389.4,1881.6,2124.4,,,2838.7,1252.0,1377.7,2352.0,1366.3,,,2439.1,1490.0,1606.2,1971.8,2224.9,,,1490.0,267.0,1419.3,1032.2,1517.4,,,,,,,,,,,,,,,,,66.0,210.6,119.3,67.1,298.2,,,30.4,30.4,18.9,20.2,12.8,,,237.2,139.4,112.1,228.3,415.2,,,131.8,49.6,54.6,96.5,212.5,,,66.2,62.6,128.1,102.9,275.3,,,506.6,96.3,543.3,365.4,453.5,,,,,,,,,,,,,,,,,,,,,,,,,,,,,,,,,,,,,,,,,,,,,,,,,,,,,,,,,,,,,,,,,,,,,,,,,,,,,,,,,,,,,,,,,,,,,,,,,,,,,,,,,,,,,,,,,,,,,,,,,,,,,,,,
20260909_いわき平_10R,20260909,13,いわき平,10,266.3,112.9,80.5,372.1,49.3,,,274.2,216.2,266.5,267.5,90.8,,,39.2,83.7,35.5,129.7,9.5,,,45.5,177.0,55.8,311.0,23.5,,,632.4,486.8,506.6,766.3,277.6,,,12.4,34.9,9.7,11.9,63.1,,,,,,,,,,,,,,,,,478.4,270.3,118.5,672.3,169.5,,,348.4,761.5,209.9,330.0,1007.6,,,306.0,624.7,247.2,1039.4,662.5,,,55.5,127.8,125.9,216.3,145.9,,,1380.6,902.0,1747.5,795.0,2166.1,,,313.7,1178.3,782.9,431.1,1359.9,,,,,,,,,,,,,,,,,487.5,335.5,399.7,305.0,200.8,,,328.5,669.8,267.9,321.2,975.0,,,475.3,1119.9,664.9,649.4,843.2,,,660.1,448.8,1092.8,726.3,1126.9,,,248.9,292.9,578.7,396.2,663.7,,,499.6,1622.1,1519.9,890.9,1674.7,,,,,,,,,,,,,,,,,47.0,95.4,49.5,195.8,17.3,,,159.0,401.0,167.0,669.8,325.5,,,384.8,802.0,788.1,637.9,865.4,,,113.2,127.8,346.4,579.7,175.4,,,791.5,1243.0,918.1,1441.1,1301.2,,,79.3,276.1,562.5,215.3,735.2,,,,,,,,,,,,,,,,,42.5,207.7,73.6,338.3,35.7,,,30.9,102.7,83.4,181.8,74.0,,,467.9,286.6,803.8,662.5,962.0,,,137.2,147.5,513.1,802.0,249.1,,,1063.9,707.9,1060.8,1607.7,1291.9,,,115.9,204.4,642.5,276.7,859.2,,,,,,,,,,,,,,,,,2153.2,951.9,1391.3,2140.4,982.9,,,1452.7,1106.2,2364.3,2127.8,3807.7,,,521.2,668.6,835.4,1036.5,1282.7,,,1698.3,2179.1,1413.0,2917.2,3380.7,,,2640.4,2103.1,2032.2,3380.7,3617.4,,,1903.8,4157.9,2494.7,3931.9,3478.2,,,,,,,,,,,,,,,,,94.5,222.8,61.2,89.2,347.4,,,276.1,1201.7,859.2,599.9,1424.1,,,466.1,1944.8,1884.0,915.7,2179.1,,,129.3,614.1,1193.8,345.5,1690.3,,,183.6,463.7,980.3,486.2,1441.1,,,1291.9,3229.8,2719.8,3039.8,2917.2,,,,,,,,,,,,,,,,,,,,,,,,,,,,,,,,,,,,,,,,,,,,,,,,,,,,,,,,,,,,,,,,,,,,,,,,,,,,,,,,,,,,,,,,,,,,,,,,,,,,,,,,,,,,,,,,,,,,,,,,,,,,,,,,
20260909_いわき平_11R,20260909,13,いわき平,11,110.8,200.6,174.9,928.4,64.6,,,72.2,98.7,55.7,357.7,66.2,,,137.8,127.5,217.4,557.2,99.7,,,232.5,129.9,351.1,1278.8,228.9,,,1288.5,865.5,1104.8,1908.7,1119.3,,,58.9,105.0,121.7,139.5,603.9,,,,,,,,,,,,,,,,,169.5,267.5,260.3,1041.8,96.5,,,129.8,281.6,112.4,448.7,78.2,,,361.5,438.7,545.3,1578.8,294.8,,,397.4,241.8,818.4,1146.9,290.9,,,1650.1,908.6,2006.0,1710.8,808.1,,,41.0,42.3,84.6,90.0,153.6,,,,,,,,,,,,,,,,,45.9,74.2,23.8,226.6,43.9,,,63.0,210.5,43.9,254.5,53.4,,,127.2,299.3,132.3,493.3,275.9,,,9.5,14.7,35.2,48.3,12.5,,,219.8,244.9,363.5,83.0,236.3,,,43.1,36.0,153.9,33.6,205.6,,,,,,,,,,,,,,,,,354.0,321.5,459.2,809.4,318.7,,,730.7,1021.0,1682.7,2532.4,732.8,,,490.4,911.8,528.4,1382.5,891.2,,,1244.6,2029.9,900.6,3081.6,2158.4,,,1550.1,2841.9,1945.0,3217.3,2721.0,,,647.5,766.9,1027.2,2204.9,2013.9,,,,,,,,,,,,,,,,,377.2,219.9,581.3,1677.2,389.6,,,482.1,243.3,1001.0,1482.7,448.7,,,63.0,68.7,148.5,138.9,75.5,,,867.0,1325.2,550.6,2826.2,1449.1,,,2038.0,1757.9,440.6,2692.3,1644.8,,,427.3,343.7,228.6,991.3,1495.7,,,,,,,,,,,,,,,,,2750.2,1666.2,2471.2,3343.4,1688.2,,,3258.3,1593.6,3761.4,3503.7,1666.2,,,985.6,999.1,1282.0,334.1,1041.8,,,2557.7,4125.4,2368.3,4092.4,3846.2,,,3321.7,3343.4,605.3,3875.4,3081.6,,,1677.2,1608.6,1513.4,2906.5,2692.3,,,,,,,,,,,,,,,,,73.2,127.2,196.6,194.3,661.7,,,33.6,32.6,82.2,78.0,138.6,,,92.4,55.9,271.8,70.0,357.7,,,332.6,337.2,635.4,743.5,1390.0,,,306.1,225.0,172.1,771.5,1046.1,,,991.3,619.3,838.6,1734.0,1342.6,,,,,,,,,,,,,,,,,,,,,,,,,,,,,,,,,,,,,,,,,,,,,,,,,,,,,,,,,,,,,,,,,,,,,,,,,,,,,,,,,,,,,,,,,,,,,,,,,,,,,,,,,,,,,,,,,,,,,,,,,,,,,,,,
20260909_いわき平_12R,20260909,13,いわき平,12,58.1,35.0,31.2,106.8,110.2,,,201.6,260.9,311.4,403.9,713.7,,,62.3,127.8,52.1,256.1,232.4,,,58.5,178.9,55.5,327.8,271.0,,,489.7,438.2,641.3,736.8,1322.5,,,245.1,656.8,450.9,391.6,792.2,,,,,,,,,,,,,,,,,21.6,15.4,16.9,50.7,43.5,,,59.6,130.3,170.9,224.3,295.0,,,35.9,98.2,47.7,203.9,135.7,,,28.5,97.1,32.4,172.8,100.0,,,167.0,145.7,286.7,286.9,519.3,,,52.9,200.0,134.4,131.9,357.0,,,,,,,,,,,,,,,,,401.9,415.6,475.7,473.6,980.0,,,383.1,648.5,590.7,707.5,1202.4,,,431.9,741.8,521.0,1044.7,1914.0,,,540.5,714.8,491.7,964.5,1596.1,,,447.0,646.0,800.0,794.1,1436.9,,,1804.8,1821.5,2565.4,2344.5,2519.3,,,,,,,,,,,,,,,,,62.7,102.7,40.0,174.9,227.1,,,75.3,186.4,70.7,367.1,302.5,,,211.1,375.0,234.2,566.1,1016.6,,,24.4,35.4,75.1,141.9,176.6,,,303.7,396.6,356.4,276.7,1200.9,,,528.3,589.6,1037.0,503.3,1719.3,,,,,,,,,,,,,,,,,44.6,126.0,40.3,283.9,217.5,,,34.1,114.3,36.7,236.7,123.5,,,246.9,325.0,231.7,538.4,847.0,,,19.4,25.1,62.4,143.6,133.4,,,621.4,600.8,666.6,512.0,1060.6,,,409.8,309.3,816.6,412.9,1113.6,,,,,,,,,,,,,,,,,710.1,565.4,881.3,1093.7,1548.1,,,440.8,532.0,703.5,699.0,1243.6,,,354.0,575.7,625.8,838.3,1406.0,,,994.9,1148.8,936.9,925.4,2565.4,,,1193.6,1202.4,1143.5,974.1,2103.0,,,2500.0,1944.4,2462.3,3111.1,2419.7,,,,,,,,,,,,,,,,,451.2,1540.8,923.6,897.4,2080.6,,,287.0,807.9,578.8,411.9,1079.3,,,2172.9,1814.8,3356.1,2792.0,3213.1,,,959.8,975.1,1936.7,1048.1,3245.0,,,912.4,608.3,1818.1,1071.0,2311.3,,,2627.3,2020.6,2663.0,3935.7,2552.1,,,,,,,,,,,,,,,,,,,,,,,,,,,,,,,,,,,,,,,,,,,,,,,,,,,,,,,,,,,,,,,,,,,,,,,,,,,,,,,,,,,,,,,,,,,,,,,,,,,,,,,,,,,,,,,,,,,,,,,,,,,,,,,,
20260909_大垣_1R,20260909,44,大垣,1,327.5,509.4,317.8,1592.8,211.5,,,171.0,97.6,376.5,769.8,26.7,,,294.2,110.4,445.5,819.9,52.8,,,757.2,1049.8,796.4,3222.6,455.8,,,2068.2,2519.5,1345.3,1592.8,1732.1,,,48.9,9.7,24.4,103.8,338.8,,,,,,,,,,,,,,,,,839.8,877.0,463.4,2389.2,361.8,,,949.1,1924.6,829.7,2309.5,477.8,,,1428.6,2235.0,1237.2,1539.7,757.2,,,494.9,962.3,1145.2,982.7,439.9,,,1776.5,1872.6,923.8,549.8,2099.6,,,281.6,535.0,996.9,594.7,2199.5,,,,,,,,,,,,,,,,,212.5,100.9,448.4,656.7,31.7,,,418.6,753.1,416.1,1011.4,317.1,,,124.7,437.1,810.3,855.3,96.7,,,1490.0,1194.6,1924.6,3959.2,1049.8,,,1522.7,815.1,1649.6,3646.6,1108.5,,,13.8,96.6,51.1,218.5,305.9,,,,,,,,,,,,,,,,,185.7,58.6,237.6,699.8,21.9,,,377.5,621.4,375.5,692.8,366.5,,,64.7,243.5,605.1,541.3,44.9,,,989.8,787.3,1649.6,2271.7,882.6,,,1732.1,737.0,1049.8,1372.0,1574.7,,,17.6,139.2,31.8,244.3,572.6,,,,,,,,,,,,,,,,,1710.7,2948.3,1065.9,5773.9,1458.6,,,1126.6,2099.6,1732.1,1847.6,1204.9,,,3079.4,2948.3,4330.4,7293.3,1732.1,,,2309.5,2664.8,3849.2,3745.2,2309.5,,,6298.8,2431.1,7293.3,3849.2,5773.9,,,1385.7,1732.1,1924.6,2389.2,5542.9,,,,,,,,,,,,,,,,,3012.4,2828.0,1399.7,1710.7,2828.0,,,2389.2,2068.2,1710.7,653.6,2614.6,,,3079.4,2008.3,2309.5,6298.8,1592.8,,,3299.3,2199.5,2519.5,3849.2,4199.2,,,8151.4,2165.2,6928.7,3646.6,6598.7,,,2828.0,2948.3,2828.0,3553.1,4470.1,,,,,,,,,,,,,,,,,44.3,5.7,17.6,104.3,249.6,,,190.6,264.4,476.2,433.0,1174.3,,,6.9,56.5,33.1,185.5,273.3,,,40.9,173.8,64.7,482.8,824.8,,,641.5,855.3,1082.6,1226.3,3553.1,,,882.6,1979.6,1117.5,2614.6,3079.4,,,,,,,,,,,,,,,,,,,,,,,,,,,,,,,,,,,,,,,,,,,,,,,,,,,,,,,,,,,,,,,,,,,,,,,,,,,,,,,,,,,,,,,,,,,,,,,,,,,,,,,,,,,,,,,,,,,,,,,,,,,,,,,,
20260909_大垣_2R,20260909,44,大垣,2,469.4,185.1,303.6,1353.3,1235.1,,,848.1,785.2,1025.9,1957.1,1719.1,,,134.3,297.9,149.1,515.0,623.6,,,159.2,370.8,138.4,440.1,166.7,,,1353.3,2085.5,1009.6,1115.9,2958.5,,,1479.2,1898.7,1353.3,710.7,2596.2,,,,,,,,,,,,,,,,,541.3,203.2,347.5,1382.7,1259.5,,,347.5,26.3,125.9,357.3,673.1,,,63.2,6.6,23.7,101.2,204.2,,,338.3,183.0,107.2,687.6,548.3,,,1987.7,1009.6,467.7,1177.9,4543.4,,,1696.2,1017.7,978.5,1630.9,3261.9,,,,,,,,,,,,,,,,,2085.5,1496.6,1397.9,3347.8,2271.7,,,790.1,48.5,280.8,645.7,1009.6,,,748.3,62.0,206.8,865.4,752.7,,,935.4,435.6,289.1,2765.5,611.6,,,4240.5,1570.5,1719.1,3347.8,6695.6,,,3347.8,2446.4,2544.3,2051.8,5300.7,,,,,,,,,,,,,,,,,69.6,122.3,59.0,226.7,325.3,,,27.7,4.2,11.6,57.8,85.9,,,155.3,17.3,47.3,270.6,208.2,,,41.2,30.1,30.8,144.5,43.6,,,496.9,283.9,493.0,371.9,1115.9,,,743.9,555.5,602.9,289.1,1223.2,,,,,,,,,,,,,,,,,195.7,146.3,96.1,460.9,64.7,,,357.3,150.5,111.2,836.9,340.1,,,287.1,182.7,121.9,1696.2,176.4,,,73.4,73.3,55.3,449.5,68.5,,,1367.9,1817.3,2271.7,902.2,1610.3,,,95.5,305.0,149.6,135.1,780.4,,,,,,,,,,,,,,,,,1673.9,1898.7,1462.2,1034.2,2494.4,,,1630.9,594.4,443.2,1009.6,2446.4,,,3028.9,949.3,1001.7,2019.3,2958.5,,,1223.2,424.0,780.4,986.1,1817.3,,,1325.1,1272.1,2193.4,1259.5,1445.6,,,3533.8,3975.5,4543.4,2891.3,2313.0,,,,,,,,,,,,,,,,,1957.1,3261.9,1673.9,1272.1,3347.8,,,2400.3,2958.5,1927.5,2313.0,4892.9,,,3261.9,5300.7,3102.8,4386.8,5782.6,,,2156.2,2019.3,3634.7,2051.8,3028.9,,,1235.1,2313.0,2231.8,1843.7,2958.5,,,7483.3,7951.0,8481.1,4543.4,3741.6,,,,,,,,,,,,,,,,,,,,,,,,,,,,,,,,,,,,,,,,,,,,,,,,,,,,,,,,,,,,,,,,,,,,,,,,,,,,,,,,,,,,,,,,,,,,,,,,,,,,,,,,,,,,,,,,,,,,,,,,,,,,,,,,
20260909_大垣_3R,20260909,44,大垣,3,229.2,276.9,165.3,684.3,229.8,,,84.6,25.9,29.5,35.3,21.1,,,185.2,61.4,103.2,266.2,67.0,,,72.2,48.7,82.1,204.1,51.0,,,656.6,74.4,273.5,314.4,205.7,,,62.3,14.1,19.6,17.9,72.5,,,,,,,,,,,,,,,,,708.8,516.2,337.6,1638.7,541.2,,,906.7,763.3,390.8,1044.5,1089.1,,,753.6,960.3,385.7,1623.8,976.0,,,191.2,227.5,220.2,572.5,320.1,,,2152.0,1384.6,1768.5,1452.2,2515.7,,,911.3,1685.1,1343.0,1056.9,2928.2,,,,,,,,,,,,,,,,,148.1,48.1,50.5,51.8,42.3,,,380.0,396.0,300.2,374.4,753.6,,,76.1,220.2,86.8,46.7,202.2,,,91.7,121.6,107.8,89.2,272.7,,,56.4,179.5,28.0,63.2,150.7,,,141.6,603.4,282.6,357.2,311.7,,,,,,,,,,,,,,,,,383.3,165.3,238.7,438.8,172.0,,,585.6,769.9,538.0,1488.5,1095.8,,,190.2,426.3,277.7,224.9,362.3,,,349.5,424.2,410.6,714.4,711.6,,,1014.8,1323.1,384.9,1089.1,1323.1,,,274.8,916.0,503.1,776.6,1050.7,,,,,,,,,,,,,,,,,91.1,80.2,117.8,294.2,75.7,,,64.2,57.3,55.4,213.9,110.3,,,100.2,86.6,66.6,64.3,232.8,,,208.4,183.5,162.8,583.7,480.1,,,413.4,394.3,141.4,477.5,769.9,,,172.7,260.7,350.2,437.7,955.1,,,,,,,,,,,,,,,,,766.6,220.5,595.4,522.2,350.9,,,1152.3,906.7,1786.2,1353.1,2319.7,,,125.3,344.1,80.0,173.7,325.3,,,838.5,1464.1,390.0,1215.1,1513.7,,,583.7,783.4,346.8,986.8,1167.4,,,729.0,1880.2,1063.2,1594.8,1488.5,,,,,,,,,,,,,,,,,162.3,68.0,72.0,73.6,237.2,,,477.5,1303.8,1182.9,1009.1,2880.9,,,186.8,1050.7,438.8,579.9,830.7,,,237.5,1175.1,631.1,902.1,1653.8,,,208.9,681.7,654.2,695.0,1323.1,,,732.0,2413.7,800.9,1900.2,1501.0,,,,,,,,,,,,,,,,,,,,,,,,,,,,,,,,,,,,,,,,,,,,,,,,,,,,,,,,,,,,,,,,,,,,,,,,,,,,,,,,,,,,,,,,,,,,,,,,,,,,,,,,,,,,,,,,,,,,,,,,,,,,,,,,
20260909_大垣_4R,20260909,44,大垣,4,238.9,67.4,181.4,467.5,69.6,,,275.2,146.1,577.7,421.9,274.8,,,20.3,65.9,99.8,210.5,14.0,,,656.0,1016.9,568.1,1383.5,813.5,,,1432.2,963.8,816.7,1576.5,2033.8,,,37.8,157.7,30.5,152.6,454.9,,,,,,,,,,,,,,,,,298.2,109.1,207.9,687.0,83.5,,,454.9,538.0,421.9,854.5,247.7,,,79.9,327.5,108.8,625.7,56.7,,,151.3,328.5,166.0,601.7,70.6,,,2311.1,1422.2,2574.4,1374.1,987.2,,,35.4,83.3,40.1,25.4,225.9,,,,,,,,,,,,,,,,,183.7,127.5,386.6,277.4,223.7,,,227.2,286.0,243.5,336.1,164.6,,,198.8,306.2,568.1,503.4,322.8,,,1099.3,977.7,1393.0,1452.7,1081.8,,,241.2,271.8,459.0,713.6,449.9,,,224.7,159.8,309.5,675.6,598.1,,,,,,,,,,,,,,,,,23.4,79.3,127.6,226.9,17.0,,,67.5,274.0,127.6,767.4,52.7,,,249.2,464.3,996.9,554.1,304.0,,,610.7,563.3,1738.2,2118.5,592.9,,,992.1,1667.0,1279.1,2311.1,1111.3,,,35.9,32.5,143.2,178.5,485.3,,,,,,,,,,,,,,,,,1495.4,2392.7,1312.1,3837.3,1312.1,,,945.9,1463.1,895.9,2786.0,317.7,,,2574.4,2054.3,5352.1,4519.5,2711.7,,,1667.0,1355.8,4622.2,5084.5,1974.5,,,6779.3,4960.5,5084.5,8842.6,5810.8,,,1312.1,397.2,2510.8,1723.5,4327.2,,,,,,,,,,,,,,,,,2607.4,1768.5,1848.9,4729.7,3389.6,,,3128.9,2075.3,3766.3,3697.8,2786.0,,,1064.8,1271.1,1271.1,2824.7,1694.8,,,2163.6,3177.8,2607.4,4842.3,3177.8,,,6355.6,4519.5,5649.4,6355.6,5981.7,,,3280.3,2450.3,2210.6,3697.8,4842.3,,,,,,,,,,,,,,,,,23.7,118.4,22.2,119.4,409.2,,,14.9,58.1,21.4,14.0,196.8,,,224.7,179.8,250.7,669.0,587.8,,,34.0,37.8,140.3,165.3,437.3,,,471.8,179.9,797.5,582.7,1753.2,,,1883.1,1037.6,1329.2,1848.9,2641.3,,,,,,,,,,,,,,,,,,,,,,,,,,,,,,,,,,,,,,,,,,,,,,,,,,,,,,,,,,,,,,,,,,,,,,,,,,,,,,,,,,,,,,,,,,,,,,,,,,,,,,,,,,,,,,,,,,,,,,,,,,,,,,,,
20260909_大垣_5R,20260909,44,大垣,5,685.8,2314.7,1771.3,1164.0,2790.4,,,834.8,2869.0,2263.3,1697.5,2611.5,,,3772.2,3182.8,4074.0,4243.7,3285.5,,,2752.7,2578.5,3772.2,3285.5,4850.0,,,1683.4,1711.7,3637.5,3395.0,4074.0,,,2829.1,3285.5,3843.4,4157.1,4629.5,,,,,,,,,,,,,,,,,140.3,757.2,263.8,214.8,814.8,,,42.6,43.2,14.6,7.1,71.3,,,549.0,130.6,323.8,202.2,780.4,,,170.3,25.5,282.1,50.1,195.1,,,112.9,13.4,111.3,45.4,173.3,,,845.2,196.4,1101.0,378.6,383.6,,,,,,,,,,,,,,,,,150.2,863.1,310.5,233.6,834.8,,,38.7,36.3,13.0,6.6,58.3,,,526.3,99.6,249.9,155.7,746.1,,,179.3,24.3,262.5,54.8,202.2,,,97.6,13.6,89.8,41.3,177.4,,,841.7,176.2,874.2,396.3,325.4,,,,,,,,,,,,,,,,,2578.5,2716.0,3395.0,2425.0,3182.8,,,1191.2,198.7,380.7,304.0,1616.6,,,1566.9,220.2,405.7,321.2,1771.3,,,2869.0,1297.4,1095.1,1227.1,2752.7,,,2995.6,805.1,730.1,1297.4,2829.1,,,3843.4,3395.0,3637.5,3772.2,4074.0,,,,,,,,,,,,,,,,,1219.7,1184.3,2829.1,2057.5,3182.8,,,367.6,58.6,583.6,108.1,393.2,,,446.7,67.7,714.7,127.0,467.2,,,3285.5,1257.4,1119.2,1711.7,3994.1,,,1077.7,219.2,245.1,1003.4,1543.1,,,3637.5,1083.5,1249.7,4526.7,2829.1,,,,,,,,,,,,,,,,,650.8,626.7,1656.1,1444.6,1616.6,,,223.6,30.7,202.4,116.0,375.1,,,233.0,36.3,182.5,101.0,341.7,,,1107.0,395.5,361.1,704.8,1818.7,,,690.5,243.6,207.0,615.4,965.4,,,1802.6,1013.4,730.1,2396.4,1531.5,,,,,,,,,,,,,,,,,3040.3,3512.0,2995.6,4526.7,4629.5,,,2611.5,805.1,3133.8,1741.0,1444.6,,,3233.3,866.8,3994.1,2238.4,1424.4,,,4850.0,3917.3,4074.0,5223.1,4737.2,,,5658.3,2752.7,3040.3,5505.4,4157.1,,,4334.0,2546.2,1579.0,4850.0,3994.1,,,,,,,,,,,,,,,,,,,,,,,,,,,,,,,,,,,,,,,,,,,,,,,,,,,,,,,,,,,,,,,,,,,,,,,,,,,,,,,,,,,,,,,,,,,,,,,,,,,,,,,,,,,,,,,,,,,,,,,,,,,,,,,,
20260909_大垣_6R,20260909,44,大垣,6,173.7,282.3,284.8,235.5,209.8,,,86.1,32.4,18.2,26.9,43.5,,,215.3,48.0,41.7,109.9,136.5,,,129.1,16.4,22.2,44.8,56.5,,,79.9,18.7,40.4,30.2,35.8,,,106.1,80.5,144.4,104.4,99.1,,,,,,,,,,,,,,,,,651.0,1240.3,1015.4,898.9,616.2,,,640.4,863.3,759.6,874.9,387.3,,,2153.6,1256.2,1451.7,1342.3,984.8,,,1240.3,937.7,1248.2,2252.6,874.9,,,1420.1,1224.8,2252.6,2545.1,1719.1,,,421.4,235.2,547.4,428.8,513.0,,,,,,,,,,,,,,,,,149.6,92.4,38.2,53.0,79.4,,,241.9,483.9,378.3,323.9,161.8,,,195.0,395.1,111.7,378.3,292.5,,,62.1,245.5,86.3,198.1,156.9,,,126.9,510.3,416.9,278.7,370.4,,,124.9,151.9,295.1,193.0,206.5,,,,,,,,,,,,,,,,,608.6,219.7,162.3,382.7,427.9,,,1380.1,1088.7,989.7,1389.9,852.0,,,244.9,526.8,155.2,642.5,418.7,,,136.4,357.6,105.3,371.1,238.7,,,816.5,1166.5,1187.7,1020.7,1289.3,,,765.5,634.2,699.9,569.7,1202.3,,,,,,,,,,,,,,,,,191.3,33.3,45.0,70.1,89.8,,,488.7,395.9,416.0,1059.3,497.4,,,55.2,214.6,64.6,206.2,132.7,,,55.2,174.0,37.8,145.9,81.8,,,174.6,867.1,349.9,427.9,599.3,,,199.3,249.6,190.6,217.0,675.7,,,,,,,,,,,,,,,,,273.3,77.5,193.4,137.4,129.4,,,826.9,1146.0,1884.4,2512.5,1555.3,,,164.0,874.9,588.5,472.2,499.9,,,694.9,1389.9,994.8,1306.5,1217.2,,,424.1,2177.5,632.1,1036.9,1280.9,,,298.7,1139.4,673.4,1719.1,1389.9,,,,,,,,,,,,,,,,,197.9,220.6,450.5,329.9,245.8,,,133.3,85.6,238.7,265.1,215.3,,,164.9,148.2,369.7,275.2,297.8,,,813.1,569.7,610.5,680.4,1166.5,,,419.6,399.9,376.8,510.3,1065.1,,,353.1,806.5,685.2,1580.4,1088.7,,,,,,,,,,,,,,,,,,,,,,,,,,,,,,,,,,,,,,,,,,,,,,,,,,,,,,,,,,,,,,,,,,,,,,,,,,,,,,,,,,,,,,,,,,,,,,,,,,,,,,,,,,,,,,,,,,,,,,,,,,,,,,,,
20260909_大垣_7R,20260909,44,大垣,7,36.0,16.2,7.7,45.9,31.1,,,66.4,29.3,137.0,187.5,245.7,,,8.5,7.1,26.7,44.5,62.7,,,25.5,111.4,70.0,124.8,144.0,,,117.1,241.5,137.4,187.5,348.9,,,51.7,234.7,118.6,130.8,417.1,,,,,,,,,,,,,,,,,161.4,68.7,47.1,181.0,158.5,,,470.6,439.1,338.6,1079.8,819.4,,,140.6,265.6,192.4,467.0,432.9,,,49.0,129.1,102.3,103.4,64.7,,,313.2,908.7,648.6,262.2,692.7,,,173.9,508.4,292.7,68.0,442.3,,,,,,,,,,,,,,,,,271.5,129.6,549.6,648.6,564.8,,,561.3,480.5,812.2,1401.2,1995.3,,,143.6,343.1,764.8,573.6,1067.2,,,1119.3,1099.2,1456.8,2480.6,2383.9,,,1073.4,2185.3,1184.3,2622.3,4589.1,,,2266.2,3164.9,3530.1,3399.4,4706.8,,,,,,,,,,,,,,,,,36.2,22.9,117.6,116.1,199.0,,,110.9,245.0,298.4,509.9,579.0,,,67.7,221.7,492.1,339.9,941.3,,,432.9,628.6,777.8,1401.2,2353.4,,,492.1,819.4,644.0,1369.9,1799.6,,,857.7,834.3,1873.1,1369.9,1835.6,,,,,,,,,,,,,,,,,202.6,667.5,372.3,812.2,956.0,,,143.8,336.8,279.4,369.3,180.3,,,1349.7,1031.2,1835.6,2913.7,2824.1,,,752.3,728.4,1147.2,1973.8,2960.7,,,1019.8,853.8,2514.6,2185.3,2159.6,,,1223.7,541.4,1799.6,1799.6,1912.1,,,,,,,,,,,,,,,,,199.9,367.8,122.7,358.5,819.4,,,498.8,808.6,601.8,371.5,913.2,,,717.0,1019.8,615.9,1434.1,2085.9,,,397.3,700.6,525.9,976.4,1765.0,,,620.1,586.4,1176.7,1014.1,1390.6,,,1311.1,838.2,2739.8,2238.6,1892.4,,,,,,,,,,,,,,,,,294.1,1099.2,387.2,861.8,1529.7,,,307.9,1019.8,628.6,162.8,1380.2,,,2824.1,3599.3,3277.9,3671.3,4477.2,,,1048.9,882.5,2514.6,2660.4,3164.9,,,1596.2,410.6,2185.3,1782.2,2447.5,,,2294.5,1854.2,3746.2,3530.1,2323.6,,,,,,,,,,,,,,,,,,,,,,,,,,,,,,,,,,,,,,,,,,,,,,,,,,,,,,,,,,,,,,,,,,,,,,,,,,,,,,,,,,,,,,,,,,,,,,,,,,,,,,,,,,,,,,,,,,,,,,,,,,,,,,,,
20260909_大垣_8R,20260909,44,大垣,8,340.8,553.2,176.1,607.5,150.0,,,300.5,170.4,85.1,356.6,200.2,,,872.6,372.3,205.1,1502.6,555.6,,,73.4,33.5,43.8,197.3,41.9,,,1123.6,511.9,1476.4,363.2,813.9,,,69.6,128.5,175.1,65.1,328.5,,,,,,,,,,,,,,,,,379.0,717.3,222.7,1113.7,186.5,,,341.7,190.5,281.5,405.0,126.7,,,980.4,457.5,793.5,1164.8,365.9,,,224.5,380.1,598.9,1066.9,172.5,,,1197.8,628.5,1410.7,1418.6,479.1,,,65.1,38.6,81.9,53.2,161.4,,,,,,,,,,,,,,,,,313.1,206.6,127.0,279.9,200.5,,,282.1,178.7,343.1,277.8,111.4,,,169.4,158.0,130.8,169.8,129.5,,,120.6,291.2,163.8,250.9,209.3,,,186.9,177.3,85.8,143.8,110.3,,,155.6,86.6,126.9,147.8,148.7,,,,,,,,,,,,,,,,,1539.0,723.4,309.6,2152.0,920.0,,,1343.6,715.3,1282.5,1659.7,476.4,,,563.0,534.6,447.0,695.7,426.0,,,304.4,1209.2,581.1,1670.6,725.5,,,2373.2,2015.4,897.3,1999.5,1681.7,,,476.4,333.6,265.3,510.9,678.9,,,,,,,,,,,,,,,,,90.7,53.7,56.0,206.4,42.5,,,144.1,359.1,398.0,774.2,132.5,,,123.5,373.4,201.7,473.7,215.5,,,155.3,663.0,271.5,984.2,389.4,,,331.9,1520.6,678.9,1451.0,769.5,,,87.7,136.7,148.1,227.5,556.8,,,,,,,,,,,,,,,,,1476.4,767.1,1751.3,467.6,1154.2,,,1567.5,678.9,1627.8,1648.9,703.4,,,413.5,396.7,188.6,344.5,201.7,,,2064.5,1788.3,709.3,1775.8,1250.9,,,489.2,1648.9,778.9,1520.6,1036.4,,,1032.2,601.7,237.5,875.6,852.1,,,,,,,,,,,,,,,,,53.1,82.6,133.8,55.4,260.4,,,25.2,13.7,22.6,22.0,66.8,,,71.3,27.2,31.5,56.4,81.0,,,141.3,56.2,56.3,93.8,161.7,,,72.8,62.8,66.7,110.6,295.6,,,491.1,211.6,113.6,250.4,381.8,,,,,,,,,,,,,,,,,,,,,,,,,,,,,,,,,,,,,,,,,,,,,,,,,,,,,,,,,,,,,,,,,,,,,,,,,,,,,,,,,,,,,,,,,,,,,,,,,,,,,,,,,,,,,,,,,,,,,,,,,,,,,,,,
20260909_大垣_9R,20260909,44,大垣,9,275.9,410.2,224.3,199.1,88.1,,,301.5,186.8,423.9,175.8,189.9,,,492.0,253.5,532.2,294.2,315.2,,,456.1,565.7,659.6,529.5,395.9,,,107.6,111.0,172.6,273.5,66.5,,,47.5,87.1,119.3,118.4,57.0,,,,,,,,,,,,,,,,,473.7,713.4,337.0,401.1,143.2,,,681.6,619.5,579.6,1264.7,322.1,,,1062.7,797.0,1104.9,1866.2,603.6,,,344.2,516.9,711.7,862.1,142.4,,,589.7,1275.2,1800.3,1190.8,524.9,,,51.8,116.9,178.8,36.9,187.1,,,,,,,,,,,,,,,,,321.8,171.1,396.9,275.9,194.8,,,479.7,447.4,513.5,1081.4,330.8,,,113.3,206.5,354.6,408.0,159.2,,,617.0,1142.0,1142.0,1987.4,1133.5,,,448.1,1186.2,716.7,1403.9,690.8,,,114.0,188.1,206.5,400.0,358.3,,,,,,,,,,,,,,,,,443.5,232.5,522.2,520.5,293.1,,,732.2,565.7,792.9,1478.5,594.2,,,130.6,223.7,388.8,471.5,165.8,,,876.9,1515.1,1254.3,2833.8,1738.9,,,748.3,1500.2,894.9,2082.0,921.8,,,187.1,266.8,220.0,659.6,541.7,,,,,,,,,,,,,,,,,772.8,921.8,1044.5,889.7,656.7,,,584.0,1204.9,1515.1,1832.6,289.0,,,974.7,1937.0,2429.0,3188.1,2040.4,,,1234.1,3060.6,2887.3,4858.1,2757.3,,,996.9,3030.3,2833.8,4568.0,1866.2,,,539.7,270.8,1416.9,1937.0,1244.1,,,,,,,,,,,,,,,,,139.7,165.4,252.7,286.0,73.7,,,319.1,768.9,971.6,559.5,344.6,,,499.2,1181.7,908.1,1610.8,864.5,,,739.2,1515.1,947.5,2186.1,990.4,,,751.9,1700.3,2067.9,2508.6,1172.6,,,88.7,176.8,365.6,427.4,449.4,,,,,,,,,,,,,,,,,16.0,21.3,29.9,22.2,18.7,,,12.0,35.6,58.8,8.5,50.4,,,31.3,71.4,58.5,125.1,142.1,,,52.5,143.0,73.8,260.0,227.2,,,67.3,43.8,194.6,265.9,270.8,,,20.6,83.1,103.4,149.2,151.9,,,,,,,,,,,,,,,,,,,,,,,,,,,,,,,,,,,,,,,,,,,,,,,,,,,,,,,,,,,,,,,,,,,,,,,,,,,,,,,,,,,,,,,,,,,,,,,,,,,,,,,,,,,,,,,,,,,,,,,,,,,,,,,,
20260909_大垣_10R,20260909,44,大垣,10,136.5,181.9,323.2,62.8,298.1,,,240.6,517.8,667.5,175.7,527.6,,,336.6,501.7,789.3,267.0,779.3,,,693.1,939.0,971.7,611.6,1033.9,,,57.1,115.4,147.4,228.6,175.2,,,369.9,505.8,756.3,836.6,267.4,,,,,,,,,,,,,,,,,68.4,97.2,217.0,31.1,161.5,,,91.6,163.4,332.6,46.4,204.9,,,157.6,213.3,494.4,78.8,315.2,,,325.2,405.6,535.8,211.3,609.2,,,14.0,20.0,33.6,77.9,49.5,,,220.9,240.6,356.2,482.0,97.3,,,,,,,,,,,,,,,,,227.7,430.6,519.5,120.8,350.1,,,152.5,254.1,343.0,72.3,279.4,,,456.9,385.7,1145.7,246.0,612.9,,,974.8,1030.4,1943.4,890.0,1415.0,,,92.6,74.0,159.1,236.2,166.5,,,381.9,369.9,693.1,1003.4,260.8,,,,,,,,,,,,,,,,,533.1,836.6,1016.7,345.0,892.6,,,453.5,537.7,1150.0,244.0,642.4,,,743.5,645.1,2147.3,424.1,1016.7,,,1512.6,2580.4,3337.7,1872.3,3133.3,,,314.6,277.3,366.4,905.8,513.4,,,944.8,850.6,1092.7,2117.7,587.1,,,,,,,,,,,,,,,,,1051.6,1194.8,1137.2,1145.7,1402.1,,,1120.6,1827.7,2693.5,1434.9,2924.4,,,1764.7,3529.5,5686.4,2326.2,5387.1,,,1734.8,4324.9,6141.3,4206.4,5686.4,,,1253.3,1323.5,2843.2,3374.3,2602.2,,,1883.8,3838.3,5686.4,6823.7,3612.5,,,,,,,,,,,,,,,,,17.9,41.0,54.1,142.2,80.0,,,7.7,12.5,21.0,75.0,34.1,,,53.0,32.2,89.8,163.4,90.2,,,86.4,52.7,107.1,263.8,141.5,,,323.2,178.9,284.8,396.7,329.1,,,97.9,63.7,102.0,153.9,256.5,,,,,,,,,,,,,,,,,411.6,534.9,724.2,860.1,288.8,,,345.0,404.5,555.2,750.7,198.1,,,533.1,487.4,848.2,1290.2,338.9,,,821.0,667.5,905.8,1764.7,498.4,,,1253.3,1383.1,1849.8,2006.9,1092.7,,,255.2,182.7,277.8,394.6,575.0,,,,,,,,,,,,,,,,,,,,,,,,,,,,,,,,,,,,,,,,,,,,,,,,,,,,,,,,,,,,,,,,,,,,,,,,,,,,,,,,,,,,,,,,,,,,,,,,,,,,,,,,,,,,,,,,,,,,,,,,,,,,,,,,
20260909_大垣_11R,20260909,44,大垣,11,963.3,688.3,376.9,1717.9,1024.3,,,1311.6,2441.7,836.7,1638.1,2338.8,,,1043.6,2168.9,782.7,3376.0,2270.4,,,157.8,284.4,244.3,401.9,451.9,,,2537.5,1991.0,4462.5,1281.3,4853.0,,,1371.8,2381.8,3405.6,1411.8,4914.5,,,,,,,,,,,,,,,,,403.1,270.7,172.6,776.4,261.6,,,410.8,161.4,146.6,247.7,136.5,,,158.1,87.0,40.8,212.9,33.8,,,40.9,46.0,31.9,102.5,27.9,,,663.6,274.7,365.5,277.1,315.3,,,134.4,78.9,59.7,47.9,254.5,,,,,,,,,,,,,,,,,1069.5,1638.1,613.3,940.0,1411.8,,,724.3,415.6,278.9,390.1,554.6,,,1695.3,583.8,559.4,708.4,1552.9,,,280.3,202.1,324.3,248.2,668.2,,,567.6,281.7,362.1,224.2,474.0,,,2156.9,1427.3,2205.9,1465.0,1099.8,,,,,,,,,,,,,,,,,815.6,1702.8,648.1,2381.8,1546.7,,,384.0,183.1,102.5,541.4,137.6,,,1371.8,443.2,431.8,704.6,888.4,,,250.9,119.9,232.7,531.1,478.7,,,1470.6,1035.3,817.3,884.3,2283.7,,,1922.0,630.2,1552.9,1152.0,2457.2,,,,,,,,,,,,,,,,,14.3,30.8,32.5,63.6,71.9,,,15.5,17.5,8.4,36.0,11.8,,,58.6,37.7,69.6,51.1,112.6,,,55.9,22.0,56.9,126.8,113.6,,,117.1,71.8,44.2,147.4,233.0,,,245.8,101.4,218.8,269.2,406.1,,,,,,,,,,,,,,,,,1903.1,1201.9,2521.0,924.3,3290.2,,,982.9,389.4,575.1,415.6,870.5,,,595.4,198.1,275.3,119.7,380.6,,,3009.6,792.3,682.3,884.3,2641.1,,,542.2,350.0,193.7,567.6,1169.4,,,3844.0,2231.2,1950.9,3033.1,2156.9,,,,,,,,,,,,,,,,,1673.4,2986.5,2941.2,1702.8,5176.6,,,992.9,778.0,525.3,455.1,1325.0,,,3033.1,1941.2,3290.2,2623.2,2623.2,,,2854.7,813.9,2504.8,1903.1,3105.9,,,1432.6,516.9,1565.5,1432.6,2297.3,,,4977.5,3105.9,3081.3,3662.6,2833.9,,,,,,,,,,,,,,,,,,,,,,,,,,,,,,,,,,,,,,,,,,,,,,,,,,,,,,,,,,,,,,,,,,,,,,,,,,,,,,,,,,,,,,,,,,,,,,,,,,,,,,,,,,,,,,,,,,,,,,,,,,,,,,,,
20260909_大垣_12R,20260909,44,大垣,12,80.9,83.2,172.7,294.7,106.5,,,66.6,35.5,86.0,163.2,42.2,,,42.5,18.9,49.3,109.3,12.2,,,216.5,107.6,101.6,377.6,104.3,,,522.4,297.6,284.5,539.1,295.0,,,81.4,42.3,31.5,96.5,165.6,,,,,,,,,,,,,,,,,58.8,65.2,105.7,196.1,79.8,,,58.1,121.4,77.9,149.7,161.3,,,105.5,140.1,184.0,286.7,269.4,,,92.6,84.0,149.3,150.0,168.3,,,307.9,243.4,480.8,253.1,565.4,,,242.8,316.7,454.1,375.7,701.7,,,,,,,,,,,,,,,,,83.9,55.8,119.1,221.4,84.3,,,78.8,162.6,106.1,195.7,239.8,,,101.0,216.9,301.6,486.8,320.4,,,121.6,170.6,315.4,275.4,379.5,,,297.2,403.5,781.5,371.7,877.6,,,269.5,517.3,536.0,594.4,995.2,,,,,,,,,,,,,,,,,67.0,29.7,56.5,127.9,17.8,,,159.8,211.1,342.4,507.4,407.2,,,79.1,178.4,253.5,395.7,241.6,,,138.6,399.3,323.3,522.1,593.4,,,312.0,784.8,596.8,720.8,1076.0,,,143.6,571.1,405.4,703.0,901.0,,,,,,,,,,,,,,,,,125.6,67.8,73.0,235.7,70.8,,,91.2,94.9,155.2,179.2,174.4,,,67.2,124.9,210.9,194.3,256.9,,,90.0,218.4,214.4,344.8,311.0,,,192.7,280.4,200.7,450.5,516.6,,,251.6,382.1,449.9,556.1,604.6,,,,,,,,,,,,,,,,,543.9,229.1,313.8,479.9,370.3,,,509.9,389.9,848.5,420.1,1160.0,,,219.2,401.5,575.1,362.1,906.5,,,336.2,992.5,598.2,970.5,1416.9,,,369.5,411.7,323.6,767.0,1014.2,,,975.6,1718.6,1579.6,1742.8,1540.3,,,,,,,,,,,,,,,,,248.6,178.8,117.4,300.8,504.7,,,463.7,636.7,874.5,839.8,1372.3,,,349.8,697.7,828.6,824.0,1377.4,,,217.7,997.9,792.3,1128.3,1452.9,,,722.9,988.6,991.2,1318.7,1450.1,,,1114.8,2028.5,1802.0,1948.7,1543.5,,,,,,,,,,,,,,,,,,,,,,,,,,,,,,,,,,,,,,,,,,,,,,,,,,,,,,,,,,,,,,,,,,,,,,,,,,,,,,,,,,,,,,,,,,,,,,,,,,,,,,,,,,,,,,,,,,,,,,,,,,,,,,,,
20260909_四日市_1R,20260909,48,四日市,1,344.3,350.4,154.6,272.7,309.6,,,146.1,112.9,53.6,86.6,46.2,,,358.1,257.1,222.8,340.7,197.3,,,98.5,53.8,122.3,46.2,69.5,,,177.4,186.1,202.6,83.4,163.0,,,241.9,54.5,91.3,94.2,197.7,,,,,,,,,,,,,,,,,683.8,1025.8,250.5,800.6,800.6,,,652.1,1349.0,1387.0,2401.9,631.2,,,1697.9,1893.8,3647.4,3282.6,1588.3,,,305.8,1930.9,3787.7,2661.6,2591.5,,,2344.7,4924.0,3787.7,4476.3,4103.3,,,887.2,708.4,757.5,2051.6,2984.2,,,,,,,,,,,,,,,,,73.3,72.4,24.1,46.9,25.9,,,249.3,449.6,386.1,740.4,255.7,,,175.5,318.7,541.1,800.6,54.2,,,41.2,282.9,347.9,362.0,123.2,,,412.0,1186.5,1131.9,937.9,593.2,,,7.9,65.0,6.1,49.1,156.5,,,,,,,,,,,,,,,,,1349.0,660.9,328.2,1538.7,538.1,,,1858.1,1930.9,4103.3,4689.5,1588.3,,,562.7,1262.5,2401.9,2984.2,140.4,,,358.1,7034.3,2896.4,8206.6,3282.6,,,4924.0,5183.1,4689.5,8206.6,4476.3,,,426.3,724.1,108.3,2401.9,2401.9,,,,,,,,,,,,,,,,,224.8,118.0,202.6,122.9,201.3,,,327.1,1858.1,863.8,3517.1,2401.9,,,120.2,929.0,1158.5,1427.2,422.6,,,381.7,4924.0,2344.7,5471.1,2290.2,,,278.1,4103.3,2661.6,3517.1,2735.5,,,266.1,2009.8,529.4,1036.6,2813.7,,,,,,,,,,,,,,,,,1070.4,1448.2,2009.8,228.4,1538.7,,,2344.7,4103.3,3939.2,4103.3,4924.0,,,1858.1,4281.7,3787.7,4689.5,2525.1,,,4924.0,5183.1,5792.9,7575.4,5471.1,,,272.7,3517.1,3077.5,4689.5,3787.7,,,2188.4,4476.3,2401.9,1969.6,6155.0,,,,,,,,,,,,,,,,,282.1,46.1,98.8,150.8,323.9,,,523.8,284.6,274.3,1036.6,1563.1,,,12.6,72.7,7.6,80.8,205.1,,,70.7,211.7,28.2,512.9,437.6,,,220.8,1262.5,269.8,575.9,1614.4,,,1200.9,2591.5,1036.6,1427.2,1588.3,,,,,,,,,,,,,,,,,,,,,,,,,,,,,,,,,,,,,,,,,,,,,,,,,,,,,,,,,,,,,,,,,,,,,,,,,,,,,,,,,,,,,,,,,,,,,,,,,,,,,,,,,,,,,,,,,,,,,,,,,,,,,,,,
20260909_四日市_2R,20260909,48,四日市,2,1147.0,1210.7,435.8,1702.5,656.4,,,2179.3,3632.2,2476.5,4191.0,2534.0,,,1816.1,3891.6,2368.8,1729.6,1379.3,,,511.5,2055.9,2368.8,1981.2,851.2,,,2318.4,5448.3,1415.1,2657.7,1492.6,,,441.1,1328.8,813.1,511.5,923.4,,,,,,,,,,,,,,,,,394.8,644.7,120.1,915.6,311.3,,,271.7,146.6,29.3,255.7,210.7,,,463.6,293.7,95.8,335.2,425.6,,,27.9,4.1,14.7,31.9,8.4,,,585.8,354.9,349.2,110.1,567.5,,,132.4,131.7,189.8,35.1,280.1,,,,,,,,,,,,,,,,,2867.5,4540.2,2368.8,4737.6,1729.6,,,1676.4,908.0,130.6,1171.6,1111.8,,,7783.2,2368.8,6409.7,5188.8,4191.0,,,2945.0,177.1,3026.8,2945.0,1433.7,,,3757.4,3026.8,4953.0,3405.1,6409.7,,,3632.2,1676.4,3204.8,1702.5,5188.8,,,,,,,,,,,,,,,,,1676.4,3632.2,2421.4,1415.1,1702.5,,,1397.0,1159.2,497.5,1018.3,1492.6,,,4953.0,2724.1,3891.6,4358.6,3405.1,,,2318.4,703.0,2534.0,1846.8,1757.5,,,1579.2,947.5,2136.5,1379.3,1757.5,,,1786.3,2055.9,2594.4,2270.1,2270.1,,,,,,,,,,,,,,,,,219.6,1171.6,644.7,1018.3,339.4,,,43.6,5.8,29.8,39.7,9.6,,,990.6,118.1,608.7,981.6,772.8,,,795.3,187.8,931.3,626.2,579.6,,,999.6,164.3,825.5,553.1,422.3,,,104.7,30.8,233.8,198.8,255.7,,,,,,,,,,,,,,,,,1433.7,2318.4,1159.2,1846.8,1362.0,,,370.6,244.8,232.8,114.9,327.2,,,2136.5,1100.6,1651.0,1651.0,2594.4,,,482.1,301.8,558.8,374.4,528.9,,,789.6,164.8,813.1,521.3,513.9,,,851.2,475.8,2095.5,1057.9,528.9,,,,,,,,,,,,,,,,,237.9,1057.9,420.7,291.3,751.4,,,197.0,233.8,281.5,60.8,450.2,,,1626.3,885.9,1472.5,939.3,2724.1,,,1027.9,685.3,1433.7,819.2,471.7,,,181.6,48.5,441.1,325.2,441.1,,,1676.4,858.0,2945.0,1676.4,731.3,,,,,,,,,,,,,,,,,,,,,,,,,,,,,,,,,,,,,,,,,,,,,,,,,,,,,,,,,,,,,,,,,,,,,,,,,,,,,,,,,,,,,,,,,,,,,,,,,,,,,,,,,,,,,,,,,,,,,,,,,,,,,,,,
20260909_四日市_3R,20260909,48,四日市,3,1685.5,874.3,1076.1,1554.4,945.2,,,1457.3,484.0,161.9,1295.3,540.1,,,319.4,224.2,63.9,638.8,65.2,,,314.3,35.6,62.7,423.9,81.0,,,2543.6,1840.8,1227.2,1295.3,1706.1,,,284.9,485.7,101.4,231.2,608.2,,,,,,,,,,,,,,,,,4824.1,1358.2,2798.0,3179.5,1175.6,,,6082.6,3886.1,4512.9,3497.5,4114.7,,,1119.2,2543.6,1998.5,1816.8,174.2,,,2590.7,2798.0,2152.3,3179.5,1865.3,,,4114.7,5181.5,2798.0,4824.1,2743.1,,,863.5,1890.5,174.2,1092.9,1059.8,,,,,,,,,,,,,,,,,2498.2,1084.5,298.9,1970.4,1044.0,,,5380.8,4371.9,4371.9,3997.1,3681.6,,,1358.2,2855.1,992.2,2690.4,902.5,,,252.0,1371.5,777.2,752.1,653.7,,,2220.6,4239.4,4512.9,2412.0,3781.1,,,1626.7,1816.8,1175.6,1260.3,1998.5,,,,,,,,,,,,,,,,,148.0,116.8,35.6,237.1,33.5,,,312.2,533.9,320.8,471.0,90.1,,,285.5,557.3,167.9,669.3,181.2,,,35.0,164.5,70.6,191.3,32.4,,,595.3,592.8,874.3,489.1,222.4,,,12.7,4.6,35.0,6.2,38.5,,,,,,,,,,,,,,,,,413.9,52.3,108.6,317.2,124.2,,,1345.2,1554.4,1295.3,1727.1,1504.3,,,119.4,685.7,326.1,438.5,272.7,,,150.2,832.7,235.1,777.2,111.7,,,1044.0,2690.4,1021.1,1554.4,1442.2,,,198.1,441.3,233.9,162.8,546.4,,,,,,,,,,,,,,,,,2027.5,1608.0,885.4,752.1,1059.8,,,2371.2,2454.4,1645.8,2590.7,1413.1,,,2119.7,2498.2,1840.8,1399.0,2220.6,,,573.3,580.5,794.8,518.1,184.8,,,571.0,552.9,377.0,489.1,332.3,,,571.0,305.4,475.8,218.5,296.4,,,,,,,,,,,,,,,,,351.5,696.0,107.1,254.8,744.1,,,345.4,600.4,59.2,312.9,355.9,,,1283.4,1249.1,564.1,1036.3,1890.5,,,38.2,11.1,101.8,20.8,76.0,,,261.9,333.0,375.0,132.2,595.3,,,1520.6,832.7,1816.8,442.7,863.5,,,,,,,,,,,,,,,,,,,,,,,,,,,,,,,,,,,,,,,,,,,,,,,,,,,,,,,,,,,,,,,,,,,,,,,,,,,,,,,,,,,,,,,,,,,,,,,,,,,,,,,,,,,,,,,,,,,,,,,,,,,,,,,,
20260909_四日市_4R,20260909,48,四日市,4,1971.5,2160.5,4150.5,1900.2,2426.4,,,2543.8,3504.9,1855.5,2075.2,1058.5,,,2719.3,4150.5,3846.8,2221.4,3285.8,,,4928.7,2503.5,4262.7,4262.7,2285.8,,,2719.3,2022.0,2253.1,4150.5,1733.1,,,2048.3,1095.2,2131.3,1241.8,2131.3,,,,,,,,,,,,,,,,,2048.3,1577.2,2221.4,2102.9,1733.1,,,916.9,538.2,411.8,2022.0,155.8,,,606.6,707.2,643.7,1812.8,503.8,,,2048.3,691.7,1080.2,3092.5,540.1,,,2102.9,2816.4,2253.1,2585.5,3033.0,,,838.9,128.0,402.3,222.1,1877.6,,,,,,,,,,,,,,,,,685.7,800.6,543.8,817.2,331.3,,,512.0,325.8,192.8,979.6,118.7,,,444.2,364.2,238.2,1177.0,172.5,,,353.6,169.7,191.4,561.2,39.9,,,590.7,1371.4,1383.5,538.2,358.4,,,54.6,28.9,35.2,4.3,82.8,,,,,,,,,,,,,,,,,2253.1,3504.9,2543.8,1733.1,1561.5,,,1772.1,1080.2,1065.6,1923.4,800.6,,,1877.6,1282.2,825.7,2221.4,446.8,,,1855.5,1855.5,1487.9,3092.5,1134.6,,,3285.8,3584.5,3755.2,3584.5,3428.7,,,1460.3,1126.5,364.2,515.4,1660.2,,,,,,,,,,,,,,,,,2816.4,2160.5,2022.0,4506.3,1772.1,,,3218.7,985.7,1695.9,3943.0,812.9,,,1531.2,575.6,821.4,1593.1,96.5,,,1577.2,2285.8,1812.8,4779.4,1325.3,,,4928.7,3504.9,3504.9,6308.8,2075.2,,,613.6,299.2,62.7,417.2,769.3,,,,,,,,,,,,,,,,,2867.6,2102.9,2426.4,3667.9,1677.8,,,3667.9,3846.8,2503.5,3943.0,4928.7,,,1792.2,3755.2,2920.7,2253.1,1051.4,,,1772.1,3755.2,4638.8,4638.8,5438.6,,,5841.5,5632.8,3504.9,6308.8,2426.4,,,2585.5,4262.7,998.2,3504.9,1271.9,,,,,,,,,,,,,,,,,955.8,360.0,985.7,597.4,1151.2,,,586.3,64.7,326.5,160.9,1314.3,,,46.1,16.4,24.2,2.1,95.8,,,579.8,430.9,140.1,206.9,549.5,,,198.3,84.8,11.6,91.1,334.8,,,1110.7,1855.5,483.8,1947.1,697.8,,,,,,,,,,,,,,,,,,,,,,,,,,,,,,,,,,,,,,,,,,,,,,,,,,,,,,,,,,,,,,,,,,,,,,,,,,,,,,,,,,,,,,,,,,,,,,,,,,,,,,,,,,,,,,,,,,,,,,,,,,,,,,,,
20260909_四日市_5R,20260909,48,四日市,5,129.8,76.5,116.3,158.2,98.9,,,129.3,59.8,52.2,205.0,70.4,,,58.2,34.8,24.2,98.1,15.4,,,90.7,42.9,36.6,156.5,39.9,,,318.5,344.3,259.4,302.0,242.5,,,79.0,68.1,26.1,50.8,127.0,,,,,,,,,,,,,,,,,173.8,112.6,131.1,140.4,131.9,,,230.5,356.9,176.4,161.5,601.0,,,214.6,464.8,316.7,291.1,604.1,,,194.8,191.6,300.5,196.9,547.5,,,110.0,112.9,206.5,112.5,286.8,,,400.3,844.0,885.5,742.2,683.6,,,,,,,,,,,,,,,,,134.6,58.2,38.8,173.1,65.4,,,182.9,245.3,139.4,136.4,385.1,,,109.5,295.1,146.8,473.2,338.3,,,27.8,66.4,74.1,96.1,85.6,,,303.6,200.6,470.4,207.4,527.7,,,253.8,566.0,491.1,303.2,608.8,,,,,,,,,,,,,,,,,151.9,124.8,85.6,245.8,52.1,,,348.9,640.5,517.2,410.1,962.1,,,237.5,693.7,288.9,888.9,771.5,,,133.9,511.5,276.0,679.6,642.2,,,626.7,640.5,1016.4,888.9,1601.3,,,225.6,1256.9,931.4,730.6,1528.0,,,,,,,,,,,,,,,,,90.2,46.0,46.0,168.8,37.6,,,130.9,129.8,195.6,153.4,303.6,,,30.4,69.4,73.6,102.4,111.7,,,74.6,203.8,143.3,441.9,235.6,,,225.8,197.7,199.9,430.5,416.7,,,148.2,433.7,335.9,347.9,580.1,,,,,,,,,,,,,,,,,318.9,477.1,450.4,411.6,374.6,,,193.5,154.8,257.7,155.2,391.6,,,471.3,233.3,664.1,291.8,882.2,,,543.7,454.8,958.1,771.5,1205.1,,,332.0,234.4,287.9,566.0,620.1,,,766.5,677.6,1224.0,1284.5,920.4,,,,,,,,,,,,,,,,,337.8,363.5,161.3,272.8,584.4,,,695.8,1658.1,1528.0,1948.2,478.1,,,662.3,1757.8,1291.6,1016.4,1998.2,,,310.0,1470.4,1263.7,1186.7,485.0,,,413.7,1416.9,906.1,1118.6,1669.9,,,1359.2,1998.2,2385.6,2314.7,1826.5,,,,,,,,,,,,,,,,,,,,,,,,,,,,,,,,,,,,,,,,,,,,,,,,,,,,,,,,,,,,,,,,,,,,,,,,,,,,,,,,,,,,,,,,,,,,,,,,,,,,,,,,,,,,,,,,,,,,,,,,,,,,,,,,
20260909_四日市_6R,20260909,48,四日市,6,568.5,2478.3,1952.6,4027.3,1371.0,,,142.1,90.3,33.3,174.4,25.5,,,2034.8,321.6,1044.9,2801.6,662.0,,,942.9,89.7,549.1,1171.5,141.3,,,4393.4,623.5,3579.8,1972.5,1306.1,,,526.7,49.8,436.3,177.6,680.6,,,,,,,,,,,,,,,,,2221.9,6443.7,5857.9,7435.0,5369.7,,,1475.6,2842.8,1841.0,3332.9,1823.6,,,5857.9,4832.7,8404.8,8054.6,6040.9,,,6235.8,3169.0,9999.9,9999.9,4393.4,,,9999.9,6235.8,5523.1,7732.4,9999.9,,,5224.6,2684.8,5087.1,4495.6,9999.9,,,,,,,,,,,,,,,,,71.9,39.4,12.1,100.9,9.9,,,123.2,252.3,154.0,594.8,146.4,,,52.8,218.9,57.9,354.0,46.5,,,14.7,94.1,45.9,138.8,9.4,,,243.7,886.7,724.0,318.4,257.7,,,7.7,73.1,31.4,7.0,96.0,,,,,,,,,,,,,,,,,3221.8,1171.5,1208.1,4393.4,966.5,,,3451.9,4113.0,5224.6,3717.5,6040.9,,,685.5,1680.9,685.5,2101.2,521.0,,,2247.8,4393.4,1239.1,5685.6,2329.0,,,8054.6,4202.4,3866.2,8404.8,6903.9,,,1952.6,4714.9,924.9,2478.3,4393.4,,,,,,,,,,,,,,,,,1137.1,105.2,740.6,1239.1,235.7,,,2648.1,789.0,3117.9,3790.4,2357.4,,,57.1,249.1,160.9,292.8,51.2,,,1342.4,3866.2,429.5,4027.3,1117.4,,,2416.3,5523.1,802.1,4956.7,2386.5,,,209.4,911.8,86.5,604.0,1012.1,,,,,,,,,,,,,,,,,6235.8,2478.3,6040.9,6040.9,4956.7,,,9665.5,4027.3,7732.4,8786.8,9999.9,,,1558.9,3514.7,2801.6,1823.6,1741.5,,,8054.6,7732.4,6235.8,9205.3,9205.3,,,6235.8,7732.4,3717.5,9205.3,2196.7,,,4495.6,5685.6,2885.2,5857.9,4393.4,,,,,,,,,,,,,,,,,502.1,43.4,362.6,156.1,617.6,,,1342.4,558.7,2928.9,1773.5,4602.6,,,24.7,118.0,78.3,34.6,173.6,,,613.6,1895.2,251.3,752.1,2478.3,,,173.2,755.1,74.1,490.6,836.8,,,1351.8,3514.7,623.5,3020.4,1271.7,,,,,,,,,,,,,,,,,,,,,,,,,,,,,,,,,,,,,,,,,,,,,,,,,,,,,,,,,,,,,,,,,,,,,,,,,,,,,,,,,,,,,,,,,,,,,,,,,,,,,,,,,,,,,,,,,,,,,,,,,,,,,,,,
20260909_四日市_7R,20260909,48,四日市,7,9150.3,5591.8,5920.7,7455.8,7189.5,,,9999.9,8387.7,6941.6,8387.7,6710.2,,,4681.5,6710.2,5032.6,3660.1,5032.6,,,9586.0,6493.7,7455.8,9150.3,7742.5,,,9586.0,7189.5,3947.1,9999.9,6941.6,,,7189.5,6941.6,6493.7,6290.8,9150.3,,,,,,,,,,,,,,,,,9999.9,4909.9,6941.6,5751.6,6941.6,,,9999.9,3594.7,6941.6,6290.8,6941.6,,,1993.1,1491.1,821.6,185.8,538.2,,,7742.5,7189.5,2875.8,3411.9,3871.2,,,3145.4,2648.7,283.5,1781.4,808.4,,,5297.5,5161.7,1037.6,3355.1,1369.4,,,,,,,,,,,,,,,,,8052.2,7455.8,4473.4,6100.2,4376.2,,,4909.9,3871.2,5032.6,6290.8,5920.7,,,6493.7,3195.3,5032.6,2757.6,4108.3,,,6941.6,8752.4,6493.7,7455.8,7742.5,,,4909.9,5032.6,3355.1,6493.7,5591.8,,,7455.8,7742.5,5032.6,6710.2,5751.6,,,,,,,,,,,,,,,,,590.3,1184.1,815.0,278.4,742.8,,,166.7,84.2,30.0,4.4,22.8,,,828.4,230.8,421.1,116.1,404.2,,,505.7,81.1,372.1,25.4,156.4,,,72.2,2.9,31.4,9.9,5.5,,,396.2,47.0,265.5,96.1,20.1,,,,,,,,,,,,,,,,,5591.8,4026.1,3246.8,7742.5,5920.7,,,6290.8,6100.2,2425.3,4681.5,4793.0,,,8387.7,6290.8,6941.6,9999.9,9150.3,,,4283.1,1623.4,3798.2,923.4,2485.2,,,5751.6,3798.2,7189.5,1397.9,3531.6,,,6941.6,1993.1,7455.8,5440.7,5440.7,,,,,,,,,,,,,,,,,3531.6,4793.0,1691.6,5591.8,3660.1,,,1378.8,1106.0,83.4,374.8,314.5,,,4193.8,2757.6,1016.7,4026.1,3594.7,,,330.5,24.3,205.8,62.9,56.7,,,4026.1,828.4,2614.3,270.2,1258.1,,,2236.7,417.6,1124.6,226.9,875.2,,,,,,,,,,,,,,,,,6290.8,5032.6,5032.6,8052.2,6100.2,,,4473.4,4193.8,1184.1,3531.6,1307.1,,,6710.2,8052.2,4193.8,7455.8,5591.8,,,3727.9,852.9,2795.9,1954.4,437.6,,,8752.4,5591.8,8052.2,4473.4,5161.7,,,5591.8,1137.3,4681.5,503.2,1735.4,,,,,,,,,,,,,,,,,,,,,,,,,,,,,,,,,,,,,,,,,,,,,,,,,,,,,,,,,,,,,,,,,,,,,,,,,,,,,,,,,,,,,,,,,,,,,,,,,,,,,,,,,,,,,,,,,,,,,,,,,,,,,,,,
20260909_四日市_8R,20260909,48,四日市,8,690.0,109.7,122.5,426.5,97.2,,,1005.5,1328.0,735.7,2707.1,424.0,,,150.8,796.8,252.5,1466.3,178.1,,,83.5,362.1,113.5,619.2,69.7,,,1689.2,3640.6,2513.7,1466.3,1624.2,,,92.4,238.8,140.3,91.2,615.6,,,,,,,,,,,,,,,,,578.5,91.2,156.5,294.9,103.9,,,513.7,182.8,529.2,377.7,145.8,,,27.2,78.2,29.5,19.3,11.9,,,201.8,572.2,112.6,406.0,152.3,,,278.9,657.8,93.4,387.4,163.6,,,74.5,79.2,29.6,99.1,99.0,,,,,,,,,,,,,,,,,1303.4,1611.8,802.8,3299.3,624.7,,,959.8,360.9,776.3,564.5,251.6,,,964.1,377.0,834.6,1587.6,327.3,,,767.8,1446.2,1353.5,3299.3,570.6,,,3578.9,2270.5,2932.7,3248.5,1919.6,,,253.1,123.5,168.7,237.5,683.3,,,,,,,,,,,,,,,,,117.8,540.0,218.5,728.1,191.4,,,29.7,70.7,33.7,23.6,11.7,,,540.0,251.3,591.4,938.4,238.8,,,188.5,126.5,527.8,713.3,161.3,,,1000.7,238.0,1123.1,898.5,575.3,,,99.7,29.2,90.8,96.4,228.2,,,,,,,,,,,,,,,,,152.6,462.0,200.3,773.4,121.2,,,290.4,834.6,219.4,690.0,319.9,,,740.9,1371.1,1213.5,3060.2,617.4,,,276.3,196.2,821.6,1147.5,259.4,,,2853.4,1836.1,4590.3,2222.7,1937.2,,,170.1,244.6,372.4,311.4,1010.3,,,,,,,,,,,,,,,,,3105.2,6811.5,4492.7,3770.6,3704.5,,,1745.1,1774.4,335.1,1611.8,1000.7,,,6033.0,2892.5,3151.6,5865.4,3248.5,,,2932.7,432.6,2853.4,2484.2,2132.9,,,3770.6,2427.0,4910.6,3519.2,3248.5,,,2544.0,1242.1,2246.3,1820.3,2070.1,,,,,,,,,,,,,,,,,75.4,96.6,110.2,102.0,531.8,,,70.6,49.8,32.8,79.4,144.0,,,71.0,43.4,59.2,76.1,339.4,,,97.7,29.0,65.0,98.9,184.4,,,104.1,115.0,105.2,165.6,615.6,,,1040.1,533.2,812.1,799.8,926.1,,,,,,,,,,,,,,,,,,,,,,,,,,,,,,,,,,,,,,,,,,,,,,,,,,,,,,,,,,,,,,,,,,,,,,,,,,,,,,,,,,,,,,,,,,,,,,,,,,,,,,,,,,,,,,,,,,,,,,,,,,,,,,,,
20260909_四日市_9R,20260909,48,四日市,9,2366.9,747.4,987.9,2771.0,1658.5,,,3155.9,912.5,1658.5,2206.0,2123.6,,,296.2,217.8,104.8,612.4,192.8,,,556.9,1066.7,243.2,1925.6,470.4,,,5410.1,2028.7,1514.8,3787.0,4057.5,,,1377.1,1958.8,483.4,578.1,2524.7,,,,,,,,,,,,,,,,,2227.6,1215.1,851.0,2805.2,1234.9,,,2805.2,2318.6,1108.4,2642.1,1847.3,,,938.9,1588.9,242.5,1789.1,475.3,,,275.4,291.6,159.4,670.2,53.5,,,5542.0,2642.1,3200.3,2010.8,2950.9,,,992.2,1076.8,472.4,104.2,1993.2,,,,,,,,,,,,,,,,,2805.2,1545.7,1588.9,1942.0,1862.5,,,3442.8,2737.6,1360.6,2028.7,1975.8,,,1221.6,1993.2,1076.8,1241.6,1368.8,,,1447.2,701.3,1262.3,1032.8,555.5,,,931.2,931.2,905.2,550.1,619.1,,,2084.6,1385.5,1683.1,662.4,1082.0,,,,,,,,,,,,,,,,,56.7,71.5,20.6,179.0,41.8,,,187.1,396.5,90.2,721.3,164.4,,,338.6,686.4,365.9,579.6,471.4,,,34.1,25.2,132.1,246.1,20.0,,,597.9,1092.4,565.2,532.1,723.6,,,71.6,101.2,217.2,27.4,471.4,,,,,,,,,,,,,,,,,226.3,465.6,189.3,1298.4,176.8,,,89.8,96.1,40.7,259.3,11.9,,,857.4,298.9,638.2,873.9,214.3,,,78.4,41.8,207.7,364.1,33.8,,,1670.7,395.8,732.9,805.7,369.4,,,55.8,4.8,53.5,19.3,120.5,,,,,,,,,,,,,,,,,3787.0,2272.2,2318.6,3606.7,3495.7,,,5284.3,2417.2,3246.0,2249.7,3442.8,,,1051.9,894.5,826.2,475.3,554.2,,,1789.1,2366.9,1042.3,1255.3,1747.8,,,2469.8,762.5,938.9,1411.3,651.0,,,3070.6,2342.5,908.9,1832.4,817.3,,,,,,,,,,,,,,,,,783.5,1037.5,361.8,379.3,1958.8,,,582.6,427.9,265.7,67.8,1066.7,,,1042.3,446.4,576.7,191.7,538.4,,,160.9,218.0,216.6,54.0,360.1,,,100.0,8.1,60.7,32.4,150.4,,,1255.3,1183.4,517.5,1377.1,476.3,,,,,,,,,,,,,,,,,,,,,,,,,,,,,,,,,,,,,,,,,,,,,,,,,,,,,,,,,,,,,,,,,,,,,,,,,,,,,,,,,,,,,,,,,,,,,,,,,,,,,,,,,,,,,,,,,,,,,,,,,,,,,,,,
20260909_四日市_10R,20260909,48,四日市,10,315.9,189.0,86.1,85.2,42.0,,,358.4,174.8,133.0,379.2,58.6,,,211.5,189.8,129.2,184.5,58.1,,,99.6,106.9,70.6,66.2,16.0,,,99.1,271.0,186.4,129.8,53.8,,,21.9,16.9,13.2,3.5,13.2,,,,,,,,,,,,,,,,,676.1,232.7,137.7,115.8,84.2,,,1205.6,1338.2,2457.6,1116.1,1670.5,,,491.5,760.7,2411.2,1101.7,601.4,,,998.4,4406.8,3363.1,1512.4,1879.3,,,92.7,593.0,244.5,485.9,149.9,,,187.9,786.4,642.2,1064.9,323.5,,,,,,,,,,,,,,,,,919.4,269.6,310.1,670.8,146.8,,,1277.9,884.4,2261.9,1183.3,1352.3,,,192.7,662.1,743.0,440.6,289.7,,,1156.5,4647.2,1996.8,3194.9,1521.4,,,922.7,1324.3,943.1,2388.7,1277.9,,,199.5,1146.1,363.5,803.7,736.5,,,,,,,,,,,,,,,,,700.2,325.1,499.2,650.3,178.7,,,709.9,1597.4,2505.8,1297.4,1366.8,,,264.3,747.3,887.4,615.8,326.0,,,1217.1,2748.3,1966.1,2748.3,1865.6,,,994.5,1271.6,1317.5,2662.4,1304.0,,,247.6,975.5,601.4,1172.4,909.6,,,,,,,,,,,,,,,,,919.4,808.8,776.8,994.5,155.1,,,1951.1,1199.9,2778.2,3363.1,906.3,,,1444.0,4822.5,3932.2,5556.4,2481.5,,,1936.3,3993.7,1156.5,3704.3,936.2,,,2530.6,3872.6,6085.6,3993.7,2184.5,,,236.8,1921.7,827.1,1774.9,2242.0,,,,,,,,,,,,,,,,,178.7,676.1,358.9,399.3,175.7,,,120.5,467.2,257.1,681.5,179.7,,,781.6,893.6,863.5,2904.5,1389.1,,,516.3,623.4,1022.3,2147.8,814.0,,,1468.9,1703.9,3814.8,2505.8,1727.0,,,241.8,355.4,1135.9,700.2,1014.2,,,,,,,,,,,,,,,,,51.8,37.7,31.6,16.2,33.2,,,192.6,740.8,706.0,635.8,343.5,,,141.0,700.2,288.1,574.3,586.2,,,145.3,808.8,374.7,688.9,711.9,,,130.8,1111.2,726.1,919.4,1018.3,,,136.1,382.0,648.7,645.4,762.9,,,,,,,,,,,,,,,,,,,,,,,,,,,,,,,,,,,,,,,,,,,,,,,,,,,,,,,,,,,,,,,,,,,,,,,,,,,,,,,,,,,,,,,,,,,,,,,,,,,,,,,,,,,,,,,,,,,,,,,,,,,,,,,,
20260909_四日市_11R,20260909,48,四日市,11,40.1,65.6,11.2,53.1,18.0,,,78.6,100.0,52.6,420.2,136.0,,,146.4,129.6,101.3,877.0,226.0,,,5.5,17.1,35.7,118.2,15.9,,,499.2,1339.6,1561.7,597.2,1187.1,,,46.1,145.3,180.9,49.5,336.4,,,,,,,,,,,,,,,,,63.1,115.0,18.3,71.3,28.8,,,100.4,238.7,169.5,344.7,210.5,,,249.1,259.8,449.3,385.2,293.5,,,42.4,219.9,355.7,331.4,121.9,,,188.7,294.6,503.5,234.5,201.1,,,40.6,97.7,174.2,67.0,81.8,,,,,,,,,,,,,,,,,146.9,119.2,86.4,2071.2,337.6,,,187.3,318.1,335.2,1452.9,509.6,,,98.1,177.2,193.6,960.6,366.8,,,152.9,427.5,361.8,2281.6,851.4,,,3744.1,3696.7,3209.2,4294.7,5840.9,,,568.1,633.5,884.9,1154.3,4294.7,,,,,,,,,,,,,,,,,397.8,227.4,297.3,1934.0,596.0,,,507.9,588.8,839.2,1404.0,752.6,,,169.2,275.7,344.7,1065.8,596.0,,,452.0,864.0,787.1,3074.1,1333.5,,,5510.2,3074.1,3476.7,4787.6,4635.6,,,731.9,846.5,618.7,1154.3,3140.2,,,,,,,,,,,,,,,,,26.6,52.8,94.0,379.2,57.8,,,86.7,390.4,586.4,915.5,211.3,,,186.1,636.2,722.8,2891.5,1390.6,,,383.7,1145.2,682.3,3174.4,806.7,,,1668.8,2413.5,4867.4,5123.6,3356.8,,,225.8,367.8,644.6,1050.5,1896.3,,,,,,,,,,,,,,,,,2000.3,5840.9,6953.4,2980.0,4424.9,,,1759.3,3209.2,3318.6,2654.9,890.3,,,6637.3,4294.7,4787.6,9734.8,9999.9,,,7685.4,4294.7,4172.0,7488.3,7488.3,,,3605.5,3605.5,7893.1,7301.1,6213.7,,,5510.2,1102.0,9126.4,5123.6,6348.8,,,,,,,,,,,,,,,,,123.6,459.1,399.5,163.3,963.8,,,111.3,302.6,340.3,180.3,226.7,,,882.3,804.5,1242.7,1513.1,3476.7,,,802.3,748.8,1187.1,1333.5,2755.1,,,241.3,342.3,848.9,895.8,1521.0,,,2355.2,811.2,4232.5,3244.9,2496.1,,,,,,,,,,,,,,,,,,,,,,,,,,,,,,,,,,,,,,,,,,,,,,,,,,,,,,,,,,,,,,,,,,,,,,,,,,,,,,,,,,,,,,,,,,,,,,,,,,,,,,,,,,,,,,,,,,,,,,,,,,,,,,,,
20260909_四日市_12R,20260909,48,四日市,12,185.7,350.0,368.8,369.2,247.2,,,73.3,90.5,22.9,52.6,28.6,,,284.7,237.0,507.3,530.7,314.7,,,254.1,62.2,304.6,230.7,115.0,,,376.6,136.4,475.7,288.9,213.6,,,93.0,30.5,134.6,72.0,79.0,,,,,,,,,,,,,,,,,210.8,437.9,483.4,412.9,236.3,,,193.6,314.2,209.5,280.8,378.8,,,336.7,272.2,584.7,367.1,698.7,,,692.5,353.8,604.6,703.8,832.8,,,522.2,406.9,566.9,803.7,795.5,,,504.6,566.9,881.7,893.8,841.8,,,,,,,,,,,,,,,,,57.4,68.8,13.0,36.3,22.9,,,99.6,160.7,81.4,142.2,198.2,,,139.3,132.6,98.8,207.0,264.2,,,11.4,33.6,40.6,21.4,27.0,,,50.5,98.4,158.2,31.3,76.5,,,75.0,215.5,246.2,78.6,140.1,,,,,,,,,,,,,,,,,487.6,467.2,1041.6,955.0,643.5,,,426.9,346.2,622.0,453.6,824.1,,,418.6,329.9,432.1,618.0,755.5,,,1030.6,742.6,538.7,1162.5,1333.1,,,1280.7,703.8,785.9,1490.9,1395.0,,,921.2,1103.4,1025.2,1614.1,1370.6,,,,,,,,,,,,,,,,,320.4,73.4,336.7,331.8,158.4,,,476.3,272.5,446.4,670.0,688.9,,,33.7,92.0,111.9,73.8,79.8,,,590.0,459.5,318.6,914.8,715.4,,,479.8,668.8,185.3,787.5,534.3,,,306.8,670.0,240.8,919.1,635.1,,,,,,,,,,,,,,,,,434.9,143.1,590.9,322.2,237.3,,,579.5,361.6,527.1,703.8,693.8,,,96.8,188.4,261.8,82.2,124.1,,,959.7,571.9,596.3,1036.1,1022.5,,,399.0,596.3,155.1,645.6,478.1,,,382.2,642.4,269.0,851.0,538.0,,,,,,,,,,,,,,,,,240.0,66.0,261.9,174.3,173.9,,,498.2,785.9,1109.7,1173.0,1109.7,,,159.8,538.7,550.1,232.6,382.9,,,578.7,969.2,999.0,1568.7,1375.4,,,331.0,858.5,300.2,1076.0,864.2,,,367.1,1055.7,472.9,1073.1,792.3,,,,,,,,,,,,,,,,,,,,,,,,,,,,,,,,,,,,,,,,,,,,,,,,,,,,,,,,,,,,,,,,,,,,,,,,,,,,,,,,,,,,,,,,,,,,,,,,,,,,,,,,,,,,,,,,,,,,,,,,,,,,,,,,
20260909_高知_1R,20260909,74,高知,1,530.3,235.5,456.1,1055.4,328.2,,,737.3,187.8,171.7,390.0,435.8,,,117.6,65.0,45.8,210.6,104.3,,,472.1,129.7,103.0,572.6,441.2,,,3075.9,1281.6,1098.5,1583.2,1329.1,,,462.0,482.7,251.5,460.0,1209.6,,,,,,,,,,,,,,,,,538.2,230.5,392.9,1583.2,358.8,,,255.7,232.0,91.7,288.6,123.6,,,157.1,201.9,111.1,685.7,134.9,,,165.1,60.5,87.2,303.2,95.1,,,2909.6,1495.2,1922.4,1435.4,1362.7,,,85.6,69.3,81.0,48.4,240.8,,,,,,,,,,,,,,,,,803.4,231.5,167.6,450.4,470.1,,,803.4,358.8,165.3,727.4,395.8,,,193.9,288.6,67.0,252.1,280.3,,,60.3,67.9,25.0,30.1,64.0,,,510.2,815.5,257.5,74.5,763.5,,,578.8,512.6,410.9,218.3,737.3,,,,,,,,,,,,,,,,,58.8,38.9,41.4,208.2,70.0,,,153.7,238.7,133.9,618.7,145.0,,,109.2,221.5,68.1,181.5,172.5,,,54.8,86.5,42.7,214.8,118.6,,,644.6,1183.0,498.4,525.1,785.8,,,202.7,210.6,241.3,231.5,510.2,,,,,,,,,,,,,,,,,265.1,117.1,74.3,554.9,387.2,,,155.1,81.6,76.2,325.2,97.5,,,43.5,47.1,15.5,22.8,45.5,,,44.4,60.4,23.2,129.7,97.9,,,601.4,690.1,100.2,345.0,598.1,,,191.2,160.4,98.1,136.4,450.4,,,,,,,,,,,,,,,,,3844.9,1922.4,1764.8,2290.5,4140.6,,,7177.2,2625.8,3262.3,3262.3,3472.8,,,1183.0,2197.1,601.4,187.8,1957.4,,,1537.9,2909.6,961.2,1006.1,3166.4,,,1495.2,2153.1,251.5,828.1,1993.6,,,5382.9,2909.6,2990.5,3075.9,2691.4,,,,,,,,,,,,,,,,,288.6,366.1,199.7,331.2,1736.4,,,101.6,86.9,77.8,61.8,468.0,,,404.7,294.9,287.8,173.3,543.7,,,195.7,167.1,220.6,170.3,758.1,,,295.7,157.6,127.2,203.5,517.5,,,1121.4,1398.1,889.7,920.1,1076.5,,,,,,,,,,,,,,,,,,,,,,,,,,,,,,,,,,,,,,,,,,,,,,,,,,,,,,,,,,,,,,,,,,,,,,,,,,,,,,,,,,,,,,,,,,,,,,,,,,,,,,,,,,,,,,,,,,,,,,,,,,,,,,,,
20260909_高知_2R,20260909,74,高知,2,134.3,153.2,64.9,309.1,69.5,,,420.4,607.9,484.7,1236.5,308.4,,,294.1,503.1,157.0,369.3,98.5,,,37.9,124.3,44.7,97.8,11.0,,,605.4,1072.8,444.8,382.9,99.7,,,20.9,87.6,25.6,8.3,19.1,,,,,,,,,,,,,,,,,328.6,416.8,146.9,889.7,223.1,,,522.9,391.1,109.3,1195.9,542.4,,,675.5,620.8,341.7,1389.6,756.0,,,74.5,31.4,81.7,378.9,85.3,,,1823.8,1870.6,2177.7,1226.1,1737.0,,,344.1,552.6,590.7,231.6,838.5,,,,,,,,,,,,,,,,,1870.6,1894.9,1257.8,3171.9,1326.4,,,1302.7,929.3,314.4,2145.7,1268.7,,,2210.7,1658.0,1338.6,6343.9,3039.8,,,1122.3,347.4,763.9,2918.2,1268.7,,,4053.0,4559.7,6079.6,4706.8,5836.4,,,2114.6,2391.9,2805.9,1971.7,4291.5,,,,,,,,,,,,,,,,,715.2,1176.7,255.9,752.1,243.1,,,815.1,953.6,579.0,1603.4,806.1,,,1363.6,1639.4,1585.9,3171.9,1757.9,,,272.7,491.2,1072.8,763.9,381.9,,,1268.7,2391.9,3242.4,1131.0,1376.5,,,275.3,858.3,1326.4,496.2,792.9,,,,,,,,,,,,,,,,,48.5,142.4,62.4,116.6,14.2,,,29.5,17.5,39.9,168.2,33.3,,,275.8,101.1,236.1,1042.2,295.9,,,129.2,107.6,210.8,298.9,140.9,,,363.8,530.5,1167.2,501.4,286.6,,,38.3,115.8,257.3,95.4,98.7,,,,,,,,,,,,,,,,,1488.8,2244.7,868.5,1006.2,312.4,,,2515.7,3242.4,3171.9,1402.9,1846.9,,,4559.7,4291.5,5404.1,5211.1,4168.8,,,1279.9,2515.7,4168.8,1737.0,941.3,,,1006.2,1072.8,2918.2,1158.0,725.9,,,235.7,972.7,1919.8,513.7,675.5,,,,,,,,,,,,,,,,,44.2,185.6,59.8,35.7,32.3,,,152.9,497.9,469.1,262.9,426.6,,,461.7,1291.2,1459.1,1176.7,1473.8,,,137.3,581.3,1131.0,556.9,415.7,,,75.4,224.8,645.6,352.4,247.3,,,77.1,405.3,878.9,246.8,349.0,,,,,,,,,,,,,,,,,,,,,,,,,,,,,,,,,,,,,,,,,,,,,,,,,,,,,,,,,,,,,,,,,,,,,,,,,,,,,,,,,,,,,,,,,,,,,,,,,,,,,,,,,,,,,,,,,,,,,,,,,,,,,,,,
20260909_高知_3R,20260909,74,高知,3,114.0,79.3,22.8,76.5,73.9,,,303.5,195.2,209.0,852.3,578.6,,,131.3,108.8,85.2,469.7,298.4,,,7.7,32.8,20.6,52.7,3.1,,,239.2,852.3,790.8,307.4,777.8,,,157.8,446.2,410.2,35.2,480.9,,,,,,,,,,,,,,,,,328.7,265.5,47.1,113.7,171.2,,,1086.6,1176.4,1330.3,942.7,2156.8,,,517.6,930.3,889.6,618.9,1395.5,,,55.3,608.3,537.1,146.7,155.5,,,127.8,533.1,476.0,142.6,446.2,,,499.4,1636.1,1848.6,435.3,765.3,,,,,,,,,,,,,,,,,1467.5,827.6,749.2,2685.8,1227.1,,,2156.8,1735.9,2541.9,2093.3,4186.7,,,782.1,1270.9,1120.8,1824.9,2063.0,,,677.8,1949.9,1757.3,2846.9,1824.9,,,4908.5,4067.1,4591.9,4591.9,5272.1,,,2965.6,5474.9,4313.6,4067.1,7492.0,,,,,,,,,,,,,,,,,424.9,352.3,200.7,1070.2,847.3,,,558.2,1382.0,1176.4,1227.1,2124.6,,,312.1,884.1,581.0,1564.2,1530.6,,,314.2,1530.6,1046.6,2259.5,1046.6,,,2588.1,2063.0,3389.2,3094.5,5931.2,,,1923.6,3028.7,2737.4,1977.0,3847.2,,,,,,,,,,,,,,,,,16.2,63.4,38.7,79.3,5.9,,,70.6,704.6,480.9,332.5,174.8,,,450.4,1636.1,1395.5,3235.2,1715.0,,,236.8,1138.7,1186.2,2412.6,878.6,,,494.2,813.4,3163.3,2737.4,961.8,,,34.0,182.9,590.6,573.9,517.6,,,,,,,,,,,,,,,,,761.2,2636.0,2093.3,912.4,1949.9,,,691.0,1581.6,1467.5,948.9,1873.0,,,4186.7,2846.9,3649.9,6189.0,5474.9,,,3649.9,2156.8,4448.4,4744.9,8373.4,,,1305.9,1694.6,6470.4,4744.9,1923.6,,,3310.4,3028.7,7117.4,8896.8,2259.5,,,,,,,,,,,,,,,,,515.7,1227.1,968.3,73.9,1078.4,,,765.3,2965.6,2033.5,697.7,2333.5,,,2156.8,3163.3,2965.6,3235.2,3746.0,,,2846.9,3649.9,5693.9,3471.9,7492.0,,,65.8,353.2,1318.0,1248.6,842.3,,,3558.7,3847.2,6470.4,7492.0,2541.9,,,,,,,,,,,,,,,,,,,,,,,,,,,,,,,,,,,,,,,,,,,,,,,,,,,,,,,,,,,,,,,,,,,,,,,,,,,,,,,,,,,,,,,,,,,,,,,,,,,,,,,,,,,,,,,,,,,,,,,,,,,,,,,,
20260909_高知_4R,20260909,74,高知,4,422.8,136.8,249.6,1228.0,256.2,,,882.2,1993.5,1724.7,1550.5,1805.9,,,320.4,1346.5,913.7,1805.9,488.8,,,362.8,1003.3,661.6,1370.5,1137.0,,,4797.0,3569.8,5116.8,3411.2,7675.2,,,533.0,1615.8,748.8,1228.0,2558.4,,,,,,,,,,,,,,,,,55.0,17.6,28.2,197.5,30.4,,,92.1,85.5,175.8,164.7,136.0,,,7.5,20.6,33.0,62.1,1.8,,,92.7,273.1,155.2,523.9,226.0,,,540.5,375.3,436.0,614.0,534.8,,,39.9,114.1,11.0,125.7,264.2,,,,,,,,,,,,,,,,,1334.8,1051.4,1535.0,3132.7,1784.9,,,930.3,631.7,2019.8,1504.9,1237.9,,,2325.8,1208.7,5293.2,4514.8,1993.5,,,2791.0,3488.7,5482.3,4148.7,5904.0,,,2132.0,1448.1,3009.9,3198.0,3411.2,,,3009.9,1849.4,2558.4,5685.3,4651.6,,,,,,,,,,,,,,,,,300.9,1382.9,990.3,2291.1,441.1,,,78.6,214.3,256.6,466.5,28.5,,,1827.4,936.0,3337.0,3337.0,1633.0,,,1744.3,1154.1,2842.6,3936.0,1993.5,,,4651.6,2192.9,5482.3,5904.0,3837.6,,,390.5,103.3,1037.1,984.0,1805.9,,,,,,,,,,,,,,,,,1208.7,1171.7,1016.5,3132.7,1827.4,,,1323.3,2791.0,1154.1,5116.8,2074.3,,,2952.0,4651.6,5685.3,4385.8,7675.2,,,2601.7,1918.8,5904.0,9029.7,3411.2,,,6396.0,9999.9,4514.8,9999.9,4651.6,,,2842.6,4385.8,7675.2,5116.8,8528.0,,,,,,,,,,,,,,,,,5904.0,3488.7,4951.7,4264.0,4951.7,,,8528.0,2046.7,2952.0,8528.0,3569.8,,,3837.6,2475.8,4651.6,4651.6,3411.2,,,8528.0,3936.0,9999.9,9029.7,4951.7,,,6977.5,9999.9,5904.0,9594.0,9999.9,,,7675.2,4148.7,5116.8,9999.9,9999.9,,,,,,,,,,,,,,,,,667.4,2325.8,734.4,1744.3,4148.7,,,305.7,919.1,82.1,1096.4,1764.4,,,3198.0,2046.7,3070.1,5116.8,2741.1,,,490.4,116.9,2019.8,2102.8,3936.0,,,2791.0,3070.1,5293.2,4651.6,6674.1,,,9029.7,3837.6,4651.6,7675.2,9029.7,,,,,,,,,,,,,,,,,,,,,,,,,,,,,,,,,,,,,,,,,,,,,,,,,,,,,,,,,,,,,,,,,,,,,,,,,,,,,,,,,,,,,,,,,,,,,,,,,,,,,,,,,,,,,,,,,,,,,,,,,,,,,,,,
20260909_高知_5R,20260909,74,高知,5,228.9,318.1,359.3,227.4,120.3,,,286.9,380.4,319.6,471.3,157.7,,,541.2,554.7,710.1,778.6,188.7,,,524.2,379.8,623.6,704.5,231.9,,,458.3,657.5,754.3,902.7,367.8,,,70.7,69.9,50.5,92.9,118.3,,,,,,,,,,,,,,,,,239.0,391.6,369.3,206.2,126.2,,,251.9,695.3,252.1,198.2,187.5,,,902.7,1215.9,1210.4,719.7,695.3,,,445.3,295.2,931.1,280.3,248.1,,,164.9,148.6,382.0,198.8,100.7,,,79.8,83.9,147.0,99.6,49.9,,,,,,,,,,,,,,,,,243.8,420.0,224.9,367.3,146.0,,,236.0,590.4,198.8,202.8,166.5,,,845.4,1299.0,792.5,1250.2,723.6,,,109.2,92.6,250.7,145.7,36.9,,,452.1,305.0,964.8,365.2,292.6,,,89.3,94.7,194.8,43.3,167.6,,,,,,,,,,,,,,,,,1487.7,1594.6,1811.5,1888.6,567.8,,,1751.9,2832.9,2745.3,1718.0,1379.8,,,1915.8,2992.1,2356.6,2610.8,1751.9,,,2585.4,2717.3,2295.7,3096.5,1613.9,,,2295.7,2182.8,2443.1,3026.1,1604.2,,,655.9,1142.9,1142.9,1178.3,975.4,,,,,,,,,,,,,,,,,363.8,252.4,512.1,498.6,198.5,,,308.2,189.6,586.5,254.8,145.3,,,104.6,96.1,247.7,159.1,32.0,,,1028.1,1262.0,827.0,1394.2,628.0,,,717.7,460.7,449.8,1118.9,374.5,,,63.0,59.1,33.1,147.3,110.0,,,,,,,,,,,,,,,,,480.6,731.5,1128.3,1032.1,408.4,,,201.4,254.8,780.9,362.3,173.0,,,710.1,396.2,1157.8,664.0,452.1,,,1811.5,1594.6,1972.6,2465.7,902.7,,,947.6,677.6,802.1,1707.0,651.1,,,272.8,191.9,347.6,410.3,348.1,,,,,,,,,,,,,,,,,37.4,29.6,17.4,40.4,30.5,,,55.5,43.1,60.1,50.0,31.1,,,35.1,54.5,86.5,22.7,85.2,,,130.8,288.5,179.6,188.0,147.8,,,38.7,51.0,21.3,105.7,74.1,,,99.1,77.0,99.4,127.4,101.5,,,,,,,,,,,,,,,,,,,,,,,,,,,,,,,,,,,,,,,,,,,,,,,,,,,,,,,,,,,,,,,,,,,,,,,,,,,,,,,,,,,,,,,,,,,,,,,,,,,,,,,,,,,,,,,,,,,,,,,,,,,,,,,,
20260909_高知_6R,20260909,74,高知,6,222.8,337.6,195.2,1037.3,331.7,,,186.6,365.7,102.5,358.2,74.6,,,1176.4,1000.9,912.8,2783.2,1400.1,,,52.2,28.6,162.4,37.2,34.0,,,1296.7,717.6,1769.1,316.0,909.2,,,150.4,49.5,296.0,48.1,452.8,,,,,,,,,,,,,,,,,344.7,475.4,222.8,1383.1,418.7,,,422.6,336.1,388.7,1374.8,219.2,,,467.6,347.9,297.1,655.8,465.7,,,219.8,321.8,292.5,415.7,368.6,,,2074.7,2037.7,1182.5,1319.2,2684.9,,,401.8,208.6,549.9,406.0,1703.1,,,,,,,,,,,,,,,,,375.3,733.8,152.3,702.2,108.6,,,419.5,453.7,391.4,1326.8,204.3,,,1081.6,1102.5,867.7,3002.9,516.3,,,138.1,295.6,475.4,407.5,89.2,,,1653.7,2237.4,3803.7,1350.4,1158.4,,,49.0,76.4,134.8,33.7,248.8,,,,,,,,,,,,,,,,,1797.0,2783.2,1426.3,3681.0,2113.1,,,1233.6,786.9,661.5,1113.2,979.4,,,2684.9,1511.4,1825.7,4657.6,1267.9,,,1240.3,971.1,1563.1,1334.6,1521.4,,,5566.4,1934.0,5186.8,2593.4,5433.8,,,1901.8,1491.6,1102.5,1782.9,4149.5,,,,,,,,,,,,,,,,,32.2,15.4,84.9,13.1,16.4,,,59.8,165.8,148.8,119.6,126.2,,,43.4,146.8,297.1,137.5,49.5,,,233.8,483.5,563.5,518.6,657.7,,,47.4,98.5,90.5,171.5,73.4,,,22.6,78.1,29.7,243.3,72.0,,,,,,,,,,,,,,,,,1444.4,1383.1,987.9,311.3,733.8,,,2074.7,2963.9,2507.9,1641.8,3356.2,,,2480.6,3565.9,3741.3,2001.9,1984.5,,,5071.6,3934.8,4075.4,2564.3,4961.3,,,239.4,530.7,496.1,539.5,340.1,,,1531.6,2925.9,1453.6,3681.0,931.5,,,,,,,,,,,,,,,,,124.6,45.9,269.7,43.3,372.3,,,247.2,170.3,433.8,216.3,950.9,,,28.5,54.6,107.7,15.6,185.6,,,1009.8,946.9,570.5,848.4,1934.0,,,36.4,87.4,27.8,244.8,99.8,,,549.9,1491.6,669.2,1934.0,373.5,,,,,,,,,,,,,,,,,,,,,,,,,,,,,,,,,,,,,,,,,,,,,,,,,,,,,,,,,,,,,,,,,,,,,,,,,,,,,,,,,,,,,,,,,,,,,,,,,,,,,,,,,,,,,,,,,,,,,,,,,,,,,,,,
20260909_高知_7R,20260909,74,高知,7,312.5,236.1,300.3,362.7,547.5,,,369.4,321.0,454.6,970.8,314.0,,,377.7,391.7,652.4,1110.3,791.2,,,297.7,223.2,409.2,614.5,608.9,,,1030.5,1970.2,1557.8,1607.7,2009.6,,,881.4,544.6,1304.9,788.1,1895.9,,,,,,,,,,,,,,,,,200.7,128.1,242.4,264.0,372.8,,,105.6,17.9,162.3,45.1,35.5,,,67.5,16.3,68.0,11.4,44.9,,,410.9,287.9,176.4,390.9,582.5,,,207.1,70.9,31.8,201.5,173.2,,,412.6,108.4,116.5,447.5,263.3,,,,,,,,,,,,,,,,,144.7,191.9,173.5,492.5,112.4,,,61.8,15.2,78.7,33.8,18.5,,,143.4,32.9,216.0,186.2,54.0,,,328.3,167.3,332.1,672.1,161.6,,,720.3,176.5,377.7,640.0,313.5,,,40.9,10.3,25.5,44.9,77.5,,,,,,,,,,,,,,,,,375.6,538.7,582.5,999.8,778.9,,,149.9,26.6,92.6,17.8,95.3,,,272.3,65.1,438.7,338.3,125.2,,,862.5,327.8,612.7,1068.9,1288.2,,,1210.6,155.5,674.3,1304.9,980.3,,,909.3,233.6,254.3,778.9,775.9,,,,,,,,,,,,,,,,,584.2,402.7,620.2,1256.0,877.5,,,697.7,460.9,397.1,652.4,1141.8,,,640.0,448.5,909.3,2050.6,488.9,,,1477.6,720.3,1086.3,2644.2,2336.8,,,3294.5,2115.4,2830.5,3721.5,2912.5,,,1620.6,1762.8,1014.9,2512.0,4019.3,,,,,,,,,,,,,,,,,1271.9,2184.4,1932.3,2999.4,2283.7,,,507.4,312.0,128.2,700.2,658.9,,,2160.9,579.1,1225.4,2870.9,1395.5,,,2029.9,228.8,1271.9,2679.5,1732.4,,,4275.8,4275.8,5910.7,4673.6,4275.8,,,3791.8,1895.9,2481.0,3044.9,5152.9,,,,,,,,,,,,,,,,,1385.9,566.1,1425.2,1175.2,3044.9,,,885.3,186.4,333.2,939.0,631.9,,,156.0,67.5,130.5,190.4,336.0,,,1288.2,389.4,288.7,1009.8,1330.9,,,1570.0,1620.6,685.8,2543.8,2791.1,,,3044.9,1339.7,1445.8,2258.0,3525.7,,,,,,,,,,,,,,,,,,,,,,,,,,,,,,,,,,,,,,,,,,,,,,,,,,,,,,,,,,,,,,,,,,,,,,,,,,,,,,,,,,,,,,,,,,,,,,,,,,,,,,,,,,,,,,,,,,,,,,,,,,,,,,,,
20260909_高知_8R,20260909,74,高知,8,161.5,352.7,96.3,465.5,42.9,,,467.9,618.6,827.6,1258.2,263.0,,,769.5,554.2,1320.7,1514.0,317.2,,,243.1,631.2,1017.6,1142.4,226.5,,,1501.8,1981.1,2140.5,2299.0,702.7,,,14.8,32.0,45.8,48.7,137.1,,,,,,,,,,,,,,,,,68.4,151.7,45.1,200.2,19.3,,,140.6,146.4,126.3,317.7,101.2,,,289.6,191.0,223.8,419.4,224.3,,,23.1,41.9,66.3,90.9,13.7,,,538.2,587.4,687.1,417.5,375.4,,,9.1,36.0,68.2,17.7,95.6,,,,,,,,,,,,,,,,,931.1,985.3,1284.3,2216.9,504.6,,,795.8,631.2,662.7,1648.0,518.7,,,644.3,517.2,820.3,760.1,434.0,,,1648.0,940.5,1564.9,3325.4,1156.6,,,2660.3,2779.5,1724.3,3651.5,3325.4,,,518.7,477.5,733.1,921.9,1619.3,,,,,,,,,,,,,,,,,1454.8,809.6,2821.6,2483.0,495.2,,,1201.4,573.0,700.0,1400.1,964.9,,,343.5,334.3,1046.2,719.0,465.5,,,2660.3,1526.4,2002.4,2586.4,2271.0,,,2955.9,3267.1,2069.1,5477.2,5643.2,,,612.5,1089.0,631.2,1919.8,2779.5,,,,,,,,,,,,,,,,,307.3,1135.5,1249.8,1919.8,354.7,,,121.4,185.3,271.4,319.4,81.2,,,1578.1,689.7,1756.8,2955.9,1156.6,,,2516.5,1046.2,1692.9,3581.2,2069.1,,,3267.1,1349.4,2586.4,4232.4,2450.3,,,346.7,201.9,674.7,1311.4,1400.1,,,,,,,,,,,,,,,,,1605.4,2450.3,2738.6,2955.9,842.6,,,1756.8,1960.2,3267.1,1163.9,1320.7,,,2738.6,2698.9,1311.4,4330.8,2092.4,,,3879.7,3879.7,1578.1,4433.9,3962.2,,,3003.6,1489.8,4232.4,4775.0,2821.6,,,926.5,1320.7,2357.2,3156.3,2698.9,,,,,,,,,,,,,,,,,9.5,21.4,36.4,34.8,86.2,,,14.6,60.2,107.7,33.6,148.8,,,129.8,152.7,275.4,326.7,501.9,,,227.3,402.2,271.0,782.4,870.2,,,106.7,92.4,257.2,321.6,667.4,,,396.2,574.7,969.9,1369.3,959.9,,,,,,,,,,,,,,,,,,,,,,,,,,,,,,,,,,,,,,,,,,,,,,,,,,,,,,,,,,,,,,,,,,,,,,,,,,,,,,,,,,,,,,,,,,,,,,,,,,,,,,,,,,,,,,,,,,,,,,,,,,,,,,,,
20260909_高知_9R,20260909,74,高知,9,316.0,309.6,112.2,615.1,185.3,,,280.1,449.9,162.1,667.0,151.8,,,262.5,602.2,165.0,1240.2,340.9,,,22.2,31.1,43.6,7.3,7.8,,,682.9,819.4,1289.0,156.6,449.9,,,76.9,48.5,175.5,25.8,172.1,,,,,,,,,,,,,,,,,1382.2,1028.9,314.7,2549.5,769.9,,,1365.8,1509.5,1092.6,3824.2,840.4,,,597.5,885.9,424.9,1240.2,585.3,,,209.1,693.2,523.8,602.2,314.3,,,4499.1,4589.1,4249.1,2441.0,4329.3,,,552.9,496.6,583.8,378.6,2085.9,,,,,,,,,,,,,,,,,1751.5,2764.5,361.9,2868.1,554.2,,,2549.5,2578.1,1399.1,4025.5,984.7,,,3956.1,2699.4,3186.8,6555.8,2124.5,,,389.5,989.0,2012.7,1550.3,462.6,,,4780.3,5099.0,8825.1,3231.7,4329.3,,,272.5,285.7,695.3,164.6,964.0,,,,,,,,,,,,,,,,,1201.3,3700.8,383.7,3700.8,1751.5,,,661.2,1195.0,447.2,1539.9,639.1,,,3476.5,2868.1,3059.4,6555.8,2467.2,,,211.8,310.0,2206.2,1615.8,1028.9,,,4882.0,5099.0,7401.7,3530.0,6201.4,,,2105.0,1170.6,1615.8,1108.4,3824.2,,,,,,,,,,,,,,,,,25.5,45.9,63.1,12.1,9.3,,,80.6,390.2,232.9,318.2,187.3,,,153.6,409.0,964.0,491.3,215.6,,,118.4,161.8,1407.6,788.5,742.5,,,82.4,305.9,341.9,663.1,188.8,,,23.6,99.2,68.3,312.1,103.8,,,,,,,,,,,,,,,,,3424.7,3325.4,3824.2,287.8,1274.7,,,5596.4,5883.4,6201.4,3700.8,5336.1,,,5099.0,6038.2,7170.4,4589.1,5336.1,,,7912.2,6373.7,8194.8,5736.3,7648.5,,,274.1,2067.1,2317.7,2904.4,885.9,,,1944.5,4499.1,4412.5,6201.4,1147.2,,,,,,,,,,,,,,,,,100.5,65.0,226.7,32.7,223.6,,,270.9,231.7,454.3,181.8,822.4,,,57.6,73.5,167.6,34.8,222.1,,,547.6,464.4,482.0,520.3,1850.4,,,22.9,66.8,40.4,243.5,77.5,,,759.7,1470.8,1281.8,2317.7,483.0,,,,,,,,,,,,,,,,,,,,,,,,,,,,,,,,,,,,,,,,,,,,,,,,,,,,,,,,,,,,,,,,,,,,,,,,,,,,,,,,,,,,,,,,,,,,,,,,,,,,,,,,,,,,,,,,,,,,,,,,,,,,,,,,
20260909_高知_10R,20260909,74,高知,10,94.9,23.5,69.8,461.1,51.7,,,182.8,74.0,303.5,407.9,476.1,,,4.5,11.9,22.9,72.3,31.9,,,130.9,324.7,125.9,594.7,354.8,,,1424.8,1178.5,528.8,1026.4,2892.8,,,202.8,640.6,270.8,452.4,2098.0,,,,,,,,,,,,,,,,,230.3,37.7,70.6,805.5,54.2,,,389.6,525.9,484.5,1020.9,404.5,,,42.4,245.7,114.6,871.8,74.8,,,75.0,370.0,99.7,734.3,43.9,,,3030.5,2983.2,2689.0,1909.2,2545.6,,,72.7,339.7,106.6,67.2,926.8,,,,,,,,,,,,,,,,,286.6,144.0,422.4,478.5,615.8,,,354.2,389.6,476.1,785.7,446.0,,,193.8,353.5,621.9,658.3,949.8,,,779.2,785.7,1231.7,1503.3,2220.0,,,573.3,598.5,667.5,1037.6,1325.8,,,1491.6,1129.7,1767.8,2169.6,2983.2,,,,,,,,,,,,,,,,,6.1,14.8,29.1,93.7,37.5,,,28.7,103.5,81.4,463.4,75.1,,,105.0,207.5,317.1,452.4,613.9,,,156.8,203.5,372.9,1539.7,734.3,,,734.3,1373.5,1247.8,1818.3,2386.5,,,318.2,345.8,686.7,798.8,1515.2,,,,,,,,,,,,,,,,,231.1,542.4,252.5,1049.0,528.8,,,153.6,628.0,188.2,1097.2,121.2,,,867.8,1539.7,1503.3,3129.9,4656.7,,,273.9,339.1,766.7,3079.4,1674.7,,,1393.6,2767.0,4339.2,5303.5,5160.1,,,458.9,356.8,2983.2,1150.1,3818.5,,,,,,,,,,,,,,,,,3182.1,2386.5,1720.0,1256.0,4895.5,,,4545.8,3291.8,3471.3,2849.6,3471.3,,,1618.0,2246.1,1890.3,2727.5,2892.8,,,2272.9,1968.3,2689.0,4242.8,5024.3,,,1363.7,2169.6,4773.1,5303.5,7637.0,,,5615.4,4242.8,5455.0,4895.5,5024.3,,,,,,,,,,,,,,,,,776.1,1618.0,772.9,954.6,2807.7,,,617.8,1216.0,742.9,315.5,2479.5,,,2075.2,2479.5,3079.4,3409.3,3079.4,,,979.1,1037.6,2512.1,2447.7,4895.5,,,926.8,510.4,4062.2,3349.5,4773.1,,,7071.3,6364.2,5160.1,5615.4,5455.0,,,,,,,,,,,,,,,,,,,,,,,,,,,,,,,,,,,,,,,,,,,,,,,,,,,,,,,,,,,,,,,,,,,,,,,,,,,,,,,,,,,,,,,,,,,,,,,,,,,,,,,,,,,,,,,,,,,,,,,,,,,,,,,,
20260909_高知_11R,20260909,74,高知,11,174.7,77.1,70.2,351.1,65.9,,,246.8,244.7,289.3,867.9,260.3,,,106.5,204.0,146.7,297.4,56.5,,,98.6,246.2,164.2,387.5,172.0,,,713.0,1331.9,706.5,570.8,813.1,,,55.1,159.7,37.1,107.0,326.8,,,,,,,,,,,,,,,,,55.0,43.8,27.1,225.8,41.0,,,115.1,290.4,73.2,364.3,247.8,,,208.9,414.5,240.4,874.5,370.2,,,5.7,10.2,48.1,49.8,25.2,,,524.3,836.6,1363.2,373.1,1207.0,,,55.9,251.3,246.8,104.3,717.4,,,,,,,,,,,,,,,,,189.3,226.3,240.6,636.6,245.2,,,116.5,395.4,86.5,344.8,268.8,,,498.3,726.4,839.6,2069.2,1301.9,,,199.6,103.6,613.0,507.1,589.6,,,465.3,347.9,1088.0,465.3,923.3,,,286.1,433.9,953.7,804.6,1729.4,,,,,,,,,,,,,,,,,667.8,1048.6,497.3,1485.5,396.8,,,912.4,1810.5,1170.4,2603.9,1363.2,,,1643.6,2145.8,2069.2,2250.0,2792.1,,,592.7,1363.2,2758.9,3090.0,2546.7,,,3458.9,4138.4,3678.5,3408.0,4065.8,,,754.8,1704.0,2186.3,1947.4,2633.5,,,,,,,,,,,,,,,,,60.5,152.8,165.4,375.0,152.4,,,7.8,11.8,50.6,54.2,32.5,,,170.5,70.4,521.9,510.4,448.2,,,368.4,345.8,1063.0,1824.8,1053.4,,,568.0,295.6,824.7,1495.1,1448.4,,,230.8,171.1,600.3,762.3,1534.7,,,,,,,,,,,,,,,,,1598.2,2340.9,1729.4,731.0,2126.1,,,1098.3,1555.3,2145.8,905.2,2439.4,,,1620.6,1245.9,2228.3,1854.0,3511.3,,,3174.6,3678.5,4065.8,4291.6,7242.2,,,687.6,1164.5,2603.9,3131.7,3995.7,,,2317.5,3799.1,5942.3,5150.0,3995.7,,,,,,,,,,,,,,,,,91.0,341.3,81.8,218.8,671.7,,,118.7,550.4,506.0,207.4,1742.4,,,634.9,864.7,1514.7,1200.7,2546.7,,,446.5,1200.7,2317.5,1884.1,3565.3,,,311.9,294.0,830.6,1012.0,2145.8,,,2633.5,3511.3,4828.1,4828.1,3678.5,,,,,,,,,,,,,,,,,,,,,,,,,,,,,,,,,,,,,,,,,,,,,,,,,,,,,,,,,,,,,,,,,,,,,,,,,,,,,,,,,,,,,,,,,,,,,,,,,,,,,,,,,,,,,,,,,,,,,,,,,,,,,,,,
20260909_高知_12R,20260909,74,高知,12,60.5,118.7,57.2,49.6,53.3,,,62.4,106.8,51.0,52.1,105.4,,,251.4,251.4,112.3,44.8,305.9,,,71.7,73.6,61.9,42.7,91.1,,,31.3,33.8,9.3,18.5,49.4,,,97.5,146.3,261.8,96.7,126.4,,,,,,,,,,,,,,,,,129.9,234.2,108.9,92.7,96.2,,,174.4,620.1,295.3,441.9,250.7,,,630.7,1388.5,998.9,705.3,1177.4,,,205.2,411.1,599.1,452.4,235.8,,,163.9,519.4,354.6,429.5,378.3,,,120.3,197.6,447.8,141.4,237.2,,,,,,,,,,,,,,,,,63.4,53.7,34.8,28.0,96.6,,,110.4,390.4,158.6,285.9,173.9,,,118.4,274.4,119.0,102.6,250.1,,,36.6,92.0,65.0,56.5,108.3,,,57.8,259.4,90.2,100.9,244.2,,,268.4,261.1,444.2,223.9,344.9,,,,,,,,,,,,,,,,,976.8,620.1,403.2,187.4,1129.3,,,1496.8,2812.4,2582.2,1895.0,2943.7,,,869.2,2185.9,985.6,912.3,2264.3,,,479.9,1752.2,810.1,498.3,1442.9,,,161.3,1071.7,514.0,347.1,951.6,,,2063.3,3649.2,3176.6,2708.9,2480.6,,,,,,,,,,,,,,,,,195.1,168.0,177.9,102.4,266.1,,,227.4,395.3,729.8,660.0,331.0,,,119.8,272.0,389.7,311.1,336.8,,,437.1,1287.3,876.1,592.6,1397.3,,,186.3,766.5,439.7,401.0,749.6,,,474.2,411.1,596.6,1063.9,943.4,,,,,,,,,,,,,,,,,83.6,73.5,22.7,49.2,140.3,,,225.6,682.4,611.5,667.0,752.2,,,167.0,628.1,306.2,364.0,750.9,,,72.5,538.4,276.6,171.8,569.0,,,150.2,698.6,352.3,261.2,627.2,,,597.5,1017.4,1424.3,1186.9,1247.3,,,,,,,,,,,,,,,,,358.9,621.0,1061.4,490.0,506.9,,,286.1,398.8,886.6,295.7,629.8,,,752.2,721.4,2073.0,729.8,1438.2,,,2644.0,2924.2,3370.6,3109.5,2794.6,,,639.9,493.9,654.1,1599.8,1240.3,,,957.8,1196.6,2092.6,1787.6,1724.8,,,,,,,,,,,,,,,,,,,,,,,,,,,,,,,,,,,,,,,,,,,,,,,,,,,,,,,,,,,,,,,,,,,,,,,,,,,,,,,,,,,,,,,,,,,,,,,,,,,,,,,,,,,,,,,,,,,,,,,,,,,,,,,,
20260909_弥彦_1R,20260909,21,弥彦,1,58.5,53.1,31.2,116.4,,,,7.5,32.0,11.0,26.1,,,,39.1,47.7,12.7,59.4,,,,46.5,36.9,28.5,56.9,,,,84.4,50.1,71.2,87.2,,,,,,,,,,,,,,,,,,,,,,,,,122.6,85.8,61.7,226.0,,,,104.3,150.4,104.1,131.0,,,,145.8,214.7,143.4,400.2,,,,87.1,196.9,160.6,364.8,,,,422.0,224.8,500.6,397.6,,,,,,,,,,,,,,,,,,,,,,,,,22.7,45.9,25.1,71.1,,,,52.9,74.0,56.4,100.7,,,,120.3,128.8,122.0,508.9,,,,101.9,108.4,129.4,459.7,,,,224.4,276.6,668.4,650.9,,,,,,,,,,,,,,,,,,,,,,,,,116.8,111.1,44.6,229.0,,,,282.3,335.1,257.6,763.4,,,,214.3,292.3,220.4,1075.4,,,,78.9,203.7,205.0,661.3,,,,727.4,1224.4,1374.1,1022.0,,,,,,,,,,,,,,,,,,,,,,,,,77.2,129.6,43.5,245.8,,,,121.4,225.6,226.0,549.6,,,,167.8,198.5,205.0,710.7,,,,80.5,181.6,188.8,657.8,,,,615.2,808.3,1261.9,1013.7,,,,,,,,,,,,,,,,,,,,,,,,,126.7,79.4,104.8,126.7,,,,313.8,283.6,494.6,490.7,,,,180.2,310.7,500.6,477.4,,,,317.9,549.6,675.8,763.4,,,,335.1,668.4,727.4,1013.7,,,,,,,,,,,,,,,,,,,,,,,,,,,,,,,,,,,,,,,,,,,,,,,,,,,,,,,,,,,,,,,,,,,,,,,,,,,,,,,,,,,,,,,,,,,,,,,,,,,,,,,,,,,,,,,,,,,,,,,,,,,,,,,,,,,,,,,,,,,,,,,,,,,,,,,,,,,,,,,,,,,,,,,,,,,,,,,,,,,,,,,,,,,,,,,,
20260909_弥彦_2R,20260909,21,弥彦,2,0.0,0.0,0.0,0.0,,,,0.0,0.0,0.0,0.0,,,,0.0,0.0,0.0,0.0,,,,0.0,0.0,0.0,0.0,,,,0.0,0.0,0.0,0.0,,,,,,,,,,,,,,,,,,,,,,,,,0.0,0.0,0.0,0.0,,,,0.0,278.0,217.1,343.1,,,,0.0,524.8,366.2,554.4,,,,0.0,412.3,503.2,613.3,,,,0.0,452.2,522.0,471.8,,,,,,,,,,,,,,,,,,,,,,,,,0.0,0.0,0.0,0.0,,,,0.0,76.9,72.2,83.1,,,,0.0,38.8,7.7,31.9,,,,0.0,29.7,2.7,16.1,,,,0.0,45.8,26.4,28.2,,,,,,,,,,,,,,,,,,,,,,,,,0.0,0.0,0.0,0.0,,,,0.0,364.8,278.8,432.3,,,,0.0,104.0,24.2,103.1,,,,0.0,197.4,27.4,161.9,,,,0.0,366.2,235.9,282.8,,,,,,,,,,,,,,,,,,,,,,,,,0.0,0.0,0.0,0.0,,,,0.0,258.2,339.5,285.2,,,,0.0,55.2,5.9,36.1,,,,0.0,138.0,19.3,110.5,,,,0.0,265.2,102.4,156.5,,,,,,,,,,,,,,,,,,,,,,,,,0.0,0.0,0.0,0.0,,,,0.0,241.1,386.3,306.6,,,,0.0,91.6,66.9,49.5,,,,0.0,306.6,190.1,189.8,,,,0.0,353.0,97.7,120.8,,,,,,,,,,,,,,,,,,,,,,,,,,,,,,,,,,,,,,,,,,,,,,,,,,,,,,,,,,,,,,,,,,,,,,,,,,,,,,,,,,,,,,,,,,,,,,,,,,,,,,,,,,,,,,,,,,,,,,,,,,,,,,,,,,,,,,,,,,,,,,,,,,,,,,,,,,,,,,,,,,,,,,,,,,,,,,,,,,,,,,,,,,,,,,,,
20260909_弥彦_3R,20260909,21,弥彦,3,1131.7,601.2,340.5,444.0,1049.4,,,1407.8,1374.3,637.8,749.6,867.9,,,501.9,1099.4,327.9,469.2,801.6,,,216.1,298.3,214.1,151.6,280.8,,,357.4,271.6,212.2,132.2,181.5,,,836.5,282.9,807.2,243.5,343.5,,,,,,,,,,,,,,,,,978.3,539.4,544.5,824.5,1030.7,,,1749.1,894.9,830.5,2960.0,1581.4,,,266.6,326.1,82.0,517.6,227.2,,,396.7,438.9,105.5,812.9,372.3,,,1603.3,3298.3,1228.1,1390.8,3723.9,,,1131.7,1040.0,354.1,520.0,2137.8,,,,,,,,,,,,,,,,,923.5,962.0,485.0,909.0,555.0,,,1776.0,1040.0,830.5,2308.8,1143.0,,,1649.1,986.6,574.3,2509.6,544.5,,,374.8,424.4,373.6,774.7,97.4,,,1581.4,2308.8,2308.8,1390.8,1518.9,,,209.8,215.7,302.2,91.4,848.8,,,,,,,,,,,,,,,,,214.5,574.3,197.3,309.4,355.2,,,94.8,120.7,26.7,221.5,70.5,,,598.1,351.9,213.7,1390.8,278.8,,,83.4,29.5,95.8,151.3,54.4,,,267.2,422.8,1560.0,387.3,712.6,,,370.0,159.0,148.9,127.2,557.6,,,,,,,,,,,,,,,,,66.8,75.5,47.5,30.7,62.0,,,63.8,75.2,21.2,113.6,81.9,,,65.6,75.8,64.1,116.7,28.4,,,28.8,12.2,37.7,40.6,27.3,,,25.1,79.3,77.7,44.9,74.6,,,47.8,53.1,19.7,33.5,68.4,,,,,,,,,,,,,,,,,339.5,311.1,205.0,145.2,309.4,,,1202.5,2405.0,1131.7,861.5,2748.6,,,970.1,1723.0,1342.3,970.1,1131.7,,,386.0,717.0,1924.0,601.2,842.6,,,181.2,807.2,547.1,452.7,607.5,,,754.5,1990.3,888.0,812.9,644.9,,,,,,,,,,,,,,,,,703.9,467.3,637.8,328.8,560.4,,,624.0,508.5,379.7,329.8,1603.3,,,154.9,162.8,198.6,62.8,485.0,,,419.7,253.7,203.9,161.4,475.0,,,198.6,184.4,61.4,114.0,212.9,,,830.5,1625.9,652.2,644.9,418.2,,,,,,,,,,,,,,,,,,,,,,,,,,,,,,,,,,,,,,,,,,,,,,,,,,,,,,,,,,,,,,,,,,,,,,,,,,,,,,,,,,,,,,,,,,,,,,,,,,,,,,,,,,,,,,,,,,,,,,,,,,,,,,,,
20260909_弥彦_4R,20260909,21,弥彦,4,296.9,269.5,123.9,315.5,556.9,,,223.8,88.7,34.9,99.0,197.4,,,186.0,79.6,30.1,77.8,163.3,,,77.7,25.8,21.2,21.6,52.1,,,221.9,91.5,88.8,34.3,175.3,,,527.7,178.4,167.8,68.9,157.3,,,,,,,,,,,,,,,,,1577.9,1102.3,904.2,1363.9,2011.8,,,1788.3,1547.5,2204.7,2980.5,3742.9,,,1871.4,3155.8,1849.9,2174.9,3424.4,,,659.6,1676.5,987.4,788.9,2090.2,,,1102.3,2823.6,1387.4,884.3,2595.9,,,2266.8,3925.5,1730.6,2682.4,2823.6,,,,,,,,,,,,,,,,,1025.1,509.3,174.9,384.1,987.4,,,1642.3,1476.5,1676.5,2514.8,3036.7,,,687.8,1228.6,278.9,745.1,1659.2,,,95.2,440.9,136.7,103.9,426.9,,,343.1,1476.5,568.7,176.2,1210.1,,,1449.9,2823.6,1659.2,1038.3,1849.9,,,,,,,,,,,,,,,,,502.9,438.5,168.8,327.7,662.3,,,1287.5,2063.4,1219.3,2090.2,2476.1,,,752.0,1174.8,532.9,860.6,1625.7,,,108.6,360.8,204.7,131.0,331.8,,,369.9,851.5,643.7,253.8,816.9,,,874.7,1424.3,1437.0,894.1,1133.4,,,,,,,,,,,,,,,,,76.1,36.8,26.2,15.3,64.6,,,189.1,471.9,300.2,227.6,303.1,,,59.7,234.9,89.2,64.7,138.5,,,38.5,144.4,71.9,50.1,117.6,,,13.3,98.8,33.1,28.1,51.8,,,112.5,396.4,197.7,165.0,143.1,,,,,,,,,,,,,,,,,281.3,133.2,132.1,41.6,233.2,,,659.6,1219.3,894.1,442.1,1330.1,,,231.5,808.7,360.8,143.5,643.7,,,206.0,522.5,341.7,128.1,463.8,,,21.5,144.0,53.2,49.5,86.4,,,379.5,941.2,728.2,570.7,244.9,,,,,,,,,,,,,,,,,1080.1,301.4,308.9,146.0,311.9,,,2011.8,2638.5,1659.2,2011.8,2117.7,,,633.6,2926.3,1192.2,543.7,1330.1,,,529.4,1504.1,909.3,420.2,860.6,,,186.4,969.5,271.4,255.0,277.9,,,499.8,1768.6,981.3,987.4,388.7,,,,,,,,,,,,,,,,,,,,,,,,,,,,,,,,,,,,,,,,,,,,,,,,,,,,,,,,,,,,,,,,,,,,,,,,,,,,,,,,,,,,,,,,,,,,,,,,,,,,,,,,,,,,,,,,,,,,,,,,,,,,,,,,
20260909_弥彦_5R,20260909,21,弥彦,5,244.7,92.8,418.7,467.5,55.8,,,372.9,119.3,150.7,593.2,83.7,,,62.2,100.4,128.4,99.3,19.7,,,846.6,288.4,229.9,764.0,161.1,,,1721.1,1294.4,588.8,1506.0,339.7,,,22.2,23.9,7.3,37.7,65.6,,,,,,,,,,,,,,,,,529.1,173.2,815.7,760.3,135.0,,,351.9,347.2,932.3,1520.6,655.3,,,96.8,192.8,256.7,83.5,113.4,,,1910.1,1316.2,955.0,2747.8,1779.8,,,2116.6,2610.4,621.5,3263.0,2447.3,,,146.6,530.9,206.9,932.3,715.1,,,,,,,,,,,,,,,,,669.3,254.2,255.9,1223.6,260.6,,,833.1,320.3,416.5,1450.2,884.9,,,272.8,202.6,101.3,140.3,365.1,,,218.7,276.7,93.8,207.1,271.4,,,3263.0,2526.2,1263.1,1065.5,5400.9,,,273.3,824.3,285.8,275.2,1957.8,,,,,,,,,,,,,,,,,37.9,105.6,137.7,91.4,26.0,,,25.6,68.4,105.1,32.6,41.5,,,176.1,123.9,137.9,107.7,300.0,,,293.8,242.0,200.2,162.8,495.6,,,208.8,86.4,184.7,165.0,292.7,,,29.9,55.9,157.5,277.2,137.1,,,,,,,,,,,,,,,,,2034.1,779.2,683.9,2447.3,837.5,,,2747.8,2206.0,1684.1,5220.9,3480.6,,,477.5,1010.5,275.7,699.2,756.6,,,718.4,1023.7,412.1,466.1,1160.2,,,3915.7,7119.4,2337.7,1684.1,4746.3,,,985.0,3263.0,1168.8,1168.8,3332.5,,,,,,,,,,,,,,,,,4606.7,5593.8,1614.7,5801.0,2303.3,,,4475.1,3915.7,669.3,5593.8,4121.8,,,7458.5,6024.1,3332.5,3642.5,8701.5,,,1168.8,498.8,1721.1,1195.6,1436.9,,,7119.4,8243.6,3915.7,2567.6,6526.1,,,2486.1,4350.7,7458.5,1779.8,5400.9,,,,,,,,,,,,,,,,,31.7,30.4,11.8,56.7,109.4,,,82.4,322.2,121.7,711.9,731.9,,,143.4,525.5,226.0,235.1,1520.6,,,32.4,84.2,164.5,251.8,113.8,,,312.0,1491.7,492.5,463.3,1842.6,,,470.3,2747.8,2847.7,972.8,2567.6,,,,,,,,,,,,,,,,,,,,,,,,,,,,,,,,,,,,,,,,,,,,,,,,,,,,,,,,,,,,,,,,,,,,,,,,,,,,,,,,,,,,,,,,,,,,,,,,,,,,,,,,,,,,,,,,,,,,,,,,,,,,,,,,
20260909_弥彦_6R,20260909,21,弥彦,6,249.0,108.7,52.3,286.0,49.6,,,344.5,82.8,204.5,739.5,55.6,,,30.2,28.7,63.8,75.8,2.4,,,155.0,162.3,198.4,558.8,63.0,,,310.1,787.5,329.5,558.8,171.5,,,19.8,6.6,4.0,15.6,92.4,,,,,,,,,,,,,,,,,2205.1,625.1,638.3,787.5,551.2,,,5273.0,8662.9,3109.7,7134.1,5053.3,,,830.6,5512.7,1810.1,1865.8,1595.8,,,866.2,2756.3,2756.3,1177.4,1865.8,,,1250.3,3790.0,1617.0,618.7,2055.6,,,962.5,3912.2,1617.0,2091.0,4491.8,,,,,,,,,,,,,,,,,3277.8,986.0,2425.6,5775.2,808.5,,,6064.0,6064.0,5053.3,7134.1,6737.8,,,1304.0,7580.0,6064.0,9999.9,2636.5,,,3912.2,9999.9,8662.9,9999.9,6064.0,,,8662.9,7580.0,9999.9,8662.9,9999.9,,,1318.2,6064.0,2425.6,3368.9,4851.2,,,,,,,,,,,,,,,,,145.4,125.6,284.6,277.5,33.1,,,539.0,2820.4,1002.3,1575.0,891.7,,,558.8,3567.0,3191.6,8085.4,1073.2,,,1783.5,3032.0,4851.2,7134.1,2378.0,,,1155.0,1575.0,3790.0,3912.2,2820.4,,,142.6,717.6,572.0,1063.8,1661.3,,,,,,,,,,,,,,,,,2756.3,3191.6,1956.1,7134.1,2245.9,,,2820.4,7580.0,4851.2,2165.7,7580.0,,,4182.1,9329.3,8662.9,9999.9,7580.0,,,2756.3,7580.0,8662.9,7134.1,5775.2,,,7580.0,3191.6,9999.9,9329.3,9999.9,,,3368.9,6383.2,5512.7,6737.8,9999.9,,,,,,,,,,,,,,,,,2021.3,6383.2,918.7,3790.0,1554.8,,,1479.0,4664.6,2165.7,836.4,3191.6,,,7134.1,7580.0,9999.9,9999.9,8085.4,,,1133.4,2887.6,8085.4,5512.7,3368.9,,,5273.0,2288.3,9999.9,7580.0,8085.4,,,1638.9,7134.1,5775.2,2205.1,6383.2,,,,,,,,,,,,,,,,,312.5,198.1,79.4,374.3,836.4,,,866.2,2756.3,1461.2,2475.1,4664.6,,,772.4,2475.1,1225.0,2127.7,4331.4,,,159.1,947.5,531.9,808.5,2127.7,,,2526.6,6383.2,3675.1,4182.1,8085.4,,,1956.1,6383.2,5775.2,3675.1,6383.2,,,,,,,,,,,,,,,,,,,,,,,,,,,,,,,,,,,,,,,,,,,,,,,,,,,,,,,,,,,,,,,,,,,,,,,,,,,,,,,,,,,,,,,,,,,,,,,,,,,,,,,,,,,,,,,,,,,,,,,,,,,,,,,,
20260909_弥彦_7R,20260909,21,弥彦,7,459.5,730.2,353.0,1279.4,252.6,,,303.4,181.1,105.6,392.9,31.4,,,1239.7,615.1,704.5,1776.9,403.8,,,163.3,103.3,197.1,527.8,65.2,,,1599.2,803.6,1926.8,1440.7,713.9,,,113.1,25.2,69.7,34.9,268.7,,,,,,,,,,,,,,,,,573.2,1005.8,352.2,1289.7,356.1,,,573.2,747.3,178.2,987.1,306.9,,,1343.9,1230.2,655.4,1974.3,1080.5,,,181.3,102.3,216.9,383.5,136.2,,,2050.3,1158.8,1427.9,864.4,1402.8,,,350.7,542.1,717.1,309.3,1167.3,,,,,,,,,,,,,,,,,193.8,118.4,70.0,193.8,29.2,,,239.4,247.5,82.8,377.1,153.9,,,152.0,256.7,88.5,180.3,64.4,,,54.2,46.9,54.6,100.6,27.2,,,82.3,148.2,63.3,66.4,45.8,,,31.4,142.0,50.3,37.3,125.0,,,,,,,,,,,,,,,,,1881.4,1321.7,1193.4,1974.3,704.5,,,2104.2,1838.2,799.6,2221.1,1648.7,,,987.1,1184.6,542.1,878.7,507.7,,,811.8,624.7,524.3,1175.9,677.6,,,2423.1,2460.4,1220.8,1796.9,2757.3,,,660.8,1355.3,783.9,850.6,1796.9,,,,,,,,,,,,,,,,,76.2,59.0,121.2,241.5,44.4,,,44.2,33.6,57.6,139.4,44.2,,,62.4,51.6,80.0,133.2,47.4,,,144.0,91.2,94.7,356.9,121.1,,,695.3,395.8,333.1,617.4,529.5,,,66.8,76.0,57.4,117.4,332.4,,,,,,,,,,,,,,,,,2132.3,975.1,1134.2,1757.4,1150.5,,,2423.1,1415.2,2104.2,1211.5,2190.7,,,183.4,473.1,139.9,157.7,107.9,,,2961.5,2621.7,946.3,1950.3,2460.4,,,1402.8,924.4,622.2,1211.5,969.2,,,1142.3,2252.4,642.2,1950.3,1332.7,,,,,,,,,,,,,,,,,97.5,26.8,80.0,27.2,177.4,,,217.8,327.7,615.1,230.4,1134.2,,,48.1,212.9,155.7,79.8,298.9,,,252.2,701.4,359.3,444.2,1279.4,,,79.2,151.5,84.7,254.6,453.0,,,575.2,1343.9,542.1,1321.7,811.8,,,,,,,,,,,,,,,,,,,,,,,,,,,,,,,,,,,,,,,,,,,,,,,,,,,,,,,,,,,,,,,,,,,,,,,,,,,,,,,,,,,,,,,,,,,,,,,,,,,,,,,,,,,,,,,,,,,,,,,,,,,,,,,,
20260909_弥彦_8R,20260909,21,弥彦,8,360.4,414.2,265.6,732.8,709.4,,,374.6,298.3,459.9,1360.9,632.1,,,323.7,262.0,341.1,1058.5,411.6,,,177.3,438.7,283.7,1130.3,132.3,,,1709.9,2564.9,1852.4,2899.4,3253.0,,,1058.5,1307.6,713.2,385.4,2222.9,,,,,,,,,,,,,,,,,201.1,244.2,183.7,391.1,518.9,,,62.8,15.9,17.9,14.0,49.8,,,108.7,30.0,59.9,70.2,127.2,,,118.3,54.0,85.7,70.6,37.6,,,370.4,52.9,121.3,109.5,202.3,,,553.4,163.2,212.0,87.7,202.0,,,,,,,,,,,,,,,,,223.0,233.9,210.0,883.2,407.8,,,109.8,30.1,36.1,29.2,104.4,,,162.2,60.7,116.4,350.9,272.1,,,365.4,162.0,254.5,877.4,252.1,,,1732.1,376.7,980.7,1434.1,1754.9,,,945.9,544.3,660.2,745.1,1294.9,,,,,,,,,,,,,,,,,106.4,95.0,95.0,320.6,139.5,,,60.9,19.8,40.0,51.3,71.2,,,73.0,28.7,60.3,188.9,151.7,,,61.8,49.7,83.4,198.7,43.6,,,740.9,299.0,520.9,650.6,680.4,,,144.6,114.2,183.2,98.7,336.8,,,,,,,,,,,,,,,,,151.7,337.6,183.4,818.2,83.5,,,159.5,162.8,143.8,222.6,70.6,,,479.7,206.4,346.4,1389.3,295.0,,,149.5,114.5,232.3,579.8,90.3,,,2151.2,1033.9,2260.6,1778.3,844.1,,,86.8,68.7,239.0,91.0,289.3,,,,,,,,,,,,,,,,,3175.6,3509.8,2615.2,3509.8,4939.8,,,2186.4,525.1,766.5,1515.6,2381.7,,,2778.6,635.1,1626.5,3175.6,4041.6,,,2381.7,1041.9,1569.1,2381.7,2778.6,,,3704.8,2721.9,3175.6,2899.4,2963.9,,,3922.8,3419.8,3604.7,2564.9,3101.7,,,,,,,,,,,,,,,,,1033.9,1190.8,611.8,456.7,1852.4,,,1041.9,512.9,539.9,316.8,959.5,,,1449.7,952.6,901.1,663.5,2020.8,,,456.7,237.7,609.0,172.5,932.6,,,277.8,206.4,732.8,161.8,854.9,,,3253.0,2469.9,2963.9,2222.9,2117.0,,,,,,,,,,,,,,,,,,,,,,,,,,,,,,,,,,,,,,,,,,,,,,,,,,,,,,,,,,,,,,,,,,,,,,,,,,,,,,,,,,,,,,,,,,,,,,,,,,,,,,,,,,,,,,,,,,,,,,,,,,,,,,,,
20260909_弥彦_9R,20260909,21,弥彦,9,2373.5,2186.8,3139.2,3298.8,2948.9,,,1871.4,1297.5,973.1,1280.4,794.4,,,2138.8,1836.1,2027.4,954.0,2666.1,,,4141.1,1324.0,2263.1,2820.7,2904.9,,,1818.9,1280.4,648.7,1986.0,1818.9,,,1769.3,1075.3,2432.8,2138.8,2092.8,,,,,,,,,,,,,,,,,2994.3,3604.2,3742.9,4526.3,2904.9,,,1194.0,1927.0,506.8,2048.7,377.1,,,5406.4,9268.1,8462.2,5560.9,5724.4,,,2994.3,982.9,5560.9,4231.1,1247.6,,,5121.8,4141.1,6487.7,6711.4,4990.5,,,1224.0,439.3,2666.1,668.8,2560.9,,,,,,,,,,,,,,,,,163.2,128.3,97.5,77.0,67.8,,,147.1,272.5,113.8,219.9,57.7,,,296.6,534.7,410.6,450.5,264.8,,,25.4,29.8,100.6,11.1,8.6,,,24.2,111.6,193.2,35.6,19.3,,,10.5,6.2,61.1,6.9,7.6,,,,,,,,,,,,,,,,,3892.6,4141.1,3538.7,1889.6,3414.5,,,5560.9,6487.7,7485.8,5560.9,5560.9,,,3298.8,4865.7,3139.2,4865.7,2904.9,,,5406.4,7208.5,4325.1,5897.9,6487.7,,,2862.2,6487.7,4990.5,6082.2,4865.7,,,4865.7,4325.1,3089.3,5560.9,5897.9,,,,,,,,,,,,,,,,,1965.9,720.8,1544.6,2560.9,1595.3,,,1474.4,542.1,2186.8,2780.4,1172.4,,,217.9,210.4,527.4,387.7,132.4,,,4141.1,6487.7,2138.8,5406.4,5897.9,,,2495.2,3089.3,1099.6,4325.1,2138.8,,,993.0,723.5,264.4,2070.5,1224.0,,,,,,,,,,,,,,,,,2006.5,842.5,416.7,1420.6,1532.5,,,3538.7,2703.2,4526.3,4054.8,3298.8,,,408.8,405.4,1785.6,441.3,348.8,,,2027.4,4990.5,3972.0,5121.8,5121.8,,,1663.5,3414.5,1508.7,4141.1,2741.2,,,1239.6,1649.4,692.6,3475.5,1908.1,,,,,,,,,,,,,,,,,740.0,376.4,734.4,993.0,842.5,,,283.3,108.6,613.9,238.8,533.2,,,60.5,40.1,181.5,34.1,50.7,,,1802.1,2595.0,918.0,2495.2,2630.1,,,484.1,349.4,137.5,884.6,673.4,,,615.9,982.9,245.4,1769.3,814.3,,,,,,,,,,,,,,,,,,,,,,,,,,,,,,,,,,,,,,,,,,,,,,,,,,,,,,,,,,,,,,,,,,,,,,,,,,,,,,,,,,,,,,,,,,,,,,,,,,,,,,,,,,,,,,,,,,,,,,,,,,,,,,,,
20260909_弥彦_10R,20260909,21,弥彦,10,19.8,59.1,142.3,325.6,599.8,,,12.4,12.1,61.4,95.5,198.5,,,59.9,25.9,161.1,321.2,491.7,,,762.7,247.7,817.4,1880.9,2128.9,,,1203.3,460.1,1082.3,2105.8,3228.9,,,2306.3,771.8,2483.8,2334.1,3874.7,,,,,,,,,,,,,,,,,141.0,309.9,827.9,1383.8,1777.4,,,123.4,133.2,626.9,922.5,1761.2,,,380.6,193.5,1374.0,1880.9,3124.7,,,2452.3,2516.0,3953.8,7175.4,4612.7,,,3655.4,2618.0,4305.2,6054.2,9999.9,,,3798.7,6457.9,5535.3,6919.1,9999.9,,,,,,,,,,,,,,,,,6.5,5.0,36.3,61.9,139.4,,,11.4,21.3,91.7,141.9,308.4,,,7.2,15.4,46.7,77.0,204.1,,,148.4,419.3,327.2,993.5,1233.9,,,230.9,563.1,376.9,1030.5,1714.4,,,431.4,1309.0,1030.5,1456.6,2201.5,,,,,,,,,,,,,,,,,159.0,70.4,656.7,650.1,1456.6,,,215.0,112.1,1052.9,1070.3,1976.9,,,48.0,57.5,270.5,303.6,810.6,,,2690.7,3027.1,1317.9,4036.1,5236.1,,,2618.0,3027.1,1374.0,4725.2,6249.5,,,4505.5,5535.3,3398.8,5381.5,6919.1,,,,,,,,,,,,,,,,,3725.7,1383.8,4211.6,9225.5,6249.5,,,3874.7,3398.8,6249.5,8806.2,9686.8,,,1082.3,2201.5,1501.8,5535.3,4843.4,,,6249.5,6054.2,2105.8,9225.5,9686.8,,,7175.4,5870.8,5870.8,7175.4,6919.1,,,4725.2,9999.9,5870.8,8806.2,9999.9,,,,,,,,,,,,,,,,,5098.3,2935.4,8423.3,8806.2,9999.9,,,6680.5,4122.0,9999.9,8423.3,9999.9,,,2549.1,3953.8,2690.7,5236.1,6054.2,,,9999.9,8423.3,4403.1,9999.9,6680.5,,,9225.5,9999.9,9686.8,9999.9,9999.9,,,9999.9,9686.8,9999.9,9999.9,9999.9,,,,,,,,,,,,,,,,,9999.9,6680.5,8072.3,9999.9,9999.9,,,9999.9,9999.9,9999.9,9999.9,9999.9,,,3874.7,7451.4,5870.8,5535.3,6249.5,,,9999.9,9999.9,9999.9,9999.9,9999.9,,,8806.2,9999.9,7175.4,9999.9,9999.9,,,9999.9,9999.9,9999.9,9999.9,9999.9,,,,,,,,,,,,,,,,,,,,,,,,,,,,,,,,,,,,,,,,,,,,,,,,,,,,,,,,,,,,,,,,,,,,,,,,,,,,,,,,,,,,,,,,,,,,,,,,,,,,,,,,,,,,,,,,,,,,,,,,,,,,,,,,
20260909_弥彦_11R,20260909,21,弥彦,11,237.0,49.8,38.0,94.8,125.5,,,418.5,264.4,194.9,729.6,733.5,,,47.6,126.1,30.1,173.5,74.8,,,22.2,75.6,12.5,50.1,80.2,,,127.2,662.3,266.4,121.1,623.0,,,302.8,786.4,237.7,226.2,753.8,,,,,,,,,,,,,,,,,435.2,91.2,106.0,186.0,170.8,,,831.9,513.9,891.8,1065.9,1318.3,,,67.9,256.4,79.6,141.6,41.8,,,133.7,645.1,140.1,322.1,302.5,,,134.1,620.2,130.3,240.2,290.0,,,375.8,1191.6,154.0,389.8,645.1,,,,,,,,,,,,,,,,,1269.2,696.1,590.6,2051.8,1459.3,,,1586.5,852.7,1991.9,1595.8,2352.5,,,387.6,483.8,458.6,1025.9,317.3,,,627.3,992.3,817.0,2006.5,2332.4,,,3066.2,1749.3,2183.1,2675.4,4625.3,,,2784.6,3454.3,1091.5,2966.2,4198.3,,,,,,,,,,,,,,,,,46.0,156.5,41.7,204.7,41.4,,,42.1,146.9,44.5,122.1,23.6,,,162.3,153.7,165.2,459.4,64.8,,,35.2,55.5,146.3,258.9,38.7,,,434.5,163.7,866.3,514.8,240.8,,,26.4,16.2,57.0,28.7,105.6,,,,,,,,,,,,,,,,,32.3,87.6,24.0,74.8,94.1,,,106.4,489.9,123.2,290.0,354.8,,,283.9,581.8,298.5,762.2,766.5,,,47.5,85.5,170.5,293.1,80.1,,,350.3,371.2,883.1,613.2,842.2,,,366.7,493.4,804.9,301.5,784.1,,,,,,,,,,,,,,,,,327.6,1524.5,561.5,470.5,1331.1,,,188.5,673.8,204.8,421.7,572.1,,,2675.4,1378.2,2183.1,2526.7,4548.2,,,544.6,375.8,1156.3,847.4,788.7,,,611.8,737.5,1240.4,992.3,2183.1,,,2183.1,1459.3,2550.4,1895.0,2903.1,,,,,,,,,,,,,,,,,928.2,2115.4,636.1,894.7,2293.2,,,1074.3,2998.8,639.0,1634.0,2372.9,,,2701.9,3101.0,1113.8,3327.9,4013.1,,,336.0,256.4,595.8,344.5,918.8,,,1104.8,2021.4,2756.5,855.4,2574.4,,,2998.8,2352.5,4787.6,2148.7,3498.6,,,,,,,,,,,,,,,,,,,,,,,,,,,,,,,,,,,,,,,,,,,,,,,,,,,,,,,,,,,,,,,,,,,,,,,,,,,,,,,,,,,,,,,,,,,,,,,,,,,,,,,,,,,,,,,,,,,,,,,,,,,,,,,,
20260909_京王閣_1R,20260909,27,京王閣,1,8.8,78.0,100.9,214.1,79.7,,,3.2,27.5,25.0,92.3,81.8,,,182.4,129.3,192.7,845.0,612.6,,,131.5,69.9,125.3,468.6,686.1,,,510.5,335.7,907.6,1033.3,1545.4,,,472.5,368.1,1885.0,1151.3,1971.7,,,,,,,,,,,,,,,,,20.6,134.7,172.9,333.7,115.1,,,35.1,422.5,372.9,555.1,280.3,,,524.5,637.7,902.8,1864.6,1033.3,,,352.9,509.0,589.4,1715.4,1504.7,,,794.1,1039.6,2599.1,2066.7,3500.8,,,670.0,769.2,2450.6,2766.8,2680.3,,,,,,,,,,,,,,,,,4.5,35.4,18.6,88.7,73.4,,,36.3,296.2,194.4,487.3,269.7,,,210.4,419.4,212.8,794.1,862.0,,,62.1,165.9,112.4,383.7,513.6,,,483.2,879.7,1092.6,783.3,1949.3,,,515.1,849.2,2199.2,1732.7,2907.5,,,,,,,,,,,,,,,,,752.3,516.6,472.5,1531.6,2199.2,,,1078.8,1340.1,1309.4,2957.6,3118.9,,,577.5,1121.2,537.7,1906.0,3430.8,,,282.1,564.2,336.3,619.2,1618.3,,,2287.2,2680.3,2859.0,1270.6,5198.2,,,4084.3,4288.5,3989.3,4398.5,6861.7,,,,,,,,,,,,,,,,,127.7,85.0,130.8,546.3,714.7,,,306.8,447.8,504.5,1441.5,1545.4,,,122.2,297.3,174.6,562.4,997.3,,,133.7,256.8,166.3,475.1,879.7,,,997.3,1633.7,1045.9,1039.6,1949.3,,,1588.3,3430.8,1864.6,3573.8,4084.3,,,,,,,,,,,,,,,,,501.5,560.6,1319.5,1309.4,1681.8,,,765.8,1121.2,1768.4,1824.9,2018.1,,,657.2,1151.3,1466.1,1128.5,2257.1,,,1824.9,1949.3,1805.7,1183.0,2522.7,,,1453.7,1545.4,1252.1,1159.0,2349.9,,,2318.1,2287.2,2766.8,2680.3,2599.1,,,,,,,,,,,,,,,,,1824.9,1243.0,3063.2,4288.5,7147.6,,,2257.1,1906.0,2907.5,6126.5,7797.4,,,1491.6,2560.3,4636.3,3989.3,7147.6,,,8577.1,7797.4,4288.5,6353.4,9530.2,,,4765.1,7797.4,3729.2,4398.5,6861.7,,,6597.8,6126.5,7147.6,9999.9,6126.5,,,,,,,,,,,,,,,,,,,,,,,,,,,,,,,,,,,,,,,,,,,,,,,,,,,,,,,,,,,,,,,,,,,,,,,,,,,,,,,,,,,,,,,,,,,,,,,,,,,,,,,,,,,,,,,,,,,,,,,,,,,,,,,,
20260909_京王閣_2R,20260909,27,京王閣,2,4.4,33.8,17.3,60.9,177.8,,,2.9,64.4,55.4,74.8,226.0,,,63.1,119.2,285.7,67.9,262.3,,,115.4,194.5,518.7,528.8,756.4,,,92.3,146.4,55.2,292.2,343.8,,,593.3,720.4,793.9,1158.8,945.6,,,,,,,,,,,,,,,,,10.1,76.8,37.2,193.5,315.9,,,21.3,229.6,114.7,482.0,544.6,,,251.4,404.6,653.0,574.5,1199.7,,,175.3,213.5,815.3,1067.9,700.0,,,634.8,672.4,805.7,832.8,1852.6,,,1556.1,2388.8,2269.4,3203.9,5138.3,,,,,,,,,,,,,,,,,11.8,150.2,108.1,187.8,470.3,,,25.3,315.9,151.8,515.7,541.4,,,687.7,878.4,2347.7,2127.6,3835.6,,,611.9,754.3,2111.1,2897.1,4322.7,,,756.4,1611.4,1702.0,2992.6,4695.4,,,1865.2,3835.6,5673.6,6051.8,5446.6,,,,,,,,,,,,,,,,,209.3,533.9,1226.7,271.5,1425.8,,,247.1,575.7,1120.7,376.6,2307.9,,,800.9,837.9,3166.6,1904.4,3782.4,,,2669.9,2475.7,3166.6,2618.5,6982.9,,,282.5,224.3,712.9,1184.0,1084.9,,,3203.9,4004.9,4951.5,6051.8,2696.3,,,,,,,,,,,,,,,,,728.1,843.1,2347.7,2750.8,4004.9,,,762.8,1194.4,2288.5,3281.1,3946.8,,,1134.7,1496.3,6808.3,7780.9,7564.8,,,3583.3,3680.1,6051.8,4392.4,8009.8,,,4322.7,4538.8,6642.2,3730.5,8252.5,,,5673.6,6982.9,3835.6,8784.9,9077.7,,,,,,,,,,,,,,,,,529.8,685.9,383.0,1059.6,1237.8,,,904.7,1396.5,1111.5,2178.6,4863.0,,,1035.4,1973.4,2269.4,4392.4,5920.2,,,516.7,722.3,1107.0,1640.5,1488.1,,,4126.2,3835.6,6189.3,3835.6,9390.8,,,5043.2,9390.8,7564.8,4322.7,8510.4,,,,,,,,,,,,,,,,,2250.6,1382.4,3890.4,1987.8,4464.4,,,2928.3,3631.1,5794.3,4126.2,8009.8,,,2897.1,5794.3,8009.8,7564.8,8784.9,,,4951.5,6808.3,8510.4,7564.8,4863.0,,,6808.3,7166.6,9077.7,7564.8,9999.9,,,6051.8,7360.3,2644.0,5043.2,2475.7,,,,,,,,,,,,,,,,,,,,,,,,,,,,,,,,,,,,,,,,,,,,,,,,,,,,,,,,,,,,,,,,,,,,,,,,,,,,,,,,,,,,,,,,,,,,,,,,,,,,,,,,,,,,,,,,,,,,,,,,,,,,,,,,
20260909_京王閣_3R,20260909,27,京王閣,3,20.5,21.9,26.2,143.9,128.4,,,24.3,39.4,94.8,214.4,244.8,,,7.0,16.4,40.1,53.6,8.9,,,113.5,171.8,184.7,331.0,560.6,,,402.5,402.0,282.2,533.5,583.1,,,269.9,466.4,126.5,427.5,489.0,,,,,,,,,,,,,,,,,63.5,59.3,80.4,343.2,338.4,,,63.1,113.3,47.7,351.8,583.1,,,132.4,259.7,233.2,536.6,452.0,,,157.3,118.9,221.3,329.5,846.1,,,1099.2,842.2,1281.2,840.3,3400.5,,,1137.0,1700.2,1421.3,1575.1,2820.6,,,,,,,,,,,,,,,,,62.1,108.2,197.9,585.9,647.4,,,63.3,98.8,45.8,361.3,595.5,,,222.0,290.3,571.2,1241.8,672.5,,,438.9,315.5,794.4,1086.1,1516.0,,,1535.2,1491.2,1792.4,1801.3,3307.8,,,2032.7,2458.5,2260.0,3220.0,3955.0,,,,,,,,,,,,,,,,,9.2,27.4,60.3,49.2,9.9,,,63.9,225.3,250.7,449.2,296.0,,,149.3,305.5,588.7,996.8,583.1,,,331.9,582.1,784.1,1082.9,1067.0,,,403.8,1027.8,1426.9,1347.6,858.1,,,50.1,216.8,552.9,479.3,483.8,,,,,,,,,,,,,,,,,566.7,656.7,603.4,1865.9,1774.9,,,513.2,421.6,592.6,925.8,1575.1,,,762.8,574.8,1509.8,2274.1,3465.3,,,836.4,1073.3,1602.9,2140.3,2798.9,,,2982.4,2475.2,2425.7,3083.5,3032.1,,,3498.6,4331.7,4182.3,5430.7,4787.6,,,,,,,,,,,,,,,,,878.8,1988.3,712.0,1204.8,1177.5,,,2475.2,1801.3,3136.7,2393.8,5513.0,,,2910.9,2044.1,3675.3,2958.2,8085.8,,,775.8,1079.7,3032.1,1204.8,1151.4,,,4984.4,2798.9,2958.2,5597.8,5597.8,,,1208.8,1378.2,6167.1,1267.8,1357.6,,,,,,,,,,,,,,,,,1467.1,1362.7,399.4,1732.6,3109.9,,,2191.9,3248.7,2695.2,5124.8,6273.5,,,3338.1,4280.7,4664.9,7277.2,7425.7,,,412.5,1801.3,2544.4,2982.4,2526.8,,,5964.9,8085.8,9834.1,5513.0,7277.2,,,5775.6,6865.3,2756.5,4664.9,2302.9,,,,,,,,,,,,,,,,,,,,,,,,,,,,,,,,,,,,,,,,,,,,,,,,,,,,,,,,,,,,,,,,,,,,,,,,,,,,,,,,,,,,,,,,,,,,,,,,,,,,,,,,,,,,,,,,,,,,,,,,,,,,,,,,
20260909_京王閣_4R,20260909,27,京王閣,4,5.9,3.7,16.0,13.8,91.5,,,28.7,13.1,40.0,105.8,190.1,,,22.5,12.5,17.0,84.6,126.6,,,98.7,74.1,50.4,164.9,184.6,,,131.9,193.2,192.4,231.1,499.3,,,501.9,710.8,530.6,453.4,827.0,,,,,,,,,,,,,,,,,39.6,30.6,62.0,60.1,195.5,,,193.6,276.8,529.2,964.1,1609.5,,,221.1,347.4,447.7,863.6,1272.9,,,566.9,848.6,799.8,1629.7,1762.5,,,429.9,1119.3,1320.4,1329.4,3166.8,,,1786.7,4529.3,3781.7,4233.9,5901.8,,,,,,,,,,,,,,,,,142.2,159.9,228.5,414.3,916.5,,,254.0,442.1,642.7,1100.3,1731.2,,,175.0,233.2,115.1,564.5,709.5,,,734.9,883.2,467.6,1329.4,1135.6,,,1232.6,2264.6,1533.5,2050.1,4477.2,,,3192.7,3818.8,2596.8,2481.0,4993.8,,,,,,,,,,,,,,,,,137.8,126.0,154.0,605.7,891.3,,,284.5,418.8,509.1,1135.6,1515.6,,,145.0,231.4,93.8,544.0,587.5,,,241.6,428.0,156.4,604.8,545.5,,,1432.0,1803.3,1302.7,1515.6,3416.8,,,2631.8,3818.8,2071.9,1795.0,4015.6,,,,,,,,,,,,,,,,,1006.5,1067.1,873.3,2667.9,2304.8,,,1256.5,1521.5,1298.4,3067.0,3387.1,,,1244.4,1432.0,728.0,2404.4,1754.5,,,879.2,966.5,452.9,1281.3,1183.9,,,3818.8,3974.7,2419.3,2649.8,3329.2,,,3116.1,5564.5,2667.9,2596.8,3301.0,,,,,,,,,,,,,,,,,606.7,1509.7,1811.7,2885.3,4808.8,,,839.4,2996.3,2496.9,3477.8,5728.2,,,1803.3,3895.2,1928.3,2225.8,7790.4,,,2649.8,2762.5,2304.8,2277.8,5728.2,,,4808.8,4750.2,3674.7,2822.6,4328.0,,,6955.7,8852.7,8115.0,7213.3,5645.2,,,,,,,,,,,,,,,,,3974.7,2996.3,5335.9,2822.6,8287.6,,,4930.6,7790.4,8656.0,8467.8,9999.9,,,5728.2,7949.4,6182.8,5125.2,9999.9,,,6282.5,8287.6,5125.2,4328.0,8852.7,,,5335.9,7949.4,4930.6,3640.3,5901.8,,,9500.5,9999.9,2649.8,9999.9,3192.7,,,,,,,,,,,,,,,,,,,,,,,,,,,,,,,,,,,,,,,,,,,,,,,,,,,,,,,,,,,,,,,,,,,,,,,,,,,,,,,,,,,,,,,,,,,,,,,,,,,,,,,,,,,,,,,,,,,,,,,,,,,,,,,,
20260909_京王閣_5R,20260909,27,京王閣,5,57.3,80.2,51.6,50.4,84.1,,,36.2,79.9,11.2,125.2,67.7,,,155.8,153.1,130.9,369.8,384.5,,,23.5,5.9,68.4,53.0,46.4,,,48.4,172.7,298.8,116.3,130.0,,,80.8,120.0,270.9,85.3,100.2,,,,,,,,,,,,,,,,,148.9,180.6,137.2,232.3,390.1,,,260.6,419.2,249.2,631.3,739.0,,,268.6,309.4,318.0,209.8,420.6,,,209.2,230.9,530.0,619.8,715.1,,,228.1,366.2,192.0,375.7,635.5,,,602.0,897.3,685.2,926.0,726.1,,,,,,,,,,,,,,,,,70.8,150.6,17.6,272.5,121.8,,,134.3,329.1,171.0,611.8,485.6,,,286.8,394.2,356.2,1131.8,821.1,,,19.8,79.3,202.0,352.5,130.2,,,670.6,984.0,1570.4,817.5,1570.4,,,266.5,552.6,860.4,316.1,1252.1,,,,,,,,,,,,,,,,,551.0,529.3,544.6,1360.6,1128.4,,,580.7,686.5,801.9,543.8,951.7,,,635.5,781.9,772.3,1744.8,1455.1,,,724.8,1076.8,832.0,2217.0,1675.0,,,2026.3,777.1,2654.1,3624.0,2447.3,,,1380.5,1317.8,1675.0,1803.3,2599.2,,,,,,,,,,,,,,,,,46.5,13.0,150.2,112.1,88.2,,,141.2,196.0,499.8,643.1,504.5,,,24.0,90.9,282.7,388.1,150.6,,,517.0,917.0,697.9,2037.2,1401.1,,,640.9,910.3,822.9,2093.8,1483.8,,,249.6,679.0,369.8,1125.0,1438.5,,,,,,,,,,,,,,,,,238.0,482.5,701.8,330.6,575.4,,,298.6,511.3,297.9,571.0,833.8,,,1021.3,1159.6,1728.8,1395.9,2243.4,,,1794.7,679.0,2026.3,2833.8,1994.1,,,777.1,888.9,1005.0,2015.4,1803.3,,,874.4,1159.6,1769.4,1728.8,1705.4,,,,,,,,,,,,,,,,,136.9,96.6,202.3,88.3,151.0,,,320.2,372.4,308.9,416.4,499.2,,,194.9,371.6,536.8,220.2,734.6,,,590.7,584.3,667.0,726.1,989.2,,,127.7,313.8,150.0,530.0,653.1,,,269.5,314.0,362.0,411.4,507.9,,,,,,,,,,,,,,,,,,,,,,,,,,,,,,,,,,,,,,,,,,,,,,,,,,,,,,,,,,,,,,,,,,,,,,,,,,,,,,,,,,,,,,,,,,,,,,,,,,,,,,,,,,,,,,,,,,,,,,,,,,,,,,,,
20260909_京王閣_6R,20260909,27,京王閣,6,45.2,287.3,92.7,226.1,137.7,,,18.6,114.5,8.0,43.6,38.2,,,595.3,412.3,486.2,631.2,596.2,,,103.7,21.4,192.8,43.9,96.4,,,282.6,106.9,469.2,81.9,266.0,,,193.9,156.8,359.5,185.5,287.0,,,,,,,,,,,,,,,,,59.2,186.5,94.5,235.7,99.9,,,51.1,258.8,124.9,298.8,102.7,,,332.3,407.1,621.1,357.8,110.8,,,301.8,327.8,736.8,624.1,424.9,,,266.5,524.4,468.0,595.3,321.1,,,68.6,89.2,27.0,162.8,113.5,,,,,,,,,,,,,,,,,20.3,113.8,11.3,62.6,45.8,,,32.6,153.9,67.2,162.2,85.1,,,353.9,419.4,694.5,549.7,397.5,,,63.3,201.1,498.1,247.1,328.4,,,168.5,425.8,559.2,316.1,572.4,,,159.1,153.6,242.6,331.2,406.6,,,,,,,,,,,,,,,,,751.1,770.5,694.5,819.3,704.6,,,524.4,761.4,945.2,552.0,215.6,,,826.3,1058.9,1588.3,1435.4,1163.8,,,1199.9,1211.1,1918.6,1160.3,1156.9,,,1053.1,897.1,1656.2,1254.2,890.9,,,428.2,138.4,729.8,804.0,418.0,,,,,,,,,,,,,,,,,310.3,59.5,404.5,142.2,236.8,,,500.7,472.6,1322.7,998.8,571.6,,,86.0,395.0,1019.9,430.1,537.5,,,1056.0,1621.6,1628.4,1409.3,1656.2,,,292.9,1113.7,534.5,1022.6,996.3,,,662.5,748.2,947.5,1389.1,1250.2,,,,,,,,,,,,,,,,,364.5,146.5,360.8,143.2,262.5,,,543.5,614.2,878.8,1185.2,545.1,,,271.9,731.2,1270.7,622.0,882.8,,,1006.6,1156.9,1828.1,1327.2,729.8,,,299.9,911.9,698.3,1004.0,772.0,,,283.7,473.7,455.9,340.2,423.1,,,,,,,,,,,,,,,,,148.6,246.2,209.1,238.0,341.7,,,75.6,125.9,27.0,234.3,117.9,,,250.2,256.8,349.4,602.7,717.7,,,212.9,55.3,401.6,474.3,242.3,,,395.0,411.4,776.6,676.3,810.8,,,396.2,313.8,648.1,339.6,729.8,,,,,,,,,,,,,,,,,,,,,,,,,,,,,,,,,,,,,,,,,,,,,,,,,,,,,,,,,,,,,,,,,,,,,,,,,,,,,,,,,,,,,,,,,,,,,,,,,,,,,,,,,,,,,,,,,,,,,,,,,,,,,,,,
20260909_京王閣_7R,20260909,27,京王閣,7,65.4,137.4,253.7,384.3,306.3,,,19.2,25.8,36.6,55.7,19.2,,,100.0,68.9,219.9,276.7,240.9,,,278.8,126.3,387.0,344.4,547.2,,,519.3,171.8,432.5,310.4,728.4,,,430.8,143.8,489.1,490.7,887.9,,,,,,,,,,,,,,,,,110.5,139.1,289.1,503.1,500.8,,,73.7,94.2,308.0,436.4,454.1,,,51.9,68.2,88.4,160.5,317.9,,,348.2,473.2,288.2,438.6,1412.1,,,810.7,880.8,444.8,487.5,2268.2,,,1318.6,1627.4,1509.5,2280.1,3502.2,,,,,,,,,,,,,,,,,13.5,18.5,24.9,43.5,17.9,,,41.7,63.4,168.8,251.3,270.0,,,45.2,70.2,125.4,228.9,366.6,,,89.3,248.7,195.1,214.1,692.6,,,112.4,435.1,373.2,204.0,1158.1,,,284.6,1119.6,1158.1,1164.3,1633.5,,,,,,,,,,,,,,,,,50.4,43.4,93.4,173.6,198.4,,,20.6,31.5,34.8,85.8,168.1,,,54.8,75.3,109.6,208.5,388.7,,,123.0,97.6,121.1,119.9,506.6,,,263.7,209.3,277.7,148.5,791.6,,,900.7,860.0,1155.0,1049.8,1937.0,,,,,,,,,,,,,,,,,333.1,187.5,381.6,273.6,785.9,,,339.3,577.5,308.9,333.6,1355.3,,,177.3,449.0,322.8,302.1,1161.2,,,285.7,218.5,277.6,221.2,1299.0,,,149.6,187.6,190.1,162.8,478.9,,,1536.0,2501.5,1895.1,2459.4,1621.4,,,,,,,,,,,,,,,,,276.7,128.2,374.4,189.1,385.0,,,541.8,738.2,455.5,426.2,1563.4,,,140.5,495.2,489.1,264.0,1368.0,,,400.5,420.1,465.2,299.6,1597.7,,,107.2,140.9,131.6,172.4,322.6,,,2222.2,3420.1,3082.9,3709.9,1737.2,,,,,,,,,,,,,,,,,1839.4,510.2,1658.2,1670.9,2637.2,,,2304.1,2501.5,3316.5,3447.0,5915.9,,,567.0,3019.1,2918.5,2998.4,4377.7,,,2064.9,3172.3,2978.0,3908.7,5472.2,,,2501.5,3840.1,3773.9,3908.7,3082.9,,,3741.7,5837.0,3267.0,5472.2,2188.8,,,,,,,,,,,,,,,,,,,,,,,,,,,,,,,,,,,,,,,,,,,,,,,,,,,,,,,,,,,,,,,,,,,,,,,,,,,,,,,,,,,,,,,,,,,,,,,,,,,,,,,,,,,,,,,,,,,,,,,,,,,,,,,,
20260909_京王閣_8R,20260909,27,京王閣,8,3.0,25.4,16.7,92.7,23.6,,,8.0,101.9,62.8,242.8,41.7,,,138.0,224.2,338.7,1017.0,408.4,,,183.9,236.8,387.6,577.8,354.5,,,808.8,717.0,2233.0,1604.9,1643.4,,,71.8,69.9,454.0,137.0,747.0,,,,,,,,,,,,,,,,,6.0,32.2,18.7,137.9,47.2,,,58.7,308.0,389.0,1078.4,361.0,,,112.3,312.9,97.5,644.0,257.1,,,140.2,354.8,171.1,379.0,287.1,,,1157.3,2757.5,1919.9,1483.3,1867.6,,,235.9,586.1,825.0,728.5,1719.1,,,,,,,,,,,,,,,,,39.6,250.6,212.2,467.4,173.7,,,54.6,385.4,562.8,1378.7,470.6,,,549.2,639.9,1624.0,3066.2,1462.1,,,703.5,1248.8,2151.1,2388.8,1592.5,,,1078.4,4324.9,5869.6,4891.3,3769.4,,,450.0,877.9,2139.9,1477.9,2703.1,,,,,,,,,,,,,,,,,179.8,366.5,509.7,1212.0,689.3,,,201.9,443.7,514.8,1296.1,756.6,,,534.9,627.2,1407.1,2374.9,1544.6,,,374.2,511.0,881.7,382.5,756.6,,,2552.0,3185.0,3950.7,1264.2,2914.0,,,1002.1,1374.1,2054.3,1859.1,2757.5,,,,,,,,,,,,,,,,,509.1,584.4,702.3,1095.6,799.3,,,565.1,1190.9,818.4,1356.0,1283.9,,,935.9,1763.4,2361.3,2853.2,2295.3,,,433.4,672.4,915.0,373.5,520.7,,,1119.5,1510.5,1802.0,752.5,704.7,,,982.9,1733.6,1726.3,1436.6,1369.5,,,,,,,,,,,,,,,,,2893.4,1276.0,5336.0,4235.8,4324.9,,,3340.4,5200.9,4777.6,5336.0,6132.4,,,1378.7,6735.6,6225.3,6963.9,5869.6,,,5200.9,4777.6,7084.0,1755.8,4777.6,,,2685.4,3481.9,4279.9,1421.7,2173.9,,,4777.6,6042.2,5869.6,5200.9,2955.9,,,,,,,,,,,,,,,,,107.7,107.5,564.3,180.6,673.5,,,224.6,424.8,944.5,709.6,1477.9,,,288.7,560.5,1383.4,776.7,1416.8,,,1014.5,1321.1,1893.4,1288.0,2460.3,,,269.6,358.8,351.7,775.2,592.0,,,1670.2,2814.2,2197.1,2505.3,1499.5,,,,,,,,,,,,,,,,,,,,,,,,,,,,,,,,,,,,,,,,,,,,,,,,,,,,,,,,,,,,,,,,,,,,,,,,,,,,,,,,,,,,,,,,,,,,,,,,,,,,,,,,,,,,,,,,,,,,,,,,,,,,,,,,
20260909_京王閣_9R,20260909,27,京王閣,9,99.4,46.2,57.7,292.4,438.3,,,151.4,67.3,257.7,390.2,254.3,,,15.4,19.2,28.6,17.1,71.4,,,65.4,245.6,85.0,434.2,522.3,,,572.0,558.0,154.7,716.2,1080.3,,,721.2,315.9,285.7,654.4,1224.5,,,,,,,,,,,,,,,,,229.9,110.3,107.3,707.5,890.7,,,338.4,301.0,320.5,906.2,746.9,,,122.7,326.1,165.2,475.7,1107.8,,,80.0,125.3,84.7,486.8,487.3,,,1570.2,2263.6,1448.4,1124.5,4357.4,,,1628.9,1330.5,1589.3,1502.5,4507.7,,,,,,,,,,,,,,,,,324.7,113.0,391.0,643.9,341.5,,,433.2,417.3,463.9,1122.0,643.1,,,107.2,336.2,398.5,401.6,281.7,,,660.2,766.7,699.0,2253.8,914.1,,,1105.4,1731.4,867.1,1908.3,1303.9,,,263.1,232.7,191.3,261.4,291.3,,,,,,,,,,,,,,,,,11.1,10.0,18.5,7.1,40.8,,,57.2,155.4,107.0,166.2,469.3,,,40.5,149.1,191.7,115.2,140.7,,,69.9,149.8,224.6,158.5,455.4,,,38.1,152.9,125.2,164.3,256.0,,,159.2,574.6,210.3,540.1,352.8,,,,,,,,,,,,,,,,,70.1,346.7,105.4,705.6,745.9,,,51.3,100.2,51.8,365.9,383.6,,,559.8,354.0,535.7,1922.4,880.2,,,86.7,97.7,357.4,274.7,760.0,,,1887.7,1618.8,3005.1,1112.5,3417.6,,,1644.3,1167.1,1156.8,1697.7,3789.0,,,,,,,,,,,,,,,,,2681.5,1995.7,367.4,2811.2,4149.9,,,3873.2,3761.8,2143.0,4053.4,6299.9,,,1533.4,1929.4,1103.1,2187.8,1908.3,,,304.3,1129.3,966.5,1409.4,1908.3,,,3708.4,3734.9,6536.1,2323.9,6376.7,,,6224.9,7262.4,3991.5,3873.2,6880.1,,,,,,,,,,,,,,,,,1300.7,593.5,426.1,1303.9,1790.7,,,1880.9,992.2,1828.2,1854.2,3227.7,,,298.2,241.1,221.6,308.3,304.8,,,377.8,1247.9,404.7,1424.7,964.7,,,1874.1,1995.7,1221.7,2003.4,3509.3,,,3288.6,4394.0,1784.6,2796.2,4627.3,,,,,,,,,,,,,,,,,,,,,,,,,,,,,,,,,,,,,,,,,,,,,,,,,,,,,,,,,,,,,,,,,,,,,,,,,,,,,,,,,,,,,,,,,,,,,,,,,,,,,,,,,,,,,,,,,,,,,,,,,,,,,,,,
20260909_伊東_1R,20260909,37,伊東,1,1058.4,731.0,349.1,1411.3,875.9,,,1161.3,832.9,534.8,2390.9,1026.4,,,577.3,749.9,121.9,1516.6,470.4,,,111.7,302.4,65.0,425.1,193.1,,,1954.1,2746.3,2478.4,1129.0,1278.1,,,932.2,1231.7,1167.9,445.6,1006.0,,,,,,,,,,,,,,,,,1270.1,945.2,421.6,1693.5,903.2,,,1262.3,1086.7,580.6,1935.5,501.8,,,883.6,1047.5,311.7,2674.0,1058.4,,,257.2,641.1,306.9,949.6,530.6,,,2162.0,1935.5,2862.4,1693.5,1302.7,,,1016.1,536.2,1441.3,691.2,806.4,,,,,,,,,,,,,,,,,537.6,388.5,216.2,1294.4,340.4,,,723.2,681.9,324.6,1026.4,164.5,,,189.0,306.9,37.3,527.8,91.2,,,76.4,187.3,48.0,360.3,53.6,,,1231.7,731.0,1001.1,629.1,130.8,,,126.6,56.2,94.1,32.5,46.4,,,,,,,,,,,,,,,,,251.2,444.7,92.1,1058.4,405.6,,,396.9,482.7,165.9,2073.7,452.6,,,201.4,270.2,55.4,723.2,104.4,,,8.3,40.8,27.2,263.9,34.7,,,1798.5,2335.9,1782.7,1188.4,1363.9,,,515.8,550.7,196.3,179.2,412.2,,,,,,,,,,,,,,,,,33.5,83.0,13.4,221.1,52.4,,,101.8,300.1,119.1,599.5,214.8,,,91.0,182.5,52.5,462.9,107.0,,,6.6,36.6,24.9,178.2,33.8,,,621.5,784.6,843.2,610.3,443.7,,,118.6,194.2,157.0,121.9,245.7,,,,,,,,,,,,,,,,,1899.3,3503.9,3331.6,1345.8,1421.1,,,2116.9,1679.5,2903.2,1539.6,1122.8,,,1767.2,1246.8,1722.2,1016.1,453.6,,,3175.4,3033.2,2448.5,2012.1,2233.3,,,1026.4,1551.3,1311.1,1899.3,539.0,,,861.1,693.6,323.6,1881.7,416.4,,,,,,,,,,,,,,,,,718.1,703.2,879.7,509.3,710.5,,,556.7,268.4,991.3,368.1,481.5,,,192.8,95.1,160.7,63.2,58.6,,,561.4,705.6,254.0,297.1,413.0,,,155.0,166.7,94.7,227.3,140.5,,,262.2,185.7,91.1,513.2,133.2,,,,,,,,,,,,,,,,,,,,,,,,,,,,,,,,,,,,,,,,,,,,,,,,,,,,,,,,,,,,,,,,,,,,,,,,,,,,,,,,,,,,,,,,,,,,,,,,,,,,,,,,,,,,,,,,,,,,,,,,,,,,,,,,
20260909_伊東_2R,20260909,37,伊東,2,475.2,96.6,700.9,177.0,211.4,,,941.7,295.7,700.9,616.4,369.0,,,21.4,47.6,41.9,9.4,11.6,,,550.2,409.3,131.5,338.8,201.4,,,141.3,271.6,51.2,386.6,160.9,,,225.4,126.6,54.5,195.3,180.5,,,,,,,,,,,,,,,,,1490.3,470.8,2291.1,971.5,936.0,,,3070.1,3132.7,2791.0,5116.9,2398.5,,,556.1,2192.9,1918.8,1650.6,1358.4,,,2516.5,1724.7,2074.4,3488.7,1180.8,,,1872.0,3070.1,2291.1,4039.6,3411.2,,,1180.8,1358.4,1476.0,1827.4,2952.0,,,,,,,,,,,,,,,,,1849.4,892.4,624.0,1248.0,436.0,,,2436.6,3266.1,2398.5,4264.0,1724.7,,,741.5,2019.8,848.1,2693.1,775.2,,,799.5,717.3,919.2,1615.8,233.6,,,1705.6,4951.8,4039.6,3936.0,3936.0,,,255.4,562.2,562.2,165.4,1504.9,,,,,,,,,,,,,,,,,26.7,27.4,23.0,9.5,7.3,,,236.8,930.3,720.6,887.3,481.2,,,248.3,542.4,476.7,1145.5,233.6,,,69.4,307.0,251.2,377.1,78.5,,,185.6,707.4,1154.1,1180.8,639.6,,,33.9,190.6,65.9,68.4,284.7,,,,,,,,,,,,,,,,,552.1,347.3,144.1,362.0,160.5,,,1668.5,1849.4,1519.8,1566.3,1081.0,,,511.6,560.2,636.9,1476.0,142.2,,,114.7,529.3,373.4,748.8,130.9,,,2192.9,1686.8,3266.1,3132.7,2646.6,,,45.4,245.6,16.6,87.0,504.9,,,,,,,,,,,,,,,,,1073.4,1490.3,369.8,3009.9,1382.9,,,2291.1,5293.3,3070.1,5482.3,5116.9,,,1968.0,6977.5,4385.9,7309.8,5685.4,,,478.2,2558.4,3266.1,4148.8,2162.0,,,3132.7,2291.1,6396.1,5116.9,4797.0,,,2436.6,3936.0,4264.0,2842.7,4797.0,,,,,,,,,,,,,,,,,396.6,140.7,118.1,201.7,428.7,,,807.9,713.9,1096.4,825.3,2291.1,,,119.7,214.3,172.0,43.8,685.2,,,95.5,441.1,141.4,141.2,783.1,,,92.7,216.5,17.1,118.1,556.1,,,1279.2,2475.9,1258.2,1686.8,2257.4,,,,,,,,,,,,,,,,,,,,,,,,,,,,,,,,,,,,,,,,,,,,,,,,,,,,,,,,,,,,,,,,,,,,,,,,,,,,,,,,,,,,,,,,,,,,,,,,,,,,,,,,,,,,,,,,,,,,,,,,,,,,,,,,
20260909_伊東_3R,20260909,37,伊東,3,419.4,387.4,131.8,167.8,157.8,,,348.9,981.6,58.5,389.5,245.8,,,887.0,1600.4,684.8,956.1,866.1,,,13.6,4.8,115.4,16.5,10.1,,,71.5,299.8,453.0,79.8,86.0,,,61.4,109.3,410.1,26.0,70.1,,,,,,,,,,,,,,,,,1583.2,931.9,400.1,366.2,561.9,,,2045.0,2887.1,1795.6,1123.9,1636.0,,,1502.4,2165.3,1314.6,476.5,1168.6,,,485.9,931.9,968.7,375.6,675.4,,,168.4,543.3,124.1,152.5,90.9,,,478.0,1326.5,272.1,458.7,148.2,,,,,,,,,,,,,,,,,943.8,2726.7,114.1,851.1,787.3,,,2629.3,3681.0,1912.2,2677.1,4908.1,,,5663.2,5663.2,3132.8,6135.1,6401.9,,,102.7,827.2,1472.4,783.2,657.3,,,2165.3,3067.5,5453.4,2197.6,2265.2,,,1082.6,3132.8,4601.3,981.6,2887.1,,,,,,,,,,,,,,,,,2133.9,7011.6,2073.8,2413.8,2583.2,,,2583.2,4206.9,3346.4,1015.4,3272.0,,,6135.1,3775.4,1673.2,5889.7,7749.6,,,1989.7,3272.0,3424.2,2495.6,7011.6,,,2831.6,1141.4,6135.1,2677.1,3591.3,,,2726.7,3505.8,5258.7,4090.1,3505.8,,,,,,,,,,,,,,,,,38.2,12.3,197.1,40.6,33.0,,,260.1,555.6,988.2,474.9,666.2,,,35.3,242.1,732.5,223.7,232.6,,,1098.8,1989.7,1887.7,2017.0,3004.9,,,196.5,298.0,348.0,1159.3,365.3,,,122.0,410.1,287.0,1197.1,357.3,,,,,,,,,,,,,,,,,60.6,600.9,570.7,127.7,147.6,,,74.9,355.6,65.2,65.7,29.4,,,1338.5,871.2,1376.1,1206.9,897.8,,,1402.3,262.9,2045.0,1132.6,795.9,,,239.4,98.3,429.2,610.9,232.9,,,122.1,25.1,338.4,187.5,104.8,,,,,,,,,,,,,,,,,171.0,334.6,684.8,66.6,178.0,,,322.1,1036.9,249.1,320.0,129.2,,,841.3,1752.9,2831.6,747.4,1887.7,,,2133.9,1673.2,4461.9,2944.8,1795.6,,,108.5,370.8,313.9,981.6,332.3,,,163.0,40.6,535.4,302.3,176.7,,,,,,,,,,,,,,,,,,,,,,,,,,,,,,,,,,,,,,,,,,,,,,,,,,,,,,,,,,,,,,,,,,,,,,,,,,,,,,,,,,,,,,,,,,,,,,,,,,,,,,,,,,,,,,,,,,,,,,,,,,,,,,,,
20260909_伊東_4R,20260909,37,伊東,4,2771.2,1472.2,2692.0,2093.8,1215.7,,,3365.0,2546.5,1744.8,1962.9,837.5,,,1544.6,2004.7,2070.8,1570.3,670.6,,,3365.0,1942.7,2581.4,2191.2,1128.4,,,2004.7,1557.3,1596.9,2326.4,383.0,,,759.8,690.2,724.7,815.7,327.1,,,,,,,,,,,,,,,,,2298.1,905.9,2355.5,1519.7,1156.0,,,1583.5,269.9,291.7,636.6,630.2,,,211.4,67.4,105.2,115.3,76.2,,,1495.5,517.7,399.2,791.7,798.4,,,775.4,437.2,212.2,675.4,276.3,,,342.0,369.4,214.1,583.4,225.4,,,,,,,,,,,,,,,,,1519.7,893.1,546.2,750.7,262.4,,,932.8,219.1,283.3,484.4,474.6,,,341.3,150.8,42.8,144.0,126.9,,,132.1,97.7,21.4,45.5,20.5,,,407.8,363.0,122.7,91.3,89.7,,,121.9,336.5,127.4,59.8,64.8,,,,,,,,,,,,,,,,,638.7,619.8,700.5,819.3,628.1,,,198.5,44.2,66.2,106.1,63.8,,,309.4,77.4,42.1,170.3,112.7,,,400.0,139.4,67.1,218.6,160.6,,,368.0,177.2,161.7,179.9,97.6,,,217.8,167.3,174.8,155.6,117.1,,,,,,,,,,,,,,,,,2415.9,860.4,1395.8,1427.6,888.8,,,1416.8,501.1,576.2,826.5,884.7,,,285.5,184.7,41.8,122.7,77.6,,,703.1,373.1,99.8,345.7,261.0,,,880.5,638.7,280.4,416.9,298.6,,,594.4,888.8,206.8,348.3,343.8,,,,,,,,,,,,,,,,,919.2,719.2,495.9,775.4,223.5,,,579.8,384.5,143.6,367.3,232.3,,,402.6,325.4,92.9,81.8,90.9,,,192.2,106.3,98.5,84.0,49.9,,,552.6,433.2,144.9,144.1,150.7,,,18.6,78.5,32.2,24.7,49.9,,,,,,,,,,,,,,,,,282.5,128.0,121.2,273.9,63.4,,,327.7,382.2,217.6,571.0,221.4,,,134.4,465.2,185.4,118.5,72.7,,,132.6,203.5,161.2,220.6,67.6,,,376.1,738.9,177.4,298.1,201.1,,,22.2,111.5,40.1,33.5,84.3,,,,,,,,,,,,,,,,,,,,,,,,,,,,,,,,,,,,,,,,,,,,,,,,,,,,,,,,,,,,,,,,,,,,,,,,,,,,,,,,,,,,,,,,,,,,,,,,,,,,,,,,,,,,,,,,,,,,,,,,,,,,,,,,
20260909_伊東_5R,20260909,37,伊東,5,401.7,640.2,178.1,568.6,238.2,,,393.7,286.1,160.7,1194.4,587.3,,,1022.8,556.1,376.2,1711.3,798.0,,,106.5,106.5,146.9,53.6,150.0,,,1797.7,1401.3,2144.2,253.1,2069.4,,,442.7,661.6,922.1,374.6,1934.5,,,,,,,,,,,,,,,,,262.1,452.8,119.6,289.8,143.7,,,291.7,123.3,143.2,583.5,136.2,,,714.7,279.8,278.0,868.1,275.0,,,40.7,72.6,100.2,54.4,28.2,,,738.4,859.7,1028.7,274.6,411.9,,,74.1,58.0,92.2,18.7,102.9,,,,,,,,,,,,,,,,,300.6,176.5,78.6,669.0,395.5,,,281.1,112.5,99.7,563.2,65.3,,,74.2,32.3,22.7,178.3,54.2,,,64.7,90.4,44.1,63.1,99.2,,,1155.6,1390.4,1022.8,613.7,1575.0,,,413.8,194.0,200.8,223.5,926.9,,,,,,,,,,,,,,,,,1105.4,552.7,563.2,1547.6,1379.6,,,1028.7,349.6,615.8,2022.4,504.1,,,209.8,100.5,69.4,411.0,147.6,,,380.2,557.9,183.8,566.8,545.9,,,2825.0,2917.6,1483.1,1632.8,3068.5,,,1369.0,794.5,605.3,738.4,2542.5,,,,,,,,,,,,,,,,,18.6,25.2,55.3,14.1,48.1,,,27.2,70.4,130.0,45.3,36.4,,,45.6,80.2,64.6,94.2,154.4,,,150.6,254.9,119.1,162.6,272.1,,,37.4,63.8,114.0,136.2,67.4,,,91.6,77.1,219.4,274.6,94.6,,,,,,,,,,,,,,,,,1873.4,2069.4,2966.2,435.1,2405.0,,,1695.0,2118.7,3016.5,801.6,1435.2,,,2118.7,2617.2,2093.8,1210.7,4340.8,,,4943.7,3786.7,2118.7,1271.2,3955.0,,,287.0,534.4,747.7,827.7,498.5,,,3178.1,1999.7,3632.1,4044.9,889.8,,,,,,,,,,,,,,,,,689.8,1227.4,1762.1,626.6,1955.7,,,301.6,268.0,282.5,111.2,435.1,,,706.2,483.6,559.6,692.5,2542.5,,,912.6,635.6,983.2,894.3,3295.8,,,458.7,212.6,534.4,640.2,603.3,,,3068.5,1401.3,3632.1,4044.9,1202.5,,,,,,,,,,,,,,,,,,,,,,,,,,,,,,,,,,,,,,,,,,,,,,,,,,,,,,,,,,,,,,,,,,,,,,,,,,,,,,,,,,,,,,,,,,,,,,,,,,,,,,,,,,,,,,,,,,,,,,,,,,,,,,,,
20260909_伊東_6R,20260909,37,伊東,6,111.5,64.4,29.6,501.0,54.0,,,151.2,221.7,202.2,389.5,50.7,,,254.8,352.2,369.9,714.9,228.8,,,29.2,147.0,164.8,545.4,57.8,,,1239.6,1289.8,1223.7,1674.5,1435.3,,,26.7,14.1,112.3,47.4,338.4,,,,,,,,,,,,,,,,,131.6,99.9,47.0,517.3,94.5,,,226.9,245.0,167.1,452.3,242.2,,,104.9,170.9,32.8,143.4,111.1,,,24.7,48.3,12.2,161.9,31.7,,,2075.0,1193.1,959.3,871.6,1539.5,,,116.9,145.8,173.8,124.2,513.1,,,,,,,,,,,,,,,,,263.3,367.1,339.6,540.7,102.6,,,297.3,447.0,384.1,679.3,261.5,,,788.8,751.5,1660.0,1552.0,699.2,,,575.0,507.7,1363.5,1835.5,568.1,,,3079.0,2849.2,3349.1,3349.1,2688.7,,,60.0,130.5,192.2,246.3,545.4,,,,,,,,,,,,,,,,,411.4,669.8,805.4,1604.2,589.2,,,298.2,323.5,140.6,346.4,311.4,,,1026.3,696.7,2030.8,2447.4,945.0,,,808.9,266.2,1617.8,1334.9,1200.6,,,2579.7,1307.5,2219.7,1818.1,1909.0,,,583.7,494.5,514.5,879.7,1590.8,,,,,,,,,,,,,,,,,36.7,151.7,221.9,728.6,76.7,,,37.1,93.3,24.9,251.8,58.7,,,356.1,267.7,636.3,1800.9,357.4,,,573.2,180.7,769.7,1143.1,709.6,,,2936.9,1060.5,2511.8,1928.3,3079.0,,,120.2,139.6,175.4,421.4,1446.2,,,,,,,,,,,,,,,,,4338.6,3349.1,3977.1,3977.1,4894.9,,,4772.5,1853.4,2075.0,2356.8,3079.0,,,4772.5,4772.5,4061.7,6158.1,4338.6,,,4656.1,2075.0,4061.7,3349.1,4061.7,,,3743.1,3129.5,6158.1,4656.1,5454.3,,,4242.2,3181.7,4150.0,5454.3,4894.9,,,,,,,,,,,,,,,,,29.0,12.7,109.0,64.1,442.9,,,59.3,79.1,193.4,158.1,617.8,,,22.5,54.8,114.7,126.9,372.1,,,312.9,453.4,365.7,819.3,1239.6,,,113.2,183.3,187.8,480.8,1289.8,,,1853.4,2356.8,2300.0,2688.7,4150.0,,,,,,,,,,,,,,,,,,,,,,,,,,,,,,,,,,,,,,,,,,,,,,,,,,,,,,,,,,,,,,,,,,,,,,,,,,,,,,,,,,,,,,,,,,,,,,,,,,,,,,,,,,,,,,,,,,,,,,,,,,,,,,,,
20260909_伊東_7R,20260909,37,伊東,7,954.4,200.3,700.1,917.7,330.6,,,2442.3,957.3,2027.3,2898.9,1938.6,,,62.4,151.9,66.1,35.8,39.2,,,1255.8,1115.7,389.6,1543.1,631.7,,,1188.4,1723.2,286.4,1188.4,1033.9,,,361.0,647.5,158.3,289.0,854.4,,,,,,,,,,,,,,,,,1314.3,184.8,671.3,920.4,338.2,,,2110.0,1378.5,1297.8,3524.8,1303.2,,,91.2,329.9,106.7,111.4,60.9,,,888.7,733.2,338.6,836.0,274.2,,,616.6,2720.9,374.1,1535.5,597.6,,,198.4,355.7,71.4,77.6,354.9,,,,,,,,,,,,,,,,,4561.5,1422.8,2872.0,4431.1,2349.8,,,4368.7,2461.7,2501.4,5744.1,2606.5,,,1023.7,1676.6,937.1,1846.3,1051.4,,,2720.9,2139.1,1107.7,3877.2,1174.9,,,5441.8,7213.5,3165.1,3926.3,1632.5,,,3133.1,2154.0,1505.7,1188.4,4191.6,,,,,,,,,,,,,,,,,16.9,55.5,23.7,7.6,11.5,,,27.9,125.2,61.7,46.4,29.0,,,148.0,403.3,160.8,297.3,245.0,,,53.9,112.1,74.9,64.9,46.4,,,17.9,44.2,100.2,39.3,21.8,,,25.3,38.3,81.6,23.1,32.0,,,,,,,,,,,,,,,,,1543.1,1409.9,562.9,2054.1,736.7,,,1354.5,904.3,647.5,2231.5,422.5,,,1281.7,1016.9,396.1,1704.3,408.6,,,294.5,398.1,375.0,542.2,185.0,,,3335.2,3649.2,2898.9,1211.6,1782.6,,,272.3,248.3,176.9,134.3,838.3,,,,,,,,,,,,,,,,,1558.7,2184.3,241.3,563.9,501.9,,,2027.3,4028.3,783.2,3165.1,2040.6,,,4431.1,6330.2,2095.8,4923.5,4629.5,,,167.7,405.4,647.5,242.5,174.9,,,2154.0,3877.2,3335.2,847.4,1632.5,,,1658.7,2154.0,3371.5,466.4,1372.4,,,,,,,,,,,,,,,,,474.2,1020.3,249.7,391.6,1235.7,,,332.1,438.7,131.7,108.9,729.8,,,1416.3,886.2,634.3,418.6,2386.0,,,156.2,156.7,320.1,103.3,256.5,,,264.2,140.4,122.8,100.9,599.9,,,2264.1,1846.3,2982.5,767.7,1157.3,,,,,,,,,,,,,,,,,,,,,,,,,,,,,,,,,,,,,,,,,,,,,,,,,,,,,,,,,,,,,,,,,,,,,,,,,,,,,,,,,,,,,,,,,,,,,,,,,,,,,,,,,,,,,,,,,,,,,,,,,,,,,,,,
20260909_玉野_1R,20260909,61,玉野,1,4.3,9.1,14.5,48.4,107.3,,,4.5,8.5,20.5,67.2,131.1,,,14.3,18.6,40.6,106.1,205.7,,,32.2,55.1,67.9,238.7,425.1,,,193.9,275.8,329.2,481.4,909.1,,,405.4,601.4,554.8,878.7,1218.4,,,,,,,,,,,,,,,,,36.5,56.5,82.2,221.5,384.3,,,116.9,253.8,467.1,968.7,1763.9,,,173.2,308.1,617.1,1170.1,1688.3,,,276.7,697.2,743.3,1264.0,1921.7,,,875.4,2055.4,1969.7,1398.6,3636.4,,,1937.4,5252.7,4545.6,4006.3,7162.7,,,,,,,,,,,,,,,,,50.9,71.0,119.9,337.6,570.9,,,151.6,313.0,752.7,1676.3,2272.8,,,259.1,410.3,1084.2,3030.4,3376.7,,,823.5,1343.0,1738.0,3636.4,6388.4,,,1575.8,3751.9,2436.8,4220.9,9999.9,,,2488.1,6565.8,6565.8,6220.3,9999.9,,,,,,,,,,,,,,,,,146.9,176.5,378.1,709.8,1079.3,,,295.4,513.8,1358.4,1832.3,2626.3,,,333.8,478.4,1441.2,3194.2,3636.4,,,1565.3,2251.1,3151.6,4075.3,7386.6,,,2847.8,3636.4,6952.1,4220.9,8441.8,,,4377.2,5372.0,6388.4,6753.4,9999.9,,,,,,,,,,,,,,,,,801.2,1109.7,1459.0,3476.0,3636.4,,,1141.8,2780.8,3693.3,3693.3,5497.0,,,1676.3,2716.9,4459.8,5765.1,9999.9,,,2716.9,4545.6,4823.9,7879.0,9999.9,,,4545.6,3939.5,4727.4,6952.1,6060.8,,,4823.9,7624.9,2992.0,9848.8,8150.7,,,,,,,,,,,,,,,,,1305.9,2091.7,2655.8,4727.4,5138.5,,,1804.3,4297.6,3874.9,4075.3,7879.0,,,3376.7,4545.6,5497.0,7386.6,9999.9,,,4727.4,5627.9,9454.8,9848.8,9999.9,,,4377.2,3376.7,5138.5,5627.9,4545.6,,,7162.7,9999.9,9999.9,9999.9,8150.7,,,,,,,,,,,,,,,,,2272.8,2488.1,4634.7,3939.5,5627.9,,,3527.9,5627.9,9091.2,7162.7,9999.9,,,4924.4,9999.9,9999.9,9999.9,9999.9,,,6220.3,9999.9,9999.9,9999.9,9999.9,,,6388.4,8150.7,9999.9,9999.9,3874.9,,,7624.9,9999.9,9091.2,9999.9,4823.9,,,,,,,,,,,,,,,,,,,,,,,,,,,,,,,,,,,,,,,,,,,,,,,,,,,,,,,,,,,,,,,,,,,,,,,,,,,,,,,,,,,,,,,,,,,,,,,,,,,,,,,,,,,,,,,,,,,,,,,,,,,,,,,,
20260909_玉野_2R,20260909,61,玉野,2,2.4,6.6,5.7,9.3,78.3,,,10.0,38.3,44.4,37.3,217.4,,,34.9,78.9,126.5,129.7,375.4,,,23.1,67.4,119.4,121.8,424.7,,,28.4,50.8,90.0,104.4,366.7,,,384.5,745.4,981.9,1077.5,998.0,,,,,,,,,,,,,,,,,100.6,251.3,320.4,283.3,913.2,,,306.4,946.3,1421.3,992.6,5144.7,,,1313.9,2040.6,4150.9,3885.9,8494.8,,,1009.0,2240.9,3122.0,2969.7,6088.0,,,953.7,1714.9,3478.8,3261.4,8494.8,,,3727.3,9999.9,7305.6,9612.6,9999.9,,,,,,,,,,,,,,,,,268.3,830.1,1117.0,740.9,2945.8,,,431.2,1683.3,2519.1,1826.4,7024.6,,,2341.5,3446.0,9999.9,5988.1,9999.9,,,2646.9,2590.6,6641.4,5534.5,9999.9,,,1443.7,2099.3,4806.3,5798.0,9999.9,,,6764.4,9999.9,9999.9,9999.9,9999.9,,,,,,,,,,,,,,,,,1052.6,1554.3,3446.0,2029.3,5371.7,,,1630.7,3122.0,8117.3,6892.0,9999.9,,,2746.4,3927.7,9999.9,8117.3,9999.9,,,5798.0,9999.9,9999.9,8494.8,9999.9,,,4247.4,9999.9,9366.1,9999.9,9999.9,,,9132.0,9999.9,9999.9,9999.9,9999.9,,,,,,,,,,,,,,,,,1455.2,2536.6,2767.2,3885.9,6088.0,,,1863.6,4683.0,5371.7,6088.0,9999.9,,,3885.9,6522.8,9132.0,9999.9,9999.9,,,5988.1,8909.2,9999.9,9999.9,9999.9,,,5988.1,6297.9,9872.4,9132.0,9999.9,,,9999.9,9999.9,6191.1,9999.9,9999.9,,,,,,,,,,,,,,,,,545.1,777.1,1277.2,2705.7,5619.6,,,948.7,1318.7,2554.4,5619.6,9872.4,,,1117.0,1347.8,2356.6,6408.4,9999.9,,,5451.9,9612.6,6764.4,9999.9,9999.9,,,4297.4,6297.9,6641.4,7454.6,9999.9,,,9999.9,9999.9,9999.9,9999.9,9999.9,,,,,,,,,,,,,,,,,5293.9,9366.1,9999.9,9999.9,9999.9,,,7305.6,9132.0,9999.9,9999.9,9999.9,,,9999.9,9999.9,9999.9,9999.9,9999.9,,,9999.9,9999.9,9999.9,9999.9,9999.9,,,9999.9,9999.9,9999.9,9999.9,9999.9,,,9999.9,9999.9,9999.9,9999.9,9999.9,,,,,,,,,,,,,,,,,,,,,,,,,,,,,,,,,,,,,,,,,,,,,,,,,,,,,,,,,,,,,,,,,,,,,,,,,,,,,,,,,,,,,,,,,,,,,,,,,,,,,,,,,,,,,,,,,,,,,,,,,,,,,,,,
20260909_玉野_3R,20260909,61,玉野,3,24.2,38.1,94.5,175.3,235.1,,,36.1,67.9,135.4,122.7,458.7,,,53.5,58.0,129.7,251.4,291.9,,,265.3,226.7,289.4,773.4,463.8,,,675.2,484.6,839.3,1298.1,1871.0,,,711.0,962.3,996.7,912.5,2174.7,,,,,,,,,,,,,,,,,13.2,24.0,58.1,92.6,153.0,,,7.0,21.1,23.0,6.5,123.4,,,54.0,75.1,227.5,404.4,622.5,,,172.5,104.7,326.7,513.6,224.6,,,290.9,81.7,634.3,656.6,1674.5,,,599.1,694.8,1235.8,768.1,2293.9,,,,,,,,,,,,,,,,,38.2,130.4,208.4,111.5,768.1,,,14.4,35.1,40.4,10.2,171.6,,,244.9,164.7,659.2,529.9,2017.5,,,388.9,158.8,824.9,479.1,1017.9,,,223.1,48.5,740.9,475.7,1345.0,,,1515.4,841.4,4349.4,1840.1,2838.2,,,,,,,,,,,,,,,,,110.6,146.2,221.9,520.0,553.5,,,173.1,183.2,556.3,917.5,1610.1,,,354.7,316.2,990.8,697.7,2596.2,,,835.1,1283.1,1753.4,3101.0,2247.7,,,1881.5,2679.2,2767.8,4349.4,4998.6,,,2342.0,4465.4,5401.7,3251.5,6319.0,,,,,,,,,,,,,,,,,321.1,322.6,473.0,1063.2,617.9,,,224.6,131.6,387.6,756.0,306.1,,,385.8,176.2,996.7,497.6,816.8,,,706.5,1213.4,1431.2,2658.0,1840.1,,,2462.5,2160.7,1462.4,4349.4,2247.7,,,374.2,331.9,610.0,536.7,1313.3,,,,,,,,,,,,,,,,,1431.2,1345.0,3072.5,3940.1,6202.0,,,1108.9,270.9,2174.7,2409.4,4853.7,,,778.8,200.1,1781.4,1456.1,4853.7,,,3601.1,3525.3,3987.0,8168.5,9568.8,,,3721.2,3452.6,2767.8,5490.3,4525.8,,,8168.5,8813.4,8372.7,8813.4,6698.2,,,,,,,,,,,,,,,,,1594.8,2203.3,3417.4,1820.1,6698.2,,,1674.5,2409.4,4998.6,2232.7,7125.7,,,4186.3,2790.9,9568.8,2963.8,7611.6,,,3805.8,5232.9,8168.5,5490.3,8813.4,,,1617.9,1717.4,1935.9,2616.4,3283.4,,,9999.9,9999.9,3721.2,9051.6,2990.2,,,,,,,,,,,,,,,,,,,,,,,,,,,,,,,,,,,,,,,,,,,,,,,,,,,,,,,,,,,,,,,,,,,,,,,,,,,,,,,,,,,,,,,,,,,,,,,,,,,,,,,,,,,,,,,,,,,,,,,,,,,,,,,,
20260909_玉野_4R,20260909,61,玉野,4,6.8,15.5,53.1,70.2,62.8,,,30.3,51.5,263.7,55.6,291.4,,,62.4,80.6,349.2,313.1,483.4,,,259.1,502.9,713.0,1134.3,752.7,,,316.2,318.0,642.4,1410.5,1598.1,,,316.2,752.7,893.7,565.2,1318.8,,,,,,,,,,,,,,,,,7.1,16.3,47.2,43.2,50.2,,,30.6,65.3,200.7,49.6,383.9,,,50.0,62.1,395.1,281.6,713.0,,,173.9,441.9,821.3,954.1,393.2,,,235.2,169.2,659.4,1001.3,1954.3,,,189.1,708.3,1386.4,406.0,1792.4,,,,,,,,,,,,,,,,,45.9,56.6,266.1,66.1,393.7,,,73.3,77.7,213.8,104.6,475.6,,,46.3,41.5,124.9,16.6,231.4,,,617.9,530.1,427.4,466.8,1081.4,,,93.7,100.6,25.8,183.3,308.9,,,911.3,921.6,414.3,1056.7,518.2,,,,,,,,,,,,,,,,,92.9,115.7,501.4,390.8,644.9,,,103.8,119.5,519.9,460.1,1029.9,,,69.8,68.1,219.6,19.2,378.1,,,1215.0,1277.2,717.7,1772.8,2148.5,,,926.9,805.0,229.6,1154.5,2284.6,,,1441.8,1725.6,1154.5,1422.9,2457.7,,,,,,,,,,,,,,,,,908.7,1630.2,1698.5,2896.6,1672.2,,,989.1,1329.6,2040.4,2350.9,1663.7,,,1598.1,1324.1,1020.2,1007.5,1689.7,,,2439.2,2726.2,1646.8,4325.6,3526.3,,,4055.3,2821.0,1978.2,3816.7,3526.3,,,1192.7,1272.2,1099.7,2148.5,2002.6,,,,,,,,,,,,,,,,,1707.5,980.1,1990.3,4159.3,4569.3,,,1646.8,971.3,2066.4,3526.3,4505.9,,,582.4,625.0,167.6,1007.5,2421.0,,,2574.8,2317.3,383.9,3149.7,4213.3,,,4106.6,3729.0,2002.6,3488.4,4770.9,,,6361.2,7052.7,4842.1,5793.3,5318.4,,,,,,,,,,,,,,,,,1111.0,1725.6,2457.7,1368.8,4444.1,,,1142.3,1782.5,3119.4,1853.8,4505.9,,,2134.3,2192.0,1530.3,1875.2,2093.0,,,2922.7,5069.1,2106.6,3908.7,4991.1,,,1150.4,1297.7,1004.4,2053.3,1942.6,,,6121.2,6238.9,2637.6,5407.1,2300.8,,,,,,,,,,,,,,,,,,,,,,,,,,,,,,,,,,,,,,,,,,,,,,,,,,,,,,,,,,,,,,,,,,,,,,,,,,,,,,,,,,,,,,,,,,,,,,,,,,,,,,,,,,,,,,,,,,,,,,,,,,,,,,,,
20260909_玉野_5R,20260909,61,玉野,5,32.3,42.6,17.7,36.5,18.8,,,110.9,294.9,239.9,431.6,223.7,,,139.7,246.1,192.6,240.0,150.9,,,44.8,92.1,179.1,66.5,103.8,,,81.8,248.0,166.9,69.6,126.1,,,71.0,178.5,145.1,124.7,189.7,,,,,,,,,,,,,,,,,53.6,63.9,22.5,31.3,25.1,,,202.1,451.1,320.8,553.5,696.4,,,211.7,379.5,420.5,511.6,934.0,,,35.8,147.6,212.8,45.3,160.5,,,51.9,278.9,236.9,44.8,240.7,,,235.2,876.9,868.5,680.6,774.7,,,,,,,,,,,,,,,,,317.9,475.7,420.0,778.0,708.8,,,326.3,685.8,541.0,1045.7,1207.7,,,328.1,455.1,372.0,461.6,790.0,,,456.3,516.1,659.3,518.3,1412.1,,,806.0,1073.9,678.0,556.9,2038.0,,,1183.7,1566.3,1848.9,2241.8,3202.6,,,,,,,,,,,,,,,,,446.6,498.8,744.1,763.1,790.0,,,536.1,718.8,912.7,1054.9,1741.2,,,291.6,403.4,335.5,440.6,817.0,,,556.9,660.5,354.0,392.8,1470.0,,,804.2,919.7,580.4,374.8,1877.9,,,1699.9,3092.1,2187.1,3119.0,3290.7,,,,,,,,,,,,,,,,,60.3,139.6,250.6,57.2,138.1,,,52.2,203.3,280.4,49.5,230.9,,,343.9,364.8,459.2,237.8,934.0,,,416.1,456.9,355.8,159.3,1021.9,,,25.4,29.2,90.7,67.8,150.0,,,616.3,822.6,1142.3,1652.9,429.5,,,,,,,,,,,,,,,,,67.1,276.7,307.0,58.5,189.0,,,43.1,260.2,247.5,44.0,263.3,,,461.0,591.8,374.8,261.0,1195.6,,,395.0,513.1,227.5,175.7,1160.8,,,19.2,21.6,66.0,42.4,141.7,,,689.7,951.4,1374.2,1412.1,536.9,,,,,,,,,,,,,,,,,372.8,905.7,1153.3,729.0,1019.0,,,450.6,1623.0,3092.1,1476.0,1868.1,,,1476.0,1741.2,2989.0,2940.0,4374.2,,,1573.2,3448.9,2407.3,3985.4,4030.2,,,1019.0,1172.1,1532.8,2562.0,1013.2,,,1482.1,2038.0,2637.4,3290.7,1036.6,,,,,,,,,,,,,,,,,,,,,,,,,,,,,,,,,,,,,,,,,,,,,,,,,,,,,,,,,,,,,,,,,,,,,,,,,,,,,,,,,,,,,,,,,,,,,,,,,,,,,,,,,,,,,,,,,,,,,,,,,,,,,,,,
20260909_玉野_6R,20260909,61,玉野,6,74.6,69.8,104.3,222.9,254.8,,,34.5,26.5,9.0,50.5,225.5,,,44.3,35.6,58.6,112.2,319.3,,,111.3,27.6,106.1,88.4,393.7,,,364.7,151.7,388.8,147.8,922.2,,,713.0,688.3,1056.5,784.1,1236.7,,,,,,,,,,,,,,,,,143.8,74.4,188.6,371.6,197.7,,,192.9,161.5,701.1,719.8,665.2,,,34.2,75.6,166.5,108.2,48.0,,,655.9,1240.7,661.7,1618.8,1611.9,,,491.1,1062.5,303.2,1106.1,694.6,,,334.1,962.2,167.4,1193.6,782.5,,,,,,,,,,,,,,,,,52.3,32.0,10.4,51.7,309.4,,,141.5,162.1,506.9,567.2,457.2,,,60.1,100.3,194.8,356.8,568.0,,,150.5,829.0,746.9,777.7,1738.2,,,247.8,1090.1,895.9,757.4,1944.3,,,1096.5,1618.8,2107.2,3017.5,2417.9,,,,,,,,,,,,,,,,,19.2,17.1,22.0,62.5,123.8,,,12.8,29.5,60.4,74.2,35.1,,,31.3,63.5,130.6,220.1,321.5,,,144.2,287.2,286.6,372.7,790.7,,,203.0,277.5,399.9,423.3,769.7,,,507.6,314.3,777.7,1027.7,809.4,,,,,,,,,,,,,,,,,680.8,227.3,610.3,502.2,1565.1,,,1053.6,1867.3,1533.3,3017.5,3398.1,,,321.5,1779.2,1858.1,2119.0,3771.9,,,787.4,1287.3,1565.1,2258.6,4012.7,,,1450.7,3169.7,2675.1,3429.0,3848.9,,,2583.5,5167.1,3734.6,5893.7,5388.5,,,,,,,,,,,,,,,,,726.7,420.5,728.1,529.0,2167.8,,,895.9,1558.6,723.9,1730.2,1787.6,,,684.5,1914.7,1445.2,2107.2,4286.3,,,560.4,690.8,834.5,895.9,1858.1,,,830.8,2286.0,1160.6,2637.7,3251.7,,,3066.6,3251.7,4437.6,3091.7,4656.7,,,,,,,,,,,,,,,,,2072.5,2143.1,3196.6,2258.6,5097.2,,,1770.8,3143.3,746.9,3810.0,2857.5,,,3492.5,5029.3,4335.6,6503.4,6503.4,,,2773.5,843.8,3662.1,4386.0,2879.3,,,4490.4,4055.9,6286.6,6083.8,6858.1,,,5388.5,4145.0,3279.9,4544.5,3308.7,,,,,,,,,,,,,,,,,,,,,,,,,,,,,,,,,,,,,,,,,,,,,,,,,,,,,,,,,,,,,,,,,,,,,,,,,,,,,,,,,,,,,,,,,,,,,,,,,,,,,,,,,,,,,,,,,,,,,,,,,,,,,,,,
20260909_玉野_7R,20260909,61,玉野,7,111.6,151.6,103.5,185.9,497.7,,,192.4,251.4,252.6,762.9,1305.0,,,275.0,317.3,250.0,696.0,1652.6,,,87.9,178.4,173.9,229.5,438.1,,,389.8,895.4,803.0,412.7,1247.9,,,1226.4,2108.5,2761.5,705.1,2067.8,,,,,,,,,,,,,,,,,24.6,24.1,19.3,44.1,96.6,,,27.1,17.1,48.7,53.6,147.3,,,25.8,14.6,43.5,51.1,138.7,,,21.2,61.3,59.7,74.3,263.2,,,22.7,32.0,28.3,39.4,23.4,,,323.0,444.9,448.2,501.8,186.9,,,,,,,,,,,,,,,,,177.0,251.3,227.0,636.9,964.0,,,71.5,57.2,142.6,129.3,478.7,,,114.6,60.4,180.0,243.7,664.6,,,194.1,218.3,298.9,788.2,1740.0,,,824.7,318.2,613.2,1000.0,1070.1,,,1928.1,1523.2,2098.2,2911.8,2150.9,,,,,,,,,,,,,,,,,218.6,187.2,288.6,580.0,1337.6,,,118.6,62.9,193.2,160.4,478.7,,,109.1,68.9,163.1,207.5,520.7,,,314.5,356.9,293.7,926.4,1972.5,,,723.0,339.4,407.2,1144.4,961.8,,,2709.1,2009.5,1556.5,3537.5,2517.8,,,,,,,,,,,,,,,,,57.3,139.5,117.9,127.5,352.8,,,49.7,146.4,151.5,128.7,580.7,,,217.3,218.2,248.8,691.5,1293.1,,,275.0,317.5,354.9,711.0,1556.5,,,232.6,206.0,729.2,407.6,627.6,,,836.0,1615.2,2378.0,3057.4,1732.9,,,,,,,,,,,,,,,,,242.1,847.6,903.0,502.3,854.3,,,80.7,104.8,88.0,119.7,81.2,,,979.5,290.5,721.8,1237.1,1106.0,,,942.8,293.5,744.4,1389.7,1123.4,,,496.5,281.6,1049.1,1205.7,878.9,,,740.5,305.0,1019.1,1016.7,875.3,,,,,,,,,,,,,,,,,2761.5,2445.9,4756.0,1004.7,3891.2,,,2241.0,2364.8,2761.5,2797.6,739.2,,,4602.5,3147.3,3963.3,5157.1,4602.5,,,6585.2,4076.5,4864.1,8076.2,5863.5,,,1237.1,3292.6,5350.5,6294.7,3147.3,,,3344.0,803.0,2445.9,4238.0,1936.8,,,,,,,,,,,,,,,,,,,,,,,,,,,,,,,,,,,,,,,,,,,,,,,,,,,,,,,,,,,,,,,,,,,,,,,,,,,,,,,,,,,,,,,,,,,,,,,,,,,,,,,,,,,,,,,,,,,,,,,,,,,,,,,,
20260909_玉野_8R,20260909,61,玉野,8,57.0,48.3,36.4,225.6,42.5,,,55.6,32.1,100.2,214.2,62.3,,,57.9,26.6,119.1,74.4,48.4,,,53.1,108.5,110.9,233.3,60.0,,,579.0,493.8,304.6,504.5,360.4,,,19.5,31.2,20.4,29.2,98.8,,,,,,,,,,,,,,,,,149.3,123.7,83.2,527.2,127.9,,,225.4,237.6,214.0,824.3,612.8,,,203.5,282.8,276.7,597.1,617.2,,,68.3,126.4,115.6,412.1,145.4,,,1191.6,1565.7,1376.8,1023.0,2157.9,,,265.5,734.7,672.2,342.1,1446.7,,,,,,,,,,,,,,,,,109.2,67.1,198.2,265.5,75.4,,,169.2,117.2,165.9,363.9,560.0,,,34.1,61.2,78.1,19.7,113.3,,,272.1,178.9,185.6,782.8,588.2,,,509.5,847.4,166.6,1186.1,920.3,,,296.3,873.4,359.6,767.6,947.5,,,,,,,,,,,,,,,,,148.2,73.5,267.3,90.4,114.6,,,199.9,245.3,375.4,315.4,709.3,,,39.4,95.7,101.0,16.8,122.7,,,370.8,374.3,253.8,332.2,754.1,,,121.8,257.3,44.8,345.8,261.0,,,282.4,791.3,329.6,758.6,389.3,,,,,,,,,,,,,,,,,95.5,177.0,167.8,360.6,97.1,,,79.1,151.9,111.4,360.1,151.7,,,306.9,246.3,201.9,876.4,594.4,,,320.9,260.3,298.5,366.3,612.8,,,1023.0,1072.1,1340.9,857.3,1021.0,,,173.3,311.6,526.7,539.4,711.3,,,,,,,,,,,,,,,,,2021.9,1556.3,832.3,1967.7,1202.7,,,2661.0,3003.4,2232.9,3250.5,3334.9,,,1365.9,2176.1,425.5,2334.4,2411.1,,,627.8,1114.0,275.5,1369.5,1111.6,,,2062.5,3093.8,2791.2,2204.2,2062.5,,,1909.2,3950.6,3150.8,2194.7,2087.7,,,,,,,,,,,,,,,,,80.4,110.3,88.6,101.0,304.7,,,259.7,725.3,712.3,494.7,1542.2,,,297.3,935.4,650.1,737.9,1683.8,,,378.1,997.2,773.4,989.5,963.5,,,213.9,502.5,608.5,761.9,978.2,,,1109.2,2761.1,1854.0,1783.2,1271.2,,,,,,,,,,,,,,,,,,,,,,,,,,,,,,,,,,,,,,,,,,,,,,,,,,,,,,,,,,,,,,,,,,,,,,,,,,,,,,,,,,,,,,,,,,,,,,,,,,,,,,,,,,,,,,,,,,,,,,,,,,,,,,,,
20260909_玉野_9R,20260909,61,玉野,9,18.9,48.0,25.1,35.1,15.5,,,84.9,271.0,245.5,308.1,316.5,,,147.4,266.2,402.2,442.4,428.3,,,61.3,168.8,290.5,92.0,157.7,,,76.9,252.8,478.5,110.4,231.9,,,73.0,285.1,435.5,199.3,290.8,,,,,,,,,,,,,,,,,16.4,41.1,25.9,36.8,13.6,,,72.5,148.6,168.5,203.9,434.0,,,112.4,138.4,315.0,328.9,585.5,,,65.1,194.3,343.8,128.9,360.2,,,88.9,199.2,352.8,139.3,414.3,,,194.8,775.8,1126.5,725.9,846.8,,,,,,,,,,,,,,,,,161.5,386.7,365.1,533.7,668.1,,,163.6,302.9,419.6,558.6,1120.4,,,231.2,238.6,219.5,323.7,794.7,,,433.7,425.7,405.1,332.1,977.4,,,674.6,692.7,591.1,393.3,1559.5,,,1506.5,2162.7,2062.1,2104.0,2564.9,,,,,,,,,,,,,,,,,194.3,227.5,551.7,663.1,537.8,,,142.7,220.8,493.4,449.7,960.8,,,120.6,115.3,189.3,314.1,596.2,,,459.7,541.6,393.1,571.5,2290.4,,,762.5,613.9,584.4,581.1,2360.1,,,1830.9,2133.0,1921.6,3199.5,3410.4,,,,,,,,,,,,,,,,,38.2,118.4,235.5,49.8,103.8,,,42.2,176.1,292.6,115.3,325.3,,,189.8,226.4,231.6,167.9,493.8,,,241.9,332.8,196.4,320.9,1334.8,,,29.2,58.8,58.5,157.9,112.3,,,391.3,508.3,695.8,1102.4,336.7,,,,,,,,,,,,,,,,,57.3,116.3,294.3,53.3,135.1,,,66.2,192.0,320.6,122.6,393.3,,,242.5,270.4,343.8,199.0,613.9,,,367.9,384.3,282.6,331.5,1236.4,,,29.1,61.2,55.0,155.0,102.5,,,623.1,860.8,1077.6,1677.5,429.2,,,,,,,,,,,,,,,,,273.3,1036.2,1450.2,445.2,585.0,,,364.4,1686.7,2663.9,1502.9,1847.3,,,2028.4,2608.0,2795.9,3027.8,2984.1,,,2675.4,3739.1,2722.3,4702.3,4004.5,,,679.1,997.9,1547.8,1915.7,701.3,,,1134.7,2369.1,2316.0,3694.6,825.4,,,,,,,,,,,,,,,,,,,,,,,,,,,,,,,,,,,,,,,,,,,,,,,,,,,,,,,,,,,,,,,,,,,,,,,,,,,,,,,,,,,,,,,,,,,,,,,,,,,,,,,,,,,,,,,,,,,,,,,,,,,,,,,,
20260909_武雄_1R,20260909,84,武雄,1,1746.5,1296.5,1437.6,3522.2,1106.4,,,1553.9,1553.9,307.1,3643.7,609.0,,,1718.1,2297.1,1638.2,1651.0,1488.2,,,1180.6,319.7,910.9,1447.5,447.7,,,6404.1,6817.2,4914.7,5283.3,5154.5,,,415.1,312.6,471.7,235.6,1304.5,,,,,,,,,,,,,,,,,1718.1,1477.8,1418.3,4143.8,1161.1,,,910.9,349.8,137.9,1553.9,806.6,,,598.6,291.4,203.4,174.0,540.5,,,731.2,119.1,246.8,910.9,577.4,,,4803.0,2744.6,930.9,2348.1,4402.8,,,1035.9,1288.6,1372.3,1257.9,3464.5,,,,,,,,,,,,,,,,,625.2,695.1,96.8,1588.9,278.4,,,387.0,101.8,61.7,749.4,286.3,,,566.5,175.0,85.4,302.3,325.1,,,20.7,13.6,13.3,68.6,13.4,,,2178.7,1870.2,848.7,598.6,2457.3,,,165.3,417.6,349.3,86.0,1346.0,,,,,,,,,,,,,,,,,1214.5,2577.2,1790.9,1625.6,1732.2,,,553.2,321.6,223.8,184.5,528.3,,,1638.2,490.3,286.7,899.3,1363.4,,,1035.9,317.7,284.0,473.8,1095.0,,,1746.5,414.3,1467.6,939.2,2051.8,,,1477.8,1112.2,2178.7,1690.6,1746.5,,,,,,,,,,,,,,,,,339.7,54.3,307.1,648.2,155.3,,,225.3,36.2,104.3,603.8,172.5,,,9.4,6.9,7.2,54.6,6.3,,,268.1,125.4,45.4,200.3,197.8,,,2012.7,1520.4,356.9,612.5,1732.2,,,104.2,196.9,30.5,211.7,553.2,,,,,,,,,,,,,,,,,7827.2,8128.2,5283.3,7547.7,6404.1,,,5711.7,5154.5,1418.3,5870.4,6404.1,,,5561.4,5418.8,3581.9,1704.3,5870.4,,,4803.0,951.9,3408.6,3062.8,4803.0,,,5418.8,6038.1,1956.8,3464.5,4803.0,,,4696.3,4496.5,7044.5,7044.5,4594.2,,,,,,,,,,,,,,,,,486.9,334.3,451.5,249.8,1046.2,,,1136.2,1531.4,1447.5,1288.6,3773.8,,,289.8,918.8,654.2,178.1,1542.5,,,1488.2,1354.7,1651.0,1214.5,1651.0,,,301.0,859.0,107.5,543.2,1161.1,,,4496.5,5154.5,5283.3,4402.8,4064.1,,,,,,,,,,,,,,,,,,,,,,,,,,,,,,,,,,,,,,,,,,,,,,,,,,,,,,,,,,,,,,,,,,,,,,,,,,,,,,,,,,,,,,,,,,,,,,,,,,,,,,,,,,,,,,,,,,,,,,,,,,,,,,,,
20260909_武雄_2R,20260909,84,武雄,2,604.9,235.6,190.3,550.1,488.6,,,649.9,325.7,120.3,413.4,164.0,,,211.7,227.9,83.4,210.7,195.1,,,50.9,25.3,18.4,18.1,17.4,,,665.4,473.7,320.5,106.6,396.9,,,309.8,123.1,229.8,53.4,259.7,,,,,,,,,,,,,,,,,472.0,174.0,154.9,374.6,535.4,,,531.3,395.8,589.6,2025.2,521.4,,,72.9,164.4,136.7,250.8,209.8,,,288.1,602.3,292.3,1204.6,675.0,,,2025.2,2329.0,1066.7,2218.1,3881.7,,,681.6,420.9,341.6,702.2,2451.6,,,,,,,,,,,,,,,,,623.8,521.4,247.7,763.6,208.8,,,632.3,423.4,632.3,1863.2,401.5,,,483.5,508.1,793.9,944.1,336.7,,,265.6,662.2,668.6,1370.0,282.3,,,2183.4,3037.8,2587.8,3493.5,1570.1,,,91.6,177.1,147.7,127.8,527.3,,,,,,,,,,,,,,,,,102.4,217.3,91.3,313.3,167.1,,,70.5,157.1,115.7,314.7,162.8,,,392.5,370.6,602.3,901.5,386.0,,,101.8,137.5,302.4,565.7,236.0,,,1074.9,798.5,1305.9,1624.9,1282.0,,,188.8,221.8,295.4,281.1,803.1,,,,,,,,,,,,,,,,,35.1,23.0,15.3,11.8,12.4,,,133.4,398.1,181.4,862.6,394.7,,,101.1,394.7,354.6,440.8,159.5,,,53.8,133.4,214.3,415.8,221.1,,,255.4,1791.5,1318.3,1058.6,957.1,,,29.6,247.3,72.8,134.7,535.4,,,,,,,,,,,,,,,,,2851.8,2149.8,1606.2,403.8,2183.4,,,4110.0,4818.6,2740.0,4507.7,7354.8,,,3408.3,6351.8,2911.2,6351.8,4507.7,,,1996.3,3249.8,2973.2,3408.3,4366.9,,,537.4,3677.4,3408.3,2740.0,2636.6,,,2368.5,4818.6,3037.8,4818.6,2451.6,,,,,,,,,,,,,,,,,333.5,86.1,146.7,51.5,243.0,,,359.2,261.6,211.7,359.2,1535.6,,,37.4,104.5,55.5,50.2,312.6,,,107.6,166.5,131.5,171.2,594.6,,,37.5,268.2,68.9,135.6,497.3,,,1005.3,2740.0,1174.2,1768.8,1236.6,,,,,,,,,,,,,,,,,,,,,,,,,,,,,,,,,,,,,,,,,,,,,,,,,,,,,,,,,,,,,,,,,,,,,,,,,,,,,,,,,,,,,,,,,,,,,,,,,,,,,,,,,,,,,,,,,,,,,,,,,,,,,,,,
20260909_武雄_3R,20260909,84,武雄,3,244.8,63.1,37.7,259.7,215.0,,,633.7,455.1,376.2,1018.8,378.4,,,31.2,120.3,20.4,17.5,84.3,,,13.8,125.1,25.2,136.8,85.4,,,558.8,686.2,116.4,342.2,693.4,,,332.7,262.2,282.4,210.2,807.6,,,,,,,,,,,,,,,,,633.7,220.3,87.1,788.4,485.1,,,1298.5,1285.9,413.9,1892.1,1204.1,,,296.3,1324.5,154.7,591.3,1204.1,,,36.9,114.0,55.9,230.7,86.6,,,2037.7,4415.1,1595.8,973.9,4905.6,,,926.2,1337.9,1324.5,380.6,2365.2,,,,,,,,,,,,,,,,,2323.7,1576.8,1085.6,3679.2,618.9,,,1676.6,1892.1,888.9,3230.5,1059.6,,,2069.5,4415.1,3579.8,2818.1,1285.9,,,1094.6,952.9,2597.1,4415.1,731.7,,,3679.2,4013.7,4905.6,4905.6,1635.2,,,479.9,689.8,693.4,486.9,1132.0,,,,,,,,,,,,,,,,,47.1,141.0,28.2,17.3,96.7,,,121.6,901.0,125.7,379.5,731.7,,,689.8,1976.9,1324.5,1455.5,1540.1,,,53.7,85.1,616.0,179.4,455.1,,,66.2,282.4,731.7,293.0,843.6,,,323.8,860.0,1204.1,712.1,748.3,,,,,,,,,,,,,,,,,13.4,126.0,23.6,145.3,92.8,,,9.3,56.0,13.2,65.6,39.6,,,375.2,262.8,704.5,1261.4,442.9,,,28.1,32.3,262.8,110.7,172.6,,,471.3,456.7,1455.5,441.5,1182.6,,,192.8,156.7,257.1,362.8,630.7,,,,,,,,,,,,,,,,,1558.2,2323.7,298.9,1193.2,2703.1,,,2283.6,5298.1,2759.4,2323.7,9999.9,,,6020.6,9999.9,7358.5,9999.9,9460.9,,,236.9,1122.4,3895.6,894.9,2207.5,,,1540.1,2136.3,6622.6,1540.1,6020.6,,,4013.7,4139.1,5758.8,5094.3,4730.4,,,,,,,,,,,,,,,,,843.6,348.5,434.2,461.5,1558.2,,,1132.0,727.7,1285.9,540.6,2759.4,,,268.6,374.1,445.9,280.0,761.2,,,521.4,1237.8,723.7,901.0,1172.1,,,466.3,376.2,368.9,817.6,2323.7,,,3579.8,4730.4,1455.5,3485.6,3679.2,,,,,,,,,,,,,,,,,,,,,,,,,,,,,,,,,,,,,,,,,,,,,,,,,,,,,,,,,,,,,,,,,,,,,,,,,,,,,,,,,,,,,,,,,,,,,,,,,,,,,,,,,,,,,,,,,,,,,,,,,,,,,,,,
20260909_武雄_4R,20260909,84,武雄,4,261.7,214.0,864.2,763.4,68.2,,,282.7,221.6,594.8,319.5,32.4,,,312.3,294.2,408.9,587.2,123.9,,,1935.3,1526.8,1284.2,3271.7,727.0,,,1856.9,875.2,1635.8,3053.6,480.4,,,18.3,3.7,18.6,86.8,57.6,,,,,,,,,,,,,,,,,335.9,241.0,960.9,892.2,63.5,,,974.5,2181.1,3817.0,2453.7,981.5,,,92.2,673.5,89.5,543.1,58.1,,,2252.6,4041.5,974.5,4164.0,1832.1,,,2147.0,2592.6,2082.0,3523.3,2592.6,,,50.3,392.6,75.3,690.5,864.2,,,,,,,,,,,,,,,,,1334.0,1402.1,2050.9,1216.0,165.9,,,2082.0,4041.5,6870.6,5089.3,2329.0,,,3616.1,5974.4,4294.1,8588.2,4738.3,,,3817.0,5974.4,7232.2,6870.6,7232.2,,,4041.5,4907.5,6246.0,8588.2,5974.4,,,212.7,1402.1,2544.6,3713.8,3817.0,,,,,,,,,,,,,,,,,404.1,910.0,582.2,1249.2,291.7,,,148.2,683.6,96.7,594.8,116.4,,,2020.7,3123.0,2748.2,4907.5,2923.6,,,687.0,387.0,2498.4,1761.6,1090.5,,,3817.0,1635.8,4294.1,2862.7,3926.0,,,282.1,226.0,1308.6,639.1,1334.0,,,,,,,,,,,,,,,,,4580.4,2987.2,3195.6,8588.2,2453.7,,,5496.4,6543.4,1090.5,5725.5,5089.3,,,4580.4,9999.9,8588.2,9999.9,6543.4,,,2453.7,1099.2,5496.4,4164.0,2987.2,,,8588.2,9999.9,9999.9,9999.9,9999.9,,,2453.7,5974.4,6543.4,3616.1,5496.4,,,,,,,,,,,,,,,,,3123.0,1935.3,4164.0,8083.0,848.2,,,4580.4,5725.5,1908.5,9160.8,3523.3,,,3435.3,7634.0,5974.4,8083.0,4041.5,,,4432.6,2290.2,4580.4,4041.5,3926.0,,,9815.1,9160.8,9999.9,9815.1,8083.0,,,898.1,2114.0,3053.6,3523.3,5725.5,,,,,,,,,,,,,,,,,9.0,4.8,8.2,61.0,52.2,,,29.4,177.0,30.5,298.0,333.5,,,101.0,380.6,538.8,1126.3,742.7,,,67.1,48.8,317.3,181.7,456.5,,,763.4,995.7,1477.5,687.0,2369.1,,,505.1,1154.7,1135.6,1184.5,2290.2,,,,,,,,,,,,,,,,,,,,,,,,,,,,,,,,,,,,,,,,,,,,,,,,,,,,,,,,,,,,,,,,,,,,,,,,,,,,,,,,,,,,,,,,,,,,,,,,,,,,,,,,,,,,,,,,,,,,,,,,,,,,,,,,
20260909_武雄_5R,20260909,84,武雄,5,5291.0,6671.3,6974.5,7672.0,6974.5,,,4795.0,1208.1,3934.3,2557.3,1394.9,,,7306.7,1686.1,3653.3,3934.3,1871.2,,,5901.5,4037.9,4147.0,5480.0,2789.8,,,9590.0,4037.9,8075.8,9025.9,6137.6,,,2691.9,1278.6,1667.8,1534.4,3653.3,,,,,,,,,,,,,,,,,9025.9,9025.9,9999.9,9999.9,5114.7,,,8075.8,6393.3,8075.8,8075.8,6137.6,,,8075.8,5901.5,3409.8,6671.3,2045.8,,,8524.5,6671.3,3264.7,4949.7,907.9,,,9999.9,6671.3,9999.9,9025.9,9999.9,,,4037.9,3934.3,1724.0,902.5,5683.0,,,,,,,,,,,,,,,,,3568.3,717.0,2161.1,1894.3,795.0,,,4147.0,3196.6,4649.7,4037.9,4795.0,,,316.3,1534.4,727.2,1103.8,262.2,,,1598.3,2557.3,1370.0,3742.4,824.9,,,2789.8,3196.6,2740.0,6974.5,3653.3,,,691.1,1581.8,247.8,544.1,1724.0,,,,,,,,,,,,,,,,,1967.1,824.9,2045.8,2691.9,965.0,,,5114.7,3934.3,1942.2,6974.5,1598.3,,,176.9,902.5,383.6,852.4,174.7,,,1894.3,1382.3,977.3,3196.6,484.0,,,4147.0,6671.3,2740.0,5683.0,2290.1,,,319.0,487.1,95.9,194.7,631.4,,,,,,,,,,,,,,,,,4649.7,3836.0,3568.3,4949.7,2256.4,,,5683.0,3068.8,1848.6,4795.0,576.8,,,1615.1,2290.1,1686.1,3264.7,866.8,,,1763.6,1967.1,1300.3,4147.0,555.9,,,5901.5,6137.6,6671.3,9999.9,2073.5,,,546.0,200.5,225.3,226.9,623.7,,,,,,,,,,,,,,,,,9590.0,3836.0,8524.5,9999.9,7672.0,,,9999.9,7306.7,8075.8,9999.9,9999.9,,,2841.5,9025.9,3008.6,8075.8,4147.0,,,8075.8,5683.0,3487.2,9999.9,3264.7,,,8075.8,6671.3,6974.5,9590.0,2474.8,,,3264.7,4949.7,2600.6,2131.1,1686.1,,,,,,,,,,,,,,,,,434.6,66.2,98.2,234.9,241.6,,,509.7,185.7,174.5,51.4,335.7,,,17.2,92.6,5.9,39.0,63.3,,,33.0,56.3,3.7,19.7,98.4,,,53.2,4.4,10.1,9.4,74.8,,,356.0,576.8,243.1,269.1,356.0,,,,,,,,,,,,,,,,,,,,,,,,,,,,,,,,,,,,,,,,,,,,,,,,,,,,,,,,,,,,,,,,,,,,,,,,,,,,,,,,,,,,,,,,,,,,,,,,,,,,,,,,,,,,,,,,,,,,,,,,,,,,,,,,
20260909_武雄_6R,20260909,84,武雄,6,1048.7,753.9,975.4,2536.1,693.9,,,1182.1,404.3,911.6,1072.9,741.9,,,571.6,307.2,360.4,1018.1,420.1,,,557.9,498.1,374.9,1279.7,409.0,,,4102.6,2536.1,2789.7,3032.3,3769.9,,,708.0,840.2,657.9,745.9,1859.8,,,,,,,,,,,,,,,,,1202.4,526.3,835.2,2447.1,468.0,,,806.2,182.8,726.5,555.7,226.4,,,156.2,109.4,278.4,358.5,58.7,,,788.0,1115.9,745.9,1722.0,555.7,,,2021.5,1328.4,1172.1,1859.8,1341.2,,,99.7,71.6,36.2,134.3,226.0,,,,,,,,,,,,,,,,,1162.4,314.8,888.4,1268.0,770.6,,,845.3,163.3,948.9,583.6,253.6,,,74.7,31.1,77.6,14.5,19.4,,,1341.2,1468.3,569.3,1567.2,1143.3,,,1143.3,917.6,139.2,1098.3,680.4,,,574.0,222.8,90.1,501.7,445.6,,,,,,,,,,,,,,,,,157.7,88.5,86.1,236.4,169.6,,,139.4,44.3,171.1,221.4,40.0,,,17.0,10.4,21.5,4.2,8.4,,,160.8,298.0,146.2,370.9,235.2,,,260.2,401.9,34.9,292.4,298.6,,,123.1,38.7,33.0,122.0,151.1,,,,,,,,,,,,,,,,,942.4,801.6,654.8,1585.1,801.6,,,1381.0,2081.9,1438.0,3985.4,1256.6,,,1621.9,2583.1,1212.9,2631.8,1811.5,,,704.4,1256.6,820.5,2404.9,1098.3,,,4809.9,6340.4,6064.7,5364.9,5812.0,,,1381.0,1532.8,1621.9,1468.3,2906.0,,,,,,,,,,,,,,,,,6642.3,2967.8,3487.2,4809.9,6340.4,,,5364.9,2682.4,2286.7,5812.0,3402.1,,,3402.1,3487.2,274.0,5364.9,2583.1,,,3769.9,2735.0,276.2,3243.9,2249.8,,,6642.3,9963.5,4981.7,4981.7,8718.0,,,5166.2,3670.7,2249.8,2145.9,5579.5,,,,,,,,,,,,,,,,,591.0,1048.7,544.8,1192.2,2536.1,,,262.1,128.7,78.5,217.2,477.7,,,687.1,246.8,154.3,524.3,581.2,,,315.5,113.7,104.5,339.3,476.0,,,1107.0,801.6,942.4,774.9,2249.8,,,2967.8,1660.5,1268.0,1256.6,2682.4,,,,,,,,,,,,,,,,,,,,,,,,,,,,,,,,,,,,,,,,,,,,,,,,,,,,,,,,,,,,,,,,,,,,,,,,,,,,,,,,,,,,,,,,,,,,,,,,,,,,,,,,,,,,,,,,,,,,,,,,,,,,,,,,
20260909_武雄_7R,20260909,84,武雄,7,2048.0,3093.9,1454.1,3231.4,2423.5,,,845.4,338.9,435.3,914.5,115.8,,,3826.6,1211.7,2464.6,4276.8,1191.9,,,920.3,419.0,1334.0,926.2,441.9,,,3231.4,1773.3,6058.9,1264.4,1710.7,,,798.9,120.4,421.4,286.2,812.3,,,,,,,,,,,,,,,,,2692.8,4690.7,3381.7,5193.3,2237.1,,,2464.6,2048.0,2138.4,2077.3,727.0,,,5592.8,3635.3,5193.3,3093.9,3826.6,,,3728.5,2596.6,6058.9,4544.2,3462.2,,,3093.9,2308.1,3304.8,3728.5,2203.2,,,1563.5,761.3,2308.1,2383.8,2643.9,,,,,,,,,,,,,,,,,508.4,212.2,259.6,510.2,59.4,,,926.2,512.0,1016.8,1077.1,201.1,,,305.4,414.2,574.7,540.5,40.2,,,608.4,1172.6,886.6,1710.7,292.5,,,886.6,963.0,643.4,1411.7,176.4,,,12.7,20.9,2.4,32.1,23.7,,,,,,,,,,,,,,,,,4406.5,944.2,4544.2,3930.1,975.9,,,4276.8,2308.1,4039.2,5193.3,4154.7,,,1298.3,1499.1,2345.3,1965.0,177.1,,,4276.8,9088.4,5014.2,7653.3,6609.7,,,6058.9,5193.3,4406.5,7653.3,5193.3,,,1439.7,3093.9,243.9,3161.1,3381.7,,,,,,,,,,,,,,,,,1530.6,570.2,1563.5,1633.8,932.1,,,3093.9,3161.1,3930.1,6322.3,4690.7,,,1077.1,2551.1,1563.5,4406.5,1046.1,,,3826.6,7653.3,4847.1,7270.7,6058.9,,,2796.4,6609.7,6322.3,7270.7,5592.8,,,1264.4,4039.2,881.3,2507.1,4847.1,,,,,,,,,,,,,,,,,1795.2,1411.7,3304.8,1201.7,1172.6,,,1913.3,1468.8,2272.1,3826.6,1144.9,,,1038.6,1077.1,591.1,1795.2,207.1,,,6322.3,5014.2,2464.6,6609.7,3381.7,,,2796.4,5193.3,4039.2,6322.3,5816.5,,,1024.0,1046.1,227.5,1242.8,2237.1,,,,,,,,,,,,,,,,,356.4,54.6,215.4,152.9,349.5,,,676.3,248.5,753.4,865.5,920.3,,,12.0,26.8,3.9,38.0,27.9,,,484.7,807.8,116.5,741.9,1046.1,,,417.8,956.6,228.6,1053.7,812.3,,,624.0,892.1,172.4,989.2,586.3,,,,,,,,,,,,,,,,,,,,,,,,,,,,,,,,,,,,,,,,,,,,,,,,,,,,,,,,,,,,,,,,,,,,,,,,,,,,,,,,,,,,,,,,,,,,,,,,,,,,,,,,,,,,,,,,,,,,,,,,,,,,,,,,
