race_key,date,jo_code,jo_name,race_no,1-2-3,1-2-4,1-2-5,1-2-6,1-2-7,1-2-8,1-2-9,1-3-2,1-3-4,1-3-5,1-3-6,1-3-7,1-3-8,1-3-9,1-4-2,1-4-3,1-4-5,1-4-6,1-4-7,1-4-8,1-4-9,1-5-2,1-5-3,1-5-4,1-5-6,1-5-7,1-5-8,1-5-9,1-6-2,1-6-3,1-6-4,1-6-5,1-6-7,1-6-8,1-6-9,1-7-2,1-7-3,1-7-4,1-7-5,1-7-6,1-7-8,1-7-9,1-8-2,1-8-3,1-8-4,1-8-5,1-8-6,1-8-7,1-8-9,1-9-2,1-9-3,1-9-4,1-9-5,1-9-6,1-9-7,1-9-8,2-1-3,2-1-4,2-1-5,2-1-6,2-1-7,2-1-8,2-1-9,2-3-1,2-3-4,2-3-5,2-3-6,2-3-7,2-3-8,2-3-9,2-4-1,2-4-3,2-4-5,2-4-6,2-4-7,2-4-8,2-4-9,2-5-1,2-5-3,2-5-4,2-5-6,2-5-7,2-5-8,2-5-9,2-6-1,2-6-3,2-6-4,2-6-5,2-6-7,2-6-8,2-6-9,2-7-1,2-7-3,2-7-4,2-7-5,2-7-6,2-7-8,2-7-9,2-8-1,2-8-3,2-8-4,2-8-5,2-8-6,2-8-7,2-8-9,2-9-1,2-9-3,2-9-4,2-9-5,2-9-6,2-9-7,2-9-8,3-1-2,3-1-4,3-1-5,3-1-6,3-1-7,3-1-8,3-1-9,3-2-1,3-2-4,3-2-5,3-2-6,3-2-7,3-2-8,3-2-9,3-4-1,3-4-2,3-4-5,3-4-6,3-4-7,3-4-8,3-4-9,3-5-1,3-5-2,3-5-4,3-5-6,3-5-7,3-5-8,3-5-9,3-6-1,3-6-2,3-6-4,3-6-5,3-6-7,3-6-8,3-6-9,3-7-1,3-7-2,3-7-4,3-7-5,3-7-6,3-7-8,3-7-9,3-8-1,3-8-2,3-8-4,3-8-5,3-8-6,3-8-7,3-8-9,3-9-1,3-9-2,3-9-4,3-9-5,3-9-6,3-9-7,3-9-8,4-1-2,4-1-3,4-1-5,4-1-6,4-1-7,4-1-8,4-1-9,4-2-1,4-2-3,4-2-5,4-2-6,4-2-7,4-2-8,4-2-9,4-3-1,4-3-2,4-3-5,4-3-6,4-3-7,4-3-8,4-3-9,4-5-1,4-5-2,4-5-3,4-5-6,4-5-7,4-5-8,4-5-9,4-6-1,4-6-2,4-6-3,4-6-5,4-6-7,4-6-8,4-6-9,4-7-1,4-7-2,4-7-3,4-7-5,4-7-6,4-7-8,4-7-9,4-8-1,4-8-2,4-8-3,4-8-5,4-8-6,4-8-7,4-8-9,4-9-1,4-9-2,4-9-3,4-9-5,4-9-6,4-9-7,4-9-8,5-1-2,5-1-3,5-1-4,5-1-6,5-1-7,5-1-8,5-1-9,5-2-1,5-2-3,5-2-4,5-2-6,5-2-7,5-2-8,5-2-9,5-3-1,5-3-2,5-3-4,5-3-6,5-3-7,5-3-8,5-3-9,5-4-1,5-4-2,5-4-3,5-4-6,5-4-7,5-4-8,5-4-9,5-6-1,5-6-2,5-6-3,5-6-4,5-6-7,5-6-8,5-6-9,5-7-1,5-7-2,5-7-3,5-7-4,5-7-6,5-7-8,5-7-9,5-8-1,5-8-2,5-8-3,5-8-4,5-8-6,5-8-7,5-8-9,5-9-1,5-9-2,5-9-3,5-9-4,5-9-6,5-9-7,5-9-8,6-1-2,6-1-3,6-1-4,6-1-5,6-1-7,6-1-8,6-1-9,6-2-1,6-2-3,6-2-4,6-2-5,6-2-7,6-2-8,6-2-9,6-3-1,6-3-2,6-3-4,6-3-5,6-3-7,6-3-8,6-3-9,6-4-1,6-4-2,6-4-3,6-4-5,6-4-7,6-4-8,6-4-9,6-5-1,6-5-2,6-5-3,6-5-4,6-5-7,6-5-8,6-5-9,6-7-1,6-7-2,6-7-3,6-7-4,6-7-5,6-7-8,6-7-9,6-8-1,6-8-2,6-8-3,6-8-4,6-8-5,6-8-7,6-8-9,6-9-1,6-9-2,6-9-3,6-9-4,6-9-5,6-9-7,6-9-8,7-1-2,7-1-3,7-1-4,7-1-5,7-1-6,7-1-8,7-1-9,7-2-1,7-2-3,7-2-4,7-2-5,7-2-6,7-2-8,7-2-9,7-3-1,7-3-2,7-3-4,7-3-5,7-3-6,7-3-8,7-3-9,7-4-1,7-4-2,7-4-3,7-4-5,7-4-6,7-4-8,7-4-9,7-5-1,7-5-2,7-5-3,7-5-4,7-5-6,7-5-8,7-5-9,7-6-1,7-6-2,7-6-3,7-6-4,7-6-5,7-6-8,7-6-9,7-8-1,7-8-2,7-8-3,7-8-4,7-8-5,7-8-6,7-8-9,7-9-1,7-9-2,7-9-3,7-9-4,7-9-5,7-9-6,7-9-8,8-1-2,8-1-3,8-1-4,8-1-5,8-1-6,8-1-7,8-1-9,8-2-1,8-2-3,8-2-4,8-2-5,8-2-6,8-2-7,8-2-9,8-3-1,8-3-2,8-3-4,8-3-5,8-3-6,8-3-7,8-3-9,8-4-1,8-4-2,8-4-3,8-4-5,8-4-6,8-4-7,8-4-9,8-5-1,8-5-2,8-5-3,8-5-4,8-5-6,8-5-7,8-5-9,8-6-1,8-6-2,8-6-3,8-6-4,8-6-5,8-6-7,8-6-9,8-7-1,8-7-2,8-7-3,8-7-4,8-7-5,8-7-6,8-7-9,8-9-1,8-9-2,8-9-3,8-9-4,8-9-5,8-9-6,8-9-7,9-1-2,9-1-3,9-1-4,9-1-5,9-1-6,9-1-7,9-1-8,9-2-1,9-2-3,9-2-4,9-2-5,9-2-6,9-2-7,9-2-8,9-3-1,9-3-2,9-3-4,9-3-5,9-3-6,9-3-7,9-3-8,9-4-1,9-4-2,9-4-3,9-4-5,9-4-6,9-4-7,9-4-8,9-5-1,9-5-2,9-5-3,9-5-4,9-5-6,9-5-7,9-5-8,9-6-1,9-6-2,9-6-3,9-6-4,9-6-5,9-6-7,9-6-8,9-7-1,9-7-2,9-7-3,9-7-4,9-7-5,9-7-6,9-7-8,9-8-1,9-8-2,9-8-3,9-8-4,9-8-5,9-8-6,9-8-7
20260919_弥彦_1R,20260919,21,弥彦,1,218.5,165.6,48.8,527.7,82.8,,,274.9,852.3,106.2,631.3,356.6,,,591.8,1226.3,684.5,1739.4,1385.8,,,42.8,56.0,271.8,237.0,95.6,,,340.9,613.1,1092.7,331.6,405.8,,,90.1,376.2,774.8,127.8,638.4,,,,,,,,,,,,,,,,,283.1,224.5,81.1,781.9,125.1,,,318.6,367.3,109.7,1106.9,214.1,,,201.4,427.2,110.0,757.6,117.1,,,66.6,60.7,77.6,665.8,42.7,,,1281.6,2130.7,1469.5,1521.9,1495.2,,,86.1,144.7,47.0,35.1,581.7,,,,,,,,,,,,,,,,,266.3,692.9,105.6,687.3,333.5,,,306.5,504.3,95.9,906.7,252.5,,,1432.4,1226.3,516.5,3551.3,1352.8,,,29.8,27.5,131.3,180.5,42.9,,,1192.0,1852.8,2622.5,478.8,1982.1,,,478.8,264.2,701.4,130.9,1208.9,,,,,,,,,,,,,,,,,1794.3,2939.0,1311.2,2582.7,2185.4,,,1311.2,1982.1,921.4,2303.5,610.9,,,2506.8,2749.4,1342.2,5878.0,2841.0,,,1639.0,1208.9,1114.1,3788.0,1654.9,,,3705.7,3342.4,5682.1,4370.8,3478.8,,,2157.7,865.2,2622.5,2367.5,4058.6,,,,,,,,,,,,,,,,,35.3,22.1,167.7,172.7,68.6,,,41.1,20.0,71.2,346.4,30.8,,,9.4,8.2,70.2,97.2,14.2,,,460.7,347.1,253.6,1469.5,722.3,,,495.5,747.6,299.0,1563.8,852.3,,,91.2,44.0,34.7,286.4,544.6,,,,,,,,,,,,,,,,,1020.7,1052.2,2078.8,843.8,767.8,,,1654.9,2435.1,2544.2,1873.2,2367.5,,,901.9,2749.4,4870.3,1432.4,3409.2,,,3874.1,3278.1,5165.5,3874.1,4485.8,,,1397.2,2005.4,1321.4,3705.7,2889.2,,,831.5,2470.4,4485.8,3874.1,2705.7,,,,,,,,,,,,,,,,,196.1,507.3,839.7,266.7,860.9,,,110.8,162.3,85.3,48.4,744.3,,,397.3,282.2,957.6,160.0,1832.9,,,1408.7,562.5,1469.5,1167.5,2663.4,,,184.0,72.6,100.4,453.3,996.8,,,1456.9,1563.8,3156.7,3156.7,1813.4,,,,,,,,,,,,,,,,,,,,,,,,,,,,,,,,,,,,,,,,,,,,,,,,,,,,,,,,,,,,,,,,,,,,,,,,,,,,,,,,,,,,,,,,,,,,,,,,,,,,,,,,,,,,,,,,,,,,,,,,,,,,,,,,
20260919_弥彦_2R,20260919,21,弥彦,2,1755.2,1146.7,3440.2,3185.3,1354.4,,,1911.2,1293.3,1810.6,1482.8,2687.6,,,634.7,587.0,1398.4,1387.1,704.9,,,5548.7,3127.4,3017.7,5548.7,4914.5,,,1869.6,1376.0,2123.5,4410.5,3822.4,,,1376.0,2915.4,1457.7,3909.3,4914.5,,,,,,,,,,,,,,,,,924.7,744.6,1829.8,1354.4,605.6,,,295.0,99.0,67.8,50.0,38.9,,,332.7,184.9,455.0,215.8,95.1,,,1264.7,259.4,501.4,519.6,319.1,,,560.2,87.4,155.9,276.0,82.0,,,145.6,20.6,29.3,88.3,50.5,,,,,,,,,,,,,,,,,803.7,464.8,546.0,332.7,823.0,,,295.0,97.8,58.0,40.7,51.7,,,235.9,132.6,111.9,93.5,197.2,,,204.0,58.0,60.8,25.6,83.7,,,96.7,17.3,37.9,9.5,36.4,,,546.0,84.3,189.2,135.4,124.3,,,,,,,,,,,,,,,,,292.5,265.8,664.1,529.2,348.1,,,431.1,235.9,542.6,402.8,167.3,,,373.9,243.9,222.8,214.7,320.9,,,1549.6,1146.7,511.9,1178.1,1102.6,,,914.9,632.3,359.8,1011.8,843.1,,,504.4,194.1,339.9,988.5,924.7,,,,,,,,,,,,,,,,,4000.2,2177.3,2774.3,4914.5,3127.4,,,2356.3,451.4,1061.7,1000.0,754.4,,,644.2,223.3,199.0,121.1,309.3,,,1578.0,1124.2,530.8,1343.8,1670.0,,,1283.6,722.7,196.8,955.6,1068.3,,,4000.2,882.1,696.3,1535.8,1755.2,,,,,,,,,,,,,,,,,919.8,649.0,546.0,1376.0,1005.9,,,186.7,67.3,123.1,198.1,59.1,,,115.0,23.5,53.0,16.0,40.4,,,178.6,157.0,235.6,599.3,195.2,,,955.6,381.3,118.0,540.9,444.4,,,767.9,153.3,182.2,427.8,415.4,,,,,,,,,,,,,,,,,682.5,1255.5,815.2,2730.3,2819.8,,,172.5,28.9,24.1,95.7,89.6,,,741.4,86.9,185.3,241.2,228.7,,,332.0,79.4,182.6,535.8,501.4,,,2177.3,359.8,405.6,607.8,1154.4,,,1622.7,221.6,284.3,532.5,895.8,,,,,,,,,,,,,,,,,,,,,,,,,,,,,,,,,,,,,,,,,,,,,,,,,,,,,,,,,,,,,,,,,,,,,,,,,,,,,,,,,,,,,,,,,,,,,,,,,,,,,,,,,,,,,,,,,,,,,,,,,,,,,,,,
20260919_弥彦_3R,20260919,21,弥彦,3,390.4,548.8,398.5,1064.3,1302.6,,,180.6,34.7,54.9,651.3,68.6,,,532.1,70.3,146.1,1517.8,323.2,,,97.7,34.4,63.3,376.9,167.1,,,1353.0,2103.0,2605.2,1837.3,2529.7,,,1163.6,350.5,490.3,474.3,1918.1,,,,,,,,,,,,,,,,,1531.1,2209.4,1728.2,1918.1,2909.1,,,1038.9,297.3,811.8,405.9,391.3,,,2154.9,772.3,2029.6,1090.9,1662.3,,,1430.7,1229.2,1419.1,1342.6,1631.3,,,1631.3,434.2,648.8,969.7,621.1,,,3562.2,1302.6,1781.1,2727.3,1837.3,,,,,,,,,,,,,,,,,225.8,36.4,63.1,576.0,60.9,,,407.8,70.5,375.3,461.7,130.5,,,17.3,23.3,15.4,116.2,2.5,,,107.0,259.7,56.1,552.3,66.4,,,1939.4,1312.4,681.8,1302.6,745.9,,,46.6,72.4,7.0,40.0,216.2,,,,,,,,,,,,,,,,,913.8,156.9,319.6,1876.8,436.3,,,1631.3,574.1,1466.8,1332.4,1531.1,,,71.3,89.5,89.7,364.4,20.3,,,561.2,1077.4,274.0,1897.2,581.8,,,5454.6,2458.4,1631.3,3794.5,2685.3,,,577.9,1020.7,166.3,739.6,1856.9,,,,,,,,,,,,,,,,,318.5,137.3,270.2,661.1,488.9,,,938.4,1274.0,1558.4,1616.2,2053.5,,,275.7,758.9,280.1,1897.2,423.6,,,749.1,1572.5,429.9,3422.5,1442.5,,,2685.3,2529.7,3878.8,4475.6,4475.6,,,1283.4,2493.5,859.8,1544.6,4848.6,,,,,,,,,,,,,,,,,4363.7,4717.5,4848.6,3713.8,5133.8,,,3490.9,1616.2,2209.4,2327.3,2861.4,,,7934.0,3009.4,3422.5,4593.4,5818.3,,,9999.9,4987.1,6233.9,6233.9,9999.9,,,5630.6,3562.2,6464.8,5630.6,9697.2,,,4717.5,4257.3,5818.3,5818.3,6233.9,,,,,,,,,,,,,,,,,2727.3,666.2,980.6,1264.8,2815.3,,,4475.6,1961.2,3562.2,3356.7,4593.4,,,369.8,537.0,111.4,429.9,1133.4,,,1097.7,2237.8,202.0,1264.8,2909.1,,,1466.8,2644.6,721.2,1374.4,4155.9,,,4717.5,3878.8,3636.4,4257.3,4717.5,,,,,,,,,,,,,,,,,,,,,,,,,,,,,,,,,,,,,,,,,,,,,,,,,,,,,,,,,,,,,,,,,,,,,,,,,,,,,,,,,,,,,,,,,,,,,,,,,,,,,,,,,,,,,,,,,,,,,,,,,,,,,,,,
20260919_弥彦_4R,20260919,21,弥彦,4,209.2,76.4,272.3,292.0,561.6,,,180.1,68.0,104.6,241.9,630.4,,,18.7,17.1,25.3,3.6,42.1,,,234.1,104.6,85.5,249.5,585.8,,,419.3,327.1,67.9,523.0,290.6,,,1359.9,1369.7,499.7,1962.7,915.3,,,,,,,,,,,,,,,,,630.4,142.1,624.2,506.3,1252.5,,,869.3,902.3,981.3,1442.3,3282.5,,,130.7,697.3,902.3,312.1,1252.5,,,933.2,910.9,1034.7,2188.3,1399.9,,,1431.4,2884.6,1023.5,3885.4,2929.0,,,3399.8,4533.0,3070.7,3399.8,3733.1,,,,,,,,,,,,,,,,,638.8,179.1,290.6,796.6,1573.4,,,966.4,1018.1,857.6,1464.5,3340.1,,,234.1,793.2,480.7,746.6,1730.8,,,299.3,435.6,346.1,1197.4,1830.6,,,1641.2,3461.6,1369.7,3807.7,5769.3,,,4533.0,3966.4,2681.5,4050.8,8654.0,,,,,,,,,,,,,,,,,16.5,20.6,34.7,2.9,37.9,,,86.4,364.0,634.6,279.1,893.8,,,103.1,362.6,351.2,347.4,1087.9,,,155.9,689.8,417.5,510.4,1420.8,,,23.3,228.5,260.8,503.6,234.4,,,428.8,1796.1,2139.2,2841.6,810.1,,,,,,,,,,,,,,,,,537.8,249.8,150.0,553.4,1244.3,,,1063.6,1081.7,1399.9,2538.5,2538.5,,,256.2,545.5,367.5,1304.0,1848.4,,,171.0,1153.8,591.2,540.8,1655.5,,,2572.8,3807.7,4138.8,2505.1,4327.0,,,5949.6,4759.7,3885.4,4138.8,7615.5,,,,,,,,,,,,,,,,,1699.9,1286.4,273.1,2608.0,1983.2,,,2350.4,2799.8,1573.4,5949.6,5288.5,,,2004.0,3340.1,1848.4,5599.6,9999.9,,,205.6,877.3,1094.1,2004.0,1304.0,,,3733.1,6346.3,5439.6,3282.5,8654.0,,,2379.8,4327.0,7322.6,2608.0,6141.5,,,,,,,,,,,,,,,,,5010.2,6565.1,1313.0,7322.6,3282.5,,,4881.7,5949.6,7615.5,4881.7,8654.0,,,5439.6,9999.9,9999.9,8277.7,9999.9,,,1252.5,8654.0,7932.8,6799.6,2505.1,,,7615.5,6346.3,4427.6,7932.8,8654.0,,,3282.5,9519.4,9999.9,3282.5,9999.9,,,,,,,,,,,,,,,,,,,,,,,,,,,,,,,,,,,,,,,,,,,,,,,,,,,,,,,,,,,,,,,,,,,,,,,,,,,,,,,,,,,,,,,,,,,,,,,,,,,,,,,,,,,,,,,,,,,,,,,,,,,,,,,,
20260919_弥彦_5R,20260919,21,弥彦,5,315.5,307.0,679.3,274.0,458.3,,,246.6,140.2,153.4,133.3,215.0,,,244.7,122.4,289.0,121.1,252.9,,,748.7,226.2,400.1,432.9,528.8,,,110.1,84.6,95.0,248.2,258.7,,,397.3,309.5,335.6,557.4,361.2,,,,,,,,,,,,,,,,,653.8,639.1,1045.5,644.5,443.1,,,479.6,181.6,164.1,318.2,188.9,,,380.0,141.8,231.0,288.2,188.7,,,807.4,243.7,308.2,893.2,426.4,,,704.6,840.3,630.2,1200.4,474.6,,,237.8,140.4,172.0,273.6,232.9,,,,,,,,,,,,,,,,,178.2,102.9,94.4,106.9,166.0,,,214.8,114.5,81.4,190.9,100.7,,,62.7,61.3,20.4,116.2,61.4,,,39.5,31.3,12.8,52.0,44.0,,,141.9,202.0,216.4,157.5,481.7,,,199.0,100.8,132.8,116.0,393.8,,,,,,,,,,,,,,,,,165.1,92.9,152.4,87.5,170.2,,,180.0,64.2,104.3,160.5,86.0,,,55.8,42.2,17.7,76.2,51.0,,,157.2,125.0,31.9,190.3,149.2,,,147.2,211.8,157.3,237.3,287.1,,,193.5,91.2,128.1,215.6,204.0,,,,,,,,,,,,,,,,,840.3,233.1,456.5,572.9,685.4,,,865.9,202.9,369.5,746.3,375.6,,,76.6,62.6,27.0,87.7,105.9,,,255.7,225.9,44.2,325.0,280.7,,,526.4,872.6,244.7,464.9,1226.4,,,796.0,571.5,293.8,509.8,1274.6,,,,,,,,,,,,,,,,,198.3,140.1,190.0,265.6,302.1,,,409.5,475.6,613.2,1026.6,521.5,,,262.2,396.6,433.8,320.0,999.4,,,253.5,474.6,387.8,488.9,687.5,,,640.9,986.4,415.5,653.8,1533.0,,,561.5,720.2,1085.5,849.7,1342.5,,,,,,,,,,,,,,,,,344.2,427.2,346.9,790.5,358.9,,,185.6,97.3,124.1,252.3,170.9,,,338.1,147.3,214.8,255.2,482.7,,,367.7,176.5,220.4,432.1,321.8,,,911.1,590.8,352.3,577.3,1219.8,,,519.1,515.6,698.1,553.3,1022.0,,,,,,,,,,,,,,,,,,,,,,,,,,,,,,,,,,,,,,,,,,,,,,,,,,,,,,,,,,,,,,,,,,,,,,,,,,,,,,,,,,,,,,,,,,,,,,,,,,,,,,,,,,,,,,,,,,,,,,,,,,,,,,,,
20260919_弥彦_6R,20260919,21,弥彦,6,208.6,131.8,32.9,80.6,274.7,,,344.7,1250.6,236.7,1405.7,583.0,,,290.6,1066.7,266.2,1133.3,1416.7,,,17.3,74.5,115.8,118.0,104.8,,,551.1,1908.8,1353.2,669.1,2833.4,,,694.7,1250.6,2266.7,616.8,3073.5,,,,,,,,,,,,,,,,,131.6,46.4,22.4,62.8,208.6,,,211.3,134.8,120.0,139.6,214.0,,,30.0,82.2,16.8,18.9,97.2,,,14.2,48.2,19.0,30.1,62.6,,,86.1,145.3,37.2,47.3,147.5,,,484.8,339.5,266.2,209.4,300.2,,,,,,,,,,,,,,,,,309.9,1511.1,197.7,1140.5,440.1,,,233.9,326.1,147.1,167.5,180.0,,,1679.0,568.4,621.0,2211.4,915.8,,,171.8,154.4,694.7,509.3,249.7,,,2295.4,1105.7,2628.1,1648.5,1850.4,,,275.1,128.9,420.7,165.6,509.3,,,,,,,,,,,,,,,,,375.4,1462.4,348.0,1314.0,1323.6,,,132.6,328.5,88.0,81.3,371.6,,,1727.0,893.3,1105.7,2878.4,1576.8,,,385.8,182.9,768.3,679.1,824.2,,,1663.6,418.8,2706.5,1024.5,2037.5,,,2324.8,1304.6,2417.8,1679.0,3421.5,,,,,,,,,,,,,,,,,11.3,46.2,57.8,61.7,64.8,,,17.6,61.3,35.6,41.2,81.5,,,117.2,130.9,414.9,643.0,199.0,,,122.2,92.0,377.0,354.1,509.3,,,273.9,211.5,985.5,778.2,1013.0,,,284.2,282.0,362.6,824.2,939.5,,,,,,,,,,,,,,,,,1268.1,3421.5,4029.8,1268.1,4533.5,,,758.7,1217.0,373.1,443.3,1314.0,,,3858.3,2355.0,4901.1,3487.3,4029.8,,,3777.9,538.1,4422.9,1679.0,3487.3,,,1185.2,610.5,2386.0,1604.7,2590.5,,,6716.3,2972.8,5037.2,5849.7,3942.1,,,,,,,,,,,,,,,,,1992.7,1710.7,2628.1,1208.9,5333.5,,,1590.7,1042.1,1450.7,705.6,1304.6,,,737.1,491.4,1060.4,446.6,1333.3,,,3626.8,2014.9,2450.5,1054.3,4121.3,,,925.2,679.1,666.6,1760.5,2084.3,,,5181.1,2789.8,3555.7,4772.1,3487.3,,,,,,,,,,,,,,,,,,,,,,,,,,,,,,,,,,,,,,,,,,,,,,,,,,,,,,,,,,,,,,,,,,,,,,,,,,,,,,,,,,,,,,,,,,,,,,,,,,,,,,,,,,,,,,,,,,,,,,,,,,,,,,,,
20260919_弥彦_7R,20260919,21,弥彦,7,208.0,157.5,199.1,270.8,218.3,,,267.8,776.1,975.4,896.6,298.8,,,445.5,1324.4,1300.5,919.5,1203.0,,,229.8,647.3,494.3,697.3,510.1,,,209.5,417.2,453.9,408.9,441.4,,,218.0,248.8,671.4,700.7,751.8,,,,,,,,,,,,,,,,,169.4,116.1,121.0,330.3,173.7,,,150.3,41.9,57.1,255.5,35.8,,,67.6,31.6,16.6,139.6,26.9,,,45.3,27.8,10.8,109.1,17.4,,,396.5,563.9,321.5,374.9,624.9,,,101.1,23.0,25.6,28.1,219.3,,,,,,,,,,,,,,,,,301.3,820.2,1016.6,902.2,353.8,,,232.0,62.3,96.6,406.6,50.4,,,874.9,162.7,434.8,1760.5,203.9,,,755.8,151.0,744.1,1458.1,257.3,,,1193.0,1023.8,1977.5,2255.6,982.0,,,121.5,24.1,71.6,107.8,311.1,,,,,,,,,,,,,,,,,780.3,1804.5,1718.5,1977.5,1535.7,,,312.4,143.7,69.0,747.9,185.5,,,1361.9,284.7,1002.5,2406.0,455.3,,,1569.1,186.2,913.6,2092.1,891.1,,,2488.9,1374.8,3007.5,2723.8,2673.3,,,1443.6,411.2,630.3,1213.1,3437.1,,,,,,,,,,,,,,,,,243.0,555.2,962.4,1053.7,510.1,,,113.8,52.8,19.5,300.1,73.6,,,780.3,146.1,444.1,1552.2,237.8,,,925.3,104.1,511.9,1640.4,614.3,,,1077.3,707.6,1401.5,1950.8,907.9,,,630.3,137.3,243.0,566.1,1038.5,,,,,,,,,,,,,,,,,210.7,345.3,430.9,492.7,550.9,,,307.8,441.4,325.1,601.5,896.6,,,729.0,714.6,1046.0,2532.6,1266.3,,,1244.4,943.5,3007.5,3280.9,3437.1,,,1061.4,755.8,2532.6,1899.4,1569.1,,,1324.4,1535.7,1473.0,3521.0,1569.1,,,,,,,,,,,,,,,,,218.7,254.6,570.5,432.2,793.1,,,105.2,34.7,39.1,58.7,314.5,,,88.0,25.0,99.2,118.8,287.5,,,797.5,223.1,298.8,534.6,1223.4,,,524.9,133.0,205.6,389.1,902.2,,,1127.8,1101.9,839.3,1899.4,1223.4,,,,,,,,,,,,,,,,,,,,,,,,,,,,,,,,,,,,,,,,,,,,,,,,,,,,,,,,,,,,,,,,,,,,,,,,,,,,,,,,,,,,,,,,,,,,,,,,,,,,,,,,,,,,,,,,,,,,,,,,,,,,,,,,
20260919_弥彦_8R,20260919,21,弥彦,8,465.5,233.0,226.2,501.7,353.7,,,714.2,376.5,354.4,1215.2,467.8,,,115.3,146.5,46.3,280.5,65.0,,,199.0,119.4,70.1,408.6,69.4,,,779.7,1834.7,964.6,959.7,904.0,,,294.2,302.3,125.7,104.5,854.5,,,,,,,,,,,,,,,,,454.2,297.0,218.6,478.6,290.5,,,1299.6,3018.4,891.1,1366.0,1428.5,,,412.2,1656.1,695.7,731.0,599.8,,,181.8,238.7,500.3,325.4,166.6,,,372.0,719.7,617.6,311.9,428.2,,,347.2,846.8,959.7,283.9,482.3,,,,,,,,,,,,,,,,,1732.8,1223.1,584.8,3341.8,878.6,,,1929.3,2793.1,1199.6,2201.6,2012.2,,,2151.0,2970.5,1386.2,3981.7,2201.6,,,362.6,609.5,751.5,969.6,107.8,,,3742.8,3171.9,4564.4,2430.4,4253.2,,,731.0,1585.9,1407.0,147.3,2563.6,,,,,,,,,,,,,,,,,142.0,209.8,55.5,413.1,84.4,,,357.1,2282.2,588.5,786.3,458.6,,,891.1,2793.1,1396.5,3402.6,2201.6,,,92.2,469.0,235.4,846.8,189.9,,,1231.2,1247.6,3283.2,1871.4,1749.0,,,220.6,421.4,1215.2,317.1,1585.9,,,,,,,,,,,,,,,,,91.3,39.3,40.9,221.7,27.3,,,81.0,101.8,243.6,187.1,82.5,,,25.6,73.3,90.3,136.2,12.8,,,56.7,266.2,101.9,613.5,85.5,,,511.3,408.6,460.9,979.8,282.2,,,9.8,32.0,4.5,30.6,68.6,,,,,,,,,,,,,,,,,1485.2,2924.1,2201.6,1732.8,2176.0,,,842.9,1094.4,1247.6,663.6,665.9,,,4158.7,2970.5,4798.5,2599.2,4564.4,,,1969.9,1799.4,3819.2,2310.4,2310.4,,,1450.7,886.9,1450.7,2227.9,311.9,,,1716.9,385.0,2430.4,1969.9,296.1,,,,,,,,,,,,,,,,,392.3,187.1,189.4,76.6,507.1,,,428.2,522.7,563.6,206.3,404.1,,,357.1,912.8,886.9,96.3,1223.1,,,321.5,471.3,579.3,256.7,1011.5,,,31.3,74.4,19.0,77.0,106.8,,,736.7,344.0,770.1,1439.5,199.3,,,,,,,,,,,,,,,,,,,,,,,,,,,,,,,,,,,,,,,,,,,,,,,,,,,,,,,,,,,,,,,,,,,,,,,,,,,,,,,,,,,,,,,,,,,,,,,,,,,,,,,,,,,,,,,,,,,,,,,,,,,,,,,,
20260919_弥彦_9R,20260919,21,弥彦,9,398.8,681.8,317.6,486.8,182.0,,,499.9,225.2,355.0,466.4,334.2,,,479.5,194.9,255.7,387.7,214.4,,,270.6,258.9,303.3,175.4,174.4,,,326.4,269.6,238.7,114.9,121.7,,,110.3,196.6,193.8,141.4,166.5,,,,,,,,,,,,,,,,,726.3,1066.8,1013.5,1186.0,263.5,,,525.8,286.6,1447.9,899.1,195.2,,,816.7,296.9,1922.2,1288.8,215.8,,,2164.8,2423.6,3054.4,3185.4,1161.3,,,1411.2,1367.9,1676.5,2423.6,692.4,,,83.6,62.6,76.3,276.3,197.1,,,,,,,,,,,,,,,,,350.5,120.4,294.5,339.3,227.5,,,334.8,133.7,854.3,582.1,141.9,,,33.8,41.3,137.4,68.3,21.0,,,673.6,1486.5,487.9,1905.7,1259.7,,,386.4,628.1,205.3,986.6,367.9,,,81.7,52.0,32.5,358.4,201.6,,,,,,,,,,,,,,,,,201.4,88.5,180.5,276.6,93.8,,,305.0,134.2,973.7,716.9,104.4,,,26.4,36.3,141.0,72.9,17.1,,,750.7,1319.3,644.4,1615.7,1004.4,,,210.3,712.3,240.7,1231.9,304.6,,,53.5,44.3,32.2,381.1,220.1,,,,,,,,,,,,,,,,,1496.4,1367.9,1812.8,712.3,1296.3,,,2533.8,2505.3,3539.3,3911.8,1873.7,,,1905.7,2719.2,2298.7,3844.4,2719.2,,,2623.2,4288.0,2322.6,3779.2,3779.2,,,1032.3,3328.0,2822.5,3596.4,3096.9,,,1537.7,1990.8,1581.4,3539.3,4054.1,,,,,,,,,,,,,,,,,494.4,276.6,283.6,183.9,167.1,,,1211.8,1114.8,1274.1,2347.1,796.3,,,433.8,690.3,307.1,977.9,440.6,,,406.1,999.9,361.3,1516.8,503.3,,,683.9,2423.6,1476.6,2752.8,2275.2,,,225.9,332.3,430.4,453.2,1186.0,,,,,,,,,,,,,,,,,58.1,91.7,99.8,83.3,104.0,,,24.9,13.3,18.1,108.9,67.2,,,54.2,29.4,20.6,231.0,133.2,,,65.5,40.0,25.6,327.4,151.1,,,539.8,601.0,716.9,977.9,1266.9,,,119.9,175.1,224.3,230.3,602.6,,,,,,,,,,,,,,,,,,,,,,,,,,,,,,,,,,,,,,,,,,,,,,,,,,,,,,,,,,,,,,,,,,,,,,,,,,,,,,,,,,,,,,,,,,,,,,,,,,,,,,,,,,,,,,,,,,,,,,,,,,,,,,,,
20260919_弥彦_10R,20260919,21,弥彦,10,672.5,870.5,687.6,1152.5,680.0,,,377.6,84.3,148.3,296.1,34.0,,,457.1,129.2,237.4,397.8,180.7,,,507.2,238.8,260.6,739.4,320.0,,,629.4,300.4,285.7,451.2,432.2,,,370.2,40.5,164.4,232.6,526.8,,,,,,,,,,,,,,,,,687.6,993.9,642.6,1693.0,699.4,,,460.5,261.7,219.5,1615.0,113.2,,,1010.2,416.7,473.0,2668.4,540.7,,,329.5,197.0,235.5,858.3,231.3,,,2454.9,3835.8,3409.6,2045.7,3959.5,,,439.9,115.6,325.1,262.0,1386.9,,,,,,,,,,,,,,,,,276.1,88.8,152.5,317.9,32.0,,,327.3,267.1,248.2,1363.8,96.9,,,100.6,209.8,168.3,615.2,32.0,,,305.7,320.9,286.7,1356.3,92.4,,,1115.8,2668.4,1419.0,1805.1,576.2,,,8.4,26.3,9.3,19.3,110.6,,,,,,,,,,,,,,,,,296.8,125.6,285.1,505.1,153.4,,,724.1,509.3,576.2,2012.2,537.1,,,109.3,215.5,213.4,637.6,54.7,,,507.2,547.9,416.0,1444.0,551.6,,,1227.4,2360.5,1636.6,2116.3,1903.0,,,188.8,273.6,77.8,405.1,1010.2,,,,,,,,,,,,,,,,,667.1,612.2,656.4,1524.8,786.8,,,436.0,362.0,330.4,1285.3,396.5,,,642.6,549.2,598.7,1995.8,338.1,,,855.3,597.3,577.6,2557.2,929.9,,,2821.7,3107.5,3959.5,3273.2,3273.2,,,774.4,585.9,331.7,861.3,2584.1,,,,,,,,,,,,,,,,,2360.5,1246.1,1363.8,1647.6,1534.3,,,4024.5,3030.7,5579.4,4721.0,8465.3,,,2697.7,5455.4,3507.0,5336.8,2231.7,,,2191.9,5579.4,4909.8,4383.8,5336.8,,,3959.5,5579.4,6634.9,4160.9,7671.7,,,3230.1,6634.9,2639.7,4546.1,4813.6,,,,,,,,,,,,,,,,,244.7,33.0,151.2,219.7,520.1,,,206.8,72.1,226.2,144.9,1180.2,,,7.7,24.0,8.8,19.1,132.4,,,204.7,322.5,68.7,323.8,1091.0,,,306.1,208.2,102.1,242.5,1573.6,,,1470.0,2639.7,810.2,2045.7,2116.3,,,,,,,,,,,,,,,,,,,,,,,,,,,,,,,,,,,,,,,,,,,,,,,,,,,,,,,,,,,,,,,,,,,,,,,,,,,,,,,,,,,,,,,,,,,,,,,,,,,,,,,,,,,,,,,,,,,,,,,,,,,,,,,,
20260919_弥彦_11R,20260919,21,弥彦,11,257.7,93.6,389.3,440.6,200.0,,,232.1,70.9,175.4,457.3,299.1,,,16.1,10.7,34.6,5.6,20.0,,,517.0,247.6,224.6,931.6,667.3,,,548.6,715.5,124.6,988.0,744.3,,,245.0,401.7,173.5,586.9,688.9,,,,,,,,,,,,,,,,,811.7,252.8,1586.4,1080.2,559.7,,,934.7,870.3,1438.5,1927.9,1212.3,,,133.4,521.8,1114.9,301.1,252.8,,,2168.9,2414.1,2393.3,4406.8,1875.8,,,1838.6,4023.6,1586.4,5907.0,3228.2,,,316.9,651.7,197.1,974.1,570.0,,,,,,,,,,,,,,,,,337.3,87.9,380.3,704.6,368.2,,,437.9,416.8,889.8,1423.7,487.9,,,71.2,274.6,202.7,188.8,237.6,,,276.5,542.2,227.1,1032.0,537.0,,,1604.8,2570.6,1525.4,2294.4,2862.1,,,1110.5,1207.0,937.9,1328.3,2152.1,,,,,,,,,,,,,,,,,12.9,9.7,29.1,4.3,18.4,,,56.4,261.9,524.8,194.1,232.3,,,49.8,261.6,206.5,215.0,262.4,,,132.0,595.7,280.7,557.4,607.5,,,33.6,269.0,247.4,501.1,285.6,,,127.5,440.6,405.3,889.8,389.9,,,,,,,,,,,,,,,,,2456.9,895.5,642.6,3050.8,2619.1,,,2862.1,2238.9,2804.3,6456.5,1997.3,,,438.5,1256.2,371.1,1642.7,1354.2,,,419.3,2103.2,499.3,1186.4,2313.5,,,5783.9,8413.0,4143.7,5339.0,6610.2,,,3344.9,3191.1,3050.8,3266.2,6169.5,,,,,,,,,,,,,,,,,1692.8,2922.4,299.4,4627.1,3803.1,,,2238.9,4786.7,1914.6,9254.3,6456.5,,,3966.1,6035.4,2985.2,6456.5,9254.3,,,249.8,1500.7,2257.1,2862.1,2570.6,,,6771.4,9573.4,6456.5,6169.5,9999.9,,,6309.8,7118.7,9915.4,3701.7,9573.4,,,,,,,,,,,,,,,,,1431.0,2168.9,690.6,2891.9,3427.5,,,595.7,937.9,440.6,1423.7,1826.5,,,2695.4,2594.6,1156.7,3154.9,5907.0,,,647.1,1285.3,1063.7,3017.7,2011.8,,,3803.1,2891.9,2594.6,3910.2,6771.4,,,4627.1,5665.9,5907.0,3344.9,8165.6,,,,,,,,,,,,,,,,,,,,,,,,,,,,,,,,,,,,,,,,,,,,,,,,,,,,,,,,,,,,,,,,,,,,,,,,,,,,,,,,,,,,,,,,,,,,,,,,,,,,,,,,,,,,,,,,,,,,,,,,,,,,,,,,
20260919_弥彦_12R,20260919,21,弥彦,12,218.7,405.0,456.6,316.3,645.6,,,192.8,390.7,333.8,272.0,253.6,,,880.1,886.3,1055.4,997.5,1662.5,,,598.5,570.3,982.1,662.4,945.6,,,189.5,218.5,369.1,351.3,450.2,,,542.3,357.2,1478.9,993.6,741.6,,,,,,,,,,,,,,,,,166.6,316.7,253.6,229.1,362.3,,,72.7,36.3,21.8,99.0,29.4,,,253.8,63.8,80.7,174.3,187.3,,,155.4,37.9,61.3,141.9,116.5,,,256.9,203.4,227.1,190.2,574.2,,,347.5,86.3,252.8,177.7,502.7,,,,,,,,,,,,,,,,,93.3,246.4,129.1,199.8,103.2,,,45.8,28.2,13.6,76.2,15.5,,,279.2,67.5,64.8,285.1,66.5,,,102.1,23.4,45.1,121.2,31.9,,,250.8,166.5,342.8,213.4,188.2,,,61.7,17.7,37.6,28.5,93.5,,,,,,,,,,,,,,,,,1091.7,1228.8,1042.5,1278.2,1599.8,,,739.4,242.7,230.8,467.5,674.7,,,874.1,220.0,248.1,750.3,350.8,,,669.4,225.7,243.1,485.4,543.5,,,1101.1,440.0,802.4,468.4,1641.1,,,1843.2,1017.4,712.5,1068.7,1718.7,,,,,,,,,,,,,,,,,322.3,320.3,441.6,339.6,710.5,,,209.1,48.5,84.5,178.5,152.5,,,149.6,38.1,73.5,161.3,75.3,,,410.2,105.6,119.8,310.5,329.4,,,490.1,234.0,363.9,315.9,720.6,,,799.9,277.0,139.4,509.7,895.6,,,,,,,,,,,,,,,,,316.7,440.8,591.5,508.7,924.9,,,362.8,371.3,355.7,294.0,1091.7,,,570.3,415.6,745.9,628.0,785.1,,,921.6,478.1,1059.8,493.9,1830.0,,,604.2,357.7,658.9,455.0,1345.8,,,1382.4,1589.8,1091.7,1927.0,1523.1,,,,,,,,,,,,,,,,,617.4,329.0,1259.2,967.1,604.2,,,610.0,138.1,459.9,335.1,859.3,,,160.5,54.5,130.0,110.4,249.1,,,1766.4,856.4,499.7,911.7,1730.4,,,989.7,421.1,242.9,491.0,1297.8,,,1005.4,1151.0,674.7,1609.9,1271.8,,,,,,,,,,,,,,,,,,,,,,,,,,,,,,,,,,,,,,,,,,,,,,,,,,,,,,,,,,,,,,,,,,,,,,,,,,,,,,,,,,,,,,,,,,,,,,,,,,,,,,,,,,,,,,,,,,,,,,,,,,,,,,,,
20260919_川崎_1R,20260919,34,川崎,1,32.9,31.7,25.8,,,,,93.0,158.9,340.3,,,,,118.3,304.1,368.9,,,,,82.9,324.3,270.1,,,,,,,,,,,,,,,,,,,,,,,,,,,,,,,,,8.0,5.2,3.8,,,,,37.0,61.3,74.7,,,,,27.4,69.2,64.6,,,,,5.0,44.4,20.7,,,,,,,,,,,,,,,,,,,,,,,,,,,,,,,,,149.1,364.2,377.8,,,,,108.3,198.5,196.5,,,,,388.1,292.7,401.7,,,,,451.4,357.4,471.3,,,,,,,,,,,,,,,,,,,,,,,,,,,,,,,,,182.1,436.5,439.8,,,,,107.0,247.2,315.3,,,,,447.9,297.3,560.6,,,,,494.4,447.9,548.1,,,,,,,,,,,,,,,,,,,,,,,,,,,,,,,,,83.3,287.8,203.2,,,,,19.2,134.5,74.2,,,,,171.5,241.2,149.3,,,,,128.1,238.2,161.2,,,,,,,,,,,,,,,,,,,,,,,,,,,,,,,,,,,,,,,,,,,,,,,,,,,,,,,,,,,,,,,,,,,,,,,,,,,,,,,,,,,,,,,,,,,,,,,,,,,,,,,,,,,,,,,,,,,,,,,,,,,,,,,,,,,,,,,,,,,,,,,,,,,,,,,,,,,,,,,,,,,,,,,,,,,,,,,,,,,,,,,,,,,,,,,,,,,,,,,,,,,,,,,,,,,,,,,,,,,,,,,,,,,,,,,,,,,,,,,,,,,,,,,,,,,,,,,,
20260919_川崎_2R,20260919,34,川崎,2,24.4,25.3,104.5,373.8,,,,12.5,4.8,66.7,240.7,,,,11.6,2.9,31.4,177.4,,,,137.7,109.2,92.7,452.8,,,,1011.2,653.4,534.9,923.3,,,,,,,,,,,,,,,,,,,,,,,,,98.3,99.5,329.7,698.5,,,,165.5,278.6,753.0,1294.9,,,,179.2,310.4,659.5,1220.5,,,,745.1,1193.0,1001.7,1538.9,,,,2022.5,2235.4,2123.6,2061.8,,,,,,,,,,,,,,,,,,,,,,,,,61.7,43.0,224.2,415.5,,,,131.7,191.6,469.8,1425.2,,,,92.0,237.0,669.9,1434.9,,,,780.7,1129.6,1344.1,2308.3,,,,1755.1,2909.1,2831.5,3077.8,,,,,,,,,,,,,,,,,,,,,,,,,28.0,8.2,58.5,230.3,,,,96.3,154.0,360.5,888.5,,,,45.9,129.2,332.3,927.3,,,,166.3,322.7,272.9,364.2,,,,896.0,1879.3,1862.8,1160.4,,,,,,,,,,,,,,,,,,,,,,,,,303.8,194.1,184.6,493.8,,,,647.4,919.3,795.3,1370.1,,,,570.8,896.0,783.6,1784.6,,,,239.1,547.3,410.7,465.7,,,,443.3,978.6,745.1,628.3,,,,,,,,,,,,,,,,,,,,,,,,,2333.7,1227.5,1030.9,983.1,,,,2991.1,3932.7,3425.2,2869.8,,,,2794.3,3599.4,1310.9,1397.1,,,,2441.0,4334.0,4006.9,2308.3,,,,1166.8,1740.7,2145.1,1495.5,,,,,,,,,,,,,,,,,,,,,,,,,,,,,,,,,,,,,,,,,,,,,,,,,,,,,,,,,,,,,,,,,,,,,,,,,,,,,,,,,,,,,,,,,,,,,,,,,,,,,,,,,,,,,,,,,,,,,,,,,,,,,,,,,,,,,,,,,,,,,,,,,,,,,,,,,,,,,,,,,,,,,,,,,,,,,,,,,,,,,,,,,,,,,,,,
20260919_川崎_3R,20260919,34,川崎,3,238.9,215.3,58.5,381.0,375.2,,,610.3,407.1,312.2,895.2,974.5,,,209.3,189.4,127.2,383.5,274.7,,,12.4,80.0,38.1,99.6,51.5,,,552.4,470.3,457.2,402.7,256.6,,,227.4,311.2,247.4,126.4,155.9,,,,,,,,,,,,,,,,,737.5,497.8,123.0,971.3,914.5,,,1564.3,1801.4,1228.2,2942.9,3810.6,,,699.3,1042.9,537.4,1679.2,1718.1,,,78.9,234.5,208.0,374.3,351.7,,,2234.8,3538.4,3230.7,1846.1,1930.0,,,1208.2,2123.0,1857.7,1259.4,1471.4,,,,,,,,,,,,,,,,,1464.2,895.2,786.3,2830.7,2726.9,,,2322.1,1369.7,1698.4,3860.1,4128.2,,,522.3,377.1,358.1,641.9,531.7,,,721.4,844.4,788.4,2436.3,2914.0,,,2972.3,3302.5,2049.8,3860.1,2630.3,,,3624.7,3416.4,1516.4,3715.4,2185.5,,,,,,,,,,,,,,,,,254.6,207.8,134.0,706.0,446.9,,,394.7,314.8,261.4,908.9,987.4,,,95.7,76.9,74.7,175.4,139.2,,,59.1,61.3,85.5,413.3,300.2,,,1007.5,816.5,491.2,887.2,494.5,,,435.1,582.8,294.8,396.8,353.4,,,,,,,,,,,,,,,,,3.8,44.1,15.9,68.8,36.5,,,8.9,43.0,27.1,105.1,80.8,,,243.0,180.3,314.8,842.0,801.1,,,46.5,49.7,117.5,329.1,202.8,,,254.4,246.2,846.8,624.4,356.3,,,101.3,82.6,396.3,190.9,182.4,,,,,,,,,,,,,,,,,980.9,2008.3,1395.4,691.2,614.1,,,1633.1,2218.1,1869.3,1581.0,940.6,,,2942.9,2093.1,1243.6,3416.4,1184.1,,,1486.1,1184.1,809.8,1501.1,621.8,,,621.8,782.1,2093.1,1589.4,601.6,,,239.3,250.1,333.9,240.4,304.5,,,,,,,,,,,,,,,,,270.4,535.5,306.4,170.9,183.4,,,619.2,990.7,876.7,724.9,578.2,,,1297.9,1369.7,704.3,1264.8,823.3,,,350.0,469.5,248.5,376.2,291.9,,,143.5,113.8,527.0,260.9,230.0,,,134.7,155.7,189.5,130.1,162.5,,,,,,,,,,,,,,,,,,,,,,,,,,,,,,,,,,,,,,,,,,,,,,,,,,,,,,,,,,,,,,,,,,,,,,,,,,,,,,,,,,,,,,,,,,,,,,,,,,,,,,,,,,,,,,,,,,,,,,,,,,,,,,,,
20260919_川崎_4R,20260919,34,川崎,4,99.2,79.1,123.0,94.2,830.8,,,161.7,222.5,278.0,214.6,1424.3,,,155.2,340.1,247.3,319.1,1363.9,,,317.0,520.9,378.4,625.8,1773.9,,,100.5,147.4,212.6,335.8,941.8,,,2190.5,4190.5,3401.7,3212.7,2331.8,,,,,,,,,,,,,,,,,29.3,20.8,37.1,27.1,260.7,,,64.6,81.1,85.7,147.0,371.6,,,12.2,30.4,3.0,56.1,203.6,,,56.4,84.0,10.7,163.6,213.7,,,34.6,141.3,112.4,156.1,617.8,,,1036.3,1370.3,661.6,695.0,1505.9,,,,,,,,,,,,,,,,,184.9,410.7,295.6,414.2,660.1,,,125.7,128.7,138.0,487.6,572.5,,,287.4,190.8,223.1,1063.0,1795.9,,,607.4,474.0,492.5,1320.3,1690.9,,,604.9,906.4,1498.1,1877.5,3707.0,,,4589.6,3109.1,4663.6,4072.5,5901.0,,,,,,,,,,,,,,,,,159.6,501.9,291.1,464.1,1681.0,,,54.3,89.3,12.3,171.5,372.1,,,691.7,355.2,500.2,1841.7,2980.9,,,233.7,43.5,262.6,604.9,501.1,,,733.8,557.1,1546.2,1007.4,2834.7,,,3614.3,1475.2,4740.1,1204.7,3907.4,,,,,,,,,,,,,,,,,432.2,798.7,560.3,1059.1,2007.9,,,285.4,349.6,73.1,693.4,766.9,,,860.5,596.1,741.4,1807.1,2126.0,,,426.4,70.3,356.5,957.4,751.0,,,1505.9,1225.2,2429.8,1841.7,2980.9,,,3483.7,1710.9,3285.7,1940.5,4381.0,,,,,,,,,,,,,,,,,160.9,290.0,351.3,496.8,1460.3,,,120.3,551.8,395.0,587.7,1841.7,,,712.1,1007.4,1830.0,2065.3,4517.9,,,830.8,607.4,1681.0,1000.5,4985.3,,,1396.8,1290.8,2224.2,1273.7,3960.9,,,5163.3,4663.6,6152.1,6285.8,7052.4,,,,,,,,,,,,,,,,,4985.3,7814.8,5782.9,7052.4,6425.5,,,5560.5,5354.6,2807.2,3212.7,8261.4,,,7814.8,6152.1,7609.1,6571.5,9638.3,,,8504.3,3660.1,8762.0,1953.7,9327.3,,,8762.0,3323.5,5669.5,3142.9,7609.1,,,6884.5,9327.3,6285.8,8762.0,8504.3,,,,,,,,,,,,,,,,,,,,,,,,,,,,,,,,,,,,,,,,,,,,,,,,,,,,,,,,,,,,,,,,,,,,,,,,,,,,,,,,,,,,,,,,,,,,,,,,,,,,,,,,,,,,,,,,,,,,,,,,,,,,,,,,
20260919_川崎_5R,20260919,34,川崎,5,11.2,57.6,123.2,54.1,88.2,,,2.0,22.3,46.3,26.5,33.6,,,59.5,68.9,104.6,209.8,157.8,,,153.3,141.9,143.6,377.6,197.5,,,168.2,199.2,435.6,583.3,291.9,,,87.6,77.2,153.8,153.4,176.1,,,,,,,,,,,,,,,,,80.3,332.8,482.9,333.2,367.2,,,89.0,466.0,730.6,469.1,734.4,,,708.5,885.0,2018.5,1516.6,2063.0,,,1558.7,1908.6,2527.7,2622.1,2281.0,,,832.5,1149.8,1935.0,2892.5,2191.9,,,634.7,1533.1,2574.0,1431.5,1989.8,,,,,,,,,,,,,,,,,5.7,61.5,113.1,80.8,80.5,,,32.2,234.5,447.4,237.5,338.4,,,249.4,415.6,1188.8,1131.3,847.6,,,567.9,847.6,1236.0,2033.1,1753.5,,,538.5,790.3,1660.2,2922.6,1594.1,,,317.3,589.4,947.8,1409.9,1135.9,,,,,,,,,,,,,,,,,419.3,315.2,1043.0,977.6,868.6,,,596.9,871.3,2158.2,1680.0,2398.0,,,430.3,750.2,2191.9,1764.6,1775.7,,,1821.9,1921.7,2047.9,3791.5,1764.6,,,2697.8,3340.1,4316.5,5293.8,4126.1,,,1541.6,2834.0,2461.1,2892.5,4066.3,,,,,,,,,,,,,,,,,1095.9,563.4,947.8,2244.6,1209.3,,,1975.8,2622.1,2953.4,4008.2,4251.1,,,837.5,1533.1,2805.7,4922.3,2892.5,,,2191.9,3380.4,2175.0,5010.2,2461.1,,,4676.2,6235.0,6680.3,4837.5,4676.2,,,1948.4,4251.1,3083.2,3083.2,5195.8,,,,,,,,,,,,,,,,,1070.8,1131.3,2439.7,3896.8,2505.1,,,1281.1,1962.0,3951.7,5969.6,4383.9,,,1219.8,1567.4,4755.5,6843.2,4599.5,,,3791.5,4008.2,6235.0,6376.7,4837.5,,,5501.4,7793.7,8502.2,6843.2,5969.6,,,3507.1,4525.4,5969.6,5726.0,5845.3,,,,,,,,,,,,,,,,,227.3,161.1,432.3,506.4,586.9,,,441.1,803.9,1461.3,1329.7,1650.4,,,274.8,605.9,1027.7,1631.2,1258.1,,,1043.0,2004.1,1700.4,1895.7,2805.7,,,1453.7,2750.7,1810.1,1975.8,3463.8,,,1821.9,3463.8,2922.6,4008.2,4126.1,,,,,,,,,,,,,,,,,,,,,,,,,,,,,,,,,,,,,,,,,,,,,,,,,,,,,,,,,,,,,,,,,,,,,,,,,,,,,,,,,,,,,,,,,,,,,,,,,,,,,,,,,,,,,,,,,,,,,,,,,,,,,,,,
20260919_川崎_6R,20260919,34,川崎,6,14.7,17.9,30.2,21.4,10.9,,,43.8,173.2,209.8,343.9,75.8,,,88.7,193.0,394.8,149.6,252.7,,,125.1,259.8,417.0,460.1,170.3,,,133.0,521.3,238.1,595.7,401.0,,,38.0,68.0,179.9,81.4,279.6,,,,,,,,,,,,,,,,,34.4,39.4,55.9,65.4,23.2,,,108.7,511.7,444.2,617.8,187.2,,,200.1,680.8,661.9,368.6,597.9,,,266.2,598.9,725.3,709.8,393.4,,,324.2,832.0,441.3,705.3,676.7,,,123.2,230.7,503.2,286.1,587.3,,,,,,,,,,,,,,,,,83.4,236.1,255.4,497.2,115.3,,,114.4,289.3,359.5,426.1,184.2,,,245.6,345.0,510.1,244.0,338.3,,,473.2,468.5,756.5,848.9,169.5,,,909.0,790.6,507.0,1065.9,761.7,,,62.9,65.2,170.8,49.4,206.4,,,,,,,,,,,,,,,,,164.3,315.9,712.9,228.9,395.7,,,306.9,834.0,972.7,537.2,803.9,,,438.9,616.7,1014.1,509.3,709.8,,,1062.5,1127.1,1268.5,868.8,588.4,,,254.2,305.2,480.0,461.4,269.0,,,371.9,497.2,476.6,298.9,474.5,,,,,,,,,,,,,,,,,352.6,587.3,805.8,901.7,377.4,,,439.5,736.5,955.9,929.3,445.4,,,596.8,629.5,894.4,981.2,240.7,,,1187.3,1029.7,1020.3,987.0,629.5,,,1516.5,1195.8,1627.5,1200.1,660.6,,,184.5,177.8,118.9,195.3,261.6,,,,,,,,,,,,,,,,,659.3,1566.3,693.6,1581.2,1425.8,,,621.3,1308.3,792.4,1259.0,1329.2,,,1611.7,1619.6,1208.8,2085.2,1588.7,,,482.8,442.4,743.0,697.9,588.4,,,2022.0,1746.8,2285.1,1339.9,1222.1,,,1551.8,1170.6,1544.6,1036.1,1001.9,,,,,,,,,,,,,,,,,66.1,67.6,156.2,71.3,348.9,,,121.2,123.5,264.7,119.6,301.9,,,42.0,45.8,88.3,21.8,176.9,,,185.5,242.4,165.4,128.0,315.0,,,47.6,42.7,24.1,59.1,110.1,,,676.7,537.2,543.3,575.2,341.8,,,,,,,,,,,,,,,,,,,,,,,,,,,,,,,,,,,,,,,,,,,,,,,,,,,,,,,,,,,,,,,,,,,,,,,,,,,,,,,,,,,,,,,,,,,,,,,,,,,,,,,,,,,,,,,,,,,,,,,,,,,,,,,,
20260919_川崎_7R,20260919,34,川崎,7,3.3,17.2,6.9,13.5,24.8,,,19.5,23.7,54.3,48.1,168.4,,,111.6,115.6,222.3,248.4,396.9,,,41.8,51.9,170.5,175.7,117.1,,,77.7,55.9,216.4,193.5,465.3,,,180.7,370.5,494.4,233.1,611.8,,,,,,,,,,,,,,,,,16.9,51.0,31.0,47.4,65.5,,,128.3,308.1,469.8,379.6,809.9,,,333.5,566.9,1119.0,1063.0,1612.2,,,166.7,504.7,850.4,707.2,644.2,,,200.1,423.6,674.9,681.7,1366.2,,,481.8,1360.7,1977.8,1219.3,2267.9,,,,,,,,,,,,,,,,,94.1,111.7,285.1,167.6,796.6,,,197.8,352.5,744.3,545.1,1328.8,,,217.0,325.8,498.0,202.7,736.3,,,553.1,963.7,681.7,939.7,1423.3,,,226.7,380.0,165.7,615.1,1049.9,,,2267.9,2557.8,1518.6,2362.4,2834.9,,,,,,,,,,,,,,,,,661.8,800.4,1349.9,1053.2,2330.0,,,817.7,1049.9,2362.4,1955.1,3471.3,,,655.4,707.2,1210.6,563.2,1339.3,,,1604.6,2209.0,1781.0,1848.8,3120.9,,,1214.9,1889.9,844.1,1921.9,3302.7,,,3401.8,4252.3,3064.7,4098.6,4859.8,,,,,,,,,,,,,,,,,103.9,125.1,473.7,473.1,297.8,,,192.3,553.1,846.2,939.7,586.5,,,239.7,564.1,376.7,722.2,744.3,,,1063.0,1441.4,1189.4,1447.6,1498.6,,,704.3,1165.0,850.4,1405.7,1063.0,,,364.2,462.8,467.2,798.5,890.5,,,,,,,,,,,,,,,,,246.1,209.6,618.5,484.5,1349.9,,,310.9,490.8,815.7,921.9,1869.1,,,219.0,411.3,142.9,819.7,986.0,,,1161.0,1525.5,454.7,1604.6,2699.9,,,483.2,1141.5,977.5,1232.5,1692.4,,,2596.8,3619.0,2616.8,3401.8,2483.1,,,,,,,,,,,,,,,,,1043.5,2378.9,3149.8,1250.6,3738.3,,,1278.9,2834.9,5399.8,2126.1,5154.3,,,3271.0,3955.6,2412.6,3179.3,4418.0,,,4724.8,6418.6,3697.6,4859.8,5865.3,,,1030.8,1177.1,1259.9,1858.9,1762.6,,,4660.1,4476.1,3401.8,3910.2,2538.7,,,,,,,,,,,,,,,,,,,,,,,,,,,,,,,,,,,,,,,,,,,,,,,,,,,,,,,,,,,,,,,,,,,,,,,,,,,,,,,,,,,,,,,,,,,,,,,,,,,,,,,,,,,,,,,,,,,,,,,,,,,,,,,,
20260919_川崎_8R,20260919,34,川崎,8,22.6,45.6,44.5,55.0,197.2,,,71.2,324.3,327.5,329.7,937.4,,,223.6,546.6,839.7,913.6,1157.4,,,181.6,528.3,901.0,474.9,1754.1,,,315.2,577.8,1027.8,578.7,1708.5,,,856.1,2242.4,2180.5,2819.1,2967.5,,,,,,,,,,,,,,,,,5.0,10.8,13.2,17.0,51.1,,,13.9,33.7,43.5,45.5,146.6,,,46.0,53.4,78.8,63.1,93.7,,,49.6,77.9,122.6,51.1,162.8,,,61.1,60.2,82.0,51.1,226.5,,,247.9,308.8,208.7,387.3,407.7,,,,,,,,,,,,,,,,,45.9,192.6,136.5,142.1,511.9,,,29.2,94.7,84.6,97.6,322.7,,,312.9,201.4,423.0,367.4,487.2,,,356.2,246.8,541.3,266.4,969.7,,,355.5,221.3,383.9,240.0,1178.1,,,1578.7,1140.6,1052.4,1810.4,2121.9,,,,,,,,,,,,,,,,,231.7,529.0,756.0,654.5,979.3,,,120.1,189.2,215.3,198.8,325.3,,,490.2,278.1,517.2,408.5,513.2,,,805.4,418.0,724.1,364.7,720.2,,,703.5,393.1,453.6,426.2,704.7,,,818.8,440.4,535.5,548.1,563.8,,,,,,,,,,,,,,,,,379.1,917.8,1264.9,797.3,2529.9,,,260.3,353.0,600.7,304.7,1078.3,,,859.8,593.5,1375.1,839.7,2088.2,,,1777.8,994.1,1483.7,1108.6,2406.5,,,562.2,302.2,482.4,790.9,869.3,,,4434.5,2308.0,3182.8,3431.9,2989.9,,,,,,,,,,,,,,,,,441.9,667.8,1105.5,685.2,2466.7,,,193.8,246.0,390.7,269.9,1294.0,,,483.6,272.9,558.2,449.0,1888.4,,,1210.6,542.1,598.9,701.0,1281.4,,,448.4,333.6,337.3,450.5,1140.6,,,3946.7,2902.0,4111.2,3402.3,2989.9,,,,,,,,,,,,,,,,,2349.2,4589.2,3758.8,5125.6,4484.9,,,1993.3,2684.8,2034.4,2308.0,3758.8,,,4154.5,3344.7,2497.9,5125.6,6264.7,,,2779.4,2077.2,2335.3,4027.3,4698.5,,,5890.7,2945.3,4933.4,4872.5,4995.9,,,5193.1,4385.3,5262.3,5804.0,3831.8,,,,,,,,,,,,,,,,,,,,,,,,,,,,,,,,,,,,,,,,,,,,,,,,,,,,,,,,,,,,,,,,,,,,,,,,,,,,,,,,,,,,,,,,,,,,,,,,,,,,,,,,,,,,,,,,,,,,,,,,,,,,,,,,
20260919_川崎_9R,20260919,34,川崎,9,361.8,458.2,390.2,619.3,907.3,,,507.6,758.9,219.3,603.0,506.9,,,568.1,913.3,776.1,904.9,1467.6,,,255.2,165.6,403.7,213.3,376.3,,,432.5,428.2,467.8,242.7,766.5,,,1139.0,750.6,1667.1,690.3,1313.2,,,,,,,,,,,,,,,,,556.1,430.8,443.9,918.2,1098.9,,,458.2,355.6,307.1,1194.5,723.7,,,252.9,238.9,177.2,548.1,560.6,,,256.7,218.6,168.1,554.3,503.1,,,1172.1,1643.1,1011.5,1222.1,2194.4,,,1509.5,964.6,1184.2,926.9,2297.1,,,,,,,,,,,,,,,,,337.0,470.4,124.6,576.2,301.2,,,314.3,289.0,118.7,885.1,304.7,,,528.7,293.2,174.0,1061.5,403.3,,,34.0,34.1,35.5,95.4,10.2,,,609.9,1106.0,1150.5,336.0,597.2,,,138.9,127.9,169.9,30.9,279.2,,,,,,,,,,,,,,,,,641.3,1166.1,915.8,1464.5,2146.4,,,358.8,328.7,239.9,604.0,646.1,,,1237.5,589.5,508.4,1516.2,1118.6,,,382.4,172.2,333.1,404.5,743.3,,,1756.6,1346.7,2297.1,1360.1,3692.7,,,2910.3,1812.2,1807.5,1704.3,4040.3,,,,,,,,,,,,,,,,,58.3,52.0,69.2,59.0,122.3,,,45.6,48.8,24.5,101.1,108.8,,,15.9,13.8,15.1,39.7,7.0,,,49.7,20.7,62.0,80.9,92.3,,,53.3,98.2,126.2,98.4,145.8,,,149.0,145.5,41.0,193.3,224.1,,,,,,,,,,,,,,,,,382.2,501.7,484.3,224.9,772.6,,,740.9,1608.5,1122.3,1090.2,2106.9,,,857.4,1452.1,1442.9,540.8,1031.3,,,1295.9,1162.1,1881.7,972.8,2683.0,,,163.1,260.0,329.1,248.8,316.9,,,1996.6,2244.6,1734.4,2621.5,1160.2,,,,,,,,,,,,,,,,,1346.7,804.2,2173.5,776.1,1550.4,,,1546.9,1047.0,1553.9,968.7,2704.1,,,286.6,293.7,398.1,108.3,534.9,,,2352.2,1651.0,1483.4,1390.3,3366.9,,,509.9,549.4,134.9,768.2,890.8,,,1659.0,2621.5,1695.9,3209.5,1452.1,,,,,,,,,,,,,,,,,,,,,,,,,,,,,,,,,,,,,,,,,,,,,,,,,,,,,,,,,,,,,,,,,,,,,,,,,,,,,,,,,,,,,,,,,,,,,,,,,,,,,,,,,,,,,,,,,,,,,,,,,,,,,,,,
20260919_静岡_1R,20260919,38,静岡,1,421.7,39.3,183.1,684.5,112.0,,,1072.2,429.9,1236.0,956.9,1059.4,,,14.0,80.4,27.8,107.8,20.9,,,282.5,864.0,101.3,988.8,397.3,,,1236.0,1328.3,532.9,1648.0,1977.7,,,144.4,723.5,123.4,463.5,1435.4,,,,,,,,,,,,,,,,,313.3,22.3,139.4,392.0,52.4,,,674.2,809.0,1186.6,927.0,773.8,,,15.4,264.8,122.0,229.9,48.8,,,171.1,654.3,190.9,689.9,199.9,,,801.7,760.6,816.4,1171.0,723.5,,,23.9,193.4,23.6,63.3,322.4,,,,,,,,,,,,,,,,,1390.5,898.9,1618.1,1679.1,1745.0,,,1893.5,1893.5,2342.0,1779.9,1745.0,,,760.6,1745.0,2069.7,1893.5,1934.7,,,1893.5,1679.1,1816.2,1348.4,1816.2,,,1126.5,1348.4,1369.1,936.8,767.2,,,2118.9,2069.7,2069.7,2342.0,3422.9,,,,,,,,,,,,,,,,,5.9,55.8,16.0,75.6,9.3,,,21.0,262.5,93.7,231.7,42.4,,,351.7,946.7,1171.0,946.7,760.6,,,102.7,236.0,754.2,635.6,259.4,,,353.1,700.7,908.1,999.9,1112.4,,,47.8,76.9,421.7,228.7,847.5,,,,,,,,,,,,,,,,,237.9,741.6,84.7,855.7,335.8,,,130.3,735.5,137.7,717.7,210.8,,,1202.6,1648.0,1435.4,1155.8,1458.9,,,59.4,167.6,831.7,729.4,272.1,,,1534.4,1412.6,898.9,1458.9,1458.9,,,328.4,294.6,855.7,318.9,659.2,,,,,,,,,,,,,,,,,1934.7,1648.0,988.8,2405.3,2542.7,,,1745.0,780.6,1328.3,1679.1,1854.1,,,1034.8,1047.0,1022.9,1126.5,801.7,,,839.5,1390.5,1745.0,2472.1,2118.9,,,3422.9,1779.9,1893.5,2472.1,1977.7,,,3708.2,2405.3,1112.4,3559.8,1779.9,,,,,,,,,,,,,,,,,196.0,1059.4,173.8,491.6,1779.9,,,85.0,372.3,90.0,148.0,549.3,,,1711.4,1328.3,1589.2,2022.6,2224.9,,,157.2,156.9,780.6,334.5,1679.1,,,440.5,307.9,839.5,423.7,1186.6,,,3068.8,1618.1,2617.5,3178.4,2022.6,,,,,,,,,,,,,,,,,,,,,,,,,,,,,,,,,,,,,,,,,,,,,,,,,,,,,,,,,,,,,,,,,,,,,,,,,,,,,,,,,,,,,,,,,,,,,,,,,,,,,,,,,,,,,,,,,,,,,,,,,,,,,,,,
20260919_静岡_2R,20260919,38,静岡,2,525.0,664.3,310.7,1759.5,445.9,,,667.7,556.4,205.6,664.3,185.7,,,500.7,647.7,75.6,1430.8,311.4,,,159.5,114.6,11.8,436.9,29.2,,,2830.5,2244.9,3616.8,1713.2,1627.5,,,155.3,55.3,74.4,27.4,388.6,,,,,,,,,,,,,,,,,2170.1,1783.6,703.8,4822.4,916.9,,,2367.3,1943.3,1385.1,845.4,707.6,,,2657.2,3255.1,1808.4,4650.2,2893.4,,,1112.8,1736.0,1112.8,2066.7,950.4,,,3616.8,1669.3,5425.2,2959.2,1627.5,,,818.9,529.2,1531.8,715.4,1370.5,,,,,,,,,,,,,,,,,1289.1,1132.2,461.7,1112.8,265.1,,,1808.4,2034.4,1112.8,818.9,425.5,,,1972.8,3616.8,1328.6,2134.5,885.7,,,581.2,1240.0,851.0,885.7,238.4,,,1400.0,723.3,1736.0,930.0,140.7,,,71.3,77.2,166.2,59.4,35.7,,,,,,,,,,,,,,,,,1041.6,1514.0,306.3,1783.6,813.7,,,2003.1,3519.0,1759.5,9300.4,3829.5,,,2503.9,5661.1,2456.7,2830.5,1713.2,,,235.8,897.9,1183.6,4200.1,707.6,,,8137.8,7659.1,6510.3,6852.9,4822.4,,,813.7,2170.1,1356.3,775.0,3720.1,,,,,,,,,,,,,,,,,207.0,175.7,20.8,620.0,56.8,,,608.4,1103.4,678.1,2712.6,761.4,,,535.8,1385.1,739.8,1289.1,376.3,,,64.3,436.9,471.7,1479.6,200.3,,,4068.9,3616.8,2893.4,2456.7,1783.6,,,86.4,380.7,218.8,147.9,727.4,,,,,,,,,,,,,,,,,7659.1,6852.9,6200.2,6510.3,4650.2,,,8680.4,3426.4,8137.8,4489.8,3100.1,,,3338.6,1860.0,3175.7,2893.4,295.2,,,7233.6,8680.4,6852.9,7233.6,5661.1,,,5661.1,4489.8,4822.4,4068.9,2893.4,,,3100.1,2411.2,317.5,3829.5,2003.1,,,,,,,,,,,,,,,,,50.1,24.6,38.5,8.6,143.8,,,108.1,121.5,226.0,101.7,299.3,,,15.5,31.6,50.5,12.3,12.4,,,93.8,222.5,178.8,71.9,583.8,,,12.2,60.0,29.9,25.8,145.1,,,475.2,413.3,85.9,784.3,362.6,,,,,,,,,,,,,,,,,,,,,,,,,,,,,,,,,,,,,,,,,,,,,,,,,,,,,,,,,,,,,,,,,,,,,,,,,,,,,,,,,,,,,,,,,,,,,,,,,,,,,,,,,,,,,,,,,,,,,,,,,,,,,,,,
20260919_静岡_3R,20260919,38,静岡,3,0.0,0.0,0.0,0.0,0.0,,,0.0,0.0,0.0,0.0,0.0,,,0.0,0.0,0.0,0.0,0.0,,,0.0,0.0,0.0,0.0,0.0,,,0.0,0.0,0.0,0.0,0.0,,,0.0,0.0,0.0,0.0,0.0,,,,,,,,,,,,,,,,,0.0,0.0,0.0,0.0,0.0,,,0.0,99.3,98.0,263.1,47.6,,,0.0,113.2,134.7,430.6,44.8,,,0.0,78.7,116.0,164.3,35.9,,,0.0,592.1,693.2,444.1,342.4,,,0.0,18.5,7.5,12.2,71.9,,,,,,,,,,,,,,,,,0.0,0.0,0.0,0.0,0.0,,,0.0,54.4,23.1,65.9,28.5,,,0.0,148.8,190.7,275.9,209.0,,,0.0,21.7,80.7,38.0,57.6,,,0.0,169.1,247.1,84.8,268.1,,,0.0,31.1,168.1,60.7,220.3,,,,,,,,,,,,,,,,,0.0,0.0,0.0,0.0,0.0,,,0.0,330.5,458.4,1015.1,256.0,,,0.0,580.1,888.2,1235.8,661.0,,,0.0,592.1,888.2,1184.3,812.1,,,0.0,1776.5,1292.0,1776.5,1496.0,,,0.0,302.3,299.2,748.0,631.6,,,,,,,,,,,,,,,,,0.0,0.0,0.0,0.0,0.0,,,0.0,60.9,117.9,97.6,41.0,,,0.0,71.9,200.1,94.4,82.3,,,0.0,465.9,458.4,631.6,789.5,,,0.0,171.2,174.3,444.1,225.5,,,0.0,46.7,71.2,270.7,125.2,,,,,,,,,,,,,,,,,0.0,0.0,0.0,0.0,0.0,,,0.0,400.3,451.1,592.1,418.0,,,0.0,916.9,693.2,789.5,1052.7,,,0.0,1895.0,980.1,1496.0,1672.0,,,0.0,465.9,568.5,836.0,592.1,,,0.0,888.2,1137.0,1579.1,861.3,,,,,,,,,,,,,,,,,0.0,0.0,0.0,0.0,0.0,,,0.0,20.1,11.6,13.0,100.4,,,0.0,44.7,178.7,85.1,338.3,,,0.0,109.7,189.5,213.7,451.1,,,0.0,36.1,62.8,155.3,143.5,,,0.0,406.0,631.6,861.3,437.3,,,,,,,,,,,,,,,,,,,,,,,,,,,,,,,,,,,,,,,,,,,,,,,,,,,,,,,,,,,,,,,,,,,,,,,,,,,,,,,,,,,,,,,,,,,,,,,,,,,,,,,,,,,,,,,,,,,,,,,,,,,,,,,,
20260919_静岡_4R,20260919,38,静岡,4,446.1,186.1,129.1,362.8,50.2,,,654.7,443.0,685.1,1682.9,348.7,,,309.5,563.4,583.1,957.0,144.9,,,191.5,647.9,444.5,864.6,120.2,,,672.2,2259.0,1457.8,1501.5,218.6,,,7.0,55.6,17.2,21.4,21.0,,,,,,,,,,,,,,,,,549.8,268.7,135.9,496.5,98.6,,,835.8,523.4,395.5,750.7,735.3,,,411.7,415.1,240.8,781.1,427.1,,,62.2,159.9,82.8,131.8,55.5,,,1076.1,1660.6,1260.0,611.5,1090.2,,,78.0,352.1,193.0,75.9,393.6,,,,,,,,,,,,,,,,,1393.0,983.3,1607.3,2639.5,796.0,,,1326.7,702.3,714.3,1027.6,1062.5,,,519.1,479.4,620.6,553.5,546.3,,,1830.3,1241.3,1241.3,2950.0,1408.7,,,3434.9,2985.1,1914.1,3434.9,3687.5,,,630.0,1019.3,718.4,1160.8,1607.3,,,,,,,,,,,,,,,,,617.6,726.8,960.7,1266.4,360.7,,,562.2,478.5,430.8,1333.7,617.6,,,266.4,323.9,401.8,433.0,315.0,,,1049.1,675.8,1053.5,2089.6,855.8,,,1053.5,1577.0,819.4,2667.5,968.1,,,269.3,489.7,431.5,706.3,814.1,,,,,,,,,,,,,,,,,305.7,1253.7,852.9,1483.7,253.7,,,116.9,360.2,172.9,348.7,113.1,,,1830.3,953.4,1432.8,2667.5,1362.7,,,995.0,613.0,1144.9,1682.9,808.8,,,3174.1,1279.3,3095.7,3299.3,2434.5,,,227.9,200.6,766.8,548.6,995.0,,,,,,,,,,,,,,,,,1124.4,2585.0,1885.3,2180.4,443.0,,,1475.0,1830.3,1830.3,1109.5,1510.5,,,3582.2,2458.3,1705.8,3582.2,3482.6,,,2279.5,2107.1,1705.8,2915.7,2143.1,,,2725.5,1441.1,3134.4,2817.4,2458.3,,,446.1,1253.7,2667.5,1649.6,1959.0,,,,,,,,,,,,,,,,,4.5,42.6,11.0,15.7,13.3,,,33.4,214.5,97.3,53.9,206.2,,,229.8,496.5,267.6,551.1,915.1,,,94.0,196.8,228.7,310.3,420.7,,,77.5,67.4,302.8,213.7,477.6,,,231.3,585.8,1567.2,1015.1,1235.2,,,,,,,,,,,,,,,,,,,,,,,,,,,,,,,,,,,,,,,,,,,,,,,,,,,,,,,,,,,,,,,,,,,,,,,,,,,,,,,,,,,,,,,,,,,,,,,,,,,,,,,,,,,,,,,,,,,,,,,,,,,,,,,,
20260919_静岡_5R,20260919,38,静岡,5,456.8,222.9,151.6,724.4,753.1,,,662.9,265.2,760.6,1049.2,290.3,,,40.7,57.5,49.8,29.6,67.7,,,331.8,866.8,347.7,1278.4,997.6,,,1174.8,1462.8,406.7,1311.5,1609.9,,,648.7,355.4,224.2,833.6,1021.0,,,,,,,,,,,,,,,,,809.2,305.5,279.6,1294.8,1278.4,,,1866.7,1593.0,1346.3,3237.0,1758.8,,,109.8,545.3,128.3,278.6,406.7,,,201.9,519.2,124.6,585.1,350.9,,,2377.1,6339.1,1428.5,2473.8,4226.0,,,1241.9,1179.3,657.1,889.7,2069.9,,,,,,,,,,,,,,,,,337.7,345.7,514.8,1435.2,236.9,,,1421.8,1358.3,1161.3,3457.7,1042.0,,,207.9,532.8,607.3,604.9,221.9,,,1584.7,1376.8,1376.8,3237.0,947.9,,,3457.7,5071.3,2741.2,4988.1,2897.8,,,150.6,252.5,131.4,253.7,591.9,,,,,,,,,,,,,,,,,6.6,12.7,11.5,3.9,17.5,,,22.8,158.3,55.9,71.1,134.1,,,45.6,175.9,237.9,153.5,99.7,,,52.0,102.2,262.0,162.8,202.7,,,21.5,86.1,159.0,135.8,158.7,,,48.7,173.5,114.0,190.6,181.1,,,,,,,,,,,,,,,,,491.5,2204.9,517.4,2645.9,1758.8,,,301.2,794.4,238.0,845.2,509.6,,,2414.9,1950.5,1925.8,5966.2,2127.8,,,328.5,407.3,1045.6,784.2,947.9,,,4610.2,2340.6,6085.5,2084.1,4226.0,,,1988.7,1521.3,1789.8,1448.9,1950.5,,,,,,,,,,,,,,,,,2189.0,4285.6,582.9,4541.4,4409.8,,,5157.2,6915.4,2623.0,4474.6,7802.0,,,7802.0,6915.4,3951.6,9815.4,5741.1,,,353.4,1779.4,2453.8,1576.5,1901.7,,,8007.3,5433.5,9220.5,3237.0,8223.7,,,5966.2,7606.9,5246.1,2870.5,5157.2,,,,,,,,,,,,,,,,,600.1,349.7,179.1,719.3,1131.1,,,807.1,693.1,493.9,518.3,1988.7,,,203.8,385.6,134.2,339.9,680.7,,,135.8,313.6,193.1,355.4,284.1,,,784.2,609.7,530.1,535.7,1346.3,,,2817.3,4907.7,1662.7,1635.9,2983.1,,,,,,,,,,,,,,,,,,,,,,,,,,,,,,,,,,,,,,,,,,,,,,,,,,,,,,,,,,,,,,,,,,,,,,,,,,,,,,,,,,,,,,,,,,,,,,,,,,,,,,,,,,,,,,,,,,,,,,,,,,,,,,,,
20260919_静岡_6R,20260919,38,静岡,6,1038.4,2042.0,320.1,1421.0,423.3,,,1396.5,2641.2,426.3,1537.9,535.2,,,2641.2,2858.8,688.3,1975.5,1034.0,,,139.4,171.7,241.5,154.3,47.1,,,1429.4,1285.7,1760.8,311.5,433.9,,,238.9,234.5,404.9,56.0,285.5,,,,,,,,,,,,,,,,,2405.9,4118.6,686.4,2927.6,999.9,,,3422.5,7363.5,1827.0,5282.5,2189.1,,,4584.8,3374.9,1437.8,4673.0,3681.7,,,427.0,634.4,738.5,598.5,288.9,,,3422.5,3919.3,6749.9,1191.1,2229.3,,,698.2,829.3,1653.0,376.1,1380.6,,,,,,,,,,,,,,,,,1799.9,3075.9,315.9,1773.7,357.8,,,2612.8,5785.6,1547.7,3155.8,1869.2,,,5651.1,6230.7,1975.5,7363.5,2024.9,,,248.9,491.8,864.7,601.4,158.9,,,2479.5,4049.9,7593.7,1372.8,1687.4,,,329.7,1056.5,1528.2,198.2,1109.5,,,,,,,,,,,,,,,,,5651.1,4584.8,2314.2,2585.0,2670.3,,,4673.0,7147.0,4118.6,8099.9,4584.8,,,4859.9,8379.2,5651.1,8678.5,3983.5,,,1042.9,801.9,1396.5,1380.6,543.6,,,2927.6,8099.9,8999.9,5170.1,4499.9,,,2359.2,3374.9,3075.9,995.8,3919.3,,,,,,,,,,,,,,,,,51.9,66.3,86.0,61.7,16.0,,,65.9,158.3,194.3,168.8,39.5,,,93.3,201.4,276.7,176.9,53.9,,,136.3,347.1,330.1,331.9,95.2,,,74.6,155.4,143.6,215.9,34.9,,,7.8,28.1,22.9,52.6,16.8,,,,,,,,,,,,,,,,,1854.9,1786.7,2150.4,475.5,565.1,,,2557.8,3374.9,5170.1,1239.7,1412.7,,,2429.9,3626.8,5651.1,1421.0,1630.8,,,2825.5,6230.7,7147.0,2793.0,3037.4,,,307.5,528.2,680.6,1130.2,168.3,,,441.0,910.1,1025.3,1557.6,206.9,,,,,,,,,,,,,,,,,59.6,62.4,124.2,14.1,58.2,,,115.6,247.9,391.9,50.8,343.2,,,115.0,278.9,410.4,54.1,271.2,,,247.2,461.0,538.7,90.7,439.4,,,9.0,28.3,23.5,47.1,21.3,,,113.8,265.2,207.8,432.3,44.8,,,,,,,,,,,,,,,,,,,,,,,,,,,,,,,,,,,,,,,,,,,,,,,,,,,,,,,,,,,,,,,,,,,,,,,,,,,,,,,,,,,,,,,,,,,,,,,,,,,,,,,,,,,,,,,,,,,,,,,,,,,,,,,,
20260919_静岡_7R,20260919,38,静岡,7,173.0,64.7,207.0,300.8,1076.6,,,495.1,687.5,2073.9,2432.8,3666.9,,,105.2,440.0,433.2,780.9,2432.8,,,536.0,2386.9,687.5,2555.7,4438.9,,,1000.0,3953.4,1297.5,4016.2,7906.8,,,2842.9,6838.3,4438.9,4685.5,7906.8,,,,,,,,,,,,,,,,,43.4,14.6,50.3,69.4,247.8,,,31.4,10.0,37.5,47.3,251.0,,,6.6,6.1,11.0,14.0,107.6,,,62.7,85.1,19.0,188.1,536.0,,,121.9,150.6,46.9,213.5,739.8,,,508.0,1119.5,280.5,1119.5,1081.2,,,,,,,,,,,,,,,,,1049.8,1621.9,4362.4,3720.8,5884.2,,,564.7,221.3,906.8,803.2,2750.2,,,1246.4,305.2,2008.1,1946.3,6487.7,,,6487.7,2321.2,3514.1,8724.8,9999.9,,,4147.8,3162.7,3419.1,8434.0,9731.5,,,7906.8,6658.4,8724.8,9999.9,9036.4,,,,,,,,,,,,,,,,,52.1,192.4,214.9,272.6,712.7,,,19.0,18.3,23.8,37.9,192.5,,,168.6,52.0,212.4,276.8,1058.6,,,222.9,61.0,296.2,608.2,1397.9,,,516.3,142.5,598.1,669.3,1611.5,,,2108.5,657.1,3085.6,3048.4,2976.7,,,,,,,,,,,,,,,,,1171.3,4016.2,1807.2,5163.6,5500.4,,,655.4,771.4,314.7,1479.6,2409.7,,,4773.9,2409.7,3466.0,9371.1,7906.8,,,1171.3,425.2,1297.5,3085.6,5500.4,,,6487.7,3466.0,5163.6,4865.7,7229.1,,,6024.3,3514.1,6487.7,5383.4,3373.6,,,,,,,,,,,,,,,,,1874.2,4865.7,2008.1,8161.9,9999.9,,,1297.5,1833.4,643.8,2875.2,4147.8,,,5884.2,3329.2,3614.5,9999.9,9999.9,,,1744.9,755.2,2842.9,4518.2,9371.1,,,8434.0,4518.2,7906.8,7028.3,9731.5,,,9999.9,9036.4,9999.9,9999.9,9999.9,,,,,,,,,,,,,,,,,5622.6,9731.5,5383.4,4961.1,9999.9,,,4518.2,4865.7,2635.6,3776.4,3892.6,,,8161.9,9036.4,5884.2,9999.9,9999.9,,,7229.1,4773.9,7667.2,7906.8,9999.9,,,8434.0,4438.9,7441.7,9036.4,6838.3,,,9999.9,9036.4,9999.9,9999.9,9999.9,,,,,,,,,,,,,,,,,,,,,,,,,,,,,,,,,,,,,,,,,,,,,,,,,,,,,,,,,,,,,,,,,,,,,,,,,,,,,,,,,,,,,,,,,,,,,,,,,,,,,,,,,,,,,,,,,,,,,,,,,,,,,,,,
20260919_静岡_8R,20260919,38,静岡,8,578.5,793.9,263.3,891.6,269.2,,,314.0,282.2,96.4,231.1,258.9,,,1069.9,412.0,80.6,634.8,508.3,,,185.4,68.0,22.6,117.6,66.5,,,921.8,290.8,542.0,178.0,416.7,,,224.7,235.1,379.0,122.4,291.1,,,,,,,,,,,,,,,,,584.8,691.3,378.1,1032.6,250.2,,,639.8,583.7,411.5,504.3,200.5,,,1561.3,1217.6,653.9,1016.6,648.7,,,466.1,543.8,327.6,582.7,208.7,,,1129.1,583.7,985.8,652.6,385.7,,,134.2,71.5,230.2,83.2,145.6,,,,,,,,,,,,,,,,,182.2,215.3,81.0,115.8,162.1,,,313.7,602.0,242.2,200.3,152.6,,,353.1,692.8,134.4,201.3,298.8,,,54.4,177.5,59.5,60.2,74.5,,,64.0,95.3,71.4,30.6,34.1,,,192.6,109.7,166.9,72.5,82.5,,,,,,,,,,,,,,,,,1699.6,602.0,168.5,692.8,753.6,,,1576.4,1773.5,914.0,1833.3,937.7,,,595.4,1117.5,229.6,453.8,623.9,,,85.8,441.5,111.2,141.0,195.8,,,838.8,1300.1,463.5,354.7,767.8,,,1026.1,709.4,758.9,377.2,979.9,,,,,,,,,,,,,,,,,129.2,43.4,27.6,88.5,60.7,,,307.8,360.9,314.6,535.8,314.6,,,60.0,264.4,69.6,94.7,100.4,,,44.7,221.5,50.6,75.5,93.7,,,163.0,384.8,107.4,114.9,198.1,,,156.1,237.3,140.9,151.9,220.6,,,,,,,,,,,,,,,,,613.4,175.2,325.0,125.2,267.2,,,532.3,276.7,695.7,314.9,163.7,,,78.6,117.3,50.3,27.7,35.1,,,463.5,717.2,197.4,164.2,335.3,,,118.2,314.6,60.2,70.9,110.3,,,244.9,166.4,72.2,164.1,105.0,,,,,,,,,,,,,,,,,297.4,421.0,641.1,216.8,566.5,,,172.1,76.8,225.3,83.9,160.3,,,297.4,112.3,296.9,119.9,160.7,,,1004.0,580.6,609.9,401.3,819.9,,,233.9,164.9,167.8,204.5,287.2,,,540.2,237.6,173.2,423.8,256.9,,,,,,,,,,,,,,,,,,,,,,,,,,,,,,,,,,,,,,,,,,,,,,,,,,,,,,,,,,,,,,,,,,,,,,,,,,,,,,,,,,,,,,,,,,,,,,,,,,,,,,,,,,,,,,,,,,,,,,,,,,,,,,,,
20260919_静岡_9R,20260919,38,静岡,9,887.5,762.2,547.0,1749.7,322.1,,,874.8,356.8,417.2,520.2,283.8,,,747.4,692.0,1088.2,1344.8,414.4,,,781.6,1189.0,1236.8,1999.7,773.7,,,2153.5,895.2,1822.2,2315.5,1132.2,,,192.3,161.1,151.4,194.7,599.1,,,,,,,,,,,,,,,,,429.5,439.3,218.1,554.8,213.4,,,376.9,132.4,65.2,109.3,91.7,,,276.6,102.3,54.5,169.3,76.8,,,72.7,23.7,25.3,55.4,16.8,,,615.9,133.0,268.0,131.1,202.6,,,110.2,74.6,76.7,35.3,169.5,,,,,,,,,,,,,,,,,564.0,546.0,722.9,207.2,381.6,,,404.1,141.1,130.6,100.9,155.0,,,344.8,86.4,212.3,45.7,131.6,,,622.1,177.2,329.3,165.8,241.9,,,125.2,56.7,45.2,89.1,79.2,,,216.8,140.3,191.0,208.5,159.0,,,,,,,,,,,,,,,,,369.2,426.5,622.1,681.3,197.5,,,238.1,95.5,73.2,252.0,85.1,,,265.9,75.3,186.1,76.8,105.3,,,505.6,87.0,227.4,522.8,176.4,,,640.2,312.6,191.5,538.3,377.4,,,99.6,58.4,107.5,137.2,379.7,,,,,,,,,,,,,,,,,455.5,1162.1,1009.7,1473.5,633.6,,,152.8,53.6,60.9,129.4,42.1,,,843.7,166.7,493.5,407.3,259.6,,,968.4,160.8,428.9,795.7,333.6,,,1595.6,316.1,448.9,823.4,665.1,,,406.8,96.3,232.0,339.1,638.9,,,,,,,,,,,,,,,,,801.9,484.2,1212.4,1655.7,801.9,,,695.1,121.0,298.4,186.5,250.3,,,241.1,69.7,94.3,121.3,93.8,,,996.6,328.6,227.7,690.5,577.7,,,1226.9,312.0,296.4,729.7,633.6,,,641.5,293.0,224.7,521.0,423.6,,,,,,,,,,,,,,,,,63.5,84.5,89.1,109.6,292.7,,,79.8,83.0,83.2,51.0,262.9,,,132.9,85.5,145.5,135.7,164.3,,,104.0,83.3,146.3,150.2,426.5,,,145.7,61.9,124.6,169.7,560.9,,,516.7,340.2,230.8,588.8,472.3,,,,,,,,,,,,,,,,,,,,,,,,,,,,,,,,,,,,,,,,,,,,,,,,,,,,,,,,,,,,,,,,,,,,,,,,,,,,,,,,,,,,,,,,,,,,,,,,,,,,,,,,,,,,,,,,,,,,,,,,,,,,,,,,
20260919_静岡_10R,20260919,38,静岡,10,1124.6,788.8,904.8,2093.6,1230.0,,,932.7,274.1,326.6,1273.8,174.3,,,440.2,243.1,212.7,366.8,254.9,,,381.4,91.6,75.0,363.7,197.3,,,2852.2,2127.6,1376.2,1600.0,2385.5,,,796.7,212.1,337.8,338.4,1174.9,,,,,,,,,,,,,,,,,1118.2,803.2,1027.7,2315.3,1150.9,,,758.4,349.8,1027.7,1436.5,286.4,,,313.8,169.5,376.6,117.8,158.5,,,1014.4,1222.4,738.4,1948.5,1060.9,,,2018.5,2414.8,689.3,2315.3,2028.9,,,683.3,277.5,243.2,787.2,996.4,,,,,,,,,,,,,,,,,533.3,188.0,227.6,979.1,93.4,,,549.7,218.1,614.0,1185.5,165.1,,,98.5,135.2,177.0,173.1,35.0,,,189.6,498.8,258.7,1150.9,98.5,,,1081.3,2116.2,663.7,2039.4,452.9,,,20.7,47.7,10.4,28.3,110.2,,,,,,,,,,,,,,,,,117.2,116.9,135.0,116.5,118.3,,,71.0,59.7,119.8,26.7,45.4,,,97.9,88.7,177.0,78.7,41.6,,,107.1,141.8,185.6,162.5,182.3,,,99.9,54.8,94.6,175.8,86.8,,,77.0,48.8,32.0,135.3,50.3,,,,,,,,,,,,,,,,,436.8,117.1,94.3,375.5,246.0,,,984.0,1513.9,932.7,2429.7,1269.7,,,235.5,1196.3,318.9,1977.9,296.6,,,139.6,361.4,241.0,401.6,350.5,,,1415.8,2606.7,3051.2,1361.9,3051.2,,,433.9,1111.9,344.9,640.0,1381.1,,,,,,,,,,,,,,,,,5248.1,3611.1,2460.0,3422.7,5704.5,,,3748.7,3075.1,857.5,3483.3,3483.3,,,3335.7,4016.4,1689.3,4472.8,1726.3,,,1164.5,577.1,1127.8,1395.7,1171.4,,,3004.6,4016.4,5046.3,3099.3,5111.8,,,4859.4,3452.7,1920.0,1543.5,4057.8,,,,,,,,,,,,,,,,,431.1,117.7,153.5,221.1,680.9,,,429.2,141.1,123.5,420.9,690.5,,,25.8,54.2,9.5,34.1,128.8,,,54.5,56.7,21.9,86.1,57.9,,,212.9,425.0,142.5,197.6,848.3,,,884.5,1390.8,493.2,463.6,1531.5,,,,,,,,,,,,,,,,,,,,,,,,,,,,,,,,,,,,,,,,,,,,,,,,,,,,,,,,,,,,,,,,,,,,,,,,,,,,,,,,,,,,,,,,,,,,,,,,,,,,,,,,,,,,,,,,,,,,,,,,,,,,,,,,
20260919_静岡_11R,20260919,38,静岡,11,1085.4,1430.7,523.9,1371.7,590.9,,,1410.5,1870.1,435.3,3140.3,790.0,,,1600.3,2728.5,1368.0,4380.0,739.7,,,285.3,298.4,545.7,1161.2,116.5,,,3328.8,4847.7,5043.6,3063.3,3180.3,,,311.1,516.3,136.7,103.5,1310.5,,,,,,,,,,,,,,,,,856.4,945.6,357.1,879.0,467.9,,,783.8,954.7,199.9,713.3,536.3,,,1069.2,1177.6,471.9,839.1,527.8,,,141.7,63.6,147.5,70.2,46.2,,,539.2,459.3,395.6,116.1,174.7,,,211.8,334.4,167.5,80.7,202.0,,,,,,,,,,,,,,,,,902.9,1379.3,340.8,2805.1,573.2,,,1010.7,1217.8,274.5,1232.8,738.6,,,2133.8,1626.4,859.4,4418.7,1014.8,,,145.3,93.8,251.4,325.2,76.8,,,3754.3,2366.4,4231.5,1517.6,4126.6,,,445.0,534.0,485.2,212.3,2005.3,,,,,,,,,,,,,,,,,1704.1,3306.7,1829.0,4195.9,786.3,,,1681.2,2054.8,1169.3,1997.2,872.9,,,3221.4,2152.2,1842.5,5739.3,1758.1,,,1721.8,958.3,1455.7,3120.7,648.4,,,9602.3,2587.1,7342.9,5369.0,2333.2,,,508.9,550.5,992.6,570.0,1438.9,,,,,,,,,,,,,,,,,48.5,52.0,95.9,230.3,20.0,,,37.7,15.8,52.1,18.4,14.3,,,35.6,14.0,62.0,85.8,12.7,,,207.4,144.7,224.3,317.0,78.3,,,340.8,100.4,270.6,406.6,172.2,,,17.0,17.5,17.1,20.1,93.7,,,,,,,,,,,,,,,,,4666.5,8053.5,9790.6,4710.5,2758.6,,,1877.1,1499.4,1356.8,715.3,1102.2,,,5147.6,2684.5,4267.7,2209.3,3420.0,,,9999.9,2587.1,7565.4,6089.2,2249.1,,,3200.7,1008.7,1605.5,3467.5,1522.3,,,3726.2,2280.0,5095.1,1783.2,2054.8,,,,,,,,,,,,,,,,,149.9,264.0,47.1,69.5,586.7,,,172.2,366.8,114.7,81.5,451.4,,,357.1,458.0,416.4,202.1,1310.5,,,111.0,131.8,391.0,91.8,513.1,,,54.7,58.3,86.3,55.0,298.6,,,1422.5,1254.5,2301.0,921.2,828.0,,,,,,,,,,,,,,,,,,,,,,,,,,,,,,,,,,,,,,,,,,,,,,,,,,,,,,,,,,,,,,,,,,,,,,,,,,,,,,,,,,,,,,,,,,,,,,,,,,,,,,,,,,,,,,,,,,,,,,,,,,,,,,,,
20260919_静岡_12R,20260919,38,静岡,12,186.4,168.9,156.9,327.7,329.7,,,69.0,18.0,46.1,42.6,17.3,,,44.9,20.5,44.6,21.9,43.9,,,78.9,85.2,63.8,137.0,133.8,,,132.7,40.9,15.9,95.4,72.8,,,202.8,40.6,47.0,147.7,106.7,,,,,,,,,,,,,,,,,595.5,777.3,405.4,1434.3,1430.9,,,617.1,1620.7,720.5,2909.6,1004.9,,,1983.8,2514.4,2314.4,4773.5,3725.7,,,225.8,372.1,739.7,1239.3,882.9,,,2106.9,3432.6,4526.0,2524.8,4213.9,,,1823.9,1280.9,3133.4,1711.5,4395.8,,,,,,,,,,,,,,,,,69.2,25.2,43.5,47.8,14.4,,,171.0,442.7,244.6,858.1,208.6,,,121.0,509.6,337.5,457.3,168.4,,,92.8,147.2,299.9,409.8,103.8,,,110.3,680.4,397.2,447.3,158.2,,,13.1,74.6,74.1,48.9,85.3,,,,,,,,,,,,,,,,,440.2,195.0,383.3,234.1,311.4,,,1458.2,2332.1,2752.3,3471.6,3658.7,,,299.6,1933.5,863.0,1651.3,510.8,,,1163.8,2197.9,2504.1,3338.8,3199.0,,,615.3,3070.4,1933.5,3149.5,2691.7,,,641.1,2764.7,881.6,3215.8,2493.9,,,,,,,,,,,,,,,,,116.1,155.7,140.6,401.1,310.4,,,99.7,157.1,325.8,817.9,480.7,,,158.2,205.3,438.0,1040.9,322.2,,,556.9,1209.9,1212.3,2174.4,1983.8,,,947.3,1687.8,1996.7,2016.5,1823.9,,,653.4,924.3,597.2,1612.1,1395.0,,,,,,,,,,,,,,,,,606.7,171.1,93.7,413.9,281.3,,,1818.5,2909.6,3552.4,2600.0,3842.8,,,272.8,1760.8,769.5,1229.4,546.0,,,526.2,3055.0,1424.2,2828.7,2424.6,,,1166.0,2288.4,1952.1,2909.6,2578.1,,,554.9,2828.7,709.6,1527.5,1550.8,,,,,,,,,,,,,,,,,364.7,55.7,68.7,240.3,173.0,,,860.5,667.0,1554.7,990.3,2043.5,,,24.8,154.2,119.5,91.9,147.2,,,326.3,1373.0,362.1,1272.9,1139.9,,,470.0,657.7,301.4,1058.9,1337.0,,,322.2,1574.7,467.8,1077.6,1322.5,,,,,,,,,,,,,,,,,,,,,,,,,,,,,,,,,,,,,,,,,,,,,,,,,,,,,,,,,,,,,,,,,,,,,,,,,,,,,,,,,,,,,,,,,,,,,,,,,,,,,,,,,,,,,,,,,,,,,,,,,,,,,,,,
20260919_富山_1R,20260919,46,富山,1,1146.3,651.4,1393.7,839.0,768.2,2525.3,1073.9,836.2,358.2,657.3,1861.7,190.9,1200.2,394.2,221.1,141.8,126.5,291.9,77.1,231.3,108.6,1465.8,904.4,382.6,2550.6,759.1,1056.1,1020.2,767.0,1984.9,573.1,2016.2,941.1,3208.3,1594.1,354.7,107.5,112.7,267.9,581.0,477.6,208.9,2643.1,1413.0,730.8,828.1,2865.8,949.9,1335.3,820.1,376.4,308.0,601.5,1345.9,336.9,1000.2,2512.9,1256.4,2440.7,1401.4,1478.6,4952.6,2073.6,2383.7,3864.5,2464.3,1977.2,867.5,3954.4,2525.3,1441.0,3542.5,2849.8,2429.1,1656.2,3750.8,3228.6,2440.7,2802.8,3291.1,2161.5,1461.6,2016.2,2099.2,1043.1,1250.2,1854.9,1189.0,822.7,2134.3,1016.1,1104.1,723.5,1244.1,1090.0,906.0,1834.9,1022.2,4474.7,4514.3,6146.0,2227.6,4080.9,3334.1,3423.6,2065.2,2440.7,3400.8,2208.3,1854.9,1328.4,3446.7,960.6,567.4,616.0,1717.5,150.1,951.7,407.1,1509.2,2602.6,1808.9,851.6,350.3,2772.3,1746.9,665.9,2000.4,1624.5,3110.4,280.5,2008.3,1128.5,754.6,1541.1,1746.9,2643.1,227.1,533.5,590.4,2099.2,1500.3,3864.5,2948.6,555.0,3643.7,2227.6,36.4,90.5,81.7,56.9,127.4,79.1,30.2,637.6,1954.4,1363.9,373.4,2488.3,201.7,596.6,344.6,828.1,820.1,375.6,1428.9,106.8,582.3,191.7,124.5,123.8,285.4,66.5,251.1,90.7,655.6,2308.2,1656.2,2099.2,1284.9,3054.6,1910.5,387.3,1868.5,1256.4,3592.3,240.0,2073.6,1108.9,380.4,1522.7,1241.1,3334.1,771.7,944.6,1034.7,937.7,1522.7,4215.8,3669.9,1932.2,3423.6,3985.3,99.7,662.4,167.4,463.7,1191.8,893.3,439.7,666.8,3400.8,2670.7,636.0,5668.0,1461.6,2440.7,320.0,1689.1,1121.1,726.6,3592.3,725.6,2227.6,1735.1,1067.1,676.5,3378.2,1010.1,1156.7,1229.2,1848.2,1854.9,2914.9,2512.9,1428.9,1609.2,1796.1,955.2,1672.5,2500.5,3806.8,419.1,745.7,988.6,659.9,2537.9,1939.6,4905.0,1550.5,1382.4,1672.5,4858.2,2116.6,4723.3,5796.8,3073.0,3188.2,4474.7,682.8,1000.2,316.6,1241.1,2308.2,419.8,623.6,427.5,551.4,369.6,713.4,1397.5,295.2,324.7,1104.1,1509.2,1099.3,2065.2,2882.0,803.3,699.7,1311.3,3000.7,1133.6,3567.2,1465.8,5101.2,3054.6,726.6,843.1,1405.2,804.6,622.0,1474.3,712.4,2818.3,1689.1,4016.6,4080.9,1062.7,4637.4,2757.4,1291.4,2143.3,5796.8,5426.8,2189.3,6801.6,6376.5,5369.6,2287.5,5258.9,6624.9,2476.3,4147.3,5050.7,1545.8,555.0,840.3,1541.1,1495.9,1789.8,1275.3,6712.1,3669.9,6001.4,7501.7,3446.7,2983.1,5152.7,3291.1,1789.8,3723.5,5731.6,3334.1,2040.4,4637.4,134.8,38.7,49.9,101.1,187.1,148.6,63.7,284.6,185.0,545.5,409.0,345.1,591.7,360.7,11.6,42.2,28.7,24.1,56.7,37.6,11.9,49.0,419.5,88.4,249.3,651.4,419.5,219.5,189.3,324.2,103.7,340.7,595.9,148.3,182.5,417.1,280.7,264.7,929.1,693.0,727.7,586.3,250.6,634.4,119.4,488.1,131.6,645.7,180.0,92.6,252.6,46.7,206.8,151.5,436.7,155.0,2308.2,1288.1,1265.8,789.6,3129.5,1034.7,1265.8,3208.3,3228.6,4080.9,1353.1,2757.4,2464.3,2742.5,498.6,1765.1,1678.0,291.8,1741.0,228.3,422.6,937.7,3750.8,2965.8,812.2,4215.8,1828.3,2931.7,233.8,425.4,206.9,459.1,759.1,175.2,184.8,5426.8,1815.3,4113.8,5668.0,1564.7,2576.3,3567.2,564.9,1389.9,206.7,992.4,245.1,1164.6,387.3,603.6,2024.2,506.0,2024.2,379.2,2189.3,400.4,1000.2,473.2,436.3,697.8,1541.1,426.1,1067.1,1409.1,1579.3,2464.3,1278.4,1397.5,1194.6,2170.7,402.3,907.6,1136.1,496.2,1536.5,149.9,839.0,343.9,1796.1,1203.1,1108.9,3518.0,828.1,2406.2,885.6,1178.1,845.9,1445.1,2217.9,595.2,598.7,2429.1,1167.3,2372.6,4637.4,2616.0,2125.5,3446.7,295.3,594.5,130.6,625.9,390.0,811.0,445.5,1244.1,2048.6,1076.2,2308.2,468.8,2643.1,636.0
20260919_富山_2R,20260919,46,富山,2,469.3,714.3,564.5,1275.3,156.0,1403.9,344.5,535.3,978.2,484.2,1777.9,287.7,452.7,297.7,890.6,929.7,1199.9,1077.8,524.9,2799.8,645.2,744.9,477.1,1602.5,2297.9,558.6,1895.6,645.2,2619.1,2224.5,1357.0,2498.3,1988.4,4684.3,1752.4,125.5,228.5,400.9,369.0,1077.8,619.8,172.8,4236.2,2234.7,4729.8,2721.6,6166.7,2591.3,2399.8,185.9,139.1,333.2,322.6,712.2,105.5,412.5,408.6,639.3,579.9,949.6,110.7,1441.3,281.6,426.2,386.0,255.7,1040.9,100.6,305.4,463.0,485.7,442.0,631.0,493.0,137.2,1265.3,716.4,583.4,244.3,706.0,1368.4,154.5,1205.8,805.2,1372.3,1462.9,944.1,2194.4,442.4,3479.7,1541.6,40.6,26.7,39.8,56.3,127.3,125.6,45.8,3635.5,1403.9,3063.9,2647.6,6014.4,769.6,2899.8,496.0,631.0,919.1,960.8,1817.7,206.6,1674.1,681.3,1140.9,391.9,1634.7,417.4,421.7,491.0,559.9,527.2,243.0,1268.6,145.4,256.5,526.6,1104.6,668.2,399.9,1034.3,381.4,378.5,964.6,206.3,121.2,188.4,580.6,55.1,32.2,173.4,2783.8,1988.4,1179.5,1159.9,1395.9,1387.9,2865.7,261.2,89.0,305.0,87.3,724.9,100.0,313.2,380.0,278.8,348.7,81.1,1049.9,147.3,343.8,671.0,876.2,1271.9,531.8,2752.3,574.4,541.3,579.2,912.3,1432.8,953.3,432.6,2816.0,658.3,404.6,408.0,583.4,539.5,151.8,998.2,540.6,919.1,498.1,416.7,824.3,246.9,434.9,848.7,1651.4,1087.4,395.7,1089.8,634.3,2099.8,1824.6,702.9,401.9,300.1,756.4,215.9,679.4,591.9,312.8,105.1,187.5,367.6,323.4,649.5,369.9,4776.1,3635.5,1607.8,3406.7,3143.0,2353.4,4639.7,1087.4,884.1,1049.9,1852.3,1331.0,727.1,3163.4,1107.2,667.3,1765.1,3383.1,717.4,1727.5,1107.2,903.8,378.5,853.1,2511.1,256.1,1561.4,1353.2,284.2,210.8,302.0,976.2,79.6,81.1,332.3,2004.8,992.1,578.5,1685.7,684.2,2564.0,2511.1,4059.7,4059.7,2245.0,2090.8,2605.1,7857.5,6583.3,546.1,181.0,168.8,531.2,1517.6,951.5,631.8,3928.7,2832.3,634.3,4428.8,7986.3,2204.3,4236.2,1327.4,2204.3,857.6,3063.9,5295.3,1162.6,3835.9,3504.8,3635.5,1517.6,3504.8,2662.1,6959.5,2174.8,3635.5,2155.6,1403.9,3806.0,1140.9,7381.3,3928.7,3455.1,2234.7,1320.2,2108.9,2194.4,3163.4,3247.8,882.5,706.0,727.1,927.9,404.9,1703.3,1061.3,4311.2,5473.8,2214.4,1940.9,3455.1,6583.3,7494.9,2276.4,779.4,1679.8,729.2,2184.6,4510.8,2721.6,9999.9,9999.9,9999.9,4823.4,7732.8,9743.4,9999.9,3163.4,5128.1,4093.8,2633.3,6166.7,4510.8,7494.9,75.3,183.0,266.0,272.9,698.9,784.4,147.8,26.4,12.9,23.0,32.8,86.3,93.3,22.4,129.8,37.9,143.2,59.2,430.7,92.0,148.9,247.0,68.3,165.7,247.2,218.6,765.9,307.9,252.1,78.4,78.9,275.3,692.0,522.1,309.1,1027.7,257.7,816.0,346.7,972.3,1838.3,1372.3,2194.4,556.1,610.4,2136.7,1498.9,3555.9,1811.0,195.2,105.0,236.9,366.8,377.0,1004.4,972.3,7381.3,4920.9,8857.6,6089.6,9999.9,6166.7,6673.5,7381.3,3143.0,6861.5,4552.9,9999.9,2899.8,6766.2,3044.8,2004.8,2799.8,944.1,6166.7,1441.3,2899.8,8699.4,6410.1,4871.7,6583.3,5731.4,7381.3,9999.9,8257.1,4595.9,1437.0,7494.9,9999.9,4469.4,8699.4,9999.9,9999.9,9999.9,6326.8,9999.9,9999.9,9191.8,7494.9,3102.9,2127.3,7060.4,3806.0,8546.8,7986.3,8119.5,9743.4,5128.1,9999.9,9999.9,9999.9,7271.1,285.2,299.6,535.3,652.1,1029.9,225.7,992.1,632.6,970.4,1391.9,1634.7,3163.4,493.0,2752.3,774.5,1239.6,1972.3,1202.8,3897.3,970.4,1364.6,1334.7,1859.4,2090.8,2899.8,2591.3,1445.6,5473.8,1288.8,2448.0,1157.1,3690.6,6410.1,1387.9,4639.7,2816.0,4729.8,4388.9,3025.9,5941.0,4199.7,7271.1,356.9,306.0,728.2,854.6,976.2,2647.6,2342.1,4026.1,6410.1,3635.5,9552.3,6014.4,9191.8,4428.8
20260919_富山_3R,20260919,46,富山,3,196.5,972.4,295.6,354.5,175.5,610.8,465.1,189.4,589.6,172.3,534.1,108.4,448.8,292.2,2383.8,1124.1,2188.0,3582.7,996.1,3048.0,2959.6,315.8,173.7,1398.7,942.5,159.8,753.5,280.2,658.0,795.6,3293.8,1535.4,802.9,1856.5,2149.6,88.2,49.5,457.2,70.6,286.4,187.8,185.2,1012.6,716.5,2640.7,1017.7,1683.1,575.2,1198.9,746.2,457.2,2269.1,445.5,1735.5,440.4,1140.8,139.7,646.2,234.3,235.8,159.2,467.3,431.4,98.5,239.2,81.3,105.8,163.6,164.6,187.4,1501.6,605.9,1364.4,1105.8,1638.1,1885.0,2149.6,268.7,127.5,878.9,264.1,362.0,410.3,235.3,126.6,84.4,446.2,156.8,189.5,199.2,280.7,191.6,205.7,1019.3,432.3,337.7,813.6,739.0,667.3,373.3,1697.1,589.0,462.0,900.9,774.5,620.7,370.6,1340.6,342.2,524.9,751.7,726.7,158.5,308.1,130.9,396.7,107.9,304.0,208.3,118.3,157.2,75.1,144.2,162.9,193.0,167.0,249.3,203.0,123.8,451.8,242.7,284.8,274.4,90.2,67.7,107.2,320.2,118.4,137.9,41.4,638.8,385.5,680.7,618.2,922.6,791.5,778.4,98.6,192.9,265.3,156.6,604.1,377.4,266.9,333.3,273.0,355.9,228.6,660.1,437.6,290.9,237.5,250.0,339.2,98.6,642.1,360.8,277.5,3347.8,1678.5,2098.1,4084.3,1509.0,4030.6,3853.1,1823.3,1126.2,2069.7,1902.6,2402.5,3003.2,3441.8,719.0,584.5,439.1,1185.0,589.6,771.6,876.4,3481.0,2698.9,820.1,3521.0,2069.7,3276.2,1599.6,4284.3,2640.7,2105.3,4196.2,4057.3,2552.7,4111.7,1392.4,2119.9,1136.6,2149.6,3258.8,2244.1,2542.1,4225.2,3311.6,1389.2,3174.3,3224.5,3521.0,3094.2,3781.8,3758.6,1867.8,2440.8,3582.7,2797.5,3347.8,431.7,218.1,1306.3,1074.8,262.9,740.8,257.9,398.6,175.3,1067.3,464.1,418.7,530.8,246.0,153.6,120.1,243.0,426.6,176.7,223.1,73.4,1926.5,1651.3,530.8,2329.4,1823.3,2035.4,944.0,1642.5,882.7,978.6,2849.5,1629.4,1839.8,997.8,242.1,446.2,233.4,1405.1,1379.8,946.9,317.4,839.2,734.6,413.9,1711.3,1516.4,1069.2,312.8,121.7,126.6,47.5,492.4,352.1,167.0,146.0,862.8,1151.6,3625.1,1812.5,1235.1,2374.6,2311.9,263.9,195.3,699.3,346.3,343.4,360.8,500.5,836.9,461.3,1095.9,992.9,1145.1,1185.0,1050.8,3781.8,2076.8,1885.0,3781.8,3713.0,2531.6,3668.6,1273.7,772.5,972.4,3481.0,2531.6,2470.3,1608.0,836.9,749.8,1421.4,3158.0,1298.0,2105.3,2735.0,2227.8,989.7,1424.7,2618.1,2365.4,2203.8,1932.6,1963.6,1289.8,1367.5,2563.4,1566.8,2252.4,1812.5,70.9,30.6,302.0,64.8,196.4,128.8,152.2,148.1,169.9,1230.2,406.8,326.4,714.0,638.1,69.7,154.5,290.2,145.8,528.1,335.7,361.2,782.4,1725.7,447.8,1655.8,2227.8,2090.9,1554.9,174.3,410.3,167.3,1340.6,1138.7,810.3,258.2,507.5,500.5,732.8,2421.5,951.3,1770.6,2203.8,416.2,1006.0,517.0,2195.9,1078.6,1969.9,1049.0,350.2,823.4,414.5,1642.5,418.1,1807.2,1166.9,630.9,409.2,1273.7,529.5,1103.8,442.9,646.2,377.7,247.2,1245.2,332.7,450.8,463.0,587.9,205.7,200.3,398.6,154.8,558.4,310.2,252.0,1963.6,1812.5,679.2,1678.5,1750.4,1896.7,2021.9,379.8,335.5,215.4,1215.5,988.1,432.9,230.6,1326.0,661.6,842.7,1655.8,1311.8,1465.6,1206.0,372.2,939.6,485.0,1520.2,821.2,1487.0,1040.1,738.1,754.5,382.6,1595.4,288.1,1084.3,822.3,831.2,466.6,1497.9,414.2,1612.2,534.6,996.1,742.6,348.2,1926.5,301.9,652.4,762.0,825.6,335.7,323.3,548.4,129.2,830.1,431.7,404.6,2862.8,2849.5,1240.1,1401.9,2917.4,1982.7,2663.7,163.2,134.2,66.3,545.0,402.2,166.3,152.3,2105.3,1268.4,1300.7,3805.3,1155.9,2876.3,1885.0,424.8,829.0,492.0,1879.3,413.3,2172.5,1201.2,1090.1,915.7,488.5,2195.9,332.9,1455.2,1040.1
20260919_富山_4R,20260919,46,富山,4,246.7,411.5,273.4,382.8,672.8,594.2,520.2,144.7,194.5,248.3,606.6,174.1,240.7,160.0,171.3,137.3,329.3,560.3,529.2,183.4,406.0,184.7,342.2,547.3,1027.3,1059.4,722.2,660.4,830.2,1290.1,1784.3,1768.8,3316.6,2014.0,3527.5,1128.0,774.4,1514.2,1295.6,3548.0,1901.1,1695.1,437.7,289.0,365.4,865.6,1371.3,1220.5,644.4,598.8,199.1,719.6,704.6,2097.1,941.7,799.8,307.1,778.3,278.9,319.8,923.2,870.5,731.7,179.6,555.7,77.2,119.1,184.1,345.1,133.2,829.1,1018.7,688.0,812.5,2619.1,1838.1,1832.6,94.9,39.6,280.5,34.6,223.7,173.8,111.5,229.5,120.6,549.7,86.9,645.0,189.6,287.8,1353.1,628.4,2421.6,754.3,1213.2,2243.6,1338.2,1393.2,702.2,1962.2,542.4,376.2,2294.2,1425.8,600.6,196.9,1121.8,210.7,304.5,703.0,816.9,136.1,264.5,215.2,594.2,113.2,286.1,109.3,113.9,354.5,58.6,147.2,75.8,223.6,60.8,286.3,384.0,727.3,1356.1,359.8,757.1,351.7,221.9,67.6,539.0,379.5,140.6,444.1,89.2,864.3,280.5,2277.0,752.4,617.0,838.2,480.8,65.2,50.4,198.7,88.6,293.2,122.9,32.6,501.4,400.9,906.7,857.1,1218.0,334.0,312.4,41.6,24.1,144.8,48.7,169.8,15.4,96.1,271.7,211.2,462.3,751.5,715.4,249.0,633.0,722.2,992.2,937.4,1117.6,2812.2,1640.4,1962.2,443.1,572.4,1422.5,1748.5,757.1,780.3,633.7,1034.3,520.7,1182.6,3447.8,2676.5,3280.9,1901.1,3611.0,2773.9,4237.9,4882.0,8359.7,2838.4,6356.8,2329.2,4454.4,2490.8,4805.2,7925.4,4623.1,4179.8,1166.8,2838.4,1931.2,4843.3,3447.8,5085.5,3228.8,1477.6,2268.6,598.8,1981.3,4921.4,2724.3,1681.1,188.2,312.7,569.8,854.7,1232.8,671.3,607.2,99.8,29.7,142.2,24.0,194.2,139.6,77.4,234.8,60.6,406.0,380.2,173.1,383.8,136.4,528.8,418.5,606.6,2402.6,3467.3,2421.6,1481.2,1173.5,137.3,563.4,1987.8,2156.3,1032.5,1439.2,1838.1,926.0,733.4,3887.0,2574.9,2268.6,1155.7,1758.6,552.2,910.8,3263.4,2347.1,3280.9,2243.6,488.9,168.6,128.0,1005.3,1068.7,611.4,941.7,1105.5,2302.8,4767.6,2878.5,5982.9,3428.4,4730.7,441.2,244.7,1350.1,168.7,1456.4,346.5,553.2,1614.4,448.7,3145.6,1315.2,1789.6,2007.4,1347.1,4805.2,3113.5,5260.8,4961.4,9686.6,6102.6,8246.7,2219.1,215.4,934.5,3654.2,4454.4,1439.2,2542.7,8246.7,3814.1,4487.2,8595.2,5812.0,6856.8,8246.7,3988.6,1099.5,2164.0,5448.7,2700.2,5924.8,3447.8,4487.2,1589.2,1843.6,7265.0,3548.0,7724.8,3409.2,2402.6,1386.9,2712.2,2962.4,5867.8,3428.4,2676.5,2374.5,981.1,4297.6,1810.8,3178.4,2347.1,2156.3,626.5,514.5,1601.7,669.8,1518.0,955.0,339.0,2906.0,5547.8,3066.6,5703.3,9246.3,5703.3,4730.7,3353.0,2118.9,1123.8,5215.9,5400.5,3632.5,1821.6,8029.7,5043.4,3814.1,9999.9,6423.7,7628.2,8718.0,4921.4,6227.1,2227.2,8246.7,6164.2,7352.5,4359.0,2812.2,2118.9,534.3,4041.4,1832.6,5757.1,3298.7,1344.1,1115.6,1109.5,1631.7,2724.3,2450.8,2061.6,1768.8,1335.3,3178.4,1191.9,1292.9,3066.6,2277.0,1220.5,1055.8,2441.0,1789.6,1981.3,1101.5,919.0,1380.6,3589.7,3447.8,5128.2,4805.2,5924.8,4068.4,3113.5,1484.8,2294.2,5215.9,4123.3,4694.3,3632.5,4208.6,1907.0,3371.6,4921.4,3887.0,5757.1,3316.6,4151.4,4882.0,2285.6,5812.0,4041.4,5650.5,4454.4,3161.9,3298.7,1173.5,3988.6,3962.7,3654.2,3698.5,582.8,250.4,838.2,861.9,2075.7,1136.4,1032.5,484.7,138.8,993.9,204.1,421.7,523.3,671.3,79.1,47.8,237.7,92.2,226.6,41.3,150.3,1206.0,1274.0,651.2,1399.6,3814.1,1800.1,1425.8,580.6,203.6,186.4,984.2,1130.1,593.6,1242.8,3371.6,1162.4,1032.5,4658.4,2179.5,3611.0,2450.8,1103.5,793.5,269.5,1287.4,713.7,2431.3,1111.5,1649.3,1463.4,816.9,2865.0,2933.9,2906.0,2511.3
20260919_富山_5R,20260919,46,富山,5,77.6,143.3,31.1,353.9,107.5,84.4,31.7,104.1,166.0,100.9,281.7,138.7,156.0,59.7,284.1,306.0,343.8,997.5,147.8,343.6,142.9,19.9,54.5,133.6,223.1,71.0,51.9,17.5,817.0,353.1,1080.0,717.4,1053.1,622.3,338.6,137.2,155.2,60.3,158.4,705.5,211.3,63.3,83.6,122.5,180.0,72.8,296.7,150.0,45.0,16.1,23.7,42.7,13.0,120.8,27.4,28.5,332.1,640.1,120.8,1365.4,546.5,439.0,241.9,759.2,2546.8,599.0,1920.3,2347.1,2324.3,2689.9,1689.9,2861.4,1439.3,5887.0,2468.0,4300.6,5700.1,79.1,232.3,534.7,808.8,232.7,268.5,340.2,2502.4,2762.3,7980.1,2244.4,7254.7,5985.1,8758.7,1075.1,2537.8,1347.4,659.5,5359.8,2751.7,3095.7,767.3,1962.3,3486.4,739.6,5935.6,2872.8,2169.8,535.1,2451.2,4352.8,830.3,6191.5,3005.0,2583.5,434.4,512.6,547.4,783.2,448.6,773.1,238.8,869.5,2528.9,1197.0,1782.1,2354.8,3109.1,2967.8,1145.4,2751.7,3591.0,4200.0,1496.2,5057.8,2896.0,747.3,1000.3,3591.0,3043.2,2434.6,1682.0,1628.6,955.0,2163.3,2896.0,2546.8,2196.3,2023.1,2163.3,841.0,2386.0,868.4,2783.7,3235.2,2992.5,2468.0,1273.4,3030.4,4633.6,2520.0,3403.8,3109.1,3820.2,450.0,1624.9,2710.2,1654.8,2741.2,1855.8,2209.8,1973.1,2209.8,1895.0,5400.1,717.4,1726.4,1108.3,2163.3,6650.1,3056.2,9975.2,3340.5,6412.6,7111.0,3538.0,6972.9,8550.1,9975.2,3591.0,7722.7,8550.1,2730.8,3882.2,7481.4,9975.2,2386.0,5242.4,5482.5,9327.4,9999.9,9999.9,9705.6,6589.1,7560.1,9999.9,637.8,1804.5,1769.0,2156.8,4224.7,1880.1,2028.8,2884.4,5524.7,6355.8,5057.8,8977.6,3192.0,6775.6,2301.9,9207.8,9207.8,7806.6,9999.9,3840.7,8449.5,40.4,123.3,247.1,422.7,125.6,100.4,61.2,37.8,108.7,218.0,533.9,108.2,119.4,132.7,372.9,417.3,1445.1,1722.3,834.1,1043.9,897.7,1051.5,1215.2,2896.0,4379.3,1603.1,2434.6,2805.5,1617.6,1689.9,1967.7,5057.8,4151.5,2884.4,3279.5,429.0,401.0,1096.5,849.9,4175.6,1486.9,1094.8,261.6,310.1,825.5,1462.7,1875.2,1054.6,637.2,206.3,355.9,848.9,1989.5,2131.2,1103.2,833.1,2502.4,1193.0,3968.0,2106.2,3469.6,2741.2,1647.2,3294.5,3109.1,6300.1,3005.0,6035.4,6245.3,6840.1,1242.5,2451.2,2955.6,2872.8,3017.7,2805.5,2980.1,6138.5,7806.6,6589.1,7722.7,6191.5,7640.5,9838.5,2741.2,3122.6,3452.9,6905.9,6470.4,5655.2,5611.0,5792.0,7980.1,5400.1,4488.8,8069.8,6355.8,9327.4,3645.7,7640.5,3452.9,7254.7,5745.7,7182.1,7404.2,2640.4,6905.9,3903.3,9327.4,5567.5,8758.7,6840.1,757.6,685.9,227.0,829.3,3264.6,1057.7,366.9,1445.1,3030.4,1483.9,2106.2,6972.9,2546.8,3800.0,1289.4,3721.3,1103.2,3538.0,4151.5,4275.0,3043.2,284.2,843.9,700.6,1209.1,2468.0,1145.4,894.4,1189.0,1592.4,2602.2,1617.6,8449.5,3122.6,3309.7,7254.7,9999.9,6300.1,5655.2,9999.9,9091.3,9999.9,1822.8,4603.9,4460.9,1905.0,3721.3,9207.8,5130.1,843.9,3740.7,3109.1,1564.7,3420.0,9999.9,4433.4,149.8,251.8,411.3,135.1,676.2,227.4,144.6,372.9,1111.7,2040.3,408.7,3163.9,1352.5,1327.5,672.4,1453.8,2057.9,1524.8,2196.3,1920.3,1726.4,1425.0,2751.7,3387.8,2850.0,4517.0,2143.9,3990.0,233.1,280.7,906.8,1557.9,1900.0,631.1,826.4,2331.8,4633.6,2316.8,5700.1,4057.7,4488.8,4919.2,451.4,892.1,1890.0,1158.4,794.4,3721.3,2093.9,346.2,1588.9,1496.2,3163.9,1296.4,3740.7,2093.9,88.0,77.2,149.8,102.3,496.6,96.5,139.7,488.5,1352.5,2896.0,936.3,4852.8,1941.1,2468.0,373.8,1490.0,2244.4,1621.2,2280.0,1389.1,2710.2,1225.6,4352.8,4151.5,5280.9,9705.6,2602.2,6972.9,294.7,565.5,1347.4,3279.5,3452.9,1760.3,1483.9,2040.3,7640.5,3082.4,9999.9,5985.1,9999.9,7182.1,614.3,2907.7,2773.0,1381.1,2805.5,8758.7,3903.3,544.5,2602.2,2816.5,4788.1,1841.5,5204.4,3403.8
20260919_富山_6R,20260919,46,富山,6,464.2,1122.0,536.8,2397.4,692.9,601.6,309.0,235.1,156.6,100.1,822.1,66.2,131.8,173.4,838.1,221.4,419.3,2162.3,344.9,323.6,441.1,440.8,183.2,499.0,753.8,253.9,197.2,281.4,4386.1,2859.1,4462.2,2064.0,3176.8,1770.5,3524.9,780.5,198.5,704.9,308.9,2031.4,567.6,444.1,197.4,73.4,185.6,76.7,408.4,149.1,133.0,309.2,256.0,474.1,230.1,1459.2,331.4,299.9,1002.5,2075.1,1225.3,5360.8,1562.6,1388.4,625.0,716.1,606.4,437.3,2346.4,264.8,1578.6,285.0,1989.6,973.4,1824.9,6379.8,1829.3,3784.1,953.0,1221.4,580.8,1766.5,2199.3,862.5,1915.5,405.4,6954.6,5553.7,9649.5,3859.8,6175.7,9414.2,2607.9,1910.8,630.1,1833.6,1123.6,5180.9,3493.0,877.2,1726.9,2466.3,5360.8,2283.9,7422.7,3557.4,1122.0,324.4,155.0,496.7,160.5,720.1,302.8,481.8,250.2,138.8,128.8,888.3,81.0,237.8,251.5,378.6,254.8,231.2,1255.2,107.4,975.9,162.7,91.5,118.5,50.1,407.5,17.6,251.4,99.2,131.1,160.6,83.2,377.1,31.2,337.5,105.9,2616.8,2776.8,1385.9,1141.9,663.7,3371.0,1762.4,41.6,43.1,19.1,15.1,160.7,118.7,33.4,646.5,1547.0,701.7,691.7,2367.9,386.5,1019.7,306.3,192.3,186.4,137.0,1120.4,78.3,622.0,1445.6,402.6,640.1,3163.7,629.1,517.7,908.1,1335.5,799.1,1280.2,3607.3,1123.6,2325.1,530.5,192.0,273.4,94.3,956.5,29.1,477.7,193.8,894.5,1269.6,286.2,1750.4,487.6,1413.8,764.3,6654.8,7422.7,3658.6,3446.2,4650.3,4411.2,6712.7,832.7,998.6,159.6,503.2,1791.1,1473.2,666.6,1007.7,3216.5,1026.5,1393.4,4041.7,1994.7,1750.4,937.9,756.8,450.1,663.2,3150.8,567.6,1525.6,485.5,186.9,450.6,649.2,250.0,152.4,226.5,672.4,424.3,1075.1,1395.9,561.0,1241.1,172.6,203.7,277.5,161.0,481.2,49.0,482.7,154.1,517.7,829.1,157.2,992.2,301.5,1075.1,429.1,606.4,1066.2,428.3,1021.1,513.2,849.2,481.2,434.1,600.2,114.3,443.1,587.0,779.7,251.4,270.8,1167.8,558.9,1388.4,1301.7,678.9,542.4,202.6,168.8,137.7,358.3,467.5,162.0,367.9,9999.9,8212.4,9999.9,5180.9,9414.2,5398.3,8976.3,9300.7,6542.0,9190.0,6276.1,9999.9,9999.9,4172.7,7017.8,7422.7,4386.1,3658.6,2490.2,9999.9,5514.0,9999.9,9999.9,6030.9,5938.2,8390.9,9999.9,9999.9,3765.6,4386.1,2625.7,4794.8,3150.8,4980.4,3641.3,9999.9,9999.9,4084.4,8673.7,4595.0,9999.9,9530.4,6175.7,9999.9,9999.9,9999.9,7352.0,9999.9,9999.9,9999.9,5251.4,6379.8,9999.9,4735.9,7877.2,9190.0,2174.5,455.4,1598.2,815.1,4595.0,1989.6,1547.0,2237.5,727.5,2375.2,1408.6,6654.8,2564.6,1209.9,212.6,236.1,127.2,85.0,608.3,514.6,180.7,1359.0,1746.5,268.6,710.8,2652.8,2531.0,1164.3,792.5,1013.0,162.2,724.8,1290.9,1645.9,627.6,6954.6,9414.2,2412.3,5514.0,3125.3,8212.4,5323.9,2924.1,5112.3,1513.6,4514.4,2902.1,7494.8,3524.9,1556.3,1104.3,497.7,1361.4,853.0,3243.5,2671.1,414.5,234.2,490.4,147.9,560.2,416.6,327.6,1171.4,2283.9,4824.7,1901.3,5760.9,3624.2,1271.7,583.9,2138.4,1180.3,1025.1,3821.6,759.8,1498.9,1112.3,4948.5,1395.9,2427.5,5474.9,2776.8,3524.9,452.5,1575.4,1064.7,2404.8,1846.8,1550.1,1196.8,2162.3,8483.1,6327.5,7352.0,3898.8,7877.2,5593.9,1470.4,5215.9,1411.2,3840.6,2270.4,6598.0,3051.2,942.5,1578.6,1572.2,3747.4,1507.7,3693.6,2218.2,406.2,413.9,600.7,330.6,1974.3,453.2,470.4,206.5,119.4,380.4,95.5,517.4,199.0,431.2,320.7,225.0,344.1,177.5,1269.6,139.4,732.4,1233.1,712.8,472.1,865.4,3840.6,632.7,2257.2,225.5,187.6,170.4,487.6,661.4,192.7,526.5,3624.2,1969.3,2757.0,5553.7,2015.5,2935.2,5045.5,850.1,529.1,304.5,723.4,461.4,1896.7,1528.6,923.4,1040.3,1349.5,2727.7,1176.7,3879.2,1528.6
20260919_富山_7R,20260919,46,富山,7,286.6,416.5,54.8,524.7,68.9,421.9,49.8,624.9,646.6,561.5,1819.4,373.2,1671.1,303.1,591.5,404.7,467.0,2374.5,275.2,1482.5,225.4,30.0,207.4,230.1,414.7,30.2,280.8,23.2,1319.6,2096.2,2702.8,1309.3,843.9,1221.8,575.7,34.3,128.3,118.7,25.5,226.1,152.7,8.1,818.5,1629.0,1677.8,696.4,745.2,402.0,328.2,19.4,78.7,84.5,17.0,148.0,10.8,109.7,553.3,770.4,96.3,871.0,176.2,774.7,141.5,1548.0,2602.4,1058.6,2610.5,3067.8,4080.5,2524.3,1391.7,1616.5,829.8,4722.4,3389.5,4060.8,3056.7,49.9,167.1,210.1,264.5,118.4,235.4,99.1,2970.3,4915.7,7309.5,1705.0,5188.8,2918.7,4519.3,375.7,2011.0,2020.6,387.3,3012.9,2096.2,724.6,1773.4,3638.9,3909.7,1037.7,1456.8,3023.7,2322.1,318.7,1574.1,2101.5,353.4,2422.4,724.0,2106.7,1996.6,2091.0,1506.4,5063.8,1436.9,5033.5,1366.8,2278.0,3623.2,2015.8,5063.8,3296.4,6226.6,4288.7,1321.7,1754.9,1769.6,4100.4,2303.0,3136.5,2991.4,2212.1,2128.1,3309.4,8082.7,3079.1,4831.0,4332.9,7005.0,6618.9,9340.0,9552.2,9999.9,7005.0,8161.1,2247.5,4267.0,3654.7,3196.2,8848.4,5566.8,4447.6,5494.1,7930.2,8161.1,6180.8,5641.6,6724.8,8665.9,2080.6,5125.6,6671.4,4915.7,9889.4,5286.8,7246.5,1110.4,650.1,1076.3,3638.9,670.8,3258.1,511.6,1648.2,1525.5,1498.3,6416.8,4080.5,5797.2,3561.8,553.3,902.9,946.6,2284.2,1394.0,2194.7,1297.2,1338.5,979.7,1241.6,5641.6,2980.8,3965.1,2849.4,7438.9,9999.9,5221.1,8848.4,9999.9,3577.0,9999.9,1355.8,4495.1,2177.7,4120.5,9999.9,7123.7,4332.9,5188.8,6004.2,4245.4,5604.0,3233.0,8665.9,8942.5,2060.2,5286.8,3101.8,5530.2,9999.9,5679.7,9889.4,33.7,234.9,240.9,468.8,52.8,351.4,37.1,23.7,94.5,97.9,157.5,61.7,142.0,58.6,793.7,533.7,1021.3,2908.6,1729.6,2594.4,1553.7,584.5,413.2,586.1,2939.1,1353.6,2555.0,1525.5,1234.3,805.1,2765.1,3309.4,2849.4,1503.7,1872.1,119.8,120.1,756.6,899.0,1410.4,863.9,272.1,743.8,566.4,2144.3,2259.6,905.8,1498.3,1528.3,151.4,197.4,732.2,880.2,1151.5,342.2,997.1,3736.0,6273.1,8942.5,3752.6,3375.9,2970.3,2223.8,3928.0,4161.3,9774.4,3233.0,7246.5,3719.4,6320.3,8665.9,7063.8,7246.5,9999.9,9999.9,8082.7,9999.9,9999.9,9999.9,9889.4,9999.9,9999.9,6416.8,9999.9,4022.0,2868.9,9999.9,9999.9,9444.9,4120.5,7246.5,4696.0,9999.9,9999.9,9999.9,9999.9,6567.1,9237.3,1553.7,1884.7,3531.9,3233.0,2472.3,2422.4,3258.1,5125.6,8942.5,9999.9,9999.9,9889.4,9999.9,7641.8,87.8,284.7,264.1,65.4,560.0,380.1,23.2,347.2,1190.6,1498.3,386.6,2315.7,1477.3,635.8,1439.3,2322.1,2206.3,2443.6,5458.4,4519.3,2539.5,1156.2,2802.0,1065.4,2643.4,6724.8,5157.0,2747.0,209.5,172.0,1153.0,1485.1,2122.7,1295.2,466.4,2539.5,4749.1,5757.5,9237.3,4749.1,3148.3,5157.0,1446.8,2610.5,4447.6,4973.9,2241.6,1410.4,2374.5,185.3,578.5,1110.4,1237.9,592.3,1982.5,1446.8,1722.5,3965.1,4080.5,1391.7,1439.3,1104.6,849.0,2070.4,5604.0,6091.3,1687.9,2539.5,4002.8,3362.4,6135.7,7641.8,6180.8,6226.6,6567.1,9662.0,8665.9,5919.7,6047.4,5423.2,5837.5,4080.5,9038.7,9999.9,1982.5,1347.1,5188.8,5566.8,2172.0,3309.4,3283.5,957.4,1271.7,2296.7,2253.6,1459.3,1733.1,2001.4,1932.4,4140.8,7123.7,8942.5,2830.3,3012.9,3838.3,2006.2,4495.1,6368.1,9999.9,4858.9,5033.5,4447.6,156.5,422.6,507.9,158.5,743.8,131.7,602.5,369.0,1839.3,2677.0,527.6,3283.5,986.6,2651.7,1568.2,3928.0,5458.4,4100.4,9774.4,4378.1,7572.9,2223.8,5253.7,4543.7,5094.5,9999.9,5566.8,9999.9,310.2,491.5,2562.8,2878.7,3855.9,843.1,3101.8,4080.5,7856.0,8082.7,9999.9,7184.6,8848.4,7711.9,241.8,917.6,1996.6,2271.8,876.5,3245.5,2586.4,2253.6,5063.8,7572.9,9999.9,4593.4,4644.2,5458.4
20260919_富山_8R,20260919,46,富山,8,27.6,75.5,38.8,40.7,41.1,155.8,97.5,36.5,131.3,56.0,324.2,26.4,297.8,290.0,64.0,117.1,108.1,448.9,94.1,296.2,419.3,54.5,67.5,127.7,355.7,75.8,68.5,341.6,396.4,1038.1,1056.6,881.0,1062.9,1887.1,2010.6,46.2,30.9,97.2,60.3,372.3,251.0,289.3,378.3,724.7,764.5,261.8,1709.6,698.0,1418.3,161.8,614.7,956.7,625.9,1383.1,674.2,1462.6,55.0,151.5,70.2,47.2,83.8,252.8,167.5,93.5,497.8,189.3,159.4,135.6,576.1,448.5,414.2,946.5,848.3,343.2,849.1,1378.8,1292.7,135.7,217.5,492.6,134.0,261.9,183.7,480.6,69.8,128.9,176.5,101.5,147.3,234.8,259.0,148.3,196.1,520.2,233.1,201.0,800.2,427.6,741.6,1150.8,2038.2,489.1,655.9,1554.5,2100.7,258.7,444.9,841.8,393.0,187.2,445.1,1172.0,88.5,324.9,140.8,782.7,67.7,699.1,655.4,118.0,671.2,260.9,311.9,167.8,780.6,626.3,919.2,1527.8,1703.1,4521.4,862.2,4282.3,4498.6,281.4,404.3,1153.7,1613.6,250.9,625.5,1497.0,2146.3,1434.3,4712.8,3298.9,2136.0,4921.1,4201.5,61.9,93.6,295.6,114.5,679.4,499.0,538.5,1879.1,2930.0,5464.5,1368.2,7125.8,1502.0,5567.0,1709.6,1565.4,4615.1,2707.3,4498.6,1497.0,5301.9,247.5,374.7,342.4,1366.1,307.4,913.5,1244.0,530.1,1290.9,1221.8,1120.4,1176.6,2495.0,2177.8,1045.4,1646.4,2407.3,6647.2,1149.3,6185.6,5567.0,894.3,1307.9,1966.2,4261.8,1799.4,1502.0,4453.6,4737.9,3889.6,9278.4,7301.0,7882.5,7125.8,9999.9,686.2,1143.4,1161.3,1576.5,4894.1,3493.0,3774.2,3215.6,5060.9,7613.0,2959.2,9999.9,7013.6,9999.9,3520.6,3635.6,8907.2,8247.4,9999.9,7183.3,9999.9,118.4,158.0,285.5,766.5,169.2,130.5,636.2,151.8,292.2,605.1,210.7,295.9,187.0,578.3,264.2,376.6,1147.8,1936.3,300.3,606.3,1674.3,728.9,983.1,1455.4,2809.8,1265.2,1022.6,3136.3,2723.9,1674.3,4387.8,5178.6,3680.6,2766.2,5431.2,232.6,317.4,256.2,682.5,1462.6,453.5,986.4,159.4,173.8,351.3,523.6,869.8,374.0,863.1,1743.1,1263.4,2740.7,4591.3,5464.5,2650.9,2474.2,1055.3,3439.1,4615.1,3452.4,3425.8,8247.4,6697.2,493.2,788.2,841.1,878.4,940.5,1383.1,1696.6,4498.6,1777.9,7813.4,8997.2,5365.8,9999.9,9999.9,6597.9,2801.0,9999.9,8647.8,9999.9,9999.9,9999.9,6454.5,2453.7,9999.9,8907.2,7613.0,6454.5,9999.9,4303.0,2420.4,4921.1,9577.7,6851.7,9999.9,9999.9,9999.9,4323.9,9999.9,9999.9,9681.8,9999.9,9999.9,8324.5,3158.6,9999.9,9999.9,9999.9,9999.9,9999.9,61.2,46.5,121.1,78.4,500.9,322.1,374.8,103.5,112.2,313.3,162.0,201.8,558.4,324.6,41.2,60.5,157.4,72.9,567.3,320.8,305.0,336.6,448.0,371.9,645.4,1992.6,1607.8,1975.0,123.3,162.8,127.5,361.0,1061.6,270.8,619.4,1445.9,1208.5,1655.6,3215.6,2474.2,3872.7,5089.8,1220.1,1487.0,1200.4,2845.7,978.8,4639.2,3336.0,899.7,500.6,930.7,2400.8,1409.3,4104.7,2959.2,2289.7,2864.0,3136.3,923.0,6362.3,2801.0,5602.0,2699.1,4012.2,6408.1,1749.9,4162.2,4763.2,5004.0,3562.9,5239.5,7422.7,2375.2,9999.9,3439.1,9788.2,4261.8,8247.4,9999.9,3386.8,9999.9,8024.5,9999.9,636.2,680.9,1027.3,1502.0,2523.3,1208.5,2325.6,9999.9,8403.1,9999.9,9999.9,7485.1,9999.9,9999.9,3227.2,4639.2,3311.2,7613.0,2151.5,9999.9,8483.1,6799.4,7069.2,9788.2,9999.9,7125.8,9999.9,9999.9,987.5,2260.7,2260.7,2375.2,5365.8,2095.8,4639.2,762.6,1289.0,2699.1,1359.8,779.2,1268.8,3452.4,2427.0,2901.3,8097.5,4921.1,9577.7,3215.6,9681.8,4948.4,5431.2,9681.8,9577.7,9999.9,8403.1,9999.9,3250.8,2516.1,5333.7,9182.7,9999.9,4567.8,5060.9,8097.5,2658.8,9999.9,9999.9,9999.9,9999.9,9999.9,1706.3,1389.5,3103.5,7613.0,3872.7,9999.9,7301.0,7678.7,6904.8,9999.9,9999.9,6454.5,9999.9,9999.9
20260919_富山_9R,20260919,46,富山,9,119.3,41.4,185.5,228.4,107.4,351.7,81.8,162.3,243.4,423.3,412.1,263.0,624.1,125.8,69.1,272.7,229.7,209.7,128.8,363.2,150.2,332.3,582.9,308.7,422.0,219.1,303.9,336.8,295.9,447.9,231.4,380.0,74.6,704.2,255.2,236.0,436.4,191.5,261.6,156.0,528.4,241.1,586.3,1009.0,472.3,184.7,923.6,487.5,558.1,64.5,52.9,82.4,144.9,125.8,83.2,210.6,156.5,66.3,251.6,338.6,148.0,463.9,109.7,310.4,401.1,1312.9,1204.0,871.8,1875.6,423.3,44.4,148.4,128.6,142.2,105.0,231.8,95.5,673.7,1413.9,534.6,1799.1,887.2,1159.7,1024.9,1038.4,2171.0,745.6,2326.7,770.7,3700.9,2012.5,469.1,1239.1,489.3,1032.6,893.0,2027.3,702.9,1441.6,2663.9,1197.4,1720.5,4193.4,2625.9,2016.2,124.3,198.6,169.9,526.9,790.0,345.0,790.5,336.9,529.7,770.1,915.2,455.3,1184.6,228.2,479.3,608.9,1828.9,2461.7,1551.1,2467.3,560.4,1119.6,1022.1,2933.2,3938.8,2053.7,4146.1,1371.7,1527.5,2956.7,3512.3,3362.4,1875.6,1586.8,1551.1,1396.0,2445.4,4359.2,4069.6,881.6,5406.2,1688.9,1038.4,1696.7,2450.8,2023.6,1517.0,3321.9,1175.7,1655.9,3352.2,4099.9,1112.9,3777.0,3063.5,1447.3,133.6,240.5,415.5,464.1,623.4,334.5,641.5,99.2,316.9,369.8,436.0,230.9,843.8,328.1,59.6,191.3,167.1,180.9,141.6,304.6,150.8,742.6,564.1,2676.9,3151.0,1717.8,3803.0,1314.5,1275.0,847.0,2835.1,2288.1,1408.5,2137.3,2192.6,922.1,782.7,3725.9,2120.9,657.6,3342.0,2179.6,834.2,682.9,2246.2,1436.0,1091.9,2820.6,1482.3,2366.7,1462.7,5626.9,2038.6,5202.2,3311.9,4945.6,422.2,346.2,865.0,1399.5,1517.0,839.3,2392.3,994.4,1468.5,1096.3,2736.6,975.1,963.2,1187.1,1132.3,2392.3,1152.4,4193.4,1617.1,1972.9,1938.2,2038.6,4069.6,5542.1,5082.4,3282.3,2397.5,2351.5,2196.9,1767.4,5177.8,4025.1,2689.9,3196.7,3764.1,4039.8,5655.8,7934.4,4633.9,1928.1,4209.4,5804.6,1983.6,2434.6,4308.1,2535.3,2016.2,2292.8,2478.3,824.2,1586.8,1941.6,1969.4,2601.1,1458.8,1423.0,1327.1,1941.6,1655.9,2872.0,4967.9,2214.6,1918.0,1052.3,1115.1,860.9,1658.4,245.4,3063.5,972.5,1641.1,2820.6,1462.7,3981.5,1419.4,6161.3,3523.5,1498.4,2736.6,4774.3,6161.3,1380.3,7161.5,2440.0,1468.5,1648.5,6195.9,3639.8,946.6,6161.3,3557.6,3639.8,5129.6,7934.4,4161.8,1707.2,5774.2,6302.1,277.3,630.9,971.7,479.5,647.2,1368.3,623.0,6412.1,8966.5,9674.4,8823.0,4880.0,3651.9,7934.4,1086.5,2361.6,1460.7,2588.9,3055.0,697.5,2887.1,718.0,1236.4,996.2,1421.2,655.3,2483.9,886.5,823.0,2210.1,1095.2,2061.4,1533.9,2440.0,1333.5,1494.4,2450.8,4115.2,4010.4,2489.5,5202.2,1704.6,1512.8,1598.3,4054.7,3038.2,1962.4,6161.3,2183.9,2237.0,2778.0,3282.3,2472.8,2361.6,2988.8,2771.0,461.4,978.6,1538.1,890.8,1081.2,2065.3,1002.6,4614.5,5929.4,6807.9,7115.3,3253.3,5251.8,4325.0,816.9,1189.7,1103.9,1648.5,1948.5,1464.6,2778.0,1980.0,2601.1,2341.5,772.3,3938.8,2326.7,1941.6,2049.9,4146.1,2625.9,2402.7,4967.9,4557.3,3512.3,2158.2,4161.8,6266.3,2092.7,4099.9,4733.4,2166.7,3468.1,3151.0,8292.3,2792.1,6487.5,5406.2,6230.9,644.9,1504.6,1941.6,1259.0,1767.4,926.0,1462.7,5961.5,7934.4,9590.3,7352.5,4115.2,3829.4,7712.4,3869.7,5276.9,5714.4,5598.3,2376.9,4633.9,4258.2,1691.5,2632.1,1476.4,4614.5,1819.9,3302.0,2321.8,23.0,19.0,40.4,68.6,50.2,38.3,105.4,39.0,50.3,53.9,179.9,283.0,115.5,330.6,22.3,36.6,89.1,92.8,128.4,58.2,158.8,107.0,115.1,194.4,343.4,344.0,224.4,623.0,210.3,367.0,252.1,417.7,499.0,296.2,386.2,114.0,352.2,223.4,243.1,360.1,73.1,707.4,114.3,208.9,145.1,248.3,277.2,163.8,573.5,323.9,600.6,358.8,634.2,189.4,815.1,588.5
20260919_富山_10R,20260919,46,富山,10,740.6,1462.4,2556.2,1507.6,525.8,1144.3,745.8,646.8,1474.3,2054.9,2068.3,332.9,675.8,417.6,2138.1,2058.3,4784.5,4695.9,980.6,4528.2,1269.1,3293.2,3193.7,5175.1,2189.8,2145.3,6535.6,1903.7,2577.0,2914.7,5051.4,2842.8,2272.2,5133.2,2152.6,159.3,176.9,418.0,603.1,558.3,639.3,67.9,3436.0,2641.4,6308.0,8684.3,7329.0,2941.8,2433.6,383.0,295.4,653.9,807.5,930.2,89.5,946.9,1929.8,2888.1,4820.9,3987.1,994.4,3901.2,1261.6,1760.9,1718.0,2830.1,1867.3,2018.9,937.8,921.4,2703.4,1701.9,3436.0,3107.6,2774.4,2969.3,1582.9,6371.4,3853.8,4839.3,2264.1,4312.6,5789.5,3018.8,4226.3,1981.1,3633.0,2123.8,3853.8,3047.8,2500.8,874.4,1987.3,2888.1,2868.5,3653.9,3473.7,761.0,4661.4,1853.6,4240.5,7123.1,4560.8,5488.8,3784.8,816.4,704.7,1266.6,1760.9,1650.9,610.7,1944.6,441.7,898.5,1103.4,1247.9,237.3,356.8,269.4,603.4,620.0,852.0,473.8,602.3,228.9,333.4,846.4,587.8,1097.7,986.7,713.1,330.6,407.6,1228.6,969.3,1291.1,519.2,829.2,613.4,545.8,999.1,390.6,841.3,491.0,866.0,314.6,331.1,161.9,371.4,549.5,611.3,797.4,226.0,109.6,178.6,66.7,153.2,308.6,152.2,153.8,79.9,119.1,123.2,194.6,190.4,159.8,74.2,66.3,1305.7,1279.4,3138.4,2744.4,777.8,2855.6,914.8,1094.9,632.0,1718.0,1105.4,1269.1,1063.6,809.1,930.9,556.8,1266.6,1148.4,863.7,357.5,447.5,3830.5,2244.1,1915.2,1109.2,2983.3,4226.3,1674.9,3226.2,1493.4,1690.5,1432.6,3354.2,1821.7,1683.8,527.6,1116.1,928.1,2220.5,2205.0,2240.1,460.0,3541.6,1878.3,1188.3,4644.3,3541.6,3853.8,2405.9,544.8,520.4,408.4,973.8,982.1,320.4,1160.0,4402.4,3865.6,4593.9,2928.2,2556.2,7684.3,2092.2,4198.4,2641.4,3454.8,1411.9,3301.8,3999.7,2244.1,2330.7,1785.7,2201.2,987.4,1548.1,1313.9,860.1,5685.7,3718.2,2798.9,1826.9,4254.7,5897.2,2603.5,1312.5,458.2,523.2,996.0,967.8,1173.9,354.3,1513.0,3177.7,1798.4,3842.1,1722.7,4857.9,824.3,9121.7,5763.2,3454.8,6966.5,4496.1,7731.2,4820.9,1030.8,705.1,422.0,1158.9,243.7,507.5,1611.0,4103.2,4226.3,8509.5,4312.6,4298.0,8866.5,3473.7,3319.1,756.5,2658.1,1181.6,3011.6,2009.3,1397.9,2868.5,713.5,1990.4,1198.4,2592.8,752.0,541.8,7245.2,3571.5,2908.0,2352.3,6154.9,2768.3,3242.7,1903.7,531.1,594.4,1207.5,1474.3,1790.8,498.3,2836.5,3718.2,3234.4,6215.2,3092.4,6468.9,1594.8,9999.9,3399.2,1200.6,6371.4,4610.6,9121.7,3571.5,1440.8,906.9,450.0,1575.0,524.3,867.8,2025.4,64.5,62.9,196.5,232.4,249.0,293.4,23.8,197.1,403.5,1241.8,1419.8,1109.2,909.5,248.6,119.9,315.0,623.0,676.2,929.5,253.2,102.0,493.1,1476.0,1078.1,2658.1,2744.4,3177.7,483.3,752.4,1584.8,892.8,2438.3,903.7,2836.5,513.1,924.1,1309.8,1209.8,3154.0,1283.3,2387.7,723.6,1247.9,2145.3,1201.8,4025.1,5196.3,3853.8,924.1,12.2,64.9,41.0,137.8,141.6,125.1,209.7,5924.8,3937.6,8684.3,9999.9,9999.9,5196.3,4766.6,6744.2,1773.3,5488.8,7826.6,6009.0,6569.5,4130.0,1474.3,537.2,896.6,1623.4,1259.1,1264.1,537.0,7286.8,5897.2,2476.4,8866.5,8684.3,9999.9,5512.6,9999.9,8452.7,5112.5,8567.0,8127.6,9999.9,8233.2,9999.9,7005.0,4512.1,8509.5,7778.6,9999.9,6066.5,3653.9,5071.6,2652.5,8567.0,6816.7,9828.8,1926.9,3226.2,2997.4,727.4,3464.2,4766.6,4593.9,1625.5,142.2,92.7,248.4,265.9,371.6,32.2,351.5,187.8,122.1,249.7,244.0,190.2,160.6,312.0,59.1,59.7,95.0,79.7,88.9,43.8,37.2,328.6,247.3,169.6,362.9,361.8,236.1,471.5,249.5,161.5,97.4,247.1,52.1,171.9,362.6,363.6,138.8,117.5,282.2,76.4,275.0,317.8,9.9,47.1,24.5,79.9,80.2,85.3,125.3,606.6,413.2,172.4,667.3,741.0,542.5,410.5
20260919_富山_11R,20260919,46,富山,11,112.3,408.6,150.1,733.3,57.6,702.4,165.0,68.7,170.5,48.4,303.1,38.9,307.0,24.8,339.2,231.7,215.2,179.8,195.5,560.2,253.1,89.2,48.7,156.7,421.7,50.3,61.6,77.8,1476.5,928.0,727.3,1136.3,1074.0,2245.8,1204.1,23.5,30.7,148.6,39.9,344.7,322.6,46.7,1469.9,1064.5,1768.6,397.3,2373.9,953.3,1115.4,151.4,34.3,297.4,121.3,660.6,88.0,582.3,331.6,1166.2,441.5,1759.3,133.5,1941.4,480.7,464.6,2690.5,1447.6,3178.5,601.8,2328.3,817.0,2141.1,3762.1,3689.2,3871.5,1716.2,7046.5,4296.1,717.9,1384.4,2966.1,4085.2,549.6,1990.7,1644.2,4072.8,5370.1,6223.3,6900.5,3423.6,9512.9,7317.6,92.5,208.6,499.5,195.6,962.2,847.7,259.2,3987.4,3337.8,9999.9,4439.3,9999.9,3504.7,3432.4,804.2,920.3,4282.3,2169.0,6528.4,777.4,3312.9,169.2,436.0,126.4,700.5,97.7,726.9,59.4,357.7,2324.2,924.2,2227.1,495.4,2036.4,453.6,1075.7,2745.9,1996.7,2632.0,1814.4,4878.4,1025.2,220.3,628.2,1347.9,2110.6,324.9,869.3,244.2,1889.0,4807.9,4338.1,3838.0,4011.4,6402.9,1852.3,147.6,316.1,1140.2,311.6,1975.9,1768.6,189.1,2144.6,2845.7,5972.2,2531.9,9512.9,3827.0,1251.6,67.3,239.0,407.2,151.1,603.9,154.8,572.0,885.5,576.7,541.6,534.6,469.4,1380.1,677.0,1557.6,2864.1,2851.8,3570.5,1458.7,5999.1,3380.2,896.2,2353.0,1750.0,2268.8,1620.2,4338.1,821.0,849.3,2230.8,1574.2,1681.5,1527.3,1249.3,1809.5,608.9,2658.2,1919.0,1468.3,1816.9,2616.5,2058.4,633.8,750.3,1461.9,1455.5,1894.4,4011.4,1797.3,3013.1,7121.9,5526.1,3163.4,4352.3,6936.4,5740.5,1144.1,2959.5,783.8,2264.9,2280.4,2361.3,4529.9,158.2,88.9,272.3,603.7,83.9,98.9,134.4,372.8,667.2,1709.6,2663.6,396.6,885.5,726.5,151.6,410.5,879.6,1269.5,259.9,445.8,199.6,639.0,1881.0,1334.4,1410.8,1285.5,995.3,1461.9,1857.4,4689.4,3805.1,2992.8,3406.1,3256.2,3741.0,111.6,206.8,229.3,633.8,1442.9,347.0,257.1,153.2,560.0,381.7,692.5,1352.0,357.4,461.6,313.6,857.5,267.6,1518.5,2194.0,471.4,646.8,3871.5,2541.6,2308.1,3216.9,3380.2,7277.6,3730.5,7046.5,7238.0,9581.3,9999.9,7567.0,9999.9,9999.9,3082.8,6311.8,5435.9,7198.9,7567.0,9999.9,4227.9,2042.6,5503.3,4439.3,4161.8,4268.6,5667.2,5413.8,4592.4,9999.9,9999.9,6252.6,9445.4,9999.9,9999.9,4545.4,6692.4,9792.6,6659.0,9378.9,9999.9,9999.9,9999.9,9999.9,9999.9,9999.9,9999.9,9999.9,9999.9,6053.6,9999.9,5815.7,9999.9,9999.9,9999.9,9999.9,30.0,39.1,186.3,46.9,425.0,412.4,59.6,29.6,59.7,205.9,67.3,478.7,374.5,86.7,70.9,114.6,510.8,134.5,905.9,881.9,100.5,403.2,511.8,848.2,813.5,1196.5,2517.5,969.2,84.6,134.2,142.3,518.6,979.2,357.4,186.3,1341.1,1932.9,2561.1,2395.3,2169.0,5503.3,2933.4,1350.7,1606.5,2591.0,4790.6,1318.6,5526.1,1692.2,126.6,189.6,124.0,799.8,246.0,1564.9,1333.1,4969.4,4338.1,6496.6,1628.1,8592.3,4310.0,5162.0,7009.5,4454.2,9999.9,6341.9,9999.9,7121.9,4722.7,5222.7,4324.0,9999.9,4842.9,9999.9,8376.1,3371.6,9512.9,9999.9,9999.9,7482.0,9999.9,9999.9,9999.9,1216.2,3075.7,2328.3,4324.0,5919.1,2336.5,3082.8,9999.9,9999.9,9999.9,9999.9,9999.9,9999.9,9999.9,4932.6,6282.1,7698.3,9999.9,3794.3,9999.9,9512.9,5866.9,5102.7,3495.5,9999.9,7046.5,9999.9,9999.9,307.2,89.8,747.7,274.3,1228.6,180.1,1280.5,567.9,507.1,2208.6,1325.1,4110.5,638.1,2596.1,53.7,163.3,301.0,113.7,457.1,111.9,463.5,1236.5,2576.0,879.6,2395.3,2100.6,2117.3,4914.4,426.7,1222.9,372.9,1993.7,2966.1,592.4,1263.5,2986.1,6496.6,2992.8,4706.0,4756.4,5919.1,8120.7,211.4,340.7,232.5,1450.7,454.0,2979.4,2566.1,3047.6,3628.9,2308.1,8998.6,3363.1,9999.9,5025.6
20260919_富山_12R,20260919,46,富山,12,179.8,679.2,311.9,2086.5,354.7,218.9,641.6,72.6,85.0,61.6,293.1,31.5,25.5,66.9,575.6,184.3,495.2,464.0,291.2,216.6,305.0,152.5,100.0,390.7,1231.5,166.1,136.3,299.9,2631.7,648.1,1036.0,3014.2,1426.0,922.4,2444.4,123.6,27.7,119.3,102.1,529.9,31.5,83.6,111.1,29.7,149.1,114.5,405.5,64.9,221.6,415.7,94.2,204.0,282.1,1054.8,149.7,203.6,402.7,1478.4,632.3,4364.3,933.5,840.6,1622.6,360.1,820.8,242.9,2205.1,970.7,1055.3,840.9,2012.3,1320.0,1735.6,3198.3,4382.6,5739.4,2304.6,287.3,156.5,482.9,1323.3,770.1,980.2,625.7,8839.2,4676.1,6936.7,6567.0,9999.9,9999.9,9565.7,1300.3,1530.2,3822.8,1821.6,8280.2,4355.2,3781.4,3036.0,2485.0,7758.8,3319.9,9999.9,7149.8,8026.4,1775.3,1275.0,2016.2,1570.3,6587.7,2954.7,5968.3,102.4,127.8,79.0,442.9,44.8,54.4,88.1,201.1,416.7,149.8,1266.5,517.3,481.8,436.4,238.7,473.7,346.4,466.2,525.8,785.4,200.4,110.1,102.7,245.0,871.4,251.3,391.4,227.2,918.8,1943.3,959.2,2228.6,3203.2,2086.5,1766.3,102.4,514.0,481.0,339.5,1652.1,592.6,332.5,345.8,795.9,1036.0,897.9,2177.6,1071.5,1468.0,120.3,350.1,158.0,231.1,784.9,266.3,718.1,707.4,238.1,610.5,453.0,416.1,485.1,299.0,1173.6,797.1,1286.0,1320.0,2131.1,2774.7,998.9,212.7,405.2,301.9,301.6,458.8,920.4,147.0,631.9,656.9,383.6,755.4,1170.3,2090.7,486.0,381.9,829.6,287.5,654.6,813.2,1095.0,236.2,454.0,2139.8,624.9,1667.9,1174.9,2834.7,578.8,1923.6,5527.4,2131.1,6037.1,3031.6,5868.0,2793.1,131.9,295.9,84.9,230.6,127.4,312.4,750.8,97.1,64.9,254.6,805.7,162.5,145.3,235.9,65.0,44.8,151.8,563.1,273.5,296.7,209.8,64.8,60.4,154.5,539.2,205.0,250.3,167.0,421.0,368.6,238.8,639.6,861.0,1218.6,392.5,2264.7,2380.5,1333.4,1639.2,3701.2,4826.9,3325.2,364.3,699.2,411.7,1215.8,3288.6,1764.8,826.3,1181.5,1589.4,918.0,2992.7,5819.1,2857.9,2984.1,367.6,459.5,265.8,422.1,1635.3,653.6,1467.0,5677.2,1834.4,2041.8,7077.3,5084.7,3169.2,5303.5,8802.0,5122.0,6692.9,9269.4,9999.9,9999.9,9999.9,1858.8,3720.9,1405.0,4505.1,6348.1,4485.8,2929.9,999.9,2573.5,760.9,2648.4,3150.2,3001.2,885.7,8952.5,9565.7,5484.0,5803.0,9999.9,9999.9,9999.9,7223.7,9999.9,8839.2,9029.7,9999.9,9999.9,9999.9,9999.9,8876.6,8413.2,9188.1,9999.9,9999.9,9999.9,3662.4,7376.4,2548.5,1289.1,8481.3,8839.2,9653.9,213.5,56.3,170.0,208.6,799.8,78.6,155.0,817.3,1043.2,2548.5,1502.7,6253.4,2551.6,2274.5,122.3,618.8,543.5,425.1,1877.1,683.4,348.2,476.6,2045.7,646.3,1543.7,1495.2,2778.3,777.3,537.9,1102.5,485.3,1405.9,4564.0,2026.0,1058.5,4091.5,9999.9,4164.8,5330.5,7965.3,9789.2,7787.7,764.5,3503.1,1405.0,3982.6,3258.0,7846.0,2661.8,295.5,1577.4,347.9,736.6,881.3,3417.4,1735.6,1455.8,482.1,1829.6,1471.1,4964.2,921.2,2433.0,5097.0,5084.7,9999.9,6019.8,9999.9,9999.9,9999.9,916.4,3330.5,3960.1,2745.6,7125.5,3384.3,3915.6,5835.3,9999.9,6019.8,9999.9,9999.9,9999.9,9999.9,3237.8,5330.5,3395.2,9999.9,9999.9,9522.2,9999.9,9999.9,9999.9,9881.5,9999.9,9999.9,9999.9,9999.9,1831.2,8876.6,3485.6,9999.9,7481.7,9999.9,7299.2,4148.3,9999.9,3915.6,9835.2,9999.9,9999.9,7965.3,390.6,80.8,149.5,248.8,858.5,142.0,245.3,873.2,584.0,852.6,867.4,2682.3,1688.0,2946.4,86.1,267.0,115.3,181.2,566.3,217.3,549.9,98.9,272.4,64.1,215.5,113.7,260.5,599.3,379.3,471.7,265.6,419.6,1671.9,698.2,1582.2,1674.5,3468.3,1152.9,628.9,3357.2,4438.3,4849.3,227.7,1265.0,294.2,567.7,728.4,2592.6,1332.6,1729.8,4849.3,1648.2,2720.6,4292.8,7149.8,3325.2
20260919_小松島_1R,20260919,73,小松島,1,162.6,33.9,70.8,142.8,,,,388.2,250.5,614.6,500.5,,,,27.2,52.7,60.4,35.5,,,,229.2,489.8,215.4,562.2,,,,110.4,147.8,66.7,222.1,,,,,,,,,,,,,,,,,,,,,,,,,223.7,40.0,92.8,304.7,,,,387.6,127.1,209.3,932.2,,,,16.7,23.1,5.8,84.5,,,,119.3,100.0,22.5,477.6,,,,716.5,1306.1,452.6,739.7,,,,,,,,,,,,,,,,,,,,,,,,,1145.1,750.8,1194.2,1424.9,,,,960.8,449.4,445.4,1830.5,,,,631.6,455.9,791.1,1567.3,,,,1791.3,915.2,1007.1,2559.0,,,,1857.6,2786.4,2143.4,2817.7,,,,,,,,,,,,,,,,,,,,,,,,,16.0,48.6,33.2,36.9,,,,9.2,19.6,4.5,54.0,,,,167.3,118.4,228.3,433.8,,,,96.7,42.8,140.2,256.9,,,,127.4,216.7,483.2,328.6,,,,,,,,,,,,,,,,,,,,,,,,,510.7,1188.5,387.6,1649.8,,,,370.4,321.1,102.4,1217.3,,,,1177.3,677.7,681.4,2143.4,,,,338.8,120.0,387.0,960.8,,,,2055.5,1273.0,2507.8,1617.9,,,,,,,,,,,,,,,,,,,,,,,,,498.5,861.7,327.8,957.1,,,,1124.5,1959.2,939.2,1292.6,,,,2161.9,2817.7,2199.8,3021.4,,,,456.7,889.3,1058.1,1475.1,,,,2259.3,2725.8,2985.5,2365.8,,,,,,,,,,,,,,,,,,,,,,,,,,,,,,,,,,,,,,,,,,,,,,,,,,,,,,,,,,,,,,,,,,,,,,,,,,,,,,,,,,,,,,,,,,,,,,,,,,,,,,,,,,,,,,,,,,,,,,,,,,,,,,,,,,,,,,,,,,,,,,,,,,,,,,,,,,,,,,,,,,,,,,,,,,,,,,,,,,,,,,,,,,,,,,,,
20260919_小松島_2R,20260919,73,小松島,2,17.8,18.3,4.8,22.5,,,,77.1,98.8,111.8,294.2,,,,19.0,30.4,36.9,120.1,,,,16.1,82.3,42.1,116.6,,,,219.6,558.2,490.7,429.6,,,,,,,,,,,,,,,,,,,,,,,,,57.5,51.6,19.5,44.7,,,,137.5,273.1,100.4,152.4,,,,191.7,387.9,216.4,283.7,,,,15.9,31.9,56.6,9.2,,,,76.1,112.1,189.7,33.0,,,,,,,,,,,,,,,,,,,,,,,,,343.1,422.5,429.6,906.5,,,,441.5,765.4,392.7,539.3,,,,632.8,1022.6,1352.6,1670.9,,,,712.1,587.7,1271.9,1297.7,,,,1739.1,1223.2,2345.5,1800.4,,,,,,,,,,,,,,,,,,,,,,,,,130.8,154.8,268.2,485.1,,,,336.3,835.4,563.1,765.4,,,,468.2,953.9,1271.9,1839.2,,,,556.9,722.2,1211.6,1549.4,,,,1866.1,1704.4,2840.6,2582.4,,,,,,,,,,,,,,,,,,,,,,,,,43.1,238.9,102.0,222.3,,,,19.7,106.6,83.6,20.4,,,,485.1,413.0,943.3,950.4,,,,422.5,527.1,852.2,1284.7,,,,751.9,229.0,860.8,1367.1,,,,,,,,,,,,,,,,,,,,,,,,,906.5,1936.8,2185.1,1670.9,,,,510.2,602.9,972.0,232.8,,,,2223.1,1022.6,2242.6,1852.6,,,,3117.8,2078.5,3156.2,3277.6,,,,1540.1,400.0,1367.1,2303.2,,,,,,,,,,,,,,,,,,,,,,,,,,,,,,,,,,,,,,,,,,,,,,,,,,,,,,,,,,,,,,,,,,,,,,,,,,,,,,,,,,,,,,,,,,,,,,,,,,,,,,,,,,,,,,,,,,,,,,,,,,,,,,,,,,,,,,,,,,,,,,,,,,,,,,,,,,,,,,,,,,,,,,,,,,,,,,,,,,,,,,,,,,,,,,,,
20260919_小松島_3R,20260919,73,小松島,3,485.0,906.7,280.1,854.4,435.5,,,322.4,137.3,31.3,416.7,275.2,,,1234.1,406.8,313.7,1322.3,1047.8,,,68.0,5.1,32.4,109.4,55.7,,,1000.6,768.6,1241.0,381.6,1306.7,,,241.2,327.6,712.0,175.8,910.4,,,,,,,,,,,,,,,,,1598.1,3085.3,793.3,3365.8,1511.2,,,1791.5,3765.2,1330.2,4355.8,3085.3,,,3641.7,4533.6,3219.5,4191.4,3641.7,,,545.8,910.4,2363.2,2644.6,1181.6,,,4191.4,4726.5,5553.6,3173.5,1490.9,,,1116.3,1682.9,2177.9,638.3,1200.7,,,,,,,,,,,,,,,,,552.6,311.1,59.4,733.1,771.3,,,1586.7,2709.1,1234.1,3641.7,2314.0,,,632.8,2363.2,417.5,2314.0,2742.5,,,33.9,372.7,167.5,444.2,486.0,,,2001.3,3583.0,3702.4,1451.9,5048.7,,,1553.4,2095.7,2496.0,1019.0,3641.7,,,,,,,,,,,,,,,,,2811.9,1371.2,899.3,2290.1,2885.0,,,3128.8,4936.6,4191.4,5048.7,5696.0,,,1306.7,3897.3,1038.0,4829.2,5166.2,,,714.2,3765.2,844.6,3417.6,3897.3,,,4829.2,7166.0,6533.7,5166.2,7404.9,,,3471.0,5048.7,4829.2,4628.0,6942.0,,,,,,,,,,,,,,,,,44.7,2.0,21.9,66.8,49.3,,,227.1,329.1,721.2,1291.5,491.4,,,7.4,130.0,52.2,167.9,167.6,,,141.3,929.4,173.9,536.5,1094.3,,,226.6,1511.2,273.5,1099.7,1442.5,,,192.8,356.5,250.1,617.0,1014.3,,,,,,,,,,,,,,,,,3128.8,1882.6,1898.6,847.8,3266.8,,,4829.2,3897.3,5696.0,3641.7,2676.4,,,2177.9,4533.6,4113.8,1670.2,6003.9,,,4442.9,5166.2,4628.0,4726.5,6731.7,,,320.5,2243.9,353.7,1598.1,3085.3,,,4533.6,2221.4,6347.0,5166.2,4829.2,,,,,,,,,,,,,,,,,473.6,844.6,1633.4,354.3,1965.9,,,552.6,1145.0,1866.7,624.0,1110.7,,,1521.5,2363.2,3128.8,1248.0,5418.2,,,4829.2,6533.7,4272.0,4829.2,6731.7,,,364.1,705.2,506.0,1461.4,2266.8,,,3830.1,2676.4,5553.6,5553.6,3583.0,,,,,,,,,,,,,,,,,,,,,,,,,,,,,,,,,,,,,,,,,,,,,,,,,,,,,,,,,,,,,,,,,,,,,,,,,,,,,,,,,,,,,,,,,,,,,,,,,,,,,,,,,,,,,,,,,,,,,,,,,,,,,,,,
20260919_小松島_4R,20260919,73,小松島,4,240.3,154.8,317.5,201.6,255.1,,,510.2,751.3,459.0,1010.5,421.2,,,256.6,684.3,1026.5,646.9,734.4,,,1104.8,1068.5,1570.6,1738.2,1715.3,,,321.4,699.0,457.4,838.3,708.5,,,379.5,326.7,642.2,646.9,566.8,,,,,,,,,,,,,,,,,158.8,105.2,244.8,150.9,166.3,,,139.5,25.8,31.8,288.1,23.1,,,58.6,13.1,35.8,89.2,19.0,,,550.0,105.9,134.8,613.4,200.7,,,512.2,651.8,364.1,860.5,680.7,,,129.1,28.8,36.8,75.1,275.0,,,,,,,,,,,,,,,,,563.1,689.7,422.5,958.5,414.5,,,259.9,46.8,50.9,385.1,29.0,,,356.6,72.1,114.3,555.9,57.4,,,359.1,73.3,119.2,551.2,34.1,,,1372.2,934.5,1174.4,869.1,693.4,,,116.6,20.6,32.5,13.0,210.6,,,,,,,,,,,,,,,,,244.5,531.0,918.0,693.4,519.3,,,85.3,25.7,69.9,160.4,39.6,,,308.1,60.4,114.9,558.3,79.5,,,1432.6,339.4,368.7,1561.2,625.2,,,1030.5,487.3,980.2,1810.6,972.8,,,392.6,92.4,109.1,308.1,642.2,,,,,,,,,,,,,,,,,2556.2,1810.6,2633.6,3218.9,2137.1,,,2392.0,526.7,825.1,2348.9,911.6,,,1229.8,349.5,431.6,1862.3,209.2,,,2607.3,951.5,775.9,3067.4,1357.9,,,4138.6,3621.3,3103.9,4828.4,3259.1,,,1785.8,895.9,351.8,1310.2,2483.1,,,,,,,,,,,,,,,,,918.0,1201.5,1034.6,2209.6,1671.3,,,965.6,1580.2,905.3,3031.7,2036.9,,,2172.7,2119.7,2607.3,2021.1,2307.3,,,1599.5,1179.7,2803.5,4655.9,2865.2,,,4205.3,4274.3,4011.2,5321.0,4205.3,,,2531.3,2436.7,2581.5,2744.5,4073.9,,,,,,,,,,,,,,,,,295.6,395.0,438.9,785.3,635.9,,,183.4,55.1,57.3,125.3,380.6,,,165.3,39.4,58.5,19.6,311.8,,,343.9,98.6,120.6,338.1,740.7,,,1235.7,384.5,174.2,668.5,1278.1,,,1133.6,924.5,1138.5,1401.7,1810.6,,,,,,,,,,,,,,,,,,,,,,,,,,,,,,,,,,,,,,,,,,,,,,,,,,,,,,,,,,,,,,,,,,,,,,,,,,,,,,,,,,,,,,,,,,,,,,,,,,,,,,,,,,,,,,,,,,,,,,,,,,,,,,,,
20260919_小松島_5R,20260919,73,小松島,5,161.1,530.6,416.4,150.5,72.5,,,233.3,288.6,277.6,288.6,287.8,,,1434.0,1016.0,1480.8,1251.7,1584.4,,,649.2,403.1,1280.0,607.4,699.3,,,94.1,103.4,320.0,307.0,99.7,,,74.8,204.4,658.6,452.2,146.7,,,,,,,,,,,,,,,,,151.8,438.2,328.8,206.9,58.2,,,122.3,126.5,96.9,274.9,48.7,,,848.5,506.8,1084.0,1231.3,369.6,,,335.6,131.4,560.8,577.9,102.3,,,372.6,491.4,1058.7,1048.9,241.0,,,14.1,7.2,52.3,18.3,41.8,,,,,,,,,,,,,,,,,312.5,296.9,272.6,421.9,322.2,,,221.2,174.4,127.7,481.0,90.5,,,367.2,249.5,129.2,465.2,363.1,,,135.9,59.4,29.2,267.5,98.5,,,643.6,839.1,682.4,823.9,1121.6,,,134.7,66.7,147.8,97.7,480.0,,,,,,,,,,,,,,,,,2335.8,2288.6,3381.7,2697.3,2288.6,,,1872.5,1490.6,2517.5,2832.1,1272.8,,,1665.9,1173.9,583.9,1798.2,1265.7,,,3146.8,2489.8,823.9,3540.2,2436.2,,,3432.9,3236.7,2904.8,4720.3,3331.9,,,2517.5,1340.6,1729.5,3021.0,2868.0,,,,,,,,,,,,,,,,,892.0,484.1,1356.7,1161.9,976.6,,,588.5,178.5,770.6,1541.3,241.8,,,205.7,87.7,49.5,466.2,121.0,,,2335.8,1798.2,456.8,3103.7,2022.9,,,1618.3,2335.8,1595.5,3146.8,1842.0,,,547.2,206.9,192.8,797.7,1110.6,,,,,,,,,,,,,,,,,248.7,227.0,660.5,590.0,264.0,,,562.2,895.5,2097.9,2059.7,612.3,,,627.6,1155.9,1116.1,1416.0,1678.3,,,2178.6,3021.0,2634.5,4195.8,3236.7,,,1272.8,2517.5,2385.0,3840.2,2904.8,,,526.9,520.8,1265.7,1872.5,2097.9,,,,,,,,,,,,,,,,,56.3,111.4,408.9,269.0,130.8,,,14.8,7.6,59.7,23.3,44.0,,,73.3,36.9,69.4,48.5,242.0,,,845.4,435.7,468.1,976.6,1218.1,,,302.9,97.7,87.5,495.7,576.5,,,201.2,270.6,442.5,956.0,781.2,,,,,,,,,,,,,,,,,,,,,,,,,,,,,,,,,,,,,,,,,,,,,,,,,,,,,,,,,,,,,,,,,,,,,,,,,,,,,,,,,,,,,,,,,,,,,,,,,,,,,,,,,,,,,,,,,,,,,,,,,,,,,,,,
20260919_小松島_6R,20260919,73,小松島,6,1149.2,681.9,325.3,1149.2,1005.0,,,1434.9,1079.3,302.7,2158.6,793.1,,,741.0,1532.3,216.9,1486.5,1123.2,,,111.2,124.0,60.7,348.1,111.9,,,1785.9,2256.7,1700.3,1313.4,3266.4,,,1051.8,867.9,1030.0,341.4,2158.6,,,,,,,,,,,,,,,,,788.0,540.8,205.3,877.1,741.0,,,835.8,1677.3,308.3,611.4,397.1,,,985.1,3142.3,856.0,1866.5,2018.2,,,80.1,153.4,208.7,94.6,70.2,,,435.5,363.4,785.5,234.1,251.0,,,582.7,316.6,711.3,123.0,287.6,,,,,,,,,,,,,,,,,830.2,711.3,190.8,1247.4,433.2,,,561.6,1182.1,204.9,416.5,276.4,,,1677.3,2789.2,1103.3,2820.9,1677.3,,,74.3,115.4,247.5,326.2,56.3,,,1723.9,1247.4,2789.2,1379.1,1349.1,,,159.4,158.0,390.9,60.1,433.2,,,,,,,,,,,,,,,,,1386.8,1798.8,347.6,2559.2,1522.9,,,1426.7,4597.1,1349.1,3266.4,3354.6,,,3761.3,5066.2,2758.3,5773.1,4003.9,,,411.6,1149.2,1735.9,3142.3,1394.6,,,4069.6,4432.9,6054.8,4867.5,6054.8,,,3354.6,3354.6,3496.4,1970.2,5171.8,,,,,,,,,,,,,,,,,12.9,18.2,5.3,96.0,16.7,,,25.0,33.2,61.9,35.6,25.8,,,38.5,46.2,98.0,133.8,28.8,,,40.8,158.7,218.7,388.4,146.8,,,335.4,167.1,291.7,488.6,234.8,,,22.6,23.1,28.8,34.5,60.6,,,,,,,,,,,,,,,,,2789.2,3103.0,2433.7,1785.9,4867.5,,,1176.5,1128.3,1939.4,1021.5,1356.5,,,2758.3,1477.6,3223.9,3103.0,2990.9,,,5396.6,4207.5,5910.6,5066.2,5910.6,,,1644.0,1341.8,2482.4,3496.4,1985.9,,,4003.9,1601.5,3266.4,4137.4,2727.9,,,,,,,,,,,,,,,,,620.6,453.0,570.6,209.6,1205.0,,,349.1,250.7,644.7,97.4,237.1,,,171.2,191.6,409.6,70.8,468.3,,,1176.5,1712.0,1460.2,741.0,2158.6,,,55.9,61.5,65.0,95.9,160.0,,,2034.8,663.7,1468.9,2386.9,1098.4,,,,,,,,,,,,,,,,,,,,,,,,,,,,,,,,,,,,,,,,,,,,,,,,,,,,,,,,,,,,,,,,,,,,,,,,,,,,,,,,,,,,,,,,,,,,,,,,,,,,,,,,,,,,,,,,,,,,,,,,,,,,,,,,
20260919_小松島_7R,20260919,73,小松島,7,89.1,79.4,92.7,68.4,17.0,,,216.9,357.9,525.4,295.4,148.4,,,242.5,417.0,650.1,238.7,228.4,,,307.2,637.2,652.5,542.4,338.4,,,65.2,95.6,73.6,178.8,57.3,,,13.9,38.3,74.8,115.6,39.7,,,,,,,,,,,,,,,,,113.5,109.2,86.0,104.9,21.3,,,266.9,539.9,428.1,729.1,148.3,,,301.5,692.0,498.1,765.4,264.1,,,113.7,179.2,210.3,317.4,83.8,,,321.8,842.0,755.6,666.0,359.7,,,16.9,33.8,78.4,55.5,124.0,,,,,,,,,,,,,,,,,773.8,1355.0,1557.9,963.6,408.3,,,780.7,1571.8,1397.8,1975.7,419.0,,,2092.6,2196.6,2196.6,3075.3,886.3,,,2267.0,1725.1,2762.9,3022.7,1443.5,,,1492.2,2947.1,3467.2,3467.2,2117.7,,,294.9,274.7,439.3,664.7,918.5,,,,,,,,,,,,,,,,,661.0,1240.9,1392.3,587.4,526.2,,,652.5,1276.7,938.0,1443.5,601.4,,,1750.7,1986.8,2357.7,2679.2,1091.5,,,2439.0,1813.6,2679.2,2544.3,2600.4,,,1198.8,2130.4,2898.8,2784.7,2357.7,,,355.7,455.1,588.4,1537.6,1467.4,,,,,,,,,,,,,,,,,913.8,1871.2,1891.2,1652.6,1159.5,,,605.5,985.1,966.2,1171.0,472.8,,,2544.3,1998.0,2852.0,3802.7,1813.6,,,3129.7,1551.1,3048.7,3844.1,4065.0,,,2473.1,2544.3,4112.3,3886.3,3336.4,,,1178.8,595.3,1091.5,2699.6,2389.5,,,,,,,,,,,,,,,,,303.0,461.0,400.5,567.6,261.1,,,617.2,1637.3,1530.9,1290.7,904.5,,,1276.7,2875.2,2600.4,3722.7,2544.3,,,958.4,2311.5,3186.1,3336.4,2639.2,,,1498.5,2156.4,3433.5,3368.1,3336.4,,,542.4,836.0,1305.0,1750.7,1932.5,,,,,,,,,,,,,,,,,12.1,16.0,45.2,114.0,23.2,,,12.0,20.2,51.5,52.1,104.1,,,21.0,26.0,44.6,148.9,128.3,,,94.0,124.2,125.5,681.4,583.5,,,375.0,211.6,404.1,834.1,834.1,,,186.0,325.0,456.9,703.1,820.5,,,,,,,,,,,,,,,,,,,,,,,,,,,,,,,,,,,,,,,,,,,,,,,,,,,,,,,,,,,,,,,,,,,,,,,,,,,,,,,,,,,,,,,,,,,,,,,,,,,,,,,,,,,,,,,,,,,,,,,,,,,,,,,,
20260919_松山_1R,20260919,75,松山,1,426.5,80.3,388.7,308.3,878.6,,,164.2,25.3,49.5,96.5,418.4,,,5.8,13.6,12.4,5.9,120.5,,,209.2,84.7,34.7,105.7,157.1,,,105.4,88.9,6.5,44.1,312.6,,,675.9,905.8,326.6,516.8,646.0,,,,,,,,,,,,,,,,,2374.8,416.4,1372.9,1722.8,3138.1,,,3379.5,2584.3,2374.8,3138.1,5491.7,,,610.1,1996.9,1996.9,1417.2,4393.3,,,3138.1,2662.6,2440.7,2662.6,3514.7,,,2510.5,3138.1,1830.5,2584.3,7322.3,,,6759.0,7987.9,4624.6,4393.3,9763.0,,,,,,,,,,,,,,,,,166.4,23.3,46.3,123.2,395.8,,,1541.5,1255.2,1657.8,2312.3,2440.7,,,86.4,253.2,206.2,331.5,708.6,,,33.2,278.0,82.8,265.4,77.8,,,227.0,1440.4,469.8,493.6,2143.1,,,1514.9,3254.3,2143.1,566.8,4624.6,,,,,,,,,,,,,,,,,44.5,92.3,75.8,45.8,284.3,,,276.3,987.2,681.1,757.4,1689.7,,,202.9,738.3,513.8,650.8,1541.5,,,287.1,861.4,636.7,813.5,821.1,,,161.2,504.9,686.4,650.8,1722.8,,,1331.3,3661.1,3029.9,2196.6,3514.7,,,,,,,,,,,,,,,,,732.2,231.8,180.4,578.0,450.6,,,2440.7,2253.0,2312.3,3138.1,2928.9,,,104.6,618.7,193.1,593.7,121.0,,,364.5,1255.2,589.7,1126.5,757.4,,,1126.5,3254.3,1541.5,1541.5,2510.5,,,655.7,1009.9,326.6,844.8,2662.6,,,,,,,,,,,,,,,,,355.7,224.1,26.0,121.0,720.2,,,1237.5,2374.8,1541.5,2834.4,5168.6,,,382.0,1220.3,681.1,545.7,2928.9,,,145.7,784.5,784.5,614.4,2253.0,,,513.8,2510.5,905.8,844.8,1084.7,,,2440.7,5168.6,4393.3,3379.5,2143.1,,,,,,,,,,,,,,,,,3661.1,3254.3,1141.1,1757.3,3254.3,,,3820.3,5491.7,4881.5,3993.9,6276.2,,,3138.1,6759.0,3379.5,1021.7,8786.7,,,1793.2,4184.1,4881.5,3379.5,6759.0,,,1657.8,4393.3,784.5,2253.0,6276.2,,,3820.3,9763.0,8786.7,6759.0,7322.3,,,,,,,,,,,,,,,,,,,,,,,,,,,,,,,,,,,,,,,,,,,,,,,,,,,,,,,,,,,,,,,,,,,,,,,,,,,,,,,,,,,,,,,,,,,,,,,,,,,,,,,,,,,,,,,,,,,,,,,,,,,,,,,,
20260919_松山_2R,20260919,75,松山,2,663.0,900.7,255.2,1049.1,782.5,,,479.7,2220.3,551.8,837.4,201.4,,,3672.0,4339.7,3672.0,3672.0,2652.0,,,282.4,558.3,2273.1,1735.8,681.9,,,1591.2,1646.1,2808.0,2808.0,2328.6,,,420.5,248.6,2031.3,632.2,1164.3,,,,,,,,,,,,,,,,,686.8,782.5,206.6,1565.1,667.6,,,349.7,304.0,86.4,974.2,242.3,,,571.7,536.3,65.7,323.6,502.4,,,28.7,16.1,6.4,64.9,17.2,,,2386.8,2169.8,1326.0,619.9,2512.4,,,456.8,388.1,571.7,168.3,1446.5,,,,,,,,,,,,,,,,,344.6,1989.0,330.3,776.2,143.5,,,297.4,322.5,103.4,1164.3,255.9,,,3818.9,1326.0,1164.3,2580.3,2983.5,,,149.6,53.3,375.8,477.3,115.8,,,2031.3,1989.0,2273.1,1539.9,1948.4,,,40.3,85.3,734.4,108.9,465.7,,,,,,,,,,,,,,,,,2386.8,9547.4,3672.0,3292.2,7344.1,,,2893.1,1618.2,513.3,2808.0,3978.0,,,4773.7,1836.0,1468.8,3978.0,6364.9,,,3672.0,548.7,1424.9,3292.2,2983.5,,,5616.1,5304.1,4151.0,2808.0,7344.1,,,6819.5,5304.1,4773.7,3818.9,9999.9,,,,,,,,,,,,,,,,,135.4,178.4,585.7,497.2,159.9,,,19.7,7.4,5.9,60.3,8.9,,,72.4,26.4,140.4,228.9,35.5,,,795.6,143.3,420.5,860.1,702.0,,,1239.9,561.6,823.0,900.7,1049.1,,,75.5,68.0,53.1,363.0,439.9,,,,,,,,,,,,,,,,,5616.1,5967.1,4546.3,6819.5,5967.1,,,4339.7,3182.4,2983.5,1989.0,3409.7,,,4773.7,3292.2,3536.0,1801.4,5304.1,,,6364.9,5616.1,4151.0,3292.2,5967.1,,,4339.7,1989.0,1768.0,2808.0,3818.9,,,5304.1,4773.7,5304.1,8679.4,5616.1,,,,,,,,,,,,,,,,,348.4,85.1,1097.4,513.3,763.7,,,564.9,416.9,936.0,408.0,1674.9,,,59.4,72.4,600.4,209.8,649.4,,,3672.0,3978.0,2273.1,2983.5,5967.1,,,442.0,285.8,291.0,909.2,1515.4,,,3536.0,3978.0,2512.4,7956.1,5304.1,,,,,,,,,,,,,,,,,,,,,,,,,,,,,,,,,,,,,,,,,,,,,,,,,,,,,,,,,,,,,,,,,,,,,,,,,,,,,,,,,,,,,,,,,,,,,,,,,,,,,,,,,,,,,,,,,,,,,,,,,,,,,,,,
20260919_松山_3R,20260919,75,松山,3,75.7,37.7,72.3,134.0,33.4,,,59.6,29.0,29.8,266.9,85.9,,,4.3,4.7,7.8,64.5,7.0,,,131.4,43.1,49.5,417.5,160.0,,,589.0,742.7,526.3,983.8,701.1,,,27.4,111.3,36.0,132.3,284.2,,,,,,,,,,,,,,,,,865.9,359.9,1269.6,1468.0,461.7,,,1295.9,1677.7,1789.6,3545.5,1957.4,,,517.6,1423.5,2472.5,2409.1,1204.5,,,2348.9,1371.6,3296.7,4175.8,2264.0,,,2440.4,2111.3,2020.5,3131.8,1152.8,,,287.3,626.3,521.9,939.5,479.3,,,,,,,,,,,,,,,,,514.8,209.4,304.5,1503.3,650.2,,,1174.4,1648.3,1479.6,2574.1,2348.9,,,315.2,1125.2,678.3,3131.8,1138.8,,,275.5,714.4,560.9,1708.2,654.7,,,4945.0,3758.2,6479.7,5872.2,7227.4,,,1402.3,2111.3,1723.9,1592.4,4945.0,,,,,,,,,,,,,,,,,34.8,38.5,64.6,260.9,55.6,,,260.9,831.4,1515.4,1879.1,824.1,,,190.0,555.9,538.4,2042.5,878.0,,,378.8,1174.4,751.6,4370.0,1391.9,,,1978.0,4370.0,6061.6,6959.7,7829.6,,,260.2,770.1,1174.4,1371.6,4085.0,,,,,,,,,,,,,,,,,1402.3,452.8,358.6,4270.7,1456.6,,,2574.1,1937.2,3684.5,3834.9,2348.9,,,303.5,921.1,616.1,2210.7,1015.7,,,766.9,3834.9,1236.2,8948.2,2135.3,,,7829.6,7516.5,6711.1,9999.9,6959.7,,,2440.4,2723.3,2409.1,3479.8,6959.7,,,,,,,,,,,,,,,,,4583.2,5078.7,3914.8,6263.7,4697.8,,,4175.8,4370.0,6061.6,6711.1,2135.3,,,9395.6,5368.9,8541.4,5872.2,9999.9,,,6263.7,6263.7,9999.9,9999.9,9999.9,,,8948.2,8170.1,7516.5,9999.9,7829.6,,,5694.3,2505.5,9999.9,9999.9,8541.4,,,,,,,,,,,,,,,,,167.6,598.4,125.8,745.6,831.4,,,188.8,527.8,328.5,842.6,200.7,,,989.0,1606.0,1412.8,1323.3,2890.9,,,264.6,742.7,1252.7,1540.2,2064.9,,,1806.8,2159.9,1772.7,2472.5,2847.1,,,2505.5,1634.0,4945.0,5526.8,3834.9,,,,,,,,,,,,,,,,,,,,,,,,,,,,,,,,,,,,,,,,,,,,,,,,,,,,,,,,,,,,,,,,,,,,,,,,,,,,,,,,,,,,,,,,,,,,,,,,,,,,,,,,,,,,,,,,,,,,,,,,,,,,,,,,
20260919_松山_4R,20260919,75,松山,4,7972.8,4061.6,8969.4,9999.9,5381.6,,,9999.9,5381.6,3165.6,9999.9,3363.5,,,3587.7,2089.9,1594.5,4220.9,340.0,,,9784.8,5664.9,3075.2,9999.9,1070.9,,,9999.9,9999.9,7422.9,9999.9,7688.0,,,1956.9,2562.6,347.2,882.2,3986.4,,,,,,,,,,,,,,,,,9999.9,4484.7,6944.0,6331.3,4139.7,,,9999.9,4783.7,2759.8,4305.3,2795.6,,,2503.0,3261.6,3031.9,2503.0,1010.6,,,5006.1,3416.9,3416.9,3844.0,2690.8,,,3648.5,2030.8,1606.4,2418.7,992.0,,,2131.3,1736.0,583.3,1750.1,1379.9,,,,,,,,,,,,,,,,,3472.0,3311.7,3075.2,7422.9,3528.9,,,7688.0,4139.7,3528.9,2870.2,1939.3,,,1824.2,3311.7,1362.4,4783.7,812.3,,,996.6,1216.1,577.1,1905.0,390.6,,,9784.8,4305.3,5979.6,5979.6,5519.6,,,747.4,1176.3,294.8,601.3,2562.6,,,,,,,,,,,,,,,,,1121.1,1055.2,715.1,1871.8,177.9,,,1505.3,2593.5,2089.9,2174.4,660.3,,,1505.3,2011.8,760.6,3031.9,505.3,,,1005.9,1750.1,871.5,2474.3,308.4,,,4220.9,3472.0,4139.7,3844.0,1655.8,,,21.8,97.5,77.8,51.3,240.7,,,,,,,,,,,,,,,,,5979.6,4580.1,1824.2,9784.8,923.8,,,7422.9,3986.4,4220.9,5979.6,1582.8,,,1289.0,1526.7,732.1,2418.7,574.0,,,1328.8,3587.7,1230.0,4484.7,436.6,,,9999.9,6727.0,6727.0,8279.4,4580.1,,,662.3,1618.5,577.1,292.0,2562.6,,,,,,,,,,,,,,,,,9784.8,9999.9,9999.9,9359.4,8969.4,,,5006.1,2593.5,2948.8,3212.9,1839.8,,,9999.9,5250.4,6727.0,9359.4,8279.4,,,4783.7,6150.4,5979.6,6331.3,3472.0,,,9999.9,6727.0,8969.4,9999.9,6944.0,,,6150.4,2562.6,5250.4,2795.6,4892.4,,,,,,,,,,,,,,,,,427.1,363.6,52.8,248.0,696.6,,,294.0,133.9,103.2,181.2,149.8,,,227.7,135.3,63.3,61.0,243.5,,,1.7,14.9,8.8,5.2,58.0,,,166.2,172.4,58.7,46.9,403.8,,,1050.0,436.6,715.1,395.7,650.3,,,,,,,,,,,,,,,,,,,,,,,,,,,,,,,,,,,,,,,,,,,,,,,,,,,,,,,,,,,,,,,,,,,,,,,,,,,,,,,,,,,,,,,,,,,,,,,,,,,,,,,,,,,,,,,,,,,,,,,,,,,,,,,,
20260919_松山_5R,20260919,75,松山,5,912.5,750.7,4324.7,6417.4,3825.7,,,908.4,369.7,2456.0,4852.2,2116.3,,,435.3,245.9,846.5,2688.3,1235.6,,,6417.4,5684.0,3261.3,9999.9,9947.0,,,9999.9,6631.3,4521.3,9473.3,9999.9,,,4521.3,4232.7,2842.0,5526.1,8649.5,,,,,,,,,,,,,,,,,938.3,643.8,3315.6,6631.3,2617.6,,,592.0,215.7,1912.8,3430.0,1715.0,,,277.0,136.4,549.5,1410.9,698.0,,,4736.6,3490.1,2072.2,5235.2,2763.0,,,9999.9,9947.0,3825.7,7957.6,9042.7,,,4420.9,3430.0,2340.4,4521.3,7105.0,,,,,,,,,,,,,,,,,170.0,46.2,551.0,1591.5,404.3,,,170.3,59.3,629.5,1604.3,585.1,,,10.9,17.4,38.3,320.3,27.0,,,1058.1,1275.2,258.3,4324.7,1745.0,,,3490.1,7105.0,1105.2,8289.1,6860.0,,,660.9,771.0,155.0,1604.3,5526.1,,,,,,,,,,,,,,,,,33.4,12.1,100.9,377.4,99.2,,,26.7,8.2,70.4,296.0,71.8,,,4.9,4.0,18.1,131.1,14.0,,,202.7,169.4,68.2,999.7,340.6,,,1251.1,951.8,343.0,1518.6,1291.8,,,183.0,169.5,51.4,297.8,884.1,,,,,,,,,,,,,,,,,5101.0,4852.2,2518.2,9999.9,7957.6,,,5101.0,5376.7,2925.5,6631.3,5235.2,,,5235.2,5235.2,1842.0,9999.9,9473.3,,,2925.5,2162.3,965.7,7105.0,3825.7,,,9042.7,6860.0,9042.7,7651.5,8289.1,,,9042.7,5235.2,6417.4,3552.5,6631.3,,,,,,,,,,,,,,,,,9999.9,7105.0,7105.0,9999.9,9999.9,,,9999.9,9999.9,6631.3,9947.0,9999.9,,,9999.9,9999.9,4973.5,9999.9,9999.9,,,8649.5,6028.5,4521.3,9999.9,9999.9,,,9999.9,9999.9,9999.9,9999.9,9999.9,,,9999.9,9999.9,9999.9,9999.9,9999.9,,,,,,,,,,,,,,,,,6417.4,5376.7,2617.6,9999.9,9999.9,,,5526.1,4736.6,3552.5,6028.5,7957.6,,,3552.5,4852.2,1030.7,8289.1,9473.3,,,2050.9,2486.7,876.3,2725.2,6860.0,,,9999.9,7651.5,7368.1,5235.2,9999.9,,,9947.0,9999.9,9999.9,9947.0,9999.9,,,,,,,,,,,,,,,,,,,,,,,,,,,,,,,,,,,,,,,,,,,,,,,,,,,,,,,,,,,,,,,,,,,,,,,,,,,,,,,,,,,,,,,,,,,,,,,,,,,,,,,,,,,,,,,,,,,,,,,,,,,,,,,,
20260919_松山_6R,20260919,75,松山,6,5568.9,7425.2,7128.2,9900.3,4243.0,,,8910.3,9999.9,8910.3,9999.9,4243.0,,,9999.9,8910.3,9379.3,9900.3,9379.3,,,9999.9,9999.9,9999.9,8100.3,7748.1,,,9999.9,9900.3,6364.5,7425.2,4950.1,,,2025.0,4346.5,5241.3,3300.1,3072.5,,,,,,,,,,,,,,,,,8910.3,8486.0,6600.2,9999.9,3240.1,,,9999.9,8910.3,7748.1,7748.1,2828.6,,,6854.1,9900.3,3636.8,3636.8,2741.6,,,6600.2,4455.1,3126.4,1220.5,664.9,,,5241.3,3182.2,2284.7,1060.7,503.4,,,1549.6,928.1,844.5,364.4,275.4,,,,,,,,,,,,,,,,,6600.2,9999.9,9900.3,9999.9,5940.2,,,9900.3,9999.9,9999.9,8910.3,4455.1,,,9999.9,9999.9,9379.3,9999.9,6364.5,,,9999.9,5568.9,5748.6,5241.3,2545.8,,,9999.9,7748.1,7128.2,8486.0,2509.9,,,4950.1,3240.1,3636.8,1837.1,1563.2,,,,,,,,,,,,,,,,,3494.2,7425.2,7425.2,4950.1,6364.5,,,6145.0,9999.9,5748.6,5748.6,3126.4,,,7425.2,9999.9,9900.3,9999.9,5748.6,,,9999.9,5400.2,9900.3,1237.5,1172.4,,,8910.3,4455.1,8100.3,1320.0,802.7,,,3126.4,1730.1,3362.3,707.1,440.0,,,,,,,,,,,,,,,,,8910.3,9999.9,4816.3,6600.2,3960.1,,,6854.1,4689.6,3020.4,1120.7,606.1,,,9379.3,7128.2,9900.3,4050.1,2284.7,,,8486.0,2784.4,7748.1,1246.2,928.1,,,4243.0,669.9,2002.3,758.3,125.0,,,1048.2,230.8,499.1,338.1,86.8,,,,,,,,,,,,,,,,,6364.5,7748.1,5940.2,5091.6,2314.3,,,3362.3,2173.2,1634.9,821.2,374.3,,,9379.3,4144.3,3874.0,2784.4,1127.8,,,7128.2,2376.0,4455.1,990.0,569.3,,,2314.3,422.2,1254.9,519.5,111.5,,,563.9,83.7,207.2,122.9,46.0,,,,,,,,,,,,,,,,,262.0,556.8,408.7,232.6,196.0,,,154.2,42.8,41.3,13.4,10.6,,,431.4,126.7,230.8,84.9,63.3,,,374.3,65.0,148.2,43.1,34.3,,,114.6,13.0,30.9,21.5,6.2,,,85.9,7.5,23.9,12.8,4.3,,,,,,,,,,,,,,,,,,,,,,,,,,,,,,,,,,,,,,,,,,,,,,,,,,,,,,,,,,,,,,,,,,,,,,,,,,,,,,,,,,,,,,,,,,,,,,,,,,,,,,,,,,,,,,,,,,,,,,,,,,,,,,,,
20260919_松山_7R,20260919,75,松山,7,70.9,40.5,20.3,389.3,73.7,,,181.2,200.1,235.7,856.6,319.2,,,14.8,61.0,16.0,100.2,6.4,,,11.6,86.5,29.4,297.0,69.8,,,1117.3,1022.8,505.1,787.6,602.8,,,90.3,231.7,32.3,127.4,247.3,,,,,,,,,,,,,,,,,321.2,152.0,99.7,1301.1,384.9,,,692.2,650.5,350.8,2602.3,1343.7,,,233.3,711.3,294.5,1398.5,520.4,,,73.5,108.1,105.5,713.8,245.0,,,2602.3,4111.7,3068.4,2390.5,2979.5,,,842.5,1334.9,878.5,812.6,1957.9,,,,,,,,,,,,,,,,,809.4,406.3,938.7,2035.5,863.8,,,960.6,1093.5,683.0,2476.9,1545.7,,,217.0,897.7,1027.9,474.8,280.0,,,1082.0,687.5,1317.8,4283.0,2284.3,,,2778.2,4195.6,2778.2,5271.5,2669.9,,,390.1,1301.1,345.5,1671.4,484.8,,,,,,,,,,,,,,,,,39.6,59.2,45.8,132.1,7.9,,,162.3,566.3,311.9,1334.9,390.1,,,184.7,744.8,882.3,1148.5,268.3,,,145.6,252.2,606.4,1370.5,353.2,,,680.7,2259.2,2015.5,3114.9,951.7,,,23.0,217.5,125.2,235.4,263.2,,,,,,,,,,,,,,,,,22.3,181.6,53.7,610.0,166.1,,,29.4,56.8,60.7,489.4,138.5,,,511.4,352.6,1099.4,3737.9,1618.8,,,121.0,173.7,525.8,1099.4,283.1,,,1352.5,2669.9,4781.1,3737.9,2635.7,,,394.6,482.6,1154.9,626.7,1657.9,,,,,,,,,,,,,,,,,3162.9,4195.6,1644.7,3114.9,2076.6,,,3606.8,3953.6,3212.3,3807.1,3544.6,,,4283.0,4672.4,3671.2,5271.5,4111.7,,,1727.6,3807.1,4374.2,4781.1,2507.1,,,4031.1,4111.7,6631.8,5556.4,4672.4,,,2363.0,3671.2,3807.1,2538.1,3606.8,,,,,,,,,,,,,,,,,499.0,604.6,100.0,493.0,417.8,,,943.0,1685.1,1181.5,1209.3,2097.8,,,1007.7,1957.9,878.5,2309.9,2055.8,,,79.0,589.0,451.8,665.3,311.9,,,736.8,993.1,2119.4,1065.2,2390.5,,,1168.1,1996.0,2076.6,1168.1,1671.4,,,,,,,,,,,,,,,,,,,,,,,,,,,,,,,,,,,,,,,,,,,,,,,,,,,,,,,,,,,,,,,,,,,,,,,,,,,,,,,,,,,,,,,,,,,,,,,,,,,,,,,,,,,,,,,,,,,,,,,,,,,,,,,,
20260919_松山_8R,20260919,75,松山,8,676.4,180.0,557.4,676.4,521.9,,,740.2,105.8,228.9,1108.0,226.6,,,23.5,18.3,8.7,48.1,2.3,,,391.7,230.0,59.0,771.8,142.7,,,640.4,945.6,213.2,817.2,666.4,,,248.4,169.4,21.4,89.7,448.1,,,,,,,,,,,,,,,,,2075.9,492.1,1026.2,1254.2,1121.8,,,2695.6,2617.5,2006.7,930.9,5312.0,,,542.3,1703.8,765.3,752.5,1641.9,,,955.6,1672.3,986.9,1357.9,2006.7,,,635.9,955.6,633.7,758.8,2029.3,,,2656.0,3842.7,1121.8,2695.6,1357.9,,,,,,,,,,,,,,,,,1480.4,218.1,518.9,1861.9,708.2,,,2656.0,2474.1,2229.7,1753.5,3762.7,,,309.2,2075.9,950.5,2075.9,1165.2,,,758.8,1422.1,889.7,2029.3,1901.1,,,2822.0,1641.9,2376.4,3010.1,5644.1,,,1901.1,4752.9,1861.9,4200.2,6946.5,,,,,,,,,,,,,,,,,29.6,38.0,15.1,55.0,5.7,,,175.3,645.0,286.6,369.3,590.2,,,201.1,813.5,516.0,1081.5,673.9,,,90.2,315.2,335.7,474.0,269.9,,,198.0,267.9,731.2,554.0,765.3,,,75.1,620.6,592.1,302.5,930.9,,,,,,,,,,,,,,,,,881.0,860.0,186.0,1318.3,476.5,,,1433.4,1921.3,1245.5,1672.3,2408.1,,,1009.0,1901.1,1114.8,2286.2,2376.4,,,194.8,926.2,935.8,1128.8,678.9,,,2229.7,2052.4,2695.6,1824.3,3762.7,,,847.9,2736.5,3407.7,921.4,5016.9,,,,,,,,,,,,,,,,,1020.4,2100.1,381.8,1543.6,1456.5,,,580.7,876.7,489.4,872.5,1411.0,,,2656.0,986.9,1921.3,3541.3,6020.3,,,341.4,582.6,1188.2,1009.0,1411.0,,,2376.4,1032.0,2913.0,1963.1,4881.3,,,3541.3,1318.3,7852.6,3113.9,5473.0,,,,,,,,,,,,,,,,,1584.3,1280.9,121.7,694.6,2345.6,,,3113.9,5016.9,2543.8,3344.6,4881.3,,,2286.2,5016.9,2202.5,3541.3,7525.4,,,161.5,1984.7,1861.9,976.2,3407.7,,,960.6,3061.2,3283.8,1003.3,8209.6,,,4300.2,5016.9,7224.4,3685.9,5312.0,,,,,,,,,,,,,,,,,,,,,,,,,,,,,,,,,,,,,,,,,,,,,,,,,,,,,,,,,,,,,,,,,,,,,,,,,,,,,,,,,,,,,,,,,,,,,,,,,,,,,,,,,,,,,,,,,,,,,,,,,,,,,,,,
20260919_松山_9R,20260919,75,松山,9,479.3,153.4,826.8,2825.9,1168.7,,,1342.8,1490.8,1803.2,3864.1,2629.7,,,163.0,570.3,681.0,3155.6,1081.9,,,1120.3,1893.4,884.7,4733.5,2744.0,,,7012.6,4303.2,4303.2,5737.6,5568.8,,,1737.0,3442.5,2127.4,2491.3,4508.1,,,,,,,,,,,,,,,,,311.9,85.2,394.4,1502.7,591.6,,,696.1,283.4,486.7,1190.8,986.1,,,18.0,60.6,52.3,423.5,127.2,,,400.2,387.9,132.1,1786.2,731.0,,,3786.8,3381.0,2427.4,3641.1,4854.9,,,1434.4,1646.4,706.4,1675.5,4733.5,,,,,,,,,,,,,,,,,1161.6,1245.6,1245.6,3786.8,2558.6,,,728.2,387.9,444.4,1951.9,1190.8,,,602.9,269.3,187.2,1402.5,849.0,,,440.3,155.1,107.2,283.0,323.1,,,2366.7,2704.8,2666.7,1100.8,2127.4,,,3053.8,1786.2,1618.3,1412.9,2958.4,,,,,,,,,,,,,,,,,31.2,189.9,160.0,805.7,221.1,,,2.6,8.5,6.4,193.0,35.2,,,101.1,45.9,30.9,233.1,106.3,,,68.6,17.4,20.2,306.8,125.8,,,1502.7,763.4,1100.8,751.3,1245.6,,,426.4,196.0,387.2,340.5,975.9,,,,,,,,,,,,,,,,,568.5,1094.4,495.6,3641.1,1490.8,,,270.1,182.2,77.9,1296.8,527.4,,,334.5,94.0,58.6,293.0,374.1,,,171.0,39.5,63.5,769.6,339.3,,,4733.5,3209.1,1296.8,1392.2,2666.7,,,3005.4,1526.9,1245.6,802.2,3103.9,,,,,,,,,,,,,,,,,9999.9,7889.2,7282.3,9965.3,9999.9,,,9999.9,7282.3,9016.2,6529.0,9999.9,,,9016.2,6762.1,7012.6,3103.9,7282.3,,,9965.3,8606.4,9016.2,7889.2,9999.9,,,9965.3,9016.2,2825.9,9016.2,7573.6,,,9999.9,9999.9,9467.0,9999.9,9965.3,,,,,,,,,,,,,,,,,2666.7,4207.5,1769.5,3864.1,4854.9,,,1675.5,1951.9,834.1,2201.6,5117.3,,,3005.4,2458.9,1893.4,1932.0,3442.5,,,1705.7,709.1,1539.3,1382.0,4982.6,,,4854.9,2254.0,1893.4,1912.5,5409.7,,,7282.3,9467.0,4854.9,9467.0,6529.0,,,,,,,,,,,,,,,,,,,,,,,,,,,,,,,,,,,,,,,,,,,,,,,,,,,,,,,,,,,,,,,,,,,,,,,,,,,,,,,,,,,,,,,,,,,,,,,,,,,,,,,,,,,,,,,,,,,,,,,,,,,,,,,,
20260919_松山_10R,20260919,75,松山,10,1155.8,3280.5,4647.4,6971.2,1403.0,,,1246.2,2451.4,1439.2,2897.1,352.9,,,5187.8,3846.1,5440.9,5870.5,2935.2,,,3983.5,2478.6,6759.9,4957.3,2859.9,,,9999.9,5440.9,6971.2,7196.1,5069.9,,,1032.7,344.2,2230.7,1260.3,2859.9,,,,,,,,,,,,,,,,,995.8,1664.7,2323.7,5187.8,791.0,,,457.1,407.0,1246.2,1032.7,133.1,,,888.7,286.7,903.1,482.8,176.4,,,2720.4,2564.1,2754.0,5069.9,1497.1,,,5719.9,2859.9,1604.8,4849.5,1351.9,,,160.1,96.2,105.3,703.7,665.9,,,,,,,,,,,,,,,,,380.6,652.2,410.8,914.2,86.6,,,324.7,330.4,817.1,746.0,104.9,,,914.2,731.4,2974.3,1640.2,447.0,,,811.1,1497.1,1756.5,3329.5,522.4,,,1192.9,1497.1,1858.9,2687.7,626.6,,,5.6,26.1,58.7,53.2,79.9,,,,,,,,,,,,,,,,,1991.7,4374.1,6029.1,5187.8,3186.8,,,1289.4,509.3,1487.1,888.7,333.4,,,1784.6,1343.8,5440.9,3598.0,995.8,,,7435.9,3846.1,6759.9,9999.9,6561.1,,,6759.9,2084.8,7196.1,8579.9,4849.5,,,1843.6,512.8,945.2,3055.8,2104.5,,,,,,,,,,,,,,,,,6373.6,4131.0,4552.6,9699.0,3329.5,,,6759.9,4746.3,3379.9,7435.9,2859.9,,,3379.9,4289.9,5069.9,9999.9,1991.7,,,9999.9,7196.1,9999.9,9699.0,9699.0,,,8262.1,9999.9,8262.1,9999.9,5576.9,,,2165.8,2593.9,1939.8,4849.5,5311.4,,,,,,,,,,,,,,,,,9999.9,4552.6,8579.9,8923.1,4374.1,,,9999.9,4374.1,2144.9,9999.9,3657.0,,,2299.7,3983.5,4289.9,6759.9,1289.4,,,9294.9,3186.8,7692.3,8923.1,5870.5,,,8262.1,9294.9,6561.1,9999.9,6029.1,,,2084.8,2165.8,857.9,2720.4,3280.5,,,,,,,,,,,,,,,,,181.8,36.4,228.5,89.5,260.3,,,55.8,27.6,23.0,159.9,153.6,,,2.2,8.9,29.3,26.9,28.6,,,150.1,54.8,140.5,174.9,274.7,,,152.5,407.8,237.8,557.6,680.1,,,133.9,254.9,116.7,305.1,199.8,,,,,,,,,,,,,,,,,,,,,,,,,,,,,,,,,,,,,,,,,,,,,,,,,,,,,,,,,,,,,,,,,,,,,,,,,,,,,,,,,,,,,,,,,,,,,,,,,,,,,,,,,,,,,,,,,,,,,,,,,,,,,,,,
20260919_松山_11R,20260919,75,松山,11,286.4,75.5,139.1,106.2,53.5,,,603.2,571.0,432.3,706.5,358.5,,,72.3,215.4,175.1,181.5,35.0,,,192.2,312.2,242.9,348.8,168.6,,,216.5,610.3,278.5,381.0,226.4,,,32.1,107.5,19.6,69.8,97.6,,,,,,,,,,,,,,,,,176.0,56.8,86.7,44.7,41.1,,,350.2,698.4,201.3,256.4,417.9,,,139.6,574.6,388.8,197.0,244.5,,,98.3,112.6,230.1,68.4,117.5,,,21.0,73.5,57.8,29.5,47.5,,,74.7,275.9,183.4,149.8,100.2,,,,,,,,,,,,,,,,,636.0,585.7,359.9,948.2,518.8,,,616.5,1171.5,310.4,450.5,706.5,,,807.0,1311.0,881.4,1806.8,1545.4,,,179.3,160.2,355.0,280.8,200.6,,,1003.2,634.9,1500.7,515.1,1350.0,,,411.7,626.1,885.7,316.6,1160.2,,,,,,,,,,,,,,,,,236.4,407.5,349.8,406.6,62.9,,,374.0,1500.7,750.3,463.8,650.8,,,1014.4,1797.8,1194.6,2040.2,1396.8,,,430.2,714.9,877.2,955.7,776.0,,,713.4,667.5,1737.6,1138.4,981.5,,,94.1,500.2,823.5,587.6,821.6,,,,,,,,,,,,,,,,,158.7,164.7,166.1,282.6,126.0,,,118.1,78.8,227.4,56.7,99.6,,,76.8,66.1,194.3,133.7,108.8,,,246.7,417.4,435.9,534.8,458.5,,,239.2,112.4,169.7,465.6,282.1,,,105.1,114.8,113.7,300.6,207.7,,,,,,,,,,,,,,,,,170.3,544.4,313.6,356.7,240.3,,,47.0,92.1,101.1,59.0,75.9,,,689.1,397.3,1049.6,385.1,1097.1,,,462.0,385.5,1269.8,887.9,1000.4,,,263.1,140.5,219.7,496.8,507.2,,,292.1,204.3,639.3,654.3,515.1,,,,,,,,,,,,,,,,,47.3,88.8,17.1,61.6,99.3,,,83.5,246.8,231.6,184.4,90.8,,,203.5,413.1,592.4,144.0,657.9,,,57.7,315.5,524.8,372.4,544.4,,,91.0,164.1,115.1,268.2,310.6,,,217.5,168.1,527.0,482.9,394.7,,,,,,,,,,,,,,,,,,,,,,,,,,,,,,,,,,,,,,,,,,,,,,,,,,,,,,,,,,,,,,,,,,,,,,,,,,,,,,,,,,,,,,,,,,,,,,,,,,,,,,,,,,,,,,,,,,,,,,,,,,,,,,,,
20260919_久留米_1R,20260919,83,久留米,1,13.3,32.3,46.1,52.9,96.5,,,11.4,21.9,33.4,61.0,114.4,,,59.6,53.0,143.2,145.6,277.4,,,86.9,71.5,184.9,272.4,356.7,,,90.6,102.1,209.5,291.5,424.2,,,373.7,397.6,708.4,697.0,951.9,,,,,,,,,,,,,,,,,18.1,37.1,58.5,58.5,92.7,,,24.9,76.0,99.0,106.4,162.2,,,69.6,119.1,216.2,258.3,346.9,,,89.4,120.6,246.4,371.4,414.4,,,99.8,141.9,254.9,373.7,446.6,,,298.0,416.7,672.4,825.5,982.6,,,,,,,,,,,,,,,,,18.0,32.4,48.8,86.1,177.2,,,27.2,69.3,95.4,163.1,265.3,,,76.1,115.7,234.6,272.2,517.1,,,101.5,145.8,279.4,459.4,629.3,,,162.7,208.6,408.3,534.4,836.8,,,527.0,775.1,1318.7,1233.3,1781.4,,,,,,,,,,,,,,,,,55.8,56.8,164.8,139.9,371.9,,,75.5,140.2,273.6,339.6,700.2,,,78.5,153.0,312.1,368.3,783.1,,,282.5,395.6,391.5,769.2,1103.7,,,347.3,458.7,644.0,989.0,1824.1,,,1005.3,1057.7,1594.9,2175.9,1485.9,,,,,,,,,,,,,,,,,129.4,118.9,252.1,351.3,511.9,,,134.2,184.8,362.2,430.2,599.6,,,138.0,218.6,393.0,670.9,795.3,,,352.9,470.8,509.4,1140.9,1538.5,,,455.3,505.1,561.0,1199.3,1570.2,,,1072.6,1384.6,1471.6,2115.4,2361.4,,,,,,,,,,,,,,,,,182.4,189.6,336.9,473.0,739.3,,,181.3,251.1,452.6,645.3,823.3,,,226.9,299.8,529.7,765.3,1095.7,,,417.2,527.0,673.9,1269.2,1903.9,,,567.2,684.5,678.4,1213.6,1940.2,,,1366.0,1781.4,1802.5,2307.7,2559.8,,,,,,,,,,,,,,,,,1313.0,1403.8,1603.2,2030.8,3311.1,,,1111.7,1673.7,3140.4,2626.0,4479.8,,,1162.6,1813.2,2744.3,2794.7,5163.1,,,1965.3,3275.5,3206.5,3501.4,4913.3,,,2058.2,2672.1,2559.8,3240.7,4351.8,,,3807.8,5344.3,4230.9,4290.5,4351.8,,,,,,,,,,,,,,,,,,,,,,,,,,,,,,,,,,,,,,,,,,,,,,,,,,,,,,,,,,,,,,,,,,,,,,,,,,,,,,,,,,,,,,,,,,,,,,,,,,,,,,,,,,,,,,,,,,,,,,,,,,,,,,,,
20260919_久留米_2R,20260919,83,久留米,2,125.4,164.3,278.9,141.5,643.2,,,75.8,54.7,240.8,49.8,503.7,,,109.7,76.7,306.0,48.5,713.4,,,330.3,394.1,565.9,402.2,1706.0,,,75.4,38.5,24.0,200.9,453.3,,,1327.6,1154.0,1401.3,2338.7,1173.2,,,,,,,,,,,,,,,,,168.3,249.4,203.6,147.6,472.7,,,139.9,235.9,119.5,134.7,237.8,,,271.4,343.5,179.9,178.0,537.5,,,94.3,101.5,164.8,71.5,109.9,,,109.7,235.5,204.0,180.5,364.8,,,638.6,570.5,1014.8,328.2,455.0,,,,,,,,,,,,,,,,,40.4,39.0,134.4,21.7,181.3,,,38.2,73.3,47.2,28.2,78.9,,,60.4,61.7,155.7,29.1,501.6,,,201.6,67.2,346.9,194.1,362.2,,,18.2,46.5,40.0,142.8,213.2,,,505.2,435.9,1029.5,610.9,728.1,,,,,,,,,,,,,,,,,201.9,121.2,365.9,66.7,859.2,,,256.0,279.3,178.7,146.2,412.0,,,154.9,221.9,519.3,130.4,1181.1,,,505.2,273.7,756.2,434.3,1940.3,,,22.4,81.8,115.5,321.3,931.8,,,2077.3,2716.5,2278.4,2894.6,2675.3,,,,,,,,,,,,,,,,,515.5,666.3,800.7,769.3,2737.6,,,230.6,266.9,337.9,173.5,234.3,,,776.1,389.7,919.6,859.2,1471.4,,,936.7,544.9,848.9,530.2,2615.9,,,452.7,459.8,867.6,592.5,2825.2,,,3125.2,924.4,1765.7,3070.8,3300.4,,,,,,,,,,,,,,,,,65.4,28.5,18.3,209.2,402.6,,,116.5,241.7,203.5,254.6,681.7,,,45.4,123.8,56.5,352.7,586.6,,,23.7,101.8,62.2,328.5,630.6,,,361.8,528.6,562.3,428.5,2370.1,,,1070.1,2006.5,1363.5,1801.7,3210.4,,,,,,,,,,,,,,,,,2716.5,3428.6,2635.4,5605.5,3496.5,,,1114.0,1006.1,3363.3,764.3,3968.0,,,1189.0,1079.9,4837.7,1332.6,4646.7,,,3269.9,4414.4,5270.9,5193.4,5118.1,,,1201.1,774.4,1086.6,4772.3,7063.0,,,2695.8,4904.8,4527.5,4414.4,5696.0,,,,,,,,,,,,,,,,,,,,,,,,,,,,,,,,,,,,,,,,,,,,,,,,,,,,,,,,,,,,,,,,,,,,,,,,,,,,,,,,,,,,,,,,,,,,,,,,,,,,,,,,,,,,,,,,,,,,,,,,,,,,,,,,
20260919_久留米_3R,20260919,83,久留米,3,271.5,116.0,209.3,247.6,107.5,,,356.5,244.3,245.6,541.3,301.1,,,66.5,85.0,121.7,143.4,38.1,,,327.6,208.8,241.7,522.1,309.7,,,356.5,565.9,398.1,575.0,271.5,,,98.2,207.6,84.7,311.8,124.6,,,,,,,,,,,,,,,,,331.0,150.2,190.9,262.5,102.8,,,360.5,663.3,222.6,414.5,232.7,,,276.9,730.7,576.0,579.1,431.0,,,289.3,218.1,558.1,375.9,204.1,,,266.0,451.5,463.7,345.4,59.6,,,53.1,121.0,174.5,89.1,22.6,,,,,,,,,,,,,,,,,380.4,290.8,178.2,503.4,382.2,,,358.5,575.0,162.2,462.4,222.4,,,291.3,633.5,156.3,565.9,479.6,,,63.6,76.2,79.1,144.5,75.0,,,428.7,495.7,943.8,309.4,338.2,,,321.1,222.0,674.4,168.6,266.8,,,,,,,,,,,,,,,,,84.5,69.7,103.7,154.3,50.8,,,309.1,714.6,703.7,655.3,375.1,,,146.6,613.1,134.2,554.3,487.5,,,198.2,691.7,150.8,919.6,614.2,,,512.2,860.9,981.0,1044.2,545.9,,,164.5,362.1,668.8,749.3,397.7,,,,,,,,,,,,,,,,,259.8,129.6,195.8,397.2,174.7,,,287.2,155.0,466.4,332.7,89.9,,,43.8,48.4,66.2,116.7,30.5,,,171.9,366.2,171.3,439.2,346.6,,,318.3,286.9,243.7,450.8,155.3,,,134.0,107.0,83.9,314.3,112.2,,,,,,,,,,,,,,,,,351.8,478.8,524.6,570.9,175.3,,,251.3,350.7,442.8,356.9,55.5,,,403.6,412.9,924.9,419.8,281.0,,,567.9,673.0,981.0,911.9,436.8,,,539.5,526.3,534.2,919.6,304.5,,,59.5,33.4,79.2,150.2,109.2,,,,,,,,,,,,,,,,,75.5,189.5,111.7,273.6,102.0,,,50.0,86.9,138.0,83.5,16.1,,,233.4,173.4,620.1,173.3,223.7,,,181.5,254.3,650.0,719.4,307.1,,,274.1,152.0,154.0,554.3,190.2,,,50.3,23.5,71.7,119.2,70.2,,,,,,,,,,,,,,,,,,,,,,,,,,,,,,,,,,,,,,,,,,,,,,,,,,,,,,,,,,,,,,,,,,,,,,,,,,,,,,,,,,,,,,,,,,,,,,,,,,,,,,,,,,,,,,,,,,,,,,,,,,,,,,,,
20260919_久留米_4R,20260919,83,久留米,4,8.3,32.0,47.7,28.4,103.5,,,5.7,63.1,35.8,27.6,173.4,,,83.4,125.0,379.4,216.6,195.2,,,104.3,93.7,368.2,103.4,739.0,,,63.6,78.1,229.4,97.2,406.9,,,414.7,512.0,596.6,1300.6,781.6,,,,,,,,,,,,,,,,,46.9,172.2,194.2,120.9,259.0,,,134.5,1236.3,1106.0,578.5,1541.0,,,565.5,1609.7,1982.7,1073.1,1295.4,,,482.4,1419.9,2258.0,690.3,2956.0,,,262.8,846.7,1438.7,430.1,1222.4,,,1186.7,3612.9,2827.5,5002.5,2755.6,,,,,,,,,,,,,,,,,13.9,126.8,61.3,46.4,203.6,,,73.2,683.1,530.4,370.7,1025.7,,,344.0,669.0,730.7,674.6,592.2,,,164.3,425.6,520.2,149.0,910.8,,,114.2,264.7,532.1,175.3,662.2,,,1366.2,1924.0,1222.4,2408.6,1994.8,,,,,,,,,,,,,,,,,87.5,162.0,452.2,210.4,120.3,,,317.2,874.1,1106.0,719.3,642.6,,,448.5,1048.9,1667.5,1383.6,964.8,,,636.3,1059.1,1484.7,430.6,785.4,,,283.7,534.8,795.0,336.2,351.9,,,103.8,171.0,244.8,465.1,225.9,,,,,,,,,,,,,,,,,100.1,169.9,467.8,88.6,691.8,,,310.8,735.6,1006.7,269.6,1625.8,,,229.4,608.9,923.7,280.3,1659.0,,,666.3,1204.3,1236.3,431.8,791.1,,,31.4,60.5,116.3,124.2,131.4,,,1533.7,2390.9,2289.8,1541.0,761.5,,,,,,,,,,,,,,,,,60.8,101.0,187.9,40.9,297.2,,,151.4,399.4,615.8,155.3,696.2,,,143.8,284.2,367.8,146.0,1029.0,,,217.0,311.4,345.9,160.4,304.1,,,23.4,50.0,73.0,76.4,112.0,,,720.9,1052.3,1407.6,876.4,491.1,,,,,,,,,,,,,,,,,1343.6,1935.5,1186.7,3284.5,1958.8,,,2540.3,5511.2,3096.8,5511.2,4926.7,,,2601.3,5511.2,2560.3,4278.4,4168.7,,,524.4,763.2,1136.9,1076.7,702.3,,,3825.4,4926.7,4454.3,2356.2,1625.8,,,1982.7,3496.4,4394.1,1748.2,1419.9,,,,,,,,,,,,,,,,,,,,,,,,,,,,,,,,,,,,,,,,,,,,,,,,,,,,,,,,,,,,,,,,,,,,,,,,,,,,,,,,,,,,,,,,,,,,,,,,,,,,,,,,,,,,,,,,,,,,,,,,,,,,,,,,
20260919_久留米_5R,20260919,83,久留米,5,23.1,102.1,112.6,64.4,275.5,,,84.3,445.6,400.1,336.2,878.3,,,289.0,491.9,1121.8,410.6,1519.4,,,334.6,441.3,1104.6,739.4,1558.9,,,152.9,308.0,332.2,631.7,1125.3,,,1000.3,1946.5,2279.1,2384.8,1936.0,,,,,,,,,,,,,,,,,6.8,27.0,41.4,19.9,102.5,,,28.6,45.4,63.8,37.5,57.4,,,38.9,47.5,133.1,11.8,53.5,,,81.4,46.1,141.2,119.6,267.3,,,30.6,31.2,11.5,110.9,83.2,,,414.8,318.3,256.3,567.1,282.4,,,,,,,,,,,,,,,,,188.4,871.9,682.0,598.1,1281.5,,,130.6,246.4,338.4,195.9,303.6,,,1046.8,617.6,1837.2,629.5,1629.4,,,1065.4,700.6,1895.3,1417.7,2323.2,,,614.5,344.9,553.1,1323.9,1286.1,,,2500.7,1081.4,1809.5,3077.8,1856.2,,,,,,,,,,,,,,,,,339.0,720.2,1233.2,435.4,1429.0,,,188.3,212.8,522.6,70.3,284.6,,,851.3,424.1,2034.5,463.4,970.6,,,1513.0,1008.7,1846.7,644.2,2264.8,,,151.6,44.7,127.8,299.5,145.0,,,1667.1,655.9,1220.7,2572.2,488.6,,,,,,,,,,,,,,,,,573.4,857.4,1593.4,1246.0,2609.4,,,432.3,598.1,786.2,679.4,1545.5,,,1241.7,1043.7,2728.1,2011.7,3365.5,,,1895.3,1220.7,2433.1,1161.6,3674.5,,,1161.6,861.5,1865.8,928.1,1989.5,,,3751.1,3303.7,4616.7,4445.8,4338.6,,,,,,,,,,,,,,,,,102.9,213.3,178.3,304.6,563.5,,,55.5,68.7,28.2,157.8,175.5,,,309.3,172.7,257.4,703.3,595.2,,,83.8,24.4,76.4,157.6,90.3,,,578.0,406.9,754.9,419.7,1196.3,,,1005.8,586.4,1094.5,518.1,1600.4,,,,,,,,,,,,,,,,,1731.2,4001.2,3000.9,3957.2,2647.8,,,1192.4,1104.6,986.6,1644.3,909.3,,,3303.7,1364.0,1989.5,2647.8,1978.6,,,2628.5,1135.9,1936.0,2323.2,820.2,,,4187.3,4338.6,4287.0,6001.8,5071.9,,,2483.5,1358.9,2835.5,989.3,4092.1,,,,,,,,,,,,,,,,,,,,,,,,,,,,,,,,,,,,,,,,,,,,,,,,,,,,,,,,,,,,,,,,,,,,,,,,,,,,,,,,,,,,,,,,,,,,,,,,,,,,,,,,,,,,,,,,,,,,,,,,,,,,,,,,
20260919_久留米_6R,20260919,83,久留米,6,120.5,153.1,213.8,182.2,782.8,,,79.3,83.4,76.0,37.2,429.2,,,180.3,152.3,360.4,196.3,605.4,,,215.5,103.5,302.9,105.0,963.1,,,121.7,31.7,107.1,65.7,576.9,,,1388.3,1278.4,1552.0,1963.6,1676.4,,,,,,,,,,,,,,,,,88.4,65.8,133.7,121.1,488.2,,,132.1,123.7,201.1,235.8,618.1,,,21.1,37.6,19.4,25.0,55.2,,,75.9,129.3,40.2,121.8,437.1,,,119.4,224.5,115.2,160.5,634.6,,,1030.1,1287.7,462.7,1153.9,1366.9,,,,,,,,,,,,,,,,,125.5,107.8,80.4,76.1,478.9,,,164.4,161.2,239.3,319.0,871.1,,,173.0,169.4,281.8,307.4,528.1,,,107.3,209.6,246.9,195.2,930.4,,,71.0,291.0,272.3,203.3,979.1,,,1278.4,1399.2,1067.3,1733.7,1921.1,,,,,,,,,,,,,,,,,110.7,140.0,335.2,260.5,254.5,,,52.2,70.3,59.8,74.1,75.6,,,148.0,116.3,319.6,294.9,289.6,,,380.1,142.6,378.5,416.6,762.6,,,307.9,254.5,415.2,437.7,671.8,,,314.8,212.4,355.7,899.7,737.3,,,,,,,,,,,,,,,,,120.7,76.4,169.8,81.7,619.1,,,83.4,160.3,42.8,172.8,412.3,,,121.2,206.8,237.7,234.4,713.6,,,220.3,95.7,278.7,342.7,604.4,,,24.4,120.2,116.6,173.7,726.8,,,2115.5,1552.0,1841.5,1645.4,1813.3,,,,,,,,,,,,,,,,,96.8,25.5,98.3,27.8,536.0,,,134.9,267.6,226.6,230.1,1221.3,,,57.6,274.8,224.0,132.7,1048.4,,,224.3,322.5,337.8,363.7,852.3,,,17.6,139.0,99.9,211.8,745.1,,,1637.8,2353.7,2556.9,2249.4,2307.9,,,,,,,,,,,,,,,,,2961.8,2961.8,2468.1,3626.7,3664.0,,,2575.4,3037.7,1180.7,3117.6,3949.0,,,3201.9,3863.2,2692.5,4085.2,3993.4,,,2167.1,1080.2,2054.4,3260.7,3063.9,,,4282.1,3231.0,3450.6,3993.4,3781.0,,,2468.1,4038.8,4038.8,3863.2,3781.0,,,,,,,,,,,,,,,,,,,,,,,,,,,,,,,,,,,,,,,,,,,,,,,,,,,,,,,,,,,,,,,,,,,,,,,,,,,,,,,,,,,,,,,,,,,,,,,,,,,,,,,,,,,,,,,,,,,,,,,,,,,,,,,,
20260919_久留米_7R,20260919,83,久留米,7,89.2,60.4,97.8,94.9,410.3,,,60.4,67.9,49.2,22.1,193.0,,,56.6,84.1,83.5,89.4,350.4,,,41.8,36.7,63.2,26.7,149.2,,,88.5,31.8,106.9,56.8,102.7,,,678.8,459.4,803.2,459.4,268.3,,,,,,,,,,,,,,,,,244.7,172.7,315.7,244.6,850.4,,,299.0,265.1,743.0,271.8,1281.4,,,91.0,184.5,174.9,115.3,458.8,,,393.6,767.3,426.1,695.1,1638.0,,,305.8,310.0,304.3,837.2,634.2,,,1752.3,2203.1,1630.9,2898.0,1427.0,,,,,,,,,,,,,,,,,80.4,127.3,66.9,33.4,226.1,,,160.7,143.0,406.8,124.8,788.1,,,207.1,158.3,364.3,175.9,866.0,,,138.6,470.3,396.1,197.0,831.6,,,14.2,36.4,73.1,68.8,31.1,,,405.9,921.1,894.8,994.0,164.4,,,,,,,,,,,,,,,,,109.2,225.1,221.6,200.9,569.1,,,71.7,138.5,170.0,91.7,338.8,,,340.6,269.6,518.2,227.5,1188.4,,,366.8,477.4,507.0,665.6,1563.2,,,328.1,265.3,283.6,655.2,374.8,,,1317.2,1247.5,1704.7,2325.5,930.2,,,,,,,,,,,,,,,,,75.7,76.5,136.5,54.0,310.5,,,196.4,659.8,538.2,294.5,1556.8,,,204.9,646.2,588.6,276.2,1108.0,,,382.0,535.1,557.3,756.5,1652.3,,,144.7,280.9,246.2,701.5,320.9,,,1219.2,2190.3,1519.1,2384.4,798.1,,,,,,,,,,,,,,,,,142.3,39.9,163.7,111.3,122.4,,,253.7,191.0,317.1,616.6,469.7,,,17.7,49.2,80.8,65.4,23.5,,,296.6,337.8,185.7,587.7,334.8,,,192.7,502.9,183.5,579.6,298.0,,,129.0,294.3,57.7,323.9,256.9,,,,,,,,,,,,,,,,,1768.7,1170.0,1589.6,1674.4,663.2,,,2058.7,2710.4,2511.6,3844.3,1652.3,,,1145.1,2430.6,2478.5,2283.3,290.4,,,1922.1,2691.0,2653.1,3363.8,1544.0,,,1820.0,3139.5,2003.9,3276.0,1117.9,,,394.0,822.5,207.9,882.3,718.9,,,,,,,,,,,,,,,,,,,,,,,,,,,,,,,,,,,,,,,,,,,,,,,,,,,,,,,,,,,,,,,,,,,,,,,,,,,,,,,,,,,,,,,,,,,,,,,,,,,,,,,,,,,,,,,,,,,,,,,,,,,,,,,,
20260919_久留米_8R,20260919,83,久留米,8,4.2,3.4,8.6,16.7,43.1,,,19.4,57.6,96.9,118.0,278.1,,,7.6,35.7,53.5,77.7,175.6,,,37.3,108.8,114.7,203.8,433.9,,,67.7,177.3,157.4,292.6,479.3,,,206.8,695.6,563.3,800.5,667.1,,,,,,,,,,,,,,,,,28.3,19.7,35.8,63.0,138.5,,,125.4,296.3,467.2,672.9,1308.1,,,89.3,266.5,386.4,344.2,1051.6,,,190.6,698.3,650.1,1037.4,1601.0,,,286.3,1314.5,590.6,1640.2,2301.9,,,713.2,2852.9,2331.9,3394.6,3250.6,,,,,,,,,,,,,,,,,477.1,998.7,1347.6,2023.9,3831.0,,,526.3,1344.2,2207.2,3886.5,5059.9,,,1577.5,1691.9,4920.6,5893.9,9409.6,,,3270.4,3648.6,6789.2,7662.1,9999.9,,,3803.9,5893.9,7662.1,8650.8,9999.9,,,8650.8,9932.4,9577.6,9999.9,9999.9,,,,,,,,,,,,,,,,,428.3,985.9,1950.3,1735.7,2996.3,,,510.8,1393.1,3047.4,2331.9,4831.9,,,1665.6,1775.9,5959.4,6462.0,7773.1,,,4032.7,4920.6,8792.6,8650.8,5586.9,,,3972.9,4831.9,8792.6,9999.9,9999.9,,,7151.3,8792.6,9999.9,9999.9,9999.9,,,,,,,,,,,,,,,,,1027.4,2566.2,2914.9,4469.5,6462.0,,,1103.6,4094.2,4157.7,7057.2,4623.7,,,3482.7,5586.9,8380.4,9999.9,9999.9,,,4966.2,7449.3,9090.6,9999.9,9999.9,,,6385.1,9999.9,9999.9,9999.9,9999.9,,,9999.9,9999.9,9999.9,9999.9,9999.9,,,,,,,,,,,,,,,,,1572.8,3972.9,3599.6,5108.1,7662.1,,,1620.3,6704.3,4396.3,8126.5,9999.9,,,6094.8,8792.6,7887.5,9999.9,9999.9,,,6876.2,7773.1,9999.9,9999.9,9999.9,,,7247.9,9409.6,9999.9,9999.9,9999.9,,,9999.9,9999.9,9999.9,9999.9,9999.9,,,,,,,,,,,,,,,,,4002.6,9999.9,6704.3,9999.9,9090.6,,,5258.3,9999.9,9999.9,9999.9,9999.9,,,9999.9,9999.9,9999.9,9999.9,9999.9,,,9090.6,9999.9,9999.9,9999.9,9999.9,,,9999.9,9999.9,9999.9,9999.9,9999.9,,,9932.4,9999.9,9999.9,9999.9,9999.9,,,,,,,,,,,,,,,,,,,,,,,,,,,,,,,,,,,,,,,,,,,,,,,,,,,,,,,,,,,,,,,,,,,,,,,,,,,,,,,,,,,,,,,,,,,,,,,,,,,,,,,,,,,,,,,,,,,,,,,,,,,,,,,,
20260919_久留米_9R,20260919,83,久留米,9,20.5,11.1,17.6,38.8,50.6,,,35.4,28.8,9.0,66.0,116.8,,,20.6,29.3,26.6,17.2,26.4,,,26.1,7.4,20.7,66.3,113.1,,,169.0,149.6,66.3,152.8,234.5,,,67.0,106.7,20.5,99.8,87.1,,,,,,,,,,,,,,,,,120.8,65.1,110.9,217.0,233.9,,,396.9,948.5,744.7,1717.2,1849.3,,,238.4,784.2,733.3,727.8,952.1,,,404.2,817.5,939.3,1867.2,2056.9,,,933.6,2643.6,1446.0,2555.8,3218.8,,,679.0,2160.9,1144.8,1972.5,2807.7,,,,,,,,,,,,,,,,,186.5,135.0,50.5,423.8,458.1,,,483.8,968.9,716.9,2303.3,2191.7,,,394.1,941.6,538.7,1427.2,1880.9,,,65.3,334.1,195.0,595.9,682.0,,,1403.8,3127.2,2581.5,1923.2,4579.2,,,1709.5,3152.9,2680.5,2096.2,5417.6,,,,,,,,,,,,,,,,,159.7,235.4,242.4,195.7,254.7,,,343.4,1123.0,1025.7,1106.9,1124.7,,,526.5,1317.3,930.2,1721.0,2131.0,,,544.4,1099.0,882.2,1211.5,1797.4,,,512.1,1111.7,1328.6,1149.9,1836.0,,,635.7,1411.5,2607.8,2481.6,2040.6,,,,,,,,,,,,,,,,,165.0,58.6,122.6,342.8,467.3,,,486.5,749.8,939.3,2003.4,2019.1,,,76.8,364.0,212.2,656.4,763.9,,,436.8,875.2,562.7,1151.6,1728.7,,,1025.7,1403.8,1225.0,1257.0,4396.0,,,1532.4,2652.7,2249.4,2699.3,5128.7,,,,,,,,,,,,,,,,,1295.1,1596.0,856.6,1876.3,2090.5,,,2191.7,5574.7,2777.2,5342.4,5872.6,,,2359.8,6748.3,3905.1,4158.4,9268.8,,,958.0,1957.5,2555.8,2229.8,3064.9,,,3040.7,5456.1,3965.5,3734.5,8643.9,,,3680.9,6808.0,9616.3,4900.0,8842.6,,,,,,,,,,,,,,,,,699.3,1156.8,350.0,1061.1,1252.9,,,1068.4,4346.3,1810.1,4049.0,5233.4,,,1894.8,5456.1,3287.6,4250.3,8742.1,,,813.2,2185.5,3646.0,3578.1,3232.3,,,2708.8,4963.2,3925.0,3925.0,8362.0,,,3663.3,7189.8,9050.7,5342.4,8013.6,,,,,,,,,,,,,,,,,,,,,,,,,,,,,,,,,,,,,,,,,,,,,,,,,,,,,,,,,,,,,,,,,,,,,,,,,,,,,,,,,,,,,,,,,,,,,,,,,,,,,,,,,,,,,,,,,,,,,,,,,,,,,,,,
