race_key,date,jo_code,jo_name,race_no,1-2-3,1-2-4,1-2-5,1-2-6,1-2-7,1-2-8,1-2-9,1-3-2,1-3-4,1-3-5,1-3-6,1-3-7,1-3-8,1-3-9,1-4-2,1-4-3,1-4-5,1-4-6,1-4-7,1-4-8,1-4-9,1-5-2,1-5-3,1-5-4,1-5-6,1-5-7,1-5-8,1-5-9,1-6-2,1-6-3,1-6-4,1-6-5,1-6-7,1-6-8,1-6-9,1-7-2,1-7-3,1-7-4,1-7-5,1-7-6,1-7-8,1-7-9,1-8-2,1-8-3,1-8-4,1-8-5,1-8-6,1-8-7,1-8-9,1-9-2,1-9-3,1-9-4,1-9-5,1-9-6,1-9-7,1-9-8,2-1-3,2-1-4,2-1-5,2-1-6,2-1-7,2-1-8,2-1-9,2-3-1,2-3-4,2-3-5,2-3-6,2-3-7,2-3-8,2-3-9,2-4-1,2-4-3,2-4-5,2-4-6,2-4-7,2-4-8,2-4-9,2-5-1,2-5-3,2-5-4,2-5-6,2-5-7,2-5-8,2-5-9,2-6-1,2-6-3,2-6-4,2-6-5,2-6-7,2-6-8,2-6-9,2-7-1,2-7-3,2-7-4,2-7-5,2-7-6,2-7-8,2-7-9,2-8-1,2-8-3,2-8-4,2-8-5,2-8-6,2-8-7,2-8-9,2-9-1,2-9-3,2-9-4,2-9-5,2-9-6,2-9-7,2-9-8,3-1-2,3-1-4,3-1-5,3-1-6,3-1-7,3-1-8,3-1-9,3-2-1,3-2-4,3-2-5,3-2-6,3-2-7,3-2-8,3-2-9,3-4-1,3-4-2,3-4-5,3-4-6,3-4-7,3-4-8,3-4-9,3-5-1,3-5-2,3-5-4,3-5-6,3-5-7,3-5-8,3-5-9,3-6-1,3-6-2,3-6-4,3-6-5,3-6-7,3-6-8,3-6-9,3-7-1,3-7-2,3-7-4,3-7-5,3-7-6,3-7-8,3-7-9,3-8-1,3-8-2,3-8-4,3-8-5,3-8-6,3-8-7,3-8-9,3-9-1,3-9-2,3-9-4,3-9-5,3-9-6,3-9-7,3-9-8,4-1-2,4-1-3,4-1-5,4-1-6,4-1-7,4-1-8,4-1-9,4-2-1,4-2-3,4-2-5,4-2-6,4-2-7,4-2-8,4-2-9,4-3-1,4-3-2,4-3-5,4-3-6,4-3-7,4-3-8,4-3-9,4-5-1,4-5-2,4-5-3,4-5-6,4-5-7,4-5-8,4-5-9,4-6-1,4-6-2,4-6-3,4-6-5,4-6-7,4-6-8,4-6-9,4-7-1,4-7-2,4-7-3,4-7-5,4-7-6,4-7-8,4-7-9,4-8-1,4-8-2,4-8-3,4-8-5,4-8-6,4-8-7,4-8-9,4-9-1,4-9-2,4-9-3,4-9-5,4-9-6,4-9-7,4-9-8,5-1-2,5-1-3,5-1-4,5-1-6,5-1-7,5-1-8,5-1-9,5-2-1,5-2-3,5-2-4,5-2-6,5-2-7,5-2-8,5-2-9,5-3-1,5-3-2,5-3-4,5-3-6,5-3-7,5-3-8,5-3-9,5-4-1,5-4-2,5-4-3,5-4-6,5-4-7,5-4-8,5-4-9,5-6-1,5-6-2,5-6-3,5-6-4,5-6-7,5-6-8,5-6-9,5-7-1,5-7-2,5-7-3,5-7-4,5-7-6,5-7-8,5-7-9,5-8-1,5-8-2,5-8-3,5-8-4,5-8-6,5-8-7,5-8-9,5-9-1,5-9-2,5-9-3,5-9-4,5-9-6,5-9-7,5-9-8,6-1-2,6-1-3,6-1-4,6-1-5,6-1-7,6-1-8,6-1-9,6-2-1,6-2-3,6-2-4,6-2-5,6-2-7,6-2-8,6-2-9,6-3-1,6-3-2,6-3-4,6-3-5,6-3-7,6-3-8,6-3-9,6-4-1,6-4-2,6-4-3,6-4-5,6-4-7,6-4-8,6-4-9,6-5-1,6-5-2,6-5-3,6-5-4,6-5-7,6-5-8,6-5-9,6-7-1,6-7-2,6-7-3,6-7-4,6-7-5,6-7-8,6-7-9,6-8-1,6-8-2,6-8-3,6-8-4,6-8-5,6-8-7,6-8-9,6-9-1,6-9-2,6-9-3,6-9-4,6-9-5,6-9-7,6-9-8,7-1-2,7-1-3,7-1-4,7-1-5,7-1-6,7-1-8,7-1-9,7-2-1,7-2-3,7-2-4,7-2-5,7-2-6,7-2-8,7-2-9,7-3-1,7-3-2,7-3-4,7-3-5,7-3-6,7-3-8,7-3-9,7-4-1,7-4-2,7-4-3,7-4-5,7-4-6,7-4-8,7-4-9,7-5-1,7-5-2,7-5-3,7-5-4,7-5-6,7-5-8,7-5-9,7-6-1,7-6-2,7-6-3,7-6-4,7-6-5,7-6-8,7-6-9,7-8-1,7-8-2,7-8-3,7-8-4,7-8-5,7-8-6,7-8-9,7-9-1,7-9-2,7-9-3,7-9-4,7-9-5,7-9-6,7-9-8,8-1-2,8-1-3,8-1-4,8-1-5,8-1-6,8-1-7,8-1-9,8-2-1,8-2-3,8-2-4,8-2-5,8-2-6,8-2-7,8-2-9,8-3-1,8-3-2,8-3-4,8-3-5,8-3-6,8-3-7,8-3-9,8-4-1,8-4-2,8-4-3,8-4-5,8-4-6,8-4-7,8-4-9,8-5-1,8-5-2,8-5-3,8-5-4,8-5-6,8-5-7,8-5-9,8-6-1,8-6-2,8-6-3,8-6-4,8-6-5,8-6-7,8-6-9,8-7-1,8-7-2,8-7-3,8-7-4,8-7-5,8-7-6,8-7-9,8-9-1,8-9-2,8-9-3,8-9-4,8-9-5,8-9-6,8-9-7,9-1-2,9-1-3,9-1-4,9-1-5,9-1-6,9-1-7,9-1-8,9-2-1,9-2-3,9-2-4,9-2-5,9-2-6,9-2-7,9-2-8,9-3-1,9-3-2,9-3-4,9-3-5,9-3-6,9-3-7,9-3-8,9-4-1,9-4-2,9-4-3,9-4-5,9-4-6,9-4-7,9-4-8,9-5-1,9-5-2,9-5-3,9-5-4,9-5-6,9-5-7,9-5-8,9-6-1,9-6-2,9-6-3,9-6-4,9-6-5,9-6-7,9-6-8,9-7-1,9-7-2,9-7-3,9-7-4,9-7-5,9-7-6,9-7-8,9-8-1,9-8-2,9-8-3,9-8-4,9-8-5,9-8-6,9-8-7
20261001_青森_1R,20261001,12,青森,1,3.9,6.0,15.4,138.5,108.4,,,6.4,11.1,19.2,164.3,157.5,,,14.6,16.1,43.3,253.8,232.8,,,26.1,28.3,51.6,362.7,334.0,,,393.5,453.6,566.5,837.6,1288.5,,,365.9,540.9,585.3,503.5,671.0,,,,,,,,,,,,,,,,,49.9,63.7,127.8,546.5,444.9,,,111.2,282.2,521.2,1275.2,1874.2,,,246.0,458.1,923.1,1005.6,2876.7,,,510.4,1091.4,1174.3,5154.1,3534.2,,,2945.2,6872.1,4697.4,9051.1,9999.9,,,1572.4,2457.5,6289.7,2577.0,9999.9,,,,,,,,,,,,,,,,,34.1,48.7,80.9,362.3,427.0,,,71.3,195.2,327.8,762.0,1349.4,,,134.4,252.4,499.4,2073.1,2132.7,,,249.3,611.3,720.5,2854.5,2304.9,,,2490.5,4471.0,3041.7,5622.6,8434.0,,,1883.7,3436.0,4581.4,4697.4,9277.4,,,,,,,,,,,,,,,,,243.8,289.4,654.4,1932.7,1784.1,,,473.9,873.1,2394.1,5457.3,6747.2,,,492.1,833.9,1828.0,4947.9,7001.8,,,1565.8,3092.4,3313.3,9999.9,3144.8,,,6398.2,9277.4,8835.6,9999.9,9999.9,,,3906.2,9999.9,9999.9,9999.9,9999.9,,,,,,,,,,,,,,,,,205.1,205.9,382.1,2235.5,1694.5,,,804.9,1710.1,2145.0,9051.1,6398.2,,,719.1,1634.7,1953.1,5985.4,5985.4,,,1427.2,2992.7,2425.4,7136.4,9999.9,,,5154.1,9999.9,7573.4,9999.9,6184.9,,,3343.2,8246.6,7573.4,9999.9,5985.4,,,,,,,,,,,,,,,,,5014.8,5301.3,5538.7,8246.6,9999.9,,,6398.2,9051.1,9999.9,9999.9,9999.9,,,6626.7,9999.9,9051.1,9999.9,9999.9,,,8434.0,9999.9,9999.9,9999.9,9999.9,,,8067.3,9999.9,9999.9,9999.9,9051.1,,,9999.9,9999.9,9999.9,9999.9,9999.9,,,,,,,,,,,,,,,,,2490.5,2689.1,1893.3,3041.7,7573.4,,,2968.7,6872.1,9999.9,9051.1,9999.9,,,4697.4,9999.9,9999.9,7895.6,9999.9,,,5798.3,9999.9,9999.9,9999.9,9999.9,,,3568.2,8630.1,8434.0,8434.0,4471.0,,,9999.9,9999.9,9999.9,9999.9,8835.6,,,,,,,,,,,,,,,,,,,,,,,,,,,,,,,,,,,,,,,,,,,,,,,,,,,,,,,,,,,,,,,,,,,,,,,,,,,,,,,,,,,,,,,,,,,,,,,,,,,,,,,,,,,,,,,,,,,,,,,,,,,,,,,,
20261001_青森_2R,20261001,12,青森,2,3.8,4.4,9.9,13.9,109.3,,,18.6,71.4,98.3,145.1,633.7,,,24.2,86.3,150.6,217.4,628.3,,,40.7,129.5,164.3,319.2,936.1,,,59.2,208.5,303.3,407.1,1314.9,,,420.9,2032.6,2016.5,1189.2,1164.8,,,,,,,,,,,,,,,,,9.9,8.2,18.6,31.7,143.9,,,60.3,197.6,288.7,471.5,1138.8,,,69.1,251.2,357.2,401.7,1298.2,,,97.4,347.0,395.8,690.3,1220.5,,,197.1,792.2,881.1,1164.8,2189.6,,,826.9,4216.5,4017.3,4181.9,5545.6,,,,,,,,,,,,,,,,,259.6,622.9,1006.3,836.3,3518.6,,,318.8,920.9,1645.8,1002.3,4724.0,,,1060.7,1275.4,2189.6,3130.0,9448.1,,,1939.9,2576.7,4114.5,4251.6,9999.9,,,3724.0,4859.0,5545.6,8796.5,9276.3,,,9999.9,9999.9,9999.9,9999.9,9999.9,,,,,,,,,,,,,,,,,406.2,951.8,1796.4,2319.0,4114.5,,,512.7,1375.2,3001.1,4360.6,7730.2,,,1397.8,1574.6,4251.6,6298.7,9999.9,,,3208.8,4081.5,2362.0,9999.9,8098.4,,,5864.3,6458.2,8647.4,9999.9,9999.9,,,9999.9,9999.9,9999.9,9999.9,9999.9,,,,,,,,,,,,,,,,,486.3,1223.5,981.1,3401.3,5206.1,,,560.6,1862.0,2287.8,3670.5,5545.6,,,2143.6,2966.2,4049.2,9999.9,9999.9,,,1790.1,3670.5,4360.6,9999.9,9999.9,,,7288.5,7288.5,9999.9,9999.9,9999.9,,,9999.9,9999.9,9999.9,9999.9,9999.9,,,,,,,,,,,,,,,,,1346.1,2983.6,3130.0,4147.9,5314.5,,,1390.1,3779.2,3724.0,4436.5,5797.7,,,7086.1,9999.9,9110.7,9999.9,9999.9,,,6298.7,8098.4,9999.9,9999.9,9999.9,,,9448.1,9999.9,9999.9,9999.9,9999.9,,,9999.9,9999.9,9999.9,9999.9,9999.9,,,,,,,,,,,,,,,,,5486.0,9999.9,7288.5,9999.9,9999.9,,,5606.5,9999.9,9999.9,9999.9,9999.9,,,9999.9,9999.9,9999.9,9999.9,9999.9,,,9999.9,9999.9,9999.9,9999.9,9999.9,,,9999.9,9999.9,9999.9,9999.9,9999.9,,,9999.9,9999.9,9999.9,9999.9,9999.9,,,,,,,,,,,,,,,,,,,,,,,,,,,,,,,,,,,,,,,,,,,,,,,,,,,,,,,,,,,,,,,,,,,,,,,,,,,,,,,,,,,,,,,,,,,,,,,,,,,,,,,,,,,,,,,,,,,,,,,,,,,,,,,,
20261001_青森_3R,20261001,12,青森,3,44.5,23.9,30.2,42.9,170.7,,,87.6,177.3,143.5,233.6,362.1,,,70.6,231.4,179.8,188.8,643.4,,,31.7,81.9,96.0,45.8,191.7,,,96.4,329.0,218.4,97.6,637.9,,,541.0,679.7,1277.2,597.3,868.3,,,,,,,,,,,,,,,,,28.6,14.6,23.9,27.2,116.7,,,25.7,24.2,67.5,114.0,55.7,,,10.4,15.3,47.6,31.5,43.9,,,46.7,111.0,93.0,190.0,282.6,,,131.1,372.1,164.9,404.4,1097.1,,,205.6,122.6,140.8,352.4,719.4,,,,,,,,,,,,,,,,,87.2,276.2,146.1,192.3,338.1,,,56.1,61.0,116.9,179.6,93.4,,,298.3,155.1,589.0,1120.0,528.9,,,186.7,212.7,607.1,950.7,555.2,,,928.3,863.3,1871.4,1913.8,2104.5,,,192.0,102.1,291.1,382.7,330.9,,,,,,,,,,,,,,,,,113.0,347.6,317.5,410.1,831.7,,,55.4,91.0,145.2,135.1,193.4,,,381.2,194.5,634.5,1263.5,617.9,,,447.6,359.9,697.3,952.2,1288.3,,,1159.5,730.0,2328.2,1624.6,3360.0,,,1314.1,610.9,915.4,1508.5,3285.3,,,,,,,,,,,,,,,,,68.4,165.2,212.7,85.0,331.2,,,83.5,175.3,178.6,396.6,361.6,,,265.7,200.3,676.6,1161.8,622.4,,,474.9,430.3,883.9,1340.9,1211.8,,,447.3,1042.9,2310.0,1504.7,3001.8,,,1221.8,664.4,1331.9,1500.9,3696.0,,,,,,,,,,,,,,,,,504.5,1564.4,1069.3,469.3,2310.0,,,627.7,1877.3,832.9,1689.6,3605.8,,,2474.3,2516.4,4316.5,5142.3,6096.5,,,1704.2,1391.4,4380.4,3017.1,6160.0,,,647.0,2097.0,3942.4,3080.0,5280.0,,,5142.3,5686.1,6224.8,8100.8,6797.2,,,,,,,,,,,,,,,,,1028.4,1071.3,1971.2,1552.1,2067.7,,,637.2,278.5,420.6,1143.8,2328.2,,,465.2,239.6,439.3,742.9,1424.9,,,1786.5,827.0,788.4,2443.6,4769.0,,,2166.1,1895.3,1661.1,2829.4,5376.0,,,4254.4,4514.2,3650.3,6797.2,6224.8,,,,,,,,,,,,,,,,,,,,,,,,,,,,,,,,,,,,,,,,,,,,,,,,,,,,,,,,,,,,,,,,,,,,,,,,,,,,,,,,,,,,,,,,,,,,,,,,,,,,,,,,,,,,,,,,,,,,,,,,,,,,,,,,
20261001_青森_4R,20261001,12,青森,4,68.9,113.4,66.3,73.0,118.8,,,65.1,49.1,148.9,14.6,336.2,,,182.7,101.3,331.6,104.4,725.9,,,203.5,347.6,497.0,364.5,709.5,,,24.2,5.4,35.3,93.8,108.8,,,104.7,273.5,388.7,428.1,326.0,,,,,,,,,,,,,,,,,256.1,448.7,190.1,226.8,442.4,,,463.6,865.8,671.6,598.8,1870.1,,,828.7,1164.4,1063.5,1251.3,3105.3,,,262.1,431.8,567.7,471.0,370.7,,,253.8,487.9,973.0,547.9,1122.9,,,554.6,1037.2,1829.3,335.3,820.6,,,,,,,,,,,,,,,,,202.1,68.5,387.2,27.3,963.7,,,460.6,858.4,929.8,286.4,2339.8,,,136.7,671.6,1035.1,103.4,2339.8,,,1562.2,2113.6,2579.7,1877.0,6134.8,,,23.4,204.6,60.9,459.8,908.0,,,2810.3,3445.6,4263.2,6449.4,3517.9,,,,,,,,,,,,,,,,,695.7,335.1,1108.0,302.6,2540.7,,,1218.0,1643.9,1671.2,2036.6,4791.0,,,475.0,1178.1,1688.1,528.9,4532.0,,,2478.1,2794.7,3224.7,4157.5,9491.7,,,308.0,1378.2,406.0,2579.7,5716.5,,,5918.3,6707.4,7085.3,9999.9,8113.8,,,,,,,,,,,,,,,,,984.4,1649.3,1466.6,1014.2,3376.2,,,838.4,1413.0,1660.2,1186.4,984.4,,,2187.2,2842.1,3493.4,3542.6,9491.7,,,3353.7,2959.1,4701.4,5468.0,9999.9,,,1497.2,2255.8,2734.0,4024.4,4573.2,,,4931.9,1409.1,8673.4,9863.9,6449.4,,,,,,,,,,,,,,,,,23.3,4.3,38.5,119.7,143.2,,,91.8,100.5,303.2,285.1,482.3,,,8.8,52.9,29.8,278.3,447.9,,,121.1,397.3,96.5,879.4,1927.4,,,602.4,639.2,654.1,1178.1,2675.8,,,732.2,978.7,1014.2,1870.1,2177.7,,,,,,,,,,,,,,,,,909.6,2159.0,3105.3,2465.9,1138.1,,,842.6,1607.2,2661.6,500.5,1280.0,,,3992.5,5081.4,7739.3,7186.5,4791.0,,,5716.5,6367.8,8113.8,9999.9,9999.9,,,4412.8,1263.9,6533.2,9674.2,5716.5,,,1273.5,2131.6,2361.7,6798.1,5133.2,,,,,,,,,,,,,,,,,,,,,,,,,,,,,,,,,,,,,,,,,,,,,,,,,,,,,,,,,,,,,,,,,,,,,,,,,,,,,,,,,,,,,,,,,,,,,,,,,,,,,,,,,,,,,,,,,,,,,,,,,,,,,,,,
20261001_青森_5R,20261001,12,青森,5,11.5,111.4,69.2,39.2,107.7,,,26.2,271.5,212.6,89.9,202.5,,,470.6,766.0,568.4,762.3,1751.5,,,166.9,400.2,360.4,443.1,950.5,,,59.9,73.3,195.7,156.0,327.5,,,320.5,599.5,2464.6,608.9,448.6,,,,,,,,,,,,,,,,,9.8,58.6,35.9,26.2,76.0,,,5.3,36.4,20.5,30.8,6.8,,,209.1,206.5,170.0,438.8,601.3,,,78.1,85.0,89.9,200.8,242.4,,,162.3,228.1,488.6,422.4,669.0,,,227.0,89.6,731.0,342.2,672.6,,,,,,,,,,,,,,,,,56.9,399.9,276.1,161.7,309.3,,,18.6,77.5,50.8,75.6,26.9,,,1105.6,554.7,910.3,1636.6,1555.0,,,421.6,247.4,589.9,854.1,921.0,,,345.4,449.5,1398.1,1283.0,1269.9,,,582.2,167.4,1084.4,981.9,1013.9,,,,,,,,,,,,,,,,,1275.1,1985.8,1101.7,2227.0,4653.4,,,905.0,910.3,771.7,1786.7,2983.5,,,2219.0,1229.9,1555.0,3483.6,3281.9,,,664.0,537.5,712.6,1127.6,1889.5,,,2927.5,3503.1,3668.0,3483.6,8660.6,,,8314.2,4988.5,4988.5,5668.7,9999.9,,,,,,,,,,,,,,,,,262.5,513.6,482.6,652.9,1028.9,,,231.2,227.5,284.9,763.2,805.6,,,478.9,312.5,589.9,986.6,1092.0,,,365.5,309.3,379.9,630.5,1065.9,,,1028.9,1967.0,2085.5,1524.6,3625.3,,,2203.4,2847.3,3086.9,4653.4,5882.6,,,,,,,,,,,,,,,,,425.0,234.5,412.6,386.1,1413.9,,,650.2,815.1,1985.8,1930.5,3133.4,,,457.1,925.1,2454.9,3041.7,2983.5,,,2335.4,3464.2,3583.7,3149.3,8541.9,,,1318.3,2927.5,3086.9,2243.0,6705.0,,,5469.8,6852.3,7994.4,9999.9,9999.9,,,,,,,,,,,,,,,,,1636.6,2524.5,6928.5,2484.3,3997.2,,,936.2,333.2,2092.5,1756.5,2078.5,,,1771.4,379.9,3483.6,3181.4,3149.3,,,9999.9,5617.7,7423.3,9170.0,9999.9,,,2687.7,3946.6,4619.0,8204.8,9999.9,,,6563.8,6428.5,7085.9,9999.9,9999.9,,,,,,,,,,,,,,,,,,,,,,,,,,,,,,,,,,,,,,,,,,,,,,,,,,,,,,,,,,,,,,,,,,,,,,,,,,,,,,,,,,,,,,,,,,,,,,,,,,,,,,,,,,,,,,,,,,,,,,,,,,,,,,,,
20261001_青森_6R,20261001,12,青森,6,8.4,9.2,12.0,70.0,122.9,,,3.3,12.5,25.1,28.3,79.0,,,21.4,40.3,90.8,136.4,351.0,,,132.8,174.1,233.7,466.6,720.6,,,176.7,152.9,237.8,310.8,265.4,,,593.3,481.0,1025.9,925.6,482.8,,,,,,,,,,,,,,,,,48.4,63.4,83.7,270.1,622.3,,,99.6,189.8,219.3,629.2,970.2,,,60.4,102.3,40.5,168.5,461.4,,,152.2,194.0,98.2,317.8,609.5,,,758.2,979.3,564.9,661.8,1244.6,,,2103.8,2892.7,2255.6,2162.0,2647.5,,,,,,,,,,,,,,,,,29.4,67.4,122.0,143.4,341.2,,,129.0,332.7,376.4,729.0,1346.6,,,291.9,454.4,1012.6,1631.4,3254.3,,,697.3,1290.9,2103.8,3271.3,5529.4,,,842.0,1971.0,2636.4,3124.1,2947.3,,,2348.9,4110.7,7100.3,5950.7,5079.9,,,,,,,,,,,,,,,,,129.0,159.7,300.2,382.8,1020.9,,,96.5,178.5,68.1,288.0,654.2,,,312.4,348.2,970.2,1512.9,2764.7,,,880.0,337.3,1285.6,1512.9,3155.7,,,1315.4,991.7,2375.7,2184.7,1790.3,,,4110.7,3237.4,6007.9,4769.6,3741.4,,,,,,,,,,,,,,,,,778.1,1259.7,1239.7,2975.3,4400.2,,,572.1,801.0,421.8,1077.2,1735.6,,,1558.1,1904.9,3305.9,4919.9,9325.8,,,1501.9,660.4,2035.2,2403.1,7100.3,,,5340.4,2975.3,6248.2,4309.1,3905.1,,,9999.9,8331.0,9999.9,9999.9,6942.5,,,,,,,,,,,,,,,,,865.4,614.9,916.1,1837.7,821.0,,,877.5,1031.0,883.7,953.9,1307.1,,,943.8,1826.9,2499.3,3452.0,2459.9,,,1192.4,1127.8,2403.1,2716.6,1627.1,,,4083.8,2550.3,4400.2,3833.3,3305.9,,,805.1,1092.3,1343.7,1234.8,1436.3,,,,,,,,,,,,,,,,,2421.8,3108.6,4560.7,5340.4,2614.3,,,4250.5,4431.4,5529.4,4309.1,4400.2,,,4733.5,8678.1,9999.9,9999.9,7713.9,,,6248.2,6375.8,9762.9,9999.9,6647.1,,,9999.9,8221.4,9999.9,9999.9,5950.7,,,1760.0,2068.9,2658.8,2906.1,2529.6,,,,,,,,,,,,,,,,,,,,,,,,,,,,,,,,,,,,,,,,,,,,,,,,,,,,,,,,,,,,,,,,,,,,,,,,,,,,,,,,,,,,,,,,,,,,,,,,,,,,,,,,,,,,,,,,,,,,,,,,,,,,,,,,
20261001_青森_7R,20261001,12,青森,7,11.8,30.4,3.8,105.2,290.3,,,57.4,205.5,112.8,340.8,1083.5,,,156.7,303.5,347.1,981.0,2389.8,,,12.6,51.8,150.5,250.9,593.3,,,540.2,734.1,1751.4,819.6,2939.2,,,1300.2,3020.2,6186.7,1568.8,3093.3,,,,,,,,,,,,,,,,,10.9,20.9,4.7,94.8,231.6,,,34.7,29.3,84.6,74.0,385.1,,,52.6,35.5,121.7,153.6,630.8,,,45.0,145.3,205.7,484.0,933.2,,,539.4,397.4,587.8,1039.5,1257.6,,,1389.7,2008.2,2851.8,3502.9,2574.3,,,,,,,,,,,,,,,,,143.3,280.7,241.4,357.3,1200.5,,,135.3,164.8,310.8,264.9,1033.9,,,169.5,157.2,383.3,142.5,630.3,,,510.7,618.6,1004.1,1121.5,3008.4,,,389.4,468.0,247.6,859.0,598.8,,,2961.9,3056.3,1957.0,3954.4,1697.2,,,,,,,,,,,,,,,,,216.0,414.0,504.0,1078.9,3008.4,,,153.2,150.8,391.6,729.9,2024.1,,,186.8,139.1,359.6,229.0,993.7,,,1077.4,1143.2,1372.3,3379.5,7521.1,,,2360.4,1792.4,856.1,3409.5,2591.7,,,7237.3,5901.1,3105.8,7306.2,4408.9,,,,,,,,,,,,,,,,,60.0,204.9,458.2,523.2,1058.1,,,87.2,366.7,714.9,1119.9,2130.9,,,454.7,628.2,1311.3,1697.2,3995.5,,,1213.8,1492.5,1519.1,4358.8,7828.1,,,2062.2,3519.0,3044.2,5811.7,3742.2,,,3321.0,8161.2,7671.5,9999.9,5682.6,,,,,,,,,,,,,,,,,1436.6,1348.2,3131.2,1501.2,4486.2,,,1952.0,1464.0,2296.8,3742.2,4794.7,,,1075.9,1343.5,620.6,2045.7,1598.2,,,2243.1,2830.8,944.7,5364.7,3816.6,,,2627.2,5364.7,3487.0,6288.1,4192.0,,,5327.4,6974.1,3056.3,4192.0,4764.9,,,,,,,,,,,,,,,,,5183.4,7521.1,9999.9,3670.5,9999.9,,,5183.4,5440.8,9999.9,9242.8,9999.9,,,7237.3,7521.1,5559.0,7991.1,4434.4,,,9999.9,9999.9,6186.7,9999.9,8523.9,,,4358.8,9999.9,9835.3,9999.9,6501.3,,,8717.6,9999.9,4358.8,7306.2,6186.7,,,,,,,,,,,,,,,,,,,,,,,,,,,,,,,,,,,,,,,,,,,,,,,,,,,,,,,,,,,,,,,,,,,,,,,,,,,,,,,,,,,,,,,,,,,,,,,,,,,,,,,,,,,,,,,,,,,,,,,,,,,,,,,,
20261001_前橋_1R,20261001,22,前橋,1,3.8,8.0,23.5,44.1,174.8,,,11.7,36.6,71.8,103.8,582.8,,,29.0,41.7,119.4,52.7,874.2,,,88.7,111.1,189.5,406.2,387.9,,,313.6,328.7,244.7,824.4,2080.0,,,718.1,1988.6,2530.9,800.7,1226.8,,,,,,,,,,,,,,,,,16.4,29.0,70.3,140.6,289.3,,,45.1,123.3,232.9,397.7,1117.0,,,116.8,215.3,553.4,437.1,2248.0,,,319.7,564.6,876.3,1683.3,2033.3,,,697.3,1163.7,1117.0,2350.1,4640.1,,,1675.6,3290.2,5744.9,4413.7,3548.3,,,,,,,,,,,,,,,,,20.6,57.7,133.6,224.6,666.5,,,23.5,76.0,163.6,243.7,686.7,,,103.5,109.9,293.0,176.4,1222.7,,,259.2,255.7,343.3,620.8,900.3,,,669.0,637.2,464.0,918.6,1935.4,,,2942.5,2496.0,3351.2,2141.5,3202.9,,,,,,,,,,,,,,,,,50.3,74.9,230.0,107.8,1182.7,,,79.4,109.8,446.2,257.2,1846.5,,,104.1,89.7,213.7,85.6,1756.9,,,413.6,562.0,311.2,331.4,1560.0,,,147.5,151.2,65.6,215.5,942.5,,,3351.2,3548.3,3619.2,3770.1,3093.4,,,,,,,,,,,,,,,,,232.9,297.8,459.8,1113.6,1226.8,,,457.5,581.8,1052.1,1630.3,1945.8,,,330.5,363.3,372.7,608.2,1152.6,,,685.4,887.0,445.7,559.3,2262.0,,,2462.1,2234.1,1441.9,1386.7,2044.8,,,1175.0,1292.6,1138.1,1856.0,1707.2,,,,,,,,,,,,,,,,,1441.9,1623.0,1365.7,3513.8,5933.2,,,1660.2,1885.0,1495.5,3809.7,6828.8,,,1489.4,1623.0,932.8,2741.8,5837.5,,,716.6,675.2,489.7,902.5,2365.5,,,4468.2,3934.0,3480.0,2080.0,3891.7,,,9524.4,7868.0,9999.9,6349.6,4825.7,,,,,,,,,,,,,,,,,3548.3,6349.6,7096.6,4762.2,9781.8,,,4160.1,4413.7,9524.4,4524.1,9524.4,,,7386.3,6349.6,9048.2,5245.3,9999.9,,,8416.9,9999.9,9999.9,9999.9,9999.9,,,3548.3,2991.1,2849.8,5744.9,3548.3,,,9524.4,9048.2,9280.2,8827.5,5568.1,,,,,,,,,,,,,,,,,,,,,,,,,,,,,,,,,,,,,,,,,,,,,,,,,,,,,,,,,,,,,,,,,,,,,,,,,,,,,,,,,,,,,,,,,,,,,,,,,,,,,,,,,,,,,,,,,,,,,,,,,,,,,,,,
20261001_前橋_2R,20261001,22,前橋,2,35.9,16.6,125.9,165.3,371.2,,,17.4,10.3,33.2,87.9,131.0,,,10.1,18.5,54.2,42.1,256.2,,,176.1,88.6,97.5,314.4,195.7,,,521.2,469.6,354.5,801.5,1831.1,,,736.3,655.3,751.0,490.3,1210.2,,,,,,,,,,,,,,,,,98.9,58.3,273.2,379.0,719.0,,,157.2,170.1,710.6,473.7,1817.5,,,27.7,72.6,98.3,30.4,333.7,,,438.4,747.5,317.4,1142.3,690.5,,,888.9,1201.2,348.7,1680.1,3094.4,,,1940.1,3326.0,1523.1,2080.5,4288.7,,,,,,,,,,,,,,,,,108.8,75.7,160.4,341.1,462.9,,,228.0,312.6,949.3,925.9,2192.4,,,146.4,326.3,695.4,782.2,1746.1,,,542.6,1358.1,1051.4,2469.3,1310.7,,,1499.7,3018.0,2182.6,4404.7,3942.9,,,1752.4,4701.1,3621.6,2350.5,6886.2,,,,,,,,,,,,,,,,,17.1,30.5,94.5,49.4,340.7,,,14.3,33.8,57.9,14.4,202.4,,,94.5,115.3,322.0,209.7,831.5,,,156.5,121.9,274.8,234.2,415.3,,,115.4,65.4,154.4,281.7,561.3,,,1018.5,630.8,1572.0,1084.0,981.7,,,,,,,,,,,,,,,,,230.1,105.5,106.3,688.6,241.4,,,291.8,425.5,150.9,964.3,490.3,,,239.0,490.3,332.3,1328.5,863.8,,,97.7,106.2,195.1,202.9,186.1,,,1413.0,1909.8,2274.0,1067.5,1455.1,,,179.9,275.2,367.8,190.6,385.5,,,,,,,,,,,,,,,,,2172.9,2253.0,1396.9,4214.8,6518.9,,,2432.4,3055.7,568.5,3760.9,6433.1,,,2859.1,4007.5,2306.2,6790.5,9778.4,,,999.8,461.6,1442.2,2080.5,4143.4,,,4840.8,5752.0,6518.9,3259.4,5372.7,,,9978.0,8286.8,9999.9,7760.6,5890.6,,,,,,,,,,,,,,,,,2945.3,2859.1,2614.5,1784.3,6518.9,,,3154.3,5146.5,2945.3,2859.1,8148.7,,,3443.1,7407.9,6036.0,2746.7,9999.9,,,2746.7,2927.6,4889.2,2192.4,3259.4,,,722.1,1381.1,841.5,1008.0,1771.4,,,9778.4,9586.7,9999.9,8730.7,4701.1,,,,,,,,,,,,,,,,,,,,,,,,,,,,,,,,,,,,,,,,,,,,,,,,,,,,,,,,,,,,,,,,,,,,,,,,,,,,,,,,,,,,,,,,,,,,,,,,,,,,,,,,,,,,,,,,,,,,,,,,,,,,,,,,
20261001_前橋_3R,20261001,22,前橋,3,20.9,60.6,152.9,21.7,322.7,,,18.2,55.1,140.2,12.2,212.4,,,85.3,100.3,162.9,83.1,204.3,,,245.9,218.2,198.0,122.5,621.7,,,15.7,5.8,36.8,54.4,91.1,,,708.6,420.7,663.7,1075.9,325.0,,,,,,,,,,,,,,,,,54.9,103.7,233.7,45.9,383.4,,,178.9,505.6,938.7,354.0,897.6,,,141.4,352.4,174.2,218.7,242.9,,,387.8,837.0,295.4,495.0,808.3,,,127.7,239.3,272.0,440.0,677.1,,,913.3,1035.7,648.2,1078.4,1155.0,,,,,,,,,,,,,,,,,207.8,567.7,755.2,145.1,1386.0,,,305.0,1181.1,1931.4,641.1,1947.4,,,1377.9,1963.6,3516.9,2265.7,3366.2,,,1765.0,2467.3,3993.8,2467.3,4323.6,,,292.3,574.7,1592.1,2171.7,2454.5,,,3800.5,4207.7,3543.4,1855.4,4666.0,,,,,,,,,,,,,,,,,117.4,157.3,145.4,174.7,177.8,,,91.4,232.7,75.1,265.8,91.6,,,709.7,802.8,929.5,1047.2,963.7,,,59.4,69.0,197.1,143.8,36.1,,,216.0,355.4,738.6,282.1,383.4,,,125.6,89.8,283.8,68.3,356.7,,,,,,,,,,,,,,,,,240.2,195.1,158.0,126.9,541.0,,,371.6,740.9,294.1,547.3,760.1,,,901.0,1505.6,1540.1,1243.4,2618.1,,,79.9,119.3,312.1,151.2,52.5,,,146.3,374.6,579.6,207.7,525.3,,,1006.9,935.0,2031.3,317.3,1169.4,,,,,,,,,,,,,,,,,50.0,17.6,67.0,86.2,156.1,,,163.6,255.5,388.5,519.5,673.2,,,143.1,289.3,786.7,918.6,1059.0,,,245.5,457.9,648.2,351.4,394.3,,,180.0,350.6,544.1,260.3,746.8,,,798.7,1114.1,1309.0,1000.5,1530.1,,,,,,,,,,,,,,,,,1963.6,1848.1,1369.9,2547.4,1454.5,,,1689.1,1947.4,924.0,1870.1,2040.1,,,3295.6,3831.4,3184.2,4909.0,3570.2,,,776.3,520.7,1320.0,376.1,1184.1,,,2454.5,1915.7,4170.5,603.4,2708.4,,,1892.6,2212.5,3272.7,1947.4,2677.6,,,,,,,,,,,,,,,,,,,,,,,,,,,,,,,,,,,,,,,,,,,,,,,,,,,,,,,,,,,,,,,,,,,,,,,,,,,,,,,,,,,,,,,,,,,,,,,,,,,,,,,,,,,,,,,,,,,,,,,,,,,,,,,,
20261001_前橋_4R,20261001,22,前橋,4,69.2,23.3,40.1,248.3,335.7,,,131.0,137.0,111.4,133.1,166.9,,,30.3,86.9,56.4,264.1,329.0,,,31.2,53.6,38.3,145.7,253.0,,,429.8,266.7,458.6,334.1,1063.2,,,841.1,908.1,1110.7,863.7,1620.1,,,,,,,,,,,,,,,,,106.9,39.0,76.2,291.4,367.0,,,119.6,79.1,299.2,131.0,141.8,,,27.4,47.4,111.5,153.2,145.5,,,150.3,282.2,210.6,507.9,823.4,,,478.6,216.6,326.5,880.3,776.7,,,926.5,524.0,579.4,1921.3,1306.9,,,,,,,,,,,,,,,,,141.2,151.1,117.2,97.4,145.3,,,111.4,53.8,290.3,64.0,95.9,,,135.6,60.9,340.1,79.9,130.0,,,175.5,349.0,462.4,268.8,365.7,,,57.0,42.2,50.7,185.8,23.4,,,192.4,88.7,131.4,378.1,40.0,,,,,,,,,,,,,,,,,30.6,77.1,81.7,216.2,283.4,,,18.8,36.4,92.4,140.4,117.9,,,95.5,67.0,307.9,115.4,170.4,,,139.6,172.0,304.5,542.7,888.9,,,421.8,290.1,209.6,764.7,754.2,,,970.9,527.0,649.5,1921.3,1368.9,,,,,,,,,,,,,,,,,28.8,43.8,45.2,124.0,274.3,,,128.5,252.3,237.2,505.6,957.3,,,140.0,254.6,316.8,204.0,345.7,,,175.5,234.3,346.1,614.5,1241.7,,,354.6,626.5,226.2,762.6,1276.4,,,1460.2,2155.8,1294.5,2444.6,2155.8,,,,,,,,,,,,,,,,,666.1,403.5,669.4,535.2,1634.6,,,712.0,328.6,423.8,965.7,1247.3,,,190.8,138.0,191.7,382.1,89.6,,,738.9,468.8,438.4,993.8,1345.4,,,549.2,883.2,645.7,972.6,1722.0,,,2090.0,1634.6,440.1,1389.8,2370.5,,,,,,,,,,,,,,,,,2164.4,1783.7,2216.9,3650.6,3650.6,,,1801.3,970.9,1244.5,3183.6,2208.0,,,884.6,629.4,724.3,1738.4,358.8,,,1934.9,1368.9,1211.4,3911.4,2340.1,,,3298.7,4026.4,2697.5,4311.7,3555.8,,,1862.5,1679.7,501.9,1569.0,3202.3,,,,,,,,,,,,,,,,,,,,,,,,,,,,,,,,,,,,,,,,,,,,,,,,,,,,,,,,,,,,,,,,,,,,,,,,,,,,,,,,,,,,,,,,,,,,,,,,,,,,,,,,,,,,,,,,,,,,,,,,,,,,,,,,
20261001_前橋_5R,20261001,22,前橋,5,8.6,14.6,44.8,12.0,102.1,,,5.0,5.2,18.5,39.4,156.3,,,47.0,34.7,82.7,152.0,411.3,,,160.0,133.3,163.4,340.8,828.2,,,120.1,192.9,249.7,383.3,477.1,,,774.5,1021.9,1394.6,1414.7,973.1,,,,,,,,,,,,,,,,,32.3,45.2,111.6,49.8,211.6,,,78.6,182.0,331.6,307.1,927.1,,,144.4,239.8,311.0,210.0,637.3,,,406.2,683.6,585.5,787.0,1754.5,,,73.9,263.6,66.0,249.3,50.9,,,1255.1,2765.6,1248.7,2562.9,492.4,,,,,,,,,,,,,,,,,34.2,28.7,65.1,118.5,341.3,,,88.3,216.0,421.2,403.5,1258.4,,,100.2,258.4,276.8,592.6,1301.9,,,297.9,819.9,512.0,1255.1,2719.5,,,602.8,893.2,1133.1,1847.2,1754.5,,,2195.1,5562.7,4079.3,6357.3,5379.3,,,,,,,,,,,,,,,,,245.9,140.2,476.1,860.3,1861.2,,,304.9,471.1,857.3,634.0,2128.3,,,201.6,448.6,565.9,1017.7,2091.9,,,617.3,855.8,668.7,1176.7,2083.0,,,1676.4,1248.7,1927.2,2331.0,2879.5,,,5969.7,4799.2,5897.8,5562.7,4895.1,,,,,,,,,,,,,,,,,904.8,526.9,738.3,1717.6,3307.5,,,928.8,1245.5,1125.3,1497.0,3137.9,,,591.9,1642.6,1050.4,1735.8,4332.0,,,775.7,1011.4,819.9,1456.9,2617.7,,,2829.5,2435.4,2484.8,2750.1,3003.1,,,7531.0,6275.8,7306.2,6275.8,5207.6,,,,,,,,,,,,,,,,,630.8,706.3,1375.0,1897.3,2195.1,,,422.7,551.2,549.4,714.6,426.7,,,832.5,1333.8,1717.6,2342.1,2674.9,,,1897.3,1176.7,2147.0,2590.0,3285.3,,,2948.9,2331.0,2719.5,3040.4,4012.4,,,3098.2,1043.7,3824.3,3003.1,3137.9,,,,,,,,,,,,,,,,,4618.1,5827.6,7198.8,9999.9,6357.3,,,4895.1,6118.9,6043.4,7895.4,1806.3,,,5759.0,9999.9,9999.9,9999.9,9999.9,,,8439.9,7648.7,8588.0,9065.1,7306.2,,,9999.9,9790.3,9999.9,9236.2,7198.8,,,5759.0,1806.3,7531.0,5897.8,5207.6,,,,,,,,,,,,,,,,,,,,,,,,,,,,,,,,,,,,,,,,,,,,,,,,,,,,,,,,,,,,,,,,,,,,,,,,,,,,,,,,,,,,,,,,,,,,,,,,,,,,,,,,,,,,,,,,,,,,,,,,,,,,,,,,
20261001_前橋_6R,20261001,22,前橋,6,75.1,56.2,345.6,130.5,85.3,,,64.5,69.0,222.7,45.1,94.7,,,54.9,86.5,464.4,130.6,117.4,,,988.5,615.5,1112.3,719.9,877.1,,,169.9,68.0,161.8,268.5,177.5,,,67.1,76.3,111.3,235.2,92.0,,,,,,,,,,,,,,,,,134.1,92.9,600.8,224.9,183.4,,,135.6,89.8,531.8,145.1,414.2,,,38.5,47.8,275.2,77.3,191.1,,,1388.3,1378.2,1252.5,1620.7,2678.2,,,316.0,217.4,245.0,717.2,789.2,,,537.5,796.6,605.1,1998.0,856.3,,,,,,,,,,,,,,,,,35.7,51.2,138.2,33.5,83.3,,,41.3,28.1,205.0,40.6,203.5,,,57.1,27.0,207.8,44.0,251.9,,,402.8,520.8,510.6,186.1,1063.7,,,19.4,20.4,30.8,21.0,110.7,,,327.6,569.5,657.8,1102.5,462.2,,,,,,,,,,,,,,,,,52.7,97.5,456.3,198.6,167.1,,,24.4,26.8,186.1,51.7,164.1,,,78.3,42.3,317.7,71.3,344.5,,,1444.1,1135.7,1200.7,1222.1,2390.0,,,276.1,190.6,155.7,424.3,885.4,,,725.5,797.5,901.2,2412.9,1425.0,,,,,,,,,,,,,,,,,2208.3,1293.2,1483.8,1522.7,2484.4,,,2121.5,2182.8,2345.5,2716.7,4469.0,,,995.0,1802.5,1921.8,404.5,3045.4,,,2452.1,2345.5,2288.6,2604.3,4315.8,,,1260.8,1998.0,337.7,2221.3,2360.2,,,2375.0,4968.8,4195.9,5318.7,3853.4,,,,,,,,,,,,,,,,,270.0,120.5,336.4,396.0,428.8,,,304.0,174.7,273.9,576.5,718.6,,,47.1,57.2,65.2,45.9,134.8,,,342.5,264.2,166.8,397.5,455.5,,,521.9,657.8,169.3,689.7,895.9,,,835.4,1318.0,717.2,1427.7,1355.9,,,,,,,,,,,,,,,,,369.1,404.9,542.9,987.2,456.6,,,736.1,1708.7,1355.9,3795.3,2024.8,,,847.6,1631.2,1860.2,3173.3,1353.5,,,1228.0,1475.1,2109.6,4243.0,2323.9,,,2444.2,4780.1,4195.9,5001.7,3312.5,,,1195.0,2151.7,1396.0,2484.4,1998.0,,,,,,,,,,,,,,,,,,,,,,,,,,,,,,,,,,,,,,,,,,,,,,,,,,,,,,,,,,,,,,,,,,,,,,,,,,,,,,,,,,,,,,,,,,,,,,,,,,,,,,,,,,,,,,,,,,,,,,,,,,,,,,,,
20261001_前橋_7R,20261001,22,前橋,7,18.0,22.6,46.8,82.8,115.6,,,12.7,31.9,43.1,78.7,102.0,,,6.4,8.7,15.8,39.3,4.4,,,81.6,79.2,68.9,136.7,194.6,,,216.9,224.6,195.1,253.5,397.9,,,187.5,172.8,27.1,214.8,250.8,,,,,,,,,,,,,,,,,105.0,104.3,254.3,394.8,563.6,,,110.2,221.4,274.6,403.0,813.6,,,192.3,390.7,748.5,958.8,923.7,,,478.3,544.6,953.4,1143.6,2275.2,,,1022.6,962.0,1628.8,1337.5,3320.6,,,1345.9,2014.1,1981.6,2756.5,3496.1,,,,,,,,,,,,,,,,,80.4,118.4,178.5,341.9,474.1,,,92.2,193.9,239.1,334.7,668.7,,,279.5,424.9,900.5,1506.2,1030.0,,,405.6,649.0,1154.4,1477.7,2263.3,,,1450.3,1829.9,2747.7,2375.8,3945.2,,,1419.2,1968.0,2042.8,3257.7,4942.8,,,,,,,,,,,,,,,,,61.2,85.2,114.4,235.8,39.9,,,212.0,500.9,878.5,1416.8,786.8,,,348.2,533.2,1268.5,1968.0,1452.7,,,467.4,1295.2,1460.1,2042.8,1906.9,,,1303.1,3104.8,4154.8,3221.1,4300.2,,,186.3,1108.3,1503.5,1246.4,2052.6,,,,,,,,,,,,,,,,,240.7,233.7,143.6,372.1,587.8,,,417.9,599.7,913.0,1204.5,2072.4,,,422.0,714.9,1218.2,1784.3,2654.4,,,294.2,842.3,1204.5,1387.1,1535.8,,,872.2,1457.7,2004.7,1657.1,2402.3,,,1329.2,4456.2,3524.8,2567.3,4195.3,,,,,,,,,,,,,,,,,1412.2,1274.1,1053.9,1470.1,2996.7,,,2507.4,2382.4,3583.5,3150.3,6565.3,,,2544.5,2801.4,3723.1,4000.2,9556.1,,,1730.4,3874.1,4456.2,3755.6,5089.0,,,1580.9,2687.6,2996.7,2935.3,4365.7,,,5276.4,7288.6,9885.6,7544.3,7107.8,,,,,,,,,,,,,,,,,891.2,772.0,104.8,1051.4,1389.4,,,1398.4,2194.0,3082.6,4134.8,4550.5,,,1924.0,2886.0,4076.0,5513.1,8515.3,,,245.5,2182.8,2500.1,2281.3,3372.7,,,2194.0,6935.9,4648.9,3822.4,6418.3,,,5089.0,7890.4,9999.9,8600.5,6323.9,,,,,,,,,,,,,,,,,,,,,,,,,,,,,,,,,,,,,,,,,,,,,,,,,,,,,,,,,,,,,,,,,,,,,,,,,,,,,,,,,,,,,,,,,,,,,,,,,,,,,,,,,,,,,,,,,,,,,,,,,,,,,,,,
20261001_大宮_1R,20261001,25,大宮,1,109.7,12.7,48.6,58.1,94.7,,,237.6,98.8,341.0,378.5,188.8,,,4.8,22.7,14.3,6.8,12.5,,,99.0,172.7,48.2,164.7,262.7,,,113.4,302.9,39.1,189.9,286.4,,,106.3,103.4,41.3,204.4,191.9,,,,,,,,,,,,,,,,,220.1,30.4,71.5,137.4,159.7,,,571.6,1007.0,798.1,1120.8,569.0,,,67.6,545.0,187.0,453.0,381.3,,,103.7,404.0,258.8,503.5,466.1,,,818.4,2657.7,1116.0,1315.2,2772.0,,,248.8,367.2,457.9,644.4,1448.3,,,,,,,,,,,,,,,,,776.5,444.4,1047.9,1135.6,448.3,,,1023.0,1571.9,1631.6,3580.5,745.0,,,760.4,2079.0,2203.4,3847.7,1204.6,,,1464.7,1938.3,1923.8,3182.6,972.8,,,3736.2,5995.3,5261.1,6444.9,4296.6,,,286.7,457.9,621.2,578.0,1828.3,,,,,,,,,,,,,,,,,25.7,66.9,56.0,29.6,33.5,,,108.4,633.4,372.5,502.5,355.0,,,344.1,944.3,1177.1,1611.2,585.9,,,278.7,602.3,965.5,1106.4,951.2,,,274.8,885.9,1601.2,1295.4,1288.9,,,131.1,374.1,293.6,667.8,831.6,,,,,,,,,,,,,,,,,342.3,870.9,251.5,778.8,895.1,,,299.7,798.1,516.6,1120.8,969.1,,,1473.1,1642.0,2502.8,3222.4,1525.4,,,462.0,927.3,1967.9,2222.3,1938.3,,,2896.6,2929.5,4864.1,3392.0,4603.5,,,1516.4,1909.6,1507.5,2630.5,4522.7,,,,,,,,,,,,,,,,,1342.6,2079.0,396.6,1802.7,2997.6,,,1998.4,3906.0,2241.7,3305.1,8056.1,,,4774.0,8056.1,5859.0,8316.0,7812.0,,,565.3,1998.4,4226.2,3847.7,3847.7,,,3580.5,4158.0,7365.6,4092.0,8056.1,,,3966.1,6610.2,7365.6,4522.7,7365.6,,,,,,,,,,,,,,,,,184.0,123.7,73.0,322.2,394.1,,,309.1,403.4,476.5,749.4,2241.7,,,119.4,215.5,245.7,287.4,1140.7,,,116.5,449.9,365.1,821.0,1210.3,,,738.6,969.1,682.0,1060.8,2409.3,,,1868.1,3106.0,3182.6,2166.3,3531.4,,,,,,,,,,,,,,,,,,,,,,,,,,,,,,,,,,,,,,,,,,,,,,,,,,,,,,,,,,,,,,,,,,,,,,,,,,,,,,,,,,,,,,,,,,,,,,,,,,,,,,,,,,,,,,,,,,,,,,,,,,,,,,,,
20261001_大宮_2R,20261001,25,大宮,2,86.2,121.9,95.1,42.2,30.4,,,113.9,282.2,53.9,92.0,152.4,,,241.2,487.7,411.0,80.7,181.3,,,147.3,65.1,234.8,116.6,128.0,,,15.7,35.6,8.8,35.9,14.3,,,23.0,127.8,86.4,72.9,28.9,,,,,,,,,,,,,,,,,295.0,476.2,336.2,160.7,105.7,,,492.8,1969.2,685.0,851.8,662.5,,,1282.9,3587.9,2731.5,1163.1,1335.5,,,667.7,838.3,1915.7,1129.0,657.4,,,239.1,705.6,563.0,896.9,338.7,,,68.3,222.0,283.5,162.0,101.0,,,,,,,,,,,,,,,,,332.5,896.9,162.8,259.2,431.5,,,545.5,2075.4,669.9,940.8,845.0,,,2960.7,3884.2,2288.5,2841.4,3387.0,,,159.6,288.8,544.8,280.9,229.2,,,388.4,841.7,857.0,589.6,1147.3,,,626.3,549.8,2252.0,353.9,1496.0,,,,,,,,,,,,,,,,,1430.3,2447.2,1997.0,394.9,1411.2,,,2055.2,4923.0,4364.7,2127.5,2803.8,,,3920.2,6828.7,4601.9,4233.8,6940.6,,,3470.3,5721.3,4364.7,4276.5,6615.3,,,364.3,1331.3,2597.4,2378.5,1585.7,,,2065.2,2597.4,6048.3,4923.0,2447.2,,,,,,,,,,,,,,,,,654.3,252.0,1085.5,503.4,555.6,,,893.2,778.2,2045.3,1573.9,784.0,,,197.3,332.5,709.1,371.0,329.4,,,2713.9,3183.3,2006.5,3090.3,3528.1,,,857.0,1714.0,1005.6,1506.6,1517.5,,,740.1,511.3,513.8,2045.3,1370.1,,,,,,,,,,,,,,,,,43.1,78.7,18.5,81.2,45.1,,,170.1,502.8,411.8,605.6,298.3,,,278.5,806.4,845.0,830.1,1126.0,,,126.6,425.9,640.5,602.2,457.7,,,448.9,1144.2,914.4,960.0,1237.9,,,129.4,211.2,851.8,311.7,630.9,,,,,,,,,,,,,,,,,28.3,196.4,174.3,101.4,30.0,,,18.6,111.9,79.0,54.8,22.9,,,372.3,248.6,1099.6,237.3,740.1,,,652.3,592.1,1960.1,1496.0,628.1,,,247.8,157.5,227.6,531.2,443.3,,,43.5,51.3,393.4,110.5,305.6,,,,,,,,,,,,,,,,,,,,,,,,,,,,,,,,,,,,,,,,,,,,,,,,,,,,,,,,,,,,,,,,,,,,,,,,,,,,,,,,,,,,,,,,,,,,,,,,,,,,,,,,,,,,,,,,,,,,,,,,,,,,,,,,
20261001_大宮_3R,20261001,25,大宮,3,762.2,1015.7,773.0,924.7,1321.4,,,365.1,65.0,137.7,800.6,101.3,,,613.9,88.4,225.9,1123.2,259.0,,,330.9,116.3,167.6,556.7,322.8,,,1239.9,1521.5,2246.5,1294.5,3182.5,,,994.5,267.2,377.0,530.4,2615.7,,,,,,,,,,,,,,,,,1900.0,2828.9,2432.5,2871.4,2937.7,,,2121.7,1235.9,4493.0,3672.1,2314.5,,,3440.5,1326.0,4657.3,3781.2,5092.0,,,3007.1,4896.2,5025.0,4546.5,7488.3,,,2145.5,2207.5,3031.0,3379.6,4657.3,,,3672.1,3536.1,5378.9,7344.3,8679.6,,,,,,,,,,,,,,,,,276.9,37.1,136.8,623.0,58.0,,,612.0,357.9,1533.7,2010.0,585.7,,,10.4,74.2,47.1,184.8,2.7,,,206.5,986.8,162.8,1252.1,242.6,,,1660.4,2121.7,745.9,2915.3,1204.7,,,36.1,190.6,8.3,120.3,433.9,,,,,,,,,,,,,,,,,291.9,41.1,144.1,785.8,132.8,,,1066.7,715.1,2787.6,2053.2,2109.9,,,12.3,104.9,54.8,273.1,5.7,,,176.0,929.2,202.7,1133.2,690.6,,,1827.3,2386.9,1029.3,3104.9,3350.0,,,153.1,812.5,54.3,600.4,1704.9,,,,,,,,,,,,,,,,,637.5,140.4,210.1,766.8,402.8,,,2010.0,3602.8,4196.7,2342.9,5378.9,,,251.0,1890.6,317.1,2328.6,420.1,,,333.5,1497.6,323.9,1546.1,1094.2,,,1989.0,1809.9,4243.4,3569.2,4714.8,,,1330.6,4339.8,1290.2,2157.6,5875.4,,,,,,,,,,,,,,,,,3156.2,3055.2,4389.7,3236.4,6365.1,,,2220.3,2086.9,2529.1,3471.8,4339.8,,,3471.8,4493.0,1872.0,7072.3,3079.8,,,4440.7,2828.9,1844.9,5092.0,7344.3,,,3264.1,3569.2,5875.4,5786.4,9999.9,,,6584.5,8679.6,4389.7,5700.0,9999.9,,,,,,,,,,,,,,,,,1689.8,366.5,610.0,1611.4,4389.7,,,3156.2,2386.9,3978.1,6260.7,8125.6,,,174.0,771.5,55.9,577.7,1486.0,,,518.1,1968.5,107.4,1552.4,3637.2,,,2133.5,6472.9,1435.7,2767.4,7638.1,,,6819.7,8486.8,4243.4,7344.3,8125.6,,,,,,,,,,,,,,,,,,,,,,,,,,,,,,,,,,,,,,,,,,,,,,,,,,,,,,,,,,,,,,,,,,,,,,,,,,,,,,,,,,,,,,,,,,,,,,,,,,,,,,,,,,,,,,,,,,,,,,,,,,,,,,,,
20261001_大宮_4R,20261001,25,大宮,4,125.8,33.1,57.8,457.3,31.9,,,121.7,49.0,30.3,516.1,71.7,,,7.3,19.5,7.0,150.9,9.2,,,69.5,51.8,39.4,190.7,83.3,,,1617.6,1491.2,715.3,894.1,1404.3,,,17.6,56.1,20.5,48.0,404.0,,,,,,,,,,,,,,,,,499.7,223.4,363.6,1584.1,124.9,,,704.3,1254.2,718.6,2774.5,531.0,,,402.2,1182.9,999.5,2543.3,461.4,,,660.6,835.4,1135.9,1664.7,491.7,,,4819.0,6732.4,4976.1,4318.9,3341.6,,,89.3,219.7,191.8,149.0,875.3,,,,,,,,,,,,,,,,,409.1,192.5,98.9,1105.8,202.5,,,581.7,917.4,441.8,2255.2,537.3,,,513.2,1095.2,575.8,2616.0,1035.7,,,110.7,282.7,305.6,212.2,159.7,,,3416.4,3633.3,3946.6,922.9,3179.2,,,241.9,423.1,618.6,195.3,1853.4,,,,,,,,,,,,,,,,,58.2,101.2,50.9,375.2,45.3,,,286.3,1006.1,777.2,2897.5,511.5,,,478.3,1214.3,794.8,3468.2,1370.6,,,241.4,760.4,549.5,1330.8,575.1,,,1883.9,6023.7,6271.3,4768.8,7043.1,,,138.9,425.0,755.4,468.1,2631.0,,,,,,,,,,,,,,,,,438.5,215.0,246.5,554.9,359.9,,,829.3,748.0,1233.9,1623.4,855.7,,,172.2,306.2,297.4,185.4,264.9,,,448.8,1311.7,710.8,1623.4,892.4,,,1069.6,1467.3,451.4,1476.7,1496.0,,,491.7,737.2,528.0,722.0,1195.3,,,,,,,,,,,,,,,,,5323.3,6271.3,3691.9,4624.3,6732.4,,,6447.9,8477.8,5385.9,6447.9,7266.7,,,6732.4,9740.5,7153.2,1557.1,9999.9,,,3341.6,6540.0,8477.8,5945.5,8976.5,,,4015.8,5869.3,1247.4,5143.8,5795.0,,,7266.7,6732.4,9999.9,7153.2,6271.3,,,,,,,,,,,,,,,,,45.0,132.8,39.4,89.4,651.2,,,46.4,132.7,102.9,82.3,580.2,,,274.6,300.9,600.0,209.9,1658.7,,,98.5,218.8,502.5,320.3,1646.7,,,209.0,237.5,260.4,340.1,781.2,,,3157.2,2557.5,4124.3,4360.0,2435.1,,,,,,,,,,,,,,,,,,,,,,,,,,,,,,,,,,,,,,,,,,,,,,,,,,,,,,,,,,,,,,,,,,,,,,,,,,,,,,,,,,,,,,,,,,,,,,,,,,,,,,,,,,,,,,,,,,,,,,,,,,,,,,,,
20261001_大宮_5R,20261001,25,大宮,5,145.1,55.1,32.1,144.7,26.3,,,309.8,533.2,383.3,226.0,525.2,,,87.1,414.5,97.1,403.3,167.9,,,31.1,205.1,57.9,134.1,61.8,,,280.2,341.2,523.3,318.7,326.4,,,65.8,412.8,217.2,149.8,269.0,,,,,,,,,,,,,,,,,113.9,52.8,29.7,121.6,17.0,,,237.8,314.4,487.8,120.1,121.7,,,69.1,239.0,105.3,194.8,43.9,,,61.4,371.1,125.2,306.8,63.7,,,227.2,214.9,256.2,414.8,125.5,,,12.1,41.4,18.2,21.1,34.8,,,,,,,,,,,,,,,,,458.2,733.2,670.5,292.3,787.4,,,404.9,538.5,941.7,196.5,235.9,,,767.2,583.3,1157.5,326.8,815.5,,,1110.1,1405.9,1450.4,1051.3,1674.5,,,165.6,113.9,174.0,413.4,175.5,,,812.1,339.4,798.0,1361.0,334.7,,,,,,,,,,,,,,,,,100.5,297.1,126.9,241.5,175.1,,,70.0,179.8,123.4,155.4,38.3,,,354.8,241.6,735.9,162.3,404.9,,,174.3,215.1,581.5,481.5,251.8,,,371.4,266.0,241.9,578.2,359.3,,,213.0,75.4,385.0,285.0,268.5,,,,,,,,,,,,,,,,,105.0,408.8,175.4,357.3,159.1,,,135.7,838.4,256.8,738.7,174.9,,,1056.9,1540.3,1737.9,1490.3,1935.4,,,236.3,299.2,1192.2,1001.9,367.0,,,883.1,1336.6,1389.5,1471.9,1077.9,,,366.4,353.5,1330.6,695.6,972.4,,,,,,,,,,,,,,,,,496.7,503.0,854.0,918.5,803.4,,,448.2,383.8,537.5,857.7,330.4,,,311.1,225.2,252.5,497.6,312.1,,,773.1,611.4,404.9,1055.1,747.0,,,1192.2,1313.0,1234.2,1501.5,1315.9,,,813.2,416.8,622.9,793.7,1051.3,,,,,,,,,,,,,,,,,84.2,630.8,266.1,255.5,346.3,,,36.4,78.2,43.6,63.1,56.5,,,778.2,255.0,796.9,1257.6,384.1,,,278.8,112.1,592.5,451.6,417.1,,,357.1,244.4,938.7,554.5,761.3,,,553.5,231.9,441.5,554.0,818.8,,,,,,,,,,,,,,,,,,,,,,,,,,,,,,,,,,,,,,,,,,,,,,,,,,,,,,,,,,,,,,,,,,,,,,,,,,,,,,,,,,,,,,,,,,,,,,,,,,,,,,,,,,,,,,,,,,,,,,,,,,,,,,,,
20261001_大宮_6R,20261001,25,大宮,6,0.0,0.0,0.0,0.0,0.0,,,0.0,0.0,0.0,0.0,0.0,,,0.0,0.0,0.0,0.0,0.0,,,0.0,0.0,0.0,0.0,0.0,,,0.0,0.0,0.0,0.0,0.0,,,0.0,0.0,0.0,0.0,0.0,,,,,,,,,,,,,,,,,0.0,0.0,0.0,0.0,0.0,,,0.0,120.3,78.2,253.8,61.0,,,0.0,86.8,59.4,228.9,116.4,,,0.0,33.2,33.2,89.4,38.1,,,0.0,436.1,409.7,223.8,473.3,,,0.0,54.2,120.2,70.1,314.2,,,,,,,,,,,,,,,,,0.0,0.0,0.0,0.0,0.0,,,0.0,115.5,107.1,244.9,45.6,,,0.0,123.5,241.1,246.3,47.3,,,0.0,168.9,317.0,547.3,140.6,,,0.0,488.8,445.7,691.7,126.6,,,0.0,13.0,17.5,35.3,41.5,,,,,,,,,,,,,,,,,0.0,0.0,0.0,0.0,0.0,,,0.0,44.7,46.1,119.7,46.1,,,0.0,65.6,140.5,156.5,39.4,,,0.0,73.8,163.3,279.5,144.3,,,0.0,134.0,165.1,260.4,190.2,,,0.0,54.7,29.7,108.0,199.3,,,,,,,,,,,,,,,,,0.0,0.0,0.0,0.0,0.0,,,0.0,45.7,36.4,104.5,47.7,,,0.0,149.2,257.4,502.0,161.8,,,0.0,89.4,213.6,415.6,228.9,,,0.0,405.2,825.2,697.3,764.7,,,0.0,120.5,133.4,265.4,647.1,,,,,,,,,,,,,,,,,0.0,0.0,0.0,0.0,0.0,,,0.0,692.6,569.4,666.9,891.5,,,0.0,654.4,565.7,1073.2,458.7,,,0.0,313.4,388.3,558.4,424.0,,,0.0,638.4,1259.8,978.5,1221.5,,,0.0,696.3,412.9,700.1,1010.8,,,,,,,,,,,,,,,,,0.0,0.0,0.0,0.0,0.0,,,0.0,27.2,85.9,58.8,228.7,,,0.0,10.4,14.7,28.5,42.5,,,0.0,93.2,46.6,165.0,259.1,,,0.0,93.6,99.4,208.9,531.6,,,0.0,615.0,226.4,464.4,610.0,,,,,,,,,,,,,,,,,,,,,,,,,,,,,,,,,,,,,,,,,,,,,,,,,,,,,,,,,,,,,,,,,,,,,,,,,,,,,,,,,,,,,,,,,,,,,,,,,,,,,,,,,,,,,,,,,,,,,,,,,,,,,,,,
20261001_大宮_7R,20261001,25,大宮,7,1803.3,3118.2,1037.0,1403.2,647.0,,,1282.9,1570.0,303.3,866.8,1002.3,,,3621.2,2138.2,920.1,1886.6,1700.8,,,800.4,248.6,408.5,354.4,308.6,,,575.6,463.3,670.1,205.5,266.3,,,520.3,905.3,1148.4,305.6,462.4,,,,,,,,,,,,,,,,,1537.7,2326.5,674.2,1272.0,454.9,,,1282.9,1543.0,230.1,1855.5,274.9,,,2302.7,1855.5,780.9,3870.9,912.6,,,436.8,129.5,199.6,681.3,76.5,,,1247.3,2041.0,3401.7,1015.9,744.6,,,157.7,163.8,263.9,51.6,312.6,,,,,,,,,,,,,,,,,905.3,804.7,169.7,658.4,463.3,,,953.3,1191.0,253.9,1364.8,377.6,,,737.3,1122.5,113.4,1434.6,519.1,,,45.5,81.7,20.0,132.6,32.0,,,692.9,1486.8,1564.5,336.3,809.0,,,356.3,305.0,431.3,102.0,817.9,,,,,,,,,,,,,,,,,4726.6,2610.6,1116.9,1902.6,1894.6,,,4581.9,3592.2,1257.7,7361.1,1516.9,,,1870.9,2754.7,177.2,2878.4,822.4,,,413.4,497.2,49.3,766.2,179.0,,,3535.6,6414.7,3973.7,1626.9,3773.3,,,1420.9,1157.2,1059.0,400.5,3140.0,,,,,,,,,,,,,,,,,377.9,63.5,140.3,268.3,139.0,,,313.5,93.1,148.3,476.6,78.2,,,14.1,29.4,4.6,57.9,8.1,,,62.8,119.2,12.8,170.0,36.8,,,251.1,611.7,135.8,253.9,259.1,,,97.7,67.9,32.6,54.9,221.1,,,,,,,,,,,,,,,,,466.2,361.2,525.1,129.6,195.0,,,986.8,1727.0,2721.4,853.6,621.9,,,732.5,1754.0,1713.8,342.2,901.6,,,1486.8,3118.2,1847.8,908.9,2338.7,,,225.5,573.4,221.4,270.6,218.5,,,448.5,583.1,1044.2,1681.7,350.8,,,,,,,,,,,,,,,,,282.9,663.2,800.4,214.0,427.6,,,134.1,167.6,241.4,51.9,301.9,,,532.0,250.5,522.7,135.2,1136.7,,,995.6,577.1,798.9,336.8,2222.9,,,155.4,70.3,80.1,110.3,352.7,,,502.8,490.2,1282.9,1847.8,372.0,,,,,,,,,,,,,,,,,,,,,,,,,,,,,,,,,,,,,,,,,,,,,,,,,,,,,,,,,,,,,,,,,,,,,,,,,,,,,,,,,,,,,,,,,,,,,,,,,,,,,,,,,,,,,,,,,,,,,,,,,,,,,,,,
20261001_大宮_8R,20261001,25,大宮,8,1342.7,603.7,249.2,773.4,873.7,,,2094.4,1314.5,1022.7,2898.9,1125.3,,,315.6,658.2,113.6,614.8,209.8,,,78.3,248.2,73.2,160.3,94.4,,,769.3,2094.4,929.3,386.7,1459.1,,,648.5,620.0,258.1,278.1,1108.2,,,,,,,,,,,,,,,,,1664.4,719.9,271.7,898.8,872.0,,,2104.5,1430.5,1111.0,1723.4,1330.5,,,531.8,873.7,344.6,475.8,417.6,,,199.7,615.6,401.9,247.5,380.3,,,725.9,843.4,491.2,293.1,646.5,,,875.4,711.7,465.6,499.1,925.4,,,,,,,,,,,,,,,,,3195.2,1962.9,1459.1,4334.1,2124.9,,,3061.1,1772.2,1677.1,2473.1,1483.8,,,1403.0,1196.0,758.6,1504.2,207.7,,,1326.5,1385.2,951.6,2210.8,962.0,,,3741.4,2545.0,2145.8,2806.0,1839.2,,,1015.6,617.4,159.9,492.9,935.3,,,,,,,,,,,,,,,,,143.0,250.5,43.0,290.0,71.7,,,220.4,319.9,96.1,253.6,138.3,,,380.9,336.9,189.0,513.1,81.7,,,32.0,49.3,93.7,93.2,36.6,,,287.2,187.3,400.1,94.3,131.2,,,25.1,44.5,11.3,13.7,62.9,,,,,,,,,,,,,,,,,45.5,184.5,45.2,107.7,57.1,,,66.2,280.2,189.8,114.1,160.3,,,615.6,711.7,699.2,1334.5,721.1,,,77.3,152.2,298.1,247.8,99.8,,,192.0,212.1,695.9,317.6,356.7,,,156.2,264.6,312.6,149.7,430.8,,,,,,,,,,,,,,,,,351.8,1272.5,357.3,213.3,860.0,,,294.9,582.8,207.2,179.5,381.3,,,1723.4,1254.2,1119.5,1164.2,979.3,,,277.4,211.3,623.5,138.3,226.4,,,191.7,193.0,576.7,283.5,346.3,,,740.6,518.6,518.0,314.6,407.5,,,,,,,,,,,,,,,,,454.5,373.1,159.3,228.5,739.4,,,576.7,308.2,205.8,316.2,503.1,,,274.6,126.9,26.1,85.9,277.0,,,42.3,36.1,8.5,15.6,93.7,,,169.9,198.7,120.1,48.3,406.4,,,921.5,611.3,479.9,281.5,526.7,,,,,,,,,,,,,,,,,,,,,,,,,,,,,,,,,,,,,,,,,,,,,,,,,,,,,,,,,,,,,,,,,,,,,,,,,,,,,,,,,,,,,,,,,,,,,,,,,,,,,,,,,,,,,,,,,,,,,,,,,,,,,,,,
20261001_大宮_9R,20261001,25,大宮,9,391.2,420.4,485.1,1683.4,465.3,,,526.1,528.1,608.8,2235.6,542.4,,,435.6,424.6,690.4,1231.8,353.2,,,960.3,690.4,994.2,2347.4,1089.0,,,3611.4,4643.2,3492.0,5487.4,2894.0,,,311.1,591.7,539.6,840.0,776.7,,,,,,,,,,,,,,,,,261.6,261.3,340.2,1083.4,284.3,,,226.9,298.8,60.9,272.4,35.8,,,830.1,687.0,1257.5,2200.7,448.0,,,315.3,53.0,446.6,491.8,61.0,,,1903.3,621.3,2102.1,1221.1,287.8,,,57.3,14.9,79.3,23.5,15.6,,,,,,,,,,,,,,,,,306.8,304.4,235.9,1422.6,293.6,,,197.8,278.9,54.5,373.2,44.9,,,580.4,593.4,394.8,2102.1,503.0,,,71.3,20.9,103.9,202.9,13.1,,,2442.3,1067.0,2347.4,848.4,751.8,,,165.4,32.2,207.4,34.3,216.9,,,,,,,,,,,,,,,,,1058.9,822.0,962.4,1738.8,676.0,,,1612.7,2347.4,3674.2,5030.1,1717.6,,,1782.8,2428.3,1606.5,5348.5,1920.6,,,1920.6,3772.6,1457.0,5090.7,2894.0,,,4643.2,5633.8,6602.1,7161.6,5216.4,,,1253.8,1547.7,1877.9,2708.5,2414.4,,,,,,,,,,,,,,,,,771.0,358.0,682.6,2334.4,792.7,,,437.8,58.4,551.6,734.8,76.9,,,106.3,26.3,130.6,216.7,21.1,,,1422.6,2031.4,705.4,3580.8,1457.0,,,4183.5,2500.2,1358.6,4024.1,1618.9,,,371.6,83.2,60.4,485.6,394.8,,,,,,,,,,,,,,,,,5487.4,5788.1,4183.5,6706.9,4311.5,,,4495.0,2894.0,4401.4,4311.5,586.8,,,5216.4,3129.8,5030.1,3492.0,2761.6,,,6036.2,6213.7,6213.7,8623.1,6036.2,,,7824.7,5417.1,3706.4,7161.6,3275.4,,,2624.4,470.5,1724.6,2874.3,2387.2,,,,,,,,,,,,,,,,,151.8,343.2,406.6,466.8,446.1,,,40.8,8.3,70.0,16.4,18.3,,,185.4,26.1,271.5,47.1,178.7,,,771.0,413.8,657.1,934.8,1048.4,,,313.9,52.8,53.0,470.5,266.2,,,486.2,112.5,296.9,757.2,462.2,,,,,,,,,,,,,,,,,,,,,,,,,,,,,,,,,,,,,,,,,,,,,,,,,,,,,,,,,,,,,,,,,,,,,,,,,,,,,,,,,,,,,,,,,,,,,,,,,,,,,,,,,,,,,,,,,,,,,,,,,,,,,,,,
20261001_大宮_10R,20261001,25,大宮,10,468.6,218.4,128.1,496.0,296.8,,,494.1,294.5,151.4,1149.0,179.6,,,103.0,126.7,14.7,228.8,67.6,,,19.2,24.7,3.3,74.7,7.9,,,591.4,1550.7,562.6,321.6,1014.6,,,169.0,92.1,68.4,28.2,501.3,,,,,,,,,,,,,,,,,1263.2,897.6,446.7,1020.0,756.9,,,1842.9,3892.8,2595.2,2705.6,1917.0,,,1997.3,4335.1,3027.7,2257.3,3777.1,,,533.5,2143.2,1816.6,1774.3,1048.0,,,808.2,1472.9,1439.6,1159.5,1310.9,,,857.2,1181.1,2270.8,1039.4,2131.2,,,,,,,,,,,,,,,,,939.6,755.4,370.0,2084.6,258.2,,,1507.8,3499.9,2230.9,3003.9,1159.5,,,1946.4,3777.1,2686.5,5960.8,1658.6,,,435.9,1582.9,1576.4,2477.2,392.0,,,3853.4,3205.8,7629.9,4015.7,1966.4,,,143.2,351.6,584.2,211.4,674.0,,,,,,,,,,,,,,,,,732.2,1125.3,168.9,1093.1,504.6,,,1348.0,5373.1,4385.0,3853.4,4335.1,,,2784.6,6577.5,4890.9,9999.9,3565.3,,,251.6,3101.5,2686.5,4385.0,1028.2,,,3814.9,3532.3,9999.9,7064.7,6577.5,,,759.9,3814.9,3152.8,973.2,6055.4,,,,,,,,,,,,,,,,,39.4,32.2,8.9,114.8,15.7,,,218.2,668.1,692.3,813.4,450.4,,,210.8,612.3,714.4,1478.6,195.1,,,116.9,652.1,625.4,1159.5,403.6,,,605.5,946.6,2143.2,1673.2,1077.6,,,55.2,228.0,128.5,266.9,647.7,,,,,,,,,,,,,,,,,1284.4,3532.3,1726.2,1195.9,3003.9,,,883.0,1630.3,1484.4,1367.3,1472.9,,,5780.2,3532.3,6936.2,4652.3,4238.8,,,3376.0,2957.3,7480.3,5225.9,5225.9,,,1450.5,1758.0,3703.8,4058.4,2612.9,,,3127.0,1870.0,2825.8,4435.9,2667.8,,,,,,,,,,,,,,,,,188.3,67.7,97.2,38.1,579.7,,,396.9,522.5,1003.9,566.0,1142.2,,,51.9,189.9,256.5,79.2,408.0,,,397.3,1039.4,818.6,543.4,2509.8,,,45.6,279.4,98.6,317.9,758.4,,,1665.9,1115.4,1145.6,2934.5,1507.8,,,,,,,,,,,,,,,,,,,,,,,,,,,,,,,,,,,,,,,,,,,,,,,,,,,,,,,,,,,,,,,,,,,,,,,,,,,,,,,,,,,,,,,,,,,,,,,,,,,,,,,,,,,,,,,,,,,,,,,,,,,,,,,,
20261001_大宮_11R,20261001,25,大宮,11,9100.3,3363.1,2231.3,9999.9,2053.6,,,9999.9,9282.3,9282.3,9999.9,5214.7,,,3363.1,5950.2,2975.1,7140.2,412.9,,,3516.0,7866.3,4000.9,9999.9,2344.0,,,9999.9,9999.9,9999.9,9999.9,8594.7,,,1531.7,3804.2,404.6,1521.6,5156.8,,,,,,,,,,,,,,,,,5729.8,2332.2,2044.5,8142.3,1589.4,,,5801.4,4420.1,2564.1,5591.7,2714.1,,,1247.6,2812.8,672.6,2779.1,448.8,,,794.7,872.3,365.1,1045.3,154.1,,,7140.2,4641.1,4219.2,2667.3,2275.0,,,190.6,718.4,208.4,72.8,238.7,,,,,,,,,,,,,,,,,9874.8,8001.9,6726.3,9999.9,6446.0,,,9999.9,7485.7,3542.8,5396.6,3094.1,,,5460.1,9669.0,5801.4,6188.2,2994.2,,,8594.7,4297.3,6027.4,6027.4,2900.7,,,4937.4,3387.7,3437.8,3712.9,1991.9,,,4107.2,2564.1,1925.7,2332.2,2495.2,,,,,,,,,,,,,,,,,1151.6,2564.1,1066.9,3157.2,224.9,,,1079.3,3053.3,764.6,2975.1,420.7,,,3625.9,5525.1,3773.2,5214.7,1812.9,,,1247.6,879.0,2119.2,3933.1,448.8,,,4297.3,5334.6,5591.7,7735.2,2178.9,,,35.9,109.2,300.7,93.1,438.2,,,,,,,,,,,,,,,,,2344.0,5801.4,2320.5,9999.9,2148.6,,,922.6,987.4,426.5,1177.9,199.9,,,7032.0,2455.6,4181.2,5659.9,2622.1,,,1651.6,843.8,3363.1,4420.1,625.4,,,9999.9,4107.2,5591.7,7608.4,3114.8,,,531.6,179.0,917.2,330.5,1172.0,,,,,,,,,,,,,,,,,9999.9,8438.4,5525.1,9999.9,4181.2,,,6825.2,3200.7,3597.7,4107.2,2637.0,,,4550.1,3114.8,2367.9,3835.6,1841.7,,,3245.5,4071.1,4143.8,6927.1,1917.8,,,9999.9,4688.0,6106.7,7366.9,3412.6,,,2918.9,1827.2,1410.6,1385.4,2332.2,,,,,,,,,,,,,,,,,95.6,233.1,27.2,100.4,411.0,,,44.0,59.3,19.3,7.0,81.9,,,197.8,102.2,134.9,93.8,127.9,,,3.2,7.8,42.7,8.4,59.3,,,56.9,11.5,50.7,25.5,92.6,,,296.9,212.7,84.2,138.9,210.3,,,,,,,,,,,,,,,,,,,,,,,,,,,,,,,,,,,,,,,,,,,,,,,,,,,,,,,,,,,,,,,,,,,,,,,,,,,,,,,,,,,,,,,,,,,,,,,,,,,,,,,,,,,,,,,,,,,,,,,,,,,,,,,,
20261001_大宮_12R,20261001,25,大宮,12,673.6,410.6,495.4,426.7,380.9,,,772.1,475.4,791.2,1125.7,754.9,,,389.2,311.1,406.8,517.3,338.3,,,477.7,597.3,372.3,317.6,217.4,,,501.5,897.4,624.6,405.3,314.1,,,222.0,430.9,191.0,148.7,226.9,,,,,,,,,,,,,,,,,440.4,239.7,317.4,217.9,233.3,,,323.1,62.5,189.2,124.1,305.3,,,116.1,34.1,65.4,42.0,119.2,,,187.8,155.9,85.8,80.8,185.9,,,80.8,82.0,31.2,46.0,90.3,,,185.8,300.7,198.9,239.9,189.4,,,,,,,,,,,,,,,,,704.1,340.1,675.1,988.4,686.4,,,485.8,95.5,199.4,265.9,274.1,,,88.5,50.8,43.2,94.2,111.2,,,522.0,316.2,95.9,377.9,405.6,,,916.0,429.9,368.0,655.9,995.2,,,800.0,607.4,407.1,661.9,1123.5,,,,,,,,,,,,,,,,,202.9,104.4,250.7,356.1,205.5,,,119.9,38.3,77.8,66.8,137.4,,,38.8,23.3,31.1,54.5,68.0,,,150.1,77.9,43.5,112.4,132.7,,,383.7,137.7,146.5,222.2,417.7,,,250.9,242.0,178.0,251.2,387.6,,,,,,,,,,,,,,,,,229.2,238.3,125.7,195.5,101.6,,,143.5,128.0,55.7,61.5,132.8,,,248.5,176.7,60.7,228.0,246.7,,,73.0,46.6,32.1,70.8,74.9,,,250.2,104.7,300.3,152.8,208.3,,,98.6,159.1,245.7,115.8,152.7,,,,,,,,,,,,,,,,,296.9,1000.4,439.1,480.1,434.4,,,120.8,157.2,72.0,91.3,148.0,,,1073.2,398.9,412.0,711.0,1127.9,,,506.3,182.8,339.9,318.1,509.0,,,417.4,181.5,457.2,270.5,418.3,,,410.6,372.5,747.0,471.1,463.9,,,,,,,,,,,,,,,,,186.7,384.7,170.4,171.2,278.5,,,231.3,357.5,239.8,294.2,261.3,,,596.1,536.6,387.6,602.3,943.0,,,246.2,276.0,269.3,267.9,344.2,,,205.4,258.7,391.8,216.5,314.6,,,480.9,407.6,857.3,454.0,483.0,,,,,,,,,,,,,,,,,,,,,,,,,,,,,,,,,,,,,,,,,,,,,,,,,,,,,,,,,,,,,,,,,,,,,,,,,,,,,,,,,,,,,,,,,,,,,,,,,,,,,,,,,,,,,,,,,,,,,,,,,,,,,,,,
20261001_川崎_1R,20261001,34,川崎,1,98.6,62.7,46.6,512.0,154.1,,,143.0,90.7,219.0,597.3,524.2,,,29.7,32.8,31.7,307.0,173.2,,,63.9,172.4,61.3,722.0,313.4,,,1951.8,1825.2,1438.9,2663.9,3719.4,,,640.0,1187.5,995.6,980.7,2856.9,,,,,,,,,,,,,,,,,183.5,77.8,32.4,590.2,105.0,,,597.3,1043.0,525.6,2593.8,1089.1,,,106.9,552.1,80.4,1071.3,261.4,,,7.8,109.0,21.7,151.2,9.1,,,1792.1,3458.4,2856.9,804.6,1656.5,,,163.0,538.6,337.5,48.5,569.7,,,,,,,,,,,,,,,,,706.5,418.5,961.6,2464.1,1808.5,,,929.8,2495.3,1528.1,4480.2,1656.5,,,514.7,1775.9,2053.4,4584.4,3458.4,,,1263.6,1808.5,1991.2,5054.6,2986.8,,,3791.0,3865.3,6359.1,6797.6,2737.9,,,3398.8,3791.0,5187.6,6160.3,5798.0,,,,,,,,,,,,,,,,,44.0,61.4,39.0,455.2,260.0,,,76.3,356.4,68.4,1026.7,255.0,,,362.3,1000.6,1071.3,3080.1,2495.3,,,51.1,54.2,352.0,801.3,363.7,,,2700.4,3650.5,4194.3,3650.5,5187.6,,,1408.0,1438.9,3520.2,1516.4,4584.4,,,,,,,,,,,,,,,,,41.6,117.8,47.4,646.3,203.8,,,9.4,88.2,16.8,152.5,7.4,,,499.0,494.0,633.8,2495.3,1428.4,,,32.9,42.9,246.7,738.3,191.5,,,2663.9,1021.4,2776.5,2899.0,2628.4,,,452.1,104.9,1263.6,590.2,1670.6,,,,,,,,,,,,,,,,,3080.1,3650.5,2495.3,4584.4,5798.0,,,2464.1,3942.6,3650.5,1895.5,2628.4,,,4480.2,5475.8,5973.7,6359.1,5327.8,,,2737.9,4584.4,5187.6,4808.1,7040.4,,,3584.2,1859.7,5054.6,4584.4,4928.3,,,5798.0,4380.7,6571.0,7582.0,5973.7,,,,,,,,,,,,,,,,,966.3,2560.1,1842.3,2075.0,5327.8,,,706.5,1859.7,1418.2,243.0,1504.8,,,2942.2,3129.0,5973.7,5798.0,4584.4,,,2527.3,2560.1,4928.3,3285.5,6571.0,,,1528.1,340.4,2899.0,2464.1,3719.4,,,4928.3,3179.5,5632.3,7885.2,5327.8,,,,,,,,,,,,,,,,,,,,,,,,,,,,,,,,,,,,,,,,,,,,,,,,,,,,,,,,,,,,,,,,,,,,,,,,,,,,,,,,,,,,,,,,,,,,,,,,,,,,,,,,,,,,,,,,,,,,,,,,,,,,,,,,
20261001_川崎_2R,20261001,34,川崎,2,66.7,46.6,81.3,83.8,56.2,,,58.1,25.3,34.5,148.3,35.2,,,24.2,15.3,22.6,69.8,13.4,,,91.3,57.0,79.7,342.7,113.2,,,155.8,322.3,261.5,602.6,336.0,,,52.7,40.4,18.3,62.4,231.0,,,,,,,,,,,,,,,,,126.4,114.9,179.1,139.4,126.0,,,209.0,775.4,318.6,456.3,602.6,,,317.7,1281.9,1369.0,905.2,1179.6,,,263.3,288.7,1036.3,624.7,756.9,,,100.3,240.2,393.9,296.0,263.0,,,203.8,543.5,981.3,827.5,612.6,,,,,,,,,,,,,,,,,70.0,33.4,30.2,227.6,39.4,,,135.5,461.0,182.5,335.0,396.0,,,157.8,574.5,311.4,1076.5,403.9,,,20.5,63.0,91.7,188.2,82.9,,,579.0,425.6,1225.2,633.6,1003.5,,,83.8,448.9,344.3,178.9,866.3,,,,,,,,,,,,,,,,,91.4,139.2,163.0,413.7,107.0,,,304.2,1296.9,1274.5,1642.8,1304.5,,,307.1,1232.1,852.9,1980.1,1167.2,,,520.6,1245.9,846.4,2772.2,1692.9,,,1198.8,2072.6,2738.0,3635.7,2549.1,,,226.3,1218.5,931.8,1412.6,2520.2,,,,,,,,,,,,,,,,,152.9,51.9,116.7,349.8,153.0,,,169.4,185.1,459.1,490.6,557.2,,,29.1,67.7,105.6,169.4,107.2,,,407.6,943.7,471.8,2072.6,1071.3,,,660.0,619.4,450.7,836.9,2195.8,,,203.0,492.8,171.7,815.3,1980.1,,,,,,,,,,,,,,,,,229.8,846.4,720.0,1198.8,862.9,,,112.1,264.6,459.1,309.3,297.2,,,916.4,580.5,1705.9,939.7,1879.4,,,1328.0,1998.0,2217.7,3465.2,2918.1,,,1289.4,920.2,1022.0,2704.6,3038.0,,,1218.5,1143.1,2609.1,3214.1,3890.8,,,,,,,,,,,,,,,,,135.3,153.5,76.5,190.2,736.8,,,245.3,746.7,1103.3,1041.2,1114.4,,,229.3,815.3,873.1,630.0,2132.4,,,212.0,1076.5,830.6,1369.0,2053.5,,,464.9,1056.0,561.4,1137.3,3635.7,,,1449.5,1863.6,3214.1,3465.2,3960.3,,,,,,,,,,,,,,,,,,,,,,,,,,,,,,,,,,,,,,,,,,,,,,,,,,,,,,,,,,,,,,,,,,,,,,,,,,,,,,,,,,,,,,,,,,,,,,,,,,,,,,,,,,,,,,,,,,,,,,,,,,,,,,,,
20261001_川崎_3R,20261001,34,川崎,3,1640.4,481.2,1564.7,997.1,291.1,,,1044.9,154.7,491.3,733.4,245.2,,,93.7,52.0,86.6,150.9,8.5,,,1386.9,643.7,333.1,981.1,375.7,,,2440.9,1816.2,910.8,2480.6,1160.1,,,18.3,92.6,12.4,123.5,112.5,,,,,,,,,,,,,,,,,4843.2,1386.9,5171.5,4123.2,711.2,,,5650.4,3676.1,6102.4,7264.8,6934.6,,,1374.4,2311.5,3862.3,3113.5,1250.5,,,5650.4,9842.7,6356.7,9535.1,6492.0,,,5757.0,7095.9,4843.2,9999.9,9246.1,,,651.9,3862.3,1093.6,3766.9,4179.7,,,,,,,,,,,,,,,,,2383.7,312.6,1101.5,1533.2,626.5,,,4487.1,2700.2,5260.7,3766.9,4358.9,,,132.5,749.6,235.6,159.5,176.8,,,1459.9,3082.0,638.3,1695.1,1695.1,,,1931.1,4767.5,651.9,2676.5,2047.8,,,751.5,2007.3,511.0,1895.1,1955.9,,,,,,,,,,,,,,,,,75.4,26.2,46.5,86.5,4.6,,,286.7,594.7,681.0,599.4,233.6,,,18.9,159.8,41.9,24.6,26.5,,,52.1,247.2,72.0,73.5,55.2,,,215.3,515.4,148.4,232.5,215.7,,,9.5,40.2,58.5,88.1,129.8,,,,,,,,,,,,,,,,,3246.0,1474.0,766.6,3467.3,864.3,,,6356.7,8717.8,3721.0,8029.5,5353.0,,,1763.7,3676.1,813.6,2542.7,2104.3,,,451.3,1658.2,373.9,645.0,605.4,,,6780.5,7264.8,4179.7,2118.9,5867.7,,,1182.6,2585.7,2440.9,1332.4,3632.4,,,,,,,,,,,,,,,,,4623.0,3814.0,1743.5,6492.0,2724.3,,,5085.4,5650.4,3721.0,8029.5,6934.6,,,3051.2,6356.7,1210.8,4694.2,3507.1,,,1266.0,2653.2,1048.5,1488.4,1215.6,,,7442.0,8475.6,4694.2,2277.0,6492.0,,,2878.5,5757.0,4297.5,1943.4,6780.5,,,,,,,,,,,,,,,,,27.5,184.9,32.5,231.6,149.9,,,77.7,974.8,151.0,1085.8,233.0,,,548.7,1374.4,456.0,1303.9,1614.4,,,56.4,173.0,244.4,330.9,396.7,,,755.2,1658.2,1446.0,894.7,2311.5,,,1303.9,2905.9,2564.0,1191.8,2878.5,,,,,,,,,,,,,,,,,,,,,,,,,,,,,,,,,,,,,,,,,,,,,,,,,,,,,,,,,,,,,,,,,,,,,,,,,,,,,,,,,,,,,,,,,,,,,,,,,,,,,,,,,,,,,,,,,,,,,,,,,,,,,,,,
20261001_川崎_4R,20261001,34,川崎,4,2130.2,440.0,905.6,4260.5,1673.7,,,2906.4,2300.1,2906.4,3408.4,3098.5,,,448.4,1320.1,838.7,2258.6,608.6,,,2071.4,2884.0,1623.0,7210.1,2585.7,,,5951.2,3048.2,4359.6,8331.7,4869.2,,,693.0,1229.2,597.9,799.4,1727.7,,,,,,,,,,,,,,,,,1436.5,371.2,723.8,2777.2,1229.2,,,1027.2,271.8,395.9,1217.3,1651.6,,,65.0,54.8,7.1,156.6,102.8,,,305.3,245.8,34.6,702.1,351.3,,,3471.5,1752.0,742.4,1431.0,3439.7,,,1068.1,1874.6,359.1,658.9,3073.1,,,,,,,,,,,,,,,,,1609.1,1752.0,1922.7,2403.3,2678.0,,,1505.7,415.6,601.8,1102.7,2328.7,,,809.7,280.4,556.2,746.8,1409.5,,,2048.7,991.8,923.4,2819.0,3946.6,,,1329.5,930.3,699.4,1447.6,1499.7,,,2906.4,3347.5,2300.1,3048.2,3439.7,,,,,,,,,,,,,,,,,111.6,218.1,199.8,473.3,99.7,,,22.5,17.0,2.2,63.6,25.5,,,127.0,51.3,96.7,133.9,204.4,,,120.8,10.2,81.6,175.8,69.8,,,557.9,152.1,107.2,228.4,377.5,,,41.5,49.9,141.3,62.7,253.3,,,,,,,,,,,,,,,,,1493.7,2952.1,1229.2,6816.8,2466.6,,,451.1,454.4,57.3,1201.6,640.9,,,2218.5,1002.4,966.3,3905.5,4410.9,,,527.3,57.3,456.6,999.8,594.1,,,9999.9,3712.1,4745.9,3825.8,9999.9,,,2258.6,1470.3,4572.3,1442.0,8719.2,,,,,,,,,,,,,,,,,6248.8,5280.6,2343.3,9999.9,6146.3,,,4745.9,1324.8,802.8,1549.2,4999.0,,,2004.9,903.4,585.8,1249.7,1994.3,,,2884.0,648.6,541.8,1115.8,2130.2,,,9999.9,3988.6,3377.7,2840.3,9999.9,,,5136.0,6464.2,2418.8,3204.5,8150.6,,,,,,,,,,,,,,,,,441.6,726.6,254.7,429.4,1442.0,,,991.8,2777.2,525.8,649.7,4686.6,,,2071.4,2840.3,2094.5,3347.5,4212.6,,,191.9,190.4,679.2,292.2,1125.9,,,1258.1,1002.4,3098.5,740.9,7811.0,,,2142.4,6248.8,3825.8,2659.0,6047.2,,,,,,,,,,,,,,,,,,,,,,,,,,,,,,,,,,,,,,,,,,,,,,,,,,,,,,,,,,,,,,,,,,,,,,,,,,,,,,,,,,,,,,,,,,,,,,,,,,,,,,,,,,,,,,,,,,,,,,,,,,,,,,,,
20261001_川崎_5R,20261001,34,川崎,5,126.6,397.3,328.7,516.3,219.5,,,56.0,71.2,60.6,119.3,83.1,,,382.2,171.5,444.7,194.6,488.5,,,201.2,84.9,294.8,418.5,296.4,,,1028.6,520.9,697.1,1010.8,1386.9,,,229.8,234.6,641.0,506.8,856.1,,,,,,,,,,,,,,,,,166.7,478.7,517.3,827.7,298.8,,,71.3,79.2,161.6,217.6,46.9,,,391.3,200.0,1005.0,365.5,225.4,,,516.8,346.2,839.6,1607.4,455.8,,,1401.7,704.6,1014.7,2589.3,611.2,,,143.9,73.1,120.8,203.4,211.6,,,,,,,,,,,,,,,,,17.7,27.0,20.9,51.7,32.1,,,14.8,22.4,41.3,54.6,11.8,,,33.0,34.3,101.2,24.8,68.7,,,28.9,58.9,92.9,101.4,74.0,,,120.3,124.4,71.8,208.8,146.4,,,46.6,16.8,56.6,67.5,78.2,,,,,,,,,,,,,,,,,907.8,328.1,1278.9,831.7,1372.4,,,584.0,300.0,1484.8,702.7,403.1,,,207.9,229.7,570.1,229.7,403.7,,,1818.8,2199.3,1285.2,1812.5,3205.1,,,690.7,614.7,315.3,1219.6,798.8,,,1825.1,680.0,808.6,2295.4,849.1,,,,,,,,,,,,,,,,,325.8,110.5,342.2,511.3,468.0,,,580.1,521.9,962.7,1954.0,410.3,,,116.2,293.1,479.6,655.4,425.2,,,1260.5,1794.0,1301.1,1079.3,2145.5,,,2069.4,3224.8,1844.3,2119.5,2641.4,,,733.1,495.8,755.2,1219.6,1701.1,,,,,,,,,,,,,,,,,2172.0,1282.0,1440.1,3326.8,3326.8,,,2119.5,982.5,1456.0,3575.8,1904.5,,,874.6,740.3,453.5,1642.6,1248.5,,,1170.7,966.2,443.9,1911.4,1452.0,,,3285.3,4344.1,2444.8,3264.8,5363.7,,,3481.1,1877.3,1877.3,2053.3,4492.7,,,,,,,,,,,,,,,,,362.7,309.2,834.3,651.3,1376.0,,,195.6,52.8,113.8,178.7,200.8,,,159.3,70.2,239.8,239.9,320.9,,,1128.0,420.5,616.2,1468.2,520.9,,,525.6,402.1,510.8,871.7,1668.7,,,1746.3,734.1,841.0,940.3,2346.6,,,,,,,,,,,,,,,,,,,,,,,,,,,,,,,,,,,,,,,,,,,,,,,,,,,,,,,,,,,,,,,,,,,,,,,,,,,,,,,,,,,,,,,,,,,,,,,,,,,,,,,,,,,,,,,,,,,,,,,,,,,,,,,,
20261001_川崎_6R,20261001,34,川崎,6,837.0,268.2,222.0,1617.1,516.2,,,1135.7,472.3,724.2,1864.5,753.7,,,94.0,153.8,57.9,280.4,116.3,,,136.9,339.7,119.6,1034.5,257.1,,,2589.1,2855.4,955.4,2575.8,2368.3,,,552.1,586.5,283.6,410.2,838.4,,,,,,,,,,,,,,,,,951.8,377.1,210.8,1765.7,555.2,,,1209.9,1278.0,407.5,2211.1,778.3,,,411.2,1060.9,263.5,2014.9,854.2,,,49.3,129.8,79.4,269.2,51.9,,,2871.9,3494.4,3595.0,1482.8,2498.5,,,539.6,662.7,804.6,123.9,1079.2,,,,,,,,,,,,,,,,,905.2,610.1,686.4,1791.0,648.9,,,962.8,1122.9,451.8,1173.0,634.1,,,453.0,962.8,654.0,1735.1,658.3,,,470.0,283.4,558.9,1233.8,301.5,,,2313.4,2191.7,2715.8,2271.4,557.0,,,268.8,250.4,297.9,157.7,141.9,,,,,,,,,,,,,,,,,49.6,81.3,25.3,148.4,60.2,,,196.4,675.2,189.4,950.0,557.0,,,220.1,571.0,358.2,1151.4,410.2,,,48.3,61.6,277.0,473.6,144.0,,,906.9,1753.3,2271.4,1427.7,1419.6,,,105.7,299.0,267.7,134.1,226.8,,,,,,,,,,,,,,,,,36.4,133.8,42.5,421.6,75.6,,,8.2,29.5,15.7,98.7,9.5,,,246.0,130.8,258.2,617.6,142.0,,,47.2,47.2,165.3,498.2,137.6,,,993.4,557.0,1209.9,1186.9,567.2,,,69.2,29.2,61.7,106.2,121.4,,,,,,,,,,,,,,,,,4626.9,4714.2,3266.0,4997.1,4164.2,,,4899.1,4422.2,5047.5,3244.8,3544.0,,,4095.9,4029.9,4345.3,4759.1,842.6,,,3470.2,5260.1,4199.2,5373.2,4461.7,,,4626.9,2402.4,5431.6,5205.3,1944.4,,,1287.9,1195.4,609.4,1469.7,1304.7,,,,,,,,,,,,,,,,,308.6,221.0,172.2,213.2,289.6,,,246.0,242.3,320.5,87.6,269.3,,,92.0,90.3,105.1,49.1,43.8,,,115.1,208.2,161.7,148.8,151.4,,,98.5,37.6,51.9,126.6,86.0,,,164.6,118.9,88.1,142.8,95.2,,,,,,,,,,,,,,,,,,,,,,,,,,,,,,,,,,,,,,,,,,,,,,,,,,,,,,,,,,,,,,,,,,,,,,,,,,,,,,,,,,,,,,,,,,,,,,,,,,,,,,,,,,,,,,,,,,,,,,,,,,,,,,,,
20261001_川崎_7R,20261001,34,川崎,7,485.6,505.5,452.7,588.3,986.2,,,157.8,36.9,15.1,254.6,53.0,,,160.0,23.9,21.5,211.9,196.0,,,178.5,17.9,38.6,277.0,147.2,,,1351.9,1200.1,1026.1,1300.7,2030.7,,,1234.0,359.9,668.4,453.6,1577.9,,,,,,,,,,,,,,,,,1182.5,1021.8,911.5,1314.9,2533.0,,,1215.3,2197.6,569.5,1250.0,1322.1,,,1322.1,2519.7,2280.9,1577.9,2952.6,,,851.8,690.4,2047.9,1293.7,2005.3,,,920.2,686.5,932.7,824.1,1263.1,,,3565.0,2601.5,4415.3,2814.4,4911.0,,,,,,,,,,,,,,,,,185.9,65.1,22.9,345.0,95.2,,,431.2,1037.2,248.5,759.1,450.2,,,234.7,1023.9,171.4,1098.8,430.4,,,11.0,68.5,35.3,94.3,9.9,,,1419.6,1333.1,2101.6,524.8,1093.8,,,157.3,365.7,307.7,60.6,474.6,,,,,,,,,,,,,,,,,434.7,115.3,96.9,555.1,486.6,,,1111.4,2418.4,2480.8,1887.3,2781.9,,,345.7,2129.5,352.8,1972.4,1006.8,,,215.5,1795.8,300.6,1829.9,1148.6,,,1872.6,3065.4,3591.6,3730.8,5596.2,,,1902.2,6015.9,2587.5,2781.9,6170.2,,,,,,,,,,,,,,,,,154.3,21.3,41.7,257.6,124.1,,,332.3,252.3,629.1,530.6,760.3,,,6.6,55.8,23.9,87.0,7.5,,,77.2,531.2,92.2,668.4,403.4,,,980.1,972.2,527.1,1382.9,1419.6,,,297.6,750.8,119.4,602.3,1048.5,,,,,,,,,,,,,,,,,2703.8,3413.3,2719.0,3274.0,6975.0,,,1598.9,1329.4,1499.3,1532.7,2468.0,,,3365.5,2658.9,3730.8,2092.5,4010.6,,,3187.2,3389.2,5231.2,5729.5,9822.0,,,3296.4,2864.7,2187.6,4911.0,6592.8,,,9080.7,7762.5,7762.5,9436.8,8157.2,,,,,,,,,,,,,,,,,3618.6,832.6,2074.4,1026.1,6332.6,,,3789.5,2847.7,5798.5,3730.8,6250.3,,,623.4,2056.7,1718.8,241.6,2673.7,,,2831.0,7183.2,3730.8,2989.3,8297.8,,,936.3,3413.3,275.0,2559.9,4221.7,,,7077.6,8297.8,6015.9,9822.0,6875.4,,,,,,,,,,,,,,,,,,,,,,,,,,,,,,,,,,,,,,,,,,,,,,,,,,,,,,,,,,,,,,,,,,,,,,,,,,,,,,,,,,,,,,,,,,,,,,,,,,,,,,,,,,,,,,,,,,,,,,,,,,,,,,,,
20261001_川崎_8R,20261001,34,川崎,8,217.8,69.3,412.4,284.1,62.8,,,401.4,408.1,436.2,545.7,196.7,,,86.5,286.8,371.4,133.6,59.4,,,885.7,596.5,709.9,1011.8,375.7,,,411.6,563.1,265.8,780.2,119.3,,,28.4,69.5,22.7,89.4,29.5,,,,,,,,,,,,,,,,,129.0,44.8,264.8,218.2,51.6,,,253.9,152.6,270.4,525.0,253.5,,,16.8,44.7,59.4,42.4,23.3,,,546.7,419.9,329.4,795.1,572.5,,,624.7,1108.0,300.2,1533.8,681.6,,,63.8,163.6,61.0,287.9,302.7,,,,,,,,,,,,,,,,,290.6,276.2,233.3,392.7,161.6,,,301.8,198.1,277.8,612.8,325.9,,,179.8,193.6,160.7,390.3,179.3,,,97.3,158.3,102.3,136.9,94.1,,,900.8,1253.4,1099.7,688.9,1038.9,,,121.7,279.2,188.5,138.0,503.3,,,,,,,,,,,,,,,,,74.1,281.9,356.7,131.3,73.0,,,30.7,80.7,95.1,55.3,39.0,,,293.9,205.4,401.4,590.5,386.5,,,498.1,374.3,537.6,812.9,478.5,,,353.2,198.3,819.7,1027.9,568.6,,,87.0,81.8,282.1,306.9,362.4,,,,,,,,,,,,,,,,,1081.3,569.7,792.9,920.7,546.7,,,1201.7,641.2,678.5,1646.4,1229.6,,,265.0,266.9,275.7,211.7,233.7,,,706.4,712.5,589.3,1219.3,719.5,,,1521.8,1996.0,665.3,1646.4,1571.0,,,438.2,857.1,450.4,653.4,887.1,,,,,,,,,,,,,,,,,1525.7,2191.1,1133.9,2418.4,737.7,,,1641.8,2166.7,648.3,3369.0,1880.1,,,2127.1,2331.4,1838.6,1483.0,2428.5,,,1065.5,620.7,1699.2,2303.7,1391.0,,,2567.6,3388.6,1670.0,2625.4,3184.9,,,649.7,1623.5,2359.7,1295.2,2973.7,,,,,,,,,,,,,,,,,19.8,39.8,15.4,57.3,23.3,,,57.2,126.6,64.8,327.6,313.8,,,100.0,189.7,183.7,182.9,371.2,,,56.0,73.7,150.4,278.2,205.7,,,210.4,575.9,252.6,400.8,641.2,,,220.8,707.3,639.7,590.5,974.6,,,,,,,,,,,,,,,,,,,,,,,,,,,,,,,,,,,,,,,,,,,,,,,,,,,,,,,,,,,,,,,,,,,,,,,,,,,,,,,,,,,,,,,,,,,,,,,,,,,,,,,,,,,,,,,,,,,,,,,,,,,,,,,,
20261001_川崎_9R,20261001,34,川崎,9,1646.4,686.6,376.5,638.9,849.4,,,2287.1,796.4,731.0,2243.5,1261.3,,,316.3,127.5,40.4,277.1,57.4,,,103.5,124.5,15.1,59.6,29.1,,,656.7,1433.6,425.9,266.2,487.3,,,541.2,435.7,118.1,102.3,576.2,,,,,,,,,,,,,,,,,2659.7,1059.0,793.2,921.3,1444.2,,,4702.3,3061.4,3177.2,2469.7,5156.1,,,968.3,1157.0,757.4,682.6,747.8,,,664.1,2278.2,797.5,693.9,1047.7,,,592.5,1106.9,357.1,401.5,536.8,,,1610.4,3160.2,832.5,1275.0,979.6,,,,,,,,,,,,,,,,,3971.6,1775.8,2153.1,4453.0,3029.8,,,5545.2,3378.1,4628.3,2409.0,4818.0,,,965.1,2033.9,777.5,1744.2,340.1,,,1770.4,4386.5,1136.9,3892.7,1713.6,,,4939.4,4556.5,2799.0,4740.3,5706.7,,,2968.6,4521.5,537.2,2226.5,4386.5,,,,,,,,,,,,,,,,,246.4,88.3,34.3,240.3,35.2,,,525.7,516.5,417.4,502.3,256.5,,,149.9,366.4,104.6,359.5,59.8,,,37.1,176.3,75.8,144.8,26.1,,,329.2,473.6,445.3,229.9,194.8,,,20.0,89.4,15.1,11.0,76.0,,,,,,,,,,,,,,,,,67.0,133.6,12.7,35.7,23.4,,,254.5,1354.3,322.6,280.8,435.0,,,627.9,1946.3,596.1,1660.4,1015.1,,,40.5,202.2,129.9,116.7,41.4,,,145.7,261.8,996.2,191.7,220.3,,,56.7,276.3,343.3,40.2,162.1,,,,,,,,,,,,,,,,,698.0,1927.2,372.9,314.3,525.7,,,537.7,883.9,302.2,341.9,465.3,,,3650.9,2226.5,1902.2,2968.6,4053.7,,,363.9,407.9,788.9,227.3,221.8,,,261.2,386.7,1440.6,338.2,386.7,,,557.6,650.9,1959.3,228.4,327.2,,,,,,,,,,,,,,,,,594.3,560.8,114.3,119.2,611.0,,,1177.9,2287.1,499.4,826.7,729.2,,,1192.2,2578.0,303.3,991.2,2287.1,,,48.3,132.7,43.8,26.5,88.8,,,85.0,389.0,394.2,55.7,268.7,,,504.1,685.8,1693.9,261.0,382.9,,,,,,,,,,,,,,,,,,,,,,,,,,,,,,,,,,,,,,,,,,,,,,,,,,,,,,,,,,,,,,,,,,,,,,,,,,,,,,,,,,,,,,,,,,,,,,,,,,,,,,,,,,,,,,,,,,,,,,,,,,,,,,,,
20261001_川崎_10R,20261001,34,川崎,10,366.0,238.7,145.6,789.6,105.3,,,325.9,268.5,257.7,284.8,108.5,,,236.0,300.3,179.2,545.4,70.3,,,75.1,140.2,120.8,333.2,36.7,,,962.8,355.6,750.0,678.7,247.9,,,18.5,28.6,13.2,14.2,58.7,,,,,,,,,,,,,,,,,902.0,520.9,274.5,1480.6,281.6,,,1324.4,1216.6,710.1,1439.9,1265.7,,,622.8,921.8,283.9,1131.1,547.8,,,134.8,222.2,145.5,434.1,124.3,,,2258.2,1825.0,1724.7,976.3,2299.6,,,296.5,895.5,535.2,332.3,1466.8,,,,,,,,,,,,,,,,,578.0,419.6,409.2,362.8,181.2,,,1089.9,944.0,613.6,908.5,842.6,,,472.0,571.7,523.1,343.6,383.7,,,324.2,379.3,586.7,449.0,364.5,,,246.4,294.3,201.0,308.9,181.1,,,178.6,525.3,376.6,467.8,316.7,,,,,,,,,,,,,,,,,266.1,331.6,209.3,664.3,75.7,,,302.8,404.5,226.8,850.6,258.9,,,336.4,378.6,458.5,361.4,258.7,,,151.7,124.8,374.8,668.5,132.9,,,955.5,970.3,455.5,1046.3,622.2,,,51.3,112.1,178.3,118.0,375.9,,,,,,,,,,,,,,,,,53.7,128.3,125.2,370.1,31.0,,,45.2,86.2,51.1,231.2,36.1,,,186.6,158.8,291.1,304.9,175.5,,,200.6,155.8,347.4,773.1,191.0,,,797.7,559.5,433.2,1058.6,644.5,,,33.5,54.0,144.6,102.0,388.4,,,,,,,,,,,,,,,,,1516.4,646.5,1064.0,1335.7,528.4,,,2258.2,1550.1,1949.6,1370.7,2092.6,,,325.7,543.5,314.5,540.2,267.7,,,1857.4,1534.9,799.7,2179.8,1297.1,,,1553.9,1189.0,837.0,2106.7,1388.9,,,465.0,1557.8,710.1,954.1,1385.8,,,,,,,,,,,,,,,,,23.5,31.4,14.8,19.4,63.5,,,105.6,434.1,252.0,217.7,880.5,,,131.2,456.2,315.0,479.2,508.7,,,44.4,157.3,207.1,169.2,399.6,,,46.0,103.1,234.4,143.2,558.5,,,256.4,1135.2,562.0,832.6,1007.7,,,,,,,,,,,,,,,,,,,,,,,,,,,,,,,,,,,,,,,,,,,,,,,,,,,,,,,,,,,,,,,,,,,,,,,,,,,,,,,,,,,,,,,,,,,,,,,,,,,,,,,,,,,,,,,,,,,,,,,,,,,,,,,,
20261001_川崎_11R,20261001,34,川崎,11,1220.2,340.2,1241.1,2745.5,271.4,,,1424.0,1080.2,1529.1,3588.2,1772.2,,,201.5,474.0,490.4,339.1,182.6,,,2088.8,1816.6,1525.9,4768.6,2684.5,,,5252.4,4706.7,1315.4,5707.3,5752.6,,,362.7,1375.3,315.2,1610.7,3045.5,,,,,,,,,,,,,,,,,430.6,179.9,470.6,1301.3,108.4,,,287.4,110.8,85.6,754.2,38.6,,,118.3,123.8,125.2,332.9,30.9,,,453.5,183.3,219.6,1399.2,92.4,,,3624.1,2338.1,1347.2,3265.0,766.2,,,19.0,12.7,5.8,11.8,143.4,,,,,,,,,,,,,,,,,363.6,441.7,505.8,1763.5,682.5,,,178.4,79.7,60.7,507.9,40.1,,,284.6,139.8,165.6,625.9,179.9,,,213.4,50.8,69.8,457.3,76.2,,,2995.1,1821.1,1853.7,2125.6,2946.4,,,347.8,66.7,166.8,130.1,1080.2,,,,,,,,,,,,,,,,,80.3,220.7,177.9,188.5,90.8,,,121.5,193.9,184.8,385.9,40.8,,,359.0,278.7,247.4,638.0,323.2,,,585.0,436.9,439.0,1116.8,545.8,,,455.5,628.1,1134.3,1120.3,922.1,,,115.8,49.2,180.7,222.0,460.2,,,,,,,,,,,,,,,,,1677.8,1262.7,1292.0,4446.8,2094.8,,,1251.8,385.5,590.7,2745.5,392.2,,,497.4,163.3,237.2,961.3,238.9,,,1089.9,758.9,567.1,1991.3,998.3,,,7550.3,5575.6,3588.2,5033.5,6302.9,,,1639.8,459.6,515.8,953.7,4366.4,,,,,,,,,,,,,,,,,9413.4,7878.6,1789.7,9999.9,9999.9,,,7037.2,5575.6,2508.0,6903.1,3660.7,,,9292.7,6589.4,5104.4,8144.2,9999.9,,,1365.0,2345.7,4587.5,5329.6,4530.2,,,9999.9,9999.9,8144.2,8428.3,9999.9,,,9795.0,4189.7,9999.9,5798.6,9999.9,,,,,,,,,,,,,,,,,160.7,724.8,134.9,787.0,1746.5,,,22.8,21.0,9.4,25.0,198.2,,,404.0,85.7,175.0,140.2,1429.6,,,99.4,37.3,155.1,173.6,426.1,,,759.7,192.1,225.8,297.3,2100.9,,,4288.9,1247.5,4049.3,2561.2,4646.3,,,,,,,,,,,,,,,,,,,,,,,,,,,,,,,,,,,,,,,,,,,,,,,,,,,,,,,,,,,,,,,,,,,,,,,,,,,,,,,,,,,,,,,,,,,,,,,,,,,,,,,,,,,,,,,,,,,,,,,,,,,,,,,,
20261001_川崎_12R,20261001,34,川崎,12,858.4,488.1,306.5,328.0,366.1,,,1408.5,1978.5,1773.0,2014.4,1241.5,,,837.0,1992.7,662.2,1528.8,1368.6,,,523.5,1669.0,610.1,1021.1,1046.1,,,563.1,1750.6,1371.9,1102.2,1091.3,,,588.2,850.5,1173.2,991.9,886.5,,,,,,,,,,,,,,,,,256.6,132.9,95.3,101.4,109.4,,,237.1,231.5,147.6,322.0,119.3,,,104.8,136.9,23.2,100.2,68.3,,,44.6,81.2,18.3,44.6,33.7,,,70.4,205.6,78.7,53.0,56.7,,,82.4,73.7,82.4,49.4,66.2,,,,,,,,,,,,,,,,,896.5,1280.2,1178.2,1472.0,892.9,,,359.7,424.1,233.3,554.6,205.9,,,846.6,445.7,279.1,1169.5,350.6,,,445.0,235.3,322.4,723.5,334.1,,,1801.8,1075.5,1679.1,1450.9,782.1,,,301.3,127.5,214.5,186.8,280.6,,,,,,,,,,,,,,,,,354.0,997.2,306.1,865.1,597.7,,,159.0,191.2,33.5,185.7,95.4,,,732.6,328.7,240.9,916.5,304.7,,,76.6,18.5,93.6,82.7,43.8,,,927.2,401.7,1196.0,328.0,611.8,,,335.5,134.0,222.6,122.9,373.0,,,,,,,,,,,,,,,,,181.1,663.4,165.3,343.7,346.4,,,49.2,93.3,17.3,59.7,43.2,,,391.6,202.5,224.5,691.5,295.7,,,51.9,14.5,86.3,61.9,39.1,,,398.8,211.6,803.1,187.7,381.4,,,200.8,91.6,171.8,99.7,219.3,,,,,,,,,,,,,,,,,592.2,1874.8,1397.9,1064.1,1125.6,,,300.8,705.1,333.0,287.7,314.6,,,2265.1,1385.6,1950.6,2036.5,1338.8,,,1419.3,600.6,1712.8,541.6,962.6,,,971.9,508.6,1608.6,527.7,861.0,,,949.4,496.1,769.7,927.2,826.4,,,,,,,,,,,,,,,,,240.0,228.8,463.2,384.3,321.7,,,128.6,87.3,128.6,95.8,122.7,,,157.1,76.8,162.7,134.1,171.2,,,375.8,169.4,214.2,169.9,490.6,,,332.0,136.0,199.4,168.8,343.5,,,469.9,237.7,249.0,464.7,409.8,,,,,,,,,,,,,,,,,,,,,,,,,,,,,,,,,,,,,,,,,,,,,,,,,,,,,,,,,,,,,,,,,,,,,,,,,,,,,,,,,,,,,,,,,,,,,,,,,,,,,,,,,,,,,,,,,,,,,,,,,,,,,,,,
20261001_松阪_1R,20261001,47,松阪,1,206.7,187.0,51.0,854.9,56.1,278.5,99.4,413.3,1689.5,296.1,773.5,691.9,1369.5,201.6,1081.3,2691.5,927.4,4820.4,1699.6,3036.3,1676.2,16.4,57.6,184.0,291.0,28.8,19.4,26.9,3319.9,2892.2,5966.5,1788.7,5048.6,5332.6,3091.3,61.7,270.3,634.8,80.4,1396.4,524.7,140.8,754.3,1254.7,2797.4,225.8,3987.0,1238.3,1139.1,72.6,54.8,541.7,59.6,610.7,93.2,399.8,339.5,219.2,70.6,1210.2,64.1,394.8,159.3,693.6,1167.2,920.4,2036.3,566.1,3014.9,483.6,386.0,832.4,469.5,1755.6,187.6,1529.0,642.0,76.0,389.4,312.3,1326.9,122.2,385.8,287.1,4637.0,4309.2,4514.4,4612.0,3878.2,9999.9,6825.7,36.2,162.1,51.4,48.7,711.0,311.1,82.5,1069.2,4309.2,3025.6,1164.0,9586.7,1438.8,2882.5,218.2,271.7,586.0,305.3,1984.2,205.3,1262.1,1486.4,4766.6,921.4,2674.6,2165.5,4467.1,799.6,1568.4,2912.0,1376.1,2245.3,1663.2,5434.5,1269.6,9807.1,5765.0,9695.7,8364.9,9999.9,9999.9,7686.6,1113.8,1653.5,4903.5,2275.2,2502.1,2562.2,1286.9,3359.1,2983.2,6273.7,2993.7,5613.3,8204.0,1077.3,2227.7,1926.0,6051.2,2199.0,5765.0,6993.6,2324.8,4740.1,8796.1,9999.9,3792.1,9999.9,9999.9,7292.5,531.9,594.1,2106.7,519.9,409.4,972.8,2002.8,2502.1,8204.0,2921.9,9695.7,3219.7,7686.6,5139.8,2165.5,4266.1,2187.7,6718.2,1191.6,6227.9,3426.5,9999.9,6614.1,9999.9,9999.9,9807.1,9999.9,9999.9,3113.9,3319.9,9999.9,9999.9,6320.1,9999.9,8618.4,9999.9,9695.7,9999.9,9999.9,9999.9,9999.9,9999.9,4420.8,1496.8,9999.9,4793.3,9999.9,9999.9,7419.3,9999.9,9999.9,9999.9,9999.9,9999.9,9999.9,9999.9,6320.1,5688.1,9999.9,8618.4,9999.9,9695.7,9999.9,12.7,51.8,171.4,300.1,24.5,16.4,22.7,42.9,296.6,323.6,1206.8,96.9,196.1,188.3,271.2,713.9,2239.4,1900.2,1146.8,964.0,642.9,725.5,1343.6,3742.2,6880.8,2444.7,2932.0,2972.9,1241.9,3913.8,4662.4,9480.2,7169.9,5048.6,5504.6,69.4,110.5,525.3,837.3,2227.7,334.8,283.6,103.1,328.9,730.4,1419.6,2509.4,560.5,474.2,67.8,208.5,198.8,1052.0,1341.5,295.8,255.8,8618.4,8981.2,9999.9,6513.1,9999.9,9999.9,9999.9,6771.6,8796.1,8618.4,9274.1,9999.9,9999.9,9999.9,8618.4,8049.2,8049.2,7355.3,9999.9,9999.9,2585.5,9999.9,9999.9,9999.9,9999.9,9999.9,9999.9,9999.9,6415.2,9999.9,9274.1,9999.9,9999.9,9999.9,9999.9,9999.9,9999.9,9999.9,9999.9,9999.9,9999.9,9999.9,9999.9,9999.9,9999.9,9999.9,9999.9,9999.9,9999.9,9999.9,9999.9,2806.6,9999.9,9999.9,9999.9,9999.9,89.0,490.0,848.9,157.4,2593.3,973.9,231.2,56.8,254.4,99.1,78.5,1007.3,493.4,140.0,1481.2,1065.1,3630.7,1827.0,4162.0,4562.6,1271.5,2487.5,842.2,4538.4,2473.1,8283.7,6771.6,2708.6,144.7,145.2,688.6,933.5,2633.4,559.4,411.5,8532.2,6463.8,9999.9,9999.9,9999.9,9999.9,9999.9,2825.2,2658.0,8364.9,9586.7,2932.0,9999.9,5469.3,375.5,350.5,835.6,1669.7,720.0,4353.1,2734.6,2863.1,6182.7,7827.7,731.7,9999.9,4688.0,4353.1,3584.9,9480.2,9999.9,1692.9,9999.9,5613.3,7618.0,9999.9,9999.9,9999.9,5884.2,9999.9,9999.9,9999.9,9999.9,9999.9,9999.9,9807.1,9999.9,9999.9,9999.9,614.2,1389.6,3661.9,7827.7,9174.4,3281.6,1998.1,9999.9,9999.9,9999.9,9999.9,9999.9,9999.9,9999.9,6367.3,5966.5,9999.9,9999.9,4141.8,9999.9,8618.4,5765.0,8618.4,9376.0,9999.9,2337.5,9999.9,8447.7,97.2,87.2,816.4,101.0,856.6,125.8,630.6,208.5,265.6,807.9,323.6,1709.8,261.0,1331.0,152.8,191.0,1109.5,191.5,273.7,334.3,909.6,2725.9,3058.1,4024.6,3792.1,9076.8,3102.6,5843.9,117.9,247.0,219.6,1215.4,1058.5,387.4,533.2,3630.7,5018.9,1510.1,9999.9,4398.0,7419.3,9999.9,299.2,313.9,590.0,1679.5,529.9,3171.8,2312.2,2494.8,3725.8,4375.5,8796.1,2658.0,9376.0,5139.8
20261001_松阪_2R,20261001,47,松阪,2,95.1,225.4,38.6,695.3,66.8,312.1,35.1,150.9,659.7,112.6,261.2,197.8,233.9,189.4,730.7,1047.3,815.1,4375.8,1131.3,3212.6,718.9,31.3,54.1,237.7,371.9,32.3,199.7,44.0,2379.3,1098.6,4912.2,1778.9,2335.5,3826.1,3146.2,110.8,202.4,493.4,66.3,962.5,468.2,120.6,753.1,351.8,3021.4,437.5,2232.8,622.0,1157.1,63.9,158.6,276.5,87.5,1210.4,123.9,644.7,57.4,102.0,32.0,464.2,59.3,217.5,22.7,93.0,274.2,204.5,163.8,477.3,138.7,74.5,285.9,411.5,603.3,1875.3,916.2,1613.1,103.4,81.2,170.9,319.7,1178.6,312.1,469.7,93.9,1942.3,957.7,3508.7,3750.7,4880.7,3864.9,1439.3,426.5,1165.9,1067.8,778.5,3239.9,2738.8,559.8,362.2,179.5,1347.6,833.9,1821.5,1428.5,369.0,11.4,27.0,12.3,40.9,253.6,98.9,145.8,302.8,1402.2,260.3,315.8,600.4,277.1,358.6,271.9,971.1,609.6,318.8,1366.9,240.4,232.0,2219.8,2144.7,5110.0,2895.0,5075.9,2729.0,1977.6,324.5,752.3,3185.7,621.0,1758.4,611.0,861.3,493.1,548.9,1937.3,1044.4,2349.9,193.9,699.1,1993.1,3445.2,5477.6,3557.9,4301.6,3369.0,3414.3,192.8,184.7,952.9,428.2,91.9,1169.5,306.2,502.5,357.1,1101.8,1238.0,663.2,1957.3,524.3,1246.1,2563.6,1569.8,8751.6,2364.5,6563.7,1275.3,1017.9,1599.5,2103.3,5948.3,2719.2,3541.3,198.2,3414.3,2884.0,7182.9,3986.3,8751.6,4071.6,2546.4,3021.4,3369.0,8099.9,9999.9,9999.9,9999.9,3660.5,9999.9,9999.9,9517.4,9999.9,9999.9,9999.9,9999.9,4277.4,3826.1,9999.9,8751.6,9999.9,9999.9,7049.9,8366.9,8276.0,7538.5,9999.9,9999.9,9999.9,9285.3,846.9,173.0,1279.6,2156.9,5144.5,4115.6,4505.2,66.9,82.4,419.5,535.0,85.7,336.3,110.7,119.6,253.5,772.2,1987.9,661.5,876.1,161.5,188.7,351.5,1937.3,499.6,1157.1,471.7,404.5,1742.3,1746.3,3904.5,9999.9,4505.2,8853.4,2521.1,3750.7,6452.4,3281.8,9999.9,8099.9,9999.9,9761.4,464.2,1644.4,2512.8,4301.6,6042.8,3696.0,2169.2,889.4,1461.4,730.0,4559.2,5995.2,3625.6,2778.8,351.6,300.5,830.3,1212.4,3769.2,1174.9,2069.0,6452.4,4115.6,9999.9,7464.6,9637.9,9999.9,9999.9,7392.1,4206.6,8751.6,8187.0,9999.9,9999.9,6798.1,2841.0,3033.4,6921.7,5557.6,9637.9,1236.0,3750.7,9999.9,9999.9,9999.9,9999.9,9999.9,9999.9,9999.9,9999.9,9999.9,8554.9,9999.9,9999.9,9999.9,9999.9,9999.9,9999.9,9999.9,9999.9,9999.9,9999.9,9999.9,9999.9,9064.2,1795.7,9999.9,9999.9,9999.9,9999.9,9999.9,8014.6,6798.1,9999.9,9999.9,9999.9,9999.9,966.2,1651.6,2307.2,469.1,4505.2,3476.6,1288.3,1212.4,3354.1,3212.6,1962.3,9999.9,5144.5,1852.5,3212.6,5110.0,9637.9,6344.9,9999.9,8554.9,5948.3,4818.9,4614.5,9999.9,8459.9,9999.9,9999.9,9637.9,631.3,2529.5,3826.1,7115.8,9999.9,6292.5,3714.1,9999.9,9999.9,9999.9,9999.9,9999.9,9999.9,9999.9,7690.8,9999.9,9999.9,9999.9,8014.6,9999.9,9999.9,2409.4,2563.6,5361.9,5948.3,4071.6,9999.9,9173.4,768.3,402.4,3492.6,601.8,3296.0,891.5,1303.7,798.1,415.1,3884.6,1619.9,4253.6,5724.7,754.6,223.3,226.5,1750.3,605.7,156.1,1993.1,443.4,6859.4,6452.4,5042.3,9999.9,9999.9,9999.9,7182.9,1114.7,1972.5,1308.2,6398.2,8014.6,4505.2,3904.5,5361.9,4880.7,1141.5,9999.9,9999.9,9999.9,6738.0,5768.1,9173.4,6563.7,9999.9,4505.2,9999.9,9999.9,2272.8,1331.1,1150.1,3678.2,3732.3,6798.1,6985.2,101.2,285.5,291.7,218.1,1937.3,401.5,1069.3,38.8,78.8,29.2,96.1,561.0,238.4,310.9,455.1,287.6,714.2,960.1,1208.5,1738.3,1023.3,320.8,96.9,566.0,583.8,2555.0,1342.8,1734.3,306.5,241.4,931.9,662.0,4559.2,1321.8,2194.2,6859.4,2862.3,3339.4,6620.8,9517.4,9999.9,9999.9,1164.2,991.3,2951.1,2194.2,2409.4,9399.9,5724.7,2328.4,1189.6,1602.9,3383.9,2997.6,7931.1,6140.2
20261001_松阪_3R,20261001,47,松阪,3,1048.3,360.1,1139.6,2275.9,508.8,488.0,528.7,870.2,390.2,525.5,1637.0,215.5,324.8,120.9,256.3,300.6,476.9,1094.3,206.2,226.5,168.1,1017.6,732.9,677.0,569.8,282.8,272.1,358.0,2085.8,2053.6,1434.2,540.1,659.1,713.2,845.3,235.5,103.5,116.7,129.7,359.0,33.3,51.3,417.6,248.0,265.8,215.6,653.2,76.1,141.3,266.1,50.9,141.9,209.9,578.4,66.0,98.1,1597.7,474.9,1637.0,3145.1,904.7,986.2,672.4,1530.4,1147.8,3132.8,4901.0,3328.6,4160.7,1095.8,184.8,371.0,482.1,776.3,431.8,1104.9,226.5,2017.3,4249.3,1442.0,2764.2,3733.0,5547.7,2212.9,3681.4,8321.5,2480.9,2717.2,7909.5,9398.4,4341.6,706.9,1490.4,857.1,3768.2,5831.1,3840.7,1710.6,2812.9,7466.0,4055.1,8876.3,9999.9,5586.4,3247.4,576.3,575.9,432.7,1354.0,2244.0,1032.1,1479.3,1041.5,536.1,679.3,1714.3,394.8,627.0,142.8,1920.3,1607.3,3488.5,4488.0,2576.9,4182.5,787.0,706.9,1223.3,1493.2,2992.0,1389.3,2064.2,351.6,1288.4,3534.8,2219.0,2064.2,2406.2,2773.8,622.1,3385.0,7396.9,6098.2,2399.0,7608.2,9999.9,1264.0,536.8,2219.0,1468.5,1934.3,4462.9,1714.3,415.4,1318.2,5361.5,3935.3,4034.6,9999.9,2520.0,1045.6,53.9,215.3,97.9,149.9,315.0,143.5,280.4,103.6,185.7,146.3,388.7,100.4,139.7,75.3,74.5,186.9,178.1,347.1,163.6,469.9,86.9,280.3,374.5,838.2,1588.2,617.8,1038.8,232.2,209.4,296.5,826.1,350.2,541.6,1002.3,256.9,493.7,620.7,1657.4,328.7,1640.3,2322.2,547.1,121.0,318.9,768.1,522.1,887.6,967.1,228.0,642.1,1256.0,2263.0,1840.7,4182.5,2399.0,1008.6,59.4,85.1,81.0,163.6,324.6,128.6,328.2,1268.0,1101.8,837.3,596.6,559.0,572.2,521.1,1787.1,3786.1,1351.7,2308.8,3566.3,5434.4,2043.1,1313.9,3385.0,2295.6,1799.2,3274.0,3804.1,798.8,730.2,894.5,1875.2,983.8,1939.0,2585.3,899.6,320.5,874.0,877.8,620.2,877.8,1372.6,389.1,805.3,3614.7,3519.2,3413.9,1394.1,3413.9,2022.4,1875.2,7329.0,5255.7,6340.2,4226.8,4961.9,3681.4,446.2,1327.0,504.6,934.3,517.0,1340.3,1740.4,2619.2,2717.2,1929.6,504.9,1083.9,1232.8,1041.5,3370.7,8151.7,2349.6,2671.8,7756.0,9999.9,3994.3,3994.3,9624.9,6006.5,2302.2,9999.9,9999.9,1759.6,1223.3,1604.1,2735.8,703.8,3084.4,3698.4,1324.8,315.1,949.9,856.2,574.3,878.8,1471.2,346.2,1551.2,7536.5,8976.0,6442.4,2263.0,9742.3,4182.5,5509.4,9999.9,9999.9,9999.9,5397.7,9999.9,9999.9,822.7,2413.5,763.7,1444.6,594.8,2832.8,3974.4,306.3,214.2,196.2,197.7,469.9,51.0,77.1,795.6,1444.6,1062.3,1692.5,4961.9,2335.8,1363.2,503.3,2717.2,1748.0,2237.7,5325.7,1915.7,532.2,258.5,787.0,1139.6,1206.7,2342.7,1386.9,442.8,663.5,3413.9,2947.8,2698.8,2275.9,2689.7,1736.6,1221.5,6946.6,6494.8,5290.5,1934.3,6713.1,3698.4,242.4,3443.4,1849.2,2735.8,3314.8,5706.2,916.1,175.3,1083.9,333.6,636.0,1104.9,2244.0,679.8,1572.5,963.6,1021.5,1406.4,2141.7,248.8,539.0,3301.1,9289.1,4513.3,9862.5,9999.9,6290.3,3715.6,2002.1,8321.5,5961.7,6390.9,9999.9,4644.5,1906.6,2069.6,4992.9,6548.1,7396.9,9999.9,5747.2,3314.8,3458.3,9985.8,6657.2,9999.9,9999.9,6827.9,5665.7,7197.0,9999.9,9999.9,9999.9,9999.9,9999.9,9999.9,358.7,5831.1,3822.3,4699.2,4117.8,9999.9,1729.1,774.8,3145.1,1379.7,2926.2,4488.0,9078.0,1729.1,119.0,25.4,60.5,106.5,267.0,41.3,55.3,253.1,228.1,171.6,574.3,971.8,468.5,677.5,12.7,71.9,21.5,51.7,94.5,47.4,92.8,55.7,103.8,51.3,166.2,332.7,134.8,286.6,198.2,571.4,195.8,334.5,329.1,581.8,840.9,352.8,1118.8,334.9,600.6,276.6,1221.5,1844.9,86.7,447.2,144.1,251.6,482.4,853.4,364.1,253.9,982.6,400.0,727.5,1042.9,2022.4,593.9
20261001_松阪_4R,20261001,47,松阪,4,902.1,1610.2,543.9,1902.7,661.0,1715.7,314.4,714.6,1319.2,716.3,2300.9,448.5,4141.7,335.0,2642.3,2075.6,3191.6,4865.9,1115.8,5496.7,1286.8,492.5,940.3,1882.5,1766.8,565.3,2265.8,297.2,2835.8,2698.3,4103.5,3060.0,2295.0,7546.3,435.0,460.6,336.6,424.4,391.5,1074.1,2361.9,172.4,4892.6,8169.4,8816.5,5897.1,9999.9,5671.7,2581.0,119.5,154.3,367.0,117.3,110.4,77.9,633.7,772.9,1363.6,396.8,1773.8,584.2,1159.4,305.8,684.4,846.4,400.2,2306.9,398.2,1208.2,466.2,2324.9,1992.1,1511.8,2508.3,1290.5,2988.1,1689.6,142.7,162.2,390.7,525.6,54.0,47.5,51.8,3664.4,5059.4,4240.3,2283.2,3725.8,5177.1,1935.8,467.9,278.0,432.6,145.5,1462.1,501.6,210.4,1221.4,1395.7,2010.0,188.2,2723.1,721.0,514.4,225.8,389.1,771.6,128.8,566.4,204.4,335.1,439.5,627.0,595.2,1524.7,264.7,3180.2,303.2,573.3,723.3,552.0,2090.3,341.3,1689.6,622.2,1587.2,1610.2,2010.0,4919.7,319.9,7181.2,1489.0,906.7,531.9,1469.4,3168.9,358.1,2666.0,597.2,4200.3,5708.1,6452.6,4947.0,2731.5,9999.9,2596.1,153.1,133.4,71.2,154.1,725.7,802.9,92.4,6596.0,5147.2,7359.2,5565.4,9999.9,3091.9,4686.6,279.9,418.2,797.9,421.6,748.9,185.6,2337.1,3664.4,2626.7,4122.5,6849.7,1180.9,8322.1,2260.0,3226.3,2863.2,2739.9,5744.9,1630.8,4736.5,2854.0,2413.1,2774.0,3649.4,7880.2,398.2,9574.9,2271.6,5332.1,3590.6,3821.7,9999.9,1914.9,9999.9,4047.5,8562.2,9999.9,9999.9,9999.9,8645.3,8904.6,9473.0,700.0,946.3,303.0,933.4,3590.6,3180.2,583.9,9999.9,9999.9,9999.9,9999.9,9999.9,7950.6,9999.9,2300.9,3157.6,2791.4,3710.2,5207.4,1122.9,8095.1,354.3,734.7,1146.0,1652.0,458.5,1715.7,242.7,124.5,149.6,296.6,402.9,37.0,48.3,41.3,728.1,415.1,1118.6,2588.5,307.6,1898.6,428.7,2611.3,1266.6,2459.8,5463.0,1034.2,5635.8,1630.8,3113.5,2248.6,4947.0,5238.0,2603.7,7123.7,1645.9,291.9,80.3,146.5,256.9,1103.4,469.1,105.2,2863.2,472.6,2642.3,5300.4,6452.6,1664.4,1325.1,165.8,93.7,339.4,815.4,364.3,110.1,549.6,4365.0,5002.6,6596.0,5002.6,4662.1,9999.9,558.6,5059.4,7482.9,7011.5,4686.6,7610.8,9999.9,2891.1,6645.2,9999.9,7676.4,9086.4,6270.9,9999.9,3710.2,6695.2,8480.6,9999.9,9999.9,9999.9,9999.9,7298.9,5530.8,5269.0,8645.3,9999.9,6099.1,9999.9,2791.4,5671.7,8022.2,6099.1,7546.3,7298.9,9999.9,3385.8,9999.9,9999.9,9999.9,9999.9,9999.9,9999.9,9679.0,437.7,1709.1,2494.3,4637.8,1661.3,1957.0,4919.7,255.5,116.7,154.4,260.8,1089.9,1345.1,96.3,248.1,116.5,156.0,117.6,1115.8,471.8,148.3,55.8,46.4,21.6,55.4,463.5,431.6,29.4,145.6,122.1,61.3,155.4,846.4,726.9,91.5,239.6,79.8,88.4,161.6,1014.2,514.4,95.5,2603.7,3070.5,1491.5,2042.3,2494.3,5147.2,1402.3,2988.1,1530.0,1393.5,1878.6,1824.7,5936.4,1270.2,85.8,103.7,72.3,84.7,90.6,445.2,571.1,6596.0,9999.9,9999.9,5332.1,9999.9,8245.0,4736.5,4736.5,5396.7,7420.5,651.4,8904.6,3273.7,2480.4,7811.1,7676.4,9999.9,7743.2,9999.9,5820.0,9086.4,9999.9,9999.9,9999.9,9999.9,9999.9,9999.9,9999.9,6452.6,761.0,7950.6,9999.9,9999.9,4103.5,4408.2,9999.9,9999.9,9999.9,9999.9,9999.9,9999.9,9999.9,7482.9,4919.7,5463.0,7181.2,2573.6,9999.9,4474.7,4761.8,3561.8,8322.1,9999.9,5059.4,8994.6,4452.3,48.6,88.6,223.1,52.8,42.1,36.8,340.7,107.0,289.9,515.0,78.2,252.2,125.2,256.4,153.1,308.3,663.5,271.8,499.9,152.3,1406.7,612.0,947.3,1190.4,728.1,1802.5,455.2,2674.0,80.1,58.2,237.2,593.6,187.7,93.0,419.4,102.9,204.8,474.9,793.6,210.0,241.4,975.3,69.4,105.1,102.5,118.8,94.7,251.3,540.3,913.3,940.3,2566.1,3905.5,1103.4,2343.3,1099.3
20261001_松阪_5R,20261001,47,松阪,5,239.5,692.5,59.1,962.5,137.7,697.7,103.2,430.4,2450.5,197.9,3348.2,1491.9,2588.0,1038.4,2269.6,4489.0,1463.9,3814.0,2983.9,4997.6,3510.4,25.9,25.5,264.8,455.5,127.6,319.0,76.8,1411.0,4140.9,3200.4,1514.2,5731.8,7351.6,3785.5,466.0,1521.0,2200.7,556.2,3001.5,2734.5,940.2,2906.9,4808.1,6111.6,1580.2,9393.7,5605.1,4298.8,199.6,538.4,1472.4,147.4,1831.2,572.5,1516.4,202.2,470.1,44.6,661.3,83.0,430.4,49.3,424.8,1644.2,331.7,2421.3,534.5,1783.0,443.8,1485.4,2468.4,1001.5,1331.4,787.6,2140.3,676.8,34.4,99.5,295.0,449.3,35.8,259.3,26.4,1805.2,3200.4,1618.0,1334.9,1132.2,3093.0,789.5,70.2,183.2,229.8,39.3,329.4,155.5,24.4,1476.7,2456.4,2375.9,964.3,3150.7,756.5,414.6,29.6,140.7,177.1,19.2,235.8,15.0,121.7,797.5,3474.4,260.0,3131.2,2621.5,3404.4,1889.2,797.5,3326.3,571.8,3510.4,1401.2,3785.5,1309.0,7045.3,6003.1,3121.6,5367.8,8745.9,9999.9,9999.9,164.1,383.8,634.8,1457.6,883.7,975.5,1002.4,7685.8,9393.7,5898.4,3689.1,6301.4,9999.9,7988.4,3994.2,2568.4,6301.4,2284.9,9999.9,6301.4,4209.6,6948.8,8745.9,9999.9,3675.8,9999.9,8525.4,9999.9,2409.8,1783.0,7988.4,1864.9,6763.5,4058.1,7351.6,3842.9,7926.0,2741.9,5367.8,3963.0,8181.6,7094.6,3180.3,5636.2,2480.5,3337.2,2833.8,5176.1,2305.7,9999.9,8384.5,4244.8,7459.7,9999.9,9999.9,9999.9,1910.6,2669.8,2727.2,2957.8,5864.3,4653.8,5667.7,3427.4,1985.3,3404.4,1899.8,4410.9,1254.0,3439.0,4632.5,4569.9,9999.9,6421.0,8454.4,9999.9,8384.5,9571.0,8248.2,9999.9,8384.5,3102.5,9999.9,9999.9,7144.5,3180.3,9999.9,6587.8,6075.0,8525.4,9999.9,13.9,9.7,130.4,198.8,60.4,137.5,36.8,33.7,76.5,300.0,530.3,70.0,335.7,57.6,29.2,85.3,234.8,444.3,272.5,320.6,278.9,638.8,848.9,668.7,1612.9,2167.7,2269.6,1917.8,809.0,1244.8,1121.0,1696.5,2882.1,3450.7,2529.9,287.9,274.2,500.2,1133.5,2438.7,1428.9,597.8,727.2,1215.0,1133.5,2825.9,3828.4,2332.2,2224.8,97.4,109.0,284.1,772.0,1300.6,369.0,832.2,3462.5,5864.3,4877.5,1719.5,7804.0,9849.8,5123.8,2719.9,4590.6,2191.2,2279.8,2542.6,4718.7,1685.2,8181.6,9755.0,5513.7,4244.8,9999.9,9999.9,9139.9,2210.3,1280.9,2536.3,1361.7,3046.6,1156.8,2087.5,1405.1,2016.9,1973.7,2343.0,5098.1,6038.8,4430.2,9946.3,5311.6,9999.9,8978.1,9755.0,9999.9,8978.1,9999.9,9946.3,9999.9,2734.5,9999.9,9999.9,9999.9,4611.4,2057.8,5574.3,4280.7,4675.2,6545.3,9571.0,920.6,3662.5,3046.6,1391.6,7045.3,5764.3,2008.9,449.3,855.4,1279.3,331.1,1977.6,787.0,216.0,4529.1,2480.5,8525.4,2949.2,9999.9,8597.7,4924.9,4391.9,3828.4,9849.8,6111.6,7195.2,9999.9,7571.1,1031.0,603.8,1374.7,3917.1,6111.6,3010.4,1437.0,9999.9,5932.9,9999.9,9849.8,9999.9,9999.9,9999.9,9481.5,3522.6,9481.5,9999.9,5932.9,9999.9,5605.1,1551.2,324.6,3131.2,3857.5,1294.0,5830.6,2691.0,4831.0,7864.5,8525.4,1997.1,9999.9,7571.1,5513.7,4718.7,6808.9,7864.5,3112.0,9999.9,2992.7,1671.3,9222.9,9999.9,9999.9,5797.3,9999.9,9999.9,9999.9,8821.9,7298.7,9999.9,8315.8,3636.3,9999.9,9999.9,2290.1,3065.0,3978.5,7926.0,9999.9,6262.5,6075.0,9999.9,9999.9,9999.9,3743.6,9999.9,9999.9,9999.9,9999.9,4489.0,9999.9,9999.9,4140.9,9999.9,8671.1,6148.6,1719.5,9393.7,9999.9,6111.6,9999.9,7298.7,196.1,750.9,1498.5,170.6,2037.2,562.0,1530.2,82.5,303.8,370.8,66.5,584.4,49.9,278.3,1437.0,1113.6,5022.4,1220.8,5425.2,2468.4,5229.5,4280.7,1770.5,8384.5,3572.2,3978.5,4763.0,5176.1,124.8,135.7,494.4,1020.6,1767.4,377.4,1260.2,4529.1,1663.1,5574.3,1575.3,2614.7,5830.6,7744.5,735.1,201.8,1595.1,1505.2,606.0,3534.9,1565.6,3963.0,1341.9,6948.8,5699.6,3462.5,7045.3,3450.7
20261001_松阪_6R,20261001,47,松阪,6,2072.4,2723.9,790.7,2798.8,481.0,2109.9,643.3,3244.8,5154.7,1689.7,6787.1,1413.9,3668.7,1173.5,4575.6,6413.0,4475.0,6621.6,835.3,5254.5,3422.0,713.8,950.3,2231.3,2333.6,309.0,1740.2,283.7,3480.5,7337.4,7021.1,3992.4,1262.7,6313.6,1190.7,263.1,411.1,157.1,175.9,936.1,413.8,80.1,3108.6,3436.5,4072.2,2705.8,5944.9,1171.8,1587.6,437.1,241.6,1084.4,169.7,1628.9,121.3,663.2,2723.9,2837.8,1494.4,2798.8,370.8,2015.9,557.8,3934.5,6413.0,2961.6,5429.7,2381.4,3841.7,1346.2,5695.5,7683.5,6902.1,4241.9,2898.4,5817.5,4072.2,1044.1,1986.4,3718.9,1967.2,554.4,1326.4,264.6,1838.5,2148.9,2687.9,1622.4,981.2,1078.7,895.0,353.9,1006.7,457.3,578.4,1290.7,483.0,148.8,1278.5,2213.2,2867.8,1071.6,1668.9,444.0,352.4,400.0,255.8,1359.6,165.9,926.5,135.3,405.0,5027.5,7472.0,2281.3,5616.9,2453.1,7337.4,1729.2,5578.4,7683.5,4601.4,5655.9,3934.5,6961.1,2661.6,9999.9,9999.9,9999.9,9999.9,7756.7,9999.9,7683.5,2475.5,3407.7,5817.5,5429.7,1411.5,2577.3,325.3,8310.7,8950.0,9999.9,7021.1,9695.9,9999.9,4627.6,2513.7,3587.9,4575.6,1519.5,9999.9,3310.8,925.5,5578.4,4936.1,9999.9,2827.9,9999.9,3668.7,1590.7,964.9,921.3,2513.7,216.4,2207.2,484.2,694.9,6515.6,9999.9,6675.8,9999.9,1066.0,7472.0,5393.7,5616.9,9255.2,7984.8,8226.8,4996.6,9470.4,5859.4,9999.9,9999.9,9999.9,9999.9,8396.4,9999.9,9151.2,8757.6,9999.9,9999.9,9999.9,5578.4,9999.9,4996.6,9999.9,7984.8,9999.9,9999.9,9999.9,8950.0,9999.9,906.9,3619.8,5358.2,3436.5,5695.5,2381.4,2031.0,9470.4,9999.9,9999.9,9999.9,9470.4,3132.5,8852.8,5776.2,7683.5,6961.1,4134.3,9999.9,2687.9,7611.7,902.9,820.1,1502.6,1885.3,170.1,1441.5,240.3,966.1,1499.9,2143.3,1851.0,531.6,938.3,283.8,986.0,1652.0,2610.4,3073.4,704.5,1494.4,204.3,4113.4,3878.3,3915.6,8573.2,2705.8,7337.4,2104.5,2827.9,887.2,4475.0,7207.5,1153.6,4499.7,913.0,194.8,417.2,374.9,578.4,1428.8,586.3,86.1,2046.3,1068.8,1885.3,4499.7,2046.3,1081.6,400.6,53.4,113.5,20.2,447.9,391.5,29.4,121.3,4450.5,8950.0,9695.9,4524.7,3753.2,7683.5,5358.2,2360.7,2961.6,3257.8,2231.3,1575.3,1530.9,1528.0,9999.9,8573.2,9999.9,7472.0,9999.9,9999.9,4762.9,9999.9,6731.0,9999.9,9999.9,9581.8,9812.7,9999.9,4355.3,3619.8,6033.0,9999.9,4355.3,5027.5,2468.0,2888.1,2733.0,7541.2,4355.3,4332.2,3896.9,2847.7,9999.9,3878.3,9999.9,9932.4,7337.4,5466.1,6078.0,4847.9,2388.4,2231.3,7984.8,1612.7,2593.8,3619.8,136.1,234.4,73.8,99.9,364.2,195.6,45.5,320.0,844.8,454.7,508.7,1046.8,454.2,238.7,564.0,1142.2,1161.8,622.1,2818.1,1112.6,328.1,146.4,256.2,804.8,507.4,1096.1,441.2,191.9,162.1,352.2,297.1,405.2,999.3,409.8,80.2,731.1,844.8,2940.2,961.5,949.2,1863.7,755.5,497.8,466.4,971.9,651.0,667.5,1446.6,325.5,56.2,123.1,87.8,135.4,42.9,377.7,154.0,1986.4,2460.5,2733.0,1822.0,3934.5,599.3,1112.6,1449.2,1826.1,2287.8,838.7,1625.6,576.8,407.6,2818.1,2618.8,3972.9,1805.8,4601.4,1793.9,892.0,4876.9,5058.7,6033.0,5901.8,5616.9,2460.5,3702.0,1889.6,1011.7,1330.8,3257.8,1813.9,826.8,277.4,5503.0,2360.7,5187.6,5187.6,4264.1,3108.6,2770.2,546.6,339.9,482.4,448.9,394.2,1399.4,252.8,625.5,299.6,192.1,582.5,182.5,1192.4,216.0,349.7,148.1,778.6,83.7,1018.0,84.2,354.4,477.4,220.0,1078.7,127.0,820.1,188.7,411.3,127.2,143.4,428.8,20.2,432.5,47.4,87.9,1981.6,2618.8,1366.5,727.1,4680.7,855.5,2093.7,30.0,46.2,8.0,196.7,181.3,9.9,54.0,2237.5,1235.8,977.7,4176.7,555.5,1115.6,1755.2,54.2,108.5,42.6,180.8,20.9,436.0,93.1,542.6,368.5,200.0,1108.1,143.6,1203.0,203.7
20261001_松阪_7R,20261001,47,松阪,7,349.1,505.6,200.1,1640.7,529.5,2722.7,502.6,532.9,1133.4,405.5,2521.7,549.3,1789.2,673.9,454.0,369.4,285.9,2047.5,588.0,2256.6,223.7,122.2,208.1,355.1,469.6,339.7,1711.7,260.2,3239.0,3893.6,5009.7,1605.7,3814.5,9999.9,4667.5,647.2,628.3,1323.0,563.3,2370.5,3253.1,986.1,8080.3,5650.1,7225.6,5525.5,9999.9,8443.4,5964.0,714.3,554.5,411.9,456.8,2147.0,886.1,2319.3,307.9,421.2,157.4,1109.9,494.7,2455.7,445.1,340.1,1248.2,153.3,973.4,202.0,1089.0,1295.6,521.8,1819.5,753.7,3054.7,1846.3,5917.0,3325.0,37.1,36.0,122.6,54.1,40.6,455.7,244.6,1575.4,1378.8,3630.2,281.4,1993.2,4786.4,4473.0,434.6,150.2,1225.8,173.8,1439.5,1677.3,1609.1,7295.8,4473.0,9999.9,2803.9,9999.9,3067.2,6591.8,1565.5,3211.4,5218.5,1453.5,7156.8,3157.4,6958.0,524.4,1244.1,347.4,1727.5,422.8,991.3,813.2,455.1,1723.5,195.0,1126.6,325.0,1064.4,1447.9,2099.0,2982.0,2184.5,6478.1,1806.4,4582.1,6210.4,194.6,104.4,803.7,367.4,112.1,409.7,723.2,2901.4,2424.0,6894.2,1297.8,2319.3,5329.5,5566.4,179.1,156.9,597.3,80.3,682.5,150.9,623.6,1389.0,1956.9,3447.1,1049.5,4294.1,518.9,3105.2,1864.6,4369.0,9053.8,2378.0,7295.8,2370.5,3893.6,693.2,535.6,415.8,2879.1,801.9,3495.2,389.5,1238.0,2521.7,1318.3,6478.1,2946.9,9999.9,3873.5,1256.6,4106.3,2924.0,7440.2,1431.3,6262.2,6060.2,717.0,745.5,1967.1,1802.0,2772.9,7910.1,3479.0,8080.3,9053.8,9634.2,6314.8,9999.9,9999.9,9999.9,1260.8,3310.4,1363.8,3092.4,9999.9,9999.9,6831.5,9393.3,9999.9,9999.9,9999.9,9999.9,9999.9,9999.9,1330.0,8539.4,9999.9,5607.9,9999.9,9164.2,9999.9,34.4,75.9,212.6,127.9,133.5,797.7,152.6,11.1,7.0,32.8,9.1,12.0,178.7,81.6,66.7,23.2,348.5,92.5,49.6,336.0,343.2,284.4,170.6,541.7,652.3,834.0,3225.1,1485.1,108.3,30.6,88.8,354.8,140.6,613.4,387.3,122.8,32.8,52.7,485.7,141.1,676.3,483.5,2752.6,694.5,1669.9,6060.2,1946.8,2868.2,3976.0,437.4,355.8,1070.4,2277.1,987.4,1546.2,3017.9,5525.5,6650.1,9999.9,2556.0,5445.4,9999.9,9393.3,3354.7,3042.3,6591.8,398.6,4245.5,9759.3,7514.6,7440.2,4943.8,8946.0,2042.0,6159.5,9999.9,9999.9,9999.9,9999.9,9999.9,7668.0,9999.9,9999.9,9999.9,1278.0,302.6,1055.4,3144.2,1325.3,3934.3,2958.5,5009.7,4610.2,6060.2,9999.9,2609.2,9999.9,9999.9,9999.9,9999.9,9999.9,9999.9,9999.9,9999.9,9999.9,9999.9,9999.9,9999.9,9999.9,9393.3,9999.9,9999.9,615.9,515.0,1288.9,491.7,1873.9,2378.0,909.7,517.8,248.3,1588.7,201.8,1194.7,1219.9,1246.2,206.9,136.8,693.8,77.1,369.8,198.9,648.3,2064.4,3157.4,2171.8,2530.1,7367.3,7225.6,6422.8,237.6,90.8,87.5,870.7,245.7,719.7,784.4,3354.7,2370.5,2178.1,7367.3,1431.3,6060.2,6478.1,5406.2,2783.2,960.9,7994.3,3612.8,7827.7,6368.3,3118.1,3354.7,2513.2,7668.0,3415.7,9277.3,6650.1,9999.9,9999.9,8443.4,7514.6,9999.9,9887.7,9999.9,9999.9,9999.9,9999.9,5147.0,9999.9,4106.3,9999.9,7156.8,8257.8,9999.9,3834.0,9999.9,1225.8,9999.9,9999.9,9999.9,9999.9,9999.9,9999.9,9999.9,9999.9,9634.2,3955.0,4198.1,9999.9,8349.6,8443.4,9999.9,9999.9,9999.9,9999.9,9999.9,9999.9,9999.9,9999.9,9999.9,4128.9,1332.3,9999.9,5292.0,9999.9,9999.9,9999.9,9999.9,9999.9,9999.9,9999.9,9999.9,9999.9,2210.2,1883.3,1138.5,1565.5,6709.5,3462.9,6210.4,3105.2,4554.3,7590.5,2674.2,9999.9,5964.0,9999.9,2636.7,6534.5,9999.9,3795.2,9999.9,4446.5,9999.9,1512.0,9999.9,9999.9,9887.7,9999.9,9999.9,9999.9,1897.6,2291.0,2970.2,8539.4,5917.0,3683.6,9999.9,9999.9,9999.9,9999.9,9999.9,9759.3,9999.9,9999.9,5692.9,5218.5,5009.7,9999.9,5329.5,9999.9,9999.9,9999.9,9999.9,9999.9,9999.9,9999.9,9999.9,9999.9
20261001_松阪_8R,20261001,47,松阪,8,544.5,1682.9,763.8,3372.6,993.3,3605.2,333.2,349.9,496.9,425.4,2001.0,225.1,1775.8,104.9,2997.9,1515.2,3241.9,7468.0,2323.3,6691.3,1208.6,668.0,711.8,2070.3,3854.4,1230.0,2825.7,278.6,7535.3,5539.2,9999.9,9999.9,9999.9,9191.4,2519.3,882.2,359.5,1424.9,926.2,3180.3,3019.5,265.5,6800.1,4224.3,6691.3,5728.9,7603.8,6970.1,1496.2,62.5,23.6,187.6,60.0,327.7,65.3,229.9,883.2,2417.3,918.1,5038.6,1469.9,4672.7,610.0,562.4,980.5,666.4,2481.9,569.7,3605.2,538.5,4100.0,2934.8,3652.4,5327.5,4920.1,9999.9,5008.5,369.4,332.3,1357.8,1972.6,745.4,1560.4,290.3,9725.8,7337.0,9999.9,8120.5,9999.9,9999.9,9999.9,1738.9,1000.5,3217.0,1490.9,7535.3,7535.3,1822.2,9091.5,7744.6,9999.9,6483.8,9957.3,9999.9,5466.7,433.6,667.5,2431.4,499.6,4182.1,1373.4,3589.7,252.8,215.6,315.8,1086.2,130.1,1139.5,97.5,298.2,315.7,340.1,1039.0,183.4,1700.0,279.1,151.9,219.8,230.6,672.9,52.5,615.0,104.3,416.3,278.1,382.6,1806.5,195.4,1477.7,282.7,4060.2,4333.7,2035.0,4978.6,2166.8,5576.1,2622.0,57.5,90.4,27.9,98.3,465.1,368.7,34.6,2622.0,2884.2,1731.7,2519.3,3767.6,1194.8,2030.1,43.1,103.5,69.7,115.8,673.4,36.9,573.6,5327.5,2884.2,5227.6,9999.9,3306.0,9999.9,3267.2,4920.1,3280.0,5227.6,9957.3,5613.5,9999.9,5849.0,1213.9,1377.9,1380.2,2565.7,340.5,4161.2,750.1,5768.4,5539.2,3413.9,9999.9,7273.2,9999.9,5576.1,9999.9,9999.9,9999.9,9999.9,9999.9,8993.7,9999.9,3544.1,4289.3,498.7,4779.5,9191.4,8281.3,2622.0,9999.9,9999.9,9999.9,9999.9,9999.9,9999.9,9999.9,2431.4,4021.2,1405.7,4449.0,9999.9,3086.4,8281.3,473.0,762.4,1977.3,4672.7,1371.1,3836.7,274.4,195.8,181.9,804.2,1304.8,339.8,1217.4,136.4,619.1,357.2,683.3,2715.6,407.6,2248.4,481.5,3926.8,2336.3,2195.3,9191.4,4472.8,8804.4,3372.6,9999.9,6288.8,6912.5,9999.9,9999.9,9999.9,9091.5,941.9,734.3,479.0,3019.5,5808.4,4425.5,856.9,7148.8,6061.0,4949.2,9725.8,7744.6,8804.4,5689.9,148.2,178.6,300.4,1775.8,3267.2,643.8,2816.2,9999.9,9999.9,9999.9,9999.9,9999.9,9999.9,6691.3,9999.9,7744.6,9999.9,9999.9,9999.9,9999.9,9999.9,9999.9,9999.9,8364.2,9999.9,8364.2,9999.9,8281.3,9999.9,9999.9,9999.9,9999.9,9999.9,9999.9,9999.9,9999.9,9999.9,9999.9,9999.9,9999.9,9999.9,9999.9,9999.9,9999.9,9999.9,9999.9,9999.9,9999.9,9999.9,8898.0,9999.9,8281.3,7890.7,9999.9,9999.9,5974.4,6855.9,9999.9,7088.3,9999.9,9999.9,9999.9,9999.9,1198.3,406.2,1693.1,1437.1,4545.7,4060.2,331.2,1429.7,752.8,2630.2,1311.0,6105.2,3684.6,1475.1,152.3,285.1,60.2,250.9,1203.4,975.9,70.6,2189.5,3306.0,429.3,3400.0,6150.1,6288.8,2133.7,1130.2,785.3,593.6,3345.6,4891.3,4224.3,1017.5,9999.9,9999.9,7401.9,9999.9,9999.9,9999.9,9999.9,9397.9,9999.9,4289.3,9840.2,7401.9,6534.5,4779.5,126.2,714.8,117.4,1096.2,589.8,3041.5,2452.8,9999.9,6970.1,9999.9,6970.1,9999.9,9999.9,3109.3,9999.9,9999.9,9999.9,9999.9,9999.9,9999.9,9957.3,6105.2,9191.4,4379.1,6534.5,6855.9,3801.9,5974.4,9999.9,9999.9,9999.9,9999.9,9999.9,9999.9,9999.9,9999.9,9999.9,7744.6,9999.9,9614.0,9999.9,9725.8,5808.4,8622.8,4472.8,7088.3,6061.0,8364.2,4402.2,9999.9,9999.9,4752.3,9999.9,5131.4,9999.9,8534.9,3144.4,9504.7,4449.0,9957.3,7337.0,7028.7,6384.8,22.5,6.7,86.0,18.6,186.4,19.7,120.3,96.3,156.7,608.3,134.9,1304.8,339.1,1147.3,18.0,56.7,46.1,70.3,398.4,23.4,333.5,475.2,926.2,333.6,1122.7,1802.6,738.8,2297.8,66.4,81.4,131.0,643.4,1488.2,281.8,953.7,1509.7,4060.2,1735.3,5466.7,4120.2,4182.1,2467.3,50.3,240.4,39.4,363.5,186.6,1215.7,863.1,973.7,2894.1,1449.6,3109.3,2724.4,1512.5,2254.5
20261001_松阪_9R,20261001,47,松阪,9,205.0,172.3,126.9,823.0,149.5,296.6,164.6,98.1,105.8,33.8,270.1,32.2,299.2,17.1,88.6,172.4,69.5,833.5,109.8,483.3,104.5,40.1,29.1,44.2,217.5,17.4,160.0,22.6,1877.8,949.1,2065.1,830.8,893.1,2546.3,450.1,54.8,21.1,62.3,10.4,209.4,166.4,15.2,835.2,1071.9,1208.6,760.9,2191.7,714.6,817.9,80.5,17.2,98.6,29.7,88.6,28.0,226.4,1462.5,1058.9,1153.7,4323.2,1033.9,1347.3,1020.5,1804.6,3481.5,4917.6,7153.0,5043.7,5142.6,2300.6,640.2,1986.9,2103.8,2521.8,2138.1,384.9,1233.2,2155.6,5464.0,4253.1,9999.9,3838.1,6668.0,4445.3,9149.1,9999.9,8111.6,9999.9,9999.9,8840.7,8370.5,1710.5,4574.5,3694.0,4185.2,9999.9,5960.8,4035.0,1740.7,3914.5,760.9,4768.6,6668.0,4917.6,2049.0,1172.6,1947.5,2667.2,3512.6,3782.8,3292.1,1909.7,248.7,239.5,106.9,393.0,120.4,642.3,46.4,986.0,1681.2,2443.5,2685.4,2179.5,2054.3,760.9,761.6,1435.8,2588.2,3026.2,1796.4,2513.8,737.4,533.0,2458.8,2579.7,3251.3,1089.7,3481.5,740.8,1834.1,3994.0,4522.0,5176.5,3876.0,7493.6,464.2,333.5,1681.2,1542.8,1125.6,2732.0,2914.1,453.5,2980.4,5043.7,5142.6,7025.2,8840.7,5426.4,2530.0,34.2,172.9,194.0,192.4,79.7,182.9,444.5,179.6,485.6,186.1,1938.0,369.9,925.6,338.1,310.6,1033.9,891.0,2027.9,1351.9,282.4,540.4,909.6,1551.9,2820.1,4299.6,2132.3,3122.3,892.0,439.5,566.8,2751.1,5701.6,3026.2,4299.6,2235.3,7868.3,7565.6,8028.8,9999.9,9999.9,7153.0,7218.6,952.5,2210.1,2513.8,3061.5,7422.9,4628.4,2474.3,3185.5,1058.9,5389.2,9044.0,8646.4,7285.4,5701.6,710.1,1122.4,887.0,2161.6,2038.4,2384.3,2741.5,909.6,612.7,725.8,1877.8,299.4,1829.8,548.6,2466.5,6345.4,4014.4,9999.9,5280.7,8552.5,5011.6,1138.6,5541.0,5785.5,8646.4,2840.5,9999.9,2443.5,1776.1,4163.1,7565.6,9999.9,7868.3,9999.9,7493.6,4655.8,9999.9,9999.9,9999.9,9999.9,9999.9,9999.9,487.2,4979.9,2969.1,7493.6,9999.9,6842.0,3376.9,7714.0,9999.9,9999.9,9999.9,9999.9,9999.9,9999.9,1170.8,5043.7,2287.2,5871.8,6668.0,2882.1,9959.8,7947.7,4163.1,9999.9,3406.1,5109.2,9999.9,2810.1,9999.9,9999.9,8028.8,9999.9,9999.9,9999.9,7947.7,5142.6,9999.9,8742.5,9999.9,9999.9,9999.9,695.6,9999.9,9999.9,9999.9,9999.9,9999.9,9999.9,8370.5,5011.6,9999.9,9999.9,9999.9,3914.5,9999.9,9999.9,9044.0,9999.9,9999.9,9999.9,9999.9,9999.9,9999.9,9999.9,9999.9,9999.9,9999.9,9999.9,9999.9,9999.9,2377.1,4347.1,620.0,7868.3,7218.6,6449.4,9835.3,356.1,160.1,371.4,106.4,1058.9,901.2,122.3,1143.6,3711.4,2840.5,3147.3,8742.5,2980.4,3185.5,394.9,2713.2,2307.4,1467.9,4299.6,4827.1,648.1,1070.5,2871.6,2800.1,3994.0,8840.7,7790.3,3512.6,404.3,3049.7,1692.1,4076.8,7218.6,5109.2,2054.3,4887.1,9999.9,9999.9,9999.9,9999.9,9999.9,8552.5,3711.4,9595.4,8742.5,9999.9,8196.1,9999.9,8460.5,367.3,2081.5,556.4,2482.1,1527.8,1596.0,3876.0,5011.6,4768.6,5464.0,4055.8,9999.9,3838.1,3895.1,3857.0,9256.8,1275.2,9999.9,9999.9,9999.9,5043.7,5828.3,9959.8,9999.9,9999.9,9999.9,9999.9,6449.4,6612.0,1385.2,9999.9,9999.9,9999.9,9999.9,9999.9,9149.1,9999.9,9999.9,9999.9,9999.9,9999.9,9999.9,9999.9,9999.9,9999.9,9999.9,9999.9,9999.9,9999.9,5828.3,9999.9,9999.9,9999.9,5426.4,9999.9,9999.9,5043.7,7639.1,6195.5,9999.9,9999.9,9999.9,9999.9,242.6,56.2,286.9,157.0,195.7,130.2,580.2,610.8,583.2,1225.5,1667.0,1092.8,1625.6,1397.5,37.8,144.6,166.4,228.0,67.0,166.0,444.5,719.8,1106.6,641.7,2081.5,1298.3,2179.5,2741.5,578.9,1905.1,719.2,2161.6,1923.7,1273.1,3934.1,379.3,786.8,193.7,1239.1,1670.5,1513.1,2092.6,293.5,1390.1,362.2,1558.0,1050.5,958.3,2579.7,2267.5,3592.8,2261.0,6345.4,6902.0,4098.0,5352.5
20261001_松阪_10R,20261001,47,松阪,10,929.5,892.3,603.1,2862.9,173.6,643.6,298.3,1804.2,2187.0,3171.2,7232.6,1526.8,2913.5,1414.2,1626.2,1861.2,2721.1,3099.7,1026.8,1696.5,1200.1,1254.9,4022.0,3393.0,6814.2,809.1,3065.1,1607.2,9264.2,9999.9,7232.6,9999.9,7296.6,9933.9,6018.4,97.1,591.9,436.2,164.9,1338.5,214.4,111.4,1062.5,2181.2,1784.6,2045.9,4185.3,731.6,379.6,161.0,388.0,292.2,410.6,1084.8,86.0,120.1,668.7,583.1,431.0,2252.7,119.8,554.1,227.2,1049.0,539.9,2015.9,3817.2,335.0,4143.3,1226.9,872.5,580.2,1604.1,1290.3,322.9,3365.3,1208.9,662.2,2125.0,1904.2,5496.8,199.9,3123.1,1068.0,6814.2,9161.3,4339.5,9999.9,2389.9,9999.9,9999.9,24.8,75.0,48.7,17.4,307.0,175.0,31.7,2035.8,9264.2,8163.5,5319.4,9999.9,1485.6,2853.0,229.0,905.0,816.3,811.5,3648.3,157.6,1443.9,1828.2,1665.7,2843.1,4250.1,1369.6,3171.2,1449.0,1558.6,1029.3,2872.8,4164.2,543.5,6018.4,1857.0,737.4,727.0,1792.4,293.4,341.4,3183.4,757.8,5889.4,6199.4,6294.0,9477.2,3183.4,8962.1,8328.5,7428.1,9999.9,1243.6,9999.9,7634.4,9999.9,9060.6,898.1,381.3,431.2,1010.4,2862.9,3233.4,889.4,6441.5,9999.9,9999.9,9999.9,9999.9,7778.5,9999.9,1177.8,2349.0,1456.7,5765.8,5725.8,1245.5,6018.4,1652.3,1369.6,3220.7,1857.0,1009.2,2703.3,1482.9,1601.0,1245.5,3407.1,2766.8,751.6,6391.6,2181.2,600.9,789.0,2141.6,316.5,488.1,2913.5,697.5,6441.5,6107.5,5725.8,9999.9,4002.5,9999.9,9999.9,2776.1,2998.2,770.5,5931.8,2222.4,4738.6,3538.7,823.6,601.4,727.0,1469.7,1467.1,3538.7,1302.5,8005.0,9999.9,9999.9,9999.9,9933.9,9999.9,9999.9,1200.1,2432.2,1388.0,6153.1,2882.9,1710.6,5647.4,1682.6,6492.2,4362.5,9999.9,1143.5,5974.7,3088.0,1467.1,4684.7,3379.1,9999.9,340.9,7428.1,3031.3,8005.0,6649.3,7232.6,9999.9,4766.0,9999.9,9999.9,8500.2,8245.2,9161.3,9999.9,6153.1,9999.9,9999.9,9999.9,9999.9,9999.9,9999.9,9999.9,9999.9,9999.9,819.6,267.6,2322.5,2521.4,5218.4,3632.2,1623.0,8771.5,9999.9,9999.9,9999.9,9999.9,9477.2,9999.9,3233.4,4878.8,7564.4,9999.9,9999.9,2757.5,9999.9,9999.9,9999.9,9999.9,9999.9,9999.9,9999.9,9999.9,9999.9,9999.9,8865.8,9999.9,7634.4,9999.9,9999.9,9999.9,9999.9,1515.6,9999.9,9999.9,9999.9,9999.9,9264.2,9264.2,1529.7,9999.9,5285.3,9999.9,9999.9,9999.9,9999.9,9999.9,9999.9,9999.9,9999.9,9999.9,9477.2,5847.6,9999.9,9587.4,9999.9,9999.9,9999.9,9999.9,9999.9,9999.9,9999.9,9999.9,9999.9,9999.9,9999.9,9999.9,9999.9,9999.9,9999.9,9999.9,9999.9,28.0,270.1,172.7,64.1,800.5,152.8,57.6,7.5,39.6,24.8,4.5,178.7,104.3,13.0,399.0,145.7,270.5,367.1,1913.0,1570.5,490.7,309.5,142.3,359.4,385.8,958.7,1446.5,474.1,73.4,22.3,262.3,199.7,737.4,470.8,128.1,3220.7,1014.1,6543.8,3159.0,2955.2,7361.7,5424.4,860.6,580.6,3817.2,2913.5,1490.9,6342.4,1558.6,60.0,43.5,398.3,307.3,123.5,1340.6,539.9,3714.0,8413.4,5285.3,5389.0,9999.9,2389.9,921.2,4997.1,9999.9,9999.9,9999.9,9999.9,3817.2,7296.6,9999.9,9999.9,9999.9,9999.9,9999.9,9999.9,9999.9,8413.4,9999.9,9999.9,9999.9,9999.9,9999.9,9999.9,9999.9,9999.9,9999.9,9999.9,9999.9,9587.4,9999.9,9999.9,9999.9,9999.9,9999.9,9999.9,9999.9,9999.9,3298.0,3632.2,9999.9,9999.9,5285.3,9999.9,6441.5,1083.4,6596.1,9999.9,9999.9,9999.9,9999.9,6342.4,111.1,408.3,250.3,227.3,1066.6,54.7,82.8,202.6,1112.7,900.1,716.3,3747.8,169.3,1456.7,809.9,1746.8,1317.1,4362.5,5460.4,963.2,4456.8,871.5,1564.5,1428.9,3421.2,2739.2,1062.5,3764.9,1482.9,2006.1,5121.2,5608.9,9060.6,1274.3,4432.9,6492.2,9999.9,9999.9,9999.9,9999.9,9999.9,9999.9,65.5,77.3,597.4,403.7,177.0,2025.8,557.1,673.6,4122.6,7928.0,6703.4,6758.3,9999.9,1619.8
20261001_松阪_11R,20261001,47,松阪,11,377.8,707.9,389.5,1835.4,332.0,1705.7,99.3,560.1,2055.8,1262.1,1159.5,613.8,1304.1,176.7,2471.3,4570.8,4483.7,8967.5,3303.8,8967.5,959.8,482.6,1130.3,2029.2,1941.4,697.4,3067.0,173.0,3362.8,1277.5,5848.3,2652.3,1213.3,4129.7,417.7,289.2,411.1,1077.3,499.5,775.6,1453.0,49.4,6725.6,4319.2,8799.8,8047.7,9322.6,5260.2,1029.0,15.6,25.8,107.7,39.1,89.8,5.9,148.9,736.7,821.6,558.4,2753.1,768.6,2836.1,236.4,973.7,1448.5,1255.4,2572.6,3374.8,2247.2,1084.7,1042.7,1418.0,488.3,2593.9,2970.3,3751.3,893.3,274.2,566.5,201.0,1546.1,1072.4,1828.3,270.4,5997.3,3956.2,4615.6,4904.1,9999.9,9999.9,4981.9,1800.3,4379.4,3539.8,2951.6,9053.7,6405.3,2101.7,7593.4,5848.3,6974.7,6405.3,9999.9,8117.1,4041.1,190.6,615.4,433.7,282.1,2060.3,696.9,2024.9,745.5,3269.4,1766.5,1111.6,1277.5,1057.9,354.2,957.8,1969.8,1672.4,1849.8,3553.1,1740.4,1202.5,8187.7,5380.5,7912.5,7532.7,9999.9,7242.9,8332.6,3269.4,2307.8,5672.2,3874.8,6584.5,2998.6,2383.7,669.2,999.5,2674.9,2135.1,1853.5,458.6,739.6,3213.6,5231.0,8559.9,5884.9,7593.4,4929.7,3202.6,1247.1,1435.3,3027.6,2477.8,843.7,3315.4,1130.3,323.4,820.1,2274.3,1411.6,798.6,1579.8,861.4,4570.8,9999.9,7133.2,9999.9,6114.2,9999.9,3649.5,3553.1,5231.0,1318.7,8799.8,7979.5,9808.2,2729.2,9999.9,9608.0,9999.9,9999.9,9999.9,9999.9,9999.9,9231.2,1450.8,9999.9,9999.9,9999.9,9999.9,6630.9,9999.9,9999.9,9999.9,9999.9,9999.9,9999.9,9999.9,7133.2,9707.1,9999.9,9999.9,9999.9,9999.9,9999.9,9999.9,9999.9,9999.9,9999.9,9999.9,9999.9,9999.9,3707.0,3663.7,9999.9,6974.7,9999.9,9999.9,9999.9,497.4,1207.1,1606.8,1937.4,888.2,2960.9,230.4,286.9,603.1,192.1,1492.2,985.9,1601.3,220.8,2426.7,1715.0,4279.9,4203.5,5474.3,3607.6,1917.6,4076.1,1026.8,6114.2,8799.8,9322.6,7912.5,3692.5,3235.7,4707.9,4111.7,9999.9,9999.9,9999.9,3128.2,2497.5,3387.0,6584.5,8259.5,9999.9,9999.9,2970.3,8559.9,7532.7,5921.9,9999.9,9999.9,9999.9,6449.2,168.8,214.9,613.8,1005.9,1426.6,859.1,2179.6,4319.2,1561.5,9707.1,3280.7,2586.7,5380.5,952.0,5848.3,3269.4,4878.6,5776.6,9999.9,9999.9,5997.3,854.4,1538.5,2601.0,2802.3,2324.9,599.7,827.4,9999.9,9999.9,9999.9,9999.9,9053.7,9999.9,9999.9,4203.5,6319.3,6538.8,9999.9,9999.9,9999.9,3989.7,7979.5,9999.9,9999.9,9999.9,9999.9,9999.9,8967.5,9999.9,9999.9,2029.2,9999.9,9999.9,9999.9,9999.9,1219.6,3939.7,1356.7,8638.4,3191.8,5706.6,7655.1,1378.6,1817.7,3087.1,2154.6,2960.9,4684.5,207.8,1994.8,5173.5,4853.5,3423.9,9999.9,4755.5,2420.5,3751.3,6538.8,9999.9,8967.5,9999.9,9053.7,5062.3,5997.3,7593.4,9999.9,9999.9,9999.9,9999.9,9999.9,3766.3,4755.5,8718.4,9999.9,9999.9,9231.2,5474.3,8047.7,9999.9,9999.9,9999.9,9999.9,9999.9,9999.9,9999.9,9999.9,9999.9,9999.9,9999.9,9999.9,9999.9,297.1,2164.5,3008.2,6405.3,3649.5,6538.8,5776.6,9999.9,8882.9,9999.9,9608.0,9999.9,9999.9,3224.6,9999.9,9511.0,9999.9,9999.9,9999.9,9999.9,9999.9,5571.5,6974.7,9999.9,7133.2,2055.8,9999.9,3812.1,9999.9,9999.9,9999.9,9999.9,9999.9,9999.9,9999.9,9999.9,9999.9,8332.6,9999.9,9999.9,9999.9,9999.9,9999.9,9999.9,2263.4,9999.9,9999.9,9999.9,9999.9,9999.9,9999.9,9999.9,9999.9,8482.7,9999.9,9999.9,3436.4,9999.9,4462.5,9999.9,9999.9,9999.9,9999.9,8.0,16.5,58.0,20.9,61.2,3.7,106.8,43.1,115.9,80.0,63.6,447.9,158.2,512.8,85.8,190.4,541.1,313.4,273.0,362.2,260.9,561.8,426.6,1265.5,986.9,3149.1,2125.4,2785.7,75.6,51.9,258.3,313.8,656.6,345.5,988.0,356.9,903.6,305.6,2144.8,1133.0,1598.6,2064.8,56.6,359.6,509.2,1003.8,606.3,1275.8,1553.7,782.7,2497.5,1248.7,3858.9,2819.1,3449.0,2579.6
20261001_松阪_12R,20261001,47,松阪,12,50.2,279.0,161.9,430.9,88.0,275.5,78.3,20.7,65.0,26.8,108.7,58.2,40.9,43.8,501.3,236.8,547.1,505.5,760.1,834.9,761.9,254.8,108.1,468.1,686.8,448.2,381.0,372.6,776.9,334.1,475.4,968.5,1039.3,1366.2,993.4,249.8,251.6,885.3,585.9,1243.6,829.7,498.9,549.5,192.5,859.5,477.7,1423.3,744.7,678.1,111.7,108.3,521.9,355.0,643.2,301.1,549.4,99.3,481.2,287.8,639.9,135.3,436.9,113.0,137.0,623.5,368.8,878.7,210.8,531.2,204.6,1032.6,1077.7,1468.0,1177.8,772.6,1876.4,848.5,486.0,543.4,1163.7,1569.6,431.8,822.1,446.8,1353.8,1362.9,1287.9,1885.8,805.9,2384.4,951.7,122.0,136.8,351.4,193.7,446.0,259.9,63.3,989.9,1097.2,1984.1,1089.2,2614.7,663.3,652.1,77.3,95.2,285.9,197.9,406.5,41.3,245.2,23.2,61.2,25.1,95.4,47.9,36.3,50.3,80.0,429.7,217.2,652.1,161.1,336.8,172.5,229.1,581.1,577.9,460.4,733.3,785.6,952.9,76.7,257.7,437.2,642.6,347.7,239.6,439.2,299.8,840.2,511.0,938.6,985.9,1235.4,1122.4,255.7,309.1,952.9,514.4,1578.4,824.5,535.6,129.2,494.4,671.8,319.1,1012.6,584.7,649.9,166.9,233.1,843.4,529.9,1029.3,380.4,597.8,687.3,336.2,685.4,510.0,873.2,989.0,1049.5,923.1,981.2,1197.9,892.7,740.5,1517.6,903.5,411.7,776.1,875.6,604.9,948.9,1130.9,1324.3,666.3,866.8,654.2,536.7,1409.9,828.2,1346.5,275.3,363.9,302.0,329.1,415.5,315.1,423.8,1771.3,1168.0,1466.1,1982.4,1687.5,3018.9,2045.6,1038.9,1282.7,970.2,892.3,693.2,1775.5,1592.9,1438.8,886.0,1767.1,1723.7,1280.5,1606.6,2036.3,228.2,132.6,529.7,741.7,391.7,302.4,322.3,260.3,344.1,790.8,1249.2,262.4,411.9,279.8,135.8,300.8,590.1,823.6,460.4,350.4,481.7,685.2,830.3,737.6,644.6,1353.8,892.7,1560.8,1315.0,1753.4,1438.8,865.8,1870.1,1937.9,2347.0,961.1,604.6,1032.6,1785.4,2457.4,1320.4,1356.3,298.5,336.7,365.8,700.1,1188.4,493.6,481.7,650.4,391.2,699.9,1299.8,2151.4,933.9,1009.4,873.2,384.4,534.5,1197.2,1236.1,1541.5,1159.5,984.7,1019.1,750.7,1566.3,530.4,1812.8,624.2,437.0,1002.7,592.9,1191.5,1374.6,1516.6,1362.9,281.1,345.8,336.9,370.7,483.3,384.2,436.9,1331.4,1629.9,1391.6,745.7,1927.9,1898.6,2308.4,2310.8,1007.6,2476.4,1633.5,2864.9,3137.0,1934.6,2089.4,2252.8,2112.9,986.4,2268.7,2537.9,2875.9,1372.9,541.7,1577.3,918.2,2715.9,1222.0,2909.4,508.0,570.9,1656.4,1310.4,2526.5,1738.4,914.1,292.4,306.6,650.4,432.3,843.1,509.7,115.9,558.1,529.7,1505.4,909.3,2924.6,1340.9,874.3,2219.4,1456.6,1970.2,3018.9,2725.8,3664.1,2543.7,1619.3,1007.6,1209.5,2498.4,3352.3,1927.9,1478.6,3616.9,2041.9,3794.0,3255.2,3989.5,4602.6,3332.5,2226.0,1180.9,1686.2,3327.5,1763.0,4253.9,1299.8,845.9,204.0,794.2,1594.1,1126.9,2543.7,1004.5,759.8,325.0,1753.4,735.2,2512.4,1473.8,964.4,839.3,877.7,2250.6,1141.8,3051.7,790.3,688.9,366.5,795.9,1612.4,718.7,2460.1,1315.0,1030.7,1812.8,2018.0,1586.2,1353.0,1132.1,2648.7,2974.9,620.9,750.9,601.8,1114.6,1769.9,1123.6,1174.7,2998.8,3102.3,2752.5,1339.3,2807.6,3906.2,3961.3,2436.1,1396.8,2165.9,3743.5,2010.8,4669.6,2180.6,1204.3,681.4,1113.5,3482.3,1826.1,4182.6,1708.0,154.2,185.7,664.5,536.3,1046.1,354.4,761.9,93.2,129.6,304.2,283.9,455.0,38.8,316.7,237.9,264.9,892.3,687.3,1386.4,451.2,863.5,1166.8,709.8,1148.9,1701.5,1076.2,1199.8,1723.7,845.6,640.8,1019.1,1401.1,2832.4,1122.4,1651.5,1475.7,725.7,1615.9,1070.0,2850.3,1458.5,3172.4,481.4,127.9,527.3,1194.7,930.0,1673.7,885.6,1271.1,821.5,1232.7,1963.3,1597.5,2917.0,1119.6
20261001_奈良_1R,20261001,53,奈良,1,13.9,22.3,109.3,19.4,137.7,,,40.0,106.6,361.1,114.1,801.3,,,99.4,166.9,335.7,321.3,1233.4,,,419.5,835.8,652.1,1069.2,3166.7,,,60.2,113.8,256.0,654.7,598.8,,,423.3,1903.7,1575.8,1058.9,735.1,,,,,,,,,,,,,,,,,12.5,14.6,40.0,21.9,153.6,,,16.5,27.7,91.0,117.4,605.4,,,44.7,49.5,66.4,176.0,1176.2,,,220.5,278.6,195.8,544.3,2744.5,,,161.9,317.5,327.7,546.1,1312.1,,,897.3,1819.5,1937.3,2721.8,1937.3,,,,,,,,,,,,,,,,,42.2,77.1,238.1,176.1,892.5,,,14.2,33.7,106.5,130.7,599.8,,,31.7,23.3,16.1,136.8,383.4,,,509.8,338.8,129.7,793.5,2335.7,,,410.1,372.1,456.1,829.5,2124.7,,,2940.5,2240.4,1724.3,3466.7,3920.7,,,,,,,,,,,,,,,,,159.7,181.8,274.2,471.1,1860.6,,,97.6,81.6,123.0,256.8,1438.1,,,47.2,40.2,25.7,112.0,469.8,,,178.3,134.3,60.2,177.3,1116.4,,,694.8,706.7,582.9,751.9,2888.9,,,3107.0,3579.8,1925.9,3166.7,3579.8,,,,,,,,,,,,,,,,,925.1,1366.5,661.3,2138.5,4333.4,,,760.6,755.3,616.7,1538.9,4277.1,,,1155.5,740.0,298.8,1591.0,4704.9,,,604.2,408.1,188.5,684.7,2677.5,,,3107.0,2914.5,2572.9,1903.7,3197.5,,,8901.1,8666.9,6333.5,5066.8,5489.0,,,,,,,,,,,,,,,,,281.7,599.8,751.9,1646.7,1960.3,,,299.1,518.6,805.2,1531.8,2319.3,,,683.2,592.3,711.3,2210.3,4016.3,,,1127.8,1184.6,1019.6,1850.2,5489.0,,,2721.8,2271.3,3136.6,1972.1,4450.5,,,2369.3,2255.7,3326.6,3077.9,3829.5,,,,,,,,,,,,,,,,,1706.4,5988.0,4773.0,9999.9,3967.9,,,1355.3,3503.6,5311.9,8032.7,4511.5,,,4333.4,3659.3,3466.7,7659.1,6721.2,,,5777.9,7318.7,3742.5,7159.6,9409.8,,,9980.0,9999.9,8032.7,8666.9,6586.8,,,3107.0,3466.7,4843.2,5678.3,4638.6,,,,,,,,,,,,,,,,,,,,,,,,,,,,,,,,,,,,,,,,,,,,,,,,,,,,,,,,,,,,,,,,,,,,,,,,,,,,,,,,,,,,,,,,,,,,,,,,,,,,,,,,,,,,,,,,,,,,,,,,,,,,,,,,
20261001_奈良_2R,20261001,53,奈良,2,58.8,51.5,67.6,168.0,71.6,,,41.9,95.4,23.3,57.5,143.6,,,166.6,249.0,323.1,695.2,485.4,,,11.1,6.9,62.9,3.3,49.4,,,192.3,106.6,419.2,39.0,542.7,,,51.3,234.0,257.5,208.9,490.1,,,,,,,,,,,,,,,,,470.5,392.7,357.8,946.2,422.8,,,620.8,542.7,830.7,1630.8,905.0,,,604.9,414.3,1134.2,1092.2,469.3,,,429.4,1092.2,1320.4,867.3,1325.4,,,1653.6,1833.6,3435.8,1594.0,4114.9,,,481.4,592.7,294.6,784.6,1902.6,,,,,,,,,,,,,,,,,266.0,505.5,90.4,234.3,757.7,,,400.7,402.6,600.8,788.1,834.6,,,1398.7,777.7,2144.7,2313.0,3805.2,,,128.2,414.8,1062.7,291.0,1286.8,,,559.9,1254.9,1852.8,520.4,1988.1,,,1552.1,1105.9,3435.8,2081.7,2764.7,,,,,,,,,,,,,,,,,848.6,1892.4,1645.9,3370.3,2621.4,,,895.9,1246.0,2743.3,3050.7,1137.9,,,2440.6,1366.3,4718.5,3538.8,7077.7,,,2010.7,4479.6,5998.1,5707.8,6939.0,,,4537.0,5361.9,4718.5,7372.6,9999.9,,,3050.7,1586.9,7864.2,6208.5,9999.9,,,,,,,,,,,,,,,,,26.6,17.2,123.2,7.9,118.4,,,268.0,447.3,566.2,544.4,1056.3,,,59.0,305.8,338.0,110.6,826.8,,,856.8,1545.3,1468.4,1145.2,3805.2,,,35.5,247.6,90.1,300.9,618.6,,,772.6,1069.1,1661.4,3435.8,1310.7,,,,,,,,,,,,,,,,,1005.3,541.9,2010.7,167.9,2407.4,,,1814.8,2743.3,3648.3,1805.5,6805.5,,,689.8,1805.5,2171.0,556.4,3574.6,,,3805.2,5361.9,3538.8,4263.7,9999.9,,,133.1,907.4,413.9,1769.4,2081.7,,,4537.0,6805.5,6319.4,9999.9,4114.9,,,,,,,,,,,,,,,,,503.3,1468.4,1661.4,880.3,2701.4,,,619.7,1062.7,313.7,1062.7,1892.4,,,2225.7,1843.1,3503.8,2949.0,4067.6,,,2602.1,1254.9,3805.2,5617.2,8042.9,,,1387.8,1966.0,2640.9,3805.2,2545.9,,,5529.5,5529.5,5898.1,9999.9,4067.6,,,,,,,,,,,,,,,,,,,,,,,,,,,,,,,,,,,,,,,,,,,,,,,,,,,,,,,,,,,,,,,,,,,,,,,,,,,,,,,,,,,,,,,,,,,,,,,,,,,,,,,,,,,,,,,,,,,,,,,,,,,,,,,,
20261001_奈良_3R,20261001,53,奈良,3,73.6,25.3,21.5,25.9,2.8,,,620.2,827.4,1242.6,738.1,1214.0,,,79.3,295.2,510.4,126.0,191.2,,,253.3,1206.0,1072.8,1013.8,400.2,,,298.1,345.8,263.2,1146.1,727.9,,,30.9,529.4,188.3,144.4,332.1,,,,,,,,,,,,,,,,,112.5,51.5,18.0,31.8,2.6,,,902.3,3075.4,2693.8,1863.9,1774.3,,,170.0,1342.0,1142.5,454.5,410.0,,,203.3,1863.9,1654.9,1146.1,291.9,,,375.4,1149.7,866.3,1590.7,818.3,,,15.3,558.3,259.3,74.3,308.3,,,,,,,,,,,,,,,,,1973.5,2335.8,3075.4,1332.3,4731.5,,,2170.9,3690.5,5198.0,1654.9,3844.3,,,3481.6,4446.4,7236.4,1685.2,9999.9,,,4242.0,7236.4,8387.7,9999.9,9999.9,,,3481.6,4291.3,1640.2,8582.7,5677.8,,,6834.4,7236.4,8387.7,9999.9,9999.9,,,,,,,,,,,,,,,,,184.8,1142.5,1583.9,458.4,539.5,,,237.9,1318.0,2027.7,770.4,712.4,,,2170.9,1550.6,4671.6,802.3,4856.0,,,3765.9,4671.6,7236.4,5858.0,4792.9,,,631.9,628.7,352.1,2527.8,1818.0,,,833.0,1042.5,3481.6,2883.2,2476.9,,,,,,,,,,,,,,,,,934.3,4856.0,1544.1,5348.6,1476.2,,,958.5,5858.0,4792.9,7097.2,1525.0,,,5125.8,8023.0,8201.3,9999.9,9999.9,,,4393.5,6710.1,9999.9,9463.0,8787.1,,,9463.0,9999.9,9226.4,9999.9,6834.4,,,1464.5,1537.7,8787.1,7531.8,6710.1,,,,,,,,,,,,,,,,,1153.3,2365.7,1242.6,3514.8,3025.0,,,1214.0,2170.9,1518.7,4987.2,2121.0,,,2321.1,2674.3,748.5,5677.8,4613.2,,,1051.4,1022.3,550.0,3926.1,2428.0,,,8387.7,9999.9,9999.9,9974.5,7852.3,,,3804.7,3654.0,3968.3,4556.2,5508.3,,,,,,,,,,,,,,,,,75.7,1361.8,547.5,352.8,809.3,,,51.9,833.0,535.6,235.5,638.5,,,3926.1,4393.5,8023.0,7236.4,7236.4,,,868.3,1139.0,5198.0,2774.8,3000.4,,,642.9,644.0,2460.3,2121.0,2183.7,,,2580.8,3000.4,4731.5,4100.6,3417.2,,,,,,,,,,,,,,,,,,,,,,,,,,,,,,,,,,,,,,,,,,,,,,,,,,,,,,,,,,,,,,,,,,,,,,,,,,,,,,,,,,,,,,,,,,,,,,,,,,,,,,,,,,,,,,,,,,,,,,,,,,,,,,,,
20261001_奈良_4R,20261001,53,奈良,4,33.9,14.1,116.6,87.2,84.1,,,10.8,11.8,3.4,32.6,78.8,,,13.1,25.6,88.6,84.6,157.6,,,265.7,60.0,299.6,224.4,871.4,,,197.3,106.3,191.2,213.8,447.1,,,478.1,720.0,722.2,1177.0,791.8,,,,,,,,,,,,,,,,,137.5,78.7,386.6,324.5,333.5,,,244.5,279.5,535.0,710.4,862.0,,,52.2,93.7,284.4,106.3,55.9,,,857.3,1568.0,1203.7,2099.9,2072.6,,,659.3,866.7,389.1,1523.0,916.7,,,622.3,749.5,274.5,1247.9,712.5,,,,,,,,,,,,,,,,,78.3,76.9,15.3,65.6,348.4,,,249.5,421.8,531.4,663.0,1306.0,,,210.7,427.1,692.8,741.3,2359.8,,,45.5,454.4,629.7,208.2,1594.3,,,319.0,1001.4,1148.6,543.5,2549.1,,,2771.5,3505.1,5071.2,2998.1,4497.1,,,,,,,,,,,,,,,,,54.5,76.3,246.6,195.2,317.5,,,55.2,97.6,284.2,127.4,39.5,,,182.5,265.2,508.7,587.7,1295.3,,,1064.0,1206.8,1335.2,1953.6,2837.4,,,473.3,401.2,789.2,1785.3,1254.4,,,1489.6,517.0,2137.6,2648.3,1785.3,,,,,,,,,,,,,,,,,1453.3,409.1,1197.7,1385.7,3531.1,,,2157.0,2482.8,2482.8,4719.7,5543.0,,,371.5,1937.8,2217.2,1295.3,5181.5,,,2147.2,2708.5,2820.7,5017.8,8512.4,,,2157.0,4583.6,2176.7,5017.8,5813.4,,,7010.2,8218.9,9999.9,9999.9,8218.9,,,,,,,,,,,,,,,,,566.1,325.6,503.3,675.2,1702.4,,,735.6,972.8,526.7,1568.0,1377.7,,,408.8,807.9,1005.6,698.9,2259.2,,,608.8,515.3,1165.5,1840.5,1466.7,,,1162.6,1969.8,1088.3,2854.4,3666.9,,,3724.2,2906.7,4256.2,3724.2,4294.5,,,,,,,,,,,,,,,,,3333.5,6620.8,4256.2,8363.1,6034.1,,,2889.0,3724.2,1012.1,6034.1,3584.2,,,6034.1,6355.9,9999.9,9999.9,9999.9,,,4039.8,1244.6,7944.9,8994.3,5885.1,,,9999.9,9999.9,9999.9,9999.9,9999.9,,,5885.1,5479.3,8667.2,8218.9,8827.7,,,,,,,,,,,,,,,,,,,,,,,,,,,,,,,,,,,,,,,,,,,,,,,,,,,,,,,,,,,,,,,,,,,,,,,,,,,,,,,,,,,,,,,,,,,,,,,,,,,,,,,,,,,,,,,,,,,,,,,,,,,,,,,,
20261001_奈良_5R,20261001,53,奈良,5,45.1,34.0,74.7,93.8,541.0,,,51.3,37.6,163.7,55.4,229.7,,,15.0,19.5,61.9,40.5,145.6,,,241.4,420.4,303.3,716.8,1832.9,,,95.5,95.3,53.8,416.4,652.3,,,1492.1,1347.8,1368.7,1795.6,1600.3,,,,,,,,,,,,,,,,,58.9,31.5,66.4,116.8,632.1,,,44.9,80.2,74.1,72.6,238.9,,,53.2,99.4,81.1,295.2,600.5,,,30.2,37.1,34.9,93.7,202.8,,,119.1,93.7,273.7,176.1,1124.6,,,2153.3,1832.9,2354.3,1807.9,2894.6,,,,,,,,,,,,,,,,,70.6,51.3,180.4,50.7,162.6,,,80.2,130.5,141.9,87.1,224.5,,,100.3,190.7,364.5,184.9,360.8,,,424.7,400.3,587.9,528.6,897.8,,,21.3,38.8,54.6,146.8,40.0,,,284.6,404.6,461.8,683.5,180.4,,,,,,,,,,,,,,,,,30.5,46.6,71.8,119.1,239.0,,,67.4,133.7,137.0,403.4,1134.3,,,150.2,222.7,446.2,345.9,762.1,,,334.4,388.0,546.1,1032.5,2386.1,,,384.1,756.7,598.5,1439.4,2429.9,,,1878.4,4489.1,3044.3,4950.6,4772.2,,,,,,,,,,,,,,,,,465.4,887.3,670.5,1719.8,3628.2,,,240.6,278.8,280.8,419.4,1063.6,,,905.5,601.9,1223.3,1509.1,2375.4,,,736.7,612.3,1156.5,1558.0,4043.6,,,1692.4,881.4,1420.1,2170.9,4043.6,,,6306.2,3923.8,4566.5,6306.2,6539.7,,,,,,,,,,,,,,,,,100.2,106.8,44.1,507.3,450.8,,,151.2,174.9,317.7,245.6,1276.4,,,32.3,59.8,80.5,233.6,84.7,,,139.5,428.5,355.2,1156.5,1423.9,,,1110.5,808.7,952.7,1681.6,2273.4,,,1976.5,2863.3,629.1,2014.1,2396.9,,,,,,,,,,,,,,,,,4815.6,3009.7,4171.0,7158.4,5576.0,,,4566.5,3191.0,5821.1,4904.8,4815.6,,,2170.9,2522.4,3061.9,3508.0,986.4,,,4306.6,5951.9,4729.6,7158.4,5142.9,,,8276.9,5951.9,5757.8,7567.4,7677.1,,,4815.6,4341.9,1144.1,4414.3,6088.7,,,,,,,,,,,,,,,,,,,,,,,,,,,,,,,,,,,,,,,,,,,,,,,,,,,,,,,,,,,,,,,,,,,,,,,,,,,,,,,,,,,,,,,,,,,,,,,,,,,,,,,,,,,,,,,,,,,,,,,,,,,,,,,,
20261001_奈良_6R,20261001,53,奈良,6,33.5,55.7,151.0,59.7,269.8,,,8.1,10.7,6.1,24.7,79.6,,,45.6,31.0,179.9,115.8,90.6,,,367.2,117.6,481.4,709.7,1169.0,,,86.4,99.0,189.4,389.3,508.0,,,556.9,541.2,373.0,1290.4,843.5,,,,,,,,,,,,,,,,,82.2,141.1,313.6,121.0,614.1,,,109.3,314.0,335.9,203.7,968.4,,,198.7,385.4,879.3,273.7,602.2,,,764.3,767.9,1867.8,858.0,3144.5,,,76.2,77.6,145.2,305.3,255.7,,,1846.9,2003.3,1307.4,3066.8,1456.9,,,,,,,,,,,,,,,,,21.2,29.4,12.5,46.7,156.6,,,100.0,279.1,248.5,233.0,964.7,,,108.7,248.6,357.9,594.3,560.7,,,84.8,221.7,499.3,329.9,1061.6,,,146.2,232.7,616.4,419.9,1672.8,,,1119.0,2321.6,1501.0,2070.1,3523.6,,,,,,,,,,,,,,,,,82.3,41.7,343.1,214.7,101.4,,,146.0,205.3,739.3,265.9,212.9,,,71.9,175.3,267.9,496.8,256.3,,,1208.8,1874.8,1391.6,2922.5,1813.2,,,399.7,217.8,567.8,2019.6,618.7,,,112.6,130.2,130.9,325.3,244.0,,,,,,,,,,,,,,,,,957.2,281.1,1519.3,2027.9,3680.2,,,1180.1,1080.0,2822.9,2141.5,5069.7,,,272.6,704.7,1761.8,1119.0,3763.9,,,2534.8,3680.2,2992.9,5342.3,6369.6,,,2574.2,1380.1,1383.9,5122.0,5645.8,,,7200.5,8013.4,8566.1,6997.6,7763.0,,,,,,,,,,,,,,,,,96.3,96.9,363.9,595.7,1032.9,,,46.5,54.0,83.4,237.2,222.4,,,105.1,130.5,569.1,473.1,1226.7,,,532.5,257.5,697.8,1749.4,896.8,,,1293.8,1066.1,1217.7,2806.9,3763.9,,,2258.3,1188.6,2332.5,1623.6,4039.3,,,,,,,,,,,,,,,,,2642.7,2114.1,1465.5,5777.1,3851.4,,,2939.8,3105.2,1925.7,5914.7,2744.9,,,2447.4,4823.6,2992.9,4006.7,6900.5,,,839.2,949.9,1022.2,2238.0,997.6,,,9033.3,7886.2,8716.4,4558.1,4558.1,,,4870.9,3085.9,6900.5,2628.7,7306.4,,,,,,,,,,,,,,,,,,,,,,,,,,,,,,,,,,,,,,,,,,,,,,,,,,,,,,,,,,,,,,,,,,,,,,,,,,,,,,,,,,,,,,,,,,,,,,,,,,,,,,,,,,,,,,,,,,,,,,,,,,,,,,,,
20261001_奈良_7R,20261001,53,奈良,7,3.1,7.5,31.5,9.0,81.1,,,13.5,50.8,40.2,40.8,273.1,,,44.6,67.8,197.1,34.2,300.5,,,246.2,192.1,440.8,400.6,962.9,,,34.0,62.0,29.5,235.8,95.8,,,574.5,901.5,778.1,1252.0,492.5,,,,,,,,,,,,,,,,,17.3,44.8,71.7,52.8,248.1,,,71.2,409.6,301.9,498.0,2179.2,,,252.1,591.5,1525.4,634.9,3083.4,,,495.4,923.0,2587.8,1834.4,5468.7,,,378.1,1052.0,979.1,1919.4,1709.9,,,2048.3,4459.1,6300.9,7833.5,4231.2,,,,,,,,,,,,,,,,,39.2,176.1,93.2,146.2,767.7,,,63.9,429.7,214.8,405.9,1505.6,,,342.6,587.9,740.3,582.0,2346.9,,,155.8,199.2,472.0,363.2,798.4,,,380.6,799.5,692.5,763.7,829.3,,,3513.2,4637.4,5318.2,4082.2,3202.6,,,,,,,,,,,,,,,,,149.6,251.9,652.7,176.5,895.9,,,269.3,668.6,2115.6,593.9,2957.5,,,423.4,718.3,997.7,709.5,3150.4,,,1570.9,3943.4,1592.5,1735.5,6587.3,,,214.3,491.2,490.0,1119.0,311.9,,,2634.9,5129.9,4830.7,6819.8,1033.3,,,,,,,,,,,,,,,,,990.9,781.2,1460.1,1670.5,2942.5,,,1225.5,1857.9,5084.9,5129.9,8281.2,,,675.6,1102.0,1494.0,1549.9,3067.1,,,2415.3,7627.4,2988.0,5084.9,9999.9,,,2212.5,6513.3,2972.7,4997.2,3350.7,,,4082.2,9999.9,9999.9,9999.9,7246.0,,,,,,,,,,,,,,,,,175.9,221.0,170.6,732.8,243.2,,,471.6,1038.8,879.6,2356.4,1357.5,,,559.5,1197.6,764.7,1417.3,1097.8,,,300.5,554.1,521.3,1164.0,350.4,,,1690.0,3692.2,2300.3,3067.1,2435.6,,,330.1,385.9,369.9,287.5,1197.6,,,,,,,,,,,,,,,,,3220.4,6370.1,4293.9,3409.9,2957.5,,,3943.4,5222.3,9999.9,9999.9,7627.4,,,7940.9,9057.5,9999.9,9994.5,6101.9,,,4871.3,8918.2,8918.2,9999.9,1341.8,,,4111.2,9999.9,9999.9,9999.9,6984.1,,,2005.8,4200.6,3067.1,1320.4,4528.7,,,,,,,,,,,,,,,,,,,,,,,,,,,,,,,,,,,,,,,,,,,,,,,,,,,,,,,,,,,,,,,,,,,,,,,,,,,,,,,,,,,,,,,,,,,,,,,,,,,,,,,,,,,,,,,,,,,,,,,,,,,,,,,,
20261001_防府_1R,20261001,63,防府,1,53.7,56.4,56.8,170.0,,,,50.5,107.8,32.5,88.9,,,,186.2,243.7,192.3,573.3,,,,16.1,15.7,46.1,56.9,,,,197.1,105.4,503.5,189.2,,,,,,,,,,,,,,,,,,,,,,,,,83.7,65.6,52.7,381.6,,,,101.8,68.5,120.5,215.7,,,,59.6,47.8,62.5,236.5,,,,45.9,107.7,73.8,344.1,,,,683.2,348.8,493.7,690.8,,,,,,,,,,,,,,,,,,,,,,,,,59.9,115.2,20.5,45.2,,,,81.3,56.3,86.2,95.6,,,,232.7,130.9,236.0,252.5,,,,26.4,79.9,147.0,62.3,,,,35.7,50.6,100.6,35.8,,,,,,,,,,,,,,,,,,,,,,,,,289.2,448.1,387.5,881.1,,,,178.7,105.4,196.3,477.9,,,,463.2,208.9,453.8,681.1,,,,400.8,377.9,462.4,932.6,,,,1045.3,772.0,732.0,1132.2,,,,,,,,,,,,,,,,,,,,,,,,,13.3,12.4,31.2,48.0,,,,38.3,86.2,96.2,281.7,,,,27.6,83.8,131.2,127.5,,,,108.2,191.6,182.2,549.1,,,,165.3,430.5,242.2,614.7,,,,,,,,,,,,,,,,,,,,,,,,,510.9,227.0,650.5,295.1,,,,684.4,409.5,548.3,781.7,,,,128.4,148.1,224.0,133.1,,,,972.4,740.3,675.7,1103.1,,,,317.2,584.1,309.8,694.2,,,,,,,,,,,,,,,,,,,,,,,,,,,,,,,,,,,,,,,,,,,,,,,,,,,,,,,,,,,,,,,,,,,,,,,,,,,,,,,,,,,,,,,,,,,,,,,,,,,,,,,,,,,,,,,,,,,,,,,,,,,,,,,,,,,,,,,,,,,,,,,,,,,,,,,,,,,,,,,,,,,,,,,,,,,,,,,,,,,,,,,,,,,,,,,,
20261001_防府_2R,20261001,63,防府,2,436.9,877.8,631.8,1022.3,,,,311.0,468.1,259.9,628.4,,,,926.6,691.6,1049.9,1965.6,,,,402.3,285.0,775.2,593.8,,,,1291.5,1158.3,2107.5,952.3,,,,,,,,,,,,,,,,,,,,,,,,,247.0,438.9,306.4,782.5,,,,94.7,26.9,31.8,149.9,,,,223.8,43.5,105.2,325.9,,,,158.3,50.7,112.0,245.1,,,,1027.7,469.6,700.8,565.1,,,,,,,,,,,,,,,,,,,,,,,,,47.8,88.0,42.2,145.1,,,,26.3,6.2,12.3,80.3,,,,44.8,4.6,22.1,116.2,,,,22.6,13.2,38.5,70.1,,,,269.3,209.1,347.6,217.2,,,,,,,,,,,,,,,,,,,,,,,,,615.8,546.6,708.4,1430.8,,,,258.1,43.6,130.3,397.6,,,,150.0,19.6,74.1,239.9,,,,513.8,215.4,181.9,681.1,,,,1985.6,823.3,832.7,1314.8,,,,,,,,,,,,,,,,,,,,,,,,,165.7,135.4,325.7,252.7,,,,169.3,60.8,122.5,231.3,,,,73.8,41.3,77.3,143.5,,,,390.7,168.9,145.8,479.6,,,,360.1,314.0,319.1,562.9,,,,,,,,,,,,,,,,,,,,,,,,,1758.3,1320.7,2228.1,1020.6,,,,1677.5,696.6,1053.7,895.3,,,,906.5,558.6,658.9,571.7,,,,2422.3,999.6,889.9,1512.4,,,,891.2,810.8,618.4,1120.5,,,,,,,,,,,,,,,,,,,,,,,,,,,,,,,,,,,,,,,,,,,,,,,,,,,,,,,,,,,,,,,,,,,,,,,,,,,,,,,,,,,,,,,,,,,,,,,,,,,,,,,,,,,,,,,,,,,,,,,,,,,,,,,,,,,,,,,,,,,,,,,,,,,,,,,,,,,,,,,,,,,,,,,,,,,,,,,,,,,,,,,,,,,,,,,,
20261001_防府_3R,20261001,63,防府,3,777.6,497.8,756.1,932.9,,,,548.3,620.4,242.6,625.7,,,,547.1,898.9,873.2,1409.5,,,,626.4,226.1,782.3,484.3,,,,1740.6,1197.9,1900.0,1085.1,,,,,,,,,,,,,,,,,,,,,,,,,865.9,605.2,789.5,1195.1,,,,487.0,92.3,76.0,201.6,,,,282.0,75.3,79.1,154.6,,,,536.4,101.0,156.6,130.2,,,,1539.1,525.0,573.7,457.4,,,,,,,,,,,,,,,,,,,,,,,,,316.4,366.3,175.2,488.4,,,,214.5,41.0,41.6,105.8,,,,251.3,44.2,73.3,198.7,,,,34.7,11.3,18.8,5.6,,,,449.8,165.2,270.1,57.8,,,,,,,,,,,,,,,,,,,,,,,,,671.0,1197.9,1217.6,1776.4,,,,350.4,67.7,80.1,188.1,,,,716.4,109.4,181.0,490.2,,,,873.2,180.2,185.5,331.0,,,,2446.7,725.4,1043.6,934.6,,,,,,,,,,,,,,,,,,,,,,,,,392.3,132.6,491.6,337.7,,,,302.2,45.4,121.5,74.9,,,,35.5,10.0,21.3,3.9,,,,454.6,134.1,75.7,193.1,,,,187.7,68.9,22.5,164.4,,,,,,,,,,,,,,,,,,,,,,,,,1900.0,1615.9,2633.0,1398.1,,,,1859.1,613.1,973.1,616.7,,,,1054.2,411.6,638.8,133.0,,,,2730.0,1045.7,1220.4,1252.9,,,,739.9,368.9,105.8,663.3,,,,,,,,,,,,,,,,,,,,,,,,,,,,,,,,,,,,,,,,,,,,,,,,,,,,,,,,,,,,,,,,,,,,,,,,,,,,,,,,,,,,,,,,,,,,,,,,,,,,,,,,,,,,,,,,,,,,,,,,,,,,,,,,,,,,,,,,,,,,,,,,,,,,,,,,,,,,,,,,,,,,,,,,,,,,,,,,,,,,,,,,,,,,,,,,
20261001_防府_4R,20261001,63,防府,4,498.9,195.1,710.0,1475.9,487.8,,,553.6,268.4,604.6,1717.1,1052.9,,,71.5,109.6,64.1,168.5,80.2,,,1188.7,732.8,373.7,1269.1,1320.1,,,3146.3,3109.0,1085.6,2627.1,3550.2,,,785.4,1668.0,428.5,1186.0,2245.4,,,,,,,,,,,,,,,,,290.1,117.6,369.5,943.3,251.4,,,230.0,71.4,97.2,540.5,222.3,,,33.8,72.1,75.2,296.8,36.8,,,422.7,232.2,107.6,303.1,223.7,,,2068.6,1527.4,1090.1,1178.1,1364.7,,,96.7,141.4,28.5,77.9,221.0,,,,,,,,,,,,,,,,,385.5,214.1,334.4,836.6,771.5,,,256.0,81.8,103.2,441.9,303.5,,,98.8,108.9,90.2,347.2,328.8,,,151.6,107.8,61.2,52.7,177.0,,,1734.1,1239.2,993.2,525.4,2264.8,,,1152.2,600.4,668.4,589.0,1496.9,,,,,,,,,,,,,,,,,12.4,23.6,9.3,38.9,11.1,,,18.8,49.4,47.5,198.5,18.8,,,57.5,75.4,52.3,286.1,190.2,,,58.6,107.7,71.7,69.5,144.7,,,413.4,773.8,753.8,374.7,799.7,,,53.7,45.1,230.0,147.5,311.6,,,,,,,,,,,,,,,,,958.8,459.2,345.0,626.2,1224.7,,,661.7,326.7,132.2,516.1,493.3,,,183.5,151.0,83.8,54.7,230.1,,,225.9,348.4,147.5,171.8,507.6,,,665.1,648.6,186.7,260.5,660.0,,,1326.8,730.7,756.0,786.5,722.7,,,,,,,,,,,,,,,,,5052.2,4452.8,2478.4,3863.5,4378.6,,,4910.6,3674.3,2226.4,3223.5,3892.1,,,1938.8,3184.4,2284.5,955.3,4137.3,,,2264.8,2502.0,2736.6,2085.0,3700.2,,,2144.6,2345.7,826.1,1488.4,2198.4,,,4237.3,3184.4,5254.3,3921.1,3502.9,,,,,,,,,,,,,,,,,744.2,1781.1,504.2,1347.2,2345.7,,,264.1,372.6,102.4,249.8,585.1,,,1837.1,892.0,1036.3,1092.3,2563.1,,,321.7,221.1,820.9,665.1,1408.6,,,1763.2,765.9,1006.5,967.6,1230.5,,,3780.1,1931.7,4203.4,3146.3,2455.3,,,,,,,,,,,,,,,,,,,,,,,,,,,,,,,,,,,,,,,,,,,,,,,,,,,,,,,,,,,,,,,,,,,,,,,,,,,,,,,,,,,,,,,,,,,,,,,,,,,,,,,,,,,,,,,,,,,,,,,,,,,,,,,,
20261001_防府_5R,20261001,63,防府,5,569.2,807.4,1138.4,941.7,2169.3,,,428.3,130.3,102.3,758.3,180.6,,,354.2,110.1,219.0,449.0,451.3,,,935.7,135.3,273.8,1937.9,1188.1,,,2056.7,1557.2,1651.6,3254.0,4739.5,,,2580.1,821.1,1562.8,1488.1,4638.7,,,,,,,,,,,,,,,,,574.4,923.8,1014.0,877.3,1609.0,,,269.4,337.2,53.1,91.4,71.5,,,1098.3,977.6,1402.0,787.0,2106.4,,,707.8,157.0,1118.0,406.3,429.1,,,327.1,75.1,277.0,131.3,165.3,,,1546.2,391.7,1801.8,546.4,933.7,,,,,,,,,,,,,,,,,234.1,138.4,60.2,449.9,130.9,,,198.7,268.4,35.5,154.1,58.9,,,327.8,597.3,213.8,1023.5,419.2,,,20.1,15.2,37.0,62.8,2.6,,,753.0,305.7,1132.5,196.7,438.6,,,91.5,48.4,117.2,8.9,143.4,,,,,,,,,,,,,,,,,984.2,594.8,838.5,1483.1,1551.7,,,1895.8,1801.8,3159.7,1964.1,4638.7,,,1135.5,1597.2,889.8,2795.1,1772.5,,,1614.9,3028.0,979.8,3406.5,3278.4,,,3824.9,2691.6,3824.9,5253.4,6229.1,,,4360.4,4899.3,2759.7,4638.7,6412.3,,,,,,,,,,,,,,,,,491.5,143.6,279.1,1194.6,660.6,,,451.3,137.5,717.1,402.2,353.6,,,35.9,38.2,71.2,103.9,8.2,,,687.7,997.8,404.1,1519.3,1286.2,,,1937.9,695.4,524.7,2169.3,1349.9,,,528.5,340.9,80.8,875.5,912.2,,,,,,,,,,,,,,,,,2236.1,3664.2,4791.6,4955.0,7786.4,,,717.1,347.9,638.4,502.3,663.6,,,2520.4,766.3,2259.2,912.2,1256.6,,,5253.4,2395.8,3858.7,5383.2,7517.9,,,4449.3,1309.4,977.6,4791.6,3136.9,,,7390.5,2369.7,2395.8,7390.5,3964.0,,,,,,,,,,,,,,,,,3791.6,1597.2,3028.0,2331.7,4899.3,,,3070.7,462.3,3893.2,995.5,2158.6,,,590.8,284.8,661.6,97.3,750.4,,,4274.9,5253.4,2086.3,3380.1,7786.4,,,1620.9,785.6,144.2,1964.1,1982.0,,,4317.2,2691.6,2009.4,7390.5,3354.1,,,,,,,,,,,,,,,,,,,,,,,,,,,,,,,,,,,,,,,,,,,,,,,,,,,,,,,,,,,,,,,,,,,,,,,,,,,,,,,,,,,,,,,,,,,,,,,,,,,,,,,,,,,,,,,,,,,,,,,,,,,,,,,,
20261001_防府_6R,20261001,63,防府,6,3725.7,2561.4,3549.7,5565.6,1977.2,,,4647.5,3521.9,4954.0,3788.3,2504.5,,,2087.1,2621.0,1299.1,3290.6,346.5,,,3756.7,4376.8,1507.7,4508.1,1549.1,,,5635.1,3243.2,5303.7,4695.9,3756.7,,,1001.8,1235.1,288.9,941.1,1570.7,,,,,,,,,,,,,,,,,3467.8,2242.8,3577.8,3886.3,1565.3,,,3314.8,3174.7,3174.7,2157.0,2067.9,,,1832.5,2835.3,2039.8,2397.9,779.9,,,2889.8,2605.8,2490.6,2106.6,1796.0,,,2817.5,1440.3,2576.0,1855.2,1918.3,,,790.9,1361.9,576.4,1473.2,1468.4,,,,,,,,,,,,,,,,,2985.5,2335.8,2177.8,1902.1,1669.6,,,2800.0,2242.8,1774.8,1299.1,1549.1,,,1180.1,1701.1,507.1,795.0,396.4,,,1473.2,1262.7,499.2,297.3,499.7,,,818.1,482.6,507.6,197.2,165.1,,,642.1,871.9,348.6,551.7,265.3,,,,,,,,,,,,,,,,,644.0,742.6,410.5,977.9,127.2,,,927.6,1329.8,935.2,1329.8,383.9,,,807.9,1081.0,323.1,510.5,193.6,,,242.5,422.9,161.4,142.4,51.4,,,890.9,969.4,319.2,334.4,252.4,,,7.3,59.9,20.9,16.0,38.0,,,,,,,,,,,,,,,,,1951.5,1774.8,793.6,1994.7,741.4,,,1994.7,1576.2,1158.9,1161.8,1050.8,,,1010.7,1019.9,334.1,202.0,288.0,,,342.5,569.9,203.4,210.5,56.7,,,577.9,433.4,84.7,173.7,92.3,,,133.9,378.5,184.4,49.0,149.3,,,,,,,,,,,,,,,,,3853.1,1894.1,3364.2,2360.2,2167.3,,,3087.7,1173.9,2188.4,1400.0,1657.4,,,658.1,405.0,380.7,159.2,140.4,,,1810.5,1482.9,628.7,517.5,446.7,,,737.8,503.1,114.9,306.6,171.8,,,717.8,837.9,226.7,435.5,374.7,,,,,,,,,,,,,,,,,96.3,100.0,21.6,104.8,143.1,,,246.4,469.1,145.4,536.6,599.4,,,185.5,446.7,101.7,308.5,180.2,,,3.7,33.4,16.9,10.6,30.4,,,108.5,302.3,167.2,39.3,151.3,,,300.7,495.4,159.5,127.3,245.4,,,,,,,,,,,,,,,,,,,,,,,,,,,,,,,,,,,,,,,,,,,,,,,,,,,,,,,,,,,,,,,,,,,,,,,,,,,,,,,,,,,,,,,,,,,,,,,,,,,,,,,,,,,,,,,,,,,,,,,,,,,,,,,,
20261001_防府_7R,20261001,63,防府,7,147.8,121.4,547.1,219.5,109.8,,,171.3,34.9,59.1,103.6,59.4,,,58.7,10.7,19.0,100.5,11.0,,,355.2,58.4,47.5,345.9,101.6,,,1202.1,434.8,480.1,856.4,694.3,,,30.0,24.3,15.3,72.2,73.3,,,,,,,,,,,,,,,,,1503.2,1146.4,2507.0,3300.9,789.8,,,2057.7,3521.0,3220.4,3070.6,2146.9,,,1514.7,3246.8,4425.8,5352.8,1768.3,,,3459.4,3584.7,4890.2,5956.5,2597.4,,,5177.9,5111.1,6094.0,6189.2,5352.8,,,405.0,518.8,739.0,890.1,1581.2,,,,,,,,,,,,,,,,,372.9,80.6,69.8,132.7,124.7,,,917.9,1469.8,929.8,1066.2,1076.3,,,123.1,885.1,169.0,349.9,354.7,,,54.9,279.7,94.8,52.7,87.1,,,209.5,605.2,348.6,165.9,311.1,,,187.5,461.4,379.2,191.2,280.6,,,,,,,,,,,,,,,,,130.6,27.0,32.5,146.9,21.5,,,723.4,1674.8,2422.7,3342.7,801.0,,,125.8,985.3,222.4,526.3,349.7,,,106.8,1245.6,178.3,1114.2,262.2,,,1112.6,4376.9,1509.0,2499.1,3012.2,,,113.4,591.2,378.1,383.4,1253.5,,,,,,,,,,,,,,,,,785.1,80.4,89.4,489.6,139.4,,,2000.5,1630.0,2250.6,3385.5,1351.9,,,53.2,362.0,89.4,63.6,107.3,,,82.8,1294.4,161.1,1074.9,230.9,,,1000.2,2839.5,378.1,1541.2,1333.7,,,178.5,580.8,220.3,280.3,1144.8,,,,,,,,,,,,,,,,,3000.8,1115.8,1846.6,2731.8,2323.2,,,4605.9,3754.6,4982.5,6829.5,5281.5,,,903.3,1829.6,1445.6,760.2,1368.2,,,2572.1,5501.5,2330.0,4259.2,4401.2,,,2606.0,4450.7,901.2,3617.4,2945.0,,,2437.6,3568.5,2015.8,4352.8,3790.5,,,,,,,,,,,,,,,,,46.7,44.1,42.3,126.8,150.1,,,45.7,66.0,204.6,293.5,192.2,,,115.0,217.2,315.5,174.6,271.2,,,98.2,377.0,309.8,369.5,849.1,,,166.9,443.0,179.6,251.3,732.8,,,944.2,1538.3,973.2,2036.5,1711.0,,,,,,,,,,,,,,,,,,,,,,,,,,,,,,,,,,,,,,,,,,,,,,,,,,,,,,,,,,,,,,,,,,,,,,,,,,,,,,,,,,,,,,,,,,,,,,,,,,,,,,,,,,,,,,,,,,,,,,,,,,,,,,,,
20261001_久留米_1R,20261001,83,久留米,1,1182.4,460.9,1110.0,1080.6,1942.6,,,1966.0,682.7,977.1,2298.3,1080.6,,,263.1,214.9,242.8,393.2,398.9,,,1149.1,762.5,449.5,1470.1,1525.0,,,1599.8,1305.4,858.8,2298.3,1990.0,,,3330.2,2266.4,1754.6,2813.4,4799.4,,,,,,,,,,,,,,,,,748.5,407.9,655.3,618.1,1080.6,,,836.8,685.6,223.8,582.7,463.5,,,262.3,518.0,463.5,459.6,886.8,,,263.6,136.6,141.2,187.7,459.6,,,222.3,240.6,256.5,212.7,339.2,,,1833.5,1208.7,1833.5,1182.4,1394.7,,,,,,,,,,,,,,,,,1245.6,921.9,401.9,1284.9,815.9,,,1264.9,911.6,233.4,1032.8,766.1,,,449.5,751.9,121.7,1013.5,255.7,,,69.0,75.5,38.3,106.3,10.6,,,1631.8,1264.9,1648.3,450.7,921.9,,,423.8,435.1,226.3,53.9,582.7,,,,,,,,,,,,,,,,,142.7,87.1,84.5,167.0,162.5,,,353.9,497.5,453.2,545.7,965.5,,,204.4,637.4,90.4,615.7,116.1,,,54.0,142.1,38.7,146.7,108.7,,,302.1,606.6,383.9,334.3,758.9,,,502.1,1371.2,332.3,459.6,1525.0,,,,,,,,,,,,,,,,,158.1,189.5,64.8,248.7,337.8,,,187.3,132.6,124.5,176.2,240.3,,,41.7,51.2,13.4,49.9,3.3,,,25.1,62.9,24.2,88.8,62.4,,,280.3,226.9,116.3,195.8,264.0,,,241.3,302.1,26.4,109.7,200.9,,,,,,,,,,,,,,,,,663.3,604.3,385.7,766.1,784.5,,,265.3,233.1,220.8,234.7,307.3,,,758.9,576.6,574.5,281.3,333.7,,,208.1,360.2,256.9,232.7,500.5,,,433.9,340.6,113.1,217.8,334.3,,,1394.7,1236.2,751.9,1315.9,886.8,,,,,,,,,,,,,,,,,3980.0,2590.2,2862.8,3794.9,5827.9,,,3399.6,2119.2,3263.6,2235.3,3626.2,,,1394.7,1348.6,832.5,180.1,1483.4,,,2765.8,4532.8,1295.1,1052.7,3794.9,,,1631.8,1208.7,181.7,666.0,1274.8,,,4799.4,4079.5,2298.3,4184.1,1897.4,,,,,,,,,,,,,,,,,,,,,,,,,,,,,,,,,,,,,,,,,,,,,,,,,,,,,,,,,,,,,,,,,,,,,,,,,,,,,,,,,,,,,,,,,,,,,,,,,,,,,,,,,,,,,,,,,,,,,,,,,,,,,,,,
20261001_久留米_2R,20261001,83,久留米,2,1233.4,831.0,365.6,2319.5,296.0,,,2590.2,2878.0,878.0,5756.0,754.4,,,1689.2,3108.2,1807.1,3171.6,1036.0,,,349.2,308.3,925.0,1305.9,60.1,,,5013.3,5756.0,4709.4,5013.3,1895.2,,,69.1,77.5,157.9,6.5,265.6,,,,,,,,,,,,,,,,,2158.5,1807.1,736.5,3984.9,473.8,,,4570.9,7064.2,5359.0,6757.0,4440.3,,,1029.2,3614.2,1895.2,1071.8,629.2,,,1029.2,3047.3,2878.0,4317.0,1029.2,,,6475.5,7770.6,2775.2,7064.2,5756.0,,,282.0,1295.1,629.2,611.8,2547.7,,,,,,,,,,,,,,,,,4317.0,5180.4,1439.0,6757.0,1850.1,,,5013.3,6216.5,4570.9,6475.5,3532.1,,,4709.4,8179.6,9141.9,8634.0,7064.2,,,1786.3,4856.6,6216.5,4317.0,1967.2,,,9141.9,7400.6,9999.9,6757.0,4440.3,,,1635.9,4089.8,5756.0,1895.2,6757.0,,,,,,,,,,,,,,,,,2775.2,4200.3,3790.5,4570.9,1766.0,,,1094.4,4570.9,2354.7,1585.8,1064.4,,,4856.6,9141.9,9999.9,9999.9,7064.2,,,3984.9,4440.3,9999.9,8634.0,3378.5,,,8179.6,2932.3,9141.9,9999.9,8179.6,,,1363.2,1523.6,4317.0,2775.2,7064.2,,,,,,,,,,,,,,,,,577.7,758.1,1689.2,2506.6,141.5,,,667.0,2775.2,2932.3,4856.6,747.1,,,1351.4,3790.5,4709.4,4440.3,1707.8,,,3984.9,4570.9,9141.9,6757.0,4317.0,,,5977.4,5756.0,6757.0,9141.9,3984.9,,,138.3,684.6,712.9,1689.2,2354.7,,,,,,,,,,,,,,,,,7064.2,7770.6,9141.9,6757.0,2878.0,,,9713.2,9141.9,2878.0,9999.9,8634.0,,,9999.9,9999.9,9999.9,9999.9,9999.9,,,7770.6,2775.2,7770.6,9999.9,9999.9,,,6475.5,7400.6,5977.4,5977.4,5359.0,,,2466.8,4856.6,9713.2,7064.2,5359.0,,,,,,,,,,,,,,,,,13.2,19.9,16.6,1.6,48.5,,,38.1,223.2,32.1,65.1,180.5,,,214.3,567.1,809.4,268.4,1002.6,,,168.9,114.6,555.0,276.0,363.9,,,18.8,111.3,82.0,228.8,306.5,,,391.4,664.1,1177.3,639.5,611.8,,,,,,,,,,,,,,,,,,,,,,,,,,,,,,,,,,,,,,,,,,,,,,,,,,,,,,,,,,,,,,,,,,,,,,,,,,,,,,,,,,,,,,,,,,,,,,,,,,,,,,,,,,,,,,,,,,,,,,,,,,,,,,,,
20261001_久留米_3R,20261001,83,久留米,3,605.8,201.1,293.8,869.2,480.3,,,388.4,78.7,194.8,170.7,302.9,,,16.2,10.1,3.5,29.3,5.6,,,79.8,142.9,39.3,301.5,54.0,,,1136.2,448.1,366.5,659.8,1025.5,,,159.7,260.5,61.4,63.2,488.1,,,,,,,,,,,,,,,,,3556.1,869.2,1620.2,4148.8,1875.5,,,3751.0,5704.7,5952.7,3602.9,6678.6,,,964.1,5476.5,1998.7,3042.5,2632.9,,,1279.5,2301.0,1404.2,2913.0,583.8,,,4641.1,4346.4,5704.7,7606.2,9127.5,,,2173.2,4488.9,2882.3,711.2,8557.0,,,,,,,,,,,,,,,,,1998.7,218.7,758.5,535.8,1279.5,,,3556.1,4641.1,3700.3,1744.1,4416.5,,,234.8,2794.1,1082.3,1041.1,1801.4,,,1592.0,2738.2,1862.7,2173.2,2156.1,,,635.3,1397.0,786.8,925.0,1239.0,,,2794.1,6519.6,2852.3,2156.1,4278.5,,,,,,,,,,,,,,,,,38.5,22.9,8.0,64.7,11.3,,,287.6,1620.2,748.1,2058.8,1017.9,,,156.4,1291.6,750.2,921.9,1014.1,,,77.5,355.1,545.4,805.3,154.5,,,532.7,2684.5,1690.2,1955.9,3221.4,,,68.5,511.8,648.8,128.3,1329.2,,,,,,,,,,,,,,,,,546.5,971.0,180.7,1778.0,366.0,,,635.3,1538.3,728.2,2028.3,359.8,,,1813.4,2976.3,2122.6,3184.0,2320.5,,,218.7,722.4,1206.2,1813.4,430.5,,,4803.9,4889.7,3651.0,4641.1,4026.8,,,297.6,212.1,1090.9,300.2,1441.1,,,,,,,,,,,,,,,,,5166.5,1850.1,1335.7,4086.9,5070.8,,,6085.0,4563.7,4641.1,9127.5,9999.9,,,1355.5,2281.8,1297.7,1914.8,2944.3,,,1441.1,4978.6,2489.3,4026.8,6519.6,,,4803.9,4416.5,5704.7,3856.7,6519.6,,,6678.6,9999.9,6085.0,6519.6,6519.6,,,,,,,,,,,,,,,,,377.1,1155.3,123.4,181.3,1850.1,,,1639.6,2074.4,1837.7,615.3,3422.8,,,2173.2,4563.7,2028.3,2074.4,3259.8,,,146.4,822.3,1267.7,198.4,2263.0,,,256.6,222.2,883.3,187.4,1418.7,,,4488.9,7823.6,5070.8,5826.0,4978.6,,,,,,,,,,,,,,,,,,,,,,,,,,,,,,,,,,,,,,,,,,,,,,,,,,,,,,,,,,,,,,,,,,,,,,,,,,,,,,,,,,,,,,,,,,,,,,,,,,,,,,,,,,,,,,,,,,,,,,,,,,,,,,,,
20261001_久留米_4R,20261001,83,久留米,4,100.2,33.0,55.4,80.9,57.3,,,94.6,113.7,9.4,96.8,113.1,,,25.4,84.9,43.7,157.4,70.5,,,9.4,2.1,16.5,34.3,17.2,,,239.2,364.0,375.1,206.2,242.1,,,75.1,108.4,98.7,54.9,145.9,,,,,,,,,,,,,,,,,1602.5,772.1,723.1,2018.3,868.9,,,2725.6,6378.1,4141.6,6643.8,6643.8,,,710.2,2415.9,1374.5,1066.5,1168.1,,,1022.1,2111.9,2873.0,5061.9,3254.1,,,3665.5,6785.2,3066.3,5315.0,4831.8,,,1025.4,4141.6,2098.0,2925.7,3937.1,,,,,,,,,,,,,,,,,1095.8,929.7,114.3,1122.9,996.5,,,2230.1,6017.0,3066.3,2126.0,4309.5,,,1627.0,5405.1,1791.6,6017.0,5143.6,,,170.2,1843.3,1323.2,2415.9,1669.6,,,3751.8,5227.9,7247.8,4982.8,4368.5,,,1932.7,6132.7,6132.7,2592.7,7416.4,,,,,,,,,,,,,,,,,297.4,687.2,260.9,1134.8,590.5,,,384.6,1504.2,861.9,761.1,871.3,,,1398.7,3842.2,1652.3,4831.8,4088.5,,,573.5,1761.9,1009.1,3504.4,1280.7,,,3889.0,3126.5,4982.8,5905.6,4982.8,,,1042.1,2327.7,3189.0,2070.8,3796.4,,,,,,,,,,,,,,,,,149.3,24.2,153.7,253.0,157.7,,,691.7,1898.2,2005.6,4088.5,2511.0,,,100.9,803.2,755.6,1111.1,898.3,,,620.4,1723.8,1138.9,3429.0,1909.6,,,1511.3,4906.2,3466.3,6378.1,4141.6,,,462.8,1887.0,1357.0,2261.7,2925.7,,,,,,,,,,,,,,,,,2822.1,3254.1,4088.5,1540.6,2657.5,,,4309.5,7086.7,3623.9,7086.7,6643.8,,,4309.5,7416.4,7247.8,5694.7,8177.0,,,4906.2,4368.5,8619.0,9663.7,9111.5,,,2044.2,7778.1,4906.2,9999.9,6643.8,,,2822.1,4491.6,7592.9,7086.7,4906.2,,,,,,,,,,,,,,,,,495.9,283.9,495.1,135.7,859.5,,,908.5,2873.0,1921.1,2344.8,3126.5,,,978.2,4036.7,4429.2,1070.1,4368.5,,,913.7,1968.5,3356.8,1752.2,4309.5,,,223.3,1226.5,356.3,1357.0,1627.0,,,1602.5,2822.1,2847.3,4429.2,2379.8,,,,,,,,,,,,,,,,,,,,,,,,,,,,,,,,,,,,,,,,,,,,,,,,,,,,,,,,,,,,,,,,,,,,,,,,,,,,,,,,,,,,,,,,,,,,,,,,,,,,,,,,,,,,,,,,,,,,,,,,,,,,,,,,
20261001_久留米_5R,20261001,83,久留米,5,3299.0,517.1,632.8,6250.8,1237.1,,,5840.9,4292.7,6598.1,9999.9,7745.6,,,299.6,2083.6,237.2,4948.6,862.7,,,481.4,1657.2,301.9,5018.3,1026.7,,,9999.9,9999.9,8286.0,9999.9,9999.9,,,4048.8,9999.9,2805.5,3562.9,8907.4,,,,,,,,,,,,,,,,,3711.4,543.1,730.1,6851.9,2344.0,,,5840.9,4048.8,6038.9,9999.9,9376.3,,,250.2,1254.5,97.7,2159.3,415.2,,,475.0,1925.9,126.4,1466.2,728.6,,,9999.9,2071.5,6250.8,9999.9,9999.9,,,3181.2,7745.6,1319.6,1305.1,9999.9,,,,,,,,,,,,,,,,,5018.3,5018.3,6598.1,9999.9,9999.9,,,7580.8,6851.9,6362.4,9999.9,9376.3,,,4453.7,5089.9,1781.4,9629.7,8097.7,,,5938.3,6362.4,1865.4,9999.9,8690.2,,,9999.9,3268.8,9999.9,9999.9,6143.0,,,9999.9,9999.9,8690.2,9999.9,9999.9,,,,,,,,,,,,,,,,,43.6,261.7,22.3,906.6,134.6,,,30.5,166.7,11.0,551.5,48.0,,,489.4,483.4,165.7,2423.8,719.7,,,11.7,4.3,55.3,158.8,11.9,,,2474.3,1597.7,2896.7,603.8,2283.9,,,150.4,88.3,340.3,32.7,1106.5,,,,,,,,,,,,,,,,,98.7,439.3,30.1,1535.7,211.0,,,91.7,386.0,18.1,897.4,109.6,,,1281.6,1015.0,277.2,4627.2,1875.2,,,12.2,5.3,61.4,192.2,14.6,,,4241.6,2474.3,5239.6,798.8,4095.3,,,230.1,141.6,586.9,41.3,1484.5,,,,,,,,,,,,,,,,,9999.9,9999.9,9999.9,9999.9,9999.9,,,9999.9,9999.9,6250.8,9999.9,9999.9,,,9999.9,9999.9,9999.9,9999.9,9999.9,,,8097.7,5567.1,9999.9,3711.4,9999.9,,,9999.9,9999.9,9999.9,4048.8,9999.9,,,9999.9,9999.9,9999.9,9999.9,9999.9,,,,,,,,,,,,,,,,,5567.1,9999.9,1436.6,4398.7,9999.9,,,4627.2,9999.9,2226.8,2159.3,9999.9,,,9999.9,9999.9,9999.9,9999.9,9999.9,,,1657.2,1562.7,5089.9,637.3,9629.7,,,3209.9,1885.1,8286.0,781.3,9999.9,,,9999.9,9999.9,9999.9,9999.9,9999.9,,,,,,,,,,,,,,,,,,,,,,,,,,,,,,,,,,,,,,,,,,,,,,,,,,,,,,,,,,,,,,,,,,,,,,,,,,,,,,,,,,,,,,,,,,,,,,,,,,,,,,,,,,,,,,,,,,,,,,,,,,,,,,,,
20261001_久留米_6R,20261001,83,久留米,6,2800.0,935.5,4054.2,7784.1,661.9,,,6081.3,4865.0,7942.9,9999.9,2594.7,,,855.3,3113.6,3298.3,4473.6,328.4,,,8649.0,9999.9,8461.0,9999.9,4989.8,,,9999.9,9999.9,8649.0,9999.9,6596.7,,,317.2,855.3,171.0,1072.1,1556.8,,,,,,,,,,,,,,,,,7631.5,1141.3,9266.8,9999.9,855.3,,,9999.9,9999.9,9999.9,9999.9,5560.0,,,1168.7,9730.1,8845.6,9999.9,876.5,,,9999.9,9999.9,5481.7,9999.9,6710.4,,,9999.9,9999.9,9999.9,9999.9,9999.9,,,587.0,3444.3,611.9,3298.3,5809.0,,,,,,,,,,,,,,,,,8845.6,7207.5,9999.9,9999.9,3355.2,,,5481.7,9999.9,9999.9,2904.5,9492.8,,,9999.9,9999.9,9999.9,9999.9,3778.7,,,9999.9,9999.9,9999.9,9999.9,9999.9,,,9999.9,9999.9,9999.9,9999.9,2302.9,,,1563.0,3506.3,2186.5,5640.6,9730.1,,,,,,,,,,,,,,,,,747.0,3064.6,3298.3,4525.6,327.8,,,909.3,4865.0,4230.5,7784.1,695.0,,,5723.6,7343.5,9999.9,9999.9,2993.8,,,8108.4,6950.1,9999.9,9999.9,3671.7,,,9999.9,9999.9,9999.9,9999.9,7631.5,,,160.4,315.6,807.4,868.7,1707.0,,,,,,,,,,,,,,,,,9492.8,9999.9,9730.1,9999.9,6486.7,,,9999.9,9999.9,7343.5,9999.9,9730.1,,,9999.9,9999.9,9999.9,9999.9,9999.9,,,9999.9,9999.9,9999.9,9999.9,5189.4,,,9999.9,9999.9,9999.9,9999.9,9999.9,,,4230.5,5481.7,9266.8,3742.3,9999.9,,,,,,,,,,,,,,,,,9999.9,9999.9,9999.9,9999.9,9999.9,,,9999.9,9999.9,9999.9,9999.9,9999.9,,,9999.9,9999.9,9999.9,9999.9,9999.9,,,9999.9,9999.9,9999.9,9999.9,9051.3,,,9999.9,9999.9,9999.9,9999.9,9999.9,,,7484.7,9999.9,9999.9,6950.1,9999.9,,,,,,,,,,,,,,,,,7.4,25.1,4.0,43.4,97.9,,,8.8,44.9,10.2,70.7,150.0,,,62.6,107.1,69.0,240.5,514.1,,,3.7,8.0,25.2,37.0,96.9,,,103.3,161.8,196.8,98.3,462.2,,,230.4,344.1,631.8,243.5,579.1,,,,,,,,,,,,,,,,,,,,,,,,,,,,,,,,,,,,,,,,,,,,,,,,,,,,,,,,,,,,,,,,,,,,,,,,,,,,,,,,,,,,,,,,,,,,,,,,,,,,,,,,,,,,,,,,,,,,,,,,,,,,,,,,
20261001_久留米_7R,20261001,83,久留米,7,562.2,2220.1,677.7,1467.5,267.8,,,628.5,1803.8,1068.9,1437.0,172.3,,,3038.0,2421.9,3891.4,3764.5,1264.0,,,1033.8,1596.0,3980.8,3429.0,576.2,,,1882.2,1210.9,2643.7,2151.1,712.6,,,63.9,18.1,207.2,91.3,183.4,,,,,,,,,,,,,,,,,553.2,1794.4,646.1,1532.4,255.0,,,822.6,2838.8,1311.8,3236.7,596.1,,,2293.6,2770.6,1625.9,3935.6,1215.2,,,322.1,419.8,408.4,909.0,119.3,,,2546.5,3236.7,5586.0,2528.0,1749.1,,,81.9,113.6,329.2,71.7,355.2,,,,,,,,,,,,,,,,,1215.2,4275.7,2073.8,2151.1,483.0,,,1311.8,7068.0,2151.1,3805.8,978.3,,,7368.8,7068.0,6413.6,8658.4,3684.4,,,3724.0,3038.0,5586.0,6926.7,1934.8,,,3429.0,4947.6,8658.4,9895.3,3064.9,,,313.7,580.1,1449.1,998.0,1396.5,,,,,,,,,,,,,,,,,4877.9,5169.2,4497.8,5677.6,2178.2,,,4877.9,4947.6,2405.1,8447.2,2727.0,,,7368.8,6660.3,7368.8,9999.9,3534.0,,,5411.5,3298.4,6413.6,9999.9,4123.0,,,7215.3,9895.3,9999.9,9999.9,8246.1,,,1210.9,1625.9,1767.0,1673.1,3267.3,,,,,,,,,,,,,,,,,1385.3,2372.1,3498.3,4947.6,868.0,,,612.9,881.2,684.4,1437.0,216.0,,,3298.4,2604.0,5870.1,7871.2,1277.9,,,4074.5,2263.6,5093.1,9620.4,2491.6,,,6660.3,3935.6,9620.4,9999.9,3891.4,,,556.8,271.2,853.0,1106.5,1934.8,,,,,,,,,,,,,,,,,3570.4,2727.0,3298.4,4557.0,1250.3,,,4744.3,4497.8,9360.4,5411.5,3236.7,,,4172.7,6926.7,9114.1,9999.9,3764.5,,,5247.5,9999.9,9999.9,9999.9,7215.3,,,7068.0,5971.3,9999.9,9999.9,5772.2,,,672.4,1190.1,1003.8,2438.9,1574.2,,,,,,,,,,,,,,,,,8.4,2.7,29.8,21.0,46.6,,,14.3,20.0,83.4,13.5,121.6,,,12.1,35.2,44.9,61.1,106.1,,,174.8,214.5,175.1,233.6,427.0,,,62.0,32.2,80.6,123.4,275.3,,,118.9,185.1,81.0,300.6,236.7,,,,,,,,,,,,,,,,,,,,,,,,,,,,,,,,,,,,,,,,,,,,,,,,,,,,,,,,,,,,,,,,,,,,,,,,,,,,,,,,,,,,,,,,,,,,,,,,,,,,,,,,,,,,,,,,,,,,,,,,,,,,,,,,
20261001_久留米_8R,20261001,83,久留米,8,182.1,160.2,176.8,615.8,74.1,,,168.7,66.3,347.0,466.5,63.3,,,137.6,43.3,330.3,419.7,36.3,,,373.6,724.8,853.4,1270.2,322.6,,,1733.7,1313.6,1045.9,1994.2,461.5,,,12.4,9.1,7.2,42.4,39.8,,,,,,,,,,,,,,,,,280.9,269.9,136.7,903.5,74.9,,,288.3,112.4,155.7,665.9,281.3,,,273.9,146.2,290.7,1142.1,338.5,,,202.5,150.0,281.9,306.6,164.6,,,2672.9,1815.5,2420.7,1379.5,2174.5,,,78.5,263.9,258.4,133.2,530.8,,,,,,,,,,,,,,,,,299.9,128.0,553.8,722.1,155.2,,,303.3,99.8,170.6,499.8,314.4,,,55.1,65.0,123.7,179.2,54.7,,,1010.2,312.4,441.3,1545.7,870.8,,,1757.5,1384.5,776.0,2103.2,1850.4,,,137.0,384.8,140.4,464.2,890.9,,,,,,,,,,,,,,,,,197.0,49.2,347.6,548.2,32.7,,,235.9,180.4,250.0,912.0,280.9,,,27.2,64.7,98.9,149.5,29.2,,,1015.5,710.1,502.4,1718.2,817.1,,,1206.5,1824.1,997.1,2436.0,1278.7,,,39.2,232.4,62.4,325.9,533.0,,,,,,,,,,,,,,,,,1145.5,2224.8,2237.7,3563.8,929.7,,,692.2,663.6,840.3,662.4,576.1,,,2058.2,1102.8,1369.7,3406.1,1680.7,,,2250.8,1360.0,1221.8,4373.8,1757.5,,,4811.2,1798.5,4582.1,4811.2,3234.4,,,912.0,997.1,1934.1,1984.0,3104.0,,,,,,,,,,,,,,,,,6014.0,3848.9,3030.6,6873.1,1309.1,,,5660.2,3848.9,3531.1,2960.7,4276.6,,,4009.3,4424.1,1680.7,4324.6,5578.2,,,3376.2,4229.6,1877.5,6208.0,4324.6,,,6523.6,3104.0,7127.7,5201.3,6014.0,,,1313.6,4094.6,4582.1,3700.9,5831.7,,,,,,,,,,,,,,,,,25.9,23.3,16.6,77.2,61.3,,,92.5,356.3,298.8,271.4,667.0,,,93.1,421.5,159.8,623.8,872.7,,,50.3,288.0,133.1,538.3,762.1,,,329.8,539.8,948.0,1023.6,1420.2,,,348.0,1169.9,1430.8,1415.0,1973.8,,,,,,,,,,,,,,,,,,,,,,,,,,,,,,,,,,,,,,,,,,,,,,,,,,,,,,,,,,,,,,,,,,,,,,,,,,,,,,,,,,,,,,,,,,,,,,,,,,,,,,,,,,,,,,,,,,,,,,,,,,,,,,,,
20261001_久留米_9R,20261001,83,久留米,9,125.8,80.4,46.3,316.9,230.2,,,148.0,211.0,65.5,416.8,164.8,,,54.0,139.2,46.3,228.4,192.7,,,6.3,9.9,12.2,7.0,23.5,,,616.0,786.7,657.9,110.8,918.5,,,282.9,129.7,251.6,117.6,604.1,,,,,,,,,,,,,,,,,558.4,345.5,210.3,1140.3,946.3,,,805.5,1068.3,980.6,2148.0,1727.5,,,257.6,472.0,280.5,783.7,922.6,,,210.0,767.4,561.5,890.3,1604.6,,,2724.6,4228.9,2416.5,2206.4,4833.0,,,1650.3,1853.7,1404.7,2333.2,3469.9,,,,,,,,,,,,,,,,,461.3,776.2,199.8,1268.6,477.0,,,761.6,1344.3,840.5,2230.6,1076.8,,,1211.8,1348.7,1573.5,4720.6,1526.2,,,258.2,695.1,1288.8,1166.6,860.1,,,3171.7,2182.6,4891.3,3075.5,3980.1,,,459.2,786.7,873.0,474.2,1465.6,,,,,,,,,,,,,,,,,132.5,501.8,96.6,727.5,516.5,,,103.4,310.1,103.4,486.2,436.0,,,957.4,912.3,1208.2,2293.6,1339.8,,,125.4,209.4,754.6,468.7,1297.0,,,2159.4,2029.8,4891.3,1906.0,5799.6,,,1054.4,1371.5,1059.9,2125.5,2985.1,,,,,,,,,,,,,,,,,11.0,21.0,16.6,8.8,52.9,,,73.5,350.2,284.8,404.7,878.7,,,135.5,441.2,797.6,645.4,743.5,,,86.3,205.8,538.4,368.4,982.9,,,74.3,373.1,551.6,448.1,805.5,,,242.0,1020.0,734.1,1380.8,1051.7,,,,,,,,,,,,,,,,,2182.6,2569.4,3411.5,340.0,3866.4,,,4142.6,5486.1,3469.9,4720.6,9999.9,,,5413.0,7659.9,6245.8,5799.6,9999.9,,,5138.9,4142.6,7122.4,5272.4,9999.9,,,285.0,2194.4,2206.4,1980.3,3592.7,,,5138.9,9666.1,9021.7,9999.9,6880.9,,,,,,,,,,,,,,,,,594.4,253.4,644.4,176.7,1051.7,,,1353.2,1449.9,1999.8,1933.2,4613.3,,,222.9,662.2,763.1,248.0,1449.9,,,1040.9,1163.2,1780.6,1820.5,4891.3,,,215.6,1121.4,340.0,1376.1,1166.6,,,3794.1,6343.4,4273.4,7122.4,3829.9,,,,,,,,,,,,,,,,,,,,,,,,,,,,,,,,,,,,,,,,,,,,,,,,,,,,,,,,,,,,,,,,,,,,,,,,,,,,,,,,,,,,,,,,,,,,,,,,,,,,,,,,,,,,,,,,,,,,,,,,,,,,,,,,
20261001_久留米_10R,20261001,83,久留米,10,4187.7,2106.5,2213.8,1517.8,2186.0,,,3995.1,1282.5,4089.2,4137.8,893.5,,,4827.5,2199.8,5793.0,4187.7,1963.7,,,5606.1,5793.0,7093.5,4399.7,4761.4,,,5347.4,6097.9,5698.0,5517.1,7556.1,,,3819.5,962.8,1878.8,3658.7,6206.8,,,,,,,,,,,,,,,,,3819.5,4514.0,6951.6,4827.5,4291.1,,,1679.1,635.4,931.8,318.2,295.3,,,3441.4,1106.9,4634.4,2199.8,1132.1,,,5992.7,1594.4,4697.0,1001.6,2825.8,,,2613.4,593.1,1829.3,405.5,1016.3,,,2736.8,362.4,624.0,2158.8,1504.6,,,,,,,,,,,,,,,,,724.1,451.4,888.9,810.2,298.3,,,244.4,107.1,94.1,41.4,57.5,,,207.7,180.7,400.4,320.9,48.9,,,789.9,332.6,575.4,323.3,311.4,,,481.4,90.7,313.4,134.4,191.3,,,32.1,12.7,2.7,51.1,35.9,,,,,,,,,,,,,,,,,3475.8,1764.3,4187.7,3374.5,1460.4,,,3658.7,1037.5,3546.7,2518.7,1190.3,,,782.8,939.4,1639.5,1472.8,179.6,,,5606.1,7241.2,3475.8,5793.0,4137.8,,,6436.7,4238.8,3310.3,5992.7,4827.5,,,622.9,968.1,138.0,1245.8,1412.9,,,,,,,,,,,,,,,,,5266.3,6097.9,5111.5,4965.4,5891.2,,,5992.7,3048.9,5606.1,1624.2,4399.7,,,4089.2,2465.1,3279.0,3697.6,1316.5,,,5430.9,7724.0,4238.8,6951.6,4827.5,,,4697.0,1292.1,3697.6,4697.0,3441.4,,,6684.2,4761.4,1609.1,5606.1,5793.0,,,,,,,,,,,,,,,,,5266.3,5037.4,6684.2,5517.1,7724.0,,,2970.7,757.2,1810.3,613.0,1219.5,,,3048.9,864.6,1624.2,1952.7,1016.3,,,4965.4,3131.3,3022.4,5347.4,3949.7,,,3374.5,1096.4,2633.1,3342.1,2896.5,,,4344.7,2228.0,1219.5,1920.3,2653.2,,,,,,,,,,,,,,,,,1368.4,324.2,533.1,1839.0,1639.5,,,782.8,156.7,311.1,707.9,465.9,,,30.0,18.7,2.7,69.4,49.3,,,186.3,283.5,27.0,497.2,442.7,,,1479.0,1609.1,439.9,1186.2,1395.9,,,1491.7,905.1,393.6,1056.4,957.5,,,,,,,,,,,,,,,,,,,,,,,,,,,,,,,,,,,,,,,,,,,,,,,,,,,,,,,,,,,,,,,,,,,,,,,,,,,,,,,,,,,,,,,,,,,,,,,,,,,,,,,,,,,,,,,,,,,,,,,,,,,,,,,,
20261001_久留米_11R,20261001,83,久留米,11,354.5,170.6,68.7,177.2,317.0,,,526.1,445.0,366.7,503.4,474.4,,,139.3,324.7,96.8,145.9,250.4,,,39.8,204.6,88.0,100.5,203.3,,,94.4,293.7,138.5,87.1,287.9,,,343.9,490.6,479.5,299.5,403.1,,,,,,,,,,,,,,,,,551.9,250.3,109.4,407.1,528.3,,,900.4,718.2,281.2,1754.7,982.0,,,245.1,484.4,99.3,565.1,453.8,,,37.2,85.4,37.8,108.2,78.4,,,573.5,1948.5,1289.5,420.7,1954.6,,,944.4,1089.3,553.4,272.1,2279.2,,,,,,,,,,,,,,,,,749.6,773.0,552.4,749.6,694.0,,,937.2,814.8,395.6,897.7,866.3,,,759.7,777.9,479.1,1308.6,548.5,,,361.0,281.2,281.1,978.8,313.0,,,905.6,1544.1,1871.7,1604.3,1849.3,,,357.0,464.0,253.4,278.6,686.3,,,,,,,,,,,,,,,,,80.3,199.9,57.8,110.2,132.5,,,125.3,302.1,64.1,360.5,216.8,,,298.3,382.7,236.0,657.1,263.9,,,45.9,33.0,129.2,163.7,73.2,,,140.1,362.4,826.8,283.7,878.6,,,170.5,177.7,252.1,120.2,509.6,,,,,,,,,,,,,,,,,19.3,62.0,28.4,77.2,61.3,,,9.3,34.2,9.8,34.0,27.2,,,110.8,122.7,150.2,468.6,110.0,,,34.3,26.3,87.9,191.9,61.8,,,134.4,140.0,675.0,415.1,799.0,,,108.0,119.1,115.5,114.4,563.0,,,,,,,,,,,,,,,,,265.5,700.3,319.7,192.7,884.9,,,581.0,2038.5,1453.3,513.8,2969.6,,,1499.2,2782.3,2366.5,2562.9,2137.2,,,652.2,1642.7,2221.8,1141.7,3013.0,,,347.4,365.7,2005.4,1059.4,2394.1,,,1918.2,2820.4,3393.8,3013.0,2685.5,,,,,,,,,,,,,,,,,505.0,540.8,532.4,479.9,612.1,,,551.9,590.5,504.6,239.0,1066.8,,,349.7,353.9,326.1,317.2,534.3,,,499.3,475.8,448.5,254.3,1007.6,,,371.8,204.3,308.3,197.4,613.9,,,492.9,868.7,931.6,1165.4,798.0,,,,,,,,,,,,,,,,,,,,,,,,,,,,,,,,,,,,,,,,,,,,,,,,,,,,,,,,,,,,,,,,,,,,,,,,,,,,,,,,,,,,,,,,,,,,,,,,,,,,,,,,,,,,,,,,,,,,,,,,,,,,,,,,
20261001_佐世保_1R,20261001,85,佐世保,1,1522.6,1473.6,3405.4,769.4,599.9,,,1522.6,1269.5,3678.8,592.2,463.6,,,1486.7,1253.7,3210.1,423.1,329.4,,,4710.2,6072.2,5538.4,2230.0,2191.3,,,318.1,269.9,237.7,904.8,49.7,,,167.4,153.4,134.3,531.6,36.7,,,,,,,,,,,,,,,,,3337.7,3789.4,7753.8,2239.9,1674.4,,,3652.1,8129.0,9999.9,7411.7,6072.2,,,4165.2,7411.7,9999.9,3251.6,5361.6,,,9999.9,9999.9,9999.9,9999.9,9999.9,,,2181.8,6299.9,3315.7,9999.9,1384.6,,,1555.5,3678.8,3428.5,6631.5,1232.2,,,,,,,,,,,,,,,,,2815.6,3073.1,5793.0,1058.8,904.8,,,3230.7,7636.3,7522.3,5999.9,5249.9,,,4666.6,7098.5,9999.9,4165.2,4131.1,,,8542.3,9999.9,9999.9,9692.2,9509.4,,,1513.5,4199.9,3111.1,5538.4,672.8,,,1135.1,3210.1,2366.1,5039.9,686.6,,,,,,,,,,,,,,,,,2863.6,2638.7,4460.1,845.6,719.9,,,3359.9,6719.9,9692.2,2999.9,3999.9,,,3652.1,6719.9,8262.2,4097.5,3789.4,,,6810.8,9999.9,9999.9,4271.1,6810.8,,,812.9,2446.5,2611.3,3574.4,633.9,,,637.1,2135.5,1574.9,3337.7,513.2,,,,,,,,,,,,,,,,,8999.9,9999.9,6299.9,6999.9,4754.7,,,9999.9,9999.9,9999.9,9999.9,7753.8,,,9999.9,9999.9,9999.9,9999.9,9999.9,,,8842.0,9999.9,9999.9,5305.2,9163.6,,,5249.9,6719.9,7999.9,4666.6,2290.9,,,4097.5,5478.2,7411.7,6810.8,2181.8,,,,,,,,,,,,,,,,,119.2,82.0,89.8,366.8,15.6,,,259.6,631.5,606.4,1289.0,169.0,,,192.5,725.1,523.3,1579.9,92.0,,,128.2,587.4,364.9,1247.5,71.9,,,884.2,2311.9,2099.9,1726.0,438.6,,,6.1,46.4,16.6,28.9,138.1,,,,,,,,,,,,,,,,,56.4,43.2,39.7,232.3,8.8,,,118.0,325.5,330.0,990.1,86.2,,,96.7,340.7,256.3,776.5,54.6,,,76.1,305.4,224.4,898.3,53.7,,,694.2,1749.9,1295.6,1620.5,371.4,,,3.5,32.0,13.4,18.5,107.0,,,,,,,,,,,,,,,,,,,,,,,,,,,,,,,,,,,,,,,,,,,,,,,,,,,,,,,,,,,,,,,,,,,,,,,,,,,,,,,,,,,,,,,,,,,,,,,,,,,,,,,,,,,,,,,,,,,,,,,,,,,,,,,,
20261001_佐世保_2R,20261001,85,佐世保,2,8006.7,4503.7,6550.9,9999.9,9999.9,,,9999.9,9999.9,9999.9,9999.9,9999.9,,,4367.3,8823.7,2049.1,6005.0,4280.8,,,7720.7,9999.9,2337.0,9999.9,6651.7,,,9999.9,9999.9,9999.9,9999.9,9999.9,,,7087.9,9608.0,4913.2,6755.6,9999.9,,,,,,,,,,,,,,,,,9999.9,4599.6,6453.1,9608.0,7861.1,,,9199.2,6755.6,7861.1,9999.9,9999.9,,,2456.6,3826.2,368.2,2068.7,900.7,,,3695.4,5209.1,403.7,3695.4,1044.3,,,9999.9,9999.9,3573.2,5209.1,7206.0,,,7454.5,9999.9,1171.7,1298.3,6550.9,,,,,,,,,,,,,,,,,9999.9,9999.9,9999.9,2543.3,9999.9,,,8477.7,6089.6,7861.1,9999.9,9999.9,,,9999.9,9999.9,2589.0,9999.9,8157.7,,,9608.0,6651.7,2719.2,7087.9,5842.7,,,9999.9,9999.9,9999.9,9999.9,9999.9,,,9999.9,9999.9,8314.6,8314.6,9999.9,,,,,,,,,,,,,,,,,711.1,1871.7,193.2,1302.2,631.1,,,339.9,527.2,32.0,194.2,108.4,,,1965.2,1619.3,311.9,1938.8,1264.2,,,46.6,7.5,68.8,9.9,3.6,,,916.0,384.6,1306.2,76.1,297.7,,,286.5,81.9,411.7,20.7,143.2,,,,,,,,,,,,,,,,,1187.8,2543.3,229.3,1715.7,1024.5,,,488.5,770.7,36.3,284.8,146.9,,,2172.6,1695.5,246.6,1595.4,715.8,,,52.1,9.6,44.1,11.8,5.4,,,931.8,394.8,1039.3,60.9,229.1,,,363.0,108.4,387.7,18.2,146.4,,,,,,,,,,,,,,,,,9999.9,9999.9,9999.9,9999.9,9999.9,,,9999.9,9999.9,4197.6,8477.7,8314.6,,,9999.9,9999.9,9826.4,9999.9,9999.9,,,6453.1,3431.4,6651.7,902.6,2109.0,,,9999.9,5764.8,9999.9,1017.3,3300.4,,,9999.9,6755.6,9999.9,3515.1,3792.6,,,,,,,,,,,,,,,,,4858.0,5209.1,1637.7,3895.1,6005.0,,,4599.6,4969.6,960.8,1036.8,3250.8,,,9199.2,9999.9,5272.7,4969.6,9999.9,,,1279.1,501.5,1764.7,119.3,868.1,,,1619.3,611.5,1947.5,127.8,984.8,,,6176.6,4858.0,9999.9,2194.7,1992.4,,,,,,,,,,,,,,,,,,,,,,,,,,,,,,,,,,,,,,,,,,,,,,,,,,,,,,,,,,,,,,,,,,,,,,,,,,,,,,,,,,,,,,,,,,,,,,,,,,,,,,,,,,,,,,,,,,,,,,,,,,,,,,,,
20261001_佐世保_3R,20261001,85,佐世保,3,291.7,1264.1,543.1,381.3,213.7,,,268.5,338.3,46.7,284.4,60.7,,,1945.6,961.5,1419.0,1992.3,350.0,,,325.9,59.9,535.5,394.3,92.6,,,273.3,219.7,1191.5,435.3,173.9,,,150.2,38.9,48.7,82.0,133.2,,,,,,,,,,,,,,,,,227.3,1134.5,363.5,304.6,155.9,,,211.2,745.6,100.0,190.1,299.6,,,2515.5,2058.1,1824.4,1267.3,2016.4,,,232.4,87.0,674.8,129.2,244.8,,,85.9,75.1,362.7,84.6,120.2,,,299.6,444.7,827.3,477.5,511.8,,,,,,,,,,,,,,,,,202.4,323.2,33.0,280.4,63.2,,,255.4,758.1,84.4,182.5,324.2,,,1158.3,1638.4,449.5,1759.9,884.6,,,16.3,24.5,85.5,41.9,17.9,,,341.3,219.9,1066.5,162.7,532.1,,,104.0,257.0,313.8,62.4,454.0,,,,,,,,,,,,,,,,,4082.5,2338.3,2895.7,3773.2,813.8,,,4185.5,3458.8,2846.1,2128.5,3557.6,,,2349.4,3152.3,1473.5,3773.2,2041.2,,,2554.2,2767.0,1349.7,3635.5,2194.1,,,4527.9,2580.6,3891.2,4016.7,3891.2,,,703.4,2490.3,1654.7,1844.7,2736.6,,,,,,,,,,,,,,,,,204.5,63.0,394.3,290.7,109.8,,,155.0,50.3,374.7,87.8,155.8,,,16.8,14.5,78.6,28.5,15.9,,,1014.4,1035.4,456.5,1346.1,804.6,,,289.4,92.0,76.6,677.6,221.9,,,144.0,241.5,102.7,282.5,394.0,,,,,,,,,,,,,,,,,64.4,76.9,610.3,197.6,70.3,,,42.4,40.5,300.4,63.7,75.5,,,117.1,106.7,773.4,114.4,177.8,,,1945.6,1068.8,1711.5,1984.3,1527.8,,,261.1,122.7,110.5,922.3,423.1,,,191.7,327.6,294.1,680.4,687.0,,,,,,,,,,,,,,,,,319.4,111.6,102.0,204.4,374.2,,,642.6,907.2,1121.7,912.2,1012.3,,,270.9,815.1,564.0,253.7,1200.1,,,264.7,1114.2,648.5,907.2,1177.4,,,363.8,694.6,257.8,594.3,1018.5,,,835.6,1092.2,1406.9,1665.8,1546.8,,,,,,,,,,,,,,,,,,,,,,,,,,,,,,,,,,,,,,,,,,,,,,,,,,,,,,,,,,,,,,,,,,,,,,,,,,,,,,,,,,,,,,,,,,,,,,,,,,,,,,,,,,,,,,,,,,,,,,,,,,,,,,,,
20261001_佐世保_4R,20261001,85,佐世保,4,647.8,302.0,111.7,287.3,366.8,,,1406.7,703.3,1102.2,969.6,1172.2,,,410.3,203.1,213.6,156.9,130.1,,,114.8,551.1,212.8,213.2,277.6,,,160.7,276.9,62.9,85.5,114.8,,,596.3,816.0,179.1,408.0,269.7,,,,,,,,,,,,,,,,,682.7,280.8,92.2,319.0,364.7,,,1188.0,619.7,415.6,2161.5,1050.0,,,262.0,193.2,79.5,562.3,131.7,,,18.5,67.0,14.5,85.3,25.5,,,376.1,1772.4,711.2,301.6,952.9,,,393.1,607.0,159.8,136.5,808.6,,,,,,,,,,,,,,,,,2461.8,1438.7,1838.6,1960.7,2994.0,,,2320.0,1355.1,1284.4,3662.1,2503.5,,,848.8,774.6,611.2,1166.1,227.9,,,1779.6,1291.9,1060.1,3234.4,1893.6,,,2685.6,3435.0,2215.6,3692.7,3544.9,,,2272.4,2332.2,495.6,1779.6,2877.4,,,,,,,,,,,,,,,,,405.4,170.1,229.8,224.0,108.8,,,230.7,104.7,77.8,429.8,104.7,,,78.9,67.7,78.5,158.4,27.7,,,222.3,106.3,128.2,552.5,99.8,,,191.9,325.5,222.6,565.2,174.5,,,53.5,57.0,16.5,50.9,135.2,,,,,,,,,,,,,,,,,64.3,517.0,187.0,259.2,280.2,,,12.7,55.0,9.1,68.2,20.3,,,832.9,324.8,446.6,1629.1,747.2,,,192.3,50.7,185.6,517.6,132.7,,,333.1,257.1,1217.3,495.6,645.0,,,315.3,66.8,328.2,136.2,587.6,,,,,,,,,,,,,,,,,204.5,361.4,88.8,131.8,142.5,,,511.1,2669.4,817.5,393.5,1251.7,,,1744.5,4065.3,1434.0,3120.5,2994.0,,,250.7,1016.3,412.5,654.5,281.1,,,350.0,493.4,1758.4,607.0,928.9,,,412.9,1389.1,1935.0,347.5,1099.5,,,,,,,,,,,,,,,,,791.2,991.3,201.9,583.0,409.5,,,572.5,714.7,257.7,205.6,1204.1,,,1224.0,1318.8,287.7,1072.9,2032.6,,,105.0,135.0,34.7,93.6,220.0,,,442.2,184.0,438.3,183.2,829.8,,,481.1,1629.1,1869.7,399.9,1021.0,,,,,,,,,,,,,,,,,,,,,,,,,,,,,,,,,,,,,,,,,,,,,,,,,,,,,,,,,,,,,,,,,,,,,,,,,,,,,,,,,,,,,,,,,,,,,,,,,,,,,,,,,,,,,,,,,,,,,,,,,,,,,,,,
20261001_佐世保_5R,20261001,85,佐世保,5,811.2,561.9,654.5,843.9,1508.6,,,307.8,39.5,32.8,400.4,68.2,,,154.1,36.1,16.6,148.8,102.9,,,132.4,15.8,7.6,128.1,60.6,,,676.6,712.8,367.1,360.2,1687.8,,,600.1,106.7,164.4,129.2,972.4,,,,,,,,,,,,,,,,,1932.1,1351.3,1882.6,1882.6,3287.5,,,1940.6,2236.1,2546.4,1890.6,1493.3,,,2159.4,2879.2,3552.6,1227.1,3640.7,,,2447.3,3102.3,3640.7,3146.6,3765.2,,,937.2,992.1,1001.2,1675.0,1578.9,,,3524.2,1578.9,3215.5,3496.2,3192.2,,,,,,,,,,,,,,,,,197.5,33.6,22.0,224.0,25.6,,,504.0,595.3,569.1,603.4,298.2,,,74.2,420.3,104.6,450.4,83.2,,,19.6,284.2,53.1,226.7,28.4,,,295.2,383.7,533.9,338.6,238.6,,,14.0,79.5,36.8,19.5,96.2,,,,,,,,,,,,,,,,,328.7,101.5,59.1,401.2,216.0,,,1174.7,1656.1,1866.6,1957.9,2294.4,,,175.6,754.3,240.8,1079.7,269.6,,,119.1,955.5,282.0,1036.5,459.3,,,1394.0,1915.3,1843.2,1734.3,1975.4,,,470.1,1483.2,382.4,463.7,1637.6,,,,,,,,,,,,,,,,,311.3,23.6,15.6,312.8,105.2,,,1402.9,1890.6,1882.6,2420.4,2622.2,,,32.1,515.8,92.9,368.9,80.0,,,118.8,1315.0,255.9,1299.4,544.5,,,1291.8,1463.5,1326.8,2461.0,1619.5,,,229.9,1190.6,207.9,508.6,1262.2,,,,,,,,,,,,,,,,,799.5,978.9,754.3,818.8,2719.3,,,444.0,484.6,614.4,832.7,853.7,,,1095.8,1129.5,1649.9,1519.0,1262.2,,,1966.6,2097.7,2343.2,3239.1,4686.4,,,1473.3,2591.3,2213.7,3124.3,3830.6,,,3765.2,2917.4,2011.5,4361.6,3215.5,,,,,,,,,,,,,,,,,1230.5,176.4,342.0,272.4,1439.6,,,2591.3,1034.1,2420.4,2936.8,2591.3,,,84.1,284.3,139.9,101.7,337.3,,,543.1,2011.5,370.8,776.9,2653.7,,,358.7,1649.9,247.6,699.2,1915.3,,,2842.1,1907.0,1284.3,3581.5,3059.2,,,,,,,,,,,,,,,,,,,,,,,,,,,,,,,,,,,,,,,,,,,,,,,,,,,,,,,,,,,,,,,,,,,,,,,,,,,,,,,,,,,,,,,,,,,,,,,,,,,,,,,,,,,,,,,,,,,,,,,,,,,,,,,,
20261001_佐世保_6R,20261001,85,佐世保,6,251.9,82.0,534.8,383.1,152.8,,,232.2,91.3,509.0,513.3,149.5,,,24.9,32.5,117.6,80.7,19.2,,,1332.0,1237.1,674.3,1937.0,966.5,,,639.7,982.1,376.0,1688.1,782.9,,,145.2,119.8,65.8,241.5,418.7,,,,,,,,,,,,,,,,,689.6,288.7,1553.3,855.9,491.5,,,745.6,591.4,1642.5,955.1,417.6,,,241.7,542.0,1482.2,569.3,466.1,,,2545.4,2671.3,3001.1,2558.8,2068.8,,,613.0,694.5,457.8,1659.3,794.4,,,516.6,312.6,491.0,828.2,1125.4,,,,,,,,,,,,,,,,,177.6,71.3,473.4,531.9,171.4,,,269.3,210.1,917.3,695.5,297.7,,,27.7,85.6,162.7,187.2,69.1,,,922.5,1061.5,885.5,1460.0,293.5,,,460.4,461.2,347.5,1168.7,502.2,,,66.3,92.5,46.3,45.8,251.3,,,,,,,,,,,,,,,,,24.5,21.8,114.9,83.9,16.0,,,98.9,170.5,741.1,399.1,224.1,,,33.1,87.6,233.4,242.9,67.5,,,565.3,1269.4,871.3,1794.0,752.6,,,375.7,627.3,562.0,1533.7,744.5,,,48.3,140.5,61.8,159.5,328.7,,,,,,,,,,,,,,,,,3096.7,2230.2,1787.4,4813.7,1929.3,,,3548.8,3423.8,3307.3,4380.0,2360.1,,,1339.3,2315.1,1827.7,1794.0,399.1,,,1653.6,3263.0,2034.2,4155.4,1711.9,,,4543.8,4302.5,3858.6,4460.4,2348.7,,,966.5,1321.1,339.5,1174.3,1163.1,,,,,,,,,,,,,,,,,302.3,835.3,439.1,1578.5,468.8,,,413.7,206.5,162.1,1080.4,403.8,,,534.8,203.9,172.5,992.2,381.6,,,292.5,185.1,208.7,1286.2,509.6,,,2337.4,1944.7,1862.7,2360.1,1609.8,,,415.9,346.5,353.8,565.9,426.4,,,,,,,,,,,,,,,,,145.6,52.8,58.5,103.8,365.2,,,199.5,87.8,214.9,244.4,592.9,,,25.7,34.2,21.6,14.0,121.9,,,48.7,139.3,33.3,82.2,274.0,,,99.0,188.2,37.2,102.5,263.3,,,387.0,410.9,330.5,660.5,344.5,,,,,,,,,,,,,,,,,,,,,,,,,,,,,,,,,,,,,,,,,,,,,,,,,,,,,,,,,,,,,,,,,,,,,,,,,,,,,,,,,,,,,,,,,,,,,,,,,,,,,,,,,,,,,,,,,,,,,,,,,,,,,,,,
20261001_佐世保_7R,20261001,85,佐世保,7,376.5,419.6,1204.6,876.2,761.3,,,173.6,232.0,226.6,212.4,126.2,,,583.4,541.7,1375.1,1056.5,844.8,,,1831.6,835.3,1995.1,1977.4,1108.9,,,470.9,256.1,585.7,832.2,562.1,,,689.6,222.2,778.5,430.5,588.0,,,,,,,,,,,,,,,,,420.0,538.4,1584.7,1108.9,975.7,,,168.8,74.5,291.5,457.4,158.1,,,251.6,99.8,496.0,460.7,186.0,,,2352.1,1064.0,1509.8,3724.2,1504.7,,,2138.3,1986.2,1299.1,4514.2,4256.2,,,872.8,274.8,393.4,639.3,1968.7,,,,,,,,,,,,,,,,,33.6,44.4,88.0,51.7,62.5,,,28.0,11.7,68.6,121.2,41.0,,,65.0,23.7,120.4,173.8,52.7,,,193.2,213.1,218.4,583.4,54.1,,,263.1,469.4,574.4,777.2,472.9,,,25.7,22.2,18.4,4.6,123.8,,,,,,,,,,,,,,,,,539.7,493.8,1176.0,1039.3,888.4,,,248.0,95.1,442.0,474.4,208.9,,,263.5,82.9,315.6,588.8,159.8,,,1995.1,1465.2,1032.1,3633.4,1342.0,,,1839.1,1269.6,1718.8,3852.6,2758.7,,,849.6,348.8,242.2,496.0,1885.6,,,,,,,,,,,,,,,,,3335.1,1358.3,2223.4,3693.4,1738.9,,,3310.4,1366.6,2201.5,4424.8,2022.2,,,969.4,1117.2,1095.3,1802.0,205.6,,,3464.4,3385.6,1738.9,5320.3,2180.0,,,6384.4,6670.3,3385.6,6294.5,4026.2,,,1098.0,1465.2,179.4,1244.8,2013.1,,,,,,,,,,,,,,,,,817.0,583.4,1151.8,1655.2,899.2,,,2469.1,2725.0,1041.7,7093.8,4754.3,,,993.1,2040.6,1926.3,2496.7,1460.4,,,2428.8,1986.2,2510.7,5804.0,4297.2,,,4338.9,6670.3,3546.9,5384.4,4256.2,,,1809.3,2940.2,1732.2,3491.4,2377.1,,,,,,,,,,,,,,,,,590.3,126.8,528.8,322.2,578.1,,,541.7,145.3,341.9,446.9,1607.5,,,38.3,43.8,40.3,6.6,155.7,,,677.1,424.4,200.2,527.6,1551.7,,,243.2,390.3,47.7,312.0,584.9,,,1824.1,2920.9,796.6,2692.2,1579.1,,,,,,,,,,,,,,,,,,,,,,,,,,,,,,,,,,,,,,,,,,,,,,,,,,,,,,,,,,,,,,,,,,,,,,,,,,,,,,,,,,,,,,,,,,,,,,,,,,,,,,,,,,,,,,,,,,,,,,,,,,,,,,,,
