race_key,date,jo_code,jo_name,race_no,1-2-3,1-2-4,1-2-5,1-2-6,1-2-7,1-2-8,1-2-9,1-3-2,1-3-4,1-3-5,1-3-6,1-3-7,1-3-8,1-3-9,1-4-2,1-4-3,1-4-5,1-4-6,1-4-7,1-4-8,1-4-9,1-5-2,1-5-3,1-5-4,1-5-6,1-5-7,1-5-8,1-5-9,1-6-2,1-6-3,1-6-4,1-6-5,1-6-7,1-6-8,1-6-9,1-7-2,1-7-3,1-7-4,1-7-5,1-7-6,1-7-8,1-7-9,1-8-2,1-8-3,1-8-4,1-8-5,1-8-6,1-8-7,1-8-9,1-9-2,1-9-3,1-9-4,1-9-5,1-9-6,1-9-7,1-9-8,2-1-3,2-1-4,2-1-5,2-1-6,2-1-7,2-1-8,2-1-9,2-3-1,2-3-4,2-3-5,2-3-6,2-3-7,2-3-8,2-3-9,2-4-1,2-4-3,2-4-5,2-4-6,2-4-7,2-4-8,2-4-9,2-5-1,2-5-3,2-5-4,2-5-6,2-5-7,2-5-8,2-5-9,2-6-1,2-6-3,2-6-4,2-6-5,2-6-7,2-6-8,2-6-9,2-7-1,2-7-3,2-7-4,2-7-5,2-7-6,2-7-8,2-7-9,2-8-1,2-8-3,2-8-4,2-8-5,2-8-6,2-8-7,2-8-9,2-9-1,2-9-3,2-9-4,2-9-5,2-9-6,2-9-7,2-9-8,3-1-2,3-1-4,3-1-5,3-1-6,3-1-7,3-1-8,3-1-9,3-2-1,3-2-4,3-2-5,3-2-6,3-2-7,3-2-8,3-2-9,3-4-1,3-4-2,3-4-5,3-4-6,3-4-7,3-4-8,3-4-9,3-5-1,3-5-2,3-5-4,3-5-6,3-5-7,3-5-8,3-5-9,3-6-1,3-6-2,3-6-4,3-6-5,3-6-7,3-6-8,3-6-9,3-7-1,3-7-2,3-7-4,3-7-5,3-7-6,3-7-8,3-7-9,3-8-1,3-8-2,3-8-4,3-8-5,3-8-6,3-8-7,3-8-9,3-9-1,3-9-2,3-9-4,3-9-5,3-9-6,3-9-7,3-9-8,4-1-2,4-1-3,4-1-5,4-1-6,4-1-7,4-1-8,4-1-9,4-2-1,4-2-3,4-2-5,4-2-6,4-2-7,4-2-8,4-2-9,4-3-1,4-3-2,4-3-5,4-3-6,4-3-7,4-3-8,4-3-9,4-5-1,4-5-2,4-5-3,4-5-6,4-5-7,4-5-8,4-5-9,4-6-1,4-6-2,4-6-3,4-6-5,4-6-7,4-6-8,4-6-9,4-7-1,4-7-2,4-7-3,4-7-5,4-7-6,4-7-8,4-7-9,4-8-1,4-8-2,4-8-3,4-8-5,4-8-6,4-8-7,4-8-9,4-9-1,4-9-2,4-9-3,4-9-5,4-9-6,4-9-7,4-9-8,5-1-2,5-1-3,5-1-4,5-1-6,5-1-7,5-1-8,5-1-9,5-2-1,5-2-3,5-2-4,5-2-6,5-2-7,5-2-8,5-2-9,5-3-1,5-3-2,5-3-4,5-3-6,5-3-7,5-3-8,5-3-9,5-4-1,5-4-2,5-4-3,5-4-6,5-4-7,5-4-8,5-4-9,5-6-1,5-6-2,5-6-3,5-6-4,5-6-7,5-6-8,5-6-9,5-7-1,5-7-2,5-7-3,5-7-4,5-7-6,5-7-8,5-7-9,5-8-1,5-8-2,5-8-3,5-8-4,5-8-6,5-8-7,5-8-9,5-9-1,5-9-2,5-9-3,5-9-4,5-9-6,5-9-7,5-9-8,6-1-2,6-1-3,6-1-4,6-1-5,6-1-7,6-1-8,6-1-9,6-2-1,6-2-3,6-2-4,6-2-5,6-2-7,6-2-8,6-2-9,6-3-1,6-3-2,6-3-4,6-3-5,6-3-7,6-3-8,6-3-9,6-4-1,6-4-2,6-4-3,6-4-5,6-4-7,6-4-8,6-4-9,6-5-1,6-5-2,6-5-3,6-5-4,6-5-7,6-5-8,6-5-9,6-7-1,6-7-2,6-7-3,6-7-4,6-7-5,6-7-8,6-7-9,6-8-1,6-8-2,6-8-3,6-8-4,6-8-5,6-8-7,6-8-9,6-9-1,6-9-2,6-9-3,6-9-4,6-9-5,6-9-7,6-9-8,7-1-2,7-1-3,7-1-4,7-1-5,7-1-6,7-1-8,7-1-9,7-2-1,7-2-3,7-2-4,7-2-5,7-2-6,7-2-8,7-2-9,7-3-1,7-3-2,7-3-4,7-3-5,7-3-6,7-3-8,7-3-9,7-4-1,7-4-2,7-4-3,7-4-5,7-4-6,7-4-8,7-4-9,7-5-1,7-5-2,7-5-3,7-5-4,7-5-6,7-5-8,7-5-9,7-6-1,7-6-2,7-6-3,7-6-4,7-6-5,7-6-8,7-6-9,7-8-1,7-8-2,7-8-3,7-8-4,7-8-5,7-8-6,7-8-9,7-9-1,7-9-2,7-9-3,7-9-4,7-9-5,7-9-6,7-9-8,8-1-2,8-1-3,8-1-4,8-1-5,8-1-6,8-1-7,8-1-9,8-2-1,8-2-3,8-2-4,8-2-5,8-2-6,8-2-7,8-2-9,8-3-1,8-3-2,8-3-4,8-3-5,8-3-6,8-3-7,8-3-9,8-4-1,8-4-2,8-4-3,8-4-5,8-4-6,8-4-7,8-4-9,8-5-1,8-5-2,8-5-3,8-5-4,8-5-6,8-5-7,8-5-9,8-6-1,8-6-2,8-6-3,8-6-4,8-6-5,8-6-7,8-6-9,8-7-1,8-7-2,8-7-3,8-7-4,8-7-5,8-7-6,8-7-9,8-9-1,8-9-2,8-9-3,8-9-4,8-9-5,8-9-6,8-9-7,9-1-2,9-1-3,9-1-4,9-1-5,9-1-6,9-1-7,9-1-8,9-2-1,9-2-3,9-2-4,9-2-5,9-2-6,9-2-7,9-2-8,9-3-1,9-3-2,9-3-4,9-3-5,9-3-6,9-3-7,9-3-8,9-4-1,9-4-2,9-4-3,9-4-5,9-4-6,9-4-7,9-4-8,9-5-1,9-5-2,9-5-3,9-5-4,9-5-6,9-5-7,9-5-8,9-6-1,9-6-2,9-6-3,9-6-4,9-6-5,9-6-7,9-6-8,9-7-1,9-7-2,9-7-3,9-7-4,9-7-5,9-7-6,9-7-8,9-8-1,9-8-2,9-8-3,9-8-4,9-8-5,9-8-6,9-8-7
20261003_大宮_1R,20261003,25,大宮,1,82.7,161.2,44.4,220.5,49.2,,,360.9,764.9,611.1,1082.8,511.0,,,241.2,806.5,276.0,426.5,41.8,,,31.5,192.9,129.6,240.0,29.4,,,785.2,1539.8,884.8,803.8,397.2,,,11.5,79.5,7.0,16.8,83.0,,,,,,,,,,,,,,,,,260.5,482.9,124.6,655.0,142.8,,,421.9,915.5,147.7,463.1,384.3,,,846.9,1347.3,1004.8,1463.8,748.0,,,82.1,61.1,351.3,348.7,103.0,,,2302.3,1261.3,2694.7,1310.1,1838.2,,,181.1,374.0,347.1,245.4,865.4,,,,,,,,,,,,,,,,,1852.6,3705.2,1976.1,2522.7,1539.8,,,1646.7,2694.7,444.9,1044.6,1123.8,,,3648.2,3887.4,4474.2,4391.4,3387.6,,,2302.3,699.5,4391.4,4019.2,2857.0,,,4940.3,3161.8,5155.1,5389.4,6974.6,,,2098.5,1706.0,2280.1,2927.6,4940.3,,,,,,,,,,,,,,,,,572.7,826.2,658.7,843.9,107.2,,,919.1,1669.9,1669.9,2026.8,722.9,,,2857.0,3339.9,4088.5,3204.5,2062.0,,,929.9,1549.9,3339.9,4019.2,1013.4,,,2009.6,3040.2,3161.8,5389.4,1613.1,,,72.4,314.0,731.9,567.3,447.4,,,,,,,,,,,,,,,,,47.8,233.1,161.6,330.7,37.5,,,37.3,35.9,129.0,293.1,38.6,,,1140.0,439.9,2470.1,2117.2,1302.9,,,564.6,829.1,1756.5,1852.6,520.0,,,1378.7,1288.7,2605.9,2757.4,1339.7,,,48.2,92.2,466.8,161.5,491.9,,,,,,,,,,,,,,,,,2324.8,3764.0,2258.4,2062.0,1049.2,,,3161.8,1635.4,2857.0,2470.1,2634.8,,,6587.1,3539.3,3952.2,5389.4,6240.4,,,2927.6,3339.9,3592.9,5269.7,2522.7,,,2522.7,2155.7,4649.7,5045.4,3040.2,,,1281.8,2395.3,4160.3,1706.0,3120.2,,,,,,,,,,,,,,,,,20.2,144.1,6.0,29.3,90.0,,,72.4,232.4,102.2,180.8,349.2,,,655.0,912.0,988.0,1355.0,2258.4,,,16.3,73.9,252.0,167.8,168.0,,,67.1,136.9,595.8,177.8,591.3,,,563.2,1092.7,2195.7,720.7,1510.4,,,,,,,,,,,,,,,,,,,,,,,,,,,,,,,,,,,,,,,,,,,,,,,,,,,,,,,,,,,,,,,,,,,,,,,,,,,,,,,,,,,,,,,,,,,,,,,,,,,,,,,,,,,,,,,,,,,,,,,,,,,,,,,,
20261003_大宮_2R,20261003,25,大宮,2,788.4,668.1,1477.1,3553.6,1843.6,,,386.7,57.8,181.7,708.6,729.7,,,288.4,37.2,163.3,498.3,702.5,,,1623.8,612.9,535.3,1283.7,2527.8,,,4626.4,2403.9,1961.5,3453.5,7662.4,,,1634.6,1551.8,1702.7,2113.7,3553.6,,,,,,,,,,,,,,,,,740.7,706.6,1270.4,2884.7,1270.4,,,418.4,173.1,568.9,1066.0,333.6,,,375.4,219.7,684.9,1104.5,482.6,,,1764.0,935.8,817.3,1961.5,820.0,,,5004.0,1816.2,2150.8,2581.0,1871.7,,,633.5,252.7,292.6,389.8,612.9,,,,,,,,,,,,,,,,,169.5,27.8,168.1,428.6,286.7,,,151.6,69.3,193.0,394.2,116.4,,,3.0,17.3,26.8,79.2,25.1,,,270.3,306.4,142.5,575.5,441.8,,,935.8,754.4,367.6,752.1,904.7,,,259.4,76.8,93.0,242.5,559.8,,,,,,,,,,,,,,,,,120.2,14.9,97.6,293.3,289.8,,,215.0,111.4,411.4,925.2,411.4,,,4.7,23.8,23.4,76.4,31.9,,,272.4,602.4,124.7,352.2,1075.4,,,692.6,1140.4,229.8,520.5,2060.5,,,414.8,408.6,151.5,894.8,1764.0,,,,,,,,,,,,,,,,,1900.7,692.6,645.2,2229.0,2851.1,,,1961.5,1459.5,1871.7,4458.1,1915.6,,,669.9,1290.5,446.6,1495.1,1857.5,,,589.4,1816.2,427.1,1495.1,3027.1,,,2581.0,2954.2,1930.7,1829.8,3502.8,,,4086.6,2077.9,2313.2,4155.9,5980.4,,,,,,,,,,,,,,,,,5702.3,2755.0,2786.3,4019.6,7662.4,,,4626.4,2189.2,2335.2,4378.5,3954.8,,,1829.8,1789.7,646.9,2026.4,2527.8,,,1304.2,1789.7,542.4,1668.0,3892.0,,,2291.5,3027.1,2026.4,1764.0,5004.0,,,7005.7,3715.1,2724.4,5448.8,4807.8,,,,,,,,,,,,,,,,,1613.1,1156.6,1207.8,2694.5,5004.0,,,564.9,188.6,235.0,286.7,766.2,,,547.3,183.9,151.9,486.5,1119.6,,,521.7,377.2,196.3,798.6,1993.4,,,2527.8,996.7,1070.7,1679.4,3892.0,,,6287.1,2132.1,1843.6,3502.8,3405.5,,,,,,,,,,,,,,,,,,,,,,,,,,,,,,,,,,,,,,,,,,,,,,,,,,,,,,,,,,,,,,,,,,,,,,,,,,,,,,,,,,,,,,,,,,,,,,,,,,,,,,,,,,,,,,,,,,,,,,,,,,,,,,,,
20261003_大宮_3R,20261003,25,大宮,3,878.7,180.0,217.1,632.3,716.1,,,1351.2,628.2,1037.9,2580.8,1320.1,,,74.4,245.4,84.7,317.5,183.5,,,199.9,709.0,161.9,884.1,847.5,,,1224.2,2329.0,868.0,1106.0,2060.9,,,1425.2,1884.6,847.5,1655.9,2628.1,,,,,,,,,,,,,,,,,759.8,176.8,156.0,349.7,678.8,,,835.1,494.7,231.0,388.7,595.5,,,78.7,265.7,34.9,79.5,265.7,,,51.5,99.6,22.5,24.5,84.9,,,265.9,339.0,115.1,57.2,314.4,,,1064.9,889.6,565.0,342.2,541.5,,,,,,,,,,,,,,,,,1203.6,751.8,898.0,1948.7,912.3,,,845.0,553.0,312.4,451.1,434.7,,,334.6,404.0,298.4,1085.1,336.2,,,811.5,351.4,351.9,878.7,533.4,,,2220.7,1132.3,1884.6,1302.1,1531.9,,,367.2,216.3,287.6,329.2,560.6,,,,,,,,,,,,,,,,,12.3,63.2,17.7,49.5,49.4,,,31.2,143.3,21.7,42.9,143.9,,,157.6,200.0,190.7,585.8,172.1,,,27.3,13.5,97.7,66.1,144.7,,,200.8,103.2,621.4,161.0,667.7,,,246.5,235.7,330.0,398.4,716.1,,,,,,,,,,,,,,,,,109.0,425.6,90.5,377.9,439.3,,,41.0,91.2,15.7,12.8,75.3,,,470.3,239.5,209.5,546.7,348.5,,,44.7,21.6,112.3,88.9,175.2,,,583.4,64.3,626.8,206.2,640.8,,,924.1,373.9,510.6,501.7,1008.7,,,,,,,,,,,,,,,,,1320.1,2984.0,1499.8,1790.4,3080.3,,,624.1,873.3,402.3,162.1,825.5,,,2652.5,1705.1,2238.0,2031.7,2535.1,,,811.5,457.6,2122.0,702.1,2031.7,,,1019.4,194.3,1390.6,709.0,1418.1,,,3580.9,1757.4,3015.4,2836.3,2512.9,,,,,,,,,,,,,,,,,1948.7,1600.4,930.1,2808.5,4151.7,,,1492.0,1119.0,1261.9,945.4,1332.4,,,601.8,539.4,514.3,614.7,1164.5,,,778.4,1174.0,823.1,1169.2,2580.8,,,2220.7,1045.5,1001.6,1213.8,2329.0,,,2984.0,2122.0,2329.0,2702.5,2367.5,,,,,,,,,,,,,,,,,,,,,,,,,,,,,,,,,,,,,,,,,,,,,,,,,,,,,,,,,,,,,,,,,,,,,,,,,,,,,,,,,,,,,,,,,,,,,,,,,,,,,,,,,,,,,,,,,,,,,,,,,,,,,,,,
20261003_大宮_4R,20261003,25,大宮,4,679.3,629.2,230.3,1041.7,155.4,,,1406.3,1296.1,824.8,2511.2,1261.2,,,439.4,805.9,482.4,2130.7,520.8,,,132.9,270.1,258.9,214.0,109.0,,,2343.8,3270.5,3348.3,959.9,2489.0,,,105.1,545.0,539.8,120.7,1011.7,,,,,,,,,,,,,,,,,408.2,426.8,212.2,723.0,100.7,,,571.6,204.4,361.0,496.9,98.8,,,337.6,135.3,300.1,307.7,56.6,,,212.4,322.1,371.0,524.7,85.7,,,1081.7,728.6,634.9,904.3,179.1,,,23.7,20.8,15.7,16.0,33.5,,,,,,,,,,,,,,,,,1413.3,1314.3,1217.5,2556.9,1333.0,,,1057.3,391.1,796.7,1094.4,272.2,,,424.2,160.3,243.0,248.4,156.4,,,1201.9,898.6,966.5,2038.1,990.3,,,2960.6,1580.1,925.2,2580.4,1850.4,,,876.2,212.2,312.8,652.5,890.0,,,,,,,,,,,,,,,,,352.0,480.7,324.4,1684.2,381.6,,,432.0,131.0,281.5,389.0,74.3,,,204.2,62.5,108.6,114.0,64.5,,,361.0,307.3,241.6,445.0,378.5,,,2533.9,1041.7,768.4,876.2,1167.0,,,287.0,43.3,72.0,227.7,283.8,,,,,,,,,,,,,,,,,207.8,347.2,370.5,342.5,184.9,,,333.2,717.5,541.9,1004.5,220.4,,,696.2,1233.6,686.0,1980.7,1217.5,,,567.0,504.9,430.7,651.0,663.3,,,732.4,1887.6,2580.4,1081.7,1512.1,,,248.6,176.4,779.1,567.0,878.9,,,,,,,,,,,,,,,,,2899.6,3515.8,3430.0,1528.6,3309.0,,,2653.4,1826.3,1598.0,1994.7,564.7,,,3388.7,2286.7,1339.3,3160.2,2556.9,,,3852.9,1746.9,1358.7,3057.2,2114.7,,,1420.5,2147.0,2511.2,2757.5,1939.7,,,2812.6,574.0,2383.6,1966.8,1838.3,,,,,,,,,,,,,,,,,53.8,286.1,246.9,66.2,542.9,,,13.1,15.0,8.6,8.4,25.4,,,348.9,76.1,120.9,232.0,396.1,,,208.6,40.5,72.8,170.1,330.1,,,93.1,43.9,181.2,147.9,296.3,,,1103.0,257.0,980.0,940.6,799.0,,,,,,,,,,,,,,,,,,,,,,,,,,,,,,,,,,,,,,,,,,,,,,,,,,,,,,,,,,,,,,,,,,,,,,,,,,,,,,,,,,,,,,,,,,,,,,,,,,,,,,,,,,,,,,,,,,,,,,,,,,,,,,,,
20261003_大宮_5R,20261003,25,大宮,5,47.4,26.4,152.6,82.0,,,,61.3,38.9,73.6,255.1,,,,18.9,20.3,74.4,115.3,,,,314.2,168.3,207.8,597.8,,,,290.8,455.3,297.9,755.2,,,,,,,,,,,,,,,,,,,,,,,,,48.1,20.1,154.2,42.8,,,,68.5,50.2,76.3,76.1,,,,32.8,52.6,182.8,48.6,,,,248.8,128.8,226.0,251.7,,,,55.2,57.5,48.8,158.3,,,,,,,,,,,,,,,,,,,,,,,,,52.8,36.3,33.3,199.1,,,,52.1,50.5,37.2,93.4,,,,51.2,53.8,59.9,227.5,,,,19.3,15.6,28.3,71.5,,,,325.9,180.5,321.1,212.0,,,,,,,,,,,,,,,,,,,,,,,,,39.8,42.2,116.7,182.4,,,,59.7,63.5,231.2,86.0,,,,74.4,66.2,136.0,339.3,,,,326.7,306.4,221.7,838.7,,,,439.0,236.3,475.4,972.2,,,,,,,,,,,,,,,,,,,,,,,,,367.2,158.2,299.8,747.2,,,,333.6,146.5,333.6,423.1,,,,66.6,55.4,68.3,166.9,,,,303.0,410.1,213.1,859.2,,,,883.5,465.9,393.5,1044.5,,,,,,,,,,,,,,,,,,,,,,,,,326.3,621.6,475.4,958.9,,,,166.0,123.5,130.6,321.1,,,,567.6,267.8,509.0,447.4,,,,586.5,321.4,541.3,1097.5,,,,972.2,492.0,437.6,1056.2,,,,,,,,,,,,,,,,,,,,,,,,,,,,,,,,,,,,,,,,,,,,,,,,,,,,,,,,,,,,,,,,,,,,,,,,,,,,,,,,,,,,,,,,,,,,,,,,,,,,,,,,,,,,,,,,,,,,,,,,,,,,,,,,,,,,,,,,,,,,,,,,,,,,,,,,,,,,,,,,,,,,,,,,,,,,,,,,,,,,,,,,,,,,,,,,
20261003_大宮_6R,20261003,25,大宮,6,238.3,133.1,145.6,428.9,,,,115.8,50.5,107.7,110.3,,,,31.4,9.9,18.2,28.7,,,,53.4,107.5,42.1,130.8,,,,330.1,138.3,102.2,171.6,,,,,,,,,,,,,,,,,,,,,,,,,630.4,470.2,444.5,1079.3,,,,617.1,506.9,389.4,542.6,,,,330.8,458.4,363.3,623.6,,,,272.1,243.9,211.9,299.7,,,,1229.0,833.3,934.5,559.2,,,,,,,,,,,,,,,,,,,,,,,,,335.8,78.2,179.7,219.9,,,,438.5,388.9,381.3,447.2,,,,49.4,218.2,114.8,143.5,,,,205.7,291.3,178.2,378.9,,,,272.3,501.7,246.6,397.9,,,,,,,,,,,,,,,,,,,,,,,,,35.8,7.1,11.8,24.6,,,,115.8,231.9,161.9,330.8,,,,15.3,97.9,51.3,64.3,,,,24.4,74.9,52.2,134.3,,,,69.7,296.9,121.8,213.5,,,,,,,,,,,,,,,,,,,,,,,,,68.8,98.7,38.3,132.9,,,,95.7,102.1,74.7,161.4,,,,128.8,181.2,124.0,291.0,,,,35.2,83.6,67.7,176.1,,,,377.9,331.6,415.5,367.0,,,,,,,,,,,,,,,,,,,,,,,,,428.9,173.2,106.4,302.4,,,,742.4,590.9,627.7,562.5,,,,214.6,365.1,178.4,386.4,,,,96.6,358.9,129.6,299.3,,,,329.4,337.3,413.1,344.5,,,,,,,,,,,,,,,,,,,,,,,,,,,,,,,,,,,,,,,,,,,,,,,,,,,,,,,,,,,,,,,,,,,,,,,,,,,,,,,,,,,,,,,,,,,,,,,,,,,,,,,,,,,,,,,,,,,,,,,,,,,,,,,,,,,,,,,,,,,,,,,,,,,,,,,,,,,,,,,,,,,,,,,,,,,,,,,,,,,,,,,,,,,,,,,,
20261003_大宮_7R,20261003,25,大宮,7,544.2,833.5,446.2,1375.3,,,,435.3,532.7,334.7,1154.9,,,,717.0,470.5,287.9,1191.2,,,,138.8,115.8,162.7,113.3,,,,1240.1,1080.6,1054.3,310.9,,,,,,,,,,,,,,,,,,,,,,,,,352.2,681.5,419.6,1476.0,,,,75.8,27.4,32.0,214.7,,,,349.4,59.5,161.8,532.7,,,,217.5,100.1,190.4,549.1,,,,1699.9,829.0,1112.4,1116.5,,,,,,,,,,,,,,,,,,,,,,,,,229.0,369.0,216.4,957.5,,,,55.6,15.1,19.8,144.9,,,,99.3,11.4,23.3,119.2,,,,84.2,48.6,50.7,216.1,,,,862.0,535.5,448.2,491.2,,,,,,,,,,,,,,,,,,,,,,,,,202.1,134.5,80.5,387.9,,,,166.9,33.0,88.3,293.7,,,,50.5,8.3,14.5,90.0,,,,25.2,53.8,24.1,72.6,,,,266.5,333.2,182.2,101.9,,,,,,,,,,,,,,,,,,,,,,,,,48.4,35.6,48.7,36.3,,,,123.1,95.5,172.5,338.0,,,,58.7,59.0,59.9,180.4,,,,61.3,118.6,51.6,147.3,,,,43.8,211.8,125.3,159.9,,,,,,,,,,,,,,,,,,,,,,,,,966.7,945.5,831.2,272.3,,,,1427.2,884.7,1137.5,845.2,,,,1057.9,672.4,548.1,579.6,,,,425.5,577.4,334.7,221.8,,,,75.6,316.5,186.2,198.5,,,,,,,,,,,,,,,,,,,,,,,,,,,,,,,,,,,,,,,,,,,,,,,,,,,,,,,,,,,,,,,,,,,,,,,,,,,,,,,,,,,,,,,,,,,,,,,,,,,,,,,,,,,,,,,,,,,,,,,,,,,,,,,,,,,,,,,,,,,,,,,,,,,,,,,,,,,,,,,,,,,,,,,,,,,,,,,,,,,,,,,,,,,,,,,,
20261003_大宮_8R,20261003,25,大宮,8,212.6,318.1,77.8,323.8,127.5,,,292.8,215.1,281.4,441.5,680.7,,,352.5,226.4,355.1,662.8,772.5,,,42.4,92.3,103.9,46.5,97.6,,,533.0,609.6,831.4,220.4,878.4,,,200.1,555.7,747.7,250.9,649.6,,,,,,,,,,,,,,,,,162.2,228.3,44.8,208.9,71.6,,,287.4,198.2,211.2,577.3,191.7,,,292.8,155.9,334.1,644.5,201.8,,,28.0,73.8,128.3,46.6,26.8,,,403.4,602.9,866.7,226.4,369.6,,,34.4,51.4,75.3,18.1,80.9,,,,,,,,,,,,,,,,,508.9,371.3,423.2,963.9,1171.2,,,559.5,322.9,492.8,1014.8,517.0,,,238.6,198.8,293.8,418.4,404.9,,,436.8,547.3,489.9,496.6,689.4,,,1658.7,2017.1,1057.5,1074.9,2552.9,,,1312.3,711.9,707.3,821.0,1878.0,,,,,,,,,,,,,,,,,415.7,217.9,307.6,923.0,978.3,,,443.3,218.7,632.0,1054.1,291.5,,,144.5,120.5,226.6,315.4,286.8,,,334.1,373.8,301.1,330.4,645.8,,,1815.4,1910.9,1021.1,1414.6,2193.1,,,1005.4,474.9,489.1,876.0,1617.7,,,,,,,,,,,,,,,,,17.4,52.9,61.0,13.7,42.5,,,25.4,75.4,111.2,34.2,30.1,,,170.9,217.5,198.0,186.9,316.0,,,128.9,165.3,144.4,139.0,408.9,,,27.8,33.0,61.0,79.6,55.6,,,90.7,67.8,203.9,262.6,91.7,,,,,,,,,,,,,,,,,907.7,1276.4,1945.0,286.8,1223.8,,,1034.1,1426.9,1846.1,495.1,1008.5,,,1856.6,2334.1,1426.9,1286.5,2723.1,,,2402.7,2269.2,1846.1,1785.6,3551.9,,,143.5,225.5,348.0,475.6,297.3,,,1835.8,1361.5,2475.5,3203.6,885.5,,,,,,,,,,,,,,,,,173.2,483.3,641.9,254.8,570.2,,,65.9,79.5,105.6,42.6,132.2,,,676.5,322.2,455.1,623.6,1002.3,,,657.4,337.2,369.2,751.2,1205.8,,,195.9,123.4,348.0,452.5,227.8,,,1179.6,672.3,1307.1,1980.4,575.3,,,,,,,,,,,,,,,,,,,,,,,,,,,,,,,,,,,,,,,,,,,,,,,,,,,,,,,,,,,,,,,,,,,,,,,,,,,,,,,,,,,,,,,,,,,,,,,,,,,,,,,,,,,,,,,,,,,,,,,,,,,,,,,,
20261003_大宮_9R,20261003,25,大宮,9,2302.5,1233.5,1039.6,3378.7,674.2,,,2319.7,1839.3,2100.3,2319.7,983.7,,,901.0,1209.5,1083.0,2018.5,208.9,,,927.9,2031.6,1289.8,2143.7,750.8,,,3614.5,2285.6,3017.9,3837.6,1786.4,,,346.1,521.5,94.7,351.2,681.6,,,,,,,,,,,,,,,,,2268.9,1459.3,1238.4,3077.7,801.1,,,2268.9,1328.4,721.2,1219.0,792.9,,,1057.3,1186.4,578.8,1644.7,290.5,,,480.4,295.4,271.0,611.9,99.0,,,4709.8,1636.0,2726.7,1585.9,1992.6,,,459.1,494.1,163.8,172.9,1164.2,,,,,,,,,,,,,,,,,2905.1,2058.6,2409.6,1967.4,1569.9,,,2775.4,1480.2,1029.3,1295.2,947.7,,,2031.6,1487.3,1930.7,1569.9,598.9,,,2337.2,895.8,1883.9,1523.7,1022.5,,,1289.8,792.9,1036.1,1155.5,548.2,,,893.2,708.0,320.7,749.0,683.1,,,,,,,,,,,,,,,,,611.9,971.4,590.9,1400.2,173.5,,,693.8,669.9,487.9,1432.4,222.8,,,1209.5,669.9,1142.8,1233.5,320.7,,,607.1,399.0,880.5,1263.6,164.9,,,2905.1,2173.7,1644.7,2204.6,824.5,,,50.4,44.1,51.2,47.3,136.9,,,,,,,,,,,,,,,,,851.6,1671.2,930.6,2285.6,621.6,,,277.5,247.6,147.9,481.9,73.4,,,1726.9,680.1,1142.8,1164.2,743.6,,,651.6,353.2,903.6,1432.4,161.5,,,3572.9,1279.2,1473.2,2372.8,1393.9,,,191.4,87.0,250.2,72.2,578.8,,,,,,,,,,,,,,,,,4505.0,2005.4,3700.5,4037.0,1930.7,,,5180.8,2100.3,3108.4,3077.7,3077.7,,,1400.2,895.8,1002.7,1439.1,658.5,,,4144.6,2960.4,1839.3,3700.5,1177.4,,,4639.5,2114.6,2072.3,3885.6,2173.7,,,1425.9,1861.3,686.2,568.2,1689.3,,,,,,,,,,,,,,,,,63.2,102.4,13.2,77.1,178.7,,,101.8,138.4,34.2,58.9,322.4,,,163.6,134.1,37.8,201.1,207.0,,,7.0,5.3,9.8,6.4,32.0,,,90.1,35.7,120.5,24.7,259.9,,,433.5,413.3,198.2,107.4,459.1,,,,,,,,,,,,,,,,,,,,,,,,,,,,,,,,,,,,,,,,,,,,,,,,,,,,,,,,,,,,,,,,,,,,,,,,,,,,,,,,,,,,,,,,,,,,,,,,,,,,,,,,,,,,,,,,,,,,,,,,,,,,,,,,
20261003_大宮_10R,20261003,25,大宮,10,584.8,110.6,188.2,838.1,213.8,,,1366.0,820.8,1013.9,3007.6,2468.3,,,70.2,249.9,89.7,432.7,262.7,,,267.8,804.2,277.0,671.4,776.3,,,2209.3,4260.7,1854.4,1680.3,4067.1,,,327.7,1934.6,533.3,813.4,2294.2,,,,,,,,,,,,,,,,,163.9,33.4,42.8,149.3,51.9,,,252.7,206.2,80.7,451.9,181.3,,,18.9,101.5,14.1,133.3,37.8,,,25.1,41.3,16.1,19.2,17.9,,,338.9,574.4,380.7,117.7,295.3,,,16.6,63.3,24.1,11.1,73.6,,,,,,,,,,,,,,,,,1542.7,1542.7,1205.0,2402.0,2982.5,,,1005.3,1058.8,474.6,1431.6,972.5,,,1516.5,1242.7,1234.1,3615.2,1626.8,,,714.3,401.6,751.9,341.5,822.7,,,3441.4,2631.6,4902.8,954.4,4772.0,,,1065.1,1381.8,2279.6,688.2,4709.2,,,,,,,,,,,,,,,,,50.2,203.5,47.5,328.3,213.9,,,38.0,308.5,32.5,369.3,137.3,,,694.9,813.4,571.7,2840.5,1619.4,,,85.1,58.1,327.4,168.5,407.6,,,1497.5,1672.4,3848.4,994.1,2485.4,,,424.0,271.1,1590.6,665.2,1988.3,,,,,,,,,,,,,,,,,176.6,470.9,224.3,300.5,504.0,,,65.3,104.4,66.1,46.3,61.2,,,268.6,125.0,332.3,130.1,357.1,,,145.1,85.8,265.5,156.5,450.7,,,104.4,66.8,134.3,188.2,178.9,,,469.6,160.7,534.9,501.9,374.3,,,,,,,,,,,,,,,,,2933.6,5040.9,3767.4,2033.5,5592.2,,,1542.7,2418.2,1556.1,696.3,1934.6,,,4530.4,3007.6,4970.9,1013.9,5867.3,,,3890.2,2796.1,5867.3,2156.0,5112.9,,,701.7,483.6,549.7,913.0,890.3,,,5965.1,2818.1,7304.2,4210.6,2130.3,,,,,,,,,,,,,,,,,383.1,1955.7,646.0,913.0,2556.4,,,110.5,300.0,126.6,81.4,305.3,,,2886.3,1097.8,2117.7,1443.1,4418.6,,,613.9,359.7,1641.7,820.8,2209.3,,,828.4,260.1,881.5,779.7,875.0,,,4113.8,1745.8,4418.6,3085.4,1771.8,,,,,,,,,,,,,,,,,,,,,,,,,,,,,,,,,,,,,,,,,,,,,,,,,,,,,,,,,,,,,,,,,,,,,,,,,,,,,,,,,,,,,,,,,,,,,,,,,,,,,,,,,,,,,,,,,,,,,,,,,,,,,,,,
20261003_大宮_11R,20261003,25,大宮,11,884.0,927.2,540.9,1046.4,327.8,,,465.7,214.8,187.0,775.6,83.0,,,774.1,360.4,441.0,1403.8,181.8,,,288.2,170.3,327.0,637.9,44.7,,,783.3,1439.3,1654.3,1035.5,423.2,,,51.5,27.0,31.7,14.2,86.7,,,,,,,,,,,,,,,,,2190.6,2087.4,1413.8,1627.3,876.2,,,2291.3,1654.3,1527.5,1689.4,1845.8,,,2023.8,1907.6,1983.5,1907.6,2572.2,,,1333.4,1413.8,1935.4,1040.9,1074.6,,,783.3,1116.8,977.2,792.6,933.7,,,746.6,1449.8,1682.2,1083.4,1389.1,,,,,,,,,,,,,,,,,341.9,136.1,136.2,522.5,71.7,,,741.0,662.2,470.7,794.2,543.9,,,70.9,169.2,50.0,324.9,52.0,,,177.7,366.7,120.8,602.2,136.8,,,1123.0,759.4,972.4,1017.0,714.5,,,37.9,191.8,48.2,64.3,274.5,,,,,,,,,,,,,,,,,1113.6,432.8,564.7,1880.6,368.8,,,1733.4,1286.1,1654.3,2373.2,1944.8,,,175.0,361.1,139.3,672.3,132.3,,,567.1,994.2,266.6,1614.1,462.5,,,3090.6,2749.6,1863.0,2416.3,2768.7,,,252.1,906.1,212.7,349.7,1607.6,,,,,,,,,,,,,,,,,507.2,302.2,415.7,797.4,113.2,,,866.7,938.1,1165.7,972.4,757.9,,,295.3,507.2,217.9,929.3,223.1,,,494.6,857.4,269.2,1249.8,402.3,,,1455.1,1027.5,1408.8,1907.6,1063.2,,,87.2,386.3,165.7,233.1,581.1,,,,,,,,,,,,,,,,,1211.8,1787.8,2318.0,1515.9,771.1,,,720.9,818.6,1024.9,515.1,629.8,,,1916.8,1107.5,1647.5,1854.4,1273.8,,,2658.0,2076.5,2252.5,2227.3,2788.1,,,1973.7,1132.6,2202.7,2730.8,1551.3,,,606.8,680.3,1152.3,2044.6,1110.5,,,,,,,,,,,,,,,,,25.9,8.9,11.4,6.2,39.7,,,151.7,333.9,375.4,230.0,340.7,,,22.2,136.1,34.5,41.1,179.1,,,56.9,272.8,65.6,88.3,424.1,,,35.0,165.8,64.9,89.7,264.9,,,222.1,302.5,418.8,676.9,378.2,,,,,,,,,,,,,,,,,,,,,,,,,,,,,,,,,,,,,,,,,,,,,,,,,,,,,,,,,,,,,,,,,,,,,,,,,,,,,,,,,,,,,,,,,,,,,,,,,,,,,,,,,,,,,,,,,,,,,,,,,,,,,,,,
20261003_大宮_12R,20261003,25,大宮,12,348.6,780.8,1436.0,1576.3,565.3,,,121.6,49.8,163.3,112.3,44.9,,,550.6,98.4,523.0,214.3,167.4,,,1898.6,663.2,1203.9,1698.7,855.8,,,1882.8,427.6,552.4,1729.1,756.4,,,374.0,116.6,199.0,282.3,402.5,,,,,,,,,,,,,,,,,536.2,1002.6,1673.6,1903.9,644.9,,,467.7,543.1,1107.5,1236.8,234.2,,,951.9,671.7,1523.1,692.3,381.8,,,2266.9,1959.0,2111.5,2959.9,700.9,,,2700.4,1987.7,1496.2,3167.3,1308.5,,,341.9,141.9,169.5,130.4,363.4,,,,,,,,,,,,,,,,,61.4,18.4,82.4,51.1,14.4,,,175.4,205.7,477.0,450.3,73.9,,,35.6,126.6,141.6,57.4,34.6,,,335.0,677.1,364.8,595.1,191.5,,,204.2,529.5,168.2,482.4,163.8,,,26.2,55.5,26.0,35.0,83.1,,,,,,,,,,,,,,,,,359.0,76.8,331.6,108.1,91.9,,,556.9,393.6,880.2,431.7,246.8,,,58.3,176.5,226.9,67.5,54.2,,,604.6,942.7,506.2,275.3,233.5,,,73.9,188.2,65.0,132.5,48.6,,,86.3,139.1,61.3,68.9,54.9,,,,,,,,,,,,,,,,,2395.1,1439.1,1439.1,2395.1,1038.0,,,2529.1,2491.9,2403.6,2529.1,872.3,,,1212.5,2131.5,1103.9,1851.9,558.3,,,1264.5,2172.5,954.6,481.7,390.4,,,2733.1,3258.7,2464.8,621.8,982.3,,,416.8,402.2,336.5,245.3,439.2,,,,,,,,,,,,,,,,,2519.7,909.8,870.1,2244.4,1293.5,,,2766.6,1920.1,1492.9,3423.3,1637.2,,,728.0,1506.2,436.7,1554.6,581.3,,,282.0,472.3,218.2,411.0,167.5,,,2627.2,3389.1,2098.5,1160.6,1318.7,,,961.4,1028.5,559.2,338.5,759.0,,,,,,,,,,,,,,,,,253.0,96.4,158.7,139.2,288.3,,,157.1,62.1,72.4,38.8,136.7,,,46.6,72.6,42.6,42.3,119.2,,,104.7,104.4,53.7,60.1,74.8,,,79.5,61.5,50.7,53.7,106.7,,,417.8,279.0,232.6,146.0,224.8,,,,,,,,,,,,,,,,,,,,,,,,,,,,,,,,,,,,,,,,,,,,,,,,,,,,,,,,,,,,,,,,,,,,,,,,,,,,,,,,,,,,,,,,,,,,,,,,,,,,,,,,,,,,,,,,,,,,,,,,,,,,,,,,
20261003_松戸_1R,20261003,31,松戸,1,127.8,258.3,203.7,1135.5,264.2,,,101.1,275.4,24.0,87.6,108.8,,,566.1,636.4,718.7,1876.8,851.6,,,103.6,21.6,229.6,242.0,86.8,,,2739.1,919.2,2667.0,1262.9,1859.6,,,100.5,62.0,259.8,80.1,312.8,,,,,,,,,,,,,,,,,307.1,373.2,372.6,1885.5,430.3,,,349.4,143.9,80.6,221.0,653.8,,,252.8,76.7,165.6,277.1,365.2,,,385.3,97.7,377.1,1113.7,996.0,,,3974.4,2442.1,2122.5,2815.2,5264.9,,,879.3,1151.6,1083.9,1647.9,3295.9,,,,,,,,,,,,,,,,,186.6,335.5,28.3,205.1,169.4,,,288.3,325.6,68.7,283.6,651.7,,,857.0,611.4,250.3,1069.6,1210.1,,,10.9,17.8,48.0,8.6,42.5,,,328.2,382.0,683.6,82.7,537.6,,,356.5,805.9,983.9,215.1,834.1,,,,,,,,,,,,,,,,,1337.9,1826.1,1565.2,2980.8,2179.5,,,742.4,435.4,641.4,1210.1,913.0,,,1842.7,917.1,663.4,1949.0,2549.6,,,1442.6,1058.4,623.6,4179.3,2684.7,,,4606.7,2854.9,4769.3,6236.8,8107.9,,,2517.9,3025.3,3269.3,4769.3,7507.3,,,,,,,,,,,,,,,,,79.2,17.3,164.8,145.1,54.0,,,179.4,76.7,196.8,638.4,494.3,,,7.1,16.6,48.2,10.4,34.9,,,527.8,429.4,248.1,1474.1,1206.5,,,733.0,1286.9,188.4,1868.1,1210.1,,,198.4,566.9,195.1,934.0,949.4,,,,,,,,,,,,,,,,,6050.7,2442.1,4359.1,2632.4,4013.8,,,5334.1,3048.1,2815.2,4555.0,8273.4,,,1675.1,2264.7,2343.3,389.4,2815.2,,,4943.8,3652.2,4943.8,6756.6,9999.9,,,1977.5,3378.3,407.4,4312.7,4013.8,,,5004.9,6334.3,5264.9,7239.2,6434.8,,,,,,,,,,,,,,,,,232.9,169.9,324.8,250.0,965.2,,,400.5,532.0,557.6,1468.8,4094.9,,,309.9,519.7,620.8,446.9,1668.3,,,1369.5,1885.5,1967.9,3378.3,5875.3,,,434.0,1221.0,405.3,1668.3,2442.1,,,3619.6,7239.2,4713.9,7239.2,5264.9,,,,,,,,,,,,,,,,,,,,,,,,,,,,,,,,,,,,,,,,,,,,,,,,,,,,,,,,,,,,,,,,,,,,,,,,,,,,,,,,,,,,,,,,,,,,,,,,,,,,,,,,,,,,,,,,,,,,,,,,,,,,,,,,
20261003_松戸_2R,20261003,31,松戸,2,1012.9,3059.7,995.9,1476.6,2046.8,,,770.9,1809.7,452.4,2075.5,515.2,,,5396.3,4429.8,3491.7,5030.4,4301.4,,,578.5,418.0,1071.4,942.2,559.9,,,2748.1,4496.9,7810.4,2698.1,6745.3,,,1433.8,741.9,2265.6,872.9,2473.3,,,,,,,,,,,,,,,,,481.0,833.7,286.7,353.7,471.8,,,143.5,156.8,87.5,66.2,34.7,,,1221.3,622.2,1522.0,872.9,682.2,,,134.0,141.1,620.9,171.4,239.1,,,186.7,93.4,350.8,233.5,108.7,,,404.3,81.5,210.9,332.7,175.2,,,,,,,,,,,,,,,,,108.2,247.5,85.2,266.6,93.5,,,53.1,64.0,37.3,38.6,17.1,,,377.1,211.2,286.7,574.0,58.3,,,36.7,51.4,135.7,213.3,34.8,,,655.1,203.4,703.3,538.6,311.4,,,22.1,6.9,4.4,14.7,59.0,,,,,,,,,,,,,,,,,5707.6,3261.5,5299.9,6452.1,4946.6,,,5030.4,1284.8,3854.5,3533.3,2393.5,,,2283.0,1301.7,1413.3,3805.0,302.5,,,3805.0,4496.9,1562.0,9574.1,4496.9,,,9893.2,4496.9,5935.9,9999.9,9999.9,,,2967.9,1854.9,281.3,2967.9,4429.8,,,,,,,,,,,,,,,,,127.7,98.1,314.4,258.9,108.4,,,143.8,121.9,723.8,204.8,213.6,,,68.8,87.7,217.5,393.6,46.8,,,1141.5,2214.9,896.6,3372.6,1216.3,,,1301.7,1124.2,1658.0,4496.9,2283.0,,,319.1,466.6,155.3,435.8,1406.6,,,,,,,,,,,,,,,,,3905.2,5299.9,9574.1,4496.9,8021.5,,,1386.9,592.4,1420.0,1163.9,1196.7,,,3157.4,930.3,3334.8,2515.2,1787.9,,,9274.9,2997.9,4711.0,9999.9,7066.6,,,3709.9,2515.2,3028.5,9999.9,5299.9,,,7066.6,2166.4,1965.5,4364.6,5117.1,,,,,,,,,,,,,,,,,1177.7,443.6,1145.9,927.4,3226.0,,,723.8,138.1,411.6,518.8,703.3,,,90.9,37.4,18.3,62.1,198.9,,,865.2,566.4,113.8,845.5,1380.4,,,787.2,578.5,195.5,641.0,1695.9,,,4946.6,1902.5,1137.1,2336.9,3372.6,,,,,,,,,,,,,,,,,,,,,,,,,,,,,,,,,,,,,,,,,,,,,,,,,,,,,,,,,,,,,,,,,,,,,,,,,,,,,,,,,,,,,,,,,,,,,,,,,,,,,,,,,,,,,,,,,,,,,,,,,,,,,,,,
20261003_松戸_3R,20261003,31,松戸,3,196.9,19.2,140.3,103.7,21.0,,,1037.0,985.3,2014.6,1807.4,1007.3,,,6.9,164.3,27.7,4.5,7.9,,,552.9,1916.9,246.9,467.2,850.2,,,292.8,1175.8,69.9,293.9,432.1,,,45.0,203.5,69.4,369.0,328.4,,,,,,,,,,,,,,,,,325.0,35.2,251.0,191.2,48.0,,,1471.1,1964.5,2956.0,2635.8,878.6,,,70.5,813.1,512.6,231.3,143.2,,,1150.1,5271.6,1976.8,2592.6,1916.9,,,675.8,3294.7,616.5,2275.5,1369.2,,,59.4,152.8,91.3,590.1,481.4,,,,,,,,,,,,,,,,,2983.9,3070.8,4003.8,3904.9,4217.3,,,3953.7,7714.6,8786.1,6876.0,1767.0,,,3635.6,8110.2,9884.3,7355.8,6729.7,,,6455.1,9999.9,9999.9,9584.8,9037.1,,,5549.1,9584.8,8323.6,9999.9,9999.9,,,4454.9,1656.0,3635.6,7907.5,9584.8,,,,,,,,,,,,,,,,,17.4,285.4,36.1,6.5,24.0,,,82.1,1405.7,498.8,258.4,213.4,,,1450.9,5857.4,4651.4,2151.7,3294.7,,,266.9,1133.6,3364.8,422.8,1075.8,,,43.6,253.8,1004.1,200.5,305.0,,,189.7,369.0,1054.3,888.4,552.0,,,,,,,,,,,,,,,,,2308.7,5271.6,859.5,2053.8,3012.3,,,2550.8,8786.1,3721.1,7188.6,4454.9,,,7028.9,9999.9,8548.6,9884.3,8786.1,,,997.7,4651.4,8323.6,1550.4,4792.4,,,2243.2,7188.6,7028.9,1682.4,5750.9,,,4055.1,4584.0,6201.9,5453.4,7530.9,,,,,,,,,,,,,,,,,878.6,2824.1,165.4,861.8,1260.1,,,1351.7,4651.4,911.5,5101.6,3131.6,,,4942.1,6326.0,4866.1,6201.9,6876.0,,,137.8,602.4,1916.9,542.5,821.5,,,1528.0,4518.5,4274.3,1146.0,3677.9,,,2211.8,2774.5,4217.3,2108.6,3857.3,,,,,,,,,,,,,,,,,229.8,847.9,298.6,1656.0,1068.5,,,127.6,240.1,183.7,1125.6,581.4,,,1787.0,845.7,1638.8,3857.3,3227.5,,,308.5,402.4,1260.1,2275.5,722.1,,,3194.9,3514.4,4720.9,3810.8,5750.9,,,2259.2,2726.7,3260.8,2292.0,4332.8,,,,,,,,,,,,,,,,,,,,,,,,,,,,,,,,,,,,,,,,,,,,,,,,,,,,,,,,,,,,,,,,,,,,,,,,,,,,,,,,,,,,,,,,,,,,,,,,,,,,,,,,,,,,,,,,,,,,,,,,,,,,,,,,
20261003_松戸_4R,20261003,31,松戸,4,2087.1,745.4,710.9,2117.3,1217.4,,,3652.4,3652.4,2434.9,3358.5,3141.9,,,220.6,791.8,56.8,380.9,155.8,,,187.4,455.1,31.3,154.1,49.9,,,1446.5,1760.2,509.0,372.2,433.5,,,382.9,807.1,150.3,104.9,203.7,,,,,,,,,,,,,,,,,4361.1,1292.9,1322.1,4712.8,2356.4,,,4712.8,2608.9,2951.4,3437.6,6087.4,,,867.0,1243.3,214.0,1032.4,1378.2,,,842.0,1605.4,259.7,1739.2,1490.8,,,4361.1,4115.4,1792.6,2809.5,4002.6,,,2375.5,4638.0,2864.6,3108.4,5513.1,,,,,,,,,,,,,,,,,5963.2,5411.0,2864.6,4495.3,5619.1,,,4952.4,3246.6,3210.9,4790.1,6795.2,,,5217.8,2921.9,1935.0,4495.3,6640.8,,,2836.8,3108.4,1837.7,4115.4,4427.2,,,4058.2,5126.2,4427.2,3698.6,7492.2,,,6640.8,7304.9,6216.9,5963.2,8594.0,,,,,,,,,,,,,,,,,285.3,901.8,95.4,496.0,326.1,,,292.7,355.9,60.5,418.6,435.4,,,2282.7,1090.2,719.6,2015.1,3141.9,,,24.3,8.7,99.8,60.8,41.7,,,709.2,585.5,1136.9,254.9,930.5,,,558.6,674.8,2029.1,353.3,1254.0,,,,,,,,,,,,,,,,,108.1,249.7,22.5,76.5,24.8,,,232.8,348.6,64.1,440.0,399.7,,,1106.8,880.1,582.0,1197.5,1521.8,,,5.9,3.3,66.1,27.7,12.4,,,116.6,314.5,511.7,93.6,200.6,,,87.4,328.6,695.7,125.4,234.1,,,,,,,,,,,,,,,,,1365.4,1679.2,373.1,283.6,321.4,,,2001.3,1439.3,756.9,1164.1,2001.3,,,2782.8,2043.3,1749.6,2102.1,2730.8,,,507.2,283.6,466.7,123.2,599.9,,,217.4,340.1,489.4,77.5,424.7,,,526.4,1468.3,2029.1,787.5,783.3,,,,,,,,,,,,,,,,,1025.2,1739.2,399.1,329.0,438.7,,,2247.6,5729.3,2730.8,3075.7,5126.2,,,4712.8,7689.3,7126.7,6640.8,7304.9,,,798.3,1154.9,3397.6,695.7,1689.0,,,521.7,1873.0,3176.0,578.6,1197.5,,,798.3,2893.0,3698.6,1605.4,1398.0,,,,,,,,,,,,,,,,,,,,,,,,,,,,,,,,,,,,,,,,,,,,,,,,,,,,,,,,,,,,,,,,,,,,,,,,,,,,,,,,,,,,,,,,,,,,,,,,,,,,,,,,,,,,,,,,,,,,,,,,,,,,,,,,
20261003_松戸_5R,20261003,31,松戸,5,7545.4,1616.8,3601.2,3301.1,2597.6,,,5371.3,2263.6,2708.6,7922.7,2804.5,,,707.3,885.2,412.6,1608.6,102.4,,,2829.5,1864.1,728.5,4729.9,1123.7,,,5463.9,9999.9,6742.7,9999.9,9903.3,,,1067.0,1800.6,161.6,668.5,1760.6,,,,,,,,,,,,,,,,,6602.2,1494.8,4282.5,4401.5,2576.4,,,7042.4,4660.4,4282.5,4401.5,6742.7,,,875.4,2313.2,1252.6,1032.2,499.8,,,4875.5,3267.1,2216.1,2855.0,3482.5,,,2400.8,3201.0,1408.4,2640.9,2597.6,,,2170.6,4660.4,829.6,2663.0,4225.4,,,,,,,,,,,,,,,,,7545.4,3233.7,2200.7,9999.9,4592.8,,,8803.0,5559.8,5979.4,6602.2,7922.7,,,1886.3,3335.8,752.7,5195.2,1115.8,,,1694.6,2535.2,638.9,2880.9,1314.9,,,9999.9,7729.4,8803.0,8803.0,9999.9,,,2495.3,6742.7,1293.5,2347.4,9999.9,,,,,,,,,,,,,,,,,89.4,100.6,47.2,296.7,7.8,,,108.6,145.7,98.2,113.1,41.8,,,208.3,275.0,80.6,625.0,114.1,,,48.3,79.2,28.7,261.6,23.5,,,972.1,412.6,929.3,851.9,580.4,,,1.7,15.8,31.1,10.7,135.8,,,,,,,,,,,,,,,,,2098.7,1354.3,592.3,3912.4,812.5,,,2475.8,2098.7,1377.8,2640.9,2057.8,,,561.8,873.0,201.9,1633.5,410.5,,,217.0,398.1,153.4,1342.8,88.8,,,7369.9,5659.0,7729.4,5463.9,8125.8,,,623.8,1600.5,802.3,358.9,4401.5,,,,,,,,,,,,,,,,,6338.1,9999.9,8339.7,9999.9,9999.9,,,4225.4,4660.4,1968.3,5979.4,5195.2,,,9999.9,8803.0,9999.9,9999.9,9999.9,,,7202.4,2880.9,7729.4,9054.5,5281.8,,,9999.9,9999.9,9320.8,9999.9,9999.9,,,7545.4,7202.4,9999.9,5979.4,9903.3,,,,,,,,,,,,,,,,,1148.2,1169.4,116.8,604.7,2216.1,,,2126.9,5030.2,972.1,2495.3,4729.9,,,2126.9,4527.2,1049.3,1770.4,9999.9,,,35.8,189.8,224.7,113.9,597.9,,,885.2,2231.7,1178.0,414.8,4729.9,,,6742.7,8125.8,8803.0,3601.2,8565.1,,,,,,,,,,,,,,,,,,,,,,,,,,,,,,,,,,,,,,,,,,,,,,,,,,,,,,,,,,,,,,,,,,,,,,,,,,,,,,,,,,,,,,,,,,,,,,,,,,,,,,,,,,,,,,,,,,,,,,,,,,,,,,,,
20261003_松戸_6R,20261003,31,松戸,6,60.3,190.4,12.1,46.9,120.7,,,193.3,947.0,139.3,385.2,839.5,,,657.1,1684.2,541.9,1345.7,1326.7,,,7.3,36.5,110.6,22.7,72.5,,,109.8,324.4,664.9,75.1,461.0,,,311.8,1352.2,1571.3,304.7,776.9,,,,,,,,,,,,,,,,,89.7,205.4,26.4,71.3,96.9,,,243.9,1562.5,302.7,723.0,1314.3,,,582.3,2556.9,827.2,1939.7,2580.4,,,23.6,99.7,218.0,81.5,126.4,,,176.2,679.3,1488.1,205.9,1022.7,,,366.2,1201.9,1994.7,457.3,1085.9,,,,,,,,,,,,,,,,,1011.7,4849.4,567.0,1768.9,3700.8,,,1111.7,5208.6,1111.7,2730.7,4767.2,,,9375.5,9999.9,4849.4,9073.0,9999.9,,,541.9,925.2,3388.7,1480.3,3961.4,,,2784.8,2960.6,7812.9,2784.8,9999.9,,,8272.5,9999.9,9375.5,7601.7,9999.9,,,,,,,,,,,,,,,,,2383.6,7031.6,1926.4,3800.8,5984.3,,,2489.0,5306.9,2730.7,6114.4,9999.9,,,9698.8,8789.5,5984.3,8036.1,9999.9,,,1746.9,2383.6,4197.9,4610.9,7601.7,,,6250.3,7812.9,8272.5,6696.8,9999.9,,,9073.0,9999.9,9999.9,9999.9,9999.9,,,,,,,,,,,,,,,,,5.9,30.4,60.0,18.6,34.2,,,6.8,41.4,59.1,38.3,38.9,,,79.2,97.0,582.3,307.7,421.0,,,191.2,222.8,748.0,611.4,854.9,,,40.0,67.9,220.9,407.0,259.2,,,170.8,187.8,868.1,820.0,587.1,,,,,,,,,,,,,,,,,188.5,794.5,1580.1,134.1,1191.8,,,231.3,1019.0,1850.4,224.6,1862.6,,,2023.4,2286.7,5408.9,2114.7,9999.9,,,4849.4,5408.9,6250.3,4327.1,6541.0,,,125.9,195.7,796.7,1358.7,1004.5,,,2899.6,3652.8,9375.5,9375.5,2604.3,,,,,,,,,,,,,,,,,3652.8,9999.9,9073.0,2214.6,3605.9,,,3906.4,7401.7,9999.9,3309.0,5625.3,,,7401.7,9999.9,9999.9,9999.9,9999.9,,,9999.9,9999.9,9999.9,9999.9,9999.9,,,1802.9,3090.8,6392.4,7401.7,2812.6,,,4261.6,5859.7,9999.9,9999.9,3196.2,,,,,,,,,,,,,,,,,,,,,,,,,,,,,,,,,,,,,,,,,,,,,,,,,,,,,,,,,,,,,,,,,,,,,,,,,,,,,,,,,,,,,,,,,,,,,,,,,,,,,,,,,,,,,,,,,,,,,,,,,,,,,,,,
20261003_松戸_7R,20261003,31,松戸,7,5352.1,1498.6,3842.5,1101.9,2676.0,,,6377.0,9999.9,6970.2,5080.0,8815.3,,,1362.3,7887.3,3058.3,534.2,1637.8,,,7310.2,9366.2,3655.1,3611.0,6515.6,,,581.9,2253.5,327.5,1356.2,695.4,,,2341.5,9999.9,2700.1,2938.4,1270.0,,,,,,,,,,,,,,,,,8325.5,2360.0,4913.4,1356.2,4407.6,,,9999.9,9999.9,9366.2,7493.0,9999.9,,,1805.5,7493.0,3842.5,349.3,1434.0,,,8563.4,9999.9,6116.7,3892.4,9082.4,,,629.6,2270.6,233.9,1469.2,576.3,,,7136.2,8563.4,2025.1,9082.4,1498.6,,,,,,,,,,,,,,,,,9999.9,9999.9,6515.6,9366.2,9999.9,,,9999.9,9999.9,9999.9,9082.4,9999.9,,,9999.9,9999.9,9999.9,7310.2,9999.9,,,9999.9,9999.9,9999.9,9999.9,9999.9,,,6244.1,6244.1,4611.0,9999.9,9366.2,,,9999.9,9999.9,9999.9,9999.9,9999.9,,,,,,,,,,,,,,,,,643.1,5080.0,1569.2,200.4,1189.3,,,607.9,3058.3,871.2,131.7,593.5,,,9668.4,9366.2,9668.4,3222.8,9999.9,,,2220.1,1521.4,6970.2,362.8,1702.9,,,49.0,20.8,592.3,55.8,51.0,,,753.0,591.1,3892.4,797.1,238.2,,,,,,,,,,,,,,,,,6116.7,4995.3,3526.1,3700.2,4995.3,,,6660.4,9999.9,5080.0,4473.4,7887.3,,,8815.3,9668.4,9999.9,9082.4,9999.9,,,4343.7,3445.0,9999.9,1029.9,3746.5,,,3222.8,2724.7,6116.7,810.0,1683.8,,,9668.4,8325.5,9999.9,4343.7,3058.3,,,,,,,,,,,,,,,,,50.3,391.7,30.2,126.7,72.7,,,30.0,259.7,7.3,55.9,25.5,,,1040.6,846.6,466.1,1303.1,1070.4,,,11.5,3.6,144.7,15.7,5.7,,,179.7,127.9,722.2,52.4,144.0,,,41.3,24.6,339.0,11.2,57.3,,,,,,,,,,,,,,,,,5655.1,9999.9,4105.7,7310.2,1921.2,,,5655.1,9999.9,2095.9,8815.3,1308.8,,,9999.9,9999.9,9999.9,9999.9,9999.9,,,1861.6,1166.2,9999.9,1885.0,521.2,,,9999.9,9999.9,9999.9,4834.2,3058.3,,,762.6,516.7,3293.6,285.1,807.8,,,,,,,,,,,,,,,,,,,,,,,,,,,,,,,,,,,,,,,,,,,,,,,,,,,,,,,,,,,,,,,,,,,,,,,,,,,,,,,,,,,,,,,,,,,,,,,,,,,,,,,,,,,,,,,,,,,,,,,,,,,,,,,,
20261003_川崎_1R,20261003,34,川崎,1,682.7,247.3,470.1,1604.4,377.5,,,817.5,393.7,361.5,2213.0,377.5,,,250.2,321.6,397.3,486.1,167.3,,,575.5,352.6,501.3,2104.2,403.6,,,3056.1,3377.8,2674.0,4011.1,2292.0,,,167.5,107.8,75.4,184.9,425.0,,,,,,,,,,,,,,,,,393.7,218.2,316.9,1018.7,247.7,,,366.7,78.4,73.7,623.0,279.0,,,78.9,30.7,23.2,47.3,41.3,,,170.0,60.0,51.4,334.2,118.6,,,1584.6,1323.2,349.7,923.4,1528.0,,,308.5,323.3,142.4,279.0,1116.1,,,,,,,,,,,,,,,,,668.5,267.9,199.6,1688.9,307.8,,,509.3,88.8,88.3,979.8,321.6,,,184.1,94.6,33.1,484.3,108.5,,,76.4,43.8,19.7,280.2,43.5,,,2376.9,1860.2,1492.5,1258.3,2567.1,,,240.8,317.7,142.7,116.1,1426.1,,,,,,,,,,,,,,,,,222.0,362.5,348.7,693.8,240.3,,,71.9,26.8,17.4,36.8,45.3,,,289.0,73.9,63.9,351.6,136.6,,,218.2,40.5,57.8,210.7,143.5,,,807.2,143.8,480.7,439.5,537.0,,,151.9,128.8,165.6,183.3,442.6,,,,,,,,,,,,,,,,,351.6,198.0,257.2,1087.7,209.7,,,142.6,57.9,42.6,414.0,160.4,,,66.4,31.3,20.6,242.6,44.5,,,133.5,43.2,45.0,220.9,97.3,,,3056.1,1166.8,1125.9,897.5,2070.2,,,225.9,307.0,189.3,179.5,936.9,,,,,,,,,,,,,,,,,2917.1,3775.1,4584.1,3565.4,4278.5,,,4278.5,2251.8,532.5,2251.8,3469.0,,,5580.7,2674.0,1944.7,2333.7,4936.7,,,2852.3,410.0,1734.5,1458.5,2070.2,,,5348.1,2516.7,2985.0,1807.8,4753.9,,,4011.1,4753.9,4936.7,3208.9,5580.7,,,,,,,,,,,,,,,,,157.1,110.1,55.9,147.1,686.3,,,307.0,433.6,142.6,493.6,2037.4,,,238.1,377.5,155.3,172.9,1380.1,,,86.2,129.9,123.6,135.3,583.4,,,250.6,532.5,247.7,199.6,1604.4,,,2139.2,3130.6,2619.5,1510.0,2917.1,,,,,,,,,,,,,,,,,,,,,,,,,,,,,,,,,,,,,,,,,,,,,,,,,,,,,,,,,,,,,,,,,,,,,,,,,,,,,,,,,,,,,,,,,,,,,,,,,,,,,,,,,,,,,,,,,,,,,,,,,,,,,,,,
20261003_川崎_2R,20261003,34,川崎,2,332.3,79.3,129.0,727.1,227.4,,,650.7,299.5,605.0,992.8,488.6,,,35.8,67.6,41.0,203.0,16.9,,,189.1,571.5,187.2,1312.6,409.7,,,1259.2,1083.1,895.3,2311.7,1301.5,,,321.3,371.4,65.9,315.4,905.7,,,,,,,,,,,,,,,,,156.1,31.3,38.7,318.7,122.8,,,209.5,150.0,90.2,234.6,523.2,,,21.8,70.8,20.3,177.0,129.9,,,10.3,18.1,8.8,59.2,89.6,,,532.2,245.8,418.6,241.2,1323.8,,,482.5,950.2,433.8,452.8,1408.0,,,,,,,,,,,,,,,,,921.9,591.1,755.5,1290.7,1182.3,,,707.2,488.6,339.6,571.5,1613.4,,,469.3,549.2,600.3,851.0,1210.0,,,870.1,409.7,642.6,1106.3,1290.7,,,723.7,619.5,741.0,828.2,1200.6,,,2539.1,3367.1,2498.2,2625.2,3777.7,,,,,,,,,,,,,,,,,20.6,59.0,28.3,167.6,16.0,,,26.8,88.2,23.8,239.0,141.5,,,171.5,213.9,212.4,512.8,420.8,,,57.3,39.4,127.4,375.0,224.8,,,534.1,798.3,569.4,1335.2,1843.9,,,173.0,413.0,727.1,569.4,1702.0,,,,,,,,,,,,,,,,,146.3,523.2,245.0,1083.1,691.4,,,45.0,52.0,38.1,128.6,216.6,,,629.6,186.3,504.5,950.2,1173.4,,,172.6,86.7,354.4,841.7,704.0,,,1822.2,465.1,1032.5,2093.0,3520.2,,,1249.1,770.5,2181.5,1421.0,3037.0,,,,,,,,,,,,,,,,,1647.7,1596.7,1239.1,2038.0,1985.7,,,1323.8,694.5,1114.3,622.0,2922.4,,,659.1,573.6,607.4,744.6,1382.9,,,927.4,1395.3,851.0,2121.7,2868.3,,,2121.7,748.2,1191.4,2181.5,3037.0,,,3441.9,4425.4,4076.0,4186.1,4555.5,,,,,,,,,,,,,,,,,1370.7,2121.7,494.8,1249.1,3161.0,,,1613.4,3872.2,1665.4,1346.8,5957.2,,,3161.0,4076.0,2765.8,3037.0,7744.4,,,694.5,1665.4,2717.3,2121.7,4996.4,,,2121.7,2011.5,2181.5,3097.7,4996.4,,,4996.4,5341.0,7040.4,7040.4,7744.4,,,,,,,,,,,,,,,,,,,,,,,,,,,,,,,,,,,,,,,,,,,,,,,,,,,,,,,,,,,,,,,,,,,,,,,,,,,,,,,,,,,,,,,,,,,,,,,,,,,,,,,,,,,,,,,,,,,,,,,,,,,,,,,,
20261003_川崎_3R,20261003,34,川崎,3,984.1,1177.5,527.8,2551.4,341.0,,,361.1,149.3,56.3,574.0,58.2,,,909.4,286.7,316.0,980.6,277.2,,,179.6,42.2,121.7,460.7,19.5,,,3936.5,1711.5,3131.3,1574.6,1264.0,,,54.8,54.0,115.7,19.7,326.1,,,,,,,,,,,,,,,,,2204.4,2900.6,1235.6,4592.6,805.7,,,2900.6,2417.1,2186.9,1982.4,1565.6,,,3167.3,2528.0,2728.2,3723.7,3444.4,,,1574.6,2169.7,3444.4,8350.2,1700.9,,,6408.3,6262.6,5990.3,6888.9,6262.6,,,730.9,1213.9,2152.7,1208.5,3280.4,,,,,,,,,,,,,,,,,161.5,41.8,13.9,195.0,21.2,,,484.2,683.7,613.7,872.0,417.5,,,17.5,163.2,27.6,32.0,32.9,,,10.3,205.6,48.9,155.1,30.6,,,432.5,1133.9,198.2,449.5,398.7,,,32.1,110.3,78.2,49.7,211.9,,,,,,,,,,,,,,,,,1299.8,273.6,429.2,723.2,425.9,,,2186.9,1659.9,2728.2,2649.5,2296.3,,,80.3,444.4,116.2,83.7,124.8,,,446.6,1824.8,294.0,927.8,721.3,,,825.0,1940.5,295.9,934.0,842.6,,,466.2,1187.7,345.7,682.0,850.4,,,,,,,,,,,,,,,,,265.2,27.8,113.3,485.1,26.8,,,866.5,1020.5,2335.2,4517.3,1039.8,,,20.8,297.9,107.0,362.5,58.9,,,306.5,1514.0,242.7,840.1,515.0,,,1680.2,3625.7,1208.5,1592.8,2026.1,,,60.1,341.4,128.8,399.3,825.0,,,,,,,,,,,,,,,,,4920.6,3241.8,3674.1,3096.1,2296.3,,,7654.3,6123.5,5511.1,9185.2,7065.5,,,2460.3,3936.5,727.0,2783.4,2136.1,,,2675.3,3625.7,670.4,3131.3,2396.1,,,3625.7,8350.2,3360.4,4175.1,4592.6,,,2624.3,4444.4,2728.2,2995.1,3674.1,,,,,,,,,,,,,,,,,50.9,66.0,127.3,25.9,267.5,,,168.5,421.3,677.0,314.2,863.8,,,80.7,198.2,187.1,112.5,424.5,,,371.3,765.4,404.6,630.5,943.6,,,56.0,200.6,157.7,404.0,771.8,,,1047.7,1824.8,1377.7,1913.5,1766.3,,,,,,,,,,,,,,,,,,,,,,,,,,,,,,,,,,,,,,,,,,,,,,,,,,,,,,,,,,,,,,,,,,,,,,,,,,,,,,,,,,,,,,,,,,,,,,,,,,,,,,,,,,,,,,,,,,,,,,,,,,,,,,,,
20261003_川崎_4R,20261003,34,川崎,4,3013.5,1757.9,2376.8,2518.7,2149.7,,,2360.2,1132.6,635.6,914.6,1148.0,,,1085.2,945.4,790.4,799.8,451.2,,,1227.3,353.7,472.0,259.4,582.9,,,1218.4,482.1,435.5,191.0,338.8,,,1394.6,848.0,364.0,534.0,462.3,,,,,,,,,,,,,,,,,4441.0,2149.7,2909.6,5037.5,3308.9,,,3154.3,807.4,2463.6,1548.2,1236.3,,,733.7,385.7,839.5,843.7,119.0,,,3590.6,3375.1,2149.7,4821.6,2909.6,,,5720.6,4821.6,2149.7,5625.2,3970.7,,,1473.8,852.3,162.8,1704.6,2058.0,,,,,,,,,,,,,,,,,1527.2,811.3,497.8,964.3,869.8,,,2109.4,599.4,1795.3,1527.2,953.4,,,608.1,317.8,546.1,942.7,187.0,,,602.7,1400.4,777.6,1339.3,895.2,,,1442.3,2463.6,945.4,1757.9,827.2,,,652.8,578.9,177.0,675.0,779.4,,,,,,,,,,,,,,,,,590.0,743.4,586.9,741.7,277.5,,,260.6,136.9,350.4,370.4,42.2,,,561.5,248.9,456.7,661.7,142.5,,,770.5,758.4,645.3,1085.2,316.3,,,995.6,716.5,1061.3,1555.3,377.1,,,36.8,10.6,30.2,43.4,91.5,,,,,,,,,,,,,,,,,1662.6,518.4,707.5,544.3,1013.5,,,2744.0,3125.1,1906.8,4963.4,2909.6,,,718.1,2021.0,978.3,1534.1,1196.8,,,1144.1,1687.5,1078.3,2428.1,770.5,,,784.9,4066.4,1814.6,2481.7,2122.7,,,1136.4,2376.8,1334.0,721.1,2250.1,,,,,,,,,,,,,,,,,1372.0,722.7,524.0,228.2,380.5,,,4066.4,3068.3,1939.7,5113.8,3184.1,,,1739.7,2500.1,1308.2,2136.1,1308.2,,,1102.9,1078.3,1383.2,1834.3,627.3,,,582.9,3629.2,1687.5,1461.1,1493.4,,,319.3,1372.0,895.2,306.2,718.1,,,,,,,,,,,,,,,,,238.0,90.9,70.3,46.1,78.8,,,329.9,259.0,50.4,372.9,496.3,,,115.1,218.0,57.7,107.9,224.8,,,10.0,2.8,12.2,11.0,32.6,,,66.8,357.9,122.3,79.8,173.4,,,63.2,424.5,238.3,90.2,125.3,,,,,,,,,,,,,,,,,,,,,,,,,,,,,,,,,,,,,,,,,,,,,,,,,,,,,,,,,,,,,,,,,,,,,,,,,,,,,,,,,,,,,,,,,,,,,,,,,,,,,,,,,,,,,,,,,,,,,,,,,,,,,,,,
20261003_川崎_5R,20261003,34,川崎,5,759.4,442.2,597.4,171.4,,,,1132.5,878.4,839.8,824.9,,,,539.0,655.3,435.6,350.2,,,,979.0,1058.7,681.4,719.0,,,,118.2,473.1,200.5,360.7,,,,,,,,,,,,,,,,,,,,,,,,,448.9,231.3,376.6,83.4,,,,246.9,47.0,184.1,84.0,,,,100.0,35.2,34.2,33.2,,,,409.3,326.3,154.6,222.1,,,,13.1,54.5,18.6,68.9,,,,,,,,,,,,,,,,,,,,,,,,,822.8,552.7,634.8,633.5,,,,383.2,69.4,246.6,128.3,,,,94.2,39.8,12.1,39.5,,,,527.6,358.7,90.1,369.7,,,,345.7,264.0,165.4,470.3,,,,,,,,,,,,,,,,,,,,,,,,,368.5,348.3,253.1,243.6,,,,168.3,46.9,53.8,75.8,,,,64.0,21.0,5.7,27.8,,,,105.5,57.8,16.2,59.7,,,,154.7,97.2,150.8,133.2,,,,,,,,,,,,,,,,,,,,,,,,,880.8,915.5,601.9,831.2,,,,700.5,558.4,296.5,747.2,,,,619.1,562.3,130.3,773.8,,,,247.1,193.8,67.6,214.4,,,,745.4,880.8,1181.9,512.6,,,,,,,,,,,,,,,,,,,,,,,,,34.4,249.8,54.6,209.2,,,,26.1,128.1,36.5,190.5,,,,381.9,240.7,198.5,601.9,,,,80.2,59.3,188.7,200.6,,,,539.9,678.5,1116.9,534.5,,,,,,,,,,,,,,,,,,,,,,,,,,,,,,,,,,,,,,,,,,,,,,,,,,,,,,,,,,,,,,,,,,,,,,,,,,,,,,,,,,,,,,,,,,,,,,,,,,,,,,,,,,,,,,,,,,,,,,,,,,,,,,,,,,,,,,,,,,,,,,,,,,,,,,,,,,,,,,,,,,,,,,,,,,,,,,,,,,,,,,,,,,,,,,,,
20261003_川崎_6R,20261003,34,川崎,6,408.9,233.0,220.2,503.9,94.0,,,535.4,255.7,490.8,463.7,155.4,,,186.1,167.3,302.4,348.8,55.1,,,312.4,716.2,551.0,756.4,169.2,,,962.9,850.1,835.1,796.3,222.6,,,25.5,32.1,18.2,37.8,37.4,,,,,,,,,,,,,,,,,296.7,214.2,167.0,460.3,105.1,,,372.9,243.0,232.5,512.1,452.6,,,303.1,247.6,160.8,418.0,197.3,,,108.3,101.3,103.2,137.7,83.6,,,888.1,702.9,740.1,469.4,606.8,,,98.7,306.8,178.8,130.0,343.1,,,,,,,,,,,,,,,,,1090.9,379.3,1081.5,1130.1,419.8,,,1194.5,391.1,672.8,941.3,890.2,,,172.8,229.6,203.7,161.3,98.9,,,1503.8,990.7,586.1,1463.0,1001.2,,,1515.9,1348.1,517.7,1377.6,1054.3,,,391.9,791.3,247.0,838.8,829.6,,,,,,,,,,,,,,,,,214.4,98.8,188.3,309.1,50.4,,,246.3,139.5,92.2,345.9,132.4,,,45.2,53.1,40.6,52.7,26.1,,,270.2,123.3,129.9,259.9,133.1,,,525.7,386.3,216.1,394.8,240.7,,,47.2,71.5,44.1,89.7,111.8,,,,,,,,,,,,,,,,,284.2,1048.5,574.5,898.7,298.3,,,128.9,217.0,112.7,223.7,101.9,,,1319.8,554.2,639.7,1559.8,927.4,,,555.9,246.0,469.4,1202.1,427.0,,,1945.7,663.4,1731.5,1297.1,1034.1,,,317.4,221.1,719.0,437.3,869.7,,,,,,,,,,,,,,,,,1315.2,1310.6,998.6,1329.1,326.5,,,1392.8,1292.7,990.7,702.9,988.1,,,1474.5,1392.8,591.6,1522.0,810.0,,,953.2,950.8,442.0,1057.3,447.7,,,1599.4,886.0,1474.5,1190.7,929.7,,,296.0,829.6,900.8,449.9,725.9,,,,,,,,,,,,,,,,,19.3,27.3,14.3,33.9,26.6,,,59.3,216.9,118.7,99.2,205.7,,,111.7,300.2,142.1,352.7,304.9,,,41.1,82.7,68.3,141.5,134.4,,,151.4,162.6,404.5,306.8,539.2,,,108.5,288.1,415.2,254.8,380.1,,,,,,,,,,,,,,,,,,,,,,,,,,,,,,,,,,,,,,,,,,,,,,,,,,,,,,,,,,,,,,,,,,,,,,,,,,,,,,,,,,,,,,,,,,,,,,,,,,,,,,,,,,,,,,,,,,,,,,,,,,,,,,,,
20261003_川崎_7R,20261003,34,川崎,7,100.7,62.5,57.2,767.8,57.6,,,106.6,123.8,88.0,623.6,161.9,,,82.5,135.7,53.6,1069.2,111.2,,,35.8,56.0,30.1,496.1,52.0,,,1828.6,1342.2,1873.9,1042.7,1981.8,,,81.4,222.0,134.5,103.3,985.7,,,,,,,,,,,,,,,,,71.6,72.9,59.1,362.9,37.2,,,60.1,54.9,83.1,123.7,26.8,,,181.4,120.3,251.1,442.7,77.0,,,92.0,114.9,188.7,637.2,91.0,,,1009.4,440.1,672.3,1241.0,488.4,,,14.2,12.3,14.4,33.6,101.8,,,,,,,,,,,,,,,,,92.5,111.2,95.2,345.0,119.0,,,79.8,82.1,149.6,166.6,33.8,,,228.9,173.1,468.4,422.9,211.1,,,187.7,291.8,409.6,808.8,447.9,,,233.0,142.4,132.8,497.4,132.7,,,121.3,45.6,99.9,322.4,169.8,,,,,,,,,,,,,,,,,331.4,624.6,328.2,1777.1,510.8,,,362.5,398.0,866.1,1232.9,230.3,,,692.0,480.9,1221.0,1037.0,650.3,,,524.2,1034.2,1526.3,2703.7,1025.8,,,3028.2,1768.8,1401.9,3675.0,2846.0,,,653.7,256.9,667.5,1087.7,2308.0,,,,,,,,,,,,,,,,,96.2,151.6,92.8,689.4,161.6,,,185.0,297.1,436.0,1386.5,218.0,,,346.3,328.2,761.6,1328.1,761.6,,,418.2,755.5,1090.8,3128.3,973.0,,,1472.8,3263.1,2824.8,4350.8,5257.3,,,391.4,313.3,740.7,726.5,2665.6,,,,,,,,,,,,,,,,,3379.7,2057.2,3349.8,1667.5,4301.4,,,3379.7,998.7,1883.2,3943.0,1610.7,,,1190.3,708.8,710.1,1689.8,909.9,,,3410.1,1873.9,1253.4,4301.4,3263.1,,,1911.7,4506.2,3207.8,5566.5,8411.7,,,4114.4,1992.2,1802.5,4205.8,6759.4,,,,,,,,,,,,,,,,,124.3,373.6,231.6,259.9,1081.5,,,39.8,35.9,28.7,87.4,206.6,,,269.0,85.6,209.1,438.6,476.1,,,222.7,72.2,267.8,409.6,899.1,,,411.4,284.1,649.2,521.3,2294.1,,,2163.0,866.1,1084.6,1981.8,3504.8,,,,,,,,,,,,,,,,,,,,,,,,,,,,,,,,,,,,,,,,,,,,,,,,,,,,,,,,,,,,,,,,,,,,,,,,,,,,,,,,,,,,,,,,,,,,,,,,,,,,,,,,,,,,,,,,,,,,,,,,,,,,,,,,
20261003_川崎_8R,20261003,34,川崎,8,291.4,265.4,394.9,782.1,1032.5,,,234.5,310.5,206.9,943.4,356.3,,,276.0,387.9,375.3,1405.0,1066.1,,,208.5,161.3,239.7,578.5,409.8,,,2173.5,2149.7,3049.6,1435.8,5620.1,,,1307.0,585.4,1302.6,708.8,3973.8,,,,,,,,,,,,,,,,,166.9,126.6,277.4,284.0,536.7,,,71.5,21.3,121.6,58.8,125.7,,,27.7,10.8,67.8,15.9,94.2,,,315.2,244.6,227.5,426.2,921.3,,,271.8,132.8,73.0,384.5,504.3,,,576.0,273.7,316.7,1174.3,705.0,,,,,,,,,,,,,,,,,71.1,93.6,80.6,291.1,94.1,,,45.6,16.3,91.8,52.1,47.2,,,58.4,17.0,112.0,150.5,54.4,,,76.2,138.6,167.1,526.6,150.9,,,632.4,299.1,482.1,1043.5,756.5,,,83.8,58.8,68.9,153.1,328.9,,,,,,,,,,,,,,,,,112.9,155.8,214.6,491.1,492.9,,,30.6,11.4,71.6,15.6,99.2,,,64.7,20.2,120.3,125.0,90.8,,,271.8,275.4,301.6,917.0,868.4,,,866.5,204.3,467.2,1425.4,1281.4,,,654.5,329.4,244.6,1054.7,1264.9,,,,,,,,,,,,,,,,,131.4,92.5,142.2,471.7,345.4,,,307.1,344.4,306.3,632.4,1143.6,,,109.2,241.8,224.8,888.0,289.9,,,234.3,351.5,293.8,1501.5,1083.7,,,1338.1,2260.9,2505.8,3172.6,4014.3,,,782.1,2017.4,851.5,1873.3,3819.5,,,,,,,,,,,,,,,,,2640.3,3481.5,3856.9,1997.0,8028.7,,,1462.4,623.4,263.1,1838.3,2474.2,,,3003.1,766.8,1203.0,4276.2,3544.2,,,3362.4,357.9,1203.0,4230.2,4323.1,,,2149.7,3362.4,4917.6,5464.0,8370.4,,,8941.1,4371.2,4185.2,5043.7,8941.1,,,,,,,,,,,,,,,,,1909.7,874.2,1490.1,961.8,5389.1,,,1542.7,505.0,632.4,2210.1,1356.5,,,386.4,311.2,273.3,581.1,1217.9,,,1518.9,733.9,495.4,2314.1,2521.8,,,1133.7,3073.5,971.3,3198.4,6556.8,,,6345.3,3711.4,3782.7,4141.1,6147.0,,,,,,,,,,,,,,,,,,,,,,,,,,,,,,,,,,,,,,,,,,,,,,,,,,,,,,,,,,,,,,,,,,,,,,,,,,,,,,,,,,,,,,,,,,,,,,,,,,,,,,,,,,,,,,,,,,,,,,,,,,,,,,,,
20261003_川崎_9R,20261003,34,川崎,9,308.6,92.5,52.3,245.3,133.8,,,522.8,748.2,273.6,446.8,961.1,,,102.3,416.8,99.2,432.5,344.1,,,23.3,80.9,44.8,56.3,93.5,,,375.0,435.5,671.6,192.0,1158.4,,,462.6,1615.8,843.0,414.8,1575.9,,,,,,,,,,,,,,,,,229.2,47.8,27.1,164.6,39.0,,,337.3,202.7,290.5,157.4,209.7,,,27.4,86.3,22.8,58.7,14.0,,,36.3,165.4,47.9,142.3,40.1,,,173.7,151.8,136.1,143.9,134.7,,,46.3,168.8,29.5,37.6,104.4,,,,,,,,,,,,,,,,,616.8,774.2,314.0,623.7,1131.9,,,606.7,426.7,492.2,379.5,622.0,,,846.2,490.6,597.0,755.9,1117.7,,,238.6,367.9,599.4,284.0,877.9,,,287.3,210.5,438.1,229.7,690.3,,,2241.1,1651.8,1939.0,2045.8,1783.9,,,,,,,,,,,,,,,,,91.0,385.1,91.8,414.4,293.7,,,47.2,129.4,43.8,125.4,37.8,,,571.7,334.0,452.7,568.8,726.3,,,89.9,91.1,283.5,313.4,279.6,,,558.8,383.1,582.9,606.7,1066.9,,,629.9,219.0,1167.5,600.2,1292.7,,,,,,,,,,,,,,,,,20.2,61.6,35.6,46.8,78.1,,,47.2,155.2,65.9,142.7,93.0,,,142.3,238.1,344.9,211.1,496.6,,,66.1,66.1,207.3,212.3,230.3,,,160.1,217.5,247.7,292.2,434.2,,,293.6,334.0,940.9,633.5,775.6,,,,,,,,,,,,,,,,,498.3,473.9,843.0,273.2,1537.8,,,415.6,294.1,354.2,384.4,412.1,,,245.0,179.3,345.1,230.6,552.6,,,936.9,372.5,595.4,771.6,1443.3,,,260.0,407.6,364.6,672.6,1158.4,,,2207.8,1140.6,1281.5,2074.3,1798.3,,,,,,,,,,,,,,,,,838.3,2736.1,1376.5,847.8,2953.5,,,489.5,999.9,232.1,396.7,872.7,,,3185.6,1964.6,2534.0,2753.0,2896.0,,,1252.7,345.9,2144.1,1238.8,2064.7,,,830.5,691.4,1991.0,1347.3,2045.8,,,3716.5,2241.1,2934.1,3255.3,2410.7,,,,,,,,,,,,,,,,,,,,,,,,,,,,,,,,,,,,,,,,,,,,,,,,,,,,,,,,,,,,,,,,,,,,,,,,,,,,,,,,,,,,,,,,,,,,,,,,,,,,,,,,,,,,,,,,,,,,,,,,,,,,,,,,
20261003_川崎_10R,20261003,34,川崎,10,71.7,76.7,213.7,78.5,177.5,,,127.1,210.0,184.9,190.3,178.0,,,156.1,233.5,345.4,282.6,712.0,,,433.7,211.2,435.6,456.7,782.1,,,60.3,77.8,161.5,242.5,187.0,,,550.7,417.1,1300.2,854.2,725.5,,,,,,,,,,,,,,,,,16.4,17.1,47.4,27.0,42.3,,,29.6,25.4,43.5,79.6,20.5,,,11.5,13.3,38.0,35.2,53.6,,,50.5,25.5,74.5,225.4,101.8,,,33.5,72.5,53.2,178.9,169.3,,,118.1,50.9,193.5,207.9,413.3,,,,,,,,,,,,,,,,,173.6,375.2,254.8,360.6,244.4,,,110.5,127.5,155.9,278.5,137.0,,,419.9,243.1,546.5,932.2,508.7,,,213.2,157.5,408.3,570.8,108.9,,,412.3,497.6,962.6,793.3,656.0,,,168.2,149.8,408.3,149.4,404.6,,,,,,,,,,,,,,,,,166.7,422.0,543.5,458.4,995.2,,,74.2,88.6,192.0,141.7,287.8,,,489.8,222.1,653.5,858.6,667.4,,,774.9,440.2,811.3,1394.4,2215.0,,,502.6,274.3,935.7,1398.3,1994.4,,,2339.2,1226.9,1455.2,3271.9,3792.4,,,,,,,,,,,,,,,,,645.1,432.6,903.6,798.4,987.3,,,346.4,145.8,441.4,879.7,572.1,,,341.4,248.4,643.4,881.3,149.6,,,1047.2,737.2,1015.4,1903.4,2026.7,,,854.2,1526.2,1254.6,2043.2,2515.5,,,1342.0,1896.2,609.0,2634.7,3148.4,,,,,,,,,,,,,,,,,68.1,94.0,172.2,248.5,227.5,,,85.1,183.7,132.9,469.6,467.4,,,263.3,351.7,543.5,650.9,474.9,,,269.7,233.9,614.9,985.4,1257.7,,,563.1,1145.5,898.7,1426.2,1512.3,,,879.7,1459.4,1191.9,2254.9,2215.0,,,,,,,,,,,,,,,,,1047.2,890.7,2148.5,1438.5,1657.6,,,792.0,562.4,1209.1,1762.6,1889.0,,,516.0,464.8,964.5,462.6,1105.0,,,2677.0,2130.2,1932.8,3575.7,4635.2,,,1442.6,2418.3,708.0,3500.7,3550.3,,,1768.9,2503.0,2077.1,4353.0,4069.9,,,,,,,,,,,,,,,,,,,,,,,,,,,,,,,,,,,,,,,,,,,,,,,,,,,,,,,,,,,,,,,,,,,,,,,,,,,,,,,,,,,,,,,,,,,,,,,,,,,,,,,,,,,,,,,,,,,,,,,,,,,,,,,,
20261003_川崎_11R,20261003,34,川崎,11,527.8,386.2,457.2,619.0,210.4,,,350.9,428.9,127.5,469.0,181.4,,,621.0,819.4,717.1,1401.8,133.3,,,219.4,106.7,271.6,477.2,92.8,,,1153.3,1065.4,1849.3,906.5,1021.4,,,141.2,146.0,35.5,82.9,395.9,,,,,,,,,,,,,,,,,460.3,266.3,328.1,290.9,132.5,,,372.8,392.5,152.4,231.2,240.4,,,386.2,600.4,311.9,183.0,145.0,,,195.5,92.9,104.7,61.5,59.8,,,143.0,149.9,53.0,38.0,29.3,,,132.5,247.5,50.4,79.6,53.9,,,,,,,,,,,,,,,,,257.5,347.5,75.3,354.4,124.8,,,330.3,478.1,149.6,313.6,300.8,,,841.7,978.3,570.0,1326.6,483.1,,,51.8,54.1,108.5,128.0,31.5,,,746.8,591.3,1198.0,316.5,691.7,,,169.3,309.5,144.9,95.6,470.5,,,,,,,,,,,,,,,,,1198.0,2112.7,1256.9,1972.2,379.3,,,1081.0,1998.8,1173.3,541.3,389.8,,,1936.2,2031.7,1353.2,2885.5,1011.7,,,1213.7,1231.8,1184.6,1513.4,584.8,,,2488.5,719.2,3039.2,2026.1,672.9,,,173.7,260.4,612.3,330.1,372.4,,,,,,,,,,,,,,,,,117.0,65.5,156.2,253.8,54.2,,,88.5,46.1,67.5,61.3,49.0,,,33.0,29.2,66.9,78.4,18.9,,,248.0,174.5,192.8,431.4,102.2,,,396.5,238.6,194.0,417.5,228.8,,,59.6,64.9,38.3,47.2,122.5,,,,,,,,,,,,,,,,,1248.4,1294.2,1786.9,1048.9,1158.7,,,536.6,421.5,274.8,201.0,186.2,,,1287.4,876.5,1720.6,521.1,1175.2,,,2767.0,1097.0,2488.5,1926.1,1324.2,,,1010.3,452.1,488.2,1125.3,517.5,,,1173.3,488.8,1317.1,770.0,525.2,,,,,,,,,,,,,,,,,124.8,112.8,41.0,71.8,208.0,,,178.7,329.8,83.0,162.6,146.6,,,196.4,350.9,206.3,110.4,545.6,,,51.4,66.5,170.5,74.2,104.1,,,107.9,142.5,73.2,91.2,219.1,,,550.1,253.7,749.0,216.0,325.1,,,,,,,,,,,,,,,,,,,,,,,,,,,,,,,,,,,,,,,,,,,,,,,,,,,,,,,,,,,,,,,,,,,,,,,,,,,,,,,,,,,,,,,,,,,,,,,,,,,,,,,,,,,,,,,,,,,,,,,,,,,,,,,,
20261003_川崎_12R,20261003,34,川崎,12,98.1,256.0,207.5,760.1,156.5,,,38.8,42.4,29.5,84.1,16.1,,,365.8,136.1,353.4,618.4,201.0,,,148.5,77.4,278.4,455.8,77.8,,,853.6,214.1,731.8,708.6,374.1,,,46.0,20.0,80.7,32.5,153.9,,,,,,,,,,,,,,,,,187.5,418.3,471.4,1710.2,268.6,,,220.4,481.6,287.2,801.2,335.0,,,1070.9,912.5,1328.4,2725.2,1748.9,,,427.1,318.2,1014.7,1637.8,474.1,,,2777.9,1576.2,3233.5,3286.3,3852.9,,,348.0,397.0,1264.9,415.7,2181.3,,,,,,,,,,,,,,,,,32.6,37.1,25.6,57.7,14.0,,,74.7,140.5,95.2,212.6,119.3,,,48.0,81.7,88.4,143.6,111.6,,,51.2,83.3,123.4,142.7,64.6,,,47.0,88.8,80.6,86.4,100.9,,,28.0,68.1,127.6,53.0,183.1,,,,,,,,,,,,,,,,,758.3,287.4,797.4,1449.0,489.8,,,987.8,862.4,1277.7,2688.8,1576.2,,,213.0,369.7,443.2,587.0,426.8,,,826.9,1102.6,668.6,2306.4,1337.2,,,1811.9,2520.3,1095.4,2881.4,2881.4,,,691.1,1478.8,785.0,1516.7,2740.1,,,,,,,,,,,,,,,,,156.2,73.8,342.3,631.2,87.4,,,164.8,111.6,475.2,1059.6,201.8,,,63.6,108.9,177.2,282.7,100.2,,,495.6,675.3,335.0,1396.6,801.9,,,1188.6,1568.8,630.4,1523.6,1319.7,,,100.6,174.5,130.9,507.8,791.2,,,,,,,,,,,,,,,,,1583.6,403.8,1337.2,1583.6,986.8,,,2394.3,862.4,2501.5,2898.0,3297.1,,,199.3,337.9,268.5,323.1,414.1,,,1831.7,2411.5,785.0,2618.8,3152.4,,,1841.7,2301.1,785.6,2423.1,2338.6,,,1321.4,3028.9,1103.8,3038.1,2452.7,,,,,,,,,,,,,,,,,57.7,34.4,136.7,43.9,218.3,,,128.6,190.1,657.2,182.2,1066.4,,,46.4,121.1,229.2,93.4,358.3,,,386.3,867.6,497.8,801.2,1523.6,,,84.2,157.4,120.6,463.6,604.7,,,717.2,1764.2,809.6,1648.5,1184.4,,,,,,,,,,,,,,,,,,,,,,,,,,,,,,,,,,,,,,,,,,,,,,,,,,,,,,,,,,,,,,,,,,,,,,,,,,,,,,,,,,,,,,,,,,,,,,,,,,,,,,,,,,,,,,,,,,,,,,,,,,,,,,,,
20261003_平塚_1R,20261003,35,平塚,1,2.8,12.8,16.4,21.0,75.5,,,5.7,32.1,36.1,47.7,168.6,,,59.4,90.4,251.5,316.2,745.0,,,56.0,87.7,263.7,291.5,642.1,,,59.7,102.1,345.3,323.9,794.5,,,310.7,529.6,1236.7,1402.6,1530.8,,,,,,,,,,,,,,,,,11.6,45.8,37.1,38.9,132.0,,,27.1,166.7,137.4,175.9,557.9,,,219.6,474.6,1016.4,1218.7,2642.7,,,151.8,296.4,1050.4,996.2,1793.3,,,146.3,348.7,1141.2,1072.9,2758.9,,,923.0,1961.4,3260.5,3260.5,3862.5,,,,,,,,,,,,,,,,,27.1,87.5,132.2,129.3,471.9,,,51.7,239.1,276.8,361.2,871.7,,,348.2,544.6,1426.5,1846.0,3638.6,,,609.3,912.9,2561.8,2202.3,4255.3,,,647.0,973.1,2041.1,2437.5,5838.7,,,2670.9,3747.2,7173.3,7384.2,8098.8,,,,,,,,,,,,,,,,,436.6,597.7,2485.7,2008.5,4328.7,,,671.2,1328.3,4404.6,3985.1,7608.0,,,853.9,1349.8,6437.5,6606.9,9999.9,,,4404.6,5706.0,9999.9,9999.9,9999.9,,,3586.6,5230.5,7173.3,9999.9,9999.9,,,9999.9,9999.9,9999.9,9999.9,9999.9,,,,,,,,,,,,,,,,,736.2,1041.7,1859.7,2261.8,6437.5,,,1141.2,2346.4,6276.6,4828.1,5706.0,,,1887.7,2758.9,8657.4,9999.9,9999.9,,,6123.5,9999.9,9999.9,9999.9,9999.9,,,8657.4,8098.8,9999.9,9999.9,7608.0,,,9999.9,9999.9,9999.9,9999.9,9999.9,,,,,,,,,,,,,,,,,507.2,947.4,2670.9,2885.8,8098.8,,,695.4,1887.7,3638.6,6123.5,7845.7,,,1651.7,2642.7,6276.6,9999.9,9999.9,,,4184.4,7845.7,7845.7,9999.9,9999.9,,,8966.6,9999.9,9999.9,9999.9,8966.6,,,9999.9,9999.9,9999.9,9999.9,9999.9,,,,,,,,,,,,,,,,,4049.4,5977.7,6123.5,9999.9,9999.9,,,6437.5,7384.2,9999.9,9298.7,9999.9,,,5838.7,8368.8,9999.9,9999.9,9999.9,,,9999.9,9999.9,9999.9,9999.9,9999.9,,,9999.9,7845.7,9999.9,9999.9,9999.9,,,9999.9,9999.9,9999.9,9999.9,9999.9,,,,,,,,,,,,,,,,,,,,,,,,,,,,,,,,,,,,,,,,,,,,,,,,,,,,,,,,,,,,,,,,,,,,,,,,,,,,,,,,,,,,,,,,,,,,,,,,,,,,,,,,,,,,,,,,,,,,,,,,,,,,,,,,
20261003_平塚_2R,20261003,35,平塚,2,2.3,5.6,9.0,12.9,160.3,,,8.0,36.4,43.1,66.4,393.1,,,24.6,67.1,118.8,134.6,662.3,,,41.1,104.8,155.3,304.4,972.4,,,43.9,95.1,135.9,217.9,639.4,,,638.3,1809.6,1907.9,2340.4,1526.3,,,,,,,,,,,,,,,,,22.4,42.7,56.1,69.0,351.7,,,109.2,330.5,454.1,531.1,2340.4,,,276.4,732.9,1382.1,1227.5,4619.2,,,450.6,1345.0,1961.2,2619.8,5015.2,,,430.7,888.7,1329.7,1818.9,5319.1,,,2721.4,6751.2,7164.5,6623.8,7469.4,,,,,,,,,,,,,,,,,176.8,433.4,621.3,704.9,2507.6,,,293.2,923.8,1720.9,1972.2,4809.1,,,1214.7,1907.9,6052.8,4559.2,9999.9,,,2089.6,4619.2,8164.3,9751.8,9999.9,,,2340.4,3619.2,7164.5,8164.3,9999.9,,,9999.9,9999.9,9999.9,9999.9,9999.9,,,,,,,,,,,,,,,,,490.3,884.2,1847.7,1632.8,4559.2,,,826.0,1939.5,5087.9,6501.2,9999.9,,,1506.7,2221.9,9488.2,6269.0,9999.9,,,4559.2,6383.0,9999.9,9999.9,9999.9,,,4082.1,8358.6,8358.6,9999.9,9999.9,,,9999.9,9999.9,9999.9,9999.9,9999.9,,,,,,,,,,,,,,,,,1190.0,2194.1,3343.4,5087.9,7631.8,,,1679.7,4809.1,6883.6,9999.9,9999.9,,,3774.8,9001.6,9999.9,9999.9,9999.9,,,5851.0,9751.8,9999.9,9999.9,9999.9,,,9999.9,9999.9,9999.9,9999.9,9999.9,,,9999.9,9999.9,9999.9,9999.9,9999.9,,,,,,,,,,,,,,,,,829.9,1704.2,2472.2,4281.2,7631.8,,,1506.7,4281.2,5401.0,9999.9,9999.9,,,3510.6,6269.0,5851.0,9999.9,9999.9,,,5015.2,9999.9,8776.6,9999.9,9999.9,,,9001.6,9999.9,9999.9,9999.9,9999.9,,,9999.9,9999.9,9999.9,9999.9,9999.9,,,,,,,,,,,,,,,,,4559.2,9999.9,9999.9,9999.9,9999.9,,,6269.0,9999.9,9999.9,9999.9,9999.9,,,9999.9,9999.9,9999.9,9999.9,9999.9,,,9999.9,9999.9,9999.9,9999.9,9999.9,,,9999.9,9999.9,9999.9,9999.9,9999.9,,,9999.9,9999.9,9999.9,9999.9,9999.9,,,,,,,,,,,,,,,,,,,,,,,,,,,,,,,,,,,,,,,,,,,,,,,,,,,,,,,,,,,,,,,,,,,,,,,,,,,,,,,,,,,,,,,,,,,,,,,,,,,,,,,,,,,,,,,,,,,,,,,,,,,,,,,,
20261003_平塚_3R,20261003,35,平塚,3,30.5,31.6,76.3,361.7,461.2,,,22.1,39.8,23.0,262.2,425.4,,,19.0,16.8,34.2,189.7,84.5,,,112.7,63.2,114.8,323.5,751.4,,,1361.5,1077.2,870.5,1153.8,2638.7,,,1424.2,1727.9,638.6,1956.3,3181.2,,,,,,,,,,,,,,,,,75.8,58.5,142.1,638.6,866.1,,,51.0,99.9,25.1,209.8,768.3,,,164.7,243.6,376.9,1181.9,1228.8,,,227.2,81.0,356.8,430.3,1912.3,,,2114.2,1025.2,2254.2,1467.2,6189.0,,,2745.1,3181.2,3039.2,5403.1,7916.2,,,,,,,,,,,,,,,,,34.9,67.3,30.7,333.7,902.9,,,23.1,48.0,6.3,111.3,483.5,,,166.3,126.4,151.5,579.8,1028.3,,,21.4,7.2,52.6,41.5,531.0,,,1077.2,525.3,1153.8,404.7,3473.4,,,3122.9,2154.4,2559.3,2127.4,4794.3,,,,,,,,,,,,,,,,,87.1,83.8,140.7,409.1,180.7,,,214.6,307.2,530.2,1400.8,1314.2,,,230.9,289.6,342.7,1098.0,1279.6,,,454.4,601.4,468.8,1094.5,2014.1,,,1605.6,3241.8,2239.4,2618.4,5318.7,,,735.1,2521.4,2063.0,3273.0,6303.6,,,,,,,,,,,,,,,,,289.9,152.8,286.5,870.5,1880.6,,,286.2,91.9,474.7,305.5,1710.5,,,74.6,32.5,110.7,112.4,838.4,,,447.8,690.4,436.9,1077.2,2038.3,,,1345.4,863.9,532.7,1378.1,2701.5,,,4004.6,5005.8,3304.8,4862.8,6422.5,,,,,,,,,,,,,,,,,4364.0,4101.1,2985.9,4538.6,9999.9,,,4478.9,1956.3,4599.9,3403.9,9999.9,,,3545.8,1891.0,4254.9,1406.6,9999.9,,,3012.3,6189.0,5236.8,5080.5,9999.9,,,3621.2,2884.7,1329.6,4101.1,9999.9,,,9999.9,9999.9,9999.9,9999.9,9999.9,,,,,,,,,,,,,,,,,4862.8,5580.2,1424.2,7091.6,9999.9,,,5157.5,5971.8,7091.6,9999.9,9999.9,,,5971.8,6189.0,7091.6,5769.4,9999.9,,,1460.9,6078.5,5490.2,8104.6,9999.9,,,8957.8,9999.9,8509.9,9999.9,9999.9,,,9999.9,9999.9,9999.9,9999.9,9999.9,,,,,,,,,,,,,,,,,,,,,,,,,,,,,,,,,,,,,,,,,,,,,,,,,,,,,,,,,,,,,,,,,,,,,,,,,,,,,,,,,,,,,,,,,,,,,,,,,,,,,,,,,,,,,,,,,,,,,,,,,,,,,,,,
20261003_平塚_4R,20261003,35,平塚,4,18.1,33.7,159.1,72.7,274.2,,,12.6,14.8,98.1,93.4,237.9,,,7.6,6.7,4.4,63.1,121.2,,,398.9,413.8,141.8,872.4,1029.5,,,356.0,403.2,459.1,1175.5,1192.4,,,933.8,998.5,756.8,1601.5,1428.9,,,,,,,,,,,,,,,,,135.8,199.3,741.6,504.5,1369.8,,,97.4,171.5,548.8,149.8,540.8,,,301.1,374.5,881.6,751.7,1422.7,,,2033.8,2610.3,2785.8,3417.6,6500.2,,,738.3,428.3,802.6,1571.1,1473.3,,,3098.2,2809.4,3994.1,8085.6,3348.6,,,,,,,,,,,,,,,,,20.7,22.0,198.7,100.0,420.7,,,33.6,75.7,311.2,22.5,399.8,,,57.9,127.6,361.9,485.3,998.5,,,955.3,1700.0,1387.0,3127.4,4250.1,,,599.4,202.6,1218.7,1905.2,1674.3,,,1894.3,2334.5,3382.7,5262.0,3348.6,,,,,,,,,,,,,,,,,33.7,35.8,18.8,167.9,243.0,,,190.9,326.6,573.5,579.5,1305.1,,,114.6,279.7,602.7,810.5,1700.0,,,147.4,580.5,725.4,1167.2,1147.1,,,1065.9,1772.7,2195.4,3069.5,4541.2,,,1404.7,4479.8,4947.9,3810.4,6500.2,,,,,,,,,,,,,,,,,3013.7,2152.6,476.3,3564.6,5715.7,,,3603.3,4875.1,3724.8,9208.6,9999.9,,,2785.8,5022.9,4420.1,9999.9,9999.9,,,470.8,2857.8,3157.2,6027.4,5179.8,,,9999.9,9999.9,9999.9,9999.9,9999.9,,,9999.9,9999.9,9999.9,9999.9,9999.9,,,,,,,,,,,,,,,,,1763.3,1691.3,1609.2,5346.9,4604.3,,,1841.7,802.6,1782.3,5262.0,3489.6,,,1657.5,872.4,2530.6,6375.2,5262.0,,,2402.2,3315.1,3946.5,7206.7,5919.8,,,8287.8,9208.6,9208.6,9750.3,9999.9,,,6906.5,6500.2,9208.6,8724.0,9999.9,,,,,,,,,,,,,,,,,4362.0,4250.1,2166.7,5919.8,6500.2,,,5179.8,5100.1,6375.2,9999.9,6906.5,,,4541.2,5715.7,8085.6,9999.9,9999.9,,,2717.3,6027.4,7893.1,5715.7,7893.1,,,9999.9,9999.9,9999.9,9999.9,9999.9,,,9471.7,7709.5,9999.9,7893.1,9999.9,,,,,,,,,,,,,,,,,,,,,,,,,,,,,,,,,,,,,,,,,,,,,,,,,,,,,,,,,,,,,,,,,,,,,,,,,,,,,,,,,,,,,,,,,,,,,,,,,,,,,,,,,,,,,,,,,,,,,,,,,,,,,,,,
20261003_平塚_5R,20261003,35,平塚,5,4.5,17.6,19.1,64.6,3.9,,,34.6,55.8,143.2,387.5,191.1,,,126.6,126.6,313.7,639.9,645.2,,,95.3,155.6,260.1,195.9,457.6,,,517.5,1000.4,1008.2,534.7,1955.3,,,94.5,363.5,777.4,747.4,1387.6,,,,,,,,,,,,,,,,,7.0,24.4,32.0,92.2,4.6,,,60.8,278.1,579.5,1261.1,390.2,,,231.9,497.6,955.9,1897.8,827.2,,,208.3,635.7,926.2,955.9,1135.3,,,890.0,3687.2,3226.3,2434.9,4162.9,,,103.2,518.2,939.7,1173.2,1460.9,,,,,,,,,,,,,,,,,93.8,209.5,572.7,1455.4,707.7,,,113.6,316.0,1063.6,2059.3,664.0,,,199.1,234.7,707.7,1118.9,982.6,,,1052.0,1619.9,1852.4,2237.9,5028.0,,,3652.4,6244.4,3456.7,3871.5,9442.8,,,2059.3,2027.0,3584.7,7743.1,9999.9,,,,,,,,,,,,,,,,,562.7,751.7,1640.5,2481.7,3048.4,,,681.6,1118.9,2375.2,3072.6,2389.8,,,485.1,580.4,1330.4,2250.9,2318.3,,,2805.4,3001.2,2547.0,3758.8,7591.3,,,6244.4,5452.9,5303.5,4664.5,9927.1,,,7304.8,6913.5,6913.5,9999.9,9999.9,,,,,,,,,,,,,,,,,346.2,659.5,1198.6,919.6,1599.8,,,459.2,1269.3,1599.8,1751.8,2332.2,,,1198.6,1826.2,2104.1,3910.6,6452.6,,,2250.9,2765.4,2514.0,3024.6,8065.7,,,1010.8,1494.8,1870.3,2688.5,3991.3,,,5303.5,5778.4,7743.1,9999.9,7304.8,,,,,,,,,,,,,,,,,2465.9,5028.0,6049.3,3366.5,9999.9,,,2933.0,9003.6,5162.1,4963.5,5377.1,,,7169.5,9999.9,6244.4,7445.3,9999.9,,,9218.0,7445.3,7169.5,7039.2,9999.9,,,2547.0,3487.9,4254.4,4721.4,6792.2,,,9999.9,9999.9,9999.9,9999.9,9999.9,,,,,,,,,,,,,,,,,389.4,1995.6,3991.3,5303.5,8065.7,,,381.4,1907.1,3871.5,6452.6,7039.2,,,2497.7,2389.8,6145.3,7901.1,9999.9,,,9999.9,8603.5,9678.9,9999.9,9999.9,,,8237.4,8065.7,9927.1,9999.9,9218.0,,,9999.9,9999.9,9999.9,9999.9,9999.9,,,,,,,,,,,,,,,,,,,,,,,,,,,,,,,,,,,,,,,,,,,,,,,,,,,,,,,,,,,,,,,,,,,,,,,,,,,,,,,,,,,,,,,,,,,,,,,,,,,,,,,,,,,,,,,,,,,,,,,,,,,,,,,,
20261003_平塚_6R,20261003,35,平塚,6,4.8,9.6,48.4,32.8,160.6,,,12.5,45.1,66.9,142.6,450.2,,,10.7,19.5,110.1,61.1,182.6,,,248.4,323.7,521.2,807.1,1833.9,,,64.6,131.3,143.5,396.6,170.9,,,374.2,801.5,593.7,1614.2,590.6,,,,,,,,,,,,,,,,,12.2,18.1,72.9,51.1,245.9,,,13.6,66.1,27.6,124.0,404.4,,,90.1,167.0,347.8,391.8,1175.4,,,354.5,224.3,824.1,970.3,2203.0,,,143.2,322.5,474.6,759.8,738.9,,,954.4,1684.0,1990.2,3434.1,1357.6,,,,,,,,,,,,,,,,,65.5,182.8,143.5,417.9,1311.9,,,38.4,126.9,38.8,205.0,548.1,,,285.0,406.8,905.1,1496.9,3648.7,,,381.1,194.0,716.3,939.0,1778.0,,,624.3,506.1,1412.4,893.5,2259.8,,,3892.0,2432.5,5649.7,4798.4,4220.2,,,,,,,,,,,,,,,,,124.9,212.4,673.6,411.1,764.8,,,226.8,526.7,1536.3,1237.7,2520.0,,,516.6,717.7,1536.3,2673.9,4865.0,,,2432.5,3502.8,3368.1,7452.8,9999.9,,,875.7,1584.9,2871.1,4933.5,2245.4,,,2871.1,4670.4,6368.7,9217.9,3538.2,,,,,,,,,,,,,,,,,1326.8,1652.2,2122.9,3155.7,6145.3,,,1503.3,672.3,2968.5,4120.9,7784.0,,,1484.2,567.7,2350.8,3072.6,4670.4,,,3099.8,5076.5,4549.1,6145.3,9999.9,,,5560.0,5560.0,5307.3,7960.9,5838.0,,,8146.1,9999.9,9999.9,9999.9,9999.9,,,,,,,,,,,,,,,,,123.0,186.5,277.1,921.7,206.7,,,234.6,350.6,660.9,1251.0,751.6,,,229.0,217.9,788.9,939.0,307.8,,,649.8,895.8,1563.7,2449.5,1465.6,,,2594.6,2289.4,2694.4,3611.1,3072.6,,,212.6,285.9,288.0,763.1,1237.7,,,,,,,,,,,,,,,,,1644.5,3574.3,2162.2,7148.6,1684.0,,,2060.4,3766.4,4670.4,7297.5,2715.3,,,6039.3,5649.7,8543.5,5838.0,5742.3,,,3980.4,6609.1,8757.0,9999.9,4733.5,,,9467.1,9999.9,7960.9,9999.9,7297.5,,,1326.8,1967.8,2072.6,2350.8,3213.6,,,,,,,,,,,,,,,,,,,,,,,,,,,,,,,,,,,,,,,,,,,,,,,,,,,,,,,,,,,,,,,,,,,,,,,,,,,,,,,,,,,,,,,,,,,,,,,,,,,,,,,,,,,,,,,,,,,,,,,,,,,,,,,,
20261003_平塚_7R,20261003,35,平塚,7,3.2,7.1,21.3,4.4,127.7,,,15.2,33.8,115.9,127.2,525.3,,,108.7,90.4,338.3,455.4,1026.6,,,248.9,441.5,761.6,1105.0,760.4,,,119.5,389.4,700.9,1075.8,1985.1,,,1036.1,1794.5,3011.0,1500.4,3373.2,,,,,,,,,,,,,,,,,15.2,34.9,57.6,8.1,243.5,,,86.9,298.6,636.3,336.3,2156.9,,,319.5,682.8,1712.3,1138.6,3802.0,,,639.9,1686.6,1985.1,1759.3,3274.7,,,114.5,689.1,1031.3,1579.7,2839.4,,,1794.5,6062.6,6318.8,7870.8,7477.3,,,,,,,,,,,,,,,,,29.9,98.6,249.3,135.2,837.0,,,51.5,192.1,406.7,295.3,1388.9,,,134.2,159.9,275.7,518.6,629.2,,,890.1,1249.6,1335.2,2839.4,2039.2,,,731.8,820.1,2265.8,2702.6,4930.1,,,3867.5,4577.9,4313.8,4355.7,9999.9,,,,,,,,,,,,,,,,,465.3,485.0,1738.9,821.6,3274.7,,,696.6,804.0,2492.4,2002.8,4876.5,,,348.3,421.6,604.6,1019.6,1068.1,,,2951.5,3274.7,2167.3,6502.0,3504.9,,,3647.4,5156.7,4876.5,9999.9,9999.9,,,7870.8,9999.9,4625.1,7009.9,9999.9,,,,,,,,,,,,,,,,,979.5,1351.3,3011.0,4115.9,2735.6,,,1153.3,2199.2,3560.6,3802.0,3424.7,,,1699.3,3935.4,3051.9,7604.0,6231.1,,,4355.7,5538.7,3560.6,9999.9,6597.6,,,6231.1,6318.8,6062.6,9999.9,6145.7,,,2312.5,2971.1,2623.6,4824.0,5826.4,,,,,,,,,,,,,,,,,390.8,1470.9,3504.9,4930.1,9999.9,,,433.0,1637.3,3618.0,6409.1,9999.9,,,1752.4,1967.7,3901.2,6062.6,9753.0,,,7009.9,8011.4,7009.9,9999.9,9999.9,,,7354.7,9969.7,9545.5,9999.9,9999.9,,,9999.9,9999.9,9999.9,9999.9,9999.9,,,,,,,,,,,,,,,,,4232.4,7735.1,9999.9,8464.8,9999.9,,,4772.7,9999.9,9999.9,9999.9,7870.8,,,8308.1,9999.9,8972.7,9999.9,9999.9,,,9999.9,9999.9,9346.6,9999.9,9999.9,,,7121.2,7870.8,5903.1,8627.6,9155.9,,,9999.9,9999.9,9999.9,9999.9,9999.9,,,,,,,,,,,,,,,,,,,,,,,,,,,,,,,,,,,,,,,,,,,,,,,,,,,,,,,,,,,,,,,,,,,,,,,,,,,,,,,,,,,,,,,,,,,,,,,,,,,,,,,,,,,,,,,,,,,,,,,,,,,,,,,,
20261003_松阪_1R,20261003,47,松阪,1,1035.7,505.9,608.0,821.7,920.8,552.3,,843.5,357.3,574.5,1091.0,318.7,607.4,,178.4,125.6,99.7,202.9,82.4,41.5,,596.0,533.3,220.7,585.0,371.9,274.9,,746.7,1272.8,650.1,1045.2,1360.5,809.0,,513.7,229.3,155.3,284.2,836.1,328.4,,405.6,464.5,94.6,224.7,586.8,443.3,,,,,,,,,919.3,827.7,881.1,653.1,982.4,1313.7,,992.6,1439.1,938.9,673.8,776.1,2568.5,,799.9,1468.6,1072.6,786.7,914.9,2045.6,,749.7,920.8,736.2,453.1,798.8,670.7,,219.4,240.5,373.3,148.1,347.9,526.9,,985.8,615.2,916.4,786.7,776.1,2318.9,,2396.5,4242.8,3147.1,3079.4,2067.7,4033.6,,,,,,,,,630.1,331.0,370.9,759.6,227.2,736.2,,867.8,1004.8,843.5,745.8,410.5,2300.3,,201.8,666.0,281.8,778.2,158.9,894.9,,259.4,511.8,280.7,717.7,114.6,920.8,,1043.3,807.8,1535.6,1010.1,391.7,2922.3,,70.4,128.8,82.3,48.6,131.3,299.4,,1586.6,3793.2,2416.7,1902.9,4211.6,1313.7,,,,,,,,,81.7,43.2,41.6,61.0,26.8,12.8,,311.6,488.7,521.1,327.6,391.2,972.4,,95.1,304.1,138.4,405.3,85.2,421.7,,117.5,322.5,198.0,379.0,143.0,349.6,,133.8,151.0,337.9,321.0,189.8,422.4,,37.1,173.0,40.5,73.0,132.3,155.0,,97.0,856.1,670.7,511.8,674.6,470.6,,,,,,,,,339.3,405.6,217.6,349.6,227.2,314.3,,611.9,672.2,803.3,392.5,575.0,1400.4,,307.2,543.4,360.6,668.3,145.1,934.3,,204.3,604.1,385.9,689.2,235.9,649.4,,401.3,287.8,802.2,824.1,371.9,1665.0,,186.6,291.7,122.3,196.3,334.7,751.6,,695.1,2512.1,1751.6,1461.1,2922.3,1909.2,,,,,,,,,402.2,650.1,321.6,660.6,997.8,699.3,,152.3,179.0,175.5,106.0,228.7,393.3,,688.4,501.5,865.2,759.6,320.7,2406.6,,191.3,251.6,579.7,478.5,300.9,658.3,,873.1,400.8,896.3,628.0,781.4,715.9,,520.7,291.1,235.9,345.4,500.6,1076.6,,1730.4,1569.2,4062.2,1884.1,2727.5,3471.3,,,,,,,,,251.2,96.5,82.5,140.1,407.9,166.0,,282.4,199.8,292.8,257.0,427.7,841.0,,24.7,61.6,30.9,22.2,65.6,151.3,,45.1,199.2,57.5,82.3,153.0,208.6,,117.9,194.4,60.8,108.4,346.9,461.5,,346.9,211.5,183.1,225.5,380.5,750.6,,613.9,1902.9,890.7,753.6,1185.8,2105.8,,,,,,,,,1350.8,1338.2,279.8,588.0,1298.8,1164.1,,2794.0,6158.9,5068.8,5114.1,3471.3,7343.3,,2376.6,5727.7,3793.2,2794.0,6508.8,2922.3,,357.0,3557.6,2907.5,1865.7,3096.1,2121.4,,885.2,5068.8,3513.9,2627.4,6364.2,3164.5,,3602.3,3273.0,6660.2,4091.2,6029.2,7343.3,,1884.1,6029.2,2557.0,2447.7,2952.4,6508.8,,,,,,,,,,,,,,,,,,,,,,,,,,,,,,,,,,,,,,,,,,,,,,,,,,,,,,,,,,,,,,,,
20261003_松阪_2R,20261003,47,松阪,2,213.8,483.5,168.4,1008.7,92.5,643.4,,267.6,338.5,252.3,894.1,91.7,460.5,,877.0,594.1,673.3,2363.8,300.1,1075.7,,255.1,300.3,506.2,1721.2,178.2,736.3,,2753.9,1782.4,3009.7,3147.3,666.8,1035.3,,42.7,39.8,65.3,52.7,152.4,88.9,,1500.7,985.3,1005.0,1140.3,1327.1,428.6,,,,,,,,,158.0,152.9,106.4,764.9,75.5,336.0,,175.4,124.8,78.6,668.4,159.5,269.5,,199.9,196.8,86.2,705.2,260.9,261.9,,56.2,43.6,23.6,240.5,52.9,74.5,,1387.3,1243.3,1008.7,762.8,1246.1,483.1,,51.1,108.2,113.2,65.8,491.7,214.1,,419.8,374.1,262.7,223.9,481.4,454.4,,,,,,,,,133.0,152.1,139.9,521.5,62.1,261.6,,142.3,111.8,88.2,632.3,131.9,277.8,,175.1,169.5,247.9,716.2,180.1,259.6,,203.6,158.1,241.8,798.2,213.6,347.7,,1092.8,1119.4,1164.4,1305.1,1082.0,579.1,,62.7,141.5,175.9,150.9,651.0,298.2,,609.9,537.8,334.2,633.8,679.1,689.3,,,,,,,,,1383.8,966.2,791.3,2824.5,609.2,1438.0,,875.6,748.3,307.3,2585.8,1101.5,1021.8,,575.5,702.5,633.0,1817.7,584.0,994.1,,1205.2,364.5,823.2,3278.4,1460.9,1601.1,,4962.0,4110.3,3259.0,5678.2,5737.3,1426.9,,409.5,1121.7,775.7,1205.2,3094.3,1370.1,,1529.9,1460.9,1619.9,1694.7,1484.5,2203.1,,,,,,,,,296.9,422.0,562.0,1932.5,309.7,936.7,,130.5,106.0,65.9,567.8,122.3,253.8,,433.0,259.6,458.6,1715.8,451.0,781.2,,644.1,184.3,476.8,2126.5,827.0,974.8,,4110.3,2275.9,3043.0,3772.5,3111.7,3183.7,,286.5,222.9,393.6,711.6,1788.2,802.8,,1624.7,1084.2,1317.6,1373.5,3009.7,1441.8,,,,,,,,,3059.9,2248.1,3772.5,3442.4,1295.9,1817.7,,3059.9,2753.9,2824.5,1591.8,2824.5,1573.6,,2333.8,2795.8,2285.4,2660.8,2585.8,1492.6,,4962.0,4667.6,3111.7,6330.8,5797.7,1811.7,,5007.1,2795.8,3009.7,4628.4,4477.9,3317.9,,1095.0,2220.9,2503.5,3991.2,3338.0,1254.6,,727.5,1016.2,579.1,402.6,875.6,1039.2,,,,,,,,,19.0,17.2,16.8,24.8,93.6,47.0,,41.4,89.1,117.2,52.4,419.4,172.1,,64.0,130.6,195.4,154.2,623.0,274.0,,101.4,246.9,265.1,276.9,1135.6,342.9,,94.0,105.6,134.8,223.5,849.9,297.4,,545.8,985.3,1246.1,1346.6,1492.6,419.1,,205.9,362.3,458.2,288.0,545.3,445.2,,,,,,,,,1817.7,1324.0,1142.7,1415.9,1699.9,757.6,,1529.9,1289.8,672.5,941.5,1272.0,1587.2,,1184.4,1484.5,892.6,1166.9,1215.8,1401.4,,1067.4,1010.6,1025.6,1340.1,733.4,1679.2,,1771.0,1525.7,1644.1,1401.4,2481.0,1737.4,,995.9,943.1,801.7,465.9,1140.3,1101.5,,644.1,1302.0,1207.8,944.7,1213.1,1248.9,,,,,,,,,,,,,,,,,,,,,,,,,,,,,,,,,,,,,,,,,,,,,,,,,,,,,,,,,,,,,,,,
20261003_松阪_3R,20261003,47,松阪,3,237.2,148.8,422.2,260.1,58.9,577.4,,329.0,345.0,327.5,964.4,176.4,412.1,,163.6,256.8,448.4,416.3,96.3,652.9,,957.9,633.3,943.6,1862.7,547.5,1236.4,,567.1,1087.7,779.7,1992.9,532.2,2638.8,,22.1,44.2,42.7,107.8,168.0,132.3,,861.0,641.8,893.4,1063.4,2217.8,440.1,,,,,,,,,645.5,313.8,1008.8,432.1,104.7,1334.8,,1424.9,2142.8,1681.3,2042.9,1764.6,1681.3,,453.4,1017.8,1316.3,689.2,676.1,3149.1,,1965.4,2209.2,2590.8,3333.2,2118.9,3166.6,,850.7,3220.2,1850.6,3958.2,2365.1,4634.0,,154.4,974.3,658.9,1496.0,1373.4,1999.9,,2336.0,2878.7,3958.2,3725.4,4710.6,2200.7,,,,,,,,,398.3,334.8,230.1,734.5,212.7,313.0,,987.8,1443.0,922.3,1461.5,1252.7,1175.2,,251.5,562.6,89.9,409.4,248.3,215.7,,137.3,365.8,63.8,176.3,122.8,35.5,,1443.0,2134.7,951.5,609.6,1832.7,981.0,,161.9,543.3,207.0,131.6,901.8,198.1,,199.8,464.5,169.8,28.2,331.1,154.2,,,,,,,,,63.2,106.7,155.2,117.4,53.7,388.5,,138.9,347.1,422.8,223.9,270.7,1003.5,,111.0,183.6,48.8,118.0,133.7,118.8,,314.3,416.9,123.1,215.2,298.4,390.6,,126.0,167.0,105.3,123.5,135.9,348.8,,49.8,152.2,98.0,165.8,174.5,253.3,,527.7,945.2,144.0,347.7,501.3,367.9,,,,,,,,,1919.1,790.5,981.0,2435.8,1038.2,1815.2,,2499.9,1992.9,2425.4,4071.3,2345.6,3774.7,,385.6,771.2,147.7,290.3,288.1,69.7,,1036.3,1701.4,262.5,855.8,756.9,1032.5,,2893.3,3825.4,994.7,1443.0,2651.1,1874.9,,814.2,2042.9,476.9,809.6,1992.9,1239.1,,1519.9,2602.6,172.7,945.2,1012.4,1083.6,,,,,,,,,977.6,1614.7,1241.8,3372.7,1661.7,4488.1,,1400.4,3562.4,2298.3,5757.4,4956.4,7599.8,,2651.1,3166.6,1363.6,1759.2,4253.6,3097.7,,715.1,1223.1,716.0,1067.3,1376.7,2050.3,,4318.1,4672.0,2057.7,1781.2,4222.1,4672.0,,1764.6,4191.1,4130.3,2042.9,3653.7,2489.0,,6333.2,7402.4,4130.3,3372.7,4672.0,4318.1,,,,,,,,,14.2,19.9,24.0,56.1,135.3,82.2,,75.4,284.4,221.6,477.3,648.4,612.2,,55.6,140.1,71.7,55.6,386.9,102.2,,53.6,164.7,78.4,150.5,248.5,234.6,,251.9,526.3,154.6,248.0,611.5,380.7,,554.4,1061.4,942.1,607.6,906.1,1108.9,,174.0,411.5,92.8,271.5,263.0,669.0,,,,,,,,,994.7,536.7,1030.7,969.3,2590.8,526.3,,1637.9,1696.3,2849.9,2405.0,3958.2,1906.3,,228.0,622.9,193.9,44.4,381.5,151.9,,823.6,1838.6,316.8,547.5,1087.7,610.2,,1025.1,1732.4,145.2,733.5,1023.3,709.8,,3184.3,4351.0,1067.3,2050.3,1986.0,2307.6,,223.4,879.6,204.1,515.3,433.4,1344.3,,,,,,,,,,,,,,,,,,,,,,,,,,,,,,,,,,,,,,,,,,,,,,,,,,,,,,,,,,,,,,,,
20261003_松阪_4R,20261003,47,松阪,4,587.7,1110.2,389.1,366.8,1022.4,779.6,154.9,1064.5,2698.4,782.6,1066.3,2307.1,1863.7,983.5,2177.6,3978.4,2111.0,2414.9,3694.2,3042.3,1367.0,647.8,752.2,1738.4,849.0,660.2,1219.3,650.5,281.9,480.7,830.8,359.5,844.4,89.4,181.1,1575.2,3072.4,3318.9,1246.2,2041.5,2618.7,2240.5,1209.8,1869.3,2273.3,1198.1,290.2,2232.5,742.3,135.0,526.4,247.4,369.6,278.8,948.9,423.9,541.5,606.6,330.8,303.3,894.2,673.1,121.0,751.3,1002.6,408.3,715.0,1120.2,1470.7,197.6,1088.8,1407.3,911.3,823.1,1616.2,1312.1,162.2,420.4,404.5,748.6,632.0,321.9,929.0,151.0,178.0,466.9,509.5,396.5,684.2,99.3,65.2,1540.0,1591.3,2075.7,788.6,2232.5,2453.1,568.8,908.6,1575.2,1224.1,1110.2,218.9,1927.4,284.3,42.4,56.6,15.9,32.4,25.8,91.8,53.9,884.0,3738.7,505.4,1060.9,989.8,2118.2,899.4,784.6,1738.4,461.4,772.8,1157.9,1290.3,327.1,5087.1,3566.8,2342.0,3903.3,4250.9,5800.3,1778.3,265.4,237.9,723.3,421.3,78.9,488.6,154.1,815.5,911.3,2833.9,872.9,2132.7,593.9,658.1,1532.4,1484.7,3249.4,306.3,2941.4,2075.7,972.7,2575.2,3118.7,5800.3,1559.3,1700.3,2860.0,1830.7,567.3,248.3,335.8,278.8,753.1,643.8,678.2,3716.3,7757.9,2758.3,4965.0,3761.4,6673.5,2873.3,2641.0,3150.4,2821.0,2596.8,3854.8,3807.5,296.6,9263.2,5746.6,4965.0,6673.5,7052.6,9999.9,3166.5,3283.7,4340.1,4631.6,6602.5,3784.3,8994.7,2342.0,4165.3,2969.5,5444.1,7133.7,9403.5,2522.9,2585.9,5005.1,6464.9,6895.9,4848.7,9999.9,7477.5,3608.3,6084.6,6464.9,9999.9,8166.2,4433.1,8275.1,3336.7,1090.7,160.4,1226.5,974.3,1224.1,1391.5,1071.9,791.6,977.3,1506.3,1098.4,965.2,1659.4,823.1,541.5,569.9,1301.1,818.7,457.0,1200.4,242.6,330.4,260.0,931.8,504.1,88.5,583.3,178.1,2575.2,2273.3,2554.0,3928.0,2265.0,4497.3,1681.9,1188.9,1506.3,1312.1,3150.4,1175.4,1470.7,980.4,581.6,419.9,139.0,972.7,706.8,623.1,267.7,2028.2,2983.8,1768.1,5746.6,2216.5,1460.3,1783.4,526.4,219.1,398.8,565.2,527.7,272.2,754.1,210.1,351.6,792.6,339.1,764.3,64.2,150.3,189.8,489.0,806.0,698.9,1481.2,114.5,86.9,540.1,688.0,2350.8,953.3,2208.6,496.5,662.3,1571.2,2021.6,3903.3,3486.7,5444.1,1171.0,1198.1,649.2,1175.4,1030.9,2585.9,1151.4,596.7,703.6,1256.3,1933.4,2969.5,5005.1,1939.4,927.7,1367.0,68.1,117.5,256.8,384.7,231.8,426.2,112.1,209.4,115.6,580.5,388.6,400.6,1085.0,150.4,2860.0,3566.8,3087.7,2015.0,4083.1,4925.6,3903.3,2686.7,2886.6,3199.1,1420.2,3738.7,3042.3,1164.4,3199.1,2248.6,4737.6,467.3,4340.1,3807.5,1616.2,5215.4,5967.6,7388.5,4165.3,8060.2,6820.1,3410.0,1193.5,1004.2,289.6,1897.9,1748.2,1290.3,610.2,2927.5,5005.1,5171.9,9851.3,2575.2,2265.0,3042.3,5215.4,5591.3,5396.8,7856.1,2808.3,3761.4,2140.1,1964.0,929.0,1705.0,1191.2,845.5,3249.4,1748.2,1521.1,2833.9,3072.4,1681.9,346.3,3526.3,1106.3,1528.6,3182.7,3467.2,2368.8,606.6,4222.0,566.2,3854.8,4701.7,7133.7,3042.3,2629.8,5967.6,3182.7,4811.1,5855.0,9999.9,7477.5,3447.9,9403.5,3118.7,2154.9,3608.3,2675.1,8060.2,1951.6,2281.7,2443.4,202.9,327.3,697.3,1136.6,665.9,1130.4,260.6,5215.4,6398.3,6084.6,8386.9,3087.7,3057.3,4030.1,996.2,549.7,2342.0,1134.6,1612.0,543.4,2629.8,80.5,331.0,216.7,249.4,192.4,513.3,464.2,29.4,40.6,11.9,19.5,26.6,71.3,61.2,370.0,117.0,245.5,208.7,426.5,607.2,833.0,218.7,31.7,199.6,129.1,217.9,295.9,227.2,291.6,78.7,217.2,189.6,277.4,193.2,496.5,240.3,98.8,421.0,277.6,311.4,651.9,209.8,963.7,302.3,1073.7,509.1,368.9,934.6,1337.5,547.7,261.1,999.4,453.0,657.4,399.1,982.0
20261003_松阪_5R,20261003,47,松阪,5,1780.2,1059.1,2510.7,3663.9,1736.0,1147.8,1312.9,1649.7,1831.9,1689.5,3601.1,738.7,746.6,827.0,1361.1,2211.2,2351.4,1842.6,1662.7,1235.6,789.7,2604.1,2026.3,2551.3,3728.9,1892.4,1321.1,998.7,6496.8,6178.3,3580.6,6118.3,5528.0,2986.7,5295.7,1312.9,785.7,1500.4,1171.3,2625.8,769.4,956.2,520.8,374.6,473.8,441.6,1005.0,361.5,192.1,932.2,617.2,1041.6,428.9,1969.3,743.1,288.6,1649.7,1009.9,2396.1,2958.6,1628.4,1442.0,1177.9,1111.4,272.3,902.8,1198.0,305.1,1288.7,411.3,526.0,235.5,386.6,76.9,245.9,388.5,146.5,2342.7,1247.9,1125.3,2681.6,1307.4,2986.7,539.5,3707.0,2490.8,406.0,2864.5,2405.3,3866.2,1567.6,1029.7,326.1,394.6,925.3,1211.9,1068.1,491.1,1131.4,1636.8,855.0,2195.7,3248.4,1599.4,1046.8,697.8,332.7,155.8,228.7,554.7,429.2,666.8,1055.6,1131.4,1068.1,1805.7,409.4,561.6,505.7,856.2,180.2,457.6,1039.9,183.3,822.7,236.6,838.0,308.0,645.6,553.2,241.4,447.8,276.8,992.4,694.8,1024.7,1826.6,314.6,868.0,194.3,3501.0,2704.6,1611.7,2851.5,1712.4,4092.1,1780.2,135.1,75.8,70.3,95.9,283.6,74.4,34.7,311.2,851.6,795.6,906.7,1933.1,223.4,310.2,222.6,139.2,194.0,77.5,528.6,50.4,192.0,1740.8,3119.7,2944.8,2291.6,2026.3,2442.6,2582.7,908.0,588.9,914.6,194.5,617.8,1014.8,419.0,2520.7,876.4,2039.4,1364.0,778.0,2851.5,1059.1,3866.2,2165.6,2788.4,2242.6,2530.9,4406.9,1364.0,1963.2,390.6,1507.6,1740.8,1462.1,1337.9,1046.8,1969.3,1340.8,998.7,2039.4,1721.8,2825.9,1391.1,1939.0,1595.4,3685.3,4118.9,1987.9,3104.4,2452.1,1837.3,564.6,933.6,835.8,926.7,1099.8,1881.1,2572.2,2242.6,1583.4,4258.0,1853.5,1385.0,737.9,1707.8,1302.0,1676.0,3751.1,1540.8,2520.7,553.7,1233.2,1094.0,1837.3,2890.7,526.0,1462.1,304.8,1837.3,2360.2,2693.1,2541.1,2234.7,3842.6,874.0,3334.3,5165.5,5001.5,4406.9,5041.5,7002.1,1575.4,1149.9,1323.9,524.7,1563.7,2838.7,1445.3,315.4,1117.3,3370.0,1886.8,3198.9,5082.2,1703.2,331.8,261.8,206.6,134.2,250.2,513.6,121.8,156.5,7327.8,8292.0,5432.7,9133.2,9695.2,6633.6,7977.1,4668.1,4118.9,800.7,5781.5,6430.5,5479.9,3074.1,7327.8,4469.4,2917.5,5165.5,5001.5,9405.8,3501.0,3352.0,624.5,2681.6,2877.5,2039.4,2490.8,1465.5,9999.9,8079.4,6704.1,5677.4,8079.4,9548.3,4013.9,9002.7,7592.7,3089.1,2670.3,8184.3,8292.0,3150.9,6633.6,9999.9,9999.9,3642.7,9999.9,9999.9,6704.1,5479.9,3501.0,2958.6,1805.7,2838.7,2490.8,4469.4,1135.4,406.5,727.7,1064.5,2433.1,554.2,664.7,840.2,255.4,464.0,524.2,1641.1,744.0,330.9,141.2,103.0,117.7,100.0,504.9,124.5,52.0,731.9,689.4,370.2,858.5,1291.3,770.4,580.2,890.1,783.8,296.5,868.0,2150.8,946.2,257.0,4118.9,4437.9,1921.3,2378.0,3265.2,3601.1,2234.7,302.9,725.1,250.0,732.7,787.7,2136.2,337.7,271.5,174.7,63.6,225.7,88.5,716.9,208.2,374.0,259.0,317.3,326.0,708.0,228.0,137.7,960.6,1671.6,810.0,2461.6,3316.8,1529.5,1079.0,478.5,1202.6,1154.2,995.5,1603.5,328.3,392.3,1016.4,1235.6,2013.4,2195.7,1286.1,1790.3,1472.4,998.7,2604.1,1462.1,2165.6,3621.8,1209.5,382.6,3166.8,6704.1,6059.5,2173.0,6059.5,5041.5,3282.2,325.0,663.3,265.7,647.0,526.9,1552.2,318.9,182.1,489.2,280.7,475.6,179.2,1021.3,281.2,360.7,245.1,422.6,178.0,639.1,256.3,146.8,288.8,119.3,81.5,100.4,372.2,147.4,333.7,116.6,68.1,121.8,33.0,281.0,25.5,115.4,379.4,145.2,234.0,169.3,248.5,244.8,408.9,60.0,48.8,22.7,55.2,151.4,20.2,43.8,712.8,1026.3,812.1,561.1,419.8,721.8,649.0,123.8,97.7,27.5,118.4,36.6,290.5,100.5,109.0,376.4,195.1,364.0,112.0,436.4,171.8
20261003_松阪_6R,20261003,47,松阪,6,282.6,583.5,1233.8,1745.7,614.5,387.2,167.2,286.8,208.3,889.9,1460.8,381.1,1263.3,126.3,1099.3,495.6,2319.1,4322.7,1604.6,3416.3,739.7,2229.6,1731.4,2658.7,1914.0,2294.0,4850.7,898.7,2941.8,2491.9,4707.0,1390.4,3434.8,6354.4,1016.7,624.2,562.8,974.6,973.1,1755.3,1498.6,162.4,1041.7,3193.2,4506.7,6229.8,8472.6,2482.2,1434.4,59.4,48.0,147.9,190.8,251.6,18.8,279.1,247.6,361.0,1132.7,1318.3,636.7,292.0,166.9,227.9,245.9,826.3,896.2,527.7,291.0,176.6,848.3,558.3,1820.7,1836.5,1641.9,1062.6,738.8,2277.5,1826.0,2353.5,1685.5,2362.2,1663.4,1281.1,3225.6,2285.7,2997.3,1612.8,3996.5,2154.0,1572.8,857.5,854.0,1393.5,1629.3,2849.5,1187.7,406.0,222.8,177.8,306.9,532.6,547.8,417.5,112.9,82.2,112.5,221.7,435.2,557.4,112.1,130.3,244.7,183.2,804.3,1155.3,380.9,1130.6,129.2,240.9,215.4,927.6,1011.8,511.2,463.8,209.3,129.1,141.5,372.6,536.2,276.7,545.9,89.6,1815.5,1949.2,1208.0,1847.2,2132.3,3040.4,1192.2,3130.2,2647.7,1770.0,1592.6,4538.9,6418.6,1740.9,526.9,745.8,612.1,1233.8,2750.8,1992.0,279.4,2310.7,1222.0,1512.9,3225.6,5623.4,2888.4,1434.4,59.5,121.4,92.7,387.7,479.9,72.3,450.0,2023.7,1038.3,3099.7,7475.8,2269.4,6354.4,1192.2,1998.2,937.2,3851.2,5043.2,3569.9,3069.8,1440.9,514.5,471.0,1165.9,1402.7,962.8,1681.0,315.3,4888.0,5431.1,3130.2,4888.0,9344.8,9209.4,4538.9,9999.9,5883.7,3530.2,6110.0,9999.9,6551.0,6551.0,2774.8,4964.4,2604.2,5829.8,8043.6,6688.9,1998.2,9209.4,4925.9,5124.5,9484.3,7943.1,9209.4,5673.6,918.2,1444.2,680.3,2888.4,3996.5,1270.8,2969.3,4180.5,3590.1,2023.7,4021.8,3114.9,6484.1,1896.8,3530.2,3040.4,3610.5,3258.7,4180.5,4538.9,2762.8,3362.1,3055.0,2604.2,3326.9,4638.3,7943.1,3416.3,4474.9,5623.4,3025.9,5124.5,8704.7,9344.8,5574.1,3011.6,2294.0,2388.9,3416.3,3069.8,4236.3,1874.4,5083.5,5994.7,4777.8,7304.0,6354.4,7564.8,3114.9,9776.1,5251.6,7656.0,9999.9,8361.1,8146.7,6982.9,1625.1,3011.6,2669.9,3416.3,2353.5,1998.2,5623.4,6551.0,5478.0,8472.6,3275.5,7060.5,9999.9,2139.5,6688.9,3453.5,6418.6,2983.3,9999.9,5574.1,4073.3,6110.0,4264.7,3177.2,3309.6,9999.9,9999.9,3805.0,9999.9,7139.8,3946.8,5431.1,9999.9,9484.3,8825.6,2669.9,2647.7,2604.2,3652.0,4047.4,5295.4,1616.9,9999.9,9999.9,9999.9,9999.9,8146.7,9999.9,3549.9,9999.9,7221.0,9999.9,9628.0,9776.1,9999.9,8825.6,1538.6,3530.2,2836.8,5829.8,2154.0,1800.1,6291.5,1201.2,929.0,1415.2,2647.7,4153.2,2901.5,203.9,1312.9,1387.4,2336.2,2727.2,4814.0,2090.2,731.2,996.0,994.4,1690.0,1676.6,4382.4,4126.2,518.3,2453.4,1992.0,2253.3,2353.5,7749.3,4571.5,1779.9,6551.0,5525.6,4264.7,6051.8,7656.0,6619.2,2983.3,8704.7,9999.9,9999.9,9999.9,6982.9,9999.9,4412.8,8146.7,6551.0,9077.8,8704.7,9209.4,9999.9,2327.6,125.1,336.5,291.3,548.7,717.2,1064.4,800.3,2379.9,5385.1,3996.5,6619.2,9999.9,6982.9,2444.0,888.7,638.0,970.1,1399.6,1726.7,1396.5,412.3,4047.4,1381.4,1841.8,6551.0,9484.3,6760.0,1726.7,7221.0,4382.4,5124.5,8146.7,7388.9,9209.4,5776.8,9776.1,5339.9,9999.9,9999.9,9999.9,9999.9,8252.5,9999.9,5724.7,9999.9,7749.3,7845.0,9999.9,7475.8,7845.0,6229.8,8587.1,8949.9,4707.0,9999.9,2799.3,1931.4,1120.7,2531.6,3344.4,5043.2,5525.6,2043.2,21.6,13.8,53.0,78.3,105.0,5.9,107.9,40.4,71.7,182.6,293.3,364.1,56.1,138.2,23.8,55.4,62.4,210.1,262.6,34.8,287.5,156.3,345.7,211.6,552.0,1046.8,211.6,838.3,340.9,819.9,648.4,915.6,869.2,392.7,1393.5,327.2,1002.2,919.6,1580.7,661.2,481.7,1967.3,13.8,39.9,31.7,72.9,129.4,170.7,148.9,387.9,409.4,800.3,1060.8,1031.5,1126.6,343.1
20261003_松阪_7R,20261003,47,松阪,7,60.2,45.0,105.7,352.3,62.2,55.4,30.0,66.6,50.6,98.3,360.6,36.5,54.9,82.4,37.2,39.0,58.6,216.3,47.1,16.3,53.2,109.1,120.8,82.7,255.2,92.6,75.5,80.4,869.7,819.9,468.3,347.1,829.8,486.9,870.8,97.6,60.8,82.8,121.8,479.8,73.9,97.4,57.0,64.2,29.4,74.1,258.8,55.4,47.6,50.5,117.1,86.2,101.8,569.7,93.7,63.5,170.7,161.5,306.8,776.3,183.0,159.4,91.6,368.6,955.6,981.5,1872.2,462.0,1575.9,535.1,431.3,1154.8,1513.4,2622.5,1135.7,1477.6,974.6,660.6,1293.9,1647.7,1554.5,1102.8,2911.4,697.5,2260.2,3926.3,5166.2,2592.8,4089.9,5872.7,1946.4,380.4,485.2,997.2,1016.4,2726.6,1360.6,372.8,800.8,2612.5,2402.4,3351.7,5166.2,2345.0,1281.9,92.6,256.8,487.3,331.9,952.9,188.3,526.5,124.1,137.8,154.9,535.9,66.5,132.2,118.3,303.8,750.1,829.8,1612.9,367.6,1530.3,444.4,380.6,998.7,998.7,2038.8,547.9,1601.6,1158.6,394.2,876.4,922.2,1176.5,347.3,1342.0,644.5,1667.7,3597.4,3210.7,1547.5,1739.5,5872.7,2369.3,61.0,140.7,230.4,148.8,530.5,401.1,159.6,886.5,2632.5,2337.0,2427.9,5678.5,982.9,2051.0,353.9,485.5,1164.5,733.3,2069.5,376.7,1349.9,210.9,210.7,293.6,836.9,269.7,124.0,361.0,524.9,1388.0,1980.1,4241.3,1568.7,2094.8,1150.9,618.4,1222.6,1396.5,3053.8,672.9,2402.4,1952.0,734.0,2147.2,1761.8,1452.6,2632.5,3817.2,1908.6,2471.6,5089.6,4348.7,2394.0,6940.4,4241.3,7083.5,782.5,1594.2,970.4,2282.7,4550.3,2748.4,1887.6,378.7,2174.3,2480.5,2839.2,3694.1,1458.8,2202.2,1102.8,1808.1,2851.0,2974.4,6803.0,2726.6,3040.2,234.5,235.2,319.2,481.1,231.5,307.1,236.6,416.6,643.3,1311.2,1388.0,664.5,2369.3,598.5,340.6,629.7,1158.6,1265.3,434.3,1726.3,778.1,683.0,1794.0,1568.7,1898.0,2361.1,3040.2,2195.2,531.8,1063.6,928.5,1281.9,884.3,1757.3,1145.1,617.3,1244.7,709.0,2394.0,1506.8,3000.4,1083.7,1817.7,4404.5,3335.4,4018.1,4241.3,4215.3,3926.3,477.4,693.3,931.0,2147.2,1530.3,883.1,2673.5,1974.4,1862.0,1311.2,939.9,2174.3,1520.1,2445.2,2936.3,4432.9,5822.9,3151.8,6543.8,9999.9,3838.5,2987.4,5205.3,3674.3,2563.8,3523.6,9999.9,4838.7,2759.4,6940.4,4979.0,3151.8,8697.5,5725.8,7157.3,677.6,1713.4,1554.5,1784.6,1688.2,3026.9,1968.7,3734.2,5923.3,3578.6,6246.4,2974.4,9677.5,5245.0,5453.2,9999.9,9999.9,6362.0,8379.3,9999.9,9999.9,4674.1,4611.4,5089.6,8083.6,3775.3,6803.0,9815.8,313.0,189.1,361.8,404.6,1484.0,461.1,320.6,441.5,531.4,1293.9,1194.9,3000.4,1735.1,512.7,118.9,236.6,415.6,272.1,885.4,736.4,279.3,818.9,1575.9,1037.9,2622.5,4804.9,3319.3,2133.8,742.0,1609.1,670.3,2592.8,2038.8,3166.3,1316.2,3351.7,4979.0,2516.8,5326.4,2147.2,7083.5,5205.3,1722.0,4580.7,2298.0,4674.1,4838.7,8923.4,3053.8,557.7,591.3,684.3,1952.0,1119.0,3734.2,2088.4,497.1,663.2,260.7,811.2,1551.0,688.4,557.7,1135.7,5453.2,4041.8,6362.0,9999.9,5205.3,2298.0,1537.1,5205.3,4461.7,4674.1,9412.4,3635.4,5326.4,394.8,2202.2,3418.4,3754.6,4241.3,3435.5,2851.0,2174.3,8482.7,5632.0,7897.7,7989.6,6362.0,6362.0,5052.2,9999.9,9999.9,6482.1,9543.1,9999.9,9999.9,1857.0,6543.8,4550.3,6027.2,5285.4,9999.9,4461.7,1572.3,2827.5,4838.7,4241.3,5923.3,9040.8,4241.3,160.0,307.4,370.4,389.2,1547.5,262.3,291.8,120.9,321.0,691.9,372.6,1162.6,255.7,716.4,451.4,565.5,1743.9,1111.8,3026.9,483.8,1997.4,710.5,1474.4,2471.6,3013.6,5326.4,1419.6,2874.9,667.0,759.2,1065.2,2290.3,2462.7,928.5,2936.3,3505.6,3470.2,4461.7,7157.3,3195.8,6670.9,7720.2,538.9,551.4,709.0,1852.0,1014.9,4065.7,1798.7,1251.5,2044.9,3368.1,3435.5,4139.1,7808.0,2748.4
20261003_松阪_8R,20261003,47,松阪,8,950.8,1404.9,1880.3,1866.2,518.8,2679.4,689.5,1150.6,2443.8,1803.4,6252.0,807.5,1807.8,2006.0,1503.5,2187.3,2420.1,5683.6,382.9,3126.0,2534.6,2885.5,2614.1,3572.6,6883.0,1885.0,4778.6,3928.0,6581.1,8723.8,9999.9,9999.9,7355.3,9999.9,9999.9,233.5,363.3,144.1,622.6,1847.9,712.4,477.8,3538.9,1838.8,3827.7,4631.1,9999.9,2055.4,4778.6,959.3,1752.9,3037.4,2953.7,6758.9,1267.3,4748.4,668.0,940.1,1140.1,1346.9,373.6,1880.3,547.2,521.3,488.7,302.2,416.8,162.9,382.9,240.0,969.3,726.2,848.6,1190.8,253.8,1488.5,628.3,946.0,428.4,889.9,720.0,389.1,1039.1,383.3,1404.9,556.9,1023.5,673.4,459.4,1050.7,321.4,142.6,99.7,86.2,161.7,243.9,351.8,76.9,1752.9,458.5,1194.6,975.6,964.3,656.3,564.5,226.3,107.6,251.0,160.5,131.0,60.2,277.2,1030.5,2000.6,1282.4,3990.6,583.3,1397.1,1674.6,596.3,570.0,385.1,475.7,169.8,341.1,324.7,2078.2,1019.3,1300.2,3659.7,521.7,1198.4,2467.9,1082.6,346.8,947.2,2155.8,261.0,318.9,943.7,8067.1,2852.6,5954.3,5358.9,4413.2,4935.8,5727.0,299.5,106.7,182.6,202.3,1252.5,161.0,313.1,478.1,165.2,302.0,136.0,779.0,95.6,367.2,1638.0,480.3,2143.5,1334.9,3969.5,633.6,1213.9,1638.0,2239.5,2089.8,6200.3,368.4,3334.4,2930.6,1194.6,931.9,1250.4,2404.6,306.2,1948.6,1164.9,2033.1,1067.2,1512.5,4574.6,443.1,1852.4,3192.5,2820.4,1899.3,1777.8,4935.8,522.0,2989.0,3364.3,9999.9,5476.2,7897.3,9999.9,3179.0,7981.3,9999.9,127.1,76.4,100.4,97.9,475.1,153.3,166.0,3641.9,2953.7,2101.5,3074.7,7077.8,808.4,4631.1,3379.4,1381.6,2953.7,3049.7,8067.1,736.9,5174.1,2517.6,2467.9,2180.9,6149.5,1429.0,4191.3,3379.4,2180.9,793.0,1423.6,1391.9,683.2,1689.7,844.8,1866.2,762.4,1528.0,3695.8,692.1,661.5,1889.7,3410.2,2219.6,2162.0,5516.5,845.8,4145.0,4439.3,9999.9,4122.2,7897.3,8723.8,6358.0,9999.9,8154.8,759.3,455.5,532.8,379.6,2517.6,1242.1,1126.4,5320.9,2551.8,720.0,3928.0,7502.4,2200.1,4099.7,4361.9,1488.5,2660.4,4287.1,5954.3,2459.8,5320.9,9999.9,9999.9,9999.9,9999.9,9999.9,9999.9,9999.9,5815.8,3025.1,3751.2,3808.3,3037.4,4871.7,1366.5,9999.9,5174.1,7655.5,9999.9,9999.9,9999.9,9999.9,9999.9,7578.2,9378.1,9999.9,7077.8,9999.9,9999.9,9999.9,6412.3,9999.9,9999.9,9999.9,9999.9,9999.9,8931.5,3990.6,9496.8,4718.5,9618.5,9999.9,9999.9,9999.9,9999.9,9999.9,9999.9,9999.9,9999.9,9999.9,9999.9,1667.2,9999.9,9999.9,9999.9,9999.9,9999.9,47.8,73.2,21.5,131.6,529.4,194.0,106.2,61.3,51.8,29.8,79.3,128.0,194.4,49.6,92.6,47.8,55.9,100.2,588.4,109.3,165.6,17.1,11.8,21.2,19.3,150.1,49.0,33.3,202.1,127.5,136.2,82.0,788.9,343.3,276.0,1431.7,826.2,1799.1,825.3,1995.3,2942.1,2500.8,295.4,210.3,93.0,155.1,409.3,1254.5,572.7,149.6,51.1,179.4,79.5,182.6,976.8,399.2,3641.9,1769.4,3410.2,4546.9,9999.9,2095.6,5815.8,2322.7,361.0,661.0,628.8,1327.8,550.8,778.2,561.5,152.7,275.4,152.2,822.6,112.5,493.5,3394.7,1720.7,1076.3,1995.3,5683.6,804.1,2885.5,3827.7,1623.9,542.4,2143.5,4935.8,1311.6,3113.0,9999.9,5727.0,4778.6,7897.3,8826.4,8623.5,9999.9,950.8,379.6,172.8,279.9,469.7,2301.3,917.1,5138.6,1740.7,1459.6,3261.9,4122.2,7283.9,2022.2,811.0,1885.0,2789.0,1777.8,4465.7,965.5,3990.6,400.5,229.0,397.1,343.5,250.4,109.6,522.4,1990.0,564.0,2174.6,1034.8,4055.3,1004.3,1313.9,2799.4,865.3,2651.0,1656.1,7077.8,782.3,4361.9,3473.3,1258.8,2200.1,3410.2,5436.5,1531.1,3808.3,9149.3,1246.2,5246.4,9999.9,5476.2,5907.4,7578.2,490.3,141.6,501.8,274.8,494.8,1866.2,1024.9,4809.2,1485.6,1468.1,5683.6,4055.3,7578.2,2322.7
20261003_松阪_9R,20261003,47,松阪,9,964.0,1945.8,1649.8,3220.4,668.6,1381.0,962.7,597.6,646.3,464.4,2938.2,159.3,1723.1,277.7,2858.4,1443.2,2107.1,8286.3,495.9,4097.1,1592.8,2394.4,1199.1,2508.4,6094.9,959.0,4312.8,1189.4,9999.9,6765.9,9999.9,9999.9,5853.0,7845.6,9999.9,213.7,94.2,60.9,237.4,995.2,459.4,117.0,3615.1,4120.0,4851.9,5051.2,5807.0,1951.0,3922.8,764.2,253.2,949.1,462.3,2793.5,248.8,1592.8,1469.1,3724.6,3307.1,5995.8,992.5,2458.2,1523.7,1314.5,3047.4,1420.9,2311.8,583.4,683.4,691.8,5230.4,5947.4,5807.0,5267.7,2691.5,5462.8,6145.7,3414.3,2137.6,4442.7,5587.0,1839.1,3010.1,1280.3,9999.9,7160.0,9999.9,8286.3,3650.9,1296.1,7682.1,516.4,527.1,407.2,917.2,1386.2,317.1,511.0,1523.7,580.7,1971.8,1328.8,314.8,279.2,583.9,1078.2,464.4,2188.3,557.0,3098.6,553.2,672.8,414.0,408.5,377.6,1646.1,92.6,991.2,165.3,602.0,1159.5,576.6,1517.4,221.8,271.9,298.9,1143.3,2131.4,1613.7,3902.0,590.9,2973.7,713.2,508.2,458.3,866.6,2194.9,200.2,860.5,97.8,4552.4,5157.2,5503.6,5545.0,3060.1,4238.4,2425.9,60.6,123.8,47.1,117.8,698.3,244.4,39.4,1956.2,626.0,3072.8,1572.4,1723.1,824.0,881.1,64.9,87.4,178.2,18.2,445.6,21.4,200.4,4884.0,2731.4,4416.1,9999.9,667.4,8476.8,3511.8,5305.6,7160.0,7301.8,9999.9,3307.1,7929.9,6469.2,2847.4,3352.2,4851.9,9577.7,1247.8,9999.9,1628.0,6526.4,9104.8,5807.0,9999.9,4029.9,9703.8,4287.7,9999.9,9999.9,9999.9,9999.9,9999.9,7845.6,9999.9,480.1,1293.8,806.8,1642.5,3446.2,2014.9,871.7,9999.9,7525.4,8779.6,9218.6,9104.8,5383.1,8104.2,3650.9,3248.8,1582.5,3511.8,9999.9,1429.2,6644.0,2903.5,1472.0,1807.5,7230.2,1095.8,4166.6,1178.0,3010.1,1661.0,2961.8,5016.9,1539.6,2450.1,984.6,918.4,947.9,1300.6,3248.8,367.2,1007.4,143.7,4214.2,4727.4,3562.7,7845.6,2711.3,7091.2,2410.0,9999.9,9833.1,9999.9,9999.9,7449.3,9999.9,6145.7,827.7,1061.1,454.1,907.1,3687.4,1418.2,316.1,6303.3,4097.1,2417.9,8575.4,7525.4,2701.4,1803.1,460.0,299.7,79.9,616.1,1201.1,148.8,416.4,9999.9,9999.9,9999.9,9999.9,9833.1,9999.9,9999.9,9999.9,8104.2,9999.9,9999.9,9999.9,1687.6,9999.9,9999.9,9999.9,8993.7,9999.9,8104.2,9999.9,5503.6,9999.9,9999.9,9999.9,9999.9,9999.9,9999.9,9999.9,9999.9,9999.9,9999.9,9999.9,9999.9,9999.9,9999.9,8676.3,9999.9,7602.9,9999.9,9999.9,8286.3,9966.0,9999.9,1606.7,9577.7,9577.7,9999.9,6828.6,8575.4,9999.9,9999.9,5587.0,9999.9,8676.3,9999.9,9999.9,78.2,46.1,22.6,114.8,488.7,200.8,42.6,164.3,207.8,133.5,377.4,718.8,148.0,246.7,65.6,160.4,68.2,133.3,823.0,304.6,48.7,49.0,103.2,111.0,193.8,513.5,190.6,108.0,360.1,588.5,254.7,363.6,2188.3,944.2,202.2,1993.2,2691.5,2356.1,1687.6,3632.9,2208.0,2319.1,477.6,391.8,552.0,326.0,996.6,891.7,508.2,71.5,151.0,43.7,94.7,71.4,806.8,248.8,3986.4,5853.0,5230.4,5051.2,7763.0,2711.3,5051.2,2020.5,1068.8,2596.7,1915.5,465.8,472.1,862.5,4416.1,2014.9,7301.8,2825.6,5230.4,2425.9,2054.2,8194.3,6644.0,6957.4,8104.2,7091.2,4287.7,6644.0,6357.6,6644.0,3307.1,8380.5,8104.2,3277.7,2869.6,4052.1,976.8,3060.1,3352.2,4008.0,1871.8,2691.5,1781.3,1043.1,1223.0,1125.9,2083.3,1961.4,889.6,4442.7,2137.6,1287.0,5230.4,1664.7,3687.4,1112.3,569.4,170.9,728.0,289.7,2534.3,182.5,1305.2,653.8,195.8,1383.6,245.0,2054.2,298.9,494.9,58.6,66.3,182.0,13.5,383.5,18.6,150.4,1539.6,2499.9,782.0,868.6,5193.5,713.9,2892.1,172.9,95.8,26.5,278.5,657.2,44.7,195.4,6145.7,5121.4,1925.5,8476.8,2938.2,3220.4,5121.4,98.6,160.4,40.0,163.5,55.5,828.6,252.3,2060.0,967.8,558.2,2949.9,604.0,2491.5,645.2
20261003_松阪_10R,20261003,47,松阪,10,789.8,241.9,541.7,922.6,156.4,368.2,206.6,2085.6,1589.9,3161.5,4155.5,1911.2,2563.2,1041.8,154.8,458.6,389.4,516.9,100.5,133.4,104.3,1317.0,2842.1,1488.5,3862.8,1022.4,2569.2,1647.2,1654.6,3744.2,2069.9,4533.3,2643.5,3236.1,1480.5,131.2,710.0,187.6,255.9,1133.3,354.9,191.3,630.4,2016.6,497.7,1834.5,2695.4,652.6,571.3,224.3,237.2,207.6,638.5,615.9,209.2,313.2,503.2,197.9,389.9,565.7,119.3,353.5,139.9,1165.8,1856.2,1700.8,1637.4,700.5,1637.4,432.2,315.5,997.3,1012.0,994.6,310.2,448.1,419.5,710.9,1271.2,1153.5,1504.8,150.0,1090.5,402.7,859.0,1140.3,1383.4,1458.8,383.8,1075.5,217.5,34.9,126.7,78.1,17.1,130.4,105.5,15.0,554.0,1564.9,573.1,1313.8,1128.6,469.6,472.8,81.8,58.6,183.1,157.1,120.4,42.3,149.4,3706.2,2329.2,4139.8,4790.6,3396.4,3030.5,1349.3,3718.8,6061.1,4875.8,4018.5,2155.3,4832.8,1259.5,3608.7,6771.9,8187.0,7565.9,6378.2,6491.4,2695.4,7836.1,6341.3,9999.9,9999.9,4648.5,5325.5,4336.2,7077.8,6814.0,7725.7,9999.9,7725.7,9999.9,1346.0,3585.1,2009.2,5299.8,2989.2,8919.2,4854.2,1263.8,4477.8,6415.5,6491.4,7463.0,9999.9,5804.5,2035.3,655.7,720.3,918.8,1610.9,907.4,670.9,689.9,236.8,757.1,691.2,862.4,193.0,233.5,189.8,603.1,2637.1,2142.6,2925.4,626.8,1007.4,885.4,2957.0,6233.3,8992.3,7671.7,4353.4,6061.1,2695.4,2722.2,3809.2,6814.0,9883.4,3134.4,5568.8,3809.2,3334.5,5684.2,6415.5,9999.9,6163.2,3918.0,3493.8,611.5,631.5,3013.9,1402.8,4155.5,1038.8,697.4,637.4,983.9,3354.9,3099.0,3344.7,995.5,837.4,536.7,779.7,702.3,2499.0,2344.1,643.4,1052.8,2248.0,5126.4,2344.1,7362.8,1733.1,4252.1,3047.3,2058.2,3822.5,2805.7,4854.2,329.4,3038.9,1120.5,6771.9,5274.3,9623.3,9999.9,4749.1,8007.7,5540.7,3849.3,4388.2,8992.3,9999.9,3989.3,7362.8,6569.2,9999.9,8007.7,9999.9,9999.9,5430.9,9066.6,6771.9,979.5,235.2,1690.3,1509.0,2432.5,1196.3,528.7,5994.8,4302.2,6771.9,6987.6,9999.9,2405.8,5377.7,2933.3,1428.4,3304.4,4749.1,5430.9,1065.1,4405.8,2871.8,5804.5,3538.9,6689.4,4155.5,5684.2,2304.7,2073.8,2749.5,2770.3,3471.7,1037.9,3013.9,473.6,7514.1,5351.5,5898.1,9623.3,7565.9,9066.6,1421.0,4477.8,5009.4,7170.3,9708.5,6771.9,5174.8,4219.4,9999.9,6530.1,9795.1,9999.9,5774.0,9999.9,6608.8,2618.2,816.8,3693.8,4108.8,2101.6,3143.4,964.0,8438.9,4832.8,8992.3,6771.9,9999.9,6943.4,3918.0,1172.0,486.9,551.8,1644.7,2172.3,861.1,1585.3,78.3,670.1,212.3,185.4,982.1,423.5,175.3,25.9,101.5,61.3,9.7,119.7,76.4,11.9,1386.9,520.6,2058.2,745.7,3757.0,2329.2,525.9,458.2,293.8,1813.3,542.2,2454.2,886.8,526.1,160.7,34.6,340.0,256.9,550.1,243.1,91.3,1451.1,401.5,2527.7,2465.3,831.1,1894.7,566.0,747.3,373.1,2113.7,941.6,535.4,2202.9,547.4,110.8,34.4,112.2,240.3,82.8,306.3,223.6,704.5,3055.8,673.0,2729.0,3561.8,761.8,668.5,971.7,3439.0,1184.7,2871.8,3179.8,904.4,1112.6,5199.3,5962.2,6453.3,6943.4,9999.9,6094.7,2729.0,778.6,889.0,3782.9,3550.3,3718.8,957.2,828.5,4832.8,4268.7,6987.6,6415.5,9999.9,2493.3,5299.8,7313.7,4514.6,9795.1,6304.9,9999.9,6530.1,3396.4,1002.7,750.8,3107.8,1232.6,1321.7,3538.9,1016.7,910.4,1069.2,1142.7,1130.9,2722.2,2097.6,1048.8,203.9,202.1,274.1,688.6,511.2,246.3,399.2,132.2,82.6,281.5,250.1,200.6,57.6,223.7,150.0,118.7,253.2,351.5,208.1,110.8,168.3,481.5,618.4,500.4,1486.5,1388.6,527.9,743.2,1428.4,674.6,844.5,2113.7,2117.8,551.5,2042.9,442.3,273.6,183.3,709.1,756.0,334.4,574.6,159.4,50.7,113.8,316.9,141.8,301.3,262.0,640.8,611.5,454.8,879.0,1589.9,1041.8,529.9
20261003_松阪_11R,20261003,47,松阪,11,280.9,82.1,53.9,1338.9,266.4,473.4,132.9,504.5,1344.9,306.2,1106.7,1352.5,1512.8,1497.7,439.6,2033.4,426.4,5659.0,1616.8,1831.6,1614.7,18.7,71.1,76.5,310.0,21.6,145.2,58.3,5740.3,3657.6,8631.1,2115.9,8448.7,6314.3,9999.9,521.8,1295.5,1193.7,216.6,3029.6,1302.6,1159.1,1759.1,2822.8,3260.1,778.0,6347.7,2842.9,3076.2,216.1,786.1,798.7,170.6,3624.5,865.6,1568.2,271.4,87.4,49.7,1113.9,250.4,471.4,121.2,411.5,336.3,265.8,991.5,1229.2,998.1,468.8,98.7,218.3,62.6,657.3,310.8,242.8,79.7,28.4,142.7,61.0,602.8,79.5,213.4,65.7,3657.6,2520.4,2509.8,2708.1,6028.7,4937.1,3657.6,603.7,1518.6,805.1,432.8,4346.8,1610.3,918.6,1150.2,1593.2,916.5,791.8,3341.8,2101.0,1008.1,91.3,237.8,42.5,56.3,850.2,341.7,329.0,687.1,2134.7,350.4,1222.9,1950.7,2696.0,2047.3,583.5,554.4,343.1,702.4,1364.8,1129.6,816.6,3447.4,1696.9,2438.4,3408.3,5528.6,4315.5,4510.2,227.6,317.4,970.6,608.0,510.5,802.4,1035.1,1045.9,413.4,1390.1,376.9,1591.1,419.3,1546.0,3295.9,3737.4,5040.8,2142.3,5332.1,5105.2,6740.0,3029.6,1996.2,3447.4,1675.5,1279.0,4239.3,4459.9,2816.2,1706.5,5238.9,2552.6,3507.9,6740.0,5478.1,1125.4,4331.1,1075.9,9597.8,2636.7,4704.8,2608.0,548.3,860.6,323.5,2696.0,1475.6,1170.4,437.0,5453.2,2165.5,4269.4,6934.8,8051.8,6702.3,6778.1,822.2,616.5,2636.7,5968.7,2093.7,3225.0,1638.9,9999.9,9915.0,9020.4,9999.9,9999.9,9228.6,9999.9,5503.3,4650.0,9300.1,4741.9,9999.9,8051.8,8508.6,6665.1,3323.3,7740.1,6415.6,9915.0,9999.9,7227.2,3591.9,871.2,5580.1,2520.4,9915.0,6059.2,4837.6,8.4,39.0,65.5,198.3,9.1,64.1,30.3,16.3,124.6,75.3,591.2,49.6,151.8,57.9,132.3,290.7,771.5,940.2,377.5,716.6,719.2,256.7,310.6,1254.9,3260.1,634.7,1424.8,990.6,998.9,2689.9,2458.4,5881.0,2563.5,4151.2,4998.8,38.2,86.3,285.3,336.8,878.2,228.1,240.8,228.0,461.7,1238.1,1548.0,2954.9,489.4,1249.7,75.1,102.6,518.9,541.6,1919.5,233.6,691.8,9999.9,5453.2,9999.9,3808.6,9999.9,9999.9,9999.9,9833.8,4362.6,7545.4,7360.2,9999.9,9999.9,9999.9,3157.1,1877.5,3985.7,1560.1,5767.9,1532.2,4798.9,9999.9,9999.9,9446.6,9999.9,9999.9,9999.9,9999.9,3060.5,6555.8,4108.6,9999.9,8051.8,9999.9,9999.9,9999.9,9999.9,9999.9,9999.9,9999.9,9999.9,9999.9,9999.9,9999.9,3549.4,9999.9,9833.8,9999.9,9999.9,9999.9,9999.9,9521.6,9999.9,9999.9,9999.9,9999.9,1324.2,3014.3,2585.6,422.5,8448.7,3972.6,2714.3,1315.4,3242.5,2911.9,990.6,9158.2,3602.7,1761.7,4857.1,6248.5,9158.2,3389.0,9999.9,9999.9,9521.6,5332.1,4723.3,9999.9,4857.1,9999.9,9999.9,9300.1,298.2,597.7,1673.2,2086.4,3760.8,1324.2,1440.2,9999.9,9999.9,9999.9,9999.9,9999.9,9999.9,9999.9,6665.1,7945.2,9999.9,9999.9,3959.4,9999.9,9999.9,4066.8,2999.3,9999.9,9228.6,2739.0,9999.9,9999.9,2790.0,5740.3,4798.9,1090.6,9999.9,4300.0,4857.1,2201.3,2636.7,2072.0,1382.1,5852.3,3920.6,2127.1,4896.8,3006.8,6591.8,2751.6,2654.2,7545.4,7790.4,7057.2,3808.6,9833.8,6628.3,9999.9,9999.9,9521.6,647.1,1003.9,2086.4,2954.9,4459.9,1369.5,2531.0,9999.9,8631.1,3437.6,9158.2,7015.9,9999.9,9997.7,5685.9,6816.6,9999.9,9753.8,3341.8,9999.9,9999.9,6281.2,3570.6,8631.1,9158.2,4876.9,9999.9,9999.9,158.8,1253.6,898.6,119.9,3225.0,877.6,1718.8,103.9,538.4,107.9,74.3,1636.7,575.1,639.8,2478.7,1546.0,5285.1,2238.2,3714.3,5968.7,5823.9,2234.1,674.0,4686.4,1845.7,7183.9,4300.0,4165.7,82.9,101.7,917.2,688.7,2625.2,329.6,1082.7,9999.9,8389.6,6184.1,9999.9,8631.1,9999.9,9521.6,2072.0,1743.7,6281.2,4798.9,1593.2,9999.9,6555.8,3737.4,2636.7,6381.5,6028.7,3528.6,8217.2,7015.9
20261003_松阪_12R,20261003,47,松阪,12,313.4,230.6,54.5,371.9,160.3,442.4,537.2,848.5,1482.2,348.0,2048.6,514.6,2549.3,2416.9,436.8,973.8,182.9,1202.5,505.8,2041.3,608.5,23.7,71.4,46.7,24.5,31.8,181.5,139.9,1148.7,2116.6,1781.4,303.1,1472.0,3615.2,3497.6,233.3,282.2,490.9,90.6,692.4,1158.8,968.9,1080.2,3394.1,3555.4,858.2,4280.6,2291.3,2297.5,1273.7,2416.9,841.4,632.4,3700.7,1942.2,2490.3,280.6,167.3,48.8,458.1,143.0,444.3,568.3,685.3,1085.0,576.4,1313.6,671.4,1862.3,2400.0,324.4,700.6,211.9,952.8,397.9,1394.5,603.8,45.7,224.8,123.6,118.6,96.9,339.8,459.5,1586.0,4039.5,2595.5,1051.2,2512.1,4207.4,7110.9,166.6,211.7,287.7,129.8,788.6,837.7,768.5,676.9,1600.7,1354.9,546.8,2129.7,1119.6,1572.9,824.1,1819.0,611.5,648.1,3592.5,1169.8,1957.7,1512.1,2607.3,598.9,2619.2,747.5,4753.7,4166.6,1226.5,1850.3,981.0,1800.0,1057.0,3469.4,4601.1,3790.3,3684.8,2243.5,7322.7,2319.1,9889.8,7260.9,569.4,1009.2,1449.7,1473.3,510.9,3315.6,3858.3,6695.8,8916.2,8962.7,4638.3,5717.0,9999.9,9999.9,388.4,501.8,770.6,278.9,1513.4,1628.0,1533.7,7751.5,5462.9,9999.9,5736.1,9999.9,5587.1,9999.9,5995.9,7230.4,7648.1,6038.0,9999.9,4493.0,8962.7,667.7,1707.1,262.2,1724.2,589.3,2987.5,857.8,723.9,1719.1,518.1,1842.4,825.3,2583.8,1323.7,2771.0,2877.6,2279.2,4493.0,2178.2,5755.3,3798.7,236.8,423.6,1089.1,531.6,477.7,2167.3,616.1,5954.4,6644.1,7514.5,2897.0,6695.8,9999.9,8233.6,740.7,918.7,1431.6,580.7,2012.6,3867.0,1228.2,5167.6,4049.0,9999.9,4552.4,6722.0,6644.1,4588.9,965.6,1280.3,2591.6,681.7,3708.7,1612.7,3902.1,12.7,43.2,26.7,10.4,16.9,122.4,85.1,35.3,186.4,126.8,102.9,83.2,310.0,376.5,184.7,402.7,582.3,439.6,285.8,1516.1,1284.2,101.8,244.4,459.3,245.6,290.7,1048.0,340.8,43.3,136.0,266.6,206.0,132.5,524.3,443.6,36.7,91.9,110.5,181.6,116.8,577.6,438.7,485.2,917.7,2140.3,1951.0,1238.0,1331.9,1846.3,327.5,894.4,1882.7,473.2,816.7,1152.6,2164.5,3078.4,5813.6,6167.8,554.2,4136.6,9301.8,8477.0,3757.2,8041.3,8079.0,2231.9,5679.3,9999.9,9999.9,9999.9,9999.9,9722.2,6212.4,9947.0,9999.9,9999.9,9999.9,9999.9,9999.9,4228.1,9999.9,9999.9,9999.9,398.6,1229.1,2331.7,1852.3,1164.3,3615.2,3296.6,4806.8,5913.5,7081.6,9722.2,1801.9,9999.9,9999.9,9999.9,9999.9,9999.9,9999.9,9999.9,9999.9,9999.9,9999.9,9999.9,9999.9,9999.9,7514.5,9999.9,9999.9,150.0,136.1,303.3,56.6,537.2,956.0,766.1,132.7,149.8,293.5,92.1,643.5,584.7,647.4,85.3,103.5,193.6,60.0,458.6,602.1,526.5,477.2,561.9,494.0,344.3,1506.8,2209.0,716.4,33.3,72.2,65.8,154.2,99.1,553.8,469.6,1412.8,2026.9,1750.6,2798.1,686.9,5152.2,5152.2,2508.5,1971.1,2276.2,4068.1,2000.9,4714.6,2643.3,1766.7,1717.4,1535.0,1116.7,1200.8,5445.6,3497.6,1922.7,6644.1,5774.6,1375.5,8155.6,4638.3,5294.8,1060.2,3128.8,3246.8,1271.8,5136.8,2344.4,3186.7,9251.8,6373.4,9999.9,7200.1,9999.9,8233.6,9999.9,7230.4,6059.2,9999.9,6518.3,9999.9,8962.7,9722.2,1400.1,1931.3,5121.5,6145.8,3284.0,4323.7,6722.0,9999.9,9999.9,9999.9,9999.9,9999.9,9999.9,9999.9,4820.2,4753.7,5002.4,9999.9,4458.1,9999.9,8519.0,5995.9,5411.4,8313.2,6748.3,7547.5,9999.9,7648.1,2504.8,4701.7,1343.3,880.2,6102.2,3607.6,4874.9,1489.9,3019.0,1098.1,1179.4,6493.7,2135.0,3749.1,5954.4,6421.0,6644.1,5913.5,9999.9,5294.8,8691.1,748.8,972.2,2454.8,575.5,3955.9,1574.4,6038.0,842.7,1356.0,3983.4,926.1,1664.2,2639.3,5344.2,9999.9,9999.9,9999.9,9999.9,6257.6,9999.9,9999.9,4291.3,3570.2,3946.8,2766.6,3169.1,9999.9,7023.8,5833.3,4727.5,8916.2,9153.4,7200.1,9999.9,6801.7
20261003_小松島_1R,20261003,73,小松島,1,67.2,59.0,71.6,211.0,458.6,,,35.2,33.1,94.2,42.0,189.2,,,52.7,17.3,76.2,82.0,184.6,,,110.9,155.0,155.8,366.0,618.9,,,566.8,181.0,393.0,671.1,1146.5,,,1077.1,843.1,914.4,1462.2,1780.5,,,,,,,,,,,,,,,,,91.9,55.2,67.3,362.4,477.4,,,131.0,85.1,87.7,312.6,451.0,,,30.9,40.1,10.2,173.0,148.5,,,44.0,39.9,12.2,179.4,105.8,,,1201.1,911.7,708.8,732.8,2004.5,,,743.6,734.6,498.6,352.3,1521.0,,,,,,,,,,,,,,,,,87.8,78.8,158.8,82.8,358.6,,,168.4,193.2,211.6,395.1,805.0,,,122.9,256.9,408.4,463.5,1255.9,,,359.9,365.1,481.9,725.8,1536.4,,,232.8,558.4,665.2,708.8,843.1,,,1277.1,1915.7,2441.0,2655.1,1505.8,,,,,,,,,,,,,,,,,54.3,15.2,66.1,84.4,213.4,,,33.7,50.0,16.8,214.3,195.0,,,69.3,148.6,255.6,271.2,560.5,,,145.9,48.7,186.1,359.0,335.9,,,501.1,807.1,695.8,895.5,1220.5,,,465.6,574.3,908.9,782.1,967.0,,,,,,,,,,,,,,,,,143.7,185.9,219.8,480.4,807.1,,,76.8,72.9,22.5,211.6,129.2,,,319.9,224.3,364.6,544.3,928.4,,,168.8,48.1,213.4,449.7,374.1,,,1375.8,963.9,1201.1,1096.6,1965.4,,,862.3,577.6,1394.8,786.1,1940.2,,,,,,,,,,,,,,,,,2087.4,509.5,1299.0,2655.1,3519.5,,,2346.3,1749.6,1299.0,1880.0,3220.0,,,451.7,1357.3,1092.7,2073.1,1645.0,,,1369.6,1618.6,1749.6,2402.2,3326.2,,,3220.0,2632.0,2655.1,2225.6,4263.1,,,4656.6,4451.2,4035.8,2402.2,5935.0,,,,,,,,,,,,,,,,,1791.0,1043.7,882.4,2460.8,2441.0,,,1729.6,1026.0,691.0,580.9,2209.3,,,1345.2,2087.4,1880.0,2193.3,1645.0,,,694.2,864.8,1293.5,1261.1,1940.2,,,2655.1,1182.3,2293.0,1618.6,3026.8,,,3783.5,3561.0,3120.4,3088.6,3831.4,,,,,,,,,,,,,,,,,,,,,,,,,,,,,,,,,,,,,,,,,,,,,,,,,,,,,,,,,,,,,,,,,,,,,,,,,,,,,,,,,,,,,,,,,,,,,,,,,,,,,,,,,,,,,,,,,,,,,,,,,,,,,,,,
20261003_小松島_2R,20261003,73,小松島,2,6.9,9.0,41.9,7.7,64.4,,,26.2,55.9,219.0,110.6,353.6,,,30.9,63.6,424.3,136.4,491.9,,,146.4,440.2,466.5,593.9,751.0,,,42.0,153.8,202.6,453.8,625.6,,,164.5,518.7,346.6,420.3,664.5,,,,,,,,,,,,,,,,,15.9,16.7,46.0,13.9,84.0,,,66.2,100.8,284.0,372.3,648.6,,,48.1,94.5,299.7,378.3,324.3,,,235.2,681.2,528.8,1100.6,677.3,,,133.3,674.7,617.9,755.8,2001.2,,,398.4,1054.5,878.3,777.5,1778.9,,,,,,,,,,,,,,,,,71.0,75.7,226.3,245.2,403.0,,,95.0,112.8,546.0,654.6,795.0,,,34.7,61.0,141.6,311.9,326.1,,,438.0,715.9,435.9,2134.6,1170.1,,,730.7,1735.0,1386.7,2773.4,3913.5,,,655.9,1231.5,807.8,700.2,3036.4,,,,,,,,,,,,,,,,,47.7,79.8,261.0,213.2,715.9,,,48.9,122.5,396.6,640.4,914.8,,,32.3,50.7,161.9,404.8,422.8,,,444.7,697.4,593.9,2515.8,1883.5,,,1329.1,1572.4,1505.2,5104.6,6645.7,,,1392.1,1623.1,1222.9,1787.9,5179.7,,,,,,,,,,,,,,,,,347.0,874.0,1029.8,1615.7,1218.7,,,477.9,1844.1,1565.4,4402.7,1956.7,,,934.2,2084.1,1344.3,8005.0,2302.1,,,1012.1,1797.0,1701.5,8590.8,2984.9,,,5590.8,8191.2,9031.3,9999.9,5870.3,,,613.6,1077.1,807.8,1266.9,1693.3,,,,,,,,,,,,,,,,,325.5,1253.4,1375.8,2628.5,3144.8,,,431.1,2609.0,2243.4,5336.7,5031.7,,,2024.2,4348.4,3010.4,7494.1,9999.9,,,2609.0,3594.1,3261.3,7827.1,9999.9,,,7188.2,9999.9,9999.9,9999.9,9999.9,,,6179.3,8005.0,9999.9,9999.9,9519.5,,,,,,,,,,,,,,,,,138.0,248.9,286.5,176.7,360.8,,,369.9,949.3,962.3,669.6,1718.1,,,588.0,1231.5,964.9,658.3,2109.1,,,1073.8,1386.7,1193.9,1214.5,3787.3,,,141.1,255.6,190.2,544.3,354.3,,,2668.3,3828.5,4696.3,5418.8,2773.4,,,,,,,,,,,,,,,,,,,,,,,,,,,,,,,,,,,,,,,,,,,,,,,,,,,,,,,,,,,,,,,,,,,,,,,,,,,,,,,,,,,,,,,,,,,,,,,,,,,,,,,,,,,,,,,,,,,,,,,,,,,,,,,,
20261003_小松島_3R,20261003,73,小松島,3,11.3,4.4,38.2,51.0,41.1,,,47.1,91.4,335.8,356.1,180.3,,,13.1,59.9,177.5,158.7,126.0,,,243.6,660.0,387.6,551.4,1221.1,,,201.4,683.9,261.3,440.3,1211.3,,,211.9,389.6,302.2,1025.9,1371.0,,,,,,,,,,,,,,,,,15.1,5.9,41.6,58.7,35.8,,,57.7,97.9,183.9,200.8,59.9,,,41.1,156.9,342.3,316.5,200.9,,,233.0,384.2,431.5,312.2,852.0,,,155.3,341.2,309.0,185.3,574.5,,,235.4,170.5,296.0,859.3,773.4,,,,,,,,,,,,,,,,,69.6,123.4,367.3,506.0,207.5,,,78.7,149.7,289.7,319.5,141.0,,,314.8,337.7,1182.8,1322.9,752.1,,,637.6,654.2,1283.5,1187.5,1206.5,,,900.3,783.4,1241.2,1104.8,1211.3,,,175.5,211.5,393.2,552.4,657.1,,,,,,,,,,,,,,,,,49.0,259.3,560.6,533.8,347.0,,,105.6,415.4,957.5,1029.4,621.9,,,519.1,628.3,2302.4,3466.9,1226.1,,,1262.0,1753.6,2845.5,2393.8,3507.2,,,1226.1,1704.1,3634.0,2201.6,4371.3,,,1043.6,1358.6,1570.9,3507.2,4248.2,,,,,,,,,,,,,,,,,382.7,793.7,424.2,597.2,1305.7,,,376.5,632.3,1012.1,550.4,1383.6,,,721.5,648.6,1587.5,942.5,1278.0,,,1043.6,1500.6,2065.9,1029.4,2356.4,,,257.1,291.1,334.0,347.8,459.7,,,1723.5,2065.9,2024.3,1971.4,1639.2,,,,,,,,,,,,,,,,,279.8,698.2,234.0,394.7,1047.3,,,265.5,218.7,437.7,210.4,377.5,,,741.0,276.4,1065.8,321.2,412.0,,,833.2,1104.8,2051.8,1029.4,2250.9,,,154.8,137.1,168.6,265.2,247.0,,,1621.6,1305.7,1311.4,2109.2,1305.7,,,,,,,,,,,,,,,,,503.5,591.4,644.5,1704.1,1933.5,,,658.5,690.2,1262.0,2267.8,2452.2,,,401.6,478.7,668.7,969.8,1008.7,,,1236.1,1733.4,1402.9,3427.5,4021.6,,,2742.0,2534.6,1897.0,3208.7,2472.3,,,2928.4,2556.1,1945.9,3351.4,2234.2,,,,,,,,,,,,,,,,,,,,,,,,,,,,,,,,,,,,,,,,,,,,,,,,,,,,,,,,,,,,,,,,,,,,,,,,,,,,,,,,,,,,,,,,,,,,,,,,,,,,,,,,,,,,,,,,,,,,,,,,,,,,,,,,
20261003_小松島_4R,20261003,73,小松島,4,3.5,14.9,52.0,145.1,99.9,,,9.0,31.8,68.6,410.5,228.6,,,33.5,52.1,112.7,739.8,479.6,,,203.8,235.6,298.7,1059.7,909.2,,,936.4,1352.1,1792.5,1438.9,2240.6,,,348.1,475.2,922.6,1018.4,1493.7,,,,,,,,,,,,,,,,,5.8,20.7,61.0,141.5,104.8,,,29.2,127.1,183.0,584.1,339.4,,,61.3,120.9,181.7,671.7,367.3,,,250.1,381.1,477.4,1166.1,896.2,,,1093.0,1772.2,2036.9,1792.5,1124.3,,,325.7,370.3,571.3,832.0,636.2,,,,,,,,,,,,,,,,,23.0,80.8,125.5,992.7,563.1,,,46.3,203.3,286.4,1340.5,686.4,,,153.9,258.6,471.0,2148.5,1592.3,,,277.1,684.9,871.3,2751.7,2800.8,,,2704.2,3605.6,4979.2,4613.1,6970.9,,,1452.2,1381.9,2614.1,3302.0,4826.0,,,,,,,,,,,,,,,,,31.2,34.4,72.9,636.2,507.5,,,67.4,138.0,211.8,896.2,584.1,,,84.2,139.2,192.0,1035.2,914.5,,,93.3,163.3,138.5,686.4,701.7,,,1878.4,2751.7,2289.7,2119.5,2571.2,,,995.8,992.7,1132.4,1340.5,2036.9,,,,,,,,,,,,,,,,,487.1,569.3,656.2,1834.4,1651.0,,,551.3,1183.7,1290.9,5142.5,3045.5,,,745.1,1560.6,1651.0,4979.2,4481.3,,,526.3,953.4,901.4,2289.7,2036.9,,,2050.2,8962.6,6819.4,5601.6,3921.1,,,1936.3,4418.2,4826.0,3825.5,4546.2,,,,,,,,,,,,,,,,,2470.0,3825.5,4901.4,2163.4,4979.2,,,2904.5,4979.2,4239.1,7468.9,3734.4,,,4546.2,5703.5,6535.2,9999.9,8478.2,,,5809.1,6150.8,6674.3,6674.3,4826.0,,,2240.6,9226.3,9999.9,6970.9,4021.7,,,2323.6,2306.5,4826.0,2727.7,3136.9,,,,,,,,,,,,,,,,,633.7,925.3,1608.6,1452.2,2209.1,,,541.7,652.1,1413.0,2050.2,1419.4,,,1508.1,1225.3,2341.0,3337.1,3825.5,,,2091.2,1901.1,2431.7,3337.1,3690.5,,,1813.2,3564.7,4127.5,3647.6,4613.1,,,1296.2,1406.7,2341.0,2178.4,2193.6,,,,,,,,,,,,,,,,,,,,,,,,,,,,,,,,,,,,,,,,,,,,,,,,,,,,,,,,,,,,,,,,,,,,,,,,,,,,,,,,,,,,,,,,,,,,,,,,,,,,,,,,,,,,,,,,,,,,,,,,,,,,,,,,
20261003_小松島_5R,20261003,73,小松島,5,8.3,25.5,31.3,105.7,74.2,,,37.5,159.1,96.8,96.2,454.5,,,129.0,295.8,577.0,958.8,565.4,,,143.4,174.3,492.0,558.2,980.3,,,442.3,386.3,1283.7,854.8,2096.2,,,317.5,869.9,769.7,1243.2,2559.0,,,,,,,,,,,,,,,,,5.6,17.0,22.8,51.8,49.1,,,22.4,75.7,50.3,48.5,211.2,,,110.5,174.6,415.7,413.9,382.6,,,137.7,138.2,444.8,550.4,854.8,,,500.1,434.0,1073.8,1039.8,2494.3,,,448.8,458.2,434.0,1397.5,771.2,,,,,,,,,,,,,,,,,32.9,123.2,49.2,37.5,262.3,,,29.3,115.3,57.9,64.8,315.7,,,161.6,201.0,218.5,182.4,412.6,,,39.5,63.6,149.9,27.0,290.4,,,42.4,71.6,112.6,40.1,229.7,,,492.6,729.8,528.2,585.5,516.5,,,,,,,,,,,,,,,,,146.2,243.4,506.5,724.4,372.4,,,118.3,158.8,304.0,717.8,252.7,,,161.7,174.5,260.4,356.3,273.3,,,802.6,1132.4,610.0,1841.5,1205.1,,,1287.9,1728.5,1139.0,2264.9,2031.4,,,396.0,488.9,413.9,824.4,1162.5,,,,,,,,,,,,,,,,,286.6,207.4,768.2,672.5,1427.8,,,272.9,282.3,1031.6,1122.7,1913.1,,,96.9,159.6,421.0,92.7,791.3,,,1056.5,2074.2,936.1,3152.7,2941.0,,,965.9,2264.9,447.8,3649.0,4428.0,,,1903.8,3789.4,1759.3,4105.2,6356.4,,,,,,,,,,,,,,,,,1412.5,958.8,2876.6,1615.1,5254.6,,,1751.5,1169.4,2941.0,3368.3,6255.5,,,481.7,653.5,812.5,455.0,1751.5,,,3368.3,3901.9,1841.5,4865.4,6356.4,,,1807.7,3615.5,725.7,5629.9,6794.8,,,8210.4,7727.4,4529.8,7037.4,8385.0,,,,,,,,,,,,,,,,,1283.7,1713.4,1231.5,2085.1,5325.6,,,1190.6,1867.7,1239.3,3178.2,5473.6,,,1407.4,2063.3,1300.6,2041.9,1913.1,,,688.9,814.2,768.2,1706.0,2717.9,,,2359.8,5118.1,3152.7,2876.6,9165.1,,,7881.9,8956.8,5711.5,5971.2,8757.7,,,,,,,,,,,,,,,,,,,,,,,,,,,,,,,,,,,,,,,,,,,,,,,,,,,,,,,,,,,,,,,,,,,,,,,,,,,,,,,,,,,,,,,,,,,,,,,,,,,,,,,,,,,,,,,,,,,,,,,,,,,,,,,,
20261003_小松島_6R,20261003,73,小松島,6,16.0,20.3,128.6,90.0,24.7,,,84.2,95.5,225.1,835.1,524.1,,,96.8,89.0,432.3,805.1,722.7,,,869.4,886.7,1392.9,2896.1,2701.7,,,758.1,2053.8,2439.7,3908.3,1519.1,,,215.6,1045.6,1307.0,2531.8,1011.4,,,,,,,,,,,,,,,,,5.2,5.6,47.6,31.4,5.0,,,21.7,58.8,155.2,288.9,135.4,,,22.3,47.8,243.5,301.5,173.0,,,261.4,401.3,549.2,2022.9,1163.4,,,235.5,661.0,875.1,1750.2,440.9,,,27.2,128.0,188.3,476.9,187.5,,,,,,,,,,,,,,,,,130.4,177.7,248.1,1212.5,963.0,,,84.5,74.6,114.2,756.6,406.6,,,109.9,58.6,64.5,786.2,543.2,,,410.3,159.5,131.9,1548.3,1173.6,,,2776.3,2469.7,3411.5,3326.9,6389.9,,,1898.8,1463.8,1872.3,2454.6,4282.5,,,,,,,,,,,,,,,,,110.0,145.1,564.6,960.7,790.8,,,65.5,102.2,387.8,806.7,391.5,,,136.8,103.3,120.3,1088.0,721.4,,,1496.5,1064.9,641.0,4237.5,5920.0,,,3594.3,3220.5,4193.3,9818.6,5296.8,,,2085.8,1448.0,2410.5,6193.2,4627.1,,,,,,,,,,,,,,,,,2211.8,2176.0,3500.5,7454.8,9818.6,,,1821.5,1805.2,2875.4,6290.0,5095.7,,,1829.8,1578.6,801.9,4850.1,4150.1,,,3326.9,3194.9,1021.7,6599.4,7741.6,,,8565.1,9999.9,9999.9,9999.9,9999.9,,,8565.1,8565.1,7062.5,9584.8,9149.1,,,,,,,,,,,,,,,,,1846.6,6290.0,6389.9,9999.9,5591.1,,,1757.9,4237.5,4328.6,9999.9,2631.1,,,6389.9,5834.2,3531.2,8751.3,9999.9,,,8565.1,7893.4,8051.2,9999.9,9999.9,,,9999.9,9149.1,9999.9,8751.3,9999.9,,,4627.1,3246.4,9999.9,9999.9,7893.4,,,,,,,,,,,,,,,,,480.9,2683.7,2875.4,5750.9,2340.4,,,336.0,1082.1,1442.8,2580.5,1067.8,,,2795.5,2176.0,3145.0,4193.3,6389.9,,,4736.0,2875.4,4850.1,9999.9,9999.9,,,7595.5,6599.4,6008.4,7595.5,8386.7,,,3440.7,2454.6,8386.7,7062.5,9999.9,,,,,,,,,,,,,,,,,,,,,,,,,,,,,,,,,,,,,,,,,,,,,,,,,,,,,,,,,,,,,,,,,,,,,,,,,,,,,,,,,,,,,,,,,,,,,,,,,,,,,,,,,,,,,,,,,,,,,,,,,,,,,,,,
20261003_小松島_7R,20261003,73,小松島,7,145.4,216.8,77.9,230.2,127.3,,,161.1,95.4,134.3,218.1,100.0,,,252.6,127.3,233.2,479.2,180.2,,,90.7,136.2,160.8,82.7,96.5,,,275.9,498.0,629.4,173.5,241.1,,,73.1,54.9,71.8,40.6,73.3,,,,,,,,,,,,,,,,,135.9,186.2,99.9,279.6,159.4,,,129.8,108.0,89.4,257.9,306.2,,,248.7,141.8,165.3,322.5,522.9,,,65.3,50.8,80.7,20.2,137.6,,,384.2,573.4,716.8,100.7,568.3,,,300.0,534.8,639.6,318.9,748.6,,,,,,,,,,,,,,,,,122.9,73.1,103.2,164.2,69.6,,,113.5,84.5,62.1,210.2,265.1,,,25.9,35.3,17.2,71.7,47.0,,,116.4,73.6,56.9,66.1,186.1,,,405.3,349.4,326.3,174.5,688.1,,,146.4,396.0,177.4,222.5,452.9,,,,,,,,,,,,,,,,,277.9,116.8,265.6,619.0,213.7,,,271.3,175.5,243.0,513.8,532.7,,,44.6,68.9,42.6,156.3,71.6,,,264.6,227.1,149.3,276.8,331.2,,,1262.6,1251.1,621.8,764.6,1340.5,,,405.5,656.4,248.4,434.8,728.1,,,,,,,,,,,,,,,,,98.8,245.2,180.8,97.5,268.7,,,84.5,73.7,101.6,24.1,162.1,,,280.9,132.8,208.4,161.2,507.2,,,362.0,238.8,263.0,318.7,581.5,,,88.3,28.0,169.2,158.6,212.1,,,456.7,423.2,662.2,728.1,445.4,,,,,,,,,,,,,,,,,737.2,1615.9,2139.3,451.9,590.2,,,654.8,1241.7,1485.2,195.8,855.7,,,1304.5,1321.2,871.0,723.7,2752.5,,,2313.0,2156.0,1184.7,1274.3,3013.7,,,345.0,108.4,511.3,750.0,544.3,,,727.5,974.9,3081.2,3013.7,832.4,,,,,,,,,,,,,,,,,161.1,121.1,194.5,116.7,138.0,,,335.9,763.8,871.9,479.8,1002.1,,,289.1,818.4,457.2,653.3,1096.6,,,491.2,1028.3,530.7,790.2,1431.1,,,337.6,555.7,700.9,769.5,478.7,,,440.1,778.2,1723.9,1749.5,536.9,,,,,,,,,,,,,,,,,,,,,,,,,,,,,,,,,,,,,,,,,,,,,,,,,,,,,,,,,,,,,,,,,,,,,,,,,,,,,,,,,,,,,,,,,,,,,,,,,,,,,,,,,,,,,,,,,,,,,,,,,,,,,,,,
20261003_久留米_1R,20261003,83,久留米,1,136.8,147.3,138.5,281.2,305.7,,,100.0,66.9,112.2,541.6,77.7,,,58.4,41.4,85.4,332.7,73.0,,,100.2,150.1,177.7,599.0,286.8,,,1083.3,1475.8,1106.8,1566.6,1755.6,,,270.1,120.9,207.3,340.5,862.9,,,,,,,,,,,,,,,,,299.5,381.3,234.0,644.4,606.1,,,278.2,325.3,128.2,302.1,217.5,,,419.0,544.5,351.1,624.7,783.3,,,140.4,85.4,151.5,49.5,121.2,,,841.5,585.2,777.3,189.9,504.1,,,834.6,276.7,795.5,317.2,707.1,,,,,,,,,,,,,,,,,89.8,46.3,64.4,359.8,42.3,,,98.1,115.7,48.3,127.4,64.2,,,52.8,141.2,86.7,370.2,80.7,,,55.7,31.1,74.3,161.6,32.3,,,925.7,464.9,979.1,575.3,640.4,,,17.3,20.0,23.4,16.2,98.6,,,,,,,,,,,,,,,,,86.9,69.1,96.3,318.2,135.0,,,241.3,356.0,268.6,550.4,535.9,,,101.3,231.4,158.6,606.1,166.6,,,177.7,196.5,215.2,737.9,475.8,,,1083.3,1339.8,1184.0,1851.4,2078.1,,,337.1,702.2,283.6,707.1,1434.2,,,,,,,,,,,,,,,,,139.8,170.2,220.8,609.7,317.2,,,82.0,47.5,112.8,32.7,69.8,,,106.0,59.3,140.6,267.9,68.2,,,220.4,255.8,223.8,814.6,499.1,,,1106.8,219.9,624.7,1414.3,870.3,,,367.6,156.9,116.6,450.5,688.0,,,,,,,,,,,,,,,,,2679.7,3182.2,2424.5,3394.3,3284.8,,,1921.3,1071.9,1212.2,475.8,1725.9,,,2752.1,1434.2,2262.9,1542.8,1996.6,,,2483.6,2036.6,2909.4,3394.3,3916.5,,,2483.6,565.7,1497.5,2166.6,2166.6,,,4849.0,2483.6,2166.6,3394.3,2828.6,,,,,,,,,,,,,,,,,628.5,191.0,347.5,458.6,1475.8,,,617.1,200.4,877.8,329.5,581.8,,,44.1,48.1,48.5,37.7,207.8,,,475.8,841.5,263.8,801.8,1851.4,,,464.9,393.1,128.7,538.7,1198.0,,,2909.4,2036.6,1028.5,2995.0,2213.7,,,,,,,,,,,,,,,,,,,,,,,,,,,,,,,,,,,,,,,,,,,,,,,,,,,,,,,,,,,,,,,,,,,,,,,,,,,,,,,,,,,,,,,,,,,,,,,,,,,,,,,,,,,,,,,,,,,,,,,,,,,,,,,,
20261003_久留米_2R,20261003,83,久留米,2,537.8,330.3,670.6,463.8,127.8,,,709.1,1102.2,1070.5,927.7,615.0,,,556.6,1546.2,1568.0,1279.6,492.6,,,687.2,951.5,1250.9,625.4,481.9,,,263.1,683.0,876.6,261.3,197.0,,,88.2,281.8,222.2,210.4,164.6,,,,,,,,,,,,,,,,,632.5,294.5,540.4,551.1,131.7,,,1171.9,704.6,1159.7,709.1,467.7,,,258.3,420.1,471.7,396.2,62.9,,,621.9,1040.4,722.9,737.2,310.9,,,525.1,849.8,598.5,718.2,243.6,,,23.9,65.5,10.6,80.9,54.4,,,,,,,,,,,,,,,,,912.5,1427.3,1279.6,1237.0,732.4,,,1464.8,883.5,1953.1,843.4,595.3,,,2319.4,1325.3,2474.0,2319.4,1427.3,,,1637.2,2100.6,2589.1,2024.2,1427.3,,,1040.4,1391.6,2226.6,1886.9,1012.1,,,499.2,310.1,674.7,890.6,713.6,,,,,,,,,,,,,,,,,806.7,2783.3,2650.7,1341.3,843.4,,,589.0,778.5,994.0,876.6,148.8,,,2854.6,1357.7,2854.6,2650.7,1767.1,,,2929.7,1325.3,3274.4,3711.0,1197.1,,,3008.9,1265.1,2650.7,3274.4,812.6,,,508.3,159.9,959.7,732.4,598.5,,,,,,,,,,,,,,,,,1012.1,1113.3,1525.0,647.2,608.3,,,789.5,1391.6,773.1,1309.7,325.5,,,1357.7,1712.8,2024.2,1504.4,1210.1,,,2319.4,1237.0,2368.7,2929.7,985.2,,,876.6,1237.0,1294.5,2226.6,473.7,,,201.3,175.3,517.8,401.9,195.6,,,,,,,,,,,,,,,,,274.8,477.8,849.8,246.8,191.6,,,573.8,830.8,467.7,837.0,261.3,,,551.1,662.6,1265.1,1091.4,443.5,,,1279.6,883.5,1357.7,1825.1,559.4,,,687.2,994.0,1113.3,1464.8,394.7,,,95.3,97.2,202.7,186.4,118.8,,,,,,,,,,,,,,,,,39.2,89.0,69.1,62.0,59.5,,,10.7,31.8,3.0,30.5,24.0,,,175.0,107.9,196.0,282.5,250.7,,,98.6,32.2,188.3,203.9,141.6,,,66.9,99.4,145.9,181.0,86.0,,,52.1,59.2,133.9,117.8,68.5,,,,,,,,,,,,,,,,,,,,,,,,,,,,,,,,,,,,,,,,,,,,,,,,,,,,,,,,,,,,,,,,,,,,,,,,,,,,,,,,,,,,,,,,,,,,,,,,,,,,,,,,,,,,,,,,,,,,,,,,,,,,,,,,
20261003_久留米_3R,20261003,83,久留米,3,87.5,107.6,20.2,259.7,48.0,,,181.2,125.4,142.9,392.5,249.5,,,167.1,130.7,151.8,585.3,203.7,,,11.0,34.7,60.7,125.6,34.9,,,481.3,501.3,619.4,395.4,501.3,,,86.3,181.1,192.4,93.1,335.9,,,,,,,,,,,,,,,,,317.0,292.6,92.3,857.1,196.1,,,746.4,748.5,1671.2,987.8,1259.3,,,605.3,1006.5,1492.8,1771.5,859.9,,,146.0,1165.4,1014.2,2013.0,692.0,,,1911.7,2555.0,2310.6,2826.8,2351.5,,,311.8,897.7,688.4,726.0,1858.2,,,,,,,,,,,,,,,,,293.2,160.4,234.1,405.0,311.8,,,572.6,534.6,1170.6,734.0,859.9,,,63.6,202.6,166.1,50.7,48.5,,,323.6,779.2,301.9,590.5,643.4,,,218.5,451.9,63.4,338.0,215.1,,,218.7,484.9,85.8,593.1,216.2,,,,,,,,,,,,,,,,,270.8,177.7,272.8,506.1,261.2,,,473.6,576.4,1165.4,1283.7,686.6,,,81.8,230.8,210.0,86.3,59.9,,,361.5,942.2,413.9,790.8,599.8,,,649.7,991.5,196.8,865.5,507.1,,,187.2,357.1,97.7,440.6,317.0,,,,,,,,,,,,,,,,,9.4,46.5,36.5,104.9,40.0,,,55.0,511.0,285.4,810.1,244.9,,,163.7,341.5,135.1,274.2,414.5,,,146.5,293.2,187.6,460.5,259.2,,,213.7,467.8,200.5,335.5,486.6,,,76.9,168.7,277.9,185.3,476.2,,,,,,,,,,,,,,,,,389.0,501.3,706.7,545.6,515.9,,,1029.9,1335.3,1444.1,1832.6,1563.1,,,275.3,492.0,54.6,375.3,391.3,,,507.1,817.6,155.8,708.6,512.9,,,382.3,1111.8,481.3,564.1,838.2,,,554.7,1259.3,524.1,534.6,1062.9,,,,,,,,,,,,,,,,,48.0,77.8,73.8,68.3,199.4,,,117.7,243.3,191.8,261.0,674.4,,,91.8,142.7,40.0,294.5,150.3,,,95.0,124.3,52.8,205.8,194.3,,,48.9,129.1,197.8,129.5,318.2,,,256.2,477.9,185.0,226.3,395.4,,,,,,,,,,,,,,,,,,,,,,,,,,,,,,,,,,,,,,,,,,,,,,,,,,,,,,,,,,,,,,,,,,,,,,,,,,,,,,,,,,,,,,,,,,,,,,,,,,,,,,,,,,,,,,,,,,,,,,,,,,,,,,,,
20261003_久留米_4R,20261003,83,久留米,4,1759.9,2259.0,1544.4,3983.0,1928.1,,,1928.1,1654.1,1375.9,4204.3,1142.3,,,1801.8,1610.1,1339.4,3737.2,1043.8,,,1691.1,1544.4,1576.6,2004.7,1363.5,,,4324.5,4882.5,5045.2,2131.7,4657.1,,,1357.4,900.9,920.1,1047.4,3401.2,,,,,,,,,,,,,,,,,1125.3,1277.2,1388.6,3691.6,1288.1,,,780.1,187.5,506.2,1062.1,168.4,,,707.2,194.2,496.2,1250.8,169.9,,,1261.3,788.3,741.9,3120.7,624.1,,,5045.2,2193.5,2073.3,4146.7,2702.8,,,523.7,133.5,140.1,340.8,1220.6,,,,,,,,,,,,,,,,,857.5,629.3,800.8,2522.6,478.2,,,482.0,163.8,316.6,838.5,139.1,,,227.7,88.0,84.5,458.6,37.3,,,560.5,312.3,171.4,1327.6,136.3,,,2587.3,1654.1,1261.3,1880.2,1155.4,,,155.2,62.0,31.5,63.5,366.4,,,,,,,,,,,,,,,,,353.6,234.2,335.2,1235.5,129.2,,,176.4,82.4,109.9,677.2,42.8,,,77.0,42.6,38.4,309.8,13.1,,,145.3,96.5,49.4,517.4,30.9,,,1812.6,1062.1,807.2,1129.5,553.4,,,38.0,20.9,11.0,18.8,162.2,,,,,,,,,,,,,,,,,1584.8,1293.6,1225.5,1845.8,1112.9,,,1369.7,909.0,774.2,3691.6,663.8,,,852.7,600.6,333.7,2177.8,266.9,,,364.7,253.3,206.9,1618.7,163.3,,,1791.2,4204.3,3737.2,3290.3,2883.0,,,672.7,384.1,224.7,205.9,1491.2,,,,,,,,,,,,,,,,,5405.6,5310.7,4451.6,2116.8,4451.6,,,6580.7,5310.7,3931.3,6727.0,4451.6,,,5405.6,4263.5,2883.0,5045.2,2678.8,,,4324.5,3057.7,2855.8,4586.5,1462.3,,,2162.2,6879.8,6580.7,5605.8,4586.5,,,3401.2,3363.5,2242.3,1536.6,3401.2,,,,,,,,,,,,,,,,,286.1,203.3,207.0,370.5,898.2,,,191.5,59.7,61.4,112.2,507.0,,,72.5,25.5,11.3,23.9,204.2,,,61.1,27.1,11.4,23.4,181.7,,,231.9,103.9,51.2,53.6,405.2,,,1215.7,1121.1,639.9,513.9,833.9,,,,,,,,,,,,,,,,,,,,,,,,,,,,,,,,,,,,,,,,,,,,,,,,,,,,,,,,,,,,,,,,,,,,,,,,,,,,,,,,,,,,,,,,,,,,,,,,,,,,,,,,,,,,,,,,,,,,,,,,,,,,,,,,
20261003_久留米_5R,20261003,83,久留米,5,395.1,606.7,145.0,792.3,199.6,,,344.0,499.8,297.6,728.4,211.7,,,545.6,583.0,674.0,2098.0,397.2,,,97.0,219.5,545.6,222.9,158.0,,,816.2,1467.5,2462.1,478.1,1231.0,,,329.1,212.7,481.2,303.3,858.5,,,,,,,,,,,,,,,,,203.4,133.8,70.3,288.3,77.5,,,262.7,363.3,253.7,567.4,133.5,,,127.4,144.9,82.6,216.6,47.0,,,16.7,39.7,35.2,15.5,10.1,,,408.1,752.3,649.0,145.1,433.0,,,49.0,33.7,33.7,31.9,127.5,,,,,,,,,,,,,,,,,426.8,651.8,310.9,841.5,229.5,,,696.0,1425.4,868.5,1584.6,517.2,,,822.9,1273.1,1934.5,2979.1,506.6,,,277.3,357.2,1289.6,739.2,222.1,,,2256.9,3347.3,6620.3,1885.5,2482.6,,,198.4,322.4,249.3,218.7,623.2,,,,,,,,,,,,,,,,,908.2,1306.6,936.8,2040.5,572.9,,,640.6,723.0,328.8,1231.0,141.9,,,1201.2,1075.5,1411.9,3546.6,330.2,,,783.9,373.3,1041.6,951.8,320.6,,,4583.3,3504.9,4654.9,3103.2,3169.3,,,251.8,131.9,81.0,206.7,1201.2,,,,,,,,,,,,,,,,,41.6,94.2,278.6,67.7,63.3,,,20.4,57.5,57.4,16.2,13.8,,,117.9,141.9,637.9,271.3,108.5,,,391.9,160.0,321.3,299.4,203.2,,,65.1,42.1,146.8,234.3,123.0,,,78.3,51.7,69.4,171.5,147.6,,,,,,,,,,,,,,,,,1354.1,1999.4,3310.1,459.0,1128.4,,,1231.0,2683.9,2920.7,335.1,1593.1,,,2979.1,4513.8,7266.2,1838.9,3385.4,,,5226.6,6206.5,7839.9,2733.1,7093.2,,,319.9,147.9,363.7,417.8,519.9,,,2462.1,2402.5,3504.9,6770.8,1220.9,,,,,,,,,,,,,,,,,426.8,307.7,513.6,339.6,886.6,,,279.9,182.5,169.3,136.1,607.9,,,128.9,186.7,134.8,127.9,454.1,,,299.4,179.1,105.0,235.3,723.0,,,241.4,139.4,162.0,390.4,406.9,,,1551.6,1446.1,1683.1,2733.1,973.5,,,,,,,,,,,,,,,,,,,,,,,,,,,,,,,,,,,,,,,,,,,,,,,,,,,,,,,,,,,,,,,,,,,,,,,,,,,,,,,,,,,,,,,,,,,,,,,,,,,,,,,,,,,,,,,,,,,,,,,,,,,,,,,,
20261003_久留米_6R,20261003,83,久留米,6,1699.3,1627.2,1266.4,2739.6,1588.6,,,2049.5,1095.8,508.5,1877.5,1543.0,,,1214.8,922.6,511.4,2463.2,701.0,,,866.0,342.0,388.5,1428.1,408.6,,,4261.7,2767.9,4474.8,2581.6,6548.5,,,886.1,821.0,494.4,451.2,1754.8,,,,,,,,,,,,,,,,,2130.8,2739.6,1428.1,3835.5,1974.1,,,1657.3,2486.0,443.0,929.0,1851.6,,,2509.2,4401.4,1904.1,4550.6,3442.1,,,391.3,236.9,493.5,481.1,572.4,,,5966.4,2147.9,4881.6,1890.7,5163.2,,,1667.6,2294.7,1959.7,972.7,4474.8,,,,,,,,,,,,,,,,,1044.7,606.0,212.0,535.9,886.1,,,1137.6,1451.2,264.5,400.1,1254.6,,,1024.7,2632.2,411.1,764.9,2182.8,,,68.4,66.6,118.9,29.8,106.8,,,796.7,658.0,1167.3,141.3,1272.4,,,1052.9,1329.1,1637.1,338.1,719.8,,,,,,,,,,,,,,,,,2049.5,1109.4,659.6,2334.6,998.1,,,3121.9,5836.7,1959.7,6884.3,4474.8,,,1443.4,5065.8,883.1,3356.1,2856.2,,,501.8,1142.5,606.0,1543.0,806.2,,,6392.6,7458.0,4550.6,3532.7,7458.0,,,1028.6,3729.0,2712.0,1104.8,7256.4,,,,,,,,,,,,,,,,,70.5,40.4,29.2,123.5,28.0,,,77.2,44.9,77.5,90.1,102.0,,,7.8,9.2,18.1,3.0,17.1,,,38.3,95.6,66.1,108.1,75.8,,,222.8,152.8,41.5,191.7,266.3,,,21.9,100.3,47.6,39.4,100.3,,,,,,,,,,,,,,,,,7671.1,4550.6,5712.5,4794.4,9588.9,,,6712.2,3016.7,5479.3,3398.6,8136.0,,,3051.0,2147.9,3196.3,451.2,3948.3,,,6243.9,8660.9,5065.8,5264.5,8949.6,,,1789.9,2034.0,460.5,2581.6,2632.2,,,7458.0,7896.7,8390.2,6243.9,6102.0,,,,,,,,,,,,,,,,,1109.4,880.2,300.3,466.9,2606.6,,,1667.6,2334.6,2463.2,935.5,4130.6,,,1032.6,1743.4,1988.8,552.4,1637.1,,,710.2,2826.2,2256.2,900.9,6712.2,,,228.8,615.8,327.4,320.0,1162.2,,,7458.0,4881.6,5712.5,8390.2,4330.4,,,,,,,,,,,,,,,,,,,,,,,,,,,,,,,,,,,,,,,,,,,,,,,,,,,,,,,,,,,,,,,,,,,,,,,,,,,,,,,,,,,,,,,,,,,,,,,,,,,,,,,,,,,,,,,,,,,,,,,,,,,,,,,,
20261003_久留米_7R,20261003,83,久留米,7,109.0,205.9,95.1,394.0,844.3,,,317.2,386.1,434.9,765.8,1352.5,,,111.0,128.3,93.8,194.3,38.0,,,104.4,220.4,91.6,322.8,541.5,,,426.7,740.7,373.4,406.3,711.6,,,1401.3,1812.4,356.7,1307.0,871.3,,,,,,,,,,,,,,,,,142.6,196.1,98.1,418.2,746.8,,,92.6,87.2,12.6,61.7,240.5,,,233.9,248.7,180.1,271.0,526.8,,,28.2,4.8,32.5,38.6,129.5,,,274.3,115.4,176.5,93.5,500.6,,,676.2,937.4,573.5,639.6,943.9,,,,,,,,,,,,,,,,,526.8,1022.0,593.5,1053.7,2140.6,,,305.1,299.0,47.9,156.8,551.4,,,1123.4,836.5,912.3,528.9,1544.6,,,476.9,101.2,545.9,341.5,1105.1,,,903.2,255.5,411.9,350.3,1057.8,,,2589.2,1553.5,1999.0,1485.6,2123.9,,,,,,,,,,,,,,,,,191.5,388.3,194.4,213.2,95.8,,,406.3,501.5,402.7,322.8,381.8,,,999.5,876.9,1018.2,502.5,1156.8,,,301.4,420.8,721.1,565.2,470.3,,,331.1,209.4,313.2,494.3,195.7,,,196.1,386.1,702.4,533.0,225.0,,,,,,,,,,,,,,,,,86.3,166.8,62.0,293.5,441.3,,,37.3,9.1,40.0,69.8,148.5,,,215.4,52.6,234.1,250.1,706.1,,,132.7,172.2,298.7,388.3,216.1,,,276.2,165.4,230.0,276.5,536.2,,,572.3,659.8,1282.3,368.8,937.4,,,,,,,,,,,,,,,,,411.9,505.3,211.2,391.7,471.9,,,255.0,42.6,70.1,50.3,290.4,,,513.9,155.1,212.0,254.7,475.2,,,218.7,88.2,129.3,178.6,101.8,,,282.8,94.1,150.6,190.9,422.8,,,669.6,522.8,589.7,245.1,744.8,,,,,,,,,,,,,,,,,2343.6,2494.1,450.8,2265.5,1345.8,,,2284.5,1862.0,1608.6,1647.6,1984.4,,,2923.2,2107.4,1928.1,2614.0,2228.4,,,393.4,1029.7,1176.9,906.2,374.4,,,2343.6,2323.6,2774.1,1078.8,1510.3,,,1307.0,1401.3,1423.3,424.7,1313.3,,,,,,,,,,,,,,,,,,,,,,,,,,,,,,,,,,,,,,,,,,,,,,,,,,,,,,,,,,,,,,,,,,,,,,,,,,,,,,,,,,,,,,,,,,,,,,,,,,,,,,,,,,,,,,,,,,,,,,,,,,,,,,,,
20261003_久留米_8R,20261003,83,久留米,8,744.0,322.4,493.4,883.5,758.0,,,792.0,301.4,312.7,1800.9,1520.1,,,106.8,117.2,109.8,365.3,215.8,,,455.3,305.0,265.4,821.9,721.2,,,1536.6,2005.2,1100.1,1075.0,2048.8,,,978.3,2019.6,721.2,798.7,1872.4,,,,,,,,,,,,,,,,,395.4,276.6,282.4,381.0,339.0,,,312.4,187.0,153.2,206.9,249.7,,,150.2,132.9,149.5,134.1,131.8,,,315.9,210.3,230.8,289.9,293.3,,,292.0,236.8,199.3,237.2,132.9,,,248.0,204.4,148.1,199.1,87.0,,,,,,,,,,,,,,,,,350.3,165.5,148.8,826.7,554.4,,,306.3,142.3,96.8,198.4,205.3,,,61.1,70.6,33.7,257.7,139.4,,,64.2,40.3,33.4,112.3,100.6,,,1208.3,542.6,678.0,437.0,1075.0,,,778.9,223.8,397.1,257.2,783.2,,,,,,,,,,,,,,,,,18.2,19.6,24.5,82.8,55.1,,,39.5,35.6,49.1,43.7,39.7,,,41.1,31.7,15.0,139.7,83.2,,,59.1,53.9,24.2,189.0,116.4,,,289.9,140.1,293.0,344.3,316.6,,,125.2,54.4,185.1,176.6,231.1,,,,,,,,,,,,,,,,,311.3,179.6,156.4,575.8,463.5,,,253.5,130.1,136.9,231.5,269.2,,,92.3,65.3,49.9,201.6,152.7,,,123.3,108.0,59.4,349.5,194.5,,,693.0,567.7,599.0,824.3,1002.6,,,364.3,399.3,296.6,491.7,817.1,,,,,,,,,,,,,,,,,1800.9,2718.7,1767.1,1140.1,2547.2,,,817.1,605.4,381.0,517.8,266.7,,,2642.4,999.1,1372.5,859.4,2034.1,,,1168.3,490.0,1051.1,1047.2,1149.3,,,978.3,862.0,1100.1,1579.5,1836.0,,,2005.2,375.4,1897.6,1267.9,1713.6,,,,,,,,,,,,,,,,,645.5,1615.6,625.5,778.9,1597.4,,,246.5,154.0,128.0,147.4,57.4,,,1193.0,333.4,551.1,336.6,1020.7,,,355.6,157.7,445.9,386.2,580.5,,,698.1,358.8,409.1,614.6,965.0,,,1340.0,255.6,945.6,985.1,955.2,,,,,,,,,,,,,,,,,,,,,,,,,,,,,,,,,,,,,,,,,,,,,,,,,,,,,,,,,,,,,,,,,,,,,,,,,,,,,,,,,,,,,,,,,,,,,,,,,,,,,,,,,,,,,,,,,,,,,,,,,,,,,,,,
20261003_久留米_9R,20261003,83,久留米,9,28.1,148.6,33.7,207.1,324.6,,,28.0,244.9,30.5,119.9,300.3,,,475.6,632.7,646.9,1267.7,1777.4,,,28.7,24.7,286.6,247.0,32.1,,,581.4,410.5,1589.0,510.8,1596.4,,,1091.2,1070.8,2155.1,421.5,2141.7,,,,,,,,,,,,,,,,,19.3,87.4,21.5,164.4,251.8,,,10.6,48.7,23.4,28.0,195.9,,,101.7,85.3,133.5,314.9,581.4,,,58.0,79.8,212.2,360.3,223.3,,,395.4,208.8,571.8,651.8,1331.3,,,976.8,919.5,1665.8,988.0,2089.8,,,,,,,,,,,,,,,,,15.7,146.6,20.6,64.4,192.3,,,8.9,46.5,20.1,31.1,148.0,,,359.9,202.4,415.4,396.8,828.9,,,47.9,64.0,248.2,124.1,136.7,,,55.8,38.8,182.4,78.0,315.7,,,670.8,556.1,1205.6,510.8,979.6,,,,,,,,,,,,,,,,,1286.6,2480.7,1286.6,2803.4,4154.5,,,774.8,718.3,1168.9,1209.9,2345.7,,,1948.1,919.5,2128.5,1905.1,4009.6,,,1286.6,1905.1,2612.3,3315.6,2224.7,,,4659.8,2428.3,2535.5,6157.6,5652.9,,,7037.3,5224.6,6385.7,4310.3,6506.2,,,,,,,,,,,,,,,,,117.0,98.2,454.3,446.6,102.4,,,172.0,214.5,762.8,1101.6,724.4,,,165.5,230.3,832.9,626.9,589.4,,,1011.2,1690.3,2004.8,4009.6,2873.5,,,914.6,2077.2,1126.8,3748.1,2715.1,,,434.8,1145.6,955.2,1316.1,1741.5,,,,,,,,,,,,,,,,,735.2,733.6,3222.7,1101.6,3253.1,,,712.4,556.1,1611.3,1707.0,3192.8,,,335.1,210.7,754.5,463.4,1197.3,,,4997.5,2673.0,2102.6,5561.7,6506.2,,,1057.7,2168.7,1176.8,4205.2,2445.5,,,6049.6,6385.7,4364.9,6631.3,5473.4,,,,,,,,,,,,,,,,,4009.6,2826.4,3874.4,710.9,5146.7,,,3253.1,2947.2,5844.5,3078.8,6269.6,,,3134.8,3448.2,4659.8,2736.7,4056.8,,,7037.3,7662.8,5747.1,4659.8,5945.3,,,665.6,3078.8,2102.6,3483.1,3591.9,,,8410.4,9074.4,7496.2,8410.4,7183.9,,,,,,,,,,,,,,,,,,,,,,,,,,,,,,,,,,,,,,,,,,,,,,,,,,,,,,,,,,,,,,,,,,,,,,,,,,,,,,,,,,,,,,,,,,,,,,,,,,,,,,,,,,,,,,,,,,,,,,,,,,,,,,,,
20261003_久留米_10R,20261003,83,久留米,10,27.1,84.2,51.8,85.8,21.3,,,23.2,34.7,20.7,52.5,7.7,,,89.8,45.7,67.5,110.6,26.2,,,43.4,26.5,71.3,78.6,14.4,,,107.9,71.6,139.7,112.5,49.3,,,14.0,5.0,13.5,7.3,27.0,,,,,,,,,,,,,,,,,1742.1,2997.3,1914.9,2412.8,1283.4,,,1787.3,9999.9,7659.9,3548.3,5814.1,,,5079.7,9999.9,9999.9,9999.9,9999.9,,,1899.8,8179.2,9999.9,9999.9,6610.6,,,1961.6,8936.5,9999.9,9999.9,9999.9,,,1423.5,4387.0,6349.6,6032.1,9999.9,,,,,,,,,,,,,,,,,504.2,699.3,339.6,880.6,190.4,,,2071.1,6893.9,4685.1,2474.7,3016.0,,,2125.8,7659.9,5814.1,9280.2,4089.6,,,883.8,3113.3,4347.5,4825.7,1215.5,,,3422.5,8179.2,9999.9,7911.0,6610.6,,,330.9,1551.6,2183.5,967.0,2838.6,,,,,,,,,,,,,,,,,3548.3,2622.6,2822.0,3305.3,1359.3,,,8179.2,9999.9,9999.9,9999.9,9999.9,,,4160.1,9999.9,9999.9,9999.9,6893.9,,,5079.7,9999.9,9999.9,9999.9,9651.4,,,9999.9,9999.9,9999.9,9999.9,9999.9,,,2135.2,9999.9,5677.3,8179.2,9999.9,,,,,,,,,,,,,,,,,1503.3,661.9,826.3,1717.3,473.5,,,3799.7,6993.8,8774.0,9999.9,4640.1,,,1151.7,6349.6,7202.5,8179.2,1723.4,,,3955.5,9999.9,9999.9,9999.9,8466.2,,,4731.1,9999.9,9999.9,9999.9,8617.3,,,802.9,3260.6,1536.8,4196.2,4825.7,,,,,,,,,,,,,,,,,3891.7,2287.0,4924.2,3923.3,2308.9,,,5814.1,9999.9,9999.9,9999.9,9999.9,,,6186.8,9999.9,9999.9,9999.9,9999.9,,,9462.2,9999.9,9999.9,9999.9,9999.9,,,5483.7,9999.9,9999.9,9999.9,9999.9,,,3351.2,9999.9,9999.9,9999.9,9848.4,,,,,,,,,,,,,,,,,170.4,80.8,191.4,112.4,252.6,,,587.7,1378.7,3195.8,1436.2,2424.9,,,219.4,959.3,1280.0,571.0,1767.6,,,756.3,2757.5,1787.3,1914.9,2651.5,,,349.9,1157.2,691.3,1669.8,1899.8,,,912.2,4124.5,3073.7,4924.2,2741.8,,,,,,,,,,,,,,,,,,,,,,,,,,,,,,,,,,,,,,,,,,,,,,,,,,,,,,,,,,,,,,,,,,,,,,,,,,,,,,,,,,,,,,,,,,,,,,,,,,,,,,,,,,,,,,,,,,,,,,,,,,,,,,,,
20261003_久留米_11R,20261003,83,久留米,11,492.3,208.7,61.1,312.7,218.6,,,741.0,609.7,205.1,1731.5,297.0,,,123.4,276.0,27.5,416.5,80.8,,,23.9,54.9,12.6,104.3,16.6,,,1028.6,2404.9,1086.7,424.7,1484.2,,,181.1,214.7,114.8,46.2,624.3,,,,,,,,,,,,,,,,,671.1,256.1,111.0,394.7,244.4,,,1012.6,1731.5,1618.3,1588.6,804.1,,,232.4,997.0,312.7,331.7,269.9,,,127.3,1117.1,428.6,603.3,272.6,,,459.7,1109.9,374.8,541.1,478.7,,,221.5,468.4,340.6,284.3,462.9,,,,,,,,,,,,,,,,,1975.2,1139.2,441.7,2807.9,456.0,,,2308.7,2111.7,2319.1,1583.7,1791.3,,,1117.1,2005.7,892.5,2807.9,591.6,,,444.7,1593.4,837.8,3073.8,536.0,,,4122.8,3710.5,4155.8,5043.4,3558.0,,,284.1,906.5,408.0,374.2,1664.9,,,,,,,,,,,,,,,,,81.6,174.0,25.7,248.5,56.2,,,129.7,350.9,142.6,198.5,129.3,,,274.8,714.5,352.4,1177.9,144.0,,,25.4,95.8,171.6,333.6,55.8,,,855.8,521.0,1564.6,840.5,835.1,,,57.1,101.3,98.2,62.8,382.8,,,,,,,,,,,,,,,,,30.9,40.3,13.3,125.6,15.3,,,113.8,469.6,181.6,362.2,131.8,,,184.7,579.7,315.7,1392.7,190.4,,,35.7,115.4,169.3,305.0,57.7,,,530.0,980.1,1459.2,922.6,1020.5,,,35.3,79.8,106.8,57.7,426.5,,,,,,,,,,,,,,,,,2748.5,6111.5,3148.3,1276.3,3226.5,,,1613.2,2777.9,1230.9,1975.2,2382.9,,,5646.5,5194.7,4189.3,6184.2,4293.2,,,3329.9,1990.3,4947.4,2734.1,3055.7,,,1183.3,2719.7,5247.2,2450.3,2918.4,,,3582.6,4900.7,5526.3,3351.4,3965.4,,,,,,,,,,,,,,,,,175.2,100.5,119.7,46.9,487.3,,,169.6,316.9,241.6,173.7,418.9,,,84.5,260.2,141.9,122.8,731.6,,,100.9,162.8,123.5,79.7,403.3,,,42.0,132.0,125.9,76.0,531.1,,,1301.9,1431.0,1766.9,1159.5,1233.9,,,,,,,,,,,,,,,,,,,,,,,,,,,,,,,,,,,,,,,,,,,,,,,,,,,,,,,,,,,,,,,,,,,,,,,,,,,,,,,,,,,,,,,,,,,,,,,,,,,,,,,,,,,,,,,,,,,,,,,,,,,,,,,,
20261003_武雄_1R,20261003,84,武雄,1,18.8,65.0,15.4,140.4,112.2,,,51.9,203.7,76.9,386.8,380.5,,,91.9,190.1,83.4,62.4,387.5,,,7.6,15.7,22.9,32.1,17.3,,,210.7,442.0,69.2,165.5,1007.1,,,347.7,626.1,966.1,151.6,1482.7,,,,,,,,,,,,,,,,,30.6,95.5,28.3,192.3,221.9,,,29.9,50.7,36.7,116.5,256.6,,,176.7,113.4,303.7,130.3,1123.7,,,40.1,61.1,208.5,363.7,189.9,,,419.4,308.9,214.5,682.1,2271.4,,,808.7,1160.4,2271.4,970.5,4106.0,,,,,,,,,,,,,,,,,147.8,491.9,226.9,867.9,1112.0,,,93.6,173.3,136.4,373.2,633.5,,,802.6,527.1,1106.2,1051.7,2809.4,,,258.4,308.9,707.0,1227.0,802.6,,,1414.0,1083.8,1057.0,1889.5,3882.0,,,2295.8,2247.5,4542.8,1824.9,5618.8,,,,,,,,,,,,,,,,,156.0,311.7,177.3,126.3,983.9,,,194.4,177.4,333.0,122.7,1681.2,,,702.3,377.2,1026.5,412.9,2156.7,,,220.1,413.7,564.8,378.5,1026.5,,,103.9,88.0,202.5,213.7,573.9,,,2809.4,4106.0,3500.2,2924.8,2014.2,,,,,,,,,,,,,,,,,21.4,38.5,50.2,73.0,29.2,,,50.1,124.8,370.0,573.9,282.0,,,129.2,234.8,645.0,1206.2,485.2,,,187.2,561.8,802.6,476.5,928.3,,,375.9,1046.6,1386.4,665.1,1386.4,,,137.3,460.1,569.3,1031.4,1286.2,,,,,,,,,,,,,,,,,548.8,1031.4,199.7,431.3,2156.7,,,675.6,566.3,328.4,1046.6,3389.1,,,1334.4,957.4,784.9,1668.0,3139.9,,,155.3,140.1,315.8,293.2,827.5,,,601.4,1179.6,1605.3,673.5,1923.5,,,4965.4,6100.4,6672.3,3007.2,4357.4,,,,,,,,,,,,,,,,,1558.5,2454.1,2924.8,445.7,4744.7,,,2093.2,3745.8,7362.5,2178.7,9283.2,,,3812.7,5337.8,6470.1,3389.1,9999.9,,,4028.5,5770.6,7117.1,7117.1,6470.1,,,409.8,1514.2,1889.5,3050.2,3618.8,,,7362.5,9705.2,9999.9,6279.8,8896.4,,,,,,,,,,,,,,,,,,,,,,,,,,,,,,,,,,,,,,,,,,,,,,,,,,,,,,,,,,,,,,,,,,,,,,,,,,,,,,,,,,,,,,,,,,,,,,,,,,,,,,,,,,,,,,,,,,,,,,,,,,,,,,,,
20261003_武雄_2R,20261003,84,武雄,2,43.6,95.2,295.2,358.6,426.4,,,29.4,57.4,243.2,243.2,247.1,,,52.4,31.4,219.6,209.4,455.1,,,600.3,458.5,600.3,635.4,1955.8,,,869.2,503.7,619.6,734.1,3973.8,,,1209.4,699.3,1750.6,2911.0,3129.3,,,,,,,,,,,,,,,,,38.0,79.3,166.0,245.2,218.8,,,9.2,21.9,36.0,61.0,22.1,,,95.4,107.4,401.8,589.0,496.7,,,276.3,155.2,433.1,340.1,687.7,,,563.8,259.9,1153.6,705.2,1763.0,,,627.4,205.7,723.5,1175.3,1398.6,,,,,,,,,,,,,,,,,15.6,52.0,110.5,173.0,96.5,,,5.2,15.3,26.0,53.8,11.6,,,63.5,64.7,334.6,546.6,267.4,,,174.5,109.1,297.6,297.6,300.1,,,272.7,231.8,1143.1,491.8,1422.4,,,132.6,67.9,326.4,427.9,587.6,,,,,,,,,,,,,,,,,61.7,35.9,353.6,309.0,288.4,,,158.6,193.7,923.8,1297.1,913.6,,,98.7,114.2,697.3,1001.4,274.8,,,1009.4,1750.6,1625.6,2215.4,4723.5,,,1691.5,2580.9,2580.9,3053.0,4814.4,,,2002.8,2318.0,1594.5,3911.7,4316.3,,,,,,,,,,,,,,,,,612.1,458.5,866.2,872.2,1680.2,,,460.2,261.5,826.2,640.2,1324.6,,,366.0,245.6,842.9,402.4,826.2,,,1021.8,1406.4,1375.5,1554.9,4243.2,,,533.7,629.0,532.6,923.8,1604.8,,,5109.1,3209.6,2503.5,4636.1,4104.0,,,,,,,,,,,,,,,,,1564.6,828.9,1277.2,1258.0,5007.0,,,1406.4,672.9,1971.2,2018.9,5563.3,,,884.6,629.0,2139.7,799.8,3429.4,,,1345.9,2384.2,2607.8,2911.0,6954.1,,,913.6,1159.0,941.1,1481.3,3053.0,,,7152.8,6419.2,6419.2,5960.7,8075.8,,,,,,,,,,,,,,,,,1481.3,903.7,1896.5,3168.9,3477.0,,,2052.0,352.1,2176.9,3681.6,4172.5,,,568.9,189.2,1245.5,1840.8,2215.4,,,3576.4,2945.2,2721.1,6588.1,6419.2,,,6258.7,5215.6,3793.1,7363.2,4814.4,,,5007.0,4470.5,4470.5,5007.0,5960.7,,,,,,,,,,,,,,,,,,,,,,,,,,,,,,,,,,,,,,,,,,,,,,,,,,,,,,,,,,,,,,,,,,,,,,,,,,,,,,,,,,,,,,,,,,,,,,,,,,,,,,,,,,,,,,,,,,,,,,,,,,,,,,,,
20261003_武雄_3R,20261003,84,武雄,3,25.4,28.2,103.8,91.6,292.3,,,6.1,15.5,36.1,5.3,157.6,,,29.4,58.0,274.2,190.4,691.0,,,295.0,231.3,605.8,742.2,821.8,,,162.9,39.2,262.6,559.0,1009.7,,,528.4,692.8,559.0,789.4,1944.1,,,,,,,,,,,,,,,,,58.2,64.6,298.0,218.7,775.3,,,74.6,116.5,398.9,190.0,1037.9,,,68.1,84.8,242.7,236.1,548.4,,,702.2,596.1,678.4,2118.0,2265.4,,,528.4,373.2,652.9,1541.5,3831.1,,,2153.0,2631.5,1670.0,2658.3,6202.8,,,,,,,,,,,,,,,,,13.8,31.4,62.5,7.3,195.7,,,58.4,155.6,290.7,121.9,1178.8,,,117.0,205.9,706.0,199.0,1541.5,,,357.8,563.8,1289.7,968.4,2100.9,,,21.9,100.1,154.5,317.7,877.1,,,895.2,2742.3,3721.7,2347.0,2554.1,,,,,,,,,,,,,,,,,75.6,140.2,572.5,385.9,1289.7,,,103.2,142.0,276.5,350.1,773.0,,,191.4,211.2,895.2,405.1,2135.4,,,612.9,1142.6,1973.6,2457.7,2368.3,,,923.8,975.7,961.3,4008.0,6058.6,,,3340.0,2245.8,4491.7,2894.6,8141.2,,,,,,,,,,,,,,,,,1514.6,983.1,1505.9,3256.5,2529.3,,,1702.7,2019.5,2434.7,6202.8,4824.4,,,1067.7,2207.8,3831.1,2035.3,4570.5,,,2529.3,2927.2,3473.6,5210.4,4915.5,,,5920.9,7662.3,3473.6,7662.3,9648.9,,,2481.1,3520.5,3029.3,3568.7,7236.7,,,,,,,,,,,,,,,,,414.8,86.8,683.7,1283.3,2742.3,,,717.6,429.9,1127.7,2529.3,5108.2,,,47.4,250.7,507.8,567.5,2226.6,,,1184.1,1277.0,1099.2,3831.1,5920.9,,,2434.7,4008.0,2051.3,4270.8,6058.6,,,6513.0,9999.9,8684.0,9999.9,8403.9,,,,,,,,,,,,,,,,,711.8,1915.5,694.7,2529.3,5663.5,,,748.6,5543.0,711.8,4824.4,9999.9,,,2742.3,5427.5,8403.9,3888.3,4915.5,,,4415.6,3947.2,7662.3,3520.5,8403.9,,,1455.4,2994.5,1618.1,3064.9,7443.4,,,8403.9,9999.9,9999.9,9999.9,8403.9,,,,,,,,,,,,,,,,,,,,,,,,,,,,,,,,,,,,,,,,,,,,,,,,,,,,,,,,,,,,,,,,,,,,,,,,,,,,,,,,,,,,,,,,,,,,,,,,,,,,,,,,,,,,,,,,,,,,,,,,,,,,,,,,
20261003_武雄_4R,20261003,84,武雄,4,37.3,21.8,19.8,68.3,93.3,,,52.6,81.8,37.1,109.3,50.3,,,61.2,140.4,86.6,256.0,243.4,,,9.9,13.2,25.2,6.7,46.5,,,104.8,127.3,230.0,28.0,290.7,,,117.6,31.4,162.8,65.0,181.9,,,,,,,,,,,,,,,,,115.8,52.4,37.5,147.9,227.1,,,252.3,239.0,390.8,842.1,351.4,,,46.6,131.7,49.8,164.9,257.6,,,50.7,263.9,96.7,143.8,519.2,,,664.9,1963.3,880.1,877.7,3858.1,,,450.8,475.3,467.9,742.2,2168.6,,,,,,,,,,,,,,,,,218.8,354.8,132.0,582.1,149.0,,,323.3,471.3,580.0,1487.8,389.8,,,702.9,791.8,1168.3,2421.8,852.9,,,250.0,702.9,970.1,846.4,405.1,,,1595.1,3044.0,3728.0,1895.9,2369.9,,,132.8,278.3,366.6,179.8,701.4,,,,,,,,,,,,,,,,,246.8,590.3,324.3,1233.4,827.4,,,188.5,416.8,285.2,626.0,611.0,,,1091.4,1066.8,1853.6,4253.8,1602.8,,,432.0,604.3,1442.6,1515.0,1974.9,,,2835.8,2113.3,5821.0,3456.2,7716.2,,,1281.0,1343.3,2140.6,2336.6,5266.6,,,,,,,,,,,,,,,,,42.5,64.3,92.4,24.0,139.1,,,115.3,573.0,345.2,387.1,999.3,,,270.6,906.5,1271.2,698.5,833.6,,,319.0,597.8,1371.0,1228.8,1940.3,,,80.0,456.3,556.7,740.6,978.7,,,382.2,1405.9,835.7,1359.8,1261.5,,,,,,,,,,,,,,,,,616.7,795.6,1301.1,194.4,2099.9,,,1202.1,3997.5,1793.5,1193.5,6912.4,,,2197.3,5184.3,5623.7,1388.2,5529.9,,,2764.9,2675.7,5720.6,3606.5,9479.9,,,186.9,914.0,984.5,1823.0,2633.3,,,3858.1,8294.9,6260.3,8507.6,3728.0,,,,,,,,,,,,,,,,,311.2,154.5,508.8,205.3,795.6,,,457.0,555.7,769.8,999.3,2457.7,,,155.5,301.3,377.4,219.2,712.0,,,488.6,1184.9,1113.4,1667.3,3456.2,,,297.3,1024.0,418.4,1189.2,1014.6,,,2353.1,4423.9,2633.3,4739.9,2288.2,,,,,,,,,,,,,,,,,,,,,,,,,,,,,,,,,,,,,,,,,,,,,,,,,,,,,,,,,,,,,,,,,,,,,,,,,,,,,,,,,,,,,,,,,,,,,,,,,,,,,,,,,,,,,,,,,,,,,,,,,,,,,,,,
20261003_武雄_5R,20261003,84,武雄,5,4.8,20.8,33.3,11.0,121.3,,,13.4,111.5,118.8,26.0,268.4,,,98.9,243.0,322.3,516.8,1438.0,,,200.7,409.8,268.9,699.2,2120.2,,,66.0,64.9,297.4,346.3,255.4,,,733.3,1128.8,2803.0,3242.7,882.0,,,,,,,,,,,,,,,,,7.5,25.9,48.4,18.6,154.9,,,23.6,155.2,391.4,73.1,615.9,,,121.2,268.2,475.9,565.3,2265.4,,,297.4,865.8,636.0,1202.7,3518.7,,,122.1,187.5,533.4,945.0,588.5,,,841.6,2016.8,3758.6,5168.0,1567.5,,,,,,,,,,,,,,,,,22.4,148.9,228.7,42.8,353.7,,,19.9,168.9,306.2,44.6,433.4,,,373.7,287.8,774.6,520.8,1911.8,,,670.9,886.7,1036.8,911.1,2711.1,,,40.2,43.6,154.3,310.5,94.3,,,1262.4,1302.1,2646.0,3340.9,450.6,,,,,,,,,,,,,,,,,354.8,725.3,1220.5,1419.5,4295.5,,,328.4,772.7,1216.0,1759.3,5011.4,,,770.9,619.3,1575.0,1476.5,4593.8,,,1030.3,808.6,1317.7,1450.6,2756.3,,,2041.7,2004.5,2016.8,2190.4,2927.0,,,8268.9,9187.7,8268.9,4530.9,4593.8,,,,,,,,,,,,,,,,,579.2,923.9,653.6,1678.9,4530.9,,,508.0,1181.2,990.2,2979.8,6125.1,,,1070.4,1262.4,1450.6,1662.1,6890.7,,,660.1,600.2,893.9,1234.1,2667.4,,,3062.5,3409.8,2161.8,2584.0,2733.5,,,9999.9,9728.1,9999.9,7037.4,5422.2,,,,,,,,,,,,,,,,,184.8,150.5,781.9,1194.0,569.2,,,272.6,268.2,852.4,1653.7,800.8,,,91.7,108.8,220.6,467.8,135.7,,,1597.8,1450.6,1027.1,2281.0,2093.4,,,2544.2,2803.0,1637.4,2296.9,2689.0,,,975.6,984.3,372.8,1807.4,2120.2,,,,,,,,,,,,,,,,,2851.3,4352.0,8704.1,9999.9,3242.7,,,3340.9,6125.1,8939.4,9999.9,4469.7,,,3891.2,5088.5,6890.7,9728.1,916.2,,,9999.9,9999.9,9999.9,8704.1,8268.9,,,9999.9,9999.9,9999.9,9999.9,8067.2,,,2524.8,2876.1,741.6,4658.5,5011.4,,,,,,,,,,,,,,,,,,,,,,,,,,,,,,,,,,,,,,,,,,,,,,,,,,,,,,,,,,,,,,,,,,,,,,,,,,,,,,,,,,,,,,,,,,,,,,,,,,,,,,,,,,,,,,,,,,,,,,,,,,,,,,,,
20261003_武雄_6R,20261003,84,武雄,6,6.6,10.2,18.8,2.3,84.4,,,26.3,18.9,120.6,105.8,324.2,,,59.9,47.2,156.9,217.0,397.9,,,216.3,318.1,428.3,644.4,854.5,,,56.3,260.9,323.0,391.7,727.9,,,573.4,840.3,943.4,907.1,1281.8,,,,,,,,,,,,,,,,,28.5,37.1,46.3,9.0,163.6,,,108.8,388.7,751.1,438.9,2045.0,,,255.0,554.5,1191.2,793.2,2620.6,,,388.3,1565.4,2297.3,1524.9,2830.3,,,89.2,581.8,639.7,897.9,1593.6,,,1102.1,4262.5,3845.5,4211.7,3610.1,,,,,,,,,,,,,,,,,67.1,44.7,356.6,289.7,926.1,,,104.2,278.5,770.7,505.4,1558.5,,,85.6,163.8,356.2,667.5,772.4,,,1511.9,2170.4,1786.8,6803.6,5280.4,,,1040.5,1241.3,1976.4,4262.5,4717.2,,,2973.0,4211.7,2327.5,4066.5,5996.4,,,,,,,,,,,,,,,,,344.4,241.9,1072.0,1263.5,2068.9,,,517.2,677.7,2312.3,1499.1,3130.8,,,250.7,409.0,647.9,1345.2,1291.2,,,2785.7,3369.4,1751.4,7075.8,5615.7,,,3647.3,2721.4,3724.1,9827.5,8040.6,,,5996.4,7862.0,3573.6,7527.4,9999.9,,,,,,,,,,,,,,,,,948.5,916.5,2456.8,2742.5,3724.1,,,1245.7,3275.8,5360.4,3724.1,5442.9,,,2491.4,3763.7,3158.8,8844.7,8844.7,,,4913.7,7075.8,4020.3,9999.9,9999.9,,,6432.5,7862.0,5127.4,9999.9,9999.9,,,5360.4,7075.8,7691.1,7691.1,9999.9,,,,,,,,,,,,,,,,,252.5,1305.5,2390.4,3887.8,5127.4,,,241.0,1668.8,1976.4,4113.8,4982.9,,,1902.1,2118.5,4422.3,9999.9,9999.9,,,5615.7,4594.6,6432.5,9999.9,9999.9,,,8423.5,9071.5,9999.9,9999.9,9999.9,,,9827.5,9999.9,9999.9,9999.9,9999.9,,,,,,,,,,,,,,,,,1692.7,3337.6,4066.5,3845.5,3434.8,,,2056.9,5799.8,7527.4,6803.6,5127.4,,,4846.4,8040.6,5996.4,8227.6,9999.9,,,7370.6,9561.9,7527.4,9999.9,9999.9,,,5202.8,5202.8,6675.2,6937.0,9827.5,,,6937.0,8423.5,9999.9,9999.9,9999.9,,,,,,,,,,,,,,,,,,,,,,,,,,,,,,,,,,,,,,,,,,,,,,,,,,,,,,,,,,,,,,,,,,,,,,,,,,,,,,,,,,,,,,,,,,,,,,,,,,,,,,,,,,,,,,,,,,,,,,,,,,,,,,,,
20261003_武雄_7R,20261003,84,武雄,7,58.0,31.5,42.2,161.8,85.0,,,76.9,57.4,143.5,90.8,152.9,,,15.6,21.5,35.2,56.4,39.7,,,61.9,159.6,76.7,335.8,193.9,,,172.4,97.6,150.5,326.5,338.4,,,172.0,246.6,107.4,310.2,440.2,,,,,,,,,,,,,,,,,75.5,55.0,39.2,165.8,155.9,,,87.5,177.8,77.7,163.4,206.3,,,75.2,168.9,104.0,364.4,315.3,,,30.1,51.8,63.1,65.8,57.0,,,340.8,290.8,695.8,146.6,567.1,,,252.1,324.1,578.4,133.0,483.9,,,,,,,,,,,,,,,,,98.2,115.8,162.1,136.0,219.0,,,100.5,248.9,135.5,178.4,267.4,,,156.8,281.2,397.2,329.0,434.7,,,221.9,163.8,428.6,313.4,401.8,,,75.3,68.8,214.4,193.9,122.7,,,388.9,413.9,607.4,554.4,344.0,,,,,,,,,,,,,,,,,23.3,36.4,51.7,67.9,56.1,,,68.2,165.0,128.5,287.1,288.1,,,132.0,236.0,322.9,314.7,467.0,,,145.2,142.0,341.1,380.4,649.0,,,318.7,517.0,297.4,613.9,1240.9,,,432.5,837.9,1021.9,1065.8,1408.6,,,,,,,,,,,,,,,,,80.6,194.9,150.2,494.5,292.1,,,53.6,73.9,101.2,110.2,74.5,,,277.5,178.0,559.8,409.7,644.2,,,211.5,195.3,515.0,672.5,963.4,,,752.1,302.8,347.2,877.4,1280.6,,,1036.2,619.0,1339.8,1593.9,1981.7,,,,,,,,,,,,,,,,,204.2,164.5,380.1,686.7,353.8,,,239.8,188.2,547.4,358.2,371.7,,,76.3,86.0,237.8,232.7,140.2,,,479.9,695.8,455.6,813.1,1593.9,,,847.4,384.0,460.4,1023.9,1312.8,,,1416.3,1598.7,961.6,2180.7,2236.9,,,,,,,,,,,,,,,,,842.0,939.1,576.5,1346.7,1654.6,,,959.8,1226.3,1569.9,924.1,2326.8,,,1061.5,1312.8,1725.8,1778.8,1181.8,,,743.5,1772.8,1974.2,2435.5,2714.6,,,2012.3,1209.3,2236.9,2832.6,3065.9,,,2180.7,2757.7,1472.3,3030.2,2863.7,,,,,,,,,,,,,,,,,,,,,,,,,,,,,,,,,,,,,,,,,,,,,,,,,,,,,,,,,,,,,,,,,,,,,,,,,,,,,,,,,,,,,,,,,,,,,,,,,,,,,,,,,,,,,,,,,,,,,,,,,,,,,,,,
