race_key,date,jo_code,jo_name,race_no,1-2-3,1-2-4,1-2-5,1-2-6,1-2-7,1-2-8,1-2-9,1-3-2,1-3-4,1-3-5,1-3-6,1-3-7,1-3-8,1-3-9,1-4-2,1-4-3,1-4-5,1-4-6,1-4-7,1-4-8,1-4-9,1-5-2,1-5-3,1-5-4,1-5-6,1-5-7,1-5-8,1-5-9,1-6-2,1-6-3,1-6-4,1-6-5,1-6-7,1-6-8,1-6-9,1-7-2,1-7-3,1-7-4,1-7-5,1-7-6,1-7-8,1-7-9,1-8-2,1-8-3,1-8-4,1-8-5,1-8-6,1-8-7,1-8-9,1-9-2,1-9-3,1-9-4,1-9-5,1-9-6,1-9-7,1-9-8,2-1-3,2-1-4,2-1-5,2-1-6,2-1-7,2-1-8,2-1-9,2-3-1,2-3-4,2-3-5,2-3-6,2-3-7,2-3-8,2-3-9,2-4-1,2-4-3,2-4-5,2-4-6,2-4-7,2-4-8,2-4-9,2-5-1,2-5-3,2-5-4,2-5-6,2-5-7,2-5-8,2-5-9,2-6-1,2-6-3,2-6-4,2-6-5,2-6-7,2-6-8,2-6-9,2-7-1,2-7-3,2-7-4,2-7-5,2-7-6,2-7-8,2-7-9,2-8-1,2-8-3,2-8-4,2-8-5,2-8-6,2-8-7,2-8-9,2-9-1,2-9-3,2-9-4,2-9-5,2-9-6,2-9-7,2-9-8,3-1-2,3-1-4,3-1-5,3-1-6,3-1-7,3-1-8,3-1-9,3-2-1,3-2-4,3-2-5,3-2-6,3-2-7,3-2-8,3-2-9,3-4-1,3-4-2,3-4-5,3-4-6,3-4-7,3-4-8,3-4-9,3-5-1,3-5-2,3-5-4,3-5-6,3-5-7,3-5-8,3-5-9,3-6-1,3-6-2,3-6-4,3-6-5,3-6-7,3-6-8,3-6-9,3-7-1,3-7-2,3-7-4,3-7-5,3-7-6,3-7-8,3-7-9,3-8-1,3-8-2,3-8-4,3-8-5,3-8-6,3-8-7,3-8-9,3-9-1,3-9-2,3-9-4,3-9-5,3-9-6,3-9-7,3-9-8,4-1-2,4-1-3,4-1-5,4-1-6,4-1-7,4-1-8,4-1-9,4-2-1,4-2-3,4-2-5,4-2-6,4-2-7,4-2-8,4-2-9,4-3-1,4-3-2,4-3-5,4-3-6,4-3-7,4-3-8,4-3-9,4-5-1,4-5-2,4-5-3,4-5-6,4-5-7,4-5-8,4-5-9,4-6-1,4-6-2,4-6-3,4-6-5,4-6-7,4-6-8,4-6-9,4-7-1,4-7-2,4-7-3,4-7-5,4-7-6,4-7-8,4-7-9,4-8-1,4-8-2,4-8-3,4-8-5,4-8-6,4-8-7,4-8-9,4-9-1,4-9-2,4-9-3,4-9-5,4-9-6,4-9-7,4-9-8,5-1-2,5-1-3,5-1-4,5-1-6,5-1-7,5-1-8,5-1-9,5-2-1,5-2-3,5-2-4,5-2-6,5-2-7,5-2-8,5-2-9,5-3-1,5-3-2,5-3-4,5-3-6,5-3-7,5-3-8,5-3-9,5-4-1,5-4-2,5-4-3,5-4-6,5-4-7,5-4-8,5-4-9,5-6-1,5-6-2,5-6-3,5-6-4,5-6-7,5-6-8,5-6-9,5-7-1,5-7-2,5-7-3,5-7-4,5-7-6,5-7-8,5-7-9,5-8-1,5-8-2,5-8-3,5-8-4,5-8-6,5-8-7,5-8-9,5-9-1,5-9-2,5-9-3,5-9-4,5-9-6,5-9-7,5-9-8,6-1-2,6-1-3,6-1-4,6-1-5,6-1-7,6-1-8,6-1-9,6-2-1,6-2-3,6-2-4,6-2-5,6-2-7,6-2-8,6-2-9,6-3-1,6-3-2,6-3-4,6-3-5,6-3-7,6-3-8,6-3-9,6-4-1,6-4-2,6-4-3,6-4-5,6-4-7,6-4-8,6-4-9,6-5-1,6-5-2,6-5-3,6-5-4,6-5-7,6-5-8,6-5-9,6-7-1,6-7-2,6-7-3,6-7-4,6-7-5,6-7-8,6-7-9,6-8-1,6-8-2,6-8-3,6-8-4,6-8-5,6-8-7,6-8-9,6-9-1,6-9-2,6-9-3,6-9-4,6-9-5,6-9-7,6-9-8,7-1-2,7-1-3,7-1-4,7-1-5,7-1-6,7-1-8,7-1-9,7-2-1,7-2-3,7-2-4,7-2-5,7-2-6,7-2-8,7-2-9,7-3-1,7-3-2,7-3-4,7-3-5,7-3-6,7-3-8,7-3-9,7-4-1,7-4-2,7-4-3,7-4-5,7-4-6,7-4-8,7-4-9,7-5-1,7-5-2,7-5-3,7-5-4,7-5-6,7-5-8,7-5-9,7-6-1,7-6-2,7-6-3,7-6-4,7-6-5,7-6-8,7-6-9,7-8-1,7-8-2,7-8-3,7-8-4,7-8-5,7-8-6,7-8-9,7-9-1,7-9-2,7-9-3,7-9-4,7-9-5,7-9-6,7-9-8,8-1-2,8-1-3,8-1-4,8-1-5,8-1-6,8-1-7,8-1-9,8-2-1,8-2-3,8-2-4,8-2-5,8-2-6,8-2-7,8-2-9,8-3-1,8-3-2,8-3-4,8-3-5,8-3-6,8-3-7,8-3-9,8-4-1,8-4-2,8-4-3,8-4-5,8-4-6,8-4-7,8-4-9,8-5-1,8-5-2,8-5-3,8-5-4,8-5-6,8-5-7,8-5-9,8-6-1,8-6-2,8-6-3,8-6-4,8-6-5,8-6-7,8-6-9,8-7-1,8-7-2,8-7-3,8-7-4,8-7-5,8-7-6,8-7-9,8-9-1,8-9-2,8-9-3,8-9-4,8-9-5,8-9-6,8-9-7,9-1-2,9-1-3,9-1-4,9-1-5,9-1-6,9-1-7,9-1-8,9-2-1,9-2-3,9-2-4,9-2-5,9-2-6,9-2-7,9-2-8,9-3-1,9-3-2,9-3-4,9-3-5,9-3-6,9-3-7,9-3-8,9-4-1,9-4-2,9-4-3,9-4-5,9-4-6,9-4-7,9-4-8,9-5-1,9-5-2,9-5-3,9-5-4,9-5-6,9-5-7,9-5-8,9-6-1,9-6-2,9-6-3,9-6-4,9-6-5,9-6-7,9-6-8,9-7-1,9-7-2,9-7-3,9-7-4,9-7-5,9-7-6,9-7-8,9-8-1,9-8-2,9-8-3,9-8-4,9-8-5,9-8-6,9-8-7
20260921_青森_1R,20260921,12,青森,1,1514.9,1514.9,1679.6,5518.7,2759.3,,,1404.7,930.8,222.6,3359.2,1643.8,,,1576.7,1332.1,1609.6,5150.8,1839.5,,,1755.9,274.9,849.0,5150.8,2414.4,,,6438.5,4066.4,8584.6,7023.8,6438.5,,,2207.4,1931.5,2272.4,3090.4,7726.2,,,,,,,,,,,,,,,,,821.9,990.5,953.8,2341.2,1088.1,,,290.4,82.5,70.3,125.8,50.2,,,638.5,159.6,289.3,229.9,98.6,,,426.8,134.1,394.1,540.2,163.3,,,2207.4,462.6,316.6,772.6,160.2,,,307.8,43.7,47.6,73.2,36.1,,,,,,,,,,,,,,,,,161.9,96.3,42.3,410.9,319.2,,,82.5,30.0,20.0,54.7,17.8,,,61.4,39.5,32.1,378.7,92.4,,,5.8,9.4,12.3,164.0,21.9,,,1545.2,388.2,1266.5,495.2,990.5,,,180.9,21.9,85.4,49.0,386.3,,,,,,,,,,,,,,,,,1136.2,990.5,990.5,4828.8,1246.1,,,804.8,237.0,457.1,441.4,218.8,,,373.2,189.3,182.6,1576.7,380.6,,,618.0,559.8,268.2,2759.3,796.5,,,7726.2,2207.4,4544.8,4828.8,2971.6,,,1309.5,357.6,638.5,1153.1,2146.1,,,,,,,,,,,,,,,,,603.6,116.3,305.3,2207.4,750.1,,,357.6,144.6,444.0,1931.5,362.7,,,23.7,45.8,45.5,371.4,79.8,,,444.0,501.7,206.5,2341.2,965.7,,,7023.8,5150.8,2971.6,7023.8,6438.5,,,877.9,376.8,236.2,764.9,3219.2,,,,,,,,,,,,,,,,,9657.7,5150.8,5518.7,9657.7,7023.8,,,5943.2,2272.4,2088.1,4544.8,2033.2,,,4828.8,2971.6,3863.1,3359.2,3511.9,,,7023.8,2664.2,5943.2,7726.2,5150.8,,,7023.8,7023.8,7726.2,7726.2,8584.6,,,5943.2,1884.4,4828.8,4544.8,7023.8,,,,,,,,,,,,,,,,,1679.6,1379.6,1309.5,1679.6,6438.5,,,413.1,69.9,122.6,113.4,111.6,,,563.9,93.5,297.1,159.6,1226.3,,,1514.9,398.2,580.9,1073.0,2414.4,,,930.8,364.4,212.2,877.9,2146.1,,,7726.2,1884.4,2971.6,2971.6,1716.9,,,,,,,,,,,,,,,,,,,,,,,,,,,,,,,,,,,,,,,,,,,,,,,,,,,,,,,,,,,,,,,,,,,,,,,,,,,,,,,,,,,,,,,,,,,,,,,,,,,,,,,,,,,,,,,,,,,,,,,,,,,,,,,,
20260921_青森_2R,20260921,12,青森,2,516.5,66.1,163.2,703.2,76.0,,,1202.9,823.6,2031.5,1474.5,300.7,,,116.6,413.6,399.2,662.4,85.5,,,801.9,1498.6,816.2,3516.1,725.5,,,1828.4,1063.0,1498.6,3047.3,574.9,,,42.6,77.6,45.9,122.0,236.2,,,,,,,,,,,,,,,,,348.9,47.8,132.1,846.4,100.3,,,578.6,157.0,334.8,567.8,293.9,,,20.1,36.9,5.1,58.7,13.1,,,153.9,212.1,24.9,421.2,120.4,,,1632.5,445.9,211.6,448.1,774.7,,,111.3,192.0,41.0,122.8,708.6,,,,,,,,,,,,,,,,,2344.1,1428.4,2344.1,2126.0,1088.3,,,2285.5,471.2,1004.6,1385.1,932.8,,,1252.3,589.8,1306.0,1004.6,743.2,,,2344.1,1662.1,1603.8,2077.7,2031.5,,,1218.9,743.2,560.8,1324.9,425.2,,,703.2,708.6,564.3,1063.0,879.0,,,,,,,,,,,,,,,,,75.9,261.2,229.6,519.4,66.8,,,24.4,41.9,8.3,67.0,16.4,,,370.1,204.5,419.3,373.1,157.3,,,370.1,90.1,397.4,761.8,248.4,,,737.2,276.1,245.0,816.2,346.2,,,76.0,63.7,104.1,168.6,377.7,,,,,,,,,,,,,,,,,1549.5,3809.1,1063.0,4811.6,1758.0,,,737.2,862.4,126.7,1364.4,593.6,,,2229.7,2344.1,1474.5,3152.4,1987.4,,,1344.4,203.6,1406.4,1865.7,993.7,,,6530.0,2949.0,3047.3,2949.0,3809.1,,,1828.4,1406.4,2176.6,1364.4,3385.9,,,,,,,,,,,,,,,,,2229.7,905.1,1576.2,3809.1,662.4,,,2077.7,358.5,210.1,613.5,648.3,,,454.8,169.9,198.7,531.5,155.2,,,1324.9,198.7,280.4,1114.8,537.7,,,4353.3,1987.4,1945.1,2176.6,4811.6,,,643.8,499.5,287.4,648.3,1549.5,,,,,,,,,,,,,,,,,64.1,114.2,71.8,246.4,352.9,,,156.0,367.1,95.8,249.1,774.7,,,303.7,343.6,323.0,537.7,374.6,,,127.5,111.3,283.0,361.3,502.3,,,962.3,667.3,761.8,708.6,2856.8,,,743.2,1306.0,452.5,972.5,2539.4,,,,,,,,,,,,,,,,,,,,,,,,,,,,,,,,,,,,,,,,,,,,,,,,,,,,,,,,,,,,,,,,,,,,,,,,,,,,,,,,,,,,,,,,,,,,,,,,,,,,,,,,,,,,,,,,,,,,,,,,,,,,,,,,
20260921_青森_3R,20260921,12,青森,3,182.5,188.1,73.6,428.0,139.3,,,140.6,414.5,203.3,363.5,77.0,,,498.4,1193.3,593.6,1845.9,922.9,,,88.8,214.0,310.8,599.6,156.0,,,803.6,826.1,1618.3,1534.2,565.2,,,111.4,93.4,399.1,195.5,176.0,,,,,,,,,,,,,,,,,151.8,91.5,33.4,311.7,104.2,,,202.9,270.3,133.7,762.1,809.1,,,76.6,196.2,21.0,236.2,275.3,,,6.1,34.9,3.4,46.0,37.6,,,895.0,1406.4,738.3,444.1,1596.4,,,310.0,1217.9,395.1,225.4,1181.4,,,,,,,,,,,,,,,,,294.6,618.5,331.8,605.8,205.1,,,356.9,440.8,270.3,1534.2,1440.7,,,2002.3,1406.4,2271.9,3375.4,4725.6,,,440.8,359.0,1737.3,1936.7,1036.3,,,2747.4,2625.3,3938.0,5625.7,5370.0,,,1009.7,2513.6,4922.5,2747.4,4073.7,,,,,,,,,,,,,,,,,584.8,1936.7,694.9,3192.9,1554.4,,,241.1,447.5,106.1,792.8,843.8,,,2461.2,1663.9,2513.6,4725.6,6563.3,,,767.1,181.1,2072.6,2747.4,2229.0,,,4375.5,2461.2,3938.0,3810.9,3810.9,,,2036.8,2316.4,5625.7,2685.0,3938.0,,,,,,,,,,,,,,,,,44.5,96.3,131.7,327.2,67.7,,,8.1,45.5,9.0,91.2,61.1,,,98.1,183.1,552.0,1104.1,420.4,,,310.0,99.3,707.4,984.5,777.2,,,1009.7,631.7,2271.9,1845.9,1712.1,,,358.0,365.7,798.2,1284.1,1193.3,,,,,,,,,,,,,,,,,2362.8,2316.4,5370.0,3810.9,2362.8,,,2461.2,2148.0,2316.4,1114.5,4543.8,,,3938.0,2271.9,3938.0,5370.0,6949.4,,,6217.8,2747.4,3938.0,3580.0,4922.5,,,3375.4,1158.2,4543.8,3691.8,6563.3,,,4725.6,4725.6,6217.8,3810.9,3691.8,,,,,,,,,,,,,,,,,450.9,552.0,724.7,694.9,856.0,,,645.5,1618.3,1357.9,798.2,2568.2,,,868.6,2747.4,4073.7,2881.4,3938.0,,,1875.2,2187.7,3375.4,2513.6,4073.7,,,1217.9,868.6,1357.9,2271.9,3474.7,,,2881.4,3810.9,3810.9,4922.5,3938.0,,,,,,,,,,,,,,,,,,,,,,,,,,,,,,,,,,,,,,,,,,,,,,,,,,,,,,,,,,,,,,,,,,,,,,,,,,,,,,,,,,,,,,,,,,,,,,,,,,,,,,,,,,,,,,,,,,,,,,,,,,,,,,,,
20260921_青森_4R,20260921,12,青森,4,1798.1,622.2,809.9,3563.6,335.0,,,2227.2,1010.3,2107.5,2882.3,830.5,,,608.7,748.0,616.3,395.1,71.3,,,924.5,2305.9,859.6,4355.6,659.9,,,5444.5,4780.5,1187.8,6125.0,1289.4,,,45.6,100.8,10.8,85.9,118.0,,,,,,,,,,,,,,,,,1496.1,712.7,748.0,4083.3,357.6,,,1940.6,2305.9,796.7,3698.1,924.5,,,1113.6,2800.0,1351.7,3843.1,1037.0,,,313.6,360.2,624.2,2153.8,151.5,,,7259.3,8166.7,6533.4,5600.0,6533.4,,,141.9,269.9,331.6,95.1,1281.0,,,,,,,,,,,,,,,,,2800.0,1333.3,2613.3,4355.6,937.8,,,2840.6,4454.5,1146.2,5939.4,1410.0,,,2722.2,5444.5,5025.6,3698.1,2684.9,,,2925.4,1195.1,4900.0,6125.0,1333.3,,,7259.3,9800.1,4780.5,8521.8,9333.4,,,585.0,734.0,1152.9,734.0,2722.2,,,,,,,,,,,,,,,,,1195.1,1053.7,984.9,624.2,156.8,,,1704.3,4260.9,3015.4,5764.7,1473.6,,,2882.3,5939.4,4355.6,3438.6,2279.0,,,2800.0,3213.1,5444.5,6758.6,2252.8,,,2361.4,7840.0,3266.7,7840.0,1734.5,,,198.9,928.9,1225.0,1082.8,1180.7,,,,,,,,,,,,,,,,,1324.3,2722.2,1195.1,4260.9,942.3,,,566.4,507.7,956.1,3062.5,218.5,,,2202.2,928.9,3920.0,4780.5,1209.8,,,2153.8,2545.4,4170.2,5764.7,2130.4,,,9999.9,9333.4,9999.9,7538.5,8909.1,,,494.9,204.5,614.4,886.8,3563.6,,,,,,,,,,,,,,,,,9999.9,9333.4,2177.8,9800.1,3062.5,,,9999.9,9999.9,9999.9,9999.9,9999.9,,,9999.9,9999.9,4558.1,9999.9,9999.9,,,3698.1,9999.9,4780.5,9999.9,3213.1,,,9999.9,9800.1,9999.9,5939.4,9999.9,,,3266.7,8909.1,9999.9,3438.6,9999.9,,,,,,,,,,,,,,,,,10.4,24.7,2.5,20.9,48.7,,,30.6,40.3,54.1,13.6,205.4,,,75.7,66.3,81.3,62.3,302.0,,,16.9,93.3,87.4,98.7,119.4,,,51.8,19.4,43.9,71.5,319.7,,,382.0,707.5,723.2,461.1,796.7,,,,,,,,,,,,,,,,,,,,,,,,,,,,,,,,,,,,,,,,,,,,,,,,,,,,,,,,,,,,,,,,,,,,,,,,,,,,,,,,,,,,,,,,,,,,,,,,,,,,,,,,,,,,,,,,,,,,,,,,,,,,,,,,
20260921_青森_5R,20260921,12,青森,5,153.0,431.6,69.1,208.0,71.2,,,154.6,250.7,73.5,59.0,56.8,,,709.1,428.6,496.1,297.3,274.1,,,54.6,66.8,227.5,95.2,39.4,,,215.3,75.6,103.9,127.4,77.3,,,34.3,30.0,83.5,15.8,25.8,,,,,,,,,,,,,,,,,294.4,651.6,116.8,370.0,155.2,,,377.3,679.1,186.2,261.2,496.9,,,1268.2,1222.5,567.0,709.1,1278.8,,,74.9,86.9,140.3,63.7,64.5,,,386.3,180.6,204.3,137.4,414.1,,,166.5,522.4,719.1,166.1,502.6,,,,,,,,,,,,,,,,,225.3,360.8,115.8,99.5,101.8,,,299.6,777.7,197.5,238.4,425.6,,,622.4,912.3,418.1,151.5,462.3,,,140.6,146.1,255.9,101.1,193.9,,,61.8,134.1,26.1,49.4,47.8,,,173.1,529.7,346.9,216.4,154.3,,,,,,,,,,,,,,,,,1652.0,1217.6,1091.5,745.4,937.5,,,1717.0,1830.1,1483.6,1402.0,2183.1,,,1091.5,1736.5,853.7,280.6,1064.9,,,1162.1,928.9,926.1,590.0,856.1,,,511.9,707.4,162.4,383.9,463.7,,,967.2,2065.1,1358.3,1053.9,949.1,,,,,,,,,,,,,,,,,92.7,127.2,359.1,189.4,98.7,,,65.1,87.9,184.2,86.3,67.3,,,169.5,147.5,368.6,154.9,261.0,,,694.6,462.3,564.9,455.4,636.7,,,289.1,204.7,188.0,227.0,294.1,,,149.2,190.1,297.3,355.3,284.3,,,,,,,,,,,,,,,,,391.3,127.7,157.5,261.0,207.7,,,526.9,294.4,296.1,337.3,701.0,,,75.5,132.7,23.2,66.5,72.5,,,177.4,245.0,44.5,135.7,149.8,,,320.3,324.1,142.6,183.4,259.8,,,285.1,888.4,177.6,200.6,279.3,,,,,,,,,,,,,,,,,92.9,77.9,149.3,50.8,84.6,,,179.9,719.1,1203.2,297.0,815.0,,,206.9,817.2,787.7,432.3,363.8,,,607.6,2214.7,1131.9,830.5,915.0,,,166.6,297.0,445.5,458.9,383.0,,,299.3,1012.0,287.2,448.1,408.0,,,,,,,,,,,,,,,,,,,,,,,,,,,,,,,,,,,,,,,,,,,,,,,,,,,,,,,,,,,,,,,,,,,,,,,,,,,,,,,,,,,,,,,,,,,,,,,,,,,,,,,,,,,,,,,,,,,,,,,,,,,,,,,,
20260921_青森_6R,20260921,12,青森,6,169.6,217.3,81.7,455.6,93.5,,,231.4,398.8,173.4,472.6,446.8,,,433.6,653.4,383.9,1750.8,622.7,,,52.4,65.5,88.5,149.9,64.3,,,934.1,861.8,1855.8,895.1,1413.0,,,130.9,405.2,291.8,148.8,662.8,,,,,,,,,,,,,,,,,87.2,91.6,43.8,250.5,63.2,,,44.3,64.8,38.5,58.3,49.3,,,138.6,156.3,179.4,431.5,50.8,,,26.7,46.1,100.6,133.5,61.9,,,263.3,126.1,453.3,268.9,285.2,,,19.0,35.1,12.7,25.8,92.1,,,,,,,,,,,,,,,,,192.9,341.1,159.7,315.9,398.8,,,78.8,138.2,67.2,93.9,79.5,,,610.4,432.9,760.6,784.1,471.0,,,107.4,135.2,419.2,206.9,397.1,,,168.7,108.1,287.5,159.9,233.9,,,389.8,151.2,249.2,452.6,405.2,,,,,,,,,,,,,,,,,927.9,1687.1,1074.8,2702.7,895.1,,,587.3,806.9,892.2,1933.1,236.3,,,2017.2,1199.9,2281.8,2339.3,1449.8,,,1034.8,1169.6,2463.5,5353.4,1384.9,,,4349.6,3353.9,2702.7,5353.4,3662.9,,,692.4,222.1,1179.5,966.5,2420.7,,,,,,,,,,,,,,,,,30.1,60.1,64.0,168.0,47.9,,,42.1,107.9,177.6,429.5,114.6,,,110.4,198.1,432.9,449.7,454.1,,,329.4,493.5,927.9,2379.3,756.4,,,674.0,1145.5,629.8,1773.1,1313.1,,,107.2,116.7,396.5,205.9,683.9,,,,,,,,,,,,,,,,,1325.6,869.9,2729.2,1338.3,1784.4,,,1131.6,578.7,2227.0,1647.2,1169.6,,,404.6,342.4,610.4,381.8,522.2,,,4217.8,3568.9,1676.9,4883.8,4418.7,,,1220.9,2062.0,723.0,3479.7,2626.2,,,1169.6,1100.3,1521.2,2017.2,1313.1,,,,,,,,,,,,,,,,,103.6,441.8,273.4,197.9,642.9,,,28.3,52.9,16.8,40.1,147.9,,,463.1,173.6,414.2,554.5,677.3,,,292.1,77.0,498.8,375.1,811.6,,,203.9,130.4,462.4,295.8,940.4,,,861.8,538.4,1282.8,1127.0,934.1,,,,,,,,,,,,,,,,,,,,,,,,,,,,,,,,,,,,,,,,,,,,,,,,,,,,,,,,,,,,,,,,,,,,,,,,,,,,,,,,,,,,,,,,,,,,,,,,,,,,,,,,,,,,,,,,,,,,,,,,,,,,,,,,
20260921_青森_7R,20260921,12,青森,7,31.6,20.8,31.5,124.5,9.0,,,56.5,87.3,39.4,279.6,97.9,,,12.6,39.7,31.8,11.9,31.5,,,78.7,59.9,119.6,355.5,115.4,,,382.0,502.7,162.1,608.6,537.1,,,28.8,102.8,75.7,95.7,291.9,,,,,,,,,,,,,,,,,70.7,47.3,68.7,230.8,18.1,,,137.8,373.4,161.5,966.7,174.4,,,94.4,341.0,257.0,277.4,127.5,,,148.8,155.4,395.8,907.4,128.6,,,824.1,1834.7,914.0,1675.7,837.8,,,23.4,70.8,49.3,46.6,196.2,,,,,,,,,,,,,,,,,84.8,175.9,76.4,700.1,191.2,,,102.5,343.8,122.3,1030.1,182.1,,,329.8,599.9,466.3,934.4,694.3,,,90.3,90.8,216.6,558.5,165.4,,,1514.2,2513.6,2285.1,1461.4,2856.4,,,312.6,266.5,673.9,296.4,1861.9,,,,,,,,,,,,,,,,,72.0,200.4,162.3,78.1,120.3,,,163.8,681.2,642.8,530.3,315.3,,,473.3,1005.4,900.9,1250.5,1444.6,,,559.8,978.0,1107.3,937.9,1117.1,,,251.3,728.5,1244.3,934.4,771.0,,,364.2,530.3,1381.1,963.0,941.4,,,,,,,,,,,,,,,,,323.9,239.3,453.7,1137.3,591.4,,,420.3,366.4,907.4,2244.3,431.1,,,199.3,229.3,452.9,897.7,314.2,,,595.6,1275.9,1074.2,1275.9,1282.4,,,1632.2,3696.5,1733.5,1948.5,2856.4,,,835.0,659.7,694.3,1147.7,2371.3,,,,,,,,,,,,,,,,,1571.0,2349.2,681.2,2043.6,1770.1,,,1795.4,4654.9,1770.1,4054.2,2204.9,,,2371.3,4120.7,2889.2,3181.8,5712.8,,,561.0,1782.7,4488.6,3142.0,2094.7,,,3181.8,4928.7,3222.6,3989.9,4654.9,,,2618.3,2306.0,6445.2,2992.4,3751.7,,,,,,,,,,,,,,,,,96.7,306.9,273.8,393.9,888.2,,,65.3,158.7,149.5,138.4,421.7,,,372.9,328.5,1263.1,666.7,2702.8,,,434.8,500.7,1191.3,1088.1,1202.7,,,694.3,471.6,659.7,1013.5,2027.1,,,2010.9,1601.0,3443.3,2393.9,2645.9,,,,,,,,,,,,,,,,,,,,,,,,,,,,,,,,,,,,,,,,,,,,,,,,,,,,,,,,,,,,,,,,,,,,,,,,,,,,,,,,,,,,,,,,,,,,,,,,,,,,,,,,,,,,,,,,,,,,,,,,,,,,,,,,
20260921_青森_8R,20260921,12,青森,8,193.9,283.4,103.0,546.5,59.5,,,799.4,1797.4,1834.4,2575.2,886.8,,,561.4,1998.6,1058.5,1139.6,259.7,,,175.9,699.2,692.0,1387.6,234.1,,,2125.5,2975.8,2503.0,2705.2,1084.3,,,29.4,197.9,22.9,83.4,236.5,,,,,,,,,,,,,,,,,119.1,213.9,60.5,368.9,37.7,,,141.3,204.4,43.7,107.2,49.8,,,497.8,610.0,509.1,847.5,241.7,,,37.6,22.0,126.6,136.0,15.0,,,1046.1,524.1,1217.3,621.4,621.4,,,22.7,40.2,33.9,21.8,121.7,,,,,,,,,,,,,,,,,1345.8,2879.8,2412.8,4251.1,1521.7,,,821.5,988.2,375.6,650.0,486.0,,,3719.7,2195.2,5150.4,3997.3,2177.4,,,2177.4,684.9,2732.9,2705.2,1539.2,,,2412.8,1149.4,4319.7,4959.7,2125.5,,,1201.0,731.7,1174.6,1394.9,2213.4,,,,,,,,,,,,,,,,,943.0,2911.1,1623.1,2308.8,383.7,,,1038.0,1663.5,1727.8,2732.9,712.2,,,3433.6,2600.2,4463.7,4184.7,2349.3,,,1847.0,1548.1,4617.6,3772.1,1809.6,,,3938.5,3478.2,4184.7,3938.5,2125.5,,,264.3,531.3,1487.9,1287.6,1134.8,,,,,,,,,,,,,,,,,151.7,710.4,688.4,1263.3,195.7,,,88.7,89.9,290.1,448.6,60.2,,,1275.3,441.2,2250.6,1899.4,1046.1,,,1373.4,1084.3,3881.5,3306.4,1471.5,,,3347.8,1834.4,3619.2,3390.1,2231.8,,,201.2,150.3,583.4,298.2,1058.5,,,,,,,,,,,,,,,,,3390.1,4869.5,3668.8,4390.5,1809.6,,,3009.2,1716.8,3114.2,1785.4,2195.2,,,3078.4,1926.7,3826.0,4617.6,3043.4,,,4120.3,3997.3,4390.5,4959.7,3009.2,,,5150.4,2849.1,5356.4,5465.8,3881.5,,,1394.9,2142.5,3188.3,1663.5,2943.1,,,,,,,,,,,,,,,,,7.5,104.7,6.6,37.8,86.8,,,16.1,74.0,37.0,37.4,183.3,,,362.4,336.8,489.6,654.8,1079.9,,,31.6,66.4,286.7,180.7,157.0,,,79.5,77.0,302.6,151.4,483.4,,,506.2,725.8,1530.4,588.6,1275.3,,,,,,,,,,,,,,,,,,,,,,,,,,,,,,,,,,,,,,,,,,,,,,,,,,,,,,,,,,,,,,,,,,,,,,,,,,,,,,,,,,,,,,,,,,,,,,,,,,,,,,,,,,,,,,,,,,,,,,,,,,,,,,,,
20260921_青森_9R,20260921,12,青森,9,804.5,625.0,1064.1,670.1,2090.7,,,795.9,868.0,351.3,340.0,1434.2,,,858.0,1159.7,1128.8,831.6,2033.4,,,880.9,390.6,1141.8,749.7,888.8,,,559.1,240.9,350.9,357.2,1064.1,,,2882.3,2319.4,2827.4,2413.7,2748.9,,,,,,,,,,,,,,,,,523.6,395.3,744.0,676.2,1319.4,,,260.8,96.6,90.2,477.3,443.1,,,130.3,66.6,65.7,316.8,380.6,,,280.3,106.6,130.8,945.4,325.1,,,791.6,591.4,533.0,1319.4,2998.8,,,2266.3,1247.4,1290.8,1206.8,3958.4,,,,,,,,,,,,,,,,,218.2,209.8,79.6,104.9,427.7,,,173.1,70.4,57.8,231.2,251.5,,,214.9,89.9,65.5,209.2,309.5,,,13.3,11.8,11.7,17.6,4.5,,,55.5,189.7,133.0,57.0,276.6,,,751.6,550.8,558.0,90.8,880.9,,,,,,,,,,,,,,,,,564.4,717.1,899.6,1159.7,1696.4,,,182.4,127.5,132.4,367.4,524.5,,,360.2,206.0,190.4,744.0,658.2,,,340.8,236.9,239.2,1206.8,546.7,,,999.6,813.3,913.4,1434.2,2249.1,,,2394.2,1746.3,1867.2,2061.7,3060.6,,,,,,,,,,,,,,,,,682.4,214.8,763.2,747.8,561.2,,,503.1,100.3,288.5,951.5,336.9,,,37.6,28.6,29.3,45.0,8.7,,,688.8,332.4,170.4,1159.7,544.7,,,693.6,1686.8,248.6,1173.4,802.3,,,510.9,416.9,67.6,489.1,734.8,,,,,,,,,,,,,,,,,299.8,101.8,182.5,174.8,534.9,,,717.1,645.4,589.0,1374.4,2882.3,,,117.6,483.5,263.1,123.9,653.9,,,561.2,539.7,498.9,649.6,2061.7,,,425.3,1124.5,241.5,736.6,639.8,,,2076.1,3452.1,1992.5,3373.7,2182.9,,,,,,,,,,,,,,,,,2748.9,2882.3,1940.4,2910.6,3620.5,,,2167.0,1706.2,2413.7,1696.4,5208.5,,,1903.1,1716.1,1992.5,252.8,2698.9,,,3452.1,2748.9,2559.3,3158.3,5118.7,,,1349.4,1103.6,190.9,1313.6,1491.8,,,3452.1,6058.9,3758.0,4788.4,2910.6,,,,,,,,,,,,,,,,,,,,,,,,,,,,,,,,,,,,,,,,,,,,,,,,,,,,,,,,,,,,,,,,,,,,,,,,,,,,,,,,,,,,,,,,,,,,,,,,,,,,,,,,,,,,,,,,,,,,,,,,,,,,,,,,
20260921_青森_10R,20260921,12,青森,10,1760.2,1244.5,2109.9,3838.6,1633.8,,,1800.0,1150.2,1121.8,3425.8,2325.6,,,926.1,907.7,983.3,887.4,889.9,,,2655.0,1197.7,1585.1,4487.4,2770.5,,,4033.0,3982.6,1524.4,5400.1,5589.6,,,1831.0,2844.7,1531.7,2275.7,4425.1,,,,,,,,,,,,,,,,,1322.0,907.7,2029.3,3579.8,951.0,,,529.2,207.8,65.7,711.1,96.7,,,505.7,692.6,758.5,1495.8,476.9,,,719.2,89.7,363.7,945.4,154.1,,,3218.2,2360.0,1978.9,2977.6,1770.0,,,357.5,100.6,183.8,93.6,621.0,,,,,,,,,,,,,,,,,254.0,143.5,186.6,926.1,437.6,,,180.3,101.4,28.5,442.5,44.8,,,63.8,98.8,53.4,259.2,131.5,,,26.1,5.3,8.6,25.5,7.2,,,665.1,692.6,201.0,278.7,1083.7,,,219.7,60.0,143.9,43.8,591.1,,,,,,,,,,,,,,,,,472.7,424.2,488.6,373.5,459.0,,,581.4,902.5,1269.3,1668.1,758.5,,,339.3,579.2,264.1,792.5,651.5,,,711.1,1171.3,307.2,1062.0,974.3,,,404.8,1225.4,706.4,894.9,1137.8,,,758.5,907.7,1202.2,1202.2,1841.6,,,,,,,,,,,,,,,,,1311.1,316.7,834.0,3154.5,1171.3,,,580.3,50.7,342.5,1197.7,160.1,,,47.4,11.2,15.6,41.8,12.6,,,531.9,563.9,121.6,1175.6,542.7,,,2228.0,2489.1,400.2,1642.3,2042.3,,,712.7,200.8,71.1,453.2,1403.5,,,,,,,,,,,,,,,,,4425.1,4248.1,1593.0,6011.4,4551.5,,,4033.0,3463.1,3123.6,4827.3,2923.0,,,2308.7,2548.8,1361.5,1333.0,3251.1,,,746.1,2228.0,1289.9,1907.8,2275.7,,,4364.4,5310.1,1561.8,2395.5,4364.4,,,5400.1,3748.3,4685.4,3662.1,5138.8,,,,,,,,,,,,,,,,,1034.4,1546.6,959.6,1502.8,4364.4,,,340.7,131.4,199.0,131.9,688.1,,,658.2,164.2,399.7,136.3,1188.8,,,659.6,578.2,782.8,897.4,1770.0,,,959.6,253.2,169.8,568.9,1852.3,,,3662.1,2082.4,2870.3,2413.6,2590.3,,,,,,,,,,,,,,,,,,,,,,,,,,,,,,,,,,,,,,,,,,,,,,,,,,,,,,,,,,,,,,,,,,,,,,,,,,,,,,,,,,,,,,,,,,,,,,,,,,,,,,,,,,,,,,,,,,,,,,,,,,,,,,,,
20260921_青森_11R,20260921,12,青森,11,3547.1,2192.0,1831.8,4537.0,1336.2,,,5737.9,5495.5,5823.6,3422.6,3001.4,,,1866.9,3422.6,1350.1,2690.9,235.6,,,2229.6,3901.8,1660.3,4701.0,1077.8,,,6845.3,3716.0,3901.8,6727.2,2672.4,,,663.5,940.2,172.8,567.1,1246.5,,,,,,,,,,,,,,,,,4241.1,2533.6,1781.6,5419.2,1266.8,,,4064.4,3547.1,1573.3,2032.2,1912.6,,,1941.2,2868.9,1077.8,2933.7,676.2,,,786.6,712.0,629.3,1071.9,269.6,,,5002.3,2021.6,4107.1,2097.7,1573.3,,,679.7,1134.2,482.8,407.2,1196.8,,,,,,,,,,,,,,,,,4537.0,3901.8,3901.8,3072.3,2167.6,,,3863.1,3224.6,1726.4,1950.9,1773.5,,,3363.6,2807.0,1418.8,1506.4,985.3,,,3788.1,1866.9,1548.3,1823.2,1726.4,,,1434.4,1140.8,1057.4,890.8,400.1,,,1238.6,1765.5,759.1,1536.1,869.0,,,,,,,,,,,,,,,,,725.2,1040.4,572.9,1013.4,159.1,,,830.1,757.6,465.6,1455.9,359.2,,,1466.8,1134.2,968.1,715.9,556.6,,,626.2,273.0,536.7,549.5,187.0,,,1016.1,973.0,417.3,696.7,264.5,,,26.8,84.2,91.7,56.8,97.4,,,,,,,,,,,,,,,,,1089.8,2485.2,990.3,3072.3,699.2,,,470.1,453.1,322.1,511.3,129.8,,,2167.6,1108.4,1990.7,1124.4,785.0,,,809.5,415.5,1051.7,931.2,226.4,,,1424.0,903.2,807.8,1364.2,402.2,,,116.6,100.4,208.3,112.5,225.0,,,,,,,,,,,,,,,,,2690.9,1398.5,1875.8,2890.2,1408.6,,,2295.1,799.5,1757.5,1246.5,1037.7,,,539.6,278.1,134.7,194.2,106.4,,,975.4,437.4,255.5,345.2,238.7,,,1461.3,679.7,519.5,949.3,374.8,,,144.5,427.3,90.5,137.9,189.0,,,,,,,,,,,,,,,,,35.1,39.5,8.2,27.9,70.1,,,77.6,196.8,68.0,86.3,368.4,,,108.1,243.8,97.4,142.7,102.4,,,3.9,20.2,29.3,11.9,32.0,,,35.1,40.1,66.8,24.8,83.8,,,56.5,238.7,48.1,53.9,91.4,,,,,,,,,,,,,,,,,,,,,,,,,,,,,,,,,,,,,,,,,,,,,,,,,,,,,,,,,,,,,,,,,,,,,,,,,,,,,,,,,,,,,,,,,,,,,,,,,,,,,,,,,,,,,,,,,,,,,,,,,,,,,,,,
20260921_青森_12R,20260921,12,青森,12,62.9,55.4,15.0,49.2,18.7,,,86.9,79.5,86.1,216.5,150.7,,,94.9,82.6,102.9,236.9,134.3,,,15.7,46.9,44.0,40.3,37.4,,,79.8,229.3,180.5,69.4,116.6,,,49.5,146.5,132.2,89.4,142.2,,,,,,,,,,,,,,,,,85.4,65.9,26.4,64.3,24.4,,,200.4,220.1,388.3,474.4,199.2,,,125.7,189.3,248.2,281.1,135.1,,,68.1,308.9,229.1,305.4,125.3,,,146.2,499.5,349.4,265.6,151.4,,,27.3,105.7,62.3,72.6,67.5,,,,,,,,,,,,,,,,,171.3,131.1,185.0,389.4,264.2,,,246.7,202.1,454.8,681.6,166.6,,,82.5,84.5,228.2,219.9,135.0,,,317.8,616.5,484.0,1291.1,996.1,,,727.3,924.7,546.2,1286.1,1064.0,,,636.3,359.0,417.2,1102.4,1241.0,,,,,,,,,,,,,,,,,209.2,165.1,274.8,449.3,297.8,,,202.1,125.9,359.4,412.1,136.2,,,101.4,69.8,225.9,215.2,114.8,,,319.4,555.7,427.3,937.6,964.6,,,531.5,533.2,396.7,882.2,648.6,,,381.9,276.2,239.6,974.4,866.3,,,,,,,,,,,,,,,,,48.3,122.8,100.0,125.7,108.0,,,93.0,446.9,318.0,463.0,207.3,,,375.9,607.5,601.5,1407.5,1196.7,,,320.1,529.4,494.3,796.4,889.2,,,407.6,709.7,1378.6,1074.2,1017.2,,,383.8,446.3,1257.2,1045.7,1072.4,,,,,,,,,,,,,,,,,107.9,385.6,302.1,128.4,164.5,,,114.9,491.8,369.2,196.0,144.1,,,643.0,775.2,430.9,1122.7,959.1,,,482.3,517.2,446.3,816.7,628.6,,,318.9,491.8,1011.1,854.1,752.6,,,446.6,395.6,1039.2,768.1,758.6,,,,,,,,,,,,,,,,,174.3,602.1,414.1,373.6,403.4,,,90.6,200.1,176.1,188.3,167.9,,,892.7,503.2,791.7,1482.0,1717.0,,,651.1,483.3,572.3,1296.1,1147.6,,,526.5,505.9,1345.4,1236.4,1316.4,,,683.6,485.4,1329.4,1070.7,1122.7,,,,,,,,,,,,,,,,,,,,,,,,,,,,,,,,,,,,,,,,,,,,,,,,,,,,,,,,,,,,,,,,,,,,,,,,,,,,,,,,,,,,,,,,,,,,,,,,,,,,,,,,,,,,,,,,,,,,,,,,,,,,,,,,
20260921_弥彦_1R,20260921,21,弥彦,1,51.6,167.0,125.7,470.6,121.8,,,18.3,132.9,10.3,143.0,50.7,,,527.6,555.9,804.2,2124.1,1004.1,,,117.3,37.9,387.1,333.3,302.8,,,1104.5,539.6,2151.7,714.1,1926.5,,,182.6,161.3,634.8,366.5,1127.0,,,,,,,,,,,,,,,,,56.6,71.1,126.4,413.1,71.8,,,49.1,55.1,204.2,418.3,58.9,,,40.3,74.0,127.7,86.6,13.0,,,312.6,567.4,280.8,1440.7,443.0,,,1022.7,1264.7,451.4,1548.4,679.0,,,29.9,49.6,9.1,149.6,164.5,,,,,,,,,,,,,,,,,13.3,81.3,7.4,148.9,44.9,,,33.5,57.5,122.8,292.2,51.6,,,332.0,258.4,836.7,1440.7,577.2,,,68.3,292.7,749.6,876.6,673.5,,,563.5,1150.5,1840.9,611.3,1453.3,,,105.3,94.8,376.5,415.2,785.2,,,,,,,,,,,,,,,,,726.6,1104.5,1534.1,1949.2,1183.4,,,278.4,385.3,690.3,522.6,97.6,,,1111.9,699.0,2958.6,3451.7,1158.6,,,2716.1,2180.0,3765.5,4248.2,1640.4,,,4248.2,1708.0,3765.5,4041.0,3012.4,,,952.2,170.4,1068.9,2124.1,1548.4,,,,,,,,,,,,,,,,,414.2,160.5,824.2,867.4,836.7,,,665.3,1119.4,915.3,2548.9,1453.3,,,185.9,836.7,1882.7,1781.5,1781.5,,,2020.5,2333.5,3525.1,3126.0,3853.0,,,2588.8,3853.0,3681.8,4733.8,4477.9,,,2097.2,1949.2,2716.1,4142.0,5344.6,,,,,,,,,,,,,,,,,1035.5,595.9,2045.4,774.2,2045.4,,,1236.4,1624.3,654.8,1972.4,1134.8,,,946.7,1781.5,3248.6,1725.8,2436.5,,,4041.0,1183.4,3853.0,2588.8,3853.0,,,1577.9,2269.6,2510.3,3126.0,4248.2,,,3525.1,1673.5,2856.6,3765.5,4477.9,,,,,,,,,,,,,,,,,174.7,215.4,508.2,415.2,1218.2,,,66.7,102.9,32.6,291.1,394.4,,,203.2,195.8,611.3,684.6,1294.4,,,767.0,214.8,1075.8,1656.8,1861.6,,,1097.2,1150.5,1347.0,2097.2,4477.9,,,3126.0,1690.6,2672.3,3126.0,1744.0,,,,,,,,,,,,,,,,,,,,,,,,,,,,,,,,,,,,,,,,,,,,,,,,,,,,,,,,,,,,,,,,,,,,,,,,,,,,,,,,,,,,,,,,,,,,,,,,,,,,,,,,,,,,,,,,,,,,,,,,,,,,,,,,
20260921_弥彦_2R,20260921,21,弥彦,2,503.8,170.8,61.2,86.0,175.3,,,1029.2,3165.4,594.9,1375.1,906.8,,,897.1,3355.3,860.3,1398.0,1765.9,,,29.5,124.5,169.6,31.9,50.2,,,165.9,1016.7,769.5,143.7,370.3,,,218.1,361.5,798.9,110.5,336.8,,,,,,,,,,,,,,,,,441.4,180.0,59.9,51.7,116.9,,,921.8,566.7,503.8,280.0,445.0,,,173.3,304.4,108.5,43.1,144.3,,,64.8,268.0,122.2,40.7,109.9,,,27.3,93.8,16.7,15.5,21.4,,,113.9,149.5,125.1,74.6,40.0,,,,,,,,,,,,,,,,,1950.8,5411.9,942.5,3050.3,1270.9,,,2431.4,1973.7,1352.9,873.7,969.7,,,7294.3,5083.9,3647.1,5785.1,4091.9,,,1252.0,1363.9,2750.3,1471.6,992.7,,,3226.3,1103.7,4301.7,1843.6,1582.7,,,795.1,394.7,1352.9,508.3,838.8,,,,,,,,,,,,,,,,,1950.8,6452.6,2267.1,2298.2,2995.8,,,1433.9,2362.9,1075.4,357.7,1375.1,,,6213.6,4301.7,4091.9,5083.9,4194.2,,,1747.5,1553.4,4301.7,3050.3,2750.3,,,2705.9,408.1,3355.3,2045.9,2267.1,,,2541.9,1729.5,3106.8,2796.1,2750.3,,,,,,,,,,,,,,,,,20.8,119.6,193.5,51.9,32.2,,,56.1,268.4,151.9,59.1,107.4,,,421.5,628.3,1331.5,787.6,471.2,,,673.7,505.3,2071.2,592.8,1233.5,,,103.1,81.9,494.8,341.6,161.3,,,52.4,123.2,121.2,517.8,105.5,,,,,,,,,,,,,,,,,151.6,679.2,713.9,94.0,315.9,,,58.8,176.7,43.7,39.2,59.6,,,1261.4,578.5,1458.8,1075.4,843.0,,,1173.2,268.0,1694.6,592.8,1198.3,,,125.2,92.3,516.2,396.6,193.5,,,285.8,123.5,311.2,713.9,186.2,,,,,,,,,,,,,,,,,167.9,249.2,553.6,77.4,243.4,,,126.1,117.9,130.4,78.7,35.4,,,186.2,90.1,341.6,98.4,192.3,,,1252.0,534.2,1433.9,776.7,739.0,,,47.6,99.7,98.5,432.3,86.7,,,229.5,65.4,274.1,580.5,166.6,,,,,,,,,,,,,,,,,,,,,,,,,,,,,,,,,,,,,,,,,,,,,,,,,,,,,,,,,,,,,,,,,,,,,,,,,,,,,,,,,,,,,,,,,,,,,,,,,,,,,,,,,,,,,,,,,,,,,,,,,,,,,,,,
20260921_弥彦_3R,20260921,21,弥彦,3,183.2,32.1,88.2,116.6,26.6,,,382.8,196.9,214.5,1020.2,243.0,,,16.5,75.1,33.4,128.7,16.0,,,139.0,80.3,84.2,608.4,87.8,,,466.7,1191.4,419.6,1038.8,492.4,,,24.8,97.9,26.7,72.0,145.7,,,,,,,,,,,,,,,,,376.1,67.3,202.5,167.8,46.3,,,796.1,878.2,827.0,962.5,446.0,,,104.5,459.2,278.3,197.6,80.1,,,382.8,635.7,379.4,621.8,212.9,,,223.2,728.1,237.6,612.8,101.8,,,24.3,121.4,35.0,71.9,28.7,,,,,,,,,,,,,,,,,1468.7,704.0,676.0,2621.1,1159.0,,,1720.9,1670.3,1812.5,1981.1,1331.0,,,689.7,1419.8,628.6,2399.6,1143.4,,,392.5,721.9,475.9,1981.1,488.1,,,4155.5,3962.2,5496.0,4604.7,4604.7,,,1281.0,1208.3,1234.6,1092.1,3340.7,,,,,,,,,,,,,,,,,35.9,105.1,46.9,183.7,34.2,,,71.2,326.3,221.5,244.7,82.1,,,230.8,521.0,353.4,1099.2,510.1,,,120.3,235.6,190.7,767.4,217.8,,,488.1,619.5,1419.8,1443.8,704.0,,,60.5,84.7,279.3,164.2,338.7,,,,,,,,,,,,,,,,,291.7,180.2,170.3,892.0,205.5,,,357.1,447.1,360.9,709.9,237.2,,,177.2,303.1,172.2,968.0,199.5,,,198.1,320.2,248.3,873.7,301.5,,,2302.3,2302.3,1443.8,2184.3,1793.4,,,191.6,175.8,196.2,217.5,803.6,,,,,,,,,,,,,,,,,1113.5,1981.1,1143.4,1670.3,1183.1,,,604.1,2004.4,807.4,1936.0,537.4,,,3703.8,2989.0,3786.1,4732.6,3872.1,,,1199.8,1064.8,1638.2,1914.3,1262.0,,,2989.0,3340.7,3625.0,3276.4,3276.4,,,1071.5,514.7,1812.5,1026.3,1720.9,,,,,,,,,,,,,,,,,43.5,203.3,41.1,99.3,214.3,,,23.5,135.3,38.8,68.5,38.9,,,468.0,470.6,465.5,357.1,1363.0,,,56.4,71.7,253.1,127.0,245.8,,,161.1,165.2,112.7,188.2,645.3,,,504.0,280.2,860.4,493.8,892.0,,,,,,,,,,,,,,,,,,,,,,,,,,,,,,,,,,,,,,,,,,,,,,,,,,,,,,,,,,,,,,,,,,,,,,,,,,,,,,,,,,,,,,,,,,,,,,,,,,,,,,,,,,,,,,,,,,,,,,,,,,,,,,,,
20260921_弥彦_4R,20260921,21,弥彦,4,629.9,214.5,220.0,344.5,549.6,,,1233.3,1686.9,624.5,3122.6,1155.6,,,393.4,1276.2,218.7,1155.6,409.9,,,98.8,286.0,102.3,347.7,141.6,,,1857.8,5060.9,2877.7,2257.9,3669.1,,,873.6,1055.8,702.2,393.4,2717.9,,,,,,,,,,,,,,,,,527.9,105.5,173.0,276.3,582.4,,,404.3,55.2,130.2,162.3,141.1,,,39.2,23.5,7.8,7.5,20.2,,,109.5,116.2,26.6,72.3,111.6,,,236.7,195.1,23.1,78.9,140.7,,,485.9,176.4,52.6,170.2,145.0,,,,,,,,,,,,,,,,,1243.7,1497.6,627.2,2877.7,965.5,,,582.4,100.4,190.1,287.2,192.8,,,722.9,164.1,272.2,965.5,215.8,,,476.5,336.6,378.2,959.2,290.6,,,2717.9,1358.9,2190.5,1768.2,1768.2,,,354.5,111.0,98.3,128.7,465.9,,,,,,,,,,,,,,,,,297.0,868.4,261.6,748.8,390.3,,,69.2,40.0,18.5,20.1,33.1,,,596.6,132.8,232.2,756.5,218.0,,,170.6,57.5,217.1,326.1,167.7,,,1019.2,169.4,1254.4,582.4,917.2,,,335.8,94.4,203.8,208.1,478.0,,,,,,,,,,,,,,,,,106.3,238.6,122.6,535.6,175.5,,,151.3,228.6,57.7,230.0,200.5,,,383.2,369.6,380.2,1174.1,373.4,,,179.8,78.9,320.4,499.2,267.3,,,1397.7,819.9,2620.8,1155.6,1906.0,,,301.3,246.6,297.7,221.7,838.6,,,,,,,,,,,,,,,,,3261.4,4892.2,3862.2,3966.6,6381.1,,,1287.4,1298.8,159.1,596.6,978.4,,,7724.5,2530.4,3862.2,5060.9,5060.9,,,2995.2,260.6,3335.6,2067.1,2717.9,,,4586.4,1276.2,4193.3,2620.8,3669.1,,,6115.2,1768.2,4734.4,2620.8,3190.5,,,,,,,,,,,,,,,,,756.5,752.6,638.1,366.0,3579.6,,,646.5,208.4,100.1,253.0,338.1,,,371.5,127.4,98.3,118.7,547.6,,,385.2,105.5,138.5,179.8,362.3,,,335.8,240.6,216.7,193.1,900.4,,,3190.5,806.4,1513.0,1111.8,1834.5,,,,,,,,,,,,,,,,,,,,,,,,,,,,,,,,,,,,,,,,,,,,,,,,,,,,,,,,,,,,,,,,,,,,,,,,,,,,,,,,,,,,,,,,,,,,,,,,,,,,,,,,,,,,,,,,,,,,,,,,,,,,,,,,
20260921_弥彦_5R,20260921,21,弥彦,5,83.3,77.1,153.1,296.3,43.6,,,102.1,65.0,97.1,552.7,38.2,,,93.1,84.2,73.7,518.8,18.7,,,359.4,222.9,145.0,1136.9,151.2,,,805.5,1054.6,1252.4,1931.4,659.7,,,24.8,25.7,9.6,54.9,194.7,,,,,,,,,,,,,,,,,72.9,48.3,110.8,211.4,39.2,,,77.4,117.5,72.3,235.4,118.3,,,121.6,266.7,171.0,756.1,202.6,,,125.8,121.0,114.0,384.4,207.9,,,208.7,254.4,523.8,261.5,277.3,,,67.6,111.4,106.9,112.4,261.5,,,,,,,,,,,,,,,,,75.3,52.1,62.6,487.2,36.4,,,83.0,98.9,61.6,296.8,95.0,,,134.1,262.3,152.0,1587.2,256.0,,,61.1,86.1,71.1,547.1,105.1,,,1153.3,971.5,1931.4,1021.0,1635.8,,,64.4,101.9,141.7,120.0,688.0,,,,,,,,,,,,,,,,,269.8,292.5,151.9,1406.2,64.1,,,391.0,830.6,536.1,2671.8,532.5,,,404.8,839.3,527.3,3816.9,690.9,,,282.7,633.6,523.8,4580.3,403.8,,,5343.7,4110.5,5725.4,5527.9,6412.4,,,144.0,564.4,595.9,291.4,3024.7,,,,,,,,,,,,,,,,,621.3,405.8,294.6,1886.0,344.7,,,539.7,388.1,455.4,1145.0,556.6,,,219.9,300.7,366.8,1113.2,306.5,,,527.3,937.4,767.0,3271.6,805.5,,,4110.5,2055.2,2109.3,4715.0,3143.3,,,399.7,633.6,451.5,562.4,2428.9,,,,,,,,,,,,,,,,,2081.9,3816.9,3643.4,3728.1,1801.2,,,797.5,943.0,1635.8,1014.6,1040.9,,,3410.8,2226.5,5009.7,2862.7,3562.4,,,6970.0,5937.4,6970.0,5937.4,7286.8,,,5937.4,2290.1,3910.0,6165.8,2226.5,,,1801.2,2003.8,3410.8,4715.0,2628.0,,,,,,,,,,,,,,,,,39.7,37.6,15.2,74.3,198.8,,,70.3,89.5,156.5,172.5,311.8,,,69.7,117.4,175.5,159.1,626.2,,,66.3,310.6,294.6,176.9,1303.3,,,250.4,397.7,286.2,218.4,1303.3,,,789.7,830.6,1170.1,1801.2,1205.3,,,,,,,,,,,,,,,,,,,,,,,,,,,,,,,,,,,,,,,,,,,,,,,,,,,,,,,,,,,,,,,,,,,,,,,,,,,,,,,,,,,,,,,,,,,,,,,,,,,,,,,,,,,,,,,,,,,,,,,,,,,,,,,,
20260921_弥彦_6R,20260921,21,弥彦,6,1275.4,1509.0,479.3,2712.4,397.5,,,1306.6,808.6,746.6,2581.7,467.8,,,2100.8,830.5,1253.1,3512.8,675.9,,,326.1,667.5,965.2,1800.6,280.1,,,3018.0,2581.7,3061.1,2895.7,776.3,,,293.9,240.2,294.7,174.0,241.8,,,,,,,,,,,,,,,,,305.6,398.2,111.2,796.5,88.4,,,218.6,135.4,93.4,871.0,180.8,,,315.5,121.7,106.9,744.0,193.0,,,26.5,33.3,36.1,108.2,17.5,,,607.0,974.0,1050.4,353.0,188.4,,,39.2,189.4,207.0,65.2,219.1,,,,,,,,,,,,,,,,,579.1,220.0,249.4,1121.9,127.7,,,368.8,142.8,98.2,1055.5,209.6,,,63.0,53.4,30.5,286.4,39.1,,,175.2,90.3,84.9,738.9,115.8,,,1253.1,1913.2,1190.4,1339.2,675.9,,,75.6,264.5,129.0,134.0,539.7,,,,,,,,,,,,,,,,,1238.6,368.8,633.9,2304.1,305.6,,,555.1,154.3,176.5,827.3,240.7,,,84.4,61.7,36.8,322.7,45.3,,,335.3,117.3,96.6,1098.8,222.2,,,2712.4,2255.6,1457.7,2645.4,1409.7,,,155.8,317.4,165.9,327.6,691.2,,,,,,,,,,,,,,,,,130.0,366.2,445.4,965.2,123.2,,,45.6,16.9,23.7,135.5,14.0,,,203.8,41.4,67.1,716.6,94.8,,,347.8,46.9,63.0,830.5,157.0,,,1210.6,400.5,1364.8,1863.3,559.4,,,73.2,44.9,95.9,162.3,410.5,,,,,,,,,,,,,,,,,2164.4,2186.5,2782.8,2060.4,436.4,,,1770.9,2255.6,2021.5,1116.0,1001.3,,,2304.1,3198.2,1552.7,2491.6,1306.6,,,2857.1,3061.1,1785.6,3296.6,1948.0,,,1275.4,1139.8,2040.7,2550.9,846.9,,,113.6,867.5,881.8,1158.2,559.4,,,,,,,,,,,,,,,,,106.2,93.4,126.1,56.4,72.4,,,112.4,271.2,376.5,93.0,386.7,,,153.9,358.3,292.7,217.5,721.4,,,222.2,480.4,286.8,426.0,960.9,,,89.3,75.1,147.1,285.3,354.1,,,106.3,387.4,417.7,721.4,285.3,,,,,,,,,,,,,,,,,,,,,,,,,,,,,,,,,,,,,,,,,,,,,,,,,,,,,,,,,,,,,,,,,,,,,,,,,,,,,,,,,,,,,,,,,,,,,,,,,,,,,,,,,,,,,,,,,,,,,,,,,,,,,,,,
20260921_弥彦_7R,20260921,21,弥彦,7,531.0,107.2,134.3,389.3,203.0,,,941.4,312.3,245.3,1380.7,239.9,,,93.2,183.7,38.7,84.6,57.2,,,65.4,86.8,20.0,140.2,29.5,,,1131.7,1500.8,329.8,444.4,784.5,,,204.2,126.9,62.7,61.9,398.3,,,,,,,,,,,,,,,,,742.3,159.6,284.5,543.6,369.1,,,1247.6,532.4,1362.6,1953.9,555.2,,,113.6,302.8,212.6,85.9,127.5,,,406.9,1190.3,386.4,828.4,470.7,,,1390.0,2113.4,466.4,2092.0,1557.2,,,382.8,516.4,186.0,451.2,1020.2,,,,,,,,,,,,,,,,,1605.5,825.1,790.5,2251.2,420.1,,,1816.8,809.0,2030.5,2556.9,661.7,,,775.7,690.3,1232.8,986.2,296.7,,,1025.3,1972.5,1618.0,3186.4,591.7,,,3340.5,4314.9,2380.6,4931.3,2276.0,,,187.0,290.8,125.7,253.8,645.2,,,,,,,,,,,,,,,,,89.2,266.2,93.4,134.2,93.3,,,54.4,141.8,113.9,45.2,54.3,,,376.5,277.6,641.2,442.5,196.8,,,116.3,158.7,494.3,217.5,155.6,,,129.9,75.2,188.9,262.1,117.4,,,64.2,51.6,70.8,117.4,84.6,,,,,,,,,,,,,,,,,119.9,144.4,31.4,240.2,42.4,,,422.6,1438.3,312.3,1204.1,464.3,,,543.6,1428.3,802.7,2655.3,424.4,,,92.5,221.2,481.6,169.4,140.5,,,1197.2,2157.4,3510.4,976.9,1740.4,,,98.3,306.8,175.0,128.3,790.5,,,,,,,,,,,,,,,,,3570.9,4142.3,1490.0,2327.1,2621.7,,,2958.8,3287.5,635.3,3510.4,2837.2,,,4602.5,4502.5,2588.9,5177.9,3001.6,,,828.4,441.6,1310.8,1302.6,818.6,,,2301.2,3907.8,5310.6,2071.1,2876.6,,,2837.2,2380.6,3138.1,1278.4,2761.5,,,,,,,,,,,,,,,,,83.7,54.6,28.2,28.7,273.6,,,131.6,142.9,66.2,177.6,368.5,,,34.7,82.2,23.5,66.7,184.5,,,19.3,25.3,35.5,40.1,60.9,,,38.7,142.2,84.8,54.4,390.0,,,697.3,764.2,647.2,315.7,737.0,,,,,,,,,,,,,,,,,,,,,,,,,,,,,,,,,,,,,,,,,,,,,,,,,,,,,,,,,,,,,,,,,,,,,,,,,,,,,,,,,,,,,,,,,,,,,,,,,,,,,,,,,,,,,,,,,,,,,,,,,,,,,,,,
20260921_弥彦_8R,20260921,21,弥彦,8,227.9,535.1,701.7,380.9,132.8,,,150.0,59.0,37.6,54.8,51.2,,,593.4,195.2,552.6,556.3,347.2,,,934.3,265.9,593.4,358.3,372.5,,,201.3,50.7,243.3,138.5,77.4,,,57.6,56.3,172.3,265.4,90.3,,,,,,,,,,,,,,,,,280.0,565.6,862.8,660.6,133.6,,,226.0,271.0,164.1,479.0,109.7,,,597.6,442.7,1321.2,1043.9,428.1,,,1300.9,820.9,1943.9,2684.4,765.2,,,713.5,713.5,1291.0,2196.3,416.5,,,57.6,55.2,147.3,147.5,152.7,,,,,,,,,,,,,,,,,141.7,46.0,35.3,68.5,55.9,,,161.5,158.3,95.9,308.6,88.0,,,31.3,88.2,17.9,83.5,28.2,,,37.5,111.3,22.2,116.8,40.3,,,115.2,390.5,142.4,134.7,184.8,,,63.6,66.6,56.4,45.2,128.4,,,,,,,,,,,,,,,,,698.8,366.8,1182.6,1000.7,458.3,,,939.5,681.9,2062.4,1966.5,583.1,,,143.5,283.7,106.8,313.1,126.9,,,2037.6,3131.8,638.1,2382.0,1409.3,,,1006.6,1989.6,710.5,1674.4,1523.6,,,430.3,427.0,254.7,713.5,858.4,,,,,,,,,,,,,,,,,1708.3,485.9,693.1,929.2,758.3,,,2348.9,1900.2,2285.4,4697.8,1457.9,,,231.3,619.4,234.5,571.3,300.3,,,1018.8,3252.3,550.8,2114.0,2225.2,,,1191.0,3523.3,1216.7,2087.9,2196.3,,,862.8,833.1,658.0,1262.1,1921.8,,,,,,,,,,,,,,,,,317.8,72.1,302.5,146.5,112.1,,,536.8,547.3,1199.4,1641.9,318.4,,,86.1,359.8,177.0,114.2,160.3,,,679.2,1397.7,413.5,1050.4,794.0,,,536.8,1818.5,497.4,1470.6,977.5,,,186.2,220.7,184.0,577.2,567.5,,,,,,,,,,,,,,,,,57.6,68.1,139.4,275.4,121.1,,,25.2,27.4,90.1,154.7,66.3,,,61.4,42.1,84.9,93.5,136.8,,,263.4,217.6,170.4,660.6,612.7,,,494.5,367.6,317.3,775.7,966.4,,,189.5,184.8,215.1,567.5,758.3,,,,,,,,,,,,,,,,,,,,,,,,,,,,,,,,,,,,,,,,,,,,,,,,,,,,,,,,,,,,,,,,,,,,,,,,,,,,,,,,,,,,,,,,,,,,,,,,,,,,,,,,,,,,,,,,,,,,,,,,,,,,,,,,
20260921_弥彦_9R,20260921,21,弥彦,9,103.4,34.3,91.2,173.0,68.8,,,112.3,42.9,82.9,116.9,151.6,,,14.4,17.5,11.2,56.1,22.3,,,70.5,75.9,25.7,186.6,61.4,,,381.2,273.3,218.6,447.6,708.3,,,62.1,166.0,43.1,81.0,407.6,,,,,,,,,,,,,,,,,195.7,67.6,179.2,269.6,128.8,,,278.6,569.1,596.8,431.9,493.4,,,130.7,579.5,423.8,804.9,274.7,,,263.4,577.4,491.8,766.2,286.6,,,714.6,666.8,1062.4,1264.8,796.8,,,82.2,227.6,161.1,157.9,349.5,,,,,,,,,,,,,,,,,95.6,73.7,110.2,85.0,207.5,,,152.2,362.2,280.0,197.2,364.6,,,106.0,399.4,372.3,274.3,617.7,,,127.4,243.3,279.1,171.9,278.1,,,59.9,111.7,140.4,143.3,275.7,,,313.7,320.6,661.2,419.4,507.5,,,,,,,,,,,,,,,,,44.4,56.6,41.4,122.3,63.2,,,136.4,522.5,436.6,788.9,281.5,,,182.9,553.3,474.3,545.7,741.2,,,161.9,543.9,512.4,971.7,475.7,,,731.0,1593.7,1122.3,1593.7,1943.5,,,218.3,378.5,666.8,531.2,1285.2,,,,,,,,,,,,,,,,,75.6,116.3,43.4,246.7,90.3,,,128.8,363.0,241.4,505.9,218.0,,,129.7,286.1,250.1,144.3,247.4,,,70.7,257.0,371.4,624.9,409.6,,,415.0,622.5,237.8,714.6,368.0,,,162.1,167.2,307.0,310.6,344.2,,,,,,,,,,,,,,,,,1099.1,653.1,875.6,977.7,1385.8,,,1264.8,1099.1,2309.7,1713.6,1874.9,,,383.1,559.2,563.1,314.9,520.8,,,1435.7,2612.6,1532.4,2153.6,2153.6,,,989.8,1138.3,393.5,1462.1,695.9,,,1874.9,1475.6,655.8,2017.3,699.0,,,,,,,,,,,,,,,,,95.0,232.6,82.4,108.5,478.5,,,69.9,198.7,139.4,97.3,305.8,,,338.3,384.9,563.1,310.6,457.9,,,175.3,306.4,650.4,412.8,1122.3,,,160.3,203.8,243.6,313.1,405.5,,,830.0,785.0,542.0,1306.3,525.9,,,,,,,,,,,,,,,,,,,,,,,,,,,,,,,,,,,,,,,,,,,,,,,,,,,,,,,,,,,,,,,,,,,,,,,,,,,,,,,,,,,,,,,,,,,,,,,,,,,,,,,,,,,,,,,,,,,,,,,,,,,,,,,,
20260921_弥彦_10R,20260921,21,弥彦,10,729.6,532.3,337.8,533.6,642.2,,,791.6,806.4,429.0,1577.3,400.2,,,586.1,1129.0,457.4,1625.1,997.7,,,172.0,222.9,164.0,361.7,186.2,,,573.5,1865.4,1818.0,646.1,1411.3,,,570.5,374.3,768.9,283.3,1340.7,,,,,,,,,,,,,,,,,803.4,447.8,335.1,439.6,710.3,,,590.9,152.4,260.3,213.6,106.7,,,297.9,136.6,171.4,87.2,143.0,,,221.1,215.6,149.2,169.3,244.8,,,204.5,112.3,68.6,101.5,114.5,,,355.7,74.5,114.6,226.5,152.6,,,,,,,,,,,,,,,,,642.2,550.0,316.4,1105.8,231.9,,,509.5,191.5,199.1,292.6,86.0,,,418.9,205.2,185.4,534.9,53.9,,,225.8,220.0,194.8,732.1,70.8,,,1375.1,442.3,737.2,1007.1,350.5,,,60.7,23.2,17.6,19.5,104.4,,,,,,,,,,,,,,,,,1078.0,988.5,520.6,1159.5,803.4,,,698.7,356.9,331.5,347.1,364.2,,,576.6,351.1,299.6,674.6,108.0,,,269.8,217.3,266.8,322.1,143.4,,,1384.0,498.8,924.6,687.5,821.9,,,550.0,323.0,123.2,300.0,744.8,,,,,,,,,,,,,,,,,119.9,115.4,74.2,287.1,81.7,,,179.9,209.0,161.4,226.5,241.3,,,188.1,229.9,199.5,737.2,116.4,,,86.9,135.3,135.9,236.2,89.9,,,500.0,346.0,712.7,604.2,750.0,,,102.9,215.3,83.2,103.6,523.2,,,,,,,,,,,,,,,,,525.7,1702.5,1577.3,607.7,1232.9,,,266.1,133.7,100.7,124.3,122.8,,,1650.1,333.1,875.6,729.6,478.8,,,1430.1,324.5,742.3,494.2,752.7,,,504.7,265.8,554.3,482.0,488.6,,,1185.2,211.1,255.6,785.8,445.0,,,,,,,,,,,,,,,,,360.5,154.4,391.4,178.7,861.5,,,222.5,45.8,101.5,160.0,110.0,,,50.4,14.3,12.3,12.6,65.6,,,277.1,131.6,43.6,148.7,474.6,,,118.7,116.4,40.9,93.1,347.1,,,868.5,150.3,188.3,524.5,407.8,,,,,,,,,,,,,,,,,,,,,,,,,,,,,,,,,,,,,,,,,,,,,,,,,,,,,,,,,,,,,,,,,,,,,,,,,,,,,,,,,,,,,,,,,,,,,,,,,,,,,,,,,,,,,,,,,,,,,,,,,,,,,,,,
20260921_弥彦_11R,20260921,21,弥彦,11,43.3,68.6,62.4,123.8,16.7,,,27.9,19.0,19.3,139.0,31.8,,,54.3,33.6,61.2,272.7,58.7,,,33.9,18.3,38.2,138.2,52.7,,,173.9,292.8,481.6,317.2,198.4,,,39.5,66.7,98.5,124.8,223.4,,,,,,,,,,,,,,,,,100.0,161.8,167.3,212.6,34.1,,,137.4,114.1,377.3,442.4,101.5,,,228.7,135.9,642.1,592.9,117.6,,,323.6,514.8,811.7,954.0,334.1,,,320.0,450.8,490.4,749.7,134.5,,,38.7,71.6,72.8,222.1,119.4,,,,,,,,,,,,,,,,,40.6,27.4,43.3,222.8,41.5,,,74.4,83.2,257.2,320.0,74.5,,,30.6,46.8,143.3,365.0,109.5,,,117.3,331.1,293.8,816.6,617.5,,,599.1,642.1,958.6,940.6,1043.0,,,187.3,220.0,348.8,849.4,1315.7,,,,,,,,,,,,,,,,,116.5,62.8,132.3,590.3,115.7,,,176.5,129.2,529.7,698.9,139.6,,,46.7,61.8,225.4,470.3,160.2,,,297.5,977.2,529.7,1585.1,963.2,,,1422.6,1115.2,1194.7,1513.6,1830.0,,,486.8,279.4,542.6,1623.4,1945.0,,,,,,,,,,,,,,,,,166.3,110.0,186.4,449.3,224.4,,,390.8,658.9,1029.7,1294.5,547.0,,,227.9,734.7,595.5,1337.6,1150.3,,,559.1,1670.6,734.7,1890.2,1963.9,,,1001.5,1872.6,1437.9,2776.6,3050.1,,,1045.7,1262.1,1830.0,2261.9,3693.7,,,,,,,,,,,,,,,,,616.5,712.5,1519.3,734.7,840.5,,,578.4,806.8,1212.7,1427.7,327.3,,,831.8,1290.4,1351.0,1337.6,2684.1,,,1983.3,2064.7,1684.5,3004.6,3246.9,,,1043.0,2340.8,1485.6,2835.3,3441.1,,,2130.2,956.3,2631.4,3246.9,3627.1,,,,,,,,,,,,,,,,,286.9,567.8,696.5,956.3,1342.0,,,181.6,247.4,280.1,594.7,449.8,,,762.5,536.1,896.7,1935.6,2354.4,,,1009.0,658.9,1040.3,3195.3,2776.6,,,1402.8,1610.4,2130.2,3834.4,4793.0,,,2176.3,1011.6,2500.7,3220.9,1789.4,,,,,,,,,,,,,,,,,,,,,,,,,,,,,,,,,,,,,,,,,,,,,,,,,,,,,,,,,,,,,,,,,,,,,,,,,,,,,,,,,,,,,,,,,,,,,,,,,,,,,,,,,,,,,,,,,,,,,,,,,,,,,,,,
20260921_弥彦_12R,20260921,21,弥彦,12,216.8,97.4,54.6,57.3,92.9,,,408.1,279.4,682.9,578.2,283.4,,,175.6,313.5,303.7,395.6,113.3,,,136.0,699.9,312.7,293.1,253.4,,,97.2,421.8,286.1,258.0,194.9,,,139.3,238.9,99.9,269.1,229.7,,,,,,,,,,,,,,,,,173.2,75.6,34.3,30.4,80.2,,,257.2,231.0,270.6,176.7,321.1,,,123.9,272.7,173.8,105.5,128.3,,,27.8,208.3,94.7,27.9,78.7,,,16.2,72.7,37.7,14.7,43.4,,,133.6,361.3,147.4,142.9,122.8,,,,,,,,,,,,,,,,,300.9,271.8,545.2,570.6,287.7,,,198.7,197.5,259.3,210.4,253.0,,,151.0,143.6,482.6,287.5,59.2,,,859.5,774.6,1617.4,1564.5,1230.7,,,475.9,283.2,344.9,841.4,363.5,,,260.6,332.9,103.3,761.1,541.5,,,,,,,,,,,,,,,,,276.2,324.1,603.7,562.5,161.5,,,270.3,417.4,561.2,276.4,214.4,,,211.7,254.3,753.9,402.3,89.0,,,999.5,1090.5,1986.5,1734.6,1022.9,,,588.1,326.7,779.7,1293.9,331.3,,,74.7,129.6,60.0,394.3,218.7,,,,,,,,,,,,,,,,,267.9,1173.4,690.8,624.1,571.9,,,203.6,1020.8,526.6,262.3,502.3,,,1486.8,1841.3,3149.7,3371.5,2370.1,,,1126.4,1276.6,2937.1,2045.9,1697.7,,,681.0,434.0,2533.1,1590.5,1297.4,,,859.5,1005.8,2312.8,1486.8,1793.1,,,,,,,,,,,,,,,,,83.6,326.3,174.9,210.5,113.6,,,33.4,88.9,45.9,22.1,34.1,,,343.1,187.3,193.9,792.6,252.7,,,221.5,137.0,293.5,511.4,105.3,,,272.4,171.2,1038.5,646.9,390.5,,,113.8,104.5,292.6,123.1,287.1,,,,,,,,,,,,,,,,,119.3,165.2,96.5,273.5,182.5,,,127.6,341.2,142.7,250.9,145.1,,,202.5,286.1,106.2,888.2,452.9,,,66.9,96.2,52.2,329.0,182.8,,,609.1,701.9,1123.8,867.3,953.7,,,210.7,190.6,452.5,216.8,602.2,,,,,,,,,,,,,,,,,,,,,,,,,,,,,,,,,,,,,,,,,,,,,,,,,,,,,,,,,,,,,,,,,,,,,,,,,,,,,,,,,,,,,,,,,,,,,,,,,,,,,,,,,,,,,,,,,,,,,,,,,,,,,,,,
20260921_大宮_1R,20260921,25,大宮,1,343.6,639.3,956.7,538.4,505.6,,,419.5,642.4,1899.8,699.9,999.9,,,1511.2,1291.1,3324.7,2144.9,2770.6,,,1683.4,2333.1,3409.9,2891.0,1927.3,,,372.5,476.6,764.3,1146.4,580.7,,,689.0,1445.5,2292.9,1127.0,1847.0,,,,,,,,,,,,,,,,,102.2,201.4,268.1,145.6,118.3,,,50.8,17.7,39.2,119.5,14.9,,,279.3,59.7,211.7,444.7,104.7,,,317.3,91.4,234.1,492.5,39.4,,,337.5,382.1,786.9,648.7,423.5,,,70.4,15.4,43.3,13.0,162.7,,,,,,,,,,,,,,,,,100.5,136.5,446.2,173.3,215.1,,,40.8,12.9,25.6,81.9,8.1,,,50.1,14.3,58.2,113.9,27.3,,,618.5,114.2,241.7,810.9,124.7,,,344.5,198.7,351.8,675.0,418.2,,,175.2,21.4,61.4,53.0,363.3,,,,,,,,,,,,,,,,,1461.4,1187.4,3799.6,2254.0,2829.5,,,1022.9,151.9,782.2,1955.7,355.5,,,340.1,93.3,362.3,538.4,164.1,,,3911.4,1602.2,1316.7,3911.4,1641.8,,,3409.9,4585.8,2045.9,4432.9,3799.6,,,2014.9,527.7,509.5,1208.9,2659.7,,,,,,,,,,,,,,,,,1429.9,1797.1,2180.1,2417.9,1621.8,,,1108.2,407.9,730.7,1749.8,181.4,,,1641.8,481.8,963.6,2417.9,618.5,,,3694.1,1494.2,1399.8,4289.9,1984.9,,,3022.4,3092.7,3499.7,4925.5,2891.0,,,1278.7,182.6,529.8,1047.1,2509.2,,,,,,,,,,,,,,,,,523.5,621.4,1136.6,1564.5,898.5,,,977.8,886.5,3166.4,2374.8,1108.2,,,936.5,857.9,1329.8,3409.9,2417.9,,,5114.9,4585.8,2374.8,6332.8,6332.8,,,5541.2,3694.1,4585.8,6332.8,4155.9,,,2607.6,1564.5,3694.1,4289.9,2770.6,,,,,,,,,,,,,,,,,707.3,1303.8,2216.4,1343.3,1955.7,,,201.8,46.5,97.7,36.6,399.3,,,578.2,71.1,184.4,243.1,1055.4,,,1494.2,244.4,304.3,519.4,1927.3,,,689.0,107.5,304.3,443.2,1316.7,,,3022.4,1208.9,2292.9,3911.4,1329.8,,,,,,,,,,,,,,,,,,,,,,,,,,,,,,,,,,,,,,,,,,,,,,,,,,,,,,,,,,,,,,,,,,,,,,,,,,,,,,,,,,,,,,,,,,,,,,,,,,,,,,,,,,,,,,,,,,,,,,,,,,,,,,,,
20260921_大宮_2R,20260921,25,大宮,2,120.0,501.2,45.8,728.3,71.8,,,127.3,308.6,20.9,305.9,58.7,,,1306.9,1013.3,580.2,1915.6,662.7,,,18.7,4.4,109.5,132.2,6.4,,,1553.7,1215.9,2370.1,659.6,1792.8,,,70.2,79.4,145.5,31.3,602.7,,,,,,,,,,,,,,,,,245.3,675.5,60.7,951.2,115.7,,,790.0,2589.6,1136.9,2853.8,1028.2,,,1294.8,2026.6,1607.3,1645.1,501.2,,,105.5,466.1,951.2,1344.6,156.7,,,1770.1,3107.5,2796.7,2026.6,1471.9,,,54.5,274.7,85.6,91.3,467.6,,,,,,,,,,,,,,,,,1006.0,1503.6,182.7,1770.1,499.4,,,2087.1,5378.4,2796.7,5593.5,1816.1,,,3884.4,5593.5,6991.9,7768.8,4661.3,,,315.6,1889.7,3995.4,4112.9,1043.5,,,4112.9,5179.2,6079.9,6356.3,4822.0,,,1146.2,1915.6,2796.7,1412.5,6659.0,,,,,,,,,,,,,,,,,3779.4,3779.4,2087.1,4112.9,2497.1,,,2411.0,4661.3,3495.9,4822.0,908.0,,,5378.4,6659.0,6991.9,9322.6,7768.8,,,2330.6,4994.2,6079.9,5826.6,3329.5,,,5179.2,9322.6,9322.6,5826.6,6079.9,,,1726.4,857.9,4237.5,3329.5,4112.9,,,,,,,,,,,,,,,,,26.7,11.5,108.2,219.8,14.2,,,66.9,211.5,653.4,1092.4,91.2,,,136.2,531.7,1864.5,2497.1,441.1,,,998.8,1969.5,2689.2,3495.9,1127.7,,,1294.8,3039.9,3884.4,4237.5,2741.9,,,43.4,73.7,251.9,138.4,1136.9,,,,,,,,,,,,,,,,,2542.5,2118.7,3779.4,1487.6,2913.3,,,2638.4,4237.5,4822.0,3252.0,2497.1,,,4237.5,3679.9,6356.3,4661.3,4112.9,,,6991.9,5826.6,5826.6,6079.9,4822.0,,,1626.0,3039.9,5179.2,5179.2,3779.4,,,3779.4,2497.1,5826.6,3995.4,3884.4,,,,,,,,,,,,,,,,,47.6,112.5,85.8,36.7,635.6,,,35.0,200.9,28.2,61.1,337.7,,,392.8,568.4,772.5,755.8,3039.9,,,181.3,106.2,602.7,321.4,1075.6,,,58.8,85.5,401.8,171.5,808.3,,,2542.5,1331.8,3410.7,2219.6,2638.4,,,,,,,,,,,,,,,,,,,,,,,,,,,,,,,,,,,,,,,,,,,,,,,,,,,,,,,,,,,,,,,,,,,,,,,,,,,,,,,,,,,,,,,,,,,,,,,,,,,,,,,,,,,,,,,,,,,,,,,,,,,,,,,,
20260921_大宮_3R,20260921,25,大宮,3,1059.5,548.3,694.1,1075.7,1109.6,,,584.7,86.0,126.2,299.1,174.4,,,226.1,53.2,18.5,162.9,129.8,,,297.9,100.8,26.4,328.4,222.6,,,796.1,439.0,293.5,460.5,1067.5,,,1059.5,374.7,359.4,460.5,1100.9,,,,,,,,,,,,,,,,,2472.3,1258.2,1718.5,1878.9,2710.0,,,1904.3,1619.7,2072.3,1452.8,1739.7,,,1174.3,1452.8,814.5,1109.6,2013.1,,,1269.5,2103.3,1043.8,1806.6,2072.3,,,945.7,1051.6,787.2,965.2,1258.2,,,2429.6,1697.8,2272.9,2348.7,2310.1,,,,,,,,,,,,,,,,,465.0,56.3,63.3,328.4,78.6,,,891.9,774.2,1452.8,838.8,544.1,,,52.1,258.0,42.0,227.2,52.5,,,91.2,715.3,72.1,796.1,145.4,,,587.1,572.8,525.8,1145.7,450.2,,,45.9,138.7,44.8,62.1,157.1,,,,,,,,,,,,,,,,,129.8,37.2,9.6,106.1,94.8,,,309.7,391.4,300.4,348.8,539.9,,,43.4,176.8,48.8,157.6,48.1,,,5.0,111.4,24.0,131.5,84.1,,,188.3,206.0,289.9,207.8,497.9,,,172.6,439.0,102.4,180.6,539.9,,,,,,,,,,,,,,,,,326.2,101.5,25.0,420.6,218.1,,,1084.0,2135.1,629.1,1957.2,1854.2,,,189.1,1145.7,130.0,1355.0,394.7,,,12.6,166.1,38.0,270.4,119.9,,,1164.6,1806.6,1904.3,939.4,2013.1,,,690.7,1601.3,757.6,550.4,2562.2,,,,,,,,,,,,,,,,,819.3,607.4,433.6,523.8,1395.2,,,535.8,548.3,395.8,677.5,796.1,,,864.5,741.6,684.0,1204.4,796.1,,,466.6,485.9,643.4,465.0,1155.0,,,939.4,1483.3,1483.3,796.1,2310.1,,,2013.1,1483.3,1214.8,2072.3,2609.6,,,,,,,,,,,,,,,,,1677.6,568.2,629.1,722.6,1957.2,,,2236.8,1381.5,2013.1,2710.0,2710.0,,,173.5,480.9,157.8,179.5,637.6,,,385.0,1718.5,260.0,320.2,2042.3,,,809.8,2658.9,615.3,687.4,2710.0,,,2072.3,2388.5,1515.2,2236.8,2763.1,,,,,,,,,,,,,,,,,,,,,,,,,,,,,,,,,,,,,,,,,,,,,,,,,,,,,,,,,,,,,,,,,,,,,,,,,,,,,,,,,,,,,,,,,,,,,,,,,,,,,,,,,,,,,,,,,,,,,,,,,,,,,,,,
20260921_大宮_4R,20260921,25,大宮,4,656.5,861.0,570.5,1382.5,1041.9,,,179.2,26.4,22.7,349.8,125.3,,,286.4,26.3,31.2,513.5,184.1,,,92.0,9.8,11.0,161.9,23.6,,,1467.2,821.6,1691.6,971.5,2995.5,,,1652.7,589.2,733.6,321.6,3343.9,,,,,,,,,,,,,,,,,1732.3,2083.8,1261.2,2146.0,3423.5,,,1867.3,1529.6,2712.9,1997.0,4229.0,,,2479.0,1395.9,1867.3,2319.1,2875.7,,,1169.0,2146.0,1775.1,2146.0,2357.1,,,1150.3,978.1,1034.4,1114.6,1307.1,,,4229.0,4357.2,3783.8,3507.0,2567.6,,,,,,,,,,,,,,,,,141.1,16.8,18.7,259.0,128.1,,,544.6,260.0,625.1,790.0,760.7,,,11.5,54.8,15.2,79.1,20.0,,,36.4,258.6,46.0,522.8,160.4,,,504.5,617.1,550.9,745.0,1633.9,,,459.3,1228.9,238.4,477.7,2054.1,,,,,,,,,,,,,,,,,353.2,41.3,59.5,594.1,302.0,,,1283.8,343.9,910.0,1513.5,1797.3,,,20.3,70.4,23.4,155.7,51.4,,,91.5,455.0,72.8,1005.5,433.0,,,1671.9,1513.5,538.5,1997.0,2357.1,,,871.4,1615.5,227.8,826.3,2479.0,,,,,,,,,,,,,,,,,133.1,28.8,30.5,260.4,63.7,,,665.6,1272.4,998.5,2083.8,1943.0,,,66.8,471.4,86.9,826.3,477.7,,,90.0,508.0,86.7,1272.4,559.4,,,1395.9,2396.4,1797.3,3059.3,3125.8,,,402.7,1891.9,921.7,1114.6,2995.5,,,,,,,,,,,,,,,,,1615.5,1150.3,2437.0,2396.4,5530.2,,,1239.5,927.6,910.0,1597.6,1331.3,,,1307.1,1356.4,1073.0,2114.5,4638.3,,,3686.8,2437.0,1307.1,4229.0,4229.0,,,3267.9,3886.1,2319.1,5135.2,5530.2,,,7988.2,3886.1,6535.8,5530.2,8986.7,,,,,,,,,,,,,,,,,3686.8,1691.6,2765.1,1452.4,6251.6,,,4638.3,5530.2,4638.3,4108.2,4108.2,,,2114.5,6847.0,1633.9,3125.8,6251.6,,,2819.3,4638.3,1529.6,2819.3,6251.6,,,1437.8,3886.1,2396.4,2319.1,5325.4,,,8986.7,3594.6,5325.4,7988.2,6847.0,,,,,,,,,,,,,,,,,,,,,,,,,,,,,,,,,,,,,,,,,,,,,,,,,,,,,,,,,,,,,,,,,,,,,,,,,,,,,,,,,,,,,,,,,,,,,,,,,,,,,,,,,,,,,,,,,,,,,,,,,,,,,,,,
20260921_大宮_5R,20260921,25,大宮,5,1376.5,952.9,1189.3,4505.0,1032.4,,,1791.1,512.6,1402.5,2322.9,1270.6,,,391.2,141.1,239.7,835.2,97.6,,,1039.6,1143.5,694.6,4247.5,782.4,,,3716.6,3163.1,3303.6,6463.7,6463.7,,,527.1,397.5,151.2,328.9,2252.5,,,,,,,,,,,,,,,,,1905.9,1415.8,1327.3,5126.4,1077.2,,,5309.4,5717.9,4017.9,4795.6,3303.6,,,1228.6,2654.7,466.0,2563.2,293.8,,,569.6,1259.8,372.5,1363.9,129.8,,,6463.7,4645.8,3716.6,3097.2,3716.6,,,463.1,1046.9,210.2,114.0,1598.5,,,,,,,,,,,,,,,,,4795.6,1471.9,2858.9,3163.1,2973.3,,,5717.9,6757.5,5309.4,7079.3,2563.2,,,1791.1,5126.4,6463.7,7824.5,2477.7,,,4247.5,3912.2,7079.3,9999.9,3303.6,,,6194.4,7824.5,9999.9,9999.9,9999.9,,,3097.2,2654.7,1769.8,2397.8,8259.2,,,,,,,,,,,,,,,,,246.5,68.3,124.9,854.4,34.2,,,691.4,1956.1,390.1,2437.1,239.7,,,786.5,2973.3,2036.5,4795.6,884.9,,,350.6,231.2,1077.2,2477.7,90.6,,,4129.6,4505.0,7433.2,5506.1,2973.3,,,16.6,77.9,104.5,27.6,874.5,,,,,,,,,,,,,,,,,940.9,1728.6,770.2,4955.5,561.0,,,587.6,1238.8,369.8,1651.8,92.9,,,3033.9,2359.7,5126.4,9999.9,2359.7,,,799.2,438.5,2805.0,3303.6,220.5,,,9911.0,3303.6,9291.6,6194.4,3163.1,,,102.7,29.9,306.5,68.5,484.2,,,,,,,,,,,,,,,,,5717.9,3457.3,6194.4,9999.9,6757.5,,,7824.5,6194.4,5506.1,5717.9,4795.6,,,6757.5,5946.6,8259.2,9999.9,8259.2,,,6463.7,5946.6,9999.9,9911.0,6463.7,,,9999.9,4372.5,9911.0,9291.6,4372.5,,,6463.7,3811.9,9999.9,5309.4,3811.9,,,,,,,,,,,,,,,,,63.6,56.0,15.2,49.5,442.4,,,54.8,187.2,33.5,14.3,331.1,,,242.9,529.0,230.1,430.9,1363.9,,,6.3,26.4,56.6,16.3,309.0,,,16.8,4.8,75.2,10.7,173.6,,,1858.3,1339.3,2008.9,1376.5,1039.6,,,,,,,,,,,,,,,,,,,,,,,,,,,,,,,,,,,,,,,,,,,,,,,,,,,,,,,,,,,,,,,,,,,,,,,,,,,,,,,,,,,,,,,,,,,,,,,,,,,,,,,,,,,,,,,,,,,,,,,,,,,,,,,,
20260921_大宮_6R,20260921,25,大宮,6,4095.7,720.5,1188.0,5986.0,1454.5,,,5020.5,2431.8,4446.7,4323.2,3051.7,,,222.6,460.4,150.3,915.5,52.7,,,1010.6,2431.8,444.6,4095.7,1023.9,,,6484.9,6484.9,4577.5,8646.5,5986.0,,,751.8,1673.5,118.7,727.2,3705.6,,,,,,,,,,,,,,,,,3619.4,827.8,1286.2,6484.9,1556.3,,,5020.5,4206.4,4577.5,4446.7,5764.3,,,498.8,1468.2,306.3,2021.2,603.2,,,694.8,1655.7,304.5,2551.4,937.5,,,7411.3,6766.8,4323.2,6225.5,9999.9,,,2192.0,6225.5,1296.9,1525.8,5764.3,,,,,,,,,,,,,,,,,4577.5,2358.1,3458.6,8191.4,3458.6,,,5020.5,3383.4,4206.4,7074.4,4323.2,,,1496.5,2683.4,2132.0,1970.0,2192.0,,,3112.7,4577.5,2683.4,2047.8,7074.4,,,4206.4,3796.0,2394.4,5187.9,8191.4,,,5020.5,5558.4,3537.2,5764.3,9999.9,,,,,,,,,,,,,,,,,19.5,41.7,11.1,146.0,2.8,,,49.5,90.2,18.8,269.7,55.1,,,80.8,81.4,82.4,89.2,54.1,,,17.6,9.0,52.1,170.6,22.4,,,513.6,667.9,330.4,480.3,665.1,,,7.2,38.5,42.5,32.8,185.9,,,,,,,,,,,,,,,,,701.0,2431.8,309.4,6484.9,774.3,,,278.4,610.3,153.1,1852.8,589.5,,,3242.4,2510.2,2510.2,7411.3,5020.5,,,102.7,88.9,323.5,1152.8,182.6,,,9727.3,8646.5,9999.9,5764.3,8646.5,,,845.8,1265.3,4206.4,559.8,7074.4,,,,,,,,,,,,,,,,,9999.9,7781.8,9999.9,9999.9,9727.3,,,8191.4,6484.9,6484.9,9999.9,9999.9,,,5764.3,5986.0,3890.9,9727.3,9999.9,,,6766.8,5187.9,5187.9,5764.3,8191.4,,,9999.9,9999.9,9999.9,7074.4,9999.9,,,9999.9,9999.9,9999.9,9999.9,9999.9,,,,,,,,,,,,,,,,,1768.6,4095.7,202.1,1454.5,6484.9,,,3112.7,6225.5,1454.5,1729.3,9999.9,,,5764.3,7781.8,4577.5,8646.5,9999.9,,,174.0,879.3,2322.9,557.8,3458.6,,,1655.7,2431.8,5366.8,814.8,8646.5,,,7781.8,9999.9,9999.9,9155.1,9999.9,,,,,,,,,,,,,,,,,,,,,,,,,,,,,,,,,,,,,,,,,,,,,,,,,,,,,,,,,,,,,,,,,,,,,,,,,,,,,,,,,,,,,,,,,,,,,,,,,,,,,,,,,,,,,,,,,,,,,,,,,,,,,,,,
20260921_大宮_7R,20260921,25,大宮,7,1228.4,1984.4,2120.3,4993.1,2010.2,,,921.3,347.0,869.5,1228.4,1025.0,,,1779.1,541.2,1446.6,1460.2,2036.6,,,1612.3,650.3,1113.5,2120.3,1209.2,,,5953.3,1910.9,2036.6,5337.5,8146.7,,,1984.4,1864.9,2456.9,2715.5,7370.8,,,,,,,,,,,,,,,,,1300.7,1739.1,2579.8,4690.5,1959.3,,,644.9,239.2,1394.4,1322.9,350.9,,,1121.6,347.0,2623.5,1629.3,889.5,,,2668.7,2814.3,3685.4,5953.3,2381.3,,,7370.8,4690.5,3869.7,9105.1,5528.1,,,1025.0,381.2,631.7,1394.4,2149.8,,,,,,,,,,,,,,,,,56.1,32.2,43.4,175.0,49.2,,,44.5,30.7,104.0,184.0,23.9,,,4.6,7.0,34.6,4.0,5.0,,,127.9,295.9,145.6,684.9,259.7,,,369.4,566.9,112.0,719.9,429.9,,,62.7,38.4,44.7,135.7,298.8,,,,,,,,,,,,,,,,,1228.4,408.4,1369.8,1045.8,1258.4,,,992.2,322.4,2091.7,1345.9,841.2,,,63.8,74.7,169.1,46.4,56.7,,,2010.2,4422.5,1334.3,3599.7,1612.3,,,1300.7,2276.2,428.7,3517.9,2866.4,,,1488.3,1082.4,343.9,2345.2,1984.4,,,,,,,,,,,,,,,,,2149.8,1502.7,1258.4,4993.1,1984.4,,,3158.9,4690.5,5528.1,9999.9,1612.3,,,1579.4,3968.9,2036.6,9105.1,3968.9,,,2976.6,7739.4,2456.9,4993.1,9674.2,,,9999.9,9999.9,9999.9,9999.9,9999.9,,,1682.4,4183.4,4299.6,7035.8,9999.9,,,,,,,,,,,,,,,,,9105.1,2345.2,2668.7,9999.9,9999.9,,,5953.3,4422.5,6191.5,9999.9,8146.7,,,2036.6,3775.3,658.6,7035.8,7370.8,,,2310.2,5337.5,700.3,7035.8,7370.8,,,9999.9,9999.9,9999.9,9999.9,9999.9,,,9999.9,6449.5,9999.9,9999.9,9999.9,,,,,,,,,,,,,,,,,2243.3,2345.2,2496.5,3364.9,7739.4,,,998.6,448.6,777.8,1228.4,1959.3,,,1146.5,545.0,457.9,2091.7,2579.8,,,2456.9,1394.4,740.6,3599.7,4073.3,,,3685.4,2866.4,4690.5,4837.1,7370.8,,,9999.9,3869.7,6729.9,7035.8,2149.8,,,,,,,,,,,,,,,,,,,,,,,,,,,,,,,,,,,,,,,,,,,,,,,,,,,,,,,,,,,,,,,,,,,,,,,,,,,,,,,,,,,,,,,,,,,,,,,,,,,,,,,,,,,,,,,,,,,,,,,,,,,,,,,,
20260921_富山_1R,20260921,46,富山,1,1938.6,2312.7,1695.5,1270.6,1622.5,3176.6,918.6,2452.6,4750.6,1953.0,1856.7,1485.4,3687.5,4506.9,3101.8,4218.5,3215.3,2835.0,2804.8,5859.0,5380.7,2020.3,1781.4,3358.7,1201.1,1850.2,4185.0,2962.4,594.4,841.0,1283.0,578.8,800.1,675.1,925.1,1158.9,1345.1,2224.9,1510.9,969.3,2396.8,2487.3,3316.4,3877.3,4357.9,3515.4,989.3,3138.7,3849.0,1546.3,3013.2,5169.7,2804.8,2322.9,3275.2,3766.5,1391.3,1632.5,948.4,671.7,1151.3,2012.6,225.4,637.6,431.8,204.0,316.8,118.8,825.2,134.8,538.0,311.8,320.3,310.0,297.9,737.5,62.7,499.8,285.8,488.2,343.5,265.3,945.0,134.3,260.0,427.3,469.9,353.6,422.8,724.3,125.8,502.6,101.1,261.4,164.1,296.5,468.3,76.6,1305.2,1267.5,1302.0,1179.6,703.0,1058.8,294.2,58.1,56.6,56.0,39.0,48.3,48.1,123.5,1004.4,1740.3,703.0,739.5,383.7,1647.8,1153.8,405.6,302.7,134.6,243.5,67.6,536.4,107.2,1989.8,480.2,745.8,1413.7,318.2,2067.9,1134.0,387.7,116.6,385.4,195.6,48.6,414.2,259.2,323.1,372.3,1094.0,372.6,176.3,523.6,648.6,88.6,22.6,112.2,20.4,48.5,112.4,56.5,1195.7,833.0,1632.5,682.1,547.0,315.3,1184.9,846.4,308.7,1632.5,573.7,941.6,316.7,1612.5,2343.6,4394.3,2386.0,1429.0,2430.0,4087.7,3562.9,896.7,556.2,692.9,647.0,523.6,1498.0,121.1,4087.7,996.8,2092.5,3176.6,925.1,4252.5,2292.6,4056.2,1775.4,3138.7,3821.1,2690.3,6591.4,3587.1,794.1,1129.1,2804.8,2067.9,2819.8,1550.9,2386.0,2028.1,501.2,941.6,1136.4,1769.5,1974.9,1286.1,5380.7,3235.0,5436.2,6061.1,2375.3,4119.6,5326.4,3402.0,579.4,3906.0,2804.8,3337.4,2775.3,5492.8,1146.3,1376.8,1373.2,941.6,1267.5,2282.7,1289.2,756.5,329.7,718.4,552.1,326.9,1384.0,139.0,735.4,285.1,1091.7,476.7,118.1,971.1,660.7,2732.2,1076.1,1787.5,2292.6,1775.4,3013.2,2161.1,477.2,713.5,791.7,1945.8,670.0,1089.4,1056.7,794.1,272.5,126.9,893.7,485.5,1048.3,599.2,1896.8,2043.8,1555.5,3358.7,1292.4,1712.0,2979.1,1421.3,409.7,1261.5,2649.8,1506.6,1143.8,3215.3,150.2,232.0,395.5,152.8,240.4,145.1,182.3,220.0,559.7,704.0,534.8,502.2,614.5,199.3,424.2,611.0,1524.0,769.8,385.4,717.4,1153.8,567.0,834.3,2407.8,1658.2,1769.5,1524.0,1837.3,379.3,765.3,960.5,1532.8,831.7,991.1,1195.7,253.7,449.9,333.5,1146.3,469.9,486.0,703.0,64.9,216.1,278.5,676.9,313.6,286.5,339.7,379.9,423.5,1546.3,2035.9,1040.0,981.9,1286.1,499.3,510.9,1171.8,749.0,333.5,981.9,948.4,284.1,66.0,145.9,97.0,200.6,358.2,39.4,104.9,25.3,119.8,26.9,52.1,121.6,62.2,1044.1,147.5,397.0,412.2,906.0,1164.0,390.6,498.4,150.0,82.1,356.0,335.8,640.7,264.8,140.7,239.6,175.8,696.5,267.5,292.3,420.1,756.5,541.3,401.3,1234.9,801.3,243.4,974.7,788.2,162.2,281.3,721.3,448.0,659.9,1103.1,1769.5,2272.9,2396.8,2035.9,474.2,2178.9,2572.2,1444.7,1506.6,1653.0,1286.1,739.5,1532.8,416.8,1824.6,1532.8,3611.7,1171.8,887.7,723.3,2375.3,3539.0,2084.2,3713.5,4252.5,2206.3,3195.8,5022.0,2790.0,2067.9,1668.7,4468.7,1413.7,1746.0,2897.3,98.5,254.4,318.8,795.3,384.6,343.5,554.4,1425.1,1184.9,684.8,2092.5,1131.5,698.4,1890.0,2396.8,1223.4,2897.3,4750.6,3358.7,2035.9,2547.4,1146.3,4025.3,4218.5,3013.2,2253.4,3195.8,3687.5,220.3,224.3,305.1,170.3,296.7,201.7,452.2,3636.6,684.8,3821.1,1477.0,3065.7,1046.2,5119.5,4152.1,890.7,4218.5,3048.0,4545.8,2835.0,4928.2,2418.8,610.3,1793.5,3065.7,1924.5,1444.7,4506.9,1134.0,772.0,2913.3,4928.2,1338.3,1712.0,2775.3,1712.0,508.0,915.4,2312.7,1209.4,2302.6,2623.4,3739.8,1953.0,5609.7,4625.5,4666.5,3275.2,3849.0
20260921_富山_2R,20260921,46,富山,2,1362.4,1189.3,1585.8,2201.2,1045.9,694.0,426.5,1268.6,2877.7,1787.6,2906.0,679.6,801.5,1532.2,1218.8,2731.1,2906.0,5412.2,2447.8,1316.8,1414.7,1872.8,1798.5,3241.3,1313.8,1661.7,1078.4,1776.9,3025.3,2920.4,4916.1,1724.9,2286.5,1340.7,2743.8,891.1,698.1,2209.4,1308.0,1884.7,572.7,1078.4,190.3,322.1,514.3,338.2,454.8,186.3,200.5,590.5,1680.7,1611.8,1866.8,3088.6,1282.4,854.9,939.3,668.8,994.8,1629.6,651.1,591.7,198.4,537.7,279.8,365.9,673.4,88.3,328.2,80.1,331.6,256.4,439.2,659.1,224.9,405.7,40.1,792.9,563.9,733.7,534.3,377.6,755.3,206.7,1552.4,1453.0,1285.2,984.8,1013.6,1771.5,416.9,311.9,73.7,225.6,207.0,480.4,249.3,60.8,335.5,648.9,631.6,754.3,1115.1,454.4,196.0,65.2,39.0,39.0,80.3,116.8,29.2,65.5,870.1,1349.9,774.1,1638.7,305.9,561.3,730.1,536.7,341.0,389.6,713.3,102.9,429.9,122.2,1110.9,380.8,1239.3,2277.7,276.4,1625.1,538.7,893.8,625.5,1236.7,506.8,234.4,744.8,793.9,1331.6,1184.6,2359.7,671.9,419.2,1611.8,1371.9,67.2,45.4,89.9,65.9,126.5,79.5,50.4,348.6,833.2,1719.9,691.5,1213.8,335.7,1036.7,715.9,264.7,748.6,793.9,1489.7,276.9,808.1,943.8,2341.0,2369.2,4040.6,1516.5,914.6,1226.4,437.6,356.0,664.3,1022.4,291.7,665.8,51.2,1564.8,592.8,1940.5,3906.8,406.8,1979.6,803.7,2243.0,1218.8,2313.4,1536.2,2564.9,3532.5,1516.5,3710.2,2091.9,3959.2,2160.9,3641.5,3619.2,2176.8,1102.6,403.5,476.1,1577.3,2809.2,1431.8,556.0,885.7,1255.1,2795.8,3830.7,4999.4,2378.7,2006.5,996.5,172.2,1136.6,1564.8,2137.4,813.7,1690.3,1098.5,1435.3,1798.5,953.0,949.9,772.1,1170.5,720.3,538.7,776.2,320.4,275.5,456.2,243.0,1018.8,659.1,1560.6,587.5,267.6,789.7,1020.6,2153.0,1132.3,1872.8,1445.9,2226.1,2822.6,1467.4,334.9,194.8,340.8,711.6,151.0,242.1,267.7,499.9,305.8,169.9,1201.4,210.1,306.9,516.5,593.4,519.3,676.5,2069.9,408.5,438.6,673.4,1211.3,558.6,1313.8,1666.4,957.6,960.8,1394.6,2129.7,2458.0,4068.5,1161.2,1878.7,1362.4,1966.4,1603.0,1340.7,1843.5,991.4,1175.1,2268.9,721.1,1878.7,1730.0,3088.6,801.5,720.3,2251.6,2034.2,4013.1,2184.9,3881.1,1915.3,3410.0,4796.2,2809.2,382.8,355.3,441.8,835.5,280.5,465.2,362.1,1302.2,1152.2,672.6,2731.1,587.5,1216.3,1322.7,1108.8,2168.8,2160.9,4183.9,1025.9,1620.6,2510.3,2041.2,1130.1,2322.5,3025.3,1368.7,1782.2,3088.6,478.0,238.8,924.6,534.8,808.1,301.4,419.2,255.2,56.7,227.2,159.3,323.7,240.3,61.3,65.9,26.3,96.5,37.8,90.8,60.1,48.7,857.4,210.1,278.7,1082.4,1638.7,1096.5,410.2,291.1,199.4,80.2,566.1,103.5,201.7,280.5,691.5,609.4,263.4,1560.6,272.4,671.9,630.2,103.7,306.2,137.9,782.4,229.1,343.1,368.2,416.3,157.6,167.7,518.3,465.9,751.5,515.6,104.5,244.3,428.7,167.4,272.9,113.6,114.4,249.5,746.7,916.0,489.1,1010.1,423.4,212.6,512.5,968.6,2489.1,804.8,1334.6,463.7,1177.5,813.7,1201.4,2633.6,1934.2,4154.4,1815.1,1760.9,613.8,913.2,951.5,2478.7,630.9,679.6,1206.4,780.3,1223.9,1404.6,3259.3,810.3,1018.8,1661.7,223.7,382.3,319.9,1177.5,315.1,466.7,508.5,586.9,492.0,1482.2,2013.4,1442.3,1724.9,853.7,566.1,2286.5,1921.6,2099.4,3351.8,1211.3,1359.2,170.5,147.5,119.6,190.4,323.6,103.4,173.6,1896.8,395.1,1804.0,1568.9,2769.6,567.7,2062.7,1213.8,253.6,1501.1,1966.4,2949.6,1265.9,2286.5,2359.7,697.3,1973.0,2731.1,2055.5,1460.2,2782.7,3188.8,1331.6,3855.7,4068.5,2458.0,2437.7,4369.8,769.1,301.2,536.7,1216.3,1036.7,1793.1,1191.7,1051.5,610.6,2468.3,3040.8,2447.8,2795.8,1331.6
20260921_富山_3R,20260921,46,富山,3,248.6,298.0,175.7,169.5,287.8,788.6,118.9,133.5,101.5,56.9,78.3,46.2,308.9,165.4,268.7,202.8,131.4,149.7,243.1,571.8,263.8,71.1,39.9,48.7,32.9,37.2,68.5,74.4,39.9,28.1,29.3,18.1,37.9,126.4,69.2,186.2,40.5,134.5,49.1,81.2,205.9,191.9,850.5,484.4,560.3,151.3,359.1,327.5,780.3,163.1,282.5,319.3,189.5,218.7,332.6,780.3,1096.0,1270.1,732.7,682.1,1193.4,2479.3,459.8,1354.6,1566.2,1362.8,1558.9,1272.5,3445.6,869.2,1866.4,2349.3,1679.7,3082.1,2645.2,3040.2,1016.4,780.3,1166.5,1223.8,2023.8,1675.5,2036.0,422.3,675.9,1768.1,1562.5,2333.0,2946.9,5694.1,1193.4,1830.8,1489.8,2086.6,1999.7,3096.3,3573.9,1346.5,4199.4,4833.8,5208.5,2811.3,7072.6,5090.1,3184.3,345.0,493.3,339.3,270.9,863.6,784.0,1376.8,356.0,311.6,165.0,280.5,149.2,909.2,598.8,764.3,995.4,897.0,975.1,658.7,2776.4,682.1,529.0,887.5,543.6,1212.8,581.7,2604.2,1148.5,315.2,689.8,506.7,770.5,281.8,689.1,653.6,544.0,1622.9,1297.1,925.4,819.3,2986.2,1513.2,119.3,243.5,211.1,119.3,360.6,597.2,336.6,1749.7,3612.3,2946.9,1302.1,3817.6,1382.5,3376.4,1053.1,1066.5,1325.2,963.9,1527.0,929.3,2908.6,982.3,788.6,408.9,413.2,788.6,1936.3,859.2,1551.7,1987.8,1148.5,3230.3,2765.0,3573.9,739.1,995.4,1705.3,786.7,2254.7,905.5,3952.3,1299.6,401.3,726.3,523.2,762.6,740.7,1041.7,518.0,602.6,2217.5,1941.9,1365.6,2742.4,2676.9,2720.2,1164.4,3040.2,798.9,1346.5,3245.9,3593.0,2443.2,3929.2,5742.7,3861.5,1786.9,4602.0,5014.2,5742.7,1299.6,996.8,1520.1,961.2,3096.3,2921.3,5507.4,160.8,121.1,110.5,96.2,99.6,150.7,188.3,310.0,433.4,416.0,758.3,609.7,620.4,174.7,215.3,390.6,309.6,542.2,221.8,375.7,318.1,176.3,233.7,245.5,364.5,264.8,334.4,217.0,215.4,749.8,571.3,531.1,600.9,654.8,734.3,179.1,502.9,186.3,342.1,464.3,349.7,495.8,178.7,442.0,290.2,269.4,431.8,354.3,444.6,328.8,255.2,369.5,341.5,735.9,777.6,698.4,87.4,85.6,60.7,56.4,109.5,259.2,151.0,337.9,1099.6,1013.4,1274.9,1555.3,3139.7,623.8,351.7,1232.8,975.1,939.7,794.2,2776.4,1388.2,311.4,1333.1,1195.5,888.7,1882.0,2365.8,2036.0,212.8,1051.4,752.4,678.6,759.2,1076.7,1215.0,322.1,1265.3,605.8,999.8,803.7,1936.3,1815.9,1170.5,4977.0,3691.7,3499.5,1736.1,3536.3,5332.5,655.5,1150.5,1727.2,2099.7,1714.0,2285.3,4904.4,449.7,132.8,304.0,178.8,211.8,529.8,440.0,784.0,700.6,1223.8,868.0,1825.8,1964.6,797.0,86.4,167.6,128.9,87.4,238.8,462.7,201.4,777.6,1630.8,605.3,905.5,1811.0,2247.1,1642.7,215.7,584.7,164.9,429.8,544.9,418.3,547.5,371.8,1322.6,534.1,1140.7,632.0,2073.7,1634.8,906.7,2883.7,1099.6,2239.6,934.4,2202.9,2048.4,1078.4,1038.4,724.8,1580.9,1121.7,2525.9,2349.3,2516.4,1634.8,1801.3,585.7,1170.5,1176.7,2224.8,3861.5,5893.8,5742.7,3068.0,6652.5,6108.2,3573.9,2029.9,5842.6,2986.2,1801.3,5792.2,2139.8,5599.2,4096.9,6652.5,5375.2,2247.1,5332.5,5375.2,6338.7,514.0,1357.3,917.9,784.0,1064.8,871.4,1317.4,1953.2,7383.5,5742.7,4420.4,2452.2,4904.4,6786.9,1548.1,5599.2,1958.9,3393.4,1566.2,3732.8,3861.5,3040.2,3393.4,5552.9,5694.1,3817.6,7383.5,4602.0,620.9,1191.3,1063.1,755.7,1007.3,1237.3,2666.2,425.2,568.4,474.5,388.6,946.3,894.6,1611.2,1573.5,1178.7,2080.1,1320.0,2698.4,1479.9,5646.2,1696.7,1134.9,2269.9,1292.1,3463.4,3110.6,5552.9,892.3,667.2,1199.8,1081.9,2160.4,1806.1,1925.2,1441.8,2080.1,2408.2,3445.6,2666.2,4904.4,5842.6,1262.9,1667.2,1129.2,2986.2,1964.6,4799.3,4666.0,4199.4,4279.6,5290.5,5014.2,1908.8,7224.7,5090.1
20260921_富山_4R,20260921,46,富山,4,1331.3,2298.8,1967.9,4160.5,1469.3,5429.3,969.0,618.3,452.1,187.2,376.9,284.2,1179.5,123.2,3402.3,1489.3,2899.7,5172.5,1364.5,3866.3,1425.5,1822.6,463.1,2271.6,1942.9,1331.3,4325.0,701.0,5468.0,1708.7,5712.9,3049.9,4349.6,7892.0,2714.6,1240.7,519.0,574.7,1329.0,2734.0,2648.9,510.0,9999.9,4300.7,6223.8,6656.8,9999.9,5934.3,4115.7,423.6,84.5,288.6,315.4,727.0,170.9,1024.8,1780.3,3230.0,2251.5,6599.4,1952.8,6075.6,1444.4,1146.0,1054.4,458.6,1038.7,353.9,2933.0,669.1,3432.8,2518.2,3846.9,6656.8,1295.3,2814.4,3285.5,2783.7,790.0,3511.6,4667.8,1028.9,6223.8,2264.8,9999.9,4183.2,9113.4,6896.6,7974.3,9999.9,9999.9,1112.6,289.3,269.2,934.7,3328.4,1271.6,614.3,9999.9,6959.3,5172.5,9941.9,9999.9,4970.9,9451.0,952.1,924.5,1818.3,1767.9,4476.8,759.4,5036.4,205.3,280.7,37.4,111.9,135.8,655.9,49.2,260.2,334.1,66.3,196.2,103.4,908.1,170.8,589.3,633.1,201.9,457.8,270.2,757.9,457.8,13.2,17.0,43.5,6.7,12.1,116.3,7.9,121.3,174.1,247.9,34.0,116.1,536.4,76.1,178.3,124.2,127.3,50.2,163.6,452.4,123.3,1831.4,2025.2,1324.4,484.8,1345.4,1078.2,1286.6,53.0,121.2,204.4,29.2,77.7,84.8,485.4,4639.5,2888.8,4399.6,8505.9,1876.3,4845.1,2921.8,3771.0,3099.3,4556.7,7360.8,1862.6,3752.6,4425.0,2046.8,2348.2,1362.1,2453.6,1076.6,2518.2,1876.3,6326.7,5468.0,2057.8,8799.2,2763.6,8505.9,6433.0,9999.9,9999.9,5137.8,9999.9,8231.5,7023.2,9999.9,1354.9,1238.7,816.1,2264.8,3827.6,1075.1,1326.7,5316.2,3987.1,3448.3,6959.3,7222.0,2461.5,4845.1,3137.4,4725.5,2648.9,6173.6,7811.5,2251.5,5755.8,1099.9,347.4,1555.9,1731.9,1019.3,4252.9,452.4,1772.0,376.3,1671.4,1913.8,433.7,3372.3,912.4,90.0,69.3,216.4,32.7,57.3,416.2,42.7,4300.7,3645.3,1352.5,5103.5,2377.4,4206.2,4008.0,2518.2,1978.1,454.8,3544.1,1784.4,5316.2,1876.3,1594.8,706.8,413.5,948.6,1988.3,2074.6,1019.3,7088.2,8321.0,2526.5,7088.2,9223.2,5036.4,6124.2,450.0,675.6,232.8,1844.6,1438.9,626.4,2493.5,9814.5,2518.2,9999.9,6599.4,7432.3,9999.9,5243.3,9814.5,3163.3,9941.9,8058.2,8505.9,9999.9,8799.2,1489.3,1904.3,1998.7,501.3,1546.5,3966.4,1075.1,9999.9,9999.9,5243.3,9999.9,8601.4,9999.9,9999.9,5712.9,6487.5,796.6,6274.8,5843.7,9999.9,5391.0,8143.9,8901.5,3357.6,7655.3,8143.9,9999.9,8231.5,9999.9,9999.9,9814.5,9999.9,9999.9,9999.9,9999.9,7811.5,8321.0,2080.2,9113.4,5137.8,7579.5,9999.9,1682.4,1015.2,945.1,2285.1,4725.5,3342.9,1163.4,952.1,393.1,312.4,878.9,3189.7,1213.2,690.9,714.7,489.1,397.0,386.0,1011.2,1359.7,544.0,777.9,513.7,375.8,1132.4,1998.7,527.2,645.4,2445.7,1611.6,619.8,1575.1,4093.7,3357.6,2009.2,7222.0,7579.5,2967.1,5036.4,3808.6,9999.9,6774.6,4725.5,3808.6,3086.8,1904.3,5507.4,9814.5,3827.6,1064.7,938.1,642.2,825.8,1814.0,4325.0,2461.5,9999.9,7732.6,9223.2,9335.7,9999.9,9999.9,6433.0,9999.9,9999.9,8058.2,9999.9,9999.9,7505.2,9999.9,6124.2,9814.5,6173.6,3966.4,7154.5,5888.7,7360.8,8505.9,6656.8,6487.5,8143.9,9335.7,3946.0,9941.9,9999.9,9999.9,4725.5,9999.9,9999.9,9690.2,9999.9,9999.9,9999.9,9999.9,9999.9,9999.9,9999.9,9999.9,9223.2,7579.5,5980.7,3966.4,6896.6,9999.9,9999.9,6543.0,9006.2,7360.8,9999.9,9999.9,9999.9,9999.9,327.7,93.4,351.0,270.8,833.0,190.4,1081.2,475.1,459.7,1179.5,1156.3,3313.9,352.4,2814.4,128.8,258.4,481.4,114.0,224.6,184.0,1061.7,1653.4,2743.8,1472.1,3628.1,5036.4,1159.8,2933.0,595.2,987.7,274.4,2333.9,2501.7,889.1,3734.3,2743.8,5003.4,1124.1,4845.1,3124.6,2399.7,8412.4,537.5,527.2,344.8,400.1,1024.8,2493.5,1331.3,3752.6,7154.5,3049.9,5003.4,7088.2,9999.9,3448.3
20260921_富山_5R,20260921,46,富山,5,189.0,397.3,297.9,259.3,204.2,114.4,153.6,208.8,209.3,372.9,294.4,524.7,115.2,214.9,765.0,431.4,808.0,969.4,1034.2,296.3,613.8,591.2,775.1,968.2,777.3,917.3,312.0,364.6,309.4,371.4,564.8,421.8,598.6,106.9,269.1,413.3,757.9,711.9,784.8,735.5,315.7,697.3,95.5,102.1,123.7,122.1,133.7,153.8,75.4,175.8,224.8,447.4,161.5,318.9,458.6,100.6,195.9,380.0,285.3,355.4,122.2,141.7,140.2,276.5,208.4,472.6,901.2,217.0,705.7,242.7,630.8,267.2,732.9,1810.4,298.3,1441.3,318.3,377.9,545.2,789.3,1477.7,292.6,1059.5,167.2,824.2,1611.2,2570.9,2426.4,1279.4,2108.2,1180.0,66.7,116.7,159.5,121.0,449.8,171.6,61.4,641.2,1775.1,2158.2,1763.7,3118.3,820.9,1139.0,108.1,171.2,273.1,73.8,538.1,84.8,424.4,219.0,136.1,260.7,354.5,442.1,161.8,184.5,316.2,239.9,482.1,864.1,334.6,942.6,306.1,64.3,79.4,101.0,326.6,176.9,174.8,61.2,403.8,528.0,308.4,1385.3,923.5,1197.2,257.0,860.5,1433.7,1109.7,2010.1,2384.0,2092.1,1156.7,707.0,556.3,576.7,976.3,1708.5,1571.1,723.8,688.6,1559.1,836.8,1636.9,2554.9,1562.1,1235.1,172.2,211.2,136.5,142.2,729.6,520.0,577.5,1047.4,468.9,992.8,1454.1,1105.2,913.2,886.6,897.2,311.1,1027.7,2253.0,474.8,2271.8,462.0,156.1,146.7,162.9,557.9,296.5,343.5,128.7,1355.5,1327.0,693.2,2645.5,1814.4,3060.1,764.3,2146.9,3475.1,1643.5,4080.2,5158.0,3661.2,2982.2,1640.2,1265.6,927.7,2181.1,4409.2,3254.4,1744.9,2035.0,3550.3,1763.7,3661.2,3832.3,3868.5,3677.6,725.7,656.6,322.6,493.7,2076.2,1310.1,2271.8,643.2,939.4,856.0,1324.9,1171.6,951.4,371.9,560.1,697.3,1096.4,1898.4,503.4,1748.6,204.5,945.9,889.5,757.2,2546.9,1565.1,2412.1,404.0,1493.8,1643.5,920.4,3677.6,2060.6,3694.2,765.7,2081.5,3886.8,3417.1,4457.2,3886.8,5735.1,1335.7,1426.3,842.0,1670.3,2005.1,3727.8,3083.1,667.3,2060.6,3504.8,3519.8,4184.3,6613.9,4249.3,1826.5,87.3,75.4,115.6,178.6,370.7,161.0,231.6,645.2,761.4,1135.9,950.3,1207.8,322.7,575.5,1342.2,1948.0,3361.1,3796.8,2163.9,4163.0,1592.4,1357.8,2065.8,1535.8,3320.3,4080.2,3710.9,1608.0,2637.0,4316.4,2412.1,4940.5,5775.5,4481.5,3886.8,2433.6,4531.0,4409.2,5325.4,5858.0,5858.0,2210.5,1838.8,2102.8,2770.6,3094.8,4020.2,4607.4,2908.2,1000.1,5504.1,4796.0,4556.2,5735.1,5695.3,4385.6,1174.9,1451.5,1636.9,2662.7,1310.1,3361.1,2971.4,603.0,995.2,850.7,1275.4,1151.8,1079.1,975.1,240.5,315.0,370.0,338.1,902.2,712.5,200.3,974.0,620.3,805.6,1583.2,1814.4,2546.9,838.5,1810.4,1017.5,1236.9,2271.8,5431.2,3710.9,1663.5,1767.5,854.2,1737.5,2198.7,4481.5,2789.5,935.1,1390.0,1627.2,2030.0,2531.2,4740.6,3628.8,2310.2,2470.2,3118.3,4633.4,5541.3,4293.8,7257.7,4385.6,880.9,352.5,1081.9,1469.7,648.8,2688.9,2092.1,723.2,726.4,852.5,915.3,598.1,1012.5,584.9,1469.7,4184.3,4881.7,3942.9,4910.9,2761.3,2789.5,1544.4,3868.5,3004.1,4040.0,4970.4,4227.4,2867.5,2789.5,6260.5,3694.2,6357.5,5986.3,6950.2,6777.8,2752.0,5291.1,5223.7,7322.5,7388.5,5775.5,3361.1,1331.3,5735.1,6030.3,5360.2,6722.3,6213.0,5579.0,2857.5,4385.6,5158.0,6613.9,4433.1,6075.0,5541.3,1186.8,2163.9,2808.6,5695.3,2035.0,5093.9,4506.1,71.2,126.1,226.8,56.3,211.9,205.1,80.3,55.1,94.0,178.5,35.5,298.7,52.2,267.4,129.1,122.0,97.1,87.2,580.0,329.6,494.9,314.5,284.5,159.0,161.1,948.1,544.2,865.1,22.5,20.6,35.9,53.6,164.0,58.4,80.5,401.8,655.5,879.9,1394.7,575.5,1530.0,1318.5,349.8,152.4,474.6,625.5,226.6,1261.7,918.3,373.1,829.2,1131.2,1443.8,462.3,1733.8,1401.9
20260921_富山_6R,20260921,46,富山,6,67.7,75.3,250.2,298.2,111.8,139.4,32.0,104.2,452.8,397.0,703.3,103.3,587.0,65.2,469.2,1038.7,2018.3,2372.5,1234.4,1562.8,470.0,524.1,763.2,1548.6,710.9,1152.5,2333.5,354.0,749.1,1128.1,2497.7,565.1,1745.3,3009.7,440.4,130.5,84.1,521.2,521.2,844.1,625.8,71.7,229.7,560.3,893.7,1976.2,2365.9,793.0,215.7,12.7,16.8,109.4,73.0,106.4,28.1,76.9,97.8,59.7,287.9,344.4,163.0,211.6,51.6,162.3,113.0,419.9,445.2,160.0,542.1,255.3,57.4,71.3,103.5,117.8,129.2,148.4,90.4,546.3,654.1,278.2,613.2,949.5,1308.3,706.2,921.8,949.5,516.2,525.4,1496.9,2440.5,1298.3,242.2,152.9,160.9,857.7,1110.4,699.2,294.4,260.3,417.9,135.1,841.6,1060.7,612.3,318.2,73.1,199.8,98.2,468.2,617.6,227.6,278.4,177.2,691.9,547.3,870.9,127.6,875.3,141.3,207.5,317.3,609.6,680.8,150.9,685.7,312.2,1731.1,1186.2,3108.5,3802.4,1020.0,4679.9,2801.8,1424.3,1186.2,2774.4,1252.5,648.7,2858.2,1653.8,1713.7,1356.2,3275.9,681.9,459.1,3998.8,856.8,47.2,46.0,251.3,162.8,181.1,285.5,70.2,1531.9,1007.9,3353.3,2999.1,5039.9,901.3,1647.4,141.8,255.8,995.0,582.5,612.3,138.8,996.1,1380.4,3031.1,3563.7,6981.5,2379.1,4323.5,2087.6,695.3,896.5,1347.7,1551.4,1132.6,1037.4,960.2,3166.3,1922.6,5069.9,7673.3,3086.0,9463.8,5794.1,6040.7,4075.3,7886.5,7039.2,9999.9,9999.9,8780.8,9999.9,5425.1,7537.5,6759.8,9999.9,8872.3,9999.9,3052.8,2379.1,2999.1,8111.8,9999.9,7471.4,5794.1,7039.2,1781.8,9359.8,9999.9,9999.9,9678.9,9678.9,2200.8,1781.8,5225.4,7537.5,9999.9,5131.0,8691.2,1644.2,2385.8,2013.5,2339.9,2653.4,4895.0,1419.5,1710.3,1901.2,1086.4,1816.0,2265.2,3226.3,2018.3,2581.0,2161.7,4758.3,3154.6,2052.4,6501.8,4134.6,5390.8,3490.7,5459.9,5193.5,8269.3,9999.9,6706.6,1958.0,1391.7,2077.4,3785.5,2447.5,5323.4,2612.7,2887.2,2820.3,1796.9,7471.4,4216.5,6706.6,3578.7,7814.1,3703.2,6924.7,9999.9,9999.9,9258.1,9999.9,1686.6,2302.0,3393.4,5640.7,3448.3,3448.3,8111.8,3226.3,4114.7,9359.8,2721.2,5495.1,7537.5,2379.1,3609.0,3379.9,2686.8,2265.2,5356.9,5162.1,5257.6,4654.3,3393.4,5874.1,3052.8,2783.4,9999.9,4390.4,9999.9,6654.2,9904.0,9061.1,9999.9,9999.9,9999.9,2241.4,1763.4,2406.0,3624.4,2967.7,5678.3,3190.0,5914.9,5356.9,2957.4,9999.9,4195.7,9904.0,7157.5,9463.8,5495.1,9904.0,9999.9,7814.1,9999.9,9999.9,3142.9,4758.3,4436.1,9999.9,4216.5,6127.6,9999.9,156.2,108.7,593.9,587.0,891.8,767.3,117.9,211.9,145.1,249.0,636.5,955.9,610.1,289.7,52.2,50.0,319.6,213.7,211.9,347.7,78.2,1796.9,1241.6,1294.4,3639.9,4679.9,4731.9,2712.5,1583.1,1337.1,896.5,3393.4,2454.6,3854.0,2134.7,2947.2,2295.8,1138.6,5716.4,1808.3,5459.9,3505.1,2150.8,1354.1,1419.5,4436.1,4436.1,5716.4,1660.3,182.5,310.5,217.7,1222.0,1039.9,1650.6,1010.3,625.3,1165.1,2379.1,2783.4,5459.9,1867.8,674.9,618.5,990.4,461.6,1738.2,2200.8,1446.0,792.3,2140.0,1686.6,5390.8,5100.2,8433.1,1944.6,3476.5,5257.6,1314.4,7673.3,7960.2,9158.5,8350.4,8872.3,8780.8,4017.6,7097.8,9999.9,9999.9,8111.8,9999.9,7673.3,4952.0,8872.3,9258.1,4530.5,9999.9,8691.2,3406.9,2385.8,2047.4,6759.8,5010.2,8691.2,3031.1,1018.8,1179.7,2283.5,4654.3,5566.9,7886.5,2636.9,21.7,27.3,165.8,106.0,142.8,42.9,122.0,64.3,163.7,114.9,436.3,540.1,205.4,296.2,97.7,204.2,846.6,713.3,897.5,149.7,840.8,843.3,870.9,2032.8,3074.8,4094.9,2140.0,3925.1,686.3,1096.1,1700.0,2783.4,1520.9,1738.2,3752.1,964.6,1999.4,1999.4,5100.2,1419.5,3366.5,5039.9,132.5,262.6,153.0,1048.9,918.8,1421.9,950.6,589.8,561.0,1483.8,2534.9,3802.4,4017.6,1463.4
20260921_富山_7R,20260921,46,富山,7,363.6,857.1,110.6,1159.8,333.5,411.4,210.5,431.0,1401.0,107.6,512.9,850.2,391.7,264.5,1768.8,2664.3,602.0,3445.4,2324.7,1645.0,869.8,20.4,29.0,133.1,123.7,46.5,14.3,12.8,1687.0,1163.6,3832.4,669.4,3846.4,1318.9,1892.2,393.8,907.9,1742.6,208.7,2007.1,723.5,593.5,351.6,388.0,773.2,88.4,648.9,606.5,236.5,138.4,181.1,243.6,39.4,687.3,334.4,169.8,857.1,1515.4,302.6,2309.5,641.0,997.8,431.5,1054.5,2082.2,814.9,953.7,943.5,3176.4,676.3,2483.0,3468.0,2705.2,5013.0,2471.4,6333.8,1553.2,246.6,536.3,1309.1,1678.9,356.6,1304.2,276.6,4231.0,2350.5,4764.6,3685.5,3176.4,8136.6,2962.9,413.0,616.7,1057.7,347.3,1421.7,1734.0,286.6,3537.6,6489.3,8964.0,4148.0,9999.9,5185.1,4021.9,396.6,511.2,545.8,324.5,1485.6,400.0,1663.1,652.1,1984.5,228.1,670.3,1187.1,774.9,366.1,764.2,1895.6,583.1,587.3,777.7,2754.5,406.2,3672.7,3610.1,3039.5,3711.4,5185.1,7664.9,1684.3,208.5,324.1,1345.7,297.7,633.0,1154.7,202.7,636.0,534.4,1671.0,258.4,1235.7,2217.5,234.1,1823.7,929.4,4068.3,1202.0,2691.5,4619.0,1294.6,2747.4,6222.1,9999.9,2798.3,6149.7,6258.9,3610.1,272.2,267.6,289.0,219.7,336.5,698.6,1370.1,2548.8,5369.3,1663.1,6652.5,3101.9,3215.0,1320.5,2448.5,4966.0,3468.0,7244.9,3597.8,8328.8,1760.0,7294.9,6044.3,5596.6,6868.5,7195.6,9999.9,3305.5,1895.6,3561.4,4068.3,6958.9,4115.8,7005.0,1211.6,9885.6,9999.9,7664.9,9999.9,9999.9,8530.3,7005.0,4425.7,4598.9,5596.6,5748.7,9999.9,9999.9,4389.0,8328.8,9999.9,9999.9,9999.9,9999.9,9999.9,9999.9,716.6,846.2,1373.7,724.9,2194.5,1725.5,2677.8,22.4,33.5,123.9,135.1,54.6,19.7,13.9,85.0,133.6,469.6,538.5,95.6,440.9,74.9,131.3,161.1,691.7,149.3,278.1,665.2,120.5,585.3,1141.0,1293.1,2078.1,1571.7,1937.2,397.3,880.0,1445.0,539.9,2494.7,1544.1,2299.4,927.8,209.7,101.1,286.0,1030.9,1025.9,1019.0,175.6,277.0,1259.2,1320.5,2335.0,2459.9,1771.7,771.5,36.6,57.5,80.0,81.3,338.1,139.9,283.9,6958.9,3791.2,9999.9,3074.8,9999.9,5567.1,3860.4,8136.6,3048.3,9999.9,7195.6,7777.6,9999.9,6333.8,2199.0,1980.8,3750.9,1550.9,4317.3,4829.9,1443.0,9999.9,9999.9,9999.9,9999.9,9999.9,9999.9,9197.9,3295.2,7396.9,1885.4,9999.9,9999.9,9999.9,3647.4,9999.9,7720.8,8199.6,9999.9,9999.9,9999.9,9999.9,9999.9,9999.9,9999.9,9999.9,9999.9,9999.9,9999.9,5717.6,6079.0,2431.6,6652.5,4829.9,9885.6,9999.9,850.9,2078.1,1902.4,597.9,3888.8,1614.9,1227.1,520.0,844.1,1332.1,324.9,1569.3,1642.4,386.0,2644.4,1581.1,4389.0,1717.1,3336.7,5942.4,1980.8,4084.0,3423.1,6222.1,4370.9,7555.4,9999.9,3610.1,573.0,428.4,1028.9,2212.8,3234.7,2145.5,723.9,8530.3,3818.6,4680.3,8074.5,6529.3,9999.9,5976.0,5909.2,7195.6,9278.6,9999.9,6149.7,9999.9,6569.9,1560.1,785.8,1919.7,1995.7,983.9,4701.1,4352.9,3083.8,3315.8,3647.4,757.1,5509.1,4639.3,1811.2,5452.3,9999.9,9999.9,6780.5,9999.9,9885.6,8394.9,5686.8,9999.9,9999.9,6010.0,9999.9,9999.9,9999.9,9444.2,9999.9,9999.9,9999.9,9999.9,9999.9,9999.9,996.9,5780.1,5288.8,9999.9,9999.9,7835.2,3777.7,9999.9,9999.9,9999.9,9999.9,9999.9,9999.9,9999.9,9999.9,9999.9,9999.9,9999.9,7051.7,9999.9,9999.9,2189.9,7005.0,8136.6,9197.9,4659.7,9999.9,9999.9,130.5,176.1,120.0,43.3,704.7,315.5,188.7,179.7,214.2,151.7,155.5,770.9,180.6,810.5,180.4,185.9,168.1,153.5,280.4,437.9,951.2,83.4,101.3,103.4,77.4,493.8,229.2,451.0,39.7,88.9,103.7,89.1,528.6,183.2,345.6,1926.7,1634.8,797.7,1296.2,1406.5,3166.9,4021.9,616.7,255.0,758.2,622.9,426.5,2329.8,2592.5,980.3,2115.5,2409.4,1665.7,1197.9,4942.8,3711.4
20260921_富山_8R,20260921,46,富山,8,390.6,1609.9,735.8,1330.5,703.2,506.3,686.1,400.9,820.9,740.6,1437.9,1446.9,540.6,820.9,2500.1,1307.9,2673.3,4968.1,3251.5,2009.6,3583.8,854.2,952.7,2269.7,1583.5,1574.9,628.0,514.2,2468.1,2560.9,4705.5,2357.5,4240.1,1572.7,2844.1,952.7,2310.5,2983.4,2052.4,3770.5,1378.0,2769.3,309.5,379.7,955.8,294.7,510.1,468.6,437.1,871.0,1003.0,2717.2,698.1,2009.6,2196.5,861.9,244.7,764.0,270.6,486.7,274.9,232.4,268.1,142.3,242.4,153.9,293.1,147.4,374.4,189.3,1001.3,401.0,915.7,1583.5,828.6,1630.3,1232.7,160.2,196.7,610.8,235.0,126.4,386.7,65.1,449.1,544.7,1543.4,344.3,368.5,901.5,412.9,88.3,121.5,426.6,76.0,151.3,293.2,105.1,169.9,626.0,1401.4,448.3,861.2,470.9,655.4,212.2,290.3,862.5,108.8,362.5,225.2,583.4,79.0,148.6,112.5,216.1,251.2,91.7,127.0,36.6,71.7,38.1,98.1,42.1,121.5,52.7,78.7,62.7,66.7,124.3,153.0,158.7,116.4,65.8,46.1,83.5,133.8,104.8,146.4,21.0,177.2,158.5,244.4,156.0,288.3,378.9,177.4,278.8,81.8,338.8,165.6,370.8,347.6,248.4,60.9,193.7,258.1,158.3,359.7,293.3,289.3,112.0,97.3,192.9,42.0,206.0,219.8,313.7,2030.8,1260.9,1658.4,3424.7,2151.6,1200.7,2613.0,1300.6,687.3,1310.9,2601.2,1459.7,1778.1,1825.8,441.9,337.5,368.8,676.5,756.5,733.1,578.2,1269.2,1236.7,740.6,2723.6,2613.0,2516.4,654.3,4705.5,4593.5,2362.3,4724.7,7189.8,5190.8,6291.1,2329.1,1992.3,2030.8,3046.2,6190.2,4178.9,4803.1,688.2,2723.6,1876.1,2269.7,5538.6,4119.4,4061.6,1634.9,1778.1,1230.1,1045.6,4648.8,4178.9,4368.1,437.4,642.7,1072.8,789.6,761.0,534.4,268.1,265.0,305.6,855.5,384.9,275.4,606.0,107.5,347.3,250.0,409.6,678.1,567.4,762.5,152.4,1118.4,1187.2,748.2,2595.4,2589.6,2583.8,589.0,1294.8,959.8,1430.8,3086.8,1585.7,2059.7,370.7,740.1,375.2,963.8,2532.9,1184.8,1309.4,281.4,319.6,680.9,1040.0,2315.1,1259.5,1222.3,309.4,75.0,54.5,102.4,296.3,84.6,109.1,171.5,2127.8,2274.2,4925.8,2324.4,3937.3,1870.0,2324.4,1236.7,1213.3,3070.4,1130.4,1232.7,2421.6,1338.2,1531.1,1194.6,1694.8,1465.2,2595.4,2991.1,1568.5,5334.4,4521.7,3022.3,5099.4,7983.2,7565.8,7145.4,1814.3,1389.6,2127.8,4504.1,2538.5,3279.2,751.1,4271.4,1730.2,4593.5,7821.4,3062.3,5592.1,3698.3,1519.1,3374.8,4019.3,6973.3,3365.0,5512.2,4148.9,2127.8,1717.4,2070.7,5905.9,1074.8,2930.5,4163.9,855.5,1982.1,1840.3,1623.5,2809.6,1312.4,1717.4,223.6,273.1,840.0,165.7,331.9,504.8,278.1,1529.1,523.3,1709.8,1140.4,2642.8,2048.7,1720.0,3297.9,2139.6,2489.3,3910.7,6652.6,5384.0,6430.9,1316.9,537.1,1445.1,3062.3,1663.1,1958.6,461.3,4019.3,1570.6,4435.1,7983.2,2572.3,5966.8,3594.9,780.0,1172.8,2865.2,4823.2,1791.9,4090.3,2510.9,1772.6,905.7,2315.1,5486.1,910.0,2436.9,3197.7,95.7,194.9,259.0,60.9,109.5,131.8,116.7,132.7,535.9,1743.3,278.3,543.2,530.0,466.7,202.3,463.5,1050.4,442.3,1017.1,978.5,803.3,611.8,2163.6,1474.6,1527.1,3782.9,2908.4,2775.9,172.2,492.7,790.6,1529.1,985.1,898.0,241.9,526.1,1583.5,2027.2,3977.8,1445.1,2292.2,1858.0,417.5,671.0,1814.3,2607.1,1092.0,1861.0,1499.4,413.8,1006.5,1365.0,3103.4,523.0,1609.9,1594.4,696.4,915.7,2059.7,490.4,1533.2,1583.5,860.6,420.3,478.9,1463.4,224.2,711.9,541.9,1266.4,584.3,476.9,970.3,269.8,1042.8,1210.8,1531.1,2618.9,2583.8,1672.7,1254.1,4968.1,4368.1,5099.4,129.7,87.5,151.2,489.2,154.7,199.3,356.2,1761.9,1194.6,1378.0,4271.4,666.0,2376.9,3365.0,1448.7,797.2,1922.8,4335.4,688.6,2234.6,2858.1,988.5,1653.6,2171.7,4047.4,979.3,3137.0,2730.1
20260921_富山_9R,20260921,46,富山,9,221.6,149.9,54.2,98.6,234.6,180.3,39.9,451.5,623.0,256.8,444.0,747.4,267.3,350.6,201.0,359.5,121.4,82.2,445.8,338.8,199.5,23.0,55.5,40.4,28.4,106.3,53.0,19.1,74.9,205.5,63.1,63.9,248.4,142.9,80.8,586.2,946.7,970.0,519.7,737.2,1076.9,334.6,223.4,152.1,351.6,144.0,219.2,559.0,181.6,48.9,180.9,183.0,64.6,119.3,84.5,171.5,543.6,415.9,161.1,295.4,499.3,426.7,120.4,1253.9,2769.3,1938.5,1566.2,2193.8,1479.9,725.9,914.5,2537.5,1682.0,594.5,1871.0,1919.6,548.9,295.9,1221.5,1360.7,847.0,1061.4,1177.7,339.2,344.7,1011.5,333.9,612.0,606.0,539.7,166.4,1127.2,1836.1,1762.2,1378.1,1122.9,1749.2,237.7,745.5,962.1,1649.2,1138.1,890.4,1481.8,452.8,91.1,283.4,231.4,165.8,132.6,38.6,256.4,1397.7,2134.4,834.5,1613.2,2360.2,838.0,1283.9,1617.6,3359.3,2627.7,2134.4,3195.9,1895.0,1206.6,2743.6,3397.9,3742.0,2004.2,4673.8,2621.9,3312.3,1292.3,2360.2,3877.0,3477.9,3540.4,1600.1,2011.0,1951.3,2795.4,2197.9,3293.8,3851.7,1689.2,1847.6,3275.6,3941.6,5186.3,3753.9,5075.0,2971.0,2775.8,484.0,564.4,1040.0,530.9,704.7,978.8,389.2,1519.9,1570.3,2510.6,1853.4,1778.1,1276.9,1186.0,500.6,987.0,256.5,225.2,973.2,839.2,497.8,865.6,2042.3,1775.5,679.2,2323.1,1997.4,529.3,2374.4,3001.2,3672.3,1478.1,4331.4,2379.2,2374.4,481.4,1351.4,1980.7,617.4,2413.2,1723.7,1348.3,158.7,252.2,413.0,340.3,607.6,394.5,212.3,2802.1,4091.6,4134.5,4989.4,2645.4,5424.2,2060.0,1438.5,2239.5,1749.2,2724.6,894.4,3638.4,1910.3,953.6,877.8,1916.5,1744.0,673.4,1010.6,2231.1,68.5,146.1,110.6,97.7,210.2,156.3,58.7,288.6,1557.9,1493.0,1309.5,1419.5,1293.7,404.5,764.3,2177.7,2788.9,2189.8,3349.8,1381.4,1682.0,472.2,1479.9,2256.6,703.4,3303.0,1874.0,1736.4,376.1,1234.3,1948.0,845.2,2206.1,1967.5,997.8,1454.4,2926.9,3572.4,5326.5,4395.8,4193.2,1759.6,561.7,1013.2,785.1,1891.9,1587.2,2963.6,847.6,288.9,432.9,1107.2,1498.7,1059.5,601.7,1116.6,134.1,382.8,128.4,85.3,398.8,271.3,145.9,215.9,611.1,229.1,481.8,429.6,443.8,74.4,767.3,900.6,752.2,1270.1,1613.2,939.9,603.9,124.3,176.9,316.9,237.4,443.8,315.8,133.0,286.5,632.6,1144.7,525.3,1247.3,1251.3,496.2,1060.5,1018.5,2142.2,1117.6,1500.6,2202.0,516.8,473.7,577.1,357.4,453.0,885.7,1171.9,523.2,229.2,175.6,504.2,255.5,376.8,144.5,488.4,2627.7,3672.3,2126.7,2210.2,3284.7,3730.2,1481.8,2384.0,3397.9,3627.2,2815.4,4035.8,3349.8,688.2,4238.3,5577.8,6680.7,4711.1,6391.8,4826.5,3016.5,4223.1,5825.0,7210.3,8269.1,4846.2,9026.6,4223.1,2633.6,4428.8,4077.5,8269.1,6095.3,5712.5,2532.1,4022.0,4729.9,5399.5,4253.5,5499.9,5031.8,2231.1,4513.3,5499.9,4363.4,8631.3,6095.3,5604.2,2157.8,1219.0,554.1,1775.5,1948.0,1411.0,1449.1,1587.2,281.6,214.8,564.9,196.9,329.2,804.9,247.9,439.0,426.8,1001.2,669.9,604.5,1065.3,248.0,153.7,167.5,407.6,213.0,210.2,421.7,137.9,1001.2,1428.1,1047.3,1644.6,613.3,2384.0,1180.1,363.1,542.4,400.9,1021.1,804.4,1283.9,497.6,368.1,453.2,352.2,406.3,660.2,979.6,373.2,2092.9,2017.9,1337.6,3275.6,2202.0,1938.5,919.5,415.6,261.8,281.3,939.2,474.3,535.7,303.2,170.2,610.1,644.7,238.2,470.1,272.0,526.4,114.4,317.1,334.0,182.0,234.4,54.6,310.4,1274.2,903.3,2189.8,1667.8,1531.7,866.9,1234.3,1193.2,847.6,2463.5,1916.5,911.0,1120.8,2443.1,412.0,495.8,1278.3,1587.2,1204.1,629.6,1399.4,555.4,420.6,1101.0,677.2,1000.4,436.8,968.4,367.5,139.3,525.5,712.3,419.6,456.0,613.0,694.3,487.4,679.9,1749.2,824.0,1219.0,679.5
20260921_富山_10R,20260921,46,富山,10,49.4,28.3,165.5,202.2,29.8,199.1,104.9,70.3,37.8,96.6,240.1,79.7,244.1,104.2,15.4,14.0,47.5,52.9,14.2,65.6,29.3,289.8,113.0,122.1,697.2,272.5,694.0,401.0,425.5,347.3,175.6,703.5,401.0,832.7,195.0,55.6,85.2,46.6,230.9,301.7,338.7,157.8,245.6,249.4,86.0,624.0,736.3,305.5,352.1,152.4,120.3,77.2,333.1,184.4,166.1,383.6,89.3,60.5,230.6,325.1,41.3,305.8,163.6,157.9,448.1,377.8,501.5,132.7,1393.7,333.5,327.0,744.5,1866.4,1912.5,496.3,2693.1,1199.2,667.8,541.1,1787.3,2148.7,531.0,2824.2,1071.8,938.8,1113.8,2103.2,2320.6,715.1,3693.2,724.8,37.4,62.7,167.6,177.1,194.1,403.8,96.3,864.8,2894.7,3635.4,4477.0,5706.4,1268.0,3171.6,267.3,373.3,897.1,786.2,563.7,217.2,1789.6,130.0,114.1,143.8,325.9,139.4,467.7,181.6,164.5,561.4,346.7,427.4,166.4,1384.0,338.9,398.7,1121.0,1026.8,2413.1,980.5,2925.1,1272.7,139.6,243.5,443.7,419.6,232.8,954.9,294.3,647.9,990.3,1955.5,885.7,1145.9,3404.3,515.8,234.3,212.8,695.8,410.1,604.8,1647.7,398.8,1175.9,2784.7,3579.3,2175.5,5314.3,2740.8,3355.0,327.4,467.5,916.0,527.8,516.8,524.2,1961.0,190.2,171.6,388.2,511.3,179.4,525.4,279.4,536.3,1482.8,3080.4,3339.0,1064.4,3867.6,2023.7,572.7,1876.5,2367.9,4310.7,1766.9,6243.7,2522.3,1533.4,5118.9,2994.3,6825.3,4491.4,8812.4,4834.5,2128.9,6357.8,6416.4,8048.3,5525.2,7214.3,3588.5,693.7,1505.2,1708.4,3412.6,3607.1,4491.4,2677.6,1541.9,7911.1,6726.3,9471.8,8868.5,7032.1,8238.8,972.3,2900.7,2672.4,4337.5,3245.6,2779.1,6759.0,650.0,322.6,392.7,1560.9,856.8,1405.0,1048.4,1110.3,845.9,2396.4,2900.7,993.8,4001.0,1403.5,233.9,444.2,757.5,698.6,384.3,1575.0,558.5,1340.0,4001.0,2116.0,6133.7,3516.0,7214.3,4193.8,3404.3,5156.9,2347.9,6215.9,4392.3,9160.2,2818.5,1384.0,1283.2,892.5,3107.9,3404.3,5460.2,2455.6,3763.1,6759.0,4095.1,7692.6,9736.8,8095.1,7367.0,1755.8,1861.4,1373.1,3693.2,2545.4,2807.1,6598.8,946.5,701.7,581.1,1328.5,1008.9,1755.8,455.0,1521.7,1657.5,3507.2,3867.6,1566.2,5777.4,1056.4,953.0,1782.7,2784.7,1596.7,1904.7,5438.9,812.8,1912.5,5481.7,4550.2,7289.8,5044.7,8190.3,3060.1,3283.8,5729.8,2912.8,6446.1,5396.7,9945.4,2975.1,1673.5,1444.3,2178.9,3178.9,3878.4,5899.8,1429.5,4181.2,8757.0,8002.0,7067.8,9999.9,8438.5,5008.5,375.6,693.7,503.9,1349.1,939.5,814.7,1829.6,141.9,271.6,245.3,674.2,854.7,1032.1,469.7,80.7,116.4,332.0,313.1,323.8,719.5,189.7,335.0,265.9,884.0,600.4,1023.0,2328.3,657.3,697.9,1158.3,1598.5,3498.4,3773.3,5525.2,2559.4,1159.3,878.4,752.6,3073.6,2597.6,4735.9,2264.0,1476.5,1051.6,1659.5,3625.9,3046.7,5591.8,1328.5,2687.9,2943.6,4902.6,7526.2,7956.3,8925.4,6133.7,833.2,518.7,998.1,1980.6,2056.6,1508.5,3597.8,915.4,952.3,401.3,2000.5,2477.5,1017.8,1304.9,1894.3,5683.1,5614.3,7032.1,7526.2,2956.1,4580.1,2062.7,5850.2,6476.1,5294.1,7956.3,5417.7,6027.5,1545.3,6133.7,6476.1,6536.9,8594.8,5777.4,6386.9,6106.8,9160.2,6160.9,9999.9,9999.9,9344.7,9736.8,6106.8,9999.9,9999.9,9999.9,9999.9,9999.9,6243.7,2937.4,4688.0,6357.8,7485.8,8095.1,9999.9,7735.3,2564.2,4902.6,5547.2,7032.1,7911.1,5063.1,7735.3,248.1,231.8,168.8,633.4,334.3,263.5,648.2,348.7,491.4,971.6,971.6,653.9,272.2,2249.3,340.5,539.6,1071.8,735.1,644.6,594.5,2242.1,702.1,1638.0,1675.5,3040.0,2078.1,1613.3,4324.1,1244.2,1511.7,897.1,2962.4,1920.5,2017.9,4506.0,292.5,527.6,388.9,1036.7,796.0,601.7,1442.8,530.6,446.8,759.6,1436.9,1704.2,1009.6,3215.6,1263.4,3793.9,3783.5,4920.0,5637.1,3804.2,4297.4
20260921_富山_11R,20260921,46,富山,11,315.0,221.7,861.4,823.6,254.6,827.5,424.6,300.2,206.2,573.3,625.8,136.6,243.0,350.1,265.0,161.4,595.4,137.5,115.5,360.4,299.4,1369.2,953.5,1168.5,2403.9,764.2,1820.7,607.9,1619.0,1134.1,411.2,2419.1,800.3,1423.2,1362.5,158.5,97.0,99.4,343.2,376.0,283.5,162.6,1263.8,469.9,826.0,1806.9,1551.2,682.6,971.8,456.3,441.8,479.5,440.8,954.8,323.0,678.7,404.3,266.9,1199.4,943.2,301.9,976.7,540.3,430.7,497.4,1743.8,1846.5,588.8,901.2,1125.6,144.0,304.8,876.3,177.7,208.9,625.1,299.1,1757.6,2782.1,2265.7,5607.3,2173.6,4660.1,1774.3,1474.3,3257.9,840.7,6421.8,2557.2,4421.1,2878.5,277.0,505.6,266.7,1366.0,1243.1,1422.9,677.1,1655.5,1777.1,1965.5,4857.0,4507.8,2809.3,2598.7,587.9,1323.5,602.1,1192.0,1850.0,980.6,1911.5,191.5,97.1,334.3,283.8,77.6,108.7,176.9,238.6,255.0,956.5,1066.4,337.6,395.6,596.0,69.0,256.9,390.5,115.8,91.2,137.5,208.2,567.2,1309.4,911.9,1992.7,643.9,797.6,577.5,541.5,1948.8,419.1,2232.0,819.3,865.8,1233.1,53.3,200.1,82.0,303.2,312.3,96.4,146.5,73.1,236.2,126.8,405.2,389.4,99.7,174.4,220.8,549.3,334.0,419.3,836.1,280.5,295.6,189.3,90.3,396.4,53.3,77.8,182.7,147.7,122.1,255.4,703.5,138.4,179.1,509.2,252.3,90.2,352.2,505.0,130.9,123.7,225.1,282.6,784.6,1719.9,1035.4,825.0,972.7,1958.8,763.8,44.3,170.3,117.8,365.4,107.3,177.3,140.5,67.3,213.2,109.7,451.5,102.2,316.1,214.6,492.2,1255.6,671.5,2074.9,553.1,892.5,992.6,259.4,486.2,533.7,682.8,315.4,439.0,740.4,1688.7,1183.2,1305.0,3210.9,1003.4,2392.3,833.4,1894.2,2872.5,2602.6,6310.1,2457.0,5264.9,2071.1,1076.9,2435.3,1971.7,4490.2,1205.3,2002.6,1284.3,1271.8,2345.9,1871.1,1644.1,1770.2,3032.9,1314.7,4796.2,8299.6,6815.2,3474.5,5584.6,6931.6,5005.0,846.8,1931.9,1130.4,1687.1,4035.7,2703.6,805.1,3088.6,5987.0,2788.9,5189.6,8309.6,4164.8,2754.4,414.5,1065.5,806.5,831.1,1914.7,569.2,1314.9,2975.4,1444.4,453.6,4073.8,1053.1,2070.5,2026.7,3379.2,5008.7,1878.2,8411.0,5839.9,7646.3,7392.3,1553.0,5236.9,933.1,6119.8,2109.1,3030.3,3385.8,221.7,947.3,454.6,1164.0,410.1,709.1,688.8,6230.3,9796.9,8610.5,3392.5,7909.4,9632.7,7275.3,1075.9,4635.0,2126.7,691.2,5513.2,3524.2,3273.3,3823.1,8210.7,4472.7,1993.3,9592.5,6050.0,6044.7,3194.5,7891.3,4657.0,2264.2,6103.5,4961.8,6362.5,73.5,46.4,42.0,161.2,162.7,115.1,72.1,98.6,175.5,94.3,458.6,438.4,464.5,208.5,38.8,126.0,61.0,234.1,271.8,61.5,100.6,35.1,103.8,65.2,273.8,52.8,178.3,112.7,298.5,690.5,464.7,559.6,1617.5,988.8,178.7,344.0,951.0,669.8,233.9,1647.2,1000.4,811.5,245.1,711.2,202.2,390.1,1039.4,941.1,434.7,102.2,239.9,173.9,176.0,149.9,563.7,343.0,1646.4,535.2,1168.1,2611.5,2398.1,922.5,1468.0,2045.3,1763.0,2897.9,5517.6,6287.1,3173.9,3443.3,244.3,624.9,427.3,1060.1,1143.4,335.7,542.6,1284.3,2970.2,1056.2,4210.6,1721.2,1911.0,2434.5,3618.5,6292.9,2585.0,5925.2,9147.2,4961.8,3870.3,4236.5,9063.1,3424.5,2487.2,9619.2,6676.6,6849.0,859.0,2414.0,553.3,1567.5,3309.5,3628.1,1639.8,1755.4,3508.1,1329.1,2640.5,3306.3,5325.8,2020.8,486.7,503.9,477.0,399.1,1002.4,389.3,728.3,484.0,1199.9,686.4,976.7,2014.3,947.9,1791.4,471.1,1122.3,796.8,747.0,1894.7,516.7,836.0,505.9,869.0,857.3,869.6,852.7,719.6,1417.3,291.0,649.1,638.5,627.4,1455.9,456.7,942.6,1958.2,3972.9,3187.1,2056.9,3084.5,3698.1,4438.2,340.7,786.7,481.8,625.8,489.9,1790.0,1051.5,1178.9,2616.4,1406.6,2216.2,1959.9,3668.6,1664.7
20260921_広島_1R,20260921,62,広島,1,1650.8,1271.4,1421.5,4760.5,2225.0,,,760.9,165.7,66.4,882.3,380.4,,,538.6,480.5,383.3,2658.4,399.8,,,560.8,77.3,283.9,1013.3,215.9,,,5848.6,2380.2,5686.1,3790.7,4652.3,,,1279.3,565.4,454.8,283.5,3055.2,,,,,,,,,,,,,,,,,4013.7,2225.0,2693.4,8529.2,2966.6,,,3529.3,2047.0,930.4,5386.8,2201.0,,,1329.2,1118.5,796.5,4992.7,447.9,,,1505.1,755.3,922.0,4873.8,901.7,,,9304.6,5386.8,6020.6,6020.6,9999.9,,,2496.3,1968.2,595.0,1049.7,9747.7,,,,,,,,,,,,,,,,,645.7,114.6,48.4,486.2,257.8,,,2352.8,1287.4,478.2,1705.8,1441.5,,,132.3,548.7,85.6,1088.8,266.8,,,14.5,56.0,20.2,65.1,20.9,,,812.3,2558.7,1895.3,348.7,1574.6,,,302.8,775.3,198.3,71.6,852.9,,,,,,,,,,,,,,,,,269.6,289.1,260.4,2300.0,289.9,,,173.6,189.3,164.8,1624.6,108.3,,,194.9,401.3,117.1,1441.5,230.0,,,193.8,131.1,108.5,1346.7,112.7,,,6396.9,4760.5,4264.6,4652.3,3862.3,,,173.9,49.4,125.7,93.5,1183.2,,,,,,,,,,,,,,,,,267.5,36.5,120.4,452.8,57.7,,,361.6,159.1,199.3,2408.2,191.4,,,9.2,21.1,15.3,47.6,7.4,,,143.7,71.1,63.2,805.9,55.6,,,1083.0,1176.4,386.2,1664.2,842.3,,,55.3,60.0,21.4,26.9,351.7,,,,,,,,,,,,,,,,,9747.7,4177.5,9999.9,8188.0,8188.0,,,8529.2,6603.2,9747.7,8188.0,9999.9,,,3591.2,6203.0,5248.7,1183.2,7310.7,,,9747.7,7058.6,6603.2,8529.2,9999.9,,,4992.7,8900.0,1083.0,6203.0,3591.2,,,9999.9,8900.0,9999.9,9999.9,5117.5,,,,,,,,,,,,,,,,,1100.5,469.5,409.4,281.5,3355.7,,,1163.0,747.0,256.1,368.8,6203.0,,,273.3,451.8,154.1,75.9,974.7,,,169.0,44.2,81.6,61.8,1049.7,,,133.0,108.9,42.9,58.0,890.0,,,6823.4,7581.5,4355.3,4094.0,2047.0,,,,,,,,,,,,,,,,,,,,,,,,,,,,,,,,,,,,,,,,,,,,,,,,,,,,,,,,,,,,,,,,,,,,,,,,,,,,,,,,,,,,,,,,,,,,,,,,,,,,,,,,,,,,,,,,,,,,,,,,,,,,,,,,
20260921_広島_2R,20260921,62,広島,2,113.3,486.0,203.6,2140.1,354.9,,,77.5,36.7,24.6,545.2,254.2,,,551.5,123.6,167.7,1575.7,885.1,,,38.1,10.3,36.9,114.5,92.9,,,3497.3,2312.7,3117.1,937.1,3050.8,,,869.0,1039.0,2048.4,955.9,5974.6,,,,,,,,,,,,,,,,,155.0,869.0,277.8,3334.6,679.5,,,177.6,486.0,468.5,3334.6,750.7,,,1463.1,901.8,1558.5,4480.9,1378.7,,,232.0,551.5,1094.5,1862.2,533.0,,,9999.9,5974.6,4944.5,5310.7,9559.4,,,575.8,585.2,828.8,775.0,2926.3,,,,,,,,,,,,,,,,,57.3,22.2,9.8,412.0,168.1,,,119.9,224.3,222.3,2206.0,329.6,,,18.2,74.9,17.0,396.1,130.9,,,11.2,77.8,25.8,274.6,180.1,,,2312.7,4779.7,1937.7,1991.5,5310.7,,,783.5,679.5,571.2,848.4,3584.7,,,,,,,,,,,,,,,,,1493.6,234.2,361.1,3258.8,2019.5,,,1509.3,1046.6,1792.3,7546.8,1525.4,,,102.7,366.7,98.2,1352.7,562.3,,,303.1,1165.7,241.3,2472.2,1419.7,,,9999.9,9999.9,5121.1,9999.9,8434.7,,,2560.5,1727.6,1667.3,3117.1,9999.9,,,,,,,,,,,,,,,,,27.3,6.8,19.5,86.0,53.9,,,113.6,367.6,508.4,1792.3,425.4,,,13.8,104.3,33.7,266.0,237.7,,,75.4,446.7,104.4,626.1,607.5,,,494.4,2926.3,1165.7,1964.2,2472.2,,,204.8,1111.5,982.1,1280.2,2867.8,,,,,,,,,,,,,,,,,9999.9,5310.7,9999.9,1748.6,9999.9,,,7966.1,9559.4,9559.4,8434.7,9999.9,,,5121.1,8961.9,8434.7,5974.6,9999.9,,,9999.9,9999.9,9999.9,9999.9,9999.9,,,1648.1,9559.4,5735.6,9999.9,9999.9,,,9999.9,9559.4,9999.9,9999.9,9999.9,,,,,,,,,,,,,,,,,2515.6,2515.6,4345.1,2867.8,9999.9,,,1246.8,1236.1,1215.1,1509.3,5121.1,,,1770.2,1792.3,2019.5,3050.8,8961.9,,,3186.4,2472.2,2655.3,5515.0,9999.9,,,2389.8,2430.3,2472.2,3875.4,5310.7,,,9999.9,9999.9,9999.9,9999.9,9999.9,,,,,,,,,,,,,,,,,,,,,,,,,,,,,,,,,,,,,,,,,,,,,,,,,,,,,,,,,,,,,,,,,,,,,,,,,,,,,,,,,,,,,,,,,,,,,,,,,,,,,,,,,,,,,,,,,,,,,,,,,,,,,,,,
20260921_広島_3R,20260921,62,広島,3,640.0,251.4,507.1,478.9,1242.1,,,629.0,345.6,588.6,1242.1,605.6,,,153.4,254.4,245.9,321.4,358.3,,,828.0,823.4,688.1,1593.1,1308.6,,,842.3,1610.6,852.1,1526.7,3408.6,,,1369.8,1054.4,1211.3,842.3,3053.5,,,,,,,,,,,,,,,,,600.7,363.7,538.8,565.9,1093.8,,,436.2,204.9,221.4,380.7,189.8,,,382.6,406.0,814.2,681.7,882.9,,,788.0,324.9,964.2,697.9,536.8,,,570.3,424.8,523.4,437.5,775.5,,,1231.6,265.5,837.5,388.7,1308.6,,,,,,,,,,,,,,,,,189.3,103.6,197.2,344.0,266.0,,,156.9,99.6,78.0,168.2,92.2,,,21.8,53.0,46.9,97.5,38.5,,,129.0,64.3,79.0,149.4,18.4,,,493.5,237.9,210.5,244.2,268.4,,,61.5,31.4,19.5,5.9,89.8,,,,,,,,,,,,,,,,,113.0,99.4,191.8,241.8,153.1,,,266.0,296.1,640.0,572.5,561.5,,,38.6,91.5,75.4,172.2,60.3,,,531.0,574.7,240.6,970.6,386.7,,,691.3,697.9,458.0,1495.6,1054.4,,,354.0,442.8,156.9,315.2,916.0,,,,,,,,,,,,,,,,,809.7,718.4,867.2,1610.6,1145.0,,,722.0,228.3,837.5,711.5,369.1,,,239.1,132.8,190.1,269.9,46.3,,,796.5,800.9,372.9,1423.0,557.3,,,1646.8,951.7,623.7,1879.1,837.5,,,442.8,193.3,39.6,360.1,410.5,,,,,,,,,,,,,,,,,857.1,921.8,814.2,1559.2,2093.8,,,581.6,319.3,450.9,747.8,732.8,,,263.6,161.4,139.1,440.1,294.9,,,274.4,257.1,197.8,888.3,767.3,,,1744.9,1077.7,763.3,1480.5,939.5,,,1593.1,964.2,565.9,1163.2,759.4,,,,,,,,,,,,,,,,,1211.3,553.1,888.3,603.1,2035.7,,,697.9,176.5,805.3,240.6,1221.4,,,102.4,48.4,38.3,7.8,131.1,,,480.5,445.5,145.5,317.2,1003.9,,,287.9,131.3,18.9,216.1,290.8,,,1684.7,1285.7,553.1,1480.5,725.6,,,,,,,,,,,,,,,,,,,,,,,,,,,,,,,,,,,,,,,,,,,,,,,,,,,,,,,,,,,,,,,,,,,,,,,,,,,,,,,,,,,,,,,,,,,,,,,,,,,,,,,,,,,,,,,,,,,,,,,,,,,,,,,,
20260921_広島_4R,20260921,62,広島,4,2036.8,1009.7,1373.6,5136.3,1125.1,,,3691.7,3937.8,2953.3,5136.3,4375.3,,,1073.9,3375.3,2461.1,4725.4,1618.2,,,1712.1,2625.2,2625.2,6949.1,2881.3,,,8438.2,8438.2,6563.0,8438.2,9999.9,,,1230.5,5136.3,1936.6,2812.7,9999.9,,,,,,,,,,,,,,,,,450.8,166.1,276.0,1027.2,201.9,,,125.2,61.0,49.4,276.6,78.2,,,40.3,48.0,26.9,260.2,8.8,,,80.6,46.4,38.8,136.2,36.5,,,843.8,354.7,378.6,224.1,256.8,,,32.9,33.7,3.0,19.1,124.8,,,,,,,,,,,,,,,,,3474.5,2513.5,1968.9,5369.7,3810.8,,,557.2,306.8,375.0,1763.2,461.4,,,757.2,435.9,1073.9,3937.8,984.4,,,1640.7,584.8,945.0,1373.6,930.2,,,5906.7,3281.5,4922.3,2316.3,5625.5,,,3108.8,715.9,875.0,1217.8,7875.7,,,,,,,,,,,,,,,,,281.9,1001.1,711.6,1687.6,442.4,,,97.2,125.6,95.5,570.7,29.0,,,554.6,286.7,581.9,2747.3,482.1,,,621.7,184.2,423.4,1554.4,247.6,,,4219.1,1905.4,4725.4,2461.1,3474.5,,,159.8,37.4,259.6,165.4,984.4,,,,,,,,,,,,,,,,,1073.9,1817.4,1373.6,3691.7,1596.4,,,399.1,211.3,136.7,549.4,111.1,,,1169.6,421.9,584.8,1284.0,504.8,,,908.7,241.5,567.9,1640.7,339.4,,,3937.8,1284.0,2187.6,2461.1,2228.9,,,862.3,177.9,539.4,327.2,2228.9,,,,,,,,,,,,,,,,,7875.7,9999.9,8438.2,9844.6,9999.9,,,2812.7,1789.9,1169.6,1045.4,1270.2,,,9087.3,3810.8,6217.6,2953.3,9999.9,,,6949.1,1936.6,6949.1,3281.5,5906.7,,,5369.7,1406.3,2362.7,2316.3,4543.6,,,9999.9,2410.9,9999.9,4219.1,5906.7,,,,,,,,,,,,,,,,,628.3,2228.9,747.6,1817.4,6217.6,,,104.2,87.5,7.6,59.3,408.7,,,2812.7,511.4,715.9,976.3,9087.3,,,179.8,30.3,191.7,154.6,992.7,,,945.0,184.5,608.9,317.5,2625.2,,,9999.9,2362.7,9087.3,3579.8,5906.7,,,,,,,,,,,,,,,,,,,,,,,,,,,,,,,,,,,,,,,,,,,,,,,,,,,,,,,,,,,,,,,,,,,,,,,,,,,,,,,,,,,,,,,,,,,,,,,,,,,,,,,,,,,,,,,,,,,,,,,,,,,,,,,,
20260921_広島_5R,20260921,62,広島,5,5926.6,4103.0,3333.7,8001.0,6154.6,,,3265.7,680.9,683.8,1632.8,1428.7,,,833.4,201.0,89.8,167.9,193.4,,,941.2,360.4,89.0,930.3,217.4,,,4324.8,2105.5,987.7,2500.3,4572.0,,,1066.8,1119.0,522.9,327.9,3478.6,,,,,,,,,,,,,,,,,6957.3,7620.0,4849.0,9999.9,9999.9,,,9999.9,6400.8,4000.5,8890.0,9999.9,,,9999.9,4572.0,4103.0,8001.0,9999.9,,,4572.0,3902.9,3478.6,6154.6,1403.6,,,9999.9,9999.9,6154.6,8890.0,9999.9,,,9999.9,6957.3,6400.8,1509.6,9999.9,,,,,,,,,,,,,,,,,3333.7,610.7,704.9,2192.0,1416.1,,,5926.6,3810.0,2712.2,5517.9,2807.3,,,277.8,1720.6,251.6,889.0,620.2,,,356.3,506.3,157.0,1103.5,179.7,,,3019.2,4572.0,2353.2,3200.4,4324.8,,,1684.4,1441.6,1111.2,487.8,4103.0,,,,,,,,,,,,,,,,,501.6,124.2,44.9,87.7,100.5,,,2712.2,3137.6,2623.2,4211.0,4103.0,,,353.2,1454.7,269.3,617.8,661.2,,,52.9,341.9,116.8,182.2,91.8,,,412.4,2105.5,675.1,701.8,1168.0,,,257.6,1066.8,608.4,201.7,993.9,,,,,,,,,,,,,,,,,176.0,53.7,11.7,160.8,39.5,,,517.8,260.6,227.3,1260.0,67.8,,,60.4,104.5,21.1,172.6,38.8,,,5.3,67.8,13.2,23.6,17.5,,,472.0,1600.2,411.3,250.8,444.5,,,18.2,6.8,25.5,7.3,121.4,,,,,,,,,,,,,,,,,9999.9,6400.8,2253.8,7273.6,9999.9,,,9999.9,9999.9,9999.9,9999.9,9999.9,,,8422.1,9999.9,4572.0,6154.6,9999.9,,,1927.9,8890.0,3810.0,2192.0,5715.0,,,6400.8,9999.9,5000.6,2162.4,3478.6,,,9999.9,9999.9,9999.9,4572.0,5000.6,,,,,,,,,,,,,,,,,1403.6,1495.5,625.0,446.9,4000.5,,,3019.2,2133.6,2807.3,747.7,6957.3,,,1839.3,1311.6,1280.1,588.3,4103.0,,,498.5,2162.4,1111.2,322.6,2105.5,,,164.2,167.7,193.2,126.2,740.8,,,6154.6,6957.3,6400.8,4103.0,3019.2,,,,,,,,,,,,,,,,,,,,,,,,,,,,,,,,,,,,,,,,,,,,,,,,,,,,,,,,,,,,,,,,,,,,,,,,,,,,,,,,,,,,,,,,,,,,,,,,,,,,,,,,,,,,,,,,,,,,,,,,,,,,,,,,
20260921_広島_6R,20260921,62,広島,6,121.7,51.2,51.9,408.5,377.7,,,196.2,160.8,93.2,882.1,291.3,,,19.1,49.6,22.5,59.0,221.1,,,41.6,44.5,40.5,404.4,308.1,,,819.1,1408.3,418.0,1254.2,5179.0,,,896.9,858.5,1084.7,891.9,4587.1,,,,,,,,,,,,,,,,,89.3,36.5,41.6,268.4,393.5,,,173.7,137.4,98.8,405.4,241.4,,,31.0,85.8,78.5,120.2,246.2,,,48.8,70.2,72.6,414.8,363.2,,,624.7,768.1,458.7,798.7,2140.6,,,938.8,652.6,666.1,666.1,1514.6,,,,,,,,,,,,,,,,,309.3,283.1,150.7,1783.8,522.9,,,326.3,297.8,120.7,1337.9,300.6,,,336.5,328.9,255.2,1163.4,798.7,,,89.6,43.3,92.2,655.3,55.5,,,3648.8,3415.9,3415.9,3344.7,4224.9,,,710.3,393.5,649.9,176.6,2293.5,,,,,,,,,,,,,,,,,11.7,43.9,22.6,32.0,200.4,,,23.5,97.7,76.8,116.7,377.7,,,198.9,239.2,241.7,719.9,827.5,,,74.1,103.8,163.3,462.6,787.0,,,128.0,221.4,726.4,736.4,1638.2,,,938.8,1077.5,1726.3,1745.1,3148.0,,,,,,,,,,,,,,,,,45.7,55.9,36.0,480.6,308.1,,,56.7,47.8,55.3,533.3,201.4,,,40.0,23.1,38.6,557.4,35.5,,,56.6,80.5,109.8,445.9,522.9,,,2589.5,3210.9,3822.6,2548.4,4339.1,,,692.0,355.9,252.0,836.1,1866.8,,,,,,,,,,,,,,,,,3148.0,4865.1,1035.8,5536.1,8919.4,,,3087.4,4722.0,1621.7,4339.1,6421.9,,,7645.2,5946.2,5536.1,9999.9,9999.9,,,877.3,1207.1,2919.0,3567.7,3276.5,,,4865.1,9444.0,9999.9,6689.5,8449.9,,,9999.9,7297.7,7297.7,8919.4,9999.9,,,,,,,,,,,,,,,,,2432.5,2919.0,2675.8,2085.0,6980.4,,,1655.1,1146.7,1459.5,1035.8,3490.2,,,2589.5,984.9,2675.8,472.2,5946.2,,,2261.2,2199.3,3415.9,2919.0,4722.0,,,1745.1,984.9,504.8,2293.5,5351.6,,,9999.9,9444.0,8919.4,9444.0,9999.9,,,,,,,,,,,,,,,,,,,,,,,,,,,,,,,,,,,,,,,,,,,,,,,,,,,,,,,,,,,,,,,,,,,,,,,,,,,,,,,,,,,,,,,,,,,,,,,,,,,,,,,,,,,,,,,,,,,,,,,,,,,,,,,,
20260921_広島_7R,20260921,62,広島,7,357.0,84.1,40.9,482.5,207.6,,,765.1,515.0,360.2,2295.5,541.0,,,23.4,76.9,5.6,20.8,43.9,,,9.0,73.9,7.7,105.7,35.2,,,1093.1,1560.0,342.6,613.3,1501.7,,,331.9,272.8,186.1,131.7,873.2,,,,,,,,,,,,,,,,,1255.3,224.7,129.2,1004.2,1064.1,,,3213.7,3347.6,1765.7,5951.3,5356.2,,,393.8,2142.4,399.7,962.1,2060.0,,,94.6,632.6,149.6,680.8,528.5,,,3919.1,9999.9,3150.7,2634.2,8457.1,,,2398.3,3570.8,3651.9,1447.6,5356.2,,,,,,,,,,,,,,,,,3418.8,1487.8,1226.6,5540.9,1785.4,,,4017.1,4017.1,2770.4,8457.1,4342.8,,,1912.9,3651.9,2723.5,4120.1,3736.9,,,1434.7,2434.6,2434.6,4726.0,2142.4,,,5738.8,7651.7,6180.2,6695.2,9999.9,,,1275.2,2142.4,1208.1,1190.2,3493.1,,,,,,,,,,,,,,,,,79.5,172.2,27.1,61.4,138.0,,,266.4,1515.9,286.4,1409.5,1825.9,,,1064.1,2472.1,1785.4,3493.1,2363.0,,,66.9,188.1,737.0,655.8,615.6,,,457.7,1606.8,1868.4,1199.1,1746.5,,,666.7,2295.5,1765.7,1350.3,2921.5,,,,,,,,,,,,,,,,,13.6,86.7,7.4,116.7,37.5,,,23.0,191.0,38.2,266.0,132.2,,,393.8,750.8,962.1,2434.6,765.1,,,22.9,75.7,317.5,208.9,197.1,,,506.8,1373.3,4017.1,661.2,836.9,,,125.8,339.7,320.0,275.1,1373.3,,,,,,,,,,,,,,,,,5738.8,7651.7,1208.1,3150.7,8457.1,,,7651.7,9452.1,5951.3,8927.0,9999.9,,,8927.0,8927.0,8034.3,9999.9,9999.9,,,1181.5,4591.0,7303.9,5183.4,8457.1,,,3090.1,6180.2,8457.1,5951.3,8927.0,,,8927.0,8457.1,9452.1,9999.9,9452.1,,,,,,,,,,,,,,,,,1050.2,647.9,347.8,269.1,2678.1,,,1983.7,2869.4,3031.8,1623.0,5540.9,,,640.1,1147.7,859.2,815.6,2328.7,,,680.8,2634.2,1691.4,1285.4,2263.1,,,315.6,887.7,663.9,811.5,3213.7,,,6180.2,6427.4,5951.3,5356.2,6695.2,,,,,,,,,,,,,,,,,,,,,,,,,,,,,,,,,,,,,,,,,,,,,,,,,,,,,,,,,,,,,,,,,,,,,,,,,,,,,,,,,,,,,,,,,,,,,,,,,,,,,,,,,,,,,,,,,,,,,,,,,,,,,,,,
20260921_高知_1R,20260921,74,高知,1,3.6,7.3,21.8,26.8,296.0,,,5.7,13.6,28.8,74.4,430.9,,,15.1,16.9,71.6,130.1,548.9,,,70.1,71.7,155.7,601.6,1634.9,,,114.3,144.3,290.3,686.8,1634.9,,,952.0,1343.0,1812.2,2892.6,2734.8,,,,,,,,,,,,,,,,,20.8,33.7,97.0,114.6,629.3,,,50.3,123.3,325.5,434.7,1904.0,,,125.8,206.6,548.9,693.1,2593.3,,,412.0,849.8,1157.0,2245.0,4065.3,,,611.4,1296.6,1504.1,2549.4,6539.8,,,2686.0,6837.1,8848.0,8848.0,7520.8,,,,,,,,,,,,,,,,,28.9,55.2,138.5,252.8,849.8,,,50.9,105.0,289.8,445.0,1749.0,,,144.2,210.3,648.3,840.3,3668.6,,,642.8,1009.5,1634.9,3342.5,6837.1,,,922.7,1728.9,1880.2,2549.4,4424.0,,,5570.9,7162.6,6267.3,8356.4,9999.9,,,,,,,,,,,,,,,,,166.7,185.0,706.1,1023.2,2785.4,,,318.0,493.1,1880.2,2118.5,5785.2,,,281.6,384.6,1834.3,3133.6,5785.2,,,2212.0,2179.9,5570.9,5570.9,6267.3,,,3200.3,4558.0,6539.8,8356.4,6837.1,,,7916.6,9999.9,9999.9,9999.9,9999.9,,,,,,,,,,,,,,,,,404.3,1097.9,1379.9,3760.4,6837.1,,,1213.0,2245.0,3008.3,5372.0,9999.9,,,1203.3,2350.2,3958.3,8356.4,9999.9,,,2005.5,2638.8,5372.0,7916.6,9999.9,,,4178.2,6016.6,9999.9,7162.6,6837.1,,,9999.9,9999.9,9999.9,9999.9,9999.9,,,,,,,,,,,,,,,,,1728.9,2314.0,3958.3,5186.7,9401.0,,,1904.0,6016.6,6837.1,7520.8,8356.4,,,2350.2,5785.2,7520.8,9999.9,9999.9,,,6016.6,8848.0,7162.6,7916.6,9999.9,,,7520.8,9999.9,9999.9,9999.9,9999.9,,,9999.9,9999.9,9999.9,9999.9,9999.9,,,,,,,,,,,,,,,,,4852.1,9401.0,8356.4,9999.9,9999.9,,,4065.3,6539.8,9999.9,9999.9,8356.4,,,9999.9,9999.9,9999.9,9999.9,9999.9,,,7162.6,9999.9,9999.9,9999.9,9999.9,,,9999.9,9999.9,9999.9,9999.9,9999.9,,,7916.6,9999.9,9999.9,9999.9,6016.6,,,,,,,,,,,,,,,,,,,,,,,,,,,,,,,,,,,,,,,,,,,,,,,,,,,,,,,,,,,,,,,,,,,,,,,,,,,,,,,,,,,,,,,,,,,,,,,,,,,,,,,,,,,,,,,,,,,,,,,,,,,,,,,,
20260921_高知_2R,20260921,74,高知,2,4.3,5.3,26.8,43.1,47.2,,,6.3,11.6,44.5,87.3,128.1,,,12.8,20.1,78.5,118.7,189.9,,,76.5,131.9,177.0,449.6,874.6,,,170.6,316.8,399.7,684.1,1448.3,,,193.6,463.6,731.2,1438.9,1527.6,,,,,,,,,,,,,,,,,17.6,18.8,48.7,92.9,152.9,,,53.1,117.6,175.3,402.5,602.8,,,59.5,150.0,242.6,484.8,835.3,,,198.0,501.2,528.5,1376.7,2372.7,,,308.4,1281.8,1351.7,1922.7,4289.2,,,476.5,1843.3,2398.2,2859.4,4646.6,,,,,,,,,,,,,,,,,90.8,141.0,303.0,534.8,906.6,,,137.7,285.9,596.3,929.3,1527.6,,,324.1,450.5,871.2,1042.2,2208.3,,,1186.3,2009.3,2424.3,3540.3,6195.5,,,1728.9,3186.2,3484.9,4551.8,7434.6,,,3982.8,6028.0,7965.6,9999.9,9293.3,,,,,,,,,,,,,,,,,112.1,203.3,586.9,888.6,1137.9,,,166.4,424.8,1120.8,1402.7,1874.2,,,384.5,541.3,1115.1,1922.7,2478.2,,,1628.0,2046.2,3232.4,5186.9,4848.6,,,3186.2,5069.0,7434.6,9697.3,9999.9,,,3484.9,7194.8,9697.3,8260.7,9293.3,,,,,,,,,,,,,,,,,419.2,941.0,1205.6,2323.3,3912.9,,,511.5,1689.6,1813.3,4551.8,3912.9,,,1616.2,2719.9,4208.2,9293.3,9999.9,,,2534.5,3656.3,4848.6,9999.9,9999.9,,,3656.3,5186.9,8921.5,9999.9,7194.8,,,9999.9,9999.9,9999.9,9999.9,9999.9,,,,,,,,,,,,,,,,,1676.9,1770.1,4551.8,4551.8,9999.9,,,1922.7,4373.3,6195.5,6195.5,9999.9,,,2859.4,4745.5,6969.9,9999.9,9999.9,,,7194.8,7691.0,9697.3,9999.9,9999.9,,,4646.6,6372.5,9999.9,9999.9,9999.9,,,9999.9,9999.9,9999.9,9999.9,9999.9,,,,,,,,,,,,,,,,,2275.9,3597.4,2859.4,5439.9,7965.6,,,2534.5,4208.2,7965.6,7194.8,9697.3,,,7691.0,5069.0,9999.9,8921.5,9999.9,,,4055.2,9999.9,9999.9,9999.9,9999.9,,,6559.9,8260.7,8260.7,9999.9,9999.9,,,9697.3,9999.9,9999.9,9999.9,5439.9,,,,,,,,,,,,,,,,,,,,,,,,,,,,,,,,,,,,,,,,,,,,,,,,,,,,,,,,,,,,,,,,,,,,,,,,,,,,,,,,,,,,,,,,,,,,,,,,,,,,,,,,,,,,,,,,,,,,,,,,,,,,,,,,
20260921_高知_3R,20260921,74,高知,3,10.3,20.4,5.9,32.5,75.8,,,35.1,97.2,105.2,198.7,368.2,,,101.8,209.3,281.2,407.1,702.3,,,35.1,120.2,201.7,205.4,409.7,,,102.0,265.2,453.0,265.2,539.6,,,308.3,1288.8,1525.8,887.9,767.3,,,,,,,,,,,,,,,,,9.3,18.0,6.0,28.0,69.4,,,32.7,52.7,79.4,69.4,128.9,,,91.7,117.1,276.5,294.0,539.6,,,68.0,208.3,291.1,456.1,673.8,,,77.1,142.5,244.2,315.6,283.6,,,277.1,235.5,600.6,284.2,211.7,,,,,,,,,,,,,,,,,66.4,92.2,145.9,345.6,816.9,,,67.5,116.2,262.3,293.3,655.5,,,75.5,92.5,227.3,294.3,473.2,,,560.1,700.5,840.1,2026.6,2949.9,,,597.9,449.9,539.6,1419.7,1599.3,,,2176.1,1793.8,1758.2,3277.7,2308.6,,,,,,,,,,,,,,,,,322.2,327.7,573.4,1169.5,1525.8,,,383.6,461.7,735.4,1097.0,1491.5,,,212.0,258.7,682.5,597.9,870.4,,,1427.3,909.2,1561.7,3539.9,4214.1,,,1735.2,1508.4,1288.8,3237.7,2074.1,,,2885.8,2528.5,2370.4,5309.8,2983.0,,,,,,,,,,,,,,,,,145.7,604.7,787.8,1314.3,1996.1,,,177.5,915.4,783.1,1723.9,2528.5,,,928.3,965.4,1735.2,3198.7,4352.3,,,1856.6,1013.3,2090.5,4577.4,6321.2,,,2504.6,2917.5,4657.7,6321.2,4577.4,,,3847.7,4214.1,6321.2,8045.2,5899.8,,,,,,,,,,,,,,,,,132.2,406.5,555.4,292.3,541.8,,,104.0,265.4,480.9,383.1,384.7,,,416.1,405.9,369.7,1314.3,1307.8,,,1110.8,1045.2,903.0,2308.6,2058.0,,,1179.9,1412.2,2269.1,3051.6,3051.6,,,693.1,518.5,1110.8,1270.3,1491.5,,,,,,,,,,,,,,,,,882.0,2709.1,2249.9,1923.8,1746.6,,,842.8,1276.4,1781.8,1896.3,1079.2,,,2917.5,2058.0,2854.7,5531.1,3198.7,,,4424.9,3360.6,3636.9,6637.3,3792.7,,,3687.4,3739.3,4827.1,7175.5,4214.1,,,1066.2,1033.0,1806.0,2158.4,2308.6,,,,,,,,,,,,,,,,,,,,,,,,,,,,,,,,,,,,,,,,,,,,,,,,,,,,,,,,,,,,,,,,,,,,,,,,,,,,,,,,,,,,,,,,,,,,,,,,,,,,,,,,,,,,,,,,,,,,,,,,,,,,,,,,
20260921_高知_4R,20260921,74,高知,4,12.2,57.3,17.7,140.0,50.1,,,10.6,50.0,9.4,95.7,53.9,,,160.9,99.3,156.5,323.9,422.9,,,15.3,6.4,63.9,112.2,65.0,,,376.8,251.3,346.3,335.9,955.7,,,102.1,142.1,326.1,138.8,618.2,,,,,,,,,,,,,,,,,14.6,87.6,24.4,152.6,34.4,,,64.4,248.7,157.7,478.6,167.1,,,232.4,547.1,447.7,367.7,433.6,,,66.3,179.0,298.9,402.4,208.1,,,377.3,1088.2,406.9,648.5,737.4,,,38.0,71.6,171.7,93.3,261.0,,,,,,,,,,,,,,,,,99.2,282.3,78.1,502.6,227.7,,,173.7,648.5,434.3,844.6,526.3,,,864.7,1570.5,1760.9,2381.6,2571.3,,,155.6,563.1,1320.7,1874.5,1225.9,,,1166.9,2571.3,2504.8,2793.8,3418.3,,,770.7,1113.2,2031.8,1669.8,3301.8,,,,,,,,,,,,,,,,,562.0,623.5,590.5,798.2,937.2,,,660.3,1302.9,1438.4,1064.3,975.0,,,1126.2,1632.3,2031.8,2235.0,2362.2,,,854.5,1760.9,2504.8,1521.2,3339.7,,,612.9,842.2,1048.9,978.3,891.2,,,1579.1,1121.8,2421.3,3058.5,1739.8,,,,,,,,,,,,,,,,,61.5,29.1,199.6,316.1,251.1,,,113.8,306.1,657.3,839.7,360.4,,,171.0,545.1,1166.9,1623.2,1148.4,,,695.1,1460.0,1886.7,1370.5,2995.4,,,883.1,1838.9,2741.1,1019.5,2767.2,,,549.2,691.8,1302.9,2218.0,2641.4,,,,,,,,,,,,,,,,,1274.3,888.5,931.2,907.9,2362.2,,,1505.4,2641.4,1326.7,2421.3,1410.4,,,1467.4,2641.4,2362.2,3418.3,4150.8,,,772.7,864.7,1225.9,984.9,1153.0,,,1023.0,2381.6,3459.0,1467.4,4035.5,,,2526.6,1699.1,3773.5,1874.5,3378.6,,,,,,,,,,,,,,,,,158.7,325.0,604.0,328.3,1037.7,,,116.4,260.5,247.9,279.9,377.3,,,741.2,733.7,1623.2,1445.5,2594.2,,,1019.5,604.0,1709.1,2105.5,1236.4,,,597.8,596.6,1431.3,1976.5,2362.2,,,1314.7,793.8,2571.3,1100.6,2003.8,,,,,,,,,,,,,,,,,,,,,,,,,,,,,,,,,,,,,,,,,,,,,,,,,,,,,,,,,,,,,,,,,,,,,,,,,,,,,,,,,,,,,,,,,,,,,,,,,,,,,,,,,,,,,,,,,,,,,,,,,,,,,,,,
20260921_高知_5R,20260921,74,高知,5,76.5,138.9,272.1,333.6,154.1,,,28.9,26.9,119.5,164.5,65.5,,,75.7,56.2,147.7,226.6,46.8,,,394.1,336.2,422.0,427.7,176.7,,,457.1,438.6,460.8,405.1,228.1,,,76.7,77.2,62.8,49.7,69.2,,,,,,,,,,,,,,,,,142.0,250.2,530.1,519.7,507.5,,,94.6,43.3,130.9,157.8,372.4,,,267.3,85.7,478.7,475.4,761.2,,,949.5,484.7,845.0,987.5,1502.7,,,1080.0,506.7,847.1,1076.7,2416.9,,,1053.7,1294.4,1329.3,1309.2,1630.3,,,,,,,,,,,,,,,,,35.0,29.4,125.2,163.1,103.6,,,31.9,10.5,38.3,61.7,126.9,,,16.7,6.2,37.3,70.8,58.2,,,313.6,136.4,128.1,368.8,567.5,,,275.8,161.2,168.9,345.2,866.2,,,240.0,243.0,182.1,463.9,741.6,,,,,,,,,,,,,,,,,84.7,64.5,157.4,275.4,49.4,,,197.1,65.7,339.1,426.7,499.4,,,42.1,21.8,115.7,144.8,140.4,,,490.9,565.6,439.1,553.0,583.8,,,215.6,241.3,318.8,248.2,626.1,,,280.9,684.4,659.5,472.1,738.5,,,,,,,,,,,,,,,,,1247.7,939.2,1050.5,1167.6,757.9,,,1247.7,769.7,1280.1,1483.3,2057.3,,,801.9,480.7,489.5,973.6,1702.6,,,1031.7,1275.3,736.9,1152.0,1809.5,,,976.3,1093.7,809.4,1076.7,1183.6,,,1080.0,2400.2,2598.7,2954.0,1838.4,,,,,,,,,,,,,,,,,881.7,672.4,696.8,769.7,562.9,,,1114.9,698.2,828.8,1080.0,1952.7,,,427.2,308.8,291.6,612.8,1470.7,,,271.5,291.6,435.8,309.4,1163.7,,,768.0,952.1,824.8,794.5,1090.3,,,1076.7,2335.3,2560.2,2160.1,1585.4,,,,,,,,,,,,,,,,,366.9,326.6,312.7,187.8,299.7,,,895.4,1452.2,1711.0,1489.7,2259.0,,,603.1,872.8,1019.5,1515.9,2173.7,,,581.8,1930.8,1399.3,1422.3,2319.6,,,526.0,1299.3,1685.9,1622.6,1144.4,,,743.2,2229.8,2259.0,2522.8,1366.1,,,,,,,,,,,,,,,,,,,,,,,,,,,,,,,,,,,,,,,,,,,,,,,,,,,,,,,,,,,,,,,,,,,,,,,,,,,,,,,,,,,,,,,,,,,,,,,,,,,,,,,,,,,,,,,,,,,,,,,,,,,,,,,,
20260921_高知_6R,20260921,74,高知,6,15.6,16.5,32.5,112.8,223.2,,,40.9,86.5,121.3,201.0,392.2,,,28.5,62.1,59.5,176.8,226.7,,,21.1,58.2,41.2,124.7,37.0,,,231.8,326.5,406.4,331.1,878.2,,,560.4,761.0,720.5,233.0,943.5,,,,,,,,,,,,,,,,,59.2,59.5,116.3,226.6,468.9,,,60.6,21.0,96.5,57.2,387.6,,,50.1,18.8,102.2,100.7,391.0,,,251.2,229.0,227.5,451.1,698.8,,,368.0,206.6,229.5,586.3,1164.0,,,1667.1,1311.4,1430.7,1660.1,2399.0,,,,,,,,,,,,,,,,,141.7,247.2,363.9,519.0,1072.0,,,116.5,56.1,197.2,113.2,562.0,,,340.6,74.0,592.5,350.6,1307.1,,,794.8,550.2,884.1,1451.8,1821.5,,,662.3,295.3,489.9,1063.3,1592.8,,,2149.9,1838.5,2751.3,2892.9,3512.9,,,,,,,,,,,,,,,,,42.5,85.4,68.9,236.0,383.4,,,39.8,9.5,59.6,95.0,300.3,,,127.8,26.0,196.2,147.0,650.3,,,103.6,116.2,204.8,498.0,289.2,,,391.8,182.5,283.8,630.5,1748.6,,,1117.7,837.1,1249.0,986.0,1667.1,,,,,,,,,,,,,,,,,71.6,108.3,86.8,187.3,46.8,,,201.2,227.1,239.6,807.8,647.1,,,335.7,318.3,524.5,1137.1,851.6,,,147.1,200.5,350.6,991.0,466.1,,,490.5,860.9,1147.0,1157.1,1016.6,,,164.9,423.9,550.2,736.7,635.6,,,,,,,,,,,,,,,,,463.4,712.7,703.8,691.4,1586.4,,,255.4,163.7,192.3,270.7,460.1,,,753.7,341.2,537.4,1008.8,1821.5,,,642.8,295.1,500.5,1008.8,1451.8,,,343.6,361.9,401.4,442.0,438.6,,,2694.8,2732.2,3122.5,1882.5,2017.6,,,,,,,,,,,,,,,,,2235.4,1947.7,1873.5,914.9,3224.9,,,2161.7,2235.4,2936.1,2554.8,3711.7,,,3512.9,3073.7,4628.7,3974.2,5785.9,,,2640.5,3421.2,4185.5,4141.5,6668.5,,,791.6,2185.8,2384.5,3073.7,2261.1,,,4276.5,4574.9,5316.8,5961.3,3783.1,,,,,,,,,,,,,,,,,,,,,,,,,,,,,,,,,,,,,,,,,,,,,,,,,,,,,,,,,,,,,,,,,,,,,,,,,,,,,,,,,,,,,,,,,,,,,,,,,,,,,,,,,,,,,,,,,,,,,,,,,,,,,,,,
20260921_高知_7R,20260921,74,高知,7,22.8,82.7,263.0,224.4,50.3,,,33.3,59.7,201.4,208.2,43.7,,,111.1,92.6,146.1,159.5,69.8,,,446.4,334.1,298.9,695.0,387.2,,,416.4,391.8,229.9,423.6,194.9,,,35.8,30.4,38.6,156.7,102.8,,,,,,,,,,,,,,,,,23.4,69.9,212.6,223.3,85.5,,,9.1,14.8,54.8,79.5,64.5,,,78.4,53.6,119.4,216.0,377.3,,,476.6,360.5,418.7,1091.3,1523.3,,,359.8,267.2,316.5,1024.1,480.4,,,170.8,204.1,418.7,939.8,633.6,,,,,,,,,,,,,,,,,43.5,93.3,225.6,256.5,88.7,,,15.2,24.7,98.4,110.4,91.5,,,124.1,106.7,220.7,296.5,587.7,,,421.6,371.9,386.8,1269.4,1661.8,,,432.1,358.7,388.9,1065.9,1094.6,,,169.5,251.7,551.4,1310.4,796.5,,,,,,,,,,,,,,,,,133.9,123.4,150.8,153.7,213.1,,,140.3,118.8,221.4,241.8,456.4,,,154.0,172.9,222.7,279.3,663.5,,,109.3,180.1,155.8,86.9,432.1,,,88.9,152.5,132.2,68.1,279.3,,,355.9,704.4,918.6,744.6,597.4,,,,,,,,,,,,,,,,,819.7,650.5,528.3,1474.2,952.1,,,972.3,862.2,914.0,2077.3,2538.9,,,679.5,883.1,705.8,2215.8,2574.7,,,286.5,510.6,394.8,337.2,1007.1,,,1319.8,2270.8,2065.5,530.6,2421.2,,,1700.5,3235.4,3656.1,2256.8,3354.2,,,,,,,,,,,,,,,,,672.0,524.5,407.1,1128.4,647.0,,,810.6,421.2,545.6,1486.2,743.1,,,732.6,661.1,485.5,1555.7,1692.6,,,216.9,393.9,318.7,198.0,598.3,,,1260.7,1884.5,1914.1,481.6,2065.5,,,597.4,1243.5,1417.0,842.4,1741.0,,,,,,,,,,,,,,,,,67.6,57.8,71.5,237.8,172.3,,,172.1,224.5,468.1,1374.4,723.9,,,173.4,252.8,517.1,1206.6,1021.2,,,241.0,680.8,598.3,632.5,662.3,,,722.5,1569.1,1603.5,1146.1,2065.5,,,343.2,874.6,954.5,393.9,1498.4,,,,,,,,,,,,,,,,,,,,,,,,,,,,,,,,,,,,,,,,,,,,,,,,,,,,,,,,,,,,,,,,,,,,,,,,,,,,,,,,,,,,,,,,,,,,,,,,,,,,,,,,,,,,,,,,,,,,,,,,,,,,,,,,
20260921_高知_8R,20260921,74,高知,8,57.2,45.3,196.6,257.2,76.2,,,18.6,8.8,25.3,16.7,89.5,,,12.5,5.1,34.9,79.6,47.1,,,288.6,89.0,154.2,468.2,619.7,,,617.7,252.5,417.0,808.7,857.2,,,295.6,397.5,378.0,889.6,879.8,,,,,,,,,,,,,,,,,150.3,125.5,552.1,663.8,162.2,,,161.3,349.9,453.8,363.6,314.4,,,202.0,460.6,1187.9,1316.8,467.1,,,1099.8,1087.8,1862.0,2859.5,1897.3,,,1771.3,1299.7,2152.3,2922.1,1897.3,,,194.5,332.7,392.4,983.6,792.7,,,,,,,,,,,,,,,,,42.3,19.1,41.7,31.0,130.9,,,78.1,168.4,214.7,110.8,142.1,,,55.0,162.6,162.1,154.0,390.9,,,64.7,154.8,132.6,73.7,340.4,,,45.4,79.9,83.0,107.8,131.0,,,465.5,565.4,680.8,810.3,427.2,,,,,,,,,,,,,,,,,40.8,22.5,73.0,151.6,90.2,,,173.4,412.2,1021.2,1516.4,567.8,,,77.7,328.4,339.2,445.8,752.5,,,392.4,1330.0,666.1,1836.3,1972.0,,,844.5,2486.5,1153.6,2354.8,3336.0,,,599.2,1170.5,1385.2,2441.0,3055.9,,,,,,,,,,,,,,,,,955.4,341.2,485.2,1488.2,1819.6,,,1366.3,1247.1,2686.7,3254.7,2224.0,,,204.1,430.4,320.0,301.2,988.4,,,800.6,2517.8,872.1,3103.3,3606.5,,,2704.9,3963.6,777.3,3606.5,4043.7,,,4498.0,4709.7,2456.0,4882.0,4601.5,,,,,,,,,,,,,,,,,3308.5,983.6,2261.7,3706.7,5337.7,,,4127.1,2187.5,4127.1,5004.1,4601.5,,,708.5,1321.2,1076.1,870.2,1897.3,,,2819.2,4498.0,2001.6,5975.0,5409.8,,,3886.7,5199.0,1124.5,5560.1,5409.8,,,7698.6,6354.4,3481.1,5483.9,5975.0,,,,,,,,,,,,,,,,,1527.9,2063.5,1510.6,3924.8,3886.7,,,983.6,1247.1,1424.6,2456.0,2566.2,,,2341.1,1888.3,3849.3,2780.0,2426.2,,,1962.4,2456.0,4085.0,5409.8,5719.0,,,5409.8,4655.0,3055.9,5483.9,5638.4,,,5409.8,4351.4,4085.0,6456.9,5483.9,,,,,,,,,,,,,,,,,,,,,,,,,,,,,,,,,,,,,,,,,,,,,,,,,,,,,,,,,,,,,,,,,,,,,,,,,,,,,,,,,,,,,,,,,,,,,,,,,,,,,,,,,,,,,,,,,,,,,,,,,,,,,,,,
20260921_高知_9R,20260921,74,高知,9,16.1,3.1,25.1,10.7,53.0,,,92.4,230.9,243.1,118.8,153.7,,,40.2,208.3,293.5,244.2,561.9,,,96.3,226.5,340.1,83.0,469.3,,,31.4,72.0,161.4,64.8,122.7,,,285.1,288.3,979.5,731.4,398.5,,,,,,,,,,,,,,,,,36.3,6.0,42.4,25.0,117.8,,,163.8,364.1,487.0,330.9,1125.2,,,35.3,204.1,379.6,259.5,549.9,,,177.1,848.8,626.0,443.2,1776.7,,,130.4,405.9,338.0,441.5,740.0,,,535.1,1434.1,1406.5,2643.6,1290.7,,,,,,,,,,,,,,,,,277.9,657.9,695.4,547.8,601.1,,,257.2,688.9,543.1,431.5,1212.3,,,1018.2,1067.7,2596.7,1867.4,2708.9,,,1105.4,1434.1,2172.5,888.3,1420.2,,,857.1,750.1,1545.2,886.5,835.9,,,492.5,710.1,1264.7,629.6,649.1,,,,,,,,,,,,,,,,,115.7,704.4,872.4,759.2,1607.5,,,102.8,650.1,1086.2,687.8,1668.6,,,1088.9,1102.6,2868.3,2424.6,4101.4,,,1567.3,1556.2,2522.1,1675.0,5162.9,,,1272.0,1173.4,2536.7,2022.3,4770.1,,,3539.1,3428.5,4876.1,6181.0,5851.3,,,,,,,,,,,,,,,,,256.6,800.8,881.2,278.2,1384.3,,,359.1,1136.9,867.2,507.3,1933.2,,,1192.5,1720.9,2612.2,1044.8,1769.5,,,1590.0,1477.6,2566.3,1434.1,4822.5,,,184.7,175.1,270.0,441.9,391.8,,,2099.7,2985.3,1720.9,4524.2,1072.9,,,,,,,,,,,,,,,,,66.9,203.7,265.8,128.7,304.5,,,102.5,245.3,282.2,302.6,481.1,,,323.8,226.6,718.2,456.6,408.2,,,933.7,769.9,1477.6,1108.2,2451.6,,,120.9,147.1,214.0,439.2,276.3,,,414.0,410.5,365.4,1070.3,519.9,,,,,,,,,,,,,,,,,837.5,1151.8,2273.8,2130.3,1613.4,,,895.6,1329.8,1523.7,2725.7,1384.3,,,742.5,618.9,1384.3,1125.2,653.0,,,3324.6,3250.7,3918.3,5626.3,5162.9,,,2334.3,3112.4,1836.2,4524.2,937.7,,,1415.6,852.1,652.0,2925.6,927.8,,,,,,,,,,,,,,,,,,,,,,,,,,,,,,,,,,,,,,,,,,,,,,,,,,,,,,,,,,,,,,,,,,,,,,,,,,,,,,,,,,,,,,,,,,,,,,,,,,,,,,,,,,,,,,,,,,,,,,,,,,,,,,,,
20260921_松山_1R,20260921,75,松山,1,84.7,210.8,200.0,315.9,,,,34.9,115.7,17.5,243.3,,,,302.1,388.0,542.3,1098.0,,,,250.1,73.2,549.0,918.7,,,,1034.9,1324.0,1915.6,1698.8,,,,,,,,,,,,,,,,,,,,,,,,,93.4,106.6,220.6,187.9,,,,49.7,52.0,96.9,117.0,,,,31.3,20.7,55.6,8.6,,,,221.7,145.9,145.4,346.2,,,,135.3,127.8,29.6,391.4,,,,,,,,,,,,,,,,,,,,,,,,,17.3,84.0,7.4,116.6,,,,39.2,54.9,86.9,93.3,,,,105.4,83.7,221.7,454.7,,,,8.0,35.0,114.6,216.9,,,,494.7,379.9,1034.9,1154.3,,,,,,,,,,,,,,,,,,,,,,,,,216.9,255.0,461.7,732.0,,,,40.4,21.4,79.1,13.2,,,,98.0,70.4,235.7,454.7,,,,500.2,238.8,273.6,796.7,,,,811.1,154.9,682.1,1698.8,,,,,,,,,,,,,,,,,,,,,,,,,341.0,97.7,588.4,1500.6,,,,249.4,218.5,255.7,652.4,,,,41.7,100.3,220.1,629.6,,,,562.7,296.1,393.1,1429.1,,,,2572.5,1800.7,1915.6,2308.6,,,,,,,,,,,,,,,,,,,,,,,,,1429.1,1837.5,3334.7,3601.5,,,,652.4,652.4,151.0,1429.1,,,,1552.3,1169.3,2369.4,1915.6,,,,2250.9,293.2,2250.9,3601.5,,,,3751.5,2250.9,2308.6,3334.7,,,,,,,,,,,,,,,,,,,,,,,,,,,,,,,,,,,,,,,,,,,,,,,,,,,,,,,,,,,,,,,,,,,,,,,,,,,,,,,,,,,,,,,,,,,,,,,,,,,,,,,,,,,,,,,,,,,,,,,,,,,,,,,,,,,,,,,,,,,,,,,,,,,,,,,,,,,,,,,,,,,,,,,,,,,,,,,,,,,,,,,,,,,,,,,,
20260921_松山_2R,20260921,75,松山,2,18.9,47.1,97.0,58.2,,,,13.3,20.4,15.2,15.0,,,,56.3,25.8,125.0,19.4,,,,227.8,73.4,211.6,135.8,,,,65.1,26.2,32.8,77.0,,,,,,,,,,,,,,,,,,,,,,,,,35.4,103.6,140.0,158.8,,,,22.3,94.0,36.7,163.6,,,,229.9,228.3,633.4,595.0,,,,463.1,229.9,1022.8,1664.2,,,,818.2,785.5,1510.6,2283.4,,,,,,,,,,,,,,,,,,,,,,,,,18.9,43.1,23.8,37.3,,,,8.5,54.4,11.5,103.3,,,,117.8,174.4,182.1,467.5,,,,38.9,25.2,116.7,85.4,,,,329.4,548.5,791.8,303.0,,,,,,,,,,,,,,,,,,,,,,,,,249.2,185.6,581.0,206.7,,,,303.9,285.4,962.6,926.3,,,,297.5,367.7,637.5,1423.0,,,,1363.7,2003.8,1309.1,2045.6,,,,749.5,2181.9,1443.9,2653.7,,,,,,,,,,,,,,,,,,,,,,,,,767.1,483.6,1033.5,1168.9,,,,779.2,343.3,1326.8,2283.4,,,,231.5,266.8,1067.2,868.9,,,,1609.6,2517.6,1785.2,2454.7,,,,2887.9,3927.5,2583.9,3272.9,,,,,,,,,,,,,,,,,,,,,,,,,917.6,637.5,522.2,1155.1,,,,1382.9,1291.9,2454.7,2805.4,,,,1055.7,1345.0,1609.6,1753.3,,,,981.8,3506.7,3167.3,2975.4,,,,2517.6,3776.5,2653.7,2653.7,,,,,,,,,,,,,,,,,,,,,,,,,,,,,,,,,,,,,,,,,,,,,,,,,,,,,,,,,,,,,,,,,,,,,,,,,,,,,,,,,,,,,,,,,,,,,,,,,,,,,,,,,,,,,,,,,,,,,,,,,,,,,,,,,,,,,,,,,,,,,,,,,,,,,,,,,,,,,,,,,,,,,,,,,,,,,,,,,,,,,,,,,,,,,,,,
20260921_松山_3R,20260921,75,松山,3,955.7,2159.6,1826.0,2955.3,595.7,,,1054.4,1117.4,799.3,2706.1,394.0,,,2202.0,1117.4,729.2,731.6,308.5,,,1549.0,731.6,758.8,1369.5,159.1,,,4083.7,3403.1,1627.5,2202.0,1194.7,,,142.3,83.2,63.5,29.8,135.0,,,,,,,,,,,,,,,,,1220.6,2223.8,2739.1,3163.4,567.1,,,867.2,1194.7,1268.9,2079.7,256.4,,,3035.2,2611.7,4237.8,2807.5,1182.1,,,5759.1,4319.3,5759.1,7486.9,2139.1,,,5759.1,5478.2,4083.7,9999.9,2673.9,,,271.5,195.9,438.6,529.7,731.6,,,,,,,,,,,,,,,,,1220.6,1517.6,1163.7,2879.5,438.6,,,870.5,1194.7,1290.8,1663.7,254.3,,,1903.4,2468.2,3163.4,1714.5,841.2,,,1663.7,3163.4,4083.7,4679.3,1059.4,,,5478.2,4319.3,2739.1,6606.1,2441.3,,,196.3,187.3,293.2,389.2,734.0,,,,,,,,,,,,,,,,,2315.5,1369.5,1651.5,1517.6,444.7,,,3565.2,2581.6,3872.5,3035.2,1395.0,,,1856.2,2523.6,3076.8,1676.1,913.0,,,3163.4,4237.8,4083.7,2772.9,1663.7,,,1871.7,2202.0,1268.9,2389.4,699.7,,,245.4,465.0,325.5,438.6,260.2,,,,,,,,,,,,,,,,,2994.7,1549.0,1970.2,3622.7,487.2,,,5910.7,5615.1,4492.1,8984.3,3119.5,,,1919.7,4679.3,4404.0,7486.9,1240.9,,,3163.4,5759.1,4679.3,3509.4,2180.6,,,6606.1,6806.2,7018.9,4583.8,2843.1,,,311.5,1811.3,877.3,1117.4,985.1,,,,,,,,,,,,,,,,,5478.2,4492.1,2916.9,5104.7,2268.7,,,5615.1,5478.2,4319.3,8984.3,4010.8,,,4991.2,5104.7,1919.7,7018.9,2994.7,,,2364.2,2673.9,1430.6,2807.5,1123.0,,,6806.2,8021.7,6417.3,4159.4,3682.0,,,1361.2,2389.4,1651.5,799.3,1841.0,,,,,,,,,,,,,,,,,19.4,11.1,13.8,5.0,23.3,,,34.3,17.7,46.3,75.2,131.7,,,24.3,16.4,31.8,47.4,103.0,,,31.4,40.8,23.0,18.2,11.8,,,40.0,140.4,77.2,88.4,98.9,,,110.2,166.9,93.3,51.7,126.0,,,,,,,,,,,,,,,,,,,,,,,,,,,,,,,,,,,,,,,,,,,,,,,,,,,,,,,,,,,,,,,,,,,,,,,,,,,,,,,,,,,,,,,,,,,,,,,,,,,,,,,,,,,,,,,,,,,,,,,,,,,,,,,,
20260921_松山_4R,20260921,75,松山,4,830.4,1898.1,2805.0,566.0,353.5,,,1379.5,5610.0,4207.5,1502.6,1056.2,,,4138.5,5488.0,6822.9,4590.0,2499.5,,,2685.6,4763.2,6822.9,4675.0,3506.2,,,650.6,1112.1,3005.3,3366.0,430.8,,,204.5,306.3,963.5,1022.0,234.4,,,,,,,,,,,,,,,,,433.0,1022.0,1196.4,262.6,161.2,,,459.0,1379.5,1379.5,304.8,181.6,,,1467.7,1650.0,2337.5,970.9,611.2,,,2337.5,2714.5,4007.1,1476.3,801.4,,,149.2,157.1,469.2,524.8,53.3,,,46.5,54.0,132.3,192.5,27.2,,,,,,,,,,,,,,,,,1342.8,4763.2,3825.0,1650.0,1152.7,,,1168.7,3411.4,2774.1,624.8,430.8,,,4590.0,3944.5,5737.5,4763.2,3555.6,,,5610.0,5488.0,8705.1,4278.8,4138.5,,,1379.5,707.1,4138.5,2450.9,401.3,,,576.3,280.8,1372.0,1231.4,275.0,,,,,,,,,,,,,,,,,4428.9,6311.2,8415.0,6157.3,3944.5,,,3767.9,6157.3,7889.0,4007.1,2139.4,,,7889.0,8143.5,9999.9,8143.5,5152.0,,,7889.0,7650.0,9999.9,9709.6,6010.7,,,5488.0,3883.8,7212.8,9016.0,2274.3,,,2629.6,1558.3,3116.6,4854.8,1741.0,,,,,,,,,,,,,,,,,4763.2,7650.0,5870.9,5152.0,4675.0,,,4428.9,5488.0,4138.5,3195.5,2316.0,,,4428.9,5737.5,6822.9,5259.3,5049.0,,,9999.9,6157.3,9016.0,6643.4,7425.0,,,4763.2,3411.4,4138.5,6010.7,1650.0,,,1357.2,1262.2,2103.7,3883.8,1074.2,,,,,,,,,,,,,,,,,284.2,464.0,1379.5,1442.5,175.4,,,152.7,141.0,487.3,540.5,53.1,,,537.1,326.1,1530.0,1459.2,171.3,,,2524.5,1493.7,2404.2,3658.6,626.4,,,2214.4,1493.7,2121.4,3555.6,598.2,,,44.5,23.8,46.6,120.0,139.6,,,,,,,,,,,,,,,,,16.1,21.2,90.2,84.5,16.5,,,14.1,18.3,70.0,70.1,8.1,,,33.4,36.4,148.1,158.5,37.0,,,280.8,218.3,343.9,833.1,208.2,,,154.9,136.2,199.8,602.5,116.3,,,14.3,6.7,13.8,67.3,66.6,,,,,,,,,,,,,,,,,,,,,,,,,,,,,,,,,,,,,,,,,,,,,,,,,,,,,,,,,,,,,,,,,,,,,,,,,,,,,,,,,,,,,,,,,,,,,,,,,,,,,,,,,,,,,,,,,,,,,,,,,,,,,,,,
20260921_松山_5R,20260921,75,松山,5,1928.0,1368.3,1093.2,2256.2,1350.8,,,981.8,248.0,365.0,1122.1,258.0,,,552.3,284.3,110.4,311.4,157.4,,,345.4,238.3,71.1,155.7,63.2,,,1606.7,1752.7,887.3,534.2,883.7,,,429.3,125.9,83.5,40.9,285.8,,,,,,,,,,,,,,,,,3856.1,2495.1,2719.0,3262.8,3534.8,,,2790.6,336.6,2586.4,2256.2,1317.3,,,1359.5,271.2,1247.5,1098.9,818.8,,,3073.7,2905.3,1767.4,2186.4,2905.3,,,3313.8,2905.3,1548.0,2719.0,3118.9,,,3656.6,1191.5,902.5,2280.5,2945.6,,,,,,,,,,,,,,,,,506.1,156.8,189.8,894.8,154.4,,,930.2,121.2,736.4,955.3,398.6,,,37.6,13.9,40.1,117.3,13.0,,,297.4,579.4,199.1,851.7,200.0,,,1285.3,1076.5,496.6,1413.9,812.5,,,69.3,136.1,28.1,65.3,317.9,,,,,,,,,,,,,,,,,435.4,196.5,274.0,774.0,285.4,,,335.5,70.9,362.5,398.6,237.7,,,44.0,15.5,52.0,101.9,17.1,,,409.4,448.3,195.6,862.1,326.7,,,986.4,620.1,387.7,1034.5,741.5,,,144.0,111.8,38.9,164.9,528.8,,,,,,,,,,,,,,,,,474.4,465.1,129.4,246.0,130.1,,,1525.8,2142.3,1293.2,2524.8,2059.1,,,627.4,1247.5,472.3,2039.3,495.5,,,207.7,697.6,415.8,370.1,358.2,,,869.2,1644.0,2586.4,1039.6,1395.3,,,118.7,684.1,339.8,235.6,612.9,,,,,,,,,,,,,,,,,425.8,1019.6,281.2,224.6,621.9,,,1191.5,1413.9,684.1,1134.1,1582.7,,,1055.1,1110.4,445.5,1514.9,848.3,,,269.8,269.1,369.4,310.0,625.6,,,315.6,443.6,1395.3,343.1,972.8,,,726.3,1377.1,991.0,934.3,1034.5,,,,,,,,,,,,,,,,,260.8,53.0,26.9,11.3,330.8,,,902.5,521.1,382.8,809.4,942.6,,,54.4,172.7,22.9,73.1,309.6,,,48.7,56.1,24.8,46.1,329.8,,,25.7,374.0,120.9,67.9,342.0,,,706.9,788.4,782.6,597.4,612.9,,,,,,,,,,,,,,,,,,,,,,,,,,,,,,,,,,,,,,,,,,,,,,,,,,,,,,,,,,,,,,,,,,,,,,,,,,,,,,,,,,,,,,,,,,,,,,,,,,,,,,,,,,,,,,,,,,,,,,,,,,,,,,,,
20260921_松山_6R,20260921,75,松山,6,885.1,2849.0,344.0,2568.1,782.5,,,1125.5,1447.1,398.1,876.6,864.1,,,4558.5,2368.0,2681.4,2894.2,2497.8,,,142.1,264.2,1823.4,782.5,156.2,,,3198.9,844.1,3646.8,1293.1,1787.6,,,451.3,460.4,1118.6,163.3,651.2,,,,,,,,,,,,,,,,,893.8,2196.8,312.7,1688.3,704.0,,,620.2,756.5,187.7,347.9,637.5,,,3143.7,2026.0,1098.4,2805.2,2308.1,,,52.2,42.3,153.2,85.7,65.4,,,1494.5,549.2,1753.2,266.5,1199.6,,,789.3,1013.0,2223.6,268.5,1558.4,,,,,,,,,,,,,,,,,796.2,796.2,428.0,555.9,603.7,,,578.8,601.7,128.5,364.6,630.9,,,445.8,397.2,207.9,192.7,481.1,,,158.0,42.5,63.5,46.1,171.2,,,223.7,115.8,78.4,60.0,191.5,,,644.3,885.1,729.3,534.7,644.3,,,,,,,,,,,,,,,,,4144.0,3256.0,2251.1,2223.6,2721.4,,,5209.7,1266.2,2989.1,4798.4,4341.4,,,2681.4,2170.7,1370.9,1030.1,2095.8,,,2604.8,1787.6,1506.9,2497.8,2894.2,,,5209.7,5881.9,1168.8,3879.5,3963.9,,,3315.2,3575.2,3039.0,2894.2,3506.5,,,,,,,,,,,,,,,,,61.2,68.9,280.0,174.4,52.2,,,14.3,5.0,41.2,19.3,12.0,,,36.1,15.3,22.2,17.5,29.3,,,424.0,183.9,113.3,293.1,262.3,,,152.9,56.2,31.9,172.9,111.1,,,61.2,47.8,62.2,158.6,136.5,,,,,,,,,,,,,,,,,2464.0,1330.9,1960.6,1223.7,980.3,,,1340.7,356.8,1161.4,165.4,1018.6,,,342.7,160.9,116.9,97.4,396.3,,,2681.4,2223.6,723.5,1435.7,2145.1,,,451.3,92.1,113.8,313.2,319.8,,,1111.8,1506.9,1302.4,1981.9,537.8,,,,,,,,,,,,,,,,,688.0,644.3,1266.2,341.4,985.6,,,1284.0,1482.4,2849.0,413.4,2048.7,,,1321.3,1470.4,1146.7,828.8,1720.1,,,2894.2,4052.0,3090.5,2464.0,3440.3,,,393.8,269.7,506.5,1413.4,628.7,,,1704.1,2604.8,2279.2,3506.5,785.9,,,,,,,,,,,,,,,,,,,,,,,,,,,,,,,,,,,,,,,,,,,,,,,,,,,,,,,,,,,,,,,,,,,,,,,,,,,,,,,,,,,,,,,,,,,,,,,,,,,,,,,,,,,,,,,,,,,,,,,,,,,,,,,,
20260921_松山_7R,20260921,75,松山,7,396.3,424.3,195.3,497.8,480.2,,,297.0,511.5,73.3,365.1,111.1,,,563.8,907.1,334.0,1146.6,1041.3,,,37.5,32.7,87.9,10.7,33.3,,,588.2,711.1,1146.6,113.0,1085.6,,,317.4,196.6,551.6,147.9,633.8,,,,,,,,,,,,,,,,,1159.6,1146.6,373.8,1300.0,1447.5,,,1159.6,2242.9,1407.6,3580.8,1237.0,,,915.2,1558.0,639.8,1351.6,1300.0,,,271.4,1207.7,547.2,512.8,1091.4,,,1607.1,2915.8,2061.6,1133.9,3580.8,,,1686.8,1397.9,2267.8,1457.9,4437.0,,,,,,,,,,,,,,,,,314.4,519.3,61.7,388.0,128.8,,,609.2,1300.0,591.6,1057.5,744.9,,,1166.3,1500.7,1079.9,2001.0,981.2,,,58.1,292.4,449.5,232.9,106.9,,,995.6,2267.8,2834.8,995.6,1962.5,,,86.9,169.9,235.1,71.1,412.3,,,,,,,,,,,,,,,,,1041.3,1582.2,386.5,1127.6,1500.7,,,833.0,1523.1,544.2,1267.7,1109.2,,,1872.5,2459.1,1790.4,3580.8,1838.7,,,154.6,244.7,986.0,211.5,791.1,,,2171.3,2319.3,3711.0,1068.6,3346.0,,,2148.4,2082.7,1838.7,2061.6,4342.6,,,,,,,,,,,,,,,,,10.2,17.3,25.7,3.5,19.7,,,42.4,326.5,151.4,81.1,249.8,,,47.0,245.6,412.3,210.4,114.4,,,69.4,163.4,598.5,143.1,510.2,,,15.3,55.5,182.0,106.3,153.3,,,80.3,345.9,171.5,532.9,268.2,,,,,,,,,,,,,,,,,1222.1,1479.0,2194.6,189.5,2293.3,,,1774.8,3239.7,2429.8,1179.8,3779.7,,,2126.1,3851.0,4535.7,1889.8,3925.1,,,3711.0,3046.3,6584.0,1582.2,5371.2,,,133.5,493.0,976.5,744.9,879.7,,,3239.7,5516.3,4978.2,5669.6,2319.3,,,,,,,,,,,,,,,,,456.6,292.4,857.5,227.2,891.2,,,643.8,479.1,875.9,479.1,1437.3,,,150.1,175.1,252.9,116.2,611.0,,,1686.8,1283.6,806.7,1091.4,3239.7,,,147.0,422.5,261.3,816.4,398.6,,,2650.7,2834.8,2915.8,4002.0,1925.5,,,,,,,,,,,,,,,,,,,,,,,,,,,,,,,,,,,,,,,,,,,,,,,,,,,,,,,,,,,,,,,,,,,,,,,,,,,,,,,,,,,,,,,,,,,,,,,,,,,,,,,,,,,,,,,,,,,,,,,,,,,,,,,,
20260921_松山_8R,20260921,75,松山,8,2781.2,2185.2,3059.3,3599.2,0.0,,,1542.5,225.5,1292.6,1517.0,0.0,,,1240.2,223.3,1330.1,1401.2,0.0,,,3399.2,2266.1,2781.2,3463.4,0.0,,,2622.3,2415.2,2085.9,3220.3,0.0,,,0.0,0.0,0.0,0.0,0.0,,,,,,,,,,,,,,,,,2660.3,2480.5,2323.5,3337.4,0.0,,,1054.9,314.8,515.6,1434.0,0.0,,,971.2,452.1,927.0,1048.9,0.0,,,1445.3,665.0,662.6,830.5,0.0,,,3337.4,1555.6,1401.2,1542.5,0.0,,,0.0,0.0,0.0,0.0,0.0,,,,,,,,,,,,,,,,,256.7,41.5,142.6,219.5,0.0,,,159.3,58.3,62.5,197.3,0.0,,,1.8,13.1,6.6,19.6,0.0,,,154.3,57.5,46.4,122.4,0.0,,,163.7,263.3,75.7,183.3,0.0,,,0.0,0.0,0.0,0.0,0.0,,,,,,,,,,,,,,,,,432.9,90.2,393.9,404.3,0.0,,,517.0,217.4,428.8,674.8,0.0,,,9.4,35.4,25.7,42.8,0.0,,,333.1,369.3,135.8,554.5,0.0,,,543.0,679.8,214.6,646.3,0.0,,,0.0,0.0,0.0,0.0,0.0,,,,,,,,,,,,,,,,,2824.0,2062.4,1995.2,3111.2,0.0,,,1445.3,641.8,734.2,1147.2,0.0,,,865.8,586.4,204.8,1133.0,0.0,,,1169.1,845.9,265.6,1184.2,0.0,,,2549.4,1568.9,777.8,752.3,0.0,,,0.0,0.0,0.0,0.0,0.0,,,,,,,,,,,,,,,,,2480.5,1817.4,1542.5,3164.8,0.0,,,1892.3,1274.7,1292.6,1133.0,0.0,,,725.5,768.0,223.0,746.1,0.0,,,815.8,922.4,295.1,956.0,0.0,,,1529.6,1147.2,648.6,731.3,0.0,,,0.0,0.0,0.0,0.0,0.0,,,,,,,,,,,,,,,,,0.0,0.0,0.0,0.0,0.0,,,0.0,0.0,0.0,0.0,0.0,,,0.0,0.0,0.0,0.0,0.0,,,0.0,0.0,0.0,0.0,0.0,,,0.0,0.0,0.0,0.0,0.0,,,0.0,0.0,0.0,0.0,0.0,,,,,,,,,,,,,,,,,,,,,,,,,,,,,,,,,,,,,,,,,,,,,,,,,,,,,,,,,,,,,,,,,,,,,,,,,,,,,,,,,,,,,,,,,,,,,,,,,,,,,,,,,,,,,,,,,,,,,,,,,,,,,,,,
20260921_松山_9R,20260921,75,松山,9,3435.1,1457.8,1717.5,1132.0,2429.7,,,5336.7,6641.2,6950.1,4669.6,8301.5,,,1390.0,3984.7,1322.3,656.8,1915.7,,,1867.8,3984.7,1063.5,1229.8,1229.8,,,703.1,2621.5,521.5,911.1,1277.1,,,2353.2,5747.2,3284.1,2429.7,2429.7,,,,,,,,,,,,,,,,,1867.8,679.2,764.3,545.3,1094.7,,,2819.4,2988.5,2410.1,2390.8,2316.7,,,572.5,1396.5,130.1,180.4,542.3,,,520.6,1030.5,121.5,202.4,190.8,,,277.2,1030.5,147.6,214.3,474.3,,,1009.6,878.9,730.7,358.3,720.1,,,,,,,,,,,,,,,,,5534.3,6641.2,6226.1,7471.4,7663.0,,,5065.3,5859.9,4093.9,4597.8,4150.7,,,3984.7,6792.2,3320.6,5065.3,5747.2,,,6099.1,4460.5,2554.3,5152.7,1346.2,,,3689.5,5065.3,5859.9,5747.2,6641.2,,,7471.4,4669.6,4597.8,1409.7,5638.8,,,,,,,,,,,,,,,,,224.1,1293.7,326.9,163.6,604.9,,,364.0,1059.7,186.9,229.5,381.6,,,2490.4,2410.1,992.8,2033.0,1678.9,,,91.1,55.5,223.0,20.3,21.9,,,37.4,68.7,417.9,23.6,71.2,,,408.8,241.2,295.8,69.5,130.6,,,,,,,,,,,,,,,,,360.5,1261.0,319.2,324.4,381.6,,,215.4,350.7,55.0,143.6,53.2,,,1633.0,871.3,711.5,1310.7,290.4,,,47.4,22.0,144.6,10.5,10.4,,,72.3,76.8,339.2,18.4,50.1,,,93.1,27.5,15.0,12.4,29.1,,,,,,,,,,,,,,,,,58.0,559.6,56.7,112.4,216.8,,,130.9,925.2,165.0,265.6,393.7,,,1581.2,2692.4,1606.7,2165.6,2598.7,,,38.1,67.7,482.0,39.0,112.5,,,136.6,177.3,625.2,53.1,103.8,,,427.5,517.0,799.0,272.9,233.4,,,,,,,,,,,,,,,,,1778.9,3515.9,1953.3,863.7,1844.7,,,1016.5,818.7,931.0,354.5,989.5,,,2819.4,1067.3,1979.1,469.1,2165.6,,,957.8,646.8,868.7,155.4,420.9,,,438.2,183.0,142.9,105.8,175.9,,,960.9,905.6,1450.7,517.0,279.5,,,,,,,,,,,,,,,,,,,,,,,,,,,,,,,,,,,,,,,,,,,,,,,,,,,,,,,,,,,,,,,,,,,,,,,,,,,,,,,,,,,,,,,,,,,,,,,,,,,,,,,,,,,,,,,,,,,,,,,,,,,,,,,,
20260921_松山_10R,20260921,75,松山,10,419.7,157.2,379.7,93.6,405.3,,,396.1,91.9,175.8,51.8,209.4,,,103.8,63.9,53.4,8.4,43.5,,,317.1,163.4,70.3,31.4,146.8,,,17.3,17.9,4.2,11.0,8.1,,,293.2,245.5,68.6,164.4,38.9,,,,,,,,,,,,,,,,,5422.3,2544.3,4186.8,1858.2,5512.7,,,8939.5,9999.9,9999.9,8067.4,9999.9,,,3595.2,8704.3,5906.4,4658.6,9187.8,,,7037.5,9999.9,8939.5,7190.5,9450.3,,,2345.8,6890.9,5250.2,6615.2,7692.1,,,8481.1,9999.9,9999.9,8939.5,9999.9,,,,,,,,,,,,,,,,,4083.5,1113.6,2219.8,680.5,2625.1,,,7350.3,8481.1,8939.5,7875.3,8067.4,,,1740.8,9728.3,5422.3,4295.6,5606.1,,,3891.3,7692.1,7875.3,5168.1,7692.1,,,1066.9,5512.7,3801.8,4410.1,4864.1,,,5702.8,9999.9,7350.3,8704.3,8269.0,,,,,,,,,,,,,,,,,461.3,240.0,194.9,44.5,225.3,,,1312.5,5512.7,4936.7,2080.2,5334.8,,,1050.0,5011.5,3274.8,1797.6,3595.2,,,789.4,3716.4,2953.2,1017.7,1355.5,,,75.9,978.5,706.7,614.8,404.8,,,591.7,4469.7,2711.1,1361.1,735.0,,,,,,,,,,,,,,,,,2067.2,1389.7,798.9,350.0,1225.0,,,4469.7,8481.1,5906.4,6615.2,8269.0,,,2667.4,7190.5,5802.8,4469.7,8269.0,,,1056.7,4936.7,4083.5,1350.0,2296.9,,,397.5,3758.6,2779.5,1444.3,1868.7,,,2803.0,5422.3,7350.3,6360.8,3675.1,,,,,,,,,,,,,,,,,54.1,40.1,13.2,26.6,22.7,,,364.2,1687.5,683.3,2161.8,1992.5,,,228.4,1740.8,450.6,1098.8,969.9,,,49.3,387.3,250.5,234.5,178.5,,,112.4,1366.7,422.4,340.2,463.2,,,114.8,1077.4,605.7,260.6,487.1,,,,,,,,,,,,,,,,,2851.4,1787.9,648.5,1621.3,374.1,,,5250.2,9999.9,9999.9,6750.2,6485.5,,,1923.0,9999.9,2234.8,8939.5,6125.2,,,822.7,6615.2,4936.7,2646.1,1008.4,,,3985.1,3675.1,6360.8,3062.6,4593.9,,,479.3,4083.5,3481.7,1060.1,2468.3,,,,,,,,,,,,,,,,,,,,,,,,,,,,,,,,,,,,,,,,,,,,,,,,,,,,,,,,,,,,,,,,,,,,,,,,,,,,,,,,,,,,,,,,,,,,,,,,,,,,,,,,,,,,,,,,,,,,,,,,,,,,,,,,
20260921_松山_11R,20260921,75,松山,11,172.6,24.6,181.9,250.5,102.5,,,240.1,151.2,236.9,793.1,85.7,,,10.7,81.0,45.9,81.0,27.8,,,97.9,101.5,36.1,219.8,19.8,,,331.6,616.5,95.7,325.6,280.4,,,86.0,40.3,44.6,41.1,281.1,,,,,,,,,,,,,,,,,396.5,49.2,355.3,443.0,250.2,,,1046.7,908.6,2097.6,2532.9,1137.6,,,32.4,183.9,216.0,175.1,95.9,,,740.6,1683.3,586.2,1952.6,836.4,,,690.2,2034.0,361.8,1248.8,1487.4,,,608.1,803.8,396.0,638.5,1672.8,,,,,,,,,,,,,,,,,789.6,741.6,724.6,2218.9,413.3,,,1309.7,1380.4,2497.6,2497.6,1322.6,,,1054.9,974.5,1693.9,2767.9,797.8,,,886.1,2509.2,1534.2,2841.1,486.4,,,3033.8,4068.0,3314.7,3177.4,3122.0,,,394.8,826.1,569.4,387.7,1910.9,,,,,,,,,,,,,,,,,16.5,145.8,87.1,79.2,58.6,,,14.0,85.4,73.8,57.9,35.1,,,342.4,289.7,849.6,1212.1,381.6,,,132.1,102.8,395.1,304.0,111.6,,,106.3,71.6,546.8,252.1,200.3,,,113.5,99.8,207.4,156.6,365.0,,,,,,,,,,,,,,,,,224.7,258.4,110.1,326.4,66.2,,,432.7,867.5,311.1,1352.6,346.6,,,551.3,1188.0,628.0,1904.2,173.9,,,141.4,116.3,351.4,309.1,99.8,,,476.4,947.0,1195.9,392.5,467.7,,,69.8,166.0,37.0,75.2,325.4,,,,,,,,,,,,,,,,,651.6,1123.4,333.1,559.3,654.0,,,837.7,1838.9,429.9,1459.2,1402.0,,,1820.2,2871.5,2147.9,2645.2,2114.1,,,235.8,171.9,867.5,368.8,376.5,,,564.0,1225.9,1672.8,558.1,611.6,,,719.8,1312.9,902.4,737.6,701.0,,,,,,,,,,,,,,,,,236.2,95.7,112.0,73.0,489.5,,,446.0,647.7,428.2,579.8,1512.6,,,136.5,466.9,226.8,129.0,811.1,,,176.5,274.6,268.7,205.1,685.8,,,64.4,249.5,56.5,98.8,353.0,,,738.6,1699.3,930.6,937.1,581.7,,,,,,,,,,,,,,,,,,,,,,,,,,,,,,,,,,,,,,,,,,,,,,,,,,,,,,,,,,,,,,,,,,,,,,,,,,,,,,,,,,,,,,,,,,,,,,,,,,,,,,,,,,,,,,,,,,,,,,,,,,,,,,,,
20260921_佐世保_1R,20260921,85,佐世保,1,2.4,8.8,13.6,80.6,194.9,,,5.2,20.9,31.8,159.4,371.8,,,21.6,33.5,121.5,434.8,924.5,,,31.7,51.9,136.6,408.8,578.1,,,327.8,631.5,844.6,1115.4,2665.5,,,912.2,1800.4,2533.9,1603.4,2736.6,,,,,,,,,,,,,,,,,14.9,33.5,60.8,223.5,412.1,,,42.8,113.2,225.2,679.6,1936.2,,,103.3,219.0,666.3,1332.7,3018.3,,,337.0,639.3,1172.8,2503.0,3947.0,,,1016.0,2503.0,2230.9,3600.8,9329.4,,,2160.4,5401.2,4886.8,6219.6,8209.8,,,,,,,,,,,,,,,,,37.9,165.3,240.0,635.4,1341.4,,,50.1,257.2,454.0,1121.5,1954.7,,,526.2,668.5,1578.8,2773.6,6036.6,,,884.6,1396.2,2890.8,5701.3,8209.8,,,1784.7,3109.8,4461.8,5864.2,8551.9,,,3600.8,9999.9,9999.9,8551.9,8551.9,,,,,,,,,,,,,,,,,329.4,662.0,1259.1,2280.5,4664.7,,,427.5,844.6,3420.7,6036.6,7077.4,,,924.5,1166.1,6036.6,6841.5,9329.4,,,2811.6,3665.1,7330.2,9329.4,9999.9,,,5547.2,8923.7,9999.9,9329.4,5701.3,,,9329.4,9999.9,9999.9,9999.9,9999.9,,,,,,,,,,,,,,,,,789.4,1476.5,1954.7,4024.4,5547.2,,,1097.5,3665.1,4275.9,9999.9,9999.9,,,2386.5,4275.9,9999.9,9999.9,9999.9,,,3538.7,6219.6,9999.9,9999.9,9999.9,,,7894.1,9999.9,9999.9,9999.9,9999.9,,,9999.9,9999.9,9999.9,9999.9,9999.9,,,,,,,,,,,,,,,,,1900.4,3257.8,4366.9,6413.9,9999.9,,,1900.4,5006.0,7330.2,9999.9,9999.9,,,3310.4,6219.6,9329.4,9999.9,9999.9,,,7077.4,9999.9,9999.9,9999.9,6620.8,,,6219.6,9999.9,9999.9,9999.9,9999.9,,,9999.9,9999.9,9999.9,9999.9,9999.9,,,,,,,,,,,,,,,,,3800.8,7330.2,5701.3,8209.8,9999.9,,,3731.7,8551.9,9999.9,9999.9,9999.9,,,9773.6,9999.9,9999.9,9999.9,9999.9,,,8551.9,9999.9,9999.9,9999.9,9999.9,,,9999.9,9999.9,9999.9,9999.9,9999.9,,,9999.9,9999.9,9999.9,9999.9,9999.9,,,,,,,,,,,,,,,,,,,,,,,,,,,,,,,,,,,,,,,,,,,,,,,,,,,,,,,,,,,,,,,,,,,,,,,,,,,,,,,,,,,,,,,,,,,,,,,,,,,,,,,,,,,,,,,,,,,,,,,,,,,,,,,,
20260921_佐世保_2R,20260921,85,佐世保,2,6.5,7.8,41.0,54.7,284.3,,,6.3,5.7,24.2,47.9,219.9,,,8.1,6.4,29.1,55.8,209.1,,,92.2,64.4,69.9,324.1,769.0,,,125.3,123.4,114.7,343.1,1016.9,,,633.6,868.9,703.4,1287.5,1369.2,,,,,,,,,,,,,,,,,103.2,98.9,344.8,457.8,954.7,,,268.0,492.4,1613.1,2094.6,5503.6,,,247.9,472.5,1281.6,1517.2,3508.5,,,1155.0,2440.7,2227.6,3341.5,5103.3,,,1533.8,2864.1,2282.0,3552.9,8505.6,,,3742.4,8019.6,8019.6,9999.9,9999.9,,,,,,,,,,,,,,,,,90.3,73.1,282.6,405.0,1016.9,,,227.4,383.9,1236.5,1159.8,3552.9,,,171.7,366.9,1035.7,1055.2,2647.9,,,1293.4,3341.5,2419.7,3598.5,6379.2,,,1330.2,2300.7,2033.9,2698.9,4189.3,,,3953.3,9999.9,9054.4,7586.1,8771.4,,,,,,,,,,,,,,,,,53.5,41.0,220.3,295.4,652.7,,,192.6,342.3,1174.4,1461.9,3226.2,,,153.9,336.9,1204.6,1559.3,2725.1,,,1342.9,2575.1,2506.1,7586.1,7017.1,,,1846.6,3018.1,3263.7,5295.9,6237.4,,,2923.8,6237.4,6379.2,9999.9,8505.6,,,,,,,,,,,,,,,,,1469.5,1622.4,1323.9,3793.0,5613.7,,,2159.1,7197.0,6101.8,9999.9,9678.8,,,2623.2,9999.9,7197.0,9999.9,9999.9,,,2698.9,7386.4,6846.0,9999.9,9999.9,,,7197.0,9999.9,9999.9,9999.9,4839.4,,,9999.9,9999.9,9999.9,9999.9,9356.2,,,,,,,,,,,,,,,,,1680.7,1631.8,2175.8,3898.4,8255.4,,,2647.9,4385.7,4385.7,6683.0,9999.9,,,2623.2,4601.4,3953.3,6683.0,9999.9,,,4527.2,6527.5,8019.6,9999.9,9999.9,,,4252.8,6101.8,6683.0,6683.0,4455.3,,,9999.9,9999.9,9999.9,9999.9,8505.6,,,,,,,,,,,,,,,,,3953.3,8019.6,5613.7,9999.9,9356.2,,,4678.1,9999.9,7586.1,9999.9,9999.9,,,9054.4,9999.9,9999.9,9999.9,9999.9,,,8019.6,9999.9,9999.9,9999.9,9999.9,,,9999.9,9999.9,9999.9,9999.9,9999.9,,,9999.9,9999.9,9999.9,9999.9,5103.3,,,,,,,,,,,,,,,,,,,,,,,,,,,,,,,,,,,,,,,,,,,,,,,,,,,,,,,,,,,,,,,,,,,,,,,,,,,,,,,,,,,,,,,,,,,,,,,,,,,,,,,,,,,,,,,,,,,,,,,,,,,,,,,,
20260921_佐世保_3R,20260921,85,佐世保,3,213.4,130.4,250.3,459.7,725.1,,,80.8,48.0,48.4,62.3,82.3,,,49.0,59.9,47.7,189.5,278.8,,,133.0,53.5,75.2,255.2,270.1,,,533.0,157.5,327.7,429.4,414.6,,,800.8,230.3,555.8,662.6,455.4,,,,,,,,,,,,,,,,,386.2,205.8,345.1,754.3,1130.2,,,606.7,493.3,901.1,1173.3,1681.2,,,92.9,138.4,53.7,185.4,203.8,,,325.8,457.9,87.2,661.3,993.9,,,868.7,1111.6,494.7,973.8,1165.3,,,1942.1,2413.8,1033.4,1909.2,1760.0,,,,,,,,,,,,,,,,,219.2,135.7,194.4,185.7,308.9,,,539.8,545.9,1130.2,669.1,1724.1,,,253.3,362.2,367.7,722.0,1202.6,,,362.2,838.5,455.4,579.6,1557.3,,,330.0,596.0,802.7,606.7,842.7,,,800.8,1920.1,1724.1,2180.2,1256.2,,,,,,,,,,,,,,,,,28.7,58.0,32.7,162.2,252.9,,,19.5,41.5,11.8,58.8,85.2,,,124.1,115.4,132.2,304.9,542.4,,,17.2,6.9,47.8,58.9,89.6,,,262.9,133.6,345.5,162.2,355.7,,,546.8,257.9,670.5,287.8,480.0,,,,,,,,,,,,,,,,,130.4,53.3,72.7,242.4,242.4,,,261.7,545.0,100.1,658.7,859.8,,,207.0,593.9,377.1,455.4,644.9,,,43.5,16.8,84.6,112.3,165.0,,,366.9,486.2,397.5,278.1,380.9,,,544.1,686.8,647.3,435.4,449.3,,,,,,,,,,,,,,,,,499.1,146.0,387.9,154.4,212.0,,,768.0,524.7,464.2,822.2,936.1,,,335.2,522.3,691.0,512.0,853.3,,,373.4,276.9,484.8,325.2,540.7,,,152.5,522.3,194.3,360.2,184.8,,,320.3,638.8,479.3,436.0,296.4,,,,,,,,,,,,,,,,,1211.2,606.7,960.0,1072.8,853.3,,,1419.9,1797.5,1119.0,1640.4,1379.3,,,1024.0,1373.7,1550.1,1976.2,1215.6,,,737.8,535.5,1056.0,641.2,704.0,,,717.4,1072.8,1036.6,693.9,653.6,,,483.4,759.4,679.9,565.1,448.7,,,,,,,,,,,,,,,,,,,,,,,,,,,,,,,,,,,,,,,,,,,,,,,,,,,,,,,,,,,,,,,,,,,,,,,,,,,,,,,,,,,,,,,,,,,,,,,,,,,,,,,,,,,,,,,,,,,,,,,,,,,,,,,,
20260921_佐世保_4R,20260921,85,佐世保,4,34.0,28.5,105.5,104.1,263.5,,,15.6,24.6,18.1,5.5,228.3,,,82.5,111.2,226.4,262.7,304.0,,,187.2,67.0,272.0,188.1,804.9,,,201.7,44.4,275.3,156.3,1019.3,,,1207.3,1155.2,1173.6,1636.6,2166.1,,,,,,,,,,,,,,,,,118.8,106.3,314.4,353.6,732.8,,,133.8,251.1,451.1,346.5,1339.0,,,151.4,193.1,419.0,399.7,266.1,,,779.3,751.5,920.6,1437.0,2888.1,,,654.6,657.5,988.5,1258.9,2975.7,,,2454.9,4463.5,1345.1,4676.1,5168.3,,,,,,,,,,,,,,,,,17.0,27.9,15.5,4.7,265.8,,,50.6,105.6,256.8,126.4,1169.0,,,130.0,194.9,404.1,222.3,950.3,,,78.1,330.6,342.9,145.7,1253.5,,,12.7,89.8,101.9,65.6,804.9,,,1091.0,4676.1,3465.8,2805.6,2702.7,,,,,,,,,,,,,,,,,359.2,458.1,856.3,1232.6,1015.8,,,267.0,323.7,691.5,813.7,335.9,,,503.5,574.2,1164.4,827.5,1963.9,,,1416.3,1430.0,1645.7,2832.6,2702.7,,,1743.1,1664.3,1327.0,2702.7,3202.1,,,2104.2,1040.9,2434.6,2395.0,3682.4,,,,,,,,,,,,,,,,,624.1,285.4,767.1,779.3,1977.1,,,1048.3,1232.6,1309.3,2089.3,3981.0,,,260.4,816.0,1008.8,538.5,2607.0,,,1518.5,1764.0,1702.8,2805.6,3729.0,,,876.7,2060.1,654.6,2338.0,3386.1,,,4603.0,6137.4,5079.2,5260.6,5558.4,,,,,,,,,,,,,,,,,469.1,91.6,666.5,349.4,2017.7,,,691.5,633.5,1083.0,1327.0,2975.7,,,36.2,283.2,262.7,163.0,1292.0,,,1396.1,1389.6,898.1,2104.2,3981.0,,,404.1,1253.5,331.3,1286.4,2561.7,,,4091.6,4909.9,3133.9,4396.9,4149.2,,,,,,,,,,,,,,,,,5558.4,4091.6,3927.9,5891.9,6851.0,,,5776.3,6851.0,2031.6,7752.5,9503.0,,,3825.9,9999.9,8183.2,7364.8,7364.8,,,4603.0,1990.5,7752.5,6404.2,9206.1,,,5168.3,7364.8,5776.3,7014.1,6851.0,,,7553.7,6695.3,6137.4,9503.0,7962.0,,,,,,,,,,,,,,,,,,,,,,,,,,,,,,,,,,,,,,,,,,,,,,,,,,,,,,,,,,,,,,,,,,,,,,,,,,,,,,,,,,,,,,,,,,,,,,,,,,,,,,,,,,,,,,,,,,,,,,,,,,,,,,,,
20260921_佐世保_5R,20260921,85,佐世保,5,55.7,17.8,107.8,41.3,87.5,,,111.9,94.6,99.2,354.2,392.1,,,14.2,35.4,64.4,74.9,17.8,,,228.0,101.0,176.9,626.5,797.5,,,115.4,400.7,273.1,642.3,618.3,,,245.4,516.7,120.1,880.5,701.0,,,,,,,,,,,,,,,,,38.6,12.5,69.1,33.0,92.4,,,66.9,93.7,51.3,71.9,287.1,,,15.8,64.2,137.2,36.2,58.3,,,124.8,57.0,190.6,144.2,446.8,,,23.4,42.7,22.8,73.0,83.6,,,330.5,594.9,324.0,859.8,446.8,,,,,,,,,,,,,,,,,173.9,184.4,191.1,559.6,638.6,,,181.0,300.1,193.3,321.8,811.2,,,236.5,395.9,350.5,719.3,641.1,,,127.5,116.1,138.7,259.9,316.5,,,825.4,583.3,959.8,745.3,1897.6,,,1310.2,1667.6,1279.8,1399.1,2464.1,,,,,,,,,,,,,,,,,31.7,63.0,99.2,142.7,33.0,,,59.0,237.7,405.6,205.9,247.5,,,195.7,437.9,449.2,909.6,690.7,,,339.7,671.1,555.8,1123.1,957.0,,,416.3,390.2,868.9,1461.0,844.4,,,133.6,421.7,528.3,737.0,660.3,,,,,,,,,,,,,,,,,333.5,208.8,248.0,914.6,971.1,,,332.5,205.7,464.4,366.8,1058.3,,,120.4,131.6,119.5,242.9,256.5,,,324.9,574.2,340.0,1003.6,541.3,,,1265.1,537.7,728.9,1500.8,1897.6,,,2001.1,2116.6,1364.4,1693.3,2822.1,,,,,,,,,,,,,,,,,211.3,1054.9,782.4,2013.3,1876.0,,,180.9,338.6,255.3,518.3,626.5,,,1474.0,717.8,1595.1,1579.8,3269.2,,,848.8,514.3,1347.7,2751.6,1342.2,,,2158.1,586.4,1429.4,2559.6,3930.8,,,3144.7,1953.8,3668.8,2599.9,4855.7,,,,,,,,,,,,,,,,,924.9,1550.2,323.4,2641.5,2144.1,,,932.7,927.5,1187.7,2539.9,1784.8,,,2116.6,2231.0,1942.3,2427.8,4233.2,,,313.5,1025.4,1279.8,1942.3,1684.6,,,3550.4,3404.0,2684.5,2974.7,5002.9,,,2871.2,2375.4,3930.8,2751.6,4179.6,,,,,,,,,,,,,,,,,,,,,,,,,,,,,,,,,,,,,,,,,,,,,,,,,,,,,,,,,,,,,,,,,,,,,,,,,,,,,,,,,,,,,,,,,,,,,,,,,,,,,,,,,,,,,,,,,,,,,,,,,,,,,,,,
20260921_佐世保_6R,20260921,85,佐世保,6,99.4,77.7,35.5,26.0,209.8,,,228.2,230.8,282.1,382.9,1245.6,,,148.0,166.0,205.1,310.1,920.7,,,40.8,122.1,119.7,66.8,271.0,,,54.2,267.8,268.0,169.8,305.2,,,723.4,1824.1,1896.0,1291.5,918.5,,,,,,,,,,,,,,,,,71.3,53.3,23.1,13.2,120.4,,,157.2,130.2,305.7,108.6,577.0,,,102.2,64.9,267.2,59.7,177.0,,,89.9,261.2,330.3,106.1,570.2,,,9.1,29.1,22.9,36.3,7.2,,,340.9,630.9,629.9,774.4,93.1,,,,,,,,,,,,,,,,,499.2,451.2,726.2,838.5,2346.9,,,449.6,316.5,775.9,384.1,1630.8,,,174.4,184.4,308.6,242.2,672.8,,,1274.4,1503.4,1180.6,1850.4,4373.7,,,1029.1,534.5,662.4,1551.9,1859.3,,,4528.1,3665.6,3234.3,5064.3,4051.4,,,,,,,,,,,,,,,,,102.3,108.7,207.4,313.9,905.6,,,87.3,64.2,165.1,111.4,572.7,,,49.7,37.9,98.4,88.5,298.3,,,518.7,684.8,564.3,866.8,1896.0,,,407.2,173.5,261.8,667.0,467.1,,,2224.8,1924.4,1914.8,3406.1,1859.3,,,,,,,,,,,,,,,,,158.0,306.1,304.5,242.9,583.1,,,252.8,957.4,948.0,419.2,1527.3,,,763.6,1399.6,1253.7,1757.4,4009.2,,,801.8,1295.9,1221.8,1896.0,4276.5,,,642.5,618.7,1637.8,1757.4,1394.5,,,2729.7,3927.4,5201.2,4934.5,3207.4,,,,,,,,,,,,,,,,,57.8,431.9,374.0,305.7,430.0,,,26.7,67.7,61.7,83.7,22.0,,,779.1,242.8,547.4,1177.0,1233.6,,,571.9,149.2,443.4,1057.3,482.9,,,560.2,266.5,1202.7,1270.2,1166.3,,,692.2,158.5,979.3,899.2,1125.4,,,,,,,,,,,,,,,,,2346.9,6636.0,4276.5,4934.5,3234.3,,,1953.7,3234.3,3207.4,3967.9,418.3,,,7262.1,5345.7,5064.3,8018.5,4998.5,,,5064.3,3376.2,4528.1,6873.0,4528.1,,,5201.2,5272.4,6752.4,7127.6,4637.2,,,2467.2,457.6,3234.3,3376.2,3289.6,,,,,,,,,,,,,,,,,,,,,,,,,,,,,,,,,,,,,,,,,,,,,,,,,,,,,,,,,,,,,,,,,,,,,,,,,,,,,,,,,,,,,,,,,,,,,,,,,,,,,,,,,,,,,,,,,,,,,,,,,,,,,,,,
20260921_佐世保_7R,20260921,85,佐世保,7,15.8,14.2,37.7,24.4,105.3,,,131.5,410.1,663.8,289.2,1212.5,,,137.3,418.4,406.2,564.3,499.5,,,199.3,700.6,466.2,896.2,1201.4,,,100.5,253.8,454.3,894.1,1141.8,,,605.3,1592.1,1271.6,1408.8,2345.2,,,,,,,,,,,,,,,,,11.3,6.2,20.9,9.8,39.2,,,88.6,136.9,196.6,81.9,470.1,,,45.5,64.8,49.8,53.6,47.4,,,102.2,226.5,50.2,187.7,230.6,,,51.2,50.8,57.8,193.0,253.9,,,301.7,611.9,195.6,428.9,537.9,,,,,,,,,,,,,,,,,277.1,627.6,1022.6,316.1,1929.3,,,238.5,470.7,411.8,223.5,1625.1,,,888.1,819.3,1073.0,490.7,1284.1,,,1748.4,868.4,1355.2,1027.9,3466.0,,,88.8,114.2,83.9,360.3,358.0,,,2797.5,3626.4,2432.6,3291.2,1529.9,,,,,,,,,,,,,,,,,229.5,624.6,384.7,864.5,581.9,,,174.6,338.5,190.9,363.9,255.8,,,884.1,701.8,670.6,732.0,874.2,,,184.1,150.9,281.5,291.8,69.4,,,1017.2,648.4,503.4,594.3,495.1,,,497.0,474.1,614.8,146.9,522.2,,,,,,,,,,,,,,,,,382.4,1327.6,543.9,1518.0,1579.2,,,312.0,542.4,192.0,470.1,469.0,,,1733.0,939.2,1145.1,1419.0,3236.8,,,333.3,188.7,454.8,417.5,92.7,,,1821.6,1263.4,1033.3,774.0,2008.5,,,2072.2,1638.7,2611.0,450.6,2029.3,,,,,,,,,,,,,,,,,106.6,165.7,345.9,917.2,1119.0,,,86.4,107.6,177.7,506.0,696.9,,,51.6,61.0,47.0,200.1,195.7,,,481.7,395.2,235.6,568.4,367.0,,,1393.8,941.4,592.5,569.2,2083.2,,,2611.0,2417.6,1172.6,1145.1,2682.5,,,,,,,,,,,,,,,,,1830.1,5516.3,2664.3,5222.1,4957.6,,,1350.5,2858.8,1725.3,3133.2,2719.8,,,5676.2,7389.7,4166.5,6317.0,4718.7,,,1466.8,1332.1,1838.7,500.2,1494.8,,,3802.5,2944.7,3660.3,756.0,3593.1,,,4957.6,5365.1,3802.5,3236.8,4718.7,,,,,,,,,,,,,,,,,,,,,,,,,,,,,,,,,,,,,,,,,,,,,,,,,,,,,,,,,,,,,,,,,,,,,,,,,,,,,,,,,,,,,,,,,,,,,,,,,,,,,,,,,,,,,,,,,,,,,,,,,,,,,,,,
20260921_佐世保_8R,20260921,85,佐世保,8,43.1,144.5,68.5,136.7,309.1,,,42.7,156.5,50.0,94.3,302.8,,,178.0,304.7,119.2,78.8,337.0,,,21.0,19.3,43.0,33.1,27.4,,,156.6,119.3,63.8,83.4,529.9,,,619.4,833.2,918.9,291.7,1033.3,,,,,,,,,,,,,,,,,47.2,123.5,108.3,101.8,509.4,,,29.6,68.8,58.7,53.3,367.1,,,546.5,341.4,736.0,429.0,1632.0,,,237.2,196.5,532.3,388.8,624.3,,,199.4,120.2,286.6,224.9,733.7,,,1806.4,1367.8,2439.5,1752.8,2390.3,,,,,,,,,,,,,,,,,53.5,169.1,55.3,92.4,354.7,,,21.6,54.4,30.5,41.7,197.2,,,280.8,172.6,341.2,178.1,928.0,,,79.9,95.5,257.7,144.1,234.5,,,109.9,100.2,121.8,138.7,551.6,,,958.0,774.5,1512.0,827.4,1192.1,,,,,,,,,,,,,,,,,428.3,573.6,356.6,234.9,1177.3,,,687.9,497.1,922.5,398.7,2084.9,,,621.9,416.2,734.9,327.5,2629.3,,,565.4,840.6,922.5,417.3,1322.0,,,113.9,149.8,171.2,188.8,588.6,,,2629.3,2558.2,3480.0,2767.7,2181.0,,,,,,,,,,,,,,,,,48.3,51.9,79.3,74.6,35.0,,,149.5,237.8,570.2,370.6,479.0,,,104.6,167.4,445.6,245.8,371.7,,,329.1,694.9,768.3,425.2,849.6,,,148.2,336.8,320.4,308.9,524.1,,,155.4,410.4,529.3,668.4,716.0,,,,,,,,,,,,,,,,,144.6,87.2,58.0,88.0,574.3,,,146.1,106.0,118.0,181.7,552.2,,,99.9,110.0,81.7,171.7,682.9,,,41.9,71.2,60.6,92.1,407.6,,,107.1,275.0,217.4,170.0,400.0,,,1512.0,1900.7,1878.0,1456.2,1262.0,,,,,,,,,,,,,,,,,2465.0,2171.0,2817.1,810.4,2958.0,,,2921.4,2976.6,3356.5,2586.2,4342.0,,,2558.2,3197.8,3911.4,1916.1,3558.4,,,3911.4,3668.8,4342.0,4010.8,3816.7,,,698.0,1684.2,1336.9,2586.2,2465.0,,,2286.3,3977.1,2427.0,2544.5,2161.0,,,,,,,,,,,,,,,,,,,,,,,,,,,,,,,,,,,,,,,,,,,,,,,,,,,,,,,,,,,,,,,,,,,,,,,,,,,,,,,,,,,,,,,,,,,,,,,,,,,,,,,,,,,,,,,,,,,,,,,,,,,,,,,,
20260921_佐世保_9R,20260921,85,佐世保,9,14.3,11.1,58.4,35.5,25.5,,,5.2,19.0,5.9,27.1,95.1,,,18.6,41.5,165.0,92.0,160.6,,,163.2,60.2,220.0,207.5,369.7,,,95.8,79.5,121.2,160.9,221.4,,,274.3,572.6,612.2,919.7,444.2,,,,,,,,,,,,,,,,,86.7,73.4,236.9,156.0,111.2,,,201.5,421.8,655.0,709.0,827.6,,,74.4,168.2,363.9,200.1,69.7,,,1135.9,1492.1,1864.0,2267.7,2574.5,,,560.8,951.7,589.2,1716.3,866.4,,,341.2,491.5,216.9,732.1,414.0,,,,,,,,,,,,,,,,,23.5,75.1,15.1,55.7,207.1,,,174.7,578.4,507.0,790.1,762.3,,,409.2,709.8,1098.2,1434.1,3221.4,,,162.5,552.9,934.7,712.2,1594.3,,,334.3,1003.4,1648.7,934.7,2767.3,,,2046.1,3156.6,5926.2,4052.7,5149.0,,,,,,,,,,,,,,,,,79.7,163.8,623.1,275.6,608.6,,,67.2,139.9,516.1,217.1,65.2,,,424.7,546.2,1090.5,1842.1,2563.9,,,1506.4,2211.8,2046.1,2628.3,3470.5,,,431.7,806.3,1675.1,2292.6,2143.9,,,1578.3,892.2,2791.9,3950.8,2767.3,,,,,,,,,,,,,,,,,1174.1,499.3,1566.5,1444.0,3005.6,,,1858.5,2606.5,4052.7,4215.9,5234.8,,,511.1,1926.9,3306.2,2731.2,4985.5,,,2779.5,4392.8,4392.8,5278.8,7852.2,,,2453.8,4653.1,3470.5,5710.7,6543.5,,,6158.6,9237.9,8265.5,9999.9,7951.6,,,,,,,,,,,,,,,,,391.1,256.8,295.7,633.2,905.1,,,545.2,767.0,666.8,1440.7,823.3,,,340.6,868.8,1231.7,964.9,2006.9,,,392.3,750.5,1474.5,2066.3,2143.9,,,1231.7,2151.2,1666.2,2696.0,1880.7,,,2370.4,2151.2,3432.6,3156.6,2335.2,,,,,,,,,,,,,,,,,2073.1,3489.8,3589.5,5608.7,3529.0,,,1764.5,4160.1,1721.0,6409.9,3926.1,,,4423.7,6543.5,8265.5,8847.5,9999.9,,,4215.9,2006.9,7951.6,9664.2,6476.0,,,6903.0,8488.8,7755.2,8158.1,9999.9,,,4392.8,4907.6,8265.5,7568.4,9237.9,,,,,,,,,,,,,,,,,,,,,,,,,,,,,,,,,,,,,,,,,,,,,,,,,,,,,,,,,,,,,,,,,,,,,,,,,,,,,,,,,,,,,,,,,,,,,,,,,,,,,,,,,,,,,,,,,,,,,,,,,,,,,,,,
